Method,Response,Time_s,Value
OpenSeesMatlab,Vertical displacement,0.005,-0.00120505
OpenSeesMatlab,Vertical displacement,0.105,-0.00120518
OpenSeesMatlab,Vertical displacement,0.205,-0.00120532
OpenSeesMatlab,Vertical displacement,0.305,-0.00120547
OpenSeesMatlab,Vertical displacement,0.405,-0.00120559
OpenSeesMatlab,Vertical displacement,0.505,-0.00120576
OpenSeesMatlab,Vertical displacement,0.605,-0.001206
OpenSeesMatlab,Vertical displacement,0.705,-0.00120628
OpenSeesMatlab,Vertical displacement,0.805,-0.00120718
OpenSeesMatlab,Vertical displacement,0.905,-0.00120865
OpenSeesMatlab,Vertical displacement,1.005,-0.00120971
OpenSeesMatlab,Vertical displacement,1.105,-0.00121133
OpenSeesMatlab,Vertical displacement,1.205,-0.00121747
OpenSeesMatlab,Vertical displacement,1.305,-0.00123013
OpenSeesMatlab,Vertical displacement,1.405,-0.0012512
OpenSeesMatlab,Vertical displacement,1.505,-0.00128866
OpenSeesMatlab,Vertical displacement,1.605,-0.00132688
OpenSeesMatlab,Vertical displacement,1.705,-0.00137071
OpenSeesMatlab,Vertical displacement,1.805,-0.00141303
OpenSeesMatlab,Vertical displacement,1.905,-0.00144952
OpenSeesMatlab,Vertical displacement,2.005,-0.00148344
OpenSeesMatlab,Vertical displacement,2.105,-0.0015207
OpenSeesMatlab,Vertical displacement,2.205,-0.00155854
OpenSeesMatlab,Vertical displacement,2.305,-0.00158977
OpenSeesMatlab,Vertical displacement,2.405,-0.00162075
OpenSeesMatlab,Vertical displacement,2.505,-0.00165287
OpenSeesMatlab,Vertical displacement,2.605,-0.00169017
OpenSeesMatlab,Vertical displacement,2.705,-0.00172766
OpenSeesMatlab,Vertical displacement,2.805,-0.00176809
OpenSeesMatlab,Vertical displacement,2.905,-0.00181224
OpenSeesMatlab,Vertical displacement,3.005,-0.00186069
OpenSeesMatlab,Vertical displacement,3.105,-0.00191126
OpenSeesMatlab,Vertical displacement,3.205,-0.00196602
OpenSeesMatlab,Vertical displacement,3.305,-0.00202413
OpenSeesMatlab,Vertical displacement,3.405,-0.00208131
OpenSeesMatlab,Vertical displacement,3.505,-0.00214344
OpenSeesMatlab,Vertical displacement,3.605,-0.00220054
OpenSeesMatlab,Vertical displacement,3.705,-0.00225717
OpenSeesMatlab,Vertical displacement,3.805,-0.00232721
OpenSeesMatlab,Vertical displacement,3.905,-0.00239747
OpenSeesMatlab,Vertical displacement,4.005,-0.00248965
OpenSeesMatlab,Vertical displacement,4.105,-0.00257257
OpenSeesMatlab,Vertical displacement,4.205,-0.00266825
OpenSeesMatlab,Vertical displacement,4.305,-0.00276378
OpenSeesMatlab,Vertical displacement,4.405,-0.00286358
OpenSeesMatlab,Vertical displacement,4.505,-0.00296008
OpenSeesMatlab,Vertical displacement,4.605,-0.0030364
OpenSeesMatlab,Vertical displacement,4.705,-0.00310562
OpenSeesMatlab,Vertical displacement,4.805,-0.00320193
OpenSeesMatlab,Vertical displacement,4.905,-0.0033028
OpenSeesMatlab,Vertical displacement,5.005,-0.00340145
OpenSeesMatlab,Vertical displacement,5.105,-0.00349629
OpenSeesMatlab,Vertical displacement,5.205,-0.00359608
OpenSeesMatlab,Vertical displacement,5.305,-0.00370399
OpenSeesMatlab,Vertical displacement,5.405,-0.00380823
OpenSeesMatlab,Vertical displacement,5.505,-0.00392536
OpenSeesMatlab,Vertical displacement,5.605,-0.00403797
OpenSeesMatlab,Vertical displacement,5.705,-0.00416561
OpenSeesMatlab,Vertical displacement,5.805,-0.00429999
OpenSeesMatlab,Vertical displacement,5.905,-0.00441162
OpenSeesMatlab,Vertical displacement,6.005,-0.00454182
OpenSeesMatlab,Vertical displacement,6.105,-0.00468272
OpenSeesMatlab,Vertical displacement,6.205,-0.00482383
OpenSeesMatlab,Vertical displacement,6.305,-0.00491221
OpenSeesMatlab,Vertical displacement,6.405,-0.00502811
OpenSeesMatlab,Vertical displacement,6.505,-0.00514797
OpenSeesMatlab,Vertical displacement,6.605,-0.00526019
OpenSeesMatlab,Vertical displacement,6.705,-0.00534486
OpenSeesMatlab,Vertical displacement,6.805,-0.0054562
OpenSeesMatlab,Vertical displacement,6.905,-0.00557073
OpenSeesMatlab,Vertical displacement,7.005,-0.00570087
OpenSeesMatlab,Vertical displacement,7.105,-0.00582702
OpenSeesMatlab,Vertical displacement,7.205,-0.00596613
OpenSeesMatlab,Vertical displacement,7.305,-0.00605942
OpenSeesMatlab,Vertical displacement,7.405,-0.00619587
OpenSeesMatlab,Vertical displacement,7.505,-0.00633294
OpenSeesMatlab,Vertical displacement,7.605,-0.0064701
OpenSeesMatlab,Vertical displacement,7.705,-0.00662247
OpenSeesMatlab,Vertical displacement,7.805,-0.00676546
OpenSeesMatlab,Vertical displacement,7.905,-0.00691108
OpenSeesMatlab,Vertical displacement,8.005,-0.007066
OpenSeesMatlab,Vertical displacement,8.105,-0.0072249
OpenSeesMatlab,Vertical displacement,8.205,-0.00738527
OpenSeesMatlab,Vertical displacement,8.305,-0.0075118
OpenSeesMatlab,Vertical displacement,8.405,-0.00764952
OpenSeesMatlab,Vertical displacement,8.505,-0.00780321
OpenSeesMatlab,Vertical displacement,8.605,-0.0079086
OpenSeesMatlab,Vertical displacement,8.705,-0.00805002
OpenSeesMatlab,Vertical displacement,8.805,-0.00819558
OpenSeesMatlab,Vertical displacement,8.905,-0.0083351
OpenSeesMatlab,Vertical displacement,9.005,-0.0084845
OpenSeesMatlab,Vertical displacement,9.105,-0.00860645
OpenSeesMatlab,Vertical displacement,9.205,-0.00875325
OpenSeesMatlab,Vertical displacement,9.305,-0.00890642
OpenSeesMatlab,Vertical displacement,9.405,-0.00906229
OpenSeesMatlab,Vertical displacement,9.505,-0.00921845
OpenSeesMatlab,Vertical displacement,9.605,-0.00936
OpenSeesMatlab,Vertical displacement,9.705,-0.00950206
OpenSeesMatlab,Vertical displacement,9.805,-0.00965458
OpenSeesMatlab,Vertical displacement,9.905,-0.00980381
OpenSeesMatlab,Vertical displacement,10.005,-0.00994148
OpenSeesMatlab,Vertical displacement,10.105,-0.0100886
OpenSeesMatlab,Vertical displacement,10.205,-0.0102353
OpenSeesMatlab,Vertical displacement,10.305,-0.0103852
OpenSeesMatlab,Vertical displacement,10.405,-0.0105205
OpenSeesMatlab,Vertical displacement,10.505,-0.0106707
OpenSeesMatlab,Vertical displacement,10.605,-0.0108104
OpenSeesMatlab,Vertical displacement,10.705,-0.0109464
OpenSeesMatlab,Vertical displacement,10.805,-0.0110648
OpenSeesMatlab,Vertical displacement,10.905,-0.0111877
OpenSeesMatlab,Vertical displacement,11.005,-0.011312
OpenSeesMatlab,Vertical displacement,11.105,-0.0114353
OpenSeesMatlab,Vertical displacement,11.205,-0.0115643
OpenSeesMatlab,Vertical displacement,11.305,-0.0116831
OpenSeesMatlab,Vertical displacement,11.405,-0.0117934
OpenSeesMatlab,Vertical displacement,11.505,-0.011901
OpenSeesMatlab,Vertical displacement,11.605,-0.0119926
OpenSeesMatlab,Vertical displacement,11.705,-0.0120772
OpenSeesMatlab,Vertical displacement,11.805,-0.0121545
OpenSeesMatlab,Vertical displacement,11.905,-0.0122238
OpenSeesMatlab,Vertical displacement,12.005,-0.0122891
OpenSeesMatlab,Vertical displacement,12.105,-0.0123566
OpenSeesMatlab,Vertical displacement,12.205,-0.0124231
OpenSeesMatlab,Vertical displacement,12.305,-0.0124906
OpenSeesMatlab,Vertical displacement,12.405,-0.0125656
OpenSeesMatlab,Vertical displacement,12.505,-0.0126318
OpenSeesMatlab,Vertical displacement,12.605,-0.012694
OpenSeesMatlab,Vertical displacement,12.705,-0.0127528
OpenSeesMatlab,Vertical displacement,12.805,-0.0128081
OpenSeesMatlab,Vertical displacement,12.905,-0.0128612
OpenSeesMatlab,Vertical displacement,13.005,-0.0129101
OpenSeesMatlab,Vertical displacement,13.105,-0.0129597
OpenSeesMatlab,Vertical displacement,13.205,-0.0130138
OpenSeesMatlab,Vertical displacement,13.305,-0.0130714
OpenSeesMatlab,Vertical displacement,13.405,-0.0131297
OpenSeesMatlab,Vertical displacement,13.505,-0.0131907
OpenSeesMatlab,Vertical displacement,13.605,-0.0132516
OpenSeesMatlab,Vertical displacement,13.705,-0.0133043
OpenSeesMatlab,Vertical displacement,13.805,-0.0133503
OpenSeesMatlab,Vertical displacement,13.905,-0.0133912
OpenSeesMatlab,Vertical displacement,14.005,-0.0134289
OpenSeesMatlab,Vertical displacement,14.105,-0.0134695
OpenSeesMatlab,Vertical displacement,14.205,-0.0135132
OpenSeesMatlab,Vertical displacement,14.305,-0.0135659
OpenSeesMatlab,Vertical displacement,14.405,-0.0136234
OpenSeesMatlab,Vertical displacement,14.505,-0.0136855
OpenSeesMatlab,Vertical displacement,14.605,-0.0137485
OpenSeesMatlab,Vertical displacement,14.705,-0.0138087
OpenSeesMatlab,Vertical displacement,14.805,-0.0138643
OpenSeesMatlab,Vertical displacement,14.905,-0.0139188
OpenSeesMatlab,Vertical displacement,15.005,-0.0139728
OpenSeesMatlab,Vertical displacement,15.105,-0.0140299
OpenSeesMatlab,Vertical displacement,15.205,-0.0140929
OpenSeesMatlab,Vertical displacement,15.305,-0.0141492
OpenSeesMatlab,Vertical displacement,15.405,-0.0142014
OpenSeesMatlab,Vertical displacement,15.505,-0.0142514
OpenSeesMatlab,Vertical displacement,15.605,-0.0143013
OpenSeesMatlab,Vertical displacement,15.705,-0.0143512
OpenSeesMatlab,Vertical displacement,15.805,-0.0144004
OpenSeesMatlab,Vertical displacement,15.905,-0.0144519
OpenSeesMatlab,Vertical displacement,16.005,-0.0145048
OpenSeesMatlab,Vertical displacement,16.105,-0.0145557
OpenSeesMatlab,Vertical displacement,16.205,-0.0146094
OpenSeesMatlab,Vertical displacement,16.305,-0.0146635
OpenSeesMatlab,Vertical displacement,16.405,-0.0147144
OpenSeesMatlab,Vertical displacement,16.505,-0.0147614
OpenSeesMatlab,Vertical displacement,16.605,-0.0148026
OpenSeesMatlab,Vertical displacement,16.705,-0.0148381
OpenSeesMatlab,Vertical displacement,16.805,-0.0148703
OpenSeesMatlab,Vertical displacement,16.905,-0.0149019
OpenSeesMatlab,Vertical displacement,17.005,-0.0149326
OpenSeesMatlab,Vertical displacement,17.105,-0.0149629
OpenSeesMatlab,Vertical displacement,17.205,-0.0149933
OpenSeesMatlab,Vertical displacement,17.305,-0.0150257
OpenSeesMatlab,Vertical displacement,17.405,-0.0150582
OpenSeesMatlab,Vertical displacement,17.505,-0.0150864
OpenSeesMatlab,Vertical displacement,17.605,-0.0151123
OpenSeesMatlab,Vertical displacement,17.705,-0.0151365
OpenSeesMatlab,Vertical displacement,17.805,-0.0151603
OpenSeesMatlab,Vertical displacement,17.905,-0.0151839
OpenSeesMatlab,Vertical displacement,18.005,-0.0152119
OpenSeesMatlab,Vertical displacement,18.105,-0.0152434
OpenSeesMatlab,Vertical displacement,18.205,-0.0152717
OpenSeesMatlab,Vertical displacement,18.305,-0.0152961
OpenSeesMatlab,Vertical displacement,18.405,-0.0153171
OpenSeesMatlab,Vertical displacement,18.505,-0.0153353
OpenSeesMatlab,Vertical displacement,18.605,-0.0153515
OpenSeesMatlab,Vertical displacement,18.705,-0.0153665
OpenSeesMatlab,Vertical displacement,18.805,-0.0153798
OpenSeesMatlab,Vertical displacement,18.905,-0.0153919
OpenSeesMatlab,Vertical displacement,19.005,-0.0154024
OpenSeesMatlab,Vertical displacement,19.105,-0.0154117
OpenSeesMatlab,Vertical displacement,19.205,-0.0154199
OpenSeesMatlab,Vertical displacement,19.305,-0.0154275
OpenSeesMatlab,Vertical displacement,19.405,-0.0154352
OpenSeesMatlab,Vertical displacement,19.505,-0.0154442
OpenSeesMatlab,Vertical displacement,19.605,-0.0154558
OpenSeesMatlab,Vertical displacement,19.705,-0.01547
OpenSeesMatlab,Vertical displacement,19.805,-0.0154857
OpenSeesMatlab,Vertical displacement,19.905,-0.0155026
OpenSeesMatlab,Vertical displacement,20.005,-0.0155198
OpenSeesMatlab,Vertical displacement,20.105,-0.0155363
OpenSeesMatlab,Vertical displacement,20.205,-0.0155523
OpenSeesMatlab,Vertical displacement,20.305,-0.0155685
OpenSeesMatlab,Vertical displacement,20.405,-0.015585
OpenSeesMatlab,Vertical displacement,20.505,-0.0156017
OpenSeesMatlab,Vertical displacement,20.605,-0.0156177
OpenSeesMatlab,Vertical displacement,20.705,-0.0156328
OpenSeesMatlab,Vertical displacement,20.805,-0.0156477
OpenSeesMatlab,Vertical displacement,20.905,-0.0156635
OpenSeesMatlab,Vertical displacement,21.005,-0.01568
OpenSeesMatlab,Vertical displacement,21.105,-0.0156949
OpenSeesMatlab,Vertical displacement,21.205,-0.0157086
OpenSeesMatlab,Vertical displacement,21.305,-0.0157211
OpenSeesMatlab,Vertical displacement,21.405,-0.0157325
OpenSeesMatlab,Vertical displacement,21.505,-0.0157425
OpenSeesMatlab,Vertical displacement,21.605,-0.0157513
OpenSeesMatlab,Vertical displacement,21.705,-0.015759
OpenSeesMatlab,Vertical displacement,21.805,-0.0157656
OpenSeesMatlab,Vertical displacement,21.905,-0.0157714
OpenSeesMatlab,Vertical displacement,22.005,-0.015777
OpenSeesMatlab,Vertical displacement,22.105,-0.0157829
OpenSeesMatlab,Vertical displacement,22.205,-0.0157891
OpenSeesMatlab,Vertical displacement,22.305,-0.0157958
OpenSeesMatlab,Vertical displacement,22.405,-0.0158029
OpenSeesMatlab,Vertical displacement,22.505,-0.0158094
OpenSeesMatlab,Vertical displacement,22.605,-0.0158148
OpenSeesMatlab,Vertical displacement,22.705,-0.0158193
OpenSeesMatlab,Vertical displacement,22.805,-0.0158231
OpenSeesMatlab,Vertical displacement,22.905,-0.015827
OpenSeesMatlab,Vertical displacement,23.005,-0.015831
OpenSeesMatlab,Vertical displacement,23.105,-0.0158355
OpenSeesMatlab,Vertical displacement,23.205,-0.0158403
OpenSeesMatlab,Vertical displacement,23.305,-0.0158458
OpenSeesMatlab,Vertical displacement,23.405,-0.0158528
OpenSeesMatlab,Vertical displacement,23.505,-0.0158615
OpenSeesMatlab,Vertical displacement,23.605,-0.0158716
OpenSeesMatlab,Vertical displacement,23.705,-0.015883
OpenSeesMatlab,Vertical displacement,23.805,-0.0158974
OpenSeesMatlab,Vertical displacement,23.905,-0.0159139
OpenSeesMatlab,Vertical displacement,24.005,-0.0159318
OpenSeesMatlab,Vertical displacement,24.105,-0.01595
OpenSeesMatlab,Vertical displacement,24.205,-0.0159678
OpenSeesMatlab,Vertical displacement,24.305,-0.0159847
OpenSeesMatlab,Vertical displacement,24.405,-0.0160008
OpenSeesMatlab,Vertical displacement,24.505,-0.016016
OpenSeesMatlab,Vertical displacement,24.605,-0.0160294
OpenSeesMatlab,Vertical displacement,24.705,-0.0160406
OpenSeesMatlab,Vertical displacement,24.805,-0.0160501
OpenSeesMatlab,Vertical displacement,24.905,-0.0160585
OpenSeesMatlab,Vertical displacement,25.005,-0.0160663
OpenSeesMatlab,Vertical displacement,25.105,-0.0160734
OpenSeesMatlab,Vertical displacement,25.205,-0.0160802
OpenSeesMatlab,Vertical displacement,25.305,-0.0160875
OpenSeesMatlab,Vertical displacement,25.405,-0.0160967
OpenSeesMatlab,Vertical displacement,25.505,-0.0161075
OpenSeesMatlab,Vertical displacement,25.605,-0.0161228
OpenSeesMatlab,Vertical displacement,25.705,-0.0161409
OpenSeesMatlab,Vertical displacement,25.805,-0.0161596
OpenSeesMatlab,Vertical displacement,25.905,-0.016178
OpenSeesMatlab,Vertical displacement,26.005,-0.0161959
OpenSeesMatlab,Vertical displacement,26.105,-0.0162142
OpenSeesMatlab,Vertical displacement,26.205,-0.0162332
OpenSeesMatlab,Vertical displacement,26.305,-0.0162535
OpenSeesMatlab,Vertical displacement,26.405,-0.016273
OpenSeesMatlab,Vertical displacement,26.505,-0.0162912
OpenSeesMatlab,Vertical displacement,26.605,-0.0163085
OpenSeesMatlab,Vertical displacement,26.705,-0.0163247
OpenSeesMatlab,Vertical displacement,26.805,-0.01634
OpenSeesMatlab,Vertical displacement,26.905,-0.0163546
OpenSeesMatlab,Vertical displacement,27.005,-0.0163697
OpenSeesMatlab,Vertical displacement,27.105,-0.016386
OpenSeesMatlab,Vertical displacement,27.205,-0.0164034
OpenSeesMatlab,Vertical displacement,27.305,-0.0164224
OpenSeesMatlab,Vertical displacement,27.405,-0.0164425
OpenSeesMatlab,Vertical displacement,27.505,-0.0164617
OpenSeesMatlab,Vertical displacement,27.605,-0.0164792
OpenSeesMatlab,Vertical displacement,27.705,-0.0164942
OpenSeesMatlab,Vertical displacement,27.805,-0.0165069
OpenSeesMatlab,Vertical displacement,27.905,-0.0165177
OpenSeesMatlab,Vertical displacement,28.005,-0.0165273
OpenSeesMatlab,Vertical displacement,28.105,-0.0165361
OpenSeesMatlab,Vertical displacement,28.205,-0.0165438
OpenSeesMatlab,Vertical displacement,28.305,-0.0165507
OpenSeesMatlab,Vertical displacement,28.405,-0.0165566
OpenSeesMatlab,Vertical displacement,28.505,-0.0165618
OpenSeesMatlab,Vertical displacement,28.605,-0.0165665
OpenSeesMatlab,Vertical displacement,28.705,-0.0165707
OpenSeesMatlab,Vertical displacement,28.805,-0.0165743
OpenSeesMatlab,Vertical displacement,28.905,-0.0165775
OpenSeesMatlab,Vertical displacement,29.005,-0.0165804
OpenSeesMatlab,Vertical displacement,29.105,-0.0165829
OpenSeesMatlab,Vertical displacement,29.205,-0.0165854
OpenSeesMatlab,Vertical displacement,29.305,-0.016588
OpenSeesMatlab,Vertical displacement,29.405,-0.0165903
OpenSeesMatlab,Vertical displacement,29.505,-0.0165921
OpenSeesMatlab,Vertical displacement,29.605,-0.0165937
OpenSeesMatlab,Vertical displacement,29.705,-0.0165951
OpenSeesMatlab,Vertical displacement,29.805,-0.0165963
OpenSeesMatlab,Vertical displacement,29.905,-0.0165974
OpenSeesMatlab,Vertical displacement,30.005,-0.0165984
OpenSeesMatlab,Vertical displacement,30.105,-0.0165992
OpenSeesMatlab,Vertical displacement,30.205,-0.0166
OpenSeesMatlab,Vertical displacement,30.305,-0.0166008
OpenSeesMatlab,Vertical displacement,30.405,-0.0166015
OpenSeesMatlab,Vertical displacement,30.505,-0.0166021
OpenSeesMatlab,Vertical displacement,30.605,-0.0166026
OpenSeesMatlab,Vertical displacement,30.705,-0.016603
OpenSeesMatlab,Vertical displacement,30.805,-0.0166034
OpenSeesMatlab,Vertical displacement,30.905,-0.0166037
OpenSeesMatlab,Vertical displacement,31.005,-0.016604
OpenSeesMatlab,Vertical displacement,31.105,-0.0166043
OpenSeesMatlab,Vertical displacement,31.205,-0.0166045
OpenSeesMatlab,Vertical displacement,31.305,-0.0166047
OpenSeesMatlab,Vertical displacement,31.405,-0.0166049
OpenSeesMatlab,Vertical displacement,31.505,-0.0166051
OpenSeesMatlab,Vertical displacement,31.605,-0.0166052
OpenSeesMatlab,Vertical displacement,31.705,-0.0166053
OpenSeesMatlab,Vertical displacement,31.805,-0.0166054
OpenSeesMatlab,Vertical displacement,31.905,-0.0166055
OpenSeesMatlab,Vertical displacement,32.005,-0.0166056
OpenSeesMatlab,Vertical displacement,32.105,-0.0166057
OpenSeesMatlab,Vertical displacement,32.205,-0.0166058
OpenSeesMatlab,Vertical displacement,32.305,-0.0166058
OpenSeesMatlab,Vertical displacement,32.405,-0.0166059
OpenSeesTcl,Vertical displacement,0.005,-0.00120505
OpenSeesTcl,Vertical displacement,0.105,-0.00120518
OpenSeesTcl,Vertical displacement,0.205,-0.00120532
OpenSeesTcl,Vertical displacement,0.305,-0.00120547
OpenSeesTcl,Vertical displacement,0.405,-0.00120559
OpenSeesTcl,Vertical displacement,0.505,-0.00120576
OpenSeesTcl,Vertical displacement,0.605,-0.001206
OpenSeesTcl,Vertical displacement,0.705,-0.00120628
OpenSeesTcl,Vertical displacement,0.805,-0.00120718
OpenSeesTcl,Vertical displacement,0.905,-0.00120865
OpenSeesTcl,Vertical displacement,1.005,-0.00120971
OpenSeesTcl,Vertical displacement,1.105,-0.00121133
OpenSeesTcl,Vertical displacement,1.205,-0.00121747
OpenSeesTcl,Vertical displacement,1.305,-0.00123013
OpenSeesTcl,Vertical displacement,1.405,-0.0012512
OpenSeesTcl,Vertical displacement,1.505,-0.00128866
OpenSeesTcl,Vertical displacement,1.605,-0.00132688
OpenSeesTcl,Vertical displacement,1.705,-0.00137071
OpenSeesTcl,Vertical displacement,1.805,-0.00141303
OpenSeesTcl,Vertical displacement,1.905,-0.00144952
OpenSeesTcl,Vertical displacement,2.005,-0.00148344
OpenSeesTcl,Vertical displacement,2.105,-0.0015207
OpenSeesTcl,Vertical displacement,2.205,-0.00155854
OpenSeesTcl,Vertical displacement,2.305,-0.00158977
OpenSeesTcl,Vertical displacement,2.405,-0.00162075
OpenSeesTcl,Vertical displacement,2.505,-0.00165287
OpenSeesTcl,Vertical displacement,2.605,-0.00169017
OpenSeesTcl,Vertical displacement,2.705,-0.00172766
OpenSeesTcl,Vertical displacement,2.805,-0.00176809
OpenSeesTcl,Vertical displacement,2.905,-0.00181224
OpenSeesTcl,Vertical displacement,3.005,-0.00186069
OpenSeesTcl,Vertical displacement,3.105,-0.00191126
OpenSeesTcl,Vertical displacement,3.205,-0.00196602
OpenSeesTcl,Vertical displacement,3.305,-0.00202413
OpenSeesTcl,Vertical displacement,3.405,-0.00208131
OpenSeesTcl,Vertical displacement,3.505,-0.00214344
OpenSeesTcl,Vertical displacement,3.605,-0.00220054
OpenSeesTcl,Vertical displacement,3.705,-0.00225717
OpenSeesTcl,Vertical displacement,3.805,-0.00232721
OpenSeesTcl,Vertical displacement,3.905,-0.00239747
OpenSeesTcl,Vertical displacement,4.005,-0.00248965
OpenSeesTcl,Vertical displacement,4.105,-0.00257257
OpenSeesTcl,Vertical displacement,4.205,-0.00266825
OpenSeesTcl,Vertical displacement,4.305,-0.00276378
OpenSeesTcl,Vertical displacement,4.405,-0.00286358
OpenSeesTcl,Vertical displacement,4.505,-0.00296008
OpenSeesTcl,Vertical displacement,4.605,-0.0030364
OpenSeesTcl,Vertical displacement,4.705,-0.00310562
OpenSeesTcl,Vertical displacement,4.805,-0.00320193
OpenSeesTcl,Vertical displacement,4.905,-0.0033028
OpenSeesTcl,Vertical displacement,5.005,-0.00340145
OpenSeesTcl,Vertical displacement,5.105,-0.00349629
OpenSeesTcl,Vertical displacement,5.205,-0.00359608
OpenSeesTcl,Vertical displacement,5.305,-0.00370399
OpenSeesTcl,Vertical displacement,5.405,-0.00380823
OpenSeesTcl,Vertical displacement,5.505,-0.00392536
OpenSeesTcl,Vertical displacement,5.605,-0.00403797
OpenSeesTcl,Vertical displacement,5.705,-0.00416561
OpenSeesTcl,Vertical displacement,5.805,-0.00429999
OpenSeesTcl,Vertical displacement,5.905,-0.00441162
OpenSeesTcl,Vertical displacement,6.005,-0.00454182
OpenSeesTcl,Vertical displacement,6.105,-0.00468272
OpenSeesTcl,Vertical displacement,6.205,-0.00482383
OpenSeesTcl,Vertical displacement,6.305,-0.00491221
OpenSeesTcl,Vertical displacement,6.405,-0.00502811
OpenSeesTcl,Vertical displacement,6.505,-0.00514797
OpenSeesTcl,Vertical displacement,6.605,-0.00526019
OpenSeesTcl,Vertical displacement,6.705,-0.00534486
OpenSeesTcl,Vertical displacement,6.805,-0.0054562
OpenSeesTcl,Vertical displacement,6.905,-0.00557073
OpenSeesTcl,Vertical displacement,7.005,-0.00570087
OpenSeesTcl,Vertical displacement,7.105,-0.00582702
OpenSeesTcl,Vertical displacement,7.205,-0.00596613
OpenSeesTcl,Vertical displacement,7.305,-0.00605942
OpenSeesTcl,Vertical displacement,7.405,-0.00619587
OpenSeesTcl,Vertical displacement,7.505,-0.00633294
OpenSeesTcl,Vertical displacement,7.605,-0.0064701
OpenSeesTcl,Vertical displacement,7.705,-0.00662247
OpenSeesTcl,Vertical displacement,7.805,-0.00676546
OpenSeesTcl,Vertical displacement,7.905,-0.00691108
OpenSeesTcl,Vertical displacement,8.005,-0.007066
OpenSeesTcl,Vertical displacement,8.105,-0.0072249
OpenSeesTcl,Vertical displacement,8.205,-0.00738527
OpenSeesTcl,Vertical displacement,8.305,-0.0075118
OpenSeesTcl,Vertical displacement,8.405,-0.00764952
OpenSeesTcl,Vertical displacement,8.505,-0.00780321
OpenSeesTcl,Vertical displacement,8.605,-0.0079086
OpenSeesTcl,Vertical displacement,8.705,-0.00805002
OpenSeesTcl,Vertical displacement,8.805,-0.00819558
OpenSeesTcl,Vertical displacement,8.905,-0.0083351
OpenSeesTcl,Vertical displacement,9.005,-0.0084845
OpenSeesTcl,Vertical displacement,9.105,-0.00860645
OpenSeesTcl,Vertical displacement,9.205,-0.00875325
OpenSeesTcl,Vertical displacement,9.305,-0.00890642
OpenSeesTcl,Vertical displacement,9.405,-0.00906229
OpenSeesTcl,Vertical displacement,9.505,-0.00921845
OpenSeesTcl,Vertical displacement,9.605,-0.00936
OpenSeesTcl,Vertical displacement,9.705,-0.00950206
OpenSeesTcl,Vertical displacement,9.805,-0.00965458
OpenSeesTcl,Vertical displacement,9.905,-0.00980381
OpenSeesTcl,Vertical displacement,10.005,-0.00994148
OpenSeesTcl,Vertical displacement,10.105,-0.0100886
OpenSeesTcl,Vertical displacement,10.205,-0.0102353
OpenSeesTcl,Vertical displacement,10.305,-0.0103852
OpenSeesTcl,Vertical displacement,10.405,-0.0105205
OpenSeesTcl,Vertical displacement,10.505,-0.0106707
OpenSeesTcl,Vertical displacement,10.605,-0.0108104
OpenSeesTcl,Vertical displacement,10.705,-0.0109464
OpenSeesTcl,Vertical displacement,10.805,-0.0110648
OpenSeesTcl,Vertical displacement,10.905,-0.0111877
OpenSeesTcl,Vertical displacement,11.005,-0.011312
OpenSeesTcl,Vertical displacement,11.105,-0.0114353
OpenSeesTcl,Vertical displacement,11.205,-0.0115643
OpenSeesTcl,Vertical displacement,11.305,-0.0116831
OpenSeesTcl,Vertical displacement,11.405,-0.0117934
OpenSeesTcl,Vertical displacement,11.505,-0.011901
OpenSeesTcl,Vertical displacement,11.605,-0.0119926
OpenSeesTcl,Vertical displacement,11.705,-0.0120772
OpenSeesTcl,Vertical displacement,11.805,-0.0121545
OpenSeesTcl,Vertical displacement,11.905,-0.0122238
OpenSeesTcl,Vertical displacement,12.005,-0.0122891
OpenSeesTcl,Vertical displacement,12.105,-0.0123566
OpenSeesTcl,Vertical displacement,12.205,-0.0124231
OpenSeesTcl,Vertical displacement,12.305,-0.0124906
OpenSeesTcl,Vertical displacement,12.405,-0.0125656
OpenSeesTcl,Vertical displacement,12.505,-0.0126318
OpenSeesTcl,Vertical displacement,12.605,-0.012694
OpenSeesTcl,Vertical displacement,12.705,-0.0127528
OpenSeesTcl,Vertical displacement,12.805,-0.0128081
OpenSeesTcl,Vertical displacement,12.905,-0.0128612
OpenSeesTcl,Vertical displacement,13.005,-0.0129101
OpenSeesTcl,Vertical displacement,13.105,-0.0129597
OpenSeesTcl,Vertical displacement,13.205,-0.0130138
OpenSeesTcl,Vertical displacement,13.305,-0.0130714
OpenSeesTcl,Vertical displacement,13.405,-0.0131297
OpenSeesTcl,Vertical displacement,13.505,-0.0131907
OpenSeesTcl,Vertical displacement,13.605,-0.0132516
OpenSeesTcl,Vertical displacement,13.705,-0.0133043
OpenSeesTcl,Vertical displacement,13.805,-0.0133503
OpenSeesTcl,Vertical displacement,13.905,-0.0133912
OpenSeesTcl,Vertical displacement,14.005,-0.0134289
OpenSeesTcl,Vertical displacement,14.105,-0.0134695
OpenSeesTcl,Vertical displacement,14.205,-0.0135132
OpenSeesTcl,Vertical displacement,14.305,-0.0135659
OpenSeesTcl,Vertical displacement,14.405,-0.0136234
OpenSeesTcl,Vertical displacement,14.505,-0.0136855
OpenSeesTcl,Vertical displacement,14.605,-0.0137485
OpenSeesTcl,Vertical displacement,14.705,-0.0138087
OpenSeesTcl,Vertical displacement,14.805,-0.0138643
OpenSeesTcl,Vertical displacement,14.905,-0.0139188
OpenSeesTcl,Vertical displacement,15.005,-0.0139728
OpenSeesTcl,Vertical displacement,15.105,-0.0140299
OpenSeesTcl,Vertical displacement,15.205,-0.0140929
OpenSeesTcl,Vertical displacement,15.305,-0.0141492
OpenSeesTcl,Vertical displacement,15.405,-0.0142014
OpenSeesTcl,Vertical displacement,15.505,-0.0142514
OpenSeesTcl,Vertical displacement,15.605,-0.0143013
OpenSeesTcl,Vertical displacement,15.705,-0.0143512
OpenSeesTcl,Vertical displacement,15.805,-0.0144004
OpenSeesTcl,Vertical displacement,15.905,-0.0144519
OpenSeesTcl,Vertical displacement,16.005,-0.0145048
OpenSeesTcl,Vertical displacement,16.105,-0.0145557
OpenSeesTcl,Vertical displacement,16.205,-0.0146094
OpenSeesTcl,Vertical displacement,16.305,-0.0146635
OpenSeesTcl,Vertical displacement,16.405,-0.0147144
OpenSeesTcl,Vertical displacement,16.505,-0.0147614
OpenSeesTcl,Vertical displacement,16.605,-0.0148026
OpenSeesTcl,Vertical displacement,16.705,-0.0148381
OpenSeesTcl,Vertical displacement,16.805,-0.0148703
OpenSeesTcl,Vertical displacement,16.905,-0.0149019
OpenSeesTcl,Vertical displacement,17.005,-0.0149326
OpenSeesTcl,Vertical displacement,17.105,-0.0149629
OpenSeesTcl,Vertical displacement,17.205,-0.0149933
OpenSeesTcl,Vertical displacement,17.305,-0.0150257
OpenSeesTcl,Vertical displacement,17.405,-0.0150582
OpenSeesTcl,Vertical displacement,17.505,-0.0150864
OpenSeesTcl,Vertical displacement,17.605,-0.0151123
OpenSeesTcl,Vertical displacement,17.705,-0.0151365
OpenSeesTcl,Vertical displacement,17.805,-0.0151603
OpenSeesTcl,Vertical displacement,17.905,-0.0151839
OpenSeesTcl,Vertical displacement,18.005,-0.0152119
OpenSeesTcl,Vertical displacement,18.105,-0.0152434
OpenSeesTcl,Vertical displacement,18.205,-0.0152717
OpenSeesTcl,Vertical displacement,18.305,-0.0152961
OpenSeesTcl,Vertical displacement,18.405,-0.0153171
OpenSeesTcl,Vertical displacement,18.505,-0.0153353
OpenSeesTcl,Vertical displacement,18.605,-0.0153515
OpenSeesTcl,Vertical displacement,18.705,-0.0153665
OpenSeesTcl,Vertical displacement,18.805,-0.0153798
OpenSeesTcl,Vertical displacement,18.905,-0.0153919
OpenSeesTcl,Vertical displacement,19.005,-0.0154024
OpenSeesTcl,Vertical displacement,19.105,-0.0154117
OpenSeesTcl,Vertical displacement,19.205,-0.0154199
OpenSeesTcl,Vertical displacement,19.305,-0.0154275
OpenSeesTcl,Vertical displacement,19.405,-0.0154352
OpenSeesTcl,Vertical displacement,19.505,-0.0154442
OpenSeesTcl,Vertical displacement,19.605,-0.0154558
OpenSeesTcl,Vertical displacement,19.705,-0.01547
OpenSeesTcl,Vertical displacement,19.805,-0.0154857
OpenSeesTcl,Vertical displacement,19.905,-0.0155026
OpenSeesTcl,Vertical displacement,20.005,-0.0155198
OpenSeesTcl,Vertical displacement,20.105,-0.0155363
OpenSeesTcl,Vertical displacement,20.205,-0.0155523
OpenSeesTcl,Vertical displacement,20.305,-0.0155685
OpenSeesTcl,Vertical displacement,20.405,-0.015585
OpenSeesTcl,Vertical displacement,20.505,-0.0156017
OpenSeesTcl,Vertical displacement,20.605,-0.0156177
OpenSeesTcl,Vertical displacement,20.705,-0.0156328
OpenSeesTcl,Vertical displacement,20.805,-0.0156477
OpenSeesTcl,Vertical displacement,20.905,-0.0156635
OpenSeesTcl,Vertical displacement,21.005,-0.01568
OpenSeesTcl,Vertical displacement,21.105,-0.0156949
OpenSeesTcl,Vertical displacement,21.205,-0.0157086
OpenSeesTcl,Vertical displacement,21.305,-0.0157211
OpenSeesTcl,Vertical displacement,21.405,-0.0157325
OpenSeesTcl,Vertical displacement,21.505,-0.0157425
OpenSeesTcl,Vertical displacement,21.605,-0.0157513
OpenSeesTcl,Vertical displacement,21.705,-0.015759
OpenSeesTcl,Vertical displacement,21.805,-0.0157656
OpenSeesTcl,Vertical displacement,21.905,-0.0157714
OpenSeesTcl,Vertical displacement,22.005,-0.015777
OpenSeesTcl,Vertical displacement,22.105,-0.0157829
OpenSeesTcl,Vertical displacement,22.205,-0.0157891
OpenSeesTcl,Vertical displacement,22.305,-0.0157958
OpenSeesTcl,Vertical displacement,22.405,-0.0158029
OpenSeesTcl,Vertical displacement,22.505,-0.0158094
OpenSeesTcl,Vertical displacement,22.605,-0.0158148
OpenSeesTcl,Vertical displacement,22.705,-0.0158193
OpenSeesTcl,Vertical displacement,22.805,-0.0158231
OpenSeesTcl,Vertical displacement,22.905,-0.015827
OpenSeesTcl,Vertical displacement,23.005,-0.015831
OpenSeesTcl,Vertical displacement,23.105,-0.0158355
OpenSeesTcl,Vertical displacement,23.205,-0.0158403
OpenSeesTcl,Vertical displacement,23.305,-0.0158458
OpenSeesTcl,Vertical displacement,23.405,-0.0158528
OpenSeesTcl,Vertical displacement,23.505,-0.0158615
OpenSeesTcl,Vertical displacement,23.605,-0.0158716
OpenSeesTcl,Vertical displacement,23.705,-0.015883
OpenSeesTcl,Vertical displacement,23.805,-0.0158974
OpenSeesTcl,Vertical displacement,23.905,-0.0159139
OpenSeesTcl,Vertical displacement,24.005,-0.0159318
OpenSeesTcl,Vertical displacement,24.105,-0.01595
OpenSeesTcl,Vertical displacement,24.205,-0.0159678
OpenSeesTcl,Vertical displacement,24.305,-0.0159847
OpenSeesTcl,Vertical displacement,24.405,-0.0160008
OpenSeesTcl,Vertical displacement,24.505,-0.016016
OpenSeesTcl,Vertical displacement,24.605,-0.0160294
OpenSeesTcl,Vertical displacement,24.705,-0.0160406
OpenSeesTcl,Vertical displacement,24.805,-0.0160501
OpenSeesTcl,Vertical displacement,24.905,-0.0160585
OpenSeesTcl,Vertical displacement,25.005,-0.0160663
OpenSeesTcl,Vertical displacement,25.105,-0.0160734
OpenSeesTcl,Vertical displacement,25.205,-0.0160802
OpenSeesTcl,Vertical displacement,25.305,-0.0160875
OpenSeesTcl,Vertical displacement,25.405,-0.0160967
OpenSeesTcl,Vertical displacement,25.505,-0.0161075
OpenSeesTcl,Vertical displacement,25.605,-0.0161228
OpenSeesTcl,Vertical displacement,25.705,-0.0161409
OpenSeesTcl,Vertical displacement,25.805,-0.0161596
OpenSeesTcl,Vertical displacement,25.905,-0.016178
OpenSeesTcl,Vertical displacement,26.005,-0.0161959
OpenSeesTcl,Vertical displacement,26.105,-0.0162142
OpenSeesTcl,Vertical displacement,26.205,-0.0162332
OpenSeesTcl,Vertical displacement,26.305,-0.0162535
OpenSeesTcl,Vertical displacement,26.405,-0.016273
OpenSeesTcl,Vertical displacement,26.505,-0.0162912
OpenSeesTcl,Vertical displacement,26.605,-0.0163085
OpenSeesTcl,Vertical displacement,26.705,-0.0163247
OpenSeesTcl,Vertical displacement,26.805,-0.01634
OpenSeesTcl,Vertical displacement,26.905,-0.0163546
OpenSeesTcl,Vertical displacement,27.005,-0.0163697
OpenSeesTcl,Vertical displacement,27.105,-0.016386
OpenSeesTcl,Vertical displacement,27.205,-0.0164034
OpenSeesTcl,Vertical displacement,27.305,-0.0164224
OpenSeesTcl,Vertical displacement,27.405,-0.0164425
OpenSeesTcl,Vertical displacement,27.505,-0.0164617
OpenSeesTcl,Vertical displacement,27.605,-0.0164792
OpenSeesTcl,Vertical displacement,27.705,-0.0164942
OpenSeesTcl,Vertical displacement,27.805,-0.0165069
OpenSeesTcl,Vertical displacement,27.905,-0.0165177
OpenSeesTcl,Vertical displacement,28.005,-0.0165273
OpenSeesTcl,Vertical displacement,28.105,-0.0165361
OpenSeesTcl,Vertical displacement,28.205,-0.0165438
OpenSeesTcl,Vertical displacement,28.305,-0.0165507
OpenSeesTcl,Vertical displacement,28.405,-0.0165566
OpenSeesTcl,Vertical displacement,28.505,-0.0165618
OpenSeesTcl,Vertical displacement,28.605,-0.0165665
OpenSeesTcl,Vertical displacement,28.705,-0.0165707
OpenSeesTcl,Vertical displacement,28.805,-0.0165743
OpenSeesTcl,Vertical displacement,28.905,-0.0165775
OpenSeesTcl,Vertical displacement,29.005,-0.0165804
OpenSeesTcl,Vertical displacement,29.105,-0.0165829
OpenSeesTcl,Vertical displacement,29.205,-0.0165854
OpenSeesTcl,Vertical displacement,29.305,-0.016588
OpenSeesTcl,Vertical displacement,29.405,-0.0165903
OpenSeesTcl,Vertical displacement,29.505,-0.0165921
OpenSeesTcl,Vertical displacement,29.605,-0.0165937
OpenSeesTcl,Vertical displacement,29.705,-0.0165951
OpenSeesTcl,Vertical displacement,29.805,-0.0165963
OpenSeesTcl,Vertical displacement,29.905,-0.0165974
OpenSeesTcl,Vertical displacement,30.005,-0.0165984
OpenSeesTcl,Vertical displacement,30.105,-0.0165992
OpenSeesTcl,Vertical displacement,30.205,-0.0166
OpenSeesTcl,Vertical displacement,30.305,-0.0166008
OpenSeesTcl,Vertical displacement,30.405,-0.0166015
OpenSeesTcl,Vertical displacement,30.505,-0.0166021
OpenSeesTcl,Vertical displacement,30.605,-0.0166026
OpenSeesTcl,Vertical displacement,30.705,-0.016603
OpenSeesTcl,Vertical displacement,30.805,-0.0166034
OpenSeesTcl,Vertical displacement,30.905,-0.0166037
OpenSeesTcl,Vertical displacement,31.005,-0.016604
OpenSeesTcl,Vertical displacement,31.105,-0.0166043
OpenSeesTcl,Vertical displacement,31.205,-0.0166045
OpenSeesTcl,Vertical displacement,31.305,-0.0166047
OpenSeesTcl,Vertical displacement,31.405,-0.0166049
OpenSeesTcl,Vertical displacement,31.505,-0.0166051
OpenSeesTcl,Vertical displacement,31.605,-0.0166052
OpenSeesTcl,Vertical displacement,31.705,-0.0166053
OpenSeesTcl,Vertical displacement,31.805,-0.0166054
OpenSeesTcl,Vertical displacement,31.905,-0.0166055
OpenSeesTcl,Vertical displacement,32.005,-0.0166056
OpenSeesTcl,Vertical displacement,32.105,-0.0166057
OpenSeesTcl,Vertical displacement,32.205,-0.0166058
OpenSeesTcl,Vertical displacement,32.305,-0.0166058
OpenSeesTcl,Vertical displacement,32.405,-0.0166059
OpenSeesMatlab,Horizontal displacement,0.005,3.06379e-07
OpenSeesMatlab,Horizontal displacement,0.105,3.16572e-05
OpenSeesMatlab,Horizontal displacement,0.205,1.27219e-05
OpenSeesMatlab,Horizontal displacement,0.305,-1.0207e-05
OpenSeesMatlab,Horizontal displacement,0.405,1.07739e-05
OpenSeesMatlab,Horizontal displacement,0.505,-7.23272e-05
OpenSeesMatlab,Horizontal displacement,0.605,-1.47103e-05
OpenSeesMatlab,Horizontal displacement,0.705,-1.34749e-05
OpenSeesMatlab,Horizontal displacement,0.805,-2.441e-05
OpenSeesMatlab,Horizontal displacement,0.905,-5.01309e-05
OpenSeesMatlab,Horizontal displacement,1.005,2.41842e-05
OpenSeesMatlab,Horizontal displacement,1.105,-0.000383537
OpenSeesMatlab,Horizontal displacement,1.205,0.00042007
OpenSeesMatlab,Horizontal displacement,1.305,-0.000223251
OpenSeesMatlab,Horizontal displacement,1.405,-0.000911624
OpenSeesMatlab,Horizontal displacement,1.505,0.00120116
OpenSeesMatlab,Horizontal displacement,1.605,-0.00113296
OpenSeesMatlab,Horizontal displacement,1.705,0.000298948
OpenSeesMatlab,Horizontal displacement,1.805,0.000531588
OpenSeesMatlab,Horizontal displacement,1.905,-0.000537127
OpenSeesMatlab,Horizontal displacement,2.005,-0.000381224
OpenSeesMatlab,Horizontal displacement,2.105,0.000727203
OpenSeesMatlab,Horizontal displacement,2.205,-0.000240565
OpenSeesMatlab,Horizontal displacement,2.305,-2.96342e-05
OpenSeesMatlab,Horizontal displacement,2.405,0.000717878
OpenSeesMatlab,Horizontal displacement,2.505,-0.000966945
OpenSeesMatlab,Horizontal displacement,2.605,0.0016497
OpenSeesMatlab,Horizontal displacement,2.705,-0.000952102
OpenSeesMatlab,Horizontal displacement,2.805,0.00106357
OpenSeesMatlab,Horizontal displacement,2.905,0.00135128
OpenSeesMatlab,Horizontal displacement,3.005,-0.00113758
OpenSeesMatlab,Horizontal displacement,3.105,0.00305982
OpenSeesMatlab,Horizontal displacement,3.205,-0.000583568
OpenSeesMatlab,Horizontal displacement,3.305,0.000823483
OpenSeesMatlab,Horizontal displacement,3.405,0.00299166
OpenSeesMatlab,Horizontal displacement,3.505,0.000191404
OpenSeesMatlab,Horizontal displacement,3.605,0.000605307
OpenSeesMatlab,Horizontal displacement,3.705,0.00252023
OpenSeesMatlab,Horizontal displacement,3.805,-0.00586206
OpenSeesMatlab,Horizontal displacement,3.905,-0.00471035
OpenSeesMatlab,Horizontal displacement,4.005,0.00337378
OpenSeesMatlab,Horizontal displacement,4.105,0.00621408
OpenSeesMatlab,Horizontal displacement,4.205,0.00266662
OpenSeesMatlab,Horizontal displacement,4.305,0.00578492
OpenSeesMatlab,Horizontal displacement,4.405,-0.00129308
OpenSeesMatlab,Horizontal displacement,4.505,-0.011506
OpenSeesMatlab,Horizontal displacement,4.605,-0.0216275
OpenSeesMatlab,Horizontal displacement,4.705,-0.0251087
OpenSeesMatlab,Horizontal displacement,4.805,-0.017884
OpenSeesMatlab,Horizontal displacement,4.905,-0.00777484
OpenSeesMatlab,Horizontal displacement,5.005,-0.00222891
OpenSeesMatlab,Horizontal displacement,5.105,0.00109154
OpenSeesMatlab,Horizontal displacement,5.205,-0.00261642
OpenSeesMatlab,Horizontal displacement,5.305,0.00327858
OpenSeesMatlab,Horizontal displacement,5.405,0.00242288
OpenSeesMatlab,Horizontal displacement,5.505,-0.0113626
OpenSeesMatlab,Horizontal displacement,5.605,-0.0143388
OpenSeesMatlab,Horizontal displacement,5.705,-0.00185823
OpenSeesMatlab,Horizontal displacement,5.805,0.00679226
OpenSeesMatlab,Horizontal displacement,5.905,0.00152876
OpenSeesMatlab,Horizontal displacement,6.005,0.00141527
OpenSeesMatlab,Horizontal displacement,6.105,-0.00187088
OpenSeesMatlab,Horizontal displacement,6.205,-0.0173486
OpenSeesMatlab,Horizontal displacement,6.305,-0.022783
OpenSeesMatlab,Horizontal displacement,6.405,-0.00637568
OpenSeesMatlab,Horizontal displacement,6.505,0.0150712
OpenSeesMatlab,Horizontal displacement,6.605,0.0281498
OpenSeesMatlab,Horizontal displacement,6.705,0.026194
OpenSeesMatlab,Horizontal displacement,6.805,0.0339429
OpenSeesMatlab,Horizontal displacement,6.905,0.0260989
OpenSeesMatlab,Horizontal displacement,7.005,0.000881849
OpenSeesMatlab,Horizontal displacement,7.105,-0.0238909
OpenSeesMatlab,Horizontal displacement,7.205,-0.0374069
OpenSeesMatlab,Horizontal displacement,7.305,-0.0362654
OpenSeesMatlab,Horizontal displacement,7.405,-0.0375877
OpenSeesMatlab,Horizontal displacement,7.505,-0.0402356
OpenSeesMatlab,Horizontal displacement,7.605,-0.037938
OpenSeesMatlab,Horizontal displacement,7.705,-0.0255994
OpenSeesMatlab,Horizontal displacement,7.805,-0.018845
OpenSeesMatlab,Horizontal displacement,7.905,-0.0246041
OpenSeesMatlab,Horizontal displacement,8.005,-0.0237574
OpenSeesMatlab,Horizontal displacement,8.105,-0.0039557
OpenSeesMatlab,Horizontal displacement,8.205,0.0150048
OpenSeesMatlab,Horizontal displacement,8.305,0.0205938
OpenSeesMatlab,Horizontal displacement,8.405,0.0182952
OpenSeesMatlab,Horizontal displacement,8.505,0.0265284
OpenSeesMatlab,Horizontal displacement,8.605,0.0284519
OpenSeesMatlab,Horizontal displacement,8.705,0.0150712
OpenSeesMatlab,Horizontal displacement,8.805,-0.00717305
OpenSeesMatlab,Horizontal displacement,8.905,-0.0296858
OpenSeesMatlab,Horizontal displacement,9.005,-0.0407374
OpenSeesMatlab,Horizontal displacement,9.105,-0.0330684
OpenSeesMatlab,Horizontal displacement,9.205,-0.0288651
OpenSeesMatlab,Horizontal displacement,9.305,-0.0298527
OpenSeesMatlab,Horizontal displacement,9.405,-0.0289716
OpenSeesMatlab,Horizontal displacement,9.505,-0.0202328
OpenSeesMatlab,Horizontal displacement,9.605,-0.0114613
OpenSeesMatlab,Horizontal displacement,9.705,-0.0145915
OpenSeesMatlab,Horizontal displacement,9.805,-0.0223529
OpenSeesMatlab,Horizontal displacement,9.905,-0.0287009
OpenSeesMatlab,Horizontal displacement,10.005,-0.0297097
OpenSeesMatlab,Horizontal displacement,10.105,-0.0261576
OpenSeesMatlab,Horizontal displacement,10.205,-0.0259037
OpenSeesMatlab,Horizontal displacement,10.305,-0.0303059
OpenSeesMatlab,Horizontal displacement,10.405,-0.0276673
OpenSeesMatlab,Horizontal displacement,10.505,-0.0229413
OpenSeesMatlab,Horizontal displacement,10.605,-0.0235513
OpenSeesMatlab,Horizontal displacement,10.705,-0.0226652
OpenSeesMatlab,Horizontal displacement,10.805,-0.0245655
OpenSeesMatlab,Horizontal displacement,10.905,-0.027921
OpenSeesMatlab,Horizontal displacement,11.005,-0.0246508
OpenSeesMatlab,Horizontal displacement,11.105,-0.0226636
OpenSeesMatlab,Horizontal displacement,11.205,-0.026599
OpenSeesMatlab,Horizontal displacement,11.305,-0.0266236
OpenSeesMatlab,Horizontal displacement,11.405,-0.0250045
OpenSeesMatlab,Horizontal displacement,11.505,-0.0260585
OpenSeesMatlab,Horizontal displacement,11.605,-0.0249959
OpenSeesMatlab,Horizontal displacement,11.705,-0.0245906
OpenSeesMatlab,Horizontal displacement,11.805,-0.0255346
OpenSeesMatlab,Horizontal displacement,11.905,-0.0244206
OpenSeesMatlab,Horizontal displacement,12.005,-0.0243338
OpenSeesMatlab,Horizontal displacement,12.105,-0.0265048
OpenSeesMatlab,Horizontal displacement,12.205,-0.024984
OpenSeesMatlab,Horizontal displacement,12.305,-0.0248695
OpenSeesMatlab,Horizontal displacement,12.405,-0.0267512
OpenSeesMatlab,Horizontal displacement,12.505,-0.0250937
OpenSeesMatlab,Horizontal displacement,12.605,-0.0257047
OpenSeesMatlab,Horizontal displacement,12.705,-0.0244899
OpenSeesMatlab,Horizontal displacement,12.805,-0.025039
OpenSeesMatlab,Horizontal displacement,12.905,-0.0249565
OpenSeesMatlab,Horizontal displacement,13.005,-0.0255938
OpenSeesMatlab,Horizontal displacement,13.105,-0.025825
OpenSeesMatlab,Horizontal displacement,13.205,-0.0237772
OpenSeesMatlab,Horizontal displacement,13.305,-0.0266504
OpenSeesMatlab,Horizontal displacement,13.405,-0.0243548
OpenSeesMatlab,Horizontal displacement,13.505,-0.0243207
OpenSeesMatlab,Horizontal displacement,13.605,-0.0257721
OpenSeesMatlab,Horizontal displacement,13.705,-0.0251448
OpenSeesMatlab,Horizontal displacement,13.805,-0.0254327
OpenSeesMatlab,Horizontal displacement,13.905,-0.0248954
OpenSeesMatlab,Horizontal displacement,14.005,-0.0255397
OpenSeesMatlab,Horizontal displacement,14.105,-0.02659
OpenSeesMatlab,Horizontal displacement,14.205,-0.0235502
OpenSeesMatlab,Horizontal displacement,14.305,-0.0255922
OpenSeesMatlab,Horizontal displacement,14.405,-0.0256126
OpenSeesMatlab,Horizontal displacement,14.505,-0.0228278
OpenSeesMatlab,Horizontal displacement,14.605,-0.0255759
OpenSeesMatlab,Horizontal displacement,14.705,-0.0249105
OpenSeesMatlab,Horizontal displacement,14.805,-0.0243126
OpenSeesMatlab,Horizontal displacement,14.905,-0.0264832
OpenSeesMatlab,Horizontal displacement,15.005,-0.0243521
OpenSeesMatlab,Horizontal displacement,15.105,-0.0239632
OpenSeesMatlab,Horizontal displacement,15.205,-0.0260119
OpenSeesMatlab,Horizontal displacement,15.305,-0.0244042
OpenSeesMatlab,Horizontal displacement,15.405,-0.0256929
OpenSeesMatlab,Horizontal displacement,15.505,-0.0250083
OpenSeesMatlab,Horizontal displacement,15.605,-0.0246423
OpenSeesMatlab,Horizontal displacement,15.705,-0.0253996
OpenSeesMatlab,Horizontal displacement,15.805,-0.0246098
OpenSeesMatlab,Horizontal displacement,15.905,-0.0264179
OpenSeesMatlab,Horizontal displacement,16.005,-0.0237069
OpenSeesMatlab,Horizontal displacement,16.105,-0.0251811
OpenSeesMatlab,Horizontal displacement,16.205,-0.0260159
OpenSeesMatlab,Horizontal displacement,16.305,-0.0242757
OpenSeesMatlab,Horizontal displacement,16.405,-0.0259978
OpenSeesMatlab,Horizontal displacement,16.505,-0.0248883
OpenSeesMatlab,Horizontal displacement,16.605,-0.0254663
OpenSeesMatlab,Horizontal displacement,16.705,-0.0250729
OpenSeesMatlab,Horizontal displacement,16.805,-0.0245891
OpenSeesMatlab,Horizontal displacement,16.905,-0.0252803
OpenSeesMatlab,Horizontal displacement,17.005,-0.0255532
OpenSeesMatlab,Horizontal displacement,17.105,-0.0242312
OpenSeesMatlab,Horizontal displacement,17.205,-0.0256412
OpenSeesMatlab,Horizontal displacement,17.305,-0.0260419
OpenSeesMatlab,Horizontal displacement,17.405,-0.0247426
OpenSeesMatlab,Horizontal displacement,17.505,-0.024723
OpenSeesMatlab,Horizontal displacement,17.605,-0.0256359
OpenSeesMatlab,Horizontal displacement,17.705,-0.0246535
OpenSeesMatlab,Horizontal displacement,17.805,-0.025772
OpenSeesMatlab,Horizontal displacement,17.905,-0.0250581
OpenSeesMatlab,Horizontal displacement,18.005,-0.0239888
OpenSeesMatlab,Horizontal displacement,18.105,-0.0258475
OpenSeesMatlab,Horizontal displacement,18.205,-0.0248642
OpenSeesMatlab,Horizontal displacement,18.305,-0.0250822
OpenSeesMatlab,Horizontal displacement,18.405,-0.0249421
OpenSeesMatlab,Horizontal displacement,18.505,-0.025384
OpenSeesMatlab,Horizontal displacement,18.605,-0.0250904
OpenSeesMatlab,Horizontal displacement,18.705,-0.0248419
OpenSeesMatlab,Horizontal displacement,18.805,-0.0252477
OpenSeesMatlab,Horizontal displacement,18.905,-0.0251074
OpenSeesMatlab,Horizontal displacement,19.005,-0.0251294
OpenSeesMatlab,Horizontal displacement,19.105,-0.024972
OpenSeesMatlab,Horizontal displacement,19.205,-0.0251693
OpenSeesMatlab,Horizontal displacement,19.305,-0.0252577
OpenSeesMatlab,Horizontal displacement,19.405,-0.0246328
OpenSeesMatlab,Horizontal displacement,19.505,-0.0252238
OpenSeesMatlab,Horizontal displacement,19.605,-0.0256003
OpenSeesMatlab,Horizontal displacement,19.705,-0.0243644
OpenSeesMatlab,Horizontal displacement,19.805,-0.0258825
OpenSeesMatlab,Horizontal displacement,19.905,-0.0243749
OpenSeesMatlab,Horizontal displacement,20.005,-0.025422
OpenSeesMatlab,Horizontal displacement,20.105,-0.0253151
OpenSeesMatlab,Horizontal displacement,20.205,-0.0246348
OpenSeesMatlab,Horizontal displacement,20.305,-0.0258279
OpenSeesMatlab,Horizontal displacement,20.405,-0.024647
OpenSeesMatlab,Horizontal displacement,20.505,-0.0252042
OpenSeesMatlab,Horizontal displacement,20.605,-0.0249078
OpenSeesMatlab,Horizontal displacement,20.705,-0.0251418
OpenSeesMatlab,Horizontal displacement,20.805,-0.0251072
OpenSeesMatlab,Horizontal displacement,20.905,-0.0244552
OpenSeesMatlab,Horizontal displacement,21.005,-0.0257415
OpenSeesMatlab,Horizontal displacement,21.105,-0.0248647
OpenSeesMatlab,Horizontal displacement,21.205,-0.0252316
OpenSeesMatlab,Horizontal displacement,21.305,-0.0250865
OpenSeesMatlab,Horizontal displacement,21.405,-0.0250367
OpenSeesMatlab,Horizontal displacement,21.505,-0.0252116
OpenSeesMatlab,Horizontal displacement,21.605,-0.0248708
OpenSeesMatlab,Horizontal displacement,21.705,-0.0251943
OpenSeesMatlab,Horizontal displacement,21.805,-0.025028
OpenSeesMatlab,Horizontal displacement,21.905,-0.0248799
OpenSeesMatlab,Horizontal displacement,22.005,-0.0255031
OpenSeesMatlab,Horizontal displacement,22.105,-0.0248351
OpenSeesMatlab,Horizontal displacement,22.205,-0.0254521
OpenSeesMatlab,Horizontal displacement,22.305,-0.0249605
OpenSeesMatlab,Horizontal displacement,22.405,-0.0250994
OpenSeesMatlab,Horizontal displacement,22.505,-0.0250896
OpenSeesMatlab,Horizontal displacement,22.605,-0.0249795
OpenSeesMatlab,Horizontal displacement,22.705,-0.0250021
OpenSeesMatlab,Horizontal displacement,22.805,-0.0253402
OpenSeesMatlab,Horizontal displacement,22.905,-0.0247459
OpenSeesMatlab,Horizontal displacement,23.005,-0.0253294
OpenSeesMatlab,Horizontal displacement,23.105,-0.0249036
OpenSeesMatlab,Horizontal displacement,23.205,-0.0254296
OpenSeesMatlab,Horizontal displacement,23.305,-0.0247469
OpenSeesMatlab,Horizontal displacement,23.405,-0.0255137
OpenSeesMatlab,Horizontal displacement,23.505,-0.0249331
OpenSeesMatlab,Horizontal displacement,23.605,-0.0253244
OpenSeesMatlab,Horizontal displacement,23.705,-0.0251663
OpenSeesMatlab,Horizontal displacement,23.805,-0.0245299
OpenSeesMatlab,Horizontal displacement,23.905,-0.0256475
OpenSeesMatlab,Horizontal displacement,24.005,-0.0242362
OpenSeesMatlab,Horizontal displacement,24.105,-0.0256868
OpenSeesMatlab,Horizontal displacement,24.205,-0.0245139
OpenSeesMatlab,Horizontal displacement,24.305,-0.025635
OpenSeesMatlab,Horizontal displacement,24.405,-0.0248682
OpenSeesMatlab,Horizontal displacement,24.505,-0.0250539
OpenSeesMatlab,Horizontal displacement,24.605,-0.0251841
OpenSeesMatlab,Horizontal displacement,24.705,-0.0250817
OpenSeesMatlab,Horizontal displacement,24.805,-0.0249578
OpenSeesMatlab,Horizontal displacement,24.905,-0.0253361
OpenSeesMatlab,Horizontal displacement,25.005,-0.0247613
OpenSeesMatlab,Horizontal displacement,25.105,-0.0252065
OpenSeesMatlab,Horizontal displacement,25.205,-0.0247867
OpenSeesMatlab,Horizontal displacement,25.305,-0.02568
OpenSeesMatlab,Horizontal displacement,25.405,-0.0243169
OpenSeesMatlab,Horizontal displacement,25.505,-0.0255321
OpenSeesMatlab,Horizontal displacement,25.605,-0.0252743
OpenSeesMatlab,Horizontal displacement,25.705,-0.024748
OpenSeesMatlab,Horizontal displacement,25.805,-0.0258081
OpenSeesMatlab,Horizontal displacement,25.905,-0.0243418
OpenSeesMatlab,Horizontal displacement,26.005,-0.025719
OpenSeesMatlab,Horizontal displacement,26.105,-0.0247665
OpenSeesMatlab,Horizontal displacement,26.205,-0.024946
OpenSeesMatlab,Horizontal displacement,26.305,-0.0256298
OpenSeesMatlab,Horizontal displacement,26.405,-0.0246391
OpenSeesMatlab,Horizontal displacement,26.505,-0.0256368
OpenSeesMatlab,Horizontal displacement,26.605,-0.0246807
OpenSeesMatlab,Horizontal displacement,26.705,-0.0255381
OpenSeesMatlab,Horizontal displacement,26.805,-0.0246483
OpenSeesMatlab,Horizontal displacement,26.905,-0.0256445
OpenSeesMatlab,Horizontal displacement,27.005,-0.0243761
OpenSeesMatlab,Horizontal displacement,27.105,-0.0257532
OpenSeesMatlab,Horizontal displacement,27.205,-0.024663
OpenSeesMatlab,Horizontal displacement,27.305,-0.0250119
OpenSeesMatlab,Horizontal displacement,27.405,-0.0253967
OpenSeesMatlab,Horizontal displacement,27.505,-0.0246014
OpenSeesMatlab,Horizontal displacement,27.605,-0.0254745
OpenSeesMatlab,Horizontal displacement,27.705,-0.0249994
OpenSeesMatlab,Horizontal displacement,27.805,-0.0252784
OpenSeesMatlab,Horizontal displacement,27.905,-0.0249045
OpenSeesMatlab,Horizontal displacement,28.005,-0.0252934
OpenSeesMatlab,Horizontal displacement,28.105,-0.0248693
OpenSeesMatlab,Horizontal displacement,28.205,-0.0252071
OpenSeesMatlab,Horizontal displacement,28.305,-0.0250882
OpenSeesMatlab,Horizontal displacement,28.405,-0.0250037
OpenSeesMatlab,Horizontal displacement,28.505,-0.0251449
OpenSeesMatlab,Horizontal displacement,28.605,-0.025107
OpenSeesMatlab,Horizontal displacement,28.705,-0.0251121
OpenSeesMatlab,Horizontal displacement,28.805,-0.0250996
OpenSeesMatlab,Horizontal displacement,28.905,-0.0251424
OpenSeesMatlab,Horizontal displacement,29.005,-0.0250576
OpenSeesMatlab,Horizontal displacement,29.105,-0.0252401
OpenSeesMatlab,Horizontal displacement,29.205,-0.0250235
OpenSeesMatlab,Horizontal displacement,29.305,-0.0250681
OpenSeesMatlab,Horizontal displacement,29.405,-0.0251101
OpenSeesMatlab,Horizontal displacement,29.505,-0.0249872
OpenSeesMatlab,Horizontal displacement,29.605,-0.0251735
OpenSeesMatlab,Horizontal displacement,29.705,-0.0250559
OpenSeesMatlab,Horizontal displacement,29.805,-0.0250153
OpenSeesMatlab,Horizontal displacement,29.905,-0.0251928
OpenSeesMatlab,Horizontal displacement,30.005,-0.0250617
OpenSeesMatlab,Horizontal displacement,30.105,-0.0250629
OpenSeesMatlab,Horizontal displacement,30.205,-0.0252169
OpenSeesMatlab,Horizontal displacement,30.305,-0.0249191
OpenSeesMatlab,Horizontal displacement,30.405,-0.0252425
OpenSeesMatlab,Horizontal displacement,30.505,-0.0249683
OpenSeesMatlab,Horizontal displacement,30.605,-0.0252
OpenSeesMatlab,Horizontal displacement,30.705,-0.0250222
OpenSeesMatlab,Horizontal displacement,30.805,-0.025177
OpenSeesMatlab,Horizontal displacement,30.905,-0.0250256
OpenSeesMatlab,Horizontal displacement,31.005,-0.0251564
OpenSeesMatlab,Horizontal displacement,31.105,-0.0250405
OpenSeesMatlab,Horizontal displacement,31.205,-0.0251391
OpenSeesMatlab,Horizontal displacement,31.305,-0.0250565
OpenSeesMatlab,Horizontal displacement,31.405,-0.0251244
OpenSeesMatlab,Horizontal displacement,31.505,-0.0250718
OpenSeesMatlab,Horizontal displacement,31.605,-0.0251076
OpenSeesMatlab,Horizontal displacement,31.705,-0.0250883
OpenSeesMatlab,Horizontal displacement,31.805,-0.025093
OpenSeesMatlab,Horizontal displacement,31.905,-0.0251018
OpenSeesMatlab,Horizontal displacement,32.005,-0.0251022
OpenSeesMatlab,Horizontal displacement,32.105,-0.0250918
OpenSeesMatlab,Horizontal displacement,32.205,-0.0250904
OpenSeesMatlab,Horizontal displacement,32.305,-0.0251027
OpenSeesMatlab,Horizontal displacement,32.405,-0.0250816
OpenSeesTcl,Horizontal displacement,0.005,3.06379e-07
OpenSeesTcl,Horizontal displacement,0.105,3.16572e-05
OpenSeesTcl,Horizontal displacement,0.205,1.27219e-05
OpenSeesTcl,Horizontal displacement,0.305,-1.0207e-05
OpenSeesTcl,Horizontal displacement,0.405,1.07739e-05
OpenSeesTcl,Horizontal displacement,0.505,-7.23272e-05
OpenSeesTcl,Horizontal displacement,0.605,-1.47103e-05
OpenSeesTcl,Horizontal displacement,0.705,-1.34749e-05
OpenSeesTcl,Horizontal displacement,0.805,-2.441e-05
OpenSeesTcl,Horizontal displacement,0.905,-5.01309e-05
OpenSeesTcl,Horizontal displacement,1.005,2.41842e-05
OpenSeesTcl,Horizontal displacement,1.105,-0.000383537
OpenSeesTcl,Horizontal displacement,1.205,0.00042007
OpenSeesTcl,Horizontal displacement,1.305,-0.000223251
OpenSeesTcl,Horizontal displacement,1.405,-0.000911624
OpenSeesTcl,Horizontal displacement,1.505,0.00120116
OpenSeesTcl,Horizontal displacement,1.605,-0.00113296
OpenSeesTcl,Horizontal displacement,1.705,0.000298948
OpenSeesTcl,Horizontal displacement,1.805,0.000531588
OpenSeesTcl,Horizontal displacement,1.905,-0.000537127
OpenSeesTcl,Horizontal displacement,2.005,-0.000381224
OpenSeesTcl,Horizontal displacement,2.105,0.000727203
OpenSeesTcl,Horizontal displacement,2.205,-0.000240565
OpenSeesTcl,Horizontal displacement,2.305,-2.96342e-05
OpenSeesTcl,Horizontal displacement,2.405,0.000717878
OpenSeesTcl,Horizontal displacement,2.505,-0.000966945
OpenSeesTcl,Horizontal displacement,2.605,0.0016497
OpenSeesTcl,Horizontal displacement,2.705,-0.000952102
OpenSeesTcl,Horizontal displacement,2.805,0.00106357
OpenSeesTcl,Horizontal displacement,2.905,0.00135128
OpenSeesTcl,Horizontal displacement,3.005,-0.00113758
OpenSeesTcl,Horizontal displacement,3.105,0.00305982
OpenSeesTcl,Horizontal displacement,3.205,-0.000583568
OpenSeesTcl,Horizontal displacement,3.305,0.000823483
OpenSeesTcl,Horizontal displacement,3.405,0.00299166
OpenSeesTcl,Horizontal displacement,3.505,0.000191404
OpenSeesTcl,Horizontal displacement,3.605,0.000605307
OpenSeesTcl,Horizontal displacement,3.705,0.00252023
OpenSeesTcl,Horizontal displacement,3.805,-0.00586206
OpenSeesTcl,Horizontal displacement,3.905,-0.00471035
OpenSeesTcl,Horizontal displacement,4.005,0.00337378
OpenSeesTcl,Horizontal displacement,4.105,0.00621408
OpenSeesTcl,Horizontal displacement,4.205,0.00266662
OpenSeesTcl,Horizontal displacement,4.305,0.00578492
OpenSeesTcl,Horizontal displacement,4.405,-0.00129308
OpenSeesTcl,Horizontal displacement,4.505,-0.011506
OpenSeesTcl,Horizontal displacement,4.605,-0.0216275
OpenSeesTcl,Horizontal displacement,4.705,-0.0251087
OpenSeesTcl,Horizontal displacement,4.805,-0.017884
OpenSeesTcl,Horizontal displacement,4.905,-0.00777484
OpenSeesTcl,Horizontal displacement,5.005,-0.00222891
OpenSeesTcl,Horizontal displacement,5.105,0.00109154
OpenSeesTcl,Horizontal displacement,5.205,-0.00261642
OpenSeesTcl,Horizontal displacement,5.305,0.00327858
OpenSeesTcl,Horizontal displacement,5.405,0.00242288
OpenSeesTcl,Horizontal displacement,5.505,-0.0113626
OpenSeesTcl,Horizontal displacement,5.605,-0.0143388
OpenSeesTcl,Horizontal displacement,5.705,-0.00185823
OpenSeesTcl,Horizontal displacement,5.805,0.00679226
OpenSeesTcl,Horizontal displacement,5.905,0.00152876
OpenSeesTcl,Horizontal displacement,6.005,0.00141527
OpenSeesTcl,Horizontal displacement,6.105,-0.00187088
OpenSeesTcl,Horizontal displacement,6.205,-0.0173486
OpenSeesTcl,Horizontal displacement,6.305,-0.022783
OpenSeesTcl,Horizontal displacement,6.405,-0.00637568
OpenSeesTcl,Horizontal displacement,6.505,0.0150712
OpenSeesTcl,Horizontal displacement,6.605,0.0281498
OpenSeesTcl,Horizontal displacement,6.705,0.026194
OpenSeesTcl,Horizontal displacement,6.805,0.0339429
OpenSeesTcl,Horizontal displacement,6.905,0.0260989
OpenSeesTcl,Horizontal displacement,7.005,0.000881849
OpenSeesTcl,Horizontal displacement,7.105,-0.0238909
OpenSeesTcl,Horizontal displacement,7.205,-0.0374069
OpenSeesTcl,Horizontal displacement,7.305,-0.0362654
OpenSeesTcl,Horizontal displacement,7.405,-0.0375877
OpenSeesTcl,Horizontal displacement,7.505,-0.0402356
OpenSeesTcl,Horizontal displacement,7.605,-0.037938
OpenSeesTcl,Horizontal displacement,7.705,-0.0255994
OpenSeesTcl,Horizontal displacement,7.805,-0.018845
OpenSeesTcl,Horizontal displacement,7.905,-0.0246041
OpenSeesTcl,Horizontal displacement,8.005,-0.0237574
OpenSeesTcl,Horizontal displacement,8.105,-0.0039557
OpenSeesTcl,Horizontal displacement,8.205,0.0150048
OpenSeesTcl,Horizontal displacement,8.305,0.0205938
OpenSeesTcl,Horizontal displacement,8.405,0.0182952
OpenSeesTcl,Horizontal displacement,8.505,0.0265284
OpenSeesTcl,Horizontal displacement,8.605,0.0284519
OpenSeesTcl,Horizontal displacement,8.705,0.0150712
OpenSeesTcl,Horizontal displacement,8.805,-0.00717305
OpenSeesTcl,Horizontal displacement,8.905,-0.0296858
OpenSeesTcl,Horizontal displacement,9.005,-0.0407374
OpenSeesTcl,Horizontal displacement,9.105,-0.0330684
OpenSeesTcl,Horizontal displacement,9.205,-0.0288651
OpenSeesTcl,Horizontal displacement,9.305,-0.0298527
OpenSeesTcl,Horizontal displacement,9.405,-0.0289716
OpenSeesTcl,Horizontal displacement,9.505,-0.0202328
OpenSeesTcl,Horizontal displacement,9.605,-0.0114613
OpenSeesTcl,Horizontal displacement,9.705,-0.0145915
OpenSeesTcl,Horizontal displacement,9.805,-0.0223529
OpenSeesTcl,Horizontal displacement,9.905,-0.0287009
OpenSeesTcl,Horizontal displacement,10.005,-0.0297097
OpenSeesTcl,Horizontal displacement,10.105,-0.0261576
OpenSeesTcl,Horizontal displacement,10.205,-0.0259037
OpenSeesTcl,Horizontal displacement,10.305,-0.0303059
OpenSeesTcl,Horizontal displacement,10.405,-0.0276673
OpenSeesTcl,Horizontal displacement,10.505,-0.0229413
OpenSeesTcl,Horizontal displacement,10.605,-0.0235513
OpenSeesTcl,Horizontal displacement,10.705,-0.0226652
OpenSeesTcl,Horizontal displacement,10.805,-0.0245655
OpenSeesTcl,Horizontal displacement,10.905,-0.027921
OpenSeesTcl,Horizontal displacement,11.005,-0.0246508
OpenSeesTcl,Horizontal displacement,11.105,-0.0226636
OpenSeesTcl,Horizontal displacement,11.205,-0.026599
OpenSeesTcl,Horizontal displacement,11.305,-0.0266236
OpenSeesTcl,Horizontal displacement,11.405,-0.0250045
OpenSeesTcl,Horizontal displacement,11.505,-0.0260585
OpenSeesTcl,Horizontal displacement,11.605,-0.0249959
OpenSeesTcl,Horizontal displacement,11.705,-0.0245906
OpenSeesTcl,Horizontal displacement,11.805,-0.0255346
OpenSeesTcl,Horizontal displacement,11.905,-0.0244206
OpenSeesTcl,Horizontal displacement,12.005,-0.0243338
OpenSeesTcl,Horizontal displacement,12.105,-0.0265048
OpenSeesTcl,Horizontal displacement,12.205,-0.024984
OpenSeesTcl,Horizontal displacement,12.305,-0.0248695
OpenSeesTcl,Horizontal displacement,12.405,-0.0267512
OpenSeesTcl,Horizontal displacement,12.505,-0.0250937
OpenSeesTcl,Horizontal displacement,12.605,-0.0257047
OpenSeesTcl,Horizontal displacement,12.705,-0.0244899
OpenSeesTcl,Horizontal displacement,12.805,-0.025039
OpenSeesTcl,Horizontal displacement,12.905,-0.0249565
OpenSeesTcl,Horizontal displacement,13.005,-0.0255938
OpenSeesTcl,Horizontal displacement,13.105,-0.025825
OpenSeesTcl,Horizontal displacement,13.205,-0.0237772
OpenSeesTcl,Horizontal displacement,13.305,-0.0266504
OpenSeesTcl,Horizontal displacement,13.405,-0.0243548
OpenSeesTcl,Horizontal displacement,13.505,-0.0243207
OpenSeesTcl,Horizontal displacement,13.605,-0.0257721
OpenSeesTcl,Horizontal displacement,13.705,-0.0251448
OpenSeesTcl,Horizontal displacement,13.805,-0.0254327
OpenSeesTcl,Horizontal displacement,13.905,-0.0248954
OpenSeesTcl,Horizontal displacement,14.005,-0.0255397
OpenSeesTcl,Horizontal displacement,14.105,-0.02659
OpenSeesTcl,Horizontal displacement,14.205,-0.0235502
OpenSeesTcl,Horizontal displacement,14.305,-0.0255922
OpenSeesTcl,Horizontal displacement,14.405,-0.0256126
OpenSeesTcl,Horizontal displacement,14.505,-0.0228278
OpenSeesTcl,Horizontal displacement,14.605,-0.0255759
OpenSeesTcl,Horizontal displacement,14.705,-0.0249105
OpenSeesTcl,Horizontal displacement,14.805,-0.0243126
OpenSeesTcl,Horizontal displacement,14.905,-0.0264832
OpenSeesTcl,Horizontal displacement,15.005,-0.0243521
OpenSeesTcl,Horizontal displacement,15.105,-0.0239632
OpenSeesTcl,Horizontal displacement,15.205,-0.0260119
OpenSeesTcl,Horizontal displacement,15.305,-0.0244042
OpenSeesTcl,Horizontal displacement,15.405,-0.0256929
OpenSeesTcl,Horizontal displacement,15.505,-0.0250083
OpenSeesTcl,Horizontal displacement,15.605,-0.0246423
OpenSeesTcl,Horizontal displacement,15.705,-0.0253996
OpenSeesTcl,Horizontal displacement,15.805,-0.0246098
OpenSeesTcl,Horizontal displacement,15.905,-0.0264179
OpenSeesTcl,Horizontal displacement,16.005,-0.0237069
OpenSeesTcl,Horizontal displacement,16.105,-0.0251811
OpenSeesTcl,Horizontal displacement,16.205,-0.0260159
OpenSeesTcl,Horizontal displacement,16.305,-0.0242757
OpenSeesTcl,Horizontal displacement,16.405,-0.0259978
OpenSeesTcl,Horizontal displacement,16.505,-0.0248883
OpenSeesTcl,Horizontal displacement,16.605,-0.0254663
OpenSeesTcl,Horizontal displacement,16.705,-0.0250729
OpenSeesTcl,Horizontal displacement,16.805,-0.0245891
OpenSeesTcl,Horizontal displacement,16.905,-0.0252803
OpenSeesTcl,Horizontal displacement,17.005,-0.0255532
OpenSeesTcl,Horizontal displacement,17.105,-0.0242312
OpenSeesTcl,Horizontal displacement,17.205,-0.0256412
OpenSeesTcl,Horizontal displacement,17.305,-0.0260419
OpenSeesTcl,Horizontal displacement,17.405,-0.0247426
OpenSeesTcl,Horizontal displacement,17.505,-0.024723
OpenSeesTcl,Horizontal displacement,17.605,-0.0256359
OpenSeesTcl,Horizontal displacement,17.705,-0.0246535
OpenSeesTcl,Horizontal displacement,17.805,-0.025772
OpenSeesTcl,Horizontal displacement,17.905,-0.0250581
OpenSeesTcl,Horizontal displacement,18.005,-0.0239888
OpenSeesTcl,Horizontal displacement,18.105,-0.0258475
OpenSeesTcl,Horizontal displacement,18.205,-0.0248642
OpenSeesTcl,Horizontal displacement,18.305,-0.0250822
OpenSeesTcl,Horizontal displacement,18.405,-0.0249421
OpenSeesTcl,Horizontal displacement,18.505,-0.025384
OpenSeesTcl,Horizontal displacement,18.605,-0.0250904
OpenSeesTcl,Horizontal displacement,18.705,-0.0248419
OpenSeesTcl,Horizontal displacement,18.805,-0.0252477
OpenSeesTcl,Horizontal displacement,18.905,-0.0251074
OpenSeesTcl,Horizontal displacement,19.005,-0.0251294
OpenSeesTcl,Horizontal displacement,19.105,-0.024972
OpenSeesTcl,Horizontal displacement,19.205,-0.0251693
OpenSeesTcl,Horizontal displacement,19.305,-0.0252577
OpenSeesTcl,Horizontal displacement,19.405,-0.0246328
OpenSeesTcl,Horizontal displacement,19.505,-0.0252238
OpenSeesTcl,Horizontal displacement,19.605,-0.0256003
OpenSeesTcl,Horizontal displacement,19.705,-0.0243644
OpenSeesTcl,Horizontal displacement,19.805,-0.0258825
OpenSeesTcl,Horizontal displacement,19.905,-0.0243749
OpenSeesTcl,Horizontal displacement,20.005,-0.025422
OpenSeesTcl,Horizontal displacement,20.105,-0.0253151
OpenSeesTcl,Horizontal displacement,20.205,-0.0246348
OpenSeesTcl,Horizontal displacement,20.305,-0.0258279
OpenSeesTcl,Horizontal displacement,20.405,-0.024647
OpenSeesTcl,Horizontal displacement,20.505,-0.0252042
OpenSeesTcl,Horizontal displacement,20.605,-0.0249078
OpenSeesTcl,Horizontal displacement,20.705,-0.0251418
OpenSeesTcl,Horizontal displacement,20.805,-0.0251072
OpenSeesTcl,Horizontal displacement,20.905,-0.0244552
OpenSeesTcl,Horizontal displacement,21.005,-0.0257415
OpenSeesTcl,Horizontal displacement,21.105,-0.0248647
OpenSeesTcl,Horizontal displacement,21.205,-0.0252316
OpenSeesTcl,Horizontal displacement,21.305,-0.0250865
OpenSeesTcl,Horizontal displacement,21.405,-0.0250367
OpenSeesTcl,Horizontal displacement,21.505,-0.0252116
OpenSeesTcl,Horizontal displacement,21.605,-0.0248708
OpenSeesTcl,Horizontal displacement,21.705,-0.0251943
OpenSeesTcl,Horizontal displacement,21.805,-0.025028
OpenSeesTcl,Horizontal displacement,21.905,-0.0248799
OpenSeesTcl,Horizontal displacement,22.005,-0.0255031
OpenSeesTcl,Horizontal displacement,22.105,-0.0248351
OpenSeesTcl,Horizontal displacement,22.205,-0.0254521
OpenSeesTcl,Horizontal displacement,22.305,-0.0249605
OpenSeesTcl,Horizontal displacement,22.405,-0.0250994
OpenSeesTcl,Horizontal displacement,22.505,-0.0250896
OpenSeesTcl,Horizontal displacement,22.605,-0.0249795
OpenSeesTcl,Horizontal displacement,22.705,-0.0250021
OpenSeesTcl,Horizontal displacement,22.805,-0.0253402
OpenSeesTcl,Horizontal displacement,22.905,-0.0247459
OpenSeesTcl,Horizontal displacement,23.005,-0.0253294
OpenSeesTcl,Horizontal displacement,23.105,-0.0249036
OpenSeesTcl,Horizontal displacement,23.205,-0.0254296
OpenSeesTcl,Horizontal displacement,23.305,-0.0247469
OpenSeesTcl,Horizontal displacement,23.405,-0.0255137
OpenSeesTcl,Horizontal displacement,23.505,-0.0249331
OpenSeesTcl,Horizontal displacement,23.605,-0.0253244
OpenSeesTcl,Horizontal displacement,23.705,-0.0251663
OpenSeesTcl,Horizontal displacement,23.805,-0.0245299
OpenSeesTcl,Horizontal displacement,23.905,-0.0256475
OpenSeesTcl,Horizontal displacement,24.005,-0.0242362
OpenSeesTcl,Horizontal displacement,24.105,-0.0256868
OpenSeesTcl,Horizontal displacement,24.205,-0.0245139
OpenSeesTcl,Horizontal displacement,24.305,-0.025635
OpenSeesTcl,Horizontal displacement,24.405,-0.0248682
OpenSeesTcl,Horizontal displacement,24.505,-0.0250539
OpenSeesTcl,Horizontal displacement,24.605,-0.0251841
OpenSeesTcl,Horizontal displacement,24.705,-0.0250817
OpenSeesTcl,Horizontal displacement,24.805,-0.0249578
OpenSeesTcl,Horizontal displacement,24.905,-0.0253361
OpenSeesTcl,Horizontal displacement,25.005,-0.0247613
OpenSeesTcl,Horizontal displacement,25.105,-0.0252065
OpenSeesTcl,Horizontal displacement,25.205,-0.0247867
OpenSeesTcl,Horizontal displacement,25.305,-0.02568
OpenSeesTcl,Horizontal displacement,25.405,-0.0243169
OpenSeesTcl,Horizontal displacement,25.505,-0.0255321
OpenSeesTcl,Horizontal displacement,25.605,-0.0252743
OpenSeesTcl,Horizontal displacement,25.705,-0.024748
OpenSeesTcl,Horizontal displacement,25.805,-0.0258081
OpenSeesTcl,Horizontal displacement,25.905,-0.0243418
OpenSeesTcl,Horizontal displacement,26.005,-0.025719
OpenSeesTcl,Horizontal displacement,26.105,-0.0247665
OpenSeesTcl,Horizontal displacement,26.205,-0.024946
OpenSeesTcl,Horizontal displacement,26.305,-0.0256298
OpenSeesTcl,Horizontal displacement,26.405,-0.0246391
OpenSeesTcl,Horizontal displacement,26.505,-0.0256368
OpenSeesTcl,Horizontal displacement,26.605,-0.0246807
OpenSeesTcl,Horizontal displacement,26.705,-0.0255381
OpenSeesTcl,Horizontal displacement,26.805,-0.0246483
OpenSeesTcl,Horizontal displacement,26.905,-0.0256445
OpenSeesTcl,Horizontal displacement,27.005,-0.0243761
OpenSeesTcl,Horizontal displacement,27.105,-0.0257532
OpenSeesTcl,Horizontal displacement,27.205,-0.024663
OpenSeesTcl,Horizontal displacement,27.305,-0.0250119
OpenSeesTcl,Horizontal displacement,27.405,-0.0253967
OpenSeesTcl,Horizontal displacement,27.505,-0.0246014
OpenSeesTcl,Horizontal displacement,27.605,-0.0254745
OpenSeesTcl,Horizontal displacement,27.705,-0.0249994
OpenSeesTcl,Horizontal displacement,27.805,-0.0252784
OpenSeesTcl,Horizontal displacement,27.905,-0.0249045
OpenSeesTcl,Horizontal displacement,28.005,-0.0252934
OpenSeesTcl,Horizontal displacement,28.105,-0.0248693
OpenSeesTcl,Horizontal displacement,28.205,-0.0252071
OpenSeesTcl,Horizontal displacement,28.305,-0.0250882
OpenSeesTcl,Horizontal displacement,28.405,-0.0250037
OpenSeesTcl,Horizontal displacement,28.505,-0.0251449
OpenSeesTcl,Horizontal displacement,28.605,-0.025107
OpenSeesTcl,Horizontal displacement,28.705,-0.0251121
OpenSeesTcl,Horizontal displacement,28.805,-0.0250996
OpenSeesTcl,Horizontal displacement,28.905,-0.0251424
OpenSeesTcl,Horizontal displacement,29.005,-0.0250576
OpenSeesTcl,Horizontal displacement,29.105,-0.0252401
OpenSeesTcl,Horizontal displacement,29.205,-0.0250235
OpenSeesTcl,Horizontal displacement,29.305,-0.0250681
OpenSeesTcl,Horizontal displacement,29.405,-0.0251101
OpenSeesTcl,Horizontal displacement,29.505,-0.0249872
OpenSeesTcl,Horizontal displacement,29.605,-0.0251735
OpenSeesTcl,Horizontal displacement,29.705,-0.0250559
OpenSeesTcl,Horizontal displacement,29.805,-0.0250153
OpenSeesTcl,Horizontal displacement,29.905,-0.0251928
OpenSeesTcl,Horizontal displacement,30.005,-0.0250617
OpenSeesTcl,Horizontal displacement,30.105,-0.0250629
OpenSeesTcl,Horizontal displacement,30.205,-0.0252169
OpenSeesTcl,Horizontal displacement,30.305,-0.0249191
OpenSeesTcl,Horizontal displacement,30.405,-0.0252425
OpenSeesTcl,Horizontal displacement,30.505,-0.0249683
OpenSeesTcl,Horizontal displacement,30.605,-0.0252
OpenSeesTcl,Horizontal displacement,30.705,-0.0250222
OpenSeesTcl,Horizontal displacement,30.805,-0.025177
OpenSeesTcl,Horizontal displacement,30.905,-0.0250256
OpenSeesTcl,Horizontal displacement,31.005,-0.0251564
OpenSeesTcl,Horizontal displacement,31.105,-0.0250405
OpenSeesTcl,Horizontal displacement,31.205,-0.0251391
OpenSeesTcl,Horizontal displacement,31.305,-0.0250565
OpenSeesTcl,Horizontal displacement,31.405,-0.0251244
OpenSeesTcl,Horizontal displacement,31.505,-0.0250718
OpenSeesTcl,Horizontal displacement,31.605,-0.0251076
OpenSeesTcl,Horizontal displacement,31.705,-0.0250883
OpenSeesTcl,Horizontal displacement,31.805,-0.025093
OpenSeesTcl,Horizontal displacement,31.905,-0.0251018
OpenSeesTcl,Horizontal displacement,32.005,-0.0251022
OpenSeesTcl,Horizontal displacement,32.105,-0.0250918
OpenSeesTcl,Horizontal displacement,32.205,-0.0250904
OpenSeesTcl,Horizontal displacement,32.305,-0.0251027
OpenSeesTcl,Horizontal displacement,32.405,-0.0250816
OpenSeesMatlab,Horizontal acceleration,0.005,0.0487038
OpenSeesMatlab,Horizontal acceleration,0.105,0.031819
OpenSeesMatlab,Horizontal acceleration,0.205,0.0180276
OpenSeesMatlab,Horizontal acceleration,0.305,0.00107079
OpenSeesMatlab,Horizontal acceleration,0.405,0.000122801
OpenSeesMatlab,Horizontal acceleration,0.505,0.00250633
OpenSeesMatlab,Horizontal acceleration,0.605,-0.00834072
OpenSeesMatlab,Horizontal acceleration,0.705,0.00777696
OpenSeesMatlab,Horizontal acceleration,0.805,0.0179331
OpenSeesMatlab,Horizontal acceleration,0.905,0.000967745
OpenSeesMatlab,Horizontal acceleration,1.005,-0.00474611
OpenSeesMatlab,Horizontal acceleration,1.105,0.0240166
OpenSeesMatlab,Horizontal acceleration,1.205,-0.107968
OpenSeesMatlab,Horizontal acceleration,1.305,-0.109032
OpenSeesMatlab,Horizontal acceleration,1.405,0.0740358
OpenSeesMatlab,Horizontal acceleration,1.505,-0.102218
OpenSeesMatlab,Horizontal acceleration,1.605,0.331492
OpenSeesMatlab,Horizontal acceleration,1.705,0.207888
OpenSeesMatlab,Horizontal acceleration,1.805,0.099899
OpenSeesMatlab,Horizontal acceleration,1.905,0.0913949
OpenSeesMatlab,Horizontal acceleration,2.005,0.196701
OpenSeesMatlab,Horizontal acceleration,2.105,-0.0436733
OpenSeesMatlab,Horizontal acceleration,2.205,0.165456
OpenSeesMatlab,Horizontal acceleration,2.305,0.189612
OpenSeesMatlab,Horizontal acceleration,2.405,-0.182434
OpenSeesMatlab,Horizontal acceleration,2.505,0.0142656
OpenSeesMatlab,Horizontal acceleration,2.605,0.0745757
OpenSeesMatlab,Horizontal acceleration,2.705,0.317404
OpenSeesMatlab,Horizontal acceleration,2.805,0.0025224
OpenSeesMatlab,Horizontal acceleration,2.905,0.0263075
OpenSeesMatlab,Horizontal acceleration,3.005,0.199341
OpenSeesMatlab,Horizontal acceleration,3.105,-0.153161
OpenSeesMatlab,Horizontal acceleration,3.205,0.207689
OpenSeesMatlab,Horizontal acceleration,3.305,0.139523
OpenSeesMatlab,Horizontal acceleration,3.405,0.067585
OpenSeesMatlab,Horizontal acceleration,3.505,0.041168
OpenSeesMatlab,Horizontal acceleration,3.605,0.10703
OpenSeesMatlab,Horizontal acceleration,3.705,-0.171869
OpenSeesMatlab,Horizontal acceleration,3.805,0.267785
OpenSeesMatlab,Horizontal acceleration,3.905,-0.061474
OpenSeesMatlab,Horizontal acceleration,4.005,-0.711055
OpenSeesMatlab,Horizontal acceleration,4.105,-0.682247
OpenSeesMatlab,Horizontal acceleration,4.205,0.113839
OpenSeesMatlab,Horizontal acceleration,4.305,-0.245785
OpenSeesMatlab,Horizontal acceleration,4.405,0.298703
OpenSeesMatlab,Horizontal acceleration,4.505,-0.00465458
OpenSeesMatlab,Horizontal acceleration,4.605,1.13719
OpenSeesMatlab,Horizontal acceleration,4.705,0.214429
OpenSeesMatlab,Horizontal acceleration,4.805,-0.0599135
OpenSeesMatlab,Horizontal acceleration,4.905,0.0670862
OpenSeesMatlab,Horizontal acceleration,5.005,0.150234
OpenSeesMatlab,Horizontal acceleration,5.105,-0.275222
OpenSeesMatlab,Horizontal acceleration,5.205,0.230437
OpenSeesMatlab,Horizontal acceleration,5.305,-0.584859
OpenSeesMatlab,Horizontal acceleration,5.405,0.346721
OpenSeesMatlab,Horizontal acceleration,5.505,0.331807
OpenSeesMatlab,Horizontal acceleration,5.605,0.533699
OpenSeesMatlab,Horizontal acceleration,5.705,-0.443388
OpenSeesMatlab,Horizontal acceleration,5.805,-0.255307
OpenSeesMatlab,Horizontal acceleration,5.905,-0.000637171
OpenSeesMatlab,Horizontal acceleration,6.005,-0.217305
OpenSeesMatlab,Horizontal acceleration,6.105,-0.229221
OpenSeesMatlab,Horizontal acceleration,6.205,0.598372
OpenSeesMatlab,Horizontal acceleration,6.305,-0.0370917
OpenSeesMatlab,Horizontal acceleration,6.405,-0.396661
OpenSeesMatlab,Horizontal acceleration,6.505,0.0599144
OpenSeesMatlab,Horizontal acceleration,6.605,0.0372001
OpenSeesMatlab,Horizontal acceleration,6.705,-0.146374
OpenSeesMatlab,Horizontal acceleration,6.805,0.343543
OpenSeesMatlab,Horizontal acceleration,6.905,-0.876145
OpenSeesMatlab,Horizontal acceleration,7.005,0.203634
OpenSeesMatlab,Horizontal acceleration,7.105,-0.554334
OpenSeesMatlab,Horizontal acceleration,7.205,-1.05715
OpenSeesMatlab,Horizontal acceleration,7.305,0.152043
OpenSeesMatlab,Horizontal acceleration,7.405,0.154203
OpenSeesMatlab,Horizontal acceleration,7.505,-0.0181704
OpenSeesMatlab,Horizontal acceleration,7.605,0.0613371
OpenSeesMatlab,Horizontal acceleration,7.705,0.537786
OpenSeesMatlab,Horizontal acceleration,7.805,-0.220822
OpenSeesMatlab,Horizontal acceleration,7.905,-0.146371
OpenSeesMatlab,Horizontal acceleration,8.005,0.251414
OpenSeesMatlab,Horizontal acceleration,8.105,-1.37117
OpenSeesMatlab,Horizontal acceleration,8.205,0.419808
OpenSeesMatlab,Horizontal acceleration,8.305,0.70963
OpenSeesMatlab,Horizontal acceleration,8.405,0.0163512
OpenSeesMatlab,Horizontal acceleration,8.505,-0.0130568
OpenSeesMatlab,Horizontal acceleration,8.605,-0.121376
OpenSeesMatlab,Horizontal acceleration,8.705,-0.126538
OpenSeesMatlab,Horizontal acceleration,8.805,-0.152294
OpenSeesMatlab,Horizontal acceleration,8.905,0.419537
OpenSeesMatlab,Horizontal acceleration,9.005,-0.617642
OpenSeesMatlab,Horizontal acceleration,9.105,0.092259
OpenSeesMatlab,Horizontal acceleration,9.205,-0.0417805
OpenSeesMatlab,Horizontal acceleration,9.305,-0.111744
OpenSeesMatlab,Horizontal acceleration,9.405,-0.0334889
OpenSeesMatlab,Horizontal acceleration,9.505,-0.148074
OpenSeesMatlab,Horizontal acceleration,9.605,-0.199203
OpenSeesMatlab,Horizontal acceleration,9.705,0.278158
OpenSeesMatlab,Horizontal acceleration,9.805,0.349845
OpenSeesMatlab,Horizontal acceleration,9.905,-0.0649338
OpenSeesMatlab,Horizontal acceleration,10.005,0.132232
OpenSeesMatlab,Horizontal acceleration,10.105,-0.197777
OpenSeesMatlab,Horizontal acceleration,10.205,0.173804
OpenSeesMatlab,Horizontal acceleration,10.305,0.0800108
OpenSeesMatlab,Horizontal acceleration,10.405,-0.26877
OpenSeesMatlab,Horizontal acceleration,10.505,-0.0157963
OpenSeesMatlab,Horizontal acceleration,10.605,0.178057
OpenSeesMatlab,Horizontal acceleration,10.705,-0.0463034
OpenSeesMatlab,Horizontal acceleration,10.805,0.0274937
OpenSeesMatlab,Horizontal acceleration,10.905,0.0534157
OpenSeesMatlab,Horizontal acceleration,11.005,0.0951687
OpenSeesMatlab,Horizontal acceleration,11.105,-0.113349
OpenSeesMatlab,Horizontal acceleration,11.205,0.0476404
OpenSeesMatlab,Horizontal acceleration,11.305,0.0405223
OpenSeesMatlab,Horizontal acceleration,11.405,-0.0235429
OpenSeesMatlab,Horizontal acceleration,11.505,0.00708125
OpenSeesMatlab,Horizontal acceleration,11.605,-0.0192189
OpenSeesMatlab,Horizontal acceleration,11.705,-0.00665741
OpenSeesMatlab,Horizontal acceleration,11.805,0.0781421
OpenSeesMatlab,Horizontal acceleration,11.905,0.0260593
OpenSeesMatlab,Horizontal acceleration,12.005,0.0465125
OpenSeesMatlab,Horizontal acceleration,12.105,0.13429
OpenSeesMatlab,Horizontal acceleration,12.205,0.0240599
OpenSeesMatlab,Horizontal acceleration,12.305,0.00540553
OpenSeesMatlab,Horizontal acceleration,12.405,0.186145
OpenSeesMatlab,Horizontal acceleration,12.505,-0.0346624
OpenSeesMatlab,Horizontal acceleration,12.605,0.0917737
OpenSeesMatlab,Horizontal acceleration,12.705,-0.111885
OpenSeesMatlab,Horizontal acceleration,12.805,0.0315956
OpenSeesMatlab,Horizontal acceleration,12.905,-0.119538
OpenSeesMatlab,Horizontal acceleration,13.005,-0.0798098
OpenSeesMatlab,Horizontal acceleration,13.105,0.0249477
OpenSeesMatlab,Horizontal acceleration,13.205,-0.0907063
OpenSeesMatlab,Horizontal acceleration,13.305,0.275834
OpenSeesMatlab,Horizontal acceleration,13.405,-0.132889
OpenSeesMatlab,Horizontal acceleration,13.505,-0.0649537
OpenSeesMatlab,Horizontal acceleration,13.605,0.0379537
OpenSeesMatlab,Horizontal acceleration,13.705,0.0149478
OpenSeesMatlab,Horizontal acceleration,13.805,0.090063
OpenSeesMatlab,Horizontal acceleration,13.905,0.0489227
OpenSeesMatlab,Horizontal acceleration,14.005,0.0187576
OpenSeesMatlab,Horizontal acceleration,14.105,0.18252
OpenSeesMatlab,Horizontal acceleration,14.205,-0.222623
OpenSeesMatlab,Horizontal acceleration,14.305,-0.0654817
OpenSeesMatlab,Horizontal acceleration,14.405,0.114497
OpenSeesMatlab,Horizontal acceleration,14.505,-0.18789
OpenSeesMatlab,Horizontal acceleration,14.605,0.0383404
OpenSeesMatlab,Horizontal acceleration,14.705,0.00478066
OpenSeesMatlab,Horizontal acceleration,14.805,-0.0916307
OpenSeesMatlab,Horizontal acceleration,14.905,0.11648
OpenSeesMatlab,Horizontal acceleration,15.005,-0.0654347
OpenSeesMatlab,Horizontal acceleration,15.105,-0.0560873
OpenSeesMatlab,Horizontal acceleration,15.205,0.0662635
OpenSeesMatlab,Horizontal acceleration,15.305,-0.157275
OpenSeesMatlab,Horizontal acceleration,15.405,0.0811558
OpenSeesMatlab,Horizontal acceleration,15.505,0.0109275
OpenSeesMatlab,Horizontal acceleration,15.605,-0.0192287
OpenSeesMatlab,Horizontal acceleration,15.705,0.103046
OpenSeesMatlab,Horizontal acceleration,15.805,-0.070825
OpenSeesMatlab,Horizontal acceleration,15.905,0.100121
OpenSeesMatlab,Horizontal acceleration,16.005,-0.0843372
OpenSeesMatlab,Horizontal acceleration,16.105,0.0292134
OpenSeesMatlab,Horizontal acceleration,16.205,0.0597128
OpenSeesMatlab,Horizontal acceleration,16.305,-0.0921164
OpenSeesMatlab,Horizontal acceleration,16.405,0.0751779
OpenSeesMatlab,Horizontal acceleration,16.505,-0.0886024
OpenSeesMatlab,Horizontal acceleration,16.605,0.0488454
OpenSeesMatlab,Horizontal acceleration,16.705,-0.0343126
OpenSeesMatlab,Horizontal acceleration,16.805,-0.0366907
OpenSeesMatlab,Horizontal acceleration,16.905,0.0163528
OpenSeesMatlab,Horizontal acceleration,17.005,0.087042
OpenSeesMatlab,Horizontal acceleration,17.105,-0.0873329
OpenSeesMatlab,Horizontal acceleration,17.205,0.0540908
OpenSeesMatlab,Horizontal acceleration,17.305,0.029751
OpenSeesMatlab,Horizontal acceleration,17.405,-0.0285704
OpenSeesMatlab,Horizontal acceleration,17.505,-0.0620538
OpenSeesMatlab,Horizontal acceleration,17.605,0.0873044
OpenSeesMatlab,Horizontal acceleration,17.705,-0.105301
OpenSeesMatlab,Horizontal acceleration,17.805,0.110826
OpenSeesMatlab,Horizontal acceleration,17.905,0.0351319
OpenSeesMatlab,Horizontal acceleration,18.005,-0.0690157
OpenSeesMatlab,Horizontal acceleration,18.105,0.105884
OpenSeesMatlab,Horizontal acceleration,18.205,-0.0400746
OpenSeesMatlab,Horizontal acceleration,18.305,0.0350391
OpenSeesMatlab,Horizontal acceleration,18.405,-0.0519331
OpenSeesMatlab,Horizontal acceleration,18.505,0.00897726
OpenSeesMatlab,Horizontal acceleration,18.605,-0.0106988
OpenSeesMatlab,Horizontal acceleration,18.705,-0.027313
OpenSeesMatlab,Horizontal acceleration,18.805,0.0324883
OpenSeesMatlab,Horizontal acceleration,18.905,-0.0339658
OpenSeesMatlab,Horizontal acceleration,19.005,-0.0329904
OpenSeesMatlab,Horizontal acceleration,19.105,-0.0410225
OpenSeesMatlab,Horizontal acceleration,19.205,0.0516594
OpenSeesMatlab,Horizontal acceleration,19.305,0.0087971
OpenSeesMatlab,Horizontal acceleration,19.405,-0.046262
OpenSeesMatlab,Horizontal acceleration,19.505,-0.0332418
OpenSeesMatlab,Horizontal acceleration,19.605,0.0529337
OpenSeesMatlab,Horizontal acceleration,19.705,-0.0840475
OpenSeesMatlab,Horizontal acceleration,19.805,0.188426
OpenSeesMatlab,Horizontal acceleration,19.905,-0.0821808
OpenSeesMatlab,Horizontal acceleration,20.005,0.0494558
OpenSeesMatlab,Horizontal acceleration,20.105,0.0140775
OpenSeesMatlab,Horizontal acceleration,20.205,-0.0572759
OpenSeesMatlab,Horizontal acceleration,20.305,0.0670137
OpenSeesMatlab,Horizontal acceleration,20.405,-0.133777
OpenSeesMatlab,Horizontal acceleration,20.505,0.0581641
OpenSeesMatlab,Horizontal acceleration,20.605,-0.0502668
OpenSeesMatlab,Horizontal acceleration,20.705,0.0289727
OpenSeesMatlab,Horizontal acceleration,20.805,-0.00996295
OpenSeesMatlab,Horizontal acceleration,20.905,-0.102656
OpenSeesMatlab,Horizontal acceleration,21.005,0.165546
OpenSeesMatlab,Horizontal acceleration,21.105,-0.0345884
OpenSeesMatlab,Horizontal acceleration,21.205,0.0346113
OpenSeesMatlab,Horizontal acceleration,21.305,-0.0469103
OpenSeesMatlab,Horizontal acceleration,21.405,-0.00997817
OpenSeesMatlab,Horizontal acceleration,21.505,0.0615916
OpenSeesMatlab,Horizontal acceleration,21.605,-0.0292367
OpenSeesMatlab,Horizontal acceleration,21.705,0.0294746
OpenSeesMatlab,Horizontal acceleration,21.805,0.000213592
OpenSeesMatlab,Horizontal acceleration,21.905,-0.047928
OpenSeesMatlab,Horizontal acceleration,22.005,0.0518899
OpenSeesMatlab,Horizontal acceleration,22.105,-0.0209446
OpenSeesMatlab,Horizontal acceleration,22.205,0.0541417
OpenSeesMatlab,Horizontal acceleration,22.305,-0.0425323
OpenSeesMatlab,Horizontal acceleration,22.405,0.023637
OpenSeesMatlab,Horizontal acceleration,22.505,0.0133981
OpenSeesMatlab,Horizontal acceleration,22.605,-0.00370786
OpenSeesMatlab,Horizontal acceleration,22.705,-0.00907348
OpenSeesMatlab,Horizontal acceleration,22.805,0.0524058
OpenSeesMatlab,Horizontal acceleration,22.905,-0.0509819
OpenSeesMatlab,Horizontal acceleration,23.005,0.0733231
OpenSeesMatlab,Horizontal acceleration,23.105,-0.0676998
OpenSeesMatlab,Horizontal acceleration,23.205,0.0524881
OpenSeesMatlab,Horizontal acceleration,23.305,-0.053469
OpenSeesMatlab,Horizontal acceleration,23.405,0.0388869
OpenSeesMatlab,Horizontal acceleration,23.505,-0.0398702
OpenSeesMatlab,Horizontal acceleration,23.605,0.0410082
OpenSeesMatlab,Horizontal acceleration,23.705,0.00639218
OpenSeesMatlab,Horizontal acceleration,23.805,-0.0663006
OpenSeesMatlab,Horizontal acceleration,23.905,0.115825
OpenSeesMatlab,Horizontal acceleration,24.005,-0.117664
OpenSeesMatlab,Horizontal acceleration,24.105,0.135196
OpenSeesMatlab,Horizontal acceleration,24.205,-0.113285
OpenSeesMatlab,Horizontal acceleration,24.305,0.102736
OpenSeesMatlab,Horizontal acceleration,24.405,-0.0311894
OpenSeesMatlab,Horizontal acceleration,24.505,0.00758833
OpenSeesMatlab,Horizontal acceleration,24.605,0.0135547
OpenSeesMatlab,Horizontal acceleration,24.705,-0.00233388
OpenSeesMatlab,Horizontal acceleration,24.805,0.0117726
OpenSeesMatlab,Horizontal acceleration,24.905,0.0755711
OpenSeesMatlab,Horizontal acceleration,25.005,-0.0338252
OpenSeesMatlab,Horizontal acceleration,25.105,0.0518723
OpenSeesMatlab,Horizontal acceleration,25.205,-0.0468354
OpenSeesMatlab,Horizontal acceleration,25.305,0.109607
OpenSeesMatlab,Horizontal acceleration,25.405,-0.0480452
OpenSeesMatlab,Horizontal acceleration,25.505,0.0795196
OpenSeesMatlab,Horizontal acceleration,25.605,0.0131016
OpenSeesMatlab,Horizontal acceleration,25.705,-0.0786823
OpenSeesMatlab,Horizontal acceleration,25.805,0.0552043
OpenSeesMatlab,Horizontal acceleration,25.905,-0.105647
OpenSeesMatlab,Horizontal acceleration,26.005,0.13806
OpenSeesMatlab,Horizontal acceleration,26.105,-0.0308541
OpenSeesMatlab,Horizontal acceleration,26.205,-0.0194833
OpenSeesMatlab,Horizontal acceleration,26.305,0.0493528
OpenSeesMatlab,Horizontal acceleration,26.405,-0.084227
OpenSeesMatlab,Horizontal acceleration,26.505,0.0719957
OpenSeesMatlab,Horizontal acceleration,26.605,-0.0647398
OpenSeesMatlab,Horizontal acceleration,26.705,0.0860736
OpenSeesMatlab,Horizontal acceleration,26.805,-0.118207
OpenSeesMatlab,Horizontal acceleration,26.905,0.123474
OpenSeesMatlab,Horizontal acceleration,27.005,-0.0969976
OpenSeesMatlab,Horizontal acceleration,27.105,0.0866837
OpenSeesMatlab,Horizontal acceleration,27.205,-0.119325
OpenSeesMatlab,Horizontal acceleration,27.305,0.02225
OpenSeesMatlab,Horizontal acceleration,27.405,0.08724
OpenSeesMatlab,Horizontal acceleration,27.505,-0.0456501
OpenSeesMatlab,Horizontal acceleration,27.605,0.0258445
OpenSeesMatlab,Horizontal acceleration,27.705,-0.0384868
OpenSeesMatlab,Horizontal acceleration,27.805,0.0606235
OpenSeesMatlab,Horizontal acceleration,27.905,-0.0577051
OpenSeesMatlab,Horizontal acceleration,28.005,0.0525883
OpenSeesMatlab,Horizontal acceleration,28.105,-0.0236711
OpenSeesMatlab,Horizontal acceleration,28.205,0.0261206
OpenSeesMatlab,Horizontal acceleration,28.305,-0.0227195
OpenSeesMatlab,Horizontal acceleration,28.405,-0.0183154
OpenSeesMatlab,Horizontal acceleration,28.505,0.0272152
OpenSeesMatlab,Horizontal acceleration,28.605,-0.00582573
OpenSeesMatlab,Horizontal acceleration,28.705,-0.0078878
OpenSeesMatlab,Horizontal acceleration,28.805,-0.000217317
OpenSeesMatlab,Horizontal acceleration,28.905,-0.00176124
OpenSeesMatlab,Horizontal acceleration,29.005,-0.0205515
OpenSeesMatlab,Horizontal acceleration,29.105,0.0170897
OpenSeesMatlab,Horizontal acceleration,29.205,-0.0113712
OpenSeesMatlab,Horizontal acceleration,29.305,0.0050035
OpenSeesMatlab,Horizontal acceleration,29.405,0.00698896
OpenSeesMatlab,Horizontal acceleration,29.505,-0.0129487
OpenSeesMatlab,Horizontal acceleration,29.605,0.00959729
OpenSeesMatlab,Horizontal acceleration,29.705,0.0178103
OpenSeesMatlab,Horizontal acceleration,29.805,-0.000341169
OpenSeesMatlab,Horizontal acceleration,29.905,-0.0037379
OpenSeesMatlab,Horizontal acceleration,30.005,-0.0198304
OpenSeesMatlab,Horizontal acceleration,30.105,0.010579
OpenSeesMatlab,Horizontal acceleration,30.205,0.0227831
OpenSeesMatlab,Horizontal acceleration,30.305,-0.040692
OpenSeesMatlab,Horizontal acceleration,30.405,0.0344506
OpenSeesMatlab,Horizontal acceleration,30.505,-0.0148694
OpenSeesMatlab,Horizontal acceleration,30.605,0.0161016
OpenSeesMatlab,Horizontal acceleration,30.705,-0.0204426
OpenSeesMatlab,Horizontal acceleration,30.805,0.022893
OpenSeesMatlab,Horizontal acceleration,30.905,-0.00773898
OpenSeesMatlab,Horizontal acceleration,31.005,0.0133511
OpenSeesMatlab,Horizontal acceleration,31.105,-0.0109314
OpenSeesMatlab,Horizontal acceleration,31.205,0.0118286
OpenSeesMatlab,Horizontal acceleration,31.305,-0.00999889
OpenSeesMatlab,Horizontal acceleration,31.405,0.0038715
OpenSeesMatlab,Horizontal acceleration,31.505,-0.00394066
OpenSeesMatlab,Horizontal acceleration,31.605,0.003574
OpenSeesMatlab,Horizontal acceleration,31.705,-0.00315982
OpenSeesMatlab,Horizontal acceleration,31.805,-0.000309154
OpenSeesMatlab,Horizontal acceleration,31.905,-0.00209512
OpenSeesMatlab,Horizontal acceleration,32.005,-0.00200445
OpenSeesMatlab,Horizontal acceleration,32.105,-0.000442371
OpenSeesMatlab,Horizontal acceleration,32.205,0.00158447
OpenSeesMatlab,Horizontal acceleration,32.305,0.00188976
OpenSeesMatlab,Horizontal acceleration,32.405,-0.00240067
OpenSeesTcl,Horizontal acceleration,0.005,0.0487038
OpenSeesTcl,Horizontal acceleration,0.105,0.031819
OpenSeesTcl,Horizontal acceleration,0.205,0.0180276
OpenSeesTcl,Horizontal acceleration,0.305,0.00107079
OpenSeesTcl,Horizontal acceleration,0.405,0.000122801
OpenSeesTcl,Horizontal acceleration,0.505,0.00250633
OpenSeesTcl,Horizontal acceleration,0.605,-0.00834072
OpenSeesTcl,Horizontal acceleration,0.705,0.00777696
OpenSeesTcl,Horizontal acceleration,0.805,0.0179331
OpenSeesTcl,Horizontal acceleration,0.905,0.000967745
OpenSeesTcl,Horizontal acceleration,1.005,-0.00474611
OpenSeesTcl,Horizontal acceleration,1.105,0.0240166
OpenSeesTcl,Horizontal acceleration,1.205,-0.107968
OpenSeesTcl,Horizontal acceleration,1.305,-0.109032
OpenSeesTcl,Horizontal acceleration,1.405,0.0740358
OpenSeesTcl,Horizontal acceleration,1.505,-0.102218
OpenSeesTcl,Horizontal acceleration,1.605,0.331492
OpenSeesTcl,Horizontal acceleration,1.705,0.207888
OpenSeesTcl,Horizontal acceleration,1.805,0.099899
OpenSeesTcl,Horizontal acceleration,1.905,0.0913949
OpenSeesTcl,Horizontal acceleration,2.005,0.196701
OpenSeesTcl,Horizontal acceleration,2.105,-0.0436733
OpenSeesTcl,Horizontal acceleration,2.205,0.165456
OpenSeesTcl,Horizontal acceleration,2.305,0.189612
OpenSeesTcl,Horizontal acceleration,2.405,-0.182434
OpenSeesTcl,Horizontal acceleration,2.505,0.0142656
OpenSeesTcl,Horizontal acceleration,2.605,0.0745757
OpenSeesTcl,Horizontal acceleration,2.705,0.317404
OpenSeesTcl,Horizontal acceleration,2.805,0.0025224
OpenSeesTcl,Horizontal acceleration,2.905,0.0263075
OpenSeesTcl,Horizontal acceleration,3.005,0.199341
OpenSeesTcl,Horizontal acceleration,3.105,-0.153161
OpenSeesTcl,Horizontal acceleration,3.205,0.207689
OpenSeesTcl,Horizontal acceleration,3.305,0.139523
OpenSeesTcl,Horizontal acceleration,3.405,0.067585
OpenSeesTcl,Horizontal acceleration,3.505,0.041168
OpenSeesTcl,Horizontal acceleration,3.605,0.10703
OpenSeesTcl,Horizontal acceleration,3.705,-0.171869
OpenSeesTcl,Horizontal acceleration,3.805,0.267785
OpenSeesTcl,Horizontal acceleration,3.905,-0.061474
OpenSeesTcl,Horizontal acceleration,4.005,-0.711055
OpenSeesTcl,Horizontal acceleration,4.105,-0.682247
OpenSeesTcl,Horizontal acceleration,4.205,0.113839
OpenSeesTcl,Horizontal acceleration,4.305,-0.245785
OpenSeesTcl,Horizontal acceleration,4.405,0.298703
OpenSeesTcl,Horizontal acceleration,4.505,-0.00465458
OpenSeesTcl,Horizontal acceleration,4.605,1.13719
OpenSeesTcl,Horizontal acceleration,4.705,0.214429
OpenSeesTcl,Horizontal acceleration,4.805,-0.0599135
OpenSeesTcl,Horizontal acceleration,4.905,0.0670862
OpenSeesTcl,Horizontal acceleration,5.005,0.150234
OpenSeesTcl,Horizontal acceleration,5.105,-0.275222
OpenSeesTcl,Horizontal acceleration,5.205,0.230437
OpenSeesTcl,Horizontal acceleration,5.305,-0.584859
OpenSeesTcl,Horizontal acceleration,5.405,0.346721
OpenSeesTcl,Horizontal acceleration,5.505,0.331807
OpenSeesTcl,Horizontal acceleration,5.605,0.533699
OpenSeesTcl,Horizontal acceleration,5.705,-0.443388
OpenSeesTcl,Horizontal acceleration,5.805,-0.255307
OpenSeesTcl,Horizontal acceleration,5.905,-0.000637171
OpenSeesTcl,Horizontal acceleration,6.005,-0.217305
OpenSeesTcl,Horizontal acceleration,6.105,-0.229221
OpenSeesTcl,Horizontal acceleration,6.205,0.598372
OpenSeesTcl,Horizontal acceleration,6.305,-0.0370917
OpenSeesTcl,Horizontal acceleration,6.405,-0.396661
OpenSeesTcl,Horizontal acceleration,6.505,0.0599144
OpenSeesTcl,Horizontal acceleration,6.605,0.0372001
OpenSeesTcl,Horizontal acceleration,6.705,-0.146374
OpenSeesTcl,Horizontal acceleration,6.805,0.343543
OpenSeesTcl,Horizontal acceleration,6.905,-0.876145
OpenSeesTcl,Horizontal acceleration,7.005,0.203634
OpenSeesTcl,Horizontal acceleration,7.105,-0.554334
OpenSeesTcl,Horizontal acceleration,7.205,-1.05715
OpenSeesTcl,Horizontal acceleration,7.305,0.152043
OpenSeesTcl,Horizontal acceleration,7.405,0.154203
OpenSeesTcl,Horizontal acceleration,7.505,-0.0181704
OpenSeesTcl,Horizontal acceleration,7.605,0.0613371
OpenSeesTcl,Horizontal acceleration,7.705,0.537786
OpenSeesTcl,Horizontal acceleration,7.805,-0.220822
OpenSeesTcl,Horizontal acceleration,7.905,-0.146371
OpenSeesTcl,Horizontal acceleration,8.005,0.251414
OpenSeesTcl,Horizontal acceleration,8.105,-1.37117
OpenSeesTcl,Horizontal acceleration,8.205,0.419808
OpenSeesTcl,Horizontal acceleration,8.305,0.70963
OpenSeesTcl,Horizontal acceleration,8.405,0.0163512
OpenSeesTcl,Horizontal acceleration,8.505,-0.0130568
OpenSeesTcl,Horizontal acceleration,8.605,-0.121376
OpenSeesTcl,Horizontal acceleration,8.705,-0.126538
OpenSeesTcl,Horizontal acceleration,8.805,-0.152294
OpenSeesTcl,Horizontal acceleration,8.905,0.419537
OpenSeesTcl,Horizontal acceleration,9.005,-0.617642
OpenSeesTcl,Horizontal acceleration,9.105,0.092259
OpenSeesTcl,Horizontal acceleration,9.205,-0.0417805
OpenSeesTcl,Horizontal acceleration,9.305,-0.111744
OpenSeesTcl,Horizontal acceleration,9.405,-0.0334889
OpenSeesTcl,Horizontal acceleration,9.505,-0.148074
OpenSeesTcl,Horizontal acceleration,9.605,-0.199203
OpenSeesTcl,Horizontal acceleration,9.705,0.278158
OpenSeesTcl,Horizontal acceleration,9.805,0.349845
OpenSeesTcl,Horizontal acceleration,9.905,-0.0649338
OpenSeesTcl,Horizontal acceleration,10.005,0.132232
OpenSeesTcl,Horizontal acceleration,10.105,-0.197777
OpenSeesTcl,Horizontal acceleration,10.205,0.173804
OpenSeesTcl,Horizontal acceleration,10.305,0.0800108
OpenSeesTcl,Horizontal acceleration,10.405,-0.26877
OpenSeesTcl,Horizontal acceleration,10.505,-0.0157963
OpenSeesTcl,Horizontal acceleration,10.605,0.178057
OpenSeesTcl,Horizontal acceleration,10.705,-0.0463034
OpenSeesTcl,Horizontal acceleration,10.805,0.0274937
OpenSeesTcl,Horizontal acceleration,10.905,0.0534157
OpenSeesTcl,Horizontal acceleration,11.005,0.0951687
OpenSeesTcl,Horizontal acceleration,11.105,-0.113349
OpenSeesTcl,Horizontal acceleration,11.205,0.0476404
OpenSeesTcl,Horizontal acceleration,11.305,0.0405223
OpenSeesTcl,Horizontal acceleration,11.405,-0.0235429
OpenSeesTcl,Horizontal acceleration,11.505,0.00708125
OpenSeesTcl,Horizontal acceleration,11.605,-0.0192189
OpenSeesTcl,Horizontal acceleration,11.705,-0.00665741
OpenSeesTcl,Horizontal acceleration,11.805,0.0781421
OpenSeesTcl,Horizontal acceleration,11.905,0.0260593
OpenSeesTcl,Horizontal acceleration,12.005,0.0465125
OpenSeesTcl,Horizontal acceleration,12.105,0.13429
OpenSeesTcl,Horizontal acceleration,12.205,0.0240599
OpenSeesTcl,Horizontal acceleration,12.305,0.00540553
OpenSeesTcl,Horizontal acceleration,12.405,0.186145
OpenSeesTcl,Horizontal acceleration,12.505,-0.0346624
OpenSeesTcl,Horizontal acceleration,12.605,0.0917737
OpenSeesTcl,Horizontal acceleration,12.705,-0.111885
OpenSeesTcl,Horizontal acceleration,12.805,0.0315956
OpenSeesTcl,Horizontal acceleration,12.905,-0.119538
OpenSeesTcl,Horizontal acceleration,13.005,-0.0798098
OpenSeesTcl,Horizontal acceleration,13.105,0.0249477
OpenSeesTcl,Horizontal acceleration,13.205,-0.0907063
OpenSeesTcl,Horizontal acceleration,13.305,0.275834
OpenSeesTcl,Horizontal acceleration,13.405,-0.132889
OpenSeesTcl,Horizontal acceleration,13.505,-0.0649537
OpenSeesTcl,Horizontal acceleration,13.605,0.0379537
OpenSeesTcl,Horizontal acceleration,13.705,0.0149478
OpenSeesTcl,Horizontal acceleration,13.805,0.090063
OpenSeesTcl,Horizontal acceleration,13.905,0.0489227
OpenSeesTcl,Horizontal acceleration,14.005,0.0187576
OpenSeesTcl,Horizontal acceleration,14.105,0.18252
OpenSeesTcl,Horizontal acceleration,14.205,-0.222623
OpenSeesTcl,Horizontal acceleration,14.305,-0.0654817
OpenSeesTcl,Horizontal acceleration,14.405,0.114497
OpenSeesTcl,Horizontal acceleration,14.505,-0.18789
OpenSeesTcl,Horizontal acceleration,14.605,0.0383404
OpenSeesTcl,Horizontal acceleration,14.705,0.00478066
OpenSeesTcl,Horizontal acceleration,14.805,-0.0916307
OpenSeesTcl,Horizontal acceleration,14.905,0.11648
OpenSeesTcl,Horizontal acceleration,15.005,-0.0654347
OpenSeesTcl,Horizontal acceleration,15.105,-0.0560873
OpenSeesTcl,Horizontal acceleration,15.205,0.0662635
OpenSeesTcl,Horizontal acceleration,15.305,-0.157275
OpenSeesTcl,Horizontal acceleration,15.405,0.0811558
OpenSeesTcl,Horizontal acceleration,15.505,0.0109275
OpenSeesTcl,Horizontal acceleration,15.605,-0.0192287
OpenSeesTcl,Horizontal acceleration,15.705,0.103046
OpenSeesTcl,Horizontal acceleration,15.805,-0.070825
OpenSeesTcl,Horizontal acceleration,15.905,0.100121
OpenSeesTcl,Horizontal acceleration,16.005,-0.0843372
OpenSeesTcl,Horizontal acceleration,16.105,0.0292134
OpenSeesTcl,Horizontal acceleration,16.205,0.0597128
OpenSeesTcl,Horizontal acceleration,16.305,-0.0921164
OpenSeesTcl,Horizontal acceleration,16.405,0.0751779
OpenSeesTcl,Horizontal acceleration,16.505,-0.0886024
OpenSeesTcl,Horizontal acceleration,16.605,0.0488454
OpenSeesTcl,Horizontal acceleration,16.705,-0.0343126
OpenSeesTcl,Horizontal acceleration,16.805,-0.0366907
OpenSeesTcl,Horizontal acceleration,16.905,0.0163528
OpenSeesTcl,Horizontal acceleration,17.005,0.087042
OpenSeesTcl,Horizontal acceleration,17.105,-0.0873329
OpenSeesTcl,Horizontal acceleration,17.205,0.0540908
OpenSeesTcl,Horizontal acceleration,17.305,0.029751
OpenSeesTcl,Horizontal acceleration,17.405,-0.0285704
OpenSeesTcl,Horizontal acceleration,17.505,-0.0620538
OpenSeesTcl,Horizontal acceleration,17.605,0.0873044
OpenSeesTcl,Horizontal acceleration,17.705,-0.105301
OpenSeesTcl,Horizontal acceleration,17.805,0.110826
OpenSeesTcl,Horizontal acceleration,17.905,0.0351319
OpenSeesTcl,Horizontal acceleration,18.005,-0.0690157
OpenSeesTcl,Horizontal acceleration,18.105,0.105884
OpenSeesTcl,Horizontal acceleration,18.205,-0.0400746
OpenSeesTcl,Horizontal acceleration,18.305,0.0350391
OpenSeesTcl,Horizontal acceleration,18.405,-0.0519331
OpenSeesTcl,Horizontal acceleration,18.505,0.00897726
OpenSeesTcl,Horizontal acceleration,18.605,-0.0106988
OpenSeesTcl,Horizontal acceleration,18.705,-0.027313
OpenSeesTcl,Horizontal acceleration,18.805,0.0324883
OpenSeesTcl,Horizontal acceleration,18.905,-0.0339658
OpenSeesTcl,Horizontal acceleration,19.005,-0.0329904
OpenSeesTcl,Horizontal acceleration,19.105,-0.0410225
OpenSeesTcl,Horizontal acceleration,19.205,0.0516594
OpenSeesTcl,Horizontal acceleration,19.305,0.0087971
OpenSeesTcl,Horizontal acceleration,19.405,-0.046262
OpenSeesTcl,Horizontal acceleration,19.505,-0.0332418
OpenSeesTcl,Horizontal acceleration,19.605,0.0529337
OpenSeesTcl,Horizontal acceleration,19.705,-0.0840475
OpenSeesTcl,Horizontal acceleration,19.805,0.188426
OpenSeesTcl,Horizontal acceleration,19.905,-0.0821808
OpenSeesTcl,Horizontal acceleration,20.005,0.0494558
OpenSeesTcl,Horizontal acceleration,20.105,0.0140775
OpenSeesTcl,Horizontal acceleration,20.205,-0.0572759
OpenSeesTcl,Horizontal acceleration,20.305,0.0670137
OpenSeesTcl,Horizontal acceleration,20.405,-0.133777
OpenSeesTcl,Horizontal acceleration,20.505,0.0581641
OpenSeesTcl,Horizontal acceleration,20.605,-0.0502668
OpenSeesTcl,Horizontal acceleration,20.705,0.0289727
OpenSeesTcl,Horizontal acceleration,20.805,-0.00996295
OpenSeesTcl,Horizontal acceleration,20.905,-0.102656
OpenSeesTcl,Horizontal acceleration,21.005,0.165546
OpenSeesTcl,Horizontal acceleration,21.105,-0.0345884
OpenSeesTcl,Horizontal acceleration,21.205,0.0346113
OpenSeesTcl,Horizontal acceleration,21.305,-0.0469103
OpenSeesTcl,Horizontal acceleration,21.405,-0.00997817
OpenSeesTcl,Horizontal acceleration,21.505,0.0615916
OpenSeesTcl,Horizontal acceleration,21.605,-0.0292367
OpenSeesTcl,Horizontal acceleration,21.705,0.0294746
OpenSeesTcl,Horizontal acceleration,21.805,0.000213592
OpenSeesTcl,Horizontal acceleration,21.905,-0.047928
OpenSeesTcl,Horizontal acceleration,22.005,0.0518899
OpenSeesTcl,Horizontal acceleration,22.105,-0.0209446
OpenSeesTcl,Horizontal acceleration,22.205,0.0541417
OpenSeesTcl,Horizontal acceleration,22.305,-0.0425323
OpenSeesTcl,Horizontal acceleration,22.405,0.023637
OpenSeesTcl,Horizontal acceleration,22.505,0.0133981
OpenSeesTcl,Horizontal acceleration,22.605,-0.00370786
OpenSeesTcl,Horizontal acceleration,22.705,-0.00907348
OpenSeesTcl,Horizontal acceleration,22.805,0.0524058
OpenSeesTcl,Horizontal acceleration,22.905,-0.0509819
OpenSeesTcl,Horizontal acceleration,23.005,0.0733231
OpenSeesTcl,Horizontal acceleration,23.105,-0.0676998
OpenSeesTcl,Horizontal acceleration,23.205,0.0524881
OpenSeesTcl,Horizontal acceleration,23.305,-0.053469
OpenSeesTcl,Horizontal acceleration,23.405,0.0388869
OpenSeesTcl,Horizontal acceleration,23.505,-0.0398702
OpenSeesTcl,Horizontal acceleration,23.605,0.0410082
OpenSeesTcl,Horizontal acceleration,23.705,0.00639218
OpenSeesTcl,Horizontal acceleration,23.805,-0.0663006
OpenSeesTcl,Horizontal acceleration,23.905,0.115825
OpenSeesTcl,Horizontal acceleration,24.005,-0.117664
OpenSeesTcl,Horizontal acceleration,24.105,0.135196
OpenSeesTcl,Horizontal acceleration,24.205,-0.113285
OpenSeesTcl,Horizontal acceleration,24.305,0.102736
OpenSeesTcl,Horizontal acceleration,24.405,-0.0311894
OpenSeesTcl,Horizontal acceleration,24.505,0.00758833
OpenSeesTcl,Horizontal acceleration,24.605,0.0135547
OpenSeesTcl,Horizontal acceleration,24.705,-0.00233388
OpenSeesTcl,Horizontal acceleration,24.805,0.0117726
OpenSeesTcl,Horizontal acceleration,24.905,0.0755711
OpenSeesTcl,Horizontal acceleration,25.005,-0.0338252
OpenSeesTcl,Horizontal acceleration,25.105,0.0518723
OpenSeesTcl,Horizontal acceleration,25.205,-0.0468354
OpenSeesTcl,Horizontal acceleration,25.305,0.109607
OpenSeesTcl,Horizontal acceleration,25.405,-0.0480452
OpenSeesTcl,Horizontal acceleration,25.505,0.0795196
OpenSeesTcl,Horizontal acceleration,25.605,0.0131016
OpenSeesTcl,Horizontal acceleration,25.705,-0.0786823
OpenSeesTcl,Horizontal acceleration,25.805,0.0552043
OpenSeesTcl,Horizontal acceleration,25.905,-0.105647
OpenSeesTcl,Horizontal acceleration,26.005,0.13806
OpenSeesTcl,Horizontal acceleration,26.105,-0.0308541
OpenSeesTcl,Horizontal acceleration,26.205,-0.0194833
OpenSeesTcl,Horizontal acceleration,26.305,0.0493528
OpenSeesTcl,Horizontal acceleration,26.405,-0.084227
OpenSeesTcl,Horizontal acceleration,26.505,0.0719957
OpenSeesTcl,Horizontal acceleration,26.605,-0.0647398
OpenSeesTcl,Horizontal acceleration,26.705,0.0860736
OpenSeesTcl,Horizontal acceleration,26.805,-0.118207
OpenSeesTcl,Horizontal acceleration,26.905,0.123474
OpenSeesTcl,Horizontal acceleration,27.005,-0.0969976
OpenSeesTcl,Horizontal acceleration,27.105,0.0866837
OpenSeesTcl,Horizontal acceleration,27.205,-0.119325
OpenSeesTcl,Horizontal acceleration,27.305,0.02225
OpenSeesTcl,Horizontal acceleration,27.405,0.08724
OpenSeesTcl,Horizontal acceleration,27.505,-0.0456501
OpenSeesTcl,Horizontal acceleration,27.605,0.0258445
OpenSeesTcl,Horizontal acceleration,27.705,-0.0384868
OpenSeesTcl,Horizontal acceleration,27.805,0.0606235
OpenSeesTcl,Horizontal acceleration,27.905,-0.0577051
OpenSeesTcl,Horizontal acceleration,28.005,0.0525883
OpenSeesTcl,Horizontal acceleration,28.105,-0.0236711
OpenSeesTcl,Horizontal acceleration,28.205,0.0261206
OpenSeesTcl,Horizontal acceleration,28.305,-0.0227195
OpenSeesTcl,Horizontal acceleration,28.405,-0.0183154
OpenSeesTcl,Horizontal acceleration,28.505,0.0272152
OpenSeesTcl,Horizontal acceleration,28.605,-0.00582573
OpenSeesTcl,Horizontal acceleration,28.705,-0.0078878
OpenSeesTcl,Horizontal acceleration,28.805,-0.000217317
OpenSeesTcl,Horizontal acceleration,28.905,-0.00176124
OpenSeesTcl,Horizontal acceleration,29.005,-0.0205515
OpenSeesTcl,Horizontal acceleration,29.105,0.0170897
OpenSeesTcl,Horizontal acceleration,29.205,-0.0113712
OpenSeesTcl,Horizontal acceleration,29.305,0.0050035
OpenSeesTcl,Horizontal acceleration,29.405,0.00698896
OpenSeesTcl,Horizontal acceleration,29.505,-0.0129487
OpenSeesTcl,Horizontal acceleration,29.605,0.00959729
OpenSeesTcl,Horizontal acceleration,29.705,0.0178103
OpenSeesTcl,Horizontal acceleration,29.805,-0.000341169
OpenSeesTcl,Horizontal acceleration,29.905,-0.0037379
OpenSeesTcl,Horizontal acceleration,30.005,-0.0198304
OpenSeesTcl,Horizontal acceleration,30.105,0.010579
OpenSeesTcl,Horizontal acceleration,30.205,0.0227831
OpenSeesTcl,Horizontal acceleration,30.305,-0.040692
OpenSeesTcl,Horizontal acceleration,30.405,0.0344506
OpenSeesTcl,Horizontal acceleration,30.505,-0.0148694
OpenSeesTcl,Horizontal acceleration,30.605,0.0161016
OpenSeesTcl,Horizontal acceleration,30.705,-0.0204426
OpenSeesTcl,Horizontal acceleration,30.805,0.022893
OpenSeesTcl,Horizontal acceleration,30.905,-0.00773898
OpenSeesTcl,Horizontal acceleration,31.005,0.0133511
OpenSeesTcl,Horizontal acceleration,31.105,-0.0109314
OpenSeesTcl,Horizontal acceleration,31.205,0.0118286
OpenSeesTcl,Horizontal acceleration,31.305,-0.00999889
OpenSeesTcl,Horizontal acceleration,31.405,0.0038715
OpenSeesTcl,Horizontal acceleration,31.505,-0.00394066
OpenSeesTcl,Horizontal acceleration,31.605,0.003574
OpenSeesTcl,Horizontal acceleration,31.705,-0.00315982
OpenSeesTcl,Horizontal acceleration,31.805,-0.000309154
OpenSeesTcl,Horizontal acceleration,31.905,-0.00209512
OpenSeesTcl,Horizontal acceleration,32.005,-0.00200445
OpenSeesTcl,Horizontal acceleration,32.105,-0.000442371
OpenSeesTcl,Horizontal acceleration,32.205,0.00158447
OpenSeesTcl,Horizontal acceleration,32.305,0.00188976
OpenSeesTcl,Horizontal acceleration,32.405,-0.00240067
