0.001 1.88057e-06
0.002 1.12813e-05
0.003 3.57145e-05
0.004 8.26801e-05
0.005 0.000159661
0.006 0.000274122
0.007 0.000433511
0.008 0.000645239
0.009 0.000916701
0.01 0.00125527
0.011 0.00166168
0.012 0.00212352
0.013 0.00262175
0.014 0.00313733
0.015 0.00365127
0.016 0.00414455
0.017 0.00459821
0.018 0.0049933
0.019 0.0053109
0.02 0.00553213
0.021 0.0056413
0.022 0.00562902
0.023 0.00548911
0.024 0.0052154
0.025 0.00480185
0.026 0.00424243
0.027 0.00353119
0.028 0.00266228
0.029 0.00162989
0.03 0.000428303
0.031 -0.000946872
0.032 -0.00249745
0.033 -0.00422392
0.034 -0.00612671
0.035 -0.00820617
0.036 -0.0104626
0.037 -0.0128962
0.038 -0.0155071
0.039 -0.0182954
0.04 -0.021261
0.041 -0.024401
0.042 -0.0277068
0.043 -0.0311668
0.044 -0.0347694
0.045 -0.0385032
0.046 -0.0423562
0.047 -0.046317
0.048 -0.0503737
0.049 -0.0545145
0.05 -0.0587278
0.051 -0.063001
0.052 -0.0673204
0.053 -0.0716716
0.054 -0.0760402
0.055 -0.0804119
0.056 -0.0847722
0.057 -0.0891069
0.058 -0.0934015
0.059 -0.0976418
0.06 -0.101814
0.061 -0.105903
0.062 -0.109898
0.063 -0.113788
0.064 -0.117559
0.065 -0.121201
0.066 -0.124703
0.067 -0.128052
0.068 -0.131239
0.069 -0.13425
0.07 -0.137075
0.071 -0.139707
0.072 -0.142141
0.073 -0.14438
0.074 -0.146422
0.075 -0.148269
0.076 -0.149922
0.077 -0.15138
0.078 -0.152645
0.079 -0.153718
0.08 -0.154599
0.081 -0.155291
0.082 -0.155798
0.083 -0.156127
0.084 -0.156284
0.085 -0.156275
0.086 -0.156107
0.087 -0.155786
0.088 -0.155319
0.089 -0.154712
0.09 -0.153971
0.091 -0.153104
0.092 -0.152113
0.093 -0.151005
0.094 -0.149783
0.095 -0.148451
0.096 -0.147014
0.097 -0.145477
0.098 -0.143843
0.099 -0.142117
0.1 -0.140305
0.101 -0.138409
0.102 -0.136435
0.103 -0.134384
0.104 -0.132261
0.105 -0.130068
0.106 -0.127811
0.107 -0.125491
0.108 -0.123112
0.109 -0.120679
0.11 -0.118194
0.111 -0.115661
0.112 -0.113082
0.113 -0.11046
0.114 -0.107798
0.115 -0.105097
0.116 -0.10236
0.117 -0.0995894
0.118 -0.0967877
0.119 -0.0939572
0.12 -0.0911005
0.121 -0.088221
0.122 -0.0853239
0.123 -0.0824156
0.124 -0.0795023
0.125 -0.0765902
0.126 -0.0736855
0.127 -0.0707944
0.128 -0.0679232
0.129 -0.0650779
0.13 -0.0622648
0.131 -0.0594904
0.132 -0.0567617
0.133 -0.0540862
0.134 -0.0514713
0.135 -0.0489243
0.136 -0.0464524
0.137 -0.0440631
0.138 -0.0417633
0.139 -0.0395603
0.14 -0.0374612
0.141 -0.0354715
0.142 -0.0335935
0.143 -0.0318279
0.144 -0.0301754
0.145 -0.0286366
0.146 -0.0272122
0.147 -0.0259026
0.148 -0.0247085
0.149 -0.0236302
0.15 -0.0226681
0.151 -0.0218206
0.152 -0.0210823
0.153 -0.0204459
0.154 -0.0199042
0.155 -0.0194496
0.156 -0.0190749
0.157 -0.0187727
0.158 -0.0185356
0.159 -0.0183561
0.16 -0.0182269
0.161 -0.0181406
0.162 -0.0180908
0.163 -0.0180712
0.164 -0.0180754
0.165 -0.0180971
0.166 -0.01813
0.167 -0.0181678
0.168 -0.0182043
0.169 -0.0182331
0.17 -0.0182482
0.171 -0.018245
0.172 -0.018223
0.173 -0.0181836
0.174 -0.018128
0.175 -0.0180573
0.176 -0.017973
0.177 -0.0178762
0.178 -0.0177683
0.179 -0.0176504
0.18 -0.017524
0.181 -0.017392
0.182 -0.0172603
0.183 -0.0171366
0.184 -0.0170285
0.185 -0.0169435
0.186 -0.0168893
0.187 -0.0168732
0.188 -0.0169028
0.189 -0.0169855
0.19 -0.0171287
0.191 -0.0173388
0.192 -0.0176205
0.193 -0.0179774
0.194 -0.018413
0.195 -0.0189309
0.196 -0.0195347
0.197 -0.0202279
0.198 -0.0210138
0.199 -0.0218957
0.2 -0.0228771
0.201 -0.0239592
0.202 -0.0251397
0.203 -0.0264141
0.204 -0.0277781
0.205 -0.0292274
0.206 -0.0307576
0.207 -0.0323643
0.208 -0.034043
0.209 -0.0357893
0.21 -0.0375985
0.211 -0.0394651
0.212 -0.0413804
0.213 -0.0433349
0.214 -0.045319
0.215 -0.047323
0.216 -0.0493372
0.217 -0.051352
0.218 -0.0533579
0.219 -0.0553453
0.22 -0.0573047
0.221 -0.0592278
0.222 -0.0611087
0.223 -0.0629431
0.224 -0.0647262
0.225 -0.0664537
0.226 -0.068121
0.227 -0.0697236
0.228 -0.0712572
0.229 -0.0727174
0.23 -0.0740999
0.231 -0.0754021
0.232 -0.0766243
0.233 -0.0777688
0.234 -0.0788376
0.235 -0.0798328
0.236 -0.0807566
0.237 -0.0816109
0.238 -0.0823981
0.239 -0.0831201
0.24 -0.0837794
0.241 -0.0843787
0.242 -0.0849222
0.243 -0.0854149
0.244 -0.0858617
0.245 -0.0862673
0.246 -0.0866367
0.247 -0.0869749
0.248 -0.0872866
0.249 -0.0875767
0.25 -0.0878501
0.251 -0.088111
0.252 -0.0883623
0.253 -0.0886066
0.254 -0.0888462
0.255 -0.0890836
0.256 -0.0893212
0.257 -0.0895615
0.258 -0.089807
0.259 -0.09006
0.26 -0.090323
0.261 -0.0905988
0.262 -0.0908918
0.263 -0.0912067
0.264 -0.0915483
0.265 -0.0919216
0.266 -0.0923313
0.267 -0.0927824
0.268 -0.0932796
0.269 -0.0938279
0.27 -0.0944319
0.271 -0.0950958
0.272 -0.0958224
0.273 -0.0966138
0.274 -0.0974721
0.275 -0.0983995
0.276 -0.0993978
0.277 -0.100469
0.278 -0.101616
0.279 -0.102839
0.28 -0.104142
0.281 -0.105524
0.282 -0.106984
0.283 -0.108519
0.284 -0.110126
0.285 -0.111801
0.286 -0.113541
0.287 -0.115342
0.288 -0.117202
0.289 -0.119118
0.29 -0.121084
0.291 -0.123099
0.292 -0.125158
0.293 -0.127256
0.294 -0.129388
0.295 -0.13155
0.296 -0.133738
0.297 -0.135946
0.298 -0.13817
0.299 -0.140405
0.3 -0.142646
0.301 -0.144889
0.302 -0.14713
0.303 -0.149366
0.304 -0.151593
0.305 -0.153808
0.306 -0.156008
0.307 -0.158189
0.308 -0.160347
0.309 -0.16248
0.31 -0.164584
0.311 -0.166654
0.312 -0.168683
0.313 -0.170663
0.314 -0.172585
0.315 -0.174441
0.316 -0.176224
0.317 -0.177924
0.318 -0.179533
0.319 -0.181044
0.32 -0.182449
0.321 -0.183741
0.322 -0.184918
0.323 -0.185979
0.324 -0.186924
0.325 -0.187753
0.326 -0.188465
0.327 -0.189061
0.328 -0.189539
0.329 -0.1899
0.33 -0.190144
0.331 -0.190273
0.332 -0.190291
0.333 -0.190204
0.334 -0.19002
0.335 -0.189743
0.336 -0.189381
0.337 -0.188941
0.338 -0.188427
0.339 -0.187848
0.34 -0.18721
0.341 -0.186518
0.342 -0.185777
0.343 -0.184992
0.344 -0.184167
0.345 -0.183305
0.346 -0.182412
0.347 -0.18149
0.348 -0.180545
0.349 -0.17958
0.35 -0.178599
0.351 -0.177605
0.352 -0.176596
0.353 -0.17557
0.354 -0.174522
0.355 -0.173449
0.356 -0.172349
0.357 -0.171218
0.358 -0.170052
0.359 -0.168849
0.36 -0.167605
0.361 -0.166317
0.362 -0.164979
0.363 -0.163589
0.364 -0.162142
0.365 -0.160632
0.366 -0.159057
0.367 -0.157411
0.368 -0.15569
0.369 -0.153891
0.37 -0.152009
0.371 -0.150041
0.372 -0.14799
0.373 -0.145858
0.374 -0.143649
0.375 -0.141366
0.376 -0.139013
0.377 -0.136594
0.378 -0.134112
0.379 -0.13157
0.38 -0.128973
0.381 -0.126324
0.382 -0.123629
0.383 -0.120895
0.384 -0.118127
0.385 -0.115332
0.386 -0.112515
0.387 -0.109683
0.388 -0.106843
0.389 -0.103999
0.39 -0.101159
0.391 -0.0983287
0.392 -0.0955116
0.393 -0.0927118
0.394 -0.0899328
0.395 -0.0871784
0.396 -0.0844522
0.397 -0.0817578
0.398 -0.0790987
0.399 -0.0764785
0.4 -0.0739007
0.401 -0.0713684
0.402 -0.0688831
0.403 -0.066446
0.404 -0.064058
0.405 -0.0617203
0.406 -0.0594336
0.407 -0.0571991
0.408 -0.0550175
0.409 -0.0528897
0.41 -0.0508164
0.411 -0.0487992
0.412 -0.0468407
0.413 -0.0449442
0.414 -0.0431129
0.415 -0.0413502
0.416 -0.0396593
0.417 -0.0380434
0.418 -0.0365056
0.419 -0.035049
0.42 -0.0336768
0.421 -0.0323918
0.422 -0.0311971
0.423 -0.0300955
0.424 -0.02909
0.425 -0.0281833
0.426 -0.0273784
0.427 -0.0266781
0.428 -0.026085
0.429 -0.0256021
0.43 -0.0252318
0.431 -0.0249759
0.432 -0.0248342
0.433 -0.0248052
0.434 -0.0248876
0.435 -0.0250801
0.436 -0.0253812
0.437 -0.0257894
0.438 -0.0263033
0.439 -0.0269214
0.44 -0.0276422
0.441 -0.028464
0.442 -0.0293852
0.443 -0.0304042
0.444 -0.0315192
0.445 -0.0327284
0.446 -0.0340299
0.447 -0.0354219
0.448 -0.0369023
0.449 -0.0384693
0.45 -0.0401209
0.451 -0.0418552
0.452 -0.0436701
0.453 -0.0455637
0.454 -0.0475339
0.455 -0.0495785
0.456 -0.0516954
0.457 -0.0538824
0.458 -0.0561372
0.459 -0.0584577
0.46 -0.0608413
0.461 -0.0632856
0.462 -0.0657873
0.463 -0.0683429
0.464 -0.0709486
0.465 -0.0736011
0.466 -0.0762966
0.467 -0.0790316
0.468 -0.0818023
0.469 -0.084605
0.47 -0.087436
0.471 -0.0902907
0.472 -0.0931624
0.473 -0.0960436
0.474 -0.0989268
0.475 -0.101805
0.476 -0.10467
0.477 -0.107515
0.478 -0.110332
0.479 -0.113114
0.48 -0.115854
0.481 -0.118543
0.482 -0.121174
0.483 -0.123738
0.484 -0.126226
0.485 -0.12863
0.486 -0.130942
0.487 -0.133152
0.488 -0.135252
0.489 -0.137235
0.49 -0.139092
0.491 -0.140816
0.492 -0.142403
0.493 -0.143849
0.494 -0.145151
0.495 -0.146308
0.496 -0.147315
0.497 -0.148169
0.498 -0.148869
0.499 -0.14941
0.5 -0.149792
0.501 -0.150013
0.502 -0.150082
0.503 -0.150008
0.504 -0.149802
0.505 -0.149473
0.506 -0.149032
0.507 -0.14849
0.508 -0.147855
0.509 -0.14714
0.51 -0.146353
0.511 -0.145505
0.512 -0.144603
0.513 -0.143654
0.514 -0.142664
0.515 -0.141641
0.516 -0.140591
0.517 -0.13952
0.518 -0.138437
0.519 -0.137346
0.52 -0.136255
0.521 -0.135169
0.522 -0.134087
0.523 -0.133007
0.524 -0.131928
0.525 -0.130847
0.526 -0.129763
0.527 -0.128673
0.528 -0.127575
0.529 -0.126467
0.53 -0.125348
0.531 -0.124215
0.532 -0.123064
0.533 -0.121893
0.534 -0.120699
0.535 -0.119477
0.536 -0.118225
0.537 -0.11694
0.538 -0.115618
0.539 -0.114256
0.54 -0.112852
0.541 -0.111403
0.542 -0.109906
0.543 -0.108363
0.544 -0.106772
0.545 -0.105132
0.546 -0.103444
0.547 -0.101706
0.548 -0.0999174
0.549 -0.0980787
0.55 -0.0961892
0.551 -0.0942491
0.552 -0.0922598
0.553 -0.0902236
0.554 -0.0881426
0.555 -0.0860189
0.556 -0.0838546
0.557 -0.0816518
0.558 -0.0794127
0.559 -0.0771395
0.56 -0.0748344
0.561 -0.072499
0.562 -0.0701338
0.563 -0.0677385
0.564 -0.0653131
0.565 -0.0628572
0.566 -0.0603707
0.567 -0.0578534
0.568 -0.0553051
0.569 -0.0527255
0.57 -0.0501144
0.571 -0.0474714
0.572 -0.0447953
0.573 -0.0420848
0.574 -0.0393387
0.575 -0.0365556
0.576 -0.0337342
0.577 -0.0308734
0.578 -0.0279717
0.579 -0.0250281
0.58 -0.0220411
0.581 -0.0190104
0.582 -0.0159376
0.583 -0.0128252
0.584 -0.00967573
0.585 -0.00649185
0.586 -0.00327619
0.587 -3.14095e-05
0.588 0.0032398
0.589 0.00653477
0.59 0.00985081
0.591 0.0131847
0.592 0.0165318
0.593 0.0198872
0.594 0.0232456
0.595 0.026602
0.596 0.0299512
0.597 0.033288
0.598 0.0366074
0.599 0.039904
0.6 0.0431727
0.601 0.0464093
0.602 0.0496115
0.603 0.052778
0.604 0.0559075
0.605 0.0589987
0.606 0.0620505
0.607 0.0650616
0.608 0.0680309
0.609 0.0709571
0.61 0.0738389
0.611 0.0766746
0.612 0.0794611
0.613 0.0821946
0.614 0.0848715
0.615 0.0874882
0.616 0.0900412
0.617 0.092527
0.618 0.0949422
0.619 0.0972832
0.62 0.0995467
0.621 0.101727
0.622 0.103815
0.623 0.105797
0.624 0.107662
0.625 0.109397
0.626 0.110992
0.627 0.112433
0.628 0.113709
0.629 0.114809
0.63 0.11572
0.631 0.116433
0.632 0.116939
0.633 0.117229
0.634 0.117298
0.635 0.117136
0.636 0.116737
0.637 0.116094
0.638 0.115199
0.639 0.114046
0.64 0.112627
0.641 0.110937
0.642 0.108971
0.643 0.106728
0.644 0.104205
0.645 0.101399
0.646 0.0983076
0.647 0.0949287
0.648 0.0912599
0.649 0.0872991
0.65 0.0830446
0.651 0.078494
0.652 0.0736447
0.653 0.0684942
0.654 0.0630396
0.655 0.0572785
0.656 0.0512086
0.657 0.0448277
0.658 0.0381334
0.659 0.0311239
0.66 0.0237972
0.661 0.0161539
0.662 0.0082
0.663 -5.6085e-05
0.664 -0.00860567
0.665 -0.01744
0.666 -0.02655
0.667 -0.0359268
0.668 -0.0455611
0.669 -0.0554438
0.67 -0.0655656
0.671 -0.0759142
0.672 -0.0864717
0.673 -0.0972174
0.674 -0.10813
0.675 -0.11919
0.676 -0.130374
0.677 -0.141664
0.678 -0.153036
0.679 -0.16447
0.68 -0.175945
0.681 -0.187441
0.682 -0.198939
0.683 -0.210423
0.684 -0.221874
0.685 -0.233276
0.686 -0.244611
0.687 -0.255862
0.688 -0.267012
0.689 -0.278044
0.69 -0.28894
0.691 -0.299686
0.692 -0.310272
0.693 -0.32069
0.694 -0.33093
0.695 -0.340986
0.696 -0.35085
0.697 -0.360513
0.698 -0.369969
0.699 -0.37921
0.7 -0.388228
0.701 -0.397019
0.702 -0.405587
0.703 -0.413937
0.704 -0.422077
0.705 -0.430014
0.706 -0.437754
0.707 -0.445304
0.708 -0.452671
0.709 -0.459862
0.71 -0.466885
0.711 -0.473746
0.712 -0.480455
0.713 -0.48702
0.714 -0.493449
0.715 -0.499752
0.716 -0.505936
0.717 -0.512011
0.718 -0.517986
0.719 -0.523869
0.72 -0.529669
0.721 -0.535394
0.722 -0.541045
0.723 -0.546622
0.724 -0.552127
0.725 -0.557559
0.726 -0.562919
0.727 -0.568207
0.728 -0.573424
0.729 -0.578569
0.73 -0.583643
0.731 -0.588645
0.732 -0.593567
0.733 -0.5984
0.734 -0.603134
0.735 -0.60776
0.736 -0.612269
0.737 -0.616651
0.738 -0.620898
0.739 -0.624999
0.74 -0.628947
0.741 -0.632731
0.742 -0.636338
0.743 -0.639754
0.744 -0.642965
0.745 -0.645958
0.746 -0.648719
0.747 -0.651235
0.748 -0.653493
0.749 -0.655479
0.75 -0.65718
0.751 -0.658583
0.752 -0.659675
0.753 -0.660444
0.754 -0.660877
0.755 -0.660961
0.756 -0.660685
0.757 -0.660036
0.758 -0.659001
0.759 -0.657571
0.76 -0.655732
0.761 -0.653477
0.762 -0.650807
0.763 -0.647724
0.764 -0.644235
0.765 -0.640341
0.766 -0.636049
0.767 -0.631363
0.768 -0.626286
0.769 -0.620825
0.77 -0.614985
0.771 -0.608772
0.772 -0.602199
0.773 -0.595281
0.774 -0.588031
0.775 -0.580464
0.776 -0.572596
0.777 -0.56444
0.778 -0.556012
0.779 -0.547326
0.78 -0.538399
0.781 -0.529243
0.782 -0.519875
0.783 -0.510308
0.784 -0.500556
0.785 -0.490634
0.786 -0.480556
0.787 -0.470337
0.788 -0.45999
0.789 -0.44953
0.79 -0.438972
0.791 -0.42833
0.792 -0.417616
0.793 -0.406842
0.794 -0.396021
0.795 -0.385164
0.796 -0.374283
0.797 -0.363392
0.798 -0.352501
0.799 -0.341623
0.8 -0.330771
0.801 -0.319953
0.802 -0.309176
0.803 -0.298442
0.804 -0.287755
0.805 -0.277118
0.806 -0.266534
0.807 -0.256006
0.808 -0.245538
0.809 -0.235132
0.81 -0.224792
0.811 -0.21452
0.812 -0.204318
0.813 -0.194185
0.814 -0.184122
0.815 -0.17413
0.816 -0.164208
0.817 -0.154358
0.818 -0.144579
0.819 -0.134871
0.82 -0.125236
0.821 -0.115677
0.822 -0.106204
0.823 -0.0968314
0.824 -0.0875731
0.825 -0.0784429
0.826 -0.0694544
0.827 -0.0606213
0.828 -0.0519572
0.829 -0.0434756
0.83 -0.03519
0.831 -0.0271249
0.832 -0.0193277
0.833 -0.0118565
0.834 -0.00476956
0.835 0.0018753
0.836 0.0080204
0.837 0.0136084
0.838 0.0185823
0.839 0.0228852
0.84 0.0264608
0.841 0.0292614
0.842 0.0312565
0.843 0.0324245
0.844 0.032744
0.845 0.0321941
0.846 0.030754
0.847 0.0284037
0.848 0.0251234
0.849 0.0208936
0.85 0.0156955
0.851 0.00952043
0.852 0.00237946
0.853 -0.00570618
0.854 -0.014715
0.855 -0.024625
0.856 -0.0354141
0.857 -0.0470598
0.858 -0.0595393
0.859 -0.0728293
0.86 -0.0869062
0.861 -0.101743
0.862 -0.117308
0.863 -0.133564
0.864 -0.150476
0.865 -0.168007
0.866 -0.18612
0.867 -0.204779
0.868 -0.223947
0.869 -0.243587
0.87 -0.263661
0.871 -0.284136
0.872 -0.304984
0.873 -0.326182
0.874 -0.347705
0.875 -0.369529
0.876 -0.391629
0.877 -0.413981
0.878 -0.436561
0.879 -0.459343
0.88 -0.482304
0.881 -0.505422
0.882 -0.528682
0.883 -0.552074
0.884 -0.575587
0.885 -0.59921
0.886 -0.622931
0.887 -0.646739
0.888 -0.670623
0.889 -0.694573
0.89 -0.718575
0.891 -0.742621
0.892 -0.766703
0.893 -0.790814
0.894 -0.81495
0.895 -0.839103
0.896 -0.863268
0.897 -0.887438
0.898 -0.911608
0.899 -0.93577
0.9 -0.95992
0.901 -0.984048
0.902 -1.00814
0.903 -1.03219
0.904 -1.05618
0.905 -1.0801
0.906 -1.10392
0.907 -1.12765
0.908 -1.15127
0.909 -1.17476
0.91 -1.19811
0.911 -1.2213
0.912 -1.24432
0.913 -1.26712
0.914 -1.28969
0.915 -1.312
0.916 -1.33401
0.917 -1.35571
0.918 -1.37706
0.919 -1.39804
0.92 -1.41862
0.921 -1.43877
0.922 -1.45849
0.923 -1.47775
0.924 -1.49653
0.925 -1.51483
0.926 -1.53262
0.927 -1.54989
0.928 -1.56663
0.929 -1.58282
0.93 -1.59844
0.931 -1.61349
0.932 -1.62796
0.933 -1.64184
0.934 -1.65514
0.935 -1.66784
0.936 -1.67995
0.937 -1.69147
0.938 -1.70238
0.939 -1.7127
0.94 -1.72241
0.941 -1.73152
0.942 -1.74003
0.943 -1.74795
0.944 -1.75528
0.945 -1.76202
0.946 -1.7682
0.947 -1.7738
0.948 -1.77884
0.949 -1.78332
0.95 -1.78726
0.951 -1.79065
0.952 -1.79349
0.953 -1.7958
0.954 -1.79756
0.955 -1.79878
0.956 -1.79946
0.957 -1.79961
0.958 -1.79921
0.959 -1.79828
0.96 -1.79681
0.961 -1.79481
0.962 -1.79227
0.963 -1.78917
0.964 -1.7855
0.965 -1.78126
0.966 -1.77644
0.967 -1.77103
0.968 -1.76502
0.969 -1.75839
0.97 -1.75115
0.971 -1.74328
0.972 -1.73479
0.973 -1.72567
0.974 -1.71593
0.975 -1.70556
0.976 -1.69458
0.977 -1.68297
0.978 -1.67074
0.979 -1.6579
0.98 -1.64445
0.981 -1.63039
0.982 -1.61573
0.983 -1.60047
0.984 -1.58463
0.985 -1.5682
0.986 -1.55121
0.987 -1.53364
0.988 -1.51552
0.989 -1.49685
0.99 -1.47764
0.991 -1.4579
0.992 -1.43762
0.993 -1.41681
0.994 -1.39547
0.995 -1.37359
0.996 -1.35118
0.997 -1.32824
0.998 -1.30476
0.999 -1.28074
1 -1.2562
1.001 -1.23112
1.002 -1.20551
1.003 -1.17937
1.004 -1.15272
1.005 -1.12554
1.006 -1.09786
1.007 -1.06966
1.008 -1.04096
1.009 -1.01176
1.01 -0.982074
1.011 -0.951895
1.012 -0.921239
1.013 -0.890114
1.014 -0.858533
1.015 -0.826506
1.016 -0.794045
1.017 -0.761162
1.018 -0.727867
1.019 -0.694173
1.02 -0.660091
1.021 -0.625636
1.022 -0.590827
1.023 -0.555684
1.024 -0.520228
1.025 -0.484481
1.026 -0.448464
1.027 -0.412198
1.028 -0.375706
1.029 -0.339009
1.03 -0.302129
1.031 -0.265089
1.032 -0.227914
1.033 -0.190633
1.034 -0.15327
1.035 -0.115854
1.036 -0.0784109
1.037 -0.0409676
1.038 -0.00355091
1.039 0.0338122
1.04 0.0710948
1.041 0.108271
1.042 0.145315
1.043 0.182203
1.044 0.218912
1.045 0.255416
1.046 0.291693
1.047 0.32772
1.048 0.363472
1.049 0.398926
1.05 0.43406
1.051 0.468853
1.052 0.50329
1.053 0.53736
1.054 0.571052
1.055 0.604355
1.056 0.637257
1.057 0.669748
1.058 0.701818
1.059 0.733457
1.06 0.764654
1.061 0.795405
1.062 0.825713
1.063 0.855587
1.064 0.885034
1.065 0.914063
1.066 0.942684
1.067 0.970904
1.068 0.998733
1.069 1.02618
1.07 1.05326
1.071 1.07997
1.072 1.10633
1.073 1.13233
1.074 1.158
1.075 1.18333
1.076 1.20833
1.077 1.23301
1.078 1.25737
1.079 1.28143
1.08 1.30518
1.081 1.32864
1.082 1.35181
1.083 1.37467
1.084 1.39721
1.085 1.41945
1.086 1.44137
1.087 1.46296
1.088 1.48422
1.089 1.50514
1.09 1.52573
1.091 1.54597
1.092 1.56586
1.093 1.58539
1.094 1.60454
1.095 1.6233
1.096 1.64167
1.097 1.65964
1.098 1.6772
1.099 1.69433
1.1 1.71103
1.101 1.7273
1.102 1.74312
1.103 1.75851
1.104 1.77345
1.105 1.78795
1.106 1.802
1.107 1.81562
1.108 1.82879
1.109 1.84151
1.11 1.8538
1.111 1.86565
1.112 1.87706
1.113 1.88804
1.114 1.8986
1.115 1.90873
1.116 1.91845
1.117 1.92776
1.118 1.93666
1.119 1.94517
1.12 1.95328
1.121 1.96101
1.122 1.96834
1.123 1.97529
1.124 1.98185
1.125 1.98801
1.126 1.99377
1.127 1.99914
1.128 2.00411
1.129 2.00868
1.13 2.01284
1.131 2.0166
1.132 2.01995
1.133 2.02289
1.134 2.0254
1.135 2.02748
1.136 2.02912
1.137 2.03033
1.138 2.03108
1.139 2.03138
1.14 2.03122
1.141 2.03059
1.142 2.0295
1.143 2.02793
1.144 2.02591
1.145 2.02341
1.146 2.02045
1.147 2.01702
1.148 2.01313
1.149 2.00877
1.15 2.00395
1.151 1.99867
1.152 1.99294
1.153 1.98678
1.154 1.98018
1.155 1.97318
1.156 1.96578
1.157 1.95799
1.158 1.94983
1.159 1.94132
1.16 1.93246
1.161 1.92327
1.162 1.91377
1.163 1.90398
1.164 1.89392
1.165 1.88361
1.166 1.87307
1.167 1.86232
1.168 1.85138
1.169 1.84028
1.17 1.82902
1.171 1.81764
1.172 1.80615
1.173 1.79455
1.174 1.78287
1.175 1.7711
1.176 1.75927
1.177 1.74738
1.178 1.73545
1.179 1.72348
1.18 1.7115
1.181 1.69951
1.182 1.68752
1.183 1.67553
1.184 1.66355
1.185 1.65159
1.186 1.63964
1.187 1.62772
1.188 1.61584
1.189 1.60399
1.19 1.59218
1.191 1.58041
1.192 1.5687
1.193 1.55704
1.194 1.54542
1.195 1.53386
1.196 1.52236
1.197 1.51091
1.198 1.49952
1.199 1.48819
1.2 1.47691
1.201 1.4657
1.202 1.45455
1.203 1.44347
1.204 1.43244
1.205 1.42148
1.206 1.41059
1.207 1.39977
1.208 1.38901
1.209 1.37833
1.21 1.36771
1.211 1.35716
1.212 1.34668
1.213 1.33627
1.214 1.32591
1.215 1.3156
1.216 1.30535
1.217 1.29513
1.218 1.28496
1.219 1.27483
1.22 1.26473
1.221 1.25465
1.222 1.24459
1.223 1.23454
1.224 1.22449
1.225 1.21443
1.226 1.20435
1.227 1.19424
1.228 1.1841
1.229 1.1739
1.23 1.16364
1.231 1.15332
1.232 1.14293
1.233 1.13245
1.234 1.12189
1.235 1.11124
1.236 1.10048
1.237 1.08961
1.238 1.07864
1.239 1.06754
1.24 1.05631
1.241 1.04495
1.242 1.03345
1.243 1.0218
1.244 1.00999
1.245 0.998018
1.246 0.985876
1.247 0.973556
1.248 0.961051
1.249 0.948352
1.25 0.935453
1.251 0.922348
1.252 0.909026
1.253 0.895482
1.254 0.881706
1.255 0.867691
1.256 0.853429
1.257 0.838913
1.258 0.824136
1.259 0.809089
1.26 0.793766
1.261 0.778158
1.262 0.762252
1.263 0.746036
1.264 0.729497
1.265 0.712621
1.266 0.695395
1.267 0.677808
1.268 0.659846
1.269 0.641499
1.27 0.622752
1.271 0.603592
1.272 0.583995
1.273 0.563933
1.274 0.543382
1.275 0.522313
1.276 0.500702
1.277 0.478523
1.278 0.45575
1.279 0.432357
1.28 0.408321
1.281 0.383618
1.282 0.358228
1.283 0.332131
1.284 0.305308
1.285 0.277742
1.286 0.249414
1.287 0.220307
1.288 0.190401
1.289 0.159681
1.29 0.12813
1.291 0.0957365
1.292 0.0624978
1.293 0.0284176
1.294 -0.00650073
1.295 -0.0422532
1.296 -0.0788359
1.297 -0.116244
1.298 -0.154474
1.299 -0.19352
1.3 -0.233377
1.301 -0.274037
1.302 -0.315483
1.303 -0.357697
1.304 -0.40066
1.305 -0.444353
1.306 -0.488755
1.307 -0.533847
1.308 -0.579609
1.309 -0.62602
1.31 -0.673061
1.311 -0.720703
1.312 -0.768909
1.313 -0.817632
1.314 -0.866825
1.315 -0.916442
1.316 -0.966437
1.317 -1.01676
1.318 -1.06738
1.319 -1.11823
1.32 -1.16927
1.321 -1.22045
1.322 -1.27174
1.323 -1.32307
1.324 -1.3744
1.325 -1.42568
1.326 -1.47687
1.327 -1.52791
1.328 -1.57875
1.329 -1.62936
1.33 -1.67967
1.331 -1.72966
1.332 -1.77928
1.333 -1.8285
1.334 -1.8773
1.335 -1.92565
1.336 -1.97351
1.337 -2.02087
1.338 -2.0677
1.339 -2.11396
1.34 -2.15963
1.341 -2.20468
1.342 -2.24912
1.343 -2.29293
1.344 -2.33611
1.345 -2.37866
1.346 -2.42057
1.347 -2.46183
1.348 -2.50246
1.349 -2.54244
1.35 -2.58177
1.351 -2.62046
1.352 -2.6585
1.353 -2.69591
1.354 -2.73269
1.355 -2.76886
1.356 -2.80441
1.357 -2.83937
1.358 -2.87374
1.359 -2.90752
1.36 -2.94074
1.361 -2.97339
1.362 -3.00547
1.363 -3.037
1.364 -3.06795
1.365 -3.09834
1.366 -3.12816
1.367 -3.15741
1.368 -3.18609
1.369 -3.21419
1.37 -3.24173
1.371 -3.26869
1.372 -3.29505
1.373 -3.32078
1.374 -3.34585
1.375 -3.37023
1.376 -3.39389
1.377 -3.41681
1.378 -3.43896
1.379 -3.46031
1.38 -3.48082
1.381 -3.50048
1.382 -3.51924
1.383 -3.53704
1.384 -3.55384
1.385 -3.5696
1.386 -3.58427
1.387 -3.5978
1.388 -3.61015
1.389 -3.62127
1.39 -3.63112
1.391 -3.63965
1.392 -3.64682
1.393 -3.65258
1.394 -3.6569
1.395 -3.65973
1.396 -3.66103
1.397 -3.66076
1.398 -3.65888
1.399 -3.65534
1.4 -3.65012
1.401 -3.64317
1.402 -3.63446
1.403 -3.62396
1.404 -3.61165
1.405 -3.59749
1.406 -3.58145
1.407 -3.56351
1.408 -3.54365
1.409 -3.52183
1.41 -3.49804
1.411 -3.47225
1.412 -3.44446
1.413 -3.41467
1.414 -3.38287
1.415 -3.34906
1.416 -3.31325
1.417 -3.27544
1.418 -3.23563
1.419 -3.19382
1.42 -3.15002
1.421 -3.10423
1.422 -3.05648
1.423 -3.00678
1.424 -2.95516
1.425 -2.90165
1.426 -2.84626
1.427 -2.78902
1.428 -2.72996
1.429 -2.6691
1.43 -2.60648
1.431 -2.54212
1.432 -2.47605
1.433 -2.40833
1.434 -2.33899
1.435 -2.26806
1.436 -2.19561
1.437 -2.12166
1.438 -2.04626
1.439 -1.96946
1.44 -1.89129
1.441 -1.81181
1.442 -1.73106
1.443 -1.6491
1.444 -1.56598
1.445 -1.48175
1.446 -1.39645
1.447 -1.31015
1.448 -1.2229
1.449 -1.13474
1.45 -1.04574
1.451 -0.955941
1.452 -0.865397
1.453 -0.774153
1.454 -0.682255
1.455 -0.58975
1.456 -0.496686
1.457 -0.40311
1.458 -0.309068
1.459 -0.214609
1.46 -0.11978
1.461 -0.0246288
1.462 0.0707948
1.463 0.16644
1.464 0.262256
1.465 0.358193
1.466 0.454199
1.467 0.550227
1.468 0.646224
1.469 0.742143
1.47 0.837933
1.471 0.933544
1.472 1.02892
1.473 1.12402
1.474 1.21877
1.475 1.31313
1.476 1.40704
1.477 1.50045
1.478 1.59331
1.479 1.68557
1.48 1.77718
1.481 1.86809
1.482 1.95825
1.483 2.04763
1.484 2.13619
1.485 2.22388
1.486 2.31067
1.487 2.39652
1.488 2.4814
1.489 2.56527
1.49 2.64809
1.491 2.72983
1.492 2.81048
1.493 2.89
1.494 2.96839
1.495 3.04562
1.496 3.12168
1.497 3.19656
1.498 3.27023
1.499 3.34269
1.5 3.41392
1.501 3.48391
1.502 3.55265
1.503 3.62012
1.504 3.68632
1.505 3.75125
1.506 3.81488
1.507 3.87722
1.508 3.93826
1.509 3.998
1.51 4.05642
1.511 4.11352
1.512 4.1693
1.513 4.22375
1.514 4.27687
1.515 4.32865
1.516 4.37908
1.517 4.42818
1.518 4.47593
1.519 4.52232
1.52 4.56737
1.521 4.61107
1.522 4.65342
1.523 4.69443
1.524 4.73411
1.525 4.77246
1.526 4.8095
1.527 4.84524
1.528 4.87967
1.529 4.91282
1.53 4.9447
1.531 4.9753
1.532 5.00463
1.533 5.0327
1.534 5.0595
1.535 5.08503
1.536 5.1093
1.537 5.1323
1.538 5.15404
1.539 5.17452
1.54 5.19374
1.541 5.21169
1.542 5.22838
1.543 5.24377
1.544 5.25786
1.545 5.27062
1.546 5.28204
1.547 5.2921
1.548 5.30078
1.549 5.30808
1.55 5.31397
1.551 5.31845
1.552 5.32148
1.553 5.32304
1.554 5.32312
1.555 5.32168
1.556 5.31871
1.557 5.31418
1.558 5.30808
1.559 5.30038
1.56 5.29106
1.561 5.28011
1.562 5.26751
1.563 5.25324
1.564 5.2373
1.565 5.21966
1.566 5.20033
1.567 5.17928
1.568 5.15651
1.569 5.132
1.57 5.10576
1.571 5.07776
1.572 5.04801
1.573 5.0165
1.574 4.98323
1.575 4.94821
1.576 4.91144
1.577 4.87291
1.578 4.83262
1.579 4.79059
1.58 4.7468
1.581 4.70127
1.582 4.65401
1.583 4.60503
1.584 4.55433
1.585 4.50194
1.586 4.44787
1.587 4.39214
1.588 4.33475
1.589 4.27572
1.59 4.21508
1.591 4.15283
1.592 4.089
1.593 4.02361
1.594 3.95668
1.595 3.88823
1.596 3.81829
1.597 3.74687
1.598 3.674
1.599 3.59971
1.6 3.52401
1.601 3.44694
1.602 3.36851
1.603 3.28874
1.604 3.20765
1.605 3.12527
1.606 3.0416
1.607 2.95667
1.608 2.87051
1.609 2.78313
1.61 2.69456
1.611 2.60482
1.612 2.51393
1.613 2.42191
1.614 2.3288
1.615 2.2346
1.616 2.13936
1.617 2.04308
1.618 1.94581
1.619 1.84755
1.62 1.74835
1.621 1.64822
1.622 1.54719
1.623 1.44531
1.624 1.34261
1.625 1.23912
1.626 1.13488
1.627 1.02992
1.628 0.924283
1.629 0.817996
1.63 0.711098
1.631 0.603624
1.632 0.495617
1.633 0.38712
1.634 0.278176
1.635 0.168829
1.636 0.0591206
1.637 -0.0509056
1.638 -0.161207
1.639 -0.271743
1.64 -0.382471
1.641 -0.493348
1.642 -0.604329
1.643 -0.715367
1.644 -0.826415
1.645 -0.937429
1.646 -1.04836
1.647 -1.15917
1.648 -1.2698
1.649 -1.38022
1.65 -1.49038
1.651 -1.60024
1.652 -1.70976
1.653 -1.8189
1.654 -1.92761
1.655 -2.03587
1.656 -2.14363
1.657 -2.25086
1.658 -2.35752
1.659 -2.46357
1.66 -2.56897
1.661 -2.6737
1.662 -2.77772
1.663 -2.88102
1.664 -2.98356
1.665 -3.08532
1.666 -3.18627
1.667 -3.2864
1.668 -3.38568
1.669 -3.48409
1.67 -3.5816
1.671 -3.6782
1.672 -3.77386
1.673 -3.86856
1.674 -3.96229
1.675 -4.05501
1.676 -4.14672
1.677 -4.2374
1.678 -4.32702
1.679 -4.41557
1.68 -4.50303
1.681 -4.58938
1.682 -4.6746
1.683 -4.75867
1.684 -4.84154
1.685 -4.92321
1.686 -5.00364
1.687 -5.08281
1.688 -5.1607
1.689 -5.23728
1.69 -5.31252
1.691 -5.38642
1.692 -5.45893
1.693 -5.53002
1.694 -5.59966
1.695 -5.66783
1.696 -5.73448
1.697 -5.79959
1.698 -5.86314
1.699 -5.92508
1.7 -5.9854
1.701 -6.04407
1.702 -6.10104
1.703 -6.15628
1.704 -6.20975
1.705 -6.26141
1.706 -6.31124
1.707 -6.35919
1.708 -6.40522
1.709 -6.44931
1.71 -6.49141
1.711 -6.5315
1.712 -6.56955
1.713 -6.60552
1.714 -6.6394
1.715 -6.67115
1.716 -6.70074
1.717 -6.72816
1.718 -6.75337
1.719 -6.77636
1.72 -6.79709
1.721 -6.81556
1.722 -6.83174
1.723 -6.84565
1.724 -6.85728
1.725 -6.86663
1.726 -6.87371
1.727 -6.8785
1.728 -6.88102
1.729 -6.88127
1.73 -6.87925
1.731 -6.87497
1.732 -6.86844
1.733 -6.85968
1.734 -6.84872
1.735 -6.83556
1.736 -6.82023
1.737 -6.80275
1.738 -6.78314
1.739 -6.76142
1.74 -6.73762
1.741 -6.71176
1.742 -6.68384
1.743 -6.65389
1.744 -6.6219
1.745 -6.5879
1.746 -6.55189
1.747 -6.5139
1.748 -6.47392
1.749 -6.43199
1.75 -6.38811
1.751 -6.34229
1.752 -6.29453
1.753 -6.24485
1.754 -6.19323
1.755 -6.13968
1.756 -6.0842
1.757 -6.02679
1.758 -5.96746
1.759 -5.9062
1.76 -5.84303
1.761 -5.77794
1.762 -5.71094
1.763 -5.64204
1.764 -5.57124
1.765 -5.49855
1.766 -5.42398
1.767 -5.34753
1.768 -5.26921
1.769 -5.18903
1.77 -5.10701
1.771 -5.02314
1.772 -4.93746
1.773 -4.84997
1.774 -4.76069
1.775 -4.66963
1.776 -4.57683
1.777 -4.48228
1.778 -4.38602
1.779 -4.28806
1.78 -4.18843
1.781 -4.08715
1.782 -3.98424
1.783 -3.87974
1.784 -3.77369
1.785 -3.66611
1.786 -3.55704
1.787 -3.44652
1.788 -3.33458
1.789 -3.22125
1.79 -3.10657
1.791 -2.99057
1.792 -2.87331
1.793 -2.7548
1.794 -2.6351
1.795 -2.51424
1.796 -2.39226
1.797 -2.26921
1.798 -2.14511
1.799 -2.02002
1.8 -1.89396
1.801 -1.76699
1.802 -1.63913
1.803 -1.51043
1.804 -1.38093
1.805 -1.25067
1.806 -1.11968
1.807 -0.988011
1.808 -0.855691
1.809 -0.722762
1.81 -0.589262
1.811 -0.455231
1.812 -0.320712
1.813 -0.185752
1.814 -0.0503943
1.815 0.0853149
1.816 0.221332
1.817 0.357612
1.818 0.494112
1.819 0.63079
1.82 0.767602
1.821 0.904505
1.822 1.04145
1.823 1.17839
1.824 1.31528
1.825 1.45207
1.826 1.58871
1.827 1.72515
1.828 1.86136
1.829 1.99727
1.83 2.13286
1.831 2.26807
1.832 2.40286
1.833 2.53719
1.834 2.67101
1.835 2.80428
1.836 2.93696
1.837 3.069
1.838 3.20038
1.839 3.33103
1.84 3.46094
1.841 3.59004
1.842 3.71831
1.843 3.84571
1.844 3.97219
1.845 4.09771
1.846 4.22224
1.847 4.34574
1.848 4.46817
1.849 4.5895
1.85 4.70968
1.851 4.82868
1.852 4.94645
1.853 5.06296
1.854 5.17816
1.855 5.29202
1.856 5.40447
1.857 5.5155
1.858 5.62505
1.859 5.73309
1.86 5.83957
1.861 5.94447
1.862 6.04773
1.863 6.14933
1.864 6.24923
1.865 6.34739
1.866 6.44377
1.867 6.53836
1.868 6.6311
1.869 6.72197
1.87 6.81093
1.871 6.89796
1.872 6.98302
1.873 7.0661
1.874 7.14716
1.875 7.22619
1.876 7.30316
1.877 7.37806
1.878 7.45085
1.879 7.52152
1.88 7.59005
1.881 7.65641
1.882 7.7206
1.883 7.7826
1.884 7.8424
1.885 7.89998
1.886 7.95532
1.887 8.00843
1.888 8.05927
1.889 8.10786
1.89 8.15417
1.891 8.1982
1.892 8.23994
1.893 8.27941
1.894 8.3166
1.895 8.35151
1.896 8.38415
1.897 8.41453
1.898 8.44265
1.899 8.46851
1.9 8.49212
1.901 8.5135
1.902 8.53264
1.903 8.54958
1.904 8.56432
1.905 8.57688
1.906 8.58727
1.907 8.59552
1.908 8.60163
1.909 8.60564
1.91 8.60755
1.911 8.60739
1.912 8.60517
1.913 8.6009
1.914 8.5946
1.915 8.58628
1.916 8.57596
1.917 8.56364
1.918 8.54936
1.919 8.53312
1.92 8.51494
1.921 8.49484
1.922 8.47283
1.923 8.44892
1.924 8.42313
1.925 8.39547
1.926 8.36595
1.927 8.33459
1.928 8.30141
1.929 8.26642
1.93 8.22963
1.931 8.19107
1.932 8.15073
1.933 8.10864
1.934 8.06478
1.935 8.01918
1.936 7.97185
1.937 7.92278
1.938 7.87199
1.939 7.81949
1.94 7.76529
1.941 7.7094
1.942 7.65185
1.943 7.59265
1.944 7.53183
1.945 7.4694
1.946 7.4054
1.947 7.33984
1.948 7.27275
1.949 7.20416
1.95 7.13408
1.951 7.06255
1.952 6.98962
1.953 6.91532
1.954 6.83972
1.955 6.76285
1.956 6.68477
1.957 6.60552
1.958 6.52517
1.959 6.44375
1.96 6.36133
1.961 6.27794
1.962 6.19365
1.963 6.10851
1.964 6.02258
1.965 5.9359
1.966 5.84854
1.967 5.76055
1.968 5.67199
1.969 5.58292
1.97 5.49338
1.971 5.40343
1.972 5.31313
1.973 5.22253
1.974 5.13168
1.975 5.04062
1.976 4.94942
1.977 4.85811
1.978 4.76676
1.979 4.67542
1.98 4.58412
1.981 4.49294
1.982 4.4019
1.983 4.31106
1.984 4.22046
1.985 4.13016
1.986 4.04019
1.987 3.95061
1.988 3.86146
1.989 3.77279
1.99 3.68463
1.991 3.59704
1.992 3.51005
1.993 3.42371
1.994 3.33807
1.995 3.25316
1.996 3.16902
1.997 3.0857
1.998 3.00324
1.999 2.92167
2 2.84104
2.001 2.76138
2.002 2.68274
2.003 2.60516
2.004 2.52869
2.005 2.45336
2.006 2.37923
2.007 2.30633
2.008 2.2347
2.009 2.16439
2.01 2.09542
2.011 2.02785
2.012 1.96171
2.013 1.89703
2.014 1.83386
2.015 1.77222
2.016 1.71216
2.017 1.6537
2.018 1.59688
2.019 1.54174
2.02 1.4883
2.021 1.43659
2.022 1.38663
2.023 1.33844
2.024 1.29204
2.025 1.24744
2.026 1.20466
2.027 1.1637
2.028 1.12459
2.029 1.08734
2.03 1.05196
2.031 1.01845
2.032 0.986808
2.033 0.957028
2.034 0.929097
2.035 0.903003
2.036 0.878735
2.037 0.856279
2.038 0.835623
2.039 0.816752
2.04 0.799652
2.041 0.784304
2.042 0.770683
2.043 0.758757
2.044 0.748498
2.045 0.739873
2.046 0.73285
2.047 0.727398
2.048 0.723485
2.049 0.721077
2.05 0.72014
2.051 0.720644
2.052 0.722558
2.053 0.725854
2.054 0.730502
2.055 0.736475
2.056 0.743742
2.057 0.752273
2.058 0.762038
2.059 0.773007
2.06 0.785148
2.061 0.798435
2.062 0.812849
2.063 0.828376
2.064 0.845002
2.065 0.862712
2.066 0.881491
2.067 0.901323
2.068 0.922191
2.069 0.944081
2.07 0.966976
2.071 0.990861
2.072 1.01573
2.073 1.04157
2.074 1.06839
2.075 1.09617
2.076 1.1249
2.077 1.15459
2.078 1.18522
2.079 1.21678
2.08 1.24927
2.081 1.28268
2.082 1.31699
2.083 1.3522
2.084 1.38829
2.085 1.42525
2.086 1.46307
2.087 1.50172
2.088 1.5412
2.089 1.5815
2.09 1.62259
2.091 1.66447
2.092 1.70711
2.093 1.7505
2.094 1.79461
2.095 1.83942
2.096 1.88491
2.097 1.93106
2.098 1.97786
2.099 2.02527
2.1 2.07327
2.101 2.12185
2.102 2.17098
2.103 2.22064
2.104 2.27079
2.105 2.32142
2.106 2.37249
2.107 2.42399
2.108 2.47588
2.109 2.52815
2.11 2.58076
2.111 2.6337
2.112 2.68694
2.113 2.74046
2.114 2.79426
2.115 2.84831
2.116 2.9026
2.117 2.9571
2.118 3.01182
2.119 3.06672
2.12 3.12179
2.121 3.17702
2.122 3.23238
2.123 3.28787
2.124 3.34345
2.125 3.39913
2.126 3.45487
2.127 3.51067
2.128 3.5665
2.129 3.62235
2.13 3.6782
2.131 3.73404
2.132 3.78982
2.133 3.84553
2.134 3.90112
2.135 3.95656
2.136 4.01182
2.137 4.06688
2.138 4.12169
2.139 4.17622
2.14 4.23045
2.141 4.28433
2.142 4.33782
2.143 4.39087
2.144 4.44342
2.145 4.49543
2.146 4.54684
2.147 4.59762
2.148 4.64769
2.149 4.69703
2.15 4.74557
2.151 4.79327
2.152 4.84007
2.153 4.88591
2.154 4.93073
2.155 4.97447
2.156 5.01707
2.157 5.05848
2.158 5.09864
2.159 5.13749
2.16 5.17498
2.161 5.21104
2.162 5.24561
2.163 5.27861
2.164 5.30997
2.165 5.33961
2.166 5.36746
2.167 5.39345
2.168 5.4175
2.169 5.43956
2.17 5.45954
2.171 5.47738
2.172 5.49299
2.173 5.50629
2.174 5.51718
2.175 5.5256
2.176 5.53145
2.177 5.53465
2.178 5.53512
2.179 5.53278
2.18 5.52755
2.181 5.51936
2.182 5.50811
2.183 5.49371
2.184 5.47609
2.185 5.45515
2.186 5.43082
2.187 5.40301
2.188 5.37164
2.189 5.33663
2.19 5.2979
2.191 5.25538
2.192 5.209
2.193 5.15871
2.194 5.10444
2.195 5.04614
2.196 4.98374
2.197 4.91721
2.198 4.84648
2.199 4.7715
2.2 4.69222
2.201 4.60861
2.202 4.52064
2.203 4.42829
2.204 4.33155
2.205 4.2304
2.206 4.12484
2.207 4.01485
2.208 3.90043
2.209 3.78157
2.21 3.65828
2.211 3.53054
2.212 3.39839
2.213 3.26183
2.214 3.1209
2.215 2.97563
2.216 2.82603
2.217 2.67214
2.218 2.51399
2.219 2.35161
2.22 2.18504
2.221 2.0143
2.222 1.83945
2.223 1.6605
2.224 1.47752
2.225 1.29053
2.226 1.09958
2.227 0.904713
2.228 0.705971
2.229 0.503399
2.23 0.297041
2.231 0.0869396
2.232 -0.126871
2.233 -0.344356
2.234 -0.565485
2.235 -0.790222
2.236 -1.01853
2.237 -1.25039
2.238 -1.48575
2.239 -1.72458
2.24 -1.96685
2.241 -2.21252
2.242 -2.46156
2.243 -2.71395
2.244 -2.96964
2.245 -3.22862
2.246 -3.49085
2.247 -3.7563
2.248 -4.02494
2.249 -4.29674
2.25 -4.57167
2.251 -4.84968
2.252 -5.13071
2.253 -5.41465
2.254 -5.70141
2.255 -5.9909
2.256 -6.28303
2.257 -6.57771
2.258 -6.87484
2.259 -7.17433
2.26 -7.47608
2.261 -7.77999
2.262 -8.08588
2.263 -8.39355
2.264 -8.70281
2.265 -9.01346
2.266 -9.32531
2.267 -9.63815
2.268 -9.9518
2.269 -10.266
2.27 -10.5807
2.271 -10.8956
2.272 -11.2104
2.273 -11.5248
2.274 -11.8386
2.275 -12.1515
2.276 -12.4632
2.277 -12.7734
2.278 -13.0818
2.279 -13.3882
2.28 -13.6923
2.281 -13.9937
2.282 -14.2922
2.283 -14.5874
2.284 -14.8791
2.285 -15.1668
2.286 -15.4503
2.287 -15.7292
2.288 -16.0033
2.289 -16.2723
2.29 -16.5361
2.291 -16.7944
2.292 -17.0473
2.293 -17.2943
2.294 -17.5354
2.295 -17.7703
2.296 -17.9987
2.297 -18.2203
2.298 -18.435
2.299 -18.6425
2.3 -18.8426
2.301 -19.0351
2.302 -19.2198
2.303 -19.3965
2.304 -19.5652
2.305 -19.7255
2.306 -19.8774
2.307 -20.0206
2.308 -20.1551
2.309 -20.2807
2.31 -20.3971
2.311 -20.5044
2.312 -20.6023
2.313 -20.6907
2.314 -20.7695
2.315 -20.8387
2.316 -20.898
2.317 -20.9474
2.318 -20.9868
2.319 -21.0161
2.32 -21.0351
2.321 -21.0438
2.322 -21.0417
2.323 -21.0291
2.324 -21.0058
2.325 -20.9719
2.326 -20.9272
2.327 -20.8717
2.328 -20.8054
2.329 -20.7281
2.33 -20.6398
2.331 -20.5405
2.332 -20.4302
2.333 -20.3087
2.334 -20.1762
2.335 -20.0325
2.336 -19.8778
2.337 -19.7119
2.338 -19.5349
2.339 -19.3468
2.34 -19.1476
2.341 -18.9373
2.342 -18.716
2.343 -18.4837
2.344 -18.2406
2.345 -17.9867
2.346 -17.7221
2.347 -17.4468
2.348 -17.1611
2.349 -16.865
2.35 -16.5586
2.351 -16.242
2.352 -15.9154
2.353 -15.5789
2.354 -15.2327
2.355 -14.8771
2.356 -14.5121
2.357 -14.138
2.358 -13.755
2.359 -13.3631
2.36 -12.9627
2.361 -12.554
2.362 -12.1371
2.363 -11.7123
2.364 -11.2799
2.365 -10.8401
2.366 -10.3933
2.367 -9.9397
2.368 -9.47953
2.369 -9.01308
2.37 -8.54063
2.371 -8.06243
2.372 -7.5788
2.373 -7.09003
2.374 -6.59643
2.375 -6.09829
2.376 -5.59592
2.377 -5.08962
2.378 -4.57967
2.379 -4.06638
2.38 -3.55003
2.381 -3.03092
2.382 -2.50935
2.383 -1.98562
2.384 -1.46002
2.385 -0.932841
2.386 -0.404386
2.387 0.125056
2.388 0.655195
2.389 1.18574
2.39 1.71641
2.391 2.24692
2.392 2.77698
2.393 3.3063
2.394 3.83462
2.395 4.36166
2.396 4.88713
2.397 5.41076
2.398 5.9323
2.399 6.45146
2.4 6.96799
2.401 7.48163
2.402 7.99213
2.403 8.49924
2.404 9.00271
2.405 9.5023
2.406 9.99778
2.407 10.4889
2.408 10.9754
2.409 11.4572
2.41 11.9339
2.411 12.4054
2.412 12.8714
2.413 13.3318
2.414 13.7863
2.415 14.2348
2.416 14.6771
2.417 15.1129
2.418 15.5421
2.419 15.9646
2.42 16.38
2.421 16.7884
2.422 17.1894
2.423 17.583
2.424 17.9691
2.425 18.3474
2.426 18.7178
2.427 19.0803
2.428 19.4346
2.429 19.7807
2.43 20.1184
2.431 20.4475
2.432 20.7681
2.433 21.0799
2.434 21.3828
2.435 21.6769
2.436 21.962
2.437 22.2379
2.438 22.5047
2.439 22.7622
2.44 23.0103
2.441 23.249
2.442 23.4782
2.443 23.6979
2.444 23.9079
2.445 24.1083
2.446 24.2989
2.447 24.4797
2.448 24.6508
2.449 24.8119
2.45 24.9631
2.451 25.1044
2.452 25.2356
2.453 25.3568
2.454 25.4679
2.455 25.569
2.456 25.66
2.457 25.7408
2.458 25.8115
2.459 25.872
2.46 25.9223
2.461 25.9624
2.462 25.9923
2.463 26.012
2.464 26.0214
2.465 26.0202
2.466 26.0087
2.467 25.987
2.468 25.955
2.469 25.9129
2.47 25.8605
2.471 25.7979
2.472 25.7252
2.473 25.6423
2.474 25.5494
2.475 25.4465
2.476 25.3335
2.477 25.2107
2.478 25.0779
2.479 24.9354
2.48 24.7831
2.481 24.6211
2.482 24.4495
2.483 24.2684
2.484 24.0779
2.485 23.8782
2.486 23.6692
2.487 23.4513
2.488 23.2243
2.489 22.9886
2.49 22.7441
2.491 22.4911
2.492 22.2297
2.493 21.9601
2.494 21.6824
2.495 21.3969
2.496 21.1038
2.497 20.8032
2.498 20.4954
2.499 20.1804
2.5 19.8586
2.501 19.5301
2.502 19.1951
2.503 18.8539
2.504 18.5067
2.505 18.1537
2.506 17.7952
2.507 17.4314
2.508 17.0625
2.509 16.6887
2.51 16.3104
2.511 15.9277
2.512 15.5408
2.513 15.15
2.514 14.7556
2.515 14.3577
2.516 13.9567
2.517 13.5526
2.518 13.1459
2.519 12.7366
2.52 12.3249
2.521 11.9113
2.522 11.4957
2.523 11.0784
2.524 10.6596
2.525 10.2395
2.526 9.81814
2.527 9.39584
2.528 8.97273
2.529 8.54898
2.53 8.12476
2.531 7.70023
2.532 7.27552
2.533 6.85076
2.534 6.42606
2.535 6.00153
2.536 5.5773
2.537 5.15347
2.538 4.73016
2.539 4.30748
2.54 3.88553
2.541 3.46442
2.542 3.04422
2.543 2.62499
2.544 2.20679
2.545 1.78967
2.546 1.37371
2.547 0.958945
2.548 0.545437
2.549 0.133238
2.55 -0.2776
2.551 -0.687033
2.552 -1.09503
2.553 -1.50157
2.554 -1.90662
2.555 -2.31017
2.556 -2.7122
2.557 -3.11268
2.558 -3.51161
2.559 -3.90897
2.56 -4.30474
2.561 -4.69891
2.562 -5.09149
2.563 -5.48247
2.564 -5.87185
2.565 -6.25965
2.566 -6.64586
2.567 -7.0305
2.568 -7.41357
2.569 -7.79507
2.57 -8.17504
2.571 -8.55346
2.572 -8.93035
2.573 -9.30572
2.574 -9.67958
2.575 -10.0519
2.576 -10.4228
2.577 -10.7922
2.578 -11.1601
2.579 -11.5265
2.58 -11.8915
2.581 -12.2551
2.582 -12.6173
2.583 -12.978
2.584 -13.3372
2.585 -13.6949
2.586 -14.0512
2.587 -14.406
2.588 -14.7592
2.589 -15.111
2.59 -15.4612
2.591 -15.8099
2.592 -16.157
2.593 -16.5026
2.594 -16.8464
2.595 -17.1885
2.596 -17.5289
2.597 -17.8676
2.598 -18.2043
2.599 -18.5392
2.6 -18.8723
2.601 -19.2033
2.602 -19.5323
2.603 -19.8593
2.604 -20.184
2.605 -20.5066
2.606 -20.8269
2.607 -21.1449
2.608 -21.4605
2.609 -21.7736
2.61 -22.0842
2.611 -22.3922
2.612 -22.6976
2.613 -23.0002
2.614 -23.3001
2.615 -23.5971
2.616 -23.8912
2.617 -24.1824
2.618 -24.4705
2.619 -24.7555
2.62 -25.0373
2.621 -25.3159
2.622 -25.5913
2.623 -25.8633
2.624 -26.1319
2.625 -26.3971
2.626 -26.6588
2.627 -26.9169
2.628 -27.1713
2.629 -27.4221
2.63 -27.6692
2.631 -27.9125
2.632 -28.1519
2.633 -28.3875
2.634 -28.6191
2.635 -28.8467
2.636 -29.0702
2.637 -29.2896
2.638 -29.5049
2.639 -29.7159
2.64 -29.9227
2.641 -30.1252
2.642 -30.3232
2.643 -30.5169
2.644 -30.706
2.645 -30.8905
2.646 -31.0704
2.647 -31.2456
2.648 -31.4161
2.649 -31.5817
2.65 -31.7425
2.651 -31.8983
2.652 -32.0491
2.653 -32.1948
2.654 -32.3354
2.655 -32.4708
2.656 -32.601
2.657 -32.7258
2.658 -32.8452
2.659 -32.9591
2.66 -33.0676
2.661 -33.1704
2.662 -33.2676
2.663 -33.3591
2.664 -33.4448
2.665 -33.5246
2.666 -33.5985
2.667 -33.6664
2.668 -33.7282
2.669 -33.7839
2.67 -33.8334
2.671 -33.8767
2.672 -33.9136
2.673 -33.944
2.674 -33.968
2.675 -33.9853
2.676 -33.9959
2.677 -33.9996
2.678 -33.9962
2.679 -33.986
2.68 -33.9687
2.681 -33.9444
2.682 -33.9129
2.683 -33.8743
2.684 -33.8283
2.685 -33.775
2.686 -33.7143
2.687 -33.646
2.688 -33.5702
2.689 -33.4868
2.69 -33.3957
2.691 -33.2968
2.692 -33.1902
2.693 -33.0757
2.694 -32.9532
2.695 -32.8229
2.696 -32.6845
2.697 -32.5381
2.698 -32.3836
2.699 -32.2209
2.7 -32.0501
2.701 -31.8711
2.702 -31.6839
2.703 -31.4885
2.704 -31.2848
2.705 -31.0728
2.706 -30.8526
2.707 -30.6241
2.708 -30.3873
2.709 -30.1422
2.71 -29.8889
2.711 -29.6272
2.712 -29.3574
2.713 -29.0793
2.714 -28.793
2.715 -28.4987
2.716 -28.1962
2.717 -27.8857
2.718 -27.5672
2.719 -27.2408
2.72 -26.9065
2.721 -26.5643
2.722 -26.2144
2.723 -25.8568
2.724 -25.4917
2.725 -25.1191
2.726 -24.7391
2.727 -24.3519
2.728 -23.9575
2.729 -23.556
2.73 -23.1476
2.731 -22.7323
2.732 -22.3104
2.733 -21.8819
2.734 -21.447
2.735 -21.0059
2.736 -20.5587
2.737 -20.1055
2.738 -19.6466
2.739 -19.182
2.74 -18.7119
2.741 -18.2365
2.742 -17.756
2.743 -17.2706
2.744 -16.7804
2.745 -16.2857
2.746 -15.7867
2.747 -15.2835
2.748 -14.7765
2.749 -14.2657
2.75 -13.7514
2.751 -13.2337
2.752 -12.713
2.753 -12.1894
2.754 -11.6632
2.755 -11.1347
2.756 -10.604
2.757 -10.0713
2.758 -9.53705
2.759 -9.00132
2.76 -8.46435
2.761 -7.92641
2.762 -7.38772
2.763 -6.84855
2.764 -6.30914
2.765 -5.76976
2.766 -5.23065
2.767 -4.69206
2.768 -4.15422
2.769 -3.61739
2.77 -3.08179
2.771 -2.54768
2.772 -2.01529
2.773 -1.48487
2.774 -0.956666
2.775 -0.43092
2.776 0.0921284
2.777 0.61224
2.778 1.12918
2.779 1.64271
2.78 2.15261
2.781 2.65864
2.782 3.16057
2.783 3.65816
2.784 4.1512
2.785 4.63944
2.786 5.12267
2.787 5.60066
2.788 6.07319
2.789 6.54003
2.79 7.00096
2.791 7.45578
2.792 7.90425
2.793 8.34616
2.794 8.7813
2.795 9.20946
2.796 9.63042
2.797 10.044
2.798 10.4499
2.799 10.848
2.8 11.2381
2.801 11.6199
2.802 11.9933
2.803 12.3581
2.804 12.714
2.805 13.061
2.806 13.3986
2.807 13.7269
2.808 14.0456
2.809 14.3544
2.81 14.6533
2.811 14.942
2.812 15.2204
2.813 15.4883
2.814 15.7455
2.815 15.9921
2.816 16.2276
2.817 16.4522
2.818 16.6655
2.819 16.8675
2.82 17.058
2.821 17.237
2.822 17.4042
2.823 17.5598
2.824 17.7037
2.825 17.8359
2.826 17.9563
2.827 18.0649
2.828 18.1618
2.829 18.2468
2.83 18.3199
2.831 18.3812
2.832 18.4308
2.833 18.4686
2.834 18.4948
2.835 18.5095
2.836 18.5125
2.837 18.504
2.838 18.4842
2.839 18.4532
2.84 18.4112
2.841 18.3582
2.842 18.2943
2.843 18.2198
2.844 18.1348
2.845 18.0394
2.846 17.9338
2.847 17.8182
2.848 17.6927
2.849 17.5575
2.85 17.4127
2.851 17.2587
2.852 17.0954
2.853 16.923
2.854 16.7418
2.855 16.552
2.856 16.3535
2.857 16.1468
2.858 15.9318
2.859 15.7089
2.86 15.4781
2.861 15.2397
2.862 14.9939
2.863 14.7407
2.864 14.4803
2.865 14.2129
2.866 13.9386
2.867 13.6577
2.868 13.3701
2.869 13.0762
2.87 12.776
2.871 12.4698
2.872 12.1576
2.873 11.8396
2.874 11.5159
2.875 11.1866
2.876 10.8519
2.877 10.512
2.878 10.1669
2.879 9.81671
2.88 9.46169
2.881 9.10191
2.882 8.73754
2.883 8.3687
2.884 7.99556
2.885 7.61826
2.886 7.23694
2.887 6.85175
2.888 6.46283
2.889 6.07032
2.89 5.67437
2.891 5.27511
2.892 4.8727
2.893 4.46729
2.894 4.05905
2.895 3.64813
2.896 3.23468
2.897 2.81885
2.898 2.40079
2.899 1.98065
2.9 1.55857
2.901 1.13471
2.902 0.709223
2.903 0.282274
2.904 -0.145973
2.905 -0.575356
2.906 -1.00571
2.907 -1.43689
2.908 -1.86872
2.909 -2.30106
2.91 -2.73374
2.911 -3.16662
2.912 -3.59952
2.913 -4.03228
2.914 -4.46474
2.915 -4.89673
2.916 -5.3281
2.917 -5.75867
2.918 -6.18829
2.919 -6.6168
2.92 -7.04405
2.921 -7.46988
2.922 -7.89414
2.923 -8.31668
2.924 -8.73733
2.925 -9.15596
2.926 -9.5724
2.927 -9.98652
2.928 -10.3982
2.929 -10.8072
2.93 -11.2135
2.931 -11.6168
2.932 -12.0172
2.933 -12.4144
2.934 -12.8083
2.935 -13.1988
2.936 -13.5858
2.937 -13.9691
2.938 -14.3487
2.939 -14.7243
2.94 -15.096
2.941 -15.4636
2.942 -15.827
2.943 -16.1861
2.944 -16.5407
2.945 -16.8909
2.946 -17.2366
2.947 -17.5776
2.948 -17.9138
2.949 -18.2452
2.95 -18.5717
2.951 -18.8933
2.952 -19.2097
2.953 -19.5211
2.954 -19.8273
2.955 -20.1284
2.956 -20.4241
2.957 -20.7145
2.958 -20.9996
2.959 -21.2792
2.96 -21.5533
2.961 -21.822
2.962 -22.085
2.963 -22.3425
2.964 -22.5944
2.965 -22.8406
2.966 -23.0811
2.967 -23.3159
2.968 -23.545
2.969 -23.7683
2.97 -23.9858
2.971 -24.1975
2.972 -24.4033
2.973 -24.6032
2.974 -24.7973
2.975 -24.9855
2.976 -25.1677
2.977 -25.344
2.978 -25.5144
2.979 -25.6787
2.98 -25.8372
2.981 -25.9896
2.982 -26.136
2.983 -26.2763
2.984 -26.4107
2.985 -26.5391
2.986 -26.6614
2.987 -26.7777
2.988 -26.8879
2.989 -26.9921
2.99 -27.0903
2.991 -27.1825
2.992 -27.2685
2.993 -27.3486
2.994 -27.4226
2.995 -27.4906
2.996 -27.5525
2.997 -27.6084
2.998 -27.6583
2.999 -27.7022
3 -27.74
3.001 -27.7718
3.002 -27.7977
3.003 -27.8175
3.004 -27.8314
3.005 -27.8392
3.006 -27.8409
3.007 -27.8365
3.008 -27.8262
3.009 -27.8099
3.01 -27.7876
3.011 -27.7594
3.012 -27.7252
3.013 -27.6851
3.014 -27.6391
3.015 -27.5872
3.016 -27.5294
3.017 -27.4656
3.018 -27.396
3.019 -27.3205
3.02 -27.2392
3.021 -27.152
3.022 -27.059
3.023 -26.9602
3.024 -26.8555
3.025 -26.7451
3.026 -26.6288
3.027 -26.5067
3.028 -26.3789
3.029 -26.2453
3.03 -26.1059
3.031 -25.9609
3.032 -25.8101
3.033 -25.6536
3.034 -25.4914
3.035 -25.3236
3.036 -25.1501
3.037 -24.971
3.038 -24.7863
3.039 -24.5961
3.04 -24.4004
3.041 -24.1991
3.042 -23.9924
3.043 -23.7803
3.044 -23.5628
3.045 -23.3401
3.046 -23.112
3.047 -22.8788
3.048 -22.6404
3.049 -22.3969
3.05 -22.1484
3.051 -21.8949
3.052 -21.6365
3.053 -21.3732
3.054 -21.1052
3.055 -20.8325
3.056 -20.5551
3.057 -20.2732
3.058 -19.9868
3.059 -19.6959
3.06 -19.4008
3.061 -19.1014
3.062 -18.7978
3.063 -18.4901
3.064 -18.1784
3.065 -17.8628
3.066 -17.5433
3.067 -17.2201
3.068 -16.8932
3.069 -16.5627
3.07 -16.2286
3.071 -15.8912
3.072 -15.5503
3.073 -15.2062
3.074 -14.8588
3.075 -14.5084
3.076 -14.1548
3.077 -13.7983
3.078 -13.4389
3.079 -13.0766
3.08 -12.7116
3.081 -12.3439
3.082 -11.9736
3.083 -11.6007
3.084 -11.2253
3.085 -10.8476
3.086 -10.4675
3.087 -10.0851
3.088 -9.70049
3.089 -9.31376
3.09 -8.92496
3.091 -8.53414
3.092 -8.14138
3.093 -7.74672
3.094 -7.35024
3.095 -6.95198
3.096 -6.55202
3.097 -6.1504
3.098 -5.74718
3.099 -5.34242
3.1 -4.93618
3.101 -4.52849
3.102 -4.11943
3.103 -3.70903
3.104 -3.29735
3.105 -2.88443
3.106 -2.47032
3.107 -2.05507
3.108 -1.63872
3.109 -1.22131
3.11 -0.802886
3.111 -0.38349
3.112 0.0368425
3.113 0.458079
3.114 0.880188
3.115 1.30314
3.116 1.7269
3.117 2.15144
3.118 2.57674
3.119 3.00277
3.12 3.4295
3.121 3.85691
3.122 4.28497
3.123 4.71365
3.124 5.14291
3.125 5.57274
3.126 6.00309
3.127 6.43396
3.128 6.86531
3.129 7.29712
3.13 7.72937
3.131 8.16203
3.132 8.59507
3.133 9.02845
3.134 9.46213
3.135 9.89607
3.136 10.3303
3.137 10.7646
3.138 11.1992
3.139 11.6339
3.14 12.0687
3.141 12.5035
3.142 12.9384
3.143 13.3733
3.144 13.8082
3.145 14.243
3.146 14.6777
3.147 15.1123
3.148 15.5467
3.149 15.9809
3.15 16.4149
3.151 16.8487
3.152 17.2821
3.153 17.7153
3.154 18.1481
3.155 18.5805
3.156 19.0124
3.157 19.444
3.158 19.875
3.159 20.3055
3.16 20.7355
3.161 21.1648
3.162 21.5936
3.163 22.0217
3.164 22.449
3.165 22.8757
3.166 23.3015
3.167 23.7266
3.168 24.1507
3.169 24.574
3.17 24.9963
3.171 25.4177
3.172 25.838
3.173 26.2572
3.174 26.6753
3.175 27.0921
3.176 27.5077
3.177 27.922
3.178 28.3348
3.179 28.7463
3.18 29.1562
3.181 29.5645
3.182 29.9713
3.183 30.3763
3.184 30.7794
3.185 31.1807
3.186 31.58
3.187 31.9772
3.188 32.3723
3.189 32.7651
3.19 33.1556
3.191 33.5437
3.192 33.9292
3.193 34.3122
3.194 34.6923
3.195 35.0696
3.196 35.4438
3.197 35.8149
3.198 36.1828
3.199 36.5472
3.2 36.9082
3.201 37.2656
3.202 37.6191
3.203 37.9688
3.204 38.3145
3.205 38.6559
3.206 38.993
3.207 39.3256
3.208 39.6536
3.209 39.9768
3.21 40.2951
3.211 40.6083
3.212 40.9163
3.213 41.2189
3.214 41.5161
3.215 41.8076
3.216 42.0934
3.217 42.3732
3.218 42.647
3.219 42.9145
3.22 43.1757
3.221 43.4304
3.222 43.6784
3.223 43.9198
3.224 44.1543
3.225 44.3818
3.226 44.6022
3.227 44.8154
3.228 45.0213
3.229 45.2197
3.23 45.4106
3.231 45.5938
3.232 45.7693
3.233 45.9369
3.234 46.0966
3.235 46.2484
3.236 46.3921
3.237 46.5276
3.238 46.6549
3.239 46.7739
3.24 46.8846
3.241 46.9869
3.242 47.0806
3.243 47.1659
3.244 47.2427
3.245 47.3109
3.246 47.3705
3.247 47.4215
3.248 47.4639
3.249 47.4975
3.25 47.5225
3.251 47.5386
3.252 47.5459
3.253 47.5443
3.254 47.534
3.255 47.5151
3.256 47.4877
3.257 47.4519
3.258 47.4077
3.259 47.3551
3.26 47.2941
3.261 47.225
3.262 47.1476
3.263 47.0622
3.264 46.9689
3.265 46.8678
3.266 46.7589
3.267 46.6425
3.268 46.5186
3.269 46.3873
3.27 46.2489
3.271 46.1033
3.272 45.9508
3.273 45.7915
3.274 45.6255
3.275 45.4531
3.276 45.2743
3.277 45.0894
3.278 44.8984
3.279 44.7016
3.28 44.499
3.281 44.291
3.282 44.0776
3.283 43.859
3.284 43.6353
3.285 43.4067
3.286 43.1733
3.287 42.9354
3.288 42.693
3.289 42.4463
3.29 42.1955
3.291 41.9408
3.292 41.6822
3.293 41.4199
3.294 41.1541
3.295 40.8848
3.296 40.6123
3.297 40.3365
3.298 40.0578
3.299 39.7761
3.3 39.4917
3.301 39.2046
3.302 38.915
3.303 38.623
3.304 38.3287
3.305 38.0322
3.306 37.7336
3.307 37.433
3.308 37.1305
3.309 36.8263
3.31 36.5205
3.311 36.213
3.312 35.9041
3.313 35.5939
3.314 35.2823
3.315 34.9695
3.316 34.6557
3.317 34.3408
3.318 34.025
3.319 33.7083
3.32 33.3908
3.321 33.0727
3.322 32.7539
3.323 32.4346
3.324 32.1149
3.325 31.7948
3.326 31.4744
3.327 31.1538
3.328 30.8331
3.329 30.5124
3.33 30.1917
3.331 29.8711
3.332 29.5508
3.333 29.2308
3.334 28.9112
3.335 28.5921
3.336 28.2736
3.337 27.9559
3.338 27.639
3.339 27.3231
3.34 27.0081
3.341 26.6943
3.342 26.3818
3.343 26.0706
3.344 25.7609
3.345 25.4528
3.346 25.1465
3.347 24.842
3.348 24.5395
3.349 24.2392
3.35 23.941
3.351 23.6452
3.352 23.3519
3.353 23.0611
3.354 22.7731
3.355 22.4879
3.356 22.2057
3.357 21.9265
3.358 21.6506
3.359 21.378
3.36 21.1089
3.361 20.8433
3.362 20.5815
3.363 20.3234
3.364 20.0692
3.365 19.8191
3.366 19.573
3.367 19.3313
3.368 19.0938
3.369 18.8608
3.37 18.6324
3.371 18.4086
3.372 18.1896
3.373 17.9754
3.374 17.7662
3.375 17.562
3.376 17.3628
3.377 17.1689
3.378 16.9802
3.379 16.7969
3.38 16.619
3.381 16.4466
3.382 16.2798
3.383 16.1187
3.384 15.9632
3.385 15.8136
3.386 15.6697
3.387 15.5318
3.388 15.3998
3.389 15.2738
3.39 15.1538
3.391 15.04
3.392 14.9324
3.393 14.8309
3.394 14.7356
3.395 14.6466
3.396 14.5638
3.397 14.4873
3.398 14.4172
3.399 14.3534
3.4 14.296
3.401 14.245
3.402 14.2004
3.403 14.1621
3.404 14.1302
3.405 14.1047
3.406 14.0855
3.407 14.0727
3.408 14.0662
3.409 14.066
3.41 14.0722
3.411 14.0846
3.412 14.1033
3.413 14.1281
3.414 14.159
3.415 14.1959
3.416 14.2388
3.417 14.2876
3.418 14.3422
3.419 14.4025
3.42 14.4685
3.421 14.5401
3.422 14.6172
3.423 14.6996
3.424 14.7873
3.425 14.8802
3.426 14.9782
3.427 15.0811
3.428 15.1888
3.429 15.3012
3.43 15.4182
3.431 15.5397
3.432 15.6655
3.433 15.7955
3.434 15.9296
3.435 16.0677
3.436 16.2095
3.437 16.355
3.438 16.5041
3.439 16.6565
3.44 16.8122
3.441 16.971
3.442 17.1328
3.443 17.2974
3.444 17.4647
3.445 17.6346
3.446 17.8069
3.447 17.9816
3.448 18.1583
3.449 18.3371
3.45 18.5178
3.451 18.7002
3.452 18.8843
3.453 19.0698
3.454 19.2568
3.455 19.4451
3.456 19.6346
3.457 19.8251
3.458 20.0167
3.459 20.2091
3.46 20.4022
3.461 20.596
3.462 20.7904
3.463 20.9853
3.464 21.1806
3.465 21.3763
3.466 21.5722
3.467 21.7683
3.468 21.9645
3.469 22.1608
3.47 22.357
3.471 22.5531
3.472 22.7492
3.473 22.945
3.474 23.1406
3.475 23.3359
3.476 23.5309
3.477 23.7256
3.478 23.9199
3.479 24.1137
3.48 24.3071
3.481 24.5
3.482 24.6925
3.483 24.8843
3.484 25.0757
3.485 25.2666
3.486 25.4569
3.487 25.6467
3.488 25.836
3.489 26.0247
3.49 26.2129
3.491 26.4006
3.492 26.5877
3.493 26.7744
3.494 26.9606
3.495 27.1463
3.496 27.3315
3.497 27.5164
3.498 27.7009
3.499 27.885
3.5 28.0688
3.501 28.2522
3.502 28.4353
3.503 28.6182
3.504 28.8007
3.505 28.9829
3.506 29.1649
3.507 29.3465
3.508 29.528
3.509 29.7091
3.51 29.8901
3.511 30.0707
3.512 30.2512
3.513 30.4313
3.514 30.611
3.515 30.7904
3.516 30.9694
3.517 31.1479
3.518 31.326
3.519 31.5035
3.52 31.6805
3.521 31.8569
3.522 32.0326
3.523 32.2076
3.524 32.3818
3.525 32.555
3.526 32.7272
3.527 32.8983
3.528 33.0682
3.529 33.2369
3.53 33.4042
3.531 33.5701
3.532 33.7345
3.533 33.8971
3.534 34.058
3.535 34.217
3.536 34.3739
3.537 34.5287
3.538 34.6811
3.539 34.8312
3.54 34.9788
3.541 35.1238
3.542 35.2659
3.543 35.4052
3.544 35.5415
3.545 35.6746
3.546 35.8044
3.547 35.9308
3.548 36.0536
3.549 36.1727
3.55 36.2881
3.551 36.3995
3.552 36.5069
3.553 36.6101
3.554 36.709
3.555 36.8036
3.556 36.8937
3.557 36.9791
3.558 37.0599
3.559 37.1359
3.56 37.2069
3.561 37.2729
3.562 37.3338
3.563 37.3896
3.564 37.4401
3.565 37.4852
3.566 37.5249
3.567 37.5592
3.568 37.5878
3.569 37.6109
3.57 37.6282
3.571 37.6398
3.572 37.6456
3.573 37.6454
3.574 37.6394
3.575 37.6274
3.576 37.6093
3.577 37.5853
3.578 37.5552
3.579 37.519
3.58 37.4767
3.581 37.4282
3.582 37.3736
3.583 37.3128
3.584 37.2458
3.585 37.1727
3.586 37.0934
3.587 37.0079
3.588 36.9163
3.589 36.8185
3.59 36.7146
3.591 36.6046
3.592 36.4885
3.593 36.3663
3.594 36.2381
3.595 36.1039
3.596 35.9637
3.597 35.8175
3.598 35.6654
3.599 35.5075
3.6 35.3437
3.601 35.1741
3.602 34.9988
3.603 34.8178
3.604 34.6312
3.605 34.439
3.606 34.2413
3.607 34.0381
3.608 33.8295
3.609 33.6156
3.61 33.3964
3.611 33.172
3.612 32.9425
3.613 32.7079
3.614 32.4684
3.615 32.2238
3.616 31.9745
3.617 31.7204
3.618 31.4615
3.619 31.1981
3.62 30.9301
3.621 30.6576
3.622 30.3807
3.623 30.0995
3.624 29.814
3.625 29.5244
3.626 29.2308
3.627 28.9332
3.628 28.6316
3.629 28.3263
3.63 28.0172
3.631 27.7045
3.632 27.3882
3.633 27.0685
3.634 26.7454
3.635 26.419
3.636 26.0894
3.637 25.7566
3.638 25.4209
3.639 25.0822
3.64 24.7406
3.641 24.3962
3.642 24.0491
3.643 23.6994
3.644 23.3472
3.645 22.9924
3.646 22.6353
3.647 22.2758
3.648 21.914
3.649 21.55
3.65 21.1839
3.651 20.8157
3.652 20.4454
3.653 20.0732
3.654 19.6991
3.655 19.3231
3.656 18.9453
3.657 18.5657
3.658 18.1843
3.659 17.8012
3.66 17.4165
3.661 17.0302
3.662 16.6423
3.663 16.2527
3.664 15.8617
3.665 15.4691
3.666 15.075
3.667 14.6793
3.668 14.2822
3.669 13.8837
3.67 13.4836
3.671 13.0822
3.672 12.6792
3.673 12.2749
3.674 11.869
3.675 11.4617
3.676 11.053
3.677 10.6427
3.678 10.231
3.679 9.81784
3.68 9.40314
3.681 8.98693
3.682 8.56922
3.683 8.15
3.684 7.72927
3.685 7.30704
3.686 6.8833
3.687 6.45806
3.688 6.0313
3.689 5.60304
3.69 5.17325
3.691 4.74195
3.692 4.30919
3.693 3.875
3.694 3.43944
3.695 3.00257
3.696 2.56441
3.697 2.12504
3.698 1.68448
3.699 1.24279
3.7 0.800009
3.701 0.356201
3.702 -0.0885486
3.703 -0.534137
3.704 -0.980464
3.705 -1.42743
3.706 -1.87493
3.707 -2.32287
3.708 -2.77115
3.709 -3.21967
3.71 -3.66834
3.711 -4.11705
3.712 -4.56567
3.713 -5.01408
3.714 -5.46212
3.715 -5.90968
3.716 -6.35661
3.717 -6.80279
3.718 -7.24808
3.719 -7.69235
3.72 -8.13547
3.721 -8.5773
3.722 -9.0177
3.723 -9.45653
3.724 -9.89364
3.725 -10.3289
3.726 -10.7621
3.727 -11.1931
3.728 -11.6219
3.729 -12.0482
3.73 -12.4719
3.731 -12.8928
3.732 -13.3109
3.733 -13.726
3.734 -14.1379
3.735 -14.5464
3.736 -14.9516
3.737 -15.3532
3.738 -15.751
3.739 -16.145
3.74 -16.535
3.741 -16.9209
3.742 -17.3025
3.743 -17.6797
3.744 -18.0525
3.745 -18.4206
3.746 -18.7839
3.747 -19.1424
3.748 -19.4959
3.749 -19.8442
3.75 -20.1874
3.751 -20.5251
3.752 -20.8575
3.753 -21.1842
3.754 -21.5053
3.755 -21.8207
3.756 -22.1302
3.757 -22.4338
3.758 -22.7314
3.759 -23.0228
3.76 -23.308
3.761 -23.5869
3.762 -23.8594
3.763 -24.1255
3.764 -24.3851
3.765 -24.6381
3.766 -24.8846
3.767 -25.1245
3.768 -25.3576
3.769 -25.584
3.77 -25.8036
3.771 -26.0164
3.772 -26.2223
3.773 -26.4213
3.774 -26.6136
3.775 -26.799
3.776 -26.9776
3.777 -27.1493
3.778 -27.3143
3.779 -27.4725
3.78 -27.6238
3.781 -27.7684
3.782 -27.9063
3.783 -28.0374
3.784 -28.162
3.785 -28.28
3.786 -28.3915
3.787 -28.4965
3.788 -28.5952
3.789 -28.6876
3.79 -28.7736
3.791 -28.8535
3.792 -28.9272
3.793 -28.9949
3.794 -29.0567
3.795 -29.1126
3.796 -29.1628
3.797 -29.2072
3.798 -29.2461
3.799 -29.2795
3.8 -29.3075
3.801 -29.3301
3.802 -29.3474
3.803 -29.3597
3.804 -29.3668
3.805 -29.3688
3.806 -29.3659
3.807 -29.3583
3.808 -29.346
3.809 -29.3293
3.81 -29.3081
3.811 -29.2827
3.812 -29.253
3.813 -29.2193
3.814 -29.1816
3.815 -29.14
3.816 -29.0947
3.817 -29.0458
3.818 -28.9932
3.819 -28.9373
3.82 -28.8781
3.821 -28.8156
3.822 -28.7501
3.823 -28.6816
3.824 -28.6102
3.825 -28.536
3.826 -28.4592
3.827 -28.3798
3.828 -28.298
3.829 -28.2139
3.83 -28.1275
3.831 -28.039
3.832 -27.9485
3.833 -27.8561
3.834 -27.762
3.835 -27.6661
3.836 -27.5686
3.837 -27.4696
3.838 -27.3692
3.839 -27.2675
3.84 -27.1647
3.841 -27.0607
3.842 -26.9558
3.843 -26.8499
3.844 -26.7432
3.845 -26.6358
3.846 -26.5277
3.847 -26.4189
3.848 -26.3097
3.849 -26.2001
3.85 -26.09
3.851 -25.9798
3.852 -25.8693
3.853 -25.7586
3.854 -25.6477
3.855 -25.5368
3.856 -25.4258
3.857 -25.3148
3.858 -25.2038
3.859 -25.0928
3.86 -24.982
3.861 -24.8712
3.862 -24.7606
3.863 -24.6502
3.864 -24.5398
3.865 -24.4296
3.866 -24.3195
3.867 -24.2095
3.868 -24.0996
3.869 -23.9899
3.87 -23.8802
3.871 -23.7706
3.872 -23.6611
3.873 -23.5516
3.874 -23.4422
3.875 -23.3328
3.876 -23.2233
3.877 -23.1138
3.878 -23.0043
3.879 -22.8946
3.88 -22.7849
3.881 -22.675
3.882 -22.5649
3.883 -22.4547
3.884 -22.3443
3.885 -22.2336
3.886 -22.1227
3.887 -22.0115
3.888 -21.9
3.889 -21.7882
3.89 -21.6761
3.891 -21.5636
3.892 -21.4507
3.893 -21.3374
3.894 -21.2236
3.895 -21.1095
3.896 -20.9948
3.897 -20.8797
3.898 -20.7641
3.899 -20.648
3.9 -20.5313
3.901 -20.414
3.902 -20.2962
3.903 -20.1778
3.904 -20.0588
3.905 -19.9391
3.906 -19.8188
3.907 -19.6979
3.908 -19.5763
3.909 -19.454
3.91 -19.331
3.911 -19.2073
3.912 -19.0828
3.913 -18.9576
3.914 -18.8317
3.915 -18.705
3.916 -18.5775
3.917 -18.4492
3.918 -18.3202
3.919 -18.1903
3.92 -18.0596
3.921 -17.928
3.922 -17.7957
3.923 -17.6624
3.924 -17.5284
3.925 -17.3935
3.926 -17.2578
3.927 -17.1213
3.928 -16.9839
3.929 -16.8456
3.93 -16.7066
3.931 -16.5667
3.932 -16.426
3.933 -16.2845
3.934 -16.1423
3.935 -15.9992
3.936 -15.8555
3.937 -15.711
3.938 -15.5659
3.939 -15.42
3.94 -15.2735
3.941 -15.1264
3.942 -14.9786
3.943 -14.8303
3.944 -14.6815
3.945 -14.5322
3.946 -14.3824
3.947 -14.2322
3.948 -14.0817
3.949 -13.9308
3.95 -13.7796
3.951 -13.6281
3.952 -13.4764
3.953 -13.3245
3.954 -13.1725
3.955 -13.0205
3.956 -12.8684
3.957 -12.7163
3.958 -12.5644
3.959 -12.4125
3.96 -12.2608
3.961 -12.1094
3.962 -11.9582
3.963 -11.8074
3.964 -11.657
3.965 -11.5071
3.966 -11.3578
3.967 -11.209
3.968 -11.061
3.969 -10.9136
3.97 -10.7671
3.971 -10.6214
3.972 -10.4767
3.973 -10.3329
3.974 -10.1903
3.975 -10.0488
3.976 -9.90854
3.977 -9.76958
3.978 -9.63199
3.979 -9.49584
3.98 -9.36121
3.981 -9.22816
3.982 -9.09677
3.983 -8.96709
3.984 -8.8392
3.985 -8.71317
3.986 -8.58905
3.987 -8.46691
3.988 -8.34682
3.989 -8.22885
3.99 -8.11305
3.991 -7.99948
3.992 -7.88819
3.993 -7.77921
3.994 -7.67259
3.995 -7.56835
3.996 -7.46654
3.997 -7.36719
3.998 -7.27033
3.999 -7.17599
4 -7.08422
4.001 -6.99503
4.002 -6.90842
4.003 -6.82438
4.004 -6.74289
4.005 -6.66395
4.006 -6.58754
4.007 -6.51364
4.008 -6.44224
4.009 -6.37332
4.01 -6.30687
4.011 -6.24286
4.012 -6.18125
4.013 -6.12197
4.014 -6.06496
4.015 -6.01018
4.016 -5.95755
4.017 -5.90703
4.018 -5.85855
4.019 -5.81205
4.02 -5.76747
4.021 -5.72475
4.022 -5.68381
4.023 -5.64459
4.024 -5.60701
4.025 -5.571
4.026 -5.53647
4.027 -5.50337
4.028 -5.47161
4.029 -5.44112
4.03 -5.41182
4.031 -5.38365
4.032 -5.35654
4.033 -5.33043
4.034 -5.30528
4.035 -5.28101
4.036 -5.25758
4.037 -5.23491
4.038 -5.21297
4.039 -5.19169
4.04 -5.17101
4.041 -5.15089
4.042 -5.13127
4.043 -5.11214
4.044 -5.09345
4.045 -5.07517
4.046 -5.05727
4.047 -5.03972
4.048 -5.02248
4.049 -5.00552
4.05 -4.9888
4.051 -4.9723
4.052 -4.95599
4.053 -4.93986
4.054 -4.92387
4.055 -4.90802
4.056 -4.89229
4.057 -4.87664
4.058 -4.86107
4.059 -4.84555
4.06 -4.83006
4.061 -4.81459
4.062 -4.7991
4.063 -4.78359
4.064 -4.76801
4.065 -4.75236
4.066 -4.73661
4.067 -4.72073
4.068 -4.70471
4.069 -4.68852
4.07 -4.67214
4.071 -4.65554
4.072 -4.6387
4.073 -4.62158
4.074 -4.60415
4.075 -4.58638
4.076 -4.56824
4.077 -4.5497
4.078 -4.53072
4.079 -4.51128
4.08 -4.49135
4.081 -4.47089
4.082 -4.44986
4.083 -4.42822
4.084 -4.40594
4.085 -4.38296
4.086 -4.35926
4.087 -4.33478
4.088 -4.30949
4.089 -4.28335
4.09 -4.25633
4.091 -4.22837
4.092 -4.19946
4.093 -4.16956
4.094 -4.13864
4.095 -4.10666
4.096 -4.07361
4.097 -4.03944
4.098 -4.00412
4.099 -3.96764
4.1 -3.92996
4.101 -3.89106
4.102 -3.85093
4.103 -3.80956
4.104 -3.76696
4.105 -3.72313
4.106 -3.67805
4.107 -3.63173
4.108 -3.58417
4.109 -3.53537
4.11 -3.48532
4.111 -3.43403
4.112 -3.38151
4.113 -3.32777
4.114 -3.27284
4.115 -3.21671
4.116 -3.15941
4.117 -3.10095
4.118 -3.04135
4.119 -2.98062
4.12 -2.91877
4.121 -2.85583
4.122 -2.7918
4.123 -2.72669
4.124 -2.66053
4.125 -2.59331
4.126 -2.52506
4.127 -2.45579
4.128 -2.3855
4.129 -2.31422
4.13 -2.24195
4.131 -2.1687
4.132 -2.09447
4.133 -2.01924
4.134 -1.94301
4.135 -1.86577
4.136 -1.7875
4.137 -1.70819
4.138 -1.62784
4.139 -1.54644
4.14 -1.46397
4.141 -1.38041
4.142 -1.29574
4.143 -1.20991
4.144 -1.12287
4.145 -1.03458
4.146 -0.945003
4.147 -0.854088
4.148 -0.761795
4.149 -0.668082
4.15 -0.572907
4.151 -0.476224
4.152 -0.377978
4.153 -0.278111
4.154 -0.176566
4.155 -0.0732835
4.156 0.0317936
4.157 0.138723
4.158 0.247562
4.159 0.358368
4.16 0.471197
4.161 0.586103
4.162 0.703135
4.163 0.82234
4.164 0.943765
4.165 1.06746
4.166 1.19346
4.167 1.32182
4.168 1.45259
4.169 1.58581
4.17 1.72153
4.171 1.85978
4.172 2.00059
4.173 2.14397
4.174 2.28994
4.175 2.43852
4.176 2.58971
4.177 2.74354
4.178 2.90002
4.179 3.05916
4.18 3.22098
4.181 3.38548
4.182 3.55266
4.183 3.72248
4.184 3.89494
4.185 4.07001
4.186 4.24766
4.187 4.42788
4.188 4.61064
4.189 4.79593
4.19 4.98371
4.191 5.17397
4.192 5.36665
4.193 5.5617
4.194 5.75905
4.195 5.95866
4.196 6.16046
4.197 6.36439
4.198 6.57041
4.199 6.77844
4.2 6.98844
4.201 7.20034
4.202 7.41405
4.203 7.62949
4.204 7.84657
4.205 8.06519
4.206 8.28526
4.207 8.5067
4.208 8.72941
4.209 8.9533
4.21 9.17829
4.211 9.40427
4.212 9.63115
4.213 9.85879
4.214 10.0871
4.215 10.3159
4.216 10.5452
4.217 10.7748
4.218 11.0046
4.219 11.2345
4.22 11.4643
4.221 11.694
4.222 11.9234
4.223 12.1525
4.224 12.381
4.225 12.6089
4.226 12.836
4.227 13.0622
4.228 13.2874
4.229 13.5114
4.23 13.7342
4.231 13.9556
4.232 14.1754
4.233 14.3937
4.234 14.6102
4.235 14.8248
4.236 15.0374
4.237 15.2479
4.238 15.4562
4.239 15.6621
4.24 15.8655
4.241 16.0664
4.242 16.2646
4.243 16.46
4.244 16.6525
4.245 16.8421
4.246 17.0286
4.247 17.2119
4.248 17.3919
4.249 17.5685
4.25 17.7417
4.251 17.9113
4.252 18.0773
4.253 18.2396
4.254 18.3981
4.255 18.5528
4.256 18.7035
4.257 18.8502
4.258 18.9929
4.259 19.1315
4.26 19.2658
4.261 19.3959
4.262 19.5217
4.263 19.6431
4.264 19.7601
4.265 19.8727
4.266 19.9808
4.267 20.0844
4.268 20.1835
4.269 20.2779
4.27 20.3677
4.271 20.4529
4.272 20.5334
4.273 20.6091
4.274 20.6802
4.275 20.7464
4.276 20.8079
4.277 20.8646
4.278 20.9165
4.279 20.9636
4.28 21.0058
4.281 21.0432
4.282 21.0757
4.283 21.1032
4.284 21.1259
4.285 21.1437
4.286 21.1565
4.287 21.1643
4.288 21.167
4.289 21.1647
4.29 21.1573
4.291 21.1449
4.292 21.1275
4.293 21.1051
4.294 21.0776
4.295 21.045
4.296 21.0074
4.297 20.9647
4.298 20.9169
4.299 20.8639
4.3 20.8059
4.301 20.7428
4.302 20.6746
4.303 20.6012
4.304 20.5227
4.305 20.4391
4.306 20.3503
4.307 20.2563
4.308 20.1572
4.309 20.0529
4.31 19.9435
4.311 19.8289
4.312 19.7091
4.313 19.5842
4.314 19.4541
4.315 19.3189
4.316 19.1785
4.317 19.033
4.318 18.8823
4.319 18.7266
4.32 18.5657
4.321 18.3997
4.322 18.2287
4.323 18.0526
4.324 17.8715
4.325 17.6854
4.326 17.4944
4.327 17.2984
4.328 17.0974
4.329 16.8916
4.33 16.681
4.331 16.4655
4.332 16.2453
4.333 16.0203
4.334 15.7907
4.335 15.5564
4.336 15.3175
4.337 15.0741
4.338 14.8262
4.339 14.5738
4.34 14.3171
4.341 14.056
4.342 13.7906
4.343 13.521
4.344 13.2472
4.345 12.9694
4.346 12.6875
4.347 12.4016
4.348 12.1118
4.349 11.8181
4.35 11.5207
4.351 11.2195
4.352 10.9146
4.353 10.6062
4.354 10.2943
4.355 9.97887
4.356 9.66011
4.357 9.33804
4.358 9.01274
4.359 8.68428
4.36 8.35272
4.361 8.01814
4.362 7.68061
4.363 7.34023
4.364 6.99706
4.365 6.65121
4.366 6.30274
4.367 5.95174
4.368 5.59829
4.369 5.24247
4.37 4.88435
4.371 4.52403
4.372 4.16157
4.373 3.79708
4.374 3.43063
4.375 3.06232
4.376 2.69222
4.377 2.32043
4.378 1.94702
4.379 1.57208
4.38 1.19569
4.381 0.817928
4.382 0.438876
4.383 0.0586097
4.384 -0.322794
4.385 -0.705259
4.386 -1.08871
4.387 -1.47307
4.388 -1.85828
4.389 -2.24424
4.39 -2.63091
4.391 -3.0182
4.392 -3.40606
4.393 -3.79443
4.394 -4.18324
4.395 -4.57244
4.396 -4.96198
4.397 -5.35179
4.398 -5.74183
4.399 -6.13204
4.4 -6.52237
4.401 -6.91277
4.402 -7.3032
4.403 -7.69361
4.404 -8.08397
4.405 -8.47423
4.406 -8.86437
4.407 -9.25434
4.408 -9.64412
4.409 -10.0337
4.41 -10.4229
4.411 -10.8119
4.412 -11.2006
4.413 -11.5889
4.414 -11.9768
4.415 -12.3643
4.416 -12.7515
4.417 -13.1382
4.418 -13.5244
4.419 -13.9102
4.42 -14.2955
4.421 -14.6803
4.422 -15.0646
4.423 -15.4484
4.424 -15.8316
4.425 -16.2142
4.426 -16.5963
4.427 -16.9778
4.428 -17.3587
4.429 -17.7389
4.43 -18.1186
4.431 -18.4976
4.432 -18.876
4.433 -19.2537
4.434 -19.6308
4.435 -20.0071
4.436 -20.3828
4.437 -20.7577
4.438 -21.1318
4.439 -21.5052
4.44 -21.8779
4.441 -22.2497
4.442 -22.6207
4.443 -22.9909
4.444 -23.3603
4.445 -23.7287
4.446 -24.0963
4.447 -24.4629
4.448 -24.8286
4.449 -25.1933
4.45 -25.557
4.451 -25.9197
4.452 -26.2813
4.453 -26.6417
4.454 -27.0011
4.455 -27.3592
4.456 -27.7161
4.457 -28.0717
4.458 -28.426
4.459 -28.7789
4.46 -29.1304
4.461 -29.4805
4.462 -29.829
4.463 -30.1759
4.464 -30.5212
4.465 -30.8647
4.466 -31.2063
4.467 -31.5461
4.468 -31.8839
4.469 -32.2196
4.47 -32.5532
4.471 -32.8846
4.472 -33.2137
4.473 -33.5403
4.474 -33.8645
4.475 -34.186
4.476 -34.5048
4.477 -34.8207
4.478 -35.1336
4.479 -35.4435
4.48 -35.7502
4.481 -36.0536
4.482 -36.3536
4.483 -36.6501
4.484 -36.9429
4.485 -37.232
4.486 -37.5172
4.487 -37.7983
4.488 -38.0753
4.489 -38.3481
4.49 -38.6165
4.491 -38.8804
4.492 -39.1397
4.493 -39.3943
4.494 -39.6442
4.495 -39.8891
4.496 -40.129
4.497 -40.3639
4.498 -40.5935
4.499 -40.8178
4.5 -41.0368
4.501 -41.2502
4.502 -41.4581
4.503 -41.6604
4.504 -41.8571
4.505 -42.048
4.506 -42.2331
4.507 -42.4124
4.508 -42.5858
4.509 -42.7533
4.51 -42.9148
4.511 -43.0702
4.512 -43.2196
4.513 -43.3629
4.514 -43.5001
4.515 -43.6313
4.516 -43.7563
4.517 -43.8752
4.518 -43.988
4.519 -44.0947
4.52 -44.1953
4.521 -44.2897
4.522 -44.378
4.523 -44.4603
4.524 -44.5365
4.525 -44.6066
4.526 -44.6707
4.527 -44.7289
4.528 -44.7811
4.529 -44.8273
4.53 -44.8677
4.531 -44.9021
4.532 -44.9307
4.533 -44.9535
4.534 -44.9705
4.535 -44.9818
4.536 -44.9872
4.537 -44.9868
4.538 -44.9808
4.539 -44.9693
4.54 -44.9523
4.541 -44.9299
4.542 -44.9022
4.543 -44.8691
4.544 -44.8308
4.545 -44.7874
4.546 -44.7388
4.547 -44.6852
4.548 -44.6266
4.549 -44.5631
4.55 -44.4947
4.551 -44.4216
4.552 -44.3438
4.553 -44.2613
4.554 -44.1743
4.555 -44.0827
4.556 -43.9866
4.557 -43.8862
4.558 -43.7815
4.559 -43.6725
4.56 -43.5593
4.561 -43.4419
4.562 -43.3206
4.563 -43.1952
4.564 -43.0659
4.565 -42.9327
4.566 -42.7957
4.567 -42.6549
4.568 -42.5104
4.569 -42.3623
4.57 -42.2106
4.571 -42.0554
4.572 -41.8968
4.573 -41.7348
4.574 -41.5694
4.575 -41.4007
4.576 -41.2288
4.577 -41.0537
4.578 -40.8756
4.579 -40.6943
4.58 -40.5101
4.581 -40.3229
4.582 -40.1328
4.583 -39.9398
4.584 -39.7441
4.585 -39.5456
4.586 -39.3445
4.587 -39.1406
4.588 -38.9342
4.589 -38.7252
4.59 -38.5137
4.591 -38.2997
4.592 -38.0833
4.593 -37.8646
4.594 -37.6434
4.595 -37.42
4.596 -37.1942
4.597 -36.9662
4.598 -36.736
4.599 -36.5036
4.6 -36.2691
4.601 -36.0324
4.602 -35.7936
4.603 -35.5527
4.604 -35.3098
4.605 -35.0647
4.606 -34.8177
4.607 -34.5685
4.608 -34.3174
4.609 -34.0642
4.61 -33.809
4.611 -33.5518
4.612 -33.2926
4.613 -33.0314
4.614 -32.7681
4.615 -32.5028
4.616 -32.2354
4.617 -31.966
4.618 -31.6944
4.619 -31.4208
4.62 -31.145
4.621 -30.8672
4.622 -30.5871
4.623 -30.3049
4.624 -30.0204
4.625 -29.7337
4.626 -29.4447
4.627 -29.1534
4.628 -28.8598
4.629 -28.5638
4.63 -28.2655
4.631 -27.9647
4.632 -27.6614
4.633 -27.3557
4.634 -27.0475
4.635 -26.7367
4.636 -26.4233
4.637 -26.1074
4.638 -25.7888
4.639 -25.4675
4.64 -25.1436
4.641 -24.8169
4.642 -24.4875
4.643 -24.1553
4.644 -23.8203
4.645 -23.4825
4.646 -23.1419
4.647 -22.7983
4.648 -22.4519
4.649 -22.1026
4.65 -21.7503
4.651 -21.395
4.652 -21.0368
4.653 -20.6755
4.654 -20.3113
4.655 -19.9441
4.656 -19.5739
4.657 -19.2007
4.658 -18.8245
4.659 -18.4453
4.66 -18.063
4.661 -17.6778
4.662 -17.2895
4.663 -16.8983
4.664 -16.5042
4.665 -16.1072
4.666 -15.7074
4.667 -15.3049
4.668 -14.8995
4.669 -14.4915
4.67 -14.0808
4.671 -13.6675
4.672 -13.2516
4.673 -12.8333
4.674 -12.4127
4.675 -11.9898
4.676 -11.5647
4.677 -11.1375
4.678 -10.7084
4.679 -10.2773
4.68 -9.84448
4.681 -9.40992
4.682 -8.97376
4.683 -8.53615
4.684 -8.0972
4.685 -7.65705
4.686 -7.21583
4.687 -6.77366
4.688 -6.33068
4.689 -5.887
4.69 -5.44274
4.691 -4.99805
4.692 -4.55305
4.693 -4.10789
4.694 -3.6627
4.695 -3.21763
4.696 -2.77281
4.697 -2.32838
4.698 -1.88447
4.699 -1.44122
4.7 -0.998768
4.701 -0.557246
4.702 -0.116782
4.703 0.322493
4.704 0.760453
4.705 1.19697
4.706 1.63192
4.707 2.06517
4.708 2.49661
4.709 2.9261
4.71 3.35353
4.711 3.77877
4.712 4.20171
4.713 4.62224
4.714 5.04025
4.715 5.45563
4.716 5.86827
4.717 6.27806
4.718 6.6849
4.719 7.08869
4.72 7.4893
4.721 7.88665
4.722 8.28064
4.723 8.67116
4.724 9.05811
4.725 9.44141
4.726 9.82096
4.727 10.1967
4.728 10.5684
4.729 10.9361
4.73 11.2997
4.731 11.6591
4.732 12.0142
4.733 12.3649
4.734 12.7111
4.735 13.0527
4.736 13.3897
4.737 13.722
4.738 14.0495
4.739 14.3721
4.74 14.6897
4.741 15.0023
4.742 15.3098
4.743 15.6121
4.744 15.9091
4.745 16.2008
4.746 16.4871
4.747 16.7679
4.748 17.0433
4.749 17.313
4.75 17.5771
4.751 17.8354
4.752 18.088
4.753 18.3347
4.754 18.5756
4.755 18.8105
4.756 19.0393
4.757 19.2622
4.758 19.4789
4.759 19.6894
4.76 19.8937
4.761 20.0917
4.762 20.2833
4.763 20.4686
4.764 20.6474
4.765 20.8196
4.766 20.9852
4.767 21.1442
4.768 21.2964
4.769 21.4419
4.77 21.5805
4.771 21.7122
4.772 21.837
4.773 21.9546
4.774 22.0651
4.775 22.1684
4.776 22.2644
4.777 22.3529
4.778 22.4341
4.779 22.5076
4.78 22.5736
4.781 22.6319
4.782 22.6824
4.783 22.725
4.784 22.7597
4.785 22.7863
4.786 22.8048
4.787 22.815
4.788 22.8168
4.789 22.81
4.79 22.7948
4.791 22.7711
4.792 22.7388
4.793 22.6979
4.794 22.6483
4.795 22.5901
4.796 22.5231
4.797 22.4473
4.798 22.3627
4.799 22.2693
4.8 22.167
4.801 22.0558
4.802 21.9357
4.803 21.8067
4.804 21.6689
4.805 21.5221
4.806 21.3666
4.807 21.2022
4.808 21.029
4.809 20.847
4.81 20.6562
4.811 20.4568
4.812 20.2487
4.813 20.0319
4.814 19.8067
4.815 19.5729
4.816 19.3307
4.817 19.0802
4.818 18.8214
4.819 18.5544
4.82 18.2793
4.821 17.9961
4.822 17.705
4.823 17.406
4.824 17.0992
4.825 16.7847
4.826 16.4626
4.827 16.133
4.828 15.796
4.829 15.4516
4.83 15.1
4.831 14.7413
4.832 14.3755
4.833 14.0028
4.834 13.6232
4.835 13.2368
4.836 12.8438
4.837 12.4441
4.838 12.038
4.839 11.6255
4.84 11.2067
4.841 10.7816
4.842 10.3505
4.843 9.91333
4.844 9.47021
4.845 9.02123
4.846 8.56648
4.847 8.10604
4.848 7.63998
4.849 7.16838
4.85 6.69133
4.851 6.20892
4.852 5.72122
4.853 5.22836
4.854 4.73042
4.855 4.2275
4.856 3.71971
4.857 3.20714
4.858 2.68988
4.859 2.16803
4.86 1.64168
4.861 1.11093
4.862 0.575921
4.863 0.0367935
4.864 -0.506306
4.865 -1.05323
4.866 -1.60385
4.867 -2.15802
4.868 -2.71559
4.869 -3.27645
4.87 -3.84044
4.871 -4.40743
4.872 -4.97725
4.873 -5.5497
4.874 -6.12461
4.875 -6.70178
4.876 -7.28105
4.877 -7.86222
4.878 -8.44513
4.879 -9.0296
4.88 -9.61546
4.881 -10.2025
4.882 -10.7906
4.883 -11.3795
4.884 -11.9691
4.885 -12.559
4.886 -13.1492
4.887 -13.7394
4.888 -14.3294
4.889 -14.9191
4.89 -15.5083
4.891 -16.0967
4.892 -16.6842
4.893 -17.2707
4.894 -17.8558
4.895 -18.4396
4.896 -19.0217
4.897 -19.6021
4.898 -20.1804
4.899 -20.7567
4.9 -21.3306
4.901 -21.9021
4.902 -22.471
4.903 -23.0372
4.904 -23.6005
4.905 -24.1608
4.906 -24.7179
4.907 -25.2719
4.908 -25.8224
4.909 -26.3695
4.91 -26.9129
4.911 -27.4526
4.912 -27.9884
4.913 -28.5204
4.914 -29.0485
4.915 -29.5725
4.916 -30.0924
4.917 -30.6081
4.918 -31.1196
4.919 -31.6269
4.92 -32.1297
4.921 -32.6282
4.922 -33.1223
4.923 -33.6119
4.924 -34.0971
4.925 -34.5778
4.926 -35.0541
4.927 -35.526
4.928 -35.9934
4.929 -36.4563
4.93 -36.9148
4.931 -37.3688
4.932 -37.8184
4.933 -38.2636
4.934 -38.7045
4.935 -39.141
4.936 -39.5731
4.937 -40.001
4.938 -40.4247
4.939 -40.8441
4.94 -41.2594
4.941 -41.6705
4.942 -42.0775
4.943 -42.4804
4.944 -42.8792
4.945 -43.2741
4.946 -43.6649
4.947 -44.0518
4.948 -44.4348
4.949 -44.8139
4.95 -45.1891
4.951 -45.5605
4.952 -45.9281
4.953 -46.292
4.954 -46.6521
4.955 -47.0084
4.956 -47.361
4.957 -47.7098
4.958 -48.055
4.959 -48.3965
4.96 -48.7343
4.961 -49.0684
4.962 -49.3989
4.963 -49.7257
4.964 -50.0489
4.965 -50.3684
4.966 -50.6843
4.967 -50.9965
4.968 -51.305
4.969 -51.6099
4.97 -51.9111
4.971 -52.2086
4.972 -52.5025
4.973 -52.7926
4.974 -53.0791
4.975 -53.3618
4.976 -53.6408
4.977 -53.9161
4.978 -54.1876
4.979 -54.4554
4.98 -54.7193
4.981 -54.9795
4.982 -55.2359
4.983 -55.4884
4.984 -55.7371
4.985 -55.9819
4.986 -56.2229
4.987 -56.4599
4.988 -56.6931
4.989 -56.9224
4.99 -57.1477
4.991 -57.3691
4.992 -57.5865
4.993 -57.8
4.994 -58.0095
4.995 -58.215
4.996 -58.4165
4.997 -58.6141
4.998 -58.8076
4.999 -58.9971
5 -59.1827
5.001 -59.3642
5.002 -59.5417
5.003 -59.7152
5.004 -59.8847
5.005 -60.0502
5.006 -60.2118
5.007 -60.3694
5.008 -60.523
5.009 -60.6726
5.01 -60.8184
5.011 -60.9602
5.012 -61.0981
5.013 -61.2321
5.014 -61.3622
5.015 -61.4885
5.016 -61.6109
5.017 -61.7295
5.018 -61.8444
5.019 -61.9554
5.02 -62.0627
5.021 -62.1662
5.022 -62.266
5.023 -62.3621
5.024 -62.4545
5.025 -62.5433
5.026 -62.6284
5.027 -62.7098
5.028 -62.7877
5.029 -62.862
5.03 -62.9326
5.031 -62.9998
5.032 -63.0634
5.033 -63.1234
5.034 -63.18
5.035 -63.233
5.036 -63.2825
5.037 -63.3285
5.038 -63.3711
5.039 -63.4102
5.04 -63.4458
5.041 -63.478
5.042 -63.5067
5.043 -63.532
5.044 -63.5539
5.045 -63.5723
5.046 -63.5873
5.047 -63.5988
5.048 -63.6068
5.049 -63.6114
5.05 -63.6124
5.051 -63.6099
5.052 -63.6041
5.053 -63.5948
5.054 -63.5821
5.055 -63.566
5.056 -63.5465
5.057 -63.5236
5.058 -63.4973
5.059 -63.4676
5.06 -63.4345
5.061 -63.398
5.062 -63.3581
5.063 -63.3148
5.064 -63.2682
5.065 -63.2182
5.066 -63.1648
5.067 -63.1081
5.068 -63.048
5.069 -62.9846
5.07 -62.9178
5.071 -62.8477
5.072 -62.7743
5.073 -62.6976
5.074 -62.6176
5.075 -62.5343
5.076 -62.4478
5.077 -62.3579
5.078 -62.2648
5.079 -62.1684
5.08 -62.0688
5.081 -61.966
5.082 -61.86
5.083 -61.7508
5.084 -61.6385
5.085 -61.5229
5.086 -61.4042
5.087 -61.2823
5.088 -61.1574
5.089 -61.0293
5.09 -60.8981
5.091 -60.7639
5.092 -60.6266
5.093 -60.4863
5.094 -60.343
5.095 -60.1966
5.096 -60.0473
5.097 -59.895
5.098 -59.7398
5.099 -59.5817
5.1 -59.4206
5.101 -59.2567
5.102 -59.09
5.103 -58.9204
5.104 -58.748
5.105 -58.5728
5.106 -58.3949
5.107 -58.2142
5.108 -58.0308
5.109 -57.8448
5.11 -57.656
5.111 -57.4647
5.112 -57.2707
5.113 -57.0742
5.114 -56.875
5.115 -56.6734
5.116 -56.4693
5.117 -56.2626
5.118 -56.0536
5.119 -55.8421
5.12 -55.6282
5.121 -55.4119
5.122 -55.1933
5.123 -54.9724
5.124 -54.7492
5.125 -54.5238
5.126 -54.2961
5.127 -54.0662
5.128 -53.8342
5.129 -53.6001
5.13 -53.3638
5.131 -53.1255
5.132 -52.8851
5.133 -52.6428
5.134 -52.3984
5.135 -52.1521
5.136 -51.9039
5.137 -51.6538
5.138 -51.4018
5.139 -51.148
5.14 -50.8924
5.141 -50.635
5.142 -50.3759
5.143 -50.1151
5.144 -49.8526
5.145 -49.5885
5.146 -49.3227
5.147 -49.0554
5.148 -48.7864
5.149 -48.516
5.15 -48.244
5.151 -47.9705
5.152 -47.6956
5.153 -47.4193
5.154 -47.1416
5.155 -46.8624
5.156 -46.582
5.157 -46.3002
5.158 -46.0171
5.159 -45.7327
5.16 -45.4471
5.161 -45.1603
5.162 -44.8723
5.163 -44.5831
5.164 -44.2927
5.165 -44.0012
5.166 -43.7086
5.167 -43.415
5.168 -43.1203
5.169 -42.8246
5.17 -42.5278
5.171 -42.2301
5.172 -41.9314
5.173 -41.6318
5.174 -41.3312
5.175 -41.0298
5.176 -40.7275
5.177 -40.4244
5.178 -40.1204
5.179 -39.8157
5.18 -39.5102
5.181 -39.2039
5.182 -38.897
5.183 -38.5893
5.184 -38.2809
5.185 -37.9719
5.186 -37.6623
5.187 -37.3521
5.188 -37.0414
5.189 -36.7301
5.19 -36.4183
5.191 -36.106
5.192 -35.7932
5.193 -35.48
5.194 -35.1664
5.195 -34.8525
5.196 -34.5382
5.197 -34.2236
5.198 -33.9088
5.199 -33.5936
5.2 -33.2783
5.201 -32.9628
5.202 -32.6472
5.203 -32.3314
5.204 -32.0155
5.205 -31.6996
5.206 -31.3837
5.207 -31.0677
5.208 -30.7518
5.209 -30.436
5.21 -30.1203
5.211 -29.8048
5.212 -29.4894
5.213 -29.1742
5.214 -28.8592
5.215 -28.5445
5.216 -28.2301
5.217 -27.916
5.218 -27.6023
5.219 -27.289
5.22 -26.9761
5.221 -26.6637
5.222 -26.3517
5.223 -26.0402
5.224 -25.7293
5.225 -25.419
5.226 -25.1092
5.227 -24.8
5.228 -24.4915
5.229 -24.1837
5.23 -23.8766
5.231 -23.5701
5.232 -23.2644
5.233 -22.9595
5.234 -22.6554
5.235 -22.352
5.236 -22.0495
5.237 -21.7477
5.238 -21.4469
5.239 -21.1468
5.24 -20.8477
5.241 -20.5495
5.242 -20.2521
5.243 -19.9557
5.244 -19.6602
5.245 -19.3656
5.246 -19.0719
5.247 -18.7792
5.248 -18.4874
5.249 -18.1966
5.25 -17.9067
5.251 -17.6178
5.252 -17.3299
5.253 -17.0429
5.254 -16.7568
5.255 -16.4717
5.256 -16.1875
5.257 -15.9043
5.258 -15.622
5.259 -15.3406
5.26 -15.0601
5.261 -14.7805
5.262 -14.5019
5.263 -14.2241
5.264 -13.9472
5.265 -13.6712
5.266 -13.396
5.267 -13.1217
5.268 -12.8482
5.269 -12.5756
5.27 -12.3038
5.271 -12.0328
5.272 -11.7626
5.273 -11.4931
5.274 -11.2244
5.275 -10.9565
5.276 -10.6894
5.277 -10.423
5.278 -10.1573
5.279 -9.89228
5.28 -9.62799
5.281 -9.36439
5.282 -9.10147
5.283 -8.83921
5.284 -8.57762
5.285 -8.31667
5.286 -8.05637
5.287 -7.7967
5.288 -7.53765
5.289 -7.27922
5.29 -7.02139
5.291 -6.76415
5.292 -6.50751
5.293 -6.25145
5.294 -5.99597
5.295 -5.74106
5.296 -5.48672
5.297 -5.23295
5.298 -4.97973
5.299 -4.72707
5.3 -4.47496
5.301 -4.2234
5.302 -3.97238
5.303 -3.72189
5.304 -3.47195
5.305 -3.22254
5.306 -2.97367
5.307 -2.72533
5.308 -2.47752
5.309 -2.23023
5.31 -1.98347
5.311 -1.73724
5.312 -1.49153
5.313 -1.24635
5.314 -1.0017
5.315 -0.757579
5.316 -0.513987
5.317 -0.270926
5.318 -0.0283972
5.319 0.213598
5.32 0.45506
5.321 0.695986
5.322 0.936375
5.323 1.17622
5.324 1.41553
5.325 1.65429
5.326 1.89251
5.327 2.13018
5.328 2.3673
5.329 2.60387
5.33 2.83989
5.331 3.07536
5.332 3.31026
5.333 3.54461
5.334 3.7784
5.335 4.01162
5.336 4.24427
5.337 4.47636
5.338 4.70787
5.339 4.9388
5.34 5.16916
5.341 5.39894
5.342 5.62814
5.343 5.85676
5.344 6.08481
5.345 6.31228
5.346 6.53919
5.347 6.76552
5.348 6.99128
5.349 7.21648
5.35 7.44111
5.351 7.66517
5.352 7.88868
5.353 8.11165
5.354 8.33408
5.355 8.55598
5.356 8.77737
5.357 8.99825
5.358 9.21864
5.359 9.43853
5.36 9.65794
5.361 9.87689
5.362 10.0954
5.363 10.3134
5.364 10.5311
5.365 10.7483
5.366 10.9651
5.367 11.1816
5.368 11.3977
5.369 11.6135
5.37 11.8289
5.371 12.044
5.372 12.2588
5.373 12.4734
5.374 12.6876
5.375 12.9017
5.376 13.1155
5.377 13.329
5.378 13.5424
5.379 13.7555
5.38 13.9685
5.381 14.1813
5.382 14.394
5.383 14.6064
5.384 14.8188
5.385 15.031
5.386 15.243
5.387 15.4549
5.388 15.6666
5.389 15.8782
5.39 16.0897
5.391 16.301
5.392 16.5122
5.393 16.7232
5.394 16.9341
5.395 17.1447
5.396 17.355
5.397 17.5651
5.398 17.775
5.399 17.9845
5.4 18.1938
5.401 18.4026
5.402 18.6111
5.403 18.8192
5.404 19.0268
5.405 19.2338
5.406 19.4402
5.407 19.6459
5.408 19.851
5.409 20.0553
5.41 20.2587
5.411 20.4613
5.412 20.6629
5.413 20.8636
5.414 21.0631
5.415 21.2614
5.416 21.4585
5.417 21.6542
5.418 21.8486
5.419 22.0415
5.42 22.2328
5.421 22.4225
5.422 22.6104
5.423 22.7966
5.424 22.9809
5.425 23.1632
5.426 23.3434
5.427 23.5215
5.428 23.6974
5.429 23.871
5.43 24.0422
5.431 24.2109
5.432 24.377
5.433 24.5406
5.434 24.7014
5.435 24.8594
5.436 25.0146
5.437 25.1668
5.438 25.3161
5.439 25.4622
5.44 25.6052
5.441 25.7449
5.442 25.8814
5.443 26.0145
5.444 26.1442
5.445 26.2705
5.446 26.3932
5.447 26.5124
5.448 26.6279
5.449 26.7398
5.45 26.848
5.451 26.9523
5.452 27.0529
5.453 27.1496
5.454 27.2425
5.455 27.3315
5.456 27.4166
5.457 27.4977
5.458 27.5749
5.459 27.6482
5.46 27.7174
5.461 27.7826
5.462 27.8439
5.463 27.9011
5.464 27.9543
5.465 28.0035
5.466 28.0487
5.467 28.09
5.468 28.1273
5.469 28.1606
5.47 28.1899
5.471 28.2153
5.472 28.2368
5.473 28.2544
5.474 28.2681
5.475 28.2779
5.476 28.2839
5.477 28.286
5.478 28.2842
5.479 28.2788
5.48 28.2697
5.481 28.257
5.482 28.2408
5.483 28.221
5.484 28.1978
5.485 28.1712
5.486 28.1412
5.487 28.1079
5.488 28.0714
5.489 28.0318
5.49 27.989
5.491 27.9431
5.492 27.8943
5.493 27.8425
5.494 27.7878
5.495 27.7304
5.496 27.6702
5.497 27.6073
5.498 27.5419
5.499 27.4739
5.5 27.4035
5.501 27.3306
5.502 27.2555
5.503 27.1781
5.504 27.0985
5.505 27.0168
5.506 26.933
5.507 26.8473
5.508 26.7596
5.509 26.6701
5.51 26.5789
5.511 26.4859
5.512 26.3913
5.513 26.2951
5.514 26.1974
5.515 26.0983
5.516 25.9979
5.517 25.8961
5.518 25.7932
5.519 25.6891
5.52 25.5839
5.521 25.4778
5.522 25.3707
5.523 25.2627
5.524 25.154
5.525 25.0445
5.526 24.9343
5.527 24.8236
5.528 24.7123
5.529 24.6006
5.53 24.4885
5.531 24.3761
5.532 24.2634
5.533 24.1505
5.534 24.0375
5.535 23.9244
5.536 23.8114
5.537 23.6984
5.538 23.5855
5.539 23.4728
5.54 23.3604
5.541 23.2482
5.542 23.1365
5.543 23.0251
5.544 22.9142
5.545 22.8039
5.546 22.6941
5.547 22.585
5.548 22.4765
5.549 22.3688
5.55 22.2619
5.551 22.1558
5.552 22.0505
5.553 21.9462
5.554 21.8429
5.555 21.7405
5.556 21.6392
5.557 21.539
5.558 21.4399
5.559 21.342
5.56 21.2453
5.561 21.1498
5.562 21.0556
5.563 20.9627
5.564 20.8711
5.565 20.7809
5.566 20.692
5.567 20.6046
5.568 20.5186
5.569 20.4341
5.57 20.351
5.571 20.2694
5.572 20.1894
5.573 20.1109
5.574 20.0339
5.575 19.9585
5.576 19.8847
5.577 19.8124
5.578 19.7418
5.579 19.6727
5.58 19.6052
5.581 19.5394
5.582 19.4752
5.583 19.4126
5.584 19.3516
5.585 19.2923
5.586 19.2346
5.587 19.1785
5.588 19.1241
5.589 19.0713
5.59 19.0201
5.591 18.9705
5.592 18.9226
5.593 18.8763
5.594 18.8317
5.595 18.7886
5.596 18.7471
5.597 18.7073
5.598 18.669
5.599 18.6323
5.6 18.5972
5.601 18.5636
5.602 18.5316
5.603 18.5012
5.604 18.4723
5.605 18.4449
5.606 18.419
5.607 18.3947
5.608 18.3718
5.609 18.3504
5.61 18.3305
5.611 18.3121
5.612 18.2951
5.613 18.2795
5.614 18.2654
5.615 18.2527
5.616 18.2414
5.617 18.2315
5.618 18.223
5.619 18.2159
5.62 18.2101
5.621 18.2058
5.622 18.2027
5.623 18.201
5.624 18.2007
5.625 18.2016
5.626 18.2039
5.627 18.2074
5.628 18.2122
5.629 18.2183
5.63 18.2256
5.631 18.2341
5.632 18.2439
5.633 18.2548
5.634 18.267
5.635 18.2802
5.636 18.2947
5.637 18.3102
5.638 18.3269
5.639 18.3446
5.64 18.3635
5.641 18.3833
5.642 18.4042
5.643 18.4261
5.644 18.449
5.645 18.4729
5.646 18.4977
5.647 18.5234
5.648 18.5501
5.649 18.5776
5.65 18.6059
5.651 18.6351
5.652 18.6651
5.653 18.6958
5.654 18.7273
5.655 18.7596
5.656 18.7925
5.657 18.826
5.658 18.8602
5.659 18.895
5.66 18.9304
5.661 18.9662
5.662 19.0026
5.663 19.0395
5.664 19.0768
5.665 19.1144
5.666 19.1525
5.667 19.1908
5.668 19.2294
5.669 19.2682
5.67 19.3073
5.671 19.3464
5.672 19.3857
5.673 19.4251
5.674 19.4645
5.675 19.5038
5.676 19.5431
5.677 19.5823
5.678 19.6212
5.679 19.66
5.68 19.6985
5.681 19.7367
5.682 19.7745
5.683 19.8119
5.684 19.8489
5.685 19.8852
5.686 19.921
5.687 19.9561
5.688 19.9906
5.689 20.0242
5.69 20.057
5.691 20.089
5.692 20.12
5.693 20.15
5.694 20.1789
5.695 20.2066
5.696 20.2332
5.697 20.2586
5.698 20.2826
5.699 20.3052
5.7 20.3264
5.701 20.3461
5.702 20.3642
5.703 20.3807
5.704 20.3955
5.705 20.4086
5.706 20.4199
5.707 20.4293
5.708 20.4368
5.709 20.4423
5.71 20.4458
5.711 20.4472
5.712 20.4465
5.713 20.4435
5.714 20.4383
5.715 20.4309
5.716 20.4211
5.717 20.4089
5.718 20.3943
5.719 20.3772
5.72 20.3575
5.721 20.3354
5.722 20.3106
5.723 20.2832
5.724 20.2532
5.725 20.2205
5.726 20.1851
5.727 20.147
5.728 20.1061
5.729 20.0625
5.73 20.0162
5.731 19.967
5.732 19.915
5.733 19.8603
5.734 19.8027
5.735 19.7424
5.736 19.6793
5.737 19.6134
5.738 19.5447
5.739 19.4732
5.74 19.399
5.741 19.322
5.742 19.2423
5.743 19.1598
5.744 19.0747
5.745 18.9869
5.746 18.8966
5.747 18.8036
5.748 18.708
5.749 18.6099
5.75 18.5093
5.751 18.4063
5.752 18.3008
5.753 18.1929
5.754 18.0826
5.755 17.9701
5.756 17.8553
5.757 17.7383
5.758 17.6191
5.759 17.4978
5.76 17.3745
5.761 17.2491
5.762 17.1217
5.763 16.9924
5.764 16.8612
5.765 16.7282
5.766 16.5935
5.767 16.457
5.768 16.3189
5.769 16.1792
5.77 16.038
5.771 15.8953
5.772 15.7511
5.773 15.6056
5.774 15.4587
5.775 15.3105
5.776 15.1611
5.777 15.0106
5.778 14.8589
5.779 14.7061
5.78 14.5524
5.781 14.3976
5.782 14.2419
5.783 14.0853
5.784 13.9279
5.785 13.7696
5.786 13.6106
5.787 13.4509
5.788 13.2904
5.789 13.1293
5.79 12.9676
5.791 12.8054
5.792 12.6426
5.793 12.4793
5.794 12.3155
5.795 12.1512
5.796 11.9866
5.797 11.8215
5.798 11.6561
5.799 11.4903
5.8 11.3242
5.801 11.1579
5.802 10.9912
5.803 10.8244
5.804 10.6573
5.805 10.49
5.806 10.3225
5.807 10.1548
5.808 9.98707
5.809 9.81917
5.81 9.65118
5.811 9.4831
5.812 9.31496
5.813 9.14678
5.814 8.97858
5.815 8.81038
5.816 8.6422
5.817 8.47406
5.818 8.30598
5.819 8.13798
5.82 7.97009
5.821 7.80231
5.822 7.63467
5.823 7.46722
5.824 7.29997
5.825 7.13295
5.826 6.9662
5.827 6.79974
5.828 6.63359
5.829 6.46779
5.83 6.30236
5.831 6.13733
5.832 5.97274
5.833 5.80862
5.834 5.64501
5.835 5.48195
5.836 5.31946
5.837 5.15758
5.838 4.99635
5.839 4.8358
5.84 4.67596
5.841 4.51687
5.842 4.35857
5.843 4.20107
5.844 4.04442
5.845 3.88865
5.846 3.7338
5.847 3.57989
5.848 3.42695
5.849 3.27503
5.85 3.12413
5.851 2.97431
5.852 2.82557
5.853 2.67795
5.854 2.53147
5.855 2.38615
5.856 2.24202
5.857 2.0991
5.858 1.95741
5.859 1.81697
5.86 1.67781
5.861 1.53994
5.862 1.40339
5.863 1.26816
5.864 1.13427
5.865 1.00175
5.866 0.870596
5.867 0.740835
5.868 0.612477
5.869 0.485538
5.87 0.360031
5.871 0.23597
5.872 0.11337
5.873 -0.0077549
5.874 -0.127389
5.875 -0.24552
5.876 -0.362132
5.877 -0.477213
5.878 -0.590749
5.879 -0.702728
5.88 -0.813135
5.881 -0.921959
5.882 -1.02918
5.883 -1.13479
5.884 -1.23876
5.885 -1.34109
5.886 -1.44175
5.887 -1.54074
5.888 -1.63803
5.889 -1.73361
5.89 -1.82747
5.891 -1.91959
5.892 -2.00997
5.893 -2.09857
5.894 -2.18538
5.895 -2.27039
5.896 -2.35358
5.897 -2.43493
5.898 -2.51444
5.899 -2.59208
5.9 -2.66784
5.901 -2.74171
5.902 -2.81367
5.903 -2.88371
5.904 -2.95182
5.905 -3.01799
5.906 -3.08221
5.907 -3.14445
5.908 -3.20472
5.909 -3.263
5.91 -3.31929
5.911 -3.37356
5.912 -3.42583
5.913 -3.47607
5.914 -3.52428
5.915 -3.57046
5.916 -3.6146
5.917 -3.6567
5.918 -3.69674
5.919 -3.73473
5.92 -3.77066
5.921 -3.80452
5.922 -3.83631
5.923 -3.86604
5.924 -3.89369
5.925 -3.91927
5.926 -3.94277
5.927 -3.96419
5.928 -3.98354
5.929 -4.00081
5.93 -4.016
5.931 -4.02911
5.932 -4.04014
5.933 -4.04911
5.934 -4.056
5.935 -4.06084
5.936 -4.06361
5.937 -4.06431
5.938 -4.06292
5.939 -4.0595
5.94 -4.05404
5.941 -4.04656
5.942 -4.03707
5.943 -4.02558
5.944 -4.01212
5.945 -3.99671
5.946 -3.97935
5.947 -3.96008
5.948 -3.93892
5.949 -3.91588
5.95 -3.89098
5.951 -3.86426
5.952 -3.83575
5.953 -3.80549
5.954 -3.77353
5.955 -3.7399
5.956 -3.70465
5.957 -3.66782
5.958 -3.62947
5.959 -3.58962
5.96 -3.54833
5.961 -3.50565
5.962 -3.46163
5.963 -3.41633
5.964 -3.3698
5.965 -3.32211
5.966 -3.27332
5.967 -3.22347
5.968 -3.17264
5.969 -3.12088
5.97 -3.06824
5.971 -3.0148
5.972 -2.9606
5.973 -2.90572
5.974 -2.8502
5.975 -2.79411
5.976 -2.73751
5.977 -2.68046
5.978 -2.62301
5.979 -2.56522
5.98 -2.50716
5.981 -2.44889
5.982 -2.39045
5.983 -2.33191
5.984 -2.27331
5.985 -2.21471
5.986 -2.15617
5.987 -2.09773
5.988 -2.03946
5.989 -1.98139
5.99 -1.9236
5.991 -1.86612
5.992 -1.809
5.993 -1.75229
5.994 -1.69603
5.995 -1.64026
5.996 -1.58503
5.997 -1.53037
5.998 -1.47634
5.999 -1.42297
6 -1.37031
6.001 -1.3184
6.002 -1.26726
6.003 -1.21693
6.004 -1.16744
6.005 -1.11882
6.006 -1.07109
6.007 -1.0243
6.008 -0.97846
6.009 -0.933606
6.01 -0.889766
6.011 -0.846964
6.012 -0.805223
6.013 -0.764561
6.014 -0.724996
6.015 -0.686546
6.016 -0.649229
6.017 -0.613061
6.018 -0.578058
6.019 -0.544237
6.02 -0.511613
6.021 -0.4802
6.022 -0.45001
6.023 -0.421053
6.024 -0.393339
6.025 -0.366876
6.026 -0.341673
6.027 -0.317737
6.028 -0.295075
6.029 -0.273694
6.03 -0.2536
6.031 -0.234799
6.032 -0.217301
6.033 -0.201115
6.034 -0.18625
6.035 -0.172715
6.036 -0.160517
6.037 -0.149665
6.038 -0.140163
6.039 -0.132019
6.04 -0.125236
6.041 -0.119822
6.042 -0.115784
6.043 -0.11313
6.044 -0.11187
6.045 -0.112011
6.046 -0.11356
6.047 -0.116524
6.048 -0.120908
6.049 -0.126719
6.05 -0.133961
6.051 -0.142638
6.052 -0.152759
6.053 -0.164334
6.054 -0.177369
6.055 -0.191874
6.056 -0.207856
6.057 -0.225321
6.058 -0.244277
6.059 -0.264728
6.06 -0.286681
6.061 -0.310139
6.062 -0.335107
6.063 -0.36159
6.064 -0.389592
6.065 -0.419114
6.066 -0.450159
6.067 -0.48273
6.068 -0.516828
6.069 -0.552454
6.07 -0.589608
6.071 -0.628289
6.072 -0.668492
6.073 -0.710214
6.074 -0.753448
6.075 -0.798186
6.076 -0.844421
6.077 -0.892146
6.078 -0.941351
6.079 -0.992028
6.08 -1.04417
6.081 -1.09776
6.082 -1.15278
6.083 -1.20922
6.084 -1.26705
6.085 -1.32626
6.086 -1.38683
6.087 -1.44873
6.088 -1.51195
6.089 -1.57645
6.09 -1.64222
6.091 -1.70924
6.092 -1.77747
6.093 -1.84689
6.094 -1.91747
6.095 -1.98917
6.096 -2.06196
6.097 -2.13582
6.098 -2.21071
6.099 -2.28659
6.1 -2.36345
6.101 -2.44123
6.102 -2.51991
6.103 -2.59945
6.104 -2.6798
6.105 -2.76092
6.106 -2.84278
6.107 -2.92534
6.108 -3.00856
6.109 -3.09239
6.11 -3.17681
6.111 -3.26176
6.112 -3.3472
6.113 -3.4331
6.114 -3.51941
6.115 -3.6061
6.116 -3.69311
6.117 -3.7804
6.118 -3.86794
6.119 -3.95569
6.12 -4.04361
6.121 -4.13165
6.122 -4.21977
6.123 -4.30795
6.124 -4.39613
6.125 -4.48429
6.126 -4.57239
6.127 -4.66039
6.128 -4.74824
6.129 -4.83593
6.13 -4.92341
6.131 -5.01065
6.132 -5.09763
6.133 -5.1843
6.134 -5.27066
6.135 -5.35667
6.136 -5.4423
6.137 -5.52754
6.138 -5.61235
6.139 -5.69671
6.14 -5.78061
6.141 -5.86401
6.142 -5.94691
6.143 -6.02929
6.144 -6.11114
6.145 -6.19245
6.146 -6.27321
6.147 -6.35342
6.148 -6.43306
6.149 -6.51212
6.15 -6.5906
6.151 -6.66849
6.152 -6.74579
6.153 -6.82252
6.154 -6.89867
6.155 -6.97426
6.156 -7.04929
6.157 -7.12378
6.158 -7.19773
6.159 -7.27116
6.16 -7.34406
6.161 -7.41647
6.162 -7.48838
6.163 -7.55983
6.164 -7.63084
6.165 -7.70142
6.166 -7.77161
6.167 -7.84142
6.168 -7.91089
6.169 -7.98002
6.17 -8.04885
6.171 -8.1174
6.172 -8.18571
6.173 -8.2538
6.174 -8.3217
6.175 -8.38946
6.176 -8.4571
6.177 -8.52465
6.178 -8.59216
6.179 -8.65965
6.18 -8.72715
6.181 -8.79471
6.182 -8.86235
6.183 -8.9301
6.184 -8.998
6.185 -9.06607
6.186 -9.13435
6.187 -9.20286
6.188 -9.27165
6.189 -9.34073
6.19 -9.41014
6.191 -9.47992
6.192 -9.55007
6.193 -9.62061
6.194 -9.69157
6.195 -9.76296
6.196 -9.83478
6.197 -9.90707
6.198 -9.97983
6.199 -10.0531
6.2 -10.1268
6.201 -10.2011
6.202 -10.2759
6.203 -10.3512
6.204 -10.4271
6.205 -10.5034
6.206 -10.5803
6.207 -10.6577
6.208 -10.7356
6.209 -10.814
6.21 -10.8929
6.211 -10.9723
6.212 -11.0522
6.213 -11.1326
6.214 -11.2134
6.215 -11.2947
6.216 -11.3764
6.217 -11.4585
6.218 -11.541
6.219 -11.6238
6.22 -11.707
6.221 -11.7905
6.222 -11.8743
6.223 -11.9584
6.224 -12.0428
6.225 -12.1274
6.226 -12.2122
6.227 -12.2971
6.228 -12.3822
6.229 -12.4675
6.23 -12.5528
6.231 -12.6382
6.232 -12.7237
6.233 -12.8092
6.234 -12.8946
6.235 -12.98
6.236 -13.0653
6.237 -13.1504
6.238 -13.2354
6.239 -13.3202
6.24 -13.4047
6.241 -13.489
6.242 -13.573
6.243 -13.6567
6.244 -13.74
6.245 -13.8229
6.246 -13.9053
6.247 -13.9874
6.248 -14.0689
6.249 -14.1499
6.25 -14.2304
6.251 -14.3102
6.252 -14.3895
6.253 -14.4681
6.254 -14.5461
6.255 -14.6234
6.256 -14.7
6.257 -14.7758
6.258 -14.8509
6.259 -14.9252
6.26 -14.9986
6.261 -15.0713
6.262 -15.143
6.263 -15.2139
6.264 -15.2839
6.265 -15.3529
6.266 -15.4211
6.267 -15.4883
6.268 -15.5545
6.269 -15.6197
6.27 -15.6839
6.271 -15.7471
6.272 -15.8092
6.273 -15.8703
6.274 -15.9304
6.275 -15.9893
6.276 -16.0472
6.277 -16.104
6.278 -16.1596
6.279 -16.2141
6.28 -16.2675
6.281 -16.3197
6.282 -16.3708
6.283 -16.4206
6.284 -16.4693
6.285 -16.5168
6.286 -16.563
6.287 -16.6081
6.288 -16.6518
6.289 -16.6943
6.29 -16.7356
6.291 -16.7755
6.292 -16.8142
6.293 -16.8515
6.294 -16.8875
6.295 -16.9221
6.296 -16.9554
6.297 -16.9872
6.298 -17.0177
6.299 -17.0467
6.3 -17.0743
6.301 -17.1004
6.302 -17.125
6.303 -17.1481
6.304 -17.1697
6.305 -17.1897
6.306 -17.208
6.307 -17.2248
6.308 -17.2399
6.309 -17.2533
6.31 -17.265
6.311 -17.2749
6.312 -17.2831
6.313 -17.2894
6.314 -17.2939
6.315 -17.2966
6.316 -17.2972
6.317 -17.2959
6.318 -17.2925
6.319 -17.2872
6.32 -17.2798
6.321 -17.2703
6.322 -17.2586
6.323 -17.2449
6.324 -17.2289
6.325 -17.2108
6.326 -17.1904
6.327 -17.1677
6.328 -17.1427
6.329 -17.1154
6.33 -17.0857
6.331 -17.0536
6.332 -17.0192
6.333 -16.9823
6.334 -16.9429
6.335 -16.9011
6.336 -16.8569
6.337 -16.8101
6.338 -16.7608
6.339 -16.709
6.34 -16.6547
6.341 -16.5979
6.342 -16.5385
6.343 -16.4765
6.344 -16.412
6.345 -16.345
6.346 -16.2754
6.347 -16.2033
6.348 -16.1286
6.349 -16.0514
6.35 -15.9717
6.351 -15.8895
6.352 -15.8047
6.353 -15.7175
6.354 -15.6278
6.355 -15.5357
6.356 -15.4411
6.357 -15.344
6.358 -15.2446
6.359 -15.1428
6.36 -15.0387
6.361 -14.9322
6.362 -14.8234
6.363 -14.7123
6.364 -14.599
6.365 -14.4834
6.366 -14.3657
6.367 -14.2458
6.368 -14.1238
6.369 -13.9997
6.37 -13.8736
6.371 -13.7454
6.372 -13.6153
6.373 -13.4832
6.374 -13.3492
6.375 -13.2133
6.376 -13.0756
6.377 -12.9362
6.378 -12.795
6.379 -12.6521
6.38 -12.5075
6.381 -12.3613
6.382 -12.2135
6.383 -12.0642
6.384 -11.9134
6.385 -11.7612
6.386 -11.6075
6.387 -11.4524
6.388 -11.2961
6.389 -11.1384
6.39 -10.9795
6.391 -10.8194
6.392 -10.6581
6.393 -10.4957
6.394 -10.3322
6.395 -10.1676
6.396 -10.0021
6.397 -9.83557
6.398 -9.6681
6.399 -9.49973
6.4 -9.3305
6.401 -9.16044
6.402 -8.98959
6.403 -8.81798
6.404 -8.64565
6.405 -8.47262
6.406 -8.29893
6.407 -8.12461
6.408 -7.94969
6.409 -7.7742
6.41 -7.59818
6.411 -7.42164
6.412 -7.24463
6.413 -7.06716
6.414 -6.88927
6.415 -6.71098
6.416 -6.53231
6.417 -6.35329
6.418 -6.17395
6.419 -5.9943
6.42 -5.81438
6.421 -5.6342
6.422 -5.4538
6.423 -5.27319
6.424 -5.0924
6.425 -4.91145
6.426 -4.73037
6.427 -4.54919
6.428 -4.36792
6.429 -4.18658
6.43 -4.00521
6.431 -3.82381
6.432 -3.64243
6.433 -3.46107
6.434 -3.27976
6.435 -3.09854
6.436 -2.91741
6.437 -2.73641
6.438 -2.55556
6.439 -2.37487
6.44 -2.19438
6.441 -2.01411
6.442 -1.83407
6.443 -1.6543
6.444 -1.47482
6.445 -1.29565
6.446 -1.11683
6.447 -0.93836
6.448 -0.760282
6.449 -0.582614
6.45 -0.40538
6.451 -0.228603
6.452 -0.0523071
6.453 0.123484
6.454 0.298748
6.455 0.473462
6.456 0.647603
6.457 0.821149
6.458 0.994079
6.459 1.16637
6.46 1.338
6.461 1.50895
6.462 1.67921
6.463 1.84874
6.464 2.01753
6.465 2.18557
6.466 2.35284
6.467 2.51931
6.468 2.68497
6.469 2.84981
6.47 3.01381
6.471 3.17695
6.472 3.33922
6.473 3.50061
6.474 3.6611
6.475 3.8207
6.476 3.97937
6.477 4.13712
6.478 4.29393
6.479 4.4498
6.48 4.60471
6.481 4.75867
6.482 4.91165
6.483 5.06366
6.484 5.21469
6.485 5.36475
6.486 5.51382
6.487 5.6619
6.488 5.80899
6.489 5.95509
6.49 6.10019
6.491 6.2443
6.492 6.3874
6.493 6.5295
6.494 6.6706
6.495 6.81069
6.496 6.94978
6.497 7.08785
6.498 7.22491
6.499 7.36096
6.5 7.496
6.501 7.63003
6.502 7.76304
6.503 7.89504
6.504 8.02602
6.505 8.15598
6.506 8.28493
6.507 8.41287
6.508 8.53979
6.509 8.66569
6.51 8.79059
6.511 8.91447
6.512 9.03733
6.513 9.15917
6.514 9.27998
6.515 9.39976
6.516 9.51851
6.517 9.63622
6.518 9.7529
6.519 9.86852
6.52 9.98311
6.521 10.0966
6.522 10.2091
6.523 10.3205
6.524 10.4309
6.525 10.5401
6.526 10.6483
6.527 10.7553
6.528 10.8613
6.529 10.9661
6.53 11.0699
6.531 11.1725
6.532 11.274
6.533 11.3743
6.534 11.4734
6.535 11.5714
6.536 11.6683
6.537 11.7639
6.538 11.8583
6.539 11.9516
6.54 12.0436
6.541 12.1344
6.542 12.2239
6.543 12.3122
6.544 12.3993
6.545 12.485
6.546 12.5695
6.547 12.6527
6.548 12.7345
6.549 12.8151
6.55 12.8943
6.551 12.9722
6.552 13.0487
6.553 13.1239
6.554 13.1977
6.555 13.2701
6.556 13.3412
6.557 13.4108
6.558 13.4791
6.559 13.5459
6.56 13.6114
6.561 13.6754
6.562 13.738
6.563 13.7991
6.564 13.8589
6.565 13.9171
6.566 13.974
6.567 14.0293
6.568 14.0832
6.569 14.1357
6.57 14.1867
6.571 14.2362
6.572 14.2842
6.573 14.3307
6.574 14.3758
6.575 14.4194
6.576 14.4615
6.577 14.5021
6.578 14.5413
6.579 14.5789
6.58 14.6151
6.581 14.6498
6.582 14.683
6.583 14.7148
6.584 14.745
6.585 14.7738
6.586 14.8011
6.587 14.8269
6.588 14.8513
6.589 14.8742
6.59 14.8957
6.591 14.9157
6.592 14.9342
6.593 14.9513
6.594 14.9669
6.595 14.9811
6.596 14.9938
6.597 15.005
6.598 15.0148
6.599 15.0231
6.6 15.03
6.601 15.0354
6.602 15.0393
6.603 15.0417
6.604 15.0427
6.605 15.0421
6.606 15.04
6.607 15.0364
6.608 15.0312
6.609 15.0245
6.61 15.0163
6.611 15.0065
6.612 14.9952
6.613 14.9823
6.614 14.9678
6.615 14.9517
6.616 14.9339
6.617 14.9146
6.618 14.8936
6.619 14.8709
6.62 14.8467
6.621 14.8207
6.622 14.793
6.623 14.7637
6.624 14.7327
6.625 14.6999
6.626 14.6655
6.627 14.6293
6.628 14.5913
6.629 14.5517
6.63 14.5103
6.631 14.4671
6.632 14.4222
6.633 14.3755
6.634 14.3271
6.635 14.277
6.636 14.2252
6.637 14.1716
6.638 14.1164
6.639 14.0595
6.64 14.0009
6.641 13.9406
6.642 13.8788
6.643 13.8153
6.644 13.7503
6.645 13.6837
6.646 13.6156
6.647 13.5461
6.648 13.4751
6.649 13.4027
6.65 13.3289
6.651 13.2538
6.652 13.1774
6.653 13.0998
6.654 13.0209
6.655 12.9409
6.656 12.8598
6.657 12.7776
6.658 12.6944
6.659 12.6102
6.66 12.5252
6.661 12.4392
6.662 12.3524
6.663 12.2649
6.664 12.1766
6.665 12.0877
6.666 11.9981
6.667 11.908
6.668 11.8173
6.669 11.7262
6.67 11.6347
6.671 11.5428
6.672 11.4506
6.673 11.3581
6.674 11.2654
6.675 11.1725
6.676 11.0795
6.677 10.9864
6.678 10.8933
6.679 10.8003
6.68 10.7072
6.681 10.6143
6.682 10.5216
6.683 10.429
6.684 10.3367
6.685 10.2446
6.686 10.1529
6.687 10.0615
6.688 9.97054
6.689 9.87999
6.69 9.78991
6.691 9.70033
6.692 9.6113
6.693 9.52285
6.694 9.43501
6.695 9.34782
6.696 9.26131
6.697 9.17552
6.698 9.09047
6.699 9.00619
6.7 8.92272
6.701 8.84009
6.702 8.75833
6.703 8.67746
6.704 8.59751
6.705 8.5185
6.706 8.44046
6.707 8.36341
6.708 8.28738
6.709 8.21239
6.71 8.13845
6.711 8.0656
6.712 7.99385
6.713 7.92321
6.714 7.85371
6.715 7.78536
6.716 7.71816
6.717 7.65215
6.718 7.58733
6.719 7.52371
6.72 7.46131
6.721 7.40014
6.722 7.3402
6.723 7.28151
6.724 7.22406
6.725 7.16786
6.726 7.11293
6.727 7.05925
6.728 7.00684
6.729 6.9557
6.73 6.90583
6.731 6.85723
6.732 6.80991
6.733 6.76386
6.734 6.71907
6.735 6.67554
6.736 6.63327
6.737 6.59226
6.738 6.5525
6.739 6.51399
6.74 6.47672
6.741 6.44069
6.742 6.40589
6.743 6.37233
6.744 6.34
6.745 6.3089
6.746 6.27903
6.747 6.25038
6.748 6.22295
6.749 6.19675
6.75 6.17175
6.751 6.14798
6.752 6.12542
6.753 6.10408
6.754 6.08398
6.755 6.06512
6.756 6.04749
6.757 6.03112
6.758 6.01599
6.759 6.00213
6.76 5.98952
6.761 5.97818
6.762 5.96813
6.763 5.95937
6.764 5.95194
6.765 5.94584
6.766 5.9411
6.767 5.93773
6.768 5.93574
6.769 5.93516
6.77 5.936
6.771 5.93828
6.772 5.94201
6.773 5.94721
6.774 5.95391
6.775 5.96212
6.776 5.97186
6.777 5.98315
6.778 5.99602
6.779 6.01047
6.78 6.02652
6.781 6.04419
6.782 6.06349
6.783 6.08442
6.784 6.107
6.785 6.13122
6.786 6.1571
6.787 6.18464
6.788 6.21384
6.789 6.24472
6.79 6.27726
6.791 6.31149
6.792 6.34738
6.793 6.38492
6.794 6.42411
6.795 6.46494
6.796 6.50738
6.797 6.55144
6.798 6.59709
6.799 6.64432
6.8 6.69312
6.801 6.74346
6.802 6.79534
6.803 6.84872
6.804 6.90357
6.805 6.95987
6.806 7.01759
6.807 7.0767
6.808 7.13717
6.809 7.19898
6.81 7.26209
6.811 7.32647
6.812 7.39209
6.813 7.45891
6.814 7.5269
6.815 7.59602
6.816 7.66623
6.817 7.7375
6.818 7.80978
6.819 7.88304
6.82 7.95724
6.821 8.03234
6.822 8.10831
6.823 8.1851
6.824 8.26267
6.825 8.341
6.826 8.42005
6.827 8.49977
6.828 8.58013
6.829 8.66108
6.83 8.7426
6.831 8.82463
6.832 8.90716
6.833 8.99015
6.834 9.07357
6.835 9.15739
6.836 9.24159
6.837 9.32612
6.838 9.41096
6.839 9.49608
6.84 9.58145
6.841 9.66704
6.842 9.75283
6.843 9.8388
6.844 9.92492
6.845 10.0112
6.846 10.0976
6.847 10.184
6.848 10.2706
6.849 10.3572
6.85 10.4438
6.851 10.5304
6.852 10.6171
6.853 10.7037
6.854 10.7903
6.855 10.8768
6.856 10.9633
6.857 11.0497
6.858 11.1359
6.859 11.2221
6.86 11.3081
6.861 11.394
6.862 11.4797
6.863 11.5652
6.864 11.6506
6.865 11.7357
6.866 11.8206
6.867 11.9053
6.868 11.9897
6.869 12.0738
6.87 12.1577
6.871 12.2413
6.872 12.3246
6.873 12.4076
6.874 12.4903
6.875 12.5727
6.876 12.6547
6.877 12.7364
6.878 12.8177
6.879 12.8986
6.88 12.9792
6.881 13.0594
6.882 13.1392
6.883 13.2186
6.884 13.2977
6.885 13.3763
6.886 13.4545
6.887 13.5324
6.888 13.6098
6.889 13.6869
6.89 13.7635
6.891 13.8398
6.892 13.9156
6.893 13.9911
6.894 14.0662
6.895 14.1409
6.896 14.2152
6.897 14.2891
6.898 14.3627
6.899 14.4359
6.9 14.5088
6.901 14.5813
6.902 14.6535
6.903 14.7254
6.904 14.7969
6.905 14.8682
6.906 14.9391
6.907 15.0097
6.908 15.08
6.909 15.1501
6.91 15.2199
6.911 15.2894
6.912 15.3587
6.913 15.4277
6.914 15.4964
6.915 15.565
6.916 15.6333
6.917 15.7014
6.918 15.7692
6.919 15.8369
6.92 15.9044
6.921 15.9717
6.922 16.0388
6.923 16.1058
6.924 16.1726
6.925 16.2392
6.926 16.3057
6.927 16.3721
6.928 16.4383
6.929 16.5044
6.93 16.5704
6.931 16.6363
6.932 16.702
6.933 16.7677
6.934 16.8333
6.935 16.8987
6.936 16.9641
6.937 17.0294
6.938 17.0946
6.939 17.1597
6.94 17.2247
6.941 17.2896
6.942 17.3544
6.943 17.4191
6.944 17.4837
6.945 17.5483
6.946 17.6127
6.947 17.6769
6.948 17.7411
6.949 17.8051
6.95 17.869
6.951 17.9327
6.952 17.9962
6.953 18.0596
6.954 18.1228
6.955 18.1857
6.956 18.2484
6.957 18.3108
6.958 18.373
6.959 18.4348
6.96 18.4963
6.961 18.5575
6.962 18.6182
6.963 18.6786
6.964 18.7385
6.965 18.798
6.966 18.8569
6.967 18.9153
6.968 18.9731
6.969 19.0303
6.97 19.0869
6.971 19.1428
6.972 19.198
6.973 19.2524
6.974 19.306
6.975 19.3588
6.976 19.4107
6.977 19.4616
6.978 19.5115
6.979 19.5605
6.98 19.6083
6.981 19.655
6.982 19.7005
6.983 19.7448
6.984 19.7878
6.985 19.8295
6.986 19.8697
6.987 19.9085
6.988 19.9457
6.989 19.9814
6.99 20.0154
6.991 20.0478
6.992 20.0783
6.993 20.1071
6.994 20.134
6.995 20.159
6.996 20.182
6.997 20.2029
6.998 20.2217
6.999 20.2383
7 20.2527
7.001 20.2647
7.002 20.2745
7.003 20.2818
7.004 20.2867
7.005 20.289
7.006 20.2887
7.007 20.2858
7.008 20.2802
7.009 20.2718
7.01 20.2606
7.011 20.2466
7.012 20.2296
7.013 20.2098
7.014 20.1869
7.015 20.1611
7.016 20.1322
7.017 20.1002
7.018 20.0651
7.019 20.0268
7.02 19.9854
7.021 19.9407
7.022 19.8928
7.023 19.8417
7.024 19.7873
7.025 19.7296
7.026 19.6688
7.027 19.6046
7.028 19.5372
7.029 19.4665
7.03 19.3926
7.031 19.3153
7.032 19.2349
7.033 19.1512
7.034 19.0643
7.035 18.9743
7.036 18.8811
7.037 18.7848
7.038 18.6855
7.039 18.5831
7.04 18.4776
7.041 18.3692
7.042 18.2579
7.043 18.1437
7.044 18.0266
7.045 17.9068
7.046 17.7843
7.047 17.6591
7.048 17.5313
7.049 17.4009
7.05 17.268
7.051 17.1327
7.052 16.9951
7.053 16.8551
7.054 16.7129
7.055 16.5686
7.056 16.4221
7.057 16.2736
7.058 16.1232
7.059 15.9709
7.06 15.8168
7.061 15.661
7.062 15.5035
7.063 15.3444
7.064 15.1839
7.065 15.0218
7.066 14.8584
7.067 14.6937
7.068 14.5278
7.069 14.3607
7.07 14.1926
7.071 14.0234
7.072 13.8533
7.073 13.6823
7.074 13.5105
7.075 13.3379
7.076 13.1647
7.077 12.9908
7.078 12.8163
7.079 12.6413
7.08 12.4659
7.081 12.29
7.082 12.1138
7.083 11.9373
7.084 11.7606
7.085 11.5836
7.086 11.4064
7.087 11.229
7.088 11.0516
7.089 10.874
7.09 10.6965
7.091 10.5189
7.092 10.3414
7.093 10.1639
7.094 9.98652
7.095 9.80919
7.096 9.63198
7.097 9.4549
7.098 9.27797
7.099 9.1012
7.1 8.92461
7.101 8.74822
7.102 8.57204
7.103 8.39607
7.104 8.22032
7.105 8.04478
7.106 7.86948
7.107 7.69439
7.108 7.51954
7.109 7.34492
7.11 7.17054
7.111 6.99639
7.112 6.82248
7.113 6.6488
7.114 6.47534
7.115 6.3021
7.116 6.12908
7.117 5.95628
7.118 5.78368
7.119 5.61128
7.12 5.43908
7.121 5.26707
7.122 5.09525
7.123 4.9236
7.124 4.75214
7.125 4.58084
7.126 4.4097
7.127 4.23872
7.128 4.0679
7.129 3.89722
7.13 3.72667
7.131 3.55626
7.132 3.38598
7.133 3.21582
7.134 3.04577
7.135 2.87583
7.136 2.70599
7.137 2.53625
7.138 2.36659
7.139 2.19701
7.14 2.0275
7.141 1.85806
7.142 1.68868
7.143 1.51934
7.144 1.35004
7.145 1.18076
7.146 1.01149
7.147 0.842229
7.148 0.672956
7.149 0.503663
7.15 0.334338
7.151 0.164967
7.152 -0.00446895
7.153 -0.17399
7.154 -0.343616
7.155 -0.513368
7.156 -0.683269
7.157 -0.853338
7.158 -1.0236
7.159 -1.19407
7.16 -1.36477
7.161 -1.53574
7.162 -1.70699
7.163 -1.87856
7.164 -2.05048
7.165 -2.22279
7.166 -2.39552
7.167 -2.56869
7.168 -2.74234
7.169 -2.91651
7.17 -3.09122
7.171 -3.26651
7.172 -3.44243
7.173 -3.61901
7.174 -3.79631
7.175 -3.97436
7.176 -4.15321
7.177 -4.3329
7.178 -4.51349
7.179 -4.695
7.18 -4.87749
7.181 -5.061
7.182 -5.24558
7.183 -5.43129
7.184 -5.61817
7.185 -5.80628
7.186 -5.99566
7.187 -6.18638
7.188 -6.37848
7.189 -6.57202
7.19 -6.76704
7.191 -6.96359
7.192 -7.16173
7.193 -7.36151
7.194 -7.56297
7.195 -7.76616
7.196 -7.97113
7.197 -8.17793
7.198 -8.38661
7.199 -8.59721
7.2 -8.80979
7.201 -9.0244
7.202 -9.24105
7.203 -9.45979
7.204 -9.68064
7.205 -9.90364
7.206 -10.1288
7.207 -10.3562
7.208 -10.5858
7.209 -10.8176
7.21 -11.0518
7.211 -11.2883
7.212 -11.527
7.213 -11.7681
7.214 -12.0116
7.215 -12.2573
7.216 -12.5053
7.217 -12.7556
7.218 -13.0083
7.219 -13.2632
7.22 -13.5204
7.221 -13.78
7.222 -14.0417
7.223 -14.3057
7.224 -14.5718
7.225 -14.8401
7.226 -15.1104
7.227 -15.3827
7.228 -15.6571
7.229 -15.9333
7.23 -16.2115
7.231 -16.4914
7.232 -16.7732
7.233 -17.0566
7.234 -17.3416
7.235 -17.628
7.236 -17.9159
7.237 -18.2051
7.238 -18.4955
7.239 -18.7871
7.24 -19.0797
7.241 -19.3732
7.242 -19.6676
7.243 -19.9627
7.244 -20.2584
7.245 -20.5546
7.246 -20.8512
7.247 -21.148
7.248 -21.4449
7.249 -21.7418
7.25 -22.0386
7.251 -22.3352
7.252 -22.6313
7.253 -22.927
7.254 -23.2221
7.255 -23.5165
7.256 -23.8099
7.257 -24.1023
7.258 -24.3937
7.259 -24.6837
7.26 -24.9724
7.261 -25.2595
7.262 -25.545
7.263 -25.8288
7.264 -26.1107
7.265 -26.3906
7.266 -26.6684
7.267 -26.9439
7.268 -27.2171
7.269 -27.4879
7.27 -27.756
7.271 -28.0214
7.272 -28.2841
7.273 -28.5438
7.274 -28.8005
7.275 -29.0541
7.276 -29.3046
7.277 -29.5517
7.278 -29.7954
7.279 -30.0356
7.28 -30.2722
7.281 -30.5052
7.282 -30.7344
7.283 -30.9597
7.284 -31.1811
7.285 -31.3986
7.286 -31.612
7.287 -31.8213
7.288 -32.0265
7.289 -32.2274
7.29 -32.4239
7.291 -32.6161
7.292 -32.8039
7.293 -32.9871
7.294 -33.1659
7.295 -33.3402
7.296 -33.5099
7.297 -33.6749
7.298 -33.8353
7.299 -33.9911
7.3 -34.1421
7.301 -34.2883
7.302 -34.4298
7.303 -34.5665
7.304 -34.6983
7.305 -34.8254
7.306 -34.9476
7.307 -35.065
7.308 -35.1774
7.309 -35.2851
7.31 -35.3878
7.311 -35.4856
7.312 -35.5785
7.313 -35.6664
7.314 -35.7495
7.315 -35.8276
7.316 -35.9008
7.317 -35.9691
7.318 -36.0324
7.319 -36.0909
7.32 -36.1444
7.321 -36.1929
7.322 -36.2365
7.323 -36.2752
7.324 -36.3089
7.325 -36.3377
7.326 -36.3616
7.327 -36.3804
7.328 -36.3943
7.329 -36.4033
7.33 -36.4071
7.331 -36.4058
7.332 -36.3996
7.333 -36.3883
7.334 -36.3721
7.335 -36.3509
7.336 -36.3248
7.337 -36.2937
7.338 -36.2576
7.339 -36.2165
7.34 -36.1705
7.341 -36.1195
7.342 -36.0636
7.343 -36.0028
7.344 -35.937
7.345 -35.8663
7.346 -35.7907
7.347 -35.7102
7.348 -35.6248
7.349 -35.5345
7.35 -35.4394
7.351 -35.3394
7.352 -35.2346
7.353 -35.125
7.354 -35.0106
7.355 -34.8915
7.356 -34.7675
7.357 -34.6389
7.358 -34.5055
7.359 -34.3675
7.36 -34.2248
7.361 -34.0775
7.362 -33.9256
7.363 -33.7691
7.364 -33.6081
7.365 -33.4426
7.366 -33.2727
7.367 -33.0983
7.368 -32.9195
7.369 -32.7364
7.37 -32.549
7.371 -32.3573
7.372 -32.1614
7.373 -31.9614
7.374 -31.7572
7.375 -31.549
7.376 -31.3368
7.377 -31.1207
7.378 -30.9007
7.379 -30.6769
7.38 -30.4493
7.381 -30.218
7.382 -29.9831
7.383 -29.7446
7.384 -29.5027
7.385 -29.2573
7.386 -29.0085
7.387 -28.7565
7.388 -28.5012
7.389 -28.2429
7.39 -27.9814
7.391 -27.7169
7.392 -27.4495
7.393 -27.1793
7.394 -26.9063
7.395 -26.6306
7.396 -26.3522
7.397 -26.0713
7.398 -25.7879
7.399 -25.5021
7.4 -25.214
7.401 -24.9236
7.402 -24.631
7.403 -24.3363
7.404 -24.0395
7.405 -23.7408
7.406 -23.4401
7.407 -23.1376
7.408 -22.8334
7.409 -22.5275
7.41 -22.22
7.411 -21.9109
7.412 -21.6003
7.413 -21.2883
7.414 -20.975
7.415 -20.6604
7.416 -20.3446
7.417 -20.0277
7.418 -19.7097
7.419 -19.3907
7.42 -19.0708
7.421 -18.75
7.422 -18.4284
7.423 -18.1061
7.424 -17.7831
7.425 -17.4595
7.426 -17.1354
7.427 -16.8109
7.428 -16.486
7.429 -16.1608
7.43 -15.8353
7.431 -15.5096
7.432 -15.1838
7.433 -14.8579
7.434 -14.5321
7.435 -14.2064
7.436 -13.8809
7.437 -13.5556
7.438 -13.2307
7.439 -12.9061
7.44 -12.582
7.441 -12.2584
7.442 -11.9354
7.443 -11.6131
7.444 -11.2916
7.445 -10.9709
7.446 -10.6512
7.447 -10.3324
7.448 -10.0147
7.449 -9.69818
7.45 -9.38287
7.451 -9.06886
7.452 -8.75623
7.453 -8.44508
7.454 -8.13549
7.455 -7.82754
7.456 -7.52131
7.457 -7.2169
7.458 -6.91438
7.459 -6.61384
7.46 -6.31535
7.461 -6.01899
7.462 -5.72485
7.463 -5.43303
7.464 -5.1436
7.465 -4.85667
7.466 -4.5723
7.467 -4.29059
7.468 -4.01163
7.469 -3.73549
7.47 -3.46226
7.471 -3.19202
7.472 -2.92485
7.473 -2.66085
7.474 -2.40008
7.475 -2.14263
7.476 -1.88859
7.477 -1.63802
7.478 -1.39101
7.479 -1.14764
7.48 -0.907991
7.481 -0.672129
7.482 -0.44013
7.483 -0.212065
7.484 0.0119979
7.485 0.231989
7.486 0.447842
7.487 0.659488
7.488 0.86686
7.489 1.06989
7.49 1.26852
7.491 1.46268
7.492 1.65232
7.493 1.83739
7.494 2.01784
7.495 2.19363
7.496 2.36469
7.497 2.531
7.498 2.69249
7.499 2.84914
7.5 3.00088
7.501 3.14768
7.502 3.2895
7.503 3.42633
7.504 3.55812
7.505 3.68487
7.506 3.80653
7.507 3.92309
7.508 4.03451
7.509 4.14078
7.51 4.24188
7.511 4.33778
7.512 4.42846
7.513 4.51393
7.514 4.59417
7.515 4.66917
7.516 4.73893
7.517 4.80343
7.518 4.86267
7.519 4.91665
7.52 4.96535
7.521 5.00878
7.522 5.04693
7.523 5.0798
7.524 5.1074
7.525 5.12972
7.526 5.14675
7.527 5.15851
7.528 5.16498
7.529 5.16608
7.53 5.16182
7.531 5.15228
7.532 5.13748
7.533 5.11741
7.534 5.09207
7.535 5.06148
7.536 5.02565
7.537 4.98457
7.538 4.93827
7.539 4.88675
7.54 4.83004
7.541 4.76813
7.542 4.70104
7.543 4.62878
7.544 4.55134
7.545 4.46874
7.546 4.38098
7.547 4.28808
7.548 4.19006
7.549 4.08692
7.55 3.97868
7.551 3.86535
7.552 3.74696
7.553 3.62349
7.554 3.49497
7.555 3.3614
7.556 3.22279
7.557 3.07917
7.558 2.93054
7.559 2.77693
7.56 2.61835
7.561 2.45484
7.562 2.28641
7.563 2.1131
7.564 1.93492
7.565 1.75193
7.566 1.56414
7.567 1.37159
7.568 1.17432
7.569 0.972369
7.57 0.765769
7.571 0.554568
7.572 0.338825
7.573 0.118609
7.574 -0.106013
7.575 -0.334973
7.576 -0.568203
7.577 -0.805633
7.578 -1.04719
7.579 -1.29282
7.58 -1.54243
7.581 -1.79596
7.582 -2.0533
7.583 -2.31434
7.584 -2.579
7.585 -2.84714
7.586 -3.11869
7.587 -3.39351
7.588 -3.67152
7.589 -3.95261
7.59 -4.23667
7.591 -4.5236
7.592 -4.81326
7.593 -5.10552
7.594 -5.40024
7.595 -5.6973
7.596 -5.99656
7.597 -6.29788
7.598 -6.60114
7.599 -6.90621
7.6 -7.21296
7.601 -7.52125
7.602 -7.83097
7.603 -8.14195
7.604 -8.45407
7.605 -8.76718
7.606 -9.08114
7.607 -9.39583
7.608 -9.7111
7.609 -10.0268
7.61 -10.3429
7.611 -10.6591
7.612 -10.9754
7.613 -11.2916
7.614 -11.6076
7.615 -11.9232
7.616 -12.2385
7.617 -12.5531
7.618 -12.867
7.619 -13.1801
7.62 -13.4923
7.621 -13.8034
7.622 -14.1132
7.623 -14.4219
7.624 -14.7291
7.625 -15.0348
7.626 -15.3389
7.627 -15.6413
7.628 -15.9419
7.629 -16.2405
7.63 -16.5372
7.631 -16.8317
7.632 -17.124
7.633 -17.4141
7.634 -17.7018
7.635 -17.9871
7.636 -18.2698
7.637 -18.5499
7.638 -18.8274
7.639 -19.1022
7.64 -19.3741
7.641 -19.6431
7.642 -19.9092
7.643 -20.1722
7.644 -20.4322
7.645 -20.6891
7.646 -20.9428
7.647 -21.1932
7.648 -21.4404
7.649 -21.6842
7.65 -21.9247
7.651 -22.1617
7.652 -22.3952
7.653 -22.6252
7.654 -22.8517
7.655 -23.0746
7.656 -23.2938
7.657 -23.5094
7.658 -23.7214
7.659 -23.9296
7.66 -24.1341
7.661 -24.3348
7.662 -24.5317
7.663 -24.7248
7.664 -24.9141
7.665 -25.0995
7.666 -25.281
7.667 -25.4586
7.668 -25.6323
7.669 -25.8021
7.67 -25.9678
7.671 -26.1296
7.672 -26.2875
7.673 -26.4412
7.674 -26.591
7.675 -26.7367
7.676 -26.8783
7.677 -27.0159
7.678 -27.1493
7.679 -27.2786
7.68 -27.4038
7.681 -27.5248
7.682 -27.6417
7.683 -27.7544
7.684 -27.8628
7.685 -27.9671
7.686 -28.0671
7.687 -28.1628
7.688 -28.2542
7.689 -28.3414
7.69 -28.4242
7.691 -28.5027
7.692 -28.5769
7.693 -28.6467
7.694 -28.7121
7.695 -28.7732
7.696 -28.8298
7.697 -28.8821
7.698 -28.9299
7.699 -28.9732
7.7 -29.0122
7.701 -29.0466
7.702 -29.0767
7.703 -29.1022
7.704 -29.1233
7.705 -29.1399
7.706 -29.152
7.707 -29.1596
7.708 -29.1627
7.709 -29.1611
7.71 -29.1551
7.711 -29.1446
7.712 -29.1296
7.713 -29.1101
7.714 -29.0861
7.715 -29.0577
7.716 -29.0249
7.717 -28.9876
7.718 -28.9459
7.719 -28.8999
7.72 -28.8495
7.721 -28.7947
7.722 -28.7357
7.723 -28.6723
7.724 -28.6047
7.725 -28.5329
7.726 -28.457
7.727 -28.3768
7.728 -28.2926
7.729 -28.2043
7.73 -28.112
7.731 -28.0158
7.732 -27.9156
7.733 -27.8115
7.734 -27.7036
7.735 -27.5919
7.736 -27.4766
7.737 -27.3576
7.738 -27.235
7.739 -27.1089
7.74 -26.9794
7.741 -26.8464
7.742 -26.7101
7.743 -26.5706
7.744 -26.4279
7.745 -26.2822
7.746 -26.1333
7.747 -25.9816
7.748 -25.827
7.749 -25.6696
7.75 -25.5094
7.751 -25.3467
7.752 -25.1814
7.753 -25.0136
7.754 -24.8435
7.755 -24.6711
7.756 -24.4964
7.757 -24.3196
7.758 -24.1407
7.759 -23.9598
7.76 -23.7771
7.761 -23.5925
7.762 -23.4062
7.763 -23.2182
7.764 -23.0286
7.765 -22.8375
7.766 -22.645
7.767 -22.451
7.768 -22.2557
7.769 -22.0592
7.77 -21.8615
7.771 -21.6627
7.772 -21.4628
7.773 -21.2619
7.774 -21.0601
7.775 -20.8574
7.776 -20.6538
7.777 -20.4495
7.778 -20.2444
7.779 -20.0386
7.78 -19.8322
7.781 -19.6252
7.782 -19.4176
7.783 -19.2095
7.784 -19.001
7.785 -18.792
7.786 -18.5826
7.787 -18.3729
7.788 -18.1629
7.789 -17.9526
7.79 -17.742
7.791 -17.5312
7.792 -17.3203
7.793 -17.1092
7.794 -16.898
7.795 -16.6868
7.796 -16.4755
7.797 -16.2641
7.798 -16.0528
7.799 -15.8415
7.8 -15.6303
7.801 -15.4192
7.802 -15.2082
7.803 -14.9974
7.804 -14.7868
7.805 -14.5763
7.806 -14.3661
7.807 -14.1562
7.808 -13.9465
7.809 -13.7372
7.81 -13.5282
7.811 -13.3195
7.812 -13.1113
7.813 -12.9035
7.814 -12.6961
7.815 -12.4892
7.816 -12.2828
7.817 -12.077
7.818 -11.8718
7.819 -11.6671
7.82 -11.4631
7.821 -11.2597
7.822 -11.057
7.823 -10.8551
7.824 -10.6539
7.825 -10.4535
7.826 -10.254
7.827 -10.0553
7.828 -9.85751
7.829 -9.66067
7.83 -9.4648
7.831 -9.26994
7.832 -9.07611
7.833 -8.88334
7.834 -8.69168
7.835 -8.50115
7.836 -8.31178
7.837 -8.12361
7.838 -7.93666
7.839 -7.75097
7.84 -7.56656
7.841 -7.38346
7.842 -7.20169
7.843 -7.02128
7.844 -6.84225
7.845 -6.66462
7.846 -6.48842
7.847 -6.31366
7.848 -6.14036
7.849 -5.96854
7.85 -5.79823
7.851 -5.62944
7.852 -5.46218
7.853 -5.29644
7.854 -5.13225
7.855 -4.96959
7.856 -4.80848
7.857 -4.64892
7.858 -4.49092
7.859 -4.33447
7.86 -4.17958
7.861 -4.02624
7.862 -3.87446
7.863 -3.72422
7.864 -3.57552
7.865 -3.42834
7.866 -3.28267
7.867 -3.1385
7.868 -2.99583
7.869 -2.85464
7.87 -2.71493
7.871 -2.57667
7.872 -2.43985
7.873 -2.30447
7.874 -2.1705
7.875 -2.03792
7.876 -1.90673
7.877 -1.77689
7.878 -1.6484
7.879 -1.52124
7.88 -1.39539
7.881 -1.27083
7.882 -1.14755
7.883 -1.02554
7.884 -0.904771
7.885 -0.785238
7.886 -0.666925
7.887 -0.549815
7.888 -0.433893
7.889 -0.319142
7.89 -0.205548
7.891 -0.0930952
7.892 0.018225
7.893 0.12842
7.894 0.237498
7.895 0.345467
7.896 0.452333
7.897 0.558107
7.898 0.662795
7.899 0.766408
7.9 0.868953
7.901 0.970439
7.902 1.07087
7.903 1.17024
7.904 1.26855
7.905 1.36581
7.906 1.46201
7.907 1.55716
7.908 1.65125
7.909 1.74429
7.91 1.83628
7.911 1.92722
7.912 2.0171
7.913 2.10593
7.914 2.19368
7.915 2.28037
7.916 2.36598
7.917 2.4505
7.918 2.53394
7.919 2.61629
7.92 2.69754
7.921 2.77769
7.922 2.85672
7.923 2.93463
7.924 3.01139
7.925 3.08701
7.926 3.16145
7.927 3.23472
7.928 3.3068
7.929 3.37768
7.93 3.44734
7.931 3.51578
7.932 3.58296
7.933 3.64887
7.934 3.71349
7.935 3.77679
7.936 3.83876
7.937 3.89936
7.938 3.95858
7.939 4.0164
7.94 4.07279
7.941 4.12773
7.942 4.18118
7.943 4.23311
7.944 4.28347
7.945 4.33223
7.946 4.37934
7.947 4.42477
7.948 4.46848
7.949 4.51043
7.95 4.55058
7.951 4.5889
7.952 4.62532
7.953 4.65979
7.954 4.69226
7.955 4.72267
7.956 4.75096
7.957 4.77707
7.958 4.80095
7.959 4.82255
7.96 4.84181
7.961 4.85867
7.962 4.87306
7.963 4.88491
7.964 4.89414
7.965 4.90069
7.966 4.90447
7.967 4.90538
7.968 4.90333
7.969 4.8983
7.97 4.89023
7.971 4.87903
7.972 4.86464
7.973 4.84699
7.974 4.82599
7.975 4.80159
7.976 4.7737
7.977 4.74227
7.978 4.70722
7.979 4.66848
7.98 4.626
7.981 4.5797
7.982 4.52954
7.983 4.47546
7.984 4.41742
7.985 4.35536
7.986 4.28924
7.987 4.21901
7.988 4.14464
7.989 4.06608
7.99 3.98328
7.991 3.89622
7.992 3.80488
7.993 3.70923
7.994 3.60927
7.995 3.50499
7.996 3.39638
7.997 3.28342
7.998 3.16612
7.999 3.04447
8 2.91847
8.001 2.78813
8.002 2.65346
8.003 2.5145
8.004 2.37127
8.005 2.22381
8.006 2.07215
8.007 1.91633
8.008 1.75639
8.009 1.59235
8.01 1.42426
8.011 1.25218
8.012 1.07615
8.013 0.896263
8.014 0.712577
8.015 0.52517
8.016 0.334115
8.017 0.139486
8.018 -0.0586428
8.019 -0.260195
8.02 -0.465096
8.021 -0.673263
8.022 -0.884603
8.023 -1.09902
8.024 -1.31641
8.025 -1.53667
8.026 -1.75971
8.027 -1.98543
8.028 -2.21373
8.029 -2.44451
8.03 -2.67768
8.031 -2.91312
8.032 -3.15073
8.033 -3.39038
8.034 -3.63197
8.035 -3.87537
8.036 -4.12047
8.037 -4.36715
8.038 -4.61529
8.039 -4.86479
8.04 -5.11554
8.041 -5.36741
8.042 -5.62028
8.043 -5.87404
8.044 -6.12857
8.045 -6.38374
8.046 -6.63944
8.047 -6.89554
8.048 -7.15193
8.049 -7.4085
8.05 -7.66513
8.051 -7.9217
8.052 -8.17811
8.053 -8.43424
8.054 -8.68999
8.055 -8.94525
8.056 -9.19992
8.057 -9.45388
8.058 -9.70704
8.059 -9.95929
8.06 -10.2105
8.061 -10.4606
8.062 -10.7096
8.063 -10.9572
8.064 -11.2034
8.065 -11.4482
8.066 -11.6914
8.067 -11.9329
8.068 -12.1728
8.069 -12.4108
8.07 -12.6469
8.071 -12.881
8.072 -13.1131
8.073 -13.3431
8.074 -13.5709
8.075 -13.7965
8.076 -14.0198
8.077 -14.2407
8.078 -14.4591
8.079 -14.6751
8.08 -14.8886
8.081 -15.0994
8.082 -15.3077
8.083 -15.5132
8.084 -15.716
8.085 -15.916
8.086 -16.1132
8.087 -16.3076
8.088 -16.4991
8.089 -16.6876
8.09 -16.8732
8.091 -17.0558
8.092 -17.2354
8.093 -17.412
8.094 -17.5855
8.095 -17.7558
8.096 -17.9231
8.097 -18.0873
8.098 -18.2483
8.099 -18.4061
8.1 -18.5607
8.101 -18.7121
8.102 -18.8603
8.103 -19.0053
8.104 -19.147
8.105 -19.2855
8.106 -19.4207
8.107 -19.5527
8.108 -19.6814
8.109 -19.8068
8.11 -19.9289
8.111 -20.0477
8.112 -20.1633
8.113 -20.2755
8.114 -20.3845
8.115 -20.4902
8.116 -20.5926
8.117 -20.6917
8.118 -20.7876
8.119 -20.8801
8.12 -20.9695
8.121 -21.0555
8.122 -21.1383
8.123 -21.2179
8.124 -21.2942
8.125 -21.3672
8.126 -21.4371
8.127 -21.5037
8.128 -21.5671
8.129 -21.6273
8.13 -21.6844
8.131 -21.7382
8.132 -21.7889
8.133 -21.8364
8.134 -21.8808
8.135 -21.922
8.136 -21.9601
8.137 -21.9951
8.138 -22.027
8.139 -22.0558
8.14 -22.0815
8.141 -22.1042
8.142 -22.1238
8.143 -22.1403
8.144 -22.1539
8.145 -22.1644
8.146 -22.1719
8.147 -22.1764
8.148 -22.178
8.149 -22.1765
8.15 -22.1721
8.151 -22.1647
8.152 -22.1544
8.153 -22.1413
8.154 -22.1252
8.155 -22.1063
8.156 -22.0845
8.157 -22.06
8.158 -22.0326
8.159 -22.0024
8.16 -21.9695
8.161 -21.9339
8.162 -21.8955
8.163 -21.8544
8.164 -21.8107
8.165 -21.7643
8.166 -21.7154
8.167 -21.6638
8.168 -21.6097
8.169 -21.5531
8.17 -21.4939
8.171 -21.4323
8.172 -21.3682
8.173 -21.3018
8.174 -21.2329
8.175 -21.1617
8.176 -21.0882
8.177 -21.0124
8.178 -20.9344
8.179 -20.8542
8.18 -20.7717
8.181 -20.6872
8.182 -20.6005
8.183 -20.5118
8.184 -20.421
8.185 -20.3282
8.186 -20.2334
8.187 -20.1366
8.188 -20.038
8.189 -19.9374
8.19 -19.835
8.191 -19.7308
8.192 -19.6247
8.193 -19.517
8.194 -19.4075
8.195 -19.2964
8.196 -19.1836
8.197 -19.0691
8.198 -18.9532
8.199 -18.8356
8.2 -18.7166
8.201 -18.5962
8.202 -18.4743
8.203 -18.351
8.204 -18.2265
8.205 -18.1006
8.206 -17.9736
8.207 -17.8453
8.208 -17.716
8.209 -17.5855
8.21 -17.454
8.211 -17.3215
8.212 -17.1881
8.213 -17.0538
8.214 -16.9187
8.215 -16.7828
8.216 -16.6462
8.217 -16.509
8.218 -16.3711
8.219 -16.2327
8.22 -16.0938
8.221 -15.9544
8.222 -15.8147
8.223 -15.6747
8.224 -15.5343
8.225 -15.3938
8.226 -15.253
8.227 -15.1122
8.228 -14.9713
8.229 -14.8303
8.23 -14.6894
8.231 -14.5486
8.232 -14.408
8.233 -14.2675
8.234 -14.1272
8.235 -13.9873
8.236 -13.8476
8.237 -13.7084
8.238 -13.5695
8.239 -13.4311
8.24 -13.2932
8.241 -13.1559
8.242 -13.0192
8.243 -12.883
8.244 -12.7476
8.245 -12.6129
8.246 -12.4789
8.247 -12.3457
8.248 -12.2134
8.249 -12.0819
8.25 -11.9513
8.251 -11.8217
8.252 -11.6931
8.253 -11.5654
8.254 -11.4389
8.255 -11.3134
8.256 -11.189
8.257 -11.0659
8.258 -10.9439
8.259 -10.8232
8.26 -10.7038
8.261 -10.5857
8.262 -10.4689
8.263 -10.3535
8.264 -10.2395
8.265 -10.127
8.266 -10.0159
8.267 -9.90641
8.268 -9.79843
8.269 -9.69203
8.27 -9.58724
8.271 -9.48409
8.272 -9.38261
8.273 -9.28281
8.274 -9.18473
8.275 -9.08838
8.276 -8.99379
8.277 -8.90098
8.278 -8.80998
8.279 -8.7208
8.28 -8.63346
8.281 -8.54799
8.282 -8.46439
8.283 -8.38268
8.284 -8.30286
8.285 -8.22496
8.286 -8.14897
8.287 -8.07492
8.288 -8.0028
8.289 -7.93262
8.29 -7.86441
8.291 -7.79815
8.292 -7.73385
8.293 -7.67151
8.294 -7.61114
8.295 -7.55273
8.296 -7.49627
8.297 -7.44178
8.298 -7.38924
8.299 -7.33866
8.3 -7.29002
8.301 -7.24334
8.302 -7.1986
8.303 -7.1558
8.304 -7.11495
8.305 -7.07604
8.306 -7.03906
8.307 -7.00401
8.308 -6.97089
8.309 -6.9397
8.31 -6.91042
8.311 -6.88306
8.312 -6.85761
8.313 -6.83407
8.314 -6.81244
8.315 -6.79271
8.316 -6.77488
8.317 -6.75895
8.318 -6.74491
8.319 -6.73275
8.32 -6.72248
8.321 -6.71408
8.322 -6.70755
8.323 -6.7029
8.324 -6.70011
8.325 -6.69919
8.326 -6.70015
8.327 -6.70296
8.328 -6.70762
8.329 -6.71413
8.33 -6.72247
8.331 -6.73265
8.332 -6.74465
8.333 -6.75848
8.334 -6.77412
8.335 -6.79158
8.336 -6.81083
8.337 -6.83189
8.338 -6.85473
8.339 -6.87935
8.34 -6.90574
8.341 -6.93389
8.342 -6.9638
8.343 -6.99545
8.344 -7.02884
8.345 -7.06395
8.346 -7.10078
8.347 -7.13932
8.348 -7.17955
8.349 -7.22147
8.35 -7.26506
8.351 -7.31031
8.352 -7.35721
8.353 -7.40575
8.354 -7.45591
8.355 -7.50768
8.356 -7.56105
8.357 -7.61599
8.358 -7.6725
8.359 -7.73057
8.36 -7.79016
8.361 -7.85128
8.362 -7.91389
8.363 -7.97799
8.364 -8.04356
8.365 -8.11057
8.366 -8.179
8.367 -8.24884
8.368 -8.32007
8.369 -8.39266
8.37 -8.4666
8.371 -8.54185
8.372 -8.61841
8.373 -8.69623
8.374 -8.77529
8.375 -8.85557
8.376 -8.93704
8.377 -9.01966
8.378 -9.10341
8.379 -9.18826
8.38 -9.27418
8.381 -9.36115
8.382 -9.44911
8.383 -9.53806
8.384 -9.62794
8.385 -9.71873
8.386 -9.8104
8.387 -9.9029
8.388 -9.99621
8.389 -10.0903
8.39 -10.1851
8.391 -10.2806
8.392 -10.3768
8.393 -10.4736
8.394 -10.571
8.395 -10.669
8.396 -10.7675
8.397 -10.8665
8.398 -10.966
8.399 -11.0659
8.4 -11.1662
8.401 -11.2669
8.402 -11.3678
8.403 -11.4691
8.404 -11.5707
8.405 -11.6725
8.406 -11.7744
8.407 -11.8766
8.408 -11.9788
8.409 -12.0812
8.41 -12.1836
8.411 -12.286
8.412 -12.3885
8.413 -12.4909
8.414 -12.5933
8.415 -12.6956
8.416 -12.7977
8.417 -12.8998
8.418 -13.0016
8.419 -13.1033
8.42 -13.2047
8.421 -13.3059
8.422 -13.4068
8.423 -13.5075
8.424 -13.6077
8.425 -13.7076
8.426 -13.8072
8.427 -13.9063
8.428 -14.005
8.429 -14.1032
8.43 -14.2009
8.431 -14.2981
8.432 -14.3947
8.433 -14.4908
8.434 -14.5863
8.435 -14.6812
8.436 -14.7755
8.437 -14.8691
8.438 -14.962
8.439 -15.0542
8.44 -15.1457
8.441 -15.2365
8.442 -15.3264
8.443 -15.4156
8.444 -15.5039
8.445 -15.5914
8.446 -15.6781
8.447 -15.7638
8.448 -15.8486
8.449 -15.9325
8.45 -16.0154
8.451 -16.0973
8.452 -16.1781
8.453 -16.258
8.454 -16.3367
8.455 -16.4144
8.456 -16.491
8.457 -16.5663
8.458 -16.6406
8.459 -16.7136
8.46 -16.7854
8.461 -16.8559
8.462 -16.9252
8.463 -16.9932
8.464 -17.0599
8.465 -17.1252
8.466 -17.1892
8.467 -17.2518
8.468 -17.3129
8.469 -17.3726
8.47 -17.4309
8.471 -17.4877
8.472 -17.5429
8.473 -17.5967
8.474 -17.6489
8.475 -17.6995
8.476 -17.7485
8.477 -17.7959
8.478 -17.8416
8.479 -17.8857
8.48 -17.9281
8.481 -17.9688
8.482 -18.0077
8.483 -18.0449
8.484 -18.0803
8.485 -18.1139
8.486 -18.1457
8.487 -18.1756
8.488 -18.2037
8.489 -18.2299
8.49 -18.2541
8.491 -18.2765
8.492 -18.2969
8.493 -18.3153
8.494 -18.3317
8.495 -18.3461
8.496 -18.3585
8.497 -18.3688
8.498 -18.3771
8.499 -18.3832
8.5 -18.3873
8.501 -18.3892
8.502 -18.389
8.503 -18.3867
8.504 -18.3821
8.505 -18.3754
8.506 -18.3665
8.507 -18.3554
8.508 -18.3421
8.509 -18.3265
8.51 -18.3087
8.511 -18.2887
8.512 -18.2664
8.513 -18.2418
8.514 -18.215
8.515 -18.186
8.516 -18.1547
8.517 -18.1211
8.518 -18.0853
8.519 -18.0472
8.52 -18.0068
8.521 -17.9642
8.522 -17.9194
8.523 -17.8723
8.524 -17.8229
8.525 -17.7713
8.526 -17.7176
8.527 -17.6616
8.528 -17.6034
8.529 -17.543
8.53 -17.4804
8.531 -17.4157
8.532 -17.3488
8.533 -17.2798
8.534 -17.2086
8.535 -17.1353
8.536 -17.06
8.537 -16.9826
8.538 -16.9031
8.539 -16.8216
8.54 -16.738
8.541 -16.6525
8.542 -16.565
8.543 -16.4755
8.544 -16.3841
8.545 -16.2908
8.546 -16.1955
8.547 -16.0984
8.548 -15.9995
8.549 -15.8987
8.55 -15.7961
8.551 -15.6917
8.552 -15.5856
8.553 -15.4777
8.554 -15.3681
8.555 -15.2569
8.556 -15.144
8.557 -15.0295
8.558 -14.9134
8.559 -14.7957
8.56 -14.6765
8.561 -14.5558
8.562 -14.4337
8.563 -14.31
8.564 -14.185
8.565 -14.0586
8.566 -13.9308
8.567 -13.8018
8.568 -13.6714
8.569 -13.5398
8.57 -13.4069
8.571 -13.2728
8.572 -13.1376
8.573 -13.0013
8.574 -12.8638
8.575 -12.7252
8.576 -12.5856
8.577 -12.4449
8.578 -12.3032
8.579 -12.1606
8.58 -12.017
8.581 -11.8724
8.582 -11.7269
8.583 -11.5806
8.584 -11.4333
8.585 -11.2852
8.586 -11.1362
8.587 -10.9863
8.588 -10.8357
8.589 -10.6842
8.59 -10.5319
8.591 -10.3789
8.592 -10.225
8.593 -10.0704
8.594 -9.915
8.595 -9.75884
8.596 -9.60192
8.597 -9.44425
8.598 -9.28583
8.599 -9.12667
8.6 -8.96676
8.601 -8.80612
8.602 -8.64474
8.603 -8.48264
8.604 -8.3198
8.605 -8.15624
8.606 -7.99196
8.607 -7.82695
8.608 -7.66123
8.609 -7.49479
8.61 -7.32763
8.611 -7.15975
8.612 -6.99117
8.613 -6.82187
8.614 -6.65188
8.615 -6.4812
8.616 -6.30982
8.617 -6.13776
8.618 -5.96501
8.619 -5.79159
8.62 -5.6175
8.621 -5.44274
8.622 -5.26732
8.623 -5.09125
8.624 -4.91453
8.625 -4.73718
8.626 -4.5592
8.627 -4.3806
8.628 -4.20139
8.629 -4.02158
8.63 -3.84116
8.631 -3.66016
8.632 -3.47857
8.633 -3.29642
8.634 -3.11369
8.635 -2.93042
8.636 -2.74659
8.637 -2.56223
8.638 -2.37733
8.639 -2.19191
8.64 -2.00597
8.641 -1.81953
8.642 -1.63258
8.643 -1.44513
8.644 -1.25718
8.645 -1.06874
8.646 -0.879804
8.647 -0.690386
8.648 -0.500483
8.649 -0.310097
8.65 -0.119233
8.651 0.0721097
8.652 0.263928
8.653 0.45622
8.654 0.648985
8.655 0.842222
8.656 1.03593
8.657 1.23011
8.658 1.42476
8.659 1.61988
8.66 1.81547
8.661 2.01154
8.662 2.20807
8.663 2.40506
8.664 2.60251
8.665 2.80041
8.666 2.99877
8.667 3.19756
8.668 3.3968
8.669 3.59648
8.67 3.79659
8.671 3.99713
8.672 4.1981
8.673 4.39947
8.674 4.60123
8.675 4.80339
8.676 5.00591
8.677 5.2088
8.678 5.41204
8.679 5.61562
8.68 5.81953
8.681 6.02376
8.682 6.2283
8.683 6.43312
8.684 6.63821
8.685 6.84355
8.686 7.04912
8.687 7.25491
8.688 7.4609
8.689 7.66707
8.69 7.87342
8.691 8.07991
8.692 8.28653
8.693 8.49327
8.694 8.7001
8.695 8.907
8.696 9.11396
8.697 9.32095
8.698 9.52796
8.699 9.73496
8.7 9.94195
8.701 10.1489
8.702 10.3558
8.703 10.5626
8.704 10.7693
8.705 10.9759
8.706 11.1823
8.707 11.3886
8.708 11.5947
8.709 11.8006
8.71 12.0063
8.711 12.2117
8.712 12.4169
8.713 12.6218
8.714 12.8264
8.715 13.0307
8.716 13.2346
8.717 13.4382
8.718 13.6413
8.719 13.8441
8.72 14.0465
8.721 14.2484
8.722 14.4498
8.723 14.6508
8.724 14.8513
8.725 15.0513
8.726 15.2507
8.727 15.4496
8.728 15.648
8.729 15.8457
8.73 16.0429
8.731 16.2395
8.732 16.4354
8.733 16.6307
8.734 16.8253
8.735 17.0193
8.736 17.2126
8.737 17.4052
8.738 17.5971
8.739 17.7883
8.74 17.9787
8.741 18.1684
8.742 18.3573
8.743 18.5455
8.744 18.7329
8.745 18.9195
8.746 19.1053
8.747 19.2902
8.748 19.4744
8.749 19.6577
8.75 19.8403
8.751 20.0219
8.752 20.2027
8.753 20.3826
8.754 20.5617
8.755 20.7399
8.756 20.9172
8.757 21.0936
8.758 21.2692
8.759 21.4438
8.76 21.6175
8.761 21.7903
8.762 21.9621
8.763 22.133
8.764 22.303
8.765 22.472
8.766 22.6401
8.767 22.8072
8.768 22.9733
8.769 23.1385
8.77 23.3026
8.771 23.4658
8.772 23.628
8.773 23.7891
8.774 23.9493
8.775 24.1084
8.776 24.2665
8.777 24.4235
8.778 24.5795
8.779 24.7345
8.78 24.8884
8.781 25.0412
8.782 25.193
8.783 25.3437
8.784 25.4933
8.785 25.6418
8.786 25.7893
8.787 25.9356
8.788 26.0808
8.789 26.2249
8.79 26.3678
8.791 26.5097
8.792 26.6504
8.793 26.7899
8.794 26.9283
8.795 27.0655
8.796 27.2015
8.797 27.3364
8.798 27.4701
8.799 27.6026
8.8 27.7339
8.801 27.8639
8.802 27.9928
8.803 28.1204
8.804 28.2468
8.805 28.3719
8.806 28.4958
8.807 28.6184
8.808 28.7398
8.809 28.8598
8.81 28.9786
8.811 29.096
8.812 29.2122
8.813 29.327
8.814 29.4404
8.815 29.5525
8.816 29.6633
8.817 29.7726
8.818 29.8806
8.819 29.9872
8.82 30.0923
8.821 30.196
8.822 30.2983
8.823 30.3991
8.824 30.4984
8.825 30.5962
8.826 30.6925
8.827 30.7873
8.828 30.8805
8.829 30.9722
8.83 31.0622
8.831 31.1506
8.832 31.2374
8.833 31.3226
8.834 31.4061
8.835 31.4878
8.836 31.5678
8.837 31.6461
8.838 31.7226
8.839 31.7973
8.84 31.8702
8.841 31.9412
8.842 32.0103
8.843 32.0775
8.844 32.1428
8.845 32.2061
8.846 32.2673
8.847 32.3266
8.848 32.3838
8.849 32.4389
8.85 32.4918
8.851 32.5426
8.852 32.5912
8.853 32.6376
8.854 32.6817
8.855 32.7235
8.856 32.763
8.857 32.8001
8.858 32.8348
8.859 32.8671
8.86 32.8969
8.861 32.9242
8.862 32.9489
8.863 32.971
8.864 32.9905
8.865 33.0073
8.866 33.0214
8.867 33.0328
8.868 33.0413
8.869 33.0469
8.87 33.0497
8.871 33.0494
8.872 33.0461
8.873 33.0398
8.874 33.0305
8.875 33.0181
8.876 33.0026
8.877 32.9839
8.878 32.9621
8.879 32.9371
8.88 32.9088
8.881 32.8772
8.882 32.8423
8.883 32.8041
8.884 32.7625
8.885 32.7176
8.886 32.6692
8.887 32.6173
8.888 32.5621
8.889 32.5033
8.89 32.441
8.891 32.3753
8.892 32.306
8.893 32.2331
8.894 32.1568
8.895 32.0769
8.896 31.9934
8.897 31.9064
8.898 31.8159
8.899 31.7218
8.9 31.6242
8.901 31.523
8.902 31.4183
8.903 31.3101
8.904 31.1985
8.905 31.0833
8.906 30.9647
8.907 30.8427
8.908 30.7173
8.909 30.5885
8.91 30.4564
8.911 30.3209
8.912 30.1822
8.913 30.0402
8.914 29.895
8.915 29.7466
8.916 29.5952
8.917 29.4406
8.918 29.2831
8.919 29.1226
8.92 28.9592
8.921 28.7929
8.922 28.6238
8.923 28.4519
8.924 28.2773
8.925 28.1001
8.926 27.9203
8.927 27.738
8.928 27.5532
8.929 27.3661
8.93 27.1766
8.931 26.9848
8.932 26.7908
8.933 26.5947
8.934 26.3965
8.935 26.1963
8.936 25.9942
8.937 25.7902
8.938 25.5845
8.939 25.377
8.94 25.1678
8.941 24.9571
8.942 24.7449
8.943 24.5312
8.944 24.3162
8.945 24.0999
8.946 23.8824
8.947 23.6637
8.948 23.444
8.949 23.2233
8.95 23.0017
8.951 22.7792
8.952 22.556
8.953 22.3321
8.954 22.1075
8.955 21.8824
8.956 21.6567
8.957 21.4306
8.958 21.2042
8.959 20.9775
8.96 20.7505
8.961 20.5234
8.962 20.2961
8.963 20.0688
8.964 19.8415
8.965 19.6142
8.966 19.387
8.967 19.1599
8.968 18.933
8.969 18.7064
8.97 18.48
8.971 18.2539
8.972 18.0282
8.973 17.8029
8.974 17.578
8.975 17.3535
8.976 17.1296
8.977 16.9061
8.978 16.6832
8.979 16.4608
8.98 16.239
8.981 16.0179
8.982 15.7974
8.983 15.5775
8.984 15.3584
8.985 15.1399
8.986 14.9222
8.987 14.7052
8.988 14.489
8.989 14.2736
8.99 14.059
8.991 13.8452
8.992 13.6322
8.993 13.4201
8.994 13.2089
8.995 12.9986
8.996 12.7892
8.997 12.5807
8.998 12.3732
8.999 12.1667
9 11.9612
9.001 11.7567
9.002 11.5532
9.003 11.3507
9.004 11.1494
9.005 10.9491
9.006 10.7499
9.007 10.5519
9.008 10.355
9.009 10.1593
9.01 9.96477
9.011 9.77145
9.012 9.57934
9.013 9.38848
9.014 9.19889
9.015 9.01057
9.016 8.82356
9.017 8.63786
9.018 8.4535
9.019 8.2705
9.02 8.08887
9.021 7.90863
9.022 7.72979
9.023 7.55239
9.024 7.37644
9.025 7.20197
9.026 7.02899
9.027 6.85752
9.028 6.6876
9.029 6.51922
9.03 6.35242
9.031 6.18721
9.032 6.02362
9.033 5.86167
9.034 5.7014
9.035 5.54282
9.036 5.38596
9.037 5.23084
9.038 5.0775
9.039 4.92595
9.04 4.77621
9.041 4.62832
9.042 4.4823
9.043 4.33817
9.044 4.19598
9.045 4.05574
9.046 3.91749
9.047 3.78125
9.048 3.64705
9.049 3.51492
9.05 3.38489
9.051 3.25698
9.052 3.13121
9.053 3.00762
9.054 2.88622
9.055 2.76705
9.056 2.65013
9.057 2.53547
9.058 2.42311
9.059 2.31306
9.06 2.20536
9.061 2.10001
9.062 1.99704
9.063 1.89645
9.064 1.79827
9.065 1.70251
9.066 1.60917
9.067 1.51828
9.068 1.42984
9.069 1.34386
9.07 1.26036
9.071 1.17934
9.072 1.10082
9.073 1.02478
9.074 0.951249
9.075 0.880214
9.076 0.811682
9.077 0.745655
9.078 0.682137
9.079 0.621127
9.08 0.562628
9.081 0.506638
9.082 0.453154
9.083 0.402169
9.084 0.353676
9.085 0.30767
9.086 0.264143
9.087 0.223087
9.088 0.184496
9.089 0.148361
9.09 0.114673
9.091 0.0834233
9.092 0.0545962
9.093 0.0281749
9.094 0.00414222
9.095 -0.0175194
9.096 -0.0368278
9.097 -0.053801
9.098 -0.0684573
9.099 -0.0808151
9.1 -0.0908934
9.101 -0.098711
9.102 -0.104287
9.103 -0.107638
9.104 -0.108758
9.105 -0.107657
9.106 -0.10439
9.107 -0.0989825
9.108 -0.0914562
9.109 -0.081834
9.11 -0.070139
9.111 -0.0563928
9.112 -0.0406131
9.113 -0.0228159
9.114 -0.00301784
9.115 0.0187638
9.116 0.0425112
9.117 0.0682058
9.118 0.0958284
9.119 0.125359
9.12 0.156778
9.121 0.190068
9.122 0.225215
9.123 0.262209
9.124 0.301039
9.125 0.341693
9.126 0.384161
9.127 0.428428
9.128 0.474482
9.129 0.522308
9.13 0.571892
9.131 0.623221
9.132 0.676284
9.133 0.731074
9.134 0.78758
9.135 0.845793
9.136 0.905703
9.137 0.967298
9.138 1.03057
9.139 1.0955
9.14 1.16208
9.141 1.2303
9.142 1.30013
9.143 1.37157
9.144 1.44458
9.145 1.51916
9.146 1.59528
9.147 1.67292
9.148 1.75205
9.149 1.83267
9.15 1.91474
9.151 1.99824
9.152 2.08314
9.153 2.16941
9.154 2.257
9.155 2.34588
9.156 2.43601
9.157 2.52736
9.158 2.61989
9.159 2.71357
9.16 2.80834
9.161 2.90418
9.162 3.00103
9.163 3.09885
9.164 3.19758
9.165 3.29718
9.166 3.39758
9.167 3.49875
9.168 3.60062
9.169 3.70315
9.17 3.80628
9.171 3.90997
9.172 4.01415
9.173 4.11876
9.174 4.22375
9.175 4.32904
9.176 4.4346
9.177 4.54034
9.178 4.64622
9.179 4.75218
9.18 4.85815
9.181 4.96407
9.182 5.0699
9.183 5.17556
9.184 5.28099
9.185 5.38613
9.186 5.49093
9.187 5.59533
9.188 5.69926
9.189 5.80267
9.19 5.9055
9.191 6.00769
9.192 6.1092
9.193 6.20996
9.194 6.30992
9.195 6.40904
9.196 6.50726
9.197 6.60453
9.198 6.70081
9.199 6.79604
9.2 6.89017
9.201 6.98317
9.202 7.07499
9.203 7.16559
9.204 7.25493
9.205 7.34297
9.206 7.42968
9.207 7.51503
9.208 7.59896
9.209 7.68146
9.21 7.76249
9.211 7.84201
9.212 7.92
9.213 7.99644
9.214 8.07131
9.215 8.14458
9.216 8.21623
9.217 8.28624
9.218 8.3546
9.219 8.42128
9.22 8.48627
9.221 8.54955
9.222 8.61111
9.223 8.67095
9.224 8.72906
9.225 8.78543
9.226 8.84007
9.227 8.89296
9.228 8.94411
9.229 8.99351
9.23 9.04116
9.231 9.08706
9.232 9.13121
9.233 9.17362
9.234 9.21429
9.235 9.25322
9.236 9.29041
9.237 9.32589
9.238 9.35964
9.239 9.39168
9.24 9.42202
9.241 9.45065
9.242 9.4776
9.243 9.50286
9.244 9.52645
9.245 9.54838
9.246 9.56865
9.247 9.58728
9.248 9.60428
9.249 9.61966
9.25 9.63343
9.251 9.6456
9.252 9.65618
9.253 9.66517
9.254 9.6726
9.255 9.67846
9.256 9.68276
9.257 9.68552
9.258 9.68674
9.259 9.68643
9.26 9.68461
9.261 9.68128
9.262 9.67645
9.263 9.67014
9.264 9.66234
9.265 9.65307
9.266 9.64233
9.267 9.63013
9.268 9.61649
9.269 9.60141
9.27 9.5849
9.271 9.56697
9.272 9.54763
9.273 9.52689
9.274 9.50475
9.275 9.48123
9.276 9.45633
9.277 9.43006
9.278 9.40244
9.279 9.37346
9.28 9.34315
9.281 9.31151
9.282 9.27856
9.283 9.24429
9.284 9.20874
9.285 9.17189
9.286 9.13378
9.287 9.09441
9.288 9.05379
9.289 9.01193
9.29 8.96886
9.291 8.92457
9.292 8.8791
9.293 8.83245
9.294 8.78465
9.295 8.7357
9.296 8.68564
9.297 8.63447
9.298 8.58223
9.299 8.52892
9.3 8.47456
9.301 8.41919
9.302 8.36281
9.303 8.30546
9.304 8.24715
9.305 8.18791
9.306 8.12776
9.307 8.06674
9.308 8.00486
9.309 7.94214
9.31 7.87863
9.311 7.81433
9.312 7.74928
9.313 7.68352
9.314 7.61707
9.315 7.54997
9.316 7.48225
9.317 7.41393
9.318 7.34506
9.319 7.27566
9.32 7.20577
9.321 7.13542
9.322 7.06465
9.323 6.99349
9.324 6.92197
9.325 6.85014
9.326 6.77803
9.327 6.70567
9.328 6.6331
9.329 6.56036
9.33 6.48748
9.331 6.41449
9.332 6.34144
9.333 6.26837
9.334 6.19532
9.335 6.12233
9.336 6.04944
9.337 5.97668
9.338 5.90411
9.339 5.83175
9.34 5.75964
9.341 5.68784
9.342 5.61637
9.343 5.5453
9.344 5.47466
9.345 5.4045
9.346 5.33487
9.347 5.26582
9.348 5.19738
9.349 5.1296
9.35 5.06253
9.351 4.99621
9.352 4.93069
9.353 4.86601
9.354 4.80222
9.355 4.73936
9.356 4.67748
9.357 4.61662
9.358 4.55683
9.359 4.49814
9.36 4.4406
9.361 4.38426
9.362 4.32913
9.363 4.27526
9.364 4.22267
9.365 4.1714
9.366 4.12147
9.367 4.07292
9.368 4.02576
9.369 3.98003
9.37 3.93576
9.371 3.89296
9.372 3.85166
9.373 3.81186
9.374 3.77359
9.375 3.73685
9.376 3.70165
9.377 3.668
9.378 3.63592
9.379 3.60541
9.38 3.57649
9.381 3.54915
9.382 3.5234
9.383 3.49924
9.384 3.47665
9.385 3.45563
9.386 3.43619
9.387 3.4183
9.388 3.40196
9.389 3.38717
9.39 3.37392
9.391 3.3622
9.392 3.35199
9.393 3.34327
9.394 3.33603
9.395 3.33025
9.396 3.32591
9.397 3.323
9.398 3.32148
9.399 3.32135
9.4 3.32259
9.401 3.32517
9.402 3.32907
9.403 3.33426
9.404 3.34071
9.405 3.34841
9.406 3.35732
9.407 3.36742
9.408 3.37867
9.409 3.39106
9.41 3.40456
9.411 3.41913
9.412 3.43475
9.413 3.45138
9.414 3.46902
9.415 3.48761
9.416 3.50715
9.417 3.52759
9.418 3.5489
9.419 3.57107
9.42 3.59406
9.421 3.61784
9.422 3.64238
9.423 3.66767
9.424 3.69366
9.425 3.72035
9.426 3.7477
9.427 3.77569
9.428 3.80429
9.429 3.83347
9.43 3.86321
9.431 3.89348
9.432 3.92427
9.433 3.95554
9.434 3.98728
9.435 4.01946
9.436 4.05207
9.437 4.08508
9.438 4.11846
9.439 4.1522
9.44 4.18627
9.441 4.22066
9.442 4.25534
9.443 4.29029
9.444 4.32552
9.445 4.36099
9.446 4.3967
9.447 4.43262
9.448 4.46875
9.449 4.50507
9.45 4.54155
9.451 4.5782
9.452 4.61499
9.453 4.65191
9.454 4.68895
9.455 4.7261
9.456 4.76334
9.457 4.80067
9.458 4.83808
9.459 4.87554
9.46 4.91305
9.461 4.9506
9.462 4.98817
9.463 5.02575
9.464 5.06333
9.465 5.10089
9.466 5.13842
9.467 5.17591
9.468 5.21334
9.469 5.2507
9.47 5.28798
9.471 5.32517
9.472 5.36224
9.473 5.39918
9.474 5.43597
9.475 5.47259
9.476 5.50903
9.477 5.54527
9.478 5.58129
9.479 5.61707
9.48 5.65259
9.481 5.68785
9.482 5.72281
9.483 5.75746
9.484 5.79178
9.485 5.82574
9.486 5.85933
9.487 5.89253
9.488 5.92531
9.489 5.95766
9.49 5.98956
9.491 6.02099
9.492 6.05191
9.493 6.08232
9.494 6.11217
9.495 6.14145
9.496 6.17012
9.497 6.19818
9.498 6.22558
9.499 6.2523
9.5 6.27832
9.501 6.30362
9.502 6.32818
9.503 6.35196
9.504 6.37495
9.505 6.39712
9.506 6.41845
9.507 6.43893
9.508 6.45852
9.509 6.47721
9.51 6.49498
9.511 6.5118
9.512 6.52766
9.513 6.54253
9.514 6.5564
9.515 6.56924
9.516 6.58104
9.517 6.59178
9.518 6.60143
9.519 6.60999
9.52 6.61743
9.521 6.62373
9.522 6.62889
9.523 6.63288
9.524 6.63568
9.525 6.63729
9.526 6.63769
9.527 6.63687
9.528 6.6348
9.529 6.63148
9.53 6.6269
9.531 6.62105
9.532 6.61391
9.533 6.60547
9.534 6.59572
9.535 6.58465
9.536 6.57226
9.537 6.55852
9.538 6.54345
9.539 6.52702
9.54 6.50924
9.541 6.49009
9.542 6.46957
9.543 6.44768
9.544 6.42442
9.545 6.39977
9.546 6.37374
9.547 6.34633
9.548 6.31753
9.549 6.28734
9.55 6.25577
9.551 6.22282
9.552 6.18848
9.553 6.15277
9.554 6.11569
9.555 6.07725
9.556 6.03745
9.557 5.9963
9.558 5.95382
9.559 5.91
9.56 5.86486
9.561 5.8184
9.562 5.77065
9.563 5.72163
9.564 5.67134
9.565 5.6198
9.566 5.56705
9.567 5.51308
9.568 5.45793
9.569 5.40162
9.57 5.34415
9.571 5.28557
9.572 5.22588
9.573 5.16512
9.574 5.10332
9.575 5.0405
9.576 4.97668
9.577 4.91191
9.578 4.8462
9.579 4.77959
9.58 4.7121
9.581 4.64377
9.582 4.57462
9.583 4.50469
9.584 4.43401
9.585 4.36262
9.586 4.29054
9.587 4.21781
9.588 4.14447
9.589 4.07054
9.59 3.99605
9.591 3.92105
9.592 3.84557
9.593 3.76963
9.594 3.69328
9.595 3.61653
9.596 3.53943
9.597 3.462
9.598 3.38428
9.599 3.30629
9.6 3.22808
9.601 3.14967
9.602 3.07108
9.603 2.99235
9.604 2.9135
9.605 2.83456
9.606 2.75554
9.607 2.67648
9.608 2.5974
9.609 2.51833
9.61 2.43928
9.611 2.36029
9.612 2.28137
9.613 2.20253
9.614 2.12381
9.615 2.04521
9.616 1.96675
9.617 1.88845
9.618 1.81032
9.619 1.73239
9.62 1.65466
9.621 1.57715
9.622 1.49988
9.623 1.42286
9.624 1.3461
9.625 1.26961
9.626 1.19341
9.627 1.11751
9.628 1.04192
9.629 0.966643
9.63 0.891702
9.631 0.817103
9.632 0.742858
9.633 0.668979
9.634 0.595478
9.635 0.522365
9.636 0.449652
9.637 0.37735
9.638 0.30547
9.639 0.23402
9.64 0.163012
9.641 0.0924578
9.642 0.0223743
9.643 -0.0472182
9.644 -0.1163
9.645 -0.184852
9.646 -0.252855
9.647 -0.32029
9.648 -0.387139
9.649 -0.453384
9.65 -0.519007
9.651 -0.583986
9.652 -0.648294
9.653 -0.711901
9.654 -0.774775
9.655 -0.836888
9.656 -0.898209
9.657 -0.958709
9.658 -1.01836
9.659 -1.07713
9.66 -1.135
9.661 -1.19192
9.662 -1.24787
9.663 -1.30281
9.664 -1.35668
9.665 -1.40946
9.666 -1.4611
9.667 -1.51156
9.668 -1.5608
9.669 -1.60879
9.67 -1.65548
9.671 -1.70084
9.672 -1.74483
9.673 -1.78741
9.674 -1.82854
9.675 -1.86817
9.676 -1.90628
9.677 -1.94282
9.678 -1.97776
9.679 -2.01106
9.68 -2.04268
9.681 -2.07259
9.682 -2.10077
9.683 -2.12717
9.684 -2.15178
9.685 -2.17456
9.686 -2.1955
9.687 -2.21456
9.688 -2.23173
9.689 -2.24697
9.69 -2.26026
9.691 -2.27159
9.692 -2.28094
9.693 -2.2883
9.694 -2.29368
9.695 -2.29706
9.696 -2.29844
9.697 -2.29779
9.698 -2.29514
9.699 -2.29047
9.7 -2.28378
9.701 -2.27508
9.702 -2.26438
9.703 -2.25169
9.704 -2.23703
9.705 -2.22041
9.706 -2.20184
9.707 -2.18135
9.708 -2.15896
9.709 -2.13468
9.71 -2.10852
9.711 -2.08052
9.712 -2.0507
9.713 -2.01909
9.714 -1.98572
9.715 -1.95063
9.716 -1.91383
9.717 -1.87538
9.718 -1.8353
9.719 -1.79362
9.72 -1.75038
9.721 -1.70562
9.722 -1.65937
9.723 -1.61165
9.724 -1.56252
9.725 -1.512
9.726 -1.46012
9.727 -1.40694
9.728 -1.35247
9.729 -1.29676
9.73 -1.23985
9.731 -1.18177
9.732 -1.12255
9.733 -1.06221
9.734 -1.00079
9.735 -0.938293
9.736 -0.874761
9.737 -0.810217
9.738 -0.744686
9.739 -0.678196
9.74 -0.610775
9.741 -0.542445
9.742 -0.473225
9.743 -0.403128
9.744 -0.332167
9.745 -0.260357
9.746 -0.187712
9.747 -0.114246
9.748 -0.0399751
9.749 0.0350867
9.75 0.110924
9.751 0.187522
9.752 0.264874
9.753 0.342972
9.754 0.421811
9.755 0.501383
9.756 0.581681
9.757 0.662698
9.758 0.744426
9.759 0.826857
9.76 0.909984
9.761 0.993798
9.762 1.07829
9.763 1.16345
9.764 1.24927
9.765 1.33574
9.766 1.42284
9.767 1.51058
9.768 1.59893
9.769 1.68789
9.77 1.77744
9.771 1.86758
9.772 1.95828
9.773 2.04952
9.774 2.14129
9.775 2.23356
9.776 2.3263
9.777 2.4195
9.778 2.51313
9.779 2.60718
9.78 2.70162
9.781 2.79643
9.782 2.89157
9.783 2.98702
9.784 3.08274
9.785 3.17869
9.786 3.27484
9.787 3.37116
9.788 3.46761
9.789 3.56416
9.79 3.66079
9.791 3.75745
9.792 3.85411
9.793 3.95072
9.794 4.04724
9.795 4.14364
9.796 4.23987
9.797 4.33589
9.798 4.43166
9.799 4.52716
9.8 4.62233
9.801 4.71714
9.802 4.81154
9.803 4.90551
9.804 4.999
9.805 5.09197
9.806 5.18438
9.807 5.2762
9.808 5.3674
9.809 5.45792
9.81 5.54774
9.811 5.63682
9.812 5.72514
9.813 5.81266
9.814 5.89935
9.815 5.98518
9.816 6.07014
9.817 6.15418
9.818 6.23728
9.819 6.31941
9.82 6.40056
9.821 6.48069
9.822 6.55979
9.823 6.63785
9.824 6.71487
9.825 6.79082
9.826 6.8657
9.827 6.93951
9.828 7.01223
9.829 7.08385
9.83 7.15436
9.831 7.22377
9.832 7.29207
9.833 7.35927
9.834 7.42537
9.835 7.49039
9.836 7.55433
9.837 7.61719
9.838 7.67898
9.839 7.73972
9.84 7.79941
9.841 7.85805
9.842 7.91567
9.843 7.97229
9.844 8.02791
9.845 8.08255
9.846 8.13624
9.847 8.18899
9.848 8.24081
9.849 8.29174
9.85 8.34177
9.851 8.39095
9.852 8.43927
9.853 8.48677
9.854 8.53346
9.855 8.57935
9.856 8.62448
9.857 8.66886
9.858 8.7125
9.859 8.75544
9.86 8.79769
9.861 8.83926
9.862 8.88018
9.863 8.92046
9.864 8.96011
9.865 8.99914
9.866 9.03756
9.867 9.0754
9.868 9.11266
9.869 9.14937
9.87 9.18552
9.871 9.22113
9.872 9.25622
9.873 9.29077
9.874 9.3248
9.875 9.3583
9.876 9.39127
9.877 9.42373
9.878 9.45566
9.879 9.48708
9.88 9.51798
9.881 9.54836
9.882 9.57823
9.883 9.60757
9.884 9.63639
9.885 9.66468
9.886 9.69243
9.887 9.71965
9.888 9.74631
9.889 9.77243
9.89 9.798
9.891 9.82301
9.892 9.84745
9.893 9.87133
9.894 9.89461
9.895 9.91731
9.896 9.93942
9.897 9.96091
9.898 9.98179
9.899 10.0021
9.9 10.0217
9.901 10.0407
9.902 10.059
9.903 10.0767
9.904 10.0938
9.905 10.1102
9.906 10.1259
9.907 10.1409
9.908 10.1552
9.909 10.1689
9.91 10.1819
9.911 10.1941
9.912 10.2057
9.913 10.2166
9.914 10.2267
9.915 10.2361
9.916 10.2449
9.917 10.2529
9.918 10.2602
9.919 10.2667
9.92 10.2726
9.921 10.2777
9.922 10.2821
9.923 10.2858
9.924 10.2888
9.925 10.2911
9.926 10.2926
9.927 10.2935
9.928 10.2936
9.929 10.293
9.93 10.2917
9.931 10.2898
9.932 10.2871
9.933 10.2838
9.934 10.2797
9.935 10.275
9.936 10.2697
9.937 10.2637
9.938 10.257
9.939 10.2498
9.94 10.2419
9.941 10.2333
9.942 10.2242
9.943 10.2145
9.944 10.2042
9.945 10.1933
9.946 10.1819
9.947 10.1699
9.948 10.1574
9.949 10.1443
9.95 10.1308
9.951 10.1167
9.952 10.1022
9.953 10.0872
9.954 10.0717
9.955 10.0557
9.956 10.0393
9.957 10.0224
9.958 10.0051
9.959 9.98727
9.96 9.96904
9.961 9.95037
9.962 9.93127
9.963 9.91171
9.964 9.89171
9.965 9.87126
9.966 9.85034
9.967 9.82895
9.968 9.8071
9.969 9.78477
9.97 9.76196
9.971 9.73866
9.972 9.71486
9.973 9.69055
9.974 9.6657
9.975 9.6403
9.976 9.61433
9.977 9.58779
9.978 9.56064
9.979 9.53288
9.98 9.5045
9.981 9.47547
9.982 9.44577
9.983 9.41539
9.984 9.3843
9.985 9.35248
9.986 9.31991
9.987 9.28656
9.988 9.25243
9.989 9.21748
9.99 9.1817
9.991 9.14507
9.992 9.10757
9.993 9.06918
9.994 9.02988
9.995 8.98966
9.996 8.94849
9.997 8.90637
9.998 8.86326
9.999 8.81917
10 8.77406
10.001 8.72793
10.002 8.68076
10.003 8.63253
10.004 8.58325
10.005 8.53289
10.006 8.48145
10.007 8.42891
10.008 8.37527
10.009 8.32052
10.01 8.26464
10.011 8.20762
10.012 8.14948
10.013 8.09019
10.014 8.02976
10.015 7.96819
10.016 7.90547
10.017 7.84161
10.018 7.77661
10.019 7.71045
10.02 7.64315
10.021 7.57471
10.022 7.50513
10.023 7.43442
10.024 7.36261
10.025 7.2897
10.026 7.21569
10.027 7.14062
10.028 7.06448
10.029 6.98729
10.03 6.90907
10.031 6.82983
10.032 6.7496
10.033 6.66839
10.034 6.58624
10.035 6.50317
10.036 6.41921
10.037 6.33438
10.038 6.24871
10.039 6.16222
10.04 6.07495
10.041 5.98692
10.042 5.89815
10.043 5.80868
10.044 5.71854
10.045 5.62775
10.046 5.53636
10.047 5.44438
10.048 5.35185
10.049 5.25879
10.05 5.16524
10.051 5.07122
10.052 4.97676
10.053 4.88187
10.054 4.7866
10.055 4.69095
10.056 4.59495
10.057 4.49863
10.058 4.402
10.059 4.30508
10.06 4.20791
10.061 4.11049
10.062 4.01285
10.063 3.915
10.064 3.81695
10.065 3.71872
10.066 3.62033
10.067 3.52177
10.068 3.42308
10.069 3.32425
10.07 3.22531
10.071 3.12626
10.072 3.02712
10.073 2.92789
10.074 2.82859
10.075 2.72923
10.076 2.6298
10.077 2.53034
10.078 2.43083
10.079 2.3313
10.08 2.23174
10.081 2.13218
10.082 2.03261
10.083 1.93304
10.084 1.83349
10.085 1.73396
10.086 1.63447
10.087 1.53501
10.088 1.43559
10.089 1.33623
10.09 1.23693
10.091 1.1377
10.092 1.03855
10.093 0.939485
10.094 0.840525
10.095 0.741679
10.096 0.642956
10.097 0.544369
10.098 0.445926
10.099 0.347639
10.1 0.249518
10.101 0.151572
10.102 0.0538142
10.103 -0.0437442
10.104 -0.141091
10.105 -0.238215
10.106 -0.335104
10.107 -0.431747
10.108 -0.528133
10.109 -0.624252
10.11 -0.720093
10.111 -0.815647
10.112 -0.910903
10.113 -1.00585
10.114 -1.10049
10.115 -1.1948
10.116 -1.28878
10.117 -1.38243
10.118 -1.47572
10.119 -1.56866
10.12 -1.66124
10.121 -1.75346
10.122 -1.84529
10.123 -1.93676
10.124 -2.02784
10.125 -2.11853
10.126 -2.20883
10.127 -2.29875
10.128 -2.38826
10.129 -2.47738
10.13 -2.56609
10.131 -2.6544
10.132 -2.74231
10.133 -2.82982
10.134 -2.91693
10.135 -3.00364
10.136 -3.08996
10.137 -3.1759
10.138 -3.26145
10.139 -3.34661
10.14 -3.4314
10.141 -3.51582
10.142 -3.59986
10.143 -3.68354
10.144 -3.76685
10.145 -3.84981
10.146 -3.93241
10.147 -4.01466
10.148 -4.09657
10.149 -4.17814
10.15 -4.25937
10.151 -4.34028
10.152 -4.42085
10.153 -4.50108
10.154 -4.58098
10.155 -4.66054
10.156 -4.73977
10.157 -4.81864
10.158 -4.89718
10.159 -4.97537
10.16 -5.05321
10.161 -5.1307
10.162 -5.20783
10.163 -5.28458
10.164 -5.36093
10.165 -5.43688
10.166 -5.51241
10.167 -5.5875
10.168 -5.66214
10.169 -5.73631
10.17 -5.81001
10.171 -5.88321
10.172 -5.9559
10.173 -6.02805
10.174 -6.09963
10.175 -6.17063
10.176 -6.24102
10.177 -6.31078
10.178 -6.37988
10.179 -6.4483
10.18 -6.51603
10.181 -6.58303
10.182 -6.64928
10.183 -6.71474
10.184 -6.77939
10.185 -6.84319
10.186 -6.90611
10.187 -6.96811
10.188 -7.02918
10.189 -7.08928
10.19 -7.14837
10.191 -7.20643
10.192 -7.26341
10.193 -7.31929
10.194 -7.37401
10.195 -7.42755
10.196 -7.47985
10.197 -7.53089
10.198 -7.58062
10.199 -7.62901
10.2 -7.67602
10.201 -7.7216
10.202 -7.76573
10.203 -7.80834
10.204 -7.84941
10.205 -7.88887
10.206 -7.9267
10.207 -7.96285
10.208 -7.99727
10.209 -8.02992
10.21 -8.06076
10.211 -8.08976
10.212 -8.11686
10.213 -8.14202
10.214 -8.16522
10.215 -8.18639
10.216 -8.20552
10.217 -8.22254
10.218 -8.23744
10.219 -8.25016
10.22 -8.26068
10.221 -8.26894
10.222 -8.27492
10.223 -8.27858
10.224 -8.27986
10.225 -8.2787
10.226 -8.27511
10.227 -8.26905
10.228 -8.26048
10.229 -8.24938
10.23 -8.23571
10.231 -8.21944
10.232 -8.20055
10.233 -8.17902
10.234 -8.15482
10.235 -8.12794
10.236 -8.09835
10.237 -8.06604
10.238 -8.03099
10.239 -7.99318
10.24 -7.9526
10.241 -7.90924
10.242 -7.86309
10.243 -7.81416
10.244 -7.76245
10.245 -7.70796
10.246 -7.65071
10.247 -7.59069
10.248 -7.52792
10.249 -7.4624
10.25 -7.39414
10.251 -7.32316
10.252 -7.24947
10.253 -7.17312
10.254 -7.09413
10.255 -7.01252
10.256 -6.92834
10.257 -6.84161
10.258 -6.75236
10.259 -6.66064
10.26 -6.56647
10.261 -6.4699
10.262 -6.37097
10.263 -6.26973
10.264 -6.16623
10.265 -6.06051
10.266 -5.95263
10.267 -5.84264
10.268 -5.7306
10.269 -5.61654
10.27 -5.50054
10.271 -5.38264
10.272 -5.26289
10.273 -5.14135
10.274 -5.01807
10.275 -4.89309
10.276 -4.76648
10.277 -4.63829
10.278 -4.50857
10.279 -4.37737
10.28 -4.24475
10.281 -4.11077
10.282 -3.97546
10.283 -3.83888
10.284 -3.70106
10.285 -3.56205
10.286 -3.42189
10.287 -3.28063
10.288 -3.13831
10.289 -2.99497
10.29 -2.85066
10.291 -2.70542
10.292 -2.55928
10.293 -2.41226
10.294 -2.26441
10.295 -2.11575
10.296 -1.96631
10.297 -1.81612
10.298 -1.6652
10.299 -1.51359
10.3 -1.36131
10.301 -1.20839
10.302 -1.05484
10.303 -0.900694
10.304 -0.745966
10.305 -0.590675
10.306 -0.43484
10.307 -0.278478
10.308 -0.121607
10.309 0.0357567
10.31 0.193596
10.311 0.351895
10.312 0.510636
10.313 0.669798
10.314 0.829365
10.315 0.989319
10.316 1.14964
10.317 1.31032
10.318 1.47133
10.319 1.63266
10.32 1.79429
10.321 1.95621
10.322 2.11838
10.323 2.28079
10.324 2.4434
10.325 2.60618
10.326 2.76911
10.327 2.93216
10.328 3.09531
10.329 3.25852
10.33 3.42177
10.331 3.58503
10.332 3.74826
10.333 3.91141
10.334 4.07444
10.335 4.23731
10.336 4.39996
10.337 4.56236
10.338 4.72446
10.339 4.88621
10.34 5.04759
10.341 5.20852
10.342 5.36898
10.343 5.5289
10.344 5.68822
10.345 5.84688
10.346 6.00485
10.347 6.16205
10.348 6.31844
10.349 6.47397
10.35 6.62857
10.351 6.78221
10.352 6.93482
10.353 7.08636
10.354 7.23677
10.355 7.386
10.356 7.534
10.357 7.68073
10.358 7.82614
10.359 7.97017
10.36 8.11278
10.361 8.25392
10.362 8.39355
10.363 8.53165
10.364 8.66816
10.365 8.80306
10.366 8.93631
10.367 9.06788
10.368 9.19774
10.369 9.32584
10.37 9.45216
10.371 9.57667
10.372 9.69934
10.373 9.82017
10.374 9.93913
10.375 10.0562
10.376 10.1714
10.377 10.2847
10.378 10.396
10.379 10.5054
10.38 10.6128
10.381 10.7183
10.382 10.8218
10.383 10.9234
10.384 11.023
10.385 11.1206
10.386 11.2163
10.387 11.31
10.388 11.4017
10.389 11.4916
10.39 11.5794
10.391 11.6654
10.392 11.7494
10.393 11.8315
10.394 11.9118
10.395 11.9901
10.396 12.0666
10.397 12.1413
10.398 12.2141
10.399 12.2851
10.4 12.3544
10.401 12.4218
10.402 12.4876
10.403 12.5515
10.404 12.6138
10.405 12.6743
10.406 12.7332
10.407 12.7904
10.408 12.8459
10.409 12.8998
10.41 12.9521
10.411 13.0028
10.412 13.0518
10.413 13.0994
10.414 13.1453
10.415 13.1897
10.416 13.2326
10.417 13.2739
10.418 13.3137
10.419 13.352
10.42 13.3887
10.421 13.424
10.422 13.4579
10.423 13.4902
10.424 13.5211
10.425 13.5505
10.426 13.5784
10.427 13.6049
10.428 13.6299
10.429 13.6534
10.43 13.6756
10.431 13.6962
10.432 13.7154
10.433 13.7332
10.434 13.7496
10.435 13.7645
10.436 13.7779
10.437 13.79
10.438 13.8006
10.439 13.8098
10.44 13.8176
10.441 13.8239
10.442 13.8289
10.443 13.8324
10.444 13.8346
10.445 13.8353
10.446 13.8347
10.447 13.8327
10.448 13.8293
10.449 13.8246
10.45 13.8185
10.451 13.8111
10.452 13.8024
10.453 13.7924
10.454 13.781
10.455 13.7684
10.456 13.7545
10.457 13.7394
10.458 13.723
10.459 13.7054
10.46 13.6866
10.461 13.6666
10.462 13.6455
10.463 13.6232
10.464 13.5997
10.465 13.5752
10.466 13.5495
10.467 13.5228
10.468 13.4951
10.469 13.4664
10.47 13.4366
10.471 13.4059
10.472 13.3743
10.473 13.3417
10.474 13.3083
10.475 13.274
10.476 13.239
10.477 13.2031
10.478 13.1665
10.479 13.1291
10.48 13.091
10.481 13.0523
10.482 13.013
10.483 12.973
10.484 12.9325
10.485 12.8914
10.486 12.8499
10.487 12.8078
10.488 12.7654
10.489 12.7225
10.49 12.6792
10.491 12.6356
10.492 12.5917
10.493 12.5475
10.494 12.503
10.495 12.4583
10.496 12.4135
10.497 12.3684
10.498 12.3232
10.499 12.2779
10.5 12.2325
10.501 12.1871
10.502 12.1416
10.503 12.0961
10.504 12.0506
10.505 12.0051
10.506 11.9596
10.507 11.9142
10.508 11.8689
10.509 11.8236
10.51 11.7784
10.511 11.7334
10.512 11.6884
10.513 11.6436
10.514 11.5989
10.515 11.5543
10.516 11.5098
10.517 11.4655
10.518 11.4213
10.519 11.3773
10.52 11.3334
10.521 11.2896
10.522 11.246
10.523 11.2025
10.524 11.1591
10.525 11.1158
10.526 11.0726
10.527 11.0294
10.528 10.9864
10.529 10.9433
10.53 10.9003
10.531 10.8573
10.532 10.8144
10.533 10.7714
10.534 10.7283
10.535 10.6852
10.536 10.642
10.537 10.5987
10.538 10.5552
10.539 10.5116
10.54 10.4678
10.541 10.4238
10.542 10.3796
10.543 10.3351
10.544 10.2903
10.545 10.2453
10.546 10.1998
10.547 10.154
10.548 10.1079
10.549 10.0613
10.55 10.0142
10.551 9.96668
10.552 9.91866
10.553 9.87013
10.554 9.82108
10.555 9.77148
10.556 9.72132
10.557 9.67058
10.558 9.61924
10.559 9.56729
10.56 9.51471
10.561 9.46149
10.562 9.40762
10.563 9.35311
10.564 9.29797
10.565 9.24219
10.566 9.18579
10.567 9.12876
10.568 9.07111
10.569 9.01285
10.57 8.95397
10.571 8.89449
10.572 8.83442
10.573 8.7738
10.574 8.71265
10.575 8.65098
10.576 8.58883
10.577 8.52622
10.578 8.46317
10.579 8.39971
10.58 8.33587
10.581 8.27166
10.582 8.20713
10.583 8.14232
10.584 8.07725
10.585 8.01198
10.586 7.94653
10.587 7.88095
10.588 7.81527
10.589 7.74953
10.59 7.68377
10.591 7.61802
10.592 7.55232
10.593 7.48672
10.594 7.42125
10.595 7.35595
10.596 7.29087
10.597 7.22605
10.598 7.16151
10.599 7.0973
10.6 7.03346
10.601 6.97003
10.602 6.90704
10.603 6.84453
10.604 6.78253
10.605 6.72107
10.606 6.66019
10.607 6.59993
10.608 6.54031
10.609 6.48138
10.61 6.42315
10.611 6.36567
10.612 6.30895
10.613 6.25303
10.614 6.19793
10.615 6.14366
10.616 6.09025
10.617 6.03773
10.618 5.98612
10.619 5.93543
10.62 5.8857
10.621 5.83693
10.622 5.78914
10.623 5.74235
10.624 5.69655
10.625 5.65177
10.626 5.608
10.627 5.56526
10.628 5.52356
10.629 5.4829
10.63 5.4433
10.631 5.40475
10.632 5.36726
10.633 5.33084
10.634 5.29547
10.635 5.26116
10.636 5.22792
10.637 5.19573
10.638 5.16459
10.639 5.13452
10.64 5.10549
10.641 5.07751
10.642 5.05059
10.643 5.0247
10.644 4.99984
10.645 4.97602
10.646 4.95322
10.647 4.93143
10.648 4.91065
10.649 4.89088
10.65 4.8721
10.651 4.8543
10.652 4.83749
10.653 4.82166
10.654 4.8068
10.655 4.79292
10.656 4.77999
10.657 4.76803
10.658 4.75701
10.659 4.74695
10.66 4.73782
10.661 4.72963
10.662 4.72238
10.663 4.71605
10.664 4.71065
10.665 4.70618
10.666 4.70264
10.667 4.70001
10.668 4.69831
10.669 4.69752
10.67 4.69764
10.671 4.69868
10.672 4.70062
10.673 4.70347
10.674 4.70723
10.675 4.71189
10.676 4.71746
10.677 4.72392
10.678 4.73129
10.679 4.73956
10.68 4.74873
10.681 4.75879
10.682 4.76974
10.683 4.78159
10.684 4.79434
10.685 4.80798
10.686 4.82251
10.687 4.83794
10.688 4.85427
10.689 4.87149
10.69 4.8896
10.691 4.9086
10.692 4.92849
10.693 4.94928
10.694 4.97097
10.695 4.99356
10.696 5.01705
10.697 5.04145
10.698 5.06675
10.699 5.09296
10.7 5.12008
10.701 5.14811
10.702 5.17704
10.703 5.20688
10.704 5.23762
10.705 5.26927
10.706 5.30181
10.707 5.33526
10.708 5.36959
10.709 5.40482
10.71 5.44094
10.711 5.47794
10.712 5.51581
10.713 5.55456
10.714 5.59417
10.715 5.63463
10.716 5.67594
10.717 5.71809
10.718 5.76107
10.719 5.80488
10.72 5.84949
10.721 5.89491
10.722 5.94111
10.723 5.98809
10.724 6.03581
10.725 6.08428
10.726 6.13347
10.727 6.18336
10.728 6.23393
10.729 6.28517
10.73 6.33706
10.731 6.38959
10.732 6.44271
10.733 6.49642
10.734 6.55069
10.735 6.60548
10.736 6.66078
10.737 6.71655
10.738 6.77278
10.739 6.82944
10.74 6.88649
10.741 6.94392
10.742 7.00169
10.743 7.05978
10.744 7.11814
10.745 7.17676
10.746 7.2356
10.747 7.29463
10.748 7.35382
10.749 7.41314
10.75 7.47255
10.751 7.53204
10.752 7.59156
10.753 7.65108
10.754 7.71059
10.755 7.77003
10.756 7.8294
10.757 7.88865
10.758 7.94775
10.759 8.00668
10.76 8.0654
10.761 8.12389
10.762 8.18212
10.763 8.24007
10.764 8.2977
10.765 8.355
10.766 8.41194
10.767 8.4685
10.768 8.52465
10.769 8.58036
10.77 8.63562
10.771 8.69041
10.772 8.7447
10.773 8.79849
10.774 8.85177
10.775 8.90452
10.776 8.95673
10.777 9.00838
10.778 9.05948
10.779 9.11001
10.78 9.15996
10.781 9.20932
10.782 9.25808
10.783 9.30626
10.784 9.35384
10.785 9.40082
10.786 9.44721
10.787 9.493
10.788 9.5382
10.789 9.58281
10.79 9.62682
10.791 9.67024
10.792 9.71307
10.793 9.75532
10.794 9.79699
10.795 9.83808
10.796 9.8786
10.797 9.91855
10.798 9.95794
10.799 9.99678
10.8 10.0351
10.801 10.0728
10.802 10.11
10.803 10.1466
10.804 10.1827
10.805 10.2183
10.806 10.2534
10.807 10.2879
10.808 10.3219
10.809 10.3554
10.81 10.3883
10.811 10.4208
10.812 10.4527
10.813 10.4842
10.814 10.5151
10.815 10.5454
10.816 10.5753
10.817 10.6046
10.818 10.6333
10.819 10.6616
10.82 10.6892
10.821 10.7163
10.822 10.7429
10.823 10.7689
10.824 10.7943
10.825 10.8192
10.826 10.8435
10.827 10.8671
10.828 10.8902
10.829 10.9127
10.83 10.9345
10.831 10.9557
10.832 10.9764
10.833 10.9963
10.834 11.0157
10.835 11.0344
10.836 11.0525
10.837 11.0699
10.838 11.0867
10.839 11.1028
10.84 11.1182
10.841 11.133
10.842 11.1471
10.843 11.1606
10.844 11.1734
10.845 11.1856
10.846 11.1971
10.847 11.2079
10.848 11.2181
10.849 11.2276
10.85 11.2366
10.851 11.2448
10.852 11.2525
10.853 11.2595
10.854 11.2659
10.855 11.2718
10.856 11.277
10.857 11.2817
10.858 11.2859
10.859 11.2895
10.86 11.2926
10.861 11.2952
10.862 11.2973
10.863 11.2989
10.864 11.3001
10.865 11.3009
10.866 11.3013
10.867 11.3013
10.868 11.3009
10.869 11.3002
10.87 11.2992
10.871 11.2979
10.872 11.2964
10.873 11.2946
10.874 11.2926
10.875 11.2904
10.876 11.288
10.877 11.2855
10.878 11.2829
10.879 11.2803
10.88 11.2775
10.881 11.2748
10.882 11.272
10.883 11.2693
10.884 11.2666
10.885 11.264
10.886 11.2614
10.887 11.259
10.888 11.2568
10.889 11.2547
10.89 11.2528
10.891 11.2511
10.892 11.2496
10.893 11.2484
10.894 11.2474
10.895 11.2468
10.896 11.2464
10.897 11.2464
10.898 11.2466
10.899 11.2473
10.9 11.2483
10.901 11.2497
10.902 11.2514
10.903 11.2536
10.904 11.2562
10.905 11.2592
10.906 11.2626
10.907 11.2665
10.908 11.2707
10.909 11.2755
10.91 11.2806
10.911 11.2863
10.912 11.2924
10.913 11.2989
10.914 11.306
10.915 11.3135
10.916 11.3215
10.917 11.3299
10.918 11.3389
10.919 11.3483
10.92 11.3583
10.921 11.3687
10.922 11.3797
10.923 11.3911
10.924 11.4031
10.925 11.4156
10.926 11.4286
10.927 11.4421
10.928 11.4562
10.929 11.4707
10.93 11.4858
10.931 11.5015
10.932 11.5176
10.933 11.5344
10.934 11.5516
10.935 11.5695
10.936 11.5878
10.937 11.6068
10.938 11.6263
10.939 11.6464
10.94 11.6671
10.941 11.6883
10.942 11.7102
10.943 11.7326
10.944 11.7556
10.945 11.7793
10.946 11.8035
10.947 11.8283
10.948 11.8538
10.949 11.8799
10.95 11.9066
10.951 11.9339
10.952 11.9619
10.953 11.9904
10.954 12.0196
10.955 12.0495
10.956 12.0799
10.957 12.111
10.958 12.1427
10.959 12.175
10.96 12.208
10.961 12.2415
10.962 12.2757
10.963 12.3105
10.964 12.3458
10.965 12.3817
10.966 12.4182
10.967 12.4553
10.968 12.4929
10.969 12.531
10.97 12.5697
10.971 12.6088
10.972 12.6485
10.973 12.6886
10.974 12.7292
10.975 12.7702
10.976 12.8116
10.977 12.8533
10.978 12.8955
10.979 12.938
10.98 12.9808
10.981 13.0239
10.982 13.0673
10.983 13.1109
10.984 13.1547
10.985 13.1988
10.986 13.243
10.987 13.2874
10.988 13.3318
10.989 13.3764
10.99 13.421
10.991 13.4657
10.992 13.5104
10.993 13.5551
10.994 13.5997
10.995 13.6442
10.996 13.6887
10.997 13.733
10.998 13.7772
10.999 13.8212
11 13.8649
11.001 13.9085
11.002 13.9517
11.003 13.9947
11.004 14.0374
11.005 14.0797
11.006 14.1217
11.007 14.1633
11.008 14.2045
11.009 14.2453
11.01 14.2857
11.011 14.3255
11.012 14.3649
11.013 14.4038
11.014 14.4421
11.015 14.4799
11.016 14.5172
11.017 14.5539
11.018 14.59
11.019 14.6256
11.02 14.6605
11.021 14.6948
11.022 14.7285
11.023 14.7616
11.024 14.794
11.025 14.8257
11.026 14.8568
11.027 14.8872
11.028 14.917
11.029 14.946
11.03 14.9744
11.031 15.002
11.032 15.0289
11.033 15.0552
11.034 15.0807
11.035 15.1055
11.036 15.1296
11.037 15.153
11.038 15.1757
11.039 15.1976
11.04 15.2189
11.041 15.2394
11.042 15.2593
11.043 15.2784
11.044 15.2968
11.045 15.3145
11.046 15.3315
11.047 15.3477
11.048 15.3633
11.049 15.3782
11.05 15.3924
11.051 15.4058
11.052 15.4186
11.053 15.4307
11.054 15.442
11.055 15.4527
11.056 15.4627
11.057 15.472
11.058 15.4806
11.059 15.4886
11.06 15.4958
11.061 15.5024
11.062 15.5083
11.063 15.5135
11.064 15.5181
11.065 15.522
11.066 15.5252
11.067 15.5278
11.068 15.5297
11.069 15.5309
11.07 15.5315
11.071 15.5314
11.072 15.5307
11.073 15.5293
11.074 15.5273
11.075 15.5247
11.076 15.5213
11.077 15.5174
11.078 15.5127
11.079 15.5074
11.08 15.5015
11.081 15.4949
11.082 15.4877
11.083 15.4798
11.084 15.4712
11.085 15.462
11.086 15.4521
11.087 15.4416
11.088 15.4304
11.089 15.4185
11.09 15.406
11.091 15.3928
11.092 15.379
11.093 15.3645
11.094 15.3494
11.095 15.3335
11.096 15.3171
11.097 15.3
11.098 15.2822
11.099 15.2638
11.1 15.2447
11.101 15.225
11.102 15.2046
11.103 15.1836
11.104 15.162
11.105 15.1397
11.106 15.1168
11.107 15.0933
11.108 15.0692
11.109 15.0445
11.11 15.0192
11.111 14.9933
11.112 14.9668
11.113 14.9398
11.114 14.9122
11.115 14.884
11.116 14.8553
11.117 14.8261
11.118 14.7963
11.119 14.766
11.12 14.7352
11.121 14.7039
11.122 14.6721
11.123 14.6399
11.124 14.6071
11.125 14.5739
11.126 14.5402
11.127 14.5061
11.128 14.4715
11.129 14.4364
11.13 14.401
11.131 14.3651
11.132 14.3287
11.133 14.292
11.134 14.2548
11.135 14.2172
11.136 14.1792
11.137 14.1408
11.138 14.1019
11.139 14.0627
11.14 14.023
11.141 13.9829
11.142 13.9425
11.143 13.9016
11.144 13.8603
11.145 13.8186
11.146 13.7765
11.147 13.7339
11.148 13.6909
11.149 13.6475
11.15 13.6037
11.151 13.5595
11.152 13.5148
11.153 13.4697
11.154 13.4241
11.155 13.3781
11.156 13.3316
11.157 13.2847
11.158 13.2373
11.159 13.1894
11.16 13.141
11.161 13.0922
11.162 13.0428
11.163 12.993
11.164 12.9427
11.165 12.8918
11.166 12.8405
11.167 12.7886
11.168 12.7362
11.169 12.6832
11.17 12.6297
11.171 12.5757
11.172 12.5211
11.173 12.466
11.174 12.4103
11.175 12.354
11.176 12.2972
11.177 12.2399
11.178 12.1819
11.179 12.1234
11.18 12.0644
11.181 12.0047
11.182 11.9446
11.183 11.8838
11.184 11.8225
11.185 11.7606
11.186 11.6982
11.187 11.6353
11.188 11.5718
11.189 11.5078
11.19 11.4433
11.191 11.3783
11.192 11.3127
11.193 11.2467
11.194 11.1802
11.195 11.1132
11.196 11.0457
11.197 10.9778
11.198 10.9094
11.199 10.8406
11.2 10.7714
11.201 10.7017
11.202 10.6317
11.203 10.5613
11.204 10.4905
11.205 10.4193
11.206 10.3478
11.207 10.2759
11.208 10.2038
11.209 10.1313
11.21 10.0585
11.211 9.98537
11.212 9.91201
11.213 9.83838
11.214 9.76451
11.215 9.6904
11.216 9.61607
11.217 9.54154
11.218 9.46681
11.219 9.3919
11.22 9.31682
11.221 9.24159
11.222 9.16622
11.223 9.09072
11.224 9.01512
11.225 8.93942
11.226 8.86364
11.227 8.7878
11.228 8.71191
11.229 8.63598
11.23 8.56002
11.231 8.48406
11.232 8.4081
11.233 8.33216
11.234 8.25626
11.235 8.18041
11.236 8.10462
11.237 8.02891
11.238 7.95329
11.239 7.87778
11.24 7.80238
11.241 7.72712
11.242 7.652
11.243 7.57704
11.244 7.50226
11.245 7.42766
11.246 7.35327
11.247 7.27909
11.248 7.20514
11.249 7.13144
11.25 7.05799
11.251 6.9848
11.252 6.9119
11.253 6.83928
11.254 6.76697
11.255 6.69497
11.256 6.62329
11.257 6.55194
11.258 6.48094
11.259 6.41029
11.26 6.34001
11.261 6.2701
11.262 6.20057
11.263 6.13144
11.264 6.06271
11.265 5.9944
11.266 5.92651
11.267 5.85906
11.268 5.79206
11.269 5.72551
11.27 5.65942
11.271 5.59381
11.272 5.52869
11.273 5.46406
11.274 5.39994
11.275 5.33634
11.276 5.27327
11.277 5.21074
11.278 5.14876
11.279 5.08734
11.28 5.02649
11.281 4.96622
11.282 4.90655
11.283 4.84749
11.284 4.78904
11.285 4.73123
11.286 4.67407
11.287 4.61756
11.288 4.56173
11.289 4.50658
11.29 4.45212
11.291 4.39837
11.292 4.34534
11.293 4.29304
11.294 4.24148
11.295 4.19068
11.296 4.14065
11.297 4.0914
11.298 4.04293
11.299 3.99527
11.3 3.94842
11.301 3.90239
11.302 3.8572
11.303 3.81285
11.304 3.76937
11.305 3.72676
11.306 3.68503
11.307 3.64421
11.308 3.60428
11.309 3.56528
11.31 3.52721
11.311 3.49008
11.312 3.4539
11.313 3.41869
11.314 3.38446
11.315 3.35122
11.316 3.31898
11.317 3.28776
11.318 3.25756
11.319 3.2284
11.32 3.20029
11.321 3.17323
11.322 3.14725
11.323 3.12235
11.324 3.09855
11.325 3.07587
11.326 3.05431
11.327 3.03389
11.328 3.01461
11.329 2.9965
11.33 2.97957
11.331 2.96382
11.332 2.94926
11.333 2.93592
11.334 2.92379
11.335 2.9129
11.336 2.90325
11.337 2.89485
11.338 2.88772
11.339 2.88186
11.34 2.87728
11.341 2.874
11.342 2.87202
11.343 2.87134
11.344 2.87198
11.345 2.87394
11.346 2.87722
11.347 2.88183
11.348 2.88776
11.349 2.89503
11.35 2.90364
11.351 2.91359
11.352 2.92488
11.353 2.9375
11.354 2.95146
11.355 2.96675
11.356 2.98336
11.357 3.00131
11.358 3.02058
11.359 3.04116
11.36 3.06306
11.361 3.08626
11.362 3.11076
11.363 3.13654
11.364 3.16359
11.365 3.1919
11.366 3.22145
11.367 3.25224
11.368 3.28424
11.369 3.31744
11.37 3.35183
11.371 3.38739
11.372 3.42409
11.373 3.46193
11.374 3.50086
11.375 3.54088
11.376 3.58195
11.377 3.62406
11.378 3.66717
11.379 3.71127
11.38 3.75633
11.381 3.80232
11.382 3.84922
11.383 3.89699
11.384 3.94559
11.385 3.99501
11.386 4.04521
11.387 4.09616
11.388 4.14782
11.389 4.20016
11.39 4.25315
11.391 4.30675
11.392 4.36094
11.393 4.41568
11.394 4.47093
11.395 4.52666
11.396 4.58283
11.397 4.63941
11.398 4.69637
11.399 4.75366
11.4 4.81126
11.401 4.86912
11.402 4.92722
11.403 4.98553
11.404 5.04403
11.405 5.10268
11.406 5.16145
11.407 5.22033
11.408 5.27927
11.409 5.33825
11.41 5.39725
11.411 5.45623
11.412 5.51518
11.413 5.57408
11.414 5.6329
11.415 5.69163
11.416 5.75025
11.417 5.80873
11.418 5.86707
11.419 5.92525
11.42 5.98323
11.421 6.04101
11.422 6.09858
11.423 6.15593
11.424 6.21305
11.425 6.26993
11.426 6.32657
11.427 6.38295
11.428 6.43908
11.429 6.49494
11.43 6.55053
11.431 6.60584
11.432 6.66087
11.433 6.71561
11.434 6.77008
11.435 6.82425
11.436 6.87815
11.437 6.93176
11.438 6.98509
11.439 7.03813
11.44 7.09089
11.441 7.14336
11.442 7.19555
11.443 7.24745
11.444 7.29906
11.445 7.35038
11.446 7.4014
11.447 7.45213
11.448 7.50255
11.449 7.55268
11.45 7.60252
11.451 7.65204
11.452 7.70126
11.453 7.75016
11.454 7.79873
11.455 7.84696
11.456 7.89484
11.457 7.94236
11.458 7.98952
11.459 8.0363
11.46 8.0827
11.461 8.1287
11.462 8.1743
11.463 8.21946
11.464 8.26418
11.465 8.30844
11.466 8.35221
11.467 8.39548
11.468 8.43823
11.469 8.48045
11.47 8.52212
11.471 8.56322
11.472 8.60373
11.473 8.64363
11.474 8.68289
11.475 8.72149
11.476 8.7594
11.477 8.79662
11.478 8.83311
11.479 8.86886
11.48 8.90383
11.481 8.93803
11.482 8.97141
11.483 9.00396
11.484 9.03565
11.485 9.06647
11.486 9.09639
11.487 9.1254
11.488 9.15347
11.489 9.18057
11.49 9.20671
11.491 9.23184
11.492 9.25596
11.493 9.27905
11.494 9.3011
11.495 9.32208
11.496 9.34199
11.497 9.36081
11.498 9.37853
11.499 9.39513
11.5 9.41059
11.501 9.42491
11.502 9.43809
11.503 9.45012
11.504 9.46099
11.505 9.4707
11.506 9.47925
11.507 9.48664
11.508 9.49287
11.509 9.49794
11.51 9.50184
11.511 9.50458
11.512 9.50616
11.513 9.5066
11.514 9.5059
11.515 9.50407
11.516 9.50112
11.517 9.49706
11.518 9.49191
11.519 9.48568
11.52 9.47837
11.521 9.47
11.522 9.4606
11.523 9.45017
11.524 9.43874
11.525 9.42634
11.526 9.41297
11.527 9.39867
11.528 9.38346
11.529 9.36735
11.53 9.35037
11.531 9.33255
11.532 9.3139
11.533 9.29445
11.534 9.27423
11.535 9.25327
11.536 9.23159
11.537 9.20921
11.538 9.18617
11.539 9.16249
11.54 9.1382
11.541 9.11332
11.542 9.08788
11.543 9.0619
11.544 9.03542
11.545 9.00844
11.546 8.98101
11.547 8.95314
11.548 8.92486
11.549 8.89619
11.55 8.86717
11.551 8.83782
11.552 8.80815
11.553 8.77818
11.554 8.74793
11.555 8.71743
11.556 8.68669
11.557 8.65572
11.558 8.62455
11.559 8.59319
11.56 8.56167
11.561 8.53
11.562 8.49819
11.563 8.46625
11.564 8.4342
11.565 8.40204
11.566 8.36978
11.567 8.33743
11.568 8.30501
11.569 8.27252
11.57 8.23997
11.571 8.20737
11.572 8.17473
11.573 8.14206
11.574 8.10937
11.575 8.07666
11.576 8.04393
11.577 8.01121
11.578 7.97849
11.579 7.94578
11.58 7.91309
11.581 7.88043
11.582 7.84781
11.583 7.81523
11.584 7.78271
11.585 7.75026
11.586 7.71788
11.587 7.68559
11.588 7.65339
11.589 7.6213
11.59 7.58932
11.591 7.55747
11.592 7.52576
11.593 7.4942
11.594 7.46281
11.595 7.43161
11.596 7.40061
11.597 7.36983
11.598 7.33928
11.599 7.30897
11.6 7.27893
11.601 7.24917
11.602 7.2197
11.603 7.19055
11.604 7.16173
11.605 7.13327
11.606 7.10518
11.607 7.07748
11.608 7.05019
11.609 7.02334
11.61 6.99693
11.611 6.97098
11.612 6.94552
11.613 6.92056
11.614 6.89611
11.615 6.8722
11.616 6.84883
11.617 6.82602
11.618 6.80379
11.619 6.78215
11.62 6.76112
11.621 6.74071
11.622 6.72093
11.623 6.70178
11.624 6.68327
11.625 6.66541
11.626 6.6482
11.627 6.63165
11.628 6.61576
11.629 6.60053
11.63 6.58598
11.631 6.5721
11.632 6.55889
11.633 6.54634
11.634 6.53444
11.635 6.52318
11.636 6.51256
11.637 6.50256
11.638 6.49318
11.639 6.48441
11.64 6.47624
11.641 6.46866
11.642 6.46164
11.643 6.45517
11.644 6.44924
11.645 6.44381
11.646 6.43888
11.647 6.43442
11.648 6.43042
11.649 6.42684
11.65 6.42367
11.651 6.4209
11.652 6.41849
11.653 6.41643
11.654 6.41468
11.655 6.41324
11.656 6.41206
11.657 6.41114
11.658 6.41044
11.659 6.40994
11.66 6.40962
11.661 6.40945
11.662 6.40941
11.663 6.40948
11.664 6.40964
11.665 6.40987
11.666 6.41014
11.667 6.41043
11.668 6.41073
11.669 6.411
11.67 6.41123
11.671 6.41139
11.672 6.41147
11.673 6.41145
11.674 6.41131
11.675 6.41102
11.676 6.41058
11.677 6.40996
11.678 6.40914
11.679 6.4081
11.68 6.40683
11.681 6.4053
11.682 6.40351
11.683 6.40145
11.684 6.39909
11.685 6.39643
11.686 6.39346
11.687 6.39017
11.688 6.38654
11.689 6.38257
11.69 6.37824
11.691 6.37354
11.692 6.36847
11.693 6.36302
11.694 6.35719
11.695 6.35098
11.696 6.34438
11.697 6.33738
11.698 6.32999
11.699 6.3222
11.7 6.31401
11.701 6.30541
11.702 6.29641
11.703 6.287
11.704 6.27717
11.705 6.26694
11.706 6.2563
11.707 6.24524
11.708 6.23377
11.709 6.22189
11.71 6.20959
11.711 6.19688
11.712 6.18376
11.713 6.17021
11.714 6.15624
11.715 6.14184
11.716 6.12701
11.717 6.11174
11.718 6.09604
11.719 6.0799
11.72 6.06333
11.721 6.0463
11.722 6.02883
11.723 6.0109
11.724 5.9925
11.725 5.97364
11.726 5.9543
11.727 5.93447
11.728 5.91416
11.729 5.89335
11.73 5.87204
11.731 5.85023
11.732 5.8279
11.733 5.80506
11.734 5.78169
11.735 5.75779
11.736 5.73335
11.737 5.70837
11.738 5.68285
11.739 5.65677
11.74 5.63013
11.741 5.60293
11.742 5.57517
11.743 5.54685
11.744 5.51796
11.745 5.4885
11.746 5.45848
11.747 5.4279
11.748 5.39675
11.749 5.36504
11.75 5.33276
11.751 5.29992
11.752 5.26654
11.753 5.23261
11.754 5.19815
11.755 5.16317
11.756 5.12769
11.757 5.09171
11.758 5.05524
11.759 5.01831
11.76 4.98092
11.761 4.94308
11.762 4.90482
11.763 4.86614
11.764 4.82708
11.765 4.78766
11.766 4.74788
11.767 4.70778
11.768 4.66736
11.769 4.62667
11.77 4.5857
11.771 4.54449
11.772 4.50305
11.773 4.46141
11.774 4.41959
11.775 4.37761
11.776 4.3355
11.777 4.29328
11.778 4.25096
11.779 4.20858
11.78 4.16616
11.781 4.12371
11.782 4.08125
11.783 4.03882
11.784 3.99641
11.785 3.95407
11.786 3.91179
11.787 3.86961
11.788 3.82754
11.789 3.7856
11.79 3.74381
11.791 3.70219
11.792 3.66074
11.793 3.61948
11.794 3.57842
11.795 3.53757
11.796 3.49693
11.797 3.45653
11.798 3.41637
11.799 3.37645
11.8 3.33679
11.801 3.2974
11.802 3.25828
11.803 3.21942
11.804 3.18085
11.805 3.14255
11.806 3.10453
11.807 3.0668
11.808 3.02934
11.809 2.99218
11.81 2.9553
11.811 2.9187
11.812 2.8824
11.813 2.84638
11.814 2.81064
11.815 2.77519
11.816 2.74002
11.817 2.70512
11.818 2.67051
11.819 2.63617
11.82 2.6021
11.821 2.5683
11.822 2.53477
11.823 2.50152
11.824 2.46855
11.825 2.43586
11.826 2.40344
11.827 2.37131
11.828 2.33947
11.829 2.30791
11.83 2.27664
11.831 2.24566
11.832 2.21498
11.833 2.18461
11.834 2.15456
11.835 2.12482
11.836 2.09543
11.837 2.06637
11.838 2.03766
11.839 2.00931
11.84 1.98132
11.841 1.95371
11.842 1.92649
11.843 1.89967
11.844 1.87327
11.845 1.8473
11.846 1.82178
11.847 1.79672
11.848 1.77213
11.849 1.74804
11.85 1.72445
11.851 1.70138
11.852 1.67883
11.853 1.65684
11.854 1.6354
11.855 1.61453
11.856 1.59424
11.857 1.57455
11.858 1.55547
11.859 1.53701
11.86 1.51918
11.861 1.502
11.862 1.48546
11.863 1.46959
11.864 1.4544
11.865 1.43988
11.866 1.42605
11.867 1.41291
11.868 1.40048
11.869 1.38875
11.87 1.37775
11.871 1.36747
11.872 1.35791
11.873 1.34908
11.874 1.34097
11.875 1.33358
11.876 1.32691
11.877 1.32096
11.878 1.31572
11.879 1.3112
11.88 1.30739
11.881 1.30429
11.882 1.30189
11.883 1.30018
11.884 1.29916
11.885 1.29883
11.886 1.29917
11.887 1.30017
11.888 1.30184
11.889 1.30415
11.89 1.30711
11.891 1.3107
11.892 1.31491
11.893 1.31974
11.894 1.32516
11.895 1.33118
11.896 1.33777
11.897 1.34492
11.898 1.35263
11.899 1.36088
11.9 1.36965
11.901 1.37894
11.902 1.38874
11.903 1.39903
11.904 1.4098
11.905 1.42104
11.906 1.43273
11.907 1.44487
11.908 1.45744
11.909 1.47044
11.91 1.48384
11.911 1.49764
11.912 1.51182
11.913 1.52639
11.914 1.54133
11.915 1.55663
11.916 1.57229
11.917 1.58829
11.918 1.60464
11.919 1.62132
11.92 1.63832
11.921 1.65564
11.922 1.67327
11.923 1.6912
11.924 1.70943
11.925 1.72796
11.926 1.74678
11.927 1.76588
11.928 1.78527
11.929 1.80492
11.93 1.82485
11.931 1.84504
11.932 1.86549
11.933 1.8862
11.934 1.90715
11.935 1.92835
11.936 1.9498
11.937 1.97147
11.938 1.99339
11.939 2.01552
11.94 2.03789
11.941 2.06046
11.942 2.08325
11.943 2.10625
11.944 2.12944
11.945 2.15283
11.946 2.1764
11.947 2.20015
11.948 2.22407
11.949 2.24816
11.95 2.27241
11.951 2.29681
11.952 2.32136
11.953 2.34604
11.954 2.37085
11.955 2.39579
11.956 2.42083
11.957 2.44598
11.958 2.47123
11.959 2.49656
11.96 2.52197
11.961 2.54746
11.962 2.573
11.963 2.5986
11.964 2.62423
11.965 2.64989
11.966 2.67557
11.967 2.70126
11.968 2.72694
11.969 2.75261
11.97 2.77825
11.971 2.80385
11.972 2.82941
11.973 2.8549
11.974 2.88031
11.975 2.90562
11.976 2.93083
11.977 2.95591
11.978 2.98086
11.979 3.00566
11.98 3.03029
11.981 3.05474
11.982 3.079
11.983 3.10305
11.984 3.12687
11.985 3.15045
11.986 3.17376
11.987 3.19681
11.988 3.21956
11.989 3.242
11.99 3.26412
11.991 3.28591
11.992 3.30735
11.993 3.32842
11.994 3.34911
11.995 3.36941
11.996 3.3893
11.997 3.40878
11.998 3.42783
11.999 3.44643
12 3.46457
12.001 3.48225
12.002 3.49945
12.003 3.51616
12.004 3.53237
12.005 3.54807
12.006 3.56325
12.007 3.5779
12.008 3.59201
12.009 3.60558
12.01 3.61858
12.011 3.63102
12.012 3.64289
12.013 3.65418
12.014 3.66489
12.015 3.67502
12.016 3.68456
12.017 3.69351
12.018 3.70186
12.019 3.70962
12.02 3.71677
12.021 3.72333
12.022 3.72928
12.023 3.73463
12.024 3.73937
12.025 3.74352
12.026 3.74707
12.027 3.75001
12.028 3.75237
12.029 3.75413
12.03 3.75529
12.031 3.75587
12.032 3.75586
12.033 3.75527
12.034 3.75409
12.035 3.75234
12.036 3.75001
12.037 3.74712
12.038 3.74366
12.039 3.73964
12.04 3.73506
12.041 3.72993
12.042 3.72425
12.043 3.71803
12.044 3.71127
12.045 3.70397
12.046 3.69615
12.047 3.6878
12.048 3.67892
12.049 3.66954
12.05 3.65964
12.051 3.64924
12.052 3.63834
12.053 3.62694
12.054 3.61505
12.055 3.60267
12.056 3.58981
12.057 3.57647
12.058 3.56265
12.059 3.54837
12.06 3.53361
12.061 3.5184
12.062 3.50273
12.063 3.48661
12.064 3.47004
12.065 3.45304
12.066 3.43559
12.067 3.41771
12.068 3.39941
12.069 3.38068
12.07 3.36154
12.071 3.34198
12.072 3.32203
12.073 3.30167
12.074 3.28093
12.075 3.25979
12.076 3.23828
12.077 3.2164
12.078 3.19415
12.079 3.17155
12.08 3.14859
12.081 3.12529
12.082 3.10166
12.083 3.0777
12.084 3.05344
12.085 3.02888
12.086 3.00403
12.087 2.9789
12.088 2.95352
12.089 2.92788
12.09 2.90201
12.091 2.87591
12.092 2.8496
12.093 2.82309
12.094 2.79641
12.095 2.76956
12.096 2.74257
12.097 2.71545
12.098 2.68822
12.099 2.66089
12.1 2.63348
12.101 2.606
12.102 2.57849
12.103 2.55095
12.104 2.5234
12.105 2.49588
12.106 2.46839
12.107 2.44095
12.108 2.4136
12.109 2.38634
12.11 2.3592
12.111 2.33219
12.112 2.30535
12.113 2.27867
12.114 2.2522
12.115 2.22594
12.116 2.19991
12.117 2.17413
12.118 2.14863
12.119 2.12342
12.12 2.09853
12.121 2.07395
12.122 2.04973
12.123 2.02585
12.124 2.00235
12.125 1.97922
12.126 1.95649
12.127 1.93417
12.128 1.91227
12.129 1.89079
12.13 1.86976
12.131 1.84919
12.132 1.82907
12.133 1.80942
12.134 1.79025
12.135 1.77155
12.136 1.75334
12.137 1.73562
12.138 1.71839
12.139 1.70166
12.14 1.68544
12.141 1.66973
12.142 1.65453
12.143 1.63984
12.144 1.62567
12.145 1.61202
12.146 1.5989
12.147 1.58629
12.148 1.57421
12.149 1.56266
12.15 1.55163
12.151 1.54113
12.152 1.53116
12.153 1.52172
12.154 1.51281
12.155 1.50443
12.156 1.49658
12.157 1.48926
12.158 1.48246
12.159 1.47619
12.16 1.47045
12.161 1.46523
12.162 1.46054
12.163 1.45637
12.164 1.45273
12.165 1.4496
12.166 1.447
12.167 1.44491
12.168 1.44335
12.169 1.4423
12.17 1.44176
12.171 1.44174
12.172 1.44223
12.173 1.44324
12.174 1.44477
12.175 1.44682
12.176 1.44939
12.177 1.45248
12.178 1.4561
12.179 1.46025
12.18 1.46493
12.181 1.47013
12.182 1.47588
12.183 1.48216
12.184 1.48899
12.185 1.49637
12.186 1.50432
12.187 1.51283
12.188 1.52191
12.189 1.53157
12.19 1.54181
12.191 1.55264
12.192 1.56407
12.193 1.5761
12.194 1.58874
12.195 1.60201
12.196 1.6159
12.197 1.63044
12.198 1.64563
12.199 1.66147
12.2 1.67798
12.201 1.69515
12.202 1.71301
12.203 1.73155
12.204 1.75079
12.205 1.77073
12.206 1.79138
12.207 1.81275
12.208 1.83484
12.209 1.85766
12.21 1.88121
12.211 1.9055
12.212 1.93054
12.213 1.95633
12.214 1.98287
12.215 2.01017
12.216 2.03823
12.217 2.06705
12.218 2.09663
12.219 2.12698
12.22 2.1581
12.221 2.18998
12.222 2.22264
12.223 2.25607
12.224 2.29027
12.225 2.32524
12.226 2.36098
12.227 2.3975
12.228 2.43478
12.229 2.47284
12.23 2.51166
12.231 2.55125
12.232 2.59159
12.233 2.6327
12.234 2.67455
12.235 2.71714
12.236 2.76047
12.237 2.80452
12.238 2.8493
12.239 2.89478
12.24 2.94097
12.241 2.98786
12.242 3.03543
12.243 3.08368
12.244 3.1326
12.245 3.18217
12.246 3.2324
12.247 3.28326
12.248 3.33475
12.249 3.38686
12.25 3.43958
12.251 3.4929
12.252 3.5468
12.253 3.60126
12.254 3.65628
12.255 3.71183
12.256 3.7679
12.257 3.82448
12.258 3.88155
12.259 3.93909
12.26 3.99709
12.261 4.05553
12.262 4.1144
12.263 4.17366
12.264 4.23331
12.265 4.29333
12.266 4.35369
12.267 4.41439
12.268 4.47539
12.269 4.53668
12.27 4.59824
12.271 4.66005
12.272 4.72209
12.273 4.78432
12.274 4.84673
12.275 4.90929
12.276 4.97196
12.277 5.03474
12.278 5.09758
12.279 5.16046
12.28 5.22336
12.281 5.28625
12.282 5.3491
12.283 5.41188
12.284 5.47456
12.285 5.5371
12.286 5.59946
12.287 5.66163
12.288 5.72357
12.289 5.78525
12.29 5.84664
12.291 5.9077
12.292 5.9684
12.293 6.02872
12.294 6.08861
12.295 6.14805
12.296 6.207
12.297 6.26543
12.298 6.32331
12.299 6.38061
12.3 6.43729
12.301 6.49334
12.302 6.54871
12.303 6.60338
12.304 6.65731
12.305 6.71049
12.306 6.76288
12.307 6.81445
12.308 6.86518
12.309 6.91503
12.31 6.96399
12.311 7.01203
12.312 7.05913
12.313 7.10526
12.314 7.15042
12.315 7.19456
12.316 7.23769
12.317 7.27978
12.318 7.32081
12.319 7.36077
12.32 7.39963
12.321 7.43739
12.322 7.47403
12.323 7.50954
12.324 7.54392
12.325 7.57715
12.326 7.60923
12.327 7.64015
12.328 7.66991
12.329 7.69849
12.33 7.72588
12.331 7.7521
12.332 7.77712
12.333 7.80096
12.334 7.82361
12.335 7.84508
12.336 7.86536
12.337 7.88446
12.338 7.90237
12.339 7.91911
12.34 7.93466
12.341 7.94905
12.342 7.96226
12.343 7.97431
12.344 7.98519
12.345 7.99492
12.346 8.00349
12.347 8.01091
12.348 8.01719
12.349 8.02233
12.35 8.02634
12.351 8.02923
12.352 8.03099
12.353 8.03164
12.354 8.03116
12.355 8.02958
12.356 8.02689
12.357 8.0231
12.358 8.01821
12.359 8.01223
12.36 8.00517
12.361 7.99703
12.362 7.98781
12.363 7.97751
12.364 7.96615
12.365 7.95371
12.366 7.94022
12.367 7.92567
12.368 7.91006
12.369 7.89341
12.37 7.87571
12.371 7.85697
12.372 7.8372
12.373 7.81638
12.374 7.79454
12.375 7.77166
12.376 7.74776
12.377 7.72282
12.378 7.69687
12.379 7.66989
12.38 7.64189
12.381 7.61288
12.382 7.58285
12.383 7.55181
12.384 7.51976
12.385 7.48668
12.386 7.4526
12.387 7.4175
12.388 7.38139
12.389 7.34427
12.39 7.30615
12.391 7.26701
12.392 7.22688
12.393 7.18574
12.394 7.14361
12.395 7.10048
12.396 7.05637
12.397 7.01127
12.398 6.96519
12.399 6.91814
12.4 6.87012
12.401 6.82114
12.402 6.7712
12.403 6.72032
12.404 6.66849
12.405 6.61572
12.406 6.56203
12.407 6.50742
12.408 6.45189
12.409 6.39547
12.41 6.33815
12.411 6.27995
12.412 6.22088
12.413 6.16095
12.414 6.10017
12.415 6.03856
12.416 5.97613
12.417 5.9129
12.418 5.84888
12.419 5.78408
12.42 5.71852
12.421 5.65221
12.422 5.58518
12.423 5.51744
12.424 5.44901
12.425 5.37991
12.426 5.31016
12.427 5.23978
12.428 5.1688
12.429 5.09722
12.43 5.02508
12.431 4.95239
12.432 4.87919
12.433 4.80549
12.434 4.73133
12.435 4.65673
12.436 4.58172
12.437 4.50633
12.438 4.43058
12.439 4.3545
12.44 4.27812
12.441 4.20147
12.442 4.12458
12.443 4.04749
12.444 3.97023
12.445 3.89283
12.446 3.81533
12.447 3.73776
12.448 3.66016
12.449 3.58255
12.45 3.50498
12.451 3.42748
12.452 3.35008
12.453 3.27282
12.454 3.19573
12.455 3.11887
12.456 3.04225
12.457 2.96591
12.458 2.8899
12.459 2.81425
12.46 2.73898
12.461 2.66415
12.462 2.58977
12.463 2.51589
12.464 2.44255
12.465 2.36977
12.466 2.29759
12.467 2.22605
12.468 2.15518
12.469 2.08502
12.47 2.01559
12.471 1.94692
12.472 1.87905
12.473 1.812
12.474 1.7458
12.475 1.68047
12.476 1.61604
12.477 1.55253
12.478 1.48998
12.479 1.4284
12.48 1.36781
12.481 1.30825
12.482 1.24972
12.483 1.19225
12.484 1.13586
12.485 1.08055
12.486 1.02636
12.487 0.973284
12.488 0.921353
12.489 0.870578
12.49 0.820973
12.491 0.772552
12.492 0.725326
12.493 0.679305
12.494 0.634497
12.495 0.590912
12.496 0.548558
12.497 0.507443
12.498 0.467573
12.499 0.428957
12.5 0.391601
12.501 0.35551
12.502 0.32069
12.503 0.287144
12.504 0.254877
12.505 0.223891
12.506 0.19419
12.507 0.165776
12.508 0.13865
12.509 0.112816
12.51 0.0882734
12.511 0.0650245
12.512 0.0430718
12.513 0.0224178
12.514 0.00306508
12.515 -0.0149845
12.516 -0.0317292
12.517 -0.0471678
12.518 -0.0612995
12.519 -0.0741236
12.52 -0.0856402
12.521 -0.0958481
12.522 -0.104744
12.523 -0.112324
12.524 -0.118585
12.525 -0.123523
12.526 -0.127134
12.527 -0.129417
12.528 -0.130368
12.529 -0.12998
12.53 -0.128256
12.531 -0.125195
12.532 -0.120793
12.533 -0.115046
12.534 -0.107951
12.535 -0.0995053
12.536 -0.089705
12.537 -0.0785483
12.538 -0.066033
12.539 -0.0521578
12.54 -0.0369216
12.541 -0.0203224
12.542 -0.00235625
12.543 0.0169816
12.544 0.0376954
12.545 0.0597891
12.546 0.0832661
12.547 0.108129
12.548 0.134381
12.549 0.162024
12.55 0.191059
12.551 0.221487
12.552 0.253307
12.553 0.286516
12.554 0.321112
12.555 0.357091
12.556 0.394451
12.557 0.433185
12.558 0.47329
12.559 0.514762
12.56 0.557593
12.561 0.601776
12.562 0.647304
12.563 0.694164
12.564 0.742346
12.565 0.791838
12.566 0.842627
12.567 0.894701
12.568 0.948047
12.569 1.00265
12.57 1.0585
12.571 1.11557
12.572 1.17386
12.573 1.23332
12.574 1.29395
12.575 1.35571
12.576 1.41859
12.577 1.48255
12.578 1.54758
12.579 1.61364
12.58 1.68072
12.581 1.74878
12.582 1.81779
12.583 1.88772
12.584 1.95855
12.585 2.03023
12.586 2.10273
12.587 2.17602
12.588 2.25008
12.589 2.32485
12.59 2.40031
12.591 2.47643
12.592 2.55317
12.593 2.6305
12.594 2.70837
12.595 2.78677
12.596 2.86564
12.597 2.94496
12.598 3.0247
12.599 3.1048
12.6 3.18525
12.601 3.26601
12.602 3.34704
12.603 3.4283
12.604 3.50977
12.605 3.59141
12.606 3.67318
12.607 3.75506
12.608 3.83701
12.609 3.91899
12.61 4.00098
12.611 4.08293
12.612 4.16483
12.613 4.24665
12.614 4.32834
12.615 4.4099
12.616 4.49128
12.617 4.57247
12.618 4.65343
12.619 4.73414
12.62 4.81457
12.621 4.8947
12.622 4.9745
12.623 5.05396
12.624 5.13304
12.625 5.21174
12.626 5.29004
12.627 5.3679
12.628 5.44532
12.629 5.52227
12.63 5.59874
12.631 5.67471
12.632 5.75017
12.633 5.8251
12.634 5.89949
12.635 5.97334
12.636 6.04663
12.637 6.11934
12.638 6.19148
12.639 6.26304
12.64 6.334
12.641 6.40435
12.642 6.47409
12.643 6.54323
12.644 6.61174
12.645 6.67963
12.646 6.74689
12.647 6.81352
12.648 6.87952
12.649 6.94488
12.65 7.0096
12.651 7.07369
12.652 7.13713
12.653 7.19992
12.654 7.26207
12.655 7.32357
12.656 7.38442
12.657 7.44462
12.658 7.50416
12.659 7.56306
12.66 7.6213
12.661 7.67888
12.662 7.73581
12.663 7.79208
12.664 7.84769
12.665 7.90264
12.666 7.95693
12.667 8.01056
12.668 8.06353
12.669 8.11583
12.67 8.16746
12.671 8.21844
12.672 8.26874
12.673 8.31837
12.674 8.36732
12.675 8.4156
12.676 8.46319
12.677 8.51009
12.678 8.5563
12.679 8.60181
12.68 8.64663
12.681 8.69074
12.682 8.73415
12.683 8.77686
12.684 8.81885
12.685 8.86013
12.686 8.9007
12.687 8.94054
12.688 8.97967
12.689 9.01807
12.69 9.05574
12.691 9.09269
12.692 9.12891
12.693 9.1644
12.694 9.19917
12.695 9.2332
12.696 9.26651
12.697 9.2991
12.698 9.33096
12.699 9.36209
12.7 9.3925
12.701 9.42219
12.702 9.45117
12.703 9.47943
12.704 9.50698
12.705 9.53383
12.706 9.55998
12.707 9.58543
12.708 9.6102
12.709 9.63428
12.71 9.65769
12.711 9.68042
12.712 9.7025
12.713 9.72393
12.714 9.74472
12.715 9.76489
12.716 9.78445
12.717 9.80342
12.718 9.8218
12.719 9.83961
12.72 9.85687
12.721 9.87358
12.722 9.88977
12.723 9.90546
12.724 9.92068
12.725 9.93544
12.726 9.94977
12.727 9.96369
12.728 9.97723
12.729 9.9904
12.73 10.0032
12.731 10.0158
12.732 10.028
12.733 10.04
12.734 10.0517
12.735 10.0633
12.736 10.0746
12.737 10.0859
12.738 10.097
12.739 10.1081
12.74 10.1191
12.741 10.1302
12.742 10.1412
12.743 10.1523
12.744 10.1635
12.745 10.1748
12.746 10.1864
12.747 10.1981
12.748 10.2101
12.749 10.2223
12.75 10.2349
12.751 10.2478
12.752 10.2611
12.753 10.2749
12.754 10.2891
12.755 10.3039
12.756 10.3191
12.757 10.335
12.758 10.3514
12.759 10.3685
12.76 10.3862
12.761 10.4047
12.762 10.4239
12.763 10.4439
12.764 10.4646
12.765 10.4862
12.766 10.5086
12.767 10.5319
12.768 10.5561
12.769 10.5812
12.77 10.6072
12.771 10.6342
12.772 10.6622
12.773 10.6912
12.774 10.7212
12.775 10.7522
12.776 10.7842
12.777 10.8173
12.778 10.8514
12.779 10.8865
12.78 10.9227
12.781 10.96
12.782 10.9984
12.783 11.0378
12.784 11.0783
12.785 11.1198
12.786 11.1623
12.787 11.2059
12.788 11.2506
12.789 11.2962
12.79 11.3429
12.791 11.3906
12.792 11.4393
12.793 11.489
12.794 11.5396
12.795 11.5912
12.796 11.6437
12.797 11.6971
12.798 11.7513
12.799 11.8065
12.8 11.8625
12.801 11.9193
12.802 11.977
12.803 12.0354
12.804 12.0946
12.805 12.1545
12.806 12.2151
12.807 12.2763
12.808 12.3383
12.809 12.4008
12.81 12.464
12.811 12.5277
12.812 12.5919
12.813 12.6567
12.814 12.7219
12.815 12.7876
12.816 12.8537
12.817 12.9201
12.818 12.9869
12.819 13.054
12.82 13.1214
12.821 13.1891
12.822 13.2569
12.823 13.3249
12.824 13.3931
12.825 13.4613
12.826 13.5296
12.827 13.598
12.828 13.6663
12.829 13.7346
12.83 13.8028
12.831 13.8708
12.832 13.9387
12.833 14.0065
12.834 14.0739
12.835 14.1411
12.836 14.208
12.837 14.2745
12.838 14.3406
12.839 14.4063
12.84 14.4715
12.841 14.5362
12.842 14.6003
12.843 14.6639
12.844 14.7268
12.845 14.789
12.846 14.8505
12.847 14.9113
12.848 14.9712
12.849 15.0303
12.85 15.0886
12.851 15.146
12.852 15.2024
12.853 15.2578
12.854 15.3122
12.855 15.3655
12.856 15.4178
12.857 15.4689
12.858 15.5189
12.859 15.5676
12.86 15.6152
12.861 15.6614
12.862 15.7064
12.863 15.75
12.864 15.7923
12.865 15.8331
12.866 15.8726
12.867 15.9105
12.868 15.947
12.869 15.9819
12.87 16.0153
12.871 16.0471
12.872 16.0773
12.873 16.1058
12.874 16.1327
12.875 16.1578
12.876 16.1813
12.877 16.203
12.878 16.2229
12.879 16.241
12.88 16.2572
12.881 16.2717
12.882 16.2842
12.883 16.2949
12.884 16.3036
12.885 16.3104
12.886 16.3153
12.887 16.3182
12.888 16.3191
12.889 16.318
12.89 16.3149
12.891 16.3097
12.892 16.3025
12.893 16.2932
12.894 16.2819
12.895 16.2685
12.896 16.253
12.897 16.2355
12.898 16.2158
12.899 16.1941
12.9 16.1702
12.901 16.1443
12.902 16.1163
12.903 16.0861
12.904 16.0539
12.905 16.0195
12.906 15.9831
12.907 15.9446
12.908 15.904
12.909 15.8614
12.91 15.8167
12.911 15.7699
12.912 15.7211
12.913 15.6703
12.914 15.6175
12.915 15.5626
12.916 15.5058
12.917 15.447
12.918 15.3862
12.919 15.3235
12.92 15.2589
12.921 15.1923
12.922 15.1239
12.923 15.0536
12.924 14.9815
12.925 14.9076
12.926 14.8318
12.927 14.7543
12.928 14.6751
12.929 14.5941
12.93 14.5114
12.931 14.4271
12.932 14.3411
12.933 14.2536
12.934 14.1644
12.935 14.0737
12.936 13.9815
12.937 13.8878
12.938 13.7927
12.939 13.6961
12.94 13.5982
12.941 13.4989
12.942 13.3983
12.943 13.2964
12.944 13.1932
12.945 13.0889
12.946 12.9834
12.947 12.8769
12.948 12.7692
12.949 12.6605
12.95 12.5508
12.951 12.4401
12.952 12.3285
12.953 12.216
12.954 12.1028
12.955 11.9887
12.956 11.8739
12.957 11.7583
12.958 11.6421
12.959 11.5253
12.96 11.4079
12.961 11.2899
12.962 11.1715
12.963 11.0526
12.964 10.9332
12.965 10.8135
12.966 10.6934
12.967 10.573
12.968 10.4524
12.969 10.3315
12.97 10.2103
12.971 10.089
12.972 9.9676
12.973 9.84605
12.974 9.72442
12.975 9.60274
12.976 9.48104
12.977 9.35934
12.978 9.23768
12.979 9.11607
12.98 8.99456
12.981 8.87316
12.982 8.75189
12.983 8.63079
12.984 8.50986
12.985 8.38914
12.986 8.26865
12.987 8.1484
12.988 8.02841
12.989 7.90871
12.99 7.78931
12.991 7.67024
12.992 7.55151
12.993 7.43313
12.994 7.31513
12.995 7.19752
12.996 7.08032
12.997 6.96355
12.998 6.84722
12.999 6.73134
13 6.61593
13.001 6.50101
13.002 6.38659
13.003 6.27269
13.004 6.15934
13.005 6.04654
13.006 5.93432
13.007 5.82269
13.008 5.71167
13.009 5.60128
13.01 5.49154
13.011 5.38245
13.012 5.27404
13.013 5.16633
13.014 5.05935
13.015 4.9531
13.016 4.84761
13.017 4.74289
13.018 4.63898
13.019 4.53587
13.02 4.4336
13.021 4.33218
13.022 4.23163
13.023 4.13198
13.024 4.03323
13.025 3.93542
13.026 3.83856
13.027 3.74267
13.028 3.64777
13.029 3.55388
13.03 3.46102
13.031 3.3692
13.032 3.27845
13.033 3.18878
13.034 3.10021
13.035 3.01275
13.036 2.92642
13.037 2.84124
13.038 2.75723
13.039 2.67439
13.04 2.59274
13.041 2.51231
13.042 2.43309
13.043 2.35512
13.044 2.27839
13.045 2.20293
13.046 2.12875
13.047 2.05585
13.048 1.98426
13.049 1.91398
13.05 1.84502
13.051 1.77741
13.052 1.71113
13.053 1.6462
13.054 1.58263
13.055 1.52042
13.056 1.45957
13.057 1.40009
13.058 1.34198
13.059 1.28524
13.06 1.22989
13.061 1.17591
13.062 1.12332
13.063 1.07211
13.064 1.02229
13.065 0.973856
13.066 0.926806
13.067 0.881141
13.068 0.836862
13.069 0.793968
13.07 0.752457
13.071 0.712329
13.072 0.673582
13.073 0.636216
13.074 0.600231
13.075 0.565624
13.076 0.532394
13.077 0.50054
13.078 0.470059
13.079 0.440948
13.08 0.413205
13.081 0.386827
13.082 0.361813
13.083 0.338158
13.084 0.315862
13.085 0.29492
13.086 0.27533
13.087 0.257088
13.088 0.240191
13.089 0.224633
13.09 0.210412
13.091 0.197523
13.092 0.185959
13.093 0.175717
13.094 0.166792
13.095 0.159176
13.096 0.152865
13.097 0.147851
13.098 0.144129
13.099 0.141692
13.1 0.140536
13.101 0.140659
13.102 0.142052
13.103 0.1447
13.104 0.148595
13.105 0.153728
13.106 0.160091
13.107 0.167673
13.108 0.176466
13.109 0.186459
13.11 0.197641
13.111 0.210003
13.112 0.223532
13.113 0.238218
13.114 0.254048
13.115 0.271011
13.116 0.289094
13.117 0.308285
13.118 0.32857
13.119 0.349937
13.12 0.372371
13.121 0.395858
13.122 0.420386
13.123 0.445941
13.124 0.47251
13.125 0.500078
13.126 0.528631
13.127 0.558155
13.128 0.588634
13.129 0.620055
13.13 0.652401
13.131 0.685657
13.132 0.719809
13.133 0.754844
13.134 0.790748
13.135 0.827506
13.136 0.865104
13.137 0.903526
13.138 0.942759
13.139 0.982786
13.14 1.02359
13.141 1.06516
13.142 1.10748
13.143 1.15053
13.144 1.19429
13.145 1.23875
13.146 1.28389
13.147 1.32969
13.148 1.37614
13.149 1.42322
13.15 1.4709
13.151 1.51918
13.152 1.56804
13.153 1.61745
13.154 1.6674
13.155 1.71788
13.156 1.76886
13.157 1.82033
13.158 1.87227
13.159 1.92466
13.16 1.97748
13.161 2.03071
13.162 2.08434
13.163 2.13834
13.164 2.19269
13.165 2.24738
13.166 2.30237
13.167 2.35766
13.168 2.41322
13.169 2.46903
13.17 2.52507
13.171 2.58132
13.172 2.63775
13.173 2.69435
13.174 2.75109
13.175 2.80795
13.176 2.8649
13.177 2.92193
13.178 2.97901
13.179 3.03612
13.18 3.09324
13.181 3.15034
13.182 3.2074
13.183 3.2644
13.184 3.3213
13.185 3.37809
13.186 3.43473
13.187 3.49121
13.188 3.54749
13.189 3.60356
13.19 3.65938
13.191 3.71493
13.192 3.77019
13.193 3.82512
13.194 3.87971
13.195 3.93393
13.196 3.98774
13.197 4.04113
13.198 4.09407
13.199 4.14653
13.2 4.19849
13.201 4.24993
13.202 4.30082
13.203 4.35113
13.204 4.40085
13.205 4.44995
13.206 4.49841
13.207 4.5462
13.208 4.59331
13.209 4.63971
13.21 4.68538
13.211 4.7303
13.212 4.77445
13.213 4.81782
13.214 4.86036
13.215 4.90208
13.216 4.94295
13.217 4.98294
13.218 5.02204
13.219 5.06024
13.22 5.09751
13.221 5.13384
13.222 5.16921
13.223 5.2036
13.224 5.23699
13.225 5.26938
13.226 5.30075
13.227 5.33108
13.228 5.36036
13.229 5.38857
13.23 5.4157
13.231 5.44174
13.232 5.46668
13.233 5.49051
13.234 5.51321
13.235 5.53479
13.236 5.55522
13.237 5.5745
13.238 5.59262
13.239 5.60958
13.24 5.62536
13.241 5.63997
13.242 5.65339
13.243 5.66562
13.244 5.67666
13.245 5.6865
13.246 5.69514
13.247 5.70258
13.248 5.70881
13.249 5.71384
13.25 5.71765
13.251 5.72026
13.252 5.72165
13.253 5.72183
13.254 5.72079
13.255 5.71854
13.256 5.71508
13.257 5.7104
13.258 5.7045
13.259 5.69739
13.26 5.68907
13.261 5.67954
13.262 5.6688
13.263 5.65686
13.264 5.64372
13.265 5.62938
13.266 5.61384
13.267 5.59712
13.268 5.57921
13.269 5.56013
13.27 5.53987
13.271 5.51844
13.272 5.49586
13.273 5.47211
13.274 5.44722
13.275 5.42119
13.276 5.39401
13.277 5.36571
13.278 5.33629
13.279 5.30575
13.28 5.27411
13.281 5.24137
13.282 5.20754
13.283 5.17264
13.284 5.13666
13.285 5.09962
13.286 5.06153
13.287 5.02239
13.288 4.98222
13.289 4.94103
13.29 4.89883
13.291 4.85562
13.292 4.81143
13.293 4.76625
13.294 4.7201
13.295 4.673
13.296 4.62494
13.297 4.57594
13.298 4.52601
13.299 4.47516
13.3 4.42341
13.301 4.37077
13.302 4.31725
13.303 4.26285
13.304 4.2076
13.305 4.15151
13.306 4.09458
13.307 4.03683
13.308 3.97827
13.309 3.91892
13.31 3.8588
13.311 3.79791
13.312 3.73626
13.313 3.67389
13.314 3.61079
13.315 3.54699
13.316 3.4825
13.317 3.41733
13.318 3.35151
13.319 3.28504
13.32 3.21795
13.321 3.15025
13.322 3.08196
13.323 3.01309
13.324 2.94367
13.325 2.8737
13.326 2.80321
13.327 2.73222
13.328 2.66073
13.329 2.58878
13.33 2.51637
13.331 2.44352
13.332 2.37026
13.333 2.29659
13.334 2.22253
13.335 2.1481
13.336 2.07331
13.337 1.99818
13.338 1.92271
13.339 1.84694
13.34 1.77086
13.341 1.6945
13.342 1.61788
13.343 1.54099
13.344 1.46386
13.345 1.38651
13.346 1.30893
13.347 1.23116
13.348 1.15319
13.349 1.07504
13.35 0.996723
13.351 0.918253
13.352 0.839637
13.353 0.760882
13.354 0.681995
13.355 0.602985
13.356 0.523858
13.357 0.444622
13.358 0.365282
13.359 0.285845
13.36 0.206317
13.361 0.126704
13.362 0.0470087
13.363 -0.0327658
13.364 -0.112617
13.365 -0.192543
13.366 -0.272541
13.367 -0.352609
13.368 -0.432747
13.369 -0.512953
13.37 -0.593227
13.371 -0.673568
13.372 -0.753984
13.373 -0.834484
13.374 -0.915075
13.375 -0.995766
13.376 -1.07657
13.377 -1.15749
13.378 -1.23854
13.379 -1.31973
13.38 -1.40106
13.381 -1.48256
13.382 -1.56424
13.383 -1.64613
13.384 -1.72825
13.385 -1.81062
13.386 -1.89327
13.387 -1.97623
13.388 -2.05951
13.389 -2.14315
13.39 -2.22717
13.391 -2.31159
13.392 -2.39646
13.393 -2.4818
13.394 -2.56765
13.395 -2.65406
13.396 -2.74106
13.397 -2.82868
13.398 -2.91697
13.399 -3.00596
13.4 -3.09569
13.401 -3.1862
13.402 -3.27751
13.403 -3.36968
13.404 -3.46274
13.405 -3.55673
13.406 -3.65168
13.407 -3.74763
13.408 -3.84463
13.409 -3.9427
13.41 -4.04189
13.411 -4.14222
13.412 -4.24372
13.413 -4.34641
13.414 -4.4503
13.415 -4.55542
13.416 -4.66177
13.417 -4.76939
13.418 -4.87827
13.419 -4.98845
13.42 -5.09993
13.421 -5.21274
13.422 -5.32685
13.423 -5.44226
13.424 -5.55896
13.425 -5.67694
13.426 -5.79617
13.427 -5.91666
13.428 -6.03838
13.429 -6.16133
13.43 -6.28548
13.431 -6.41083
13.432 -6.53734
13.433 -6.66497
13.434 -6.79369
13.435 -6.92345
13.436 -7.05422
13.437 -7.18597
13.438 -7.31865
13.439 -7.45222
13.44 -7.58666
13.441 -7.72192
13.442 -7.85796
13.443 -7.99473
13.444 -8.13219
13.445 -8.27031
13.446 -8.40902
13.447 -8.5483
13.448 -8.68809
13.449 -8.82837
13.45 -8.96907
13.451 -9.11017
13.452 -9.25162
13.453 -9.39339
13.454 -9.53544
13.455 -9.67774
13.456 -9.82024
13.457 -9.96293
13.458 -10.1058
13.459 -10.2487
13.46 -10.3917
13.461 -10.5347
13.462 -10.6778
13.463 -10.8208
13.464 -10.9638
13.465 -11.1067
13.466 -11.2496
13.467 -11.3923
13.468 -11.5349
13.469 -11.6773
13.47 -11.8195
13.471 -11.9615
13.472 -12.1033
13.473 -12.2449
13.474 -12.3861
13.475 -12.5271
13.476 -12.6678
13.477 -12.8081
13.478 -12.9481
13.479 -13.0877
13.48 -13.2269
13.481 -13.3658
13.482 -13.5042
13.483 -13.6421
13.484 -13.7796
13.485 -13.9166
13.486 -14.0531
13.487 -14.1891
13.488 -14.3246
13.489 -14.4595
13.49 -14.5938
13.491 -14.7275
13.492 -14.8606
13.493 -14.993
13.494 -15.1248
13.495 -15.2559
13.496 -15.3863
13.497 -15.516
13.498 -15.645
13.499 -15.7731
13.5 -15.9005
13.501 -16.0271
13.502 -16.1529
13.503 -16.2778
13.504 -16.4019
13.505 -16.525
13.506 -16.6473
13.507 -16.7686
13.508 -16.889
13.509 -17.0085
13.51 -17.1269
13.511 -17.2444
13.512 -17.3608
13.513 -17.4762
13.514 -17.5905
13.515 -17.7038
13.516 -17.8159
13.517 -17.927
13.518 -18.0369
13.519 -18.1458
13.52 -18.2534
13.521 -18.3599
13.522 -18.4652
13.523 -18.5693
13.524 -18.6721
13.525 -18.7738
13.526 -18.8741
13.527 -18.9733
13.528 -19.0711
13.529 -19.1676
13.53 -19.2628
13.531 -19.3566
13.532 -19.4491
13.533 -19.5403
13.534 -19.63
13.535 -19.7184
13.536 -19.8053
13.537 -19.8907
13.538 -19.9748
13.539 -20.0573
13.54 -20.1383
13.541 -20.2179
13.542 -20.2959
13.543 -20.3724
13.544 -20.4472
13.545 -20.5205
13.546 -20.5922
13.547 -20.6623
13.548 -20.7307
13.549 -20.7975
13.55 -20.8625
13.551 -20.9259
13.552 -20.9875
13.553 -21.0474
13.554 -21.1055
13.555 -21.1618
13.556 -21.2163
13.557 -21.2689
13.558 -21.3197
13.559 -21.3685
13.56 -21.4155
13.561 -21.4605
13.562 -21.5036
13.563 -21.5446
13.564 -21.5837
13.565 -21.6207
13.566 -21.6556
13.567 -21.6884
13.568 -21.7191
13.569 -21.7477
13.57 -21.774
13.571 -21.7982
13.572 -21.8201
13.573 -21.8397
13.574 -21.8571
13.575 -21.8721
13.576 -21.8848
13.577 -21.8951
13.578 -21.903
13.579 -21.9084
13.58 -21.9114
13.581 -21.9117
13.582 -21.9096
13.583 -21.9048
13.584 -21.8975
13.585 -21.8876
13.586 -21.8751
13.587 -21.8599
13.588 -21.8421
13.589 -21.8216
13.59 -21.7983
13.591 -21.7724
13.592 -21.7437
13.593 -21.7122
13.594 -21.678
13.595 -21.641
13.596 -21.6011
13.597 -21.5585
13.598 -21.5131
13.599 -21.4649
13.6 -21.4138
13.601 -21.3599
13.602 -21.3032
13.603 -21.2437
13.604 -21.1813
13.605 -21.1161
13.606 -21.0481
13.607 -20.9772
13.608 -20.9036
13.609 -20.8271
13.61 -20.7479
13.611 -20.6658
13.612 -20.581
13.613 -20.4934
13.614 -20.4031
13.615 -20.31
13.616 -20.2143
13.617 -20.1158
13.618 -20.0147
13.619 -19.9109
13.62 -19.8045
13.621 -19.6955
13.622 -19.584
13.623 -19.4699
13.624 -19.3533
13.625 -19.2342
13.626 -19.1127
13.627 -18.9888
13.628 -18.8625
13.629 -18.7339
13.63 -18.6029
13.631 -18.4697
13.632 -18.3343
13.633 -18.1968
13.634 -18.057
13.635 -17.9152
13.636 -17.7714
13.637 -17.6256
13.638 -17.4778
13.639 -17.3281
13.64 -17.1765
13.641 -17.0232
13.642 -16.8681
13.643 -16.7112
13.644 -16.5527
13.645 -16.3926
13.646 -16.2308
13.647 -16.0676
13.648 -15.9029
13.649 -15.7367
13.65 -15.5692
13.651 -15.4002
13.652 -15.23
13.653 -15.0586
13.654 -14.8859
13.655 -14.7121
13.656 -14.5371
13.657 -14.3611
13.658 -14.184
13.659 -14.006
13.66 -13.8269
13.661 -13.647
13.662 -13.4662
13.663 -13.2846
13.664 -13.1022
13.665 -12.9191
13.666 -12.7352
13.667 -12.5507
13.668 -12.3656
13.669 -12.1798
13.67 -11.9935
13.671 -11.8067
13.672 -11.6194
13.673 -11.4316
13.674 -11.2435
13.675 -11.055
13.676 -10.8661
13.677 -10.6769
13.678 -10.4875
13.679 -10.2979
13.68 -10.108
13.681 -9.91803
13.682 -9.72791
13.683 -9.5377
13.684 -9.34743
13.685 -9.15714
13.686 -8.96687
13.687 -8.77664
13.688 -8.58649
13.689 -8.39645
13.69 -8.20656
13.691 -8.01684
13.692 -7.82734
13.693 -7.63807
13.694 -7.44908
13.695 -7.2604
13.696 -7.07206
13.697 -6.88409
13.698 -6.69653
13.699 -6.50941
13.7 -6.32275
13.701 -6.13659
13.702 -5.95096
13.703 -5.76589
13.704 -5.58141
13.705 -5.39756
13.706 -5.21435
13.707 -5.03183
13.708 -4.85001
13.709 -4.66894
13.71 -4.48863
13.711 -4.30912
13.712 -4.13043
13.713 -3.9526
13.714 -3.77564
13.715 -3.5996
13.716 -3.42448
13.717 -3.25034
13.718 -3.07717
13.719 -2.90503
13.72 -2.73392
13.721 -2.56388
13.722 -2.39493
13.723 -2.22709
13.724 -2.06039
13.725 -1.89485
13.726 -1.73049
13.727 -1.56734
13.728 -1.40542
13.729 -1.24475
13.73 -1.08535
13.731 -0.92724
13.732 -0.770445
13.733 -0.614984
13.734 -0.460878
13.735 -0.308148
13.736 -0.156813
13.737 -0.00689321
13.738 0.141593
13.739 0.288627
13.74 0.434191
13.741 0.578266
13.742 0.720834
13.743 0.861874
13.744 1.00137
13.745 1.1393
13.746 1.27565
13.747 1.41039
13.748 1.54352
13.749 1.67502
13.75 1.80487
13.751 1.93304
13.752 2.05954
13.753 2.18432
13.754 2.30738
13.755 2.42869
13.756 2.54824
13.757 2.666
13.758 2.78196
13.759 2.89611
13.76 3.00841
13.761 3.11887
13.762 3.22745
13.763 3.33415
13.764 3.43895
13.765 3.54184
13.766 3.64279
13.767 3.7418
13.768 3.83885
13.769 3.93393
13.77 4.02702
13.771 4.11812
13.772 4.2072
13.773 4.29427
13.774 4.37931
13.775 4.4623
13.776 4.54325
13.777 4.62214
13.778 4.69896
13.779 4.77371
13.78 4.84637
13.781 4.91694
13.782 4.98543
13.783 5.05181
13.784 5.1161
13.785 5.17829
13.786 5.23839
13.787 5.29638
13.788 5.35228
13.789 5.40608
13.79 5.45779
13.791 5.5074
13.792 5.55491
13.793 5.60034
13.794 5.64368
13.795 5.68493
13.796 5.72411
13.797 5.76121
13.798 5.79625
13.799 5.82922
13.8 5.86013
13.801 5.88899
13.802 5.9158
13.803 5.94058
13.804 5.96335
13.805 5.9841
13.806 6.00285
13.807 6.01961
13.808 6.03439
13.809 6.04721
13.81 6.05808
13.811 6.06701
13.812 6.07401
13.813 6.07911
13.814 6.08232
13.815 6.08365
13.816 6.08311
13.817 6.08072
13.818 6.07651
13.819 6.07051
13.82 6.06272
13.821 6.05319
13.822 6.04191
13.823 6.02893
13.824 6.01425
13.825 5.9979
13.826 5.9799
13.827 5.96028
13.828 5.93906
13.829 5.91626
13.83 5.89191
13.831 5.86604
13.832 5.83866
13.833 5.8098
13.834 5.77948
13.835 5.74772
13.836 5.71455
13.837 5.67999
13.838 5.64406
13.839 5.6068
13.84 5.56822
13.841 5.52834
13.842 5.4872
13.843 5.44482
13.844 5.40121
13.845 5.3564
13.846 5.31041
13.847 5.26327
13.848 5.21501
13.849 5.16564
13.85 5.11519
13.851 5.06369
13.852 5.01116
13.853 4.95762
13.854 4.90309
13.855 4.84761
13.856 4.7912
13.857 4.73387
13.858 4.67566
13.859 4.61659
13.86 4.55669
13.861 4.49597
13.862 4.43447
13.863 4.37221
13.864 4.30922
13.865 4.24551
13.866 4.18112
13.867 4.11606
13.868 4.05037
13.869 3.98406
13.87 3.91717
13.871 3.84971
13.872 3.78172
13.873 3.71322
13.874 3.64423
13.875 3.57479
13.876 3.5049
13.877 3.43461
13.878 3.36393
13.879 3.2929
13.88 3.22153
13.881 3.14985
13.882 3.07789
13.883 3.00568
13.884 2.93325
13.885 2.86062
13.886 2.78781
13.887 2.71486
13.888 2.6418
13.889 2.56864
13.89 2.49542
13.891 2.42217
13.892 2.34892
13.893 2.27569
13.894 2.20253
13.895 2.12946
13.896 2.05652
13.897 1.98375
13.898 1.91116
13.899 1.83879
13.9 1.76669
13.901 1.69486
13.902 1.62336
13.903 1.55222
13.904 1.48147
13.905 1.41115
13.906 1.34129
13.907 1.27192
13.908 1.20308
13.909 1.13481
13.91 1.06712
13.911 1.00007
13.912 0.933676
13.913 0.867973
13.914 0.802996
13.915 0.738773
13.916 0.675338
13.917 0.61272
13.918 0.550949
13.919 0.490054
13.92 0.430065
13.921 0.37101
13.922 0.312918
13.923 0.255817
13.924 0.199734
13.925 0.144699
13.926 0.0907361
13.927 0.0378729
13.928 -0.0138653
13.929 -0.0644535
13.93 -0.113867
13.931 -0.162083
13.932 -0.20908
13.933 -0.254838
13.934 -0.299337
13.935 -0.342557
13.936 -0.384481
13.937 -0.42509
13.938 -0.464367
13.939 -0.502295
13.94 -0.538858
13.941 -0.57404
13.942 -0.607827
13.943 -0.640206
13.944 -0.671165
13.945 -0.700689
13.946 -0.728769
13.947 -0.755392
13.948 -0.780549
13.949 -0.804228
13.95 -0.82642
13.951 -0.847118
13.952 -0.866314
13.953 -0.884006
13.954 -0.900189
13.955 -0.91486
13.956 -0.928016
13.957 -0.939655
13.958 -0.949775
13.959 -0.958375
13.96 -0.965455
13.961 -0.971013
13.962 -0.975052
13.963 -0.977573
13.964 -0.978578
13.965 -0.978068
13.966 -0.976048
13.967 -0.972523
13.968 -0.967496
13.969 -0.960974
13.97 -0.95296
13.971 -0.94346
13.972 -0.93248
13.973 -0.920022
13.974 -0.906092
13.975 -0.890695
13.976 -0.873837
13.977 -0.855524
13.978 -0.835763
13.979 -0.81456
13.98 -0.791924
13.981 -0.767862
13.982 -0.74238
13.983 -0.715486
13.984 -0.687186
13.985 -0.657487
13.986 -0.626397
13.987 -0.593926
13.988 -0.56008
13.989 -0.524871
13.99 -0.488307
13.991 -0.450398
13.992 -0.41115
13.993 -0.37057
13.994 -0.328664
13.995 -0.285438
13.996 -0.240902
13.997 -0.195062
13.998 -0.147926
13.999 -0.0995044
14 -0.0498055
14.001 0.00116175
14.002 0.0533898
14.003 0.106872
14.004 0.161601
14.005 0.217568
14.006 0.274766
14.007 0.333186
14.008 0.392818
14.009 0.453654
14.01 0.515682
14.011 0.578893
14.012 0.643277
14.013 0.708823
14.014 0.775521
14.015 0.84336
14.016 0.912328
14.017 0.982414
14.018 1.0536
14.019 1.12589
14.02 1.19925
14.021 1.27368
14.022 1.34915
14.023 1.42567
14.024 1.5032
14.025 1.58173
14.026 1.66125
14.027 1.74174
14.028 1.82318
14.029 1.90555
14.03 1.98885
14.031 2.07304
14.032 2.15811
14.033 2.24403
14.034 2.3308
14.035 2.41839
14.036 2.50677
14.037 2.59593
14.038 2.68585
14.039 2.77651
14.04 2.86789
14.041 2.95996
14.042 3.0527
14.043 3.14609
14.044 3.24012
14.045 3.33475
14.046 3.42997
14.047 3.52575
14.048 3.62208
14.049 3.71892
14.05 3.81627
14.051 3.91409
14.052 4.01237
14.053 4.11109
14.054 4.21021
14.055 4.30973
14.056 4.40962
14.057 4.50985
14.058 4.61042
14.059 4.71129
14.06 4.81245
14.061 4.91388
14.062 5.01556
14.063 5.11746
14.064 5.21958
14.065 5.32189
14.066 5.42438
14.067 5.52702
14.068 5.62981
14.069 5.73271
14.07 5.83573
14.071 5.93884
14.072 6.04202
14.073 6.14527
14.074 6.24857
14.075 6.35191
14.076 6.45527
14.077 6.55864
14.078 6.66202
14.079 6.76538
14.08 6.86872
14.081 6.97203
14.082 7.07529
14.083 7.1785
14.084 7.28164
14.085 7.38471
14.086 7.4877
14.087 7.5906
14.088 7.6934
14.089 7.79609
14.09 7.89866
14.091 8.00112
14.092 8.10344
14.093 8.20562
14.094 8.30767
14.095 8.40956
14.096 8.51129
14.097 8.61287
14.098 8.71427
14.099 8.81551
14.1 8.91656
14.101 9.01744
14.102 9.11812
14.103 9.21861
14.104 9.31889
14.105 9.41897
14.106 9.51883
14.107 9.61847
14.108 9.71788
14.109 9.81707
14.11 9.91601
14.111 10.0147
14.112 10.1132
14.113 10.2114
14.114 10.3093
14.115 10.4069
14.116 10.5043
14.117 10.6014
14.118 10.6982
14.119 10.7947
14.12 10.8908
14.121 10.9867
14.122 11.0822
14.123 11.1774
14.124 11.2723
14.125 11.3667
14.126 11.4608
14.127 11.5545
14.128 11.6478
14.129 11.7407
14.13 11.8332
14.131 11.9253
14.132 12.0169
14.133 12.108
14.134 12.1987
14.135 12.2888
14.136 12.3785
14.137 12.4677
14.138 12.5563
14.139 12.6444
14.14 12.732
14.141 12.8189
14.142 12.9054
14.143 12.9912
14.144 13.0764
14.145 13.161
14.146 13.245
14.147 13.3284
14.148 13.4111
14.149 13.4931
14.15 13.5745
14.151 13.6553
14.152 13.7353
14.153 13.8146
14.154 13.8933
14.155 13.9712
14.156 14.0484
14.157 14.1248
14.158 14.2005
14.159 14.2755
14.16 14.3497
14.161 14.4231
14.162 14.4957
14.163 14.5675
14.164 14.6385
14.165 14.7087
14.166 14.7781
14.167 14.8466
14.168 14.9143
14.169 14.9812
14.17 15.0472
14.171 15.1123
14.172 15.1766
14.173 15.24
14.174 15.3025
14.175 15.3641
14.176 15.4248
14.177 15.4846
14.178 15.5434
14.179 15.6013
14.18 15.6583
14.181 15.7143
14.182 15.7693
14.183 15.8234
14.184 15.8765
14.185 15.9286
14.186 15.9797
14.187 16.0298
14.188 16.0788
14.189 16.1269
14.19 16.1739
14.191 16.2199
14.192 16.2648
14.193 16.3086
14.194 16.3514
14.195 16.3931
14.196 16.4337
14.197 16.4731
14.198 16.5115
14.199 16.5487
14.2 16.5848
14.201 16.6198
14.202 16.6535
14.203 16.6861
14.204 16.7175
14.205 16.7476
14.206 16.7765
14.207 16.8042
14.208 16.8306
14.209 16.8557
14.21 16.8795
14.211 16.902
14.212 16.9231
14.213 16.9429
14.214 16.9613
14.215 16.9783
14.216 16.9938
14.217 17.0079
14.218 17.0205
14.219 17.0316
14.22 17.0412
14.221 17.0493
14.222 17.0558
14.223 17.0607
14.224 17.0639
14.225 17.0656
14.226 17.0655
14.227 17.0637
14.228 17.0602
14.229 17.055
14.23 17.048
14.231 17.0393
14.232 17.0287
14.233 17.0163
14.234 17.0021
14.235 16.986
14.236 16.9681
14.237 16.9482
14.238 16.9264
14.239 16.9027
14.24 16.877
14.241 16.8494
14.242 16.8197
14.243 16.7881
14.244 16.7545
14.245 16.7189
14.246 16.6812
14.247 16.6415
14.248 16.5998
14.249 16.556
14.25 16.5102
14.251 16.4624
14.252 16.4124
14.253 16.3605
14.254 16.3064
14.255 16.2503
14.256 16.1922
14.257 16.132
14.258 16.0698
14.259 16.0056
14.26 15.9393
14.261 15.871
14.262 15.8008
14.263 15.7285
14.264 15.6542
14.265 15.578
14.266 15.4999
14.267 15.4199
14.268 15.3379
14.269 15.2541
14.27 15.1684
14.271 15.081
14.272 14.9916
14.273 14.9006
14.274 14.8078
14.275 14.7132
14.276 14.617
14.277 14.5191
14.278 14.4196
14.279 14.3185
14.28 14.2159
14.281 14.1117
14.282 14.006
14.283 13.8989
14.284 13.7904
14.285 13.6806
14.286 13.5694
14.287 13.4569
14.288 13.3432
14.289 13.2283
14.29 13.1122
14.291 12.9951
14.292 12.8768
14.293 12.7576
14.294 12.6374
14.295 12.5162
14.296 12.3942
14.297 12.2714
14.298 12.1477
14.299 12.0234
14.3 11.8983
14.301 11.7726
14.302 11.6463
14.303 11.5194
14.304 11.3921
14.305 11.2642
14.306 11.1359
14.307 11.0073
14.308 10.8783
14.309 10.749
14.31 10.6194
14.311 10.4896
14.312 10.3597
14.313 10.2296
14.314 10.0993
14.315 9.96904
14.316 9.83871
14.317 9.70837
14.318 9.57806
14.319 9.4478
14.32 9.31764
14.321 9.1876
14.322 9.05771
14.323 8.92799
14.324 8.79847
14.325 8.66917
14.326 8.54012
14.327 8.41133
14.328 8.28282
14.329 8.15463
14.33 8.02677
14.331 7.89925
14.332 7.77211
14.333 7.64534
14.334 7.51896
14.335 7.393
14.336 7.26745
14.337 7.14234
14.338 7.01768
14.339 6.89348
14.34 6.76974
14.341 6.64649
14.342 6.52373
14.343 6.40148
14.344 6.27974
14.345 6.15853
14.346 6.03785
14.347 5.91771
14.348 5.79812
14.349 5.6791
14.35 5.56065
14.351 5.44278
14.352 5.3255
14.353 5.20882
14.354 5.09274
14.355 4.97729
14.356 4.86247
14.357 4.74828
14.358 4.63474
14.359 4.52186
14.36 4.40964
14.361 4.29809
14.362 4.18723
14.363 4.07707
14.364 3.96762
14.365 3.85889
14.366 3.75089
14.367 3.64364
14.368 3.53715
14.369 3.43142
14.37 3.32647
14.371 3.22232
14.372 3.11897
14.373 3.01644
14.374 2.91474
14.375 2.81389
14.376 2.71391
14.377 2.6148
14.378 2.51659
14.379 2.41928
14.38 2.32289
14.381 2.22743
14.382 2.13291
14.383 2.03936
14.384 1.94679
14.385 1.85521
14.386 1.76465
14.387 1.6751
14.388 1.5866
14.389 1.49915
14.39 1.41277
14.391 1.32747
14.392 1.24327
14.393 1.16018
14.394 1.07821
14.395 0.997378
14.396 0.9177
14.397 0.839188
14.398 0.761854
14.399 0.68571
14.4 0.610769
14.401 0.537043
14.402 0.464543
14.403 0.393277
14.404 0.323257
14.405 0.254491
14.406 0.186989
14.407 0.120759
14.408 0.0558106
14.409 -0.00784915
14.41 -0.0702119
14.411 -0.13127
14.412 -0.191017
14.413 -0.249445
14.414 -0.306547
14.415 -0.362318
14.416 -0.416751
14.417 -0.469841
14.418 -0.521583
14.419 -0.571971
14.42 -0.621001
14.421 -0.668669
14.422 -0.714973
14.423 -0.759911
14.424 -0.803483
14.425 -0.845687
14.426 -0.886524
14.427 -0.925993
14.428 -0.964095
14.429 -1.00083
14.43 -1.0362
14.431 -1.0702
14.432 -1.10285
14.433 -1.13413
14.434 -1.16405
14.435 -1.19261
14.436 -1.21982
14.437 -1.24568
14.438 -1.27019
14.439 -1.29335
14.44 -1.31518
14.441 -1.33566
14.442 -1.35482
14.443 -1.37265
14.444 -1.38916
14.445 -1.40436
14.446 -1.41826
14.447 -1.43085
14.448 -1.44215
14.449 -1.45217
14.45 -1.46092
14.451 -1.46839
14.452 -1.47461
14.453 -1.47957
14.454 -1.48328
14.455 -1.48576
14.456 -1.487
14.457 -1.48702
14.458 -1.48582
14.459 -1.48341
14.46 -1.47981
14.461 -1.47502
14.462 -1.46906
14.463 -1.46192
14.464 -1.45363
14.465 -1.44418
14.466 -1.43359
14.467 -1.42187
14.468 -1.40902
14.469 -1.39505
14.47 -1.37998
14.471 -1.36381
14.472 -1.34656
14.473 -1.32824
14.474 -1.30885
14.475 -1.2884
14.476 -1.26692
14.477 -1.24439
14.478 -1.22085
14.479 -1.1963
14.48 -1.17075
14.481 -1.14421
14.482 -1.1167
14.483 -1.08824
14.484 -1.05882
14.485 -1.02847
14.486 -0.997202
14.487 -0.965028
14.488 -0.931962
14.489 -0.898019
14.49 -0.863214
14.491 -0.827562
14.492 -0.791078
14.493 -0.753778
14.494 -0.715678
14.495 -0.676794
14.496 -0.637142
14.497 -0.596738
14.498 -0.555601
14.499 -0.513745
14.5 -0.47119
14.501 -0.427953
14.502 -0.384052
14.503 -0.339507
14.504 -0.294337
14.505 -0.248562
14.506 -0.202202
14.507 -0.155276
14.508 -0.107805
14.509 -0.05981
14.51 -0.0113106
14.511 0.0376718
14.512 0.0871155
14.513 0.136998
14.514 0.187297
14.515 0.23799
14.516 0.289054
14.517 0.340466
14.518 0.392203
14.519 0.444243
14.52 0.496561
14.521 0.549135
14.522 0.60194
14.523 0.654952
14.524 0.708145
14.525 0.761496
14.526 0.814979
14.527 0.86857
14.528 0.922243
14.529 0.975975
14.53 1.02974
14.531 1.08351
14.532 1.13726
14.533 1.19097
14.534 1.24459
14.535 1.29811
14.536 1.3515
14.537 1.40473
14.538 1.45777
14.539 1.51059
14.54 1.56316
14.541 1.61546
14.542 1.66747
14.543 1.71914
14.544 1.77045
14.545 1.82138
14.546 1.8719
14.547 1.92197
14.548 1.97158
14.549 2.02069
14.55 2.06928
14.551 2.11732
14.552 2.16479
14.553 2.21165
14.554 2.25787
14.555 2.30342
14.556 2.34828
14.557 2.39243
14.558 2.43582
14.559 2.47843
14.56 2.52025
14.561 2.56123
14.562 2.60136
14.563 2.64061
14.564 2.67896
14.565 2.71638
14.566 2.75286
14.567 2.78836
14.568 2.82287
14.569 2.85637
14.57 2.88883
14.571 2.92023
14.572 2.95057
14.573 2.97982
14.574 3.00796
14.575 3.03499
14.576 3.06089
14.577 3.08564
14.578 3.10923
14.579 3.13165
14.58 3.15289
14.581 3.17293
14.582 3.19178
14.583 3.20941
14.584 3.22583
14.585 3.24103
14.586 3.255
14.587 3.26774
14.588 3.27925
14.589 3.28951
14.59 3.29854
14.591 3.30632
14.592 3.31285
14.593 3.31814
14.594 3.32218
14.595 3.32497
14.596 3.32652
14.597 3.32682
14.598 3.32588
14.599 3.3237
14.6 3.32028
14.601 3.31563
14.602 3.30975
14.603 3.30265
14.604 3.29433
14.605 3.28481
14.606 3.27409
14.607 3.26218
14.608 3.24908
14.609 3.23482
14.61 3.21939
14.611 3.20281
14.612 3.18508
14.613 3.16623
14.614 3.14625
14.615 3.12515
14.616 3.10296
14.617 3.07967
14.618 3.05531
14.619 3.02988
14.62 3.00339
14.621 2.97587
14.622 2.9473
14.623 2.91772
14.624 2.88712
14.625 2.85551
14.626 2.82291
14.627 2.78932
14.628 2.75475
14.629 2.71922
14.63 2.68273
14.631 2.6453
14.632 2.60694
14.633 2.56764
14.634 2.52743
14.635 2.48632
14.636 2.4443
14.637 2.40139
14.638 2.3576
14.639 2.31294
14.64 2.26742
14.641 2.22106
14.642 2.17385
14.643 2.12582
14.644 2.07697
14.645 2.02732
14.646 1.97687
14.647 1.92564
14.648 1.87364
14.649 1.82087
14.65 1.76737
14.651 1.71313
14.652 1.65817
14.653 1.60251
14.654 1.54616
14.655 1.48914
14.656 1.43147
14.657 1.37317
14.658 1.31424
14.659 1.25471
14.66 1.1946
14.661 1.13392
14.662 1.0727
14.663 1.01095
14.664 0.948696
14.665 0.885957
14.666 0.822755
14.667 0.759111
14.668 0.695046
14.669 0.630581
14.67 0.565739
14.671 0.500541
14.672 0.435012
14.673 0.369178
14.674 0.303063
14.675 0.236693
14.676 0.170093
14.677 0.10329
14.678 0.0363066
14.679 -0.0308302
14.68 -0.0980957
14.681 -0.165464
14.682 -0.232909
14.683 -0.300402
14.684 -0.367918
14.685 -0.435428
14.686 -0.502906
14.687 -0.570325
14.688 -0.63766
14.689 -0.704883
14.69 -0.771969
14.691 -0.838893
14.692 -0.905627
14.693 -0.972145
14.694 -1.03842
14.695 -1.10443
14.696 -1.17015
14.697 -1.23555
14.698 -1.3006
14.699 -1.36529
14.7 -1.42959
14.701 -1.49347
14.702 -1.55692
14.703 -1.61991
14.704 -1.68241
14.705 -1.74442
14.706 -1.80591
14.707 -1.86686
14.708 -1.92724
14.709 -1.98705
14.71 -2.04625
14.711 -2.10484
14.712 -2.1628
14.713 -2.22011
14.714 -2.27677
14.715 -2.33275
14.716 -2.38805
14.717 -2.44265
14.718 -2.49654
14.719 -2.54972
14.72 -2.60216
14.721 -2.65386
14.722 -2.70482
14.723 -2.75501
14.724 -2.80445
14.725 -2.85311
14.726 -2.901
14.727 -2.9481
14.728 -2.99442
14.729 -3.03995
14.73 -3.08468
14.731 -3.1286
14.732 -3.17173
14.733 -3.21404
14.734 -3.25555
14.735 -3.29624
14.736 -3.33612
14.737 -3.37519
14.738 -3.41345
14.739 -3.45088
14.74 -3.48751
14.741 -3.52331
14.742 -3.55831
14.743 -3.59249
14.744 -3.62586
14.745 -3.65842
14.746 -3.69018
14.747 -3.72114
14.748 -3.75129
14.749 -3.78066
14.75 -3.80922
14.751 -3.83701
14.752 -3.864
14.753 -3.89021
14.754 -3.91565
14.755 -3.94031
14.756 -3.9642
14.757 -3.98732
14.758 -4.00968
14.759 -4.03128
14.76 -4.05212
14.761 -4.07222
14.762 -4.09158
14.763 -4.1102
14.764 -4.12809
14.765 -4.14526
14.766 -4.16171
14.767 -4.17745
14.768 -4.1925
14.769 -4.20685
14.77 -4.22052
14.771 -4.23351
14.772 -4.24583
14.773 -4.2575
14.774 -4.26851
14.775 -4.27888
14.776 -4.28861
14.777 -4.29772
14.778 -4.30622
14.779 -4.31411
14.78 -4.3214
14.781 -4.3281
14.782 -4.33422
14.783 -4.33977
14.784 -4.34476
14.785 -4.34918
14.786 -4.35306
14.787 -4.35639
14.788 -4.35919
14.789 -4.36147
14.79 -4.36322
14.791 -4.36447
14.792 -4.36521
14.793 -4.36546
14.794 -4.36523
14.795 -4.36451
14.796 -4.36333
14.797 -4.3617
14.798 -4.35961
14.799 -4.35709
14.8 -4.35414
14.801 -4.35076
14.802 -4.34698
14.803 -4.34279
14.804 -4.3382
14.805 -4.33323
14.806 -4.32788
14.807 -4.32216
14.808 -4.31608
14.809 -4.30965
14.81 -4.30287
14.811 -4.29577
14.812 -4.28834
14.813 -4.28059
14.814 -4.27255
14.815 -4.26421
14.816 -4.2556
14.817 -4.24671
14.818 -4.23756
14.819 -4.22817
14.82 -4.21853
14.821 -4.20868
14.822 -4.1986
14.823 -4.18832
14.824 -4.17785
14.825 -4.16719
14.826 -4.15636
14.827 -4.14537
14.828 -4.13423
14.829 -4.12295
14.83 -4.11155
14.831 -4.10003
14.832 -4.0884
14.833 -4.07669
14.834 -4.06489
14.835 -4.05303
14.836 -4.04112
14.837 -4.02916
14.838 -4.01717
14.839 -4.00516
14.84 -3.99315
14.841 -3.98115
14.842 -3.96916
14.843 -3.95721
14.844 -3.94529
14.845 -3.93342
14.846 -3.92161
14.847 -3.90988
14.848 -3.89823
14.849 -3.88667
14.85 -3.87521
14.851 -3.86387
14.852 -3.85265
14.853 -3.84156
14.854 -3.8306
14.855 -3.81979
14.856 -3.80913
14.857 -3.79864
14.858 -3.7883
14.859 -3.77815
14.86 -3.76817
14.861 -3.75838
14.862 -3.74878
14.863 -3.73937
14.864 -3.73015
14.865 -3.72112
14.866 -3.71228
14.867 -3.70363
14.868 -3.69517
14.869 -3.68691
14.87 -3.67883
14.871 -3.67094
14.872 -3.66324
14.873 -3.65571
14.874 -3.64835
14.875 -3.64115
14.876 -3.6341
14.877 -3.6272
14.878 -3.62042
14.879 -3.61378
14.88 -3.60725
14.881 -3.60084
14.882 -3.59451
14.883 -3.58827
14.884 -3.58209
14.885 -3.57595
14.886 -3.56984
14.887 -3.56375
14.888 -3.55766
14.889 -3.55155
14.89 -3.5454
14.891 -3.53921
14.892 -3.53295
14.893 -3.5266
14.894 -3.52014
14.895 -3.51356
14.896 -3.50684
14.897 -3.49996
14.898 -3.49291
14.899 -3.48565
14.9 -3.47818
14.901 -3.47048
14.902 -3.46254
14.903 -3.45432
14.904 -3.44583
14.905 -3.43704
14.906 -3.42793
14.907 -3.4185
14.908 -3.40872
14.909 -3.39858
14.91 -3.38806
14.911 -3.37715
14.912 -3.36585
14.913 -3.35413
14.914 -3.34199
14.915 -3.32943
14.916 -3.31644
14.917 -3.303
14.918 -3.28912
14.919 -3.27477
14.92 -3.25996
14.921 -3.24468
14.922 -3.22892
14.923 -3.21269
14.924 -3.19597
14.925 -3.17877
14.926 -3.16108
14.927 -3.14291
14.928 -3.12424
14.929 -3.10508
14.93 -3.08542
14.931 -3.06527
14.932 -3.04462
14.933 -3.02349
14.934 -3.00186
14.935 -2.97975
14.936 -2.95716
14.937 -2.93409
14.938 -2.91055
14.939 -2.88654
14.94 -2.86206
14.941 -2.83711
14.942 -2.81171
14.943 -2.78585
14.944 -2.75955
14.945 -2.7328
14.946 -2.70562
14.947 -2.678
14.948 -2.64995
14.949 -2.62149
14.95 -2.5926
14.951 -2.56331
14.952 -2.53362
14.953 -2.50353
14.954 -2.47305
14.955 -2.44219
14.956 -2.41096
14.957 -2.37937
14.958 -2.34743
14.959 -2.31514
14.96 -2.28251
14.961 -2.24955
14.962 -2.21627
14.963 -2.18268
14.964 -2.14877
14.965 -2.11456
14.966 -2.08006
14.967 -2.04527
14.968 -2.01019
14.969 -1.97485
14.97 -1.93923
14.971 -1.90335
14.972 -1.86722
14.973 -1.83084
14.974 -1.79421
14.975 -1.75734
14.976 -1.72024
14.977 -1.6829
14.978 -1.64534
14.979 -1.60757
14.98 -1.56957
14.981 -1.53137
14.982 -1.49297
14.983 -1.45437
14.984 -1.41558
14.985 -1.37662
14.986 -1.33747
14.987 -1.29816
14.988 -1.25869
14.989 -1.21906
14.99 -1.17929
14.991 -1.13937
14.992 -1.09932
14.993 -1.05916
14.994 -1.01887
14.995 -0.97849
14.996 -0.938011
14.997 -0.897446
14.998 -0.856806
14.999 -0.816098
15 -0.775332
15.001 -0.734518
15.002 -0.693665
15.003 -0.652782
15.004 -0.611881
15.005 -0.570971
15.006 -0.530062
15.007 -0.489163
15.008 -0.448285
15.009 -0.407436
15.01 -0.366627
15.011 -0.325866
15.012 -0.285163
15.013 -0.24453
15.014 -0.203976
15.015 -0.163511
15.016 -0.123146
15.017 -0.0828893
15.018 -0.0427513
15.019 -0.00274134
15.02 0.0371311
15.021 0.0768573
15.022 0.116429
15.023 0.155839
15.024 0.195079
15.025 0.234143
15.026 0.273023
15.027 0.311712
15.028 0.350203
15.029 0.38849
15.03 0.426566
15.031 0.464424
15.032 0.502058
15.033 0.53946
15.034 0.576622
15.035 0.613539
15.036 0.650204
15.037 0.686609
15.038 0.722748
15.039 0.758616
15.04 0.794205
15.041 0.829511
15.042 0.864527
15.043 0.899249
15.044 0.933669
15.045 0.967784
15.046 1.00159
15.047 1.03508
15.048 1.06824
15.049 1.10109
15.05 1.1336
15.051 1.16578
15.052 1.19762
15.053 1.22911
15.054 1.26026
15.055 1.29105
15.056 1.32149
15.057 1.35156
15.058 1.38126
15.059 1.41059
15.06 1.43955
15.061 1.46813
15.062 1.49632
15.063 1.52413
15.064 1.55155
15.065 1.57857
15.066 1.6052
15.067 1.63142
15.068 1.65725
15.069 1.68267
15.07 1.70769
15.071 1.73229
15.072 1.75648
15.073 1.78026
15.074 1.80363
15.075 1.82657
15.076 1.8491
15.077 1.87121
15.078 1.89289
15.079 1.91416
15.08 1.935
15.081 1.95542
15.082 1.9754
15.083 1.99496
15.084 2.01409
15.085 2.03278
15.086 2.05103
15.087 2.06883
15.088 2.0862
15.089 2.10312
15.09 2.11959
15.091 2.13561
15.092 2.15118
15.093 2.1663
15.094 2.18096
15.095 2.19517
15.096 2.20892
15.097 2.22221
15.098 2.23505
15.099 2.24742
15.1 2.25933
15.101 2.27078
15.102 2.28178
15.103 2.29233
15.104 2.30242
15.105 2.31208
15.106 2.3213
15.107 2.33009
15.108 2.33846
15.109 2.3464
15.11 2.35393
15.111 2.36105
15.112 2.36777
15.113 2.3741
15.114 2.38006
15.115 2.38564
15.116 2.39087
15.117 2.39574
15.118 2.40028
15.119 2.40448
15.12 2.40837
15.121 2.41195
15.122 2.41524
15.123 2.41825
15.124 2.42099
15.125 2.42348
15.126 2.42574
15.127 2.42777
15.128 2.4296
15.129 2.43123
15.13 2.43269
15.131 2.43398
15.132 2.43512
15.133 2.43613
15.134 2.43702
15.135 2.43781
15.136 2.4385
15.137 2.43912
15.138 2.43968
15.139 2.44019
15.14 2.44067
15.141 2.44114
15.142 2.4416
15.143 2.44206
15.144 2.44256
15.145 2.44308
15.146 2.44366
15.147 2.44429
15.148 2.44501
15.149 2.4458
15.15 2.4467
15.151 2.44772
15.152 2.44885
15.153 2.45013
15.154 2.45156
15.155 2.45315
15.156 2.45492
15.157 2.45687
15.158 2.45902
15.159 2.46139
15.16 2.46398
15.161 2.4668
15.162 2.46987
15.163 2.4732
15.164 2.47679
15.165 2.48066
15.166 2.48481
15.167 2.48926
15.168 2.49402
15.169 2.49909
15.17 2.50449
15.171 2.51021
15.172 2.51628
15.173 2.5227
15.174 2.52948
15.175 2.53661
15.176 2.54412
15.177 2.55201
15.178 2.56028
15.179 2.56894
15.18 2.578
15.181 2.58747
15.182 2.59734
15.183 2.60764
15.184 2.61836
15.185 2.62951
15.186 2.6411
15.187 2.65314
15.188 2.66563
15.189 2.67858
15.19 2.692
15.191 2.70588
15.192 2.72024
15.193 2.73509
15.194 2.75042
15.195 2.76624
15.196 2.78256
15.197 2.79938
15.198 2.81671
15.199 2.83455
15.2 2.8529
15.201 2.87178
15.202 2.89117
15.203 2.9111
15.204 2.93155
15.205 2.95253
15.206 2.97406
15.207 2.99612
15.208 3.01872
15.209 3.04186
15.21 3.06556
15.211 3.0898
15.212 3.11459
15.213 3.13992
15.214 3.16579
15.215 3.19221
15.216 3.21916
15.217 3.24665
15.218 3.27467
15.219 3.30322
15.22 3.33229
15.221 3.36189
15.222 3.392
15.223 3.42262
15.224 3.45373
15.225 3.48533
15.226 3.51741
15.227 3.54995
15.228 3.58296
15.229 3.61642
15.23 3.65032
15.231 3.68465
15.232 3.71939
15.233 3.75453
15.234 3.79005
15.235 3.82593
15.236 3.86215
15.237 3.8987
15.238 3.93556
15.239 3.97271
15.24 4.01014
15.241 4.04781
15.242 4.08572
15.243 4.12384
15.244 4.16215
15.245 4.20062
15.246 4.23923
15.247 4.27796
15.248 4.31679
15.249 4.35569
15.25 4.39464
15.251 4.43361
15.252 4.47259
15.253 4.51155
15.254 4.55047
15.255 4.58932
15.256 4.62808
15.257 4.66673
15.258 4.70524
15.259 4.7436
15.26 4.78177
15.261 4.81973
15.262 4.85748
15.263 4.89498
15.264 4.93221
15.265 4.96917
15.266 5.00584
15.267 5.04218
15.268 5.0782
15.269 5.11386
15.27 5.14916
15.271 5.18407
15.272 5.21858
15.273 5.2527
15.274 5.2864
15.275 5.31967
15.276 5.35252
15.277 5.38493
15.278 5.41688
15.279 5.44839
15.28 5.47942
15.281 5.50999
15.282 5.54008
15.283 5.5697
15.284 5.59883
15.285 5.62747
15.286 5.65563
15.287 5.68329
15.288 5.71046
15.289 5.73713
15.29 5.7633
15.291 5.78898
15.292 5.81414
15.293 5.83881
15.294 5.86296
15.295 5.88661
15.296 5.90975
15.297 5.93238
15.298 5.9545
15.299 5.97611
15.3 5.99721
15.301 6.01779
15.302 6.03785
15.303 6.0574
15.304 6.07642
15.305 6.09491
15.306 6.11287
15.307 6.1303
15.308 6.14719
15.309 6.16354
15.31 6.17935
15.311 6.19461
15.312 6.20931
15.313 6.22346
15.314 6.23702
15.315 6.25001
15.316 6.2624
15.317 6.27419
15.318 6.28537
15.319 6.29593
15.32 6.30587
15.321 6.31517
15.322 6.32382
15.323 6.33181
15.324 6.33913
15.325 6.34578
15.326 6.35173
15.327 6.35697
15.328 6.3615
15.329 6.36531
15.33 6.36839
15.331 6.37072
15.332 6.37229
15.333 6.3731
15.334 6.37312
15.335 6.37234
15.336 6.37076
15.337 6.36835
15.338 6.36512
15.339 6.36105
15.34 6.35612
15.341 6.35033
15.342 6.34367
15.343 6.33612
15.344 6.32767
15.345 6.31832
15.346 6.30806
15.347 6.29687
15.348 6.28475
15.349 6.27169
15.35 6.25768
15.351 6.24272
15.352 6.22679
15.353 6.20991
15.354 6.19206
15.355 6.17325
15.356 6.15347
15.357 6.13273
15.358 6.11102
15.359 6.08834
15.36 6.06469
15.361 6.04008
15.362 6.01451
15.363 5.98798
15.364 5.9605
15.365 5.93208
15.366 5.90271
15.367 5.87242
15.368 5.84119
15.369 5.80904
15.37 5.77599
15.371 5.74203
15.372 5.70717
15.373 5.67143
15.374 5.63483
15.375 5.59737
15.376 5.55906
15.377 5.51993
15.378 5.47998
15.379 5.43922
15.38 5.39768
15.381 5.35536
15.382 5.31229
15.383 5.26847
15.384 5.22392
15.385 5.17865
15.386 5.13269
15.387 5.08605
15.388 5.03874
15.389 4.99078
15.39 4.94219
15.391 4.89298
15.392 4.84318
15.393 4.79279
15.394 4.74184
15.395 4.69035
15.396 4.63833
15.397 4.5858
15.398 4.53278
15.399 4.47929
15.4 4.42534
15.401 4.37096
15.402 4.31616
15.403 4.26095
15.404 4.20535
15.405 4.14936
15.406 4.09301
15.407 4.0363
15.408 3.97925
15.409 3.92187
15.41 3.86418
15.411 3.80618
15.412 3.7479
15.413 3.68934
15.414 3.63051
15.415 3.57142
15.416 3.51208
15.417 3.4525
15.418 3.3927
15.419 3.33268
15.42 3.27245
15.421 3.21203
15.422 3.15142
15.423 3.09063
15.424 3.02968
15.425 2.96857
15.426 2.9073
15.427 2.8459
15.428 2.78436
15.429 2.7227
15.43 2.66092
15.431 2.59904
15.432 2.53707
15.433 2.47501
15.434 2.41288
15.435 2.35069
15.436 2.28844
15.437 2.22616
15.438 2.16384
15.439 2.1015
15.44 2.03916
15.441 1.97681
15.442 1.91447
15.443 1.85216
15.444 1.78988
15.445 1.72765
15.446 1.66547
15.447 1.60336
15.448 1.54134
15.449 1.4794
15.45 1.41756
15.451 1.35584
15.452 1.29424
15.453 1.23279
15.454 1.1715
15.455 1.11039
15.456 1.04947
15.457 0.98877
15.458 0.928294
15.459 0.868061
15.46 0.808086
15.461 0.748385
15.462 0.688978
15.463 0.629884
15.464 0.571121
15.465 0.51271
15.466 0.454668
15.467 0.397015
15.468 0.339768
15.469 0.282945
15.47 0.226563
15.471 0.170642
15.472 0.115199
15.473 0.0602566
15.474 0.00583392
15.475 -0.0480492
15.476 -0.101373
15.477 -0.154119
15.478 -0.206267
15.479 -0.2578
15.48 -0.308699
15.481 -0.358946
15.482 -0.408522
15.483 -0.457409
15.484 -0.505588
15.485 -0.553042
15.486 -0.599754
15.487 -0.645705
15.488 -0.690879
15.489 -0.73526
15.49 -0.77883
15.491 -0.821575
15.492 -0.863481
15.493 -0.904535
15.494 -0.944724
15.495 -0.984036
15.496 -1.02246
15.497 -1.05998
15.498 -1.0966
15.499 -1.13229
15.5 -1.16704
15.501 -1.20086
15.502 -1.23372
15.503 -1.26564
15.504 -1.29658
15.505 -1.32657
15.506 -1.35558
15.507 -1.38362
15.508 -1.41067
15.509 -1.43675
15.51 -1.46183
15.511 -1.48593
15.512 -1.50903
15.513 -1.53114
15.514 -1.55226
15.515 -1.57238
15.516 -1.59152
15.517 -1.60966
15.518 -1.62682
15.519 -1.64298
15.52 -1.65816
15.521 -1.67236
15.522 -1.68557
15.523 -1.69782
15.524 -1.70909
15.525 -1.7194
15.526 -1.72875
15.527 -1.73715
15.528 -1.7446
15.529 -1.75111
15.53 -1.75669
15.531 -1.76135
15.532 -1.76509
15.533 -1.76791
15.534 -1.76983
15.535 -1.77085
15.536 -1.77097
15.537 -1.77021
15.538 -1.76856
15.539 -1.76605
15.54 -1.76268
15.541 -1.75845
15.542 -1.75338
15.543 -1.74747
15.544 -1.74073
15.545 -1.73317
15.546 -1.72481
15.547 -1.71565
15.548 -1.70569
15.549 -1.69496
15.55 -1.68346
15.551 -1.67121
15.552 -1.6582
15.553 -1.64446
15.554 -1.62998
15.555 -1.61479
15.556 -1.59889
15.557 -1.58229
15.558 -1.56501
15.559 -1.54705
15.56 -1.52842
15.561 -1.50915
15.562 -1.48923
15.563 -1.46867
15.564 -1.4475
15.565 -1.42571
15.566 -1.40333
15.567 -1.38036
15.568 -1.35681
15.569 -1.33269
15.57 -1.30802
15.571 -1.28281
15.572 -1.25707
15.573 -1.23081
15.574 -1.20404
15.575 -1.17678
15.576 -1.14905
15.577 -1.12084
15.578 -1.09218
15.579 -1.06307
15.58 -1.03354
15.581 -1.0036
15.582 -0.973249
15.583 -0.942515
15.584 -0.911411
15.585 -0.879951
15.586 -0.848149
15.587 -0.816022
15.588 -0.783585
15.589 -0.750852
15.59 -0.717839
15.591 -0.684563
15.592 -0.651039
15.593 -0.617285
15.594 -0.583318
15.595 -0.549154
15.596 -0.51481
15.597 -0.480305
15.598 -0.445655
15.599 -0.410877
15.6 -0.375988
15.601 -0.341006
15.602 -0.30595
15.603 -0.270837
15.604 -0.235686
15.605 -0.200516
15.606 -0.165345
15.607 -0.130192
15.608 -0.0950755
15.609 -0.0600133
15.61 -0.025024
15.611 0.00987409
15.612 0.0446626
15.613 0.0793235
15.614 0.113838
15.615 0.14819
15.616 0.182359
15.617 0.216328
15.618 0.250081
15.619 0.283597
15.62 0.316861
15.621 0.349856
15.622 0.382563
15.623 0.414969
15.624 0.447057
15.625 0.478811
15.626 0.510216
15.627 0.541257
15.628 0.571919
15.629 0.602186
15.63 0.632044
15.631 0.661478
15.632 0.690477
15.633 0.719029
15.634 0.747121
15.635 0.774743
15.636 0.801884
15.637 0.828532
15.638 0.854678
15.639 0.88031
15.64 0.905419
15.641 0.929995
15.642 0.954027
15.643 0.977507
15.644 1.00043
15.645 1.02277
15.646 1.04454
15.647 1.06572
15.648 1.0863
15.649 1.10628
15.65 1.12565
15.651 1.1444
15.652 1.16252
15.653 1.18
15.654 1.19684
15.655 1.21303
15.656 1.22857
15.657 1.24343
15.658 1.25763
15.659 1.27114
15.66 1.28398
15.661 1.29612
15.662 1.30756
15.663 1.3183
15.664 1.32832
15.665 1.33763
15.666 1.3462
15.667 1.35405
15.668 1.36115
15.669 1.36751
15.67 1.37312
15.671 1.37797
15.672 1.38205
15.673 1.38537
15.674 1.38791
15.675 1.38966
15.676 1.39063
15.677 1.3908
15.678 1.39017
15.679 1.38873
15.68 1.38648
15.681 1.38342
15.682 1.37953
15.683 1.37481
15.684 1.36926
15.685 1.36288
15.686 1.35564
15.687 1.34756
15.688 1.33862
15.689 1.32882
15.69 1.31817
15.691 1.30664
15.692 1.29425
15.693 1.28098
15.694 1.26683
15.695 1.25181
15.696 1.2359
15.697 1.2191
15.698 1.20142
15.699 1.18284
15.7 1.16337
15.701 1.14301
15.702 1.12176
15.703 1.09962
15.704 1.07658
15.705 1.05266
15.706 1.02785
15.707 1.00216
15.708 0.975579
15.709 0.948124
15.71 0.919793
15.711 0.890592
15.712 0.860525
15.713 0.8296
15.714 0.797825
15.715 0.765206
15.716 0.731751
15.717 0.69747
15.718 0.66237
15.719 0.62646
15.72 0.589751
15.721 0.552251
15.722 0.513974
15.723 0.47493
15.724 0.435135
15.725 0.394601
15.726 0.353341
15.727 0.311369
15.728 0.268701
15.729 0.225349
15.73 0.18133
15.731 0.136657
15.732 0.0913468
15.733 0.0454139
15.734 -0.00112563
15.735 -0.0482558
15.736 -0.0959606
15.737 -0.144223
15.738 -0.193028
15.739 -0.242357
15.74 -0.292194
15.741 -0.342522
15.742 -0.393323
15.743 -0.444581
15.744 -0.496277
15.745 -0.548394
15.746 -0.600914
15.747 -0.653819
15.748 -0.707091
15.749 -0.760712
15.75 -0.814664
15.751 -0.868928
15.752 -0.923485
15.753 -0.978316
15.754 -1.0334
15.755 -1.08872
15.756 -1.14425
15.757 -1.19998
15.758 -1.25589
15.759 -1.31195
15.76 -1.36815
15.761 -1.42446
15.762 -1.48088
15.763 -1.53738
15.764 -1.59395
15.765 -1.65057
15.766 -1.70722
15.767 -1.76389
15.768 -1.82056
15.769 -1.87722
15.77 -1.93385
15.771 -1.99044
15.772 -2.04696
15.773 -2.10341
15.774 -2.15977
15.775 -2.21602
15.776 -2.27215
15.777 -2.32815
15.778 -2.384
15.779 -2.43968
15.78 -2.49519
15.781 -2.55051
15.782 -2.60562
15.783 -2.66053
15.784 -2.7152
15.785 -2.76964
15.786 -2.82383
15.787 -2.87777
15.788 -2.93143
15.789 -2.98481
15.79 -3.03791
15.791 -3.09071
15.792 -3.14319
15.793 -3.19537
15.794 -3.24722
15.795 -3.29874
15.796 -3.34993
15.797 -3.40077
15.798 -3.45126
15.799 -3.50139
15.8 -3.55116
15.801 -3.60056
15.802 -3.64958
15.803 -3.69822
15.804 -3.74646
15.805 -3.79431
15.806 -3.84175
15.807 -3.88877
15.808 -3.93537
15.809 -3.98155
15.81 -4.02729
15.811 -4.0726
15.812 -4.11746
15.813 -4.16186
15.814 -4.20581
15.815 -4.24929
15.816 -4.2923
15.817 -4.33483
15.818 -4.37689
15.819 -4.41845
15.82 -4.45952
15.821 -4.50009
15.822 -4.54016
15.823 -4.57972
15.824 -4.61876
15.825 -4.65728
15.826 -4.69528
15.827 -4.73274
15.828 -4.76967
15.829 -4.80607
15.83 -4.84191
15.831 -4.87721
15.832 -4.91196
15.833 -4.94614
15.834 -4.97976
15.835 -5.01281
15.836 -5.04527
15.837 -5.07716
15.838 -5.10845
15.839 -5.13915
15.84 -5.16926
15.841 -5.19876
15.842 -5.22766
15.843 -5.25594
15.844 -5.28362
15.845 -5.31068
15.846 -5.33712
15.847 -5.36295
15.848 -5.38815
15.849 -5.41273
15.85 -5.43669
15.851 -5.46002
15.852 -5.48273
15.853 -5.50482
15.854 -5.5263
15.855 -5.54717
15.856 -5.56743
15.857 -5.58709
15.858 -5.60616
15.859 -5.62464
15.86 -5.64252
15.861 -5.65983
15.862 -5.67657
15.863 -5.69274
15.864 -5.70836
15.865 -5.72342
15.866 -5.73795
15.867 -5.75194
15.868 -5.76542
15.869 -5.77838
15.87 -5.79083
15.871 -5.80279
15.872 -5.81426
15.873 -5.82526
15.874 -5.83579
15.875 -5.84586
15.876 -5.85548
15.877 -5.86466
15.878 -5.87341
15.879 -5.88175
15.88 -5.88967
15.881 -5.8972
15.882 -5.90432
15.883 -5.91106
15.884 -5.9174
15.885 -5.92336
15.886 -5.92893
15.887 -5.93412
15.888 -5.93893
15.889 -5.94336
15.89 -5.94742
15.891 -5.95111
15.892 -5.95443
15.893 -5.95736
15.894 -5.9599
15.895 -5.96205
15.896 -5.9638
15.897 -5.96514
15.898 -5.96607
15.899 -5.96658
15.9 -5.96666
15.901 -5.96631
15.902 -5.96551
15.903 -5.96424
15.904 -5.9625
15.905 -5.96025
15.906 -5.9575
15.907 -5.95421
15.908 -5.95038
15.909 -5.94599
15.91 -5.94102
15.911 -5.93545
15.912 -5.92927
15.913 -5.92246
15.914 -5.91499
15.915 -5.90685
15.916 -5.89801
15.917 -5.88845
15.918 -5.87815
15.919 -5.8671
15.92 -5.85527
15.921 -5.84265
15.922 -5.82921
15.923 -5.81493
15.924 -5.79981
15.925 -5.78381
15.926 -5.76693
15.927 -5.74915
15.928 -5.73044
15.929 -5.71079
15.93 -5.69019
15.931 -5.66863
15.932 -5.64608
15.933 -5.62254
15.934 -5.59802
15.935 -5.57249
15.936 -5.54596
15.937 -5.51841
15.938 -5.48984
15.939 -5.46025
15.94 -5.42963
15.941 -5.39797
15.942 -5.36529
15.943 -5.33158
15.944 -5.29684
15.945 -5.26108
15.946 -5.22431
15.947 -5.18653
15.948 -5.14775
15.949 -5.10797
15.95 -5.0672
15.951 -5.02544
15.952 -4.98272
15.953 -4.93903
15.954 -4.8944
15.955 -4.84884
15.956 -4.80237
15.957 -4.755
15.958 -4.70675
15.959 -4.65762
15.96 -4.60765
15.961 -4.55684
15.962 -4.50521
15.963 -4.45279
15.964 -4.39959
15.965 -4.34564
15.966 -4.29094
15.967 -4.23554
15.968 -4.17944
15.969 -4.12267
15.97 -4.06525
15.971 -4.00719
15.972 -3.94853
15.973 -3.88928
15.974 -3.82946
15.975 -3.76909
15.976 -3.70819
15.977 -3.64678
15.978 -3.58488
15.979 -3.52252
15.98 -3.45971
15.981 -3.39647
15.982 -3.33283
15.983 -3.26879
15.984 -3.20438
15.985 -3.1396
15.986 -3.07449
15.987 -3.00904
15.988 -2.94329
15.989 -2.87725
15.99 -2.81092
15.991 -2.74434
15.992 -2.67752
15.993 -2.61047
15.994 -2.54321
15.995 -2.47575
15.996 -2.40812
15.997 -2.34033
15.998 -2.27239
15.999 -2.20433
16 -2.13615
16.001 -2.06788
16.002 -1.99953
16.003 -1.93111
16.004 -1.86263
16.005 -1.79412
16.006 -1.72559
16.007 -1.65704
16.008 -1.58849
16.009 -1.51996
16.01 -1.45146
16.011 -1.38301
16.012 -1.3146
16.013 -1.24628
16.014 -1.17804
16.015 -1.10991
16.016 -1.0419
16.017 -0.974025
16.018 -0.906301
16.019 -0.838742
16.02 -0.771362
16.021 -0.704177
16.022 -0.637205
16.023 -0.570467
16.024 -0.50398
16.025 -0.437765
16.026 -0.37184
16.027 -0.306222
16.028 -0.240932
16.029 -0.175985
16.03 -0.1114
16.031 -0.0471962
16.032 0.0166036
16.033 0.0799738
16.034 0.14289
16.035 0.205326
16.036 0.267259
16.037 0.328665
16.038 0.38952
16.039 0.449801
16.04 0.509485
16.041 0.56855
16.042 0.626973
16.043 0.684732
16.044 0.741806
16.045 0.798175
16.046 0.853816
16.047 0.908711
16.048 0.962837
16.049 1.01618
16.05 1.06871
16.051 1.12042
16.052 1.17128
16.053 1.22128
16.054 1.2704
16.055 1.31863
16.056 1.36594
16.057 1.41231
16.058 1.45774
16.059 1.50221
16.06 1.54569
16.061 1.58818
16.062 1.62967
16.063 1.67014
16.064 1.70958
16.065 1.74799
16.066 1.78536
16.067 1.82168
16.068 1.85694
16.069 1.89114
16.07 1.92426
16.071 1.9563
16.072 1.98726
16.073 2.01713
16.074 2.04591
16.075 2.07358
16.076 2.10015
16.077 2.12562
16.078 2.14998
16.079 2.17323
16.08 2.19536
16.081 2.21637
16.082 2.23627
16.083 2.25505
16.084 2.27271
16.085 2.28926
16.086 2.30469
16.087 2.319
16.088 2.3322
16.089 2.34428
16.09 2.35526
16.091 2.36512
16.092 2.37388
16.093 2.38154
16.094 2.3881
16.095 2.39356
16.096 2.39792
16.097 2.4012
16.098 2.4034
16.099 2.40451
16.1 2.40455
16.101 2.40352
16.102 2.40142
16.103 2.39827
16.104 2.39406
16.105 2.38881
16.106 2.38252
16.107 2.3752
16.108 2.36686
16.109 2.3575
16.11 2.34713
16.111 2.33576
16.112 2.3234
16.113 2.31005
16.114 2.29573
16.115 2.28044
16.116 2.2642
16.117 2.247
16.118 2.22886
16.119 2.20979
16.12 2.18979
16.121 2.16888
16.122 2.14707
16.123 2.12436
16.124 2.10077
16.125 2.07629
16.126 2.05094
16.127 2.02474
16.128 1.99768
16.129 1.96977
16.13 1.94104
16.131 1.91148
16.132 1.88111
16.133 1.84995
16.134 1.818
16.135 1.78529
16.136 1.75182
16.137 1.71761
16.138 1.68267
16.139 1.64702
16.14 1.61067
16.141 1.57364
16.142 1.53595
16.143 1.4976
16.144 1.45861
16.145 1.41901
16.146 1.37881
16.147 1.33801
16.148 1.29665
16.149 1.25473
16.15 1.21228
16.151 1.1693
16.152 1.12583
16.153 1.08188
16.154 1.03748
16.155 0.992635
16.156 0.94738
16.157 0.901735
16.158 0.855719
16.159 0.809357
16.16 0.762668
16.161 0.715677
16.162 0.668408
16.163 0.620885
16.164 0.573133
16.165 0.525178
16.166 0.477045
16.167 0.428758
16.168 0.380344
16.169 0.331826
16.17 0.28323
16.171 0.234583
16.172 0.185914
16.173 0.137253
16.174 0.0886294
16.175 0.040074
16.176 -0.00838336
16.177 -0.0567127
16.178 -0.104884
16.179 -0.152868
16.18 -0.200635
16.181 -0.248154
16.182 -0.295397
16.183 -0.342332
16.184 -0.388929
16.185 -0.435158
16.186 -0.480989
16.187 -0.526393
16.188 -0.571339
16.189 -0.6158
16.19 -0.659746
16.191 -0.703147
16.192 -0.745976
16.193 -0.788202
16.194 -0.829796
16.195 -0.870731
16.196 -0.910977
16.197 -0.950506
16.198 -0.989292
16.199 -1.02731
16.2 -1.06452
16.201 -1.10091
16.202 -1.13646
16.203 -1.17114
16.204 -1.20493
16.205 -1.23782
16.206 -1.26978
16.207 -1.3008
16.208 -1.33085
16.209 -1.35992
16.21 -1.388
16.211 -1.41505
16.212 -1.44108
16.213 -1.46607
16.214 -1.49001
16.215 -1.51287
16.216 -1.53467
16.217 -1.55538
16.218 -1.57499
16.219 -1.59349
16.22 -1.61088
16.221 -1.62715
16.222 -1.64229
16.223 -1.6563
16.224 -1.66918
16.225 -1.68093
16.226 -1.69154
16.227 -1.70101
16.228 -1.70936
16.229 -1.71656
16.23 -1.72263
16.231 -1.72757
16.232 -1.73137
16.233 -1.73405
16.234 -1.73561
16.235 -1.73604
16.236 -1.73536
16.237 -1.73357
16.238 -1.73067
16.239 -1.72668
16.24 -1.72159
16.241 -1.71541
16.242 -1.70816
16.243 -1.69983
16.244 -1.69044
16.245 -1.68
16.246 -1.66851
16.247 -1.65598
16.248 -1.64242
16.249 -1.62785
16.25 -1.61227
16.251 -1.59569
16.252 -1.57813
16.253 -1.55959
16.254 -1.54009
16.255 -1.51963
16.256 -1.49822
16.257 -1.47589
16.258 -1.45263
16.259 -1.42847
16.26 -1.40341
16.261 -1.37747
16.262 -1.35066
16.263 -1.32298
16.264 -1.29445
16.265 -1.26508
16.266 -1.23488
16.267 -1.20386
16.268 -1.17203
16.269 -1.1394
16.27 -1.10599
16.271 -1.07181
16.272 -1.03686
16.273 -1.00116
16.274 -0.96472
16.275 -0.927549
16.276 -0.889659
16.277 -0.851062
16.278 -0.811768
16.279 -0.771791
16.28 -0.731141
16.281 -0.689833
16.282 -0.647877
16.283 -0.605285
16.284 -0.562069
16.285 -0.518241
16.286 -0.473815
16.287 -0.428802
16.288 -0.383215
16.289 -0.337069
16.29 -0.290375
16.291 -0.243148
16.292 -0.195402
16.293 -0.14715
16.294 -0.098407
16.295 -0.049187
16.296 0.000495415
16.297 0.0506255
16.298 0.101188
16.299 0.152169
16.3 0.203553
16.301 0.255323
16.302 0.307461
16.303 0.359947
16.304 0.412763
16.305 0.465889
16.306 0.519305
16.307 0.572992
16.308 0.62693
16.309 0.681098
16.31 0.735478
16.311 0.790048
16.312 0.844789
16.313 0.899679
16.314 0.954697
16.315 1.00982
16.316 1.06503
16.317 1.12031
16.318 1.17563
16.319 1.23097
16.32 1.28631
16.321 1.34164
16.322 1.39692
16.323 1.45214
16.324 1.50728
16.325 1.56231
16.326 1.61722
16.327 1.67198
16.328 1.72657
16.329 1.78097
16.33 1.83516
16.331 1.88912
16.332 1.94283
16.333 1.99627
16.334 2.04941
16.335 2.10224
16.336 2.15474
16.337 2.20688
16.338 2.25865
16.339 2.31002
16.34 2.36099
16.341 2.41152
16.342 2.4616
16.343 2.51123
16.344 2.56037
16.345 2.60902
16.346 2.65716
16.347 2.70478
16.348 2.75187
16.349 2.7984
16.35 2.84437
16.351 2.88976
16.352 2.93457
16.353 2.97877
16.354 3.02235
16.355 3.0653
16.356 3.10762
16.357 3.14927
16.358 3.19026
16.359 3.23058
16.36 3.2702
16.361 3.30913
16.362 3.34735
16.363 3.38485
16.364 3.42163
16.365 3.45767
16.366 3.49297
16.367 3.52753
16.368 3.56133
16.369 3.59436
16.37 3.62663
16.371 3.65813
16.372 3.68884
16.373 3.71876
16.374 3.7479
16.375 3.77623
16.376 3.80375
16.377 3.83047
16.378 3.85637
16.379 3.88145
16.38 3.9057
16.381 3.92913
16.382 3.95172
16.383 3.97349
16.384 3.99442
16.385 4.01453
16.386 4.0338
16.387 4.05224
16.388 4.06985
16.389 4.08663
16.39 4.10258
16.391 4.1177
16.392 4.132
16.393 4.14548
16.394 4.15814
16.395 4.16999
16.396 4.18103
16.397 4.19126
16.398 4.20069
16.399 4.20933
16.4 4.21718
16.401 4.22424
16.402 4.23052
16.403 4.23603
16.404 4.24078
16.405 4.24478
16.406 4.24804
16.407 4.25056
16.408 4.25236
16.409 4.25345
16.41 4.25382
16.411 4.25351
16.412 4.2525
16.413 4.25083
16.414 4.24849
16.415 4.24551
16.416 4.24189
16.417 4.23764
16.418 4.23279
16.419 4.22734
16.42 4.2213
16.421 4.21469
16.422 4.20752
16.423 4.19979
16.424 4.19153
16.425 4.18274
16.426 4.17343
16.427 4.16362
16.428 4.15332
16.429 4.14253
16.43 4.13127
16.431 4.11955
16.432 4.10739
16.433 4.09479
16.434 4.08177
16.435 4.06833
16.436 4.05449
16.437 4.04026
16.438 4.02565
16.439 4.01067
16.44 3.99534
16.441 3.97966
16.442 3.96365
16.443 3.94731
16.444 3.93067
16.445 3.91372
16.446 3.89648
16.447 3.87896
16.448 3.86118
16.449 3.84314
16.45 3.82485
16.451 3.80633
16.452 3.78758
16.453 3.76863
16.454 3.74947
16.455 3.73012
16.456 3.7106
16.457 3.69091
16.458 3.67107
16.459 3.65108
16.46 3.63097
16.461 3.61073
16.462 3.59038
16.463 3.56994
16.464 3.5494
16.465 3.52879
16.466 3.50811
16.467 3.48737
16.468 3.46658
16.469 3.44576
16.47 3.42491
16.471 3.40405
16.472 3.38318
16.473 3.36233
16.474 3.34149
16.475 3.32069
16.476 3.29994
16.477 3.27924
16.478 3.25862
16.479 3.23809
16.48 3.21765
16.481 3.19732
16.482 3.17712
16.483 3.15706
16.484 3.13714
16.485 3.11739
16.486 3.09782
16.487 3.07844
16.488 3.05926
16.489 3.04029
16.49 3.02156
16.491 3.00307
16.492 2.98484
16.493 2.96688
16.494 2.94921
16.495 2.93183
16.496 2.91478
16.497 2.89806
16.498 2.88168
16.499 2.86566
16.5 2.85002
16.501 2.83476
16.502 2.81991
16.503 2.80546
16.504 2.79144
16.505 2.77786
16.506 2.76472
16.507 2.75204
16.508 2.73984
16.509 2.72811
16.51 2.71688
16.511 2.70615
16.512 2.69593
16.513 2.68624
16.514 2.67707
16.515 2.66844
16.516 2.66036
16.517 2.65283
16.518 2.64587
16.519 2.63948
16.52 2.63366
16.521 2.62843
16.522 2.62379
16.523 2.61974
16.524 2.6163
16.525 2.61346
16.526 2.61123
16.527 2.60961
16.528 2.60861
16.529 2.60824
16.53 2.60849
16.531 2.60937
16.532 2.61088
16.533 2.61302
16.534 2.61579
16.535 2.6192
16.536 2.62325
16.537 2.62793
16.538 2.63325
16.539 2.6392
16.54 2.64578
16.541 2.653
16.542 2.66086
16.543 2.66935
16.544 2.67846
16.545 2.68821
16.546 2.69859
16.547 2.70959
16.548 2.72121
16.549 2.73345
16.55 2.74631
16.551 2.75978
16.552 2.77387
16.553 2.78856
16.554 2.80386
16.555 2.81976
16.556 2.83627
16.557 2.85337
16.558 2.87106
16.559 2.88934
16.56 2.90821
16.561 2.92765
16.562 2.94767
16.563 2.96826
16.564 2.98941
16.565 3.01111
16.566 3.03336
16.567 3.05615
16.568 3.07948
16.569 3.10333
16.57 3.12771
16.571 3.15259
16.572 3.17797
16.573 3.20385
16.574 3.23022
16.575 3.25706
16.576 3.28437
16.577 3.31214
16.578 3.34036
16.579 3.36902
16.58 3.39811
16.581 3.42763
16.582 3.45755
16.583 3.48788
16.584 3.51859
16.585 3.54968
16.586 3.58113
16.587 3.61294
16.588 3.64509
16.589 3.67757
16.59 3.71037
16.591 3.74347
16.592 3.77687
16.593 3.81055
16.594 3.84449
16.595 3.87868
16.596 3.91311
16.597 3.94777
16.598 3.98264
16.599 4.01771
16.6 4.05295
16.601 4.08837
16.602 4.12395
16.603 4.15966
16.604 4.1955
16.605 4.23145
16.606 4.26749
16.607 4.30362
16.608 4.33981
16.609 4.37605
16.61 4.41232
16.611 4.44862
16.612 4.48492
16.613 4.52121
16.614 4.55746
16.615 4.59367
16.616 4.62982
16.617 4.66588
16.618 4.70185
16.619 4.73771
16.62 4.77344
16.621 4.80902
16.622 4.84444
16.623 4.87967
16.624 4.91471
16.625 4.94954
16.626 4.98414
16.627 5.01849
16.628 5.05258
16.629 5.08638
16.63 5.1199
16.631 5.1531
16.632 5.18598
16.633 5.21851
16.634 5.25068
16.635 5.28248
16.636 5.31388
16.637 5.34488
16.638 5.37545
16.639 5.40559
16.64 5.43527
16.641 5.46449
16.642 5.49322
16.643 5.52147
16.644 5.54921
16.645 5.57644
16.646 5.60314
16.647 5.62931
16.648 5.65493
16.649 5.67999
16.65 5.70449
16.651 5.72842
16.652 5.75175
16.653 5.7745
16.654 5.79664
16.655 5.81816
16.656 5.83907
16.657 5.85935
16.658 5.87899
16.659 5.89799
16.66 5.91634
16.661 5.93403
16.662 5.95105
16.663 5.96741
16.664 5.98309
16.665 5.99809
16.666 6.01241
16.667 6.02604
16.668 6.03898
16.669 6.05122
16.67 6.06276
16.671 6.07361
16.672 6.08374
16.673 6.09317
16.674 6.10189
16.675 6.10989
16.676 6.11718
16.677 6.12375
16.678 6.12961
16.679 6.13474
16.68 6.13916
16.681 6.14285
16.682 6.14582
16.683 6.14806
16.684 6.14958
16.685 6.15036
16.686 6.15041
16.687 6.14972
16.688 6.14829
16.689 6.14613
16.69 6.14323
16.691 6.13958
16.692 6.1352
16.693 6.13007
16.694 6.1242
16.695 6.11758
16.696 6.11022
16.697 6.1021
16.698 6.09325
16.699 6.08364
16.7 6.07329
16.701 6.06219
16.702 6.05034
16.703 6.03774
16.704 6.0244
16.705 6.0103
16.706 5.99545
16.707 5.97984
16.708 5.96348
16.709 5.94637
16.71 5.92851
16.711 5.90989
16.712 5.89052
16.713 5.8704
16.714 5.84954
16.715 5.82792
16.716 5.80556
16.717 5.78246
16.718 5.75861
16.719 5.73403
16.72 5.70871
16.721 5.68266
16.722 5.65588
16.723 5.62837
16.724 5.60013
16.725 5.57117
16.726 5.5415
16.727 5.5111
16.728 5.48
16.729 5.44819
16.73 5.41567
16.731 5.38245
16.732 5.34854
16.733 5.31395
16.734 5.27868
16.735 5.24274
16.736 5.20614
16.737 5.16889
16.738 5.13099
16.739 5.09246
16.74 5.0533
16.741 5.01353
16.742 4.97315
16.743 4.93218
16.744 4.89062
16.745 4.8485
16.746 4.80581
16.747 4.76257
16.748 4.7188
16.749 4.67451
16.75 4.62971
16.751 4.58441
16.752 4.53862
16.753 4.49237
16.754 4.44567
16.755 4.39854
16.756 4.35099
16.757 4.30303
16.758 4.25469
16.759 4.20598
16.76 4.15691
16.761 4.10752
16.762 4.0578
16.763 4.00779
16.764 3.9575
16.765 3.90696
16.766 3.85617
16.767 3.80517
16.768 3.75397
16.769 3.7026
16.77 3.65106
16.771 3.59939
16.772 3.5476
16.773 3.49572
16.774 3.44376
16.775 3.39175
16.776 3.33971
16.777 3.28766
16.778 3.23561
16.779 3.1836
16.78 3.13164
16.781 3.07976
16.782 3.02796
16.783 2.97627
16.784 2.92471
16.785 2.87328
16.786 2.82202
16.787 2.77092
16.788 2.72001
16.789 2.66931
16.79 2.61883
16.791 2.56858
16.792 2.51859
16.793 2.46886
16.794 2.41941
16.795 2.37026
16.796 2.32141
16.797 2.27289
16.798 2.22471
16.799 2.17689
16.8 2.12942
16.801 2.08234
16.802 2.03564
16.803 1.98934
16.804 1.94345
16.805 1.89797
16.806 1.85293
16.807 1.80832
16.808 1.76415
16.809 1.72044
16.81 1.67719
16.811 1.6344
16.812 1.59209
16.813 1.55026
16.814 1.50891
16.815 1.46804
16.816 1.42767
16.817 1.38779
16.818 1.34841
16.819 1.30952
16.82 1.27114
16.821 1.23327
16.822 1.1959
16.823 1.15904
16.824 1.1227
16.825 1.08687
16.826 1.05157
16.827 1.01678
16.828 0.982513
16.829 0.948771
16.83 0.915554
16.831 0.882863
16.832 0.8507
16.833 0.819065
16.834 0.787962
16.835 0.75739
16.836 0.72735
16.837 0.697844
16.838 0.668872
16.839 0.640434
16.84 0.61253
16.841 0.585161
16.842 0.558325
16.843 0.532025
16.844 0.506261
16.845 0.481032
16.846 0.456339
16.847 0.432181
16.848 0.408558
16.849 0.385469
16.85 0.362914
16.851 0.340892
16.852 0.319402
16.853 0.298444
16.854 0.278017
16.855 0.258122
16.856 0.238757
16.857 0.219922
16.858 0.201615
16.859 0.183835
16.86 0.16658
16.861 0.14985
16.862 0.133643
16.863 0.117959
16.864 0.102796
16.865 0.0881536
16.866 0.0740307
16.867 0.0604256
16.868 0.0473369
16.869 0.0347626
16.87 0.0227011
16.871 0.0111498
16.872 0.000105692
16.873 -0.0104348
16.874 -0.0204756
16.875 -0.0300204
16.876 -0.0390734
16.877 -0.0476387
16.878 -0.0557209
16.879 -0.0633242
16.88 -0.0704535
16.881 -0.0771136
16.882 -0.0833105
16.883 -0.0890505
16.884 -0.0943398
16.885 -0.099185
16.886 -0.103593
16.887 -0.10757
16.888 -0.111123
16.889 -0.114259
16.89 -0.116986
16.891 -0.11931
16.892 -0.121241
16.893 -0.122786
16.894 -0.123954
16.895 -0.124755
16.896 -0.125197
16.897 -0.125288
16.898 -0.125038
16.899 -0.124456
16.9 -0.123552
16.901 -0.122336
16.902 -0.120818
16.903 -0.119012
16.904 -0.116929
16.905 -0.114581
16.906 -0.111981
16.907 -0.109141
16.908 -0.106073
16.909 -0.102788
16.91 -0.0993011
16.911 -0.0956226
16.912 -0.0917644
16.913 -0.0877376
16.914 -0.0835537
16.915 -0.0792238
16.916 -0.0747591
16.917 -0.0701711
16.918 -0.0654709
16.919 -0.0606699
16.92 -0.0557792
16.921 -0.0508096
16.922 -0.0457704
16.923 -0.0406703
16.924 -0.0355181
16.925 -0.0303225
16.926 -0.0250922
16.927 -0.0198358
16.928 -0.0145622
16.929 -0.0092798
16.93 -0.0039973
16.931 0.00127772
16.932 0.00653958
16.933 0.0117836
16.934 0.017005
16.935 0.0221993
16.936 0.0273618
16.937 0.032488
16.938 0.0375732
16.939 0.0426131
16.94 0.0476031
16.941 0.0525395
16.942 0.0574198
16.943 0.0622422
16.944 0.0670051
16.945 0.0717066
16.946 0.0763452
16.947 0.0809193
16.948 0.0854274
16.949 0.0898678
16.95 0.0942391
16.951 0.0985399
16.952 0.102769
16.953 0.106924
16.954 0.111005
16.955 0.115011
16.956 0.118939
16.957 0.122789
16.958 0.12656
16.959 0.130251
16.96 0.133861
16.961 0.137388
16.962 0.140831
16.963 0.144187
16.964 0.147455
16.965 0.150632
16.966 0.153717
16.967 0.156707
16.968 0.159601
16.969 0.162397
16.97 0.165093
16.971 0.167686
16.972 0.170173
16.973 0.172547
16.974 0.174804
16.975 0.176937
16.976 0.178943
16.977 0.180815
16.978 0.18255
16.979 0.184141
16.98 0.185583
16.981 0.186873
16.982 0.188002
16.983 0.188963
16.984 0.18975
16.985 0.190356
16.986 0.190773
16.987 0.190995
16.988 0.191014
16.989 0.190825
16.99 0.19042
16.991 0.189793
16.992 0.188938
16.993 0.187848
16.994 0.186517
16.995 0.18494
16.996 0.18311
16.997 0.181021
16.998 0.178668
16.999 0.176044
17 0.173146
17.001 0.169966
17.002 0.166502
17.003 0.162748
17.004 0.158702
17.005 0.15436
17.006 0.149717
17.007 0.144772
17.008 0.13952
17.009 0.133958
17.01 0.128084
17.011 0.121895
17.012 0.115388
17.013 0.108563
17.014 0.101418
17.015 0.0939523
17.016 0.0861646
17.017 0.0780543
17.018 0.0696205
17.019 0.0608627
17.02 0.0517804
17.021 0.0423739
17.022 0.0326448
17.023 0.0225955
17.024 0.0122286
17.025 0.00154664
17.026 -0.00944754
17.027 -0.0207511
17.028 -0.032361
17.029 -0.0442741
17.03 -0.0564871
17.031 -0.0689968
17.032 -0.0817996
17.033 -0.0948919
17.034 -0.10827
17.035 -0.121931
17.036 -0.135869
17.037 -0.150082
17.038 -0.164565
17.039 -0.179315
17.04 -0.194326
17.041 -0.209595
17.042 -0.225116
17.043 -0.240887
17.044 -0.256901
17.045 -0.273154
17.046 -0.289642
17.047 -0.30636
17.048 -0.323302
17.049 -0.340464
17.05 -0.357841
17.051 -0.375428
17.052 -0.393219
17.053 -0.411209
17.054 -0.429394
17.055 -0.447767
17.056 -0.466324
17.057 -0.485058
17.058 -0.503965
17.059 -0.523038
17.06 -0.542273
17.061 -0.561665
17.062 -0.581208
17.063 -0.600902
17.064 -0.620742
17.065 -0.640725
17.066 -0.660847
17.067 -0.681106
17.068 -0.701499
17.069 -0.722021
17.07 -0.74267
17.071 -0.763442
17.072 -0.784334
17.073 -0.805342
17.074 -0.826464
17.075 -0.847695
17.076 -0.869032
17.077 -0.890472
17.078 -0.912011
17.079 -0.933646
17.08 -0.955373
17.081 -0.97719
17.082 -0.999093
17.083 -1.02108
17.084 -1.04315
17.085 -1.0653
17.086 -1.08753
17.087 -1.10983
17.088 -1.1322
17.089 -1.15465
17.09 -1.17717
17.091 -1.19975
17.092 -1.22239
17.093 -1.2451
17.094 -1.26785
17.095 -1.29065
17.096 -1.3135
17.097 -1.33638
17.098 -1.3593
17.099 -1.38225
17.1 -1.40522
17.101 -1.42821
17.102 -1.45121
17.103 -1.47423
17.104 -1.49724
17.105 -1.52024
17.106 -1.54323
17.107 -1.5662
17.108 -1.58914
17.109 -1.61204
17.11 -1.63491
17.111 -1.65772
17.112 -1.68048
17.113 -1.70319
17.114 -1.72583
17.115 -1.7484
17.116 -1.77089
17.117 -1.79331
17.118 -1.81564
17.119 -1.83788
17.12 -1.86003
17.121 -1.88208
17.122 -1.90403
17.123 -1.92587
17.124 -1.94761
17.125 -1.96924
17.126 -1.99076
17.127 -2.01217
17.128 -2.03346
17.129 -2.05464
17.13 -2.0757
17.131 -2.09665
17.132 -2.11747
17.133 -2.13817
17.134 -2.15873
17.135 -2.17917
17.136 -2.19948
17.137 -2.21965
17.138 -2.23969
17.139 -2.25958
17.14 -2.27934
17.141 -2.29894
17.142 -2.31841
17.143 -2.33772
17.144 -2.35688
17.145 -2.37589
17.146 -2.39474
17.147 -2.41344
17.148 -2.43198
17.149 -2.45036
17.15 -2.46857
17.151 -2.48663
17.152 -2.50451
17.153 -2.52221
17.154 -2.53973
17.155 -2.55705
17.156 -2.57417
17.157 -2.59108
17.158 -2.60777
17.159 -2.62425
17.16 -2.64049
17.161 -2.65649
17.162 -2.67225
17.163 -2.68775
17.164 -2.70298
17.165 -2.71795
17.166 -2.73262
17.167 -2.74701
17.168 -2.76109
17.169 -2.77486
17.17 -2.78832
17.171 -2.80144
17.172 -2.81423
17.173 -2.82668
17.174 -2.83877
17.175 -2.85049
17.176 -2.86184
17.177 -2.87281
17.178 -2.88339
17.179 -2.89357
17.18 -2.90334
17.181 -2.91269
17.182 -2.92162
17.183 -2.93012
17.184 -2.93819
17.185 -2.94582
17.186 -2.95301
17.187 -2.95975
17.188 -2.96603
17.189 -2.97186
17.19 -2.97723
17.191 -2.98213
17.192 -2.98656
17.193 -2.99052
17.194 -2.99401
17.195 -2.99703
17.196 -2.99957
17.197 -3.00164
17.198 -3.00324
17.199 -3.00436
17.2 -3.00501
17.201 -3.00518
17.202 -3.00487
17.203 -3.0041
17.204 -3.00286
17.205 -3.00115
17.206 -2.99898
17.207 -2.99636
17.208 -2.99327
17.209 -2.98974
17.21 -2.98576
17.211 -2.98133
17.212 -2.97647
17.213 -2.97116
17.214 -2.96542
17.215 -2.95924
17.216 -2.95264
17.217 -2.94561
17.218 -2.93816
17.219 -2.9303
17.22 -2.92201
17.221 -2.91332
17.222 -2.90421
17.223 -2.8947
17.224 -2.88477
17.225 -2.87444
17.226 -2.8637
17.227 -2.85256
17.228 -2.841
17.229 -2.82905
17.23 -2.81669
17.231 -2.80393
17.232 -2.79077
17.233 -2.7772
17.234 -2.76323
17.235 -2.74886
17.236 -2.73408
17.237 -2.7189
17.238 -2.70331
17.239 -2.68732
17.24 -2.67093
17.241 -2.65413
17.242 -2.63692
17.243 -2.61932
17.244 -2.60131
17.245 -2.58291
17.246 -2.5641
17.247 -2.54489
17.248 -2.52529
17.249 -2.50529
17.25 -2.48489
17.251 -2.46411
17.252 -2.44293
17.253 -2.42138
17.254 -2.39944
17.255 -2.37713
17.256 -2.35445
17.257 -2.3314
17.258 -2.308
17.259 -2.28424
17.26 -2.26013
17.261 -2.23568
17.262 -2.2109
17.263 -2.1858
17.264 -2.16039
17.265 -2.13468
17.266 -2.10868
17.267 -2.0824
17.268 -2.05586
17.269 -2.02906
17.27 -2.00202
17.271 -1.97475
17.272 -1.94726
17.273 -1.91957
17.274 -1.8917
17.275 -1.86366
17.276 -1.83546
17.277 -1.80713
17.278 -1.77867
17.279 -1.75011
17.28 -1.72146
17.281 -1.69273
17.282 -1.66395
17.283 -1.63512
17.284 -1.60628
17.285 -1.57744
17.286 -1.54861
17.287 -1.51982
17.288 -1.49108
17.289 -1.46241
17.29 -1.43384
17.291 -1.40537
17.292 -1.37702
17.293 -1.34882
17.294 -1.32077
17.295 -1.2929
17.296 -1.26522
17.297 -1.23775
17.298 -1.2105
17.299 -1.18349
17.3 -1.15674
17.301 -1.13026
17.302 -1.10407
17.303 -1.07817
17.304 -1.05258
17.305 -1.02731
17.306 -1.00237
17.307 -0.977773
17.308 -0.953532
17.309 -0.929655
17.31 -0.906155
17.311 -0.88304
17.312 -0.86032
17.313 -0.838
17.314 -0.816086
17.315 -0.794586
17.316 -0.773505
17.317 -0.75285
17.318 -0.732625
17.319 -0.712837
17.32 -0.69349
17.321 -0.674591
17.322 -0.656142
17.323 -0.638147
17.324 -0.62061
17.325 -0.603534
17.326 -0.586921
17.327 -0.570774
17.328 -0.555096
17.329 -0.539889
17.33 -0.525156
17.331 -0.510898
17.332 -0.497123
17.333 -0.483836
17.334 -0.471043
17.335 -0.458751
17.336 -0.446965
17.337 -0.435692
17.338 -0.424935
17.339 -0.414701
17.34 -0.404995
17.341 -0.395822
17.342 -0.387189
17.343 -0.379104
17.344 -0.371576
17.345 -0.364612
17.346 -0.358219
17.347 -0.352403
17.348 -0.347173
17.349 -0.342534
17.35 -0.338492
17.351 -0.335055
17.352 -0.332232
17.353 -0.33003
17.354 -0.328461
17.355 -0.327531
17.356 -0.32725
17.357 -0.327627
17.358 -0.328668
17.359 -0.330382
17.36 -0.332775
17.361 -0.335856
17.362 -0.33963
17.363 -0.344105
17.364 -0.349286
17.365 -0.355179
17.366 -0.36179
17.367 -0.369125
17.368 -0.377188
17.369 -0.385983
17.37 -0.395517
17.371 -0.40579
17.372 -0.416804
17.373 -0.428556
17.374 -0.441045
17.375 -0.454269
17.376 -0.468226
17.377 -0.482912
17.378 -0.498324
17.379 -0.51446
17.38 -0.531316
17.381 -0.548887
17.382 -0.567165
17.383 -0.586143
17.384 -0.605813
17.385 -0.626165
17.386 -0.64719
17.387 -0.668879
17.388 -0.691223
17.389 -0.714211
17.39 -0.737834
17.391 -0.76208
17.392 -0.786937
17.393 -0.812393
17.394 -0.838432
17.395 -0.865042
17.396 -0.892208
17.397 -0.919916
17.398 -0.948152
17.399 -0.976901
17.4 -1.00615
17.401 -1.03588
17.402 -1.06607
17.403 -1.09672
17.404 -1.1278
17.405 -1.15929
17.406 -1.19119
17.407 -1.22346
17.408 -1.2561
17.409 -1.28908
17.41 -1.3224
17.411 -1.35602
17.412 -1.38994
17.413 -1.42413
17.414 -1.45857
17.415 -1.49324
17.416 -1.52813
17.417 -1.56321
17.418 -1.59847
17.419 -1.63388
17.42 -1.66943
17.421 -1.70509
17.422 -1.74084
17.423 -1.77667
17.424 -1.81256
17.425 -1.84848
17.426 -1.88442
17.427 -1.92035
17.428 -1.95626
17.429 -1.99213
17.43 -2.02793
17.431 -2.06365
17.432 -2.09926
17.433 -2.13474
17.434 -2.17008
17.435 -2.20524
17.436 -2.24022
17.437 -2.27497
17.438 -2.3095
17.439 -2.34376
17.44 -2.37775
17.441 -2.41144
17.442 -2.4448
17.443 -2.47783
17.444 -2.51049
17.445 -2.54278
17.446 -2.57466
17.447 -2.60612
17.448 -2.63714
17.449 -2.6677
17.45 -2.69778
17.451 -2.72737
17.452 -2.75643
17.453 -2.78495
17.454 -2.81291
17.455 -2.84029
17.456 -2.86707
17.457 -2.89323
17.458 -2.91875
17.459 -2.9436
17.46 -2.96778
17.461 -2.99127
17.462 -3.01404
17.463 -3.03607
17.464 -3.05736
17.465 -3.07788
17.466 -3.09761
17.467 -3.11655
17.468 -3.13466
17.469 -3.15195
17.47 -3.16839
17.471 -3.18397
17.472 -3.19867
17.473 -3.21248
17.474 -3.2254
17.475 -3.2374
17.476 -3.24847
17.477 -3.25861
17.478 -3.26781
17.479 -3.27604
17.48 -3.28331
17.481 -3.2896
17.482 -3.29491
17.483 -3.29922
17.484 -3.30255
17.485 -3.30486
17.486 -3.30617
17.487 -3.30647
17.488 -3.30576
17.489 -3.30402
17.49 -3.30125
17.491 -3.29746
17.492 -3.29265
17.493 -3.2868
17.494 -3.27993
17.495 -3.27203
17.496 -3.26311
17.497 -3.25316
17.498 -3.2422
17.499 -3.23021
17.5 -3.21721
17.501 -3.2032
17.502 -3.18818
17.503 -3.17216
17.504 -3.15514
17.505 -3.13714
17.506 -3.11815
17.507 -3.09819
17.508 -3.07725
17.509 -3.05536
17.51 -3.03251
17.511 -3.00871
17.512 -2.98398
17.513 -2.95832
17.514 -2.93175
17.515 -2.90426
17.516 -2.87588
17.517 -2.84661
17.518 -2.81646
17.519 -2.78545
17.52 -2.75358
17.521 -2.72087
17.522 -2.68732
17.523 -2.65296
17.524 -2.61778
17.525 -2.58181
17.526 -2.54505
17.527 -2.50752
17.528 -2.46923
17.529 -2.43018
17.53 -2.39041
17.531 -2.34991
17.532 -2.3087
17.533 -2.2668
17.534 -2.22422
17.535 -2.18096
17.536 -2.13705
17.537 -2.09249
17.538 -2.04731
17.539 -2.00151
17.54 -1.95512
17.541 -1.90814
17.542 -1.86059
17.543 -1.81248
17.544 -1.76384
17.545 -1.71467
17.546 -1.66499
17.547 -1.61483
17.548 -1.56418
17.549 -1.51308
17.55 -1.46154
17.551 -1.40957
17.552 -1.35719
17.553 -1.30441
17.554 -1.25126
17.555 -1.19774
17.556 -1.14388
17.557 -1.08969
17.558 -1.03518
17.559 -0.980372
17.56 -0.925285
17.561 -0.869934
17.562 -0.814337
17.563 -0.758514
17.564 -0.702483
17.565 -0.646263
17.566 -0.589874
17.567 -0.533335
17.568 -0.476665
17.569 -0.419883
17.57 -0.363007
17.571 -0.306059
17.572 -0.249057
17.573 -0.192024
17.574 -0.134981
17.575 -0.0779488
17.576 -0.0209485
17.577 0.0359992
17.578 0.0928735
17.579 0.149654
17.58 0.20632
17.581 0.262852
17.582 0.319228
17.583 0.375428
17.584 0.431431
17.585 0.487215
17.586 0.542762
17.587 0.59805
17.588 0.653061
17.589 0.707774
17.59 0.76217
17.591 0.81623
17.592 0.869934
17.593 0.923264
17.594 0.976198
17.595 1.02872
17.596 1.08081
17.597 1.13245
17.598 1.18362
17.599 1.2343
17.6 1.28448
17.601 1.33414
17.602 1.38326
17.603 1.43182
17.604 1.47981
17.605 1.52721
17.606 1.574
17.607 1.62017
17.608 1.6657
17.609 1.71057
17.61 1.75478
17.611 1.79831
17.612 1.84113
17.613 1.88326
17.614 1.92467
17.615 1.96535
17.616 2.00531
17.617 2.04452
17.618 2.08298
17.619 2.12068
17.62 2.15761
17.621 2.19378
17.622 2.22916
17.623 2.26376
17.624 2.29758
17.625 2.3306
17.626 2.36284
17.627 2.39427
17.628 2.42491
17.629 2.45475
17.63 2.48379
17.631 2.51202
17.632 2.53945
17.633 2.56608
17.634 2.59191
17.635 2.61694
17.636 2.64118
17.637 2.66462
17.638 2.68728
17.639 2.70915
17.64 2.73024
17.641 2.75054
17.642 2.77008
17.643 2.78884
17.644 2.80684
17.645 2.82407
17.646 2.84055
17.647 2.85628
17.648 2.87126
17.649 2.8855
17.65 2.89901
17.651 2.91179
17.652 2.92385
17.653 2.93518
17.654 2.94579
17.655 2.95569
17.656 2.96487
17.657 2.97335
17.658 2.98112
17.659 2.98819
17.66 2.99457
17.661 3.00025
17.662 3.00525
17.663 3.00956
17.664 3.01318
17.665 3.01614
17.666 3.01842
17.667 3.02003
17.668 3.02098
17.669 3.02127
17.67 3.0209
17.671 3.01988
17.672 3.01822
17.673 3.01592
17.674 3.01299
17.675 3.00942
17.676 3.00523
17.677 3.00042
17.678 2.99499
17.679 2.98895
17.68 2.9823
17.681 2.97506
17.682 2.96722
17.683 2.95879
17.684 2.94978
17.685 2.94019
17.686 2.93003
17.687 2.9193
17.688 2.908
17.689 2.89615
17.69 2.88375
17.691 2.8708
17.692 2.85732
17.693 2.84331
17.694 2.82877
17.695 2.81373
17.696 2.79818
17.697 2.78213
17.698 2.7656
17.699 2.74858
17.7 2.7311
17.701 2.71315
17.702 2.69476
17.703 2.67592
17.704 2.65666
17.705 2.63697
17.706 2.61688
17.707 2.59639
17.708 2.57551
17.709 2.55425
17.71 2.53264
17.711 2.51067
17.712 2.48836
17.713 2.46572
17.714 2.44276
17.715 2.41949
17.716 2.39593
17.717 2.37209
17.718 2.34798
17.719 2.32361
17.72 2.29899
17.721 2.27414
17.722 2.24907
17.723 2.22378
17.724 2.19829
17.725 2.17261
17.726 2.14676
17.727 2.12073
17.728 2.09455
17.729 2.06823
17.73 2.04177
17.731 2.01519
17.732 1.9885
17.733 1.96171
17.734 1.93484
17.735 1.90789
17.736 1.88089
17.737 1.85384
17.738 1.82676
17.739 1.79966
17.74 1.77255
17.741 1.74544
17.742 1.71835
17.743 1.69128
17.744 1.66425
17.745 1.63727
17.746 1.61033
17.747 1.58347
17.748 1.55667
17.749 1.52997
17.75 1.50335
17.751 1.47685
17.752 1.45046
17.753 1.42419
17.754 1.39807
17.755 1.3721
17.756 1.3463
17.757 1.32067
17.758 1.29524
17.759 1.27
17.76 1.24497
17.761 1.22017
17.762 1.1956
17.763 1.17128
17.764 1.14721
17.765 1.1234
17.766 1.09987
17.767 1.07662
17.768 1.05366
17.769 1.031
17.77 1.00866
17.771 0.986634
17.772 0.964941
17.773 0.94359
17.774 0.922593
17.775 0.901961
17.776 0.881705
17.777 0.861835
17.778 0.842363
17.779 0.823297
17.78 0.804648
17.781 0.786427
17.782 0.768641
17.783 0.7513
17.784 0.73441
17.785 0.717981
17.786 0.702019
17.787 0.686533
17.788 0.67153
17.789 0.657016
17.79 0.642999
17.791 0.629485
17.792 0.616482
17.793 0.603994
17.794 0.592029
17.795 0.580592
17.796 0.569688
17.797 0.559323
17.798 0.549502
17.799 0.54023
17.8 0.531512
17.801 0.523351
17.802 0.51575
17.803 0.50871
17.804 0.502232
17.805 0.496318
17.806 0.490968
17.807 0.486182
17.808 0.481962
17.809 0.478306
17.81 0.475215
17.811 0.472688
17.812 0.470723
17.813 0.469318
17.814 0.468472
17.815 0.46818
17.816 0.468441
17.817 0.469251
17.818 0.470608
17.819 0.472507
17.82 0.474945
17.821 0.477916
17.822 0.481415
17.823 0.485432
17.824 0.489959
17.825 0.494989
17.826 0.500511
17.827 0.506517
17.828 0.512999
17.829 0.519945
17.83 0.527348
17.831 0.535197
17.832 0.543482
17.833 0.552193
17.834 0.561321
17.835 0.570853
17.836 0.580781
17.837 0.591093
17.838 0.601778
17.839 0.612825
17.84 0.624224
17.841 0.635963
17.842 0.648033
17.843 0.660425
17.844 0.673129
17.845 0.686137
17.846 0.699438
17.847 0.713024
17.848 0.726884
17.849 0.741009
17.85 0.755389
17.851 0.770015
17.852 0.78488
17.853 0.799977
17.854 0.8153
17.855 0.830842
17.856 0.846597
17.857 0.862558
17.858 0.878718
17.859 0.89507
17.86 0.911607
17.861 0.928323
17.862 0.945214
17.863 0.962276
17.864 0.979506
17.865 0.996901
17.866 1.01446
17.867 1.03217
17.868 1.05003
17.869 1.06805
17.87 1.08621
17.871 1.10451
17.872 1.12295
17.873 1.14152
17.874 1.16021
17.875 1.17903
17.876 1.19796
17.877 1.217
17.878 1.23614
17.879 1.25538
17.88 1.27472
17.881 1.29414
17.882 1.31363
17.883 1.3332
17.884 1.35283
17.885 1.3725
17.886 1.39222
17.887 1.41196
17.888 1.43173
17.889 1.4515
17.89 1.47128
17.891 1.49105
17.892 1.5108
17.893 1.53052
17.894 1.55018
17.895 1.56979
17.896 1.58932
17.897 1.60877
17.898 1.62812
17.899 1.64735
17.9 1.66646
17.901 1.68543
17.902 1.70425
17.903 1.7229
17.904 1.74138
17.905 1.75967
17.906 1.77775
17.907 1.79562
17.908 1.81327
17.909 1.83068
17.91 1.84783
17.911 1.86473
17.912 1.88135
17.913 1.89768
17.914 1.91371
17.915 1.92942
17.916 1.94481
17.917 1.95986
17.918 1.97456
17.919 1.9889
17.92 2.00286
17.921 2.01644
17.922 2.02962
17.923 2.0424
17.924 2.05478
17.925 2.06673
17.926 2.07826
17.927 2.08937
17.928 2.10003
17.929 2.11026
17.93 2.12003
17.931 2.12935
17.932 2.13821
17.933 2.1466
17.934 2.15454
17.935 2.162
17.936 2.169
17.937 2.17552
17.938 2.18156
17.939 2.18713
17.94 2.19223
17.941 2.19684
17.942 2.20097
17.943 2.20462
17.944 2.20779
17.945 2.21048
17.946 2.2127
17.947 2.21443
17.948 2.21569
17.949 2.21648
17.95 2.21679
17.951 2.21662
17.952 2.21599
17.953 2.21489
17.954 2.21333
17.955 2.2113
17.956 2.20881
17.957 2.20586
17.958 2.20246
17.959 2.19861
17.96 2.1943
17.961 2.18956
17.962 2.18437
17.963 2.17874
17.964 2.17266
17.965 2.16615
17.966 2.15921
17.967 2.15182
17.968 2.14401
17.969 2.13577
17.97 2.1271
17.971 2.11801
17.972 2.10849
17.973 2.09855
17.974 2.08819
17.975 2.0774
17.976 2.0662
17.977 2.05458
17.978 2.04254
17.979 2.03009
17.98 2.01722
17.981 2.00395
17.982 1.99026
17.983 1.97617
17.984 1.96167
17.985 1.94677
17.986 1.93147
17.987 1.91578
17.988 1.8997
17.989 1.88322
17.99 1.86636
17.991 1.84912
17.992 1.8315
17.993 1.81351
17.994 1.79515
17.995 1.77643
17.996 1.75736
17.997 1.73793
17.998 1.71816
17.999 1.69806
18 1.67762
18.001 1.65686
18.002 1.63578
18.003 1.6144
18.004 1.59272
18.005 1.57076
18.006 1.54852
18.007 1.52602
18.008 1.50327
18.009 1.48028
18.01 1.45706
18.011 1.43362
18.012 1.40997
18.013 1.38613
18.014 1.36211
18.015 1.33792
18.016 1.31358
18.017 1.28909
18.018 1.26447
18.019 1.23973
18.02 1.21489
18.021 1.18996
18.022 1.16495
18.023 1.13987
18.024 1.11474
18.025 1.08957
18.026 1.06437
18.027 1.03916
18.028 1.01395
18.029 0.988753
18.03 0.96358
18.031 0.938446
18.032 0.913364
18.033 0.888349
18.034 0.863414
18.035 0.838575
18.036 0.813844
18.037 0.789236
18.038 0.764765
18.039 0.740444
18.04 0.716287
18.041 0.692308
18.042 0.668519
18.043 0.644932
18.044 0.62156
18.045 0.598414
18.046 0.575506
18.047 0.552849
18.048 0.530453
18.049 0.50833
18.05 0.486492
18.051 0.46495
18.052 0.443711
18.053 0.422786
18.054 0.402181
18.055 0.381906
18.056 0.361969
18.057 0.342376
18.058 0.323137
18.059 0.304257
18.06 0.285746
18.061 0.267609
18.062 0.249853
18.063 0.232483
18.064 0.215505
18.065 0.198923
18.066 0.182744
18.067 0.166971
18.068 0.15161
18.069 0.136664
18.07 0.122139
18.071 0.108038
18.072 0.0943665
18.073 0.0811296
18.074 0.068332
18.075 0.0559783
18.076 0.0440727
18.077 0.0326195
18.078 0.0216226
18.079 0.0110858
18.08 0.00101262
18.081 -0.00859313
18.082 -0.0177274
18.083 -0.0263858
18.084 -0.0345645
18.085 -0.0422596
18.086 -0.0494674
18.087 -0.0561847
18.088 -0.0624082
18.089 -0.068135
18.09 -0.0733623
18.091 -0.0780873
18.092 -0.0823068
18.093 -0.0860173
18.094 -0.0892156
18.095 -0.0918989
18.096 -0.0940643
18.097 -0.0957092
18.098 -0.0968315
18.099 -0.097429
18.1 -0.0974998
18.101 -0.0970423
18.102 -0.0960549
18.103 -0.0945367
18.104 -0.0924865
18.105 -0.0899035
18.106 -0.0867873
18.107 -0.0831373
18.108 -0.0789535
18.109 -0.0742359
18.11 -0.0689848
18.111 -0.0632007
18.112 -0.0568844
18.113 -0.0500368
18.114 -0.0426591
18.115 -0.0347526
18.116 -0.026319
18.117 -0.01736
18.118 -0.00787762
18.119 0.00212603
18.12 0.0126486
18.121 0.023687
18.122 0.0352377
18.123 0.0472964
18.124 0.0598586
18.125 0.0729196
18.126 0.0864745
18.127 0.100518
18.128 0.115046
18.129 0.130052
18.13 0.14553
18.131 0.161475
18.132 0.177878
18.133 0.194732
18.134 0.212026
18.135 0.229752
18.136 0.247901
18.137 0.266464
18.138 0.285431
18.139 0.304792
18.14 0.324539
18.141 0.344659
18.142 0.365144
18.143 0.38598
18.144 0.407157
18.145 0.428663
18.146 0.450486
18.147 0.472614
18.148 0.495036
18.149 0.517738
18.15 0.540709
18.151 0.563937
18.152 0.587408
18.153 0.611111
18.154 0.635033
18.155 0.65916
18.156 0.683481
18.157 0.707983
18.158 0.732652
18.159 0.757476
18.16 0.782442
18.161 0.807537
18.162 0.83275
18.163 0.85807
18.164 0.883487
18.165 0.908991
18.166 0.934569
18.167 0.960212
18.168 0.985909
18.169 1.01165
18.17 1.03742
18.171 1.06322
18.172 1.08902
18.173 1.11483
18.174 1.14063
18.175 1.16642
18.176 1.19218
18.177 1.2179
18.178 1.24358
18.179 1.2692
18.18 1.29476
18.181 1.32025
18.182 1.34565
18.183 1.37096
18.184 1.39616
18.185 1.42125
18.186 1.44622
18.187 1.47104
18.188 1.49573
18.189 1.52025
18.19 1.54461
18.191 1.56879
18.192 1.59279
18.193 1.6166
18.194 1.6402
18.195 1.66359
18.196 1.68677
18.197 1.70971
18.198 1.73243
18.199 1.7549
18.2 1.77712
18.201 1.79908
18.202 1.82077
18.203 1.84219
18.204 1.86334
18.205 1.88419
18.206 1.90475
18.207 1.925
18.208 1.94495
18.209 1.96458
18.21 1.9839
18.211 2.00288
18.212 2.02153
18.213 2.03984
18.214 2.05781
18.215 2.07543
18.216 2.09271
18.217 2.10962
18.218 2.12618
18.219 2.14237
18.22 2.1582
18.221 2.17366
18.222 2.18874
18.223 2.20345
18.224 2.21778
18.225 2.23172
18.226 2.24528
18.227 2.25846
18.228 2.27124
18.229 2.28363
18.23 2.29563
18.231 2.30723
18.232 2.31844
18.233 2.32925
18.234 2.33966
18.235 2.34968
18.236 2.3593
18.237 2.36853
18.238 2.37737
18.239 2.38581
18.24 2.39386
18.241 2.40151
18.242 2.40877
18.243 2.41564
18.244 2.4221
18.245 2.42816
18.246 2.43381
18.247 2.43905
18.248 2.44388
18.249 2.44829
18.25 2.45229
18.251 2.45586
18.252 2.45902
18.253 2.46174
18.254 2.46404
18.255 2.46591
18.256 2.46735
18.257 2.46835
18.258 2.46891
18.259 2.46904
18.26 2.46872
18.261 2.46796
18.262 2.46675
18.263 2.4651
18.264 2.46299
18.265 2.46044
18.266 2.45743
18.267 2.45396
18.268 2.45004
18.269 2.44566
18.27 2.44082
18.271 2.43552
18.272 2.42976
18.273 2.42353
18.274 2.41685
18.275 2.4097
18.276 2.40209
18.277 2.39402
18.278 2.38548
18.279 2.37648
18.28 2.36703
18.281 2.35711
18.282 2.34674
18.283 2.33592
18.284 2.32466
18.285 2.31295
18.286 2.30082
18.287 2.28825
18.288 2.27526
18.289 2.26186
18.29 2.24804
18.291 2.23383
18.292 2.21922
18.293 2.20422
18.294 2.18886
18.295 2.17315
18.296 2.15709
18.297 2.14069
18.298 2.12398
18.299 2.10695
18.3 2.08964
18.301 2.07203
18.302 2.05416
18.303 2.03604
18.304 2.01768
18.305 1.9991
18.306 1.98032
18.307 1.96134
18.308 1.94219
18.309 1.92288
18.31 1.90342
18.311 1.88384
18.312 1.86415
18.313 1.84435
18.314 1.82447
18.315 1.80451
18.316 1.78449
18.317 1.76442
18.318 1.74433
18.319 1.72421
18.32 1.70408
18.321 1.68396
18.322 1.66386
18.323 1.64378
18.324 1.62373
18.325 1.60373
18.326 1.58377
18.327 1.56387
18.328 1.54403
18.329 1.52427
18.33 1.50459
18.331 1.485
18.332 1.46551
18.333 1.44612
18.334 1.42683
18.335 1.40766
18.336 1.3886
18.337 1.36967
18.338 1.35087
18.339 1.3322
18.34 1.31367
18.341 1.29528
18.342 1.27704
18.343 1.25895
18.344 1.24101
18.345 1.22323
18.346 1.2056
18.347 1.18813
18.348 1.17082
18.349 1.15367
18.35 1.13669
18.351 1.11988
18.352 1.10324
18.353 1.08677
18.354 1.07048
18.355 1.05438
18.356 1.03846
18.357 1.02274
18.358 1.00721
18.359 0.991882
18.36 0.976758
18.361 0.961842
18.362 0.947141
18.363 0.932665
18.364 0.918422
18.365 0.904419
18.366 0.890665
18.367 0.877168
18.368 0.863937
18.369 0.850978
18.37 0.838299
18.371 0.82591
18.372 0.813819
18.373 0.802039
18.374 0.79058
18.375 0.779453
18.376 0.768669
18.377 0.758238
18.378 0.74817
18.379 0.738476
18.38 0.729166
18.381 0.720249
18.382 0.711736
18.383 0.703634
18.384 0.695955
18.385 0.688707
18.386 0.681899
18.387 0.67554
18.388 0.669637
18.389 0.664201
18.39 0.659238
18.391 0.654757
18.392 0.650762
18.393 0.64726
18.394 0.644255
18.395 0.641751
18.396 0.639753
18.397 0.638265
18.398 0.637291
18.399 0.636834
18.4 0.636899
18.401 0.637488
18.402 0.638601
18.403 0.640238
18.404 0.642396
18.405 0.645075
18.406 0.648274
18.407 0.65199
18.408 0.656221
18.409 0.660966
18.41 0.666222
18.411 0.671986
18.412 0.678254
18.413 0.685023
18.414 0.692287
18.415 0.700042
18.416 0.708283
18.417 0.717005
18.418 0.726203
18.419 0.735872
18.42 0.746005
18.421 0.756597
18.422 0.767643
18.423 0.779139
18.424 0.791078
18.425 0.803456
18.426 0.816267
18.427 0.829506
18.428 0.843167
18.429 0.857243
18.43 0.871728
18.431 0.886617
18.432 0.9019
18.433 0.917572
18.434 0.933622
18.435 0.950044
18.436 0.966828
18.437 0.983967
18.438 1.00145
18.439 1.01927
18.44 1.03742
18.441 1.05589
18.442 1.07467
18.443 1.09375
18.444 1.11313
18.445 1.13279
18.446 1.15273
18.447 1.17294
18.448 1.19341
18.449 1.21413
18.45 1.2351
18.451 1.2563
18.452 1.27772
18.453 1.29936
18.454 1.32119
18.455 1.34321
18.456 1.36541
18.457 1.38777
18.458 1.41028
18.459 1.43293
18.46 1.45572
18.461 1.47861
18.462 1.50161
18.463 1.5247
18.464 1.54788
18.465 1.57112
18.466 1.59441
18.467 1.61775
18.468 1.64111
18.469 1.6645
18.47 1.68789
18.471 1.71127
18.472 1.73464
18.473 1.75797
18.474 1.78125
18.475 1.80448
18.476 1.82763
18.477 1.85069
18.478 1.87366
18.479 1.89651
18.48 1.91923
18.481 1.94182
18.482 1.96425
18.483 1.98651
18.484 2.0086
18.485 2.03048
18.486 2.05216
18.487 2.07361
18.488 2.09483
18.489 2.11579
18.49 2.13649
18.491 2.15692
18.492 2.17705
18.493 2.19688
18.494 2.2164
18.495 2.2356
18.496 2.25446
18.497 2.27298
18.498 2.29113
18.499 2.30892
18.5 2.32633
18.501 2.34335
18.502 2.35998
18.503 2.37619
18.504 2.39199
18.505 2.40737
18.506 2.42231
18.507 2.43681
18.508 2.45086
18.509 2.46446
18.51 2.47759
18.511 2.49026
18.512 2.50245
18.513 2.51415
18.514 2.52538
18.515 2.53611
18.516 2.54636
18.517 2.55611
18.518 2.56536
18.519 2.57411
18.52 2.58236
18.521 2.5901
18.522 2.59733
18.523 2.60405
18.524 2.61025
18.525 2.61592
18.526 2.62108
18.527 2.62571
18.528 2.62982
18.529 2.6334
18.53 2.63644
18.531 2.63895
18.532 2.64093
18.533 2.64236
18.534 2.64326
18.535 2.64362
18.536 2.64343
18.537 2.64269
18.538 2.64141
18.539 2.63958
18.54 2.63721
18.541 2.63428
18.542 2.6308
18.543 2.62677
18.544 2.62218
18.545 2.61704
18.546 2.61135
18.547 2.60509
18.548 2.59828
18.549 2.59092
18.55 2.583
18.551 2.57452
18.552 2.56549
18.553 2.5559
18.554 2.54577
18.555 2.53509
18.556 2.52386
18.557 2.51209
18.558 2.49978
18.559 2.48694
18.56 2.47356
18.561 2.45966
18.562 2.44523
18.563 2.43028
18.564 2.41483
18.565 2.39886
18.566 2.3824
18.567 2.36544
18.568 2.348
18.569 2.33007
18.57 2.31167
18.571 2.2928
18.572 2.27347
18.573 2.2537
18.574 2.23349
18.575 2.21285
18.576 2.19179
18.577 2.17032
18.578 2.14846
18.579 2.12621
18.58 2.10359
18.581 2.08061
18.582 2.05727
18.583 2.0336
18.584 2.00961
18.585 1.98532
18.586 1.96074
18.587 1.93589
18.588 1.91078
18.589 1.88543
18.59 1.85986
18.591 1.83408
18.592 1.8081
18.593 1.78194
18.594 1.75562
18.595 1.72916
18.596 1.70257
18.597 1.67587
18.598 1.64907
18.599 1.62218
18.6 1.59524
18.601 1.56824
18.602 1.54122
18.603 1.51418
18.604 1.48714
18.605 1.46012
18.606 1.43313
18.607 1.40619
18.608 1.37932
18.609 1.35253
18.61 1.32584
18.611 1.29926
18.612 1.27281
18.613 1.24651
18.614 1.22036
18.615 1.19439
18.616 1.1686
18.617 1.14302
18.618 1.11765
18.619 1.09251
18.62 1.06762
18.621 1.04298
18.622 1.01861
18.623 0.994519
18.624 0.97071
18.625 0.947193
18.626 0.923978
18.627 0.901071
18.628 0.878481
18.629 0.856216
18.63 0.834284
18.631 0.812691
18.632 0.791444
18.633 0.770546
18.634 0.750002
18.635 0.729818
18.636 0.709996
18.637 0.690542
18.638 0.671458
18.639 0.65275
18.64 0.63442
18.641 0.616471
18.642 0.598905
18.643 0.581721
18.644 0.564922
18.645 0.548506
18.646 0.532474
18.647 0.516826
18.648 0.501561
18.649 0.48668
18.65 0.47218
18.651 0.458063
18.652 0.444328
18.653 0.430975
18.654 0.418003
18.655 0.405414
18.656 0.393206
18.657 0.381379
18.658 0.369932
18.659 0.358864
18.66 0.348175
18.661 0.337864
18.662 0.32793
18.663 0.318376
18.664 0.309202
18.665 0.300408
18.666 0.291996
18.667 0.283965
18.668 0.276315
18.669 0.269047
18.67 0.26216
18.671 0.255655
18.672 0.249533
18.673 0.243796
18.674 0.238445
18.675 0.233483
18.676 0.228909
18.677 0.224727
18.678 0.220935
18.679 0.217537
18.68 0.214531
18.681 0.211919
18.682 0.209704
18.683 0.207888
18.684 0.206474
18.685 0.205464
18.686 0.20486
18.687 0.204665
18.688 0.204879
18.689 0.205506
18.69 0.206546
18.691 0.208001
18.692 0.209872
18.693 0.21216
18.694 0.214865
18.695 0.217989
18.696 0.221533
18.697 0.225495
18.698 0.229877
18.699 0.234679
18.7 0.2399
18.701 0.245539
18.702 0.251594
18.703 0.258062
18.704 0.26494
18.705 0.272223
18.706 0.279909
18.707 0.287993
18.708 0.296472
18.709 0.305341
18.71 0.314596
18.711 0.324232
18.712 0.334243
18.713 0.344621
18.714 0.355359
18.715 0.36645
18.716 0.377886
18.717 0.389658
18.718 0.40176
18.719 0.414182
18.72 0.426918
18.721 0.439958
18.722 0.453292
18.723 0.466909
18.724 0.480798
18.725 0.494948
18.726 0.509346
18.727 0.523983
18.728 0.538847
18.729 0.553925
18.73 0.569207
18.731 0.58468
18.732 0.600334
18.733 0.616156
18.734 0.632134
18.735 0.648257
18.736 0.664512
18.737 0.680888
18.738 0.697373
18.739 0.713954
18.74 0.730619
18.741 0.747357
18.742 0.764158
18.743 0.781012
18.744 0.797909
18.745 0.814839
18.746 0.831794
18.747 0.848764
18.748 0.865738
18.749 0.882707
18.75 0.899662
18.751 0.916593
18.752 0.933493
18.753 0.950354
18.754 0.96717
18.755 0.983934
18.756 1.00064
18.757 1.01728
18.758 1.03384
18.759 1.05033
18.76 1.06672
18.761 1.08303
18.762 1.09924
18.763 1.11534
18.764 1.13135
18.765 1.14725
18.766 1.16304
18.767 1.17872
18.768 1.19429
18.769 1.20974
18.77 1.22507
18.771 1.24028
18.772 1.25536
18.773 1.27032
18.774 1.28515
18.775 1.29985
18.776 1.31441
18.777 1.32884
18.778 1.34312
18.779 1.35727
18.78 1.37128
18.781 1.38514
18.782 1.39886
18.783 1.41242
18.784 1.42584
18.785 1.43911
18.786 1.45222
18.787 1.46518
18.788 1.47798
18.789 1.49062
18.79 1.5031
18.791 1.51542
18.792 1.52757
18.793 1.53955
18.794 1.55135
18.795 1.56297
18.796 1.57439
18.797 1.58562
18.798 1.59664
18.799 1.60745
18.8 1.61805
18.801 1.62843
18.802 1.63858
18.803 1.6485
18.804 1.65817
18.805 1.66759
18.806 1.67675
18.807 1.68564
18.808 1.69426
18.809 1.70261
18.81 1.71066
18.811 1.71842
18.812 1.72587
18.813 1.73302
18.814 1.73985
18.815 1.74635
18.816 1.75252
18.817 1.75834
18.818 1.76382
18.819 1.76895
18.82 1.77371
18.821 1.7781
18.822 1.78212
18.823 1.78577
18.824 1.78902
18.825 1.79189
18.826 1.79437
18.827 1.79644
18.828 1.79812
18.829 1.79939
18.83 1.80024
18.831 1.80069
18.832 1.80071
18.833 1.80033
18.834 1.79952
18.835 1.7983
18.836 1.79665
18.837 1.79459
18.838 1.79211
18.839 1.78922
18.84 1.7859
18.841 1.78216
18.842 1.77801
18.843 1.77345
18.844 1.76847
18.845 1.76309
18.846 1.75729
18.847 1.75109
18.848 1.7445
18.849 1.7375
18.85 1.73011
18.851 1.72232
18.852 1.71415
18.853 1.7056
18.854 1.69668
18.855 1.68739
18.856 1.67774
18.857 1.66774
18.858 1.65739
18.859 1.64671
18.86 1.63569
18.861 1.62434
18.862 1.61268
18.863 1.60071
18.864 1.58843
18.865 1.57587
18.866 1.56301
18.867 1.54988
18.868 1.53648
18.869 1.52281
18.87 1.5089
18.871 1.49473
18.872 1.48033
18.873 1.4657
18.874 1.45084
18.875 1.43576
18.876 1.42047
18.877 1.40497
18.878 1.38927
18.879 1.37337
18.88 1.35729
18.881 1.34103
18.882 1.32459
18.883 1.30799
18.884 1.29121
18.885 1.27428
18.886 1.25718
18.887 1.23994
18.888 1.22254
18.889 1.20501
18.89 1.18733
18.891 1.16952
18.892 1.15159
18.893 1.13353
18.894 1.11535
18.895 1.09707
18.896 1.07867
18.897 1.06017
18.898 1.04158
18.899 1.02289
18.9 1.00412
18.901 0.985263
18.902 0.966334
18.903 0.947334
18.904 0.92827
18.905 0.909147
18.906 0.88997
18.907 0.870745
18.908 0.851477
18.909 0.832173
18.91 0.812836
18.911 0.793475
18.912 0.774095
18.913 0.754705
18.914 0.735313
18.915 0.715927
18.916 0.696556
18.917 0.677206
18.918 0.657887
18.919 0.638606
18.92 0.61937
18.921 0.600189
18.922 0.581072
18.923 0.56203
18.924 0.543072
18.925 0.524209
18.926 0.505451
18.927 0.486808
18.928 0.46829
18.929 0.449908
18.93 0.431671
18.931 0.413588
18.932 0.39567
18.933 0.377926
18.934 0.360366
18.935 0.343
18.936 0.325835
18.937 0.308883
18.938 0.292151
18.939 0.27565
18.94 0.259387
18.941 0.243373
18.942 0.227616
18.943 0.212126
18.944 0.196914
18.945 0.181989
18.946 0.167359
18.947 0.153035
18.948 0.139026
18.949 0.12534
18.95 0.111986
18.951 0.0989723
18.952 0.0863058
18.953 0.0739921
18.954 0.0620369
18.955 0.0504458
18.956 0.0392241
18.957 0.028377
18.958 0.0179094
18.959 0.00782622
18.96 -0.00186786
18.961 -0.0111683
18.962 -0.0200709
18.963 -0.0285714
18.964 -0.0366658
18.965 -0.0443503
18.966 -0.0516212
18.967 -0.0584752
18.968 -0.0649089
18.969 -0.0709193
18.97 -0.0765035
18.971 -0.0816591
18.972 -0.0863846
18.973 -0.0906787
18.974 -0.0945406
18.975 -0.0979696
18.976 -0.100965
18.977 -0.103527
18.978 -0.105654
18.979 -0.107347
18.98 -0.108606
18.981 -0.109431
18.982 -0.109822
18.983 -0.109778
18.984 -0.109298
18.985 -0.108383
18.986 -0.107032
18.987 -0.105246
18.988 -0.103025
18.989 -0.100369
18.99 -0.0972785
18.991 -0.0937549
18.992 -0.089798
18.993 -0.0854076
18.994 -0.080584
18.995 -0.0753272
18.996 -0.069638
18.997 -0.0635168
18.998 -0.0569645
18.999 -0.0499821
19 -0.0425707
19.001 -0.0347312
19.002 -0.0264642
19.003 -0.0177701
19.004 -0.00864943
19.005 0.000897089
19.006 0.0108685
19.007 0.0212639
19.008 0.0320818
19.009 0.043321
19.01 0.0549798
19.011 0.0670569
19.012 0.0795514
19.013 0.0924624
19.014 0.105789
19.015 0.11953
19.016 0.133685
19.017 0.148251
19.018 0.163228
19.019 0.178613
19.02 0.194404
19.021 0.2106
19.022 0.227197
19.023 0.244191
19.024 0.261579
19.025 0.279356
19.026 0.297519
19.027 0.316063
19.028 0.334984
19.029 0.354278
19.03 0.37394
19.031 0.393964
19.032 0.414345
19.033 0.435076
19.034 0.456151
19.035 0.477564
19.036 0.499306
19.037 0.521373
19.038 0.543756
19.039 0.566449
19.04 0.589445
19.041 0.612735
19.042 0.636311
19.043 0.660165
19.044 0.684287
19.045 0.708669
19.046 0.733301
19.047 0.758174
19.048 0.783279
19.049 0.808607
19.05 0.834147
19.051 0.859891
19.052 0.885827
19.053 0.911945
19.054 0.938233
19.055 0.96468
19.056 0.991276
19.057 1.01801
19.058 1.04487
19.059 1.07184
19.06 1.09892
19.061 1.12608
19.062 1.15333
19.063 1.18066
19.064 1.20804
19.065 1.23547
19.066 1.26295
19.067 1.29045
19.068 1.31798
19.069 1.34551
19.07 1.37305
19.071 1.40057
19.072 1.42808
19.073 1.45556
19.074 1.483
19.075 1.5104
19.076 1.53774
19.077 1.56502
19.078 1.59222
19.079 1.61935
19.08 1.64638
19.081 1.67332
19.082 1.70015
19.083 1.72687
19.084 1.75347
19.085 1.77994
19.086 1.80628
19.087 1.83248
19.088 1.85853
19.089 1.88443
19.09 1.91016
19.091 1.93572
19.092 1.96111
19.093 1.98632
19.094 2.01134
19.095 2.03615
19.096 2.06076
19.097 2.08516
19.098 2.10934
19.099 2.13329
19.1 2.157
19.101 2.18048
19.102 2.2037
19.103 2.22668
19.104 2.2494
19.105 2.27185
19.106 2.29404
19.107 2.31596
19.108 2.3376
19.109 2.35896
19.11 2.38004
19.111 2.40083
19.112 2.42132
19.113 2.44151
19.114 2.46139
19.115 2.48097
19.116 2.50023
19.117 2.51918
19.118 2.5378
19.119 2.55609
19.12 2.57405
19.121 2.59168
19.122 2.60896
19.123 2.6259
19.124 2.64249
19.125 2.65873
19.126 2.67461
19.127 2.69012
19.128 2.70527
19.129 2.72004
19.13 2.73445
19.131 2.74847
19.132 2.76211
19.133 2.77536
19.134 2.78822
19.135 2.80068
19.136 2.81273
19.137 2.82437
19.138 2.8356
19.139 2.84641
19.14 2.8568
19.141 2.86676
19.142 2.87628
19.143 2.88537
19.144 2.89402
19.145 2.90222
19.146 2.90997
19.147 2.91726
19.148 2.92409
19.149 2.93046
19.15 2.93636
19.151 2.94179
19.152 2.94674
19.153 2.95122
19.154 2.95522
19.155 2.95873
19.156 2.96176
19.157 2.96431
19.158 2.96636
19.159 2.96792
19.16 2.96898
19.161 2.96956
19.162 2.96963
19.163 2.96922
19.164 2.9683
19.165 2.96689
19.166 2.96499
19.167 2.9626
19.168 2.95972
19.169 2.95634
19.17 2.95248
19.171 2.94812
19.172 2.94329
19.173 2.93798
19.174 2.93219
19.175 2.92594
19.176 2.91922
19.177 2.91204
19.178 2.90441
19.179 2.89633
19.18 2.88781
19.181 2.87886
19.182 2.86947
19.183 2.85967
19.184 2.84945
19.185 2.83882
19.186 2.8278
19.187 2.81639
19.188 2.80459
19.189 2.79242
19.19 2.77989
19.191 2.767
19.192 2.75376
19.193 2.74019
19.194 2.72628
19.195 2.71205
19.196 2.69751
19.197 2.68267
19.198 2.66754
19.199 2.65212
19.2 2.63642
19.201 2.62047
19.202 2.60425
19.203 2.58779
19.204 2.57108
19.205 2.55413
19.206 2.53696
19.207 2.51957
19.208 2.50197
19.209 2.48416
19.21 2.46615
19.211 2.44796
19.212 2.42958
19.213 2.41103
19.214 2.39231
19.215 2.37343
19.216 2.35439
19.217 2.33521
19.218 2.31588
19.219 2.29643
19.22 2.27684
19.221 2.25713
19.222 2.23732
19.223 2.21739
19.224 2.19736
19.225 2.17724
19.226 2.15703
19.227 2.13673
19.228 2.11636
19.229 2.09591
19.23 2.0754
19.231 2.05483
19.232 2.03421
19.233 2.01354
19.234 1.99283
19.235 1.97209
19.236 1.95132
19.237 1.93052
19.238 1.90972
19.239 1.8889
19.24 1.86808
19.241 1.84726
19.242 1.82645
19.243 1.80566
19.244 1.78489
19.245 1.76414
19.246 1.74343
19.247 1.72276
19.248 1.70214
19.249 1.68157
19.25 1.66105
19.251 1.6406
19.252 1.62023
19.253 1.59993
19.254 1.57973
19.255 1.55962
19.256 1.53962
19.257 1.51973
19.258 1.49997
19.259 1.48034
19.26 1.46084
19.261 1.4415
19.262 1.42231
19.263 1.40329
19.264 1.38444
19.265 1.36579
19.266 1.34733
19.267 1.32908
19.268 1.31106
19.269 1.29326
19.27 1.27569
19.271 1.25838
19.272 1.24132
19.273 1.22453
19.274 1.20802
19.275 1.19179
19.276 1.17585
19.277 1.16022
19.278 1.1449
19.279 1.1299
19.28 1.11523
19.281 1.1009
19.282 1.08691
19.283 1.07327
19.284 1.05999
19.285 1.04708
19.286 1.03453
19.287 1.02237
19.288 1.01058
19.289 0.999186
19.29 0.988184
19.291 0.977582
19.292 0.967383
19.293 0.957589
19.294 0.948204
19.295 0.939228
19.296 0.930665
19.297 0.922516
19.298 0.914783
19.299 0.907468
19.3 0.900572
19.301 0.894096
19.302 0.888042
19.303 0.88241
19.304 0.877201
19.305 0.872416
19.306 0.868055
19.307 0.864118
19.308 0.860605
19.309 0.857516
19.31 0.854851
19.311 0.852609
19.312 0.850787
19.313 0.849385
19.314 0.8484
19.315 0.847829
19.316 0.847669
19.317 0.847918
19.318 0.848573
19.319 0.849631
19.32 0.851089
19.321 0.852942
19.322 0.855189
19.323 0.857828
19.324 0.860854
19.325 0.864266
19.326 0.86806
19.327 0.872234
19.328 0.876783
19.329 0.881705
19.33 0.886995
19.331 0.892651
19.332 0.898667
19.333 0.90504
19.334 0.911766
19.335 0.918841
19.336 0.926259
19.337 0.934016
19.338 0.942108
19.339 0.950529
19.34 0.959274
19.341 0.96834
19.342 0.977721
19.343 0.987416
19.344 0.997421
19.345 1.00773
19.346 1.01835
19.347 1.02927
19.348 1.04048
19.349 1.05199
19.35 1.06378
19.351 1.07587
19.352 1.08823
19.353 1.10087
19.354 1.11378
19.355 1.12697
19.356 1.14041
19.357 1.15412
19.358 1.16808
19.359 1.18229
19.36 1.19675
19.361 1.21145
19.362 1.22638
19.363 1.24154
19.364 1.25692
19.365 1.27251
19.366 1.28832
19.367 1.30432
19.368 1.32052
19.369 1.33691
19.37 1.35347
19.371 1.37021
19.372 1.38711
19.373 1.40417
19.374 1.42137
19.375 1.43871
19.376 1.45617
19.377 1.47375
19.378 1.49143
19.379 1.5092
19.38 1.52706
19.381 1.545
19.382 1.56299
19.383 1.58104
19.384 1.59913
19.385 1.61723
19.386 1.63535
19.387 1.65348
19.388 1.67158
19.389 1.68966
19.39 1.70771
19.391 1.7257
19.392 1.74363
19.393 1.76149
19.394 1.77926
19.395 1.79694
19.396 1.81451
19.397 1.83196
19.398 1.84929
19.399 1.86647
19.4 1.88351
19.401 1.90038
19.402 1.91708
19.403 1.93361
19.404 1.94994
19.405 1.96608
19.406 1.982
19.407 1.99772
19.408 2.0132
19.409 2.02846
19.41 2.04347
19.411 2.05823
19.412 2.07273
19.413 2.08697
19.414 2.10094
19.415 2.11463
19.416 2.12805
19.417 2.14118
19.418 2.15402
19.419 2.16656
19.42 2.1788
19.421 2.19074
19.422 2.20237
19.423 2.21368
19.424 2.22467
19.425 2.23534
19.426 2.24569
19.427 2.2557
19.428 2.26537
19.429 2.27471
19.43 2.2837
19.431 2.29235
19.432 2.30064
19.433 2.30859
19.434 2.31618
19.435 2.32341
19.436 2.33028
19.437 2.33678
19.438 2.34292
19.439 2.3487
19.44 2.3541
19.441 2.35913
19.442 2.36378
19.443 2.36806
19.444 2.37197
19.445 2.37549
19.446 2.37864
19.447 2.38141
19.448 2.38379
19.449 2.3858
19.45 2.38742
19.451 2.38866
19.452 2.38952
19.453 2.39
19.454 2.39009
19.455 2.3898
19.456 2.38914
19.457 2.38809
19.458 2.38666
19.459 2.38485
19.46 2.38267
19.461 2.38011
19.462 2.37717
19.463 2.37386
19.464 2.37017
19.465 2.36611
19.466 2.36168
19.467 2.35687
19.468 2.35169
19.469 2.34614
19.47 2.34022
19.471 2.33394
19.472 2.32729
19.473 2.32028
19.474 2.31291
19.475 2.30519
19.476 2.29711
19.477 2.28869
19.478 2.27993
19.479 2.27083
19.48 2.26139
19.481 2.25162
19.482 2.24152
19.483 2.2311
19.484 2.22036
19.485 2.2093
19.486 2.19792
19.487 2.18624
19.488 2.17424
19.489 2.16195
19.49 2.14936
19.491 2.13647
19.492 2.1233
19.493 2.10984
19.494 2.0961
19.495 2.08208
19.496 2.0678
19.497 2.05324
19.498 2.03843
19.499 2.02336
19.5 2.00804
19.501 1.99248
19.502 1.97667
19.503 1.96064
19.504 1.94438
19.505 1.9279
19.506 1.91121
19.507 1.89432
19.508 1.87723
19.509 1.85995
19.51 1.84249
19.511 1.82486
19.512 1.80706
19.513 1.7891
19.514 1.771
19.515 1.75275
19.516 1.73438
19.517 1.71589
19.518 1.69728
19.519 1.67857
19.52 1.65977
19.521 1.64088
19.522 1.62191
19.523 1.60287
19.524 1.58377
19.525 1.56461
19.526 1.5454
19.527 1.52614
19.528 1.50685
19.529 1.48752
19.53 1.46818
19.531 1.44881
19.532 1.42944
19.533 1.41006
19.534 1.39068
19.535 1.3713
19.536 1.35194
19.537 1.33259
19.538 1.31326
19.539 1.29397
19.54 1.2747
19.541 1.25547
19.542 1.23629
19.543 1.21716
19.544 1.19808
19.545 1.17907
19.546 1.16011
19.547 1.14123
19.548 1.12243
19.549 1.10371
19.55 1.08507
19.551 1.06653
19.552 1.04808
19.553 1.02973
19.554 1.01149
19.555 0.993348
19.556 0.975321
19.557 0.957407
19.558 0.939612
19.559 0.921938
19.56 0.904388
19.561 0.886967
19.562 0.869676
19.563 0.852521
19.564 0.835503
19.565 0.818625
19.566 0.801892
19.567 0.785305
19.568 0.768869
19.569 0.752584
19.57 0.736455
19.571 0.720483
19.572 0.70467
19.573 0.689018
19.574 0.673527
19.575 0.658199
19.576 0.643034
19.577 0.628034
19.578 0.6132
19.579 0.598532
19.58 0.58403
19.581 0.569697
19.582 0.555534
19.583 0.541545
19.584 0.527732
19.585 0.514098
19.586 0.500646
19.587 0.487378
19.588 0.474297
19.589 0.461405
19.59 0.448706
19.591 0.4362
19.592 0.42389
19.593 0.411778
19.594 0.399866
19.595 0.388156
19.596 0.376649
19.597 0.365348
19.598 0.354254
19.599 0.343368
19.6 0.332692
19.601 0.322228
19.602 0.311978
19.603 0.301947
19.604 0.292137
19.605 0.282553
19.606 0.273197
19.607 0.264073
19.608 0.255184
19.609 0.246532
19.61 0.238121
19.611 0.229952
19.612 0.22203
19.613 0.214357
19.614 0.206934
19.615 0.199764
19.616 0.19285
19.617 0.186193
19.618 0.179796
19.619 0.17366
19.62 0.167787
19.621 0.162178
19.622 0.156836
19.623 0.151761
19.624 0.146955
19.625 0.14242
19.626 0.138155
19.627 0.134162
19.628 0.130443
19.629 0.126997
19.63 0.123825
19.631 0.120928
19.632 0.118306
19.633 0.115959
19.634 0.113888
19.635 0.112092
19.636 0.110572
19.637 0.109327
19.638 0.108357
19.639 0.107661
19.64 0.10724
19.641 0.107092
19.642 0.107216
19.643 0.107609
19.644 0.108269
19.645 0.109194
19.646 0.110382
19.647 0.111829
19.648 0.113534
19.649 0.115494
19.65 0.117706
19.651 0.120166
19.652 0.122873
19.653 0.125822
19.654 0.129011
19.655 0.132436
19.656 0.136095
19.657 0.139983
19.658 0.144097
19.659 0.148433
19.66 0.152988
19.661 0.157758
19.662 0.162738
19.663 0.167922
19.664 0.173305
19.665 0.178882
19.666 0.184648
19.667 0.190597
19.668 0.196724
19.669 0.203022
19.67 0.209487
19.671 0.216112
19.672 0.22289
19.673 0.229815
19.674 0.236879
19.675 0.244075
19.676 0.251396
19.677 0.258835
19.678 0.266384
19.679 0.274036
19.68 0.281784
19.681 0.289621
19.682 0.297539
19.683 0.305534
19.684 0.313598
19.685 0.321726
19.686 0.329911
19.687 0.338147
19.688 0.346428
19.689 0.354747
19.69 0.363099
19.691 0.371477
19.692 0.379876
19.693 0.388292
19.694 0.396718
19.695 0.40515
19.696 0.413583
19.697 0.422012
19.698 0.430432
19.699 0.438839
19.7 0.447226
19.701 0.45559
19.702 0.463927
19.703 0.472232
19.704 0.480503
19.705 0.488735
19.706 0.496925
19.707 0.50507
19.708 0.513166
19.709 0.52121
19.71 0.529197
19.711 0.537126
19.712 0.544993
19.713 0.552796
19.714 0.560534
19.715 0.568204
19.716 0.575804
19.717 0.583332
19.718 0.590787
19.719 0.598166
19.72 0.605467
19.721 0.612688
19.722 0.619827
19.723 0.626881
19.724 0.633846
19.725 0.640719
19.726 0.647499
19.727 0.654181
19.728 0.660763
19.729 0.667243
19.73 0.673617
19.731 0.679882
19.732 0.686034
19.733 0.692068
19.734 0.697979
19.735 0.703761
19.736 0.70941
19.737 0.714921
19.738 0.720289
19.739 0.725509
19.74 0.730578
19.741 0.735489
19.742 0.740238
19.743 0.744819
19.744 0.749226
19.745 0.753454
19.746 0.757496
19.747 0.761349
19.748 0.765006
19.749 0.768462
19.75 0.771713
19.751 0.774753
19.752 0.777577
19.753 0.78018
19.754 0.782558
19.755 0.784706
19.756 0.78662
19.757 0.788294
19.758 0.789726
19.759 0.790909
19.76 0.791841
19.761 0.792517
19.762 0.792932
19.763 0.79308
19.764 0.792959
19.765 0.792561
19.766 0.791883
19.767 0.79092
19.768 0.789667
19.769 0.78812
19.77 0.786276
19.771 0.784129
19.772 0.781678
19.773 0.778919
19.774 0.775851
19.775 0.77247
19.776 0.768775
19.777 0.764763
19.778 0.760433
19.779 0.755783
19.78 0.750812
19.781 0.745516
19.782 0.739896
19.783 0.73395
19.784 0.727677
19.785 0.721076
19.786 0.714146
19.787 0.706887
19.788 0.699297
19.789 0.691377
19.79 0.683126
19.791 0.674544
19.792 0.665632
19.793 0.656392
19.794 0.646825
19.795 0.636932
19.796 0.626716
19.797 0.616179
19.798 0.605321
19.799 0.594146
19.8 0.582656
19.801 0.570854
19.802 0.558744
19.803 0.546331
19.804 0.533621
19.805 0.520618
19.806 0.50733
19.807 0.49376
19.808 0.479915
19.809 0.465801
19.81 0.451424
19.811 0.436789
19.812 0.421903
19.813 0.406771
19.814 0.391401
19.815 0.375799
19.816 0.359971
19.817 0.343923
19.818 0.327663
19.819 0.311196
19.82 0.294531
19.821 0.277673
19.822 0.260631
19.823 0.243413
19.824 0.226027
19.825 0.208482
19.826 0.190786
19.827 0.172947
19.828 0.154974
19.829 0.136875
19.83 0.11866
19.831 0.100335
19.832 0.0819103
19.833 0.0633941
19.834 0.0447951
19.835 0.0261219
19.836 0.00738316
19.837 -0.0114126
19.838 -0.0302567
19.839 -0.0491405
19.84 -0.0680555
19.841 -0.0869933
19.842 -0.105946
19.843 -0.124907
19.844 -0.143869
19.845 -0.162824
19.846 -0.181765
19.847 -0.200684
19.848 -0.219576
19.849 -0.238432
19.85 -0.257246
19.851 -0.276009
19.852 -0.294715
19.853 -0.313355
19.854 -0.331921
19.855 -0.350405
19.856 -0.368799
19.857 -0.387094
19.858 -0.405283
19.859 -0.423359
19.86 -0.441313
19.861 -0.459137
19.862 -0.476822
19.863 -0.494358
19.864 -0.511734
19.865 -0.528941
19.866 -0.54597
19.867 -0.562811
19.868 -0.579453
19.869 -0.595889
19.87 -0.612108
19.871 -0.628101
19.872 -0.643857
19.873 -0.659364
19.874 -0.674611
19.875 -0.689588
19.876 -0.704282
19.877 -0.718683
19.878 -0.732781
19.879 -0.746564
19.88 -0.760023
19.881 -0.773146
19.882 -0.785923
19.883 -0.798343
19.884 -0.810394
19.885 -0.822065
19.886 -0.833346
19.887 -0.844226
19.888 -0.854695
19.889 -0.864743
19.89 -0.87436
19.891 -0.883536
19.892 -0.892262
19.893 -0.900531
19.894 -0.908335
19.895 -0.915665
19.896 -0.922514
19.897 -0.928875
19.898 -0.934741
19.899 -0.940104
19.9 -0.944958
19.901 -0.949297
19.902 -0.953115
19.903 -0.956408
19.904 -0.95917
19.905 -0.961398
19.906 -0.963087
19.907 -0.964233
19.908 -0.964833
19.909 -0.964881
19.91 -0.964377
19.911 -0.963315
19.912 -0.961697
19.913 -0.959521
19.914 -0.956788
19.915 -0.953497
19.916 -0.94965
19.917 -0.945246
19.918 -0.940287
19.919 -0.934774
19.92 -0.928708
19.921 -0.92209
19.922 -0.914924
19.923 -0.907212
19.924 -0.898958
19.925 -0.890165
19.926 -0.880838
19.927 -0.87098
19.928 -0.860594
19.929 -0.849687
19.93 -0.838261
19.931 -0.826323
19.932 -0.813875
19.933 -0.800925
19.934 -0.787476
19.935 -0.773535
19.936 -0.759107
19.937 -0.744197
19.938 -0.728812
19.939 -0.712958
19.94 -0.696641
19.941 -0.679868
19.942 -0.662647
19.943 -0.644985
19.944 -0.626891
19.945 -0.608372
19.946 -0.589439
19.947 -0.570098
19.948 -0.550359
19.949 -0.530231
19.95 -0.509722
19.951 -0.488843
19.952 -0.467602
19.953 -0.446009
19.954 -0.424074
19.955 -0.401805
19.956 -0.379213
19.957 -0.356308
19.958 -0.3331
19.959 -0.309598
19.96 -0.285813
19.961 -0.261756
19.962 -0.237433
19.963 -0.212854
19.964 -0.188026
19.965 -0.162957
19.966 -0.137657
19.967 -0.112132
19.968 -0.0863924
19.969 -0.0604454
19.97 -0.0342999
19.971 -0.00796452
19.972 0.018552
19.973 0.045241
19.974 0.0720935
19.975 0.0991008
19.976 0.126254
19.977 0.153544
19.978 0.180961
19.979 0.208498
19.98 0.236144
19.981 0.26389
19.982 0.291727
19.983 0.319643
19.984 0.347628
19.985 0.375673
19.986 0.403765
19.987 0.431895
19.988 0.460053
19.989 0.488227
19.99 0.516407
19.991 0.544582
19.992 0.57274
19.993 0.600868
19.994 0.628953
19.995 0.656981
19.996 0.68494
19.997 0.712818
19.998 0.7406
19.999 0.768276
20 0.795831
20.001 0.823253
20.002 0.850528
20.003 0.877643
20.004 0.904584
20.005 0.931337
20.006 0.957889
20.007 0.984227
20.008 1.01034
20.009 1.03621
20.01 1.06182
20.011 1.08717
20.012 1.11224
20.013 1.13701
20.014 1.16147
20.015 1.18561
20.016 1.20942
20.017 1.23287
20.018 1.25597
20.019 1.27869
20.02 1.30102
20.021 1.32295
20.022 1.34447
20.023 1.36556
20.024 1.38623
20.025 1.40644
20.026 1.42621
20.027 1.44551
20.028 1.46433
20.029 1.48267
20.03 1.50051
20.031 1.51785
20.032 1.53468
20.033 1.55099
20.034 1.56676
20.035 1.58198
20.036 1.59666
20.037 1.61077
20.038 1.62431
20.039 1.63727
20.04 1.64964
20.041 1.66142
20.042 1.67259
20.043 1.68316
20.044 1.6931
20.045 1.70242
20.046 1.7111
20.047 1.71915
20.048 1.72655
20.049 1.7333
20.05 1.73939
20.051 1.74482
20.052 1.74958
20.053 1.75368
20.054 1.7571
20.055 1.75986
20.056 1.76194
20.057 1.76335
20.058 1.76409
20.059 1.76414
20.06 1.76353
20.061 1.76223
20.062 1.76026
20.063 1.75761
20.064 1.75429
20.065 1.7503
20.066 1.74563
20.067 1.74029
20.068 1.73428
20.069 1.7276
20.07 1.72026
20.071 1.71226
20.072 1.7036
20.073 1.69429
20.074 1.68434
20.075 1.67376
20.076 1.66255
20.077 1.65072
20.078 1.63829
20.079 1.62524
20.08 1.61161
20.081 1.59739
20.082 1.5826
20.083 1.56724
20.084 1.55132
20.085 1.53486
20.086 1.51786
20.087 1.50034
20.088 1.48229
20.089 1.46375
20.09 1.4447
20.091 1.42518
20.092 1.40518
20.093 1.38472
20.094 1.36382
20.095 1.34248
20.096 1.32072
20.097 1.29856
20.098 1.276
20.099 1.25307
20.1 1.22976
20.101 1.20611
20.102 1.18211
20.103 1.15778
20.104 1.13313
20.105 1.10818
20.106 1.08294
20.107 1.05741
20.108 1.03161
20.109 1.00556
20.11 0.979256
20.111 0.952722
20.112 0.925968
20.113 0.899006
20.114 0.871849
20.115 0.844509
20.116 0.817
20.117 0.789333
20.118 0.761523
20.119 0.733582
20.12 0.705523
20.121 0.677359
20.122 0.649102
20.123 0.620763
20.124 0.592355
20.125 0.56389
20.126 0.535378
20.127 0.506834
20.128 0.478267
20.129 0.44969
20.13 0.421116
20.131 0.392555
20.132 0.364019
20.133 0.335517
20.134 0.307062
20.135 0.278663
20.136 0.25033
20.137 0.222074
20.138 0.193906
20.139 0.165836
20.14 0.137874
20.141 0.110031
20.142 0.0823143
20.143 0.0547342
20.144 0.0272992
20.145 1.7847e-05
20.146 -0.0271011
20.147 -0.0540492
20.148 -0.0808181
20.149 -0.107399
20.15 -0.133785
20.151 -0.159965
20.152 -0.185931
20.153 -0.211672
20.154 -0.237177
20.155 -0.262437
20.156 -0.287441
20.157 -0.31218
20.158 -0.336643
20.159 -0.360821
20.16 -0.384705
20.161 -0.408284
20.162 -0.431549
20.163 -0.454489
20.164 -0.477094
20.165 -0.499354
20.166 -0.521259
20.167 -0.5428
20.168 -0.563967
20.169 -0.584751
20.17 -0.605143
20.171 -0.625133
20.172 -0.644712
20.173 -0.66387
20.174 -0.682597
20.175 -0.700885
20.176 -0.718723
20.177 -0.736104
20.178 -0.753018
20.179 -0.769457
20.18 -0.785412
20.181 -0.800875
20.182 -0.815839
20.183 -0.830296
20.184 -0.844238
20.185 -0.857658
20.186 -0.87055
20.187 -0.882907
20.188 -0.894722
20.189 -0.905989
20.19 -0.916702
20.191 -0.926856
20.192 -0.936447
20.193 -0.945473
20.194 -0.953931
20.195 -0.961818
20.196 -0.969134
20.197 -0.975875
20.198 -0.982041
20.199 -0.98763
20.2 -0.992642
20.201 -0.997075
20.202 -1.00093
20.203 -1.00421
20.204 -1.00691
20.205 -1.00904
20.206 -1.01059
20.207 -1.01157
20.208 -1.01199
20.209 -1.01184
20.21 -1.01112
20.211 -1.00984
20.212 -1.00801
20.213 -1.00562
20.214 -1.00268
20.215 -0.9992
20.216 -0.995182
20.217 -0.990631
20.218 -0.985553
20.219 -0.979953
20.22 -0.973837
20.221 -0.967212
20.222 -0.960085
20.223 -0.952464
20.224 -0.944356
20.225 -0.93577
20.226 -0.926714
20.227 -0.917197
20.228 -0.907227
20.229 -0.896812
20.23 -0.885963
20.231 -0.874688
20.232 -0.862996
20.233 -0.850897
20.234 -0.838401
20.235 -0.825517
20.236 -0.812255
20.237 -0.798625
20.238 -0.784637
20.239 -0.770301
20.24 -0.755629
20.241 -0.740629
20.242 -0.725313
20.243 -0.709688
20.244 -0.693765
20.245 -0.677554
20.246 -0.661064
20.247 -0.644306
20.248 -0.627288
20.249 -0.610022
20.25 -0.592517
20.251 -0.574783
20.252 -0.55683
20.253 -0.538667
20.254 -0.520303
20.255 -0.501746
20.256 -0.483008
20.257 -0.464096
20.258 -0.445021
20.259 -0.425792
20.26 -0.406417
20.261 -0.386908
20.262 -0.367272
20.263 -0.347518
20.264 -0.327654
20.265 -0.307688
20.266 -0.28763
20.267 -0.267487
20.268 -0.247268
20.269 -0.226983
20.27 -0.206638
20.271 -0.186245
20.272 -0.165812
20.273 -0.145352
20.274 -0.124875
20.275 -0.104392
20.276 -0.0839155
20.277 -0.0634552
20.278 -0.0430226
20.279 -0.0226288
20.28 -0.00228483
20.281 0.0179983
20.282 0.0382097
20.283 0.0583384
20.284 0.0783735
20.285 0.0983042
20.286 0.11812
20.287 0.137809
20.288 0.157362
20.289 0.176768
20.29 0.196017
20.291 0.215097
20.292 0.233997
20.293 0.252706
20.294 0.271212
20.295 0.289504
20.296 0.307571
20.297 0.325401
20.298 0.342984
20.299 0.360308
20.3 0.377362
20.301 0.394137
20.302 0.41062
20.303 0.426799
20.304 0.442663
20.305 0.4582
20.306 0.4734
20.307 0.48825
20.308 0.502741
20.309 0.51686
20.31 0.530598
20.311 0.543945
20.312 0.55689
20.313 0.569426
20.314 0.581543
20.315 0.593233
20.316 0.604487
20.317 0.615298
20.318 0.625657
20.319 0.635556
20.32 0.644988
20.321 0.653946
20.322 0.662422
20.323 0.67041
20.324 0.677902
20.325 0.684892
20.326 0.691374
20.327 0.697342
20.328 0.702789
20.329 0.70771
20.33 0.7121
20.331 0.715954
20.332 0.719269
20.333 0.722042
20.334 0.724271
20.335 0.725956
20.336 0.727093
20.337 0.727682
20.338 0.727722
20.339 0.727211
20.34 0.726149
20.341 0.724536
20.342 0.722371
20.343 0.719655
20.344 0.716387
20.345 0.712568
20.346 0.708198
20.347 0.70328
20.348 0.697813
20.349 0.6918
20.35 0.685241
20.351 0.67814
20.352 0.670499
20.353 0.662321
20.354 0.653611
20.355 0.644372
20.356 0.634608
20.357 0.624325
20.358 0.613526
20.359 0.602217
20.36 0.590402
20.361 0.578087
20.362 0.565276
20.363 0.551974
20.364 0.538184
20.365 0.523913
20.366 0.509164
20.367 0.493944
20.368 0.478257
20.369 0.46211
20.37 0.445507
20.371 0.428456
20.372 0.410961
20.373 0.39303
20.374 0.374669
20.375 0.355885
20.376 0.336685
20.377 0.317075
20.378 0.297062
20.379 0.276656
20.38 0.255861
20.381 0.234687
20.382 0.213142
20.383 0.191232
20.384 0.168967
20.385 0.146355
20.386 0.123403
20.387 0.100121
20.388 0.0765176
20.389 0.0526011
20.39 0.0283805
20.391 0.00386516
20.392 -0.0209348
20.393 -0.0460088
20.394 -0.0713463
20.395 -0.0969366
20.396 -0.122769
20.397 -0.148832
20.398 -0.175116
20.399 -0.201608
20.4 -0.228298
20.401 -0.255175
20.402 -0.282226
20.403 -0.309438
20.404 -0.3368
20.405 -0.364298
20.406 -0.39192
20.407 -0.419653
20.408 -0.447484
20.409 -0.4754
20.41 -0.503389
20.411 -0.531438
20.412 -0.559533
20.413 -0.58766
20.414 -0.615804
20.415 -0.643953
20.416 -0.672091
20.417 -0.700206
20.418 -0.728283
20.419 -0.756308
20.42 -0.784268
20.421 -0.812148
20.422 -0.839933
20.423 -0.867606
20.424 -0.895152
20.425 -0.922555
20.426 -0.949799
20.427 -0.976869
20.428 -1.00375
20.429 -1.03042
20.43 -1.05687
20.431 -1.08309
20.432 -1.10905
20.433 -1.13475
20.434 -1.16016
20.435 -1.18527
20.436 -1.21006
20.437 -1.23452
20.438 -1.25864
20.439 -1.28239
20.44 -1.30577
20.441 -1.32875
20.442 -1.35133
20.443 -1.37349
20.444 -1.39522
20.445 -1.4165
20.446 -1.43733
20.447 -1.4577
20.448 -1.47758
20.449 -1.49697
20.45 -1.51585
20.451 -1.53422
20.452 -1.55207
20.453 -1.56937
20.454 -1.58612
20.455 -1.60231
20.456 -1.61793
20.457 -1.63296
20.458 -1.6474
20.459 -1.66123
20.46 -1.67445
20.461 -1.68704
20.462 -1.69899
20.463 -1.71031
20.464 -1.72097
20.465 -1.73098
20.466 -1.74031
20.467 -1.74898
20.468 -1.75697
20.469 -1.76428
20.47 -1.77089
20.471 -1.7768
20.472 -1.78202
20.473 -1.78652
20.474 -1.79031
20.475 -1.79339
20.476 -1.79574
20.477 -1.79736
20.478 -1.79826
20.479 -1.79842
20.48 -1.79784
20.481 -1.79653
20.482 -1.79447
20.483 -1.79167
20.484 -1.78812
20.485 -1.78382
20.486 -1.77877
20.487 -1.77296
20.488 -1.76641
20.489 -1.7591
20.49 -1.75104
20.491 -1.74223
20.492 -1.73266
20.493 -1.72235
20.494 -1.71128
20.495 -1.69947
20.496 -1.68692
20.497 -1.67362
20.498 -1.65959
20.499 -1.64483
20.5 -1.62933
20.501 -1.61311
20.502 -1.59617
20.503 -1.5785
20.504 -1.56012
20.505 -1.54103
20.506 -1.52123
20.507 -1.50073
20.508 -1.47952
20.509 -1.45763
20.51 -1.43504
20.511 -1.41177
20.512 -1.38782
20.513 -1.3632
20.514 -1.33791
20.515 -1.31196
20.516 -1.28536
20.517 -1.25811
20.518 -1.23023
20.519 -1.20171
20.52 -1.17257
20.521 -1.14281
20.522 -1.11244
20.523 -1.08148
20.524 -1.04994
20.525 -1.01783
20.526 -0.985149
20.527 -0.951923
20.528 -0.918159
20.529 -0.883869
20.53 -0.849066
20.531 -0.813762
20.532 -0.77797
20.533 -0.741702
20.534 -0.704972
20.535 -0.667793
20.536 -0.630177
20.537 -0.59214
20.538 -0.553693
20.539 -0.514853
20.54 -0.475631
20.541 -0.436042
20.542 -0.396101
20.543 -0.355823
20.544 -0.31522
20.545 -0.274309
20.546 -0.233104
20.547 -0.191619
20.548 -0.149871
20.549 -0.107873
20.55 -0.0656408
20.551 -0.0231902
20.552 0.0194627
20.553 0.0623012
20.554 0.105309
20.555 0.148469
20.556 0.191765
20.557 0.235179
20.558 0.278696
20.559 0.322298
20.56 0.365968
20.561 0.409691
20.562 0.453451
20.563 0.497234
20.564 0.541027
20.565 0.584814
20.566 0.628581
20.567 0.672315
20.568 0.716002
20.569 0.759627
20.57 0.803176
20.571 0.846637
20.572 0.889993
20.573 0.93323
20.574 0.976333
20.575 1.01929
20.576 1.06208
20.577 1.10469
20.578 1.14712
20.579 1.18934
20.58 1.23133
20.581 1.2731
20.582 1.31462
20.583 1.35589
20.584 1.39689
20.585 1.43761
20.586 1.47804
20.587 1.51818
20.588 1.55802
20.589 1.59753
20.59 1.63672
20.591 1.67558
20.592 1.71408
20.593 1.75224
20.594 1.79002
20.595 1.82743
20.596 1.86446
20.597 1.90109
20.598 1.93732
20.599 1.97313
20.6 2.00853
20.601 2.0435
20.602 2.07803
20.603 2.11212
20.604 2.14576
20.605 2.17894
20.606 2.21165
20.607 2.24389
20.608 2.27565
20.609 2.30693
20.61 2.33772
20.611 2.36801
20.612 2.3978
20.613 2.42708
20.614 2.45584
20.615 2.48409
20.616 2.51181
20.617 2.53899
20.618 2.56564
20.619 2.59175
20.62 2.61731
20.621 2.64233
20.622 2.66678
20.623 2.69068
20.624 2.71401
20.625 2.73677
20.626 2.75896
20.627 2.78057
20.628 2.8016
20.629 2.82204
20.63 2.8419
20.631 2.86116
20.632 2.87983
20.633 2.8979
20.634 2.91536
20.635 2.93222
20.636 2.94847
20.637 2.96411
20.638 2.97914
20.639 2.99355
20.64 3.00734
20.641 3.02051
20.642 3.03306
20.643 3.04499
20.644 3.05629
20.645 3.06696
20.646 3.07701
20.647 3.08644
20.648 3.09523
20.649 3.1034
20.65 3.11094
20.651 3.11786
20.652 3.12415
20.653 3.12982
20.654 3.13487
20.655 3.13931
20.656 3.14313
20.657 3.14633
20.658 3.14893
20.659 3.15093
20.66 3.15232
20.661 3.15311
20.662 3.15331
20.663 3.15291
20.664 3.15193
20.665 3.15036
20.666 3.1482
20.667 3.14547
20.668 3.14216
20.669 3.13828
20.67 3.13384
20.671 3.12883
20.672 3.12326
20.673 3.11715
20.674 3.11049
20.675 3.10329
20.676 3.09556
20.677 3.08731
20.678 3.07854
20.679 3.06925
20.68 3.05947
20.681 3.04918
20.682 3.03841
20.683 3.02716
20.684 3.01543
20.685 3.00324
20.686 2.99059
20.687 2.97749
20.688 2.96395
20.689 2.94998
20.69 2.93558
20.691 2.92077
20.692 2.90555
20.693 2.88994
20.694 2.87393
20.695 2.85753
20.696 2.84077
20.697 2.82363
20.698 2.80614
20.699 2.78829
20.7 2.77011
20.701 2.75159
20.702 2.73274
20.703 2.71359
20.704 2.69413
20.705 2.67437
20.706 2.65434
20.707 2.63403
20.708 2.61347
20.709 2.59265
20.71 2.57159
20.711 2.5503
20.712 2.52879
20.713 2.50706
20.714 2.48514
20.715 2.46301
20.716 2.4407
20.717 2.41821
20.718 2.39555
20.719 2.37272
20.72 2.34974
20.721 2.32662
20.722 2.30336
20.723 2.27998
20.724 2.25647
20.725 2.23284
20.726 2.20911
20.727 2.18528
20.728 2.16136
20.729 2.13735
20.73 2.11327
20.731 2.08912
20.732 2.06491
20.733 2.04065
20.734 2.01635
20.735 1.99202
20.736 1.96767
20.737 1.9433
20.738 1.91892
20.739 1.89455
20.74 1.87019
20.741 1.84585
20.742 1.82155
20.743 1.79728
20.744 1.77306
20.745 1.7489
20.746 1.7248
20.747 1.70078
20.748 1.67684
20.749 1.65299
20.75 1.62925
20.751 1.60561
20.752 1.58209
20.753 1.5587
20.754 1.53545
20.755 1.51235
20.756 1.48941
20.757 1.46663
20.758 1.44403
20.759 1.42161
20.76 1.39939
20.761 1.37737
20.762 1.35557
20.763 1.33398
20.764 1.31262
20.765 1.2915
20.766 1.27061
20.767 1.24998
20.768 1.2296
20.769 1.20949
20.77 1.18965
20.771 1.17008
20.772 1.1508
20.773 1.13181
20.774 1.11312
20.775 1.09474
20.776 1.07668
20.777 1.05893
20.778 1.04152
20.779 1.02445
20.78 1.00772
20.781 0.991333
20.782 0.975306
20.783 0.959637
20.784 0.944329
20.785 0.929388
20.786 0.914815
20.787 0.900615
20.788 0.88679
20.789 0.873343
20.79 0.860277
20.791 0.847595
20.792 0.835301
20.793 0.823397
20.794 0.811887
20.795 0.800775
20.796 0.790064
20.797 0.779755
20.798 0.769853
20.799 0.760359
20.8 0.751275
20.801 0.742605
20.802 0.734349
20.803 0.72651
20.804 0.71909
20.805 0.712089
20.806 0.705509
20.807 0.699351
20.808 0.693616
20.809 0.688305
20.81 0.683418
20.811 0.678956
20.812 0.67492
20.813 0.671312
20.814 0.668132
20.815 0.665382
20.816 0.663061
20.817 0.661171
20.818 0.659713
20.819 0.658685
20.82 0.658089
20.821 0.657925
20.822 0.658194
20.823 0.658898
20.824 0.660039
20.825 0.661619
20.826 0.66364
20.827 0.666101
20.828 0.669006
20.829 0.672353
20.83 0.676145
20.831 0.680381
20.832 0.68506
20.833 0.690182
20.834 0.695746
20.835 0.701749
20.836 0.70819
20.837 0.715068
20.838 0.72238
20.839 0.730124
20.84 0.738298
20.841 0.7469
20.842 0.755926
20.843 0.765373
20.844 0.775239
20.845 0.785521
20.846 0.796214
20.847 0.807316
20.848 0.818823
20.849 0.83073
20.85 0.843035
20.851 0.855731
20.852 0.868813
20.853 0.882273
20.854 0.896105
20.855 0.910302
20.856 0.924855
20.857 0.939757
20.858 0.955
20.859 0.970577
20.86 0.98648
20.861 1.0027
20.862 1.01923
20.863 1.03606
20.864 1.05318
20.865 1.07058
20.866 1.08826
20.867 1.10621
20.868 1.12441
20.869 1.14286
20.87 1.16155
20.871 1.18047
20.872 1.19961
20.873 1.21895
20.874 1.23849
20.875 1.2582
20.876 1.27809
20.877 1.29814
20.878 1.31833
20.879 1.33865
20.88 1.3591
20.881 1.37965
20.882 1.4003
20.883 1.42103
20.884 1.44184
20.885 1.46272
20.886 1.48364
20.887 1.50461
20.888 1.52561
20.889 1.54662
20.89 1.56764
20.891 1.58866
20.892 1.60966
20.893 1.63065
20.894 1.6516
20.895 1.67251
20.896 1.69338
20.897 1.71418
20.898 1.73493
20.899 1.7556
20.9 1.77618
20.901 1.79668
20.902 1.81707
20.903 1.83736
20.904 1.85753
20.905 1.87758
20.906 1.8975
20.907 1.91727
20.908 1.93689
20.909 1.95636
20.91 1.97566
20.911 1.99479
20.912 2.01374
20.913 2.03251
20.914 2.05109
20.915 2.06948
20.916 2.08766
20.917 2.10565
20.918 2.12342
20.919 2.14099
20.92 2.15833
20.921 2.17546
20.922 2.19235
20.923 2.20901
20.924 2.22544
20.925 2.24162
20.926 2.25755
20.927 2.27323
20.928 2.28865
20.929 2.30381
20.93 2.31869
20.931 2.33331
20.932 2.34765
20.933 2.3617
20.934 2.37547
20.935 2.38895
20.936 2.40214
20.937 2.41503
20.938 2.42762
20.939 2.4399
20.94 2.45188
20.941 2.46354
20.942 2.47489
20.943 2.48592
20.944 2.49661
20.945 2.50698
20.946 2.517
20.947 2.52669
20.948 2.53603
20.949 2.54501
20.95 2.55364
20.951 2.56191
20.952 2.56981
20.953 2.57735
20.954 2.58451
20.955 2.5913
20.956 2.59771
20.957 2.60373
20.958 2.60937
20.959 2.61462
20.96 2.61948
20.961 2.62395
20.962 2.62801
20.963 2.63168
20.964 2.63494
20.965 2.6378
20.966 2.64024
20.967 2.64227
20.968 2.64388
20.969 2.64508
20.97 2.64585
20.971 2.6462
20.972 2.64613
20.973 2.64563
20.974 2.64471
20.975 2.64336
20.976 2.64159
20.977 2.63939
20.978 2.63677
20.979 2.63373
20.98 2.63026
20.981 2.62637
20.982 2.62205
20.983 2.61732
20.984 2.61218
20.985 2.60662
20.986 2.60066
20.987 2.59428
20.988 2.58751
20.989 2.58033
20.99 2.57276
20.991 2.5648
20.992 2.55645
20.993 2.54772
20.994 2.53861
20.995 2.52913
20.996 2.51928
20.997 2.50908
20.998 2.49852
20.999 2.48762
21 2.47637
21.001 2.46479
21.002 2.45289
21.003 2.44066
21.004 2.42813
21.005 2.41529
21.006 2.40216
21.007 2.38874
21.008 2.37504
21.009 2.36108
21.01 2.34685
21.011 2.33238
21.012 2.31766
21.013 2.30271
21.014 2.28753
21.015 2.27214
21.016 2.25654
21.017 2.24075
21.018 2.22477
21.019 2.20861
21.02 2.19228
21.021 2.17579
21.022 2.15915
21.023 2.14237
21.024 2.12545
21.025 2.10841
21.026 2.09125
21.027 2.07398
21.028 2.05662
21.029 2.03916
21.03 2.02162
21.031 2.004
21.032 1.98632
21.033 1.96858
21.034 1.95079
21.035 1.93295
21.036 1.91508
21.037 1.89717
21.038 1.87925
21.039 1.86131
21.04 1.84337
21.041 1.82542
21.042 1.80749
21.043 1.78957
21.044 1.77166
21.045 1.75379
21.046 1.73594
21.047 1.71813
21.048 1.70037
21.049 1.68266
21.05 1.66501
21.051 1.64741
21.052 1.62989
21.053 1.61245
21.054 1.59509
21.055 1.57782
21.056 1.56065
21.057 1.54359
21.058 1.52664
21.059 1.50981
21.06 1.49311
21.061 1.47654
21.062 1.46012
21.063 1.44384
21.064 1.42771
21.065 1.41175
21.066 1.39595
21.067 1.38033
21.068 1.36489
21.069 1.34963
21.07 1.33457
21.071 1.3197
21.072 1.30504
21.073 1.29059
21.074 1.27635
21.075 1.26233
21.076 1.24853
21.077 1.23496
21.078 1.22162
21.079 1.20851
21.08 1.19564
21.081 1.18302
21.082 1.17064
21.083 1.15852
21.084 1.14666
21.085 1.13507
21.086 1.12375
21.087 1.11272
21.088 1.10196
21.089 1.0915
21.09 1.08133
21.091 1.07146
21.092 1.0619
21.093 1.05265
21.094 1.04371
21.095 1.03508
21.096 1.02677
21.097 1.01879
21.098 1.01113
21.099 1.0038
21.1 0.996798
21.101 0.990132
21.102 0.983803
21.103 0.977815
21.104 0.972171
21.105 0.966875
21.106 0.96193
21.107 0.957339
21.108 0.953105
21.109 0.94923
21.11 0.945717
21.111 0.942569
21.112 0.939788
21.113 0.937375
21.114 0.935334
21.115 0.933664
21.116 0.932369
21.117 0.93145
21.118 0.930908
21.119 0.930744
21.12 0.930959
21.121 0.931554
21.122 0.932529
21.123 0.933882
21.124 0.935613
21.125 0.937721
21.126 0.940204
21.127 0.943062
21.128 0.946293
21.129 0.949895
21.13 0.953866
21.131 0.958205
21.132 0.962908
21.133 0.967975
21.134 0.973402
21.135 0.979188
21.136 0.985328
21.137 0.991821
21.138 0.998664
21.139 1.00585
21.14 1.01338
21.141 1.02126
21.142 1.02946
21.143 1.038
21.144 1.04686
21.145 1.05604
21.146 1.06553
21.147 1.07533
21.148 1.08544
21.149 1.09584
21.15 1.10654
21.151 1.11752
21.152 1.12878
21.153 1.14032
21.154 1.15212
21.155 1.16418
21.156 1.17649
21.157 1.18906
21.158 1.20186
21.159 1.2149
21.16 1.22817
21.161 1.24166
21.162 1.25536
21.163 1.26926
21.164 1.28337
21.165 1.29766
21.166 1.31215
21.167 1.3268
21.168 1.34163
21.169 1.35662
21.17 1.37177
21.171 1.38706
21.172 1.40248
21.173 1.41804
21.174 1.43371
21.175 1.4495
21.176 1.46539
21.177 1.48136
21.178 1.49743
21.179 1.51356
21.18 1.52976
21.181 1.54601
21.182 1.56231
21.183 1.57864
21.184 1.595
21.185 1.61138
21.186 1.62777
21.187 1.64415
21.188 1.66053
21.189 1.67688
21.19 1.6932
21.191 1.70949
21.192 1.72573
21.193 1.74191
21.194 1.75802
21.195 1.77406
21.196 1.79001
21.197 1.80587
21.198 1.82163
21.199 1.83727
21.2 1.85279
21.201 1.86818
21.202 1.88344
21.203 1.89854
21.204 1.91349
21.205 1.92828
21.206 1.94289
21.207 1.95732
21.208 1.97156
21.209 1.9856
21.21 1.99943
21.211 2.01305
21.212 2.02645
21.213 2.03961
21.214 2.05252
21.215 2.06519
21.216 2.0776
21.217 2.08973
21.218 2.10159
21.219 2.11317
21.22 2.12445
21.221 2.13542
21.222 2.14609
21.223 2.15643
21.224 2.16644
21.225 2.17611
21.226 2.18544
21.227 2.19441
21.228 2.20301
21.229 2.21124
21.23 2.21909
21.231 2.22654
21.232 2.23361
21.233 2.24026
21.234 2.24651
21.235 2.25233
21.236 2.25773
21.237 2.26269
21.238 2.26722
21.239 2.27129
21.24 2.27492
21.241 2.27808
21.242 2.28078
21.243 2.28301
21.244 2.28476
21.245 2.28603
21.246 2.28682
21.247 2.28711
21.248 2.2869
21.249 2.28619
21.25 2.28498
21.251 2.28326
21.252 2.28102
21.253 2.27827
21.254 2.275
21.255 2.2712
21.256 2.26688
21.257 2.26202
21.258 2.25664
21.259 2.25072
21.26 2.24426
21.261 2.23727
21.262 2.22973
21.263 2.22166
21.264 2.21305
21.265 2.2039
21.266 2.19421
21.267 2.18399
21.268 2.17322
21.269 2.16192
21.27 2.15009
21.271 2.13773
21.272 2.12484
21.273 2.11142
21.274 2.09748
21.275 2.08303
21.276 2.06808
21.277 2.05261
21.278 2.03666
21.279 2.0202
21.28 2.00327
21.281 1.98585
21.282 1.96796
21.283 1.9496
21.284 1.93079
21.285 1.91153
21.286 1.89183
21.287 1.8717
21.288 1.85114
21.289 1.83018
21.29 1.8088
21.291 1.78703
21.292 1.76488
21.293 1.74234
21.294 1.71945
21.295 1.69619
21.296 1.67258
21.297 1.64864
21.298 1.62437
21.299 1.59979
21.3 1.57489
21.301 1.54971
21.302 1.52423
21.303 1.49848
21.304 1.47246
21.305 1.44619
21.306 1.41966
21.307 1.3929
21.308 1.36591
21.309 1.33871
21.31 1.3113
21.311 1.28369
21.312 1.25589
21.313 1.22792
21.314 1.19977
21.315 1.17147
21.316 1.14301
21.317 1.11442
21.318 1.08569
21.319 1.05684
21.32 1.02788
21.321 0.998813
21.322 0.969654
21.323 0.940411
21.324 0.911094
21.325 0.881712
21.326 0.852276
21.327 0.822793
21.328 0.793275
21.329 0.763731
21.33 0.73417
21.331 0.704602
21.332 0.675038
21.333 0.645489
21.334 0.615965
21.335 0.586477
21.336 0.557036
21.337 0.527652
21.338 0.498336
21.339 0.469098
21.34 0.439949
21.341 0.410899
21.342 0.381958
21.343 0.353137
21.344 0.324445
21.345 0.295893
21.346 0.26749
21.347 0.239247
21.348 0.211173
21.349 0.183277
21.35 0.155569
21.351 0.128059
21.352 0.100758
21.353 0.073678
21.354 0.04683
21.355 0.0202254
21.356 -0.0061246
21.357 -0.032209
21.358 -0.058017
21.359 -0.0835378
21.36 -0.108761
21.361 -0.133676
21.362 -0.158273
21.363 -0.182541
21.364 -0.206472
21.365 -0.230055
21.366 -0.25328
21.367 -0.276139
21.368 -0.298622
21.369 -0.320721
21.37 -0.342427
21.371 -0.36373
21.372 -0.384623
21.373 -0.405095
21.374 -0.425137
21.375 -0.44474
21.376 -0.463896
21.377 -0.482596
21.378 -0.500833
21.379 -0.518596
21.38 -0.53588
21.381 -0.552677
21.382 -0.56898
21.383 -0.584783
21.384 -0.600081
21.385 -0.614869
21.386 -0.62914
21.387 -0.64289
21.388 -0.656115
21.389 -0.668809
21.39 -0.680969
21.391 -0.69259
21.392 -0.70367
21.393 -0.714207
21.394 -0.724197
21.395 -0.73364
21.396 -0.742534
21.397 -0.750877
21.398 -0.758667
21.399 -0.765905
21.4 -0.772588
21.401 -0.778717
21.402 -0.784292
21.403 -0.789311
21.404 -0.793775
21.405 -0.797684
21.406 -0.80104
21.407 -0.803841
21.408 -0.806091
21.409 -0.807788
21.41 -0.808936
21.411 -0.809536
21.412 -0.809589
21.413 -0.8091
21.414 -0.808073
21.415 -0.806509
21.416 -0.804414
21.417 -0.801791
21.418 -0.798645
21.419 -0.79498
21.42 -0.7908
21.421 -0.78611
21.422 -0.780915
21.423 -0.775216
21.424 -0.76902
21.425 -0.76233
21.426 -0.75515
21.427 -0.747485
21.428 -0.73934
21.429 -0.73072
21.43 -0.721629
21.431 -0.712073
21.432 -0.702056
21.433 -0.691582
21.434 -0.680656
21.435 -0.669282
21.436 -0.657466
21.437 -0.645212
21.438 -0.632525
21.439 -0.619411
21.44 -0.605874
21.441 -0.59192
21.442 -0.577552
21.443 -0.562774
21.444 -0.547589
21.445 -0.532001
21.446 -0.516014
21.447 -0.49963
21.448 -0.482855
21.449 -0.465692
21.45 -0.448146
21.451 -0.430221
21.452 -0.411922
21.453 -0.393252
21.454 -0.374218
21.455 -0.354823
21.456 -0.335073
21.457 -0.314973
21.458 -0.294529
21.459 -0.273745
21.46 -0.252627
21.461 -0.231181
21.462 -0.209412
21.463 -0.187327
21.464 -0.164931
21.465 -0.14223
21.466 -0.119231
21.467 -0.0959394
21.468 -0.072362
21.469 -0.0485052
21.47 -0.0243756
21.471 1.98639e-05
21.472 0.0246734
21.473 0.0495771
21.474 0.0747225
21.475 0.100102
21.476 0.125706
21.477 0.151527
21.478 0.177556
21.479 0.203785
21.48 0.230205
21.481 0.256807
21.482 0.28358
21.483 0.310513
21.484 0.337594
21.485 0.364811
21.486 0.392154
21.487 0.419611
21.488 0.447171
21.489 0.47482
21.49 0.502549
21.491 0.530346
21.492 0.558196
21.493 0.586089
21.494 0.61401
21.495 0.641946
21.496 0.669886
21.497 0.697815
21.498 0.725722
21.499 0.753592
21.5 0.781414
21.501 0.809174
21.502 0.836859
21.503 0.864453
21.504 0.891945
21.505 0.919319
21.506 0.946562
21.507 0.97366
21.508 1.0006
21.509 1.02737
21.51 1.05395
21.511 1.08033
21.512 1.1065
21.513 1.13245
21.514 1.15816
21.515 1.18363
21.516 1.20883
21.517 1.23377
21.518 1.25843
21.519 1.28279
21.52 1.30685
21.521 1.33059
21.522 1.35401
21.523 1.3771
21.524 1.39986
21.525 1.42226
21.526 1.44431
21.527 1.46599
21.528 1.48731
21.529 1.50825
21.53 1.5288
21.531 1.54897
21.532 1.56873
21.533 1.5881
21.534 1.60706
21.535 1.6256
21.536 1.64373
21.537 1.66144
21.538 1.67873
21.539 1.69558
21.54 1.712
21.541 1.72799
21.542 1.74353
21.543 1.75863
21.544 1.77328
21.545 1.78748
21.546 1.80123
21.547 1.81452
21.548 1.82735
21.549 1.83973
21.55 1.85164
21.551 1.86309
21.552 1.87407
21.553 1.88458
21.554 1.89462
21.555 1.90418
21.556 1.91327
21.557 1.92188
21.558 1.93002
21.559 1.93767
21.56 1.94484
21.561 1.95152
21.562 1.95773
21.563 1.96344
21.564 1.96867
21.565 1.97341
21.566 1.97765
21.567 1.98141
21.568 1.98467
21.569 1.98744
21.57 1.98971
21.571 1.99149
21.572 1.99277
21.573 1.99356
21.574 1.99384
21.575 1.99363
21.576 1.99291
21.577 1.99168
21.578 1.98994
21.579 1.9877
21.58 1.98495
21.581 1.98169
21.582 1.97793
21.583 1.97366
21.584 1.96888
21.585 1.96361
21.586 1.95784
21.587 1.95158
21.588 1.94483
21.589 1.93759
21.59 1.92987
21.591 1.92167
21.592 1.91299
21.593 1.90385
21.594 1.89424
21.595 1.88418
21.596 1.87367
21.597 1.86271
21.598 1.85132
21.599 1.83949
21.6 1.82724
21.601 1.81458
21.602 1.80151
21.603 1.78804
21.604 1.77418
21.605 1.75996
21.606 1.74537
21.607 1.73043
21.608 1.71515
21.609 1.69955
21.61 1.68363
21.611 1.6674
21.612 1.65089
21.613 1.63409
21.614 1.61703
21.615 1.5997
21.616 1.58213
21.617 1.56432
21.618 1.54629
21.619 1.52804
21.62 1.5096
21.621 1.49096
21.622 1.47214
21.623 1.45316
21.624 1.43403
21.625 1.41475
21.626 1.39534
21.627 1.37582
21.628 1.35618
21.629 1.33646
21.63 1.31665
21.631 1.29677
21.632 1.27683
21.633 1.25683
21.634 1.23679
21.635 1.21672
21.636 1.19661
21.637 1.17649
21.638 1.15636
21.639 1.13622
21.64 1.11609
21.641 1.09597
21.642 1.07588
21.643 1.05581
21.644 1.03579
21.645 1.01581
21.646 0.995892
21.647 0.976036
21.648 0.956252
21.649 0.936549
21.65 0.916935
21.651 0.897418
21.652 0.878005
21.653 0.858702
21.654 0.839516
21.655 0.820455
21.656 0.801524
21.657 0.782731
21.658 0.764081
21.659 0.745582
21.66 0.727239
21.661 0.709058
21.662 0.691047
21.663 0.673211
21.664 0.655556
21.665 0.638088
21.666 0.620814
21.667 0.603738
21.668 0.586867
21.669 0.570206
21.67 0.553761
21.671 0.537538
21.672 0.521544
21.673 0.505786
21.674 0.490273
21.675 0.475013
21.676 0.460011
21.677 0.445276
21.678 0.430816
21.679 0.416636
21.68 0.402744
21.681 0.389146
21.682 0.37585
21.683 0.362862
21.684 0.350189
21.685 0.337836
21.686 0.325809
21.687 0.314116
21.688 0.302761
21.689 0.29175
21.69 0.281089
21.691 0.270784
21.692 0.260838
21.693 0.251259
21.694 0.242049
21.695 0.233215
21.696 0.224761
21.697 0.216691
21.698 0.20901
21.699 0.201721
21.7 0.194829
21.701 0.188337
21.702 0.182247
21.703 0.176563
21.704 0.171285
21.705 0.166416
21.706 0.161957
21.707 0.15791
21.708 0.154276
21.709 0.151057
21.71 0.148252
21.711 0.145864
21.712 0.143893
21.713 0.142338
21.714 0.141201
21.715 0.140481
21.716 0.140179
21.717 0.140293
21.718 0.140825
21.719 0.141772
21.72 0.143135
21.721 0.144912
21.722 0.147103
21.723 0.149705
21.724 0.152718
21.725 0.15614
21.726 0.159969
21.727 0.164203
21.728 0.16884
21.729 0.173877
21.73 0.179313
21.731 0.185145
21.732 0.191371
21.733 0.197989
21.734 0.204997
21.735 0.212394
21.736 0.220178
21.737 0.228345
21.738 0.236894
21.739 0.245822
21.74 0.255126
21.741 0.264803
21.742 0.27485
21.743 0.285264
21.744 0.296041
21.745 0.307177
21.746 0.31867
21.747 0.330516
21.748 0.342709
21.749 0.355247
21.75 0.368125
21.751 0.381338
21.752 0.394882
21.753 0.408753
21.754 0.422945
21.755 0.437454
21.756 0.452274
21.757 0.467401
21.758 0.482829
21.759 0.498553
21.76 0.514567
21.761 0.530865
21.762 0.547442
21.763 0.564292
21.764 0.581409
21.765 0.598787
21.766 0.616419
21.767 0.6343
21.768 0.652423
21.769 0.670781
21.77 0.689368
21.771 0.708177
21.772 0.727199
21.773 0.746424
21.774 0.765843
21.775 0.785447
21.776 0.805227
21.777 0.825171
21.778 0.845272
21.779 0.865518
21.78 0.885901
21.781 0.90641
21.782 0.927035
21.783 0.947767
21.784 0.968596
21.785 0.989511
21.786 1.0105
21.787 1.03156
21.788 1.05267
21.789 1.07384
21.79 1.09503
21.791 1.11625
21.792 1.13749
21.793 1.15874
21.794 1.17998
21.795 1.2012
21.796 1.2224
21.797 1.24357
21.798 1.26469
21.799 1.28576
21.8 1.30676
21.801 1.32769
21.802 1.34853
21.803 1.36928
21.804 1.38993
21.805 1.41048
21.806 1.4309
21.807 1.4512
21.808 1.47137
21.809 1.49139
21.81 1.51127
21.811 1.53098
21.812 1.55053
21.813 1.56991
21.814 1.5891
21.815 1.6081
21.816 1.6269
21.817 1.6455
21.818 1.66389
21.819 1.68205
21.82 1.69999
21.821 1.71769
21.822 1.73515
21.823 1.75236
21.824 1.76931
21.825 1.78599
21.826 1.8024
21.827 1.81853
21.828 1.83436
21.829 1.8499
21.83 1.86513
21.831 1.88005
21.832 1.89466
21.833 1.90894
21.834 1.92289
21.835 1.93651
21.836 1.94979
21.837 1.96272
21.838 1.97531
21.839 1.98754
21.84 1.99942
21.841 2.01093
21.842 2.02208
21.843 2.03285
21.844 2.04324
21.845 2.05325
21.846 2.06288
21.847 2.07211
21.848 2.08094
21.849 2.08938
21.85 2.09741
21.851 2.10503
21.852 2.11223
21.853 2.11902
21.854 2.1254
21.855 2.13135
21.856 2.13687
21.857 2.14196
21.858 2.14663
21.859 2.15086
21.86 2.15466
21.861 2.15801
21.862 2.16093
21.863 2.16341
21.864 2.16544
21.865 2.16703
21.866 2.16818
21.867 2.16888
21.868 2.16913
21.869 2.16893
21.87 2.16829
21.871 2.16719
21.872 2.16565
21.873 2.16366
21.874 2.16123
21.875 2.15834
21.876 2.15501
21.877 2.15124
21.878 2.14702
21.879 2.14235
21.88 2.13724
21.881 2.1317
21.882 2.12571
21.883 2.11929
21.884 2.11243
21.885 2.10514
21.886 2.09742
21.887 2.08928
21.888 2.08071
21.889 2.07171
21.89 2.0623
21.891 2.05247
21.892 2.04223
21.893 2.03158
21.894 2.02052
21.895 2.00906
21.896 1.99719
21.897 1.98493
21.898 1.97226
21.899 1.95921
21.9 1.94576
21.901 1.93193
21.902 1.91772
21.903 1.90313
21.904 1.88817
21.905 1.87284
21.906 1.85716
21.907 1.84112
21.908 1.82474
21.909 1.80801
21.91 1.79094
21.911 1.77355
21.912 1.75583
21.913 1.73779
21.914 1.71945
21.915 1.7008
21.916 1.68185
21.917 1.66262
21.918 1.6431
21.919 1.6233
21.92 1.60324
21.921 1.58292
21.922 1.56234
21.923 1.54153
21.924 1.52048
21.925 1.49921
21.926 1.47774
21.927 1.45606
21.928 1.43419
21.929 1.41215
21.93 1.38993
21.931 1.36756
21.932 1.34505
21.933 1.32239
21.934 1.29961
21.935 1.27672
21.936 1.25372
21.937 1.23063
21.938 1.20746
21.939 1.18422
21.94 1.16092
21.941 1.13757
21.942 1.11418
21.943 1.09076
21.944 1.06732
21.945 1.04387
21.946 1.02043
21.947 0.99699
21.948 0.973573
21.949 0.950186
21.95 0.926838
21.951 0.903538
21.952 0.880297
21.953 0.857121
21.954 0.834019
21.955 0.811
21.956 0.788071
21.957 0.765242
21.958 0.742519
21.959 0.719912
21.96 0.697429
21.961 0.675076
21.962 0.652862
21.963 0.630792
21.964 0.608873
21.965 0.587113
21.966 0.565516
21.967 0.54409
21.968 0.52284
21.969 0.501773
21.97 0.480895
21.971 0.460212
21.972 0.439728
21.973 0.419448
21.974 0.399377
21.975 0.379519
21.976 0.359878
21.977 0.340458
21.978 0.321263
21.979 0.302298
21.98 0.283566
21.981 0.26507
21.982 0.246817
21.983 0.22881
21.984 0.211054
21.985 0.193553
21.986 0.176313
21.987 0.159337
21.988 0.142629
21.989 0.126193
21.99 0.110034
21.991 0.0941557
21.992 0.078562
21.993 0.0632581
21.994 0.0482486
21.995 0.033538
21.996 0.0191306
21.997 0.00503071
21.998 -0.0087577
21.999 -0.0222306
22 -0.0353843
22.001 -0.0482148
22.002 -0.0607177
22.003 -0.0728883
22.004 -0.0847222
22.005 -0.0962151
22.006 -0.107363
22.007 -0.118162
22.008 -0.128607
22.009 -0.138696
22.01 -0.148425
22.011 -0.157791
22.012 -0.16679
22.013 -0.175419
22.014 -0.183675
22.015 -0.191556
22.016 -0.199059
22.017 -0.206182
22.018 -0.212922
22.019 -0.219278
22.02 -0.225248
22.021 -0.230829
22.022 -0.236024
22.023 -0.240832
22.024 -0.245256
22.025 -0.249296
22.026 -0.252955
22.027 -0.256233
22.028 -0.259133
22.029 -0.261657
22.03 -0.263807
22.031 -0.265585
22.032 -0.266994
22.033 -0.268037
22.034 -0.268717
22.035 -0.269035
22.036 -0.268996
22.037 -0.268603
22.038 -0.267859
22.039 -0.266768
22.04 -0.265332
22.041 -0.263558
22.042 -0.261448
22.043 -0.259009
22.044 -0.256246
22.045 -0.253165
22.046 -0.249771
22.047 -0.246071
22.048 -0.242069
22.049 -0.237773
22.05 -0.233188
22.051 -0.228321
22.052 -0.223176
22.053 -0.217759
22.054 -0.212076
22.055 -0.206131
22.056 -0.199931
22.057 -0.193481
22.058 -0.186787
22.059 -0.179855
22.06 -0.17269
22.061 -0.165297
22.062 -0.157682
22.063 -0.149848
22.064 -0.141798
22.065 -0.133537
22.066 -0.125067
22.067 -0.116394
22.068 -0.107521
22.069 -0.0984526
22.07 -0.0891926
22.071 -0.0797457
22.072 -0.0701172
22.073 -0.0603128
22.074 -0.0503381
22.075 -0.0401989
22.076 -0.029901
22.077 -0.0194504
22.078 -0.00885286
22.079 0.00188552
22.08 0.0127587
22.081 0.0237613
22.082 0.0348891
22.083 0.0461383
22.084 0.0575053
22.085 0.0689864
22.086 0.0805777
22.087 0.0922755
22.088 0.104076
22.089 0.115975
22.09 0.127969
22.091 0.140054
22.092 0.152224
22.093 0.164474
22.094 0.1768
22.095 0.189196
22.096 0.201656
22.097 0.214175
22.098 0.226747
22.099 0.239369
22.1 0.252033
22.101 0.264734
22.102 0.277467
22.103 0.290224
22.104 0.302998
22.105 0.315784
22.106 0.328573
22.107 0.341361
22.108 0.354139
22.109 0.366902
22.11 0.379642
22.111 0.392354
22.112 0.405028
22.113 0.417658
22.114 0.430236
22.115 0.442754
22.116 0.455204
22.117 0.467578
22.118 0.47987
22.119 0.49207
22.12 0.504173
22.121 0.516169
22.122 0.528052
22.123 0.539814
22.124 0.551449
22.125 0.562948
22.126 0.574304
22.127 0.58551
22.128 0.59656
22.129 0.607446
22.13 0.61816
22.131 0.628697
22.132 0.63905
22.133 0.649211
22.134 0.659174
22.135 0.668933
22.136 0.67848
22.137 0.687811
22.138 0.696917
22.139 0.705794
22.14 0.714435
22.141 0.722835
22.142 0.730988
22.143 0.73889
22.144 0.746537
22.145 0.753924
22.146 0.761048
22.147 0.767903
22.148 0.774487
22.149 0.780795
22.15 0.786824
22.151 0.79257
22.152 0.798031
22.153 0.803205
22.154 0.808089
22.155 0.812682
22.156 0.816982
22.157 0.820988
22.158 0.824698
22.159 0.82811
22.16 0.831224
22.161 0.834038
22.162 0.836553
22.163 0.838769
22.164 0.840686
22.165 0.842306
22.166 0.843628
22.167 0.844654
22.168 0.845385
22.169 0.845821
22.17 0.845965
22.171 0.845817
22.172 0.845379
22.173 0.844653
22.174 0.84364
22.175 0.842342
22.176 0.840762
22.177 0.838901
22.178 0.836761
22.179 0.834345
22.18 0.831655
22.181 0.828694
22.182 0.825463
22.183 0.821963
22.184 0.818197
22.185 0.814166
22.186 0.809871
22.187 0.805316
22.188 0.800502
22.189 0.79543
22.19 0.790105
22.191 0.784527
22.192 0.778699
22.193 0.772624
22.194 0.766304
22.195 0.759743
22.196 0.752944
22.197 0.745908
22.198 0.73864
22.199 0.731142
22.2 0.723419
22.201 0.715472
22.202 0.707304
22.203 0.698918
22.204 0.690316
22.205 0.681501
22.206 0.672475
22.207 0.663241
22.208 0.653801
22.209 0.644158
22.21 0.634316
22.211 0.624277
22.212 0.614046
22.213 0.603627
22.214 0.593024
22.215 0.582243
22.216 0.571286
22.217 0.56016
22.218 0.548869
22.219 0.537418
22.22 0.525811
22.221 0.514055
22.222 0.502154
22.223 0.490116
22.224 0.477946
22.225 0.465651
22.226 0.453237
22.227 0.440712
22.228 0.428081
22.229 0.41535
22.23 0.402528
22.231 0.38962
22.232 0.376632
22.233 0.363573
22.234 0.350447
22.235 0.337263
22.236 0.324027
22.237 0.310745
22.238 0.297425
22.239 0.284073
22.24 0.270696
22.241 0.257301
22.242 0.243892
22.243 0.230477
22.244 0.21706
22.245 0.203648
22.246 0.190244
22.247 0.176856
22.248 0.163488
22.249 0.150147
22.25 0.136836
22.251 0.123563
22.252 0.110334
22.253 0.0971541
22.254 0.0840315
22.255 0.0709722
22.256 0.0579828
22.257 0.0450697
22.258 0.0322395
22.259 0.0194986
22.26 0.0068532
22.261 -0.00569117
22.262 -0.0181311
22.263 -0.0304642
22.264 -0.0426881
22.265 -0.0548004
22.266 -0.0667988
22.267 -0.0786812
22.268 -0.0904453
22.269 -0.102089
22.27 -0.11361
22.271 -0.125007
22.272 -0.136278
22.273 -0.14742
22.274 -0.158433
22.275 -0.169313
22.276 -0.18006
22.277 -0.190672
22.278 -0.201148
22.279 -0.211485
22.28 -0.221683
22.281 -0.23174
22.282 -0.241655
22.283 -0.251426
22.284 -0.261053
22.285 -0.270535
22.286 -0.279869
22.287 -0.289057
22.288 -0.298095
22.289 -0.306985
22.29 -0.315724
22.291 -0.324313
22.292 -0.332751
22.293 -0.341036
22.294 -0.34917
22.295 -0.357151
22.296 -0.364979
22.297 -0.372654
22.298 -0.380175
22.299 -0.387543
22.3 -0.394757
22.301 -0.401818
22.302 -0.408724
22.303 -0.415474
22.304 -0.422068
22.305 -0.428503
22.306 -0.434781
22.307 -0.440898
22.308 -0.446856
22.309 -0.452653
22.31 -0.458289
22.311 -0.463763
22.312 -0.469074
22.313 -0.474223
22.314 -0.479209
22.315 -0.484032
22.316 -0.488691
22.317 -0.493187
22.318 -0.49752
22.319 -0.501689
22.32 -0.505694
22.321 -0.509537
22.322 -0.513218
22.323 -0.516739
22.324 -0.520102
22.325 -0.523308
22.326 -0.52636
22.327 -0.529258
22.328 -0.532005
22.329 -0.534602
22.33 -0.537053
22.331 -0.539359
22.332 -0.541521
22.333 -0.543543
22.334 -0.545426
22.335 -0.547173
22.336 -0.548787
22.337 -0.550268
22.338 -0.551621
22.339 -0.552848
22.34 -0.553951
22.341 -0.554933
22.342 -0.555799
22.343 -0.556555
22.344 -0.557204
22.345 -0.557754
22.346 -0.558208
22.347 -0.558573
22.348 -0.558854
22.349 -0.559056
22.35 -0.559185
22.351 -0.559246
22.352 -0.559243
22.353 -0.55918
22.354 -0.559063
22.355 -0.558895
22.356 -0.558681
22.357 -0.558424
22.358 -0.55813
22.359 -0.557802
22.36 -0.557446
22.361 -0.557065
22.362 -0.556665
22.363 -0.556252
22.364 -0.555831
22.365 -0.555408
22.366 -0.554988
22.367 -0.554578
22.368 -0.554182
22.369 -0.553807
22.37 -0.553457
22.371 -0.553139
22.372 -0.552855
22.373 -0.552608
22.374 -0.552402
22.375 -0.552239
22.376 -0.552123
22.377 -0.552056
22.378 -0.552041
22.379 -0.552082
22.38 -0.55218
22.381 -0.55234
22.382 -0.552564
22.383 -0.552857
22.384 -0.553223
22.385 -0.553666
22.386 -0.55419
22.387 -0.554798
22.388 -0.555495
22.389 -0.556283
22.39 -0.557168
22.391 -0.558152
22.392 -0.559238
22.393 -0.560429
22.394 -0.561726
22.395 -0.563132
22.396 -0.56465
22.397 -0.566281
22.398 -0.568027
22.399 -0.569891
22.4 -0.571875
22.401 -0.57398
22.402 -0.576211
22.403 -0.578569
22.404 -0.581058
22.405 -0.583681
22.406 -0.586441
22.407 -0.589341
22.408 -0.592384
22.409 -0.595572
22.41 -0.598908
22.411 -0.602395
22.412 -0.606035
22.413 -0.609831
22.414 -0.613785
22.415 -0.617901
22.416 -0.622179
22.417 -0.626622
22.418 -0.631233
22.419 -0.636014
22.42 -0.640967
22.421 -0.646093
22.422 -0.651396
22.423 -0.656879
22.424 -0.662545
22.425 -0.668397
22.426 -0.674437
22.427 -0.680669
22.428 -0.687095
22.429 -0.693719
22.43 -0.700541
22.431 -0.707565
22.432 -0.714792
22.433 -0.722223
22.434 -0.729859
22.435 -0.737702
22.436 -0.745751
22.437 -0.754007
22.438 -0.762472
22.439 -0.771145
22.44 -0.780027
22.441 -0.789119
22.442 -0.798418
22.443 -0.807922
22.444 -0.81763
22.445 -0.827537
22.446 -0.837643
22.447 -0.847944
22.448 -0.858438
22.449 -0.869122
22.45 -0.879994
22.451 -0.89105
22.452 -0.902288
22.453 -0.913705
22.454 -0.925298
22.455 -0.937063
22.456 -0.948998
22.457 -0.961099
22.458 -0.973363
22.459 -0.985787
22.46 -0.998368
22.461 -1.0111
22.462 -1.02398
22.463 -1.037
22.464 -1.05016
22.465 -1.06344
22.466 -1.07685
22.467 -1.09038
22.468 -1.10401
22.469 -1.11775
22.47 -1.13159
22.471 -1.14552
22.472 -1.15954
22.473 -1.17363
22.474 -1.1878
22.475 -1.20203
22.476 -1.21633
22.477 -1.23068
22.478 -1.24508
22.479 -1.25952
22.48 -1.27399
22.481 -1.28849
22.482 -1.30301
22.483 -1.31755
22.484 -1.33209
22.485 -1.34664
22.486 -1.36117
22.487 -1.37569
22.488 -1.39018
22.489 -1.40464
22.49 -1.41907
22.491 -1.43344
22.492 -1.44777
22.493 -1.46204
22.494 -1.47624
22.495 -1.49038
22.496 -1.50444
22.497 -1.51841
22.498 -1.5323
22.499 -1.5461
22.5 -1.5598
22.501 -1.5734
22.502 -1.58688
22.503 -1.60025
22.504 -1.61349
22.505 -1.6266
22.506 -1.63957
22.507 -1.6524
22.508 -1.66508
22.509 -1.67761
22.51 -1.68997
22.511 -1.70216
22.512 -1.71418
22.513 -1.72601
22.514 -1.73766
22.515 -1.74912
22.516 -1.76038
22.517 -1.77144
22.518 -1.78228
22.519 -1.79292
22.52 -1.80333
22.521 -1.81352
22.522 -1.82348
22.523 -1.8332
22.524 -1.84268
22.525 -1.85192
22.526 -1.86091
22.527 -1.86964
22.528 -1.87812
22.529 -1.88633
22.53 -1.89428
22.531 -1.90195
22.532 -1.90935
22.533 -1.91646
22.534 -1.92329
22.535 -1.92981
22.536 -1.93604
22.537 -1.94195
22.538 -1.94755
22.539 -1.95283
22.54 -1.95779
22.541 -1.96241
22.542 -1.9667
22.543 -1.97064
22.544 -1.97422
22.545 -1.97745
22.546 -1.9803
22.547 -1.98279
22.548 -1.98489
22.549 -1.9866
22.55 -1.98791
22.551 -1.98882
22.552 -1.98933
22.553 -1.98942
22.554 -1.98908
22.555 -1.98833
22.556 -1.98714
22.557 -1.98551
22.558 -1.98344
22.559 -1.98092
22.56 -1.97795
22.561 -1.97452
22.562 -1.97063
22.563 -1.96627
22.564 -1.96143
22.565 -1.95611
22.566 -1.95031
22.567 -1.94402
22.568 -1.93723
22.569 -1.92994
22.57 -1.92215
22.571 -1.91385
22.572 -1.90504
22.573 -1.89572
22.574 -1.88589
22.575 -1.87554
22.576 -1.86468
22.577 -1.8533
22.578 -1.84141
22.579 -1.82901
22.58 -1.81608
22.581 -1.80265
22.582 -1.78869
22.583 -1.77422
22.584 -1.75924
22.585 -1.74373
22.586 -1.72771
22.587 -1.71117
22.588 -1.69411
22.589 -1.67654
22.59 -1.65845
22.591 -1.63984
22.592 -1.62072
22.593 -1.60109
22.594 -1.58094
22.595 -1.56029
22.596 -1.53913
22.597 -1.51746
22.598 -1.49529
22.599 -1.47261
22.6 -1.44944
22.601 -1.42577
22.602 -1.40161
22.603 -1.37696
22.604 -1.35182
22.605 -1.32619
22.606 -1.30009
22.607 -1.27351
22.608 -1.24646
22.609 -1.21895
22.61 -1.19097
22.611 -1.16253
22.612 -1.13364
22.613 -1.1043
22.614 -1.07452
22.615 -1.04431
22.616 -1.01368
22.617 -0.982622
22.618 -0.951153
22.619 -0.919279
22.62 -0.887006
22.621 -0.854344
22.622 -0.821301
22.623 -0.787888
22.624 -0.754115
22.625 -0.719993
22.626 -0.685533
22.627 -0.650746
22.628 -0.615641
22.629 -0.580232
22.63 -0.544528
22.631 -0.508541
22.632 -0.472285
22.633 -0.435771
22.634 -0.399012
22.635 -0.362022
22.636 -0.324814
22.637 -0.2874
22.638 -0.249793
22.639 -0.212008
22.64 -0.174057
22.641 -0.135955
22.642 -0.097716
22.643 -0.0593567
22.644 -0.0208929
22.645 0.0176593
22.646 0.0562839
22.647 0.094965
22.648 0.133687
22.649 0.172433
22.65 0.211187
22.651 0.249935
22.652 0.28866
22.653 0.327349
22.654 0.365986
22.655 0.404558
22.656 0.443049
22.657 0.481447
22.658 0.519735
22.659 0.557901
22.66 0.595929
22.661 0.633806
22.662 0.671519
22.663 0.709053
22.664 0.746395
22.665 0.783532
22.666 0.820449
22.667 0.857134
22.668 0.893574
22.669 0.929756
22.67 0.965667
22.671 1.0013
22.672 1.03663
22.673 1.07166
22.674 1.10637
22.675 1.14075
22.676 1.1748
22.677 1.2085
22.678 1.24185
22.679 1.27483
22.68 1.30743
22.681 1.33964
22.682 1.37146
22.683 1.40288
22.684 1.43389
22.685 1.46447
22.686 1.49463
22.687 1.52435
22.688 1.55362
22.689 1.58245
22.69 1.61081
22.691 1.63871
22.692 1.66613
22.693 1.69308
22.694 1.71953
22.695 1.74549
22.696 1.77094
22.697 1.79589
22.698 1.82032
22.699 1.84423
22.7 1.8676
22.701 1.89045
22.702 1.91276
22.703 1.93452
22.704 1.95574
22.705 1.97641
22.706 1.99652
22.707 2.01609
22.708 2.03509
22.709 2.05353
22.71 2.07141
22.711 2.08873
22.712 2.10548
22.713 2.12165
22.714 2.13725
22.715 2.15227
22.716 2.16671
22.717 2.18056
22.718 2.19382
22.719 2.20649
22.72 2.21857
22.721 2.23005
22.722 2.24094
22.723 2.25123
22.724 2.26092
22.725 2.27002
22.726 2.27853
22.727 2.28644
22.728 2.29375
22.729 2.30047
22.73 2.30661
22.731 2.31215
22.732 2.3171
22.733 2.32147
22.734 2.32525
22.735 2.32845
22.736 2.33107
22.737 2.33312
22.738 2.33459
22.739 2.3355
22.74 2.33583
22.741 2.3356
22.742 2.33482
22.743 2.33348
22.744 2.33158
22.745 2.32914
22.746 2.32616
22.747 2.32264
22.748 2.31859
22.749 2.31401
22.75 2.30891
22.751 2.30329
22.752 2.29716
22.753 2.29053
22.754 2.2834
22.755 2.27579
22.756 2.2677
22.757 2.25913
22.758 2.2501
22.759 2.24061
22.76 2.23067
22.761 2.2203
22.762 2.20949
22.763 2.19825
22.764 2.1866
22.765 2.17453
22.766 2.16206
22.767 2.1492
22.768 2.13595
22.769 2.12232
22.77 2.10832
22.771 2.09396
22.772 2.07924
22.773 2.06418
22.774 2.04878
22.775 2.03305
22.776 2.01701
22.777 2.00065
22.778 1.98399
22.779 1.96704
22.78 1.94981
22.781 1.93231
22.782 1.91454
22.783 1.89651
22.784 1.87823
22.785 1.85971
22.786 1.84097
22.787 1.82199
22.788 1.8028
22.789 1.78341
22.79 1.76382
22.791 1.74404
22.792 1.72408
22.793 1.70395
22.794 1.68365
22.795 1.6632
22.796 1.64261
22.797 1.62188
22.798 1.60103
22.799 1.58005
22.8 1.55897
22.801 1.53779
22.802 1.51652
22.803 1.49518
22.804 1.47376
22.805 1.45229
22.806 1.43077
22.807 1.40921
22.808 1.38763
22.809 1.36602
22.81 1.34442
22.811 1.32282
22.812 1.30123
22.813 1.27968
22.814 1.25816
22.815 1.23669
22.816 1.21529
22.817 1.19396
22.818 1.17271
22.819 1.15157
22.82 1.13053
22.821 1.1096
22.822 1.08881
22.823 1.06817
22.824 1.04767
22.825 1.02734
22.826 1.00718
22.827 0.987206
22.828 0.96743
22.829 0.94786
22.83 0.928507
22.831 0.909382
22.832 0.890495
22.833 0.871857
22.834 0.853476
22.835 0.835364
22.836 0.817531
22.837 0.799985
22.838 0.782737
22.839 0.765796
22.84 0.749172
22.841 0.732873
22.842 0.716907
22.843 0.701283
22.844 0.686008
22.845 0.671089
22.846 0.656533
22.847 0.642348
22.848 0.62854
22.849 0.615117
22.85 0.602084
22.851 0.589448
22.852 0.577214
22.853 0.565387
22.854 0.553972
22.855 0.542974
22.856 0.532395
22.857 0.522241
22.858 0.512516
22.859 0.503223
22.86 0.494366
22.861 0.485949
22.862 0.477974
22.863 0.470444
22.864 0.463363
22.865 0.456734
22.866 0.450557
22.867 0.444837
22.868 0.439574
22.869 0.434771
22.87 0.43043
22.871 0.426551
22.872 0.423137
22.873 0.420189
22.874 0.417707
22.875 0.415692
22.876 0.414144
22.877 0.413065
22.878 0.412454
22.879 0.412311
22.88 0.412636
22.881 0.413428
22.882 0.414687
22.883 0.416412
22.884 0.418602
22.885 0.421256
22.886 0.424372
22.887 0.427949
22.888 0.431985
22.889 0.436478
22.89 0.441426
22.891 0.446827
22.892 0.452679
22.893 0.45898
22.894 0.46573
22.895 0.472925
22.896 0.480565
22.897 0.488647
22.898 0.497168
22.899 0.506126
22.9 0.515519
22.901 0.525342
22.902 0.535594
22.903 0.54627
22.904 0.557368
22.905 0.568883
22.906 0.580812
22.907 0.593151
22.908 0.605895
22.909 0.61904
22.91 0.632583
22.911 0.646518
22.912 0.660841
22.913 0.67555
22.914 0.690639
22.915 0.706105
22.916 0.721944
22.917 0.738151
22.918 0.754722
22.919 0.771652
22.92 0.788936
22.921 0.80657
22.922 0.824548
22.923 0.842865
22.924 0.861517
22.925 0.880496
22.926 0.899798
22.927 0.919417
22.928 0.939347
22.929 0.959581
22.93 0.980115
22.931 1.00094
22.932 1.02205
22.933 1.04344
22.934 1.0651
22.935 1.08702
22.936 1.10919
22.937 1.13161
22.938 1.15426
22.939 1.17714
22.94 1.20025
22.941 1.22356
22.942 1.24708
22.943 1.27079
22.944 1.29469
22.945 1.31877
22.946 1.34301
22.947 1.36742
22.948 1.39197
22.949 1.41667
22.95 1.44149
22.951 1.46645
22.952 1.49151
22.953 1.51668
22.954 1.54194
22.955 1.56728
22.956 1.59269
22.957 1.61816
22.958 1.64369
22.959 1.66925
22.96 1.69485
22.961 1.72046
22.962 1.74609
22.963 1.77171
22.964 1.79733
22.965 1.82293
22.966 1.8485
22.967 1.87404
22.968 1.89954
22.969 1.92498
22.97 1.95036
22.971 1.97567
22.972 2.00091
22.973 2.02605
22.974 2.05109
22.975 2.07602
22.976 2.10083
22.977 2.12551
22.978 2.15006
22.979 2.17445
22.98 2.19869
22.981 2.22277
22.982 2.24667
22.983 2.27039
22.984 2.29392
22.985 2.31727
22.986 2.34042
22.987 2.36336
22.988 2.38609
22.989 2.40861
22.99 2.4309
22.991 2.45297
22.992 2.47481
22.993 2.49641
22.994 2.51777
22.995 2.53888
22.996 2.55974
22.997 2.58034
22.998 2.60068
22.999 2.62075
23 2.64056
23.001 2.66009
23.002 2.67934
23.003 2.69831
23.004 2.71699
23.005 2.73539
23.006 2.75349
23.007 2.77129
23.008 2.7888
23.009 2.80601
23.01 2.82291
23.011 2.8395
23.012 2.85578
23.013 2.87176
23.014 2.88742
23.015 2.90277
23.016 2.91781
23.017 2.93254
23.018 2.94695
23.019 2.96105
23.02 2.97484
23.021 2.98831
23.022 3.00147
23.023 3.01432
23.024 3.02684
23.025 3.03905
23.026 3.05095
23.027 3.06252
23.028 3.07378
23.029 3.08472
23.03 3.09534
23.031 3.10564
23.032 3.11562
23.033 3.12528
23.034 3.13462
23.035 3.14363
23.036 3.15231
23.037 3.16067
23.038 3.16869
23.039 3.17638
23.04 3.18374
23.041 3.19076
23.042 3.19745
23.043 3.2038
23.044 3.20982
23.045 3.2155
23.046 3.22085
23.047 3.22585
23.048 3.23052
23.049 3.23485
23.05 3.23885
23.051 3.2425
23.052 3.24582
23.053 3.2488
23.054 3.25143
23.055 3.25372
23.056 3.25566
23.057 3.25726
23.058 3.2585
23.059 3.2594
23.06 3.25994
23.061 3.26013
23.062 3.25997
23.063 3.25946
23.064 3.25859
23.065 3.25738
23.066 3.25582
23.067 3.25391
23.068 3.25165
23.069 3.24905
23.07 3.2461
23.071 3.24281
23.072 3.23918
23.073 3.23521
23.074 3.23091
23.075 3.22628
23.076 3.22132
23.077 3.21604
23.078 3.21044
23.079 3.20452
23.08 3.19829
23.081 3.19175
23.082 3.1849
23.083 3.17776
23.084 3.17033
23.085 3.1626
23.086 3.1546
23.087 3.14632
23.088 3.13777
23.089 3.12896
23.09 3.11989
23.091 3.11057
23.092 3.101
23.093 3.0912
23.094 3.08117
23.095 3.07093
23.096 3.06048
23.097 3.04983
23.098 3.03898
23.099 3.02796
23.1 3.01677
23.101 3.00541
23.102 2.9939
23.103 2.98225
23.104 2.97046
23.105 2.95855
23.106 2.94651
23.107 2.93438
23.108 2.92214
23.109 2.90982
23.11 2.89742
23.111 2.88495
23.112 2.87242
23.113 2.85983
23.114 2.84719
23.115 2.83452
23.116 2.82181
23.117 2.80907
23.118 2.79631
23.119 2.78354
23.12 2.77076
23.121 2.75798
23.122 2.74521
23.123 2.73245
23.124 2.71971
23.125 2.70699
23.126 2.69429
23.127 2.68164
23.128 2.66902
23.129 2.65645
23.13 2.64392
23.131 2.63146
23.132 2.61905
23.133 2.60671
23.134 2.59443
23.135 2.58223
23.136 2.5701
23.137 2.55806
23.138 2.5461
23.139 2.53422
23.14 2.52244
23.141 2.51075
23.142 2.49916
23.143 2.48766
23.144 2.47627
23.145 2.46497
23.146 2.45378
23.147 2.44268
23.148 2.43169
23.149 2.4208
23.15 2.41002
23.151 2.39934
23.152 2.38877
23.153 2.37832
23.154 2.36797
23.155 2.35775
23.156 2.34764
23.157 2.33766
23.158 2.3278
23.159 2.31808
23.16 2.30848
23.161 2.29902
23.162 2.2897
23.163 2.28052
23.164 2.27148
23.165 2.26259
23.166 2.25384
23.167 2.24524
23.168 2.2368
23.169 2.2285
23.17 2.22037
23.171 2.21239
23.172 2.20458
23.173 2.19694
23.174 2.18946
23.175 2.18217
23.176 2.17505
23.177 2.16811
23.178 2.16137
23.179 2.15482
23.18 2.14846
23.181 2.14231
23.182 2.13636
23.183 2.13062
23.184 2.12509
23.185 2.11978
23.186 2.1147
23.187 2.10985
23.188 2.10523
23.189 2.10084
23.19 2.0967
23.191 2.0928
23.192 2.08915
23.193 2.08576
23.194 2.08262
23.195 2.07974
23.196 2.07713
23.197 2.07479
23.198 2.07271
23.199 2.07092
23.2 2.06939
23.201 2.06815
23.202 2.06719
23.203 2.06652
23.204 2.06612
23.205 2.06602
23.206 2.0662
23.207 2.06667
23.208 2.06743
23.209 2.06848
23.21 2.06982
23.211 2.07145
23.212 2.07337
23.213 2.07558
23.214 2.07809
23.215 2.08089
23.216 2.08397
23.217 2.08736
23.218 2.09103
23.219 2.09499
23.22 2.09924
23.221 2.10378
23.222 2.10861
23.223 2.11372
23.224 2.11911
23.225 2.12478
23.226 2.13071
23.227 2.13692
23.228 2.14339
23.229 2.15011
23.23 2.1571
23.231 2.16433
23.232 2.17181
23.233 2.17954
23.234 2.1875
23.235 2.19569
23.236 2.20412
23.237 2.21276
23.238 2.22163
23.239 2.2307
23.24 2.23999
23.241 2.24948
23.242 2.25916
23.243 2.26904
23.244 2.27911
23.245 2.28937
23.246 2.29981
23.247 2.31043
23.248 2.32122
23.249 2.33217
23.25 2.34329
23.251 2.35457
23.252 2.36601
23.253 2.37759
23.254 2.38932
23.255 2.40118
23.256 2.41318
23.257 2.42531
23.258 2.43757
23.259 2.44994
23.26 2.46243
23.261 2.47502
23.262 2.48772
23.263 2.50052
23.264 2.51341
23.265 2.52639
23.266 2.53945
23.267 2.55259
23.268 2.5658
23.269 2.57907
23.27 2.59241
23.271 2.6058
23.272 2.61924
23.273 2.63273
23.274 2.64626
23.275 2.65982
23.276 2.67343
23.277 2.68706
23.278 2.70071
23.279 2.71439
23.28 2.72809
23.281 2.74179
23.282 2.75551
23.283 2.76922
23.284 2.78293
23.285 2.79663
23.286 2.81032
23.287 2.82399
23.288 2.83763
23.289 2.85123
23.29 2.86481
23.291 2.87834
23.292 2.89182
23.293 2.90524
23.294 2.91861
23.295 2.93191
23.296 2.94513
23.297 2.95827
23.298 2.97133
23.299 2.98429
23.3 2.99715
23.301 3.0099
23.302 3.02255
23.303 3.03507
23.304 3.04747
23.305 3.05973
23.306 3.07185
23.307 3.08382
23.308 3.09563
23.309 3.10728
23.31 3.11877
23.311 3.13007
23.312 3.1412
23.313 3.15214
23.314 3.16288
23.315 3.17342
23.316 3.18375
23.317 3.19386
23.318 3.20376
23.319 3.21343
23.32 3.22287
23.321 3.23207
23.322 3.24103
23.323 3.24974
23.324 3.25819
23.325 3.26637
23.326 3.27429
23.327 3.28193
23.328 3.28928
23.329 3.29635
23.33 3.30312
23.331 3.3096
23.332 3.31576
23.333 3.32162
23.334 3.32717
23.335 3.3324
23.336 3.33731
23.337 3.34189
23.338 3.34615
23.339 3.35007
23.34 3.35366
23.341 3.35692
23.342 3.35983
23.343 3.36239
23.344 3.36461
23.345 3.36647
23.346 3.36798
23.347 3.36912
23.348 3.3699
23.349 3.37031
23.35 3.37035
23.351 3.37002
23.352 3.36932
23.353 3.36824
23.354 3.36678
23.355 3.36494
23.356 3.36273
23.357 3.36013
23.358 3.35715
23.359 3.3538
23.36 3.35006
23.361 3.34594
23.362 3.34144
23.363 3.33656
23.364 3.33129
23.365 3.32563
23.366 3.31959
23.367 3.31317
23.368 3.30635
23.369 3.29915
23.37 3.29157
23.371 3.2836
23.372 3.27524
23.373 3.26649
23.374 3.25736
23.375 3.24785
23.376 3.23795
23.377 3.22767
23.378 3.21701
23.379 3.20597
23.38 3.19455
23.381 3.18275
23.382 3.17057
23.383 3.15802
23.384 3.1451
23.385 3.1318
23.386 3.11813
23.387 3.10408
23.388 3.08967
23.389 3.07489
23.39 3.05974
23.391 3.04422
23.392 3.02834
23.393 3.01211
23.394 2.99552
23.395 2.97857
23.396 2.96128
23.397 2.94364
23.398 2.92567
23.399 2.90736
23.4 2.88871
23.401 2.86974
23.402 2.85045
23.403 2.83084
23.404 2.81092
23.405 2.7907
23.406 2.77018
23.407 2.74937
23.408 2.72827
23.409 2.7069
23.41 2.68525
23.411 2.66334
23.412 2.64118
23.413 2.61876
23.414 2.5961
23.415 2.5732
23.416 2.55007
23.417 2.52672
23.418 2.50316
23.419 2.47939
23.42 2.45541
23.421 2.43125
23.422 2.40691
23.423 2.38239
23.424 2.3577
23.425 2.33286
23.426 2.30788
23.427 2.28275
23.428 2.2575
23.429 2.23213
23.43 2.20666
23.431 2.18108
23.432 2.15541
23.433 2.12966
23.434 2.10384
23.435 2.07796
23.436 2.05203
23.437 2.02606
23.438 2.00005
23.439 1.97402
23.44 1.94797
23.441 1.92192
23.442 1.89588
23.443 1.86985
23.444 1.84384
23.445 1.81786
23.446 1.79192
23.447 1.76602
23.448 1.74017
23.449 1.71439
23.45 1.68868
23.451 1.66305
23.452 1.6375
23.453 1.61205
23.454 1.58669
23.455 1.56144
23.456 1.5363
23.457 1.51128
23.458 1.48638
23.459 1.46162
23.46 1.43699
23.461 1.41251
23.462 1.38817
23.463 1.364
23.464 1.33998
23.465 1.31613
23.466 1.29246
23.467 1.26896
23.468 1.24566
23.469 1.22254
23.47 1.19962
23.471 1.1769
23.472 1.15438
23.473 1.13208
23.474 1.11
23.475 1.08813
23.476 1.0665
23.477 1.04509
23.478 1.02392
23.479 1.00299
23.48 0.98231
23.481 0.961875
23.482 0.941695
23.483 0.921773
23.484 0.902116
23.485 0.882729
23.486 0.863615
23.487 0.844781
23.488 0.826229
23.489 0.807966
23.49 0.789994
23.491 0.772319
23.492 0.754946
23.493 0.737882
23.494 0.721132
23.495 0.704704
23.496 0.688602
23.497 0.672833
23.498 0.657402
23.499 0.642313
23.5 0.627574
23.501 0.613188
23.502 0.59916
23.503 0.585495
23.504 0.572198
23.505 0.559273
23.506 0.546724
23.507 0.534555
23.508 0.52277
23.509 0.511373
23.51 0.500367
23.511 0.489756
23.512 0.479542
23.513 0.469729
23.514 0.46032
23.515 0.451316
23.516 0.442722
23.517 0.434538
23.518 0.426767
23.519 0.419411
23.52 0.412471
23.521 0.40595
23.522 0.399847
23.523 0.394162
23.524 0.388895
23.525 0.384046
23.526 0.379614
23.527 0.375599
23.528 0.372
23.529 0.368815
23.53 0.366043
23.531 0.363683
23.532 0.361732
23.533 0.360187
23.534 0.359046
23.535 0.358304
23.536 0.357959
23.537 0.358007
23.538 0.358444
23.539 0.359266
23.54 0.36047
23.541 0.36205
23.542 0.364002
23.543 0.36632
23.544 0.368997
23.545 0.372029
23.546 0.375408
23.547 0.379129
23.548 0.383185
23.549 0.38757
23.55 0.392276
23.551 0.397299
23.552 0.402633
23.553 0.408273
23.554 0.414216
23.555 0.420455
23.556 0.426987
23.557 0.433807
23.558 0.44091
23.559 0.44829
23.56 0.455942
23.561 0.463862
23.562 0.472042
23.563 0.480475
23.564 0.489156
23.565 0.498077
23.566 0.507231
23.567 0.51661
23.568 0.526209
23.569 0.53602
23.57 0.546035
23.571 0.556248
23.572 0.566652
23.573 0.577241
23.574 0.588008
23.575 0.598948
23.576 0.610053
23.577 0.621319
23.578 0.632737
23.579 0.644301
23.58 0.656006
23.581 0.667844
23.582 0.679807
23.583 0.691888
23.584 0.704078
23.585 0.716371
23.586 0.728756
23.587 0.741227
23.588 0.753776
23.589 0.766394
23.59 0.779074
23.591 0.791807
23.592 0.804587
23.593 0.817406
23.594 0.830258
23.595 0.843136
23.596 0.856032
23.597 0.868941
23.598 0.881855
23.599 0.894768
23.6 0.907672
23.601 0.920562
23.602 0.933429
23.603 0.946267
23.604 0.959071
23.605 0.971832
23.606 0.984544
23.607 0.997201
23.608 1.0098
23.609 1.02232
23.61 1.03477
23.611 1.04714
23.612 1.05942
23.613 1.07161
23.614 1.08369
23.615 1.09567
23.616 1.10754
23.617 1.11928
23.618 1.1309
23.619 1.14239
23.62 1.15373
23.621 1.16494
23.622 1.17599
23.623 1.18689
23.624 1.19763
23.625 1.2082
23.626 1.2186
23.627 1.22882
23.628 1.23885
23.629 1.2487
23.63 1.25835
23.631 1.2678
23.632 1.27705
23.633 1.28609
23.634 1.29491
23.635 1.30352
23.636 1.3119
23.637 1.32005
23.638 1.32796
23.639 1.33564
23.64 1.34308
23.641 1.35027
23.642 1.35721
23.643 1.3639
23.644 1.37033
23.645 1.3765
23.646 1.3824
23.647 1.38803
23.648 1.39338
23.649 1.39847
23.65 1.40327
23.651 1.40779
23.652 1.41202
23.653 1.41596
23.654 1.41961
23.655 1.42296
23.656 1.42601
23.657 1.42875
23.658 1.43118
23.659 1.4333
23.66 1.4351
23.661 1.43658
23.662 1.43774
23.663 1.43858
23.664 1.43909
23.665 1.43927
23.666 1.43912
23.667 1.43863
23.668 1.4378
23.669 1.43664
23.67 1.43514
23.671 1.43329
23.672 1.4311
23.673 1.42857
23.674 1.42569
23.675 1.42246
23.676 1.41889
23.677 1.41496
23.678 1.41069
23.679 1.40606
23.68 1.40109
23.681 1.39576
23.682 1.39008
23.683 1.38406
23.684 1.37769
23.685 1.37097
23.686 1.36391
23.687 1.35651
23.688 1.34877
23.689 1.34069
23.69 1.33228
23.691 1.32354
23.692 1.31446
23.693 1.30506
23.694 1.29534
23.695 1.28531
23.696 1.27496
23.697 1.26431
23.698 1.25335
23.699 1.24209
23.7 1.23054
23.701 1.21871
23.702 1.20659
23.703 1.19419
23.704 1.18152
23.705 1.16858
23.706 1.15538
23.707 1.14192
23.708 1.12822
23.709 1.11427
23.71 1.10008
23.711 1.08566
23.712 1.07101
23.713 1.05614
23.714 1.04106
23.715 1.02577
23.716 1.01028
23.717 0.994594
23.718 0.978721
23.719 0.962666
23.72 0.946437
23.721 0.930039
23.722 0.913481
23.723 0.896769
23.724 0.879909
23.725 0.862909
23.726 0.845776
23.727 0.828516
23.728 0.811138
23.729 0.793648
23.73 0.776053
23.731 0.75836
23.732 0.740575
23.733 0.722705
23.734 0.704756
23.735 0.686733
23.736 0.668642
23.737 0.650491
23.738 0.632284
23.739 0.614027
23.74 0.595728
23.741 0.577391
23.742 0.559021
23.743 0.540625
23.744 0.522205
23.745 0.503768
23.746 0.485318
23.747 0.466859
23.748 0.448397
23.749 0.429936
23.75 0.41148
23.751 0.393035
23.752 0.374604
23.753 0.35619
23.754 0.337797
23.755 0.319428
23.756 0.301086
23.757 0.282774
23.758 0.264496
23.759 0.246255
23.76 0.228054
23.761 0.209896
23.762 0.191786
23.763 0.173727
23.764 0.155724
23.765 0.137782
23.766 0.119903
23.767 0.102093
23.768 0.0843544
23.769 0.0666924
23.77 0.0491105
23.771 0.0316125
23.772 0.0142022
23.773 -0.00311667
23.774 -0.0203405
23.775 -0.0374656
23.776 -0.0544885
23.777 -0.0714058
23.778 -0.0882139
23.779 -0.10491
23.78 -0.12149
23.781 -0.137951
23.782 -0.154287
23.783 -0.170493
23.784 -0.186564
23.785 -0.202494
23.786 -0.218277
23.787 -0.23391
23.788 -0.249386
23.789 -0.2647
23.79 -0.279848
23.791 -0.294825
23.792 -0.309627
23.793 -0.324251
23.794 -0.338693
23.795 -0.35295
23.796 -0.367019
23.797 -0.380897
23.798 -0.394581
23.799 -0.408068
23.8 -0.421355
23.801 -0.43444
23.802 -0.447318
23.803 -0.459987
23.804 -0.472442
23.805 -0.48468
23.806 -0.496697
23.807 -0.508491
23.808 -0.520057
23.809 -0.531394
23.81 -0.542497
23.811 -0.553365
23.812 -0.563995
23.813 -0.574386
23.814 -0.584536
23.815 -0.594445
23.816 -0.604112
23.817 -0.613534
23.818 -0.622712
23.819 -0.631644
23.82 -0.640331
23.821 -0.64877
23.822 -0.656964
23.823 -0.664913
23.824 -0.672617
23.825 -0.680078
23.826 -0.687297
23.827 -0.694276
23.828 -0.701015
23.829 -0.707515
23.83 -0.71378
23.831 -0.719809
23.832 -0.725609
23.833 -0.731182
23.834 -0.736532
23.835 -0.741666
23.836 -0.746586
23.837 -0.751298
23.838 -0.755806
23.839 -0.760115
23.84 -0.76423
23.841 -0.768156
23.842 -0.771898
23.843 -0.77546
23.844 -0.778849
23.845 -0.782068
23.846 -0.785124
23.847 -0.788021
23.848 -0.790766
23.849 -0.793362
23.85 -0.795816
23.851 -0.798133
23.852 -0.800318
23.853 -0.802374
23.854 -0.804306
23.855 -0.806118
23.856 -0.807815
23.857 -0.809401
23.858 -0.810881
23.859 -0.812259
23.86 -0.813539
23.861 -0.814726
23.862 -0.815823
23.863 -0.816831
23.864 -0.817752
23.865 -0.818588
23.866 -0.819343
23.867 -0.820017
23.868 -0.820613
23.869 -0.821134
23.87 -0.821581
23.871 -0.821957
23.872 -0.822262
23.873 -0.822499
23.874 -0.822667
23.875 -0.822768
23.876 -0.822803
23.877 -0.822773
23.878 -0.822679
23.879 -0.822522
23.88 -0.822304
23.881 -0.822026
23.882 -0.821686
23.883 -0.821286
23.884 -0.820826
23.885 -0.820305
23.886 -0.819723
23.887 -0.81908
23.888 -0.818377
23.889 -0.817613
23.89 -0.816788
23.891 -0.815903
23.892 -0.814957
23.893 -0.81395
23.894 -0.812883
23.895 -0.811756
23.896 -0.810568
23.897 -0.809321
23.898 -0.808013
23.899 -0.806646
23.9 -0.805219
23.901 -0.803732
23.902 -0.802185
23.903 -0.800576
23.904 -0.798905
23.905 -0.79717
23.906 -0.795371
23.907 -0.793506
23.908 -0.791576
23.909 -0.789577
23.91 -0.787511
23.911 -0.785375
23.912 -0.783168
23.913 -0.780887
23.914 -0.778532
23.915 -0.776098
23.916 -0.773586
23.917 -0.770992
23.918 -0.768314
23.919 -0.765551
23.92 -0.762701
23.921 -0.759762
23.922 -0.75673
23.923 -0.753603
23.924 -0.750377
23.925 -0.74705
23.926 -0.743619
23.927 -0.74008
23.928 -0.736431
23.929 -0.732669
23.93 -0.728792
23.931 -0.724795
23.932 -0.720675
23.933 -0.716429
23.934 -0.712052
23.935 -0.707542
23.936 -0.702892
23.937 -0.698101
23.938 -0.693165
23.939 -0.688079
23.94 -0.68284
23.941 -0.677445
23.942 -0.671888
23.943 -0.666166
23.944 -0.660274
23.945 -0.654206
23.946 -0.647959
23.947 -0.641529
23.948 -0.634911
23.949 -0.6281
23.95 -0.621092
23.951 -0.613885
23.952 -0.606476
23.953 -0.598863
23.954 -0.591045
23.955 -0.583021
23.956 -0.57479
23.957 -0.56635
23.958 -0.557701
23.959 -0.548841
23.96 -0.53977
23.961 -0.530486
23.962 -0.52099
23.963 -0.511279
23.964 -0.501355
23.965 -0.491216
23.966 -0.480862
23.967 -0.470293
23.968 -0.459508
23.969 -0.448507
23.97 -0.43729
23.971 -0.425858
23.972 -0.414212
23.973 -0.402352
23.974 -0.390281
23.975 -0.378
23.976 -0.36551
23.977 -0.352814
23.978 -0.339914
23.979 -0.32681
23.98 -0.313506
23.981 -0.300002
23.982 -0.286299
23.983 -0.272397
23.984 -0.258295
23.985 -0.243993
23.986 -0.229491
23.987 -0.21479
23.988 -0.199888
23.989 -0.184787
23.99 -0.169487
23.991 -0.153988
23.992 -0.138292
23.993 -0.122399
23.994 -0.106314
23.995 -0.0900358
23.996 -0.0735681
23.997 -0.0569123
23.998 -0.0400708
23.999 -0.0230455
24 -0.00583885
24.001 0.0115469
24.002 0.0291093
24.003 0.046846
24.004 0.0647544
24.005 0.0828318
24.006 0.101076
24.007 0.119483
24.008 0.138052
24.009 0.156778
24.01 0.17566
24.011 0.194693
24.012 0.213872
24.013 0.233193
24.014 0.252649
24.015 0.272235
24.016 0.291944
24.017 0.311771
24.018 0.331711
24.019 0.351757
24.02 0.371903
24.021 0.392144
24.022 0.412471
24.023 0.432878
24.024 0.453358
24.025 0.473903
24.026 0.494506
24.027 0.51516
24.028 0.535856
24.029 0.556588
24.03 0.577348
24.031 0.598129
24.032 0.61892
24.033 0.639713
24.034 0.660496
24.035 0.681261
24.036 0.701997
24.037 0.722694
24.038 0.743343
24.039 0.763933
24.04 0.784456
24.041 0.804901
24.042 0.82526
24.043 0.845525
24.044 0.865686
24.045 0.885737
24.046 0.905668
24.047 0.925471
24.048 0.945139
24.049 0.964662
24.05 0.984035
24.051 1.00325
24.052 1.02229
24.053 1.04116
24.054 1.05984
24.055 1.07832
24.056 1.0966
24.057 1.11467
24.058 1.13251
24.059 1.15013
24.06 1.16751
24.061 1.18464
24.062 1.20152
24.063 1.21814
24.064 1.2345
24.065 1.2506
24.066 1.26642
24.067 1.28196
24.068 1.29722
24.069 1.3122
24.07 1.32688
24.071 1.34126
24.072 1.35534
24.073 1.36912
24.074 1.38258
24.075 1.39573
24.076 1.40855
24.077 1.42105
24.078 1.43321
24.079 1.44504
24.08 1.45653
24.081 1.46767
24.082 1.47846
24.083 1.48891
24.084 1.49901
24.085 1.50875
24.086 1.51815
24.087 1.52719
24.088 1.53588
24.089 1.54422
24.09 1.5522
24.091 1.55983
24.092 1.5671
24.093 1.57401
24.094 1.58057
24.095 1.58677
24.096 1.59261
24.097 1.59809
24.098 1.60321
24.099 1.60798
24.1 1.61238
24.101 1.61642
24.102 1.6201
24.103 1.62342
24.104 1.62638
24.105 1.62899
24.106 1.63124
24.107 1.63313
24.108 1.63466
24.109 1.63584
24.11 1.63667
24.111 1.63715
24.112 1.63728
24.113 1.63705
24.114 1.63648
24.115 1.63556
24.116 1.63429
24.117 1.63268
24.118 1.63072
24.119 1.62841
24.12 1.62577
24.121 1.62278
24.122 1.61946
24.123 1.61581
24.124 1.61182
24.125 1.60751
24.126 1.60287
24.127 1.59792
24.128 1.59265
24.129 1.58707
24.13 1.58118
24.131 1.57498
24.132 1.56849
24.133 1.5617
24.134 1.55461
24.135 1.54724
24.136 1.53958
24.137 1.53164
24.138 1.52342
24.139 1.51492
24.14 1.50615
24.141 1.49711
24.142 1.48781
24.143 1.47825
24.144 1.46844
24.145 1.45836
24.146 1.44804
24.147 1.43747
24.148 1.42665
24.149 1.41559
24.15 1.4043
24.151 1.39278
24.152 1.38102
24.153 1.36905
24.154 1.35686
24.155 1.34447
24.156 1.33188
24.157 1.31909
24.158 1.30612
24.159 1.29296
24.16 1.27964
24.161 1.26615
24.162 1.2525
24.163 1.2387
24.164 1.22475
24.165 1.21067
24.166 1.19646
24.167 1.18213
24.168 1.16768
24.169 1.15312
24.17 1.13847
24.171 1.12372
24.172 1.10889
24.173 1.09399
24.174 1.07901
24.175 1.06399
24.176 1.04891
24.177 1.0338
24.178 1.01865
24.179 1.00348
24.18 0.988303
24.181 0.97312
24.182 0.95794
24.183 0.942772
24.184 0.927623
24.185 0.912502
24.186 0.897414
24.187 0.882369
24.188 0.867372
24.189 0.852433
24.19 0.837559
24.191 0.822756
24.192 0.808034
24.193 0.793401
24.194 0.778866
24.195 0.764437
24.196 0.750123
24.197 0.735932
24.198 0.721872
24.199 0.707952
24.2 0.69418
24.201 0.680564
24.202 0.667111
24.203 0.653828
24.204 0.640721
24.205 0.627798
24.206 0.615063
24.207 0.602525
24.208 0.59019
24.209 0.578063
24.21 0.566151
24.211 0.55446
24.212 0.542996
24.213 0.531765
24.214 0.520772
24.215 0.510024
24.216 0.499526
24.217 0.489283
24.218 0.479301
24.219 0.469585
24.22 0.46014
24.221 0.450971
24.222 0.442083
24.223 0.433482
24.224 0.42517
24.225 0.417154
24.226 0.409437
24.227 0.402024
24.228 0.394919
24.229 0.388126
24.23 0.381648
24.231 0.37549
24.232 0.369654
24.233 0.364142
24.234 0.358956
24.235 0.354098
24.236 0.349571
24.237 0.345375
24.238 0.341512
24.239 0.337984
24.24 0.334792
24.241 0.331937
24.242 0.329421
24.243 0.327247
24.244 0.325416
24.245 0.32393
24.246 0.322791
24.247 0.322
24.248 0.321558
24.249 0.321467
24.25 0.321729
24.251 0.322343
24.252 0.32331
24.253 0.324632
24.254 0.326308
24.255 0.32834
24.256 0.330726
24.257 0.333468
24.258 0.336565
24.259 0.340016
24.26 0.343822
24.261 0.347982
24.262 0.352495
24.263 0.35736
24.264 0.362577
24.265 0.368144
24.266 0.374059
24.267 0.380322
24.268 0.38693
24.269 0.393883
24.27 0.401178
24.271 0.408812
24.272 0.416784
24.273 0.425088
24.274 0.433722
24.275 0.442682
24.276 0.451963
24.277 0.461562
24.278 0.471475
24.279 0.481697
24.28 0.492223
24.281 0.503049
24.282 0.514171
24.283 0.525583
24.284 0.537281
24.285 0.549259
24.286 0.561512
24.287 0.574035
24.288 0.586823
24.289 0.59987
24.29 0.61317
24.291 0.626718
24.292 0.640508
24.293 0.654534
24.294 0.66879
24.295 0.683269
24.296 0.697966
24.297 0.712875
24.298 0.727988
24.299 0.7433
24.3 0.758804
24.301 0.774493
24.302 0.79036
24.303 0.806396
24.304 0.822594
24.305 0.838944
24.306 0.85544
24.307 0.872073
24.308 0.888835
24.309 0.905716
24.31 0.92271
24.311 0.939807
24.312 0.957
24.313 0.974278
24.314 0.991635
24.315 1.00906
24.316 1.02655
24.317 1.04409
24.318 1.06167
24.319 1.07929
24.32 1.09694
24.321 1.1146
24.322 1.13228
24.323 1.14995
24.324 1.16762
24.325 1.18527
24.326 1.20289
24.327 1.22048
24.328 1.23804
24.329 1.25554
24.33 1.27298
24.331 1.29035
24.332 1.30765
24.333 1.32486
24.334 1.34196
24.335 1.35896
24.336 1.37584
24.337 1.39258
24.338 1.40919
24.339 1.42564
24.34 1.44193
24.341 1.45804
24.342 1.47398
24.343 1.48972
24.344 1.50527
24.345 1.5206
24.346 1.53572
24.347 1.55061
24.348 1.56528
24.349 1.57969
24.35 1.59386
24.351 1.60778
24.352 1.62142
24.353 1.63479
24.354 1.64787
24.355 1.66067
24.356 1.67315
24.357 1.68533
24.358 1.69719
24.359 1.70873
24.36 1.71993
24.361 1.73078
24.362 1.74129
24.363 1.75144
24.364 1.76123
24.365 1.77066
24.366 1.77971
24.367 1.78838
24.368 1.79667
24.369 1.80456
24.37 1.81207
24.371 1.81917
24.372 1.82587
24.373 1.83216
24.374 1.83804
24.375 1.8435
24.376 1.84853
24.377 1.85315
24.378 1.85733
24.379 1.86108
24.38 1.86439
24.381 1.86727
24.382 1.8697
24.383 1.87169
24.384 1.87323
24.385 1.87432
24.386 1.87496
24.387 1.87515
24.388 1.87488
24.389 1.87415
24.39 1.87296
24.391 1.87131
24.392 1.86921
24.393 1.86664
24.394 1.86362
24.395 1.86015
24.396 1.85623
24.397 1.85186
24.398 1.84704
24.399 1.84178
24.4 1.83607
24.401 1.82993
24.402 1.82335
24.403 1.81634
24.404 1.8089
24.405 1.80103
24.406 1.79273
24.407 1.78401
24.408 1.77487
24.409 1.76532
24.41 1.75535
24.411 1.74496
24.412 1.73418
24.413 1.72299
24.414 1.7114
24.415 1.69941
24.416 1.68704
24.417 1.67428
24.418 1.66113
24.419 1.64761
24.42 1.63372
24.421 1.61946
24.422 1.60484
24.423 1.58987
24.424 1.57454
24.425 1.55887
24.426 1.54286
24.427 1.52651
24.428 1.50983
24.429 1.49284
24.43 1.47552
24.431 1.4579
24.432 1.43998
24.433 1.42175
24.434 1.40323
24.435 1.38442
24.436 1.36533
24.437 1.34597
24.438 1.32633
24.439 1.30643
24.44 1.28627
24.441 1.26585
24.442 1.24519
24.443 1.22429
24.444 1.20316
24.445 1.18179
24.446 1.16021
24.447 1.13841
24.448 1.11641
24.449 1.09421
24.45 1.07181
24.451 1.04922
24.452 1.02646
24.453 1.00353
24.454 0.980437
24.455 0.957192
24.456 0.933801
24.457 0.910275
24.458 0.886623
24.459 0.862851
24.46 0.838971
24.461 0.814989
24.462 0.790915
24.463 0.766759
24.464 0.742528
24.465 0.718232
24.466 0.693879
24.467 0.669479
24.468 0.645041
24.469 0.620572
24.47 0.596084
24.471 0.571583
24.472 0.54708
24.473 0.522583
24.474 0.498101
24.475 0.473643
24.476 0.449218
24.477 0.424835
24.478 0.400503
24.479 0.37623
24.48 0.352026
24.481 0.327898
24.482 0.303856
24.483 0.279908
24.484 0.256064
24.485 0.232331
24.486 0.208717
24.487 0.185233
24.488 0.161884
24.489 0.138681
24.49 0.115631
24.491 0.0927423
24.492 0.0700213
24.493 0.0474752
24.494 0.0251105
24.495 0.00293361
24.496 -0.0190489
24.497 -0.0408307
24.498 -0.0624057
24.499 -0.0837676
24.5 -0.10491
24.501 -0.125828
24.502 -0.146515
24.503 -0.166966
24.504 -0.187175
24.505 -0.207136
24.506 -0.226844
24.507 -0.246295
24.508 -0.265482
24.509 -0.284401
24.51 -0.303048
24.511 -0.321416
24.512 -0.339503
24.513 -0.357303
24.514 -0.374813
24.515 -0.392027
24.516 -0.408943
24.517 -0.425555
24.518 -0.441861
24.519 -0.457857
24.52 -0.47354
24.521 -0.488905
24.522 -0.503949
24.523 -0.518668
24.524 -0.533057
24.525 -0.547112
24.526 -0.560831
24.527 -0.574208
24.528 -0.587242
24.529 -0.599927
24.53 -0.612262
24.531 -0.624243
24.532 -0.635868
24.533 -0.647134
24.534 -0.658037
24.535 -0.668577
24.536 -0.678751
24.537 -0.688556
24.538 -0.697991
24.539 -0.707054
24.54 -0.715744
24.541 -0.724058
24.542 -0.731995
24.543 -0.739549
24.544 -0.746718
24.545 -0.753498
24.546 -0.759887
24.547 -0.765881
24.548 -0.771478
24.549 -0.776675
24.55 -0.78147
24.551 -0.78586
24.552 -0.789843
24.553 -0.793415
24.554 -0.796573
24.555 -0.799315
24.556 -0.801637
24.557 -0.803539
24.558 -0.805016
24.559 -0.806067
24.56 -0.80669
24.561 -0.806884
24.562 -0.806647
24.563 -0.805977
24.564 -0.804872
24.565 -0.803333
24.566 -0.801359
24.567 -0.798947
24.568 -0.796099
24.569 -0.792813
24.57 -0.78909
24.571 -0.784929
24.572 -0.780333
24.573 -0.775301
24.574 -0.769837
24.575 -0.763942
24.576 -0.757618
24.577 -0.750868
24.578 -0.743694
24.579 -0.736097
24.58 -0.728083
24.581 -0.719652
24.582 -0.710808
24.583 -0.701555
24.584 -0.691896
24.585 -0.681834
24.586 -0.671373
24.587 -0.660517
24.588 -0.649269
24.589 -0.637635
24.59 -0.625618
24.591 -0.613223
24.592 -0.600455
24.593 -0.587321
24.594 -0.573826
24.595 -0.559977
24.596 -0.54578
24.597 -0.531242
24.598 -0.516369
24.599 -0.501168
24.6 -0.485645
24.601 -0.469808
24.602 -0.453664
24.603 -0.43722
24.604 -0.420484
24.605 -0.403462
24.606 -0.386162
24.607 -0.368592
24.608 -0.35076
24.609 -0.332673
24.61 -0.314339
24.611 -0.295767
24.612 -0.276965
24.613 -0.257943
24.614 -0.238711
24.615 -0.219277
24.616 -0.199652
24.617 -0.179846
24.618 -0.159867
24.619 -0.139726
24.62 -0.119433
24.621 -0.098997
24.622 -0.0784288
24.623 -0.0577381
24.624 -0.0369349
24.625 -0.0160293
24.626 0.00496849
24.627 0.0260485
24.628 0.0472004
24.629 0.0684142
24.63 0.0896796
24.631 0.110986
24.632 0.132324
24.633 0.153684
24.634 0.175053
24.635 0.196424
24.636 0.217785
24.637 0.239126
24.638 0.260437
24.639 0.281708
24.64 0.302929
24.641 0.324089
24.642 0.345179
24.643 0.366189
24.644 0.387108
24.645 0.407928
24.646 0.428636
24.647 0.449225
24.648 0.469684
24.649 0.490004
24.65 0.510174
24.651 0.530186
24.652 0.550031
24.653 0.569701
24.654 0.589188
24.655 0.608483
24.656 0.627579
24.657 0.646468
24.658 0.665143
24.659 0.683595
24.66 0.701817
24.661 0.719802
24.662 0.737542
24.663 0.75503
24.664 0.772258
24.665 0.789221
24.666 0.805911
24.667 0.822321
24.668 0.838445
24.669 0.854276
24.67 0.869807
24.671 0.885033
24.672 0.899948
24.673 0.914544
24.674 0.928818
24.675 0.942762
24.676 0.956371
24.677 0.96964
24.678 0.982564
24.679 0.995137
24.68 1.00736
24.681 1.01921
24.682 1.03071
24.683 1.04183
24.684 1.05258
24.685 1.06295
24.686 1.07294
24.687 1.08254
24.688 1.09176
24.689 1.10058
24.69 1.109
24.691 1.11703
24.692 1.12465
24.693 1.13187
24.694 1.13868
24.695 1.14508
24.696 1.15106
24.697 1.15664
24.698 1.16179
24.699 1.16653
24.7 1.17084
24.701 1.17474
24.702 1.17821
24.703 1.18126
24.704 1.18388
24.705 1.18608
24.706 1.18785
24.707 1.18919
24.708 1.19011
24.709 1.19061
24.71 1.19067
24.711 1.19031
24.712 1.18952
24.713 1.18831
24.714 1.18668
24.715 1.18462
24.716 1.18214
24.717 1.17924
24.718 1.17592
24.719 1.17219
24.72 1.16804
24.721 1.16348
24.722 1.1585
24.723 1.15312
24.724 1.14732
24.725 1.14112
24.726 1.13451
24.727 1.1275
24.728 1.12009
24.729 1.11227
24.73 1.10406
24.731 1.09545
24.732 1.08646
24.733 1.07707
24.734 1.06731
24.735 1.05718
24.736 1.04668
24.737 1.03582
24.738 1.0246
24.739 1.01303
24.74 1.00112
24.741 0.988873
24.742 0.976294
24.743 0.96339
24.744 0.950166
24.745 0.936628
24.746 0.922781
24.747 0.908632
24.748 0.894187
24.749 0.879452
24.75 0.864434
24.751 0.849139
24.752 0.833575
24.753 0.817749
24.754 0.801671
24.755 0.785348
24.756 0.768787
24.757 0.751999
24.758 0.73499
24.759 0.71777
24.76 0.700348
24.761 0.68273
24.762 0.664926
24.763 0.646943
24.764 0.628789
24.765 0.610471
24.766 0.591996
24.767 0.573374
24.768 0.554611
24.769 0.535716
24.77 0.516696
24.771 0.497561
24.772 0.478316
24.773 0.458972
24.774 0.439536
24.775 0.420016
24.776 0.40042
24.777 0.380756
24.778 0.361034
24.779 0.34126
24.78 0.321444
24.781 0.301593
24.782 0.281714
24.783 0.261812
24.784 0.241893
24.785 0.221962
24.786 0.202027
24.787 0.182092
24.788 0.162163
24.789 0.142246
24.79 0.122347
24.791 0.102473
24.792 0.08263
24.793 0.0628273
24.794 0.0430729
24.795 0.023375
24.796 0.00374174
24.797 -0.0158189
24.798 -0.0352987
24.799 -0.0546898
24.8 -0.0739842
24.801 -0.0931743
24.802 -0.112253
24.803 -0.131214
24.804 -0.150051
24.805 -0.168757
24.806 -0.187326
24.807 -0.205751
24.808 -0.224027
24.809 -0.242147
24.81 -0.260105
24.811 -0.277895
24.812 -0.295511
24.813 -0.312944
24.814 -0.330188
24.815 -0.347236
24.816 -0.364081
24.817 -0.380717
24.818 -0.397137
24.819 -0.413335
24.82 -0.429303
24.821 -0.445036
24.822 -0.460527
24.823 -0.475767
24.824 -0.490751
24.825 -0.50547
24.826 -0.519918
24.827 -0.534088
24.828 -0.547974
24.829 -0.561568
24.83 -0.574865
24.831 -0.587859
24.832 -0.600544
24.833 -0.612915
24.834 -0.624968
24.835 -0.636699
24.836 -0.648103
24.837 -0.659176
24.838 -0.669913
24.839 -0.680313
24.84 -0.690369
24.841 -0.70008
24.842 -0.709442
24.843 -0.718454
24.844 -0.727114
24.845 -0.73542
24.846 -0.743371
24.847 -0.750965
24.848 -0.758202
24.849 -0.765079
24.85 -0.771596
24.851 -0.777752
24.852 -0.783548
24.853 -0.788981
24.854 -0.794052
24.855 -0.798761
24.856 -0.803108
24.857 -0.807093
24.858 -0.810715
24.859 -0.813977
24.86 -0.816878
24.861 -0.819419
24.862 -0.821603
24.863 -0.823431
24.864 -0.824906
24.865 -0.82603
24.866 -0.826807
24.867 -0.827239
24.868 -0.827329
24.869 -0.827081
24.87 -0.826497
24.871 -0.825581
24.872 -0.824337
24.873 -0.822768
24.874 -0.820878
24.875 -0.818672
24.876 -0.816152
24.877 -0.813324
24.878 -0.810191
24.879 -0.806759
24.88 -0.803031
24.881 -0.799012
24.882 -0.794708
24.883 -0.790123
24.884 -0.785261
24.885 -0.780129
24.886 -0.774731
24.887 -0.769072
24.888 -0.763159
24.889 -0.756996
24.89 -0.750589
24.891 -0.743944
24.892 -0.737065
24.893 -0.729957
24.894 -0.722625
24.895 -0.715073
24.896 -0.707307
24.897 -0.69933
24.898 -0.691149
24.899 -0.682769
24.9 -0.674194
24.901 -0.665429
24.902 -0.656479
24.903 -0.647348
24.904 -0.63804
24.905 -0.628559
24.906 -0.61891
24.907 -0.609098
24.908 -0.599125
24.909 -0.588998
24.91 -0.57872
24.911 -0.568296
24.912 -0.55773
24.913 -0.547029
24.914 -0.536195
24.915 -0.525234
24.916 -0.514151
24.917 -0.502951
24.918 -0.491638
24.919 -0.480218
24.92 -0.468695
24.921 -0.457074
24.922 -0.445361
24.923 -0.433561
24.924 -0.421678
24.925 -0.409719
24.926 -0.397687
24.927 -0.385589
24.928 -0.373428
24.929 -0.361212
24.93 -0.348944
24.931 -0.33663
24.932 -0.324276
24.933 -0.311886
24.934 -0.299466
24.935 -0.287022
24.936 -0.274557
24.937 -0.262079
24.938 -0.249591
24.939 -0.2371
24.94 -0.22461
24.941 -0.212127
24.942 -0.199656
24.943 -0.187202
24.944 -0.174771
24.945 -0.162367
24.946 -0.149997
24.947 -0.137664
24.948 -0.125375
24.949 -0.113135
24.95 -0.100948
24.951 -0.0888184
24.952 -0.0767505
24.953 -0.0647462
24.954 -0.0528081
24.955 -0.0409386
24.956 -0.0291402
24.957 -0.0174152
24.958 -0.00576607
24.959 0.00580493
24.96 0.0172955
24.961 0.0287034
24.962 0.0400263
24.963 0.0512622
24.964 0.0624089
24.965 0.0734643
24.966 0.0844262
24.967 0.0952928
24.968 0.106062
24.969 0.116732
24.97 0.1273
24.971 0.137767
24.972 0.14813
24.973 0.158393
24.974 0.168554
24.975 0.178615
24.976 0.188578
24.977 0.198441
24.978 0.208208
24.979 0.217879
24.98 0.227454
24.981 0.236934
24.982 0.246321
24.983 0.255613
24.984 0.26481
24.985 0.273913
24.986 0.282921
24.987 0.291835
24.988 0.300654
24.989 0.30938
24.99 0.318011
24.991 0.326548
24.992 0.33499
24.993 0.343337
24.994 0.351587
24.995 0.359739
24.996 0.367793
24.997 0.375747
24.998 0.383601
24.999 0.391355
25 0.399008
25.001 0.406558
25.002 0.414006
25.003 0.421351
25.004 0.428592
25.005 0.43573
25.006 0.442762
25.007 0.44969
25.008 0.456513
25.009 0.463231
25.01 0.469842
25.011 0.476349
25.012 0.48275
25.013 0.489048
25.014 0.495244
25.015 0.501339
25.016 0.507334
25.017 0.51323
25.018 0.519029
25.019 0.524733
25.02 0.530342
25.021 0.535858
25.022 0.541282
25.023 0.546613
25.024 0.551853
25.025 0.557001
25.026 0.562058
25.027 0.567025
25.028 0.571901
25.029 0.576688
25.03 0.581386
25.031 0.585996
25.032 0.590519
25.033 0.594958
25.034 0.599315
25.035 0.603591
25.036 0.607788
25.037 0.611909
25.038 0.615956
25.039 0.61993
25.04 0.623835
25.041 0.627671
25.042 0.631441
25.043 0.635145
25.044 0.638784
25.045 0.642359
25.046 0.645871
25.047 0.649322
25.048 0.652712
25.049 0.656043
25.05 0.659316
25.051 0.662532
25.052 0.665694
25.053 0.668804
25.054 0.671864
25.055 0.674878
25.056 0.677847
25.057 0.680774
25.058 0.683662
25.059 0.686514
25.06 0.689331
25.061 0.692117
25.062 0.694871
25.063 0.697595
25.064 0.700287
25.065 0.702949
25.066 0.705581
25.067 0.708182
25.068 0.710753
25.069 0.713294
25.07 0.715805
25.071 0.718288
25.072 0.720741
25.073 0.723165
25.074 0.725561
25.075 0.727929
25.076 0.730269
25.077 0.732581
25.078 0.734866
25.079 0.737125
25.08 0.739357
25.081 0.741562
25.082 0.743743
25.083 0.745897
25.084 0.748027
25.085 0.750133
25.086 0.752214
25.087 0.754272
25.088 0.756307
25.089 0.758319
25.09 0.760309
25.091 0.762277
25.092 0.764227
25.093 0.766162
25.094 0.768083
25.095 0.769995
25.096 0.7719
25.097 0.773801
25.098 0.775702
25.099 0.777605
25.1 0.779514
25.101 0.78143
25.102 0.783357
25.103 0.785295
25.104 0.787247
25.105 0.789215
25.106 0.791199
25.107 0.793202
25.108 0.795226
25.109 0.797272
25.11 0.799341
25.111 0.801436
25.112 0.803559
25.113 0.80571
25.114 0.807892
25.115 0.810106
25.116 0.812354
25.117 0.814637
25.118 0.816958
25.119 0.819316
25.12 0.821715
25.121 0.824155
25.122 0.826639
25.123 0.829167
25.124 0.831742
25.125 0.834364
25.126 0.837035
25.127 0.839756
25.128 0.84253
25.129 0.845356
25.13 0.848238
25.131 0.851175
25.132 0.85417
25.133 0.857223
25.134 0.860336
25.135 0.86351
25.136 0.866746
25.137 0.870046
25.138 0.87341
25.139 0.87684
25.14 0.880337
25.141 0.883902
25.142 0.887533
25.143 0.891229
25.144 0.894988
25.145 0.89881
25.146 0.902692
25.147 0.906632
25.148 0.910631
25.149 0.914684
25.15 0.918792
25.151 0.922953
25.152 0.927165
25.153 0.931429
25.154 0.935745
25.155 0.94011
25.156 0.944526
25.157 0.948991
25.158 0.953505
25.159 0.958068
25.16 0.962679
25.161 0.967336
25.162 0.972039
25.163 0.976786
25.164 0.981574
25.165 0.986401
25.166 0.991267
25.167 0.996169
25.168 1.0011
25.169 1.00607
25.17 1.01107
25.171 1.01609
25.172 1.02115
25.173 1.02622
25.174 1.03132
25.175 1.03644
25.176 1.04157
25.177 1.04672
25.178 1.05189
25.179 1.05707
25.18 1.06225
25.181 1.06745
25.182 1.07265
25.183 1.07786
25.184 1.08306
25.185 1.08827
25.186 1.09347
25.187 1.09867
25.188 1.10387
25.189 1.10906
25.19 1.11423
25.191 1.1194
25.192 1.12455
25.193 1.12968
25.194 1.13479
25.195 1.13989
25.196 1.14496
25.197 1.15001
25.198 1.15504
25.199 1.16004
25.2 1.165
25.201 1.16994
25.202 1.17484
25.203 1.17971
25.204 1.18454
25.205 1.18933
25.206 1.19409
25.207 1.1988
25.208 1.20346
25.209 1.20808
25.21 1.21266
25.211 1.21718
25.212 1.22165
25.213 1.22607
25.214 1.23043
25.215 1.23473
25.216 1.23897
25.217 1.24314
25.218 1.24725
25.219 1.25128
25.22 1.25524
25.221 1.25912
25.222 1.26292
25.223 1.26665
25.224 1.2703
25.225 1.27386
25.226 1.27734
25.227 1.28074
25.228 1.28405
25.229 1.28728
25.23 1.29041
25.231 1.29347
25.232 1.29643
25.233 1.29929
25.234 1.30207
25.235 1.30474
25.236 1.30732
25.237 1.3098
25.238 1.31217
25.239 1.31444
25.24 1.31661
25.241 1.31866
25.242 1.32061
25.243 1.32245
25.244 1.32417
25.245 1.32579
25.246 1.3273
25.247 1.3287
25.248 1.32998
25.249 1.33116
25.25 1.33222
25.251 1.33317
25.252 1.33401
25.253 1.33473
25.254 1.33534
25.255 1.33583
25.256 1.33621
25.257 1.33646
25.258 1.3366
25.259 1.33662
25.26 1.33651
25.261 1.33628
25.262 1.33593
25.263 1.33546
25.264 1.33486
25.265 1.33413
25.266 1.33328
25.267 1.3323
25.268 1.33119
25.269 1.32996
25.27 1.3286
25.271 1.32711
25.272 1.32549
25.273 1.32375
25.274 1.32188
25.275 1.31989
25.276 1.31777
25.277 1.31553
25.278 1.31317
25.279 1.31069
25.28 1.3081
25.281 1.30538
25.282 1.30255
25.283 1.2996
25.284 1.29654
25.285 1.29336
25.286 1.29007
25.287 1.28666
25.288 1.28313
25.289 1.27949
25.29 1.27574
25.291 1.27188
25.292 1.2679
25.293 1.26381
25.294 1.25961
25.295 1.2553
25.296 1.25088
25.297 1.24635
25.298 1.24171
25.299 1.23697
25.3 1.23212
25.301 1.22716
25.302 1.2221
25.303 1.21693
25.304 1.21166
25.305 1.20629
25.306 1.2008
25.307 1.19522
25.308 1.18952
25.309 1.18372
25.31 1.17782
25.311 1.17181
25.312 1.1657
25.313 1.15948
25.314 1.15315
25.315 1.14673
25.316 1.14019
25.317 1.13356
25.318 1.12682
25.319 1.11998
25.32 1.11304
25.321 1.10599
25.322 1.09885
25.323 1.09161
25.324 1.08427
25.325 1.07684
25.326 1.06932
25.327 1.0617
25.328 1.054
25.329 1.04622
25.33 1.03835
25.331 1.0304
25.332 1.02237
25.333 1.01426
25.334 1.00607
25.335 0.9978
25.336 0.989457
25.337 0.981038
25.338 0.972546
25.339 0.96398
25.34 0.955343
25.341 0.946635
25.342 0.937859
25.343 0.929017
25.344 0.920112
25.345 0.911146
25.346 0.902122
25.347 0.893043
25.348 0.883911
25.349 0.874729
25.35 0.865499
25.351 0.856224
25.352 0.846907
25.353 0.837551
25.354 0.828157
25.355 0.81873
25.356 0.80927
25.357 0.799783
25.358 0.790269
25.359 0.780732
25.36 0.771175
25.361 0.7616
25.362 0.752011
25.363 0.742409
25.364 0.732798
25.365 0.72318
25.366 0.713558
25.367 0.703936
25.368 0.694315
25.369 0.684699
25.37 0.675091
25.371 0.665492
25.372 0.655906
25.373 0.646336
25.374 0.636784
25.375 0.627254
25.376 0.617747
25.377 0.608266
25.378 0.598815
25.379 0.589396
25.38 0.580011
25.381 0.570663
25.382 0.561353
25.383 0.552084
25.384 0.542856
25.385 0.53367
25.386 0.524529
25.387 0.515432
25.388 0.506382
25.389 0.49738
25.39 0.488426
25.391 0.479523
25.392 0.470673
25.393 0.461877
25.394 0.453139
25.395 0.444461
25.396 0.435844
25.397 0.427292
25.398 0.418807
25.399 0.41039
25.4 0.402045
25.401 0.393772
25.402 0.385576
25.403 0.377456
25.404 0.369417
25.405 0.361459
25.406 0.353585
25.407 0.345796
25.408 0.338095
25.409 0.330484
25.41 0.322964
25.411 0.315537
25.412 0.308206
25.413 0.300971
25.414 0.293834
25.415 0.286798
25.416 0.279863
25.417 0.273032
25.418 0.266305
25.419 0.259685
25.42 0.253172
25.421 0.246769
25.422 0.240475
25.423 0.23429
25.424 0.228214
25.425 0.222247
25.426 0.21639
25.427 0.210642
25.428 0.205002
25.429 0.199471
25.43 0.194049
25.431 0.188734
25.432 0.183527
25.433 0.178428
25.434 0.173435
25.435 0.168548
25.436 0.163767
25.437 0.159092
25.438 0.15452
25.439 0.150053
25.44 0.145689
25.441 0.141427
25.442 0.137269
25.443 0.133213
25.444 0.129261
25.445 0.125413
25.446 0.121669
25.447 0.11803
25.448 0.114495
25.449 0.111065
25.45 0.10774
25.451 0.104519
25.452 0.101402
25.453 0.0983867
25.454 0.0954728
25.455 0.0926586
25.456 0.0899426
25.457 0.0873234
25.458 0.0847994
25.459 0.0823692
25.46 0.0800312
25.461 0.077784
25.462 0.075627
25.463 0.0735597
25.464 0.0715817
25.465 0.0696925
25.466 0.0678915
25.467 0.0661781
25.468 0.0645518
25.469 0.0630119
25.47 0.0615577
25.471 0.0601881
25.472 0.0589015
25.473 0.0576958
25.474 0.0565689
25.475 0.0555187
25.476 0.0545431
25.477 0.05364
25.478 0.0528071
25.479 0.0520422
25.48 0.0513431
25.481 0.050708
25.482 0.0501367
25.483 0.0496292
25.484 0.0491857
25.485 0.0488062
25.486 0.048491
25.487 0.0482401
25.488 0.0480534
25.489 0.0479311
25.49 0.0478731
25.491 0.0478794
25.492 0.0479499
25.493 0.0480846
25.494 0.0482832
25.495 0.0485457
25.496 0.0488719
25.497 0.0492616
25.498 0.0497145
25.499 0.0502303
25.5 0.0508089
25.501 0.0514503
25.502 0.0521549
25.503 0.0529239
25.504 0.0537579
25.505 0.0546579
25.506 0.0556246
25.507 0.0566589
25.508 0.0577615
25.509 0.0589331
25.51 0.0601744
25.511 0.0614867
25.512 0.0628726
25.513 0.0643351
25.514 0.0658773
25.515 0.0675023
25.516 0.0692131
25.517 0.0710126
25.518 0.0729038
25.519 0.0748896
25.52 0.0769728
25.521 0.0791559
25.522 0.0814407
25.523 0.0838287
25.524 0.0863213
25.525 0.0889199
25.526 0.0916259
25.527 0.0944405
25.528 0.097365
25.529 0.100401
25.53 0.103548
25.531 0.10681
25.532 0.110185
25.533 0.113676
25.534 0.117283
25.535 0.121008
25.536 0.12485
25.537 0.128812
25.538 0.132893
25.539 0.137095
25.54 0.141417
25.541 0.145862
25.542 0.150428
25.543 0.155118
25.544 0.15993
25.545 0.164867
25.546 0.169927
25.547 0.175111
25.548 0.18042
25.549 0.185854
25.55 0.191412
25.551 0.197095
25.552 0.2029
25.553 0.208825
25.554 0.214868
25.555 0.221026
25.556 0.227295
25.557 0.233674
25.558 0.24016
25.559 0.24675
25.56 0.253441
25.561 0.26023
25.562 0.267116
25.563 0.274097
25.564 0.281171
25.565 0.288336
25.566 0.295592
25.567 0.302934
25.568 0.310363
25.569 0.317876
25.57 0.32547
25.571 0.333145
25.572 0.340899
25.573 0.348732
25.574 0.356643
25.575 0.36463
25.576 0.372693
25.577 0.380831
25.578 0.389043
25.579 0.397329
25.58 0.405686
25.581 0.414114
25.582 0.422611
25.583 0.431175
25.584 0.439802
25.585 0.448491
25.586 0.457239
25.587 0.466044
25.588 0.474903
25.589 0.483814
25.59 0.492774
25.591 0.501781
25.592 0.510834
25.593 0.519931
25.594 0.529071
25.595 0.538252
25.596 0.547474
25.597 0.556734
25.598 0.566031
25.599 0.575365
25.6 0.584733
25.601 0.594134
25.602 0.603565
25.603 0.613024
25.604 0.622508
25.605 0.632014
25.606 0.64154
25.607 0.651083
25.608 0.660639
25.609 0.670207
25.61 0.679783
25.611 0.689366
25.612 0.698951
25.613 0.708536
25.614 0.71812
25.615 0.727698
25.616 0.737268
25.617 0.746827
25.618 0.756373
25.619 0.765902
25.62 0.775413
25.621 0.784903
25.622 0.794368
25.623 0.803806
25.624 0.813215
25.625 0.822592
25.626 0.831933
25.627 0.841238
25.628 0.850502
25.629 0.859724
25.63 0.8689
25.631 0.878028
25.632 0.887104
25.633 0.896122
25.634 0.905077
25.635 0.913965
25.636 0.92278
25.637 0.931518
25.638 0.940174
25.639 0.948743
25.64 0.95722
25.641 0.965601
25.642 0.973883
25.643 0.982061
25.644 0.990133
25.645 0.998096
25.646 1.00595
25.647 1.01368
25.648 1.02129
25.649 1.02879
25.65 1.03615
25.651 1.04339
25.652 1.0505
25.653 1.05748
25.654 1.06433
25.655 1.07104
25.656 1.07761
25.657 1.08405
25.658 1.09035
25.659 1.09651
25.66 1.10253
25.661 1.10841
25.662 1.11415
25.663 1.11974
25.664 1.1252
25.665 1.13051
25.666 1.13569
25.667 1.14073
25.668 1.14562
25.669 1.15038
25.67 1.155
25.671 1.15948
25.672 1.16383
25.673 1.16805
25.674 1.17214
25.675 1.1761
25.676 1.17993
25.677 1.18364
25.678 1.18723
25.679 1.1907
25.68 1.19405
25.681 1.19729
25.682 1.20041
25.683 1.20343
25.684 1.20633
25.685 1.20911
25.686 1.21179
25.687 1.21435
25.688 1.2168
25.689 1.21913
25.69 1.22136
25.691 1.22348
25.692 1.22549
25.693 1.22739
25.694 1.22918
25.695 1.23088
25.696 1.23247
25.697 1.23396
25.698 1.23536
25.699 1.23666
25.7 1.23787
25.701 1.23898
25.702 1.24001
25.703 1.24095
25.704 1.24179
25.705 1.24254
25.706 1.24321
25.707 1.24378
25.708 1.24426
25.709 1.24464
25.71 1.24494
25.711 1.24514
25.712 1.24526
25.713 1.24528
25.714 1.24521
25.715 1.24505
25.716 1.2448
25.717 1.24446
25.718 1.24402
25.719 1.2435
25.72 1.24289
25.721 1.2422
25.722 1.24141
25.723 1.24053
25.724 1.23957
25.725 1.23852
25.726 1.23739
25.727 1.23617
25.728 1.23486
25.729 1.23347
25.73 1.232
25.731 1.23045
25.732 1.22881
25.733 1.22709
25.734 1.2253
25.735 1.22342
25.736 1.22147
25.737 1.21943
25.738 1.21733
25.739 1.21515
25.74 1.21289
25.741 1.21056
25.742 1.20816
25.743 1.20569
25.744 1.20315
25.745 1.20054
25.746 1.19786
25.747 1.19512
25.748 1.19232
25.749 1.18945
25.75 1.18652
25.751 1.18353
25.752 1.18048
25.753 1.17738
25.754 1.17422
25.755 1.17102
25.756 1.16776
25.757 1.16447
25.758 1.16113
25.759 1.15775
25.76 1.15434
25.761 1.15089
25.762 1.14742
25.763 1.14391
25.764 1.14039
25.765 1.13684
25.766 1.13327
25.767 1.12968
25.768 1.12608
25.769 1.12247
25.77 1.11885
25.771 1.11523
25.772 1.1116
25.773 1.10798
25.774 1.10435
25.775 1.10072
25.776 1.0971
25.777 1.09348
25.778 1.08986
25.779 1.08626
25.78 1.08266
25.781 1.07908
25.782 1.0755
25.783 1.07194
25.784 1.0684
25.785 1.06487
25.786 1.06136
25.787 1.05788
25.788 1.05441
25.789 1.05097
25.79 1.04755
25.791 1.04415
25.792 1.04079
25.793 1.03745
25.794 1.03414
25.795 1.03087
25.796 1.02762
25.797 1.02441
25.798 1.02124
25.799 1.01811
25.8 1.01501
25.801 1.01195
25.802 1.00893
25.803 1.00596
25.804 1.00302
25.805 1.00012
25.806 0.99726
25.807 0.994441
25.808 0.991662
25.809 0.988922
25.81 0.986221
25.811 0.98356
25.812 0.980938
25.813 0.978355
25.814 0.975811
25.815 0.973306
25.816 0.970839
25.817 0.968411
25.818 0.96602
25.819 0.963668
25.82 0.961352
25.821 0.959075
25.822 0.956834
25.823 0.954629
25.824 0.952461
25.825 0.950329
25.826 0.948233
25.827 0.946172
25.828 0.944145
25.829 0.942153
25.83 0.940196
25.831 0.938271
25.832 0.93638
25.833 0.934522
25.834 0.932695
25.835 0.930901
25.836 0.929137
25.837 0.927405
25.838 0.925702
25.839 0.924029
25.84 0.922386
25.841 0.920771
25.842 0.919185
25.843 0.917629
25.844 0.916104
25.845 0.914609
25.846 0.913147
25.847 0.911717
25.848 0.91032
25.849 0.908956
25.85 0.907627
25.851 0.906332
25.852 0.905073
25.853 0.903849
25.854 0.902661
25.855 0.90151
25.856 0.900397
25.857 0.899321
25.858 0.898283
25.859 0.897284
25.86 0.896323
25.861 0.895402
25.862 0.894521
25.863 0.89368
25.864 0.892879
25.865 0.892119
25.866 0.8914
25.867 0.890722
25.868 0.890086
25.869 0.889491
25.87 0.888939
25.871 0.888429
25.872 0.88796
25.873 0.887531
25.874 0.887142
25.875 0.88679
25.876 0.886476
25.877 0.886197
25.878 0.885952
25.879 0.885742
25.88 0.885563
25.881 0.885415
25.882 0.885296
25.883 0.885203
25.884 0.885134
25.885 0.885086
25.886 0.885057
25.887 0.885044
25.888 0.885045
25.889 0.885057
25.89 0.885078
25.891 0.885106
25.892 0.885138
25.893 0.885174
25.894 0.885213
25.895 0.885253
25.896 0.885293
25.897 0.885332
25.898 0.885368
25.899 0.885401
25.9 0.885428
25.901 0.885449
25.902 0.885464
25.903 0.885473
25.904 0.885476
25.905 0.885472
25.906 0.885462
25.907 0.885446
25.908 0.885424
25.909 0.885396
25.91 0.885361
25.911 0.885321
25.912 0.885274
25.913 0.885221
25.914 0.885163
25.915 0.885098
25.916 0.885028
25.917 0.884951
25.918 0.884869
25.919 0.884781
25.92 0.884688
25.921 0.884589
25.922 0.884486
25.923 0.88438
25.924 0.884272
25.925 0.884164
25.926 0.884056
25.927 0.883951
25.928 0.88385
25.929 0.883753
25.93 0.883662
25.931 0.883579
25.932 0.883505
25.933 0.883441
25.934 0.883388
25.935 0.883347
25.936 0.883321
25.937 0.883309
25.938 0.883315
25.939 0.883337
25.94 0.883379
25.941 0.88344
25.942 0.883522
25.943 0.883624
25.944 0.883745
25.945 0.883887
25.946 0.884049
25.947 0.88423
25.948 0.884432
25.949 0.884653
25.95 0.884893
25.951 0.885153
25.952 0.885431
25.953 0.885726
25.954 0.886036
25.955 0.88636
25.956 0.886697
25.957 0.887046
25.958 0.887404
25.959 0.88777
25.96 0.888144
25.961 0.888523
25.962 0.888905
25.963 0.889287
25.964 0.889667
25.965 0.890042
25.966 0.89041
25.967 0.890767
25.968 0.891112
25.969 0.891441
25.97 0.891752
25.971 0.892042
25.972 0.892311
25.973 0.892556
25.974 0.892776
25.975 0.89297
25.976 0.893137
25.977 0.893275
25.978 0.893383
25.979 0.893461
25.98 0.893505
25.981 0.893516
25.982 0.893494
25.983 0.893438
25.984 0.893349
25.985 0.893226
25.986 0.893069
25.987 0.892879
25.988 0.892656
25.989 0.892401
25.99 0.892112
25.991 0.89179
25.992 0.891438
25.993 0.891055
25.994 0.890644
25.995 0.890206
25.996 0.889742
25.997 0.889255
25.998 0.888745
25.999 0.888213
26 0.887662
26.001 0.887094
26.002 0.88651
26.003 0.885913
26.004 0.885307
26.005 0.884693
26.006 0.884076
26.007 0.883457
26.008 0.88284
26.009 0.882226
26.01 0.88162
26.011 0.881023
26.012 0.880437
26.013 0.879863
26.014 0.879304
26.015 0.878761
26.016 0.878235
26.017 0.877727
26.018 0.877239
26.019 0.876773
26.02 0.87633
26.021 0.875911
26.022 0.875517
26.023 0.875148
26.024 0.874803
26.025 0.874483
26.026 0.874189
26.027 0.87392
26.028 0.873676
26.029 0.873458
26.03 0.873266
26.031 0.873098
26.032 0.872956
26.033 0.872836
26.034 0.872739
26.035 0.872663
26.036 0.872606
26.037 0.872567
26.038 0.872546
26.039 0.872541
26.04 0.87255
26.041 0.872573
26.042 0.87261
26.043 0.87266
26.044 0.872723
26.045 0.8728
26.046 0.87289
26.047 0.872993
26.048 0.87311
26.049 0.873239
26.05 0.873382
26.051 0.873538
26.052 0.873706
26.053 0.873884
26.054 0.874071
26.055 0.874266
26.056 0.874467
26.057 0.874674
26.058 0.874884
26.059 0.875097
26.06 0.875311
26.061 0.875526
26.062 0.875742
26.063 0.875959
26.064 0.87618
26.065 0.876406
26.066 0.876637
26.067 0.876876
26.068 0.877122
26.069 0.877377
26.07 0.877643
26.071 0.87792
26.072 0.87821
26.073 0.878514
26.074 0.878832
26.075 0.879166
26.076 0.879518
26.077 0.879888
26.078 0.880277
26.079 0.880686
26.08 0.881117
26.081 0.881571
26.082 0.882048
26.083 0.882549
26.084 0.883077
26.085 0.883631
26.086 0.884213
26.087 0.884824
26.088 0.885464
26.089 0.886135
26.09 0.886838
26.091 0.887574
26.092 0.888343
26.093 0.889146
26.094 0.889986
26.095 0.890861
26.096 0.891773
26.097 0.892724
26.098 0.893713
26.099 0.894742
26.1 0.895812
26.101 0.896923
26.102 0.898076
26.103 0.899272
26.104 0.900511
26.105 0.901795
26.106 0.903124
26.107 0.904498
26.108 0.905919
26.109 0.907387
26.11 0.908903
26.111 0.910466
26.112 0.912075
26.113 0.913729
26.114 0.915425
26.115 0.917162
26.116 0.918937
26.117 0.920748
26.118 0.922594
26.119 0.924472
26.12 0.926381
26.121 0.928318
26.122 0.930279
26.123 0.932262
26.124 0.934264
26.125 0.93628
26.126 0.938309
26.127 0.940345
26.128 0.942386
26.129 0.94443
26.13 0.946471
26.131 0.948507
26.132 0.950535
26.133 0.952551
26.134 0.954552
26.135 0.956535
26.136 0.958496
26.137 0.960432
26.138 0.962339
26.139 0.964215
26.14 0.966057
26.141 0.967861
26.142 0.969624
26.143 0.971346
26.144 0.973024
26.145 0.974657
26.146 0.976241
26.147 0.977776
26.148 0.97926
26.149 0.980691
26.15 0.982066
26.151 0.983386
26.152 0.984648
26.153 0.985852
26.154 0.986998
26.155 0.988086
26.156 0.989115
26.157 0.990085
26.158 0.990994
26.159 0.991844
26.16 0.992634
26.161 0.993364
26.162 0.994035
26.163 0.99465
26.164 0.995212
26.165 0.995723
26.166 0.996184
26.167 0.996599
26.168 0.99697
26.169 0.997298
26.17 0.997588
26.171 0.99784
26.172 0.998058
26.173 0.998244
26.174 0.9984
26.175 0.998529
26.176 0.998633
26.177 0.998716
26.178 0.998779
26.179 0.998824
26.18 0.998855
26.181 0.998874
26.182 0.998881
26.183 0.998875
26.184 0.998858
26.185 0.998828
26.186 0.998787
26.187 0.998734
26.188 0.99867
26.189 0.998593
26.19 0.998505
26.191 0.998406
26.192 0.998293
26.193 0.998167
26.194 0.998025
26.195 0.997868
26.196 0.997693
26.197 0.997499
26.198 0.997286
26.199 0.997052
26.2 0.996796
26.201 0.996518
26.202 0.996216
26.203 0.995892
26.204 0.995546
26.205 0.995177
26.206 0.994786
26.207 0.994373
26.208 0.993939
26.209 0.993483
26.21 0.993006
26.211 0.992507
26.212 0.991988
26.213 0.991448
26.214 0.990889
26.215 0.990309
26.216 0.989709
26.217 0.98909
26.218 0.988452
26.219 0.987796
26.22 0.98712
26.221 0.986427
26.222 0.985717
26.223 0.984992
26.224 0.984254
26.225 0.983503
26.226 0.982743
26.227 0.981974
26.228 0.981198
26.229 0.980416
26.23 0.979631
26.231 0.978843
26.232 0.978055
26.233 0.977268
26.234 0.976483
26.235 0.975702
26.236 0.974928
26.237 0.97416
26.238 0.973402
26.239 0.972654
26.24 0.971918
26.241 0.971196
26.242 0.97049
26.243 0.9698
26.244 0.969128
26.245 0.968477
26.246 0.967847
26.247 0.96724
26.248 0.966657
26.249 0.9661
26.25 0.965571
26.251 0.965071
26.252 0.964598
26.253 0.964152
26.254 0.963732
26.255 0.963337
26.256 0.962965
26.257 0.962616
26.258 0.962288
26.259 0.961981
26.26 0.961693
26.261 0.961423
26.262 0.96117
26.263 0.960932
26.264 0.96071
26.265 0.960501
26.266 0.960305
26.267 0.960119
26.268 0.959944
26.269 0.959778
26.27 0.959619
26.271 0.959466
26.272 0.959317
26.273 0.959166
26.274 0.959011
26.275 0.958848
26.276 0.958673
26.277 0.958482
26.278 0.958272
26.279 0.95804
26.28 0.957781
26.281 0.957493
26.282 0.957174
26.283 0.956822
26.284 0.956437
26.285 0.956018
26.286 0.955563
26.287 0.955073
26.288 0.954544
26.289 0.953978
26.29 0.953372
26.291 0.952726
26.292 0.95204
26.293 0.951314
26.294 0.950549
26.295 0.949745
26.296 0.948902
26.297 0.948022
26.298 0.947103
26.299 0.946147
26.3 0.945154
26.301 0.944125
26.302 0.94306
26.303 0.941959
26.304 0.940823
26.305 0.939653
26.306 0.938448
26.307 0.937211
26.308 0.93594
26.309 0.934637
26.31 0.933302
26.311 0.931937
26.312 0.930542
26.313 0.929119
26.314 0.927672
26.315 0.9262
26.316 0.924707
26.317 0.923194
26.318 0.921663
26.319 0.920116
26.32 0.918555
26.321 0.916981
26.322 0.915394
26.323 0.913794
26.324 0.912181
26.325 0.910552
26.326 0.908909
26.327 0.907251
26.328 0.905576
26.329 0.903884
26.33 0.902176
26.331 0.90045
26.332 0.898705
26.333 0.896942
26.334 0.89516
26.335 0.893359
26.336 0.891537
26.337 0.889694
26.338 0.887831
26.339 0.885946
26.34 0.88404
26.341 0.882111
26.342 0.880159
26.343 0.878184
26.344 0.876185
26.345 0.874162
26.346 0.872115
26.347 0.870043
26.348 0.867947
26.349 0.865824
26.35 0.863676
26.351 0.861502
26.352 0.859302
26.353 0.857074
26.354 0.85482
26.355 0.852538
26.356 0.850229
26.357 0.847891
26.358 0.845526
26.359 0.843132
26.36 0.84071
26.361 0.838259
26.362 0.83578
26.363 0.833275
26.364 0.830744
26.365 0.828189
26.366 0.82561
26.367 0.823009
26.368 0.820386
26.369 0.817744
26.37 0.815082
26.371 0.812402
26.372 0.809706
26.373 0.806994
26.374 0.804268
26.375 0.801528
26.376 0.798777
26.377 0.796014
26.378 0.793241
26.379 0.79046
26.38 0.787671
26.381 0.784877
26.382 0.782078
26.383 0.779278
26.384 0.776479
26.385 0.773684
26.386 0.770894
26.387 0.768112
26.388 0.765342
26.389 0.762584
26.39 0.759842
26.391 0.757117
26.392 0.754411
26.393 0.751726
26.394 0.749062
26.395 0.74642
26.396 0.743801
26.397 0.741207
26.398 0.738639
26.399 0.736097
26.4 0.733583
26.401 0.731097
26.402 0.72864
26.403 0.726211
26.404 0.723811
26.405 0.721437
26.406 0.719092
26.407 0.716773
26.408 0.714482
26.409 0.712217
26.41 0.709978
26.411 0.707765
26.412 0.705578
26.413 0.703416
26.414 0.701279
26.415 0.699166
26.416 0.697078
26.417 0.695013
26.418 0.692971
26.419 0.690953
26.42 0.688956
26.421 0.686982
26.422 0.68503
26.423 0.683098
26.424 0.681188
26.425 0.679297
26.426 0.677427
26.427 0.675575
26.428 0.673743
26.429 0.671928
26.43 0.670132
26.431 0.668352
26.432 0.666588
26.433 0.664838
26.434 0.663099
26.435 0.661371
26.436 0.659651
26.437 0.657938
26.438 0.656229
26.439 0.654523
26.44 0.652819
26.441 0.651114
26.442 0.649406
26.443 0.647695
26.444 0.645977
26.445 0.644252
26.446 0.642517
26.447 0.640771
26.448 0.639011
26.449 0.637237
26.45 0.635447
26.451 0.633638
26.452 0.631812
26.453 0.629969
26.454 0.628111
26.455 0.626237
26.456 0.624348
26.457 0.622446
26.458 0.620531
26.459 0.618604
26.46 0.616666
26.461 0.614717
26.462 0.612759
26.463 0.610792
26.464 0.608817
26.465 0.606835
26.466 0.604847
26.467 0.602853
26.468 0.600855
26.469 0.598853
26.47 0.596848
26.471 0.594841
26.472 0.592833
26.473 0.590825
26.474 0.588817
26.475 0.58681
26.476 0.584805
26.477 0.582804
26.478 0.580806
26.479 0.578812
26.48 0.576825
26.481 0.574844
26.482 0.572871
26.483 0.570908
26.484 0.568959
26.485 0.567023
26.486 0.565105
26.487 0.563205
26.488 0.561326
26.489 0.559469
26.49 0.557638
26.491 0.555832
26.492 0.554055
26.493 0.552305
26.494 0.550584
26.495 0.548893
26.496 0.547233
26.497 0.545603
26.498 0.544005
26.499 0.542439
26.5 0.540907
26.501 0.539407
26.502 0.537941
26.503 0.536506
26.504 0.535104
26.505 0.533732
26.506 0.53239
26.507 0.531078
26.508 0.529795
26.509 0.528539
26.51 0.527311
26.511 0.52611
26.512 0.524932
26.513 0.523778
26.514 0.522643
26.515 0.521527
26.516 0.520428
26.517 0.519342
26.518 0.518269
26.519 0.517206
26.52 0.516152
26.521 0.515103
26.522 0.51406
26.523 0.513021
26.524 0.511986
26.525 0.510953
26.526 0.509923
26.527 0.508893
26.528 0.507864
26.529 0.506834
26.53 0.505803
26.531 0.50477
26.532 0.503735
26.533 0.502699
26.534 0.501662
26.535 0.500625
26.536 0.499588
26.537 0.498551
26.538 0.497514
26.539 0.49648
26.54 0.495446
26.541 0.494415
26.542 0.493387
26.543 0.492361
26.544 0.491339
26.545 0.490321
26.546 0.489307
26.547 0.488298
26.548 0.487294
26.549 0.486295
26.55 0.485303
26.551 0.484316
26.552 0.483337
26.553 0.482364
26.554 0.481399
26.555 0.480442
26.556 0.479494
26.557 0.478554
26.558 0.477624
26.559 0.476702
26.56 0.475791
26.561 0.47489
26.562 0.474
26.563 0.473121
26.564 0.472253
26.565 0.471397
26.566 0.470553
26.567 0.469721
26.568 0.468902
26.569 0.468096
26.57 0.467304
26.571 0.466525
26.572 0.465758
26.573 0.465004
26.574 0.464261
26.575 0.463527
26.576 0.462803
26.577 0.462086
26.578 0.461377
26.579 0.460674
26.58 0.459976
26.581 0.459281
26.582 0.458589
26.583 0.457897
26.584 0.457202
26.585 0.456503
26.586 0.455796
26.587 0.455081
26.588 0.454354
26.589 0.453614
26.59 0.452858
26.591 0.452084
26.592 0.451291
26.593 0.450475
26.594 0.449634
26.595 0.448768
26.596 0.447872
26.597 0.446946
26.598 0.445987
26.599 0.444993
26.6 0.443963
26.601 0.442892
26.602 0.44178
26.603 0.440622
26.604 0.439415
26.605 0.438156
26.606 0.436841
26.607 0.435469
26.608 0.434034
26.609 0.432535
26.61 0.430969
26.611 0.429331
26.612 0.427623
26.613 0.425843
26.614 0.42399
26.615 0.422064
26.616 0.420065
26.617 0.417993
26.618 0.415847
26.619 0.413626
26.62 0.411331
26.621 0.408961
26.622 0.406516
26.623 0.403996
26.624 0.401401
26.625 0.39873
26.626 0.395984
26.627 0.393162
26.628 0.390264
26.629 0.387291
26.63 0.384242
26.631 0.381118
26.632 0.37792
26.633 0.374649
26.634 0.371307
26.635 0.367894
26.636 0.364413
26.637 0.360865
26.638 0.357252
26.639 0.353574
26.64 0.349835
26.641 0.346034
26.642 0.342174
26.643 0.338257
26.644 0.334284
26.645 0.330257
26.646 0.326177
26.647 0.322047
26.648 0.317867
26.649 0.313641
26.65 0.309369
26.651 0.305053
26.652 0.300694
26.653 0.296292
26.654 0.291849
26.655 0.287364
26.656 0.282839
26.657 0.278274
26.658 0.27367
26.659 0.269027
26.66 0.264346
26.661 0.259627
26.662 0.254871
26.663 0.250077
26.664 0.245244
26.665 0.240372
26.666 0.23546
26.667 0.230508
26.668 0.225515
26.669 0.220482
26.67 0.215407
26.671 0.210291
26.672 0.205133
26.673 0.199936
26.674 0.1947
26.675 0.189426
26.676 0.184115
26.677 0.178768
26.678 0.173385
26.679 0.167968
26.68 0.162518
26.681 0.157036
26.682 0.151523
26.683 0.145979
26.684 0.140407
26.685 0.134806
26.686 0.129179
26.687 0.123526
26.688 0.117848
26.689 0.112146
26.69 0.106422
26.691 0.100676
26.692 0.0949121
26.693 0.0891309
26.694 0.0833355
26.695 0.0775282
26.696 0.0717113
26.697 0.0658872
26.698 0.0600583
26.699 0.0542271
26.7 0.0483958
26.701 0.0425675
26.702 0.0367465
26.703 0.0309376
26.704 0.0251458
26.705 0.0193758
26.706 0.0136326
26.707 0.00792081
26.708 0.00224539
26.709 -0.00338893
26.71 -0.00897739
26.711 -0.0145149
26.712 -0.0199959
26.713 -0.0254143
26.714 -0.0307644
26.715 -0.03604
26.716 -0.0412356
26.717 -0.0463452
26.718 -0.051363
26.719 -0.0562835
26.72 -0.0611008
26.721 -0.0658095
26.722 -0.0704039
26.723 -0.0748785
26.724 -0.0792279
26.725 -0.0834467
26.726 -0.0875294
26.727 -0.0914709
26.728 -0.0952658
26.729 -0.098909
26.73 -0.102395
26.731 -0.10572
26.732 -0.10888
26.733 -0.11187
26.734 -0.114688
26.735 -0.11733
26.736 -0.119792
26.737 -0.122072
26.738 -0.124165
26.739 -0.126069
26.74 -0.127781
26.741 -0.129298
26.742 -0.130618
26.743 -0.131739
26.744 -0.13266
26.745 -0.13338
26.746 -0.133898
26.747 -0.134211
26.748 -0.134319
26.749 -0.134221
26.75 -0.133915
26.751 -0.133402
26.752 -0.132682
26.753 -0.131754
26.754 -0.130619
26.755 -0.129279
26.756 -0.127734
26.757 -0.125985
26.758 -0.124033
26.759 -0.121878
26.76 -0.119523
26.761 -0.116968
26.762 -0.114214
26.763 -0.111264
26.764 -0.108117
26.765 -0.104777
26.766 -0.101244
26.767 -0.0975198
26.768 -0.0936069
26.769 -0.0895067
26.77 -0.0852213
26.771 -0.0807523
26.772 -0.0761008
26.773 -0.0712677
26.774 -0.0662539
26.775 -0.0610606
26.776 -0.0556887
26.777 -0.0501394
26.778 -0.0444141
26.779 -0.038514
26.78 -0.0324405
26.781 -0.0261952
26.782 -0.0197795
26.783 -0.013195
26.784 -0.00644339
26.785 0.00047355
26.786 0.00755406
26.787 0.0147963
26.788 0.0221983
26.789 0.0297581
26.79 0.0374737
26.791 0.0453432
26.792 0.0533654
26.793 0.0615393
26.794 0.0698638
26.795 0.0783378
26.796 0.0869602
26.797 0.0957298
26.798 0.104645
26.799 0.113705
26.8 0.122908
26.801 0.132252
26.802 0.141734
26.803 0.151349
26.804 0.161093
26.805 0.170963
26.806 0.180954
26.807 0.191062
26.808 0.201282
26.809 0.211609
26.81 0.222041
26.811 0.232572
26.812 0.243197
26.813 0.253913
26.814 0.264714
26.815 0.275597
26.816 0.286556
26.817 0.297586
26.818 0.308684
26.819 0.319844
26.82 0.331062
26.821 0.342333
26.822 0.353649
26.823 0.365003
26.824 0.376389
26.825 0.387798
26.826 0.399225
26.827 0.41066
26.828 0.422098
26.829 0.43353
26.83 0.444949
26.831 0.45635
26.832 0.467724
26.833 0.479066
26.834 0.490371
26.835 0.501631
26.836 0.512842
26.837 0.523997
26.838 0.535091
26.839 0.546118
26.84 0.557071
26.841 0.567945
26.842 0.578733
26.843 0.589427
26.844 0.600022
26.845 0.610511
26.846 0.620885
26.847 0.63114
26.848 0.641267
26.849 0.65126
26.85 0.661114
26.851 0.670821
26.852 0.680377
26.853 0.689778
26.854 0.699021
26.855 0.708102
26.856 0.717016
26.857 0.725761
26.858 0.734333
26.859 0.742728
26.86 0.750943
26.861 0.758974
26.862 0.766819
26.863 0.774475
26.864 0.781937
26.865 0.789204
26.866 0.796272
26.867 0.803138
26.868 0.8098
26.869 0.816255
26.87 0.8225
26.871 0.828534
26.872 0.834357
26.873 0.839967
26.874 0.845367
26.875 0.850555
26.876 0.855533
26.877 0.860301
26.878 0.86486
26.879 0.86921
26.88 0.873352
26.881 0.877288
26.882 0.881018
26.883 0.884543
26.884 0.887865
26.885 0.890985
26.886 0.893903
26.887 0.896623
26.888 0.899144
26.889 0.901469
26.89 0.903599
26.891 0.905536
26.892 0.90728
26.893 0.908833
26.894 0.910195
26.895 0.911367
26.896 0.912349
26.897 0.913144
26.898 0.913751
26.899 0.914171
26.9 0.914408
26.901 0.91446
26.902 0.91433
26.903 0.91402
26.904 0.91353
26.905 0.912862
26.906 0.912019
26.907 0.911001
26.908 0.90981
26.909 0.908449
26.91 0.90692
26.911 0.905223
26.912 0.903362
26.913 0.901339
26.914 0.899155
26.915 0.896814
26.916 0.894317
26.917 0.891666
26.918 0.888865
26.919 0.885916
26.92 0.882821
26.921 0.879584
26.922 0.876209
26.923 0.872702
26.924 0.869068
26.925 0.865312
26.926 0.861439
26.927 0.857456
26.928 0.853367
26.929 0.849179
26.93 0.844896
26.931 0.840525
26.932 0.83607
26.933 0.831539
26.934 0.826936
26.935 0.822267
26.936 0.817538
26.937 0.812754
26.938 0.807923
26.939 0.803048
26.94 0.798137
26.941 0.793195
26.942 0.788229
26.943 0.783247
26.944 0.778255
26.945 0.77326
26.946 0.76827
26.947 0.763291
26.948 0.758331
26.949 0.753398
26.95 0.748497
26.951 0.743635
26.952 0.73882
26.953 0.734056
26.954 0.729349
26.955 0.724705
26.956 0.720129
26.957 0.715628
26.958 0.711207
26.959 0.706871
26.96 0.702625
26.961 0.698477
26.962 0.69443
26.963 0.69049
26.964 0.686663
26.965 0.682953
26.966 0.679367
26.967 0.675909
26.968 0.672584
26.969 0.669398
26.97 0.666355
26.971 0.66346
26.972 0.660719
26.973 0.658136
26.974 0.655716
26.975 0.653463
26.976 0.651383
26.977 0.649479
26.978 0.647756
26.979 0.646218
26.98 0.644871
26.981 0.643716
26.982 0.642757
26.983 0.641995
26.984 0.641432
26.985 0.641069
26.986 0.640907
26.987 0.640947
26.988 0.641191
26.989 0.641639
26.99 0.642293
26.991 0.643152
26.992 0.644216
26.993 0.645483
26.994 0.646951
26.995 0.648617
26.996 0.65048
26.997 0.652538
26.998 0.654788
26.999 0.657228
27 0.659857
27.001 0.66267
27.002 0.665666
27.003 0.668842
27.004 0.672195
27.005 0.675723
27.006 0.679422
27.007 0.683291
27.008 0.687325
27.009 0.691522
27.01 0.695879
27.011 0.700393
27.012 0.705061
27.013 0.709882
27.014 0.714854
27.015 0.719973
27.016 0.725239
27.017 0.730648
27.018 0.736198
27.019 0.741888
27.02 0.747714
27.021 0.753674
27.022 0.759767
27.023 0.765992
27.024 0.772346
27.025 0.778828
27.026 0.785437
27.027 0.792172
27.028 0.79903
27.029 0.80601
27.03 0.81311
27.031 0.820329
27.032 0.827662
27.033 0.835108
27.034 0.842663
27.035 0.850324
27.036 0.858087
27.037 0.865949
27.038 0.873907
27.039 0.881958
27.04 0.890098
27.041 0.898324
27.042 0.906631
27.043 0.915018
27.044 0.923479
27.045 0.932012
27.046 0.940613
27.047 0.949278
27.048 0.958005
27.049 0.966788
27.05 0.975624
27.051 0.98451
27.052 0.993441
27.053 1.00241
27.054 1.01142
27.055 1.02045
27.056 1.02951
27.057 1.03859
27.058 1.04768
27.059 1.05679
27.06 1.06589
27.061 1.075
27.062 1.0841
27.063 1.09319
27.064 1.10227
27.065 1.11133
27.066 1.12036
27.067 1.12936
27.068 1.13832
27.069 1.14725
27.07 1.15612
27.071 1.16495
27.072 1.17373
27.073 1.18244
27.074 1.19108
27.075 1.19965
27.076 1.20814
27.077 1.21654
27.078 1.22485
27.079 1.23306
27.08 1.24117
27.081 1.24918
27.082 1.25706
27.083 1.26484
27.084 1.27249
27.085 1.28002
27.086 1.28743
27.087 1.29471
27.088 1.30187
27.089 1.30888
27.09 1.31576
27.091 1.32251
27.092 1.32911
27.093 1.33557
27.094 1.34188
27.095 1.34805
27.096 1.35406
27.097 1.35992
27.098 1.36563
27.099 1.37117
27.1 1.37656
27.101 1.38179
27.102 1.38686
27.103 1.39176
27.104 1.39651
27.105 1.4011
27.106 1.40553
27.107 1.4098
27.108 1.41392
27.109 1.41788
27.11 1.42169
27.111 1.42535
27.112 1.42885
27.113 1.4322
27.114 1.4354
27.115 1.43845
27.116 1.44134
27.117 1.44409
27.118 1.44668
27.119 1.44912
27.12 1.45141
27.121 1.45355
27.122 1.45555
27.123 1.45739
27.124 1.45909
27.125 1.46064
27.126 1.46204
27.127 1.4633
27.128 1.46442
27.129 1.46539
27.13 1.46622
27.131 1.46691
27.132 1.46747
27.133 1.46789
27.134 1.46817
27.135 1.46833
27.136 1.46836
27.137 1.46826
27.138 1.46804
27.139 1.4677
27.14 1.46725
27.141 1.46669
27.142 1.46601
27.143 1.46522
27.144 1.46431
27.145 1.4633
27.146 1.46218
27.147 1.46094
27.148 1.4596
27.149 1.45815
27.15 1.4566
27.151 1.45494
27.152 1.45317
27.153 1.4513
27.154 1.44933
27.155 1.44725
27.156 1.44507
27.157 1.4428
27.158 1.44042
27.159 1.43795
27.16 1.43538
27.161 1.43272
27.162 1.42996
27.163 1.42711
27.164 1.42416
27.165 1.42112
27.166 1.41798
27.167 1.41475
27.168 1.41143
27.169 1.40801
27.17 1.40451
27.171 1.40091
27.172 1.39722
27.173 1.39344
27.174 1.38958
27.175 1.38564
27.176 1.38162
27.177 1.37753
27.178 1.37337
27.179 1.36914
27.18 1.36485
27.181 1.36049
27.182 1.35608
27.183 1.35162
27.184 1.3471
27.185 1.34255
27.186 1.33795
27.187 1.33332
27.188 1.32867
27.189 1.32398
27.19 1.31928
27.191 1.31456
27.192 1.30982
27.193 1.30508
27.194 1.30033
27.195 1.29558
27.196 1.29083
27.197 1.28609
27.198 1.28135
27.199 1.27662
27.2 1.27191
27.201 1.26721
27.202 1.26254
27.203 1.25789
27.204 1.25327
27.205 1.24869
27.206 1.24414
27.207 1.23965
27.208 1.2352
27.209 1.2308
27.21 1.22646
27.211 1.22218
27.212 1.21797
27.213 1.21382
27.214 1.20974
27.215 1.20573
27.216 1.20179
27.217 1.19792
27.218 1.19412
27.219 1.1904
27.22 1.18676
27.221 1.18319
27.222 1.17971
27.223 1.1763
27.224 1.17298
27.225 1.16975
27.226 1.16659
27.227 1.16353
27.228 1.16056
27.229 1.15767
27.23 1.15487
27.231 1.15217
27.232 1.14956
27.233 1.14703
27.234 1.14459
27.235 1.14224
27.236 1.13997
27.237 1.13779
27.238 1.13569
27.239 1.13366
27.24 1.13172
27.241 1.12985
27.242 1.12806
27.243 1.12634
27.244 1.1247
27.245 1.12313
27.246 1.12163
27.247 1.12021
27.248 1.11886
27.249 1.11758
27.25 1.11637
27.251 1.11523
27.252 1.11417
27.253 1.11317
27.254 1.11225
27.255 1.11139
27.256 1.11061
27.257 1.1099
27.258 1.10927
27.259 1.1087
27.26 1.10821
27.261 1.10779
27.262 1.10745
27.263 1.10719
27.264 1.107
27.265 1.10689
27.266 1.10686
27.267 1.10691
27.268 1.10704
27.269 1.10726
27.27 1.10756
27.271 1.10795
27.272 1.10842
27.273 1.10899
27.274 1.10964
27.275 1.11038
27.276 1.11121
27.277 1.11214
27.278 1.11315
27.279 1.11426
27.28 1.11547
27.281 1.11677
27.282 1.11816
27.283 1.11965
27.284 1.12123
27.285 1.1229
27.286 1.12466
27.287 1.12652
27.288 1.12846
27.289 1.13049
27.29 1.13261
27.291 1.13482
27.292 1.13712
27.293 1.13949
27.294 1.14195
27.295 1.14449
27.296 1.1471
27.297 1.14978
27.298 1.15254
27.299 1.15537
27.3 1.15826
27.301 1.16122
27.302 1.16423
27.303 1.16731
27.304 1.17044
27.305 1.17363
27.306 1.17687
27.307 1.18016
27.308 1.18349
27.309 1.18687
27.31 1.19028
27.311 1.19374
27.312 1.19723
27.313 1.20075
27.314 1.20431
27.315 1.20789
27.316 1.21149
27.317 1.21512
27.318 1.21877
27.319 1.22243
27.32 1.22611
27.321 1.2298
27.322 1.23349
27.323 1.23719
27.324 1.2409
27.325 1.2446
27.326 1.2483
27.327 1.252
27.328 1.25569
27.329 1.25936
27.33 1.26303
27.331 1.26667
27.332 1.2703
27.333 1.27391
27.334 1.2775
27.335 1.28106
27.336 1.28461
27.337 1.28813
27.338 1.29162
27.339 1.29508
27.34 1.29851
27.341 1.30192
27.342 1.30529
27.343 1.30863
27.344 1.31195
27.345 1.31523
27.346 1.31848
27.347 1.3217
27.348 1.32489
27.349 1.32805
27.35 1.33117
27.351 1.33427
27.352 1.33734
27.353 1.34037
27.354 1.34338
27.355 1.34635
27.356 1.3493
27.357 1.35221
27.358 1.3551
27.359 1.35795
27.36 1.36078
27.361 1.36358
27.362 1.36634
27.363 1.36907
27.364 1.37178
27.365 1.37444
27.366 1.37708
27.367 1.37967
27.368 1.38223
27.369 1.38476
27.37 1.38724
27.371 1.38969
27.372 1.39209
27.373 1.39445
27.374 1.39676
27.375 1.39903
27.376 1.40125
27.377 1.40341
27.378 1.40552
27.379 1.40758
27.38 1.40957
27.381 1.41151
27.382 1.41338
27.383 1.4152
27.384 1.41694
27.385 1.41862
27.386 1.42023
27.387 1.42177
27.388 1.42323
27.389 1.42462
27.39 1.42594
27.391 1.42718
27.392 1.42833
27.393 1.4294
27.394 1.43039
27.395 1.43129
27.396 1.43209
27.397 1.43281
27.398 1.43342
27.399 1.43394
27.4 1.43435
27.401 1.43466
27.402 1.43486
27.403 1.43496
27.404 1.43496
27.405 1.43485
27.406 1.43464
27.407 1.43432
27.408 1.4339
27.409 1.43338
27.41 1.43275
27.411 1.43203
27.412 1.4312
27.413 1.43027
27.414 1.42923
27.415 1.4281
27.416 1.42687
27.417 1.42554
27.418 1.42412
27.419 1.42259
27.42 1.42097
27.421 1.41925
27.422 1.41744
27.423 1.41554
27.424 1.41354
27.425 1.41145
27.426 1.40927
27.427 1.407
27.428 1.40464
27.429 1.40219
27.43 1.39966
27.431 1.39704
27.432 1.39434
27.433 1.39155
27.434 1.38868
27.435 1.38572
27.436 1.38267
27.437 1.37954
27.438 1.37633
27.439 1.37303
27.44 1.36965
27.441 1.36619
27.442 1.36264
27.443 1.359
27.444 1.35528
27.445 1.35147
27.446 1.34757
27.447 1.34359
27.448 1.33951
27.449 1.33535
27.45 1.33109
27.451 1.32674
27.452 1.3223
27.453 1.31776
27.454 1.31312
27.455 1.30837
27.456 1.30352
27.457 1.29856
27.458 1.29349
27.459 1.2883
27.46 1.283
27.461 1.27757
27.462 1.27203
27.463 1.26636
27.464 1.26057
27.465 1.25465
27.466 1.2486
27.467 1.24243
27.468 1.23613
27.469 1.2297
27.47 1.22314
27.471 1.21644
27.472 1.20962
27.473 1.20266
27.474 1.19557
27.475 1.18834
27.476 1.18098
27.477 1.17348
27.478 1.16585
27.479 1.15808
27.48 1.15017
27.481 1.14212
27.482 1.13394
27.483 1.12562
27.484 1.11716
27.485 1.10856
27.486 1.09983
27.487 1.09095
27.488 1.08194
27.489 1.07279
27.49 1.0635
27.491 1.05407
27.492 1.04451
27.493 1.03481
27.494 1.02498
27.495 1.01502
27.496 1.00493
27.497 0.994712
27.498 0.984367
27.499 0.973898
27.5 0.963307
27.501 0.952596
27.502 0.941767
27.503 0.930823
27.504 0.919764
27.505 0.908594
27.506 0.897315
27.507 0.885928
27.508 0.874437
27.509 0.862843
27.51 0.85115
27.511 0.839358
27.512 0.827471
27.513 0.815488
27.514 0.803412
27.515 0.791243
27.516 0.778984
27.517 0.766635
27.518 0.754197
27.519 0.741674
27.52 0.729065
27.521 0.716373
27.522 0.7036
27.523 0.690749
27.524 0.677824
27.525 0.664827
27.526 0.651761
27.527 0.638628
27.528 0.625433
27.529 0.612178
27.53 0.598866
27.531 0.5855
27.532 0.572083
27.533 0.558615
27.534 0.545099
27.535 0.531536
27.536 0.51793
27.537 0.504281
27.538 0.490591
27.539 0.476864
27.54 0.463099
27.541 0.449301
27.542 0.435471
27.543 0.421614
27.544 0.407731
27.545 0.393828
27.546 0.379906
27.547 0.365969
27.548 0.352021
27.549 0.338065
27.55 0.324104
27.551 0.310141
27.552 0.29618
27.553 0.282224
27.554 0.268275
27.555 0.254339
27.556 0.240417
27.557 0.226513
27.558 0.21263
27.559 0.198771
27.56 0.18494
27.561 0.17114
27.562 0.157375
27.563 0.14365
27.564 0.129968
27.565 0.116335
27.566 0.102754
27.567 0.0892304
27.568 0.0757675
27.569 0.0623697
27.57 0.0490415
27.571 0.0357867
27.572 0.0226097
27.573 0.00951435
27.574 -0.00349522
27.575 -0.0164151
27.576 -0.0292413
27.577 -0.04197
27.578 -0.0545974
27.579 -0.0671197
27.58 -0.0795332
27.581 -0.0918345
27.582 -0.104021
27.583 -0.11609
27.584 -0.12804
27.585 -0.139869
27.586 -0.151573
27.587 -0.163152
27.588 -0.174603
27.589 -0.185925
27.59 -0.197114
27.591 -0.20817
27.592 -0.21909
27.593 -0.22987
27.594 -0.240508
27.595 -0.251001
27.596 -0.261347
27.597 -0.271541
27.598 -0.281583
27.599 -0.291469
27.6 -0.301198
27.601 -0.310766
27.602 -0.320173
27.603 -0.329417
27.604 -0.338498
27.605 -0.347415
27.606 -0.356167
27.607 -0.364754
27.608 -0.373175
27.609 -0.381429
27.61 -0.389516
27.611 -0.397435
27.612 -0.405185
27.613 -0.412765
27.614 -0.420173
27.615 -0.427408
27.616 -0.434468
27.617 -0.441353
27.618 -0.448062
27.619 -0.454593
27.62 -0.460945
27.621 -0.467118
27.622 -0.473109
27.623 -0.478917
27.624 -0.48454
27.625 -0.489976
27.626 -0.495223
27.627 -0.500281
27.628 -0.505146
27.629 -0.509818
27.63 -0.514296
27.631 -0.518579
27.632 -0.522665
27.633 -0.526556
27.634 -0.530252
27.635 -0.533753
27.636 -0.537059
27.637 -0.54017
27.638 -0.543089
27.639 -0.545814
27.64 -0.548347
27.641 -0.550688
27.642 -0.552839
27.643 -0.554801
27.644 -0.556573
27.645 -0.558159
27.646 -0.559558
27.647 -0.560772
27.648 -0.561802
27.649 -0.56265
27.65 -0.563317
27.651 -0.563804
27.652 -0.564114
27.653 -0.564248
27.654 -0.564208
27.655 -0.563996
27.656 -0.563613
27.657 -0.563061
27.658 -0.562343
27.659 -0.561461
27.66 -0.560416
27.661 -0.559212
27.662 -0.557849
27.663 -0.556332
27.664 -0.554661
27.665 -0.55284
27.666 -0.550871
27.667 -0.548757
27.668 -0.546499
27.669 -0.544102
27.67 -0.541568
27.671 -0.538899
27.672 -0.536098
27.673 -0.533168
27.674 -0.530113
27.675 -0.526934
27.676 -0.523636
27.677 -0.520221
27.678 -0.516693
27.679 -0.513054
27.68 -0.509307
27.681 -0.505457
27.682 -0.501504
27.683 -0.497451
27.684 -0.4933
27.685 -0.489053
27.686 -0.484713
27.687 -0.480281
27.688 -0.47576
27.689 -0.471152
27.69 -0.466459
27.691 -0.461684
27.692 -0.456827
27.693 -0.45189
27.694 -0.446874
27.695 -0.44178
27.696 -0.436609
27.697 -0.431362
27.698 -0.426042
27.699 -0.420648
27.7 -0.415183
27.701 -0.409647
27.702 -0.404042
27.703 -0.39837
27.704 -0.392631
27.705 -0.386828
27.706 -0.380961
27.707 -0.375032
27.708 -0.369042
27.709 -0.362993
27.71 -0.356887
27.711 -0.350725
27.712 -0.344508
27.713 -0.338239
27.714 -0.331918
27.715 -0.325548
27.716 -0.319129
27.717 -0.312664
27.718 -0.306154
27.719 -0.299601
27.72 -0.293007
27.721 -0.286373
27.722 -0.2797
27.723 -0.272991
27.724 -0.266248
27.725 -0.259471
27.726 -0.252664
27.727 -0.245826
27.728 -0.238961
27.729 -0.23207
27.73 -0.225155
27.731 -0.218218
27.732 -0.211261
27.733 -0.204288
27.734 -0.197301
27.735 -0.190304
27.736 -0.1833
27.737 -0.176291
27.738 -0.169281
27.739 -0.162273
27.74 -0.15527
27.741 -0.148274
27.742 -0.141288
27.743 -0.134313
27.744 -0.127351
27.745 -0.120403
27.746 -0.113472
27.747 -0.10656
27.748 -0.0996666
27.749 -0.0927951
27.75 -0.0859468
27.751 -0.0791233
27.752 -0.0723264
27.753 -0.0655576
27.754 -0.0588185
27.755 -0.0521107
27.756 -0.0454358
27.757 -0.0387953
27.758 -0.0321908
27.759 -0.0256238
27.76 -0.0190959
27.761 -0.0126082
27.762 -0.00616126
27.763 0.000244673
27.764 0.00660944
27.765 0.0129329
27.766 0.0192149
27.767 0.0254553
27.768 0.031654
27.769 0.0378109
27.77 0.0439261
27.771 0.0499993
27.772 0.0560306
27.773 0.0620199
27.774 0.0679673
27.775 0.0738728
27.776 0.0797363
27.777 0.085558
27.778 0.091338
27.779 0.0970763
27.78 0.102773
27.781 0.108428
27.782 0.114043
27.783 0.119616
27.784 0.125148
27.785 0.130639
27.786 0.13609
27.787 0.141501
27.788 0.146872
27.789 0.152203
27.79 0.157494
27.791 0.162747
27.792 0.167963
27.793 0.173142
27.794 0.178287
27.795 0.183399
27.796 0.188481
27.797 0.193533
27.798 0.198557
27.799 0.203555
27.8 0.208528
27.801 0.213479
27.802 0.218407
27.803 0.223313
27.804 0.228198
27.805 0.233062
27.806 0.237906
27.807 0.242729
27.808 0.247534
27.809 0.252319
27.81 0.257086
27.811 0.261835
27.812 0.266567
27.813 0.271282
27.814 0.27598
27.815 0.280663
27.816 0.28533
27.817 0.289983
27.818 0.294622
27.819 0.299248
27.82 0.30386
27.821 0.308461
27.822 0.313051
27.823 0.317633
27.824 0.322207
27.825 0.326777
27.826 0.331344
27.827 0.335909
27.828 0.340475
27.829 0.345044
27.83 0.349617
27.831 0.354195
27.832 0.358781
27.833 0.363374
27.834 0.367975
27.835 0.372584
27.836 0.377202
27.837 0.38183
27.838 0.386468
27.839 0.391117
27.84 0.395777
27.841 0.400449
27.842 0.405134
27.843 0.409831
27.844 0.414543
27.845 0.419268
27.846 0.424007
27.847 0.428762
27.848 0.433532
27.849 0.438318
27.85 0.443121
27.851 0.447941
27.852 0.452777
27.853 0.457628
27.854 0.462494
27.855 0.467375
27.856 0.472268
27.857 0.477174
27.858 0.482091
27.859 0.487019
27.86 0.491957
27.861 0.496904
27.862 0.501859
27.863 0.506822
27.864 0.511791
27.865 0.516766
27.866 0.521746
27.867 0.52673
27.868 0.531718
27.869 0.536708
27.87 0.5417
27.871 0.546693
27.872 0.551686
27.873 0.556677
27.874 0.561668
27.875 0.566655
27.876 0.57164
27.877 0.57662
27.878 0.581595
27.879 0.586565
27.88 0.591527
27.881 0.596483
27.882 0.60143
27.883 0.606368
27.884 0.611297
27.885 0.616215
27.886 0.621121
27.887 0.626015
27.888 0.630896
27.889 0.635763
27.89 0.640616
27.891 0.645453
27.892 0.650273
27.893 0.655074
27.894 0.659853
27.895 0.664609
27.896 0.66934
27.897 0.674043
27.898 0.678718
27.899 0.683361
27.9 0.687972
27.901 0.692547
27.902 0.697086
27.903 0.701586
27.904 0.706046
27.905 0.710463
27.906 0.714836
27.907 0.719164
27.908 0.723444
27.909 0.727674
27.91 0.731853
27.911 0.73598
27.912 0.740053
27.913 0.744072
27.914 0.748038
27.915 0.751949
27.916 0.755805
27.917 0.759607
27.918 0.763353
27.919 0.767043
27.92 0.770677
27.921 0.774255
27.922 0.777776
27.923 0.781237
27.924 0.784638
27.925 0.787978
27.926 0.791254
27.927 0.794466
27.928 0.797612
27.929 0.800692
27.93 0.803703
27.931 0.806645
27.932 0.809518
27.933 0.812322
27.934 0.815056
27.935 0.817722
27.936 0.82032
27.937 0.822848
27.938 0.825309
27.939 0.827702
27.94 0.830027
27.941 0.832285
27.942 0.834476
27.943 0.836601
27.944 0.83866
27.945 0.840653
27.946 0.842581
27.947 0.844445
27.948 0.846244
27.949 0.84798
27.95 0.849654
27.951 0.851264
27.952 0.852814
27.953 0.854302
27.954 0.85573
27.955 0.857098
27.956 0.858408
27.957 0.85966
27.958 0.860854
27.959 0.861992
27.96 0.863074
27.961 0.864102
27.962 0.865074
27.963 0.86599
27.964 0.866851
27.965 0.867656
27.966 0.868404
27.967 0.869096
27.968 0.869731
27.969 0.870309
27.97 0.87083
27.971 0.871293
27.972 0.871699
27.973 0.872047
27.974 0.872337
27.975 0.872569
27.976 0.872744
27.977 0.872861
27.978 0.87292
27.979 0.872921
27.98 0.872865
27.981 0.872751
27.982 0.872579
27.983 0.87235
27.984 0.872063
27.985 0.87172
27.986 0.87132
27.987 0.870863
27.988 0.870349
27.989 0.86978
27.99 0.869154
27.991 0.868474
27.992 0.867738
27.993 0.866947
27.994 0.866102
27.995 0.865203
27.996 0.86425
27.997 0.863244
27.998 0.862185
27.999 0.861075
28 0.859912
28.001 0.858699
28.002 0.857437
28.003 0.856127
28.004 0.854772
28.005 0.853373
28.006 0.851932
28.007 0.850451
28.008 0.848933
28.009 0.847378
28.01 0.845789
28.011 0.844167
28.012 0.842514
28.013 0.840831
28.014 0.839117
28.015 0.837374
28.016 0.835603
28.017 0.833804
28.018 0.831978
28.019 0.830126
28.02 0.828249
28.021 0.826348
28.022 0.824426
28.023 0.822485
28.024 0.820531
28.025 0.818565
28.026 0.816592
28.027 0.814615
28.028 0.812636
28.029 0.810659
28.03 0.808689
28.031 0.806727
28.032 0.804776
28.033 0.802838
28.034 0.800915
28.035 0.79901
28.036 0.797124
28.037 0.795259
28.038 0.793418
28.039 0.791603
28.04 0.789814
28.041 0.788056
28.042 0.78633
28.043 0.78464
28.044 0.782989
28.045 0.781381
28.046 0.779818
28.047 0.778303
28.048 0.776841
28.049 0.775433
28.05 0.774083
28.051 0.772794
28.052 0.771569
28.053 0.770411
28.054 0.769322
28.055 0.768307
28.056 0.767367
28.057 0.766506
28.058 0.765727
28.059 0.765031
28.06 0.764423
28.061 0.763904
28.062 0.763476
28.063 0.76314
28.064 0.762898
28.065 0.762752
28.066 0.762702
28.067 0.76275
28.068 0.762896
28.069 0.763142
28.07 0.76349
28.071 0.763939
28.072 0.764492
28.073 0.765148
28.074 0.76591
28.075 0.766778
28.076 0.767752
28.077 0.768834
28.078 0.770024
28.079 0.771323
28.08 0.772732
28.081 0.774251
28.082 0.775883
28.083 0.777628
28.084 0.779488
28.085 0.781466
28.086 0.783562
28.087 0.785779
28.088 0.788118
28.089 0.79058
28.09 0.793167
28.091 0.79588
28.092 0.798719
28.093 0.801684
28.094 0.804775
28.095 0.807992
28.096 0.811335
28.097 0.814804
28.098 0.818398
28.099 0.822117
28.1 0.82596
28.101 0.829928
28.102 0.83402
28.103 0.838236
28.104 0.842574
28.105 0.847034
28.106 0.851615
28.107 0.856317
28.108 0.861139
28.109 0.86608
28.11 0.87114
28.111 0.876317
28.112 0.88161
28.113 0.887019
28.114 0.892542
28.115 0.898178
28.116 0.903926
28.117 0.909785
28.118 0.915754
28.119 0.921831
28.12 0.928016
28.121 0.934305
28.122 0.9407
28.123 0.947196
28.124 0.953795
28.125 0.960493
28.126 0.967289
28.127 0.974182
28.128 0.98117
28.129 0.988251
28.13 0.995423
28.131 1.00269
28.132 1.01004
28.133 1.01747
28.134 1.02499
28.135 1.0326
28.136 1.04028
28.137 1.04804
28.138 1.05588
28.139 1.0638
28.14 1.07178
28.141 1.07984
28.142 1.08796
28.143 1.09615
28.144 1.10441
28.145 1.11273
28.146 1.1211
28.147 1.12954
28.148 1.13803
28.149 1.14657
28.15 1.15517
28.151 1.16381
28.152 1.1725
28.153 1.18122
28.154 1.18999
28.155 1.19879
28.156 1.20762
28.157 1.21648
28.158 1.22537
28.159 1.23427
28.16 1.24319
28.161 1.25212
28.162 1.26106
28.163 1.27001
28.164 1.27897
28.165 1.28793
28.166 1.29689
28.167 1.30585
28.168 1.31481
28.169 1.32376
28.17 1.3327
28.171 1.34163
28.172 1.35055
28.173 1.35946
28.174 1.36835
28.175 1.37723
28.176 1.38609
28.177 1.39494
28.178 1.40377
28.179 1.41258
28.18 1.42137
28.181 1.43014
28.182 1.4389
28.183 1.44763
28.184 1.45634
28.185 1.46504
28.186 1.47371
28.187 1.48237
28.188 1.49101
28.189 1.49963
28.19 1.50824
28.191 1.51683
28.192 1.5254
28.193 1.53395
28.194 1.54249
28.195 1.551
28.196 1.5595
28.197 1.56798
28.198 1.57643
28.199 1.58486
28.2 1.59327
28.201 1.60166
28.202 1.61002
28.203 1.61835
28.204 1.62666
28.205 1.63493
28.206 1.64317
28.207 1.65138
28.208 1.65955
28.209 1.66768
28.21 1.67577
28.211 1.68382
28.212 1.69183
28.213 1.6998
28.214 1.70772
28.215 1.71559
28.216 1.72341
28.217 1.73118
28.218 1.73889
28.219 1.74656
28.22 1.75417
28.221 1.76172
28.222 1.76921
28.223 1.77664
28.224 1.784
28.225 1.7913
28.226 1.79853
28.227 1.80569
28.228 1.81277
28.229 1.81977
28.23 1.8267
28.231 1.83354
28.232 1.8403
28.233 1.84698
28.234 1.85356
28.235 1.86006
28.236 1.86646
28.237 1.87277
28.238 1.87898
28.239 1.88509
28.24 1.89111
28.241 1.89702
28.242 1.90282
28.243 1.90853
28.244 1.91413
28.245 1.91962
28.246 1.92501
28.247 1.9303
28.248 1.93548
28.249 1.94055
28.25 1.94552
28.251 1.95038
28.252 1.95514
28.253 1.95979
28.254 1.96434
28.255 1.96879
28.256 1.97314
28.257 1.97739
28.258 1.98155
28.259 1.9856
28.26 1.98957
28.261 1.99344
28.262 1.99722
28.263 2.0009
28.264 2.0045
28.265 2.008
28.266 2.01141
28.267 2.01473
28.268 2.01797
28.269 2.02111
28.27 2.02416
28.271 2.02713
28.272 2.03001
28.273 2.0328
28.274 2.0355
28.275 2.0381
28.276 2.04062
28.277 2.04305
28.278 2.04539
28.279 2.04763
28.28 2.04978
28.281 2.05185
28.282 2.05381
28.283 2.05569
28.284 2.05746
28.285 2.05914
28.286 2.06072
28.287 2.0622
28.288 2.06358
28.289 2.06485
28.29 2.06603
28.291 2.06709
28.292 2.06806
28.293 2.06891
28.294 2.06966
28.295 2.0703
28.296 2.07082
28.297 2.07124
28.298 2.07155
28.299 2.07174
28.3 2.07183
28.301 2.07179
28.302 2.07165
28.303 2.07139
28.304 2.07101
28.305 2.07052
28.306 2.06992
28.307 2.06919
28.308 2.06835
28.309 2.06739
28.31 2.06632
28.311 2.06513
28.312 2.06382
28.313 2.06239
28.314 2.06084
28.315 2.05918
28.316 2.0574
28.317 2.05549
28.318 2.05348
28.319 2.05134
28.32 2.04909
28.321 2.04671
28.322 2.04422
28.323 2.04161
28.324 2.03888
28.325 2.03603
28.326 2.03306
28.327 2.02996
28.328 2.02674
28.329 2.0234
28.33 2.01993
28.331 2.01634
28.332 2.01262
28.333 2.00877
28.334 2.00479
28.335 2.00067
28.336 1.99643
28.337 1.99205
28.338 1.98753
28.339 1.98287
28.34 1.97808
28.341 1.97314
28.342 1.96806
28.343 1.96283
28.344 1.95746
28.345 1.95193
28.346 1.94625
28.347 1.94042
28.348 1.93443
28.349 1.92828
28.35 1.92197
28.351 1.91549
28.352 1.90885
28.353 1.90204
28.354 1.89506
28.355 1.88792
28.356 1.8806
28.357 1.8731
28.358 1.86543
28.359 1.85758
28.36 1.84955
28.361 1.84135
28.362 1.83296
28.363 1.8244
28.364 1.81565
28.365 1.80673
28.366 1.79762
28.367 1.78834
28.368 1.77888
28.369 1.76924
28.37 1.75942
28.371 1.74943
28.372 1.73926
28.373 1.72891
28.374 1.71839
28.375 1.7077
28.376 1.69683
28.377 1.68579
28.378 1.67458
28.379 1.6632
28.38 1.65166
28.381 1.63994
28.382 1.62806
28.383 1.61602
28.384 1.60381
28.385 1.59144
28.386 1.57891
28.387 1.56623
28.388 1.55338
28.389 1.54039
28.39 1.52724
28.391 1.51394
28.392 1.50049
28.393 1.48689
28.394 1.47315
28.395 1.45926
28.396 1.44524
28.397 1.43108
28.398 1.41678
28.399 1.40234
28.4 1.38778
28.401 1.37309
28.402 1.35827
28.403 1.34333
28.404 1.32827
28.405 1.3131
28.406 1.29782
28.407 1.28243
28.408 1.26695
28.409 1.25136
28.41 1.23568
28.411 1.21991
28.412 1.20405
28.413 1.18812
28.414 1.17209
28.415 1.156
28.416 1.13982
28.417 1.12358
28.418 1.10726
28.419 1.09089
28.42 1.07444
28.421 1.05794
28.422 1.04139
28.423 1.02479
28.424 1.00814
28.425 0.991464
28.426 0.974753
28.427 0.958016
28.428 0.941261
28.429 0.924491
28.43 0.907714
28.431 0.890935
28.432 0.874158
28.433 0.857388
28.434 0.840629
28.435 0.823886
28.436 0.807164
28.437 0.790466
28.438 0.773797
28.439 0.757162
28.44 0.740565
28.441 0.72401
28.442 0.707502
28.443 0.691045
28.444 0.674644
28.445 0.658302
28.446 0.642024
28.447 0.625814
28.448 0.609676
28.449 0.593615
28.45 0.577634
28.451 0.561738
28.452 0.545932
28.453 0.530221
28.454 0.51461
28.455 0.499104
28.456 0.48371
28.457 0.46843
28.458 0.453271
28.459 0.438238
28.46 0.423335
28.461 0.408567
28.462 0.393938
28.463 0.379454
28.464 0.365119
28.465 0.350938
28.466 0.336915
28.467 0.323054
28.468 0.309361
28.469 0.295838
28.47 0.28249
28.471 0.269321
28.472 0.256336
28.473 0.243537
28.474 0.23093
28.475 0.218517
28.476 0.206302
28.477 0.194289
28.478 0.182481
28.479 0.170882
28.48 0.159495
28.481 0.148323
28.482 0.137369
28.483 0.126636
28.484 0.116127
28.485 0.105845
28.486 0.0957924
28.487 0.0859715
28.488 0.0763851
28.489 0.0670354
28.49 0.0579248
28.491 0.0490557
28.492 0.0404311
28.493 0.0320542
28.494 0.0239281
28.495 0.0160556
28.496 0.00843962
28.497 0.00108295
28.498 -0.00601182
28.499 -0.0128422
28.5 -0.0194057
28.501 -0.0257002
28.502 -0.0317234
28.503 -0.0374732
28.504 -0.0429479
28.505 -0.0481455
28.506 -0.0530644
28.507 -0.057703
28.508 -0.0620599
28.509 -0.0661337
28.51 -0.0699233
28.511 -0.0734279
28.512 -0.0766474
28.513 -0.0795822
28.514 -0.0822329
28.515 -0.0846
28.516 -0.0866844
28.517 -0.088487
28.518 -0.0900086
28.519 -0.0912505
28.52 -0.0922139
28.521 -0.0928998
28.522 -0.0933087
28.523 -0.0934409
28.524 -0.0932968
28.525 -0.0928769
28.526 -0.092182
28.527 -0.0912127
28.528 -0.0899699
28.529 -0.0884547
28.53 -0.0866681
28.531 -0.0846117
28.532 -0.0822878
28.533 -0.0796989
28.534 -0.076848
28.535 -0.0737378
28.536 -0.0703714
28.537 -0.0667519
28.538 -0.0628825
28.539 -0.0587664
28.54 -0.0544071
28.541 -0.0498076
28.542 -0.0449708
28.543 -0.0398989
28.544 -0.0345945
28.545 -0.0290603
28.546 -0.0232989
28.547 -0.0173131
28.548 -0.0111057
28.549 -0.00467979
28.55 0.00196169
28.551 0.00881527
28.552 0.0158768
28.553 0.0231418
28.554 0.0306056
28.555 0.0382635
28.556 0.0461108
28.557 0.0541426
28.558 0.0623539
28.559 0.0707399
28.56 0.0792955
28.561 0.0880159
28.562 0.0968969
28.563 0.105935
28.564 0.115125
28.565 0.124464
28.566 0.133947
28.567 0.14357
28.568 0.15333
28.569 0.163221
28.57 0.173239
28.571 0.18338
28.572 0.193639
28.573 0.204009
28.574 0.214484
28.575 0.22506
28.576 0.23573
28.577 0.246488
28.578 0.257329
28.579 0.268246
28.58 0.279234
28.581 0.290286
28.582 0.301395
28.583 0.312555
28.584 0.323757
28.585 0.334995
28.586 0.346261
28.587 0.357548
28.588 0.368849
28.589 0.380157
28.59 0.391463
28.591 0.402762
28.592 0.414045
28.593 0.425305
28.594 0.436536
28.595 0.447729
28.596 0.458878
28.597 0.469976
28.598 0.481015
28.599 0.491988
28.6 0.502889
28.601 0.513709
28.602 0.524442
28.603 0.535078
28.604 0.545609
28.605 0.556029
28.606 0.566327
28.607 0.576497
28.608 0.58653
28.609 0.596419
28.61 0.606156
28.611 0.615733
28.612 0.625142
28.613 0.634375
28.614 0.643426
28.615 0.652287
28.616 0.66095
28.617 0.669409
28.618 0.677655
28.619 0.685683
28.62 0.693484
28.621 0.701052
28.622 0.708383
28.623 0.715469
28.624 0.722306
28.625 0.728888
28.626 0.735212
28.627 0.74127
28.628 0.747059
28.629 0.752575
28.63 0.757811
28.631 0.762764
28.632 0.767431
28.633 0.771808
28.634 0.775893
28.635 0.779683
28.636 0.783175
28.637 0.786366
28.638 0.789255
28.639 0.791839
28.64 0.794116
28.641 0.796083
28.642 0.79774
28.643 0.799083
28.644 0.800112
28.645 0.800825
28.646 0.801221
28.647 0.801299
28.648 0.801056
28.649 0.800494
28.65 0.799609
28.651 0.798404
28.652 0.796878
28.653 0.795034
28.654 0.792875
28.655 0.790402
28.656 0.787618
28.657 0.784526
28.658 0.781128
28.659 0.777427
28.66 0.773427
28.661 0.769129
28.662 0.764536
28.663 0.759647
28.664 0.754464
28.665 0.748989
28.666 0.743221
28.667 0.737163
28.668 0.730817
28.669 0.724182
28.67 0.717262
28.671 0.710059
28.672 0.702575
28.673 0.694813
28.674 0.686778
28.675 0.678472
28.676 0.669899
28.677 0.661063
28.678 0.651968
28.679 0.642618
28.68 0.633017
28.681 0.623168
28.682 0.613074
28.683 0.602736
28.684 0.592157
28.685 0.581339
28.686 0.570284
28.687 0.558994
28.688 0.547471
28.689 0.535718
28.69 0.523737
28.691 0.511532
28.692 0.499104
28.693 0.486457
28.694 0.473593
28.695 0.460516
28.696 0.447229
28.697 0.433734
28.698 0.420035
28.699 0.406135
28.7 0.392038
28.701 0.377747
28.702 0.363268
28.703 0.348604
28.704 0.333761
28.705 0.318744
28.706 0.303557
28.707 0.288207
28.708 0.272697
28.709 0.257034
28.71 0.241223
28.711 0.225269
28.712 0.209178
28.713 0.192955
28.714 0.176605
28.715 0.160134
28.716 0.143548
28.717 0.126852
28.718 0.110052
28.719 0.0931541
28.72 0.0761633
28.721 0.0590853
28.722 0.041925
28.723 0.0246869
28.724 0.00737559
28.725 -0.0100044
28.726 -0.0274484
28.727 -0.0449518
28.728 -0.0625101
28.729 -0.0801186
28.73 -0.0977727
28.731 -0.115468
28.732 -0.133199
28.733 -0.150962
28.734 -0.168752
28.735 -0.186564
28.736 -0.204395
28.737 -0.222238
28.738 -0.24009
28.739 -0.257946
28.74 -0.275801
28.741 -0.293652
28.742 -0.311494
28.743 -0.329324
28.744 -0.34714
28.745 -0.364938
28.746 -0.382714
28.747 -0.400466
28.748 -0.418191
28.749 -0.435885
28.75 -0.453546
28.751 -0.47117
28.752 -0.488756
28.753 -0.506301
28.754 -0.523806
28.755 -0.541266
28.756 -0.558683
28.757 -0.576052
28.758 -0.593374
28.759 -0.610647
28.76 -0.627868
28.761 -0.645038
28.762 -0.662154
28.763 -0.679216
28.764 -0.696222
28.765 -0.71317
28.766 -0.730061
28.767 -0.746892
28.768 -0.763663
28.769 -0.780372
28.77 -0.797019
28.771 -0.813603
28.772 -0.830121
28.773 -0.846571
28.774 -0.862953
28.775 -0.879263
28.776 -0.895499
28.777 -0.911661
28.778 -0.927745
28.779 -0.943751
28.78 -0.959677
28.781 -0.97552
28.782 -0.991278
28.783 -1.00695
28.784 -1.02253
28.785 -1.03802
28.786 -1.05341
28.787 -1.0687
28.788 -1.08389
28.789 -1.09898
28.79 -1.11397
28.791 -1.12884
28.792 -1.14361
28.793 -1.15825
28.794 -1.17277
28.795 -1.18715
28.796 -1.2014
28.797 -1.2155
28.798 -1.22946
28.799 -1.24327
28.8 -1.25691
28.801 -1.27039
28.802 -1.2837
28.803 -1.29684
28.804 -1.30981
28.805 -1.32259
28.806 -1.33519
28.807 -1.34761
28.808 -1.35983
28.809 -1.37186
28.81 -1.38369
28.811 -1.39532
28.812 -1.40675
28.813 -1.41798
28.814 -1.429
28.815 -1.43982
28.816 -1.45042
28.817 -1.46082
28.818 -1.471
28.819 -1.48097
28.82 -1.49073
28.821 -1.50028
28.822 -1.5096
28.823 -1.51872
28.824 -1.52761
28.825 -1.53629
28.826 -1.54475
28.827 -1.55299
28.828 -1.56101
28.829 -1.56881
28.83 -1.5764
28.831 -1.58376
28.832 -1.5909
28.833 -1.59782
28.834 -1.60452
28.835 -1.61099
28.836 -1.61724
28.837 -1.62326
28.838 -1.62905
28.839 -1.63462
28.84 -1.63996
28.841 -1.64507
28.842 -1.64995
28.843 -1.6546
28.844 -1.65901
28.845 -1.66319
28.846 -1.66713
28.847 -1.67084
28.848 -1.67431
28.849 -1.67754
28.85 -1.68052
28.851 -1.68327
28.852 -1.68577
28.853 -1.68802
28.854 -1.69002
28.855 -1.69175
28.856 -1.69323
28.857 -1.69443
28.858 -1.69537
28.859 -1.69603
28.86 -1.69641
28.861 -1.6965
28.862 -1.69632
28.863 -1.69583
28.864 -1.69506
28.865 -1.69398
28.866 -1.69259
28.867 -1.6909
28.868 -1.68889
28.869 -1.68656
28.87 -1.68391
28.871 -1.68094
28.872 -1.67763
28.873 -1.67399
28.874 -1.67001
28.875 -1.66568
28.876 -1.66101
28.877 -1.65598
28.878 -1.65059
28.879 -1.64484
28.88 -1.63873
28.881 -1.63225
28.882 -1.62539
28.883 -1.61816
28.884 -1.61054
28.885 -1.60254
28.886 -1.59416
28.887 -1.58539
28.888 -1.57622
28.889 -1.56666
28.89 -1.55671
28.891 -1.54635
28.892 -1.5356
28.893 -1.52444
28.894 -1.51288
28.895 -1.50092
28.896 -1.48855
28.897 -1.47578
28.898 -1.46261
28.899 -1.44903
28.9 -1.43506
28.901 -1.42068
28.902 -1.40589
28.903 -1.39071
28.904 -1.37514
28.905 -1.35916
28.906 -1.3428
28.907 -1.32605
28.908 -1.30891
28.909 -1.29138
28.91 -1.27347
28.911 -1.25519
28.912 -1.23653
28.913 -1.2175
28.914 -1.19811
28.915 -1.17835
28.916 -1.15825
28.917 -1.13779
28.918 -1.11699
28.919 -1.09585
28.92 -1.07437
28.921 -1.05257
28.922 -1.03044
28.923 -1.008
28.924 -0.985237
28.925 -0.962169
28.926 -0.938796
28.927 -0.915123
28.928 -0.891157
28.929 -0.866902
28.93 -0.842363
28.931 -0.817547
28.932 -0.792459
28.933 -0.767108
28.934 -0.7415
28.935 -0.715641
28.936 -0.689541
28.937 -0.663204
28.938 -0.636641
28.939 -0.609856
28.94 -0.582859
28.941 -0.555658
28.942 -0.528258
28.943 -0.50067
28.944 -0.472899
28.945 -0.444956
28.946 -0.416846
28.947 -0.388579
28.948 -0.360163
28.949 -0.331606
28.95 -0.302916
28.951 -0.274101
28.952 -0.245171
28.953 -0.216132
28.954 -0.186994
28.955 -0.157765
28.956 -0.128453
28.957 -0.0990679
28.958 -0.069617
28.959 -0.0401092
28.96 -0.010553
28.961 0.0190422
28.962 0.0486662
28.963 0.0783077
28.964 0.107956
28.965 0.137599
28.966 0.167227
28.967 0.196829
28.968 0.226392
28.969 0.255907
28.97 0.285363
28.971 0.314748
28.972 0.344053
28.973 0.373265
28.974 0.402374
28.975 0.43137
28.976 0.460242
28.977 0.488979
28.978 0.517571
28.979 0.546008
28.98 0.57428
28.981 0.602375
28.982 0.630284
28.983 0.657994
28.984 0.685494
28.985 0.712774
28.986 0.739823
28.987 0.766629
28.988 0.793183
28.989 0.819473
28.99 0.84549
28.991 0.871223
28.992 0.896663
28.993 0.921798
28.994 0.94662
28.995 0.971119
28.996 0.995285
28.997 1.01911
28.998 1.04258
28.999 1.0657
29 1.08844
29.001 1.11081
29.002 1.1328
29.003 1.15439
29.004 1.17559
29.005 1.19638
29.006 1.21676
29.007 1.23672
29.008 1.25626
29.009 1.27538
29.01 1.29406
29.011 1.3123
29.012 1.33009
29.013 1.34745
29.014 1.36435
29.015 1.38079
29.016 1.39679
29.017 1.41232
29.018 1.42739
29.019 1.442
29.02 1.45614
29.021 1.46981
29.022 1.48301
29.023 1.49574
29.024 1.50799
29.025 1.51976
29.026 1.53105
29.027 1.54186
29.028 1.55218
29.029 1.56202
29.03 1.57137
29.031 1.58023
29.032 1.5886
29.033 1.59649
29.034 1.60389
29.035 1.6108
29.036 1.61722
29.037 1.62317
29.038 1.62863
29.039 1.63361
29.04 1.63812
29.041 1.64214
29.042 1.6457
29.043 1.64878
29.044 1.65139
29.045 1.65354
29.046 1.65523
29.047 1.65645
29.048 1.65723
29.049 1.65754
29.05 1.65741
29.051 1.65684
29.052 1.65582
29.053 1.65437
29.054 1.65248
29.055 1.65016
29.056 1.64741
29.057 1.64423
29.058 1.64063
29.059 1.63662
29.06 1.6322
29.061 1.62736
29.062 1.62212
29.063 1.61649
29.064 1.61046
29.065 1.60403
29.066 1.59723
29.067 1.59004
29.068 1.58249
29.069 1.57456
29.07 1.56627
29.071 1.55762
29.072 1.54862
29.073 1.53927
29.074 1.52958
29.075 1.51955
29.076 1.50919
29.077 1.4985
29.078 1.48749
29.079 1.47616
29.08 1.46452
29.081 1.45258
29.082 1.44034
29.083 1.4278
29.084 1.41498
29.085 1.40188
29.086 1.38852
29.087 1.37489
29.088 1.36101
29.089 1.34688
29.09 1.33251
29.091 1.31791
29.092 1.30308
29.093 1.28804
29.094 1.27279
29.095 1.25735
29.096 1.24171
29.097 1.22589
29.098 1.2099
29.099 1.19373
29.1 1.17741
29.101 1.16095
29.102 1.14433
29.103 1.12759
29.104 1.11071
29.105 1.09372
29.106 1.07661
29.107 1.0594
29.108 1.04209
29.109 1.02468
29.11 1.0072
29.111 0.989638
29.112 0.97201
29.113 0.954325
29.114 0.93659
29.115 0.918814
29.116 0.901007
29.117 0.883177
29.118 0.865333
29.119 0.847483
29.12 0.829637
29.121 0.811803
29.122 0.79399
29.123 0.776207
29.124 0.758463
29.125 0.740765
29.126 0.723124
29.127 0.705546
29.128 0.688042
29.129 0.67062
29.13 0.653287
29.131 0.636053
29.132 0.618925
29.133 0.601909
29.134 0.585013
29.135 0.568244
29.136 0.551608
29.137 0.535114
29.138 0.518766
29.139 0.502573
29.14 0.486541
29.141 0.470677
29.142 0.454986
29.143 0.439475
29.144 0.424152
29.145 0.409021
29.146 0.39409
29.147 0.379364
29.148 0.364849
29.149 0.350551
29.15 0.336477
29.151 0.322631
29.152 0.30902
29.153 0.295649
29.154 0.282523
29.155 0.269648
29.156 0.257029
29.157 0.24467
29.158 0.232578
29.159 0.220756
29.16 0.20921
29.161 0.197944
29.162 0.186962
29.163 0.176266
29.164 0.16586
29.165 0.155746
29.166 0.145928
29.167 0.136407
29.168 0.127188
29.169 0.118271
29.17 0.109659
29.171 0.101354
29.172 0.0933606
29.173 0.0856805
29.174 0.0783171
29.175 0.0712732
29.176 0.0645517
29.177 0.058155
29.178 0.0520856
29.179 0.0463458
29.18 0.0409379
29.181 0.0358641
29.182 0.0311272
29.183 0.0267304
29.184 0.0226764
29.185 0.018968
29.186 0.0156078
29.187 0.0125982
29.188 0.00994146
29.189 0.00763973
29.19 0.005695
29.191 0.00410909
29.192 0.00288368
29.193 0.0020203
29.194 0.00152032
29.195 0.00138498
29.196 0.00161535
29.197 0.0022124
29.198 0.00317688
29.199 0.00450942
29.2 0.00621049
29.201 0.0082807
29.202 0.0107211
29.203 0.013533
29.204 0.0167175
29.205 0.0202755
29.206 0.0242077
29.207 0.0285148
29.208 0.0331973
29.209 0.0382555
29.21 0.0436895
29.211 0.0494989
29.212 0.0556828
29.213 0.0622396
29.214 0.0691675
29.215 0.0764645
29.216 0.0841288
29.217 0.0921581
29.218 0.10055
29.219 0.109302
29.22 0.118412
29.221 0.127876
29.222 0.137691
29.223 0.147852
29.224 0.158354
29.225 0.169194
29.226 0.180366
29.227 0.191866
29.228 0.203689
29.229 0.215829
29.23 0.22828
29.231 0.241039
29.232 0.254099
29.233 0.267454
29.234 0.281099
29.235 0.295028
29.236 0.309234
29.237 0.323713
29.238 0.338456
29.239 0.353459
29.24 0.368715
29.241 0.384217
29.242 0.399957
29.243 0.415927
29.244 0.43212
29.245 0.448526
29.246 0.465138
29.247 0.481948
29.248 0.498947
29.249 0.516127
29.25 0.533479
29.251 0.550995
29.252 0.568668
29.253 0.586492
29.254 0.604461
29.255 0.622569
29.256 0.640808
29.257 0.659174
29.258 0.677658
29.259 0.696256
29.26 0.714959
29.261 0.733762
29.262 0.752659
29.263 0.771645
29.264 0.790715
29.265 0.809862
29.266 0.829081
29.267 0.848368
29.268 0.867715
29.269 0.887119
29.27 0.906572
29.271 0.92607
29.272 0.945606
29.273 0.965173
29.274 0.984764
29.275 1.00437
29.276 1.02399
29.277 1.04361
29.278 1.06323
29.279 1.08284
29.28 1.10244
29.281 1.12201
29.282 1.14155
29.283 1.16106
29.284 1.18053
29.285 1.19997
29.286 1.21936
29.287 1.2387
29.288 1.25799
29.289 1.27723
29.29 1.2964
29.291 1.31551
29.292 1.33455
29.293 1.35351
29.294 1.37239
29.295 1.39118
29.296 1.40988
29.297 1.42847
29.298 1.44696
29.299 1.46533
29.3 1.48358
29.301 1.50171
29.302 1.51971
29.303 1.53756
29.304 1.55528
29.305 1.57284
29.306 1.59023
29.307 1.60747
29.308 1.62453
29.309 1.64141
29.31 1.65811
29.311 1.67462
29.312 1.69093
29.313 1.70703
29.314 1.72293
29.315 1.73861
29.316 1.75407
29.317 1.76931
29.318 1.78431
29.319 1.79908
29.32 1.8136
29.321 1.82788
29.322 1.84191
29.323 1.85567
29.324 1.86918
29.325 1.88242
29.326 1.89539
29.327 1.90808
29.328 1.9205
29.329 1.93263
29.33 1.94448
29.331 1.95603
29.332 1.96729
29.333 1.97825
29.334 1.9889
29.335 1.99926
29.336 2.0093
29.337 2.01904
29.338 2.02846
29.339 2.03756
29.34 2.04635
29.341 2.05481
29.342 2.06295
29.343 2.07077
29.344 2.07828
29.345 2.08546
29.346 2.09232
29.347 2.09886
29.348 2.10509
29.349 2.111
29.35 2.1166
29.351 2.12188
29.352 2.12685
29.353 2.13151
29.354 2.13585
29.355 2.13989
29.356 2.14361
29.357 2.14703
29.358 2.15013
29.359 2.15293
29.36 2.15542
29.361 2.15761
29.362 2.1595
29.363 2.16109
29.364 2.16238
29.365 2.16338
29.366 2.1641
29.367 2.16452
29.368 2.16466
29.369 2.16453
29.37 2.16412
29.371 2.16343
29.372 2.16248
29.373 2.16126
29.374 2.15977
29.375 2.15802
29.376 2.156
29.377 2.15372
29.378 2.15119
29.379 2.14839
29.38 2.14534
29.381 2.14204
29.382 2.13849
29.383 2.13468
29.384 2.13064
29.385 2.12635
29.386 2.12182
29.387 2.11705
29.388 2.11204
29.389 2.10681
29.39 2.10135
29.391 2.09566
29.392 2.08975
29.393 2.08362
29.394 2.07727
29.395 2.07072
29.396 2.06395
29.397 2.05698
29.398 2.04981
29.399 2.04244
29.4 2.03487
29.401 2.02712
29.402 2.01918
29.403 2.01106
29.404 2.00276
29.405 1.99428
29.406 1.98564
29.407 1.97683
29.408 1.96786
29.409 1.95873
29.41 1.94945
29.411 1.94002
29.412 1.93045
29.413 1.92074
29.414 1.9109
29.415 1.90094
29.416 1.89085
29.417 1.88065
29.418 1.87035
29.419 1.85994
29.42 1.84944
29.421 1.83885
29.422 1.82818
29.423 1.81743
29.424 1.80661
29.425 1.79574
29.426 1.78481
29.427 1.77383
29.428 1.76282
29.429 1.75178
29.43 1.74071
29.431 1.72963
29.432 1.71854
29.433 1.70746
29.434 1.69638
29.435 1.68532
29.436 1.67429
29.437 1.66329
29.438 1.65234
29.439 1.64144
29.44 1.6306
29.441 1.61983
29.442 1.60913
29.443 1.59852
29.444 1.588
29.445 1.57758
29.446 1.56726
29.447 1.55706
29.448 1.54697
29.449 1.53701
29.45 1.52717
29.451 1.51748
29.452 1.50793
29.453 1.49852
29.454 1.48927
29.455 1.48016
29.456 1.47122
29.457 1.46244
29.458 1.45382
29.459 1.44537
29.46 1.4371
29.461 1.429
29.462 1.42108
29.463 1.41334
29.464 1.40579
29.465 1.39842
29.466 1.39125
29.467 1.38427
29.468 1.37749
29.469 1.3709
29.47 1.36453
29.471 1.35835
29.472 1.35238
29.473 1.34662
29.474 1.34106
29.475 1.33571
29.476 1.33056
29.477 1.32561
29.478 1.32087
29.479 1.31633
29.48 1.31199
29.481 1.30785
29.482 1.30392
29.483 1.30019
29.484 1.29666
29.485 1.29333
29.486 1.2902
29.487 1.28728
29.488 1.28456
29.489 1.28204
29.49 1.27972
29.491 1.2776
29.492 1.27569
29.493 1.27398
29.494 1.27247
29.495 1.27117
29.496 1.27006
29.497 1.26917
29.498 1.26848
29.499 1.26799
29.5 1.26771
29.501 1.26764
29.502 1.26776
29.503 1.2681
29.504 1.26864
29.505 1.26938
29.506 1.27033
29.507 1.27148
29.508 1.27283
29.509 1.27439
29.51 1.27615
29.511 1.2781
29.512 1.28026
29.513 1.28262
29.514 1.28517
29.515 1.28792
29.516 1.29086
29.517 1.294
29.518 1.29733
29.519 1.30086
29.52 1.30457
29.521 1.30847
29.522 1.31255
29.523 1.31681
29.524 1.32125
29.525 1.32585
29.526 1.33062
29.527 1.33556
29.528 1.34065
29.529 1.34589
29.53 1.35128
29.531 1.35681
29.532 1.36248
29.533 1.36827
29.534 1.37419
29.535 1.38023
29.536 1.38638
29.537 1.39264
29.538 1.39899
29.539 1.40544
29.54 1.41197
29.541 1.41858
29.542 1.42526
29.543 1.43201
29.544 1.43881
29.545 1.44567
29.546 1.45258
29.547 1.45953
29.548 1.46651
29.549 1.47351
29.55 1.48054
29.551 1.48758
29.552 1.49462
29.553 1.50166
29.554 1.5087
29.555 1.51573
29.556 1.52273
29.557 1.52971
29.558 1.53665
29.559 1.54355
29.56 1.55041
29.561 1.55721
29.562 1.56396
29.563 1.57064
29.564 1.57726
29.565 1.5838
29.566 1.59026
29.567 1.59664
29.568 1.60293
29.569 1.60912
29.57 1.61522
29.571 1.62121
29.572 1.6271
29.573 1.63287
29.574 1.63852
29.575 1.64406
29.576 1.64946
29.577 1.65473
29.578 1.65987
29.579 1.66486
29.58 1.66971
29.581 1.67441
29.582 1.67896
29.583 1.68335
29.584 1.68758
29.585 1.69166
29.586 1.69556
29.587 1.69931
29.588 1.70288
29.589 1.70628
29.59 1.70951
29.591 1.71256
29.592 1.71544
29.593 1.71812
29.594 1.72063
29.595 1.72294
29.596 1.72506
29.597 1.72698
29.598 1.7287
29.599 1.73023
29.6 1.73154
29.601 1.73265
29.602 1.73355
29.603 1.73424
29.604 1.7347
29.605 1.73496
29.606 1.73499
29.607 1.7348
29.608 1.73438
29.609 1.73374
29.61 1.73287
29.611 1.73177
29.612 1.73043
29.613 1.72886
29.614 1.72706
29.615 1.72502
29.616 1.72274
29.617 1.72022
29.618 1.71746
29.619 1.71446
29.62 1.71122
29.621 1.70773
29.622 1.704
29.623 1.70002
29.624 1.6958
29.625 1.69134
29.626 1.68662
29.627 1.68166
29.628 1.67645
29.629 1.671
29.63 1.6653
29.631 1.65935
29.632 1.65316
29.633 1.64672
29.634 1.64004
29.635 1.63312
29.636 1.62597
29.637 1.61857
29.638 1.61095
29.639 1.60309
29.64 1.595
29.641 1.58668
29.642 1.57814
29.643 1.56938
29.644 1.56041
29.645 1.55122
29.646 1.54183
29.647 1.53223
29.648 1.52243
29.649 1.51244
29.65 1.50225
29.651 1.49188
29.652 1.48133
29.653 1.4706
29.654 1.45969
29.655 1.44862
29.656 1.43739
29.657 1.426
29.658 1.41445
29.659 1.40275
29.66 1.39091
29.661 1.37894
29.662 1.36683
29.663 1.35459
29.664 1.34224
29.665 1.32977
29.666 1.3172
29.667 1.30453
29.668 1.29176
29.669 1.27891
29.67 1.26598
29.671 1.25297
29.672 1.2399
29.673 1.22677
29.674 1.21358
29.675 1.20034
29.676 1.18705
29.677 1.17373
29.678 1.16037
29.679 1.14698
29.68 1.13357
29.681 1.12014
29.682 1.1067
29.683 1.09325
29.684 1.0798
29.685 1.06635
29.686 1.0529
29.687 1.03946
29.688 1.02603
29.689 1.01263
29.69 0.999242
29.691 0.985883
29.692 0.972552
29.693 0.959252
29.694 0.945983
29.695 0.932748
29.696 0.919548
29.697 0.906385
29.698 0.893261
29.699 0.880178
29.7 0.867137
29.701 0.85414
29.702 0.841188
29.703 0.828283
29.704 0.815428
29.705 0.802622
29.706 0.789869
29.707 0.777168
29.708 0.764523
29.709 0.751934
29.71 0.739403
29.711 0.726931
29.712 0.71452
29.713 0.70217
29.714 0.689885
29.715 0.677663
29.716 0.665508
29.717 0.65342
29.718 0.641401
29.719 0.629451
29.72 0.617572
29.721 0.605766
29.722 0.594033
29.723 0.582377
29.724 0.570801
29.725 0.559305
29.726 0.547893
29.727 0.536566
29.728 0.525327
29.729 0.514178
29.73 0.50312
29.731 0.492157
29.732 0.481289
29.733 0.470519
29.734 0.459849
29.735 0.44928
29.736 0.438814
29.737 0.428453
29.738 0.418199
29.739 0.408053
29.74 0.398017
29.741 0.388093
29.742 0.378283
29.743 0.36859
29.744 0.359016
29.745 0.349565
29.746 0.340238
29.747 0.331038
29.748 0.321968
29.749 0.313029
29.75 0.304225
29.751 0.295557
29.752 0.287027
29.753 0.278634
29.754 0.270381
29.755 0.262267
29.756 0.254294
29.757 0.246461
29.758 0.238771
29.759 0.231222
29.76 0.223816
29.761 0.216552
29.762 0.209432
29.763 0.202456
29.764 0.195623
29.765 0.188933
29.766 0.182388
29.767 0.175986
29.768 0.169727
29.769 0.163612
29.77 0.157641
29.771 0.151812
29.772 0.146125
29.773 0.140577
29.774 0.135168
29.775 0.129895
29.776 0.124756
29.777 0.119751
29.778 0.114875
29.779 0.110129
29.78 0.10551
29.781 0.101015
29.782 0.0966438
29.783 0.0923955
29.784 0.088269
29.785 0.0842632
29.786 0.080377
29.787 0.0766092
29.788 0.0729587
29.789 0.0694242
29.79 0.0660044
29.791 0.0626976
29.792 0.0595015
29.793 0.0564133
29.794 0.0534303
29.795 0.0505498
29.796 0.0477689
29.797 0.0450847
29.798 0.0424943
29.799 0.0399948
29.8 0.0375833
29.801 0.0352569
29.802 0.0330136
29.803 0.0308515
29.804 0.0287688
29.805 0.0267636
29.806 0.0248338
29.807 0.0229776
29.808 0.021193
29.809 0.0194778
29.81 0.0178302
29.811 0.0162483
29.812 0.014731
29.813 0.0132773
29.814 0.0118864
29.815 0.0105574
29.816 0.00928921
29.817 0.00808093
29.818 0.00693152
29.819 0.00583997
29.82 0.0048052
29.821 0.00382679
29.822 0.00290551
29.823 0.00204277
29.824 0.00123992
29.825 0.000498301
29.826 -0.000180788
29.827 -0.000796071
29.828 -0.00134631
29.829 -0.00183027
29.83 -0.00224678
29.831 -0.00259529
29.832 -0.00287653
29.833 -0.0030919
29.834 -0.00324279
29.835 -0.00333065
29.836 -0.00335693
29.837 -0.0033231
29.838 -0.00323069
29.839 -0.00308123
29.84 -0.00287631
29.841 -0.00261689
29.842 -0.00230268
29.843 -0.00193282
29.844 -0.00150644
29.845 -0.0010227
29.846 -0.000480788
29.847 0.000120097
29.848 0.000780725
29.849 0.00150184
29.85 0.00228416
29.851 0.00312806
29.852 0.00403326
29.853 0.00499913
29.854 0.00602505
29.855 0.00711033
29.856 0.00825431
29.857 0.00945629
29.858 0.0107155
29.859 0.0120313
29.86 0.0134029
29.861 0.0148291
29.862 0.0163082
29.863 0.0178382
29.864 0.0194169
29.865 0.0210422
29.866 0.0227119
29.867 0.0244239
29.868 0.026176
29.869 0.0279661
29.87 0.0297919
29.871 0.0316512
29.872 0.033542
29.873 0.0354618
29.874 0.0374085
29.875 0.0393798
29.876 0.0413735
29.877 0.0433873
29.878 0.0454189
29.879 0.0474661
29.88 0.0495266
29.881 0.0515984
29.882 0.0536801
29.883 0.0557709
29.884 0.0578696
29.885 0.0599752
29.886 0.0620867
29.887 0.0642031
29.888 0.0663233
29.889 0.0684464
29.89 0.0705711
29.891 0.0726966
29.892 0.0748218
29.893 0.0769457
29.894 0.0790672
29.895 0.0811853
29.896 0.0832992
29.897 0.0854076
29.898 0.0875097
29.899 0.0896044
29.9 0.0916908
29.901 0.0937678
29.902 0.0958344
29.903 0.0978897
29.904 0.0999326
29.905 0.101962
29.906 0.103978
29.907 0.105978
29.908 0.107962
29.909 0.109929
29.91 0.111878
29.911 0.113809
29.912 0.115721
29.913 0.117615
29.914 0.119491
29.915 0.12135
29.916 0.123191
29.917 0.125016
29.918 0.126824
29.919 0.128617
29.92 0.130394
29.921 0.132156
29.922 0.133904
29.923 0.135637
29.924 0.137357
29.925 0.139063
29.926 0.140757
29.927 0.142438
29.928 0.144107
29.929 0.145765
29.93 0.147411
29.931 0.149047
29.932 0.150674
29.933 0.15229
29.934 0.153898
29.935 0.155497
29.936 0.157088
29.937 0.158671
29.938 0.160248
29.939 0.161818
29.94 0.163382
29.941 0.164941
29.942 0.166496
29.943 0.168049
29.944 0.169602
29.945 0.171157
29.946 0.172715
29.947 0.174279
29.948 0.175849
29.949 0.177428
29.95 0.179018
29.951 0.18062
29.952 0.182235
29.953 0.183867
29.954 0.185516
29.955 0.187184
29.956 0.188874
29.957 0.190586
29.958 0.192322
29.959 0.194084
29.96 0.195874
29.961 0.197694
29.962 0.199545
29.963 0.201428
29.964 0.203346
29.965 0.2053
29.966 0.207291
29.967 0.209321
29.968 0.211393
29.969 0.213506
29.97 0.215663
29.971 0.217866
29.972 0.220118
29.973 0.222419
29.974 0.224775
29.975 0.227187
29.976 0.229657
29.977 0.232189
29.978 0.234785
29.979 0.237448
29.98 0.24018
29.981 0.242984
29.982 0.245862
29.983 0.248817
29.984 0.25185
29.985 0.254966
29.986 0.258165
29.987 0.261451
29.988 0.264825
29.989 0.268289
29.99 0.271847
29.991 0.2755
29.992 0.27925
29.993 0.283099
29.994 0.28705
29.995 0.291104
29.996 0.295263
29.997 0.29953
29.998 0.303906
29.999 0.308393
30 0.312992
30.001 0.317706
30.002 0.322534
30.003 0.327478
30.004 0.332537
30.005 0.337712
30.006 0.343004
30.007 0.348412
30.008 0.353936
30.009 0.359576
30.01 0.365334
30.011 0.371208
30.012 0.3772
30.013 0.383311
30.014 0.389543
30.015 0.395895
30.016 0.402369
30.017 0.408967
30.018 0.415688
30.019 0.422535
30.02 0.429507
30.021 0.436605
30.022 0.443827
30.023 0.451173
30.024 0.458639
30.025 0.466224
30.026 0.473925
30.027 0.481742
30.028 0.489671
30.029 0.497711
30.03 0.505859
30.031 0.514114
30.032 0.522474
30.033 0.530938
30.034 0.539505
30.035 0.548174
30.036 0.556943
30.037 0.565812
30.038 0.574779
30.039 0.583843
30.04 0.593002
30.041 0.602255
30.042 0.611597
30.043 0.621026
30.044 0.630538
30.045 0.640127
30.046 0.649791
30.047 0.659524
30.048 0.669324
30.049 0.679185
30.05 0.689103
30.051 0.699076
30.052 0.709097
30.053 0.719163
30.054 0.72927
30.055 0.739414
30.056 0.74959
30.057 0.759794
30.058 0.770021
30.059 0.780268
30.06 0.79053
30.061 0.800803
30.062 0.811084
30.063 0.821369
30.064 0.831656
30.065 0.841942
30.066 0.852223
30.067 0.862497
30.068 0.87276
30.069 0.88301
30.07 0.893243
30.071 0.903456
30.072 0.913647
30.073 0.923813
30.074 0.93395
30.075 0.944055
30.076 0.954126
30.077 0.964159
30.078 0.974152
30.079 0.984102
30.08 0.994006
30.081 1.00386
30.082 1.01366
30.083 1.02341
30.084 1.0331
30.085 1.04274
30.086 1.0523
30.087 1.06181
30.088 1.07124
30.089 1.08061
30.09 1.0899
30.091 1.09911
30.092 1.10825
30.093 1.1173
30.094 1.12627
30.095 1.13516
30.096 1.14396
30.097 1.15266
30.098 1.16128
30.099 1.1698
30.1 1.17822
30.101 1.18654
30.102 1.19476
30.103 1.20288
30.104 1.21089
30.105 1.21879
30.106 1.22658
30.107 1.23426
30.108 1.24183
30.109 1.24928
30.11 1.25662
30.111 1.26384
30.112 1.27093
30.113 1.2779
30.114 1.28474
30.115 1.29146
30.116 1.29804
30.117 1.30448
30.118 1.31079
30.119 1.31695
30.12 1.32298
30.121 1.32885
30.122 1.33458
30.123 1.34015
30.124 1.34557
30.125 1.35082
30.126 1.3559
30.127 1.36081
30.128 1.36554
30.129 1.37008
30.13 1.37445
30.131 1.37862
30.132 1.3826
30.133 1.38638
30.134 1.38997
30.135 1.39336
30.136 1.39654
30.137 1.39952
30.138 1.40228
30.139 1.40484
30.14 1.40719
30.141 1.40932
30.142 1.41124
30.143 1.41293
30.144 1.41441
30.145 1.41567
30.146 1.4167
30.147 1.41751
30.148 1.41809
30.149 1.41845
30.15 1.41858
30.151 1.41848
30.152 1.41815
30.153 1.41759
30.154 1.4168
30.155 1.41578
30.156 1.41454
30.157 1.41307
30.158 1.41138
30.159 1.40946
30.16 1.40732
30.161 1.40495
30.162 1.40237
30.163 1.39956
30.164 1.39655
30.165 1.39332
30.166 1.38988
30.167 1.38623
30.168 1.38239
30.169 1.37834
30.17 1.37409
30.171 1.36965
30.172 1.36502
30.173 1.3602
30.174 1.3552
30.175 1.35001
30.176 1.34465
30.177 1.33912
30.178 1.33342
30.179 1.32755
30.18 1.32152
30.181 1.31533
30.182 1.30899
30.183 1.30251
30.184 1.29588
30.185 1.28911
30.186 1.28221
30.187 1.27519
30.188 1.26805
30.189 1.26079
30.19 1.25343
30.191 1.24596
30.192 1.23838
30.193 1.23071
30.194 1.22295
30.195 1.21509
30.196 1.20713
30.197 1.19909
30.198 1.19095
30.199 1.18273
30.2 1.17443
30.201 1.16604
30.202 1.15757
30.203 1.14903
30.204 1.14042
30.205 1.13173
30.206 1.12297
30.207 1.11414
30.208 1.10525
30.209 1.0963
30.21 1.08728
30.211 1.07821
30.212 1.06909
30.213 1.0599
30.214 1.05067
30.215 1.04138
30.216 1.03205
30.217 1.02266
30.218 1.01323
30.219 1.00375
30.22 0.994229
30.221 0.984664
30.222 0.975059
30.223 0.96542
30.224 0.955751
30.225 0.946054
30.226 0.936335
30.227 0.926597
30.228 0.916845
30.229 0.907082
30.23 0.897313
30.231 0.887541
30.232 0.87777
30.233 0.868003
30.234 0.858241
30.235 0.848489
30.236 0.838749
30.237 0.829023
30.238 0.819315
30.239 0.809627
30.24 0.799963
30.241 0.790325
30.242 0.780718
30.243 0.771147
30.244 0.761618
30.245 0.752136
30.246 0.742706
30.247 0.733333
30.248 0.724022
30.249 0.714779
30.25 0.705608
30.251 0.696514
30.252 0.687502
30.253 0.678575
30.254 0.669736
30.255 0.66099
30.256 0.652339
30.257 0.643788
30.258 0.63534
30.259 0.626999
30.26 0.618767
30.261 0.610648
30.262 0.602646
30.263 0.594764
30.264 0.587004
30.265 0.579371
30.266 0.571867
30.267 0.564496
30.268 0.55726
30.269 0.550162
30.27 0.543205
30.271 0.536392
30.272 0.529725
30.273 0.523208
30.274 0.516843
30.275 0.510632
30.276 0.504579
30.277 0.498685
30.278 0.492952
30.279 0.487384
30.28 0.481982
30.281 0.476749
30.282 0.471686
30.283 0.466795
30.284 0.462079
30.285 0.457539
30.286 0.453177
30.287 0.448994
30.288 0.444993
30.289 0.441175
30.29 0.437542
30.291 0.434094
30.292 0.430835
30.293 0.427766
30.294 0.424891
30.295 0.422211
30.296 0.419728
30.297 0.417446
30.298 0.415365
30.299 0.413489
30.3 0.411818
30.301 0.410355
30.302 0.409103
30.303 0.408064
30.304 0.407241
30.305 0.406637
30.306 0.406255
30.307 0.406097
30.308 0.406165
30.309 0.406462
30.31 0.40699
30.311 0.407751
30.312 0.408747
30.313 0.40998
30.314 0.411453
30.315 0.413165
30.316 0.41512
30.317 0.417319
30.318 0.419763
30.319 0.422453
30.32 0.425391
30.321 0.428578
30.322 0.432013
30.323 0.435696
30.324 0.439627
30.325 0.443805
30.326 0.448229
30.327 0.4529
30.328 0.457815
30.329 0.462974
30.33 0.468376
30.331 0.474019
30.332 0.479901
30.333 0.48602
30.334 0.492373
30.335 0.498956
30.336 0.505768
30.337 0.512804
30.338 0.520063
30.339 0.52754
30.34 0.535233
30.341 0.543138
30.342 0.551252
30.343 0.559571
30.344 0.568092
30.345 0.57681
30.346 0.585722
30.347 0.594825
30.348 0.604114
30.349 0.613585
30.35 0.623235
30.351 0.633058
30.352 0.643051
30.353 0.65321
30.354 0.66353
30.355 0.674007
30.356 0.684636
30.357 0.695413
30.358 0.706333
30.359 0.717391
30.36 0.728583
30.361 0.739904
30.362 0.75135
30.363 0.762914
30.364 0.774593
30.365 0.786382
30.366 0.798274
30.367 0.810267
30.368 0.822353
30.369 0.834529
30.37 0.846789
30.371 0.859128
30.372 0.871542
30.373 0.884026
30.374 0.896578
30.375 0.909193
30.376 0.921866
30.377 0.934594
30.378 0.947373
30.379 0.960198
30.38 0.973066
30.381 0.985972
30.382 0.998912
30.383 1.01188
30.384 1.02488
30.385 1.03789
30.386 1.05093
30.387 1.06398
30.388 1.07703
30.389 1.09009
30.39 1.10315
30.391 1.11621
30.392 1.12926
30.393 1.1423
30.394 1.15532
30.395 1.16832
30.396 1.1813
30.397 1.19425
30.398 1.20716
30.399 1.22004
30.4 1.23288
30.401 1.24567
30.402 1.25841
30.403 1.2711
30.404 1.28374
30.405 1.29631
30.406 1.30882
30.407 1.32126
30.408 1.33362
30.409 1.34591
30.41 1.35812
30.411 1.37025
30.412 1.38228
30.413 1.39422
30.414 1.40605
30.415 1.41778
30.416 1.42939
30.417 1.44089
30.418 1.45225
30.419 1.46348
30.42 1.47458
30.421 1.48553
30.422 1.49633
30.423 1.50698
30.424 1.51746
30.425 1.52777
30.426 1.5379
30.427 1.54785
30.428 1.5576
30.429 1.56716
30.43 1.57652
30.431 1.58567
30.432 1.59461
30.433 1.60332
30.434 1.6118
30.435 1.62006
30.436 1.62807
30.437 1.63585
30.438 1.64337
30.439 1.65064
30.44 1.65764
30.441 1.66439
30.442 1.67086
30.443 1.67706
30.444 1.68298
30.445 1.68861
30.446 1.69396
30.447 1.69902
30.448 1.70377
30.449 1.70823
30.45 1.71238
30.451 1.71622
30.452 1.71975
30.453 1.72298
30.454 1.72588
30.455 1.72848
30.456 1.73076
30.457 1.73273
30.458 1.73438
30.459 1.73572
30.46 1.73674
30.461 1.73745
30.462 1.73785
30.463 1.73792
30.464 1.73769
30.465 1.73714
30.466 1.73627
30.467 1.7351
30.468 1.73361
30.469 1.73181
30.47 1.72971
30.471 1.72729
30.472 1.72457
30.473 1.72154
30.474 1.7182
30.475 1.71455
30.476 1.7106
30.477 1.70634
30.478 1.70178
30.479 1.69692
30.48 1.69175
30.481 1.68628
30.482 1.68052
30.483 1.67445
30.484 1.66809
30.485 1.66143
30.486 1.65448
30.487 1.64724
30.488 1.63971
30.489 1.6319
30.49 1.6238
30.491 1.61542
30.492 1.60675
30.493 1.59781
30.494 1.58858
30.495 1.57907
30.496 1.56929
30.497 1.55922
30.498 1.54887
30.499 1.53825
30.5 1.52735
30.501 1.51617
30.502 1.50472
30.503 1.493
30.504 1.48101
30.505 1.46875
30.506 1.45623
30.507 1.44345
30.508 1.43042
30.509 1.41713
30.51 1.40359
30.511 1.3898
30.512 1.37577
30.513 1.3615
30.514 1.347
30.515 1.33226
30.516 1.31729
30.517 1.3021
30.518 1.28668
30.519 1.27105
30.52 1.25521
30.521 1.23916
30.522 1.22291
30.523 1.20646
30.524 1.18982
30.525 1.17299
30.526 1.15598
30.527 1.1388
30.528 1.12146
30.529 1.10395
30.53 1.08629
30.531 1.06847
30.532 1.05052
30.533 1.03243
30.534 1.01422
30.535 0.99589
30.536 0.977448
30.537 0.958903
30.538 0.940263
30.539 0.921537
30.54 0.90273
30.541 0.883853
30.542 0.864911
30.543 0.845915
30.544 0.82687
30.545 0.807786
30.546 0.788671
30.547 0.769532
30.548 0.750377
30.549 0.731215
30.55 0.712053
30.551 0.692899
30.552 0.673762
30.553 0.654649
30.554 0.635568
30.555 0.616528
30.556 0.597535
30.557 0.578599
30.558 0.559726
30.559 0.540925
30.56 0.522204
30.561 0.503569
30.562 0.485026
30.563 0.466581
30.564 0.448238
30.565 0.430002
30.566 0.41188
30.567 0.393875
30.568 0.375992
30.569 0.358236
30.57 0.340612
30.571 0.323125
30.572 0.305777
30.573 0.288573
30.574 0.271516
30.575 0.254608
30.576 0.237852
30.577 0.221253
30.578 0.204813
30.579 0.188534
30.58 0.172419
30.581 0.156472
30.582 0.140695
30.583 0.12509
30.584 0.10966
30.585 0.0944068
30.586 0.0793336
30.587 0.0644422
30.588 0.0497348
30.589 0.0352135
30.59 0.0208801
30.591 0.00673697
30.592 -0.00721322
30.593 -0.0209675
30.594 -0.034523
30.595 -0.0478769
30.596 -0.0610265
30.597 -0.0739693
30.598 -0.0867028
30.599 -0.0992246
30.6 -0.111532
30.601 -0.123624
30.602 -0.135495
30.603 -0.147144
30.604 -0.158567
30.605 -0.169761
30.606 -0.180723
30.607 -0.191451
30.608 -0.201941
30.609 -0.212191
30.61 -0.222198
30.611 -0.23196
30.612 -0.241475
30.613 -0.250741
30.614 -0.259755
30.615 -0.268516
30.616 -0.277022
30.617 -0.28527
30.618 -0.29326
30.619 -0.300991
30.62 -0.308459
30.621 -0.315665
30.622 -0.322607
30.623 -0.329284
30.624 -0.335696
30.625 -0.34184
30.626 -0.347718
30.627 -0.353328
30.628 -0.358669
30.629 -0.363742
30.63 -0.368546
30.631 -0.373081
30.632 -0.377347
30.633 -0.381344
30.634 -0.385072
30.635 -0.388533
30.636 -0.391725
30.637 -0.39465
30.638 -0.397309
30.639 -0.399701
30.64 -0.401829
30.641 -0.403693
30.642 -0.405294
30.643 -0.406634
30.644 -0.407713
30.645 -0.408534
30.646 -0.409097
30.647 -0.409404
30.648 -0.409458
30.649 -0.409259
30.65 -0.408811
30.651 -0.408114
30.652 -0.407172
30.653 -0.405985
30.654 -0.404558
30.655 -0.402891
30.656 -0.400988
30.657 -0.398852
30.658 -0.396484
30.659 -0.393888
30.66 -0.391067
30.661 -0.388023
30.662 -0.38476
30.663 -0.381281
30.664 -0.377589
30.665 -0.373688
30.666 -0.36958
30.667 -0.36527
30.668 -0.36076
30.669 -0.356055
30.67 -0.351158
30.671 -0.346073
30.672 -0.340804
30.673 -0.335354
30.674 -0.329729
30.675 -0.323931
30.676 -0.317964
30.677 -0.311834
30.678 -0.305544
30.679 -0.299098
30.68 -0.292502
30.681 -0.285758
30.682 -0.278872
30.683 -0.271849
30.684 -0.264692
30.685 -0.257406
30.686 -0.249997
30.687 -0.242468
30.688 -0.234824
30.689 -0.22707
30.69 -0.219212
30.691 -0.211253
30.692 -0.203199
30.693 -0.195054
30.694 -0.186823
30.695 -0.178512
30.696 -0.170125
30.697 -0.161668
30.698 -0.153145
30.699 -0.144561
30.7 -0.135922
30.701 -0.127232
30.702 -0.118496
30.703 -0.109721
30.704 -0.10091
30.705 -0.0920689
30.706 -0.0832029
30.707 -0.0743169
30.708 -0.0654161
30.709 -0.0565056
30.71 -0.0475905
30.711 -0.0386753
30.712 -0.0297632
30.713 -0.0208568
30.714 -0.0119586
30.715 -0.00307128
30.716 0.0058027
30.717 0.0146608
30.718 0.0235004
30.719 0.0323191
30.72 0.0411143
30.721 0.0498836
30.722 0.0586245
30.723 0.0673344
30.724 0.076011
30.725 0.0846519
30.726 0.0932547
30.727 0.101817
30.728 0.110336
30.729 0.11881
30.73 0.127237
30.731 0.135614
30.732 0.14394
30.733 0.152214
30.734 0.160436
30.735 0.168604
30.736 0.176717
30.737 0.184775
30.738 0.192776
30.739 0.20072
30.74 0.208605
30.741 0.216432
30.742 0.224198
30.743 0.231901
30.744 0.239539
30.745 0.24711
30.746 0.254613
30.747 0.262046
30.748 0.269406
30.749 0.276691
30.75 0.283901
30.751 0.291033
30.752 0.298083
30.753 0.305047
30.754 0.31192
30.755 0.3187
30.756 0.325381
30.757 0.33196
30.758 0.338433
30.759 0.344796
30.76 0.351045
30.761 0.357176
30.762 0.363185
30.763 0.36907
30.764 0.374825
30.765 0.380448
30.766 0.385935
30.767 0.391283
30.768 0.396487
30.769 0.401546
30.77 0.406455
30.771 0.411212
30.772 0.415814
30.773 0.420259
30.774 0.424547
30.775 0.428674
30.776 0.43264
30.777 0.436443
30.778 0.440082
30.779 0.443554
30.78 0.446859
30.781 0.449996
30.782 0.452964
30.783 0.455764
30.784 0.458395
30.785 0.460858
30.786 0.463154
30.787 0.465282
30.788 0.467243
30.789 0.469038
30.79 0.470668
30.791 0.472133
30.792 0.473434
30.793 0.474575
30.794 0.475557
30.795 0.476382
30.796 0.477052
30.797 0.477571
30.798 0.47794
30.799 0.478161
30.8 0.478238
30.801 0.478173
30.802 0.477966
30.803 0.47762
30.804 0.477136
30.805 0.476516
30.806 0.475761
30.807 0.474873
30.808 0.473853
30.809 0.472704
30.81 0.471427
30.811 0.470023
30.812 0.468495
30.813 0.466841
30.814 0.465064
30.815 0.463164
30.816 0.461141
30.817 0.458997
30.818 0.456733
30.819 0.45435
30.82 0.451849
30.821 0.44923
30.822 0.446496
30.823 0.443646
30.824 0.440684
30.825 0.437609
30.826 0.434424
30.827 0.431129
30.828 0.427726
30.829 0.424217
30.83 0.420603
30.831 0.416885
30.832 0.413066
30.833 0.409147
30.834 0.405129
30.835 0.401015
30.836 0.396806
30.837 0.392504
30.838 0.388111
30.839 0.383628
30.84 0.379058
30.841 0.374403
30.842 0.369664
30.843 0.364844
30.844 0.359944
30.845 0.354967
30.846 0.349916
30.847 0.344791
30.848 0.339595
30.849 0.334331
30.85 0.329
30.851 0.323606
30.852 0.318149
30.853 0.312634
30.854 0.307061
30.855 0.301433
30.856 0.295753
30.857 0.290022
30.858 0.284245
30.859 0.278422
30.86 0.272556
30.861 0.26665
30.862 0.260708
30.863 0.254733
30.864 0.248729
30.865 0.2427
30.866 0.236649
30.867 0.23058
30.868 0.224498
30.869 0.218405
30.87 0.212306
30.871 0.206204
30.872 0.2001
30.873 0.193997
30.874 0.187894
30.875 0.181794
30.876 0.175698
30.877 0.169607
30.878 0.163522
30.879 0.157445
30.88 0.151376
30.881 0.145318
30.882 0.139273
30.883 0.133242
30.884 0.127229
30.885 0.121235
30.886 0.115265
30.887 0.109319
30.888 0.1034
30.889 0.0975105
30.89 0.0916533
30.891 0.0858303
30.892 0.0800428
30.893 0.0742919
30.894 0.0685788
30.895 0.0629043
30.896 0.0572697
30.897 0.0516759
30.898 0.0461239
30.899 0.0406147
30.9 0.0351492
30.901 0.0297287
30.902 0.0243551
30.903 0.0190305
30.904 0.013757
30.905 0.00853672
30.906 0.00337176
30.907 -0.00173584
30.908 -0.00678407
30.909 -0.0117709
30.91 -0.0166945
30.911 -0.0215527
30.912 -0.0263439
30.913 -0.0310659
30.914 -0.0357171
30.915 -0.0402955
30.916 -0.0447995
30.917 -0.0492273
30.918 -0.0535771
30.919 -0.0578473
30.92 -0.0620362
30.921 -0.0661417
30.922 -0.0701603
30.923 -0.0740879
30.924 -0.0779206
30.925 -0.0816544
30.926 -0.0852854
30.927 -0.0888098
30.928 -0.0922238
30.929 -0.0955235
30.93 -0.0987054
30.931 -0.101766
30.932 -0.104703
30.933 -0.107513
30.934 -0.110195
30.935 -0.112747
30.936 -0.115166
30.937 -0.11745
30.938 -0.119597
30.939 -0.121606
30.94 -0.123473
30.941 -0.125199
30.942 -0.12678
30.943 -0.128215
30.944 -0.129503
30.945 -0.130642
30.946 -0.13163
30.947 -0.132466
30.948 -0.133148
30.949 -0.133676
30.95 -0.134047
30.951 -0.134262
30.952 -0.134319
30.953 -0.134219
30.954 -0.133963
30.955 -0.133551
30.956 -0.132982
30.957 -0.132258
30.958 -0.131379
30.959 -0.130346
30.96 -0.129159
30.961 -0.127818
30.962 -0.126324
30.963 -0.124676
30.964 -0.122874
30.965 -0.120917
30.966 -0.118805
30.967 -0.116539
30.968 -0.114117
30.969 -0.11154
30.97 -0.108808
30.971 -0.105921
30.972 -0.102881
30.973 -0.0996889
30.974 -0.096346
30.975 -0.0928541
30.976 -0.0892149
30.977 -0.08543
30.978 -0.0815013
30.979 -0.0774305
30.98 -0.0732196
30.981 -0.0688699
30.982 -0.0643814
30.983 -0.0597538
30.984 -0.0549865
30.985 -0.0500794
30.986 -0.0450321
30.987 -0.0398443
30.988 -0.0345159
30.989 -0.0290468
30.99 -0.023437
30.991 -0.017686
30.992 -0.0117931
30.993 -0.0057571
30.994 0.000423103
30.995 0.00674851
30.996 0.0132201
30.997 0.0198387
30.998 0.0266053
30.999 0.0335205
31 0.0405852
31.001 0.0477999
31.002 0.0551653
31.003 0.0626819
31.004 0.0703502
31.005 0.0781705
31.006 0.0861433
31.007 0.0942688
31.008 0.102547
31.009 0.110979
31.01 0.119564
31.011 0.128301
31.012 0.137191
31.013 0.146231
31.014 0.155421
31.015 0.164758
31.016 0.174242
31.017 0.18387
31.018 0.193642
31.019 0.203554
31.02 0.213607
31.021 0.223796
31.022 0.234121
31.023 0.244577
31.024 0.255161
31.025 0.265871
31.026 0.276702
31.027 0.287651
31.028 0.298715
31.029 0.309891
31.03 0.321175
31.031 0.332563
31.032 0.344051
31.033 0.355633
31.034 0.367305
31.035 0.379062
31.036 0.390899
31.037 0.402811
31.038 0.414793
31.039 0.426839
31.04 0.438945
31.041 0.451107
31.042 0.463318
31.043 0.475577
31.044 0.487879
31.045 0.50022
31.046 0.512596
31.047 0.525003
31.048 0.537437
31.049 0.549894
31.05 0.562371
31.051 0.574863
31.052 0.587366
31.053 0.599877
31.054 0.612391
31.055 0.624905
31.056 0.637413
31.057 0.649914
31.058 0.662401
31.059 0.674872
31.06 0.687323
31.061 0.69975
31.062 0.712149
31.063 0.724519
31.064 0.736857
31.065 0.749159
31.066 0.761424
31.067 0.773649
31.068 0.785831
31.069 0.797967
31.07 0.810056
31.071 0.822095
31.072 0.834082
31.073 0.846016
31.074 0.857897
31.075 0.869722
31.076 0.881491
31.077 0.893203
31.078 0.904856
31.079 0.91645
31.08 0.927983
31.081 0.939454
31.082 0.950861
31.083 0.962203
31.084 0.973476
31.085 0.984679
31.086 0.99581
31.087 1.00687
31.088 1.01785
31.089 1.02875
31.09 1.03957
31.091 1.05031
31.092 1.06096
31.093 1.07152
31.094 1.082
31.095 1.09237
31.096 1.10265
31.097 1.11283
31.098 1.12291
31.099 1.13288
31.1 1.14274
31.101 1.15249
31.102 1.16212
31.103 1.17164
31.104 1.18103
31.105 1.19029
31.106 1.19942
31.107 1.20842
31.108 1.21728
31.109 1.226
31.11 1.23457
31.111 1.24299
31.112 1.25126
31.113 1.25938
31.114 1.26734
31.115 1.27514
31.116 1.28277
31.117 1.29024
31.118 1.29753
31.119 1.30465
31.12 1.3116
31.121 1.31837
31.122 1.32496
31.123 1.33136
31.124 1.33758
31.125 1.34361
31.126 1.34944
31.127 1.35509
31.128 1.36054
31.129 1.36579
31.13 1.37085
31.131 1.3757
31.132 1.38036
31.133 1.38481
31.134 1.38907
31.135 1.39313
31.136 1.39699
31.137 1.40066
31.138 1.40414
31.139 1.40742
31.14 1.41052
31.141 1.41342
31.142 1.41614
31.143 1.41867
31.144 1.42102
31.145 1.4232
31.146 1.4252
31.147 1.42703
31.148 1.42869
31.149 1.43019
31.15 1.43152
31.151 1.4327
31.152 1.43372
31.153 1.43459
31.154 1.43531
31.155 1.43588
31.156 1.43631
31.157 1.43659
31.158 1.43673
31.159 1.43673
31.16 1.4366
31.161 1.43634
31.162 1.43595
31.163 1.43542
31.164 1.43477
31.165 1.434
31.166 1.4331
31.167 1.43208
31.168 1.43094
31.169 1.42968
31.17 1.42831
31.171 1.42682
31.172 1.42522
31.173 1.4235
31.174 1.42168
31.175 1.41975
31.176 1.4177
31.177 1.41555
31.178 1.4133
31.179 1.41093
31.18 1.40847
31.181 1.4059
31.182 1.40323
31.183 1.40046
31.184 1.39759
31.185 1.39464
31.186 1.39159
31.187 1.38846
31.188 1.38524
31.189 1.38194
31.19 1.37856
31.191 1.3751
31.192 1.37157
31.193 1.36797
31.194 1.36431
31.195 1.36058
31.196 1.35678
31.197 1.35293
31.198 1.34902
31.199 1.34506
31.2 1.34106
31.201 1.337
31.202 1.3329
31.203 1.32876
31.204 1.32459
31.205 1.32038
31.206 1.31614
31.207 1.31187
31.208 1.30758
31.209 1.30326
31.21 1.29893
31.211 1.29458
31.212 1.29023
31.213 1.28586
31.214 1.2815
31.215 1.27714
31.216 1.27278
31.217 1.26844
31.218 1.26411
31.219 1.2598
31.22 1.25552
31.221 1.25126
31.222 1.24704
31.223 1.24285
31.224 1.2387
31.225 1.2346
31.226 1.23053
31.227 1.22652
31.228 1.22255
31.229 1.21864
31.23 1.21478
31.231 1.21098
31.232 1.20724
31.233 1.20357
31.234 1.19997
31.235 1.19644
31.236 1.19297
31.237 1.18959
31.238 1.18628
31.239 1.18306
31.24 1.17991
31.241 1.17686
31.242 1.17389
31.243 1.17101
31.244 1.16823
31.245 1.16554
31.246 1.16296
31.247 1.16047
31.248 1.15808
31.249 1.1558
31.25 1.15363
31.251 1.15157
31.252 1.14962
31.253 1.14777
31.254 1.14603
31.255 1.1444
31.256 1.14288
31.257 1.14146
31.258 1.14015
31.259 1.13895
31.26 1.13785
31.261 1.13685
31.262 1.13595
31.263 1.13516
31.264 1.13448
31.265 1.13389
31.266 1.13342
31.267 1.13305
31.268 1.13278
31.269 1.13262
31.27 1.13256
31.271 1.13261
31.272 1.13277
31.273 1.13303
31.274 1.13339
31.275 1.13386
31.276 1.13443
31.277 1.13511
31.278 1.13589
31.279 1.13678
31.28 1.13777
31.281 1.13886
31.282 1.14005
31.283 1.14135
31.284 1.14274
31.285 1.14424
31.286 1.14584
31.287 1.14754
31.288 1.14933
31.289 1.15122
31.29 1.15321
31.291 1.1553
31.292 1.15748
31.293 1.15976
31.294 1.16213
31.295 1.16461
31.296 1.16718
31.297 1.16985
31.298 1.17261
31.299 1.17548
31.3 1.17844
31.301 1.1815
31.302 1.18465
31.303 1.18791
31.304 1.19126
31.305 1.19471
31.306 1.19826
31.307 1.2019
31.308 1.20564
31.309 1.20948
31.31 1.21341
31.311 1.21744
31.312 1.22156
31.313 1.22577
31.314 1.23008
31.315 1.23447
31.316 1.23895
31.317 1.24352
31.318 1.24816
31.319 1.25289
31.32 1.2577
31.321 1.26259
31.322 1.26755
31.323 1.27258
31.324 1.27768
31.325 1.28286
31.326 1.2881
31.327 1.2934
31.328 1.29877
31.329 1.30419
31.33 1.30968
31.331 1.31522
31.332 1.32081
31.333 1.32645
31.334 1.33213
31.335 1.33786
31.336 1.34363
31.337 1.34942
31.338 1.35525
31.339 1.36111
31.34 1.36699
31.341 1.37289
31.342 1.37881
31.343 1.38474
31.344 1.39067
31.345 1.39662
31.346 1.40256
31.347 1.4085
31.348 1.41444
31.349 1.42037
31.35 1.42628
31.351 1.43218
31.352 1.43806
31.353 1.44392
31.354 1.44975
31.355 1.45556
31.356 1.46135
31.357 1.4671
31.358 1.47282
31.359 1.4785
31.36 1.48415
31.361 1.48976
31.362 1.49532
31.363 1.50085
31.364 1.50632
31.365 1.51175
31.366 1.51714
31.367 1.52246
31.368 1.52774
31.369 1.53296
31.37 1.53812
31.371 1.54322
31.372 1.54826
31.373 1.55324
31.374 1.55815
31.375 1.56299
31.376 1.56777
31.377 1.57247
31.378 1.5771
31.379 1.58166
31.38 1.58614
31.381 1.59054
31.382 1.59487
31.383 1.59912
31.384 1.60329
31.385 1.60738
31.386 1.61139
31.387 1.61532
31.388 1.61918
31.389 1.62295
31.39 1.62665
31.391 1.63026
31.392 1.6338
31.393 1.63725
31.394 1.64062
31.395 1.64391
31.396 1.64711
31.397 1.65022
31.398 1.65325
31.399 1.65619
31.4 1.65904
31.401 1.66179
31.402 1.66446
31.403 1.66705
31.404 1.66954
31.405 1.67194
31.406 1.67426
31.407 1.67648
31.408 1.67863
31.409 1.68068
31.41 1.68265
31.411 1.68454
31.412 1.68634
31.413 1.68805
31.414 1.68968
31.415 1.69123
31.416 1.69268
31.417 1.69405
31.418 1.69533
31.419 1.69653
31.42 1.69763
31.421 1.69865
31.422 1.69958
31.423 1.70042
31.424 1.70118
31.425 1.70184
31.426 1.70242
31.427 1.70291
31.428 1.70331
31.429 1.70363
31.43 1.70385
31.431 1.70399
31.432 1.70405
31.433 1.70402
31.434 1.7039
31.435 1.7037
31.436 1.70343
31.437 1.70308
31.438 1.70264
31.439 1.70214
31.44 1.70156
31.441 1.70091
31.442 1.70019
31.443 1.69941
31.444 1.69855
31.445 1.69764
31.446 1.69666
31.447 1.69562
31.448 1.69453
31.449 1.69337
31.45 1.69217
31.451 1.69091
31.452 1.6896
31.453 1.68823
31.454 1.68682
31.455 1.68536
31.456 1.68385
31.457 1.6823
31.458 1.6807
31.459 1.67905
31.46 1.67736
31.461 1.67562
31.462 1.67384
31.463 1.67202
31.464 1.67016
31.465 1.66826
31.466 1.66632
31.467 1.66434
31.468 1.66233
31.469 1.66028
31.47 1.65819
31.471 1.65608
31.472 1.65392
31.473 1.65174
31.474 1.64952
31.475 1.64726
31.476 1.64497
31.477 1.64265
31.478 1.64029
31.479 1.6379
31.48 1.63547
31.481 1.63301
31.482 1.63052
31.483 1.62799
31.484 1.62543
31.485 1.62285
31.486 1.62023
31.487 1.61759
31.488 1.61492
31.489 1.61222
31.49 1.6095
31.491 1.60676
31.492 1.604
31.493 1.60122
31.494 1.59841
31.495 1.59558
31.496 1.59273
31.497 1.58986
31.498 1.58697
31.499 1.58405
31.5 1.58111
31.501 1.57816
31.502 1.57518
31.503 1.57219
31.504 1.56918
31.505 1.56616
31.506 1.56314
31.507 1.56011
31.508 1.55708
31.509 1.55404
31.51 1.55101
31.511 1.54798
31.512 1.54496
31.513 1.54195
31.514 1.53896
31.515 1.53598
31.516 1.53301
31.517 1.53007
31.518 1.52715
31.519 1.52426
31.52 1.52139
31.521 1.51856
31.522 1.51576
31.523 1.51299
31.524 1.51025
31.525 1.50755
31.526 1.50489
31.527 1.50226
31.528 1.49968
31.529 1.49713
31.53 1.49463
31.531 1.49217
31.532 1.48975
31.533 1.48737
31.534 1.48504
31.535 1.48274
31.536 1.48049
31.537 1.47828
31.538 1.47611
31.539 1.47398
31.54 1.47189
31.541 1.46984
31.542 1.46784
31.543 1.46587
31.544 1.46393
31.545 1.46204
31.546 1.46019
31.547 1.45837
31.548 1.45659
31.549 1.45485
31.55 1.45314
31.551 1.45147
31.552 1.44984
31.553 1.44823
31.554 1.44666
31.555 1.44511
31.556 1.44359
31.557 1.4421
31.558 1.44063
31.559 1.43918
31.56 1.43775
31.561 1.43634
31.562 1.43494
31.563 1.43356
31.564 1.43219
31.565 1.43082
31.566 1.42947
31.567 1.42812
31.568 1.42678
31.569 1.42544
31.57 1.4241
31.571 1.42276
31.572 1.42142
31.573 1.42008
31.574 1.41873
31.575 1.41738
31.576 1.41602
31.577 1.41466
31.578 1.41329
31.579 1.41192
31.58 1.41054
31.581 1.40915
31.582 1.40775
31.583 1.40634
31.584 1.40492
31.585 1.40348
31.586 1.40202
31.587 1.40055
31.588 1.39905
31.589 1.39754
31.59 1.396
31.591 1.39443
31.592 1.39283
31.593 1.39121
31.594 1.38955
31.595 1.38786
31.596 1.38614
31.597 1.38438
31.598 1.38258
31.599 1.38074
31.6 1.37886
31.601 1.37693
31.602 1.37497
31.603 1.37295
31.604 1.3709
31.605 1.3688
31.606 1.36665
31.607 1.36446
31.608 1.36222
31.609 1.35994
31.61 1.35761
31.611 1.35523
31.612 1.35281
31.613 1.35033
31.614 1.3478
31.615 1.34521
31.616 1.34256
31.617 1.33985
31.618 1.33707
31.619 1.33423
31.62 1.33132
31.621 1.32833
31.622 1.32527
31.623 1.32214
31.624 1.31893
31.625 1.31565
31.626 1.31228
31.627 1.30884
31.628 1.30532
31.629 1.30172
31.63 1.29803
31.631 1.29426
31.632 1.29041
31.633 1.28647
31.634 1.28244
31.635 1.27832
31.636 1.27411
31.637 1.2698
31.638 1.2654
31.639 1.2609
31.64 1.25629
31.641 1.25159
31.642 1.24678
31.643 1.24187
31.644 1.23686
31.645 1.23174
31.646 1.22652
31.647 1.22119
31.648 1.21576
31.649 1.21023
31.65 1.20459
31.651 1.19885
31.652 1.193
31.653 1.18705
31.654 1.181
31.655 1.17485
31.656 1.1686
31.657 1.16226
31.658 1.15582
31.659 1.14928
31.66 1.14266
31.661 1.13594
31.662 1.12913
31.663 1.12223
31.664 1.11525
31.665 1.10817
31.666 1.10101
31.667 1.09375
31.668 1.08641
31.669 1.07899
31.67 1.07147
31.671 1.06388
31.672 1.05619
31.673 1.04843
31.674 1.04058
31.675 1.03264
31.676 1.02463
31.677 1.01654
31.678 1.00836
31.679 1.00011
31.68 0.991779
31.681 0.983372
31.682 0.974891
31.683 0.966338
31.684 0.957715
31.685 0.949025
31.686 0.940271
31.687 0.931454
31.688 0.922577
31.689 0.913642
31.69 0.904653
31.691 0.895611
31.692 0.886519
31.693 0.877381
31.694 0.868197
31.695 0.858972
31.696 0.849707
31.697 0.840405
31.698 0.831069
31.699 0.821702
31.7 0.812306
31.701 0.802884
31.702 0.793437
31.703 0.783967
31.704 0.774475
31.705 0.764962
31.706 0.755431
31.707 0.745883
31.708 0.736319
31.709 0.72674
31.71 0.717149
31.711 0.707547
31.712 0.697936
31.713 0.688319
31.714 0.678699
31.715 0.669079
31.716 0.659462
31.717 0.649849
31.718 0.640245
31.719 0.630651
31.72 0.621071
31.721 0.611507
31.722 0.60196
31.723 0.592432
31.724 0.582925
31.725 0.57344
31.726 0.563978
31.727 0.554541
31.728 0.54513
31.729 0.535746
31.73 0.526392
31.731 0.517068
31.732 0.507775
31.733 0.498516
31.734 0.48929
31.735 0.4801
31.736 0.470948
31.737 0.461833
31.738 0.452757
31.739 0.443722
31.74 0.434729
31.741 0.425779
31.742 0.416875
31.743 0.408018
31.744 0.399211
31.745 0.390456
31.746 0.381757
31.747 0.373114
31.748 0.364531
31.749 0.356009
31.75 0.347551
31.751 0.339159
31.752 0.330837
31.753 0.322587
31.754 0.314413
31.755 0.306319
31.756 0.298307
31.757 0.290381
31.758 0.282543
31.759 0.274798
31.76 0.267148
31.761 0.259595
31.762 0.252142
31.763 0.244787
31.764 0.237532
31.765 0.230376
31.766 0.223321
31.767 0.216367
31.768 0.209513
31.769 0.20276
31.77 0.196108
31.771 0.189558
31.772 0.183111
31.773 0.176771
31.774 0.170539
31.775 0.164418
31.776 0.158411
31.777 0.15252
31.778 0.146746
31.779 0.141093
31.78 0.135562
31.781 0.130154
31.782 0.124871
31.783 0.119711
31.784 0.114674
31.785 0.109759
31.786 0.104966
31.787 0.100293
31.788 0.0957406
31.789 0.0913072
31.79 0.0869921
31.791 0.0827944
31.792 0.0787131
31.793 0.0747471
31.794 0.0708953
31.795 0.0671567
31.796 0.0635299
31.797 0.0600139
31.798 0.0566072
31.799 0.0533087
31.8 0.0501168
31.801 0.0470303
31.802 0.0440476
31.803 0.0411672
31.804 0.0383877
31.805 0.0357073
31.806 0.0331245
31.807 0.0306377
31.808 0.028245
31.809 0.0259448
31.81 0.0237352
31.811 0.0216145
31.812 0.0195808
31.813 0.0176322
31.814 0.0157667
31.815 0.0139823
31.816 0.0122772
31.817 0.0106492
31.818 0.00909635
31.819 0.00761648
31.82 0.0062075
31.821 0.00486725
31.822 0.00359355
31.823 0.00238421
31.824 0.00123699
31.825 0.000149638
31.826 -0.00088013
31.827 -0.00185461
31.828 -0.00277612
31.829 -0.00364701
31.83 -0.00446964
31.831 -0.00524607
31.832 -0.00597775
31.833 -0.00666586
31.834 -0.00731157
31.835 -0.00791608
31.836 -0.00848061
31.837 -0.00900638
31.838 -0.00949465
31.839 -0.00994666
31.84 -0.0103637
31.841 -0.0107467
31.842 -0.0110961
31.843 -0.0114119
31.844 -0.0116941
31.845 -0.011943
31.846 -0.0121585
31.847 -0.0123407
31.848 -0.0124899
31.849 -0.0126061
31.85 -0.0126895
31.851 -0.0127406
31.852 -0.0127605
31.853 -0.0127507
31.854 -0.0127125
31.855 -0.0126474
31.856 -0.012557
31.857 -0.0124427
31.858 -0.012306
31.859 -0.0121484
31.86 -0.0119713
31.861 -0.0117761
31.862 -0.0115633
31.863 -0.0113331
31.864 -0.0110859
31.865 -0.0108219
31.866 -0.0105414
31.867 -0.0102447
31.868 -0.00993211
31.869 -0.00960394
31.87 -0.00926051
31.871 -0.00890213
31.872 -0.00852912
31.873 -0.00814182
31.874 -0.00774057
31.875 -0.0073257
31.876 -0.00689757
31.877 -0.00645652
31.878 -0.0060029
31.879 -0.00553708
31.88 -0.0050594
31.881 -0.00457025
31.882 -0.00406998
31.883 -0.00355896
31.884 -0.00303759
31.885 -0.00250623
31.886 -0.00196528
31.887 -0.00141513
31.888 -0.000856159
31.889 -0.000288766
31.89 0.000286656
31.891 0.0008694
31.892 0.00145813
31.893 0.00205119
31.894 0.00264692
31.895 0.00324369
31.896 0.00383983
31.897 0.0044337
31.898 0.00502365
31.899 0.00560803
31.9 0.00618521
31.901 0.00675386
31.902 0.0073133
31.903 0.00786316
31.904 0.00840306
31.905 0.00893266
31.906 0.0094516
31.907 0.00995952
31.908 0.0104561
31.909 0.0109409
31.91 0.0114138
31.911 0.0118742
31.912 0.012322
31.913 0.0127568
31.914 0.0131783
31.915 0.0135861
31.916 0.0139801
31.917 0.0143598
31.918 0.0147251
31.919 0.0150756
31.92 0.0154112
31.921 0.0157314
31.922 0.0160361
31.923 0.0163249
31.924 0.0165978
31.925 0.0168544
31.926 0.0170945
31.927 0.0173178
31.928 0.0175243
31.929 0.0177136
31.93 0.0178857
31.931 0.0180402
31.932 0.018177
31.933 0.018296
31.934 0.0183969
31.935 0.0184797
31.936 0.0185442
31.937 0.0185901
31.938 0.0186175
31.939 0.0186262
31.94 0.018616
31.941 0.0185875
31.942 0.0185425
31.943 0.0184833
31.944 0.0184125
31.945 0.0183324
31.946 0.0182454
31.947 0.018154
31.948 0.0180606
31.949 0.0179676
31.95 0.0178774
31.951 0.0177922
31.952 0.0177134
31.953 0.0176423
31.954 0.0175798
31.955 0.0175273
31.956 0.0174859
31.957 0.0174567
31.958 0.0174408
31.959 0.0174394
31.96 0.0174536
31.961 0.0174843
31.962 0.0175315
31.963 0.0175952
31.964 0.0176752
31.965 0.0177713
31.966 0.0178833
31.967 0.0180112
31.968 0.0181547
31.969 0.0183137
31.97 0.0184879
31.971 0.0186775
31.972 0.0188832
31.973 0.0191061
31.974 0.0193471
31.975 0.0196074
31.976 0.0198878
31.977 0.0201896
31.978 0.0205136
31.979 0.0208608
31.98 0.0212323
31.981 0.021629
31.982 0.0220519
31.983 0.0225019
31.984 0.0229799
31.985 0.023487
31.986 0.0240239
31.987 0.0245917
31.988 0.0251912
31.989 0.0258232
31.99 0.0264887
31.991 0.0271885
31.992 0.0279234
31.993 0.0286943
31.994 0.0295019
31.995 0.0303471
31.996 0.0312306
31.997 0.0321531
31.998 0.0331155
31.999 0.0341185
32 0.0351627
32.001 0.0362492
32.002 0.0373795
32.003 0.0385556
32.004 0.0397795
32.005 0.0410528
32.006 0.0423776
32.007 0.0437556
32.008 0.0451886
32.009 0.0466785
32.01 0.0482269
32.011 0.0498356
32.012 0.0515062
32.013 0.0532406
32.014 0.0550403
32.015 0.0569069
32.016 0.0588421
32.017 0.0608474
32.018 0.0629244
32.019 0.0650746
32.02 0.0672994
32.021 0.0696001
32.022 0.0719769
32.023 0.0744302
32.024 0.0769599
32.025 0.0795662
32.026 0.0822491
32.027 0.0850086
32.028 0.0878447
32.029 0.0907574
32.03 0.0937464
32.031 0.0968122
32.032 0.0999554
32.033 0.103177
32.034 0.106478
32.035 0.10986
32.036 0.113323
32.037 0.116869
32.038 0.120498
32.039 0.124212
32.04 0.12801
32.041 0.131895
32.042 0.135866
32.043 0.139924
32.044 0.144071
32.045 0.148306
32.046 0.152631
32.047 0.157046
32.048 0.161551
32.049 0.166148
32.05 0.170836
32.051 0.175615
32.052 0.180486
32.053 0.185447
32.054 0.190497
32.055 0.195636
32.056 0.200861
32.057 0.206174
32.058 0.211571
32.059 0.217053
32.06 0.222618
32.061 0.228265
32.062 0.233994
32.063 0.239804
32.064 0.245697
32.065 0.251672
32.066 0.257729
32.067 0.263867
32.068 0.270087
32.069 0.276388
32.07 0.282771
32.071 0.289234
32.072 0.295779
32.073 0.302403
32.074 0.309108
32.075 0.315892
32.076 0.322756
32.077 0.329699
32.078 0.33672
32.079 0.343819
32.08 0.350995
32.081 0.358248
32.082 0.365576
32.083 0.372976
32.084 0.380449
32.085 0.38799
32.086 0.395599
32.087 0.403273
32.088 0.41101
32.089 0.418808
32.09 0.426666
32.091 0.434582
32.092 0.442553
32.093 0.45058
32.094 0.458662
32.095 0.466797
32.096 0.474985
32.097 0.483225
32.098 0.491516
32.099 0.499856
32.1 0.508245
32.101 0.516681
32.102 0.525161
32.103 0.533682
32.104 0.54224
32.105 0.550831
32.106 0.559452
32.107 0.568099
32.108 0.576769
32.109 0.585457
32.11 0.594161
32.111 0.602876
32.112 0.611599
32.113 0.620327
32.114 0.629055
32.115 0.63778
32.116 0.646498
32.117 0.655206
32.118 0.6639
32.119 0.672576
32.12 0.681231
32.121 0.689862
32.122 0.698463
32.123 0.707033
32.124 0.715568
32.125 0.724063
32.126 0.732515
32.127 0.740922
32.128 0.749279
32.129 0.757582
32.13 0.76583
32.131 0.774017
32.132 0.782141
32.133 0.790198
32.134 0.798185
32.135 0.806099
32.136 0.813937
32.137 0.821694
32.138 0.829369
32.139 0.836957
32.14 0.844456
32.141 0.851864
32.142 0.859177
32.143 0.866394
32.144 0.873514
32.145 0.880534
32.146 0.887454
32.147 0.894271
32.148 0.900984
32.149 0.907592
32.15 0.914093
32.151 0.920486
32.152 0.926771
32.153 0.932947
32.154 0.939015
32.155 0.944975
32.156 0.950826
32.157 0.956569
32.158 0.962205
32.159 0.967732
32.16 0.973152
32.161 0.978466
32.162 0.983672
32.163 0.988772
32.164 0.993766
32.165 0.998654
32.166 1.00344
32.167 1.00812
32.168 1.01269
32.169 1.01717
32.17 1.02154
32.171 1.02581
32.172 1.02997
32.173 1.03404
32.174 1.03801
32.175 1.04188
32.176 1.04566
32.177 1.04934
32.178 1.05292
32.179 1.05641
32.18 1.0598
32.181 1.06311
32.182 1.06632
32.183 1.06944
32.184 1.07247
32.185 1.07541
32.186 1.07826
32.187 1.08101
32.188 1.08367
32.189 1.08625
32.19 1.08873
32.191 1.09112
32.192 1.09342
32.193 1.09563
32.194 1.09774
32.195 1.09976
32.196 1.10169
32.197 1.10352
32.198 1.10525
32.199 1.10689
32.2 1.10843
32.201 1.10987
32.202 1.11122
32.203 1.11246
32.204 1.1136
32.205 1.11463
32.206 1.11556
32.207 1.11638
32.208 1.11709
32.209 1.11769
32.21 1.11817
32.211 1.11855
32.212 1.11881
32.213 1.11896
32.214 1.119
32.215 1.11894
32.216 1.11876
32.217 1.11848
32.218 1.1181
32.219 1.11761
32.22 1.11703
32.221 1.11634
32.222 1.11555
32.223 1.11466
32.224 1.11368
32.225 1.1126
32.226 1.11142
32.227 1.11014
32.228 1.10877
32.229 1.10731
32.23 1.10574
32.231 1.10409
32.232 1.10234
32.233 1.1005
32.234 1.09858
32.235 1.09657
32.236 1.09447
32.237 1.0923
32.238 1.09004
32.239 1.08771
32.24 1.0853
32.241 1.08283
32.242 1.08028
32.243 1.07766
32.244 1.07498
32.245 1.07224
32.246 1.06944
32.247 1.06658
32.248 1.06366
32.249 1.06069
32.25 1.05768
32.251 1.05461
32.252 1.0515
32.253 1.04835
32.254 1.04515
32.255 1.04192
32.256 1.03866
32.257 1.03536
32.258 1.03204
32.259 1.02869
32.26 1.02531
32.261 1.02192
32.262 1.0185
32.263 1.01507
32.264 1.01162
32.265 1.00815
32.266 1.00467
32.267 1.00118
32.268 0.997678
32.269 0.994166
32.27 0.990647
32.271 0.987121
32.272 0.98359
32.273 0.980056
32.274 0.97652
32.275 0.972984
32.276 0.969449
32.277 0.965917
32.278 0.962389
32.279 0.958866
32.28 0.955351
32.281 0.951844
32.282 0.948347
32.283 0.944861
32.284 0.941389
32.285 0.937931
32.286 0.934488
32.287 0.931063
32.288 0.927657
32.289 0.924271
32.29 0.920906
32.291 0.917565
32.292 0.914249
32.293 0.910961
32.294 0.907705
32.295 0.904481
32.296 0.901294
32.297 0.898145
32.298 0.895037
32.299 0.891973
32.3 0.888956
32.301 0.885986
32.302 0.883068
32.303 0.880204
32.304 0.877395
32.305 0.874645
32.306 0.871956
32.307 0.86933
32.308 0.866769
32.309 0.864276
32.31 0.861852
32.311 0.859501
32.312 0.857225
32.313 0.855025
32.314 0.852903
32.315 0.850863
32.316 0.848905
32.317 0.847032
32.318 0.845246
32.319 0.843549
32.32 0.841942
32.321 0.840428
32.322 0.839008
32.323 0.837684
32.324 0.836459
32.325 0.835333
32.326 0.834308
32.327 0.833386
32.328 0.832569
32.329 0.831858
32.33 0.831254
32.331 0.830759
32.332 0.830375
32.333 0.830102
32.334 0.829943
32.335 0.829897
32.336 0.829967
32.337 0.830154
32.338 0.830458
32.339 0.830881
32.34 0.831424
32.341 0.832087
32.342 0.83287
32.343 0.833774
32.344 0.834797
32.345 0.835939
32.346 0.837199
32.347 0.838577
32.348 0.840073
32.349 0.841685
32.35 0.843413
32.351 0.845256
32.352 0.847214
32.353 0.849289
32.354 0.851479
32.355 0.853786
32.356 0.856209
32.357 0.858749
32.358 0.861405
32.359 0.864179
32.36 0.86707
32.361 0.870077
32.362 0.8732
32.363 0.876437
32.364 0.879786
32.365 0.883247
32.366 0.886818
32.367 0.890497
32.368 0.894283
32.369 0.898173
32.37 0.902167
32.371 0.906263
32.372 0.910458
32.373 0.914751
32.374 0.919141
32.375 0.923624
32.376 0.9282
32.377 0.932866
32.378 0.937621
32.379 0.942462
32.38 0.947387
32.381 0.952394
32.382 0.957483
32.383 0.962652
32.384 0.9679
32.385 0.973227
32.386 0.978631
32.387 0.984111
32.388 0.989667
32.389 0.995296
32.39 1.001
32.391 1.00677
32.392 1.01262
32.393 1.01853
32.394 1.02452
32.395 1.03056
32.396 1.03668
32.397 1.04286
32.398 1.0491
32.399 1.0554
32.4 1.06177
32.401 1.06819
32.402 1.07467
32.403 1.0812
32.404 1.08779
32.405 1.09444
32.406 1.10113
32.407 1.10787
32.408 1.11466
32.409 1.1215
32.41 1.12838
32.411 1.13531
32.412 1.14227
32.413 1.14928
32.414 1.15633
32.415 1.16341
32.416 1.17052
32.417 1.17767
32.418 1.18485
32.419 1.19207
32.42 1.1993
32.421 1.20657
32.422 1.21386
32.423 1.22117
32.424 1.2285
32.425 1.23586
32.426 1.24322
32.427 1.25061
32.428 1.25801
32.429 1.26542
32.43 1.27284
32.431 1.28027
32.432 1.28771
32.433 1.29515
32.434 1.30259
32.435 1.31004
32.436 1.31748
32.437 1.32492
32.438 1.33236
32.439 1.33979
32.44 1.34722
32.441 1.35463
32.442 1.36203
32.443 1.36942
32.444 1.37679
32.445 1.38414
32.446 1.39146
32.447 1.39875
32.448 1.40602
32.449 1.41325
32.45 1.42045
32.451 1.4276
32.452 1.43472
32.453 1.4418
32.454 1.44883
32.455 1.45581
32.456 1.46275
32.457 1.46964
32.458 1.47649
32.459 1.48328
32.46 1.49001
32.461 1.4967
32.462 1.50333
32.463 1.5099
32.464 1.51641
32.465 1.52287
32.466 1.52927
32.467 1.5356
32.468 1.54187
32.469 1.54808
32.47 1.55422
32.471 1.56029
32.472 1.5663
32.473 1.57224
32.474 1.57811
32.475 1.58391
32.476 1.58964
32.477 1.5953
32.478 1.60088
32.479 1.60639
32.48 1.61183
32.481 1.61719
32.482 1.62248
32.483 1.62768
32.484 1.63281
32.485 1.63787
32.486 1.64284
32.487 1.64773
32.488 1.65255
32.489 1.65728
32.49 1.66194
32.491 1.66651
32.492 1.671
32.493 1.67541
32.494 1.67974
32.495 1.68398
32.496 1.68814
32.497 1.69222
32.498 1.69622
32.499 1.70013
32.5 1.70397
32.501 1.70771
32.502 1.71138
32.503 1.71495
32.504 1.71844
32.505 1.72185
32.506 1.72516
32.507 1.72838
32.508 1.73152
32.509 1.73456
32.51 1.7375
32.511 1.74036
32.512 1.74312
32.513 1.74578
32.514 1.74836
32.515 1.75084
32.516 1.75323
32.517 1.75553
32.518 1.75774
32.519 1.75986
32.52 1.76189
32.521 1.76383
32.522 1.76568
32.523 1.76744
32.524 1.76912
32.525 1.7707
32.526 1.77219
32.527 1.7736
32.528 1.77491
32.529 1.77613
32.53 1.77726
32.531 1.7783
32.532 1.77925
32.533 1.78011
32.534 1.78088
32.535 1.78156
32.536 1.78216
32.537 1.78268
32.538 1.78311
32.539 1.78346
32.54 1.78373
32.541 1.78393
32.542 1.78404
32.543 1.78408
32.544 1.78404
32.545 1.78392
32.546 1.78373
32.547 1.78346
32.548 1.78311
32.549 1.78269
32.55 1.7822
32.551 1.78162
32.552 1.78098
32.553 1.78026
32.554 1.77947
32.555 1.77861
32.556 1.77767
32.557 1.77666
32.558 1.77559
32.559 1.77444
32.56 1.77323
32.561 1.77195
32.562 1.7706
32.563 1.76918
32.564 1.76769
32.565 1.76613
32.566 1.7645
32.567 1.76281
32.568 1.76104
32.569 1.7592
32.57 1.75729
32.571 1.75531
32.572 1.75326
32.573 1.75114
32.574 1.74896
32.575 1.74671
32.576 1.74439
32.577 1.74201
32.578 1.73956
32.579 1.73706
32.58 1.73449
32.581 1.73187
32.582 1.72918
32.583 1.72644
32.584 1.72364
32.585 1.72078
32.586 1.71786
32.587 1.71488
32.588 1.71185
32.589 1.70876
32.59 1.70561
32.591 1.7024
32.592 1.69914
32.593 1.69582
32.594 1.69244
32.595 1.68901
32.596 1.68553
32.597 1.68198
32.598 1.67839
32.599 1.67474
32.6 1.67103
32.601 1.66727
32.602 1.66346
32.603 1.65959
32.604 1.65567
32.605 1.65169
32.606 1.64766
32.607 1.64356
32.608 1.63941
32.609 1.6352
32.61 1.63093
32.611 1.62661
32.612 1.62222
32.613 1.61777
32.614 1.61325
32.615 1.60868
32.616 1.60405
32.617 1.59935
32.618 1.59459
32.619 1.58976
32.62 1.58487
32.621 1.57992
32.622 1.57491
32.623 1.56983
32.624 1.56469
32.625 1.55949
32.626 1.55423
32.627 1.54892
32.628 1.54355
32.629 1.53812
32.63 1.53263
32.631 1.5271
32.632 1.52151
32.633 1.51587
32.634 1.51018
32.635 1.50444
32.636 1.49865
32.637 1.49282
32.638 1.48694
32.639 1.48102
32.64 1.47506
32.641 1.46905
32.642 1.46301
32.643 1.45692
32.644 1.4508
32.645 1.44463
32.646 1.43842
32.647 1.43217
32.648 1.42589
32.649 1.41956
32.65 1.41319
32.651 1.40678
32.652 1.40034
32.653 1.39386
32.654 1.38736
32.655 1.38082
32.656 1.37426
32.657 1.36767
32.658 1.36107
32.659 1.35445
32.66 1.34781
32.661 1.34116
32.662 1.3345
32.663 1.32783
32.664 1.32115
32.665 1.31446
32.666 1.30776
32.667 1.30105
32.668 1.29433
32.669 1.2876
32.67 1.28086
32.671 1.27411
32.672 1.26736
32.673 1.2606
32.674 1.25384
32.675 1.24708
32.676 1.24032
32.677 1.23355
32.678 1.22679
32.679 1.22004
32.68 1.21329
32.681 1.20655
32.682 1.19981
32.683 1.19309
32.684 1.18637
32.685 1.17966
32.686 1.17296
32.687 1.16627
32.688 1.15959
32.689 1.15292
32.69 1.14626
32.691 1.13961
32.692 1.13297
32.693 1.12635
32.694 1.11974
32.695 1.11315
32.696 1.10657
32.697 1.10002
32.698 1.09348
32.699 1.08697
32.7 1.08049
32.701 1.07402
32.702 1.06759
32.703 1.06118
32.704 1.05479
32.705 1.04843
32.706 1.0421
32.707 1.03579
32.708 1.02951
32.709 1.02326
32.71 1.01703
32.711 1.01083
32.712 1.00466
32.713 0.99852
32.714 0.992409
32.715 0.986329
32.716 0.980282
32.717 0.97427
32.718 0.968294
32.719 0.962354
32.72 0.956452
32.721 0.95059
32.722 0.944768
32.723 0.938988
32.724 0.93325
32.725 0.927557
32.726 0.921908
32.727 0.916305
32.728 0.91075
32.729 0.905242
32.73 0.899784
32.731 0.894376
32.732 0.889019
32.733 0.883714
32.734 0.878462
32.735 0.873264
32.736 0.868121
32.737 0.863033
32.738 0.858002
32.739 0.853028
32.74 0.848112
32.741 0.843255
32.742 0.838456
32.743 0.833715
32.744 0.829031
32.745 0.824404
32.746 0.819833
32.747 0.815317
32.748 0.810856
32.749 0.806449
32.75 0.802095
32.751 0.797794
32.752 0.793545
32.753 0.789347
32.754 0.7852
32.755 0.781101
32.756 0.777052
32.757 0.77305
32.758 0.769096
32.759 0.765187
32.76 0.761324
32.761 0.757505
32.762 0.75373
32.763 0.749996
32.764 0.746305
32.765 0.742653
32.766 0.739041
32.767 0.735467
32.768 0.731931
32.769 0.728431
32.77 0.724966
32.771 0.721536
32.772 0.718141
32.773 0.714784
32.774 0.711464
32.775 0.708184
32.776 0.704946
32.777 0.701749
32.778 0.698596
32.779 0.695488
32.78 0.692426
32.781 0.689412
32.782 0.686444
32.783 0.683524
32.784 0.680651
32.785 0.677826
32.786 0.675047
32.787 0.672316
32.788 0.669631
32.789 0.666992
32.79 0.6644
32.791 0.661855
32.792 0.659355
32.793 0.656901
32.794 0.654493
32.795 0.652129
32.796 0.649811
32.797 0.647537
32.798 0.645308
32.799 0.643122
32.8 0.64098
32.801 0.63888
32.802 0.636822
32.803 0.634804
32.804 0.632824
32.805 0.63088
32.806 0.62897
32.807 0.627094
32.808 0.625249
32.809 0.623433
32.81 0.621644
32.811 0.619882
32.812 0.618143
32.813 0.616427
32.814 0.614731
32.815 0.613053
32.816 0.611392
32.817 0.609746
32.818 0.608114
32.819 0.606492
32.82 0.60488
32.821 0.603275
32.822 0.601676
32.823 0.60008
32.824 0.598487
32.825 0.596893
32.826 0.595298
32.827 0.593699
32.828 0.592095
32.829 0.590484
32.83 0.588863
32.831 0.587231
32.832 0.585585
32.833 0.583921
32.834 0.582238
32.835 0.580531
32.836 0.578798
32.837 0.577035
32.838 0.57524
32.839 0.57341
32.84 0.571541
32.841 0.569631
32.842 0.567678
32.843 0.565681
32.844 0.563637
32.845 0.561545
32.846 0.559403
32.847 0.55721
32.848 0.554964
32.849 0.552664
32.85 0.550308
32.851 0.547894
32.852 0.545421
32.853 0.542888
32.854 0.540294
32.855 0.537636
32.856 0.534913
32.857 0.532125
32.858 0.529269
32.859 0.526344
32.86 0.52335
32.861 0.520285
32.862 0.517149
32.863 0.513942
32.864 0.510664
32.865 0.507316
32.866 0.503897
32.867 0.500407
32.868 0.496848
32.869 0.493218
32.87 0.489519
32.871 0.48575
32.872 0.481911
32.873 0.478001
32.874 0.474019
32.875 0.469964
32.876 0.465835
32.877 0.461632
32.878 0.457354
32.879 0.453
32.88 0.448569
32.881 0.444062
32.882 0.439476
32.883 0.434812
32.884 0.430069
32.885 0.425247
32.886 0.420344
32.887 0.415362
32.888 0.410298
32.889 0.405153
32.89 0.399927
32.891 0.394618
32.892 0.389224
32.893 0.383743
32.894 0.378171
32.895 0.372507
32.896 0.366747
32.897 0.360889
32.898 0.354931
32.899 0.348869
32.9 0.342701
32.901 0.336425
32.902 0.330039
32.903 0.323539
32.904 0.316925
32.905 0.310193
32.906 0.303341
32.907 0.296367
32.908 0.28927
32.909 0.282046
32.91 0.274694
32.911 0.267213
32.912 0.259599
32.913 0.251852
32.914 0.243969
32.915 0.235948
32.916 0.227789
32.917 0.219489
32.918 0.211047
32.919 0.202461
32.92 0.19373
32.921 0.184853
32.922 0.175829
32.923 0.166658
32.924 0.157341
32.925 0.147877
32.926 0.138266
32.927 0.128509
32.928 0.118606
32.929 0.108557
32.93 0.0983622
32.931 0.0880227
32.932 0.0775385
32.933 0.0669103
32.934 0.0561385
32.935 0.0452238
32.936 0.0341669
32.937 0.0229685
32.938 0.0116293
32.939 0.000150223
32.94 -0.0114679
32.941 -0.0232242
32.942 -0.0351176
32.943 -0.0471472
32.944 -0.0593118
32.945 -0.0716104
32.946 -0.0840418
32.947 -0.0966047
32.948 -0.109298
32.949 -0.12212
32.95 -0.13507
32.951 -0.148147
32.952 -0.161348
32.953 -0.174673
32.954 -0.188119
32.955 -0.201686
32.956 -0.215372
32.957 -0.229176
32.958 -0.243094
32.959 -0.257127
32.96 -0.271272
32.961 -0.285528
32.962 -0.299893
32.963 -0.314368
32.964 -0.328952
32.965 -0.343644
32.966 -0.358443
32.967 -0.37335
32.968 -0.388362
32.969 -0.40348
32.97 -0.418703
32.971 -0.434029
32.972 -0.449457
32.973 -0.464985
32.974 -0.48061
32.975 -0.496331
32.976 -0.512146
32.977 -0.528051
32.978 -0.544045
32.979 -0.560127
32.98 -0.576293
32.981 -0.592541
32.982 -0.608869
32.983 -0.625275
32.984 -0.641757
32.985 -0.658312
32.986 -0.674938
32.987 -0.691632
32.988 -0.708394
32.989 -0.725219
32.99 -0.742106
32.991 -0.759052
32.992 -0.776054
32.993 -0.793108
32.994 -0.810211
32.995 -0.82736
32.996 -0.84455
32.997 -0.861778
32.998 -0.879041
32.999 -0.896335
33 -0.913657
33.001 -0.931002
33.002 -0.948366
33.003 -0.965746
33.004 -0.983135
33.005 -1.00053
33.006 -1.01792
33.007 -1.03532
33.008 -1.0527
33.009 -1.07007
33.01 -1.08742
33.011 -1.10475
33.012 -1.12205
33.013 -1.13932
33.014 -1.15655
33.015 -1.17373
33.016 -1.19086
33.017 -1.20794
33.018 -1.22496
33.019 -1.24191
33.02 -1.25878
33.021 -1.27558
33.022 -1.2923
33.023 -1.30892
33.024 -1.32544
33.025 -1.34185
33.026 -1.35815
33.027 -1.37432
33.028 -1.39037
33.029 -1.40628
33.03 -1.42204
33.031 -1.43765
33.032 -1.4531
33.033 -1.46838
33.034 -1.4835
33.035 -1.49843
33.036 -1.51318
33.037 -1.52773
33.038 -1.54208
33.039 -1.55623
33.04 -1.57017
33.041 -1.58389
33.042 -1.59738
33.043 -1.61064
33.044 -1.62366
33.045 -1.63644
33.046 -1.64896
33.047 -1.66122
33.048 -1.67321
33.049 -1.68493
33.05 -1.69637
33.051 -1.70752
33.052 -1.71838
33.053 -1.72894
33.054 -1.73919
33.055 -1.74914
33.056 -1.75876
33.057 -1.76807
33.058 -1.77705
33.059 -1.7857
33.06 -1.794
33.061 -1.80197
33.062 -1.80959
33.063 -1.81686
33.064 -1.82378
33.065 -1.83034
33.066 -1.83654
33.067 -1.84237
33.068 -1.84785
33.069 -1.85295
33.07 -1.85768
33.071 -1.86204
33.072 -1.86603
33.073 -1.86964
33.074 -1.87286
33.075 -1.87571
33.076 -1.87818
33.077 -1.88025
33.078 -1.88195
33.079 -1.88325
33.08 -1.88417
33.081 -1.8847
33.082 -1.88484
33.083 -1.88458
33.084 -1.88394
33.085 -1.8829
33.086 -1.88147
33.087 -1.87965
33.088 -1.87743
33.089 -1.87482
33.09 -1.87182
33.091 -1.86843
33.092 -1.86465
33.093 -1.86047
33.094 -1.85591
33.095 -1.85095
33.096 -1.84561
33.097 -1.83988
33.098 -1.83377
33.099 -1.82727
33.1 -1.8204
33.101 -1.81314
33.102 -1.8055
33.103 -1.79748
33.104 -1.78908
33.105 -1.78031
33.106 -1.77116
33.107 -1.76163
33.108 -1.75173
33.109 -1.74146
33.11 -1.73082
33.111 -1.71982
33.112 -1.70844
33.113 -1.6967
33.114 -1.6846
33.115 -1.67214
33.116 -1.65932
33.117 -1.64615
33.118 -1.63263
33.119 -1.61875
33.12 -1.60453
33.121 -1.58997
33.122 -1.57507
33.123 -1.55983
33.124 -1.54426
33.125 -1.52837
33.126 -1.51216
33.127 -1.49563
33.128 -1.47879
33.129 -1.46165
33.13 -1.44421
33.131 -1.42647
33.132 -1.40844
33.133 -1.39013
33.134 -1.37154
33.135 -1.35267
33.136 -1.33352
33.137 -1.31411
33.138 -1.29444
33.139 -1.27451
33.14 -1.25433
33.141 -1.2339
33.142 -1.21322
33.143 -1.19232
33.144 -1.17118
33.145 -1.14982
33.146 -1.12825
33.147 -1.10647
33.148 -1.08449
33.149 -1.06232
33.15 -1.03996
33.151 -1.01741
33.152 -0.994697
33.153 -0.971813
33.154 -0.948766
33.155 -0.925562
33.156 -0.902209
33.157 -0.878711
33.158 -0.855076
33.159 -0.83131
33.16 -0.807418
33.161 -0.783407
33.162 -0.759284
33.163 -0.735055
33.164 -0.710727
33.165 -0.686305
33.166 -0.661797
33.167 -0.637209
33.168 -0.612547
33.169 -0.587818
33.17 -0.56303
33.171 -0.538187
33.172 -0.513296
33.173 -0.488363
33.174 -0.463392
33.175 -0.438389
33.176 -0.41336
33.177 -0.388309
33.178 -0.363244
33.179 -0.338168
33.18 -0.313087
33.181 -0.288007
33.182 -0.262934
33.183 -0.237872
33.184 -0.212827
33.185 -0.187805
33.186 -0.162811
33.187 -0.13785
33.188 -0.112927
33.189 -0.088049
33.19 -0.0632198
33.191 -0.0384455
33.192 -0.0137322
33.193 0.0109135
33.194 0.0354854
33.195 0.0599769
33.196 0.0843817
33.197 0.108694
33.198 0.132906
33.199 0.157014
33.2 0.181009
33.201 0.204887
33.202 0.228642
33.203 0.252267
33.204 0.275756
33.205 0.299105
33.206 0.322306
33.207 0.345354
33.208 0.368244
33.209 0.390971
33.21 0.413528
33.211 0.43591
33.212 0.458109
33.213 0.480119
33.214 0.501931
33.215 0.523538
33.216 0.544933
33.217 0.566108
33.218 0.587057
33.219 0.607771
33.22 0.628246
33.221 0.648472
33.222 0.668447
33.223 0.688162
33.224 0.707615
33.225 0.726799
33.226 0.745711
33.227 0.764344
33.228 0.782694
33.229 0.800758
33.23 0.81853
33.231 0.836005
33.232 0.853179
33.233 0.870044
33.234 0.886593
33.235 0.902822
33.236 0.918724
33.237 0.934293
33.238 0.949523
33.239 0.96441
33.24 0.978947
33.241 0.993129
33.242 1.00695
33.243 1.02042
33.244 1.03351
33.245 1.04624
33.246 1.0586
33.247 1.07058
33.248 1.08219
33.249 1.09341
33.25 1.10426
33.251 1.11471
33.252 1.12479
33.253 1.13447
33.254 1.14376
33.255 1.15266
33.256 1.16117
33.257 1.16928
33.258 1.177
33.259 1.18432
33.26 1.19125
33.261 1.19777
33.262 1.2039
33.263 1.20963
33.264 1.21496
33.265 1.21989
33.266 1.22443
33.267 1.22857
33.268 1.23231
33.269 1.23566
33.27 1.23861
33.271 1.24116
33.272 1.24333
33.273 1.2451
33.274 1.24648
33.275 1.24747
33.276 1.24808
33.277 1.24831
33.278 1.24815
33.279 1.24761
33.28 1.2467
33.281 1.24541
33.282 1.24375
33.283 1.24172
33.284 1.23932
33.285 1.23657
33.286 1.23345
33.287 1.22998
33.288 1.22615
33.289 1.22198
33.29 1.21746
33.291 1.21261
33.292 1.20742
33.293 1.20189
33.294 1.19604
33.295 1.18986
33.296 1.18337
33.297 1.17657
33.298 1.16945
33.299 1.16203
33.3 1.15432
33.301 1.1463
33.302 1.13801
33.303 1.12942
33.304 1.12056
33.305 1.11141
33.306 1.102
33.307 1.09232
33.308 1.08238
33.309 1.07218
33.31 1.06172
33.311 1.05102
33.312 1.04008
33.313 1.02889
33.314 1.01748
33.315 1.00583
33.316 0.99397
33.317 0.981889
33.318 0.969596
33.319 0.957099
33.32 0.944401
33.321 0.93151
33.322 0.91843
33.323 0.905168
33.324 0.891729
33.325 0.87812
33.326 0.864346
33.327 0.850414
33.328 0.83633
33.329 0.8221
33.33 0.80773
33.331 0.793226
33.332 0.778597
33.333 0.76385
33.334 0.748991
33.335 0.73403
33.336 0.718974
33.337 0.70383
33.338 0.688606
33.339 0.673311
33.34 0.657951
33.341 0.642535
33.342 0.62707
33.343 0.611565
33.344 0.596027
33.345 0.580464
33.346 0.564884
33.347 0.549295
33.348 0.533704
33.349 0.51812
33.35 0.502549
33.351 0.487001
33.352 0.471483
33.353 0.456002
33.354 0.440567
33.355 0.425184
33.356 0.409863
33.357 0.394609
33.358 0.379432
33.359 0.364338
33.36 0.349335
33.361 0.334431
33.362 0.319633
33.363 0.304948
33.364 0.290383
33.365 0.275947
33.366 0.261646
33.367 0.247487
33.368 0.233478
33.369 0.219625
33.37 0.205935
33.371 0.192416
33.372 0.179075
33.373 0.16592
33.374 0.15296
33.375 0.140201
33.376 0.127652
33.377 0.11532
33.378 0.103213
33.379 0.0913381
33.38 0.0797026
33.381 0.0683135
33.382 0.0571769
33.383 0.0462986
33.384 0.0356842
33.385 0.0253392
33.386 0.015269
33.387 0.00547885
33.388 -0.00402602
33.389 -0.0132406
33.39 -0.02216
33.391 -0.0307791
33.392 -0.0390923
33.393 -0.0470939
33.394 -0.0547781
33.395 -0.0621395
33.396 -0.0691727
33.397 -0.0758725
33.398 -0.0822338
33.399 -0.0882516
33.4 -0.0939212
33.401 -0.0992384
33.402 -0.104201
33.403 -0.108806
33.404 -0.113054
33.405 -0.116941
33.406 -0.120466
33.407 -0.12363
33.408 -0.126429
33.409 -0.128864
33.41 -0.130933
33.411 -0.132636
33.412 -0.133971
33.413 -0.134937
33.414 -0.135532
33.415 -0.135754
33.416 -0.135604
33.417 -0.135079
33.418 -0.13418
33.419 -0.132904
33.42 -0.131253
33.421 -0.129225
33.422 -0.126821
33.423 -0.12404
33.424 -0.120882
33.425 -0.117348
33.426 -0.113439
33.427 -0.109154
33.428 -0.104495
33.429 -0.099463
33.43 -0.0940584
33.431 -0.0882827
33.432 -0.0821373
33.433 -0.0756238
33.434 -0.0687439
33.435 -0.0614994
33.436 -0.0538923
33.437 -0.0459248
33.438 -0.0375991
33.439 -0.0289178
33.44 -0.0198835
33.441 -0.0104991
33.442 -0.000768627
33.443 0.00930374
33.444 0.0197136
33.445 0.0304562
33.446 0.0415271
33.447 0.0529213
33.448 0.0646339
33.449 0.0766598
33.45 0.0889938
33.451 0.101631
33.452 0.114566
33.453 0.127796
33.454 0.141315
33.455 0.155119
33.456 0.169204
33.457 0.183564
33.458 0.198195
33.459 0.213092
33.46 0.228249
33.461 0.243661
33.462 0.259323
33.463 0.27523
33.464 0.291376
33.465 0.307754
33.466 0.324361
33.467 0.341189
33.468 0.358233
33.469 0.375487
33.47 0.392944
33.471 0.4106
33.472 0.428446
33.473 0.446478
33.474 0.464688
33.475 0.483071
33.476 0.50162
33.477 0.520327
33.478 0.539188
33.479 0.558194
33.48 0.57734
33.481 0.596618
33.482 0.616022
33.483 0.635545
33.484 0.655179
33.485 0.674919
33.486 0.694756
33.487 0.714685
33.488 0.734698
33.489 0.754788
33.49 0.774948
33.491 0.795171
33.492 0.815451
33.493 0.835783
33.494 0.85616
33.495 0.876576
33.496 0.897027
33.497 0.917505
33.498 0.938006
33.499 0.958522
33.5 0.97905
33.501 0.999582
33.502 1.02011
33.503 1.04064
33.504 1.06115
33.505 1.08164
33.506 1.10211
33.507 1.12255
33.508 1.14296
33.509 1.16332
33.51 1.18364
33.511 1.2039
33.512 1.22411
33.513 1.24425
33.514 1.26432
33.515 1.28432
33.516 1.30422
33.517 1.32404
33.518 1.34376
33.519 1.36337
33.52 1.38288
33.521 1.40227
33.522 1.42153
33.523 1.44067
33.524 1.45968
33.525 1.47854
33.526 1.49726
33.527 1.51583
33.528 1.53424
33.529 1.55248
33.53 1.57056
33.531 1.58847
33.532 1.6062
33.533 1.62374
33.534 1.6411
33.535 1.65826
33.536 1.67523
33.537 1.69199
33.538 1.70855
33.539 1.72489
33.54 1.74102
33.541 1.75692
33.542 1.77261
33.543 1.78806
33.544 1.80328
33.545 1.81827
33.546 1.83301
33.547 1.84751
33.548 1.86177
33.549 1.87577
33.55 1.88953
33.551 1.90302
33.552 1.91626
33.553 1.92923
33.554 1.94194
33.555 1.95438
33.556 1.96656
33.557 1.97846
33.558 1.99008
33.559 2.00143
33.56 2.01251
33.561 2.0233
33.562 2.03381
33.563 2.04404
33.564 2.05399
33.565 2.06366
33.566 2.07305
33.567 2.08216
33.568 2.09099
33.569 2.09954
33.57 2.10781
33.571 2.1158
33.572 2.12351
33.573 2.13094
33.574 2.1381
33.575 2.14498
33.576 2.15159
33.577 2.15793
33.578 2.164
33.579 2.16979
33.58 2.17532
33.581 2.18059
33.582 2.18558
33.583 2.19032
33.584 2.19479
33.585 2.19899
33.586 2.20294
33.587 2.20662
33.588 2.21005
33.589 2.21321
33.59 2.21612
33.591 2.21878
33.592 2.22118
33.593 2.22333
33.594 2.22524
33.595 2.2269
33.596 2.22833
33.597 2.22951
33.598 2.23047
33.599 2.23119
33.6 2.23169
33.601 2.23196
33.602 2.23202
33.603 2.23185
33.604 2.23146
33.605 2.23086
33.606 2.23004
33.607 2.22901
33.608 2.22777
33.609 2.22631
33.61 2.22465
33.611 2.22278
33.612 2.2207
33.613 2.21842
33.614 2.21594
33.615 2.21326
33.616 2.21039
33.617 2.20732
33.618 2.20406
33.619 2.20061
33.62 2.19697
33.621 2.19315
33.622 2.18915
33.623 2.18496
33.624 2.18061
33.625 2.17608
33.626 2.17137
33.627 2.1665
33.628 2.16147
33.629 2.15627
33.63 2.15092
33.631 2.14541
33.632 2.13975
33.633 2.13394
33.634 2.12799
33.635 2.1219
33.636 2.11568
33.637 2.10933
33.638 2.10285
33.639 2.09626
33.64 2.08955
33.641 2.08274
33.642 2.07581
33.643 2.06879
33.644 2.06166
33.645 2.05444
33.646 2.04713
33.647 2.03973
33.648 2.03224
33.649 2.02468
33.65 2.01703
33.651 2.00932
33.652 2.00154
33.653 1.99369
33.654 1.98578
33.655 1.97782
33.656 1.96982
33.657 1.96177
33.658 1.95368
33.659 1.94556
33.66 1.93741
33.661 1.92924
33.662 1.92105
33.663 1.91284
33.664 1.90463
33.665 1.8964
33.666 1.88817
33.667 1.87994
33.668 1.87172
33.669 1.8635
33.67 1.85529
33.671 1.8471
33.672 1.83893
33.673 1.83078
33.674 1.82265
33.675 1.81456
33.676 1.8065
33.677 1.79847
33.678 1.79048
33.679 1.78254
33.68 1.77465
33.681 1.76681
33.682 1.75902
33.683 1.75129
33.684 1.74362
33.685 1.73601
33.686 1.72847
33.687 1.72101
33.688 1.71361
33.689 1.7063
33.69 1.69907
33.691 1.69192
33.692 1.68485
33.693 1.67788
33.694 1.67099
33.695 1.66419
33.696 1.65749
33.697 1.65088
33.698 1.64437
33.699 1.63795
33.7 1.63163
33.701 1.62542
33.702 1.6193
33.703 1.61328
33.704 1.60737
33.705 1.60155
33.706 1.59584
33.707 1.59023
33.708 1.58472
33.709 1.5793
33.71 1.57399
33.711 1.56878
33.712 1.56367
33.713 1.55866
33.714 1.55375
33.715 1.54895
33.716 1.54425
33.717 1.53966
33.718 1.53517
33.719 1.53078
33.72 1.52651
33.721 1.52234
33.722 1.51828
33.723 1.51433
33.724 1.51049
33.725 1.50675
33.726 1.50313
33.727 1.49961
33.728 1.4962
33.729 1.49291
33.73 1.48972
33.731 1.48665
33.732 1.48368
33.733 1.48083
33.734 1.47808
33.735 1.47545
33.736 1.47292
33.737 1.47051
33.738 1.4682
33.739 1.466
33.74 1.46392
33.741 1.46194
33.742 1.46006
33.743 1.45829
33.744 1.45663
33.745 1.45506
33.746 1.4536
33.747 1.45223
33.748 1.45096
33.749 1.44978
33.75 1.44869
33.751 1.44769
33.752 1.44678
33.753 1.44596
33.754 1.44521
33.755 1.44455
33.756 1.44397
33.757 1.44346
33.758 1.44303
33.759 1.44267
33.76 1.44238
33.761 1.44215
33.762 1.44199
33.763 1.4419
33.764 1.44186
33.765 1.44188
33.766 1.44195
33.767 1.44208
33.768 1.44225
33.769 1.44247
33.77 1.44274
33.771 1.44305
33.772 1.44339
33.773 1.44378
33.774 1.44419
33.775 1.44462
33.776 1.44508
33.777 1.44556
33.778 1.44605
33.779 1.44655
33.78 1.44706
33.781 1.44758
33.782 1.44809
33.783 1.4486
33.784 1.4491
33.785 1.4496
33.786 1.45009
33.787 1.45056
33.788 1.45101
33.789 1.45145
33.79 1.45187
33.791 1.45226
33.792 1.45263
33.793 1.45296
33.794 1.45326
33.795 1.45351
33.796 1.45373
33.797 1.4539
33.798 1.45402
33.799 1.45408
33.8 1.45409
33.801 1.45403
33.802 1.45391
33.803 1.45372
33.804 1.45345
33.805 1.45312
33.806 1.4527
33.807 1.45219
33.808 1.45161
33.809 1.45093
33.81 1.45015
33.811 1.44929
33.812 1.44832
33.813 1.44725
33.814 1.44608
33.815 1.4448
33.816 1.44342
33.817 1.44193
33.818 1.44033
33.819 1.43862
33.82 1.43679
33.821 1.43485
33.822 1.43279
33.823 1.43062
33.824 1.42832
33.825 1.4259
33.826 1.42336
33.827 1.4207
33.828 1.41791
33.829 1.41499
33.83 1.41195
33.831 1.40878
33.832 1.40548
33.833 1.40204
33.834 1.39848
33.835 1.39478
33.836 1.39095
33.837 1.38698
33.838 1.38288
33.839 1.37865
33.84 1.37428
33.841 1.36977
33.842 1.36512
33.843 1.36034
33.844 1.35543
33.845 1.35038
33.846 1.3452
33.847 1.33988
33.848 1.33444
33.849 1.32887
33.85 1.32317
33.851 1.31734
33.852 1.31138
33.853 1.3053
33.854 1.29909
33.855 1.29275
33.856 1.28629
33.857 1.2797
33.858 1.27299
33.859 1.26615
33.86 1.25919
33.861 1.2521
33.862 1.24489
33.863 1.23755
33.864 1.2301
33.865 1.22254
33.866 1.21485
33.867 1.20706
33.868 1.19915
33.869 1.19114
33.87 1.18301
33.871 1.17479
33.872 1.16646
33.873 1.15803
33.874 1.14951
33.875 1.14089
33.876 1.13218
33.877 1.12337
33.878 1.11448
33.879 1.10551
33.88 1.09645
33.881 1.08731
33.882 1.0781
33.883 1.06881
33.884 1.05946
33.885 1.05004
33.886 1.04056
33.887 1.03103
33.888 1.02144
33.889 1.0118
33.89 1.00212
33.891 0.992403
33.892 0.982644
33.893 0.972848
33.894 0.963016
33.895 0.953151
33.896 0.943254
33.897 0.933327
33.898 0.92337
33.899 0.913387
33.9 0.903378
33.901 0.893346
33.902 0.883295
33.903 0.873228
33.904 0.863151
33.905 0.853066
33.906 0.842979
33.907 0.832893
33.908 0.822814
33.909 0.812744
33.91 0.802689
33.911 0.792651
33.912 0.782635
33.913 0.772643
33.914 0.762679
33.915 0.752744
33.916 0.742843
33.917 0.732977
33.918 0.72315
33.919 0.713364
33.92 0.703622
33.921 0.693928
33.922 0.684283
33.923 0.674691
33.924 0.665154
33.925 0.655675
33.926 0.646256
33.927 0.636901
33.928 0.627612
33.929 0.618391
33.93 0.609241
33.931 0.600164
33.932 0.591165
33.933 0.582247
33.934 0.573413
33.935 0.564667
33.936 0.556013
33.937 0.547454
33.938 0.538994
33.939 0.530636
33.94 0.522384
33.941 0.51424
33.942 0.506207
33.943 0.498287
33.944 0.490482
33.945 0.482794
33.946 0.475224
33.947 0.467775
33.948 0.460448
33.949 0.453245
33.95 0.446167
33.951 0.439217
33.952 0.432397
33.953 0.425709
33.954 0.419156
33.955 0.412742
33.956 0.406467
33.957 0.400336
33.958 0.394349
33.959 0.388511
33.96 0.382822
33.961 0.377285
33.962 0.371901
33.963 0.366671
33.964 0.361595
33.965 0.356675
33.966 0.35191
33.967 0.347302
33.968 0.342852
33.969 0.338558
33.97 0.334423
33.971 0.330446
33.972 0.326628
33.973 0.322971
33.974 0.319477
33.975 0.316147
33.976 0.312981
33.977 0.309981
33.978 0.307148
33.979 0.304484
33.98 0.301988
33.981 0.299662
33.982 0.297505
33.983 0.295517
33.984 0.293697
33.985 0.292044
33.986 0.290558
33.987 0.289238
33.988 0.288084
33.989 0.287093
33.99 0.286265
33.991 0.285599
33.992 0.285094
33.993 0.284748
33.994 0.284561
33.995 0.28453
33.996 0.284655
33.997 0.284934
33.998 0.285365
33.999 0.285947
34 0.286678
34.001 0.287557
34.002 0.288581
34.003 0.289748
34.004 0.291058
34.005 0.292507
34.006 0.294094
34.007 0.295817
34.008 0.297673
34.009 0.299661
34.01 0.301778
34.011 0.304021
34.012 0.306389
34.013 0.308879
34.014 0.311489
34.015 0.314216
34.016 0.317057
34.017 0.32001
34.018 0.323073
34.019 0.326242
34.02 0.329515
34.021 0.33289
34.022 0.336362
34.023 0.339931
34.024 0.343592
34.025 0.347342
34.026 0.35118
34.027 0.355101
34.028 0.359104
34.029 0.363184
34.03 0.367339
34.031 0.371565
34.032 0.37586
34.033 0.38022
34.034 0.384643
34.035 0.389124
34.036 0.393662
34.037 0.398251
34.038 0.402891
34.039 0.407576
34.04 0.412304
34.041 0.417071
34.042 0.421874
34.043 0.42671
34.044 0.431576
34.045 0.436467
34.046 0.441382
34.047 0.446315
34.048 0.451265
34.049 0.456227
34.05 0.461199
34.051 0.466176
34.052 0.471154
34.053 0.476129
34.054 0.481096
34.055 0.486051
34.056 0.490988
34.057 0.495903
34.058 0.500792
34.059 0.505651
34.06 0.510473
34.061 0.515256
34.062 0.519996
34.063 0.524689
34.064 0.529332
34.065 0.533923
34.066 0.538458
34.067 0.542933
34.068 0.547346
34.069 0.551694
34.07 0.555973
34.071 0.560181
34.072 0.564314
34.073 0.56837
34.074 0.572345
34.075 0.576238
34.076 0.580044
34.077 0.583762
34.078 0.587388
34.079 0.590919
34.08 0.594354
34.081 0.597689
34.082 0.600922
34.083 0.604049
34.084 0.60707
34.085 0.60998
34.086 0.612779
34.087 0.615463
34.088 0.61803
34.089 0.620478
34.09 0.622804
34.091 0.625007
34.092 0.627085
34.093 0.629034
34.094 0.630854
34.095 0.632543
34.096 0.634097
34.097 0.635517
34.098 0.636799
34.099 0.637943
34.1 0.638946
34.101 0.639807
34.102 0.640526
34.103 0.641102
34.104 0.641536
34.105 0.641826
34.106 0.641974
34.107 0.641979
34.108 0.641841
34.109 0.641561
34.11 0.641138
34.111 0.640572
34.112 0.639864
34.113 0.639011
34.114 0.638014
34.115 0.636871
34.116 0.635582
34.117 0.634145
34.118 0.632562
34.119 0.63083
34.12 0.62895
34.121 0.626921
34.122 0.624743
34.123 0.622416
34.124 0.619939
34.125 0.617312
34.126 0.614536
34.127 0.61161
34.128 0.608534
34.129 0.605308
34.13 0.601933
34.131 0.598409
34.132 0.594737
34.133 0.59092
34.134 0.586958
34.135 0.582853
34.136 0.578608
34.137 0.574223
34.138 0.569702
34.139 0.565045
34.14 0.560255
34.141 0.555334
34.142 0.550283
34.143 0.545103
34.144 0.539794
34.145 0.534358
34.146 0.528796
34.147 0.523109
34.148 0.517298
34.149 0.511365
34.15 0.50531
34.151 0.499135
34.152 0.492843
34.153 0.486437
34.154 0.479918
34.155 0.473291
34.156 0.466557
34.157 0.459719
34.158 0.452781
34.159 0.445745
34.16 0.438615
34.161 0.431392
34.162 0.424082
34.163 0.416685
34.164 0.409206
34.165 0.401648
34.166 0.394013
34.167 0.386305
34.168 0.378528
34.169 0.370684
34.17 0.362777
34.171 0.35481
34.172 0.346786
34.173 0.338709
34.174 0.330582
34.175 0.322408
34.176 0.314191
34.177 0.305934
34.178 0.297641
34.179 0.289315
34.18 0.280959
34.181 0.272577
34.182 0.264172
34.183 0.255748
34.184 0.247309
34.185 0.238856
34.186 0.230395
34.187 0.221929
34.188 0.21346
34.189 0.204993
34.19 0.19653
34.191 0.188076
34.192 0.179634
34.193 0.171206
34.194 0.162797
34.195 0.15441
34.196 0.146048
34.197 0.137715
34.198 0.129413
34.199 0.121147
34.2 0.112919
34.201 0.104733
34.202 0.0965913
34.203 0.0884983
34.204 0.0804567
34.205 0.0724696
34.206 0.0645402
34.207 0.0566716
34.208 0.0488668
34.209 0.041129
34.21 0.0334611
34.211 0.025866
34.212 0.0183468
34.213 0.0109063
34.214 0.0035473
34.215 -0.00372728
34.216 -0.0109147
34.217 -0.0180122
34.218 -0.0250171
34.219 -0.0319268
34.22 -0.0387387
34.221 -0.0454501
34.222 -0.0520586
34.223 -0.0585618
34.224 -0.0649573
34.225 -0.0712425
34.226 -0.0774154
34.227 -0.0834736
34.228 -0.0894149
34.229 -0.0952371
34.23 -0.100938
34.231 -0.106516
34.232 -0.111969
34.233 -0.117294
34.234 -0.122491
34.235 -0.127557
34.236 -0.132491
34.237 -0.13729
34.238 -0.141953
34.239 -0.146479
34.24 -0.150866
34.241 -0.155112
34.242 -0.159217
34.243 -0.163179
34.244 -0.166996
34.245 -0.170668
34.246 -0.174193
34.247 -0.17757
34.248 -0.180799
34.249 -0.183877
34.25 -0.186806
34.251 -0.189582
34.252 -0.192207
34.253 -0.194678
34.254 -0.196996
34.255 -0.19916
34.256 -0.201169
34.257 -0.203024
34.258 -0.204723
34.259 -0.206266
34.26 -0.207654
34.261 -0.208885
34.262 -0.20996
34.263 -0.210879
34.264 -0.211642
34.265 -0.212249
34.266 -0.2127
34.267 -0.212995
34.268 -0.213135
34.269 -0.21312
34.27 -0.212949
34.271 -0.212625
34.272 -0.212145
34.273 -0.21151
34.274 -0.210719
34.275 -0.209771
34.276 -0.208666
34.277 -0.207403
34.278 -0.205983
34.279 -0.204404
34.28 -0.202667
34.281 -0.200771
34.282 -0.198715
34.283 -0.196498
34.284 -0.194119
34.285 -0.191576
34.286 -0.188869
34.287 -0.185996
34.288 -0.182957
34.289 -0.17975
34.29 -0.176376
34.291 -0.172832
34.292 -0.169119
34.293 -0.165235
34.294 -0.161181
34.295 -0.156956
34.296 -0.152559
34.297 -0.14799
34.298 -0.143249
34.299 -0.138336
34.3 -0.13325
34.301 -0.127992
34.302 -0.122562
34.303 -0.116963
34.304 -0.111195
34.305 -0.10526
34.306 -0.0991598
34.307 -0.0928953
34.308 -0.0864684
34.309 -0.0798809
34.31 -0.0731346
34.311 -0.0662309
34.312 -0.0591709
34.313 -0.0519553
34.314 -0.0445847
34.315 -0.0370601
34.316 -0.0293823
34.317 -0.0215523
34.318 -0.0135711
34.319 -0.00543967
34.32 0.00284079
34.321 0.0112688
34.322 0.0198422
34.323 0.0285585
34.324 0.0374149
34.325 0.046409
34.326 0.055538
34.327 0.0647991
34.328 0.0741896
34.329 0.0837065
34.33 0.0933471
34.331 0.103108
34.332 0.112985
34.333 0.122975
34.334 0.133072
34.335 0.143273
34.336 0.153572
34.337 0.163967
34.338 0.174451
34.339 0.185021
34.34 0.195672
34.341 0.2064
34.342 0.217202
34.343 0.228073
34.344 0.23901
34.345 0.250011
34.346 0.261071
34.347 0.272188
34.348 0.283357
34.349 0.294575
34.35 0.305839
34.351 0.317146
34.352 0.328493
34.353 0.339877
34.354 0.351297
34.355 0.362749
34.356 0.374233
34.357 0.385744
34.358 0.397282
34.359 0.408844
34.36 0.420426
34.361 0.432028
34.362 0.443645
34.363 0.455273
34.364 0.46691
34.365 0.478551
34.366 0.490193
34.367 0.501832
34.368 0.513464
34.369 0.525087
34.37 0.536696
34.371 0.548288
34.372 0.559861
34.373 0.571412
34.374 0.582938
34.375 0.594438
34.376 0.60591
34.377 0.61735
34.378 0.628757
34.379 0.640128
34.38 0.651462
34.381 0.662755
34.382 0.674005
34.383 0.685208
34.384 0.696361
34.385 0.70746
34.386 0.718502
34.387 0.729484
34.388 0.740403
34.389 0.751254
34.39 0.762035
34.391 0.772743
34.392 0.783375
34.393 0.793927
34.394 0.804396
34.395 0.814779
34.396 0.825074
34.397 0.835276
34.398 0.845384
34.399 0.855395
34.4 0.865304
34.401 0.87511
34.402 0.884809
34.403 0.894396
34.404 0.903868
34.405 0.913221
34.406 0.92245
34.407 0.931553
34.408 0.940526
34.409 0.949364
34.41 0.958064
34.411 0.966624
34.412 0.975038
34.413 0.983304
34.414 0.991419
34.415 0.999378
34.416 1.00718
34.417 1.01482
34.418 1.0223
34.419 1.02961
34.42 1.03674
34.421 1.04371
34.422 1.0505
34.423 1.05711
34.424 1.06354
34.425 1.06979
34.426 1.07585
34.427 1.08172
34.428 1.0874
34.429 1.09288
34.43 1.09818
34.431 1.10327
34.432 1.10816
34.433 1.11285
34.434 1.11734
34.435 1.12161
34.436 1.12567
34.437 1.12951
34.438 1.13314
34.439 1.13654
34.44 1.13973
34.441 1.14268
34.442 1.14541
34.443 1.14791
34.444 1.15017
34.445 1.15221
34.446 1.154
34.447 1.15556
34.448 1.15687
34.449 1.15795
34.45 1.15878
34.451 1.15937
34.452 1.15971
34.453 1.15981
34.454 1.15966
34.455 1.15927
34.456 1.15864
34.457 1.15776
34.458 1.15664
34.459 1.15528
34.46 1.15368
34.461 1.15183
34.462 1.14975
34.463 1.14742
34.464 1.14485
34.465 1.14204
34.466 1.13899
34.467 1.1357
34.468 1.13217
34.469 1.1284
34.47 1.12439
34.471 1.12014
34.472 1.11565
34.473 1.11093
34.474 1.10598
34.475 1.10081
34.476 1.09541
34.477 1.0898
34.478 1.08397
34.479 1.07793
34.48 1.07168
34.481 1.06523
34.482 1.05858
34.483 1.05174
34.484 1.04469
34.485 1.03746
34.486 1.03004
34.487 1.02243
34.488 1.01465
34.489 1.00668
34.49 0.998543
34.491 0.990232
34.492 0.981754
34.493 0.973112
34.494 0.96431
34.495 0.955351
34.496 0.94624
34.497 0.936981
34.498 0.927577
34.499 0.918033
34.5 0.908352
34.501 0.898539
34.502 0.888599
34.503 0.878538
34.504 0.868361
34.505 0.858074
34.506 0.847682
34.507 0.837192
34.508 0.826608
34.509 0.815936
34.51 0.805183
34.511 0.794354
34.512 0.783453
34.513 0.772485
34.514 0.761456
34.515 0.750369
34.516 0.739229
34.517 0.728041
34.518 0.716809
34.519 0.705539
34.52 0.694236
34.521 0.682902
34.522 0.671545
34.523 0.660168
34.524 0.648776
34.525 0.637374
34.526 0.625966
34.527 0.614558
34.528 0.603154
34.529 0.591759
34.53 0.580378
34.531 0.569016
34.532 0.557678
34.533 0.54637
34.534 0.535099
34.535 0.52387
34.536 0.51269
34.537 0.501563
34.538 0.490497
34.539 0.479496
34.54 0.468567
34.541 0.457716
34.542 0.446947
34.543 0.436268
34.544 0.425682
34.545 0.415197
34.546 0.404818
34.547 0.39455
34.548 0.384398
34.549 0.374368
34.55 0.364466
34.551 0.354696
34.552 0.345064
34.553 0.335575
34.554 0.326235
34.555 0.317047
34.556 0.308018
34.557 0.299152
34.558 0.290454
34.559 0.281928
34.56 0.27358
34.561 0.265414
34.562 0.257435
34.563 0.24965
34.564 0.242064
34.565 0.234683
34.566 0.227511
34.567 0.220555
34.568 0.213819
34.569 0.207309
34.57 0.201029
34.571 0.194985
34.572 0.18918
34.573 0.183617
34.574 0.178301
34.575 0.173234
34.576 0.168419
34.577 0.16386
34.578 0.159559
34.579 0.15552
34.58 0.151745
34.581 0.148236
34.582 0.144994
34.583 0.142022
34.584 0.13932
34.585 0.136889
34.586 0.134729
34.587 0.132842
34.588 0.131228
34.589 0.129887
34.59 0.12882
34.591 0.128026
34.592 0.127509
34.593 0.127267
34.594 0.127304
34.595 0.127619
34.596 0.128213
34.597 0.129088
34.598 0.130244
34.599 0.131681
34.6 0.1334
34.601 0.135401
34.602 0.137683
34.603 0.140245
34.604 0.143085
34.605 0.146203
34.606 0.149596
34.607 0.153264
34.608 0.157203
34.609 0.161413
34.61 0.165892
34.611 0.170637
34.612 0.175647
34.613 0.180922
34.614 0.18646
34.615 0.19226
34.616 0.19832
34.617 0.204639
34.618 0.211216
34.619 0.218048
34.62 0.225134
34.621 0.232472
34.622 0.24006
34.623 0.247896
34.624 0.255978
34.625 0.264303
34.626 0.272869
34.627 0.281673
34.628 0.290713
34.629 0.299987
34.63 0.30949
34.631 0.319221
34.632 0.329177
34.633 0.339353
34.634 0.349748
34.635 0.360358
34.636 0.37118
34.637 0.382209
34.638 0.393444
34.639 0.404879
34.64 0.416512
34.641 0.428338
34.642 0.440353
34.643 0.452552
34.644 0.464928
34.645 0.477478
34.646 0.490195
34.647 0.503074
34.648 0.516109
34.649 0.529296
34.65 0.542628
34.651 0.556101
34.652 0.569707
34.653 0.583441
34.654 0.597298
34.655 0.611271
34.656 0.625355
34.657 0.639544
34.658 0.653831
34.659 0.668211
34.66 0.682678
34.661 0.697225
34.662 0.711847
34.663 0.726536
34.664 0.741288
34.665 0.756095
34.666 0.770952
34.667 0.785853
34.668 0.80079
34.669 0.815758
34.67 0.830751
34.671 0.845761
34.672 0.860782
34.673 0.875807
34.674 0.890827
34.675 0.905835
34.676 0.920824
34.677 0.935786
34.678 0.950713
34.679 0.965599
34.68 0.980435
34.681 0.995215
34.682 1.00993
34.683 1.02458
34.684 1.03915
34.685 1.05365
34.686 1.06805
34.687 1.08236
34.688 1.09658
34.689 1.11068
34.69 1.12468
34.691 1.13856
34.692 1.15232
34.693 1.16596
34.694 1.17946
34.695 1.19282
34.696 1.20603
34.697 1.2191
34.698 1.23201
34.699 1.24476
34.7 1.25735
34.701 1.26977
34.702 1.28201
34.703 1.29408
34.704 1.30596
34.705 1.31766
34.706 1.32917
34.707 1.34049
34.708 1.35161
34.709 1.36254
34.71 1.37326
34.711 1.38378
34.712 1.39409
34.713 1.40419
34.714 1.41407
34.715 1.42373
34.716 1.43317
34.717 1.44238
34.718 1.45136
34.719 1.46011
34.72 1.46861
34.721 1.47688
34.722 1.48489
34.723 1.49267
34.724 1.50019
34.725 1.50746
34.726 1.51447
34.727 1.52122
34.728 1.52771
34.729 1.53394
34.73 1.5399
34.731 1.54559
34.732 1.55102
34.733 1.55617
34.734 1.56105
34.735 1.56565
34.736 1.56997
34.737 1.57402
34.738 1.57779
34.739 1.58127
34.74 1.58447
34.741 1.58739
34.742 1.59003
34.743 1.59238
34.744 1.59445
34.745 1.59623
34.746 1.59772
34.747 1.59893
34.748 1.59985
34.749 1.60048
34.75 1.60083
34.751 1.60089
34.752 1.60066
34.753 1.60015
34.754 1.59935
34.755 1.59827
34.756 1.59691
34.757 1.59526
34.758 1.59334
34.759 1.59113
34.76 1.58864
34.761 1.58588
34.762 1.58283
34.763 1.57951
34.764 1.57592
34.765 1.57205
34.766 1.5679
34.767 1.56348
34.768 1.55878
34.769 1.55381
34.77 1.54858
34.771 1.54307
34.772 1.53729
34.773 1.53124
34.774 1.52493
34.775 1.51836
34.776 1.51152
34.777 1.50443
34.778 1.49707
34.779 1.48946
34.78 1.48159
34.781 1.47348
34.782 1.46511
34.783 1.45649
34.784 1.44763
34.785 1.43852
34.786 1.42916
34.787 1.41957
34.788 1.40973
34.789 1.39965
34.79 1.38933
34.791 1.37878
34.792 1.36799
34.793 1.35697
34.794 1.34573
34.795 1.33426
34.796 1.32256
34.797 1.31064
34.798 1.29851
34.799 1.28615
34.8 1.27359
34.801 1.26081
34.802 1.24783
34.803 1.23465
34.804 1.22127
34.805 1.2077
34.806 1.19394
34.807 1.17999
34.808 1.16587
34.809 1.15157
34.81 1.13711
34.811 1.12248
34.812 1.10769
34.813 1.09274
34.814 1.07765
34.815 1.06242
34.816 1.04704
34.817 1.03153
34.818 1.0159
34.819 1.00014
34.82 0.984264
34.821 0.968278
34.822 0.952187
34.823 0.936001
34.824 0.919727
34.825 0.903374
34.826 0.88695
34.827 0.870462
34.828 0.853919
34.829 0.83733
34.83 0.820702
34.831 0.804043
34.832 0.787363
34.833 0.770668
34.834 0.753968
34.835 0.73727
34.836 0.720584
34.837 0.703916
34.838 0.687275
34.839 0.67067
34.84 0.654108
34.841 0.637598
34.842 0.621148
34.843 0.604766
34.844 0.58846
34.845 0.572237
34.846 0.556106
34.847 0.540076
34.848 0.524152
34.849 0.508345
34.85 0.49266
34.851 0.477106
34.852 0.461688
34.853 0.446411
34.854 0.431281
34.855 0.416301
34.856 0.401478
34.857 0.386815
34.858 0.372318
34.859 0.357991
34.86 0.343839
34.861 0.329866
34.862 0.316076
34.863 0.302475
34.864 0.289066
34.865 0.275854
34.866 0.262842
34.867 0.250035
34.868 0.237436
34.869 0.22505
34.87 0.21288
34.871 0.200928
34.872 0.189195
34.873 0.177682
34.874 0.166387
34.875 0.155311
34.876 0.144451
34.877 0.133809
34.878 0.123383
34.879 0.113171
34.88 0.103174
34.881 0.0933901
34.882 0.0838193
34.883 0.0744616
34.884 0.0653168
34.885 0.0563849
34.886 0.0476654
34.887 0.039158
34.888 0.0308622
34.889 0.0227775
34.89 0.0149032
34.891 0.0072392
34.892 -0.000213483
34.893 -0.00745325
34.894 -0.0144786
34.895 -0.0212882
34.896 -0.0278807
34.897 -0.0342549
34.898 -0.0404098
34.899 -0.0463443
34.9 -0.0520574
34.901 -0.0575475
34.902 -0.062811
34.903 -0.0678435
34.904 -0.0726407
34.905 -0.0771984
34.906 -0.0815126
34.907 -0.0855793
34.908 -0.0893945
34.909 -0.0929547
34.91 -0.0962561
34.911 -0.0992945
34.912 -0.102065
34.913 -0.104561
34.914 -0.106777
34.915 -0.108709
34.916 -0.110349
34.917 -0.111693
34.918 -0.112736
34.919 -0.113473
34.92 -0.113898
34.921 -0.114008
34.922 -0.113799
34.923 -0.113271
34.924 -0.11242
34.925 -0.111245
34.926 -0.109744
34.927 -0.107916
34.928 -0.10576
34.929 -0.103274
34.93 -0.100457
34.931 -0.0973098
34.932 -0.0938334
34.933 -0.0900314
34.934 -0.0859069
34.935 -0.0814632
34.936 -0.0767039
34.937 -0.0716325
34.938 -0.0662528
34.939 -0.0605686
34.94 -0.0545838
34.941 -0.0483028
34.942 -0.0417309
34.943 -0.0348736
34.944 -0.0277365
34.945 -0.0203255
34.946 -0.0126465
34.947 -0.00470555
34.948 0.0034913
34.949 0.0119378
34.95 0.0206277
34.951 0.0295543
34.952 0.03871
34.953 0.0480872
34.954 0.0576779
34.955 0.067474
34.956 0.0774675
34.957 0.0876503
34.958 0.0980141
34.959 0.108551
34.96 0.119251
34.961 0.130109
34.962 0.141114
34.963 0.152262
34.964 0.163543
34.965 0.174952
34.966 0.186479
34.967 0.198119
34.968 0.209863
34.969 0.221704
34.97 0.233635
34.971 0.245647
34.972 0.257735
34.973 0.269891
34.974 0.282111
34.975 0.294386
34.976 0.306711
34.977 0.319079
34.978 0.331484
34.979 0.343919
34.98 0.356378
34.981 0.368856
34.982 0.381349
34.983 0.393857
34.984 0.406377
34.985 0.418908
34.986 0.431449
34.987 0.443999
34.988 0.456555
34.989 0.469117
34.99 0.481682
34.991 0.49425
34.992 0.506819
34.993 0.519391
34.994 0.531964
34.995 0.544538
34.996 0.557113
34.997 0.569689
34.998 0.582265
34.999 0.594841
35 0.607418
35.001 0.619994
35.002 0.632568
35.003 0.645139
35.004 0.657705
35.005 0.670265
35.006 0.682817
35.007 0.69536
35.008 0.707892
35.009 0.720412
35.01 0.732918
35.011 0.745408
35.012 0.757878
35.013 0.770322
35.014 0.782736
35.015 0.795114
35.016 0.80745
35.017 0.819741
35.018 0.83198
35.019 0.844163
35.02 0.856285
35.021 0.868339
35.022 0.880318
35.023 0.892214
35.024 0.904016
35.025 0.915718
35.026 0.927309
35.027 0.938783
35.028 0.95013
35.029 0.961341
35.03 0.972409
35.031 0.983325
35.032 0.994082
35.033 1.00467
35.034 1.01508
35.035 1.02531
35.036 1.03534
35.037 1.04518
35.038 1.05481
35.039 1.06422
35.04 1.07341
35.041 1.08237
35.042 1.0911
35.043 1.09958
35.044 1.10782
35.045 1.11582
35.046 1.12355
35.047 1.13103
35.048 1.13825
35.049 1.14521
35.05 1.15189
35.051 1.1583
35.052 1.16444
35.053 1.1703
35.054 1.17589
35.055 1.18121
35.056 1.18625
35.057 1.19102
35.058 1.19553
35.059 1.19976
35.06 1.20372
35.061 1.20741
35.062 1.21084
35.063 1.21401
35.064 1.21691
35.065 1.21956
35.066 1.22195
35.067 1.22409
35.068 1.22598
35.069 1.22762
35.07 1.22902
35.071 1.23019
35.072 1.23111
35.073 1.23181
35.074 1.23227
35.075 1.23251
35.076 1.23254
35.077 1.23234
35.078 1.23193
35.079 1.23131
35.08 1.23049
35.081 1.22946
35.082 1.22824
35.083 1.22681
35.084 1.22519
35.085 1.22337
35.086 1.22136
35.087 1.21914
35.088 1.21674
35.089 1.21414
35.09 1.21135
35.091 1.20836
35.092 1.20519
35.093 1.20182
35.094 1.19826
35.095 1.1945
35.096 1.19055
35.097 1.1864
35.098 1.18206
35.099 1.17752
35.1 1.17278
35.101 1.16784
35.102 1.1627
35.103 1.15737
35.104 1.15184
35.105 1.14611
35.106 1.14017
35.107 1.13405
35.108 1.12772
35.109 1.12119
35.11 1.11447
35.111 1.10755
35.112 1.10043
35.113 1.09312
35.114 1.08561
35.115 1.0779
35.116 1.07001
35.117 1.06192
35.118 1.05364
35.119 1.04516
35.12 1.0365
35.121 1.02765
35.122 1.01862
35.123 1.0094
35.124 1.00001
35.125 0.990445
35.126 0.980713
35.127 0.970816
35.128 0.960759
35.129 0.950547
35.13 0.940184
35.131 0.929673
35.132 0.919022
35.133 0.908235
35.134 0.897319
35.135 0.88628
35.136 0.875122
35.137 0.863854
35.138 0.852479
35.139 0.841005
35.14 0.829438
35.141 0.817784
35.142 0.806048
35.143 0.794238
35.144 0.782359
35.145 0.770418
35.146 0.75842
35.147 0.746373
35.148 0.734283
35.149 0.722156
35.15 0.709997
35.151 0.697815
35.152 0.685614
35.153 0.673402
35.154 0.661185
35.155 0.648969
35.156 0.63676
35.157 0.624565
35.158 0.61239
35.159 0.600241
35.16 0.588125
35.161 0.576048
35.162 0.564014
35.163 0.552026
35.164 0.540088
35.165 0.528205
35.166 0.516379
35.167 0.504614
35.168 0.492915
35.169 0.481284
35.17 0.469725
35.171 0.458242
35.172 0.446838
35.173 0.435516
35.174 0.42428
35.175 0.413134
35.176 0.40208
35.177 0.391123
35.178 0.380264
35.179 0.369509
35.18 0.358858
35.181 0.348317
35.182 0.337888
35.183 0.327577
35.184 0.317388
35.185 0.307324
35.186 0.29739
35.187 0.287589
35.188 0.277927
35.189 0.268406
35.19 0.25903
35.191 0.249804
35.192 0.240731
35.193 0.231815
35.194 0.223058
35.195 0.214466
35.196 0.206041
35.197 0.197786
35.198 0.189706
35.199 0.181802
35.2 0.174079
35.201 0.16654
35.202 0.159189
35.203 0.152033
35.204 0.145076
35.205 0.138324
35.206 0.131781
35.207 0.125454
35.208 0.119346
35.209 0.113464
35.21 0.10781
35.211 0.102391
35.212 0.0972082
35.213 0.0922666
35.214 0.0875686
35.215 0.0831173
35.216 0.0789155
35.217 0.074966
35.218 0.0712715
35.219 0.0678345
35.22 0.0646574
35.221 0.0617427
35.222 0.0590925
35.223 0.056709
35.224 0.0545941
35.225 0.0527497
35.226 0.0511776
35.227 0.0498795
35.228 0.0488568
35.229 0.048111
35.23 0.0476434
35.231 0.0474546
35.232 0.0475437
35.233 0.0479093
35.234 0.0485495
35.235 0.0494628
35.236 0.0506472
35.237 0.0521006
35.238 0.0538211
35.239 0.0558062
35.24 0.0580538
35.241 0.0605614
35.242 0.0633264
35.243 0.0663462
35.244 0.0696179
35.245 0.0731389
35.246 0.076906
35.247 0.0809164
35.248 0.0851667
35.249 0.0896537
35.25 0.0943742
35.251 0.099325
35.252 0.104503
35.253 0.109907
35.254 0.115534
35.255 0.12138
35.256 0.127445
35.257 0.133724
35.258 0.140215
35.259 0.146916
35.26 0.153823
35.261 0.160933
35.262 0.168244
35.263 0.175755
35.264 0.183463
35.265 0.191365
35.266 0.199461
35.267 0.207747
35.268 0.216221
35.269 0.224881
35.27 0.233724
35.271 0.242748
35.272 0.25195
35.273 0.261326
35.274 0.270876
35.275 0.280594
35.276 0.290479
35.277 0.300528
35.278 0.310737
35.279 0.321104
35.28 0.331624
35.281 0.342296
35.282 0.353114
35.283 0.364077
35.284 0.375181
35.285 0.386422
35.286 0.397797
35.287 0.409301
35.288 0.420932
35.289 0.432686
35.29 0.444559
35.291 0.456546
35.292 0.468644
35.293 0.480846
35.294 0.493149
35.295 0.505545
35.296 0.518031
35.297 0.530602
35.298 0.54325
35.299 0.555972
35.3 0.568762
35.301 0.581615
35.302 0.594525
35.303 0.607486
35.304 0.620494
35.305 0.633543
35.306 0.646627
35.307 0.65974
35.308 0.672878
35.309 0.686035
35.31 0.699205
35.311 0.712383
35.312 0.725563
35.313 0.73874
35.314 0.751909
35.315 0.765062
35.316 0.778197
35.317 0.791306
35.318 0.804384
35.319 0.817426
35.32 0.830426
35.321 0.84338
35.322 0.856281
35.323 0.869125
35.324 0.881905
35.325 0.894617
35.326 0.907256
35.327 0.919815
35.328 0.932291
35.329 0.944678
35.33 0.95697
35.331 0.969163
35.332 0.981253
35.333 0.993236
35.334 1.00511
35.335 1.01687
35.336 1.02851
35.337 1.04003
35.338 1.05142
35.339 1.06269
35.34 1.07382
35.341 1.08482
35.342 1.09569
35.343 1.10641
35.344 1.11699
35.345 1.12742
35.346 1.13769
35.347 1.14782
35.348 1.15779
35.349 1.1676
35.35 1.17725
35.351 1.18674
35.352 1.19606
35.353 1.20521
35.354 1.2142
35.355 1.22301
35.356 1.23166
35.357 1.24014
35.358 1.24844
35.359 1.25657
35.36 1.26453
35.361 1.27231
35.362 1.27992
35.363 1.28735
35.364 1.2946
35.365 1.30167
35.366 1.30856
35.367 1.31526
35.368 1.32178
35.369 1.32811
35.37 1.33426
35.371 1.34021
35.372 1.34598
35.373 1.35155
35.374 1.35693
35.375 1.3621
35.376 1.36708
35.377 1.37186
35.378 1.37644
35.379 1.38081
35.38 1.38497
35.381 1.38893
35.382 1.39268
35.383 1.39621
35.384 1.39953
35.385 1.40263
35.386 1.40551
35.387 1.40817
35.388 1.4106
35.389 1.41281
35.39 1.41479
35.391 1.41653
35.392 1.41805
35.393 1.41934
35.394 1.42041
35.395 1.42124
35.396 1.42185
35.397 1.42224
35.398 1.42241
35.399 1.42235
35.4 1.42207
35.401 1.42158
35.402 1.42086
35.403 1.41993
35.404 1.41878
35.405 1.41742
35.406 1.41584
35.407 1.41405
35.408 1.41204
35.409 1.40983
35.41 1.4074
35.411 1.40476
35.412 1.40191
35.413 1.39886
35.414 1.3956
35.415 1.39214
35.416 1.38847
35.417 1.38461
35.418 1.38054
35.419 1.37628
35.42 1.37183
35.421 1.36718
35.422 1.36234
35.423 1.35732
35.424 1.3521
35.425 1.34671
35.426 1.34113
35.427 1.33538
35.428 1.32944
35.429 1.32334
35.43 1.31706
35.431 1.31062
35.432 1.30401
35.433 1.29724
35.434 1.29031
35.435 1.28323
35.436 1.27599
35.437 1.26861
35.438 1.26107
35.439 1.2534
35.44 1.24558
35.441 1.23763
35.442 1.22954
35.443 1.22132
35.444 1.21297
35.445 1.2045
35.446 1.1959
35.447 1.18718
35.448 1.17833
35.449 1.16937
35.45 1.1603
35.451 1.15111
35.452 1.14182
35.453 1.13242
35.454 1.12292
35.455 1.11333
35.456 1.10365
35.457 1.09387
35.458 1.08401
35.459 1.07408
35.46 1.06407
35.461 1.05398
35.462 1.04383
35.463 1.03362
35.464 1.02335
35.465 1.01303
35.466 1.00266
35.467 0.992239
35.468 0.981781
35.469 0.971287
35.47 0.960761
35.471 0.950208
35.472 0.939633
35.473 0.929042
35.474 0.918442
35.475 0.907836
35.476 0.897232
35.477 0.886635
35.478 0.87605
35.479 0.865483
35.48 0.854941
35.481 0.844427
35.482 0.833948
35.483 0.823506
35.484 0.813108
35.485 0.802756
35.486 0.792455
35.487 0.78221
35.488 0.772025
35.489 0.761904
35.49 0.751851
35.491 0.741869
35.492 0.731963
35.493 0.722136
35.494 0.712388
35.495 0.702725
35.496 0.693148
35.497 0.68366
35.498 0.674263
35.499 0.664961
35.5 0.655756
35.501 0.64665
35.502 0.637648
35.503 0.628753
35.504 0.619968
35.505 0.611297
35.506 0.602743
35.507 0.594311
35.508 0.586004
35.509 0.577824
35.51 0.569776
35.511 0.561862
35.512 0.554088
35.513 0.546457
35.514 0.538974
35.515 0.531643
35.516 0.524469
35.517 0.517455
35.518 0.510605
35.519 0.503924
35.52 0.497415
35.521 0.491083
35.522 0.484931
35.523 0.478963
35.524 0.473182
35.525 0.467592
35.526 0.462197
35.527 0.456999
35.528 0.452003
35.529 0.447211
35.53 0.442626
35.531 0.438251
35.532 0.434089
35.533 0.43014
35.534 0.426407
35.535 0.42289
35.536 0.419592
35.537 0.416512
35.538 0.413653
35.539 0.411015
35.54 0.4086
35.541 0.406408
35.542 0.40444
35.543 0.402696
35.544 0.401178
35.545 0.399886
35.546 0.398819
35.547 0.397979
35.548 0.397366
35.549 0.396979
35.55 0.396819
35.551 0.396886
35.552 0.397179
35.553 0.397698
35.554 0.398443
35.555 0.399413
35.556 0.400609
35.557 0.402028
35.558 0.403671
35.559 0.405536
35.56 0.407622
35.561 0.40993
35.562 0.412457
35.563 0.415202
35.564 0.418164
35.565 0.421342
35.566 0.424733
35.567 0.428338
35.568 0.432153
35.569 0.436178
35.57 0.440409
35.571 0.444847
35.572 0.449487
35.573 0.454329
35.574 0.459371
35.575 0.464609
35.576 0.470042
35.577 0.475667
35.578 0.481481
35.579 0.487484
35.58 0.49367
35.581 0.500039
35.582 0.506588
35.583 0.513316
35.584 0.520221
35.585 0.527301
35.586 0.534555
35.587 0.54198
35.588 0.549575
35.589 0.557337
35.59 0.565265
35.591 0.573356
35.592 0.581607
35.593 0.590014
35.594 0.598573
35.595 0.607282
35.596 0.616136
35.597 0.625131
35.598 0.634264
35.599 0.64353
35.6 0.652927
35.601 0.662449
35.602 0.672092
35.603 0.681853
35.604 0.691728
35.605 0.701711
35.606 0.7118
35.607 0.721989
35.608 0.732274
35.609 0.742652
35.61 0.753116
35.611 0.763664
35.612 0.774289
35.613 0.784986
35.614 0.795748
35.615 0.806571
35.616 0.817448
35.617 0.828373
35.618 0.839341
35.619 0.850346
35.62 0.861381
35.621 0.872441
35.622 0.883521
35.623 0.894613
35.624 0.905713
35.625 0.916814
35.626 0.927911
35.627 0.938997
35.628 0.950066
35.629 0.961114
35.63 0.972134
35.631 0.983119
35.632 0.994065
35.633 1.00497
35.634 1.01582
35.635 1.02661
35.636 1.03734
35.637 1.048
35.638 1.05858
35.639 1.06909
35.64 1.07951
35.641 1.08985
35.642 1.10008
35.643 1.11022
35.644 1.12025
35.645 1.13018
35.646 1.13999
35.647 1.14969
35.648 1.15927
35.649 1.16873
35.65 1.17806
35.651 1.18725
35.652 1.19632
35.653 1.20524
35.654 1.21401
35.655 1.22263
35.656 1.2311
35.657 1.23941
35.658 1.24755
35.659 1.25553
35.66 1.26333
35.661 1.27095
35.662 1.27839
35.663 1.28565
35.664 1.29271
35.665 1.29958
35.666 1.30625
35.667 1.31272
35.668 1.31899
35.669 1.32504
35.67 1.33088
35.671 1.3365
35.672 1.3419
35.673 1.34709
35.674 1.35205
35.675 1.35678
35.676 1.36129
35.677 1.36557
35.678 1.36962
35.679 1.37344
35.68 1.37702
35.681 1.38038
35.682 1.38349
35.683 1.38637
35.684 1.389
35.685 1.3914
35.686 1.39354
35.687 1.39544
35.688 1.3971
35.689 1.3985
35.69 1.39964
35.691 1.40054
35.692 1.40118
35.693 1.40156
35.694 1.40169
35.695 1.40156
35.696 1.40117
35.697 1.40051
35.698 1.3996
35.699 1.39843
35.7 1.39699
35.701 1.39529
35.702 1.39333
35.703 1.3911
35.704 1.38862
35.705 1.38586
35.706 1.38285
35.707 1.37957
35.708 1.37603
35.709 1.37223
35.71 1.36817
35.711 1.36385
35.712 1.35926
35.713 1.35443
35.714 1.34933
35.715 1.34399
35.716 1.3384
35.717 1.33256
35.718 1.32647
35.719 1.32015
35.72 1.31358
35.721 1.30678
35.722 1.29975
35.723 1.29249
35.724 1.285
35.725 1.27729
35.726 1.26936
35.727 1.26121
35.728 1.25285
35.729 1.24429
35.73 1.23551
35.731 1.22654
35.732 1.21737
35.733 1.20801
35.734 1.19845
35.735 1.18872
35.736 1.1788
35.737 1.1687
35.738 1.15844
35.739 1.148
35.74 1.1374
35.741 1.12665
35.742 1.11573
35.743 1.10467
35.744 1.09346
35.745 1.0821
35.746 1.0706
35.747 1.05897
35.748 1.0472
35.749 1.0353
35.75 1.02327
35.751 1.01113
35.752 0.99886
35.753 0.98648
35.754 0.973988
35.755 0.961391
35.756 0.94869
35.757 0.935892
35.758 0.923
35.759 0.910017
35.76 0.896949
35.761 0.8838
35.762 0.870572
35.763 0.857269
35.764 0.843894
35.765 0.830449
35.766 0.816939
35.767 0.803367
35.768 0.789734
35.769 0.776046
35.77 0.762304
35.771 0.748513
35.772 0.734676
35.773 0.720795
35.774 0.706875
35.775 0.692918
35.776 0.678928
35.777 0.664908
35.778 0.650862
35.779 0.636793
35.78 0.622705
35.781 0.608601
35.782 0.594488
35.783 0.580373
35.784 0.566263
35.785 0.552165
35.786 0.538087
35.787 0.524036
35.788 0.510019
35.789 0.496042
35.79 0.482113
35.791 0.468239
35.792 0.454428
35.793 0.440688
35.794 0.427028
35.795 0.413456
35.796 0.399979
35.797 0.386606
35.798 0.373345
35.799 0.360204
35.8 0.34719
35.801 0.334311
35.802 0.321574
35.803 0.308986
35.804 0.296552
35.805 0.28428
35.806 0.272175
35.807 0.260243
35.808 0.248491
35.809 0.236924
35.81 0.225549
35.811 0.214371
35.812 0.203394
35.813 0.192624
35.814 0.182064
35.815 0.171719
35.816 0.161592
35.817 0.151688
35.818 0.142011
35.819 0.132565
35.82 0.123352
35.821 0.114377
35.822 0.105639
35.823 0.0971382
35.824 0.0888743
35.825 0.0808466
35.826 0.0730545
35.827 0.0654971
35.828 0.0581737
35.829 0.0510832
35.83 0.0442247
35.831 0.0375969
35.832 0.0311986
35.833 0.0250285
35.834 0.0190851
35.835 0.0133668
35.836 0.00787212
35.837 0.00259915
35.838 -0.00245388
35.839 -0.0072889
35.84 -0.0119079
35.841 -0.0163124
35.842 -0.0205027
35.843 -0.0244785
35.844 -0.0282398
35.845 -0.0317864
35.846 -0.0351185
35.847 -0.0382362
35.848 -0.0411397
35.849 -0.0438293
35.85 -0.0463055
35.851 -0.0485679
35.852 -0.0506141
35.853 -0.0524413
35.854 -0.0540462
35.855 -0.0554261
35.856 -0.0565782
35.857 -0.0574997
35.858 -0.0581881
35.859 -0.0586409
35.86 -0.0588557
35.861 -0.0588295
35.862 -0.0585584
35.863 -0.0580376
35.864 -0.0572628
35.865 -0.0562294
35.866 -0.0549334
35.867 -0.0533703
35.868 -0.0515363
35.869 -0.0494274
35.87 -0.0470398
35.871 -0.0443701
35.872 -0.0414156
35.873 -0.0381742
35.874 -0.0346437
35.875 -0.0308223
35.876 -0.026708
35.877 -0.0222992
35.878 -0.0175941
35.879 -0.0125914
35.88 -0.0072896
35.881 -0.00168817
35.882 0.00421214
35.883 0.0104098
35.884 0.0169032
35.885 0.0236906
35.886 0.03077
35.887 0.0381395
35.888 0.045797
35.889 0.0537403
35.89 0.0619669
35.891 0.070474
35.892 0.0792569
35.893 0.0883105
35.894 0.0976296
35.895 0.107209
35.896 0.117042
35.897 0.127125
35.898 0.137451
35.899 0.148014
35.9 0.158809
35.901 0.169829
35.902 0.181069
35.903 0.192522
35.904 0.204183
35.905 0.216044
35.906 0.2281
35.907 0.240344
35.908 0.252769
35.909 0.265369
35.91 0.278138
35.911 0.291068
35.912 0.304154
35.913 0.317391
35.914 0.330772
35.915 0.344292
35.916 0.357945
35.917 0.371726
35.918 0.385628
35.919 0.399646
35.92 0.413773
35.921 0.428005
35.922 0.442335
35.923 0.45676
35.924 0.471273
35.925 0.485872
35.926 0.500549
35.927 0.515301
35.928 0.530123
35.929 0.545009
35.93 0.559954
35.931 0.574954
35.932 0.590004
35.933 0.605098
35.934 0.620231
35.935 0.635398
35.936 0.650594
35.937 0.665814
35.938 0.681053
35.939 0.696306
35.94 0.711567
35.941 0.726833
35.942 0.742099
35.943 0.757363
35.944 0.772623
35.945 0.787875
35.946 0.803118
35.947 0.818349
35.948 0.833565
35.949 0.848763
35.95 0.863941
35.951 0.879096
35.952 0.894225
35.953 0.909324
35.954 0.924388
35.955 0.939415
35.956 0.954401
35.957 0.969341
35.958 0.984232
35.959 0.999071
35.96 1.01385
35.961 1.02858
35.962 1.04323
35.963 1.05783
35.964 1.07235
35.965 1.0868
35.966 1.10117
35.967 1.11546
35.968 1.12966
35.969 1.14378
35.97 1.1578
35.971 1.17174
35.972 1.18557
35.973 1.19929
35.974 1.21291
35.975 1.22641
35.976 1.23978
35.977 1.25303
35.978 1.26615
35.979 1.27912
35.98 1.29196
35.981 1.30464
35.982 1.31717
35.983 1.32954
35.984 1.34174
35.985 1.35376
35.986 1.36561
35.987 1.37727
35.988 1.38873
35.989 1.4
35.99 1.41107
35.991 1.42193
35.992 1.43257
35.993 1.44299
35.994 1.45319
35.995 1.46316
35.996 1.47289
35.997 1.48238
35.998 1.49162
35.999 1.50062
36 1.50935
36.001 1.51783
36.002 1.52605
36.003 1.53399
36.004 1.54167
36.005 1.54906
36.006 1.55618
36.007 1.56301
36.008 1.56955
36.009 1.5758
36.01 1.58176
36.011 1.58741
36.012 1.59277
36.013 1.59783
36.014 1.60259
36.015 1.60706
36.016 1.61123
36.017 1.61511
36.018 1.61869
36.019 1.62199
36.02 1.62499
36.021 1.62771
36.022 1.63014
36.023 1.63228
36.024 1.63414
36.025 1.63573
36.026 1.63703
36.027 1.63806
36.028 1.63881
36.029 1.6393
36.03 1.63951
36.031 1.63946
36.032 1.63915
36.033 1.63858
36.034 1.63774
36.035 1.63665
36.036 1.6353
36.037 1.6337
36.038 1.63184
36.039 1.62974
36.04 1.62739
36.041 1.6248
36.042 1.62196
36.043 1.61889
36.044 1.61558
36.045 1.61204
36.046 1.60826
36.047 1.60427
36.048 1.60005
36.049 1.5956
36.05 1.59095
36.051 1.58608
36.052 1.58099
36.053 1.5757
36.054 1.5702
36.055 1.56449
36.056 1.55857
36.057 1.55245
36.058 1.54612
36.059 1.53959
36.06 1.53286
36.061 1.52594
36.062 1.51881
36.063 1.5115
36.064 1.50399
36.065 1.49629
36.066 1.4884
36.067 1.48032
36.068 1.47207
36.069 1.46363
36.07 1.45501
36.071 1.44622
36.072 1.43725
36.073 1.42811
36.074 1.41881
36.075 1.40934
36.076 1.39971
36.077 1.38992
36.078 1.37997
36.079 1.36987
36.08 1.35962
36.081 1.34922
36.082 1.33868
36.083 1.32801
36.084 1.3172
36.085 1.30626
36.086 1.2952
36.087 1.28402
36.088 1.27272
36.089 1.26132
36.09 1.24981
36.091 1.2382
36.092 1.2265
36.093 1.21471
36.094 1.20284
36.095 1.1909
36.096 1.17889
36.097 1.16681
36.098 1.15468
36.099 1.14251
36.1 1.13028
36.101 1.11803
36.102 1.10574
36.103 1.09343
36.104 1.0811
36.105 1.06876
36.106 1.05642
36.107 1.04408
36.108 1.03175
36.109 1.01943
36.11 1.00714
36.111 0.99487
36.112 0.982637
36.113 0.970445
36.114 0.9583
36.115 0.946207
36.116 0.934175
36.117 0.922207
36.118 0.910312
36.119 0.898495
36.12 0.886763
36.121 0.87512
36.122 0.863574
36.123 0.852131
36.124 0.840796
36.125 0.829575
36.126 0.818474
36.127 0.8075
36.128 0.796657
36.129 0.785952
36.13 0.77539
36.131 0.764976
36.132 0.754715
36.133 0.744612
36.134 0.734669
36.135 0.724892
36.136 0.715285
36.137 0.70585
36.138 0.696593
36.139 0.687516
36.14 0.678624
36.141 0.669919
36.142 0.661405
36.143 0.653083
36.144 0.644956
36.145 0.637026
36.146 0.629294
36.147 0.621762
36.148 0.614433
36.149 0.607307
36.15 0.600387
36.151 0.593673
36.152 0.587167
36.153 0.580868
36.154 0.574776
36.155 0.568891
36.156 0.563212
36.157 0.557741
36.158 0.552475
36.159 0.547416
36.16 0.542562
36.161 0.537913
36.162 0.53347
36.163 0.529236
36.164 0.525212
36.165 0.521398
36.166 0.517798
36.167 0.514412
36.168 0.511241
36.169 0.508287
36.17 0.505551
36.171 0.503033
36.172 0.500735
36.173 0.498658
36.174 0.496802
36.175 0.495167
36.176 0.493755
36.177 0.492565
36.178 0.491599
36.179 0.490856
36.18 0.490337
36.181 0.490041
36.182 0.48997
36.183 0.490125
36.184 0.490508
36.185 0.491118
36.186 0.491957
36.187 0.493025
36.188 0.494324
36.189 0.495853
36.19 0.497614
36.191 0.499607
36.192 0.501831
36.193 0.504287
36.194 0.506975
36.195 0.509895
36.196 0.513048
36.197 0.516431
36.198 0.520047
36.199 0.523893
36.2 0.52797
36.201 0.532277
36.202 0.536813
36.203 0.541578
36.204 0.546569
36.205 0.551788
36.206 0.557232
36.207 0.5629
36.208 0.568791
36.209 0.574904
36.21 0.581237
36.211 0.587788
36.212 0.594554
36.213 0.60153
36.214 0.608712
36.215 0.616096
36.216 0.623676
36.217 0.63145
36.218 0.639411
36.219 0.647556
36.22 0.655879
36.221 0.664376
36.222 0.673041
36.223 0.68187
36.224 0.690858
36.225 0.7
36.226 0.70929
36.227 0.718723
36.228 0.728294
36.229 0.737997
36.23 0.747828
36.231 0.757781
36.232 0.767851
36.233 0.778034
36.234 0.788326
36.235 0.798722
36.236 0.809219
36.237 0.819811
36.238 0.830495
36.239 0.841264
36.24 0.852116
36.241 0.863046
36.242 0.874049
36.243 0.885124
36.244 0.896265
36.245 0.90747
36.246 0.918736
36.247 0.930058
36.248 0.941434
36.249 0.952859
36.25 0.964331
36.251 0.975845
36.252 0.987399
36.253 0.998987
36.254 1.01061
36.255 1.02226
36.256 1.03393
36.257 1.04562
36.258 1.05734
36.259 1.06906
36.26 1.0808
36.261 1.09254
36.262 1.10428
36.263 1.11603
36.264 1.12776
36.265 1.1395
36.266 1.15121
36.267 1.16292
36.268 1.1746
36.269 1.18626
36.27 1.1979
36.271 1.2095
36.272 1.22107
36.273 1.2326
36.274 1.24409
36.275 1.25553
36.276 1.26691
36.277 1.27824
36.278 1.2895
36.279 1.3007
36.28 1.31182
36.281 1.32287
36.282 1.33383
36.283 1.3447
36.284 1.35549
36.285 1.36617
36.286 1.37674
36.287 1.38721
36.288 1.39756
36.289 1.40779
36.29 1.41789
36.291 1.42786
36.292 1.43768
36.293 1.44737
36.294 1.4569
36.295 1.46627
36.296 1.47548
36.297 1.48452
36.298 1.49339
36.299 1.50207
36.3 1.51056
36.301 1.51886
36.302 1.52696
36.303 1.53486
36.304 1.54256
36.305 1.55005
36.306 1.55733
36.307 1.5644
36.308 1.57125
36.309 1.57789
36.31 1.58431
36.311 1.5905
36.312 1.59647
36.313 1.60222
36.314 1.60774
36.315 1.61304
36.316 1.61811
36.317 1.62295
36.318 1.62756
36.319 1.63195
36.32 1.63611
36.321 1.64003
36.322 1.64373
36.323 1.64721
36.324 1.65045
36.325 1.65346
36.326 1.65625
36.327 1.65881
36.328 1.66114
36.329 1.66325
36.33 1.66513
36.331 1.66678
36.332 1.66821
36.333 1.66942
36.334 1.6704
36.335 1.67115
36.336 1.67167
36.337 1.67198
36.338 1.67205
36.339 1.6719
36.34 1.67152
36.341 1.67092
36.342 1.6701
36.343 1.66905
36.344 1.66777
36.345 1.66627
36.346 1.66454
36.347 1.66258
36.348 1.66039
36.349 1.65798
36.35 1.65534
36.351 1.65247
36.352 1.64938
36.353 1.64606
36.354 1.64251
36.355 1.63874
36.356 1.63474
36.357 1.63052
36.358 1.62607
36.359 1.62141
36.36 1.61652
36.361 1.61141
36.362 1.60608
36.363 1.60053
36.364 1.59477
36.365 1.58879
36.366 1.58259
36.367 1.57619
36.368 1.56957
36.369 1.56275
36.37 1.55572
36.371 1.54848
36.372 1.54104
36.373 1.5334
36.374 1.52557
36.375 1.51755
36.376 1.50934
36.377 1.50094
36.378 1.49236
36.379 1.48361
36.38 1.47468
36.381 1.46559
36.382 1.45633
36.383 1.44691
36.384 1.43733
36.385 1.4276
36.386 1.41772
36.387 1.40769
36.388 1.39753
36.389 1.38723
36.39 1.3768
36.391 1.36624
36.392 1.35556
36.393 1.34477
36.394 1.33387
36.395 1.32286
36.396 1.31176
36.397 1.30057
36.398 1.28929
36.399 1.27793
36.4 1.2665
36.401 1.255
36.402 1.24344
36.403 1.23182
36.404 1.22014
36.405 1.20841
36.406 1.19663
36.407 1.18481
36.408 1.17295
36.409 1.16104
36.41 1.14911
36.411 1.13714
36.412 1.12515
36.413 1.11313
36.414 1.10109
36.415 1.08903
36.416 1.07695
36.417 1.06486
36.418 1.05276
36.419 1.04064
36.42 1.02852
36.421 1.0164
36.422 1.00427
36.423 0.992145
36.424 0.980022
36.425 0.967905
36.426 0.955796
36.427 0.943699
36.428 0.931615
36.429 0.919547
36.43 0.907498
36.431 0.89547
36.432 0.883466
36.433 0.871492
36.434 0.85955
36.435 0.847644
36.436 0.835777
36.437 0.823954
36.438 0.812179
36.439 0.800453
36.44 0.788783
36.441 0.77717
36.442 0.765622
36.443 0.754144
36.444 0.742741
36.445 0.731421
36.446 0.720189
36.447 0.70905
36.448 0.698011
36.449 0.687077
36.45 0.676255
36.451 0.665549
36.452 0.654966
36.453 0.644511
36.454 0.63419
36.455 0.624007
36.456 0.61397
36.457 0.604082
36.458 0.594349
36.459 0.584776
36.46 0.575369
36.461 0.566133
36.462 0.557072
36.463 0.548191
36.464 0.539496
36.465 0.530991
36.466 0.52268
36.467 0.514568
36.468 0.506661
36.469 0.498961
36.47 0.491474
36.471 0.484204
36.472 0.477153
36.473 0.470324
36.474 0.46372
36.475 0.457344
36.476 0.451198
36.477 0.445285
36.478 0.439606
36.479 0.434164
36.48 0.428962
36.481 0.424
36.482 0.419278
36.483 0.414797
36.484 0.410554
36.485 0.406549
36.486 0.402781
36.487 0.399249
36.488 0.395951
36.489 0.392887
36.49 0.390055
36.491 0.387454
36.492 0.385081
36.493 0.382935
36.494 0.381015
36.495 0.379318
36.496 0.377843
36.497 0.376587
36.498 0.375549
36.499 0.374725
36.5 0.374114
36.501 0.373713
36.502 0.37352
36.503 0.373533
36.504 0.373747
36.505 0.374162
36.506 0.374773
36.507 0.375579
36.508 0.376575
36.509 0.377759
36.51 0.379128
36.511 0.380679
36.512 0.38241
36.513 0.384322
36.514 0.386412
36.515 0.38868
36.516 0.391125
36.517 0.393746
36.518 0.396541
36.519 0.399509
36.52 0.402648
36.521 0.405958
36.522 0.409438
36.523 0.413088
36.524 0.416907
36.525 0.420894
36.526 0.425049
36.527 0.429372
36.528 0.433862
36.529 0.438518
36.53 0.443339
36.531 0.448325
36.532 0.453474
36.533 0.458785
36.534 0.464258
36.535 0.46989
36.536 0.475682
36.537 0.481631
36.538 0.487736
36.539 0.493996
36.54 0.50041
36.541 0.506975
36.542 0.51369
36.543 0.520554
36.544 0.527565
36.545 0.534721
36.546 0.54202
36.547 0.54946
36.548 0.55704
36.549 0.564756
36.55 0.572608
36.551 0.580592
36.552 0.588705
36.553 0.596942
36.554 0.605297
36.555 0.613766
36.556 0.622345
36.557 0.631028
36.558 0.63981
36.559 0.648686
36.56 0.657651
36.561 0.666701
36.562 0.675826
36.563 0.685021
36.564 0.694277
36.565 0.703587
36.566 0.712942
36.567 0.722336
36.568 0.73176
36.569 0.741208
36.57 0.75067
36.571 0.760139
36.572 0.769609
36.573 0.77907
36.574 0.788515
36.575 0.797937
36.576 0.807327
36.577 0.816679
36.578 0.825984
36.579 0.835235
36.58 0.844424
36.581 0.853545
36.582 0.862589
36.583 0.871552
36.584 0.880427
36.585 0.889208
36.586 0.897888
36.587 0.906462
36.588 0.914923
36.589 0.923266
36.59 0.931485
36.591 0.939574
36.592 0.947528
36.593 0.955343
36.594 0.963015
36.595 0.970538
36.596 0.977909
36.597 0.985123
36.598 0.992177
36.599 0.999065
36.6 1.00579
36.601 1.01233
36.602 1.0187
36.603 1.0249
36.604 1.03091
36.605 1.03674
36.606 1.04239
36.607 1.04784
36.608 1.05311
36.609 1.05819
36.61 1.06307
36.611 1.06776
36.612 1.07225
36.613 1.07653
36.614 1.08061
36.615 1.08449
36.616 1.08815
36.617 1.0916
36.618 1.09484
36.619 1.09786
36.62 1.10065
36.621 1.10323
36.622 1.10558
36.623 1.1077
36.624 1.1096
36.625 1.11126
36.626 1.11269
36.627 1.11389
36.628 1.11485
36.629 1.11557
36.63 1.11606
36.631 1.1163
36.632 1.11631
36.633 1.11607
36.634 1.11559
36.635 1.11486
36.636 1.11389
36.637 1.11267
36.638 1.11121
36.639 1.1095
36.64 1.10754
36.641 1.10534
36.642 1.10288
36.643 1.10018
36.644 1.09724
36.645 1.09404
36.646 1.0906
36.647 1.08691
36.648 1.08297
36.649 1.07879
36.65 1.07437
36.651 1.06969
36.652 1.06478
36.653 1.05962
36.654 1.05422
36.655 1.04858
36.656 1.0427
36.657 1.03659
36.658 1.03023
36.659 1.02364
36.66 1.01682
36.661 1.00977
36.662 1.00249
36.663 0.994971
36.664 0.987227
36.665 0.979255
36.666 0.971055
36.667 0.962629
36.668 0.953978
36.669 0.945102
36.67 0.936004
36.671 0.926685
36.672 0.917147
36.673 0.907394
36.674 0.897428
36.675 0.887253
36.676 0.876871
36.677 0.866286
36.678 0.855501
36.679 0.844519
36.68 0.833344
36.681 0.82198
36.682 0.81043
36.683 0.798697
36.684 0.786786
36.685 0.774701
36.686 0.762445
36.687 0.750022
36.688 0.737436
36.689 0.724692
36.69 0.711793
36.691 0.698745
36.692 0.685551
36.693 0.672219
36.694 0.658754
36.695 0.645161
36.696 0.631445
36.697 0.617614
36.698 0.603673
36.699 0.589627
36.7 0.575483
36.701 0.561246
36.702 0.546923
36.703 0.532519
36.704 0.518041
36.705 0.503495
36.706 0.488886
36.707 0.474221
36.708 0.459507
36.709 0.444748
36.71 0.429952
36.711 0.415125
36.712 0.400272
36.713 0.3854
36.714 0.370515
36.715 0.355623
36.716 0.340731
36.717 0.325845
36.718 0.31097
36.719 0.296113
36.72 0.28128
36.721 0.266477
36.722 0.251711
36.723 0.236986
36.724 0.22231
36.725 0.207689
36.726 0.193128
36.727 0.178633
36.728 0.16421
36.729 0.149865
36.73 0.135604
36.731 0.121432
36.732 0.107355
36.733 0.0933758
36.734 0.0794996
36.735 0.0657307
36.736 0.0520732
36.737 0.0385315
36.738 0.0251096
36.739 0.0118117
36.74 -0.00135826
36.741 -0.0143963
36.742 -0.0272984
36.743 -0.0400609
36.744 -0.05268
36.745 -0.0651519
36.746 -0.077473
36.747 -0.0896398
36.748 -0.101649
36.749 -0.113497
36.75 -0.12518
36.751 -0.136695
36.752 -0.148038
36.753 -0.159204
36.754 -0.17019
36.755 -0.180991
36.756 -0.191603
36.757 -0.202021
36.758 -0.212243
36.759 -0.222264
36.76 -0.232081
36.761 -0.24169
36.762 -0.251089
36.763 -0.260275
36.764 -0.269247
36.765 -0.278002
36.766 -0.286538
36.767 -0.294855
36.768 -0.302949
36.769 -0.310821
36.77 -0.318467
36.771 -0.325887
36.772 -0.333079
36.773 -0.340043
36.774 -0.346776
36.775 -0.353279
36.776 -0.35955
36.777 -0.365589
36.778 -0.371394
36.779 -0.376966
36.78 -0.382303
36.781 -0.387406
36.782 -0.392274
36.783 -0.396907
36.784 -0.401305
36.785 -0.405467
36.786 -0.409395
36.787 -0.413088
36.788 -0.416547
36.789 -0.419771
36.79 -0.422762
36.791 -0.425521
36.792 -0.428047
36.793 -0.430342
36.794 -0.432407
36.795 -0.434242
36.796 -0.435849
36.797 -0.437229
36.798 -0.438383
36.799 -0.439313
36.8 -0.440019
36.801 -0.440505
36.802 -0.440772
36.803 -0.440823
36.804 -0.440663
36.805 -0.440292
36.806 -0.439716
36.807 -0.438937
36.808 -0.437959
36.809 -0.436785
36.81 -0.435418
36.811 -0.433862
36.812 -0.432121
36.813 -0.430195
36.814 -0.428089
36.815 -0.425804
36.816 -0.423343
36.817 -0.420709
36.818 -0.417905
36.819 -0.414934
36.82 -0.411799
36.821 -0.408503
36.822 -0.405049
36.823 -0.401439
36.824 -0.397679
36.825 -0.39377
36.826 -0.389716
36.827 -0.38552
36.828 -0.381187
36.829 -0.376718
36.83 -0.372119
36.831 -0.367392
36.832 -0.362541
36.833 -0.35757
36.834 -0.352483
36.835 -0.347282
36.836 -0.341973
36.837 -0.336559
36.838 -0.331044
36.839 -0.325431
36.84 -0.319725
36.841 -0.313929
36.842 -0.308047
36.843 -0.30208
36.844 -0.296033
36.845 -0.289908
36.846 -0.283707
36.847 -0.277433
36.848 -0.27109
36.849 -0.264681
36.85 -0.258207
36.851 -0.251674
36.852 -0.245084
36.853 -0.238441
36.854 -0.231751
36.855 -0.225016
36.856 -0.218243
36.857 -0.211434
36.858 -0.204595
36.859 -0.197729
36.86 -0.190841
36.861 -0.183935
36.862 -0.177017
36.863 -0.170092
36.864 -0.163166
36.865 -0.156245
36.866 -0.149333
36.867 -0.142437
36.868 -0.135562
36.869 -0.128714
36.87 -0.121897
36.871 -0.115118
36.872 -0.10838
36.873 -0.101688
36.874 -0.0950462
36.875 -0.0884584
36.876 -0.0819287
36.877 -0.0754612
36.878 -0.06906
36.879 -0.062729
36.88 -0.0564722
36.881 -0.0502936
36.882 -0.0441969
36.883 -0.0381861
36.884 -0.0322649
36.885 -0.0264371
36.886 -0.0207064
36.887 -0.0150765
36.888 -0.00955109
36.889 -0.00413362
36.89 0.00117231
36.891 0.00636418
36.892 0.0114414
36.893 0.0164043
36.894 0.0212534
36.895 0.0259892
36.896 0.0306121
36.897 0.0351228
36.898 0.0395219
36.899 0.04381
36.9 0.0479879
36.901 0.0520563
36.902 0.0560161
36.903 0.0598682
36.904 0.0636133
36.905 0.0672526
36.906 0.070787
36.907 0.0742175
36.908 0.0775452
36.909 0.0807713
36.91 0.083897
36.911 0.086924
36.912 0.0898556
36.913 0.0926954
36.914 0.0954474
36.915 0.0981154
36.916 0.100703
36.917 0.103215
36.918 0.105655
36.919 0.108026
36.92 0.110334
36.921 0.112581
36.922 0.11477
36.923 0.116906
36.924 0.118989
36.925 0.121024
36.926 0.123014
36.927 0.12496
36.928 0.126866
36.929 0.128736
36.93 0.130571
36.931 0.132376
36.932 0.134154
36.933 0.13591
36.934 0.137647
36.935 0.13937
36.936 0.141084
36.937 0.142792
36.938 0.144499
36.939 0.146209
36.94 0.147926
36.941 0.149655
36.942 0.151396
36.943 0.153153
36.944 0.154927
36.945 0.156719
36.946 0.158532
36.947 0.160366
36.948 0.162225
36.949 0.164108
36.95 0.166019
36.951 0.167958
36.952 0.169928
36.953 0.17193
36.954 0.173965
36.955 0.176036
36.956 0.178143
36.957 0.180289
36.958 0.182475
36.959 0.184703
36.96 0.186973
36.961 0.189288
36.962 0.191648
36.963 0.194053
36.964 0.196502
36.965 0.198998
36.966 0.201539
36.967 0.204125
36.968 0.206758
36.969 0.209436
36.97 0.21216
36.971 0.214931
36.972 0.217748
36.973 0.22061
36.974 0.223519
36.975 0.226475
36.976 0.229476
36.977 0.232523
36.978 0.235617
36.979 0.238756
36.98 0.241942
36.981 0.245173
36.982 0.248449
36.983 0.251771
36.984 0.255139
36.985 0.258551
36.986 0.262008
36.987 0.26551
36.988 0.269056
36.989 0.272647
36.99 0.276281
36.991 0.279959
36.992 0.283679
36.993 0.287443
36.994 0.291249
36.995 0.295098
36.996 0.298988
36.997 0.302919
36.998 0.306892
36.999 0.310904
37 0.314957
37.001 0.319049
37.002 0.323181
37.003 0.32735
37.004 0.331558
37.005 0.335804
37.006 0.340086
37.007 0.344405
37.008 0.348759
37.009 0.353149
37.01 0.357573
37.011 0.362031
37.012 0.366522
37.013 0.371047
37.014 0.375603
37.015 0.38019
37.016 0.384808
37.017 0.389457
37.018 0.394134
37.019 0.39884
37.02 0.403573
37.021 0.408334
37.022 0.413121
37.023 0.417934
37.024 0.422771
37.025 0.427632
37.026 0.432516
37.027 0.437423
37.028 0.442351
37.029 0.4473
37.03 0.452269
37.031 0.457256
37.032 0.462261
37.033 0.46728
37.034 0.472313
37.035 0.477355
37.036 0.482407
37.037 0.487464
37.038 0.492526
37.039 0.49759
37.04 0.502654
37.041 0.507716
37.042 0.512773
37.043 0.51782
37.044 0.522856
37.045 0.527876
37.046 0.532877
37.047 0.537856
37.048 0.542809
37.049 0.547734
37.05 0.552626
37.051 0.557484
37.052 0.562305
37.053 0.56709
37.054 0.571837
37.055 0.576546
37.056 0.581216
37.057 0.585846
37.058 0.590436
37.059 0.594985
37.06 0.599493
37.061 0.603958
37.062 0.60838
37.063 0.612759
37.064 0.617095
37.065 0.621385
37.066 0.625631
37.067 0.629832
37.068 0.633986
37.069 0.638095
37.07 0.642156
37.071 0.646171
37.072 0.650139
37.073 0.654062
37.074 0.65794
37.075 0.661774
37.076 0.665566
37.077 0.669316
37.078 0.673025
37.079 0.676695
37.08 0.680326
37.081 0.683918
37.082 0.687473
37.083 0.690989
37.084 0.694467
37.085 0.697906
37.086 0.701306
37.087 0.704668
37.088 0.70799
37.089 0.711274
37.09 0.714518
37.091 0.717723
37.092 0.720888
37.093 0.724014
37.094 0.727101
37.095 0.730148
37.096 0.733156
37.097 0.736124
37.098 0.739053
37.099 0.741943
37.1 0.744793
37.101 0.747605
37.102 0.750377
37.103 0.75311
37.104 0.755805
37.105 0.758461
37.106 0.761078
37.107 0.763657
37.108 0.766198
37.109 0.768701
37.11 0.771167
37.111 0.773595
37.112 0.775986
37.113 0.77834
37.114 0.780658
37.115 0.782939
37.116 0.785185
37.117 0.787395
37.118 0.78957
37.119 0.79171
37.12 0.793816
37.121 0.795887
37.122 0.797927
37.123 0.799936
37.124 0.801916
37.125 0.803868
37.126 0.805795
37.127 0.807698
37.128 0.809579
37.129 0.811439
37.13 0.813281
37.131 0.815106
37.132 0.816914
37.133 0.818706
37.134 0.820483
37.135 0.822245
37.136 0.823993
37.137 0.825727
37.138 0.827448
37.139 0.829157
37.14 0.830853
37.141 0.832537
37.142 0.834211
37.143 0.835874
37.144 0.837527
37.145 0.839171
37.146 0.840807
37.147 0.842434
37.148 0.844053
37.149 0.845666
37.15 0.847273
37.151 0.848873
37.152 0.850467
37.153 0.852054
37.154 0.853633
37.155 0.855204
37.156 0.856765
37.157 0.858318
37.158 0.859859
37.159 0.86139
37.16 0.86291
37.161 0.864417
37.162 0.86591
37.163 0.867387
37.164 0.868846
37.165 0.870286
37.166 0.871704
37.167 0.8731
37.168 0.87447
37.169 0.875813
37.17 0.877128
37.171 0.878413
37.172 0.879666
37.173 0.880889
37.174 0.882079
37.175 0.883237
37.176 0.884363
37.177 0.885455
37.178 0.886514
37.179 0.887538
37.18 0.888528
37.181 0.889483
37.182 0.890401
37.183 0.891282
37.184 0.892122
37.185 0.892922
37.186 0.893678
37.187 0.894391
37.188 0.895057
37.189 0.895677
37.19 0.896247
37.191 0.896768
37.192 0.897238
37.193 0.897658
37.194 0.898027
37.195 0.898345
37.196 0.898612
37.197 0.898829
37.198 0.898994
37.199 0.899109
37.2 0.899172
37.201 0.899184
37.202 0.899146
37.203 0.899056
37.204 0.898916
37.205 0.898725
37.206 0.898483
37.207 0.898191
37.208 0.897848
37.209 0.897456
37.21 0.897013
37.211 0.896521
37.212 0.895978
37.213 0.895383
37.214 0.894736
37.215 0.894035
37.216 0.893279
37.217 0.892468
37.218 0.891601
37.219 0.890677
37.22 0.889695
37.221 0.888654
37.222 0.887554
37.223 0.886394
37.224 0.885172
37.225 0.883889
37.226 0.882544
37.227 0.881136
37.228 0.879664
37.229 0.878128
37.23 0.876528
37.231 0.874862
37.232 0.873132
37.233 0.871339
37.234 0.869482
37.235 0.867563
37.236 0.865583
37.237 0.863543
37.238 0.861443
37.239 0.859285
37.24 0.857069
37.241 0.854797
37.242 0.852468
37.243 0.850086
37.244 0.847649
37.245 0.84516
37.246 0.84262
37.247 0.84003
37.248 0.83739
37.249 0.834702
37.25 0.831967
37.251 0.829187
37.252 0.826364
37.253 0.823499
37.254 0.820597
37.255 0.817658
37.256 0.814687
37.257 0.811684
37.258 0.808653
37.259 0.805597
37.26 0.802517
37.261 0.799417
37.262 0.796299
37.263 0.793165
37.264 0.790018
37.265 0.786861
37.266 0.783697
37.267 0.780527
37.268 0.777355
37.269 0.774182
37.27 0.771013
37.271 0.767849
37.272 0.764695
37.273 0.761557
37.274 0.758439
37.275 0.755347
37.276 0.752285
37.277 0.749259
37.278 0.746274
37.279 0.743333
37.28 0.740444
37.281 0.737609
37.282 0.734834
37.283 0.732121
37.284 0.729475
37.285 0.726898
37.286 0.724395
37.287 0.721969
37.288 0.719624
37.289 0.717362
37.29 0.715188
37.291 0.713104
37.292 0.711114
37.293 0.709221
37.294 0.707429
37.295 0.705741
37.296 0.704159
37.297 0.702688
37.298 0.701329
37.299 0.700086
37.3 0.698962
37.301 0.69796
37.302 0.697081
37.303 0.696328
37.304 0.6957
37.305 0.695201
37.306 0.694831
37.307 0.694591
37.308 0.694484
37.309 0.694509
37.31 0.694669
37.311 0.694964
37.312 0.695396
37.313 0.695965
37.314 0.696672
37.315 0.697519
37.316 0.698506
37.317 0.699633
37.318 0.700902
37.319 0.702313
37.32 0.703867
37.321 0.705564
37.322 0.707403
37.323 0.709383
37.324 0.711505
37.325 0.713766
37.326 0.716165
37.327 0.718702
37.328 0.721376
37.329 0.724185
37.33 0.727127
37.331 0.730203
37.332 0.733409
37.333 0.736746
37.334 0.74021
37.335 0.743802
37.336 0.747519
37.337 0.751359
37.338 0.755322
37.339 0.759404
37.34 0.763605
37.341 0.767923
37.342 0.772355
37.343 0.7769
37.344 0.781556
37.345 0.786321
37.346 0.791193
37.347 0.796169
37.348 0.801248
37.349 0.806427
37.35 0.811704
37.351 0.817076
37.352 0.822541
37.353 0.828095
37.354 0.833734
37.355 0.839454
37.356 0.845252
37.357 0.851123
37.358 0.857066
37.359 0.863074
37.36 0.869145
37.361 0.875276
37.362 0.881462
37.363 0.887703
37.364 0.893994
37.365 0.900334
37.366 0.906719
37.367 0.913147
37.368 0.919616
37.369 0.926122
37.37 0.932663
37.371 0.939236
37.372 0.945839
37.373 0.952468
37.374 0.959121
37.375 0.965795
37.376 0.972487
37.377 0.979194
37.378 0.985915
37.379 0.992645
37.38 0.999382
37.381 1.00612
37.382 1.01287
37.383 1.01961
37.384 1.02635
37.385 1.03308
37.386 1.0398
37.387 1.04651
37.388 1.0532
37.389 1.05987
37.39 1.06653
37.391 1.07316
37.392 1.07976
37.393 1.08633
37.394 1.09287
37.395 1.09937
37.396 1.10582
37.397 1.11223
37.398 1.11859
37.399 1.12489
37.4 1.13113
37.401 1.13731
37.402 1.14343
37.403 1.14948
37.404 1.15546
37.405 1.16136
37.406 1.1672
37.407 1.17295
37.408 1.17863
37.409 1.18423
37.41 1.18974
37.411 1.19517
37.412 1.2005
37.413 1.20575
37.414 1.21091
37.415 1.21597
37.416 1.22094
37.417 1.22581
37.418 1.23057
37.419 1.23524
37.42 1.2398
37.421 1.24426
37.422 1.24861
37.423 1.25286
37.424 1.25699
37.425 1.26101
37.426 1.26491
37.427 1.26871
37.428 1.27238
37.429 1.27594
37.43 1.27938
37.431 1.2827
37.432 1.28589
37.433 1.28897
37.434 1.29192
37.435 1.29475
37.436 1.29745
37.437 1.30002
37.438 1.30247
37.439 1.30479
37.44 1.30697
37.441 1.30903
37.442 1.31096
37.443 1.31275
37.444 1.31441
37.445 1.31593
37.446 1.31731
37.447 1.31855
37.448 1.31965
37.449 1.3206
37.45 1.32141
37.451 1.32207
37.452 1.32259
37.453 1.32295
37.454 1.32317
37.455 1.32323
37.456 1.32314
37.457 1.3229
37.458 1.32251
37.459 1.32195
37.46 1.32124
37.461 1.32038
37.462 1.31936
37.463 1.31818
37.464 1.31685
37.465 1.31536
37.466 1.31372
37.467 1.31193
37.468 1.30999
37.469 1.30789
37.47 1.30565
37.471 1.30325
37.472 1.30071
37.473 1.29802
37.474 1.29518
37.475 1.2922
37.476 1.28906
37.477 1.28578
37.478 1.28235
37.479 1.27877
37.48 1.27505
37.481 1.27117
37.482 1.26716
37.483 1.263
37.484 1.25869
37.485 1.25424
37.486 1.24965
37.487 1.24491
37.488 1.24004
37.489 1.23502
37.49 1.22986
37.491 1.22457
37.492 1.21914
37.493 1.21357
37.494 1.20787
37.495 1.20203
37.496 1.19607
37.497 1.18997
37.498 1.18374
37.499 1.17739
37.5 1.1709
37.501 1.1643
37.502 1.15757
37.503 1.15071
37.504 1.14373
37.505 1.13663
37.506 1.12941
37.507 1.12207
37.508 1.1146
37.509 1.10701
37.51 1.09931
37.511 1.09148
37.512 1.08354
37.513 1.07549
37.514 1.06732
37.515 1.05905
37.516 1.05066
37.517 1.04217
37.518 1.03358
37.519 1.02489
37.52 1.0161
37.521 1.00722
37.522 0.998238
37.523 0.98917
37.524 0.980014
37.525 0.970773
37.526 0.96145
37.527 0.952047
37.528 0.942567
37.529 0.933014
37.53 0.923388
37.531 0.913695
37.532 0.903934
37.533 0.894108
37.534 0.884219
37.535 0.874268
37.536 0.864256
37.537 0.854186
37.538 0.84406
37.539 0.833878
37.54 0.823643
37.541 0.813357
37.542 0.803021
37.543 0.792638
37.544 0.782209
37.545 0.771736
37.546 0.761221
37.547 0.750666
37.548 0.740072
37.549 0.729443
37.55 0.718779
37.551 0.708083
37.552 0.697359
37.553 0.686608
37.554 0.675835
37.555 0.665042
37.556 0.654234
37.557 0.643413
37.558 0.632582
37.559 0.621746
37.56 0.610906
37.561 0.600067
37.562 0.589231
37.563 0.578402
37.564 0.567584
37.565 0.556779
37.566 0.545991
37.567 0.535222
37.568 0.524477
37.569 0.513758
37.57 0.503069
37.571 0.492413
37.572 0.481794
37.573 0.471217
37.574 0.460686
37.575 0.450205
37.576 0.439779
37.577 0.429412
37.578 0.419108
37.579 0.408872
37.58 0.398707
37.581 0.388619
37.582 0.378611
37.583 0.368687
37.584 0.358851
37.585 0.349108
37.586 0.339461
37.587 0.329915
37.588 0.320473
37.589 0.311139
37.59 0.301917
37.591 0.29281
37.592 0.283823
37.593 0.274959
37.594 0.266222
37.595 0.257615
37.596 0.249141
37.597 0.240805
37.598 0.232609
37.599 0.224558
37.6 0.216653
37.601 0.208898
37.602 0.201297
37.603 0.193852
37.604 0.186566
37.605 0.179443
37.606 0.172485
37.607 0.165695
37.608 0.159075
37.609 0.152628
37.61 0.146358
37.611 0.140265
37.612 0.134351
37.613 0.128618
37.614 0.123066
37.615 0.117696
37.616 0.11251
37.617 0.107507
37.618 0.102689
37.619 0.098056
37.62 0.0936086
37.621 0.0893476
37.622 0.0852742
37.623 0.08139
37.624 0.0776964
37.625 0.0741948
37.626 0.0708865
37.627 0.0677727
37.628 0.0648545
37.629 0.0621329
37.63 0.0596089
37.631 0.0572827
37.632 0.0551533
37.633 0.0532188
37.634 0.0514773
37.635 0.0499269
37.636 0.0485656
37.637 0.0473912
37.638 0.0464015
37.639 0.0455943
37.64 0.0449672
37.641 0.0445181
37.642 0.0442454
37.643 0.0441479
37.644 0.0442242
37.645 0.0444727
37.646 0.0448921
37.647 0.0454805
37.648 0.0462365
37.649 0.0471583
37.65 0.048244
37.651 0.0494919
37.652 0.0508998
37.653 0.052466
37.654 0.0541882
37.655 0.0560644
37.656 0.0580923
37.657 0.0602698
37.658 0.0625944
37.659 0.0650638
37.66 0.0676756
37.661 0.0704273
37.662 0.0733163
37.663 0.0763401
37.664 0.079496
37.665 0.0827812
37.666 0.086193
37.667 0.0897287
37.668 0.0933853
37.669 0.0971599
37.67 0.10105
37.671 0.105051
37.672 0.10916
37.673 0.113373
37.674 0.117685
37.675 0.122091
37.676 0.126588
37.677 0.13117
37.678 0.135834
37.679 0.140574
37.68 0.145386
37.681 0.150266
37.682 0.15521
37.683 0.160215
37.684 0.165277
37.685 0.170393
37.686 0.175559
37.687 0.180773
37.688 0.186029
37.689 0.191326
37.69 0.196659
37.691 0.202024
37.692 0.207418
37.693 0.212834
37.694 0.21827
37.695 0.223718
37.696 0.229176
37.697 0.234638
37.698 0.240098
37.699 0.245553
37.7 0.250998
37.701 0.256428
37.702 0.261839
37.703 0.267227
37.704 0.27259
37.705 0.277924
37.706 0.283224
37.707 0.288489
37.708 0.293713
37.709 0.298895
37.71 0.30403
37.711 0.309115
37.712 0.314147
37.713 0.319122
37.714 0.324038
37.715 0.32889
37.716 0.333675
37.717 0.338391
37.718 0.343034
37.719 0.347601
37.72 0.352089
37.721 0.356494
37.722 0.360815
37.723 0.365046
37.724 0.369187
37.725 0.373233
37.726 0.377183
37.727 0.381032
37.728 0.384778
37.729 0.388419
37.73 0.391952
37.731 0.395373
37.732 0.398681
37.733 0.401873
37.734 0.404947
37.735 0.407899
37.736 0.410728
37.737 0.41343
37.738 0.416005
37.739 0.418449
37.74 0.42076
37.741 0.422937
37.742 0.424979
37.743 0.426883
37.744 0.428651
37.745 0.430281
37.746 0.431773
37.747 0.433125
37.748 0.434339
37.749 0.435412
37.75 0.436345
37.751 0.437138
37.752 0.43779
37.753 0.438301
37.754 0.438671
37.755 0.4389
37.756 0.438988
37.757 0.438934
37.758 0.43874
37.759 0.438405
37.76 0.437929
37.761 0.437313
37.762 0.436557
37.763 0.435661
37.764 0.434626
37.765 0.433453
37.766 0.432142
37.767 0.430693
37.768 0.429108
37.769 0.427386
37.77 0.42553
37.771 0.423539
37.772 0.421416
37.773 0.419164
37.774 0.416783
37.775 0.414278
37.776 0.411649
37.777 0.408901
37.778 0.406034
37.779 0.403051
37.78 0.399956
37.781 0.39675
37.782 0.393436
37.783 0.390018
37.784 0.386497
37.785 0.382877
37.786 0.379161
37.787 0.37535
37.788 0.371449
37.789 0.36746
37.79 0.363386
37.791 0.35923
37.792 0.354996
37.793 0.35069
37.794 0.346314
37.795 0.341874
37.796 0.337373
37.797 0.332817
37.798 0.328209
37.799 0.323555
37.8 0.318858
37.801 0.314123
37.802 0.309355
37.803 0.304557
37.804 0.299736
37.805 0.294894
37.806 0.290037
37.807 0.28517
37.808 0.280296
37.809 0.27542
37.81 0.270547
37.811 0.265682
37.812 0.26083
37.813 0.255997
37.814 0.251188
37.815 0.24641
37.816 0.241668
37.817 0.236968
37.818 0.232315
37.819 0.227715
37.82 0.223174
37.821 0.218697
37.822 0.214289
37.823 0.209954
37.824 0.205696
37.825 0.201519
37.826 0.197428
37.827 0.193427
37.828 0.18952
37.829 0.18571
37.83 0.182003
37.831 0.178401
37.832 0.174909
37.833 0.171531
37.834 0.168271
37.835 0.165132
37.836 0.162117
37.837 0.159232
37.838 0.156478
37.839 0.153861
37.84 0.151382
37.841 0.149047
37.842 0.146859
37.843 0.144823
37.844 0.142944
37.845 0.141225
37.846 0.139671
37.847 0.138287
37.848 0.137076
37.849 0.136043
37.85 0.135192
37.851 0.134526
37.852 0.134049
37.853 0.133762
37.854 0.133669
37.855 0.133772
37.856 0.134073
37.857 0.134574
37.858 0.135277
37.859 0.136185
37.86 0.1373
37.861 0.138623
37.862 0.140154
37.863 0.141895
37.864 0.143846
37.865 0.146006
37.866 0.148377
37.867 0.150958
37.868 0.153749
37.869 0.156751
37.87 0.159962
37.871 0.163383
37.872 0.167013
37.873 0.170848
37.874 0.174889
37.875 0.179132
37.876 0.183577
37.877 0.18822
37.878 0.19306
37.879 0.198096
37.88 0.203323
37.881 0.208741
37.882 0.214348
37.883 0.220143
37.884 0.226124
37.885 0.23229
37.886 0.23864
37.887 0.245172
37.888 0.251884
37.889 0.258775
37.89 0.265843
37.891 0.273086
37.892 0.280502
37.893 0.288085
37.894 0.295835
37.895 0.303746
37.896 0.311817
37.897 0.320042
37.898 0.328419
37.899 0.336945
37.9 0.345614
37.901 0.354425
37.902 0.363374
37.903 0.372459
37.904 0.381676
37.905 0.391024
37.906 0.400499
37.907 0.410099
37.908 0.419821
37.909 0.429662
37.91 0.439619
37.911 0.449688
37.912 0.459868
37.913 0.470155
37.914 0.480546
37.915 0.491037
37.916 0.501626
37.917 0.512309
37.918 0.523083
37.919 0.533944
37.92 0.54489
37.921 0.555917
37.922 0.567021
37.923 0.578199
37.924 0.589448
37.925 0.600764
37.926 0.612144
37.927 0.623583
37.928 0.635079
37.929 0.646628
37.93 0.658226
37.931 0.669869
37.932 0.681553
37.933 0.693273
37.934 0.705024
37.935 0.7168
37.936 0.728598
37.937 0.740412
37.938 0.752236
37.939 0.764067
37.94 0.7759
37.941 0.787728
37.942 0.79955
37.943 0.81136
37.944 0.823155
37.945 0.834932
37.946 0.846687
37.947 0.858417
37.948 0.870117
37.949 0.881783
37.95 0.893414
37.951 0.905004
37.952 0.916551
37.953 0.92805
37.954 0.939498
37.955 0.950893
37.956 0.962229
37.957 0.973505
37.958 0.984716
37.959 0.995859
37.96 1.00693
37.961 1.01793
37.962 1.02885
37.963 1.03968
37.964 1.05043
37.965 1.06108
37.966 1.07164
37.967 1.0821
37.968 1.09245
37.969 1.10269
37.97 1.11282
37.971 1.12283
37.972 1.13272
37.973 1.14248
37.974 1.15212
37.975 1.16163
37.976 1.17101
37.977 1.18026
37.978 1.18937
37.979 1.19834
37.98 1.20717
37.981 1.21586
37.982 1.2244
37.983 1.2328
37.984 1.24104
37.985 1.24913
37.986 1.25707
37.987 1.26485
37.988 1.27248
37.989 1.27995
37.99 1.28725
37.991 1.2944
37.992 1.30138
37.993 1.30819
37.994 1.31484
37.995 1.32132
37.996 1.32763
37.997 1.33377
37.998 1.33974
37.999 1.34553
38 1.35115
38.001 1.3566
38.002 1.36187
38.003 1.36696
38.004 1.37188
38.005 1.37661
38.006 1.38115
38.007 1.38552
38.008 1.38969
38.009 1.39367
38.01 1.39747
38.011 1.40108
38.012 1.40449
38.013 1.40771
38.014 1.41074
38.015 1.41358
38.016 1.41624
38.017 1.4187
38.018 1.42097
38.019 1.42305
38.02 1.42494
38.021 1.42665
38.022 1.42817
38.023 1.4295
38.024 1.43064
38.025 1.43159
38.026 1.43236
38.027 1.43293
38.028 1.43332
38.029 1.43352
38.03 1.43353
38.031 1.43335
38.032 1.43298
38.033 1.43243
38.034 1.43168
38.035 1.43075
38.036 1.42964
38.037 1.42834
38.038 1.42686
38.039 1.42519
38.04 1.42334
38.041 1.42131
38.042 1.4191
38.043 1.41671
38.044 1.41414
38.045 1.4114
38.046 1.40848
38.047 1.40538
38.048 1.40212
38.049 1.39868
38.05 1.39507
38.051 1.3913
38.052 1.38737
38.053 1.38327
38.054 1.37901
38.055 1.37461
38.056 1.37005
38.057 1.36534
38.058 1.36048
38.059 1.35549
38.06 1.35036
38.061 1.3451
38.062 1.3397
38.063 1.33418
38.064 1.32854
38.065 1.32277
38.066 1.31689
38.067 1.3109
38.068 1.30481
38.069 1.29861
38.07 1.29231
38.071 1.28591
38.072 1.27943
38.073 1.27286
38.074 1.2662
38.075 1.25947
38.076 1.25266
38.077 1.24578
38.078 1.23883
38.079 1.23182
38.08 1.22476
38.081 1.21764
38.082 1.21047
38.083 1.20326
38.084 1.19601
38.085 1.18872
38.086 1.1814
38.087 1.17405
38.088 1.16668
38.089 1.15929
38.09 1.15189
38.091 1.14447
38.092 1.13706
38.093 1.12964
38.094 1.12222
38.095 1.11481
38.096 1.10742
38.097 1.10004
38.098 1.09268
38.099 1.08535
38.1 1.07805
38.101 1.07078
38.102 1.06355
38.103 1.05636
38.104 1.04921
38.105 1.04211
38.106 1.03506
38.107 1.02806
38.108 1.02111
38.109 1.01422
38.11 1.0074
38.111 1.00063
38.112 0.993935
38.113 0.987306
38.114 0.98075
38.115 0.974267
38.116 0.967862
38.117 0.961537
38.118 0.955294
38.119 0.949137
38.12 0.943067
38.121 0.937086
38.122 0.931197
38.123 0.9254
38.124 0.919697
38.125 0.914088
38.126 0.908575
38.127 0.903158
38.128 0.89784
38.129 0.892619
38.13 0.887498
38.131 0.882478
38.132 0.877559
38.133 0.872746
38.134 0.868038
38.135 0.863438
38.136 0.858948
38.137 0.85457
38.138 0.850306
38.139 0.846157
38.14 0.842125
38.141 0.838211
38.142 0.834415
38.143 0.830739
38.144 0.827183
38.145 0.823745
38.146 0.820428
38.147 0.81723
38.148 0.814151
38.149 0.811192
38.15 0.808353
38.151 0.805634
38.152 0.803037
38.153 0.800563
38.154 0.798216
38.155 0.795997
38.156 0.793908
38.157 0.791952
38.158 0.790131
38.159 0.788446
38.16 0.786899
38.161 0.785492
38.162 0.784225
38.163 0.7831
38.164 0.782116
38.165 0.781274
38.166 0.780573
38.167 0.780015
38.168 0.7796
38.169 0.779326
38.17 0.779196
38.171 0.779208
38.172 0.779364
38.173 0.779664
38.174 0.78011
38.175 0.780703
38.176 0.781443
38.177 0.782332
38.178 0.783371
38.179 0.784559
38.18 0.785898
38.181 0.787387
38.182 0.789026
38.183 0.790812
38.184 0.792744
38.185 0.794818
38.186 0.797033
38.187 0.799387
38.188 0.801877
38.189 0.804501
38.19 0.807256
38.191 0.81014
38.192 0.813151
38.193 0.816285
38.194 0.819541
38.195 0.822915
38.196 0.826404
38.197 0.830007
38.198 0.83372
38.199 0.83754
38.2 0.841464
38.201 0.84549
38.202 0.849616
38.203 0.853839
38.204 0.858159
38.205 0.862573
38.206 0.867079
38.207 0.871675
38.208 0.876359
38.209 0.88113
38.21 0.885985
38.211 0.890923
38.212 0.895942
38.213 0.901042
38.214 0.90622
38.215 0.911478
38.216 0.916813
38.217 0.922225
38.218 0.927712
38.219 0.933273
38.22 0.938908
38.221 0.944615
38.222 0.950391
38.223 0.956234
38.224 0.962143
38.225 0.968113
38.226 0.974144
38.227 0.980231
38.228 0.986374
38.229 0.992568
38.23 0.998811
38.231 1.0051
38.232 1.01144
38.233 1.01782
38.234 1.02424
38.235 1.03071
38.236 1.03721
38.237 1.04375
38.238 1.05033
38.239 1.05694
38.24 1.06359
38.241 1.07027
38.242 1.07698
38.243 1.08372
38.244 1.09048
38.245 1.09728
38.246 1.10409
38.247 1.11093
38.248 1.11779
38.249 1.12467
38.25 1.13157
38.251 1.13848
38.252 1.14541
38.253 1.15234
38.254 1.15928
38.255 1.16622
38.256 1.17315
38.257 1.18008
38.258 1.18699
38.259 1.19389
38.26 1.20076
38.261 1.20761
38.262 1.21443
38.263 1.22122
38.264 1.22797
38.265 1.23469
38.266 1.24135
38.267 1.24797
38.268 1.25453
38.269 1.26104
38.27 1.26749
38.271 1.27387
38.272 1.28019
38.273 1.28644
38.274 1.29261
38.275 1.29871
38.276 1.30474
38.277 1.31068
38.278 1.31654
38.279 1.32232
38.28 1.32802
38.281 1.33362
38.282 1.33913
38.283 1.34455
38.284 1.34987
38.285 1.35508
38.286 1.3602
38.287 1.3652
38.288 1.37009
38.289 1.37486
38.29 1.37952
38.291 1.38406
38.292 1.38848
38.293 1.39277
38.294 1.39694
38.295 1.40099
38.296 1.40492
38.297 1.40872
38.298 1.4124
38.299 1.41596
38.3 1.41939
38.301 1.4227
38.302 1.42589
38.303 1.42895
38.304 1.43189
38.305 1.43469
38.306 1.43737
38.307 1.43992
38.308 1.44233
38.309 1.44462
38.31 1.44678
38.311 1.4488
38.312 1.45068
38.313 1.45243
38.314 1.45405
38.315 1.45552
38.316 1.45685
38.317 1.45804
38.318 1.45908
38.319 1.45998
38.32 1.46073
38.321 1.46133
38.322 1.46178
38.323 1.46208
38.324 1.46222
38.325 1.46221
38.326 1.46205
38.327 1.46173
38.328 1.46126
38.329 1.46063
38.33 1.45984
38.331 1.45889
38.332 1.45778
38.333 1.45651
38.334 1.45507
38.335 1.45347
38.336 1.4517
38.337 1.44976
38.338 1.44765
38.339 1.44537
38.34 1.44291
38.341 1.44029
38.342 1.43748
38.343 1.4345
38.344 1.43135
38.345 1.42803
38.346 1.42453
38.347 1.42085
38.348 1.41701
38.349 1.41299
38.35 1.4088
38.351 1.40444
38.352 1.39991
38.353 1.39522
38.354 1.39035
38.355 1.38532
38.356 1.38012
38.357 1.37475
38.358 1.36922
38.359 1.36353
38.36 1.35768
38.361 1.35167
38.362 1.3455
38.363 1.33917
38.364 1.3327
38.365 1.32607
38.366 1.3193
38.367 1.31239
38.368 1.30534
38.369 1.29815
38.37 1.29083
38.371 1.28337
38.372 1.27579
38.373 1.26808
38.374 1.26025
38.375 1.25229
38.376 1.24422
38.377 1.23603
38.378 1.22772
38.379 1.2193
38.38 1.21077
38.381 1.20213
38.382 1.19339
38.383 1.18454
38.384 1.1756
38.385 1.16657
38.386 1.15744
38.387 1.14823
38.388 1.13894
38.389 1.12958
38.39 1.12013
38.391 1.11062
38.392 1.10104
38.393 1.0914
38.394 1.08169
38.395 1.07191
38.396 1.06208
38.397 1.05219
38.398 1.04223
38.399 1.03222
38.4 1.02216
38.401 1.01204
38.402 1.00187
38.403 0.991656
38.404 0.981391
38.405 0.97108
38.406 0.960725
38.407 0.950328
38.408 0.939891
38.409 0.929415
38.41 0.918903
38.411 0.908356
38.412 0.897779
38.413 0.887173
38.414 0.876542
38.415 0.865889
38.416 0.855218
38.417 0.844532
38.418 0.833833
38.419 0.823126
38.42 0.812413
38.421 0.801698
38.422 0.790983
38.423 0.780272
38.424 0.769569
38.425 0.758876
38.426 0.748197
38.427 0.737535
38.428 0.726893
38.429 0.716274
38.43 0.705682
38.431 0.69512
38.432 0.684591
38.433 0.674101
38.434 0.663654
38.435 0.653253
38.436 0.642904
38.437 0.632611
38.438 0.622378
38.439 0.612208
38.44 0.602108
38.441 0.59208
38.442 0.582129
38.443 0.572263
38.444 0.562484
38.445 0.5528
38.446 0.543215
38.447 0.533734
38.448 0.524362
38.449 0.515106
38.45 0.505968
38.451 0.496955
38.452 0.48807
38.453 0.479317
38.454 0.4707
38.455 0.462221
38.456 0.453885
38.457 0.445694
38.458 0.437652
38.459 0.429763
38.46 0.42203
38.461 0.414454
38.462 0.407039
38.463 0.399786
38.464 0.392697
38.465 0.385774
38.466 0.379017
38.467 0.372429
38.468 0.36601
38.469 0.359762
38.47 0.353687
38.471 0.347785
38.472 0.342057
38.473 0.336505
38.474 0.331129
38.475 0.325931
38.476 0.320911
38.477 0.316069
38.478 0.311407
38.479 0.306924
38.48 0.302622
38.481 0.298501
38.482 0.294561
38.483 0.290802
38.484 0.287225
38.485 0.28383
38.486 0.280616
38.487 0.277584
38.488 0.274733
38.489 0.272064
38.49 0.269575
38.491 0.267267
38.492 0.265141
38.493 0.263197
38.494 0.261436
38.495 0.259858
38.496 0.258464
38.497 0.257254
38.498 0.25623
38.499 0.25539
38.5 0.254735
38.501 0.254265
38.502 0.253981
38.503 0.253882
38.504 0.253968
38.505 0.254239
38.506 0.254695
38.507 0.255336
38.508 0.25616
38.509 0.257168
38.51 0.258358
38.511 0.259731
38.512 0.261286
38.513 0.263021
38.514 0.264936
38.515 0.26703
38.516 0.269302
38.517 0.27175
38.518 0.274374
38.519 0.277173
38.52 0.280144
38.521 0.283287
38.522 0.286599
38.523 0.290077
38.524 0.293719
38.525 0.297521
38.526 0.30148
38.527 0.305594
38.528 0.309859
38.529 0.314272
38.53 0.31883
38.531 0.32353
38.532 0.328368
38.533 0.333342
38.534 0.338446
38.535 0.343679
38.536 0.349036
38.537 0.354514
38.538 0.36011
38.539 0.365819
38.54 0.371637
38.541 0.377562
38.542 0.383589
38.543 0.389715
38.544 0.395934
38.545 0.402245
38.546 0.408642
38.547 0.415122
38.548 0.42168
38.549 0.428312
38.55 0.435015
38.551 0.441785
38.552 0.448615
38.553 0.4555
38.554 0.462436
38.555 0.469416
38.556 0.476435
38.557 0.483488
38.558 0.490569
38.559 0.497673
38.56 0.504795
38.561 0.511928
38.562 0.51907
38.563 0.526218
38.564 0.533369
38.565 0.540519
38.566 0.547666
38.567 0.554807
38.568 0.561938
38.569 0.569057
38.57 0.576161
38.571 0.583247
38.572 0.590312
38.573 0.597352
38.574 0.604366
38.575 0.611349
38.576 0.6183
38.577 0.625215
38.578 0.632092
38.579 0.638926
38.58 0.645717
38.581 0.652461
38.582 0.659156
38.583 0.665801
38.584 0.672394
38.585 0.678935
38.586 0.68542
38.587 0.69185
38.588 0.698222
38.589 0.704535
38.59 0.710788
38.591 0.71698
38.592 0.723109
38.593 0.729174
38.594 0.735173
38.595 0.741106
38.596 0.746972
38.597 0.752768
38.598 0.758495
38.599 0.76415
38.6 0.769734
38.601 0.775243
38.602 0.780678
38.603 0.786034
38.604 0.791311
38.605 0.796506
38.606 0.801616
38.607 0.806641
38.608 0.811577
38.609 0.816422
38.61 0.821176
38.611 0.825835
38.612 0.830398
38.613 0.834864
38.614 0.839229
38.615 0.843493
38.616 0.847654
38.617 0.85171
38.618 0.855659
38.619 0.859501
38.62 0.863232
38.621 0.866853
38.622 0.870361
38.623 0.873754
38.624 0.877033
38.625 0.880195
38.626 0.883239
38.627 0.886164
38.628 0.888969
38.629 0.891652
38.63 0.894213
38.631 0.89665
38.632 0.898962
38.633 0.901146
38.634 0.903201
38.635 0.905123
38.636 0.906912
38.637 0.908565
38.638 0.91008
38.639 0.911456
38.64 0.912691
38.641 0.913784
38.642 0.914733
38.643 0.915539
38.644 0.916201
38.645 0.91672
38.646 0.917094
38.647 0.917324
38.648 0.91741
38.649 0.917352
38.65 0.917151
38.651 0.916805
38.652 0.916316
38.653 0.915684
38.654 0.914909
38.655 0.913991
38.656 0.912932
38.657 0.911731
38.658 0.910389
38.659 0.908907
38.66 0.907285
38.661 0.905525
38.662 0.903627
38.663 0.901592
38.664 0.899421
38.665 0.897115
38.666 0.894675
38.667 0.892102
38.668 0.889397
38.669 0.886562
38.67 0.883597
38.671 0.880504
38.672 0.877283
38.673 0.873935
38.674 0.870459
38.675 0.866856
38.676 0.863126
38.677 0.85927
38.678 0.855288
38.679 0.85118
38.68 0.846948
38.681 0.842591
38.682 0.838112
38.683 0.833513
38.684 0.828795
38.685 0.82396
38.686 0.819011
38.687 0.81395
38.688 0.808779
38.689 0.803501
38.69 0.798116
38.691 0.792629
38.692 0.787041
38.693 0.781354
38.694 0.775571
38.695 0.769695
38.696 0.763728
38.697 0.757672
38.698 0.751531
38.699 0.745306
38.7 0.739001
38.701 0.732618
38.702 0.726159
38.703 0.719629
38.704 0.713028
38.705 0.706361
38.706 0.69963
38.707 0.692838
38.708 0.685987
38.709 0.679081
38.71 0.672123
38.711 0.665116
38.712 0.658063
38.713 0.650969
38.714 0.643839
38.715 0.636676
38.716 0.629484
38.717 0.622269
38.718 0.615034
38.719 0.607783
38.72 0.600522
38.721 0.593253
38.722 0.585981
38.723 0.578708
38.724 0.571437
38.725 0.564171
38.726 0.556914
38.727 0.549668
38.728 0.542437
38.729 0.535223
38.73 0.52803
38.731 0.52086
38.732 0.513716
38.733 0.506602
38.734 0.49952
38.735 0.492474
38.736 0.485465
38.737 0.478498
38.738 0.471575
38.739 0.464698
38.74 0.457871
38.741 0.451097
38.742 0.444378
38.743 0.437717
38.744 0.431117
38.745 0.42458
38.746 0.41811
38.747 0.411708
38.748 0.405378
38.749 0.399122
38.75 0.392942
38.751 0.386842
38.752 0.380821
38.753 0.374883
38.754 0.369026
38.755 0.363254
38.756 0.357567
38.757 0.351966
38.758 0.346451
38.759 0.341025
38.76 0.335688
38.761 0.33044
38.762 0.325283
38.763 0.320218
38.764 0.315245
38.765 0.310364
38.766 0.305578
38.767 0.300886
38.768 0.296289
38.769 0.291788
38.77 0.287383
38.771 0.283075
38.772 0.278867
38.773 0.274761
38.774 0.270761
38.775 0.266868
38.776 0.263087
38.777 0.25942
38.778 0.255869
38.779 0.252437
38.78 0.249127
38.781 0.24594
38.782 0.242879
38.783 0.239945
38.784 0.237138
38.785 0.234459
38.786 0.231911
38.787 0.229493
38.788 0.227206
38.789 0.225052
38.79 0.223031
38.791 0.221144
38.792 0.21939
38.793 0.217768
38.794 0.216278
38.795 0.21492
38.796 0.213692
38.797 0.212593
38.798 0.211623
38.799 0.21078
38.8 0.210065
38.801 0.209474
38.802 0.20901
38.803 0.208671
38.804 0.208458
38.805 0.20837
38.806 0.208408
38.807 0.208572
38.808 0.208861
38.809 0.209275
38.81 0.209813
38.811 0.210475
38.812 0.211259
38.813 0.212161
38.814 0.213179
38.815 0.214309
38.816 0.215548
38.817 0.216894
38.818 0.218343
38.819 0.219892
38.82 0.221537
38.821 0.223276
38.822 0.225106
38.823 0.227025
38.824 0.229031
38.825 0.231122
38.826 0.233295
38.827 0.235548
38.828 0.23788
38.829 0.240287
38.83 0.242768
38.831 0.245319
38.832 0.247939
38.833 0.250626
38.834 0.253375
38.835 0.256186
38.836 0.259056
38.837 0.261982
38.838 0.264962
38.839 0.267992
38.84 0.271071
38.841 0.274197
38.842 0.277366
38.843 0.280579
38.844 0.283834
38.845 0.287129
38.846 0.290463
38.847 0.293834
38.848 0.297241
38.849 0.300683
38.85 0.304157
38.851 0.307664
38.852 0.311201
38.853 0.31477
38.854 0.31837
38.855 0.321999
38.856 0.325659
38.857 0.329349
38.858 0.333068
38.859 0.336816
38.86 0.340593
38.861 0.344398
38.862 0.34823
38.863 0.352087
38.864 0.355967
38.865 0.359869
38.866 0.363791
38.867 0.367732
38.868 0.37169
38.869 0.375662
38.87 0.379648
38.871 0.383646
38.872 0.387654
38.873 0.39167
38.874 0.395693
38.875 0.399721
38.876 0.403752
38.877 0.407785
38.878 0.411818
38.879 0.415848
38.88 0.419875
38.881 0.423897
38.882 0.42791
38.883 0.431913
38.884 0.435901
38.885 0.439872
38.886 0.443824
38.887 0.447752
38.888 0.451655
38.889 0.45553
38.89 0.459373
38.891 0.463182
38.892 0.466955
38.893 0.470691
38.894 0.474388
38.895 0.478044
38.896 0.481659
38.897 0.48523
38.898 0.488756
38.899 0.492235
38.9 0.495667
38.901 0.499049
38.902 0.502381
38.903 0.505661
38.904 0.508888
38.905 0.51206
38.906 0.515175
38.907 0.518234
38.908 0.521234
38.909 0.524175
38.91 0.527054
38.911 0.529872
38.912 0.532626
38.913 0.535316
38.914 0.537941
38.915 0.540499
38.916 0.542989
38.917 0.545411
38.918 0.547764
38.919 0.550046
38.92 0.552257
38.921 0.554396
38.922 0.556463
38.923 0.558458
38.924 0.560383
38.925 0.562237
38.926 0.564022
38.927 0.565737
38.928 0.567383
38.929 0.568961
38.93 0.570471
38.931 0.571915
38.932 0.573294
38.933 0.57461
38.934 0.575865
38.935 0.577061
38.936 0.5782
38.937 0.579284
38.938 0.580315
38.939 0.581296
38.94 0.582228
38.941 0.583114
38.942 0.583955
38.943 0.584755
38.944 0.585514
38.945 0.586236
38.946 0.586922
38.947 0.587576
38.948 0.588198
38.949 0.588791
38.95 0.589359
38.951 0.589901
38.952 0.590421
38.953 0.590919
38.954 0.591396
38.955 0.591852
38.956 0.59229
38.957 0.59271
38.958 0.593114
38.959 0.593502
38.96 0.593876
38.961 0.594236
38.962 0.594584
38.963 0.59492
38.964 0.595247
38.965 0.595565
38.966 0.595875
38.967 0.596178
38.968 0.596476
38.969 0.59677
38.97 0.59706
38.971 0.597348
38.972 0.597635
38.973 0.597923
38.974 0.598211
38.975 0.598502
38.976 0.598797
38.977 0.599096
38.978 0.599401
38.979 0.599713
38.98 0.600033
38.981 0.600362
38.982 0.600701
38.983 0.601052
38.984 0.601415
38.985 0.601791
38.986 0.602183
38.987 0.60259
38.988 0.603014
38.989 0.603455
38.99 0.603916
38.991 0.604396
38.992 0.604899
38.993 0.605427
38.994 0.605981
38.995 0.606565
38.996 0.607179
38.997 0.607828
38.998 0.608512
38.999 0.609234
39 0.609996
39.001 0.6108
39.002 0.611647
39.003 0.612538
39.004 0.613474
39.005 0.614456
39.006 0.615484
39.007 0.61656
39.008 0.617684
39.009 0.618856
39.01 0.620079
39.011 0.621351
39.012 0.622677
39.013 0.624056
39.014 0.625491
39.015 0.626984
39.016 0.628537
39.017 0.630152
39.018 0.63183
39.019 0.633573
39.02 0.635383
39.021 0.637261
39.022 0.639207
39.023 0.641219
39.024 0.643298
39.025 0.645442
39.026 0.64765
39.027 0.649921
39.028 0.652254
39.029 0.654649
39.03 0.657104
39.031 0.659618
39.032 0.662191
39.033 0.664824
39.034 0.667516
39.035 0.670268
39.036 0.67308
39.037 0.675951
39.038 0.678883
39.039 0.681873
39.04 0.684924
39.041 0.688034
39.042 0.691202
39.043 0.694427
39.044 0.697707
39.045 0.701042
39.046 0.704429
39.047 0.707868
39.048 0.711357
39.049 0.714893
39.05 0.718477
39.051 0.722106
39.052 0.72578
39.053 0.729499
39.054 0.733262
39.055 0.737069
39.056 0.740919
39.057 0.744813
39.058 0.74875
39.059 0.752729
39.06 0.75675
39.061 0.760812
39.062 0.764916
39.063 0.76906
39.064 0.773244
39.065 0.777468
39.066 0.781731
39.067 0.786032
39.068 0.790371
39.069 0.794747
39.07 0.79916
39.071 0.803609
39.072 0.808095
39.073 0.812618
39.074 0.817179
39.075 0.821779
39.076 0.826417
39.077 0.831096
39.078 0.835814
39.079 0.840573
39.08 0.845373
39.081 0.850213
39.082 0.855094
39.083 0.860012
39.084 0.864965
39.085 0.869951
39.086 0.874969
39.087 0.880016
39.088 0.885089
39.089 0.890188
39.09 0.895309
39.091 0.900451
39.092 0.905612
39.093 0.910792
39.094 0.91599
39.095 0.921205
39.096 0.926436
39.097 0.931681
39.098 0.936941
39.099 0.942213
39.1 0.947498
39.101 0.952794
39.102 0.958097
39.103 0.963404
39.104 0.968712
39.105 0.974017
39.106 0.979316
39.107 0.984605
39.108 0.989882
39.109 0.995141
39.11 1.00038
39.111 1.0056
39.112 1.01079
39.113 1.01595
39.114 1.02109
39.115 1.02619
39.116 1.03126
39.117 1.03629
39.118 1.04128
39.119 1.04623
39.12 1.05114
39.121 1.05601
39.122 1.06083
39.123 1.0656
39.124 1.07031
39.125 1.07497
39.126 1.07957
39.127 1.0841
39.128 1.08857
39.129 1.09296
39.13 1.09729
39.131 1.10154
39.132 1.10571
39.133 1.1098
39.134 1.11381
39.135 1.11775
39.136 1.12159
39.137 1.12535
39.138 1.12903
39.139 1.13261
39.14 1.13611
39.141 1.13952
39.142 1.14283
39.143 1.14605
39.144 1.14917
39.145 1.1522
39.146 1.15513
39.147 1.15797
39.148 1.1607
39.149 1.16333
39.15 1.16586
39.151 1.16829
39.152 1.17062
39.153 1.17284
39.154 1.17495
39.155 1.17696
39.156 1.17886
39.157 1.18066
39.158 1.18234
39.159 1.18392
39.16 1.18539
39.161 1.18675
39.162 1.188
39.163 1.18913
39.164 1.19014
39.165 1.19103
39.166 1.19179
39.167 1.19243
39.168 1.19294
39.169 1.19332
39.17 1.19356
39.171 1.19367
39.172 1.19364
39.173 1.19347
39.174 1.19315
39.175 1.1927
39.176 1.19211
39.177 1.19137
39.178 1.19048
39.179 1.18945
39.18 1.18828
39.181 1.18696
39.182 1.18549
39.183 1.18388
39.184 1.18212
39.185 1.18021
39.186 1.17815
39.187 1.17594
39.188 1.17359
39.189 1.17108
39.19 1.16843
39.191 1.16562
39.192 1.16267
39.193 1.15956
39.194 1.1563
39.195 1.15289
39.196 1.14932
39.197 1.1456
39.198 1.14172
39.199 1.13768
39.2 1.13349
39.201 1.12914
39.202 1.12463
39.203 1.11996
39.204 1.11514
39.205 1.11016
39.206 1.10503
39.207 1.09974
39.208 1.0943
39.209 1.08872
39.21 1.08298
39.211 1.07709
39.212 1.07105
39.213 1.06487
39.214 1.05855
39.215 1.05208
39.216 1.04547
39.217 1.03872
39.218 1.03183
39.219 1.02481
39.22 1.01765
39.221 1.01035
39.222 1.00293
39.223 0.995385
39.224 0.987714
39.225 0.979923
39.226 0.972015
39.227 0.963994
39.228 0.955863
39.229 0.947626
39.23 0.939286
39.231 0.930847
39.232 0.922312
39.233 0.913685
39.234 0.90497
39.235 0.89617
39.236 0.887289
39.237 0.878331
39.238 0.8693
39.239 0.860199
39.24 0.851033
39.241 0.841805
39.242 0.832519
39.243 0.823179
39.244 0.813789
39.245 0.804353
39.246 0.794875
39.247 0.785358
39.248 0.775808
39.249 0.766227
39.25 0.756621
39.251 0.746993
39.252 0.737346
39.253 0.727686
39.254 0.718015
39.255 0.708339
39.256 0.698662
39.257 0.688986
39.258 0.679317
39.259 0.669658
39.26 0.660013
39.261 0.650387
39.262 0.640782
39.263 0.631201
39.264 0.621646
39.265 0.612121
39.266 0.602627
39.267 0.593169
39.268 0.583748
39.269 0.574367
39.27 0.565029
39.271 0.555737
39.272 0.546492
39.273 0.537298
39.274 0.528157
39.275 0.519071
39.276 0.510044
39.277 0.501078
39.278 0.492174
39.279 0.483336
39.28 0.474566
39.281 0.465866
39.282 0.457241
39.283 0.448692
39.284 0.440225
39.285 0.431842
39.286 0.423547
39.287 0.415343
39.288 0.407233
39.289 0.399222
39.29 0.391311
39.291 0.383505
39.292 0.375805
39.293 0.368213
39.294 0.360732
39.295 0.353362
39.296 0.346105
39.297 0.338964
39.298 0.33194
39.299 0.325034
39.3 0.318249
39.301 0.311584
39.302 0.305043
39.303 0.298626
39.304 0.292334
39.305 0.28617
39.306 0.280133
39.307 0.274226
39.308 0.268449
39.309 0.262804
39.31 0.257291
39.311 0.251911
39.312 0.246665
39.313 0.241555
39.314 0.23658
39.315 0.231742
39.316 0.22704
39.317 0.222477
39.318 0.218052
39.319 0.213765
39.32 0.209617
39.321 0.205609
39.322 0.201741
39.323 0.198013
39.324 0.194424
39.325 0.190976
39.326 0.187669
39.327 0.184501
39.328 0.181474
39.329 0.178587
39.33 0.175839
39.331 0.173232
39.332 0.170764
39.333 0.168434
39.334 0.166244
39.335 0.164191
39.336 0.162276
39.337 0.160498
39.338 0.158856
39.339 0.157349
39.34 0.155978
39.341 0.154741
39.342 0.153638
39.343 0.15267
39.344 0.151837
39.345 0.151139
39.346 0.150576
39.347 0.150149
39.348 0.149858
39.349 0.149701
39.35 0.14968
39.351 0.149795
39.352 0.150046
39.353 0.150434
39.354 0.15096
39.355 0.151625
39.356 0.152431
39.357 0.153377
39.358 0.154465
39.359 0.155694
39.36 0.157067
39.361 0.158582
39.362 0.16024
39.363 0.162039
39.364 0.163979
39.365 0.166059
39.366 0.168278
39.367 0.170634
39.368 0.173127
39.369 0.175755
39.37 0.178517
39.371 0.181412
39.372 0.184439
39.373 0.187596
39.374 0.190882
39.375 0.194294
39.376 0.197833
39.377 0.201495
39.378 0.20528
39.379 0.209185
39.38 0.21321
39.381 0.217351
39.382 0.221606
39.383 0.225972
39.384 0.230446
39.385 0.235024
39.386 0.239703
39.387 0.24448
39.388 0.249352
39.389 0.254315
39.39 0.259366
39.391 0.264501
39.392 0.269716
39.393 0.275009
39.394 0.280376
39.395 0.285813
39.396 0.291316
39.397 0.296883
39.398 0.302509
39.399 0.30819
39.4 0.313923
39.401 0.319705
39.402 0.325533
39.403 0.331404
39.404 0.337315
39.405 0.343265
39.406 0.349251
39.407 0.35527
39.408 0.361319
39.409 0.367397
39.41 0.3735
39.411 0.379626
39.412 0.385772
39.413 0.391936
39.414 0.398115
39.415 0.404307
39.416 0.410508
39.417 0.416717
39.418 0.42293
39.419 0.429146
39.42 0.435361
39.421 0.441573
39.422 0.44778
39.423 0.453982
39.424 0.460177
39.425 0.466363
39.426 0.472539
39.427 0.478704
39.428 0.484856
39.429 0.490995
39.43 0.497118
39.431 0.503225
39.432 0.509314
39.433 0.515384
39.434 0.521434
39.435 0.527462
39.436 0.533467
39.437 0.539448
39.438 0.545404
39.439 0.551333
39.44 0.557235
39.441 0.563107
39.442 0.568948
39.443 0.574754
39.444 0.580525
39.445 0.586257
39.446 0.591948
39.447 0.597596
39.448 0.603197
39.449 0.608751
39.45 0.614255
39.451 0.619705
39.452 0.6251
39.453 0.630435
39.454 0.635706
39.455 0.640912
39.456 0.646047
39.457 0.65111
39.458 0.656096
39.459 0.661002
39.46 0.665825
39.461 0.670561
39.462 0.675209
39.463 0.679763
39.464 0.684222
39.465 0.688582
39.466 0.692841
39.467 0.696994
39.468 0.70104
39.469 0.704976
39.47 0.708797
39.471 0.712504
39.472 0.716092
39.473 0.719561
39.474 0.72291
39.475 0.726137
39.476 0.729242
39.477 0.732221
39.478 0.735076
39.479 0.737804
39.48 0.740404
39.481 0.742875
39.482 0.745217
39.483 0.747429
39.484 0.749509
39.485 0.751457
39.486 0.753272
39.487 0.754954
39.488 0.756501
39.489 0.757914
39.49 0.759191
39.491 0.760334
39.492 0.761343
39.493 0.76222
39.494 0.762969
39.495 0.76359
39.496 0.764087
39.497 0.764462
39.498 0.764717
39.499 0.764854
39.5 0.764877
39.501 0.764788
39.502 0.764587
39.503 0.764277
39.504 0.763859
39.505 0.763335
39.506 0.762705
39.507 0.761972
39.508 0.761138
39.509 0.760203
39.51 0.75917
39.511 0.75804
39.512 0.756816
39.513 0.755498
39.514 0.754089
39.515 0.752591
39.516 0.751006
39.517 0.749335
39.518 0.747581
39.519 0.745745
39.52 0.743831
39.521 0.741839
39.522 0.73977
39.523 0.737627
39.524 0.735408
39.525 0.733117
39.526 0.730753
39.527 0.728317
39.528 0.725812
39.529 0.723237
39.53 0.720594
39.531 0.717884
39.532 0.715108
39.533 0.712267
39.534 0.709364
39.535 0.706398
39.536 0.703371
39.537 0.700285
39.538 0.697141
39.539 0.693939
39.54 0.690683
39.541 0.687371
39.542 0.684006
39.543 0.680588
39.544 0.677116
39.545 0.67359
39.546 0.670012
39.547 0.66638
39.548 0.662697
39.549 0.658961
39.55 0.655173
39.551 0.651335
39.552 0.647446
39.553 0.64351
39.554 0.639527
39.555 0.635499
39.556 0.631429
39.557 0.627317
39.558 0.623165
39.559 0.618976
39.56 0.61475
39.561 0.610491
39.562 0.606201
39.563 0.601882
39.564 0.597539
39.565 0.593173
39.566 0.588789
39.567 0.584389
39.568 0.579977
39.569 0.575554
39.57 0.571126
39.571 0.566694
39.572 0.562262
39.573 0.557832
39.574 0.553409
39.575 0.548995
39.576 0.544593
39.577 0.540207
39.578 0.535838
39.579 0.531492
39.58 0.527169
39.581 0.522874
39.582 0.518608
39.583 0.514373
39.584 0.510172
39.585 0.506004
39.586 0.501873
39.587 0.49778
39.588 0.493726
39.589 0.489714
39.59 0.485745
39.591 0.481821
39.592 0.477942
39.593 0.474112
39.594 0.470331
39.595 0.466601
39.596 0.462923
39.597 0.459299
39.598 0.455731
39.599 0.452219
39.6 0.448766
39.601 0.445373
39.602 0.442039
39.603 0.438765
39.604 0.435551
39.605 0.432397
39.606 0.429303
39.607 0.426269
39.608 0.423296
39.609 0.420382
39.61 0.417528
39.611 0.414735
39.612 0.412002
39.613 0.409331
39.614 0.406724
39.615 0.40418
39.616 0.401702
39.617 0.39929
39.618 0.396945
39.619 0.394668
39.62 0.39246
39.621 0.390322
39.622 0.388256
39.623 0.386264
39.624 0.384348
39.625 0.38251
39.626 0.380752
39.627 0.379076
39.628 0.377484
39.629 0.375977
39.63 0.374558
39.631 0.373228
39.632 0.37199
39.633 0.370848
39.634 0.369804
39.635 0.36886
39.636 0.368021
39.637 0.367288
39.638 0.366664
39.639 0.366153
39.64 0.365756
39.641 0.365475
39.642 0.365314
39.643 0.365272
39.644 0.365351
39.645 0.365552
39.646 0.365876
39.647 0.366324
39.648 0.366898
39.649 0.367597
39.65 0.368424
39.651 0.369378
39.652 0.370461
39.653 0.371673
39.654 0.373015
39.655 0.374487
39.656 0.37609
39.657 0.377825
39.658 0.379692
39.659 0.381691
39.66 0.383823
39.661 0.386087
39.662 0.388483
39.663 0.39101
39.664 0.393667
39.665 0.396452
39.666 0.399364
39.667 0.402402
39.668 0.405564
39.669 0.40885
39.67 0.412257
39.671 0.415785
39.672 0.419431
39.673 0.423194
39.674 0.427072
39.675 0.431064
39.676 0.435167
39.677 0.439381
39.678 0.443703
39.679 0.448131
39.68 0.452664
39.681 0.457299
39.682 0.462035
39.683 0.466869
39.684 0.471799
39.685 0.476823
39.686 0.48194
39.687 0.487146
39.688 0.49244
39.689 0.497819
39.69 0.503281
39.691 0.508824
39.692 0.514447
39.693 0.520148
39.694 0.525926
39.695 0.53178
39.696 0.537709
39.697 0.543711
39.698 0.549785
39.699 0.555931
39.7 0.562145
39.701 0.568428
39.702 0.574777
39.703 0.581192
39.704 0.58767
39.705 0.59421
39.706 0.600812
39.707 0.607472
39.708 0.61419
39.709 0.620963
39.71 0.627792
39.711 0.634673
39.712 0.641604
39.713 0.648586
39.714 0.655615
39.715 0.66269
39.716 0.669809
39.717 0.676971
39.718 0.684173
39.719 0.691414
39.72 0.698692
39.721 0.706006
39.722 0.713353
39.723 0.720732
39.724 0.72814
39.725 0.735577
39.726 0.743039
39.727 0.750526
39.728 0.758035
39.729 0.765564
39.73 0.773112
39.731 0.780675
39.732 0.788251
39.733 0.795834
39.734 0.803421
39.735 0.811006
39.736 0.818586
39.737 0.826155
39.738 0.833711
39.739 0.841247
39.74 0.84876
39.741 0.856246
39.742 0.863701
39.743 0.871122
39.744 0.878507
39.745 0.885851
39.746 0.893152
39.747 0.900408
39.748 0.907614
39.749 0.914768
39.75 0.921867
39.751 0.928909
39.752 0.935889
39.753 0.942806
39.754 0.949656
39.755 0.956437
39.756 0.963146
39.757 0.96978
39.758 0.976336
39.759 0.982812
39.76 0.989206
39.761 0.995513
39.762 1.00173
39.763 1.00786
39.764 1.0139
39.765 1.01984
39.766 1.02568
39.767 1.03142
39.768 1.03706
39.769 1.04259
39.77 1.04802
39.771 1.05334
39.772 1.05854
39.773 1.06364
39.774 1.06862
39.775 1.07349
39.776 1.07825
39.777 1.0829
39.778 1.08743
39.779 1.09184
39.78 1.09614
39.781 1.10032
39.782 1.10439
39.783 1.10833
39.784 1.11217
39.785 1.11588
39.786 1.11948
39.787 1.12296
39.788 1.12632
39.789 1.12956
39.79 1.13268
39.791 1.13569
39.792 1.13858
39.793 1.14135
39.794 1.14399
39.795 1.14652
39.796 1.14892
39.797 1.1512
39.798 1.15335
39.799 1.15537
39.8 1.15727
39.801 1.15905
39.802 1.16069
39.803 1.16221
39.804 1.1636
39.805 1.16486
39.806 1.16598
39.807 1.16698
39.808 1.16785
39.809 1.16859
39.81 1.1692
39.811 1.16967
39.812 1.17002
39.813 1.17023
39.814 1.1703
39.815 1.17024
39.816 1.17004
39.817 1.16971
39.818 1.16923
39.819 1.16861
39.82 1.16786
39.821 1.16696
39.822 1.16592
39.823 1.16474
39.824 1.16342
39.825 1.16196
39.826 1.16037
39.827 1.15863
39.828 1.15676
39.829 1.15475
39.83 1.1526
39.831 1.15033
39.832 1.14792
39.833 1.14538
39.834 1.14271
39.835 1.13992
39.836 1.13701
39.837 1.13397
39.838 1.13082
39.839 1.12756
39.84 1.12419
39.841 1.1207
39.842 1.11711
39.843 1.11341
39.844 1.10961
39.845 1.10571
39.846 1.10171
39.847 1.0976
39.848 1.0934
39.849 1.08911
39.85 1.08472
39.851 1.08024
39.852 1.07567
39.853 1.07102
39.854 1.06628
39.855 1.06145
39.856 1.05655
39.857 1.05156
39.858 1.0465
39.859 1.04136
39.86 1.03615
39.861 1.03087
39.862 1.02552
39.863 1.02011
39.864 1.01462
39.865 1.00907
39.866 1.00345
39.867 0.997774
39.868 0.992031
39.869 0.986227
39.87 0.980362
39.871 0.974438
39.872 0.968456
39.873 0.962414
39.874 0.956313
39.875 0.950154
39.876 0.943936
39.877 0.937659
39.878 0.931324
39.879 0.92493
39.88 0.918479
39.881 0.91197
39.882 0.905405
39.883 0.898785
39.884 0.892112
39.885 0.885388
39.886 0.878613
39.887 0.87179
39.888 0.864921
39.889 0.858006
39.89 0.851048
39.891 0.844048
39.892 0.837008
39.893 0.82993
39.894 0.822815
39.895 0.815665
39.896 0.808482
39.897 0.801268
39.898 0.794024
39.899 0.786753
39.9 0.779456
39.901 0.772135
39.902 0.764793
39.903 0.757433
39.904 0.750058
39.905 0.742671
39.906 0.735276
39.907 0.727875
39.908 0.720472
39.909 0.713069
39.91 0.70567
39.911 0.698277
39.912 0.690894
39.913 0.68352
39.914 0.676159
39.915 0.668812
39.916 0.661481
39.917 0.654168
39.918 0.646875
39.919 0.639602
39.92 0.632353
39.921 0.625129
39.922 0.617933
39.923 0.610767
39.924 0.603636
39.925 0.596541
39.926 0.589486
39.927 0.582474
39.928 0.575507
39.929 0.568588
39.93 0.561721
39.931 0.554908
39.932 0.54815
39.933 0.54145
39.934 0.534809
39.935 0.528227
39.936 0.521707
39.937 0.515251
39.938 0.508859
39.939 0.502532
39.94 0.496273
39.941 0.490083
39.942 0.483962
39.943 0.477913
39.944 0.471936
39.945 0.466032
39.946 0.460203
39.947 0.45445
39.948 0.448774
39.949 0.443175
39.95 0.437656
39.951 0.432217
39.952 0.42686
39.953 0.421588
39.954 0.416402
39.955 0.411305
39.956 0.406298
39.957 0.401385
39.958 0.396566
39.959 0.391843
39.96 0.387219
39.961 0.382695
39.962 0.378273
39.963 0.373951
39.964 0.369732
39.965 0.365615
39.966 0.361601
39.967 0.35769
39.968 0.353882
39.969 0.350178
39.97 0.346578
39.971 0.343082
39.972 0.339691
39.973 0.336403
39.974 0.33322
39.975 0.330141
39.976 0.327167
39.977 0.324297
39.978 0.32153
39.979 0.318868
39.98 0.316309
39.981 0.313854
39.982 0.311501
39.983 0.309251
39.984 0.307104
39.985 0.305058
39.986 0.303114
39.987 0.301271
39.988 0.299528
39.989 0.297884
39.99 0.29634
39.991 0.294894
39.992 0.293547
39.993 0.292299
39.994 0.291151
39.995 0.290104
39.996 0.289156
39.997 0.28831
39.998 0.287565
39.999 0.28692
40 0.286378
40.001 0.285936
40.002 0.285596
40.003 0.285354
40.004 0.28521
40.005 0.285164
40.006 0.285212
40.007 0.285355
40.008 0.28559
40.009 0.285917
40.01 0.286333
40.011 0.286838
40.012 0.287429
40.013 0.288106
40.014 0.288866
40.015 0.289707
40.016 0.29063
40.017 0.29163
40.018 0.292707
40.019 0.29386
40.02 0.295085
40.021 0.296382
40.022 0.297746
40.023 0.299176
40.024 0.300668
40.025 0.302218
40.026 0.303824
40.027 0.305482
40.028 0.307189
40.029 0.308942
40.03 0.310738
40.031 0.312572
40.032 0.314444
40.033 0.316351
40.034 0.318291
40.035 0.320262
40.036 0.322261
40.037 0.324287
40.038 0.326337
40.039 0.32841
40.04 0.330502
40.041 0.332613
40.042 0.334741
40.043 0.336885
40.044 0.339045
40.045 0.341218
40.046 0.343405
40.047 0.345605
40.048 0.347816
40.049 0.350037
40.05 0.352268
40.051 0.354508
40.052 0.356755
40.053 0.359009
40.054 0.361268
40.055 0.363533
40.056 0.365801
40.057 0.368072
40.058 0.370345
40.059 0.372619
40.06 0.374892
40.061 0.377165
40.062 0.379438
40.063 0.381709
40.064 0.383981
40.065 0.386253
40.066 0.388525
40.067 0.390798
40.068 0.393072
40.069 0.395348
40.07 0.397624
40.071 0.399903
40.072 0.402182
40.073 0.404462
40.074 0.40674
40.075 0.409016
40.076 0.41129
40.077 0.413559
40.078 0.415824
40.079 0.418083
40.08 0.420335
40.081 0.422579
40.082 0.424815
40.083 0.427041
40.084 0.429257
40.085 0.431461
40.086 0.433653
40.087 0.435831
40.088 0.437996
40.089 0.440145
40.09 0.442278
40.091 0.444395
40.092 0.446493
40.093 0.448573
40.094 0.450634
40.095 0.452674
40.096 0.454693
40.097 0.45669
40.098 0.458664
40.099 0.460614
40.1 0.46254
40.101 0.464441
40.102 0.466313
40.103 0.468157
40.104 0.469969
40.105 0.471748
40.106 0.473492
40.107 0.475198
40.108 0.476865
40.109 0.478491
40.11 0.480073
40.111 0.481611
40.112 0.483104
40.113 0.48455
40.114 0.485949
40.115 0.487302
40.116 0.488606
40.117 0.489862
40.118 0.491068
40.119 0.492226
40.12 0.493334
40.121 0.494391
40.122 0.495399
40.123 0.496359
40.124 0.497271
40.125 0.498136
40.126 0.498955
40.127 0.49973
40.128 0.50046
40.129 0.501147
40.13 0.501793
40.131 0.502397
40.132 0.502961
40.133 0.503486
40.134 0.503973
40.135 0.504424
40.136 0.504838
40.137 0.505218
40.138 0.505565
40.139 0.505879
40.14 0.506162
40.141 0.506415
40.142 0.50664
40.143 0.50684
40.144 0.507017
40.145 0.507174
40.146 0.507312
40.147 0.507435
40.148 0.507545
40.149 0.507645
40.15 0.507736
40.151 0.507822
40.152 0.507903
40.153 0.507981
40.154 0.508057
40.155 0.508132
40.156 0.508207
40.157 0.508284
40.158 0.508365
40.159 0.508449
40.16 0.508538
40.161 0.508634
40.162 0.508736
40.163 0.508845
40.164 0.50896
40.165 0.509081
40.166 0.509209
40.167 0.509343
40.168 0.509483
40.169 0.509629
40.17 0.509781
40.171 0.509939
40.172 0.510103
40.173 0.510272
40.174 0.510448
40.175 0.510629
40.176 0.510816
40.177 0.511008
40.178 0.511205
40.179 0.511408
40.18 0.511616
40.181 0.511829
40.182 0.512047
40.183 0.51227
40.184 0.512498
40.185 0.512731
40.186 0.512968
40.187 0.51321
40.188 0.513456
40.189 0.513706
40.19 0.513961
40.191 0.51422
40.192 0.514484
40.193 0.514755
40.194 0.515033
40.195 0.51532
40.196 0.515616
40.197 0.515924
40.198 0.516243
40.199 0.516576
40.2 0.516922
40.201 0.517284
40.202 0.517663
40.203 0.518058
40.204 0.518473
40.205 0.518907
40.206 0.519361
40.207 0.519838
40.208 0.520337
40.209 0.52086
40.21 0.521407
40.211 0.521981
40.212 0.522581
40.213 0.523209
40.214 0.523866
40.215 0.524552
40.216 0.525269
40.217 0.526018
40.218 0.526799
40.219 0.527614
40.22 0.528463
40.221 0.529347
40.222 0.530265
40.223 0.531218
40.224 0.532205
40.225 0.533226
40.226 0.534279
40.227 0.535365
40.228 0.536484
40.229 0.537634
40.23 0.538815
40.231 0.540027
40.232 0.54127
40.233 0.542545
40.234 0.543853
40.235 0.545195
40.236 0.546571
40.237 0.547981
40.238 0.549427
40.239 0.550909
40.24 0.552427
40.241 0.553983
40.242 0.555575
40.243 0.557202
40.244 0.558865
40.245 0.560563
40.246 0.562294
40.247 0.564058
40.248 0.565854
40.249 0.567682
40.25 0.569541
40.251 0.571429
40.252 0.573346
40.253 0.575292
40.254 0.577265
40.255 0.579264
40.256 0.581289
40.257 0.583339
40.258 0.585413
40.259 0.58751
40.26 0.589629
40.261 0.59177
40.262 0.593932
40.263 0.596117
40.264 0.598323
40.265 0.600552
40.266 0.602804
40.267 0.60508
40.268 0.607379
40.269 0.609701
40.27 0.612048
40.271 0.614418
40.272 0.616812
40.273 0.619228
40.274 0.621665
40.275 0.624123
40.276 0.626599
40.277 0.629094
40.278 0.631606
40.279 0.634134
40.28 0.636676
40.281 0.639233
40.282 0.641802
40.283 0.644383
40.284 0.646975
40.285 0.649576
40.286 0.652185
40.287 0.654802
40.288 0.657425
40.289 0.660054
40.29 0.662686
40.291 0.665321
40.292 0.667956
40.293 0.670589
40.294 0.673219
40.295 0.675842
40.296 0.678456
40.297 0.681059
40.298 0.683648
40.299 0.686221
40.3 0.688777
40.301 0.691311
40.302 0.693823
40.303 0.69631
40.304 0.69877
40.305 0.7012
40.306 0.703598
40.307 0.705962
40.308 0.70829
40.309 0.710579
40.31 0.712827
40.311 0.715032
40.312 0.717193
40.313 0.719306
40.314 0.72137
40.315 0.723383
40.316 0.725342
40.317 0.727246
40.318 0.729092
40.319 0.730879
40.32 0.732604
40.321 0.734266
40.322 0.735865
40.323 0.737398
40.324 0.738867
40.325 0.740269
40.326 0.741605
40.327 0.742875
40.328 0.744077
40.329 0.745211
40.33 0.746276
40.331 0.747273
40.332 0.748201
40.333 0.74906
40.334 0.749849
40.335 0.750568
40.336 0.751216
40.337 0.751794
40.338 0.752302
40.339 0.752739
40.34 0.753104
40.341 0.753399
40.342 0.753622
40.343 0.753774
40.344 0.753855
40.345 0.753864
40.346 0.753803
40.347 0.75367
40.348 0.753466
40.349 0.753191
40.35 0.752846
40.351 0.75243
40.352 0.751942
40.353 0.751381
40.354 0.750747
40.355 0.750039
40.356 0.749255
40.357 0.748394
40.358 0.747457
40.359 0.746442
40.36 0.745347
40.361 0.744174
40.362 0.74292
40.363 0.741585
40.364 0.740169
40.365 0.738671
40.366 0.73709
40.367 0.735426
40.368 0.733677
40.369 0.731845
40.37 0.729928
40.371 0.727927
40.372 0.725841
40.373 0.723672
40.374 0.721421
40.375 0.719088
40.376 0.716675
40.377 0.714183
40.378 0.711613
40.379 0.708966
40.38 0.706243
40.381 0.703446
40.382 0.700575
40.383 0.697631
40.384 0.694617
40.385 0.691534
40.386 0.688382
40.387 0.685163
40.388 0.681879
40.389 0.678531
40.39 0.67512
40.391 0.671648
40.392 0.668117
40.393 0.664531
40.394 0.660892
40.395 0.657203
40.396 0.653467
40.397 0.649687
40.398 0.645865
40.399 0.642004
40.4 0.638107
40.401 0.634178
40.402 0.630218
40.403 0.626232
40.404 0.622222
40.405 0.61819
40.406 0.61414
40.407 0.610075
40.408 0.605998
40.409 0.601911
40.41 0.597819
40.411 0.593722
40.412 0.589626
40.413 0.585532
40.414 0.581443
40.415 0.577364
40.416 0.573295
40.417 0.569241
40.418 0.565204
40.419 0.561188
40.42 0.557195
40.421 0.553227
40.422 0.549287
40.423 0.545377
40.424 0.541498
40.425 0.537651
40.426 0.533839
40.427 0.530062
40.428 0.526323
40.429 0.522622
40.43 0.518962
40.431 0.515344
40.432 0.51177
40.433 0.508244
40.434 0.504768
40.435 0.501345
40.436 0.497977
40.437 0.494667
40.438 0.491418
40.439 0.488232
40.44 0.485112
40.441 0.482059
40.442 0.479078
40.443 0.476169
40.444 0.473337
40.445 0.470582
40.446 0.467907
40.447 0.465315
40.448 0.462808
40.449 0.460389
40.45 0.458058
40.451 0.45582
40.452 0.453676
40.453 0.45163
40.454 0.449687
40.455 0.447848
40.456 0.446116
40.457 0.444497
40.458 0.442991
40.459 0.441603
40.46 0.440335
40.461 0.43919
40.462 0.438172
40.463 0.437282
40.464 0.436525
40.465 0.435902
40.466 0.435416
40.467 0.43507
40.468 0.434867
40.469 0.434809
40.47 0.434897
40.471 0.435136
40.472 0.435525
40.473 0.436066
40.474 0.43676
40.475 0.437607
40.476 0.438608
40.477 0.439765
40.478 0.441077
40.479 0.442546
40.48 0.444172
40.481 0.445955
40.482 0.447894
40.483 0.449989
40.484 0.452238
40.485 0.454641
40.486 0.457197
40.487 0.459904
40.488 0.462761
40.489 0.465767
40.49 0.46892
40.491 0.472219
40.492 0.475663
40.493 0.47925
40.494 0.482978
40.495 0.486846
40.496 0.490852
40.497 0.494995
40.498 0.499272
40.499 0.503681
40.5 0.508221
40.501 0.51289
40.502 0.517685
40.503 0.522605
40.504 0.527648
40.505 0.53281
40.506 0.538091
40.507 0.543487
40.508 0.548997
40.509 0.554618
40.51 0.560347
40.511 0.566183
40.512 0.572122
40.513 0.578162
40.514 0.5843
40.515 0.590534
40.516 0.596862
40.517 0.60328
40.518 0.609785
40.519 0.616376
40.52 0.623049
40.521 0.629801
40.522 0.636631
40.523 0.643537
40.524 0.650517
40.525 0.65757
40.526 0.664694
40.527 0.671886
40.528 0.679146
40.529 0.686472
40.53 0.693861
40.531 0.701312
40.532 0.708822
40.533 0.716391
40.534 0.724015
40.535 0.731694
40.536 0.739424
40.537 0.747205
40.538 0.755033
40.539 0.762907
40.54 0.770825
40.541 0.778785
40.542 0.786786
40.543 0.794827
40.544 0.802907
40.545 0.811025
40.546 0.819181
40.547 0.827373
40.548 0.8356
40.549 0.843862
40.55 0.852157
40.551 0.860485
40.552 0.868843
40.553 0.877229
40.554 0.88564
40.555 0.894075
40.556 0.902532
40.557 0.911007
40.558 0.919498
40.559 0.928005
40.56 0.936523
40.561 0.94505
40.562 0.953585
40.563 0.962125
40.564 0.970668
40.565 0.979212
40.566 0.987753
40.567 0.99629
40.568 1.00482
40.569 1.01334
40.57 1.02185
40.571 1.03035
40.572 1.03883
40.573 1.0473
40.574 1.05574
40.575 1.06416
40.576 1.07256
40.577 1.08093
40.578 1.08927
40.579 1.09758
40.58 1.10585
40.581 1.11409
40.582 1.12229
40.583 1.13046
40.584 1.13858
40.585 1.14665
40.586 1.15468
40.587 1.16267
40.588 1.1706
40.589 1.17848
40.59 1.1863
40.591 1.19407
40.592 1.20178
40.593 1.20944
40.594 1.21704
40.595 1.22458
40.596 1.23206
40.597 1.23948
40.598 1.24683
40.599 1.25413
40.6 1.26137
40.601 1.26855
40.602 1.27566
40.603 1.28271
40.604 1.28969
40.605 1.2966
40.606 1.30345
40.607 1.31022
40.608 1.31692
40.609 1.32355
40.61 1.3301
40.611 1.33657
40.612 1.34297
40.613 1.34929
40.614 1.35552
40.615 1.36168
40.616 1.36775
40.617 1.37374
40.618 1.37964
40.619 1.38546
40.62 1.39119
40.621 1.39683
40.622 1.40238
40.623 1.40784
40.624 1.4132
40.625 1.41847
40.626 1.42364
40.627 1.42871
40.628 1.43367
40.629 1.43853
40.63 1.44329
40.631 1.44793
40.632 1.45247
40.633 1.4569
40.634 1.46122
40.635 1.46543
40.636 1.46953
40.637 1.47351
40.638 1.47739
40.639 1.48116
40.64 1.48481
40.641 1.48836
40.642 1.49179
40.643 1.49512
40.644 1.49833
40.645 1.50143
40.646 1.50442
40.647 1.5073
40.648 1.51007
40.649 1.51273
40.65 1.51528
40.651 1.51772
40.652 1.52005
40.653 1.52228
40.654 1.52439
40.655 1.52638
40.656 1.52827
40.657 1.53004
40.658 1.5317
40.659 1.53324
40.66 1.53467
40.661 1.53599
40.662 1.53719
40.663 1.53827
40.664 1.53924
40.665 1.54009
40.666 1.54083
40.667 1.54145
40.668 1.54196
40.669 1.54235
40.67 1.54262
40.671 1.54277
40.672 1.54282
40.673 1.54274
40.674 1.54255
40.675 1.54225
40.676 1.54183
40.677 1.54129
40.678 1.54065
40.679 1.53989
40.68 1.53901
40.681 1.53803
40.682 1.53693
40.683 1.53572
40.684 1.53441
40.685 1.53298
40.686 1.53144
40.687 1.5298
40.688 1.52805
40.689 1.52619
40.69 1.52423
40.691 1.52217
40.692 1.52
40.693 1.51774
40.694 1.51538
40.695 1.51292
40.696 1.51037
40.697 1.50774
40.698 1.50501
40.699 1.50221
40.7 1.49932
40.701 1.49635
40.702 1.4933
40.703 1.49018
40.704 1.48698
40.705 1.48371
40.706 1.48037
40.707 1.47696
40.708 1.47348
40.709 1.46993
40.71 1.46632
40.711 1.46265
40.712 1.45891
40.713 1.45511
40.714 1.45126
40.715 1.44734
40.716 1.44338
40.717 1.43935
40.718 1.43528
40.719 1.43116
40.72 1.42699
40.721 1.42278
40.722 1.41852
40.723 1.41422
40.724 1.40988
40.725 1.4055
40.726 1.40108
40.727 1.39663
40.728 1.39215
40.729 1.38764
40.73 1.3831
40.731 1.37853
40.732 1.37394
40.733 1.36932
40.734 1.36468
40.735 1.36002
40.736 1.35533
40.737 1.35062
40.738 1.34589
40.739 1.34114
40.74 1.33637
40.741 1.33158
40.742 1.32678
40.743 1.32196
40.744 1.31713
40.745 1.31228
40.746 1.30743
40.747 1.30258
40.748 1.29772
40.749 1.29286
40.75 1.288
40.751 1.28314
40.752 1.27828
40.753 1.27343
40.754 1.26859
40.755 1.26376
40.756 1.25894
40.757 1.25414
40.758 1.24936
40.759 1.24459
40.76 1.23984
40.761 1.23512
40.762 1.23042
40.763 1.22574
40.764 1.22109
40.765 1.21646
40.766 1.21186
40.767 1.20729
40.768 1.20274
40.769 1.19822
40.77 1.19373
40.771 1.18927
40.772 1.18485
40.773 1.18045
40.774 1.17609
40.775 1.17177
40.776 1.16749
40.777 1.16325
40.778 1.15905
40.779 1.15489
40.78 1.15078
40.781 1.14671
40.782 1.1427
40.783 1.13874
40.784 1.13483
40.785 1.13097
40.786 1.12717
40.787 1.12342
40.788 1.11974
40.789 1.11611
40.79 1.11255
40.791 1.10905
40.792 1.10562
40.793 1.10225
40.794 1.09895
40.795 1.09571
40.796 1.09255
40.797 1.08946
40.798 1.08644
40.799 1.0835
40.8 1.08063
40.801 1.07783
40.802 1.07512
40.803 1.07247
40.804 1.06991
40.805 1.06742
40.806 1.065
40.807 1.06266
40.808 1.0604
40.809 1.05821
40.81 1.05609
40.811 1.05405
40.812 1.05208
40.813 1.05018
40.814 1.04836
40.815 1.04661
40.816 1.04492
40.817 1.04331
40.818 1.04177
40.819 1.0403
40.82 1.0389
40.821 1.03756
40.822 1.03629
40.823 1.0351
40.824 1.03397
40.825 1.03291
40.826 1.03192
40.827 1.031
40.828 1.03015
40.829 1.02938
40.83 1.02867
40.831 1.02804
40.832 1.02748
40.833 1.02699
40.834 1.02656
40.835 1.02621
40.836 1.02592
40.837 1.02569
40.838 1.02553
40.839 1.02543
40.84 1.0254
40.841 1.02542
40.842 1.02551
40.843 1.02565
40.844 1.02585
40.845 1.02612
40.846 1.02644
40.847 1.02683
40.848 1.02727
40.849 1.02777
40.85 1.02833
40.851 1.02896
40.852 1.02964
40.853 1.03038
40.854 1.03118
40.855 1.03204
40.856 1.03297
40.857 1.03396
40.858 1.03502
40.859 1.03614
40.86 1.03733
40.861 1.03859
40.862 1.03991
40.863 1.0413
40.864 1.04275
40.865 1.04427
40.866 1.04585
40.867 1.0475
40.868 1.04921
40.869 1.05098
40.87 1.05281
40.871 1.0547
40.872 1.05665
40.873 1.05866
40.874 1.06072
40.875 1.06283
40.876 1.06499
40.877 1.0672
40.878 1.06945
40.879 1.07175
40.88 1.07409
40.881 1.07647
40.882 1.07888
40.883 1.08133
40.884 1.08381
40.885 1.08632
40.886 1.08885
40.887 1.09141
40.888 1.094
40.889 1.0966
40.89 1.09922
40.891 1.10186
40.892 1.10451
40.893 1.10717
40.894 1.10985
40.895 1.11254
40.896 1.11524
40.897 1.11794
40.898 1.12066
40.899 1.12338
40.9 1.1261
40.901 1.12883
40.902 1.13157
40.903 1.13429
40.904 1.13701
40.905 1.13973
40.906 1.14242
40.907 1.1451
40.908 1.14776
40.909 1.15039
40.91 1.153
40.911 1.15557
40.912 1.15811
40.913 1.16062
40.914 1.16308
40.915 1.16551
40.916 1.16789
40.917 1.17022
40.918 1.17251
40.919 1.17475
40.92 1.17693
40.921 1.17907
40.922 1.18114
40.923 1.18316
40.924 1.18512
40.925 1.18702
40.926 1.18885
40.927 1.19061
40.928 1.19231
40.929 1.19394
40.93 1.19549
40.931 1.19698
40.932 1.19839
40.933 1.19972
40.934 1.20098
40.935 1.20216
40.936 1.20327
40.937 1.2043
40.938 1.20525
40.939 1.20613
40.94 1.20693
40.941 1.20765
40.942 1.20829
40.943 1.20885
40.944 1.20933
40.945 1.20972
40.946 1.21003
40.947 1.21026
40.948 1.21039
40.949 1.21044
40.95 1.2104
40.951 1.21024
40.952 1.20992
40.953 1.2094
40.954 1.2087
40.955 1.2078
40.956 1.20672
40.957 1.20545
40.958 1.20399
40.959 1.20234
40.96 1.2005
