Quantity,Source,Case,X_m,Value
Bending moment,FE,Case 1,0,-4.16366674471647e-12
Bending moment,FE,Case 1,0.15,12.8556818182982
Bending moment,FE,Case 1,0.15,12.8556818183
Bending moment,FE,Case 1,0.3,25.0363636365829
Bending moment,FE,Case 1,0.3,25.036363636582
Bending moment,FE,Case 1,0.45,36.542045454876
Bending moment,FE,Case 1,0.45,36.5420454548825
Bending moment,FE,Case 1,0.6,47.3727272731876
Bending moment,FE,Case 1,0.6,47.3727272731969
Bending moment,FE,Case 1,0.75,57.5284090914771
Bending moment,FE,Case 1,0.75,57.5284090914734
Bending moment,FE,Case 1,0.9,67.009090909737
Bending moment,FE,Case 1,0.9,67.0090909097415
Bending moment,FE,Case 1,1.05,75.8147727279746
Bending moment,FE,Case 1,1.05,75.8147727279886
Bending moment,FE,Case 1,1.2,83.9454545462161
Bending moment,FE,Case 1,1.2,83.9454545462624
Bending moment,FE,Case 1,1.35,91.401136364365
Bending moment,FE,Case 1,1.35,91.4011363643935
Bending moment,FE,Case 1,1.5,98.181818182671
Bending moment,FE,Case 1,1.5,98.1818181826527
Bending moment,FE,Case 1,1.65,104.287500000794
Bending moment,FE,Case 1,1.65,104.287500000845
Bending moment,FE,Case 1,1.8,109.718181819056
Bending moment,FE,Case 1,1.8,109.718181819077
Bending moment,FE,Case 1,1.95,114.473863637333
Bending moment,FE,Case 1,1.95,114.473863637308
Bending moment,FE,Case 1,2.1,118.554545455661
Bending moment,FE,Case 1,2.1,118.554545455643
Bending moment,FE,Case 1,2.25,121.960227273967
Bending moment,FE,Case 1,2.25,121.960227273954
Bending moment,FE,Case 1,2.4,124.69090909237
Bending moment,FE,Case 1,2.4,124.690909092303
Bending moment,FE,Case 1,2.55,126.746590910745
Bending moment,FE,Case 1,2.55,126.746590910699
Bending moment,FE,Case 1,2.7,128.127272729166
Bending moment,FE,Case 1,2.7,128.127272729096
Bending moment,FE,Case 1,2.85,128.832954547635
Bending moment,FE,Case 1,2.85,128.832954547625
Bending moment,FE,Case 1,3,128.863636365891
Bending moment,FE,Case 1,3,128.863636365908
Bending moment,FE,Case 1,3.15,128.219318184244
Bending moment,FE,Case 1,3.15,128.219318184236
Bending moment,FE,Case 1,3.3,126.900000002601
Bending moment,FE,Case 1,3.3,126.900000002499
Bending moment,FE,Case 1,3.45,124.905681820918
Bending moment,FE,Case 1,3.45,124.905681820838
Bending moment,FE,Case 1,3.6,122.236363639086
Bending moment,FE,Case 1,3.6,122.236363639145
Bending moment,FE,Case 1,3.75,118.89204545719
Bending moment,FE,Case 1,3.75,118.89204545728
Bending moment,FE,Case 1,3.9,114.872727275291
Bending moment,FE,Case 1,3.9,114.872727275387
Bending moment,FE,Case 1,4.05,110.178409093499
Bending moment,FE,Case 1,4.05,110.178409093462
Bending moment,FE,Case 1,4.2,104.809090911373
Bending moment,FE,Case 1,4.2,104.809090911454
Bending moment,FE,Case 1,4.35,98.7647727292886
Bending moment,FE,Case 1,4.35,98.7647727293838
Bending moment,FE,Case 1,4.5,92.0454545473755
Bending moment,FE,Case 1,4.5,92.0454545473474
Bending moment,FE,Case 1,4.65,84.6511363655372
Bending moment,FE,Case 1,4.65,84.6511363654648
Bending moment,FE,Case 1,4.8,76.5818181834822
Bending moment,FE,Case 1,4.8,76.581818183499
Bending moment,FE,Case 1,4.95,67.837500001379
Bending moment,FE,Case 1,4.95,67.8375000014218
Bending moment,FE,Case 1,5.1,58.4181818193276
Bending moment,FE,Case 1,5.1,58.4181818194328
Bending moment,FE,Case 1,5.25,48.3238636373253
Bending moment,FE,Case 1,5.25,48.3238636373993
Bending moment,FE,Case 1,5.4,37.5545454555082
Bending moment,FE,Case 1,5.4,37.5545454554511
Bending moment,FE,Case 1,5.55,26.1102272736578
Bending moment,FE,Case 1,5.55,26.1102272735724
Bending moment,FE,Case 1,5.7,13.990909091586
Bending moment,FE,Case 1,5.7,13.9909090915794
Bending moment,FE,Case 1,5.85,1.19659090965983
Bending moment,FE,Case 1,5.85,1.19659090963648
Bending moment,FE,Case 1,6,-12.2727272723613
Bending moment,FE,Case 1,6,-12.2727272723981
Bending moment,FE,Case 1,6.15,1.19659090917247
Bending moment,FE,Case 1,6.15,1.1965909093884
Bending moment,FE,Case 1,6.3,13.9909090909125
Bending moment,FE,Case 1,6.3,13.9909090910778
Bending moment,FE,Case 1,6.45,26.1102272726301
Bending moment,FE,Case 1,6.45,26.110227272782
Bending moment,FE,Case 1,6.6,37.5545454544574
Bending moment,FE,Case 1,6.6,37.5545454544854
Bending moment,FE,Case 1,6.75,48.323863636202
Bending moment,FE,Case 1,6.75,48.3238636363242
Bending moment,FE,Case 1,6.9,58.4181818179495
Bending moment,FE,Case 1,6.9,58.4181818179415
Bending moment,FE,Case 1,7.05,67.8374999996552
Bending moment,FE,Case 1,7.05,67.8374999996041
Bending moment,FE,Case 1,7.2,76.5818181814556
Bending moment,FE,Case 1,7.2,76.5818181813755
Bending moment,FE,Case 1,7.35,84.6511363632637
Bending moment,FE,Case 1,7.35,84.6511363631013
Bending moment,FE,Case 1,7.5,92.0454545449476
Bending moment,FE,Case 1,7.5,92.0454545448835
Bending moment,FE,Case 1,7.65,98.7647727264818
Bending moment,FE,Case 1,7.65,98.7647727264428
Bending moment,FE,Case 1,7.8,104.809090908286
Bending moment,FE,Case 1,7.8,104.809090908263
Bending moment,FE,Case 1,7.95,110.178409089888
Bending moment,FE,Case 1,7.95,110.178409089894
Bending moment,FE,Case 1,8.1,114.87272727156
Bending moment,FE,Case 1,8.1,114.872727271635
Bending moment,FE,Case 1,8.25,118.892045453377
Bending moment,FE,Case 1,8.25,118.892045453299
Bending moment,FE,Case 1,8.4,122.236363635352
Bending moment,FE,Case 1,8.4,122.23636363525
Bending moment,FE,Case 1,8.55,124.905681817118
Bending moment,FE,Case 1,8.55,124.905681817053
Bending moment,FE,Case 1,8.7,126.899999999087
Bending moment,FE,Case 1,8.7,126.899999998963
Bending moment,FE,Case 1,8.85,128.21931818103
Bending moment,FE,Case 1,8.85,128.219318180906
Bending moment,FE,Case 1,9,128.863636362958
Bending moment,FE,Case 1,9,128.863636362938
Bending moment,FE,Case 1,9.15,128.832954544668
Bending moment,FE,Case 1,9.15,128.832954544726
Bending moment,FE,Case 1,9.3,128.127272726567
Bending moment,FE,Case 1,9.3,128.127272726538
Bending moment,FE,Case 1,9.45,126.746590908501
Bending moment,FE,Case 1,9.45,126.746590908407
Bending moment,FE,Case 1,9.6,124.690909090421
Bending moment,FE,Case 1,9.6,124.690909090395
Bending moment,FE,Case 1,9.75,121.960227272331
Bending moment,FE,Case 1,9.75,121.960227272303
Bending moment,FE,Case 1,9.9,118.554545454364
Bending moment,FE,Case 1,9.9,118.554545454242
Bending moment,FE,Case 1,10.05,114.473863636253
Bending moment,FE,Case 1,10.05,114.473863636229
Bending moment,FE,Case 1,10.2,109.718181818179
Bending moment,FE,Case 1,10.2,109.718181818128
Bending moment,FE,Case 1,10.35,104.287500000067
Bending moment,FE,Case 1,10.35,104.287500000072
Bending moment,FE,Case 1,10.5,98.1818181818253
Bending moment,FE,Case 1,10.5,98.1818181820565
Bending moment,FE,Case 1,10.65,91.4011363638651
Bending moment,FE,Case 1,10.65,91.4011363639818
Bending moment,FE,Case 1,10.8,83.9454545457875
Bending moment,FE,Case 1,10.8,83.9454545456218
Bending moment,FE,Case 1,10.95,75.8147727274582
Bending moment,FE,Case 1,10.95,75.8147727273546
Bending moment,FE,Case 1,11.1,67.0090909092631
Bending moment,FE,Case 1,11.1,67.0090909091373
Bending moment,FE,Case 1,11.25,57.5284090909848
Bending moment,FE,Case 1,11.25,57.5284090910625
Bending moment,FE,Case 1,11.4,47.3727272729155
Bending moment,FE,Case 1,11.4,47.3727272728791
Bending moment,FE,Case 1,11.55,36.542045454782
Bending moment,FE,Case 1,11.55,36.5420454546955
Bending moment,FE,Case 1,11.7,25.0363636365792
Bending moment,FE,Case 1,11.7,25.0363636365292
Bending moment,FE,Case 1,11.85,12.8556818184129
Bending moment,FE,Case 1,11.85,12.8556818184082
Bending moment,FE,Case 1,12,2.83567452186162e-10
Bending moment,FE,Case 2,0,-1.38970790430903e-12
Bending moment,FE,Case 2,0.15,10.4011363636691
Bending moment,FE,Case 2,0.15,10.4011363636664
Bending moment,FE,Case 2,0.3,20.1272727273369
Bending moment,FE,Case 2,0.3,20.1272727273327
Bending moment,FE,Case 2,0.45,29.1784090910005
Bending moment,FE,Case 2,0.45,29.1784090909977
Bending moment,FE,Case 2,0.6,37.5545454546808
Bending moment,FE,Case 2,0.6,37.5545454546799
Bending moment,FE,Case 2,0.75,45.2556818183407
Bending moment,FE,Case 2,0.75,45.2556818183343
Bending moment,FE,Case 2,0.9,52.2818181820007
Bending moment,FE,Case 2,0.9,52.2818181819785
Bending moment,FE,Case 2,1.05,58.6329545456588
Bending moment,FE,Case 2,1.05,58.6329545456427
Bending moment,FE,Case 2,1.2,64.3090909092884
Bending moment,FE,Case 2,1.2,64.3090909092926
Bending moment,FE,Case 2,1.35,69.3102272729077
Bending moment,FE,Case 2,1.35,69.3102272729201
Bending moment,FE,Case 2,1.5,73.6363636365546
Bending moment,FE,Case 2,1.5,73.6363636365643
Bending moment,FE,Case 2,1.65,77.2875000001635
Bending moment,FE,Case 2,1.65,77.2875000001864
Bending moment,FE,Case 2,1.8,80.2636363638218
Bending moment,FE,Case 2,1.8,80.2636363638147
Bending moment,FE,Case 2,1.95,82.5647727274951
Bending moment,FE,Case 2,1.95,82.564772727463
Bending moment,FE,Case 2,2.1,84.1909090911677
Bending moment,FE,Case 2,2.1,84.1909090911639
Bending moment,FE,Case 2,2.25,85.1420454548188
Bending moment,FE,Case 2,2.25,85.1420454548101
Bending moment,FE,Case 2,2.4,85.4181818185513
Bending moment,FE,Case 2,2.4,85.4181818185239
Bending moment,FE,Case 2,2.55,85.0193181822207
Bending moment,FE,Case 2,2.55,85.0193181822321
Bending moment,FE,Case 2,2.7,83.9454545459293
Bending moment,FE,Case 2,2.7,83.9454545459279
Bending moment,FE,Case 2,2.85,82.1965909096674
Bending moment,FE,Case 2,2.85,82.1965909096588
Bending moment,FE,Case 2,3,79.7727272733425
Bending moment,FE,Case 2,3,79.7727272733544
Bending moment,FE,Case 2,3.15,76.6738636370042
Bending moment,FE,Case 2,3.15,76.6738636370189
Bending moment,FE,Case 2,3.3,72.9000000007113
Bending moment,FE,Case 2,3.3,72.9000000007013
Bending moment,FE,Case 2,3.45,68.4511363643663
Bending moment,FE,Case 2,3.45,68.4511363643658
Bending moment,FE,Case 2,3.6,63.3272727280181
Bending moment,FE,Case 2,3.6,63.3272727279982
Bending moment,FE,Case 2,3.75,57.5284090916726
Bending moment,FE,Case 2,3.75,57.5284090916452
Bending moment,FE,Case 2,3.9,51.0545454552603
Bending moment,FE,Case 2,3.9,51.0545454552532
Bending moment,FE,Case 2,4.05,43.9056818189086
Bending moment,FE,Case 2,4.05,43.9056818188791
Bending moment,FE,Case 2,4.2,36.0818181824378
Bending moment,FE,Case 2,4.2,36.0818181824552
Bending moment,FE,Case 2,4.35,27.5829545460065
Bending moment,FE,Case 2,4.35,27.5829545460304
Bending moment,FE,Case 2,4.5,18.4090909096037
Bending moment,FE,Case 2,4.5,18.409090909619
Bending moment,FE,Case 2,4.65,8.56022727321375
Bending moment,FE,Case 2,4.65,8.56022727321682
Bending moment,FE,Case 2,4.8,-1.96363636320052
Bending moment,FE,Case 2,4.8,-1.96363636320526
Bending moment,FE,Case 2,4.95,-13.1624999996247
Bending moment,FE,Case 2,4.95,-13.1624999996512
Bending moment,FE,Case 2,5.1,-25.0363636360402
Bending moment,FE,Case 2,5.1,-25.0363636360667
Bending moment,FE,Case 2,5.25,-37.5852272724549
Bending moment,FE,Case 2,5.25,-37.5852272724757
Bending moment,FE,Case 2,5.4,-50.8090909088448
Bending moment,FE,Case 2,5.4,-50.8090909088672
Bending moment,FE,Case 2,5.55,-64.7079545452403
Bending moment,FE,Case 2,5.55,-64.7079545452665
Bending moment,FE,Case 2,5.7,-79.2818181816597
Bending moment,FE,Case 2,5.7,-79.2818181816794
Bending moment,FE,Case 2,5.85,-94.530681818059
Bending moment,FE,Case 2,5.85,-94.5306818180632
Bending moment,FE,Case 2,6,-110.454545454497
Bending moment,FE,Case 2,6,-110.454545454513
Bending moment,FE,Case 2,6.15,-94.5306818181687
Bending moment,FE,Case 2,6.15,-94.530681818168
Bending moment,FE,Case 2,6.3,-79.2818181818211
Bending moment,FE,Case 2,6.3,-79.2818181818402
Bending moment,FE,Case 2,6.45,-64.7079545454809
Bending moment,FE,Case 2,6.45,-64.7079545454887
Bending moment,FE,Case 2,6.6,-50.809090909139
Bending moment,FE,Case 2,6.6,-50.8090909091566
Bending moment,FE,Case 2,6.75,-37.5852272727949
Bending moment,FE,Case 2,6.75,-37.5852272727839
Bending moment,FE,Case 2,6.9,-25.0363636364616
Bending moment,FE,Case 2,6.9,-25.0363636364688
Bending moment,FE,Case 2,7.05,-13.1625000001282
Bending moment,FE,Case 2,7.05,-13.1625000001372
Bending moment,FE,Case 2,7.2,-1.96363636377878
Bending moment,FE,Case 2,7.2,-1.96363636377032
Bending moment,FE,Case 2,7.35,8.56022727256168
Bending moment,FE,Case 2,7.35,8.56022727253195
Bending moment,FE,Case 2,7.5,18.4090909089257
Bending moment,FE,Case 2,7.5,18.4090909088972
Bending moment,FE,Case 2,7.65,27.5829545452032
Bending moment,FE,Case 2,7.65,27.5829545452461
Bending moment,FE,Case 2,7.8,36.081818181507
Bending moment,FE,Case 2,7.8,36.0818181815517
Bending moment,FE,Case 2,7.95,43.9056818178709
Bending moment,FE,Case 2,7.95,43.9056818178721
Bending moment,FE,Case 2,8.1,51.0545454541872
Bending moment,FE,Case 2,8.1,51.054545454215
Bending moment,FE,Case 2,8.25,57.5284090905534
Bending moment,FE,Case 2,8.25,57.5284090905602
Bending moment,FE,Case 2,8.4,63.327272726943
Bending moment,FE,Case 2,8.4,63.3272727269119
Bending moment,FE,Case 2,8.55,68.4511363633499
Bending moment,FE,Case 2,8.55,68.4511363633129
Bending moment,FE,Case 2,8.7,72.8999999997256
Bending moment,FE,Case 2,8.7,72.8999999997197
Bending moment,FE,Case 2,8.85,76.6738636361197
Bending moment,FE,Case 2,8.85,76.6738636361487
Bending moment,FE,Case 2,9,79.7727272724975
Bending moment,FE,Case 2,9,79.772727272537
Bending moment,FE,Case 2,9.15,82.1965909088733
Bending moment,FE,Case 2,9.15,82.1965909088852
Bending moment,FE,Case 2,9.3,83.9454545452713
Bending moment,FE,Case 2,9.3,83.9454545452574
Bending moment,FE,Case 2,9.45,85.0193181816654
Bending moment,FE,Case 2,9.45,85.0193181816466
Bending moment,FE,Case 2,9.6,85.4181818180563
Bending moment,FE,Case 2,9.6,85.4181818180579
Bending moment,FE,Case 2,9.75,85.1420454544642
Bending moment,FE,Case 2,9.75,85.1420454544933
Bending moment,FE,Case 2,9.9,84.1909090908628
Bending moment,FE,Case 2,9.9,84.1909090908781
Bending moment,FE,Case 2,10.05,82.5647727272712
Bending moment,FE,Case 2,10.05,82.5647727272868
Bending moment,FE,Case 2,10.2,80.2636363636869
Bending moment,FE,Case 2,10.2,80.263636363685
Bending moment,FE,Case 2,10.35,77.2875000000657
Bending moment,FE,Case 2,10.35,77.2875000000661
Bending moment,FE,Case 2,10.5,73.6363636364287
Bending moment,FE,Case 2,10.5,73.6363636365367
Bending moment,FE,Case 2,10.65,69.310227272907
Bending moment,FE,Case 2,10.65,69.3102272728791
Bending moment,FE,Case 2,10.8,64.309090909239
Bending moment,FE,Case 2,10.8,64.3090909091887
Bending moment,FE,Case 2,10.95,58.6329545455597
Bending moment,FE,Case 2,10.95,58.6329545455232
Bending moment,FE,Case 2,11.1,52.2818181819108
Bending moment,FE,Case 2,11.1,52.2818181818706
Bending moment,FE,Case 2,11.25,45.2556818182527
Bending moment,FE,Case 2,11.25,45.2556818182217
Bending moment,FE,Case 2,11.4,37.554545454615
Bending moment,FE,Case 2,11.4,37.5545454546155
Bending moment,FE,Case 2,11.55,29.1784090909795
Bending moment,FE,Case 2,11.55,29.1784090910088
Bending moment,FE,Case 2,11.7,20.1272727273618
Bending moment,FE,Case 2,11.7,20.1272727273641
Bending moment,FE,Case 2,11.85,10.4011363637242
Bending moment,FE,Case 2,11.85,10.4011363637163
Bending moment,FE,Case 2,12,7.77133308815792e-11
Bending moment,FE,Case 3,0,-1.85264070751145e-12
Bending moment,FE,Case 3,0.15,9.78960937500449
Bending moment,FE,Case 3,0.15,9.78960937500217
Bending moment,FE,Case 3,0.3,18.9042187500058
Bending moment,FE,Case 3,0.3,18.9042187500046
Bending moment,FE,Case 3,0.45,27.3438281250047
Bending moment,FE,Case 3,0.45,27.3438281250082
Bending moment,FE,Case 3,0.6,35.1084375000125
Bending moment,FE,Case 3,0.6,35.1084375000139
Bending moment,FE,Case 3,0.75,42.1980468750161
Bending moment,FE,Case 3,0.75,42.1980468750097
Bending moment,FE,Case 3,0.9,48.612656250012
Bending moment,FE,Case 3,0.9,48.6126562500133
Bending moment,FE,Case 3,1.05,54.352265624992
Bending moment,FE,Case 3,1.05,54.3522656249997
Bending moment,FE,Case 3,1.2,59.4168749999846
Bending moment,FE,Case 3,1.2,59.416874999974
Bending moment,FE,Case 3,1.35,63.8064843749736
Bending moment,FE,Case 3,1.35,63.806484374967
Bending moment,FE,Case 3,1.5,67.5210937499471
Bending moment,FE,Case 3,1.5,67.5210937499405
Bending moment,FE,Case 3,1.65,70.5607031249269
Bending moment,FE,Case 3,1.65,70.5607031249306
Bending moment,FE,Case 3,1.8,72.9253124999066
Bending moment,FE,Case 3,1.8,72.925312499902
Bending moment,FE,Case 3,1.95,74.6149218749179
Bending moment,FE,Case 3,1.95,74.614921874912
Bending moment,FE,Case 3,2.1,75.6295312499023
Bending moment,FE,Case 3,2.1,75.6295312498881
Bending moment,FE,Case 3,2.25,75.9691406249383
Bending moment,FE,Case 3,2.25,75.9691406249203
Bending moment,FE,Case 3,2.4,75.633749999934
Bending moment,FE,Case 3,2.4,75.6337499999328
Bending moment,FE,Case 3,2.55,74.6233593749524
Bending moment,FE,Case 3,2.55,74.6233593749434
Bending moment,FE,Case 3,2.7,72.9379687499914
Bending moment,FE,Case 3,2.7,72.9379687499719
Bending moment,FE,Case 3,2.85,70.5775781250218
Bending moment,FE,Case 3,2.85,70.5775781249997
Bending moment,FE,Case 3,3,67.5421875000382
Bending moment,FE,Case 3,3,67.5421875000341
Bending moment,FE,Case 3,3.15,63.8317968750243
Bending moment,FE,Case 3,3.15,63.8317968750349
Bending moment,FE,Case 3,3.3,59.4464062500496
Bending moment,FE,Case 3,3.3,59.4464062500469
Bending moment,FE,Case 3,3.45,54.3860156250474
Bending moment,FE,Case 3,3.45,54.3860156250504
Bending moment,FE,Case 3,3.6,48.6506250000454
Bending moment,FE,Case 3,3.6,48.6506250000498
Bending moment,FE,Case 3,3.75,42.2402343750344
Bending moment,FE,Case 3,3.75,42.2402343750331
Bending moment,FE,Case 3,3.9,35.154843750018
Bending moment,FE,Case 3,3.9,35.1548437500245
Bending moment,FE,Case 3,4.05,27.3944531250015
Bending moment,FE,Case 3,4.05,27.3944531249963
Bending moment,FE,Case 3,4.2,18.9590624999685
Bending moment,FE,Case 3,4.2,18.9590624999658
Bending moment,FE,Case 3,4.35,9.84867187493515
Bending moment,FE,Case 3,4.35,9.8486718749381
Bending moment,FE,Case 3,4.5,0.0632812499068411
Bending moment,FE,Case 3,4.5,0.0632812499135502
Bending moment,FE,Case 3,4.65,-10.3971093751191
Bending moment,FE,Case 3,4.65,-10.3971093751161
Bending moment,FE,Case 3,4.8,-21.5325000001431
Bending moment,FE,Case 3,4.8,-21.5325000001466
Bending moment,FE,Case 3,4.95,-33.3428906251709
Bending moment,FE,Case 3,4.95,-33.3428906251752
Bending moment,FE,Case 3,5.1,-45.8282812502044
Bending moment,FE,Case 3,5.1,-45.8282812502032
Bending moment,FE,Case 3,5.25,-58.9886718752337
Bending moment,FE,Case 3,5.25,-58.9886718752325
Bending moment,FE,Case 3,5.4,-72.8240625002578
Bending moment,FE,Case 3,5.4,-72.824062500258
Bending moment,FE,Case 3,5.55,-87.3344531252839
Bending moment,FE,Case 3,5.55,-87.3344531252844
Bending moment,FE,Case 3,5.7,-102.519843750311
Bending moment,FE,Case 3,5.7,-102.519843750311
Bending moment,FE,Case 3,5.85,-118.380234375337
Bending moment,FE,Case 3,5.85,-118.380234375337
Bending moment,FE,Case 3,6,-134.915625000364
Bending moment,FE,Case 3,6,-134.915625000364
Bending moment,FE,Case 3,6.15,-118.380234375364
Bending moment,FE,Case 3,6.15,-118.380234375364
Bending moment,FE,Case 3,6.3,-102.519843750364
Bending moment,FE,Case 3,6.3,-102.519843750364
Bending moment,FE,Case 3,6.45,-87.3344531253636
Bending moment,FE,Case 3,6.45,-87.3344531253637
Bending moment,FE,Case 3,6.6,-72.8240625003624
Bending moment,FE,Case 3,6.6,-72.8240625003637
Bending moment,FE,Case 3,6.75,-58.988671875362
Bending moment,FE,Case 3,6.75,-58.9886718753626
Bending moment,FE,Case 3,6.9,-45.8282812503598
Bending moment,FE,Case 3,6.9,-45.8282812503658
Bending moment,FE,Case 3,7.05,-33.3428906253596
Bending moment,FE,Case 3,7.05,-33.3428906253607
Bending moment,FE,Case 3,7.2,-21.5325000003621
Bending moment,FE,Case 3,7.2,-21.5325000003615
Bending moment,FE,Case 3,7.35,-10.3971093753545
Bending moment,FE,Case 3,7.35,-10.3971093753536
Bending moment,FE,Case 3,7.5,0.0632812496352996
Bending moment,FE,Case 3,7.5,0.063281249638539
Bending moment,FE,Case 3,7.65,9.84867187463447
Bending moment,FE,Case 3,7.65,9.84867187463557
Bending moment,FE,Case 3,7.8,18.9590624996294
Bending moment,FE,Case 3,7.8,18.9590624996376
Bending moment,FE,Case 3,7.95,27.3944531246259
Bending moment,FE,Case 3,7.95,27.3944531246336
Bending moment,FE,Case 3,8.1,35.1548437496171
Bending moment,FE,Case 3,8.1,35.1548437496307
Bending moment,FE,Case 3,8.25,42.2402343746343
Bending moment,FE,Case 3,8.25,42.2402343746384
Bending moment,FE,Case 3,8.4,48.6506249996525
Bending moment,FE,Case 3,8.4,48.650624999654
Bending moment,FE,Case 3,8.55,54.3860156246736
Bending moment,FE,Case 3,8.55,54.3860156246688
Bending moment,FE,Case 3,8.7,59.4464062497037
Bending moment,FE,Case 3,8.7,59.4464062496971
Bending moment,FE,Case 3,8.85,63.8317968747309
Bending moment,FE,Case 3,8.85,63.8317968747283
Bending moment,FE,Case 3,9,67.5421874997579
Bending moment,FE,Case 3,9,67.5421874997532
Bending moment,FE,Case 3,9.15,70.5775781247699
Bending moment,FE,Case 3,9.15,70.5775781247722
Bending moment,FE,Case 3,9.3,72.9379687497795
Bending moment,FE,Case 3,9.3,72.9379687497821
Bending moment,FE,Case 3,9.45,74.6233593748081
Bending moment,FE,Case 3,9.45,74.6233593748041
Bending moment,FE,Case 3,9.6,75.6337499998315
Bending moment,FE,Case 3,9.6,75.6337499998326
Bending moment,FE,Case 3,9.75,75.9691406248698
Bending moment,FE,Case 3,9.75,75.9691406248918
Bending moment,FE,Case 3,9.9,75.6295312498854
Bending moment,FE,Case 3,9.9,75.6295312498937
Bending moment,FE,Case 3,10.05,74.6149218749355
Bending moment,FE,Case 3,10.05,74.6149218749328
Bending moment,FE,Case 3,10.2,72.9253124999666
Bending moment,FE,Case 3,10.2,72.9253124999701
Bending moment,FE,Case 3,10.35,70.5607031249709
Bending moment,FE,Case 3,10.35,70.5607031249832
Bending moment,FE,Case 3,10.5,67.5210937499792
Bending moment,FE,Case 3,10.5,67.521093750074
Bending moment,FE,Case 3,10.65,63.8064843750543
Bending moment,FE,Case 3,10.65,63.8064843750962
Bending moment,FE,Case 3,10.8,59.4168750000633
Bending moment,FE,Case 3,10.8,59.4168750001094
Bending moment,FE,Case 3,10.95,54.3522656250862
Bending moment,FE,Case 3,10.95,54.3522656250578
Bending moment,FE,Case 3,11.1,48.6126562500354
Bending moment,FE,Case 3,11.1,48.6126562499959
Bending moment,FE,Case 3,11.25,42.1980468749832
Bending moment,FE,Case 3,11.25,42.1980468749841
Bending moment,FE,Case 3,11.4,35.1084374999611
Bending moment,FE,Case 3,11.4,35.1084374999434
Bending moment,FE,Case 3,11.55,27.3438281249231
Bending moment,FE,Case 3,11.55,27.3438281249267
Bending moment,FE,Case 3,11.7,18.9042187499016
Bending moment,FE,Case 3,11.7,18.9042187499032
Bending moment,FE,Case 3,11.85,9.78960937488511
Bending moment,FE,Case 3,11.85,9.78960937487817
Bending moment,FE,Case 3,12,-1.38548138295391e-10
Bending moment,Theory,Case 1,0,0
Bending moment,Theory,Case 1,0.012012012012012,1.0543467300147
Bending moment,Theory,Case 1,0.024024024024024,2.10436480705211
Bending moment,Theory,Case 1,0.036036036036036,3.15005423111221
Bending moment,Theory,Case 1,0.048048048048048,4.19141500219501
Bending moment,Theory,Case 1,0.0600600600600601,5.2284471203005
Bending moment,Theory,Case 1,0.0720720720720721,6.2611505854287
Bending moment,Theory,Case 1,0.0840840840840841,7.28952539757959
Bending moment,Theory,Case 1,0.0960960960960961,8.31357155675319
Bending moment,Theory,Case 1,0.108108108108108,9.33328906294948
Bending moment,Theory,Case 1,0.12012012012012,10.3486779161685
Bending moment,Theory,Case 1,0.132132132132132,11.3597381164102
Bending moment,Theory,Case 1,0.144144144144144,12.3664696636745
Bending moment,Theory,Case 1,0.156156156156156,13.3688725579616
Bending moment,Theory,Case 1,0.168168168168168,14.3669467992714
Bending moment,Theory,Case 1,0.18018018018018,15.3606923876039
Bending moment,Theory,Case 1,0.192192192192192,16.3501093229591
Bending moment,Theory,Case 1,0.204204204204204,17.3351976053369
Bending moment,Theory,Case 1,0.216216216216216,18.3159572347375
Bending moment,Theory,Case 1,0.228228228228228,19.2923882111608
Bending moment,Theory,Case 1,0.24024024024024,20.2644905346068
Bending moment,Theory,Case 1,0.252252252252252,21.2322642050754
Bending moment,Theory,Case 1,0.264264264264264,22.1957092225668
Bending moment,Theory,Case 1,0.276276276276276,23.1548255870809
Bending moment,Theory,Case 1,0.288288288288288,24.1096132986176
Bending moment,Theory,Case 1,0.3003003003003,25.0600723571771
Bending moment,Theory,Case 1,0.312312312312312,26.0062027627593
Bending moment,Theory,Case 1,0.324324324324324,26.9480045153641
Bending moment,Theory,Case 1,0.336336336336336,27.8854776149917
Bending moment,Theory,Case 1,0.348348348348348,28.818622061642
Bending moment,Theory,Case 1,0.36036036036036,29.7474378553149
Bending moment,Theory,Case 1,0.372372372372372,30.6719249960106
Bending moment,Theory,Case 1,0.384384384384384,31.5920834837289
Bending moment,Theory,Case 1,0.396396396396396,32.50791331847
Bending moment,Theory,Case 1,0.408408408408408,33.4194145002337
Bending moment,Theory,Case 1,0.42042042042042,34.3265870290202
Bending moment,Theory,Case 1,0.432432432432432,35.2294309048293
Bending moment,Theory,Case 1,0.444444444444444,36.1279461276612
Bending moment,Theory,Case 1,0.456456456456456,37.0221326975157
Bending moment,Theory,Case 1,0.468468468468468,37.9119906143929
Bending moment,Theory,Case 1,0.48048048048048,38.7975198782929
Bending moment,Theory,Case 1,0.492492492492492,39.6787204892155
Bending moment,Theory,Case 1,0.504504504504504,40.5555924471609
Bending moment,Theory,Case 1,0.516516516516517,41.4281357521289
Bending moment,Theory,Case 1,0.528528528528528,42.2963504041196
Bending moment,Theory,Case 1,0.540540540540541,43.1602364031331
Bending moment,Theory,Case 1,0.552552552552553,44.0197937491692
Bending moment,Theory,Case 1,0.564564564564565,44.875022442228
Bending moment,Theory,Case 1,0.576576576576577,45.7259224823096
Bending moment,Theory,Case 1,0.588588588588589,46.5724938694138
Bending moment,Theory,Case 1,0.600600600600601,47.4147366035407
Bending moment,Theory,Case 1,0.612612612612613,48.2526506846903
Bending moment,Theory,Case 1,0.624624624624625,49.0862361128627
Bending moment,Theory,Case 1,0.636636636636637,49.9154928880577
Bending moment,Theory,Case 1,0.648648648648649,50.7404210102754
Bending moment,Theory,Case 1,0.660660660660661,51.5610204795158
Bending moment,Theory,Case 1,0.672672672672673,52.3772912957789
Bending moment,Theory,Case 1,0.684684684684685,53.1892334590647
Bending moment,Theory,Case 1,0.696696696696697,53.9968469693732
Bending moment,Theory,Case 1,0.708708708708709,54.8001318267045
Bending moment,Theory,Case 1,0.720720720720721,55.5990880310584
Bending moment,Theory,Case 1,0.732732732732733,56.393715582435
Bending moment,Theory,Case 1,0.744744744744745,57.1840144808343
Bending moment,Theory,Case 1,0.756756756756757,57.9699847262563
Bending moment,Theory,Case 1,0.768768768768769,58.751626318701
Bending moment,Theory,Case 1,0.780780780780781,59.5289392581684
Bending moment,Theory,Case 1,0.792792792792793,60.3019235446585
Bending moment,Theory,Case 1,0.804804804804805,61.0705791781713
Bending moment,Theory,Case 1,0.816816816816817,61.8349061587068
Bending moment,Theory,Case 1,0.828828828828829,62.594904486265
Bending moment,Theory,Case 1,0.840840840840841,63.3505741608458
Bending moment,Theory,Case 1,0.852852852852853,64.1019151824494
Bending moment,Theory,Case 1,0.864864864864865,64.8489275510757
Bending moment,Theory,Case 1,0.876876876876877,65.5916112667247
Bending moment,Theory,Case 1,0.888888888888889,66.3299663293964
Bending moment,Theory,Case 1,0.900900900900901,67.0639927390908
Bending moment,Theory,Case 1,0.912912912912913,67.7936904958079
Bending moment,Theory,Case 1,0.924924924924925,68.5190595995476
Bending moment,Theory,Case 1,0.936936936936937,69.2401000503101
Bending moment,Theory,Case 1,0.948948948948949,69.9568118480953
Bending moment,Theory,Case 1,0.960960960960961,70.6691949929032
Bending moment,Theory,Case 1,0.972972972972973,71.3772494847338
Bending moment,Theory,Case 1,0.984984984984985,72.080975323587
Bending moment,Theory,Case 1,0.996996996996997,72.780372509463
Bending moment,Theory,Case 1,1.00900900900901,73.4754410423617
Bending moment,Theory,Case 1,1.02102102102102,74.166180922283
Bending moment,Theory,Case 1,1.03303303303303,74.8525921492271
Bending moment,Theory,Case 1,1.04504504504505,75.5346747231939
Bending moment,Theory,Case 1,1.05705705705706,76.2124286441833
Bending moment,Theory,Case 1,1.06906906906907,76.8858539121955
Bending moment,Theory,Case 1,1.08108108108108,77.5549505272303
Bending moment,Theory,Case 1,1.09309309309309,78.2197184892879
Bending moment,Theory,Case 1,1.10510510510511,78.8801577983681
Bending moment,Theory,Case 1,1.11711711711712,79.5362684544711
Bending moment,Theory,Case 1,1.12912912912913,80.1880504575968
Bending moment,Theory,Case 1,1.14114114114114,80.8355038077451
Bending moment,Theory,Case 1,1.15315315315315,81.4786285049162
Bending moment,Theory,Case 1,1.16516516516517,82.1174245491099
Bending moment,Theory,Case 1,1.17717717717718,82.7518919403264
Bending moment,Theory,Case 1,1.18918918918919,83.3820306785655
Bending moment,Theory,Case 1,1.2012012012012,84.0078407638273
Bending moment,Theory,Case 1,1.21321321321321,84.6293221961119
Bending moment,Theory,Case 1,1.22522522522523,85.2464749754191
Bending moment,Theory,Case 1,1.23723723723724,85.8592991017491
Bending moment,Theory,Case 1,1.24924924924925,86.4677945751017
Bending moment,Theory,Case 1,1.26126126126126,87.071961395477
Bending moment,Theory,Case 1,1.27327327327327,87.6717995628751
Bending moment,Theory,Case 1,1.28528528528529,88.2673090772958
Bending moment,Theory,Case 1,1.2972972972973,88.8584899387392
Bending moment,Theory,Case 1,1.30930930930931,89.4453421472054
Bending moment,Theory,Case 1,1.32132132132132,90.0278657026942
Bending moment,Theory,Case 1,1.33333333333333,90.6060606052057
Bending moment,Theory,Case 1,1.34534534534535,91.1799268547399
Bending moment,Theory,Case 1,1.35735735735736,91.7494644512969
Bending moment,Theory,Case 1,1.36936936936937,92.3146733948765
Bending moment,Theory,Case 1,1.38138138138138,92.8755536854788
Bending moment,Theory,Case 1,1.39339339339339,93.4321053231038
Bending moment,Theory,Case 1,1.40540540540541,93.9843283077515
Bending moment,Theory,Case 1,1.41741741741742,94.5322226394219
Bending moment,Theory,Case 1,1.42942942942943,95.0757883181151
Bending moment,Theory,Case 1,1.44144144144144,95.6150253438309
Bending moment,Theory,Case 1,1.45345345345345,96.1499337165694
Bending moment,Theory,Case 1,1.46546546546547,96.6805134363306
Bending moment,Theory,Case 1,1.47747747747748,97.2067645031145
Bending moment,Theory,Case 1,1.48948948948949,97.7286869169211
Bending moment,Theory,Case 1,1.5015015015015,98.2462806777504
Bending moment,Theory,Case 1,1.51351351351351,98.7595457856024
Bending moment,Theory,Case 1,1.52552552552553,99.2684822404771
Bending moment,Theory,Case 1,1.53753753753754,99.7730900423745
Bending moment,Theory,Case 1,1.54954954954955,100.273369191295
Bending moment,Theory,Case 1,1.56156156156156,100.769319687237
Bending moment,Theory,Case 1,1.57357357357357,101.260941530203
Bending moment,Theory,Case 1,1.58558558558559,101.748234720191
Bending moment,Theory,Case 1,1.5975975975976,102.231199257202
Bending moment,Theory,Case 1,1.60960960960961,102.709835141236
Bending moment,Theory,Case 1,1.62162162162162,103.184142372292
Bending moment,Theory,Case 1,1.63363363363363,103.654120950371
Bending moment,Theory,Case 1,1.64564564564565,104.119770875472
Bending moment,Theory,Case 1,1.65765765765766,104.581092147597
Bending moment,Theory,Case 1,1.66966966966967,105.038084766744
Bending moment,Theory,Case 1,1.68168168168168,105.490748732914
Bending moment,Theory,Case 1,1.69369369369369,105.939084046106
Bending moment,Theory,Case 1,1.70570570570571,106.383090706321
Bending moment,Theory,Case 1,1.71771771771772,106.822768713559
Bending moment,Theory,Case 1,1.72972972972973,107.25811806782
Bending moment,Theory,Case 1,1.74174174174174,107.689138769103
Bending moment,Theory,Case 1,1.75375375375375,108.115830817409
Bending moment,Theory,Case 1,1.76576576576577,108.538194212738
Bending moment,Theory,Case 1,1.77777777777778,108.956228955089
Bending moment,Theory,Case 1,1.78978978978979,109.369935044463
Bending moment,Theory,Case 1,1.8018018018018,109.77931248086
Bending moment,Theory,Case 1,1.81381381381381,110.184361264279
Bending moment,Theory,Case 1,1.82582582582583,110.585081394722
Bending moment,Theory,Case 1,1.83783783783784,110.981472872186
Bending moment,Theory,Case 1,1.84984984984985,111.373535696674
Bending moment,Theory,Case 1,1.86186186186186,111.761269868184
Bending moment,Theory,Case 1,1.87387387387387,112.144675386717
Bending moment,Theory,Case 1,1.88588588588589,112.523752252273
Bending moment,Theory,Case 1,1.8978978978979,112.898500464851
Bending moment,Theory,Case 1,1.90990990990991,113.268920024452
Bending moment,Theory,Case 1,1.92192192192192,113.635010931076
Bending moment,Theory,Case 1,1.93393393393393,113.996773184722
Bending moment,Theory,Case 1,1.94594594594595,114.354206785392
Bending moment,Theory,Case 1,1.95795795795796,114.707311733083
Bending moment,Theory,Case 1,1.96996996996997,115.056088027798
Bending moment,Theory,Case 1,1.98198198198198,115.400535669535
Bending moment,Theory,Case 1,1.99399399399399,115.740654658295
Bending moment,Theory,Case 1,2.00600600600601,116.076444994078
Bending moment,Theory,Case 1,2.01801801801802,116.407906676883
Bending moment,Theory,Case 1,2.03003003003003,116.735039706711
Bending moment,Theory,Case 1,2.04204204204204,117.057844083562
Bending moment,Theory,Case 1,2.05405405405405,117.376319807435
Bending moment,Theory,Case 1,2.06606606606607,117.690466878331
Bending moment,Theory,Case 1,2.07807807807808,118.00028529625
Bending moment,Theory,Case 1,2.09009009009009,118.305775061192
Bending moment,Theory,Case 1,2.1021021021021,118.606936173156
Bending moment,Theory,Case 1,2.11411411411411,118.903768632143
Bending moment,Theory,Case 1,2.12612612612613,119.196272438152
Bending moment,Theory,Case 1,2.13813813813814,119.484447591185
Bending moment,Theory,Case 1,2.15015015015015,119.76829409124
Bending moment,Theory,Case 1,2.16216216216216,120.047811938318
Bending moment,Theory,Case 1,2.17417417417417,120.323001132418
Bending moment,Theory,Case 1,2.18618618618619,120.593861673541
Bending moment,Theory,Case 1,2.1981981981982,120.860393561687
Bending moment,Theory,Case 1,2.21021021021021,121.122596796855
Bending moment,Theory,Case 1,2.22222222222222,121.380471379047
Bending moment,Theory,Case 1,2.23423423423423,121.63401730826
Bending moment,Theory,Case 1,2.24624624624625,121.883234584497
Bending moment,Theory,Case 1,2.25825825825826,122.128123207756
Bending moment,Theory,Case 1,2.27027027027027,122.368683178038
Bending moment,Theory,Case 1,2.28228228228228,122.604914495343
Bending moment,Theory,Case 1,2.29429429429429,122.83681715967
Bending moment,Theory,Case 1,2.30630630630631,123.064391171021
Bending moment,Theory,Case 1,2.31831831831832,123.287636529393
Bending moment,Theory,Case 1,2.33033033033033,123.506553234789
Bending moment,Theory,Case 1,2.34234234234234,123.721141287207
Bending moment,Theory,Case 1,2.35435435435435,123.931400686648
Bending moment,Theory,Case 1,2.36636636636637,124.137331433111
Bending moment,Theory,Case 1,2.37837837837838,124.338933526598
Bending moment,Theory,Case 1,2.39039039039039,124.536206967107
Bending moment,Theory,Case 1,2.4024024024024,124.729151754638
Bending moment,Theory,Case 1,2.41441441441441,124.917767889193
Bending moment,Theory,Case 1,2.42642642642643,125.10205537077
Bending moment,Theory,Case 1,2.43843843843844,125.28201419937
Bending moment,Theory,Case 1,2.45045045045045,125.457644374992
Bending moment,Theory,Case 1,2.46246246246246,125.628945897637
Bending moment,Theory,Case 1,2.47447447447447,125.795918767305
Bending moment,Theory,Case 1,2.48648648648649,125.958562983996
Bending moment,Theory,Case 1,2.4984984984985,126.116878547709
Bending moment,Theory,Case 1,2.51051051051051,126.270865458445
Bending moment,Theory,Case 1,2.52252252252252,126.420523716204
Bending moment,Theory,Case 1,2.53453453453453,126.565853320985
Bending moment,Theory,Case 1,2.54654654654655,126.706854272789
Bending moment,Theory,Case 1,2.55855855855856,126.843526571616
Bending moment,Theory,Case 1,2.57057057057057,126.975870217465
Bending moment,Theory,Case 1,2.58258258258258,127.103885210337
Bending moment,Theory,Case 1,2.59459459459459,127.227571550232
Bending moment,Theory,Case 1,2.60660660660661,127.34692923715
Bending moment,Theory,Case 1,2.61861861861862,127.46195827109
Bending moment,Theory,Case 1,2.63063063063063,127.572658652053
Bending moment,Theory,Case 1,2.64264264264264,127.679030380039
Bending moment,Theory,Case 1,2.65465465465465,127.781073455047
Bending moment,Theory,Case 1,2.66666666666667,127.878787877078
Bending moment,Theory,Case 1,2.67867867867868,127.972173646132
Bending moment,Theory,Case 1,2.69069069069069,128.061230762208
Bending moment,Theory,Case 1,2.7027027027027,128.145959225307
Bending moment,Theory,Case 1,2.71471471471471,128.226359035429
Bending moment,Theory,Case 1,2.72672672672673,128.302430192574
Bending moment,Theory,Case 1,2.73873873873874,128.374172696741
Bending moment,Theory,Case 1,2.75075075075075,128.441586547931
Bending moment,Theory,Case 1,2.76276276276276,128.504671746144
Bending moment,Theory,Case 1,2.77477477477477,128.563428291379
Bending moment,Theory,Case 1,2.78678678678679,128.617856183637
Bending moment,Theory,Case 1,2.7987987987988,128.667955422918
Bending moment,Theory,Case 1,2.81081081081081,128.713726009221
Bending moment,Theory,Case 1,2.82282282282282,128.755167942547
Bending moment,Theory,Case 1,2.83483483483483,128.792281222896
Bending moment,Theory,Case 1,2.84684684684685,128.825065850268
Bending moment,Theory,Case 1,2.85885885885886,128.853521824662
Bending moment,Theory,Case 1,2.87087087087087,128.877649146079
Bending moment,Theory,Case 1,2.88288288288288,128.897447814518
Bending moment,Theory,Case 1,2.89489489489489,128.912917829981
Bending moment,Theory,Case 1,2.90690690690691,128.924059192466
Bending moment,Theory,Case 1,2.91891891891892,128.930871901973
Bending moment,Theory,Case 1,2.93093093093093,128.933355958504
Bending moment,Theory,Case 1,2.94294294294294,128.931511362057
Bending moment,Theory,Case 1,2.95495495495495,128.925338112633
Bending moment,Theory,Case 1,2.96696696696697,128.914836210231
Bending moment,Theory,Case 1,2.97897897897898,128.900005654852
Bending moment,Theory,Case 1,2.99099099099099,128.880846446496
Bending moment,Theory,Case 1,3.003003003003,128.857358585163
Bending moment,Theory,Case 1,3.01501501501502,128.829542070852
Bending moment,Theory,Case 1,3.02702702702703,128.797396903564
Bending moment,Theory,Case 1,3.03903903903904,128.760923083299
Bending moment,Theory,Case 1,3.05105105105105,128.720120610056
Bending moment,Theory,Case 1,3.06306306306306,128.674989483836
Bending moment,Theory,Case 1,3.07507507507508,128.625529704639
Bending moment,Theory,Case 1,3.08708708708709,128.571741272465
Bending moment,Theory,Case 1,3.0990990990991,128.513624187313
Bending moment,Theory,Case 1,3.11111111111111,128.451178449184
Bending moment,Theory,Case 1,3.12312312312312,128.384404058077
Bending moment,Theory,Case 1,3.13513513513514,128.313301013994
Bending moment,Theory,Case 1,3.14714714714715,128.237869316933
Bending moment,Theory,Case 1,3.15915915915916,128.158108966894
Bending moment,Theory,Case 1,3.17117117117117,128.074019963879
Bending moment,Theory,Case 1,3.18318318318318,127.985602307886
Bending moment,Theory,Case 1,3.1951951951952,127.892855998915
Bending moment,Theory,Case 1,3.20720720720721,127.795781036968
Bending moment,Theory,Case 1,3.21921921921922,127.694377422043
Bending moment,Theory,Case 1,3.23123123123123,127.588645154141
Bending moment,Theory,Case 1,3.24324324324324,127.478584233262
Bending moment,Theory,Case 1,3.25525525525526,127.364194659405
Bending moment,Theory,Case 1,3.26726726726727,127.245476432571
Bending moment,Theory,Case 1,3.27927927927928,127.122429552759
Bending moment,Theory,Case 1,3.29129129129129,126.995054019971
Bending moment,Theory,Case 1,3.3033033033033,126.863349834205
Bending moment,Theory,Case 1,3.31531531531532,126.727316995462
Bending moment,Theory,Case 1,3.32732732732733,126.586955503741
Bending moment,Theory,Case 1,3.33933933933934,126.442265359043
Bending moment,Theory,Case 1,3.35135135135135,126.293246561368
Bending moment,Theory,Case 1,3.36336336336336,126.139899110716
Bending moment,Theory,Case 1,3.37537537537538,125.982223007086
Bending moment,Theory,Case 1,3.38738738738739,125.820218250479
Bending moment,Theory,Case 1,3.3993993993994,125.653884840894
Bending moment,Theory,Case 1,3.41141141141141,125.483222778333
Bending moment,Theory,Case 1,3.42342342342342,125.308232062794
Bending moment,Theory,Case 1,3.43543543543544,125.128912694278
Bending moment,Theory,Case 1,3.44744744744745,124.945264672784
Bending moment,Theory,Case 1,3.45945945945946,124.757287998313
Bending moment,Theory,Case 1,3.47147147147147,124.564982670865
Bending moment,Theory,Case 1,3.48348348348348,124.36834869044
Bending moment,Theory,Case 1,3.4954954954955,124.167386057037
Bending moment,Theory,Case 1,3.50750750750751,123.962094770657
Bending moment,Theory,Case 1,3.51951951951952,123.752474831299
Bending moment,Theory,Case 1,3.53153153153153,123.538526238965
Bending moment,Theory,Case 1,3.54354354354354,123.320248993653
Bending moment,Theory,Case 1,3.55555555555556,123.097643095363
Bending moment,Theory,Case 1,3.56756756756757,122.870708544097
Bending moment,Theory,Case 1,3.57957957957958,122.639445339853
Bending moment,Theory,Case 1,3.59159159159159,122.403853482632
Bending moment,Theory,Case 1,3.6036036036036,122.163932972433
Bending moment,Theory,Case 1,3.61561561561562,121.919683809257
Bending moment,Theory,Case 1,3.62762762762763,121.671105993104
Bending moment,Theory,Case 1,3.63963963963964,121.418199523974
Bending moment,Theory,Case 1,3.65165165165165,121.160964401866
Bending moment,Theory,Case 1,3.66366366366366,120.899400626781
Bending moment,Theory,Case 1,3.67567567567568,120.633508198719
Bending moment,Theory,Case 1,3.68768768768769,120.363287117679
Bending moment,Theory,Case 1,3.6996996996997,120.088737383663
Bending moment,Theory,Case 1,3.71171171171171,119.809858996668
Bending moment,Theory,Case 1,3.72372372372372,119.526651956697
Bending moment,Theory,Case 1,3.73573573573574,119.239116263748
Bending moment,Theory,Case 1,3.74774774774775,118.947251917822
Bending moment,Theory,Case 1,3.75975975975976,118.651058918919
Bending moment,Theory,Case 1,3.77177177177177,118.350537267038
Bending moment,Theory,Case 1,3.78378378378378,118.04568696218
Bending moment,Theory,Case 1,3.7957957957958,117.736508004345
Bending moment,Theory,Case 1,3.80780780780781,117.423000393532
Bending moment,Theory,Case 1,3.81981981981982,117.105164129742
Bending moment,Theory,Case 1,3.83183183183183,116.782999212975
Bending moment,Theory,Case 1,3.84384384384384,116.45650564323
Bending moment,Theory,Case 1,3.85585585585586,116.125683420508
Bending moment,Theory,Case 1,3.86786786786787,115.790532544809
Bending moment,Theory,Case 1,3.87987987987988,115.451053016133
Bending moment,Theory,Case 1,3.89189189189189,115.107244834479
Bending moment,Theory,Case 1,3.9039039039039,114.759107999848
Bending moment,Theory,Case 1,3.91591591591592,114.40664251224
Bending moment,Theory,Case 1,3.92792792792793,114.049848371654
Bending moment,Theory,Case 1,3.93993993993994,113.688725578091
Bending moment,Theory,Case 1,3.95195195195195,113.323274131551
Bending moment,Theory,Case 1,3.96396396396396,112.953494032034
Bending moment,Theory,Case 1,3.97597597597598,112.579385279539
Bending moment,Theory,Case 1,3.98798798798799,112.200947874067
Bending moment,Theory,Case 1,4,111.818181815617
Bending moment,Theory,Case 1,4.01201201201201,111.43108710419
Bending moment,Theory,Case 1,4.02402402402402,111.039663739786
Bending moment,Theory,Case 1,4.03603603603604,110.643911722405
Bending moment,Theory,Case 1,4.04804804804805,110.243831052046
Bending moment,Theory,Case 1,4.06006006006006,109.83942172871
Bending moment,Theory,Case 1,4.07207207207207,109.430683752397
Bending moment,Theory,Case 1,4.08408408408408,109.017617123107
Bending moment,Theory,Case 1,4.0960960960961,108.600221840839
Bending moment,Theory,Case 1,4.10810810810811,108.178497905594
Bending moment,Theory,Case 1,4.12012012012012,107.752445317371
Bending moment,Theory,Case 1,4.13213213213213,107.322064076171
Bending moment,Theory,Case 1,4.14414414414414,106.887354181994
Bending moment,Theory,Case 1,4.15615615615616,106.44831563484
Bending moment,Theory,Case 1,4.16816816816817,106.004948434708
Bending moment,Theory,Case 1,4.18018018018018,105.557252581599
Bending moment,Theory,Case 1,4.19219219219219,105.105228075513
Bending moment,Theory,Case 1,4.2042042042042,104.64887491645
Bending moment,Theory,Case 1,4.21621621621622,104.188193104409
Bending moment,Theory,Case 1,4.22822822822823,103.723182639391
Bending moment,Theory,Case 1,4.24024024024024,103.253843521395
Bending moment,Theory,Case 1,4.25225225225225,102.780175750422
Bending moment,Theory,Case 1,4.26426426426426,102.302179326472
Bending moment,Theory,Case 1,4.27627627627628,101.819854249545
Bending moment,Theory,Case 1,4.28828828828829,101.33320051964
Bending moment,Theory,Case 1,4.3003003003003,100.842218136758
Bending moment,Theory,Case 1,4.31231231231231,100.346907100899
Bending moment,Theory,Case 1,4.32432432432432,99.8472674120624
Bending moment,Theory,Case 1,4.33633633633634,99.3432990702484
Bending moment,Theory,Case 1,4.34834834834835,98.8350020754573
Bending moment,Theory,Case 1,4.36036036036036,98.3223764276888
Bending moment,Theory,Case 1,4.37237237237237,97.805422126943
Bending moment,Theory,Case 1,4.38438438438438,97.2841391732199
Bending moment,Theory,Case 1,4.3963963963964,96.7585275665195
Bending moment,Theory,Case 1,4.40840840840841,96.2285873068419
Bending moment,Theory,Case 1,4.42042042042042,95.6943183941869
Bending moment,Theory,Case 1,4.43243243243243,95.1557208285546
Bending moment,Theory,Case 1,4.44444444444444,94.6127946099449
Bending moment,Theory,Case 1,4.45645645645646,94.0655397383581
Bending moment,Theory,Case 1,4.46846846846847,93.5139562137939
Bending moment,Theory,Case 1,4.48048048048048,92.9580440362524
Bending moment,Theory,Case 1,4.49249249249249,92.3978032057336
Bending moment,Theory,Case 1,4.5045045045045,91.8332337222374
Bending moment,Theory,Case 1,4.51651651651652,91.264335585764
Bending moment,Theory,Case 1,4.52852852852853,90.6911087963134
Bending moment,Theory,Case 1,4.54054054054054,90.1135533538854
Bending moment,Theory,Case 1,4.55255255255255,89.53166925848
Bending moment,Theory,Case 1,4.56456456456456,88.9454565100974
Bending moment,Theory,Case 1,4.57657657657658,88.3549151087375
Bending moment,Theory,Case 1,4.58858858858859,87.7600450544003
Bending moment,Theory,Case 1,4.6006006006006,87.1608463470858
Bending moment,Theory,Case 1,4.61261261261261,86.557318986794
Bending moment,Theory,Case 1,4.62462462462462,85.9494629735248
Bending moment,Theory,Case 1,4.63663663663664,85.3372783072784
Bending moment,Theory,Case 1,4.64864864864865,84.7207649880547
Bending moment,Theory,Case 1,4.66066066066066,84.0999230158537
Bending moment,Theory,Case 1,4.67267267267267,83.4747523906754
Bending moment,Theory,Case 1,4.68468468468468,82.8452531125197
Bending moment,Theory,Case 1,4.6966966966967,82.2114251813868
Bending moment,Theory,Case 1,4.70870870870871,81.5732685972766
Bending moment,Theory,Case 1,4.72072072072072,80.9307833601891
Bending moment,Theory,Case 1,4.73273273273273,80.2839694701242
Bending moment,Theory,Case 1,4.74474474474474,79.632826927082
Bending moment,Theory,Case 1,4.75675675675676,78.9773557310625
Bending moment,Theory,Case 1,4.76876876876877,78.3175558820658
Bending moment,Theory,Case 1,4.78078078078078,77.6534273800918
Bending moment,Theory,Case 1,4.79279279279279,76.9849702251405
Bending moment,Theory,Case 1,4.8048048048048,76.3121844172119
Bending moment,Theory,Case 1,4.81681681681682,75.6350699563059
Bending moment,Theory,Case 1,4.82882882882883,74.9536268424227
Bending moment,Theory,Case 1,4.84084084084084,74.2678550755621
Bending moment,Theory,Case 1,4.85285285285285,73.5777546557243
Bending moment,Theory,Case 1,4.86486486486486,72.8833255829091
Bending moment,Theory,Case 1,4.87687687687688,72.1845678571166
Bending moment,Theory,Case 1,4.88888888888889,71.4814814783469
Bending moment,Theory,Case 1,4.9009009009009,70.7740664465998
Bending moment,Theory,Case 1,4.91291291291291,70.0623227618755
Bending moment,Theory,Case 1,4.92492492492492,69.3462504241738
Bending moment,Theory,Case 1,4.93693693693694,68.6258494334948
Bending moment,Theory,Case 1,4.94894894894895,67.9011197898386
Bending moment,Theory,Case 1,4.96096096096096,67.172061493205
Bending moment,Theory,Case 1,4.97297297297297,66.4386745435941
Bending moment,Theory,Case 1,4.98498498498498,65.7009589410059
Bending moment,Theory,Case 1,4.996996996997,64.9589146854405
Bending moment,Theory,Case 1,5.00900900900901,64.2125417768977
Bending moment,Theory,Case 1,5.02102102102102,63.4618402153777
Bending moment,Theory,Case 1,5.03303303303303,62.7068100008803
Bending moment,Theory,Case 1,5.04504504504505,61.9474511334056
Bending moment,Theory,Case 1,5.05705705705706,61.1837636129537
Bending moment,Theory,Case 1,5.06906906906907,60.4157474395243
Bending moment,Theory,Case 1,5.08108108108108,59.6434026131178
Bending moment,Theory,Case 1,5.09309309309309,58.8667291337339
Bending moment,Theory,Case 1,5.10510510510511,58.0857270013727
Bending moment,Theory,Case 1,5.11711711711712,57.3003962160342
Bending moment,Theory,Case 1,5.12912912912913,56.5107367777184
Bending moment,Theory,Case 1,5.14114114114114,55.7167486864253
Bending moment,Theory,Case 1,5.15315315315315,54.9184319421549
Bending moment,Theory,Case 1,5.16516516516517,54.1157865449073
Bending moment,Theory,Case 1,5.17717717717718,53.3088124946822
Bending moment,Theory,Case 1,5.18918918918919,52.4975097914799
Bending moment,Theory,Case 1,5.2012012012012,51.6818784353004
Bending moment,Theory,Case 1,5.21321321321321,50.8619184261435
Bending moment,Theory,Case 1,5.22522522522523,50.0376297640092
Bending moment,Theory,Case 1,5.23723723723724,49.2090124488978
Bending moment,Theory,Case 1,5.24924924924925,48.3760664808089
Bending moment,Theory,Case 1,5.26126126126126,47.5387918597428
Bending moment,Theory,Case 1,5.27327327327327,46.6971885856995
Bending moment,Theory,Case 1,5.28528528528529,45.8512566586787
Bending moment,Theory,Case 1,5.2972972972973,45.0009960786807
Bending moment,Theory,Case 1,5.30930930930931,44.1464068457054
Bending moment,Theory,Case 1,5.32132132132132,43.2874889597527
Bending moment,Theory,Case 1,5.33333333333333,42.4242424208228
Bending moment,Theory,Case 1,5.34534534534535,41.5566672289157
Bending moment,Theory,Case 1,5.35735735735736,40.6847633840311
Bending moment,Theory,Case 1,5.36936936936937,39.8085308861693
Bending moment,Theory,Case 1,5.38138138138138,38.9279697353301
Bending moment,Theory,Case 1,5.39339339339339,38.0430799315138
Bending moment,Theory,Case 1,5.40540540540541,37.1538614747201
Bending moment,Theory,Case 1,5.41741741741742,36.260314364949
Bending moment,Theory,Case 1,5.42942942942943,35.3624386022006
Bending moment,Theory,Case 1,5.44144144144144,34.460234186475
Bending moment,Theory,Case 1,5.45345345345345,33.5537011177721
Bending moment,Theory,Case 1,5.46546546546547,32.6428393960919
Bending moment,Theory,Case 1,5.47747747747748,31.7276490214343
Bending moment,Theory,Case 1,5.48948948948949,30.8081299937994
Bending moment,Theory,Case 1,5.5015015015015,29.8842823131873
Bending moment,Theory,Case 1,5.51351351351351,28.956105979598
Bending moment,Theory,Case 1,5.52552552552553,28.0236009930312
Bending moment,Theory,Case 1,5.53753753753754,27.0867673534871
Bending moment,Theory,Case 1,5.54954954954955,26.1456050609658
Bending moment,Theory,Case 1,5.56156156156156,25.2001141154671
Bending moment,Theory,Case 1,5.57357357357357,24.2502945169912
Bending moment,Theory,Case 1,5.58558558558559,23.2961462655379
Bending moment,Theory,Case 1,5.5975975975976,22.3376693611073
Bending moment,Theory,Case 1,5.60960960960961,21.3748638036995
Bending moment,Theory,Case 1,5.62162162162162,20.4077295933143
Bending moment,Theory,Case 1,5.63363363363363,19.436266729952
Bending moment,Theory,Case 1,5.64564564564565,18.4604752136121
Bending moment,Theory,Case 1,5.65765765765766,17.4803550442951
Bending moment,Theory,Case 1,5.66966966966967,16.4959062220007
Bending moment,Theory,Case 1,5.68168168168168,15.5071287467291
Bending moment,Theory,Case 1,5.69369369369369,14.5140226184801
Bending moment,Theory,Case 1,5.70570570570571,13.5165878372539
Bending moment,Theory,Case 1,5.71771771771772,12.5148244030502
Bending moment,Theory,Case 1,5.72972972972973,11.5087323158694
Bending moment,Theory,Case 1,5.74174174174174,10.4983115757112
Bending moment,Theory,Case 1,5.75375375375375,9.48356218257575
Bending moment,Theory,Case 1,5.76576576576577,8.46448413646303
Bending moment,Theory,Case 1,5.77777777777778,7.44107743737288
Bending moment,Theory,Case 1,5.78978978978979,6.41334208530548
Bending moment,Theory,Case 1,5.8018018018018,5.38127808026079
Bending moment,Theory,Case 1,5.81381381381381,4.34488542223879
Bending moment,Theory,Case 1,5.82582582582583,3.30416411123954
Bending moment,Theory,Case 1,5.83783783783784,2.259114147263
Bending moment,Theory,Case 1,5.84984984984985,1.20973553030903
Bending moment,Theory,Case 1,5.86186186186186,0.156028260377934
Bending moment,Theory,Case 1,5.87387387387387,-0.902007662530639
Bending moment,Theory,Case 1,5.88588588588589,-1.9643722384164
Bending moment,Theory,Case 1,5.8978978978979,-3.03106546727946
Bending moment,Theory,Case 1,5.90990990990991,-4.10208734911983
Bending moment,Theory,Case 1,5.92192192192192,-5.17743788393767
Bending moment,Theory,Case 1,5.93393393393393,-6.25711707173259
Bending moment,Theory,Case 1,5.94594594594595,-7.34112491250475
Bending moment,Theory,Case 1,5.95795795795796,-8.42946140625444
Bending moment,Theory,Case 1,5.96996996996997,-9.52212655298132
Bending moment,Theory,Case 1,5.98198198198198,-10.6191203526856
Bending moment,Theory,Case 1,5.99399399399399,-11.7204428053672
Bending moment,Theory,Case 1,6.00600600600601,-11.720442805367
Bending moment,Theory,Case 1,6.01801801801802,-10.6191203526856
Bending moment,Theory,Case 1,6.03003003003003,-9.52212655298131
Bending moment,Theory,Case 1,6.04204204204204,-8.42946140625436
Bending moment,Theory,Case 1,6.05405405405405,-7.34112491250477
Bending moment,Theory,Case 1,6.06606606606607,-6.25711707173248
Bending moment,Theory,Case 1,6.07807807807808,-5.17743788393762
Bending moment,Theory,Case 1,6.09009009009009,-4.10208734911989
Bending moment,Theory,Case 1,6.1021021021021,-3.03106546727952
Bending moment,Theory,Case 1,6.11411411411411,-1.96437223841639
Bending moment,Theory,Case 1,6.12612612612613,-0.902007662530552
Bending moment,Theory,Case 1,6.13813813813814,0.156028260377967
Bending moment,Theory,Case 1,6.15015015015015,1.20973553030901
Bending moment,Theory,Case 1,6.16216216216216,2.25911414726304
Bending moment,Theory,Case 1,6.17417417417417,3.3041641112396
Bending moment,Theory,Case 1,6.18618618618619,4.34488542223885
Bending moment,Theory,Case 1,6.1981981981982,5.3812780802608
Bending moment,Theory,Case 1,6.21021021021021,6.41334208530551
Bending moment,Theory,Case 1,6.22222222222222,7.44107743737284
Bending moment,Theory,Case 1,6.23423423423423,8.46448413646305
Bending moment,Theory,Case 1,6.24624624624625,9.48356218257574
Bending moment,Theory,Case 1,6.25825825825826,10.4983115757112
Bending moment,Theory,Case 1,6.27027027027027,11.5087323158694
Bending moment,Theory,Case 1,6.28228228228228,12.5148244030501
Bending moment,Theory,Case 1,6.29429429429429,13.5165878372538
Bending moment,Theory,Case 1,6.30630630630631,14.5140226184802
Bending moment,Theory,Case 1,6.31831831831832,15.507128746729
Bending moment,Theory,Case 1,6.33033033033033,16.4959062220008
Bending moment,Theory,Case 1,6.34234234234234,17.4803550442951
Bending moment,Theory,Case 1,6.35435435435435,18.4604752136121
Bending moment,Theory,Case 1,6.36636636636637,19.4362667299519
Bending moment,Theory,Case 1,6.37837837837838,20.4077295933143
Bending moment,Theory,Case 1,6.39039039039039,21.3748638036995
Bending moment,Theory,Case 1,6.4024024024024,22.3376693611075
Bending moment,Theory,Case 1,6.41441441441441,23.296146265538
Bending moment,Theory,Case 1,6.42642642642643,24.2502945169911
Bending moment,Theory,Case 1,6.43843843843844,25.2001141154671
Bending moment,Theory,Case 1,6.45045045045045,26.1456050609657
Bending moment,Theory,Case 1,6.46246246246246,27.0867673534872
Bending moment,Theory,Case 1,6.47447447447447,28.0236009930311
Bending moment,Theory,Case 1,6.48648648648649,28.9561059795979
Bending moment,Theory,Case 1,6.4984984984985,29.8842823131874
Bending moment,Theory,Case 1,6.51051051051051,30.8081299937995
Bending moment,Theory,Case 1,6.52252252252252,31.7276490214343
Bending moment,Theory,Case 1,6.53453453453453,32.6428393960919
Bending moment,Theory,Case 1,6.54654654654655,33.5537011177722
Bending moment,Theory,Case 1,6.55855855855856,34.460234186475
Bending moment,Theory,Case 1,6.57057057057057,35.3624386022005
Bending moment,Theory,Case 1,6.58258258258258,36.260314364949
Bending moment,Theory,Case 1,6.59459459459459,37.1538614747201
Bending moment,Theory,Case 1,6.60660660660661,38.0430799315138
Bending moment,Theory,Case 1,6.61861861861862,38.9279697353301
Bending moment,Theory,Case 1,6.63063063063063,39.8085308861694
Bending moment,Theory,Case 1,6.64264264264264,40.6847633840311
Bending moment,Theory,Case 1,6.65465465465465,41.5566672289157
Bending moment,Theory,Case 1,6.66666666666667,42.4242424208229
Bending moment,Theory,Case 1,6.67867867867868,43.2874889597527
Bending moment,Theory,Case 1,6.69069069069069,44.1464068457054
Bending moment,Theory,Case 1,6.7027027027027,45.0009960786808
Bending moment,Theory,Case 1,6.71471471471471,45.8512566586786
Bending moment,Theory,Case 1,6.72672672672673,46.6971885856995
Bending moment,Theory,Case 1,6.73873873873874,47.5387918597428
Bending moment,Theory,Case 1,6.75075075075075,48.3760664808089
Bending moment,Theory,Case 1,6.76276276276276,49.2090124488978
Bending moment,Theory,Case 1,6.77477477477477,50.0376297640092
Bending moment,Theory,Case 1,6.78678678678679,50.8619184261434
Bending moment,Theory,Case 1,6.7987987987988,51.6818784353003
Bending moment,Theory,Case 1,6.81081081081081,52.4975097914799
Bending moment,Theory,Case 1,6.82282282282282,53.3088124946823
Bending moment,Theory,Case 1,6.83483483483483,54.1157865449073
Bending moment,Theory,Case 1,6.84684684684685,54.9184319421549
Bending moment,Theory,Case 1,6.85885885885886,55.7167486864254
Bending moment,Theory,Case 1,6.87087087087087,56.5107367777184
Bending moment,Theory,Case 1,6.88288288288288,57.3003962160342
Bending moment,Theory,Case 1,6.89489489489489,58.0857270013727
Bending moment,Theory,Case 1,6.90690690690691,58.8667291337338
Bending moment,Theory,Case 1,6.91891891891892,59.6434026131177
Bending moment,Theory,Case 1,6.93093093093093,60.4157474395243
Bending moment,Theory,Case 1,6.94294294294294,61.1837636129536
Bending moment,Theory,Case 1,6.95495495495495,61.9474511334056
Bending moment,Theory,Case 1,6.96696696696697,62.7068100008804
Bending moment,Theory,Case 1,6.97897897897898,63.4618402153775
Bending moment,Theory,Case 1,6.99099099099099,64.2125417768977
Bending moment,Theory,Case 1,7.003003003003,64.9589146854404
Bending moment,Theory,Case 1,7.01501501501502,65.7009589410059
Bending moment,Theory,Case 1,7.02702702702703,66.4386745435942
Bending moment,Theory,Case 1,7.03903903903904,67.172061493205
Bending moment,Theory,Case 1,7.05105105105105,67.9011197898386
Bending moment,Theory,Case 1,7.06306306306306,68.6258494334948
Bending moment,Theory,Case 1,7.07507507507508,69.3462504241738
Bending moment,Theory,Case 1,7.08708708708709,70.0623227618754
Bending moment,Theory,Case 1,7.0990990990991,70.7740664465999
Bending moment,Theory,Case 1,7.11111111111111,71.4814814783469
Bending moment,Theory,Case 1,7.12312312312312,72.1845678571167
Bending moment,Theory,Case 1,7.13513513513514,72.883325582909
Bending moment,Theory,Case 1,7.14714714714715,73.5777546557242
Bending moment,Theory,Case 1,7.15915915915916,74.2678550755622
Bending moment,Theory,Case 1,7.17117117117117,74.9536268424226
Bending moment,Theory,Case 1,7.18318318318318,75.6350699563059
Bending moment,Theory,Case 1,7.1951951951952,76.3121844172117
Bending moment,Theory,Case 1,7.20720720720721,76.9849702251405
Bending moment,Theory,Case 1,7.21921921921922,77.6534273800918
Bending moment,Theory,Case 1,7.23123123123123,78.3175558820659
Bending moment,Theory,Case 1,7.24324324324324,78.9773557310626
Bending moment,Theory,Case 1,7.25525525525526,79.6328269270821
Bending moment,Theory,Case 1,7.26726726726727,80.283969470124
Bending moment,Theory,Case 1,7.27927927927928,80.9307833601891
Bending moment,Theory,Case 1,7.29129129129129,81.5732685972766
Bending moment,Theory,Case 1,7.3033033033033,82.2114251813867
Bending moment,Theory,Case 1,7.31531531531532,82.8452531125198
Bending moment,Theory,Case 1,7.32732732732733,83.4747523906753
Bending moment,Theory,Case 1,7.33933933933934,84.0999230158535
Bending moment,Theory,Case 1,7.35135135135135,84.7207649880548
Bending moment,Theory,Case 1,7.36336336336336,85.3372783072783
Bending moment,Theory,Case 1,7.37537537537538,85.9494629735249
Bending moment,Theory,Case 1,7.38738738738739,86.557318986794
Bending moment,Theory,Case 1,7.3993993993994,87.1608463470858
Bending moment,Theory,Case 1,7.41141141141141,87.7600450544003
Bending moment,Theory,Case 1,7.42342342342342,88.3549151087374
Bending moment,Theory,Case 1,7.43543543543544,88.9454565100974
Bending moment,Theory,Case 1,7.44744744744745,89.53166925848
Bending moment,Theory,Case 1,7.45945945945946,90.1135533538854
Bending moment,Theory,Case 1,7.47147147147147,90.6911087963132
Bending moment,Theory,Case 1,7.48348348348348,91.264335585764
Bending moment,Theory,Case 1,7.4954954954955,91.8332337222374
Bending moment,Theory,Case 1,7.50750750750751,92.3978032057337
Bending moment,Theory,Case 1,7.51951951951952,92.9580440362524
Bending moment,Theory,Case 1,7.53153153153153,93.5139562137939
Bending moment,Theory,Case 1,7.54354354354354,94.0655397383581
Bending moment,Theory,Case 1,7.55555555555556,94.6127946099449
Bending moment,Theory,Case 1,7.56756756756757,95.1557208285545
Bending moment,Theory,Case 1,7.57957957957958,95.6943183941869
Bending moment,Theory,Case 1,7.59159159159159,96.2285873068419
Bending moment,Theory,Case 1,7.6036036036036,96.7585275665195
Bending moment,Theory,Case 1,7.61561561561562,97.2841391732199
Bending moment,Theory,Case 1,7.62762762762763,97.8054221269431
Bending moment,Theory,Case 1,7.63963963963964,98.3223764276889
Bending moment,Theory,Case 1,7.65165165165165,98.8350020754573
Bending moment,Theory,Case 1,7.66366366366366,99.3432990702484
Bending moment,Theory,Case 1,7.67567567567568,99.8472674120624
Bending moment,Theory,Case 1,7.68768768768769,100.346907100899
Bending moment,Theory,Case 1,7.6996996996997,100.842218136758
Bending moment,Theory,Case 1,7.71171171171171,101.33320051964
Bending moment,Theory,Case 1,7.72372372372372,101.819854249545
Bending moment,Theory,Case 1,7.73573573573574,102.302179326472
Bending moment,Theory,Case 1,7.74774774774775,102.780175750422
Bending moment,Theory,Case 1,7.75975975975976,103.253843521395
Bending moment,Theory,Case 1,7.77177177177177,103.723182639391
Bending moment,Theory,Case 1,7.78378378378378,104.188193104409
Bending moment,Theory,Case 1,7.7957957957958,104.64887491645
Bending moment,Theory,Case 1,7.80780780780781,105.105228075513
Bending moment,Theory,Case 1,7.81981981981982,105.5572525816
Bending moment,Theory,Case 1,7.83183183183183,106.004948434708
Bending moment,Theory,Case 1,7.84384384384384,106.44831563484
Bending moment,Theory,Case 1,7.85585585585586,106.887354181994
Bending moment,Theory,Case 1,7.86786786786787,107.322064076171
Bending moment,Theory,Case 1,7.87987987987988,107.752445317371
Bending moment,Theory,Case 1,7.89189189189189,108.178497905594
Bending moment,Theory,Case 1,7.9039039039039,108.600221840839
Bending moment,Theory,Case 1,7.91591591591592,109.017617123107
Bending moment,Theory,Case 1,7.92792792792793,109.430683752397
Bending moment,Theory,Case 1,7.93993993993994,109.83942172871
Bending moment,Theory,Case 1,7.95195195195195,110.243831052046
Bending moment,Theory,Case 1,7.96396396396396,110.643911722405
Bending moment,Theory,Case 1,7.97597597597598,111.039663739786
Bending moment,Theory,Case 1,7.98798798798799,111.43108710419
Bending moment,Theory,Case 1,8,111.818181815617
Bending moment,Theory,Case 1,8.01201201201201,112.200947874066
Bending moment,Theory,Case 1,8.02402402402402,112.579385279539
Bending moment,Theory,Case 1,8.03603603603604,112.953494032034
Bending moment,Theory,Case 1,8.04804804804805,113.323274131551
Bending moment,Theory,Case 1,8.06006006006006,113.688725578091
Bending moment,Theory,Case 1,8.07207207207207,114.049848371654
Bending moment,Theory,Case 1,8.08408408408408,114.40664251224
Bending moment,Theory,Case 1,8.0960960960961,114.759107999848
Bending moment,Theory,Case 1,8.10810810810811,115.107244834479
Bending moment,Theory,Case 1,8.12012012012012,115.451053016133
Bending moment,Theory,Case 1,8.13213213213213,115.790532544809
Bending moment,Theory,Case 1,8.14414414414414,116.125683420509
Bending moment,Theory,Case 1,8.15615615615616,116.45650564323
Bending moment,Theory,Case 1,8.16816816816817,116.782999212975
Bending moment,Theory,Case 1,8.18018018018018,117.105164129742
Bending moment,Theory,Case 1,8.19219219219219,117.423000393532
Bending moment,Theory,Case 1,8.2042042042042,117.736508004344
Bending moment,Theory,Case 1,8.21621621621622,118.04568696218
Bending moment,Theory,Case 1,8.22822822822823,118.350537267038
Bending moment,Theory,Case 1,8.24024024024024,118.651058918919
Bending moment,Theory,Case 1,8.25225225225225,118.947251917822
Bending moment,Theory,Case 1,8.26426426426426,119.239116263748
Bending moment,Theory,Case 1,8.27627627627628,119.526651956697
Bending moment,Theory,Case 1,8.28828828828829,119.809858996668
Bending moment,Theory,Case 1,8.3003003003003,120.088737383663
Bending moment,Theory,Case 1,8.31231231231231,120.363287117679
Bending moment,Theory,Case 1,8.32432432432432,120.633508198719
Bending moment,Theory,Case 1,8.33633633633634,120.899400626781
Bending moment,Theory,Case 1,8.34834834834835,121.160964401866
Bending moment,Theory,Case 1,8.36036036036036,121.418199523974
Bending moment,Theory,Case 1,8.37237237237237,121.671105993104
Bending moment,Theory,Case 1,8.38438438438438,121.919683809258
Bending moment,Theory,Case 1,8.3963963963964,122.163932972433
Bending moment,Theory,Case 1,8.40840840840841,122.403853482632
Bending moment,Theory,Case 1,8.42042042042042,122.639445339853
Bending moment,Theory,Case 1,8.43243243243243,122.870708544097
Bending moment,Theory,Case 1,8.44444444444444,123.097643095363
Bending moment,Theory,Case 1,8.45645645645646,123.320248993653
Bending moment,Theory,Case 1,8.46846846846847,123.538526238964
Bending moment,Theory,Case 1,8.48048048048048,123.752474831299
Bending moment,Theory,Case 1,8.49249249249249,123.962094770657
Bending moment,Theory,Case 1,8.5045045045045,124.167386057037
Bending moment,Theory,Case 1,8.51651651651652,124.368348690439
Bending moment,Theory,Case 1,8.52852852852853,124.564982670865
Bending moment,Theory,Case 1,8.54054054054054,124.757287998313
Bending moment,Theory,Case 1,8.55255255255255,124.945264672784
Bending moment,Theory,Case 1,8.56456456456456,125.128912694278
Bending moment,Theory,Case 1,8.57657657657658,125.308232062794
Bending moment,Theory,Case 1,8.58858858858859,125.483222778333
Bending moment,Theory,Case 1,8.6006006006006,125.653884840895
Bending moment,Theory,Case 1,8.61261261261261,125.820218250479
Bending moment,Theory,Case 1,8.62462462462462,125.982223007086
Bending moment,Theory,Case 1,8.63663663663664,126.139899110715
Bending moment,Theory,Case 1,8.64864864864865,126.293246561368
Bending moment,Theory,Case 1,8.66066066066066,126.442265359043
Bending moment,Theory,Case 1,8.67267267267267,126.586955503741
Bending moment,Theory,Case 1,8.68468468468468,126.727316995462
Bending moment,Theory,Case 1,8.6966966966967,126.863349834205
Bending moment,Theory,Case 1,8.70870870870871,126.995054019971
Bending moment,Theory,Case 1,8.72072072072072,127.122429552759
Bending moment,Theory,Case 1,8.73273273273273,127.245476432571
Bending moment,Theory,Case 1,8.74474474474474,127.364194659405
Bending moment,Theory,Case 1,8.75675675675676,127.478584233262
Bending moment,Theory,Case 1,8.76876876876877,127.588645154141
Bending moment,Theory,Case 1,8.78078078078078,127.694377422043
Bending moment,Theory,Case 1,8.79279279279279,127.795781036968
Bending moment,Theory,Case 1,8.8048048048048,127.892855998915
Bending moment,Theory,Case 1,8.81681681681682,127.985602307886
Bending moment,Theory,Case 1,8.82882882882883,128.074019963879
Bending moment,Theory,Case 1,8.84084084084084,128.158108966894
Bending moment,Theory,Case 1,8.85285285285285,128.237869316933
Bending moment,Theory,Case 1,8.86486486486486,128.313301013994
Bending moment,Theory,Case 1,8.87687687687688,128.384404058077
Bending moment,Theory,Case 1,8.88888888888889,128.451178449184
Bending moment,Theory,Case 1,8.9009009009009,128.513624187313
Bending moment,Theory,Case 1,8.91291291291291,128.571741272465
Bending moment,Theory,Case 1,8.92492492492492,128.625529704639
Bending moment,Theory,Case 1,8.93693693693694,128.674989483836
Bending moment,Theory,Case 1,8.94894894894895,128.720120610056
Bending moment,Theory,Case 1,8.96096096096096,128.760923083299
Bending moment,Theory,Case 1,8.97297297297297,128.797396903564
Bending moment,Theory,Case 1,8.98498498498498,128.829542070852
Bending moment,Theory,Case 1,8.996996996997,128.857358585163
Bending moment,Theory,Case 1,9.00900900900901,128.880846446496
Bending moment,Theory,Case 1,9.02102102102102,128.900005654852
Bending moment,Theory,Case 1,9.03303303303303,128.914836210231
Bending moment,Theory,Case 1,9.04504504504505,128.925338112633
Bending moment,Theory,Case 1,9.05705705705706,128.931511362057
Bending moment,Theory,Case 1,9.06906906906907,128.933355958504
Bending moment,Theory,Case 1,9.08108108108108,128.930871901973
Bending moment,Theory,Case 1,9.09309309309309,128.924059192466
Bending moment,Theory,Case 1,9.10510510510511,128.912917829981
Bending moment,Theory,Case 1,9.11711711711712,128.897447814518
Bending moment,Theory,Case 1,9.12912912912913,128.877649146079
Bending moment,Theory,Case 1,9.14114114114114,128.853521824662
Bending moment,Theory,Case 1,9.15315315315315,128.825065850268
Bending moment,Theory,Case 1,9.16516516516517,128.792281222896
Bending moment,Theory,Case 1,9.17717717717718,128.755167942547
Bending moment,Theory,Case 1,9.18918918918919,128.713726009221
Bending moment,Theory,Case 1,9.2012012012012,128.667955422918
Bending moment,Theory,Case 1,9.21321321321321,128.617856183637
Bending moment,Theory,Case 1,9.22522522522523,128.563428291379
Bending moment,Theory,Case 1,9.23723723723724,128.504671746144
Bending moment,Theory,Case 1,9.24924924924925,128.441586547931
Bending moment,Theory,Case 1,9.26126126126126,128.374172696741
Bending moment,Theory,Case 1,9.27327327327327,128.302430192574
Bending moment,Theory,Case 1,9.28528528528529,128.226359035429
Bending moment,Theory,Case 1,9.2972972972973,128.145959225307
Bending moment,Theory,Case 1,9.30930930930931,128.061230762208
Bending moment,Theory,Case 1,9.32132132132132,127.972173646132
Bending moment,Theory,Case 1,9.33333333333333,127.878787877078
Bending moment,Theory,Case 1,9.34534534534535,127.781073455047
Bending moment,Theory,Case 1,9.35735735735736,127.679030380039
Bending moment,Theory,Case 1,9.36936936936937,127.572658652053
Bending moment,Theory,Case 1,9.38138138138138,127.46195827109
Bending moment,Theory,Case 1,9.39339339339339,127.34692923715
Bending moment,Theory,Case 1,9.40540540540541,127.227571550232
Bending moment,Theory,Case 1,9.41741741741742,127.103885210338
Bending moment,Theory,Case 1,9.42942942942943,126.975870217465
Bending moment,Theory,Case 1,9.44144144144144,126.843526571616
Bending moment,Theory,Case 1,9.45345345345345,126.706854272789
Bending moment,Theory,Case 1,9.46546546546547,126.565853320985
Bending moment,Theory,Case 1,9.47747747747748,126.420523716204
Bending moment,Theory,Case 1,9.48948948948949,126.270865458445
Bending moment,Theory,Case 1,9.5015015015015,126.116878547709
Bending moment,Theory,Case 1,9.51351351351351,125.958562983996
Bending moment,Theory,Case 1,9.52552552552553,125.795918767305
Bending moment,Theory,Case 1,9.53753753753754,125.628945897637
Bending moment,Theory,Case 1,9.54954954954955,125.457644374992
Bending moment,Theory,Case 1,9.56156156156156,125.28201419937
Bending moment,Theory,Case 1,9.57357357357357,125.10205537077
Bending moment,Theory,Case 1,9.58558558558559,124.917767889193
Bending moment,Theory,Case 1,9.5975975975976,124.729151754639
Bending moment,Theory,Case 1,9.60960960960961,124.536206967107
Bending moment,Theory,Case 1,9.62162162162162,124.338933526598
Bending moment,Theory,Case 1,9.63363363363363,124.137331433112
Bending moment,Theory,Case 1,9.64564564564565,123.931400686648
Bending moment,Theory,Case 1,9.65765765765766,123.721141287207
Bending moment,Theory,Case 1,9.66966966966967,123.506553234789
Bending moment,Theory,Case 1,9.68168168168168,123.287636529393
Bending moment,Theory,Case 1,9.69369369369369,123.064391171021
Bending moment,Theory,Case 1,9.70570570570571,122.836817159671
Bending moment,Theory,Case 1,9.71771771771772,122.604914495343
Bending moment,Theory,Case 1,9.72972972972973,122.368683178039
Bending moment,Theory,Case 1,9.74174174174174,122.128123207756
Bending moment,Theory,Case 1,9.75375375375375,121.883234584497
Bending moment,Theory,Case 1,9.76576576576577,121.63401730826
Bending moment,Theory,Case 1,9.77777777777778,121.380471379047
Bending moment,Theory,Case 1,9.78978978978979,121.122596796855
Bending moment,Theory,Case 1,9.8018018018018,120.860393561687
Bending moment,Theory,Case 1,9.81381381381381,120.593861673541
Bending moment,Theory,Case 1,9.82582582582583,120.323001132418
Bending moment,Theory,Case 1,9.83783783783784,120.047811938318
Bending moment,Theory,Case 1,9.84984984984985,119.76829409124
Bending moment,Theory,Case 1,9.86186186186186,119.484447591185
Bending moment,Theory,Case 1,9.87387387387387,119.196272438152
Bending moment,Theory,Case 1,9.88588588588589,118.903768632143
Bending moment,Theory,Case 1,9.8978978978979,118.606936173156
Bending moment,Theory,Case 1,9.90990990990991,118.305775061192
Bending moment,Theory,Case 1,9.92192192192192,118.00028529625
Bending moment,Theory,Case 1,9.93393393393393,117.690466878331
Bending moment,Theory,Case 1,9.94594594594595,117.376319807435
Bending moment,Theory,Case 1,9.95795795795796,117.057844083562
Bending moment,Theory,Case 1,9.96996996996997,116.735039706711
Bending moment,Theory,Case 1,9.98198198198198,116.407906676883
Bending moment,Theory,Case 1,9.99399399399399,116.076444994078
Bending moment,Theory,Case 1,10.006006006006,115.740654658295
Bending moment,Theory,Case 1,10.018018018018,115.400535669535
Bending moment,Theory,Case 1,10.03003003003,115.056088027798
Bending moment,Theory,Case 1,10.042042042042,114.707311733083
Bending moment,Theory,Case 1,10.0540540540541,114.354206785392
Bending moment,Theory,Case 1,10.0660660660661,113.996773184723
Bending moment,Theory,Case 1,10.0780780780781,113.635010931076
Bending moment,Theory,Case 1,10.0900900900901,113.268920024452
Bending moment,Theory,Case 1,10.1021021021021,112.898500464851
Bending moment,Theory,Case 1,10.1141141141141,112.523752252273
Bending moment,Theory,Case 1,10.1261261261261,112.144675386717
Bending moment,Theory,Case 1,10.1381381381381,111.761269868184
Bending moment,Theory,Case 1,10.1501501501502,111.373535696674
Bending moment,Theory,Case 1,10.1621621621622,110.981472872186
Bending moment,Theory,Case 1,10.1741741741742,110.585081394721
Bending moment,Theory,Case 1,10.1861861861862,110.184361264279
Bending moment,Theory,Case 1,10.1981981981982,109.77931248086
Bending moment,Theory,Case 1,10.2102102102102,109.369935044463
Bending moment,Theory,Case 1,10.2222222222222,108.956228955089
Bending moment,Theory,Case 1,10.2342342342342,108.538194212738
Bending moment,Theory,Case 1,10.2462462462462,108.115830817409
Bending moment,Theory,Case 1,10.2582582582583,107.689138769103
Bending moment,Theory,Case 1,10.2702702702703,107.25811806782
Bending moment,Theory,Case 1,10.2822822822823,106.822768713559
Bending moment,Theory,Case 1,10.2942942942943,106.383090706321
Bending moment,Theory,Case 1,10.3063063063063,105.939084046106
Bending moment,Theory,Case 1,10.3183183183183,105.490748732914
Bending moment,Theory,Case 1,10.3303303303303,105.038084766744
Bending moment,Theory,Case 1,10.3423423423423,104.581092147597
Bending moment,Theory,Case 1,10.3543543543544,104.119770875472
Bending moment,Theory,Case 1,10.3663663663664,103.654120950371
Bending moment,Theory,Case 1,10.3783783783784,103.184142372292
Bending moment,Theory,Case 1,10.3903903903904,102.709835141236
Bending moment,Theory,Case 1,10.4024024024024,102.231199257202
Bending moment,Theory,Case 1,10.4144144144144,101.748234720191
Bending moment,Theory,Case 1,10.4264264264264,101.260941530203
Bending moment,Theory,Case 1,10.4384384384384,100.769319687237
Bending moment,Theory,Case 1,10.4504504504505,100.273369191294
Bending moment,Theory,Case 1,10.4624624624625,99.7730900423746
Bending moment,Theory,Case 1,10.4744744744745,99.2684822404772
Bending moment,Theory,Case 1,10.4864864864865,98.7595457856025
Bending moment,Theory,Case 1,10.4984984984985,98.2462806777504
Bending moment,Theory,Case 1,10.5105105105105,97.7286869169212
Bending moment,Theory,Case 1,10.5225225225225,97.2067645031146
Bending moment,Theory,Case 1,10.5345345345345,96.6805134363307
Bending moment,Theory,Case 1,10.5465465465465,96.1499337165696
Bending moment,Theory,Case 1,10.5585585585586,95.6150253438309
Bending moment,Theory,Case 1,10.5705705705706,95.0757883181151
Bending moment,Theory,Case 1,10.5825825825826,94.532222639422
Bending moment,Theory,Case 1,10.5945945945946,93.9843283077515
Bending moment,Theory,Case 1,10.6066066066066,93.4321053231038
Bending moment,Theory,Case 1,10.6186186186186,92.8755536854789
Bending moment,Theory,Case 1,10.6306306306306,92.3146733948765
Bending moment,Theory,Case 1,10.6426426426426,91.7494644512967
Bending moment,Theory,Case 1,10.6546546546547,91.17992685474
Bending moment,Theory,Case 1,10.6666666666667,90.6060606052057
Bending moment,Theory,Case 1,10.6786786786787,90.0278657026943
Bending moment,Theory,Case 1,10.6906906906907,89.4453421472055
Bending moment,Theory,Case 1,10.7027027027027,88.8584899387392
Bending moment,Theory,Case 1,10.7147147147147,88.2673090772957
Bending moment,Theory,Case 1,10.7267267267267,87.6717995628752
Bending moment,Theory,Case 1,10.7387387387387,87.0719613954771
Bending moment,Theory,Case 1,10.7507507507508,86.4677945751018
Bending moment,Theory,Case 1,10.7627627627628,85.8592991017491
Bending moment,Theory,Case 1,10.7747747747748,85.2464749754191
Bending moment,Theory,Case 1,10.7867867867868,84.629322196112
Bending moment,Theory,Case 1,10.7987987987988,84.0078407638273
Bending moment,Theory,Case 1,10.8108108108108,83.3820306785656
Bending moment,Theory,Case 1,10.8228228228228,82.7518919403262
Bending moment,Theory,Case 1,10.8348348348348,82.11742454911
Bending moment,Theory,Case 1,10.8468468468468,81.4786285049161
Bending moment,Theory,Case 1,10.8588588588589,80.8355038077452
Bending moment,Theory,Case 1,10.8708708708709,80.1880504575968
Bending moment,Theory,Case 1,10.8828828828829,79.5362684544713
Bending moment,Theory,Case 1,10.8948948948949,78.8801577983684
Bending moment,Theory,Case 1,10.9069069069069,78.219718489288
Bending moment,Theory,Case 1,10.9189189189189,77.5549505272302
Bending moment,Theory,Case 1,10.9309309309309,76.8858539121955
Bending moment,Theory,Case 1,10.9429429429429,76.2124286441833
Bending moment,Theory,Case 1,10.954954954955,75.5346747231937
Bending moment,Theory,Case 1,10.966966966967,74.8525921492269
Bending moment,Theory,Case 1,10.978978978979,74.1661809222829
Bending moment,Theory,Case 1,10.990990990991,73.4754410423617
Bending moment,Theory,Case 1,11.003003003003,72.7803725094629
Bending moment,Theory,Case 1,11.015015015015,72.0809753235872
Bending moment,Theory,Case 1,11.027027027027,71.3772494847339
Bending moment,Theory,Case 1,11.039039039039,70.6691949929033
Bending moment,Theory,Case 1,11.0510510510511,69.9568118480955
Bending moment,Theory,Case 1,11.0630630630631,69.2401000503103
Bending moment,Theory,Case 1,11.0750750750751,68.5190595995478
Bending moment,Theory,Case 1,11.0870870870871,67.7936904958078
Bending moment,Theory,Case 1,11.0990990990991,67.0639927390907
Bending moment,Theory,Case 1,11.1111111111111,66.3299663293965
Bending moment,Theory,Case 1,11.1231231231231,65.5916112667245
Bending moment,Theory,Case 1,11.1351351351351,64.8489275510756
Bending moment,Theory,Case 1,11.1471471471471,64.1019151824494
Bending moment,Theory,Case 1,11.1591591591592,63.3505741608458
Bending moment,Theory,Case 1,11.1711711711712,62.5949044862649
Bending moment,Theory,Case 1,11.1831831831832,61.8349061587065
Bending moment,Theory,Case 1,11.1951951951952,61.0705791781712
Bending moment,Theory,Case 1,11.2072072072072,60.3019235446587
Bending moment,Theory,Case 1,11.2192192192192,59.5289392581683
Bending moment,Theory,Case 1,11.2312312312312,58.751626318701
Bending moment,Theory,Case 1,11.2432432432432,57.9699847262562
Bending moment,Theory,Case 1,11.2552552552553,57.1840144808344
Bending moment,Theory,Case 1,11.2672672672673,56.393715582435
Bending moment,Theory,Case 1,11.2792792792793,55.5990880310582
Bending moment,Theory,Case 1,11.2912912912913,54.8001318267044
Bending moment,Theory,Case 1,11.3033033033033,53.9968469693732
Bending moment,Theory,Case 1,11.3153153153153,53.1892334590649
Bending moment,Theory,Case 1,11.3273273273273,52.3772912957791
Bending moment,Theory,Case 1,11.3393393393393,51.5610204795158
Bending moment,Theory,Case 1,11.3513513513514,50.7404210102753
Bending moment,Theory,Case 1,11.3633633633634,49.9154928880576
Bending moment,Theory,Case 1,11.3753753753754,49.0862361128627
Bending moment,Theory,Case 1,11.3873873873874,48.2526506846905
Bending moment,Theory,Case 1,11.3993993993994,47.4147366035407
Bending moment,Theory,Case 1,11.4114114114114,46.5724938694139
Bending moment,Theory,Case 1,11.4234234234234,45.7259224823094
Bending moment,Theory,Case 1,11.4354354354354,44.8750224422279
Bending moment,Theory,Case 1,11.4474474474474,44.019793749169
Bending moment,Theory,Case 1,11.4594594594595,43.1602364031329
Bending moment,Theory,Case 1,11.4714714714715,42.2963504041197
Bending moment,Theory,Case 1,11.4834834834835,41.4281357521288
Bending moment,Theory,Case 1,11.4954954954955,40.5555924471609
Bending moment,Theory,Case 1,11.5075075075075,39.6787204892156
Bending moment,Theory,Case 1,11.5195195195195,38.7975198782929
Bending moment,Theory,Case 1,11.5315315315315,37.911990614393
Bending moment,Theory,Case 1,11.5435435435435,37.0221326975157
Bending moment,Theory,Case 1,11.5555555555556,36.1279461276612
Bending moment,Theory,Case 1,11.5675675675676,35.2294309048294
Bending moment,Theory,Case 1,11.5795795795796,34.3265870290201
Bending moment,Theory,Case 1,11.5915915915916,33.4194145002339
Bending moment,Theory,Case 1,11.6036036036036,32.5079133184699
Bending moment,Theory,Case 1,11.6156156156156,31.5920834837289
Bending moment,Theory,Case 1,11.6276276276276,30.6719249960104
Bending moment,Theory,Case 1,11.6396396396396,29.747437855315
Bending moment,Theory,Case 1,11.6516516516517,28.8186220616418
Bending moment,Theory,Case 1,11.6636636636637,27.8854776149918
Bending moment,Theory,Case 1,11.6756756756757,26.9480045153641
Bending moment,Theory,Case 1,11.6876876876877,26.0062027627593
Bending moment,Theory,Case 1,11.6996996996997,25.0600723571769
Bending moment,Theory,Case 1,11.7117117117117,24.1096132986177
Bending moment,Theory,Case 1,11.7237237237237,23.1548255870809
Bending moment,Theory,Case 1,11.7357357357357,22.1957092225669
Bending moment,Theory,Case 1,11.7477477477477,21.2322642050753
Bending moment,Theory,Case 1,11.7597597597598,20.2644905346069
Bending moment,Theory,Case 1,11.7717717717718,19.2923882111607
Bending moment,Theory,Case 1,11.7837837837838,18.3159572347375
Bending moment,Theory,Case 1,11.7957957957958,17.3351976053368
Bending moment,Theory,Case 1,11.8078078078078,16.3501093229591
Bending moment,Theory,Case 1,11.8198198198198,15.3606923876039
Bending moment,Theory,Case 1,11.8318318318318,14.3669467992717
Bending moment,Theory,Case 1,11.8438438438438,13.3688725579611
Bending moment,Theory,Case 1,11.8558558558559,12.3664696636745
Bending moment,Theory,Case 1,11.8678678678679,11.3597381164101
Bending moment,Theory,Case 1,11.8798798798799,10.3486779161689
Bending moment,Theory,Case 1,11.8918918918919,9.33328906294983
Bending moment,Theory,Case 1,11.9039039039039,8.31357155675325
Bending moment,Theory,Case 1,11.9159159159159,7.28952539757965
Bending moment,Theory,Case 1,11.9279279279279,6.26115058542858
Bending moment,Theory,Case 1,11.9399399399399,5.22844712030049
Bending moment,Theory,Case 1,11.951951951952,4.19141500219493
Bending moment,Theory,Case 1,11.963963963964,3.15005423111212
Bending moment,Theory,Case 1,11.975975975976,2.10436480705207
Bending moment,Theory,Case 1,11.987987987988,1.05434673001431
Bending moment,Theory,Case 1,12,0
Bending moment,Theory,Case 2,0,0
Bending moment,Theory,Case 2,0.012012012012012,0.857786533460351
Bending moment,Theory,Case 2,0.024024024024024,1.7112444139434
Bending moment,Theory,Case 2,0.036036036036036,2.56037364144915
Bending moment,Theory,Case 2,0.048048048048048,3.4051742159776
Bending moment,Theory,Case 2,0.0600600600600601,4.24564613752874
Bending moment,Theory,Case 2,0.0720720720720721,5.08178940610258
Bending moment,Theory,Case 2,0.0840840840840841,5.91360402169913
Bending moment,Theory,Case 2,0.0960960960960961,6.74108998431837
Bending moment,Theory,Case 2,0.108108108108108,7.5642472939603
Bending moment,Theory,Case 2,0.12012012012012,8.38307595062494
Bending moment,Theory,Case 2,0.132132132132132,9.19757595431227
Bending moment,Theory,Case 2,0.144144144144144,10.0077473050223
Bending moment,Theory,Case 2,0.156156156156156,10.813590002755
Bending moment,Theory,Case 2,0.168168168168168,11.6151040475105
Bending moment,Theory,Case 2,0.18018018018018,12.4122894392886
Bending moment,Theory,Case 2,0.192192192192192,13.2051461780894
Bending moment,Theory,Case 2,0.204204204204204,13.993674263913
Bending moment,Theory,Case 2,0.216216216216216,14.7778736967592
Bending moment,Theory,Case 2,0.228228228228228,15.5577444766281
Bending moment,Theory,Case 2,0.24024024024024,16.3332866035197
Bending moment,Theory,Case 2,0.252252252252252,17.104500077434
Bending moment,Theory,Case 2,0.264264264264264,17.8713848983711
Bending moment,Theory,Case 2,0.276276276276276,18.6339410663308
Bending moment,Theory,Case 2,0.288288288288288,19.3921685813132
Bending moment,Theory,Case 2,0.3003003003003,20.1460674433183
Bending moment,Theory,Case 2,0.312312312312312,20.8956376523461
Bending moment,Theory,Case 2,0.324324324324324,21.6408792083966
Bending moment,Theory,Case 2,0.336336336336336,22.3817921114698
Bending moment,Theory,Case 2,0.348348348348348,23.1183763615657
Bending moment,Theory,Case 2,0.36036036036036,23.8506319586843
Bending moment,Theory,Case 2,0.372372372372372,24.5785589028256
Bending moment,Theory,Case 2,0.384384384384384,25.3021571939896
Bending moment,Theory,Case 2,0.396396396396396,26.0214268321763
Bending moment,Theory,Case 2,0.408408408408408,26.7363678173857
Bending moment,Theory,Case 2,0.42042042042042,27.4469801496178
Bending moment,Theory,Case 2,0.432432432432432,28.1532638288726
Bending moment,Theory,Case 2,0.444444444444444,28.8552188551501
Bending moment,Theory,Case 2,0.456456456456456,29.5528452284503
Bending moment,Theory,Case 2,0.468468468468468,30.2461429487732
Bending moment,Theory,Case 2,0.48048048048048,30.9351120161188
Bending moment,Theory,Case 2,0.492492492492492,31.6197524304871
Bending moment,Theory,Case 2,0.504504504504504,32.3000641918781
Bending moment,Theory,Case 2,0.516516516516517,32.9760473002917
Bending moment,Theory,Case 2,0.528528528528528,33.6477017557281
Bending moment,Theory,Case 2,0.540540540540541,34.3150275581872
Bending moment,Theory,Case 2,0.552552552552553,34.978024707669
Bending moment,Theory,Case 2,0.564564564564565,35.6366932041735
Bending moment,Theory,Case 2,0.576576576576577,36.2910330477006
Bending moment,Theory,Case 2,0.588588588588589,36.9410442382505
Bending moment,Theory,Case 2,0.600600600600601,37.5867267758231
Bending moment,Theory,Case 2,0.612612612612613,38.2280806604183
Bending moment,Theory,Case 2,0.624624624624625,38.8651058920363
Bending moment,Theory,Case 2,0.636636636636637,39.497802470677
Bending moment,Theory,Case 2,0.648648648648649,40.1261703963403
Bending moment,Theory,Case 2,0.660660660660661,40.7502096690264
Bending moment,Theory,Case 2,0.672672672672673,41.3699202887352
Bending moment,Theory,Case 2,0.684684684684685,41.9853022554666
Bending moment,Theory,Case 2,0.696696696696697,42.5963555692208
Bending moment,Theory,Case 2,0.708708708708709,43.2030802299977
Bending moment,Theory,Case 2,0.720720720720721,43.8054762377972
Bending moment,Theory,Case 2,0.732732732732733,44.4035435926195
Bending moment,Theory,Case 2,0.744744744744745,44.9972822944644
Bending moment,Theory,Case 2,0.756756756756757,45.5866923433321
Bending moment,Theory,Case 2,0.768768768768769,46.1717737392224
Bending moment,Theory,Case 2,0.780780780780781,46.7525264821355
Bending moment,Theory,Case 2,0.792792792792793,47.3289505720712
Bending moment,Theory,Case 2,0.804804804804805,47.9010460090296
Bending moment,Theory,Case 2,0.816816816816817,48.4688127930108
Bending moment,Theory,Case 2,0.828828828828829,49.0322509240146
Bending moment,Theory,Case 2,0.840840840840841,49.5913604020412
Bending moment,Theory,Case 2,0.852852852852853,50.1461412270904
Bending moment,Theory,Case 2,0.864864864864865,50.6965933991623
Bending moment,Theory,Case 2,0.876876876876877,51.242716918257
Bending moment,Theory,Case 2,0.888888888888889,51.7845117843743
Bending moment,Theory,Case 2,0.900900900900901,52.3219779975143
Bending moment,Theory,Case 2,0.912912912912913,52.8551155576771
Bending moment,Theory,Case 2,0.924924924924925,53.3839244648625
Bending moment,Theory,Case 2,0.936936936936937,53.9084047190706
Bending moment,Theory,Case 2,0.948948948948949,54.4285563203014
Bending moment,Theory,Case 2,0.960960960960961,54.944379268555
Bending moment,Theory,Case 2,0.972972972972973,55.4558735638312
Bending moment,Theory,Case 2,0.984984984984985,55.9630392061301
Bending moment,Theory,Case 2,0.996996996996997,56.4658761954517
Bending moment,Theory,Case 2,1.00900900900901,56.964384531796
Bending moment,Theory,Case 2,1.02102102102102,57.4585642151631
Bending moment,Theory,Case 2,1.03303303303303,57.9484152455528
Bending moment,Theory,Case 2,1.04504504504505,58.4339376229652
Bending moment,Theory,Case 2,1.05705705705706,58.9151313474003
Bending moment,Theory,Case 2,1.06906906906907,59.3919964188581
Bending moment,Theory,Case 2,1.08108108108108,59.8645328373386
Bending moment,Theory,Case 2,1.09309309309309,60.3327406028418
Bending moment,Theory,Case 2,1.10510510510511,60.7966197153677
Bending moment,Theory,Case 2,1.11711711711712,61.2561701749163
Bending moment,Theory,Case 2,1.12912912912913,61.7113919814876
Bending moment,Theory,Case 2,1.14114114114114,62.1622851350816
Bending moment,Theory,Case 2,1.15315315315315,62.6088496356983
Bending moment,Theory,Case 2,1.16516516516517,63.0510854833377
Bending moment,Theory,Case 2,1.17717717717718,63.4889926779998
Bending moment,Theory,Case 2,1.18918918918919,63.9225712196846
Bending moment,Theory,Case 2,1.2012012012012,64.3518211083921
Bending moment,Theory,Case 2,1.21321321321321,64.7767423441223
Bending moment,Theory,Case 2,1.22522522522523,65.1973349268752
Bending moment,Theory,Case 2,1.23723723723724,65.6135988566507
Bending moment,Theory,Case 2,1.24924924924925,66.025534133449
Bending moment,Theory,Case 2,1.26126126126126,66.43314075727
Bending moment,Theory,Case 2,1.27327327327327,66.8364187281137
Bending moment,Theory,Case 2,1.28528528528529,67.2353680459801
Bending moment,Theory,Case 2,1.2972972972973,67.6299887108691
Bending moment,Theory,Case 2,1.30930930930931,68.0202807227809
Bending moment,Theory,Case 2,1.32132132132132,68.4062440817154
Bending moment,Theory,Case 2,1.33333333333333,68.7878787876726
Bending moment,Theory,Case 2,1.34534534534535,69.1651848406525
Bending moment,Theory,Case 2,1.35735735735736,69.538162240655
Bending moment,Theory,Case 2,1.36936936936937,69.9068109876803
Bending moment,Theory,Case 2,1.38138138138138,70.2711310817282
Bending moment,Theory,Case 2,1.39339339339339,70.6311225227989
Bending moment,Theory,Case 2,1.40540540540541,70.9867853108923
Bending moment,Theory,Case 2,1.41741741741742,71.3381194460083
Bending moment,Theory,Case 2,1.42942942942943,71.6851249281471
Bending moment,Theory,Case 2,1.44144144144144,72.0278017573086
Bending moment,Theory,Case 2,1.45345345345345,72.3661499334927
Bending moment,Theory,Case 2,1.46546546546547,72.7001694566996
Bending moment,Theory,Case 2,1.47747747747748,73.0298603269291
Bending moment,Theory,Case 2,1.48948948948949,73.3552225441814
Bending moment,Theory,Case 2,1.5015015015015,73.6762561084563
Bending moment,Theory,Case 2,1.51351351351351,73.992961019754
Bending moment,Theory,Case 2,1.52552552552553,74.3053372780743
Bending moment,Theory,Case 2,1.53753753753754,74.6133848834174
Bending moment,Theory,Case 2,1.54954954954955,74.9171038357831
Bending moment,Theory,Case 2,1.56156156156156,75.2164941351716
Bending moment,Theory,Case 2,1.57357357357357,75.5115557815827
Bending moment,Theory,Case 2,1.58558558558559,75.8022887750165
Bending moment,Theory,Case 2,1.5975975975976,76.088693115473
Bending moment,Theory,Case 2,1.60960960960961,76.3707688029523
Bending moment,Theory,Case 2,1.62162162162162,76.6485158374542
Bending moment,Theory,Case 2,1.63363363363363,76.9219342189789
Bending moment,Theory,Case 2,1.64564564564565,77.1910239475262
Bending moment,Theory,Case 2,1.65765765765766,77.4557850230962
Bending moment,Theory,Case 2,1.66966966966967,77.716217445689
Bending moment,Theory,Case 2,1.68168168168168,77.9723212153044
Bending moment,Theory,Case 2,1.69369369369369,78.2240963319425
Bending moment,Theory,Case 2,1.70570570570571,78.4715427956033
Bending moment,Theory,Case 2,1.71771771771772,78.7146606062868
Bending moment,Theory,Case 2,1.72972972972973,78.9534497639931
Bending moment,Theory,Case 2,1.74174174174174,79.187910268722
Bending moment,Theory,Case 2,1.75375375375375,79.4180421204736
Bending moment,Theory,Case 2,1.76576576576577,79.6438453192479
Bending moment,Theory,Case 2,1.77777777777778,79.8653198650449
Bending moment,Theory,Case 2,1.78978978978979,80.0824657578646
Bending moment,Theory,Case 2,1.8018018018018,80.295282997707
Bending moment,Theory,Case 2,1.81381381381381,80.5037715845721
Bending moment,Theory,Case 2,1.82582582582583,80.7079315184599
Bending moment,Theory,Case 2,1.83783783783784,80.9077627993704
Bending moment,Theory,Case 2,1.84984984984985,81.1032654273036
Bending moment,Theory,Case 2,1.86186186186186,81.2944394022595
Bending moment,Theory,Case 2,1.87387387387387,81.4812847242381
Bending moment,Theory,Case 2,1.88588588588589,81.6638013932395
Bending moment,Theory,Case 2,1.8978978978979,81.8419894092634
Bending moment,Theory,Case 2,1.90990990990991,82.0158487723102
Bending moment,Theory,Case 2,1.92192192192192,82.1853794823795
Bending moment,Theory,Case 2,1.93393393393393,82.3505815394716
Bending moment,Theory,Case 2,1.94594594594595,82.5114549435864
Bending moment,Theory,Case 2,1.95795795795796,82.6679996947239
Bending moment,Theory,Case 2,1.96996996996997,82.8202157928841
Bending moment,Theory,Case 2,1.98198198198198,82.9681032380669
Bending moment,Theory,Case 2,1.99399399399399,83.1116620302726
Bending moment,Theory,Case 2,2.00600600600601,83.2508921695008
Bending moment,Theory,Case 2,2.01801801801802,83.3857936557518
Bending moment,Theory,Case 2,2.03003003003003,83.5163664890255
Bending moment,Theory,Case 2,2.04204204204204,83.6426106693219
Bending moment,Theory,Case 2,2.05405405405405,83.7645261966409
Bending moment,Theory,Case 2,2.06606606606607,83.8821130709827
Bending moment,Theory,Case 2,2.07807807807808,83.9953712923472
Bending moment,Theory,Case 2,2.09009009009009,84.1043008607344
Bending moment,Theory,Case 2,2.1021021021021,84.2089017761442
Bending moment,Theory,Case 2,2.11411411411411,84.3091740385768
Bending moment,Theory,Case 2,2.12612612612613,84.4051176480321
Bending moment,Theory,Case 2,2.13813813813814,84.49673260451
Bending moment,Theory,Case 2,2.15015015015015,84.5840189080107
Bending moment,Theory,Case 2,2.16216216216216,84.6669765585341
Bending moment,Theory,Case 2,2.17417417417417,84.7456055560801
Bending moment,Theory,Case 2,2.18618618618619,84.8199059006488
Bending moment,Theory,Case 2,2.1981981981982,84.8898775922403
Bending moment,Theory,Case 2,2.21021021021021,84.9555206308545
Bending moment,Theory,Case 2,2.22222222222222,85.0168350164913
Bending moment,Theory,Case 2,2.23423423423423,85.0738207491509
Bending moment,Theory,Case 2,2.24624624624625,85.1264778288331
Bending moment,Theory,Case 2,2.25825825825826,85.1748062555381
Bending moment,Theory,Case 2,2.27027027027027,85.2188060292657
Bending moment,Theory,Case 2,2.28228228228228,85.2584771500161
Bending moment,Theory,Case 2,2.29429429429429,85.2938196177891
Bending moment,Theory,Case 2,2.30630630630631,85.3248334325848
Bending moment,Theory,Case 2,2.31831831831832,85.3515185944033
Bending moment,Theory,Case 2,2.33033033033033,85.3738751032444
Bending moment,Theory,Case 2,2.34234234234234,85.3919029591083
Bending moment,Theory,Case 2,2.35435435435435,85.4056021619948
Bending moment,Theory,Case 2,2.36636636636637,85.414972711904
Bending moment,Theory,Case 2,2.37837837837838,85.420014608836
Bending moment,Theory,Case 2,2.39039039039039,85.4207278527906
Bending moment,Theory,Case 2,2.4024024024024,85.4171124437679
Bending moment,Theory,Case 2,2.41441441441441,85.409168381768
Bending moment,Theory,Case 2,2.42642642642643,85.3968956667907
Bending moment,Theory,Case 2,2.43843843843844,85.3802942988361
Bending moment,Theory,Case 2,2.45045045045045,85.3593642779042
Bending moment,Theory,Case 2,2.46246246246246,85.334105603995
Bending moment,Theory,Case 2,2.47447447447447,85.3045182771085
Bending moment,Theory,Case 2,2.48648648648649,85.2706022972448
Bending moment,Theory,Case 2,2.4984984984985,85.2323576644037
Bending moment,Theory,Case 2,2.51051051051051,85.1897843785853
Bending moment,Theory,Case 2,2.52252252252252,85.1428824397896
Bending moment,Theory,Case 2,2.53453453453453,85.0916518480166
Bending moment,Theory,Case 2,2.54654654654655,85.0360926032663
Bending moment,Theory,Case 2,2.55855855855856,84.9762047055387
Bending moment,Theory,Case 2,2.57057057057057,84.9119881548338
Bending moment,Theory,Case 2,2.58258258258258,84.8434429511516
Bending moment,Theory,Case 2,2.59459459459459,84.7705690944921
Bending moment,Theory,Case 2,2.60660660660661,84.6933665848553
Bending moment,Theory,Case 2,2.61861861861862,84.6118354222412
Bending moment,Theory,Case 2,2.63063063063063,84.5259756066499
Bending moment,Theory,Case 2,2.64264264264264,84.4357871380811
Bending moment,Theory,Case 2,2.65465465465465,84.3412700165351
Bending moment,Theory,Case 2,2.66666666666667,84.2424242420118
Bending moment,Theory,Case 2,2.67867867867868,84.1392498145112
Bending moment,Theory,Case 2,2.69069069069069,84.0317467340333
Bending moment,Theory,Case 2,2.7027027027027,83.9199150005781
Bending moment,Theory,Case 2,2.71471471471471,83.8037546141456
Bending moment,Theory,Case 2,2.72672672672673,83.6832655747358
Bending moment,Theory,Case 2,2.73873873873874,83.5584478823486
Bending moment,Theory,Case 2,2.75075075075075,83.4293015369842
Bending moment,Theory,Case 2,2.76276276276276,83.2958265386425
Bending moment,Theory,Case 2,2.77477477477477,83.1580228873235
Bending moment,Theory,Case 2,2.78678678678679,83.0158905830272
Bending moment,Theory,Case 2,2.7987987987988,82.8694296257535
Bending moment,Theory,Case 2,2.81081081081081,82.7186400155026
Bending moment,Theory,Case 2,2.82282282282282,82.5635217522744
Bending moment,Theory,Case 2,2.83483483483483,82.4040748360688
Bending moment,Theory,Case 2,2.84684684684685,82.240299266886
Bending moment,Theory,Case 2,2.85885885885886,82.0721950447259
Bending moment,Theory,Case 2,2.87087087087087,81.8997621695884
Bending moment,Theory,Case 2,2.88288288288288,81.7230006414737
Bending moment,Theory,Case 2,2.89489489489489,81.5419104603816
Bending moment,Theory,Case 2,2.90690690690691,81.3564916263123
Bending moment,Theory,Case 2,2.91891891891892,81.1667441392657
Bending moment,Theory,Case 2,2.93093093093093,80.9726679992417
Bending moment,Theory,Case 2,2.94294294294294,80.7742632062405
Bending moment,Theory,Case 2,2.95495495495495,80.5715297602619
Bending moment,Theory,Case 2,2.96696696696697,80.3644676613061
Bending moment,Theory,Case 2,2.97897897897898,80.1530769093729
Bending moment,Theory,Case 2,2.99099099099099,79.9373575044625
Bending moment,Theory,Case 2,3.003003003003,79.7173094465747
Bending moment,Theory,Case 2,3.01501501501502,79.4929327357097
Bending moment,Theory,Case 2,3.02702702702703,79.2642273718673
Bending moment,Theory,Case 2,3.03903903903904,79.0311933550477
Bending moment,Theory,Case 2,3.05105105105105,78.7938306852507
Bending moment,Theory,Case 2,3.06306306306306,78.5521393624765
Bending moment,Theory,Case 2,3.07507507507508,78.3061193867249
Bending moment,Theory,Case 2,3.08708708708709,78.055770757996
Bending moment,Theory,Case 2,3.0990990990991,77.8010934762898
Bending moment,Theory,Case 2,3.11111111111111,77.5420875416064
Bending moment,Theory,Case 2,3.12312312312312,77.2787529539456
Bending moment,Theory,Case 2,3.13513513513514,77.0110897133075
Bending moment,Theory,Case 2,3.14714714714715,76.7390978196921
Bending moment,Theory,Case 2,3.15915915915916,76.4627772730995
Bending moment,Theory,Case 2,3.17117117117117,76.1821280735295
Bending moment,Theory,Case 2,3.18318318318318,75.8971502209822
Bending moment,Theory,Case 2,3.1951951951952,75.6078437154576
Bending moment,Theory,Case 2,3.20720720720721,75.3142085569558
Bending moment,Theory,Case 2,3.21921921921922,75.0162447454766
Bending moment,Theory,Case 2,3.23123123123123,74.7139522810201
Bending moment,Theory,Case 2,3.24324324324324,74.4073311635863
Bending moment,Theory,Case 2,3.25525525525526,74.0963813931752
Bending moment,Theory,Case 2,3.26726726726727,73.7811029697868
Bending moment,Theory,Case 2,3.27927927927928,73.4614958934211
Bending moment,Theory,Case 2,3.29129129129129,73.1375601640782
Bending moment,Theory,Case 2,3.3033033033033,72.8092957817579
Bending moment,Theory,Case 2,3.31531531531532,72.4767027464603
Bending moment,Theory,Case 2,3.32732732732733,72.1397810581854
Bending moment,Theory,Case 2,3.33933933933934,71.7985307169332
Bending moment,Theory,Case 2,3.35135135135135,71.4529517227037
Bending moment,Theory,Case 2,3.36336336336336,71.1030440754969
Bending moment,Theory,Case 2,3.37537537537538,70.7488077753128
Bending moment,Theory,Case 2,3.38738738738739,70.3902428221514
Bending moment,Theory,Case 2,3.3993993993994,70.0273492160126
Bending moment,Theory,Case 2,3.41141141141141,69.6601269568966
Bending moment,Theory,Case 2,3.42342342342342,69.2885760448033
Bending moment,Theory,Case 2,3.43543543543544,68.9126964797327
Bending moment,Theory,Case 2,3.44744744744745,68.5324882616848
Bending moment,Theory,Case 2,3.45945945945946,68.1479513906596
Bending moment,Theory,Case 2,3.47147147147147,67.7590858666571
Bending moment,Theory,Case 2,3.48348348348348,67.3658916896773
Bending moment,Theory,Case 2,3.4954954954955,66.9683688597201
Bending moment,Theory,Case 2,3.50750750750751,66.5665173767857
Bending moment,Theory,Case 2,3.51951951951952,66.160337240874
Bending moment,Theory,Case 2,3.53153153153153,65.749828451985
Bending moment,Theory,Case 2,3.54354354354354,65.3349910101186
Bending moment,Theory,Case 2,3.55555555555556,64.915824915275
Bending moment,Theory,Case 2,3.56756756756757,64.4923301674541
Bending moment,Theory,Case 2,3.57957957957958,64.0645067666559
Bending moment,Theory,Case 2,3.59159159159159,63.6323547128803
Bending moment,Theory,Case 2,3.6036036036036,63.1958740061275
Bending moment,Theory,Case 2,3.61561561561562,62.7550646463974
Bending moment,Theory,Case 2,3.62762762762763,62.3099266336899
Bending moment,Theory,Case 2,3.63963963963964,61.8604599680052
Bending moment,Theory,Case 2,3.65165165165165,61.4066646493431
Bending moment,Theory,Case 2,3.66366366366366,60.9485406777037
Bending moment,Theory,Case 2,3.67567567567568,60.4860880530872
Bending moment,Theory,Case 2,3.68768768768769,60.0193067754932
Bending moment,Theory,Case 2,3.6996996996997,59.5481968449219
Bending moment,Theory,Case 2,3.71171171171171,59.0727582613734
Bending moment,Theory,Case 2,3.72372372372372,58.5929910248475
Bending moment,Theory,Case 2,3.73573573573574,58.1088951353444
Bending moment,Theory,Case 2,3.74774774774775,57.6204705928639
Bending moment,Theory,Case 2,3.75975975975976,57.1277173974062
Bending moment,Theory,Case 2,3.77177177177177,56.6306355489712
Bending moment,Theory,Case 2,3.78378378378378,56.1292250475587
Bending moment,Theory,Case 2,3.7957957957958,55.6234858931691
Bending moment,Theory,Case 2,3.80780780780781,55.1134180858021
Bending moment,Theory,Case 2,3.81981981981982,54.5990216254579
Bending moment,Theory,Case 2,3.83183183183183,54.0802965121363
Bending moment,Theory,Case 2,3.84384384384384,53.5572427458374
Bending moment,Theory,Case 2,3.85585585585586,53.0298603265613
Bending moment,Theory,Case 2,3.86786786786787,52.4981492543078
Bending moment,Theory,Case 2,3.87987987987988,51.962109529077
Bending moment,Theory,Case 2,3.89189189189189,51.421741150869
Bending moment,Theory,Case 2,3.9039039039039,50.8770441196836
Bending moment,Theory,Case 2,3.91591591591592,50.3280184355209
Bending moment,Theory,Case 2,3.92792792792793,49.7746640983809
Bending moment,Theory,Case 2,3.93993993993994,49.2169811082637
Bending moment,Theory,Case 2,3.95195195195195,48.6549694651691
Bending moment,Theory,Case 2,3.96396396396396,48.0886291690971
Bending moment,Theory,Case 2,3.97597597597598,47.517960220048
Bending moment,Theory,Case 2,3.98798798798799,46.9429626180216
Bending moment,Theory,Case 2,4,46.3636363630177
Bending moment,Theory,Case 2,4.01201201201201,45.7799814550366
Bending moment,Theory,Case 2,4.02402402402402,45.1919978940782
Bending moment,Theory,Case 2,4.03603603603604,44.5996856801426
Bending moment,Theory,Case 2,4.04804804804805,44.0030448132296
Bending moment,Theory,Case 2,4.06006006006006,43.4020752933393
Bending moment,Theory,Case 2,4.07207207207207,42.7967771204717
Bending moment,Theory,Case 2,4.08408408408408,42.1871502946268
Bending moment,Theory,Case 2,4.0960960960961,41.5731948158046
Bending moment,Theory,Case 2,4.10810810810811,40.9549106840051
Bending moment,Theory,Case 2,4.12012012012012,40.3322978992283
Bending moment,Theory,Case 2,4.13213213213213,39.7053564614741
Bending moment,Theory,Case 2,4.14414414414414,39.0740863707427
Bending moment,Theory,Case 2,4.15615615615616,38.4384876270341
Bending moment,Theory,Case 2,4.16816816816817,37.7985602303481
Bending moment,Theory,Case 2,4.18018018018018,37.1543041806847
Bending moment,Theory,Case 2,4.19219219219219,36.5057194780441
Bending moment,Theory,Case 2,4.2042042042042,35.8528061224262
Bending moment,Theory,Case 2,4.21621621621622,35.195564113831
Bending moment,Theory,Case 2,4.22822822822823,34.5339934522585
Bending moment,Theory,Case 2,4.24024024024024,33.8680941377086
Bending moment,Theory,Case 2,4.25225225225225,33.1978661701815
Bending moment,Theory,Case 2,4.26426426426426,32.5233095496771
Bending moment,Theory,Case 2,4.27627627627628,31.8444242761953
Bending moment,Theory,Case 2,4.28828828828829,31.1612103497364
Bending moment,Theory,Case 2,4.3003003003003,30.4736677703
Bending moment,Theory,Case 2,4.31231231231231,29.7817965378863
Bending moment,Theory,Case 2,4.32432432432432,29.0855966524954
Bending moment,Theory,Case 2,4.33633633633634,28.3850681141271
Bending moment,Theory,Case 2,4.34834834834835,27.6802109227816
Bending moment,Theory,Case 2,4.36036036036036,26.9710250784588
Bending moment,Theory,Case 2,4.37237237237237,26.2575105811586
Bending moment,Theory,Case 2,4.38438438438438,25.5396674308812
Bending moment,Theory,Case 2,4.3963963963964,24.8174956276265
Bending moment,Theory,Case 2,4.40840840840841,24.0909951713944
Bending moment,Theory,Case 2,4.42042042042042,23.3601660621851
Bending moment,Theory,Case 2,4.43243243243243,22.6250082999985
Bending moment,Theory,Case 2,4.44444444444444,21.8855218848345
Bending moment,Theory,Case 2,4.45645645645646,21.1417068166932
Bending moment,Theory,Case 2,4.46846846846847,20.3935630955747
Bending moment,Theory,Case 2,4.48048048048048,19.6410907214789
Bending moment,Theory,Case 2,4.49249249249249,18.8842896944057
Bending moment,Theory,Case 2,4.5045045045045,18.1231600143552
Bending moment,Theory,Case 2,4.51651651651652,17.3577016813274
Bending moment,Theory,Case 2,4.52852852852853,16.5879146953225
Bending moment,Theory,Case 2,4.54054054054054,15.8137990563401
Bending moment,Theory,Case 2,4.55255255255255,15.0353547643804
Bending moment,Theory,Case 2,4.56456456456456,14.2525818194434
Bending moment,Theory,Case 2,4.57657657657658,13.4654802215291
Bending moment,Theory,Case 2,4.58858858858859,12.6740499706376
Bending moment,Theory,Case 2,4.6006006006006,11.8782910667688
Bending moment,Theory,Case 2,4.61261261261261,11.0782035099225
Bending moment,Theory,Case 2,4.62462462462462,10.2737873000991
Bending moment,Theory,Case 2,4.63663663663664,9.46504243729828
Bending moment,Theory,Case 2,4.64864864864865,8.65196892152022
Bending moment,Theory,Case 2,4.66066066066066,7.83456675276492
Bending moment,Theory,Case 2,4.67267267267267,7.0128359310322
Bending moment,Theory,Case 2,4.68468468468468,6.18677645632217
Bending moment,Theory,Case 2,4.6966966966967,5.3563883286349
Bending moment,Theory,Case 2,4.70870870870871,4.52167154797039
Bending moment,Theory,Case 2,4.72072072072072,3.68262611432845
Bending moment,Theory,Case 2,4.73273273273273,2.83925202770927
Bending moment,Theory,Case 2,4.74474474474474,1.99154928811273
Bending moment,Theory,Case 2,4.75675675675676,1.13951789553894
Bending moment,Theory,Case 2,4.76876876876877,0.283157849987852
Bending moment,Theory,Case 2,4.78078078078078,-0.57753084854054
Bending moment,Theory,Case 2,4.79279279279279,-1.44254820004618
Bending moment,Theory,Case 2,4.8048048048048,-2.31189420452918
Bending moment,Theory,Case 2,4.81681681681682,-3.18556886198954
Bending moment,Theory,Case 2,4.82882882882883,-4.06357217242708
Bending moment,Theory,Case 2,4.84084084084084,-4.94590413584199
Bending moment,Theory,Case 2,4.85285285285285,-5.8325647522342
Bending moment,Theory,Case 2,4.86486486486486,-6.72355402160366
Bending moment,Theory,Case 2,4.87687687687688,-7.61887194395054
Bending moment,Theory,Case 2,4.88888888888889,-8.51851851927466
Bending moment,Theory,Case 2,4.9009009009009,-9.42249374757602
Bending moment,Theory,Case 2,4.91291291291291,-10.3307976288548
Bending moment,Theory,Case 2,4.92492492492492,-11.2434301631108
Bending moment,Theory,Case 2,4.93693693693694,-12.1603913503441
Bending moment,Theory,Case 2,4.94894894894895,-13.0816811905548
Bending moment,Theory,Case 2,4.96096096096096,-14.0072996837426
Bending moment,Theory,Case 2,4.97297297297297,-14.9372468299078
Bending moment,Theory,Case 2,4.98498498498498,-15.8715226290504
Bending moment,Theory,Case 2,4.996996996997,-16.8101270811702
Bending moment,Theory,Case 2,5.00900900900901,-17.7530601862674
Bending moment,Theory,Case 2,5.02102102102102,-18.7003219443417
Bending moment,Theory,Case 2,5.03303303303303,-19.6519123553934
Bending moment,Theory,Case 2,5.04504504504505,-20.6078314194225
Bending moment,Theory,Case 2,5.05705705705706,-21.5680791364288
Bending moment,Theory,Case 2,5.06906906906907,-22.5326555064125
Bending moment,Theory,Case 2,5.08108108108108,-23.5015605293734
Bending moment,Theory,Case 2,5.09309309309309,-24.4747942053116
Bending moment,Theory,Case 2,5.10510510510511,-25.4523565342271
Bending moment,Theory,Case 2,5.11711711711712,-26.43424751612
Bending moment,Theory,Case 2,5.12912912912913,-27.4204671509902
Bending moment,Theory,Case 2,5.14114114114114,-28.4110154388376
Bending moment,Theory,Case 2,5.15315315315315,-29.4058923796623
Bending moment,Theory,Case 2,5.16516516516517,-30.4050979734643
Bending moment,Theory,Case 2,5.17717717717718,-31.4086322202437
Bending moment,Theory,Case 2,5.18918918918919,-32.4164951200004
Bending moment,Theory,Case 2,5.2012012012012,-33.4286866727343
Bending moment,Theory,Case 2,5.21321321321321,-34.4452068784456
Bending moment,Theory,Case 2,5.22522522522523,-35.4660557371342
Bending moment,Theory,Case 2,5.23723723723724,-36.4912332488
Bending moment,Theory,Case 2,5.24924924924925,-37.5207394134432
Bending moment,Theory,Case 2,5.26126126126126,-38.5545742310636
Bending moment,Theory,Case 2,5.27327327327327,-39.5927377016613
Bending moment,Theory,Case 2,5.28528528528529,-40.6352298252364
Bending moment,Theory,Case 2,5.2972972972973,-41.6820506017888
Bending moment,Theory,Case 2,5.30930930930931,-42.7332000313185
Bending moment,Theory,Case 2,5.32132132132132,-43.7886781138255
Bending moment,Theory,Case 2,5.33333333333333,-44.8484848493097
Bending moment,Theory,Case 2,5.34534534534535,-45.9126202377713
Bending moment,Theory,Case 2,5.35735735735736,-46.9810842792102
Bending moment,Theory,Case 2,5.36936936936937,-48.0538769736263
Bending moment,Theory,Case 2,5.38138138138138,-49.1309983210198
Bending moment,Theory,Case 2,5.39339339339339,-50.2124483213905
Bending moment,Theory,Case 2,5.40540540540541,-51.2982269747386
Bending moment,Theory,Case 2,5.41741741741742,-52.388334281064
Bending moment,Theory,Case 2,5.42942942942943,-53.4827702403667
Bending moment,Theory,Case 2,5.44144144144144,-54.5815348526467
Bending moment,Theory,Case 2,5.45345345345345,-55.6846281179039
Bending moment,Theory,Case 2,5.46546546546547,-56.7920500361385
Bending moment,Theory,Case 2,5.47747747747748,-57.9038006073505
Bending moment,Theory,Case 2,5.48948948948949,-59.0198798315397
Bending moment,Theory,Case 2,5.5015015015015,-60.1402877087062
Bending moment,Theory,Case 2,5.51351351351351,-61.2650242388499
Bending moment,Theory,Case 2,5.52552552552553,-62.394089421971
Bending moment,Theory,Case 2,5.53753753753754,-63.5274832580694
Bending moment,Theory,Case 2,5.54954954954955,-64.6652057471452
Bending moment,Theory,Case 2,5.56156156156156,-65.8072568891982
Bending moment,Theory,Case 2,5.57357357357357,-66.9536366842284
Bending moment,Theory,Case 2,5.58558558558559,-68.104345132236
Bending moment,Theory,Case 2,5.5975975975976,-69.2593822332209
Bending moment,Theory,Case 2,5.60960960960961,-70.4187479871832
Bending moment,Theory,Case 2,5.62162162162162,-71.5824423941227
Bending moment,Theory,Case 2,5.63363363363363,-72.7504654540394
Bending moment,Theory,Case 2,5.64564564564565,-73.9228171669336
Bending moment,Theory,Case 2,5.65765765765766,-75.099497532805
Bending moment,Theory,Case 2,5.66966966966967,-76.2805065516537
Bending moment,Theory,Case 2,5.68168168168168,-77.4658442234797
Bending moment,Theory,Case 2,5.69369369369369,-78.655510548283
Bending moment,Theory,Case 2,5.70570570570571,-79.8495055260636
Bending moment,Theory,Case 2,5.71771771771772,-81.0478291568216
Bending moment,Theory,Case 2,5.72972972972973,-82.2504814405569
Bending moment,Theory,Case 2,5.74174174174174,-83.4574623772694
Bending moment,Theory,Case 2,5.75375375375375,-84.6687719669592
Bending moment,Theory,Case 2,5.76576576576577,-85.8844102096262
Bending moment,Theory,Case 2,5.77777777777778,-87.1043771052707
Bending moment,Theory,Case 2,5.78978978978979,-88.3286726538925
Bending moment,Theory,Case 2,5.8018018018018,-89.5572968554915
Bending moment,Theory,Case 2,5.81381381381381,-90.7902497100679
Bending moment,Theory,Case 2,5.82582582582583,-92.0275312176215
Bending moment,Theory,Case 2,5.83783783783784,-93.2691413781524
Bending moment,Theory,Case 2,5.84984984984985,-94.5150801916607
Bending moment,Theory,Case 2,5.86186186186186,-95.7653476581462
Bending moment,Theory,Case 2,5.87387387387387,-97.019943777609
Bending moment,Theory,Case 2,5.88588588588589,-98.2788685500491
Bending moment,Theory,Case 2,5.8978978978979,-99.5421219754666
Bending moment,Theory,Case 2,5.90990990990991,-100.809704053861
Bending moment,Theory,Case 2,5.92192192192192,-102.081614785234
Bending moment,Theory,Case 2,5.93393393393393,-103.357854169583
Bending moment,Theory,Case 2,5.94594594594595,-104.638422206909
Bending moment,Theory,Case 2,5.95795795795796,-105.923318897213
Bending moment,Theory,Case 2,5.96996996996997,-107.212544240495
Bending moment,Theory,Case 2,5.98198198198198,-108.506098236753
Bending moment,Theory,Case 2,5.99399399399399,-109.803980885989
Bending moment,Theory,Case 2,6.00600600600601,-109.803980885989
Bending moment,Theory,Case 2,6.01801801801802,-108.506098236753
Bending moment,Theory,Case 2,6.03003003003003,-107.212544240495
Bending moment,Theory,Case 2,6.04204204204204,-105.923318897213
Bending moment,Theory,Case 2,6.05405405405405,-104.638422206909
Bending moment,Theory,Case 2,6.06606606606607,-103.357854169583
Bending moment,Theory,Case 2,6.07807807807808,-102.081614785233
Bending moment,Theory,Case 2,6.09009009009009,-100.809704053861
Bending moment,Theory,Case 2,6.1021021021021,-99.5421219754666
Bending moment,Theory,Case 2,6.11411411411411,-98.2788685500492
Bending moment,Theory,Case 2,6.12612612612613,-97.019943777609
Bending moment,Theory,Case 2,6.13813813813814,-95.7653476581461
Bending moment,Theory,Case 2,6.15015015015015,-94.5150801916607
Bending moment,Theory,Case 2,6.16216216216216,-93.2691413781523
Bending moment,Theory,Case 2,6.17417417417417,-92.0275312176214
Bending moment,Theory,Case 2,6.18618618618619,-90.7902497100678
Bending moment,Theory,Case 2,6.1981981981982,-89.5572968554916
Bending moment,Theory,Case 2,6.21021021021021,-88.3286726538925
Bending moment,Theory,Case 2,6.22222222222222,-87.1043771052707
Bending moment,Theory,Case 2,6.23423423423423,-85.8844102096262
Bending moment,Theory,Case 2,6.24624624624625,-84.6687719669591
Bending moment,Theory,Case 2,6.25825825825826,-83.4574623772693
Bending moment,Theory,Case 2,6.27027027027027,-82.2504814405569
Bending moment,Theory,Case 2,6.28228228228228,-81.0478291568216
Bending moment,Theory,Case 2,6.29429429429429,-79.8495055260637
Bending moment,Theory,Case 2,6.30630630630631,-78.6555105482829
Bending moment,Theory,Case 2,6.31831831831832,-77.4658442234797
Bending moment,Theory,Case 2,6.33033033033033,-76.2805065516537
Bending moment,Theory,Case 2,6.34234234234234,-75.099497532805
Bending moment,Theory,Case 2,6.35435435435435,-73.9228171669336
Bending moment,Theory,Case 2,6.36636636636637,-72.7504654540395
Bending moment,Theory,Case 2,6.37837837837838,-71.5824423941227
Bending moment,Theory,Case 2,6.39039039039039,-70.4187479871832
Bending moment,Theory,Case 2,6.4024024024024,-69.2593822332209
Bending moment,Theory,Case 2,6.41441441441441,-68.104345132236
Bending moment,Theory,Case 2,6.42642642642643,-66.9536366842285
Bending moment,Theory,Case 2,6.43843843843844,-65.8072568891981
Bending moment,Theory,Case 2,6.45045045045045,-64.6652057471452
Bending moment,Theory,Case 2,6.46246246246246,-63.5274832580694
Bending moment,Theory,Case 2,6.47447447447447,-62.3940894219711
Bending moment,Theory,Case 2,6.48648648648649,-61.2650242388499
Bending moment,Theory,Case 2,6.4984984984985,-60.1402877087062
Bending moment,Theory,Case 2,6.51051051051051,-59.0198798315396
Bending moment,Theory,Case 2,6.52252252252252,-57.9038006073505
Bending moment,Theory,Case 2,6.53453453453453,-56.7920500361386
Bending moment,Theory,Case 2,6.54654654654655,-55.6846281179039
Bending moment,Theory,Case 2,6.55855855855856,-54.5815348526468
Bending moment,Theory,Case 2,6.57057057057057,-53.4827702403669
Bending moment,Theory,Case 2,6.58258258258258,-52.388334281064
Bending moment,Theory,Case 2,6.59459459459459,-51.2982269747386
Bending moment,Theory,Case 2,6.60660660660661,-50.2124483213905
Bending moment,Theory,Case 2,6.61861861861862,-49.1309983210199
Bending moment,Theory,Case 2,6.63063063063063,-48.0538769736263
Bending moment,Theory,Case 2,6.64264264264264,-46.98108427921
Bending moment,Theory,Case 2,6.65465465465465,-45.9126202377712
Bending moment,Theory,Case 2,6.66666666666667,-44.8484848493097
Bending moment,Theory,Case 2,6.67867867867868,-43.7886781138254
Bending moment,Theory,Case 2,6.69069069069069,-42.7332000313184
Bending moment,Theory,Case 2,6.7027027027027,-41.6820506017888
Bending moment,Theory,Case 2,6.71471471471471,-40.6352298252365
Bending moment,Theory,Case 2,6.72672672672673,-39.5927377016613
Bending moment,Theory,Case 2,6.73873873873874,-38.5545742310637
Bending moment,Theory,Case 2,6.75075075075075,-37.5207394134432
Bending moment,Theory,Case 2,6.76276276276276,-36.4912332488
Bending moment,Theory,Case 2,6.77477477477477,-35.4660557371341
Bending moment,Theory,Case 2,6.78678678678679,-34.4452068784455
Bending moment,Theory,Case 2,6.7987987987988,-33.4286866727343
Bending moment,Theory,Case 2,6.81081081081081,-32.4164951200004
Bending moment,Theory,Case 2,6.82282282282282,-31.4086322202437
Bending moment,Theory,Case 2,6.83483483483483,-30.4050979734643
Bending moment,Theory,Case 2,6.84684684684685,-29.4058923796623
Bending moment,Theory,Case 2,6.85885885885886,-28.4110154388376
Bending moment,Theory,Case 2,6.87087087087087,-27.4204671509902
Bending moment,Theory,Case 2,6.88288288288288,-26.43424751612
Bending moment,Theory,Case 2,6.89489489489489,-25.4523565342272
Bending moment,Theory,Case 2,6.90690690690691,-24.4747942053116
Bending moment,Theory,Case 2,6.91891891891892,-23.5015605293734
Bending moment,Theory,Case 2,6.93093093093093,-22.5326555064125
Bending moment,Theory,Case 2,6.94294294294294,-21.5680791364288
Bending moment,Theory,Case 2,6.95495495495495,-20.6078314194225
Bending moment,Theory,Case 2,6.96696696696697,-19.6519123553934
Bending moment,Theory,Case 2,6.97897897897898,-18.7003219443418
Bending moment,Theory,Case 2,6.99099099099099,-17.7530601862674
Bending moment,Theory,Case 2,7.003003003003,-16.8101270811703
Bending moment,Theory,Case 2,7.01501501501502,-15.8715226290504
Bending moment,Theory,Case 2,7.02702702702703,-14.9372468299078
Bending moment,Theory,Case 2,7.03903903903904,-14.0072996837427
Bending moment,Theory,Case 2,7.05105105105105,-13.0816811905546
Bending moment,Theory,Case 2,7.06306306306306,-12.1603913503441
Bending moment,Theory,Case 2,7.07507507507508,-11.2434301631108
Bending moment,Theory,Case 2,7.08708708708709,-10.3307976288548
Bending moment,Theory,Case 2,7.0990990990991,-9.422493747576
Bending moment,Theory,Case 2,7.11111111111111,-8.51851851927463
Bending moment,Theory,Case 2,7.12312312312312,-7.61887194395054
Bending moment,Theory,Case 2,7.13513513513514,-6.72355402160381
Bending moment,Theory,Case 2,7.14714714714715,-5.83256475223418
Bending moment,Theory,Case 2,7.15915915915916,-4.94590413584193
Bending moment,Theory,Case 2,7.17117117117117,-4.0635721724272
Bending moment,Theory,Case 2,7.18318318318318,-3.18556886198951
Bending moment,Theory,Case 2,7.1951951951952,-2.31189420452923
Bending moment,Theory,Case 2,7.20720720720721,-1.44254820004621
Bending moment,Theory,Case 2,7.21921921921922,-0.577530848540482
Bending moment,Theory,Case 2,7.23123123123123,0.283157849987911
Bending moment,Theory,Case 2,7.24324324324324,1.13951789553894
Bending moment,Theory,Case 2,7.25525525525526,1.99154928811284
Bending moment,Theory,Case 2,7.26726726726727,2.83925202770915
Bending moment,Theory,Case 2,7.27927927927928,3.68262611432857
Bending moment,Theory,Case 2,7.29129129129129,4.52167154797039
Bending moment,Theory,Case 2,7.3033033033033,5.35638832863484
Bending moment,Theory,Case 2,7.31531531531532,6.18677645632223
Bending moment,Theory,Case 2,7.32732732732733,7.01283593103208
Bending moment,Theory,Case 2,7.33933933933934,7.8345667527648
Bending moment,Theory,Case 2,7.35135135135135,8.65196892152034
Bending moment,Theory,Case 2,7.36336336336336,9.46504243729828
Bending moment,Theory,Case 2,7.37537537537538,10.2737873000992
Bending moment,Theory,Case 2,7.38738738738739,11.0782035099226
Bending moment,Theory,Case 2,7.3993993993994,11.8782910667688
Bending moment,Theory,Case 2,7.41141141141141,12.6740499706375
Bending moment,Theory,Case 2,7.42342342342342,13.4654802215291
Bending moment,Theory,Case 2,7.43543543543544,14.2525818194434
Bending moment,Theory,Case 2,7.44744744744745,15.0353547643803
Bending moment,Theory,Case 2,7.45945945945946,15.8137990563401
Bending moment,Theory,Case 2,7.47147147147147,16.5879146953224
Bending moment,Theory,Case 2,7.48348348348348,17.3577016813274
Bending moment,Theory,Case 2,7.4954954954955,18.1231600143552
Bending moment,Theory,Case 2,7.50750750750751,18.8842896944058
Bending moment,Theory,Case 2,7.51951951951952,19.6410907214788
Bending moment,Theory,Case 2,7.53153153153153,20.3935630955747
Bending moment,Theory,Case 2,7.54354354354354,21.1417068166933
Bending moment,Theory,Case 2,7.55555555555556,21.8855218848345
Bending moment,Theory,Case 2,7.56756756756757,22.6250082999984
Bending moment,Theory,Case 2,7.57957957957958,23.3601660621851
Bending moment,Theory,Case 2,7.59159159159159,24.0909951713944
Bending moment,Theory,Case 2,7.6036036036036,24.8174956276264
Bending moment,Theory,Case 2,7.61561561561562,25.5396674308811
Bending moment,Theory,Case 2,7.62762762762763,26.2575105811587
Bending moment,Theory,Case 2,7.63963963963964,26.9710250784589
Bending moment,Theory,Case 2,7.65165165165165,27.6802109227817
Bending moment,Theory,Case 2,7.66366366366366,28.3850681141271
Bending moment,Theory,Case 2,7.67567567567568,29.0855966524955
Bending moment,Theory,Case 2,7.68768768768769,29.7817965378863
Bending moment,Theory,Case 2,7.6996996996997,30.4736677703
Bending moment,Theory,Case 2,7.71171171171171,31.1612103497363
Bending moment,Theory,Case 2,7.72372372372372,31.8444242761953
Bending moment,Theory,Case 2,7.73573573573574,32.5233095496771
Bending moment,Theory,Case 2,7.74774774774775,33.1978661701815
Bending moment,Theory,Case 2,7.75975975975976,33.8680941377086
Bending moment,Theory,Case 2,7.77177177177177,34.5339934522586
Bending moment,Theory,Case 2,7.78378378378378,35.195564113831
Bending moment,Theory,Case 2,7.7957957957958,35.8528061224261
Bending moment,Theory,Case 2,7.80780780780781,36.5057194780441
Bending moment,Theory,Case 2,7.81981981981982,37.1543041806848
Bending moment,Theory,Case 2,7.83183183183183,37.798560230348
Bending moment,Theory,Case 2,7.84384384384384,38.4384876270341
Bending moment,Theory,Case 2,7.85585585585586,39.0740863707428
Bending moment,Theory,Case 2,7.86786786786787,39.705356461474
Bending moment,Theory,Case 2,7.87987987987988,40.3322978992283
Bending moment,Theory,Case 2,7.89189189189189,40.954910684005
Bending moment,Theory,Case 2,7.9039039039039,41.5731948158045
Bending moment,Theory,Case 2,7.91591591591592,42.1871502946267
Bending moment,Theory,Case 2,7.92792792792793,42.7967771204715
Bending moment,Theory,Case 2,7.93993993993994,43.4020752933393
Bending moment,Theory,Case 2,7.95195195195195,44.0030448132296
Bending moment,Theory,Case 2,7.96396396396396,44.5996856801425
Bending moment,Theory,Case 2,7.97597597597598,45.1919978940783
Bending moment,Theory,Case 2,7.98798798798799,45.7799814550366
Bending moment,Theory,Case 2,8,46.3636363630177
Bending moment,Theory,Case 2,8.01201201201201,46.9429626180214
Bending moment,Theory,Case 2,8.02402402402402,47.517960220048
Bending moment,Theory,Case 2,8.03603603603604,48.0886291690972
Bending moment,Theory,Case 2,8.04804804804805,48.654969465169
Bending moment,Theory,Case 2,8.06006006006006,49.2169811082636
Bending moment,Theory,Case 2,8.07207207207207,49.7746640983809
Bending moment,Theory,Case 2,8.08408408408408,50.3280184355209
Bending moment,Theory,Case 2,8.0960960960961,50.8770441196836
Bending moment,Theory,Case 2,8.10810810810811,51.4217411508689
Bending moment,Theory,Case 2,8.12012012012012,51.962109529077
Bending moment,Theory,Case 2,8.13213213213213,52.4981492543078
Bending moment,Theory,Case 2,8.14414414414414,53.0298603265614
Bending moment,Theory,Case 2,8.15615615615616,53.5572427458374
Bending moment,Theory,Case 2,8.16816816816817,54.0802965121364
Bending moment,Theory,Case 2,8.18018018018018,54.5990216254579
Bending moment,Theory,Case 2,8.19219219219219,55.1134180858021
Bending moment,Theory,Case 2,8.2042042042042,55.6234858931691
Bending moment,Theory,Case 2,8.21621621621622,56.1292250475588
Bending moment,Theory,Case 2,8.22822822822823,56.6306355489712
Bending moment,Theory,Case 2,8.24024024024024,57.1277173974062
Bending moment,Theory,Case 2,8.25225225225225,57.6204705928639
Bending moment,Theory,Case 2,8.26426426426426,58.1088951353445
Bending moment,Theory,Case 2,8.27627627627628,58.5929910248475
Bending moment,Theory,Case 2,8.28828828828829,59.0727582613733
Bending moment,Theory,Case 2,8.3003003003003,59.548196844922
Bending moment,Theory,Case 2,8.31231231231231,60.0193067754933
Bending moment,Theory,Case 2,8.32432432432432,60.4860880530871
Bending moment,Theory,Case 2,8.33633633633634,60.9485406777039
Bending moment,Theory,Case 2,8.34834834834835,61.4066646493432
Bending moment,Theory,Case 2,8.36036036036036,61.8604599680051
Bending moment,Theory,Case 2,8.37237237237237,62.3099266336897
Bending moment,Theory,Case 2,8.38438438438438,62.7550646463975
Bending moment,Theory,Case 2,8.3963963963964,63.1958740061275
Bending moment,Theory,Case 2,8.40840840840841,63.6323547128804
Bending moment,Theory,Case 2,8.42042042042042,64.0645067666558
Bending moment,Theory,Case 2,8.43243243243243,64.4923301674541
Bending moment,Theory,Case 2,8.44444444444444,64.915824915275
Bending moment,Theory,Case 2,8.45645645645646,65.3349910101186
Bending moment,Theory,Case 2,8.46846846846847,65.7498284519848
Bending moment,Theory,Case 2,8.48048048048048,66.160337240874
Bending moment,Theory,Case 2,8.49249249249249,66.5665173767856
Bending moment,Theory,Case 2,8.5045045045045,66.9683688597201
Bending moment,Theory,Case 2,8.51651651651652,67.3658916896771
Bending moment,Theory,Case 2,8.52852852852853,67.7590858666572
Bending moment,Theory,Case 2,8.54054054054054,68.1479513906597
Bending moment,Theory,Case 2,8.55255255255255,68.5324882616848
Bending moment,Theory,Case 2,8.56456456456456,68.9126964797328
Bending moment,Theory,Case 2,8.57657657657658,69.2885760448035
Bending moment,Theory,Case 2,8.58858858858859,69.6601269568964
Bending moment,Theory,Case 2,8.6006006006006,70.0273492160128
Bending moment,Theory,Case 2,8.61261261261261,70.3902428221515
Bending moment,Theory,Case 2,8.62462462462462,70.7488077753127
Bending moment,Theory,Case 2,8.63663663663664,71.1030440754967
Bending moment,Theory,Case 2,8.64864864864865,71.4529517227038
Bending moment,Theory,Case 2,8.66066066066066,71.798530716933
Bending moment,Theory,Case 2,8.67267267267267,72.1397810581854
Bending moment,Theory,Case 2,8.68468468468468,72.4767027464604
Bending moment,Theory,Case 2,8.6966966966967,72.8092957817577
Bending moment,Theory,Case 2,8.70870870870871,73.137560164078
Bending moment,Theory,Case 2,8.72072072072072,73.4614958934211
Bending moment,Theory,Case 2,8.73273273273273,73.781102969787
Bending moment,Theory,Case 2,8.74474474474474,74.0963813931751
Bending moment,Theory,Case 2,8.75675675675676,74.4073311635865
Bending moment,Theory,Case 2,8.76876876876877,74.71395228102
Bending moment,Theory,Case 2,8.78078078078078,75.0162447454764
Bending moment,Theory,Case 2,8.79279279279279,75.3142085569558
Bending moment,Theory,Case 2,8.8048048048048,75.6078437154574
Bending moment,Theory,Case 2,8.81681681681682,75.8971502209822
Bending moment,Theory,Case 2,8.82882882882883,76.1821280735296
Bending moment,Theory,Case 2,8.84084084084084,76.4627772730994
Bending moment,Theory,Case 2,8.85285285285285,76.7390978196921
Bending moment,Theory,Case 2,8.86486486486486,77.0110897133076
Bending moment,Theory,Case 2,8.87687687687688,77.2787529539455
Bending moment,Theory,Case 2,8.88888888888889,77.5420875416063
Bending moment,Theory,Case 2,8.9009009009009,77.80109347629
Bending moment,Theory,Case 2,8.91291291291291,78.055770757996
Bending moment,Theory,Case 2,8.92492492492492,78.3061193867249
Bending moment,Theory,Case 2,8.93693693693694,78.5521393624764
Bending moment,Theory,Case 2,8.94894894894895,78.7938306852508
Bending moment,Theory,Case 2,8.96096096096096,79.0311933550477
Bending moment,Theory,Case 2,8.97297297297297,79.2642273718673
Bending moment,Theory,Case 2,8.98498498498498,79.4929327357098
Bending moment,Theory,Case 2,8.996996996997,79.7173094465748
Bending moment,Theory,Case 2,9.00900900900901,79.9373575044624
Bending moment,Theory,Case 2,9.02102102102102,80.1530769093729
Bending moment,Theory,Case 2,9.03303303303303,80.364467661306
Bending moment,Theory,Case 2,9.04504504504505,80.5715297602619
Bending moment,Theory,Case 2,9.05705705705706,80.7742632062407
Bending moment,Theory,Case 2,9.06906906906907,80.9726679992417
Bending moment,Theory,Case 2,9.08108108108108,81.1667441392656
Bending moment,Theory,Case 2,9.09309309309309,81.3564916263124
Bending moment,Theory,Case 2,9.10510510510511,81.5419104603817
Bending moment,Theory,Case 2,9.11711711711712,81.7230006414738
Bending moment,Theory,Case 2,9.12912912912913,81.8997621695885
Bending moment,Theory,Case 2,9.14114114114114,82.0721950447258
Bending moment,Theory,Case 2,9.15315315315315,82.2402992668861
Bending moment,Theory,Case 2,9.16516516516517,82.4040748360688
Bending moment,Theory,Case 2,9.17717717717718,82.5635217522744
Bending moment,Theory,Case 2,9.18918918918919,82.7186400155026
Bending moment,Theory,Case 2,9.2012012012012,82.8694296257535
Bending moment,Theory,Case 2,9.21321321321321,83.0158905830273
Bending moment,Theory,Case 2,9.22522522522523,83.1580228873234
Bending moment,Theory,Case 2,9.23723723723724,83.2958265386424
Bending moment,Theory,Case 2,9.24924924924925,83.4293015369843
Bending moment,Theory,Case 2,9.26126126126126,83.5584478823487
Bending moment,Theory,Case 2,9.27327327327327,83.6832655747357
Bending moment,Theory,Case 2,9.28528528528529,83.8037546141455
Bending moment,Theory,Case 2,9.2972972972973,83.9199150005779
Bending moment,Theory,Case 2,9.30930930930931,84.0317467340333
Bending moment,Theory,Case 2,9.32132132132132,84.1392498145114
Bending moment,Theory,Case 2,9.33333333333333,84.2424242420116
Bending moment,Theory,Case 2,9.34534534534535,84.3412700165352
Bending moment,Theory,Case 2,9.35735735735736,84.435787138081
Bending moment,Theory,Case 2,9.36936936936937,84.5259756066499
Bending moment,Theory,Case 2,9.38138138138138,84.6118354222412
Bending moment,Theory,Case 2,9.39339339339339,84.6933665848554
Bending moment,Theory,Case 2,9.40540540540541,84.7705690944919
Bending moment,Theory,Case 2,9.41741741741742,84.8434429511518
Bending moment,Theory,Case 2,9.42942942942943,84.9119881548339
Bending moment,Theory,Case 2,9.44144144144144,84.9762047055387
Bending moment,Theory,Case 2,9.45345345345345,85.0360926032665
Bending moment,Theory,Case 2,9.46546546546547,85.0916518480167
Bending moment,Theory,Case 2,9.47747747747748,85.1428824397897
Bending moment,Theory,Case 2,9.48948948948949,85.1897843785852
Bending moment,Theory,Case 2,9.5015015015015,85.2323576644036
Bending moment,Theory,Case 2,9.51351351351351,85.2706022972447
Bending moment,Theory,Case 2,9.52552552552553,85.3045182771086
Bending moment,Theory,Case 2,9.53753753753754,85.334105603995
Bending moment,Theory,Case 2,9.54954954954955,85.3593642779043
Bending moment,Theory,Case 2,9.56156156156156,85.3802942988359
Bending moment,Theory,Case 2,9.57357357357357,85.3968956667905
Bending moment,Theory,Case 2,9.58558558558559,85.409168381768
Bending moment,Theory,Case 2,9.5975975975976,85.4171124437679
Bending moment,Theory,Case 2,9.60960960960961,85.4207278527907
Bending moment,Theory,Case 2,9.62162162162162,85.420014608836
Bending moment,Theory,Case 2,9.63363363363363,85.414972711904
Bending moment,Theory,Case 2,9.64564564564565,85.4056021619948
Bending moment,Theory,Case 2,9.65765765765766,85.3919029591085
Bending moment,Theory,Case 2,9.66966966966967,85.3738751032444
Bending moment,Theory,Case 2,9.68168168168168,85.3515185944033
Bending moment,Theory,Case 2,9.69369369369369,85.3248334325849
Bending moment,Theory,Case 2,9.70570570570571,85.2938196177891
Bending moment,Theory,Case 2,9.71771771771772,85.2584771500161
Bending moment,Theory,Case 2,9.72972972972973,85.218806029266
Bending moment,Theory,Case 2,9.74174174174174,85.174806255538
Bending moment,Theory,Case 2,9.75375375375375,85.1264778288332
Bending moment,Theory,Case 2,9.76576576576577,85.0738207491508
Bending moment,Theory,Case 2,9.77777777777778,85.0168350164914
Bending moment,Theory,Case 2,9.78978978978979,84.9555206308544
Bending moment,Theory,Case 2,9.8018018018018,84.8898775922403
Bending moment,Theory,Case 2,9.81381381381381,84.819905900649
Bending moment,Theory,Case 2,9.82582582582583,84.7456055560801
Bending moment,Theory,Case 2,9.83783783783784,84.6669765585341
Bending moment,Theory,Case 2,9.84984984984985,84.5840189080106
Bending moment,Theory,Case 2,9.86186186186186,84.4967326045099
Bending moment,Theory,Case 2,9.87387387387387,84.405117648032
Bending moment,Theory,Case 2,9.88588588588589,84.309174038577
Bending moment,Theory,Case 2,9.8978978978979,84.2089017761442
Bending moment,Theory,Case 2,9.90990990990991,84.1043008607344
Bending moment,Theory,Case 2,9.92192192192192,83.9953712923472
Bending moment,Theory,Case 2,9.93393393393393,83.8821130709827
Bending moment,Theory,Case 2,9.94594594594595,83.764526196641
Bending moment,Theory,Case 2,9.95795795795796,83.6426106693221
Bending moment,Theory,Case 2,9.96996996996997,83.5163664890253
Bending moment,Theory,Case 2,9.98198198198198,83.3857936557516
Bending moment,Theory,Case 2,9.99399399399399,83.2508921695009
Bending moment,Theory,Case 2,10.006006006006,83.1116620302728
Bending moment,Theory,Case 2,10.018018018018,82.9681032380669
Bending moment,Theory,Case 2,10.03003003003,82.820215792884
Bending moment,Theory,Case 2,10.042042042042,82.667999694724
Bending moment,Theory,Case 2,10.0540540540541,82.5114549435864
Bending moment,Theory,Case 2,10.0660660660661,82.3505815394717
Bending moment,Theory,Case 2,10.0780780780781,82.1853794823794
Bending moment,Theory,Case 2,10.0900900900901,82.0158487723101
Bending moment,Theory,Case 2,10.1021021021021,81.8419894092635
Bending moment,Theory,Case 2,10.1141141141141,81.6638013932395
Bending moment,Theory,Case 2,10.1261261261261,81.4812847242382
Bending moment,Theory,Case 2,10.1381381381381,81.2944394022595
Bending moment,Theory,Case 2,10.1501501501502,81.1032654273036
Bending moment,Theory,Case 2,10.1621621621622,80.9077627993706
Bending moment,Theory,Case 2,10.1741741741742,80.7079315184598
Bending moment,Theory,Case 2,10.1861861861862,80.5037715845721
Bending moment,Theory,Case 2,10.1981981981982,80.2952829977069
Bending moment,Theory,Case 2,10.2102102102102,80.0824657578646
Bending moment,Theory,Case 2,10.2222222222222,79.865319865045
Bending moment,Theory,Case 2,10.2342342342342,79.6438453192479
Bending moment,Theory,Case 2,10.2462462462462,79.4180421204737
Bending moment,Theory,Case 2,10.2582582582583,79.187910268722
Bending moment,Theory,Case 2,10.2702702702703,78.9534497639931
Bending moment,Theory,Case 2,10.2822822822823,78.7146606062867
Bending moment,Theory,Case 2,10.2942942942943,78.4715427956034
Bending moment,Theory,Case 2,10.3063063063063,78.2240963319426
Bending moment,Theory,Case 2,10.3183183183183,77.9723212153042
Bending moment,Theory,Case 2,10.3303303303303,77.716217445689
Bending moment,Theory,Case 2,10.3423423423423,77.4557850230963
Bending moment,Theory,Case 2,10.3543543543544,77.1910239475262
Bending moment,Theory,Case 2,10.3663663663664,76.9219342189789
Bending moment,Theory,Case 2,10.3783783783784,76.6485158374541
Bending moment,Theory,Case 2,10.3903903903904,76.3707688029525
Bending moment,Theory,Case 2,10.4024024024024,76.0886931154731
Bending moment,Theory,Case 2,10.4144144144144,75.8022887750164
Bending moment,Theory,Case 2,10.4264264264264,75.5115557815826
Bending moment,Theory,Case 2,10.4384384384384,75.2164941351716
Bending moment,Theory,Case 2,10.4504504504505,74.917103835783
Bending moment,Theory,Case 2,10.4624624624625,74.6133848834174
Bending moment,Theory,Case 2,10.4744744744745,74.3053372780743
Bending moment,Theory,Case 2,10.4864864864865,73.9929610197539
Bending moment,Theory,Case 2,10.4984984984985,73.6762561084563
Bending moment,Theory,Case 2,10.5105105105105,73.3552225441815
Bending moment,Theory,Case 2,10.5225225225225,73.0298603269293
Bending moment,Theory,Case 2,10.5345345345345,72.7001694566996
Bending moment,Theory,Case 2,10.5465465465465,72.3661499334929
Bending moment,Theory,Case 2,10.5585585585586,72.0278017573088
Bending moment,Theory,Case 2,10.5705705705706,71.6851249281472
Bending moment,Theory,Case 2,10.5825825825826,71.3381194460085
Bending moment,Theory,Case 2,10.5945945945946,70.9867853108923
Bending moment,Theory,Case 2,10.6066066066066,70.6311225227989
Bending moment,Theory,Case 2,10.6186186186186,70.2711310817283
Bending moment,Theory,Case 2,10.6306306306306,69.9068109876803
Bending moment,Theory,Case 2,10.6426426426426,69.5381622406549
Bending moment,Theory,Case 2,10.6546546546547,69.1651848406525
Bending moment,Theory,Case 2,10.6666666666667,68.7878787876726
Bending moment,Theory,Case 2,10.6786786786787,68.4062440817154
Bending moment,Theory,Case 2,10.6906906906907,68.020280722781
Bending moment,Theory,Case 2,10.7027027027027,67.6299887108692
Bending moment,Theory,Case 2,10.7147147147147,67.23536804598
Bending moment,Theory,Case 2,10.7267267267267,66.8364187281139
Bending moment,Theory,Case 2,10.7387387387387,66.43314075727
Bending moment,Theory,Case 2,10.7507507507508,66.0255341334491
Bending moment,Theory,Case 2,10.7627627627628,65.6135988566509
Bending moment,Theory,Case 2,10.7747747747748,65.1973349268753
Bending moment,Theory,Case 2,10.7867867867868,64.7767423441224
Bending moment,Theory,Case 2,10.7987987987988,64.3518211083921
Bending moment,Theory,Case 2,10.8108108108108,63.9225712196848
Bending moment,Theory,Case 2,10.8228228228228,63.4889926779998
Bending moment,Theory,Case 2,10.8348348348348,63.0510854833376
Bending moment,Theory,Case 2,10.8468468468468,62.6088496356982
Bending moment,Theory,Case 2,10.8588588588589,62.1622851350817
Bending moment,Theory,Case 2,10.8708708708709,61.7113919814875
Bending moment,Theory,Case 2,10.8828828828829,61.2561701749165
Bending moment,Theory,Case 2,10.8948948948949,60.7966197153679
Bending moment,Theory,Case 2,10.9069069069069,60.332740602842
Bending moment,Theory,Case 2,10.9189189189189,59.8645328373385
Bending moment,Theory,Case 2,10.9309309309309,59.3919964188582
Bending moment,Theory,Case 2,10.9429429429429,58.9151313474004
Bending moment,Theory,Case 2,10.954954954955,58.4339376229651
Bending moment,Theory,Case 2,10.966966966967,57.9484152455528
Bending moment,Theory,Case 2,10.978978978979,57.458564215163
Bending moment,Theory,Case 2,10.990990990991,56.964384531796
Bending moment,Theory,Case 2,11.003003003003,56.4658761954516
Bending moment,Theory,Case 2,11.015015015015,55.9630392061302
Bending moment,Theory,Case 2,11.027027027027,55.4558735638314
Bending moment,Theory,Case 2,11.039039039039,54.9443792685551
Bending moment,Theory,Case 2,11.0510510510511,54.4285563203015
Bending moment,Theory,Case 2,11.0630630630631,53.9084047190706
Bending moment,Theory,Case 2,11.0750750750751,53.3839244648627
Bending moment,Theory,Case 2,11.0870870870871,52.8551155576769
Bending moment,Theory,Case 2,11.0990990990991,52.3219779975144
Bending moment,Theory,Case 2,11.1111111111111,51.7845117843745
Bending moment,Theory,Case 2,11.1231231231231,51.2427169182566
Bending moment,Theory,Case 2,11.1351351351351,50.6965933991624
Bending moment,Theory,Case 2,11.1471471471471,50.1461412270905
Bending moment,Theory,Case 2,11.1591591591592,49.5913604020413
Bending moment,Theory,Case 2,11.1711711711712,49.0322509240145
Bending moment,Theory,Case 2,11.1831831831832,48.4688127930106
Bending moment,Theory,Case 2,11.1951951951952,47.9010460090297
Bending moment,Theory,Case 2,11.2072072072072,47.3289505720711
Bending moment,Theory,Case 2,11.2192192192192,46.7525264821353
Bending moment,Theory,Case 2,11.2312312312312,46.1717737392224
Bending moment,Theory,Case 2,11.2432432432432,45.5866923433319
Bending moment,Theory,Case 2,11.2552552552553,44.9972822944645
Bending moment,Theory,Case 2,11.2672672672673,44.4035435926195
Bending moment,Theory,Case 2,11.2792792792793,43.8054762377969
Bending moment,Theory,Case 2,11.2912912912913,43.2030802299976
Bending moment,Theory,Case 2,11.3033033033033,42.5963555692208
Bending moment,Theory,Case 2,11.3153153153153,41.9853022554668
Bending moment,Theory,Case 2,11.3273273273273,41.3699202887353
Bending moment,Theory,Case 2,11.3393393393393,40.7502096690263
Bending moment,Theory,Case 2,11.3513513513514,40.1261703963403
Bending moment,Theory,Case 2,11.3633633633634,39.4978024706771
Bending moment,Theory,Case 2,11.3753753753754,38.8651058920366
Bending moment,Theory,Case 2,11.3873873873874,38.2280806604184
Bending moment,Theory,Case 2,11.3993993993994,37.5867267758232
Bending moment,Theory,Case 2,11.4114114114114,36.9410442382507
Bending moment,Theory,Case 2,11.4234234234234,36.2910330477005
Bending moment,Theory,Case 2,11.4354354354354,35.6366932041734
Bending moment,Theory,Case 2,11.4474474474474,34.9780247076689
Bending moment,Theory,Case 2,11.4594594594595,34.3150275581868
Bending moment,Theory,Case 2,11.4714714714715,33.6477017557283
Bending moment,Theory,Case 2,11.4834834834835,32.9760473002917
Bending moment,Theory,Case 2,11.4954954954955,32.3000641918781
Bending moment,Theory,Case 2,11.5075075075075,31.6197524304872
Bending moment,Theory,Case 2,11.5195195195195,30.9351120161188
Bending moment,Theory,Case 2,11.5315315315315,30.2461429487735
Bending moment,Theory,Case 2,11.5435435435435,29.5528452284504
Bending moment,Theory,Case 2,11.5555555555556,28.85521885515
Bending moment,Theory,Case 2,11.5675675675676,28.1532638288725
Bending moment,Theory,Case 2,11.5795795795796,27.4469801496177
Bending moment,Theory,Case 2,11.5915915915916,26.7363678173861
Bending moment,Theory,Case 2,11.6036036036036,26.0214268321763
Bending moment,Theory,Case 2,11.6156156156156,25.3021571939895
Bending moment,Theory,Case 2,11.6276276276276,24.5785589028252
Bending moment,Theory,Case 2,11.6396396396396,23.8506319586844
Bending moment,Theory,Case 2,11.6516516516517,23.1183763615654
Bending moment,Theory,Case 2,11.6636636636637,22.3817921114701
Bending moment,Theory,Case 2,11.6756756756757,21.6408792083967
Bending moment,Theory,Case 2,11.6876876876877,20.8956376523462
Bending moment,Theory,Case 2,11.6996996996997,20.146067443318
Bending moment,Theory,Case 2,11.7117117117117,19.392168581313
Bending moment,Theory,Case 2,11.7237237237237,18.6339410663308
Bending moment,Theory,Case 2,11.7357357357357,17.8713848983713
Bending moment,Theory,Case 2,11.7477477477477,17.1045000774339
Bending moment,Theory,Case 2,11.7597597597598,16.3332866035197
Bending moment,Theory,Case 2,11.7717717717718,15.5577444766278
Bending moment,Theory,Case 2,11.7837837837838,14.7778736967591
Bending moment,Theory,Case 2,11.7957957957958,13.9936742639127
Bending moment,Theory,Case 2,11.8078078078078,13.2051461780893
Bending moment,Theory,Case 2,11.8198198198198,12.4122894392887
Bending moment,Theory,Case 2,11.8318318318318,11.6151040475108
Bending moment,Theory,Case 2,11.8438438438438,10.8135900027545
Bending moment,Theory,Case 2,11.8558558558559,10.0077473050223
Bending moment,Theory,Case 2,11.8678678678679,9.19757595431199
Bending moment,Theory,Case 2,11.8798798798799,8.38307595062535
Bending moment,Theory,Case 2,11.8918918918919,7.56424729396054
Bending moment,Theory,Case 2,11.9039039039039,6.74108998431824
Bending moment,Theory,Case 2,11.9159159159159,5.91360402169917
Bending moment,Theory,Case 2,11.9279279279279,5.08178940610238
Bending moment,Theory,Case 2,11.9399399399399,4.24564613752882
Bending moment,Theory,Case 2,11.951951951952,3.40517421597755
Bending moment,Theory,Case 2,11.963963963964,2.56037364144879
Bending moment,Theory,Case 2,11.975975975976,1.71124441394326
Bending moment,Theory,Case 2,11.987987987988,0.857786533460021
Bending moment,Theory,Case 2,12,0
Bending moment,Theory,Case 3,0,0
Bending moment,Theory,Case 3,0.012012012012012,0.808815403239984
Bending moment,Theory,Case 3,0.024024024024024,1.61330215350267
Bending moment,Theory,Case 3,0.036036036036036,2.41346025078805
Bending moment,Theory,Case 3,0.048048048048048,3.20928969509613
Bending moment,Theory,Case 3,0.0600600600600601,4.00079048642691
Bending moment,Theory,Case 3,0.0720720720720721,4.78796262478038
Bending moment,Theory,Case 3,0.0840840840840841,5.57080611015656
Bending moment,Theory,Case 3,0.0960960960960961,6.34932094255543
Bending moment,Theory,Case 3,0.108108108108108,7.123507121977
Bending moment,Theory,Case 3,0.12012012012012,7.89336464842127
Bending moment,Theory,Case 3,0.132132132132132,8.65889352188824
Bending moment,Theory,Case 3,0.144144144144144,9.4200937423779
Bending moment,Theory,Case 3,0.156156156156156,10.1769653098903
Bending moment,Theory,Case 3,0.168168168168168,10.9295082244253
Bending moment,Theory,Case 3,0.18018018018018,11.6777224859831
Bending moment,Theory,Case 3,0.192192192192192,12.4216080945636
Bending moment,Theory,Case 3,0.204204204204204,13.1611650501667
Bending moment,Theory,Case 3,0.216216216216216,13.8963933527926
Bending moment,Theory,Case 3,0.228228228228228,14.6272930024411
Bending moment,Theory,Case 3,0.24024024024024,15.3538639991124
Bending moment,Theory,Case 3,0.252252252252252,16.0761063428063
Bending moment,Theory,Case 3,0.264264264264264,16.794020033523
Bending moment,Theory,Case 3,0.276276276276276,17.5076050712623
Bending moment,Theory,Case 3,0.288288288288288,18.2168614560244
Bending moment,Theory,Case 3,0.3003003003003,18.9217891878091
Bending moment,Theory,Case 3,0.312312312312312,19.6223882666166
Bending moment,Theory,Case 3,0.324324324324324,20.3186586924467
Bending moment,Theory,Case 3,0.336336336336336,21.0106004652996
Bending moment,Theory,Case 3,0.348348348348348,21.6982135851751
Bending moment,Theory,Case 3,0.36036036036036,22.3814980520733
Bending moment,Theory,Case 3,0.372372372372372,23.0604538659943
Bending moment,Theory,Case 3,0.384384384384384,23.7350810269379
Bending moment,Theory,Case 3,0.396396396396396,24.4053795349042
Bending moment,Theory,Case 3,0.408408408408408,25.0713493898933
Bending moment,Theory,Case 3,0.42042042042042,25.732990591905
Bending moment,Theory,Case 3,0.432432432432432,26.3903031409394
Bending moment,Theory,Case 3,0.444444444444444,27.0432870369965
Bending moment,Theory,Case 3,0.456456456456456,27.6919422800764
Bending moment,Theory,Case 3,0.468468468468468,28.3362688701789
Bending moment,Theory,Case 3,0.48048048048048,28.9762668073041
Bending moment,Theory,Case 3,0.492492492492492,29.611936091452
Bending moment,Theory,Case 3,0.504504504504504,30.2432767226226
Bending moment,Theory,Case 3,0.516516516516517,30.870288700816
Bending moment,Theory,Case 3,0.528528528528528,31.492972026032
Bending moment,Theory,Case 3,0.540540540540541,32.1113266982707
Bending moment,Theory,Case 3,0.552552552552553,32.7253527175321
Bending moment,Theory,Case 3,0.564564564564565,33.3350500838162
Bending moment,Theory,Case 3,0.576576576576577,33.940418797123
Bending moment,Theory,Case 3,0.588588588588589,34.5414588574525
Bending moment,Theory,Case 3,0.600600600600601,35.1381702648047
Bending moment,Theory,Case 3,0.612612612612613,35.7305530191796
Bending moment,Theory,Case 3,0.624624624624625,36.3186071205772
Bending moment,Theory,Case 3,0.636636636636637,36.9023325689975
Bending moment,Theory,Case 3,0.648648648648649,37.4817293644405
Bending moment,Theory,Case 3,0.660660660660661,38.0567975069062
Bending moment,Theory,Case 3,0.672672672672673,38.6275369963946
Bending moment,Theory,Case 3,0.684684684684685,39.1939478329057
Bending moment,Theory,Case 3,0.696696696696697,39.7560300164395
Bending moment,Theory,Case 3,0.708708708708709,40.313783546996
Bending moment,Theory,Case 3,0.720720720720721,40.8672084245752
Bending moment,Theory,Case 3,0.732732732732733,41.4163046491771
Bending moment,Theory,Case 3,0.744744744744745,41.9610722208017
Bending moment,Theory,Case 3,0.756756756756757,42.5015111394489
Bending moment,Theory,Case 3,0.768768768768769,43.0376214051189
Bending moment,Theory,Case 3,0.780780780780781,43.5694030178116
Bending moment,Theory,Case 3,0.792792792792793,44.096855977527
Bending moment,Theory,Case 3,0.804804804804805,44.6199802842651
Bending moment,Theory,Case 3,0.816816816816817,45.1387759380258
Bending moment,Theory,Case 3,0.828828828828829,45.6532429388093
Bending moment,Theory,Case 3,0.840840840840841,46.1633812866155
Bending moment,Theory,Case 3,0.852852852852853,46.6691909814443
Bending moment,Theory,Case 3,0.864864864864865,47.1706720232959
Bending moment,Theory,Case 3,0.876876876876877,47.6678244121702
Bending moment,Theory,Case 3,0.888888888888889,48.1606481480672
Bending moment,Theory,Case 3,0.900900900900901,48.6491432309868
Bending moment,Theory,Case 3,0.912912912912913,49.1333096609292
Bending moment,Theory,Case 3,0.924924924924925,49.6131474378942
Bending moment,Theory,Case 3,0.936936936936937,50.088656561882
Bending moment,Theory,Case 3,0.948948948948949,50.5598370328925
Bending moment,Theory,Case 3,0.960960960960961,51.0266888509256
Bending moment,Theory,Case 3,0.972972972972973,51.4892120159815
Bending moment,Theory,Case 3,0.984984984984985,51.94740652806
Bending moment,Theory,Case 3,0.996996996996997,52.4012723871613
Bending moment,Theory,Case 3,1.00900900900901,52.8508095932852
Bending moment,Theory,Case 3,1.02102102102102,53.2960181464319
Bending moment,Theory,Case 3,1.03303303303303,53.7368980466012
Bending moment,Theory,Case 3,1.04504504504505,54.1734492937933
Bending moment,Theory,Case 3,1.05705705705706,54.605671888008
Bending moment,Theory,Case 3,1.06906906906907,55.0335658292454
Bending moment,Theory,Case 3,1.08108108108108,55.4571311175056
Bending moment,Theory,Case 3,1.09309309309309,55.8763677527884
Bending moment,Theory,Case 3,1.10510510510511,56.2912757350939
Bending moment,Theory,Case 3,1.11711711711712,56.7018550644222
Bending moment,Theory,Case 3,1.12912912912913,57.1081057407731
Bending moment,Theory,Case 3,1.14114114114114,57.5100277641468
Bending moment,Theory,Case 3,1.15315315315315,57.9076211345431
Bending moment,Theory,Case 3,1.16516516516517,58.3008858519621
Bending moment,Theory,Case 3,1.17717717717718,58.6898219164038
Bending moment,Theory,Case 3,1.18918918918919,59.0744293278683
Bending moment,Theory,Case 3,1.2012012012012,59.4547080863554
Bending moment,Theory,Case 3,1.21321321321321,59.8306581918652
Bending moment,Theory,Case 3,1.22522522522523,60.2022796443977
Bending moment,Theory,Case 3,1.23723723723724,60.5695724439529
Bending moment,Theory,Case 3,1.24924924924925,60.9325365905309
Bending moment,Theory,Case 3,1.26126126126126,61.2911720841315
Bending moment,Theory,Case 3,1.27327327327327,61.6454789247548
Bending moment,Theory,Case 3,1.28528528528529,61.9954571124008
Bending moment,Theory,Case 3,1.2972972972973,62.3411066470695
Bending moment,Theory,Case 3,1.30930930930931,62.6824275287609
Bending moment,Theory,Case 3,1.32132132132132,63.019419757475
Bending moment,Theory,Case 3,1.33333333333333,63.3520833332118
Bending moment,Theory,Case 3,1.34534534534535,63.6804182559714
Bending moment,Theory,Case 3,1.35735735735736,64.0044245257535
Bending moment,Theory,Case 3,1.36936936936937,64.3241021425584
Bending moment,Theory,Case 3,1.38138138138138,64.639451106386
Bending moment,Theory,Case 3,1.39339339339339,64.9504714172363
Bending moment,Theory,Case 3,1.40540540540541,65.2571630751093
Bending moment,Theory,Case 3,1.41741741741742,65.559526080005
Bending moment,Theory,Case 3,1.42942942942943,65.8575604319234
Bending moment,Theory,Case 3,1.44144144144144,66.1512661308645
Bending moment,Theory,Case 3,1.45345345345345,66.4406431768283
Bending moment,Theory,Case 3,1.46546546546547,66.7256915698148
Bending moment,Theory,Case 3,1.47747747747748,67.006411309824
Bending moment,Theory,Case 3,1.48948948948949,67.2828023968559
Bending moment,Theory,Case 3,1.5015015015015,67.5548648309104
Bending moment,Theory,Case 3,1.51351351351351,67.8225986119877
Bending moment,Theory,Case 3,1.52552552552553,68.0860037400877
Bending moment,Theory,Case 3,1.53753753753754,68.3450802152104
Bending moment,Theory,Case 3,1.54954954954955,68.5998280373558
Bending moment,Theory,Case 3,1.56156156156156,68.8502472065238
Bending moment,Theory,Case 3,1.57357357357357,69.0963377227146
Bending moment,Theory,Case 3,1.58558558558559,69.3380995859281
Bending moment,Theory,Case 3,1.5975975975976,69.5755327961643
Bending moment,Theory,Case 3,1.60960960960961,69.8086373534231
Bending moment,Theory,Case 3,1.62162162162162,70.0374132577047
Bending moment,Theory,Case 3,1.63363363363363,70.261860509009
Bending moment,Theory,Case 3,1.64564564564565,70.4819791073359
Bending moment,Theory,Case 3,1.65765765765766,70.6977690526856
Bending moment,Theory,Case 3,1.66966966966967,70.9092303450579
Bending moment,Theory,Case 3,1.68168168168168,71.116362984453
Bending moment,Theory,Case 3,1.69369369369369,71.3191669708708
Bending moment,Theory,Case 3,1.70570570570571,71.5176423043112
Bending moment,Theory,Case 3,1.71771771771772,71.7117889847743
Bending moment,Theory,Case 3,1.72972972972973,71.9016070122602
Bending moment,Theory,Case 3,1.74174174174174,72.0870963867687
Bending moment,Theory,Case 3,1.75375375375375,72.2682571083
Bending moment,Theory,Case 3,1.76576576576577,72.4450891768539
Bending moment,Theory,Case 3,1.77777777777778,72.6175925924306
Bending moment,Theory,Case 3,1.78978978978979,72.7857673550299
Bending moment,Theory,Case 3,1.8018018018018,72.949613464652
Bending moment,Theory,Case 3,1.81381381381381,73.1091309212967
Bending moment,Theory,Case 3,1.82582582582583,73.2643197249642
Bending moment,Theory,Case 3,1.83783783783784,73.4151798756543
Bending moment,Theory,Case 3,1.84984984984985,73.5617113733671
Bending moment,Theory,Case 3,1.86186186186186,73.7039142181027
Bending moment,Theory,Case 3,1.87387387387387,73.8417884098609
Bending moment,Theory,Case 3,1.88588588588589,73.9753339486418
Bending moment,Theory,Case 3,1.8978978978979,74.1045508344455
Bending moment,Theory,Case 3,1.90990990990991,74.2294390672718
Bending moment,Theory,Case 3,1.92192192192192,74.3499986471208
Bending moment,Theory,Case 3,1.93393393393393,74.4662295739925
Bending moment,Theory,Case 3,1.94594594594595,74.578131847887
Bending moment,Theory,Case 3,1.95795795795796,74.6857054688041
Bending moment,Theory,Case 3,1.96996996996997,74.7889504367439
Bending moment,Theory,Case 3,1.98198198198198,74.8878667517064
Bending moment,Theory,Case 3,1.99399399399399,74.9824544136916
Bending moment,Theory,Case 3,2.00600600600601,75.0727134226996
Bending moment,Theory,Case 3,2.01801801801802,75.1586437787302
Bending moment,Theory,Case 3,2.03003003003003,75.2402454817835
Bending moment,Theory,Case 3,2.04204204204204,75.3175185318595
Bending moment,Theory,Case 3,2.05405405405405,75.3904629289582
Bending moment,Theory,Case 3,2.06606606606607,75.4590786730796
Bending moment,Theory,Case 3,2.07807807807808,75.5233657642237
Bending moment,Theory,Case 3,2.09009009009009,75.5833242023905
Bending moment,Theory,Case 3,2.1021021021021,75.63895398758
Bending moment,Theory,Case 3,2.11411411411411,75.6902551197922
Bending moment,Theory,Case 3,2.12612612612613,75.7372275990271
Bending moment,Theory,Case 3,2.13813813813814,75.7798714252847
Bending moment,Theory,Case 3,2.15015015015015,75.818186598565
Bending moment,Theory,Case 3,2.16216216216216,75.852173118868
Bending moment,Theory,Case 3,2.17417417417417,75.8818309861937
Bending moment,Theory,Case 3,2.18618618618619,75.9071602005421
Bending moment,Theory,Case 3,2.1981981981982,75.9281607619131
Bending moment,Theory,Case 3,2.21021021021021,75.944832670307
Bending moment,Theory,Case 3,2.22222222222222,75.9571759257234
Bending moment,Theory,Case 3,2.23423423423423,75.9651905281626
Bending moment,Theory,Case 3,2.24624624624625,75.9688764776245
Bending moment,Theory,Case 3,2.25825825825826,75.9682337741091
Bending moment,Theory,Case 3,2.27027027027027,75.9632624176163
Bending moment,Theory,Case 3,2.28228228228228,75.9539624081463
Bending moment,Theory,Case 3,2.29429429429429,75.940333745699
Bending moment,Theory,Case 3,2.30630630630631,75.9223764302744
Bending moment,Theory,Case 3,2.31831831831832,75.9000904618725
Bending moment,Theory,Case 3,2.33033033033033,75.8734758404932
Bending moment,Theory,Case 3,2.34234234234234,75.8425325661367
Bending moment,Theory,Case 3,2.35435435435435,75.8072606388029
Bending moment,Theory,Case 3,2.36636636636637,75.7676600584917
Bending moment,Theory,Case 3,2.37837837837838,75.7237308252033
Bending moment,Theory,Case 3,2.39039039039039,75.6754729389375
Bending moment,Theory,Case 3,2.4024024024024,75.6228863996945
Bending moment,Theory,Case 3,2.41441441441441,75.5659712074742
Bending moment,Theory,Case 3,2.42642642642643,75.5047273622765
Bending moment,Theory,Case 3,2.43843843843844,75.4391548641016
Bending moment,Theory,Case 3,2.45045045045045,75.3692537129493
Bending moment,Theory,Case 3,2.46246246246246,75.2950239088198
Bending moment,Theory,Case 3,2.47447447447447,75.2164654517129
Bending moment,Theory,Case 3,2.48648648648649,75.1335783416288
Bending moment,Theory,Case 3,2.4984984984985,75.0463625785673
Bending moment,Theory,Case 3,2.51051051051051,74.9548181625286
Bending moment,Theory,Case 3,2.52252252252252,74.8589450935125
Bending moment,Theory,Case 3,2.53453453453453,74.7587433715192
Bending moment,Theory,Case 3,2.54654654654655,74.6542129965485
Bending moment,Theory,Case 3,2.55855855855856,74.5453539686006
Bending moment,Theory,Case 3,2.57057057057057,74.4321662876753
Bending moment,Theory,Case 3,2.58258258258258,74.3146499537727
Bending moment,Theory,Case 3,2.59459459459459,74.1928049668928
Bending moment,Theory,Case 3,2.60660660660661,74.0666313270357
Bending moment,Theory,Case 3,2.61861861861862,73.9361290342012
Bending moment,Theory,Case 3,2.63063063063063,73.8012980883894
Bending moment,Theory,Case 3,2.64264264264264,73.6621384896004
Bending moment,Theory,Case 3,2.65465465465465,73.518650237834
Bending moment,Theory,Case 3,2.66666666666667,73.3708333330903
Bending moment,Theory,Case 3,2.67867867867868,73.2186877753694
Bending moment,Theory,Case 3,2.69069069069069,73.0622135646711
Bending moment,Theory,Case 3,2.7027027027027,72.9014107009955
Bending moment,Theory,Case 3,2.71471471471471,72.7362791843426
Bending moment,Theory,Case 3,2.72672672672673,72.5668190147125
Bending moment,Theory,Case 3,2.73873873873874,72.3930301921049
Bending moment,Theory,Case 3,2.75075075075075,72.2149127165202
Bending moment,Theory,Case 3,2.76276276276276,72.0324665879581
Bending moment,Theory,Case 3,2.77477477477477,71.8456918064187
Bending moment,Theory,Case 3,2.78678678678679,71.654588371902
Bending moment,Theory,Case 3,2.7987987987988,71.459156284408
Bending moment,Theory,Case 3,2.81081081081081,71.2593955439367
Bending moment,Theory,Case 3,2.82282282282282,71.0553061504881
Bending moment,Theory,Case 3,2.83483483483483,70.8468881040622
Bending moment,Theory,Case 3,2.84684684684685,70.634141404659
Bending moment,Theory,Case 3,2.85885885885886,70.4170660522785
Bending moment,Theory,Case 3,2.87087087087087,70.1956620469207
Bending moment,Theory,Case 3,2.88288288288288,69.9699293885856
Bending moment,Theory,Case 3,2.89489489489489,69.7398680772732
Bending moment,Theory,Case 3,2.90690690690691,69.5054781129835
Bending moment,Theory,Case 3,2.91891891891892,69.2667594957165
Bending moment,Theory,Case 3,2.93093093093093,69.0237122254722
Bending moment,Theory,Case 3,2.94294294294294,68.7763363022506
Bending moment,Theory,Case 3,2.95495495495495,68.5246317260517
Bending moment,Theory,Case 3,2.96696696696697,68.2685984968754
Bending moment,Theory,Case 3,2.97897897897898,68.0082366147219
Bending moment,Theory,Case 3,2.99099099099099,67.7435460795911
Bending moment,Theory,Case 3,3.003003003003,67.474526891483
Bending moment,Theory,Case 3,3.01501501501502,67.2011790503976
Bending moment,Theory,Case 3,3.02702702702703,66.9235025563348
Bending moment,Theory,Case 3,3.03903903903904,66.6414974092948
Bending moment,Theory,Case 3,3.05105105105105,66.3551636092775
Bending moment,Theory,Case 3,3.06306306306306,66.0645011562829
Bending moment,Theory,Case 3,3.07507507507508,65.7695100503109
Bending moment,Theory,Case 3,3.08708708708709,65.4701902913617
Bending moment,Theory,Case 3,3.0990990990991,65.1665418794352
Bending moment,Theory,Case 3,3.11111111111111,64.8585648145313
Bending moment,Theory,Case 3,3.12312312312312,64.5462590966502
Bending moment,Theory,Case 3,3.13513513513514,64.2296247257917
Bending moment,Theory,Case 3,3.14714714714715,63.908661701956
Bending moment,Theory,Case 3,3.15915915915916,63.583370025143
Bending moment,Theory,Case 3,3.17117117117117,63.2537496953526
Bending moment,Theory,Case 3,3.18318318318318,62.919800712585
Bending moment,Theory,Case 3,3.1951951951952,62.58152307684
Bending moment,Theory,Case 3,3.20720720720721,62.2389167881178
Bending moment,Theory,Case 3,3.21921921921922,61.8919818464182
Bending moment,Theory,Case 3,3.23123123123123,61.5407182517414
Bending moment,Theory,Case 3,3.24324324324324,61.1851260040872
Bending moment,Theory,Case 3,3.25525525525526,60.8252051034558
Bending moment,Theory,Case 3,3.26726726726727,60.460955549847
Bending moment,Theory,Case 3,3.27927927927928,60.0923773432609
Bending moment,Theory,Case 3,3.29129129129129,59.7194704836976
Bending moment,Theory,Case 3,3.3033033033033,59.342234971157
Bending moment,Theory,Case 3,3.31531531531532,58.960670805639
Bending moment,Theory,Case 3,3.32732732732733,58.5747779871437
Bending moment,Theory,Case 3,3.33933933933934,58.1845565156711
Bending moment,Theory,Case 3,3.35135135135135,57.7900063912213
Bending moment,Theory,Case 3,3.36336336336336,57.3911276137941
Bending moment,Theory,Case 3,3.37537537537538,56.9879201833896
Bending moment,Theory,Case 3,3.38738738738739,56.5803841000079
Bending moment,Theory,Case 3,3.3993993993994,56.1685193636488
Bending moment,Theory,Case 3,3.41141141141141,55.7523259743124
Bending moment,Theory,Case 3,3.42342342342342,55.3318039319987
Bending moment,Theory,Case 3,3.43543543543544,54.9069532367078
Bending moment,Theory,Case 3,3.44744744744745,54.4777738884395
Bending moment,Theory,Case 3,3.45945945945946,54.0442658871939
Bending moment,Theory,Case 3,3.47147147147147,53.606429232971
Bending moment,Theory,Case 3,3.48348348348348,53.1642639257708
Bending moment,Theory,Case 3,3.4954954954955,52.7177699655933
Bending moment,Theory,Case 3,3.50750750750751,52.2669473524386
Bending moment,Theory,Case 3,3.51951951951952,51.8117960863064
Bending moment,Theory,Case 3,3.53153153153153,51.3523161671971
Bending moment,Theory,Case 3,3.54354354354354,50.8885075951103
Bending moment,Theory,Case 3,3.55555555555556,50.4203703700464
Bending moment,Theory,Case 3,3.56756756756757,49.9479044920051
Bending moment,Theory,Case 3,3.57957957957958,49.4711099609865
Bending moment,Theory,Case 3,3.59159159159159,48.9899867769906
Bending moment,Theory,Case 3,3.6036036036036,48.5045349400174
Bending moment,Theory,Case 3,3.61561561561562,48.0147544500669
Bending moment,Theory,Case 3,3.62762762762763,47.5206453071391
Bending moment,Theory,Case 3,3.63963963963964,47.022207511234
Bending moment,Theory,Case 3,3.65165165165165,46.5194410623515
Bending moment,Theory,Case 3,3.66366366366366,46.0123459604918
Bending moment,Theory,Case 3,3.67567567567568,45.5009222056548
Bending moment,Theory,Case 3,3.68768768768769,44.9851697978405
Bending moment,Theory,Case 3,3.6996996996997,44.4650887370489
Bending moment,Theory,Case 3,3.71171171171171,43.94067902328
Bending moment,Theory,Case 3,3.72372372372372,43.4119406565338
Bending moment,Theory,Case 3,3.73573573573574,42.8788736368102
Bending moment,Theory,Case 3,3.74774774774775,42.3414779641094
Bending moment,Theory,Case 3,3.75975975975976,41.7997536384313
Bending moment,Theory,Case 3,3.77177177177177,41.2537006597759
Bending moment,Theory,Case 3,3.78378378378378,40.7033190281431
Bending moment,Theory,Case 3,3.7957957957958,40.1486087435331
Bending moment,Theory,Case 3,3.80780780780781,39.5895698059458
Bending moment,Theory,Case 3,3.81981981981982,39.0262022153812
Bending moment,Theory,Case 3,3.83183183183183,38.4585059718392
Bending moment,Theory,Case 3,3.84384384384384,37.88648107532
Bending moment,Theory,Case 3,3.85585585585586,37.3101275258235
Bending moment,Theory,Case 3,3.86786786786787,36.7294453233496
Bending moment,Theory,Case 3,3.87987987987988,36.1444344678985
Bending moment,Theory,Case 3,3.89189189189189,35.5550949594701
Bending moment,Theory,Case 3,3.9039039039039,34.9614267980643
Bending moment,Theory,Case 3,3.91591591591592,34.3634299836813
Bending moment,Theory,Case 3,3.92792792792793,33.7611045163209
Bending moment,Theory,Case 3,3.93993993993994,33.1544503959833
Bending moment,Theory,Case 3,3.95195195195195,32.5434676226683
Bending moment,Theory,Case 3,3.96396396396396,31.928156196376
Bending moment,Theory,Case 3,3.97597597597598,31.3085161171065
Bending moment,Theory,Case 3,3.98798798798799,30.6845473848597
Bending moment,Theory,Case 3,4,30.0562499996355
Bending moment,Theory,Case 3,4.01201201201201,29.4236239614341
Bending moment,Theory,Case 3,4.02402402402402,28.7866692702553
Bending moment,Theory,Case 3,4.03603603603604,28.1453859260992
Bending moment,Theory,Case 3,4.04804804804805,27.4997739289659
Bending moment,Theory,Case 3,4.06006006006006,26.8498332788552
Bending moment,Theory,Case 3,4.07207207207207,26.1955639757673
Bending moment,Theory,Case 3,4.08408408408408,25.536966019702
Bending moment,Theory,Case 3,4.0960960960961,24.8740394106594
Bending moment,Theory,Case 3,4.10810810810811,24.2067841486395
Bending moment,Theory,Case 3,4.12012012012012,23.5352002336423
Bending moment,Theory,Case 3,4.13213213213213,22.8592876656679
Bending moment,Theory,Case 3,4.14414414414414,22.1790464447161
Bending moment,Theory,Case 3,4.15615615615616,21.4944765707871
Bending moment,Theory,Case 3,4.16816816816817,20.8055780438807
Bending moment,Theory,Case 3,4.18018018018018,20.112350863997
Bending moment,Theory,Case 3,4.19219219219219,19.414795031136
Bending moment,Theory,Case 3,4.2042042042042,18.7129105452977
Bending moment,Theory,Case 3,4.21621621621622,18.0066974064822
Bending moment,Theory,Case 3,4.22822822822823,17.2961556146893
Bending moment,Theory,Case 3,4.24024024024024,16.581285169919
Bending moment,Theory,Case 3,4.25225225225225,15.8620860721715
Bending moment,Theory,Case 3,4.26426426426426,15.1385583214468
Bending moment,Theory,Case 3,4.27627627627628,14.4107019177446
Bending moment,Theory,Case 3,4.28828828828829,13.6785168610653
Bending moment,Theory,Case 3,4.3003003003003,12.9420031514086
Bending moment,Theory,Case 3,4.31231231231231,12.2011607887745
Bending moment,Theory,Case 3,4.32432432432432,11.4559897731633
Bending moment,Theory,Case 3,4.33633633633634,10.7064901045747
Bending moment,Theory,Case 3,4.34834834834835,9.95266178300878
Bending moment,Theory,Case 3,4.36036036036036,9.1945048084656
Bending moment,Theory,Case 3,4.37237237237237,8.43201918094506
Bending moment,Theory,Case 3,4.38438438438438,7.66520490044722
Bending moment,Theory,Case 3,4.3963963963964,6.89406196697213
Bending moment,Theory,Case 3,4.40840840840841,6.11859038051974
Bending moment,Theory,Case 3,4.42042042042042,5.33879014109005
Bending moment,Theory,Case 3,4.43243243243243,4.55466124868306
Bending moment,Theory,Case 3,4.44444444444444,3.76620370329864
Bending moment,Theory,Case 3,4.45645645645646,2.97341750493704
Bending moment,Theory,Case 3,4.46846846846847,2.17630265359819
Bending moment,Theory,Case 3,4.48048048048048,1.37485914928198
Bending moment,Theory,Case 3,4.49249249249249,0.569086991988472
Bending moment,Theory,Case 3,4.5045045045045,-0.241013818282401
Bending moment,Theory,Case 3,4.51651651651652,-1.05544328153058
Bending moment,Theory,Case 3,4.52852852852853,-1.87420139775588
Bending moment,Theory,Case 3,4.54054054054054,-2.69728816695866
Bending moment,Theory,Case 3,4.55255255255255,-3.52470358913869
Bending moment,Theory,Case 3,4.56456456456456,-4.35644766429602
Bending moment,Theory,Case 3,4.57657657657658,-5.19252039243066
Bending moment,Theory,Case 3,4.58858858858859,-6.03292177354259
Bending moment,Theory,Case 3,4.6006006006006,-6.87765180763183
Bending moment,Theory,Case 3,4.61261261261261,-7.72671049469837
Bending moment,Theory,Case 3,4.62462462462462,-8.58009783474222
Bending moment,Theory,Case 3,4.63663663663664,-9.43781382776337
Bending moment,Theory,Case 3,4.64864864864865,-10.2998584737618
Bending moment,Theory,Case 3,4.66066066066066,-11.1662317727375
Bending moment,Theory,Case 3,4.67267267267267,-12.0369337246906
Bending moment,Theory,Case 3,4.68468468468468,-12.9119643296209
Bending moment,Theory,Case 3,4.6966966966967,-13.7913235875286
Bending moment,Theory,Case 3,4.70870870870871,-14.6750114984135
Bending moment,Theory,Case 3,4.72072072072072,-15.5630280622758
Bending moment,Theory,Case 3,4.73273273273273,-16.4553732791154
Bending moment,Theory,Case 3,4.74474474474474,-17.3520471489322
Bending moment,Theory,Case 3,4.75675675675676,-18.2530496717264
Bending moment,Theory,Case 3,4.76876876876877,-19.1583808474978
Bending moment,Theory,Case 3,4.78078078078078,-20.0680406762466
Bending moment,Theory,Case 3,4.79279279279279,-20.9820291579727
Bending moment,Theory,Case 3,4.8048048048048,-21.900346292676
Bending moment,Theory,Case 3,4.81681681681682,-22.8229920803567
Bending moment,Theory,Case 3,4.82882882882883,-23.7499665210146
Bending moment,Theory,Case 3,4.84084084084084,-24.6812696146499
Bending moment,Theory,Case 3,4.85285285285285,-25.6169013612625
Bending moment,Theory,Case 3,4.86486486486486,-26.5568617608523
Bending moment,Theory,Case 3,4.87687687687688,-27.5011508134195
Bending moment,Theory,Case 3,4.88888888888889,-28.449768518964
Bending moment,Theory,Case 3,4.9009009009009,-29.4027148774858
Bending moment,Theory,Case 3,4.91291291291291,-30.3599898889848
Bending moment,Theory,Case 3,4.92492492492492,-31.3215935534613
Bending moment,Theory,Case 3,4.93693693693694,-32.287525870915
Bending moment,Theory,Case 3,4.94894894894895,-33.257786841346
Bending moment,Theory,Case 3,4.96096096096096,-34.2323764647542
Bending moment,Theory,Case 3,4.97297297297297,-35.2112947411397
Bending moment,Theory,Case 3,4.98498498498498,-36.1945416705027
Bending moment,Theory,Case 3,4.996996996997,-37.1821172528429
Bending moment,Theory,Case 3,5.00900900900901,-38.1740214881604
Bending moment,Theory,Case 3,5.02102102102102,-39.1702543764551
Bending moment,Theory,Case 3,5.03303303303303,-40.1708159177272
Bending moment,Theory,Case 3,5.04504504504505,-41.1757061119766
Bending moment,Theory,Case 3,5.05705705705706,-42.1849249592033
Bending moment,Theory,Case 3,5.06906906906907,-43.1984724594074
Bending moment,Theory,Case 3,5.08108108108108,-44.2163486125886
Bending moment,Theory,Case 3,5.09309309309309,-45.2385534187472
Bending moment,Theory,Case 3,5.10510510510511,-46.2650868778831
Bending moment,Theory,Case 3,5.11711711711712,-47.2959489899963
Bending moment,Theory,Case 3,5.12912912912913,-48.3311397550869
Bending moment,Theory,Case 3,5.14114114114114,-49.3706591731547
Bending moment,Theory,Case 3,5.15315315315315,-50.4145072441997
Bending moment,Theory,Case 3,5.16516516516517,-51.4626839682222
Bending moment,Theory,Case 3,5.17717717717718,-52.5151893452219
Bending moment,Theory,Case 3,5.18918918918919,-53.572023375199
Bending moment,Theory,Case 3,5.2012012012012,-54.6331860581532
Bending moment,Theory,Case 3,5.21321321321321,-55.6986773940849
Bending moment,Theory,Case 3,5.22522522522523,-56.7684973829938
Bending moment,Theory,Case 3,5.23723723723724,-57.84264602488
Bending moment,Theory,Case 3,5.24924924924925,-58.9211233197436
Bending moment,Theory,Case 3,5.26126126126126,-60.0039292675844
Bending moment,Theory,Case 3,5.27327327327327,-61.0910638684024
Bending moment,Theory,Case 3,5.28528528528529,-62.1825271221979
Bending moment,Theory,Case 3,5.2972972972973,-63.2783190289707
Bending moment,Theory,Case 3,5.30930930930931,-64.3784395887207
Bending moment,Theory,Case 3,5.32132132132132,-65.482888801448
Bending moment,Theory,Case 3,5.33333333333333,-66.5916666671527
Bending moment,Theory,Case 3,5.34534534534535,-67.7047731858346
Bending moment,Theory,Case 3,5.35735735735736,-68.8222083574939
Bending moment,Theory,Case 3,5.36936936936937,-69.9439721821304
Bending moment,Theory,Case 3,5.38138138138138,-71.0700646597442
Bending moment,Theory,Case 3,5.39339339339339,-72.2004857903353
Bending moment,Theory,Case 3,5.40540540540541,-73.3352355739038
Bending moment,Theory,Case 3,5.41741741741742,-74.4743140104496
Bending moment,Theory,Case 3,5.42942942942943,-75.6177210999726
Bending moment,Theory,Case 3,5.44144144144144,-76.765456842473
Bending moment,Theory,Case 3,5.45345345345345,-77.9175212379505
Bending moment,Theory,Case 3,5.46546546546547,-79.0739142864055
Bending moment,Theory,Case 3,5.47747747747748,-80.2346359878379
Bending moment,Theory,Case 3,5.48948948948949,-81.3996863422474
Bending moment,Theory,Case 3,5.5015015015015,-82.5690653496343
Bending moment,Theory,Case 3,5.51351351351351,-83.7427730099983
Bending moment,Theory,Case 3,5.52552552552553,-84.9208093233398
Bending moment,Theory,Case 3,5.53753753753754,-86.1031742896586
Bending moment,Theory,Case 3,5.54954954954955,-87.2898679089547
Bending moment,Theory,Case 3,5.56156156156156,-88.4808901812281
Bending moment,Theory,Case 3,5.57357357357357,-89.6762411064787
Bending moment,Theory,Case 3,5.58558558558559,-90.8759206847067
Bending moment,Theory,Case 3,5.5975975975976,-92.079928915912
Bending moment,Theory,Case 3,5.60960960960961,-93.2882658000946
Bending moment,Theory,Case 3,5.62162162162162,-94.5009313372545
Bending moment,Theory,Case 3,5.63363363363363,-95.7179255273915
Bending moment,Theory,Case 3,5.64564564564565,-96.939248370506
Bending moment,Theory,Case 3,5.65765765765766,-98.1648998665978
Bending moment,Theory,Case 3,5.66966966966967,-99.3948800156669
Bending moment,Theory,Case 3,5.68168168168168,-100.629188817713
Bending moment,Theory,Case 3,5.69369369369369,-101.867826272737
Bending moment,Theory,Case 3,5.70570570570571,-103.110792380738
Bending moment,Theory,Case 3,5.71771771771772,-104.358087141716
Bending moment,Theory,Case 3,5.72972972972973,-105.609710555672
Bending moment,Theory,Case 3,5.74174174174174,-106.865662622605
Bending moment,Theory,Case 3,5.75375375375375,-108.125943342515
Bending moment,Theory,Case 3,5.76576576576577,-109.390552715402
Bending moment,Theory,Case 3,5.77777777777778,-110.659490741267
Bending moment,Theory,Case 3,5.78978978978979,-111.932757420109
Bending moment,Theory,Case 3,5.8018018018018,-113.210352751929
Bending moment,Theory,Case 3,5.81381381381381,-114.492276736726
Bending moment,Theory,Case 3,5.82582582582583,-115.778529374499
Bending moment,Theory,Case 3,5.83783783783784,-117.069110665251
Bending moment,Theory,Case 3,5.84984984984985,-118.364020608979
Bending moment,Theory,Case 3,5.86186186186186,-119.663259205685
Bending moment,Theory,Case 3,5.87387387387387,-120.966826455369
Bending moment,Theory,Case 3,5.88588588588589,-122.274722358029
Bending moment,Theory,Case 3,5.8978978978979,-123.586946913667
Bending moment,Theory,Case 3,5.90990990990991,-124.903500122282
Bending moment,Theory,Case 3,5.92192192192192,-126.224381983874
Bending moment,Theory,Case 3,5.93393393393393,-127.549592498444
Bending moment,Theory,Case 3,5.94594594594595,-128.879131665991
Bending moment,Theory,Case 3,5.95795795795796,-130.212999486515
Bending moment,Theory,Case 3,5.96996996996997,-131.551195960017
Bending moment,Theory,Case 3,5.98198198198198,-132.893721086496
Bending moment,Theory,Case 3,5.99399399399399,-134.240574865952
Bending moment,Theory,Case 3,6.00600600600601,-134.240574865952
Bending moment,Theory,Case 3,6.01801801801802,-132.893721086496
Bending moment,Theory,Case 3,6.03003003003003,-131.551195960017
Bending moment,Theory,Case 3,6.04204204204204,-130.212999486515
Bending moment,Theory,Case 3,6.05405405405405,-128.879131665991
Bending moment,Theory,Case 3,6.06606606606607,-127.549592498444
Bending moment,Theory,Case 3,6.07807807807808,-126.224381983874
Bending moment,Theory,Case 3,6.09009009009009,-124.903500122282
Bending moment,Theory,Case 3,6.1021021021021,-123.586946913667
Bending moment,Theory,Case 3,6.11411411411411,-122.274722358029
Bending moment,Theory,Case 3,6.12612612612613,-120.966826455368
Bending moment,Theory,Case 3,6.13813813813814,-119.663259205685
Bending moment,Theory,Case 3,6.15015015015015,-118.364020608979
Bending moment,Theory,Case 3,6.16216216216216,-117.069110665251
Bending moment,Theory,Case 3,6.17417417417417,-115.778529374499
Bending moment,Theory,Case 3,6.18618618618619,-114.492276736725
Bending moment,Theory,Case 3,6.1981981981982,-113.210352751929
Bending moment,Theory,Case 3,6.21021021021021,-111.932757420109
Bending moment,Theory,Case 3,6.22222222222222,-110.659490741267
Bending moment,Theory,Case 3,6.23423423423423,-109.390552715402
Bending moment,Theory,Case 3,6.24624624624625,-108.125943342515
Bending moment,Theory,Case 3,6.25825825825826,-106.865662622605
Bending moment,Theory,Case 3,6.27027027027027,-105.609710555672
Bending moment,Theory,Case 3,6.28228228228228,-104.358087141716
Bending moment,Theory,Case 3,6.29429429429429,-103.110792380738
Bending moment,Theory,Case 3,6.30630630630631,-101.867826272737
Bending moment,Theory,Case 3,6.31831831831832,-100.629188817713
Bending moment,Theory,Case 3,6.33033033033033,-99.3948800156668
Bending moment,Theory,Case 3,6.34234234234234,-98.1648998665979
Bending moment,Theory,Case 3,6.35435435435435,-96.9392483705061
Bending moment,Theory,Case 3,6.36636636636637,-95.7179255273916
Bending moment,Theory,Case 3,6.37837837837838,-94.5009313372545
Bending moment,Theory,Case 3,6.39039039039039,-93.2882658000945
Bending moment,Theory,Case 3,6.4024024024024,-92.0799289159119
Bending moment,Theory,Case 3,6.41441441441441,-90.8759206847067
Bending moment,Theory,Case 3,6.42642642642643,-89.6762411064788
Bending moment,Theory,Case 3,6.43843843843844,-88.4808901812281
Bending moment,Theory,Case 3,6.45045045045045,-87.2898679089547
Bending moment,Theory,Case 3,6.46246246246246,-86.1031742896585
Bending moment,Theory,Case 3,6.47447447447447,-84.9208093233399
Bending moment,Theory,Case 3,6.48648648648649,-83.7427730099984
Bending moment,Theory,Case 3,6.4984984984985,-82.5690653496342
Bending moment,Theory,Case 3,6.51051051051051,-81.3996863422473
Bending moment,Theory,Case 3,6.52252252252252,-80.2346359878378
Bending moment,Theory,Case 3,6.53453453453453,-79.0739142864055
Bending moment,Theory,Case 3,6.54654654654655,-77.9175212379506
Bending moment,Theory,Case 3,6.55855855855856,-76.765456842473
Bending moment,Theory,Case 3,6.57057057057057,-75.6177210999727
Bending moment,Theory,Case 3,6.58258258258258,-74.4743140104495
Bending moment,Theory,Case 3,6.59459459459459,-73.3352355739037
Bending moment,Theory,Case 3,6.60660660660661,-72.2004857903353
Bending moment,Theory,Case 3,6.61861861861862,-71.0700646597444
Bending moment,Theory,Case 3,6.63063063063063,-69.9439721821304
Bending moment,Theory,Case 3,6.64264264264264,-68.8222083574938
Bending moment,Theory,Case 3,6.65465465465465,-67.7047731858345
Bending moment,Theory,Case 3,6.66666666666667,-66.5916666671526
Bending moment,Theory,Case 3,6.67867867867868,-65.4828888014481
Bending moment,Theory,Case 3,6.69069069069069,-64.3784395887207
Bending moment,Theory,Case 3,6.7027027027027,-63.2783190289706
Bending moment,Theory,Case 3,6.71471471471471,-62.182527122198
Bending moment,Theory,Case 3,6.72672672672673,-61.0910638684024
Bending moment,Theory,Case 3,6.73873873873874,-60.0039292675844
Bending moment,Theory,Case 3,6.75075075075075,-58.9211233197436
Bending moment,Theory,Case 3,6.76276276276276,-57.84264602488
Bending moment,Theory,Case 3,6.77477477477477,-56.7684973829938
Bending moment,Theory,Case 3,6.78678678678679,-55.6986773940848
Bending moment,Theory,Case 3,6.7987987987988,-54.6331860581532
Bending moment,Theory,Case 3,6.81081081081081,-53.572023375199
Bending moment,Theory,Case 3,6.82282282282282,-52.5151893452219
Bending moment,Theory,Case 3,6.83483483483483,-51.4626839682222
Bending moment,Theory,Case 3,6.84684684684685,-50.4145072441998
Bending moment,Theory,Case 3,6.85885885885886,-49.3706591731546
Bending moment,Theory,Case 3,6.87087087087087,-48.3311397550869
Bending moment,Theory,Case 3,6.88288288288288,-47.2959489899964
Bending moment,Theory,Case 3,6.89489489489489,-46.2650868778832
Bending moment,Theory,Case 3,6.90690690690691,-45.2385534187472
Bending moment,Theory,Case 3,6.91891891891892,-44.2163486125887
Bending moment,Theory,Case 3,6.93093093093093,-43.1984724594073
Bending moment,Theory,Case 3,6.94294294294294,-42.1849249592034
Bending moment,Theory,Case 3,6.95495495495495,-41.1757061119767
Bending moment,Theory,Case 3,6.96696696696697,-40.1708159177272
Bending moment,Theory,Case 3,6.97897897897898,-39.1702543764552
Bending moment,Theory,Case 3,6.99099099099099,-38.1740214881604
Bending moment,Theory,Case 3,7.003003003003,-37.1821172528429
Bending moment,Theory,Case 3,7.01501501501502,-36.1945416705027
Bending moment,Theory,Case 3,7.02702702702703,-35.2112947411398
Bending moment,Theory,Case 3,7.03903903903904,-34.2323764647543
Bending moment,Theory,Case 3,7.05105105105105,-33.2577868413459
Bending moment,Theory,Case 3,7.06306306306306,-32.2875258709149
Bending moment,Theory,Case 3,7.07507507507508,-31.3215935534612
Bending moment,Theory,Case 3,7.08708708708709,-30.3599898889849
Bending moment,Theory,Case 3,7.0990990990991,-29.4027148774857
Bending moment,Theory,Case 3,7.11111111111111,-28.449768518964
Bending moment,Theory,Case 3,7.12312312312312,-27.5011508134195
Bending moment,Theory,Case 3,7.13513513513514,-26.5568617608524
Bending moment,Theory,Case 3,7.14714714714715,-25.6169013612624
Bending moment,Theory,Case 3,7.15915915915916,-24.6812696146498
Bending moment,Theory,Case 3,7.17117117117117,-23.7499665210148
Bending moment,Theory,Case 3,7.18318318318318,-22.8229920803567
Bending moment,Theory,Case 3,7.1951951951952,-21.9003462926761
Bending moment,Theory,Case 3,7.20720720720721,-20.9820291579726
Bending moment,Theory,Case 3,7.21921921921922,-20.0680406762466
Bending moment,Theory,Case 3,7.23123123123123,-19.1583808474978
Bending moment,Theory,Case 3,7.24324324324324,-18.2530496717264
Bending moment,Theory,Case 3,7.25525525525526,-17.3520471489322
Bending moment,Theory,Case 3,7.26726726726727,-16.4553732791154
Bending moment,Theory,Case 3,7.27927927927928,-15.5630280622757
Bending moment,Theory,Case 3,7.29129129129129,-14.6750114984135
Bending moment,Theory,Case 3,7.3033033033033,-13.7913235875287
Bending moment,Theory,Case 3,7.31531531531532,-12.9119643296209
Bending moment,Theory,Case 3,7.32732732732733,-12.0369337246906
Bending moment,Theory,Case 3,7.33933933933934,-11.1662317727376
Bending moment,Theory,Case 3,7.35135135135135,-10.2998584737617
Bending moment,Theory,Case 3,7.36336336336336,-9.43781382776349
Bending moment,Theory,Case 3,7.37537537537538,-8.58009783474216
Bending moment,Theory,Case 3,7.38738738738739,-7.72671049469837
Bending moment,Theory,Case 3,7.3993993993994,-6.87765180763177
Bending moment,Theory,Case 3,7.41141141141141,-6.03292177354259
Bending moment,Theory,Case 3,7.42342342342342,-5.19252039243071
Bending moment,Theory,Case 3,7.43543543543544,-4.35644766429608
Bending moment,Theory,Case 3,7.44744744744745,-3.52470358913875
Bending moment,Theory,Case 3,7.45945945945946,-2.69728816695861
Bending moment,Theory,Case 3,7.47147147147147,-1.874201397756
Bending moment,Theory,Case 3,7.48348348348348,-1.05544328153052
Bending moment,Theory,Case 3,7.4954954954955,-0.241013818282401
Bending moment,Theory,Case 3,7.50750750750751,0.569086991988472
Bending moment,Theory,Case 3,7.51951951951952,1.37485914928193
Bending moment,Theory,Case 3,7.53153153153153,2.17630265359819
Bending moment,Theory,Case 3,7.54354354354354,2.9734175049371
Bending moment,Theory,Case 3,7.55555555555556,3.7662037032987
Bending moment,Theory,Case 3,7.56756756756757,4.55466124868294
Bending moment,Theory,Case 3,7.57957957957958,5.33879014109005
Bending moment,Theory,Case 3,7.59159159159159,6.11859038051974
Bending moment,Theory,Case 3,7.6036036036036,6.89406196697208
Bending moment,Theory,Case 3,7.61561561561562,7.66520490044722
Bending moment,Theory,Case 3,7.62762762762763,8.43201918094512
Bending moment,Theory,Case 3,7.63963963963964,9.19450480846566
Bending moment,Theory,Case 3,7.65165165165165,9.95266178300878
Bending moment,Theory,Case 3,7.66366366366366,10.7064901045747
Bending moment,Theory,Case 3,7.67567567567568,11.4559897731633
Bending moment,Theory,Case 3,7.68768768768769,12.2011607887745
Bending moment,Theory,Case 3,7.6996996996997,12.9420031514086
Bending moment,Theory,Case 3,7.71171171171171,13.6785168610653
Bending moment,Theory,Case 3,7.72372372372372,14.4107019177446
Bending moment,Theory,Case 3,7.73573573573574,15.1385583214468
Bending moment,Theory,Case 3,7.74774774774775,15.8620860721716
Bending moment,Theory,Case 3,7.75975975975976,16.5812851699191
Bending moment,Theory,Case 3,7.77177177177177,17.2961556146893
Bending moment,Theory,Case 3,7.78378378378378,18.0066974064822
Bending moment,Theory,Case 3,7.7957957957958,18.7129105452977
Bending moment,Theory,Case 3,7.80780780780781,19.414795031136
Bending moment,Theory,Case 3,7.81981981981982,20.1123508639971
Bending moment,Theory,Case 3,7.83183183183183,20.8055780438807
Bending moment,Theory,Case 3,7.84384384384384,21.4944765707871
Bending moment,Theory,Case 3,7.85585585585586,22.1790464447161
Bending moment,Theory,Case 3,7.86786786786787,22.8592876656678
Bending moment,Theory,Case 3,7.87987987987988,23.5352002336425
Bending moment,Theory,Case 3,7.89189189189189,24.2067841486395
Bending moment,Theory,Case 3,7.9039039039039,24.8740394106594
Bending moment,Theory,Case 3,7.91591591591592,25.5369660197019
Bending moment,Theory,Case 3,7.92792792792793,26.1955639757671
Bending moment,Theory,Case 3,7.93993993993994,26.8498332788553
Bending moment,Theory,Case 3,7.95195195195195,27.4997739289658
Bending moment,Theory,Case 3,7.96396396396396,28.1453859260993
Bending moment,Theory,Case 3,7.97597597597598,28.7866692702553
Bending moment,Theory,Case 3,7.98798798798799,29.423623961434
Bending moment,Theory,Case 3,8,30.0562499996355
Bending moment,Theory,Case 3,8.01201201201201,30.6845473848595
Bending moment,Theory,Case 3,8.02402402402402,31.3085161171066
Bending moment,Theory,Case 3,8.03603603603604,31.9281561963761
Bending moment,Theory,Case 3,8.04804804804805,32.5434676226683
Bending moment,Theory,Case 3,8.06006006006006,33.1544503959832
Bending moment,Theory,Case 3,8.07207207207207,33.7611045163209
Bending moment,Theory,Case 3,8.08408408408408,34.3634299836812
Bending moment,Theory,Case 3,8.0960960960961,34.9614267980643
Bending moment,Theory,Case 3,8.10810810810811,35.55509495947
Bending moment,Theory,Case 3,8.12012012012012,36.1444344678984
Bending moment,Theory,Case 3,8.13213213213213,36.7294453233497
Bending moment,Theory,Case 3,8.14414414414414,37.3101275258236
Bending moment,Theory,Case 3,8.15615615615616,37.8864810753199
Bending moment,Theory,Case 3,8.16816816816817,38.4585059718393
Bending moment,Theory,Case 3,8.18018018018018,39.0262022153811
Bending moment,Theory,Case 3,8.19219219219219,39.5895698059457
Bending moment,Theory,Case 3,8.2042042042042,40.148608743533
Bending moment,Theory,Case 3,8.21621621621622,40.7033190281431
Bending moment,Theory,Case 3,8.22822822822823,41.2537006597759
Bending moment,Theory,Case 3,8.24024024024024,41.7997536384312
Bending moment,Theory,Case 3,8.25225225225225,42.3414779641095
Bending moment,Theory,Case 3,8.26426426426426,42.8788736368103
Bending moment,Theory,Case 3,8.27627627627628,43.4119406565336
Bending moment,Theory,Case 3,8.28828828828829,43.9406790232799
Bending moment,Theory,Case 3,8.3003003003003,44.4650887370489
Bending moment,Theory,Case 3,8.31231231231231,44.9851697978405
Bending moment,Theory,Case 3,8.32432432432432,45.5009222056548
Bending moment,Theory,Case 3,8.33633633633634,46.012345960492
Bending moment,Theory,Case 3,8.34834834834835,46.5194410623517
Bending moment,Theory,Case 3,8.36036036036036,47.0222075112339
Bending moment,Theory,Case 3,8.37237237237237,47.5206453071389
Bending moment,Theory,Case 3,8.38438438438438,48.0147544500671
Bending moment,Theory,Case 3,8.3963963963964,48.5045349400175
Bending moment,Theory,Case 3,8.40840840840841,48.9899867769907
Bending moment,Theory,Case 3,8.42042042042042,49.4711099609864
Bending moment,Theory,Case 3,8.43243243243243,49.9479044920051
Bending moment,Theory,Case 3,8.44444444444444,50.4203703700463
Bending moment,Theory,Case 3,8.45645645645646,50.8885075951105
Bending moment,Theory,Case 3,8.46846846846847,51.352316167197
Bending moment,Theory,Case 3,8.48048048048048,51.8117960863063
Bending moment,Theory,Case 3,8.49249249249249,52.2669473524385
Bending moment,Theory,Case 3,8.5045045045045,52.7177699655932
Bending moment,Theory,Case 3,8.51651651651652,53.1642639257708
Bending moment,Theory,Case 3,8.52852852852853,53.606429232971
Bending moment,Theory,Case 3,8.54054054054054,54.044265887194
Bending moment,Theory,Case 3,8.55255255255255,54.4777738884395
Bending moment,Theory,Case 3,8.56456456456456,54.9069532367077
Bending moment,Theory,Case 3,8.57657657657658,55.3318039319989
Bending moment,Theory,Case 3,8.58858858858859,55.7523259743123
Bending moment,Theory,Case 3,8.6006006006006,56.1685193636488
Bending moment,Theory,Case 3,8.61261261261261,56.5803841000079
Bending moment,Theory,Case 3,8.62462462462462,56.9879201833896
Bending moment,Theory,Case 3,8.63663663663664,57.3911276137939
Bending moment,Theory,Case 3,8.64864864864865,57.7900063912213
Bending moment,Theory,Case 3,8.66066066066066,58.1845565156711
Bending moment,Theory,Case 3,8.67267267267267,58.5747779871437
Bending moment,Theory,Case 3,8.68468468468468,58.960670805639
Bending moment,Theory,Case 3,8.6966966966967,59.3422349711568
Bending moment,Theory,Case 3,8.70870870870871,59.7194704836975
Bending moment,Theory,Case 3,8.72072072072072,60.0923773432609
Bending moment,Theory,Case 3,8.73273273273273,60.4609555498471
Bending moment,Theory,Case 3,8.74474474474474,60.8252051034557
Bending moment,Theory,Case 3,8.75675675675676,61.1851260040873
Bending moment,Theory,Case 3,8.76876876876877,61.5407182517413
Bending moment,Theory,Case 3,8.78078078078078,61.8919818464181
Bending moment,Theory,Case 3,8.79279279279279,62.2389167881178
Bending moment,Theory,Case 3,8.8048048048048,62.5815230768399
Bending moment,Theory,Case 3,8.81681681681682,62.9198007125849
Bending moment,Theory,Case 3,8.82882882882883,63.2537496953526
Bending moment,Theory,Case 3,8.84084084084084,63.5833700251429
Bending moment,Theory,Case 3,8.85285285285285,63.9086617019559
Bending moment,Theory,Case 3,8.86486486486486,64.2296247257919
Bending moment,Theory,Case 3,8.87687687687688,64.5462590966501
Bending moment,Theory,Case 3,8.88888888888889,64.8585648145311
Bending moment,Theory,Case 3,8.9009009009009,65.1665418794353
Bending moment,Theory,Case 3,8.91291291291291,65.4701902913616
Bending moment,Theory,Case 3,8.92492492492492,65.769510050311
Bending moment,Theory,Case 3,8.93693693693694,66.0645011562828
Bending moment,Theory,Case 3,8.94894894894895,66.3551636092776
Bending moment,Theory,Case 3,8.96096096096096,66.6414974092948
Bending moment,Theory,Case 3,8.97297297297297,66.9235025563347
Bending moment,Theory,Case 3,8.98498498498498,67.2011790503977
Bending moment,Theory,Case 3,8.996996996997,67.474526891483
Bending moment,Theory,Case 3,9.00900900900901,67.743546079591
Bending moment,Theory,Case 3,9.02102102102102,68.0082366147219
Bending moment,Theory,Case 3,9.03303303303303,68.2685984968754
Bending moment,Theory,Case 3,9.04504504504505,68.5246317260516
Bending moment,Theory,Case 3,9.05705705705706,68.7763363022507
Bending moment,Theory,Case 3,9.06906906906907,69.0237122254723
Bending moment,Theory,Case 3,9.08108108108108,69.2667594957164
Bending moment,Theory,Case 3,9.09309309309309,69.5054781129834
Bending moment,Theory,Case 3,9.10510510510511,69.7398680772732
Bending moment,Theory,Case 3,9.11711711711712,69.9699293885856
Bending moment,Theory,Case 3,9.12912912912913,70.1956620469207
Bending moment,Theory,Case 3,9.14114114114114,70.4170660522785
Bending moment,Theory,Case 3,9.15315315315315,70.6341414046591
Bending moment,Theory,Case 3,9.16516516516517,70.8468881040621
Bending moment,Theory,Case 3,9.17717717717718,71.0553061504881
Bending moment,Theory,Case 3,9.18918918918919,71.2593955439368
Bending moment,Theory,Case 3,9.2012012012012,71.4591562844079
Bending moment,Theory,Case 3,9.21321321321321,71.6545883719021
Bending moment,Theory,Case 3,9.22522522522523,71.8456918064187
Bending moment,Theory,Case 3,9.23723723723724,72.0324665879579
Bending moment,Theory,Case 3,9.24924924924925,72.2149127165201
Bending moment,Theory,Case 3,9.26126126126126,72.393030192105
Bending moment,Theory,Case 3,9.27327327327327,72.5668190147125
Bending moment,Theory,Case 3,9.28528528528529,72.7362791843425
Bending moment,Theory,Case 3,9.2972972972973,72.9014107009954
Bending moment,Theory,Case 3,9.30930930930931,73.0622135646711
Bending moment,Theory,Case 3,9.32132132132132,73.2186877753695
Bending moment,Theory,Case 3,9.33333333333333,73.3708333330902
Bending moment,Theory,Case 3,9.34534534534535,73.5186502378341
Bending moment,Theory,Case 3,9.35735735735736,73.6621384896003
Bending moment,Theory,Case 3,9.36936936936937,73.8012980883896
Bending moment,Theory,Case 3,9.38138138138138,73.9361290342011
Bending moment,Theory,Case 3,9.39339339339339,74.0666313270357
Bending moment,Theory,Case 3,9.40540540540541,74.1928049668927
Bending moment,Theory,Case 3,9.41741741741742,74.3146499537729
Bending moment,Theory,Case 3,9.42942942942943,74.4321662876754
Bending moment,Theory,Case 3,9.44144144144144,74.5453539686006
Bending moment,Theory,Case 3,9.45345345345345,74.6542129965487
Bending moment,Theory,Case 3,9.46546546546547,74.7587433715191
Bending moment,Theory,Case 3,9.47747747747748,74.8589450935128
Bending moment,Theory,Case 3,9.48948948948949,74.9548181625286
Bending moment,Theory,Case 3,9.5015015015015,75.0463625785672
Bending moment,Theory,Case 3,9.51351351351351,75.1335783416287
Bending moment,Theory,Case 3,9.52552552552553,75.2164654517129
Bending moment,Theory,Case 3,9.53753753753754,75.2950239088199
Bending moment,Theory,Case 3,9.54954954954955,75.3692537129493
Bending moment,Theory,Case 3,9.56156156156156,75.4391548641014
Bending moment,Theory,Case 3,9.57357357357357,75.5047273622764
Bending moment,Theory,Case 3,9.58558558558559,75.5659712074741
Bending moment,Theory,Case 3,9.5975975975976,75.6228863996946
Bending moment,Theory,Case 3,9.60960960960961,75.6754729389377
Bending moment,Theory,Case 3,9.62162162162162,75.7237308252034
Bending moment,Theory,Case 3,9.63363363363363,75.7676600584917
Bending moment,Theory,Case 3,9.64564564564565,75.8072606388029
Bending moment,Theory,Case 3,9.65765765765766,75.8425325661369
Bending moment,Theory,Case 3,9.66966966966967,75.8734758404932
Bending moment,Theory,Case 3,9.68168168168168,75.9000904618725
Bending moment,Theory,Case 3,9.69369369369369,75.9223764302745
Bending moment,Theory,Case 3,9.70570570570571,75.940333745699
Bending moment,Theory,Case 3,9.71771771771772,75.9539624081464
Bending moment,Theory,Case 3,9.72972972972973,75.9632624176166
Bending moment,Theory,Case 3,9.74174174174174,75.9682337741091
Bending moment,Theory,Case 3,9.75375375375375,75.9688764776245
Bending moment,Theory,Case 3,9.76576576576577,75.9651905281625
Bending moment,Theory,Case 3,9.77777777777778,75.9571759257236
Bending moment,Theory,Case 3,9.78978978978979,75.9448326703068
Bending moment,Theory,Case 3,9.8018018018018,75.9281607619132
Bending moment,Theory,Case 3,9.81381381381381,75.9071602005422
Bending moment,Theory,Case 3,9.82582582582583,75.8818309861937
Bending moment,Theory,Case 3,9.83783783783784,75.852173118868
Bending moment,Theory,Case 3,9.84984984984985,75.8181865985648
Bending moment,Theory,Case 3,9.86186186186186,75.7798714252847
Bending moment,Theory,Case 3,9.87387387387387,75.737227599027
Bending moment,Theory,Case 3,9.88588588588589,75.6902551197924
Bending moment,Theory,Case 3,9.8978978978979,75.63895398758
Bending moment,Theory,Case 3,9.90990990990991,75.5833242023905
Bending moment,Theory,Case 3,9.92192192192192,75.5233657642237
Bending moment,Theory,Case 3,9.93393393393393,75.4590786730796
Bending moment,Theory,Case 3,9.94594594594595,75.3904629289582
Bending moment,Theory,Case 3,9.95795795795796,75.3175185318596
Bending moment,Theory,Case 3,9.96996996996997,75.2402454817833
Bending moment,Theory,Case 3,9.98198198198198,75.15864377873
Bending moment,Theory,Case 3,9.99399399399399,75.0727134226996
Bending moment,Theory,Case 3,10.006006006006,74.9824544136919
Bending moment,Theory,Case 3,10.018018018018,74.8878667517063
Bending moment,Theory,Case 3,10.03003003003,74.7889504367438
Bending moment,Theory,Case 3,10.042042042042,74.6857054688042
Bending moment,Theory,Case 3,10.0540540540541,74.578131847887
Bending moment,Theory,Case 3,10.0660660660661,74.4662295739927
Bending moment,Theory,Case 3,10.0780780780781,74.3499986471207
Bending moment,Theory,Case 3,10.0900900900901,74.2294390672718
Bending moment,Theory,Case 3,10.1021021021021,74.1045508344454
Bending moment,Theory,Case 3,10.1141141141141,73.9753339486419
Bending moment,Theory,Case 3,10.1261261261261,73.841788409861
Bending moment,Theory,Case 3,10.1381381381381,73.7039142181026
Bending moment,Theory,Case 3,10.1501501501502,73.5617113733671
Bending moment,Theory,Case 3,10.1621621621622,73.4151798756544
Bending moment,Theory,Case 3,10.1741741741742,73.264319724964
Bending moment,Theory,Case 3,10.1861861861862,73.1091309212968
Bending moment,Theory,Case 3,10.1981981981982,72.9496134646519
Bending moment,Theory,Case 3,10.2102102102102,72.7857673550301
Bending moment,Theory,Case 3,10.2222222222222,72.6175925924305
Bending moment,Theory,Case 3,10.2342342342342,72.445089176854
Bending moment,Theory,Case 3,10.2462462462462,72.2682571083001
Bending moment,Theory,Case 3,10.2582582582583,72.0870963867687
Bending moment,Theory,Case 3,10.2702702702703,71.9016070122604
Bending moment,Theory,Case 3,10.2822822822823,71.7117889847743
Bending moment,Theory,Case 3,10.2942942942943,71.5176423043113
Bending moment,Theory,Case 3,10.3063063063063,71.3191669708708
Bending moment,Theory,Case 3,10.3183183183183,71.1163629844527
Bending moment,Theory,Case 3,10.3303303303303,70.909230345058
Bending moment,Theory,Case 3,10.3423423423423,70.6977690526856
Bending moment,Theory,Case 3,10.3543543543544,70.4819791073359
Bending moment,Theory,Case 3,10.3663663663664,70.2618605090089
Bending moment,Theory,Case 3,10.3783783783784,70.0374132577046
Bending moment,Theory,Case 3,10.3903903903904,69.8086373534233
Bending moment,Theory,Case 3,10.4024024024024,69.5755327961643
Bending moment,Theory,Case 3,10.4144144144144,69.3380995859281
Bending moment,Theory,Case 3,10.4264264264264,69.0963377227145
Bending moment,Theory,Case 3,10.4384384384384,68.8502472065239
Bending moment,Theory,Case 3,10.4504504504505,68.5998280373557
Bending moment,Theory,Case 3,10.4624624624625,68.3450802152103
Bending moment,Theory,Case 3,10.4744744744745,68.0860037400877
Bending moment,Theory,Case 3,10.4864864864865,67.8225986119878
Bending moment,Theory,Case 3,10.4984984984985,67.5548648309105
Bending moment,Theory,Case 3,10.5105105105105,67.2828023968559
Bending moment,Theory,Case 3,10.5225225225225,67.006411309824
Bending moment,Theory,Case 3,10.5345345345345,66.7256915698149
Bending moment,Theory,Case 3,10.5465465465465,66.4406431768284
Bending moment,Theory,Case 3,10.5585585585586,66.1512661308646
Bending moment,Theory,Case 3,10.5705705705706,65.8575604319235
Bending moment,Theory,Case 3,10.5825825825826,65.5595260800051
Bending moment,Theory,Case 3,10.5945945945946,65.2571630751092
Bending moment,Theory,Case 3,10.6066066066066,64.9504714172364
Bending moment,Theory,Case 3,10.6186186186186,64.6394511063861
Bending moment,Theory,Case 3,10.6306306306306,64.3241021425584
Bending moment,Theory,Case 3,10.6426426426426,64.0044245257535
Bending moment,Theory,Case 3,10.6546546546547,63.6804182559714
Bending moment,Theory,Case 3,10.6666666666667,63.3520833332117
Bending moment,Theory,Case 3,10.6786786786787,63.0194197574751
Bending moment,Theory,Case 3,10.6906906906907,62.6824275287611
Bending moment,Theory,Case 3,10.7027027027027,62.3411066470696
Bending moment,Theory,Case 3,10.7147147147147,61.9954571124008
Bending moment,Theory,Case 3,10.7267267267267,61.645478924755
Bending moment,Theory,Case 3,10.7387387387387,61.2911720841315
Bending moment,Theory,Case 3,10.7507507507508,60.932536590531
Bending moment,Theory,Case 3,10.7627627627628,60.569572443953
Bending moment,Theory,Case 3,10.7747747747748,60.2022796443978
Bending moment,Theory,Case 3,10.7867867867868,59.8306581918653
Bending moment,Theory,Case 3,10.7987987987988,59.4547080863554
Bending moment,Theory,Case 3,10.8108108108108,59.0744293278684
Bending moment,Theory,Case 3,10.8228228228228,58.689821916404
Bending moment,Theory,Case 3,10.8348348348348,58.300885851962
Bending moment,Theory,Case 3,10.8468468468468,57.9076211345429
Bending moment,Theory,Case 3,10.8588588588589,57.5100277641469
Bending moment,Theory,Case 3,10.8708708708709,57.108105740773
Bending moment,Theory,Case 3,10.8828828828829,56.7018550644224
Bending moment,Theory,Case 3,10.8948948948949,56.2912757350942
Bending moment,Theory,Case 3,10.9069069069069,55.8763677527885
Bending moment,Theory,Case 3,10.9189189189189,55.4571311175055
Bending moment,Theory,Case 3,10.9309309309309,55.0335658292456
Bending moment,Theory,Case 3,10.9429429429429,54.605671888008
Bending moment,Theory,Case 3,10.954954954955,54.1734492937932
Bending moment,Theory,Case 3,10.966966966967,53.7368980466013
Bending moment,Theory,Case 3,10.978978978979,53.2960181464318
Bending moment,Theory,Case 3,10.990990990991,52.8508095932852
Bending moment,Theory,Case 3,11.003003003003,52.4012723871611
Bending moment,Theory,Case 3,11.015015015015,51.9474065280601
Bending moment,Theory,Case 3,11.027027027027,51.4892120159818
Bending moment,Theory,Case 3,11.039039039039,51.0266888509255
Bending moment,Theory,Case 3,11.0510510510511,50.5598370328925
Bending moment,Theory,Case 3,11.0630630630631,50.0886565618822
Bending moment,Theory,Case 3,11.0750750750751,49.6131474378942
Bending moment,Theory,Case 3,11.0870870870871,49.133309660929
Bending moment,Theory,Case 3,11.0990990990991,48.6491432309868
Bending moment,Theory,Case 3,11.1111111111111,48.1606481480673
Bending moment,Theory,Case 3,11.1231231231231,47.6678244121701
Bending moment,Theory,Case 3,11.1351351351351,47.1706720232959
Bending moment,Theory,Case 3,11.1471471471471,46.6691909814444
Bending moment,Theory,Case 3,11.1591591591592,46.1633812866155
Bending moment,Theory,Case 3,11.1711711711712,45.6532429388096
Bending moment,Theory,Case 3,11.1831831831832,45.1387759380257
Bending moment,Theory,Case 3,11.1951951951952,44.619980284265
Bending moment,Theory,Case 3,11.2072072072072,44.0968559775273
Bending moment,Theory,Case 3,11.2192192192192,43.5694030178115
Bending moment,Theory,Case 3,11.2312312312312,43.0376214051188
Bending moment,Theory,Case 3,11.2432432432432,42.5015111394487
Bending moment,Theory,Case 3,11.2552552552553,41.9610722208016
Bending moment,Theory,Case 3,11.2672672672673,41.4163046491772
Bending moment,Theory,Case 3,11.2792792792793,40.8672084245749
Bending moment,Theory,Case 3,11.2912912912913,40.3137835469958
Bending moment,Theory,Case 3,11.3033033033033,39.7560300164395
Bending moment,Theory,Case 3,11.3153153153153,39.1939478329059
Bending moment,Theory,Case 3,11.3273273273273,38.6275369963949
Bending moment,Theory,Case 3,11.3393393393393,38.0567975069063
Bending moment,Theory,Case 3,11.3513513513514,37.4817293644405
Bending moment,Theory,Case 3,11.3633633633634,36.9023325689975
Bending moment,Theory,Case 3,11.3753753753754,36.3186071205775
Bending moment,Theory,Case 3,11.3873873873874,35.7305530191797
Bending moment,Theory,Case 3,11.3993993993994,35.1381702648047
Bending moment,Theory,Case 3,11.4114114114114,34.5414588574527
Bending moment,Theory,Case 3,11.4234234234234,33.9404187971228
Bending moment,Theory,Case 3,11.4354354354354,33.335050083816
Bending moment,Theory,Case 3,11.4474474474474,32.7253527175321
Bending moment,Theory,Case 3,11.4594594594595,32.1113266982704
Bending moment,Theory,Case 3,11.4714714714715,31.4929720260319
Bending moment,Theory,Case 3,11.4834834834835,30.8702887008158
Bending moment,Theory,Case 3,11.4954954954955,30.2432767226228
Bending moment,Theory,Case 3,11.5075075075075,29.6119360914521
Bending moment,Theory,Case 3,11.5195195195195,28.9762668073042
Bending moment,Theory,Case 3,11.5315315315315,28.3362688701788
Bending moment,Theory,Case 3,11.5435435435435,27.6919422800764
Bending moment,Theory,Case 3,11.5555555555556,27.0432870369963
Bending moment,Theory,Case 3,11.5675675675676,26.3903031409394
Bending moment,Theory,Case 3,11.5795795795796,25.7329905919051
Bending moment,Theory,Case 3,11.5915915915916,25.0713493898935
Bending moment,Theory,Case 3,11.6036036036036,24.4053795349041
Bending moment,Theory,Case 3,11.6156156156156,23.7350810269378
Bending moment,Theory,Case 3,11.6276276276276,23.060453865994
Bending moment,Theory,Case 3,11.6396396396396,22.3814980520734
Bending moment,Theory,Case 3,11.6516516516517,21.6982135851751
Bending moment,Theory,Case 3,11.6636636636637,21.0106004652996
Bending moment,Theory,Case 3,11.6756756756757,20.3186586924468
Bending moment,Theory,Case 3,11.6876876876877,19.6223882666165
Bending moment,Theory,Case 3,11.6996996996997,18.921789187809
Bending moment,Theory,Case 3,11.7117117117117,18.2168614560242
Bending moment,Theory,Case 3,11.7237237237237,17.5076050712622
Bending moment,Theory,Case 3,11.7357357357357,16.794020033523
Bending moment,Theory,Case 3,11.7477477477477,16.0761063428062
Bending moment,Theory,Case 3,11.7597597597598,15.3538639991123
Bending moment,Theory,Case 3,11.7717717717718,14.6272930024411
Bending moment,Theory,Case 3,11.7837837837838,13.8963933527928
Bending moment,Theory,Case 3,11.7957957957958,13.1611650501664
Bending moment,Theory,Case 3,11.8078078078078,12.4216080945635
Bending moment,Theory,Case 3,11.8198198198198,11.677722485983
Bending moment,Theory,Case 3,11.8318318318318,10.9295082244256
Bending moment,Theory,Case 3,11.8438438438438,10.17696530989
Bending moment,Theory,Case 3,11.8558558558559,9.42009374237782
Bending moment,Theory,Case 3,11.8678678678679,8.65889352188795
Bending moment,Theory,Case 3,11.8798798798799,7.89336464842176
Bending moment,Theory,Case 3,11.8918918918919,7.12350712197716
Bending moment,Theory,Case 3,11.9039039039039,6.34932094255532
Bending moment,Theory,Case 3,11.9159159159159,5.5708061101567
Bending moment,Theory,Case 3,11.9279279279279,4.78796262478037
Bending moment,Theory,Case 3,11.9399399399399,4.00079048642679
Bending moment,Theory,Case 3,11.951951951952,3.2092896950962
Bending moment,Theory,Case 3,11.963963963964,2.4134602507879
Bending moment,Theory,Case 3,11.975975975976,1.61330215350236
Bending moment,Theory,Case 3,11.987987987988,0.808815403239802
Bending moment,Theory,Case 3,12,0
Vertical displacement,FE,Case 1,0,0
Vertical displacement,FE,Case 1,0.15,-0.471427694429623
Vertical displacement,FE,Case 1,0.3,-0.941055468759797
Vertical displacement,FE,Case 1,0.45,-1.40717041460983
Vertical displacement,FE,Case 1,0.6,-1.86815454547401
Vertical displacement,FE,Case 1,0.75,-2.32248479672166
Vertical displacement,FE,Case 1,0.9,-2.76873302559707
Vertical displacement,FE,Case 1,1.05,-3.20556601121954
Vertical displacement,FE,Case 1,1.2,-3.6317454545834
Vertical displacement,FE,Case 1,1.35,-4.04612797855794
Vertical displacement,FE,Case 1,1.5,-4.44766512788748
Vertical displacement,FE,Case 1,1.65,-4.83540336919135
Vertical displacement,FE,Case 1,1.8,-5.20848409096384
Vertical displacement,FE,Case 1,1.95,-5.56614360357428
Vertical displacement,FE,Case 1,2.1,-5.90771313926697
Vertical displacement,FE,Case 1,2.25,-6.23261885216121
Vertical displacement,FE,Case 1,2.4,-6.54038181825129
Vertical displacement,FE,Case 1,2.55,-6.83061803540651
Vertical displacement,FE,Case 1,2.7,-7.10303842337117
Vertical displacement,FE,Case 1,2.85,-7.35744882376454
Vertical displacement,FE,Case 1,3,-7.5937500000809
Vertical displacement,FE,Case 1,3.15,-7.81193763768956
Vertical displacement,FE,Case 1,3.3,-8.0121023438348
Vertical displacement,FE,Case 1,3.45,-8.19442964763594
Vertical displacement,FE,Case 1,3.6,-8.35920000008727
Vertical displacement,FE,Case 1,3.75,-8.50678877405811
Vertical displacement,FE,Case 1,3.9,-8.63766626429277
Vertical displacement,FE,Case 1,4.05,-8.75239768741059
Vertical displacement,FE,Case 1,4.2,-8.85164318190589
Vertical displacement,FE,Case 1,4.35,-8.93615780814802
Vertical displacement,FE,Case 1,4.5,-9.00679154838134
Vertical displacement,FE,Case 1,4.65,-9.06448930672518
Vertical displacement,FE,Case 1,4.8,-9.11029090917387
Vertical displacement,FE,Case 1,4.95,-9.14533110359677
Vertical displacement,FE,Case 1,5.1,-9.17083955973822
Vertical displacement,FE,Case 1,5.25,-9.18814086921756
Vertical displacement,FE,Case 1,5.4,-9.19865454552915
Vertical displacement,FE,Case 1,5.55,-9.20389502404231
Vertical displacement,FE,Case 1,5.7,-9.20547166200138
Vertical displacement,FE,Case 1,5.85,-9.20508873852568
Vertical displacement,FE,Case 1,6,-9.20454545460957
Vertical displacement,FE,Case 1,6.15,-9.20508873852012
Vertical displacement,FE,Case 1,6.3,-9.2054716619903
Vertical displacement,FE,Case 1,6.45,-9.20389502402581
Vertical displacement,FE,Case 1,6.6,-9.19865454550734
Vertical displacement,FE,Case 1,6.75,-9.18814086919058
Vertical displacement,FE,Case 1,6.9,-9.17083955970623
Vertical displacement,FE,Case 1,7.05,-9.14533110355998
Vertical displacement,FE,Case 1,7.2,-9.11029090913252
Vertical displacement,FE,Case 1,7.35,-9.06448930667955
Vertical displacement,FE,Case 1,7.5,-9.00679154833177
Vertical displacement,FE,Case 1,7.65,-8.93615780809486
Vertical displacement,FE,Case 1,7.8,-8.85164318184953
Vertical displacement,FE,Case 1,7.95,-8.75239768735148
Vertical displacement,FE,Case 1,8.1,-8.63766626423142
Vertical displacement,FE,Case 1,8.25,-8.50678877399504
Vertical displacement,FE,Case 1,8.4,-8.35920000002302
Vertical displacement,FE,Case 1,8.55,-8.19442964757104
Vertical displacement,FE,Case 1,8.7,-8.01210234376978
Vertical displacement,FE,Case 1,8.85,-7.81193763762491
Vertical displacement,FE,Case 1,9,-7.59375000001709
Vertical displacement,FE,Case 1,9.15,-7.35744882370199
Vertical displacement,FE,Case 1,9.3,-7.10303842331029
Vertical displacement,FE,Case 1,9.45,-6.83061803534766
Vertical displacement,FE,Case 1,9.6,-6.54038181819478
Vertical displacement,FE,Case 1,9.75,-6.23261885210731
Vertical displacement,FE,Case 1,9.9,-5.90771313921592
Vertical displacement,FE,Case 1,10.05,-5.56614360352628
Vertical displacement,FE,Case 1,10.2,-5.20848409091903
Vertical displacement,FE,Case 1,10.35,-4.83540336914986
Vertical displacement,FE,Case 1,10.5,-4.44766512784943
Vertical displacement,FE,Case 1,10.65,-4.04612797852342
Vertical displacement,FE,Case 1,10.8,-3.63174545455248
Vertical displacement,FE,Case 1,10.95,-3.2055660111923
Vertical displacement,FE,Case 1,11.1,-2.76873302557357
Vertical displacement,FE,Case 1,11.25,-2.32248479670199
Vertical displacement,FE,Case 1,11.4,-1.86815454545824
Vertical displacement,FE,Case 1,11.55,-1.40717041459798
Vertical displacement,FE,Case 1,11.7,-0.941055468751904
Vertical displacement,FE,Case 1,11.85,-0.471427694425684
Vertical displacement,FE,Case 1,12,0
Vertical displacement,FE,Case 2,0,0
Vertical displacement,FE,Case 2,0.15,-0.195348859198686
Vertical displacement,FE,Case 2,0.3,-0.389242968752481
Vertical displacement,FE,Case 2,0.45,-0.580314590735244
Vertical displacement,FE,Case 2,0.6,-0.767290909095836
Vertical displacement,FE,Case 2,0.75,-0.948994029658113
Vertical displacement,FE,Case 2,0.9,-1.12434098012094
Vertical displacement,FE,Case 2,1.05,-1.29234371005817
Vertical displacement,FE,Case 2,1.2,-1.45210909091867
Vertical displacement,FE,Case 2,1.35,-1.6028389160263
Vertical displacement,FE,Case 2,1.5,-1.74382990057993
Vertical displacement,FE,Case 2,1.65,-1.87447368165341
Vertical displacement,FE,Case 2,1.8,-1.99425681819563
Vertical displacement,FE,Case 2,1.95,-2.10276079103042
Vertical displacement,FE,Case 2,2.1,-2.19966200285667
Vertical displacement,FE,Case 2,2.25,-2.28473177824822
Vertical displacement,FE,Case 2,2.4,-2.35783636365394
Vertical displacement,FE,Case 2,2.55,-2.41893692739768
Vertical displacement,FE,Case 2,2.7,-2.46808955967829
Vertical displacement,FE,Case 2,2.85,-2.50544527256963
Vertical displacement,FE,Case 2,3,-2.53125000002054
Vertical displacement,FE,Case 2,3.15,-2.5458445978549
Vertical displacement,FE,Case 2,3.3,-2.54966484377155
Vertical displacement,FE,Case 2,3.45,-2.54324143734435
Vertical displacement,FE,Case 2,3.6,-2.52720000002216
Vertical displacement,FE,Case 2,3.75,-2.50226107512884
Vertical displacement,FE,Case 2,3.9,-2.46924012786327
Vertical displacement,FE,Case 2,4.05,-2.42904754529929
Vertical displacement,FE,Case 2,4.2,-2.38268863638579
Vertical displacement,FE,Case 2,4.35,-2.33126363194663
Vertical displacement,FE,Case 2,4.5,-2.27596768468068
Vertical displacement,FE,Case 2,4.65,-2.21809086916182
Vertical displacement,FE,Case 2,4.8,-2.15901818183892
Vertical displacement,FE,Case 2,4.95,-2.10022954103584
Vertical displacement,FE,Case 2,5.1,-2.04329978695146
Vertical displacement,FE,Case 2,5.25,-1.98989868165964
Vertical displacement,FE,Case 2,5.4,-1.94179090910927
Vertical displacement,FE,Case 2,5.55,-1.90083607512421
Vertical displacement,FE,Case 2,5.7,-1.86898870740332
Vertical displacement,FE,Case 2,5.85,-1.84829825552048
Vertical displacement,FE,Case 2,6,-1.84090909092456
Vertical displacement,FE,Case 2,6.15,-1.84829825551897
Vertical displacement,FE,Case 2,6.3,-1.86898870740031
Vertical displacement,FE,Case 2,6.45,-1.90083607511972
Vertical displacement,FE,Case 2,6.6,-1.94179090910334
Vertical displacement,FE,Case 2,6.75,-1.9898986816523
Vertical displacement,FE,Case 2,6.9,-2.04329978694276
Vertical displacement,FE,Case 2,7.05,-2.10022954102584
Vertical displacement,FE,Case 2,7.2,-2.15901818182769
Vertical displacement,FE,Case 2,7.35,-2.21809086914945
Vertical displacement,FE,Case 2,7.5,-2.27596768466725
Vertical displacement,FE,Case 2,7.65,-2.33126363193224
Vertical displacement,FE,Case 2,7.8,-2.38268863637056
Vertical displacement,FE,Case 2,7.95,-2.42904754528335
Vertical displacement,FE,Case 2,8.1,-2.46924012784675
Vertical displacement,FE,Case 2,8.25,-2.5022610751119
Vertical displacement,FE,Case 2,8.4,-2.52720000000495
Vertical displacement,FE,Case 2,8.55,-2.54324143732701
Vertical displacement,FE,Case 2,8.7,-2.54966484375424
Vertical displacement,FE,Case 2,8.85,-2.54584459783775
Vertical displacement,FE,Case 2,9,-2.53125000000369
Vertical displacement,FE,Case 2,9.15,-2.50544527255317
Vertical displacement,FE,Case 2,9.3,-2.46808955966235
Vertical displacement,FE,Case 2,9.45,-2.41893692738234
Vertical displacement,FE,Case 2,9.6,-2.35783636363929
Vertical displacement,FE,Case 2,9.75,-2.28473177823433
Vertical displacement,FE,Case 2,9.9,-2.19966200284358
Vertical displacement,FE,Case 2,10.05,-2.10276079101818
Vertical displacement,FE,Case 2,10.2,-1.99425681818425
Vertical displacement,FE,Case 2,10.35,-1.87447368164293
Vertical displacement,FE,Case 2,10.5,-1.74382990057035
Vertical displacement,FE,Case 2,10.65,-1.60283891601764
Vertical displacement,FE,Case 2,10.8,-1.45210909091093
Vertical displacement,FE,Case 2,10.95,-1.29234371005137
Vertical displacement,FE,Case 2,11.1,-1.12434098011508
Vertical displacement,FE,Case 2,11.25,-0.948994029653217
Vertical displacement,FE,Case 2,11.4,-0.767290909091913
Vertical displacement,FE,Case 2,11.55,-0.580314590732307
Vertical displacement,FE,Case 2,11.7,-0.389242968750528
Vertical displacement,FE,Case 2,11.85,-0.195348859197713
Vertical displacement,FE,Case 2,12,0
Vertical displacement,FE,Case 3,0,0
Vertical displacement,FE,Case 3,0.15,-0.126566405639005
Vertical displacement,FE,Case 3,0.3,-0.251764057615901
Vertical displacement,FE,Case 3,0.45,-0.374311213987327
Vertical displacement,FE,Case 3,0.6,-0.493021054684924
Vertical displacement,FE,Case 3,0.75,-0.606801681515331
Vertical displacement,FE,Case 3,0.9,-0.71465611816019
Vertical displacement,FE,Case 3,1.05,-0.815682310176142
Vertical displacement,FE,Case 3,1.2,-0.909073124994828
Vertical displacement,FE,Case 3,1.35,-0.994116351922892
Vertical displacement,FE,Case 3,1.5,-1.07019470214198
Vertical displacement,FE,Case 3,1.65,-1.13678580870872
Vertical displacement,FE,Case 3,1.8,-1.19346222655478
Vertical displacement,FE,Case 3,1.95,-1.23989143248678
Vertical displacement,FE,Case 3,2.1,-1.27583582518638
Vertical displacement,FE,Case 3,2.25,-1.30115272521021
Vertical displacement,FE,Case 3,2.4,-1.31579437498991
Vertical displacement,FE,Case 3,2.55,-1.31980793883211
Vertical displacement,FE,Case 3,2.7,-1.31333550291847
Vertical displacement,FE,Case 3,2.85,-1.29661407530561
Vertical displacement,FE,Case 3,3,-1.26997558592517
Vertical displacement,FE,Case 3,3.15,-1.23384688658378
Vertical displacement,FE,Case 3,3.3,-1.1887497509631
Vertical displacement,FE,Case 3,3.45,-1.13530087461975
Vertical displacement,FE,Case 3,3.6,-1.07421187498538
Vertical displacement,FE,Case 3,3.75,-1.00628929136663
Vertical displacement,FE,Case 3,3.9,-0.932434584945144
Vertical displacement,FE,Case 3,4.05,-0.853644138777558
Vertical displacement,FE,Case 3,4.2,-0.771009257795519
Vertical displacement,FE,Case 3,4.35,-0.685716168805672
Vertical displacement,FE,Case 3,4.5,-0.599046020489662
Vertical displacement,FE,Case 3,4.65,-0.512374883404135
Vertical displacement,FE,Case 3,4.8,-0.427173749980732
Vertical displacement,FE,Case 3,4.95,-0.345008534526099
Vertical displacement,FE,Case 3,5.1,-0.267540073221882
Vertical displacement,FE,Case 3,5.25,-0.196524124124725
Vertical displacement,FE,Case 3,5.4,-0.133811367166272
Vertical displacement,FE,Case 3,5.55,-0.0813474041531684
Vertical displacement,FE,Case 3,5.7,-0.0411727587670575
Vertical displacement,FE,Case 3,5.85,-0.0154228765645842
Vertical displacement,FE,Case 3,6,-0.00632812497739266
Vertical displacement,FE,Case 3,6.15,-0.0154228765640798
Vertical displacement,FE,Case 3,6.3,-0.0411727587660525
Vertical displacement,FE,Case 3,6.45,-0.0813474041516702
Vertical displacement,FE,Case 3,6.6,-0.133811367164292
Vertical displacement,FE,Case 3,6.75,-0.196524124122277
Vertical displacement,FE,Case 3,6.9,-0.267540073218985
Vertical displacement,FE,Case 3,7.05,-0.345008534522776
Vertical displacement,FE,Case 3,7.2,-0.427173749977007
Vertical displacement,FE,Case 3,7.35,-0.51237488340004
Vertical displacement,FE,Case 3,7.5,-0.599046020485232
Vertical displacement,FE,Case 3,7.65,-0.685716168800944
Vertical displacement,FE,Case 3,7.8,-0.771009257790535
Vertical displacement,FE,Case 3,7.95,-0.853644138772365
Vertical displacement,FE,Case 3,8.1,-0.932434584939795
Vertical displacement,FE,Case 3,8.25,-1.00628929136118
Vertical displacement,FE,Case 3,8.4,-1.07421187497989
Vertical displacement,FE,Case 3,8.55,-1.13530087461427
Vertical displacement,FE,Case 3,8.7,-1.18874975095767
Vertical displacement,FE,Case 3,8.85,-1.23384688657847
Vertical displacement,FE,Case 3,9,-1.26997558592
Vertical displacement,FE,Case 3,9.15,-1.29661407530064
Vertical displacement,FE,Case 3,9.3,-1.31333550291372
Vertical displacement,FE,Case 3,9.45,-1.31980793882762
Vertical displacement,FE,Case 3,9.6,-1.31579437498569
Vertical displacement,FE,Case 3,9.75,-1.30115272520628
Vertical displacement,FE,Case 3,9.9,-1.27583582518275
Vertical displacement,FE,Case 3,10.05,-1.23989143248345
Vertical displacement,FE,Case 3,10.2,-1.19346222655174
Vertical displacement,FE,Case 3,10.35,-1.13678580870597
Vertical displacement,FE,Case 3,10.5,-1.0701947021395
Vertical displacement,FE,Case 3,10.65,-0.99411635192068
Vertical displacement,FE,Case 3,10.8,-0.90907312499287
Vertical displacement,FE,Case 3,10.95,-0.815682310174422
Vertical displacement,FE,Case 3,11.1,-0.714656118158697
Vertical displacement,FE,Case 3,11.25,-0.606801681514064
Vertical displacement,FE,Case 3,11.4,-0.493021054683887
Vertical displacement,FE,Case 3,11.55,-0.37431121398653
Vertical displacement,FE,Case 3,11.7,-0.251764057615355
Vertical displacement,FE,Case 3,11.85,-0.126566405638724
Vertical displacement,FE,Case 3,12,0
Vertical displacement,Theory,Case 1,0,0
Vertical displacement,Theory,Case 1,0.012012012012012,-0.0377762541441081
Vertical displacement,Theory,Case 1,0.024024024024024,-0.0755515578007837
Vertical displacement,Theory,Case 1,0.036036036036036,-0.113324964060886
Vertical displacement,Theory,Case 1,0.048048048048048,-0.151095529918866
Vertical displacement,Theory,Case 1,0.0600600600600601,-0.188862316272764
Vertical displacement,Theory,Case 1,0.0720720720720721,-0.226624387924213
Vertical displacement,Theory,Case 1,0.0840840840840841,-0.264380813578435
Vertical displacement,Theory,Case 1,0.0960960960960961,-0.302130665844244
Vertical displacement,Theory,Case 1,0.108108108108108,-0.339873021234047
Vertical displacement,Theory,Case 1,0.12012012012012,-0.377606960163839
Vertical displacement,Theory,Case 1,0.132132132132132,-0.415331566953205
Vertical displacement,Theory,Case 1,0.144144144144144,-0.453045929825326
Vertical displacement,Theory,Case 1,0.156156156156156,-0.490749140906969
Vertical displacement,Theory,Case 1,0.168168168168168,-0.528440296228496
Vertical displacement,Theory,Case 1,0.18018018018018,-0.566118495723854
Vertical displacement,Theory,Case 1,0.192192192192192,-0.603782843230587
Vertical displacement,Theory,Case 1,0.204204204204204,-0.641432446489829
Vertical displacement,Theory,Case 1,0.216216216216216,-0.679066417146301
Vertical displacement,Theory,Case 1,0.228228228228228,-0.716683870748319
Vertical displacement,Theory,Case 1,0.24024024024024,-0.754283926747789
Vertical displacement,Theory,Case 1,0.252252252252252,-0.791865708500207
Vertical displacement,Theory,Case 1,0.264264264264264,-0.829428343264659
Vertical displacement,Theory,Case 1,0.276276276276276,-0.866970962203827
Vertical displacement,Theory,Case 1,0.288288288288288,-0.904492700383977
Vertical displacement,Theory,Case 1,0.3003003003003,-0.941992696774971
Vertical displacement,Theory,Case 1,0.312312312312312,-0.97947009425026
Vertical displacement,Theory,Case 1,0.324324324324324,-1.01692403958689
Vertical displacement,Theory,Case 1,0.336336336336336,-1.05435368346548
Vertical displacement,Theory,Case 1,0.348348348348348,-1.09175818047027
Vertical displacement,Theory,Case 1,0.36036036036036,-1.12913668908908
Vertical displacement,Theory,Case 1,0.372372372372372,-1.16648837171329
Vertical displacement,Theory,Case 1,0.384384384384384,-1.20381239463792
Vertical displacement,Theory,Case 1,0.396396396396396,-1.24110792806156
Vertical displacement,Theory,Case 1,0.408408408408408,-1.27837414608637
Vertical displacement,Theory,Case 1,0.42042042042042,-1.31561022671813
Vertical displacement,Theory,Case 1,0.432432432432432,-1.3528153518662
Vertical displacement,Theory,Case 1,0.444444444444444,-1.38998870734354
Vertical displacement,Theory,Case 1,0.456456456456456,-1.42712948286668
Vertical displacement,Theory,Case 1,0.468468468468468,-1.46423687205576
Vertical displacement,Theory,Case 1,0.48048048048048,-1.50131007243451
Vertical displacement,Theory,Case 1,0.492492492492492,-1.53834828543023
Vertical displacement,Theory,Case 1,0.504504504504504,-1.57535071637384
Vertical displacement,Theory,Case 1,0.516516516516517,-1.61231657449984
Vertical displacement,Theory,Case 1,0.528528528528528,-1.6492450729463
Vertical displacement,Theory,Case 1,0.540540540540541,-1.68613542875493
Vertical displacement,Theory,Case 1,0.552552552552553,-1.72298686287097
Vertical displacement,Theory,Case 1,0.564564564564565,-1.7597986001433
Vertical displacement,Theory,Case 1,0.576576576576577,-1.79656986932436
Vertical displacement,Theory,Case 1,0.588588588588589,-1.8332999030702
Vertical displacement,Theory,Case 1,0.600600600600601,-1.86998793794046
Vertical displacement,Theory,Case 1,0.612612612612613,-1.90663321439836
Vertical displacement,Theory,Case 1,0.624624624624625,-1.94323497681071
Vertical displacement,Theory,Case 1,0.636636636636637,-1.97979247344793
Vertical displacement,Theory,Case 1,0.648648648648649,-2.016304956484
Vertical displacement,Theory,Case 1,0.660660660660661,-2.05277168199653
Vertical displacement,Theory,Case 1,0.672672672672673,-2.08919190996669
Vertical displacement,Theory,Case 1,0.684684684684685,-2.12556490427925
Vertical displacement,Theory,Case 1,0.696696696696697,-2.16188993272257
Vertical displacement,Theory,Case 1,0.708708708708709,-2.19816626698861
Vertical displacement,Theory,Case 1,0.720720720720721,-2.2343931826729
Vertical displacement,Theory,Case 1,0.732732732732733,-2.2705699592746
Vertical displacement,Theory,Case 1,0.744744744744745,-2.30669588019641
Vertical displacement,Theory,Case 1,0.756756756756757,-2.34277023274466
Vertical displacement,Theory,Case 1,0.768768768768769,-2.37879230812925
Vertical displacement,Theory,Case 1,0.780780780780781,-2.4147614014637
Vertical displacement,Theory,Case 1,0.792792792792793,-2.45067681176507
Vertical displacement,Theory,Case 1,0.804804804804805,-2.48653784195406
Vertical displacement,Theory,Case 1,0.816816816816817,-2.52234379885493
Vertical displacement,Theory,Case 1,0.828828828828829,-2.55809399319555
Vertical displacement,Theory,Case 1,0.840840840840841,-2.59378773960737
Vertical displacement,Theory,Case 1,0.852852852852853,-2.62942435662544
Vertical displacement,Theory,Case 1,0.864864864864865,-2.6650031666884
Vertical displacement,Theory,Case 1,0.876876876876877,-2.70052349613845
Vertical displacement,Theory,Case 1,0.888888888888889,-2.73598467522144
Vertical displacement,Theory,Case 1,0.900900900900901,-2.77138603808676
Vertical displacement,Theory,Case 1,0.912912912912913,-2.80672692278741
Vertical displacement,Theory,Case 1,0.924924924924925,-2.84200667127998
Vertical displacement,Theory,Case 1,0.936936936936937,-2.87722462942465
Vertical displacement,Theory,Case 1,0.948948948948949,-2.91238014698521
Vertical displacement,Theory,Case 1,0.960960960960961,-2.947472577629
Vertical displacement,Theory,Case 1,0.972972972972973,-2.98250127892698
Vertical displacement,Theory,Case 1,0.984984984984985,-3.0174656123537
Vertical displacement,Theory,Case 1,0.996996996996997,-3.0523649432873
Vertical displacement,Theory,Case 1,1.00900900900901,-3.0871986410095
Vertical displacement,Theory,Case 1,1.02102102102102,-3.12196607870562
Vertical displacement,Theory,Case 1,1.03303303303303,-3.15666663346456
Vertical displacement,Theory,Case 1,1.04504504504505,-3.19129968627883
Vertical displacement,Theory,Case 1,1.05705705705706,-3.22586462204452
Vertical displacement,Theory,Case 1,1.06906906906907,-3.26036082956131
Vertical displacement,Theory,Case 1,1.08108108108108,-3.29478770153247
Vertical displacement,Theory,Case 1,1.09309309309309,-3.32914463456487
Vertical displacement,Theory,Case 1,1.10510510510511,-3.36343102916895
Vertical displacement,Theory,Case 1,1.11711711711712,-3.39764628975878
Vertical displacement,Theory,Case 1,1.12912912912913,-3.43178982465197
Vertical displacement,Theory,Case 1,1.14114114114114,-3.46586104606977
Vertical displacement,Theory,Case 1,1.15315315315315,-3.49985937013698
Vertical displacement,Theory,Case 1,1.16516516516517,-3.53378421688203
Vertical displacement,Theory,Case 1,1.17717717717718,-3.56763501023689
Vertical displacement,Theory,Case 1,1.18918918918919,-3.60141117803718
Vertical displacement,Theory,Case 1,1.2012012012012,-3.63511215202207
Vertical displacement,Theory,Case 1,1.21321321321321,-3.66873736783433
Vertical displacement,Theory,Case 1,1.22522522522523,-3.70228626502034
Vertical displacement,Theory,Case 1,1.23723723723724,-3.73575828703003
Vertical displacement,Theory,Case 1,1.24924924924925,-3.76915288121697
Vertical displacement,Theory,Case 1,1.26126126126126,-3.80246949883828
Vertical displacement,Theory,Case 1,1.27327327327327,-3.8357075950547
Vertical displacement,Theory,Case 1,1.28528528528529,-3.86886662893054
Vertical displacement,Theory,Case 1,1.2972972972973,-3.90194606343371
Vertical displacement,Theory,Case 1,1.30930930930931,-3.93494536543573
Vertical displacement,Theory,Case 1,1.32132132132132,-3.96786400571166
Vertical displacement,Theory,Case 1,1.33333333333333,-4.0007014589402
Vertical displacement,Theory,Case 1,1.34534534534535,-4.03345720370362
Vertical displacement,Theory,Case 1,1.35735735735736,-4.0661307224878
Vertical displacement,Theory,Case 1,1.36936936936937,-4.09872150168217
Vertical displacement,Theory,Case 1,1.38138138138138,-4.1312290315798
Vertical displacement,Theory,Case 1,1.39339339339339,-4.16365280637731
Vertical displacement,Theory,Case 1,1.40540540540541,-4.19599232417494
Vertical displacement,Theory,Case 1,1.41741741741742,-4.2282470869765
Vertical displacement,Theory,Case 1,1.42942942942943,-4.26041660068941
Vertical displacement,Theory,Case 1,1.44144144144144,-4.29250037512466
Vertical displacement,Theory,Case 1,1.45345345345345,-4.32449792399686
Vertical displacement,Theory,Case 1,1.46546546546547,-4.35640876492417
Vertical displacement,Theory,Case 1,1.47747747747748,-4.38823241942839
Vertical displacement,Theory,Case 1,1.48948948948949,-4.41996841293486
Vertical displacement,Theory,Case 1,1.5015015015015,-4.45161627477255
Vertical displacement,Theory,Case 1,1.51351351351351,-4.48317553817401
Vertical displacement,Theory,Case 1,1.52552552552553,-4.51464574027536
Vertical displacement,Theory,Case 1,1.53753753753754,-4.54602642211636
Vertical displacement,Theory,Case 1,1.54954954954955,-4.5773171286403
Vertical displacement,Theory,Case 1,1.56156156156156,-4.60851740869411
Vertical displacement,Theory,Case 1,1.57357357357357,-4.63962681502827
Vertical displacement,Theory,Case 1,1.58558558558559,-4.67064490429691
Vertical displacement,Theory,Case 1,1.5975975975976,-4.70157123705768
Vertical displacement,Theory,Case 1,1.60960960960961,-4.73240537777186
Vertical displacement,Theory,Case 1,1.62162162162162,-4.76314689480434
Vertical displacement,Theory,Case 1,1.63363363363363,-4.79379536042355
Vertical displacement,Theory,Case 1,1.64564564564565,-4.82435035080155
Vertical displacement,Theory,Case 1,1.65765765765766,-4.85481144601396
Vertical displacement,Theory,Case 1,1.66966966966967,-4.88517823004003
Vertical displacement,Theory,Case 1,1.68168168168168,-4.91545029076258
Vertical displacement,Theory,Case 1,1.69369369369369,-4.94562721996802
Vertical displacement,Theory,Case 1,1.70570570570571,-4.97570861334634
Vertical displacement,Theory,Case 1,1.71771771771772,-5.00569407049115
Vertical displacement,Theory,Case 1,1.72972972972973,-5.03558319489962
Vertical displacement,Theory,Case 1,1.74174174174174,-5.06537559397255
Vertical displacement,Theory,Case 1,1.75375375375375,-5.09507087901427
Vertical displacement,Theory,Case 1,1.76576576576577,-5.12466866523276
Vertical displacement,Theory,Case 1,1.77777777777778,-5.15416857173956
Vertical displacement,Theory,Case 1,1.78978978978979,-5.18357022154982
Vertical displacement,Theory,Case 1,1.8018018018018,-5.21287324158226
Vertical displacement,Theory,Case 1,1.81381381381381,-5.24207726265921
Vertical displacement,Theory,Case 1,1.82582582582583,-5.27118191950657
Vertical displacement,Theory,Case 1,1.83783783783784,-5.30018685075385
Vertical displacement,Theory,Case 1,1.84984984984985,-5.32909169893414
Vertical displacement,Theory,Case 1,1.86186186186186,-5.35789611048413
Vertical displacement,Theory,Case 1,1.87387387387387,-5.3865997357441
Vertical displacement,Theory,Case 1,1.88588588588589,-5.41520222895791
Vertical displacement,Theory,Case 1,1.8978978978979,-5.443703248273
Vertical displacement,Theory,Case 1,1.90990990990991,-5.47210245574046
Vertical displacement,Theory,Case 1,1.92192192192192,-5.5003995173149
Vertical displacement,Theory,Case 1,1.93393393393393,-5.52859410285456
Vertical displacement,Theory,Case 1,1.94594594594595,-5.55668588612124
Vertical displacement,Theory,Case 1,1.95795795795796,-5.58467454478039
Vertical displacement,Theory,Case 1,1.96996996996997,-5.612559760401
Vertical displacement,Theory,Case 1,1.98198198198198,-5.64034121845565
Vertical displacement,Theory,Case 1,1.99399399399399,-5.66801860832054
Vertical displacement,Theory,Case 1,2.00600600600601,-5.69559162327543
Vertical displacement,Theory,Case 1,2.01801801801802,-5.72305996050371
Vertical displacement,Theory,Case 1,2.03003003003003,-5.75042332109232
Vertical displacement,Theory,Case 1,2.04204204204204,-5.77768141003182
Vertical displacement,Theory,Case 1,2.05405405405405,-5.80483393621635
Vertical displacement,Theory,Case 1,2.06606606606607,-5.83188061244363
Vertical displacement,Theory,Case 1,2.07807807807808,-5.858821155415
Vertical displacement,Theory,Case 1,2.09009009009009,-5.88565528573535
Vertical displacement,Theory,Case 1,2.1021021021021,-5.91238272791321
Vertical displacement,Theory,Case 1,2.11411411411411,-5.93900321036065
Vertical displacement,Theory,Case 1,2.12612612612613,-5.96551646539338
Vertical displacement,Theory,Case 1,2.13813813813814,-5.99192222923066
Vertical displacement,Theory,Case 1,2.15015015015015,-6.01822024199536
Vertical displacement,Theory,Case 1,2.16216216216216,-6.04441024771395
Vertical displacement,Theory,Case 1,2.17417417417417,-6.07049199431647
Vertical displacement,Theory,Case 1,2.18618618618619,-6.09646523363655
Vertical displacement,Theory,Case 1,2.1981981981982,-6.12232972141143
Vertical displacement,Theory,Case 1,2.21021021021021,-6.14808521728196
Vertical displacement,Theory,Case 1,2.22222222222222,-6.17373148479252
Vertical displacement,Theory,Case 1,2.23423423423423,-6.19926829139111
Vertical displacement,Theory,Case 1,2.24624624624625,-6.22469540842936
Vertical displacement,Theory,Case 1,2.25825825825826,-6.25001261116243
Vertical displacement,Theory,Case 1,2.27027027027027,-6.27521967874911
Vertical displacement,Theory,Case 1,2.28228228228228,-6.30031639425176
Vertical displacement,Theory,Case 1,2.29429429429429,-6.32530254463633
Vertical displacement,Theory,Case 1,2.30630630630631,-6.35017792077239
Vertical displacement,Theory,Case 1,2.31831831831832,-6.37494231743308
Vertical displacement,Theory,Case 1,2.33033033033033,-6.39959553329512
Vertical displacement,Theory,Case 1,2.34234234234234,-6.42413737093885
Vertical displacement,Theory,Case 1,2.35435435435435,-6.44856763684816
Vertical displacement,Theory,Case 1,2.36636636636637,-6.47288614141057
Vertical displacement,Theory,Case 1,2.37837837837838,-6.49709269891718
Vertical displacement,Theory,Case 1,2.39039039039039,-6.52118712756266
Vertical displacement,Theory,Case 1,2.4024024024024,-6.54516924944532
Vertical displacement,Theory,Case 1,2.41441441441441,-6.56903889056699
Vertical displacement,Theory,Case 1,2.42642642642643,-6.59279588083316
Vertical displacement,Theory,Case 1,2.43843843843844,-6.61644005405287
Vertical displacement,Theory,Case 1,2.45045045045045,-6.63997124793875
Vertical displacement,Theory,Case 1,2.46246246246246,-6.66338930410705
Vertical displacement,Theory,Case 1,2.47447447447447,-6.6866940680776
Vertical displacement,Theory,Case 1,2.48648648648649,-6.70988538927378
Vertical displacement,Theory,Case 1,2.4984984984985,-6.73296312102263
Vertical displacement,Theory,Case 1,2.51051051051051,-6.75592712055473
Vertical displacement,Theory,Case 1,2.52252252252252,-6.77877724900428
Vertical displacement,Theory,Case 1,2.53453453453453,-6.80151337140904
Vertical displacement,Theory,Case 1,2.54654654654655,-6.8241353567104
Vertical displacement,Theory,Case 1,2.55855855855856,-6.84664307775331
Vertical displacement,Theory,Case 1,2.57057057057057,-6.86903641128632
Vertical displacement,Theory,Case 1,2.58258258258258,-6.89131523796158
Vertical displacement,Theory,Case 1,2.59459459459459,-6.91347944233481
Vertical displacement,Theory,Case 1,2.60660660660661,-6.93552891286535
Vertical displacement,Theory,Case 1,2.61861861861862,-6.9574635419161
Vertical displacement,Theory,Case 1,2.63063063063063,-6.97928322575358
Vertical displacement,Theory,Case 1,2.64264264264264,-7.00098786454788
Vertical displacement,Theory,Case 1,2.65465465465465,-7.02257736237269
Vertical displacement,Theory,Case 1,2.66666666666667,-7.04405162720528
Vertical displacement,Theory,Case 1,2.67867867867868,-7.06541057092652
Vertical displacement,Theory,Case 1,2.69069069069069,-7.0866541093209
Vertical displacement,Theory,Case 1,2.7027027027027,-7.10778216207644
Vertical displacement,Theory,Case 1,2.71471471471471,-7.1287946527848
Vertical displacement,Theory,Case 1,2.72672672672673,-7.1496915089412
Vertical displacement,Theory,Case 1,2.73873873873874,-7.17047266194447
Vertical displacement,Theory,Case 1,2.75075075075075,-7.19113804709704
Vertical displacement,Theory,Case 1,2.76276276276276,-7.2116876036049
Vertical displacement,Theory,Case 1,2.77477477477477,-7.23212127457765
Vertical displacement,Theory,Case 1,2.78678678678679,-7.25243900702848
Vertical displacement,Theory,Case 1,2.7987987987988,-7.27264075187419
Vertical displacement,Theory,Case 1,2.81081081081081,-7.29272646393512
Vertical displacement,Theory,Case 1,2.82282282282282,-7.31269610193522
Vertical displacement,Theory,Case 1,2.83483483483483,-7.33254962850209
Vertical displacement,Theory,Case 1,2.84684684684685,-7.35228701016685
Vertical displacement,Theory,Case 1,2.85885885885886,-7.37190821736422
Vertical displacement,Theory,Case 1,2.87087087087087,-7.39141322443254
Vertical displacement,Theory,Case 1,2.88288288288288,-7.41080200961375
Vertical displacement,Theory,Case 1,2.89489489489489,-7.43007455505331
Vertical displacement,Theory,Case 1,2.90690690690691,-7.44923084680035
Vertical displacement,Theory,Case 1,2.91891891891892,-7.46827087480755
Vertical displacement,Theory,Case 1,2.93093093093093,-7.48719463293117
Vertical displacement,Theory,Case 1,2.94294294294294,-7.50600211893112
Vertical displacement,Theory,Case 1,2.95495495495495,-7.52469333447084
Vertical displacement,Theory,Case 1,2.96696696696697,-7.54326828511737
Vertical displacement,Theory,Case 1,2.97897897897898,-7.56172698034138
Vertical displacement,Theory,Case 1,2.99099099099099,-7.58006943351712
Vertical displacement,Theory,Case 1,3.003003003003,-7.59829566192236
Vertical displacement,Theory,Case 1,3.01501501501502,-7.61640568673855
Vertical displacement,Theory,Case 1,3.02702702702703,-7.63439953305072
Vertical displacement,Theory,Case 1,3.03903903903904,-7.65227722984743
Vertical displacement,Theory,Case 1,3.05105105105105,-7.67003881002088
Vertical displacement,Theory,Case 1,3.06306306306306,-7.68768431036686
Vertical displacement,Theory,Case 1,3.07507507507508,-7.70521377158473
Vertical displacement,Theory,Case 1,3.08708708708709,-7.72262723827747
Vertical displacement,Theory,Case 1,3.0990990990991,-7.73992475895162
Vertical displacement,Theory,Case 1,3.11111111111111,-7.75710638601731
Vertical displacement,Theory,Case 1,3.12312312312312,-7.77417217578831
Vertical displacement,Theory,Case 1,3.13513513513514,-7.79112218848193
Vertical displacement,Theory,Case 1,3.14714714714715,-7.80795648821908
Vertical displacement,Theory,Case 1,3.15915915915916,-7.82467514302427
Vertical displacement,Theory,Case 1,3.17117117117117,-7.84127822482561
Vertical displacement,Theory,Case 1,3.18318318318318,-7.85776580945478
Vertical displacement,Theory,Case 1,3.1951951951952,-7.87413797664708
Vertical displacement,Theory,Case 1,3.20720720720721,-7.89039481004135
Vertical displacement,Theory,Case 1,3.21921921921922,-7.90653639718008
Vertical displacement,Theory,Case 1,3.23123123123123,-7.92256282950931
Vertical displacement,Theory,Case 1,3.24324324324324,-7.93847420237871
Vertical displacement,Theory,Case 1,3.25525525525526,-7.95427061504145
Vertical displacement,Theory,Case 1,3.26726726726727,-7.96995217065444
Vertical displacement,Theory,Case 1,3.27927927927928,-7.98551897627806
Vertical displacement,Theory,Case 1,3.29129129129129,-8.00097114287632
Vertical displacement,Theory,Case 1,3.3033033033033,-8.0163087853168
Vertical displacement,Theory,Case 1,3.31531531531532,-8.03153202237073
Vertical displacement,Theory,Case 1,3.32732732732733,-8.04664097671287
Vertical displacement,Theory,Case 1,3.33933933933934,-8.06163577492159
Vertical displacement,Theory,Case 1,3.35135135135135,-8.07651654747885
Vertical displacement,Theory,Case 1,3.36336336336336,-8.09128342877023
Vertical displacement,Theory,Case 1,3.37537537537538,-8.10593655708484
Vertical displacement,Theory,Case 1,3.38738738738739,-8.12047607461545
Vertical displacement,Theory,Case 1,3.3993993993994,-8.13490212745836
Vertical displacement,Theory,Case 1,3.41141141141141,-8.14921486561351
Vertical displacement,Theory,Case 1,3.42342342342342,-8.16341444298441
Vertical displacement,Theory,Case 1,3.43543543543544,-8.17750101737814
Vertical displacement,Theory,Case 1,3.44744744744745,-8.19147475050541
Vertical displacement,Theory,Case 1,3.45945945945946,-8.20533580798049
Vertical displacement,Theory,Case 1,3.47147147147147,-8.21908435932125
Vertical displacement,Theory,Case 1,3.48348348348348,-8.23272057794917
Vertical displacement,Theory,Case 1,3.4954954954955,-8.2462446411893
Vertical displacement,Theory,Case 1,3.50750750750751,-8.25965673027028
Vertical displacement,Theory,Case 1,3.51951951951952,-8.27295703032435
Vertical displacement,Theory,Case 1,3.53153153153153,-8.28614573038734
Vertical displacement,Theory,Case 1,3.54354354354354,-8.29922302339867
Vertical displacement,Theory,Case 1,3.55555555555556,-8.31218910620134
Vertical displacement,Theory,Case 1,3.56756756756757,-8.32504417954198
Vertical displacement,Theory,Case 1,3.57957957957958,-8.33778844807074
Vertical displacement,Theory,Case 1,3.59159159159159,-8.35042212034141
Vertical displacement,Theory,Case 1,3.6036036036036,-8.36294540881139
Vertical displacement,Theory,Case 1,3.61561561561562,-8.37535852984164
Vertical displacement,Theory,Case 1,3.62762762762763,-8.38766170369671
Vertical displacement,Theory,Case 1,3.63963963963964,-8.39985515454474
Vertical displacement,Theory,Case 1,3.65165165165165,-8.41193911045746
Vertical displacement,Theory,Case 1,3.66366366366366,-8.42391380341023
Vertical displacement,Theory,Case 1,3.67567567567568,-8.43577946928194
Vertical displacement,Theory,Case 1,3.68768768768769,-8.4475363478551
Vertical displacement,Theory,Case 1,3.6996996996997,-8.45918468281584
Vertical displacement,Theory,Case 1,3.71171171171171,-8.47072472175382
Vertical displacement,Theory,Case 1,3.72372372372372,-8.48215671616234
Vertical displacement,Theory,Case 1,3.73573573573574,-8.49348092143828
Vertical displacement,Theory,Case 1,3.74774774774775,-8.50469759688208
Vertical displacement,Theory,Case 1,3.75975975975976,-8.51580700569784
Vertical displacement,Theory,Case 1,3.77177177177177,-8.52680941499316
Vertical displacement,Theory,Case 1,3.78378378378378,-8.5377050957793
Vertical displacement,Theory,Case 1,3.7957957957958,-8.5484943229711
Vertical displacement,Theory,Case 1,3.80780780780781,-8.55917737538696
Vertical displacement,Theory,Case 1,3.81981981981982,-8.5697545357489
Vertical displacement,Theory,Case 1,3.83183183183183,-8.58022609068253
Vertical displacement,Theory,Case 1,3.84384384384384,-8.59059233071702
Vertical displacement,Theory,Case 1,3.85585585585586,-8.60085355028516
Vertical displacement,Theory,Case 1,3.86786786786787,-8.61101004772335
Vertical displacement,Theory,Case 1,3.87987987987988,-8.62106212527154
Vertical displacement,Theory,Case 1,3.89189189189189,-8.63101008907326
Vertical displacement,Theory,Case 1,3.9039039039039,-8.64085424917571
Vertical displacement,Theory,Case 1,3.91591591591592,-8.65059491952961
Vertical displacement,Theory,Case 1,3.92792792792793,-8.66023241798927
Vertical displacement,Theory,Case 1,3.93993993993994,-8.66976706631261
Vertical displacement,Theory,Case 1,3.95195195195195,-8.67919919016116
Vertical displacement,Theory,Case 1,3.96396396396396,-8.68852911910002
Vertical displacement,Theory,Case 1,3.97597597597598,-8.69775718659786
Vertical displacement,Theory,Case 1,3.98798798798799,-8.706883730027
Vertical displacement,Theory,Case 1,4,-8.7159090906633
Vertical displacement,Theory,Case 1,4.01201201201201,-8.72483361368623
Vertical displacement,Theory,Case 1,4.02402402402402,-8.73365764817884
Vertical displacement,Theory,Case 1,4.03603603603604,-8.74238154712778
Vertical displacement,Theory,Case 1,4.04804804804805,-8.75100566742329
Vertical displacement,Theory,Case 1,4.06006006006006,-8.75953036985921
Vertical displacement,Theory,Case 1,4.07207207207207,-8.76795601913294
Vertical displacement,Theory,Case 1,4.08408408408408,-8.77628298384551
Vertical displacement,Theory,Case 1,4.0960960960961,-8.78451163650151
Vertical displacement,Theory,Case 1,4.10810810810811,-8.79264235350915
Vertical displacement,Theory,Case 1,4.12012012012012,-8.8006755151802
Vertical displacement,Theory,Case 1,4.13213213213213,-8.80861150573005
Vertical displacement,Theory,Case 1,4.14414414414414,-8.81645071327764
Vertical displacement,Theory,Case 1,4.15615615615616,-8.82419352984557
Vertical displacement,Theory,Case 1,4.16816816816817,-8.83184035135996
Vertical displacement,Theory,Case 1,4.18018018018018,-8.83939157765053
Vertical displacement,Theory,Case 1,4.19219219219219,-8.84684761245066
Vertical displacement,Theory,Case 1,4.2042042042042,-8.85420886339726
Vertical displacement,Theory,Case 1,4.21621621621622,-8.86147574203081
Vertical displacement,Theory,Case 1,4.22822822822823,-8.86864866379544
Vertical displacement,Theory,Case 1,4.24024024024024,-8.87572804803884
Vertical displacement,Theory,Case 1,4.25225225225225,-8.88271431801229
Vertical displacement,Theory,Case 1,4.26426426426426,-8.88960790087068
Vertical displacement,Theory,Case 1,4.27627627627628,-8.89640922767245
Vertical displacement,Theory,Case 1,4.28828828828829,-8.90311873337969
Vertical displacement,Theory,Case 1,4.3003003003003,-8.90973685685804
Vertical displacement,Theory,Case 1,4.31231231231231,-8.91626404087673
Vertical displacement,Theory,Case 1,4.32432432432432,-8.92270073210858
Vertical displacement,Theory,Case 1,4.33633633633634,-8.92904738113005
Vertical displacement,Theory,Case 1,4.34834834834835,-8.93530444242114
Vertical displacement,Theory,Case 1,4.36036036036036,-8.94147237436543
Vertical displacement,Theory,Case 1,4.37237237237237,-8.94755163925012
Vertical displacement,Theory,Case 1,4.38438438438438,-8.95354270326603
Vertical displacement,Theory,Case 1,4.3963963963964,-8.95944603650751
Vertical displacement,Theory,Case 1,4.40840840840841,-8.96526211297253
Vertical displacement,Theory,Case 1,4.42042042042042,-8.97099141056266
Vertical displacement,Theory,Case 1,4.43243243243243,-8.97663441108304
Vertical displacement,Theory,Case 1,4.44444444444444,-8.98219160024242
Vertical displacement,Theory,Case 1,4.45645645645646,-8.9876634676531
Vertical displacement,Theory,Case 1,4.46846846846847,-8.99305050683104
Vertical displacement,Theory,Case 1,4.48048048048048,-8.99835321519574
Vertical displacement,Theory,Case 1,4.49249249249249,-9.00357209407031
Vertical displacement,Theory,Case 1,4.5045045045045,-9.00870764868145
Vertical displacement,Theory,Case 1,4.51651651651652,-9.01376038815941
Vertical displacement,Theory,Case 1,4.52852852852853,-9.01873082553813
Vertical displacement,Theory,Case 1,4.54054054054054,-9.02361947775502
Vertical displacement,Theory,Case 1,4.55255255255255,-9.02842686565115
Vertical displacement,Theory,Case 1,4.56456456456456,-9.03315351397121
Vertical displacement,Theory,Case 1,4.57657657657658,-9.03779995136341
Vertical displacement,Theory,Case 1,4.58858858858859,-9.04236671037958
Vertical displacement,Theory,Case 1,4.6006006006006,-9.04685432747516
Vertical displacement,Theory,Case 1,4.61261261261261,-9.05126334300915
Vertical displacement,Theory,Case 1,4.62462462462462,-9.05559430124417
Vertical displacement,Theory,Case 1,4.63663663663664,-9.05984775034639
Vertical displacement,Theory,Case 1,4.64864864864865,-9.06402424238562
Vertical displacement,Theory,Case 1,4.66066066066066,-9.06812433333524
Vertical displacement,Theory,Case 1,4.67267267267267,-9.0721485830722
Vertical displacement,Theory,Case 1,4.68468468468468,-9.07609755537706
Vertical displacement,Theory,Case 1,4.6966966966967,-9.07997181793401
Vertical displacement,Theory,Case 1,4.70870870870871,-9.08377194233075
Vertical displacement,Theory,Case 1,4.72072072072072,-9.08749850405861
Vertical displacement,Theory,Case 1,4.73273273273273,-9.09115208251254
Vertical displacement,Theory,Case 1,4.74474474474474,-9.09473326099106
Vertical displacement,Theory,Case 1,4.75675675675676,-9.09824262669625
Vertical displacement,Theory,Case 1,4.76876876876877,-9.10168077073382
Vertical displacement,Theory,Case 1,4.78078078078078,-9.10504828811307
Vertical displacement,Theory,Case 1,4.79279279279279,-9.10834577774683
Vertical displacement,Theory,Case 1,4.8048048048048,-9.11157384245162
Vertical displacement,Theory,Case 1,4.81681681681682,-9.11473308894748
Vertical displacement,Theory,Case 1,4.82882882882883,-9.11782412785807
Vertical displacement,Theory,Case 1,4.84084084084084,-9.12084757371061
Vertical displacement,Theory,Case 1,4.85285285285285,-9.123804044936
Vertical displacement,Theory,Case 1,4.86486486486486,-9.12669416386858
Vertical displacement,Theory,Case 1,4.87687687687688,-9.1295185567464
Vertical displacement,Theory,Case 1,4.88888888888889,-9.13227785371108
Vertical displacement,Theory,Case 1,4.9009009009009,-9.13497268880778
Vertical displacement,Theory,Case 1,4.91291291291291,-9.13760369998534
Vertical displacement,Theory,Case 1,4.92492492492492,-9.14017152909609
Vertical displacement,Theory,Case 1,4.93693693693694,-9.14267682189603
Vertical displacement,Theory,Case 1,4.94894894894895,-9.14512022804473
Vertical displacement,Theory,Case 1,4.96096096096096,-9.14750240110531
Vertical displacement,Theory,Case 1,4.97297297297297,-9.14982399854453
Vertical displacement,Theory,Case 1,4.98498498498498,-9.15208568173272
Vertical displacement,Theory,Case 1,4.996996996997,-9.15428811594381
Vertical displacement,Theory,Case 1,5.00900900900901,-9.1564319703553
Vertical displacement,Theory,Case 1,5.02102102102102,-9.15851791804832
Vertical displacement,Theory,Case 1,5.03303303303303,-9.16054663600756
Vertical displacement,Theory,Case 1,5.04504504504505,-9.16251880512131
Vertical displacement,Theory,Case 1,5.05705705705706,-9.16443511018144
Vertical displacement,Theory,Case 1,5.06906906906907,-9.16629623988342
Vertical displacement,Theory,Case 1,5.08108108108108,-9.16810288682634
Vertical displacement,Theory,Case 1,5.09309309309309,-9.1698557475128
Vertical displacement,Theory,Case 1,5.10510510510511,-9.17155552234909
Vertical displacement,Theory,Case 1,5.11711711711712,-9.17320291564503
Vertical displacement,Theory,Case 1,5.12912912912913,-9.17479863561404
Vertical displacement,Theory,Case 1,5.14114114114114,-9.17634339437314
Vertical displacement,Theory,Case 1,5.15315315315315,-9.17783790794294
Vertical displacement,Theory,Case 1,5.16516516516517,-9.17928289624762
Vertical displacement,Theory,Case 1,5.17717717717718,-9.18067908311501
Vertical displacement,Theory,Case 1,5.18918918918919,-9.18202719627644
Vertical displacement,Theory,Case 1,5.2012012012012,-9.18332796736694
Vertical displacement,Theory,Case 1,5.21321321321321,-9.18458213192502
Vertical displacement,Theory,Case 1,5.22522522522523,-9.18579042939283
Vertical displacement,Theory,Case 1,5.23723723723724,-9.18695360311619
Vertical displacement,Theory,Case 1,5.24924924924925,-9.18807240034433
Vertical displacement,Theory,Case 1,5.26126126126126,-9.18914757223025
Vertical displacement,Theory,Case 1,5.27327327327327,-9.19017987383045
Vertical displacement,Theory,Case 1,5.28528528528529,-9.19117006410503
Vertical displacement,Theory,Case 1,5.2972972972973,-9.19211890591768
Vertical displacement,Theory,Case 1,5.30930930930931,-9.19302716603571
Vertical displacement,Theory,Case 1,5.32132132132132,-9.19389561512997
Vertical displacement,Theory,Case 1,5.33333333333333,-9.19472502777498
Vertical displacement,Theory,Case 1,5.34534534534535,-9.19551618244877
Vertical displacement,Theory,Case 1,5.35735735735736,-9.196269861533
Vertical displacement,Theory,Case 1,5.36936936936937,-9.19698685131291
Vertical displacement,Theory,Case 1,5.38138138138138,-9.19766794197733
Vertical displacement,Theory,Case 1,5.39339339339339,-9.19831392761872
Vertical displacement,Theory,Case 1,5.40540540540541,-9.19892560623304
Vertical displacement,Theory,Case 1,5.41741741741742,-9.19950377971995
Vertical displacement,Theory,Case 1,5.42942942942943,-9.20004925388263
Vertical displacement,Theory,Case 1,5.44144144144144,-9.20056283842789
Vertical displacement,Theory,Case 1,5.45345345345345,-9.20104534696606
Vertical displacement,Theory,Case 1,5.46546546546547,-9.20149759701115
Vertical displacement,Theory,Case 1,5.47747747747748,-9.20192040998075
Vertical displacement,Theory,Case 1,5.48948948948949,-9.20231461119595
Vertical displacement,Theory,Case 1,5.5015015015015,-9.20268102988155
Vertical displacement,Theory,Case 1,5.51351351351351,-9.20302049916585
Vertical displacement,Theory,Case 1,5.52552552552553,-9.20333385608081
Vertical displacement,Theory,Case 1,5.53753753753754,-9.20362194156189
Vertical displacement,Theory,Case 1,5.54954954954955,-9.20388560044826
Vertical displacement,Theory,Case 1,5.56156156156156,-9.20412568148263
Vertical displacement,Theory,Case 1,5.57357357357357,-9.20434303731121
Vertical displacement,Theory,Case 1,5.58558558558559,-9.20453852448395
Vertical displacement,Theory,Case 1,5.5975975975976,-9.20471300345431
Vertical displacement,Theory,Case 1,5.60960960960961,-9.20486733857933
Vertical displacement,Theory,Case 1,5.62162162162162,-9.2050023981197
Vertical displacement,Theory,Case 1,5.63363363363363,-9.20511905423964
Vertical displacement,Theory,Case 1,5.64564564564565,-9.20521818300699
Vertical displacement,Theory,Case 1,5.65765765765766,-9.20530066439318
Vertical displacement,Theory,Case 1,5.66966966966967,-9.20536738227324
Vertical displacement,Theory,Case 1,5.68168168168168,-9.20541922442578
Vertical displacement,Theory,Case 1,5.69369369369369,-9.20545708253297
Vertical displacement,Theory,Case 1,5.70570570570571,-9.20548185218061
Vertical displacement,Theory,Case 1,5.71771771771772,-9.20549443285813
Vertical displacement,Theory,Case 1,5.72972972972973,-9.20549572795846
Vertical displacement,Theory,Case 1,5.74174174174174,-9.20548664477813
Vertical displacement,Theory,Case 1,5.75375375375375,-9.2054680945174
Vertical displacement,Theory,Case 1,5.76576576576577,-9.2054409922799
Vertical displacement,Theory,Case 1,5.77777777777778,-9.20540625707305
Vertical displacement,Theory,Case 1,5.78978978978979,-9.20536481180774
Vertical displacement,Theory,Case 1,5.8018018018018,-9.20531758329848
Vertical displacement,Theory,Case 1,5.81381381381381,-9.20526550226344
Vertical displacement,Theory,Case 1,5.82582582582583,-9.20520950332425
Vertical displacement,Theory,Case 1,5.83783783783784,-9.20515052500623
Vertical displacement,Theory,Case 1,5.84984984984985,-9.20508950973828
Vertical displacement,Theory,Case 1,5.86186186186186,-9.20502740385282
Vertical displacement,Theory,Case 1,5.87387387387387,-9.20496515758599
Vertical displacement,Theory,Case 1,5.88588588588589,-9.20490372507739
Vertical displacement,Theory,Case 1,5.8978978978979,-9.2048440643703
Vertical displacement,Theory,Case 1,5.90990990990991,-9.20478713741155
Vertical displacement,Theory,Case 1,5.92192192192192,-9.20473391005153
Vertical displacement,Theory,Case 1,5.93393393393393,-9.2046853520443
Vertical displacement,Theory,Case 1,5.94594594594595,-9.20464243704747
Vertical displacement,Theory,Case 1,5.95795795795796,-9.20460614262222
Vertical displacement,Theory,Case 1,5.96996996996997,-9.20457745023339
Vertical displacement,Theory,Case 1,5.98198198198198,-9.20455734524928
Vertical displacement,Theory,Case 1,5.99399399399399,-9.20454681694195
Vertical displacement,Theory,Case 1,6.00600600600601,-9.20454681694195
Vertical displacement,Theory,Case 1,6.01801801801802,-9.20455734524928
Vertical displacement,Theory,Case 1,6.03003003003003,-9.20457745023338
Vertical displacement,Theory,Case 1,6.04204204204204,-9.20460614262222
Vertical displacement,Theory,Case 1,6.05405405405405,-9.20464243704747
Vertical displacement,Theory,Case 1,6.06606606606607,-9.20468535204431
Vertical displacement,Theory,Case 1,6.07807807807808,-9.20473391005153
Vertical displacement,Theory,Case 1,6.09009009009009,-9.20478713741153
Vertical displacement,Theory,Case 1,6.1021021021021,-9.2048440643703
Vertical displacement,Theory,Case 1,6.11411411411411,-9.20490372507739
Vertical displacement,Theory,Case 1,6.12612612612613,-9.20496515758597
Vertical displacement,Theory,Case 1,6.13813813813814,-9.20502740385283
Vertical displacement,Theory,Case 1,6.15015015015015,-9.20508950973827
Vertical displacement,Theory,Case 1,6.16216216216216,-9.20515052500624
Vertical displacement,Theory,Case 1,6.17417417417417,-9.20520950332424
Vertical displacement,Theory,Case 1,6.18618618618619,-9.20526550226343
Vertical displacement,Theory,Case 1,6.1981981981982,-9.20531758329849
Vertical displacement,Theory,Case 1,6.21021021021021,-9.20536481180774
Vertical displacement,Theory,Case 1,6.22222222222222,-9.20540625707304
Vertical displacement,Theory,Case 1,6.23423423423423,-9.20544099227991
Vertical displacement,Theory,Case 1,6.24624624624625,-9.20546809451739
Vertical displacement,Theory,Case 1,6.25825825825826,-9.20548664477813
Vertical displacement,Theory,Case 1,6.27027027027027,-9.20549572795846
Vertical displacement,Theory,Case 1,6.28228228228228,-9.20549443285813
Vertical displacement,Theory,Case 1,6.29429429429429,-9.20548185218062
Vertical displacement,Theory,Case 1,6.30630630630631,-9.20545708253297
Vertical displacement,Theory,Case 1,6.31831831831832,-9.20541922442577
Vertical displacement,Theory,Case 1,6.33033033033033,-9.20536738227325
Vertical displacement,Theory,Case 1,6.34234234234234,-9.20530066439317
Vertical displacement,Theory,Case 1,6.35435435435435,-9.20521818300699
Vertical displacement,Theory,Case 1,6.36636636636637,-9.20511905423963
Vertical displacement,Theory,Case 1,6.37837837837838,-9.20500239811969
Vertical displacement,Theory,Case 1,6.39039039039039,-9.20486733857934
Vertical displacement,Theory,Case 1,6.4024024024024,-9.20471300345431
Vertical displacement,Theory,Case 1,6.41441441441441,-9.20453852448394
Vertical displacement,Theory,Case 1,6.42642642642643,-9.20434303731121
Vertical displacement,Theory,Case 1,6.43843843843844,-9.20412568148262
Vertical displacement,Theory,Case 1,6.45045045045045,-9.20388560044827
Vertical displacement,Theory,Case 1,6.46246246246246,-9.20362194156191
Vertical displacement,Theory,Case 1,6.47447447447447,-9.20333385608079
Vertical displacement,Theory,Case 1,6.48648648648649,-9.20302049916585
Vertical displacement,Theory,Case 1,6.4984984984985,-9.20268102988155
Vertical displacement,Theory,Case 1,6.51051051051051,-9.20231461119595
Vertical displacement,Theory,Case 1,6.52252252252252,-9.20192040998075
Vertical displacement,Theory,Case 1,6.53453453453453,-9.20149759701115
Vertical displacement,Theory,Case 1,6.54654654654655,-9.20104534696606
Vertical displacement,Theory,Case 1,6.55855855855856,-9.20056283842788
Vertical displacement,Theory,Case 1,6.57057057057057,-9.20004925388263
Vertical displacement,Theory,Case 1,6.58258258258258,-9.19950377971995
Vertical displacement,Theory,Case 1,6.59459459459459,-9.19892560623304
Vertical displacement,Theory,Case 1,6.60660660660661,-9.1983139276187
Vertical displacement,Theory,Case 1,6.61861861861862,-9.19766794197734
Vertical displacement,Theory,Case 1,6.63063063063063,-9.19698685131289
Vertical displacement,Theory,Case 1,6.64264264264264,-9.196269861533
Vertical displacement,Theory,Case 1,6.65465465465465,-9.19551618244878
Vertical displacement,Theory,Case 1,6.66666666666667,-9.19472502777498
Vertical displacement,Theory,Case 1,6.67867867867868,-9.19389561512997
Vertical displacement,Theory,Case 1,6.69069069069069,-9.19302716603571
Vertical displacement,Theory,Case 1,6.7027027027027,-9.19211890591767
Vertical displacement,Theory,Case 1,6.71471471471471,-9.19117006410502
Vertical displacement,Theory,Case 1,6.72672672672673,-9.19017987383045
Vertical displacement,Theory,Case 1,6.73873873873874,-9.18914757223026
Vertical displacement,Theory,Case 1,6.75075075075075,-9.18807240034434
Vertical displacement,Theory,Case 1,6.76276276276276,-9.18695360311619
Vertical displacement,Theory,Case 1,6.77477477477477,-9.18579042939285
Vertical displacement,Theory,Case 1,6.78678678678679,-9.18458213192502
Vertical displacement,Theory,Case 1,6.7987987987988,-9.18332796736694
Vertical displacement,Theory,Case 1,6.81081081081081,-9.18202719627644
Vertical displacement,Theory,Case 1,6.82282282282282,-9.18067908311502
Vertical displacement,Theory,Case 1,6.83483483483483,-9.17928289624763
Vertical displacement,Theory,Case 1,6.84684684684685,-9.17783790794294
Vertical displacement,Theory,Case 1,6.85885885885886,-9.17634339437313
Vertical displacement,Theory,Case 1,6.87087087087087,-9.17479863561405
Vertical displacement,Theory,Case 1,6.88288288288288,-9.17320291564503
Vertical displacement,Theory,Case 1,6.89489489489489,-9.17155552234908
Vertical displacement,Theory,Case 1,6.90690690690691,-9.1698557475128
Vertical displacement,Theory,Case 1,6.91891891891892,-9.16810288682633
Vertical displacement,Theory,Case 1,6.93093093093093,-9.16629623988342
Vertical displacement,Theory,Case 1,6.94294294294294,-9.16443511018144
Vertical displacement,Theory,Case 1,6.95495495495495,-9.16251880512129
Vertical displacement,Theory,Case 1,6.96696696696697,-9.16054663600756
Vertical displacement,Theory,Case 1,6.97897897897898,-9.15851791804833
Vertical displacement,Theory,Case 1,6.99099099099099,-9.1564319703553
Vertical displacement,Theory,Case 1,7.003003003003,-9.1542881159438
Vertical displacement,Theory,Case 1,7.01501501501502,-9.15208568173272
Vertical displacement,Theory,Case 1,7.02702702702703,-9.14982399854454
Vertical displacement,Theory,Case 1,7.03903903903904,-9.1475024011053
Vertical displacement,Theory,Case 1,7.05105105105105,-9.14512022804472
Vertical displacement,Theory,Case 1,7.06306306306306,-9.14267682189603
Vertical displacement,Theory,Case 1,7.07507507507508,-9.1401715290961
Vertical displacement,Theory,Case 1,7.08708708708709,-9.13760369998534
Vertical displacement,Theory,Case 1,7.0990990990991,-9.13497268880779
Vertical displacement,Theory,Case 1,7.11111111111111,-9.13227785371106
Vertical displacement,Theory,Case 1,7.12312312312312,-9.1295185567464
Vertical displacement,Theory,Case 1,7.13513513513514,-9.12669416386857
Vertical displacement,Theory,Case 1,7.14714714714715,-9.123804044936
Vertical displacement,Theory,Case 1,7.15915915915916,-9.12084757371064
Vertical displacement,Theory,Case 1,7.17117117117117,-9.11782412785806
Vertical displacement,Theory,Case 1,7.18318318318318,-9.11473308894748
Vertical displacement,Theory,Case 1,7.1951951951952,-9.11157384245163
Vertical displacement,Theory,Case 1,7.20720720720721,-9.10834577774681
Vertical displacement,Theory,Case 1,7.21921921921922,-9.10504828811307
Vertical displacement,Theory,Case 1,7.23123123123123,-9.10168077073382
Vertical displacement,Theory,Case 1,7.24324324324324,-9.09824262669625
Vertical displacement,Theory,Case 1,7.25525525525526,-9.09473326099107
Vertical displacement,Theory,Case 1,7.26726726726727,-9.09115208251255
Vertical displacement,Theory,Case 1,7.27927927927928,-9.08749850405861
Vertical displacement,Theory,Case 1,7.29129129129129,-9.08377194233073
Vertical displacement,Theory,Case 1,7.3033033033033,-9.079971817934
Vertical displacement,Theory,Case 1,7.31531531531532,-9.07609755537708
Vertical displacement,Theory,Case 1,7.32732732732733,-9.07214858307218
Vertical displacement,Theory,Case 1,7.33933933933934,-9.06812433333522
Vertical displacement,Theory,Case 1,7.35135135135135,-9.06402424238562
Vertical displacement,Theory,Case 1,7.36336336336336,-9.05984775034638
Vertical displacement,Theory,Case 1,7.37537537537538,-9.05559430124417
Vertical displacement,Theory,Case 1,7.38738738738739,-9.05126334300915
Vertical displacement,Theory,Case 1,7.3993993993994,-9.04685432747516
Vertical displacement,Theory,Case 1,7.41141141141141,-9.04236671037958
Vertical displacement,Theory,Case 1,7.42342342342342,-9.03779995136342
Vertical displacement,Theory,Case 1,7.43543543543544,-9.03315351397119
Vertical displacement,Theory,Case 1,7.44744744744745,-9.02842686565115
Vertical displacement,Theory,Case 1,7.45945945945946,-9.02361947775502
Vertical displacement,Theory,Case 1,7.47147147147147,-9.01873082553811
Vertical displacement,Theory,Case 1,7.48348348348348,-9.01376038815941
Vertical displacement,Theory,Case 1,7.4954954954955,-9.00870764868145
Vertical displacement,Theory,Case 1,7.50750750750751,-9.00357209407032
Vertical displacement,Theory,Case 1,7.51951951951952,-8.99835321519574
Vertical displacement,Theory,Case 1,7.53153153153153,-8.99305050683104
Vertical displacement,Theory,Case 1,7.54354354354354,-8.9876634676531
Vertical displacement,Theory,Case 1,7.55555555555556,-8.98219160024242
Vertical displacement,Theory,Case 1,7.56756756756757,-8.97663441108303
Vertical displacement,Theory,Case 1,7.57957957957958,-8.97099141056267
Vertical displacement,Theory,Case 1,7.59159159159159,-8.96526211297254
Vertical displacement,Theory,Case 1,7.6036036036036,-8.95944603650752
Vertical displacement,Theory,Case 1,7.61561561561562,-8.95354270326602
Vertical displacement,Theory,Case 1,7.62762762762763,-8.94755163925012
Vertical displacement,Theory,Case 1,7.63963963963964,-8.94147237436543
Vertical displacement,Theory,Case 1,7.65165165165165,-8.93530444242114
Vertical displacement,Theory,Case 1,7.66366366366366,-8.92904738113005
Vertical displacement,Theory,Case 1,7.67567567567568,-8.92270073210859
Vertical displacement,Theory,Case 1,7.68768768768769,-8.91626404087673
Vertical displacement,Theory,Case 1,7.6996996996997,-8.90973685685804
Vertical displacement,Theory,Case 1,7.71171171171171,-8.90311873337969
Vertical displacement,Theory,Case 1,7.72372372372372,-8.89640922767244
Vertical displacement,Theory,Case 1,7.73573573573574,-8.88960790087068
Vertical displacement,Theory,Case 1,7.74774774774775,-8.88271431801229
Vertical displacement,Theory,Case 1,7.75975975975976,-8.87572804803884
Vertical displacement,Theory,Case 1,7.77177177177177,-8.86864866379544
Vertical displacement,Theory,Case 1,7.78378378378378,-8.8614757420308
Vertical displacement,Theory,Case 1,7.7957957957958,-8.85420886339726
Vertical displacement,Theory,Case 1,7.80780780780781,-8.84684761245066
Vertical displacement,Theory,Case 1,7.81981981981982,-8.83939157765054
Vertical displacement,Theory,Case 1,7.83183183183183,-8.83184035135996
Vertical displacement,Theory,Case 1,7.84384384384384,-8.82419352984556
Vertical displacement,Theory,Case 1,7.85585585585586,-8.81645071327765
Vertical displacement,Theory,Case 1,7.86786786786787,-8.80861150573005
Vertical displacement,Theory,Case 1,7.87987987987988,-8.8006755151802
Vertical displacement,Theory,Case 1,7.89189189189189,-8.79264235350914
Vertical displacement,Theory,Case 1,7.9039039039039,-8.78451163650151
Vertical displacement,Theory,Case 1,7.91591591591592,-8.77628298384551
Vertical displacement,Theory,Case 1,7.92792792792793,-8.76795601913294
Vertical displacement,Theory,Case 1,7.93993993993994,-8.75953036985921
Vertical displacement,Theory,Case 1,7.95195195195195,-8.75100566742329
Vertical displacement,Theory,Case 1,7.96396396396396,-8.74238154712779
Vertical displacement,Theory,Case 1,7.97597597597598,-8.73365764817884
Vertical displacement,Theory,Case 1,7.98798798798799,-8.72483361368624
Vertical displacement,Theory,Case 1,8,-8.7159090906633
Vertical displacement,Theory,Case 1,8.01201201201201,-8.706883730027
Vertical displacement,Theory,Case 1,8.02402402402402,-8.69775718659787
Vertical displacement,Theory,Case 1,8.03603603603604,-8.6885291191
Vertical displacement,Theory,Case 1,8.04804804804805,-8.67919919016114
Vertical displacement,Theory,Case 1,8.06006006006006,-8.66976706631261
Vertical displacement,Theory,Case 1,8.07207207207207,-8.66023241798926
Vertical displacement,Theory,Case 1,8.08408408408408,-8.65059491952959
Vertical displacement,Theory,Case 1,8.0960960960961,-8.64085424917572
Vertical displacement,Theory,Case 1,8.10810810810811,-8.63101008907329
Vertical displacement,Theory,Case 1,8.12012012012012,-8.62106212527154
Vertical displacement,Theory,Case 1,8.13213213213213,-8.61101004772335
Vertical displacement,Theory,Case 1,8.14414414414414,-8.60085355028517
Vertical displacement,Theory,Case 1,8.15615615615616,-8.59059233071701
Vertical displacement,Theory,Case 1,8.16816816816817,-8.58022609068253
Vertical displacement,Theory,Case 1,8.18018018018018,-8.5697545357489
Vertical displacement,Theory,Case 1,8.19219219219219,-8.55917737538695
Vertical displacement,Theory,Case 1,8.2042042042042,-8.54849432297108
Vertical displacement,Theory,Case 1,8.21621621621622,-8.5377050957793
Vertical displacement,Theory,Case 1,8.22822822822823,-8.52680941499317
Vertical displacement,Theory,Case 1,8.24024024024024,-8.51580700569784
Vertical displacement,Theory,Case 1,8.25225225225225,-8.50469759688208
Vertical displacement,Theory,Case 1,8.26426426426426,-8.49348092143828
Vertical displacement,Theory,Case 1,8.27627627627628,-8.48215671616233
Vertical displacement,Theory,Case 1,8.28828828828829,-8.47072472175381
Vertical displacement,Theory,Case 1,8.3003003003003,-8.45918468281585
Vertical displacement,Theory,Case 1,8.31231231231231,-8.44753634785511
Vertical displacement,Theory,Case 1,8.32432432432432,-8.43577946928194
Vertical displacement,Theory,Case 1,8.33633633633634,-8.42391380341025
Vertical displacement,Theory,Case 1,8.34834834834835,-8.41193911045746
Vertical displacement,Theory,Case 1,8.36036036036036,-8.39985515454472
Vertical displacement,Theory,Case 1,8.37237237237237,-8.3876617036967
Vertical displacement,Theory,Case 1,8.38438438438438,-8.37535852984165
Vertical displacement,Theory,Case 1,8.3963963963964,-8.36294540881141
Vertical displacement,Theory,Case 1,8.40840840840841,-8.35042212034142
Vertical displacement,Theory,Case 1,8.42042042042042,-8.33778844807073
Vertical displacement,Theory,Case 1,8.43243243243243,-8.32504417954198
Vertical displacement,Theory,Case 1,8.44444444444444,-8.31218910620134
Vertical displacement,Theory,Case 1,8.45645645645646,-8.29922302339868
Vertical displacement,Theory,Case 1,8.46846846846847,-8.28614573038733
Vertical displacement,Theory,Case 1,8.48048048048048,-8.27295703032435
Vertical displacement,Theory,Case 1,8.49249249249249,-8.25965673027027
Vertical displacement,Theory,Case 1,8.5045045045045,-8.24624464118932
Vertical displacement,Theory,Case 1,8.51651651651652,-8.23272057794916
Vertical displacement,Theory,Case 1,8.52852852852853,-8.21908435932126
Vertical displacement,Theory,Case 1,8.54054054054054,-8.2053358079805
Vertical displacement,Theory,Case 1,8.55255255255255,-8.19147475050541
Vertical displacement,Theory,Case 1,8.56456456456456,-8.17750101737815
Vertical displacement,Theory,Case 1,8.57657657657658,-8.16341444298441
Vertical displacement,Theory,Case 1,8.58858858858859,-8.14921486561351
Vertical displacement,Theory,Case 1,8.6006006006006,-8.13490212745838
Vertical displacement,Theory,Case 1,8.61261261261261,-8.12047607461545
Vertical displacement,Theory,Case 1,8.62462462462462,-8.10593655708486
Vertical displacement,Theory,Case 1,8.63663663663664,-8.09128342877022
Vertical displacement,Theory,Case 1,8.64864864864865,-8.07651654747885
Vertical displacement,Theory,Case 1,8.66066066066066,-8.06163577492158
Vertical displacement,Theory,Case 1,8.67267267267267,-8.04664097671288
Vertical displacement,Theory,Case 1,8.68468468468468,-8.03153202237074
Vertical displacement,Theory,Case 1,8.6966966966967,-8.0163087853168
Vertical displacement,Theory,Case 1,8.70870870870871,-8.00097114287631
Vertical displacement,Theory,Case 1,8.72072072072072,-7.98551897627806
Vertical displacement,Theory,Case 1,8.73273273273273,-7.96995217065446
Vertical displacement,Theory,Case 1,8.74474474474474,-7.95427061504145
Vertical displacement,Theory,Case 1,8.75675675675676,-7.9384742023787
Vertical displacement,Theory,Case 1,8.76876876876877,-7.92256282950931
Vertical displacement,Theory,Case 1,8.78078078078078,-7.90653639718008
Vertical displacement,Theory,Case 1,8.79279279279279,-7.89039481004134
Vertical displacement,Theory,Case 1,8.8048048048048,-7.87413797664706
Vertical displacement,Theory,Case 1,8.81681681681682,-7.85776580945479
Vertical displacement,Theory,Case 1,8.82882882882883,-7.84127822482561
Vertical displacement,Theory,Case 1,8.84084084084084,-7.82467514302427
Vertical displacement,Theory,Case 1,8.85285285285285,-7.80795648821908
Vertical displacement,Theory,Case 1,8.86486486486486,-7.79112218848193
Vertical displacement,Theory,Case 1,8.87687687687688,-7.7741721757883
Vertical displacement,Theory,Case 1,8.88888888888889,-7.75710638601732
Vertical displacement,Theory,Case 1,8.9009009009009,-7.73992475895162
Vertical displacement,Theory,Case 1,8.91291291291291,-7.72262723827746
Vertical displacement,Theory,Case 1,8.92492492492492,-7.70521377158473
Vertical displacement,Theory,Case 1,8.93693693693694,-7.68768431036687
Vertical displacement,Theory,Case 1,8.94894894894895,-7.67003881002088
Vertical displacement,Theory,Case 1,8.96096096096096,-7.65227722984744
Vertical displacement,Theory,Case 1,8.97297297297297,-7.63439953305073
Vertical displacement,Theory,Case 1,8.98498498498498,-7.61640568673857
Vertical displacement,Theory,Case 1,8.996996996997,-7.59829566192236
Vertical displacement,Theory,Case 1,9.00900900900901,-7.58006943351711
Vertical displacement,Theory,Case 1,9.02102102102102,-7.56172698034138
Vertical displacement,Theory,Case 1,9.03303303303303,-7.54326828511738
Vertical displacement,Theory,Case 1,9.04504504504505,-7.52469333447082
Vertical displacement,Theory,Case 1,9.05705705705706,-7.50600211893114
Vertical displacement,Theory,Case 1,9.06906906906907,-7.48719463293117
Vertical displacement,Theory,Case 1,9.08108108108108,-7.46827087480754
Vertical displacement,Theory,Case 1,9.09309309309309,-7.44923084680035
Vertical displacement,Theory,Case 1,9.10510510510511,-7.43007455505332
Vertical displacement,Theory,Case 1,9.11711711711712,-7.41080200961376
Vertical displacement,Theory,Case 1,9.12912912912913,-7.39141322443255
Vertical displacement,Theory,Case 1,9.14114114114114,-7.37190821736422
Vertical displacement,Theory,Case 1,9.15315315315315,-7.35228701016685
Vertical displacement,Theory,Case 1,9.16516516516517,-7.33254962850208
Vertical displacement,Theory,Case 1,9.17717717717718,-7.31269610193523
Vertical displacement,Theory,Case 1,9.18918918918919,-7.29272646393512
Vertical displacement,Theory,Case 1,9.2012012012012,-7.27264075187417
Vertical displacement,Theory,Case 1,9.21321321321321,-7.25243900702848
Vertical displacement,Theory,Case 1,9.22522522522523,-7.23212127457765
Vertical displacement,Theory,Case 1,9.23723723723724,-7.21168760360491
Vertical displacement,Theory,Case 1,9.24924924924925,-7.19113804709705
Vertical displacement,Theory,Case 1,9.26126126126126,-7.17047266194448
Vertical displacement,Theory,Case 1,9.27327327327327,-7.1496915089412
Vertical displacement,Theory,Case 1,9.28528528528529,-7.12879465278479
Vertical displacement,Theory,Case 1,9.2972972972973,-7.10778216207646
Vertical displacement,Theory,Case 1,9.30930930930931,-7.08665410932091
Vertical displacement,Theory,Case 1,9.32132132132132,-7.06541057092654
Vertical displacement,Theory,Case 1,9.33333333333333,-7.04405162720527
Vertical displacement,Theory,Case 1,9.34534534534535,-7.02257736237269
Vertical displacement,Theory,Case 1,9.35735735735736,-7.00098786454789
Vertical displacement,Theory,Case 1,9.36936936936937,-6.97928322575357
Vertical displacement,Theory,Case 1,9.38138138138138,-6.9574635419161
Vertical displacement,Theory,Case 1,9.39339339339339,-6.93552891286534
Vertical displacement,Theory,Case 1,9.40540540540541,-6.9134794423348
Vertical displacement,Theory,Case 1,9.41741741741742,-6.89131523796158
Vertical displacement,Theory,Case 1,9.42942942942943,-6.86903641128632
Vertical displacement,Theory,Case 1,9.44144144144144,-6.84664307775331
Vertical displacement,Theory,Case 1,9.45345345345345,-6.8241353567104
Vertical displacement,Theory,Case 1,9.46546546546547,-6.80151337140905
Vertical displacement,Theory,Case 1,9.47747747747748,-6.77877724900428
Vertical displacement,Theory,Case 1,9.48948948948949,-6.75592712055474
Vertical displacement,Theory,Case 1,9.5015015015015,-6.73296312102265
Vertical displacement,Theory,Case 1,9.51351351351351,-6.70988538927379
Vertical displacement,Theory,Case 1,9.52552552552553,-6.68669406807757
Vertical displacement,Theory,Case 1,9.53753753753754,-6.66338930410704
Vertical displacement,Theory,Case 1,9.54954954954955,-6.63997124793873
Vertical displacement,Theory,Case 1,9.56156156156156,-6.61644005405287
Vertical displacement,Theory,Case 1,9.57357357357357,-6.59279588083315
Vertical displacement,Theory,Case 1,9.58558558558559,-6.56903889056699
Vertical displacement,Theory,Case 1,9.5975975975976,-6.54516924944533
Vertical displacement,Theory,Case 1,9.60960960960961,-6.52118712756266
Vertical displacement,Theory,Case 1,9.62162162162162,-6.49709269891717
Vertical displacement,Theory,Case 1,9.63363363363363,-6.47288614141055
Vertical displacement,Theory,Case 1,9.64564564564565,-6.44856763684817
Vertical displacement,Theory,Case 1,9.65765765765766,-6.42413737093886
Vertical displacement,Theory,Case 1,9.66966966966967,-6.39959553329513
Vertical displacement,Theory,Case 1,9.68168168168168,-6.37494231743306
Vertical displacement,Theory,Case 1,9.69369369369369,-6.35017792077241
Vertical displacement,Theory,Case 1,9.70570570570571,-6.32530254463634
Vertical displacement,Theory,Case 1,9.71771771771772,-6.30031639425173
Vertical displacement,Theory,Case 1,9.72972972972973,-6.27521967874913
Vertical displacement,Theory,Case 1,9.74174174174174,-6.25001261116241
Vertical displacement,Theory,Case 1,9.75375375375375,-6.22469540842935
Vertical displacement,Theory,Case 1,9.76576576576577,-6.1992682913911
Vertical displacement,Theory,Case 1,9.77777777777778,-6.17373148479252
Vertical displacement,Theory,Case 1,9.78978978978979,-6.14808521728195
Vertical displacement,Theory,Case 1,9.8018018018018,-6.12232972141144
Vertical displacement,Theory,Case 1,9.81381381381381,-6.09646523363658
Vertical displacement,Theory,Case 1,9.82582582582583,-6.07049199431644
Vertical displacement,Theory,Case 1,9.83783783783784,-6.04441024771396
Vertical displacement,Theory,Case 1,9.84984984984985,-6.01822024199533
Vertical displacement,Theory,Case 1,9.86186186186186,-5.99192222923066
Vertical displacement,Theory,Case 1,9.87387387387387,-5.96551646539338
Vertical displacement,Theory,Case 1,9.88588588588589,-5.93900321036065
Vertical displacement,Theory,Case 1,9.8978978978979,-5.91238272791319
Vertical displacement,Theory,Case 1,9.90990990990991,-5.88565528573534
Vertical displacement,Theory,Case 1,9.92192192192192,-5.85882115541499
Vertical displacement,Theory,Case 1,9.93393393393393,-5.83188061244365
Vertical displacement,Theory,Case 1,9.94594594594595,-5.80483393621637
Vertical displacement,Theory,Case 1,9.95795795795796,-5.77768141003184
Vertical displacement,Theory,Case 1,9.96996996996997,-5.75042332109233
Vertical displacement,Theory,Case 1,9.98198198198198,-5.72305996050371
Vertical displacement,Theory,Case 1,9.99399399399399,-5.69559162327545
Vertical displacement,Theory,Case 1,10.006006006006,-5.66801860832054
Vertical displacement,Theory,Case 1,10.018018018018,-5.64034121845564
Vertical displacement,Theory,Case 1,10.03003003003,-5.61255976040098
Vertical displacement,Theory,Case 1,10.042042042042,-5.58467454478042
Vertical displacement,Theory,Case 1,10.0540540540541,-5.55668588612125
Vertical displacement,Theory,Case 1,10.0660660660661,-5.52859410285456
Vertical displacement,Theory,Case 1,10.0780780780781,-5.50039951731488
Vertical displacement,Theory,Case 1,10.0900900900901,-5.47210245574047
Vertical displacement,Theory,Case 1,10.1021021021021,-5.44370324827298
Vertical displacement,Theory,Case 1,10.1141141141141,-5.41520222895792
Vertical displacement,Theory,Case 1,10.1261261261261,-5.3865997357441
Vertical displacement,Theory,Case 1,10.1381381381381,-5.35789611048413
Vertical displacement,Theory,Case 1,10.1501501501502,-5.32909169893414
Vertical displacement,Theory,Case 1,10.1621621621622,-5.30018685075387
Vertical displacement,Theory,Case 1,10.1741741741742,-5.27118191950654
Vertical displacement,Theory,Case 1,10.1861861861862,-5.24207726265922
Vertical displacement,Theory,Case 1,10.1981981981982,-5.21287324158227
Vertical displacement,Theory,Case 1,10.2102102102102,-5.18357022154983
Vertical displacement,Theory,Case 1,10.2222222222222,-5.15416857173958
Vertical displacement,Theory,Case 1,10.2342342342342,-5.12466866523277
Vertical displacement,Theory,Case 1,10.2462462462462,-5.09507087901429
Vertical displacement,Theory,Case 1,10.2582582582583,-5.06537559397256
Vertical displacement,Theory,Case 1,10.2702702702703,-5.03558319489962
Vertical displacement,Theory,Case 1,10.2822822822823,-5.00569407049113
Vertical displacement,Theory,Case 1,10.2942942942943,-4.97570861334632
Vertical displacement,Theory,Case 1,10.3063063063063,-4.94562721996802
Vertical displacement,Theory,Case 1,10.3183183183183,-4.91545029076256
Vertical displacement,Theory,Case 1,10.3303303303303,-4.88517823004002
Vertical displacement,Theory,Case 1,10.3423423423423,-4.85481144601398
Vertical displacement,Theory,Case 1,10.3543543543544,-4.82435035080156
Vertical displacement,Theory,Case 1,10.3663663663664,-4.79379536042355
Vertical displacement,Theory,Case 1,10.3783783783784,-4.76314689480433
Vertical displacement,Theory,Case 1,10.3903903903904,-4.73240537777188
Vertical displacement,Theory,Case 1,10.4024024024024,-4.7015712370577
Vertical displacement,Theory,Case 1,10.4144144144144,-4.67064490429693
Vertical displacement,Theory,Case 1,10.4264264264264,-4.63962681502827
Vertical displacement,Theory,Case 1,10.4384384384384,-4.60851740869412
Vertical displacement,Theory,Case 1,10.4504504504505,-4.5773171286403
Vertical displacement,Theory,Case 1,10.4624624624625,-4.54602642211635
Vertical displacement,Theory,Case 1,10.4744744744745,-4.51464574027536
Vertical displacement,Theory,Case 1,10.4864864864865,-4.483175538174
Vertical displacement,Theory,Case 1,10.4984984984985,-4.45161627477253
Vertical displacement,Theory,Case 1,10.5105105105105,-4.41996841293485
Vertical displacement,Theory,Case 1,10.5225225225225,-4.38823241942837
Vertical displacement,Theory,Case 1,10.5345345345345,-4.35640876492418
Vertical displacement,Theory,Case 1,10.5465465465465,-4.32449792399689
Vertical displacement,Theory,Case 1,10.5585585585586,-4.29250037512464
Vertical displacement,Theory,Case 1,10.5705705705706,-4.26041660068943
Vertical displacement,Theory,Case 1,10.5825825825826,-4.22824708697654
Vertical displacement,Theory,Case 1,10.5945945945946,-4.19599232417495
Vertical displacement,Theory,Case 1,10.6066066066066,-4.16365280637734
Vertical displacement,Theory,Case 1,10.6186186186186,-4.1312290315798
Vertical displacement,Theory,Case 1,10.6306306306306,-4.09872150168219
Vertical displacement,Theory,Case 1,10.6426426426426,-4.0661307224878
Vertical displacement,Theory,Case 1,10.6546546546547,-4.03345720370364
Vertical displacement,Theory,Case 1,10.6666666666667,-4.00070145894018
Vertical displacement,Theory,Case 1,10.6786786786787,-3.96786400571168
Vertical displacement,Theory,Case 1,10.6906906906907,-3.93494536543572
Vertical displacement,Theory,Case 1,10.7027027027027,-3.90194606343372
Vertical displacement,Theory,Case 1,10.7147147147147,-3.86886662893055
Vertical displacement,Theory,Case 1,10.7267267267267,-3.83570759505473
Vertical displacement,Theory,Case 1,10.7387387387387,-3.80246949883827
Vertical displacement,Theory,Case 1,10.7507507507508,-3.769152881217
Vertical displacement,Theory,Case 1,10.7627627627628,-3.73575828703004
Vertical displacement,Theory,Case 1,10.7747747747748,-3.70228626502032
Vertical displacement,Theory,Case 1,10.7867867867868,-3.66873736783436
Vertical displacement,Theory,Case 1,10.7987987987988,-3.63511215202204
Vertical displacement,Theory,Case 1,10.8108108108108,-3.60141117803717
Vertical displacement,Theory,Case 1,10.8228228228228,-3.56763501023688
Vertical displacement,Theory,Case 1,10.8348348348348,-3.53378421688201
Vertical displacement,Theory,Case 1,10.8468468468468,-3.49985937013699
Vertical displacement,Theory,Case 1,10.8588588588589,-3.46586104606977
Vertical displacement,Theory,Case 1,10.8708708708709,-3.43178982465199
Vertical displacement,Theory,Case 1,10.8828828828829,-3.39764628975878
Vertical displacement,Theory,Case 1,10.8948948948949,-3.36343102916896
Vertical displacement,Theory,Case 1,10.9069069069069,-3.3291446345649
Vertical displacement,Theory,Case 1,10.9189189189189,-3.29478770153249
Vertical displacement,Theory,Case 1,10.9309309309309,-3.26036082956129
Vertical displacement,Theory,Case 1,10.9429429429429,-3.22586462204453
Vertical displacement,Theory,Case 1,10.954954954955,-3.19129968627883
Vertical displacement,Theory,Case 1,10.966966966967,-3.15666663346457
Vertical displacement,Theory,Case 1,10.978978978979,-3.1219660787056
Vertical displacement,Theory,Case 1,10.990990990991,-3.08719864100951
Vertical displacement,Theory,Case 1,11.003003003003,-3.05236494328728
Vertical displacement,Theory,Case 1,11.015015015015,-3.01746561235373
Vertical displacement,Theory,Case 1,11.027027027027,-2.98250127892698
Vertical displacement,Theory,Case 1,11.039039039039,-2.94747257762902
Vertical displacement,Theory,Case 1,11.0510510510511,-2.91238014698523
Vertical displacement,Theory,Case 1,11.0630630630631,-2.87722462942465
Vertical displacement,Theory,Case 1,11.0750750750751,-2.84200667127998
Vertical displacement,Theory,Case 1,11.0870870870871,-2.80672692278742
Vertical displacement,Theory,Case 1,11.0990990990991,-2.77138603808676
Vertical displacement,Theory,Case 1,11.1111111111111,-2.73598467522146
Vertical displacement,Theory,Case 1,11.1231231231231,-2.70052349613847
Vertical displacement,Theory,Case 1,11.1351351351351,-2.6650031666884
Vertical displacement,Theory,Case 1,11.1471471471471,-2.62942435662547
Vertical displacement,Theory,Case 1,11.1591591591592,-2.59378773960739
Vertical displacement,Theory,Case 1,11.1711711711712,-2.55809399319553
Vertical displacement,Theory,Case 1,11.1831831831832,-2.52234379885492
Vertical displacement,Theory,Case 1,11.1951951951952,-2.48653784195406
Vertical displacement,Theory,Case 1,11.2072072072072,-2.45067681176507
Vertical displacement,Theory,Case 1,11.2192192192192,-2.41476140146366
Vertical displacement,Theory,Case 1,11.2312312312312,-2.37879230812927
Vertical displacement,Theory,Case 1,11.2432432432432,-2.34277023274467
Vertical displacement,Theory,Case 1,11.2552552552553,-2.3066958801964
Vertical displacement,Theory,Case 1,11.2672672672673,-2.27056995927459
Vertical displacement,Theory,Case 1,11.2792792792793,-2.2343931826729
Vertical displacement,Theory,Case 1,11.2912912912913,-2.19816626698859
Vertical displacement,Theory,Case 1,11.3033033033033,-2.16188993272255
Vertical displacement,Theory,Case 1,11.3153153153153,-2.12556490427924
Vertical displacement,Theory,Case 1,11.3273273273273,-2.08919190996669
Vertical displacement,Theory,Case 1,11.3393393393393,-2.05277168199656
Vertical displacement,Theory,Case 1,11.3513513513514,-2.01630495648403
Vertical displacement,Theory,Case 1,11.3633633633634,-1.97979247344794
Vertical displacement,Theory,Case 1,11.3753753753754,-1.94323497681068
Vertical displacement,Theory,Case 1,11.3873873873874,-1.90663321439838
Vertical displacement,Theory,Case 1,11.3993993993994,-1.86998793794047
Vertical displacement,Theory,Case 1,11.4114114114114,-1.83329990307019
Vertical displacement,Theory,Case 1,11.4234234234234,-1.79656986932436
Vertical displacement,Theory,Case 1,11.4354354354354,-1.75979860014327
Vertical displacement,Theory,Case 1,11.4474474474474,-1.72298686287093
Vertical displacement,Theory,Case 1,11.4594594594595,-1.68613542875493
Vertical displacement,Theory,Case 1,11.4714714714715,-1.64924507294634
Vertical displacement,Theory,Case 1,11.4834834834835,-1.61231657449981
Vertical displacement,Theory,Case 1,11.4954954954955,-1.57535071637382
Vertical displacement,Theory,Case 1,11.5075075075075,-1.53834828543024
Vertical displacement,Theory,Case 1,11.5195195195195,-1.50131007243451
Vertical displacement,Theory,Case 1,11.5315315315315,-1.46423687205576
Vertical displacement,Theory,Case 1,11.5435435435435,-1.42712948286668
Vertical displacement,Theory,Case 1,11.5555555555556,-1.38998870734353
Vertical displacement,Theory,Case 1,11.5675675675676,-1.35281535186618
Vertical displacement,Theory,Case 1,11.5795795795796,-1.31561022671812
Vertical displacement,Theory,Case 1,11.5915915915916,-1.27837414608637
Vertical displacement,Theory,Case 1,11.6036036036036,-1.24110792806153
Vertical displacement,Theory,Case 1,11.6156156156156,-1.20381239463791
Vertical displacement,Theory,Case 1,11.6276276276276,-1.1664883717133
Vertical displacement,Theory,Case 1,11.6396396396396,-1.1291366890891
Vertical displacement,Theory,Case 1,11.6516516516517,-1.09175818047026
Vertical displacement,Theory,Case 1,11.6636636636637,-1.05435368346549
Vertical displacement,Theory,Case 1,11.6756756756757,-1.01692403958686
Vertical displacement,Theory,Case 1,11.6876876876877,-0.979470094250285
Vertical displacement,Theory,Case 1,11.6996996996997,-0.941992696774953
Vertical displacement,Theory,Case 1,11.7117117117117,-0.904492700383963
Vertical displacement,Theory,Case 1,11.7237237237237,-0.866970962203816
Vertical displacement,Theory,Case 1,11.7357357357357,-0.829428343264633
Vertical displacement,Theory,Case 1,11.7477477477477,-0.791865708500202
Vertical displacement,Theory,Case 1,11.7597597597598,-0.754283926747802
Vertical displacement,Theory,Case 1,11.7717717717718,-0.716683870748281
Vertical displacement,Theory,Case 1,11.7837837837838,-0.679066417146283
Vertical displacement,Theory,Case 1,11.7957957957958,-0.64143244648982
Vertical displacement,Theory,Case 1,11.8078078078078,-0.603782843230572
Vertical displacement,Theory,Case 1,11.8198198198198,-0.566118495723858
Vertical displacement,Theory,Case 1,11.8318318318318,-0.528440296228499
Vertical displacement,Theory,Case 1,11.8438438438438,-0.490749140906929
Vertical displacement,Theory,Case 1,11.8558558558559,-0.453045929825323
Vertical displacement,Theory,Case 1,11.8678678678679,-0.41533156695321
Vertical displacement,Theory,Case 1,11.8798798798799,-0.377606960163845
Vertical displacement,Theory,Case 1,11.8918918918919,-0.339873021234066
Vertical displacement,Theory,Case 1,11.9039039039039,-0.302130665844196
Vertical displacement,Theory,Case 1,11.9159159159159,-0.264380813578432
Vertical displacement,Theory,Case 1,11.9279279279279,-0.226624387924235
Vertical displacement,Theory,Case 1,11.9399399399399,-0.188862316272815
Vertical displacement,Theory,Case 1,11.951951951952,-0.151095529918901
Vertical displacement,Theory,Case 1,11.963963963964,-0.113324964060834
Vertical displacement,Theory,Case 1,11.975975975976,-0.0755515578007884
Vertical displacement,Theory,Case 1,11.987987987988,-0.0377762541440724
Vertical displacement,Theory,Case 1,12,0
Vertical displacement,Theory,Case 2,0,0
Vertical displacement,Theory,Case 2,0.012012012012012,-0.0156632615748295
Vertical displacement,Theory,Case 2,0.024024024024024,-0.0313257499207433
Vertical displacement,Theory,Case 2,0.036036036036036,-0.0469866953871174
Vertical displacement,Theory,Case 2,0.048048048048048,-0.0626453322269185
Vertical displacement,Theory,Case 2,0.0600600600600601,-0.0783008985967049
Vertical displacement,Theory,Case 2,0.0720720720720721,-0.0939526365566247
Vertical displacement,Theory,Case 2,0.0840840840840841,-0.109599792070419
Vertical displacement,Theory,Case 2,0.0960960960960961,-0.125241615005417
Vertical displacement,Theory,Case 2,0.108108108108108,-0.140877359132541
Vertical displacement,Theory,Case 2,0.12012012012012,-0.156506282126304
Vertical displacement,Theory,Case 2,0.132132132132132,-0.17212764556481
Vertical displacement,Theory,Case 2,0.144144144144144,-0.187740714929752
Vertical displacement,Theory,Case 2,0.156156156156156,-0.203344759606417
Vertical displacement,Theory,Case 2,0.168168168168168,-0.218939052883682
Vertical displacement,Theory,Case 2,0.18018018018018,-0.234522871954013
Vertical displacement,Theory,Case 2,0.192192192192192,-0.250095497913468
Vertical displacement,Theory,Case 2,0.204204204204204,-0.265656215761699
Vertical displacement,Theory,Case 2,0.216216216216216,-0.281204314401944
Vertical displacement,Theory,Case 2,0.228228228228228,-0.296739086641034
Vertical displacement,Theory,Case 2,0.24024024024024,-0.312259829189394
Vertical displacement,Theory,Case 2,0.252252252252252,-0.327765842661035
Vertical displacement,Theory,Case 2,0.264264264264264,-0.34325643157356
Vertical displacement,Theory,Case 2,0.276276276276276,-0.358730904348168
Vertical displacement,Theory,Case 2,0.288288288288288,-0.374188573309641
Vertical displacement,Theory,Case 2,0.3003003003003,-0.389628754686358
Vertical displacement,Theory,Case 2,0.312312312312312,-0.405050768610287
Vertical displacement,Theory,Case 2,0.324324324324324,-0.420453939116989
Vertical displacement,Theory,Case 2,0.336336336336336,-0.435837594145609
Vertical displacement,Theory,Case 2,0.348348348348348,-0.451201065538892
Vertical displacement,Theory,Case 2,0.36036036036036,-0.466543689043168
Vertical displacement,Theory,Case 2,0.372372372372372,-0.481864804308361
Vertical displacement,Theory,Case 2,0.384384384384384,-0.497163754887982
Vertical displacement,Theory,Case 2,0.396396396396396,-0.512439888239138
Vertical displacement,Theory,Case 2,0.408408408408408,-0.527692555722526
Vertical displacement,Theory,Case 2,0.42042042042042,-0.542921112602433
Vertical displacement,Theory,Case 2,0.432432432432432,-0.558124918046729
Vertical displacement,Theory,Case 2,0.444444444444444,-0.573303335126891
Vertical displacement,Theory,Case 2,0.456456456456456,-0.588455730817976
Vertical displacement,Theory,Case 2,0.468468468468468,-0.603581475998633
Vertical displacement,Theory,Case 2,0.48048048048048,-0.618679945451106
Vertical displacement,Theory,Case 2,0.492492492492492,-0.633750517861225
Vertical displacement,Theory,Case 2,0.504504504504504,-0.648792575818413
Vertical displacement,Theory,Case 2,0.516516516516517,-0.663805505815686
Vertical displacement,Theory,Case 2,0.528528528528528,-0.678788698249648
Vertical displacement,Theory,Case 2,0.540540540540541,-0.693741547420498
Vertical displacement,Theory,Case 2,0.552552552552553,-0.708663451532019
Vertical displacement,Theory,Case 2,0.564564564564565,-0.723553812691592
Vertical displacement,Theory,Case 2,0.576576576576577,-0.738412036910186
Vertical displacement,Theory,Case 2,0.588588588588589,-0.753237534102359
Vertical displacement,Theory,Case 2,0.600600600600601,-0.768029718086264
Vertical displacement,Theory,Case 2,0.612612612612613,-0.782788006583642
Vertical displacement,Theory,Case 2,0.624624624624625,-0.797511821219824
Vertical displacement,Theory,Case 2,0.636636636636637,-0.812200587523739
Vertical displacement,Theory,Case 2,0.648648648648649,-0.826853734927897
Vertical displacement,Theory,Case 2,0.660660660660661,-0.841470696768407
Vertical displacement,Theory,Case 2,0.672672672672673,-0.856050910284962
Vertical displacement,Theory,Case 2,0.684684684684685,-0.870593816620854
Vertical displacement,Theory,Case 2,0.696696696696697,-0.885098860822959
Vertical displacement,Theory,Case 2,0.708708708708709,-0.899565491841746
Vertical displacement,Theory,Case 2,0.720720720720721,-0.913993162531277
Vertical displacement,Theory,Case 2,0.732732732732733,-0.928381329649205
Vertical displacement,Theory,Case 2,0.744744744744745,-0.94272945385677
Vertical displacement,Theory,Case 2,0.756756756756757,-0.957036999718806
Vertical displacement,Theory,Case 2,0.768768768768769,-0.971303435703737
Vertical displacement,Theory,Case 2,0.780780780780781,-0.98552823418358
Vertical displacement,Theory,Case 2,0.792792792792793,-0.999710871433942
Vertical displacement,Theory,Case 2,0.804804804804805,-1.01385082763402
Vertical displacement,Theory,Case 2,0.816816816816817,-1.02794758686659
Vertical displacement,Theory,Case 2,0.828828828828829,-1.04200063711805
Vertical displacement,Theory,Case 2,0.840840840840841,-1.05600947027836
Vertical displacement,Theory,Case 2,0.852852852852853,-1.06997358214109
Vertical displacement,Theory,Case 2,0.864864864864865,-1.08389247240338
Vertical displacement,Theory,Case 2,0.876876876876877,-1.09776564466598
Vertical displacement,Theory,Case 2,0.888888888888889,-1.11159260643322
Vertical displacement,Theory,Case 2,0.900900900900901,-1.12537286911303
Vertical displacement,Theory,Case 2,0.912912912912913,-1.13910594801692
Vertical displacement,Theory,Case 2,0.924924924924925,-1.15279136236
Vertical displacement,Theory,Case 2,0.936936936936937,-1.16642863526097
Vertical displacement,Theory,Case 2,0.948948948948949,-1.18001729374211
Vertical displacement,Theory,Case 2,0.960960960960961,-1.19355686872932
Vertical displacement,Theory,Case 2,0.972972972972973,-1.20704689505205
Vertical displacement,Theory,Case 2,0.984984984984985,-1.22048691144336
Vertical displacement,Theory,Case 2,0.996996996996997,-1.23387646053992
Vertical displacement,Theory,Case 2,1.00900900900901,-1.24721508888197
Vertical displacement,Theory,Case 2,1.02102102102102,-1.26050234691333
Vertical displacement,Theory,Case 2,1.03303303303303,-1.27373778898144
Vertical displacement,Theory,Case 2,1.04504504504505,-1.28692097333731
Vertical displacement,Theory,Case 2,1.05705705705706,-1.30005146213555
Vertical displacement,Theory,Case 2,1.06906906906907,-1.31312882143435
Vertical displacement,Theory,Case 2,1.08108108108108,-1.32615262119551
Vertical displacement,Theory,Case 2,1.09309309309309,-1.33912243528441
Vertical displacement,Theory,Case 2,1.10510510510511,-1.35203784147001
Vertical displacement,Theory,Case 2,1.11711711711712,-1.36489842142489
Vertical displacement,Theory,Case 2,1.12912912912913,-1.37770376072519
Vertical displacement,Theory,Case 2,1.14114114114114,-1.39045344885065
Vertical displacement,Theory,Case 2,1.15315315315315,-1.40314707918462
Vertical displacement,Theory,Case 2,1.16516516516517,-1.41578424901402
Vertical displacement,Theory,Case 2,1.17717717717718,-1.42836455952935
Vertical displacement,Theory,Case 2,1.18918918918919,-1.44088761582475
Vertical displacement,Theory,Case 2,1.2012012012012,-1.4533530268979
Vertical displacement,Theory,Case 2,1.21321321321321,-1.46576040565008
Vertical displacement,Theory,Case 2,1.22522522522523,-1.47810936888619
Vertical displacement,Theory,Case 2,1.23723723723724,-1.4903995373147
Vertical displacement,Theory,Case 2,1.24924924924925,-1.50263053554766
Vertical displacement,Theory,Case 2,1.26126126126126,-1.51480199210073
Vertical displacement,Theory,Case 2,1.27327327327327,-1.52691353939316
Vertical displacement,Theory,Case 2,1.28528528528529,-1.53896481374778
Vertical displacement,Theory,Case 2,1.2972972972973,-1.55095545539102
Vertical displacement,Theory,Case 2,1.30930930930931,-1.56288510845289
Vertical displacement,Theory,Case 2,1.32132132132132,-1.57475342096701
Vertical displacement,Theory,Case 2,1.33333333333333,-1.58656004487056
Vertical displacement,Theory,Case 2,1.34534534534535,-1.59830463600435
Vertical displacement,Theory,Case 2,1.35735735735736,-1.60998685411276
Vertical displacement,Theory,Case 2,1.36936936936937,-1.62160636284375
Vertical displacement,Theory,Case 2,1.38138138138138,-1.6331628297489
Vertical displacement,Theory,Case 2,1.39339339339339,-1.64465592628334
Vertical displacement,Theory,Case 2,1.40540540540541,-1.65608532780584
Vertical displacement,Theory,Case 2,1.41741741741742,-1.66745071357872
Vertical displacement,Theory,Case 2,1.42942942942943,-1.67875176676792
Vertical displacement,Theory,Case 2,1.44144144144144,-1.68998817444294
Vertical displacement,Theory,Case 2,1.45345345345345,-1.70115962757691
Vertical displacement,Theory,Case 2,1.46546546546547,-1.71226582104651
Vertical displacement,Theory,Case 2,1.47747747747748,-1.72330645363206
Vertical displacement,Theory,Case 2,1.48948948948949,-1.7342812280174
Vertical displacement,Theory,Case 2,1.5015015015015,-1.74518985079004
Vertical displacement,Theory,Case 2,1.51351351351351,-1.75603203244102
Vertical displacement,Theory,Case 2,1.52552552552553,-1.76680748736501
Vertical displacement,Theory,Case 2,1.53753753753754,-1.77751593386025
Vertical displacement,Theory,Case 2,1.54954954954955,-1.78815709412857
Vertical displacement,Theory,Case 2,1.56156156156156,-1.7987306942754
Vertical displacement,Theory,Case 2,1.57357357357357,-1.80923646430977
Vertical displacement,Theory,Case 2,1.58558558558559,-1.81967413814429
Vertical displacement,Theory,Case 2,1.5975975975976,-1.83004345359514
Vertical displacement,Theory,Case 2,1.60960960960961,-1.84034415238212
Vertical displacement,Theory,Case 2,1.62162162162162,-1.85057598012863
Vertical displacement,Theory,Case 2,1.63363363363363,-1.86073868636163
Vertical displacement,Theory,Case 2,1.64564564564565,-1.87083202451168
Vertical displacement,Theory,Case 2,1.65765765765766,-1.88085575191293
Vertical displacement,Theory,Case 2,1.66966966966967,-1.89080962980315
Vertical displacement,Theory,Case 2,1.68168168168168,-1.90069342332366
Vertical displacement,Theory,Case 2,1.69369369369369,-1.91050690151938
Vertical displacement,Theory,Case 2,1.70570570570571,-1.92024983733885
Vertical displacement,Theory,Case 2,1.71771771771772,-1.92992200763417
Vertical displacement,Theory,Case 2,1.72972972972973,-1.93952319316104
Vertical displacement,Theory,Case 2,1.74174174174174,-1.94905317857876
Vertical displacement,Theory,Case 2,1.75375375375375,-1.95851175245019
Vertical displacement,Theory,Case 2,1.76576576576577,-1.96789870724183
Vertical displacement,Theory,Case 2,1.77777777777778,-1.97721383932373
Vertical displacement,Theory,Case 2,1.78978978978979,-1.98645694896956
Vertical displacement,Theory,Case 2,1.8018018018018,-1.99562784035654
Vertical displacement,Theory,Case 2,1.81381381381381,-2.00472632156555
Vertical displacement,Theory,Case 2,1.82582582582583,-2.01375220458097
Vertical displacement,Theory,Case 2,1.83783783783784,-2.02270530529085
Vertical displacement,Theory,Case 2,1.84984984984985,-2.0315854434868
Vertical displacement,Theory,Case 2,1.86186186186186,-2.04039244286401
Vertical displacement,Theory,Case 2,1.87387387387387,-2.04912613102129
Vertical displacement,Theory,Case 2,1.88588588588589,-2.05778633946101
Vertical displacement,Theory,Case 2,1.8978978978979,-2.06637290358913
Vertical displacement,Theory,Case 2,1.90990990990991,-2.07488566271524
Vertical displacement,Theory,Case 2,1.92192192192192,-2.08332446005249
Vertical displacement,Theory,Case 2,1.93393393393393,-2.09168914271763
Vertical displacement,Theory,Case 2,1.94594594594595,-2.09997956173099
Vertical displacement,Theory,Case 2,1.95795795795796,-2.1081955720165
Vertical displacement,Theory,Case 2,1.96996996996997,-2.11633703240169
Vertical displacement,Theory,Case 2,1.98198198198198,-2.12440380561765
Vertical displacement,Theory,Case 2,1.99399399399399,-2.13239575829911
Vertical displacement,Theory,Case 2,2.00600600600601,-2.14031276098434
Vertical displacement,Theory,Case 2,2.01801801801802,-2.14815468811524
Vertical displacement,Theory,Case 2,2.03003003003003,-2.15592141803728
Vertical displacement,Theory,Case 2,2.04204204204204,-2.16361283299952
Vertical displacement,Theory,Case 2,2.05405405405405,-2.17122881915461
Vertical displacement,Theory,Case 2,2.06606606606607,-2.17876926655883
Vertical displacement,Theory,Case 2,2.07807807807808,-2.18623406917199
Vertical displacement,Theory,Case 2,2.09009009009009,-2.19362312485751
Vertical displacement,Theory,Case 2,2.1021021021021,-2.20093633538245
Vertical displacement,Theory,Case 2,2.11411411411411,-2.2081736064174
Vertical displacement,Theory,Case 2,2.12612612612613,-2.21533484753655
Vertical displacement,Theory,Case 2,2.13813813813814,-2.22241997221771
Vertical displacement,Theory,Case 2,2.15015015015015,-2.22942889784227
Vertical displacement,Theory,Case 2,2.16216216216216,-2.23636154569519
Vertical displacement,Theory,Case 2,2.17417417417417,-2.24321784096504
Vertical displacement,Theory,Case 2,2.18618618618619,-2.24999771274398
Vertical displacement,Theory,Case 2,2.1981981981982,-2.25670109402775
Vertical displacement,Theory,Case 2,2.21021021021021,-2.26332792171572
Vertical displacement,Theory,Case 2,2.22222222222222,-2.26987813661079
Vertical displacement,Theory,Case 2,2.23423423423423,-2.27635168341948
Vertical displacement,Theory,Case 2,2.24624624624625,-2.28274851075192
Vertical displacement,Theory,Case 2,2.25825825825826,-2.2890685711218
Vertical displacement,Theory,Case 2,2.27027027027027,-2.29531182094643
Vertical displacement,Theory,Case 2,2.28228228228228,-2.30147822054668
Vertical displacement,Theory,Case 2,2.29429429429429,-2.30756773414702
Vertical displacement,Theory,Case 2,2.30630630630631,-2.31358032987553
Vertical displacement,Theory,Case 2,2.31831831831832,-2.31951597976387
Vertical displacement,Theory,Case 2,2.33033033033033,-2.32537465974729
Vertical displacement,Theory,Case 2,2.34234234234234,-2.33115634966461
Vertical displacement,Theory,Case 2,2.35435435435435,-2.33686103325828
Vertical displacement,Theory,Case 2,2.36636636636637,-2.34248869817432
Vertical displacement,Theory,Case 2,2.37837837837838,-2.34803933596234
Vertical displacement,Theory,Case 2,2.39039039039039,-2.35351294207553
Vertical displacement,Theory,Case 2,2.4024024024024,-2.35890951587071
Vertical displacement,Theory,Case 2,2.41441441441441,-2.36422906060825
Vertical displacement,Theory,Case 2,2.42642642642643,-2.36947158345214
Vertical displacement,Theory,Case 2,2.43843843843844,-2.37463709546992
Vertical displacement,Theory,Case 2,2.45045045045045,-2.37972561163278
Vertical displacement,Theory,Case 2,2.46246246246246,-2.38473715081544
Vertical displacement,Theory,Case 2,2.47447447447447,-2.38967173579628
Vertical displacement,Theory,Case 2,2.48648648648649,-2.39452939325719
Vertical displacement,Theory,Case 2,2.4984984984985,-2.39931015378372
Vertical displacement,Theory,Case 2,2.51051051051051,-2.40401405186496
Vertical displacement,Theory,Case 2,2.52252252252252,-2.40864112589364
Vertical displacement,Theory,Case 2,2.53453453453453,-2.41319141816602
Vertical displacement,Theory,Case 2,2.54654654654655,-2.41766497488203
Vertical displacement,Theory,Case 2,2.55855855855856,-2.42206184614512
Vertical displacement,Theory,Case 2,2.57057057057057,-2.42638208596236
Vertical displacement,Theory,Case 2,2.58258258258258,-2.43062575224441
Vertical displacement,Theory,Case 2,2.59459459459459,-2.43479290680553
Vertical displacement,Theory,Case 2,2.60660660660661,-2.43888361536356
Vertical displacement,Theory,Case 2,2.61861861861862,-2.44289794753992
Vertical displacement,Theory,Case 2,2.63063063063063,-2.44683597685964
Vertical displacement,Theory,Case 2,2.64264264264264,-2.45069778075133
Vertical displacement,Theory,Case 2,2.65465465465465,-2.4544834405472
Vertical displacement,Theory,Case 2,2.66666666666667,-2.45819304148303
Vertical displacement,Theory,Case 2,2.67867867867868,-2.46182667269822
Vertical displacement,Theory,Case 2,2.69069069069069,-2.46538442723577
Vertical displacement,Theory,Case 2,2.7027027027027,-2.46886640204221
Vertical displacement,Theory,Case 2,2.71471471471471,-2.47227269796772
Vertical displacement,Theory,Case 2,2.72672672672673,-2.47560341976604
Vertical displacement,Theory,Case 2,2.73873873873874,-2.47885867609452
Vertical displacement,Theory,Case 2,2.75075075075075,-2.4820385795141
Vertical displacement,Theory,Case 2,2.76276276276276,-2.48514324648928
Vertical displacement,Theory,Case 2,2.77477477477477,-2.48817279738818
Vertical displacement,Theory,Case 2,2.78678678678679,-2.49112735648253
Vertical displacement,Theory,Case 2,2.7987987987988,-2.49400705194761
Vertical displacement,Theory,Case 2,2.81081081081081,-2.49681201586231
Vertical displacement,Theory,Case 2,2.82282282282282,-2.49954238420908
Vertical displacement,Theory,Case 2,2.83483483483483,-2.50219829687403
Vertical displacement,Theory,Case 2,2.84684684684685,-2.50477989764681
Vertical displacement,Theory,Case 2,2.85885885885886,-2.50728733422065
Vertical displacement,Theory,Case 2,2.87087087087087,-2.50972075819241
Vertical displacement,Theory,Case 2,2.88288288288288,-2.51208032506254
Vertical displacement,Theory,Case 2,2.89489489489489,-2.51436619423504
Vertical displacement,Theory,Case 2,2.90690690690691,-2.51657852901751
Vertical displacement,Theory,Case 2,2.91891891891892,-2.51871749662119
Vertical displacement,Theory,Case 2,2.93093093093093,-2.52078326816085
Vertical displacement,Theory,Case 2,2.94294294294294,-2.5227760186549
Vertical displacement,Theory,Case 2,2.95495495495495,-2.5246959270253
Vertical displacement,Theory,Case 2,2.96696696696697,-2.52654317609762
Vertical displacement,Theory,Case 2,2.97897897897898,-2.52831795260104
Vertical displacement,Theory,Case 2,2.99099099099099,-2.53002044716832
Vertical displacement,Theory,Case 2,3.003003003003,-2.53165085433575
Vertical displacement,Theory,Case 2,3.01501501501502,-2.5332093725433
Vertical displacement,Theory,Case 2,3.02702702702703,-2.5346962041345
Vertical displacement,Theory,Case 2,3.03903903903904,-2.53611155535646
Vertical displacement,Theory,Case 2,3.05105105105105,-2.53745563635989
Vertical displacement,Theory,Case 2,3.06306306306306,-2.53872866119906
Vertical displacement,Theory,Case 2,3.07507507507508,-2.53993084783188
Vertical displacement,Theory,Case 2,3.08708708708709,-2.54106241811985
Vertical displacement,Theory,Case 2,3.0990990990991,-2.542123597828
Vertical displacement,Theory,Case 2,3.11111111111111,-2.54311461662501
Vertical displacement,Theory,Case 2,3.12312312312312,-2.54403570808313
Vertical displacement,Theory,Case 2,3.13513513513514,-2.54488710967821
Vertical displacement,Theory,Case 2,3.14714714714715,-2.54566906278968
Vertical displacement,Theory,Case 2,3.15915915915916,-2.54638181270055
Vertical displacement,Theory,Case 2,3.17117117117117,-2.54702560859745
Vertical displacement,Theory,Case 2,3.18318318318318,-2.54760070357059
Vertical displacement,Theory,Case 2,3.1951951951952,-2.54810735461378
Vertical displacement,Theory,Case 2,3.20720720720721,-2.54854582262437
Vertical displacement,Theory,Case 2,3.21921921921922,-2.54891637240338
Vertical displacement,Theory,Case 2,3.23123123123123,-2.54921927265535
Vertical displacement,Theory,Case 2,3.24324324324324,-2.54945479598848
Vertical displacement,Theory,Case 2,3.25525525525526,-2.54962321891446
Vertical displacement,Theory,Case 2,3.26726726726727,-2.5497248218487
Vertical displacement,Theory,Case 2,3.27927927927928,-2.54975988911008
Vertical displacement,Theory,Case 2,3.29129129129129,-2.54972870892119
Vertical displacement,Theory,Case 2,3.3033033033033,-2.54963157340808
Vertical displacement,Theory,Case 2,3.31531531531532,-2.5494687786005
Vertical displacement,Theory,Case 2,3.32732732732733,-2.54924062443173
Vertical displacement,Theory,Case 2,3.33933933933934,-2.54894741473866
Vertical displacement,Theory,Case 2,3.35135135135135,-2.54858945726176
Vertical displacement,Theory,Case 2,3.36336336336336,-2.54816706364514
Vertical displacement,Theory,Case 2,3.37537537537538,-2.54768054943643
Vertical displacement,Theory,Case 2,3.38738738738739,-2.54713023408688
Vertical displacement,Theory,Case 2,3.3993993993994,-2.54651644095135
Vertical displacement,Theory,Case 2,3.41141141141141,-2.54583949728827
Vertical displacement,Theory,Case 2,3.42342342342342,-2.54509973425968
Vertical displacement,Theory,Case 2,3.43543543543544,-2.54429748693118
Vertical displacement,Theory,Case 2,3.44744744744745,-2.54343309427196
Vertical displacement,Theory,Case 2,3.45945945945946,-2.54250689915486
Vertical displacement,Theory,Case 2,3.47147147147147,-2.54151924835624
Vertical displacement,Theory,Case 2,3.48348348348348,-2.5404704925561
Vertical displacement,Theory,Case 2,3.4954954954955,-2.53936098633799
Vertical displacement,Theory,Case 2,3.50750750750751,-2.53819108818909
Vertical displacement,Theory,Case 2,3.51951951951952,-2.53696116050015
Vertical displacement,Theory,Case 2,3.53153153153153,-2.53567156956552
Vertical displacement,Theory,Case 2,3.54354354354354,-2.53432268558313
Vertical displacement,Theory,Case 2,3.55555555555556,-2.5329148826545
Vertical displacement,Theory,Case 2,3.56756756756757,-2.53144853878477
Vertical displacement,Theory,Case 2,3.57957957957958,-2.52992403588262
Vertical displacement,Theory,Case 2,3.59159159159159,-2.52834175976033
Vertical displacement,Theory,Case 2,3.6036036036036,-2.52670210013386
Vertical displacement,Theory,Case 2,3.61561561561562,-2.52500545062264
Vertical displacement,Theory,Case 2,3.62762762762763,-2.52325220874978
Vertical displacement,Theory,Case 2,3.63963963963964,-2.52144277594191
Vertical displacement,Theory,Case 2,3.65165165165165,-2.51957755752927
Vertical displacement,Theory,Case 2,3.66366366366366,-2.51765696274575
Vertical displacement,Theory,Case 2,3.67567567567568,-2.51568140472876
Vertical displacement,Theory,Case 2,3.68768768768769,-2.51365130051934
Vertical displacement,Theory,Case 2,3.6996996996997,-2.51156707106209
Vertical displacement,Theory,Case 2,3.71171171171171,-2.50942914120523
Vertical displacement,Theory,Case 2,3.72372372372372,-2.50723793970058
Vertical displacement,Theory,Case 2,3.73573573573574,-2.50499389920348
Vertical displacement,Theory,Case 2,3.74774774774775,-2.50269745627295
Vertical displacement,Theory,Case 2,3.75975975975976,-2.50034905137158
Vertical displacement,Theory,Case 2,3.77177177177177,-2.49794912886549
Vertical displacement,Theory,Case 2,3.78378378378378,-2.49549813702445
Vertical displacement,Theory,Case 2,3.7957957957958,-2.49299652802182
Vertical displacement,Theory,Case 2,3.80780780780781,-2.49044475793452
Vertical displacement,Theory,Case 2,3.81981981981982,-2.4878432867431
Vertical displacement,Theory,Case 2,3.83183183183183,-2.48519257833165
Vertical displacement,Theory,Case 2,3.84384384384384,-2.48249310048788
Vertical displacement,Theory,Case 2,3.85585585585586,-2.47974532490312
Vertical displacement,Theory,Case 2,3.86786786786787,-2.47694972717225
Vertical displacement,Theory,Case 2,3.87987987987988,-2.47410678679373
Vertical displacement,Theory,Case 2,3.89189189189189,-2.47121698716966
Vertical displacement,Theory,Case 2,3.9039039039039,-2.4682808156057
Vertical displacement,Theory,Case 2,3.91591591591592,-2.46529876331111
Vertical displacement,Theory,Case 2,3.92792792792793,-2.46227132539872
Vertical displacement,Theory,Case 2,3.93993993993994,-2.45919900088495
Vertical displacement,Theory,Case 2,3.95195195195195,-2.45608229268987
Vertical displacement,Theory,Case 2,3.96396396396396,-2.4529217076371
Vertical displacement,Theory,Case 2,3.97597597597598,-2.4497177564538
Vertical displacement,Theory,Case 2,3.98798798798799,-2.44647095377081
Vertical displacement,Theory,Case 2,4,-2.44318181812253
Vertical displacement,Theory,Case 2,4.01201201201201,-2.43985087194692
Vertical displacement,Theory,Case 2,4.02402402402402,-2.43647864158557
Vertical displacement,Theory,Case 2,4.03603603603604,-2.43306565728362
Vertical displacement,Theory,Case 2,4.04804804804805,-2.42961245318987
Vertical displacement,Theory,Case 2,4.06006006006006,-2.42611956735662
Vertical displacement,Theory,Case 2,4.07207207207207,-2.42258754173982
Vertical displacement,Theory,Case 2,4.08408408408408,-2.41901692219901
Vertical displacement,Theory,Case 2,4.0960960960961,-2.41540825849733
Vertical displacement,Theory,Case 2,4.10810810810811,-2.41176210430145
Vertical displacement,Theory,Case 2,4.12012012012012,-2.40807901718169
Vertical displacement,Theory,Case 2,4.13213213213213,-2.40435955861194
Vertical displacement,Theory,Case 2,4.14414414414414,-2.40060429396967
Vertical displacement,Theory,Case 2,4.15615615615616,-2.39681379253599
Vertical displacement,Theory,Case 2,4.16816816816817,-2.39298862749553
Vertical displacement,Theory,Case 2,4.18018018018018,-2.38912937593657
Vertical displacement,Theory,Case 2,4.19219219219219,-2.38523661885096
Vertical displacement,Theory,Case 2,4.2042042042042,-2.38131094113412
Vertical displacement,Theory,Case 2,4.21621621621622,-2.37735293158507
Vertical displacement,Theory,Case 2,4.22822822822823,-2.37336318290646
Vertical displacement,Theory,Case 2,4.24024024024024,-2.3693422917045
Vertical displacement,Theory,Case 2,4.25225225225225,-2.36529085848896
Vertical displacement,Theory,Case 2,4.26426426426426,-2.36120948767325
Vertical displacement,Theory,Case 2,4.27627627627628,-2.35709878757437
Vertical displacement,Theory,Case 2,4.28828828828829,-2.35295937041287
Vertical displacement,Theory,Case 2,4.3003003003003,-2.34879185231295
Vertical displacement,Theory,Case 2,4.31231231231231,-2.34459685330234
Vertical displacement,Theory,Case 2,4.32432432432432,-2.34037499731236
Vertical displacement,Theory,Case 2,4.33633633633634,-2.33612691217802
Vertical displacement,Theory,Case 2,4.34834834834835,-2.33185322963781
Vertical displacement,Theory,Case 2,4.36036036036036,-2.32755458533383
Vertical displacement,Theory,Case 2,4.37237237237237,-2.32323161881182
Vertical displacement,Theory,Case 2,4.38438438438438,-2.31888497352108
Vertical displacement,Theory,Case 2,4.3963963963964,-2.31451529681451
Vertical displacement,Theory,Case 2,4.40840840840841,-2.31012323994858
Vertical displacement,Theory,Case 2,4.42042042042042,-2.30570945808337
Vertical displacement,Theory,Case 2,4.43243243243243,-2.30127461028255
Vertical displacement,Theory,Case 2,4.44444444444444,-2.29681935951338
Vertical displacement,Theory,Case 2,4.45645645645646,-2.29234437264669
Vertical displacement,Theory,Case 2,4.46846846846847,-2.28785032045694
Vertical displacement,Theory,Case 2,4.48048048048048,-2.28333787762216
Vertical displacement,Theory,Case 2,4.49249249249249,-2.27880772272395
Vertical displacement,Theory,Case 2,4.5045045045045,-2.27426053824756
Vertical displacement,Theory,Case 2,4.51651651651652,-2.26969701058174
Vertical displacement,Theory,Case 2,4.52852852852853,-2.26511783001895
Vertical displacement,Theory,Case 2,4.54054054054054,-2.26052369075512
Vertical displacement,Theory,Case 2,4.55255255255255,-2.25591529088983
Vertical displacement,Theory,Case 2,4.56456456456456,-2.2512933324263
Vertical displacement,Theory,Case 2,4.57657657657658,-2.24665852127123
Vertical displacement,Theory,Case 2,4.58858858858859,-2.24201156723498
Vertical displacement,Theory,Case 2,4.6006006006006,-2.23735318403151
Vertical displacement,Theory,Case 2,4.61261261261261,-2.23268408927835
Vertical displacement,Theory,Case 2,4.62462462462462,-2.22800500449661
Vertical displacement,Theory,Case 2,4.63663663663664,-2.22331665511098
Vertical displacement,Theory,Case 2,4.64864864864865,-2.21861977044983
Vertical displacement,Theory,Case 2,4.66066066066066,-2.213915083745
Vertical displacement,Theory,Case 2,4.67267267267267,-2.20920333213198
Vertical displacement,Theory,Case 2,4.68468468468468,-2.20448525664985
Vertical displacement,Theory,Case 2,4.6966966966967,-2.19976160224131
Vertical displacement,Theory,Case 2,4.70870870870871,-2.19503311775258
Vertical displacement,Theory,Case 2,4.72072072072072,-2.19030055593351
Vertical displacement,Theory,Case 2,4.73273273273273,-2.18556467343756
Vertical displacement,Theory,Case 2,4.74474474474474,-2.18082623082177
Vertical displacement,Theory,Case 2,4.75675675675676,-2.17608599254673
Vertical displacement,Theory,Case 2,4.76876876876877,-2.17134472697668
Vertical displacement,Theory,Case 2,4.78078078078078,-2.16660320637942
Vertical displacement,Theory,Case 2,4.79279279279279,-2.16186220692633
Vertical displacement,Theory,Case 2,4.8048048048048,-2.1571225086924
Vertical displacement,Theory,Case 2,4.81681681681682,-2.15238489565622
Vertical displacement,Theory,Case 2,4.82882882882883,-2.14765015569995
Vertical displacement,Theory,Case 2,4.84084084084084,-2.14291908060934
Vertical displacement,Theory,Case 2,4.85285285285285,-2.13819246607379
Vertical displacement,Theory,Case 2,4.86486486486486,-2.13347111168617
Vertical displacement,Theory,Case 2,4.87687687687688,-2.12875582094304
Vertical displacement,Theory,Case 2,4.88888888888889,-2.12404740124456
Vertical displacement,Theory,Case 2,4.9009009009009,-2.11934666389436
Vertical displacement,Theory,Case 2,4.91291291291291,-2.11465442409983
Vertical displacement,Theory,Case 2,4.92492492492492,-2.1099715009718
Vertical displacement,Theory,Case 2,4.93693693693694,-2.10529871752482
Vertical displacement,Theory,Case 2,4.94894894894895,-2.10063690067693
Vertical displacement,Theory,Case 2,4.96096096096096,-2.0959868812498
Vertical displacement,Theory,Case 2,4.97297297297297,-2.09134949396871
Vertical displacement,Theory,Case 2,4.98498498498498,-2.08672557746247
Vertical displacement,Theory,Case 2,4.996996996997,-2.08211597426356
Vertical displacement,Theory,Case 2,5.00900900900901,-2.07752153080799
Vertical displacement,Theory,Case 2,5.02102102102102,-2.0729430974354
Vertical displacement,Theory,Case 2,5.03303303303303,-2.068381528389
Vertical displacement,Theory,Case 2,5.04504504504505,-2.0638376818156
Vertical displacement,Theory,Case 2,5.05705705705706,-2.05931241976557
Vertical displacement,Theory,Case 2,5.06906906906907,-2.05480660819292
Vertical displacement,Theory,Case 2,5.08108108108108,-2.05032111695523
Vertical displacement,Theory,Case 2,5.09309309309309,-2.04585681981366
Vertical displacement,Theory,Case 2,5.10510510510511,-2.04141459443298
Vertical displacement,Theory,Case 2,5.11711711711712,-2.03699532238152
Vertical displacement,Theory,Case 2,5.12912912912913,-2.03259988913125
Vertical displacement,Theory,Case 2,5.14114114114114,-2.02822918405768
Vertical displacement,Theory,Case 2,5.15315315315315,-2.02388410043995
Vertical displacement,Theory,Case 2,5.16516516516517,-2.01956553546077
Vertical displacement,Theory,Case 2,5.17717717717718,-2.01527439020645
Vertical displacement,Theory,Case 2,5.18918918918919,-2.01101156966686
Vertical displacement,Theory,Case 2,5.2012012012012,-2.00677798273554
Vertical displacement,Theory,Case 2,5.21321321321321,-2.00257454220952
Vertical displacement,Theory,Case 2,5.22522522522523,-1.99840216478949
Vertical displacement,Theory,Case 2,5.23723723723724,-1.99426177107972
Vertical displacement,Theory,Case 2,5.24924924924925,-1.99015428558803
Vertical displacement,Theory,Case 2,5.26126126126126,-1.9860806367259
Vertical displacement,Theory,Case 2,5.27327327327327,-1.98204175680836
Vertical displacement,Theory,Case 2,5.28528528528529,-1.978038582054
Vertical displacement,Theory,Case 2,5.2972972972973,-1.97407205258507
Vertical displacement,Theory,Case 2,5.30930930930931,-1.97014311242735
Vertical displacement,Theory,Case 2,5.32132132132132,-1.96625270951025
Vertical displacement,Theory,Case 2,5.33333333333333,-1.96240179566678
Vertical displacement,Theory,Case 2,5.34534534534535,-1.95859132663349
Vertical displacement,Theory,Case 2,5.35735735735736,-1.95482226205056
Vertical displacement,Theory,Case 2,5.36936936936937,-1.95109556546173
Vertical displacement,Theory,Case 2,5.38138138138138,-1.94741220431439
Vertical displacement,Theory,Case 2,5.39339339339339,-1.94377314995948
Vertical displacement,Theory,Case 2,5.40540540540541,-1.94017937765149
Vertical displacement,Theory,Case 2,5.41741741741742,-1.93663186654859
Vertical displacement,Theory,Case 2,5.42942942942943,-1.93313159971247
Vertical displacement,Theory,Case 2,5.44144144144144,-1.92967956410848
Vertical displacement,Theory,Case 2,5.45345345345345,-1.92627675060545
Vertical displacement,Theory,Case 2,5.46546546546547,-1.92292415397592
Vertical displacement,Theory,Case 2,5.47747747747748,-1.91962277289597
Vertical displacement,Theory,Case 2,5.48948948948949,-1.91637360994523
Vertical displacement,Theory,Case 2,5.5015015015015,-1.913177671607
Vertical displacement,Theory,Case 2,5.51351351351351,-1.91003596826812
Vertical displacement,Theory,Case 2,5.52552552552553,-1.90694951421905
Vertical displacement,Theory,Case 2,5.53753753753754,-1.90391932765378
Vertical displacement,Theory,Case 2,5.54954954954955,-1.90094643066998
Vertical displacement,Theory,Case 2,5.56156156156156,-1.89803184926887
Vertical displacement,Theory,Case 2,5.57357357357357,-1.89517661335521
Vertical displacement,Theory,Case 2,5.58558558558559,-1.89238175673742
Vertical displacement,Theory,Case 2,5.5975975975976,-1.88964831712753
Vertical displacement,Theory,Case 2,5.60960960960961,-1.88697733614105
Vertical displacement,Theory,Case 2,5.62162162162162,-1.88436985929721
Vertical displacement,Theory,Case 2,5.63363363363363,-1.88182693601876
Vertical displacement,Theory,Case 2,5.64564564564565,-1.87934961963201
Vertical displacement,Theory,Case 2,5.65765765765766,-1.87693896736697
Vertical displacement,Theory,Case 2,5.66966966966967,-1.87459604035715
Vertical displacement,Theory,Case 2,5.68168168168168,-1.87232190363965
Vertical displacement,Theory,Case 2,5.69369369369369,-1.87011762615522
Vertical displacement,Theory,Case 2,5.70570570570571,-1.86798428074812
Vertical displacement,Theory,Case 2,5.71771771771772,-1.86592294416633
Vertical displacement,Theory,Case 2,5.72972972972973,-1.86393469706128
Vertical displacement,Theory,Case 2,5.74174174174174,-1.86202062398803
Vertical displacement,Theory,Case 2,5.75375375375375,-1.86018181340535
Vertical displacement,Theory,Case 2,5.76576576576577,-1.85841935767538
Vertical displacement,Theory,Case 2,5.77777777777778,-1.85673435306408
Vertical displacement,Theory,Case 2,5.78978978978979,-1.85512789974082
Vertical displacement,Theory,Case 2,5.8018018018018,-1.85360110177867
Vertical displacement,Theory,Case 2,5.81381381381381,-1.85215506715427
Vertical displacement,Theory,Case 2,5.82582582582583,-1.85079090774781
Vertical displacement,Theory,Case 2,5.83783783783784,-1.84950973934308
Vertical displacement,Theory,Case 2,5.84984984984985,-1.84831268162754
Vertical displacement,Theory,Case 2,5.86186186186186,-1.84720085819211
Vertical displacement,Theory,Case 2,5.87387387387387,-1.84617539653145
Vertical displacement,Theory,Case 2,5.88588588588589,-1.84523742804368
Vertical displacement,Theory,Case 2,5.8978978978979,-1.84438808803056
Vertical displacement,Theory,Case 2,5.90990990990991,-1.84362851569749
Vertical displacement,Theory,Case 2,5.92192192192192,-1.84295985415336
Vertical displacement,Theory,Case 2,5.93393393393393,-1.84238325041072
Vertical displacement,Theory,Case 2,5.94594594594595,-1.84189985538574
Vertical displacement,Theory,Case 2,5.95795795795796,-1.84151082389808
Vertical displacement,Theory,Case 2,5.96996996996997,-1.84121731467111
Vertical displacement,Theory,Case 2,5.98198198198198,-1.84102049033164
Vertical displacement,Theory,Case 2,5.99399399399399,-1.84092151741025
Vertical displacement,Theory,Case 2,6.00600600600601,-1.84092151741026
Vertical displacement,Theory,Case 2,6.01801801801802,-1.84102049033164
Vertical displacement,Theory,Case 2,6.03003003003003,-1.8412173146711
Vertical displacement,Theory,Case 2,6.04204204204204,-1.84151082389808
Vertical displacement,Theory,Case 2,6.05405405405405,-1.84189985538574
Vertical displacement,Theory,Case 2,6.06606606606607,-1.84238325041073
Vertical displacement,Theory,Case 2,6.07807807807808,-1.84295985415336
Vertical displacement,Theory,Case 2,6.09009009009009,-1.84362851569747
Vertical displacement,Theory,Case 2,6.1021021021021,-1.84438808803056
Vertical displacement,Theory,Case 2,6.11411411411411,-1.84523742804368
Vertical displacement,Theory,Case 2,6.12612612612613,-1.84617539653144
Vertical displacement,Theory,Case 2,6.13813813813814,-1.84720085819212
Vertical displacement,Theory,Case 2,6.15015015015015,-1.84831268162753
Vertical displacement,Theory,Case 2,6.16216216216216,-1.84950973934309
Vertical displacement,Theory,Case 2,6.17417417417417,-1.8507909077478
Vertical displacement,Theory,Case 2,6.18618618618619,-1.85215506715426
Vertical displacement,Theory,Case 2,6.1981981981982,-1.85360110177868
Vertical displacement,Theory,Case 2,6.21021021021021,-1.85512789974082
Vertical displacement,Theory,Case 2,6.22222222222222,-1.85673435306406
Vertical displacement,Theory,Case 2,6.23423423423423,-1.85841935767538
Vertical displacement,Theory,Case 2,6.24624624624625,-1.86018181340533
Vertical displacement,Theory,Case 2,6.25825825825826,-1.86202062398803
Vertical displacement,Theory,Case 2,6.27027027027027,-1.86393469706128
Vertical displacement,Theory,Case 2,6.28228228228228,-1.86592294416633
Vertical displacement,Theory,Case 2,6.29429429429429,-1.86798428074812
Vertical displacement,Theory,Case 2,6.30630630630631,-1.87011762615522
Vertical displacement,Theory,Case 2,6.31831831831832,-1.87232190363964
Vertical displacement,Theory,Case 2,6.33033033033033,-1.87459604035715
Vertical displacement,Theory,Case 2,6.34234234234234,-1.87693896736697
Vertical displacement,Theory,Case 2,6.35435435435435,-1.87934961963202
Vertical displacement,Theory,Case 2,6.36636636636637,-1.88182693601875
Vertical displacement,Theory,Case 2,6.37837837837838,-1.8843698592972
Vertical displacement,Theory,Case 2,6.39039039039039,-1.88697733614106
Vertical displacement,Theory,Case 2,6.4024024024024,-1.88964831712753
Vertical displacement,Theory,Case 2,6.41441441441441,-1.89238175673741
Vertical displacement,Theory,Case 2,6.42642642642643,-1.89517661335521
Vertical displacement,Theory,Case 2,6.43843843843844,-1.89803184926886
Vertical displacement,Theory,Case 2,6.45045045045045,-1.90094643066999
Vertical displacement,Theory,Case 2,6.46246246246246,-1.90391932765379
Vertical displacement,Theory,Case 2,6.47447447447447,-1.90694951421903
Vertical displacement,Theory,Case 2,6.48648648648649,-1.91003596826813
Vertical displacement,Theory,Case 2,6.4984984984985,-1.913177671607
Vertical displacement,Theory,Case 2,6.51051051051051,-1.91637360994523
Vertical displacement,Theory,Case 2,6.52252252252252,-1.91962277289597
Vertical displacement,Theory,Case 2,6.53453453453453,-1.92292415397592
Vertical displacement,Theory,Case 2,6.54654654654655,-1.92627675060545
Vertical displacement,Theory,Case 2,6.55855855855856,-1.92967956410847
Vertical displacement,Theory,Case 2,6.57057057057057,-1.93313159971247
Vertical displacement,Theory,Case 2,6.58258258258258,-1.9366318665486
Vertical displacement,Theory,Case 2,6.59459459459459,-1.94017937765149
Vertical displacement,Theory,Case 2,6.60660660660661,-1.94377314995946
Vertical displacement,Theory,Case 2,6.61861861861862,-1.94741220431439
Vertical displacement,Theory,Case 2,6.63063063063063,-1.95109556546171
Vertical displacement,Theory,Case 2,6.64264264264264,-1.95482226205056
Vertical displacement,Theory,Case 2,6.65465465465465,-1.95859132663349
Vertical displacement,Theory,Case 2,6.66666666666667,-1.96240179566677
Vertical displacement,Theory,Case 2,6.67867867867868,-1.96625270951025
Vertical displacement,Theory,Case 2,6.69069069069069,-1.97014311242735
Vertical displacement,Theory,Case 2,6.7027027027027,-1.97407205258506
Vertical displacement,Theory,Case 2,6.71471471471471,-1.978038582054
Vertical displacement,Theory,Case 2,6.72672672672673,-1.98204175680836
Vertical displacement,Theory,Case 2,6.73873873873874,-1.98608063672591
Vertical displacement,Theory,Case 2,6.75075075075075,-1.99015428558804
Vertical displacement,Theory,Case 2,6.76276276276276,-1.99426177107971
Vertical displacement,Theory,Case 2,6.77477477477477,-1.9984021647895
Vertical displacement,Theory,Case 2,6.78678678678679,-2.00257454220953
Vertical displacement,Theory,Case 2,6.7987987987988,-2.00677798273553
Vertical displacement,Theory,Case 2,6.81081081081081,-2.01101156966686
Vertical displacement,Theory,Case 2,6.82282282282282,-2.01527439020645
Vertical displacement,Theory,Case 2,6.83483483483483,-2.01956553546078
Vertical displacement,Theory,Case 2,6.84684684684685,-2.02388410043996
Vertical displacement,Theory,Case 2,6.85885885885886,-2.02822918405767
Vertical displacement,Theory,Case 2,6.87087087087087,-2.03259988913126
Vertical displacement,Theory,Case 2,6.88288288288288,-2.03699532238152
Vertical displacement,Theory,Case 2,6.89489489489489,-2.04141459443297
Vertical displacement,Theory,Case 2,6.90690690690691,-2.04585681981366
Vertical displacement,Theory,Case 2,6.91891891891892,-2.05032111695522
Vertical displacement,Theory,Case 2,6.93093093093093,-2.05480660819292
Vertical displacement,Theory,Case 2,6.94294294294294,-2.05931241976557
Vertical displacement,Theory,Case 2,6.95495495495495,-2.06383768181558
Vertical displacement,Theory,Case 2,6.96696696696697,-2.068381528389
Vertical displacement,Theory,Case 2,6.97897897897898,-2.07294309743541
Vertical displacement,Theory,Case 2,6.99099099099099,-2.077521530808
Vertical displacement,Theory,Case 2,7.003003003003,-2.08211597426355
Vertical displacement,Theory,Case 2,7.01501501501502,-2.08672557746247
Vertical displacement,Theory,Case 2,7.02702702702703,-2.09134949396871
Vertical displacement,Theory,Case 2,7.03903903903904,-2.0959868812498
Vertical displacement,Theory,Case 2,7.05105105105105,-2.10063690067692
Vertical displacement,Theory,Case 2,7.06306306306306,-2.10529871752483
Vertical displacement,Theory,Case 2,7.07507507507508,-2.10997150097181
Vertical displacement,Theory,Case 2,7.08708708708709,-2.11465442409983
Vertical displacement,Theory,Case 2,7.0990990990991,-2.11934666389436
Vertical displacement,Theory,Case 2,7.11111111111111,-2.12404740124453
Vertical displacement,Theory,Case 2,7.12312312312312,-2.12875582094305
Vertical displacement,Theory,Case 2,7.13513513513514,-2.13347111168616
Vertical displacement,Theory,Case 2,7.14714714714715,-2.13819246607379
Vertical displacement,Theory,Case 2,7.15915915915916,-2.14291908060936
Vertical displacement,Theory,Case 2,7.17117117117117,-2.14765015569994
Vertical displacement,Theory,Case 2,7.18318318318318,-2.15238489565622
Vertical displacement,Theory,Case 2,7.1951951951952,-2.1571225086924
Vertical displacement,Theory,Case 2,7.20720720720721,-2.16186220692632
Vertical displacement,Theory,Case 2,7.21921921921922,-2.16660320637942
Vertical displacement,Theory,Case 2,7.23123123123123,-2.17134472697668
Vertical displacement,Theory,Case 2,7.24324324324324,-2.17608599254673
Vertical displacement,Theory,Case 2,7.25525525525526,-2.18082623082178
Vertical displacement,Theory,Case 2,7.26726726726727,-2.18556467343758
Vertical displacement,Theory,Case 2,7.27927927927928,-2.19030055593351
Vertical displacement,Theory,Case 2,7.29129129129129,-2.19503311775256
Vertical displacement,Theory,Case 2,7.3033033033033,-2.1997616022413
Vertical displacement,Theory,Case 2,7.31531531531532,-2.20448525664987
Vertical displacement,Theory,Case 2,7.32732732732733,-2.20920333213197
Vertical displacement,Theory,Case 2,7.33933933933934,-2.21391508374499
Vertical displacement,Theory,Case 2,7.35135135135135,-2.21861977044982
Vertical displacement,Theory,Case 2,7.36336336336336,-2.22331665511098
Vertical displacement,Theory,Case 2,7.37537537537538,-2.22800500449661
Vertical displacement,Theory,Case 2,7.38738738738739,-2.23268408927835
Vertical displacement,Theory,Case 2,7.3993993993994,-2.23735318403151
Vertical displacement,Theory,Case 2,7.41141141141141,-2.24201156723498
Vertical displacement,Theory,Case 2,7.42342342342342,-2.24665852127123
Vertical displacement,Theory,Case 2,7.43543543543544,-2.25129333242628
Vertical displacement,Theory,Case 2,7.44744744744745,-2.25591529088983
Vertical displacement,Theory,Case 2,7.45945945945946,-2.26052369075512
Vertical displacement,Theory,Case 2,7.47147147147147,-2.26511783001893
Vertical displacement,Theory,Case 2,7.48348348348348,-2.26969701058174
Vertical displacement,Theory,Case 2,7.4954954954955,-2.27426053824756
Vertical displacement,Theory,Case 2,7.50750750750751,-2.27880772272396
Vertical displacement,Theory,Case 2,7.51951951951952,-2.28333787762216
Vertical displacement,Theory,Case 2,7.53153153153153,-2.28785032045695
Vertical displacement,Theory,Case 2,7.54354354354354,-2.29234437264669
Vertical displacement,Theory,Case 2,7.55555555555556,-2.29681935951339
Vertical displacement,Theory,Case 2,7.56756756756757,-2.30127461028255
Vertical displacement,Theory,Case 2,7.57957957957958,-2.30570945808338
Vertical displacement,Theory,Case 2,7.59159159159159,-2.31012323994859
Vertical displacement,Theory,Case 2,7.6036036036036,-2.31451529681451
Vertical displacement,Theory,Case 2,7.61561561561562,-2.31888497352108
Vertical displacement,Theory,Case 2,7.62762762762763,-2.32323161881182
Vertical displacement,Theory,Case 2,7.63963963963964,-2.32755458533383
Vertical displacement,Theory,Case 2,7.65165165165165,-2.33185322963781
Vertical displacement,Theory,Case 2,7.66366366366366,-2.33612691217801
Vertical displacement,Theory,Case 2,7.67567567567568,-2.34037499731237
Vertical displacement,Theory,Case 2,7.68768768768769,-2.34459685330233
Vertical displacement,Theory,Case 2,7.6996996996997,-2.34879185231296
Vertical displacement,Theory,Case 2,7.71171171171171,-2.35295937041287
Vertical displacement,Theory,Case 2,7.72372372372372,-2.35709878757436
Vertical displacement,Theory,Case 2,7.73573573573574,-2.36120948767326
Vertical displacement,Theory,Case 2,7.74774774774775,-2.36529085848896
Vertical displacement,Theory,Case 2,7.75975975975976,-2.3693422917045
Vertical displacement,Theory,Case 2,7.77177177177177,-2.37336318290646
Vertical displacement,Theory,Case 2,7.78378378378378,-2.37735293158507
Vertical displacement,Theory,Case 2,7.7957957957958,-2.38131094113412
Vertical displacement,Theory,Case 2,7.80780780780781,-2.38523661885095
Vertical displacement,Theory,Case 2,7.81981981981982,-2.38912937593658
Vertical displacement,Theory,Case 2,7.83183183183183,-2.39298862749553
Vertical displacement,Theory,Case 2,7.84384384384384,-2.39681379253599
Vertical displacement,Theory,Case 2,7.85585585585586,-2.40060429396968
Vertical displacement,Theory,Case 2,7.86786786786787,-2.40435955861194
Vertical displacement,Theory,Case 2,7.87987987987988,-2.40807901718169
Vertical displacement,Theory,Case 2,7.89189189189189,-2.41176210430144
Vertical displacement,Theory,Case 2,7.9039039039039,-2.41540825849732
Vertical displacement,Theory,Case 2,7.91591591591592,-2.41901692219901
Vertical displacement,Theory,Case 2,7.92792792792793,-2.42258754173982
Vertical displacement,Theory,Case 2,7.93993993993994,-2.42611956735662
Vertical displacement,Theory,Case 2,7.95195195195195,-2.42961245318987
Vertical displacement,Theory,Case 2,7.96396396396396,-2.43306565728363
Vertical displacement,Theory,Case 2,7.97597597597598,-2.43647864158557
Vertical displacement,Theory,Case 2,7.98798798798799,-2.43985087194692
Vertical displacement,Theory,Case 2,8,-2.44318181812253
Vertical displacement,Theory,Case 2,8.01201201201201,-2.44647095377081
Vertical displacement,Theory,Case 2,8.02402402402402,-2.4497177564538
Vertical displacement,Theory,Case 2,8.03603603603604,-2.45292170763708
Vertical displacement,Theory,Case 2,8.04804804804805,-2.45608229268986
Vertical displacement,Theory,Case 2,8.06006006006006,-2.45919900088495
Vertical displacement,Theory,Case 2,8.07207207207207,-2.4622713253987
Vertical displacement,Theory,Case 2,8.08408408408408,-2.46529876331109
Vertical displacement,Theory,Case 2,8.0960960960961,-2.4682808156057
Vertical displacement,Theory,Case 2,8.10810810810811,-2.47121698716968
Vertical displacement,Theory,Case 2,8.12012012012012,-2.47410678679373
Vertical displacement,Theory,Case 2,8.13213213213213,-2.47694972717225
Vertical displacement,Theory,Case 2,8.14414414414414,-2.47974532490312
Vertical displacement,Theory,Case 2,8.15615615615616,-2.48249310048788
Vertical displacement,Theory,Case 2,8.16816816816817,-2.48519257833165
Vertical displacement,Theory,Case 2,8.18018018018018,-2.4878432867431
Vertical displacement,Theory,Case 2,8.19219219219219,-2.49044475793452
Vertical displacement,Theory,Case 2,8.2042042042042,-2.4929965280218
Vertical displacement,Theory,Case 2,8.21621621621622,-2.49549813702444
Vertical displacement,Theory,Case 2,8.22822822822823,-2.49794912886549
Vertical displacement,Theory,Case 2,8.24024024024024,-2.50034905137159
Vertical displacement,Theory,Case 2,8.25225225225225,-2.50269745627295
Vertical displacement,Theory,Case 2,8.26426426426426,-2.50499389920349
Vertical displacement,Theory,Case 2,8.27627627627628,-2.50723793970056
Vertical displacement,Theory,Case 2,8.28828828828829,-2.50942914120523
Vertical displacement,Theory,Case 2,8.3003003003003,-2.51156707106209
Vertical displacement,Theory,Case 2,8.31231231231231,-2.51365130051934
Vertical displacement,Theory,Case 2,8.32432432432432,-2.51568140472877
Vertical displacement,Theory,Case 2,8.33633633633634,-2.51765696274577
Vertical displacement,Theory,Case 2,8.34834834834835,-2.51957755752927
Vertical displacement,Theory,Case 2,8.36036036036036,-2.52144277594188
Vertical displacement,Theory,Case 2,8.37237237237237,-2.52325220874976
Vertical displacement,Theory,Case 2,8.38438438438438,-2.52500545062265
Vertical displacement,Theory,Case 2,8.3963963963964,-2.52670210013389
Vertical displacement,Theory,Case 2,8.40840840840841,-2.52834175976035
Vertical displacement,Theory,Case 2,8.42042042042042,-2.52992403588261
Vertical displacement,Theory,Case 2,8.43243243243243,-2.53144853878477
Vertical displacement,Theory,Case 2,8.44444444444444,-2.5329148826545
Vertical displacement,Theory,Case 2,8.45645645645646,-2.53432268558313
Vertical displacement,Theory,Case 2,8.46846846846847,-2.53567156956551
Vertical displacement,Theory,Case 2,8.48048048048048,-2.53696116050015
Vertical displacement,Theory,Case 2,8.49249249249249,-2.53819108818908
Vertical displacement,Theory,Case 2,8.5045045045045,-2.539360986338
Vertical displacement,Theory,Case 2,8.51651651651652,-2.54047049255608
Vertical displacement,Theory,Case 2,8.52852852852853,-2.54151924835625
Vertical displacement,Theory,Case 2,8.54054054054054,-2.54250689915487
Vertical displacement,Theory,Case 2,8.55255255255255,-2.54343309427196
Vertical displacement,Theory,Case 2,8.56456456456456,-2.54429748693118
Vertical displacement,Theory,Case 2,8.57657657657658,-2.54509973425968
Vertical displacement,Theory,Case 2,8.58858858858859,-2.54583949728827
Vertical displacement,Theory,Case 2,8.6006006006006,-2.54651644095136
Vertical displacement,Theory,Case 2,8.61261261261261,-2.54713023408688
Vertical displacement,Theory,Case 2,8.62462462462462,-2.54768054943644
Vertical displacement,Theory,Case 2,8.63663663663664,-2.54816706364513
Vertical displacement,Theory,Case 2,8.64864864864865,-2.54858945726177
Vertical displacement,Theory,Case 2,8.66066066066066,-2.54894741473865
Vertical displacement,Theory,Case 2,8.67267267267267,-2.54924062443174
Vertical displacement,Theory,Case 2,8.68468468468468,-2.54946877860051
Vertical displacement,Theory,Case 2,8.6966966966967,-2.54963157340808
Vertical displacement,Theory,Case 2,8.70870870870871,-2.54972870892118
Vertical displacement,Theory,Case 2,8.72072072072072,-2.54975988911009
Vertical displacement,Theory,Case 2,8.73273273273273,-2.54972482184871
Vertical displacement,Theory,Case 2,8.74474474474474,-2.54962321891446
Vertical displacement,Theory,Case 2,8.75675675675676,-2.54945479598848
Vertical displacement,Theory,Case 2,8.76876876876877,-2.54921927265536
Vertical displacement,Theory,Case 2,8.78078078078078,-2.54891637240338
Vertical displacement,Theory,Case 2,8.79279279279279,-2.54854582262437
Vertical displacement,Theory,Case 2,8.8048048048048,-2.54810735461376
Vertical displacement,Theory,Case 2,8.81681681681682,-2.5476007035706
Vertical displacement,Theory,Case 2,8.82882882882883,-2.54702560859744
Vertical displacement,Theory,Case 2,8.84084084084084,-2.54638181270055
Vertical displacement,Theory,Case 2,8.85285285285285,-2.54566906278967
Vertical displacement,Theory,Case 2,8.86486486486486,-2.54488710967821
Vertical displacement,Theory,Case 2,8.87687687687688,-2.54403570808311
Vertical displacement,Theory,Case 2,8.88888888888889,-2.54311461662501
Vertical displacement,Theory,Case 2,8.9009009009009,-2.542123597828
Vertical displacement,Theory,Case 2,8.91291291291291,-2.54106241811984
Vertical displacement,Theory,Case 2,8.92492492492492,-2.53993084783189
Vertical displacement,Theory,Case 2,8.93693693693694,-2.53872866119907
Vertical displacement,Theory,Case 2,8.94894894894895,-2.53745563635988
Vertical displacement,Theory,Case 2,8.96096096096096,-2.53611155535648
Vertical displacement,Theory,Case 2,8.97297297297297,-2.53469620413452
Vertical displacement,Theory,Case 2,8.98498498498498,-2.53320937254332
Vertical displacement,Theory,Case 2,8.996996996997,-2.53165085433574
Vertical displacement,Theory,Case 2,9.00900900900901,-2.5300204471683
Vertical displacement,Theory,Case 2,9.02102102102102,-2.52831795260103
Vertical displacement,Theory,Case 2,9.03303303303303,-2.52654317609763
Vertical displacement,Theory,Case 2,9.04504504504505,-2.52469592702528
Vertical displacement,Theory,Case 2,9.05705705705706,-2.52277601865492
Vertical displacement,Theory,Case 2,9.06906906906907,-2.52078326816085
Vertical displacement,Theory,Case 2,9.08108108108108,-2.51871749662119
Vertical displacement,Theory,Case 2,9.09309309309309,-2.51657852901752
Vertical displacement,Theory,Case 2,9.10510510510511,-2.51436619423504
Vertical displacement,Theory,Case 2,9.11711711711712,-2.51208032506255
Vertical displacement,Theory,Case 2,9.12912912912913,-2.50972075819243
Vertical displacement,Theory,Case 2,9.14114114114114,-2.50728733422065
Vertical displacement,Theory,Case 2,9.15315315315315,-2.50477989764681
Vertical displacement,Theory,Case 2,9.16516516516517,-2.50219829687402
Vertical displacement,Theory,Case 2,9.17717717717718,-2.49954238420909
Vertical displacement,Theory,Case 2,9.18918918918919,-2.49681201586231
Vertical displacement,Theory,Case 2,9.2012012012012,-2.49400705194761
Vertical displacement,Theory,Case 2,9.21321321321321,-2.49112735648253
Vertical displacement,Theory,Case 2,9.22522522522523,-2.48817279738819
Vertical displacement,Theory,Case 2,9.23723723723724,-2.48514324648928
Vertical displacement,Theory,Case 2,9.24924924924925,-2.48203857951411
Vertical displacement,Theory,Case 2,9.26126126126126,-2.47885867609452
Vertical displacement,Theory,Case 2,9.27327327327327,-2.47560341976604
Vertical displacement,Theory,Case 2,9.28528528528529,-2.47227269796771
Vertical displacement,Theory,Case 2,9.2972972972973,-2.46886640204223
Vertical displacement,Theory,Case 2,9.30930930930931,-2.46538442723578
Vertical displacement,Theory,Case 2,9.32132132132132,-2.46182667269824
Vertical displacement,Theory,Case 2,9.33333333333333,-2.45819304148303
Vertical displacement,Theory,Case 2,9.34534534534535,-2.4544834405472
Vertical displacement,Theory,Case 2,9.35735735735736,-2.45069778075134
Vertical displacement,Theory,Case 2,9.36936936936937,-2.44683597685963
Vertical displacement,Theory,Case 2,9.38138138138138,-2.44289794753992
Vertical displacement,Theory,Case 2,9.39339339339339,-2.43888361536356
Vertical displacement,Theory,Case 2,9.40540540540541,-2.43479290680553
Vertical displacement,Theory,Case 2,9.41741741741742,-2.43062575224442
Vertical displacement,Theory,Case 2,9.42942942942943,-2.42638208596236
Vertical displacement,Theory,Case 2,9.44144144144144,-2.42206184614512
Vertical displacement,Theory,Case 2,9.45345345345345,-2.41766497488203
Vertical displacement,Theory,Case 2,9.46546546546547,-2.41319141816603
Vertical displacement,Theory,Case 2,9.47747747747748,-2.40864112589363
Vertical displacement,Theory,Case 2,9.48948948948949,-2.40401405186496
Vertical displacement,Theory,Case 2,9.5015015015015,-2.39931015378373
Vertical displacement,Theory,Case 2,9.51351351351351,-2.39452939325719
Vertical displacement,Theory,Case 2,9.52552552552553,-2.38967173579626
Vertical displacement,Theory,Case 2,9.53753753753754,-2.38473715081544
Vertical displacement,Theory,Case 2,9.54954954954955,-2.37972561163276
Vertical displacement,Theory,Case 2,9.56156156156156,-2.37463709546993
Vertical displacement,Theory,Case 2,9.57357357357357,-2.36947158345214
Vertical displacement,Theory,Case 2,9.58558558558559,-2.36422906060826
Vertical displacement,Theory,Case 2,9.5975975975976,-2.35890951587073
Vertical displacement,Theory,Case 2,9.60960960960961,-2.35351294207553
Vertical displacement,Theory,Case 2,9.62162162162162,-2.34803933596233
Vertical displacement,Theory,Case 2,9.63363363363363,-2.3424886981743
Vertical displacement,Theory,Case 2,9.64564564564565,-2.3368610332583
Vertical displacement,Theory,Case 2,9.65765765765766,-2.33115634966462
Vertical displacement,Theory,Case 2,9.66966966966967,-2.32537465974729
Vertical displacement,Theory,Case 2,9.68168168168168,-2.31951597976385
Vertical displacement,Theory,Case 2,9.69369369369369,-2.31358032987555
Vertical displacement,Theory,Case 2,9.70570570570571,-2.30756773414703
Vertical displacement,Theory,Case 2,9.71771771771772,-2.30147822054665
Vertical displacement,Theory,Case 2,9.72972972972973,-2.29531182094644
Vertical displacement,Theory,Case 2,9.74174174174174,-2.28906857112178
Vertical displacement,Theory,Case 2,9.75375375375375,-2.28274851075191
Vertical displacement,Theory,Case 2,9.76576576576577,-2.27635168341947
Vertical displacement,Theory,Case 2,9.77777777777778,-2.2698781366108
Vertical displacement,Theory,Case 2,9.78978978978979,-2.26332792171572
Vertical displacement,Theory,Case 2,9.8018018018018,-2.25670109402777
Vertical displacement,Theory,Case 2,9.81381381381381,-2.24999771274401
Vertical displacement,Theory,Case 2,9.82582582582583,-2.24321784096502
Vertical displacement,Theory,Case 2,9.83783783783784,-2.2363615456952
Vertical displacement,Theory,Case 2,9.84984984984985,-2.22942889784225
Vertical displacement,Theory,Case 2,9.86186186186186,-2.22241997221771
Vertical displacement,Theory,Case 2,9.87387387387387,-2.21533484753655
Vertical displacement,Theory,Case 2,9.88588588588589,-2.20817360641739
Vertical displacement,Theory,Case 2,9.8978978978979,-2.20093633538244
Vertical displacement,Theory,Case 2,9.90990990990991,-2.1936231248575
Vertical displacement,Theory,Case 2,9.92192192192192,-2.18623406917198
Vertical displacement,Theory,Case 2,9.93393393393393,-2.17876926655884
Vertical displacement,Theory,Case 2,9.94594594594595,-2.17122881915464
Vertical displacement,Theory,Case 2,9.95795795795796,-2.16361283299954
Vertical displacement,Theory,Case 2,9.96996996996997,-2.15592141803729
Vertical displacement,Theory,Case 2,9.98198198198198,-2.14815468811524
Vertical displacement,Theory,Case 2,9.99399399399399,-2.14031276098436
Vertical displacement,Theory,Case 2,10.006006006006,-2.13239575829912
Vertical displacement,Theory,Case 2,10.018018018018,-2.12440380561765
Vertical displacement,Theory,Case 2,10.03003003003,-2.11633703240167
Vertical displacement,Theory,Case 2,10.042042042042,-2.10819557201652
Vertical displacement,Theory,Case 2,10.0540540540541,-2.09997956173099
Vertical displacement,Theory,Case 2,10.0660660660661,-2.09168914271763
Vertical displacement,Theory,Case 2,10.0780780780781,-2.08332446005248
Vertical displacement,Theory,Case 2,10.0900900900901,-2.07488566271526
Vertical displacement,Theory,Case 2,10.1021021021021,-2.06637290358911
Vertical displacement,Theory,Case 2,10.1141141141141,-2.05778633946101
Vertical displacement,Theory,Case 2,10.1261261261261,-2.04912613102129
Vertical displacement,Theory,Case 2,10.1381381381381,-2.04039244286402
Vertical displacement,Theory,Case 2,10.1501501501502,-2.0315854434868
Vertical displacement,Theory,Case 2,10.1621621621622,-2.02270530529087
Vertical displacement,Theory,Case 2,10.1741741741742,-2.01375220458095
Vertical displacement,Theory,Case 2,10.1861861861862,-2.00472632156556
Vertical displacement,Theory,Case 2,10.1981981981982,-1.99562784035656
Vertical displacement,Theory,Case 2,10.2102102102102,-1.98645694896956
Vertical displacement,Theory,Case 2,10.2222222222222,-1.97721383932374
Vertical displacement,Theory,Case 2,10.2342342342342,-1.96789870724184
Vertical displacement,Theory,Case 2,10.2462462462462,-1.9585117524502
Vertical displacement,Theory,Case 2,10.2582582582583,-1.94905317857876
Vertical displacement,Theory,Case 2,10.2702702702703,-1.93952319316103
Vertical displacement,Theory,Case 2,10.2822822822823,-1.92992200763414
Vertical displacement,Theory,Case 2,10.2942942942943,-1.92024983733883
Vertical displacement,Theory,Case 2,10.3063063063063,-1.91050690151939
Vertical displacement,Theory,Case 2,10.3183183183183,-1.90069342332364
Vertical displacement,Theory,Case 2,10.3303303303303,-1.89080962980313
Vertical displacement,Theory,Case 2,10.3423423423423,-1.88085575191296
Vertical displacement,Theory,Case 2,10.3543543543544,-1.8708320245117
Vertical displacement,Theory,Case 2,10.3663663663664,-1.86073868636163
Vertical displacement,Theory,Case 2,10.3783783783784,-1.85057598012863
Vertical displacement,Theory,Case 2,10.3903903903904,-1.84034415238214
Vertical displacement,Theory,Case 2,10.4024024024024,-1.83004345359516
Vertical displacement,Theory,Case 2,10.4144144144144,-1.81967413814431
Vertical displacement,Theory,Case 2,10.4264264264264,-1.80923646430976
Vertical displacement,Theory,Case 2,10.4384384384384,-1.79873069427542
Vertical displacement,Theory,Case 2,10.4504504504505,-1.78815709412856
Vertical displacement,Theory,Case 2,10.4624624624625,-1.77751593386024
Vertical displacement,Theory,Case 2,10.4744744744745,-1.766807487365
Vertical displacement,Theory,Case 2,10.4864864864865,-1.75603203244101
Vertical displacement,Theory,Case 2,10.4984984984985,-1.74518985079001
Vertical displacement,Theory,Case 2,10.5105105105105,-1.73428122801739
Vertical displacement,Theory,Case 2,10.5225225225225,-1.72330645363204
Vertical displacement,Theory,Case 2,10.5345345345345,-1.71226582104652
Vertical displacement,Theory,Case 2,10.5465465465465,-1.70115962757694
Vertical displacement,Theory,Case 2,10.5585585585586,-1.68998817444293
Vertical displacement,Theory,Case 2,10.5705705705706,-1.67875176676794
Vertical displacement,Theory,Case 2,10.5825825825826,-1.66745071357876
Vertical displacement,Theory,Case 2,10.5945945945946,-1.65608532780585
Vertical displacement,Theory,Case 2,10.6066066066066,-1.64465592628337
Vertical displacement,Theory,Case 2,10.6186186186186,-1.6331628297489
Vertical displacement,Theory,Case 2,10.6306306306306,-1.62160636284377
Vertical displacement,Theory,Case 2,10.6426426426426,-1.60998685411276
Vertical displacement,Theory,Case 2,10.6546546546547,-1.59830463600437
Vertical displacement,Theory,Case 2,10.6666666666667,-1.58656004487055
Vertical displacement,Theory,Case 2,10.6786786786787,-1.57475342096703
Vertical displacement,Theory,Case 2,10.6906906906907,-1.56288510845289
Vertical displacement,Theory,Case 2,10.7027027027027,-1.55095545539102
Vertical displacement,Theory,Case 2,10.7147147147147,-1.53896481374779
Vertical displacement,Theory,Case 2,10.7267267267267,-1.52691353939319
Vertical displacement,Theory,Case 2,10.7387387387387,-1.51480199210072
Vertical displacement,Theory,Case 2,10.7507507507508,-1.50263053554769
Vertical displacement,Theory,Case 2,10.7627627627628,-1.4903995373147
Vertical displacement,Theory,Case 2,10.7747747747748,-1.47810936888618
Vertical displacement,Theory,Case 2,10.7867867867868,-1.46576040565011
Vertical displacement,Theory,Case 2,10.7987987987988,-1.45335302689787
Vertical displacement,Theory,Case 2,10.8108108108108,-1.44088761582474
Vertical displacement,Theory,Case 2,10.8228228228228,-1.42836455952935
Vertical displacement,Theory,Case 2,10.8348348348348,-1.415784249014
Vertical displacement,Theory,Case 2,10.8468468468468,-1.40314707918462
Vertical displacement,Theory,Case 2,10.8588588588589,-1.39045344885065
Vertical displacement,Theory,Case 2,10.8708708708709,-1.3777037607252
Vertical displacement,Theory,Case 2,10.8828828828829,-1.36489842142489
Vertical displacement,Theory,Case 2,10.8948948948949,-1.35203784147002
Vertical displacement,Theory,Case 2,10.9069069069069,-1.33912243528444
Vertical displacement,Theory,Case 2,10.9189189189189,-1.32615262119553
Vertical displacement,Theory,Case 2,10.9309309309309,-1.31312882143433
Vertical displacement,Theory,Case 2,10.9429429429429,-1.30005146213556
Vertical displacement,Theory,Case 2,10.954954954955,-1.28692097333731
Vertical displacement,Theory,Case 2,10.966966966967,-1.27373778898145
Vertical displacement,Theory,Case 2,10.978978978979,-1.26050234691332
Vertical displacement,Theory,Case 2,10.990990990991,-1.24721508888198
Vertical displacement,Theory,Case 2,11.003003003003,-1.2338764605399
Vertical displacement,Theory,Case 2,11.015015015015,-1.22048691144339
Vertical displacement,Theory,Case 2,11.027027027027,-1.20704689505205
Vertical displacement,Theory,Case 2,11.039039039039,-1.19355686872933
Vertical displacement,Theory,Case 2,11.0510510510511,-1.18001729374214
Vertical displacement,Theory,Case 2,11.0630630630631,-1.16642863526097
Vertical displacement,Theory,Case 2,11.0750750750751,-1.15279136236001
Vertical displacement,Theory,Case 2,11.0870870870871,-1.13910594801693
Vertical displacement,Theory,Case 2,11.0990990990991,-1.12537286911303
Vertical displacement,Theory,Case 2,11.1111111111111,-1.11159260643324
Vertical displacement,Theory,Case 2,11.1231231231231,-1.09776564466599
Vertical displacement,Theory,Case 2,11.1351351351351,-1.08389247240338
Vertical displacement,Theory,Case 2,11.1471471471471,-1.06997358214111
Vertical displacement,Theory,Case 2,11.1591591591592,-1.05600947027838
Vertical displacement,Theory,Case 2,11.1711711711712,-1.04200063711803
Vertical displacement,Theory,Case 2,11.1831831831832,-1.02794758686658
Vertical displacement,Theory,Case 2,11.1951951951952,-1.01385082763402
Vertical displacement,Theory,Case 2,11.2072072072072,-0.999710871433935
Vertical displacement,Theory,Case 2,11.2192192192192,-0.985528234183549
Vertical displacement,Theory,Case 2,11.2312312312312,-0.971303435703758
Vertical displacement,Theory,Case 2,11.2432432432432,-0.957036999718816
Vertical displacement,Theory,Case 2,11.2552552552553,-0.942729453856756
Vertical displacement,Theory,Case 2,11.2672672672673,-0.928381329649203
Vertical displacement,Theory,Case 2,11.2792792792793,-0.913993162531277
Vertical displacement,Theory,Case 2,11.2912912912913,-0.899565491841725
Vertical displacement,Theory,Case 2,11.3033033033033,-0.885098860822947
Vertical displacement,Theory,Case 2,11.3153153153153,-0.870593816620848
Vertical displacement,Theory,Case 2,11.3273273273273,-0.856050910284964
Vertical displacement,Theory,Case 2,11.3393393393393,-0.841470696768437
Vertical displacement,Theory,Case 2,11.3513513513514,-0.826853734927923
Vertical displacement,Theory,Case 2,11.3633633633634,-0.812200587523756
Vertical displacement,Theory,Case 2,11.3753753753754,-0.797511821219798
Vertical displacement,Theory,Case 2,11.3873873873874,-0.78278800658366
Vertical displacement,Theory,Case 2,11.3993993993994,-0.768029718086276
Vertical displacement,Theory,Case 2,11.4114114114114,-0.753237534102345
Vertical displacement,Theory,Case 2,11.4234234234234,-0.738412036910188
Vertical displacement,Theory,Case 2,11.4354354354354,-0.723553812691565
Vertical displacement,Theory,Case 2,11.4474474474474,-0.708663451531978
Vertical displacement,Theory,Case 2,11.4594594594595,-0.693741547420499
Vertical displacement,Theory,Case 2,11.4714714714715,-0.678788698249682
Vertical displacement,Theory,Case 2,11.4834834834835,-0.663805505815659
Vertical displacement,Theory,Case 2,11.4954954954955,-0.648792575818393
Vertical displacement,Theory,Case 2,11.5075075075075,-0.633750517861237
Vertical displacement,Theory,Case 2,11.5195195195195,-0.618679945451108
Vertical displacement,Theory,Case 2,11.5315315315315,-0.603581475998627
Vertical displacement,Theory,Case 2,11.5435435435435,-0.588455730817981
Vertical displacement,Theory,Case 2,11.5555555555556,-0.573303335126878
Vertical displacement,Theory,Case 2,11.5675675675676,-0.558124918046713
Vertical displacement,Theory,Case 2,11.5795795795796,-0.54292111260242
Vertical displacement,Theory,Case 2,11.5915915915916,-0.527692555722528
Vertical displacement,Theory,Case 2,11.6036036036036,-0.512439888239118
Vertical displacement,Theory,Case 2,11.6156156156156,-0.497163754887963
Vertical displacement,Theory,Case 2,11.6276276276276,-0.481864804308366
Vertical displacement,Theory,Case 2,11.6396396396396,-0.466543689043193
Vertical displacement,Theory,Case 2,11.6516516516517,-0.451201065538872
Vertical displacement,Theory,Case 2,11.6636636636637,-0.435837594145621
Vertical displacement,Theory,Case 2,11.6756756756757,-0.420453939116962
Vertical displacement,Theory,Case 2,11.6876876876877,-0.405050768610315
Vertical displacement,Theory,Case 2,11.6996996996997,-0.389628754686342
Vertical displacement,Theory,Case 2,11.7117117117117,-0.374188573309626
Vertical displacement,Theory,Case 2,11.7237237237237,-0.358730904348158
Vertical displacement,Theory,Case 2,11.7357357357357,-0.343256431573534
Vertical displacement,Theory,Case 2,11.7477477477477,-0.327765842661031
Vertical displacement,Theory,Case 2,11.7597597597598,-0.312259829189407
Vertical displacement,Theory,Case 2,11.7717717717718,-0.296739086640995
Vertical displacement,Theory,Case 2,11.7837837837838,-0.281204314401927
Vertical displacement,Theory,Case 2,11.7957957957958,-0.26565621576169
Vertical displacement,Theory,Case 2,11.8078078078078,-0.250095497913455
Vertical displacement,Theory,Case 2,11.8198198198198,-0.234522871954018
Vertical displacement,Theory,Case 2,11.8318318318318,-0.218939052883685
Vertical displacement,Theory,Case 2,11.8438438438438,-0.203344759606377
Vertical displacement,Theory,Case 2,11.8558558558559,-0.187740714929748
Vertical displacement,Theory,Case 2,11.8678678678679,-0.172127645564816
Vertical displacement,Theory,Case 2,11.8798798798799,-0.15650628212631
Vertical displacement,Theory,Case 2,11.8918918918919,-0.140877359132558
Vertical displacement,Theory,Case 2,11.9039039039039,-0.125241615005369
Vertical displacement,Theory,Case 2,11.9159159159159,-0.109599792070415
Vertical displacement,Theory,Case 2,11.9279279279279,-0.0939526365566488
Vertical displacement,Theory,Case 2,11.9399399399399,-0.0783008985967558
Vertical displacement,Theory,Case 2,11.951951951952,-0.062645332226952
Vertical displacement,Theory,Case 2,11.963963963964,-0.0469866953870655
Vertical displacement,Theory,Case 2,11.975975975976,-0.0313257499207473
Vertical displacement,Theory,Case 2,11.987987987988,-0.0156632615747952
Vertical displacement,Theory,Case 2,12,0
Vertical displacement,Theory,Case 3,0,0
Vertical displacement,Theory,Case 3,0.012012012012012,-0.0101540167854212
Vertical displacement,Theory,Case 3,0.024024024024024,-0.0203073045042242
Vertical displacement,Theory,Case 3,0.036036036036036,-0.0304591376680829
Vertical displacement,Theory,Case 3,0.048048048048048,-0.0406087946922613
Vertical displacement,Theory,Case 3,0.0600600600600601,-0.0507555578956157
Vertical displacement,Theory,Case 3,0.0720720720720721,-0.0608987135005917
Vertical displacement,Theory,Case 3,0.0840840840840841,-0.0710375516332275
Vertical displacement,Theory,Case 3,0.0960960960960961,-0.0811713663231507
Vertical displacement,Theory,Case 3,0.108108108108108,-0.0912994555035817
Vertical displacement,Theory,Case 3,0.12012012012012,-0.10142112101133
Vertical displacement,Theory,Case 3,0.132132132132132,-0.111535668586797
Vertical displacement,Theory,Case 3,0.144144144144144,-0.121642407873975
Vertical displacement,Theory,Case 3,0.156156156156156,-0.131740652420447
Vertical displacement,Theory,Case 3,0.168168168168168,-0.141829719677388
Vertical displacement,Theory,Case 3,0.18018018018018,-0.151908930999561
Vertical displacement,Theory,Case 3,0.192192192192192,-0.161977611645324
Vertical displacement,Theory,Case 3,0.204204204204204,-0.172035090776624
Vertical displacement,Theory,Case 3,0.216216216216216,-0.182080701458998
Vertical displacement,Theory,Case 3,0.228228228228228,-0.192113780661576
Vertical displacement,Theory,Case 3,0.24024024024024,-0.202133669257077
Vertical displacement,Theory,Case 3,0.252252252252252,-0.212139712021811
Vertical displacement,Theory,Case 3,0.264264264264264,-0.222131257635681
Vertical displacement,Theory,Case 3,0.276276276276276,-0.232107658682181
Vertical displacement,Theory,Case 3,0.288288288288288,-0.242068271648393
Vertical displacement,Theory,Case 3,0.3003003003003,-0.252012456924991
Vertical displacement,Theory,Case 3,0.312312312312312,-0.261939578806243
Vertical displacement,Theory,Case 3,0.324324324324324,-0.271849005490004
Vertical displacement,Theory,Case 3,0.336336336336336,-0.281740109077719
Vertical displacement,Theory,Case 3,0.348348348348348,-0.291612265574433
Vertical displacement,Theory,Case 3,0.36036036036036,-0.30146485488877
Vertical displacement,Theory,Case 3,0.372372372372372,-0.311297260832953
Vertical displacement,Theory,Case 3,0.384384384384384,-0.321108871122791
Vertical displacement,Theory,Case 3,0.396396396396396,-0.330899077377689
Vertical displacement,Theory,Case 3,0.408408408408408,-0.34066727512064
Vertical displacement,Theory,Case 3,0.42042042042042,-0.350412863778227
Vertical displacement,Theory,Case 3,0.432432432432432,-0.360135246680625
Vertical displacement,Theory,Case 3,0.444444444444444,-0.369833831061601
Vertical displacement,Theory,Case 3,0.456456456456456,-0.379508028058512
Vertical displacement,Theory,Case 3,0.468468468468468,-0.389157252712305
Vertical displacement,Theory,Case 3,0.48048048048048,-0.398780923967522
Vertical displacement,Theory,Case 3,0.492492492492492,-0.40837846467229
Vertical displacement,Theory,Case 3,0.504504504504504,-0.41794930157833
Vertical displacement,Theory,Case 3,0.516516516516517,-0.427492865340957
Vertical displacement,Theory,Case 3,0.528528528528528,-0.437008590519069
Vertical displacement,Theory,Case 3,0.540540540540541,-0.446495915575166
Vertical displacement,Theory,Case 3,0.552552552552553,-0.455954282875326
Vertical displacement,Theory,Case 3,0.564564564564565,-0.46538313868923
Vertical displacement,Theory,Case 3,0.576576576576577,-0.474781933190145
Vertical displacement,Theory,Case 3,0.588588588588589,-0.484150120454923
Vertical displacement,Theory,Case 3,0.600600600600601,-0.493487158464016
Vertical displacement,Theory,Case 3,0.612612612612613,-0.502792509101468
Vertical displacement,Theory,Case 3,0.624624624624625,-0.512065638154901
Vertical displacement,Theory,Case 3,0.636636636636637,-0.521306015315543
Vertical displacement,Theory,Case 3,0.648648648648649,-0.530513114178203
Vertical displacement,Theory,Case 3,0.660660660660661,-0.539686412241287
Vertical displacement,Theory,Case 3,0.672672672672673,-0.548825390906787
Vertical displacement,Theory,Case 3,0.684684684684685,-0.557929535480289
Vertical displacement,Theory,Case 3,0.696696696696697,-0.566998335170972
Vertical displacement,Theory,Case 3,0.708708708708709,-0.576031283091596
Vertical displacement,Theory,Case 3,0.720720720720721,-0.585027876258526
Vertical displacement,Theory,Case 3,0.732732732732733,-0.593987615591712
Vertical displacement,Theory,Case 3,0.744744744744745,-0.602910005914691
Vertical displacement,Theory,Case 3,0.756756756756757,-0.61179455595459
Vertical displacement,Theory,Case 3,0.768768768768769,-0.620640778342138
Vertical displacement,Theory,Case 3,0.780780780780781,-0.629448189611645
Vertical displacement,Theory,Case 3,0.792792792792793,-0.638216310201018
Vertical displacement,Theory,Case 3,0.804804804804805,-0.646944664451749
Vertical displacement,Theory,Case 3,0.816816816816817,-0.655632780608921
Vertical displacement,Theory,Case 3,0.828828828828829,-0.664280190821213
Vertical displacement,Theory,Case 3,0.840840840840841,-0.672886431140897
Vertical displacement,Theory,Case 3,0.852852852852853,-0.681451041523827
Vertical displacement,Theory,Case 3,0.864864864864865,-0.689973565829456
Vertical displacement,Theory,Case 3,0.876876876876877,-0.698453551820818
Vertical displacement,Theory,Case 3,0.888888888888889,-0.706890551164553
Vertical displacement,Theory,Case 3,0.900900900900901,-0.715284119430882
Vertical displacement,Theory,Case 3,0.912912912912913,-0.723633816093616
Vertical displacement,Theory,Case 3,0.924924924924925,-0.731939204530156
Vertical displacement,Theory,Case 3,0.936936936936937,-0.740199852021502
Vertical displacement,Theory,Case 3,0.948948948948949,-0.748415329752243
Vertical displacement,Theory,Case 3,0.960960960960961,-0.756585212810551
Vertical displacement,Theory,Case 3,0.972972972972973,-0.764709080188197
Vertical displacement,Theory,Case 3,0.984984984984985,-0.77278651478054
Vertical displacement,Theory,Case 3,0.996996996996997,-0.780817103386528
Vertical displacement,Theory,Case 3,1.00900900900901,-0.788800436708708
Vertical displacement,Theory,Case 3,1.02102102102102,-0.796736109353208
Vertical displacement,Theory,Case 3,1.03303303303303,-0.804623719829752
Vertical displacement,Theory,Case 3,1.04504504504505,-0.81246287055165
Vertical displacement,Theory,Case 3,1.05705705705706,-0.820253167835811
Vertical displacement,Theory,Case 3,1.06906906906907,-0.827994221902733
Vertical displacement,Theory,Case 3,1.08108108108108,-0.835685646876496
Vertical displacement,Theory,Case 3,1.09309309309309,-0.843327060784788
Vertical displacement,Theory,Case 3,1.10510510510511,-0.850918085558863
Vertical displacement,Theory,Case 3,1.11711711711712,-0.858458347033603
Vertical displacement,Theory,Case 3,1.12912912912913,-0.865947474947438
Vertical displacement,Theory,Case 3,1.14114114114114,-0.873385102942419
Vertical displacement,Theory,Case 3,1.15315315315315,-0.880770868564177
Vertical displacement,Theory,Case 3,1.16516516516517,-0.888104413261936
Vertical displacement,Theory,Case 3,1.17717717717718,-0.895385382388508
Vertical displacement,Theory,Case 3,1.18918918918919,-0.902613425200304
Vertical displacement,Theory,Case 3,1.2012012012012,-0.909788194857314
Vertical displacement,Theory,Case 3,1.21321321321321,-0.916909348423131
Vertical displacement,Theory,Case 3,1.22522522522523,-0.923976546864935
Vertical displacement,Theory,Case 3,1.23723723723724,-0.930989455053488
Vertical displacement,Theory,Case 3,1.24924924924925,-0.937947741763152
Vertical displacement,Theory,Case 3,1.26126126126126,-0.944851079671884
Vertical displacement,Theory,Case 3,1.27327327327327,-0.951699145361223
Vertical displacement,Theory,Case 3,1.28528528528529,-0.958491619316302
Vertical displacement,Theory,Case 3,1.2972972972973,-0.965228185925846
Vertical displacement,Theory,Case 3,1.30930930930931,-0.971908533482165
Vertical displacement,Theory,Case 3,1.32132132132132,-0.978532354181171
Vertical displacement,Theory,Case 3,1.33333333333333,-0.985099344122359
Vertical displacement,Theory,Case 3,1.34534534534535,-0.991609203308815
Vertical displacement,Theory,Case 3,1.35735735735736,-0.998061635647227
Vertical displacement,Theory,Case 3,1.36936936936937,-1.00445634894786
Vertical displacement,Theory,Case 3,1.38138138138138,-1.01079305492456
Vertical displacement,Theory,Case 3,1.39339339339339,-1.0170714691948
Vertical displacement,Theory,Case 3,1.40540540540541,-1.02329131127962
Vertical displacement,Theory,Case 3,1.41741741741742,-1.02945230460363
Vertical displacement,Theory,Case 3,1.42942942942943,-1.0355541764951
Vertical displacement,Theory,Case 3,1.44144144144144,-1.0415966581858
Vertical displacement,Theory,Case 3,1.45345345345345,-1.04757948481116
Vertical displacement,Theory,Case 3,1.46546546546547,-1.05350239541018
Vertical displacement,Theory,Case 3,1.47747747747748,-1.05936513292543
Vertical displacement,Theory,Case 3,1.48948948948949,-1.06516744420311
Vertical displacement,Theory,Case 3,1.5015015015015,-1.07090907999298
Vertical displacement,Theory,Case 3,1.51351351351351,-1.0765897949484
Vertical displacement,Theory,Case 3,1.52552552552553,-1.08220934762633
Vertical displacement,Theory,Case 3,1.53753753753754,-1.0877675004873
Vertical displacement,Theory,Case 3,1.54954954954955,-1.09326401989546
Vertical displacement,Theory,Case 3,1.56156156156156,-1.09869867611853
Vertical displacement,Theory,Case 3,1.57357357357357,-1.10407124332782
Vertical displacement,Theory,Case 3,1.58558558558559,-1.10938149959824
Vertical displacement,Theory,Case 3,1.5975975975976,-1.1146292269083
Vertical displacement,Theory,Case 3,1.60960960960961,-1.11981421114007
Vertical displacement,Theory,Case 3,1.62162162162162,-1.12493624207924
Vertical displacement,Theory,Case 3,1.63363363363363,-1.12999511341509
Vertical displacement,Theory,Case 3,1.64564564564565,-1.13499062274047
Vertical displacement,Theory,Case 3,1.65765765765766,-1.13992257155181
Vertical displacement,Theory,Case 3,1.66966966966967,-1.1447907652492
Vertical displacement,Theory,Case 3,1.68168168168168,-1.14959501313626
Vertical displacement,Theory,Case 3,1.69369369369369,-1.15433512842019
Vertical displacement,Theory,Case 3,1.70570570570571,-1.15901092821184
Vertical displacement,Theory,Case 3,1.71771771771772,-1.1636222335256
Vertical displacement,Theory,Case 3,1.72972972972973,-1.16816886927947
Vertical displacement,Theory,Case 3,1.74174174174174,-1.17265066429505
Vertical displacement,Theory,Case 3,1.75375375375375,-1.1770674512975
Vertical displacement,Theory,Case 3,1.76576576576577,-1.18141906691562
Vertical displacement,Theory,Case 3,1.77777777777778,-1.18570535168175
Vertical displacement,Theory,Case 3,1.78978978978979,-1.18992615003185
Vertical displacement,Theory,Case 3,1.8018018018018,-1.19408131030546
Vertical displacement,Theory,Case 3,1.81381381381381,-1.19817068474572
Vertical displacement,Theory,Case 3,1.82582582582583,-1.20219412949936
Vertical displacement,Theory,Case 3,1.83783783783784,-1.20615150461668
Vertical displacement,Theory,Case 3,1.84984984984985,-1.21004267405163
Vertical displacement,Theory,Case 3,1.86186186186186,-1.21386750566166
Vertical displacement,Theory,Case 3,1.87387387387387,-1.21762587120788
Vertical displacement,Theory,Case 3,1.88588588588589,-1.22131764635498
Vertical displacement,Theory,Case 3,1.8978978978979,-1.22494271067123
Vertical displacement,Theory,Case 3,1.90990990990991,-1.22850094762848
Vertical displacement,Theory,Case 3,1.92192192192192,-1.23199224460218
Vertical displacement,Theory,Case 3,1.93393393393393,-1.23541649287141
Vertical displacement,Theory,Case 3,1.94594594594595,-1.23877358761876
Vertical displacement,Theory,Case 3,1.95795795795796,-1.24206342793049
Vertical displacement,Theory,Case 3,1.96996996996997,-1.24528591679641
Vertical displacement,Theory,Case 3,1.98198198198198,-1.24844096110992
Vertical displacement,Theory,Case 3,1.99399399399399,-1.25152847166803
Vertical displacement,Theory,Case 3,2.00600600600601,-1.25454836317132
Vertical displacement,Theory,Case 3,2.01801801801802,-1.25750055422398
Vertical displacement,Theory,Case 3,2.03003003003003,-1.26038496733379
Vertical displacement,Theory,Case 3,2.04204204204204,-1.26320152891209
Vertical displacement,Theory,Case 3,2.05405405405405,-1.26595016927385
Vertical displacement,Theory,Case 3,2.06606606606607,-1.26863082263762
Vertical displacement,Theory,Case 3,2.07807807807808,-1.27124342712553
Vertical displacement,Theory,Case 3,2.09009009009009,-1.2737879247633
Vertical displacement,Theory,Case 3,2.1021021021021,-1.27626426148027
Vertical displacement,Theory,Case 3,2.11411411411411,-1.27867238710932
Vertical displacement,Theory,Case 3,2.12612612612613,-1.28101225538697
Vertical displacement,Theory,Case 3,2.13813813813814,-1.28328382395331
Vertical displacement,Theory,Case 3,2.15015015015015,-1.28548705435202
Vertical displacement,Theory,Case 3,2.16216216216216,-1.28762191203038
Vertical displacement,Theory,Case 3,2.17417417417417,-1.28968836633924
Vertical displacement,Theory,Case 3,2.18618618618619,-1.29168639053305
Vertical displacement,Theory,Case 3,2.1981981981982,-1.29361596176987
Vertical displacement,Theory,Case 3,2.21021021021021,-1.29547706111135
Vertical displacement,Theory,Case 3,2.22222222222222,-1.29726967352269
Vertical displacement,Theory,Case 3,2.23423423423423,-1.29899378787272
Vertical displacement,Theory,Case 3,2.24624624624625,-1.30064939693386
Vertical displacement,Theory,Case 3,2.25825825825826,-1.3022364973821
Vertical displacement,Theory,Case 3,2.27027027027027,-1.30375508979703
Vertical displacement,Theory,Case 3,2.28228228228228,-1.30520517866184
Vertical displacement,Theory,Case 3,2.29429429429429,-1.30658677236329
Vertical displacement,Theory,Case 3,2.30630630630631,-1.30789988319176
Vertical displacement,Theory,Case 3,2.31831831831832,-1.30914452734121
Vertical displacement,Theory,Case 3,2.33033033033033,-1.31032072490917
Vertical displacement,Theory,Case 3,2.34234234234234,-1.31142849989679
Vertical displacement,Theory,Case 3,2.35435435435435,-1.31246788020878
Vertical displacement,Theory,Case 3,2.36636636636637,-1.31343889765348
Vertical displacement,Theory,Case 3,2.37837837837838,-1.3143415879428
Vertical displacement,Theory,Case 3,2.39039039039039,-1.31517599069221
Vertical displacement,Theory,Case 3,2.4024024024024,-1.31594214942084
Vertical displacement,Theory,Case 3,2.41441441441441,-1.31664011155137
Vertical displacement,Theory,Case 3,2.42642642642643,-1.31726992841006
Vertical displacement,Theory,Case 3,2.43843843843844,-1.31783165522677
Vertical displacement,Theory,Case 3,2.45045045045045,-1.31832535113497
Vertical displacement,Theory,Case 3,2.46246246246246,-1.3187510791717
Vertical displacement,Theory,Case 3,2.47447447447447,-1.31910890627761
Vertical displacement,Theory,Case 3,2.48648648648649,-1.3193989032969
Vertical displacement,Theory,Case 3,2.4984984984985,-1.31962114497744
Vertical displacement,Theory,Case 3,2.51051051051051,-1.31977570997058
Vertical displacement,Theory,Case 3,2.52252252252252,-1.31986268083136
Vertical displacement,Theory,Case 3,2.53453453453453,-1.31988214401836
Vertical displacement,Theory,Case 3,2.54654654654655,-1.31983418989379
Vertical displacement,Theory,Case 3,2.55855855855856,-1.31971891272339
Vertical displacement,Theory,Case 3,2.57057057057057,-1.31953641067654
Vertical displacement,Theory,Case 3,2.58258258258258,-1.3192867858262
Vertical displacement,Theory,Case 3,2.59459459459459,-1.3189701441489
Vertical displacement,Theory,Case 3,2.60660660660661,-1.3185865955248
Vertical displacement,Theory,Case 3,2.61861861861862,-1.31813625373763
Vertical displacement,Theory,Case 3,2.63063063063063,-1.3176192364747
Vertical displacement,Theory,Case 3,2.64264264264264,-1.31703566532692
Vertical displacement,Theory,Case 3,2.65465465465465,-1.3163856657888
Vertical displacement,Theory,Case 3,2.66666666666667,-1.31566936725842
Vertical displacement,Theory,Case 3,2.67867867867868,-1.31488690303746
Vertical displacement,Theory,Case 3,2.69069069069069,-1.31403841033124
Vertical displacement,Theory,Case 3,2.7027027027027,-1.31312403024859
Vertical displacement,Theory,Case 3,2.71471471471471,-1.31214390780195
Vertical displacement,Theory,Case 3,2.72672672672673,-1.31109819190742
Vertical displacement,Theory,Case 3,2.73873873873874,-1.30998703538458
Vertical displacement,Theory,Case 3,2.75075075075075,-1.30881059495672
Vertical displacement,Theory,Case 3,2.76276276276276,-1.30756903125061
Vertical displacement,Theory,Case 3,2.77477477477477,-1.30626250879668
Vertical displacement,Theory,Case 3,2.78678678678679,-1.30489119602895
Vertical displacement,Theory,Case 3,2.7987987987988,-1.303455265285
Vertical displacement,Theory,Case 3,2.81081081081081,-1.30195489280601
Vertical displacement,Theory,Case 3,2.82282282282282,-1.30039025873675
Vertical displacement,Theory,Case 3,2.83483483483483,-1.2987615471256
Vertical displacement,Theory,Case 3,2.84684684684685,-1.29706894592453
Vertical displacement,Theory,Case 3,2.85885885885886,-1.29531264698907
Vertical displacement,Theory,Case 3,2.87087087087087,-1.29349284607835
Vertical displacement,Theory,Case 3,2.88288288288288,-1.29160974285514
Vertical displacement,Theory,Case 3,2.89489489489489,-1.28966354088571
Vertical displacement,Theory,Case 3,2.90690690690691,-1.28765444764001
Vertical displacement,Theory,Case 3,2.91891891891892,-1.28558267449153
Vertical displacement,Theory,Case 3,2.93093093093093,-1.28344843671736
Vertical displacement,Theory,Case 3,2.94294294294294,-1.28125195349821
Vertical displacement,Theory,Case 3,2.95495495495495,-1.27899344791832
Vertical displacement,Theory,Case 3,2.96696696696697,-1.27667314696556
Vertical displacement,Theory,Case 3,2.97897897897898,-1.27429128153143
Vertical displacement,Theory,Case 3,2.99099099099099,-1.27184808641096
Vertical displacement,Theory,Case 3,3.003003003003,-1.26934380030275
Vertical displacement,Theory,Case 3,3.01501501501502,-1.26677866580909
Vertical displacement,Theory,Case 3,3.02702702702703,-1.26415292943577
Vertical displacement,Theory,Case 3,3.03903903903904,-1.26146684159221
Vertical displacement,Theory,Case 3,3.05105105105105,-1.25872065659141
Vertical displacement,Theory,Case 3,3.06306306306306,-1.25591463264997
Vertical displacement,Theory,Case 3,3.07507507507508,-1.25304903188807
Vertical displacement,Theory,Case 3,3.08708708708709,-1.25012412032951
Vertical displacement,Theory,Case 3,3.0990990990991,-1.24714016790162
Vertical displacement,Theory,Case 3,3.11111111111111,-1.24409744843537
Vertical displacement,Theory,Case 3,3.12312312312312,-1.24099623966534
Vertical displacement,Theory,Case 3,3.13513513513514,-1.23783682322964
Vertical displacement,Theory,Case 3,3.14714714714715,-1.23461948467001
Vertical displacement,Theory,Case 3,3.15915915915916,-1.23134451343176
Vertical displacement,Theory,Case 3,3.17117117117117,-1.22801220286382
Vertical displacement,Theory,Case 3,3.18318318318318,-1.22462285021871
Vertical displacement,Theory,Case 3,3.1951951951952,-1.22117675665249
Vertical displacement,Theory,Case 3,3.20720720720721,-1.21767422722487
Vertical displacement,Theory,Case 3,3.21921921921922,-1.21411557089912
Vertical displacement,Theory,Case 3,3.23123123123123,-1.2105011005421
Vertical displacement,Theory,Case 3,3.24324324324324,-1.20683113292429
Vertical displacement,Theory,Case 3,3.25525525525526,-1.20310598871971
Vertical displacement,Theory,Case 3,3.26726726726727,-1.19932599250603
Vertical displacement,Theory,Case 3,3.27927927927928,-1.19549147276447
Vertical displacement,Theory,Case 3,3.29129129129129,-1.19160276187987
Vertical displacement,Theory,Case 3,3.3033033033033,-1.18766019614062
Vertical displacement,Theory,Case 3,3.31531531531532,-1.18366411573873
Vertical displacement,Theory,Case 3,3.32732732732733,-1.17961486476981
Vertical displacement,Theory,Case 3,3.33933933933934,-1.17551279123303
Vertical displacement,Theory,Case 3,3.35135135135135,-1.17135824703116
Vertical displacement,Theory,Case 3,3.36336336336336,-1.16715158797061
Vertical displacement,Theory,Case 3,3.37537537537538,-1.1628931737613
Vertical displacement,Theory,Case 3,3.38738738738739,-1.1585833680168
Vertical displacement,Theory,Case 3,3.3993993993994,-1.15422253825424
Vertical displacement,Theory,Case 3,3.41141141141141,-1.14981105589437
Vertical displacement,Theory,Case 3,3.42342342342342,-1.14534929626151
Vertical displacement,Theory,Case 3,3.43543543543544,-1.14083763858355
Vertical displacement,Theory,Case 3,3.44744744744745,-1.13627646599202
Vertical displacement,Theory,Case 3,3.45945945945946,-1.13166616552201
Vertical displacement,Theory,Case 3,3.47147147147147,-1.12700712811221
Vertical displacement,Theory,Case 3,3.48348348348348,-1.12229974860489
Vertical displacement,Theory,Case 3,3.4954954954955,-1.11754442574594
Vertical displacement,Theory,Case 3,3.50750750750751,-1.11274156218479
Vertical displacement,Theory,Case 3,3.51951951951952,-1.10789156447452
Vertical displacement,Theory,Case 3,3.53153153153153,-1.10299484307175
Vertical displacement,Theory,Case 3,3.54354354354354,-1.09805181233674
Vertical displacement,Theory,Case 3,3.55555555555556,-1.09306289053328
Vertical displacement,Theory,Case 3,3.56756756756757,-1.08802849982881
Vertical displacement,Theory,Case 3,3.57957957957958,-1.08294906629434
Vertical displacement,Theory,Case 3,3.59159159159159,-1.07782501990442
Vertical displacement,Theory,Case 3,3.6036036036036,-1.0726567945373
Vertical displacement,Theory,Case 3,3.61561561561562,-1.06744482797473
Vertical displacement,Theory,Case 3,3.62762762762763,-1.0621895619021
Vertical displacement,Theory,Case 3,3.63963963963964,-1.05689144190833
Vertical displacement,Theory,Case 3,3.65165165165165,-1.05155091748601
Vertical displacement,Theory,Case 3,3.66366366366366,-1.04616844203127
Vertical displacement,Theory,Case 3,3.67567567567568,-1.04074447284383
Vertical displacement,Theory,Case 3,3.68768768768769,-1.03527947112704
Vertical displacement,Theory,Case 3,3.6996996996997,-1.0297739019878
Vertical displacement,Theory,Case 3,3.71171171171171,-1.02422823443661
Vertical displacement,Theory,Case 3,3.72372372372372,-1.01864294138759
Vertical displacement,Theory,Case 3,3.73573573573574,-1.0130184996584
Vertical displacement,Theory,Case 3,3.74774774774775,-1.00735538997036
Vertical displacement,Theory,Case 3,3.75975975975976,-1.0016540969483
Vertical displacement,Theory,Case 3,3.77177177177177,-0.995915109120712
Vertical displacement,Theory,Case 3,3.78378378378378,-0.990138918919615
Vertical displacement,Theory,Case 3,3.7957957957958,-0.984326022680691
Vertical displacement,Theory,Case 3,3.80780780780781,-0.978476920643137
Vertical displacement,Theory,Case 3,3.81981981981982,-0.972592116949819
Vertical displacement,Theory,Case 3,3.83183183183183,-0.96667211964712
Vertical displacement,Theory,Case 3,3.84384384384384,-0.960717440685044
Vertical displacement,Theory,Case 3,3.85585585585586,-0.954728595917227
Vertical displacement,Theory,Case 3,3.86786786786787,-0.948706105100824
Vertical displacement,Theory,Case 3,3.87987987987988,-0.942650491896631
Vertical displacement,Theory,Case 3,3.89189189189189,-0.936562283868993
Vertical displacement,Theory,Case 3,3.9039039039039,-0.930442012485912
Vertical displacement,Theory,Case 3,3.91591591591592,-0.924290213118933
Vertical displacement,Theory,Case 3,3.92792792792793,-0.918107425043176
Vertical displacement,Theory,Case 3,3.93993993993994,-0.911894191437383
Vertical displacement,Theory,Case 3,3.95195195195195,-0.905651059383887
Vertical displacement,Theory,Case 3,3.96396396396396,-0.899378579868611
Vertical displacement,Theory,Case 3,3.97597597597598,-0.893077307781036
Vertical displacement,Theory,Case 3,3.98798798798799,-0.886747801914285
Vertical displacement,Theory,Case 3,4,-0.880390624965067
Vertical displacement,Theory,Case 3,4.01201201201201,-0.874006343533629
Vertical displacement,Theory,Case 3,4.02402402402402,-0.867595528123842
Vertical displacement,Theory,Case 3,4.03603603603604,-0.861158753143181
Vertical displacement,Theory,Case 3,4.04804804804805,-0.854696596902703
Vertical displacement,Theory,Case 3,4.06006006006006,-0.848209641617054
Vertical displacement,Theory,Case 3,4.07207207207207,-0.841698473404442
Vertical displacement,Theory,Case 3,4.08408408408408,-0.83516368228672
Vertical displacement,Theory,Case 3,4.0960960960961,-0.828605862189302
Vertical displacement,Theory,Case 3,4.10810810810811,-0.822025610941191
Vertical displacement,Theory,Case 3,4.12012012012012,-0.815423530274993
Vertical displacement,Theory,Case 3,4.13213213213213,-0.80880022582689
Vertical displacement,Theory,Case 3,4.14414414414414,-0.802156307136655
Vertical displacement,Theory,Case 3,4.15615615615616,-0.7954923876477
Vertical displacement,Theory,Case 3,4.16816816816817,-0.788809084706937
Vertical displacement,Theory,Case 3,4.18018018018018,-0.782107019564944
Vertical displacement,Theory,Case 3,4.19219219219219,-0.775386817375878
Vertical displacement,Theory,Case 3,4.2042042042042,-0.768649107197462
Vertical displacement,Theory,Case 3,4.21621621621622,-0.761894521991012
Vertical displacement,Theory,Case 3,4.22822822822823,-0.75512369862147
Vertical displacement,Theory,Case 3,4.24024024024024,-0.748337277857322
Vertical displacement,Theory,Case 3,4.25225225225225,-0.741535904370684
Vertical displacement,Theory,Case 3,4.26426426426426,-0.734720226737227
Vertical displacement,Theory,Case 3,4.27627627627628,-0.727890897436259
Vertical displacement,Theory,Case 3,4.28828828828829,-0.721048572850637
Vertical displacement,Theory,Case 3,4.3003003003003,-0.714193913266839
Vertical displacement,Theory,Case 3,4.31231231231231,-0.707327582874895
Vertical displacement,Theory,Case 3,4.32432432432432,-0.700450249768461
Vertical displacement,Theory,Case 3,4.33633633633634,-0.69356258594478
Vertical displacement,Theory,Case 3,4.34834834834835,-0.686665267304681
Vertical displacement,Theory,Case 3,4.36036036036036,-0.679758973652571
Vertical displacement,Theory,Case 3,4.37237237237237,-0.672844388696463
Vertical displacement,Theory,Case 3,4.38438438438438,-0.665922200047964
Vertical displacement,Theory,Case 3,4.3963963963964,-0.658993099222252
Vertical displacement,Theory,Case 3,4.40840840840841,-0.652057781638148
Vertical displacement,Theory,Case 3,4.42042042042042,-0.645116946617973
Vertical displacement,Theory,Case 3,4.43243243243243,-0.638171297387718
Vertical displacement,Theory,Case 3,4.44444444444444,-0.631221541076935
Vertical displacement,Theory,Case 3,4.45645645645646,-0.624268388718756
Vertical displacement,Theory,Case 3,4.46846846846847,-0.617312555249952
Vertical displacement,Theory,Case 3,4.48048048048048,-0.610354759510823
Vertical displacement,Theory,Case 3,4.49249249249249,-0.603395724245295
Vertical displacement,Theory,Case 3,4.5045045045045,-0.596436176100876
Vertical displacement,Theory,Case 3,4.51651651651652,-0.589476845628663
Vertical displacement,Theory,Case 3,4.52852852852853,-0.582518467283383
Vertical displacement,Theory,Case 3,4.54054054054054,-0.575561779423264
Vertical displacement,Theory,Case 3,4.55255255255255,-0.568607524310191
Vertical displacement,Theory,Case 3,4.56456456456456,-0.561656448109675
Vertical displacement,Theory,Case 3,4.57657657657658,-0.554709300890729
Vertical displacement,Theory,Case 3,4.58858858858859,-0.547766836625996
Vertical displacement,Theory,Case 3,4.6006006006006,-0.540829813191743
Vertical displacement,Theory,Case 3,4.61261261261261,-0.533898992367797
Vertical displacement,Theory,Case 3,4.62462462462462,-0.52697513983755
Vertical displacement,Theory,Case 3,4.63663663663664,-0.520059025188015
Vertical displacement,Theory,Case 3,4.64864864864865,-0.513151421909816
Vertical displacement,Theory,Case 3,4.66066066066066,-0.506253107397145
Vertical displacement,Theory,Case 3,4.67267267267267,-0.499364862947757
Vertical displacement,Theory,Case 3,4.68468468468468,-0.492487473763042
Vertical displacement,Theory,Case 3,4.6966966966967,-0.485621728947998
Vertical displacement,Theory,Case 3,4.70870870870871,-0.478768421511115
Vertical displacement,Theory,Case 3,4.72072072072072,-0.471928348364604
Vertical displacement,Theory,Case 3,4.73273273273273,-0.465102310324143
Vertical displacement,Theory,Case 3,4.74474474474474,-0.458291112109134
Vertical displacement,Theory,Case 3,4.75675675675676,-0.451495562342426
Vertical displacement,Theory,Case 3,4.76876876876877,-0.444716473550572
Vertical displacement,Theory,Case 3,4.78078078078078,-0.437954662163675
Vertical displacement,Theory,Case 3,4.79279279279279,-0.431210948515393
Vertical displacement,Theory,Case 3,4.8048048048048,-0.424486156843026
Vertical displacement,Theory,Case 3,4.81681681681682,-0.417781115287466
Vertical displacement,Theory,Case 3,4.82882882882883,-0.411096655893173
Vertical displacement,Theory,Case 3,4.84084084084084,-0.404433614608186
Vertical displacement,Theory,Case 3,4.85285285285285,-0.397792831284195
Vertical displacement,Theory,Case 3,4.86486486486486,-0.391175149676383
Vertical displacement,Theory,Case 3,4.87687687687688,-0.384581417443595
Vertical displacement,Theory,Case 3,4.88888888888889,-0.378012486148306
Vertical displacement,Theory,Case 3,4.9009009009009,-0.371469211256435
Vertical displacement,Theory,Case 3,4.91291291291291,-0.364952452137655
Vertical displacement,Theory,Case 3,4.92492492492492,-0.358463072065128
Vertical displacement,Theory,Case 3,4.93693693693694,-0.352001938215656
Vertical displacement,Theory,Case 3,4.94894894894895,-0.34556992166962
Vertical displacement,Theory,Case 3,4.96096096096096,-0.339167897410952
Vertical displacement,Theory,Case 3,4.97297297297297,-0.332796744327242
Vertical displacement,Theory,Case 3,4.98498498498498,-0.326457345209627
Vertical displacement,Theory,Case 3,4.996996996997,-0.320150586752832
Vertical displacement,Theory,Case 3,5.00900900900901,-0.313877359555202
Vertical displacement,Theory,Case 3,5.02102102102102,-0.307638558118668
Vertical displacement,Theory,Case 3,5.03303303303303,-0.301435080848726
Vertical displacement,Theory,Case 3,5.04504504504505,-0.295267830054478
Vertical displacement,Theory,Case 3,5.05705705705706,-0.289137711948641
Vertical displacement,Theory,Case 3,5.06906906906907,-0.28304563664746
Vertical displacement,Theory,Case 3,5.08108108108108,-0.276992518170857
Vertical displacement,Theory,Case 3,5.09309309309309,-0.270979274442258
Vertical displacement,Theory,Case 3,5.10510510510511,-0.265006827288743
Vertical displacement,Theory,Case 3,5.11711711711712,-0.259076102440955
Vertical displacement,Theory,Case 3,5.12912912912913,-0.253188029533141
Vertical displacement,Theory,Case 3,5.14114114114114,-0.247343542103109
Vertical displacement,Theory,Case 3,5.15315315315315,-0.241543577592311
Vertical displacement,Theory,Case 3,5.16516516516517,-0.235789077345748
Vertical displacement,Theory,Case 3,5.17717717717718,-0.230080986612022
Vertical displacement,Theory,Case 3,5.18918918918919,-0.224420254543313
Vertical displacement,Theory,Case 3,5.2012012012012,-0.218807834195443
Vertical displacement,Theory,Case 3,5.21321321321321,-0.213244682527744
Vertical displacement,Theory,Case 3,5.22522522522523,-0.207731760403208
Vertical displacement,Theory,Case 3,5.23723723723724,-0.202270032588416
Vertical displacement,Theory,Case 3,5.24924924924925,-0.196860467753454
Vertical displacement,Theory,Case 3,5.26126126126126,-0.191504038472123
Vertical displacement,Theory,Case 3,5.27327327327327,-0.186201721221746
Vertical displacement,Theory,Case 3,5.28528528528529,-0.180954496383209
Vertical displacement,Theory,Case 3,5.2972972972973,-0.175763348241056
Vertical displacement,Theory,Case 3,5.30930930930931,-0.170629264983381
Vertical displacement,Theory,Case 3,5.32132132132132,-0.165553238701863
Vertical displacement,Theory,Case 3,5.33333333333333,-0.160536265391836
Vertical displacement,Theory,Case 3,5.34534534534535,-0.155579344952125
Vertical displacement,Theory,Case 3,5.35735735735736,-0.150683481185222
Vertical displacement,Theory,Case 3,5.36936936936937,-0.145849681797192
Vertical displacement,Theory,Case 3,5.38138138138138,-0.141078958397656
Vertical displacement,Theory,Case 3,5.39339339339339,-0.136372326499899
Vertical displacement,Theory,Case 3,5.40540540540541,-0.131730805520709
Vertical displacement,Theory,Case 3,5.41741741741742,-0.127155418780521
Vertical displacement,Theory,Case 3,5.42942942942943,-0.122647193503377
Vertical displacement,Theory,Case 3,5.44144144144144,-0.118207160816869
Vertical displacement,Theory,Case 3,5.45345345345345,-0.113836355752163
Vertical displacement,Theory,Case 3,5.46546546546547,-0.109535817244065
Vertical displacement,Theory,Case 3,5.47747747747748,-0.105306588130981
Vertical displacement,Theory,Case 3,5.48948948948949,-0.101149715154819
Vertical displacement,Theory,Case 3,5.5015015015015,-0.0970662489611987
Vertical displacement,Theory,Case 3,5.51351351351351,-0.0930572440992275
Vertical displacement,Theory,Case 3,5.52552552552553,-0.0891237590216823
Vertical displacement,Theory,Case 3,5.53753753753754,-0.0852668560848563
Vertical displacement,Theory,Case 3,5.54954954954955,-0.0814876015486979
Vertical displacement,Theory,Case 3,5.56156156156156,-0.0777870655767343
Vertical displacement,Theory,Case 3,5.57357357357357,-0.07416632223603
Vertical displacement,Theory,Case 3,5.58558558558559,-0.0706264494973047
Vertical displacement,Theory,Case 3,5.5975975975976,-0.0671685292348498
Vertical displacement,Theory,Case 3,5.60960960960961,-0.0637936472265288
Vertical displacement,Theory,Case 3,5.62162162162162,-0.0605028931538465
Vertical displacement,Theory,Case 3,5.63363363363363,-0.0572973606018171
Vertical displacement,Theory,Case 3,5.64564564564565,-0.054178147059103
Vertical displacement,Theory,Case 3,5.65765765765766,-0.0511463539179732
Vertical displacement,Theory,Case 3,5.66966966966967,-0.0482030864742342
Vertical displacement,Theory,Case 3,5.68168168168168,-0.0453494539273264
Vertical displacement,Theory,Case 3,5.69369369369369,-0.0425865693802416
Vertical displacement,Theory,Case 3,5.70570570570571,-0.0399155498395851
Vertical displacement,Theory,Case 3,5.71771771771772,-0.0373375162156103
Vertical displacement,Theory,Case 3,5.72972972972973,-0.0348535933220387
Vertical displacement,Theory,Case 3,5.74174174174174,-0.0324649098762536
Vertical displacement,Theory,Case 3,5.75375375375375,-0.0301725984992798
Vertical displacement,Theory,Case 3,5.76576576576577,-0.0279777957155891
Vertical displacement,Theory,Case 3,5.77777777777778,-0.0258816419534402
Vertical displacement,Theory,Case 3,5.78978978978979,-0.0238852815444973
Vertical displacement,Theory,Case 3,5.8018018018018,-0.0219898627241144
Vertical displacement,Theory,Case 3,5.81381381381381,-0.0201965376312382
Vertical displacement,Theory,Case 3,5.82582582582583,-0.0185064623083459
Vertical displacement,Theory,Case 3,5.83783783783784,-0.0169207967015486
Vertical displacement,Theory,Case 3,5.84984984984985,-0.0154407046605853
Vertical displacement,Theory,Case 3,5.86186186186186,-0.0140673539386904
Vertical displacement,Theory,Case 3,5.87387387387387,-0.0128019161927881
Vertical displacement,Theory,Case 3,5.88588588588589,-0.0116455669833121
Vertical displacement,Theory,Case 3,5.8978978978979,-0.0105994857743583
Vertical displacement,Theory,Case 3,5.90990990990991,-0.00966485593356659
Vertical displacement,Theory,Case 3,5.92192192192192,-0.00884286473214896
Vertical displacement,Theory,Case 3,5.93393393393393,-0.0081347033449794
Vertical displacement,Theory,Case 3,5.94594594594595,-0.0075415668504622
Vertical displacement,Theory,Case 3,5.95795795795796,-0.0070646542306152
Vertical displacement,Theory,Case 3,5.96996996996997,-0.00670516837108365
Vertical displacement,Theory,Case 3,5.98198198198198,-0.0064643160609737
Vertical displacement,Theory,Case 3,5.99399399399399,-0.00634330799317157
Vertical displacement,Theory,Case 3,6.00600600600601,-0.0063433079931785
Vertical displacement,Theory,Case 3,6.01801801801802,-0.0064643160609737
Vertical displacement,Theory,Case 3,6.03003003003003,-0.00670516837107671
Vertical displacement,Theory,Case 3,6.04204204204204,-0.0070646542306152
Vertical displacement,Theory,Case 3,6.05405405405405,-0.0075415668504622
Vertical displacement,Theory,Case 3,6.06606606606607,-0.00813470334498634
Vertical displacement,Theory,Case 3,6.07807807807808,-0.00884286473214896
Vertical displacement,Theory,Case 3,6.09009009009009,-0.00966485593354577
Vertical displacement,Theory,Case 3,6.1021021021021,-0.0105994857743652
Vertical displacement,Theory,Case 3,6.11411411411411,-0.011645566983319
Vertical displacement,Theory,Case 3,6.12612612612613,-0.0128019161927742
Vertical displacement,Theory,Case 3,6.13813813813814,-0.0140673539386973
Vertical displacement,Theory,Case 3,6.15015015015015,-0.0154407046605784
Vertical displacement,Theory,Case 3,6.16216216216216,-0.0169207967015556
Vertical displacement,Theory,Case 3,6.17417417417417,-0.0185064623083389
Vertical displacement,Theory,Case 3,6.18618618618619,-0.0201965376312244
Vertical displacement,Theory,Case 3,6.1981981981982,-0.0219898627241213
Vertical displacement,Theory,Case 3,6.21021021021021,-0.0238852815444973
Vertical displacement,Theory,Case 3,6.22222222222222,-0.0258816419534263
Vertical displacement,Theory,Case 3,6.23423423423423,-0.0279777957155961
Vertical displacement,Theory,Case 3,6.24624624624625,-0.030172598499266
Vertical displacement,Theory,Case 3,6.25825825825826,-0.0324649098762536
Vertical displacement,Theory,Case 3,6.27027027027027,-0.0348535933220387
Vertical displacement,Theory,Case 3,6.28228228228228,-0.0373375162156034
Vertical displacement,Theory,Case 3,6.29429429429429,-0.039915549839592
Vertical displacement,Theory,Case 3,6.30630630630631,-0.0425865693802416
Vertical displacement,Theory,Case 3,6.31831831831832,-0.0453494539273194
Vertical displacement,Theory,Case 3,6.33033033033033,-0.0482030864742411
Vertical displacement,Theory,Case 3,6.34234234234234,-0.0511463539179663
Vertical displacement,Theory,Case 3,6.35435435435435,-0.0541781470591099
Vertical displacement,Theory,Case 3,6.36636636636637,-0.0572973606018101
Vertical displacement,Theory,Case 3,6.37837837837838,-0.0605028931538326
Vertical displacement,Theory,Case 3,6.39039039039039,-0.0637936472265357
Vertical displacement,Theory,Case 3,6.4024024024024,-0.0671685292348498
Vertical displacement,Theory,Case 3,6.41441441441441,-0.0706264494972977
Vertical displacement,Theory,Case 3,6.42642642642643,-0.0741663222360231
Vertical displacement,Theory,Case 3,6.43843843843844,-0.0777870655767274
Vertical displacement,Theory,Case 3,6.45045045045045,-0.0814876015487048
Vertical displacement,Theory,Case 3,6.46246246246246,-0.0852668560848702
Vertical displacement,Theory,Case 3,6.47447447447447,-0.0891237590216615
Vertical displacement,Theory,Case 3,6.48648648648649,-0.0930572440992344
Vertical displacement,Theory,Case 3,6.4984984984985,-0.0970662489611987
Vertical displacement,Theory,Case 3,6.51051051051051,-0.101149715154819
Vertical displacement,Theory,Case 3,6.52252252252252,-0.105306588130974
Vertical displacement,Theory,Case 3,6.53453453453453,-0.109535817244065
Vertical displacement,Theory,Case 3,6.54654654654655,-0.113836355752163
Vertical displacement,Theory,Case 3,6.55855855855856,-0.118207160816862
Vertical displacement,Theory,Case 3,6.57057057057057,-0.122647193503377
Vertical displacement,Theory,Case 3,6.58258258258258,-0.127155418780528
Vertical displacement,Theory,Case 3,6.59459459459459,-0.131730805520709
Vertical displacement,Theory,Case 3,6.60660660660661,-0.136372326499885
Vertical displacement,Theory,Case 3,6.61861861861862,-0.141078958397663
Vertical displacement,Theory,Case 3,6.63063063063063,-0.145849681797171
Vertical displacement,Theory,Case 3,6.64264264264264,-0.150683481185229
Vertical displacement,Theory,Case 3,6.65465465465465,-0.155579344952132
Vertical displacement,Theory,Case 3,6.66666666666667,-0.160536265391829
Vertical displacement,Theory,Case 3,6.67867867867868,-0.165553238701863
Vertical displacement,Theory,Case 3,6.69069069069069,-0.170629264983374
Vertical displacement,Theory,Case 3,6.7027027027027,-0.175763348241049
Vertical displacement,Theory,Case 3,6.71471471471471,-0.180954496383202
Vertical displacement,Theory,Case 3,6.72672672672673,-0.186201721221746
Vertical displacement,Theory,Case 3,6.73873873873874,-0.19150403847213
Vertical displacement,Theory,Case 3,6.75075075075075,-0.196860467753461
Vertical displacement,Theory,Case 3,6.76276276276276,-0.202270032588409
Vertical displacement,Theory,Case 3,6.77477477477477,-0.207731760403222
Vertical displacement,Theory,Case 3,6.78678678678679,-0.213244682527751
Vertical displacement,Theory,Case 3,6.7987987987988,-0.218807834195436
Vertical displacement,Theory,Case 3,6.81081081081081,-0.224420254543313
Vertical displacement,Theory,Case 3,6.82282282282282,-0.230080986612029
Vertical displacement,Theory,Case 3,6.83483483483483,-0.235789077345755
Vertical displacement,Theory,Case 3,6.84684684684685,-0.241543577592318
Vertical displacement,Theory,Case 3,6.85885885885886,-0.247343542103103
Vertical displacement,Theory,Case 3,6.87087087087087,-0.253188029533148
Vertical displacement,Theory,Case 3,6.88288288288288,-0.259076102440955
Vertical displacement,Theory,Case 3,6.89489489489489,-0.265006827288729
Vertical displacement,Theory,Case 3,6.90690690690691,-0.270979274442258
Vertical displacement,Theory,Case 3,6.91891891891892,-0.276992518170843
Vertical displacement,Theory,Case 3,6.93093093093093,-0.28304563664746
Vertical displacement,Theory,Case 3,6.94294294294294,-0.289137711948641
Vertical displacement,Theory,Case 3,6.95495495495495,-0.295267830054464
Vertical displacement,Theory,Case 3,6.96696696696697,-0.301435080848726
Vertical displacement,Theory,Case 3,6.97897897897898,-0.307638558118675
Vertical displacement,Theory,Case 3,6.99099099099099,-0.313877359555209
Vertical displacement,Theory,Case 3,7.003003003003,-0.320150586752825
Vertical displacement,Theory,Case 3,7.01501501501502,-0.326457345209627
Vertical displacement,Theory,Case 3,7.02702702702703,-0.332796744327249
Vertical displacement,Theory,Case 3,7.03903903903904,-0.339167897410945
Vertical displacement,Theory,Case 3,7.05105105105105,-0.345569921669613
Vertical displacement,Theory,Case 3,7.06306306306306,-0.352001938215663
Vertical displacement,Theory,Case 3,7.07507507507508,-0.358463072065142
Vertical displacement,Theory,Case 3,7.08708708708709,-0.364952452137655
Vertical displacement,Theory,Case 3,7.0990990990991,-0.371469211256442
Vertical displacement,Theory,Case 3,7.11111111111111,-0.378012486148285
Vertical displacement,Theory,Case 3,7.12312312312312,-0.384581417443602
Vertical displacement,Theory,Case 3,7.13513513513514,-0.391175149676376
Vertical displacement,Theory,Case 3,7.14714714714715,-0.397792831284202
Vertical displacement,Theory,Case 3,7.15915915915916,-0.404433614608207
Vertical displacement,Theory,Case 3,7.17117117117117,-0.411096655893166
Vertical displacement,Theory,Case 3,7.18318318318318,-0.417781115287466
Vertical displacement,Theory,Case 3,7.1951951951952,-0.424486156843033
Vertical displacement,Theory,Case 3,7.20720720720721,-0.431210948515379
Vertical displacement,Theory,Case 3,7.21921921921922,-0.437954662163675
Vertical displacement,Theory,Case 3,7.23123123123123,-0.444716473550572
Vertical displacement,Theory,Case 3,7.24324324324324,-0.451495562342426
Vertical displacement,Theory,Case 3,7.25525525525526,-0.458291112109141
Vertical displacement,Theory,Case 3,7.26726726726727,-0.465102310324157
Vertical displacement,Theory,Case 3,7.27927927927928,-0.471928348364598
Vertical displacement,Theory,Case 3,7.29129129129129,-0.478768421511101
Vertical displacement,Theory,Case 3,7.3033033033033,-0.485621728947984
Vertical displacement,Theory,Case 3,7.31531531531532,-0.492487473763063
Vertical displacement,Theory,Case 3,7.32732732732733,-0.499364862947743
Vertical displacement,Theory,Case 3,7.33933933933934,-0.506253107397131
Vertical displacement,Theory,Case 3,7.35135135135135,-0.513151421909809
Vertical displacement,Theory,Case 3,7.36336336336336,-0.520059025188008
Vertical displacement,Theory,Case 3,7.37537537537538,-0.52697513983755
Vertical displacement,Theory,Case 3,7.38738738738739,-0.533898992367797
Vertical displacement,Theory,Case 3,7.3993993993994,-0.540829813191743
Vertical displacement,Theory,Case 3,7.41141141141141,-0.547766836626003
Vertical displacement,Theory,Case 3,7.42342342342342,-0.554709300890736
Vertical displacement,Theory,Case 3,7.43543543543544,-0.561656448109661
Vertical displacement,Theory,Case 3,7.44744744744745,-0.568607524310191
Vertical displacement,Theory,Case 3,7.45945945945946,-0.575561779423264
Vertical displacement,Theory,Case 3,7.47147147147147,-0.582518467283369
Vertical displacement,Theory,Case 3,7.48348348348348,-0.589476845628663
Vertical displacement,Theory,Case 3,7.4954954954955,-0.596436176100876
Vertical displacement,Theory,Case 3,7.50750750750751,-0.603395724245302
Vertical displacement,Theory,Case 3,7.51951951951952,-0.610354759510823
Vertical displacement,Theory,Case 3,7.53153153153153,-0.617312555249959
Vertical displacement,Theory,Case 3,7.54354354354354,-0.624268388718763
Vertical displacement,Theory,Case 3,7.55555555555556,-0.631221541076942
Vertical displacement,Theory,Case 3,7.56756756756757,-0.638171297387712
Vertical displacement,Theory,Case 3,7.57957957957958,-0.64511694661798
Vertical displacement,Theory,Case 3,7.59159159159159,-0.652057781638161
Vertical displacement,Theory,Case 3,7.6036036036036,-0.658993099222259
Vertical displacement,Theory,Case 3,7.61561561561562,-0.665922200047957
Vertical displacement,Theory,Case 3,7.62762762762763,-0.672844388696463
Vertical displacement,Theory,Case 3,7.63963963963964,-0.679758973652571
Vertical displacement,Theory,Case 3,7.65165165165165,-0.686665267304681
Vertical displacement,Theory,Case 3,7.66366366366366,-0.693562585944774
Vertical displacement,Theory,Case 3,7.67567567567568,-0.700450249768468
Vertical displacement,Theory,Case 3,7.68768768768769,-0.707327582874888
Vertical displacement,Theory,Case 3,7.6996996996997,-0.714193913266846
Vertical displacement,Theory,Case 3,7.71171171171171,-0.721048572850637
Vertical displacement,Theory,Case 3,7.72372372372372,-0.727890897436252
Vertical displacement,Theory,Case 3,7.73573573573574,-0.734720226737234
Vertical displacement,Theory,Case 3,7.74774774774775,-0.741535904370684
Vertical displacement,Theory,Case 3,7.75975975975976,-0.748337277857322
Vertical displacement,Theory,Case 3,7.77177177177177,-0.75512369862147
Vertical displacement,Theory,Case 3,7.78378378378378,-0.761894521991005
Vertical displacement,Theory,Case 3,7.7957957957958,-0.768649107197462
Vertical displacement,Theory,Case 3,7.80780780780781,-0.775386817375871
Vertical displacement,Theory,Case 3,7.81981981981982,-0.782107019564951
Vertical displacement,Theory,Case 3,7.83183183183183,-0.788809084706937
Vertical displacement,Theory,Case 3,7.84384384384384,-0.795492387647694
Vertical displacement,Theory,Case 3,7.85585585585586,-0.802156307136662
Vertical displacement,Theory,Case 3,7.86786786786787,-0.80880022582689
Vertical displacement,Theory,Case 3,7.87987987987988,-0.815423530274993
Vertical displacement,Theory,Case 3,7.89189189189189,-0.822025610941184
Vertical displacement,Theory,Case 3,7.9039039039039,-0.828605862189295
Vertical displacement,Theory,Case 3,7.91591591591592,-0.83516368228672
Vertical displacement,Theory,Case 3,7.92792792792793,-0.841698473404442
Vertical displacement,Theory,Case 3,7.93993993993994,-0.848209641617054
Vertical displacement,Theory,Case 3,7.95195195195195,-0.854696596902703
Vertical displacement,Theory,Case 3,7.96396396396396,-0.861158753143187
Vertical displacement,Theory,Case 3,7.97597597597598,-0.867595528123842
Vertical displacement,Theory,Case 3,7.98798798798799,-0.874006343533636
Vertical displacement,Theory,Case 3,8,-0.880390624965067
Vertical displacement,Theory,Case 3,8.01201201201201,-0.886747801914299
Vertical displacement,Theory,Case 3,8.02402402402402,-0.893077307781036
Vertical displacement,Theory,Case 3,8.03603603603604,-0.899378579868597
Vertical displacement,Theory,Case 3,8.04804804804805,-0.905651059383866
Vertical displacement,Theory,Case 3,8.06006006006006,-0.911894191437383
Vertical displacement,Theory,Case 3,8.07207207207207,-0.918107425043169
Vertical displacement,Theory,Case 3,8.08408408408408,-0.92429021311892
Vertical displacement,Theory,Case 3,8.0960960960961,-0.930442012485926
Vertical displacement,Theory,Case 3,8.10810810810811,-0.936562283869014
Vertical displacement,Theory,Case 3,8.12012012012012,-0.942650491896631
Vertical displacement,Theory,Case 3,8.13213213213213,-0.948706105100824
Vertical displacement,Theory,Case 3,8.14414414414414,-0.954728595917234
Vertical displacement,Theory,Case 3,8.15615615615616,-0.960717440685051
Vertical displacement,Theory,Case 3,8.16816816816817,-0.96667211964712
Vertical displacement,Theory,Case 3,8.18018018018018,-0.972592116949819
Vertical displacement,Theory,Case 3,8.19219219219219,-0.978476920643137
Vertical displacement,Theory,Case 3,8.2042042042042,-0.98432602268067
Vertical displacement,Theory,Case 3,8.21621621621622,-0.990138918919615
Vertical displacement,Theory,Case 3,8.22822822822823,-0.995915109120726
Vertical displacement,Theory,Case 3,8.24024024024024,-1.00165409694831
Vertical displacement,Theory,Case 3,8.25225225225225,-1.00735538997036
Vertical displacement,Theory,Case 3,8.26426426426426,-1.01301849965842
Vertical displacement,Theory,Case 3,8.27627627627628,-1.01864294138758
Vertical displacement,Theory,Case 3,8.28828828828829,-1.0242282344366
Vertical displacement,Theory,Case 3,8.3003003003003,-1.02977390198781
Vertical displacement,Theory,Case 3,8.31231231231231,-1.03527947112704
Vertical displacement,Theory,Case 3,8.32432432432432,-1.04074447284384
Vertical displacement,Theory,Case 3,8.33633633633634,-1.04616844203129
Vertical displacement,Theory,Case 3,8.34834834834835,-1.05155091748601
Vertical displacement,Theory,Case 3,8.36036036036036,-1.05689144190831
Vertical displacement,Theory,Case 3,8.37237237237237,-1.06218956190209
Vertical displacement,Theory,Case 3,8.38438438438438,-1.06744482797475
Vertical displacement,Theory,Case 3,8.3963963963964,-1.07265679453732
Vertical displacement,Theory,Case 3,8.40840840840841,-1.07782501990444
Vertical displacement,Theory,Case 3,8.42042042042042,-1.08294906629433
Vertical displacement,Theory,Case 3,8.43243243243243,-1.08802849982881
Vertical displacement,Theory,Case 3,8.44444444444444,-1.09306289053328
Vertical displacement,Theory,Case 3,8.45645645645646,-1.09805181233674
Vertical displacement,Theory,Case 3,8.46846846846847,-1.10299484307174
Vertical displacement,Theory,Case 3,8.48048048048048,-1.10789156447452
Vertical displacement,Theory,Case 3,8.49249249249249,-1.11274156218479
Vertical displacement,Theory,Case 3,8.5045045045045,-1.11754442574595
Vertical displacement,Theory,Case 3,8.51651651651652,-1.12229974860489
Vertical displacement,Theory,Case 3,8.52852852852853,-1.12700712811222
Vertical displacement,Theory,Case 3,8.54054054054054,-1.13166616552202
Vertical displacement,Theory,Case 3,8.55255255255255,-1.13627646599203
Vertical displacement,Theory,Case 3,8.56456456456456,-1.14083763858355
Vertical displacement,Theory,Case 3,8.57657657657658,-1.1453492962615
Vertical displacement,Theory,Case 3,8.58858858858859,-1.14981105589437
Vertical displacement,Theory,Case 3,8.6006006006006,-1.15422253825425
Vertical displacement,Theory,Case 3,8.61261261261261,-1.1585833680168
Vertical displacement,Theory,Case 3,8.62462462462462,-1.16289317376132
Vertical displacement,Theory,Case 3,8.63663663663664,-1.1671515879706
Vertical displacement,Theory,Case 3,8.64864864864865,-1.17135824703116
Vertical displacement,Theory,Case 3,8.66066066066066,-1.17551279123302
Vertical displacement,Theory,Case 3,8.67267267267267,-1.17961486476982
Vertical displacement,Theory,Case 3,8.68468468468468,-1.18366411573874
Vertical displacement,Theory,Case 3,8.6966966966967,-1.18766019614062
Vertical displacement,Theory,Case 3,8.70870870870871,-1.19160276187988
Vertical displacement,Theory,Case 3,8.72072072072072,-1.19549147276447
Vertical displacement,Theory,Case 3,8.73273273273273,-1.19932599250604
Vertical displacement,Theory,Case 3,8.74474474474474,-1.20310598871971
Vertical displacement,Theory,Case 3,8.75675675675676,-1.20683113292429
Vertical displacement,Theory,Case 3,8.76876876876877,-1.2105011005421
Vertical displacement,Theory,Case 3,8.78078078078078,-1.21411557089911
Vertical displacement,Theory,Case 3,8.79279279279279,-1.21767422722487
Vertical displacement,Theory,Case 3,8.8048048048048,-1.22117675665247
Vertical displacement,Theory,Case 3,8.81681681681682,-1.22462285021871
Vertical displacement,Theory,Case 3,8.82882882882883,-1.22801220286382
Vertical displacement,Theory,Case 3,8.84084084084084,-1.23134451343176
Vertical displacement,Theory,Case 3,8.85285285285285,-1.23461948467
Vertical displacement,Theory,Case 3,8.86486486486486,-1.23783682322964
Vertical displacement,Theory,Case 3,8.87687687687688,-1.24099623966532
Vertical displacement,Theory,Case 3,8.88888888888889,-1.24409744843537
Vertical displacement,Theory,Case 3,8.9009009009009,-1.24714016790162
Vertical displacement,Theory,Case 3,8.91291291291291,-1.2501241203295
Vertical displacement,Theory,Case 3,8.92492492492492,-1.25304903188807
Vertical displacement,Theory,Case 3,8.93693693693694,-1.25591463264998
Vertical displacement,Theory,Case 3,8.94894894894895,-1.25872065659141
Vertical displacement,Theory,Case 3,8.96096096096096,-1.26146684159222
Vertical displacement,Theory,Case 3,8.97297297297297,-1.26415292943578
Vertical displacement,Theory,Case 3,8.98498498498498,-1.26677866580911
Vertical displacement,Theory,Case 3,8.996996996997,-1.26934380030275
Vertical displacement,Theory,Case 3,9.00900900900901,-1.27184808641095
Vertical displacement,Theory,Case 3,9.02102102102102,-1.27429128153142
Vertical displacement,Theory,Case 3,9.03303303303303,-1.27667314696558
Vertical displacement,Theory,Case 3,9.04504504504505,-1.2789934479183
Vertical displacement,Theory,Case 3,9.05705705705706,-1.28125195349822
Vertical displacement,Theory,Case 3,9.06906906906907,-1.28344843671736
Vertical displacement,Theory,Case 3,9.08108108108108,-1.28558267449153
Vertical displacement,Theory,Case 3,9.09309309309309,-1.28765444764001
Vertical displacement,Theory,Case 3,9.10510510510511,-1.28966354088572
Vertical displacement,Theory,Case 3,9.11711711711712,-1.29160974285514
Vertical displacement,Theory,Case 3,9.12912912912913,-1.29349284607836
Vertical displacement,Theory,Case 3,9.14114114114114,-1.29531264698906
Vertical displacement,Theory,Case 3,9.15315315315315,-1.29706894592454
Vertical displacement,Theory,Case 3,9.16516516516517,-1.2987615471256
Vertical displacement,Theory,Case 3,9.17717717717718,-1.30039025873676
Vertical displacement,Theory,Case 3,9.18918918918919,-1.30195489280602
Vertical displacement,Theory,Case 3,9.2012012012012,-1.30345526528499
Vertical displacement,Theory,Case 3,9.21321321321321,-1.30489119602895
Vertical displacement,Theory,Case 3,9.22522522522523,-1.30626250879669
Vertical displacement,Theory,Case 3,9.23723723723724,-1.30756903125061
Vertical displacement,Theory,Case 3,9.24924924924925,-1.30881059495672
Vertical displacement,Theory,Case 3,9.26126126126126,-1.30998703538458
Vertical displacement,Theory,Case 3,9.27327327327327,-1.31109819190741
Vertical displacement,Theory,Case 3,9.28528528528529,-1.31214390780195
Vertical displacement,Theory,Case 3,9.2972972972973,-1.3131240302486
Vertical displacement,Theory,Case 3,9.30930930930931,-1.31403841033125
Vertical displacement,Theory,Case 3,9.32132132132132,-1.31488690303749
Vertical displacement,Theory,Case 3,9.33333333333333,-1.31566936725841
Vertical displacement,Theory,Case 3,9.34534534534535,-1.3163856657888
Vertical displacement,Theory,Case 3,9.35735735735736,-1.31703566532693
Vertical displacement,Theory,Case 3,9.36936936936937,-1.31761923647469
Vertical displacement,Theory,Case 3,9.38138138138138,-1.31813625373763
Vertical displacement,Theory,Case 3,9.39339339339339,-1.3185865955248
Vertical displacement,Theory,Case 3,9.40540540540541,-1.3189701441489
Vertical displacement,Theory,Case 3,9.41741741741742,-1.31928678582619
Vertical displacement,Theory,Case 3,9.42942942942943,-1.31953641067654
Vertical displacement,Theory,Case 3,9.44144144144144,-1.31971891272339
Vertical displacement,Theory,Case 3,9.45345345345345,-1.31983418989379
Vertical displacement,Theory,Case 3,9.46546546546547,-1.31988214401838
Vertical displacement,Theory,Case 3,9.47747747747748,-1.31986268083136
Vertical displacement,Theory,Case 3,9.48948948948949,-1.31977570997059
Vertical displacement,Theory,Case 3,9.5015015015015,-1.31962114497744
Vertical displacement,Theory,Case 3,9.51351351351351,-1.31939890329691
Vertical displacement,Theory,Case 3,9.52552552552553,-1.31910890627759
Vertical displacement,Theory,Case 3,9.53753753753754,-1.3187510791717
Vertical displacement,Theory,Case 3,9.54954954954955,-1.31832535113495
Vertical displacement,Theory,Case 3,9.56156156156156,-1.31783165522678
Vertical displacement,Theory,Case 3,9.57357357357357,-1.31726992841006
Vertical displacement,Theory,Case 3,9.58558558558559,-1.31664011155138
Vertical displacement,Theory,Case 3,9.5975975975976,-1.31594214942087
Vertical displacement,Theory,Case 3,9.60960960960961,-1.31517599069221
Vertical displacement,Theory,Case 3,9.62162162162162,-1.31434158794278
Vertical displacement,Theory,Case 3,9.63363363363363,-1.31343889765346
Vertical displacement,Theory,Case 3,9.64564564564565,-1.3124678802088
Vertical displacement,Theory,Case 3,9.65765765765766,-1.3114284998968
Vertical displacement,Theory,Case 3,9.66966966966967,-1.31032072490917
Vertical displacement,Theory,Case 3,9.68168168168168,-1.30914452734119
Vertical displacement,Theory,Case 3,9.69369369369369,-1.30789988319178
Vertical displacement,Theory,Case 3,9.70570570570571,-1.30658677236331
Vertical displacement,Theory,Case 3,9.71771771771772,-1.30520517866181
Vertical displacement,Theory,Case 3,9.72972972972973,-1.30375508979704
Vertical displacement,Theory,Case 3,9.74174174174174,-1.30223649738207
Vertical displacement,Theory,Case 3,9.75375375375375,-1.30064939693384
Vertical displacement,Theory,Case 3,9.76576576576577,-1.29899378787271
Vertical displacement,Theory,Case 3,9.77777777777778,-1.2972696735227
Vertical displacement,Theory,Case 3,9.78978978978979,-1.29547706111134
Vertical displacement,Theory,Case 3,9.8018018018018,-1.29361596176988
Vertical displacement,Theory,Case 3,9.81381381381381,-1.29168639053308
Vertical displacement,Theory,Case 3,9.82582582582583,-1.28968836633921
Vertical displacement,Theory,Case 3,9.83783783783784,-1.28762191203039
Vertical displacement,Theory,Case 3,9.84984984984985,-1.285487054352
Vertical displacement,Theory,Case 3,9.86186186186186,-1.28328382395331
Vertical displacement,Theory,Case 3,9.87387387387387,-1.28101225538697
Vertical displacement,Theory,Case 3,9.88588588588589,-1.27867238710932
Vertical displacement,Theory,Case 3,9.8978978978979,-1.27626426148025
Vertical displacement,Theory,Case 3,9.90990990990991,-1.27378792476329
Vertical displacement,Theory,Case 3,9.92192192192192,-1.27124342712552
Vertical displacement,Theory,Case 3,9.93393393393393,-1.26863082263763
Vertical displacement,Theory,Case 3,9.94594594594595,-1.26595016927387
Vertical displacement,Theory,Case 3,9.95795795795796,-1.26320152891211
Vertical displacement,Theory,Case 3,9.96996996996997,-1.2603849673338
Vertical displacement,Theory,Case 3,9.98198198198198,-1.25750055422398
Vertical displacement,Theory,Case 3,9.99399399399399,-1.25454836317133
Vertical displacement,Theory,Case 3,10.006006006006,-1.25152847166804
Vertical displacement,Theory,Case 3,10.018018018018,-1.24844096110991
Vertical displacement,Theory,Case 3,10.03003003003,-1.2452859167964
Vertical displacement,Theory,Case 3,10.042042042042,-1.24206342793052
Vertical displacement,Theory,Case 3,10.0540540540541,-1.23877358761877
Vertical displacement,Theory,Case 3,10.0660660660661,-1.23541649287141
Vertical displacement,Theory,Case 3,10.0780780780781,-1.23199224460218
Vertical displacement,Theory,Case 3,10.0900900900901,-1.22850094762849
Vertical displacement,Theory,Case 3,10.1021021021021,-1.2249427106712
Vertical displacement,Theory,Case 3,10.1141141141141,-1.221317646355
Vertical displacement,Theory,Case 3,10.1261261261261,-1.21762587120788
Vertical displacement,Theory,Case 3,10.1381381381381,-1.21386750566166
Vertical displacement,Theory,Case 3,10.1501501501502,-1.21004267405163
Vertical displacement,Theory,Case 3,10.1621621621622,-1.20615150461671
Vertical displacement,Theory,Case 3,10.1741741741742,-1.20219412949934
Vertical displacement,Theory,Case 3,10.1861861861862,-1.19817068474573
Vertical displacement,Theory,Case 3,10.1981981981982,-1.19408131030547
Vertical displacement,Theory,Case 3,10.2102102102102,-1.18992615003185
Vertical displacement,Theory,Case 3,10.2222222222222,-1.18570535168176
Vertical displacement,Theory,Case 3,10.2342342342342,-1.18141906691563
Vertical displacement,Theory,Case 3,10.2462462462462,-1.17706745129752
Vertical displacement,Theory,Case 3,10.2582582582583,-1.17265066429506
Vertical displacement,Theory,Case 3,10.2702702702703,-1.16816886927947
Vertical displacement,Theory,Case 3,10.2822822822823,-1.16362223352558
Vertical displacement,Theory,Case 3,10.2942942942943,-1.15901092821182
Vertical displacement,Theory,Case 3,10.3063063063063,-1.1543351284202
Vertical displacement,Theory,Case 3,10.3183183183183,-1.14959501313624
Vertical displacement,Theory,Case 3,10.3303303303303,-1.14479076524919
Vertical displacement,Theory,Case 3,10.3423423423423,-1.13992257155184
Vertical displacement,Theory,Case 3,10.3543543543544,-1.13499062274049
Vertical displacement,Theory,Case 3,10.3663663663664,-1.12999511341509
Vertical displacement,Theory,Case 3,10.3783783783784,-1.12493624207924
Vertical displacement,Theory,Case 3,10.3903903903904,-1.11981421114009
Vertical displacement,Theory,Case 3,10.4024024024024,-1.11462922690832
Vertical displacement,Theory,Case 3,10.4144144144144,-1.10938149959826
Vertical displacement,Theory,Case 3,10.4264264264264,-1.10407124332781
Vertical displacement,Theory,Case 3,10.4384384384384,-1.09869867611855
Vertical displacement,Theory,Case 3,10.4504504504505,-1.09326401989546
Vertical displacement,Theory,Case 3,10.4624624624625,-1.0877675004873
Vertical displacement,Theory,Case 3,10.4744744744745,-1.08220934762632
Vertical displacement,Theory,Case 3,10.4864864864865,-1.07658979494839
Vertical displacement,Theory,Case 3,10.4984984984985,-1.07090907999296
Vertical displacement,Theory,Case 3,10.5105105105105,-1.0651674442031
Vertical displacement,Theory,Case 3,10.5225225225225,-1.05936513292542
Vertical displacement,Theory,Case 3,10.5345345345345,-1.05350239541018
Vertical displacement,Theory,Case 3,10.5465465465465,-1.0475794848112
Vertical displacement,Theory,Case 3,10.5585585585586,-1.04159665818578
Vertical displacement,Theory,Case 3,10.5705705705706,-1.03555417649512
Vertical displacement,Theory,Case 3,10.5825825825826,-1.02945230460368
Vertical displacement,Theory,Case 3,10.5945945945946,-1.02329131127963
Vertical displacement,Theory,Case 3,10.6066066066066,-1.01707146919483
Vertical displacement,Theory,Case 3,10.6186186186186,-1.01079305492456
Vertical displacement,Theory,Case 3,10.6306306306306,-1.00445634894787
Vertical displacement,Theory,Case 3,10.6426426426426,-0.998061635647227
Vertical displacement,Theory,Case 3,10.6546546546547,-0.991609203308836
Vertical displacement,Theory,Case 3,10.6666666666667,-0.985099344122341
Vertical displacement,Theory,Case 3,10.6786786786787,-0.978532354181195
Vertical displacement,Theory,Case 3,10.6906906906907,-0.971908533482158
Vertical displacement,Theory,Case 3,10.7027027027027,-0.965228185925853
Vertical displacement,Theory,Case 3,10.7147147147147,-0.958491619316316
Vertical displacement,Theory,Case 3,10.7267267267267,-0.951699145361255
Vertical displacement,Theory,Case 3,10.7387387387387,-0.944851079671877
Vertical displacement,Theory,Case 3,10.7507507507508,-0.937947741763184
Vertical displacement,Theory,Case 3,10.7627627627628,-0.930989455053495
Vertical displacement,Theory,Case 3,10.7747747747748,-0.923976546864921
Vertical displacement,Theory,Case 3,10.7867867867868,-0.916909348423157
Vertical displacement,Theory,Case 3,10.7987987987988,-0.909788194857288
Vertical displacement,Theory,Case 3,10.8108108108108,-0.90261342520029
Vertical displacement,Theory,Case 3,10.8228228228228,-0.895385382388501
Vertical displacement,Theory,Case 3,10.8348348348348,-0.888104413261915
Vertical displacement,Theory,Case 3,10.8468468468468,-0.880770868564175
Vertical displacement,Theory,Case 3,10.8588588588589,-0.873385102942416
Vertical displacement,Theory,Case 3,10.8708708708709,-0.86594747494745
Vertical displacement,Theory,Case 3,10.8828828828829,-0.858458347033603
Vertical displacement,Theory,Case 3,10.8948948948949,-0.850918085558873
Vertical displacement,Theory,Case 3,10.9069069069069,-0.843327060784816
Vertical displacement,Theory,Case 3,10.9189189189189,-0.835685646876519
Vertical displacement,Theory,Case 3,10.9309309309309,-0.827994221902712
Vertical displacement,Theory,Case 3,10.9429429429429,-0.820253167835823
Vertical displacement,Theory,Case 3,10.954954954955,-0.812462870551648
Vertical displacement,Theory,Case 3,10.966966966967,-0.804623719829761
Vertical displacement,Theory,Case 3,10.978978978979,-0.796736109353198
Vertical displacement,Theory,Case 3,10.990990990991,-0.78880043670872
Vertical displacement,Theory,Case 3,11.003003003003,-0.780817103386509
Vertical displacement,Theory,Case 3,11.015015015015,-0.772786514780565
Vertical displacement,Theory,Case 3,11.027027027027,-0.764709080188199
Vertical displacement,Theory,Case 3,11.039039039039,-0.756585212810568
Vertical displacement,Theory,Case 3,11.0510510510511,-0.748415329752268
Vertical displacement,Theory,Case 3,11.0630630630631,-0.740199852021504
Vertical displacement,Theory,Case 3,11.0750750750751,-0.731939204530161
Vertical displacement,Theory,Case 3,11.0870870870871,-0.723633816093628
Vertical displacement,Theory,Case 3,11.0990990990991,-0.715284119430891
Vertical displacement,Theory,Case 3,11.1111111111111,-0.706890551164577
Vertical displacement,Theory,Case 3,11.1231231231231,-0.698453551820837
Vertical displacement,Theory,Case 3,11.1351351351351,-0.689973565829456
Vertical displacement,Theory,Case 3,11.1471471471471,-0.681451041523848
Vertical displacement,Theory,Case 3,11.1591591591592,-0.672886431140914
Vertical displacement,Theory,Case 3,11.1711711711712,-0.664280190821192
Vertical displacement,Theory,Case 3,11.1831831831832,-0.655632780608907
Vertical displacement,Theory,Case 3,11.1951951951952,-0.646944664451747
Vertical displacement,Theory,Case 3,11.2072072072072,-0.638216310201011
Vertical displacement,Theory,Case 3,11.2192192192192,-0.629448189611614
Vertical displacement,Theory,Case 3,11.2312312312312,-0.620640778342157
Vertical displacement,Theory,Case 3,11.2432432432432,-0.611794555954601
Vertical displacement,Theory,Case 3,11.2552552552553,-0.602910005914675
Vertical displacement,Theory,Case 3,11.2672672672673,-0.593987615591707
Vertical displacement,Theory,Case 3,11.2792792792793,-0.585027876258526
Vertical displacement,Theory,Case 3,11.2912912912913,-0.576031283091574
Vertical displacement,Theory,Case 3,11.3033033033033,-0.566998335170958
Vertical displacement,Theory,Case 3,11.3153153153153,-0.557929535480284
Vertical displacement,Theory,Case 3,11.3273273273273,-0.548825390906789
Vertical displacement,Theory,Case 3,11.3393393393393,-0.539686412241315
Vertical displacement,Theory,Case 3,11.3513513513514,-0.530513114178229
Vertical displacement,Theory,Case 3,11.3633633633634,-0.52130601531556
Vertical displacement,Theory,Case 3,11.3753753753754,-0.512065638154873
Vertical displacement,Theory,Case 3,11.3873873873874,-0.502792509101486
Vertical displacement,Theory,Case 3,11.3993993993994,-0.493487158464031
Vertical displacement,Theory,Case 3,11.4114114114114,-0.484150120454909
Vertical displacement,Theory,Case 3,11.4234234234234,-0.474781933190146
Vertical displacement,Theory,Case 3,11.4354354354354,-0.465383138689203
Vertical displacement,Theory,Case 3,11.4474474474474,-0.455954282875285
Vertical displacement,Theory,Case 3,11.4594594594595,-0.446495915575166
Vertical displacement,Theory,Case 3,11.4714714714715,-0.437008590519103
Vertical displacement,Theory,Case 3,11.4834834834835,-0.427492865340929
Vertical displacement,Theory,Case 3,11.4954954954955,-0.41794930157831
Vertical displacement,Theory,Case 3,11.5075075075075,-0.408378464672302
Vertical displacement,Theory,Case 3,11.5195195195195,-0.398780923967525
Vertical displacement,Theory,Case 3,11.5315315315315,-0.389157252712299
Vertical displacement,Theory,Case 3,11.5435435435435,-0.379508028058515
Vertical displacement,Theory,Case 3,11.5555555555556,-0.369833831061587
Vertical displacement,Theory,Case 3,11.5675675675676,-0.360135246680607
Vertical displacement,Theory,Case 3,11.5795795795796,-0.350412863778214
Vertical displacement,Theory,Case 3,11.5915915915916,-0.34066727512064
Vertical displacement,Theory,Case 3,11.6036036036036,-0.330899077377669
Vertical displacement,Theory,Case 3,11.6156156156156,-0.321108871122772
Vertical displacement,Theory,Case 3,11.6276276276276,-0.311297260832958
Vertical displacement,Theory,Case 3,11.6396396396396,-0.301464854888796
Vertical displacement,Theory,Case 3,11.6516516516517,-0.291612265574413
Vertical displacement,Theory,Case 3,11.6636636636637,-0.281740109077733
Vertical displacement,Theory,Case 3,11.6756756756757,-0.271849005489976
Vertical displacement,Theory,Case 3,11.6876876876877,-0.26193957880627
Vertical displacement,Theory,Case 3,11.6996996996997,-0.252012456924974
Vertical displacement,Theory,Case 3,11.7117117117117,-0.242068271648377
Vertical displacement,Theory,Case 3,11.7237237237237,-0.232107658682171
Vertical displacement,Theory,Case 3,11.7357357357357,-0.222131257635655
Vertical displacement,Theory,Case 3,11.7477477477477,-0.212139712021808
Vertical displacement,Theory,Case 3,11.7597597597598,-0.20213366925709
Vertical displacement,Theory,Case 3,11.7717717717718,-0.192113780661536
Vertical displacement,Theory,Case 3,11.7837837837838,-0.182080701458981
Vertical displacement,Theory,Case 3,11.7957957957958,-0.172035090776615
Vertical displacement,Theory,Case 3,11.8078078078078,-0.161977611645311
Vertical displacement,Theory,Case 3,11.8198198198198,-0.151908930999566
Vertical displacement,Theory,Case 3,11.8318318318318,-0.14182971967739
Vertical displacement,Theory,Case 3,11.8438438438438,-0.131740652420407
Vertical displacement,Theory,Case 3,11.8558558558559,-0.121642407873971
Vertical displacement,Theory,Case 3,11.8678678678679,-0.111535668586803
Vertical displacement,Theory,Case 3,11.8798798798799,-0.101421121011337
Vertical displacement,Theory,Case 3,11.8918918918919,-0.0912994555035988
Vertical displacement,Theory,Case 3,11.9039039039039,-0.0811713663231028
Vertical displacement,Theory,Case 3,11.9159159159159,-0.0710375516332238
Vertical displacement,Theory,Case 3,11.9279279279279,-0.0608987135006161
Vertical displacement,Theory,Case 3,11.9399399399399,-0.0507555578956667
Vertical displacement,Theory,Case 3,11.951951951952,-0.0406087946922946
Vertical displacement,Theory,Case 3,11.963963963964,-0.0304591376680312
Vertical displacement,Theory,Case 3,11.975975975976,-0.0203073045042282
Vertical displacement,Theory,Case 3,11.987987987988,-0.0101540167853871
Vertical displacement,Theory,Case 3,12,0
