Attempt,Norm,Tolerance
1,1.43734893117562e-20,1e-12
2,1.17778044418363e-19,1e-12
3,1.94258001044955e-19,1e-12
4,2.1640164823038e-16,1e-12
5,2.87836123920652e-15,1e-12
6,8.85859092428266e-15,1e-12
7,8.09821750981509e-15,1e-12
8,1.47372393372152e-15,1e-12
9,3.98245088998717e-22,1e-12
10,1.5284642883652e-15,1e-12
11,1.01471055230844e-15,1e-12
12,1.55243462583877e-15,1e-12
13,1.34203257968495e-15,1e-12
14,5.5332407454975e-16,1e-12
15,7.88994256409567e-17,1e-12
16,2.20705953369456e-18,1e-12
17,1.86802348929857e-22,1e-12
18,1.90039273309188e-21,1e-12
19,1.06820366176777e-21,1e-12
20,5.45701723420882e-18,1e-12
21,1.07159581015506e-16,1e-12
22,3.606710471555e-16,1e-12
23,3.13421463708157e-16,1e-12
24,7.85157422747881e-17,1e-12
25,7.35877609749201e-18,1e-12
26,1.45801682526508e-18,1e-12
27,8.10345130331177e-18,1e-12
28,1.03119912453198e-16,1e-12
29,6.14970131016649e-16,1e-12
30,1.61576400789485e-15,1e-12
31,2.21864763406323e-15,1e-12
32,1.36972732197177e-15,1e-12
33,1.42483044650023e-16,1e-12
34,4.1287610375378e-17,1e-12
35,6.8223245616765e-17,1e-12
36,1.63121598371964e-16,1e-12
37,4.33615723923874e-16,1e-12
38,1.12590187755647e-15,1e-12
39,1.61044462599771e-15,1e-12
40,1.18170908648581e-15,1e-12
41,5.1904921664306e-16,1e-12
42,1.35885337353555e-16,1e-12
43,1.03211091687071e-17,1e-12
44,5.59271054792137e-19,1e-12
45,7.25833119700571e-17,1e-12
46,4.79804223920047e-16,1e-12
47,1.46780045740854e-15,1e-12
48,2.47008204155168e-15,1e-12
49,1.74062230188763e-15,1e-12
50,1.97184255867687e-16,1e-12
51,2.34768103289091e-17,1e-12
52,1.05815355452066e-16,1e-12
53,1.52789096244757e-16,1e-12
54,2.10643946721942e-16,1e-12
55,4.01337912973369e-16,1e-12
56,6.41654354148403e-16,1e-12
57,6.92648253664261e-16,1e-12
58,4.24270554328628e-16,1e-12
59,5.87694947643677e-16,1e-12
60,1.74860287853148e-15,1e-12
61,2.12913257641165e-15,1e-12
62,1.55247897396996e-15,1e-12
63,3.77982279800988e-16,1e-12
64,4.69313073092725e-18,1e-12
65,2.22725528141848e-15,1e-12
66,6.06382434674936e-15,1e-12
67,9.59605362064232e-14,1e-12
68,6.31888662579895e-13,1e-12
69,9.47272405819701e-24,1e-12
70,1.73600230429822e-23,1e-12
71,1.38785524345369e-23,1e-12
72,1.58484827878968e-23,1e-12
73,8.3326279414609e-13,1e-12
74,5.99648958027119e-13,1e-12
75,1.94083716182096e-13,1e-12
76,1.31193609895824e-16,1e-12
77,3.243520811856e-24,1e-12
78,7.04264863324988e-14,1e-12
79,1.39846426410996e-13,1e-12
80,1.38171287386206e-13,1e-12
81,7.93417516527654e-14,1e-12
82,1.60305483726054e-14,1e-12
83,2.60559570421173e-14,1e-12
84,9.834213567175e-15,1e-12
85,8.54580459326362e-16,1e-12
86,5.28385254053732e-15,1e-12
87,3.17922654897634e-23,1e-12
88,3.94544971585145e-22,1e-12
89,1.56903871155228e-21,1e-12
90,7.57573866082769e-21,1e-12
91,2.98660341700485e-20,1e-12
92,7.41633544612616e-20,1e-12
93,8.40627273422894e-20,1e-12
94,3.66978482843252e-20,1e-12
95,4.88457563318228e-21,1e-12
96,7.97024323244259e-23,1e-12
97,1.77526970012404e-21,1e-12
98,1.14166510982679e-13,1e-12
99,4.89008963213741e-13,1e-12
100,5.64596496980523e-23,1e-12
101,9.71809588245405e-13,1e-12
102,9.05962670722273e-19,1e-12
103,6.30250096795774e-19,1e-12
104,1.50989069364602e-19,1e-12
105,2.50619396163355e-20,1e-12
106,7.64267082787245e-22,1e-12
107,4.74533830386307e-23,1e-12
108,4.65869734894078e-24,1e-12
109,4.47793306043049e-23,1e-12
110,1.51871153991154e-23,1e-12
111,4.52787375550359e-24,1e-12
112,6.80212890059471e-24,1e-12
113,6.02989248730317e-24,1e-12
114,1.77992342642585e-23,1e-12
115,6.52781306070643e-13,1e-12
116,2.9553249538087e-13,1e-12
117,1.15435834520066e-13,1e-12
118,4.97170965055161e-14,1e-12
119,2.51199087286518e-14,1e-12
120,1.00621061037143e-14,1e-12
121,1.24450867960981e-15,1e-12
122,4.42298388637127e-15,1e-12
123,6.27703883714476e-15,1e-12
124,6.19080900190912e-14,1e-12
125,2.61039824126464e-13,1e-12
126,5.44905205425661e-13,1e-12
127,7.42378052657482e-13,1e-12
128,8.4755806536346e-23,1e-12
129,1.27991535251311e-21,1e-12
130,5.97504746444901e-21,1e-12
131,2.38073303650344e-19,1e-12
132,4.99339138183555e-18,1e-12
133,2.30104982511774e-17,1e-12
134,2.63748834136475e-16,1e-12
135,2.73609182381927e-15,1e-12
136,1.10489151758839e-14,1e-12
137,2.84597957785617e-14,1e-12
138,4.64229375908887e-14,1e-12
139,3.37899507885912e-14,1e-12
140,4.45425890018812e-15,1e-12
141,6.38606228570633e-17,1e-12
142,2.59378255783974e-16,1e-12
143,1.00721925423375e-21,1e-12
144,5.16623587682382e-22,1e-12
145,6.91578109025607e-21,1e-12
146,5.70279039359904e-21,1e-12
147,4.363169386647e-21,1e-12
148,4.6537548834881e-21,1e-12
149,5.12338598586809e-19,1e-12
150,2.55136139119253e-18,1e-12
151,1.8254019136847e-16,1e-12
152,4.13179063162958e-15,1e-12
153,3.82344623563892e-14,1e-12
154,1.48753361867452e-13,1e-12
155,1.97259993945838e-13,1e-12
156,9.81840207531726e-14,1e-12
157,1.36359819549246e-14,1e-12
158,2.4634534359844e-16,1e-12
159,4.2476430638498e-15,1e-12
160,1.6537536589479e-17,1e-12
161,3.57355288437086e-21,1e-12
162,1.13368240982873e-21,1e-12
163,2.81693338130666e-20,1e-12
164,3.72788999786364e-20,1e-12
165,3.51397246543003e-19,1e-12
166,6.17865216546296e-19,1e-12
167,6.15735235338572e-16,1e-12
168,1.8319055542366e-14,1e-12
169,1.9203685777585e-13,1e-12
170,7.23920340683394e-13,1e-12
171,1.28027609379819e-18,1e-12
172,3.028308367126e-18,1e-12
173,5.89543279665822e-13,1e-12
174,1.46094043579038e-13,1e-12
175,7.09080367455945e-15,1e-12
176,1.18395809973351e-16,1e-12
177,1.12324527718848e-15,1e-12
178,2.24606049454769e-13,1e-12
179,1.28426460120983e-21,1e-12
180,1.84662434683181e-20,1e-12
181,5.1467925027348e-19,1e-12
182,4.08119853875097e-18,1e-12
183,1.43806342837658e-17,1e-12
184,7.60059813134852e-16,1e-12
185,1.01085405966104e-14,1e-12
186,7.20551230700542e-14,1e-12
187,2.6246146133564e-13,1e-12
188,4.75483054627606e-13,1e-12
189,5.64643063878999e-13,1e-12
190,5.51875003983523e-13,1e-12
191,4.01437249535043e-13,1e-12
192,2.00775823103004e-13,1e-12
193,6.9871177761525e-14,1e-12
194,1.5846740272725e-14,1e-12
195,1.34814893604538e-14,1e-12
196,7.88466079885862e-15,1e-12
197,9.70118032773401e-16,1e-12
198,3.54894960967849e-16,1e-12
199,1.55385080480655e-16,1e-12
200,7.99007555701679e-16,1e-12
201,1.61667201378043e-15,1e-12
202,7.60947565438177e-15,1e-12
203,9.6921281476437e-19,1e-12
204,6.81356063848659e-18,1e-12
205,9.46706741077792e-18,1e-12
206,9.35743582707077e-22,1e-12
207,4.87254006379627e-14,1e-12
208,1.98074998781146e-14,1e-12
209,1.41945338254784e-13,1e-12
210,1.4073882718534e-22,1e-12
211,6.47616251139581e-23,1e-12
212,3.31897531794324e-22,1e-12
213,9.31154485305408e-22,1e-12
214,3.03649045471007e-21,1e-12
215,6.30338977502466e-21,1e-12
216,2.11287073827133e-20,1e-12
217,1.23146448842198e-19,1e-12
218,1.11812562399183e-18,1e-12
219,1.0064056884634e-17,1e-12
220,4.77765847329999e-17,1e-12
221,6.49777046564535e-15,1e-12
222,1.77576929159829e-13,1e-12
223,1.13737494946652e-18,1e-12
224,1.06652947419369e-13,1e-12
225,4.6589296505224e-18,1e-12
226,2.64850512759533e-18,1e-12
227,1.99259354527959e-16,1e-12
228,2.06709451998737e-16,1e-12
229,4.99222196781412e-14,1e-12
230,3.04650618301106e-11,1e-12
231,8.35608384976742e-16,1e-12
232,3.07335077915675e-09,1e-12
233,9.99335193845657e-14,1e-12
234,1.30284569313877e-08,1e-12
235,5.26529956366506e-13,1e-12
236,1.87103923416743e-07,1e-12
237,3.60788752239847e-21,1e-12
238,7.36348877458842e-05,1e-12
239,2.79434147919985e-16,1e-12
240,1.84740227536393e-11,1e-12
241,5.47966640187908e-16,1e-12
242,7.05146706343091e-16,1e-12
243,1.03663342265979e-18,1e-12
244,9.961361390873e-19,1e-12
245,9.04127044898672e-17,1e-12
246,2.28345272922639e-17,1e-12
247,5.47906586831404e-17,1e-12
248,6.11129468498905e-18,1e-12
249,1.45640852366875e-18,1e-12
250,3.97332410955607e-13,1e-12
251,1.37738520180387e-15,1e-12
252,5.80278445595405e-14,1e-12
253,1.01470466850636e-11,1e-12
254,5.17185049343648e-16,1e-12
255,1.35608024832647e-11,1e-12
256,6.11437158439676e-16,1e-12
257,6.72160001742728e-16,1e-12
258,2.07454034257381e-13,1e-12
259,1.49896411250858e-18,1e-12
260,6.27436165816535e-14,1e-12
261,1.47818758252062e-17,1e-12
262,3.11233491068337e-17,1e-12
263,5.69271345504584e-17,1e-12
264,5.98554025626127e-16,1e-12
265,4.48680599288396e-15,1e-12
266,1.56216591654774e-12,1e-12
267,3.7362992870149e-17,1e-12
268,2.07198515991731e-10,1e-12
269,5.57801288644436e-15,1e-12
270,2.4206848566317e-10,1e-12
271,7.11151826851311e-15,1e-12
272,5.31900131167029e-10,1e-12
273,1.70210157689036e-14,1e-12
274,6.42227735790813e-10,1e-12
275,2.29393339840348e-14,1e-12
276,3.75265980813432e-08,1e-12
277,2.3588310002826e-21,1e-12
278,4.07160714584583e-07,1e-12
279,7.4033827287428e-21,1e-12
280,6.65621133633507e-07,1e-12
281,2.5583455197149e-21,1e-12
282,1.89134940613437e-05,1e-12
283,1.64150688610135e-18,1e-12
284,5.22952279452961e-05,1e-12
285,1.41451821318278e-17,1e-12
286,8.99308537997458e-05,1e-12
287,2.89526985765539e-16,1e-12
288,0.000147066800040283,1e-12
289,1.15162296721081e-16,1e-12
290,0.00861650116967246,1e-12
291,1.50729978039625e-18,1e-12
292,1.33310488941037e-06,1e-12
293,3.90453049414591e-20,1e-12
294,1.58454242089998e-11,1e-12
295,5.03660972855822e-16,1e-12
296,6.04133730919143e-16,1e-12
297,5.08670706464434e-13,1e-12
298,2.10338701209915e-18,1e-12
299,3.44586989269351e-17,1e-12
300,4.42451841483484e-17,1e-12
301,1.18539550252269e-16,1e-12
302,2.1641308569927e-16,1e-12
303,1.23824978114361e-16,1e-12
304,1.35352197761869e-17,1e-12
305,1.92143272052531e-13,1e-12
306,2.24278626377016e-11,1e-12
307,9.32486071910169e-16,1e-12
308,1.28083785186477e-08,1e-12
309,5.81440000297317e-13,1e-12
310,5.40131629905768e-11,1e-12
311,3.24004215990406e-16,1e-12
312,3.0349422255142e-15,1e-12
313,6.4360567095242e-13,1e-12
314,1.35574342630577e-18,1e-12
315,2.08724693219132e-17,1e-12
316,1.35679150982993e-17,1e-12
317,5.12979796111934e-17,1e-12
318,3.10482675502629e-16,1e-12
319,8.0175624267925e-13,1e-12
320,3.88461877155486e-12,1e-12
321,1.03686651063214e-16,1e-12
322,2.20787753709399e-11,1e-12
323,8.41910863941948e-16,1e-12
324,1.34868707218051e-09,1e-12
325,5.19400892147809e-14,1e-12
326,1.05360968274104e-07,1e-12
327,1.55242686522191e-20,1e-12
328,6.23981861052371e-07,1e-12
329,2.04938508300255e-20,1e-12
330,1.5203579421222e-06,1e-12
331,9.76215395209812e-20,1e-12
332,1.28396298691786e-05,1e-12
333,5.43319637686142e-18,1e-12
334,5.58672143492411e-05,1e-12
335,1.23512032577907e-16,1e-12
336,2.04398621413841e-06,1e-12
337,3.26090646150886e-19,1e-12
338,4.14422959863376e-07,1e-12
339,1.1395398779292e-19,1e-12
340,2.55557516761207e-12,1e-12
341,8.66788894263884e-17,1e-12
342,1.85393308882638e-17,1e-12
343,2.89879387279664e-16,1e-12
344,1.20923398075535e-13,1e-12
345,9.87724661483598e-13,1e-12
346,7.22270087292362e-19,1e-12
347,2.47612392953505e-14,1e-12
348,1.71825918007997e-17,1e-12
349,1.60058864028639e-16,1e-12
350,3.59980950060104e-16,1e-12
351,4.97099834811481e-16,1e-12
352,1.66555195782733e-16,1e-12
353,1.29122261427792e-14,1e-12
354,3.78422155514507e-12,1e-12
355,6.85978871731249e-17,1e-12
356,2.25212467269651e-11,1e-12
357,4.10126739157053e-16,1e-12
358,9.34525021404325e-10,1e-12
359,1.73353789834791e-14,1e-12
360,2.39201001852448e-09,1e-12
361,4.56418183481179e-14,1e-12
362,5.79891628359481e-09,1e-12
363,1.16323470893114e-13,1e-12
364,1.09417189290942e-08,1e-12
365,2.40091936423119e-13,1e-12
366,1.55928450947889e-08,1e-12
367,3.94337154272124e-13,1e-12
368,2.4761846097999e-08,1e-12
369,7.38059015016186e-13,1e-12
370,1.33590479492718e-07,1e-12
371,5.03240628602351e-21,1e-12
372,9.94516007812071e-07,1e-12
373,1.70122886454375e-21,1e-12
374,1.36549216842185e-06,1e-12
375,1.88832932875839e-19,1e-12
376,2.82104219166926e-05,1e-12
377,5.73324137183407e-13,1e-12
378,2.45265867667784e-05,1e-12
379,7.13652558903083e-19,1e-12
380,5.05776099656467e-05,1e-12
381,1.39656621617157e-18,1e-12
382,0.00155742891586609,1e-12
383,1.28581265129095e-19,1e-12
384,8.26841419292392e-09,1e-12
385,5.94355894989888e-13,1e-12
386,2.98318379650291e-07,1e-12
387,1.03556523654545e-20,1e-12
388,4.74990561695586e-15,1e-12
389,4.55879944924386e-20,1e-12
390,2.55859245358625e-18,1e-12
391,8.64629798938293e-18,1e-12
392,4.25410684648316e-18,1e-12
393,1.18282128256428e-19,1e-12
394,1.9277422845002e-18,1e-12
395,8.78113970907043e-22,1e-12
396,1.56099321463899e-19,1e-12
397,1.57795046335658e-11,1e-12
398,8.62894058496153e-16,1e-12
399,2.35965261486666e-07,1e-12
400,2.9114828595261e-19,1e-12
401,5.08027898856056e-09,1e-12
402,4.58503127517899e-13,1e-12
403,8.15207686909979e-07,1e-12
404,4.6130769329703e-19,1e-12
405,4.76518216249703e-05,1e-12
406,1.77074023702509e-16,1e-12
407,7.67040279688022e-05,1e-12
408,8.93376186600876e-17,1e-12
409,7.27539123923863e-05,1e-12
410,3.90186561784982e-18,1e-12
411,4.24986674561681e-05,1e-12
412,1.17104656200896e-17,1e-12
413,8.23862681820288e-06,1e-12
414,2.52797964260221e-19,1e-12
415,4.39840077642316e-09,1e-12
416,5.13984265171776e-13,1e-12
417,2.59493141664058e-07,1e-12
418,3.05032500241008e-20,1e-12
419,3.27815337140872e-06,1e-12
420,1.73412640507934e-19,1e-12
421,4.4363053867872e-05,1e-12
422,1.19222950562481e-18,1e-12
423,1.57044594030578e-05,1e-12
424,7.33516317650691e-19,1e-12
425,2.03080974669337e-05,1e-12
426,8.19911031453669e-16,1e-12
427,2.54247800780653e-11,1e-12
428,3.42169137500561e-16,1e-12
429,1.45601400219244e-16,1e-12
430,4.30621849562851e-15,1e-12
431,1.68589968800938e-13,1e-12
432,9.60188536991876e-19,1e-12
433,7.0679192537314e-19,1e-12
434,6.52045911768425e-13,1e-12
435,2.42787764436768e-17,1e-12
436,1.28392558444643e-16,1e-12
437,2.59616690299157e-16,1e-12
438,2.81138626831576e-16,1e-12
439,1.6185145166307e-17,1e-12
440,7.23898566472045e-15,1e-12
441,2.16263043969718e-12,1e-12
442,3.76435420755395e-17,1e-12
443,2.03397963167195e-11,1e-12
444,3.5224382261477e-16,1e-12
445,6.61126170917747e-10,1e-12
446,1.17025863077719e-14,1e-12
447,1.11691006550164e-09,1e-12
448,2.05913406757167e-14,1e-12
449,1.95810995079771e-09,1e-12
450,3.85677413213447e-14,1e-12
451,3.27945575485805e-09,1e-12
452,7.16850838185975e-14,1e-12
453,2.11011826805771e-08,1e-12
454,5.29524059219267e-13,1e-12
455,1.70987973112548e-08,1e-12
456,4.95374052847506e-13,1e-12
457,8.27026816463699e-08,1e-12
458,6.09583439756526e-21,1e-12
459,3.68811552024271e-07,1e-12
460,7.67969125323154e-21,1e-12
461,6.26956827077572e-07,1e-12
462,5.9380031461361e-21,1e-12
463,7.9484609788652e-07,1e-12
464,2.51096649417485e-20,1e-12
465,2.7340253256478e-06,1e-12
466,1.19862460968918e-19,1e-12
467,1.04610277464259e-05,1e-12
468,1.93086769974861e-20,1e-12
469,1.72662721201087e-05,1e-12
470,1.17303247811433e-20,1e-12
471,2.32390690337503e-05,1e-12
472,4.77209451782675e-19,1e-12
473,3.09985866543372e-05,1e-12
474,8.65467717400558e-19,1e-12
475,4.09342138334096e-05,1e-12
476,7.88378763531484e-19,1e-12
477,5.441248976549e-05,1e-12
478,9.90054947063653e-18,1e-12
479,6.83370691706618e-05,1e-12
480,1.55678581515241e-16,1e-12
481,9.75053203975023e-05,1e-12
482,8.11141092968862e-19,1e-12
483,8.30597467664083e-05,1e-12
484,3.13102043897907e-18,1e-12
485,0.000100221830087008,1e-12
486,5.88270726599521e-18,1e-12
487,0.000115162737985998,1e-12
488,1.57583636178163e-17,1e-12
489,0.000151883083476915,1e-12
490,9.60041492126698e-17,1e-12
491,0.000175783388529413,1e-12
492,5.30539071983981e-16,1e-12
493,0.000196020200126866,1e-12
494,2.61426890905631e-15,1e-12
495,0.000196419694926339,1e-12
496,8.31823221141308e-15,1e-12
497,0.002327516133708,1e-12
498,2.41570547872504e-17,1e-12
499,2.3976076963874e-09,1e-12
500,1.88831412827313e-13,1e-12
501,4.43444079666375e-09,1e-12
502,3.76594860129349e-13,1e-12
503,2.01278146845359e-08,1e-12
504,2.25845872025188e-20,1e-12
505,4.76326603985005e-06,1e-12
506,1.15671050681456e-19,1e-12
507,4.40629647753423e-12,1e-12
508,1.57632163151412e-17,1e-12
509,2.91460685841161e-18,1e-12
510,1.70133579706882e-16,1e-12
511,1.13591140660504e-15,1e-12
512,3.27425855036148e-14,1e-12
513,2.31711107124808e-13,1e-12
514,9.4778196324352e-13,1e-12
515,1.96959243472112e-18,1e-12
516,6.1873819481215e-18,1e-12
517,2.80305802213275e-17,1e-12
518,6.72334929804302e-17,1e-12
519,1.08394078114509e-16,1e-12
520,1.27953837223807e-16,1e-12
521,5.54670490065736e-17,1e-12
522,3.53992485912142e-17,1e-12
523,3.30152345256214e-13,1e-12
524,8.09992136933438e-12,1e-12
525,1.49231242746945e-16,1e-12
526,3.96817339602731e-11,1e-12
527,7.17780183394638e-16,1e-12
528,9.10718948896485e-10,1e-12
529,1.63990618864717e-14,1e-12
530,2.35120948698333e-09,1e-12
531,4.2766898702067e-14,1e-12
532,5.27519730341454e-09,1e-12
533,9.92758301226994e-14,1e-12
534,9.21276504420514e-09,1e-12
535,1.87922677117344e-13,1e-12
536,1.06260783379005e-05,1e-12
537,2.02311625899574e-19,1e-12
538,2.33793448517204e-08,1e-12
539,5.99793747749811e-13,1e-12
540,2.62835589028509e-07,1e-12
541,3.17763862858899e-21,1e-12
542,6.46493754564393e-07,1e-12
543,3.6979705210113e-21,1e-12
544,4.03881500261945e-07,1e-12
545,9.33565850903146e-22,1e-12
546,5.94513149553381e-07,1e-12
547,2.10310334953238e-20,1e-12
548,1.22551682045532e-05,1e-12
549,6.28097472554897e-18,1e-12
550,5.72075937017232e-05,1e-12
551,4.40027145153696e-21,1e-12
552,4.97485665682277e-05,1e-12
553,1.32025839640933e-18,1e-12
554,8.53270397152178e-05,1e-12
555,3.31874876845799e-18,1e-12
556,0.000635723208067705,1e-12
557,2.50793652259817e-19,1e-12
558,2.58149011572775e-08,1e-12
559,1.44876841131678e-21,1e-12
560,0.000250194087694221,1e-12
561,6.32946839337749e-15,1e-12
562,5.55497655748246e-11,1e-12
563,4.34413816270093e-16,1e-12
564,6.39635899051047e-16,1e-12
565,7.73130288800043e-14,1e-12
566,8.32062973465387e-13,1e-12
567,1.07441276085873e-18,1e-12
568,2.86174525725245e-14,1e-12
569,7.9211940102563e-18,1e-12
570,1.2598171639533e-16,1e-12
571,2.73202954068044e-16,1e-12
572,2.89824475016087e-16,1e-12
573,1.06820897874555e-16,1e-12
574,3.69600675531475e-14,1e-12
575,3.37313765383473e-12,1e-12
576,7.90107680671577e-17,1e-12
577,4.49264966456723e-10,1e-12
578,1.16902378674803e-14,1e-12
579,4.16575712435951e-10,1e-12
580,1.21119654069488e-14,1e-12
581,9.43883981638822e-10,1e-12
582,3.05523117612738e-14,1e-12
583,1.72459780017559e-09,1e-12
584,6.17001150194194e-14,1e-12
585,2.6546419861582e-09,1e-12
586,1.04141575587858e-13,1e-12
587,3.74747097982168e-09,1e-12
588,1.60562082020619e-13,1e-12
589,5.09576623201497e-09,1e-12
590,2.38222407089777e-13,1e-12
591,1.07889821847636e-08,1e-12
592,5.55706730081043e-13,1e-12
593,2.39592787730025e-08,1e-12
594,6.50418322746063e-21,1e-12
595,6.41670689977703e-08,1e-12
596,5.79852926856535e-21,1e-12
597,4.14350031780369e-06,1e-12
598,8.74059779811632e-19,1e-12
599,2.30959532258548e-17,1e-12
600,1.64482446505308e-13,1e-12
601,7.14450548789827e-16,1e-12
602,1.82459744493062e-13,1e-12
603,1.60741964704517e-18,1e-12
604,5.94487295395215e-13,1e-12
605,5.86826746734225e-17,1e-12
606,7.39713055293404e-17,1e-12
607,4.55184030480085e-16,1e-12
608,1.73610183824742e-16,1e-12
609,3.93229750647171e-16,1e-12
610,2.24859245198346e-13,1e-12
611,9.4495983132735e-12,1e-12
612,2.21541315812897e-16,1e-12
613,5.20635334891154e-10,1e-12
614,1.36984590871438e-14,1e-12
615,1.15711476481561e-09,1e-12
616,3.46560926236809e-14,1e-12
617,3.32345147573646e-09,1e-12
618,1.15492375684223e-13,1e-12
619,8.44730255934081e-09,1e-12
620,3.51302573916312e-13,1e-12
621,6.65670516191718e-08,1e-12
622,1.94688552157203e-21,1e-12
623,4.13468924082569e-06,1e-12
624,7.95113920719667e-20,1e-12
625,6.80351009906955e-12,1e-12
626,2.20258649824084e-16,1e-12
627,4.42199728659025e-16,1e-12
628,3.17639353540558e-13,1e-12
629,2.49102074011549e-18,1e-12
630,4.60452658709374e-17,1e-12
631,2.61027041262866e-16,1e-12
632,2.83549688182825e-16,1e-12
633,1.45639960368202e-15,1e-12
634,1.116230182892e-15,1e-12
635,1.08924695227663e-16,1e-12
636,2.81092602203684e-12,1e-12
637,5.02679265065763e-17,1e-12
638,1.05136035467449e-11,1e-12
639,1.99477254565852e-16,1e-12
640,7.59992512241974e-10,1e-12
641,1.53727737756157e-14,1e-12
642,1.4223092890332e-09,1e-12
643,3.04194958234549e-14,1e-12
644,2.04187956384878e-09,1e-12
645,4.61485273283567e-14,1e-12
646,4.73301008675745e-09,1e-12
647,1.15365773863422e-13,1e-12
648,4.40022644605753e-09,1e-12
649,1.17247938779409e-13,1e-12
650,9.9390638573617e-09,1e-12
651,2.86994513073118e-13,1e-12
652,8.13782602318817e-08,1e-12
653,8.96329925747039e-21,1e-12
654,2.45650348089027e-07,1e-12
655,1.47883076059143e-20,1e-12
656,4.53813439673558e-07,1e-12
657,3.92019323572894e-20,1e-12
658,6.62624325059535e-07,1e-12
659,3.07871636288384e-20,1e-12
660,8.60679869473805e-07,1e-12
661,1.38580233258095e-20,1e-12
662,1.65514315920154e-07,1e-12
663,6.29176302383687e-21,1e-12
664,8.67544045604298e-06,1e-12
665,1.60063853038057e-20,1e-12
666,2.43476112319168e-05,1e-12
667,8.5081162865238e-19,1e-12
668,4.27578577004895e-05,1e-12
669,4.40774963667813e-18,1e-12
670,6.3829049942228e-05,1e-12
671,1.0461600379972e-16,1e-12
672,8.33013032463409e-05,1e-12
673,3.95561497295216e-16,1e-12
674,0.000139195115407127,1e-12
675,1.69113881078668e-13,1e-12
676,0.000103387043454978,1e-12
677,5.57628650226097e-18,1e-12
678,0.000124956552052132,1e-12
679,1.01251915024735e-17,1e-12
680,0.000145675580483364,1e-12
681,2.48918117361946e-17,1e-12
682,0.0002109046098799,1e-12
683,1.71058466138003e-16,1e-12
684,0.000299742394359831,1e-12
685,1.85824551984858e-15,1e-12
686,0.000120045341222514,1e-12
687,5.76742789866923e-16,1e-12
688,3.52684214441503e-06,1e-12
689,2.68306480260368e-19,1e-12
690,3.6781449426061e-13,1e-12
691,3.80671961597492e-18,1e-12
692,6.06692753125518e-16,1e-12
693,5.41849119765431e-14,1e-12
694,4.71612383718586e-13,1e-12
695,1.24238983030817e-18,1e-12
696,1.10113988800322e-18,1e-12
697,6.41360831196085e-18,1e-12
698,4.35540379126781e-17,1e-12
699,1.05728218840032e-16,1e-12
700,1.62198220754811e-16,1e-12
701,1.84728383213809e-16,1e-12
702,1.16576453775727e-16,1e-12
703,3.59304833534978e-15,1e-12
704,1.19480846804491e-12,1e-12
705,2.41514208297905e-17,1e-12
706,1.03429040958793e-11,1e-12
707,2.07685761052858e-16,1e-12
708,5.19037432967823e-10,1e-12
709,1.04079282455617e-14,1e-12
710,8.63869028125273e-10,1e-12
711,1.72657064809567e-14,1e-12
712,1.88001155806875e-09,1e-12
713,3.72344053823255e-14,1e-12
714,3.62062389129844e-09,1e-12
715,7.12099588012547e-14,1e-12
716,5.49581982089994e-09,1e-12
717,1.09450700497452e-13,1e-12
718,2.20845221320364e-10,1e-12
719,4.63994175000184e-15,1e-12
720,5.37629138058689e-11,1e-12
721,1.18694067706615e-15,1e-12
722,1.18572622873572e-07,1e-12
723,1.31906077457341e-20,1e-12
724,1.78397543737779e-06,1e-12
725,1.92654887020877e-19,1e-12
726,4.10276342015061e-06,1e-12
727,1.06904221580641e-17,1e-12
728,1.9546581039249e-05,1e-12
729,6.35746860852552e-20,1e-12
730,1.26796823578684e-06,1e-12
731,1.2545762142292e-21,1e-12
732,2.1929005971175e-06,1e-12
733,1.02711416551425e-20,1e-12
734,3.92820522272277e-06,1e-12
735,2.65946293637715e-20,1e-12
736,4.28947143096121e-07,1e-12
737,1.67229627834382e-21,1e-12
738,3.34897984638211e-06,1e-12
739,1.97277524499928e-20,1e-12
740,1.11754009334854e-05,1e-12
741,1.39893073021651e-20,1e-12
742,2.06673033049208e-05,1e-12
743,1.61844826098144e-19,1e-12
744,2.89691870070458e-05,1e-12
745,3.24696938492748e-19,1e-12
746,3.65583771024113e-05,1e-12
747,3.24702357467125e-19,1e-12
748,4.08043267644569e-05,1e-12
749,1.94267283641701e-19,1e-12
750,4.43943430883662e-05,1e-12
751,5.21941789249923e-19,1e-12
752,4.57299687542701e-05,1e-12
753,3.25733331382004e-19,1e-12
754,4.85351801753906e-05,1e-12
755,3.52952891321e-19,1e-12
756,5.04837049642555e-05,1e-12
757,5.37986914965769e-19,1e-12
758,5.54479433623154e-05,1e-12
759,3.85087051522658e-19,1e-12
760,5.9384801629762e-05,1e-12
761,9.54990385577012e-20,1e-12
762,6.6708784575137e-05,1e-12
763,5.68543157596461e-19,1e-12
764,7.06268303964848e-05,1e-12
765,6.22576975214531e-18,1e-12
766,7.57666725782971e-05,1e-12
767,5.17915687667943e-19,1e-12
768,7.60962716688807e-05,1e-12
769,7.1999272216022e-18,1e-12
770,8.39371895886161e-05,1e-12
771,9.52529717358354e-19,1e-12
772,8.43655505307249e-05,1e-12
773,1.05023020077681e-17,1e-12
774,9.76408912630284e-05,1e-12
775,2.60752382757318e-16,1e-12
776,0.000106379913867027,1e-12
777,6.50717199319534e-15,1e-12
778,0.000154203444386546,1e-12
779,2.82234749422667e-20,1e-12
780,9.73560382783233e-05,1e-12
781,2.39307867915488e-18,1e-12
782,0.000113930100470867,1e-12
783,3.04895751976363e-18,1e-12
784,0.000129106616088844,1e-12
785,3.12747426766521e-18,1e-12
786,0.000146881247986394,1e-12
787,6.01732824823249e-18,1e-12
788,0.000159683087439692,1e-12
789,7.13900476747894e-18,1e-12
790,0.000174317126097124,1e-12
791,9.18611716771028e-18,1e-12
792,0.000182728950272019,1e-12
793,1.09739207947548e-17,1e-12
794,0.000194855789186426,1e-12
795,1.42099604674123e-17,1e-12
796,0.000208824999887229,1e-12
797,1.66960447051013e-17,1e-12
798,0.000233316585638239,1e-12
799,2.79756006193568e-17,1e-12
800,0.000276355320251559,1e-12
801,3.92746834420095e-17,1e-12
802,0.000382122554138143,1e-12
803,9.19887920801127e-17,1e-12
804,8.126289069317e-05,1e-12
805,2.24941839810402e-16,1e-12
806,3.6547735477085e-06,1e-12
807,4.50708444987197e-19,1e-12
808,1.15260285334876e-10,1e-12
809,4.61433046608798e-15,1e-12
810,5.57153292612769e-14,1e-12
811,7.03024543451815e-17,1e-12
812,1.70362283737297e-16,1e-12
813,1.28690202471631e-14,1e-12
814,7.55507646022037e-14,1e-12
815,2.66298697368785e-13,1e-12
816,6.48208504684087e-13,1e-12
817,1.44923243189752e-18,1e-12
818,2.5792663383791e-18,1e-12
819,3.74312966038677e-18,1e-12
820,4.2705368792378e-18,1e-12
821,4.29343777554983e-18,1e-12
822,6.81127358832827e-13,1e-12
823,1.2321841356423e-13,1e-12
824,3.44727098983667e-13,1e-12
825,4.04988900787395e-13,1e-12
826,5.93902244580602e-13,1e-12
827,6.53344135620815e-15,1e-12
828,1.72215212943517e-13,1e-12
829,9.6451240841924e-13,1e-12
830,7.72733166172796e-13,1e-12
831,1.70120820644733e-10,1e-12
832,4.80954228319988e-15,1e-12
833,2.19859706718915e-10,1e-12
834,6.17772312137875e-15,1e-12
835,4.11735013231476e-10,1e-12
836,1.14640421755438e-14,1e-12
837,7.51502874718711e-10,1e-12
838,2.07041705955826e-14,1e-12
839,1.25260709255057e-09,1e-12
840,3.41687630764274e-14,1e-12
841,1.88954996477066e-09,1e-12
842,5.11657249511546e-14,1e-12
843,2.54353629343697e-09,1e-12
844,6.86762854723776e-14,1e-12
845,2.78824013988843e-09,1e-12
846,7.57695457006133e-14,1e-12
847,2.97558592061056e-09,1e-12
848,8.21020596219439e-14,1e-12
849,6.58619346403779e-09,1e-12
850,1.88195157950618e-13,1e-12
851,6.93579521637482e-09,1e-12
852,2.06032672699882e-13,1e-12
853,1.58688262784964e-08,1e-12
854,4.80897322105338e-13,1e-12
855,8.28391100441067e-08,1e-12
856,5.55225483818173e-21,1e-12
857,1.51932063937783e-07,1e-12
858,4.26210539955727e-21,1e-12
859,1.83996319452353e-07,1e-12
860,1.2481703170755e-20,1e-12
861,2.45415906306215e-07,1e-12
862,1.51774838540884e-20,1e-12
863,3.17231150597105e-07,1e-12
864,2.43488666418388e-21,1e-12
865,4.33626874032228e-07,1e-12
866,2.59632246359604e-20,1e-12
867,7.37359696020762e-07,1e-12
868,8.29438604661966e-21,1e-12
869,1.30897941448066e-06,1e-12
870,1.01638664301688e-20,1e-12
871,2.27464876053738e-06,1e-12
872,2.43516482313353e-20,1e-12
873,3.79516748559773e-06,1e-12
874,1.23077870694792e-20,1e-12
875,6.26460511919983e-06,1e-12
876,3.67504067568686e-20,1e-12
877,1.06806689436771e-05,1e-12
878,8.30099773905578e-20,1e-12
879,1.79292823632864e-05,1e-12
880,2.54857075622761e-19,1e-12
881,2.74479273268023e-05,1e-12
882,8.82732922882518e-19,1e-12
883,1.5113529985559e-05,1e-12
884,1.91190528742175e-19,1e-12
885,3.86025457325177e-07,1e-12
886,1.26692763618618e-21,1e-12
887,5.1308366082347e-06,1e-12
888,5.44756034620569e-19,1e-12
889,1.55704163815123e-05,1e-12
890,4.23417227499191e-18,1e-12
891,3.07597910074858e-05,1e-12
892,1.49852357048985e-16,1e-12
893,4.71961490718274e-05,1e-12
894,7.17961785067761e-16,1e-12
895,7.32033274078172e-05,1e-12
896,3.94481143759774e-19,1e-12
897,4.97503397975451e-05,1e-12
898,7.53477969653439e-19,1e-12
899,6.2493213407198e-05,1e-12
900,8.39974246757375e-19,1e-12
901,7.44225994480483e-05,1e-12
902,1.16671073852252e-18,1e-12
903,8.56155565778094e-05,1e-12
904,1.11819953332023e-18,1e-12
905,9.62541438157684e-05,1e-12
906,2.65219197762691e-18,1e-12
907,0.000105952057883587,1e-12
908,4.62811424793693e-18,1e-12
909,0.000115110400535265,1e-12
910,7.21754892969806e-18,1e-12
911,0.000123763861058912,1e-12
912,1.40914313921625e-17,1e-12
913,0.000133323375009227,1e-12
914,3.09506836595468e-17,1e-12
915,0.000144594082360396,1e-12
916,7.67542997823416e-17,1e-12
917,0.000159076575741126,1e-12
918,2.26852085254613e-16,1e-12
919,0.000195638318794056,1e-12
920,8.88601946973622e-16,1e-12
921,0.000235766791153835,1e-12
922,3.51168049705526e-15,1e-12
923,0.000300298528079055,1e-12
924,1.48882010666781e-14,1e-12
925,0.00918850734313832,1e-12
926,3.00166786134168e-18,1e-12
927,3.17592954000448e-08,1e-12
928,6.32412206289097e-21,1e-12
929,8.33785309234785e-06,1e-12
930,5.34160358177455e-18,1e-12
931,3.65948449621076e-12,1e-12
932,4.57530876721033e-17,1e-12
933,5.0150860746676e-18,1e-12
934,2.44564444425251e-16,1e-12
935,1.85160336718943e-15,1e-12
936,2.95120031817905e-14,1e-12
937,1.28488214492959e-13,1e-12
938,3.61165569241865e-13,1e-12
939,7.08708414596344e-13,1e-12
940,1.43000211162852e-18,1e-12
941,2.07919265884926e-18,1e-12
942,2.45231278501269e-18,1e-12
943,2.51170739901893e-18,1e-12
944,6.35010639604965e-13,1e-12
945,3.16398767685437e-13,1e-12
946,1.24796194619981e-13,1e-12
947,7.7044881819483e-14,1e-12
948,1.75614271738991e-13,1e-12
949,9.2068899965761e-17,1e-12
950,5.36897354865005e-15,1e-12
951,3.80313782504482e-14,1e-12
952,4.51094612383604e-14,1e-12
953,1.56962478501312e-12,1e-12
954,6.22076518342131e-17,1e-12
955,5.51399247606286e-11,1e-12
956,2.23682838378368e-15,1e-12
957,2.46846566023214e-11,1e-12
958,1.01653346239129e-15,1e-12
959,3.216349241311e-11,1e-12
960,1.33719215507441e-15,1e-12
961,5.21111918333785e-11,1e-12
962,2.18733092411413e-15,1e-12
963,9.19114168359781e-11,1e-12
964,4.02663205800076e-15,1e-12
965,1.45406133442205e-10,1e-12
966,6.25182049112961e-15,1e-12
967,2.24122996853023e-10,1e-12
968,9.75057548131681e-15,1e-12
969,3.3377068710505e-10,1e-12
970,1.46415281555829e-14,1e-12
971,4.69859686467041e-10,1e-12
972,2.06615889206345e-14,1e-12
973,6.60834115052666e-10,1e-12
974,2.90117052727765e-14,1e-12
975,8.93827452775351e-10,1e-12
976,3.89524208299124e-14,1e-12
977,1.2011378519525e-09,1e-12
978,5.16925791091295e-14,1e-12
979,1.55575758279789e-09,1e-12
980,6.57398446332167e-14,1e-12
981,2.03070502058879e-09,1e-12
982,8.37165229711706e-14,1e-12
983,2.59237301821987e-09,1e-12
984,1.03760488797241e-13,1e-12
985,3.36071110332932e-09,1e-12
986,1.30213662816773e-13,1e-12
987,4.26374325267408e-09,1e-12
988,1.59653909891513e-13,1e-12
989,5.47346296419546e-09,1e-12
990,1.98970758287709e-13,1e-12
991,6.79787525141495e-09,1e-12
992,2.42413122572318e-13,1e-12
993,8.12864063524193e-09,1e-12
994,2.89609477610159e-13,1e-12
995,9.30228844461794e-09,1e-12
996,3.39069556957181e-13,1e-12
997,1.09083872373927e-08,1e-12
998,4.16168695019934e-13,1e-12
999,1.75027955007811e-08,1e-12
1000,7.09788032141176e-13,1e-12
1001,4.77009608601066e-08,1e-12
1002,9.39749854637078e-22,1e-12
1003,1.45298432301972e-07,1e-12
1004,2.92833061558819e-21,1e-12
1005,4.86364365272445e-07,1e-12
1006,1.30202850285322e-20,1e-12
1007,8.1962369026208e-07,1e-12
1008,1.37137663436909e-20,1e-12
1009,1.64581503029737e-06,1e-12
1010,1.17663774374895e-18,1e-12
1011,8.79030544269005e-06,1e-12
1012,5.00538281947196e-19,1e-12
1013,1.54817678370692e-05,1e-12
1014,1.32907422949377e-16,1e-12
1015,1.97496361663908e-05,1e-12
1016,2.5424634353784e-19,1e-12
1017,2.53501038026455e-05,1e-12
1018,4.70335141280795e-20,1e-12
1019,4.25178388408536e-05,1e-12
1020,1.12978174711446e-19,1e-12
1021,5.50065073759946e-09,1e-12
1022,2.37174987612782e-21,1e-12
1023,1.54574206410786e-06,1e-12
1024,3.96548198796121e-20,1e-12
1025,2.92399412263865e-12,1e-12
1026,4.10209107873104e-17,1e-12
1027,5.425418122876e-18,1e-12
1028,3.53053662924045e-16,1e-12
1029,1.15030573445225e-14,1e-12
1030,2.14934710734376e-13,1e-12
1031,1.14943180944857e-18,1e-12
1032,8.69439584507926e-13,1e-12
1033,2.99384231329563e-13,1e-12
1034,8.04768449829881e-17,1e-12
1035,4.74342417121548e-16,1e-12
1036,7.10969517407833e-16,1e-12
1037,1.85748085474461e-16,1e-12
1038,8.31488781577967e-15,1e-12
1039,6.31718781745816e-12,1e-12
1040,1.10167629069174e-16,1e-12
1041,5.26116869479603e-11,1e-12
1042,9.59998083240906e-16,1e-12
1043,9.29264298537481e-10,1e-12
1044,1.80356787062065e-14,1e-12
1045,1.88924944002915e-09,1e-12
1046,3.92763665774942e-14,1e-12
1047,2.94565023434849e-09,1e-12
1048,6.59288887868484e-14,1e-12
1049,3.77096864288929e-09,1e-12
1050,9.20109832990766e-14,1e-12
1051,2.20485163415095e-09,1e-12
1052,6.02372035651981e-14,1e-12
1053,5.53709381216297e-09,1e-12
1054,1.68853779773588e-13,1e-12
1055,2.43748897759792e-08,1e-12
1056,8.38579113879998e-13,1e-12
1057,8.38596703363299e-08,1e-12
1058,1.57200008406052e-20,1e-12
1059,4.28663162871435e-07,1e-12
1060,4.01760842706015e-20,1e-12
1061,1.28643403128479e-06,1e-12
1062,3.04343173604949e-21,1e-12
1063,5.60145366960286e-06,1e-12
1064,2.24184523564412e-18,1e-12
1065,2.57330250061871e-05,1e-12
1066,1.18314695314734e-18,1e-12
1067,7.14689500558148e-05,1e-12
1068,1.22675086610147e-17,1e-12
1069,6.47664833512973e-08,1e-12
1070,1.05908206332836e-20,1e-12
1071,2.29587207950695e-06,1e-12
1072,2.30854493099952e-19,1e-12
1073,4.61132625212312e-12,1e-12
1074,6.21812012765959e-17,1e-12
1075,1.14635555115293e-17,1e-12
1076,3.95848750489651e-16,1e-12
1077,3.72684300778297e-15,1e-12
1078,2.1892582510316e-14,1e-12
1079,4.48330557693205e-14,1e-12
1080,5.43663189287632e-14,1e-12
1081,3.70121911036958e-14,1e-12
1082,1.18796394506252e-14,1e-12
1083,9.33282463716954e-16,1e-12
1084,1.01330883723689e-16,1e-12
1085,1.23238039218826e-18,1e-12
1086,1.99025746595935e-15,1e-12
1087,2.69446232933706e-17,1e-12
1088,2.02238892081891e-16,1e-12
1089,1.28449449571591e-13,1e-12
1090,1.04407813768433e-18,1e-12
1091,2.22886573181911e-18,1e-12
1092,7.89891065652953e-18,1e-12
1093,3.5254304784266e-17,1e-12
1094,1.00287237381408e-16,1e-12
1095,1.03013134268898e-16,1e-12
1096,7.38783260248527e-13,1e-12
1097,5.05285117972241e-11,1e-12
1098,2.59775374153875e-15,1e-12
1099,2.55338021284668e-09,1e-12
1100,1.54015173261259e-13,1e-12
1101,1.92081960774827e-08,1e-12
1102,5.77790623703967e-23,1e-12
1103,7.16020010193226e-06,1e-12
1104,6.73036273703822e-19,1e-12
1105,2.02653890332047e-08,1e-12
1106,3.66551619679101e-21,1e-12
1107,1.1691386340367e-12,1e-12
1108,1.96819361658637e-17,1e-12
1109,1.4808446555857e-18,1e-12
1110,7.04215429332049e-17,1e-12
1111,2.32290729572834e-16,1e-12
1112,3.15408049199779e-15,1e-12
1113,1.65200869050127e-14,1e-12
1114,5.35319291758807e-14,1e-12
1115,1.39054368813669e-13,1e-12
1116,2.97642933188152e-13,1e-12
1117,5.33629782073952e-13,1e-12
1118,8.10152090927251e-13,1e-12
1119,9.86958502356014e-13,1e-12
1120,9.29462087201285e-13,1e-12
1121,6.80529734495988e-13,1e-12
1122,4.03005021700429e-13,1e-12
1123,1.9287326428419e-13,1e-12
1124,1.15532611289797e-13,1e-12
1125,1.95596085099798e-13,1e-12
1126,5.92571265513131e-13,1e-12
1127,5.43067910232234e-17,1e-12
1128,5.84559221355693e-15,1e-12
1129,7.59799958777519e-14,1e-12
1130,3.51735412235386e-13,1e-12
1131,3.92504305855589e-13,1e-12
1132,7.8078734414385e-11,1e-12
1133,2.61418001015714e-15,1e-12
1134,1.19130045815817e-10,1e-12
1135,4.17721822547893e-15,1e-12
1136,2.72131583466423e-10,1e-12
1137,1.02264872411059e-14,1e-12
1138,6.15936993895016e-10,1e-12
1139,2.54974127146324e-14,1e-12
1140,1.29051135975865e-09,1e-12
1141,6.05921193466508e-14,1e-12
1142,6.50442846085708e-09,1e-12
1143,3.57172295438081e-13,1e-12
1144,7.2450861965378e-08,1e-12
1145,1.72101699743864e-20,1e-12
1146,8.75402616073213e-09,1e-12
1147,4.55240536213445e-13,1e-12
1148,9.43525760341884e-12,1e-12
1149,2.86939791015069e-17,1e-12
1150,2.03646499616836e-17,1e-12
1151,2.78463233737187e-16,1e-12
1152,9.79990172147361e-16,1e-12
1153,5.31620724315204e-15,1e-12
1154,1.11156820662453e-14,1e-12
1155,1.66702708816326e-14,1e-12
1156,1.87256659791324e-14,1e-12
1157,1.61982983688063e-14,1e-12
1158,1.09422425558944e-14,1e-12
1159,5.65423578501619e-15,1e-12
1160,2.07382788160095e-15,1e-12
1161,3.2065707663043e-16,1e-12
1162,1.877243842372e-16,1e-12
1163,1.65101416715968e-16,1e-12
1164,6.00710101708157e-17,1e-12
1165,7.6655007567696e-17,1e-12
1166,2.19468168048282e-14,1e-12
1167,1.39649275662659e-15,1e-12
1168,2.81983861527715e-20,1e-12
1169,2.29279729451373e-19,1e-12
1170,3.11412785356981e-18,1e-12
1171,6.61839533913137e-18,1e-12
1172,1.79365574224623e-17,1e-12
1173,1.82203396407853e-17,1e-12
1174,1.27794275118976e-17,1e-12
1175,7.65794510904215e-18,1e-12
1176,3.98407412578149e-18,1e-12
1177,1.57561265374895e-18,1e-12
1178,3.93614477304578e-19,1e-12
1179,1.83167229516888e-20,1e-12
1180,4.90065044715341e-14,1e-12
1181,3.29773521139078e-15,1e-12
1182,1.56534549272682e-22,1e-12
1183,8.54266175395776e-19,1e-12
1184,9.86009271294257e-18,1e-12
1185,5.18750231327611e-17,1e-12
1186,5.1716552074368e-17,1e-12
1187,5.54995247002489e-16,1e-12
1188,2.8830646380303e-15,1e-12
1189,1.36036775069947e-14,1e-12
1190,9.70941190173151e-17,1e-12
1191,1.14419475958543e-16,1e-12
1192,4.39493582353716e-16,1e-12
1193,5.96225014323475e-16,1e-12
1194,4.5447786218993e-16,1e-12
1195,1.79386498116856e-16,1e-12
1196,1.35865161252115e-16,1e-12
1197,2.40019656256211e-13,1e-12
1198,3.25599226904142e-14,1e-12
1199,5.64915287005224e-19,1e-12
1200,1.73256071930759e-17,1e-12
1201,1.54387473155879e-16,1e-12
1202,2.41842532137417e-16,1e-12
1203,6.7159361272041e-15,1e-12
1204,4.23268350004164e-14,1e-12
1205,1.97412161359358e-13,1e-12
1206,7.0444223907395e-13,1e-12
1207,2.64570298034353e-18,1e-12
1208,7.89788397903384e-18,1e-12
1209,2.12453742917732e-17,1e-12
1210,3.91018553917329e-17,1e-12
1211,2.31433693788063e-14,1e-12
1212,9.17387366913229e-17,1e-12
1213,9.53727025020999e-14,1e-12
1214,4.70881331815224e-13,1e-12
1215,1.39566490514174e-11,1e-12
1216,3.54061808723269e-16,1e-12
1217,7.02275078675297e-10,1e-12
1218,1.76283726495673e-14,1e-12
1219,1.58401358007113e-09,1e-12
1220,3.96532618733294e-14,1e-12
1221,2.18224487528102e-08,1e-12
1222,5.6526922517451e-13,1e-12
1223,2.80448440269091e-11,1e-12
1224,7.85945409159163e-16,1e-12
1225,5.05028406036073e-11,1e-12
1226,1.43866542764738e-15,1e-12
1227,7.8676720584997e-08,1e-12
1228,7.26943406299442e-21,1e-12
1229,4.14420333507218e-07,1e-12
1230,3.33219644151901e-21,1e-12
1231,8.5686278354297e-07,1e-12
1232,5.24630536702096e-20,1e-12
1233,1.84486321315662e-06,1e-12
1234,1.52139620820611e-19,1e-12
1235,4.270188661696e-06,1e-12
1236,9.74711046776057e-19,1e-12
1237,8.9664041774949e-06,1e-12
1238,5.00830611152669e-18,1e-12
1239,1.80625746884444e-05,1e-12
1240,2.27041262436011e-17,1e-12
1241,3.62806127392611e-05,1e-12
1242,9.83221492370713e-17,1e-12
1243,3.82108789508407e-05,1e-12
1244,1.31963018832472e-15,1e-12
1245,2.02132198480752e-05,1e-12
1246,1.66422759141692e-15,1e-12
1247,1.42754282104844e-05,1e-12
1248,6.73146877895939e-14,1e-12
1249,3.11578694646612e-06,1e-12
1250,6.47888427164478e-21,1e-12
1251,5.88794112898157e-06,1e-12
1252,4.09546077935453e-20,1e-12
1253,1.96746715472008e-05,1e-12
1254,1.27750776969764e-19,1e-12
1255,3.68033096495151e-05,1e-12
1256,4.8236392973522e-19,1e-12
1257,5.51135572551787e-05,1e-12
1258,1.85531268798977e-16,1e-12
1259,8.13577028035693e-05,1e-12
1260,5.4504226986075e-13,1e-12
1261,7.06359961103025e-05,1e-12
1262,1.0772761229506e-18,1e-12
1263,8.60288266498257e-05,1e-12
1264,1.60479668251136e-18,1e-12
1265,9.83884186002424e-05,1e-12
1266,1.49171979247553e-18,1e-12
1267,0.000108531197711947,1e-12
1268,2.25294547354315e-18,1e-12
1269,0.000115481627815646,1e-12
1270,2.60581716331905e-18,1e-12
1271,0.000123699645269693,1e-12
1272,2.15618210468667e-18,1e-12
1273,0.000131900468132425,1e-12
1274,3.8765482081657e-18,1e-12
1275,0.000142778838077253,1e-12
1276,4.69606444622951e-18,1e-12
1277,0.00015249769855438,1e-12
1278,5.76080467603361e-18,1e-12
1279,0.000170399115797037,1e-12
1280,7.12171697973481e-18,1e-12
1281,0.000189161736732805,1e-12
1282,7.86882325894492e-18,1e-12
1283,0.000210269378233843,1e-12
1284,1.44101874707536e-17,1e-12
1285,0.000233130849137266,1e-12
1286,2.99855085168858e-17,1e-12
1287,0.000266048571857567,1e-12
1288,8.83431693762578e-18,1e-12
1289,0.00813509959299721,1e-12
1290,2.04911930839677e-15,1e-12
1291,2.33249214037638e-08,1e-12
1292,2.52508180466303e-20,1e-12
1293,1.1489876314318e-06,1e-12
1294,1.36040534825098e-19,1e-12
1295,6.79340423418149e-10,1e-12
1296,2.87150809053311e-14,1e-12
1297,8.49241425968732e-18,1e-12
1298,7.48531061431845e-18,1e-12
1299,1.14446848271022e-16,1e-12
1300,5.53259712209013e-17,1e-12
1301,1.85170295496903e-15,1e-12
1302,7.24150211185365e-15,1e-12
1303,1.97101195613238e-14,1e-12
1304,4.49790339935004e-14,1e-12
1305,9.01945075876782e-14,1e-12
1306,1.62019337091429e-13,1e-12
1307,2.57144475256505e-13,1e-12
1308,3.55273445303432e-13,1e-12
1309,4.01968264134015e-13,1e-12
1310,3.67223008468433e-13,1e-12
1311,2.67261459390876e-13,1e-12
1312,1.61081802816014e-13,1e-12
1313,8.79833976626598e-14,1e-12
1314,5.85202898095226e-14,1e-12
1315,6.61154071154628e-14,1e-12
1316,1.01230180414121e-13,1e-12
1317,1.76812709791547e-17,1e-12
1318,5.7127518425719e-16,1e-12
1319,4.16459837294598e-15,1e-12
1320,9.32205091448556e-15,1e-12
1321,4.10597374515111e-14,1e-12
1322,7.82469539490946e-12,1e-12
1323,3.59584271820232e-16,1e-12
1324,4.7298842515164e-12,1e-12
1325,2.30396904898803e-16,1e-12
1326,7.33620712161264e-12,1e-12
1327,3.82091480048365e-16,1e-12
1328,1.17669449251293e-11,1e-12
1329,6.57904628039577e-16,1e-12
1330,1.64067246932463e-11,1e-12
1331,9.85135593905185e-16,1e-12
1332,2.06240076495271e-11,1e-12
1333,1.32314982609887e-15,1e-12
1334,3.3555120762692e-11,1e-12
1335,2.2878601975425e-15,1e-12
1336,4.17366757490168e-11,1e-12
1337,2.9924514110631e-15,1e-12
1338,3.93521958759963e-11,1e-12
1339,2.94253246312422e-15,1e-12
1340,3.80281142232264e-11,1e-12
1341,2.94250443908294e-15,1e-12
1342,4.13974575534148e-11,1e-12
1343,3.30210087433099e-15,1e-12
1344,6.25510396987017e-11,1e-12
1345,5.13382040183754e-15,1e-12
1346,2.47129764962246e-10,1e-12
1347,1.92486822345454e-14,1e-12
1348,1.55054118180649e-12,1e-12
1349,1.25262654743302e-16,1e-12
1350,2.00319797460795e-12,1e-12
1351,1.65920739647282e-16,1e-12
1352,6.31730928391124e-13,1e-12
1353,2.81870116101561e-15,1e-12
1354,1.44239415252515e-20,1e-12
1355,6.57875857531496e-15,1e-12
1356,1.14932984481301e-14,1e-12
1357,7.07945239080322e-14,1e-12
1358,3.13082860572009e-13,1e-12
1359,1.88830883953645e-16,1e-12
1360,2.71731001148009e-15,1e-12
1361,7.09241540408286e-14,1e-12
1362,3.22789604099277e-11,1e-12
1363,1.90364278806323e-15,1e-12
1364,5.45994808815138e-12,1e-12
1365,3.11721614380167e-16,1e-12
1366,4.87110733064597e-12,1e-12
1367,2.70139615729489e-16,1e-12
1368,7.46976052965609e-12,1e-12
1369,4.03325522706433e-16,1e-12
1370,1.31756992544254e-11,1e-12
1371,6.93340086587391e-16,1e-12
1372,2.4680742365549e-11,1e-12
1373,1.27282992784176e-15,1e-12
1374,4.86112236570749e-11,1e-12
1375,2.48017307236081e-15,1e-12
1376,9.38143828755758e-11,1e-12
1377,4.80687054289553e-15,1e-12
1378,1.7442019126877e-10,1e-12
1379,9.11078881281951e-15,1e-12
1380,2.88349980169855e-10,1e-12
1381,1.55622445111739e-14,1e-12
1382,4.30601489719227e-10,1e-12
1383,2.41762888049287e-14,1e-12
1384,5.62411823515819e-10,1e-12
1385,3.29048662630339e-14,1e-12
1386,6.97065657894421e-10,1e-12
1387,4.23130442730663e-14,1e-12
1388,8.82607838832869e-10,1e-12
1389,5.53475903024999e-14,1e-12
1390,1.27478272929858e-09,1e-12
1391,8.24219772044193e-14,1e-12
1392,2.06634232614699e-09,1e-12
1393,1.38473472070998e-13,1e-12
1394,3.97702644685175e-09,1e-12
1395,2.78892741459841e-13,1e-12
1396,7.68375621446003e-09,1e-12
1397,5.71322500671694e-13,1e-12
1398,1.60180199753314e-07,1e-12
1399,3.33157687304504e-20,1e-12
1400,9.43654118675793e-11,1e-12
1401,7.00711169999763e-15,1e-12
1402,6.5674793317104e-09,1e-12
1403,4.56285562380507e-13,1e-12
1404,1.12207614901881e-13,1e-12
1405,1.16013979334248e-13,1e-12
1406,3.49458411914155e-21,1e-12
1407,7.65804517452025e-20,1e-12
1408,1.56846742295723e-18,1e-12
1409,1.59882229066374e-17,1e-12
1410,6.3489514869883e-17,1e-12
1411,4.7317178161971e-17,1e-12
1412,3.13237804029004e-16,1e-12
1413,1.47686034562597e-15,1e-12
1414,3.98174108693118e-15,1e-12
1415,7.91935625455303e-15,1e-12
1416,1.22208925890865e-14,1e-12
1417,1.53712708058998e-14,1e-12
1418,1.59031582561799e-14,1e-12
1419,1.26004101961508e-14,1e-12
1420,6.3720210329151e-15,1e-12
1421,1.23389786892831e-15,1e-12
1422,2.62475368448251e-16,1e-12
1423,2.19176801289803e-16,1e-12
1424,5.6935013927787e-18,1e-12
1425,2.80914636799479e-14,1e-12
1426,1.77588939837367e-17,1e-12
1427,3.17867607898474e-16,1e-12
1428,5.07785497096889e-15,1e-12
1429,6.43353582679741e-14,1e-12
1430,3.18118303722286e-13,1e-12
1431,1.25415524865263e-18,1e-12
1432,3.53140049357955e-18,1e-12
1433,1.03567420390188e-17,1e-12
1434,2.21351583816326e-17,1e-12
1435,2.85400523885016e-17,1e-12
1436,6.45657854910004e-17,1e-12
1437,1.21485069999669e-15,1e-12
1438,5.17620312762117e-13,1e-12
1439,1.01910888512276e-11,1e-12
1440,3.32030866004067e-16,1e-12
1441,2.49002897088702e-08,1e-12
1442,8.23245924484037e-13,1e-12
1443,1.02773734808917e-09,1e-12
1444,3.46491267424063e-14,1e-12
1445,2.44093370050794e-09,1e-12
1446,8.54366163506802e-14,1e-12
1447,1.22195221448579e-08,1e-12
1448,4.56820921406639e-13,1e-12
1449,1.33729214110423e-11,1e-12
1450,5.43340281717182e-16,1e-12
1451,5.40981996075655e-09,1e-12
1452,2.36808377979761e-13,1e-12
1453,5.22785593618183e-08,1e-12
1454,3.85017598782457e-23,1e-12
1455,3.48021815805957e-07,1e-12
1456,6.94027607133524e-22,1e-12
1457,9.29350127841336e-07,1e-12
1458,4.51188283807242e-21,1e-12
1459,7.01044032777882e-07,1e-12
1460,6.01203104520906e-21,1e-12
1461,7.14674139959962e-06,1e-12
1462,2.52646100153235e-19,1e-12
1463,1.44245310282782e-05,1e-12
1464,6.34741212053444e-19,1e-12
1465,2.08674221587198e-05,1e-12
1466,4.482640460611e-18,1e-12
1467,3.38452280746098e-05,1e-12
1468,1.95921659373082e-14,1e-12
1469,4.64769693765631e-05,1e-12
1470,2.01801307423898e-17,1e-12
1471,1.73716470190924e-05,1e-12
1472,5.58501744752988e-18,1e-12
1473,4.68314104842296e-08,1e-12
1474,1.58242077127051e-22,1e-12
1475,7.24355257671856e-12,1e-12
1476,4.4530524613977e-16,1e-12
1477,3.00885215015667e-12,1e-12
1478,1.12639447923607e-17,1e-12
1479,4.95592736209063e-19,1e-12
1480,1.43597939300349e-17,1e-12
1481,1.01393809533251e-16,1e-12
1482,6.99797041135641e-17,1e-12
1483,1.15011189998505e-15,1e-12
1484,7.03169022991829e-15,1e-12
1485,2.87911198076338e-14,1e-12
1486,8.66153153546731e-14,1e-12
1487,1.95303371033787e-13,1e-12
1488,3.45076340838415e-13,1e-12
1489,4.97490724021951e-13,1e-12
1490,6.01205054793703e-13,1e-12
1491,6.16288441556996e-13,1e-12
1492,5.25240159315796e-13,1e-12
1493,4.02670838796319e-13,1e-12
1494,2.43896441530719e-13,1e-12
1495,1.11288732517883e-13,1e-12
1496,7.56682113160335e-14,1e-12
1497,6.11054588547551e-13,1e-12
1498,9.67555603136311e-16,1e-12
1499,8.68688463207819e-15,1e-12
1500,6.30292742984011e-13,1e-12
1501,1.70682411924515e-12,1e-12
1502,8.37687852918923e-17,1e-12
1503,2.29493700074252e-12,1e-12
1504,1.23743624740206e-16,1e-12
1505,3.42413100986329e-12,1e-12
1506,2.02695278978686e-16,1e-12
1507,1.13349510012833e-13,1e-12
1508,3.65282800313035e-12,1e-12
1509,2.46598353991986e-16,1e-12
1510,4.28554591305907e-11,1e-12
1511,2.59212625321272e-15,1e-12
1512,3.40692910773569e-13,1e-12
1513,6.77316961296484e-21,1e-12
1514,3.69379104644262e-19,1e-12
1515,3.53403806730709e-18,1e-12
1516,1.4010228111725e-17,1e-12
1517,2.52203608412129e-17,1e-12
1518,2.65482881860611e-17,1e-12
1519,2.18559986916218e-17,1e-12
1520,1.58786326456356e-17,1e-12
1521,9.66731827976239e-18,1e-12
1522,4.49327764278837e-18,1e-12
1523,1.51393595642426e-18,1e-12
1524,2.92059929069928e-19,1e-12
1525,2.02667536914563e-20,1e-12
1526,3.20607306084799e-13,1e-12
1527,1.35410118892687e-14,1e-12
1528,2.65543422020673e-19,1e-12
1529,9.21525886496588e-18,1e-12
1530,8.32972657766433e-17,1e-12
1531,1.65812781740614e-17,1e-12
1532,3.13554843784537e-15,1e-12
1533,1.64721253724418e-14,1e-12
1534,5.11417040446916e-14,1e-12
1535,1.30900106506027e-13,1e-12
1536,4.3539214673774e-17,1e-12
1537,5.58720003526103e-18,1e-12
1538,5.23609803409508e-18,1e-12
1539,1.62913697899167e-17,1e-12
1540,9.37752755114315e-18,1e-12
1541,9.5909797492467e-13,1e-12
1542,5.53752788559367e-13,1e-12
1543,1.39007373250235e-16,1e-12
1544,1.68557751022579e-14,1e-12
1545,2.279835800241e-13,1e-12
1546,4.29630896952001e-13,1e-12
1547,2.76408349965424e-10,1e-12
1548,1.15600035335087e-14,1e-12
1549,1.59269113179043e-10,1e-12
1550,6.71703396258146e-15,1e-12
1551,3.41627514876539e-10,1e-12
1552,1.45820429080666e-14,1e-12
1553,7.09056610792478e-10,1e-12
1554,3.06686916969208e-14,1e-12
1555,1.32504371972224e-09,1e-12
1556,5.8056398834697e-14,1e-12
1557,2.23501548010511e-09,1e-12
1558,9.90613173056385e-14,1e-12
1559,3.49146870342906e-09,1e-12
1560,1.56135749186216e-13,1e-12
1561,5.11674556542878e-09,1e-12
1562,2.30430319329956e-13,1e-12
1563,7.1534690314237e-09,1e-12
1564,3.24215850745125e-13,1e-12
1565,9.61846471288631e-09,1e-12
1566,4.3905537115501e-13,1e-12
1567,1.2489080195952e-08,1e-12
1568,5.75269879195631e-13,1e-12
1569,1.56482867275856e-08,1e-12
1570,7.28822403250712e-13,1e-12
1571,2.00587455321078e-08,1e-12
1572,9.46538794037343e-13,1e-12
1573,2.55431588587361e-08,1e-12
1574,2.15463117689578e-21,1e-12
1575,3.19841983756053e-08,1e-12
1576,6.73553616921069e-21,1e-12
1577,3.91257693010583e-08,1e-12
1578,1.10416317350388e-20,1e-12
1579,4.66152580768682e-08,1e-12
1580,1.57794044808228e-20,1e-12
1581,5.34462265948809e-08,1e-12
1582,1.37724227890379e-20,1e-12
1583,6.14569843414479e-08,1e-12
1584,3.39815306684597e-20,1e-12
1585,7.84524684000612e-08,1e-12
1586,4.49809258569047e-21,1e-12
1587,1.19882520284989e-07,1e-12
1588,6.48795028862491e-20,1e-12
1589,2.18336360639888e-07,1e-12
1590,9.28550764431489e-20,1e-12
1591,4.4675231395884e-07,1e-12
1592,1.32530817389781e-19,1e-12
1593,4.29841510865225e-08,1e-12
1594,8.79783574718271e-21,1e-12
1595,2.58476618167647e-05,1e-12
1596,1.00341265482258e-18,1e-12
1597,1.00128547040576e-07,1e-12
1598,9.02232189161442e-22,1e-12
1599,8.26332216712345e-13,1e-12
1600,9.34520961531164e-20,1e-12
1601,1.001990972875e-17,1e-12
1602,1.03402159111938e-16,1e-12
1603,9.0087554244486e-17,1e-12
1604,9.26694920646211e-16,1e-12
1605,3.90322892873113e-15,1e-12
1606,1.00588083296378e-14,1e-12
1607,1.84597561883949e-14,1e-12
1608,2.42983548499193e-14,1e-12
1609,2.295073960725e-14,1e-12
1610,1.54811251123465e-14,1e-12
1611,7.50306461023006e-15,1e-12
1612,2.47808293392092e-15,1e-12
1613,4.05000729471059e-16,1e-12
1614,1.70539057868687e-16,1e-12
1615,2.17507453694995e-16,1e-12
1616,8.97416875242515e-17,1e-12
1617,3.84683684402521e-16,1e-12
1618,1.16973163287295e-20,1e-12
1619,2.70414264549415e-15,1e-12
1620,3.80972893011926e-20,1e-12
1621,1.64869145543451e-18,1e-12
1622,1.64079764107462e-17,1e-12
1623,5.18686377634402e-17,1e-12
1624,6.59747010787403e-17,1e-12
1625,4.05794131443993e-17,1e-12
1626,9.64203854385728e-18,1e-12
1627,2.96017526982777e-17,1e-12
1628,1.03152317196598e-16,1e-12
1629,2.3512292677099e-16,1e-12
1630,4.10084519272238e-16,1e-12
1631,5.06349283202691e-16,1e-12
1632,4.02840779931543e-16,1e-12
1633,1.94014029273064e-16,1e-12
1634,1.48066552119333e-17,1e-12
1635,5.12327781484474e-17,1e-12
1636,8.0779137908388e-17,1e-12
1637,5.94845464265776e-17,1e-12
1638,2.65738023180035e-17,1e-12
1639,1.59160125964172e-17,1e-12
1640,3.73236294609397e-18,1e-12
1641,2.47435293384742e-15,1e-12
1642,4.291044663468e-19,1e-12
1643,8.85367368449199e-18,1e-12
1644,7.64287770888755e-17,1e-12
1645,1.13347423537223e-16,1e-12
1646,8.61703505386926e-16,1e-12
1647,5.62887285169398e-15,1e-12
1648,2.23997153154911e-14,1e-12
1649,6.83851252586199e-14,1e-12
1650,1.82146571060083e-13,1e-12
1651,3.31950257116893e-13,1e-12
1652,1.7972236862263e-13,1e-12
1653,3.3288594657949e-13,1e-12
1654,2.64704717458273e-13,1e-12
1655,1.93408901701165e-13,1e-12
1656,1.43053519495377e-13,1e-12
1657,1.17628607065487e-13,1e-12
1658,1.13834305612981e-13,1e-12
1659,4.0432142793065e-13,1e-12
1660,8.34343530827569e-18,1e-12
1661,1.28760413421988e-16,1e-12
1662,6.73337386429398e-16,1e-12
1663,1.5659702277037e-15,1e-12
1664,1.06561905274537e-15,1e-12
1665,6.37093085422128e-15,1e-12
1666,5.57077787430527e-12,1e-12
1667,2.86754928220777e-16,1e-12
1668,1.63705134958825e-12,1e-12
1669,8.75339506231162e-17,1e-12
1670,1.19049561388029e-12,1e-12
1671,6.61774788749486e-17,1e-12
1672,1.40655695747709e-12,1e-12
1673,8.16651169504337e-17,1e-12
1674,1.83933879490731e-12,1e-12
1675,1.11150847365385e-16,1e-12
1676,2.3245617712103e-12,1e-12
1677,1.46696372607331e-16,1e-12
1678,2.83114633050695e-12,1e-12
1679,1.86237248291691e-16,1e-12
1680,3.13224364582116e-12,1e-12
1681,2.1433757255594e-16,1e-12
1682,3.37398017635374e-12,1e-12
1683,2.39400353165658e-16,1e-12
1684,4.53185442784663e-12,1e-12
1685,3.32576438711206e-16,1e-12
1686,7.88542478265585e-12,1e-12
1687,5.97455823532119e-16,1e-12
1688,1.51908598377855e-11,1e-12
1689,1.18845917344613e-15,1e-12
1690,2.28165567441104e-11,1e-12
1691,1.73295241420212e-15,1e-12
1692,1.81261948219649e-12,1e-12
1693,1.43375864708543e-16,1e-12
1694,9.69242105934941e-14,1e-12
1695,4.19971446336088e-12,1e-12
1696,2.91323599291549e-16,1e-12
1697,3.49892745501836e-18,1e-12
1698,1.99628399289229e-17,1e-12
1699,8.04500633087027e-13,1e-12
1700,1.84818086231687e-21,1e-12
1701,6.45389179209518e-21,1e-12
1702,1.27782187459891e-20,1e-12
1703,8.79106694067054e-20,1e-12
1704,2.03222222844324e-19,1e-12
1705,3.88222576696596e-19,1e-12
1706,4.16751046943753e-19,1e-12
1707,3.83195730783457e-19,1e-12
1708,4.11949429521341e-19,1e-12
1709,5.0678192306606e-19,1e-12
1710,9.43484768992691e-19,1e-12
1711,1.96895373676382e-18,1e-12
1712,3.87520250586969e-18,1e-12
1713,8.38499300403431e-18,1e-12
1714,1.70470046988649e-17,1e-12
1715,3.21798585326548e-17,1e-12
1716,4.00643550793485e-17,1e-12
1717,4.28609022434087e-17,1e-12
1718,3.86636850332305e-17,1e-12
1719,4.47901248264741e-17,1e-12
1720,5.79775410916169e-17,1e-12
1721,5.31884468912828e-17,1e-12
1722,3.27177746508939e-17,1e-12
1723,1.25040615209289e-17,1e-12
1724,2.70189666546182e-18,1e-12
1725,7.41005205324605e-20,1e-12
1726,4.27014867315324e-21,1e-12
1727,2.18384629418128e-17,1e-12
1728,7.17485387548786e-20,1e-12
1729,2.27113746368982e-18,1e-12
1730,2.8301429768444e-17,1e-12
1731,1.20956198195749e-16,1e-12
1732,3.01196021594666e-16,1e-12
1733,3.8747826257322e-15,1e-12
1734,1.44303493534445e-14,1e-12
1735,3.34965256182335e-14,1e-12
1736,5.43874372416305e-14,1e-12
1737,6.34585671225336e-14,1e-12
1738,5.4558937837603e-14,1e-12
1739,3.43029694599599e-14,1e-12
1740,1.56117509852256e-14,1e-12
1741,4.97708008634755e-13,1e-12
1742,1.48467979086916e-16,1e-12
1743,2.33882928890929e-15,1e-12
1744,4.57582054071525e-14,1e-12
1745,3.05592727948231e-15,1e-12
1746,7.04326873025161e-15,1e-12
1747,1.23831419896651e-20,1e-12
1748,6.50770194830658e-19,1e-12
1749,6.361804573877e-18,1e-12
1750,2.79386926132107e-17,1e-12
1751,5.63026307180813e-17,1e-12
1752,5.24252393611618e-17,1e-12
1753,1.52589553905289e-17,1e-12
1754,2.46299614535618e-16,1e-12
1755,9.12689346799176e-16,1e-12
1756,2.46508061721204e-15,1e-12
1757,5.35355014784257e-15,1e-12
1758,9.52134532525343e-15,1e-12
1759,1.44234227119715e-14,1e-12
1760,1.96681374788423e-14,1e-12
1761,2.5930659947192e-14,1e-12
1762,3.62430993292196e-14,1e-12
1763,5.7325841465217e-14,1e-12
1764,1.0225037399595e-13,1e-12
1765,1.94142457138228e-13,1e-12
1766,3.54262689105454e-13,1e-12
1767,6.075651016175e-13,1e-12
1768,2.7908065539635e-19,1e-12
1769,6.89664168738654e-20,1e-12
1770,4.20365214462572e-18,1e-12
1771,9.12700273047144e-17,1e-12
1772,2.94381085404675e-14,1e-12
1773,4.87880764374882e-13,1e-12
1774,2.06404981940483e-12,1e-12
1775,7.20299616085256e-17,1e-12
1776,1.42965743476e-12,1e-12
1777,5.30887097191215e-17,1e-12
1778,1.27387754117145e-11,1e-12
1779,5.16572813962653e-16,1e-12
1780,4.62922228999557e-12,1e-12
1781,2.07049699199175e-16,1e-12
1782,1.25342809506561e-09,1e-12
1783,6.15162415700811e-14,1e-12
1784,4.68893263843193e-09,1e-12
1785,2.51840712413639e-13,1e-12
1786,1.5508723967346e-08,1e-12
1787,9.095440663071e-13,1e-12
1788,5.39467078247605e-08,1e-12
1789,2.11375797902804e-20,1e-12
1790,1.25525020154758e-07,1e-12
1791,2.80133569911667e-21,1e-12
1792,2.39888407091098e-07,1e-12
1793,2.33418329899704e-20,1e-12
1794,4.74604807106965e-07,1e-12
1795,6.97347344342602e-21,1e-12
1796,3.02142873715291e-05,1e-12
1797,4.32433669050716e-18,1e-12
1798,2.70119846805974e-08,1e-12
1799,2.64459295162361e-20,1e-12
1800,1.40763474249845e-14,1e-12
1801,5.79617433999973e-15,1e-12
1802,2.60506262174369e-18,1e-12
1803,5.52988750048525e-17,1e-12
1804,1.69114509372144e-16,1e-12
1805,6.52038295069108e-16,1e-12
1806,4.17752270540958e-15,1e-12
1807,1.39816212252482e-14,1e-12
1808,3.60835723420293e-14,1e-12
1809,7.38996830962488e-14,1e-12
1810,1.21376665867308e-13,1e-12
1811,1.61710169218666e-13,1e-12
1812,1.74993006544811e-13,1e-12
1813,1.55821808789519e-13,1e-12
1814,1.15323823344609e-13,1e-12
1815,7.18673734515066e-14,1e-12
1816,3.87006152614966e-14,1e-12
1817,1.90250098369874e-14,1e-12
1818,1.03361327212436e-14,1e-12
1819,7.57707633461952e-15,1e-12
1820,6.85757832770857e-15,1e-12
1821,4.59385334940357e-13,1e-12
1822,2.66230711526065e-17,1e-12
1823,5.29184116309256e-17,1e-12
1824,2.44301975844432e-15,1e-12
1825,3.1161214852869e-15,1e-12
1826,2.66987580622363e-11,1e-12
1827,1.47595994273931e-15,1e-12
1828,8.44336427756628e-14,1e-12
1829,5.22841177728864e-14,1e-12
1830,4.64947160795376e-14,1e-12
1831,4.36131498532529e-14,1e-12
1832,3.96323695074407e-14,1e-12
1833,3.46770485298332e-14,1e-12
1834,3.39701436689029e-14,1e-12
1835,7.4693134381613e-14,1e-12
1836,5.30371324445463e-14,1e-12
1837,9.82688988176774e-16,1e-12
1838,5.59324732787916e-13,1e-12
1839,1.33880525563319e-15,1e-12
1840,6.80386442853687e-13,1e-12
1841,2.36813555619463e-16,1e-12
1842,9.47745001684646e-16,1e-12
1843,3.74492165371434e-15,1e-12
1844,1.82228160047946e-14,1e-12
1845,9.58477006211602e-14,1e-12
1846,3.52053466102224e-13,1e-12
1847,1.05355690323369e-13,1e-12
1848,2.54784521388772e-10,1e-12
1849,7.72612166720583e-15,1e-12
1850,1.99597401872592e-10,1e-12
1851,5.83241352254549e-15,1e-12
1852,3.89927495825039e-10,1e-12
1853,1.1063096698743e-14,1e-12
1854,7.79651543703904e-10,1e-12
1855,2.1579816672753e-14,1e-12
1856,1.45282237890353e-09,1e-12
1857,3.93937879508656e-14,1e-12
1858,2.44916463940746e-09,1e-12
1859,6.53237755114536e-14,1e-12
1860,3.70639097490266e-09,1e-12
1861,9.76937628776232e-14,1e-12
1862,4.98123351024137e-09,1e-12
1863,1.30667521423136e-13,1e-12
1864,5.89592914237261e-09,1e-12
1865,1.56205045040638e-13,1e-12
1866,6.50067125034694e-09,1e-12
1867,1.78159399761228e-13,1e-12
1868,9.58684516732568e-09,1e-12
1869,2.77533164243423e-13,1e-12
1870,1.41962448071043e-08,1e-12
1871,4.34752978985835e-13,1e-12
1872,6.87523237361984e-08,1e-12
1873,2.69125839773114e-21,1e-12
1874,2.23795559183577e-07,1e-12
1875,3.03142663395695e-21,1e-12
1876,4.76499401207834e-07,1e-12
1877,1.25153105088065e-21,1e-12
1878,8.16850936775016e-07,1e-12
1879,2.19063769538156e-21,1e-12
1880,1.17070896696437e-06,1e-12
1881,2.62058335342006e-20,1e-12
1882,3.72485903729974e-06,1e-12
1883,1.8050488133771e-20,1e-12
1884,1.55769167467268e-05,1e-12
1885,4.09633696753287e-19,1e-12
1886,2.96291403719511e-05,1e-12
1887,5.39344479079102e-18,1e-12
1888,4.34703706374443e-05,1e-12
1889,1.32075562379705e-16,1e-12
1890,5.57420989349977e-05,1e-12
1891,1.67921878845639e-16,1e-12
1892,7.88075347050406e-05,1e-12
1893,9.50764775074129e-13,1e-12
1894,6.0648532594599e-05,1e-12
1895,2.63320145475948e-18,1e-12
1896,6.86669227188191e-05,1e-12
1897,6.53546899773833e-18,1e-12
1898,7.59182116383235e-05,1e-12
1899,1.82706350619855e-17,1e-12
1900,8.98662462458022e-05,1e-12
1901,6.28121344080449e-17,1e-12
1902,0.00011403456287183,1e-12
1903,2.32673058196828e-16,1e-12
1904,0.000144701060382418,1e-12
1905,1.14676768922528e-15,1e-12
1906,0.00119180965803838,1e-12
1907,2.57219444814187e-17,1e-12
1908,7.08750160400609e-09,1e-12
1909,5.21775965178062e-13,1e-12
1910,2.85702220710107e-06,1e-12
1911,1.12305835327631e-19,1e-12
1912,4.41758857063589e-09,1e-12
1913,2.5493803409164e-13,1e-12
1914,5.71179764724565e-12,1e-12
1915,4.44980993114641e-17,1e-12
1916,1.23298840031257e-18,1e-12
1917,3.96227510189184e-17,1e-12
1918,1.90398865784156e-16,1e-12
1919,6.98952697438493e-16,1e-12
1920,6.29903735005133e-15,1e-12
1921,2.68141135595265e-14,1e-12
1922,8.40838976326942e-14,1e-12
1923,1.9750063732596e-13,1e-12
1924,3.5510132755805e-13,1e-12
1925,5.04689679740022e-13,1e-12
1926,5.67756532723738e-13,1e-12
1927,5.15547139125402e-13,1e-12
1928,3.94102133162726e-13,1e-12
1929,2.64923993161883e-13,1e-12
1930,1.63455730186224e-13,1e-12
1931,1.01405455403268e-13,1e-12
1932,8.60088363534854e-14,1e-12
1933,1.265723875554e-13,1e-12
1934,2.36008668531369e-13,1e-12
1935,1.14716828963001e-16,1e-12
1936,2.34622578158686e-15,1e-12
1937,1.38940003656202e-14,1e-12
1938,4.28710624504895e-14,1e-12
1939,5.80176443966033e-14,1e-12
1940,6.58686067499143e-14,1e-12
1941,5.91075869435472e-10,1e-12
1942,2.27639949952653e-14,1e-12
1943,5.06919513396736e-11,1e-12
1944,1.93815047465955e-15,1e-12
1945,5.49723213382621e-11,1e-12
1946,2.07982382990887e-15,1e-12
1947,8.75184066159316e-11,1e-12
1948,3.26387798985054e-15,1e-12
1949,1.50295484559213e-10,1e-12
1950,5.51766667211124e-15,1e-12
1951,2.60754977878109e-10,1e-12
1952,9.38827843291949e-15,1e-12
1953,4.44774988688016e-10,1e-12
1954,1.56665293746511e-14,1e-12
1955,7.42384331140823e-10,1e-12
1956,2.55781822487073e-14,1e-12
1957,1.20327987371891e-09,1e-12
1958,4.04349398870785e-14,1e-12
1959,1.88582621332779e-09,1e-12
1960,6.19243294254324e-14,1e-12
1961,2.83692413993539e-09,1e-12
1962,9.12523770913152e-14,1e-12
1963,4.07891641951909e-09,1e-12
1964,1.28876389958074e-13,1e-12
1965,5.54973929000747e-09,1e-12
1966,1.72936589216443e-13,1e-12
1967,7.09209588043013e-09,1e-12
1968,2.19666879427477e-13,1e-12
1969,8.1947987354261e-09,1e-12
1970,2.55995828131468e-13,1e-12
1971,8.88317127495084e-09,1e-12
1972,2.85157696366445e-13,1e-12
1973,9.5110968503192e-09,1e-12
1974,3.17533004677619e-13,1e-12
1975,1.78539618282405e-08,1e-12
1976,6.19508508853802e-13,1e-12
1977,7.297325450609e-08,1e-12
1978,8.19341462465068e-21,1e-12
1979,2.35769263785996e-07,1e-12
1980,1.30399753606269e-20,1e-12
1981,5.11306430516629e-07,1e-12
1982,1.34520566606115e-20,1e-12
1983,9.21367603264567e-07,1e-12
1984,3.21738653852517e-20,1e-12
1985,8.11192074290797e-07,1e-12
1986,1.05515016666416e-20,1e-12
1987,1.14876034010634e-06,1e-12
1988,1.85207847815825e-20,1e-12
1989,8.74779184872276e-06,1e-12
1990,1.25210676382468e-19,1e-12
1991,1.82571697616788e-05,1e-12
1992,6.32881207881221e-19,1e-12
1993,2.74225181518198e-05,1e-12
1994,6.94515676105038e-20,1e-12
1995,3.55797995718293e-05,1e-12
1996,2.79954187915285e-19,1e-12
1997,4.32410374964563e-05,1e-12
1998,2.35429736065694e-18,1e-12
1999,5.1006344248768e-05,1e-12
2000,1.56204009189724e-17,1e-12
2001,5.88994617402887e-05,1e-12
2002,2.14508024527884e-16,1e-12
2003,6.70917992171442e-05,1e-12
2004,1.17682491849641e-14,1e-12
2005,9.43841611947705e-05,1e-12
2006,4.81427081277044e-13,1e-12
2007,6.35988850085611e-05,1e-12
2008,1.57409869243393e-18,1e-12
2009,6.78977752908283e-05,1e-12
2010,8.95373374333403e-19,1e-12
2011,7.31486825849464e-05,1e-12
2012,1.69440526404147e-18,1e-12
2013,8.41621690965812e-05,1e-12
2014,2.80920028798845e-18,1e-12
2015,9.40889853021426e-05,1e-12
2016,3.55638460045858e-18,1e-12
2017,0.000104738178158895,1e-12
2018,6.39000640251953e-18,1e-12
2019,0.000121207596431943,1e-12
2020,1.24403536434934e-17,1e-12
2021,0.00161012940438,1e-12
2022,2.07288096190618e-18,1e-12
2023,7.31163130117733e-09,1e-12
2024,5.81381187850513e-13,1e-12
2025,2.49740010727602e-06,1e-12
2026,1.12359640803339e-19,1e-12
2027,2.88023159445555e-11,1e-12
2028,1.8931189911164e-15,1e-12
2029,1.63400759913774e-12,1e-12
2030,6.12622011192569e-18,1e-12
2031,8.80340489001308e-20,1e-12
2032,3.90164834003961e-18,1e-12
2033,3.53294483150464e-17,1e-12
2034,9.43116053581375e-17,1e-12
2035,2.3956473439035e-17,1e-12
2036,3.71743224581261e-16,1e-12
2037,1.50717282801316e-15,1e-12
2038,4.38013363430323e-15,1e-12
2039,1.05362259872088e-14,1e-12
2040,2.07604368610071e-14,1e-12
2041,3.34327586965451e-14,1e-12
2042,4.41135522192531e-14,1e-12
2043,4.74151728901549e-14,1e-12
2044,4.27351700826904e-14,1e-12
2045,3.36464238404722e-14,1e-12
2046,2.43783904684168e-14,1e-12
2047,1.17055870648922e-14,1e-12
2048,1.14764818150312e-14,1e-12
2049,7.74608895192297e-15,1e-12
2050,3.98148493027762e-15,1e-12
2051,4.51761860317529e-15,1e-12
2052,4.40615235016988e-15,1e-12
2053,4.7403267683351e-15,1e-12
2054,5.21404266434472e-15,1e-12
2055,1.12475142699696e-13,1e-12
2056,4.84665675056088e-13,1e-12
2057,9.73535743837128e-13,1e-12
2058,3.65228950082348e-17,1e-12
2059,5.6075114464507e-17,1e-12
2060,6.4015073632006e-17,1e-12
2061,6.48331393213494e-13,1e-12
2062,4.36062927345373e-14,1e-12
2063,9.73798341271082e-13,1e-12
2064,1.80987664686603e-15,1e-12
2065,1.28799478174526e-14,1e-12
2066,7.64790809726595e-14,1e-12
2067,7.39099148553925e-13,1e-12
2068,2.56358594844637e-08,1e-12
2069,5.43216055644917e-21,1e-12
2070,3.56607949265089e-12,1e-12
2071,1.87417154831093e-16,1e-12
2072,2.44716223633148e-12,1e-12
2073,1.2924615092934e-16,1e-12
2074,3.10666905087772e-12,1e-12
2075,1.66405868314118e-16,1e-12
2076,4.84202192151599e-12,1e-12
2077,2.65879097487082e-16,1e-12
2078,7.92909669406887e-12,1e-12
2079,4.51257354906042e-16,1e-12
2080,1.2497749254999e-11,1e-12
2081,7.43997964855855e-16,1e-12
2082,1.88911798096428e-11,1e-12
2083,1.18476712662823e-15,1e-12
2084,3.52883753885978e-11,1e-12
2085,2.34660335319298e-15,1e-12
2086,1.37854570998226e-10,1e-12
2087,9.78089254627483e-15,1e-12
2088,1.0740920632781e-11,1e-12
2089,7.59287323304389e-16,1e-12
2090,3.52440398271926e-13,1e-12
2091,1.80583954087365e-13,1e-12
2092,4.38082603295035e-21,1e-12
2093,3.83324516884258e-19,1e-12
2094,4.91195662294808e-18,1e-12
2095,2.53041305722467e-17,1e-12
2096,5.51753506649213e-17,1e-12
2097,4.58771559911485e-17,1e-12
2098,4.97971826786178e-17,1e-12
2099,3.00706185374347e-16,1e-12
2100,7.97651202032497e-16,1e-12
2101,1.55504384736503e-15,1e-12
2102,2.33365142222247e-15,1e-12
2103,2.81398241588099e-15,1e-12
2104,2.88283781305841e-15,1e-12
2105,2.62572825491326e-15,1e-12
2106,2.39442718912199e-15,1e-12
2107,2.15680138642299e-15,1e-12
2108,1.99746459222066e-15,1e-12
2109,1.96087451252537e-15,1e-12
2110,2.02576016018807e-15,1e-12
2111,2.27960579380238e-15,1e-12
2112,2.82115130271015e-15,1e-12
2113,3.86233743474147e-15,1e-12
2114,5.72586388340222e-15,1e-12
2115,8.71463879591785e-15,1e-12
2116,1.30362501749285e-14,1e-12
2117,1.84336663810107e-14,1e-12
2118,2.44104750397432e-14,1e-12
2119,2.94358014407068e-14,1e-12
2120,3.24747700467073e-14,1e-12
2121,1.10945573765064e-17,1e-12
2122,9.41645370577016e-17,1e-12
2123,2.8500088466502e-16,1e-12
2124,1.859831939021e-16,1e-12
2125,1.95535551702358e-14,1e-12
2126,4.32635625057911e-13,1e-12
2127,3.68070571852102e-13,1e-12
2128,7.91674191965639e-13,1e-12
2129,2.60393318569769e-13,1e-12
2130,4.92974667204965e-09,1e-12
2131,2.74699922941109e-13,1e-12
2132,1.40913494651481e-14,1e-12
2133,3.48984237191946e-20,1e-12
2134,1.132299719591e-18,1e-12
2135,1.0777873086357e-17,1e-12
2136,4.52023431310001e-17,1e-12
2137,7.58818757912866e-17,1e-12
2138,4.31206196636016e-17,1e-12
2139,6.56383107534713e-16,1e-12
2140,2.54089751328834e-15,1e-12
2141,6.58366623965979e-15,1e-12
2142,1.24879007572988e-14,1e-12
2143,1.77059593043332e-14,1e-12
2144,1.92418034419483e-14,1e-12
2145,1.65753555930225e-14,1e-12
2146,1.14669317364757e-14,1e-12
2147,6.43677053483945e-15,1e-12
2148,2.82164734496626e-15,1e-12
2149,8.01930165933989e-16,1e-12
2150,4.38391715382256e-18,1e-12
2151,1.80812469658022e-16,1e-12
2152,1.26107062515426e-16,1e-12
2153,8.73903818402647e-17,1e-12
2154,3.09701296522842e-15,1e-12
2155,4.56808265743071e-16,1e-12
2156,7.72140004838517e-16,1e-12
2157,4.58978884808078e-19,1e-12
2158,5.72837884809472e-13,1e-12
2159,2.30578121704403e-15,1e-12
2160,8.41065934276216e-22,1e-12
2161,7.34797464951325e-21,1e-12
2162,7.55422080515481e-22,1e-12
2163,2.80142241402432e-20,1e-12
2164,6.81895973902332e-21,1e-12
2165,4.40154933456892e-21,1e-12
2166,3.26556036946598e-21,1e-12
2167,5.59146438284226e-14,1e-12
2168,3.37818921066021e-20,1e-12
2169,1.04100857059619e-19,1e-12
2170,2.1124598573453e-18,1e-12
2171,1.50657458865077e-17,1e-12
2172,1.88478619788057e-16,1e-12
2173,1.89126449073531e-14,1e-12
2174,6.05869334125931e-16,1e-12
2175,1.00714363416241e-15,1e-12
2176,1.4676534258982e-15,1e-12
2177,1.94410120597938e-15,1e-12
2178,3.32236573545032e-16,1e-12
2179,3.82563641782475e-16,1e-12
2180,2.61456095822845e-14,1e-12
2181,1.42253448661123e-15,1e-12
2182,6.17831669121124e-13,1e-12
2183,4.22701213596263e-17,1e-12
2184,2.17190683134594e-16,1e-12
2185,8.80615960146446e-16,1e-12
2186,1.56077421461005e-15,1e-12
2187,1.15585814090462e-14,1e-12
2188,3.04785685138532e-12,1e-12
2189,1.59088412526852e-16,1e-12
2190,1.00686487785458e-12,1e-12
2191,5.54117519392155e-17,1e-12
2192,1.22447254867663e-12,1e-12
2193,7.14013760485086e-17,1e-12
2194,1.68123498605556e-12,1e-12
2195,1.04268527840884e-16,1e-12
2196,4.38610910388326e-11,1e-12
2197,2.78296088156193e-15,1e-12
2198,4.69229924020514e-12,1e-12
2199,3.22773529998484e-16,1e-12
2200,5.59713831315634e-11,1e-12
2201,3.34888053329251e-15,1e-12
2202,6.63005583223865e-13,1e-12
2203,2.90274542355626e-20,1e-12
2204,1.14172625409998e-18,1e-12
2205,9.3530691591165e-18,1e-12
2206,2.83626866736988e-17,1e-12
2207,4.13914365903065e-17,1e-12
2208,3.84850768876671e-17,1e-12
2209,3.37716840382705e-17,1e-12
2210,3.16696538387429e-17,1e-12
2211,3.3518532149657e-17,1e-12
2212,3.73962989249701e-17,1e-12
2213,3.60981126838227e-17,1e-12
2214,2.74836359902769e-17,1e-12
2215,1.41994360959201e-17,1e-12
2216,4.44027530147012e-18,1e-12
2217,6.53609907402637e-19,1e-12
2218,2.1820687544022e-20,1e-12
2219,1.63002286115565e-13,1e-12
2220,5.96689899596503e-14,1e-12
2221,6.49805966525507e-13,1e-12
2222,2.23761244395648e-22,1e-12
2223,6.93587894815651e-22,1e-12
2224,1.54713073255031e-21,1e-12
2225,2.17806585110767e-22,1e-12
2226,5.28131302571128e-21,1e-12
2227,1.01635664093453e-23,1e-12
2228,1.01307465827182e-21,1e-12
2229,1.39759283814889e-21,1e-12
2230,1.51548615823136e-13,1e-12
2231,2.29070832730034e-21,1e-12
2232,7.75646814290041e-22,1e-12
2233,7.61148172559738e-21,1e-12
2234,1.06975347223716e-20,1e-12
2235,6.09012395542579e-20,1e-12
2236,2.24355045207544e-19,1e-12
2237,4.25163953629149e-19,1e-12
2238,7.05340944024469e-19,1e-12
2239,1.03111865128947e-18,1e-12
2240,1.31639574905643e-18,1e-12
2241,1.69205037101149e-18,1e-12
2242,2.15349904910523e-18,1e-12
2243,3.24513730350993e-18,1e-12
2244,4.76323679120533e-18,1e-12
2245,7.0532420724067e-18,1e-12
2246,9.85569986480954e-18,1e-12
2247,1.25202296996083e-17,1e-12
2248,1.5505186730767e-17,1e-12
2249,1.87438312529267e-17,1e-12
2250,2.23771062365788e-17,1e-12
2251,2.84656569182355e-17,1e-12
2252,3.50643944854907e-17,1e-12
2253,3.3310956556213e-17,1e-12
2254,2.84704491840182e-17,1e-12
2255,6.20025059011518e-18,1e-12
2256,1.71715414468957e-17,1e-12
2257,4.82840784550693e-17,1e-12
2258,7.48577684233522e-17,1e-12
2259,7.34356577485026e-17,1e-12
2260,4.77888538501055e-17,1e-12
2261,3.3164850414948e-17,1e-12
2262,1.34513066202291e-16,1e-12
2263,2.21211293555877e-16,1e-12
2264,2.59906568563145e-16,1e-12
2265,2.20478444583165e-16,1e-12
2266,1.4506396364433e-16,1e-12
2267,7.50215899872968e-17,1e-12
2268,2.5058956879986e-16,1e-12
2269,2.63695590401061e-16,1e-12
2270,1.23969402209931e-14,1e-12
2271,6.37166648481013e-15,1e-12
2272,4.03543037453378e-15,1e-12
2273,3.7461199449544e-22,1e-12
2274,1.94668384224059e-20,1e-12
2275,2.63308486874572e-19,1e-12
2276,1.82752418316186e-18,1e-12
2277,6.71399941295623e-18,1e-12
2278,1.46592402445947e-17,1e-12
2279,2.14265794070629e-17,1e-12
2280,2.56190676767818e-17,1e-12
2281,3.07809267230342e-17,1e-12
2282,3.52152597547723e-17,1e-12
2283,3.92928999494987e-17,1e-12
2284,4.21072995018395e-17,1e-12
2285,4.25085940848717e-17,1e-12
2286,4.40637291437978e-17,1e-12
2287,4.45002655713148e-17,1e-12
2288,5.24190826603189e-17,1e-12
2289,6.41741262293247e-17,1e-12
2290,8.01176482532207e-17,1e-12
2291,9.61055498434802e-17,1e-12
2292,9.30532796168245e-17,1e-12
2293,9.88768431703986e-17,1e-12
2294,1.14101466740918e-16,1e-12
2295,1.05327905738572e-16,1e-12
2296,1.03729907142312e-16,1e-12
2297,9.11143247717519e-17,1e-12
2298,7.18213907938366e-17,1e-12
2299,5.8527648263888e-17,1e-12
2300,4.63604217671865e-17,1e-12
2301,3.7611716916386e-17,1e-12
2302,3.08163421575075e-17,1e-12
2303,2.45768180155953e-17,1e-12
2304,1.6899522771192e-17,1e-12
2305,1.23975767976177e-17,1e-12
2306,7.7961045788917e-18,1e-12
2307,3.94951044487334e-18,1e-12
2308,3.05118839492679e-19,1e-12
2309,2.16451173733238e-18,1e-12
2310,7.7140922048967e-18,1e-12
2311,1.85640806066105e-17,1e-12
2312,2.98425026504497e-17,1e-12
2313,4.4021754765904e-17,1e-12
2314,6.55617267641041e-17,1e-12
2315,9.29883557955202e-17,1e-12
2316,1.36658992505051e-16,1e-12
2317,1.68372709190578e-16,1e-12
2318,5.0935599309422e-16,1e-12
2319,4.87891538141287e-15,1e-12
2320,4.63781088826651e-16,1e-12
2321,1.18230601536889e-13,1e-12
2322,4.40635974340487e-15,1e-12
2323,1.91663585344608e-15,1e-12
2324,1.78568853099782e-15,1e-12
2325,2.2235683611679e-16,1e-12
2326,1.08846692222219e-16,1e-12
2327,4.25821402675889e-14,1e-12
2328,2.65496193670307e-21,1e-12
2329,2.6632244068283e-21,1e-12
2330,2.18510337131885e-20,1e-12
2331,4.82568670437222e-20,1e-12
2332,1.16103689603441e-19,1e-12
2333,1.58468947653668e-19,1e-12
2334,1.92835144596022e-19,1e-12
2335,1.31464676498638e-19,1e-12
2336,7.94505162409715e-20,1e-12
2337,9.44843718799086e-21,1e-12
2338,2.39963623557179e-21,1e-12
2339,2.45208214325916e-20,1e-12
2340,1.20997003745147e-20,1e-12
2341,2.1735217724707e-19,1e-12
2342,2.26870999296301e-18,1e-12
2343,9.60619576999834e-18,1e-12
2344,1.97971167081659e-17,1e-12
2345,2.1899182296702e-17,1e-12
2346,1.69011824468794e-17,1e-12
2347,8.61892670640379e-18,1e-12
2348,1.25776192297714e-18,1e-12
2349,2.21792450660917e-13,1e-12
2350,2.21035510327178e-14,1e-12
2351,1.12114857973882e-21,1e-12
2352,4.67546413465671e-20,1e-12
2353,6.96920417367845e-19,1e-12
2354,2.80078620838133e-18,1e-12
2355,8.00079996934732e-18,1e-12
2356,1.47559579937927e-17,1e-12
2357,2.28116638216165e-17,1e-12
2358,2.98196989891353e-17,1e-12
2359,3.46677859575273e-17,1e-12
2360,3.72818238551982e-17,1e-12
2361,3.93581982444834e-17,1e-12
2362,4.26114214319479e-17,1e-12
2363,4.70451273928358e-17,1e-12
2364,4.80474025336287e-17,1e-12
2365,4.77275527041221e-17,1e-12
2366,3.98802112902742e-17,1e-12
2367,3.08713690030379e-17,1e-12
2368,2.1636414970685e-17,1e-12
2369,1.17165962219875e-17,1e-12
2370,4.97106333418993e-18,1e-12
2371,1.46605441496548e-18,1e-12
2372,4.07578970432749e-19,1e-12
2373,1.53039828315878e-20,1e-12
2374,1.91608683032054e-21,1e-12
2375,4.85698888851098e-18,1e-12
2376,7.13845334746986e-22,1e-12
2377,2.77228950175572e-21,1e-12
2378,8.82920419317938e-22,1e-12
2379,1.92802689668327e-20,1e-12
2380,6.61726620980027e-20,1e-12
2381,5.53929526368253e-20,1e-12
2382,8.1805268915867e-20,1e-12
2383,7.95327881366644e-20,1e-12
2384,8.67098132819694e-20,1e-12
2385,1.45393241431608e-19,1e-12
2386,1.34187805905926e-19,1e-12
2387,9.4669033756901e-20,1e-12
2388,3.68535575401623e-20,1e-12
2389,1.42610234535296e-20,1e-12
2390,8.02842013990814e-21,1e-12
2391,5.45173643526897e-22,1e-12
2392,2.77373880330997e-21,1e-12
2393,2.79118320016261e-21,1e-12
2394,1.37443083654843e-21,1e-12
2395,7.37468406193424e-13,1e-12
2396,3.59441541172058e-13,1e-12
2397,6.60327116350459e-14,1e-12
2398,4.47003183501546e-14,1e-12
2399,4.84063890978904e-14,1e-12
2400,1.53086781919818e-13,1e-12
2401,5.06116555848513e-13,1e-12
2402,9.87941829961571e-13,1e-12
2403,1.08873993784504e-21,1e-12
2404,1.23041659805646e-21,1e-12
2405,4.66536964352831e-13,1e-12
2406,7.82883846799149e-14,1e-12
2407,8.63866602346834e-15,1e-12
2408,2.44396686141847e-18,1e-12
2409,3.22841340504479e-14,1e-12
2410,1.78600904711423e-13,1e-12
2411,6.37292370756164e-13,1e-12
2412,2.22197687217798e-22,1e-12
2413,4.48840184242533e-21,1e-12
2414,1.05867778280203e-21,1e-12
2415,4.68970156496921e-21,1e-12
2416,2.57349439719581e-22,1e-12
2417,1.06019770599739e-21,1e-12
2418,3.43078881691329e-21,1e-12
2419,6.65924997904738e-21,1e-12
2420,5.60361230860307e-22,1e-12
2421,2.01580296596562e-22,1e-12
2422,3.75219806543796e-13,1e-12
2423,7.12107744648806e-14,1e-12
2424,8.05553909511138e-15,1e-12
2425,9.44194084854415e-16,1e-12
2426,1.74111221664197e-14,1e-12
2427,2.55651577427922e-15,1e-12
2428,5.68457621876252e-14,1e-12
2429,4.35356003037769e-13,1e-12
2430,4.86803530691284e-23,1e-12
2431,2.38203160848918e-21,1e-12
2432,5.24244090146389e-22,1e-12
2433,5.71957948632629e-13,1e-12
2434,6.3857298309648e-14,1e-12
2435,5.23104940100979e-17,1e-12
2436,2.05688269250568e-13,1e-12
2437,1.25788080965396e-14,1e-12
2438,8.00949301142111e-14,1e-12
2439,5.32898381103515e-13,1e-12
2440,1.55627142964585e-21,1e-12
2441,1.42299108148367e-22,1e-12
2442,1.81040508535894e-20,1e-12
2443,1.57960051294798e-20,1e-12
2444,7.95078348058998e-20,1e-12
2445,1.12004376047762e-19,1e-12
2446,7.66308465363113e-20,1e-12
2447,8.02677332839358e-20,1e-12
2448,5.2055363077069e-20,1e-12
2449,1.39409252284592e-20,1e-12
2450,2.67573975929485e-21,1e-12
2451,1.48759835950106e-15,1e-12
2452,2.78630372369553e-20,1e-12
2453,4.68280880593988e-22,1e-12
2454,8.58948193261761e-21,1e-12
2455,4.28899294352126e-20,1e-12
2456,1.83843737595362e-19,1e-12
2457,4.53705571451931e-19,1e-12
2458,1.18306143596984e-18,1e-12
2459,1.60978993158127e-18,1e-12
2460,1.71226726840405e-18,1e-12
2461,1.25207888095224e-18,1e-12
2462,5.83023364522546e-19,1e-12
2463,1.66314620476443e-19,1e-12
2464,1.68964226497416e-20,1e-12
2465,2.75818889404435e-21,1e-12
2466,3.96996649928429e-14,1e-12
2467,1.86374869651686e-17,1e-12
2468,8.81385114150606e-13,1e-12
2469,1.98833819344393e-22,1e-12
2470,3.92708167415027e-21,1e-12
2471,2.1636502074518e-21,1e-12
2472,1.45064515086557e-20,1e-12
2473,3.59377662393976e-20,1e-12
2474,3.67317285016323e-20,1e-12
2475,9.82738684036482e-21,1e-12
2476,7.91552451134324e-22,1e-12
2477,1.38211690617924e-21,1e-12
2478,4.94762976387881e-13,1e-12
2479,8.98212374192172e-16,1e-12
2480,2.61113091231677e-20,1e-12
2481,3.03680342652514e-13,1e-12
2482,7.8172845447753e-22,1e-12
2483,2.9082617688068e-21,1e-12
2484,1.09309584344182e-20,1e-12
2485,3.12708208364892e-20,1e-12
2486,7.36172108206193e-20,1e-12
2487,1.2575256694374e-19,1e-12
2488,1.77611557278925e-19,1e-12
2489,1.54350707819824e-19,1e-12
2490,1.47859058681836e-19,1e-12
2491,1.47332317702576e-19,1e-12
2492,7.94654890706456e-20,1e-12
2493,5.06866783831226e-20,1e-12
2494,2.54095677996754e-20,1e-12
2495,2.64198732073359e-22,1e-12
2496,9.39101625278879e-13,1e-12
2497,1.76649772698564e-13,1e-12
2498,7.85108502056812e-22,1e-12
2499,2.92338939132131e-22,1e-12
2500,4.5830459439304e-21,1e-12
2501,1.13327139744949e-20,1e-12
2502,6.23100568848346e-20,1e-12
2503,1.64847215749715e-19,1e-12
2504,3.98180285106548e-19,1e-12
2505,9.31058249258749e-19,1e-12
2506,1.72248485532083e-18,1e-12
2507,2.220869195608e-18,1e-12
2508,2.41211918253513e-18,1e-12
2509,2.38276151996842e-18,1e-12
2510,2.13999710572516e-18,1e-12
2511,1.75508994906418e-18,1e-12
2512,1.46345373044025e-18,1e-12
2513,1.16188349232703e-18,1e-12
2514,7.68643171519194e-19,1e-12
2515,4.47305162857252e-19,1e-12
2516,1.28429088246002e-19,1e-12
2517,2.89799200095068e-20,1e-12
2518,3.64568828630021e-21,1e-12
2519,6.88991016149172e-14,1e-12
2520,7.29277364262734e-16,1e-12
2521,2.39581563014726e-13,1e-12
2522,2.90704039046791e-22,1e-12
2523,1.32630731237289e-21,1e-12
2524,5.06212517305407e-21,1e-12
2525,5.86115906715687e-21,1e-12
2526,1.60387802361105e-20,1e-12
2527,1.75534601429407e-20,1e-12
2528,3.56930866031355e-20,1e-12
2529,2.96475923723973e-20,1e-12
2530,3.86605488663716e-20,1e-12
2531,1.49945455537412e-20,1e-12
2532,1.12866648755643e-20,1e-12
2533,5.42829456649265e-21,1e-12
2534,4.35472115252988e-22,1e-12
2535,2.04283017087423e-13,1e-12
2536,1.05196349982151e-13,1e-12
2537,7.09802166518671e-14,1e-12
2538,9.78045128783117e-13,1e-12
2539,2.22625098001447e-21,1e-12
2540,2.70263968037033e-21,1e-12
2541,2.14812454073077e-22,1e-12
2542,1.86077183637821e-21,1e-12
2543,5.08135571606594e-22,1e-12
2544,9.00551554627202e-13,1e-12
2545,1.7877179774656e-13,1e-12
2546,1.46200405515429e-15,1e-12
2547,5.96751788147449e-21,1e-12
2548,1.385019335624e-13,1e-12
2549,7.50528577282639e-13,1e-12
2550,1.09946177025593e-22,1e-12
2551,1.38070623854675e-21,1e-12
2552,1.64354812761923e-21,1e-12
2553,4.90852580242942e-21,1e-12
2554,3.19502249864699e-21,1e-12
2555,2.54971058306311e-21,1e-12
2556,9.07144511276163e-21,1e-12
2557,2.22680462249954e-20,1e-12
2558,2.11690545717457e-20,1e-12
2559,1.76128332847514e-20,1e-12
2560,7.23790260171803e-20,1e-12
2561,8.4432619422146e-20,1e-12
2562,1.36491865492109e-19,1e-12
2563,1.35348111185937e-19,1e-12
2564,1.61658097490374e-19,1e-12
2565,1.35472426545293e-19,1e-12
2566,1.07729512698397e-19,1e-12
2567,8.76394587269936e-20,1e-12
2568,8.3792188293763e-20,1e-12
2569,6.58994777140352e-20,1e-12
2570,3.48291071527083e-20,1e-12
2571,3.10270860663525e-20,1e-12
2572,3.708798289946e-20,1e-12
2573,4.05467704236457e-20,1e-12
2574,7.2070310002173e-21,1e-12
2575,8.21062254950731e-21,1e-12
2576,2.90211052644218e-21,1e-12
2577,6.28555306504194e-21,1e-12
2578,1.15844402136468e-20,1e-12
2579,3.55375361100561e-20,1e-12
2580,9.33383836426421e-20,1e-12
2581,1.98669405589288e-19,1e-12
2582,3.88021346387658e-19,1e-12
2583,6.63214155982246e-19,1e-12
2584,8.36183488229524e-19,1e-12
2585,9.72964341983841e-19,1e-12
2586,8.69133647775477e-19,1e-12
2587,7.55954877769171e-19,1e-12
2588,4.57351506068759e-19,1e-12
2589,1.07920045364795e-19,1e-12
2590,4.09674902612335e-21,1e-12
2591,5.12382667179362e-13,1e-12
2592,7.74221186532119e-14,1e-12
2593,8.57349113286123e-23,1e-12
2594,1.28656340748614e-20,1e-12
2595,6.26309705147474e-20,1e-12
2596,1.65921706887132e-19,1e-12
2597,5.3495127922673e-19,1e-12
2598,1.08047515147627e-18,1e-12
2599,1.75193502265221e-18,1e-12
2600,2.25655447409672e-18,1e-12
2601,1.96633176225109e-18,1e-12
2602,1.4036979260283e-18,1e-12
2603,8.11632624693922e-19,1e-12
2604,2.46998836248343e-19,1e-12
2605,3.84148666341031e-20,1e-12
2606,1.62070745066296e-21,1e-12
2607,9.54964505860119e-18,1e-12
2608,1.73489088837325e-22,1e-12
2609,1.2153888012605e-20,1e-12
2610,8.18050958409856e-20,1e-12
2611,4.02319991772597e-19,1e-12
2612,1.09506518920181e-18,1e-12
2613,1.84296502261138e-18,1e-12
2614,2.55321162676959e-18,1e-12
2615,2.75012414552413e-18,1e-12
2616,2.38539318782105e-18,1e-12
2617,1.65982053765146e-18,1e-12
2618,8.82266240079233e-19,1e-12
2619,2.60308112065949e-19,1e-12
2620,3.6005909158285e-20,1e-12
2621,5.35317358089222e-23,1e-12
2622,1.79445981048915e-17,1e-12
2623,2.65350759684848e-13,1e-12
2624,1.76146447328124e-22,1e-12
2625,7.84081492990522e-22,1e-12
2626,9.34918140137027e-22,1e-12
2627,6.26625976211167e-21,1e-12
2628,2.04988098358548e-20,1e-12
2629,7.06269143186276e-21,1e-12
2630,3.12793483730084e-21,1e-12
2631,2.39965569262082e-22,1e-12
2632,6.8675909892675e-13,1e-12
2633,7.4857796337613e-22,1e-12
2634,1.03019962391868e-21,1e-12
2635,1.74868254624935e-22,1e-12
2636,9.14424315765896e-20,1e-12
2637,4.38991627055688e-19,1e-12
2638,1.37040387094586e-18,1e-12
2639,3.30187650592218e-18,1e-12
2640,5.6948540570008e-18,1e-12
2641,8.10541384647755e-18,1e-12
2642,9.44247289260149e-18,1e-12
2643,8.84626291345606e-18,1e-12
2644,6.76507645457426e-18,1e-12
2645,3.20494296751604e-18,1e-12
2646,7.23886517558023e-19,1e-12
2647,3.5946142270229e-21,1e-12
2648,3.96773873889839e-17,1e-12
2649,5.48325727752931e-21,1e-12
2650,4.74166227417043e-21,1e-12
2651,5.0246249365323e-20,1e-12
2652,5.30309449444722e-19,1e-12
2653,2.51563562571609e-18,1e-12
2654,7.33782399803976e-18,1e-12
2655,1.41004800340278e-17,1e-12
2656,1.95889504705894e-17,1e-12
2657,2.34384420160786e-17,1e-12
2658,2.63220947415769e-17,1e-12
2659,2.89218813884007e-17,1e-12
2660,3.18067498468558e-17,1e-12
2661,3.43217633556727e-17,1e-12
2662,3.58983275939467e-17,1e-12
2663,3.66116233182938e-17,1e-12
2664,3.37794247426074e-17,1e-12
2665,2.8317749495066e-17,1e-12
2666,2.02180873877369e-17,1e-12
2667,1.17926992230675e-17,1e-12
2668,5.58847178029872e-18,1e-12
2669,2.0078788850867e-18,1e-12
2670,4.7180881508034e-19,1e-12
2671,2.72691114831079e-20,1e-12
2672,4.06127779306613e-21,1e-12
2673,2.77143976961818e-14,1e-12
2674,5.3219053746489e-21,1e-12
2675,1.86231632194167e-21,1e-12
2676,1.44035737867534e-21,1e-12
2677,2.38693360102529e-20,1e-12
2678,8.17938699716187e-20,1e-12
2679,1.44202815889531e-19,1e-12
2680,3.82180128622298e-19,1e-12
2681,5.3410254712175e-19,1e-12
2682,6.15590626750444e-19,1e-12
2683,5.08478291880987e-19,1e-12
2684,4.04683534779358e-19,1e-12
2685,1.76116019381674e-19,1e-12
2686,4.66279063965624e-20,1e-12
2687,1.40375925256316e-20,1e-12
2688,1.43060799186547e-22,1e-12
2689,1.70016967623452e-13,1e-12
2690,1.82284702719753e-18,1e-12
2691,2.91103736016958e-13,1e-12
2692,7.87458776062725e-22,1e-12
2693,3.31466756722769e-21,1e-12
2694,1.58733584391017e-20,1e-12
2695,4.38693950256831e-20,1e-12
2696,8.73884752341094e-20,1e-12
2697,1.31005419320869e-19,1e-12
2698,1.3343555296371e-19,1e-12
2699,9.04197767142656e-20,1e-12
2700,5.96356125934297e-20,1e-12
2701,4.75164458841295e-20,1e-12
2702,8.52347245890161e-21,1e-12
2703,4.61684129537475e-21,1e-12
2704,2.50804921373681e-21,1e-12
2705,5.32768279690996e-14,1e-12
2706,2.79698592799885e-19,1e-12
2707,1.8258213596253e-13,1e-12
2708,9.69672666253444e-22,1e-12
2709,6.52312649510229e-22,1e-12
2710,5.44712615035925e-22,1e-12
2711,2.86873453748963e-21,1e-12
2712,5.1976711381111e-21,1e-12
2713,3.71260359610354e-21,1e-12
2714,1.9639195918652e-21,1e-12
2715,4.95459537653516e-21,1e-12
2716,3.85837693621332e-21,1e-12
2717,4.17283761489418e-21,1e-12
2718,7.02810583705913e-22,1e-12
2719,1.4957528119805e-21,1e-12
2720,7.27453811171683e-13,1e-12
2721,4.22599287453808e-13,1e-12
2722,3.1149270847763e-13,1e-12
2723,4.28516048488016e-13,1e-12
2724,9.40442372565672e-22,1e-12
2725,1.46890009178874e-21,1e-12
2726,2.65731739761495e-21,1e-12
2727,4.73752179400508e-23,1e-12
2728,3.06285313845924e-20,1e-12
2729,8.22222986711333e-20,1e-12
2730,1.85665543791327e-19,1e-12
2731,3.46182334995528e-19,1e-12
2732,5.16372065846845e-19,1e-12
2733,7.05446066215059e-19,1e-12
2734,8.32008455291023e-19,1e-12
2735,1.05150690792197e-18,1e-12
2736,1.15728770808461e-18,1e-12
2737,1.09487869875937e-18,1e-12
2738,8.59201091275379e-19,1e-12
2739,5.11674245152214e-19,1e-12
2740,2.86534427628036e-19,1e-12
2741,1.12330189516447e-19,1e-12
2742,2.01219999911786e-20,1e-12
2743,8.06947548431184e-21,1e-12
2744,6.12739025343407e-13,1e-12
2745,4.45359550203667e-17,1e-12
2746,5.97987001732164e-21,1e-12
2747,1.71928384315742e-21,1e-12
2748,4.46952870408902e-21,1e-12
2749,7.13830341116236e-21,1e-12
2750,4.57662215439579e-20,1e-12
2751,1.14016713660047e-19,1e-12
2752,1.91210087217506e-19,1e-12
2753,2.49609179897496e-19,1e-12
2754,2.9099500526199e-19,1e-12
2755,1.89349516640002e-19,1e-12
2756,1.91050498420729e-19,1e-12
2757,8.15778723182663e-20,1e-12
2758,2.61383109989682e-20,1e-12
2759,1.77762104353049e-20,1e-12
2760,7.55352908602476e-22,1e-12
2761,3.09909450155725e-13,1e-12
2762,1.20659814542353e-13,1e-12
2763,4.65035857329568e-13,1e-12
2764,2.44672152052534e-13,1e-12
2765,6.69382123182133e-13,1e-12
2766,9.28631725198955e-22,1e-12
2767,2.78195975768748e-22,1e-12
2768,1.58318574405228e-21,1e-12
2769,3.24865923235663e-21,1e-12
2770,1.41574201852931e-21,1e-12
2771,3.52169085557658e-22,1e-12
2772,6.58429609409784e-22,1e-12
2773,4.41138951783868e-13,1e-12
2774,6.26384521354863e-14,1e-12
2775,5.38225632564755e-15,1e-12
2776,2.07858911888243e-14,1e-12
2777,3.0861132680596e-13,1e-12
2778,1.3885278604071e-21,1e-12
2779,1.27088700521838e-21,1e-12
2780,2.11624861619206e-21,1e-12
2781,1.46981351950539e-21,1e-12
2782,2.07309479914364e-22,1e-12
2783,1.13032090315929e-21,1e-12
2784,7.43964410929899e-22,1e-12
2785,2.68339827410724e-21,1e-12
2786,2.38373854112773e-21,1e-12
2787,7.45122491474821e-13,1e-12
2788,5.46285030463649e-14,1e-12
2789,8.71269584231191e-13,1e-12
2790,1.54267534099954e-13,1e-12
2791,9.77767063287708e-22,1e-12
2792,3.09297046886208e-22,1e-12
2793,5.53019893036006e-21,1e-12
2794,2.28955157196869e-20,1e-12
2795,2.49876377925261e-20,1e-12
2796,1.31902224606494e-20,1e-12
2797,6.10218011409714e-20,1e-12
2798,4.2160337182528e-20,1e-12
2799,5.97076779607146e-20,1e-12
2800,5.63714696200149e-20,1e-12
2801,3.46541837569753e-20,1e-12
2802,3.11322769584532e-20,1e-12
2803,9.65734864598912e-21,1e-12
2804,1.10268824285596e-20,1e-12
2805,1.36624170496008e-20,1e-12
2806,2.70673153121657e-21,1e-12
2807,1.41782100010063e-21,1e-12
2808,6.75702880091489e-21,1e-12
2809,2.32511684556208e-21,1e-12
2810,1.00823483134319e-21,1e-12
2811,4.82787500734933e-13,1e-12
2812,1.38401048380018e-13,1e-12
2813,6.18288647190125e-14,1e-12
2814,6.29219722414678e-14,1e-12
2815,1.34207668811443e-13,1e-12
2816,3.03315436609972e-13,1e-12
2817,5.94986458071653e-13,1e-12
2818,8.1461854976003e-13,1e-12
2819,8.83968087735722e-13,1e-12
2820,8.91625792726657e-13,1e-12
2821,8.3464139263889e-13,1e-12
2822,8.54147207674891e-13,1e-12
2823,8.09665640326976e-13,1e-12
2824,5.89566409528795e-13,1e-12
2825,3.41291095548521e-13,1e-12
2826,1.22581990348229e-13,1e-12
2827,2.64721144694835e-14,1e-12
2828,6.99137231171595e-15,1e-12
2829,9.08924536094868e-15,1e-12
2830,5.7259744896555e-14,1e-12
2831,2.90338647293814e-13,1e-12
2832,9.25354823570899e-22,1e-12
2833,1.27001437349595e-21,1e-12
2834,2.19824321487223e-21,1e-12
2835,1.4804035867526e-20,1e-12
2836,3.71691665665746e-20,1e-12
2837,1.87400181983112e-19,1e-12
2838,5.00990657812906e-19,1e-12
2839,1.22910003892372e-18,1e-12
2840,2.79344811052086e-18,1e-12
2841,5.32662542338524e-18,1e-12
2842,9.43906355175793e-18,1e-12
2843,1.59376215129564e-17,1e-12
2844,2.36119581220657e-17,1e-12
2845,3.13064959172013e-17,1e-12
2846,3.7086145131839e-17,1e-12
2847,3.76029096007408e-17,1e-12
2848,3.93301885816848e-17,1e-12
2849,4.82288337260127e-17,1e-12
2850,6.38991088389267e-17,1e-12
2851,8.15099531423749e-17,1e-12
2852,8.62353050165598e-14,1e-12
2853,8.04976258939981e-17,1e-12
2854,5.07171665969877e-17,1e-12
2855,1.92017890595292e-17,1e-12
2856,9.34110794416742e-17,1e-12
2857,2.37452024895173e-16,1e-12
2858,1.1088006298704e-16,1e-12
2859,3.35751356583433e-21,1e-12
2860,5.35415036090341e-21,1e-12
2861,2.12916965430561e-19,1e-12
2862,1.58829829174319e-18,1e-12
2863,6.66185832505821e-18,1e-12
2864,1.65007445805996e-17,1e-12
2865,2.64062179177756e-17,1e-12
2866,3.23295819830592e-17,1e-12
2867,3.52438783038796e-17,1e-12
2868,3.70772662871318e-17,1e-12
2869,3.87850077318558e-17,1e-12
2870,4.1547153114653e-17,1e-12
2871,4.65899254731181e-17,1e-12
2872,4.99728332065256e-17,1e-12
2873,4.92532963047146e-17,1e-12
2874,4.10938763507488e-17,1e-12
2875,2.89682498969007e-17,1e-12
2876,1.62373972266106e-17,1e-12
2877,6.70531712003562e-18,1e-12
2878,1.98262600907542e-18,1e-12
2879,1.14120971979929e-19,1e-12
2880,2.39705342956103e-20,1e-12
2881,3.76181950558778e-21,1e-12
2882,9.50983518148283e-13,1e-12
2883,1.12360711956998e-21,1e-12
2884,5.66308036215838e-21,1e-12
2885,1.98260232195275e-22,1e-12
2886,2.45346660074355e-20,1e-12
2887,6.18417078462391e-20,1e-12
2888,6.26597441667081e-20,1e-12
2889,9.66482177001865e-20,1e-12
2890,8.27635725789159e-20,1e-12
2891,3.87788661841138e-20,1e-12
2892,2.23892722911361e-20,1e-12
2893,1.2586523590895e-20,1e-12
2894,1.06706573567754e-21,1e-12
2895,1.54631025218281e-20,1e-12
2896,8.842699630512e-13,1e-12
2897,4.28193638620948e-21,1e-12
2898,3.82579812467292e-20,1e-12
2899,1.17237576884877e-19,1e-12
2900,4.8780692655039e-19,1e-12
2901,1.27661097014938e-18,1e-12
2902,2.83923552261344e-18,1e-12
2903,5.02024476531793e-18,1e-12
2904,7.38007476852686e-18,1e-12
2905,8.93691314373467e-18,1e-12
2906,9.20342809012853e-18,1e-12
2907,7.87982896994135e-18,1e-12
2908,5.63821620424588e-18,1e-12
2909,3.28254525346536e-18,1e-12
2910,1.53157813861136e-18,1e-12
2911,5.43103857658487e-19,1e-12
2912,1.97493962858063e-19,1e-12
2913,3.54009053269441e-20,1e-12
2914,2.32839198859725e-21,1e-12
2915,3.51702958932245e-14,1e-12
2916,3.02671790900255e-15,1e-12
2917,2.181649774639e-13,1e-12
2918,4.20155848441831e-22,1e-12
2919,3.83851876834589e-21,1e-12
2920,4.77868656690283e-21,1e-12
2921,3.5834533135278e-21,1e-12
2922,7.18423370367712e-21,1e-12
2923,4.5040920987949e-21,1e-12
2924,3.20646172204836e-21,1e-12
2925,4.57786781191425e-22,1e-12
2926,6.44930120849449e-22,1e-12
2927,2.88330061675542e-22,1e-12
2928,6.55076374690755e-13,1e-12
2929,2.19864938076686e-14,1e-12
2930,2.05464892892468e-21,1e-12
2931,5.02248970661538e-13,1e-12
2932,1.66045360204364e-21,1e-12
2933,1.19367082648501e-22,1e-12
2934,4.06969419634565e-21,1e-12
2935,3.655169018492e-21,1e-12
2936,8.56260138187171e-22,1e-12
2937,5.47532067902474e-13,1e-12
2938,1.16463562637435e-20,1e-12
2939,9.73786792339674e-21,1e-12
2940,1.99836094493355e-22,1e-12
2941,2.09123724479794e-21,1e-12
2942,8.29657257894987e-21,1e-12
2943,1.61116877347775e-20,1e-12
2944,1.31804543736195e-19,1e-12
2945,2.06693863277835e-19,1e-12
2946,4.17504209890434e-19,1e-12
2947,7.05402907633693e-19,1e-12
2948,1.07212447928774e-18,1e-12
2949,1.48371114952898e-18,1e-12
2950,1.80029944779176e-18,1e-12
2951,1.94817787620098e-18,1e-12
2952,1.84860312686263e-18,1e-12
2953,1.70257538435911e-18,1e-12
2954,1.29494283079193e-18,1e-12
2955,1.00865140309682e-18,1e-12
2956,6.66653788059668e-19,1e-12
2957,4.21071418087539e-19,1e-12
2958,2.211334212177e-19,1e-12
2959,1.46764637666892e-19,1e-12
2960,5.838679841551e-20,1e-12
2961,1.79373597046489e-20,1e-12
2962,2.08913139441449e-20,1e-12
2963,1.55544588937404e-21,1e-12
2964,2.85555212811506e-21,1e-12
2965,3.29093104360951e-21,1e-12
2966,2.76137040186786e-13,1e-12
2967,4.65648048201012e-13,1e-12
2968,5.10384095391582e-13,1e-12
2969,7.26434366935681e-13,1e-12
2970,2.50156311279638e-23,1e-12
2971,1.53182305378241e-21,1e-12
2972,1.79891867663256e-21,1e-12
2973,1.13824488919805e-21,1e-12
2974,2.05504901559063e-22,1e-12
2975,5.97391040827724e-21,1e-12
2976,1.03252881466852e-21,1e-12
2977,1.1386732802559e-20,1e-12
2978,3.30659259452678e-20,1e-12
2979,9.80867287404321e-20,1e-12
2980,1.72219932115695e-19,1e-12
2981,2.5359308594641e-19,1e-12
2982,4.24232211387103e-19,1e-12
2983,5.35913612454256e-19,1e-12
2984,8.47753172159379e-19,1e-12
2985,1.33953376666542e-18,1e-12
2986,2.15278091749643e-18,1e-12
2987,3.60037865836779e-18,1e-12
2988,5.50097282200531e-18,1e-12
2989,7.63253744556377e-18,1e-12
2990,9.14900477722743e-18,1e-12
2991,9.78187755771234e-18,1e-12
2992,8.8064260639452e-18,1e-12
2993,6.4539216835989e-18,1e-12
2994,3.37440950581349e-18,1e-12
2995,9.94298670888879e-19,1e-12
2996,1.44504068675344e-19,1e-12
2997,5.60005918750846e-22,1e-12
2998,1.51991533677104e-17,1e-12
2999,7.30262255736347e-22,1e-12
3000,4.86329693851015e-21,1e-12
3001,8.89327492942049e-20,1e-12
3002,7.01425561892831e-19,1e-12
3003,2.664550836371e-18,1e-12
3004,6.32113385676481e-18,1e-12
3005,1.01507374160116e-17,1e-12
3006,1.2467199473622e-17,1e-12
3007,1.2561926035076e-17,1e-12
3008,1.21386131548863e-17,1e-12
3009,1.03142939999687e-17,1e-12
3010,8.0131133895708e-18,1e-12
3011,5.44910417643237e-18,1e-12
3012,3.13353876211106e-18,1e-12
3013,1.33090482067737e-18,1e-12
3014,3.71925548240423e-19,1e-12
3015,5.95740988224759e-20,1e-12
3016,6.23207967724906e-21,1e-12
3017,3.87227740035664e-13,1e-12
3018,1.07397737232311e-14,1e-12
3019,2.18912230028852e-22,1e-12
3020,6.71062373088112e-22,1e-12
3021,1.26158442109292e-21,1e-12
3022,4.33823541934915e-20,1e-12
3023,4.8942439670799e-20,1e-12
3024,5.63886888322372e-20,1e-12
3025,5.35415138215158e-20,1e-12
3026,3.19041900485522e-20,1e-12
3027,1.61331660058266e-20,1e-12
3028,2.68890156967126e-21,1e-12
3029,2.21821204670635e-21,1e-12
3030,2.33664768990606e-14,1e-12
3031,8.91050285772196e-20,1e-12
3032,4.66930266114652e-22,1e-12
3033,7.78304053464768e-22,1e-12
3034,3.43835019910011e-21,1e-12
3035,8.57545103823735e-21,1e-12
3036,1.8279848215566e-20,1e-12
3037,5.25542909999272e-21,1e-12
3038,7.88044929405107e-21,1e-12
3039,2.10226609487124e-21,1e-12
3040,8.41384416348795e-13,1e-12
3041,3.8459206635888e-17,1e-12
3042,1.55682824884567e-20,1e-12
3043,1.54717300825506e-21,1e-12
3044,5.27395880536806e-21,1e-12
3045,1.96127405131095e-20,1e-12
3046,4.30685254359784e-20,1e-12
3047,1.09338283285478e-19,1e-12
3048,3.2699533217532e-19,1e-12
3049,6.1284235147047e-19,1e-12
3050,8.56978675928069e-19,1e-12
3051,1.00297010642476e-18,1e-12
3052,1.14924241557608e-18,1e-12
3053,1.2113285897418e-18,1e-12
3054,1.11665333134637e-18,1e-12
3055,9.2754356936399e-19,1e-12
3056,5.93397300693342e-19,1e-12
3057,2.72500672371859e-19,1e-12
3058,6.93559861744868e-20,1e-12
3059,1.12627333165889e-20,1e-12
3060,2.67831054594566e-22,1e-12
3061,1.9643859471547e-17,1e-12
3062,1.62777746574352e-22,1e-12
3063,1.71740058280974e-21,1e-12
3064,2.0722794336874e-21,1e-12
3065,3.52297958846477e-21,1e-12
3066,1.49129433420187e-20,1e-12
3067,1.62569933189939e-20,1e-12
3068,3.11269099265673e-21,1e-12
3069,2.05150742869413e-20,1e-12
3070,1.05482120517586e-20,1e-12
3071,1.90314435020728e-20,1e-12
3072,3.01354408999951e-21,1e-12
3073,8.68968178246509e-22,1e-12
3074,9.20213644401911e-13,1e-12
3075,9.7811338840293e-15,1e-12
3076,3.59139843870842e-20,1e-12
3077,7.0622264615448e-13,1e-12
3078,2.13906002590116e-21,1e-12
3079,5.59068516947767e-21,1e-12
3080,7.86159704531673e-21,1e-12
3081,8.88979556258134e-21,1e-12
3082,4.09756396596214e-20,1e-12
3083,5.10416771429243e-20,1e-12
3084,1.10662031636437e-19,1e-12
3085,7.98649587299216e-20,1e-12
3086,5.3286264926649e-20,1e-12
3087,4.92056723420167e-20,1e-12
3088,3.54860279763877e-20,1e-12
3089,1.6214948467177e-20,1e-12
3090,2.23022583208387e-20,1e-12
3091,5.78850357670227e-21,1e-12
3092,4.46407756713109e-21,1e-12
3093,1.39982528646089e-21,1e-12
3094,6.63645364035302e-13,1e-12
3095,7.3266033054914e-14,1e-12
3096,3.22867288271578e-14,1e-12
3097,6.52335503907569e-13,1e-12
3098,2.23450702202534e-13,1e-12
3099,3.97566052322609e-22,1e-12
3100,8.64965687287645e-22,1e-12
3101,8.11371586776983e-21,1e-12
3102,9.93911343316699e-21,1e-12
3103,4.41468796393629e-20,1e-12
3104,7.94546216856747e-20,1e-12
3105,1.73853946134878e-19,1e-12
3106,3.6594973368278e-19,1e-12
3107,5.43387536018528e-19,1e-12
3108,7.15904076589738e-19,1e-12
3109,8.28322663096405e-19,1e-12
3110,8.08906179391423e-19,1e-12
3111,7.33795513320061e-19,1e-12
3112,6.41107754169206e-19,1e-12
3113,5.01712535217875e-19,1e-12
3114,3.66528322682181e-19,1e-12
3115,2.72360747922682e-19,1e-12
3116,1.73522796348712e-19,1e-12
3117,1.23210643192521e-19,1e-12
3118,6.47448077774681e-20,1e-12
3119,3.64853861848305e-20,1e-12
3120,3.52281720943056e-21,1e-12
3121,2.65166966681436e-21,1e-12
3122,2.67059696614282e-13,1e-12
3123,4.45075408130332e-18,1e-12
3124,5.70426387656378e-21,1e-12
3125,6.2713718317476e-13,1e-12
3126,1.52989771934348e-21,1e-12
3127,3.37071764222288e-21,1e-12
3128,2.7742348425431e-21,1e-12
3129,4.72739929068599e-21,1e-12
3130,1.03535345901951e-20,1e-12
3131,1.55814453902847e-20,1e-12
3132,4.65914423747529e-20,1e-12
3133,5.53777613305187e-20,1e-12
3134,4.73261825819369e-20,1e-12
3135,5.86780054245493e-20,1e-12
3136,5.91301347798473e-20,1e-12
3137,3.15548957057246e-20,1e-12
3138,4.89045606611938e-21,1e-12
3139,1.23464395600885e-20,1e-12
3140,3.53931898440024e-21,1e-12
3141,4.57971109736188e-21,1e-12
3142,3.58509047997618e-22,1e-12
3143,9.78539763834198e-22,1e-12
3144,1.0981287740629e-22,1e-12
3145,7.21313999663028e-13,1e-12
3146,4.9808416278648e-13,1e-12
3147,4.46759197311043e-13,1e-12
3148,5.65923639676014e-13,1e-12
3149,8.17388735825694e-13,1e-12
3150,2.01092247157132e-21,1e-12
3151,1.5638085966167e-21,1e-12
3152,5.9315165365888e-22,1e-12
3153,9.22635138341525e-13,1e-12
3154,2.58258637386662e-13,1e-12
3155,3.04697703866393e-14,1e-12
3156,2.86324835144725e-18,1e-12
3157,1.20395981824651e-13,1e-12
3158,7.15775698217339e-13,1e-12
3159,1.38014970802054e-21,1e-12
3160,1.26665328404527e-21,1e-12
3161,2.16032119323263e-21,1e-12
3162,1.44538079628942e-20,1e-12
3163,2.52117016709269e-20,1e-12
3164,3.25669011336981e-20,1e-12
3165,4.71909742215872e-20,1e-12
3166,6.35506331304511e-20,1e-12
3167,3.01994317027252e-20,1e-12
3168,2.03906767549318e-20,1e-12
3169,2.8265069640751e-20,1e-12
3170,2.32620514036025e-20,1e-12
3171,1.99360308562537e-20,1e-12
3172,7.75975587850084e-21,1e-12
3173,3.59923621644945e-21,1e-12
3174,3.244550472411e-21,1e-12
3175,6.77579402096361e-13,1e-12
3176,4.3797041803351e-14,1e-12
3177,8.74725287423507e-13,1e-12
3178,3.30241834461892e-15,1e-12
3179,1.47084055515062e-13,1e-12
3180,4.55052079439419e-13,1e-12
3181,9.89892683907658e-13,1e-12
3182,1.24529172116827e-21,1e-12
3183,2.25092669911706e-21,1e-12
3184,1.6190921810734e-21,1e-12
3185,1.67075136033395e-21,1e-12
3186,1.99915877713513e-21,1e-12
3187,1.29547221982934e-21,1e-12
3188,3.39671341629372e-23,1e-12
3189,8.98725030836236e-22,1e-12
3190,1.35630959969079e-21,1e-12
3191,2.4286419654623e-21,1e-12
3192,3.24088236755812e-22,1e-12
3193,1.67436079680224e-21,1e-12
3194,6.14961566529274e-13,1e-12
3195,8.38654910261695e-14,1e-12
3196,1.8875616801118e-15,1e-12
3197,4.68441399023456e-16,1e-12
3198,6.79126849221209e-14,1e-12
3199,1.9702658287956e-13,1e-12
3200,3.84570811492172e-13,1e-12
3201,7.22885427555824e-13,1e-12
3202,1.3113434502874e-21,1e-12
3203,7.1897388053316e-22,1e-12
3204,2.14942239969309e-21,1e-12
3205,1.45314702090167e-22,1e-12
3206,1.35376328197586e-21,1e-12
3207,3.29247363633031e-22,1e-12
3208,1.16554462845297e-21,1e-12
3209,2.74904640426791e-23,1e-12
3210,8.47472936187384e-13,1e-12
3211,5.35521097740792e-13,1e-12
3212,3.07743427348121e-13,1e-12
3213,9.61814113161607e-14,1e-12
3214,2.75268836998743e-15,1e-12
3215,2.43807487861258e-22,1e-12
3216,1.1202238400519e-13,1e-12
3217,5.77521515915646e-13,1e-12
3218,7.70517030766761e-22,1e-12
3219,3.18701872975701e-22,1e-12
3220,1.21110527326517e-21,1e-12
3221,1.47677262976658e-21,1e-12
3222,5.35019872066793e-23,1e-12
3223,1.69495809239384e-21,1e-12
3224,9.50758303277986e-22,1e-12
3225,6.97010927952296e-13,1e-12
3226,1.477143597372e-13,1e-12
3227,3.82334801513715e-15,1e-12
3228,2.28762188730895e-13,1e-12
3229,6.66934062573439e-15,1e-12
3230,2.22826653971383e-14,1e-12
3231,4.16821516811451e-14,1e-12
3232,7.09387051345927e-14,1e-12
3233,1.06073254096712e-13,1e-12
3234,1.13739355761478e-13,1e-12
3235,8.40298680660423e-14,1e-12
3236,3.08013453892122e-14,1e-12
3237,2.7488980269621e-15,1e-12
3238,5.45089424545582e-15,1e-12
3239,4.10611851572048e-15,1e-12
3240,2.51783025700171e-14,1e-12
3241,7.89040436617254e-14,1e-12
3242,2.01401593493998e-13,1e-12
3243,4.40179196213835e-13,1e-12
3244,9.33607364437039e-13,1e-12
3245,2.05358053909464e-22,1e-12
3246,7.57476476476692e-22,1e-12
3247,5.83836891102239e-22,1e-12
3248,2.78295273594239e-21,1e-12
3249,3.14505974859777e-21,1e-12
3250,3.34685740955452e-21,1e-12
3251,2.90131873866631e-21,1e-12
3252,2.21954375869231e-21,1e-12
3253,6.588198061803e-22,1e-12
3254,2.90701452325192e-21,1e-12
3255,2.94329494932569e-21,1e-12
3256,1.59121661761643e-22,1e-12
3257,7.38316569154929e-13,1e-12
3258,2.62021567890823e-13,1e-12
3259,7.17601642210244e-14,1e-12
3260,2.29966310058806e-14,1e-12
3261,2.30546135649394e-14,1e-12
3262,8.21170720072582e-14,1e-12
3263,2.73459267217662e-13,1e-12
3264,6.90846370812917e-13,1e-12
3265,8.58082878728724e-22,1e-12
3266,1.69571594960811e-21,1e-12
3267,2.03276150955873e-21,1e-12
3268,3.00130159958911e-21,1e-12
3269,4.96143590940103e-21,1e-12
3270,1.76960721048971e-20,1e-12
3271,8.50716121001929e-21,1e-12
3272,1.10321947048094e-20,1e-12
3273,1.94563946415032e-20,1e-12
3274,1.87041115228138e-21,1e-12
3275,2.60319255231365e-22,1e-12
3276,1.36332558614382e-13,1e-12
3277,3.99273500775913e-19,1e-12
3278,4.71449178301665e-14,1e-12
3279,8.1328852372385e-13,1e-12
3280,4.22461718875958e-22,1e-12
3281,5.26431340693078e-21,1e-12
3282,1.05209409501252e-21,1e-12
3283,7.30821763932084e-21,1e-12
3284,1.2229127532999e-20,1e-12
3285,8.43081939257124e-21,1e-12
3286,1.47799371778995e-21,1e-12
3287,8.0669810406951e-21,1e-12
3288,1.22547685968363e-21,1e-12
3289,1.37159697940002e-21,1e-12
3290,8.29808139886951e-22,1e-12
3291,1.40645968141912e-13,1e-12
3292,4.21853407884145e-16,1e-12
3293,4.64724763507857e-21,1e-12
3294,3.82311859560828e-14,1e-12
3295,5.01006772541712e-14,1e-12
3296,1.29176482903505e-14,1e-12
3297,3.85655130687544e-15,1e-12
3298,5.20816598572252e-14,1e-12
3299,6.93951689461839e-13,1e-12
3300,8.05734193861836e-22,1e-12
3301,7.32132244711939e-22,1e-12
3302,4.43926700963543e-21,1e-12
3303,1.18317257793947e-20,1e-12
3304,1.93114479774228e-20,1e-12
3305,3.1703804787132e-20,1e-12
3306,2.81057042061898e-20,1e-12
3307,1.0477702234616e-20,1e-12
3308,1.70535051158912e-20,1e-12
3309,9.78288919255127e-21,1e-12
3310,9.60222218821719e-22,1e-12
3311,3.00189425180128e-22,1e-12
3312,1.77391526200501e-13,1e-12
3313,9.66274063678799e-15,1e-12
3314,1.80925941767109e-20,1e-12
3315,3.3099451336614e-14,1e-12
3316,1.17065758645246e-13,1e-12
3317,2.70786184305192e-13,1e-12
3318,4.65566403996241e-13,1e-12
3319,5.80376761634981e-13,1e-12
3320,4.82161923415708e-13,1e-12
3321,2.24403241669975e-13,1e-12
3322,4.04495039091714e-14,1e-12
3323,1.32025118383356e-17,1e-12
3324,3.33523448727801e-13,1e-12
3325,5.61232978284725e-14,1e-12
3326,1.80480155125631e-13,1e-12
3327,3.82411360803221e-13,1e-12
3328,7.17038269890534e-13,1e-12
3329,8.37311873684614e-22,1e-12
3330,5.73631564420337e-24,1e-12
3331,1.1117493692337e-21,1e-12
3332,1.05878118849627e-21,1e-12
3333,7.72394673398511e-22,1e-12
3334,6.55801973124287e-13,1e-12
3335,2.29509100480599e-13,1e-12
3336,5.49928948237908e-14,1e-12
3337,6.03989829485247e-15,1e-12
3338,4.07508758900443e-15,1e-12
3339,9.82986635153481e-14,1e-12
3340,3.50303418480889e-14,1e-12
3341,1.96530958752439e-13,1e-12
3342,6.02382353826917e-13,1e-12
3343,1.05615990166309e-21,1e-12
3344,3.93707273586863e-23,1e-12
3345,2.13855670763214e-21,1e-12
3346,2.93603730349421e-21,1e-12
3347,2.77935910373144e-21,1e-12
3348,1.167916901792e-20,1e-12
3349,3.90582106221738e-21,1e-12
3350,2.45913977712339e-20,1e-12
3351,4.99411164304324e-20,1e-12
3352,1.11012314525509e-19,1e-12
3353,1.91528777298146e-19,1e-12
3354,2.96217120824916e-19,1e-12
3355,4.88929808461306e-19,1e-12
3356,5.9760254388505e-19,1e-12
3357,7.47730967257127e-19,1e-12
3358,7.80595553955489e-19,1e-12
3359,8.72852190120172e-19,1e-12
3360,7.71138686755081e-19,1e-12
3361,7.57075123933239e-19,1e-12
3362,6.17547132921614e-19,1e-12
3363,4.95676166059015e-19,1e-12
3364,4.33355731022779e-19,1e-12
3365,2.6690435898091e-19,1e-12
3366,1.69405316715479e-19,1e-12
3367,9.40297010799538e-20,1e-12
3368,5.84846044936419e-20,1e-12
3369,2.11270097516295e-20,1e-12
3370,3.31408382921061e-21,1e-12
3371,6.61292801671861e-21,1e-12
3372,7.95606931975211e-13,1e-12
3373,3.73169563959996e-14,1e-12
3374,7.20619724751478e-16,1e-12
3375,8.71541982822399e-14,1e-12
3376,5.0095566662625e-13,1e-12
3377,1.68154723680884e-21,1e-12
3378,1.85207259196152e-21,1e-12
3379,8.64938224979916e-22,1e-12
3380,6.45829676388602e-21,1e-12
3381,8.37281389372832e-21,1e-12
3382,1.7781883608596e-20,1e-12
3383,3.99571049240717e-20,1e-12
3384,9.54886255074483e-20,1e-12
3385,1.34754656414965e-19,1e-12
3386,1.65124735454816e-19,1e-12
3387,2.11385264889181e-19,1e-12
3388,1.86591704034554e-19,1e-12
3389,1.84251442462737e-19,1e-12
3390,1.6797431446935e-19,1e-12
3391,9.07463013894991e-20,1e-12
3392,3.15571440962345e-20,1e-12
3393,1.85355414544077e-20,1e-12
3394,6.18307782832057e-22,1e-12
3395,9.94514786397125e-22,1e-12
3396,5.04956414323607e-13,1e-12
3397,5.60563019557054e-15,1e-12
3398,4.05545005936728e-18,1e-12
3399,1.25257639155217e-13,1e-12
3400,7.10018663241655e-13,1e-12
3401,1.08378999972278e-21,1e-12
3402,2.95538560937454e-21,1e-12
3403,2.1115348866967e-21,1e-12
3404,8.98074779292947e-22,1e-12
3405,4.52559103240729e-22,1e-12
3406,1.43278574357544e-21,1e-12
3407,3.81521771341702e-13,1e-12
3408,2.06720245186507e-15,1e-12
3409,4.37139249229689e-21,1e-12
3410,6.88239963206213e-13,1e-12
3411,1.30812031612042e-21,1e-12
3412,8.83367056814172e-23,1e-12
3413,6.3779568224536e-21,1e-12
3414,4.22169725890515e-20,1e-12
3415,4.55892386277057e-20,1e-12
3416,1.22059205645402e-19,1e-12
3417,2.09508054221302e-19,1e-12
3418,2.46236162305922e-19,1e-12
3419,3.08987444557121e-19,1e-12
3420,4.01211969256167e-19,1e-12
3421,4.5673096972708e-19,1e-12
3422,5.18279733933979e-19,1e-12
3423,4.64766059518347e-19,1e-12
3424,4.86063691102213e-19,1e-12
3425,3.27749679206631e-19,1e-12
3426,2.74780493940039e-19,1e-12
3427,1.65773978888335e-19,1e-12
3428,9.59209012959648e-20,1e-12
3429,6.0089354156118e-20,1e-12
3430,4.09893480056673e-20,1e-12
3431,1.20798116590539e-20,1e-12
3432,3.83657450128167e-21,1e-12
3433,6.99567946216873e-14,1e-12
3434,2.66150547243863e-16,1e-12
3435,3.85566282874039e-13,1e-12
3436,3.96998179953468e-22,1e-12
3437,3.01792980719228e-21,1e-12
3438,1.99775054600933e-20,1e-12
3439,9.3856360492342e-20,1e-12
3440,3.0873565565103e-19,1e-12
3441,8.70007801283424e-19,1e-12
3442,1.73001404184897e-18,1e-12
3443,2.70128911387652e-18,1e-12
3444,3.71053241225298e-18,1e-12
3445,4.05706566419224e-18,1e-12
3446,4.23456416841225e-18,1e-12
3447,4.13923814655906e-18,1e-12
3448,3.54760365238847e-18,1e-12
3449,2.84964933808971e-18,1e-12
3450,1.8739967080442e-18,1e-12
3451,1.14093279767895e-18,1e-12
3452,5.17347735451321e-19,1e-12
3453,1.64159111298633e-19,1e-12
3454,2.8059462210224e-20,1e-12
3455,4.37557488882323e-21,1e-12
3456,5.04439551198023e-13,1e-12
3457,1.04050626707612e-16,1e-12
3458,2.05607135733049e-21,1e-12
3459,1.49289356346454e-22,1e-12
3460,1.15370494834482e-21,1e-12
3461,1.25463419917128e-21,1e-12
3462,3.55092322355073e-21,1e-12
3463,2.73141039366065e-21,1e-12
3464,8.9142372020252e-22,1e-12
3465,4.71491649898024e-13,1e-12
3466,7.7125859043675e-15,1e-12
3467,7.26926644119159e-22,1e-12
3468,5.87563204581532e-13,1e-12
3469,9.63551883614277e-22,1e-12
3470,7.36418816499688e-21,1e-12
3471,2.0635863327689e-20,1e-12
3472,4.62785727761017e-20,1e-12
3473,1.10411963716209e-19,1e-12
3474,2.7384656635086e-19,1e-12
3475,4.41523838518765e-19,1e-12
3476,9.07895946080447e-19,1e-12
3477,1.66863052337201e-18,1e-12
3478,3.0128950847794e-18,1e-12
3479,4.85273140755275e-18,1e-12
3480,7.32751309207686e-18,1e-12
3481,1.00407625247518e-17,1e-12
3482,1.18111628926569e-17,1e-12
3483,1.32561033529438e-17,1e-12
3484,1.4114504950943e-17,1e-12
3485,1.36865386365808e-17,1e-12
3486,1.14175625350657e-17,1e-12
3487,7.17837614448881e-18,1e-12
3488,3.65297717734851e-18,1e-12
3489,6.54624905377242e-19,1e-12
3490,1.29508116622632e-21,1e-12
3491,5.22697144411043e-13,1e-12
3492,4.22167456265031e-22,1e-12
3493,2.54131667307885e-20,1e-12
3494,1.78041984671517e-19,1e-12
3495,9.40749999058706e-19,1e-12
3496,3.34168457561209e-18,1e-12
3497,7.5015941038924e-18,1e-12
3498,1.22261327750244e-17,1e-12
3499,1.5117894403711e-17,1e-12
3500,1.66260757789994e-17,1e-12
3501,1.7557454139921e-17,1e-12
3502,1.70180521842499e-17,1e-12
3503,1.55944077083027e-17,1e-12
3504,1.29778670212191e-17,1e-12
3505,9.77115963045665e-18,1e-12
3506,6.50165706394232e-18,1e-12
3507,3.43333750886951e-18,1e-12
3508,1.43965727911641e-18,1e-12
3509,4.04102245412691e-19,1e-12
3510,7.52762155101557e-20,1e-12
3511,1.21999796098805e-20,1e-12
3512,2.13129227515573e-13,1e-12
3513,2.34966623386361e-14,1e-12
3514,9.79300222724864e-13,1e-12
3515,2.04840537423359e-21,1e-12
3516,7.14325321070692e-21,1e-12
3517,3.29498036846049e-21,1e-12
3518,5.27217552454049e-20,1e-12
3519,1.1487321786509e-19,1e-12
3520,1.67750633177318e-19,1e-12
3521,1.46757356304525e-19,1e-12
3522,1.04523899481498e-19,1e-12
3523,3.59123199876061e-20,1e-12
3524,1.00747358654336e-20,1e-12
3525,2.77949677046625e-21,1e-12
3526,3.70439440206776e-13,1e-12
3527,1.4164844543202e-19,1e-12
3528,8.53937399874933e-13,1e-12
3529,2.83492967094992e-21,1e-12
3530,2.31987810030238e-20,1e-12
3531,5.65132630214314e-20,1e-12
3532,1.91074574757395e-19,1e-12
3533,5.04715513197886e-19,1e-12
3534,9.57735372864074e-19,1e-12
3535,1.32253519373012e-18,1e-12
3536,1.44543143361909e-18,1e-12
3537,1.44371458019748e-18,1e-12
3538,1.30947979883317e-18,1e-12
3539,9.01553639625345e-19,1e-12
3540,4.95442904636795e-19,1e-12
3541,2.11556392310928e-19,1e-12
3542,1.0602436274664e-19,1e-12
3543,2.14267457512353e-20,1e-12
3544,4.59200367377598e-21,1e-12
3545,3.66155392175153e-22,1e-12
3546,3.60451362833384e-14,1e-12
3547,2.31295125899716e-14,1e-12
3548,8.72404066011984e-19,1e-12
3549,1.63897602040391e-13,1e-12
3550,7.04517465619943e-13,1e-12
3551,7.81305768327273e-23,1e-12
3552,1.22595759376975e-22,1e-12
3553,1.39545155480914e-21,1e-12
3554,2.45472008064362e-21,1e-12
3555,3.20813675388654e-21,1e-12
3556,6.5118355788239e-21,1e-12
3557,9.34426687264362e-21,1e-12
3558,1.43423702146285e-20,1e-12
3559,5.27531733708209e-20,1e-12
3560,6.94925604906682e-20,1e-12
3561,8.02039278162229e-20,1e-12
3562,7.37622491605843e-20,1e-12
3563,8.10803226620479e-20,1e-12
3564,1.00939585276279e-19,1e-12
3565,4.68060437152756e-20,1e-12
3566,5.81995947322144e-20,1e-12
3567,4.37198704057472e-20,1e-12
3568,1.3069877450321e-20,1e-12
3569,6.40769418893787e-21,1e-12
3570,5.32775781963801e-22,1e-12
3571,5.64269174102058e-22,1e-12
3572,7.45852003690333e-13,1e-12
3573,4.0939289596904e-13,1e-12
3574,4.08091888492302e-13,1e-12
3575,6.38965149657746e-13,1e-12
3576,5.79802460447915e-22,1e-12
3577,1.63241808117113e-21,1e-12
3578,6.35378978536531e-22,1e-12
3579,4.22993703314529e-21,1e-12
3580,1.20345594290833e-20,1e-12
3581,3.16271811679823e-20,1e-12
3582,9.53343263446656e-20,1e-12
3583,2.25257714188402e-19,1e-12
3584,3.79473157422683e-19,1e-12
3585,5.29644077901991e-19,1e-12
3586,7.18310585398901e-19,1e-12
3587,7.78699275972725e-19,1e-12
3588,8.12583058142237e-19,1e-12
3589,7.3474544371743e-19,1e-12
3590,6.90553601650876e-19,1e-12
3591,5.21341726914661e-19,1e-12
3592,3.31603593965074e-19,1e-12
3593,1.84431114373709e-19,1e-12
3594,6.91134490409187e-20,1e-12
3595,1.02472828135009e-20,1e-12
3596,1.39770761843367e-20,1e-12
3597,2.43853124927123e-13,1e-12
3598,1.26561517771081e-14,1e-12
3599,6.65794491225954e-22,1e-12
3600,2.48161648622799e-21,1e-12
3601,1.05881674402601e-20,1e-12
3602,1.64008585437044e-20,1e-12
3603,1.48070013775959e-19,1e-12
3604,3.84570986704725e-19,1e-12
3605,9.63372777411448e-19,1e-12
3606,1.55068945932259e-18,1e-12
3607,1.8251057327899e-18,1e-12
3608,1.86752648776363e-18,1e-12
3609,1.4522249922152e-18,1e-12
3610,1.13863483048586e-18,1e-12
3611,7.33611726327052e-19,1e-12
3612,3.72480941730328e-19,1e-12
3613,1.22293040002986e-19,1e-12
3614,3.25797339115375e-20,1e-12
3615,4.39829291230484e-21,1e-12
3616,7.74022538340875e-14,1e-12
3617,1.92229454563193e-16,1e-12
3618,9.30688510553831e-22,1e-12
3619,4.17911909589475e-21,1e-12
3620,1.50664206385214e-20,1e-12
3621,7.57727302114942e-21,1e-12
3622,5.26023844442745e-20,1e-12
3623,1.24590227551587e-19,1e-12
3624,1.91823533342477e-19,1e-12
3625,2.30535080538283e-19,1e-12
3626,2.02124021679507e-19,1e-12
3627,1.49092057840231e-19,1e-12
3628,6.96367863307671e-20,1e-12
3629,2.32898245662098e-20,1e-12
3630,3.77656788856819e-21,1e-12
3631,1.68881138616239e-22,1e-12
3632,1.16871231595382e-14,1e-12
3633,5.97267579295916e-18,1e-12
3634,2.61705540712118e-21,1e-12
3635,6.99906717692166e-22,1e-12
3636,2.36131315766341e-20,1e-12
3637,6.69577455588468e-20,1e-12
3638,1.74205161352549e-19,1e-12
3639,3.20080378038806e-19,1e-12
3640,5.9105103902635e-19,1e-12
3641,6.07977468602316e-19,1e-12
3642,6.1058072604546e-19,1e-12
3643,4.64795185847487e-19,1e-12
3644,2.15739514357898e-19,1e-12
3645,6.803374055032e-20,1e-12
3646,3.93734804990529e-21,1e-12
3647,9.9487731859978e-22,1e-12
3648,1.18141838396303e-18,1e-12
3649,4.79994191811793e-13,1e-12
3650,1.08246699163673e-21,1e-12
3651,2.10309559421342e-20,1e-12
3652,5.36047097363117e-20,1e-12
3653,2.77854044258383e-19,1e-12
3654,6.90832808954039e-19,1e-12
3655,1.52094172407395e-18,1e-12
3656,2.27904525418965e-18,1e-12
3657,2.59847740822221e-18,1e-12
3658,2.60491865622791e-18,1e-12
3659,2.43259509759997e-18,1e-12
3660,2.00383157563611e-18,1e-12
3661,1.65349250965956e-18,1e-12
3662,1.11671235407158e-18,1e-12
3663,7.24667076038583e-19,1e-12
3664,3.79916941043844e-19,1e-12
3665,1.71483198832728e-19,1e-12
3666,5.18582135884307e-20,1e-12
3667,1.10084389428208e-20,1e-12
3668,8.74922751368862e-23,1e-12
3669,1.65067580982674e-21,1e-12
3670,1.70890556859718e-14,1e-12
3671,1.68704200574028e-17,1e-12
3672,9.1286532001749e-13,1e-12
3673,8.35524695494448e-14,1e-12
3674,3.46166700033109e-13,1e-12
3675,5.23390349744824e-22,1e-12
3676,7.87997753292413e-22,1e-12
3677,2.68131842412302e-21,1e-12
3678,1.83134608948956e-21,1e-12
3679,8.13446174310319e-22,1e-12
3680,5.51768858881564e-22,1e-12
3681,3.09890854352165e-21,1e-12
3682,4.72068082609837e-21,1e-12
3683,8.08009563643158e-22,1e-12
3684,3.31097839149345e-22,1e-12
3685,2.40773639148252e-21,1e-12
3686,7.9021524935967e-13,1e-12
3687,2.06273358861454e-13,1e-12
3688,1.60804931631716e-14,1e-12
3689,3.12023300363359e-13,1e-12
3690,4.89463238706663e-14,1e-12
3691,3.98270993284806e-13,1e-12
3692,1.38732671309162e-21,1e-12
3693,2.53689688488239e-21,1e-12
3694,1.93408829492553e-21,1e-12
3695,8.07753980548823e-22,1e-12
3696,1.45417940751145e-21,1e-12
3697,2.21619470430034e-21,1e-12
3698,2.44031370379887e-21,1e-12
3699,7.54715385009512e-13,1e-12
3700,6.23091686684659e-14,1e-12
3701,1.95712595591633e-21,1e-12
3702,2.64044447997699e-13,1e-12
3703,9.4066756724432e-22,1e-12
3704,3.28667333651435e-21,1e-12
3705,8.67452406762146e-21,1e-12
3706,2.80468276802237e-20,1e-12
3707,4.65719042787491e-20,1e-12
3708,7.40864785073002e-20,1e-12
3709,1.26379071942277e-19,1e-12
3710,2.66554956673995e-19,1e-12
3711,2.98111356773179e-19,1e-12
3712,3.2289136654635e-19,1e-12
3713,3.14613276299704e-19,1e-12
3714,1.97919487524297e-19,1e-12
3715,1.43572816799978e-19,1e-12
3716,1.22462017730754e-19,1e-12
3717,7.04508083183828e-20,1e-12
3718,2.87999458616871e-20,1e-12
3719,3.0451386736686e-20,1e-12
3720,5.59472212951076e-21,1e-12
3721,5.54969728686373e-21,1e-12
3722,2.22673547595561e-21,1e-12
3723,9.45795792008924e-22,1e-12
3724,8.29624894686948e-13,1e-12
3725,4.05903349432615e-13,1e-12
3726,2.16832544398118e-13,1e-12
3727,8.76840820403298e-14,1e-12
3728,1.25204414182679e-14,1e-12
3729,3.37548771889444e-14,1e-12
3730,2.73346952338573e-14,1e-12
3731,2.02414337434446e-14,1e-12
3732,1.39973180330135e-17,1e-12
3733,3.19338369365506e-20,1e-12
3734,4.95580408234614e-18,1e-12
3735,2.41988771791807e-17,1e-12
3736,2.49160180403463e-18,1e-12
3737,3.64901382815233e-20,1e-12
3738,3.562417467878e-18,1e-12
3739,1.51104170521171e-18,1e-12
3740,1.54371064218761e-18,1e-12
3741,1.04238945257424e-16,1e-12
3742,1.61218024926839e-15,1e-12
3743,8.83967919980948e-15,1e-12
3744,2.80049451348178e-14,1e-12
3745,8.32866562338372e-14,1e-12
3746,2.09723329266702e-13,1e-12
3747,4.18131286728335e-13,1e-12
3748,6.75105424366727e-13,1e-12
3749,8.43824537522038e-13,1e-12
3750,8.83757650861581e-13,1e-12
3751,7.99271561422883e-13,1e-12
3752,6.82977032250183e-13,1e-12
3753,6.19607304877877e-13,1e-12
3754,4.93301622115869e-13,1e-12
3755,2.94649924330287e-13,1e-12
3756,9.79768974958488e-14,1e-12
3757,2.72435041185282e-15,1e-12
3758,7.94837627380674e-13,1e-12
3759,8.44988718745432e-14,1e-12
3760,6.22338048363559e-13,1e-12
3761,1.37656588005398e-21,1e-12
3762,1.28447313460706e-21,1e-12
3763,2.17024137687406e-21,1e-12
3764,2.25666521844901e-20,1e-12
3765,1.81328157494929e-20,1e-12
3766,6.32765460243398e-20,1e-12
3767,1.40855315140717e-19,1e-12
3768,2.77634809739123e-19,1e-12
3769,3.64516756423787e-19,1e-12
3770,3.59999031612037e-19,1e-12
3771,3.81929563770359e-19,1e-12
3772,4.18895169823846e-19,1e-12
3773,3.13380151656939e-19,1e-12
3774,2.59164571889099e-19,1e-12
3775,1.76966486222629e-19,1e-12
3776,1.42296569643702e-19,1e-12
3777,4.6683296671087e-20,1e-12
3778,3.19978045324059e-20,1e-12
3779,2.26442885821875e-20,1e-12
3780,5.9393195014894e-21,1e-12
3781,6.20710280104234e-22,1e-12
3782,2.8543971874922e-21,1e-12
3783,4.19049492031016e-21,1e-12
3784,5.47891679224998e-22,1e-12
3785,1.89289350893767e-22,1e-12
3786,3.6631073273307e-21,1e-12
3787,1.66173512039971e-21,1e-12
3788,1.81103509665718e-21,1e-12
3789,2.18695970298902e-21,1e-12
3790,2.31715109014301e-21,1e-12
3791,2.60323473229602e-21,1e-12
3792,1.17231591697905e-21,1e-12
3793,3.51624225784833e-21,1e-12
3794,1.87884375855068e-21,1e-12
3795,1.11215465416088e-21,1e-12
3796,4.38168555567244e-23,1e-12
3797,5.64962810908762e-13,1e-12
3798,9.76495366202721e-14,1e-12
3799,3.34873843782456e-14,1e-12
3800,2.16891636278397e-16,1e-12
3801,5.13650628656274e-14,1e-12
3802,3.40797260068105e-13,1e-12
3803,1.43581055522515e-21,1e-12
3804,5.98211405188973e-22,1e-12
3805,2.70872769098059e-21,1e-12
3806,1.28849930469322e-22,1e-12
3807,7.39395769371902e-21,1e-12
3808,8.92910003365907e-21,1e-12
3809,4.09755058933902e-20,1e-12
3810,7.84754082868056e-20,1e-12
3811,5.50926690945046e-20,1e-12
3812,8.8063236812711e-20,1e-12
3813,4.73919160294274e-20,1e-12
3814,6.24447901923573e-20,1e-12
3815,2.09105016336966e-20,1e-12
3816,9.17452621817448e-21,1e-12
3817,1.59985912269706e-21,1e-12
3818,9.36565963918494e-22,1e-12
3819,1.06036911249352e-21,1e-12
3820,8.29558139963499e-13,1e-12
3821,1.46984128708955e-13,1e-12
3822,1.21665284312781e-15,1e-12
3823,2.85477131950486e-19,1e-12
3824,3.89966017780394e-14,1e-12
3825,1.69078155693287e-13,1e-12
3826,3.218057834249e-13,1e-12
3827,4.27877337841263e-13,1e-12
3828,4.43898622271453e-13,1e-12
3829,3.78732450490324e-13,1e-12
3830,2.5979682577902e-13,1e-12
3831,1.03980355127099e-13,1e-12
3832,1.20733859211269e-14,1e-12
3833,2.53586084816128e-14,1e-12
3834,2.12881612739346e-14,1e-12
3835,2.11309546881591e-13,1e-12
3836,8.63036604407623e-13,1e-12
3837,6.26981029283452e-22,1e-12
3838,8.38333153277664e-22,1e-12
3839,9.13879244206247e-22,1e-12
3840,1.17979347868257e-21,1e-12
3841,4.69853184134328e-21,1e-12
3842,4.31376801624385e-21,1e-12
3843,9.24066097342962e-21,1e-12
3844,1.66020652446e-21,1e-12
3845,1.86450046619994e-20,1e-12
3846,1.33250772989682e-21,1e-12
3847,2.79049146424829e-20,1e-12
3848,8.73690354793856e-21,1e-12
3849,1.03393677746899e-20,1e-12
3850,8.27197567488783e-21,1e-12
3851,5.67424593599557e-21,1e-12
3852,6.03784742935967e-21,1e-12
3853,5.27827326955112e-21,1e-12
3854,5.58809493526395e-22,1e-12
3855,6.06761401846726e-22,1e-12
3856,8.2414523522108e-22,1e-12
3857,1.3566819819004e-21,1e-12
3858,6.67179466605104e-13,1e-12
3859,1.60539316191741e-13,1e-12
3860,6.46287015126764e-15,1e-12
3861,7.45919964376199e-19,1e-12
3862,5.2516289611353e-14,1e-12
3863,4.49185350510383e-13,1e-12
3864,3.50551318617322e-22,1e-12
3865,1.73736544439046e-21,1e-12
3866,2.18398776378143e-22,1e-12
3867,3.26417279815507e-21,1e-12
3868,9.07825544709077e-21,1e-12
3869,1.22820296094776e-21,1e-12
3870,2.48660066649334e-20,1e-12
3871,4.07398477304638e-20,1e-12
3872,7.7469829035227e-20,1e-12
3873,7.38660232606578e-20,1e-12
3874,7.07433916223658e-20,1e-12
3875,3.7837087806855e-20,1e-12
3876,3.75168236821257e-20,1e-12
3877,1.82885427211983e-20,1e-12
3878,1.41621244229843e-20,1e-12
3879,1.70205280981829e-20,1e-12
3880,8.96410086184052e-21,1e-12
3881,6.71302580589897e-21,1e-12
3882,7.60924171256193e-22,1e-12
3883,2.32750493529803e-21,1e-12
3884,8.82911196732618e-22,1e-12
3885,1.39928104427519e-21,1e-12
3886,2.41036198021981e-21,1e-12
3887,2.57446104509058e-22,1e-12
3888,5.42880453083156e-21,1e-12
3889,1.40942670760414e-20,1e-12
3890,2.22339495348648e-20,1e-12
3891,4.12760921845283e-20,1e-12
3892,1.32599590638623e-19,1e-12
3893,3.45622491222437e-19,1e-12
3894,7.92891420046406e-19,1e-12
3895,1.8752940200944e-18,1e-12
3896,3.6954042882866e-18,1e-12
3897,7.07857264968064e-18,1e-12
3898,1.23322376967408e-17,1e-12
3899,1.98707005352505e-17,1e-12
3900,2.9499746143704e-17,1e-12
3901,3.6628212408583e-16,1e-12
3902,4.73122218216282e-17,1e-12
3903,5.05442448463493e-17,1e-12
3904,5.68517520167881e-17,1e-12
3905,7.062356243174e-17,1e-12
3906,8.39655323564095e-17,1e-12
3907,8.17469730436094e-17,1e-12
3908,6.1559245749138e-17,1e-12
3909,3.36476054819045e-17,1e-12
3910,1.15970016695983e-17,1e-12
3911,2.34288969536725e-16,1e-12
3912,2.61777848998838e-19,1e-12
3913,7.98462566621957e-13,1e-12
3914,7.17148280982138e-21,1e-12
3915,5.52334259534622e-22,1e-12
3916,2.58452830540914e-20,1e-12
3917,1.74802677982486e-19,1e-12
3918,6.43438082299916e-19,1e-12
3919,1.98684748049809e-18,1e-12
3920,4.36622306775224e-18,1e-12
3921,7.31522285212932e-18,1e-12
3922,9.8321944605846e-18,1e-12
3923,1.16480763552944e-17,1e-12
3924,1.28437070786634e-17,1e-12
3925,1.35665945129546e-17,1e-12
3926,1.26937613531344e-17,1e-12
3927,1.12591471915689e-17,1e-12
3928,8.77911392157583e-18,1e-12
3929,6.01524217824629e-18,1e-12
3930,3.48963819146501e-18,1e-12
3931,1.48194654811611e-18,1e-12
3932,5.1713380950793e-19,1e-12
3933,9.2577628517694e-20,1e-12
3934,3.99050717523348e-21,1e-12
3935,5.79061697021476e-14,1e-12
3936,1.37045598673998e-14,1e-12
3937,4.0180497359574e-22,1e-12
3938,1.82575418128278e-21,1e-12
3939,1.97476174168167e-22,1e-12
3940,2.14467854842226e-20,1e-12
3941,1.8042920799911e-21,1e-12
3942,4.06126078532145e-20,1e-12
3943,3.1261928811813e-20,1e-12
3944,2.66494634535179e-20,1e-12
3945,1.08281066735705e-20,1e-12
3946,9.94471584009783e-21,1e-12
3947,1.29915612530893e-21,1e-12
3948,1.85240280655271e-14,1e-12
3949,6.28811479057906e-20,1e-12
3950,7.04608517658531e-22,1e-12
3951,3.27439768161678e-21,1e-12
3952,9.17385219166377e-21,1e-12
3953,9.36812752550381e-20,1e-12
3954,2.53099014891699e-19,1e-12
3955,5.33727194945726e-19,1e-12
3956,9.4067701375168e-19,1e-12
3957,1.5083061516475e-18,1e-12
3958,1.91947728846792e-18,1e-12
3959,2.16521730218533e-18,1e-12
3960,2.36821878057131e-18,1e-12
3961,2.28919315977066e-18,1e-12
3962,1.9122666983764e-18,1e-12
3963,1.42741210147688e-18,1e-12
3964,9.22782380071064e-19,1e-12
3965,4.75433629534458e-19,1e-12
3966,2.05549079134345e-19,1e-12
3967,8.61412786379836e-20,1e-12
3968,5.58682285064514e-21,1e-12
3969,4.50534285524995e-21,1e-12
3970,4.1031213138704e-14,1e-12
3971,9.86951509803262e-16,1e-12
3972,2.73494929819742e-13,1e-12
3973,1.09432653927487e-21,1e-12
3974,6.65200949980872e-23,1e-12
3975,6.1926543974642e-21,1e-12
3976,1.91809558781769e-20,1e-12
3977,2.43912770270583e-20,1e-12
3978,5.19913218780084e-20,1e-12
3979,1.15512920793044e-19,1e-12
3980,1.70142649906322e-19,1e-12
3981,2.7760470583563e-19,1e-12
3982,3.95958619643017e-19,1e-12
3983,4.3082925372989e-19,1e-12
3984,4.46367450802365e-19,1e-12
3985,4.06675022922228e-19,1e-12
3986,3.7301352224079e-19,1e-12
3987,2.90555435150055e-19,1e-12
3988,2.27567640877741e-19,1e-12
3989,1.55942946478319e-19,1e-12
3990,6.32516876316518e-20,1e-12
3991,3.75556098185845e-20,1e-12
3992,2.5445480736899e-20,1e-12
3993,3.24414393492945e-21,1e-12
3994,2.68883740759535e-22,1e-12
3995,8.32586390360819e-13,1e-12
3996,1.70895498977708e-13,1e-12
3997,1.70469888002722e-13,1e-12
3998,2.1850526113799e-17,1e-12
3999,2.6509027439122e-14,1e-12
4000,1.17865356561342e-13,1e-12
4001,2.16745069045634e-13,1e-12
4002,2.46673749147704e-13,1e-12
4003,1.89610181241922e-13,1e-12
4004,7.95078713285529e-14,1e-12
4005,9.18266516671533e-15,1e-12
4006,1.81069221472465e-14,1e-12
4007,4.12145907531273e-14,1e-12
4008,4.19677465497589e-13,1e-12
4009,9.76659447336977e-22,1e-12
4010,1.25033150428311e-21,1e-12
4011,2.8532465815233e-21,1e-12
4012,1.78171150231956e-20,1e-12
4013,3.24551486147085e-22,1e-12
4014,2.00368687103507e-20,1e-12
4015,1.95025502533389e-20,1e-12
4016,5.19392201863201e-20,1e-12
4017,7.64965157678239e-20,1e-12
4018,5.65860036968476e-20,1e-12
4019,5.80788335056525e-20,1e-12
4020,2.00691234784594e-20,1e-12
4021,2.19655777743039e-20,1e-12
4022,1.78346626684403e-20,1e-12
4023,4.36979622409732e-21,1e-12
4024,1.55386961242771e-21,1e-12
4025,6.49841769670577e-13,1e-12
4026,2.24255146063215e-14,1e-12
4027,3.27570506214756e-19,1e-12
4028,7.21870550255195e-14,1e-12
4029,2.63171404779136e-13,1e-12
4030,1.14607964123936e-21,1e-12
4031,6.13823054307923e-22,1e-12
4032,9.25246324821763e-23,1e-12
4033,7.57759664505858e-22,1e-12
4034,2.36713525479941e-21,1e-12
4035,4.01014719231059e-21,1e-12
4036,3.46924956918201e-20,1e-12
4037,2.1728245423087e-20,1e-12
4038,2.96597065462402e-20,1e-12
4039,4.53058568206791e-20,1e-12
4040,4.17371538341467e-20,1e-12
4041,3.50268703441345e-20,1e-12
4042,9.73526570535805e-21,1e-12
4043,1.20005184024421e-20,1e-12
4044,8.51955780338752e-21,1e-12
4045,1.8996571599442e-21,1e-12
4046,2.35715332000121e-13,1e-12
4047,3.35225251764623e-20,1e-12
4048,1.96856547703112e-13,1e-12
4049,1.11404040241272e-22,1e-12
4050,2.58071307582461e-21,1e-12
4051,2.68089382572383e-21,1e-12
4052,5.59000723673312e-21,1e-12
4053,1.07112382941806e-20,1e-12
4054,1.87075836890147e-20,1e-12
4055,2.4532117293755e-20,1e-12
4056,1.71941664890815e-20,1e-12
4057,1.06692228514123e-20,1e-12
4058,1.22597124373569e-21,1e-12
4059,8.13583580839116e-13,1e-12
4060,2.90368975237961e-17,1e-12
4061,5.22489318245731e-20,1e-12
4062,1.46984166475822e-23,1e-12
4063,8.68034353345291e-22,1e-12
4064,3.2343500540745e-23,1e-12
4065,6.92703272587967e-21,1e-12
4066,5.25675461963547e-20,1e-12
4067,9.75374798768019e-20,1e-12
4068,1.02631664341715e-19,1e-12
4069,1.35164630863369e-19,1e-12
4070,8.98188003179937e-20,1e-12
4071,5.43179816798227e-20,1e-12
4072,2.32988566705448e-20,1e-12
4073,1.72478149352822e-20,1e-12
4074,3.50288809079812e-21,1e-12
4075,1.28021303475462e-21,1e-12
4076,2.72065578614753e-13,1e-12
4077,6.49072663208973e-20,1e-12
4078,2.85209531652711e-15,1e-12
4079,1.05841853828449e-21,1e-12
4080,2.4621849485751e-21,1e-12
4081,8.38195832644318e-21,1e-12
4082,2.81497411280359e-20,1e-12
4083,6.03162799765751e-20,1e-12
4084,1.37981040914625e-19,1e-12
4085,1.6351683834725e-19,1e-12
4086,1.83957609313182e-19,1e-12
4087,1.54428641375989e-19,1e-12
4088,1.28498769126748e-19,1e-12
4089,6.06530943358431e-20,1e-12
4090,5.76267592515941e-20,1e-12
4091,1.96934743176487e-20,1e-12
4092,3.66648475473294e-21,1e-12
4093,4.81878807315161e-21,1e-12
4094,7.43746134773883e-14,1e-12
4095,2.88690451299479e-18,1e-12
4096,5.21867864911881e-13,1e-12
4097,7.2923066347924e-22,1e-12
4098,1.90641455767418e-21,1e-12
4099,2.23411533551106e-21,1e-12
4100,4.50042199076554e-21,1e-12
4101,6.33810691279474e-23,1e-12
4102,2.23862863062622e-20,1e-12
4103,1.1126720356034e-20,1e-12
4104,3.03397678789389e-20,1e-12
4105,2.0278496947054e-20,1e-12
4106,9.50417568611585e-21,1e-12
4107,4.97768989525536e-21,1e-12
4108,5.08372628297549e-21,1e-12
4109,1.83918368157798e-21,1e-12
4110,5.56089873464392e-13,1e-12
4111,1.79250383211304e-14,1e-12
4112,3.59365456436346e-20,1e-12
4113,4.33778017387032e-13,1e-12
4114,2.30434176045242e-22,1e-12
4115,1.01433937403166e-22,1e-12
4116,3.65281418699715e-22,1e-12
4117,7.65998781677813e-21,1e-12
4118,2.03780260303746e-20,1e-12
4119,2.76447526721768e-20,1e-12
4120,1.97973379527047e-20,1e-12
4121,1.76649394019871e-20,1e-12
4122,9.00129436010886e-21,1e-12
4123,2.11294478721033e-21,1e-12
4124,2.61371361349863e-21,1e-12
4125,3.25497681826651e-13,1e-12
4126,8.32491050245572e-15,1e-12
4127,4.11662854429776e-13,1e-12
4128,6.20439290185345e-13,1e-12
4129,1.64457708103033e-22,1e-12
4130,1.46655334096033e-21,1e-12
4131,3.11447523401479e-21,1e-12
4132,8.84795700674973e-21,1e-12
4133,2.78173619382781e-20,1e-12
4134,2.17849503072637e-20,1e-12
4135,4.8575436226423e-20,1e-12
4136,2.79939908400691e-20,1e-12
4137,2.90560724947802e-20,1e-12
4138,2.27127307852115e-20,1e-12
4139,9.86491789725263e-21,1e-12
4140,7.6041012757933e-21,1e-12
4141,6.19807506635152e-21,1e-12
4142,1.25121905508654e-21,1e-12
4143,3.05204413757985e-13,1e-12
4144,4.47325760225292e-15,1e-12
4145,2.72103028135829e-19,1e-12
4146,4.35163827771341e-13,1e-12
4147,4.40311094976066e-22,1e-12
4148,1.0686021333805e-21,1e-12
4149,6.45767937105313e-21,1e-12
4150,4.74856439908738e-21,1e-12
4151,8.84539423915311e-21,1e-12
4152,6.32578826487763e-21,1e-12
4153,2.9754064569106e-21,1e-12
4154,3.57144205482084e-21,1e-12
4155,2.60246641718239e-21,1e-12
4156,2.29042784544502e-21,1e-12
4157,8.88631664236799e-13,1e-12
4158,5.51938922078745e-14,1e-12
4159,8.47683745470234e-21,1e-12
4160,1.4364823466026e-13,1e-12
4161,6.22480937817858e-22,1e-12
4162,2.87745125721928e-22,1e-12
4163,5.72470601539046e-21,1e-12
4164,4.02145518413797e-21,1e-12
4165,4.10084819419782e-21,1e-12
4166,2.62235904313398e-21,1e-12
4167,3.9505381503629e-21,1e-12
4168,2.78536663473835e-21,1e-12
4169,1.53365076067962e-21,1e-12
4170,9.90131070341421e-22,1e-12
4171,7.17444342309378e-14,1e-12
4172,1.08368451493365e-21,1e-12
4173,2.21700593987837e-13,1e-12
4174,1.66730216636356e-22,1e-12
4175,6.98208078406709e-22,1e-12
4176,8.77591711256963e-22,1e-12
4177,5.01049939770259e-21,1e-12
4178,1.61047291750853e-20,1e-12
4179,3.03112864220907e-20,1e-12
4180,5.81902797227441e-20,1e-12
4181,7.22508439497036e-20,1e-12
4182,7.78252402896934e-20,1e-12
4183,4.19275607887642e-20,1e-12
4184,2.21051274819242e-20,1e-12
4185,1.50511422509066e-20,1e-12
4186,8.50614916249973e-21,1e-12
4187,4.31973192266709e-21,1e-12
4188,4.58864940635987e-13,1e-12
4189,1.03621184775858e-19,1e-12
4190,2.76576431512174e-13,1e-12
4191,2.8075970302411e-22,1e-12
4192,3.25758609610347e-23,1e-12
4193,2.42843984593995e-21,1e-12
4194,1.0340917689974e-20,1e-12
4195,5.3674459473683e-20,1e-12
4196,8.81746241284274e-20,1e-12
4197,1.68030207162871e-19,1e-12
4198,2.0858625293759e-19,1e-12
4199,2.77314393587094e-19,1e-12
4200,2.09121005676733e-19,1e-12
4201,1.64424280589709e-19,1e-12
4202,9.15720104119377e-20,1e-12
4203,1.60884438077563e-20,1e-12
4204,1.77821392622516e-20,1e-12
4205,8.53000745214678e-22,1e-12
4206,7.82838120794228e-13,1e-12
4207,1.11140985694374e-15,1e-12
4208,4.44902828641787e-18,1e-12
4209,6.21363414365673e-13,1e-12
4210,7.99768375197144e-22,1e-12
4211,7.43415534480118e-22,1e-12
4212,8.00290319058635e-21,1e-12
4213,1.01888875957481e-20,1e-12
4214,1.68566151824063e-21,1e-12
4215,6.56088589191858e-21,1e-12
4216,1.4988626853828e-20,1e-12
4217,4.20146582142525e-21,1e-12
4218,5.62560424085691e-21,1e-12
4219,2.49556420378196e-21,1e-12
4220,1.02853615431653e-21,1e-12
4221,2.82308050752451e-13,1e-12
4222,3.42839742488513e-14,1e-12
4223,5.32090461325037e-14,1e-12
4224,5.83980149601724e-13,1e-12
4225,6.26818085218987e-22,1e-12
4226,3.99870118924705e-21,1e-12
4227,1.85507952991117e-21,1e-12
4228,9.55503386448582e-21,1e-12
4229,3.24748579831821e-21,1e-12
4230,2.76121152578183e-20,1e-12
4231,1.47948286260273e-20,1e-12
4232,1.99635902295494e-20,1e-12
4233,6.05277272380495e-21,1e-12
4234,7.50086725468027e-21,1e-12
4235,2.21018121928803e-21,1e-12
4236,9.00847659026127e-22,1e-12
4237,5.99590154710475e-14,1e-12
4238,2.97391343204123e-20,1e-12
4239,2.25045324744595e-13,1e-12
4240,1.19112253541223e-21,1e-12
4241,3.23448816987597e-21,1e-12
4242,2.59700739613062e-21,1e-12
4243,5.73092808666387e-21,1e-12
4244,7.69387651958671e-21,1e-12
4245,1.70475153292946e-20,1e-12
4246,4.2238395542622e-20,1e-12
4247,6.20227792805644e-20,1e-12
4248,1.84863933887856e-20,1e-12
4249,3.94839802804152e-21,1e-12
4250,8.42914244466981e-21,1e-12
4251,1.07429128550213e-20,1e-12
4252,7.71921357610404e-21,1e-12
4253,1.24256407272644e-21,1e-12
4254,5.13898204403714e-13,1e-12
4255,3.05864520208663e-15,1e-12
4256,1.56059765063487e-19,1e-12
4257,2.9580868254283e-13,1e-12
4258,9.00606940940245e-22,1e-12
4259,1.71072876292205e-22,1e-12
4260,1.26036364021986e-21,1e-12
4261,6.03520933309264e-22,1e-12
4262,8.34228032360137e-13,1e-12
4263,3.0226315843323e-13,1e-12
4264,2.98001193220592e-14,1e-12
4265,1.03988189603436e-13,1e-12
4266,7.65499802757188e-14,1e-12
4267,7.39268222508823e-13,1e-12
4268,1.26214665393536e-21,1e-12
4269,3.6686108341957e-21,1e-12
4270,2.90375169144761e-21,1e-12
4271,8.32425313168473e-21,1e-12
4272,2.73058740599919e-20,1e-12
4273,6.42030528722828e-20,1e-12
4274,7.7850356197268e-20,1e-12
4275,4.58531990693452e-20,1e-12
4276,5.36786275020425e-20,1e-12
4277,3.48250431433695e-20,1e-12
4278,5.42052446264459e-20,1e-12
4279,1.40530449560397e-20,1e-12
4280,3.10440362610851e-20,1e-12
4281,2.68649231765106e-21,1e-12
4282,1.29893706731444e-20,1e-12
4283,7.28570320823568e-21,1e-12
4284,3.12592977804878e-21,1e-12
4285,2.64419585955838e-21,1e-12
4286,3.55057167960502e-21,1e-12
4287,1.67505697820304e-21,1e-12
4288,2.43723714105055e-21,1e-12
4289,1.45504746451145e-21,1e-12
4290,8.35969900850976e-22,1e-12
4291,2.94408556299967e-21,1e-12
4292,8.73482693539874e-13,1e-12
4293,1.00925267457672e-13,1e-12
4294,3.45951619305066e-18,1e-12
4295,2.86424863326431e-14,1e-12
4296,6.59848128917531e-22,1e-12
4297,2.5571524229596e-21,1e-12
4298,4.05520583033615e-21,1e-12
4299,1.0011806724708e-20,1e-12
4300,4.77275111499527e-20,1e-12
4301,5.68333940063723e-20,1e-12
4302,1.28698488815504e-19,1e-12
4303,1.57708076455711e-19,1e-12
4304,2.18109152717884e-19,1e-12
4305,1.61227721759103e-19,1e-12
4306,1.49020015640395e-19,1e-12
4307,7.14213139333293e-20,1e-12
4308,2.88495261979807e-20,1e-12
4309,5.96350683748307e-21,1e-12
4310,7.89128758618887e-21,1e-12
4311,1.08823696521862e-21,1e-12
4312,2.84385088977393e-13,1e-12
4313,5.75016697352664e-15,1e-12
4314,7.55837469202792e-19,1e-12
4315,5.68048067168335e-14,1e-12
4316,2.14129728198938e-13,1e-12
4317,4.7169734895376e-13,1e-12
4318,8.18720969811464e-13,1e-12
4319,1.09556085155061e-22,1e-12
4320,2.20004377695708e-23,1e-12
4321,2.18069830682068e-21,1e-12
4322,5.78522099743602e-22,1e-12
4323,2.72737223290818e-22,1e-12
4324,5.31470550854207e-22,1e-12
4325,1.64475800595476e-21,1e-12
4326,8.64838737960054e-22,1e-12
4327,5.49957698096965e-13,1e-12
4328,1.03901738815453e-13,1e-12
4329,1.35577391581989e-14,1e-12
4330,4.76973588207358e-14,1e-12
4331,7.30832478003464e-13,1e-12
4332,4.39428254062659e-22,1e-12
4333,8.70789346767982e-21,1e-12
4334,2.25873735733724e-21,1e-12
4335,1.18081391318115e-20,1e-12
4336,2.28177223391438e-20,1e-12
4337,4.07864744143316e-20,1e-12
4338,6.90505493621627e-20,1e-12
4339,3.52151895549224e-20,1e-12
4340,3.93129441014658e-20,1e-12
4341,1.38480338416757e-20,1e-12
4342,2.61945464314111e-21,1e-12
4343,1.12182879303183e-22,1e-12
4344,3.00677178322603e-22,1e-12
4345,6.35866623714896e-14,1e-12
4346,8.91441656126905e-20,1e-12
4347,1.88699533482314e-13,1e-12
4348,5.20050209274412e-22,1e-12
4349,4.99125432151507e-22,1e-12
4350,2.41559029331998e-22,1e-12
4351,4.04668633114372e-21,1e-12
4352,2.97861836070135e-20,1e-12
4353,4.73052171987865e-20,1e-12
4354,5.55225995387167e-20,1e-12
4355,8.54314273355577e-20,1e-12
4356,1.52768243366277e-19,1e-12
4357,1.46275939926957e-19,1e-12
4358,1.32149920466676e-19,1e-12
4359,8.59969837744063e-20,1e-12
4360,7.08502861212285e-20,1e-12
4361,3.76293253072349e-20,1e-12
4362,8.84415825201008e-21,1e-12
4363,3.79614967094476e-21,1e-12
4364,9.86194870446491e-13,1e-12
4365,2.98060521535929e-14,1e-12
4366,7.47623837233119e-19,1e-12
4367,2.02411380470999e-14,1e-12
4368,2.74141477783852e-13,1e-12
4369,5.79125375229527e-13,1e-12
4370,7.76456673620142e-13,1e-12
4371,6.85417854853748e-13,1e-12
4372,3.93800741647486e-13,1e-12
4373,1.21145826752335e-13,1e-12
4374,4.91738843347647e-15,1e-12
4375,1.6916872229906e-13,1e-12
4376,1.04626920739064e-13,1e-12
4377,6.21427042707824e-13,1e-12
4378,1.51445405401748e-21,1e-12
4379,2.57772819919006e-21,1e-12
4380,1.45541730677457e-21,1e-12
4381,3.56593753263833e-21,1e-12
4382,6.46047703363439e-22,1e-12
4383,2.89942912683002e-22,1e-12
4384,2.32350896441574e-13,1e-12
4385,5.47505548163957e-14,1e-12
4386,9.25198137684375e-14,1e-12
4387,4.62875194364999e-22,1e-12
4388,1.94728553493933e-21,1e-12
4389,7.17609871758929e-21,1e-12
4390,8.56186472273194e-21,1e-12
4391,3.12882993753173e-20,1e-12
4392,1.00960042620758e-19,1e-12
4393,1.71793058816866e-19,1e-12
4394,2.22073735515224e-19,1e-12
4395,2.02408956897797e-19,1e-12
4396,1.70531909227027e-19,1e-12
4397,1.43257457084499e-19,1e-12
4398,7.01111710089812e-20,1e-12
4399,2.0475564904006e-20,1e-12
4400,1.02302562180486e-20,1e-12
4401,2.82560827767331e-21,1e-12
4402,2.04455225283689e-21,1e-12
4403,1.13337445469043e-13,1e-12
4404,2.99167948450352e-19,1e-12
4405,3.34545311362375e-14,1e-12
4406,5.95463878405147e-13,1e-12
4407,1.83353316216529e-21,1e-12
4408,1.61170544255104e-21,1e-12
4409,5.40777623015204e-22,1e-12
4410,9.38997143717042e-22,1e-12
4411,1.60783810922161e-21,1e-12
4412,3.06120579139213e-21,1e-12
4413,8.1375608314516e-22,1e-12
4414,7.72279107003304e-13,1e-12
4415,2.24917377173564e-13,1e-12
4416,2.31463929058762e-14,1e-12
4417,7.95531847427347e-14,1e-12
4418,1.98241823059122e-14,1e-12
4419,1.90953613867135e-13,1e-12
4420,6.60479099916611e-13,1e-12
4421,2.28774123558688e-22,1e-12
4422,1.03043007500285e-21,1e-12
4423,9.15761254340596e-22,1e-12
4424,2.96343665824503e-22,1e-12
4425,2.03959882806037e-21,1e-12
4426,3.21432536044944e-21,1e-12
4427,6.47987585272588e-22,1e-12
4428,2.31167334911426e-21,1e-12
4429,2.38915210099326e-22,1e-12
4430,9.45802565800385e-13,1e-12
4431,2.84142403314158e-13,1e-12
4432,3.09452399374701e-14,1e-12
4433,8.91738979410047e-14,1e-12
4434,2.01838800636792e-14,1e-12
4435,2.89773767853985e-13,1e-12
4436,1.99609748835688e-22,1e-12
4437,1.0835062824406e-21,1e-12
4438,5.9516427781476e-21,1e-12
4439,3.33706653605961e-22,1e-12
4440,1.33049991195071e-21,1e-12
4441,7.76503524336345e-21,1e-12
4442,2.94203412635144e-20,1e-12
4443,2.29364217929288e-20,1e-12
4444,2.55495619207327e-20,1e-12
4445,2.95369547246317e-20,1e-12
4446,2.11986100128069e-20,1e-12
4447,9.68602412103534e-21,1e-12
4448,1.31714535270891e-20,1e-12
4449,8.61663739563996e-22,1e-12
4450,1.32864170154902e-21,1e-12
4451,3.87144626848949e-13,1e-12
4452,4.32089059783162e-15,1e-12
4453,1.40602313954148e-19,1e-12
4454,1.095411801784e-13,1e-12
4455,4.47152329351991e-13,1e-12
4456,9.57278964777654e-13,1e-12
4457,6.49573439973419e-22,1e-12
4458,8.51650114771315e-22,1e-12
4459,1.87204169409418e-22,1e-12
4460,7.45853590056972e-22,1e-12
4461,3.43163199728182e-22,1e-12
4462,8.71336090217174e-13,1e-12
4463,5.43109149435986e-13,1e-12
4464,2.50561268641575e-13,1e-12
4465,5.51983454115648e-14,1e-12
4466,1.11739211699978e-15,1e-12
4467,3.21562275312943e-13,1e-12
4468,3.28701314016594e-14,1e-12
4469,1.93360006537975e-13,1e-12
4470,6.11734147128353e-13,1e-12
4471,6.08426774493753e-22,1e-12
4472,7.36769092996669e-22,1e-12
4473,2.1909719184494e-21,1e-12
4474,5.02181741951896e-22,1e-12
4475,3.26603322878008e-21,1e-12
4476,6.11285910779721e-22,1e-12
4477,4.04317103889105e-22,1e-12
4478,8.43948898750538e-22,1e-12
4479,8.93741265669018e-13,1e-12
4480,4.27125717281006e-13,1e-12
4481,1.6567079657901e-13,1e-12
4482,4.71234957580707e-14,1e-12
4483,1.34014088837717e-14,1e-12
4484,5.42969121052853e-15,1e-12
4485,3.71164340450456e-15,1e-12
4486,3.36122173167239e-15,1e-12
4487,1.28043285068596e-15,1e-12
4488,5.88000335481188e-17,1e-12
4489,2.34351632516299e-16,1e-12
4490,1.30934970435551e-16,1e-12
4491,6.72245846600566e-17,1e-12
4492,2.3364605037937e-16,1e-12
4493,3.43304750158794e-16,1e-12
4494,3.06659264549815e-17,1e-12
4495,2.05895002699203e-13,1e-12
4496,5.22346519879523e-15,1e-12
4497,4.82531025601522e-14,1e-12
4498,2.19037455206448e-13,1e-12
4499,6.59285394891182e-13,1e-12
4500,2.90562982088513e-22,1e-12
4501,2.7762777450732e-21,1e-12
4502,1.59392482544222e-22,1e-12
4503,3.401673137534e-21,1e-12
4504,1.28680502903776e-20,1e-12
4505,4.1161318691258e-21,1e-12
4506,1.03185416580995e-20,1e-12
4507,8.98549430666558e-21,1e-12
4508,2.01766310029899e-21,1e-12
4509,1.32489670998746e-20,1e-12
4510,3.3938183072021e-21,1e-12
4511,1.77487078614664e-21,1e-12
4512,8.30322055810394e-21,1e-12
4513,7.10751842978539e-22,1e-12
4514,9.9835696360525e-22,1e-12
4515,1.03866889974806e-13,1e-12
4516,6.35180779054291e-13,1e-12
4517,6.51994384164001e-14,1e-12
4518,6.97798675867389e-13,1e-12
4519,1.12496649486481e-21,1e-12
4520,1.78376251375141e-21,1e-12
4521,1.1673263825919e-21,1e-12
4522,6.86670786586075e-21,1e-12
4523,2.54306320220716e-20,1e-12
4524,8.08469520153057e-20,1e-12
4525,1.07172192109314e-19,1e-12
4526,8.94372587045155e-20,1e-12
4527,7.78654472926164e-20,1e-12
4528,5.26557198160116e-20,1e-12
4529,4.56404005006493e-20,1e-12
4530,1.03055572386636e-20,1e-12
4531,1.35054307662387e-21,1e-12
4532,1.05182061587104e-21,1e-12
4533,6.01767508823537e-13,1e-12
4534,2.25513503871079e-14,1e-12
4535,1.24415261541499e-19,1e-12
4536,1.83349819365798e-14,1e-12
4537,3.00272676045851e-13,1e-12
4538,9.90005481765305e-13,1e-12
4539,1.27341893801968e-21,1e-12
4540,1.31605427741235e-21,1e-12
4541,7.40176233952473e-22,1e-12
4542,6.21102096819316e-22,1e-12
4543,6.62308237992648e-22,1e-12
4544,6.22009903050592e-23,1e-12
4545,2.39988566492245e-22,1e-12
4546,1.21214685241389e-22,1e-12
4547,6.58518464988415e-13,1e-12
4548,1.24477952876185e-13,1e-12
4549,7.04125321234558e-16,1e-12
4550,3.43083330119561e-21,1e-12
4551,7.78040711455331e-14,1e-12
4552,2.55787813013581e-13,1e-12
4553,4.93314598158175e-13,1e-12
4554,7.37049140104767e-13,1e-12
4555,9.42575847156825e-13,1e-12
4556,9.18061192500407e-22,1e-12
4557,2.65225139120186e-22,1e-12
4558,9.49490479926369e-13,1e-12
4559,5.72945628805099e-13,1e-12
4560,2.36544499112538e-13,1e-12
4561,6.14712299946395e-14,1e-12
4562,5.85854560431268e-15,1e-12
4563,1.94187179004128e-14,1e-12
4564,4.79815589817043e-15,1e-12
4565,7.1105768069286e-14,1e-12
4566,3.82486966057057e-13,1e-12
4567,2.95379955559197e-22,1e-12
4568,1.51677642294766e-21,1e-12
4569,8.84459045910875e-22,1e-12
4570,1.12947996700511e-21,1e-12
4571,3.62928782063443e-21,1e-12
4572,3.03544358441237e-21,1e-12
4573,3.72871071952782e-21,1e-12
4574,3.96620394239414e-22,1e-12
4575,8.43044190084979e-21,1e-12
4576,2.30088017572085e-21,1e-12
4577,1.29822169698791e-21,1e-12
4578,3.16780284290018e-22,1e-12
4579,9.19701503300148e-13,1e-12
4580,2.20803831834192e-13,1e-12
4581,1.31571857377263e-14,1e-12
4582,7.36782718044322e-13,1e-12
4583,3.75193550552615e-14,1e-12
4584,2.52407872695738e-13,1e-12
4585,7.5694919394374e-13,1e-12
4586,1.65362199313714e-21,1e-12
4587,2.77156078695505e-21,1e-12
4588,1.44129178978149e-22,1e-12
4589,3.03058865133166e-21,1e-12
4590,2.51938808206557e-21,1e-12
4591,7.33164627333751e-22,1e-12
4592,2.20576086656704e-21,1e-12
4593,3.02602266906847e-21,1e-12
4594,8.42612122383701e-21,1e-12
4595,1.00133408505124e-20,1e-12
4596,3.1179160754567e-22,1e-12
4597,1.06245699268937e-21,1e-12
4598,1.71355574359113e-21,1e-12
4599,3.41114574407343e-22,1e-12
4600,9.45690937537985e-13,1e-12
4601,3.97394895864032e-13,1e-12
4602,1.2417370122526e-13,1e-12
4603,3.533093224136e-14,1e-12
4604,1.25164325520017e-14,1e-12
4605,7.02055671439739e-15,1e-12
4606,4.82396823028799e-15,1e-12
4607,1.1356098347995e-15,1e-12
4608,4.33688020202044e-16,1e-12
4609,3.95164834613737e-14,1e-12
4610,1.3946945683916e-15,1e-12
4611,4.53511115584145e-16,1e-12
4612,7.49504462215538e-16,1e-12
4613,8.91547533080536e-16,1e-12
4614,1.65190497751463e-15,1e-12
4615,6.09649982487723e-15,1e-12
4616,2.50750758482885e-14,1e-12
4617,8.52562999495919e-14,1e-12
4618,2.04150468596487e-13,1e-12
4619,3.66706570476899e-13,1e-12
4620,5.76970210001595e-13,1e-12
4621,8.42151121374038e-13,1e-12
4622,5.74994516810329e-22,1e-12
4623,7.23956214937634e-22,1e-12
4624,2.12415689788597e-22,1e-12
4625,1.70297908184828e-21,1e-12
4626,1.6734440661566e-21,1e-12
4627,1.33864651908875e-21,1e-12
4628,1.65298005312275e-21,1e-12
4629,1.04670463977535e-23,1e-12
4630,9.04003871538249e-13,1e-12
4631,3.67214890376096e-13,1e-12
4632,5.23443303344586e-14,1e-12
4633,4.87603915119325e-15,1e-12
4634,1.71872338908402e-14,1e-12
4635,1.99003230412789e-13,1e-12
4636,7.97947205077192e-13,1e-12
4637,8.81132200954982e-23,1e-12
4638,1.0803084904127e-21,1e-12
4639,3.73860430312947e-21,1e-12
4640,2.66511386130486e-21,1e-12
4641,1.63216580113416e-21,1e-12
4642,7.48517112138375e-21,1e-12
4643,3.78317126071199e-21,1e-12
4644,6.52794107582949e-22,1e-12
4645,9.47882599984661e-22,1e-12
4646,2.07460232084643e-13,1e-12
4647,3.04428868432577e-13,1e-12
4648,1.39366121483175e-13,1e-12
4649,9.63561144304555e-22,1e-12
4650,1.14142498906901e-21,1e-12
4651,8.08846809185077e-21,1e-12
4652,9.37661676192335e-21,1e-12
4653,2.63305167663906e-20,1e-12
4654,4.18463393252173e-20,1e-12
4655,5.81699215215209e-20,1e-12
4656,6.23404970432435e-20,1e-12
4657,8.58829950521711e-20,1e-12
4658,7.58694440888748e-20,1e-12
4659,8.66503491949537e-20,1e-12
4660,6.51965501263205e-20,1e-12
4661,2.50378711367233e-20,1e-12
4662,3.72226030045078e-20,1e-12
4663,1.6943133529289e-20,1e-12
4664,1.04020087933673e-20,1e-12
4665,4.05070674120437e-22,1e-12
4666,1.50341563971867e-21,1e-12
4667,4.508821723005e-13,1e-12
4668,4.19408576106484e-14,1e-12
4669,5.13005765910374e-14,1e-12
4670,2.3682562912933e-13,1e-12
4671,6.66251488651226e-14,1e-12
4672,1.98089854986957e-13,1e-12
4673,4.02012938572949e-13,1e-12
4674,6.52520279882304e-13,1e-12
4675,9.18067553344059e-13,1e-12
4676,5.56587674299103e-22,1e-12
4677,2.28151196390131e-22,1e-12
4678,2.23203833742157e-22,1e-12
4679,9.56002011546303e-23,1e-12
4680,8.76968101164394e-13,1e-12
4681,5.92621190816514e-13,1e-12
4682,3.68275077592572e-13,1e-12
4683,2.118547558703e-13,1e-12
4684,1.10157124321913e-13,1e-12
4685,4.65061806301505e-14,1e-12
4686,1.19139592769635e-14,1e-12
4687,2.3247291188182e-16,1e-12
4688,1.59160361569384e-13,1e-12
4689,3.11804883510393e-15,1e-12
4690,1.0218503396352e-14,1e-12
4691,1.57291437386578e-14,1e-12
4692,1.03549162576943e-14,1e-12
4693,1.91298562187176e-15,1e-12
4694,1.7901915181006e-16,1e-12
4695,6.32450896699382e-15,1e-12
4696,2.0056566169373e-13,1e-12
