0.001 -0.00352352
0.002 -0.0202188
0.003 -0.0525511
0.004 -0.105737
0.005 -0.183375
0.006 -0.288371
0.007 -0.423206
0.008 -0.590309
0.009 -0.792438
0.01 -1.03298
0.011 -1.30081
0.012 -1.57489
0.013 -1.84509
0.014 -2.10023
0.015 -2.33258
0.016 -2.53624
0.017 -2.70606
0.018 -2.83739
0.019 -2.9205
0.02 -2.94702
0.021 -2.91222
0.022 -2.81403
0.023 -2.64626
0.024 -2.40197
0.025 -2.07446
0.026 -1.65959
0.027 -1.15084
0.028 -0.54741
0.029 0.150878
0.03 0.943254
0.031 1.82606
0.032 2.79479
0.033 3.84793
0.034 4.9863
0.035 6.21294
0.036 7.5323
0.037 8.94919
0.038 10.4675
0.039 12.0891
0.04 13.8137
0.041 15.6319
0.042 17.5288
0.043 19.4918
0.044 21.5101
0.045 23.5756
0.046 25.6838
0.047 27.833
0.048 30.0233
0.049 32.2551
0.05 34.5269
0.051 36.8332
0.052 39.164
0.053 41.5071
0.054 43.8484
0.055 46.1739
0.056 48.4711
0.057 50.7302
0.058 52.9451
0.059 55.1126
0.06 57.2313
0.061 59.3017
0.062 61.3237
0.063 63.2941
0.064 65.2058
0.065 67.0488
0.066 68.8106
0.067 70.478
0.068 72.0392
0.069 73.4852
0.07 74.8104
0.071 76.0193
0.072 77.1228
0.073 78.1301
0.074 79.0482
0.075 79.8804
0.076 80.6256
0.077 81.2789
0.078 81.8322
0.079 82.2774
0.08 82.6078
0.081 82.8235
0.082 82.9307
0.083 82.9394
0.084 82.8592
0.085 82.7034
0.086 82.4822
0.087 82.2024
0.088 81.8671
0.089 81.4724
0.09 81.0144
0.091 80.4864
0.092 79.8828
0.093 79.2018
0.094 78.4465
0.095 77.6245
0.096 76.7463
0.097 75.8237
0.098 74.867
0.099 73.8829
0.1 72.8737
0.101 71.8366
0.102 70.7647
0.103 69.6506
0.104 68.4877
0.105 67.273
0.106 66.0083
0.107 64.6997
0.108 63.3572
0.109 61.9919
0.11 60.6143
0.111 59.2309
0.112 57.8434
0.113 56.4488
0.114 55.0408
0.115 53.6115
0.116 52.1535
0.117 50.6625
0.118 49.1389
0.119 47.5872
0.12 46.0163
0.121 44.4387
0.122 42.868
0.123 41.3142
0.124 39.7824
0.125 38.2728
0.126 36.7813
0.127 35.3014
0.128 33.8266
0.129 32.3533
0.13 30.8822
0.131 29.4197
0.132 27.9773
0.133 26.5688
0.134 25.2078
0.135 23.9057
0.136 22.6692
0.137 21.4999
0.138 20.395
0.139 19.3484
0.14 18.3541
0.141 17.4043
0.142 16.4932
0.143 15.6219
0.144 14.7965
0.145 14.0271
0.146 13.3247
0.147 12.6992
0.148 12.156
0.149 11.6955
0.15 11.3124
0.151 10.9932
0.152 10.7202
0.153 10.4785
0.154 10.2579
0.155 10.054
0.156 9.86771
0.157 9.70769
0.158 9.58113
0.159 9.49513
0.16 9.45269
0.161 9.45166
0.162 9.48415
0.163 9.53708
0.164 9.59497
0.165 9.64305
0.166 9.67019
0.167 9.67097
0.168 9.64613
0.169 9.6016
0.17 9.54606
0.171 9.4922
0.172 9.45211
0.173 9.43044
0.174 9.42493
0.175 9.42721
0.176 9.42512
0.177 9.40601
0.178 9.36022
0.179 9.28367
0.18 9.17916
0.181 9.05942
0.182 8.94357
0.183 8.84997
0.184 8.79388
0.185 8.78453
0.186 8.82378
0.187 8.90665
0.188 9.02369
0.189 9.16437
0.19 9.32084
0.191 9.48879
0.192 9.66981
0.193 9.87343
0.194 10.1132
0.195 10.4078
0.196 10.771
0.197 11.2121
0.198 11.7333
0.199 12.3294
0.2 12.9897
0.201 13.697
0.202 14.4327
0.203 15.1851
0.204 15.9501
0.205 16.7317
0.206 17.5406
0.207 18.3903
0.208 19.2936
0.209 20.2581
0.21 21.2842
0.211 22.3611
0.212 23.4694
0.213 24.5874
0.214 25.6944
0.215 26.7745
0.216 27.8196
0.217 28.8301
0.218 29.8134
0.219 30.7808
0.22 31.7433
0.221 32.7101
0.222 33.6849
0.223 34.6615
0.224 35.6261
0.225 36.56
0.226 37.4439
0.227 38.2623
0.228 39.0069
0.229 39.6781
0.23 40.2844
0.231 40.8429
0.232 41.3745
0.233 41.8949
0.234 42.4127
0.235 42.927
0.236 43.4284
0.237 43.9014
0.238 44.3287
0.239 44.6961
0.24 44.9965
0.241 45.2334
0.242 45.4199
0.243 45.5752
0.244 45.7205
0.245 45.8752
0.246 46.0486
0.247 46.2443
0.248 46.4559
0.249 46.6701
0.25 46.8711
0.251 47.0436
0.252 47.1779
0.253 47.2738
0.254 47.3406
0.255 47.3948
0.256 47.4565
0.257 47.5443
0.258 47.6708
0.259 47.84
0.26 48.0462
0.261 48.2776
0.262 48.5193
0.263 48.7565
0.264 48.9796
0.265 49.1872
0.266 49.3874
0.267 49.5948
0.268 49.8321
0.269 50.1183
0.27 50.4689
0.271 50.8898
0.272 51.3767
0.273 51.918
0.274 52.4971
0.275 53.0974
0.276 53.7067
0.277 54.3204
0.278 54.9434
0.279 55.5887
0.28 56.2746
0.281 57.0171
0.282 57.8265
0.283 58.7069
0.284 59.6538
0.285 60.6544
0.286 61.6909
0.287 62.7445
0.288 63.7996
0.289 64.8478
0.29 65.889
0.291 66.9308
0.292 67.9858
0.293 69.0685
0.294 70.1907
0.295 71.3577
0.296 72.5665
0.297 73.8056
0.298 75.0576
0.299 76.3032
0.3 77.5249
0.301 78.7123
0.302 79.8636
0.303 80.9852
0.304 82.0895
0.305 83.1918
0.306 84.3051
0.307 85.4371
0.308 86.5872
0.309 87.7464
0.31 88.8992
0.311 90.0241
0.312 91.0993
0.313 92.1092
0.314 93.047
0.315 93.9147
0.316 94.7218
0.317 95.4816
0.318 96.2066
0.319 96.9042
0.32 97.574
0.321 98.2107
0.322 98.804
0.323 99.3376
0.324 99.7945
0.325 100.162
0.326 100.434
0.327 100.613
0.328 100.709
0.329 100.741
0.33 100.722
0.331 100.67
0.332 100.599
0.333 100.511
0.334 100.401
0.335 100.255
0.336 100.06
0.337 99.8038
0.338 99.4799
0.339 99.0918
0.34 98.6517
0.341 98.1767
0.342 97.686
0.343 97.1973
0.344 96.7227
0.345 96.2659
0.346 95.8221
0.347 95.3793
0.348 94.9225
0.349 94.438
0.35 93.9171
0.351 93.3552
0.352 92.7536
0.353 92.1228
0.354 91.4776
0.355 90.8332
0.356 90.2002
0.357 89.5822
0.358 88.9737
0.359 88.3617
0.36 87.7281
0.361 87.0537
0.362 86.3222
0.363 85.5251
0.364 84.6624
0.365 83.7427
0.366 82.7795
0.367 81.7881
0.368 80.7802
0.369 79.761
0.37 78.7269
0.371 77.6703
0.372 76.5805
0.373 75.443
0.374 74.2455
0.375 72.9813
0.376 71.6513
0.377 70.265
0.378 68.8376
0.379 67.3874
0.38 65.931
0.381 64.4812
0.382 63.044
0.383 61.6167
0.384 60.1898
0.385 58.7505
0.386 57.2865
0.387 55.7905
0.388 54.2625
0.389 52.7109
0.39 51.1511
0.391 49.6007
0.392 48.0765
0.393 46.5915
0.394 45.1517
0.395 43.7551
0.396 42.3926
0.397 41.0509
0.398 39.7165
0.399 38.3796
0.4 37.0369
0.401 35.6921
0.402 34.3547
0.403 33.0397
0.404 31.7633
0.405 30.5382
0.406 29.3713
0.407 28.2615
0.408 27.2003
0.409 26.1741
0.41 25.1679
0.411 24.1704
0.412 23.1774
0.413 22.1914
0.414 21.2225
0.415 20.2857
0.416 19.3981
0.417 18.5741
0.418 17.823
0.419 17.1463
0.42 16.5382
0.421 15.9873
0.422 15.48
0.423 15.0044
0.424 14.5537
0.425 14.1285
0.426 13.7368
0.427 13.3926
0.428 13.1122
0.429 12.911
0.43 12.7983
0.431 12.7776
0.432 12.8395
0.433 12.9709
0.434 13.1558
0.435 13.3794
0.436 13.6317
0.437 13.9098
0.438 14.2173
0.439 14.5679
0.44 14.9745
0.441 15.4507
0.442 16.0054
0.443 16.6405
0.444 17.3502
0.445 18.1224
0.446 18.9411
0.447 19.7907
0.448 20.6596
0.449 21.543
0.45 22.4438
0.451 23.3714
0.452 24.3394
0.453 25.3614
0.454 26.4476
0.455 27.6014
0.456 28.8187
0.457 30.0884
0.458 31.395
0.459 32.7223
0.46 34.0574
0.461 35.3927
0.462 36.7278
0.463 38.0698
0.464 39.4306
0.465 40.8233
0.466 42.2586
0.467 43.7411
0.468 45.268
0.469 46.8292
0.47 48.4093
0.471 49.989
0.472 51.5498
0.473 53.0796
0.474 54.5743
0.475 56.0373
0.476 57.4782
0.477 58.9088
0.478 60.3394
0.479 61.7749
0.48 63.2128
0.481 64.6417
0.482 66.0437
0.483 67.3984
0.484 68.6865
0.485 69.8941
0.486 71.0146
0.487 72.0494
0.488 73.0067
0.489 73.8979
0.49 74.7335
0.491 75.5227
0.492 76.2688
0.493 76.9659
0.494 77.6011
0.495 78.157
0.496 78.616
0.497 78.9648
0.498 79.1969
0.499 79.3141
0.5 79.3269
0.501 79.2541
0.502 79.124
0.503 78.9565
0.504 78.7639
0.505 78.5488
0.506 78.3062
0.507 78.0217
0.508 77.6829
0.509 77.2801
0.51 76.8108
0.511 76.2802
0.512 75.7012
0.513 75.0938
0.514 74.4802
0.515 73.8803
0.516 73.3069
0.517 72.7638
0.518 72.2456
0.519 71.7399
0.52 71.2316
0.521 70.7025
0.522 70.1377
0.523 69.5333
0.524 68.8958
0.525 68.2397
0.526 67.5838
0.527 66.9457
0.528 66.3374
0.529 65.7618
0.53 65.2115
0.531 64.6699
0.532 64.1152
0.533 63.5262
0.534 62.8874
0.535 62.1919
0.536 61.4433
0.537 60.654
0.538 59.8418
0.539 59.0247
0.54 58.2159
0.541 57.4214
0.542 56.6379
0.543 55.8523
0.544 55.0454
0.545 54.1969
0.546 53.2905
0.547 52.3182
0.548 51.2819
0.549 50.1932
0.55 49.0703
0.551 47.9344
0.552 46.8044
0.553 45.691
0.554 44.5943
0.555 43.5046
0.556 42.405
0.557 41.276
0.558 40.101
0.559 38.8705
0.56 37.5856
0.561 36.2555
0.562 34.8965
0.563 33.5289
0.564 32.1707
0.565 30.8334
0.566 29.5191
0.567 28.2196
0.568 26.9186
0.569 25.5959
0.57 24.2328
0.571 22.8158
0.572 21.3404
0.573 19.8126
0.574 18.2469
0.575 16.6626
0.576 15.0783
0.577 13.5071
0.578 11.9531
0.579 10.4102
0.58 8.86336
0.581 7.2945
0.582 5.68692
0.583 4.02785
0.584 2.3129
0.585 0.547595
0.586 -1.25376
0.587 -3.07137
0.588 -4.88472
0.589 -6.67747
0.59 -8.44133
0.591 -10.1764
0.592 -11.8908
0.593 -13.5994
0.594 -15.3185
0.595 -17.0613
0.596 -18.8332
0.597 -20.6303
0.598 -22.4395
0.599 -24.2409
0.6 -26.0128
0.601 -27.7382
0.602 -29.4085
0.603 -31.0237
0.604 -32.5927
0.605 -34.1311
0.606 -35.6568
0.607 -37.1854
0.608 -38.7259
0.609 -40.2782
0.61 -41.833
0.611 -43.3727
0.612 -44.8758
0.613 -46.3232
0.614 -47.7025
0.615 -49.01
0.616 -50.2519
0.617 -51.4416
0.618 -52.5963
0.619 -53.7317
0.62 -54.8577
0.621 -55.9701
0.622 -57.0521
0.623 -58.0816
0.624 -59.0328
0.625 -59.8819
0.626 -60.6114
0.627 -61.2127
0.628 -61.6872
0.629 -62.0439
0.63 -62.2958
0.631 -62.4569
0.632 -62.537
0.633 -62.5369
0.634 -62.4444
0.635 -62.2423
0.636 -61.9078
0.637 -61.4198
0.638 -60.7577
0.639 -59.9139
0.64 -58.8897
0.641 -57.6974
0.642 -56.3562
0.643 -54.8846
0.644 -53.2963
0.645 -51.5962
0.646 -49.7789
0.647 -47.8298
0.648 -45.7286
0.649 -43.4541
0.65 -40.9896
0.651 -38.3261
0.652 -35.4647
0.653 -32.4162
0.654 -29.198
0.655 -25.8293
0.656 -22.3256
0.657 -18.6946
0.658 -14.9338
0.659 -11.031
0.66 -6.96707
0.661 -2.72665
0.662 1.69904
0.663 6.31379
0.664 11.1122
0.665 16.0798
0.666 21.1956
0.667 26.4365
0.668 31.7814
0.669 37.216
0.67 42.7349
0.671 48.3351
0.672 54.0164
0.673 59.7845
0.674 65.6439
0.675 71.5943
0.676 77.6276
0.677 83.7271
0.678 89.869
0.679 96.0255
0.68 102.169
0.681 108.279
0.682 114.344
0.683 120.359
0.684 126.328
0.685 132.256
0.686 138.15
0.687 144.014
0.688 149.842
0.689 155.62
0.69 161.33
0.691 166.95
0.692 172.465
0.693 177.858
0.694 183.122
0.695 188.253
0.696 193.258
0.697 198.145
0.698 202.926
0.699 207.607
0.7 212.191
0.701 216.68
0.702 221.075
0.703 225.367
0.704 229.547
0.705 233.606
0.706 237.538
0.707 241.346
0.708 245.039
0.709 248.631
0.71 252.139
0.711 255.581
0.712 258.972
0.713 262.318
0.714 265.621
0.715 268.874
0.716 272.069
0.717 275.197
0.718 278.253
0.719 281.238
0.72 284.16
0.721 287.028
0.722 289.852
0.723 292.644
0.724 295.416
0.725 298.171
0.726 300.908
0.727 303.622
0.728 306.301
0.729 308.933
0.73 311.507
0.731 314.012
0.732 316.441
0.733 318.792
0.734 321.071
0.735 323.287
0.736 325.446
0.737 327.552
0.738 329.602
0.739 331.589
0.74 333.496
0.741 335.304
0.742 336.992
0.743 338.541
0.744 339.943
0.745 341.193
0.746 342.293
0.747 343.252
0.748 344.075
0.749 344.767
0.75 345.323
0.751 345.736
0.752 345.99
0.753 346.064
0.754 345.939
0.755 345.597
0.756 345.026
0.757 344.225
0.758 343.194
0.759 341.94
0.76 340.472
0.761 338.804
0.762 336.95
0.763 334.914
0.764 332.691
0.765 330.271
0.766 327.641
0.767 324.788
0.768 321.705
0.769 318.394
0.77 314.863
0.771 311.133
0.772 307.23
0.773 303.181
0.774 299.002
0.775 294.705
0.776 290.291
0.777 285.755
0.778 281.087
0.779 276.279
0.78 271.326
0.781 266.233
0.782 261.012
0.783 255.682
0.784 250.269
0.785 244.797
0.786 239.286
0.787 233.749
0.788 228.19
0.789 222.605
0.79 216.984
0.791 211.316
0.792 205.593
0.793 199.815
0.794 193.991
0.795 188.138
0.796 182.279
0.797 176.439
0.798 170.639
0.799 164.891
0.8 159.202
0.801 153.561
0.802 147.952
0.803 142.356
0.804 136.758
0.805 131.153
0.806 125.544
0.807 119.943
0.808 114.37
0.809 108.844
0.81 103.384
0.811 97.9999
0.812 92.6895
0.813 87.4429
0.814 82.2433
0.815 77.0717
0.816 71.9115
0.817 66.7531
0.818 61.5964
0.819 56.4507
0.82 51.3323
0.821 46.2686
0.822 41.2897
0.823 36.4155
0.824 31.6557
0.825 27.0088
0.826 22.4643
0.827 18.0079
0.828 13.6261
0.829 9.31229
0.83 5.06996
0.831 0.939689
0.832 -3.01266
0.833 -6.72811
0.834 -10.1525
0.835 -13.2426
0.836 -15.9694
0.837 -18.3175
0.838 -20.2818
0.839 -21.8605
0.84 -23.0482
0.841 -23.8492
0.842 -24.2664
0.843 -24.28
0.844 -23.8579
0.845 -22.9571
0.846 -21.5397
0.847 -19.5721
0.848 -17.0353
0.849 -13.9259
0.85 -10.2546
0.851 -6.06353
0.852 -1.40995
0.853 3.66534
0.854 9.13756
0.855 15.0013
0.856 21.2689
0.857 27.964
0.858 35.1124
0.859 42.7322
0.86 50.8259
0.861 59.3698
0.862 68.3177
0.863 77.6138
0.864 87.1994
0.865 97.0235
0.866 107.05
0.867 117.264
0.868 127.668
0.869 138.277
0.87 149.11
0.871 160.187
0.872 171.52
0.873 183.096
0.874 194.881
0.875 206.828
0.876 218.88
0.877 230.989
0.878 243.118
0.879 255.249
0.88 267.386
0.881 279.558
0.882 291.804
0.883 304.158
0.884 316.638
0.885 329.243
0.886 341.949
0.887 354.715
0.888 367.491
0.889 380.229
0.89 392.894
0.891 405.475
0.892 417.984
0.893 430.45
0.894 442.912
0.895 455.407
0.896 467.961
0.897 480.578
0.898 493.241
0.899 505.915
0.9 518.553
0.901 531.103
0.902 543.525
0.903 555.796
0.904 567.919
0.905 579.915
0.906 591.819
0.907 603.668
0.908 615.488
0.909 627.288
0.91 639.053
0.911 650.738
0.912 662.282
0.913 673.621
0.914 684.704
0.915 695.499
0.916 705.997
0.917 716.213
0.918 726.176
0.919 735.92
0.92 745.468
0.921 754.834
0.922 764.01
0.923 772.964
0.924 781.647
0.925 790.005
0.926 797.987
0.927 805.563
0.928 812.725
0.929 819.489
0.93 825.888
0.931 831.97
0.932 837.781
0.933 843.35
0.934 848.682
0.935 853.758
0.936 858.538
0.937 862.974
0.938 867.019
0.939 870.645
0.94 873.845
0.941 876.639
0.942 879.072
0.943 881.2
0.944 883.074
0.945 884.731
0.946 886.188
0.947 887.435
0.948 888.439
0.949 889.157
0.95 889.547
0.951 889.574
0.952 889.223
0.953 888.508
0.954 887.464
0.955 886.141
0.956 884.59
0.957 882.854
0.958 880.949
0.959 878.873
0.96 876.594
0.961 874.061
0.962 871.213
0.963 868.004
0.964 864.409
0.965 860.428
0.966 856.089
0.967 851.436
0.968 846.518
0.969 841.376
0.97 836.031
0.971 830.481
0.972 824.703
0.973 818.654
0.974 812.282
0.975 805.542
0.976 798.407
0.977 790.876
0.978 782.974
0.979 774.746
0.98 766.245
0.981 757.525
0.982 748.62
0.983 739.541
0.984 730.273
0.985 720.778
0.986 711.006
0.987 700.912
0.988 690.467
0.989 679.664
0.99 668.525
0.991 657.087
0.992 645.397
0.993 633.504
0.994 621.442
0.995 609.224
0.996 596.838
0.997 584.247
0.998 571.402
0.999 558.252
1 544.759
1.001 530.907
1.002 516.708
1.003 502.195
1.004 487.419
1.005 472.43
1.006 457.27
1.007 441.959
1.008 426.492
1.009 410.84
1.01 394.959
1.011 378.802
1.012 362.335
1.013 345.541
1.014 328.429
1.015 311.032
1.016 293.398
1.017 275.584
1.018 257.636
1.019 239.585
1.02 221.434
1.021 203.171
1.022 184.765
1.023 166.18
1.024 147.383
1.025 128.359
1.026 109.114
1.027 89.6814
1.028 70.1119
1.029 50.4656
1.03 30.799
1.031 11.1563
1.032 -8.43879
1.033 -27.9884
1.034 -47.5145
1.035 -67.0498
1.036 -86.625
1.037 -106.257
1.038 -125.941
1.039 -145.646
1.04 -165.322
1.041 -184.907
1.042 -204.341
1.043 -223.574
1.044 -242.58
1.045 -261.354
1.046 -279.916
1.047 -298.296
1.048 -316.527
1.049 -334.632
1.05 -352.612
1.051 -370.453
1.052 -388.119
1.053 -405.562
1.054 -422.726
1.055 -439.566
1.056 -456.053
1.057 -472.185
1.058 -487.981
1.059 -503.475
1.06 -518.709
1.061 -533.727
1.062 -548.562
1.063 -563.222
1.064 -577.687
1.065 -591.922
1.066 -605.88
1.067 -619.523
1.068 -632.825
1.069 -645.786
1.07 -658.431
1.071 -670.802
1.072 -682.951
1.073 -694.926
1.074 -706.762
1.075 -718.473
1.076 -730.047
1.077 -741.451
1.078 -752.643
1.079 -763.582
1.08 -774.237
1.081 -784.596
1.082 -794.662
1.083 -804.467
1.084 -814.054
1.085 -823.469
1.086 -832.749
1.087 -841.91
1.088 -850.943
1.089 -859.817
1.09 -868.486
1.091 -876.898
1.092 -885.007
1.093 -892.788
1.094 -900.242
1.095 -907.392
1.096 -914.281
1.097 -920.954
1.098 -927.452
1.099 -933.794
1.1 -939.977
1.101 -945.979
1.102 -951.761
1.103 -957.275
1.104 -962.481
1.105 -967.354
1.106 -971.893
1.107 -976.119
1.108 -980.076
1.109 -983.814
1.11 -987.379
1.111 -990.805
1.112 -994.105
1.113 -997.266
1.114 -1000.25
1.115 -1003.03
1.116 -1005.54
1.117 -1007.77
1.118 -1009.71
1.119 -1011.37
1.12 -1012.81
1.121 -1014.06
1.122 -1015.17
1.123 -1016.18
1.124 -1017.09
1.125 -1017.89
1.126 -1018.55
1.127 -1019.04
1.128 -1019.29
1.129 -1019.29
1.13 -1019
1.131 -1018.45
1.132 -1017.65
1.133 -1016.64
1.134 -1015.47
1.135 -1014.17
1.136 -1012.75
1.137 -1011.22
1.138 -1009.54
1.139 -1007.67
1.14 -1005.56
1.141 -1003.17
1.142 -1000.48
1.143 -997.499
1.144 -994.249
1.145 -990.771
1.146 -987.11
1.147 -983.307
1.148 -979.385
1.149 -975.346
1.15 -971.17
1.151 -966.824
1.152 -962.277
1.153 -957.495
1.154 -952.462
1.155 -947.18
1.156 -941.674
1.157 -935.985
1.158 -930.163
1.159 -924.254
1.16 -918.293
1.161 -912.296
1.162 -906.262
1.163 -900.17
1.164 -893.986
1.165 -887.682
1.166 -881.237
1.167 -874.65
1.168 -867.944
1.169 -861.159
1.17 -854.344
1.171 -847.548
1.172 -840.804
1.173 -834.128
1.174 -827.518
1.175 -820.95
1.176 -814.392
1.177 -807.808
1.178 -801.173
1.179 -794.477
1.18 -787.733
1.181 -780.968
1.182 -774.219
1.183 -767.527
1.184 -760.929
1.185 -754.441
1.186 -748.064
1.187 -741.778
1.188 -735.548
1.189 -729.336
1.19 -723.112
1.191 -716.855
1.192 -710.564
1.193 -704.26
1.194 -697.976
1.195 -691.752
1.196 -685.624
1.197 -679.614
1.198 -673.725
1.199 -667.939
1.2 -662.223
1.201 -656.538
1.202 -650.846
1.203 -645.125
1.204 -639.369
1.205 -633.592
1.206 -627.826
1.207 -622.111
1.208 -616.484
1.209 -610.97
1.21 -605.577
1.211 -600.289
1.212 -595.073
1.213 -589.885
1.214 -584.685
1.215 -579.442
1.216 -574.144
1.217 -568.801
1.218 -563.437
1.219 -558.089
1.22 -552.795
1.221 -547.576
1.222 -542.437
1.223 -537.364
1.224 -532.324
1.225 -527.274
1.226 -522.169
1.227 -516.974
1.228 -511.672
1.229 -506.264
1.23 -500.769
1.231 -495.222
1.232 -489.659
1.233 -484.108
1.234 -478.58
1.235 -473.067
1.236 -467.541
1.237 -461.962
1.238 -456.287
1.239 -450.479
1.24 -444.516
1.241 -438.397
1.242 -432.138
1.243 -425.77
1.244 -419.33
1.245 -412.847
1.246 -406.338
1.247 -399.8
1.248 -393.208
1.249 -386.525
1.25 -379.708
1.251 -372.716
1.252 -365.522
1.253 -358.12
1.254 -350.521
1.255 -342.753
1.256 -334.853
1.257 -326.853
1.258 -318.773
1.259 -310.616
1.26 -302.361
1.261 -293.972
1.262 -285.398
1.263 -276.595
1.264 -267.529
1.265 -258.185
1.266 -248.569
1.267 -238.706
1.268 -228.629
1.269 -218.371
1.27 -207.953
1.271 -197.372
1.272 -186.595
1.273 -175.58
1.274 -164.27
1.275 -152.614
1.276 -140.571
1.277 -128.116
1.278 -115.249
1.279 -101.984
1.28 -88.3504
1.281 -74.3768
1.282 -60.0859
1.283 -45.4812
1.284 -30.5454
1.285 -15.2421
1.286 0.476463
1.287 16.6599
1.288 33.3485
1.289 50.5653
1.29 68.3117
1.291 86.5584
1.292 105.256
1.293 124.356
1.294 143.82
1.295 163.626
1.296 183.775
1.297 204.289
1.298 225.203
1.299 246.556
1.3 268.377
1.301 290.672
1.302 313.418
1.303 336.575
1.304 360.088
1.305 383.896
1.306 407.949
1.307 432.211
1.308 456.668
1.309 481.328
1.31 506.213
1.311 531.336
1.312 556.693
1.313 582.272
1.314 608.041
1.315 633.948
1.316 659.927
1.317 685.909
1.318 711.83
1.319 737.637
1.32 763.3
1.321 788.806
1.322 814.156
1.323 839.358
1.324 864.416
1.325 889.323
1.326 914.055
1.327 938.566
1.328 962.8
1.329 986.689
1.33 1010.17
1.331 1033.21
1.332 1055.79
1.333 1077.92
1.334 1099.6
1.335 1120.86
1.336 1141.73
1.337 1162.21
1.338 1182.3
1.339 1201.98
1.34 1221.2
1.341 1239.94
1.342 1258.17
1.343 1275.87
1.344 1293.04
1.345 1309.7
1.346 1325.87
1.347 1341.59
1.348 1356.9
1.349 1371.83
1.35 1386.38
1.351 1400.57
1.352 1414.38
1.353 1427.8
1.354 1440.8
1.355 1453.37
1.356 1465.51
1.357 1477.24
1.358 1488.59
1.359 1499.59
1.36 1510.29
1.361 1520.72
1.362 1530.88
1.363 1540.79
1.364 1550.43
1.365 1559.76
1.366 1568.78
1.367 1577.45
1.368 1585.77
1.369 1593.74
1.37 1601.39
1.371 1608.73
1.372 1615.76
1.373 1622.5
1.374 1628.94
1.375 1635.09
1.376 1640.9
1.377 1646.36
1.378 1651.43
1.379 1656.08
1.38 1660.28
1.381 1664.01
1.382 1667.25
1.383 1669.99
1.384 1672.24
1.385 1674
1.386 1675.27
1.387 1676.03
1.388 1676.27
1.389 1675.95
1.39 1675.04
1.391 1673.47
1.392 1671.23
1.393 1668.29
1.394 1664.62
1.395 1660.22
1.396 1655.11
1.397 1649.28
1.398 1642.73
1.399 1635.46
1.4 1627.45
1.401 1618.68
1.402 1609.11
1.403 1598.71
1.404 1587.44
1.405 1575.29
1.406 1562.23
1.407 1548.27
1.408 1533.4
1.409 1517.65
1.41 1501.02
1.411 1483.52
1.412 1465.16
1.413 1445.95
1.414 1425.85
1.415 1404.85
1.416 1382.91
1.417 1360.03
1.418 1336.18
1.419 1311.38
1.42 1285.63
1.421 1258.96
1.422 1231.42
1.423 1203.03
1.424 1173.81
1.425 1143.77
1.426 1112.89
1.427 1081.16
1.428 1048.55
1.429 1015.05
1.43 980.653
1.431 945.377
1.432 909.253
1.433 872.323
1.434 834.629
1.435 796.21
1.436 757.094
1.437 717.296
1.438 676.817
1.439 635.649
1.44 593.783
1.441 551.217
1.442 507.963
1.443 464.046
1.444 419.51
1.445 374.406
1.446 328.796
1.447 282.736
1.448 236.276
1.449 189.451
1.45 142.288
1.451 94.7948
1.452 46.9785
1.453 -1.14915
1.454 -49.5639
1.455 -98.2252
1.456 -147.076
1.457 -196.047
1.458 -245.061
1.459 -294.044
1.46 -342.931
1.461 -391.667
1.462 -440.212
1.463 -488.541
1.464 -536.633
1.465 -584.468
1.466 -632.018
1.467 -679.242
1.468 -726.087
1.469 -772.487
1.47 -818.369
1.471 -863.663
1.472 -908.304
1.473 -952.244
1.474 -995.455
1.475 -1037.93
1.476 -1079.65
1.477 -1120.65
1.478 -1160.9
1.479 -1200.41
1.48 -1239.14
1.481 -1277.07
1.482 -1314.15
1.483 -1350.37
1.484 -1385.68
1.485 -1420.06
1.486 -1453.52
1.487 -1486.08
1.488 -1517.76
1.489 -1548.59
1.49 -1578.6
1.491 -1607.83
1.492 -1636.28
1.493 -1663.97
1.494 -1690.87
1.495 -1716.98
1.496 -1742.27
1.497 -1766.74
1.498 -1790.39
1.499 -1813.27
1.5 -1835.38
1.501 -1856.8
1.502 -1877.54
1.503 -1897.66
1.504 -1917.17
1.505 -1936.07
1.506 -1954.36
1.507 -1972
1.508 -1988.99
1.509 -2005.31
1.51 -2020.96
1.511 -2035.95
1.512 -2050.32
1.513 -2064.11
1.514 -2077.34
1.515 -2090.06
1.516 -2102.27
1.517 -2113.99
1.518 -2125.2
1.519 -2135.87
1.52 -2145.97
1.521 -2155.51
1.522 -2164.46
1.523 -2172.86
1.524 -2180.71
1.525 -2188.07
1.526 -2194.96
1.527 -2201.42
1.528 -2207.47
1.529 -2213.12
1.53 -2218.36
1.531 -2223.15
1.532 -2227.47
1.533 -2231.3
1.534 -2234.61
1.535 -2237.41
1.536 -2239.73
1.537 -2241.57
1.538 -2242.99
1.539 -2244.01
1.54 -2244.65
1.541 -2244.9
1.542 -2244.73
1.543 -2244.09
1.544 -2242.95
1.545 -2241.26
1.546 -2239.01
1.547 -2236.19
1.548 -2232.8
1.549 -2228.87
1.55 -2224.42
1.551 -2219.47
1.552 -2214.02
1.553 -2208.05
1.554 -2201.53
1.555 -2194.43
1.556 -2186.71
1.557 -2178.32
1.558 -2169.24
1.559 -2159.45
1.56 -2148.95
1.561 -2137.77
1.562 -2125.93
1.563 -2113.45
1.564 -2100.34
1.565 -2086.6
1.566 -2072.2
1.567 -2057.11
1.568 -2041.3
1.569 -2024.72
1.57 -2007.35
1.571 -1989.18
1.572 -1970.21
1.573 -1950.47
1.574 -1930
1.575 -1908.8
1.576 -1886.91
1.577 -1864.32
1.578 -1841.02
1.579 -1816.97
1.58 -1792.16
1.581 -1766.54
1.582 -1740.1
1.583 -1712.82
1.584 -1684.73
1.585 -1655.84
1.586 -1626.18
1.587 -1595.79
1.588 -1564.68
1.589 -1532.88
1.59 -1500.36
1.591 -1467.11
1.592 -1433.11
1.593 -1398.34
1.594 -1362.76
1.595 -1326.38
1.596 -1289.2
1.597 -1251.25
1.598 -1212.57
1.599 -1173.18
1.6 -1133.12
1.601 -1092.41
1.602 -1051.04
1.603 -1009
1.604 -966.269
1.605 -922.831
1.606 -878.668
1.607 -833.782
1.608 -788.19
1.609 -741.925
1.61 -695.033
1.611 -647.563
1.612 -599.561
1.613 -551.064
1.614 -502.097
1.615 -452.671
1.616 -402.792
1.617 -352.46
1.618 -301.687
1.619 -250.491
1.62 -198.913
1.621 -147.009
1.622 -94.8534
1.623 -42.5238
1.624 9.90674
1.625 62.3749
1.626 114.832
1.627 167.245
1.628 219.592
1.629 271.857
1.63 324.021
1.631 376.052
1.632 427.901
1.633 479.508
1.634 530.804
1.635 581.718
1.636 632.184
1.637 682.151
1.638 731.582
1.639 780.461
1.64 828.784
1.641 876.553
1.642 923.772
1.643 970.435
1.644 1016.53
1.645 1062.03
1.646 1106.9
1.647 1151.11
1.648 1194.61
1.649 1237.39
1.65 1279.44
1.651 1320.76
1.652 1361.37
1.653 1401.32
1.654 1440.62
1.655 1479.3
1.656 1517.38
1.657 1554.85
1.658 1591.7
1.659 1627.9
1.66 1663.44
1.661 1698.3
1.662 1732.5
1.663 1766.03
1.664 1798.95
1.665 1831.27
1.666 1863.04
1.667 1894.29
1.668 1925.03
1.669 1955.27
1.67 1984.99
1.671 2014.17
1.672 2042.8
1.673 2070.86
1.674 2098.34
1.675 2125.25
1.676 2151.62
1.677 2177.46
1.678 2202.82
1.679 2227.71
1.68 2252.15
1.681 2276.14
1.682 2299.66
1.683 2322.67
1.684 2345.15
1.685 2367.07
1.686 2388.41
1.687 2409.17
1.688 2429.38
1.689 2449.03
1.69 2468.17
1.691 2486.81
1.692 2504.94
1.693 2522.56
1.694 2539.64
1.695 2556.16
1.696 2572.08
1.697 2587.37
1.698 2602
1.699 2615.99
1.7 2629.32
1.701 2642
1.702 2654.06
1.703 2665.49
1.704 2676.29
1.705 2686.47
1.706 2696
1.707 2704.84
1.708 2712.97
1.709 2720.35
1.71 2726.95
1.711 2732.77
1.712 2737.8
1.713 2742.06
1.714 2745.56
1.715 2748.31
1.716 2750.33
1.717 2751.61
1.718 2752.13
1.719 2751.87
1.72 2750.8
1.721 2748.91
1.722 2746.17
1.723 2742.6
1.724 2738.2
1.725 2732.98
1.726 2726.98
1.727 2720.21
1.728 2712.68
1.729 2704.4
1.73 2695.36
1.731 2685.56
1.732 2674.97
1.733 2663.55
1.734 2651.29
1.735 2638.2
1.736 2624.27
1.737 2609.54
1.738 2594.01
1.739 2577.72
1.74 2560.69
1.741 2542.92
1.742 2524.41
1.743 2505.14
1.744 2485.09
1.745 2464.26
1.746 2442.62
1.747 2420.16
1.748 2396.9
1.749 2372.84
1.75 2348
1.751 2322.39
1.752 2296
1.753 2268.82
1.754 2240.86
1.755 2212.08
1.756 2182.47
1.757 2152.01
1.758 2120.67
1.759 2088.44
1.76 2055.33
1.761 2021.31
1.762 1986.42
1.763 1950.63
1.764 1913.97
1.765 1876.43
1.766 1838
1.767 1798.66
1.768 1758.41
1.769 1717.22
1.77 1675.06
1.771 1631.95
1.772 1587.87
1.773 1542.82
1.774 1496.83
1.775 1449.91
1.776 1402.08
1.777 1353.34
1.778 1303.7
1.779 1253.16
1.78 1201.73
1.781 1149.42
1.782 1096.23
1.783 1042.2
1.784 987.35
1.785 931.712
1.786 875.331
1.787 818.254
1.788 760.533
1.789 702.217
1.79 643.355
1.791 583.996
1.792 524.185
1.793 463.971
1.794 403.403
1.795 342.533
1.796 281.419
1.797 220.127
1.798 158.725
1.799 97.2832
1.8 35.8737
1.801 -25.4363
1.802 -86.585
1.803 -147.517
1.804 -208.185
1.805 -268.547
1.806 -328.564
1.807 -388.2
1.808 -447.419
1.809 -506.186
1.81 -564.462
1.811 -622.208
1.812 -679.384
1.813 -735.957
1.814 -791.906
1.815 -847.217
1.816 -901.885
1.817 -955.915
1.818 -1009.31
1.819 -1062.09
1.82 -1114.25
1.821 -1165.8
1.822 -1216.72
1.823 -1267.02
1.824 -1316.68
1.825 -1365.71
1.826 -1414.1
1.827 -1461.86
1.828 -1509.02
1.829 -1555.58
1.83 -1601.57
1.831 -1647.01
1.832 -1691.91
1.833 -1736.28
1.834 -1780.11
1.835 -1823.41
1.836 -1866.17
1.837 -1908.38
1.838 -1950.04
1.839 -1991.15
1.84 -2031.73
1.841 -2071.79
1.842 -2111.33
1.843 -2150.37
1.844 -2188.91
1.845 -2226.96
1.846 -2264.5
1.847 -2301.53
1.848 -2338.03
1.849 -2373.99
1.85 -2409.4
1.851 -2444.24
1.852 -2478.52
1.853 -2512.23
1.854 -2545.37
1.855 -2577.94
1.856 -2609.95
1.857 -2641.38
1.858 -2672.23
1.859 -2702.49
1.86 -2732.12
1.861 -2761.12
1.862 -2789.46
1.863 -2817.13
1.864 -2844.12
1.865 -2870.43
1.866 -2896.06
1.867 -2921.01
1.868 -2945.29
1.869 -2968.88
1.87 -2991.79
1.871 -3013.98
1.872 -3035.47
1.873 -3056.22
1.874 -3076.23
1.875 -3095.47
1.876 -3113.96
1.877 -3131.67
1.878 -3148.62
1.879 -3164.81
1.88 -3180.24
1.881 -3194.92
1.882 -3208.84
1.883 -3222.01
1.884 -3234.4
1.885 -3246.01
1.886 -3256.82
1.887 -3266.82
1.888 -3276
1.889 -3284.37
1.89 -3291.92
1.891 -3298.67
1.892 -3304.64
1.893 -3309.83
1.894 -3314.26
1.895 -3317.92
1.896 -3320.81
1.897 -3322.92
1.898 -3324.24
1.899 -3324.76
1.9 -3324.47
1.901 -3323.39
1.902 -3321.54
1.903 -3318.92
1.904 -3315.55
1.905 -3311.46
1.906 -3306.66
1.907 -3301.14
1.908 -3294.91
1.909 -3287.95
1.91 -3280.27
1.911 -3271.85
1.912 -3262.69
1.913 -3252.78
1.914 -3242.14
1.915 -3230.79
1.916 -3218.73
1.917 -3205.98
1.918 -3192.56
1.919 -3178.47
1.92 -3163.69
1.921 -3148.23
1.922 -3132.07
1.923 -3115.18
1.924 -3097.57
1.925 -3079.23
1.926 -3060.17
1.927 -3040.41
1.928 -3019.95
1.929 -2998.81
1.93 -2977.01
1.931 -2954.54
1.932 -2931.38
1.933 -2907.53
1.934 -2882.95
1.935 -2857.63
1.936 -2831.56
1.937 -2804.74
1.938 -2777.16
1.939 -2748.84
1.94 -2719.78
1.941 -2690.01
1.942 -2659.54
1.943 -2628.38
1.944 -2596.51
1.945 -2563.94
1.946 -2530.64
1.947 -2496.6
1.948 -2461.82
1.949 -2426.29
1.95 -2390.02
1.951 -2353.04
1.952 -2315.38
1.953 -2277.1
1.954 -2238.21
1.955 -2198.73
1.956 -2158.68
1.957 -2118.07
1.958 -2076.88
1.959 -2035.13
1.96 -1992.81
1.961 -1949.95
1.962 -1906.57
1.963 -1862.73
1.964 -1818.46
1.965 -1773.82
1.966 -1728.85
1.967 -1683.6
1.968 -1638.09
1.969 -1592.36
1.97 -1546.41
1.971 -1500.26
1.972 -1453.93
1.973 -1407.45
1.974 -1360.86
1.975 -1314.23
1.976 -1267.62
1.977 -1221.08
1.978 -1174.7
1.979 -1128.51
1.98 -1082.57
1.981 -1036.91
1.982 -991.543
1.983 -946.502
1.984 -901.806
1.985 -857.486
1.986 -813.584
1.987 -770.152
1.988 -727.249
1.989 -684.935
1.99 -643.264
1.991 -602.284
1.992 -562.026
1.993 -522.508
1.994 -483.739
1.995 -445.719
1.996 -408.45
1.997 -371.938
1.998 -336.197
1.999 -301.253
2 -267.137
2.001 -233.885
2.002 -201.537
2.003 -170.118
2.004 -139.641
2.005 -110.107
2.006 -81.5026
2.007 -53.8079
2.008 -27.0029
2.009 -1.07317
2.01 23.9859
2.011 48.1673
2.012 71.4538
2.013 93.8229
2.014 115.252
2.015 135.725
2.016 155.238
2.017 173.796
2.018 191.42
2.019 208.135
2.02 223.967
2.021 238.945
2.022 253.091
2.023 266.412
2.024 278.9
2.025 290.542
2.026 301.318
2.027 311.213
2.028 320.222
2.029 328.351
2.03 335.62
2.031 342.069
2.032 347.749
2.033 352.699
2.034 356.95
2.035 360.517
2.036 363.397
2.037 365.581
2.038 367.05
2.039 367.79
2.04 367.799
2.041 367.094
2.042 365.714
2.043 363.702
2.044 361.108
2.045 357.976
2.046 354.34
2.047 350.217
2.048 345.61
2.049 340.512
2.05 334.907
2.051 328.782
2.052 322.13
2.053 314.96
2.054 307.296
2.055 299.175
2.056 290.641
2.057 281.735
2.058 272.489
2.059 262.921
2.06 253.035
2.061 242.808
2.062 232.206
2.063 221.2
2.064 209.772
2.065 197.919
2.066 185.654
2.067 173.009
2.068 160.019
2.069 146.721
2.07 133.144
2.071 119.294
2.072 105.155
2.073 90.7006
2.074 75.896
2.075 60.7071
2.076 45.1095
2.077 29.0938
2.078 12.6683
2.079 -4.14354
2.08 -21.3093
2.081 -38.794
2.082 -56.5694
2.083 -74.6225
2.084 -92.9583
2.085 -111.597
2.086 -130.57
2.087 -149.908
2.088 -169.636
2.089 -189.765
2.09 -210.287
2.091 -231.177
2.092 -252.393
2.093 -273.895
2.094 -295.65
2.095 -317.635
2.096 -339.849
2.097 -362.305
2.098 -385.029
2.099 -408.05
2.1 -431.391
2.101 -455.06
2.102 -479.047
2.103 -503.324
2.104 -527.854
2.105 -552.59
2.106 -577.495
2.107 -602.54
2.108 -627.715
2.109 -653.028
2.11 -678.498
2.111 -704.156
2.112 -730.033
2.113 -756.145
2.114 -782.488
2.115 -809.044
2.116 -835.774
2.117 -862.636
2.118 -889.589
2.119 -916.601
2.12 -943.66
2.121 -970.769
2.122 -997.948
2.123 -1025.22
2.124 -1052.62
2.125 -1080.16
2.126 -1107.83
2.127 -1135.62
2.128 -1163.49
2.129 -1191.38
2.13 -1219.26
2.131 -1247.08
2.132 -1274.79
2.133 -1302.38
2.134 -1329.86
2.135 -1357.23
2.136 -1384.52
2.137 -1411.73
2.138 -1438.87
2.139 -1465.9
2.14 -1492.78
2.141 -1519.44
2.142 -1545.8
2.143 -1571.81
2.144 -1597.4
2.145 -1622.55
2.146 -1647.24
2.147 -1671.5
2.148 -1695.32
2.149 -1718.72
2.15 -1741.7
2.151 -1764.21
2.152 -1786.2
2.153 -1807.6
2.154 -1828.33
2.155 -1848.33
2.156 -1867.54
2.157 -1885.93
2.158 -1903.5
2.159 -1920.26
2.16 -1936.22
2.161 -1951.39
2.162 -1965.75
2.163 -1979.25
2.164 -1991.86
2.165 -2003.5
2.166 -2014.11
2.167 -2023.61
2.168 -2031.96
2.169 -2039.13
2.17 -2045.11
2.171 -2049.89
2.172 -2053.46
2.173 -2055.83
2.174 -2056.98
2.175 -2056.88
2.176 -2055.5
2.177 -2052.77
2.178 -2048.62
2.179 -2042.98
2.18 -2035.81
2.181 -2027.06
2.182 -2016.68
2.183 -2004.67
2.184 -1991.03
2.185 -1975.75
2.186 -1958.82
2.187 -1940.22
2.188 -1919.92
2.189 -1897.84
2.19 -1873.91
2.191 -1848.09
2.192 -1820.29
2.193 -1790.5
2.194 -1758.66
2.195 -1724.77
2.196 -1688.84
2.197 -1650.84
2.198 -1610.8
2.199 -1568.67
2.2 -1524.43
2.201 -1478.05
2.202 -1429.48
2.203 -1378.68
2.204 -1325.6
2.205 -1270.2
2.206 -1212.46
2.207 -1152.39
2.208 -1089.98
2.209 -1025.26
2.21 -958.254
2.211 -888.993
2.212 -817.513
2.213 -743.839
2.214 -667.986
2.215 -589.966
2.216 -509.798
2.217 -427.514
2.218 -343.167
2.219 -256.837
2.22 -168.631
2.221 -78.6788
2.222 12.873
2.223 105.874
2.224 200.176
2.225 295.642
2.226 392.144
2.227 489.565
2.228 587.793
2.229 686.714
2.23 786.207
2.231 886.148
2.232 986.408
2.233 1086.85
2.234 1187.34
2.235 1287.75
2.236 1387.99
2.237 1487.96
2.238 1587.63
2.239 1686.97
2.24 1785.99
2.241 1884.7
2.242 1983.13
2.243 2081.3
2.244 2179.2
2.245 2276.85
2.246 2374.24
2.247 2471.36
2.248 2568.21
2.249 2664.81
2.25 2761.19
2.251 2857.35
2.252 2953.3
2.253 3049.05
2.254 3144.61
2.255 3239.97
2.256 3335.13
2.257 3430.04
2.258 3524.66
2.259 3618.93
2.26 3712.75
2.261 3806.01
2.262 3898.53
2.263 3990.2
2.264 4080.92
2.265 4170.61
2.266 4259.19
2.267 4346.59
2.268 4432.72
2.269 4517.47
2.27 4600.7
2.271 4682.21
2.272 4761.76
2.273 4839.14
2.274 4914.16
2.275 4986.67
2.276 5056.55
2.277 5123.74
2.278 5188.18
2.279 5249.8
2.28 5308.55
2.281 5364.33
2.282 5417.02
2.283 5466.51
2.284 5512.68
2.285 5555.46
2.286 5594.79
2.287 5630.68
2.288 5663.19
2.289 5692.41
2.29 5718.47
2.291 5741.5
2.292 5761.66
2.293 5779.08
2.294 5793.85
2.295 5806.05
2.296 5815.74
2.297 5823
2.298 5827.89
2.299 5830.53
2.3 5831.04
2.301 5829.6
2.302 5826.39
2.303 5821.58
2.304 5815.3
2.305 5807.64
2.306 5798.65
2.307 5788.35
2.308 5776.71
2.309 5763.7
2.31 5749.32
2.311 5733.6
2.312 5716.59
2.313 5698.38
2.314 5679.06
2.315 5658.68
2.316 5637.32
2.317 5614.97
2.318 5591.62
2.319 5567.2
2.32 5541.62
2.321 5514.81
2.322 5486.69
2.323 5456.95
2.324 5424.6
2.325 5388.2
2.326 5347.75
2.327 5303.26
2.328 5254.69
2.329 5201.98
2.33 5145.03
2.331 5083.73
2.332 5017.94
2.333 4947.53
2.334 4872.39
2.335 4792.44
2.336 4707.61
2.337 4617.87
2.338 4523.2
2.339 4423.58
2.34 4318.95
2.341 4209.28
2.342 4094.5
2.343 3974.51
2.344 3849.22
2.345 3718.5
2.346 3582.3
2.347 3440.6
2.348 3293.46
2.349 3141.04
2.35 2983.59
2.351 2821.48
2.352 2655.11
2.353 2484.93
2.354 2311.35
2.355 2134.82
2.356 1955.75
2.357 1774.61
2.358 1591.85
2.359 1407.97
2.36 1223.47
2.361 1038.92
2.362 854.85
2.363 671.765
2.364 490.069
2.365 310.083
2.366 132.023
2.367 -43.9792
2.368 -217.875
2.369 -389.659
2.37 -559.373
2.371 -727.039
2.372 -892.688
2.373 -1056.36
2.374 -1218.1
2.375 -1377.99
2.376 -1536.11
2.377 -1692.54
2.378 -1847.39
2.379 -2000.74
2.38 -2152.64
2.381 -2303.1
2.382 -2452.09
2.383 -2599.52
2.384 -2745.27
2.385 -2889.19
2.386 -3031.14
2.387 -3170.95
2.388 -3308.5
2.389 -3443.65
2.39 -3576.3
2.391 -3706.35
2.392 -3833.7
2.393 -3958.2
2.394 -4079.73
2.395 -4198.11
2.396 -4313.15
2.397 -4424.65
2.398 -4532.44
2.399 -4636.34
2.4 -4736.24
2.401 -4832.04
2.402 -4923.7
2.403 -5011.2
2.404 -5094.56
2.405 -5173.77
2.406 -5248.85
2.407 -5319.81
2.408 -5386.64
2.409 -5449.35
2.41 -5507.96
2.411 -5562.5
2.412 -5613.09
2.413 -5659.82
2.414 -5702.85
2.415 -5742.37
2.416 -5778.54
2.417 -5811.56
2.418 -5841.58
2.419 -5868.73
2.42 -5893.13
2.421 -5914.87
2.422 -5934.08
2.423 -5950.84
2.424 -5965.25
2.425 -5977.43
2.426 -5987.52
2.427 -5995.66
2.428 -6002
2.429 -6006.67
2.43 -6009.78
2.431 -6011.44
2.432 -6011.71
2.433 -6010.65
2.434 -6008.27
2.435 -6004.6
2.436 -5999.65
2.437 -5993.46
2.438 -5986.09
2.439 -5977.61
2.44 -5968.09
2.441 -5957.63
2.442 -5946.32
2.443 -5934.19
2.444 -5921.29
2.445 -5907.58
2.446 -5893.06
2.447 -5877.67
2.448 -5861.41
2.449 -5844.23
2.45 -5826.17
2.451 -5807.26
2.452 -5787.57
2.453 -5767.15
2.454 -5746.05
2.455 -5724.29
2.456 -5701.87
2.457 -5678.73
2.458 -5654.84
2.459 -5630.11
2.46 -5604.49
2.461 -5577.95
2.462 -5550.46
2.463 -5522.03
2.464 -5492.62
2.465 -5461.68
2.466 -5428.1
2.467 -5390.99
2.468 -5350.32
2.469 -5306.03
2.47 -5258.04
2.471 -5206.23
2.472 -5150.53
2.473 -5090.86
2.474 -5027.17
2.475 -4959.45
2.476 -4887.72
2.477 -4812
2.478 -4732.32
2.479 -4648.68
2.48 -4561.05
2.481 -4469.38
2.482 -4373.59
2.483 -4273.6
2.484 -4169.3
2.485 -4060.62
2.486 -3947.52
2.487 -3830
2.488 -3708.1
2.489 -3581.9
2.49 -3451.51
2.491 -3317.11
2.492 -3178.9
2.493 -3037.1
2.494 -2891.93
2.495 -2743.61
2.496 -2592.4
2.497 -2438.58
2.498 -2282.49
2.499 -2124.54
2.5 -1965.2
2.501 -1804.99
2.502 -1644.48
2.503 -1484.22
2.504 -1324.69
2.505 -1166.31
2.506 -1009.42
2.507 -854.263
2.508 -701.015
2.509 -549.806
2.51 -400.751
2.511 -253.957
2.512 -109.548
2.513 32.3679
2.514 171.681
2.515 308.336
2.516 442.319
2.517 573.701
2.518 702.605
2.519 829.223
2.52 953.751
2.521 1076.41
2.522 1197.39
2.523 1316.79
2.524 1434.64
2.525 1550.9
2.526 1665.48
2.527 1778.29
2.528 1889.22
2.529 1998.25
2.53 2105.38
2.531 2210.7
2.532 2314.35
2.533 2416.45
2.534 2517.09
2.535 2616.29
2.536 2714.01
2.537 2810.14
2.538 2904.53
2.539 2997.03
2.54 3087.5
2.541 3175.89
2.542 3262.22
2.543 3346.58
2.544 3429.06
2.545 3509.8
2.546 3588.88
2.547 3666.37
2.548 3742.23
2.549 3816.4
2.55 3888.76
2.551 3959.2
2.552 4027.65
2.553 4094.06
2.554 4158.46
2.555 4220.93
2.556 4281.6
2.557 4340.63
2.558 4398.13
2.559 4454.2
2.56 4508.87
2.561 4562.12
2.562 4613.88
2.563 4664.07
2.564 4712.61
2.565 4759.46
2.566 4804.66
2.567 4848.29
2.568 4890.48
2.569 4931.39
2.57 4971.16
2.571 5009.92
2.572 5047.7
2.573 5084.51
2.574 5120.28
2.575 5154.94
2.576 5188.4
2.577 5220.61
2.578 5251.59
2.579 5281.4
2.58 5310.15
2.581 5337.99
2.582 5365.04
2.583 5391.4
2.584 5417.13
2.585 5442.23
2.586 5466.65
2.587 5490.29
2.588 5513.07
2.589 5534.93
2.59 5555.84
2.591 5575.83
2.592 5594.96
2.593 5613.34
2.594 5631.09
2.595 5648.34
2.596 5665.13
2.597 5681.49
2.598 5697.36
2.599 5712.66
2.6 5727.3
2.601 5741.19
2.602 5754.24
2.603 5766.47
2.604 5777.94
2.605 5788.75
2.606 5799.04
2.607 5808.92
2.608 5818.46
2.609 5827.71
2.61 5836.62
2.611 5845.11
2.612 5853.06
2.613 5860.39
2.614 5867.02
2.615 5872.94
2.616 5878.2
2.617 5882.89
2.618 5887.15
2.619 5891.09
2.62 5894.79
2.621 5898.31
2.622 5901.6
2.623 5904.61
2.624 5907.21
2.625 5909.31
2.626 5910.82
2.627 5911.72
2.628 5912.03
2.629 5911.84
2.63 5911.26
2.631 5910.41
2.632 5909.38
2.633 5908.23
2.634 5906.94
2.635 5905.45
2.636 5903.64
2.637 5901.41
2.638 5898.66
2.639 5895.34
2.64 5891.46
2.641 5887.09
2.642 5882.32
2.643 5877.27
2.644 5872.03
2.645 5866.67
2.646 5861.17
2.647 5855.48
2.648 5849.5
2.649 5843.11
2.65 5836.2
2.651 5828.72
2.652 5820.63
2.653 5811.99
2.654 5802.89
2.655 5793.43
2.656 5783.72
2.657 5773.83
2.658 5763.76
2.659 5753.47
2.66 5742.86
2.661 5731.81
2.662 5720.19
2.663 5707.92
2.664 5694.97
2.665 5681.36
2.666 5667.17
2.667 5652.51
2.668 5637.46
2.669 5622.12
2.67 5606.48
2.671 5590.52
2.672 5574.11
2.673 5557.14
2.674 5539.45
2.675 5520.94
2.676 5501.56
2.677 5481.29
2.678 5460.16
2.679 5438.22
2.68 5415.18
2.681 5390.51
2.682 5363.39
2.683 5333.74
2.684 5301.44
2.685 5266.29
2.686 5228.11
2.687 5186.73
2.688 5142.03
2.689 5093.96
2.69 5042.54
2.691 4987.81
2.692 4929.86
2.693 4868.73
2.694 4804.42
2.695 4736.86
2.696 4665.91
2.697 4591.38
2.698 4513.06
2.699 4430.76
2.7 4344.33
2.701 4253.7
2.702 4158.84
2.703 4059.83
2.704 3956.72
2.705 3849.6
2.706 3738.51
2.707 3623.45
2.708 3504.35
2.709 3381.17
2.71 3253.85
2.711 3122.39
2.712 2986.88
2.713 2847.52
2.714 2704.56
2.715 2558.39
2.716 2409.41
2.717 2258.09
2.718 2104.87
2.719 1950.17
2.72 1794.35
2.721 1637.73
2.722 1480.62
2.723 1323.28
2.724 1165.95
2.725 1008.9
2.726 852.398
2.727 696.728
2.728 542.168
2.729 388.98
2.73 237.362
2.731 87.4773
2.732 -60.5947
2.733 -206.866
2.734 -351.444
2.735 -494.471
2.736 -636.125
2.737 -776.545
2.738 -915.837
2.739 -1054.03
2.74 -1191.1
2.741 -1326.94
2.742 -1461.4
2.743 -1594.36
2.744 -1725.76
2.745 -1855.56
2.746 -1983.81
2.747 -2110.56
2.748 -2235.88
2.749 -2359.8
2.75 -2482.3
2.751 -2603.28
2.752 -2722.54
2.753 -2839.86
2.754 -2955.03
2.755 -3067.84
2.756 -3178.17
2.757 -3285.92
2.758 -3391.1
2.759 -3493.75
2.76 -3593.93
2.761 -3691.67
2.762 -3786.95
2.763 -3879.7
2.764 -3969.84
2.765 -4057.2
2.766 -4141.66
2.767 -4223.09
2.768 -4301.43
2.769 -4376.68
2.77 -4448.91
2.771 -4518.22
2.772 -4584.76
2.773 -4648.66
2.774 -4710.03
2.775 -4768.9
2.776 -4825.28
2.777 -4879.13
2.778 -4930.38
2.779 -4978.98
2.78 -5024.92
2.781 -5068.22
2.782 -5108.99
2.783 -5147.38
2.784 -5183.56
2.785 -5217.7
2.786 -5249.94
2.787 -5280.36
2.788 -5308.99
2.789 -5335.79
2.79 -5360.72
2.791 -5383.71
2.792 -5404.72
2.793 -5423.76
2.794 -5440.92
2.795 -5456.31
2.796 -5470.08
2.797 -5482.38
2.798 -5493.36
2.799 -5503.06
2.8 -5511.53
2.801 -5518.71
2.802 -5524.54
2.803 -5528.91
2.804 -5531.77
2.805 -5533.08
2.806 -5532.89
2.807 -5531.26
2.808 -5528.33
2.809 -5524.22
2.81 -5519.05
2.811 -5512.89
2.812 -5505.78
2.813 -5497.68
2.814 -5488.51
2.815 -5478.15
2.816 -5466.51
2.817 -5453.51
2.818 -5439.15
2.819 -5423.48
2.82 -5406.58
2.821 -5388.62
2.822 -5369.79
2.823 -5350.18
2.824 -5329.83
2.825 -5308.69
2.826 -5286.65
2.827 -5263.58
2.828 -5239.33
2.829 -5213.8
2.83 -5186.96
2.831 -5158.87
2.832 -5129.7
2.833 -5099.6
2.834 -5068.7
2.835 -5037.04
2.836 -5004.44
2.837 -4969.97
2.838 -4931.74
2.839 -4889.61
2.84 -4843.44
2.841 -4793.15
2.842 -4738.73
2.843 -4680.22
2.844 -4617.73
2.845 -4551.4
2.846 -4481.39
2.847 -4407.79
2.848 -4330.67
2.849 -4250.02
2.85 -4165.75
2.851 -4077.74
2.852 -3985.83
2.853 -3889.91
2.854 -3789.93
2.855 -3685.88
2.856 -3577.87
2.857 -3466.01
2.858 -3350.49
2.859 -3231.43
2.86 -3108.95
2.861 -2983.11
2.862 -2853.89
2.863 -2721.28
2.864 -2585.33
2.865 -2446.13
2.866 -2303.86
2.867 -2158.8
2.868 -2011.33
2.869 -1861.9
2.87 -1711.01
2.871 -1559.16
2.872 -1406.78
2.873 -1254.29
2.874 -1102.03
2.875 -950.261
2.876 -799.224
2.877 -649.123
2.878 -500.178
2.879 -352.611
2.88 -206.681
2.881 -62.6445
2.882 79.2293
2.883 218.745
2.884 355.754
2.885 490.231
2.886 622.216
2.887 751.867
2.888 879.366
2.889 1004.95
2.89 1128.79
2.891 1251.04
2.892 1371.74
2.893 1490.9
2.894 1608.46
2.895 1724.35
2.896 1838.51
2.897 1950.91
2.898 2061.57
2.899 2170.59
2.9 2278.06
2.901 2384.1
2.902 2488.76
2.903 2592.08
2.904 2694.02
2.905 2794.5
2.906 2893.34
2.907 2990.41
2.908 3085.54
2.909 3178.65
2.91 3269.65
2.911 3358.59
2.912 3445.48
2.913 3530.43
2.914 3613.48
2.915 3694.69
2.916 3774.04
2.917 3851.47
2.918 3926.86
2.919 4000.09
2.92 4071.02
2.921 4139.59
2.922 4205.74
2.923 4269.54
2.924 4331.06
2.925 4390.44
2.926 4447.79
2.927 4503.23
2.928 4556.8
2.929 4608.52
2.93 4658.32
2.931 4706.13
2.932 4751.86
2.933 4795.48
2.934 4836.97
2.935 4876.4
2.936 4913.88
2.937 4949.57
2.938 4983.61
2.939 5016.14
2.94 5047.25
2.941 5076.98
2.942 5105.31
2.943 5132.2
2.944 5157.56
2.945 5181.35
2.946 5203.53
2.947 5224.17
2.948 5243.34
2.949 5261.2
2.95 5277.88
2.951 5293.55
2.952 5308.3
2.953 5322.2
2.954 5335.22
2.955 5347.3
2.956 5358.35
2.957 5368.3
2.958 5377.09
2.959 5384.75
2.96 5391.32
2.961 5396.96
2.962 5401.79
2.963 5405.98
2.964 5409.59
2.965 5412.71
2.966 5415.28
2.967 5417.26
2.968 5418.53
2.969 5419
2.97 5418.59
2.971 5417.3
2.972 5415.17
2.973 5412.31
2.974 5408.84
2.975 5404.9
2.976 5400.57
2.977 5395.92
2.978 5390.91
2.979 5385.48
2.98 5379.52
2.981 5372.92
2.982 5365.6
2.983 5357.53
2.984 5348.72
2.985 5339.26
2.986 5329.25
2.987 5318.84
2.988 5308.09
2.989 5297.08
2.99 5285.79
2.991 5274.16
2.992 5262.07
2.993 5249.42
2.994 5236.1
2.995 5222.05
2.996 5207.28
2.997 5191.83
2.998 5175.81
2.999 5159.34
3 5142.5
3.001 5125.36
3.002 5107.91
3.003 5090.09
3.004 5071.78
3.005 5052.86
3.006 5033.17
3.007 5012.38
3.008 4990.14
3.009 4965.67
3.01 4939.04
3.011 4910.34
3.012 4879.64
3.013 4847.01
3.014 4812.41
3.015 4775.78
3.016 4737.01
3.017 4695.97
3.018 4652.52
3.019 4606.6
3.02 4558.16
3.021 4507.22
3.022 4453.81
3.023 4398.04
3.024 4339.95
3.025 4279.59
3.026 4216.95
3.027 4151.97
3.028 4084.54
3.029 4014.5
3.03 3941.73
3.031 3866.11
3.032 3787.58
3.033 3706.12
3.034 3621.8
3.035 3534.68
3.036 3444.87
3.037 3352.45
3.038 3257.44
3.039 3159.86
3.04 3059.67
3.041 2956.83
3.042 2851.33
3.043 2743.19
3.044 2632.47
3.045 2519.33
3.046 2403.97
3.047 2286.67
3.048 2167.72
3.049 2047.44
3.05 1926.09
3.051 1803.93
3.052 1681.17
3.053 1557.98
3.054 1434.5
3.055 1310.88
3.056 1187.28
3.057 1063.9
3.058 940.948
3.059 818.67
3.06 697.292
3.061 577.039
3.062 458.06
3.063 340.458
3.064 224.236
3.065 109.358
3.066 -4.28612
3.067 -116.793
3.068 -228.283
3.069 -338.809
3.07 -448.42
3.071 -557.085
3.072 -664.785
3.073 -771.459
3.074 -877.101
3.075 -981.703
3.076 -1085.34
3.077 -1188.08
3.078 -1290.07
3.079 -1391.39
3.08 -1492.16
3.081 -1592.41
3.082 -1692.15
3.083 -1791.29
3.084 -1889.77
3.085 -1987.46
3.086 -2084.26
3.087 -2180.1
3.088 -2274.96
3.089 -2368.86
3.09 -2461.85
3.091 -2553.99
3.092 -2645.35
3.093 -2735.91
3.094 -2825.67
3.095 -2914.52
3.096 -3002.37
3.097 -3089.06
3.098 -3174.5
3.099 -3258.56
3.1 -3341.23
3.101 -3422.49
3.102 -3502.41
3.103 -3581.03
3.104 -3658.44
3.105 -3734.64
3.106 -3809.66
3.107 -3883.42
3.108 -3955.85
3.109 -4026.82
3.11 -4096.24
3.111 -4164.03
3.112 -4230.18
3.113 -4294.69
3.114 -4357.67
3.115 -4419.17
3.116 -4479.32
3.117 -4538.18
3.118 -4595.79
3.119 -4652.14
3.12 -4707.19
3.121 -4760.84
3.122 -4813.04
3.123 -4863.7
3.124 -4912.84
3.125 -4960.47
3.126 -5006.7
3.127 -5051.63
3.128 -5095.4
3.129 -5138.08
3.13 -5179.76
3.131 -5220.43
3.132 -5260.08
3.133 -5298.61
3.134 -5335.98
3.135 -5372.11
3.136 -5407.02
3.137 -5440.71
3.138 -5473.29
3.139 -5504.86
3.14 -5535.56
3.141 -5565.47
3.142 -5594.68
3.143 -5623.19
3.144 -5651
3.145 -5678.03
3.146 -5704.24
3.147 -5729.53
3.148 -5753.92
3.149 -5777.4
3.15 -5800.05
3.151 -5821.95
3.152 -5843.24
3.153 -5864
3.154 -5884.32
3.155 -5904.2
3.156 -5923.67
3.157 -5942.62
3.158 -5961.01
3.159 -5978.76
3.16 -5995.83
3.161 -6012.21
3.162 -6027.95
3.163 -6043.12
3.164 -6057.84
3.165 -6072.19
3.166 -6086.27
3.167 -6100.09
3.168 -6113.67
3.169 -6126.92
3.17 -6139.8
3.171 -6152.19
3.172 -6164.04
3.173 -6175.3
3.174 -6186.03
3.175 -6196.26
3.176 -6206.12
3.177 -6215.69
3.178 -6225.08
3.179 -6234.3
3.18 -6243.37
3.181 -6252.2
3.182 -6260.72
3.183 -6268.8
3.184 -6276.38
3.185 -6283.41
3.186 -6289.91
3.187 -6295.94
3.188 -6301.6
3.189 -6306.98
3.19 -6312.17
3.191 -6317.2
3.192 -6322.04
3.193 -6326.61
3.194 -6330.84
3.195 -6334.62
3.196 -6337.88
3.197 -6340.55
3.198 -6342.67
3.199 -6344.25
3.2 -6345.41
3.201 -6346.21
3.202 -6346.72
3.203 -6346.97
3.204 -6346.98
3.205 -6346.66
3.206 -6345.97
3.207 -6344.79
3.208 -6343.05
3.209 -6340.68
3.21 -6337.7
3.211 -6334.11
3.212 -6330
3.213 -6325.45
3.214 -6320.54
3.215 -6315.31
3.216 -6309.79
3.217 -6303.92
3.218 -6297.65
3.219 -6290.86
3.22 -6283.48
3.221 -6275.44
3.222 -6266.76
3.223 -6257.44
3.224 -6247.56
3.225 -6237.19
3.226 -6226.43
3.227 -6215.31
3.228 -6203.86
3.229 -6192.04
3.23 -6179.8
3.231 -6167.04
3.232 -6153.72
3.233 -6139.76
3.234 -6125.16
3.235 -6109.9
3.236 -6094.06
3.237 -6077.68
3.238 -6060.86
3.239 -6043.62
3.24 -6026.01
3.241 -6008.01
3.242 -5989.62
3.243 -5970.75
3.244 -5951.32
3.245 -5931.26
3.246 -5910.53
3.247 -5889.1
3.248 -5866.99
3.249 -5844.25
3.25 -5820.95
3.251 -5797.17
3.252 -5772.96
3.253 -5748.33
3.254 -5723.22
3.255 -5697.5
3.256 -5670.75
3.257 -5642.58
3.258 -5611.35
3.259 -5577
3.26 -5539.57
3.261 -5499.08
3.262 -5455.65
3.263 -5409.34
3.264 -5360.23
3.265 -5308.34
3.266 -5253.68
3.267 -5196.2
3.268 -5135.86
3.269 -5072.59
3.27 -5006.34
3.271 -4937.12
3.272 -4864.95
3.273 -4789.89
3.274 -4712.03
3.275 -4631.45
3.276 -4548.22
3.277 -4462.38
3.278 -4373.95
3.279 -4282.92
3.28 -4189.24
3.281 -4092.9
3.282 -3993.85
3.283 -3892.12
3.284 -3787.78
3.285 -3680.94
3.286 -3571.78
3.287 -3460.5
3.288 -3347.32
3.289 -3232.45
3.29 -3116.07
3.291 -2998.35
3.292 -2879.41
3.293 -2759.4
3.294 -2638.51
3.295 -2516.94
3.296 -2394.98
3.297 -2272.93
3.298 -2151.16
3.299 -2029.99
3.3 -1909.77
3.301 -1790.75
3.302 -1673.14
3.303 -1557.06
3.304 -1442.6
3.305 -1329.79
3.306 -1218.66
3.307 -1109.24
3.308 -1001.59
3.309 -895.742
3.31 -791.802
3.311 -689.815
3.312 -589.829
3.313 -491.82
3.314 -395.746
3.315 -301.478
3.316 -208.888
3.317 -117.793
3.318 -28.0572
3.319 60.4627
3.32 147.824
3.321 234.072
3.322 319.166
3.323 403.085
3.324 485.764
3.325 567.204
3.326 647.397
3.327 726.417
3.328 804.33
3.329 881.26
3.33 957.281
3.331 1032.47
3.332 1106.8
3.333 1180.27
3.334 1252.77
3.335 1324.23
3.336 1394.54
3.337 1463.64
3.338 1531.49
3.339 1598.1
3.34 1663.51
3.341 1727.79
3.342 1790.95
3.343 1853.06
3.344 1914.09
3.345 1974.04
3.346 2032.81
3.347 2090.33
3.348 2146.5
3.349 2201.25
3.35 2254.51
3.351 2306.31
3.352 2356.64
3.353 2405.58
3.354 2453.19
3.355 2499.53
3.356 2544.62
3.357 2588.47
3.358 2631.02
3.359 2672.21
3.36 2711.95
3.361 2750.19
3.362 2786.87
3.363 2822
3.364 2855.61
3.365 2887.79
3.366 2918.59
3.367 2948.11
3.368 2976.39
3.369 3003.45
3.37 3029.25
3.371 3053.77
3.372 3076.93
3.373 3098.67
3.374 3118.96
3.375 3137.79
3.376 3155.19
3.377 3171.24
3.378 3186.01
3.379 3199.59
3.38 3212.02
3.381 3223.37
3.382 3233.6
3.383 3242.7
3.384 3250.59
3.385 3257.22
3.386 3262.52
3.387 3266.5
3.388 3269.14
3.389 3270.53
3.39 3270.72
3.391 3269.81
3.392 3267.87
3.393 3264.96
3.394 3261.06
3.395 3256.15
3.396 3250.14
3.397 3242.98
3.398 3234.57
3.399 3224.9
3.4 3213.96
3.401 3201.8
3.402 3188.51
3.403 3174.19
3.404 3158.89
3.405 3142.68
3.406 3125.54
3.407 3107.43
3.408 3088.26
3.409 3067.93
3.41 3045.89
3.411 3021.6
3.412 2995.01
3.413 2966.2
3.414 2935.24
3.415 2902.23
3.416 2867.24
3.417 2830.31
3.418 2791.46
3.419 2750.66
3.42 2707.85
3.421 2662.97
3.422 2616
3.423 2566.92
3.424 2515.75
3.425 2462.54
3.426 2407.39
3.427 2350.38
3.428 2291.59
3.429 2231.1
3.43 2168.93
3.431 2105.07
3.432 2039.5
3.433 1972.18
3.434 1903.08
3.435 1832.17
3.436 1759.5
3.437 1685.12
3.438 1609.12
3.439 1531.62
3.44 1452.73
3.441 1372.57
3.442 1291.2
3.443 1208.67
3.444 1125.02
3.445 1040.27
3.446 954.463
3.447 867.659
3.448 779.955
3.449 691.491
3.45 602.445
3.451 513.006
3.452 423.36
3.453 333.698
3.454 244.189
3.455 154.979
3.456 66.1799
3.457 -22.1084
3.458 -109.804
3.459 -196.81
3.46 -283.027
3.461 -368.339
3.462 -452.635
3.463 -535.77
3.464 -617.617
3.465 -698.049
3.466 -776.985
3.467 -854.363
3.468 -930.185
3.469 -1004.46
3.47 -1077.25
3.471 -1148.62
3.472 -1218.64
3.473 -1287.34
3.474 -1354.76
3.475 -1420.88
3.476 -1485.71
3.477 -1549.2
3.478 -1611.38
3.479 -1672.26
3.48 -1731.92
3.481 -1790.44
3.482 -1847.96
3.483 -1904.59
3.484 -1960.45
3.485 -2015.58
3.486 -2070.04
3.487 -2123.81
3.488 -2176.9
3.489 -2229.25
3.49 -2280.87
3.491 -2331.76
3.492 -2382
3.493 -2431.65
3.494 -2480.82
3.495 -2529.58
3.496 -2578.05
3.497 -2626.23
3.498 -2674.18
3.499 -2721.86
3.5 -2769.24
3.501 -2816.27
3.502 -2862.9
3.503 -2909.1
3.504 -2954.9
3.505 -3000.32
3.506 -3045.46
3.507 -3090.36
3.508 -3135.11
3.509 -3179.72
3.51 -3224.22
3.511 -3268.53
3.512 -3312.57
3.513 -3356.24
3.514 -3399.48
3.515 -3442.21
3.516 -3484.45
3.517 -3526.2
3.518 -3567.53
3.519 -3608.47
3.52 -3649.09
3.521 -3689.37
3.522 -3729.27
3.523 -3768.68
3.524 -3807.54
3.525 -3845.72
3.526 -3883.16
3.527 -3919.78
3.528 -3955.58
3.529 -3990.56
3.53 -4024.76
3.531 -4058.18
3.532 -4090.86
3.533 -4122.76
3.534 -4153.86
3.535 -4184.08
3.536 -4213.36
3.537 -4241.59
3.538 -4268.72
3.539 -4294.66
3.54 -4319.42
3.541 -4342.97
3.542 -4365.33
3.543 -4386.54
3.544 -4406.62
3.545 -4425.58
3.546 -4443.43
3.547 -4460.1
3.548 -4475.55
3.549 -4489.69
3.55 -4502.47
3.551 -4513.83
3.552 -4523.76
3.553 -4532.25
3.554 -4539.36
3.555 -4545.1
3.556 -4549.53
3.557 -4552.68
3.558 -4554.55
3.559 -4555.11
3.56 -4554.32
3.561 -4552.11
3.562 -4548.45
3.563 -4543.27
3.564 -4536.57
3.565 -4528.33
3.566 -4518.59
3.567 -4507.36
3.568 -4494.7
3.569 -4480.62
3.57 -4465.12
3.571 -4448.18
3.572 -4429.73
3.573 -4409.31
3.574 -4386.6
3.575 -4361.52
3.576 -4334.04
3.577 -4304.11
3.578 -4271.74
3.579 -4236.94
3.58 -4199.72
3.581 -4160.11
3.582 -4118.13
3.583 -4073.77
3.584 -4026.98
3.585 -3977.7
3.586 -3925.87
3.587 -3871.4
3.588 -3814.25
3.589 -3754.36
3.59 -3691.75
3.591 -3626.4
3.592 -3558.38
3.593 -3487.68
3.594 -3414.34
3.595 -3338.35
3.596 -3259.66
3.597 -3178.24
3.598 -3094.02
3.599 -3006.93
3.6 -2916.95
3.601 -2824.05
3.602 -2728.29
3.603 -2629.72
3.604 -2528.46
3.605 -2424.63
3.606 -2318.38
3.607 -2209.84
3.608 -2099.14
3.609 -1986.38
3.61 -1871.69
3.611 -1755.19
3.612 -1637.07
3.613 -1517.52
3.614 -1396.8
3.615 -1275.2
3.616 -1153.03
3.617 -1030.61
3.618 -908.24
3.619 -786.184
3.62 -664.671
3.621 -543.868
3.622 -423.925
3.623 -304.936
3.624 -187.003
3.625 -70.2008
3.626 45.3633
3.627 159.607
3.628 272.415
3.629 383.719
3.63 493.444
3.631 601.585
3.632 708.139
3.633 813.192
3.634 916.819
3.635 1019.16
3.636 1120.3
3.637 1220.35
3.638 1319.36
3.639 1417.35
3.64 1514.29
3.641 1610.17
3.642 1704.94
3.643 1798.58
3.644 1891.08
3.645 1982.49
3.646 2072.84
3.647 2162.2
3.648 2250.62
3.649 2338.17
3.65 2424.81
3.651 2510.55
3.652 2595.33
3.653 2679.09
3.654 2761.71
3.655 2843.17
3.656 2923.39
3.657 3002.38
3.658 3080.14
3.659 3156.73
3.66 3232.18
3.661 3306.55
3.662 3379.85
3.663 3452.1
3.664 3523.23
3.665 3593.19
3.666 3661.88
3.667 3729.27
3.668 3795.29
3.669 3859.96
3.67 3923.29
3.671 3985.36
3.672 4046.23
3.673 4106
3.674 4164.7
3.675 4222.36
3.676 4278.95
3.677 4334.45
3.678 4388.77
3.679 4441.89
3.68 4493.76
3.681 4544.4
3.682 4593.82
3.683 4642.11
3.684 4689.34
3.685 4735.61
3.686 4780.97
3.687 4825.48
3.688 4869.11
3.689 4911.88
3.69 4953.68
3.691 4994.5
3.692 5034.21
3.693 5072.83
3.694 5110.36
3.695 5146.88
3.696 5182.47
3.697 5217.25
3.698 5251.27
3.699 5284.6
3.7 5317.23
3.701 5349.13
3.702 5380.17
3.703 5410.31
3.704 5439.44
3.705 5467.58
3.706 5494.72
3.707 5520.97
3.708 5546.39
3.709 5571.11
3.71 5595.18
3.711 5618.67
3.712 5641.52
3.713 5663.71
3.714 5685.15
3.715 5705.79
3.716 5725.55
3.717 5744.42
3.718 5762.41
3.719 5779.6
3.72 5796.05
3.721 5811.87
3.722 5827.12
3.723 5841.85
3.724 5856.04
3.725 5869.69
3.726 5882.7
3.727 5895.03
3.728 5906.6
3.729 5917.39
3.73 5927.39
3.731 5936.68
3.732 5945.29
3.733 5953.36
3.734 5960.92
3.735 5968.06
3.736 5974.76
3.737 5981.02
3.738 5986.76
3.739 5991.93
3.74 5996.43
3.741 6000.25
3.742 6003.37
3.743 6005.85
3.744 6007.73
3.745 6009.12
3.746 6010.08
3.747 6010.68
3.748 6010.91
3.749 6010.79
3.75 6010.21
3.751 6009.16
3.752 6007.54
3.753 6005.34
3.754 6002.51
3.755 5999.1
3.756 5995.15
3.757 5990.75
3.758 5985.94
3.759 5980.83
3.76 5975.39
3.761 5969.66
3.762 5963.6
3.763 5957.16
3.764 5950.27
3.765 5942.88
3.766 5934.95
3.767 5926.49
3.768 5917.53
3.769 5908.15
3.77 5898.41
3.771 5888.42
3.772 5878.22
3.773 5867.87
3.774 5857.31
3.775 5846.51
3.776 5835.38
3.777 5823.85
3.778 5811.86
3.779 5799.42
3.78 5786.54
3.781 5773.32
3.782 5759.87
3.783 5746.29
3.784 5732.64
3.785 5718.94
3.786 5705.17
3.787 5691.26
3.788 5677.13
3.789 5662.7
3.79 5647.9
3.791 5632.75
3.792 5617.28
3.793 5601.57
3.794 5585.71
3.795 5569.8
3.796 5553.89
3.797 5538.02
3.798 5522.16
3.799 5506.25
3.8 5490.21
3.801 5473.96
3.802 5457.44
3.803 5440.63
3.804 5423.54
3.805 5406.26
3.806 5388.85
3.807 5371.41
3.808 5353.98
3.809 5336.6
3.81 5319.24
3.811 5301.73
3.812 5283.81
3.813 5265.3
3.814 5245.52
3.815 5224.47
3.816 5202.15
3.817 5178.66
3.818 5154.07
3.819 5128.5
3.82 5102.04
3.821 5074.76
3.822 5046.69
3.823 5017.81
3.824 4988.1
3.825 4957.52
3.826 4926.01
3.827 4893.58
3.828 4860.25
3.829 4826.08
3.83 4791.16
3.831 4755.6
3.832 4719.47
3.833 4682.85
3.834 4645.78
3.835 4608.25
3.836 4570.25
3.837 4531.73
3.838 4492.65
3.839 4453
3.84 4412.79
3.841 4372.07
3.842 4330.89
3.843 4289.35
3.844 4247.52
3.845 4205.49
3.846 4163.3
3.847 4120.96
3.848 4078.44
3.849 4035.71
3.85 3992.74
3.851 3949.46
3.852 3905.85
3.853 3861.92
3.854 3817.7
3.855 3773.29
3.856 3728.76
3.857 3684.19
3.858 3639.63
3.859 3595.1
3.86 3550.6
3.861 3506.05
3.862 3461.36
3.863 3416.46
3.864 3371.31
3.865 3325.92
3.866 3280.31
3.867 3234.57
3.868 3188.78
3.869 3143.03
3.87 3097.37
3.871 3051.83
3.872 3006.37
3.873 2960.93
3.874 2915.44
3.875 2869.84
3.876 2824.06
3.877 2778.13
3.878 2732.06
3.879 2685.94
3.88 2639.84
3.881 2593.87
3.882 2548.09
3.883 2502.53
3.884 2457.17
3.885 2411.96
3.886 2366.84
3.887 2321.73
3.888 2276.58
3.889 2231.38
3.89 2186.13
3.891 2140.92
3.892 2095.82
3.893 2050.92
3.894 2006.28
3.895 1961.93
3.896 1917.85
3.897 1874
3.898 1830.29
3.899 1786.64
3.9 1742.97
3.901 1699.24
3.902 1655.47
3.903 1611.69
3.904 1567.97
3.905 1524.4
3.906 1481.01
3.907 1437.84
3.908 1394.88
3.909 1352.07
3.91 1309.32
3.911 1266.55
3.912 1223.67
3.913 1180.64
3.914 1137.44
3.915 1094.11
3.916 1050.69
3.917 1007.28
3.918 963.919
3.919 920.656
3.92 877.475
3.921 834.35
3.922 791.204
3.923 747.966
3.924 704.548
3.925 660.91
3.926 617.026
3.927 572.935
3.928 528.683
3.929 484.36
3.93 440.028
3.931 395.762
3.932 351.582
3.933 307.489
3.934 263.42
3.935 219.317
3.936 175.096
3.937 130.719
3.938 86.1536
3.939 41.4389
3.94 -3.37732
3.941 -48.1866
3.942 -92.8984
3.943 -137.417
3.944 -181.712
3.945 -225.765
3.946 -269.628
3.947 -313.352
3.948 -357.022
3.949 -400.677
3.95 -444.356
3.951 -488.014
3.952 -531.594
3.953 -574.984
3.954 -618.096
3.955 -660.828
3.956 -703.14
3.957 -745.005
3.958 -786.469
3.959 -827.578
3.96 -868.415
3.961 -909.017
3.962 -949.41
3.963 -989.559
3.964 -1029.41
3.965 -1068.87
3.966 -1107.85
3.967 -1146.23
3.968 -1183.99
3.969 -1221.07
3.97 -1257.52
3.971 -1293.37
3.972 -1328.69
3.973 -1363.52
3.974 -1397.9
3.975 -1431.81
3.976 -1465.23
3.977 -1498.04
3.978 -1530.19
3.979 -1561.55
3.98 -1592.09
3.981 -1621.76
3.982 -1650.58
3.983 -1678.6
3.984 -1705.89
3.985 -1732.51
3.986 -1758.51
3.987 -1783.89
3.988 -1808.63
3.989 -1832.66
3.99 -1855.89
3.991 -1878.26
3.992 -1899.72
3.993 -1920.24
3.994 -1939.85
3.995 -1958.6
3.996 -1976.57
3.997 -1993.81
3.998 -2010.41
3.999 -2026.37
4 -2041.7
4.001 -2056.35
4.002 -2070.32
4.003 -2083.54
4.004 -2095.98
4.005 -2107.61
4.006 -2118.46
4.007 -2128.56
4.008 -2138
4.009 -2146.85
4.01 -2155.2
4.011 -2163.1
4.012 -2170.61
4.013 -2177.73
4.014 -2184.44
4.015 -2190.67
4.016 -2196.41
4.017 -2201.6
4.018 -2206.27
4.019 -2210.45
4.02 -2214.23
4.021 -2217.68
4.022 -2220.94
4.023 -2224.05
4.024 -2227.07
4.025 -2230.01
4.026 -2232.84
4.027 -2235.51
4.028 -2237.97
4.029 -2240.17
4.03 -2242.14
4.031 -2243.87
4.032 -2245.44
4.033 -2246.92
4.034 -2248.39
4.035 -2249.94
4.036 -2251.6
4.037 -2253.39
4.038 -2255.27
4.039 -2257.21
4.04 -2259.13
4.041 -2260.97
4.042 -2262.7
4.043 -2264.31
4.044 -2265.85
4.045 -2267.38
4.046 -2268.99
4.047 -2270.74
4.048 -2272.69
4.049 -2274.86
4.05 -2277.21
4.051 -2279.68
4.052 -2282.19
4.053 -2284.67
4.054 -2287.08
4.055 -2289.39
4.056 -2291.65
4.057 -2293.91
4.058 -2296.26
4.059 -2298.76
4.06 -2301.48
4.061 -2304.42
4.062 -2307.59
4.063 -2310.91
4.064 -2314.32
4.065 -2317.75
4.066 -2321.14
4.067 -2324.48
4.068 -2327.78
4.069 -2331.11
4.07 -2334.54
4.071 -2338.16
4.072 -2342.03
4.073 -2346.2
4.074 -2350.66
4.075 -2355.37
4.076 -2360.25
4.077 -2365.24
4.078 -2370.28
4.079 -2375.34
4.08 -2380.44
4.081 -2385.63
4.082 -2391.01
4.083 -2396.66
4.084 -2402.66
4.085 -2409.06
4.086 -2415.86
4.087 -2423.03
4.088 -2430.51
4.089 -2438.22
4.09 -2446.1
4.091 -2454.12
4.092 -2462.27
4.093 -2470.59
4.094 -2479.17
4.095 -2488.09
4.096 -2497.42
4.097 -2507.22
4.098 -2517.49
4.099 -2528.21
4.1 -2539.31
4.101 -2550.71
4.102 -2562.3
4.103 -2574.02
4.104 -2585.86
4.105 -2597.84
4.106 -2610.02
4.107 -2622.47
4.108 -2635.28
4.109 -2648.48
4.11 -2662.11
4.111 -2676.1
4.112 -2690.39
4.113 -2704.87
4.114 -2719.46
4.115 -2734.07
4.116 -2748.67
4.117 -2763.28
4.118 -2777.95
4.119 -2792.74
4.12 -2807.74
4.121 -2822.99
4.122 -2838.53
4.123 -2854.32
4.124 -2870.31
4.125 -2886.39
4.126 -2902.48
4.127 -2918.5
4.128 -2934.4
4.129 -2950.2
4.13 -2965.93
4.131 -2981.69
4.132 -2997.58
4.133 -3013.66
4.134 -3029.99
4.135 -3046.55
4.136 -3063.3
4.137 -3080.16
4.138 -3097.03
4.139 -3113.84
4.14 -3130.55
4.141 -3147.17
4.142 -3163.78
4.143 -3180.47
4.144 -3197.36
4.145 -3214.53
4.146 -3232.03
4.147 -3249.88
4.148 -3268.03
4.149 -3286.41
4.15 -3304.95
4.151 -3323.55
4.152 -3342.22
4.153 -3360.93
4.154 -3379.77
4.155 -3398.81
4.156 -3418.15
4.157 -3437.87
4.158 -3458.06
4.159 -3478.69
4.16 -3499.77
4.161 -3521.2
4.162 -3542.9
4.163 -3564.77
4.164 -3586.78
4.165 -3608.9
4.166 -3631.17
4.167 -3653.65
4.168 -3676.45
4.169 -3699.64
4.17 -3723.28
4.171 -3747.37
4.172 -3771.86
4.173 -3796.66
4.174 -3821.68
4.175 -3846.79
4.176 -3871.96
4.177 -3897.13
4.178 -3922.34
4.179 -3947.63
4.18 -3973.08
4.181 -3998.76
4.182 -4024.68
4.183 -4050.85
4.184 -4077.23
4.185 -4103.73
4.186 -4130.26
4.187 -4156.72
4.188 -4183.03
4.189 -4209.15
4.19 -4235.1
4.191 -4260.88
4.192 -4286.55
4.193 -4312.16
4.194 -4337.77
4.195 -4363.36
4.196 -4388.94
4.197 -4414.43
4.198 -4439.75
4.199 -4464.8
4.2 -4489.52
4.201 -4513.83
4.202 -4537.71
4.203 -4561.16
4.204 -4584.25
4.205 -4607.03
4.206 -4629.59
4.207 -4651.93
4.208 -4674.08
4.209 -4695.97
4.21 -4717.56
4.211 -4738.71
4.212 -4759.35
4.213 -4779.39
4.214 -4798.82
4.215 -4817.65
4.216 -4835.95
4.217 -4853.79
4.218 -4871.24
4.219 -4888.36
4.22 -4905.17
4.221 -4921.63
4.222 -4937.67
4.223 -4953.18
4.224 -4968.08
4.225 -4982.31
4.226 -4995.84
4.227 -5008.68
4.228 -5020.91
4.229 -5032.58
4.23 -5043.8
4.231 -5054.61
4.232 -5065.07
4.233 -5075.13
4.234 -5084.76
4.235 -5093.85
4.236 -5102.34
4.237 -5110.14
4.238 -5117.23
4.239 -5123.6
4.24 -5129.33
4.241 -5134.49
4.242 -5139.18
4.243 -5143.47
4.244 -5147.43
4.245 -5151.02
4.246 -5154.21
4.247 -5156.92
4.248 -5159.06
4.249 -5160.55
4.25 -5161.35
4.251 -5161.47
4.252 -5160.98
4.253 -5159.95
4.254 -5158.48
4.255 -5156.66
4.256 -5154.53
4.257 -5152.08
4.258 -5149.29
4.259 -5146.06
4.26 -5142.32
4.261 -5137.99
4.262 -5133.05
4.263 -5127.48
4.264 -5121.35
4.265 -5114.71
4.266 -5107.67
4.267 -5100.28
4.268 -5092.62
4.269 -5084.69
4.27 -5076.44
4.271 -5067.82
4.272 -5058.76
4.273 -5049.17
4.274 -5039.01
4.275 -5028.25
4.276 -5016.93
4.277 -5005.1
4.278 -4992.84
4.279 -4980.23
4.28 -4967.33
4.281 -4954.14
4.282 -4940.64
4.283 -4926.77
4.284 -4912.45
4.285 -4897.57
4.286 -4882.09
4.287 -4865.95
4.288 -4849.16
4.289 -4831.76
4.29 -4813.77
4.291 -4794.95
4.292 -4774.99
4.293 -4753.36
4.294 -4730.03
4.295 -4704.91
4.296 -4677.91
4.297 -4648.92
4.298 -4617.84
4.299 -4584.61
4.3 -4549.21
4.301 -4511.66
4.302 -4472.01
4.303 -4430.32
4.304 -4386.64
4.305 -4340.98
4.306 -4293.34
4.307 -4243.63
4.308 -4191.76
4.309 -4137.6
4.31 -4081.03
4.311 -4021.98
4.312 -3960.4
4.313 -3896.29
4.314 -3829.68
4.315 -3760.63
4.316 -3689.19
4.317 -3615.4
4.318 -3539.25
4.319 -3460.67
4.32 -3379.59
4.321 -3295.9
4.322 -3209.51
4.323 -3120.36
4.324 -3028.44
4.325 -2933.81
4.326 -2836.59
4.327 -2736.93
4.328 -2634.99
4.329 -2530.93
4.33 -2424.9
4.331 -2316.99
4.332 -2207.31
4.333 -2095.94
4.334 -1982.97
4.335 -1868.54
4.336 -1752.83
4.337 -1636.06
4.338 -1518.54
4.339 -1400.56
4.34 -1282.42
4.341 -1164.41
4.342 -1046.77
4.343 -929.651
4.344 -813.173
4.345 -697.383
4.346 -582.318
4.347 -467.99
4.348 -354.449
4.349 -241.745
4.35 -129.981
4.351 -19.252
4.352 90.3214
4.353 198.683
4.354 305.794
4.355 411.709
4.356 516.501
4.357 620.319
4.358 723.291
4.359 825.563
4.36 927.212
4.361 1028.29
4.362 1128.74
4.363 1228.53
4.364 1327.54
4.365 1425.73
4.366 1523.02
4.367 1619.43
4.368 1714.98
4.369 1809.76
4.37 1903.84
4.371 1997.3
4.372 2090.16
4.373 2182.41
4.374 2273.97
4.375 2364.75
4.376 2454.6
4.377 2543.4
4.378 2631.05
4.379 2717.5
4.38 2802.75
4.381 2886.84
4.382 2969.81
4.383 3051.74
4.384 3132.65
4.385 3212.55
4.386 3291.35
4.387 3368.98
4.388 3445.3
4.389 3520.2
4.39 3593.59
4.391 3665.42
4.392 3735.7
4.393 3804.49
4.394 3871.85
4.395 3937.89
4.396 4002.66
4.397 4066.21
4.398 4128.5
4.399 4189.48
4.4 4249.06
4.401 4307.16
4.402 4363.71
4.403 4418.7
4.404 4472.12
4.405 4524.08
4.406 4574.66
4.407 4623.98
4.408 4672.13
4.409 4719.19
4.41 4765.15
4.411 4810.01
4.412 4853.7
4.413 4896.18
4.414 4937.35
4.415 4977.23
4.416 5015.82
4.417 5053.2
4.418 5089.47
4.419 5124.76
4.42 5159.17
4.421 5192.79
4.422 5225.64
4.423 5257.74
4.424 5288.99
4.425 5319.37
4.426 5348.79
4.427 5377.25
4.428 5404.71
4.429 5431.28
4.43 5457.02
4.431 5482.05
4.432 5506.48
4.433 5530.39
4.434 5553.81
4.435 5576.75
4.436 5599.14
4.437 5620.93
4.438 5642.04
4.439 5662.44
4.44 5682.1
4.441 5701.06
4.442 5719.39
4.443 5737.19
4.444 5754.56
4.445 5771.59
4.446 5788.31
4.447 5804.74
4.448 5820.82
4.449 5836.5
4.45 5851.67
4.451 5866.29
4.452 5880.29
4.453 5893.71
4.454 5906.58
4.455 5919.01
4.456 5931.08
4.457 5942.9
4.458 5954.5
4.459 5965.92
4.46 5977.09
4.461 5987.95
4.462 5998.35
4.463 6008.25
4.464 6017.56
4.465 6026.3
4.466 6034.49
4.467 6042.26
4.468 6049.66
4.469 6056.83
4.47 6063.8
4.471 6070.58
4.472 6077.09
4.473 6083.27
4.474 6088.98
4.475 6094.17
4.476 6098.76
4.477 6102.75
4.478 6106.16
4.479 6109.09
4.48 6111.63
4.481 6113.87
4.482 6115.84
4.483 6117.57
4.484 6119.01
4.485 6120.11
4.486 6120.74
4.487 6120.83
4.488 6120.3
4.489 6119.15
4.49 6117.39
4.491 6115.11
4.492 6112.39
4.493 6109.36
4.494 6106.05
4.495 6102.52
4.496 6098.71
4.497 6094.58
4.498 6090.02
4.499 6084.95
4.5 6079.27
4.501 6073
4.502 6066.16
4.503 6058.85
4.504 6051.14
4.505 6043.15
4.506 6034.94
4.507 6026.54
4.508 6017.92
4.509 6009.04
4.51 5999.78
4.511 5990.1
4.512 5979.93
4.513 5969.27
4.514 5958.11
4.515 5946.55
4.516 5934.64
4.517 5922.49
4.518 5910.16
4.519 5897.68
4.52 5885.04
4.521 5872.22
4.522 5859.14
4.523 5845.74
4.524 5831.94
4.525 5817.71
4.526 5803.05
4.527 5788.01
4.528 5772.64
4.529 5757.04
4.53 5741.27
4.531 5725.38
4.532 5709.39
4.533 5693.26
4.534 5676.92
4.535 5660.29
4.536 5643.28
4.537 5625.85
4.538 5607.97
4.539 5589.67
4.54 5570.98
4.541 5552
4.542 5532.77
4.543 5513.29
4.544 5493.31
4.545 5472.73
4.546 5450.58
4.547 5426.75
4.548 5401.17
4.549 5373.77
4.55 5344.51
4.551 5313.41
4.552 5280.49
4.553 5245.84
4.554 5209.55
4.555 5171.7
4.556 5132.35
4.557 5091.49
4.558 5049.11
4.559 5005.13
4.56 4959.45
4.561 4912
4.562 4862.71
4.563 4811.55
4.564 4758.55
4.565 4703.78
4.566 4647.32
4.567 4589.25
4.568 4529.64
4.569 4468.5
4.57 4405.8
4.571 4341.47
4.572 4275.4
4.573 4207.5
4.574 4137.71
4.575 4065.98
4.576 3992.36
4.577 3916.93
4.578 3839.77
4.579 3761.02
4.58 3680.76
4.581 3599.09
4.582 3516.01
4.583 3431.52
4.584 3345.61
4.585 3258.24
4.586 3169.44
4.587 3079.25
4.588 2987.79
4.589 2895.24
4.59 2801.81
4.591 2707.72
4.592 2613.18
4.593 2518.38
4.594 2423.44
4.595 2328.46
4.596 2233.49
4.597 2138.59
4.598 2043.78
4.599 1949.16
4.6 1854.82
4.601 1760.91
4.602 1667.57
4.603 1574.96
4.604 1483.23
4.605 1392.46
4.606 1302.7
4.607 1213.94
4.608 1126.1
4.609 1039.09
4.61 952.809
4.611 867.162
4.612 782.076
4.613 697.541
4.614 613.563
4.615 530.193
4.616 447.456
4.617 365.38
4.618 283.926
4.619 203.039
4.62 122.595
4.621 42.4689
4.622 -37.4979
4.623 -117.406
4.624 -197.342
4.625 -277.31
4.626 -357.294
4.627 -437.218
4.628 -517.024
4.629 -596.64
4.63 -676.058
4.631 -755.284
4.632 -834.398
4.633 -913.473
4.634 -992.624
4.635 -1071.91
4.636 -1151.39
4.637 -1231.04
4.638 -1310.81
4.639 -1390.6
4.64 -1470.31
4.641 -1549.82
4.642 -1629.09
4.643 -1708.07
4.644 -1786.81
4.645 -1865.34
4.646 -1943.76
4.647 -2022.11
4.648 -2100.44
4.649 -2178.72
4.65 -2256.89
4.651 -2334.82
4.652 -2412.39
4.653 -2489.46
4.654 -2565.94
4.655 -2641.79
4.656 -2717.01
4.657 -2791.64
4.658 -2865.76
4.659 -2939.42
4.66 -3012.66
4.661 -3085.45
4.662 -3157.68
4.663 -3229.24
4.664 -3299.99
4.665 -3369.79
4.666 -3438.58
4.667 -3506.28
4.668 -3572.93
4.669 -3638.56
4.67 -3703.25
4.671 -3767.04
4.672 -3829.94
4.673 -3891.93
4.674 -3952.95
4.675 -4012.92
4.676 -4071.74
4.677 -4129.3
4.678 -4185.56
4.679 -4240.46
4.68 -4294.05
4.681 -4346.34
4.682 -4397.41
4.683 -4447.29
4.684 -4496.08
4.685 -4543.77
4.686 -4590.39
4.687 -4635.87
4.688 -4680.16
4.689 -4723.18
4.69 -4764.89
4.691 -4805.24
4.692 -4844.26
4.693 -4881.98
4.694 -4918.5
4.695 -4953.9
4.696 -4988.29
4.697 -5021.7
4.698 -5054.18
4.699 -5085.69
4.7 -5116.19
4.701 -5145.61
4.702 -5173.92
4.703 -5201.06
4.704 -5227.08
4.705 -5251.99
4.706 -5275.92
4.707 -5298.92
4.708 -5321.12
4.709 -5342.57
4.71 -5363.31
4.711 -5383.33
4.712 -5402.61
4.713 -5421.06
4.714 -5438.66
4.715 -5455.33
4.716 -5471.1
4.717 -5485.99
4.718 -5500.09
4.719 -5513.45
4.72 -5526.21
4.721 -5538.41
4.722 -5550.11
4.723 -5561.3
4.724 -5571.95
4.725 -5581.99
4.726 -5591.36
4.727 -5600
4.728 -5607.9
4.729 -5615.05
4.73 -5621.54
4.731 -5627.44
4.732 -5632.85
4.733 -5637.83
4.734 -5642.45
4.735 -5646.68
4.736 -5650.52
4.737 -5653.87
4.738 -5656.69
4.739 -5658.88
4.74 -5660.43
4.741 -5661.33
4.742 -5661.66
4.743 -5661.46
4.744 -5660.86
4.745 -5659.9
4.746 -5658.65
4.747 -5657.09
4.748 -5655.22
4.749 -5652.95
4.75 -5650.22
4.751 -5646.94
4.752 -5643.1
4.753 -5638.66
4.754 -5633.69
4.755 -5628.22
4.756 -5622.37
4.757 -5616.18
4.758 -5609.72
4.759 -5602.98
4.76 -5595.97
4.761 -5588.58
4.762 -5580.76
4.763 -5572.4
4.764 -5563.47
4.765 -5553.93
4.766 -5543.81
4.767 -5533.15
4.768 -5522.04
4.769 -5510.54
4.77 -5498.72
4.771 -5486.56
4.772 -5474.03
4.773 -5461.06
4.774 -5447.57
4.775 -5433.46
4.776 -5418.66
4.777 -5403.14
4.778 -5386.9
4.779 -5369.98
4.78 -5352.45
4.781 -5334.36
4.782 -5315.76
4.783 -5296.65
4.784 -5277
4.785 -5256.74
4.786 -5235.78
4.787 -5214
4.788 -5191.33
4.789 -5167.68
4.79 -5143.03
4.791 -5117.33
4.792 -5090.12
4.793 -5060.52
4.794 -5027.8
4.795 -4991.94
4.796 -4952.89
4.797 -4910.53
4.798 -4864.72
4.799 -4815.3
4.8 -4762.14
4.801 -4705.16
4.802 -4644.32
4.803 -4579.66
4.804 -4511.21
4.805 -4439.01
4.806 -4363.12
4.807 -4283.5
4.808 -4200.11
4.809 -4112.82
4.81 -4021.5
4.811 -3926
4.812 -3826.2
4.813 -3722.01
4.814 -3613.42
4.815 -3500.43
4.816 -3383.14
4.817 -3261.64
4.818 -3136.04
4.819 -3006.48
4.82 -2873.08
4.821 -2735.95
4.822 -2595.23
4.823 -2451.05
4.824 -2303.61
4.825 -2153.16
4.826 -2000.02
4.827 -1844.61
4.828 -1687.4
4.829 -1528.91
4.83 -1369.67
4.831 -1210.16
4.832 -1050.83
4.833 -892.004
4.834 -733.967
4.835 -576.908
4.836 -420.986
4.837 -266.323
4.838 -113.064
4.839 38.6545
4.84 188.665
4.841 336.826
4.842 483.005
4.843 627.148
4.844 769.249
4.845 909.413
4.846 1047.79
4.847 1184.59
4.848 1320.02
4.849 1454.3
4.85 1587.52
4.851 1719.75
4.852 1850.92
4.853 1980.92
4.854 2109.62
4.855 2236.89
4.856 2362.63
4.857 2486.81
4.858 2609.42
4.859 2730.54
4.86 2850.23
4.861 2968.51
4.862 3085.35
4.863 3200.66
4.864 3314.28
4.865 3426.05
4.866 3535.75
4.867 3643.21
4.868 3748.25
4.869 3850.83
4.87 3950.91
4.871 4048.53
4.872 4143.68
4.873 4236.46
4.874 4326.87
4.875 4414.93
4.876 4500.58
4.877 4583.73
4.878 4664.27
4.879 4742.1
4.88 4817.15
4.881 4889.39
4.882 4958.83
4.883 5025.6
4.884 5089.8
4.885 5151.61
4.886 5211.16
4.887 5268.57
4.888 5323.84
4.889 5377.01
4.89 5428
4.891 5476.78
4.892 5523.29
4.893 5567.55
4.894 5609.62
4.895 5649.64
4.896 5687.73
4.897 5724.1
4.898 5758.89
4.899 5792.24
4.9 5824.19
4.901 5854.77
4.902 5883.96
4.903 5911.71
4.904 5937.96
4.905 5962.71
4.906 5985.97
4.907 6007.85
4.908 6028.44
4.909 6047.93
4.91 6066.45
4.911 6084.15
4.912 6101.1
4.913 6117.36
4.914 6132.86
4.915 6147.54
4.916 6161.3
4.917 6174.1
4.918 6185.91
4.919 6196.8
4.92 6206.84
4.921 6216.23
4.922 6225.12
4.923 6233.67
4.924 6241.93
4.925 6249.93
4.926 6257.61
4.927 6264.88
4.928 6271.61
4.929 6277.74
4.93 6283.21
4.931 6288.09
4.932 6292.46
4.933 6296.47
4.934 6300.27
4.935 6303.99
4.936 6307.68
4.937 6311.37
4.938 6314.98
4.939 6318.44
4.94 6321.59
4.941 6324.38
4.942 6326.71
4.943 6328.62
4.944 6330.16
4.945 6331.47
4.946 6332.66
4.947 6333.88
4.948 6335.19
4.949 6336.61
4.95 6338.08
4.951 6339.51
4.952 6340.75
4.953 6341.7
4.954 6342.27
4.955 6342.46
4.956 6342.31
4.957 6341.94
4.958 6341.47
4.959 6341.03
4.96 6340.7
4.961 6340.51
4.962 6340.39
4.963 6340.26
4.964 6339.98
4.965 6339.44
4.966 6338.54
4.967 6337.26
4.968 6335.63
4.969 6333.76
4.97 6331.75
4.971 6329.75
4.972 6327.82
4.973 6326.02
4.974 6324.28
4.975 6322.55
4.976 6320.69
4.977 6318.58
4.978 6316.12
4.979 6313.27
4.98 6310.06
4.981 6306.55
4.982 6302.87
4.983 6299.14
4.984 6295.46
4.985 6291.87
4.986 6288.37
4.987 6284.88
4.988 6281.29
4.989 6277.47
4.99 6273.32
4.991 6268.78
4.992 6263.86
4.993 6258.63
4.994 6253.19
4.995 6247.69
4.996 6242.21
4.997 6236.83
4.998 6231.54
4.999 6226.3
5 6220.99
5.001 6215.49
5.002 6209.71
5.003 6203.57
5.004 6197.08
5.005 6190.28
5.006 6183.28
5.007 6176.2
5.008 6169.14
5.009 6162.2
5.01 6155.37
5.011 6148.63
5.012 6141.89
5.013 6135.03
5.014 6127.94
5.015 6120.54
5.016 6112.8
5.017 6104.77
5.018 6096.53
5.019 6088.19
5.02 6079.88
5.021 6071.68
5.022 6063.62
5.023 6055.68
5.024 6047.76
5.025 6039.78
5.026 6031.58
5.027 6023.11
5.028 6014.3
5.029 6005.18
5.03 5995.82
5.031 5986.34
5.032 5976.84
5.033 5967.42
5.034 5958.12
5.035 5948.93
5.036 5939.78
5.037 5930.55
5.038 5921.13
5.039 5911.42
5.04 5901.36
5.041 5890.96
5.042 5880.25
5.043 5869.34
5.044 5858.35
5.045 5847.37
5.046 5836.46
5.047 5825.61
5.048 5814.77
5.049 5803.84
5.05 5792.68
5.051 5781.2
5.052 5769.32
5.053 5757
5.054 5744.29
5.055 5731.27
5.056 5718.05
5.057 5704.73
5.058 5691.37
5.059 5677.97
5.06 5664.45
5.061 5650.56
5.062 5636.16
5.063 5620.63
5.064 5603.69
5.065 5585.31
5.066 5565.5
5.067 5544.31
5.068 5521.83
5.069 5498.17
5.07 5473.39
5.071 5447.52
5.072 5420.53
5.073 5392.34
5.074 5362.84
5.075 5331.91
5.076 5299.44
5.077 5265.38
5.078 5229.72
5.079 5192.52
5.08 5153.85
5.081 5113.81
5.082 5072.46
5.083 5029.83
5.084 4985.92
5.085 4940.63
5.086 4893.88
5.087 4845.53
5.088 4795.48
5.089 4743.66
5.09 4690.04
5.091 4634.67
5.092 4577.61
5.093 4518.94
5.094 4458.75
5.095 4397.09
5.096 4333.96
5.097 4269.32
5.098 4203.07
5.099 4135.12
5.1 4065.37
5.101 3993.78
5.102 3920.35
5.103 3845.15
5.104 3768.29
5.105 3689.92
5.106 3610.19
5.107 3529.23
5.108 3447.13
5.109 3363.93
5.11 3279.65
5.111 3194.29
5.112 3107.84
5.113 3020.36
5.114 2931.93
5.115 2842.7
5.116 2752.87
5.117 2662.66
5.118 2572.29
5.119 2481.96
5.12 2391.82
5.121 2301.97
5.122 2212.44
5.123 2123.25
5.124 2034.38
5.125 1945.83
5.126 1857.63
5.127 1769.86
5.128 1682.6
5.129 1596.01
5.13 1510.18
5.131 1425.24
5.132 1341.21
5.133 1258.11
5.134 1175.86
5.135 1094.35
5.136 1013.46
5.137 933.077
5.138 853.119
5.139 773.562
5.14 694.416
5.141 615.747
5.142 537.62
5.143 460.106
5.144 383.226
5.145 306.972
5.146 231.269
5.147 156.024
5.148 81.1079
5.149 6.42276
5.15 -68.1147
5.151 -142.517
5.152 -216.763
5.153 -290.767
5.154 -364.442
5.155 -437.681
5.156 -510.428
5.157 -582.649
5.158 -654.381
5.159 -725.682
5.16 -796.656
5.161 -867.379
5.162 -937.921
5.163 -1008.29
5.164 -1078.45
5.165 -1148.31
5.166 -1217.77
5.167 -1286.72
5.168 -1355.06
5.169 -1422.75
5.17 -1489.8
5.171 -1556.25
5.172 -1622.19
5.173 -1687.69
5.174 -1752.82
5.175 -1817.6
5.176 -1882.01
5.177 -1945.96
5.178 -2009.37
5.179 -2072.1
5.18 -2134.08
5.181 -2195.22
5.182 -2255.55
5.183 -2315.07
5.184 -2373.88
5.185 -2432.06
5.186 -2489.69
5.187 -2546.8
5.188 -2603.41
5.189 -2659.43
5.19 -2714.79
5.191 -2769.37
5.192 -2823.07
5.193 -2875.82
5.194 -2927.61
5.195 -2978.48
5.196 -3028.51
5.197 -3077.78
5.198 -3126.42
5.199 -3174.45
5.2 -3221.91
5.201 -3268.75
5.202 -3314.89
5.203 -3360.22
5.204 -3404.65
5.205 -3448.12
5.206 -3490.61
5.207 -3532.15
5.208 -3572.84
5.209 -3612.77
5.21 -3652.04
5.211 -3690.74
5.212 -3728.89
5.213 -3766.46
5.214 -3803.4
5.215 -3839.61
5.216 -3875.02
5.217 -3909.53
5.218 -3943.14
5.219 -3975.87
5.22 -4007.81
5.221 -4039.05
5.222 -4069.72
5.223 -4099.88
5.224 -4129.6
5.225 -4158.87
5.226 -4187.63
5.227 -4215.81
5.228 -4243.31
5.229 -4270.07
5.23 -4296.05
5.231 -4321.26
5.232 -4345.8
5.233 -4369.75
5.234 -4393.23
5.235 -4416.33
5.236 -4439.13
5.237 -4461.6
5.238 -4483.74
5.239 -4505.44
5.24 -4526.64
5.241 -4547.24
5.242 -4567.22
5.243 -4586.57
5.244 -4605.37
5.245 -4623.7
5.246 -4641.67
5.247 -4659.39
5.248 -4676.92
5.249 -4694.27
5.25 -4711.42
5.251 -4728.3
5.252 -4744.84
5.253 -4760.93
5.254 -4776.55
5.255 -4791.67
5.256 -4806.35
5.257 -4820.65
5.258 -4834.71
5.259 -4848.59
5.26 -4862.4
5.261 -4876.14
5.262 -4889.82
5.263 -4903.37
5.264 -4916.69
5.265 -4929.71
5.266 -4942.36
5.267 -4954.61
5.268 -4966.51
5.269 -4978.1
5.27 -4989.5
5.271 -5000.8
5.272 -5012.09
5.273 -5023.41
5.274 -5034.74
5.275 -5046.03
5.276 -5057.2
5.277 -5068.15
5.278 -5078.82
5.279 -5089.16
5.28 -5099.19
5.281 -5108.97
5.282 -5118.58
5.283 -5128.12
5.284 -5137.68
5.285 -5147.31
5.286 -5157.01
5.287 -5166.72
5.288 -5176.39
5.289 -5185.9
5.29 -5195.18
5.291 -5204.18
5.292 -5212.89
5.293 -5221.35
5.294 -5229.66
5.295 -5237.89
5.296 -5246.16
5.297 -5254.51
5.298 -5262.96
5.299 -5271.46
5.3 -5279.96
5.301 -5288.35
5.302 -5296.55
5.303 -5304.48
5.304 -5312.14
5.305 -5319.56
5.306 -5326.81
5.307 -5333.98
5.308 -5341.18
5.309 -5348.47
5.31 -5355.88
5.311 -5363.36
5.312 -5370.88
5.313 -5378.31
5.314 -5385.58
5.315 -5392.61
5.316 -5399.38
5.317 -5405.9
5.318 -5412.24
5.319 -5418.5
5.32 -5424.77
5.321 -5431.12
5.322 -5437.59
5.323 -5444.16
5.324 -5450.79
5.325 -5457.37
5.326 -5463.82
5.327 -5470.05
5.328 -5476.03
5.329 -5481.76
5.33 -5487.32
5.331 -5492.76
5.332 -5498.21
5.333 -5503.72
5.334 -5509.37
5.335 -5515.13
5.336 -5520.97
5.337 -5526.79
5.338 -5532.52
5.339 -5538.05
5.34 -5543.34
5.341 -5548.4
5.342 -5553.26
5.343 -5558.02
5.344 -5562.76
5.345 -5567.57
5.346 -5572.51
5.347 -5577.59
5.348 -5582.78
5.349 -5587.99
5.35 -5593.14
5.351 -5598.13
5.352 -5602.93
5.353 -5607.5
5.354 -5611.9
5.355 -5616.19
5.356 -5620.48
5.357 -5624.83
5.358 -5629.33
5.359 -5634
5.36 -5638.8
5.361 -5643.68
5.362 -5648.55
5.363 -5653.32
5.364 -5657.93
5.365 -5662.35
5.366 -5666.62
5.367 -5670.78
5.368 -5674.93
5.369 -5679.16
5.37 -5683.55
5.371 -5688.12
5.372 -5692.87
5.373 -5697.73
5.374 -5702.62
5.375 -5707.45
5.376 -5712.15
5.377 -5716.68
5.378 -5721.05
5.379 -5725.31
5.38 -5729.56
5.381 -5733.86
5.382 -5738.3
5.383 -5742.91
5.384 -5747.69
5.385 -5752.59
5.386 -5757.54
5.387 -5762.43
5.388 -5767.19
5.389 -5771.78
5.39 -5776.2
5.391 -5780.46
5.392 -5784.63
5.393 -5788.79
5.394 -5793.03
5.395 -5797.37
5.396 -5801.84
5.397 -5806.4
5.398 -5810.98
5.399 -5815.49
5.4 -5819.85
5.401 -5823.97
5.402 -5827.82
5.403 -5831.42
5.404 -5834.81
5.405 -5838.08
5.406 -5841.32
5.407 -5844.58
5.408 -5847.89
5.409 -5851.22
5.41 -5854.52
5.411 -5857.69
5.412 -5860.61
5.413 -5863.2
5.414 -5865.42
5.415 -5867.28
5.416 -5868.84
5.417 -5870.17
5.418 -5871.37
5.419 -5872.5
5.42 -5873.61
5.421 -5874.68
5.422 -5875.65
5.423 -5876.41
5.424 -5876.89
5.425 -5876.98
5.426 -5876.65
5.427 -5875.88
5.428 -5874.74
5.429 -5873.3
5.43 -5871.65
5.431 -5869.87
5.432 -5868.02
5.433 -5866.08
5.434 -5864.04
5.435 -5861.78
5.436 -5859.23
5.437 -5856.29
5.438 -5852.9
5.439 -5849.05
5.44 -5844.78
5.441 -5840.16
5.442 -5835.32
5.443 -5830.34
5.444 -5825.28
5.445 -5820.15
5.446 -5814.92
5.447 -5809.51
5.448 -5803.83
5.449 -5797.76
5.45 -5791.27
5.451 -5784.32
5.452 -5776.98
5.453 -5769.32
5.454 -5761.44
5.455 -5753.43
5.456 -5745.37
5.457 -5737.27
5.458 -5729.11
5.459 -5720.81
5.46 -5712.27
5.461 -5703.42
5.462 -5694.21
5.463 -5684.61
5.464 -5674.67
5.465 -5664.43
5.466 -5654
5.467 -5643.46
5.468 -5632.89
5.469 -5622.31
5.47 -5611.71
5.471 -5601.04
5.472 -5590.23
5.473 -5579.18
5.474 -5567.85
5.475 -5556.19
5.476 -5544.21
5.477 -5531.97
5.478 -5519.56
5.479 -5507.05
5.48 -5494.52
5.481 -5482.02
5.482 -5469.55
5.483 -5457.07
5.484 -5444.52
5.485 -5431.79
5.486 -5418.81
5.487 -5405.53
5.488 -5391.95
5.489 -5378.09
5.49 -5364.03
5.491 -5349.85
5.492 -5335.62
5.493 -5321.26
5.494 -5306.74
5.495 -5291.9
5.496 -5276.23
5.497 -5259.63
5.498 -5242.02
5.499 -5223.36
5.5 -5203.62
5.501 -5182.85
5.502 -5161.1
5.503 -5138.49
5.504 -5115.11
5.505 -5091.06
5.506 -5066.39
5.507 -5041.09
5.508 -5015.14
5.509 -4988.44
5.51 -4960.93
5.511 -4932.54
5.512 -4903.24
5.513 -4873.05
5.514 -4842.04
5.515 -4810.29
5.516 -4777.93
5.517 -4745.05
5.518 -4711.71
5.519 -4677.92
5.52 -4643.66
5.521 -4608.86
5.522 -4573.43
5.523 -4537.31
5.524 -4500.45
5.525 -4462.87
5.526 -4424.63
5.527 -4385.81
5.528 -4346.53
5.529 -4306.89
5.53 -4266.97
5.531 -4226.8
5.532 -4186.35
5.533 -4145.57
5.534 -4104.38
5.535 -4062.72
5.536 -4020.54
5.537 -3977.85
5.538 -3934.7
5.539 -3891.18
5.54 -3847.42
5.541 -3803.52
5.542 -3759.58
5.543 -3715.64
5.544 -3671.71
5.545 -3627.75
5.546 -3583.7
5.547 -3539.5
5.548 -3495.12
5.549 -3450.56
5.55 -3405.88
5.551 -3361.17
5.552 -3316.55
5.553 -3272.17
5.554 -3228.12
5.555 -3184.48
5.556 -3141.27
5.557 -3098.49
5.558 -3056.07
5.559 -3013.97
5.56 -2972.14
5.561 -2930.59
5.562 -2889.35
5.563 -2848.5
5.564 -2808.16
5.565 -2768.45
5.566 -2729.48
5.567 -2691.32
5.568 -2654
5.569 -2617.5
5.57 -2581.76
5.571 -2546.7
5.572 -2512.25
5.573 -2478.37
5.574 -2445.07
5.575 -2412.39
5.576 -2380.42
5.577 -2349.26
5.578 -2318.99
5.579 -2289.69
5.58 -2261.35
5.581 -2233.94
5.582 -2207.38
5.583 -2181.57
5.584 -2156.41
5.585 -2131.84
5.586 -2107.84
5.587 -2084.41
5.588 -2061.62
5.589 -2039.55
5.59 -2018.29
5.591 -1997.88
5.592 -1978.33
5.593 -1959.61
5.594 -1941.64
5.595 -1924.31
5.596 -1907.52
5.597 -1891.18
5.598 -1875.25
5.599 -1859.75
5.6 -1844.71
5.601 -1830.22
5.602 -1816.36
5.603 -1803.18
5.604 -1790.72
5.605 -1778.93
5.606 -1767.77
5.607 -1757.12
5.608 -1746.88
5.609 -1736.97
5.61 -1727.34
5.611 -1717.99
5.612 -1708.97
5.613 -1700.35
5.614 -1692.22
5.615 -1684.65
5.616 -1677.69
5.617 -1671.32
5.618 -1665.48
5.619 -1660.1
5.62 -1655.07
5.621 -1650.3
5.622 -1645.74
5.623 -1641.38
5.624 -1637.26
5.625 -1633.46
5.626 -1630.05
5.627 -1627.13
5.628 -1624.74
5.629 -1622.88
5.63 -1621.51
5.631 -1620.55
5.632 -1619.91
5.633 -1619.49
5.634 -1619.22
5.635 -1619.1
5.636 -1619.14
5.637 -1619.41
5.638 -1620.01
5.639 -1621.01
5.64 -1622.47
5.641 -1624.4
5.642 -1626.79
5.643 -1629.54
5.644 -1632.57
5.645 -1635.77
5.646 -1639.09
5.647 -1642.48
5.648 -1645.97
5.649 -1649.61
5.65 -1653.49
5.651 -1657.68
5.652 -1662.26
5.653 -1667.23
5.654 -1672.59
5.655 -1678.26
5.656 -1684.16
5.657 -1690.19
5.658 -1696.27
5.659 -1702.37
5.66 -1708.47
5.661 -1714.63
5.662 -1720.91
5.663 -1727.4
5.664 -1734.15
5.665 -1741.19
5.666 -1748.51
5.667 -1756.05
5.668 -1763.71
5.669 -1771.4
5.67 -1779.03
5.671 -1786.52
5.672 -1793.86
5.673 -1801.08
5.674 -1808.23
5.675 -1815.39
5.676 -1822.62
5.677 -1829.96
5.678 -1837.4
5.679 -1844.9
5.68 -1852.35
5.681 -1859.65
5.682 -1866.69
5.683 -1873.38
5.684 -1879.69
5.685 -1885.62
5.686 -1891.23
5.687 -1896.58
5.688 -1901.75
5.689 -1906.76
5.69 -1911.63
5.691 -1916.29
5.692 -1920.66
5.693 -1924.61
5.694 -1928.02
5.695 -1930.82
5.696 -1932.94
5.697 -1934.38
5.698 -1935.19
5.699 -1935.43
5.7 -1935.16
5.701 -1934.43
5.702 -1933.25
5.703 -1931.57
5.704 -1929.3
5.705 -1926.34
5.706 -1922.58
5.707 -1917.9
5.708 -1912.26
5.709 -1905.64
5.71 -1898.08
5.711 -1889.65
5.712 -1880.41
5.713 -1870.42
5.714 -1859.71
5.715 -1848.25
5.716 -1835.98
5.717 -1822.8
5.718 -1808.6
5.719 -1793.28
5.72 -1776.79
5.721 -1759.12
5.722 -1740.32
5.723 -1720.46
5.724 -1699.64
5.725 -1677.94
5.726 -1655.4
5.727 -1632.04
5.728 -1607.8
5.729 -1582.62
5.73 -1556.4
5.731 -1529.08
5.732 -1500.61
5.733 -1471.01
5.734 -1440.33
5.735 -1408.66
5.736 -1376.12
5.737 -1342.79
5.738 -1308.77
5.739 -1274.08
5.74 -1238.71
5.741 -1202.62
5.742 -1165.75
5.743 -1128.06
5.744 -1089.51
5.745 -1050.12
5.746 -1009.95
5.747 -969.081
5.748 -927.642
5.749 -885.743
5.75 -843.481
5.751 -800.911
5.752 -758.055
5.753 -714.882
5.754 -671.347
5.755 -627.389
5.756 -582.976
5.757 -538.103
5.758 -492.815
5.759 -447.19
5.76 -401.339
5.761 -355.375
5.762 -309.404
5.763 -263.485
5.764 -217.639
5.765 -171.836
5.766 -126.023
5.767 -80.127
5.768 -34.0987
5.769 12.0903
5.77 58.4143
5.771 104.817
5.772 151.202
5.773 197.472
5.774 243.53
5.775 289.321
5.776 334.824
5.777 380.073
5.778 425.124
5.779 470.062
5.78 514.949
5.781 559.839
5.782 604.731
5.783 649.59
5.784 694.336
5.785 738.879
5.786 783.125
5.787 827.016
5.788 870.524
5.789 913.679
5.79 956.534
5.791 999.182
5.792 1041.7
5.793 1084.16
5.794 1126.58
5.795 1168.93
5.796 1211.13
5.797 1253.12
5.798 1294.78
5.799 1336.06
5.8 1376.91
5.801 1417.37
5.802 1457.48
5.803 1497.34
5.804 1537.03
5.805 1576.62
5.806 1616.13
5.807 1655.56
5.808 1694.85
5.809 1733.9
5.81 1772.62
5.811 1810.94
5.812 1848.82
5.813 1886.26
5.814 1923.3
5.815 1960.03
5.816 1996.53
5.817 2032.88
5.818 2069.12
5.819 2105.23
5.82 2141.17
5.821 2176.85
5.822 2212.17
5.823 2247.03
5.824 2281.39
5.825 2315.24
5.826 2348.6
5.827 2381.56
5.828 2414.2
5.829 2446.6
5.83 2478.79
5.831 2510.8
5.832 2542.55
5.833 2573.97
5.834 2604.96
5.835 2635.42
5.836 2665.3
5.837 2694.58
5.838 2723.28
5.839 2751.48
5.84 2779.25
5.841 2806.69
5.842 2833.83
5.843 2860.72
5.844 2887.29
5.845 2913.5
5.846 2939.23
5.847 2964.41
5.848 2988.96
5.849 3012.88
5.85 3036.16
5.851 3058.89
5.852 3081.15
5.853 3103.04
5.854 3124.61
5.855 3145.92
5.856 3166.92
5.857 3187.58
5.858 3207.8
5.859 3227.5
5.86 3246.6
5.861 3265.08
5.862 3282.95
5.863 3300.28
5.864 3317.16
5.865 3333.68
5.866 3349.91
5.867 3365.91
5.868 3381.67
5.869 3397.13
5.87 3412.23
5.871 3426.87
5.872 3440.98
5.873 3454.52
5.874 3467.48
5.875 3479.94
5.876 3491.96
5.877 3503.64
5.878 3515.07
5.879 3526.3
5.88 3537.33
5.881 3548.12
5.882 3558.6
5.883 3568.68
5.884 3578.27
5.885 3587.32
5.886 3595.83
5.887 3603.84
5.888 3611.42
5.889 3618.67
5.89 3625.67
5.891 3632.48
5.892 3639.11
5.893 3645.54
5.894 3651.69
5.895 3657.47
5.896 3662.79
5.897 3667.61
5.898 3671.89
5.899 3675.68
5.9 3679.02
5.901 3682.02
5.902 3684.77
5.903 3687.33
5.904 3689.72
5.905 3691.93
5.906 3693.9
5.907 3695.53
5.908 3696.74
5.909 3697.47
5.91 3697.68
5.911 3697.39
5.912 3696.67
5.913 3695.59
5.914 3694.25
5.915 3692.73
5.916 3691.05
5.917 3689.22
5.918 3687.17
5.919 3684.83
5.92 3682.1
5.921 3678.91
5.922 3675.22
5.923 3671.03
5.924 3666.41
5.925 3661.41
5.926 3656.15
5.927 3650.69
5.928 3645.08
5.929 3639.32
5.93 3633.37
5.931 3627.15
5.932 3620.57
5.933 3613.55
5.934 3606.04
5.935 3598.04
5.936 3589.58
5.937 3580.74
5.938 3571.6
5.939 3562.25
5.94 3552.61
5.941 3542.67
5.942 3532.23
5.943 3521.21
5.944 3509.55
5.945 3497.15
5.946 3483.96
5.947 3469.97
5.948 3455.2
5.949 3439.71
5.95 3423.62
5.951 3407.01
5.952 3389.97
5.953 3372.56
5.954 3354.76
5.955 3336.54
5.956 3317.81
5.957 3298.52
5.958 3278.59
5.959 3258.01
5.96 3236.8
5.961 3215.04
5.962 3192.85
5.963 3170.34
5.964 3147.61
5.965 3124.72
5.966 3101.69
5.967 3078.47
5.968 3055.02
5.969 3031.26
5.97 3007.13
5.971 2982.6
5.972 2957.71
5.973 2932.52
5.974 2907.13
5.975 2881.67
5.976 2856.23
5.977 2830.89
5.978 2805.69
5.979 2780.59
5.98 2755.54
5.981 2730.48
5.982 2705.32
5.983 2680.05
5.984 2654.66
5.985 2629.22
5.986 2603.82
5.987 2578.58
5.988 2553.61
5.989 2528.99
5.99 2504.77
5.991 2480.92
5.992 2457.39
5.993 2434.1
5.994 2410.98
5.995 2387.98
5.996 2365.1
5.997 2342.39
5.998 2319.93
5.999 2297.84
6 2276.22
6.001 2255.17
6.002 2234.71
6.003 2214.83
6.004 2195.49
6.005 2176.6
6.006 2158.09
6.007 2139.9
6.008 2122.01
6.009 2104.45
6.01 2087.3
6.011 2070.66
6.012 2054.61
6.013 2039.25
6.014 2024.62
6.015 2010.71
6.016 1997.47
6.017 1984.84
6.018 1972.71
6.019 1961.03
6.02 1949.75
6.021 1938.89
6.022 1928.5
6.023 1918.67
6.024 1909.48
6.025 1901.02
6.026 1893.34
6.027 1886.45
6.028 1880.29
6.029 1874.8
6.03 1869.88
6.031 1865.44
6.032 1861.46
6.033 1857.91
6.034 1854.85
6.035 1852.34
6.036 1850.49
6.037 1849.38
6.038 1849.07
6.039 1849.55
6.04 1850.81
6.041 1852.78
6.042 1855.37
6.043 1858.49
6.044 1862.1
6.045 1866.17
6.046 1870.74
6.047 1875.88
6.048 1881.66
6.049 1888.19
6.05 1895.52
6.051 1903.69
6.052 1912.67
6.053 1922.4
6.054 1932.81
6.055 1943.81
6.056 1955.32
6.057 1967.34
6.058 1979.87
6.059 1992.97
6.06 2006.73
6.061 2021.24
6.062 2036.58
6.063 2052.77
6.064 2069.82
6.065 2087.67
6.066 2106.23
6.067 2125.42
6.068 2145.16
6.069 2165.41
6.07 2186.18
6.071 2207.51
6.072 2229.48
6.073 2252.16
6.074 2275.64
6.075 2299.96
6.076 2325.09
6.077 2351.01
6.078 2377.62
6.079 2404.82
6.08 2432.53
6.081 2460.68
6.082 2489.26
6.083 2518.27
6.084 2547.78
6.085 2577.86
6.086 2608.57
6.087 2639.95
6.088 2671.98
6.089 2704.63
6.09 2737.8
6.091 2771.37
6.092 2805.22
6.093 2839.28
6.094 2873.48
6.095 2907.83
6.096 2942.37
6.097 2977.14
6.098 3012.2
6.099 3047.59
6.1 3083.3
6.101 3119.26
6.102 3155.37
6.103 3191.52
6.104 3227.57
6.105 3263.42
6.106 3299
6.107 3334.29
6.108 3369.32
6.109 3404.13
6.11 3438.78
6.111 3473.3
6.112 3507.67
6.113 3541.78
6.114 3574.98
6.115 3604.31
6.116 3629.22
6.117 3651.74
6.118 3673.69
6.119 3695.1
6.12 3715.99
6.121 3736.44
6.122 3756.54
6.123 3776.34
6.124 3795.86
6.125 3815.1
6.126 3833.98
6.127 3852.43
6.128 3870.36
6.129 3887.69
6.13 3904.4
6.131 3920.5
6.132 3936.04
6.133 3951.12
6.134 3965.82
6.135 3980.23
6.136 3994.39
6.137 4008.31
6.138 4021.94
6.139 4035.23
6.14 4048.09
6.141 4060.46
6.142 4072.31
6.143 4083.65
6.144 4094.54
6.145 4105.07
6.146 4115.32
6.147 4125.4
6.148 4135.35
6.149 4145.2
6.15 4154.92
6.151 4164.45
6.152 4173.72
6.153 4182.69
6.154 4191.3
6.155 4199.56
6.156 4207.51
6.157 4215.24
6.158 4222.82
6.159 4230.36
6.16 4237.9
6.161 4245.51
6.162 4253.15
6.163 4260.78
6.164 4268.35
6.165 4275.77
6.166 4282.99
6.167 4290.02
6.168 4296.86
6.169 4303.59
6.17 4310.3
6.171 4317.07
6.172 4323.99
6.173 4331.1
6.174 4338.39
6.175 4345.83
6.176 4353.34
6.177 4360.85
6.178 4368.3
6.179 4375.66
6.18 4382.94
6.181 4390.2
6.182 4397.51
6.183 4404.98
6.184 4412.66
6.185 4420.62
6.186 4428.84
6.187 4437.3
6.188 4445.92
6.189 4454.63
6.19 4463.35
6.191 4472.04
6.192 4480.67
6.193 4489.3
6.194 4497.97
6.195 4506.79
6.196 4515.82
6.197 4525.11
6.198 4534.67
6.199 4544.49
6.2 4554.47
6.201 4564.53
6.202 4574.58
6.203 4584.55
6.204 4594.41
6.205 4604.2
6.206 4613.96
6.207 4623.77
6.208 4633.72
6.209 4643.87
6.21 4654.23
6.211 4664.77
6.212 4675.4
6.213 4686.05
6.214 4696.6
6.215 4706.99
6.216 4717.19
6.217 4727.21
6.218 4737.09
6.219 4746.93
6.22 4756.79
6.221 4766.75
6.222 4776.81
6.223 4786.97
6.224 4797.15
6.225 4807.27
6.226 4817.24
6.227 4826.98
6.228 4836.45
6.229 4845.65
6.23 4854.64
6.231 4863.48
6.232 4872.25
6.233 4881.02
6.234 4889.82
6.235 4898.64
6.236 4907.44
6.237 4916.13
6.238 4924.63
6.239 4932.85
6.24 4940.76
6.241 4948.34
6.242 4955.64
6.243 4962.72
6.244 4969.67
6.245 4976.56
6.246 4983.44
6.247 4990.33
6.248 4997.16
6.249 5003.9
6.25 5010.43
6.251 5016.7
6.252 5022.65
6.253 5028.26
6.254 5033.56
6.255 5038.63
6.256 5043.55
6.257 5048.39
6.258 5053.21
6.259 5058.03
6.26 5062.83
6.261 5067.55
6.262 5072.11
6.263 5076.43
6.264 5080.46
6.265 5084.18
6.266 5087.59
6.267 5090.77
6.268 5093.79
6.269 5096.75
6.27 5099.68
6.271 5102.64
6.272 5105.61
6.273 5108.55
6.274 5111.37
6.275 5114
6.276 5116.37
6.277 5118.45
6.278 5120.25
6.279 5121.81
6.28 5123.21
6.281 5124.55
6.282 5125.87
6.283 5127.23
6.284 5128.62
6.285 5130.01
6.286 5131.31
6.287 5132.46
6.288 5133.36
6.289 5133.99
6.29 5134.34
6.291 5134.45
6.292 5134.37
6.293 5134.2
6.294 5134
6.295 5133.82
6.296 5133.66
6.297 5133.51
6.298 5133.28
6.299 5132.9
6.3 5132.29
6.301 5131.4
6.302 5130.19
6.303 5128.69
6.304 5126.96
6.305 5125.08
6.306 5123.12
6.307 5121.14
6.308 5119.14
6.309 5117.13
6.31 5115.02
6.311 5112.74
6.312 5110.19
6.313 5107.32
6.314 5104.07
6.315 5100.49
6.316 5096.59
6.317 5092.48
6.318 5088.21
6.319 5083.86
6.32 5079.45
6.321 5074.97
6.322 5070.35
6.323 5065.53
6.324 5060.4
6.325 5054.9
6.326 5048.98
6.327 5042.65
6.328 5035.94
6.329 5028.94
6.33 5021.71
6.331 5014.32
6.332 5006.82
6.333 4999.21
6.334 4991.43
6.335 4983.41
6.336 4975.06
6.337 4966.31
6.338 4957.08
6.339 4947.39
6.34 4937.26
6.341 4926.75
6.342 4915.93
6.343 4904.86
6.344 4893.43
6.345 4881.59
6.346 4868.85
6.347 4855.12
6.348 4840.29
6.349 4824.27
6.35 4806.99
6.351 4788.42
6.352 4768.57
6.353 4747.51
6.354 4725.3
6.355 4702.04
6.356 4677.77
6.357 4652.52
6.358 4626.26
6.359 4598.93
6.36 4570.44
6.361 4540.7
6.362 4509.62
6.363 4477.19
6.364 4443.39
6.365 4408.28
6.366 4371.94
6.367 4334.45
6.368 4295.88
6.369 4256.25
6.37 4215.56
6.371 4173.75
6.372 4130.75
6.373 4086.47
6.374 4040.82
6.375 3993.76
6.376 3945.29
6.377 3895.46
6.378 3844.34
6.379 3792.02
6.38 3738.59
6.381 3684.08
6.382 3628.52
6.383 3571.88
6.384 3514.09
6.385 3455.08
6.386 3394.8
6.387 3333.22
6.388 3270.36
6.389 3206.28
6.39 3141.1
6.391 3074.94
6.392 3007.93
6.393 2940.17
6.394 2871.73
6.395 2802.65
6.396 2732.93
6.397 2662.55
6.398 2591.52
6.399 2519.85
6.4 2447.6
6.401 2374.9
6.402 2301.88
6.403 2228.73
6.404 2155.59
6.405 2082.63
6.406 2009.95
6.407 1937.61
6.408 1865.63
6.409 1794
6.41 1722.72
6.411 1651.77
6.412 1581.17
6.413 1511.01
6.414 1441.36
6.415 1372.34
6.416 1304.07
6.417 1236.64
6.418 1170.08
6.419 1104.4
6.42 1039.56
6.421 975.472
6.422 912.046
6.423 849.209
6.424 786.898
6.425 725.112
6.426 663.864
6.427 603.222
6.428 543.235
6.429 483.967
6.43 425.426
6.431 367.607
6.432 310.434
6.433 253.832
6.434 197.682
6.435 141.904
6.436 86.4204
6.437 31.2211
6.438 -23.6885
6.439 -78.239
6.44 -132.374
6.441 -186.01
6.442 -239.118
6.443 -291.674
6.444 -343.731
6.445 -395.343
6.446 -446.613
6.447 -497.608
6.448 -548.402
6.449 -598.999
6.45 -649.39
6.451 -699.498
6.452 -749.255
6.453 -798.562
6.454 -847.371
6.455 -895.642
6.456 -943.407
6.457 -990.706
6.458 -1037.63
6.459 -1084.24
6.46 -1130.62
6.461 -1176.77
6.462 -1222.7
6.463 -1268.32
6.464 -1313.57
6.465 -1358.36
6.466 -1402.61
6.467 -1446.29
6.468 -1489.41
6.469 -1532.01
6.47 -1574.16
6.471 -1615.95
6.472 -1657.44
6.473 -1698.67
6.474 -1739.65
6.475 -1780.31
6.476 -1820.59
6.477 -1860.38
6.478 -1899.64
6.479 -1938.3
6.48 -1976.38
6.481 -2013.9
6.482 -2050.94
6.483 -2087.58
6.484 -2123.92
6.485 -2159.98
6.486 -2195.79
6.487 -2231.3
6.488 -2266.45
6.489 -2301.14
6.49 -2335.32
6.491 -2368.91
6.492 -2401.93
6.493 -2434.39
6.494 -2466.37
6.495 -2497.95
6.496 -2529.21
6.497 -2560.21
6.498 -2590.97
6.499 -2621.45
6.5 -2651.62
6.501 -2681.37
6.502 -2710.64
6.503 -2739.36
6.504 -2767.52
6.505 -2795.13
6.506 -2822.27
6.507 -2849.01
6.508 -2875.44
6.509 -2901.62
6.51 -2927.59
6.511 -2953.32
6.512 -2978.78
6.513 -3003.85
6.514 -3028.49
6.515 -3052.6
6.516 -3076.18
6.517 -3099.23
6.518 -3121.8
6.519 -3143.97
6.52 -3165.84
6.521 -3187.45
6.522 -3208.87
6.523 -3230.07
6.524 -3251.01
6.525 -3271.61
6.526 -3291.8
6.527 -3311.49
6.528 -3330.66
6.529 -3349.31
6.53 -3367.49
6.531 -3385.25
6.532 -3402.7
6.533 -3419.9
6.534 -3436.89
6.535 -3453.68
6.536 -3470.23
6.537 -3486.48
6.538 -3502.34
6.539 -3517.74
6.54 -3532.64
6.541 -3547.03
6.542 -3560.93
6.543 -3574.42
6.544 -3587.58
6.545 -3600.47
6.546 -3613.17
6.547 -3625.68
6.548 -3637.98
6.549 -3650
6.55 -3661.68
6.551 -3672.92
6.552 -3683.7
6.553 -3693.96
6.554 -3703.76
6.555 -3713.15
6.556 -3722.2
6.557 -3731
6.558 -3739.62
6.559 -3748.07
6.56 -3756.35
6.561 -3764.39
6.562 -3772.14
6.563 -3779.5
6.564 -3786.42
6.565 -3792.87
6.566 -3798.87
6.567 -3804.46
6.568 -3809.74
6.569 -3814.76
6.57 -3819.62
6.571 -3824.33
6.572 -3828.91
6.573 -3833.3
6.574 -3837.44
6.575 -3841.25
6.576 -3844.66
6.577 -3847.63
6.578 -3850.18
6.579 -3852.34
6.58 -3854.18
6.581 -3855.79
6.582 -3857.24
6.583 -3858.58
6.584 -3859.83
6.585 -3860.92
6.586 -3861.82
6.587 -3862.43
6.588 -3862.69
6.589 -3862.54
6.59 -3861.99
6.591 -3861.06
6.592 -3859.81
6.593 -3858.33
6.594 -3856.69
6.595 -3854.94
6.596 -3853.1
6.597 -3851.13
6.598 -3849
6.599 -3846.59
6.6 -3843.86
6.601 -3840.73
6.602 -3837.17
6.603 -3833.2
6.604 -3828.88
6.605 -3824.27
6.606 -3819.45
6.607 -3814.48
6.608 -3809.39
6.609 -3804.15
6.61 -3798.71
6.611 -3792.98
6.612 -3786.89
6.613 -3780.34
6.614 -3773.31
6.615 -3765.8
6.616 -3757.85
6.617 -3749.53
6.618 -3740.93
6.619 -3732.08
6.62 -3723.01
6.621 -3713.55
6.622 -3703.56
6.623 -3692.83
6.624 -3681.3
6.625 -3668.86
6.626 -3655.48
6.627 -3641.13
6.628 -3625.85
6.629 -3609.69
6.63 -3592.72
6.631 -3575.02
6.632 -3556.64
6.633 -3537.58
6.634 -3517.81
6.635 -3497.26
6.636 -3475.84
6.637 -3453.48
6.638 -3430.11
6.639 -3405.72
6.64 -3380.34
6.641 -3354.03
6.642 -3326.89
6.643 -3299.01
6.644 -3270.46
6.645 -3241.25
6.646 -3211.37
6.647 -3180.77
6.648 -3149.36
6.649 -3117.07
6.65 -3083.85
6.651 -3049.68
6.652 -3014.61
6.653 -2978.69
6.654 -2942.04
6.655 -2904.74
6.656 -2866.88
6.657 -2828.49
6.658 -2789.58
6.659 -2750.1
6.66 -2709.99
6.661 -2669.18
6.662 -2627.62
6.663 -2585.3
6.664 -2542.25
6.665 -2498.55
6.666 -2454.29
6.667 -2409.58
6.668 -2364.52
6.669 -2319.18
6.67 -2273.57
6.671 -2227.68
6.672 -2181.46
6.673 -2134.87
6.674 -2087.86
6.675 -2040.43
6.676 -1992.62
6.677 -1944.5
6.678 -1896.2
6.679 -1847.84
6.68 -1799.54
6.681 -1751.39
6.682 -1703.45
6.683 -1655.71
6.684 -1608.15
6.685 -1560.73
6.686 -1513.43
6.687 -1466.23
6.688 -1419.17
6.689 -1372.32
6.69 -1325.81
6.691 -1279.75
6.692 -1234.27
6.693 -1189.45
6.694 -1145.35
6.695 -1101.98
6.696 -1059.3
6.697 -1017.27
6.698 -975.821
6.699 -934.929
6.7 -894.599
6.701 -854.867
6.702 -815.812
6.703 -777.525
6.704 -740.103
6.705 -703.613
6.706 -668.091
6.707 -633.518
6.708 -599.849
6.709 -566.996
6.71 -534.884
6.711 -503.434
6.712 -472.617
6.713 -442.429
6.714 -412.921
6.715 -384.153
6.716 -356.208
6.717 -329.137
6.718 -302.973
6.719 -277.691
6.72 -253.24
6.721 -229.523
6.722 -206.448
6.723 -183.922
6.724 -161.897
6.725 -140.353
6.726 -119.33
6.727 -98.8788
6.728 -79.0814
6.729 -59.9921
6.73 -41.6532
6.731 -24.0466
6.732 -7.12849
6.733 9.19307
6.734 25.0064
6.735 40.4081
6.736 55.4498
6.737 70.1586
6.738 84.5024
6.739 98.4311
6.74 111.861
6.741 124.729
6.742 136.976
6.743 148.604
6.744 159.637
6.745 170.154
6.746 180.238
6.747 189.981
6.748 199.44
6.749 208.645
6.75 217.571
6.751 226.161
6.752 234.319
6.753 241.967
6.754 249.033
6.755 255.501
6.756 261.381
6.757 266.739
6.758 271.65
6.759 276.204
6.76 280.459
6.761 284.441
6.762 288.114
6.763 291.419
6.764 294.258
6.765 296.545
6.766 298.199
6.767 299.187
6.768 299.508
6.769 299.212
6.77 298.367
6.771 297.053
6.772 295.321
6.773 293.202
6.774 290.673
6.775 287.682
6.776 284.136
6.777 279.947
6.778 275.027
6.779 269.334
6.78 262.853
6.781 255.629
6.782 247.727
6.783 239.214
6.784 230.129
6.785 220.496
6.786 210.306
6.787 199.518
6.788 188.048
6.789 175.809
6.79 162.715
6.791 148.721
6.792 133.824
6.793 118.064
6.794 101.509
6.795 84.2478
6.796 66.3552
6.797 47.886
6.798 28.8481
6.799 9.21361
6.8 -11.0862
6.801 -32.1252
6.802 -53.975
6.803 -76.6794
6.804 -100.25
6.805 -124.65
6.806 -149.815
6.807 -175.654
6.808 -202.085
6.809 -229.042
6.81 -256.499
6.811 -284.468
6.812 -312.995
6.813 -342.149
6.814 -372
6.815 -402.596
6.816 -433.955
6.817 -466.049
6.818 -498.814
6.819 -532.162
6.82 -566
6.821 -600.255
6.822 -634.886
6.823 -669.893
6.824 -705.313
6.825 -741.208
6.826 -777.645
6.827 -814.678
6.828 -852.326
6.829 -890.567
6.83 -929.341
6.831 -968.563
6.832 -1008.14
6.833 -1048
6.834 -1088.07
6.835 -1128.35
6.836 -1168.85
6.837 -1209.62
6.838 -1250.72
6.839 -1292.19
6.84 -1334.06
6.841 -1376.31
6.842 -1418.88
6.843 -1461.7
6.844 -1504.65
6.845 -1547.64
6.846 -1590.59
6.847 -1633.46
6.848 -1676.26
6.849 -1719.01
6.85 -1761.76
6.851 -1804.56
6.852 -1847.42
6.853 -1890.34
6.854 -1933.26
6.855 -1976.09
6.856 -2018.73
6.857 -2061.07
6.858 -2103.02
6.859 -2144.54
6.86 -2185.61
6.861 -2226.26
6.862 -2266.55
6.863 -2306.52
6.864 -2346.21
6.865 -2385.63
6.866 -2424.73
6.867 -2463.47
6.868 -2501.74
6.869 -2539.45
6.87 -2576.53
6.871 -2612.95
6.872 -2648.69
6.873 -2683.8
6.874 -2718.34
6.875 -2752.4
6.876 -2786.02
6.877 -2819.25
6.878 -2852.08
6.879 -2884.48
6.88 -2916.38
6.881 -2947.7
6.882 -2978.39
6.883 -3008.42
6.884 -3037.8
6.885 -3066.56
6.886 -3094.8
6.887 -3122.59
6.888 -3150.01
6.889 -3177.11
6.89 -3203.92
6.891 -3230.42
6.892 -3256.55
6.893 -3282.25
6.894 -3307.47
6.895 -3332.17
6.896 -3356.36
6.897 -3380.06
6.898 -3403.36
6.899 -3426.34
6.9 -3449.08
6.901 -3471.64
6.902 -3494.05
6.903 -3516.3
6.904 -3538.35
6.905 -3560.12
6.906 -3581.56
6.907 -3602.61
6.908 -3623.28
6.909 -3643.57
6.91 -3663.56
6.911 -3683.32
6.912 -3702.94
6.913 -3722.46
6.914 -3741.94
6.915 -3761.36
6.916 -3780.67
6.917 -3799.82
6.918 -3818.73
6.919 -3837.35
6.92 -3855.65
6.921 -3873.65
6.922 -3891.39
6.923 -3908.95
6.924 -3926.41
6.925 -3943.8
6.926 -3961.19
6.927 -3978.57
6.928 -3995.92
6.929 -4013.16
6.93 -4030.21
6.931 -4046.95
6.932 -4063.38
6.933 -4079.51
6.934 -4095.4
6.935 -4111.1
6.936 -4126.68
6.937 -4142.13
6.938 -4157.58
6.939 -4173.03
6.94 -4188.46
6.941 -4203.77
6.942 -4218.92
6.943 -4233.82
6.944 -4248.45
6.945 -4262.77
6.946 -4276.82
6.947 -4290.59
6.948 -4304.1
6.949 -4317.53
6.95 -4330.95
6.951 -4344.32
6.952 -4355.81
6.953 -4366.59
6.954 -4376.25
6.955 -4383.49
6.956 -4390.5
6.957 -4397.26
6.958 -4403.77
6.959 -4410.09
6.96 -4416.28
6.961 -4422.41
6.962 -4428.53
6.963 -4434.66
6.964 -4440.77
6.965 -4446.82
6.966 -4452.75
6.967 -4458.46
6.968 -4463.9
6.969 -4469.02
6.97 -4473.84
6.971 -4478.37
6.972 -4482.69
6.973 -4486.83
6.974 -4490.87
6.975 -4494.82
6.976 -4498.68
6.977 -4502.41
6.978 -4505.95
6.979 -4509.22
6.98 -4512.14
6.981 -4514.67
6.982 -4516.78
6.983 -4518.49
6.984 -4519.86
6.985 -4520.93
6.986 -4521.78
6.987 -4522.44
6.988 -4522.91
6.989 -4523.17
6.99 -4523.15
6.991 -4522.76
6.992 -4521.94
6.993 -4520.61
6.994 -4518.76
6.995 -4516.39
6.996 -4513.54
6.997 -4510.28
6.998 -4506.68
6.999 -4502.77
7 -4498.57
7.001 -4494.05
7.002 -4489.16
7.003 -4483.82
7.004 -4477.94
7.005 -4471.46
7.006 -4464.35
7.007 -4456.6
7.008 -4448.25
7.009 -4439.36
7.01 -4429.99
7.011 -4420.18
7.012 -4409.98
7.013 -4399.33
7.014 -4387.94
7.015 -4375.43
7.016 -4361.61
7.017 -4346.4
7.018 -4329.75
7.019 -4311.63
7.02 -4292.06
7.021 -4271.08
7.022 -4248.77
7.023 -4225.18
7.024 -4200.35
7.025 -4174.26
7.026 -4146.89
7.027 -4118.14
7.028 -4087.94
7.029 -4056.2
7.03 -4022.88
7.031 -3987.95
7.032 -3951.46
7.033 -3913.47
7.034 -3874.04
7.035 -3833.25
7.036 -3791.14
7.037 -3747.71
7.038 -3702.95
7.039 -3656.79
7.04 -3609.15
7.041 -3559.98
7.042 -3509.22
7.043 -3456.89
7.044 -3403.01
7.045 -3347.65
7.046 -3290.89
7.047 -3232.82
7.048 -3173.49
7.049 -3112.94
7.05 -3051.18
7.051 -2988.18
7.052 -2923.91
7.053 -2858.34
7.054 -2791.46
7.055 -2723.31
7.056 -2653.96
7.057 -2583.5
7.058 -2512.08
7.059 -2439.84
7.06 -2366.9
7.061 -2293.37
7.062 -2219.33
7.063 -2144.84
7.064 -2069.94
7.065 -1994.65
7.066 -1919.04
7.067 -1843.19
7.068 -1767.21
7.069 -1691.24
7.07 -1615.47
7.071 -1540.05
7.072 -1465.15
7.073 -1390.88
7.074 -1317.33
7.075 -1244.54
7.076 -1172.54
7.077 -1101.32
7.078 -1030.89
7.079 -961.258
7.08 -892.48
7.081 -824.601
7.082 -757.701
7.083 -691.844
7.084 -627.107
7.085 -563.51
7.086 -501.07
7.087 -439.735
7.088 -379.451
7.089 -320.122
7.09 -261.68
7.091 -204.035
7.092 -147.153
7.093 -91.0036
7.094 -35.6165
7.095 18.9954
7.096 72.7848
7.097 125.755
7.098 177.9
7.099 229.284
7.1 279.961
7.101 330.044
7.102 379.614
7.103 428.769
7.104 477.538
7.105 525.952
7.106 573.972
7.107 621.576
7.108 668.696
7.109 715.316
7.11 761.407
7.111 807.014
7.112 852.176
7.113 896.989
7.114 941.513
7.115 985.835
7.116 1029.98
7.117 1073.96
7.118 1117.74
7.119 1161.29
7.12 1204.52
7.121 1247.4
7.122 1289.89
7.123 1332.01
7.124 1373.78
7.125 1415.29
7.126 1456.57
7.127 1497.72
7.128 1538.76
7.129 1579.71
7.13 1620.53
7.131 1661.18
7.132 1701.57
7.133 1741.67
7.134 1781.41
7.135 1820.82
7.136 1859.89
7.137 1898.7
7.138 1937.3
7.139 1975.77
7.14 2014.14
7.141 2052.44
7.142 2090.63
7.143 2128.68
7.144 2166.5
7.145 2204.07
7.146 2241.3
7.147 2278.21
7.148 2314.79
7.149 2351.11
7.15 2387.21
7.151 2423.2
7.152 2459.1
7.153 2494.96
7.154 2530.75
7.155 2566.46
7.156 2602
7.157 2637.32
7.158 2672.36
7.159 2707.11
7.16 2741.57
7.161 2775.8
7.162 2809.86
7.163 2843.85
7.164 2877.8
7.165 2911.77
7.166 2945.74
7.167 2979.69
7.168 3013.56
7.169 3047.28
7.17 3080.78
7.171 3114.07
7.172 3147.13
7.173 3180.04
7.174 3212.83
7.175 3245.61
7.176 3278.41
7.177 3311.3
7.178 3344.26
7.179 3377.28
7.18 3410.29
7.181 3443.24
7.182 3476.07
7.183 3508.76
7.184 3541.3
7.185 3573.72
7.186 3606.08
7.187 3638.47
7.188 3670.92
7.189 3703.5
7.19 3736.2
7.191 3769.01
7.192 3801.87
7.193 3834.73
7.194 3867.49
7.195 3900.15
7.196 3932.66
7.197 3965.06
7.198 3997.39
7.199 4029.73
7.2 4062.12
7.201 4094.61
7.202 4127.19
7.203 4159.85
7.204 4192.51
7.205 4225.12
7.206 4257.59
7.207 4289.9
7.208 4322
7.209 4353.91
7.21 4385.67
7.211 4417.32
7.212 4448.88
7.213 4480.4
7.214 4511.86
7.215 4543.28
7.216 4574.57
7.217 4605.71
7.218 4636.59
7.219 4667.2
7.22 4697.47
7.221 4727.4
7.222 4756.97
7.223 4786.23
7.224 4815.19
7.225 4843.93
7.226 4872.44
7.227 4900.74
7.228 4928.77
7.229 4956.52
7.23 4983.9
7.231 5010.83
7.232 5037.24
7.233 5063.1
7.234 5088.41
7.235 5113.21
7.236 5137.55
7.237 5161.5
7.238 5185.08
7.239 5208.34
7.24 5231.22
7.241 5253.69
7.242 5275.64
7.243 5297.01
7.244 5317.73
7.245 5337.78
7.246 5357.16
7.247 5375.94
7.248 5394.15
7.249 5411.9
7.25 5429.2
7.251 5446.1
7.252 5462.55
7.253 5478.55
7.254 5493.99
7.255 5508.83
7.256 5522.99
7.257 5536.48
7.258 5549.27
7.259 5561.45
7.26 5573.04
7.261 5584.14
7.262 5594.8
7.263 5605.07
7.264 5614.92
7.265 5624.35
7.266 5633.27
7.267 5641.64
7.268 5649.38
7.269 5656.48
7.27 5662.92
7.271 5668.77
7.272 5674.08
7.273 5678.95
7.274 5683.42
7.275 5687.56
7.276 5691.34
7.277 5694.78
7.278 5697.77
7.279 5700.29
7.28 5702.24
7.281 5703.62
7.282 5704.43
7.283 5704.72
7.284 5704.53
7.285 5703.96
7.286 5703.06
7.287 5701.89
7.288 5700.43
7.289 5698.69
7.29 5696.59
7.291 5694.09
7.292 5691.14
7.293 5687.73
7.294 5683.82
7.295 5679.47
7.296 5674.71
7.297 5669.62
7.298 5664.25
7.299 5658.66
7.3 5652.84
7.301 5646.81
7.302 5640.52
7.303 5633.93
7.304 5626.98
7.305 5619.62
7.306 5611.83
7.307 5603.64
7.308 5595.07
7.309 5586.18
7.31 5577.04
7.311 5567.7
7.312 5558.19
7.313 5548.5
7.314 5538.61
7.315 5528.45
7.316 5517.96
7.317 5507.1
7.318 5495.82
7.319 5484.13
7.32 5472.05
7.321 5459.65
7.322 5446.97
7.323 5434.07
7.324 5420.96
7.325 5407.67
7.326 5394.14
7.327 5380.33
7.328 5366.17
7.329 5351.59
7.33 5336.56
7.331 5321.05
7.332 5305.06
7.333 5288.65
7.334 5271.85
7.335 5254.72
7.336 5237.25
7.337 5219.44
7.338 5201.04
7.339 5181.87
7.34 5160.75
7.341 5137.93
7.342 5113.33
7.343 5086.76
7.344 5058.18
7.345 5027.64
7.346 4995.14
7.347 4960.74
7.348 4924.47
7.349 4886.36
7.35 4846.37
7.351 4804.48
7.352 4760.59
7.353 4714.64
7.354 4666.54
7.355 4616.24
7.356 4563.71
7.357 4508.94
7.358 4451.97
7.359 4392.84
7.36 4331.57
7.361 4268.2
7.362 4202.69
7.363 4135.01
7.364 4065.09
7.365 3992.86
7.366 3918.24
7.367 3841.18
7.368 3761.66
7.369 3679.69
7.37 3595.31
7.371 3508.61
7.372 3419.68
7.373 3328.6
7.374 3235.46
7.375 3140.32
7.376 3043.22
7.377 2944.2
7.378 2843.31
7.379 2740.63
7.38 2636.27
7.381 2530.41
7.382 2423.27
7.383 2315.1
7.384 2206.17
7.385 2096.74
7.386 1987.05
7.387 1877.31
7.388 1767.66
7.389 1658.27
7.39 1549.21
7.391 1440.62
7.392 1332.61
7.393 1225.32
7.394 1118.89
7.395 1013.49
7.396 909.249
7.397 806.311
7.398 704.718
7.399 604.538
7.4 505.707
7.401 408.205
7.402 311.907
7.403 216.763
7.404 122.65
7.405 29.5611
7.406 -62.5752
7.407 -153.705
7.408 -243.859
7.409 -332.964
7.41 -421.067
7.411 -508.133
7.412 -594.263
7.413 -679.475
7.414 -763.91
7.415 -847.596
7.416 -930.654
7.417 -1013.06
7.418 -1094.86
7.419 -1175.97
7.42 -1256.37
7.421 -1335.94
7.422 -1414.68
7.423 -1492.48
7.424 -1569.41
7.425 -1645.44
7.426 -1720.67
7.427 -1795.09
7.428 -1868.8
7.429 -1941.76
7.43 -2014.01
7.431 -2085.43
7.432 -2155.98
7.433 -2225.53
7.434 -2294.06
7.435 -2361.45
7.436 -2427.76
7.437 -2492.93
7.438 -2557.07
7.439 -2620.18
7.44 -2682.36
7.441 -2743.57
7.442 -2803.85
7.443 -2863.1
7.444 -2921.29
7.445 -2978.3
7.446 -3034.11
7.447 -3088.63
7.448 -3141.89
7.449 -3193.88
7.45 -3244.7
7.451 -3294.34
7.452 -3342.91
7.453 -3390.4
7.454 -3436.87
7.455 -3482.22
7.456 -3526.49
7.457 -3569.54
7.458 -3611.38
7.459 -3651.92
7.46 -3691.21
7.461 -3729.21
7.462 -3766.03
7.463 -3801.68
7.464 -3836.29
7.465 -3869.84
7.466 -3902.43
7.467 -3933.99
7.468 -3964.55
7.469 -3994.01
7.47 -4022.37
7.471 -4049.54
7.472 -4075.57
7.473 -4100.41
7.474 -4124.18
7.475 -4146.9
7.476 -4168.69
7.477 -4189.55
7.478 -4209.6
7.479 -4228.76
7.48 -4247.09
7.481 -4264.48
7.482 -4280.94
7.483 -4296.38
7.484 -4310.83
7.485 -4324.25
7.486 -4336.75
7.487 -4348.34
7.488 -4359.13
7.489 -4369.15
7.49 -4378.48
7.491 -4387.1
7.492 -4395.05
7.493 -4402.23
7.494 -4408.66
7.495 -4414.23
7.496 -4418.97
7.497 -4422.84
7.498 -4425.89
7.499 -4428.16
7.5 -4429.74
7.501 -4430.68
7.502 -4431.06
7.503 -4430.88
7.504 -4430.16
7.505 -4428.83
7.506 -4426.87
7.507 -4424.19
7.508 -4420.79
7.509 -4416.6
7.51 -4411.7
7.511 -4406.09
7.512 -4399.88
7.513 -4393.11
7.514 -4385.87
7.515 -4378.14
7.516 -4369.95
7.517 -4361.23
7.518 -4351.95
7.519 -4342.02
7.52 -4331.4
7.521 -4320.05
7.522 -4308.01
7.523 -4295.28
7.524 -4281.95
7.525 -4268.05
7.526 -4253.67
7.527 -4238.79
7.528 -4223.44
7.529 -4207.54
7.53 -4191.06
7.531 -4173.89
7.532 -4155.97
7.533 -4137.03
7.534 -4116.79
7.535 -4094.59
7.536 -4070.5
7.537 -4044.54
7.538 -4016.78
7.539 -3987.21
7.54 -3955.84
7.541 -3922.6
7.542 -3887.4
7.543 -3850.16
7.544 -3810.8
7.545 -3769.25
7.546 -3725.52
7.547 -3679.59
7.548 -3631.54
7.549 -3581.38
7.55 -3529.16
7.551 -3474.89
7.552 -3418.53
7.553 -3360.02
7.554 -3299.26
7.555 -3236.16
7.556 -3170.64
7.557 -3102.62
7.558 -3032.08
7.559 -2959.02
7.56 -2883.47
7.561 -2805.48
7.562 -2725.1
7.563 -2642.36
7.564 -2557.26
7.565 -2469.78
7.566 -2379.88
7.567 -2287.52
7.568 -2192.7
7.569 -2095.42
7.57 -1995.77
7.571 -1893.87
7.572 -1789.91
7.573 -1684.07
7.574 -1576.59
7.575 -1467.67
7.576 -1357.52
7.577 -1246.29
7.578 -1134.17
7.579 -1021.3
7.58 -907.859
7.581 -794.03
7.582 -680.066
7.583 -566.2
7.584 -452.713
7.585 -339.837
7.586 -227.829
7.587 -116.859
7.588 -7.09945
7.589 101.382
7.59 208.504
7.591 314.265
7.592 418.6
7.593 521.531
7.594 623.002
7.595 723.025
7.596 821.527
7.597 918.519
7.598 1013.94
7.599 1107.82
7.6 1200.15
7.601 1291.01
7.602 1380.41
7.603 1468.47
7.604 1555.21
7.605 1640.75
7.606 1725.06
7.607 1808.21
7.608 1890.12
7.609 1970.81
7.61 2050.19
7.611 2128.27
7.612 2204.98
7.613 2280.37
7.614 2354.41
7.615 2427.19
7.616 2498.69
7.617 2568.99
7.618 2638.06
7.619 2705.93
7.62 2772.5
7.621 2837.79
7.622 2901.69
7.623 2964.21
7.624 3025.25
7.625 3084.86
7.626 3143.01
7.627 3199.77
7.628 3255.15
7.629 3309.21
7.63 3361.95
7.631 3413.42
7.632 3463.55
7.633 3512.39
7.634 3559.83
7.635 3605.89
7.636 3650.49
7.637 3693.69
7.638 3735.46
7.639 3775.89
7.64 3814.98
7.641 3852.85
7.642 3889.51
7.643 3925.03
7.644 3959.38
7.645 3992.58
7.646 4024.57
7.647 4055.36
7.648 4084.88
7.649 4113.19
7.65 4140.25
7.651 4166.18
7.652 4190.99
7.653 4214.8
7.654 4237.63
7.655 4259.56
7.656 4280.57
7.657 4300.68
7.658 4319.83
7.659 4338.03
7.66 4355.21
7.661 4371.43
7.662 4386.64
7.663 4400.96
7.664 4414.39
7.665 4427.04
7.666 4438.94
7.667 4450.15
7.668 4460.67
7.669 4470.5
7.67 4479.6
7.671 4487.96
7.672 4495.51
7.673 4502.27
7.674 4508.22
7.675 4513.43
7.676 4517.91
7.677 4521.75
7.678 4524.98
7.679 4527.66
7.68 4529.79
7.681 4531.37
7.682 4532.34
7.683 4532.68
7.684 4532.33
7.685 4531.29
7.686 4529.52
7.687 4527.08
7.688 4523.97
7.689 4520.28
7.69 4516.02
7.691 4511.27
7.692 4506.01
7.693 4500.25
7.694 4493.92
7.695 4487.02
7.696 4479.45
7.697 4471.22
7.698 4462.27
7.699 4452.66
7.7 4442.37
7.701 4431.49
7.702 4420.03
7.703 4408.06
7.704 4395.56
7.705 4382.54
7.706 4368.95
7.707 4354.76
7.708 4339.88
7.709 4324.28
7.71 4307.86
7.711 4290.33
7.712 4271.31
7.713 4250.72
7.714 4228.57
7.715 4204.93
7.716 4179.79
7.717 4153.15
7.718 4124.95
7.719 4095.15
7.72 4063.69
7.721 4030.53
7.722 3995.65
7.723 3959.05
7.724 3920.75
7.725 3880.82
7.726 3839.29
7.727 3796.21
7.728 3751.59
7.729 3705.44
7.73 3657.7
7.731 3608.35
7.732 3557.34
7.733 3504.62
7.734 3450.17
7.735 3394.01
7.736 3336.15
7.737 3276.65
7.738 3215.56
7.739 3152.93
7.74 3088.81
7.741 3023.2
7.742 2956.1
7.743 2887.5
7.744 2817.37
7.745 2745.68
7.746 2672.46
7.747 2597.73
7.748 2521.55
7.749 2444.05
7.75 2365.32
7.751 2285.5
7.752 2204.69
7.753 2122.99
7.754 2040.47
7.755 1957.21
7.756 1873.26
7.757 1788.7
7.758 1703.61
7.759 1618.13
7.76 1532.41
7.761 1446.61
7.762 1360.91
7.763 1275.5
7.764 1190.52
7.765 1106.13
7.766 1022.41
7.767 939.453
7.768 857.294
7.769 775.991
7.77 695.571
7.771 616.098
7.772 537.61
7.773 460.201
7.774 383.925
7.775 308.874
7.776 235.075
7.777 162.574
7.778 91.3314
7.779 21.3315
7.78 -47.5213
7.781 -115.277
7.782 -182.042
7.783 -247.846
7.784 -312.754
7.785 -376.745
7.786 -439.844
7.787 -502.004
7.788 -563.249
7.789 -623.554
7.79 -682.983
7.791 -741.559
7.792 -799.39
7.793 -856.52
7.794 -913.057
7.795 -969.018
7.796 -1024.47
7.797 -1079.36
7.798 -1133.72
7.799 -1187.46
7.8 -1240.6
7.801 -1293.07
7.802 -1344.9
7.803 -1396.1
7.804 -1446.74
7.805 -1496.85
7.806 -1546.5
7.807 -1595.72
7.808 -1644.54
7.809 -1692.91
7.81 -1740.85
7.811 -1788.26
7.812 -1835.12
7.813 -1881.35
7.814 -1926.98
7.815 -1971.97
7.816 -2016.39
7.817 -2060.26
7.818 -2103.67
7.819 -2146.61
7.82 -2189.13
7.821 -2231.18
7.822 -2272.76
7.823 -2313.76
7.824 -2354.18
7.825 -2393.92
7.826 -2432.99
7.827 -2471.38
7.828 -2509.13
7.829 -2546.26
7.83 -2582.86
7.831 -2618.93
7.832 -2654.52
7.833 -2689.6
7.834 -2724.16
7.835 -2758.12
7.836 -2791.47
7.837 -2824.12
7.838 -2856.09
7.839 -2887.33
7.84 -2917.92
7.841 -2947.86
7.842 -2977.26
7.843 -3006.12
7.844 -3034.51
7.845 -3062.41
7.846 -3089.82
7.847 -3116.67
7.848 -3142.96
7.849 -3168.58
7.85 -3193.57
7.851 -3217.89
7.852 -3241.6
7.853 -3264.74
7.854 -3287.39
7.855 -3309.58
7.856 -3331.39
7.857 -3352.79
7.858 -3373.81
7.859 -3394.37
7.86 -3414.48
7.861 -3434.05
7.862 -3453.11
7.863 -3471.62
7.864 -3489.64
7.865 -3507.2
7.866 -3524.39
7.867 -3541.23
7.868 -3557.8
7.869 -3574.08
7.87 -3590.12
7.871 -3605.84
7.872 -3621.24
7.873 -3636.26
7.874 -3650.89
7.875 -3665.1
7.876 -3678.94
7.877 -3692.42
7.878 -3705.63
7.879 -3718.61
7.88 -3731.42
7.881 -3744.05
7.882 -3756.55
7.883 -3768.85
7.884 -3780.94
7.885 -3792.74
7.886 -3804.26
7.887 -3815.46
7.888 -3826.36
7.889 -3836.99
7.89 -3847.41
7.891 -3857.66
7.892 -3867.8
7.893 -3877.82
7.894 -3887.77
7.895 -3897.57
7.896 -3907.24
7.897 -3916.68
7.898 -3925.9
7.899 -3934.84
7.9 -3943.53
7.901 -3951.97
7.902 -3960.22
7.903 -3968.3
7.904 -3976.29
7.905 -3984.19
7.906 -3992.02
7.907 -3999.75
7.908 -4007.36
7.909 -4014.79
7.91 -4022.01
7.911 -4028.97
7.912 -4035.69
7.913 -4042.14
7.914 -4048.4
7.915 -4054.48
7.916 -4060.46
7.917 -4066.34
7.918 -4072.15
7.919 -4077.88
7.92 -4083.5
7.921 -4088.94
7.922 -4094.17
7.923 -4099.13
7.924 -4103.83
7.925 -4108.25
7.926 -4112.44
7.927 -4116.43
7.928 -4120.29
7.929 -4124.03
7.93 -4127.7
7.931 -4131.25
7.932 -4134.68
7.933 -4137.9
7.934 -4140.89
7.935 -4143.57
7.936 -4145.96
7.937 -4148.03
7.938 -4149.83
7.939 -4151.38
7.94 -4152.75
7.941 -4153.94
7.942 -4154.99
7.943 -4155.86
7.944 -4156.54
7.945 -4156.95
7.946 -4157.06
7.947 -4156.81
7.948 -4156.18
7.949 -4155.16
7.95 -4153.78
7.951 -4152.05
7.952 -4150.02
7.953 -4147.68
7.954 -4145.07
7.955 -4142.17
7.956 -4138.96
7.957 -4135.38
7.958 -4131.39
7.959 -4126.93
7.96 -4121.97
7.961 -4116.48
7.962 -4110.46
7.963 -4103.91
7.964 -4096.87
7.965 -4089.36
7.966 -4081.4
7.967 -4072.97
7.968 -4064.07
7.969 -4054.63
7.97 -4044.6
7.971 -4033.92
7.972 -4022.5
7.973 -4010.07
7.974 -3996.3
7.975 -3981.04
7.976 -3964.3
7.977 -3946.08
7.978 -3926.39
7.979 -3905.19
7.98 -3882.44
7.981 -3858.08
7.982 -3832.05
7.983 -3804.25
7.984 -3774.64
7.985 -3743.16
7.986 -3709.78
7.987 -3674.49
7.988 -3637.3
7.989 -3598.22
7.99 -3557.25
7.991 -3514.38
7.992 -3469.6
7.993 -3422.86
7.994 -3374.1
7.995 -3323.25
7.996 -3270.25
7.997 -3215.04
7.998 -3157.6
7.999 -3097.92
8 -3036.01
8.001 -2971.91
8.002 -2905.66
8.003 -2837.3
8.004 -2766.81
8.005 -2694.21
8.006 -2619.44
8.007 -2542.48
8.008 -2463.31
8.009 -2381.92
8.01 -2298.35
8.011 -2212.68
8.012 -2125.05
8.013 -2035.59
8.014 -1944.46
8.015 -1851.78
8.016 -1757.7
8.017 -1662.34
8.018 -1565.8
8.019 -1468.2
8.02 -1369.65
8.021 -1270.31
8.022 -1170.39
8.023 -1070.07
8.024 -969.602
8.025 -869.207
8.026 -769.12
8.027 -669.523
8.028 -570.595
8.029 -472.446
8.03 -375.187
8.031 -278.877
8.032 -183.613
8.033 -89.4356
8.034 3.56163
8.035 95.3324
8.036 185.772
8.037 274.842
8.038 362.453
8.039 448.606
8.04 533.267
8.041 616.488
8.042 698.278
8.043 778.732
8.044 857.879
8.045 935.813
8.046 1012.54
8.047 1088.1
8.048 1162.47
8.049 1235.66
8.05 1307.61
8.051 1378.35
8.052 1447.83
8.053 1516.11
8.054 1583.2
8.055 1649.17
8.056 1714.03
8.057 1777.87
8.058 1840.67
8.059 1902.46
8.06 1963.17
8.061 2022.83
8.062 2081.33
8.063 2138.7
8.064 2194.87
8.065 2249.87
8.066 2303.68
8.067 2356.38
8.068 2407.95
8.069 2458.47
8.07 2507.93
8.071 2556.36
8.072 2603.72
8.073 2650.03
8.074 2695.2
8.075 2739.25
8.076 2782.09
8.077 2823.78
8.078 2864.27
8.079 2903.66
8.08 2941.93
8.081 2979.17
8.082 3015.4
8.083 3050.68
8.084 3084.97
8.085 3118.28
8.086 3150.55
8.087 3181.78
8.088 3211.92
8.089 3240.98
8.09 3268.96
8.091 3295.93
8.092 3321.9
8.093 3346.98
8.094 3371.18
8.095 3394.56
8.096 3417.1
8.097 3438.81
8.098 3459.64
8.099 3479.58
8.1 3498.58
8.101 3516.67
8.102 3533.83
8.103 3550.13
8.104 3565.6
8.105 3580.32
8.106 3594.31
8.107 3607.63
8.108 3620.27
8.109 3632.24
8.11 3643.5
8.111 3654.03
8.112 3663.78
8.113 3672.78
8.114 3681
8.115 3688.51
8.116 3695.31
8.117 3701.5
8.118 3707.09
8.119 3712.15
8.12 3716.66
8.121 3720.64
8.122 3724.03
8.123 3726.84
8.124 3729.01
8.125 3730.53
8.126 3731.39
8.127 3731.63
8.128 3731.27
8.129 3730.37
8.13 3728.96
8.131 3727.1
8.132 3724.77
8.133 3722.01
8.134 3718.74
8.135 3714.97
8.136 3710.64
8.137 3705.72
8.138 3700.21
8.139 3694.12
8.14 3687.48
8.141 3680.34
8.142 3672.72
8.143 3664.67
8.144 3656.2
8.145 3647.31
8.146 3637.97
8.147 3628.14
8.148 3617.78
8.149 3606.86
8.15 3595.36
8.151 3583.28
8.152 3570.6
8.153 3557.2
8.154 3542.95
8.155 3527.79
8.156 3511.73
8.157 3494.79
8.158 3476.93
8.159 3458.12
8.16 3438.32
8.161 3417.48
8.162 3395.59
8.163 3372.65
8.164 3348.66
8.165 3323.69
8.166 3297.76
8.167 3270.94
8.168 3243.22
8.169 3214.64
8.17 3185.17
8.171 3154.77
8.172 3123.41
8.173 3091.04
8.174 3057.64
8.175 3023.21
8.176 2987.76
8.177 2951.33
8.178 2913.96
8.179 2875.71
8.18 2836.59
8.181 2796.64
8.182 2755.82
8.183 2714.1
8.184 2671.44
8.185 2627.8
8.186 2583.15
8.187 2537.48
8.188 2490.81
8.189 2443.17
8.19 2394.61
8.191 2345.18
8.192 2294.91
8.193 2243.84
8.194 2191.95
8.195 2139.23
8.196 2085.66
8.197 2031.21
8.198 1975.86
8.199 1919.64
8.2 1862.57
8.201 1804.73
8.202 1746.18
8.203 1687.02
8.204 1627.32
8.205 1567.16
8.206 1506.57
8.207 1445.59
8.208 1384.24
8.209 1322.53
8.21 1260.5
8.211 1198.19
8.212 1135.69
8.213 1073.11
8.214 1010.54
8.215 948.118
8.216 885.94
8.217 824.106
8.218 762.676
8.219 701.704
8.22 641.207
8.221 581.218
8.222 521.747
8.223 462.841
8.224 404.538
8.225 346.918
8.226 290.042
8.227 234.004
8.228 178.854
8.229 124.656
8.23 71.4155
8.231 19.1464
8.232 -32.1943
8.233 -82.6231
8.234 -132.196
8.235 -180.918
8.236 -228.82
8.237 -275.87
8.238 -322.065
8.239 -367.352
8.24 -411.727
8.241 -455.152
8.242 -497.656
8.243 -539.246
8.244 -579.99
8.245 -619.92
8.246 -659.117
8.247 -697.599
8.248 -735.415
8.249 -772.543
8.25 -808.991
8.251 -844.704
8.252 -879.676
8.253 -913.857
8.254 -947.271
8.255 -979.908
8.256 -1011.83
8.257 -1043.06
8.258 -1073.67
8.259 -1103.67
8.26 -1133.11
8.261 -1161.96
8.262 -1190.23
8.263 -1217.84
8.264 -1244.8
8.265 -1271.03
8.266 -1296.55
8.267 -1321.34
8.268 -1345.45
8.269 -1368.89
8.27 -1391.73
8.271 -1413.99
8.272 -1435.72
8.273 -1456.89
8.274 -1477.51
8.275 -1497.51
8.276 -1516.88
8.277 -1535.57
8.278 -1553.56
8.279 -1570.85
8.28 -1587.46
8.281 -1603.42
8.282 -1618.81
8.283 -1633.64
8.284 -1647.97
8.285 -1661.78
8.286 -1675.08
8.287 -1687.81
8.288 -1699.96
8.289 -1711.47
8.29 -1722.33
8.291 -1732.53
8.292 -1742.1
8.293 -1751.07
8.294 -1759.5
8.295 -1767.42
8.296 -1774.9
8.297 -1781.91
8.298 -1788.47
8.299 -1794.54
8.3 -1800.08
8.301 -1805.06
8.302 -1809.44
8.303 -1813.22
8.304 -1816.41
8.305 -1819.05
8.306 -1821.18
8.307 -1822.84
8.308 -1824.08
8.309 -1824.9
8.31 -1825.32
8.311 -1825.28
8.312 -1824.76
8.313 -1823.71
8.314 -1822.1
8.315 -1819.9
8.316 -1817.13
8.317 -1813.82
8.318 -1810
8.319 -1805.73
8.32 -1801.04
8.321 -1795.94
8.322 -1790.44
8.323 -1784.5
8.324 -1778.1
8.325 -1771.16
8.326 -1763.67
8.327 -1755.59
8.328 -1746.93
8.329 -1737.69
8.33 -1727.87
8.331 -1717.44
8.332 -1706.44
8.333 -1694.88
8.334 -1682.78
8.335 -1670.09
8.336 -1656.79
8.337 -1642.82
8.338 -1628.16
8.339 -1612.76
8.34 -1596.63
8.341 -1579.78
8.342 -1562.26
8.343 -1544.08
8.344 -1525.31
8.345 -1505.96
8.346 -1486.05
8.347 -1465.54
8.348 -1444.42
8.349 -1422.63
8.35 -1400.14
8.351 -1376.9
8.352 -1352.92
8.353 -1328.19
8.354 -1302.77
8.355 -1276.67
8.356 -1249.95
8.357 -1222.65
8.358 -1194.76
8.359 -1166.28
8.36 -1137.19
8.361 -1107.44
8.362 -1076.99
8.363 -1045.8
8.364 -1013.86
8.365 -981.177
8.366 -947.786
8.367 -913.725
8.368 -879.043
8.369 -843.775
8.37 -807.945
8.371 -771.551
8.372 -734.579
8.373 -696.993
8.374 -658.76
8.375 -619.848
8.376 -580.248
8.377 -539.969
8.378 -499.044
8.379 -457.525
8.38 -415.468
8.381 -372.927
8.382 -329.946
8.383 -286.547
8.384 -242.733
8.385 -198.49
8.386 -153.798
8.387 -108.644
8.388 -63.0281
8.389 -16.974
8.39 29.4693
8.391 76.2361
8.392 123.248
8.393 170.428
8.394 217.71
8.395 265.05
8.396 312.418
8.397 359.81
8.398 407.225
8.399 454.667
8.4 502.123
8.401 549.565
8.402 596.934
8.403 644.164
8.404 691.164
8.405 737.859
8.406 784.169
8.407 830.05
8.408 875.467
8.409 920.422
8.41 964.915
8.411 1008.97
8.412 1052.58
8.413 1095.76
8.414 1138.46
8.415 1180.64
8.416 1222.25
8.417 1263.22
8.418 1303.5
8.419 1343.08
8.42 1381.93
8.421 1420.08
8.422 1457.56
8.423 1494.42
8.424 1530.67
8.425 1566.36
8.426 1601.47
8.427 1636
8.428 1669.9
8.429 1703.15
8.43 1735.69
8.431 1767.54
8.432 1798.67
8.433 1829.12
8.434 1858.93
8.435 1888.16
8.436 1916.84
8.437 1945.03
8.438 1972.72
8.439 1999.92
8.44 2026.6
8.441 2052.72
8.442 2078.23
8.443 2103.13
8.444 2127.39
8.445 2151.05
8.446 2174.14
8.447 2196.71
8.448 2218.79
8.449 2240.45
8.45 2261.66
8.451 2282.46
8.452 2302.77
8.453 2322.59
8.454 2341.84
8.455 2360.52
8.456 2378.59
8.457 2396.08
8.458 2413
8.459 2429.42
8.46 2445.36
8.461 2460.87
8.462 2475.95
8.463 2490.6
8.464 2504.79
8.465 2518.48
8.466 2531.61
8.467 2544.16
8.468 2556.11
8.469 2567.45
8.47 2578.22
8.471 2588.44
8.472 2598.16
8.473 2607.42
8.474 2616.22
8.475 2624.57
8.476 2632.43
8.477 2639.78
8.478 2646.55
8.479 2652.72
8.48 2658.24
8.481 2663.13
8.482 2667.39
8.483 2671.06
8.484 2674.16
8.485 2676.74
8.486 2678.82
8.487 2680.4
8.488 2681.44
8.489 2681.93
8.49 2681.81
8.491 2681.03
8.492 2679.56
8.493 2677.39
8.494 2674.51
8.495 2670.97
8.496 2666.79
8.497 2662.02
8.498 2656.66
8.499 2650.75
8.5 2644.23
8.501 2637.1
8.502 2629.29
8.503 2620.76
8.504 2611.46
8.505 2601.3
8.506 2590.23
8.507 2578.25
8.508 2565.41
8.509 2551.73
8.51 2537.24
8.511 2521.96
8.512 2505.86
8.513 2488.94
8.514 2471.12
8.515 2452.37
8.516 2432.65
8.517 2411.94
8.518 2390.22
8.519 2367.53
8.52 2343.89
8.521 2319.35
8.522 2293.93
8.523 2267.66
8.524 2240.54
8.525 2212.53
8.526 2183.59
8.527 2153.69
8.528 2122.77
8.529 2090.82
8.53 2057.82
8.531 2023.79
8.532 1988.77
8.533 1952.79
8.534 1915.9
8.535 1878.11
8.536 1839.43
8.537 1799.85
8.538 1759.32
8.539 1717.81
8.54 1675.27
8.541 1631.68
8.542 1587.02
8.543 1541.31
8.544 1494.59
8.545 1446.9
8.546 1398.29
8.547 1348.8
8.548 1298.45
8.549 1247.23
8.55 1195.12
8.551 1142.12
8.552 1088.19
8.553 1033.33
8.554 977.547
8.555 920.884
8.556 863.399
8.557 805.168
8.558 746.273
8.559 686.79
8.56 626.782
8.561 566.296
8.562 505.358
8.563 443.992
8.564 382.211
8.565 320.046
8.566 257.54
8.567 194.763
8.568 131.8
8.569 68.7581
8.57 5.73915
8.571 -57.1512
8.572 -119.841
8.573 -182.261
8.574 -244.384
8.575 -306.18
8.576 -367.651
8.577 -428.773
8.578 -489.537
8.579 -549.893
8.58 -609.804
8.581 -669.195
8.582 -728.027
8.583 -786.229
8.584 -843.785
8.585 -900.665
8.586 -956.898
8.587 -1012.5
8.588 -1067.52
8.589 -1122
8.59 -1175.98
8.591 -1229.46
8.592 -1282.48
8.593 -1335
8.594 -1387.03
8.595 -1438.51
8.596 -1489.48
8.597 -1539.91
8.598 -1589.85
8.599 -1639.33
8.6 -1688.42
8.601 -1737.17
8.602 -1785.63
8.603 -1833.82
8.604 -1881.77
8.605 -1929.45
8.606 -1976.85
8.607 -2023.93
8.608 -2070.7
8.609 -2117.11
8.61 -2163.23
8.611 -2209.03
8.612 -2254.6
8.613 -2299.93
8.614 -2345.11
8.615 -2390.12
8.616 -2434.99
8.617 -2479.68
8.618 -2524.17
8.619 -2568.41
8.62 -2612.39
8.621 -2656.06
8.622 -2699.44
8.623 -2742.51
8.624 -2785.33
8.625 -2827.9
8.626 -2870.29
8.627 -2912.48
8.628 -2954.51
8.629 -2996.32
8.63 -3037.9
8.631 -3079.19
8.632 -3120.17
8.633 -3160.78
8.634 -3201.04
8.635 -3240.92
8.636 -3280.47
8.637 -3319.7
8.638 -3358.68
8.639 -3397.38
8.64 -3435.84
8.641 -3474.03
8.642 -3511.94
8.643 -3549.5
8.644 -3586.7
8.645 -3623.48
8.646 -3659.85
8.647 -3695.78
8.648 -3731.33
8.649 -3766.51
8.65 -3801.37
8.651 -3835.92
8.652 -3870.19
8.653 -3904.16
8.654 -3937.83
8.655 -3971.12
8.656 -4004.04
8.657 -4036.51
8.658 -4068.57
8.659 -4100.16
8.66 -4131.35
8.661 -4162.14
8.662 -4192.58
8.663 -4222.69
8.664 -4252.51
8.665 -4282.01
8.666 -4311.2
8.667 -4340.01
8.668 -4368.46
8.669 -4396.47
8.67 -4424.05
8.671 -4451.16
8.672 -4477.86
8.673 -4504.12
8.674 -4530.03
8.675 -4555.58
8.676 -4580.84
8.677 -4605.77
8.678 -4630.41
8.679 -4654.68
8.68 -4678.61
8.681 -4702.1
8.682 -4725.17
8.683 -4747.76
8.684 -4769.94
8.685 -4791.69
8.686 -4813.08
8.687 -4834.12
8.688 -4854.88
8.689 -4875.33
8.69 -4895.52
8.691 -4915.37
8.692 -4934.9
8.693 -4953.99
8.694 -4972.69
8.695 -4990.91
8.696 -5008.73
8.697 -5026.11
8.698 -5043.16
8.699 -5059.87
8.7 -5076.31
8.701 -5092.47
8.702 -5108.41
8.703 -5124.06
8.704 -5139.44
8.705 -5154.46
8.706 -5169.13
8.707 -5183.42
8.708 -5197.36
8.709 -5210.94
8.71 -5224.26
8.711 -5237.3
8.712 -5250.15
8.713 -5262.79
8.714 -5275.26
8.715 -5287.5
8.716 -5299.51
8.717 -5311.23
8.718 -5322.66
8.719 -5333.75
8.72 -5344.54
8.721 -5355.01
8.722 -5365.25
8.723 -5375.27
8.724 -5385.13
8.725 -5394.83
8.726 -5404.4
8.727 -5413.81
8.728 -5423.05
8.729 -5432.05
8.73 -5440.82
8.731 -5449.3
8.732 -5457.52
8.733 -5465.48
8.734 -5473.25
8.735 -5480.82
8.736 -5488.28
8.737 -5495.62
8.738 -5502.88
8.739 -5510.01
8.74 -5517.04
8.741 -5523.88
8.742 -5530.54
8.743 -5536.96
8.744 -5543.17
8.745 -5549.16
8.746 -5554.97
8.747 -5560.63
8.748 -5566.2
8.749 -5571.69
8.75 -5577.14
8.751 -5582.5
8.752 -5587.8
8.753 -5592.97
8.754 -5598
8.755 -5602.83
8.756 -5607.48
8.757 -5611.93
8.758 -5616.24
8.759 -5620.42
8.76 -5624.53
8.761 -5628.57
8.762 -5632.6
8.763 -5636.58
8.764 -5640.53
8.765 -5644.37
8.766 -5648.11
8.767 -5651.67
8.768 -5655.08
8.769 -5658.31
8.77 -5661.41
8.771 -5664.38
8.772 -5667.29
8.773 -5670.15
8.774 -5673
8.775 -5675.83
8.776 -5678.64
8.777 -5681.37
8.778 -5684.02
8.779 -5686.53
8.78 -5688.89
8.781 -5691.09
8.782 -5693.15
8.783 -5695.1
8.784 -5696.98
8.785 -5698.82
8.786 -5700.66
8.787 -5702.48
8.788 -5704.3
8.789 -5706.06
8.79 -5707.76
8.791 -5709.32
8.792 -5710.76
8.793 -5712.03
8.794 -5713.17
8.795 -5714.18
8.796 -5715.14
8.797 -5716.04
8.798 -5716.94
8.799 -5717.83
8.8 -5718.73
8.801 -5719.58
8.802 -5720.38
8.803 -5721.05
8.804 -5721.6
8.805 -5721.99
8.806 -5722.24
8.807 -5722.36
8.808 -5722.4
8.809 -5722.38
8.81 -5722.36
8.811 -5722.33
8.812 -5722.29
8.813 -5722.21
8.814 -5722.08
8.815 -5721.83
8.816 -5721.45
8.817 -5720.9
8.818 -5720.21
8.819 -5719.37
8.82 -5718.44
8.821 -5717.43
8.822 -5716.39
8.823 -5715.32
8.824 -5714.24
8.825 -5713.1
8.826 -5711.89
8.827 -5710.56
8.828 -5709.1
8.829 -5707.45
8.83 -5705.64
8.831 -5703.66
8.832 -5701.55
8.833 -5699.32
8.834 -5697.02
8.835 -5694.66
8.836 -5692.27
8.837 -5689.79
8.838 -5687.23
8.839 -5684.53
8.84 -5681.68
8.841 -5678.62
8.842 -5675.35
8.843 -5671.87
8.844 -5668.21
8.845 -5664.39
8.846 -5660.45
8.847 -5656.42
8.848 -5652.3
8.849 -5648.08
8.85 -5643.75
8.851 -5639.24
8.852 -5634.54
8.853 -5629.59
8.854 -5624.39
8.855 -5618.92
8.856 -5613.23
8.857 -5607.31
8.858 -5601.23
8.859 -5595
8.86 -5588.64
8.861 -5582.13
8.862 -5575.46
8.863 -5568.56
8.864 -5561.42
8.865 -5553.98
8.866 -5546.23
8.867 -5538.15
8.868 -5529.78
8.869 -5521.12
8.87 -5512.22
8.871 -5503.1
8.872 -5493.77
8.873 -5484.22
8.874 -5474.44
8.875 -5464.36
8.876 -5453.96
8.877 -5443.19
8.878 -5432.03
8.879 -5420.44
8.88 -5408.45
8.881 -5396.07
8.882 -5383.31
8.883 -5370.16
8.884 -5356.46
8.885 -5342.13
8.886 -5326.52
8.887 -5309.56
8.888 -5291.2
8.889 -5271.36
8.89 -5249.99
8.891 -5227.06
8.892 -5202.56
8.893 -5176.49
8.894 -5148.89
8.895 -5119.78
8.896 -5089.19
8.897 -5057.11
8.898 -5023.52
8.899 -4988.39
8.9 -4951.65
8.901 -4913.25
8.902 -4873.15
8.903 -4831.3
8.904 -4787.7
8.905 -4742.36
8.906 -4695.29
8.907 -4646.54
8.908 -4596.12
8.909 -4544.04
8.91 -4490.3
8.911 -4434.87
8.912 -4377.71
8.913 -4318.79
8.914 -4258.05
8.915 -4195.48
8.916 -4131.07
8.917 -4064.83
8.918 -3996.81
8.919 -3927.06
8.92 -3855.63
8.921 -3782.57
8.922 -3707.95
8.923 -3631.78
8.924 -3554.1
8.925 -3474.93
8.926 -3394.3
8.927 -3312.24
8.928 -3228.82
8.929 -3144.15
8.93 -3058.35
8.931 -2971.57
8.932 -2884
8.933 -2795.78
8.934 -2707.09
8.935 -2618.07
8.936 -2528.83
8.937 -2439.48
8.938 -2350.13
8.939 -2260.86
8.94 -2171.79
8.941 -2083.05
8.942 -1994.8
8.943 -1907.18
8.944 -1820.34
8.945 -1734.41
8.946 -1649.5
8.947 -1565.67
8.948 -1482.97
8.949 -1401.38
8.95 -1320.91
8.951 -1241.53
8.952 -1163.24
8.953 -1086
8.954 -1009.85
8.955 -934.789
8.956 -860.861
8.957 -788.057
8.958 -716.405
8.959 -645.854
8.96 -576.39
8.961 -507.912
8.962 -440.369
8.963 -373.651
8.964 -307.727
8.965 -242.525
8.966 -178.063
8.967 -114.314
8.968 -51.3312
8.969 10.8967
8.97 72.3233
8.971 132.995
8.972 192.915
8.973 252.168
8.974 310.781
8.975 368.843
8.976 426.364
8.977 483.4
8.978 539.915
8.979 595.92
8.98 651.344
8.981 706.185
8.982 760.384
8.983 813.966
8.984 866.907
8.985 919.275
8.986 971.076
8.987 1022.39
8.988 1073.22
8.989 1123.61
8.99 1173.53
8.991 1222.99
8.992 1271.9
8.993 1320.25
8.994 1367.98
8.995 1415.1
8.996 1461.57
8.997 1507.46
8.998 1552.76
8.999 1597.55
9 1641.84
9.001 1685.67
9.002 1729.01
9.003 1771.86
9.004 1814.15
9.005 1855.88
9.006 1896.96
9.007 1937.41
9.008 1977.19
9.009 2016.36
9.01 2054.92
9.011 2092.94
9.012 2130.42
9.013 2167.42
9.014 2203.92
9.015 2239.93
9.016 2275.37
9.017 2310.26
9.018 2344.5
9.019 2378.12
9.02 2411.06
9.021 2443.39
9.022 2475.1
9.023 2506.26
9.024 2536.87
9.025 2567
9.026 2596.64
9.027 2625.79
9.028 2654.41
9.029 2682.49
9.03 2709.95
9.031 2736.81
9.032 2763
9.033 2788.57
9.034 2813.52
9.035 2837.91
9.036 2861.76
9.037 2885.14
9.038 2908.04
9.039 2930.47
9.04 2952.4
9.041 2973.8
9.042 2994.61
9.043 3014.82
9.044 3034.37
9.045 3053.31
9.046 3071.63
9.047 3089.4
9.048 3106.64
9.049 3123.41
9.05 3139.71
9.051 3155.58
9.052 3170.95
9.053 3185.83
9.054 3200.16
9.055 3213.91
9.056 3227.04
9.057 3239.58
9.058 3251.52
9.059 3262.94
9.06 3273.84
9.061 3284.3
9.062 3294.33
9.063 3303.98
9.064 3313.19
9.065 3321.97
9.066 3330.25
9.067 3338.03
9.068 3345.24
9.069 3351.91
9.07 3358.04
9.071 3363.68
9.072 3368.86
9.073 3373.67
9.074 3378.1
9.075 3382.21
9.076 3385.96
9.077 3389.35
9.078 3392.31
9.079 3394.82
9.08 3396.85
9.081 3398.39
9.082 3399.44
9.083 3400.07
9.084 3400.3
9.085 3400.2
9.086 3399.78
9.087 3399.1
9.088 3398.12
9.089 3396.84
9.09 3395.2
9.091 3393.18
9.092 3390.75
9.093 3387.89
9.094 3384.62
9.095 3380.97
9.096 3376.96
9.097 3372.68
9.098 3368.13
9.099 3363.37
9.1 3358.37
9.101 3353.13
9.102 3347.6
9.103 3341.76
9.104 3335.55
9.105 3328.98
9.106 3322.02
9.107 3314.72
9.108 3307.1
9.109 3299.22
9.11 3291.11
9.111 3282.8
9.112 3274.29
9.113 3265.55
9.114 3256.54
9.115 3247.24
9.116 3237.58
9.117 3227.54
9.118 3216.98
9.119 3205.9
9.12 3194.12
9.121 3181.67
9.122 3168.58
9.123 3154.88
9.124 3140.55
9.125 3125.59
9.126 3109.95
9.127 3093.59
9.128 3076.47
9.129 3058.56
9.13 3039.85
9.131 3020.34
9.132 3000.07
9.133 2979.07
9.134 2957.35
9.135 2934.96
9.136 2911.9
9.137 2888.14
9.138 2863.65
9.139 2838.4
9.14 2812.33
9.141 2785.41
9.142 2757.64
9.143 2729.01
9.144 2699.55
9.145 2669.3
9.146 2638.29
9.147 2606.55
9.148 2574.1
9.149 2540.93
9.15 2507
9.151 2472.3
9.152 2436.78
9.153 2400.43
9.154 2363.24
9.155 2325.21
9.156 2286.37
9.157 2246.76
9.158 2206.43
9.159 2165.42
9.16 2123.76
9.161 2081.45
9.162 2038.51
9.163 1994.92
9.164 1950.67
9.165 1905.73
9.166 1860.11
9.167 1813.83
9.168 1766.94
9.169 1719.48
9.17 1671.54
9.171 1623.17
9.172 1574.44
9.173 1525.41
9.174 1476.1
9.175 1426.53
9.176 1376.7
9.177 1326.62
9.178 1276.32
9.179 1225.85
9.18 1175.26
9.181 1124.64
9.182 1074.08
9.183 1023.69
9.184 973.544
9.185 923.716
9.186 874.249
9.187 825.179
9.188 776.518
9.189 728.288
9.19 680.505
9.191 633.213
9.192 586.458
9.193 540.319
9.194 494.867
9.195 450.19
9.196 406.349
9.197 363.402
9.198 321.368
9.199 280.262
9.2 240.061
9.201 200.757
9.202 162.317
9.203 124.747
9.204 88.0474
9.205 52.2582
9.206 17.4082
9.207 -16.4456
9.208 -49.2796
9.209 -81.0595
9.21 -111.8
9.211 -141.514
9.212 -170.262
9.213 -198.083
9.214 -225.038
9.215 -251.146
9.216 -276.437
9.217 -300.888
9.218 -324.491
9.219 -347.203
9.22 -369.012
9.221 -389.894
9.222 -409.882
9.223 -428.992
9.224 -447.289
9.225 -464.813
9.226 -481.632
9.227 -497.769
9.228 -513.259
9.229 -528.084
9.23 -542.241
9.231 -555.688
9.232 -568.417
9.233 -580.399
9.234 -591.653
9.235 -602.19
9.236 -612.063
9.237 -621.308
9.238 -629.988
9.239 -638.127
9.24 -645.759
9.241 -652.868
9.242 -659.451
9.243 -665.464
9.244 -670.89
9.245 -675.693
9.246 -679.882
9.247 -683.459
9.248 -686.469
9.249 -688.943
9.25 -690.941
9.251 -692.485
9.252 -693.604
9.253 -694.284
9.254 -694.518
9.255 -694.26
9.256 -693.488
9.257 -692.162
9.258 -690.281
9.259 -687.84
9.26 -684.875
9.261 -681.411
9.262 -677.496
9.263 -673.153
9.264 -668.411
9.265 -663.261
9.266 -657.695
9.267 -651.671
9.268 -645.161
9.269 -638.125
9.27 -630.544
9.271 -622.399
9.272 -613.702
9.273 -604.474
9.274 -594.759
9.275 -584.585
9.276 -573.981
9.277 -562.945
9.278 -551.469
9.279 -539.518
9.28 -527.062
9.281 -514.057
9.282 -500.485
9.283 -486.333
9.284 -471.619
9.285 -456.364
9.286 -440.611
9.287 -424.391
9.288 -407.738
9.289 -390.654
9.29 -373.138
9.291 -355.159
9.292 -336.691
9.293 -317.694
9.294 -298.147
9.295 -278.036
9.296 -257.376
9.297 -236.189
9.298 -214.517
9.299 -192.396
9.3 -169.862
9.301 -146.93
9.302 -123.606
9.303 -99.8685
9.304 -75.6927
9.305 -51.0438
9.306 -25.8987
9.307 -0.243864
9.308 25.9109
9.309 52.542
9.31 79.6087
9.311 107.066
9.312 134.87
9.313 162.992
9.314 191.421
9.315 220.165
9.316 249.247
9.317 278.694
9.318 308.528
9.319 338.761
9.32 369.384
9.321 400.368
9.322 431.667
9.323 463.229
9.324 495.005
9.325 526.955
9.326 559.059
9.327 591.315
9.328 623.736
9.329 656.342
9.33 689.149
9.331 722.16
9.332 755.358
9.333 788.708
9.334 822.157
9.335 855.646
9.336 889.114
9.337 922.509
9.338 955.799
9.339 988.966
9.34 1022.01
9.341 1054.94
9.342 1087.74
9.343 1120.43
9.344 1152.97
9.345 1185.32
9.346 1217.43
9.347 1249.24
9.348 1280.68
9.349 1311.69
9.35 1342.23
9.351 1372.27
9.352 1401.8
9.353 1430.83
9.354 1459.35
9.355 1487.37
9.356 1514.88
9.357 1541.85
9.358 1568.23
9.359 1593.97
9.36 1619
9.361 1643.3
9.362 1666.81
9.363 1689.55
9.364 1711.49
9.365 1732.67
9.366 1753.11
9.367 1772.82
9.368 1791.82
9.369 1810.09
9.37 1827.62
9.371 1844.38
9.372 1860.33
9.373 1875.46
9.374 1889.74
9.375 1903.18
9.376 1915.8
9.377 1927.62
9.378 1938.67
9.379 1949
9.38 1958.62
9.381 1967.56
9.382 1975.82
9.383 1983.39
9.384 1990.25
9.385 1996.39
9.386 2001.79
9.387 2006.46
9.388 2010.41
9.389 2013.67
9.39 2016.29
9.391 2018.32
9.392 2019.78
9.393 2020.73
9.394 2021.15
9.395 2021.05
9.396 2020.4
9.397 2019.21
9.398 2017.44
9.399 2015.1
9.4 2012.2
9.401 2008.78
9.402 2004.88
9.403 2000.54
9.404 1995.82
9.405 1990.72
9.406 1985.25
9.407 1979.39
9.408 1973.12
9.409 1966.44
9.41 1959.31
9.411 1951.75
9.412 1943.75
9.413 1935.36
9.414 1926.59
9.415 1917.51
9.416 1908.16
9.417 1898.56
9.418 1888.73
9.419 1878.68
9.42 1868.39
9.421 1857.83
9.422 1846.98
9.423 1835.84
9.424 1824.4
9.425 1812.69
9.426 1800.74
9.427 1788.59
9.428 1776.28
9.429 1763.86
9.43 1751.33
9.431 1738.7
9.432 1725.94
9.433 1713.03
9.434 1699.94
9.435 1686.67
9.436 1673.19
9.437 1659.54
9.438 1645.74
9.439 1631.83
9.44 1617.85
9.441 1603.83
9.442 1589.78
9.443 1575.71
9.444 1561.58
9.445 1547.39
9.446 1533.08
9.447 1518.65
9.448 1504.09
9.449 1489.4
9.45 1474.61
9.451 1459.75
9.452 1444.86
9.453 1429.96
9.454 1415.07
9.455 1400.2
9.456 1385.31
9.457 1370.4
9.458 1355.43
9.459 1340.37
9.46 1325.21
9.461 1309.95
9.462 1294.63
9.463 1279.26
9.464 1263.88
9.465 1248.54
9.466 1233.24
9.467 1217.99
9.468 1202.78
9.469 1187.59
9.47 1172.39
9.471 1157.15
9.472 1141.88
9.473 1126.56
9.474 1111.23
9.475 1095.91
9.476 1080.65
9.477 1065.47
9.478 1050.41
9.479 1035.48
9.48 1020.67
9.481 1005.96
9.482 991.341
9.483 976.788
9.484 962.289
9.485 947.848
9.486 933.483
9.487 919.226
9.488 905.116
9.489 891.191
9.49 877.482
9.491 864.011
9.492 850.786
9.493 837.801
9.494 825.039
9.495 812.484
9.496 800.123
9.497 787.958
9.498 776.006
9.499 764.297
9.5 752.871
9.501 741.772
9.502 731.036
9.503 720.689
9.504 710.74
9.505 701.183
9.506 692.003
9.507 683.18
9.508 674.699
9.509 666.556
9.51 658.76
9.511 651.34
9.512 644.331
9.513 637.776
9.514 631.711
9.515 626.163
9.516 621.143
9.517 616.647
9.518 612.658
9.519 609.155
9.52 606.119
9.521 603.54
9.522 601.423
9.523 599.789
9.524 598.668
9.525 598.099
9.526 598.117
9.527 598.749
9.528 600.008
9.529 601.893
9.53 604.385
9.531 607.461
9.532 611.098
9.533 615.281
9.534 620.007
9.535 625.29
9.536 631.157
9.537 637.641
9.538 644.777
9.539 652.592
9.54 661.097
9.541 670.29
9.542 680.153
9.543 690.659
9.544 701.78
9.545 713.496
9.546 725.798
9.547 738.692
9.548 752.199
9.549 766.349
9.55 781.172
9.551 796.693
9.552 812.919
9.553 829.846
9.554 847.455
9.555 865.715
9.556 884.594
9.557 904.063
9.558 924.107
9.559 944.724
9.56 965.924
9.561 987.727
9.562 1010.15
9.563 1033.21
9.564 1056.92
9.565 1081.25
9.566 1106.2
9.567 1131.71
9.568 1157.76
9.569 1184.3
9.57 1211.31
9.571 1238.77
9.572 1266.67
9.573 1295.01
9.574 1323.8
9.575 1353.06
9.576 1382.77
9.577 1412.93
9.578 1443.51
9.579 1474.45
9.58 1505.71
9.581 1537.25
9.582 1569
9.583 1600.95
9.584 1633.07
9.585 1665.35
9.586 1697.8
9.587 1730.42
9.588 1763.2
9.589 1796.12
9.59 1829.14
9.591 1862.23
9.592 1895.33
9.593 1928.38
9.594 1961.33
9.595 1994.15
9.596 2026.81
9.597 2059.31
9.598 2091.64
9.599 2123.81
9.6 2155.83
9.601 2187.67
9.602 2219.32
9.603 2250.76
9.604 2281.92
9.605 2312.78
9.606 2343.28
9.607 2373.41
9.608 2403.14
9.609 2432.48
9.61 2461.43
9.611 2490.03
9.612 2518.29
9.613 2546.22
9.614 2573.81
9.615 2601.07
9.616 2627.94
9.617 2654.41
9.618 2680.45
9.619 2706.04
9.62 2731.17
9.621 2755.85
9.622 2780.12
9.623 2803.99
9.624 2827.51
9.625 2850.7
9.626 2873.55
9.627 2896.09
9.628 2918.27
9.629 2940.08
9.63 2961.5
9.631 2982.51
9.632 3003.1
9.633 3023.29
9.634 3043.1
9.635 3062.56
9.636 3081.71
9.637 3100.57
9.638 3119.16
9.639 3137.48
9.64 3155.51
9.641 3173.23
9.642 3190.59
9.643 3207.59
9.644 3224.19
9.645 3240.41
9.646 3256.26
9.647 3271.77
9.648 3286.93
9.649 3301.83
9.65 3316.45
9.651 3330.81
9.652 3344.81
9.653 3358.43
9.654 3371.67
9.655 3384.51
9.656 3396.92
9.657 3408.88
9.658 3420.31
9.659 3431.37
9.66 3442.05
9.661 3452.41
9.662 3462.42
9.663 3472.06
9.664 3481.2
9.665 3489.93
9.666 3498.21
9.667 3506.01
9.668 3512.57
9.669 3517.44
9.67 3521.52
9.671 3523.63
9.672 3524.37
9.673 3524.86
9.674 3525.06
9.675 3525.01
9.676 3524.66
9.677 3524
9.678 3522.98
9.679 3521.59
9.68 3519.78
9.681 3517.57
9.682 3514.97
9.683 3512
9.684 3508.69
9.685 3505.08
9.686 3501.15
9.687 3496.94
9.688 3492.39
9.689 3487.51
9.69 3482.25
9.691 3476.59
9.692 3470.51
9.693 3464.03
9.694 3457.14
9.695 3449.89
9.696 3442.29
9.697 3434.37
9.698 3426.12
9.699 3417.41
9.7 3408.1
9.701 3398.1
9.702 3387.39
9.703 3375.95
9.704 3363.77
9.705 3350.85
9.706 3337.2
9.707 3322.84
9.708 3307.8
9.709 3292.11
9.71 3275.79
9.711 3258.87
9.712 3241.36
9.713 3223.26
9.714 3204.55
9.715 3185.22
9.716 3165.26
9.717 3144.68
9.718 3123.47
9.719 3101.68
9.72 3079.31
9.721 3056.42
9.722 3033.03
9.723 3009.17
9.724 2984.84
9.725 2960.06
9.726 2934.81
9.727 2909.08
9.728 2882.85
9.729 2856.13
9.73 2828.92
9.731 2801.24
9.732 2773.1
9.733 2744.52
9.734 2715.54
9.735 2686.18
9.736 2656.45
9.737 2626.36
9.738 2595.88
9.739 2565.01
9.74 2533.73
9.741 2502.02
9.742 2469.87
9.743 2437.28
9.744 2404.26
9.745 2370.83
9.746 2337.03
9.747 2302.87
9.748 2268.37
9.749 2233.53
9.75 2198.34
9.751 2162.79
9.752 2126.84
9.753 2090.48
9.754 2053.69
9.755 2016.47
9.756 1978.85
9.757 1940.84
9.758 1902.49
9.759 1863.83
9.76 1824.87
9.761 1785.64
9.762 1746.12
9.763 1706.33
9.764 1666.24
9.765 1625.86
9.766 1585.16
9.767 1544.18
9.768 1502.94
9.769 1461.48
9.77 1419.84
9.771 1378.07
9.772 1336.23
9.773 1294.35
9.774 1252.45
9.775 1210.54
9.776 1168.63
9.777 1126.71
9.778 1084.8
9.779 1042.9
9.78 1001.06
9.781 959.329
9.782 917.763
9.783 876.433
9.784 835.385
9.785 794.667
9.786 754.292
9.787 714.278
9.788 674.611
9.789 635.295
9.79 596.317
9.791 557.702
9.792 519.468
9.793 481.668
9.794 444.336
9.795 407.53
9.796 371.278
9.797 335.617
9.798 300.543
9.799 266.061
9.8 232.14
9.801 198.774
9.802 165.932
9.803 133.622
9.804 101.836
9.805 70.6097
9.806 39.9551
9.807 9.92034
9.808 -19.485
9.809 -48.2286
9.81 -76.3273
9.811 -103.781
9.812 -130.636
9.813 -156.908
9.814 -182.645
9.815 -207.846
9.816 -232.535
9.817 -256.682
9.818 -280.286
9.819 -303.301
9.82 -325.722
9.821 -347.526
9.822 -368.742
9.823 -389.375
9.824 -409.478
9.825 -429.069
9.826 -448.2
9.827 -466.876
9.828 -485.125
9.829 -502.925
9.83 -520.277
9.831 -537.15
9.832 -553.552
9.833 -569.464
9.834 -584.91
9.835 -599.896
9.836 -614.468
9.837 -628.646
9.838 -642.482
9.839 -655.985
9.84 -669.186
9.841 -682.073
9.842 -694.662
9.843 -706.923
9.844 -718.862
9.845 -730.453
9.846 -741.72
9.847 -752.661
9.848 -763.32
9.849 -773.715
9.85 -783.897
9.851 -793.881
9.852 -803.7
9.853 -813.346
9.854 -822.83
9.855 -832.122
9.856 -841.222
9.857 -850.105
9.858 -858.784
9.859 -867.255
9.86 -875.557
9.861 -883.702
9.862 -891.73
9.863 -899.652
9.864 -907.5
9.865 -915.263
9.866 -922.951
9.867 -930.534
9.868 -938.007
9.869 -945.342
9.87 -952.543
9.871 -959.595
9.872 -966.514
9.873 -973.302
9.874 -979.997
9.875 -986.603
9.876 -993.152
9.877 -999.634
9.878 -1006.05
9.879 -1012.38
9.88 -1018.62
9.881 -1024.71
9.882 -1030.65
9.883 -1036.41
9.884 -1042.01
9.885 -1047.45
9.886 -1052.77
9.887 -1057.96
9.888 -1063.06
9.889 -1068.06
9.89 -1072.97
9.891 -1077.75
9.892 -1082.4
9.893 -1086.86
9.894 -1091.13
9.895 -1095.17
9.896 -1099
9.897 -1102.61
9.898 -1106.05
9.899 -1109.3
9.9 -1112.41
9.901 -1115.37
9.902 -1118.19
9.903 -1120.84
9.904 -1123.3
9.905 -1125.54
9.906 -1127.54
9.907 -1129.28
9.908 -1130.75
9.909 -1131.97
9.91 -1132.96
9.911 -1133.73
9.912 -1134.31
9.913 -1134.71
9.914 -1134.94
9.915 -1134.97
9.916 -1134.8
9.917 -1134.4
9.918 -1133.73
9.919 -1132.78
9.92 -1131.56
9.921 -1130.06
9.922 -1128.31
9.923 -1126.33
9.924 -1124.15
9.925 -1121.78
9.926 -1119.24
9.927 -1116.51
9.928 -1113.58
9.929 -1110.42
9.93 -1107.01
9.931 -1103.33
9.932 -1099.38
9.933 -1095.16
9.934 -1090.71
9.935 -1086.04
9.936 -1081.18
9.937 -1076.13
9.938 -1070.9
9.939 -1065.5
9.94 -1059.9
9.941 -1054.09
9.942 -1048.05
9.943 -1041.75
9.944 -1035.21
9.945 -1028.42
9.946 -1021.41
9.947 -1014.2
9.948 -1006.83
9.949 -999.308
9.95 -991.661
9.951 -983.883
9.952 -975.961
9.953 -967.869
9.954 -959.587
9.955 -951.091
9.956 -942.376
9.957 -933.441
9.958 -924.304
9.959 -914.986
9.96 -905.516
9.961 -895.906
9.962 -886.162
9.963 -876.273
9.964 -866.225
9.965 -855.987
9.966 -845.536
9.967 -834.843
9.968 -823.897
9.969 -812.69
9.97 -801.234
9.971 -789.533
9.972 -777.598
9.973 -765.435
9.974 -753.046
9.975 -740.42
9.976 -727.541
9.977 -714.379
9.978 -700.906
9.979 -687.09
9.98 -672.912
9.981 -658.352
9.982 -643.404
9.983 -628.068
9.984 -612.351
9.985 -596.26
9.986 -579.798
9.987 -562.956
9.988 -545.718
9.989 -528.056
9.99 -509.939
9.991 -491.333
9.992 -472.214
9.993 -452.561
9.994 -432.367
9.995 -411.633
9.996 -390.369
9.997 -368.582
9.998 -346.28
9.999 -323.458
10 -300.106
10.001 -276.201
10.002 -251.718
10.003 -226.63
10.004 -200.911
10.005 -174.546
10.006 -147.528
10.007 -119.862
10.008 -91.5604
10.009 -62.6369
10.01 -33.1052
10.011 -2.97457
10.012 27.7524
10.013 59.0836
10.014 91.0336
10.015 123.62
10.016 156.858
10.017 190.757
10.018 225.312
10.019 260.51
10.02 296.328
10.021 332.73
10.022 369.678
10.023 407.141
10.024 445.093
10.025 483.524
10.026 522.427
10.027 561.804
10.028 601.65
10.029 641.96
10.03 682.711
10.031 723.869
10.032 765.376
10.033 807.179
10.034 849.216
10.035 891.44
10.036 933.802
10.037 976.279
10.038 1018.84
10.039 1061.49
10.04 1104.19
10.041 1146.93
10.042 1189.69
10.043 1232.41
10.044 1275.04
10.045 1317.54
10.046 1359.83
10.047 1401.89
10.048 1443.65
10.049 1485.11
10.05 1526.24
10.051 1567.05
10.052 1607.54
10.053 1647.71
10.054 1687.54
10.055 1727.04
10.056 1766.16
10.057 1804.88
10.058 1843.15
10.059 1880.96
10.06 1918.29
10.061 1955.13
10.062 1991.5
10.063 2027.43
10.064 2062.93
10.065 2098.04
10.066 2132.76
10.067 2167.11
10.068 2201.06
10.069 2234.63
10.07 2267.76
10.071 2300.47
10.072 2332.74
10.073 2364.59
10.074 2396.01
10.075 2427.07
10.076 2457.76
10.077 2488.15
10.078 2518.22
10.079 2548.01
10.08 2577.5
10.081 2606.69
10.082 2635.55
10.083 2664.08
10.084 2692.25
10.085 2720.09
10.086 2747.58
10.087 2774.78
10.088 2801.69
10.089 2828.35
10.09 2854.78
10.091 2880.99
10.092 2906.95
10.093 2932.68
10.094 2958.13
10.095 2983.29
10.096 3008.14
10.097 3032.68
10.098 3056.92
10.099 3080.88
10.1 3104.57
10.101 3128.03
10.102 3151.26
10.103 3174.29
10.104 3197.09
10.105 3219.66
10.106 3241.96
10.107 3263.99
10.108 3285.71
10.109 3307.14
10.11 3328.25
10.111 3349.09
10.112 3369.65
10.113 3389.98
10.114 3410.09
10.115 3429.99
10.116 3449.67
10.117 3469.14
10.118 3488.35
10.119 3507.31
10.12 3525.97
10.121 3544.34
10.122 3562.42
10.123 3580.24
10.124 3597.79
10.125 3615.1
10.126 3632.16
10.127 3649.04
10.128 3665.72
10.129 3682.22
10.13 3698.5
10.131 3714.55
10.132 3730.35
10.133 3745.9
10.134 3761.13
10.135 3776.05
10.136 3790.74
10.137 3805.25
10.138 3819.59
10.139 3833.79
10.14 3847.85
10.141 3861.77
10.142 3875.52
10.143 3889.1
10.144 3902.41
10.145 3915.43
10.146 3928.23
10.147 3940.85
10.148 3953.29
10.149 3965.58
10.15 3977.74
10.151 3989.8
10.152 4001.75
10.153 4013.59
10.154 4025.26
10.155 4036.68
10.156 4047.9
10.157 4058.95
10.158 4069.8
10.159 4080.49
10.16 4091
10.161 4101.32
10.162 4110.36
10.163 4118.39
10.164 4126.32
10.165 4134.09
10.166 4140.6
10.167 4145.93
10.168 4151.05
10.169 4156.05
10.17 4160.92
10.171 4165.66
10.172 4170.26
10.173 4174.75
10.174 4179.14
10.175 4183.45
10.176 4187.68
10.177 4191.84
10.178 4195.91
10.179 4199.88
10.18 4203.72
10.181 4207.41
10.182 4210.9
10.183 4214.22
10.184 4217.34
10.185 4220.29
10.186 4223.07
10.187 4225.72
10.188 4228.24
10.189 4230.65
10.19 4232.91
10.191 4235.03
10.192 4236.95
10.193 4238.66
10.194 4240.11
10.195 4241.32
10.196 4242.27
10.197 4242.98
10.198 4243.46
10.199 4243.74
10.2 4243.82
10.201 4243.72
10.202 4243.41
10.203 4242.88
10.204 4242.09
10.205 4241.02
10.206 4239.64
10.207 4237.93
10.208 4235.9
10.209 4233.55
10.21 4230.9
10.211 4227.97
10.212 4224.77
10.213 4221.32
10.214 4217.59
10.215 4213.58
10.216 4209.25
10.217 4204.57
10.218 4199.53
10.219 4194.09
10.22 4188.26
10.221 4182.05
10.222 4175.46
10.223 4168.52
10.224 4161.24
10.225 4153.63
10.226 4145.68
10.227 4137.37
10.228 4128.68
10.229 4119.58
10.23 4110.02
10.231 4099.97
10.232 4089.21
10.233 4077.59
10.234 4064.89
10.235 4051.16
10.236 4036.38
10.237 4020.57
10.238 4003.7
10.239 3985.75
10.24 3966.67
10.241 3946.45
10.242 3925.07
10.243 3902.5
10.244 3878.73
10.245 3853.79
10.246 3827.68
10.247 3800.43
10.248 3772.03
10.249 3742.5
10.25 3711.83
10.251 3680.02
10.252 3647.05
10.253 3612.91
10.254 3577.58
10.255 3541.05
10.256 3503.31
10.257 3464.38
10.258 3424.27
10.259 3383.01
10.26 3340.61
10.261 3297.11
10.262 3252.51
10.263 3206.83
10.264 3160.05
10.265 3112.18
10.266 3063.19
10.267 3013.1
10.268 2961.89
10.269 2909.59
10.27 2856.23
10.271 2801.84
10.272 2746.47
10.273 2690.15
10.274 2632.91
10.275 2574.8
10.276 2515.83
10.277 2456.02
10.278 2395.39
10.279 2333.98
10.28 2271.81
10.281 2208.93
10.282 2145.4
10.283 2081.27
10.284 2016.64
10.285 1951.58
10.286 1886.17
10.287 1820.49
10.288 1754.61
10.289 1688.58
10.29 1622.45
10.291 1556.29
10.292 1490.12
10.293 1424.01
10.294 1358.02
10.295 1292.24
10.296 1226.74
10.297 1161.6
10.298 1096.9
10.299 1032.69
10.3 969.03
10.301 905.94
10.302 843.42
10.303 781.488
10.304 720.13
10.305 659.366
10.306 599.192
10.307 539.642
10.308 480.723
10.309 422.472
10.31 364.888
10.311 307.994
10.312 251.765
10.313 196.196
10.314 141.234
10.315 86.8578
10.316 33.0061
10.317 -20.3347
10.318 -73.2092
10.319 -125.608
10.32 -177.556
10.321 -229.019
10.322 -280.004
10.323 -330.485
10.324 -380.491
10.325 -430.019
10.326 -479.124
10.327 -527.819
10.328 -576.164
10.329 -624.162
10.33 -671.853
10.331 -719.203
10.332 -766.208
10.333 -812.811
10.334 -859.006
10.335 -904.746
10.336 -950.047
10.337 -994.888
10.338 -1039.31
10.339 -1083.31
10.34 -1126.93
10.341 -1170.16
10.342 -1213.02
10.343 -1255.44
10.344 -1297.43
10.345 -1338.93
10.346 -1379.92
10.347 -1420.34
10.348 -1460.22
10.349 -1499.5
10.35 -1538.24
10.351 -1576.42
10.352 -1614.07
10.353 -1651.19
10.354 -1687.8
10.355 -1723.85
10.356 -1759.35
10.357 -1794.23
10.358 -1828.49
10.359 -1862.07
10.36 -1894.98
10.361 -1927.2
10.362 -1958.76
10.363 -1989.67
10.364 -2019.98
10.365 -2049.68
10.366 -2078.79
10.367 -2107.29
10.368 -2135.19
10.369 -2162.42
10.37 -2188.99
10.371 -2214.86
10.372 -2240.05
10.373 -2264.55
10.374 -2288.39
10.375 -2311.58
10.376 -2334.18
10.377 -2356.18
10.378 -2377.62
10.379 -2398.48
10.38 -2418.77
10.381 -2438.45
10.382 -2457.54
10.383 -2476.01
10.384 -2493.87
10.385 -2511.12
10.386 -2527.79
10.387 -2543.9
10.388 -2559.48
10.389 -2574.55
10.39 -2589.15
10.391 -2603.28
10.392 -2616.95
10.393 -2630.13
10.394 -2642.85
10.395 -2655.07
10.396 -2666.8
10.397 -2678.04
10.398 -2688.8
10.399 -2699.12
10.4 -2709.02
10.401 -2718.53
10.402 -2727.68
10.403 -2736.46
10.404 -2744.91
10.405 -2752.99
10.406 -2760.71
10.407 -2768.03
10.408 -2774.97
10.409 -2781.51
10.41 -2787.67
10.411 -2793.47
10.412 -2798.92
10.413 -2804.05
10.414 -2808.88
10.415 -2813.42
10.416 -2817.68
10.417 -2821.63
10.418 -2825.29
10.419 -2828.61
10.42 -2831.6
10.421 -2834.24
10.422 -2836.53
10.423 -2838.46
10.424 -2840.08
10.425 -2841.38
10.426 -2842.4
10.427 -2843.14
10.428 -2843.61
10.429 -2843.8
10.43 -2843.7
10.431 -2843.28
10.432 -2842.53
10.433 -2841.42
10.434 -2839.95
10.435 -2838.13
10.436 -2835.98
10.437 -2833.5
10.438 -2830.74
10.439 -2827.68
10.44 -2824.36
10.441 -2820.75
10.442 -2816.86
10.443 -2812.64
10.444 -2808.1
10.445 -2803.21
10.446 -2797.97
10.447 -2792.37
10.448 -2786.44
10.449 -2780.19
10.45 -2773.65
10.451 -2766.83
10.452 -2759.75
10.453 -2752.41
10.454 -2744.75
10.455 -2736.73
10.456 -2728.28
10.457 -2719.36
10.458 -2709.96
10.459 -2700.08
10.46 -2689.74
10.461 -2678.97
10.462 -2667.79
10.463 -2656.22
10.464 -2644.29
10.465 -2632
10.466 -2619.35
10.467 -2606.32
10.468 -2592.92
10.469 -2579.1
10.47 -2564.89
10.471 -2550.27
10.472 -2535.28
10.473 -2519.93
10.474 -2504.27
10.475 -2488.31
10.476 -2472.1
10.477 -2455.62
10.478 -2438.9
10.479 -2421.91
10.48 -2404.66
10.481 -2387.13
10.482 -2369.31
10.483 -2351.21
10.484 -2332.86
10.485 -2314.28
10.486 -2295.49
10.487 -2276.54
10.488 -2257.45
10.489 -2238.22
10.49 -2218.88
10.491 -2199.41
10.492 -2179.8
10.493 -2160.04
10.494 -2140.13
10.495 -2120.05
10.496 -2099.84
10.497 -2079.52
10.498 -2059.11
10.499 -2038.65
10.5 -2018.16
10.501 -1997.67
10.502 -1977.15
10.503 -1956.61
10.504 -1936.02
10.505 -1915.36
10.506 -1894.63
10.507 -1873.83
10.508 -1852.96
10.509 -1832.03
10.51 -1811.09
10.511 -1790.15
10.512 -1769.21
10.513 -1748.29
10.514 -1727.38
10.515 -1706.46
10.516 -1685.51
10.517 -1664.52
10.518 -1643.47
10.519 -1622.35
10.52 -1601.16
10.521 -1579.91
10.522 -1558.61
10.523 -1537.26
10.524 -1515.86
10.525 -1494.43
10.526 -1472.96
10.527 -1451.43
10.528 -1429.82
10.529 -1408.1
10.53 -1386.27
10.531 -1364.28
10.532 -1342.14
10.533 -1319.83
10.534 -1297.36
10.535 -1274.74
10.536 -1251.96
10.537 -1229.05
10.538 -1205.99
10.539 -1182.77
10.54 -1159.37
10.541 -1135.77
10.542 -1111.92
10.543 -1087.82
10.544 -1063.44
10.545 -1038.77
10.546 -1013.83
10.547 -988.627
10.548 -963.165
10.549 -937.455
10.55 -911.498
10.551 -885.29
10.552 -858.823
10.553 -832.079
10.554 -805.041
10.555 -777.693
10.556 -750.026
10.557 -722.041
10.558 -693.75
10.559 -665.167
10.56 -636.317
10.561 -607.227
10.562 -577.933
10.563 -548.45
10.564 -518.789
10.565 -488.944
10.566 -458.912
10.567 -428.684
10.568 -398.262
10.569 -367.649
10.57 -336.871
10.571 -305.962
10.572 -274.982
10.573 -243.972
10.574 -212.978
10.575 -182.023
10.576 -151.129
10.577 -120.292
10.578 -89.5162
10.579 -58.7894
10.58 -28.1206
10.581 2.47981
10.582 32.9676
10.583 63.3095
10.584 93.4492
10.585 123.351
10.586 152.967
10.587 182.282
10.588 211.273
10.589 239.952
10.59 268.316
10.591 296.381
10.592 324.138
10.593 351.59
10.594 378.705
10.595 405.467
10.596 431.827
10.597 457.762
10.598 483.23
10.599 508.225
10.6 532.729
10.601 556.762
10.602 580.327
10.603 603.455
10.604 626.146
10.605 648.419
10.606 670.251
10.607 691.637
10.608 712.538
10.609 732.936
10.61 752.796
10.611 772.118
10.612 790.895
10.613 809.153
10.614 826.901
10.615 844.177
10.616 860.987
10.617 877.355
10.618 893.268
10.619 908.726
10.62 923.695
10.621 938.17
10.622 952.125
10.623 965.568
10.624 978.489
10.625 990.918
10.626 1002.86
10.627 1014.36
10.628 1025.43
10.629 1036.09
10.63 1046.33
10.631 1056.17
10.632 1065.59
10.633 1074.57
10.634 1083.11
10.635 1091.19
10.636 1098.81
10.637 1105.99
10.638 1112.74
10.639 1119.1
10.64 1125.09
10.641 1130.72
10.642 1136.02
10.643 1140.97
10.644 1145.57
10.645 1149.82
10.646 1153.67
10.647 1157.14
10.648 1160.21
10.649 1162.91
10.65 1165.22
10.651 1167.21
10.652 1168.86
10.653 1170.21
10.654 1171.27
10.655 1172.04
10.656 1172.51
10.657 1172.66
10.658 1172.47
10.659 1171.93
10.66 1171.03
10.661 1169.79
10.662 1168.19
10.663 1166.26
10.664 1164.02
10.665 1161.5
10.666 1158.69
10.667 1155.61
10.668 1152.23
10.669 1148.56
10.67 1144.56
10.671 1140.22
10.672 1135.52
10.673 1130.46
10.674 1125.05
10.675 1119.29
10.676 1113.21
10.677 1106.82
10.678 1100.11
10.679 1093.07
10.68 1085.69
10.681 1077.95
10.682 1069.83
10.683 1061.31
10.684 1052.36
10.685 1042.99
10.686 1033.19
10.687 1022.97
10.688 1012.36
10.689 1001.38
10.69 990.038
10.691 978.339
10.692 966.268
10.693 953.813
10.694 940.944
10.695 927.641
10.696 913.881
10.697 899.657
10.698 884.966
10.699 869.823
10.7 854.239
10.701 838.239
10.702 821.834
10.703 805.033
10.704 787.828
10.705 770.209
10.706 752.15
10.707 733.633
10.708 714.633
10.709 695.143
10.71 675.16
10.711 654.699
10.712 633.777
10.713 612.419
10.714 590.642
10.715 568.46
10.716 545.87
10.717 522.865
10.718 499.424
10.719 475.53
10.72 451.162
10.721 426.315
10.722 400.994
10.723 375.216
10.724 349.004
10.725 322.386
10.726 295.386
10.727 268.022
10.728 240.301
10.729 212.222
10.73 183.772
10.731 154.943
10.732 125.727
10.733 96.1239
10.734 66.1437
10.735 35.8064
10.736 5.14068
10.737 -25.8202
10.738 -57.0436
10.739 -88.5022
10.74 -120.177
10.741 -152.056
10.742 -184.135
10.743 -216.412
10.744 -248.887
10.745 -281.554
10.746 -314.398
10.747 -347.391
10.748 -380.499
10.749 -413.68
10.75 -446.89
10.751 -480.092
10.752 -513.253
10.753 -546.352
10.754 -579.377
10.755 -612.319
10.756 -645.174
10.757 -677.931
10.758 -710.573
10.759 -743.07
10.76 -775.389
10.761 -807.485
10.762 -839.32
10.763 -870.853
10.764 -902.054
10.765 -932.9
10.766 -963.381
10.767 -993.49
10.768 -1023.23
10.769 -1052.59
10.77 -1081.57
10.771 -1110.16
10.772 -1138.33
10.773 -1166.07
10.774 -1193.34
10.775 -1220.12
10.776 -1246.4
10.777 -1272.15
10.778 -1297.38
10.779 -1322.09
10.78 -1346.3
10.781 -1370.03
10.782 -1393.31
10.783 -1416.12
10.784 -1438.47
10.785 -1460.36
10.786 -1481.77
10.787 -1502.68
10.788 -1523.09
10.789 -1542.99
10.79 -1562.4
10.791 -1581.32
10.792 -1599.8
10.793 -1617.85
10.794 -1635.5
10.795 -1652.77
10.796 -1669.67
10.797 -1686.19
10.798 -1702.33
10.799 -1718.07
10.8 -1733.41
10.801 -1748.34
10.802 -1762.88
10.803 -1777.03
10.804 -1790.84
10.805 -1804.31
10.806 -1817.48
10.807 -1830.36
10.808 -1842.98
10.809 -1855.32
10.81 -1867.38
10.811 -1879.13
10.812 -1890.56
10.813 -1901.66
10.814 -1912.42
10.815 -1922.86
10.816 -1933
10.817 -1942.85
10.818 -1952.45
10.819 -1961.81
10.82 -1970.94
10.821 -1979.82
10.822 -1988.45
10.823 -1996.79
10.824 -2004.84
10.825 -2012.56
10.826 -2019.96
10.827 -2027.05
10.828 -2033.83
10.829 -2040.33
10.83 -2046.58
10.831 -2052.58
10.832 -2058.36
10.833 -2063.89
10.834 -2069.16
10.835 -2074.16
10.836 -2078.86
10.837 -2083.25
10.838 -2087.31
10.839 -2091.05
10.84 -2094.49
10.841 -2097.65
10.842 -2100.55
10.843 -2103.22
10.844 -2105.67
10.845 -2107.89
10.846 -2109.89
10.847 -2111.63
10.848 -2113.1
10.849 -2114.28
10.85 -2115.17
10.851 -2115.77
10.852 -2116.1
10.853 -2116.19
10.854 -2116.08
10.855 -2115.78
10.856 -2115.32
10.857 -2114.7
10.858 -2113.92
10.859 -2112.96
10.86 -2111.8
10.861 -2110.43
10.862 -2108.86
10.863 -2107.08
10.864 -2105.14
10.865 -2103.05
10.866 -2100.85
10.867 -2098.56
10.868 -2096.21
10.869 -2093.81
10.87 -2091.36
10.871 -2088.84
10.872 -2086.25
10.873 -2083.58
10.874 -2080.83
10.875 -2078
10.876 -2075.12
10.877 -2072.21
10.878 -2069.31
10.879 -2066.45
10.88 -2063.64
10.881 -2060.91
10.882 -2058.26
10.883 -2055.68
10.884 -2053.15
10.885 -2050.67
10.886 -2048.22
10.887 -2045.83
10.888 -2043.49
10.889 -2041.24
10.89 -2039.11
10.891 -2037.12
10.892 -2035.3
10.893 -2033.64
10.894 -2032.17
10.895 -2030.85
10.896 -2029.69
10.897 -2028.67
10.898 -2027.77
10.899 -2027
10.9 -2026.37
10.901 -2025.89
10.902 -2025.58
10.903 -2025.46
10.904 -2025.55
10.905 -2025.86
10.906 -2026.39
10.907 -2027.12
10.908 -2028.05
10.909 -2029.15
10.91 -2030.41
10.911 -2031.83
10.912 -2033.39
10.913 -2035.12
10.914 -2037.03
10.915 -2039.14
10.916 -2041.47
10.917 -2044.03
10.918 -2046.82
10.919 -2049.83
10.92 -2053.05
10.921 -2056.45
10.922 -2060.02
10.923 -2063.76
10.924 -2067.65
10.925 -2071.71
10.926 -2075.95
10.927 -2080.4
10.928 -2085.06
10.929 -2089.96
10.93 -2095.09
10.931 -2100.46
10.932 -2106.04
10.933 -2111.83
10.934 -2117.8
10.935 -2123.95
10.936 -2130.27
10.937 -2136.76
10.938 -2143.45
10.939 -2150.35
10.94 -2157.48
10.941 -2164.85
10.942 -2172.47
10.943 -2180.35
10.944 -2188.46
10.945 -2196.79
10.946 -2205.33
10.947 -2214.05
10.948 -2222.96
10.949 -2232.06
10.95 -2241.35
10.951 -2250.85
10.952 -2260.58
10.953 -2270.55
10.954 -2280.78
10.955 -2291.24
10.956 -2301.94
10.957 -2312.86
10.958 -2323.97
10.959 -2335.26
10.96 -2346.72
10.961 -2358.34
10.962 -2370.12
10.963 -2382.05
10.964 -2394.17
10.965 -2406.47
10.966 -2418.97
10.967 -2431.65
10.968 -2444.5
10.969 -2457.51
10.97 -2470.65
10.971 -2483.88
10.972 -2497.2
10.973 -2510.57
10.974 -2523.99
10.975 -2537.46
10.976 -2551
10.977 -2564.61
10.978 -2578.3
10.979 -2592.05
10.98 -2605.87
10.981 -2619.71
10.982 -2633.57
10.983 -2647.39
10.984 -2661.15
10.985 -2674.84
10.986 -2688.45
10.987 -2701.97
10.988 -2715.43
10.989 -2728.81
10.99 -2742.14
10.991 -2755.41
10.992 -2768.61
10.993 -2781.71
10.994 -2794.69
10.995 -2807.51
10.996 -2820.16
10.997 -2832.61
10.998 -2844.86
10.999 -2856.9
11 -2868.75
11.001 -2880.42
11.002 -2891.92
11.003 -2903.25
11.004 -2914.42
11.005 -2925.4
11.006 -2936.17
11.007 -2946.71
11.008 -2956.99
11.009 -2966.99
11.01 -2976.72
11.011 -2986.17
11.012 -2995.37
11.013 -3004.32
11.014 -3012.82
11.015 -3021.12
11.016 -3029.23
11.017 -3037.12
11.018 -3044.78
11.019 -3052.2
11.02 -3059.34
11.021 -3066.19
11.022 -3072.75
11.023 -3079.03
11.024 -3085.05
11.025 -3090.82
11.026 -3096.38
11.027 -3101.74
11.028 -3106.9
11.029 -3111.86
11.03 -3116.62
11.031 -3121.13
11.032 -3125.4
11.033 -3129.4
11.034 -3133.14
11.035 -3136.61
11.036 -3139.85
11.037 -3142.87
11.038 -3145.7
11.039 -3148.35
11.04 -3150.84
11.041 -3153.17
11.042 -3155.32
11.043 -3157.28
11.044 -3159.03
11.045 -3160.55
11.046 -3161.84
11.047 -3162.9
11.048 -3163.75
11.049 -3164.41
11.05 -3164.9
11.051 -3165.24
11.052 -3165.45
11.053 -3165.51
11.054 -3165.44
11.055 -3165.2
11.056 -3164.79
11.057 -3164.17
11.058 -3163.35
11.059 -3162.31
11.06 -3161.09
11.061 -3159.68
11.062 -3158.13
11.063 -3156.43
11.064 -3154.62
11.065 -3152.68
11.066 -3150.63
11.067 -3148.42
11.068 -3146.06
11.069 -3143.51
11.07 -3140.78
11.071 -3137.84
11.072 -3134.72
11.073 -3131.41
11.074 -3127.94
11.075 -3124.33
11.076 -3120.6
11.077 -3116.74
11.078 -3112.75
11.079 -3108.59
11.08 -3104.24
11.081 -3099.65
11.082 -3094.81
11.083 -3089.71
11.084 -3084.34
11.085 -3078.72
11.086 -3072.86
11.087 -3066.79
11.088 -3060.52
11.089 -3054.05
11.09 -3047.39
11.091 -3040.51
11.092 -3033.41
11.093 -3026.05
11.094 -3018.41
11.095 -3010.49
11.096 -3002.29
11.097 -2993.82
11.098 -2985.09
11.099 -2976.12
11.1 -2966.93
11.101 -2957.54
11.102 -2947.94
11.103 -2938.12
11.104 -2928.08
11.105 -2917.78
11.106 -2907.21
11.107 -2896.36
11.108 -2885.23
11.109 -2873.82
11.11 -2862.16
11.111 -2850.27
11.112 -2838.17
11.113 -2825.87
11.114 -2813.38
11.115 -2800.7
11.116 -2787.81
11.117 -2774.69
11.118 -2761.33
11.119 -2747.71
11.12 -2733.83
11.121 -2719.69
11.122 -2705.32
11.123 -2690.73
11.124 -2675.94
11.125 -2660.97
11.126 -2645.82
11.127 -2630.5
11.128 -2614.99
11.129 -2599.27
11.13 -2583.32
11.131 -2567.13
11.132 -2550.67
11.133 -2533.96
11.134 -2517
11.135 -2499.81
11.136 -2482.4
11.137 -2464.81
11.138 -2447.03
11.139 -2429.06
11.14 -2410.89
11.141 -2392.5
11.142 -2373.86
11.143 -2354.94
11.144 -2335.74
11.145 -2316.24
11.146 -2296.45
11.147 -2276.39
11.148 -2256.08
11.149 -2235.53
11.15 -2214.76
11.151 -2193.76
11.152 -2172.52
11.153 -2151
11.154 -2129.2
11.155 -2107.07
11.156 -2084.6
11.157 -2061.79
11.158 -2038.64
11.159 -2015.17
11.16 -1991.39
11.161 -1967.33
11.162 -1943
11.163 -1918.4
11.164 -1893.51
11.165 -1868.32
11.166 -1842.81
11.167 -1816.95
11.168 -1790.73
11.169 -1764.14
11.17 -1737.2
11.171 -1709.91
11.172 -1682.31
11.173 -1654.43
11.174 -1626.27
11.175 -1597.87
11.176 -1569.2
11.177 -1540.27
11.178 -1511.06
11.179 -1481.55
11.18 -1451.74
11.181 -1421.62
11.182 -1391.22
11.183 -1360.56
11.184 -1329.69
11.185 -1298.62
11.186 -1267.41
11.187 -1236.06
11.188 -1204.58
11.189 -1172.98
11.19 -1141.25
11.191 -1109.38
11.192 -1077.38
11.193 -1045.25
11.194 -1013.01
11.195 -980.699
11.196 -948.346
11.197 -915.987
11.198 -883.662
11.199 -851.389
11.2 -819.189
11.201 -787.057
11.202 -754.998
11.203 -722.998
11.204 -691.059
11.205 -659.177
11.206 -627.372
11.207 -595.657
11.208 -564.069
11.209 -532.634
11.21 -501.385
11.211 -470.338
11.212 -439.511
11.213 -408.896
11.214 -378.491
11.215 -348.271
11.216 -318.234
11.217 -288.36
11.218 -258.66
11.219 -229.137
11.22 -199.82
11.221 -170.723
11.222 -141.883
11.223 -113.304
11.224 -85.0064
11.225 -56.9723
11.226 -29.1992
11.227 -1.65459
11.228 25.67
11.229 52.8022
11.23 79.7356
11.231 106.477
11.232 132.998
11.233 159.291
11.234 185.321
11.235 211.086
11.236 236.565
11.237 261.777
11.238 286.724
11.239 311.44
11.24 335.934
11.241 360.238
11.242 384.345
11.243 408.267
11.244 431.977
11.245 455.469
11.246 478.708
11.247 501.69
11.248 524.393
11.249 546.831
11.25 569.004
11.251 590.945
11.252 612.664
11.253 634.194
11.254 655.531
11.255 676.691
11.256 697.648
11.257 718.399
11.258 738.907
11.259 759.168
11.26 779.157
11.261 798.885
11.262 818.349
11.263 837.579
11.264 856.582
11.265 875.394
11.266 894.011
11.267 912.45
11.268 930.689
11.269 948.724
11.27 966.519
11.271 984.066
11.272 1001.33
11.273 1018.33
11.274 1035.05
11.275 1051.51
11.276 1067.73
11.277 1083.74
11.278 1099.55
11.279 1115.15
11.28 1130.55
11.281 1145.73
11.282 1160.65
11.283 1175.3
11.284 1189.65
11.285 1203.7
11.286 1217.44
11.287 1230.9
11.288 1244.09
11.289 1257.03
11.29 1269.73
11.291 1282.2
11.292 1294.44
11.293 1306.42
11.294 1318.13
11.295 1329.54
11.296 1340.62
11.297 1351.37
11.298 1361.79
11.299 1371.89
11.3 1381.68
11.301 1391.19
11.302 1400.43
11.303 1409.41
11.304 1418.12
11.305 1426.56
11.306 1434.68
11.307 1442.49
11.308 1449.95
11.309 1457.05
11.31 1463.78
11.311 1470.16
11.312 1476.19
11.313 1481.91
11.314 1487.31
11.315 1492.41
11.316 1497.22
11.317 1501.72
11.318 1505.88
11.319 1509.7
11.32 1513.13
11.321 1516.18
11.322 1518.82
11.323 1521.06
11.324 1522.9
11.325 1524.38
11.326 1525.5
11.327 1526.29
11.328 1526.72
11.329 1526.82
11.33 1526.54
11.331 1525.87
11.332 1524.78
11.333 1523.25
11.334 1521.27
11.335 1518.84
11.336 1515.97
11.337 1512.68
11.338 1508.98
11.339 1504.89
11.34 1500.42
11.341 1495.55
11.342 1490.28
11.343 1484.58
11.344 1478.43
11.345 1471.8
11.346 1464.67
11.347 1457.01
11.348 1448.78
11.349 1440.01
11.35 1430.69
11.351 1420.86
11.352 1410.53
11.353 1399.69
11.354 1388.34
11.355 1376.46
11.356 1364.01
11.357 1350.99
11.358 1337.37
11.359 1323.17
11.36 1308.37
11.361 1293.02
11.362 1277.14
11.363 1260.75
11.364 1243.86
11.365 1226.5
11.366 1208.64
11.367 1190.28
11.368 1171.4
11.369 1151.97
11.37 1131.99
11.371 1111.46
11.372 1090.4
11.373 1068.83
11.374 1046.79
11.375 1024.3
11.376 1001.39
11.377 978.064
11.378 954.331
11.379 930.179
11.38 905.592
11.381 880.56
11.382 855.077
11.383 829.152
11.384 802.8
11.385 776.05
11.386 748.935
11.387 721.491
11.388 693.744
11.389 665.715
11.39 637.41
11.391 608.829
11.392 579.964
11.393 550.807
11.394 521.355
11.395 491.614
11.396 461.603
11.397 431.352
11.398 400.897
11.399 370.276
11.4 339.525
11.401 308.665
11.402 277.706
11.403 246.648
11.404 215.486
11.405 184.212
11.406 152.826
11.407 121.335
11.408 89.7593
11.409 58.1289
11.41 26.4815
11.411 -5.14718
11.412 -36.728
11.413 -68.2369
11.414 -99.6599
11.415 -130.992
11.416 -162.234
11.417 -193.39
11.418 -224.461
11.419 -255.439
11.42 -286.308
11.421 -317.046
11.422 -347.629
11.423 -378.024
11.424 -408.206
11.425 -438.148
11.426 -467.838
11.427 -497.27
11.428 -526.448
11.429 -555.377
11.43 -584.066
11.431 -612.518
11.432 -640.734
11.433 -668.699
11.434 -696.396
11.435 -723.797
11.436 -750.883
11.437 -777.63
11.438 -804.032
11.439 -830.084
11.44 -855.801
11.441 -881.19
11.442 -906.27
11.443 -931.046
11.444 -955.528
11.445 -979.706
11.446 -1003.57
11.447 -1027.11
11.448 -1050.29
11.449 -1073.11
11.45 -1095.57
11.451 -1117.64
11.452 -1139.35
11.453 -1160.69
11.454 -1181.7
11.455 -1202.37
11.456 -1222.73
11.457 -1242.76
11.458 -1262.48
11.459 -1281.85
11.46 -1300.87
11.461 -1319.51
11.462 -1337.75
11.463 -1355.59
11.464 -1373.02
11.465 -1390.07
11.466 -1406.73
11.467 -1423.04
11.468 -1439
11.469 -1454.62
11.47 -1469.89
11.471 -1484.78
11.472 -1499.29
11.473 -1513.38
11.474 -1527.03
11.475 -1540.23
11.476 -1552.99
11.477 -1565.3
11.478 -1577.19
11.479 -1588.68
11.48 -1599.77
11.481 -1610.48
11.482 -1620.79
11.483 -1630.68
11.484 -1640.14
11.485 -1649.14
11.486 -1657.65
11.487 -1665.67
11.488 -1673.2
11.489 -1680.24
11.49 -1686.82
11.491 -1692.93
11.492 -1698.62
11.493 -1703.87
11.494 -1708.7
11.495 -1713.08
11.496 -1717
11.497 -1720.43
11.498 -1723.36
11.499 -1725.76
11.5 -1727.65
11.501 -1729.02
11.502 -1729.91
11.503 -1730.34
11.504 -1730.34
11.505 -1729.9
11.506 -1729.05
11.507 -1727.76
11.508 -1726.03
11.509 -1723.83
11.51 -1721.14
11.511 -1717.97
11.512 -1714.31
11.513 -1710.18
11.514 -1705.62
11.515 -1700.63
11.516 -1695.26
11.517 -1689.52
11.518 -1683.39
11.519 -1676.88
11.52 -1669.96
11.521 -1662.62
11.522 -1654.85
11.523 -1646.65
11.524 -1638.03
11.525 -1629
11.526 -1619.6
11.527 -1609.83
11.528 -1599.75
11.529 -1589.37
11.53 -1578.7
11.531 -1567.74
11.532 -1556.5
11.533 -1544.96
11.534 -1533.13
11.535 -1520.98
11.536 -1508.54
11.537 -1495.82
11.538 -1482.83
11.539 -1469.61
11.54 -1456.19
11.541 -1442.6
11.542 -1428.84
11.543 -1414.93
11.544 -1400.85
11.545 -1386.62
11.546 -1372.2
11.547 -1357.61
11.548 -1342.84
11.549 -1327.9
11.55 -1312.82
11.551 -1297.62
11.552 -1282.32
11.553 -1266.94
11.554 -1251.5
11.555 -1235.99
11.556 -1220.43
11.557 -1204.8
11.558 -1189.09
11.559 -1173.29
11.56 -1157.39
11.561 -1141.41
11.562 -1125.34
11.563 -1109.21
11.564 -1093.02
11.565 -1076.81
11.566 -1060.59
11.567 -1044.35
11.568 -1028.1
11.569 -1011.83
11.57 -995.517
11.571 -979.155
11.572 -962.731
11.573 -946.241
11.574 -929.692
11.575 -913.097
11.576 -896.476
11.577 -879.847
11.578 -863.227
11.579 -846.622
11.58 -830.032
11.581 -813.45
11.582 -796.862
11.583 -780.256
11.584 -763.623
11.585 -746.959
11.586 -730.271
11.587 -713.572
11.588 -696.883
11.589 -680.224
11.59 -663.614
11.591 -647.069
11.592 -630.597
11.593 -614.199
11.594 -597.868
11.595 -581.593
11.596 -565.367
11.597 -549.189
11.598 -533.065
11.599 -517.009
11.6 -501.046
11.601 -485.201
11.602 -469.506
11.603 -453.98
11.604 -438.639
11.605 -423.486
11.606 -408.517
11.607 -393.726
11.608 -379.105
11.609 -364.653
11.61 -350.376
11.611 -336.288
11.612 -322.414
11.613 -308.779
11.614 -295.411
11.615 -282.331
11.616 -269.555
11.617 -257.086
11.618 -244.922
11.619 -233.053
11.62 -221.471
11.621 -210.165
11.622 -199.13
11.623 -188.372
11.624 -177.906
11.625 -167.752
11.626 -157.933
11.627 -148.469
11.628 -139.37
11.629 -130.639
11.63 -122.269
11.631 -114.238
11.632 -106.521
11.633 -99.0935
11.634 -91.9426
11.635 -85.0631
11.636 -78.4622
11.637 -72.1525
11.638 -66.1518
11.639 -60.4729
11.64 -55.1237
11.641 -50.094
11.642 -45.3625
11.643 -40.8993
11.644 -36.6739
11.645 -32.6561
11.646 -28.8257
11.647 -25.1701
11.648 -21.6902
11.649 -18.3924
11.65 -15.2891
11.651 -12.3866
11.652 -9.68575
11.653 -7.1752
11.654 -4.83572
11.655 -2.63681
11.656 -0.546987
11.657 1.46675
11.658 3.42786
11.659 5.35297
11.66 7.24497
11.661 9.09965
11.662 10.9042
11.663 12.6506
11.664 14.3335
11.665 15.9608
11.666 17.548
11.667 19.1231
11.668 20.7159
11.669 22.3591
11.67 24.0766
11.671 25.8843
11.672 27.7833
11.673 29.7688
11.674 31.8273
11.675 33.9483
11.676 36.123
11.677 38.3555
11.678 40.657
11.679 43.052
11.68 45.5674
11.681 48.2307
11.682 51.0591
11.683 54.0659
11.684 57.2506
11.685 60.6068
11.686 64.1183
11.687 67.7714
11.688 71.5527
11.689 75.4603
11.69 79.4991
11.691 83.6831
11.692 88.0273
11.693 92.5532
11.694 97.2761
11.695 102.208
11.696 107.346
11.697 112.685
11.698 118.205
11.699 123.889
11.7 129.718
11.701 135.684
11.702 141.782
11.703 148.022
11.704 154.416
11.705 160.984
11.706 167.741
11.707 174.699
11.708 181.857
11.709 189.21
11.71 196.737
11.711 204.424
11.712 212.251
11.713 220.209
11.714 228.293
11.715 236.51
11.716 244.871
11.717 253.398
11.718 262.105
11.719 271.006
11.72 280.104
11.721 289.398
11.722 298.877
11.723 308.529
11.724 318.334
11.725 328.283
11.726 338.369
11.727 348.598
11.728 358.98
11.729 369.535
11.73 380.279
11.731 391.232
11.732 402.398
11.733 413.781
11.734 425.37
11.735 437.152
11.736 449.107
11.737 461.223
11.738 473.49
11.739 485.91
11.74 498.491
11.741 511.25
11.742 524.197
11.743 537.349
11.744 550.711
11.745 564.284
11.746 578.056
11.747 592.014
11.748 606.134
11.749 620.402
11.75 634.8
11.751 649.324
11.752 663.963
11.753 678.726
11.754 693.617
11.755 708.65
11.756 723.824
11.757 739.142
11.758 754.587
11.759 770.147
11.76 785.792
11.761 801.499
11.762 817.234
11.763 832.986
11.764 848.739
11.765 864.499
11.766 880.267
11.767 896.057
11.768 911.868
11.769 927.703
11.77 943.548
11.771 959.385
11.772 975.182
11.773 990.916
11.774 1006.55
11.775 1022.08
11.776 1037.48
11.777 1052.77
11.778 1067.94
11.779 1083
11.78 1097.97
11.781 1112.84
11.782 1127.61
11.783 1142.28
11.784 1156.8
11.785 1171.17
11.786 1185.35
11.787 1199.33
11.788 1213.1
11.789 1226.67
11.79 1240.03
11.791 1253.22
11.792 1266.24
11.793 1279.12
11.794 1291.86
11.795 1304.44
11.796 1316.85
11.797 1329.08
11.798 1341.1
11.799 1352.9
11.8 1364.47
11.801 1375.82
11.802 1386.97
11.803 1397.95
11.804 1408.77
11.805 1419.45
11.806 1430.01
11.807 1440.44
11.808 1450.72
11.809 1460.85
11.81 1470.8
11.811 1480.57
11.812 1490.14
11.813 1499.54
11.814 1508.77
11.815 1517.86
11.816 1526.83
11.817 1535.71
11.818 1544.5
11.819 1553.21
11.82 1561.82
11.821 1570.32
11.822 1578.69
11.823 1586.9
11.824 1594.96
11.825 1602.87
11.826 1610.63
11.827 1618.27
11.828 1625.81
11.829 1633.27
11.83 1640.66
11.831 1647.98
11.832 1655.21
11.833 1662.33
11.834 1669.32
11.835 1676.15
11.836 1682.8
11.837 1689.29
11.838 1695.62
11.839 1701.8
11.84 1707.85
11.841 1713.8
11.842 1719.63
11.843 1725.35
11.844 1730.93
11.845 1736.36
11.846 1741.62
11.847 1746.67
11.848 1751.49
11.849 1756.1
11.85 1760.49
11.851 1764.67
11.852 1768.65
11.853 1772.46
11.854 1776.1
11.855 1779.57
11.856 1782.86
11.857 1785.94
11.858 1788.8
11.859 1791.4
11.86 1793.74
11.861 1795.81
11.862 1797.6
11.863 1799.15
11.864 1800.46
11.865 1801.55
11.866 1802.43
11.867 1803.11
11.868 1803.58
11.869 1803.82
11.87 1803.8
11.871 1803.52
11.872 1802.96
11.873 1802.12
11.874 1801
11.875 1799.63
11.876 1798.01
11.877 1796.18
11.878 1794.15
11.879 1791.92
11.88 1789.49
11.881 1786.86
11.882 1784
11.883 1780.92
11.884 1777.58
11.885 1774
11.886 1770.18
11.887 1766.12
11.888 1761.86
11.889 1757.4
11.89 1752.75
11.891 1747.92
11.892 1742.91
11.893 1737.71
11.894 1732.32
11.895 1726.71
11.896 1720.89
11.897 1714.84
11.898 1708.56
11.899 1702.08
11.9 1695.41
11.901 1688.58
11.902 1681.6
11.903 1674.5
11.904 1667.28
11.905 1659.93
11.906 1652.44
11.907 1644.81
11.908 1637.02
11.909 1629.06
11.91 1620.93
11.911 1612.65
11.912 1604.23
11.913 1595.68
11.914 1587.03
11.915 1578.3
11.916 1569.47
11.917 1560.57
11.918 1551.57
11.919 1542.47
11.92 1533.24
11.921 1523.88
11.922 1514.37
11.923 1504.73
11.924 1494.96
11.925 1485.08
11.926 1475.12
11.927 1465.08
11.928 1454.97
11.929 1444.79
11.93 1434.54
11.931 1424.2
11.932 1413.75
11.933 1403.18
11.934 1392.47
11.935 1381.63
11.936 1370.68
11.937 1359.61
11.938 1348.47
11.939 1337.25
11.94 1325.98
11.941 1314.65
11.942 1303.26
11.943 1291.8
11.944 1280.24
11.945 1268.58
11.946 1256.8
11.947 1244.91
11.948 1232.91
11.949 1220.82
11.95 1208.67
11.951 1196.46
11.952 1184.22
11.953 1171.95
11.954 1159.65
11.955 1147.3
11.956 1134.9
11.957 1122.42
11.958 1109.87
11.959 1097.23
11.96 1084.51
11.961 1071.74
11.962 1058.93
11.963 1046.1
11.964 1033.29
11.965 1020.49
11.966 1007.71
11.967 994.932
11.968 982.152
11.969 969.354
11.97 956.528
11.971 943.674
11.972 930.803
11.973 917.936
11.974 905.095
11.975 892.307
11.976 879.592
11.977 866.964
11.978 854.427
11.979 841.977
11.98 829.603
11.981 817.296
11.982 805.049
11.983 792.864
11.984 780.749
11.985 768.723
11.986 756.811
11.987 745.038
11.988 733.429
11.989 721.999
11.99 710.757
11.991 699.699
11.992 688.818
11.993 678.102
11.994 667.543
11.995 657.137
11.996 646.893
11.997 636.824
11.998 626.954
11.999 617.307
12 607.906
12.001 598.768
12.002 589.899
12.003 581.298
12.004 572.955
12.005 564.858
12.006 556.995
12.007 549.361
12.008 541.958
12.009 534.799
12.01 527.9
12.011 521.284
12.012 514.968
12.013 508.967
12.014 503.284
12.015 497.918
12.016 492.857
12.017 488.087
12.018 483.593
12.019 479.364
12.02 475.397
12.021 471.697
12.022 468.274
12.023 465.144
12.024 462.324
12.025 459.825
12.026 457.653
12.027 455.805
12.028 454.268
12.029 453.026
12.03 452.06
12.031 451.356
12.032 450.906
12.033 450.71
12.034 450.775
12.035 451.116
12.036 451.749
12.037 452.685
12.038 453.931
12.039 455.484
12.04 457.332
12.041 459.46
12.042 461.847
12.043 464.479
12.044 467.344
12.045 470.44
12.046 473.772
12.047 477.352
12.048 481.194
12.049 485.31
12.05 489.707
12.051 494.386
12.052 499.338
12.053 504.549
12.054 510.002
12.055 515.678
12.056 521.565
12.057 527.659
12.058 533.963
12.059 540.486
12.06 547.244
12.061 554.249
12.062 561.513
12.063 569.037
12.064 576.815
12.065 584.834
12.066 593.076
12.067 601.521
12.068 610.156
12.069 618.973
12.07 627.973
12.071 637.164
12.072 646.56
12.073 656.174
12.074 666.017
12.075 676.091
12.076 686.392
12.077 696.907
12.078 707.616
12.079 718.501
12.08 729.544
12.081 740.734
12.082 752.063
12.083 763.536
12.084 775.161
12.085 786.95
12.086 798.91
12.087 811.046
12.088 823.35
12.089 835.811
12.09 848.406
12.091 861.112
12.092 873.902
12.093 886.759
12.094 899.673
12.095 912.641
12.096 925.669
12.097 938.766
12.098 951.939
12.099 965.189
12.1 978.512
12.101 991.89
12.102 1005.3
12.103 1018.71
12.104 1032.09
12.105 1045.42
12.106 1058.68
12.107 1071.88
12.108 1085.01
12.109 1098.08
12.11 1111.1
12.111 1124.06
12.112 1136.97
12.113 1149.8
12.114 1162.53
12.115 1175.14
12.116 1187.59
12.117 1199.87
12.118 1211.95
12.119 1223.84
12.12 1235.52
12.121 1247.02
12.122 1258.35
12.123 1269.5
12.124 1280.49
12.125 1291.3
12.126 1301.91
12.127 1312.31
12.128 1322.46
12.129 1332.34
12.13 1341.95
12.131 1351.28
12.132 1360.33
12.133 1369.13
12.134 1377.69
12.135 1386.02
12.136 1394.13
12.137 1402.02
12.138 1409.67
12.139 1417.07
12.14 1424.19
12.141 1431.02
12.142 1437.54
12.143 1443.77
12.144 1449.7
12.145 1455.35
12.146 1460.75
12.147 1465.9
12.148 1470.83
12.149 1475.52
12.15 1479.98
12.151 1484.19
12.152 1488.13
12.153 1491.78
12.154 1495.13
12.155 1498.19
12.156 1500.96
12.157 1503.46
12.158 1505.7
12.159 1507.72
12.16 1509.51
12.161 1511.09
12.162 1512.45
12.163 1513.58
12.164 1514.46
12.165 1515.07
12.166 1515.4
12.167 1515.46
12.168 1515.24
12.169 1514.77
12.17 1514.05
12.171 1513.12
12.172 1511.98
12.173 1510.64
12.174 1509.08
12.175 1507.29
12.176 1505.26
12.177 1502.96
12.178 1500.4
12.179 1497.55
12.18 1494.42
12.181 1491.03
12.182 1487.37
12.183 1483.47
12.184 1479.34
12.185 1474.98
12.186 1470.38
12.187 1465.54
12.188 1460.44
12.189 1455.05
12.19 1449.36
12.191 1443.36
12.192 1437.04
12.193 1430.4
12.194 1423.46
12.195 1416.22
12.196 1408.7
12.197 1400.9
12.198 1392.82
12.199 1384.45
12.2 1375.77
12.201 1366.75
12.202 1357.39
12.203 1347.65
12.204 1337.54
12.205 1327.06
12.206 1316.22
12.207 1305.02
12.208 1293.49
12.209 1281.62
12.21 1269.42
12.211 1256.88
12.212 1243.99
12.213 1230.72
12.214 1217.06
12.215 1202.99
12.216 1188.5
12.217 1173.61
12.218 1158.3
12.219 1142.61
12.22 1126.54
12.221 1110.1
12.222 1093.3
12.223 1076.14
12.224 1058.6
12.225 1040.66
12.226 1022.31
12.227 1003.54
12.228 984.328
12.229 964.685
12.23 944.618
12.231 924.145
12.232 903.285
12.233 882.056
12.234 860.469
12.235 838.526
12.236 816.221
12.237 793.543
12.238 770.478
12.239 747.015
12.24 723.151
12.241 698.891
12.242 674.249
12.243 649.246
12.244 623.905
12.245 598.25
12.246 572.298
12.247 546.058
12.248 519.533
12.249 492.716
12.25 465.601
12.251 438.184
12.252 410.468
12.253 382.464
12.254 354.191
12.255 325.678
12.256 296.955
12.257 268.053
12.258 238.997
12.259 209.806
12.26 180.491
12.261 151.056
12.262 121.505
12.263 91.8395
12.264 62.0661
12.265 32.2009
12.266 2.26409
12.267 -27.712
12.268 -57.696
12.269 -87.6508
12.27 -117.549
12.271 -147.36
12.272 -177.066
12.273 -206.65
12.274 -236.111
12.275 -265.44
12.276 -294.634
12.277 -323.679
12.278 -352.558
12.279 -381.24
12.28 -409.699
12.281 -437.891
12.282 -465.785
12.283 -493.348
12.284 -520.565
12.285 -547.422
12.286 -573.924
12.287 -600.067
12.288 -625.858
12.289 -651.289
12.29 -676.355
12.291 -701.029
12.292 -725.289
12.293 -749.099
12.294 -772.437
12.295 -795.275
12.296 -817.609
12.297 -839.429
12.298 -860.749
12.299 -881.573
12.3 -901.92
12.301 -921.786
12.302 -941.179
12.303 -960.078
12.304 -978.477
12.305 -996.343
12.306 -1013.66
12.307 -1030.42
12.308 -1046.6
12.309 -1062.21
12.31 -1077.27
12.311 -1091.77
12.312 -1105.77
12.313 -1119.25
12.314 -1132.23
12.315 -1144.71
12.316 -1156.68
12.317 -1168.11
12.318 -1179
12.319 -1189.32
12.32 -1199.08
12.321 -1208.27
12.322 -1216.92
12.323 -1225.05
12.324 -1232.68
12.325 -1239.83
12.326 -1246.52
12.327 -1252.73
12.328 -1258.48
12.329 -1263.72
12.33 -1268.47
12.331 -1272.7
12.332 -1276.42
12.333 -1279.62
12.334 -1282.33
12.335 -1284.57
12.336 -1286.36
12.337 -1287.73
12.338 -1288.69
12.339 -1289.23
12.34 -1289.36
12.341 -1289.06
12.342 -1288.32
12.343 -1287.13
12.344 -1285.48
12.345 -1283.37
12.346 -1280.82
12.347 -1277.85
12.348 -1274.48
12.349 -1270.73
12.35 -1266.62
12.351 -1262.14
12.352 -1257.29
12.353 -1252.06
12.354 -1246.44
12.355 -1240.39
12.356 -1233.9
12.357 -1226.97
12.358 -1219.61
12.359 -1211.82
12.36 -1203.64
12.361 -1195.08
12.362 -1186.14
12.363 -1176.83
12.364 -1167.15
12.365 -1157.08
12.366 -1146.61
12.367 -1135.71
12.368 -1124.38
12.369 -1112.61
12.37 -1100.41
12.371 -1087.79
12.372 -1074.77
12.373 -1061.35
12.374 -1047.56
12.375 -1033.39
12.376 -1018.84
12.377 -1003.9
12.378 -988.546
12.379 -972.762
12.38 -956.538
12.381 -939.86
12.382 -922.729
12.383 -905.148
12.384 -887.134
12.385 -868.698
12.386 -849.853
12.387 -830.603
12.388 -810.947
12.389 -790.87
12.39 -770.358
12.391 -749.389
12.392 -727.948
12.393 -706.023
12.394 -683.613
12.395 -660.723
12.396 -637.368
12.397 -613.563
12.398 -589.323
12.399 -564.655
12.4 -539.561
12.401 -514.033
12.402 -488.057
12.403 -461.616
12.404 -434.694
12.405 -407.28
12.406 -379.375
12.407 -350.984
12.408 -322.122
12.409 -292.809
12.41 -263.062
12.411 -232.897
12.412 -202.323
12.413 -171.339
12.414 -139.94
12.415 -108.115
12.416 -75.8533
12.417 -43.1507
12.418 -10.011
12.419 23.5521
12.42 57.5162
12.421 91.8517
12.422 126.526
12.423 161.511
12.424 196.784
12.425 232.333
12.426 268.151
12.427 304.237
12.428 340.588
12.429 377.198
12.43 414.053
12.431 451.126
12.432 488.375
12.433 525.759
12.434 563.23
12.435 600.749
12.436 638.278
12.437 675.793
12.438 713.274
12.439 750.711
12.44 788.091
12.441 825.4
12.442 862.605
12.443 899.676
12.444 936.567
12.445 973.235
12.446 1009.63
12.447 1045.71
12.448 1081.44
12.449 1116.79
12.45 1151.75
12.451 1186.3
12.452 1220.43
12.453 1254.15
12.454 1287.41
12.455 1320.22
12.456 1352.54
12.457 1384.34
12.458 1415.58
12.459 1446.24
12.46 1476.29
12.461 1505.73
12.462 1534.54
12.463 1562.73
12.464 1590.3
12.465 1617.28
12.466 1643.64
12.467 1669.41
12.468 1694.56
12.469 1719.08
12.47 1742.95
12.471 1766.17
12.472 1788.72
12.473 1810.6
12.474 1831.81
12.475 1852.39
12.476 1872.33
12.477 1891.66
12.478 1910.4
12.479 1928.55
12.48 1946.12
12.481 1963.09
12.482 1979.47
12.483 1995.25
12.484 2010.41
12.485 2024.97
12.486 2038.93
12.487 2052.3
12.488 2065.11
12.489 2077.37
12.49 2089.1
12.491 2100.33
12.492 2111.04
12.493 2121.25
12.494 2130.94
12.495 2140.11
12.496 2148.75
12.497 2156.86
12.498 2164.44
12.499 2171.51
12.5 2178.08
12.501 2184.18
12.502 2189.81
12.503 2195.01
12.504 2199.77
12.505 2204.1
12.506 2207.97
12.507 2211.4
12.508 2214.35
12.509 2216.83
12.51 2218.84
12.511 2220.4
12.512 2221.5
12.513 2222.17
12.514 2222.42
12.515 2222.28
12.516 2221.73
12.517 2220.78
12.518 2219.42
12.519 2217.65
12.52 2215.43
12.521 2212.78
12.522 2209.66
12.523 2206.1
12.524 2202.09
12.525 2197.66
12.526 2192.81
12.527 2187.55
12.528 2181.89
12.529 2175.84
12.53 2169.37
12.531 2162.46
12.532 2155.06
12.533 2147.14
12.534 2138.67
12.535 2129.66
12.536 2120.1
12.537 2110.02
12.538 2099.42
12.539 2088.31
12.54 2076.71
12.541 2064.6
12.542 2051.97
12.543 2038.8
12.544 2025.07
12.545 2010.77
12.546 1995.87
12.547 1980.38
12.548 1964.3
12.549 1947.64
12.55 1930.41
12.551 1912.63
12.552 1894.29
12.553 1875.4
12.554 1855.95
12.555 1835.93
12.556 1815.31
12.557 1794.08
12.558 1772.23
12.559 1749.75
12.56 1726.65
12.561 1702.93
12.562 1678.63
12.563 1653.75
12.564 1628.3
12.565 1602.29
12.566 1575.72
12.567 1548.58
12.568 1520.84
12.569 1492.5
12.57 1463.54
12.571 1433.97
12.572 1403.79
12.573 1373.04
12.574 1341.73
12.575 1309.88
12.576 1277.52
12.577 1244.65
12.578 1211.29
12.579 1177.41
12.58 1143.03
12.581 1108.13
12.582 1072.72
12.583 1036.81
12.584 1000.41
12.585 963.561
12.586 926.282
12.587 888.611
12.588 850.581
12.589 812.215
12.59 773.533
12.591 734.547
12.592 695.264
12.593 655.692
12.594 615.844
12.595 575.739
12.596 535.408
12.597 494.888
12.598 454.224
12.599 413.465
12.6 372.654
12.601 331.832
12.602 291.029
12.603 250.269
12.604 209.569
12.605 168.949
12.606 128.423
12.607 88.0219
12.608 47.7742
12.609 7.72452
12.61 -32.0839
12.611 -71.6011
12.612 -110.789
12.613 -149.605
12.614 -188.028
12.615 -226.032
12.616 -263.611
12.617 -300.752
12.618 -337.453
12.619 -373.697
12.62 -409.473
12.621 -444.754
12.622 -479.521
12.623 -513.741
12.624 -547.396
12.625 -580.459
12.626 -612.927
12.627 -644.792
12.628 -676.067
12.629 -706.756
12.63 -736.881
12.631 -766.448
12.632 -795.474
12.633 -823.952
12.634 -851.886
12.635 -879.259
12.636 -906.071
12.637 -932.307
12.638 -957.979
12.639 -983.086
12.64 -1007.66
12.641 -1031.71
12.642 -1055.27
12.643 -1078.37
12.644 -1101.03
12.645 -1123.24
12.646 -1145.03
12.647 -1166.37
12.648 -1187.28
12.649 -1207.73
12.65 -1227.74
12.651 -1247.31
12.652 -1266.47
12.653 -1285.23
12.654 -1303.63
12.655 -1321.67
12.656 -1339.39
12.657 -1356.79
12.658 -1373.87
12.659 -1390.63
12.66 -1407.06
12.661 -1423.15
12.662 -1438.89
12.663 -1454.29
12.664 -1469.36
12.665 -1484.12
12.666 -1498.59
12.667 -1512.79
12.668 -1526.74
12.669 -1540.44
12.67 -1553.9
12.671 -1567.1
12.672 -1580.03
12.673 -1592.68
12.674 -1605.03
12.675 -1617.08
12.676 -1628.84
12.677 -1640.32
12.678 -1651.55
12.679 -1662.52
12.68 -1673.28
12.681 -1683.81
12.682 -1694.13
12.683 -1704.2
12.684 -1714.03
12.685 -1723.59
12.686 -1732.87
12.687 -1741.87
12.688 -1750.6
12.689 -1759.05
12.69 -1767.25
12.691 -1775.22
12.692 -1782.97
12.693 -1790.52
12.694 -1797.86
12.695 -1804.98
12.696 -1811.88
12.697 -1818.53
12.698 -1824.93
12.699 -1831.05
12.7 -1836.92
12.701 -1842.53
12.702 -1847.91
12.703 -1853.08
12.704 -1858.06
12.705 -1862.85
12.706 -1867.47
12.707 -1871.91
12.708 -1876.15
12.709 -1880.17
12.71 -1883.98
12.711 -1887.56
12.712 -1890.91
12.713 -1894.06
12.714 -1897.03
12.715 -1899.82
12.716 -1902.48
12.717 -1905.01
12.718 -1907.42
12.719 -1909.71
12.72 -1911.87
12.721 -1913.89
12.722 -1915.77
12.723 -1917.51
12.724 -1919.13
12.725 -1920.62
12.726 -1922.01
12.727 -1923.34
12.728 -1924.61
12.729 -1925.86
12.73 -1927.09
12.731 -1928.31
12.732 -1929.53
12.733 -1930.74
12.734 -1931.94
12.735 -1933.14
12.736 -1934.33
12.737 -1935.53
12.738 -1936.77
12.739 -1938.07
12.74 -1939.45
12.741 -1940.95
12.742 -1942.58
12.743 -1944.36
12.744 -1946.3
12.745 -1948.39
12.746 -1950.64
12.747 -1953.05
12.748 -1955.61
12.749 -1958.35
12.75 -1961.29
12.751 -1964.44
12.752 -1967.85
12.753 -1971.53
12.754 -1975.51
12.755 -1979.8
12.756 -1984.42
12.757 -1989.34
12.758 -1994.59
12.759 -2000.14
12.76 -2006
12.761 -2012.18
12.762 -2018.69
12.763 -2025.55
12.764 -2032.77
12.765 -2040.39
12.766 -2048.41
12.767 -2056.85
12.768 -2065.72
12.769 -2075.01
12.77 -2084.7
12.771 -2094.79
12.772 -2105.26
12.773 -2116.08
12.774 -2127.28
12.775 -2138.85
12.776 -2150.82
12.777 -2163.19
12.778 -2175.98
12.779 -2189.19
12.78 -2202.83
12.781 -2216.87
12.782 -2231.28
12.783 -2246.04
12.784 -2261.12
12.785 -2276.5
12.786 -2292.18
12.787 -2308.15
12.788 -2324.42
12.789 -2341.01
12.79 -2357.92
12.791 -2375.15
12.792 -2392.67
12.793 -2410.47
12.794 -2428.51
12.795 -2446.75
12.796 -2465.17
12.797 -2483.75
12.798 -2502.47
12.799 -2521.33
12.8 -2540.34
12.801 -2559.49
12.802 -2578.79
12.803 -2598.22
12.804 -2617.79
12.805 -2637.44
12.806 -2657.17
12.807 -2676.94
12.808 -2696.72
12.809 -2716.48
12.81 -2736.22
12.811 -2755.92
12.812 -2775.58
12.813 -2795.2
12.814 -2814.79
12.815 -2834.34
12.816 -2853.84
12.817 -2873.28
12.818 -2892.62
12.819 -2911.85
12.82 -2930.93
12.821 -2949.83
12.822 -2968.55
12.823 -2987.06
12.824 -3005.38
12.825 -3023.49
12.826 -3041.42
12.827 -3059.16
12.828 -3076.72
12.829 -3094.07
12.83 -3111.2
12.831 -3128.07
12.832 -3144.68
12.833 -3160.97
12.834 -3176.94
12.835 -3192.58
12.836 -3207.9
12.837 -3222.89
12.838 -3237.58
12.839 -3251.96
12.84 -3266.05
12.841 -3279.82
12.842 -3293.17
12.843 -3306
12.844 -3318.46
12.845 -3330.53
12.846 -3342.19
12.847 -3353.44
12.848 -3364.27
12.849 -3374.7
12.85 -3384.73
12.851 -3394.38
12.852 -3403.64
12.853 -3412.52
12.854 -3421
12.855 -3429.07
12.856 -3436.7
12.857 -3443.87
12.858 -3450.58
12.859 -3456.8
12.86 -3462.56
12.861 -3467.84
12.862 -3472.67
12.863 -3477.06
12.864 -3481
12.865 -3484.51
12.866 -3487.57
12.867 -3490.16
12.868 -3492.28
12.869 -3493.88
12.87 -3494.98
12.871 -3495.54
12.872 -3495.57
12.873 -3495.09
12.874 -3494.1
12.875 -3492.61
12.876 -3490.63
12.877 -3488.16
12.878 -3485.2
12.879 -3481.72
12.88 -3477.72
12.881 -3473.17
12.882 -3468.05
12.883 -3462.35
12.884 -3456.09
12.885 -3449.25
12.886 -3441.85
12.887 -3433.89
12.888 -3425.4
12.889 -3416.25
12.89 -3406.37
12.891 -3395.69
12.892 -3384.18
12.893 -3371.84
12.894 -3358.64
12.895 -3344.57
12.896 -3329.62
12.897 -3313.8
12.898 -3297.12
12.899 -3279.57
12.9 -3261.18
12.901 -3241.94
12.902 -3221.86
12.903 -3200.94
12.904 -3179.16
12.905 -3156.51
12.906 -3132.96
12.907 -3108.52
12.908 -3083.16
12.909 -3056.89
12.91 -3029.73
12.911 -3001.67
12.912 -2972.75
12.913 -2942.97
12.914 -2912.33
12.915 -2880.84
12.916 -2848.48
12.917 -2815.23
12.918 -2781.1
12.919 -2746.05
12.92 -2710.09
12.921 -2673.22
12.922 -2635.46
12.923 -2596.81
12.924 -2557.31
12.925 -2516.96
12.926 -2475.78
12.927 -2433.77
12.928 -2390.93
12.929 -2347.25
12.93 -2302.73
12.931 -2257.36
12.932 -2211.14
12.933 -2164.09
12.934 -2116.24
12.935 -2067.6
12.936 -2018.22
12.937 -1968.13
12.938 -1917.37
12.939 -1865.96
12.94 -1813.93
12.941 -1761.29
12.942 -1708.07
12.943 -1654.29
12.944 -1599.99
12.945 -1545.2
12.946 -1489.98
12.947 -1434.39
12.948 -1378.5
12.949 -1322.37
12.95 -1266.08
12.951 -1209.68
12.952 -1153.23
12.953 -1096.77
12.954 -1040.36
12.955 -984.018
12.956 -927.811
12.957 -871.784
12.958 -816
12.959 -760.52
12.96 -705.417
12.961 -650.748
12.962 -596.576
12.963 -542.94
12.964 -489.884
12.965 -437.425
12.966 -385.588
12.967 -334.374
12.968 -283.805
12.969 -233.884
12.97 -184.639
12.971 -136.078
12.972 -88.2321
12.973 -41.1075
12.974 5.26982
12.975 50.9077
12.976 95.7976
12.977 139.967
12.978 183.424
12.979 226.207
12.98 268.327
12.981 309.819
12.982 350.685
12.983 390.948
12.984 430.597
12.985 469.647
12.986 508.084
12.987 545.931
12.988 583.183
12.989 619.879
12.99 656.028
12.991 691.675
12.992 726.832
12.993 761.538
12.994 795.792
12.995 829.617
12.996 862.997
12.997 895.945
12.998 928.439
12.999 960.495
13 992.1
13.001 1023.28
13.002 1054.03
13.003 1084.4
13.004 1114.37
13.005 1143.98
13.006 1173.23
13.007 1202.14
13.008 1230.68
13.009 1258.85
13.01 1286.63
13.011 1314.03
13.012 1341.01
13.013 1367.6
13.014 1393.78
13.015 1419.59
13.016 1445.03
13.017 1470.11
13.018 1494.84
13.019 1519.23
13.02 1543.26
13.021 1566.93
13.022 1590.2
13.023 1613.07
13.024 1635.52
13.025 1657.55
13.026 1679.16
13.027 1700.38
13.028 1721.2
13.029 1741.64
13.03 1761.72
13.031 1781.43
13.032 1800.76
13.033 1819.71
13.034 1838.24
13.035 1856.37
13.036 1874.05
13.037 1891.31
13.038 1908.12
13.039 1924.52
13.04 1940.51
13.041 1956.11
13.042 1971.32
13.043 1986.17
13.044 2000.63
13.045 2014.7
13.046 2028.35
13.047 2041.6
13.048 2054.39
13.049 2066.76
13.05 2078.68
13.051 2090.19
13.052 2101.28
13.053 2112
13.054 2122.33
13.055 2132.32
13.056 2141.93
13.057 2151.18
13.058 2160.03
13.059 2168.5
13.06 2176.55
13.061 2184.2
13.062 2191.42
13.063 2198.26
13.064 2204.72
13.065 2210.82
13.066 2216.58
13.067 2222
13.068 2227.09
13.069 2231.85
13.07 2236.26
13.071 2240.3
13.072 2243.97
13.073 2247.25
13.074 2250.15
13.075 2252.68
13.076 2254.85
13.077 2256.69
13.078 2258.2
13.079 2259.41
13.08 2260.31
13.081 2260.9
13.082 2261.16
13.083 2261.08
13.084 2260.65
13.085 2259.85
13.086 2258.69
13.087 2257.17
13.088 2255.31
13.089 2253.12
13.09 2250.62
13.091 2247.84
13.092 2244.75
13.093 2241.38
13.094 2237.69
13.095 2233.68
13.096 2229.34
13.097 2224.65
13.098 2219.6
13.099 2214.22
13.1 2208.49
13.101 2202.46
13.102 2196.12
13.103 2189.5
13.104 2182.6
13.105 2175.42
13.106 2167.89
13.107 2159.99
13.108 2151.64
13.109 2142.84
13.11 2133.58
13.111 2123.86
13.112 2113.7
13.113 2103.12
13.114 2092.13
13.115 2080.75
13.116 2068.98
13.117 2056.84
13.118 2044.31
13.119 2031.38
13.12 2018.04
13.121 2004.29
13.122 1990.11
13.123 1975.5
13.124 1960.48
13.125 1945.06
13.126 1929.27
13.127 1913.11
13.128 1896.61
13.129 1879.76
13.13 1862.57
13.131 1845.03
13.132 1827.1
13.133 1808.8
13.134 1790.1
13.135 1771.02
13.136 1751.55
13.137 1731.71
13.138 1711.53
13.139 1691.02
13.14 1670.2
13.141 1649.07
13.142 1627.63
13.143 1605.87
13.144 1583.78
13.145 1561.36
13.146 1538.58
13.147 1515.45
13.148 1491.99
13.149 1468.2
13.15 1444.11
13.151 1419.73
13.152 1395.09
13.153 1370.19
13.154 1345.04
13.155 1319.62
13.156 1293.94
13.157 1267.97
13.158 1241.72
13.159 1215.17
13.16 1188.35
13.161 1161.26
13.162 1133.94
13.163 1106.4
13.164 1078.66
13.165 1050.75
13.166 1022.67
13.167 994.416
13.168 965.987
13.169 937.377
13.17 908.582
13.171 879.607
13.172 850.466
13.173 821.18
13.174 791.778
13.175 762.29
13.176 732.743
13.177 703.161
13.178 673.559
13.179 643.946
13.18 614.322
13.181 584.691
13.182 555.059
13.183 525.437
13.184 495.843
13.185 466.303
13.186 436.849
13.187 407.517
13.188 378.34
13.189 349.348
13.19 320.561
13.191 291.996
13.192 263.661
13.193 235.563
13.194 207.707
13.195 180.106
13.196 152.773
13.197 125.735
13.198 99.0198
13.199 72.6619
13.2 46.6909
13.201 21.1375
13.202 -3.98108
13.203 -28.6494
13.204 -52.8664
13.205 -76.6282
13.206 -99.94
13.207 -122.796
13.208 -145.194
13.209 -167.115
13.21 -188.544
13.211 -209.453
13.212 -229.821
13.213 -249.624
13.214 -268.852
13.215 -287.496
13.216 -305.564
13.217 -323.059
13.218 -339.995
13.219 -356.377
13.22 -372.213
13.221 -387.493
13.222 -402.213
13.223 -416.351
13.224 -429.897
13.225 -442.83
13.226 -455.15
13.227 -466.85
13.228 -477.943
13.229 -488.437
13.23 -498.353
13.231 -507.702
13.232 -516.499
13.233 -524.742
13.234 -532.432
13.235 -539.554
13.236 -546.102
13.237 -552.056
13.238 -557.417
13.239 -562.18
13.24 -566.36
13.241 -569.964
13.242 -573.019
13.243 -575.536
13.244 -577.536
13.245 -579.017
13.246 -579.985
13.247 -580.426
13.248 -580.334
13.249 -579.692
13.25 -578.497
13.251 -576.743
13.252 -574.442
13.253 -571.6
13.254 -568.241
13.255 -564.376
13.256 -560.025
13.257 -555.19
13.258 -549.868
13.259 -544.041
13.26 -537.698
13.261 -530.821
13.262 -523.406
13.263 -515.444
13.264 -506.943
13.265 -497.91
13.266 -488.365
13.267 -478.322
13.268 -467.8
13.269 -456.803
13.27 -445.337
13.271 -433.391
13.272 -420.957
13.273 -408.017
13.274 -394.564
13.275 -380.587
13.276 -366.092
13.277 -351.085
13.278 -335.585
13.279 -319.606
13.28 -303.166
13.281 -286.272
13.282 -268.929
13.283 -251.128
13.284 -232.862
13.285 -214.113
13.286 -194.872
13.287 -175.131
13.288 -154.89
13.289 -134.157
13.29 -112.947
13.291 -91.2752
13.292 -69.157
13.293 -46.6014
13.294 -23.6136
13.295 -0.188581
13.296 23.6819
13.297 48.012
13.298 72.8123
13.299 98.0919
13.3 123.851
13.301 150.083
13.302 176.777
13.303 203.916
13.304 231.482
13.305 259.463
13.306 287.851
13.307 316.644
13.308 345.849
13.309 375.474
13.31 405.53
13.311 436.022
13.312 466.949
13.313 498.302
13.314 530.066
13.315 562.219
13.316 594.738
13.317 627.601
13.318 660.79
13.319 694.296
13.32 728.116
13.321 762.248
13.322 796.695
13.323 831.455
13.324 866.518
13.325 901.87
13.326 937.484
13.327 973.33
13.328 1009.37
13.329 1045.58
13.33 1081.93
13.331 1118.39
13.332 1154.95
13.333 1191.61
13.334 1228.36
13.335 1265.19
13.336 1302.08
13.337 1339.02
13.338 1375.97
13.339 1412.9
13.34 1449.78
13.341 1486.56
13.342 1523.21
13.343 1559.71
13.344 1596.05
13.345 1632.21
13.346 1668.2
13.347 1703.99
13.348 1739.59
13.349 1774.98
13.35 1810.14
13.351 1845.04
13.352 1879.66
13.353 1913.97
13.354 1947.94
13.355 1981.58
13.356 2014.87
13.357 2047.81
13.358 2080.4
13.359 2112.67
13.36 2144.62
13.361 2176.24
13.362 2207.54
13.363 2238.51
13.364 2269.13
13.365 2299.41
13.366 2329.31
13.367 2358.86
13.368 2388.04
13.369 2416.87
13.37 2445.37
13.371 2473.57
13.372 2501.49
13.373 2529.15
13.374 2556.55
13.375 2583.72
13.376 2610.63
13.377 2637.3
13.378 2663.7
13.379 2689.85
13.38 2715.76
13.381 2741.45
13.382 2766.95
13.383 2792.31
13.384 2817.54
13.385 2842.69
13.386 2867.75
13.387 2892.74
13.388 2917.65
13.389 2942.49
13.39 2967.25
13.391 2991.94
13.392 3016.57
13.393 3041.18
13.394 3065.8
13.395 3090.46
13.396 3115.18
13.397 3139.99
13.398 3164.91
13.399 3189.93
13.4 3215.05
13.401 3240.27
13.402 3265.58
13.403 3291
13.404 3316.51
13.405 3342.14
13.406 3367.91
13.407 3393.85
13.408 3419.96
13.409 3446.28
13.41 3472.8
13.411 3499.52
13.412 3526.4
13.413 3553.43
13.414 3580.57
13.415 3607.83
13.416 3635.19
13.417 3662.66
13.418 3690.24
13.419 3717.95
13.42 3745.8
13.421 3773.77
13.422 3801.84
13.423 3829.97
13.424 3858.13
13.425 3886.3
13.426 3914.42
13.427 3942.5
13.428 3970.51
13.429 3998.46
13.43 4026.33
13.431 4054.12
13.432 4081.81
13.433 4109.39
13.434 4136.81
13.435 4164.07
13.436 4191.11
13.437 4217.93
13.438 4244.48
13.439 4270.77
13.44 4296.76
13.441 4322.45
13.442 4347.83
13.443 4372.91
13.444 4397.67
13.445 4422.11
13.446 4446.21
13.447 4469.97
13.448 4493.35
13.449 4516.36
13.45 4538.96
13.451 4561.16
13.452 4582.93
13.453 4604.31
13.454 4625.27
13.455 4645.85
13.456 4666.04
13.457 4685.85
13.458 4705.27
13.459 4724.31
13.46 4742.95
13.461 4760.51
13.462 4777.32
13.463 4793.52
13.464 4809.12
13.465 4823.41
13.466 4834.01
13.467 4843.85
13.468 4853.47
13.469 4862.84
13.47 4871.96
13.471 4880.85
13.472 4889.54
13.473 4898.06
13.474 4906.45
13.475 4914.75
13.476 4922.96
13.477 4931.07
13.478 4939.07
13.479 4946.93
13.48 4954.61
13.481 4962.1
13.482 4969.37
13.483 4976.44
13.484 4983.33
13.485 4990.07
13.486 4996.7
13.487 5003.26
13.488 5009.75
13.489 5016.17
13.49 5022.51
13.491 5028.72
13.492 5034.79
13.493 5040.67
13.494 5046.35
13.495 5051.83
13.496 5057.13
13.497 5062.29
13.498 5067.34
13.499 5072.31
13.5 5077.22
13.501 5082.07
13.502 5086.84
13.503 5091.5
13.504 5096.02
13.505 5100.37
13.506 5104.52
13.507 5108.47
13.508 5112.25
13.509 5115.87
13.51 5119.38
13.511 5122.81
13.512 5126.18
13.513 5129.49
13.514 5132.74
13.515 5135.9
13.516 5138.92
13.517 5141.79
13.518 5144.47
13.519 5146.97
13.52 5149.28
13.521 5151.44
13.522 5153.49
13.523 5155.44
13.524 5157.34
13.525 5159.19
13.526 5160.99
13.527 5162.69
13.528 5164.29
13.529 5165.73
13.53 5167
13.531 5168.08
13.532 5168.97
13.533 5169.7
13.534 5170.3
13.535 5170.81
13.536 5171.24
13.537 5171.62
13.538 5171.95
13.539 5172.19
13.54 5172.33
13.541 5172.31
13.542 5172.11
13.543 5171.72
13.544 5171.12
13.545 5170.34
13.546 5169.41
13.547 5168.37
13.548 5167.24
13.549 5166.04
13.55 5164.77
13.551 5163.41
13.552 5161.93
13.553 5160.29
13.554 5158.45
13.555 5156.4
13.556 5154.11
13.557 5151.62
13.558 5148.95
13.559 5146.13
13.56 5143.2
13.561 5140.16
13.562 5137.03
13.563 5133.78
13.564 5130.38
13.565 5126.79
13.566 5122.97
13.567 5118.91
13.568 5114.59
13.569 5110.02
13.57 5105.22
13.571 5100.23
13.572 5095.07
13.573 5089.76
13.574 5084.32
13.575 5078.72
13.576 5072.94
13.577 5066.93
13.578 5060.67
13.579 5054.12
13.58 5047.26
13.581 5040.11
13.582 5032.67
13.583 5024.99
13.584 5017.08
13.585 5008.97
13.586 5000.67
13.587 4992.16
13.588 4983.43
13.589 4974.42
13.59 4965.11
13.591 4955.46
13.592 4945.45
13.593 4935.07
13.594 4924.34
13.595 4913.28
13.596 4901.88
13.597 4889.99
13.598 4877.58
13.599 4864.17
13.6 4849.72
13.601 4834.2
13.602 4817.55
13.603 4799.73
13.604 4780.7
13.605 4760.44
13.606 4738.96
13.607 4716.28
13.608 4692.43
13.609 4667.44
13.61 4641.31
13.611 4614.07
13.612 4585.68
13.613 4556.11
13.614 4525.33
13.615 4493.27
13.616 4459.9
13.617 4425.21
13.618 4389.18
13.619 4351.85
13.62 4313.24
13.621 4273.38
13.622 4232.31
13.623 4190.03
13.624 4146.54
13.625 4101.8
13.626 4055.78
13.627 4008.43
13.628 3959.7
13.629 3909.6
13.63 3858.1
13.631 3805.25
13.632 3751.07
13.633 3695.63
13.634 3638.95
13.635 3581.07
13.636 3522.01
13.637 3461.75
13.638 3400.28
13.639 3337.58
13.64 3273.64
13.641 3208.49
13.642 3142.15
13.643 3074.7
13.644 3006.21
13.645 2936.78
13.646 2866.5
13.647 2795.46
13.648 2723.73
13.649 2651.38
13.65 2578.46
13.651 2505.01
13.652 2431.09
13.653 2356.76
13.654 2282.11
13.655 2207.25
13.656 2132.31
13.657 2057.41
13.658 1982.68
13.659 1908.24
13.66 1834.18
13.661 1760.56
13.662 1687.43
13.663 1614.82
13.664 1542.76
13.665 1471.27
13.666 1400.39
13.667 1330.17
13.668 1260.65
13.669 1191.91
13.67 1123.99
13.671 1056.94
13.672 990.772
13.673 925.482
13.674 861.038
13.675 797.395
13.676 734.502
13.677 672.311
13.678 610.789
13.679 549.92
13.68 489.704
13.681 430.154
13.682 371.288
13.683 313.116
13.684 255.634
13.685 198.819
13.686 142.633
13.687 87.0213
13.688 31.9285
13.689 -22.6945
13.69 -76.8825
13.691 -130.648
13.692 -183.982
13.693 -236.862
13.694 -289.257
13.695 -341.14
13.696 -392.498
13.697 -443.331
13.698 -493.661
13.699 -543.523
13.7 -592.957
13.701 -642
13.702 -690.673
13.703 -738.982
13.704 -786.91
13.705 -834.427
13.706 -881.493
13.707 -928.069
13.708 -974.13
13.709 -1019.66
13.71 -1064.68
13.711 -1109.21
13.712 -1153.27
13.713 -1196.91
13.714 -1240.14
13.715 -1282.98
13.716 -1325.4
13.717 -1367.38
13.718 -1408.87
13.719 -1449.84
13.72 -1490.26
13.721 -1530.1
13.722 -1569.38
13.723 -1608.11
13.724 -1646.33
13.725 -1684.07
13.726 -1721.36
13.727 -1758.21
13.728 -1794.61
13.729 -1830.54
13.73 -1865.97
13.731 -1900.84
13.732 -1935.13
13.733 -1968.83
13.734 -2001.92
13.735 -2034.44
13.736 -2066.41
13.737 -2097.88
13.738 -2128.87
13.739 -2159.39
13.74 -2189.46
13.741 -2219.06
13.742 -2248.13
13.743 -2276.66
13.744 -2304.6
13.745 -2331.93
13.746 -2358.66
13.747 -2384.8
13.748 -2410.39
13.749 -2435.45
13.75 -2460.04
13.751 -2484.16
13.752 -2507.83
13.753 -2531.01
13.754 -2553.7
13.755 -2575.84
13.756 -2597.4
13.757 -2618.36
13.758 -2638.73
13.759 -2658.5
13.76 -2677.71
13.761 -2696.41
13.762 -2714.62
13.763 -2732.37
13.764 -2749.68
13.765 -2766.53
13.766 -2782.9
13.767 -2798.75
13.768 -2814.05
13.769 -2828.78
13.77 -2842.93
13.771 -2856.52
13.772 -2869.56
13.773 -2882.1
13.774 -2894.18
13.775 -2905.83
13.776 -2917.07
13.777 -2927.88
13.778 -2938.25
13.779 -2948.16
13.78 -2957.55
13.781 -2966.42
13.782 -2974.75
13.783 -2982.55
13.784 -2989.85
13.785 -2996.69
13.786 -3003.11
13.787 -3009.14
13.788 -3014.8
13.789 -3020.09
13.79 -3025
13.791 -3029.49
13.792 -3033.55
13.793 -3037.13
13.794 -3040.22
13.795 -3042.84
13.796 -3044.99
13.797 -3046.72
13.798 -3048.07
13.799 -3049.07
13.8 -3049.74
13.801 -3050.09
13.802 -3050.1
13.803 -3049.76
13.804 -3049.04
13.805 -3047.89
13.806 -3046.31
13.807 -3044.29
13.808 -3041.85
13.809 -3039.03
13.81 -3035.85
13.811 -3032.36
13.812 -3028.59
13.813 -3024.55
13.814 -3020.22
13.815 -3015.6
13.816 -3010.65
13.817 -3005.32
13.818 -2999.62
13.819 -2993.52
13.82 -2987.03
13.821 -2980.2
13.822 -2973.05
13.823 -2965.62
13.824 -2957.94
13.825 -2950.04
13.826 -2941.89
13.827 -2933.49
13.828 -2924.79
13.829 -2915.71
13.83 -2906.16
13.831 -2896.06
13.832 -2885.35
13.833 -2874.07
13.834 -2862.24
13.835 -2849.91
13.836 -2837.1
13.837 -2823.85
13.838 -2810.15
13.839 -2795.98
13.84 -2781.32
13.841 -2766.13
13.842 -2750.39
13.843 -2734.09
13.844 -2717.22
13.845 -2699.81
13.846 -2681.89
13.847 -2663.5
13.848 -2644.67
13.849 -2625.44
13.85 -2605.8
13.851 -2585.74
13.852 -2565.24
13.853 -2544.26
13.854 -2522.77
13.855 -2500.76
13.856 -2478.22
13.857 -2455.18
13.858 -2431.66
13.859 -2407.71
13.86 -2383.36
13.861 -2358.65
13.862 -2333.56
13.863 -2308.11
13.864 -2282.27
13.865 -2255.99
13.866 -2229.27
13.867 -2202.06
13.868 -2174.38
13.869 -2146.24
13.87 -2117.66
13.871 -2088.69
13.872 -2059.36
13.873 -2029.71
13.874 -1999.75
13.875 -1969.48
13.876 -1938.88
13.877 -1907.92
13.878 -1876.58
13.879 -1844.84
13.88 -1812.68
13.881 -1780.14
13.882 -1747.23
13.883 -1714.01
13.884 -1680.51
13.885 -1646.79
13.886 -1612.85
13.887 -1578.72
13.888 -1544.38
13.889 -1509.82
13.89 -1475.02
13.891 -1439.96
13.892 -1404.67
13.893 -1369.15
13.894 -1333.45
13.895 -1297.63
13.896 -1261.73
13.897 -1225.82
13.898 -1189.94
13.899 -1154.1
13.9 -1118.32
13.901 -1082.61
13.902 -1046.94
13.903 -1011.34
13.904 -975.8
13.905 -940.359
13.906 -905.057
13.907 -869.952
13.908 -835.106
13.909 -800.578
13.91 -766.418
13.911 -732.658
13.912 -699.316
13.913 -666.394
13.914 -633.887
13.915 -601.789
13.916 -570.105
13.917 -538.853
13.918 -508.064
13.919 -477.785
13.92 -448.068
13.921 -418.964
13.922 -390.516
13.923 -362.749
13.924 -335.672
13.925 -309.276
13.926 -283.544
13.927 -258.454
13.928 -233.992
13.929 -210.159
13.93 -186.967
13.931 -164.443
13.932 -142.622
13.933 -121.54
13.934 -101.224
13.935 -81.691
13.936 -62.9369
13.937 -44.9435
13.938 -27.6813
13.939 -11.1171
13.94 4.77736
13.941 20.0192
13.942 34.6102
13.943 48.5366
13.944 61.7735
13.945 74.2923
13.946 86.0686
13.947 97.0902
13.948 107.36
13.949 116.899
13.95 125.736
13.951 133.912
13.952 141.463
13.953 148.414
13.954 154.773
13.955 160.533
13.956 165.672
13.957 170.164
13.958 173.984
13.959 177.115
13.96 179.559
13.961 181.334
13.962 182.469
13.963 183.003
13.964 182.973
13.965 182.405
13.966 181.311
13.967 179.684
13.968 177.507
13.969 174.75
13.97 171.385
13.971 167.393
13.972 162.766
13.973 157.515
13.974 151.663
13.975 145.245
13.976 138.279
13.977 130.786
13.978 122.772
13.979 114.236
13.98 105.159
13.981 95.5096
13.982 85.2552
13.983 74.3695
13.984 62.8401
13.985 50.6713
13.986 37.8836
13.987 24.5084
13.988 10.58
13.989 -3.87257
13.99 -18.8335
13.991 -34.3062
13.992 -50.3123
13.993 -66.8836
13.994 -84.0558
13.995 -101.859
13.996 -120.31
13.997 -139.411
13.998 -159.146
13.999 -179.485
14 -200.397
14.001 -221.855
14.002 -243.845
14.003 -266.368
14.004 -289.443
14.005 -313.099
14.006 -337.372
14.007 -362.295
14.008 -387.888
14.009 -414.155
14.01 -441.086
14.011 -468.655
14.012 -496.831
14.013 -525.587
14.014 -554.902
14.015 -584.773
14.016 -615.211
14.017 -646.242
14.018 -677.898
14.019 -710.21
14.02 -743.2
14.021 -776.872
14.022 -811.214
14.023 -846.199
14.024 -881.791
14.025 -917.954
14.026 -954.659
14.027 -991.892
14.028 -1029.65
14.029 -1067.95
14.03 -1106.81
14.031 -1146.26
14.032 -1186.29
14.033 -1226.91
14.034 -1268.1
14.035 -1309.81
14.036 -1351.99
14.037 -1394.61
14.038 -1437.6
14.039 -1480.93
14.04 -1524.58
14.041 -1568.54
14.042 -1612.8
14.043 -1657.37
14.044 -1702.25
14.045 -1747.4
14.046 -1792.81
14.047 -1838.4
14.048 -1884.13
14.049 -1929.92
14.05 -1975.71
14.051 -2021.43
14.052 -2067.06
14.053 -2112.57
14.054 -2157.95
14.055 -2203.19
14.056 -2248.28
14.057 -2293.2
14.058 -2337.93
14.059 -2382.42
14.06 -2426.6
14.061 -2470.43
14.062 -2513.83
14.063 -2556.78
14.064 -2599.23
14.065 -2641.19
14.066 -2682.65
14.067 -2723.63
14.068 -2764.14
14.069 -2804.19
14.07 -2843.78
14.071 -2882.89
14.072 -2921.49
14.073 -2959.56
14.074 -2997.05
14.075 -3033.94
14.076 -3070.23
14.077 -3105.93
14.078 -3141.06
14.079 -3175.66
14.08 -3209.75
14.081 -3243.38
14.082 -3276.49
14.083 -3309.02
14.084 -3341.06
14.085 -3372.4
14.086 -3400.75
14.087 -3423.16
14.088 -3443.52
14.089 -3463.47
14.09 -3483.03
14.091 -3502.23
14.092 -3521.11
14.093 -3539.71
14.094 -3558.04
14.095 -3576.13
14.096 -3593.99
14.097 -3611.6
14.098 -3628.96
14.099 -3646.05
14.1 -3662.87
14.101 -3679.43
14.102 -3695.73
14.103 -3711.8
14.104 -3727.66
14.105 -3743.35
14.106 -3758.89
14.107 -3774.3
14.108 -3789.57
14.109 -3804.71
14.11 -3819.68
14.111 -3834.48
14.112 -3849.09
14.113 -3863.5
14.114 -3877.71
14.115 -3891.76
14.116 -3905.65
14.117 -3919.41
14.118 -3933.07
14.119 -3946.65
14.12 -3960.13
14.121 -3973.52
14.122 -3986.78
14.123 -3999.89
14.124 -4012.83
14.125 -4025.6
14.126 -4038.18
14.127 -4050.6
14.128 -4062.88
14.129 -4075.03
14.13 -4087.09
14.131 -4099.06
14.132 -4110.94
14.133 -4122.71
14.134 -4134.37
14.135 -4145.88
14.136 -4157.22
14.137 -4168.38
14.138 -4179.36
14.139 -4190.16
14.14 -4200.81
14.141 -4211.33
14.142 -4221.73
14.143 -4232.05
14.144 -4242.26
14.145 -4252.38
14.146 -4262.38
14.147 -4272.24
14.148 -4281.94
14.149 -4291.46
14.15 -4300.79
14.151 -4309.95
14.152 -4318.94
14.153 -4327.81
14.154 -4336.55
14.155 -4345.2
14.156 -4353.76
14.157 -4362.22
14.158 -4370.57
14.159 -4378.79
14.16 -4386.85
14.161 -4394.74
14.162 -4402.44
14.163 -4409.97
14.164 -4417.34
14.165 -4424.58
14.166 -4431.69
14.167 -4438.71
14.168 -4445.64
14.169 -4452.49
14.17 -4459.23
14.171 -4465.85
14.172 -4472.32
14.173 -4478.63
14.174 -4484.75
14.175 -4490.7
14.176 -4496.49
14.177 -4502.13
14.178 -4507.66
14.179 -4513.08
14.18 -4518.42
14.181 -4523.67
14.182 -4528.83
14.183 -4533.86
14.184 -4538.75
14.185 -4543.48
14.186 -4548.03
14.187 -4552.41
14.188 -4556.61
14.189 -4560.67
14.19 -4564.6
14.191 -4568.43
14.192 -4572.17
14.193 -4575.81
14.194 -4579.35
14.195 -4582.78
14.196 -4586.05
14.197 -4589.17
14.198 -4592.1
14.199 -4594.85
14.2 -4597.42
14.201 -4599.82
14.202 -4602.08
14.203 -4604.21
14.204 -4606.22
14.205 -4608.11
14.206 -4609.89
14.207 -4611.53
14.208 -4613
14.209 -4614.27
14.21 -4615.35
14.211 -4616.21
14.212 -4616.86
14.213 -4617.3
14.214 -4617.55
14.215 -4617.62
14.216 -4617.54
14.217 -4617.31
14.218 -4616.91
14.219 -4616.35
14.22 -4615.6
14.221 -4614.63
14.222 -4613.42
14.223 -4611.95
14.224 -4610.23
14.225 -4608.26
14.226 -4606.05
14.227 -4603.62
14.228 -4600.99
14.229 -4598.16
14.23 -4595.14
14.231 -4591.91
14.232 -4588.45
14.233 -4584.74
14.234 -4580.74
14.235 -4576.45
14.236 -4571.86
14.237 -4566.96
14.238 -4561.78
14.239 -4556.34
14.24 -4550.64
14.241 -4544.7
14.242 -4538.52
14.243 -4532.09
14.244 -4525.4
14.245 -4518.42
14.246 -4511.12
14.247 -4503.48
14.248 -4495.5
14.249 -4487.17
14.25 -4478.5
14.251 -4469.51
14.252 -4460.21
14.253 -4450.48
14.254 -4440.27
14.255 -4429.27
14.256 -4417.45
14.257 -4404.77
14.258 -4391.21
14.259 -4376.73
14.26 -4361.31
14.261 -4344.95
14.262 -4327.66
14.263 -4309.45
14.264 -4290.36
14.265 -4270.4
14.266 -4249.58
14.267 -4227.9
14.268 -4205.34
14.269 -4181.89
14.27 -4157.51
14.271 -4132.18
14.272 -4105.88
14.273 -4078.61
14.274 -4050.39
14.275 -4021.23
14.276 -3991.16
14.277 -3960.19
14.278 -3928.35
14.279 -3895.63
14.28 -3862.04
14.281 -3827.55
14.282 -3792.15
14.283 -3755.82
14.284 -3718.54
14.285 -3680.32
14.286 -3641.16
14.287 -3601.09
14.288 -3560.13
14.289 -3518.32
14.29 -3475.68
14.291 -3432.22
14.292 -3387.96
14.293 -3342.89
14.294 -3297
14.295 -3250.27
14.296 -3202.72
14.297 -3154.33
14.298 -3105.14
14.299 -3055.19
14.3 -3004.5
14.301 -2953.15
14.302 -2901.17
14.303 -2848.6
14.304 -2795.49
14.305 -2741.85
14.306 -2687.69
14.307 -2633.04
14.308 -2577.92
14.309 -2522.36
14.31 -2466.41
14.311 -2410.13
14.312 -2353.6
14.313 -2296.9
14.314 -2240.09
14.315 -2183.25
14.316 -2126.45
14.317 -2069.71
14.318 -2013.1
14.319 -1956.62
14.32 -1900.33
14.321 -1844.26
14.322 -1788.44
14.323 -1732.95
14.324 -1677.83
14.325 -1623.16
14.326 -1569
14.327 -1515.41
14.328 -1462.42
14.329 -1410.06
14.33 -1358.33
14.331 -1307.24
14.332 -1256.77
14.333 -1206.91
14.334 -1157.67
14.335 -1109.05
14.336 -1061.07
14.337 -1013.76
14.338 -967.14
14.339 -921.224
14.34 -876.014
14.341 -831.495
14.342 -787.641
14.343 -744.415
14.344 -701.777
14.345 -659.692
14.346 -618.132
14.347 -577.085
14.348 -536.548
14.349 -496.529
14.35 -457.037
14.351 -418.081
14.352 -379.658
14.353 -341.756
14.354 -304.347
14.355 -267.396
14.356 -230.863
14.357 -194.715
14.358 -158.924
14.359 -123.48
14.36 -88.3813
14.361 -53.6449
14.362 -19.2907
14.363 14.6613
14.364 48.2028
14.365 81.3346
14.366 114.074
14.367 146.445
14.368 178.48
14.369 210.207
14.37 241.648
14.371 272.804
14.372 303.668
14.373 334.216
14.374 364.423
14.375 394.262
14.376 423.717
14.377 452.78
14.378 481.462
14.379 509.778
14.38 537.757
14.381 565.42
14.382 592.783
14.383 619.847
14.384 646.606
14.385 673.035
14.386 699.109
14.387 724.798
14.388 750.082
14.389 774.95
14.39 799.406
14.391 823.463
14.392 847.144
14.393 870.47
14.394 893.46
14.395 916.119
14.396 938.444
14.397 960.415
14.398 982.007
14.399 1003.19
14.4 1023.95
14.401 1044.26
14.402 1064.13
14.403 1083.57
14.404 1102.61
14.405 1121.26
14.406 1139.56
14.407 1157.51
14.408 1175.11
14.409 1192.34
14.41 1209.19
14.411 1225.62
14.412 1241.62
14.413 1257.17
14.414 1272.26
14.415 1286.92
14.416 1301.16
14.417 1315.01
14.418 1328.48
14.419 1341.6
14.42 1354.37
14.421 1366.78
14.422 1378.81
14.423 1390.43
14.424 1401.64
14.425 1412.39
14.426 1422.71
14.427 1432.59
14.428 1442.06
14.429 1451.14
14.43 1459.86
14.431 1468.24
14.432 1476.28
14.433 1483.98
14.434 1491.32
14.435 1498.29
14.436 1504.85
14.437 1510.98
14.438 1516.7
14.439 1521.99
14.44 1526.88
14.441 1531.4
14.442 1535.57
14.443 1539.41
14.444 1542.94
14.445 1546.15
14.446 1549.02
14.447 1551.55
14.448 1553.7
14.449 1555.46
14.45 1556.82
14.451 1557.78
14.452 1558.35
14.453 1558.57
14.454 1558.45
14.455 1558.02
14.456 1557.3
14.457 1556.28
14.458 1554.95
14.459 1553.3
14.46 1551.3
14.461 1548.92
14.462 1546.16
14.463 1543.01
14.464 1539.49
14.465 1535.61
14.466 1531.4
14.467 1526.88
14.468 1522.08
14.469 1516.99
14.47 1511.61
14.471 1505.91
14.472 1499.87
14.473 1493.47
14.474 1486.68
14.475 1479.51
14.476 1471.93
14.477 1463.92
14.478 1455.49
14.479 1446.64
14.48 1437.39
14.481 1427.75
14.482 1417.72
14.483 1407.27
14.484 1396.39
14.485 1385.05
14.486 1373.22
14.487 1360.92
14.488 1348.13
14.489 1334.89
14.49 1321.22
14.491 1307.15
14.492 1292.69
14.493 1277.87
14.494 1262.67
14.495 1247.09
14.496 1231.11
14.497 1214.7
14.498 1197.83
14.499 1180.52
14.5 1162.75
14.501 1144.56
14.502 1125.96
14.503 1106.99
14.504 1087.67
14.505 1068.02
14.506 1048.04
14.507 1027.73
14.508 1007.07
14.509 986.026
14.51 964.591
14.511 942.754
14.512 920.521
14.513 897.91
14.514 874.951
14.515 851.674
14.516 828.109
14.517 804.278
14.518 780.188
14.519 755.836
14.52 731.207
14.521 706.284
14.522 681.05
14.523 655.5
14.524 629.636
14.525 603.479
14.526 577.056
14.527 550.401
14.528 523.549
14.529 496.525
14.53 469.345
14.531 442.013
14.532 414.524
14.533 386.867
14.534 359.03
14.535 331.009
14.536 302.81
14.537 274.453
14.538 245.97
14.539 217.401
14.54 188.785
14.541 160.159
14.542 131.549
14.543 102.97
14.544 74.423
14.545 45.9029
14.546 17.4028
14.547 -11.0787
14.548 -39.5328
14.549 -67.9378
14.55 -96.2593
14.551 -124.452
14.552 -152.467
14.553 -180.261
14.554 -207.798
14.555 -235.058
14.556 -262.033
14.557 -288.723
14.558 -315.133
14.559 -341.265
14.56 -367.11
14.561 -392.65
14.562 -417.852
14.563 -442.675
14.564 -467.074
14.565 -491.006
14.566 -514.438
14.567 -537.351
14.568 -559.737
14.569 -581.602
14.57 -602.957
14.571 -623.812
14.572 -644.173
14.573 -664.034
14.574 -683.376
14.575 -702.167
14.576 -720.373
14.577 -737.96
14.578 -754.901
14.579 -771.183
14.58 -786.806
14.581 -801.787
14.582 -816.149
14.583 -829.916
14.584 -843.106
14.585 -855.726
14.586 -867.767
14.587 -879.212
14.588 -890.035
14.589 -900.209
14.59 -909.715
14.591 -918.545
14.592 -926.707
14.593 -934.22
14.594 -941.114
14.595 -947.417
14.596 -953.156
14.597 -958.344
14.598 -962.982
14.599 -967.059
14.6 -970.553
14.601 -973.444
14.602 -975.715
14.603 -977.36
14.604 -978.385
14.605 -978.813
14.606 -978.671
14.607 -977.992
14.608 -976.805
14.609 -975.129
14.61 -972.969
14.611 -970.318
14.612 -967.158
14.613 -963.467
14.614 -959.218
14.615 -954.396
14.616 -949.002
14.617 -943.054
14.618 -936.577
14.619 -929.605
14.62 -922.166
14.621 -914.278
14.622 -905.946
14.623 -897.16
14.624 -887.901
14.625 -878.147
14.626 -867.875
14.627 -857.071
14.628 -845.735
14.629 -833.877
14.63 -821.52
14.631 -808.692
14.632 -795.414
14.633 -781.706
14.634 -767.573
14.635 -753.009
14.636 -737.995
14.637 -722.509
14.638 -706.525
14.639 -690.029
14.64 -673.012
14.641 -655.484
14.642 -637.459
14.643 -618.964
14.644 -600.023
14.645 -580.658
14.646 -560.876
14.647 -540.676
14.648 -520.042
14.649 -498.952
14.65 -477.382
14.651 -455.316
14.652 -432.748
14.653 -409.683
14.654 -386.141
14.655 -362.146
14.656 -337.727
14.657 -312.91
14.658 -287.708
14.659 -262.125
14.66 -236.151
14.661 -209.772
14.662 -182.969
14.663 -155.729
14.664 -128.046
14.665 -99.929
14.666 -71.3961
14.667 -42.4768
14.668 -13.2042
14.669 16.391
14.67 46.2854
14.671 76.4646
14.672 106.924
14.673 137.669
14.674 168.708
14.675 200.049
14.676 231.69
14.677 263.621
14.678 295.815
14.679 328.237
14.68 360.845
14.681 393.597
14.682 426.452
14.683 459.385
14.684 492.379
14.685 525.428
14.686 558.533
14.687 591.694
14.688 624.905
14.689 658.15
14.69 691.399
14.691 724.612
14.692 757.74
14.693 790.734
14.694 823.55
14.695 856.154
14.696 888.525
14.697 920.652
14.698 952.536
14.699 984.177
14.7 1015.57
14.701 1046.71
14.702 1077.57
14.703 1108.11
14.704 1138.3
14.705 1168.09
14.706 1197.45
14.707 1226.35
14.708 1254.77
14.709 1282.71
14.71 1310.18
14.711 1337.19
14.712 1363.76
14.713 1389.89
14.714 1415.58
14.715 1440.81
14.716 1465.56
14.717 1489.79
14.718 1513.48
14.719 1536.62
14.72 1559.2
14.721 1581.22
14.722 1602.72
14.723 1623.72
14.724 1644.25
14.725 1664.32
14.726 1683.94
14.727 1703.11
14.728 1721.82
14.729 1740.04
14.73 1757.76
14.731 1774.96
14.732 1791.66
14.733 1807.85
14.734 1823.56
14.735 1838.84
14.736 1853.7
14.737 1868.17
14.738 1882.27
14.739 1896
14.74 1909.34
14.741 1922.29
14.742 1934.82
14.743 1946.93
14.744 1958.61
14.745 1969.87
14.746 1980.74
14.747 1991.25
14.748 2001.42
14.749 2011.29
14.75 2020.87
14.751 2030.16
14.752 2039.16
14.753 2047.85
14.754 2056.2
14.755 2064.21
14.756 2071.87
14.757 2079.18
14.758 2086.16
14.759 2092.84
14.76 2099.25
14.761 2105.42
14.762 2111.35
14.763 2117.07
14.764 2122.56
14.765 2127.81
14.766 2132.79
14.767 2137.49
14.768 2141.9
14.769 2146.02
14.77 2149.87
14.771 2153.47
14.772 2156.85
14.773 2160.04
14.774 2163.06
14.775 2165.91
14.776 2168.59
14.777 2171.08
14.778 2173.37
14.779 2175.43
14.78 2177.26
14.781 2178.84
14.782 2180.2
14.783 2181.34
14.784 2182.3
14.785 2183.11
14.786 2183.77
14.787 2184.31
14.788 2184.72
14.789 2184.98
14.79 2185.08
14.791 2184.99
14.792 2184.7
14.793 2184.2
14.794 2183.5
14.795 2182.61
14.796 2181.57
14.797 2180.39
14.798 2179.1
14.799 2177.71
14.8 2176.23
14.801 2174.64
14.802 2172.92
14.803 2171.05
14.804 2169
14.805 2166.78
14.806 2164.38
14.807 2161.81
14.808 2159.11
14.809 2156.3
14.81 2153.39
14.811 2150.42
14.812 2147.38
14.813 2144.26
14.814 2141.05
14.815 2137.72
14.816 2134.25
14.817 2130.63
14.818 2126.87
14.819 2122.97
14.82 2118.94
14.821 2114.83
14.822 2110.64
14.823 2106.39
14.824 2102.1
14.825 2097.75
14.826 2093.33
14.827 2088.81
14.828 2084.19
14.829 2079.43
14.83 2074.56
14.831 2069.56
14.832 2064.48
14.833 2059.33
14.834 2054.15
14.835 2048.95
14.836 2043.75
14.837 2038.54
14.838 2033.32
14.839 2028.06
14.84 2022.75
14.841 2017.36
14.842 2011.9
14.843 2006.37
14.844 2000.79
14.845 1995.19
14.846 1989.6
14.847 1984.04
14.848 1978.53
14.849 1973.06
14.85 1967.62
14.851 1962.2
14.852 1956.77
14.853 1951.32
14.854 1945.83
14.855 1940.3
14.856 1934.76
14.857 1929.23
14.858 1923.74
14.859 1918.31
14.86 1912.95
14.861 1907.68
14.862 1902.46
14.863 1897.28
14.864 1892.11
14.865 1886.93
14.866 1881.73
14.867 1876.49
14.868 1871.25
14.869 1866.01
14.87 1860.8
14.871 1855.63
14.872 1850.53
14.873 1845.48
14.874 1840.46
14.875 1835.45
14.876 1830.43
14.877 1825.37
14.878 1820.24
14.879 1815.05
14.88 1809.79
14.881 1804.48
14.882 1799.13
14.883 1793.76
14.884 1788.37
14.885 1782.95
14.886 1777.5
14.887 1771.98
14.888 1766.37
14.889 1760.64
14.89 1754.77
14.891 1748.73
14.892 1742.53
14.893 1736.17
14.894 1729.66
14.895 1723.03
14.896 1716.27
14.897 1709.39
14.898 1702.37
14.899 1695.19
14.9 1687.83
14.901 1680.24
14.902 1672.42
14.903 1664.33
14.904 1655.98
14.905 1647.38
14.906 1638.52
14.907 1629.44
14.908 1620.14
14.909 1610.63
14.91 1600.89
14.911 1590.92
14.912 1580.69
14.913 1570.18
14.914 1559.36
14.915 1548.23
14.916 1536.77
14.917 1525
14.918 1512.92
14.919 1500.56
14.92 1487.94
14.921 1475.07
14.922 1461.94
14.923 1448.56
14.924 1434.91
14.925 1420.96
14.926 1406.7
14.927 1392.11
14.928 1377.18
14.929 1361.92
14.93 1346.36
14.931 1330.51
14.932 1314.4
14.933 1298.04
14.934 1281.46
14.935 1264.64
14.936 1247.57
14.937 1230.24
14.938 1212.63
14.939 1194.72
14.94 1176.51
14.941 1158.01
14.942 1139.24
14.943 1120.23
14.944 1100.99
14.945 1081.57
14.946 1061.96
14.947 1042.18
14.948 1022.21
14.949 1002.04
14.95 981.658
14.951 961.051
14.952 940.217
14.953 919.165
14.954 897.916
14.955 876.497
14.956 854.941
14.957 833.275
14.958 811.518
14.959 789.681
14.96 767.761
14.961 745.749
14.962 723.628
14.963 701.389
14.964 679.027
14.965 656.551
14.966 633.98
14.967 611.343
14.968 588.671
14.969 565.995
14.97 543.338
14.971 520.71
14.972 498.112
14.973 475.532
14.974 452.957
14.975 430.374
14.976 407.778
14.977 385.174
14.978 362.577
14.979 340.015
14.98 317.517
14.981 295.113
14.982 272.829
14.983 250.677
14.984 228.66
14.985 206.768
14.986 184.987
14.987 163.303
14.988 141.706
14.989 120.197
14.99 98.7876
14.991 77.5014
14.992 56.3686
14.993 35.4186
14.994 14.676
14.995 -5.84574
14.996 -26.1444
14.997 -46.2296
14.998 -66.1176
14.999 -85.827
15 -105.371
15.001 -124.755
15.002 -143.97
15.003 -162.999
15.004 -181.816
15.005 -200.396
15.006 -218.716
15.007 -236.764
15.008 -254.539
15.009 -272.052
15.01 -289.321
15.011 -306.367
15.012 -323.209
15.013 -339.855
15.014 -356.304
15.015 -372.544
15.016 -388.554
15.017 -404.311
15.018 -419.795
15.019 -434.992
15.02 -449.903
15.021 -464.537
15.022 -478.915
15.023 -493.061
15.024 -506.997
15.025 -520.739
15.026 -534.288
15.027 -547.64
15.028 -560.776
15.029 -573.676
15.03 -586.32
15.031 -598.695
15.032 -610.798
15.033 -622.637
15.034 -634.231
15.035 -645.604
15.036 -656.778
15.037 -667.773
15.038 -678.593
15.039 -689.235
15.04 -699.684
15.041 -709.92
15.042 -719.921
15.043 -729.673
15.044 -739.169
15.045 -748.417
15.046 -757.432
15.047 -766.238
15.048 -774.86
15.049 -783.316
15.05 -791.616
15.051 -799.758
15.052 -807.727
15.053 -815.504
15.054 -823.067
15.055 -830.399
15.056 -837.489
15.057 -844.343
15.058 -850.974
15.059 -857.403
15.06 -863.654
15.061 -869.748
15.062 -875.696
15.063 -881.498
15.064 -887.143
15.065 -892.613
15.066 -897.886
15.067 -902.942
15.068 -907.77
15.069 -912.372
15.07 -916.759
15.071 -920.951
15.072 -924.971
15.073 -928.842
15.074 -932.577
15.075 -936.18
15.076 -939.642
15.077 -942.947
15.078 -946.073
15.079 -948.999
15.08 -951.714
15.081 -954.212
15.082 -956.502
15.083 -958.599
15.084 -960.527
15.085 -962.307
15.086 -963.955
15.087 -965.475
15.088 -966.863
15.089 -968.102
15.09 -969.171
15.091 -970.048
15.092 -970.716
15.093 -971.169
15.094 -971.412
15.095 -971.461
15.096 -971.338
15.097 -971.064
15.098 -970.659
15.099 -970.13
15.1 -969.475
15.101 -968.684
15.102 -967.74
15.103 -966.626
15.104 -965.325
15.105 -963.833
15.106 -962.152
15.107 -960.299
15.108 -958.295
15.109 -956.165
15.11 -953.931
15.111 -951.61
15.112 -949.208
15.113 -946.721
15.114 -944.134
15.115 -941.432
15.116 -938.598
15.117 -935.626
15.118 -932.518
15.119 -929.288
15.12 -925.959
15.121 -922.559
15.122 -919.113
15.123 -915.643
15.124 -912.159
15.125 -908.662
15.126 -905.138
15.127 -901.573
15.128 -897.951
15.129 -894.265
15.13 -890.516
15.131 -886.718
15.132 -882.894
15.133 -879.074
15.134 -875.285
15.135 -871.551
15.136 -867.886
15.137 -864.292
15.138 -860.761
15.139 -857.278
15.14 -853.827
15.141 -850.397
15.142 -846.987
15.143 -843.605
15.144 -840.271
15.145 -837.014
15.146 -833.86
15.147 -830.834
15.148 -827.953
15.149 -825.219
15.15 -822.626
15.151 -820.159
15.152 -817.801
15.153 -815.539
15.154 -813.367
15.155 -811.292
15.156 -809.332
15.157 -807.509
15.158 -805.855
15.159 -804.393
15.16 -803.141
15.161 -802.103
15.162 -801.273
15.163 -800.638
15.164 -800.178
15.165 -799.877
15.166 -799.727
15.167 -799.73
15.168 -799.899
15.169 -800.257
15.17 -800.829
15.171 -801.64
15.172 -802.706
15.173 -804.033
15.174 -805.616
15.175 -807.441
15.176 -809.487
15.177 -811.738
15.178 -814.179
15.179 -816.81
15.18 -819.638
15.181 -822.684
15.182 -825.971
15.183 -829.525
15.184 -833.363
15.185 -837.493
15.186 -841.913
15.187 -846.608
15.188 -851.56
15.189 -856.747
15.19 -862.156
15.191 -867.779
15.192 -873.623
15.193 -879.704
15.194 -886.044
15.195 -892.665
15.196 -899.587
15.197 -906.818
15.198 -914.356
15.199 -922.189
15.2 -930.296
15.201 -938.654
15.202 -947.246
15.203 -956.061
15.204 -965.1
15.205 -974.376
15.206 -983.907
15.207 -993.714
15.208 -1003.82
15.209 -1014.22
15.21 -1024.93
15.211 -1035.93
15.212 -1047.2
15.213 -1058.7
15.214 -1070.42
15.215 -1082.34
15.216 -1094.44
15.217 -1106.75
15.218 -1119.28
15.219 -1132.04
15.22 -1145.04
15.221 -1158.3
15.222 -1171.81
15.223 -1185.55
15.224 -1199.5
15.225 -1213.62
15.226 -1227.88
15.227 -1242.28
15.228 -1256.78
15.229 -1271.41
15.23 -1286.16
15.231 -1301.05
15.232 -1316.08
15.233 -1331.26
15.234 -1346.57
15.235 -1362.01
15.236 -1377.54
15.237 -1393.12
15.238 -1408.74
15.239 -1424.37
15.24 -1439.98
15.241 -1455.57
15.242 -1471.15
15.243 -1486.72
15.244 -1502.28
15.245 -1517.84
15.246 -1533.39
15.247 -1548.92
15.248 -1564.4
15.249 -1579.81
15.25 -1595.11
15.251 -1610.27
15.252 -1625.28
15.253 -1640.12
15.254 -1654.8
15.255 -1669.32
15.256 -1683.69
15.257 -1697.93
15.258 -1712.03
15.259 -1725.98
15.26 -1739.75
15.261 -1753.34
15.262 -1766.71
15.263 -1779.83
15.264 -1792.69
15.265 -1805.29
15.266 -1817.62
15.267 -1829.7
15.268 -1841.55
15.269 -1853.16
15.27 -1864.56
15.271 -1875.73
15.272 -1886.68
15.273 -1897.4
15.274 -1907.85
15.275 -1918.02
15.276 -1927.9
15.277 -1937.49
15.278 -1946.78
15.279 -1955.79
15.28 -1964.53
15.281 -1973.04
15.282 -1981.33
15.283 -1989.4
15.284 -1997.25
15.285 -2004.87
15.286 -2012.25
15.287 -2019.37
15.288 -2026.21
15.289 -2032.76
15.29 -2039.04
15.291 -2045.05
15.292 -2050.81
15.293 -2056.36
15.294 -2061.7
15.295 -2066.84
15.296 -2071.79
15.297 -2076.54
15.298 -2081.07
15.299 -2085.36
15.3 -2089.4
15.301 -2093.18
15.302 -2096.69
15.303 -2099.95
15.304 -2102.97
15.305 -2105.77
15.306 -2108.37
15.307 -2110.79
15.308 -2113.02
15.309 -2115.05
15.31 -2116.88
15.311 -2118.47
15.312 -2119.8
15.313 -2120.85
15.314 -2121.62
15.315 -2122.11
15.316 -2122.33
15.317 -2122.3
15.318 -2122.05
15.319 -2121.57
15.32 -2120.87
15.321 -2119.95
15.322 -2118.77
15.323 -2117.32
15.324 -2115.57
15.325 -2113.49
15.326 -2111.07
15.327 -2108.33
15.328 -2105.27
15.329 -2101.9
15.33 -2098.25
15.331 -2094.32
15.332 -2090.11
15.333 -2085.61
15.334 -2080.8
15.335 -2075.64
15.336 -2070.11
15.337 -2064.18
15.338 -2057.84
15.339 -2051.1
15.34 -2043.95
15.341 -2036.42
15.342 -2028.51
15.343 -2020.25
15.344 -2011.63
15.345 -2002.65
15.346 -1993.29
15.347 -1983.53
15.348 -1973.35
15.349 -1962.71
15.35 -1951.6
15.351 -1940.04
15.352 -1928.01
15.353 -1915.56
15.354 -1902.69
15.355 -1889.42
15.356 -1875.76
15.357 -1861.71
15.358 -1847.26
15.359 -1832.39
15.36 -1817.08
15.361 -1801.3
15.362 -1785.05
15.363 -1768.33
15.364 -1751.16
15.365 -1733.55
15.366 -1715.52
15.367 -1697.09
15.368 -1678.28
15.369 -1659.1
15.37 -1639.52
15.371 -1619.55
15.372 -1599.17
15.373 -1578.36
15.374 -1557.11
15.375 -1535.43
15.376 -1513.32
15.377 -1490.81
15.378 -1467.93
15.379 -1444.68
15.38 -1421.11
15.381 -1397.2
15.382 -1372.97
15.383 -1348.41
15.384 -1323.5
15.385 -1298.22
15.386 -1272.58
15.387 -1246.56
15.388 -1220.19
15.389 -1193.48
15.39 -1166.46
15.391 -1139.17
15.392 -1111.61
15.393 -1083.81
15.394 -1055.77
15.395 -1027.49
15.396 -998.962
15.397 -970.177
15.398 -941.129
15.399 -911.824
15.4 -882.274
15.401 -852.502
15.402 -822.532
15.403 -792.395
15.404 -762.116
15.405 -731.718
15.406 -701.212
15.407 -670.602
15.408 -639.885
15.409 -609.057
15.41 -578.114
15.411 -547.059
15.412 -515.902
15.413 -484.665
15.414 -453.376
15.415 -422.068
15.416 -390.772
15.417 -359.516
15.418 -328.316
15.419 -297.182
15.42 -266.112
15.421 -235.104
15.422 -204.152
15.423 -173.258
15.424 -142.431
15.425 -111.692
15.426 -81.0653
15.427 -50.5845
15.428 -20.2802
15.429 9.82142
15.43 39.7034
15.431 69.3569
15.432 98.7822
15.433 127.985
15.434 156.974
15.435 185.752
15.436 214.318
15.437 242.661
15.438 270.76
15.439 298.591
15.44 326.129
15.441 353.352
15.442 380.244
15.443 406.801
15.444 433.029
15.445 458.94
15.446 484.551
15.447 509.875
15.448 534.921
15.449 559.685
15.45 584.16
15.451 608.323
15.452 632.149
15.453 655.618
15.454 678.717
15.455 701.443
15.456 723.804
15.457 745.816
15.458 767.5
15.459 788.874
15.46 809.95
15.461 830.729
15.462 851.198
15.463 871.338
15.464 891.129
15.465 910.551
15.466 929.592
15.467 948.247
15.468 966.527
15.469 984.446
15.47 1002.03
15.471 1019.28
15.472 1036.23
15.473 1052.86
15.474 1069.18
15.475 1085.16
15.476 1100.78
15.477 1116.03
15.478 1130.89
15.479 1145.36
15.48 1159.43
15.481 1173.13
15.482 1186.47
15.483 1199.47
15.484 1212.14
15.485 1224.48
15.486 1236.49
15.487 1248.16
15.488 1259.46
15.489 1270.38
15.49 1280.9
15.491 1291.01
15.492 1300.72
15.493 1310.04
15.494 1318.99
15.495 1327.58
15.496 1335.84
15.497 1343.76
15.498 1351.36
15.499 1358.61
15.5 1365.5
15.501 1372.01
15.502 1378.13
15.503 1383.85
15.504 1389.18
15.505 1394.12
15.506 1398.7
15.507 1402.94
15.508 1406.85
15.509 1410.44
15.51 1413.72
15.511 1416.67
15.512 1419.29
15.513 1421.56
15.514 1423.47
15.515 1425
15.516 1426.16
15.517 1426.96
15.518 1427.42
15.519 1427.56
15.52 1427.39
15.521 1426.93
15.522 1426.19
15.523 1425.16
15.524 1423.84
15.525 1422.21
15.526 1420.24
15.527 1417.95
15.528 1415.32
15.529 1412.36
15.53 1409.09
15.531 1405.53
15.532 1401.7
15.533 1397.61
15.534 1393.27
15.535 1388.69
15.536 1383.84
15.537 1378.72
15.538 1373.31
15.539 1367.59
15.54 1361.54
15.541 1355.17
15.542 1348.47
15.543 1341.48
15.544 1334.2
15.545 1326.66
15.546 1318.86
15.547 1310.82
15.548 1302.51
15.549 1293.93
15.55 1285.07
15.551 1275.91
15.552 1266.44
15.553 1256.68
15.554 1246.62
15.555 1236.3
15.556 1225.73
15.557 1214.93
15.558 1203.91
15.559 1192.69
15.56 1181.24
15.561 1169.57
15.562 1157.65
15.563 1145.47
15.564 1133.02
15.565 1120.31
15.566 1107.35
15.567 1094.15
15.568 1080.74
15.569 1067.13
15.57 1053.35
15.571 1039.39
15.572 1025.25
15.573 1010.94
15.574 996.416
15.575 981.684
15.576 966.729
15.577 951.553
15.578 936.166
15.579 920.584
15.58 904.831
15.581 888.928
15.582 872.894
15.583 856.739
15.584 840.464
15.585 824.062
15.586 807.52
15.587 790.826
15.588 773.971
15.589 756.955
15.59 739.788
15.591 722.486
15.592 705.075
15.593 687.578
15.594 670.019
15.595 652.409
15.596 634.755
15.597 617.051
15.598 599.288
15.599 581.454
15.6 563.541
15.601 545.549
15.602 527.487
15.603 509.374
15.604 491.234
15.605 473.094
15.606 454.978
15.607 436.903
15.608 418.878
15.609 400.901
15.61 382.965
15.611 365.06
15.612 347.179
15.613 329.321
15.614 311.493
15.615 293.713
15.616 276.005
15.617 258.396
15.618 240.912
15.619 223.574
15.62 206.392
15.621 189.369
15.622 172.497
15.623 155.767
15.624 139.169
15.625 122.702
15.626 106.371
15.627 90.19
15.628 74.1823
15.629 58.3746
15.63 42.793
15.631 27.4572
15.632 12.3772
15.633 -2.44556
15.634 -17.0177
15.635 -31.3504
15.636 -45.4546
15.637 -59.3369
15.638 -72.9956
15.639 -86.4201
15.64 -99.5919
15.641 -112.487
15.642 -125.083
15.643 -137.36
15.644 -149.306
15.645 -160.921
15.646 -172.21
15.647 -183.185
15.648 -193.862
15.649 -204.248
15.65 -214.348
15.651 -224.153
15.652 -233.65
15.653 -242.815
15.654 -251.628
15.655 -260.069
15.656 -268.126
15.657 -275.799
15.658 -283.094
15.659 -290.024
15.66 -296.605
15.661 -302.849
15.662 -308.759
15.663 -314.333
15.664 -319.557
15.665 -324.412
15.666 -328.879
15.667 -332.939
15.668 -336.581
15.669 -339.801
15.67 -342.607
15.671 -345.01
15.672 -347.024
15.673 -348.662
15.674 -349.931
15.675 -350.832
15.676 -351.355
15.677 -351.484
15.678 -351.2
15.679 -350.486
15.68 -349.329
15.681 -347.718
15.682 -345.657
15.683 -343.154
15.684 -340.225
15.685 -336.884
15.686 -333.141
15.687 -329
15.688 -324.452
15.689 -319.487
15.69 -314.084
15.691 -308.226
15.692 -301.897
15.693 -295.091
15.694 -287.809
15.695 -280.06
15.696 -271.861
15.697 -263.227
15.698 -254.17
15.699 -244.697
15.7 -234.805
15.701 -224.482
15.702 -213.715
15.703 -202.485
15.704 -190.78
15.705 -178.591
15.706 -165.92
15.707 -152.777
15.708 -139.179
15.709 -125.143
15.71 -110.686
15.711 -95.8175
15.712 -80.5424
15.713 -64.8553
15.714 -48.7445
15.715 -32.1959
15.716 -15.197
15.717 2.25887
15.718 20.1698
15.719 38.5253
15.72 57.3075
15.721 76.4939
15.722 96.0618
15.723 115.994
15.724 136.283
15.725 156.926
15.726 177.933
15.727 199.313
15.728 221.076
15.729 243.227
15.73 265.763
15.731 288.669
15.732 311.926
15.733 335.507
15.734 359.385
15.735 383.538
15.736 407.952
15.737 432.619
15.738 457.542
15.739 482.726
15.74 508.178
15.741 533.897
15.742 559.879
15.743 586.108
15.744 612.558
15.745 639.201
15.746 666.003
15.747 692.937
15.748 719.982
15.749 747.123
15.75 774.356
15.751 801.681
15.752 829.099
15.753 856.607
15.754 884.196
15.755 911.849
15.756 939.539
15.757 967.234
15.758 994.898
15.759 1022.5
15.76 1050.01
15.761 1077.42
15.762 1104.71
15.763 1131.9
15.764 1158.97
15.765 1185.94
15.766 1212.79
15.767 1239.51
15.768 1266.08
15.769 1292.47
15.77 1318.66
15.771 1344.61
15.772 1370.29
15.773 1395.71
15.774 1420.85
15.775 1445.71
15.776 1470.31
15.777 1494.65
15.778 1518.73
15.779 1542.55
15.78 1566.1
15.781 1589.35
15.782 1612.29
15.783 1634.9
15.784 1657.15
15.785 1679.04
15.786 1700.58
15.787 1721.77
15.788 1742.63
15.789 1763.17
15.79 1783.41
15.791 1803.34
15.792 1822.98
15.793 1842.3
15.794 1861.3
15.795 1879.96
15.796 1898.27
15.797 1916.22
15.798 1933.81
15.799 1951.07
15.8 1968.02
15.801 1984.66
15.802 2001.02
15.803 2017.1
15.804 2032.91
15.805 2048.44
15.806 2063.68
15.807 2078.62
15.808 2093.23
15.809 2107.53
15.81 2121.51
15.811 2135.18
15.812 2148.56
15.813 2161.67
15.814 2174.53
15.815 2187.14
15.816 2199.52
15.817 2211.65
15.818 2223.53
15.819 2235.14
15.82 2246.47
15.821 2257.52
15.822 2268.27
15.823 2278.75
15.824 2288.96
15.825 2298.93
15.826 2308.66
15.827 2318.18
15.828 2327.49
15.829 2336.59
15.83 2345.46
15.831 2354.09
15.832 2362.47
15.833 2370.57
15.834 2378.41
15.835 2385.98
15.836 2393.3
15.837 2400.39
15.838 2407.25
15.839 2413.91
15.84 2420.36
15.841 2426.62
15.842 2432.67
15.843 2438.49
15.844 2444.07
15.845 2449.4
15.846 2454.47
15.847 2459.29
15.848 2463.86
15.849 2468.21
15.85 2472.35
15.851 2476.29
15.852 2480.07
15.853 2483.66
15.854 2487.08
15.855 2490.31
15.856 2493.34
15.857 2496.14
15.858 2498.73
15.859 2501.1
15.86 2503.25
15.861 2505.22
15.862 2507.02
15.863 2508.67
15.864 2510.2
15.865 2511.6
15.866 2512.87
15.867 2514
15.868 2514.98
15.869 2515.79
15.87 2516.44
15.871 2516.91
15.872 2517.23
15.873 2517.4
15.874 2517.45
15.875 2517.41
15.876 2517.27
15.877 2517.07
15.878 2516.78
15.879 2516.41
15.88 2515.94
15.881 2515.35
15.882 2514.64
15.883 2513.78
15.884 2512.79
15.885 2511.67
15.886 2510.46
15.887 2509.16
15.888 2507.79
15.889 2506.36
15.89 2504.87
15.891 2503.3
15.892 2501.63
15.893 2499.83
15.894 2497.88
15.895 2495.77
15.896 2493.5
15.897 2491.08
15.898 2488.51
15.899 2485.83
15.9 2483.04
15.901 2480.15
15.902 2477.13
15.903 2473.97
15.904 2470.64
15.905 2467.12
15.906 2463.36
15.907 2459.34
15.908 2455.06
15.909 2450.51
15.91 2445.69
15.911 2440.62
15.912 2435.3
15.913 2429.72
15.914 2423.87
15.915 2417.74
15.916 2411.29
15.917 2404.49
15.918 2397.32
15.919 2389.75
15.92 2381.79
15.921 2373.41
15.922 2364.65
15.923 2355.49
15.924 2345.95
15.925 2336.03
15.926 2325.72
15.927 2315.01
15.928 2303.86
15.929 2292.25
15.93 2280.16
15.931 2267.56
15.932 2254.46
15.933 2240.85
15.934 2226.76
15.935 2212.18
15.936 2197.14
15.937 2181.65
15.938 2165.68
15.939 2149.25
15.94 2132.32
15.941 2114.89
15.942 2096.92
15.943 2078.43
15.944 2059.39
15.945 2039.83
15.946 2019.75
15.947 1999.17
15.948 1978.11
15.949 1956.57
15.95 1934.57
15.951 1912.09
15.952 1889.15
15.953 1865.72
15.954 1841.8
15.955 1817.37
15.956 1792.44
15.957 1767.02
15.958 1741.12
15.959 1714.76
15.96 1687.97
15.961 1660.76
15.962 1633.15
15.963 1605.15
15.964 1576.76
15.965 1547.96
15.966 1518.76
15.967 1489.15
15.968 1459.14
15.969 1428.73
15.97 1397.95
15.971 1366.82
15.972 1335.37
15.973 1303.63
15.974 1271.61
15.975 1239.34
15.976 1206.82
15.977 1174.05
15.978 1141.04
15.979 1107.78
15.98 1074.28
15.981 1040.56
15.982 1006.64
15.983 972.549
15.984 938.318
15.985 903.982
15.986 869.569
15.987 835.103
15.988 800.597
15.989 766.061
15.99 731.499
15.991 696.915
15.992 662.32
15.993 627.73
15.994 593.168
15.995 558.667
15.996 524.262
15.997 489.987
15.998 455.877
15.999 421.954
16 388.235
16.001 354.728
16.002 321.434
16.003 288.354
16.004 255.49
16.005 222.852
16.006 190.456
16.007 158.322
16.008 126.48
16.009 94.9545
16.01 63.77
16.011 32.9442
16.012 2.48804
16.013 -27.5981
16.014 -57.3199
16.015 -86.687
16.016 -115.707
16.017 -144.385
16.018 -172.716
16.019 -200.69
16.02 -228.292
16.021 -255.501
16.022 -282.294
16.023 -308.659
16.024 -334.59
16.025 -360.093
16.026 -385.18
16.027 -409.868
16.028 -434.173
16.029 -458.106
16.03 -481.671
16.031 -504.859
16.032 -527.649
16.033 -550.022
16.034 -571.957
16.035 -593.441
16.036 -614.469
16.037 -635.048
16.038 -655.188
16.039 -674.907
16.04 -694.222
16.041 -713.144
16.042 -731.676
16.043 -749.813
16.044 -767.54
16.045 -784.839
16.046 -801.692
16.047 -818.087
16.048 -834.016
16.049 -849.485
16.05 -864.504
16.051 -879.093
16.052 -893.266
16.053 -907.038
16.054 -920.415
16.055 -933.393
16.056 -945.959
16.057 -958.098
16.058 -969.788
16.059 -981.017
16.06 -991.775
16.061 -1002.07
16.062 -1011.91
16.063 -1021.32
16.064 -1030.31
16.065 -1038.91
16.066 -1047.12
16.067 -1054.94
16.068 -1062.37
16.069 -1069.38
16.07 -1075.96
16.071 -1082.1
16.072 -1087.79
16.073 -1093.03
16.074 -1097.83
16.075 -1102.22
16.076 -1106.21
16.077 -1109.81
16.078 -1113.04
16.079 -1115.91
16.08 -1118.39
16.081 -1120.49
16.082 -1122.18
16.083 -1123.45
16.084 -1124.29
16.085 -1124.7
16.086 -1124.69
16.087 -1124.28
16.088 -1123.49
16.089 -1122.33
16.09 -1120.81
16.091 -1118.95
16.092 -1116.74
16.093 -1114.16
16.094 -1111.2
16.095 -1107.84
16.096 -1104.07
16.097 -1099.9
16.098 -1095.33
16.099 -1090.36
16.1 -1085.03
16.101 -1079.35
16.102 -1073.34
16.103 -1066.99
16.104 -1060.29
16.105 -1053.23
16.106 -1045.78
16.107 -1037.92
16.108 -1029.65
16.109 -1020.96
16.11 -1011.86
16.111 -1002.36
16.112 -992.477
16.113 -982.231
16.114 -971.637
16.115 -960.705
16.116 -949.435
16.117 -937.82
16.118 -925.845
16.119 -913.496
16.12 -900.761
16.121 -887.632
16.122 -874.111
16.123 -860.207
16.124 -845.939
16.125 -831.324
16.126 -816.38
16.127 -801.118
16.128 -785.541
16.129 -769.644
16.13 -753.412
16.131 -736.834
16.132 -719.896
16.133 -702.593
16.134 -684.928
16.135 -666.91
16.136 -648.557
16.137 -629.89
16.138 -610.93
16.139 -591.69
16.14 -572.179
16.141 -552.396
16.142 -532.331
16.143 -511.973
16.144 -491.31
16.145 -470.337
16.146 -449.054
16.147 -427.471
16.148 -405.605
16.149 -383.479
16.15 -361.115
16.151 -338.532
16.152 -315.745
16.153 -292.759
16.154 -269.571
16.155 -246.173
16.156 -222.557
16.157 -198.717
16.158 -174.656
16.159 -150.385
16.16 -125.924
16.161 -101.298
16.162 -76.5388
16.163 -51.6708
16.164 -26.7138
16.165 -1.67817
16.166 23.4336
16.167 48.6251
16.168 73.9015
16.169 99.2652
16.17 124.712
16.171 150.224
16.172 175.776
16.173 201.333
16.174 226.86
16.175 252.325
16.176 277.702
16.177 302.973
16.178 328.129
16.179 353.168
16.18 378.089
16.181 402.89
16.182 427.56
16.183 452.081
16.184 476.426
16.185 500.561
16.186 524.45
16.187 548.057
16.188 571.354
16.189 594.319
16.19 616.942
16.191 639.219
16.192 661.147
16.193 682.725
16.194 703.947
16.195 724.797
16.196 745.254
16.197 765.287
16.198 784.863
16.199 803.95
16.2 822.521
16.201 840.561
16.202 858.064
16.203 875.034
16.204 891.477
16.205 907.401
16.206 922.808
16.207 937.694
16.208 952.046
16.209 965.844
16.21 979.066
16.211 991.689
16.212 1003.7
16.213 1015.09
16.214 1025.86
16.215 1036.02
16.216 1045.58
16.217 1054.56
16.218 1062.97
16.219 1070.82
16.22 1078.1
16.221 1084.8
16.222 1090.92
16.223 1096.44
16.224 1101.35
16.225 1105.65
16.226 1109.35
16.227 1112.45
16.228 1114.97
16.229 1116.95
16.23 1118.38
16.231 1119.3
16.232 1119.69
16.233 1119.57
16.234 1118.92
16.235 1117.73
16.236 1116
16.237 1113.72
16.238 1110.89
16.239 1107.52
16.24 1103.62
16.241 1099.21
16.242 1094.32
16.243 1088.94
16.244 1083.1
16.245 1076.8
16.246 1070.02
16.247 1062.76
16.248 1055.01
16.249 1046.77
16.25 1038.04
16.251 1028.82
16.252 1019.14
16.253 1009.01
16.254 998.464
16.255 987.51
16.256 976.159
16.257 964.415
16.258 952.271
16.259 939.718
16.26 926.746
16.261 913.348
16.262 899.521
16.263 885.269
16.264 870.609
16.265 855.557
16.266 840.135
16.267 824.359
16.268 808.24
16.269 791.782
16.27 774.979
16.271 757.82
16.272 740.292
16.273 722.382
16.274 704.087
16.275 685.41
16.276 666.364
16.277 646.965
16.278 627.236
16.279 607.193
16.28 586.85
16.281 566.21
16.282 545.27
16.283 524.018
16.284 502.442
16.285 480.531
16.286 458.28
16.287 435.692
16.288 412.779
16.289 389.558
16.29 366.051
16.291 342.279
16.292 318.258
16.293 293.995
16.294 269.492
16.295 244.741
16.296 219.734
16.297 194.462
16.298 168.921
16.299 143.117
16.3 117.062
16.301 90.781
16.302 64.302
16.303 37.6531
16.304 10.8582
16.305 -16.0662
16.306 -43.1118
16.307 -70.2776
16.308 -97.5662
16.309 -124.98
16.31 -152.518
16.311 -180.169
16.312 -207.913
16.313 -235.722
16.314 -263.565
16.315 -291.408
16.316 -319.221
16.317 -346.982
16.318 -374.677
16.319 -402.299
16.32 -429.847
16.321 -457.321
16.322 -484.714
16.323 -512.017
16.324 -539.209
16.325 -566.264
16.326 -593.15
16.327 -619.831
16.328 -646.279
16.329 -672.469
16.33 -698.386
16.331 -724.023
16.332 -749.379
16.333 -774.455
16.334 -799.251
16.335 -823.762
16.336 -847.974
16.337 -871.868
16.338 -895.416
16.339 -918.593
16.34 -941.371
16.341 -963.735
16.342 -985.673
16.343 -1007.19
16.344 -1028.29
16.345 -1048.98
16.346 -1069.27
16.347 -1089.17
16.348 -1108.68
16.349 -1127.78
16.35 -1146.47
16.351 -1164.71
16.352 -1182.5
16.353 -1199.82
16.354 -1216.67
16.355 -1233.05
16.356 -1248.97
16.357 -1264.45
16.358 -1279.5
16.359 -1294.15
16.36 -1308.38
16.361 -1322.21
16.362 -1335.61
16.363 -1348.59
16.364 -1361.11
16.365 -1373.19
16.366 -1384.8
16.367 -1395.97
16.368 -1406.7
16.369 -1417.01
16.37 -1426.92
16.371 -1436.45
16.372 -1445.6
16.373 -1454.38
16.374 -1462.78
16.375 -1470.78
16.376 -1478.38
16.377 -1485.57
16.378 -1492.33
16.379 -1498.68
16.38 -1504.63
16.381 -1510.19
16.382 -1515.39
16.383 -1520.24
16.384 -1524.76
16.385 -1528.95
16.386 -1532.81
16.387 -1536.33
16.388 -1539.49
16.389 -1542.28
16.39 -1544.7
16.391 -1546.75
16.392 -1548.45
16.393 -1549.81
16.394 -1550.85
16.395 -1551.6
16.396 -1552.07
16.397 -1552.26
16.398 -1552.16
16.399 -1551.78
16.4 -1551.1
16.401 -1550.1
16.402 -1548.79
16.403 -1547.17
16.404 -1545.24
16.405 -1543.03
16.406 -1540.56
16.407 -1537.84
16.408 -1534.9
16.409 -1531.74
16.41 -1528.36
16.411 -1524.75
16.412 -1520.91
16.413 -1516.82
16.414 -1512.49
16.415 -1507.89
16.416 -1503.05
16.417 -1497.97
16.418 -1492.67
16.419 -1487.18
16.42 -1481.51
16.421 -1475.68
16.422 -1469.67
16.423 -1463.49
16.424 -1457.13
16.425 -1450.57
16.426 -1443.8
16.427 -1436.84
16.428 -1429.67
16.429 -1422.33
16.43 -1414.81
16.431 -1407.16
16.432 -1399.38
16.433 -1391.48
16.434 -1383.46
16.435 -1375.33
16.436 -1367.07
16.437 -1358.66
16.438 -1350.1
16.439 -1341.4
16.44 -1332.54
16.441 -1323.55
16.442 -1314.44
16.443 -1305.23
16.444 -1295.94
16.445 -1286.58
16.446 -1277.15
16.447 -1267.65
16.448 -1258.08
16.449 -1248.41
16.45 -1238.64
16.451 -1228.77
16.452 -1218.8
16.453 -1208.74
16.454 -1198.6
16.455 -1188.41
16.456 -1178.18
16.457 -1167.93
16.458 -1157.66
16.459 -1147.37
16.46 -1137.06
16.461 -1126.71
16.462 -1116.32
16.463 -1105.87
16.464 -1095.36
16.465 -1084.82
16.466 -1074.24
16.467 -1063.65
16.468 -1053.06
16.469 -1042.5
16.47 -1031.97
16.471 -1021.47
16.472 -1011
16.473 -1000.55
16.474 -990.11
16.475 -979.67
16.476 -969.233
16.477 -958.807
16.478 -948.405
16.479 -938.047
16.48 -927.753
16.481 -917.541
16.482 -907.425
16.483 -897.41
16.484 -887.492
16.485 -877.664
16.486 -867.917
16.487 -858.244
16.488 -848.643
16.489 -839.121
16.49 -829.689
16.491 -820.37
16.492 -811.186
16.493 -802.159
16.494 -793.303
16.495 -784.626
16.496 -776.128
16.497 -767.804
16.498 -759.643
16.499 -751.64
16.5 -743.791
16.501 -736.101
16.502 -728.581
16.503 -721.249
16.504 -714.128
16.505 -707.236
16.506 -700.591
16.507 -694.2
16.508 -688.064
16.509 -682.177
16.51 -676.529
16.511 -671.11
16.512 -665.913
16.513 -660.938
16.514 -656.194
16.515 -651.696
16.516 -647.463
16.517 -643.515
16.518 -639.868
16.519 -636.529
16.52 -633.501
16.521 -630.775
16.522 -628.339
16.523 -626.18
16.524 -624.289
16.525 -622.662
16.526 -621.304
16.527 -620.226
16.528 -619.446
16.529 -618.981
16.53 -618.847
16.531 -619.051
16.532 -619.593
16.533 -620.465
16.534 -621.654
16.535 -623.147
16.536 -624.928
16.537 -626.992
16.538 -629.339
16.539 -631.977
16.54 -634.92
16.541 -638.184
16.542 -641.783
16.543 -645.723
16.544 -650.006
16.545 -654.622
16.546 -659.558
16.547 -664.797
16.548 -670.323
16.549 -676.126
16.55 -682.204
16.551 -688.561
16.552 -695.21
16.553 -702.166
16.554 -709.441
16.555 -717.044
16.556 -724.976
16.557 -733.229
16.558 -741.788
16.559 -750.637
16.56 -759.756
16.561 -769.134
16.562 -778.762
16.563 -788.641
16.564 -798.781
16.565 -809.192
16.566 -819.887
16.567 -830.871
16.568 -842.147
16.569 -853.704
16.57 -865.529
16.571 -877.601
16.572 -889.899
16.573 -902.406
16.574 -915.112
16.575 -928.014
16.576 -941.116
16.577 -954.427
16.578 -967.958
16.579 -981.715
16.58 -995.699
16.581 -1009.9
16.582 -1024.3
16.583 -1038.88
16.584 -1053.61
16.585 -1068.48
16.586 -1083.47
16.587 -1098.58
16.588 -1113.79
16.589 -1129.13
16.59 -1144.59
16.591 -1160.19
16.592 -1175.92
16.593 -1191.77
16.594 -1207.72
16.595 -1223.76
16.596 -1239.86
16.597 -1255.99
16.598 -1272.14
16.599 -1288.3
16.6 -1304.46
16.601 -1320.63
16.602 -1336.81
16.603 -1353.01
16.604 -1369.24
16.605 -1385.47
16.606 -1401.7
16.607 -1417.9
16.608 -1434.05
16.609 -1450.13
16.61 -1466.11
16.611 -1481.99
16.612 -1497.76
16.613 -1513.42
16.614 -1528.98
16.615 -1544.43
16.616 -1559.79
16.617 -1575.05
16.618 -1590.2
16.619 -1605.21
16.62 -1620.07
16.621 -1634.75
16.622 -1649.23
16.623 -1663.5
16.624 -1677.55
16.625 -1691.39
16.626 -1705.02
16.627 -1718.45
16.628 -1731.68
16.629 -1744.73
16.63 -1757.57
16.631 -1770.2
16.632 -1782.59
16.633 -1794.72
16.634 -1806.57
16.635 -1818.13
16.636 -1829.4
16.637 -1840.38
16.638 -1851.07
16.639 -1861.5
16.64 -1871.66
16.641 -1881.57
16.642 -1891.22
16.643 -1900.6
16.644 -1909.71
16.645 -1918.51
16.646 -1926.99
16.647 -1935.15
16.648 -1942.98
16.649 -1950.49
16.65 -1957.68
16.651 -1964.57
16.652 -1971.17
16.653 -1977.5
16.654 -1983.56
16.655 -1989.34
16.656 -1994.82
16.657 -1999.99
16.658 -2004.84
16.659 -2009.36
16.66 -2013.53
16.661 -2017.38
16.662 -2020.9
16.663 -2024.11
16.664 -2027.03
16.665 -2029.68
16.666 -2032.06
16.667 -2034.16
16.668 -2035.97
16.669 -2037.48
16.67 -2038.68
16.671 -2039.56
16.672 -2040.1
16.673 -2040.32
16.674 -2040.22
16.675 -2039.82
16.676 -2039.14
16.677 -2038.2
16.678 -2036.98
16.679 -2035.51
16.68 -2033.77
16.681 -2031.74
16.682 -2029.41
16.683 -2026.76
16.684 -2023.79
16.685 -2020.5
16.686 -2016.9
16.687 -2012.99
16.688 -2008.8
16.689 -2004.32
16.69 -1999.58
16.691 -1994.57
16.692 -1989.28
16.693 -1983.7
16.694 -1977.81
16.695 -1971.59
16.696 -1965.04
16.697 -1958.16
16.698 -1950.95
16.699 -1943.42
16.7 -1935.6
16.701 -1927.49
16.702 -1919.11
16.703 -1910.45
16.704 -1901.51
16.705 -1892.27
16.706 -1882.71
16.707 -1872.83
16.708 -1862.6
16.709 -1852.03
16.71 -1841.12
16.711 -1829.89
16.712 -1818.34
16.713 -1806.49
16.714 -1794.36
16.715 -1781.94
16.716 -1769.24
16.717 -1756.23
16.718 -1742.91
16.719 -1729.25
16.72 -1715.25
16.721 -1700.91
16.722 -1686.21
16.723 -1671.19
16.724 -1655.84
16.725 -1640.19
16.726 -1624.24
16.727 -1608.01
16.728 -1591.49
16.729 -1574.67
16.73 -1557.53
16.731 -1540.07
16.732 -1522.27
16.733 -1504.12
16.734 -1485.64
16.735 -1466.83
16.736 -1447.71
16.737 -1428.29
16.738 -1408.6
16.739 -1388.64
16.74 -1368.4
16.741 -1347.9
16.742 -1327.12
16.743 -1306.04
16.744 -1284.66
16.745 -1262.98
16.746 -1240.99
16.747 -1218.72
16.748 -1196.17
16.749 -1173.37
16.75 -1150.33
16.751 -1127.08
16.752 -1103.61
16.753 -1079.94
16.754 -1056.06
16.755 -1031.96
16.756 -1007.63
16.757 -983.071
16.758 -958.294
16.759 -933.311
16.76 -908.143
16.761 -882.816
16.762 -857.356
16.763 -831.787
16.764 -806.125
16.765 -780.378
16.766 -754.548
16.767 -728.633
16.768 -702.632
16.769 -676.547
16.77 -650.388
16.771 -624.173
16.772 -597.928
16.773 -571.684
16.774 -545.471
16.775 -519.317
16.776 -493.244
16.777 -467.264
16.778 -441.384
16.779 -415.606
16.78 -389.929
16.781 -364.355
16.782 -338.89
16.783 -313.549
16.784 -288.354
16.785 -263.333
16.786 -238.516
16.787 -213.928
16.788 -189.59
16.789 -165.514
16.79 -141.705
16.791 -118.161
16.792 -94.8746
16.793 -71.8442
16.794 -49.0706
16.795 -26.5626
16.796 -4.3363
16.797 17.5863
16.798 39.1813
16.799 60.4262
16.8 81.3048
16.801 101.81
16.802 121.944
16.803 141.716
16.804 161.139
16.805 180.224
16.806 198.979
16.807 217.403
16.808 235.491
16.809 253.228
16.81 270.598
16.811 287.587
16.812 304.188
16.813 320.397
16.814 336.224
16.815 351.682
16.816 366.788
16.817 381.561
16.818 396.016
16.819 410.159
16.82 423.991
16.821 437.504
16.822 450.687
16.823 463.528
16.824 476.019
16.825 488.158
16.826 499.955
16.827 511.423
16.828 522.581
16.829 533.449
16.83 544.045
16.831 554.377
16.832 564.447
16.833 574.248
16.834 583.771
16.835 593.005
16.836 601.939
16.837 610.573
16.838 618.912
16.839 626.968
16.84 634.759
16.841 642.306
16.842 649.623
16.843 656.721
16.844 663.603
16.845 670.264
16.846 676.694
16.847 682.882
16.848 688.816
16.849 694.493
16.85 699.915
16.851 705.092
16.852 710.04
16.853 714.774
16.854 719.313
16.855 723.666
16.856 727.839
16.857 731.828
16.858 735.623
16.859 739.211
16.86 742.581
16.861 745.726
16.862 748.644
16.863 751.341
16.864 753.832
16.865 756.133
16.866 758.26
16.867 760.225
16.868 762.034
16.869 763.685
16.87 765.169
16.871 766.473
16.872 767.587
16.873 768.501
16.874 769.214
16.875 769.73
16.876 770.063
16.877 770.229
16.878 770.244
16.879 770.124
16.88 769.875
16.881 769.5
16.882 768.992
16.883 768.34
16.884 767.535
16.885 766.565
16.886 765.428
16.887 764.128
16.888 762.677
16.889 761.089
16.89 759.384
16.891 757.578
16.892 755.682
16.893 753.7
16.894 751.628
16.895 749.458
16.896 747.178
16.897 744.779
16.898 742.256
16.899 739.612
16.9 736.857
16.901 734.007
16.902 731.085
16.903 728.109
16.904 725.094
16.905 722.044
16.906 718.958
16.907 715.826
16.908 712.64
16.909 709.39
16.91 706.069
16.911 702.678
16.912 699.227
16.913 695.732
16.914 692.21
16.915 688.683
16.916 685.165
16.917 681.664
16.918 678.182
16.919 674.711
16.92 671.243
16.921 667.765
16.922 664.268
16.923 660.75
16.924 657.217
16.925 653.682
16.926 650.163
16.927 646.678
16.928 643.243
16.929 639.868
16.93 636.553
16.931 633.29
16.932 630.066
16.933 626.864
16.934 623.673
16.935 620.487
16.936 617.309
16.937 614.148
16.938 611.022
16.939 607.945
16.94 604.935
16.941 601.997
16.942 599.132
16.943 596.328
16.944 593.574
16.945 590.851
16.946 588.147
16.947 585.453
16.948 582.769
16.949 580.101
16.95 577.464
16.951 574.874
16.952 572.344
16.953 569.883
16.954 567.493
16.955 565.166
16.956 562.889
16.957 560.646
16.958 558.422
16.959 556.207
16.96 554
16.961 551.805
16.962 549.637
16.963 547.512
16.964 545.446
16.965 543.449
16.966 541.524
16.967 539.668
16.968 537.868
16.969 536.109
16.97 534.377
16.971 532.662
16.972 530.964
16.973 529.291
16.974 527.656
16.975 526.077
16.976 524.571
16.977 523.151
16.978 521.824
16.979 520.589
16.98 519.436
16.981 518.354
16.982 517.332
16.983 516.362
16.984 515.443
16.985 514.582
16.986 513.79
16.987 513.085
16.988 512.484
16.989 512.003
16.99 511.651
16.991 511.43
16.992 511.333
16.993 511.349
16.994 511.467
16.995 511.677
16.996 511.974
16.997 512.363
16.998 512.854
16.999 513.462
17 514.206
17.001 515.1
17.002 516.153
17.003 517.367
17.004 518.736
17.005 520.248
17.006 521.891
17.007 523.653
17.008 525.527
17.009 527.513
17.01 529.619
17.011 531.859
17.012 534.246
17.013 536.794
17.014 539.512
17.015 542.404
17.016 545.462
17.017 548.677
17.018 552.033
17.019 555.517
17.02 559.12
17.021 562.837
17.022 566.67
17.023 570.628
17.024 574.724
17.025 578.969
17.026 583.373
17.027 587.937
17.028 592.657
17.029 597.521
17.03 602.514
17.031 607.618
17.032 612.821
17.033 618.115
17.034 623.501
17.035 628.986
17.036 634.58
17.037 640.296
17.038 646.143
17.039 652.124
17.04 658.235
17.041 664.466
17.042 670.8
17.043 677.221
17.044 683.715
17.045 690.27
17.046 696.887
17.047 703.569
17.048 710.326
17.049 717.17
17.05 724.111
17.051 731.152
17.052 738.292
17.053 745.521
17.054 752.824
17.055 760.184
17.056 767.584
17.057 775.014
17.058 782.47
17.059 789.953
17.06 797.474
17.061 805.045
17.062 812.678
17.063 820.38
17.064 828.154
17.065 835.991
17.066 843.878
17.067 851.8
17.068 859.741
17.069 867.688
17.07 875.637
17.071 883.591
17.072 891.559
17.073 899.553
17.074 907.586
17.075 915.667
17.076 923.798
17.077 931.975
17.078 940.185
17.079 948.413
17.08 956.642
17.081 964.861
17.082 973.064
17.083 981.253
17.084 989.436
17.085 997.627
17.086 1005.84
17.087 1014.08
17.088 1022.36
17.089 1030.67
17.09 1039.01
17.091 1047.35
17.092 1055.68
17.093 1063.99
17.094 1072.27
17.095 1080.51
17.096 1088.72
17.097 1096.92
17.098 1105.12
17.099 1113.32
17.1 1121.54
17.101 1129.76
17.102 1137.99
17.103 1146.19
17.104 1154.36
17.105 1162.48
17.106 1170.53
17.107 1178.51
17.108 1186.43
17.109 1194.3
17.11 1202.13
17.111 1209.93
17.112 1217.71
17.113 1225.47
17.114 1233.19
17.115 1240.87
17.116 1248.49
17.117 1256.04
17.118 1263.49
17.119 1270.85
17.12 1278.12
17.121 1285.32
17.122 1292.45
17.123 1299.53
17.124 1306.58
17.125 1313.6
17.126 1320.57
17.127 1327.5
17.128 1334.36
17.129 1341.14
17.13 1347.83
17.131 1354.42
17.132 1360.91
17.133 1367.33
17.134 1373.67
17.135 1379.96
17.136 1386.21
17.137 1392.42
17.138 1398.59
17.139 1404.7
17.14 1410.75
17.141 1416.72
17.142 1422.59
17.143 1428.37
17.144 1434.04
17.145 1439.62
17.146 1445.12
17.147 1450.56
17.148 1455.96
17.149 1461.31
17.15 1466.62
17.151 1471.87
17.152 1477.05
17.153 1482.14
17.154 1487.12
17.155 1491.97
17.156 1496.7
17.157 1501.32
17.158 1505.82
17.159 1510.24
17.16 1514.57
17.161 1518.83
17.162 1523
17.163 1527.08
17.164 1531.05
17.165 1534.89
17.166 1538.58
17.167 1542.1
17.168 1545.47
17.169 1548.66
17.17 1551.71
17.171 1554.62
17.172 1557.39
17.173 1560.05
17.174 1562.57
17.175 1564.97
17.176 1567.21
17.177 1569.28
17.178 1571.16
17.179 1572.84
17.18 1574.31
17.181 1575.57
17.182 1576.64
17.183 1577.53
17.184 1578.26
17.185 1578.82
17.186 1579.24
17.187 1579.49
17.188 1579.57
17.189 1579.45
17.19 1579.13
17.191 1578.59
17.192 1577.83
17.193 1576.84
17.194 1575.65
17.195 1574.27
17.196 1572.71
17.197 1570.98
17.198 1569.1
17.199 1567.05
17.2 1564.83
17.201 1562.43
17.202 1559.83
17.203 1557.02
17.204 1553.99
17.205 1550.75
17.206 1547.31
17.207 1543.68
17.208 1539.87
17.209 1535.91
17.21 1531.81
17.211 1527.55
17.212 1523.14
17.213 1518.56
17.214 1513.8
17.215 1508.84
17.216 1503.69
17.217 1498.33
17.218 1492.79
17.219 1487.08
17.22 1481.21
17.221 1475.19
17.222 1469.04
17.223 1462.76
17.224 1456.32
17.225 1449.73
17.226 1442.97
17.227 1436.02
17.228 1428.88
17.229 1421.54
17.23 1414.01
17.231 1406.31
17.232 1398.44
17.233 1390.42
17.234 1382.26
17.235 1373.95
17.236 1365.49
17.237 1356.87
17.238 1348.07
17.239 1339.08
17.24 1329.89
17.241 1320.49
17.242 1310.9
17.243 1301.11
17.244 1291.14
17.245 1281.02
17.246 1270.73
17.247 1260.3
17.248 1249.71
17.249 1238.95
17.25 1228.02
17.251 1216.89
17.252 1205.57
17.253 1194.04
17.254 1182.31
17.255 1170.4
17.256 1158.32
17.257 1146.07
17.258 1133.68
17.259 1121.15
17.26 1108.49
17.261 1095.68
17.262 1082.72
17.263 1069.6
17.264 1056.32
17.265 1042.88
17.266 1029.27
17.267 1015.52
17.268 1001.63
17.269 987.634
17.27 973.537
17.271 959.355
17.272 945.099
17.273 930.768
17.274 916.36
17.275 901.87
17.276 887.291
17.277 872.625
17.278 857.875
17.279 843.054
17.28 828.179
17.281 813.273
17.282 798.358
17.283 783.451
17.284 768.564
17.285 753.703
17.286 738.866
17.287 724.05
17.288 709.251
17.289 694.467
17.29 679.706
17.291 664.978
17.292 650.3
17.293 635.694
17.294 621.183
17.295 606.784
17.296 592.512
17.297 578.373
17.298 564.367
17.299 550.491
17.3 536.739
17.301 523.109
17.302 509.598
17.303 496.215
17.304 482.974
17.305 469.893
17.306 456.993
17.307 444.292
17.308 431.804
17.309 419.534
17.31 407.482
17.311 395.641
17.312 383.998
17.313 372.546
17.314 361.278
17.315 350.199
17.316 339.319
17.317 328.652
17.318 318.218
17.319 308.031
17.32 298.104
17.321 288.441
17.322 279.038
17.323 269.885
17.324 260.97
17.325 252.28
17.326 243.809
17.327 235.555
17.328 227.524
17.329 219.729
17.33 212.185
17.331 204.91
17.332 197.918
17.333 191.218
17.334 184.809
17.335 178.682
17.336 172.825
17.337 167.227
17.338 161.878
17.339 156.776
17.34 151.925
17.341 147.34
17.342 143.04
17.343 139.046
17.344 135.372
17.345 132.028
17.346 129.015
17.347 126.325
17.348 123.947
17.349 121.867
17.35 120.076
17.351 118.571
17.352 117.36
17.353 116.456
17.354 115.878
17.355 115.646
17.356 115.776
17.357 116.278
17.358 117.155
17.359 118.403
17.36 120.013
17.361 121.97
17.362 124.264
17.363 126.892
17.364 129.855
17.365 133.163
17.366 136.834
17.367 140.885
17.368 145.332
17.369 150.185
17.37 155.447
17.371 161.11
17.372 167.156
17.373 173.569
17.374 180.333
17.375 187.437
17.376 194.878
17.377 202.662
17.378 210.802
17.379 219.311
17.38 228.202
17.381 237.482
17.382 247.146
17.383 257.183
17.384 267.577
17.385 278.305
17.386 289.35
17.387 300.697
17.388 312.338
17.389 324.274
17.39 336.514
17.391 349.067
17.392 361.94
17.393 375.137
17.394 388.655
17.395 402.482
17.396 416.6
17.397 430.988
17.398 445.621
17.399 460.484
17.4 475.564
17.401 490.858
17.402 506.366
17.403 522.097
17.404 538.057
17.405 554.249
17.406 570.669
17.407 587.306
17.408 604.142
17.409 621.154
17.41 638.316
17.411 655.606
17.412 673.009
17.413 690.515
17.414 708.122
17.415 725.835
17.416 743.657
17.417 761.592
17.418 779.635
17.419 797.776
17.42 815.994
17.421 834.264
17.422 852.561
17.423 870.859
17.424 889.138
17.425 907.386
17.426 925.598
17.427 943.776
17.428 961.924
17.429 980.043
17.43 998.131
17.431 1016.18
17.432 1034.16
17.433 1052.05
17.434 1069.82
17.435 1087.44
17.436 1104.9
17.437 1122.18
17.438 1139.26
17.439 1156.16
17.44 1172.87
17.441 1189.39
17.442 1205.73
17.443 1221.87
17.444 1237.79
17.445 1253.48
17.446 1268.91
17.447 1284.05
17.448 1298.88
17.449 1313.38
17.45 1327.55
17.451 1341.39
17.452 1354.91
17.453 1368.1
17.454 1380.96
17.455 1393.5
17.456 1405.69
17.457 1417.53
17.458 1428.98
17.459 1440.03
17.46 1450.65
17.461 1460.84
17.462 1470.57
17.463 1479.86
17.464 1488.72
17.465 1497.15
17.466 1505.15
17.467 1512.73
17.468 1519.89
17.469 1526.6
17.47 1532.86
17.471 1538.63
17.472 1543.92
17.473 1548.69
17.474 1552.96
17.475 1556.73
17.476 1560
17.477 1562.79
17.478 1565.11
17.479 1566.97
17.48 1568.36
17.481 1569.28
17.482 1569.71
17.483 1569.65
17.484 1569.07
17.485 1567.98
17.486 1566.36
17.487 1564.23
17.488 1561.59
17.489 1558.44
17.49 1554.81
17.491 1550.7
17.492 1546.11
17.493 1541.05
17.494 1535.52
17.495 1529.49
17.496 1522.95
17.497 1515.91
17.498 1508.34
17.499 1500.28
17.5 1491.71
17.501 1482.67
17.502 1473.16
17.503 1463.21
17.504 1452.83
17.505 1442.01
17.506 1430.75
17.507 1419.04
17.508 1406.87
17.509 1394.23
17.51 1381.12
17.511 1367.54
17.512 1353.51
17.513 1339.05
17.514 1324.17
17.515 1308.89
17.516 1293.22
17.517 1277.16
17.518 1260.72
17.519 1243.88
17.52 1226.64
17.521 1208.98
17.522 1190.9
17.523 1172.4
17.524 1153.5
17.525 1134.21
17.526 1114.56
17.527 1094.55
17.528 1074.21
17.529 1053.53
17.53 1032.53
17.531 1011.19
17.532 989.497
17.533 967.448
17.534 945.038
17.535 922.269
17.536 899.152
17.537 875.704
17.538 851.945
17.539 827.897
17.54 803.577
17.541 778.994
17.542 754.152
17.543 729.048
17.544 703.676
17.545 678.03
17.546 652.107
17.547 625.914
17.548 599.464
17.549 572.776
17.55 545.876
17.551 518.788
17.552 491.534
17.553 464.13
17.554 436.585
17.555 408.904
17.556 381.083
17.557 353.123
17.558 325.026
17.559 296.798
17.56 268.455
17.561 240.023
17.562 211.53
17.563 183.007
17.564 154.484
17.565 125.984
17.566 97.5208
17.567 69.1047
17.568 40.7389
17.569 12.4256
17.57 -15.831
17.571 -44.0199
17.572 -72.122
17.573 -100.112
17.574 -127.959
17.575 -155.631
17.576 -183.099
17.577 -210.339
17.578 -237.333
17.579 -264.074
17.58 -290.558
17.581 -316.786
17.582 -342.753
17.583 -368.456
17.584 -393.881
17.585 -419.011
17.586 -443.82
17.587 -468.284
17.588 -492.378
17.589 -516.085
17.59 -539.393
17.591 -562.298
17.592 -584.802
17.593 -606.912
17.594 -628.633
17.595 -649.971
17.596 -670.922
17.597 -691.477
17.598 -711.621
17.599 -731.339
17.6 -750.612
17.601 -769.427
17.602 -787.777
17.603 -805.664
17.604 -823.094
17.605 -840.08
17.606 -856.636
17.607 -872.772
17.608 -888.492
17.609 -903.795
17.61 -918.672
17.611 -933.114
17.612 -947.109
17.613 -960.651
17.614 -973.736
17.615 -986.369
17.616 -998.561
17.617 -1010.33
17.618 -1021.69
17.619 -1032.65
17.62 -1043.23
17.621 -1053.43
17.622 -1063.26
17.623 -1072.69
17.624 -1081.73
17.625 -1090.37
17.626 -1098.61
17.627 -1106.44
17.628 -1113.89
17.629 -1120.96
17.63 -1127.67
17.631 -1134.04
17.632 -1140.09
17.633 -1145.82
17.634 -1151.24
17.635 -1156.33
17.636 -1161.1
17.637 -1165.53
17.638 -1169.62
17.639 -1173.37
17.64 -1176.79
17.641 -1179.9
17.642 -1182.71
17.643 -1185.24
17.644 -1187.5
17.645 -1189.51
17.646 -1191.27
17.647 -1192.77
17.648 -1194
17.649 -1194.95
17.65 -1195.63
17.651 -1196.02
17.652 -1196.12
17.653 -1195.96
17.654 -1195.54
17.655 -1194.88
17.656 -1193.99
17.657 -1192.89
17.658 -1191.57
17.659 -1190.03
17.66 -1188.27
17.661 -1186.26
17.662 -1183.99
17.663 -1181.48
17.664 -1178.7
17.665 -1175.68
17.666 -1172.42
17.667 -1168.94
17.668 -1165.26
17.669 -1161.39
17.67 -1157.33
17.671 -1153.07
17.672 -1148.6
17.673 -1143.91
17.674 -1138.97
17.675 -1133.79
17.676 -1128.36
17.677 -1122.68
17.678 -1116.78
17.679 -1110.66
17.68 -1104.34
17.681 -1097.84
17.682 -1091.15
17.683 -1084.27
17.684 -1077.19
17.685 -1069.9
17.686 -1062.4
17.687 -1054.66
17.688 -1046.69
17.689 -1038.5
17.69 -1030.1
17.691 -1021.5
17.692 -1012.71
17.693 -1003.76
17.694 -994.648
17.695 -985.374
17.696 -975.932
17.697 -966.312
17.698 -956.503
17.699 -946.496
17.7 -936.29
17.701 -925.89
17.702 -915.309
17.703 -904.564
17.704 -893.674
17.705 -882.653
17.706 -871.511
17.707 -860.25
17.708 -848.867
17.709 -837.352
17.71 -825.696
17.711 -813.891
17.712 -801.935
17.713 -789.832
17.714 -777.594
17.715 -765.237
17.716 -752.781
17.717 -740.243
17.718 -727.632
17.719 -714.956
17.72 -702.211
17.721 -689.389
17.722 -676.48
17.723 -663.475
17.724 -650.37
17.725 -637.167
17.726 -623.878
17.727 -610.517
17.728 -597.104
17.729 -583.656
17.73 -570.185
17.731 -556.7
17.732 -543.199
17.733 -529.678
17.734 -516.128
17.735 -502.54
17.736 -488.909
17.737 -475.239
17.738 -461.537
17.739 -447.82
17.74 -434.107
17.741 -420.415
17.742 -406.758
17.743 -393.143
17.744 -379.572
17.745 -366.038
17.746 -352.533
17.747 -339.047
17.748 -325.574
17.749 -312.115
17.75 -298.675
17.751 -285.27
17.752 -271.919
17.753 -258.641
17.754 -245.453
17.755 -232.366
17.756 -219.383
17.757 -206.502
17.758 -193.714
17.759 -181.012
17.76 -168.39
17.761 -155.846
17.762 -143.387
17.763 -131.024
17.764 -118.776
17.765 -106.662
17.766 -94.6976
17.767 -82.896
17.768 -71.2618
17.769 -59.7928
17.77 -48.4815
17.771 -37.3199
17.772 -26.3026
17.773 -15.4281
17.774 -4.70148
17.775 5.86526
17.776 16.2551
17.777 26.4487
17.778 36.4281
17.779 46.1797
17.78 55.6966
17.781 64.9795
17.782 74.0352
17.783 82.8728
17.784 91.501
17.785 99.9241
17.786 108.14
17.787 116.141
17.788 123.911
17.789 131.434
17.79 138.694
17.791 145.676
17.792 152.375
17.793 158.791
17.794 164.932
17.795 170.807
17.796 176.427
17.797 181.8
17.798 186.926
17.799 191.8
17.8 196.411
17.801 200.744
17.802 204.787
17.803 208.528
17.804 211.964
17.805 215.095
17.806 217.93
17.807 220.481
17.808 222.762
17.809 224.782
17.81 226.547
17.811 228.058
17.812 229.309
17.813 230.289
17.814 230.986
17.815 231.391
17.816 231.5
17.817 231.314
17.818 230.843
17.819 230.095
17.82 229.088
17.821 227.835
17.822 226.349
17.823 224.636
17.824 222.694
17.825 220.518
17.826 218.097
17.827 215.426
17.828 212.499
17.829 209.32
17.83 205.899
17.831 202.251
17.832 198.396
17.833 194.35
17.834 190.128
17.835 185.739
17.836 181.183
17.837 176.456
17.838 171.551
17.839 166.459
17.84 161.178
17.841 155.707
17.842 150.053
17.843 144.229
17.844 138.254
17.845 132.144
17.846 125.915
17.847 119.576
17.848 113.13
17.849 106.574
17.85 99.8993
17.851 93.0954
17.852 86.1526
17.853 79.0677
17.854 71.8443
17.855 64.4933
17.856 57.0301
17.857 49.4722
17.858 41.8348
17.859 34.1278
17.86 26.3546
17.861 18.5091
17.862 10.5788
17.863 2.55012
17.864 -5.58833
17.865 -13.8428
17.866 -22.2123
17.867 -30.6885
17.868 -39.2575
17.869 -47.903
17.87 -56.6103
17.871 -65.3688
17.872 -74.1744
17.873 -83.0308
17.874 -91.9473
17.875 -100.936
17.876 -110.009
17.877 -119.173
17.878 -128.427
17.879 -137.763
17.88 -147.169
17.881 -156.625
17.882 -166.111
17.883 -175.61
17.884 -185.116
17.885 -194.628
17.886 -204.151
17.887 -213.697
17.888 -223.275
17.889 -232.892
17.89 -242.547
17.891 -252.23
17.892 -261.923
17.893 -271.602
17.894 -281.246
17.895 -290.836
17.896 -300.36
17.897 -309.815
17.898 -319.204
17.899 -328.536
17.9 -337.818
17.901 -347.058
17.902 -356.253
17.903 -365.394
17.904 -374.466
17.905 -383.447
17.906 -392.315
17.907 -401.051
17.908 -409.641
17.909 -418.08
17.91 -426.37
17.911 -434.52
17.912 -442.536
17.913 -450.426
17.914 -458.19
17.915 -465.822
17.916 -473.307
17.917 -480.626
17.918 -487.756
17.919 -494.677
17.92 -501.376
17.921 -507.848
17.922 -514.097
17.923 -520.132
17.924 -525.966
17.925 -531.61
17.926 -537.068
17.927 -542.337
17.928 -547.409
17.929 -552.266
17.93 -556.891
17.931 -561.268
17.932 -565.386
17.933 -569.244
17.934 -572.845
17.935 -576.202
17.936 -579.328
17.937 -582.236
17.938 -584.935
17.939 -587.428
17.94 -589.708
17.941 -591.765
17.942 -593.584
17.943 -595.152
17.944 -596.459
17.945 -597.502
17.946 -598.286
17.947 -598.822
17.948 -599.127
17.949 -599.215
17.95 -599.099
17.951 -598.784
17.952 -598.268
17.953 -597.542
17.954 -596.594
17.955 -595.409
17.956 -593.979
17.957 -592.3
17.958 -590.376
17.959 -588.218
17.96 -585.841
17.961 -583.262
17.962 -580.492
17.963 -577.538
17.964 -574.399
17.965 -571.068
17.966 -567.533
17.967 -563.781
17.968 -559.802
17.969 -555.589
17.97 -551.146
17.971 -546.479
17.972 -541.601
17.973 -536.525
17.974 -531.264
17.975 -525.827
17.976 -520.214
17.977 -514.42
17.978 -508.433
17.979 -502.241
17.98 -495.831
17.981 -489.196
17.982 -482.336
17.983 -475.257
17.984 -467.971
17.985 -460.493
17.986 -452.837
17.987 -445.013
17.988 -437.025
17.989 -428.87
17.99 -420.538
17.991 -412.018
17.992 -403.299
17.993 -394.375
17.994 -385.244
17.995 -375.913
17.996 -366.394
17.997 -356.703
17.998 -346.855
17.999 -336.863
18 -326.733
18.001 -316.469
18.002 -306.066
18.003 -295.518
18.004 -284.816
18.005 -273.955
18.006 -262.934
18.007 -251.76
18.008 -240.447
18.009 -229.01
18.01 -217.469
18.011 -205.842
18.012 -194.139
18.013 -182.368
18.014 -170.528
18.015 -158.613
18.016 -146.616
18.017 -134.532
18.018 -122.36
18.019 -110.107
18.02 -97.7857
18.021 -85.4132
18.022 -73.0097
18.023 -60.5942
18.024 -48.1811
18.025 -35.7783
18.026 -23.3874
18.027 -11.0045
18.028 1.37678
18.029 13.7618
18.03 26.152
18.031 38.5417
18.032 50.9182
18.033 63.2636
18.034 75.5571
18.035 87.7784
18.036 99.9114
18.037 111.946
18.038 123.878
18.039 135.711
18.04 147.449
18.041 159.099
18.042 170.664
18.043 182.141
18.044 193.521
18.045 204.787
18.046 215.92
18.047 226.9
18.048 237.712
18.049 248.344
18.05 258.792
18.051 269.062
18.052 279.161
18.053 289.1
18.054 298.884
18.055 308.515
18.056 317.986
18.057 327.285
18.058 336.395
18.059 345.299
18.06 353.982
18.061 362.434
18.062 370.656
18.063 378.652
18.064 386.432
18.065 394.007
18.066 401.388
18.067 408.578
18.068 415.575
18.069 422.371
18.07 428.95
18.071 435.298
18.072 441.4
18.073 447.246
18.074 452.834
18.075 458.169
18.076 463.262
18.077 468.124
18.078 472.767
18.079 477.199
18.08 481.419
18.081 485.421
18.082 489.19
18.083 492.713
18.084 495.973
18.085 498.963
18.086 501.678
18.087 504.124
18.088 506.31
18.089 508.25
18.09 509.956
18.091 511.437
18.092 512.695
18.093 513.723
18.094 514.512
18.095 515.046
18.096 515.312
18.097 515.3
18.098 515.006
18.099 514.433
18.1 513.592
18.101 512.495
18.102 511.153
18.103 509.576
18.104 507.77
18.105 505.731
18.106 503.45
18.107 500.916
18.108 498.115
18.109 495.036
18.11 491.676
18.111 488.037
18.112 484.128
18.113 479.963
18.114 475.557
18.115 470.923
18.116 466.067
18.117 460.99
18.118 455.686
18.119 450.143
18.12 444.349
18.121 438.294
18.122 431.975
18.123 425.395
18.124 418.561
18.125 411.49
18.126 404.197
18.127 396.696
18.128 388.998
18.129 381.105
18.13 373.014
18.131 364.719
18.132 356.209
18.133 347.478
18.134 338.522
18.135 329.344
18.136 319.953
18.137 310.365
18.138 300.596
18.139 290.664
18.14 280.581
18.141 270.355
18.142 259.987
18.143 249.474
18.144 238.807
18.145 227.98
18.146 216.989
18.147 205.836
18.148 194.529
18.149 183.085
18.15 171.52
18.151 159.854
18.152 148.102
18.153 136.273
18.154 124.372
18.155 112.395
18.156 100.337
18.157 88.1892
18.158 75.9487
18.159 63.6164
18.16 51.2001
18.161 38.7123
18.162 26.1688
18.163 13.5872
18.164 0.982896
18.165 -11.6335
18.166 -24.2574
18.167 -36.8905
18.168 -49.5388
18.169 -62.2099
18.17 -74.9094
18.171 -87.6394
18.172 -100.396
18.173 -113.169
18.174 -125.942
18.175 -138.699
18.176 -151.423
18.177 -164.103
18.178 -176.731
18.179 -189.309
18.18 -201.842
18.181 -214.337
18.182 -226.799
18.183 -239.231
18.184 -251.629
18.185 -263.983
18.186 -276.279
18.187 -288.499
18.188 -300.625
18.189 -312.643
18.19 -324.546
18.191 -336.333
18.192 -348.007
18.193 -359.578
18.194 -371.051
18.195 -382.432
18.196 -393.719
18.197 -404.905
18.198 -415.976
18.199 -426.916
18.2 -437.709
18.201 -448.342
18.202 -458.805
18.203 -469.098
18.204 -479.224
18.205 -489.192
18.206 -499.009
18.207 -508.682
18.208 -518.213
18.209 -527.595
18.21 -536.819
18.211 -545.87
18.212 -554.734
18.213 -563.398
18.214 -571.856
18.215 -580.104
18.216 -588.149
18.217 -595.998
18.218 -603.662
18.219 -611.15
18.22 -618.466
18.221 -625.609
18.222 -632.572
18.223 -639.342
18.224 -645.907
18.225 -652.254
18.226 -658.377
18.227 -664.274
18.228 -669.948
18.229 -675.41
18.23 -680.671
18.231 -685.743
18.232 -690.634
18.233 -695.346
18.234 -699.876
18.235 -704.214
18.236 -708.349
18.237 -712.272
18.238 -715.973
18.239 -719.453
18.24 -722.716
18.241 -725.77
18.242 -728.624
18.243 -731.286
18.244 -733.766
18.245 -736.064
18.246 -738.179
18.247 -740.102
18.248 -741.822
18.249 -743.326
18.25 -744.606
18.251 -745.656
18.252 -746.477
18.253 -747.074
18.254 -747.457
18.255 -747.636
18.256 -747.621
18.257 -747.416
18.258 -747.02
18.259 -746.426
18.26 -745.626
18.261 -744.602
18.262 -743.346
18.263 -741.85
18.264 -740.113
18.265 -738.141
18.266 -735.941
18.267 -733.527
18.268 -730.908
18.269 -728.089
18.27 -725.073
18.271 -721.852
18.272 -718.419
18.273 -714.762
18.274 -710.87
18.275 -706.737
18.276 -702.36
18.277 -697.745
18.278 -692.901
18.279 -687.84
18.28 -682.573
18.281 -677.111
18.282 -671.46
18.283 -665.62
18.284 -659.584
18.285 -653.345
18.286 -646.894
18.287 -640.225
18.288 -633.337
18.289 -626.235
18.29 -618.931
18.291 -611.441
18.292 -603.785
18.293 -595.978
18.294 -588.032
18.295 -579.951
18.296 -571.732
18.297 -563.37
18.298 -554.857
18.299 -546.191
18.3 -537.37
18.301 -528.404
18.302 -519.309
18.303 -510.104
18.304 -500.808
18.305 -491.442
18.306 -482.017
18.307 -472.542
18.308 -463.015
18.309 -453.435
18.31 -443.794
18.311 -434.089
18.312 -424.318
18.313 -414.487
18.314 -404.609
18.315 -394.7
18.316 -384.781
18.317 -374.871
18.318 -364.982
18.319 -355.124
18.32 -345.297
18.321 -335.493
18.322 -325.702
18.323 -315.914
18.324 -306.124
18.325 -296.334
18.326 -286.554
18.327 -276.797
18.328 -267.082
18.329 -257.426
18.33 -247.843
18.331 -238.336
18.332 -228.904
18.333 -219.537
18.334 -210.224
18.335 -200.954
18.336 -191.72
18.337 -182.521
18.338 -173.363
18.339 -164.259
18.34 -155.226
18.341 -146.277
18.342 -137.423
18.343 -128.669
18.344 -120.013
18.345 -111.444
18.346 -102.953
18.347 -94.5245
18.348 -86.1509
18.349 -77.8281
18.35 -69.5595
18.351 -61.3562
18.352 -53.2343
18.353 -45.2098
18.354 -37.2957
18.355 -29.4991
18.356 -21.82
18.357 -14.2517
18.358 -6.78291
18.359 0.598492
18.36 7.9022
18.361 15.1295
18.362 22.2727
18.363 29.3189
18.364 36.2509
18.365 43.0506
18.366 49.7025
18.367 56.1968
18.368 62.5309
18.369 68.7087
18.37 74.7389
18.371 80.6296
18.372 86.3851
18.373 92.0057
18.374 97.4854
18.375 102.811
18.376 107.967
18.377 112.933
18.378 117.694
18.379 122.237
18.38 126.558
18.381 130.657
18.382 134.542
18.383 138.22
18.384 141.699
18.385 144.982
18.386 148.065
18.387 150.939
18.388 153.588
18.389 155.996
18.39 158.145
18.391 160.027
18.392 161.638
18.393 162.981
18.394 164.063
18.395 164.896
18.396 165.49
18.397 165.851
18.398 165.979
18.399 165.869
18.4 165.509
18.401 164.884
18.402 163.987
18.403 162.808
18.404 161.345
18.405 159.604
18.406 157.593
18.407 155.326
18.408 152.817
18.409 150.074
18.41 147.103
18.411 143.904
18.412 140.471
18.413 136.795
18.414 132.867
18.415 128.681
18.416 124.234
18.417 119.531
18.418 114.583
18.419 109.403
18.42 104.006
18.421 98.4045
18.422 92.6053
18.423 86.6099
18.424 80.4139
18.425 74.0095
18.426 67.3877
18.427 60.5415
18.428 53.4685
18.429 46.1721
18.43 38.6617
18.431 30.9513
18.432 23.0572
18.433 14.9938
18.434 6.77114
18.435 -1.60644
18.436 -10.1405
18.437 -18.8369
18.438 -27.7035
18.439 -36.7466
18.44 -45.9684
18.441 -55.3662
18.442 -64.9316
18.443 -74.6511
18.444 -84.5089
18.445 -94.4896
18.446 -104.582
18.447 -114.779
18.448 -125.082
18.449 -135.494
18.45 -146.024
18.451 -156.676
18.452 -167.451
18.453 -178.347
18.454 -189.353
18.455 -200.456
18.456 -211.637
18.457 -222.879
18.458 -234.169
18.459 -245.496
18.46 -256.858
18.461 -268.257
18.462 -279.695
18.463 -291.18
18.464 -302.711
18.465 -314.287
18.466 -325.899
18.467 -337.533
18.468 -349.171
18.469 -360.795
18.47 -372.391
18.471 -383.945
18.472 -395.453
18.473 -406.913
18.474 -418.328
18.475 -429.702
18.476 -441.039
18.477 -452.334
18.478 -463.582
18.479 -474.769
18.48 -485.876
18.481 -496.886
18.482 -507.781
18.483 -518.545
18.484 -529.172
18.485 -539.66
18.486 -550.011
18.487 -560.228
18.488 -570.316
18.489 -580.274
18.49 -590.095
18.491 -599.77
18.492 -609.281
18.493 -618.613
18.494 -627.747
18.495 -636.673
18.496 -645.38
18.497 -653.869
18.498 -662.142
18.499 -670.205
18.5 -678.063
18.501 -685.721
18.502 -693.177
18.503 -700.424
18.504 -707.449
18.505 -714.239
18.506 -720.777
18.507 -727.052
18.508 -733.058
18.509 -738.792
18.51 -744.261
18.511 -749.472
18.512 -754.437
18.513 -759.165
18.514 -763.657
18.515 -767.913
18.516 -771.922
18.517 -775.674
18.518 -779.155
18.519 -782.356
18.52 -785.271
18.521 -787.9
18.522 -790.249
18.523 -792.327
18.524 -794.146
18.525 -795.716
18.526 -797.042
18.527 -798.124
18.528 -798.957
18.529 -799.529
18.53 -799.83
18.531 -799.848
18.532 -799.575
18.533 -799.012
18.534 -798.162
18.535 -797.036
18.536 -795.643
18.537 -793.996
18.538 -792.101
18.539 -789.961
18.54 -787.571
18.541 -784.923
18.542 -782.003
18.543 -778.801
18.544 -775.308
18.545 -771.523
18.546 -767.449
18.547 -763.096
18.548 -758.476
18.549 -753.602
18.55 -748.483
18.551 -743.124
18.552 -737.523
18.553 -731.673
18.554 -725.564
18.555 -719.187
18.556 -712.533
18.557 -705.6
18.558 -698.393
18.559 -690.92
18.56 -683.196
18.561 -675.236
18.562 -667.051
18.563 -658.651
18.564 -650.036
18.565 -641.203
18.566 -632.144
18.567 -622.848
18.568 -613.309
18.569 -603.525
18.57 -593.498
18.571 -583.241
18.572 -572.771
18.573 -562.104
18.574 -551.256
18.575 -540.24
18.576 -529.059
18.577 -517.712
18.578 -506.193
18.579 -494.495
18.58 -482.612
18.581 -470.544
18.582 -458.298
18.583 -445.89
18.584 -433.337
18.585 -420.658
18.586 -407.874
18.587 -394.997
18.588 -382.036
18.589 -368.995
18.59 -355.868
18.591 -342.653
18.592 -329.346
18.593 -315.946
18.594 -302.461
18.595 -288.904
18.596 -275.291
18.597 -261.644
18.598 -247.982
18.599 -234.321
18.6 -220.673
18.601 -207.041
18.602 -193.423
18.603 -179.817
18.604 -166.219
18.605 -152.628
18.606 -139.051
18.607 -125.498
18.608 -111.987
18.609 -98.5382
18.61 -85.1728
18.611 -71.9072
18.612 -58.7526
18.613 -45.714
18.614 -32.7909
18.615 -19.9794
18.616 -7.27521
18.617 5.32327
18.618 17.8127
18.619 30.1834
18.62 42.4202
18.621 54.5073
18.622 66.4297
18.623 78.1739
18.624 89.7305
18.625 101.096
18.626 112.273
18.627 123.266
18.628 134.082
18.629 144.728
18.63 155.203
18.631 165.506
18.632 175.629
18.633 185.56
18.634 195.286
18.635 204.795
18.636 214.078
18.637 223.134
18.638 231.964
18.639 240.576
18.64 248.98
18.641 257.185
18.642 265.2
18.643 273.026
18.644 280.659
18.645 288.092
18.646 295.314
18.647 302.314
18.648 309.086
18.649 315.627
18.65 321.942
18.651 328.04
18.652 333.93
18.653 339.626
18.654 345.134
18.655 350.461
18.656 355.604
18.657 360.557
18.658 365.312
18.659 369.857
18.66 374.186
18.661 378.294
18.662 382.183
18.663 385.86
18.664 389.335
18.665 392.619
18.666 395.723
18.667 398.652
18.668 401.407
18.669 403.983
18.67 406.371
18.671 408.56
18.672 410.538
18.673 412.3
18.674 413.844
18.675 415.177
18.676 416.309
18.677 417.25
18.678 418.013
18.679 418.604
18.68 419.024
18.681 419.269
18.682 419.327
18.683 419.186
18.684 418.834
18.685 418.263
18.686 417.473
18.687 416.464
18.688 415.246
18.689 413.83
18.69 412.228
18.691 410.445
18.692 408.486
18.693 406.346
18.694 404.016
18.695 401.485
18.696 398.743
18.697 395.78
18.698 392.595
18.699 389.191
18.7 385.578
18.701 381.768
18.702 377.776
18.703 373.613
18.704 369.287
18.705 364.795
18.706 360.132
18.707 355.29
18.708 350.257
18.709 345.026
18.71 339.597
18.711 333.973
18.712 328.168
18.713 322.198
18.714 316.078
18.715 309.823
18.716 303.441
18.717 296.936
18.718 290.303
18.719 283.536
18.72 276.626
18.721 269.568
18.722 262.363
18.723 255.018
18.724 247.546
18.725 239.963
18.726 232.286
18.727 224.533
18.728 216.714
18.729 208.834
18.73 200.894
18.731 192.888
18.732 184.81
18.733 176.655
18.734 168.423
18.735 160.118
18.736 151.753
18.737 143.342
18.738 134.905
18.739 126.459
18.74 118.015
18.741 109.579
18.742 101.151
18.743 92.725
18.744 84.2928
18.745 75.8482
18.746 67.3883
18.747 58.9164
18.748 50.4416
18.749 41.9781
18.75 33.5425
18.751 25.1495
18.752 16.8089
18.753 8.52605
18.754 0.299906
18.755 -7.8753
18.756 -16.0079
18.757 -24.106
18.758 -32.1741
18.759 -40.2119
18.76 -48.2126
18.761 -56.1669
18.762 -64.0637
18.763 -71.8912
18.764 -79.6401
18.765 -87.3058
18.766 -94.8894
18.767 -102.397
18.768 -109.838
18.769 -117.223
18.77 -124.558
18.771 -131.848
18.772 -139.09
18.773 -146.275
18.774 -153.393
18.775 -160.433
18.776 -167.384
18.777 -174.241
18.778 -181.003
18.779 -187.676
18.78 -194.269
18.781 -200.792
18.782 -207.255
18.783 -213.66
18.784 -220.009
18.785 -226.294
18.786 -232.506
18.787 -238.633
18.788 -244.664
18.789 -250.594
18.79 -256.421
18.791 -262.146
18.792 -267.775
18.793 -273.313
18.794 -278.768
18.795 -284.144
18.796 -289.439
18.797 -294.647
18.798 -299.759
18.799 -304.76
18.8 -309.639
18.801 -314.384
18.802 -318.988
18.803 -323.449
18.804 -327.771
18.805 -331.959
18.806 -336.02
18.807 -339.96
18.808 -343.777
18.809 -347.468
18.81 -351.021
18.811 -354.423
18.812 -357.66
18.813 -360.718
18.814 -363.59
18.815 -366.273
18.816 -368.769
18.817 -371.085
18.818 -373.228
18.819 -375.203
18.82 -377.012
18.821 -378.653
18.822 -380.118
18.823 -381.395
18.824 -382.472
18.825 -383.336
18.826 -383.98
18.827 -384.401
18.828 -384.602
18.829 -384.59
18.83 -384.375
18.831 -383.963
18.832 -383.364
18.833 -382.577
18.834 -381.6
18.835 -380.423
18.836 -379.035
18.837 -377.426
18.838 -375.589
18.839 -373.522
18.84 -371.229
18.841 -368.719
18.842 -366.005
18.843 -363.099
18.844 -360.01
18.845 -356.742
18.846 -353.294
18.847 -349.66
18.848 -345.831
18.849 -341.798
18.85 -337.553
18.851 -333.098
18.852 -328.438
18.853 -323.585
18.854 -318.552
18.855 -313.354
18.856 -308.004
18.857 -302.508
18.858 -296.868
18.859 -291.082
18.86 -285.141
18.861 -279.04
18.862 -272.773
18.863 -266.34
18.864 -259.746
18.865 -253.002
18.866 -246.122
18.867 -239.122
18.868 -232.014
18.869 -224.81
18.87 -217.511
18.871 -210.116
18.872 -202.616
18.873 -195.003
18.874 -187.271
18.875 -179.417
18.876 -171.445
18.877 -163.364
18.878 -155.188
18.879 -146.931
18.88 -138.608
18.881 -130.226
18.882 -121.787
18.883 -113.288
18.884 -104.721
18.885 -96.0773
18.886 -87.3497
18.887 -78.5342
18.888 -69.6326
18.889 -60.6525
18.89 -51.6057
18.891 -42.5063
18.892 -33.3673
18.893 -24.1981
18.894 -15.003
18.895 -5.78028
18.896 3.47606
18.897 12.7744
18.898 22.1225
18.899 31.5248
18.9 40.9803
18.901 50.4826
18.902 60.0202
18.903 69.5791
18.904 79.1453
18.905 88.7081
18.906 98.2617
18.907 107.806
18.908 117.346
18.909 126.889
18.91 136.443
18.911 146.012
18.912 155.594
18.913 165.181
18.914 174.763
18.915 184.323
18.916 193.847
18.917 203.323
18.918 212.741
18.919 222.1
18.92 231.402
18.921 240.653
18.922 249.855
18.923 259.012
18.924 268.123
18.925 277.181
18.926 286.174
18.927 295.087
18.928 303.905
18.929 312.613
18.93 321.202
18.931 329.668
18.932 338.01
18.933 346.234
18.934 354.344
18.935 362.344
18.936 370.236
18.937 378.015
18.938 385.671
18.939 393.191
18.94 400.559
18.941 407.763
18.942 414.791
18.943 421.636
18.944 428.299
18.945 434.785
18.946 441.098
18.947 447.245
18.948 453.228
18.949 459.045
18.95 464.688
18.951 470.146
18.952 475.408
18.953 480.462
18.954 485.298
18.955 489.914
18.956 494.309
18.957 498.488
18.958 502.461
18.959 506.234
18.96 509.815
18.961 513.205
18.962 516.399
18.963 519.391
18.964 522.171
18.965 524.726
18.966 527.048
18.967 529.134
18.968 530.985
18.969 532.605
18.97 534.004
18.971 535.192
18.972 536.178
18.973 536.967
18.974 537.559
18.975 537.949
18.976 538.128
18.977 538.086
18.978 537.817
18.979 537.316
18.98 536.584
18.981 535.627
18.982 534.452
18.983 533.071
18.984 531.491
18.985 529.72
18.986 527.758
18.987 525.603
18.988 523.246
18.989 520.679
18.99 517.894
18.991 514.884
18.992 511.649
18.993 508.194
18.994 504.525
18.995 500.656
18.996 496.594
18.997 492.349
18.998 487.924
18.999 483.315
19 478.518
19.001 473.521
19.002 468.316
19.003 462.895
19.004 457.257
19.005 451.405
19.006 445.345
19.007 439.09
19.008 432.65
19.009 426.033
19.01 419.244
19.011 412.282
19.012 405.139
19.013 397.806
19.014 390.273
19.015 382.533
19.016 374.582
19.017 366.423
19.018 358.062
19.019 349.51
19.02 340.777
19.021 331.876
19.022 322.81
19.023 313.583
19.024 304.189
19.025 294.621
19.026 284.87
19.027 274.929
19.028 264.795
19.029 254.469
19.03 243.959
19.031 233.276
19.032 222.435
19.033 211.448
19.034 200.323
19.035 189.065
19.036 177.671
19.037 166.136
19.038 154.453
19.039 142.613
19.04 130.615
19.041 118.461
19.042 106.159
19.043 93.7231
19.044 81.1674
19.045 68.5066
19.046 55.7514
19.047 42.9081
19.048 29.9773
19.049 16.9552
19.05 3.83568
19.051 -9.38617
19.052 -22.7118
19.053 -36.1379
19.054 -49.6559
19.055 -63.2526
19.056 -76.9119
19.057 -90.6182
19.058 -104.358
19.059 -118.123
19.06 -131.909
19.061 -145.719
19.062 -159.558
19.063 -173.431
19.064 -187.34
19.065 -201.284
19.066 -215.255
19.067 -229.24
19.068 -243.223
19.069 -257.189
19.07 -271.123
19.071 -285.015
19.072 -298.863
19.073 -312.669
19.074 -326.436
19.075 -340.171
19.076 -353.876
19.077 -367.552
19.078 -381.192
19.079 -394.784
19.08 -408.315
19.081 -421.769
19.082 -435.133
19.083 -448.397
19.084 -461.558
19.085 -474.617
19.086 -487.579
19.087 -500.45
19.088 -513.234
19.089 -525.933
19.09 -538.543
19.091 -551.055
19.092 -563.454
19.093 -575.726
19.094 -587.856
19.095 -599.835
19.096 -611.657
19.097 -623.323
19.098 -634.837
19.099 -646.205
19.1 -657.434
19.101 -668.527
19.102 -679.483
19.103 -690.296
19.104 -700.953
19.105 -711.444
19.106 -721.753
19.107 -731.873
19.108 -741.799
19.109 -751.531
19.11 -761.076
19.111 -770.44
19.112 -779.632
19.113 -788.657
19.114 -797.515
19.115 -806.203
19.116 -814.71
19.117 -823.027
19.118 -831.14
19.119 -839.041
19.12 -846.724
19.121 -854.191
19.122 -861.444
19.123 -868.493
19.124 -875.345
19.125 -882.008
19.126 -888.485
19.127 -894.774
19.128 -900.868
19.129 -906.758
19.13 -912.432
19.131 -917.88
19.132 -923.094
19.133 -928.073
19.134 -932.82
19.135 -937.343
19.136 -941.651
19.137 -945.752
19.138 -949.652
19.139 -953.349
19.14 -956.84
19.141 -960.113
19.142 -963.157
19.143 -965.961
19.144 -968.517
19.145 -970.822
19.146 -972.88
19.147 -974.699
19.148 -976.288
19.149 -977.658
19.15 -978.814
19.151 -979.758
19.152 -980.487
19.153 -980.993
19.154 -981.264
19.155 -981.29
19.156 -981.064
19.157 -980.583
19.158 -979.851
19.159 -978.874
19.16 -977.664
19.161 -976.231
19.162 -974.587
19.163 -972.731
19.164 -970.665
19.165 -968.38
19.166 -965.868
19.167 -963.119
19.168 -960.126
19.169 -956.886
19.17 -953.403
19.171 -949.686
19.172 -945.748
19.173 -941.605
19.174 -937.268
19.175 -932.744
19.176 -928.037
19.177 -923.142
19.178 -918.054
19.179 -912.762
19.18 -907.263
19.181 -901.553
19.182 -895.638
19.183 -889.529
19.184 -883.238
19.185 -876.782
19.186 -870.174
19.187 -863.423
19.188 -856.535
19.189 -849.508
19.19 -842.336
19.191 -835.014
19.192 -827.534
19.193 -819.895
19.194 -812.101
19.195 -804.16
19.196 -796.087
19.197 -787.897
19.198 -779.603
19.199 -771.219
19.2 -762.749
19.201 -754.193
19.202 -745.544
19.203 -736.794
19.204 -727.935
19.205 -718.964
19.206 -709.882
19.207 -700.697
19.208 -691.419
19.209 -682.065
19.21 -672.648
19.211 -663.178
19.212 -653.661
19.213 -644.096
19.214 -634.478
19.215 -624.798
19.216 -615.047
19.217 -605.223
19.218 -595.323
19.219 -585.354
19.22 -575.326
19.221 -565.254
19.222 -555.149
19.223 -545.022
19.224 -534.879
19.225 -524.721
19.226 -514.543
19.227 -504.337
19.228 -494.095
19.229 -483.81
19.23 -473.482
19.231 -463.113
19.232 -452.712
19.233 -442.294
19.234 -431.87
19.235 -421.453
19.236 -411.05
19.237 -400.664
19.238 -390.29
19.239 -379.923
19.24 -369.553
19.241 -359.174
19.242 -348.783
19.243 -338.383
19.244 -327.982
19.245 -317.592
19.246 -307.227
19.247 -296.899
19.248 -286.618
19.249 -276.386
19.25 -266.202
19.251 -256.061
19.252 -245.958
19.253 -235.886
19.254 -225.843
19.255 -215.833
19.256 -205.862
19.257 -195.944
19.258 -186.092
19.259 -176.321
19.26 -166.642
19.261 -157.062
19.262 -147.584
19.263 -138.206
19.264 -128.925
19.265 -119.734
19.266 -110.632
19.267 -101.62
19.268 -92.7051
19.269 -83.9001
19.27 -75.2193
19.271 -66.6781
19.272 -58.2893
19.273 -50.0618
19.274 -41.999
19.275 -34.0992
19.276 -26.3577
19.277 -18.7687
19.278 -11.3281
19.279 -4.03597
19.28 3.1026
19.281 10.0784
19.282 16.8791
19.283 23.4912
19.284 29.9026
19.285 36.105
19.286 42.0953
19.287 47.8752
19.288 53.4506
19.289 58.8288
19.29 64.0161
19.291 69.0168
19.292 73.8316
19.293 78.4552
19.294 82.8787
19.295 87.0907
19.296 91.0809
19.297 94.842
19.298 98.3715
19.299 101.672
19.3 104.752
19.301 107.62
19.302 110.286
19.303 112.756
19.304 115.035
19.305 117.118
19.306 118.998
19.307 120.667
19.308 122.114
19.309 123.332
19.31 124.32
19.311 125.079
19.312 125.619
19.313 125.952
19.314 126.088
19.315 126.038
19.316 125.808
19.317 125.394
19.318 124.794
19.319 123.997
19.32 122.997
19.321 121.786
19.322 120.36
19.323 118.724
19.324 116.883
19.325 114.85
19.326 112.636
19.327 110.252
19.328 107.706
19.329 104.999
19.33 102.127
19.331 99.0835
19.332 95.8607
19.333 92.4514
19.334 88.8523
19.335 85.0655
19.336 81.0981
19.337 76.9614
19.338 72.6685
19.339 68.2312
19.34 63.6583
19.341 58.9522
19.342 54.109
19.343 49.1215
19.344 43.9807
19.345 38.6788
19.346 33.211
19.347 27.5779
19.348 21.7854
19.349 15.8434
19.35 9.76429
19.351 3.55974
19.352 -2.76162
19.353 -9.19596
19.354 -15.7447
19.355 -22.4137
19.356 -29.211
19.357 -36.1445
19.358 -43.2191
19.359 -50.4351
19.36 -57.7874
19.361 -65.2653
19.362 -72.8554
19.363 -80.544
19.364 -88.3204
19.365 -96.1783
19.366 -104.117
19.367 -112.14
19.368 -120.254
19.369 -128.468
19.37 -136.784
19.371 -145.202
19.372 -153.715
19.373 -162.311
19.374 -170.975
19.375 -179.69
19.376 -188.446
19.377 -197.232
19.378 -206.045
19.379 -214.887
19.38 -223.762
19.381 -232.675
19.382 -241.627
19.383 -250.614
19.384 -259.631
19.385 -268.664
19.386 -277.698
19.387 -286.716
19.388 -295.703
19.389 -304.649
19.39 -313.547
19.391 -322.396
19.392 -331.201
19.393 -339.966
19.394 -348.694
19.395 -357.384
19.396 -366.03
19.397 -374.622
19.398 -383.146
19.399 -391.584
19.4 -399.924
19.401 -408.153
19.402 -416.267
19.403 -424.267
19.404 -432.155
19.405 -439.936
19.406 -447.617
19.407 -455.197
19.408 -462.673
19.409 -470.037
19.41 -477.276
19.411 -484.377
19.412 -491.329
19.413 -498.122
19.414 -504.753
19.415 -511.222
19.416 -517.534
19.417 -523.695
19.418 -529.712
19.419 -535.589
19.42 -541.325
19.421 -546.917
19.422 -552.353
19.423 -557.624
19.424 -562.717
19.425 -567.625
19.426 -572.341
19.427 -576.868
19.428 -581.208
19.429 -585.371
19.43 -589.364
19.431 -593.192
19.432 -596.858
19.433 -600.358
19.434 -603.686
19.435 -606.832
19.436 -609.784
19.437 -612.535
19.438 -615.08
19.439 -617.419
19.44 -619.557
19.441 -621.502
19.442 -623.263
19.443 -624.848
19.444 -626.261
19.445 -627.501
19.446 -628.563
19.447 -629.438
19.448 -630.118
19.449 -630.593
19.45 -630.859
19.451 -630.917
19.452 -630.772
19.453 -630.431
19.454 -629.904
19.455 -629.199
19.456 -628.326
19.457 -627.281
19.458 -626.064
19.459 -624.668
19.46 -623.083
19.461 -621.302
19.462 -619.318
19.463 -617.13
19.464 -614.743
19.465 -612.165
19.466 -609.405
19.467 -606.475
19.468 -603.38
19.469 -600.124
19.47 -596.705
19.471 -593.118
19.472 -589.356
19.473 -585.412
19.474 -581.279
19.475 -576.959
19.476 -572.454
19.477 -567.774
19.478 -562.928
19.479 -557.929
19.48 -552.786
19.481 -547.504
19.482 -542.083
19.483 -536.517
19.484 -530.801
19.485 -524.926
19.486 -518.887
19.487 -512.683
19.488 -506.317
19.489 -499.795
19.49 -493.13
19.491 -486.331
19.492 -479.41
19.493 -472.372
19.494 -465.219
19.495 -457.949
19.496 -450.555
19.497 -443.03
19.498 -435.369
19.499 -427.57
19.5 -419.635
19.501 -411.573
19.502 -403.394
19.503 -395.112
19.504 -386.738
19.505 -378.282
19.506 -369.746
19.507 -361.131
19.508 -352.431
19.509 -343.641
19.51 -334.755
19.511 -325.774
19.512 -316.699
19.513 -307.541
19.514 -298.31
19.515 -289.021
19.516 -279.687
19.517 -270.318
19.518 -260.92
19.519 -251.494
19.52 -242.037
19.521 -232.544
19.522 -223.008
19.523 -213.426
19.524 -203.799
19.525 -194.133
19.526 -184.439
19.527 -174.731
19.528 -165.021
19.529 -155.32
19.53 -145.634
19.531 -135.963
19.532 -126.304
19.533 -116.648
19.534 -106.991
19.535 -97.3261
19.536 -87.6547
19.537 -77.9813
19.538 -68.3156
19.539 -58.6697
19.54 -49.0565
19.541 -39.4867
19.542 -29.9669
19.543 -20.4985
19.544 -11.0784
19.545 -1.7004
19.546 7.64245
19.547 16.9553
19.548 26.2396
19.549 35.4916
19.55 44.703
19.551 53.8627
19.552 62.9593
19.553 71.9824
19.554 80.9253
19.555 89.786
19.556 98.5674
19.557 107.276
19.558 115.919
19.559 124.504
19.56 133.033
19.561 141.505
19.562 149.915
19.563 158.252
19.564 166.505
19.565 174.664
19.566 182.721
19.567 190.674
19.568 198.525
19.569 206.28
19.57 213.948
19.571 221.536
19.572 229.051
19.573 236.493
19.574 243.86
19.575 251.143
19.576 258.332
19.577 265.418
19.578 272.394
19.579 279.256
19.58 286.007
19.581 292.652
19.582 299.199
19.583 305.654
19.584 312.024
19.585 318.311
19.586 324.511
19.587 330.619
19.588 336.623
19.589 342.515
19.59 348.285
19.591 353.928
19.592 359.446
19.593 364.842
19.594 370.125
19.595 375.303
19.596 380.384
19.597 385.37
19.598 390.262
19.599 395.053
19.6 399.736
19.601 404.299
19.602 408.732
19.603 413.029
19.604 417.187
19.605 421.209
19.606 425.104
19.607 428.879
19.608 432.542
19.609 436.098
19.61 439.546
19.611 442.883
19.612 446.098
19.613 449.182
19.614 452.124
19.615 454.919
19.616 457.563
19.617 460.06
19.618 462.417
19.619 464.643
19.62 466.747
19.621 468.735
19.622 470.61
19.623 472.367
19.624 474
19.625 475.499
19.626 476.855
19.627 478.061
19.628 479.115
19.629 480.018
19.63 480.778
19.631 481.405
19.632 481.907
19.633 482.293
19.634 482.566
19.635 482.725
19.636 482.765
19.637 482.677
19.638 482.452
19.639 482.083
19.64 481.567
19.641 480.906
19.642 480.108
19.643 479.183
19.644 478.141
19.645 476.992
19.646 475.743
19.647 474.392
19.648 472.936
19.649 471.368
19.65 469.681
19.651 467.867
19.652 465.924
19.653 463.853
19.654 461.662
19.655 459.36
19.656 456.959
19.657 454.47
19.658 451.9
19.659 449.251
19.66 446.522
19.661 443.706
19.662 440.797
19.663 437.79
19.664 434.681
19.665 431.472
19.666 428.17
19.667 424.784
19.668 421.326
19.669 417.81
19.67 414.243
19.671 410.63
19.672 406.974
19.673 403.27
19.674 399.513
19.675 395.697
19.676 391.82
19.677 387.881
19.678 383.888
19.679 379.849
19.68 375.778
19.681 371.687
19.682 367.585
19.683 363.478
19.684 359.367
19.685 355.25
19.686 351.12
19.687 346.971
19.688 342.8
19.689 338.605
19.69 334.391
19.691 330.165
19.692 325.938
19.693 321.72
19.694 317.521
19.695 313.348
19.696 309.202
19.697 305.082
19.698 300.98
19.699 296.891
19.7 292.809
19.701 288.73
19.702 284.656
19.703 280.593
19.704 276.549
19.705 272.534
19.706 268.559
19.707 264.63
19.708 260.749
19.709 256.915
19.71 253.121
19.711 249.36
19.712 245.623
19.713 241.905
19.714 238.205
19.715 234.527
19.716 230.879
19.717 227.27
19.718 223.711
19.719 220.207
19.72 216.762
19.721 213.374
19.722 210.039
19.723 206.749
19.724 203.496
19.725 200.275
19.726 197.085
19.727 193.928
19.728 190.811
19.729 187.745
19.73 184.738
19.731 181.801
19.732 178.941
19.733 176.158
19.734 173.451
19.735 170.813
19.736 168.237
19.737 165.718
19.738 163.252
19.739 160.844
19.74 158.498
19.741 156.228
19.742 154.045
19.743 151.96
19.744 149.982
19.745 148.112
19.746 146.35
19.747 144.69
19.748 143.125
19.749 141.648
19.75 140.257
19.751 138.953
19.752 137.743
19.753 136.636
19.754 135.645
19.755 134.78
19.756 134.05
19.757 133.458
19.758 133.003
19.759 132.68
19.76 132.481
19.761 132.399
19.762 132.432
19.763 132.582
19.764 132.851
19.765 133.249
19.766 133.789
19.767 134.481
19.768 135.335
19.769 136.354
19.77 137.539
19.771 138.884
19.772 140.381
19.773 142.022
19.774 143.801
19.775 145.716
19.776 147.77
19.777 149.97
19.778 152.327
19.779 154.849
19.78 157.546
19.781 160.422
19.782 163.475
19.783 166.7
19.784 170.089
19.785 173.633
19.786 177.324
19.787 181.159
19.788 185.138
19.789 189.267
19.79 193.553
19.791 198.006
19.792 202.632
19.793 207.435
19.794 212.414
19.795 217.562
19.796 222.87
19.797 228.328
19.798 233.927
19.799 239.66
19.8 245.525
19.801 251.523
19.802 257.658
19.803 263.936
19.804 270.362
19.805 276.939
19.806 283.663
19.807 290.529
19.808 297.527
19.809 304.644
19.81 311.868
19.811 319.19
19.812 326.604
19.813 334.11
19.814 341.71
19.815 349.408
19.816 357.211
19.817 365.119
19.818 373.131
19.819 381.242
19.82 389.441
19.821 397.715
19.822 406.05
19.823 414.434
19.824 422.86
19.825 431.324
19.826 439.828
19.827 448.374
19.828 456.968
19.829 465.611
19.83 474.302
19.831 483.035
19.832 491.799
19.833 500.582
19.834 509.37
19.835 518.15
19.836 526.913
19.837 535.655
19.838 544.376
19.839 553.08
19.84 561.77
19.841 570.451
19.842 579.123
19.843 587.783
19.844 596.422
19.845 605.029
19.846 613.591
19.847 622.095
19.848 630.532
19.849 638.899
19.85 647.195
19.851 655.423
19.852 663.588
19.853 671.695
19.854 679.744
19.855 687.733
19.856 695.655
19.857 703.5
19.858 711.254
19.859 718.907
19.86 726.447
19.861 733.869
19.862 741.17
19.863 748.349
19.864 755.413
19.865 762.364
19.866 769.206
19.867 775.937
19.868 782.552
19.869 789.041
19.87 795.391
19.871 801.589
19.872 807.622
19.873 813.48
19.874 819.16
19.875 824.663
19.876 829.992
19.877 835.153
19.878 840.148
19.879 844.979
19.88 849.641
19.881 854.124
19.882 858.415
19.883 862.501
19.884 866.369
19.885 870.009
19.886 873.419
19.887 876.597
19.888 879.55
19.889 882.282
19.89 884.799
19.891 887.103
19.892 889.193
19.893 891.063
19.894 892.701
19.895 894.098
19.896 895.24
19.897 896.12
19.898 896.735
19.899 897.086
19.9 897.177
19.901 897.018
19.902 896.617
19.903 895.979
19.904 895.107
19.905 893.996
19.906 892.638
19.907 891.024
19.908 889.143
19.909 886.987
19.91 884.55
19.911 881.836
19.912 878.854
19.913 875.613
19.914 872.126
19.915 868.4
19.916 864.439
19.917 860.243
19.918 855.807
19.919 851.122
19.92 846.18
19.921 840.975
19.922 835.506
19.923 829.778
19.924 823.798
19.925 817.578
19.926 811.131
19.927 804.465
19.928 797.589
19.929 790.504
19.93 783.205
19.931 775.687
19.932 767.943
19.933 759.967
19.934 751.756
19.935 743.316
19.936 734.652
19.937 725.777
19.938 716.703
19.939 707.442
19.94 698.002
19.941 688.387
19.942 678.596
19.943 668.624
19.944 658.467
19.945 648.118
19.946 637.576
19.947 626.843
19.948 615.928
19.949 604.842
19.95 593.599
19.951 582.212
19.952 570.692
19.953 559.043
19.954 547.267
19.955 535.361
19.956 523.32
19.957 511.138
19.958 498.813
19.959 486.347
19.96 473.748
19.961 461.026
19.962 448.192
19.963 435.257
19.964 422.234
19.965 409.127
19.966 395.939
19.967 382.667
19.968 369.305
19.969 355.849
19.97 342.293
19.971 328.64
19.972 314.893
19.973 301.062
19.974 287.159
19.975 273.197
19.976 259.187
19.977 245.139
19.978 231.054
19.979 216.932
19.98 202.77
19.981 188.562
19.982 174.306
19.983 160.003
19.984 145.658
19.985 131.281
19.986 116.884
19.987 102.481
19.988 88.0865
19.989 73.7096
19.99 59.3563
19.991 45.0295
19.992 30.7298
19.993 16.4554
19.994 2.20511
19.995 -12.0195
19.996 -26.2131
19.997 -40.3655
19.998 -54.4634
19.999 -68.4913
20 -82.4341
20.001 -96.2782
20.002 -110.014
20.003 -123.635
20.004 -137.141
20.005 -150.532
20.006 -163.809
20.007 -176.972
20.008 -190.015
20.009 -202.93
20.01 -215.704
20.011 -228.32
20.012 -240.761
20.013 -253.014
20.014 -265.067
20.015 -276.913
20.016 -288.552
20.017 -299.984
20.018 -311.21
20.019 -322.232
20.02 -333.045
20.021 -343.644
20.022 -354.018
20.023 -364.154
20.024 -374.036
20.025 -383.653
20.026 -392.994
20.027 -402.054
20.028 -410.833
20.029 -419.332
20.03 -427.558
20.031 -435.512
20.032 -443.193
20.033 -450.599
20.034 -457.72
20.035 -464.544
20.036 -471.061
20.037 -477.257
20.038 -483.123
20.039 -488.656
20.04 -493.855
20.041 -498.724
20.042 -503.268
20.043 -507.493
20.044 -511.401
20.045 -514.992
20.046 -518.26
20.047 -521.197
20.048 -523.793
20.049 -526.037
20.05 -527.923
20.051 -529.447
20.052 -530.614
20.053 -531.43
20.054 -531.904
20.055 -532.043
20.056 -531.856
20.057 -531.344
20.058 -530.506
20.059 -529.336
20.06 -527.825
20.061 -525.965
20.062 -523.75
20.063 -521.18
20.064 -518.257
20.065 -514.99
20.066 -511.388
20.067 -507.461
20.068 -503.218
20.069 -498.664
20.07 -493.8
20.071 -488.624
20.072 -483.135
20.073 -477.33
20.074 -471.205
20.075 -464.762
20.076 -458.005
20.077 -450.944
20.078 -443.589
20.079 -435.954
20.08 -428.05
20.081 -419.886
20.082 -411.467
20.083 -402.796
20.084 -393.87
20.085 -384.688
20.086 -375.245
20.087 -365.544
20.088 -355.589
20.089 -345.389
20.09 -334.955
20.091 -324.301
20.092 -313.441
20.093 -302.388
20.094 -291.148
20.095 -279.725
20.096 -268.119
20.097 -256.329
20.098 -244.354
20.099 -232.195
20.1 -219.856
20.101 -207.345
20.102 -194.673
20.103 -181.851
20.104 -168.895
20.105 -155.814
20.106 -142.618
20.107 -129.312
20.108 -115.895
20.109 -102.366
20.11 -88.7243
20.111 -74.9685
20.112 -61.1018
20.113 -47.1311
20.114 -33.0672
20.115 -18.9232
20.116 -4.71351
20.117 9.54908
20.118 23.8545
20.119 38.1966
20.12 52.573
20.121 66.9846
20.122 81.4337
20.123 95.9213
20.124 110.445
20.125 124.999
20.126 139.573
20.127 154.154
20.128 168.727
20.129 183.279
20.13 197.798
20.131 212.279
20.132 226.719
20.133 241.119
20.134 255.481
20.135 269.808
20.136 284.096
20.137 298.342
20.138 312.535
20.139 326.665
20.14 340.716
20.141 354.675
20.142 368.534
20.143 382.286
20.144 395.927
20.145 409.46
20.146 422.887
20.147 436.21
20.148 449.429
20.149 462.541
20.15 475.539
20.151 488.41
20.152 501.141
20.153 513.717
20.154 526.126
20.155 538.361
20.156 550.419
20.157 562.299
20.158 574.005
20.159 585.538
20.16 596.901
20.161 608.089
20.162 619.095
20.163 629.908
20.164 640.515
20.165 650.902
20.166 661.058
20.167 670.977
20.168 680.654
20.169 690.09
20.17 699.29
20.171 708.256
20.172 716.99
20.173 725.491
20.174 733.752
20.175 741.766
20.176 749.521
20.177 757.005
20.178 764.21
20.179 771.127
20.18 777.754
20.181 784.093
20.182 790.147
20.183 795.923
20.184 801.425
20.185 806.654
20.186 811.608
20.187 816.282
20.188 820.666
20.189 824.751
20.19 828.53
20.191 831.996
20.192 835.152
20.193 838.001
20.194 840.55
20.195 842.809
20.196 844.783
20.197 846.479
20.198 847.897
20.199 849.035
20.2 849.889
20.201 850.451
20.202 850.717
20.203 850.686
20.204 850.357
20.205 849.737
20.206 848.834
20.207 847.656
20.208 846.216
20.209 844.512
20.21 842.553
20.211 840.335
20.212 837.858
20.213 835.118
20.214 832.111
20.215 828.836
20.216 825.295
20.217 821.492
20.218 817.438
20.219 813.142
20.22 808.615
20.221 803.868
20.222 798.909
20.223 793.74
20.224 788.361
20.225 782.771
20.226 776.967
20.227 770.948
20.228 764.715
20.229 758.273
20.23 751.633
20.231 744.805
20.232 737.802
20.233 730.636
20.234 723.314
20.235 715.842
20.236 708.221
20.237 700.449
20.238 692.525
20.239 684.445
20.24 676.213
20.241 667.833
20.242 659.311
20.243 650.658
20.244 641.887
20.245 633.008
20.246 624.031
20.247 614.962
20.248 605.803
20.249 596.552
20.25 587.206
20.251 577.764
20.252 568.224
20.253 558.589
20.254 548.864
20.255 539.06
20.256 529.189
20.257 519.262
20.258 509.288
20.259 499.275
20.26 489.224
20.261 479.134
20.262 469.001
20.263 458.821
20.264 448.592
20.265 438.316
20.266 427.998
20.267 417.647
20.268 407.273
20.269 396.889
20.27 386.505
20.271 376.128
20.272 365.764
20.273 355.413
20.274 345.075
20.275 334.746
20.276 324.425
20.277 314.113
20.278 303.817
20.279 293.544
20.28 283.307
20.281 273.12
20.282 262.993
20.283 252.938
20.284 242.959
20.285 233.058
20.286 223.234
20.287 213.484
20.288 203.807
20.289 194.203
20.29 184.676
20.291 175.236
20.292 165.894
20.293 156.664
20.294 147.56
20.295 138.591
20.296 129.765
20.297 121.085
20.298 112.55
20.299 104.158
20.3 95.9065
20.301 87.7963
20.302 79.8325
20.303 72.0232
20.304 64.3803
20.305 56.9172
20.306 49.6469
20.307 42.5806
20.308 35.7258
20.309 29.0858
20.31 22.6605
20.311 16.447
20.312 10.4416
20.313 4.6429
20.314 -0.947411
20.315 -6.32351
20.316 -11.476
20.317 -16.3934
20.318 -21.0638
20.319 -25.4773
20.32 -29.6272
20.321 -33.5112
20.322 -37.1307
20.323 -40.4898
20.324 -43.5934
20.325 -46.4449
20.326 -49.0447
20.327 -51.3896
20.328 -53.4723
20.329 -55.2831
20.33 -56.8115
20.331 -58.0498
20.332 -58.9944
20.333 -59.645
20.334 -60.0051
20.335 -60.081
20.336 -59.8799
20.337 -59.408
20.338 -58.6678
20.339 -57.659
20.34 -56.378
20.341 -54.8184
20.342 -52.9728
20.343 -50.835
20.344 -48.4012
20.345 -45.6716
20.346 -42.6502
20.347 -39.3444
20.348 -35.7624
20.349 -31.9125
20.35 -27.8004
20.351 -23.4289
20.352 -18.7978
20.353 -13.9035
20.354 -8.74063
20.355 -3.30448
20.356 2.40762
20.357 8.39473
20.358 14.652
20.359 21.1712
20.36 27.9422
20.361 34.9554
20.362 42.2035
20.363 49.6821
20.364 57.3904
20.365 65.3308
20.366 73.5077
20.367 81.9252
20.368 90.5859
20.369 99.4892
20.37 108.63
20.371 118.002
20.372 127.593
20.373 137.393
20.374 147.393
20.375 157.586
20.376 167.969
20.377 178.544
20.378 189.312
20.379 200.278
20.38 211.441
20.381 222.803
20.382 234.357
20.383 246.095
20.384 258.007
20.385 270.079
20.386 282.302
20.387 294.666
20.388 307.166
20.389 319.802
20.39 332.573
20.391 345.482
20.392 358.527
20.393 371.707
20.394 385.015
20.395 398.443
20.396 411.977
20.397 425.604
20.398 439.312
20.399 453.089
20.4 466.928
20.401 480.824
20.402 494.774
20.403 508.777
20.404 522.833
20.405 536.937
20.406 551.084
20.407 565.264
20.408 579.463
20.409 593.668
20.41 607.864
20.411 622.037
20.412 636.176
20.413 650.275
20.414 664.33
20.415 678.338
20.416 692.298
20.417 706.207
20.418 720.059
20.419 733.845
20.42 747.552
20.421 761.164
20.422 774.664
20.423 788.037
20.424 801.271
20.425 814.358
20.426 827.292
20.427 840.072
20.428 852.697
20.429 865.164
20.43 877.469
20.431 889.603
20.432 901.552
20.433 913.303
20.434 924.839
20.435 936.146
20.436 947.212
20.437 958.031
20.438 968.598
20.439 978.914
20.44 988.978
20.441 998.792
20.442 1008.35
20.443 1017.66
20.444 1026.7
20.445 1035.46
20.446 1043.94
20.447 1052.12
20.448 1059.98
20.449 1067.54
20.45 1074.77
20.451 1081.7
20.452 1088.31
20.453 1094.61
20.454 1100.61
20.455 1106.3
20.456 1111.67
20.457 1116.72
20.458 1121.44
20.459 1125.82
20.46 1129.84
20.461 1133.51
20.462 1136.83
20.463 1139.8
20.464 1142.42
20.465 1144.71
20.466 1146.66
20.467 1148.27
20.468 1149.56
20.469 1150.5
20.47 1151.09
20.471 1151.33
20.472 1151.21
20.473 1150.72
20.474 1149.87
20.475 1148.66
20.476 1147.09
20.477 1145.18
20.478 1142.93
20.479 1140.34
20.48 1137.41
20.481 1134.13
20.482 1130.5
20.483 1126.51
20.484 1122.15
20.485 1117.43
20.486 1112.33
20.487 1106.88
20.488 1101.07
20.489 1094.91
20.49 1088.41
20.491 1081.57
20.492 1074.41
20.493 1066.91
20.494 1059.08
20.495 1050.9
20.496 1042.37
20.497 1033.5
20.498 1024.28
20.499 1014.71
20.5 1004.81
20.501 994.576
20.502 984.026
20.503 973.164
20.504 961.993
20.505 950.512
20.506 938.718
20.507 926.606
20.508 914.171
20.509 901.41
20.51 888.323
20.511 874.915
20.512 861.193
20.513 847.165
20.514 832.841
20.515 818.229
20.516 803.334
20.517 788.157
20.518 772.696
20.519 756.947
20.52 740.906
20.521 724.573
20.522 707.949
20.523 691.041
20.524 673.857
20.525 656.408
20.526 638.706
20.527 620.761
20.528 602.581
20.529 584.17
20.53 565.529
20.531 546.657
20.532 527.554
20.533 508.219
20.534 488.654
20.535 468.867
20.536 448.867
20.537 428.667
20.538 408.278
20.539 387.715
20.54 366.986
20.541 346.1
20.542 325.059
20.543 303.866
20.544 282.522
20.545 261.028
20.546 239.39
20.547 217.615
20.548 195.715
20.549 173.705
20.55 151.599
20.551 129.415
20.552 107.167
20.553 84.8662
20.554 62.5209
20.555 40.1367
20.556 17.7181
20.557 -4.73021
20.558 -27.2013
20.559 -49.6851
20.56 -72.168
20.561 -94.6347
20.562 -117.069
20.563 -139.455
20.564 -161.776
20.565 -184.021
20.566 -206.18
20.567 -228.246
20.568 -250.214
20.569 -272.081
20.57 -293.839
20.571 -315.482
20.572 -336.995
20.573 -358.364
20.574 -379.572
20.575 -400.603
20.576 -421.441
20.577 -442.073
20.578 -462.491
20.579 -482.688
20.58 -502.661
20.581 -522.408
20.582 -541.927
20.583 -561.216
20.584 -580.266
20.585 -599.067
20.586 -617.608
20.587 -635.876
20.588 -653.859
20.589 -671.55
20.59 -688.942
20.591 -706.035
20.592 -722.828
20.593 -739.324
20.594 -755.526
20.595 -771.432
20.596 -787.042
20.597 -802.349
20.598 -817.347
20.599 -832.026
20.6 -846.379
20.601 -860.4
20.602 -874.087
20.603 -887.441
20.604 -900.467
20.605 -913.171
20.606 -925.558
20.607 -937.635
20.608 -949.403
20.609 -960.861
20.61 -972.005
20.611 -982.83
20.612 -993.33
20.613 -1003.5
20.614 -1013.34
20.615 -1022.85
20.616 -1032.04
20.617 -1040.92
20.618 -1049.49
20.619 -1057.77
20.62 -1065.75
20.621 -1073.43
20.622 -1080.82
20.623 -1087.91
20.624 -1094.69
20.625 -1101.16
20.626 -1107.32
20.627 -1113.18
20.628 -1118.73
20.629 -1123.98
20.63 -1128.95
20.631 -1133.64
20.632 -1138.06
20.633 -1142.21
20.634 -1146.08
20.635 -1149.67
20.636 -1152.97
20.637 -1155.99
20.638 -1158.71
20.639 -1161.15
20.64 -1163.3
20.641 -1165.18
20.642 -1166.79
20.643 -1168.14
20.644 -1169.24
20.645 -1170.09
20.646 -1170.68
20.647 -1171.01
20.648 -1171.08
20.649 -1170.89
20.65 -1170.43
20.651 -1169.7
20.652 -1168.71
20.653 -1167.48
20.654 -1165.99
20.655 -1164.28
20.656 -1162.33
20.657 -1160.16
20.658 -1157.77
20.659 -1155.15
20.66 -1152.3
20.661 -1149.21
20.662 -1145.89
20.663 -1142.32
20.664 -1138.52
20.665 -1134.49
20.666 -1130.23
20.667 -1125.75
20.668 -1121.06
20.669 -1116.16
20.67 -1111.06
20.671 -1105.75
20.672 -1100.23
20.673 -1094.5
20.674 -1088.55
20.675 -1082.38
20.676 -1076.01
20.677 -1069.42
20.678 -1062.65
20.679 -1055.69
20.68 -1048.55
20.681 -1041.24
20.682 -1033.77
20.683 -1026.12
20.684 -1018.31
20.685 -1010.32
20.686 -1002.15
20.687 -993.806
20.688 -985.291
20.689 -976.611
20.69 -967.774
20.691 -958.791
20.692 -949.669
20.693 -940.415
20.694 -931.032
20.695 -921.519
20.696 -911.875
20.697 -902.096
20.698 -892.18
20.699 -882.127
20.7 -871.938
20.701 -861.622
20.702 -851.187
20.703 -840.644
20.704 -830.003
20.705 -819.271
20.706 -808.455
20.707 -797.554
20.708 -786.569
20.709 -775.496
20.71 -764.335
20.711 -753.084
20.712 -741.743
20.713 -730.318
20.714 -718.817
20.715 -707.248
20.716 -695.622
20.717 -683.946
20.718 -672.227
20.719 -660.464
20.72 -648.658
20.721 -636.805
20.722 -624.899
20.723 -612.94
20.724 -600.926
20.725 -588.861
20.726 -576.754
20.727 -564.612
20.728 -552.445
20.729 -540.263
20.73 -528.07
20.731 -515.87
20.732 -503.663
20.733 -491.446
20.734 -479.217
20.735 -466.974
20.736 -454.716
20.737 -442.447
20.738 -430.174
20.739 -417.907
20.74 -405.657
20.741 -393.433
20.742 -381.244
20.743 -369.092
20.744 -356.98
20.745 -344.905
20.746 -332.865
20.747 -320.858
20.748 -308.882
20.749 -296.942
20.75 -285.044
20.751 -273.197
20.752 -261.414
20.753 -249.705
20.754 -238.08
20.755 -226.544
20.756 -215.1
20.757 -203.748
20.758 -192.484
20.759 -181.307
20.76 -170.217
20.761 -159.215
20.762 -148.308
20.763 -137.502
20.764 -126.81
20.765 -116.242
20.766 -105.806
20.767 -95.5088
20.768 -85.3528
20.769 -75.3371
20.77 -65.4589
20.771 -55.7156
20.772 -46.1061
20.773 -36.6321
20.774 -27.2985
20.775 -18.1131
20.776 -9.08598
20.777 -0.227684
20.778 8.45259
20.779 16.9483
20.78 25.2562
20.781 33.3781
20.782 41.3188
20.783 49.0834
20.784 56.6759
20.785 64.0976
20.786 71.3465
20.787 78.417
20.788 85.3014
20.789 91.9912
20.79 98.479
20.791 104.759
20.792 110.829
20.793 116.691
20.794 122.349
20.795 127.808
20.796 133.073
20.797 138.148
20.798 143.032
20.799 147.721
20.8 152.208
20.801 156.485
20.802 160.546
20.803 164.384
20.804 167.998
20.805 171.39
20.806 174.565
20.807 177.529
20.808 180.289
20.809 182.85
20.81 185.213
20.811 187.376
20.812 189.333
20.813 191.076
20.814 192.598
20.815 193.894
20.816 194.962
20.817 195.803
20.818 196.423
20.819 196.829
20.82 197.028
20.821 197.024
20.822 196.818
20.823 196.407
20.824 195.783
20.825 194.94
20.826 193.869
20.827 192.564
20.828 191.024
20.829 189.248
20.83 187.242
20.831 185.012
20.832 182.567
20.833 179.912
20.834 177.052
20.835 173.986
20.836 170.711
20.837 167.221
20.838 163.511
20.839 159.576
20.84 155.413
20.841 151.025
20.842 146.418
20.843 141.598
20.844 136.575
20.845 131.356
20.846 125.948
20.847 120.35
20.848 114.562
20.849 108.58
20.85 102.398
20.851 96.0135
20.852 89.427
20.853 82.642
20.854 75.6653
20.855 68.5063
20.856 61.1755
20.857 53.6825
20.858 46.035
20.859 38.2371
20.86 30.29
20.861 22.192
20.862 13.9405
20.863 5.53318
20.864 -3.02977
20.865 -11.7451
20.866 -20.6061
20.867 -29.6033
20.868 -38.7256
20.869 -47.9624
20.87 -57.3049
20.871 -66.7458
20.872 -76.2805
20.873 -85.9076
20.874 -95.6276
20.875 -105.441
20.876 -115.348
20.877 -125.342
20.878 -135.419
20.879 -145.566
20.88 -155.772
20.881 -166.025
20.882 -176.314
20.883 -186.631
20.884 -196.971
20.885 -207.333
20.886 -217.717
20.887 -228.123
20.888 -238.551
20.889 -248.999
20.89 -259.459
20.891 -269.924
20.892 -280.384
20.893 -290.83
20.894 -301.251
20.895 -311.639
20.896 -321.99
20.897 -332.301
20.898 -342.574
20.899 -352.81
20.9 -363.009
20.901 -373.17
20.902 -383.291
20.903 -393.363
20.904 -403.379
20.905 -413.326
20.906 -423.195
20.907 -432.979
20.908 -442.671
20.909 -452.269
20.91 -461.774
20.911 -471.188
20.912 -480.516
20.913 -489.759
20.914 -498.915
20.915 -507.981
20.916 -516.949
20.917 -525.81
20.918 -534.555
20.919 -543.176
20.92 -551.67
20.921 -560.035
20.922 -568.271
20.923 -576.382
20.924 -584.371
20.925 -592.24
20.926 -599.989
20.927 -607.615
20.928 -615.111
20.929 -622.469
20.93 -629.68
20.931 -636.737
20.932 -643.635
20.933 -650.371
20.934 -656.948
20.935 -663.368
20.936 -669.636
20.937 -675.756
20.938 -681.73
20.939 -687.556
20.94 -693.229
20.941 -698.74
20.942 -704.081
20.943 -709.242
20.944 -714.217
20.945 -719.004
20.946 -723.602
20.947 -728.017
20.948 -732.252
20.949 -736.312
20.95 -740.198
20.951 -743.91
20.952 -747.444
20.953 -750.793
20.954 -753.947
20.955 -756.9
20.956 -759.646
20.957 -762.182
20.958 -764.51
20.959 -766.633
20.96 -768.558
20.961 -770.289
20.962 -771.83
20.963 -773.18
20.964 -774.336
20.965 -775.292
20.966 -776.041
20.967 -776.576
20.968 -776.89
20.969 -776.982
20.97 -776.853
20.971 -776.506
20.972 -775.949
20.973 -775.189
20.974 -774.228
20.975 -773.073
20.976 -771.718
20.977 -770.162
20.978 -768.399
20.979 -766.422
20.98 -764.227
20.981 -761.813
20.982 -759.183
20.983 -756.343
20.984 -753.3
20.985 -750.064
20.986 -746.641
20.987 -743.036
20.988 -739.25
20.989 -735.282
20.99 -731.127
20.991 -726.781
20.992 -722.242
20.993 -717.51
20.994 -712.588
20.995 -707.484
20.996 -702.205
20.997 -696.761
20.998 -691.161
20.999 -685.411
21 -679.515
21.001 -673.473
21.002 -667.284
21.003 -660.946
21.004 -654.457
21.005 -647.818
21.006 -641.032
21.007 -634.107
21.008 -627.05
21.009 -619.873
21.01 -612.586
21.011 -605.196
21.012 -597.71
21.013 -590.129
21.014 -582.453
21.015 -574.68
21.016 -566.808
21.017 -558.839
21.018 -550.774
21.019 -542.62
21.02 -534.387
21.021 -526.083
21.022 -517.719
21.023 -509.303
21.024 -500.841
21.025 -492.334
21.026 -483.783
21.027 -475.187
21.028 -466.542
21.029 -457.85
21.03 -449.111
21.031 -440.331
21.032 -431.515
21.033 -422.673
21.034 -413.814
21.035 -404.946
21.036 -396.076
21.037 -387.206
21.038 -378.336
21.039 -369.466
21.04 -360.592
21.041 -351.712
21.042 -342.827
21.043 -333.937
21.044 -325.05
21.045 -316.174
21.046 -307.316
21.047 -298.486
21.048 -289.689
21.049 -280.93
21.05 -272.208
21.051 -263.523
21.052 -254.872
21.053 -246.253
21.054 -237.667
21.055 -229.116
21.056 -220.605
21.057 -212.143
21.058 -203.738
21.059 -195.399
21.06 -187.135
21.061 -178.949
21.062 -170.844
21.063 -162.818
21.064 -154.87
21.065 -146.997
21.066 -139.198
21.067 -131.476
21.068 -123.834
21.069 -116.28
21.07 -108.822
21.071 -101.468
21.072 -94.2252
21.073 -87.0972
21.074 -80.0854
21.075 -73.1887
21.076 -66.404
21.077 -59.7281
21.078 -53.1587
21.079 -46.6958
21.08 -40.3422
21.081 -34.1045
21.082 -27.992
21.083 -22.0137
21.084 -16.1776
21.085 -10.4889
21.086 -4.94994
21.087 0.439759
21.088 5.68277
21.089 10.7822
21.09 15.7403
21.091 20.5577
21.092 25.2328
21.093 29.7608
21.094 34.1348
21.095 38.3472
21.096 42.391
21.097 46.2617
21.098 49.9573
21.099 53.4792
21.1 56.831
21.101 60.0167
21.102 63.0395
21.103 65.9009
21.104 68.6
21.105 71.133
21.106 73.4939
21.107 75.6757
21.108 77.6717
21.109 79.4771
21.11 81.0899
21.111 82.5109
21.112 83.7433
21.113 84.792
21.114 85.6613
21.115 86.3546
21.116 86.8725
21.117 87.2127
21.118 87.3709
21.119 87.3409
21.12 87.1179
21.121 86.6953
21.122 86.0731
21.123 85.2555
21.124 84.2435
21.125 83.0444
21.126 81.6641
21.127 80.1078
21.128 78.3779
21.129 76.4746
21.13 74.3952
21.131 72.1358
21.132 69.6921
21.133 67.0611
21.134 64.242
21.135 61.2371
21.136 58.051
21.137 54.6903
21.138 51.162
21.139 47.4723
21.14 43.6253
21.141 39.6231
21.142 35.4658
21.143 31.1511
21.144 26.6763
21.145 22.0393
21.146 17.24
21.147 12.281
21.148 7.1676
21.149 1.90707
21.15 -3.49223
21.151 -9.02247
21.152 -14.6775
21.153 -20.4537
21.154 -26.3501
21.155 -32.3679
21.156 -38.5091
21.157 -44.7756
21.158 -51.1673
21.159 -57.682
21.16 -64.3143
21.161 -71.0568
21.162 -77.9007
21.163 -84.8375
21.164 -91.8601
21.165 -98.9635
21.166 -106.146
21.167 -113.407
21.168 -120.749
21.169 -128.173
21.17 -135.68
21.171 -143.265
21.172 -150.924
21.173 -158.648
21.174 -166.427
21.175 -174.251
21.176 -182.112
21.177 -190.005
21.178 -197.924
21.179 -205.87
21.18 -213.842
21.181 -221.842
21.182 -229.869
21.183 -237.92
21.184 -245.989
21.185 -254.068
21.186 -262.149
21.187 -270.22
21.188 -278.273
21.189 -286.301
21.19 -294.3
21.191 -302.267
21.192 -310.203
21.193 -318.109
21.194 -325.984
21.195 -333.827
21.196 -341.631
21.197 -349.39
21.198 -357.095
21.199 -364.736
21.2 -372.303
21.201 -379.789
21.202 -387.19
21.203 -394.503
21.204 -401.728
21.205 -408.866
21.206 -415.918
21.207 -422.881
21.208 -429.754
21.209 -436.528
21.21 -443.196
21.211 -449.748
21.212 -456.173
21.213 -462.463
21.214 -468.613
21.215 -474.619
21.216 -480.483
21.217 -486.204
21.218 -491.783
21.219 -497.221
21.22 -502.513
21.221 -507.655
21.222 -512.636
21.223 -517.446
21.224 -522.076
21.225 -526.517
21.226 -530.764
21.227 -534.813
21.228 -538.664
21.229 -542.319
21.23 -545.779
21.231 -549.045
21.232 -552.115
21.233 -554.983
21.234 -557.643
21.235 -560.086
21.236 -562.302
21.237 -564.285
21.238 -566.029
21.239 -567.532
21.24 -568.794
21.241 -569.817
21.242 -570.605
21.243 -571.16
21.244 -571.481
21.245 -571.566
21.246 -571.409
21.247 -571.003
21.248 -570.338
21.249 -569.411
21.25 -568.215
21.251 -566.747
21.252 -565.011
21.253 -563.008
21.254 -560.743
21.255 -558.22
21.256 -555.44
21.257 -552.403
21.258 -549.105
21.259 -545.541
21.26 -541.704
21.261 -537.589
21.262 -533.193
21.263 -528.516
21.264 -523.561
21.265 -518.332
21.266 -512.835
21.267 -507.075
21.268 -501.058
21.269 -494.783
21.27 -488.25
21.271 -481.458
21.272 -474.403
21.273 -467.085
21.274 -459.502
21.275 -451.655
21.276 -443.548
21.277 -435.188
21.278 -426.583
21.279 -417.739
21.28 -408.664
21.281 -399.364
21.282 -389.841
21.283 -380.096
21.284 -370.13
21.285 -359.94
21.286 -349.529
21.287 -338.897
21.288 -328.05
21.289 -316.995
21.29 -305.741
21.291 -294.298
21.292 -282.674
21.293 -270.877
21.294 -258.912
21.295 -246.781
21.296 -234.486
21.297 -222.026
21.298 -209.402
21.299 -196.618
21.3 -183.679
21.301 -170.593
21.302 -157.367
21.303 -144.012
21.304 -130.537
21.305 -116.952
21.306 -103.261
21.307 -89.4698
21.308 -75.5792
21.309 -61.5908
21.31 -47.506
21.311 -33.3269
21.312 -19.0575
21.313 -4.70458
21.314 9.72297
21.315 24.2148
21.316 38.7606
21.317 53.3509
21.318 67.9784
21.319 82.6382
21.32 97.3275
21.321 112.045
21.322 126.789
21.323 141.557
21.324 156.345
21.325 171.146
21.326 185.952
21.327 200.75
21.328 215.531
21.329 230.284
21.33 245.001
21.331 259.675
21.332 274.302
21.333 288.878
21.334 303.403
21.335 317.872
21.336 332.282
21.337 346.627
21.338 360.897
21.339 375.082
21.34 389.171
21.341 403.154
21.342 417.021
21.343 430.766
21.344 444.384
21.345 457.874
21.346 471.234
21.347 484.463
21.348 497.558
21.349 510.516
21.35 523.328
21.351 535.985
21.352 548.475
21.353 560.788
21.354 572.913
21.355 584.845
21.356 596.579
21.357 608.114
21.358 619.45
21.359 630.588
21.36 641.525
21.361 652.258
21.362 662.783
21.363 673.09
21.364 683.172
21.365 693.019
21.366 702.624
21.367 711.982
21.368 721.092
21.369 729.952
21.37 738.567
21.371 746.937
21.372 755.063
21.373 762.943
21.374 770.574
21.375 777.951
21.376 785.067
21.377 791.914
21.378 798.486
21.379 804.781
21.38 810.796
21.381 816.534
21.382 821.999
21.383 827.195
21.384 832.126
21.385 836.794
21.386 841.198
21.387 845.336
21.388 849.202
21.389 852.792
21.39 856.102
21.391 859.13
21.392 861.877
21.393 864.349
21.394 866.55
21.395 868.486
21.396 870.164
21.397 871.587
21.398 872.757
21.399 873.672
21.4 874.33
21.401 874.728
21.402 874.863
21.403 874.734
21.404 874.343
21.405 873.692
21.406 872.79
21.407 871.642
21.408 870.254
21.409 868.633
21.41 866.78
21.411 864.696
21.412 862.382
21.413 859.831
21.414 857.041
21.415 854.009
21.416 850.738
21.417 847.232
21.418 843.498
21.419 839.543
21.42 835.374
21.421 830.998
21.422 826.418
21.423 821.635
21.424 816.648
21.425 811.456
21.426 806.056
21.427 800.447
21.428 794.631
21.429 788.612
21.43 782.394
21.431 775.986
21.432 769.392
21.433 762.618
21.434 755.668
21.435 748.544
21.436 741.245
21.437 733.769
21.438 726.115
21.439 718.281
21.44 710.268
21.441 702.076
21.442 693.709
21.443 685.172
21.444 676.469
21.445 667.606
21.446 658.586
21.447 649.412
21.448 640.083
21.449 630.597
21.45 620.951
21.451 611.143
21.452 601.172
21.453 591.039
21.454 580.747
21.455 570.3
21.456 559.705
21.457 548.968
21.458 538.093
21.459 527.083
21.46 515.939
21.461 504.659
21.462 493.242
21.463 481.686
21.464 469.989
21.465 458.153
21.466 446.181
21.467 434.078
21.468 421.85
21.469 409.504
21.47 397.045
21.471 384.479
21.472 371.807
21.473 359.031
21.474 346.15
21.475 333.164
21.476 320.072
21.477 306.875
21.478 293.577
21.479 280.185
21.48 266.704
21.481 253.146
21.482 239.518
21.483 225.83
21.484 212.085
21.485 198.288
21.486 184.44
21.487 170.54
21.488 156.591
21.489 142.594
21.49 128.554
21.491 114.48
21.492 100.382
21.493 86.2715
21.494 72.1582
21.495 58.0519
21.496 43.9595
21.497 29.8856
21.498 15.8328
21.499 1.80262
21.5 -12.2028
21.501 -26.1794
21.502 -40.1203
21.503 -54.0165
21.504 -67.8569
21.505 -81.6297
21.506 -95.3231
21.507 -108.927
21.508 -122.432
21.509 -135.833
21.51 -149.127
21.511 -162.311
21.512 -175.383
21.513 -188.341
21.514 -201.18
21.515 -213.891
21.516 -226.465
21.517 -238.891
21.518 -251.158
21.519 -263.255
21.52 -275.176
21.521 -286.916
21.522 -298.475
21.523 -309.853
21.524 -321.052
21.525 -332.07
21.526 -342.904
21.527 -353.551
21.528 -364.001
21.529 -374.246
21.53 -384.278
21.531 -394.09
21.532 -403.676
21.533 -413.036
21.534 -422.171
21.535 -431.081
21.536 -439.771
21.537 -448.242
21.538 -456.493
21.539 -464.522
21.54 -472.324
21.541 -479.893
21.542 -487.222
21.543 -494.307
21.544 -501.142
21.545 -507.729
21.546 -514.068
21.547 -520.163
21.548 -526.019
21.549 -531.639
21.55 -537.025
21.551 -542.177
21.552 -547.09
21.553 -551.759
21.554 -556.178
21.555 -560.344
21.556 -564.253
21.557 -567.904
21.558 -571.301
21.559 -574.448
21.56 -577.349
21.561 -580.009
21.562 -582.431
21.563 -584.614
21.564 -586.555
21.565 -588.252
21.566 -589.699
21.567 -590.891
21.568 -591.828
21.569 -592.509
21.57 -592.936
21.571 -593.113
21.572 -593.043
21.573 -592.729
21.574 -592.175
21.575 -591.382
21.576 -590.343
21.577 -589.059
21.578 -587.523
21.579 -585.731
21.58 -583.68
21.581 -581.37
21.582 -578.807
21.583 -575.994
21.584 -572.938
21.585 -569.645
21.586 -566.121
21.587 -562.367
21.588 -558.385
21.589 -554.174
21.59 -549.732
21.591 -545.058
21.592 -540.153
21.593 -535.018
21.594 -529.658
21.595 -524.079
21.596 -518.289
21.597 -512.294
21.598 -506.101
21.599 -499.716
21.6 -493.14
21.601 -486.377
21.602 -479.43
21.603 -472.301
21.604 -464.993
21.605 -457.51
21.606 -449.858
21.607 -442.044
21.608 -434.077
21.609 -425.967
21.61 -417.723
21.611 -409.351
21.612 -400.858
21.613 -392.245
21.614 -383.517
21.615 -374.674
21.616 -365.719
21.617 -356.656
21.618 -347.491
21.619 -338.229
21.62 -328.881
21.621 -319.454
21.622 -309.958
21.623 -300.4
21.624 -290.786
21.625 -281.121
21.626 -271.407
21.627 -261.646
21.628 -251.842
21.629 -241.997
21.63 -232.118
21.631 -222.208
21.632 -212.273
21.633 -202.319
21.634 -192.354
21.635 -182.383
21.636 -172.412
21.637 -162.444
21.638 -152.482
21.639 -142.526
21.64 -132.578
21.641 -122.639
21.642 -112.711
21.643 -102.798
21.644 -92.9062
21.645 -83.0418
21.646 -73.2117
21.647 -63.4225
21.648 -53.6798
21.649 -43.9877
21.65 -34.3486
21.651 -24.7632
21.652 -15.2314
21.653 -5.75335
21.654 3.66945
21.655 13.034
21.656 22.3358
21.657 31.5689
21.658 40.7268
21.659 49.8035
21.66 58.7938
21.661 67.6942
21.662 76.5026
21.663 85.2187
21.664 93.8426
21.665 102.374
21.666 110.813
21.667 119.157
21.668 127.401
21.669 135.541
21.67 143.57
21.671 151.482
21.672 159.27
21.673 166.927
21.674 174.45
21.675 181.839
21.676 189.093
21.677 196.212
21.678 203.194
21.679 210.039
21.68 216.742
21.681 223.297
21.682 229.698
21.683 235.937
21.684 242.009
21.685 247.909
21.686 253.634
21.687 259.182
21.688 264.555
21.689 269.754
21.69 274.778
21.691 279.627
21.692 284.299
21.693 288.788
21.694 293.091
21.695 297.201
21.696 301.112
21.697 304.821
21.698 308.326
21.699 311.625
21.7 314.721
21.701 317.615
21.702 320.312
21.703 322.812
21.704 325.116
21.705 327.221
21.706 329.124
21.707 330.821
21.708 332.307
21.709 333.579
21.71 334.638
21.711 335.483
21.712 336.118
21.713 336.547
21.714 336.773
21.715 336.8
21.716 336.628
21.717 336.259
21.718 335.686
21.719 334.909
21.72 333.922
21.721 332.725
21.722 331.316
21.723 329.697
21.724 327.872
21.725 325.846
21.726 323.623
21.727 321.207
21.728 318.603
21.729 315.809
21.73 312.827
21.731 309.652
21.732 306.282
21.733 302.713
21.734 298.946
21.735 294.982
21.736 290.824
21.737 286.477
21.738 281.946
21.739 277.238
21.74 272.354
21.741 267.297
21.742 262.066
21.743 256.659
21.744 251.074
21.745 245.309
21.746 239.363
21.747 233.238
21.748 226.939
21.749 220.469
21.75 213.837
21.751 207.047
21.752 200.104
21.753 193.01
21.754 185.768
21.755 178.375
21.756 170.829
21.757 163.131
21.758 155.279
21.759 147.275
21.76 139.124
21.761 130.831
21.762 122.402
21.763 113.846
21.764 105.166
21.765 96.3678
21.766 87.4526
21.767 78.4204
21.768 69.2705
21.769 60.0019
21.77 50.6149
21.771 41.1129
21.772 31.5023
21.773 21.791
21.774 11.9876
21.775 2.10081
21.776 -7.86175
21.777 -17.8943
21.778 -27.993
21.779 -38.1558
21.78 -48.3816
21.781 -58.6695
21.782 -69.0172
21.783 -79.4208
21.784 -89.8744
21.785 -100.37
21.786 -110.899
21.787 -121.451
21.788 -132.018
21.789 -142.594
21.79 -153.173
21.791 -163.754
21.792 -174.333
21.793 -184.91
21.794 -195.483
21.795 -206.048
21.796 -216.599
21.797 -227.128
21.798 -237.627
21.799 -248.086
21.8 -258.496
21.801 -268.851
21.802 -279.146
21.803 -289.378
21.804 -299.548
21.805 -309.654
21.806 -319.695
21.807 -329.669
21.808 -339.57
21.809 -349.392
21.81 -359.128
21.811 -368.768
21.812 -378.305
21.813 -387.733
21.814 -397.047
21.815 -406.244
21.816 -415.325
21.817 -424.289
21.818 -433.135
21.819 -441.863
21.82 -450.467
21.821 -458.944
21.822 -467.283
21.823 -475.478
21.824 -483.52
21.825 -491.403
21.826 -499.122
21.827 -506.674
21.828 -514.061
21.829 -521.281
21.83 -528.336
21.831 -535.225
21.832 -541.946
21.833 -548.497
21.834 -554.871
21.835 -561.062
21.836 -567.064
21.837 -572.871
21.838 -578.48
21.839 -583.891
21.84 -589.104
21.841 -594.121
21.842 -598.943
21.843 -603.571
21.844 -608.005
21.845 -612.242
21.846 -616.278
21.847 -620.107
21.848 -623.724
21.849 -627.125
21.85 -630.305
21.851 -633.266
21.852 -636.006
21.853 -638.53
21.854 -640.839
21.855 -642.938
21.856 -644.825
21.857 -646.502
21.858 -647.965
21.859 -649.211
21.86 -650.234
21.861 -651.032
21.862 -651.602
21.863 -651.944
21.864 -652.06
21.865 -651.953
21.866 -651.627
21.867 -651.087
21.868 -650.335
21.869 -649.369
21.87 -648.191
21.871 -646.796
21.872 -645.18
21.873 -643.342
21.874 -641.28
21.875 -638.993
21.876 -636.484
21.877 -633.758
21.878 -630.818
21.879 -627.67
21.88 -624.317
21.881 -620.763
21.882 -617.006
21.883 -613.047
21.884 -608.882
21.885 -604.509
21.886 -599.926
21.887 -595.136
21.888 -590.139
21.889 -584.941
21.89 -579.546
21.891 -573.961
21.892 -568.188
21.893 -562.231
21.894 -556.089
21.895 -549.762
21.896 -543.248
21.897 -536.545
21.898 -529.652
21.899 -522.568
21.9 -515.297
21.901 -507.842
21.902 -500.209
21.903 -492.407
21.904 -484.439
21.905 -476.31
21.906 -468.023
21.907 -459.578
21.908 -450.973
21.909 -442.209
21.91 -433.284
21.911 -424.2
21.912 -414.96
21.913 -405.569
21.914 -396.033
21.915 -386.36
21.916 -376.555
21.917 -366.624
21.918 -356.57
21.919 -346.395
21.92 -336.099
21.921 -325.682
21.922 -315.147
21.923 -304.497
21.924 -293.736
21.925 -282.871
21.926 -271.91
21.927 -260.861
21.928 -249.731
21.929 -238.528
21.93 -227.258
21.931 -215.923
21.932 -204.527
21.933 -193.071
21.934 -181.558
21.935 -169.99
21.936 -158.372
21.937 -146.711
21.938 -135.014
21.939 -123.291
21.94 -111.549
21.941 -99.7955
21.942 -88.036
21.943 -76.274
21.944 -64.5119
21.945 -52.7514
21.946 -40.9945
21.947 -29.2438
21.948 -17.5038
21.949 -5.78021
21.95 5.91951
21.951 17.588
21.952 29.2184
21.953 40.8042
21.954 52.3401
21.955 63.8225
21.956 75.2489
21.957 86.6178
21.958 97.9275
21.959 109.176
21.96 120.36
21.961 131.475
21.962 142.517
21.963 153.479
21.964 164.355
21.965 175.138
21.966 185.825
21.967 196.412
21.968 206.896
21.969 217.277
21.97 227.554
21.971 237.727
21.972 247.795
21.973 257.757
21.974 267.608
21.975 277.345
21.976 286.96
21.977 296.45
21.978 305.81
21.979 315.038
21.98 324.133
21.981 333.093
21.982 341.92
21.983 350.612
21.984 359.17
21.985 367.592
21.986 375.876
21.987 384.016
21.988 392.008
21.989 399.848
21.99 407.531
21.991 415.055
21.992 422.416
21.993 429.614
21.994 436.649
21.995 443.523
21.996 450.234
21.997 456.784
21.998 463.169
21.999 469.386
22 475.433
22.001 481.303
22.002 486.992
22.003 492.496
22.004 497.813
22.005 502.942
22.006 507.885
22.007 512.643
22.008 517.217
22.009 521.609
22.01 525.816
22.011 529.836
22.012 533.667
22.013 537.304
22.014 540.743
22.015 543.983
22.016 547.021
22.017 549.858
22.018 552.497
22.019 554.939
22.02 557.187
22.021 559.245
22.022 561.115
22.023 562.799
22.024 564.295
22.025 565.603
22.026 566.719
22.027 567.645
22.028 568.378
22.029 568.922
22.03 569.281
22.031 569.458
22.032 569.459
22.033 569.289
22.034 568.952
22.035 568.449
22.036 567.782
22.037 566.949
22.038 565.947
22.039 564.776
22.04 563.436
22.041 561.93
22.042 560.262
22.043 558.44
22.044 556.47
22.045 554.358
22.046 552.108
22.047 549.725
22.048 547.21
22.049 544.564
22.05 541.787
22.051 538.879
22.052 535.84
22.053 532.673
22.054 529.381
22.055 525.971
22.056 522.449
22.057 518.82
22.058 515.092
22.059 511.266
22.06 507.346
22.061 503.33
22.062 499.216
22.063 495.002
22.064 490.687
22.065 486.272
22.066 481.76
22.067 477.156
22.068 472.466
22.069 467.696
22.07 462.85
22.071 457.932
22.072 452.945
22.073 447.888
22.074 442.761
22.075 437.562
22.076 432.292
22.077 426.951
22.078 421.542
22.079 416.072
22.08 410.545
22.081 404.969
22.082 399.345
22.083 393.679
22.084 387.969
22.085 382.217
22.086 376.421
22.087 370.578
22.088 364.688
22.089 358.75
22.09 352.767
22.091 346.742
22.092 340.682
22.093 334.592
22.094 328.479
22.095 322.345
22.096 316.193
22.097 310.025
22.098 303.838
22.099 297.633
22.1 291.407
22.101 285.162
22.102 278.903
22.103 272.633
22.104 266.359
22.105 260.087
22.106 253.824
22.107 247.575
22.108 241.343
22.109 235.129
22.11 228.934
22.111 222.757
22.112 216.6
22.113 210.464
22.114 204.354
22.115 198.273
22.116 192.229
22.117 186.228
22.118 180.278
22.119 174.383
22.12 168.548
22.121 162.775
22.122 157.066
22.123 151.42
22.124 145.837
22.125 140.321
22.126 134.872
22.127 129.496
22.128 124.198
22.129 118.985
22.13 113.864
22.131 108.84
22.132 103.917
22.133 99.0979
22.134 94.3835
22.135 89.7738
22.136 85.2687
22.137 80.8687
22.138 76.576
22.139 72.3941
22.14 68.328
22.141 64.3831
22.142 60.5643
22.143 56.876
22.144 53.3217
22.145 49.9029
22.146 46.6198
22.147 43.4717
22.148 40.4573
22.149 37.576
22.15 34.8282
22.151 32.215
22.152 29.7386
22.153 27.4023
22.154 25.21
22.155 23.1652
22.156 21.2702
22.157 19.526
22.158 17.9322
22.159 16.4867
22.16 15.1873
22.161 14.0309
22.162 13.0149
22.163 12.1383
22.164 11.4017
22.165 10.807
22.166 10.3567
22.167 10.0534
22.168 9.89845
22.169 9.89107
22.17 10.0327
22.171 10.3186
22.172 10.7449
22.173 11.3058
22.174 12.0009
22.175 12.8271
22.176 13.784
22.177 14.8724
22.178 16.0943
22.179 17.4512
22.18 18.9445
22.181 20.5745
22.182 22.3405
22.183 24.2401
22.184 26.2695
22.185 28.4246
22.186 30.7018
22.187 33.0984
22.188 35.6133
22.189 38.247
22.19 41.0009
22.191 43.877
22.192 46.8768
22.193 50.0007
22.194 53.2474
22.195 56.6142
22.196 60.0969
22.197 63.6909
22.198 67.3917
22.199 71.1957
22.2 75.1008
22.201 79.1073
22.202 83.217
22.203 87.4321
22.204 91.7542
22.205 96.1843
22.206 100.721
22.207 105.363
22.208 110.104
22.209 114.942
22.21 119.87
22.211 124.886
22.212 129.984
22.213 135.165
22.214 140.427
22.215 145.773
22.216 151.202
22.217 156.715
22.218 162.311
22.219 167.986
22.22 173.736
22.221 179.554
22.222 185.432
22.223 191.366
22.224 197.35
22.225 203.381
22.226 209.458
22.227 215.581
22.228 221.751
22.229 227.967
22.23 234.226
22.231 240.526
22.232 246.86
22.233 253.222
22.234 259.605
22.235 266.001
22.236 272.407
22.237 278.817
22.238 285.231
22.239 291.649
22.24 298.069
22.241 304.493
22.242 310.92
22.243 317.348
22.244 323.772
22.245 330.186
22.246 336.584
22.247 342.958
22.248 349.305
22.249 355.62
22.25 361.902
22.251 368.151
22.252 374.365
22.253 380.546
22.254 386.693
22.255 392.802
22.256 398.869
22.257 404.89
22.258 410.857
22.259 416.762
22.26 422.602
22.261 428.372
22.262 434.075
22.263 439.713
22.264 445.287
22.265 450.8
22.266 456.254
22.267 461.647
22.268 466.979
22.269 472.244
22.27 477.439
22.271 482.56
22.272 487.603
22.273 492.567
22.274 497.452
22.275 502.26
22.276 506.994
22.277 511.657
22.278 516.251
22.279 520.777
22.28 525.232
22.281 529.615
22.282 533.922
22.283 538.148
22.284 542.291
22.285 546.349
22.286 550.323
22.287 554.215
22.288 558.027
22.289 561.764
22.29 565.428
22.291 569.021
22.292 572.542
22.293 575.989
22.294 579.36
22.295 582.65
22.296 585.857
22.297 588.98
22.298 592.018
22.299 594.975
22.3 597.853
22.301 600.656
22.302 603.386
22.303 606.045
22.304 608.632
22.305 611.146
22.306 613.583
22.307 615.941
22.308 618.215
22.309 620.405
22.31 622.511
22.311 624.533
22.312 626.475
22.313 628.339
22.314 630.13
22.315 631.849
22.316 633.498
22.317 635.074
22.318 636.577
22.319 638.002
22.32 639.347
22.321 640.611
22.322 641.795
22.323 642.901
22.324 643.934
22.325 644.897
22.326 645.794
22.327 646.63
22.328 647.404
22.329 648.119
22.33 648.773
22.331 649.363
22.332 649.888
22.333 650.347
22.334 650.742
22.335 651.073
22.336 651.345
22.337 651.563
22.338 651.73
22.339 651.85
22.34 651.927
22.341 651.962
22.342 651.956
22.343 651.911
22.344 651.825
22.345 651.7
22.346 651.535
22.347 651.335
22.348 651.104
22.349 650.846
22.35 650.568
22.351 650.275
22.352 649.969
22.353 649.653
22.354 649.328
22.355 648.993
22.356 648.648
22.357 648.292
22.358 647.928
22.359 647.554
22.36 647.176
22.361 646.798
22.362 646.427
22.363 646.068
22.364 645.725
22.365 645.402
22.366 645.101
22.367 644.819
22.368 644.56
22.369 644.322
22.37 644.105
22.371 643.911
22.372 643.74
22.373 643.596
22.374 643.482
22.375 643.404
22.376 643.365
22.377 643.367
22.378 643.411
22.379 643.497
22.38 643.623
22.381 643.788
22.382 643.991
22.383 644.234
22.384 644.517
22.385 644.844
22.386 645.22
22.387 645.648
22.388 646.134
22.389 646.679
22.39 647.286
22.391 647.954
22.392 648.681
22.393 649.465
22.394 650.303
22.395 651.196
22.396 652.144
22.397 653.148
22.398 654.214
22.399 655.343
22.4 656.54
22.401 657.808
22.402 659.148
22.403 660.56
22.404 662.044
22.405 663.597
22.406 665.217
22.407 666.904
22.408 668.658
22.409 670.481
22.41 672.376
22.411 674.347
22.412 676.398
22.413 678.533
22.414 680.752
22.415 683.055
22.416 685.442
22.417 687.91
22.418 690.457
22.419 693.081
22.42 695.781
22.421 698.559
22.422 701.42
22.423 704.367
22.424 707.405
22.425 710.537
22.426 713.765
22.427 717.089
22.428 720.507
22.429 724.019
22.43 727.622
22.431 731.312
22.432 735.089
22.433 738.952
22.434 742.904
22.435 746.947
22.436 751.085
22.437 755.321
22.438 759.655
22.439 764.087
22.44 768.616
22.441 773.237
22.442 777.943
22.443 782.73
22.444 787.594
22.445 792.532
22.446 797.546
22.447 802.636
22.448 807.805
22.449 813.053
22.45 818.382
22.451 823.788
22.452 829.269
22.453 834.82
22.454 840.434
22.455 846.106
22.456 851.831
22.457 857.607
22.458 863.433
22.459 869.31
22.46 875.24
22.461 881.222
22.462 887.254
22.463 893.333
22.464 899.455
22.465 905.612
22.466 911.799
22.467 918.008
22.468 924.234
22.469 930.473
22.47 936.722
22.471 942.981
22.472 949.248
22.473 955.525
22.474 961.81
22.475 968.1
22.476 974.391
22.477 980.678
22.478 986.953
22.479 993.21
22.48 999.444
22.481 1005.65
22.482 1011.82
22.483 1017.96
22.484 1024.07
22.485 1030.13
22.486 1036.17
22.487 1042.16
22.488 1048.12
22.489 1054.03
22.49 1059.88
22.491 1065.67
22.492 1071.4
22.493 1077.06
22.494 1082.65
22.495 1088.17
22.496 1093.61
22.497 1098.98
22.498 1104.29
22.499 1109.52
22.5 1114.68
22.501 1119.75
22.502 1124.75
22.503 1129.66
22.504 1134.46
22.505 1139.17
22.506 1143.78
22.507 1148.28
22.508 1152.68
22.509 1156.98
22.51 1161.18
22.511 1165.27
22.512 1169.26
22.513 1173.15
22.514 1176.92
22.515 1180.57
22.516 1184.11
22.517 1187.51
22.518 1190.79
22.519 1193.94
22.52 1196.97
22.521 1199.86
22.522 1202.63
22.523 1205.28
22.524 1207.8
22.525 1210.2
22.526 1212.47
22.527 1214.6
22.528 1216.59
22.529 1218.44
22.53 1220.14
22.531 1221.7
22.532 1223.11
22.533 1224.37
22.534 1225.48
22.535 1226.45
22.536 1227.28
22.537 1227.96
22.538 1228.48
22.539 1228.85
22.54 1229.06
22.541 1229.1
22.542 1228.96
22.543 1228.66
22.544 1228.17
22.545 1227.51
22.546 1226.67
22.547 1225.65
22.548 1224.46
22.549 1223.09
22.55 1221.54
22.551 1219.8
22.552 1217.87
22.553 1215.74
22.554 1213.4
22.555 1210.85
22.556 1208.09
22.557 1205.12
22.558 1201.94
22.559 1198.55
22.56 1194.96
22.561 1191.15
22.562 1187.13
22.563 1182.89
22.564 1178.43
22.565 1173.75
22.566 1168.82
22.567 1163.67
22.568 1158.27
22.569 1152.64
22.57 1146.77
22.571 1140.67
22.572 1134.34
22.573 1127.78
22.574 1121
22.575 1113.98
22.576 1106.72
22.577 1099.23
22.578 1091.5
22.579 1083.52
22.58 1075.3
22.581 1066.84
22.582 1058.14
22.583 1049.2
22.584 1040.03
22.585 1030.62
22.586 1020.99
22.587 1011.12
22.588 1001.02
22.589 990.672
22.59 980.084
22.591 969.251
22.592 958.171
22.593 946.848
22.594 935.283
22.595 923.481
22.596 911.445
22.597 899.179
22.598 886.685
22.599 873.96
22.6 861.004
22.601 847.814
22.602 834.386
22.603 820.72
22.604 806.815
22.605 792.673
22.606 778.298
22.607 763.695
22.608 748.868
22.609 733.822
22.61 718.559
22.611 703.082
22.612 687.39
22.613 671.483
22.614 655.359
22.615 639.019
22.616 622.463
22.617 605.695
22.618 588.72
22.619 571.543
22.62 554.172
22.621 536.615
22.622 518.879
22.623 500.969
22.624 482.889
22.625 464.641
22.626 446.226
22.627 427.647
22.628 408.907
22.629 390.011
22.63 370.966
22.631 351.783
22.632 332.473
22.633 313.048
22.634 293.518
22.635 273.891
22.636 254.174
22.637 234.372
22.638 214.489
22.639 194.528
22.64 174.497
22.641 154.404
22.642 134.262
22.643 114.083
22.644 93.8837
22.645 73.6775
22.646 53.4779
22.647 33.2964
22.648 13.1425
22.649 -6.97644
22.65 -27.0534
22.651 -47.0825
22.652 -67.0565
22.653 -86.9666
22.654 -106.801
22.655 -126.547
22.656 -146.19
22.657 -165.715
22.658 -185.109
22.659 -204.36
22.66 -223.46
22.661 -242.401
22.662 -261.179
22.663 -279.788
22.664 -298.223
22.665 -316.476
22.666 -334.537
22.667 -352.397
22.668 -370.041
22.669 -387.459
22.67 -404.638
22.671 -421.569
22.672 -438.247
22.673 -454.669
22.674 -470.831
22.675 -486.734
22.676 -502.374
22.677 -517.749
22.678 -532.855
22.679 -547.683
22.68 -562.227
22.681 -576.477
22.682 -590.427
22.683 -604.072
22.684 -617.408
22.685 -630.435
22.686 -643.155
22.687 -655.57
22.688 -667.681
22.689 -679.491
22.69 -690.998
22.691 -702.199
22.692 -713.088
22.693 -723.659
22.694 -733.909
22.695 -743.833
22.696 -753.431
22.697 -762.705
22.698 -771.659
22.699 -780.296
22.7 -788.622
22.701 -796.641
22.702 -804.355
22.703 -811.765
22.704 -818.868
22.705 -825.662
22.706 -832.145
22.707 -838.315
22.708 -844.173
22.709 -849.723
22.71 -854.969
22.711 -859.918
22.712 -864.574
22.713 -868.942
22.714 -873.023
22.715 -876.819
22.716 -880.329
22.717 -883.55
22.718 -886.48
22.719 -889.117
22.72 -891.461
22.721 -893.515
22.722 -895.285
22.723 -896.777
22.724 -897.997
22.725 -898.952
22.726 -899.645
22.727 -900.079
22.728 -900.253
22.729 -900.167
22.73 -899.819
22.731 -899.208
22.732 -898.335
22.733 -897.203
22.734 -895.816
22.735 -894.182
22.736 -892.307
22.737 -890.197
22.738 -887.857
22.739 -885.29
22.74 -882.497
22.741 -879.476
22.742 -876.224
22.743 -872.737
22.744 -869.015
22.745 -865.06
22.746 -860.877
22.747 -856.472
22.748 -851.853
22.749 -847.026
22.75 -841.996
22.751 -836.769
22.752 -831.346
22.753 -825.729
22.754 -819.916
22.755 -813.909
22.756 -807.708
22.757 -801.315
22.758 -794.737
22.759 -787.978
22.76 -781.049
22.761 -773.954
22.762 -766.701
22.763 -759.294
22.764 -751.735
22.765 -744.025
22.766 -736.164
22.767 -728.152
22.768 -719.988
22.769 -711.675
22.77 -703.218
22.771 -694.622
22.772 -685.895
22.773 -677.044
22.774 -668.075
22.775 -658.994
22.776 -649.804
22.777 -640.507
22.778 -631.103
22.779 -621.592
22.78 -611.974
22.781 -602.251
22.782 -592.426
22.783 -582.504
22.784 -572.491
22.785 -562.395
22.786 -552.223
22.787 -541.979
22.788 -531.668
22.789 -521.292
22.79 -510.851
22.791 -500.344
22.792 -489.771
22.793 -479.134
22.794 -468.436
22.795 -457.681
22.796 -446.876
22.797 -436.029
22.798 -425.146
22.799 -414.235
22.8 -403.299
22.801 -392.342
22.802 -381.366
22.803 -370.373
22.804 -359.361
22.805 -348.335
22.806 -337.295
22.807 -326.248
22.808 -315.201
22.809 -304.162
22.81 -293.138
22.811 -282.139
22.812 -271.171
22.813 -260.239
22.814 -249.346
22.815 -238.494
22.816 -227.685
22.817 -216.919
22.818 -206.201
22.819 -195.536
22.82 -184.931
22.821 -174.394
22.822 -163.935
22.823 -153.561
22.824 -143.281
22.825 -133.1
22.826 -123.021
22.827 -113.045
22.828 -103.175
22.829 -93.4119
22.83 -83.7578
22.831 -74.2177
22.832 -64.7978
22.833 -55.5062
22.834 -46.3517
22.835 -37.3427
22.836 -28.4864
22.837 -19.7884
22.838 -11.252
22.839 -2.87894
22.84 5.32992
22.841 13.3745
22.842 21.2542
22.843 28.9664
22.844 36.5064
22.845 43.8679
22.846 51.0433
22.847 58.0252
22.848 64.807
22.849 71.3841
22.85 77.754
22.851 83.9168
22.852 89.8744
22.853 95.6287
22.854 101.181
22.855 106.53
22.856 111.674
22.857 116.607
22.858 121.325
22.859 125.82
22.86 130.089
22.861 134.126
22.862 137.932
22.863 141.507
22.864 144.853
22.865 147.975
22.866 150.874
22.867 153.551
22.868 156.005
22.869 158.234
22.87 160.233
22.871 161.997
22.872 163.521
22.873 164.803
22.874 165.843
22.875 166.642
22.876 167.203
22.877 167.532
22.878 167.631
22.879 167.504
22.88 167.151
22.881 166.569
22.882 165.754
22.883 164.703
22.884 163.412
22.885 161.88
22.886 160.106
22.887 158.094
22.888 155.847
22.889 153.371
22.89 150.671
22.891 147.75
22.892 144.61
22.893 141.249
22.894 137.667
22.895 133.859
22.896 129.822
22.897 125.556
22.898 121.06
22.899 116.338
22.9 111.392
22.901 106.23
22.902 100.856
22.903 95.2751
22.904 89.4903
22.905 83.5027
22.906 77.3113
22.907 70.9144
22.908 64.3099
22.909 57.4969
22.91 50.4763
22.911 43.2504
22.912 35.823
22.913 28.1997
22.914 20.3863
22.915 12.3884
22.916 4.20987
22.917 -4.14712
22.918 -12.6824
22.919 -21.397
22.92 -30.2924
22.921 -39.3695
22.922 -48.6278
22.923 -58.0645
22.924 -67.6749
22.925 -77.4527
22.926 -87.3908
22.927 -97.4825
22.928 -107.722
22.929 -118.106
22.93 -128.633
22.931 -139.302
22.932 -150.111
22.933 -161.06
22.934 -172.148
22.935 -183.369
22.936 -194.719
22.937 -206.189
22.938 -217.772
22.939 -229.459
22.94 -241.243
22.941 -253.117
22.942 -265.078
22.943 -277.122
22.944 -289.25
22.945 -301.458
22.946 -313.745
22.947 -326.105
22.948 -338.534
22.949 -351.022
22.95 -363.562
22.951 -376.142
22.952 -388.753
22.953 -401.388
22.954 -414.04
22.955 -426.706
22.956 -439.382
22.957 -452.067
22.958 -464.757
22.959 -477.448
22.96 -490.133
22.961 -502.804
22.962 -515.452
22.963 -528.068
22.964 -540.644
22.965 -553.171
22.966 -565.643
22.967 -578.058
22.968 -590.412
22.969 -602.703
22.97 -614.931
22.971 -627.091
22.972 -639.177
22.973 -651.181
22.974 -663.096
22.975 -674.911
22.976 -686.618
22.977 -698.209
22.978 -709.678
22.979 -721.023
22.98 -732.24
22.981 -743.33
22.982 -754.293
22.983 -765.13
22.984 -775.837
22.985 -786.41
22.986 -796.843
22.987 -807.129
22.988 -817.261
22.989 -827.233
22.99 -837.043
22.991 -846.689
22.992 -856.171
22.993 -865.492
22.994 -874.653
22.995 -883.656
22.996 -892.501
22.997 -901.185
22.998 -909.703
22.999 -918.051
23 -926.223
23.001 -934.215
23.002 -942.024
23.003 -949.651
23.004 -957.096
23.005 -964.364
23.006 -971.458
23.007 -978.38
23.008 -985.133
23.009 -991.716
23.01 -998.126
23.011 -1004.36
23.012 -1010.42
23.013 -1016.29
23.014 -1021.98
23.015 -1027.5
23.016 -1032.83
23.017 -1037.99
23.018 -1042.98
23.019 -1047.81
23.02 -1052.48
23.021 -1056.99
23.022 -1061.34
23.023 -1065.53
23.024 -1069.55
23.025 -1073.4
23.026 -1077.09
23.027 -1080.6
23.028 -1083.95
23.029 -1087.14
23.03 -1090.17
23.031 -1093.05
23.032 -1095.78
23.033 -1098.36
23.034 -1100.79
23.035 -1103.06
23.036 -1105.17
23.037 -1107.12
23.038 -1108.91
23.039 -1110.54
23.04 -1112
23.041 -1113.31
23.042 -1114.46
23.043 -1115.47
23.044 -1116.33
23.045 -1117.04
23.046 -1117.61
23.047 -1118.02
23.048 -1118.29
23.049 -1118.41
23.05 -1118.37
23.051 -1118.17
23.052 -1117.82
23.053 -1117.31
23.054 -1116.65
23.055 -1115.84
23.056 -1114.89
23.057 -1113.79
23.058 -1112.55
23.059 -1111.16
23.06 -1109.62
23.061 -1107.92
23.062 -1106.08
23.063 -1104.07
23.064 -1101.91
23.065 -1099.6
23.066 -1097.14
23.067 -1094.52
23.068 -1091.77
23.069 -1088.88
23.07 -1085.84
23.071 -1082.67
23.072 -1079.35
23.073 -1075.9
23.074 -1072.3
23.075 -1068.56
23.076 -1064.68
23.077 -1060.66
23.078 -1056.51
23.079 -1052.23
23.08 -1047.82
23.081 -1043.29
23.082 -1038.65
23.083 -1033.9
23.084 -1029.03
23.085 -1024.04
23.086 -1018.95
23.087 -1013.74
23.088 -1008.41
23.089 -1002.98
23.09 -997.447
23.091 -991.815
23.092 -986.094
23.093 -980.292
23.094 -974.415
23.095 -968.465
23.096 -962.445
23.097 -956.356
23.098 -950.198
23.099 -943.972
23.1 -937.682
23.101 -931.331
23.102 -924.926
23.103 -918.475
23.104 -911.985
23.105 -905.464
23.106 -898.918
23.107 -892.351
23.108 -885.766
23.109 -879.163
23.11 -872.543
23.111 -865.906
23.112 -859.252
23.113 -852.582
23.114 -845.903
23.115 -839.219
23.116 -832.538
23.117 -825.866
23.118 -819.209
23.119 -812.572
23.12 -805.954
23.121 -799.357
23.122 -792.777
23.123 -786.212
23.124 -779.663
23.125 -773.13
23.126 -766.616
23.127 -760.128
23.128 -753.672
23.129 -747.253
23.13 -740.878
23.131 -734.549
23.132 -728.266
23.133 -722.027
23.134 -715.831
23.135 -709.674
23.136 -703.554
23.137 -697.473
23.138 -691.432
23.139 -685.436
23.14 -679.491
23.141 -673.6
23.142 -667.766
23.143 -661.991
23.144 -656.273
23.145 -650.609
23.146 -644.998
23.147 -639.434
23.148 -633.915
23.149 -628.44
23.15 -623.009
23.151 -617.626
23.152 -612.297
23.153 -607.027
23.154 -601.821
23.155 -596.682
23.156 -591.609
23.157 -586.603
23.158 -581.659
23.159 -576.775
23.16 -571.95
23.161 -567.181
23.162 -562.471
23.163 -557.824
23.164 -553.243
23.165 -548.736
23.166 -544.305
23.167 -539.954
23.168 -535.684
23.169 -531.493
23.17 -527.379
23.171 -523.34
23.172 -519.375
23.173 -515.485
23.174 -511.672
23.175 -507.94
23.176 -504.295
23.177 -500.741
23.178 -497.284
23.179 -493.929
23.18 -490.677
23.181 -487.529
23.182 -484.485
23.183 -481.544
23.184 -478.705
23.185 -475.969
23.186 -473.337
23.187 -470.812
23.188 -468.401
23.189 -466.107
23.19 -463.937
23.191 -461.895
23.192 -459.985
23.193 -458.206
23.194 -456.559
23.195 -455.041
23.196 -453.652
23.197 -452.391
23.198 -451.258
23.199 -450.256
23.2 -449.389
23.201 -448.661
23.202 -448.075
23.203 -447.636
23.204 -447.345
23.205 -447.201
23.206 -447.203
23.207 -447.351
23.208 -447.641
23.209 -448.071
23.21 -448.638
23.211 -449.345
23.212 -450.194
23.213 -451.188
23.214 -452.33
23.215 -453.623
23.216 -455.068
23.217 -456.666
23.218 -458.414
23.219 -460.309
23.22 -462.348
23.221 -464.527
23.222 -466.84
23.223 -469.286
23.224 -471.864
23.225 -474.576
23.226 -477.422
23.227 -480.405
23.228 -483.524
23.229 -486.778
23.23 -490.164
23.231 -493.677
23.232 -497.311
23.233 -501.06
23.234 -504.919
23.235 -508.885
23.236 -512.957
23.237 -517.134
23.238 -521.417
23.239 -525.808
23.24 -530.306
23.241 -534.911
23.242 -539.619
23.243 -544.427
23.244 -549.329
23.245 -554.319
23.246 -559.392
23.247 -564.544
23.248 -569.774
23.249 -575.079
23.25 -580.463
23.251 -585.924
23.252 -591.465
23.253 -597.085
23.254 -602.78
23.255 -608.546
23.256 -614.377
23.257 -620.268
23.258 -626.212
23.259 -632.205
23.26 -638.243
23.261 -644.325
23.262 -650.453
23.263 -656.625
23.264 -662.844
23.265 -669.108
23.266 -675.414
23.267 -681.759
23.268 -688.136
23.269 -694.539
23.27 -700.962
23.271 -707.4
23.272 -713.85
23.273 -720.313
23.274 -726.787
23.275 -733.276
23.276 -739.778
23.277 -746.295
23.278 -752.824
23.279 -759.363
23.28 -765.905
23.281 -772.445
23.282 -778.976
23.283 -785.492
23.284 -791.989
23.285 -798.466
23.286 -804.922
23.287 -811.358
23.288 -817.774
23.289 -824.171
23.29 -830.547
23.291 -836.897
23.292 -843.215
23.293 -849.494
23.294 -855.726
23.295 -861.906
23.296 -868.029
23.297 -874.092
23.298 -880.095
23.299 -886.038
23.3 -891.921
23.301 -897.745
23.302 -903.506
23.303 -909.199
23.304 -914.819
23.305 -920.358
23.306 -925.809
23.307 -931.166
23.308 -936.424
23.309 -941.58
23.31 -946.634
23.311 -951.585
23.312 -956.435
23.313 -961.182
23.314 -965.826
23.315 -970.363
23.316 -974.788
23.317 -979.095
23.318 -983.279
23.319 -987.332
23.32 -991.25
23.321 -995.031
23.322 -998.673
23.323 -1002.18
23.324 -1005.54
23.325 -1008.77
23.326 -1011.85
23.327 -1014.8
23.328 -1017.6
23.329 -1020.25
23.33 -1022.75
23.331 -1025.08
23.332 -1027.25
23.333 -1029.25
23.334 -1031.08
23.335 -1032.75
23.336 -1034.25
23.337 -1035.59
23.338 -1036.77
23.339 -1037.79
23.34 -1038.65
23.341 -1039.34
23.342 -1039.85
23.343 -1040.19
23.344 -1040.35
23.345 -1040.32
23.346 -1040.11
23.347 -1039.71
23.348 -1039.14
23.349 -1038.39
23.35 -1037.46
23.351 -1036.35
23.352 -1035.07
23.353 -1033.61
23.354 -1031.97
23.355 -1030.14
23.356 -1028.12
23.357 -1025.91
23.358 -1023.52
23.359 -1020.93
23.36 -1018.16
23.361 -1015.21
23.362 -1012.09
23.363 -1008.78
23.364 -1005.3
23.365 -1001.64
23.366 -997.8
23.367 -993.772
23.368 -989.556
23.369 -985.151
23.37 -980.556
23.371 -975.773
23.372 -970.806
23.373 -965.658
23.374 -960.334
23.375 -954.834
23.376 -949.161
23.377 -943.313
23.378 -937.287
23.379 -931.082
23.38 -924.695
23.381 -918.124
23.382 -911.369
23.383 -904.43
23.384 -897.31
23.385 -890.014
23.386 -882.545
23.387 -874.905
23.388 -867.097
23.389 -859.121
23.39 -850.973
23.391 -842.652
23.392 -834.158
23.393 -825.488
23.394 -816.643
23.395 -807.626
23.396 -798.439
23.397 -789.089
23.398 -779.579
23.399 -769.914
23.4 -760.097
23.401 -750.13
23.402 -740.015
23.403 -729.75
23.404 -719.336
23.405 -708.773
23.406 -698.061
23.407 -687.204
23.408 -676.206
23.409 -665.073
23.41 -653.81
23.411 -642.424
23.412 -630.92
23.413 -619.3
23.414 -607.566
23.415 -595.72
23.416 -583.761
23.417 -571.69
23.418 -559.509
23.419 -547.22
23.42 -534.829
23.421 -522.341
23.422 -509.765
23.423 -497.108
23.424 -484.377
23.425 -471.577
23.426 -458.712
23.427 -445.782
23.428 -432.79
23.429 -419.737
23.43 -406.626
23.431 -393.46
23.432 -380.246
23.433 -366.991
23.434 -353.703
23.435 -340.391
23.436 -327.062
23.437 -313.722
23.438 -300.376
23.439 -287.026
23.44 -273.675
23.441 -260.324
23.442 -246.974
23.443 -233.63
23.444 -220.296
23.445 -206.98
23.446 -193.689
23.447 -180.432
23.448 -167.217
23.449 -154.049
23.45 -140.935
23.451 -127.874
23.452 -114.869
23.453 -101.92
23.454 -89.0265
23.455 -76.1925
23.456 -63.4217
23.457 -50.7206
23.458 -38.0963
23.459 -25.5568
23.46 -13.1091
23.461 -0.759182
23.462 11.4892
23.463 23.634
23.464 35.6747
23.465 47.6113
23.466 59.4436
23.467 71.1699
23.468 82.787
23.469 94.2898
23.47 105.672
23.471 116.926
23.472 128.046
23.473 139.026
23.474 149.863
23.475 160.556
23.476 171.104
23.477 181.508
23.478 191.77
23.479 201.89
23.48 211.865
23.481 221.691
23.482 231.363
23.483 240.874
23.484 250.218
23.485 259.389
23.486 268.385
23.487 277.204
23.488 285.848
23.489 294.318
23.49 302.617
23.491 310.743
23.492 318.694
23.493 326.465
23.494 334.052
23.495 341.448
23.496 348.647
23.497 355.645
23.498 362.439
23.499 369.028
23.5 375.414
23.501 381.597
23.502 387.579
23.503 393.363
23.504 398.947
23.505 404.329
23.506 409.506
23.507 414.473
23.508 419.227
23.509 423.762
23.51 428.078
23.511 432.174
23.512 436.054
23.513 439.719
23.514 443.173
23.515 446.419
23.516 449.459
23.517 452.291
23.518 454.914
23.519 457.324
23.52 459.519
23.521 461.496
23.522 463.256
23.523 464.8
23.524 466.132
23.525 467.256
23.526 468.177
23.527 468.899
23.528 469.425
23.529 469.758
23.53 469.895
23.531 469.838
23.532 469.584
23.533 469.135
23.534 468.491
23.535 467.654
23.536 466.629
23.537 465.42
23.538 464.034
23.539 462.476
23.54 460.748
23.541 458.854
23.542 456.795
23.543 454.573
23.544 452.188
23.545 449.641
23.546 446.933
23.547 444.067
23.548 441.048
23.549 437.882
23.55 434.575
23.551 431.134
23.552 427.561
23.553 423.859
23.554 420.031
23.555 416.077
23.556 411.996
23.557 407.789
23.558 403.456
23.559 399
23.56 394.423
23.561 389.731
23.562 384.931
23.563 380.028
23.564 375.028
23.565 369.935
23.566 364.752
23.567 359.481
23.568 354.122
23.569 348.675
23.57 343.143
23.571 337.526
23.572 331.828
23.573 326.053
23.574 320.207
23.575 314.296
23.576 308.324
23.577 302.297
23.578 296.217
23.579 290.086
23.58 283.903
23.581 277.671
23.582 271.39
23.583 265.062
23.584 258.692
23.585 252.284
23.586 245.844
23.587 239.379
23.588 232.895
23.589 226.397
23.59 219.888
23.591 213.371
23.592 206.846
23.593 200.313
23.594 193.772
23.595 187.226
23.596 180.676
23.597 174.128
23.598 167.587
23.599 161.058
23.6 154.547
23.601 148.058
23.602 141.596
23.603 135.162
23.604 128.757
23.605 122.381
23.606 116.035
23.607 109.719
23.608 103.436
23.609 97.1893
23.61 90.985
23.611 84.8281
23.612 78.7244
23.613 72.6788
23.614 66.6947
23.615 60.7744
23.616 54.9187
23.617 49.1276
23.618 43.4012
23.619 37.7402
23.62 32.1465
23.621 26.6233
23.622 21.1753
23.623 15.8077
23.624 10.526
23.625 5.33486
23.626 0.238036
23.627 -4.76238
23.628 -9.66556
23.629 -14.4716
23.63 -19.181
23.631 -23.7934
23.632 -28.3078
23.633 -32.7216
23.634 -37.0309
23.635 -41.2311
23.636 -45.3169
23.637 -49.284
23.638 -53.1288
23.639 -56.8493
23.64 -60.4448
23.641 -63.9159
23.642 -67.2634
23.643 -70.4878
23.644 -73.5888
23.645 -76.5648
23.646 -79.4127
23.647 -82.1285
23.648 -84.7079
23.649 -87.1466
23.65 -89.4415
23.651 -91.5902
23.652 -93.5911
23.653 -95.4442
23.654 -97.1504
23.655 -98.7103
23.656 -100.124
23.657 -101.391
23.658 -102.507
23.659 -103.471
23.66 -104.278
23.661 -104.922
23.662 -105.402
23.663 -105.714
23.664 -105.858
23.665 -105.836
23.666 -105.645
23.667 -105.289
23.668 -104.771
23.669 -104.089
23.67 -103.241
23.671 -102.226
23.672 -101.04
23.673 -99.6799
23.674 -98.1425
23.675 -96.4262
23.676 -94.5306
23.677 -92.457
23.678 -90.2075
23.679 -87.7847
23.68 -85.1907
23.681 -82.4277
23.682 -79.4967
23.683 -76.3973
23.684 -73.1281
23.685 -69.687
23.686 -66.0725
23.687 -62.2837
23.688 -58.3215
23.689 -54.1881
23.69 -49.887
23.691 -45.423
23.692 -40.8015
23.693 -36.0266
23.694 -31.1014
23.695 -26.0271
23.696 -20.804
23.697 -15.4315
23.698 -9.90908
23.699 -4.23723
23.7 1.58226
23.701 7.54589
23.702 13.6488
23.703 19.885
23.704 26.2487
23.705 32.7344
23.706 39.3381
23.707 46.0572
23.708 52.8904
23.709 59.8374
23.71 66.8979
23.711 74.0709
23.712 81.3544
23.713 88.7443
23.714 96.2354
23.715 103.821
23.716 111.495
23.717 119.251
23.718 127.083
23.719 134.989
23.72 142.966
23.721 151.012
23.722 159.127
23.723 167.31
23.724 175.558
23.725 183.868
23.726 192.233
23.727 200.648
23.728 209.105
23.729 217.597
23.73 226.118
23.731 234.665
23.732 243.236
23.733 251.831
23.734 260.449
23.735 269.089
23.736 277.749
23.737 286.427
23.738 295.117
23.739 303.813
23.74 312.508
23.741 321.198
23.742 329.878
23.743 338.544
23.744 347.196
23.745 355.833
23.746 364.456
23.747 373.063
23.748 381.655
23.749 390.229
23.75 398.781
23.751 407.307
23.752 415.802
23.753 424.263
23.754 432.686
23.755 441.068
23.756 449.408
23.757 457.706
23.758 465.963
23.759 474.181
23.76 482.359
23.761 490.495
23.762 498.588
23.763 506.631
23.764 514.621
23.765 522.553
23.766 530.423
23.767 538.228
23.768 545.968
23.769 553.641
23.77 561.25
23.771 568.794
23.772 576.274
23.773 583.689
23.774 591.038
23.775 598.316
23.776 605.519
23.777 612.645
23.778 619.688
23.779 626.648
23.78 633.522
23.781 640.311
23.782 647.013
23.783 653.627
23.784 660.155
23.785 666.593
23.786 672.942
23.787 679.197
23.788 685.355
23.789 691.411
23.79 697.361
23.791 703.204
23.792 708.938
23.793 714.562
23.794 720.079
23.795 725.489
23.796 730.794
23.797 735.993
23.798 741.086
23.799 746.072
23.8 750.949
23.801 755.713
23.802 760.359
23.803 764.887
23.804 769.294
23.805 773.58
23.806 777.746
23.807 781.793
23.808 785.724
23.809 789.539
23.81 793.238
23.811 796.82
23.812 800.285
23.813 803.63
23.814 806.853
23.815 809.952
23.816 812.927
23.817 815.779
23.818 818.51
23.819 821.121
23.82 823.616
23.821 825.997
23.822 828.268
23.823 830.43
23.824 832.482
23.825 834.424
23.826 836.255
23.827 837.973
23.828 839.579
23.829 841.075
23.83 842.461
23.831 843.744
23.832 844.93
23.833 846.023
23.834 847.029
23.835 847.95
23.836 848.788
23.837 849.544
23.838 850.216
23.839 850.806
23.84 851.314
23.841 851.743
23.842 852.096
23.843 852.38
23.844 852.599
23.845 852.759
23.846 852.865
23.847 852.92
23.848 852.927
23.849 852.885
23.85 852.795
23.851 852.657
23.852 852.469
23.853 852.233
23.854 851.952
23.855 851.63
23.856 851.272
23.857 850.884
23.858 850.47
23.859 850.033
23.86 849.576
23.861 849.096
23.862 848.591
23.863 848.058
23.864 847.496
23.865 846.903
23.866 846.282
23.867 845.635
23.868 844.967
23.869 844.282
23.87 843.585
23.871 842.876
23.872 842.154
23.873 841.418
23.874 840.665
23.875 839.891
23.876 839.094
23.877 838.272
23.878 837.428
23.879 836.562
23.88 835.678
23.881 834.78
23.882 833.87
23.883 832.948
23.884 832.014
23.885 831.065
23.886 830.099
23.887 829.111
23.888 828.1
23.889 827.062
23.89 825.998
23.891 824.91
23.892 823.798
23.893 822.668
23.894 821.52
23.895 820.358
23.896 819.18
23.897 817.985
23.898 816.77
23.899 815.531
23.9 814.265
23.901 812.97
23.902 811.643
23.903 810.285
23.904 808.898
23.905 807.484
23.906 806.045
23.907 804.583
23.908 803.099
23.909 801.59
23.91 800.054
23.911 798.486
23.912 796.881
23.913 795.234
23.914 793.544
23.915 791.81
23.916 790.032
23.917 788.214
23.918 786.357
23.919 784.463
23.92 782.533
23.921 780.563
23.922 778.55
23.923 776.488
23.924 774.371
23.925 772.196
23.926 769.959
23.927 767.658
23.928 765.295
23.929 762.872
23.93 760.389
23.931 757.849
23.932 755.25
23.933 752.59
23.934 749.863
23.935 747.066
23.936 744.192
23.937 741.236
23.938 738.194
23.939 735.066
23.94 731.851
23.941 728.55
23.942 725.162
23.943 721.69
23.944 718.131
23.945 714.483
23.946 710.743
23.947 706.905
23.948 702.964
23.949 698.915
23.95 694.753
23.951 690.478
23.952 686.092
23.953 681.595
23.954 676.993
23.955 672.285
23.956 667.475
23.957 662.56
23.958 657.539
23.959 652.408
23.96 647.164
23.961 641.803
23.962 636.322
23.963 630.722
23.964 625.003
23.965 619.168
23.966 613.22
23.967 607.162
23.968 600.996
23.969 594.722
23.97 588.338
23.971 581.844
23.972 575.236
23.973 568.512
23.974 561.67
23.975 554.712
23.976 547.639
23.977 540.453
23.978 533.159
23.979 525.761
23.98 518.262
23.981 510.662
23.982 502.959
23.983 495.15
23.984 487.233
23.985 479.203
23.986 471.06
23.987 462.801
23.988 454.428
23.989 445.944
23.99 437.352
23.991 428.654
23.992 419.856
23.993 410.958
23.994 401.961
23.995 392.863
23.996 383.661
23.997 374.354
23.998 364.941
23.999 355.42
24 345.794
24.001 336.065
24.002 326.239
24.003 316.32
24.004 306.312
24.005 296.217
24.006 286.036
24.007 275.77
24.008 265.416
24.009 254.972
24.01 244.437
24.011 233.813
24.012 223.104
24.013 212.315
24.014 201.452
24.015 190.522
24.016 179.53
24.017 168.481
24.018 157.378
24.019 146.221
24.02 135.012
24.021 123.751
24.022 112.44
24.023 101.081
24.024 89.6806
24.025 78.2435
24.026 66.777
24.027 55.2885
24.028 43.785
24.029 32.2721
24.03 20.7541
24.031 9.23526
24.032 -2.28022
24.033 -13.7892
24.034 -25.2883
24.035 -36.7733
24.036 -48.2387
24.037 -59.6777
24.038 -71.0824
24.039 -82.4443
24.04 -93.755
24.041 -105.008
24.042 -116.197
24.043 -127.319
24.044 -138.371
24.045 -149.35
24.046 -160.253
24.047 -171.077
24.048 -181.818
24.049 -192.469
24.05 -203.024
24.051 -213.475
24.052 -223.814
24.053 -234.032
24.054 -244.125
24.055 -254.088
24.056 -263.917
24.057 -273.61
24.058 -283.166
24.059 -292.58
24.06 -301.85
24.061 -310.971
24.062 -319.939
24.063 -328.749
24.064 -337.395
24.065 -345.872
24.066 -354.176
24.067 -362.303
24.068 -370.252
24.069 -378.023
24.07 -385.617
24.071 -393.031
24.072 -400.265
24.073 -407.316
24.074 -414.18
24.075 -420.852
24.076 -427.327
24.077 -433.602
24.078 -439.673
24.079 -445.536
24.08 -451.193
24.081 -456.643
24.082 -461.89
24.083 -466.937
24.084 -471.784
24.085 -476.433
24.086 -480.881
24.087 -485.128
24.088 -489.169
24.089 -493.003
24.09 -496.629
24.091 -500.046
24.092 -503.254
24.093 -506.256
24.094 -509.055
24.095 -511.654
24.096 -514.055
24.097 -516.259
24.098 -518.267
24.099 -520.077
24.1 -521.688
24.101 -523.097
24.102 -524.303
24.103 -525.306
24.104 -526.107
24.105 -526.71
24.106 -527.118
24.107 -527.335
24.108 -527.366
24.109 -527.212
24.11 -526.875
24.111 -526.354
24.112 -525.646
24.113 -524.751
24.114 -523.664
24.115 -522.387
24.116 -520.92
24.117 -519.265
24.118 -517.427
24.119 -515.41
24.12 -513.219
24.121 -510.856
24.122 -508.325
24.123 -505.627
24.124 -502.76
24.125 -499.725
24.126 -496.521
24.127 -493.149
24.128 -489.61
24.129 -485.908
24.13 -482.049
24.131 -478.037
24.132 -473.877
24.133 -469.572
24.134 -465.126
24.135 -460.539
24.136 -455.811
24.137 -450.941
24.138 -445.93
24.139 -440.777
24.14 -435.484
24.141 -430.053
24.142 -424.489
24.143 -418.794
24.144 -412.974
24.145 -407.032
24.146 -400.971
24.147 -394.793
24.148 -388.497
24.149 -382.084
24.15 -375.553
24.151 -368.905
24.152 -362.143
24.153 -355.271
24.154 -348.294
24.155 -341.218
24.156 -334.049
24.157 -326.792
24.158 -319.451
24.159 -312.03
24.16 -304.53
24.161 -296.954
24.162 -289.301
24.163 -281.575
24.164 -273.777
24.165 -265.911
24.166 -257.984
24.167 -250
24.168 -241.966
24.169 -233.887
24.17 -225.768
24.171 -217.615
24.172 -209.429
24.173 -201.215
24.174 -192.973
24.175 -184.707
24.176 -176.42
24.177 -168.115
24.178 -159.799
24.179 -151.477
24.18 -143.156
24.181 -134.843
24.182 -126.542
24.183 -118.257
24.184 -109.992
24.185 -101.748
24.186 -93.5271
24.187 -85.3314
24.188 -77.1632
24.189 -69.0262
24.19 -60.9248
24.191 -52.8651
24.192 -44.8543
24.193 -36.8988
24.194 -29.0048
24.195 -21.177
24.196 -13.419
24.197 -5.7336
24.198 1.87728
24.199 9.4115
24.2 16.8664
24.201 24.2389
24.202 31.5254
24.203 38.7208
24.204 45.8195
24.205 52.8156
24.206 59.7038
24.207 66.4798
24.208 73.1404
24.209 79.6836
24.21 86.1083
24.211 92.4135
24.212 98.5981
24.213 104.66
24.214 110.596
24.215 116.401
24.216 122.072
24.217 127.602
24.218 132.986
24.219 138.221
24.22 143.304
24.221 148.233
24.222 153.008
24.223 157.628
24.224 162.092
24.225 166.401
24.226 170.551
24.227 174.54
24.228 178.363
24.229 182.015
24.23 185.494
24.231 188.795
24.232 191.919
24.233 194.864
24.234 197.631
24.235 200.222
24.236 202.638
24.237 204.88
24.238 206.945
24.239 208.834
24.24 210.544
24.241 212.07
24.242 213.41
24.243 214.561
24.244 215.521
24.245 216.291
24.246 216.87
24.247 217.262
24.248 217.467
24.249 217.487
24.25 217.323
24.251 216.97
24.252 216.429
24.253 215.696
24.254 214.767
24.255 213.642
24.256 212.32
24.257 210.8
24.258 209.085
24.259 207.177
24.26 205.08
24.261 202.794
24.262 200.322
24.263 197.664
24.264 194.819
24.265 191.785
24.266 188.56
24.267 185.144
24.268 181.536
24.269 177.738
24.27 173.751
24.271 169.579
24.272 165.229
24.273 160.703
24.274 156.005
24.275 151.137
24.276 146.1
24.277 140.893
24.278 135.517
24.279 129.971
24.28 124.255
24.281 118.373
24.282 112.329
24.283 106.126
24.284 99.7715
24.285 93.2693
24.286 86.6242
24.287 79.8393
24.288 72.9162
24.289 65.856
24.29 58.6588
24.291 51.3255
24.292 43.8575
24.293 36.2576
24.294 28.5302
24.295 20.6806
24.296 12.7149
24.297 4.63914
24.298 -3.54134
24.299 -11.8224
24.3 -20.2011
24.301 -28.6751
24.302 -37.242
24.303 -45.8996
24.304 -54.6454
24.305 -63.4755
24.306 -72.3849
24.307 -81.3672
24.308 -90.4156
24.309 -99.5228
24.31 -108.682
24.311 -117.888
24.312 -127.135
24.313 -136.422
24.314 -145.743
24.315 -155.098
24.316 -164.484
24.317 -173.896
24.318 -183.329
24.319 -192.777
24.32 -202.233
24.321 -211.689
24.322 -221.138
24.323 -230.574
24.324 -239.993
24.325 -249.389
24.326 -258.76
24.327 -268.104
24.328 -277.418
24.329 -286.698
24.33 -295.939
24.331 -305.135
24.332 -314.274
24.333 -323.35
24.334 -332.353
24.335 -341.275
24.336 -350.111
24.337 -358.856
24.338 -367.507
24.339 -376.061
24.34 -384.514
24.341 -392.862
24.342 -401.102
24.343 -409.228
24.344 -417.231
24.345 -425.105
24.346 -432.843
24.347 -440.437
24.348 -447.884
24.349 -455.178
24.35 -462.319
24.351 -469.304
24.352 -476.131
24.353 -482.796
24.354 -489.296
24.355 -495.626
24.356 -501.779
24.357 -507.75
24.358 -513.53
24.359 -519.115
24.36 -524.5
24.361 -529.682
24.362 -534.661
24.363 -539.436
24.364 -544.007
24.365 -548.374
24.366 -552.535
24.367 -556.487
24.368 -560.226
24.369 -563.747
24.37 -567.045
24.371 -570.117
24.372 -572.96
24.373 -575.573
24.374 -577.955
24.375 -580.109
24.376 -582.034
24.377 -583.733
24.378 -585.204
24.379 -586.447
24.38 -587.46
24.381 -588.239
24.382 -588.78
24.383 -589.081
24.384 -589.14
24.385 -588.957
24.386 -588.532
24.387 -587.868
24.388 -586.968
24.389 -585.831
24.39 -584.461
24.391 -582.859
24.392 -581.025
24.393 -578.959
24.394 -576.661
24.395 -574.129
24.396 -571.363
24.397 -568.365
24.398 -565.137
24.399 -561.683
24.4 -558.007
24.401 -554.114
24.402 -550.006
24.403 -545.685
24.404 -541.154
24.405 -536.411
24.406 -531.457
24.407 -526.291
24.408 -520.912
24.409 -515.322
24.41 -509.524
24.411 -503.52
24.412 -497.316
24.413 -490.915
24.414 -484.322
24.415 -477.54
24.416 -470.571
24.417 -463.417
24.418 -456.077
24.419 -448.551
24.42 -440.84
24.421 -432.946
24.422 -424.871
24.423 -416.618
24.424 -408.194
24.425 -399.602
24.426 -390.848
24.427 -381.936
24.428 -372.868
24.429 -363.648
24.43 -354.275
24.431 -344.749
24.432 -335.071
24.433 -325.242
24.434 -315.262
24.435 -305.137
24.436 -294.87
24.437 -284.467
24.438 -273.934
24.439 -263.274
24.44 -252.491
24.441 -241.586
24.442 -230.562
24.443 -219.418
24.444 -208.154
24.445 -196.772
24.446 -185.275
24.447 -173.666
24.448 -161.95
24.449 -150.133
24.45 -138.221
24.451 -126.22
24.452 -114.135
24.453 -101.971
24.454 -89.7286
24.455 -77.4109
24.456 -65.019
24.457 -52.5549
24.458 -40.0218
24.459 -27.4244
24.46 -14.7687
24.461 -2.06161
24.462 10.6894
24.463 23.4773
24.464 36.2961
24.465 49.141
24.466 62.0086
24.467 74.8962
24.468 87.8019
24.469 100.723
24.47 113.656
24.471 126.597
24.472 139.538
24.473 152.473
24.474 165.393
24.475 178.291
24.476 191.161
24.477 203.996
24.478 216.793
24.479 229.547
24.48 242.258
24.481 254.922
24.482 267.537
24.483 280.096
24.484 292.595
24.485 305.025
24.486 317.38
24.487 329.651
24.488 341.832
24.489 353.917
24.49 365.901
24.491 377.783
24.492 389.56
24.493 401.233
24.494 412.798
24.495 424.253
24.496 435.593
24.497 446.811
24.498 457.903
24.499 468.859
24.5 479.676
24.501 490.348
24.502 500.872
24.503 511.247
24.504 521.472
24.505 531.547
24.506 541.471
24.507 551.243
24.508 560.858
24.509 570.314
24.51 579.604
24.511 588.722
24.512 597.665
24.513 606.427
24.514 615.008
24.515 623.407
24.516 631.625
24.517 639.661
24.518 647.519
24.519 655.196
24.52 662.693
24.521 670.005
24.522 677.127
24.523 684.055
24.524 690.784
24.525 697.311
24.526 703.635
24.527 709.756
24.528 715.676
24.529 721.396
24.53 726.919
24.531 732.245
24.532 737.374
24.533 742.304
24.534 747.032
24.535 751.555
24.536 755.87
24.537 759.974
24.538 763.867
24.539 767.55
24.54 771.026
24.541 774.297
24.542 777.364
24.543 780.227
24.544 782.887
24.545 785.341
24.546 787.588
24.547 789.623
24.548 791.446
24.549 793.052
24.55 794.442
24.551 795.616
24.552 796.573
24.553 797.316
24.554 797.846
24.555 798.166
24.556 798.275
24.557 798.173
24.558 797.859
24.559 797.33
24.56 796.583
24.561 795.617
24.562 794.43
24.563 793.021
24.564 791.39
24.565 789.539
24.566 787.47
24.567 785.185
24.568 782.687
24.569 779.976
24.57 777.051
24.571 773.912
24.572 770.557
24.573 766.987
24.574 763.202
24.575 759.202
24.576 754.991
24.577 750.572
24.578 745.948
24.579 741.124
24.58 736.102
24.581 730.886
24.582 725.475
24.583 719.871
24.584 714.073
24.585 708.08
24.586 701.895
24.587 695.518
24.588 688.951
24.589 682.2
24.59 675.268
24.591 668.16
24.592 660.882
24.593 653.437
24.594 645.828
24.595 638.057
24.596 630.124
24.597 622.031
24.598 613.778
24.599 605.368
24.6 596.805
24.601 588.093
24.602 579.237
24.603 570.245
24.604 561.121
24.605 551.869
24.606 542.494
24.607 532.997
24.608 523.38
24.609 513.644
24.61 503.792
24.611 493.824
24.612 483.748
24.613 473.569
24.614 463.292
24.615 452.926
24.616 442.476
24.617 431.949
24.618 421.348
24.619 410.677
24.62 399.94
24.621 389.137
24.622 378.272
24.623 367.349
24.624 356.371
24.625 345.345
24.626 334.278
24.627 323.177
24.628 312.048
24.629 300.899
24.63 289.734
24.631 278.557
24.632 267.371
24.633 256.179
24.634 244.984
24.635 233.789
24.636 222.599
24.637 211.42
24.638 200.258
24.639 189.122
24.64 178.017
24.641 166.952
24.642 155.931
24.643 144.959
24.644 134.039
24.645 123.174
24.646 112.368
24.647 101.622
24.648 90.943
24.649 80.335
24.65 69.8051
24.651 59.3598
24.652 49.0055
24.653 38.7479
24.654 28.5921
24.655 18.5422
24.656 8.60091
24.657 -1.2293
24.658 -10.9463
24.659 -20.5477
24.66 -30.0301
24.661 -39.3893
24.662 -48.62
24.663 -57.7163
24.664 -66.6724
24.665 -75.4827
24.666 -84.1424
24.667 -92.6479
24.668 -100.997
24.669 -109.187
24.67 -117.218
24.671 -125.087
24.672 -132.793
24.673 -140.331
24.674 -147.699
24.675 -154.89
24.676 -161.901
24.677 -168.726
24.678 -175.361
24.679 -181.804
24.68 -188.053
24.681 -194.107
24.682 -199.965
24.683 -205.628
24.684 -211.094
24.685 -216.361
24.686 -221.427
24.687 -226.288
24.688 -230.941
24.689 -235.381
24.69 -239.606
24.691 -243.615
24.692 -247.405
24.693 -250.978
24.694 -254.334
24.695 -257.475
24.696 -260.4
24.697 -263.109
24.698 -265.602
24.699 -267.876
24.7 -269.929
24.701 -271.757
24.702 -273.36
24.703 -274.737
24.704 -275.887
24.705 -276.811
24.706 -277.513
24.707 -277.994
24.708 -278.256
24.709 -278.3
24.71 -278.126
24.711 -277.734
24.712 -277.12
24.713 -276.284
24.714 -275.225
24.715 -273.943
24.716 -272.437
24.717 -270.712
24.718 -268.769
24.719 -266.612
24.72 -264.244
24.721 -261.666
24.722 -258.879
24.723 -255.882
24.724 -252.675
24.725 -249.257
24.726 -245.627
24.727 -241.785
24.728 -237.732
24.729 -233.472
24.73 -229.007
24.731 -224.342
24.732 -219.482
24.733 -214.432
24.734 -209.196
24.735 -203.774
24.736 -198.168
24.737 -192.378
24.738 -186.407
24.739 -180.254
24.74 -173.924
24.741 -167.421
24.742 -160.747
24.743 -153.909
24.744 -146.911
24.745 -139.758
24.746 -132.454
24.747 -125.001
24.748 -117.4
24.749 -109.654
24.75 -101.762
24.751 -93.7263
24.752 -85.5514
24.753 -77.2417
24.754 -68.8027
24.755 -60.2407
24.756 -51.5619
24.757 -42.7722
24.758 -33.8764
24.759 -24.8784
24.76 -15.781
24.761 -6.58592
24.762 2.70583
24.763 12.0923
24.764 21.5704
24.765 31.136
24.766 40.7836
24.767 50.5069
24.768 60.2995
24.769 70.1555
24.77 80.0697
24.771 90.0383
24.772 100.058
24.773 110.128
24.774 120.246
24.775 130.409
24.776 140.614
24.777 150.858
24.778 161.133
24.779 171.434
24.78 181.754
24.781 192.088
24.782 202.432
24.783 212.784
24.784 223.141
24.785 233.502
24.786 243.866
24.787 254.232
24.788 264.597
24.789 274.957
24.79 285.308
24.791 295.644
24.792 305.956
24.793 316.239
24.794 326.485
24.795 336.691
24.796 346.854
24.797 356.971
24.798 367.041
24.799 377.06
24.8 387.026
24.801 396.934
24.802 406.781
24.803 416.56
24.804 426.265
24.805 435.89
24.806 445.43
24.807 454.881
24.808 464.24
24.809 473.505
24.81 482.675
24.811 491.749
24.812 500.724
24.813 509.595
24.814 518.359
24.815 527.01
24.816 535.542
24.817 543.948
24.818 552.224
24.819 560.365
24.82 568.369
24.821 576.234
24.822 583.956
24.823 591.535
24.824 598.967
24.825 606.251
24.826 613.382
24.827 620.355
24.828 627.165
24.829 633.806
24.83 640.275
24.831 646.567
24.832 652.681
24.833 658.616
24.834 664.372
24.835 669.95
24.836 675.348
24.837 680.565
24.838 685.601
24.839 690.451
24.84 695.112
24.841 699.582
24.842 703.859
24.843 707.941
24.844 711.829
24.845 715.524
24.846 719.027
24.847 722.339
24.848 725.463
24.849 728.398
24.85 731.144
24.851 733.702
24.852 736.069
24.853 738.245
24.854 740.227
24.855 742.017
24.856 743.614
24.857 745.021
24.858 746.24
24.859 747.272
24.86 748.122
24.861 748.791
24.862 749.282
24.863 749.597
24.864 749.734
24.865 749.695
24.866 749.48
24.867 749.089
24.868 748.525
24.869 747.79
24.87 746.886
24.871 745.816
24.872 744.587
24.873 743.2
24.874 741.657
24.875 739.962
24.876 738.116
24.877 736.119
24.878 733.972
24.879 731.677
24.88 729.235
24.881 726.649
24.882 723.924
24.883 721.064
24.884 718.075
24.885 714.959
24.886 711.721
24.887 708.363
24.888 704.888
24.889 701.297
24.89 697.59
24.891 693.77
24.892 689.836
24.893 685.791
24.894 681.638
24.895 677.383
24.896 673.029
24.897 668.581
24.898 664.042
24.899 659.416
24.9 654.704
24.901 649.907
24.902 645.023
24.903 640.054
24.904 634.999
24.905 629.861
24.906 624.642
24.907 619.347
24.908 613.979
24.909 608.544
24.91 603.044
24.911 597.483
24.912 591.862
24.913 586.181
24.914 580.44
24.915 574.64
24.916 568.782
24.917 562.866
24.918 556.897
24.919 550.878
24.92 544.813
24.921 538.707
24.922 532.564
24.923 526.388
24.924 520.18
24.925 513.94
24.926 507.67
24.927 501.37
24.928 495.04
24.929 488.682
24.93 482.299
24.931 475.894
24.932 469.472
24.933 463.039
24.934 456.597
24.935 450.151
24.936 443.703
24.937 437.255
24.938 430.806
24.939 424.356
24.94 417.908
24.941 411.461
24.942 405.019
24.943 398.585
24.944 392.163
24.945 385.759
24.946 379.377
24.947 373.02
24.948 366.692
24.949 360.392
24.95 354.123
24.951 347.883
24.952 341.67
24.953 335.483
24.954 329.323
24.955 323.192
24.956 317.094
24.957 311.032
24.958 305.01
24.959 299.031
24.96 293.096
24.961 287.205
24.962 281.358
24.963 275.553
24.964 269.788
24.965 264.062
24.966 258.375
24.967 252.73
24.968 247.129
24.969 241.575
24.97 236.072
24.971 230.622
24.972 225.223
24.973 219.876
24.974 214.576
24.975 209.321
24.976 204.109
24.977 198.937
24.978 193.804
24.979 188.71
24.98 183.657
24.981 178.647
24.982 173.682
24.983 168.766
24.984 163.898
24.985 159.079
24.986 154.306
24.987 149.576
24.988 144.887
24.989 140.237
24.99 135.625
24.991 131.051
24.992 126.52
24.993 122.033
24.994 117.595
24.995 113.207
24.996 108.872
24.997 104.59
24.998 100.358
24.999 96.1742
25 92.0369
25.001 87.944
25.002 83.8948
25.003 79.89
25.004 75.9317
25.005 72.0227
25.006 68.1663
25.007 64.365
25.008 60.6203
25.009 56.9321
25.01 53.2991
25.011 49.7183
25.012 46.1857
25.013 42.6982
25.014 39.2539
25.015 35.8523
25.016 32.4944
25.017 29.1823
25.018 25.9185
25.019 22.7049
25.02 19.5426
25.021 16.4317
25.022 13.3712
25.023 10.3586
25.024 7.3909
25.025 4.46512
25.026 1.57924
25.027 -1.26745
25.028 -4.07407
25.029 -6.83855
25.03 -9.55809
25.031 -12.2308
25.032 -14.8559
25.033 -17.4339
25.034 -19.9666
25.035 -22.457
25.036 -24.9088
25.037 -27.3257
25.038 -29.7107
25.039 -32.0654
25.04 -34.3901
25.041 -36.6833
25.042 -38.942
25.043 -41.1639
25.044 -43.3471
25.045 -45.4913
25.046 -47.5977
25.047 -49.6689
25.048 -51.7081
25.049 -53.7188
25.05 -55.7039
25.051 -57.6655
25.052 -59.6047
25.053 -61.5211
25.054 -63.4131
25.055 -65.2789
25.056 -67.1172
25.057 -68.9277
25.058 -70.7119
25.059 -72.4726
25.06 -74.2137
25.061 -75.9381
25.062 -77.6473
25.063 -79.3425
25.064 -81.0236
25.065 -82.6894
25.066 -84.3375
25.067 -85.9654
25.068 -87.5709
25.069 -89.1527
25.07 -90.7107
25.071 -92.2461
25.072 -93.761
25.073 -95.2581
25.074 -96.7396
25.075 -98.207
25.076 -99.6608
25.077 -101.1
25.078 -102.522
25.079 -103.926
25.08 -105.308
25.081 -106.668
25.082 -108.004
25.083 -109.319
25.084 -110.613
25.085 -111.89
25.086 -113.153
25.087 -114.402
25.088 -115.639
25.089 -116.863
25.09 -118.073
25.091 -119.268
25.092 -120.447
25.093 -121.612
25.094 -122.762
25.095 -123.9
25.096 -125.028
25.097 -126.151
25.098 -127.272
25.099 -128.393
25.1 -129.517
25.101 -130.644
25.102 -131.773
25.103 -132.904
25.104 -134.035
25.105 -135.165
25.106 -136.295
25.107 -137.426
25.108 -138.559
25.109 -139.699
25.11 -140.847
25.111 -142.007
25.112 -143.18
25.113 -144.365
25.114 -145.564
25.115 -146.775
25.116 -147.996
25.117 -149.226
25.118 -150.466
25.119 -151.717
25.12 -152.98
25.121 -154.257
25.122 -155.553
25.123 -156.869
25.124 -158.208
25.125 -159.569
25.126 -160.953
25.127 -162.358
25.128 -163.783
25.129 -165.227
25.13 -166.689
25.131 -168.17
25.132 -169.672
25.133 -171.197
25.134 -172.748
25.135 -174.327
25.136 -175.936
25.137 -177.576
25.138 -179.247
25.139 -180.947
25.14 -182.675
25.141 -184.428
25.142 -186.204
25.143 -188
25.144 -189.817
25.145 -191.654
25.146 -193.515
25.147 -195.4
25.148 -197.31
25.149 -199.246
25.15 -201.206
25.151 -203.189
25.152 -205.192
25.153 -207.213
25.154 -209.25
25.155 -211.302
25.156 -213.367
25.157 -215.449
25.158 -217.547
25.159 -219.664
25.16 -221.802
25.161 -223.961
25.162 -226.139
25.163 -228.335
25.164 -230.545
25.165 -232.767
25.166 -234.996
25.167 -237.232
25.168 -239.474
25.169 -241.721
25.17 -243.974
25.171 -246.235
25.172 -248.505
25.173 -250.784
25.174 -253.071
25.175 -255.364
25.176 -257.66
25.177 -259.956
25.178 -262.25
25.179 -264.537
25.18 -266.819
25.181 -269.093
25.182 -271.362
25.183 -273.627
25.184 -275.888
25.185 -278.147
25.186 -280.401
25.187 -282.651
25.188 -284.893
25.189 -287.124
25.19 -289.341
25.191 -291.541
25.192 -293.724
25.193 -295.888
25.194 -298.036
25.195 -300.167
25.196 -302.283
25.197 -304.385
25.198 -306.473
25.199 -308.546
25.2 -310.6
25.201 -312.634
25.202 -314.644
25.203 -316.627
25.204 -318.583
25.205 -320.51
25.206 -322.41
25.207 -324.283
25.208 -326.132
25.209 -327.957
25.21 -329.758
25.211 -331.534
25.212 -333.281
25.213 -334.997
25.214 -336.678
25.215 -338.319
25.216 -339.921
25.217 -341.48
25.218 -342.999
25.219 -344.477
25.22 -345.916
25.221 -347.317
25.222 -348.681
25.223 -350.008
25.224 -351.296
25.225 -352.543
25.226 -353.745
25.227 -354.9
25.228 -356.007
25.229 -357.065
25.23 -358.074
25.231 -359.035
25.232 -359.951
25.233 -360.821
25.234 -361.647
25.235 -362.428
25.236 -363.161
25.237 -363.846
25.238 -364.478
25.239 -365.055
25.24 -365.574
25.241 -366.036
25.242 -366.44
25.243 -366.79
25.244 -367.087
25.245 -367.333
25.246 -367.529
25.247 -367.677
25.248 -367.776
25.249 -367.823
25.25 -367.817
25.251 -367.755
25.252 -367.635
25.253 -367.455
25.254 -367.216
25.255 -366.918
25.256 -366.564
25.257 -366.155
25.258 -365.694
25.259 -365.18
25.26 -364.613
25.261 -363.991
25.262 -363.312
25.263 -362.572
25.264 -361.769
25.265 -360.902
25.266 -359.971
25.267 -358.977
25.268 -357.923
25.269 -356.811
25.27 -355.644
25.271 -354.423
25.272 -353.148
25.273 -351.82
25.274 -350.437
25.275 -348.998
25.276 -347.499
25.277 -345.941
25.278 -344.324
25.279 -342.65
25.28 -340.922
25.281 -339.142
25.282 -337.313
25.283 -335.436
25.284 -333.512
25.285 -331.54
25.286 -329.519
25.287 -327.446
25.288 -325.32
25.289 -323.139
25.29 -320.903
25.291 -318.613
25.292 -316.271
25.293 -313.88
25.294 -311.442
25.295 -308.961
25.296 -306.435
25.297 -303.867
25.298 -301.254
25.299 -298.594
25.3 -295.886
25.301 -293.128
25.302 -290.318
25.303 -287.457
25.304 -284.545
25.305 -281.586
25.306 -278.58
25.307 -275.532
25.308 -272.44
25.309 -269.306
25.31 -266.129
25.311 -262.905
25.312 -259.633
25.313 -256.311
25.314 -252.936
25.315 -249.51
25.316 -246.033
25.317 -242.508
25.318 -238.937
25.319 -235.323
25.32 -231.667
25.321 -227.97
25.322 -224.234
25.323 -220.456
25.324 -216.636
25.325 -212.772
25.326 -208.863
25.327 -204.91
25.328 -200.913
25.329 -196.876
25.33 -192.803
25.331 -188.695
25.332 -184.554
25.333 -180.383
25.334 -176.179
25.335 -171.942
25.336 -167.671
25.337 -163.364
25.338 -159.019
25.339 -154.636
25.34 -150.216
25.341 -145.761
25.342 -141.276
25.343 -136.764
25.344 -132.228
25.345 -127.669
25.346 -123.089
25.347 -118.488
25.348 -113.864
25.349 -109.215
25.35 -104.542
25.351 -99.8447
25.352 -95.1243
25.353 -90.3836
25.354 -85.6261
25.355 -80.8556
25.356 -76.0754
25.357 -71.2877
25.358 -66.4938
25.359 -61.6936
25.36 -56.8863
25.361 -52.0706
25.362 -47.2458
25.363 -42.412
25.364 -37.5703
25.365 -32.7234
25.366 -27.8745
25.367 -23.0274
25.368 -18.1856
25.369 -13.3517
25.37 -8.52725
25.371 -3.71244
25.372 1.09342
25.373 5.89144
25.374 10.6826
25.375 15.467
25.376 20.2438
25.377 25.0107
25.378 29.7646
25.379 34.5019
25.38 39.2189
25.381 43.9135
25.382 48.5853
25.383 53.2344
25.384 57.8624
25.385 62.4708
25.386 67.0613
25.387 71.6347
25.388 76.1909
25.389 80.7286
25.39 85.2454
25.391 89.7377
25.392 94.2018
25.393 98.6347
25.394 103.035
25.395 107.401
25.396 111.735
25.397 116.037
25.398 120.31
25.399 124.553
25.4 128.767
25.401 132.95
25.402 137.099
25.403 141.21
25.404 145.28
25.405 149.306
25.406 153.287
25.407 157.22
25.408 161.108
25.409 164.952
25.41 168.753
25.411 172.512
25.412 176.23
25.413 179.905
25.414 183.535
25.415 187.117
25.416 190.648
25.417 194.124
25.418 197.544
25.419 200.907
25.42 204.213
25.421 207.466
25.422 210.667
25.423 213.82
25.424 216.926
25.425 219.985
25.426 222.995
25.427 225.954
25.428 228.86
25.429 231.71
25.43 234.503
25.431 237.239
25.432 239.92
25.433 242.547
25.434 245.124
25.435 247.654
25.436 250.138
25.437 252.578
25.438 254.972
25.439 257.319
25.44 259.617
25.441 261.862
25.442 264.052
25.443 266.186
25.444 268.265
25.445 270.29
25.446 272.265
25.447 274.192
25.448 276.073
25.449 277.909
25.45 279.699
25.451 281.442
25.452 283.137
25.453 284.781
25.454 286.372
25.455 287.911
25.456 289.398
25.457 290.836
25.458 292.228
25.459 293.576
25.46 294.886
25.461 296.157
25.462 297.39
25.463 298.583
25.464 299.734
25.465 300.84
25.466 301.899
25.467 302.911
25.468 303.875
25.469 304.794
25.47 305.67
25.471 306.508
25.472 307.31
25.473 308.08
25.474 308.819
25.475 309.526
25.476 310.199
25.477 310.838
25.478 311.44
25.479 312.005
25.48 312.533
25.481 313.026
25.482 313.485
25.483 313.913
25.484 314.31
25.485 314.681
25.486 315.024
25.487 315.34
25.488 315.627
25.489 315.882
25.49 316.102
25.491 316.285
25.492 316.43
25.493 316.539
25.494 316.611
25.495 316.649
25.496 316.657
25.497 316.637
25.498 316.589
25.499 316.514
25.5 316.41
25.501 316.274
25.502 316.101
25.503 315.89
25.504 315.638
25.505 315.345
25.506 315.013
25.507 314.641
25.508 314.234
25.509 313.793
25.51 313.32
25.511 312.813
25.512 312.267
25.513 311.678
25.514 311.042
25.515 310.354
25.516 309.611
25.517 308.812
25.518 307.956
25.519 307.045
25.52 306.08
25.521 305.063
25.522 303.996
25.523 302.878
25.524 301.706
25.525 300.478
25.526 299.188
25.527 297.834
25.528 296.412
25.529 294.921
25.53 293.363
25.531 291.739
25.532 290.051
25.533 288.303
25.534 286.496
25.535 284.629
25.536 282.702
25.537 280.711
25.538 278.653
25.539 276.524
25.54 274.321
25.541 272.044
25.542 269.693
25.543 267.27
25.544 264.777
25.545 262.218
25.546 259.595
25.547 256.909
25.548 254.159
25.549 251.342
25.55 248.456
25.551 245.498
25.552 242.469
25.553 239.368
25.554 236.198
25.555 232.962
25.556 229.664
25.557 226.308
25.558 222.898
25.559 219.436
25.56 215.923
25.561 212.359
25.562 208.74
25.563 205.065
25.564 201.333
25.565 197.543
25.566 193.697
25.567 189.797
25.568 185.847
25.569 181.851
25.57 177.813
25.571 173.734
25.572 169.613
25.573 165.45
25.574 161.242
25.575 156.987
25.576 152.682
25.577 148.327
25.578 143.923
25.579 139.472
25.58 134.976
25.581 130.442
25.582 125.871
25.583 121.268
25.584 116.634
25.585 111.968
25.586 107.269
25.587 102.535
25.588 97.7647
25.589 92.9572
25.59 88.1141
25.591 83.2375
25.592 78.3301
25.593 73.3959
25.594 68.4383
25.595 63.4601
25.596 58.4626
25.597 53.4455
25.598 48.4075
25.599 43.3463
25.6 38.2599
25.601 33.1479
25.602 28.0114
25.603 22.8532
25.604 17.677
25.605 12.4871
25.606 7.28785
25.607 2.08283
25.608 -3.12579
25.609 -8.33728
25.61 -13.5521
25.611 -18.7716
25.612 -23.9969
25.613 -29.2286
25.614 -34.4658
25.615 -39.7062
25.616 -44.9464
25.617 -50.1819
25.618 -55.4084
25.619 -60.6221
25.62 -65.8203
25.621 -71.0021
25.622 -76.1675
25.623 -81.3179
25.624 -86.4544
25.625 -91.5779
25.626 -96.6878
25.627 -101.782
25.628 -106.859
25.629 -111.912
25.63 -116.938
25.631 -121.932
25.632 -126.888
25.633 -131.804
25.634 -136.678
25.635 -141.51
25.636 -146.3
25.637 -151.048
25.638 -155.755
25.639 -160.417
25.64 -165.031
25.641 -169.593
25.642 -174.097
25.643 -178.54
25.644 -182.917
25.645 -187.225
25.646 -191.464
25.647 -195.635
25.648 -199.737
25.649 -203.773
25.65 -207.743
25.651 -211.646
25.652 -215.483
25.653 -219.25
25.654 -222.943
25.655 -226.559
25.656 -230.094
25.657 -233.547
25.658 -236.916
25.659 -240.204
25.66 -243.411
25.661 -246.542
25.662 -249.598
25.663 -252.583
25.664 -255.496
25.665 -258.336
25.666 -261.1
25.667 -263.785
25.668 -266.39
25.669 -268.911
25.67 -271.35
25.671 -273.71
25.672 -275.993
25.673 -278.205
25.674 -280.35
25.675 -282.432
25.676 -284.451
25.677 -286.408
25.678 -288.3
25.679 -290.127
25.68 -291.886
25.681 -293.575
25.682 -295.193
25.683 -296.74
25.684 -298.219
25.685 -299.634
25.686 -300.989
25.687 -302.286
25.688 -303.528
25.689 -304.712
25.69 -305.839
25.691 -306.905
25.692 -307.908
25.693 -308.846
25.694 -309.72
25.695 -310.53
25.696 -311.28
25.697 -311.974
25.698 -312.616
25.699 -313.211
25.7 -313.761
25.701 -314.265
25.702 -314.721
25.703 -315.126
25.704 -315.476
25.705 -315.768
25.706 -316
25.707 -316.173
25.708 -316.29
25.709 -316.353
25.71 -316.366
25.711 -316.333
25.712 -316.255
25.713 -316.131
25.714 -315.959
25.715 -315.738
25.716 -315.463
25.717 -315.132
25.718 -314.744
25.719 -314.298
25.72 -313.797
25.721 -313.245
25.722 -312.643
25.723 -311.996
25.724 -311.306
25.725 -310.574
25.726 -309.799
25.727 -308.978
25.728 -308.11
25.729 -307.19
25.73 -306.217
25.731 -305.191
25.732 -304.114
25.733 -302.989
25.734 -301.82
25.735 -300.611
25.736 -299.365
25.737 -298.082
25.738 -296.762
25.739 -295.405
25.74 -294.006
25.741 -292.564
25.742 -291.076
25.743 -289.543
25.744 -287.965
25.745 -286.346
25.746 -284.69
25.747 -283.001
25.748 -281.281
25.749 -279.534
25.75 -277.759
25.751 -275.956
25.752 -274.123
25.753 -272.259
25.754 -270.363
25.755 -268.434
25.756 -266.474
25.757 -264.487
25.758 -262.477
25.759 -260.448
25.76 -258.405
25.761 -256.351
25.762 -254.287
25.763 -252.214
25.764 -250.13
25.765 -248.034
25.766 -245.924
25.767 -243.8
25.768 -241.663
25.769 -239.517
25.77 -237.365
25.771 -235.212
25.772 -233.06
25.773 -230.913
25.774 -228.771
25.775 -226.635
25.776 -224.502
25.777 -222.371
25.778 -220.241
25.779 -218.109
25.78 -215.976
25.781 -213.844
25.782 -211.717
25.783 -209.597
25.784 -207.489
25.785 -205.396
25.786 -203.318
25.787 -201.256
25.788 -199.208
25.789 -197.174
25.79 -195.15
25.791 -193.135
25.792 -191.13
25.793 -189.135
25.794 -187.154
25.795 -185.19
25.796 -183.246
25.797 -181.326
25.798 -179.431
25.799 -177.562
25.8 -175.718
25.801 -173.896
25.802 -172.092
25.803 -170.305
25.804 -168.532
25.805 -166.775
25.806 -165.035
25.807 -163.315
25.808 -161.618
25.809 -159.947
25.81 -158.303
25.811 -156.687
25.812 -155.095
25.813 -153.527
25.814 -151.978
25.815 -150.445
25.816 -148.928
25.817 -147.425
25.818 -145.939
25.819 -144.471
25.82 -143.026
25.821 -141.605
25.822 -140.21
25.823 -138.842
25.824 -137.499
25.825 -136.178
25.826 -134.876
25.827 -133.59
25.828 -132.319
25.829 -131.06
25.83 -129.816
25.831 -128.589
25.832 -127.381
25.833 -126.195
25.834 -125.033
25.835 -123.896
25.836 -122.783
25.837 -121.69
25.838 -120.615
25.839 -119.554
25.84 -118.505
25.841 -117.468
25.842 -116.444
25.843 -115.436
25.844 -114.447
25.845 -113.481
25.846 -112.541
25.847 -111.627
25.848 -110.739
25.849 -109.875
25.85 -109.033
25.851 -108.209
25.852 -107.403
25.853 -106.613
25.854 -105.84
25.855 -105.086
25.856 -104.355
25.857 -103.65
25.858 -102.974
25.859 -102.328
25.86 -101.712
25.861 -101.124
25.862 -100.562
25.863 -100.023
25.864 -99.5045
25.865 -99.0052
25.866 -98.5256
25.867 -98.0677
25.868 -97.6344
25.869 -97.2289
25.87 -96.8541
25.871 -96.5107
25.872 -96.1978
25.873 -95.9131
25.874 -95.6532
25.875 -95.4146
25.876 -95.194
25.877 -94.9885
25.878 -94.7998
25.879 -94.6278
25.88 -94.4744
25.881 -94.3412
25.882 -94.2289
25.883 -94.1378
25.884 -94.0664
25.885 -94.0121
25.886 -93.9715
25.887 -93.9404
25.888 -93.915
25.889 -93.8927
25.89 -93.8717
25.891 -93.8527
25.892 -93.8377
25.893 -93.829
25.894 -93.8283
25.895 -93.8367
25.896 -93.8537
25.897 -93.8772
25.898 -93.9044
25.899 -93.9317
25.9 -93.9558
25.901 -93.975
25.902 -93.9894
25.903 -94.0003
25.904 -94.0099
25.905 -94.0211
25.906 -94.0364
25.907 -94.0573
25.908 -94.0842
25.909 -94.1159
25.91 -94.1503
25.911 -94.1845
25.912 -94.2159
25.913 -94.243
25.914 -94.265
25.915 -94.283
25.916 -94.299
25.917 -94.3158
25.918 -94.3359
25.919 -94.3613
25.92 -94.3925
25.921 -94.4295
25.922 -94.4715
25.923 -94.5167
25.924 -94.5631
25.925 -94.6092
25.926 -94.6548
25.927 -94.7009
25.928 -94.7496
25.929 -94.8041
25.93 -94.8676
25.931 -94.9429
25.932 -95.0317
25.933 -95.1345
25.934 -95.2503
25.935 -95.3776
25.936 -95.5142
25.937 -95.6586
25.938 -95.81
25.939 -95.9691
25.94 -96.1377
25.941 -96.3181
25.942 -96.5122
25.943 -96.722
25.944 -96.9488
25.945 -97.1915
25.946 -97.4515
25.947 -97.7255
25.948 -98.011
25.949 -98.3056
25.95 -98.6076
25.951 -98.9159
25.952 -99.2299
25.953 -99.5505
25.954 -99.8792
25.955 -100.218
25.956 -100.567
25.957 -100.926
25.958 -101.295
25.959 -101.671
25.96 -102.051
25.961 -102.431
25.962 -102.807
25.963 -103.176
25.964 -103.537
25.965 -103.891
25.966 -104.238
25.967 -104.579
25.968 -104.915
25.969 -105.246
25.97 -105.57
25.971 -105.885
25.972 -106.189
25.973 -106.479
25.974 -106.751
25.975 -107.003
25.976 -107.234
25.977 -107.444
25.978 -107.635
25.979 -107.81
25.98 -107.967
25.981 -108.109
25.982 -108.238
25.983 -108.352
25.984 -108.45
25.985 -108.53
25.986 -108.589
25.987 -108.625
25.988 -108.636
25.989 -108.625
25.99 -108.591
25.991 -108.539
25.992 -108.471
25.993 -108.392
25.994 -108.302
25.995 -108.203
25.996 -108.093
25.997 -107.971
25.998 -107.833
25.999 -107.68
26 -107.51
26.001 -107.325
26.002 -107.128
26.003 -106.923
26.004 -106.715
26.005 -106.507
26.006 -106.303
26.007 -106.103
26.008 -105.907
26.009 -105.714
26.01 -105.522
26.011 -105.331
26.012 -105.138
26.013 -104.944
26.014 -104.751
26.015 -104.563
26.016 -104.383
26.017 -104.215
26.018 -104.061
26.019 -103.923
26.02 -103.8
26.021 -103.689
26.022 -103.588
26.023 -103.492
26.024 -103.401
26.025 -103.313
26.026 -103.23
26.027 -103.154
26.028 -103.089
26.029 -103.038
26.03 -103.002
26.031 -102.983
26.032 -102.977
26.033 -102.982
26.034 -102.993
26.035 -103.008
26.036 -103.022
26.037 -103.035
26.038 -103.046
26.039 -103.059
26.04 -103.075
26.041 -103.097
26.042 -103.129
26.043 -103.171
26.044 -103.222
26.045 -103.281
26.046 -103.344
26.047 -103.407
26.048 -103.467
26.049 -103.524
26.05 -103.577
26.051 -103.629
26.052 -103.682
26.053 -103.737
26.054 -103.797
26.055 -103.863
26.056 -103.934
26.057 -104.008
26.058 -104.08
26.059 -104.148
26.06 -104.207
26.061 -104.256
26.062 -104.297
26.063 -104.333
26.064 -104.367
26.065 -104.404
26.066 -104.446
26.067 -104.495
26.068 -104.551
26.069 -104.615
26.07 -104.683
26.071 -104.752
26.072 -104.822
26.073 -104.89
26.074 -104.958
26.075 -105.028
26.076 -105.103
26.077 -105.186
26.078 -105.283
26.079 -105.394
26.08 -105.52
26.081 -105.661
26.082 -105.815
26.083 -105.979
26.084 -106.15
26.085 -106.328
26.086 -106.513
26.087 -106.706
26.088 -106.911
26.089 -107.131
26.09 -107.369
26.091 -107.63
26.092 -107.913
26.093 -108.218
26.094 -108.543
26.095 -108.886
26.096 -109.243
26.097 -109.614
26.098 -109.998
26.099 -110.396
26.1 -110.811
26.101 -111.247
26.102 -111.707
26.103 -112.195
26.104 -112.711
26.105 -113.255
26.106 -113.826
26.107 -114.42
26.108 -115.036
26.109 -115.67
26.11 -116.323
26.111 -116.993
26.112 -117.681
26.113 -118.388
26.114 -119.117
26.115 -119.868
26.116 -120.644
26.117 -121.442
26.118 -122.261
26.119 -123.097
26.12 -123.946
26.121 -124.803
26.122 -125.664
26.123 -126.528
26.124 -127.393
26.125 -128.261
26.126 -129.132
26.127 -130.009
26.128 -130.891
26.129 -131.777
26.13 -132.666
26.131 -133.553
26.132 -134.433
26.133 -135.302
26.134 -136.154
26.135 -136.989
26.136 -137.804
26.137 -138.601
26.138 -139.38
26.139 -140.144
26.14 -140.893
26.141 -141.627
26.142 -142.345
26.143 -143.045
26.144 -143.722
26.145 -144.373
26.146 -144.994
26.147 -145.582
26.148 -146.137
26.149 -146.66
26.15 -147.151
26.151 -147.615
26.152 -148.055
26.153 -148.472
26.154 -148.866
26.155 -149.237
26.156 -149.58
26.157 -149.892
26.158 -150.17
26.159 -150.412
26.16 -150.617
26.161 -150.789
26.162 -150.932
26.163 -151.05
26.164 -151.149
26.165 -151.232
26.166 -151.301
26.167 -151.356
26.168 -151.395
26.169 -151.416
26.17 -151.415
26.171 -151.394
26.172 -151.351
26.173 -151.289
26.174 -151.214
26.175 -151.13
26.176 -151.043
26.177 -150.955
26.178 -150.87
26.179 -150.787
26.18 -150.705
26.181 -150.621
26.182 -150.53
26.183 -150.428
26.184 -150.315
26.185 -150.191
26.186 -150.06
26.187 -149.926
26.188 -149.793
26.189 -149.664
26.19 -149.541
26.191 -149.422
26.192 -149.304
26.193 -149.182
26.194 -149.051
26.195 -148.906
26.196 -148.747
26.197 -148.572
26.198 -148.384
26.199 -148.187
26.2 -147.985
26.201 -147.78
26.202 -147.575
26.203 -147.371
26.204 -147.165
26.205 -146.953
26.206 -146.731
26.207 -146.494
26.208 -146.24
26.209 -145.97
26.21 -145.686
26.211 -145.394
26.212 -145.094
26.213 -144.793
26.214 -144.494
26.215 -144.196
26.216 -143.899
26.217 -143.598
26.218 -143.29
26.219 -142.97
26.22 -142.635
26.221 -142.286
26.222 -141.925
26.223 -141.558
26.224 -141.189
26.225 -140.824
26.226 -140.466
26.227 -140.117
26.228 -139.776
26.229 -139.44
26.23 -139.106
26.231 -138.769
26.232 -138.429
26.233 -138.084
26.234 -137.737
26.235 -137.392
26.236 -137.054
26.237 -136.728
26.238 -136.419
26.239 -136.128
26.24 -135.855
26.241 -135.598
26.242 -135.353
26.243 -135.117
26.244 -134.886
26.245 -134.66
26.246 -134.441
26.247 -134.233
26.248 -134.04
26.249 -133.867
26.25 -133.719
26.251 -133.596
26.252 -133.497
26.253 -133.418
26.254 -133.353
26.255 -133.299
26.256 -133.251
26.257 -133.207
26.258 -133.167
26.259 -133.133
26.26 -133.107
26.261 -133.096
26.262 -133.101
26.263 -133.122
26.264 -133.16
26.265 -133.21
26.266 -133.268
26.267 -133.329
26.268 -133.389
26.269 -133.445
26.27 -133.496
26.271 -133.543
26.272 -133.586
26.273 -133.627
26.274 -133.669
26.275 -133.711
26.276 -133.752
26.277 -133.787
26.278 -133.813
26.279 -133.823
26.28 -133.812
26.281 -133.775
26.282 -133.714
26.283 -133.628
26.284 -133.521
26.285 -133.396
26.286 -133.256
26.287 -133.102
26.288 -132.934
26.289 -132.75
26.29 -132.547
26.291 -132.321
26.292 -132.068
26.293 -131.788
26.294 -131.48
26.295 -131.143
26.296 -130.782
26.297 -130.401
26.298 -130.002
26.299 -129.589
26.3 -129.162
26.301 -128.721
26.302 -128.263
26.303 -127.786
26.304 -127.285
26.305 -126.759
26.306 -126.206
26.307 -125.629
26.308 -125.028
26.309 -124.408
26.31 -123.774
26.311 -123.127
26.312 -122.472
26.313 -121.809
26.314 -121.137
26.315 -120.453
26.316 -119.754
26.317 -119.039
26.318 -118.306
26.319 -117.557
26.32 -116.794
26.321 -116.021
26.322 -115.24
26.323 -114.453
26.324 -113.662
26.325 -112.867
26.326 -112.065
26.327 -111.255
26.328 -110.432
26.329 -109.593
26.33 -108.737
26.331 -107.861
26.332 -106.968
26.333 -106.059
26.334 -105.137
26.335 -104.206
26.336 -103.266
26.337 -102.318
26.338 -101.362
26.339 -100.394
26.34 -99.4103
26.341 -98.4086
26.342 -97.3861
26.343 -96.3417
26.344 -95.2759
26.345 -94.1909
26.346 -93.0895
26.347 -91.9745
26.348 -90.8483
26.349 -89.7117
26.35 -88.5638
26.351 -87.4024
26.352 -86.2244
26.353 -85.0263
26.354 -83.8055
26.355 -82.5607
26.356 -81.2922
26.357 -80.0018
26.358 -78.6922
26.359 -77.3666
26.36 -76.0276
26.361 -74.677
26.362 -73.3158
26.363 -71.9429
26.364 -70.5562
26.365 -69.1531
26.366 -67.7311
26.367 -66.2892
26.368 -64.8277
26.369 -63.3486
26.37 -61.8551
26.371 -60.3512
26.372 -58.8404
26.373 -57.3255
26.374 -55.8073
26.375 -54.2854
26.376 -52.7578
26.377 -51.2221
26.378 -49.6758
26.379 -48.1174
26.38 -46.5469
26.381 -44.9668
26.382 -43.3813
26.383 -41.7951
26.384 -40.2125
26.385 -38.6373
26.386 -37.0713
26.387 -35.5148
26.388 -33.9666
26.389 -32.4247
26.39 -30.8872
26.391 -29.3523
26.392 -27.8192
26.393 -26.2894
26.394 -24.7656
26.395 -23.2518
26.396 -21.7521
26.397 -20.2698
26.398 -18.8069
26.399 -17.3634
26.4 -15.938
26.401 -14.5272
26.402 -13.1269
26.403 -11.7341
26.404 -10.347
26.405 -8.96587
26.406 -7.59266
26.407 -6.23064
26.408 -4.88346
26.409 -3.55416
26.41 -2.24442
26.411 -0.954048
26.412 0.318996
26.413 1.57809
26.414 2.82712
26.415 4.06952
26.416 5.30745
26.417 6.54121
26.418 7.76928
26.419 8.98872
26.42 10.196
26.421 11.3878
26.422 12.5622
26.423 13.719
26.424 14.8598
26.425 15.9878
26.426 17.1069
26.427 18.2208
26.428 19.332
26.429 20.4414
26.43 21.5479
26.431 22.6496
26.432 23.7443
26.433 24.8295
26.434 25.9036
26.435 26.9665
26.436 28.0202
26.437 29.0678
26.438 30.1135
26.439 31.1617
26.44 32.2159
26.441 33.2781
26.442 34.3485
26.443 35.4257
26.444 36.5074
26.445 37.591
26.446 38.6746
26.447 39.7578
26.448 40.842
26.449 41.9299
26.45 43.0258
26.451 44.1325
26.452 45.2512
26.453 46.3828
26.454 47.5264
26.455 48.6797
26.456 49.8395
26.457 51.0023
26.458 52.1652
26.459 53.3264
26.46 54.4856
26.461 55.6438
26.462 56.8033
26.463 57.9666
26.464 59.1357
26.465 60.3116
26.466 61.4938
26.467 62.6805
26.468 63.8684
26.469 65.0542
26.47 66.2347
26.471 67.4078
26.472 68.5728
26.473 69.7306
26.474 70.883
26.475 72.0325
26.476 73.1815
26.477 74.3311
26.478 75.4813
26.479 76.6305
26.48 77.776
26.481 78.9134
26.482 80.0385
26.483 81.148
26.484 82.2402
26.485 83.3148
26.486 84.3733
26.487 85.4176
26.488 86.4497
26.489 87.4708
26.49 88.4807
26.491 89.4781
26.492 90.4609
26.493 91.426
26.494 92.3697
26.495 93.2893
26.496 94.1832
26.497 95.0514
26.498 95.8954
26.499 96.7177
26.5 97.521
26.501 98.3082
26.502 99.0817
26.503 99.8417
26.504 100.587
26.505 101.315
26.506 102.023
26.507 102.709
26.508 103.371
26.509 104.009
26.51 104.625
26.511 105.224
26.512 105.809
26.513 106.384
26.514 106.955
26.515 107.52
26.516 108.081
26.517 108.636
26.518 109.182
26.519 109.717
26.52 110.24
26.521 110.75
26.522 111.25
26.523 111.742
26.524 112.229
26.525 112.716
26.526 113.206
26.527 113.699
26.528 114.197
26.529 114.696
26.53 115.194
26.531 115.688
26.532 116.174
26.533 116.65
26.534 117.117
26.535 117.576
26.536 118.032
26.537 118.486
26.538 118.943
26.539 119.404
26.54 119.868
26.541 120.332
26.542 120.795
26.543 121.251
26.544 121.697
26.545 122.132
26.546 122.555
26.547 122.967
26.548 123.373
26.549 123.774
26.55 124.176
26.551 124.578
26.552 124.981
26.553 125.384
26.554 125.784
26.555 126.176
26.556 126.557
26.557 126.924
26.558 127.278
26.559 127.619
26.56 127.95
26.561 128.274
26.562 128.596
26.563 128.916
26.564 129.236
26.565 129.554
26.566 129.868
26.567 130.174
26.568 130.467
26.569 130.747
26.57 131.01
26.571 131.26
26.572 131.499
26.573 131.733
26.574 131.964
26.575 132.197
26.576 132.433
26.577 132.671
26.578 132.909
26.579 133.146
26.58 133.376
26.581 133.599
26.582 133.815
26.583 134.026
26.584 134.237
26.585 134.451
26.586 134.675
26.587 134.91
26.588 135.162
26.589 135.429
26.59 135.71
26.591 136.004
26.592 136.307
26.593 136.618
26.594 136.937
26.595 137.266
26.596 137.607
26.597 137.966
26.598 138.348
26.599 138.756
26.6 139.194
26.601 139.662
26.602 140.162
26.603 140.691
26.604 141.248
26.605 141.831
26.606 142.44
26.607 143.077
26.608 143.746
26.609 144.449
26.61 145.194
26.611 145.984
26.612 146.82
26.613 147.701
26.614 148.628
26.615 149.597
26.616 150.605
26.617 151.65
26.618 152.73
26.619 153.845
26.62 154.997
26.621 156.188
26.622 157.423
26.623 158.703
26.624 160.031
26.625 161.407
26.626 162.831
26.627 164.299
26.628 165.809
26.629 167.358
26.63 168.943
26.631 170.563
26.632 172.217
26.633 173.909
26.634 175.638
26.635 177.409
26.636 179.223
26.637 181.08
26.638 182.978
26.639 184.915
26.64 186.886
26.641 188.888
26.642 190.918
26.643 192.973
26.644 195.053
26.645 197.158
26.646 199.291
26.647 201.454
26.648 203.649
26.649 205.876
26.65 208.134
26.651 210.421
26.652 212.734
26.653 215.071
26.654 217.427
26.655 219.801
26.656 222.193
26.657 224.603
26.658 227.034
26.659 229.487
26.66 231.966
26.661 234.473
26.662 237.008
26.663 239.572
26.664 242.161
26.665 244.773
26.666 247.405
26.667 250.055
26.668 252.723
26.669 255.41
26.67 258.117
26.671 260.848
26.672 263.604
26.673 266.387
26.674 269.196
26.675 272.032
26.676 274.892
26.677 277.772
26.678 280.669
26.679 283.58
26.68 286.504
26.681 289.44
26.682 292.39
26.683 295.354
26.684 298.337
26.685 301.338
26.686 304.359
26.687 307.399
26.688 310.456
26.689 313.527
26.69 316.607
26.691 319.694
26.692 322.784
26.693 325.875
26.694 328.968
26.695 332.063
26.696 335.163
26.697 338.268
26.698 341.38
26.699 344.497
26.7 347.616
26.701 350.733
26.702 353.84
26.703 356.933
26.704 360.006
26.705 363.056
26.706 366.082
26.707 369.084
26.708 372.063
26.709 375.02
26.71 377.953
26.711 380.862
26.712 383.74
26.713 386.583
26.714 389.382
26.715 392.132
26.716 394.828
26.717 397.466
26.718 400.044
26.719 402.562
26.72 405.019
26.721 407.417
26.722 409.755
26.723 412.031
26.724 414.241
26.725 416.38
26.726 418.442
26.727 420.42
26.728 422.31
26.729 424.107
26.73 425.81
26.731 427.419
26.732 428.937
26.733 430.365
26.734 431.704
26.735 432.953
26.736 434.111
26.737 435.172
26.738 436.133
26.739 436.988
26.74 437.732
26.741 438.364
26.742 438.883
26.743 439.292
26.744 439.593
26.745 439.789
26.746 439.883
26.747 439.876
26.748 439.766
26.749 439.55
26.75 439.225
26.751 438.787
26.752 438.236
26.753 437.568
26.754 436.786
26.755 435.891
26.756 434.888
26.757 433.779
26.758 432.569
26.759 431.261
26.76 429.853
26.761 428.347
26.762 426.738
26.763 425.026
26.764 423.207
26.765 421.282
26.766 419.25
26.767 417.115
26.768 414.88
26.769 412.549
26.77 410.128
26.771 407.617
26.772 405.019
26.773 402.33
26.774 399.55
26.775 396.675
26.776 393.704
26.777 390.635
26.778 387.468
26.779 384.207
26.78 380.853
26.781 377.411
26.782 373.886
26.783 370.279
26.784 366.593
26.785 362.826
26.786 358.979
26.787 355.047
26.788 351.03
26.789 346.926
26.79 342.735
26.791 338.459
26.792 334.101
26.793 329.663
26.794 325.149
26.795 320.563
26.796 315.906
26.797 311.177
26.798 306.377
26.799 301.501
26.8 296.549
26.801 291.519
26.802 286.414
26.803 281.237
26.804 275.991
26.805 270.681
26.806 265.313
26.807 259.891
26.808 254.417
26.809 248.894
26.81 243.321
26.811 237.7
26.812 232.028
26.813 226.307
26.814 220.537
26.815 214.722
26.816 208.864
26.817 202.97
26.818 197.045
26.819 191.092
26.82 185.117
26.821 179.122
26.822 173.111
26.823 167.086
26.824 161.047
26.825 154.996
26.826 148.935
26.827 142.867
26.828 136.797
26.829 130.731
26.83 124.676
26.831 118.636
26.832 112.617
26.833 106.622
26.834 100.653
26.835 94.7118
26.836 88.7988
26.837 82.9148
26.838 77.0613
26.839 71.2407
26.84 65.4566
26.841 59.7147
26.842 54.0214
26.843 48.3832
26.844 42.8054
26.845 37.2926
26.846 31.8474
26.847 26.4718
26.848 21.1667
26.849 15.9329
26.85 10.772
26.851 5.68517
26.852 0.673929
26.853 -4.25825
26.854 -9.10694
26.855 -13.8674
26.856 -18.5352
26.857 -23.1069
26.858 -27.5805
26.859 -31.9553
26.86 -36.232
26.861 -40.4114
26.862 -44.4943
26.863 -48.4808
26.864 -52.3696
26.865 -56.158
26.866 -59.8424
26.867 -63.4184
26.868 -66.8821
26.869 -70.2304
26.87 -73.4614
26.871 -76.5761
26.872 -79.5778
26.873 -82.4696
26.874 -85.2546
26.875 -87.9348
26.876 -90.5107
26.877 -92.9814
26.878 -95.345
26.879 -97.5987
26.88 -99.7402
26.881 -101.768
26.882 -103.683
26.883 -105.485
26.884 -107.179
26.885 -108.767
26.886 -110.254
26.887 -111.643
26.888 -112.934
26.889 -114.128
26.89 -115.224
26.891 -116.219
26.892 -117.109
26.893 -117.894
26.894 -118.572
26.895 -119.144
26.896 -119.614
26.897 -119.984
26.898 -120.26
26.899 -120.443
26.9 -120.536
26.901 -120.54
26.902 -120.452
26.903 -120.269
26.904 -119.991
26.905 -119.614
26.906 -119.141
26.907 -118.57
26.908 -117.905
26.909 -117.149
26.91 -116.307
26.911 -115.383
26.912 -114.379
26.913 -113.297
26.914 -112.137
26.915 -110.896
26.916 -109.572
26.917 -108.165
26.918 -106.673
26.919 -105.098
26.92 -103.443
26.921 -101.713
26.922 -99.9152
26.923 -98.0559
26.924 -96.14
26.925 -94.1705
26.926 -92.1487
26.927 -90.0743
26.928 -87.9466
26.929 -85.765
26.93 -83.5301
26.931 -81.2446
26.932 -78.9128
26.933 -76.5406
26.934 -74.1348
26.935 -71.7018
26.936 -69.2472
26.937 -66.7746
26.938 -64.2859
26.939 -61.7814
26.94 -59.2605
26.941 -56.7233
26.942 -54.1714
26.943 -51.6079
26.944 -49.0376
26.945 -46.4666
26.946 -43.9022
26.947 -41.3515
26.948 -38.8206
26.949 -36.3143
26.95 -33.8353
26.951 -31.3842
26.952 -28.9602
26.953 -26.5625
26.954 -24.1915
26.955 -21.8489
26.956 -19.5386
26.957 -17.2659
26.958 -15.0373
26.959 -12.8593
26.96 -10.7376
26.961 -8.67642
26.962 -6.67798
26.963 -4.74277
26.964 -2.87011
26.965 -1.05904
26.966 0.690758
26.967 2.37812
26.968 4.00008
26.969 5.5519
26.97 7.02766
26.971 8.42108
26.972 9.72654
26.973 10.9398
26.974 12.0585
26.975 13.0822
26.976 14.0117
26.977 14.8485
26.978 15.5935
26.979 16.2463
26.98 16.8049
26.981 17.267
26.982 17.6295
26.983 17.8885
26.984 18.04
26.985 18.0821
26.986 18.011
26.987 17.8286
26.988 17.5369
26.989 17.1388
26.99 16.6389
26.991 16.0375
26.992 15.3387
26.993 14.5429
26.994 13.6492
26.995 12.6552
26.996 11.5586
26.997 10.3576
26.998 9.05188
26.999 7.64302
27 6.1343
27.001 4.53028
27.002 2.83598
27.003 1.05589
27.004 -0.80678
27.005 -2.75055
27.006 -4.77567
27.007 -6.88365
27.008 -9.07647
27.009 -11.3557
27.01 -13.7214
27.011 -16.173
27.012 -18.7082
27.013 -21.3231
27.014 -24.013
27.015 -26.7735
27.016 -29.601
27.017 -32.4937
27.018 -35.4513
27.019 -38.4752
27.02 -41.5676
27.021 -44.7311
27.022 -47.968
27.023 -51.2786
27.024 -54.6612
27.025 -58.1125
27.026 -61.628
27.027 -65.2031
27.028 -68.8342
27.029 -72.5191
27.03 -76.2572
27.031 -80.0494
27.032 -83.8969
27.033 -87.8015
27.034 -91.7644
27.035 -95.7854
27.036 -99.8626
27.037 -103.992
27.038 -108.169
27.039 -112.388
27.04 -116.644
27.041 -120.934
27.042 -125.256
27.043 -129.609
27.044 -133.994
27.045 -138.414
27.046 -142.869
27.047 -147.359
27.048 -151.883
27.049 -156.437
27.05 -161.015
27.051 -165.613
27.052 -170.223
27.053 -174.841
27.054 -179.463
27.055 -184.087
27.056 -188.715
27.057 -193.347
27.058 -197.984
27.059 -202.626
27.06 -207.27
27.061 -211.914
27.062 -216.551
27.063 -221.175
27.064 -225.78
27.065 -230.36
27.066 -234.912
27.067 -239.435
27.068 -243.927
27.069 -248.391
27.07 -252.827
27.071 -257.235
27.072 -261.612
27.073 -265.954
27.074 -270.256
27.075 -274.51
27.076 -278.711
27.077 -282.852
27.078 -286.929
27.079 -290.94
27.08 -294.884
27.081 -298.764
27.082 -302.581
27.083 -306.338
27.084 -310.035
27.085 -313.669
27.086 -317.237
27.087 -320.733
27.088 -324.153
27.089 -327.49
27.09 -330.743
27.091 -333.911
27.092 -336.993
27.093 -339.994
27.094 -342.915
27.095 -345.759
27.096 -348.528
27.097 -351.22
27.098 -353.831
27.099 -356.359
27.1 -358.796
27.101 -361.141
27.102 -363.393
27.103 -365.553
27.104 -367.623
27.105 -369.606
27.106 -371.509
27.107 -373.333
27.108 -375.083
27.109 -376.759
27.11 -378.359
27.111 -379.881
27.112 -381.322
27.113 -382.676
27.114 -383.944
27.115 -385.124
27.116 -386.219
27.117 -387.232
27.118 -388.169
27.119 -389.032
27.12 -389.825
27.121 -390.549
27.122 -391.203
27.123 -391.784
27.124 -392.289
27.125 -392.715
27.126 -393.061
27.127 -393.325
27.128 -393.51
27.129 -393.619
27.13 -393.659
27.131 -393.632
27.132 -393.546
27.133 -393.402
27.134 -393.2
27.135 -392.939
27.136 -392.616
27.137 -392.231
27.138 -391.78
27.139 -391.265
27.14 -390.688
27.141 -390.052
27.142 -389.359
27.143 -388.614
27.144 -387.819
27.145 -386.978
27.146 -386.091
27.147 -385.156
27.148 -384.172
27.149 -383.134
27.15 -382.04
27.151 -380.889
27.152 -379.68
27.153 -378.417
27.154 -377.103
27.155 -375.741
27.156 -374.337
27.157 -372.893
27.158 -371.409
27.159 -369.886
27.16 -368.321
27.161 -366.711
27.162 -365.051
27.163 -363.34
27.164 -361.576
27.165 -359.762
27.166 -357.899
27.167 -355.992
27.168 -354.046
27.169 -352.062
27.17 -350.042
27.171 -347.987
27.172 -345.897
27.173 -343.769
27.174 -341.603
27.175 -339.395
27.176 -337.147
27.177 -334.861
27.178 -332.539
27.179 -330.188
27.18 -327.811
27.181 -325.416
27.182 -323.006
27.183 -320.583
27.184 -318.15
27.185 -315.703
27.186 -313.243
27.187 -310.768
27.188 -308.278
27.189 -305.775
27.19 -303.263
27.191 -300.746
27.192 -298.23
27.193 -295.72
27.194 -293.219
27.195 -290.731
27.196 -288.254
27.197 -285.79
27.198 -283.335
27.199 -280.888
27.2 -278.447
27.201 -276.016
27.202 -273.596
27.203 -271.193
27.204 -268.814
27.205 -266.463
27.206 -264.145
27.207 -261.864
27.208 -259.62
27.209 -257.414
27.21 -255.244
27.211 -253.107
27.212 -251
27.213 -248.924
27.214 -246.878
27.215 -244.867
27.216 -242.895
27.217 -240.966
27.218 -239.086
27.219 -237.255
27.22 -235.475
27.221 -233.743
27.222 -232.058
27.223 -230.415
27.224 -228.811
27.225 -227.246
27.226 -225.721
27.227 -224.236
27.228 -222.798
27.229 -221.409
27.23 -220.075
27.231 -218.797
27.232 -217.572
27.233 -216.398
27.234 -215.27
27.235 -214.183
27.236 -213.134
27.237 -212.119
27.238 -211.138
27.239 -210.191
27.24 -209.281
27.241 -208.412
27.242 -207.587
27.243 -206.808
27.244 -206.075
27.245 -205.385
27.246 -204.735
27.247 -204.12
27.248 -203.537
27.249 -202.981
27.25 -202.452
27.251 -201.953
27.252 -201.486
27.253 -201.056
27.254 -200.668
27.255 -200.324
27.256 -200.025
27.257 -199.769
27.258 -199.553
27.259 -199.372
27.26 -199.223
27.261 -199.105
27.262 -199.016
27.263 -198.96
27.264 -198.94
27.265 -198.961
27.266 -199.027
27.267 -199.141
27.268 -199.306
27.269 -199.52
27.27 -199.782
27.271 -200.086
27.272 -200.43
27.273 -200.813
27.274 -201.232
27.275 -201.69
27.276 -202.189
27.277 -202.734
27.278 -203.329
27.279 -203.977
27.28 -204.681
27.281 -205.439
27.282 -206.249
27.283 -207.104
27.284 -208.002
27.285 -208.938
27.286 -209.911
27.287 -210.92
27.288 -211.967
27.289 -213.057
27.29 -214.193
27.291 -215.376
27.292 -216.607
27.293 -217.884
27.294 -219.204
27.295 -220.561
27.296 -221.95
27.297 -223.367
27.298 -224.808
27.299 -226.273
27.3 -227.762
27.301 -229.278
27.302 -230.823
27.303 -232.4
27.304 -234.008
27.305 -235.647
27.306 -237.314
27.307 -239.002
27.308 -240.708
27.309 -242.425
27.31 -244.15
27.311 -245.883
27.312 -247.622
27.313 -249.37
27.314 -251.13
27.315 -252.904
27.316 -254.692
27.317 -256.494
27.318 -258.307
27.319 -260.126
27.32 -261.946
27.321 -263.761
27.322 -265.567
27.323 -267.363
27.324 -269.148
27.325 -270.924
27.326 -272.694
27.327 -274.459
27.328 -276.221
27.329 -277.98
27.33 -279.733
27.331 -281.477
27.332 -283.207
27.333 -284.919
27.334 -286.61
27.335 -288.278
27.336 -289.923
27.337 -291.545
27.338 -293.15
27.339 -294.738
27.34 -296.313
27.341 -297.876
27.342 -299.428
27.343 -300.966
27.344 -302.487
27.345 -303.987
27.346 -305.463
27.347 -306.913
27.348 -308.338
27.349 -309.738
27.35 -311.119
27.351 -312.482
27.352 -313.832
27.353 -315.172
27.354 -316.501
27.355 -317.818
27.356 -319.12
27.357 -320.403
27.358 -321.665
27.359 -322.902
27.36 -324.116
27.361 -325.305
27.362 -326.473
27.363 -327.623
27.364 -328.757
27.365 -329.878
27.366 -330.986
27.367 -332.08
27.368 -333.157
27.369 -334.212
27.37 -335.243
27.371 -336.244
27.372 -337.215
27.373 -338.153
27.374 -339.06
27.375 -339.939
27.376 -340.792
27.377 -341.622
27.378 -342.43
27.379 -343.213
27.38 -343.969
27.381 -344.693
27.382 -345.382
27.383 -346.031
27.384 -346.636
27.385 -347.198
27.386 -347.718
27.387 -348.197
27.388 -348.639
27.389 -349.047
27.39 -349.421
27.391 -349.76
27.392 -350.061
27.393 -350.319
27.394 -350.529
27.395 -350.686
27.396 -350.787
27.397 -350.83
27.398 -350.817
27.399 -350.748
27.4 -350.626
27.401 -350.454
27.402 -350.238
27.403 -349.977
27.404 -349.67
27.405 -349.315
27.406 -348.908
27.407 -348.445
27.408 -347.922
27.409 -347.339
27.41 -346.698
27.411 -346.002
27.412 -345.255
27.413 -344.462
27.414 -343.627
27.415 -342.752
27.416 -341.835
27.417 -340.875
27.418 -339.869
27.419 -338.811
27.42 -337.7
27.421 -336.535
27.422 -335.316
27.423 -334.046
27.424 -332.731
27.425 -331.376
27.426 -329.983
27.427 -328.557
27.428 -327.096
27.429 -325.6
27.43 -324.066
27.431 -322.488
27.432 -320.863
27.433 -319.189
27.434 -317.465
27.435 -315.694
27.436 -313.881
27.437 -312.029
27.438 -310.142
27.439 -308.225
27.44 -306.276
27.441 -304.294
27.442 -302.274
27.443 -300.211
27.444 -298.099
27.445 -295.937
27.446 -293.722
27.447 -291.457
27.448 -289.145
27.449 -286.791
27.45 -284.398
27.451 -281.969
27.452 -279.499
27.453 -276.987
27.454 -274.427
27.455 -271.813
27.456 -269.138
27.457 -266.399
27.458 -263.595
27.459 -260.725
27.46 -257.791
27.461 -254.797
27.462 -251.748
27.463 -248.646
27.464 -245.49
27.465 -242.279
27.466 -239.009
27.467 -235.673
27.468 -232.268
27.469 -228.788
27.47 -225.234
27.471 -221.604
27.472 -217.903
27.473 -214.135
27.474 -210.303
27.475 -206.411
27.476 -202.46
27.477 -198.449
27.478 -194.374
27.479 -190.229
27.48 -186.012
27.481 -181.717
27.482 -177.342
27.483 -172.889
27.484 -168.359
27.485 -163.758
27.486 -159.09
27.487 -154.359
27.488 -149.567
27.489 -144.712
27.49 -139.794
27.491 -134.807
27.492 -129.75
27.493 -124.618
27.494 -119.41
27.495 -114.127
27.496 -108.773
27.497 -103.352
27.498 -97.8702
27.499 -92.3315
27.5 -86.7396
27.501 -81.0958
27.502 -75.399
27.503 -69.6467
27.504 -63.8354
27.505 -57.9621
27.506 -52.0254
27.507 -46.026
27.508 -39.9668
27.509 -33.8526
27.51 -27.689
27.511 -21.4807
27.512 -15.2306
27.513 -8.93999
27.514 -2.60788
27.515 3.76833
27.516 10.1921
27.517 16.6668
27.518 23.1944
27.519 29.7749
27.52 36.4061
27.521 43.0834
27.522 49.8007
27.523 56.552
27.524 63.3328
27.525 70.1406
27.526 76.9748
27.527 83.8372
27.528 90.7303
27.529 97.6569
27.53 104.618
27.531 111.615
27.532 118.646
27.533 125.706
27.534 132.792
27.535 139.896
27.536 147.015
27.537 154.145
27.538 161.286
27.539 168.439
27.54 175.608
27.541 182.794
27.542 189.999
27.543 197.222
27.544 204.463
27.545 211.717
27.546 218.977
27.547 226.239
27.548 233.496
27.549 240.745
27.55 247.983
27.551 255.21
27.552 262.429
27.553 269.642
27.554 276.85
27.555 284.054
27.556 291.253
27.557 298.442
27.558 305.616
27.559 312.769
27.56 319.896
27.561 326.991
27.562 334.051
27.563 341.075
27.564 348.063
27.565 355.017
27.566 361.939
27.567 368.829
27.568 375.687
27.569 382.508
27.57 389.287
27.571 396.018
27.572 402.694
27.573 409.31
27.574 415.863
27.575 422.35
27.576 428.773
27.577 435.133
27.578 441.434
27.579 447.675
27.58 453.857
27.581 459.977
27.582 466.033
27.583 472.019
27.584 477.929
27.585 483.761
27.586 489.509
27.587 495.173
27.588 500.755
27.589 506.257
27.59 511.682
27.591 517.032
27.592 522.308
27.593 527.508
27.594 532.628
27.595 537.664
27.596 542.611
27.597 547.463
27.598 552.218
27.599 556.874
27.6 561.431
27.601 565.894
27.602 570.265
27.603 574.548
27.604 578.746
27.605 582.858
27.606 586.884
27.607 590.818
27.608 594.658
27.609 598.399
27.61 602.039
27.611 605.576
27.612 609.011
27.613 612.347
27.614 615.586
27.615 618.733
27.616 621.79
27.617 624.759
27.618 627.637
27.619 630.423
27.62 633.111
27.621 635.698
27.622 638.178
27.623 640.549
27.624 642.812
27.625 644.968
27.626 647.022
27.627 648.976
27.628 650.834
27.629 652.598
27.63 654.267
27.631 655.839
27.632 657.31
27.633 658.678
27.634 659.938
27.635 661.09
27.636 662.134
27.637 663.072
27.638 663.909
27.639 664.649
27.64 665.297
27.641 665.857
27.642 666.329
27.643 666.712
27.644 667.004
27.645 667.201
27.646 667.302
27.647 667.303
27.648 667.205
27.649 667.012
27.65 666.727
27.651 666.355
27.652 665.902
27.653 665.371
27.654 664.765
27.655 664.083
27.656 663.322
27.657 662.481
27.658 661.556
27.659 660.546
27.66 659.45
27.661 658.271
27.662 657.013
27.663 655.681
27.664 654.281
27.665 652.817
27.666 651.293
27.667 649.709
27.668 648.064
27.669 646.355
27.67 644.581
27.671 642.739
27.672 640.83
27.673 638.854
27.674 636.817
27.675 634.723
27.676 632.579
27.677 630.389
27.678 628.157
27.679 625.885
27.68 623.572
27.681 621.215
27.682 618.811
27.683 616.357
27.684 613.852
27.685 611.297
27.686 608.696
27.687 606.052
27.688 603.372
27.689 600.66
27.69 597.92
27.691 595.154
27.692 592.358
27.693 589.53
27.694 586.666
27.695 583.762
27.696 580.817
27.697 577.83
27.698 574.805
27.699 571.744
27.7 568.654
27.701 565.539
27.702 562.402
27.703 559.244
27.704 556.065
27.705 552.862
27.706 549.63
27.707 546.367
27.708 543.07
27.709 539.739
27.71 536.376
27.711 532.985
27.712 529.571
27.713 526.138
27.714 522.692
27.715 519.232
27.716 515.76
27.717 512.273
27.718 508.767
27.719 505.239
27.72 501.686
27.721 498.108
27.722 494.506
27.723 490.884
27.724 487.246
27.725 483.598
27.726 479.945
27.727 476.287
27.728 472.627
27.729 468.961
27.73 465.287
27.731 461.602
27.732 457.904
27.733 454.193
27.734 450.471
27.735 446.741
27.736 443.009
27.737 439.28
27.738 435.56
27.739 431.851
27.74 428.155
27.741 424.471
27.742 420.796
27.743 417.125
27.744 413.456
27.745 409.788
27.746 406.121
27.747 402.458
27.748 398.804
27.749 395.164
27.75 391.542
27.751 387.942
27.752 384.365
27.753 380.808
27.754 377.27
27.755 373.748
27.756 370.237
27.757 366.736
27.758 363.245
27.759 359.766
27.76 356.304
27.761 352.863
27.762 349.447
27.763 346.057
27.764 342.695
27.765 339.359
27.766 336.046
27.767 332.753
27.768 329.475
27.769 326.21
27.77 322.957
27.771 319.716
27.772 316.491
27.773 313.285
27.774 310.102
27.775 306.946
27.776 303.816
27.777 300.713
27.778 297.634
27.779 294.574
27.78 291.529
27.781 288.497
27.782 285.476
27.783 282.466
27.784 279.47
27.785 276.491
27.786 273.534
27.787 270.6
27.788 267.692
27.789 264.809
27.79 261.949
27.791 259.107
27.792 256.279
27.793 253.458
27.794 250.644
27.795 247.834
27.796 245.031
27.797 242.237
27.798 239.455
27.799 236.689
27.8 233.94
27.801 231.207
27.802 228.49
27.803 225.784
27.804 223.085
27.805 220.389
27.806 217.693
27.807 214.996
27.808 212.3
27.809 209.608
27.81 206.922
27.811 204.249
27.812 201.589
27.813 198.943
27.814 196.31
27.815 193.687
27.816 191.069
27.817 188.451
27.818 185.832
27.819 183.209
27.82 180.584
27.821 177.957
27.822 175.332
27.823 172.712
27.824 170.098
27.825 167.491
27.826 164.891
27.827 162.293
27.828 159.692
27.829 157.085
27.83 154.467
27.831 151.836
27.832 149.192
27.833 146.539
27.834 143.878
27.835 141.215
27.836 138.552
27.837 135.889
27.838 133.228
27.839 130.565
27.84 127.896
27.841 125.218
27.842 122.527
27.843 119.821
27.844 117.1
27.845 114.365
27.846 111.62
27.847 108.869
27.848 106.114
27.849 103.359
27.85 100.601
27.851 97.8416
27.852 95.077
27.853 92.3043
27.854 89.5207
27.855 86.7244
27.856 83.9153
27.857 81.0951
27.858 78.2674
27.859 75.4362
27.86 72.6056
27.861 69.7787
27.862 66.9566
27.863 64.1388
27.864 61.3233
27.865 58.5068
27.866 55.6864
27.867 52.8599
27.868 50.0269
27.869 47.1887
27.87 44.3485
27.871 41.5101
27.872 38.6779
27.873 35.8551
27.874 33.0434
27.875 30.2428
27.876 27.4514
27.877 24.6663
27.878 21.8843
27.879 19.103
27.88 16.3216
27.881 13.5408
27.882 10.7634
27.883 7.9932
27.884 5.23439
27.885 2.4905
27.886 -0.236313
27.887 -2.94576
27.888 -5.63933
27.889 -8.31979
27.89 -10.9904
27.891 -13.653
27.892 -16.308
27.893 -18.954
27.894 -21.5881
27.895 -24.2062
27.896 -26.8037
27.897 -29.3764
27.898 -31.9215
27.899 -34.4379
27.9 -36.9262
27.901 -39.3882
27.902 -41.8264
27.903 -44.243
27.904 -46.6388
27.905 -49.0133
27.906 -51.3639
27.907 -53.6869
27.908 -55.9778
27.909 -58.2326
27.91 -60.4482
27.911 -62.6238
27.912 -64.761
27.913 -66.8625
27.914 -68.9314
27.915 -70.971
27.916 -72.9831
27.917 -74.968
27.918 -76.9243
27.919 -78.8493
27.92 -80.7391
27.921 -82.5899
27.922 -84.398
27.923 -86.1617
27.924 -87.8815
27.925 -89.5592
27.926 -91.1979
27.927 -92.8003
27.928 -94.3686
27.929 -95.9032
27.93 -97.4029
27.931 -98.8651
27.932 -100.287
27.933 -101.665
27.934 -102.997
27.935 -104.282
27.936 -105.52
27.937 -106.712
27.938 -107.864
27.939 -108.978
27.94 -110.057
27.941 -111.104
27.942 -112.118
27.943 -113.097
27.944 -114.04
27.945 -114.943
27.946 -115.803
27.947 -116.618
27.948 -117.39
27.949 -118.12
27.95 -118.811
27.951 -119.468
27.952 -120.093
27.953 -120.69
27.954 -121.259
27.955 -121.799
27.956 -122.307
27.957 -122.781
27.958 -123.218
27.959 -123.617
27.96 -123.977
27.961 -124.299
27.962 -124.586
27.963 -124.841
27.964 -125.067
27.965 -125.266
27.966 -125.439
27.967 -125.586
27.968 -125.702
27.969 -125.786
27.97 -125.835
27.971 -125.845
27.972 -125.817
27.973 -125.75
27.974 -125.647
27.975 -125.511
27.976 -125.345
27.977 -125.153
27.978 -124.934
27.979 -124.689
27.98 -124.416
27.981 -124.112
27.982 -123.775
27.983 -123.401
27.984 -122.99
27.985 -122.541
27.986 -122.057
27.987 -121.541
27.988 -120.997
27.989 -120.428
27.99 -119.835
27.991 -119.219
27.992 -118.578
27.993 -117.909
27.994 -117.211
27.995 -116.479
27.996 -115.714
27.997 -114.914
27.998 -114.083
27.999 -113.222
28 -112.337
28.001 -111.43
28.002 -110.505
28.003 -109.564
28.004 -108.607
28.005 -107.631
28.006 -106.636
28.007 -105.618
28.008 -104.576
28.009 -103.511
28.01 -102.426
28.011 -101.321
28.012 -100.203
28.013 -99.0726
28.014 -97.9343
28.015 -96.7892
28.016 -95.637
28.017 -94.4762
28.018 -93.3041
28.019 -92.1181
28.02 -90.9162
28.021 -89.6992
28.022 -88.4704
28.023 -87.234
28.024 -85.995
28.025 -84.7583
28.026 -83.528
28.027 -82.3069
28.028 -81.0959
28.029 -79.8947
28.03 -78.7021
28.031 -77.5161
28.032 -76.3348
28.033 -75.1582
28.034 -73.9879
28.035 -72.8272
28.036 -71.6804
28.037 -70.552
28.038 -69.446
28.039 -68.3647
28.04 -67.3091
28.041 -66.2791
28.042 -65.2737
28.043 -64.2916
28.044 -63.3315
28.045 -62.3936
28.046 -61.4794
28.047 -60.5921
28.048 -59.7361
28.049 -58.9163
28.05 -58.1373
28.051 -57.4024
28.052 -56.7136
28.053 -56.0712
28.054 -55.4741
28.055 -54.9207
28.056 -54.4094
28.057 -53.9399
28.058 -53.5131
28.059 -53.1316
28.06 -52.7993
28.061 -52.52
28.062 -52.2972
28.063 -52.1322
28.064 -52.0291
28.065 -51.9862
28.066 -52.0018
28.067 -52.0738
28.068 -52.1996
28.069 -52.3778
28.07 -52.6082
28.071 -52.892
28.072 -53.2305
28.073 -53.6297
28.074 -54.0919
28.075 -54.6197
28.076 -55.2143
28.077 -55.8754
28.078 -56.6014
28.079 -57.3897
28.08 -58.2376
28.081 -59.1437
28.082 -60.1084
28.083 -61.1332
28.084 -62.221
28.085 -63.3753
28.086 -64.5997
28.087 -65.8972
28.088 -67.2694
28.089 -68.7166
28.09 -70.2376
28.091 -71.8296
28.092 -73.4891
28.093 -75.2136
28.094 -77.0018
28.095 -78.8539
28.096 -80.7715
28.097 -82.7572
28.098 -84.8141
28.099 -86.9443
28.1 -89.149
28.101 -91.4276
28.102 -93.7781
28.103 -96.1973
28.104 -98.6817
28.105 -101.228
28.106 -103.834
28.107 -106.5
28.108 -109.226
28.109 -112.015
28.11 -114.869
28.111 -117.79
28.112 -120.779
28.113 -123.836
28.114 -126.959
28.115 -130.144
28.116 -133.387
28.117 -136.686
28.118 -140.037
28.119 -143.438
28.12 -146.891
28.121 -150.397
28.122 -153.958
28.123 -157.576
28.124 -161.251
28.125 -164.985
28.126 -168.773
28.127 -172.614
28.128 -176.504
28.129 -180.437
28.13 -184.411
28.131 -188.424
28.132 -192.475
28.133 -196.567
28.134 -200.699
28.135 -204.875
28.136 -209.094
28.137 -213.358
28.138 -217.664
28.139 -222.009
28.14 -226.388
28.141 -230.797
28.142 -235.233
28.143 -239.693
28.144 -244.176
28.145 -248.683
28.146 -253.214
28.147 -257.773
28.148 -262.359
28.149 -266.973
28.15 -271.613
28.151 -276.276
28.152 -280.956
28.153 -285.647
28.154 -290.344
28.155 -295.046
28.156 -299.748
28.157 -304.452
28.158 -309.157
28.159 -313.865
28.16 -318.577
28.161 -323.293
28.162 -328.013
28.163 -332.732
28.164 -337.447
28.165 -342.154
28.166 -346.847
28.167 -351.524
28.168 -356.183
28.169 -360.823
28.17 -365.445
28.171 -370.053
28.172 -374.649
28.173 -379.236
28.174 -383.812
28.175 -388.376
28.176 -392.926
28.177 -397.456
28.178 -401.964
28.179 -406.445
28.18 -410.898
28.181 -415.324
28.182 -419.727
28.183 -424.109
28.184 -428.475
28.185 -432.828
28.186 -437.168
28.187 -441.495
28.188 -445.806
28.189 -450.098
28.19 -454.368
28.191 -458.612
28.192 -462.828
28.193 -467.016
28.194 -471.177
28.195 -475.316
28.196 -479.435
28.197 -483.538
28.198 -487.625
28.199 -491.696
28.2 -495.748
28.201 -499.777
28.202 -503.777
28.203 -507.745
28.204 -511.677
28.205 -515.572
28.206 -519.431
28.207 -523.258
28.208 -527.055
28.209 -530.825
28.21 -534.569
28.211 -538.287
28.212 -541.975
28.213 -545.631
28.214 -549.249
28.215 -552.824
28.216 -556.353
28.217 -559.836
28.218 -563.273
28.219 -566.667
28.22 -570.021
28.221 -573.337
28.222 -576.618
28.223 -579.86
28.224 -583.063
28.225 -586.222
28.226 -589.332
28.227 -592.388
28.228 -595.387
28.229 -598.327
28.23 -601.207
28.231 -604.031
28.232 -606.799
28.233 -609.517
28.234 -612.185
28.235 -614.802
28.236 -617.369
28.237 -619.88
28.238 -622.331
28.239 -624.719
28.24 -627.038
28.241 -629.289
28.242 -631.472
28.243 -633.591
28.244 -635.648
28.245 -637.647
28.246 -639.593
28.247 -641.485
28.248 -643.323
28.249 -645.105
28.25 -646.827
28.251 -648.487
28.252 -650.083
28.253 -651.615
28.254 -653.084
28.255 -654.494
28.256 -655.848
28.257 -657.152
28.258 -658.409
28.259 -659.622
28.26 -660.792
28.261 -661.916
28.262 -662.991
28.263 -664.014
28.264 -664.983
28.265 -665.896
28.266 -666.754
28.267 -667.56
28.268 -668.317
28.269 -669.031
28.27 -669.705
28.271 -670.339
28.272 -670.935
28.273 -671.489
28.274 -671.998
28.275 -672.459
28.276 -672.867
28.277 -673.223
28.278 -673.525
28.279 -673.776
28.28 -673.978
28.281 -674.136
28.282 -674.251
28.283 -674.325
28.284 -674.357
28.285 -674.344
28.286 -674.283
28.287 -674.172
28.288 -674.005
28.289 -673.781
28.29 -673.498
28.291 -673.159
28.292 -672.766
28.293 -672.321
28.294 -671.827
28.295 -671.287
28.296 -670.7
28.297 -670.066
28.298 -669.38
28.299 -668.64
28.3 -667.841
28.301 -666.982
28.302 -666.061
28.303 -665.081
28.304 -664.042
28.305 -662.95
28.306 -661.805
28.307 -660.611
28.308 -659.368
28.309 -658.076
28.31 -656.731
28.311 -655.333
28.312 -653.876
28.313 -652.359
28.314 -650.78
28.315 -649.141
28.316 -647.443
28.317 -645.691
28.318 -643.886
28.319 -642.033
28.32 -640.132
28.321 -638.183
28.322 -636.183
28.323 -634.127
28.324 -632.014
28.325 -629.838
28.326 -627.6
28.327 -625.299
28.328 -622.936
28.329 -620.516
28.33 -618.039
28.331 -615.51
28.332 -612.927
28.333 -610.289
28.334 -607.594
28.335 -604.838
28.336 -602.016
28.337 -599.127
28.338 -596.166
28.339 -593.135
28.34 -590.034
28.341 -586.865
28.342 -583.628
28.343 -580.326
28.344 -576.958
28.345 -573.524
28.346 -570.02
28.347 -566.444
28.348 -562.79
28.349 -559.057
28.35 -555.24
28.351 -551.338
28.352 -547.353
28.353 -543.284
28.354 -539.135
28.355 -534.907
28.356 -530.6
28.357 -526.216
28.358 -521.751
28.359 -517.202
28.36 -512.567
28.361 -507.842
28.362 -503.026
28.363 -498.118
28.364 -493.12
28.365 -488.034
28.366 -482.862
28.367 -477.607
28.368 -472.271
28.369 -466.856
28.37 -461.359
28.371 -455.781
28.372 -450.118
28.373 -444.368
28.374 -438.529
28.375 -432.602
28.376 -426.587
28.377 -420.486
28.378 -414.303
28.379 -408.041
28.38 -401.702
28.381 -395.287
28.382 -388.798
28.383 -382.233
28.384 -375.589
28.385 -368.866
28.386 -362.06
28.387 -355.174
28.388 -348.206
28.389 -341.16
28.39 -334.039
28.391 -326.846
28.392 -319.586
28.393 -312.258
28.394 -304.866
28.395 -297.407
28.396 -289.881
28.397 -282.286
28.398 -274.621
28.399 -266.885
28.4 -259.08
28.401 -251.209
28.402 -243.276
28.403 -235.286
28.404 -227.243
28.405 -219.151
28.406 -211.012
28.407 -202.826
28.408 -194.593
28.409 -186.312
28.41 -177.983
28.411 -169.604
28.412 -161.177
28.413 -152.705
28.414 -144.191
28.415 -135.64
28.416 -127.055
28.417 -118.44
28.418 -109.798
28.419 -101.129
28.42 -92.433
28.421 -83.7096
28.422 -74.9603
28.423 -66.1863
28.424 -57.3899
28.425 -48.5748
28.426 -39.7457
28.427 -30.908
28.428 -22.0672
28.429 -13.2281
28.43 -4.39477
28.431 4.43095
28.432 13.2486
28.433 22.0582
28.434 30.8596
28.435 39.6524
28.436 48.4346
28.437 57.2034
28.438 65.9544
28.439 74.6829
28.44 83.3839
28.441 92.0528
28.442 100.686
28.443 109.282
28.444 117.84
28.445 126.359
28.446 134.84
28.447 143.282
28.448 151.684
28.449 160.043
28.45 168.356
28.451 176.616
28.452 184.819
28.453 192.959
28.454 201.031
28.455 209.033
28.456 216.964
28.457 224.822
28.458 232.609
28.459 240.323
28.46 247.963
28.461 255.528
28.462 263.012
28.463 270.411
28.464 277.719
28.465 284.932
28.466 292.046
28.467 299.058
28.468 305.966
28.469 312.771
28.47 319.474
28.471 326.074
28.472 332.571
28.473 338.964
28.474 345.249
28.475 351.423
28.476 357.481
28.477 363.419
28.478 369.233
28.479 374.92
28.48 380.48
28.481 385.914
28.482 391.223
28.483 396.408
28.484 401.47
28.485 406.408
28.486 411.22
28.487 415.903
28.488 420.454
28.489 424.869
28.49 429.145
28.491 433.28
28.492 437.271
28.493 441.121
28.494 444.829
28.495 448.397
28.496 451.827
28.497 455.118
28.498 458.27
28.499 461.281
28.5 464.146
28.501 466.863
28.502 469.429
28.503 471.841
28.504 474.099
28.505 476.203
28.506 478.156
28.507 479.959
28.508 481.616
28.509 483.127
28.51 484.493
28.511 485.713
28.512 486.787
28.513 487.711
28.514 488.485
28.515 489.107
28.516 489.578
28.517 489.9
28.518 490.075
28.519 490.106
28.52 489.999
28.521 489.753
28.522 489.372
28.523 488.855
28.524 488.198
28.525 487.4
28.526 486.461
28.527 485.378
28.528 484.151
28.529 482.781
28.53 481.272
28.531 479.628
28.532 477.852
28.533 475.95
28.534 473.923
28.535 471.773
28.536 469.501
28.537 467.105
28.538 464.584
28.539 461.939
28.54 459.171
28.541 456.281
28.542 453.272
28.543 450.147
28.544 446.911
28.545 443.568
28.546 440.12
28.547 436.569
28.548 432.915
28.549 429.159
28.55 425.299
28.551 421.335
28.552 417.269
28.553 413.103
28.554 408.84
28.555 404.486
28.556 400.045
28.557 395.522
28.558 390.921
28.559 386.244
28.56 381.494
28.561 376.671
28.562 371.772
28.563 366.799
28.564 361.752
28.565 356.631
28.566 351.441
28.567 346.186
28.568 340.87
28.569 335.498
28.57 330.073
28.571 324.6
28.572 319.081
28.573 313.517
28.574 307.908
28.575 302.254
28.576 296.557
28.577 290.818
28.578 285.041
28.579 279.231
28.58 273.392
28.581 267.532
28.582 261.656
28.583 255.769
28.584 249.875
28.585 243.976
28.586 238.072
28.587 232.165
28.588 226.256
28.589 220.347
28.59 214.442
28.591 208.546
28.592 202.664
28.593 196.804
28.594 190.971
28.595 185.171
28.596 179.407
28.597 173.682
28.598 167.997
28.599 162.352
28.6 156.749
28.601 151.19
28.602 145.679
28.603 140.222
28.604 134.826
28.605 129.496
28.606 124.24
28.607 119.063
28.608 113.97
28.609 108.964
28.61 104.045
28.611 99.216
28.612 94.4773
28.613 89.8312
28.614 85.2812
28.615 80.832
28.616 76.4894
28.617 72.2599
28.618 68.1496
28.619 64.164
28.62 60.3073
28.621 56.5813
28.622 52.9863
28.623 49.5222
28.624 46.1887
28.625 42.9868
28.626 39.9182
28.627 36.9864
28.628 34.196
28.629 31.5522
28.63 29.0601
28.631 26.7232
28.632 24.5433
28.633 22.5209
28.634 20.6555
28.635 18.9456
28.636 17.3897
28.637 15.9873
28.638 14.7387
28.639 13.6459
28.64 12.7116
28.641 11.9397
28.642 11.3336
28.643 10.8962
28.644 10.629
28.645 10.5322
28.646 10.6036
28.647 10.8439
28.648 11.2493
28.649 11.8162
28.65 12.5465
28.651 13.4385
28.652 14.492
28.653 15.7078
28.654 17.0873
28.655 18.6315
28.656 20.3405
28.657 22.213
28.658 24.2464
28.659 26.437
28.66 28.7805
28.661 31.2742
28.662 33.9169
28.663 36.7081
28.664 39.6482
28.665 42.7385
28.666 45.9804
28.667 49.375
28.668 52.9228
28.669 56.623
28.67 60.4736
28.671 64.471
28.672 68.6107
28.673 72.8886
28.674 77.3013
28.675 81.8466
28.676 86.5234
28.677 91.3316
28.678 96.2715
28.679 101.343
28.68 106.546
28.681 111.878
28.682 117.341
28.683 122.93
28.684 128.643
28.685 134.476
28.686 140.425
28.687 146.487
28.688 152.663
28.689 158.951
28.69 165.353
28.691 171.869
28.692 178.499
28.693 185.243
28.694 192.099
28.695 199.065
28.696 206.135
28.697 213.306
28.698 220.574
28.699 227.935
28.7 235.387
28.701 242.928
28.702 250.556
28.703 258.272
28.704 266.075
28.705 273.962
28.706 281.931
28.707 289.979
28.708 298.1
28.709 306.29
28.71 314.542
28.711 322.852
28.712 331.216
28.713 339.631
28.714 348.096
28.715 356.609
28.716 365.17
28.717 373.776
28.718 382.424
28.719 391.111
28.72 399.832
28.721 408.582
28.722 417.355
28.723 426.149
28.724 434.959
28.725 443.782
28.726 452.617
28.727 461.463
28.728 470.318
28.729 479.182
28.73 488.052
28.731 496.926
28.732 505.799
28.733 514.667
28.734 523.525
28.735 532.368
28.736 541.193
28.737 549.997
28.738 558.777
28.739 567.533
28.74 576.264
28.741 584.969
28.742 593.649
28.743 602.302
28.744 610.924
28.745 619.512
28.746 628.063
28.747 636.571
28.748 645.034
28.749 653.45
28.75 661.817
28.751 670.136
28.752 678.408
28.753 686.636
28.754 694.818
28.755 702.956
28.756 711.047
28.757 719.089
28.758 727.079
28.759 735.013
28.76 742.89
28.761 750.707
28.762 758.465
28.763 766.164
28.764 773.808
28.765 781.396
28.766 788.931
28.767 796.413
28.768 803.842
28.769 811.215
28.77 818.53
28.771 825.783
28.772 832.972
28.773 840.093
28.774 847.148
28.775 854.136
28.776 861.059
28.777 867.918
28.778 874.717
28.779 881.455
28.78 888.133
28.781 894.746
28.782 901.292
28.783 907.767
28.784 914.167
28.785 920.49
28.786 926.736
28.787 932.904
28.788 938.997
28.789 945.016
28.79 950.964
28.791 956.839
28.792 962.637
28.793 968.354
28.794 973.985
28.795 979.525
28.796 984.97
28.797 990.316
28.798 995.562
28.799 1000.71
28.8 1005.75
28.801 1010.7
28.802 1015.55
28.803 1020.3
28.804 1024.95
28.805 1029.5
28.806 1033.95
28.807 1038.28
28.808 1042.51
28.809 1046.62
28.81 1050.61
28.811 1054.49
28.812 1058.26
28.813 1061.92
28.814 1065.48
28.815 1068.93
28.816 1072.28
28.817 1075.52
28.818 1078.66
28.819 1081.68
28.82 1084.6
28.821 1087.39
28.822 1090.08
28.823 1092.65
28.824 1095.11
28.825 1097.47
28.826 1099.72
28.827 1101.88
28.828 1103.93
28.829 1105.89
28.83 1107.74
28.831 1109.49
28.832 1111.13
28.833 1112.66
28.834 1114.08
28.835 1115.39
28.836 1116.59
28.837 1117.69
28.838 1118.69
28.839 1119.59
28.84 1120.39
28.841 1121.1
28.842 1121.7
28.843 1122.2
28.844 1122.6
28.845 1122.88
28.846 1123.05
28.847 1123.11
28.848 1123.05
28.849 1122.9
28.85 1122.64
28.851 1122.28
28.852 1121.82
28.853 1121.24
28.854 1120.56
28.855 1119.76
28.856 1118.83
28.857 1117.79
28.858 1116.61
28.859 1115.31
28.86 1113.88
28.861 1112.32
28.862 1110.64
28.863 1108.83
28.864 1106.89
28.865 1104.82
28.866 1102.62
28.867 1100.27
28.868 1097.77
28.869 1095.13
28.87 1092.33
28.871 1089.37
28.872 1086.26
28.873 1082.99
28.874 1079.57
28.875 1076
28.876 1072.27
28.877 1068.38
28.878 1064.32
28.879 1060.1
28.88 1055.71
28.881 1051.15
28.882 1046.41
28.883 1041.49
28.884 1036.38
28.885 1031.1
28.886 1025.65
28.887 1020.01
28.888 1014.2
28.889 1008.21
28.89 1002.03
28.891 995.678
28.892 989.136
28.893 982.405
28.894 975.483
28.895 968.369
28.896 961.064
28.897 953.569
28.898 945.887
28.899 938.02
28.9 929.969
28.901 921.736
28.902 913.32
28.903 904.721
28.904 895.938
28.905 886.968
28.906 877.812
28.907 868.467
28.908 858.937
28.909 849.224
28.91 839.33
28.911 829.26
28.912 819.019
28.913 808.609
28.914 798.033
28.915 787.29
28.916 776.381
28.917 765.305
28.918 754.061
28.919 742.65
28.92 731.076
28.921 719.34
28.922 707.445
28.923 695.397
28.924 683.199
28.925 670.855
28.926 658.367
28.927 645.735
28.928 632.961
28.929 620.043
28.93 606.981
28.931 593.778
28.932 580.434
28.933 566.956
28.934 553.346
28.935 539.612
28.936 525.758
28.937 511.788
28.938 497.708
28.939 483.519
28.94 469.224
28.941 454.822
28.942 440.316
28.943 425.708
28.944 411.001
28.945 396.199
28.946 381.308
28.947 366.334
28.948 351.284
28.949 336.164
28.95 320.978
28.951 305.731
28.952 290.425
28.953 275.062
28.954 259.646
28.955 244.178
28.956 228.664
28.957 213.108
28.958 197.517
28.959 181.897
28.96 166.257
28.961 150.604
28.962 134.948
28.963 119.296
28.964 103.652
28.965 88.0225
28.966 72.4103
28.967 56.8203
28.968 41.2575
28.969 25.7287
28.97 10.2415
28.971 -5.1949
28.972 -20.571
28.973 -35.8774
28.974 -51.1053
28.975 -66.2475
28.976 -81.2977
28.977 -96.2513
28.978 -111.104
28.979 -125.852
28.98 -140.49
28.981 -155.011
28.982 -169.408
28.983 -183.671
28.984 -197.79
28.985 -211.757
28.986 -225.562
28.987 -239.198
28.988 -252.66
28.989 -265.943
28.99 -279.044
28.991 -291.958
28.992 -304.682
28.993 -317.212
28.994 -329.54
28.995 -341.66
28.996 -353.564
28.997 -365.243
28.998 -376.693
28.999 -387.906
29 -398.878
29.001 -409.609
29.002 -420.096
29.003 -430.341
29.004 -440.342
29.005 -450.097
29.006 -459.603
29.007 -468.856
29.008 -477.852
29.009 -486.584
29.01 -495.05
29.011 -503.247
29.012 -511.174
29.013 -518.833
29.014 -526.226
29.015 -533.356
29.016 -540.225
29.017 -546.833
29.018 -553.181
29.019 -559.267
29.02 -565.089
29.021 -570.644
29.022 -575.929
29.023 -580.943
29.024 -585.687
29.025 -590.163
29.026 -594.373
29.027 -598.322
29.028 -602.013
29.029 -605.449
29.03 -608.63
29.031 -611.557
29.032 -614.231
29.033 -616.65
29.034 -618.813
29.035 -620.721
29.036 -622.376
29.037 -623.781
29.038 -624.94
29.039 -625.858
29.04 -626.542
29.041 -626.995
29.042 -627.221
29.043 -627.221
29.044 -626.996
29.045 -626.547
29.046 -625.873
29.047 -624.974
29.048 -623.854
29.049 -622.515
29.05 -620.962
29.051 -619.202
29.052 -617.235
29.053 -615.066
29.054 -612.698
29.055 -610.133
29.056 -607.372
29.057 -604.414
29.058 -601.26
29.059 -597.91
29.06 -594.366
29.061 -590.631
29.062 -586.709
29.063 -582.606
29.064 -578.326
29.065 -573.875
29.066 -569.258
29.067 -564.476
29.068 -559.532
29.069 -554.427
29.07 -549.16
29.071 -543.732
29.072 -538.143
29.073 -532.396
29.074 -526.493
29.075 -520.441
29.076 -514.244
29.077 -507.907
29.078 -501.435
29.079 -494.831
29.08 -488.097
29.081 -481.233
29.082 -474.241
29.083 -467.123
29.084 -459.879
29.085 -452.512
29.086 -445.027
29.087 -437.428
29.088 -429.722
29.089 -421.915
29.09 -414.012
29.091 -406.018
29.092 -397.936
29.093 -389.768
29.094 -381.515
29.095 -373.179
29.096 -364.76
29.097 -356.262
29.098 -347.689
29.099 -339.047
29.1 -330.34
29.101 -321.575
29.102 -312.757
29.103 -303.89
29.104 -294.977
29.105 -286.019
29.106 -277.018
29.107 -267.975
29.108 -258.891
29.109 -249.768
29.11 -240.61
29.111 -231.422
29.112 -222.21
29.113 -212.98
29.114 -203.74
29.115 -194.494
29.116 -185.246
29.117 -175.999
29.118 -166.755
29.119 -157.515
29.12 -148.281
29.121 -139.055
29.122 -129.843
29.123 -120.648
29.124 -111.477
29.125 -102.338
29.126 -93.2349
29.127 -84.1747
29.128 -75.1612
29.129 -66.1975
29.13 -57.2856
29.131 -48.4261
29.132 -39.6196
29.133 -30.8678
29.134 -22.1734
29.135 -13.5407
29.136 -4.97504
29.137 3.51751
29.138 11.9311
29.139 20.2607
29.14 28.5025
29.141 36.6541
29.142 44.7143
29.143 52.6827
29.144 60.5589
29.145 68.3417
29.146 76.029
29.147 83.6171
29.148 91.1011
29.149 98.4756
29.15 105.735
29.151 112.874
29.152 119.89
29.153 126.779
29.154 133.541
29.155 140.175
29.156 146.683
29.157 153.063
29.158 159.314
29.159 165.433
29.16 171.416
29.161 177.259
29.162 182.959
29.163 188.51
29.164 193.912
29.165 199.162
29.166 204.26
29.167 209.207
29.168 214.004
29.169 218.652
29.17 223.151
29.171 227.5
29.172 231.695
29.173 235.732
29.174 239.607
29.175 243.317
29.176 246.858
29.177 250.23
29.178 253.432
29.179 256.466
29.18 259.332
29.181 262.031
29.182 264.563
29.183 266.926
29.184 269.116
29.185 271.132
29.186 272.968
29.187 274.622
29.188 276.092
29.189 277.375
29.19 278.472
29.191 279.384
29.192 280.112
29.193 280.658
29.194 281.023
29.195 281.205
29.196 281.204
29.197 281.017
29.198 280.64
29.199 280.071
29.2 279.307
29.201 278.347
29.202 277.192
29.203 275.84
29.204 274.295
29.205 272.557
29.206 270.629
29.207 268.51
29.208 266.201
29.209 263.698
29.21 261.001
29.211 258.107
29.212 255.015
29.213 251.726
29.214 248.241
29.215 244.562
29.216 240.692
29.217 236.634
29.218 232.391
29.219 227.965
29.22 223.357
29.221 218.568
29.222 213.598
29.223 208.449
29.224 203.12
29.225 197.614
29.226 191.931
29.227 186.076
29.228 180.052
29.229 173.865
29.23 167.517
29.231 161.014
29.232 154.359
29.233 147.553
29.234 140.598
29.235 133.495
29.236 126.245
29.237 118.851
29.238 111.315
29.239 103.641
29.24 95.8336
29.241 87.8992
29.242 79.844
29.243 71.6738
29.244 63.3933
29.245 55.0063
29.246 46.5157
29.247 37.9239
29.248 29.2332
29.249 20.4466
29.25 11.568
29.251 2.60105
29.252 -6.45056
29.253 -15.5818
29.254 -24.7872
29.255 -34.0616
29.256 -43.4001
29.257 -52.7991
29.258 -62.2557
29.259 -71.7678
29.26 -81.3336
29.261 -90.9519
29.262 -100.621
29.263 -110.339
29.264 -120.102
29.265 -129.905
29.266 -139.743
29.267 -149.61
29.268 -159.501
29.269 -169.413
29.27 -179.342
29.271 -189.286
29.272 -199.243
29.273 -209.21
29.274 -219.185
29.275 -229.165
29.276 -239.145
29.277 -249.12
29.278 -259.085
29.279 -269.034
29.28 -278.96
29.281 -288.861
29.282 -298.734
29.283 -308.578
29.284 -318.393
29.285 -328.177
29.286 -337.929
29.287 -347.648
29.288 -357.33
29.289 -366.972
29.29 -376.568
29.291 -386.114
29.292 -395.603
29.293 -405.03
29.294 -414.392
29.295 -423.687
29.296 -432.912
29.297 -442.066
29.298 -451.149
29.299 -460.158
29.3 -469.09
29.301 -477.939
29.302 -486.698
29.303 -495.363
29.304 -503.925
29.305 -512.382
29.306 -520.729
29.307 -528.964
29.308 -537.085
29.309 -545.093
29.31 -552.985
29.311 -560.761
29.312 -568.416
29.313 -575.948
29.314 -583.351
29.315 -590.62
29.316 -597.749
29.317 -604.735
29.318 -611.575
29.319 -618.268
29.32 -624.813
29.321 -631.21
29.322 -637.46
29.323 -643.563
29.324 -649.517
29.325 -655.319
29.326 -660.965
29.327 -666.453
29.328 -671.776
29.329 -676.934
29.33 -681.923
29.331 -686.743
29.332 -691.395
29.333 -695.881
29.334 -700.2
29.335 -704.356
29.336 -708.347
29.337 -712.173
29.338 -715.83
29.339 -719.317
29.34 -722.629
29.341 -725.768
29.342 -728.732
29.343 -731.525
29.344 -734.15
29.345 -736.609
29.346 -738.906
29.347 -741.044
29.348 -743.025
29.349 -744.849
29.35 -746.517
29.351 -748.028
29.352 -749.379
29.353 -750.57
29.354 -751.601
29.355 -752.474
29.356 -753.191
29.357 -753.757
29.358 -754.174
29.359 -754.446
29.36 -754.576
29.361 -754.565
29.362 -754.413
29.363 -754.122
29.364 -753.691
29.365 -753.119
29.366 -752.408
29.367 -751.561
29.368 -750.58
29.369 -749.469
29.37 -748.235
29.371 -746.879
29.372 -745.402
29.373 -743.805
29.374 -742.089
29.375 -740.252
29.376 -738.292
29.377 -736.211
29.378 -734.007
29.379 -731.683
29.38 -729.241
29.381 -726.683
29.382 -724.014
29.383 -721.237
29.384 -718.353
29.385 -715.365
29.386 -712.273
29.387 -709.077
29.388 -705.777
29.389 -702.371
29.39 -698.861
29.391 -695.248
29.392 -691.534
29.393 -687.724
29.394 -683.819
29.395 -679.825
29.396 -675.744
29.397 -671.578
29.398 -667.328
29.399 -662.994
29.4 -658.577
29.401 -654.076
29.402 -649.491
29.403 -644.825
29.404 -640.079
29.405 -635.257
29.406 -630.363
29.407 -625.401
29.408 -620.374
29.409 -615.285
29.41 -610.136
29.411 -604.927
29.412 -599.659
29.413 -594.335
29.414 -588.955
29.415 -583.521
29.416 -578.036
29.417 -572.503
29.418 -566.928
29.419 -561.315
29.42 -555.668
29.421 -549.991
29.422 -544.289
29.423 -538.564
29.424 -532.818
29.425 -527.052
29.426 -521.269
29.427 -515.47
29.428 -509.66
29.429 -503.841
29.43 -498.019
29.431 -492.199
29.432 -486.39
29.433 -480.594
29.434 -474.819
29.435 -469.066
29.436 -463.339
29.437 -457.639
29.438 -451.969
29.439 -446.331
29.44 -440.728
29.441 -435.164
29.442 -429.643
29.443 -424.171
29.444 -418.753
29.445 -413.394
29.446 -408.098
29.447 -402.868
29.448 -397.706
29.449 -392.614
29.45 -387.593
29.451 -382.642
29.452 -377.762
29.453 -372.954
29.454 -368.22
29.455 -363.564
29.456 -358.989
29.457 -354.501
29.458 -350.102
29.459 -345.794
29.46 -341.578
29.461 -337.454
29.462 -333.422
29.463 -329.479
29.464 -325.627
29.465 -321.864
29.466 -318.195
29.467 -314.621
29.468 -311.145
29.469 -307.773
29.47 -304.506
29.471 -301.345
29.472 -298.289
29.473 -295.335
29.474 -292.481
29.475 -289.724
29.476 -287.063
29.477 -284.496
29.478 -282.024
29.479 -279.648
29.48 -277.37
29.481 -275.193
29.482 -273.118
29.483 -271.147
29.484 -269.279
29.485 -267.513
29.486 -265.846
29.487 -264.275
29.488 -262.797
29.489 -261.413
29.49 -260.122
29.491 -258.926
29.492 -257.829
29.493 -256.833
29.494 -255.941
29.495 -255.155
29.496 -254.473
29.497 -253.896
29.498 -253.42
29.499 -253.043
29.5 -252.761
29.501 -252.575
29.502 -252.483
29.503 -252.49
29.504 -252.596
29.505 -252.804
29.506 -253.116
29.507 -253.532
29.508 -254.054
29.509 -254.679
29.51 -255.405
29.511 -256.229
29.512 -257.148
29.513 -258.159
29.514 -259.262
29.515 -260.458
29.516 -261.747
29.517 -263.133
29.518 -264.617
29.519 -266.2
29.52 -267.882
29.521 -269.659
29.522 -271.526
29.523 -273.478
29.524 -275.51
29.525 -277.618
29.526 -279.799
29.527 -282.052
29.528 -284.377
29.529 -286.775
29.53 -289.247
29.531 -291.791
29.532 -294.404
29.533 -297.081
29.534 -299.817
29.535 -302.606
29.536 -305.44
29.537 -308.316
29.538 -311.23
29.539 -314.179
29.54 -317.163
29.541 -320.181
29.542 -323.233
29.543 -326.317
29.544 -329.431
29.545 -332.57
29.546 -335.728
29.547 -338.899
29.548 -342.078
29.549 -345.258
29.55 -348.435
29.551 -351.607
29.552 -354.772
29.553 -357.931
29.554 -361.082
29.555 -364.225
29.556 -367.357
29.557 -370.473
29.558 -373.57
29.559 -376.64
29.56 -379.678
29.561 -382.678
29.562 -385.637
29.563 -388.555
29.564 -391.428
29.565 -394.259
29.566 -397.048
29.567 -399.793
29.568 -402.494
29.569 -405.148
29.57 -407.75
29.571 -410.296
29.572 -412.781
29.573 -415.199
29.574 -417.548
29.575 -419.825
29.576 -422.03
29.577 -424.164
29.578 -426.226
29.579 -428.218
29.58 -430.139
29.581 -431.987
29.582 -433.759
29.583 -435.453
29.584 -437.065
29.585 -438.59
29.586 -440.026
29.587 -441.371
29.588 -442.626
29.589 -443.791
29.59 -444.869
29.591 -445.86
29.592 -446.764
29.593 -447.579
29.594 -448.304
29.595 -448.935
29.596 -449.467
29.597 -449.897
29.598 -450.223
29.599 -450.441
29.6 -450.553
29.601 -450.559
29.602 -450.459
29.603 -450.257
29.604 -449.95
29.605 -449.54
29.606 -449.025
29.607 -448.404
29.608 -447.672
29.609 -446.824
29.61 -445.86
29.611 -444.778
29.612 -443.577
29.613 -442.258
29.614 -440.823
29.615 -439.275
29.616 -437.615
29.617 -435.843
29.618 -433.959
29.619 -431.96
29.62 -429.844
29.621 -427.608
29.622 -425.25
29.623 -422.769
29.624 -420.164
29.625 -417.438
29.626 -414.591
29.627 -411.628
29.628 -408.549
29.629 -405.357
29.63 -402.052
29.631 -398.633
29.632 -395.098
29.633 -391.448
29.634 -387.681
29.635 -383.795
29.636 -379.793
29.637 -375.676
29.638 -371.447
29.639 -367.109
29.64 -362.666
29.641 -358.123
29.642 -353.48
29.643 -348.74
29.644 -343.904
29.645 -338.97
29.646 -333.939
29.647 -328.811
29.648 -323.586
29.649 -318.268
29.65 -312.861
29.651 -307.369
29.652 -301.797
29.653 -296.148
29.654 -290.428
29.655 -284.636
29.656 -278.775
29.657 -272.845
29.658 -266.845
29.659 -260.776
29.66 -254.639
29.661 -248.438
29.662 -242.178
29.663 -235.864
29.664 -229.502
29.665 -223.098
29.666 -216.655
29.667 -210.177
29.668 -203.666
29.669 -197.123
29.67 -190.548
29.671 -183.942
29.672 -177.305
29.673 -170.642
29.674 -163.954
29.675 -157.249
29.676 -150.53
29.677 -143.803
29.678 -137.073
29.679 -130.342
29.68 -123.613
29.681 -116.884
29.682 -110.156
29.683 -103.427
29.684 -96.6974
29.685 -89.9692
29.686 -83.2455
29.687 -76.5308
29.688 -69.8301
29.689 -63.1484
29.69 -56.4897
29.691 -49.8552
29.692 -43.2439
29.693 -36.6538
29.694 -30.0827
29.695 -23.5287
29.696 -16.9908
29.697 -10.4695
29.698 -3.96676
29.699 2.51418
29.7 8.96955
29.701 15.3958
29.702 21.7902
29.703 28.1517
29.704 34.4807
29.705 40.7786
29.706 47.0479
29.707 53.2906
29.708 59.5083
29.709 65.7007
29.71 71.8665
29.711 78.0027
29.712 84.1057
29.713 90.1721
29.714 96.1989
29.715 102.185
29.716 108.13
29.717 114.036
29.718 119.905
29.719 125.739
29.72 131.541
29.721 137.31
29.722 143.043
29.723 148.738
29.724 154.391
29.725 159.997
29.726 165.554
29.727 171.059
29.728 176.511
29.729 181.913
29.73 187.265
29.731 192.569
29.732 197.828
29.733 203.04
29.734 208.206
29.735 213.322
29.736 218.384
29.737 223.39
29.738 228.334
29.739 233.217
29.74 238.036
29.741 242.793
29.742 247.487
29.743 252.121
29.744 256.696
29.745 261.212
29.746 265.668
29.747 270.061
29.748 274.389
29.749 278.646
29.75 282.83
29.751 286.939
29.752 290.972
29.753 294.931
29.754 298.816
29.755 302.632
29.756 306.38
29.757 310.061
29.758 313.676
29.759 317.223
29.76 320.7
29.761 324.104
29.762 327.433
29.763 330.686
29.764 333.861
29.765 336.96
29.766 339.986
29.767 342.94
29.768 345.826
29.769 348.646
29.77 351.4
29.771 354.09
29.772 356.713
29.773 359.27
29.774 361.758
29.775 364.176
29.776 366.526
29.777 368.807
29.778 371.024
29.779 373.179
29.78 375.276
29.781 377.319
29.782 379.307
29.783 381.242
29.784 383.122
29.785 384.946
29.786 386.712
29.787 388.419
29.788 390.067
29.789 391.656
29.79 393.189
29.791 394.67
29.792 396.103
29.793 397.492
29.794 398.839
29.795 400.146
29.796 401.413
29.797 402.639
29.798 403.823
29.799 404.964
29.8 406.062
29.801 407.12
29.802 408.137
29.803 409.118
29.804 410.066
29.805 410.984
29.806 411.876
29.807 412.741
29.808 413.582
29.809 414.396
29.81 415.182
29.811 415.938
29.812 416.662
29.813 417.355
29.814 418.016
29.815 418.648
29.816 419.256
29.817 419.841
29.818 420.406
29.819 420.953
29.82 421.482
29.821 421.99
29.822 422.473
29.823 422.926
29.824 423.346
29.825 423.732
29.826 424.084
29.827 424.404
29.828 424.692
29.829 424.953
29.83 425.187
29.831 425.397
29.832 425.584
29.833 425.746
29.834 425.882
29.835 425.989
29.836 426.065
29.837 426.109
29.838 426.12
29.839 426.102
29.84 426.058
29.841 425.99
29.842 425.9
29.843 425.789
29.844 425.657
29.845 425.501
29.846 425.318
29.847 425.107
29.848 424.863
29.849 424.585
29.85 424.272
29.851 423.924
29.852 423.545
29.853 423.137
29.854 422.704
29.855 422.247
29.856 421.767
29.857 421.264
29.858 420.734
29.859 420.178
29.86 419.59
29.861 418.97
29.862 418.32
29.863 417.641
29.864 416.936
29.865 416.21
29.866 415.466
29.867 414.707
29.868 413.935
29.869 413.148
29.87 412.347
29.871 411.53
29.872 410.694
29.873 409.84
29.874 408.967
29.875 408.077
29.876 407.174
29.877 406.261
29.878 405.342
29.879 404.42
29.88 403.496
29.881 402.572
29.882 401.644
29.883 400.709
29.884 399.767
29.885 398.814
29.886 397.852
29.887 396.879
29.888 395.9
29.889 394.918
29.89 393.935
29.891 392.953
29.892 391.976
29.893 391.002
29.894 390.03
29.895 389.057
29.896 388.081
29.897 387.101
29.898 386.115
29.899 385.125
29.9 384.131
29.901 383.138
29.902 382.149
29.903 381.166
29.904 380.192
29.905 379.225
29.906 378.266
29.907 377.312
29.908 376.361
29.909 375.41
29.91 374.458
29.911 373.505
29.912 372.552
29.913 371.6
29.914 370.653
29.915 369.712
29.916 368.778
29.917 367.853
29.918 366.935
29.919 366.021
29.92 365.108
29.921 364.194
29.922 363.275
29.923 362.352
29.924 361.424
29.925 360.494
29.926 359.564
29.927 358.636
29.928 357.712
29.929 356.793
29.93 355.877
29.931 354.963
29.932 354.047
29.933 353.126
29.934 352.199
29.935 351.263
29.936 350.319
29.937 349.369
29.938 348.414
29.939 347.458
29.94 346.502
29.941 345.546
29.942 344.589
29.943 343.628
29.944 342.66
29.945 341.68
29.946 340.685
29.947 339.675
29.948 338.647
29.949 337.603
29.95 336.545
29.951 335.475
29.952 334.393
29.953 333.301
29.954 332.197
29.955 331.078
29.956 329.942
29.957 328.785
29.958 327.603
29.959 326.395
29.96 325.16
29.961 323.898
29.962 322.611
29.963 321.301
29.964 319.969
29.965 318.617
29.966 317.244
29.967 315.847
29.968 314.425
29.969 312.972
29.97 311.487
29.971 309.966
29.972 308.406
29.973 306.808
29.974 305.173
29.975 303.501
29.976 301.795
29.977 300.055
29.978 298.28
29.979 296.469
29.98 294.619
29.981 292.725
29.982 290.784
29.983 288.792
29.984 286.748
29.985 284.65
29.986 282.499
29.987 280.298
29.988 278.048
29.989 275.75
29.99 273.405
29.991 271.01
29.992 268.563
29.993 266.062
29.994 263.501
29.995 260.878
29.996 258.19
29.997 255.438
29.998 252.622
29.999 249.743
30 246.803
30.001 243.806
30.002 240.753
30.003 237.643
30.004 234.477
30.005 231.25
30.006 227.961
30.007 224.607
30.008 221.186
30.009 217.697
30.01 214.142
30.011 210.523
30.012 206.842
30.013 203.101
30.014 199.301
30.015 195.444
30.016 191.526
30.017 187.547
30.018 183.503
30.019 179.392
30.02 175.21
30.021 170.959
30.022 166.64
30.023 162.259
30.024 157.817
30.025 153.321
30.026 148.771
30.027 144.171
30.028 139.519
30.029 134.816
30.03 130.06
30.031 125.249
30.032 120.381
30.033 115.456
30.034 110.475
30.035 105.441
30.036 100.359
30.037 95.2312
30.038 90.0611
30.039 84.8506
30.04 79.5999
30.041 74.3093
30.042 68.9794
30.043 63.6095
30.044 58.1999
30.045 52.7514
30.046 47.2663
30.047 41.7483
30.048 36.2018
30.049 30.6319
30.05 25.0431
30.051 19.4391
30.052 13.8225
30.053 8.19433
30.054 2.55491
30.055 -3.09606
30.056 -8.75856
30.057 -14.4318
30.058 -20.1136
30.059 -25.8006
30.06 -31.4884
30.061 -37.1727
30.062 -42.8499
30.063 -48.5168
30.064 -54.1712
30.065 -59.8122
30.066 -65.44
30.067 -71.0551
30.068 -76.6579
30.069 -82.2484
30.07 -87.8253
30.071 -93.3864
30.072 -98.9282
30.073 -104.447
30.074 -109.938
30.075 -115.399
30.076 -120.827
30.077 -126.221
30.078 -131.581
30.079 -136.908
30.08 -142.202
30.081 -147.463
30.082 -152.691
30.083 -157.884
30.084 -163.039
30.085 -168.151
30.086 -173.218
30.087 -178.236
30.088 -183.202
30.089 -188.115
30.09 -192.976
30.091 -197.785
30.092 -202.542
30.093 -207.249
30.094 -211.905
30.095 -216.509
30.096 -221.058
30.097 -225.549
30.098 -229.979
30.099 -234.344
30.1 -238.642
30.101 -242.871
30.102 -247.033
30.103 -251.127
30.104 -255.155
30.105 -259.117
30.106 -263.016
30.107 -266.849
30.108 -270.614
30.109 -274.31
30.11 -277.932
30.111 -281.477
30.112 -284.943
30.113 -288.326
30.114 -291.626
30.115 -294.845
30.116 -297.982
30.117 -301.039
30.118 -304.017
30.119 -306.916
30.12 -309.733
30.121 -312.464
30.122 -315.104
30.123 -317.647
30.124 -320.089
30.125 -322.427
30.126 -324.66
30.127 -326.788
30.128 -328.811
30.129 -330.73
30.13 -332.546
30.131 -334.258
30.132 -335.865
30.133 -337.364
30.134 -338.751
30.135 -340.023
30.136 -341.174
30.137 -342.204
30.138 -343.112
30.139 -343.898
30.14 -344.565
30.141 -345.114
30.142 -345.547
30.143 -345.865
30.144 -346.068
30.145 -346.153
30.146 -346.118
30.147 -345.96
30.148 -345.673
30.149 -345.257
30.15 -344.712
30.151 -344.039
30.152 -343.241
30.153 -342.322
30.154 -341.286
30.155 -340.134
30.156 -338.867
30.157 -337.486
30.158 -335.987
30.159 -334.37
30.16 -332.631
30.161 -330.77
30.162 -328.79
30.163 -326.694
30.164 -324.484
30.165 -322.167
30.166 -319.747
30.167 -317.227
30.168 -314.61
30.169 -311.896
30.17 -309.084
30.171 -306.174
30.172 -303.165
30.173 -300.057
30.174 -296.852
30.175 -293.552
30.176 -290.162
30.177 -286.688
30.178 -283.133
30.179 -279.503
30.18 -275.8
30.181 -272.027
30.182 -268.185
30.183 -264.273
30.184 -260.293
30.185 -256.245
30.186 -252.131
30.187 -247.954
30.188 -243.719
30.189 -239.433
30.19 -235.1
30.191 -230.725
30.192 -226.308
30.193 -221.85
30.194 -217.349
30.195 -212.805
30.196 -208.216
30.197 -203.583
30.198 -198.905
30.199 -194.185
30.2 -189.425
30.201 -184.629
30.202 -179.802
30.203 -174.945
30.204 -170.062
30.205 -165.152
30.206 -160.216
30.207 -155.253
30.208 -150.262
30.209 -145.241
30.21 -140.193
30.211 -135.117
30.212 -130.016
30.213 -124.892
30.214 -119.748
30.215 -114.588
30.216 -109.412
30.217 -104.223
30.218 -99.0195
30.219 -93.8006
30.22 -88.5647
30.221 -83.3121
30.222 -78.0446
30.223 -72.7646
30.224 -67.4752
30.225 -62.1806
30.226 -56.8848
30.227 -51.5917
30.228 -46.3044
30.229 -41.0251
30.23 -35.7549
30.231 -30.4935
30.232 -25.2401
30.233 -19.9942
30.234 -14.7561
30.235 -9.52749
30.236 -4.31081
30.237 0.890506
30.238 6.07275
30.239 11.2324
30.24 16.3669
30.241 21.4729
30.242 26.5478
30.243 31.5901
30.244 36.5992
30.245 41.5743
30.246 46.5146
30.247 51.4179
30.248 56.2814
30.249 61.101
30.25 65.8719
30.251 70.5902
30.252 75.2525
30.253 79.8563
30.254 84.3999
30.255 88.8825
30.256 93.304
30.257 97.6646
30.258 101.964
30.259 106.201
30.26 110.375
30.261 114.481
30.262 118.517
30.263 122.48
30.264 126.365
30.265 130.171
30.266 133.896
30.267 137.538
30.268 141.1
30.269 144.58
30.27 147.98
30.271 151.298
30.272 154.534
30.273 157.686
30.274 160.75
30.275 163.724
30.276 166.605
30.277 169.389
30.278 172.077
30.279 174.668
30.28 177.161
30.281 179.559
30.282 181.862
30.283 184.07
30.284 186.184
30.285 188.2
30.286 190.118
30.287 191.935
30.288 193.647
30.289 195.254
30.29 196.755
30.291 198.147
30.292 199.432
30.293 200.61
30.294 201.681
30.295 202.647
30.296 203.506
30.297 204.257
30.298 204.9
30.299 205.431
30.3 205.848
30.301 206.148
30.302 206.328
30.303 206.387
30.304 206.325
30.305 206.14
30.306 205.835
30.307 205.41
30.308 204.867
30.309 204.202
30.31 203.415
30.311 202.503
30.312 201.464
30.313 200.295
30.314 198.993
30.315 197.559
30.316 195.991
30.317 194.292
30.318 192.462
30.319 190.502
30.32 188.414
30.321 186.199
30.322 183.857
30.323 181.387
30.324 178.788
30.325 176.059
30.326 173.197
30.327 170.204
30.328 167.08
30.329 163.827
30.33 160.447
30.331 156.944
30.332 153.322
30.333 149.583
30.334 145.729
30.335 141.761
30.336 137.679
30.337 133.481
30.338 129.169
30.339 124.742
30.34 120.202
30.341 115.552
30.342 110.797
30.343 105.939
30.344 100.984
30.345 95.934
30.346 90.7926
30.347 85.5606
30.348 80.2387
30.349 74.8269
30.35 69.3253
30.351 63.7348
30.352 58.0574
30.353 52.296
30.354 46.4549
30.355 40.5385
30.356 34.5516
30.357 28.4981
30.358 22.3812
30.359 16.2029
30.36 9.96437
30.361 3.666
30.362 -2.69168
30.363 -9.10761
30.364 -15.5798
30.365 -22.1051
30.366 -28.6792
30.367 -35.2974
30.368 -41.9546
30.369 -48.6463
30.37 -55.3687
30.371 -62.12
30.372 -68.8999
30.373 -75.7082
30.374 -82.545
30.375 -89.4097
30.376 -96.3009
30.377 -103.216
30.378 -110.151
30.379 -117.101
30.38 -124.062
30.381 -131.03
30.382 -138.001
30.383 -144.974
30.384 -151.946
30.385 -158.919
30.386 -165.891
30.387 -172.863
30.388 -179.832
30.389 -186.798
30.39 -193.755
30.391 -200.7
30.392 -207.627
30.393 -214.533
30.394 -221.414
30.395 -228.268
30.396 -235.093
30.397 -241.888
30.398 -248.655
30.399 -255.392
30.4 -262.098
30.401 -268.773
30.402 -275.411
30.403 -282.01
30.404 -288.564
30.405 -295.069
30.406 -301.523
30.407 -307.921
30.408 -314.264
30.409 -320.55
30.41 -326.779
30.411 -332.952
30.412 -339.064
30.413 -345.112
30.414 -351.093
30.415 -357.001
30.416 -362.831
30.417 -368.58
30.418 -374.241
30.419 -379.813
30.42 -385.292
30.421 -390.677
30.422 -395.966
30.423 -401.156
30.424 -406.246
30.425 -411.231
30.426 -416.109
30.427 -420.875
30.428 -425.524
30.429 -430.052
30.43 -434.453
30.431 -438.726
30.432 -442.866
30.433 -446.873
30.434 -450.744
30.435 -454.48
30.436 -458.079
30.437 -461.537
30.438 -464.854
30.439 -468.025
30.44 -471.047
30.441 -473.915
30.442 -476.627
30.443 -479.178
30.444 -481.568
30.445 -483.796
30.446 -485.86
30.447 -487.762
30.448 -489.499
30.449 -491.073
30.45 -492.48
30.451 -493.72
30.452 -494.793
30.453 -495.698
30.454 -496.432
30.455 -496.996
30.456 -497.388
30.457 -497.61
30.458 -497.663
30.459 -497.548
30.46 -497.268
30.461 -496.824
30.462 -496.214
30.463 -495.442
30.464 -494.508
30.465 -493.409
30.466 -492.146
30.467 -490.718
30.468 -489.126
30.469 -487.371
30.47 -485.455
30.471 -483.379
30.472 -481.145
30.473 -478.755
30.474 -476.209
30.475 -473.509
30.476 -470.654
30.477 -467.645
30.478 -464.481
30.479 -461.163
30.48 -457.69
30.481 -454.063
30.482 -450.285
30.483 -446.357
30.484 -442.281
30.485 -438.06
30.486 -433.695
30.487 -429.189
30.488 -424.541
30.489 -419.753
30.49 -414.825
30.491 -409.756
30.492 -404.545
30.493 -399.191
30.494 -393.695
30.495 -388.058
30.496 -382.281
30.497 -376.368
30.498 -370.319
30.499 -364.136
30.5 -357.82
30.501 -351.37
30.502 -344.788
30.503 -338.074
30.504 -331.228
30.505 -324.25
30.506 -317.142
30.507 -309.905
30.508 -302.544
30.509 -295.06
30.51 -287.456
30.511 -279.736
30.512 -271.902
30.513 -263.954
30.514 -255.894
30.515 -247.723
30.516 -239.44
30.517 -231.048
30.518 -222.547
30.519 -213.941
30.52 -205.232
30.521 -196.425
30.522 -187.523
30.523 -178.533
30.524 -169.456
30.525 -160.296
30.526 -151.055
30.527 -141.734
30.528 -132.334
30.529 -122.859
30.53 -113.309
30.531 -103.69
30.532 -94.0073
30.533 -84.2658
30.534 -74.4715
30.535 -64.6298
30.536 -54.7451
30.537 -44.8214
30.538 -34.8616
30.539 -24.8682
30.54 -14.8438
30.541 -4.79128
30.542 5.28563
30.543 15.3824
30.544 25.4937
30.545 35.6135
30.546 45.7359
30.547 55.855
30.548 65.9658
30.549 76.064
30.55 86.1461
30.551 96.2093
30.552 106.251
30.553 116.268
30.554 126.256
30.555 136.212
30.556 146.13
30.557 156.004
30.558 165.828
30.559 175.596
30.56 185.303
30.561 194.945
30.562 204.523
30.563 214.035
30.564 223.478
30.565 232.853
30.566 242.157
30.567 251.386
30.568 260.537
30.569 269.605
30.57 278.586
30.571 287.476
30.572 296.273
30.573 304.975
30.574 313.582
30.575 322.094
30.576 330.51
30.577 338.83
30.578 347.052
30.579 355.176
30.58 363.199
30.581 371.116
30.582 378.926
30.583 386.625
30.584 394.211
30.585 401.684
30.586 409.043
30.587 416.288
30.588 423.42
30.589 430.44
30.59 437.347
30.591 444.14
30.592 450.816
30.593 457.372
30.594 463.804
30.595 470.11
30.596 476.289
30.597 482.338
30.598 488.259
30.599 494.052
30.6 499.717
30.601 505.255
30.602 510.665
30.603 515.945
30.604 521.092
30.605 526.105
30.606 530.979
30.607 535.714
30.608 540.307
30.609 544.758
30.61 549.067
30.611 553.234
30.612 557.261
30.613 561.148
30.614 564.896
30.615 568.503
30.616 571.97
30.617 575.294
30.618 578.473
30.619 581.505
30.62 584.391
30.621 587.129
30.622 589.721
30.623 592.168
30.624 594.472
30.625 596.634
30.626 598.656
30.627 600.539
30.628 602.282
30.629 603.884
30.63 605.344
30.631 606.661
30.632 607.836
30.633 608.867
30.634 609.758
30.635 610.51
30.636 611.125
30.637 611.606
30.638 611.955
30.639 612.173
30.64 612.261
30.641 612.218
30.642 612.045
30.643 611.741
30.644 611.306
30.645 610.742
30.646 610.049
30.647 609.229
30.648 608.286
30.649 607.221
30.65 606.039
30.651 604.739
30.652 603.324
30.653 601.794
30.654 600.149
30.655 598.39
30.656 596.516
30.657 594.53
30.658 592.432
30.659 590.227
30.66 587.917
30.661 585.505
30.662 582.996
30.663 580.391
30.664 577.693
30.665 574.901
30.666 572.018
30.667 569.044
30.668 565.978
30.669 562.823
30.67 559.581
30.671 556.255
30.672 552.848
30.673 549.364
30.674 545.806
30.675 542.178
30.676 538.483
30.677 534.72
30.678 530.892
30.679 527
30.68 523.043
30.681 519.023
30.682 514.943
30.683 510.806
30.684 506.615
30.685 502.374
30.686 498.088
30.687 493.759
30.688 489.39
30.689 484.983
30.69 480.539
30.691 476.059
30.692 471.544
30.693 466.995
30.694 462.416
30.695 457.807
30.696 453.174
30.697 448.52
30.698 443.849
30.699 439.164
30.7 434.47
30.701 429.767
30.702 425.057
30.703 420.342
30.704 415.621
30.705 410.897
30.706 406.171
30.707 401.447
30.708 396.727
30.709 392.015
30.71 387.316
30.711 382.632
30.712 377.964
30.713 373.311
30.714 368.675
30.715 364.055
30.716 359.45
30.717 354.862
30.718 350.291
30.719 345.739
30.72 341.207
30.721 336.698
30.722 332.215
30.723 327.759
30.724 323.332
30.725 318.934
30.726 314.565
30.727 310.226
30.728 305.915
30.729 301.634
30.73 297.382
30.731 293.16
30.732 288.969
30.733 284.81
30.734 280.685
30.735 276.595
30.736 272.541
30.737 268.523
30.738 264.541
30.739 260.594
30.74 256.681
30.741 252.802
30.742 248.957
30.743 245.148
30.744 241.376
30.745 237.642
30.746 233.949
30.747 230.299
30.748 226.691
30.749 223.128
30.75 219.609
30.751 216.135
30.752 212.709
30.753 209.332
30.754 206.006
30.755 202.732
30.756 199.513
30.757 196.351
30.758 193.248
30.759 190.207
30.76 187.23
30.761 184.319
30.762 181.475
30.763 178.701
30.764 175.996
30.765 173.364
30.766 170.804
30.767 168.318
30.768 165.908
30.769 163.576
30.77 161.324
30.771 159.153
30.772 157.064
30.773 155.058
30.774 153.136
30.775 151.297
30.776 149.543
30.777 147.873
30.778 146.289
30.779 144.79
30.78 143.377
30.781 142.051
30.782 140.811
30.783 139.656
30.784 138.587
30.785 137.604
30.786 136.706
30.787 135.894
30.788 135.165
30.789 134.521
30.79 133.961
30.791 133.482
30.792 133.084
30.793 132.765
30.794 132.523
30.795 132.358
30.796 132.267
30.797 132.252
30.798 132.311
30.799 132.442
30.8 132.644
30.801 132.915
30.802 133.256
30.803 133.665
30.804 134.142
30.805 134.685
30.806 135.293
30.807 135.965
30.808 136.7
30.809 137.497
30.81 138.355
30.811 139.275
30.812 140.255
30.813 141.297
30.814 142.4
30.815 143.563
30.816 144.785
30.817 146.066
30.818 147.404
30.819 148.798
30.82 150.248
30.821 151.753
30.822 153.312
30.823 154.925
30.824 156.593
30.825 158.314
30.826 160.089
30.827 161.916
30.828 163.795
30.829 165.723
30.83 167.7
30.831 169.724
30.832 171.795
30.833 173.91
30.834 176.07
30.835 178.275
30.836 180.523
30.837 182.814
30.838 185.147
30.839 187.522
30.84 189.937
30.841 192.391
30.842 194.881
30.843 197.407
30.844 199.967
30.845 202.56
30.846 205.184
30.847 207.84
30.848 210.527
30.849 213.243
30.85 215.988
30.851 218.762
30.852 221.562
30.853 224.386
30.854 227.234
30.855 230.103
30.856 232.992
30.857 235.899
30.858 238.823
30.859 241.764
30.86 244.721
30.861 247.692
30.862 250.675
30.863 253.668
30.864 256.669
30.865 259.676
30.866 262.685
30.867 265.696
30.868 268.706
30.869 271.713
30.87 274.715
30.871 277.713
30.872 280.706
30.873 283.695
30.874 286.68
30.875 289.659
30.876 292.632
30.877 295.598
30.878 298.554
30.879 301.5
30.88 304.434
30.881 307.356
30.882 310.264
30.883 313.158
30.884 316.036
30.885 318.899
30.886 321.746
30.887 324.576
30.888 327.388
30.889 330.179
30.89 332.948
30.891 335.694
30.892 338.416
30.893 341.114
30.894 343.786
30.895 346.434
30.896 349.058
30.897 351.657
30.898 354.232
30.899 356.782
30.9 359.306
30.901 361.804
30.902 364.272
30.903 366.71
30.904 369.116
30.905 371.488
30.906 373.826
30.907 376.13
30.908 378.4
30.909 380.636
30.91 382.836
30.911 385.001
30.912 387.129
30.913 389.218
30.914 391.268
30.915 393.276
30.916 395.242
30.917 397.164
30.918 399.041
30.919 400.874
30.92 402.663
30.921 404.406
30.922 406.101
30.923 407.746
30.924 409.339
30.925 410.876
30.926 412.357
30.927 413.778
30.928 415.138
30.929 416.435
30.93 417.668
30.931 418.835
30.932 419.938
30.933 420.975
30.934 421.946
30.935 422.85
30.936 423.685
30.937 424.449
30.938 425.142
30.939 425.761
30.94 426.306
30.941 426.777
30.942 427.172
30.943 427.491
30.944 427.736
30.945 427.905
30.946 427.999
30.947 428.016
30.948 427.958
30.949 427.819
30.95 427.601
30.951 427.304
30.952 426.927
30.953 426.471
30.954 425.939
30.955 425.329
30.956 424.642
30.957 423.88
30.958 423.042
30.959 422.13
30.96 421.143
30.961 420.081
30.962 418.942
30.963 417.727
30.964 416.434
30.965 415.065
30.966 413.619
30.967 412.097
30.968 410.501
30.969 408.831
30.97 407.086
30.971 405.269
30.972 403.379
30.973 401.417
30.974 399.385
30.975 397.28
30.976 395.106
30.977 392.861
30.978 390.548
30.979 388.168
30.98 385.722
30.981 383.212
30.982 380.635
30.983 377.992
30.984 375.283
30.985 372.506
30.986 369.662
30.987 366.75
30.988 363.77
30.989 360.723
30.99 357.608
30.991 354.425
30.992 351.174
30.993 347.853
30.994 344.463
30.995 341.002
30.996 337.47
30.997 333.866
30.998 330.19
30.999 326.442
31 322.621
31.001 318.726
31.002 314.758
31.003 310.717
31.004 306.601
31.005 302.411
31.006 298.147
31.007 293.808
31.008 289.394
31.009 284.904
31.01 280.34
31.011 275.7
31.012 270.988
31.013 266.202
31.014 261.345
31.015 256.416
31.016 251.417
31.017 246.348
31.018 241.209
31.019 236.001
31.02 230.725
31.021 225.382
31.022 219.975
31.023 214.505
31.024 208.974
31.025 203.385
31.026 197.738
31.027 192.035
31.028 186.278
31.029 180.468
31.03 174.607
31.031 168.696
31.032 162.738
31.033 156.736
31.034 150.694
31.035 144.614
31.036 138.498
31.037 132.35
31.038 126.171
31.039 119.964
31.04 113.731
31.041 107.473
31.042 101.192
31.043 94.8893
31.044 88.5671
31.045 82.2275
31.046 75.8733
31.047 69.5069
31.048 63.131
31.049 56.7477
31.05 50.359
31.051 43.9666
31.052 37.5719
31.053 31.1763
31.054 24.7813
31.055 18.3888
31.056 12.0006
31.057 5.61931
31.058 -0.752664
31.059 -7.1126
31.06 -13.4579
31.061 -19.787
31.062 -26.0989
31.063 -32.3928
31.064 -38.6679
31.065 -44.9235
31.066 -51.1585
31.067 -57.3717
31.068 -63.5616
31.069 -69.7265
31.07 -75.8643
31.071 -81.9741
31.072 -88.0552
31.073 -94.1071
31.074 -100.129
31.075 -106.122
31.076 -112.084
31.077 -118.016
31.078 -123.917
31.079 -129.787
31.08 -135.625
31.081 -141.43
31.082 -147.199
31.083 -152.93
31.084 -158.623
31.085 -164.275
31.086 -169.887
31.087 -175.458
31.088 -180.988
31.089 -186.475
31.09 -191.919
31.091 -197.319
31.092 -202.672
31.093 -207.975
31.094 -213.227
31.095 -218.425
31.096 -223.567
31.097 -228.653
31.098 -233.68
31.099 -238.649
31.1 -243.559
31.101 -248.408
31.102 -253.193
31.103 -257.913
31.104 -262.565
31.105 -267.146
31.106 -271.654
31.107 -276.087
31.108 -280.442
31.109 -284.719
31.11 -288.915
31.111 -293.031
31.112 -297.065
31.113 -301.015
31.114 -304.881
31.115 -308.66
31.116 -312.351
31.117 -315.95
31.118 -319.457
31.119 -322.87
31.12 -326.187
31.121 -329.407
31.122 -332.529
31.123 -335.553
31.124 -338.479
31.125 -341.305
31.126 -344.031
31.127 -346.656
31.128 -349.178
31.129 -351.597
31.13 -353.909
31.131 -356.116
31.132 -358.219
31.133 -360.22
31.134 -362.119
31.135 -363.918
31.136 -365.617
31.137 -367.219
31.138 -368.722
31.139 -370.129
31.14 -371.438
31.141 -372.651
31.142 -373.771
31.143 -374.798
31.144 -375.736
31.145 -376.585
31.146 -377.35
31.147 -378.031
31.148 -378.63
31.149 -379.151
31.15 -379.593
31.151 -379.958
31.152 -380.247
31.153 -380.459
31.154 -380.598
31.155 -380.663
31.156 -380.658
31.157 -380.583
31.158 -380.443
31.159 -380.237
31.16 -379.968
31.161 -379.636
31.162 -379.243
31.163 -378.787
31.164 -378.27
31.165 -377.692
31.166 -377.053
31.167 -376.355
31.168 -375.599
31.169 -374.787
31.17 -373.921
31.171 -373.002
31.172 -372.031
31.173 -371.008
31.174 -369.932
31.175 -368.804
31.176 -367.623
31.177 -366.389
31.178 -365.103
31.179 -363.765
31.18 -362.378
31.181 -360.944
31.182 -359.464
31.183 -357.941
31.184 -356.376
31.185 -354.771
31.186 -353.125
31.187 -351.441
31.188 -349.717
31.189 -347.955
31.19 -346.155
31.191 -344.321
31.192 -342.453
31.193 -340.554
31.194 -338.627
31.195 -336.675
31.196 -334.697
31.197 -332.698
31.198 -330.675
31.199 -328.632
31.2 -326.567
31.201 -324.483
31.202 -322.379
31.203 -320.258
31.204 -318.121
31.205 -315.972
31.206 -313.813
31.207 -311.646
31.208 -309.474
31.209 -307.297
31.21 -305.117
31.211 -302.934
31.212 -300.752
31.213 -298.571
31.214 -296.392
31.215 -294.22
31.216 -292.055
31.217 -289.9
31.218 -287.759
31.219 -285.635
31.22 -283.53
31.221 -281.445
31.222 -279.382
31.223 -277.34
31.224 -275.321
31.225 -273.325
31.226 -271.354
31.227 -269.409
31.228 -267.492
31.229 -265.605
31.23 -263.75
31.231 -261.93
31.232 -260.145
31.233 -258.399
31.234 -256.69
31.235 -255.02
31.236 -253.39
31.237 -251.799
31.238 -250.249
31.239 -248.741
31.24 -247.277
31.241 -245.858
31.242 -244.486
31.243 -243.164
31.244 -241.894
31.245 -240.675
31.246 -239.509
31.247 -238.396
31.248 -237.337
31.249 -236.332
31.25 -235.381
31.251 -234.484
31.252 -233.639
31.253 -232.848
31.254 -232.109
31.255 -231.423
31.256 -230.791
31.257 -230.213
31.258 -229.689
31.259 -229.217
31.26 -228.797
31.261 -228.429
31.262 -228.111
31.263 -227.843
31.264 -227.625
31.265 -227.457
31.266 -227.341
31.267 -227.276
31.268 -227.263
31.269 -227.303
31.27 -227.395
31.271 -227.539
31.272 -227.735
31.273 -227.982
31.274 -228.277
31.275 -228.624
31.276 -229.02
31.277 -229.466
31.278 -229.96
31.279 -230.504
31.28 -231.098
31.281 -231.741
31.282 -232.434
31.283 -233.176
31.284 -233.967
31.285 -234.806
31.286 -235.692
31.287 -236.623
31.288 -237.601
31.289 -238.623
31.29 -239.689
31.291 -240.801
31.292 -241.959
31.293 -243.164
31.294 -244.416
31.295 -245.717
31.296 -247.064
31.297 -248.459
31.298 -249.899
31.299 -251.385
31.3 -252.915
31.301 -254.491
31.302 -256.111
31.303 -257.777
31.304 -259.49
31.305 -261.249
31.306 -263.055
31.307 -264.908
31.308 -266.807
31.309 -268.753
31.31 -270.743
31.311 -272.777
31.312 -274.851
31.313 -276.966
31.314 -279.119
31.315 -281.312
31.316 -283.543
31.317 -285.813
31.318 -288.121
31.319 -290.466
31.32 -292.848
31.321 -295.265
31.322 -297.716
31.323 -300.197
31.324 -302.706
31.325 -305.244
31.326 -307.807
31.327 -310.397
31.328 -313.011
31.329 -315.651
31.33 -318.315
31.331 -321.003
31.332 -323.712
31.333 -326.439
31.334 -329.183
31.335 -331.939
31.336 -334.705
31.337 -337.48
31.338 -340.262
31.339 -343.048
31.34 -345.839
31.341 -348.633
31.342 -351.429
31.343 -354.226
31.344 -357.022
31.345 -359.813
31.346 -362.598
31.347 -365.374
31.348 -368.138
31.349 -370.888
31.35 -373.621
31.351 -376.339
31.352 -379.04
31.353 -381.725
31.354 -384.393
31.355 -387.043
31.356 -389.675
31.357 -392.287
31.358 -394.876
31.359 -397.44
31.36 -399.978
31.361 -402.488
31.362 -404.969
31.363 -407.42
31.364 -409.842
31.365 -412.234
31.366 -414.597
31.367 -416.931
31.368 -419.233
31.369 -421.504
31.37 -423.74
31.371 -425.941
31.372 -428.103
31.373 -430.226
31.374 -432.309
31.375 -434.352
31.376 -436.355
31.377 -438.317
31.378 -440.24
31.379 -442.123
31.38 -443.965
31.381 -445.767
31.382 -447.528
31.383 -449.246
31.384 -450.922
31.385 -452.554
31.386 -454.142
31.387 -455.687
31.388 -457.188
31.389 -458.648
31.39 -460.067
31.391 -461.445
31.392 -462.781
31.393 -464.076
31.394 -465.328
31.395 -466.536
31.396 -467.699
31.397 -468.815
31.398 -469.885
31.399 -470.907
31.4 -471.883
31.401 -472.813
31.402 -473.699
31.403 -474.543
31.404 -475.345
31.405 -476.105
31.406 -476.824
31.407 -477.5
31.408 -478.133
31.409 -478.722
31.41 -479.269
31.411 -479.772
31.412 -480.233
31.413 -480.65
31.414 -481.027
31.415 -481.362
31.416 -481.658
31.417 -481.914
31.418 -482.129
31.419 -482.304
31.42 -482.436
31.421 -482.526
31.422 -482.572
31.423 -482.575
31.424 -482.535
31.425 -482.452
31.426 -482.328
31.427 -482.165
31.428 -481.961
31.429 -481.718
31.43 -481.437
31.431 -481.117
31.432 -480.759
31.433 -480.364
31.434 -479.93
31.435 -479.46
31.436 -478.953
31.437 -478.412
31.438 -477.836
31.439 -477.231
31.44 -476.594
31.441 -475.928
31.442 -475.235
31.443 -474.515
31.444 -473.769
31.445 -472.998
31.446 -472.201
31.447 -471.379
31.448 -470.533
31.449 -469.664
31.45 -468.774
31.451 -467.863
31.452 -466.932
31.453 -465.983
31.454 -465.015
31.455 -464.03
31.456 -463.026
31.457 -462.006
31.458 -460.967
31.459 -459.911
31.46 -458.837
31.461 -457.746
31.462 -456.64
31.463 -455.517
31.464 -454.381
31.465 -453.231
31.466 -452.068
31.467 -450.893
31.468 -449.706
31.469 -448.507
31.47 -447.297
31.471 -446.074
31.472 -444.838
31.473 -443.588
31.474 -442.324
31.475 -441.047
31.476 -439.757
31.477 -438.454
31.478 -437.14
31.479 -435.814
31.48 -434.476
31.481 -433.126
31.482 -431.765
31.483 -430.393
31.484 -429.01
31.485 -427.616
31.486 -426.211
31.487 -424.797
31.488 -423.373
31.489 -421.943
31.49 -420.505
31.491 -419.061
31.492 -417.61
31.493 -416.152
31.494 -414.687
31.495 -413.214
31.496 -411.732
31.497 -410.242
31.498 -408.742
31.499 -407.235
31.5 -405.719
31.501 -404.197
31.502 -402.671
31.503 -401.144
31.504 -399.616
31.505 -398.089
31.506 -396.563
31.507 -395.039
31.508 -393.516
31.509 -391.996
31.51 -390.48
31.511 -388.969
31.512 -387.466
31.513 -385.971
31.514 -384.489
31.515 -383.019
31.516 -381.565
31.517 -380.126
31.518 -378.704
31.519 -377.299
31.52 -375.911
31.521 -374.54
31.522 -373.185
31.523 -371.848
31.524 -370.529
31.525 -369.229
31.526 -367.951
31.527 -366.695
31.528 -365.464
31.529 -364.256
31.53 -363.073
31.531 -361.913
31.532 -360.774
31.533 -359.655
31.534 -358.555
31.535 -357.473
31.536 -356.411
31.537 -355.368
31.538 -354.346
31.539 -353.346
31.54 -352.368
31.541 -351.412
31.542 -350.477
31.543 -349.563
31.544 -348.666
31.545 -347.787
31.546 -346.923
31.547 -346.074
31.548 -345.24
31.549 -344.421
31.55 -343.62
31.551 -342.835
31.552 -342.066
31.553 -341.313
31.554 -340.574
31.555 -339.846
31.556 -339.128
31.557 -338.418
31.558 -337.714
31.559 -337.015
31.56 -336.32
31.561 -335.628
31.562 -334.94
31.563 -334.256
31.564 -333.575
31.565 -332.897
31.566 -332.22
31.567 -331.543
31.568 -330.864
31.569 -330.18
31.57 -329.489
31.571 -328.791
31.572 -328.086
31.573 -327.375
31.574 -326.658
31.575 -325.937
31.576 -325.21
31.577 -324.479
31.578 -323.743
31.579 -323
31.58 -322.248
31.581 -321.487
31.582 -320.713
31.583 -319.925
31.584 -319.122
31.585 -318.304
31.586 -317.472
31.587 -316.626
31.588 -315.765
31.589 -314.89
31.59 -314
31.591 -313.092
31.592 -312.164
31.593 -311.215
31.594 -310.241
31.595 -309.243
31.596 -308.218
31.597 -307.167
31.598 -306.09
31.599 -304.988
31.6 -303.861
31.601 -302.709
31.602 -301.533
31.603 -300.331
31.604 -299.104
31.605 -297.849
31.606 -296.565
31.607 -295.251
31.608 -293.907
31.609 -292.532
31.61 -291.128
31.611 -289.694
31.612 -288.23
31.613 -286.735
31.614 -285.207
31.615 -283.646
31.616 -282.049
31.617 -280.415
31.618 -278.74
31.619 -277.024
31.62 -275.264
31.621 -273.46
31.622 -271.613
31.623 -269.723
31.624 -267.791
31.625 -265.816
31.626 -263.799
31.627 -261.739
31.628 -259.635
31.629 -257.484
31.63 -255.286
31.631 -253.039
31.632 -250.742
31.633 -248.392
31.634 -245.991
31.635 -243.537
31.636 -241.032
31.637 -238.475
31.638 -235.866
31.639 -233.204
31.64 -230.488
31.641 -227.716
31.642 -224.888
31.643 -222.003
31.644 -219.06
31.645 -216.059
31.646 -213
31.647 -209.884
31.648 -206.712
31.649 -203.485
31.65 -200.203
31.651 -196.868
31.652 -193.48
31.653 -190.039
31.654 -186.546
31.655 -183
31.656 -179.402
31.657 -175.752
31.658 -172.05
31.659 -168.299
31.66 -164.499
31.661 -160.652
31.662 -156.759
31.663 -152.819
31.664 -148.834
31.665 -144.804
31.666 -140.728
31.667 -136.606
31.668 -132.437
31.669 -128.223
31.67 -123.963
31.671 -119.657
31.672 -115.308
31.673 -110.915
31.674 -106.481
31.675 -102.007
31.676 -97.4917
31.677 -92.937
31.678 -88.3426
31.679 -83.7083
31.68 -79.0342
31.681 -74.3212
31.682 -69.571
31.683 -64.7853
31.684 -59.9659
31.685 -55.115
31.686 -50.2343
31.687 -45.3255
31.688 -40.3899
31.689 -35.4286
31.69 -30.4424
31.691 -25.4322
31.692 -20.399
31.693 -15.3438
31.694 -10.2684
31.695 -5.17437
31.696 -0.0638796
31.697 5.06098
31.698 10.1982
31.699 15.3459
31.7 20.5026
31.701 25.6677
31.702 30.8415
31.703 36.0238
31.704 41.2144
31.705 46.4126
31.706 51.6174
31.707 56.8274
31.708 62.041
31.709 67.2564
31.71 72.4721
31.711 77.6861
31.712 82.8965
31.713 88.1019
31.714 93.3014
31.715 98.4943
31.716 103.68
31.717 108.857
31.718 114.025
31.719 119.181
31.72 124.324
31.721 129.451
31.722 134.562
31.723 139.656
31.724 144.73
31.725 149.785
31.726 154.819
31.727 159.833
31.728 164.827
31.729 169.8
31.73 174.752
31.731 179.681
31.732 184.586
31.733 189.467
31.734 194.321
31.735 199.148
31.736 203.947
31.737 208.716
31.738 213.456
31.739 218.165
31.74 222.845
31.741 227.494
31.742 232.111
31.743 236.695
31.744 241.242
31.745 245.753
31.746 250.225
31.747 254.656
31.748 259.046
31.749 263.393
31.75 267.696
31.751 271.955
31.752 276.166
31.753 280.329
31.754 284.442
31.755 288.504
31.756 292.511
31.757 296.463
31.758 300.357
31.759 304.192
31.76 307.967
31.761 311.68
31.762 315.334
31.763 318.928
31.764 322.463
31.765 325.939
31.766 329.356
31.767 332.712
31.768 336.007
31.769 339.241
31.77 342.413
31.771 345.522
31.772 348.565
31.773 351.543
31.774 354.454
31.775 357.297
31.776 360.073
31.777 362.781
31.778 365.42
31.779 367.989
31.78 370.487
31.781 372.914
31.782 375.27
31.783 377.555
31.784 379.771
31.785 381.917
31.786 383.993
31.787 386.002
31.788 387.943
31.789 389.817
31.79 391.626
31.791 393.37
31.792 395.051
31.793 396.667
31.794 398.221
31.795 399.712
31.796 401.142
31.797 402.51
31.798 403.819
31.799 405.068
31.8 406.26
31.801 407.395
31.802 408.474
31.803 409.499
31.804 410.471
31.805 411.391
31.806 412.259
31.807 413.077
31.808 413.844
31.809 414.563
31.81 415.234
31.811 415.859
31.812 416.438
31.813 416.974
31.814 417.468
31.815 417.921
31.816 418.335
31.817 418.71
31.818 419.048
31.819 419.35
31.82 419.616
31.821 419.848
31.822 420.047
31.823 420.215
31.824 420.353
31.825 420.463
31.826 420.545
31.827 420.603
31.828 420.637
31.829 420.648
31.83 420.638
31.831 420.607
31.832 420.555
31.833 420.482
31.834 420.39
31.835 420.278
31.836 420.148
31.837 420
31.838 419.838
31.839 419.661
31.84 419.471
31.841 419.267
31.842 419.049
31.843 418.817
31.844 418.569
31.845 418.305
31.846 418.026
31.847 417.732
31.848 417.423
31.849 417.101
31.85 416.766
31.851 416.42
31.852 416.064
31.853 415.699
31.854 415.325
31.855 414.942
31.856 414.551
31.857 414.15
31.858 413.742
31.859 413.326
31.86 412.904
31.861 412.476
31.862 412.045
31.863 411.609
31.864 411.17
31.865 410.728
31.866 410.283
31.867 409.834
31.868 409.382
31.869 408.926
31.87 408.465
31.871 407.999
31.872 407.531
31.873 407.059
31.874 406.583
31.875 406.106
31.876 405.628
31.877 405.15
31.878 404.671
31.879 404.191
31.88 403.71
31.881 403.227
31.882 402.742
31.883 402.255
31.884 401.767
31.885 401.277
31.886 400.787
31.887 400.297
31.888 399.809
31.889 399.322
31.89 398.837
31.891 398.355
31.892 397.876
31.893 397.401
31.894 396.929
31.895 396.462
31.896 396
31.897 395.544
31.898 395.096
31.899 394.655
31.9 394.225
31.901 393.804
31.902 393.393
31.903 392.994
31.904 392.604
31.905 392.224
31.906 391.853
31.907 391.491
31.908 391.139
31.909 390.797
31.91 390.464
31.911 390.143
31.912 389.832
31.913 389.534
31.914 389.247
31.915 388.972
31.916 388.708
31.917 388.456
31.918 388.214
31.919 387.983
31.92 387.762
31.921 387.552
31.922 387.354
31.923 387.166
31.924 386.991
31.925 386.829
31.926 386.679
31.927 386.542
31.928 386.417
31.929 386.304
31.93 386.202
31.931 386.112
31.932 386.032
31.933 385.964
31.934 385.907
31.935 385.862
31.936 385.829
31.937 385.809
31.938 385.801
31.939 385.807
31.94 385.824
31.941 385.853
31.942 385.889
31.943 385.93
31.944 385.975
31.945 386.023
31.946 386.073
31.947 386.124
31.948 386.176
31.949 386.229
31.95 386.281
31.951 386.332
31.952 386.382
31.953 386.427
31.954 386.468
31.955 386.503
31.956 386.529
31.957 386.547
31.958 386.556
31.959 386.556
31.96 386.547
31.961 386.53
31.962 386.507
31.963 386.478
31.964 386.442
31.965 386.399
31.966 386.349
31.967 386.289
31.968 386.22
31.969 386.14
31.97 386.049
31.971 385.949
31.972 385.838
31.973 385.716
31.974 385.585
31.975 385.445
31.976 385.294
31.977 385.132
31.978 384.958
31.979 384.769
31.98 384.566
31.981 384.346
31.982 384.108
31.983 383.853
31.984 383.581
31.985 383.291
31.986 382.984
31.987 382.661
31.988 382.322
31.989 381.965
31.99 381.589
31.991 381.194
31.992 380.779
31.993 380.339
31.994 379.877
31.995 379.39
31.996 378.881
31.997 378.348
31.998 377.793
31.999 377.216
32 376.618
32.001 375.996
32.002 375.349
32.003 374.674
32.004 373.97
32.005 373.235
32.006 372.467
32.007 371.666
32.008 370.832
32.009 369.964
32.01 369.064
32.011 368.13
32.012 367.163
32.013 366.162
32.014 365.124
32.015 364.047
32.016 362.931
32.017 361.772
32.018 360.571
32.019 359.326
32.02 358.037
32.021 356.705
32.022 355.332
32.023 353.92
32.024 352.468
32.025 350.976
32.026 349.443
32.027 347.869
32.028 346.252
32.029 344.591
32.03 342.885
32.031 341.133
32.032 339.336
32.033 337.494
32.034 335.608
32.035 333.679
32.036 331.706
32.037 329.69
32.038 327.629
32.039 325.523
32.04 323.37
32.041 321.168
32.042 318.916
32.043 316.612
32.044 314.258
32.045 311.854
32.046 309.4
32.047 306.897
32.048 304.348
32.049 301.751
32.05 299.106
32.051 296.412
32.052 293.671
32.053 290.88
32.054 288.04
32.055 285.151
32.056 282.212
32.057 279.226
32.058 276.194
32.059 273.117
32.06 269.997
32.061 266.835
32.062 263.63
32.063 260.382
32.064 257.09
32.065 253.752
32.066 250.368
32.067 246.938
32.068 243.461
32.069 239.939
32.07 236.373
32.071 232.763
32.072 229.111
32.073 225.418
32.074 221.684
32.075 217.908
32.076 214.089
32.077 210.228
32.078 206.323
32.079 202.374
32.08 198.381
32.081 194.346
32.082 190.272
32.083 186.16
32.084 182.013
32.085 177.831
32.086 173.618
32.087 169.371
32.088 165.093
32.089 160.781
32.09 156.438
32.091 152.061
32.092 147.652
32.093 143.211
32.094 138.74
32.095 134.24
32.096 129.713
32.097 125.162
32.098 120.586
32.099 115.986
32.1 111.361
32.101 106.713
32.102 102.043
32.103 97.3516
32.104 92.6414
32.105 87.9143
32.106 83.1727
32.107 78.4194
32.108 73.6571
32.109 68.8885
32.11 64.1158
32.111 59.341
32.112 54.5654
32.113 49.7904
32.114 45.017
32.115 40.2467
32.116 35.481
32.117 30.7219
32.118 25.972
32.119 21.2339
32.12 16.5104
32.121 11.8041
32.122 7.11746
32.123 2.45239
32.124 -2.18959
32.125 -6.80722
32.126 -11.3994
32.127 -15.9649
32.128 -20.5024
32.129 -25.0098
32.13 -29.4851
32.131 -33.9256
32.132 -38.3287
32.133 -42.6917
32.134 -47.0125
32.135 -51.2891
32.136 -55.52
32.137 -59.7041
32.138 -63.8405
32.139 -67.9282
32.14 -71.966
32.141 -75.9532
32.142 -79.8889
32.143 -83.7718
32.144 -87.6002
32.145 -91.3723
32.146 -95.0866
32.147 -98.7416
32.148 -102.337
32.149 -105.871
32.15 -109.345
32.151 -112.759
32.152 -116.114
32.153 -119.412
32.154 -122.651
32.155 -125.832
32.156 -128.954
32.157 -132.016
32.158 -135.017
32.159 -137.956
32.16 -140.834
32.161 -143.65
32.162 -146.406
32.163 -149.102
32.164 -151.741
32.165 -154.324
32.166 -156.85
32.167 -159.32
32.168 -161.733
32.169 -164.089
32.17 -166.387
32.171 -168.627
32.172 -170.809
32.173 -172.933
32.174 -175.001
32.175 -177.014
32.176 -178.973
32.177 -180.881
32.178 -182.738
32.179 -184.545
32.18 -186.301
32.181 -188.005
32.182 -189.657
32.183 -191.254
32.184 -192.797
32.185 -194.285
32.186 -195.72
32.187 -197.102
32.188 -198.433
32.189 -199.715
32.19 -200.949
32.191 -202.133
32.192 -203.266
32.193 -204.346
32.194 -205.372
32.195 -206.341
32.196 -207.254
32.197 -208.11
32.198 -208.91
32.199 -209.654
32.2 -210.344
32.201 -210.98
32.202 -211.562
32.203 -212.087
32.204 -212.555
32.205 -212.963
32.206 -213.31
32.207 -213.593
32.208 -213.812
32.209 -213.966
32.21 -214.055
32.211 -214.082
32.212 -214.049
32.213 -213.958
32.214 -213.81
32.215 -213.607
32.216 -213.348
32.217 -213.032
32.218 -212.659
32.219 -212.228
32.22 -211.737
32.221 -211.189
32.222 -210.584
32.223 -209.923
32.224 -209.209
32.225 -208.443
32.226 -207.628
32.227 -206.764
32.228 -205.85
32.229 -204.886
32.23 -203.87
32.231 -202.802
32.232 -201.682
32.233 -200.511
32.234 -199.292
32.235 -198.026
32.236 -196.717
32.237 -195.367
32.238 -193.978
32.239 -192.552
32.24 -191.09
32.241 -189.592
32.242 -188.058
32.243 -186.487
32.244 -184.88
32.245 -183.238
32.246 -181.562
32.247 -179.855
32.248 -178.121
32.249 -176.361
32.25 -174.579
32.251 -172.776
32.252 -170.954
32.253 -169.113
32.254 -167.253
32.255 -165.373
32.256 -163.474
32.257 -161.557
32.258 -159.624
32.259 -157.677
32.26 -155.719
32.261 -153.752
32.262 -151.778
32.263 -149.799
32.264 -147.814
32.265 -145.824
32.266 -143.828
32.267 -141.826
32.268 -139.818
32.269 -137.804
32.27 -135.784
32.271 -133.761
32.272 -131.737
32.273 -129.713
32.274 -127.692
32.275 -125.676
32.276 -123.664
32.277 -121.657
32.278 -119.655
32.279 -117.657
32.28 -115.662
32.281 -113.672
32.282 -111.686
32.283 -109.707
32.284 -107.736
32.285 -105.775
32.286 -103.826
32.287 -101.892
32.288 -99.9715
32.289 -98.0664
32.29 -96.1759
32.291 -94.3002
32.292 -92.44
32.293 -90.5961
32.294 -88.7699
32.295 -86.9631
32.296 -85.178
32.297 -83.4171
32.298 -81.6828
32.299 -79.977
32.3 -78.3013
32.301 -76.6567
32.302 -75.0437
32.303 -73.4626
32.304 -71.9136
32.305 -70.3974
32.306 -68.9148
32.307 -67.4675
32.308 -66.0574
32.309 -64.6869
32.31 -63.3582
32.311 -62.0732
32.312 -60.8335
32.313 -59.6399
32.314 -58.4928
32.315 -57.3924
32.316 -56.3387
32.317 -55.3319
32.318 -54.3727
32.319 -53.4623
32.32 -52.6024
32.321 -51.795
32.322 -51.042
32.323 -50.3454
32.324 -49.7064
32.325 -49.1258
32.326 -48.6039
32.327 -48.1406
32.328 -47.7356
32.329 -47.3888
32.33 -47.1005
32.331 -46.8714
32.332 -46.703
32.333 -46.5957
32.334 -46.5538
32.335 -46.5773
32.336 -46.6675
32.337 -46.8249
32.338 -47.0495
32.339 -47.3408
32.34 -47.6973
32.341 -48.1199
32.342 -48.6067
32.343 -49.1569
32.344 -49.7708
32.345 -50.4489
32.346 -51.192
32.347 -52.0008
32.348 -52.8758
32.349 -53.8168
32.35 -54.8232
32.351 -55.8945
32.352 -57.0301
32.353 -58.2294
32.354 -59.4915
32.355 -60.8163
32.356 -62.2037
32.357 -63.6543
32.358 -65.1689
32.359 -66.7485
32.36 -68.3938
32.361 -70.1046
32.362 -71.8796
32.363 -73.7173
32.364 -75.6162
32.365 -77.5743
32.366 -79.5903
32.367 -81.6629
32.368 -83.7914
32.369 -85.9753
32.37 -88.2147
32.371 -90.5093
32.372 -92.859
32.373 -95.2629
32.374 -97.72
32.375 -100.229
32.376 -102.787
32.377 -105.393
32.378 -108.044
32.379 -110.739
32.38 -113.478
32.381 -116.26
32.382 -119.085
32.383 -121.954
32.384 -124.868
32.385 -127.827
32.386 -130.829
32.387 -133.873
32.388 -136.957
32.389 -140.08
32.39 -143.24
32.391 -146.437
32.392 -149.668
32.393 -152.935
32.394 -156.237
32.395 -159.574
32.396 -162.948
32.397 -166.357
32.398 -169.801
32.399 -173.278
32.4 -176.786
32.401 -180.324
32.402 -183.889
32.403 -187.481
32.404 -191.098
32.405 -194.739
32.406 -198.405
32.407 -202.097
32.408 -205.813
32.409 -209.553
32.41 -213.318
32.411 -217.105
32.412 -220.912
32.413 -224.737
32.414 -228.579
32.415 -232.435
32.416 -236.305
32.417 -240.187
32.418 -244.082
32.419 -247.989
32.42 -251.909
32.421 -255.841
32.422 -259.785
32.423 -263.739
32.424 -267.7
32.425 -271.668
32.426 -275.64
32.427 -279.613
32.428 -283.587
32.429 -287.561
32.43 -291.535
32.431 -295.508
32.432 -299.48
32.433 -303.452
32.434 -307.422
32.435 -311.39
32.436 -315.352
32.437 -319.309
32.438 -323.256
32.439 -327.193
32.44 -331.118
32.441 -335.03
32.442 -338.925
32.443 -342.805
32.444 -346.668
32.445 -350.513
32.446 -354.34
32.447 -358.147
32.448 -361.931
32.449 -365.692
32.45 -369.426
32.451 -373.13
32.452 -376.805
32.453 -380.45
32.454 -384.063
32.455 -387.644
32.456 -391.194
32.457 -394.712
32.458 -398.198
32.459 -401.652
32.46 -405.072
32.461 -408.457
32.462 -411.805
32.463 -415.116
32.464 -418.387
32.465 -421.618
32.466 -424.809
32.467 -427.959
32.468 -431.068
32.469 -434.138
32.47 -437.167
32.471 -440.156
32.472 -443.103
32.473 -446.008
32.474 -448.87
32.475 -451.687
32.476 -454.458
32.477 -457.182
32.478 -459.86
32.479 -462.491
32.48 -465.076
32.481 -467.615
32.482 -470.109
32.483 -472.557
32.484 -474.96
32.485 -477.316
32.486 -479.624
32.487 -481.885
32.488 -484.096
32.489 -486.257
32.49 -488.368
32.491 -490.43
32.492 -492.443
32.493 -494.408
32.494 -496.326
32.495 -498.196
32.496 -500.019
32.497 -501.795
32.498 -503.523
32.499 -505.202
32.5 -506.831
32.501 -508.411
32.502 -509.938
32.503 -511.414
32.504 -512.838
32.505 -514.21
32.506 -515.532
32.507 -516.803
32.508 -518.023
32.509 -519.193
32.51 -520.31
32.511 -521.375
32.512 -522.388
32.513 -523.348
32.514 -524.255
32.515 -525.11
32.516 -525.914
32.517 -526.668
32.518 -527.373
32.519 -528.029
32.52 -528.639
32.521 -529.201
32.522 -529.715
32.523 -530.18
32.524 -530.596
32.525 -530.961
32.526 -531.276
32.527 -531.54
32.528 -531.754
32.529 -531.92
32.53 -532.037
32.531 -532.107
32.532 -532.132
32.533 -532.112
32.534 -532.049
32.535 -531.941
32.536 -531.789
32.537 -531.594
32.538 -531.355
32.539 -531.072
32.54 -530.747
32.541 -530.382
32.542 -529.976
32.543 -529.53
32.544 -529.047
32.545 -528.525
32.546 -527.966
32.547 -527.369
32.548 -526.733
32.549 -526.061
32.55 -525.348
32.551 -524.596
32.552 -523.805
32.553 -522.978
32.554 -522.114
32.555 -521.215
32.556 -520.282
32.557 -519.316
32.558 -518.317
32.559 -517.286
32.56 -516.221
32.561 -515.123
32.562 -513.989
32.563 -512.819
32.564 -511.613
32.565 -510.372
32.566 -509.095
32.567 -507.784
32.568 -506.441
32.569 -505.065
32.57 -503.656
32.571 -502.215
32.572 -500.743
32.573 -499.238
32.574 -497.701
32.575 -496.131
32.576 -494.53
32.577 -492.897
32.578 -491.235
32.579 -489.544
32.58 -487.827
32.581 -486.084
32.582 -484.315
32.583 -482.52
32.584 -480.699
32.585 -478.85
32.586 -476.973
32.587 -475.069
32.588 -473.136
32.589 -471.175
32.59 -469.187
32.591 -467.174
32.592 -465.134
32.593 -463.071
32.594 -460.983
32.595 -458.872
32.596 -456.736
32.597 -454.576
32.598 -452.39
32.599 -450.178
32.6 -447.941
32.601 -445.678
32.602 -443.389
32.603 -441.073
32.604 -438.732
32.605 -436.365
32.606 -433.973
32.607 -431.555
32.608 -429.112
32.609 -426.641
32.61 -424.143
32.611 -421.616
32.612 -419.059
32.613 -416.472
32.614 -413.855
32.615 -411.209
32.616 -408.532
32.617 -405.827
32.618 -403.093
32.619 -400.331
32.62 -397.54
32.621 -394.72
32.622 -391.872
32.623 -388.995
32.624 -386.091
32.625 -383.158
32.626 -380.197
32.627 -377.209
32.628 -374.196
32.629 -371.157
32.63 -368.095
32.631 -365.01
32.632 -361.902
32.633 -358.774
32.634 -355.623
32.635 -352.452
32.636 -349.26
32.637 -346.046
32.638 -342.813
32.639 -339.559
32.64 -336.287
32.641 -332.997
32.642 -329.689
32.643 -326.363
32.644 -323.019
32.645 -319.658
32.646 -316.278
32.647 -312.881
32.648 -309.466
32.649 -306.032
32.65 -302.58
32.651 -299.111
32.652 -295.628
32.653 -292.132
32.654 -288.626
32.655 -285.111
32.656 -281.588
32.657 -278.058
32.658 -274.523
32.659 -270.982
32.66 -267.438
32.661 -263.889
32.662 -260.335
32.663 -256.777
32.664 -253.214
32.665 -249.647
32.666 -246.079
32.667 -242.508
32.668 -238.937
32.669 -235.364
32.67 -231.79
32.671 -228.215
32.672 -224.639
32.673 -221.063
32.674 -217.487
32.675 -213.911
32.676 -210.337
32.677 -206.766
32.678 -203.199
32.679 -199.638
32.68 -196.083
32.681 -192.535
32.682 -188.994
32.683 -185.459
32.684 -181.929
32.685 -178.404
32.686 -174.883
32.687 -171.368
32.688 -167.858
32.689 -164.355
32.69 -160.858
32.691 -157.37
32.692 -153.892
32.693 -150.424
32.694 -146.968
32.695 -143.523
32.696 -140.089
32.697 -136.666
32.698 -133.255
32.699 -129.856
32.7 -126.469
32.701 -123.096
32.702 -119.737
32.703 -116.393
32.704 -113.063
32.705 -109.749
32.706 -106.45
32.707 -103.167
32.708 -99.8976
32.709 -96.6426
32.71 -93.4012
32.711 -90.1737
32.712 -86.9611
32.713 -83.7648
32.714 -80.5858
32.715 -77.4253
32.716 -74.2845
32.717 -71.1639
32.718 -68.0642
32.719 -64.9855
32.72 -61.9277
32.721 -58.891
32.722 -55.8755
32.723 -52.8816
32.724 -49.9101
32.725 -46.9618
32.726 -44.038
32.727 -41.1398
32.728 -38.268
32.729 -35.4234
32.73 -32.6064
32.731 -29.8172
32.732 -27.0556
32.733 -24.3216
32.734 -21.6152
32.735 -18.9366
32.736 -16.2863
32.737 -13.665
32.738 -11.0738
32.739 -8.51364
32.74 -5.98532
32.741 -3.4888
32.742 -1.02322
32.743 1.41224
32.744 3.81847
32.745 6.19634
32.746 8.54652
32.747 10.8694
32.748 13.1651
32.749 15.4336
32.75 17.6746
32.751 19.888
32.752 22.074
32.753 24.2327
32.754 26.3649
32.755 28.4715
32.756 30.5535
32.757 32.612
32.758 34.6477
32.759 36.6614
32.76 38.6533
32.761 40.6234
32.762 42.5718
32.763 44.4984
32.764 46.4033
32.765 48.2869
32.766 50.15
32.767 51.9934
32.768 53.8183
32.769 55.6258
32.77 57.417
32.771 59.1912
32.772 60.9464
32.773 62.6813
32.774 64.3944
32.775 66.0846
32.776 67.7511
32.777 69.3934
32.778 71.0115
32.779 72.6054
32.78 74.1753
32.781 75.7216
32.782 77.2451
32.783 78.7457
32.784 80.2232
32.785 81.6766
32.786 83.1052
32.787 84.5084
32.788 85.8857
32.789 87.2373
32.79 88.5636
32.791 89.8657
32.792 91.1444
32.793 92.4008
32.794 93.6355
32.795 94.8487
32.796 96.0403
32.797 97.2096
32.798 98.356
32.799 99.4789
32.8 100.578
32.801 101.654
32.802 102.709
32.803 103.744
32.804 104.761
32.805 105.763
32.806 106.75
32.807 107.723
32.808 108.683
32.809 109.629
32.81 110.562
32.811 111.482
32.812 112.389
32.813 113.285
32.814 114.17
32.815 115.047
32.816 115.917
32.817 116.782
32.818 117.644
32.819 118.504
32.82 119.362
32.821 120.218
32.822 121.073
32.823 121.927
32.824 122.779
32.825 123.631
32.826 124.485
32.827 125.341
32.828 126.202
32.829 127.07
32.83 127.946
32.831 128.832
32.832 129.729
32.833 130.64
32.834 131.564
32.835 132.503
32.836 133.456
32.837 134.426
32.838 135.414
32.839 136.421
32.84 137.45
32.841 138.503
32.842 139.581
32.843 140.686
32.844 141.817
32.845 142.976
32.846 144.163
32.847 145.377
32.848 146.619
32.849 147.89
32.85 149.19
32.851 150.52
32.852 151.881
32.853 153.276
32.854 154.704
32.855 156.168
32.856 157.668
32.857 159.205
32.858 160.778
32.859 162.387
32.86 164.033
32.861 165.715
32.862 167.432
32.863 169.184
32.864 170.971
32.865 172.794
32.866 174.654
32.867 176.551
32.868 178.486
32.869 180.458
32.87 182.466
32.871 184.511
32.872 186.593
32.873 188.71
32.874 190.864
32.875 193.055
32.876 195.283
32.877 197.549
32.878 199.853
32.879 202.197
32.88 204.582
32.881 207.007
32.882 209.473
32.883 211.979
32.884 214.526
32.885 217.113
32.886 219.739
32.887 222.405
32.888 225.111
32.889 227.857
32.89 230.643
32.891 233.473
32.892 236.349
32.893 239.273
32.894 242.245
32.895 245.268
32.896 248.342
32.897 251.465
32.898 254.64
32.899 257.866
32.9 261.144
32.901 264.477
32.902 267.865
32.903 271.311
32.904 274.818
32.905 278.386
32.906 282.018
32.907 285.713
32.908 289.472
32.909 293.295
32.91 297.181
32.911 301.131
32.912 305.145
32.913 309.224
32.914 313.37
32.915 317.584
32.916 321.869
32.917 326.225
32.918 330.654
32.919 335.155
32.92 339.729
32.921 344.375
32.922 349.09
32.923 353.873
32.924 358.724
32.925 363.642
32.926 368.629
32.927 373.684
32.928 378.809
32.929 384.004
32.93 389.27
32.931 394.605
32.932 400.009
32.933 405.479
32.934 411.014
32.935 416.612
32.936 422.271
32.937 427.992
32.938 433.773
32.939 439.615
32.94 445.519
32.941 451.485
32.942 457.512
32.943 463.601
32.944 469.749
32.945 475.954
32.946 482.214
32.947 488.527
32.948 494.89
32.949 501.304
32.95 507.766
32.951 514.278
32.952 520.839
32.953 527.449
32.954 534.108
32.955 540.815
32.956 547.568
32.957 554.365
32.958 561.203
32.959 568.08
32.96 574.994
32.961 581.943
32.962 588.928
32.963 595.95
32.964 603.009
32.965 610.105
32.966 617.238
32.967 624.408
32.968 631.614
32.969 638.853
32.97 646.124
32.971 653.423
32.972 660.748
32.973 668.097
32.974 675.469
32.975 682.863
32.976 690.279
32.977 697.718
32.978 705.179
32.979 712.661
32.98 720.163
32.981 727.68
32.982 735.212
32.983 742.754
32.984 750.304
32.985 757.86
32.986 765.42
32.987 772.985
32.988 780.554
32.989 788.127
32.99 795.704
32.991 803.283
32.992 810.862
32.993 818.438
32.994 826.007
32.995 833.566
32.996 841.112
32.997 848.642
32.998 856.155
32.999 863.649
33 871.124
33.001 878.58
33.002 886.014
33.003 893.424
33.004 900.809
33.005 908.164
33.006 915.486
33.007 922.772
33.008 930.018
33.009 937.221
33.01 944.381
33.011 951.494
33.012 958.559
33.013 965.575
33.014 972.539
33.015 979.449
33.016 986.305
33.017 993.101
33.018 999.836
33.019 1006.51
33.02 1013.11
33.021 1019.64
33.022 1026.09
33.023 1032.46
33.024 1038.74
33.025 1044.95
33.026 1051.06
33.027 1057.09
33.028 1063.03
33.029 1068.87
33.03 1074.61
33.031 1080.26
33.032 1085.79
33.033 1091.22
33.034 1096.54
33.035 1101.74
33.036 1106.82
33.037 1111.79
33.038 1116.64
33.039 1121.36
33.04 1125.97
33.041 1130.45
33.042 1134.8
33.043 1139.03
33.044 1143.12
33.045 1147.07
33.046 1150.87
33.047 1154.54
33.048 1158.05
33.049 1161.43
33.05 1164.65
33.051 1167.73
33.052 1170.65
33.053 1173.43
33.054 1176.05
33.055 1178.52
33.056 1180.83
33.057 1182.98
33.058 1184.96
33.059 1186.78
33.06 1188.43
33.061 1189.91
33.062 1191.23
33.063 1192.39
33.064 1193.38
33.065 1194.2
33.066 1194.87
33.067 1195.36
33.068 1195.69
33.069 1195.85
33.07 1195.83
33.071 1195.65
33.072 1195.29
33.073 1194.76
33.074 1194.06
33.075 1193.19
33.076 1192.16
33.077 1190.96
33.078 1189.59
33.079 1188.06
33.08 1186.35
33.081 1184.48
33.082 1182.43
33.083 1180.22
33.084 1177.83
33.085 1175.26
33.086 1172.52
33.087 1169.61
33.088 1166.53
33.089 1163.28
33.09 1159.86
33.091 1156.27
33.092 1152.51
33.093 1148.58
33.094 1144.48
33.095 1140.2
33.096 1135.76
33.097 1131.14
33.098 1126.36
33.099 1121.41
33.1 1116.3
33.101 1111.03
33.102 1105.6
33.103 1100.01
33.104 1094.25
33.105 1088.33
33.106 1082.25
33.107 1076
33.108 1069.58
33.109 1063
33.11 1056.27
33.111 1049.37
33.112 1042.32
33.113 1035.11
33.114 1027.75
33.115 1020.24
33.116 1012.57
33.117 1004.75
33.118 996.767
33.119 988.634
33.12 980.346
33.121 971.907
33.122 963.321
33.123 954.591
33.124 945.72
33.125 936.712
33.126 927.568
33.127 918.289
33.128 908.876
33.129 899.329
33.13 889.648
33.131 879.836
33.132 869.891
33.133 859.817
33.134 849.616
33.135 839.293
33.136 828.85
33.137 818.291
33.138 807.618
33.139 796.832
33.14 785.934
33.141 774.924
33.142 763.804
33.143 752.576
33.144 741.241
33.145 729.803
33.146 718.266
33.147 706.634
33.148 694.911
33.149 683.103
33.15 671.211
33.151 659.238
33.152 647.186
33.153 635.054
33.154 622.844
33.155 610.557
33.156 598.194
33.157 585.76
33.158 573.258
33.159 560.691
33.16 548.065
33.161 535.384
33.162 522.651
33.163 509.868
33.164 497.037
33.165 484.16
33.166 471.238
33.167 458.273
33.168 445.266
33.169 432.222
33.17 419.145
33.171 406.038
33.172 392.906
33.173 379.751
33.174 366.579
33.175 353.39
33.176 340.189
33.177 326.975
33.178 313.75
33.179 300.517
33.18 287.278
33.181 274.034
33.182 260.791
33.183 247.553
33.184 234.324
33.185 221.108
33.186 207.91
33.187 194.733
33.188 181.579
33.189 168.452
33.19 155.353
33.191 142.284
33.192 129.25
33.193 116.254
33.194 103.301
33.195 90.3965
33.196 77.5447
33.197 64.7512
33.198 52.0208
33.199 39.3576
33.2 26.765
33.201 14.2461
33.202 1.80364
33.203 -10.5596
33.204 -22.8406
33.205 -35.0356
33.206 -47.1405
33.207 -59.1507
33.208 -71.0611
33.209 -82.8672
33.21 -94.5644
33.211 -106.148
33.212 -117.611
33.213 -128.951
33.214 -140.164
33.215 -151.246
33.216 -162.195
33.217 -173.006
33.218 -183.676
33.219 -194.201
33.22 -204.575
33.221 -214.793
33.222 -224.853
33.223 -234.75
33.224 -244.481
33.225 -254.043
33.226 -263.435
33.227 -272.655
33.228 -281.702
33.229 -290.574
33.23 -299.268
33.231 -307.783
33.232 -316.112
33.233 -324.251
33.234 -332.195
33.235 -339.943
33.236 -347.489
33.237 -354.834
33.238 -361.975
33.239 -368.912
33.24 -375.643
33.241 -382.168
33.242 -388.486
33.243 -394.596
33.244 -400.496
33.245 -406.183
33.246 -411.656
33.247 -416.913
33.248 -421.952
33.249 -426.774
33.25 -431.38
33.251 -435.77
33.252 -439.946
33.253 -443.909
33.254 -447.66
33.255 -451.199
33.256 -454.525
33.257 -457.637
33.258 -460.536
33.259 -463.219
33.26 -465.688
33.261 -467.942
33.262 -469.985
33.263 -471.818
33.264 -473.443
33.265 -474.864
33.266 -476.081
33.267 -477.096
33.268 -477.911
33.269 -478.524
33.27 -478.936
33.271 -479.147
33.272 -479.159
33.273 -478.972
33.274 -478.59
33.275 -478.014
33.276 -477.249
33.277 -476.297
33.278 -475.161
33.279 -473.845
33.28 -472.346
33.281 -470.666
33.282 -468.804
33.283 -466.763
33.284 -464.542
33.285 -462.145
33.286 -459.573
33.287 -456.83
33.288 -453.92
33.289 -450.847
33.29 -447.614
33.291 -444.224
33.292 -440.679
33.293 -436.981
33.294 -433.131
33.295 -429.13
33.296 -424.979
33.297 -420.682
33.298 -416.241
33.299 -411.66
33.3 -406.942
33.301 -402.092
33.302 -397.112
33.303 -392.005
33.304 -386.773
33.305 -381.416
33.306 -375.937
33.307 -370.336
33.308 -364.616
33.309 -358.777
33.31 -352.823
33.311 -346.757
33.312 -340.581
33.313 -334.301
33.314 -327.92
33.315 -321.439
33.316 -314.863
33.317 -308.192
33.318 -301.429
33.319 -294.574
33.32 -287.63
33.321 -280.598
33.322 -273.482
33.323 -266.285
33.324 -259.01
33.325 -251.662
33.326 -244.244
33.327 -236.76
33.328 -229.212
33.329 -221.603
33.33 -213.935
33.331 -206.21
33.332 -198.431
33.333 -190.601
33.334 -182.724
33.335 -174.805
33.336 -166.846
33.337 -158.853
33.338 -150.831
33.339 -142.783
33.34 -134.714
33.341 -126.626
33.342 -118.522
33.343 -110.406
33.344 -102.279
33.345 -94.1461
33.346 -86.0098
33.347 -77.8743
33.348 -69.744
33.349 -61.6235
33.35 -53.5174
33.351 -45.43
33.352 -37.3651
33.353 -29.3261
33.354 -21.3162
33.355 -13.338
33.356 -5.39447
33.357 2.51146
33.358 10.3764
33.359 18.1964
33.36 25.9672
33.361 33.6845
33.362 41.3436
33.363 48.9404
33.364 56.4709
33.365 63.9319
33.366 71.3203
33.367 78.6335
33.368 85.8689
33.369 93.0237
33.37 100.095
33.371 107.078
33.372 113.969
33.373 120.762
33.374 127.451
33.375 134.034
33.376 140.505
33.377 146.861
33.378 153.098
33.379 159.215
33.38 165.208
33.381 171.076
33.382 176.815
33.383 182.423
33.384 187.897
33.385 193.233
33.386 198.427
33.387 203.475
33.388 208.374
33.389 213.121
33.39 217.715
33.391 222.152
33.392 226.432
33.393 230.552
33.394 234.508
33.395 238.3
33.396 241.923
33.397 245.375
33.398 248.651
33.399 251.748
33.4 254.663
33.401 257.396
33.402 259.946
33.403 262.313
33.404 264.497
33.405 266.499
33.406 268.318
33.407 269.954
33.408 271.404
33.409 272.668
33.41 273.745
33.411 274.631
33.412 275.326
33.413 275.828
33.414 276.138
33.415 276.256
33.416 276.184
33.417 275.918
33.418 275.46
33.419 274.813
33.42 273.971
33.421 272.936
33.422 271.705
33.423 270.278
33.424 268.653
33.425 266.831
33.426 264.812
33.427 262.598
33.428 260.189
33.429 257.589
33.43 254.798
33.431 251.817
33.432 248.647
33.433 245.286
33.434 241.736
33.435 237.995
33.436 234.064
33.437 229.944
33.438 225.636
33.439 221.141
33.44 216.464
33.441 211.606
33.442 206.572
33.443 201.364
33.444 195.985
33.445 190.437
33.446 184.719
33.447 178.833
33.448 172.782
33.449 166.565
33.45 160.188
33.451 153.651
33.452 146.959
33.453 140.114
33.454 133.122
33.455 125.983
33.456 118.703
33.457 111.282
33.458 103.722
33.459 96.0251
33.46 88.1923
33.461 80.2258
33.462 72.1282
33.463 63.9029
33.464 55.5538
33.465 47.0854
33.466 38.5021
33.467 29.8082
33.468 21.0072
33.469 12.1024
33.47 3.09631
33.471 -6.00889
33.472 -15.2109
33.473 -24.507
33.474 -33.894
33.475 -43.368
33.476 -52.9244
33.477 -62.558
33.478 -72.2639
33.479 -82.0369
33.48 -91.8726
33.481 -101.767
33.482 -111.717
33.483 -121.72
33.484 -131.772
33.485 -141.871
33.486 -152.013
33.487 -162.194
33.488 -172.409
33.489 -182.652
33.49 -192.918
33.491 -203.203
33.492 -213.501
33.493 -223.811
33.494 -234.128
33.495 -244.451
33.496 -254.776
33.497 -265.102
33.498 -275.423
33.499 -285.738
33.5 -296.042
33.501 -306.329
33.502 -316.596
33.503 -326.837
33.504 -337.049
33.505 -347.228
33.506 -357.371
33.507 -367.475
33.508 -377.538
33.509 -387.558
33.51 -397.532
33.511 -407.455
33.512 -417.324
33.513 -427.132
33.514 -436.875
33.515 -446.548
33.516 -456.147
33.517 -465.668
33.518 -475.108
33.519 -484.465
33.52 -493.737
33.521 -502.921
33.522 -512.015
33.523 -521.014
33.524 -529.917
33.525 -538.717
33.526 -547.412
33.527 -555.997
33.528 -564.469
33.529 -572.825
33.53 -581.063
33.531 -589.181
33.532 -597.179
33.533 -605.056
33.534 -612.808
33.535 -620.436
33.536 -627.935
33.537 -635.303
33.538 -642.538
33.539 -649.635
33.54 -656.594
33.541 -663.411
33.542 -670.087
33.543 -676.62
33.544 -683.011
33.545 -689.259
33.546 -695.364
33.547 -701.325
33.548 -707.142
33.549 -712.811
33.55 -718.332
33.551 -723.703
33.552 -728.922
33.553 -733.988
33.554 -738.901
33.555 -743.663
33.556 -748.272
33.557 -752.731
33.558 -757.04
33.559 -761.2
33.56 -765.21
33.561 -769.071
33.562 -772.781
33.563 -776.343
33.564 -779.755
33.565 -783.018
33.566 -786.133
33.567 -789.101
33.568 -791.925
33.569 -794.606
33.57 -797.147
33.571 -799.55
33.572 -801.815
33.573 -803.944
33.574 -805.938
33.575 -807.797
33.576 -809.521
33.577 -811.111
33.578 -812.57
33.579 -813.897
33.58 -815.097
33.581 -816.171
33.582 -817.12
33.583 -817.946
33.584 -818.65
33.585 -819.233
33.586 -819.695
33.587 -820.038
33.588 -820.261
33.589 -820.365
33.59 -820.351
33.591 -820.222
33.592 -819.981
33.593 -819.629
33.594 -819.171
33.595 -818.608
33.596 -817.943
33.597 -817.177
33.598 -816.312
33.599 -815.348
33.6 -814.288
33.601 -813.132
33.602 -811.878
33.603 -810.529
33.604 -809.084
33.605 -807.548
33.606 -805.919
33.607 -804.201
33.608 -802.396
33.609 -800.504
33.61 -798.526
33.611 -796.461
33.612 -794.309
33.613 -792.072
33.614 -789.747
33.615 -787.338
33.616 -784.845
33.617 -782.27
33.618 -779.617
33.619 -776.886
33.62 -774.081
33.621 -771.202
33.622 -768.251
33.623 -765.228
33.624 -762.133
33.625 -758.966
33.626 -755.728
33.627 -752.42
33.628 -749.043
33.629 -745.6
33.63 -742.094
33.631 -738.526
33.632 -734.902
33.633 -731.224
33.634 -727.493
33.635 -723.712
33.636 -719.88
33.637 -715.999
33.638 -712.069
33.639 -708.093
33.64 -704.072
33.641 -700.008
33.642 -695.904
33.643 -691.763
33.644 -687.587
33.645 -683.379
33.646 -679.14
33.647 -674.872
33.648 -670.575
33.649 -666.25
33.65 -661.897
33.651 -657.517
33.652 -653.113
33.653 -648.688
33.654 -644.245
33.655 -639.787
33.656 -635.319
33.657 -630.842
33.658 -626.359
33.659 -621.872
33.66 -617.382
33.661 -612.891
33.662 -608.397
33.663 -603.901
33.664 -599.405
33.665 -594.912
33.666 -590.422
33.667 -585.941
33.668 -581.47
33.669 -577.012
33.67 -572.569
33.671 -568.142
33.672 -563.732
33.673 -559.34
33.674 -554.964
33.675 -550.607
33.676 -546.268
33.677 -541.95
33.678 -537.656
33.679 -533.388
33.68 -529.148
33.681 -524.941
33.682 -520.767
33.683 -516.628
33.684 -512.525
33.685 -508.458
33.686 -504.426
33.687 -500.431
33.688 -496.472
33.689 -492.553
33.69 -488.674
33.691 -484.838
33.692 -481.046
33.693 -477.3
33.694 -473.601
33.695 -469.951
33.696 -466.348
33.697 -462.793
33.698 -459.285
33.699 -455.825
33.7 -452.411
33.701 -449.043
33.702 -445.722
33.703 -442.448
33.704 -439.221
33.705 -436.044
33.706 -432.916
33.707 -429.838
33.708 -426.809
33.709 -423.829
33.71 -420.896
33.711 -418.01
33.712 -415.171
33.713 -412.378
33.714 -409.632
33.715 -406.935
33.716 -404.286
33.717 -401.689
33.718 -399.143
33.719 -396.648
33.72 -394.207
33.721 -391.817
33.722 -389.478
33.723 -387.19
33.724 -384.952
33.725 -382.765
33.726 -380.627
33.727 -378.54
33.728 -376.504
33.729 -374.521
33.73 -372.592
33.731 -370.716
33.732 -368.894
33.733 -367.125
33.734 -365.409
33.735 -363.745
33.736 -362.132
33.737 -360.569
33.738 -359.056
33.739 -357.594
33.74 -356.183
33.741 -354.822
33.742 -353.512
33.743 -352.252
33.744 -351.042
33.745 -349.879
33.746 -348.762
33.747 -347.691
33.748 -346.663
33.749 -345.677
33.75 -344.732
33.751 -343.827
33.752 -342.963
33.753 -342.137
33.754 -341.351
33.755 -340.602
33.756 -339.891
33.757 -339.216
33.758 -338.576
33.759 -337.968
33.76 -337.391
33.761 -336.844
33.762 -336.325
33.763 -335.833
33.764 -335.367
33.765 -334.928
33.766 -334.513
33.767 -334.124
33.768 -333.758
33.769 -333.414
33.77 -333.09
33.771 -332.785
33.772 -332.495
33.773 -332.218
33.774 -331.951
33.775 -331.691
33.776 -331.44
33.777 -331.195
33.778 -330.956
33.779 -330.72
33.78 -330.487
33.781 -330.254
33.782 -330.021
33.783 -329.787
33.784 -329.548
33.785 -329.303
33.786 -329.051
33.787 -328.789
33.788 -328.518
33.789 -328.235
33.79 -327.942
33.791 -327.637
33.792 -327.317
33.793 -326.981
33.794 -326.626
33.795 -326.251
33.796 -325.854
33.797 -325.431
33.798 -324.982
33.799 -324.504
33.8 -323.996
33.801 -323.455
33.802 -322.882
33.803 -322.274
33.804 -321.63
33.805 -320.949
33.806 -320.229
33.807 -319.468
33.808 -318.663
33.809 -317.814
33.81 -316.917
33.811 -315.972
33.812 -314.979
33.813 -313.937
33.814 -312.846
33.815 -311.705
33.816 -310.514
33.817 -309.272
33.818 -307.978
33.819 -306.631
33.82 -305.229
33.821 -303.771
33.822 -302.257
33.823 -300.686
33.824 -299.057
33.825 -297.371
33.826 -295.627
33.827 -293.825
33.828 -291.966
33.829 -290.047
33.83 -288.07
33.831 -286.032
33.832 -283.933
33.833 -281.772
33.834 -279.549
33.835 -277.262
33.836 -274.913
33.837 -272.5
33.838 -270.025
33.839 -267.487
33.84 -264.887
33.841 -262.225
33.842 -259.502
33.843 -256.718
33.844 -253.873
33.845 -250.968
33.846 -248.002
33.847 -244.976
33.848 -241.89
33.849 -238.746
33.85 -235.543
33.851 -232.283
33.852 -228.966
33.853 -225.592
33.854 -222.161
33.855 -218.673
33.856 -215.129
33.857 -211.527
33.858 -207.869
33.859 -204.153
33.86 -200.381
33.861 -196.552
33.862 -192.67
33.863 -188.735
33.864 -184.749
33.865 -180.712
33.866 -176.627
33.867 -172.493
33.868 -168.311
33.869 -164.081
33.87 -159.806
33.871 -155.484
33.872 -151.119
33.873 -146.711
33.874 -142.261
33.875 -137.772
33.876 -133.245
33.877 -128.681
33.878 -124.082
33.879 -119.449
33.88 -114.782
33.881 -110.083
33.882 -105.355
33.883 -100.598
33.884 -95.8163
33.885 -91.0105
33.886 -86.1833
33.887 -81.337
33.888 -76.4738
33.889 -71.5957
33.89 -66.7048
33.891 -61.8016
33.892 -56.8854
33.893 -51.9565
33.894 -47.0153
33.895 -42.0626
33.896 -37.0995
33.897 -32.1275
33.898 -27.1481
33.899 -22.1627
33.9 -17.1724
33.901 -12.1795
33.902 -7.18686
33.903 -2.19623
33.904 2.79081
33.905 7.7729
33.906 12.7487
33.907 17.7166
33.908 22.6747
33.909 27.6207
33.91 32.5519
33.911 37.4663
33.912 42.3621
33.913 47.2375
33.914 52.091
33.915 56.9213
33.916 61.7273
33.917 66.5082
33.918 71.263
33.919 75.9908
33.92 80.6905
33.921 85.3607
33.922 89.9998
33.923 94.6059
33.924 99.1773
33.925 103.712
33.926 108.209
33.927 112.667
33.928 117.085
33.929 121.462
33.93 125.798
33.931 130.091
33.932 134.339
33.933 138.54
33.934 142.692
33.935 146.792
33.936 150.84
33.937 154.833
33.938 158.769
33.939 162.646
33.94 166.465
33.941 170.223
33.942 173.921
33.943 177.559
33.944 181.136
33.945 184.651
33.946 188.102
33.947 191.489
33.948 194.809
33.949 198.063
33.95 201.249
33.951 204.365
33.952 207.411
33.953 210.386
33.954 213.29
33.955 216.12
33.956 218.878
33.957 221.562
33.958 224.17
33.959 226.702
33.96 229.156
33.961 231.531
33.962 233.826
33.963 236.043
33.964 238.181
33.965 240.239
33.966 242.219
33.967 244.121
33.968 245.945
33.969 247.69
33.97 249.357
33.971 250.944
33.972 252.452
33.973 253.877
33.974 255.22
33.975 256.48
33.976 257.658
33.977 258.753
33.978 259.765
33.979 260.696
33.98 261.544
33.981 262.311
33.982 262.997
33.983 263.602
33.984 264.127
33.985 264.571
33.986 264.935
33.987 265.218
33.988 265.422
33.989 265.548
33.99 265.596
33.991 265.57
33.992 265.468
33.993 265.292
33.994 265.043
33.995 264.723
33.996 264.33
33.997 263.865
33.998 263.331
33.999 262.725
34 262.049
34.001 261.304
34.002 260.492
34.003 259.615
34.004 258.674
34.005 257.672
34.006 256.609
34.007 255.487
34.008 254.305
34.009 253.066
34.01 251.77
34.011 250.416
34.012 249.007
34.013 247.544
34.014 246.029
34.015 244.463
34.016 242.848
34.017 241.188
34.018 239.482
34.019 237.734
34.02 235.943
34.021 234.11
34.022 232.237
34.023 230.324
34.024 228.373
34.025 226.385
34.026 224.361
34.027 222.305
34.028 220.218
34.029 218.102
34.03 215.96
34.031 213.793
34.032 211.602
34.033 209.388
34.034 207.152
34.035 204.895
34.036 202.619
34.037 200.325
34.038 198.014
34.039 195.69
34.04 193.353
34.041 191.008
34.042 188.655
34.043 186.296
34.044 183.933
34.045 181.567
34.046 179.199
34.047 176.829
34.048 174.459
34.049 172.091
34.05 169.727
34.051 167.368
34.052 165.019
34.053 162.683
34.054 160.362
34.055 158.059
34.056 155.776
34.057 153.515
34.058 151.276
34.059 149.061
34.06 146.872
34.061 144.709
34.062 142.576
34.063 140.472
34.064 138.401
34.065 136.365
34.066 134.366
34.067 132.406
34.068 130.487
34.069 128.61
34.07 126.774
34.071 124.982
34.072 123.232
34.073 121.527
34.074 119.867
34.075 118.253
34.076 116.689
34.077 115.176
34.078 113.716
34.079 112.311
34.08 110.962
34.081 109.671
34.082 108.437
34.083 107.261
34.084 106.143
34.085 105.084
34.086 104.084
34.087 103.144
34.088 102.267
34.089 101.454
34.09 100.707
34.091 100.028
34.092 99.4174
34.093 98.8762
34.094 98.4046
34.095 98.0025
34.096 97.6696
34.097 97.4062
34.098 97.2125
34.099 97.0884
34.1 97.0378
34.101 97.0598
34.102 97.1547
34.103 97.323
34.104 97.5646
34.105 97.8794
34.106 98.2655
34.107 98.7247
34.108 99.2551
34.109 99.856
34.11 100.527
34.111 101.267
34.112 102.079
34.113 102.963
34.114 103.919
34.115 104.949
34.116 106.053
34.117 107.231
34.118 108.483
34.119 109.807
34.12 111.204
34.121 112.672
34.122 114.213
34.123 115.825
34.124 117.509
34.125 119.265
34.126 121.094
34.127 122.997
34.128 124.973
34.129 127.022
34.13 129.143
34.131 131.335
34.132 133.596
34.133 135.924
34.134 138.317
34.135 140.775
34.136 143.296
34.137 145.881
34.138 148.528
34.139 151.239
34.14 154.012
34.141 156.846
34.142 159.74
34.143 162.695
34.144 165.707
34.145 168.776
34.146 171.9
34.147 175.079
34.148 178.31
34.149 181.595
34.15 184.933
34.151 188.324
34.152 191.766
34.153 195.258
34.154 198.797
34.155 202.383
34.156 206.013
34.157 209.684
34.158 213.394
34.159 217.142
34.16 220.926
34.161 224.744
34.162 228.596
34.163 232.481
34.164 236.397
34.165 240.342
34.166 244.316
34.167 248.315
34.168 252.337
34.169 256.38
34.17 260.442
34.171 264.52
34.172 268.613
34.173 272.719
34.174 276.837
34.175 280.965
34.176 285.104
34.177 289.25
34.178 293.402
34.179 297.559
34.18 301.716
34.181 305.873
34.182 310.027
34.183 314.175
34.184 318.316
34.185 322.448
34.186 326.57
34.187 330.68
34.188 334.779
34.189 338.863
34.19 342.932
34.191 346.983
34.192 351.014
34.193 355.024
34.194 359.008
34.195 362.966
34.196 366.896
34.197 370.796
34.198 374.665
34.199 378.502
34.2 382.305
34.201 386.075
34.202 389.809
34.203 393.506
34.204 397.164
34.205 400.78
34.206 404.353
34.207 407.88
34.208 411.36
34.209 414.792
34.21 418.175
34.211 421.508
34.212 424.79
34.213 428.021
34.214 431.2
34.215 434.324
34.216 437.393
34.217 440.405
34.218 443.358
34.219 446.251
34.22 449.081
34.221 451.849
34.222 454.553
34.223 457.194
34.224 459.77
34.225 462.281
34.226 464.727
34.227 467.108
34.228 469.42
34.229 471.665
34.23 473.839
34.231 475.942
34.232 477.973
34.233 479.931
34.234 481.816
34.235 483.628
34.236 485.367
34.237 487.032
34.238 488.624
34.239 490.143
34.24 491.588
34.241 492.957
34.242 494.25
34.243 495.466
34.244 496.605
34.245 497.665
34.246 498.648
34.247 499.553
34.248 500.381
34.249 501.132
34.25 501.807
34.251 502.406
34.252 502.928
34.253 503.373
34.254 503.741
34.255 504.031
34.256 504.243
34.257 504.377
34.258 504.432
34.259 504.41
34.26 504.312
34.261 504.138
34.262 503.889
34.263 503.566
34.264 503.17
34.265 502.698
34.266 502.152
34.267 501.532
34.268 500.837
34.269 500.067
34.27 499.225
34.271 498.309
34.272 497.318
34.273 496.254
34.274 495.117
34.275 493.907
34.276 492.625
34.277 491.27
34.278 489.843
34.279 488.343
34.28 486.77
34.281 485.122
34.282 483.399
34.283 481.6
34.284 479.725
34.285 477.773
34.286 475.746
34.287 473.642
34.288 471.463
34.289 469.209
34.29 466.878
34.291 464.471
34.292 461.987
34.293 459.425
34.294 456.784
34.295 454.063
34.296 451.264
34.297 448.385
34.298 445.428
34.299 442.393
34.3 439.282
34.301 436.094
34.302 432.832
34.303 429.495
34.304 426.085
34.305 422.601
34.306 419.043
34.307 415.412
34.308 411.709
34.309 407.934
34.31 404.088
34.311 400.173
34.312 396.19
34.313 392.139
34.314 388.02
34.315 383.834
34.316 379.582
34.317 375.263
34.318 370.878
34.319 366.426
34.32 361.907
34.321 357.323
34.322 352.676
34.323 347.968
34.324 343.2
34.325 338.374
34.326 333.492
34.327 328.554
34.328 323.562
34.329 318.517
34.33 313.419
34.331 308.27
34.332 303.072
34.333 297.828
34.334 292.541
34.335 287.212
34.336 281.845
34.337 276.442
34.338 271.005
34.339 265.537
34.34 260.038
34.341 254.509
34.342 248.952
34.343 243.367
34.344 237.756
34.345 232.121
34.346 226.464
34.347 220.787
34.348 215.093
34.349 209.383
34.35 203.66
34.351 197.924
34.352 192.175
34.353 186.414
34.354 180.639
34.355 174.852
34.356 169.053
34.357 163.245
34.358 157.428
34.359 151.606
34.36 145.779
34.361 139.95
34.362 134.122
34.363 128.295
34.364 122.471
34.365 116.65
34.366 110.833
34.367 105.021
34.368 99.215
34.369 93.4172
34.37 87.6298
34.371 81.8547
34.372 76.0934
34.373 70.3477
34.374 64.6189
34.375 58.9079
34.376 53.2153
34.377 47.5414
34.378 41.8863
34.379 36.2505
34.38 30.6344
34.381 25.0397
34.382 19.4691
34.383 13.9249
34.384 8.40977
34.385 2.92583
34.386 -2.52503
34.387 -7.94144
34.388 -13.3224
34.389 -18.6673
34.39 -23.9753
34.391 -29.2457
34.392 -34.4771
34.393 -39.6681
34.394 -44.8164
34.395 -49.9199
34.396 -54.9761
34.397 -59.983
34.398 -64.9387
34.399 -69.8419
34.4 -74.6918
34.401 -79.4871
34.402 -84.2262
34.403 -88.9076
34.404 -93.5298
34.405 -98.0908
34.406 -102.589
34.407 -107.021
34.408 -111.384
34.409 -115.677
34.41 -119.898
34.411 -124.044
34.412 -128.114
34.413 -132.107
34.414 -136.021
34.415 -139.857
34.416 -143.612
34.417 -147.285
34.418 -150.875
34.419 -154.38
34.42 -157.797
34.421 -161.124
34.422 -164.361
34.423 -167.504
34.424 -170.554
34.425 -173.51
34.426 -176.37
34.427 -179.135
34.428 -181.803
34.429 -184.375
34.43 -186.848
34.431 -189.221
34.432 -191.491
34.433 -193.656
34.434 -195.713
34.435 -197.662
34.436 -199.5
34.437 -201.228
34.438 -202.844
34.439 -204.349
34.44 -205.742
34.441 -207.021
34.442 -208.186
34.443 -209.236
34.444 -210.167
34.445 -210.978
34.446 -211.669
34.447 -212.237
34.448 -212.683
34.449 -213.005
34.45 -213.205
34.451 -213.283
34.452 -213.241
34.453 -213.077
34.454 -212.793
34.455 -212.389
34.456 -211.866
34.457 -211.219
34.458 -210.45
34.459 -209.558
34.46 -208.543
34.461 -207.407
34.462 -206.149
34.463 -204.771
34.464 -203.273
34.465 -201.656
34.466 -199.92
34.467 -198.066
34.468 -196.093
34.469 -194.001
34.47 -191.788
34.471 -189.456
34.472 -187.008
34.473 -184.444
34.474 -181.769
34.475 -178.985
34.476 -176.094
34.477 -173.099
34.478 -170.001
34.479 -166.802
34.48 -163.504
34.481 -160.106
34.482 -156.61
34.483 -153.016
34.484 -149.325
34.485 -145.541
34.486 -141.665
34.487 -137.7
34.488 -133.649
34.489 -129.514
34.49 -125.297
34.491 -120.999
34.492 -116.621
34.493 -112.165
34.494 -107.63
34.495 -103.019
34.496 -98.3323
34.497 -93.5735
34.498 -88.7449
34.499 -83.8497
34.5 -78.8909
34.501 -73.8719
34.502 -68.7962
34.503 -63.6666
34.504 -58.4851
34.505 -53.2535
34.506 -47.9735
34.507 -42.6471
34.508 -37.2765
34.509 -31.8649
34.51 -26.4156
34.511 -20.9321
34.512 -15.4173
34.513 -9.87428
34.514 -4.30591
34.515 1.2854
34.516 6.89767
34.517 12.5293
34.518 18.1788
34.519 23.8446
34.52 29.525
34.521 35.2175
34.522 40.9195
34.523 46.6279
34.524 52.3393
34.525 58.0504
34.526 63.7582
34.527 69.4601
34.528 75.1539
34.529 80.8379
34.53 86.5106
34.531 92.1697
34.532 97.8122
34.533 103.435
34.534 109.035
34.535 114.609
34.536 120.152
34.537 125.661
34.538 131.133
34.539 136.564
34.54 141.953
34.541 147.295
34.542 152.59
34.543 157.835
34.544 163.027
34.545 168.164
34.546 173.242
34.547 178.259
34.548 183.211
34.549 188.094
34.55 192.906
34.551 197.643
34.552 202.303
34.553 206.884
34.554 211.384
34.555 215.801
34.556 220.134
34.557 224.379
34.558 228.534
34.559 232.598
34.56 236.565
34.561 240.434
34.562 244.2
34.563 247.859
34.564 251.41
34.565 254.849
34.566 258.175
34.567 261.386
34.568 264.481
34.569 267.457
34.57 270.312
34.571 273.044
34.572 275.651
34.573 278.131
34.574 280.481
34.575 282.7
34.576 284.785
34.577 286.735
34.578 288.549
34.579 290.228
34.58 291.77
34.581 293.176
34.582 294.447
34.583 295.581
34.584 296.579
34.585 297.439
34.586 298.16
34.587 298.741
34.588 299.183
34.589 299.483
34.59 299.644
34.591 299.664
34.592 299.545
34.593 299.285
34.594 298.885
34.595 298.346
34.596 297.666
34.597 296.846
34.598 295.883
34.599 294.778
34.6 293.53
34.601 292.139
34.602 290.606
34.603 288.933
34.604 287.122
34.605 285.174
34.606 283.09
34.607 280.873
34.608 278.522
34.609 276.039
34.61 273.423
34.611 270.674
34.612 267.793
34.613 264.779
34.614 261.634
34.615 258.358
34.616 254.953
34.617 251.421
34.618 247.765
34.619 243.985
34.62 240.082
34.621 236.057
34.622 231.91
34.623 227.641
34.624 223.25
34.625 218.739
34.626 214.109
34.627 209.36
34.628 204.497
34.629 199.52
34.63 194.433
34.631 189.237
34.632 183.934
34.633 178.525
34.634 173.011
34.635 167.392
34.636 161.67
34.637 155.845
34.638 149.92
34.639 143.895
34.64 137.775
34.641 131.562
34.642 125.261
34.643 118.875
34.644 112.406
34.645 105.858
34.646 99.2319
34.647 92.5292
34.648 85.7517
34.649 78.9013
34.65 71.9805
34.651 64.9925
34.652 57.9411
34.653 50.8303
34.654 43.6644
34.655 36.4472
34.656 29.1822
34.657 21.8721
34.658 14.5192
34.659 7.12549
34.66 -0.307211
34.661 -7.77672
34.662 -15.2804
34.663 -22.8148
34.664 -30.376
34.665 -37.9598
34.666 -45.5617
34.667 -53.1774
34.668 -60.8031
34.669 -68.4356
34.67 -76.0724
34.671 -83.7106
34.672 -91.3469
34.673 -98.9782
34.674 -106.601
34.675 -114.212
34.676 -121.805
34.677 -129.378
34.678 -136.924
34.679 -144.438
34.68 -151.917
34.681 -159.357
34.682 -166.756
34.683 -174.111
34.684 -181.42
34.685 -188.681
34.686 -195.891
34.687 -203.047
34.688 -210.146
34.689 -217.182
34.69 -224.153
34.691 -231.054
34.692 -237.882
34.693 -244.634
34.694 -251.307
34.695 -257.9
34.696 -264.41
34.697 -270.836
34.698 -277.175
34.699 -283.426
34.7 -289.584
34.701 -295.647
34.702 -301.613
34.703 -307.479
34.704 -313.243
34.705 -318.902
34.706 -324.455
34.707 -329.902
34.708 -335.241
34.709 -340.472
34.71 -345.593
34.711 -350.603
34.712 -355.499
34.713 -360.279
34.714 -364.939
34.715 -369.478
34.716 -373.892
34.717 -378.18
34.718 -382.341
34.719 -386.374
34.72 -390.279
34.721 -394.053
34.722 -397.698
34.723 -401.211
34.724 -404.591
34.725 -407.835
34.726 -410.943
34.727 -413.912
34.728 -416.74
34.729 -419.427
34.73 -421.972
34.731 -424.375
34.732 -426.636
34.733 -428.756
34.734 -430.733
34.735 -432.568
34.736 -434.259
34.737 -435.807
34.738 -437.21
34.739 -438.467
34.74 -439.577
34.741 -440.539
34.742 -441.354
34.743 -442.023
34.744 -442.546
34.745 -442.924
34.746 -443.157
34.747 -443.248
34.748 -443.195
34.749 -442.998
34.75 -442.658
34.751 -442.172
34.752 -441.541
34.753 -440.767
34.754 -439.848
34.755 -438.786
34.756 -437.583
34.757 -436.24
34.758 -434.759
34.759 -433.141
34.76 -431.386
34.761 -429.496
34.762 -427.468
34.763 -425.303
34.764 -423
34.765 -420.559
34.766 -417.982
34.767 -415.268
34.768 -412.421
34.769 -409.441
34.77 -406.331
34.771 -403.091
34.772 -399.722
34.773 -396.226
34.774 -392.6
34.775 -388.847
34.776 -384.966
34.777 -380.957
34.778 -376.822
34.779 -372.562
34.78 -368.18
34.781 -363.677
34.782 -359.054
34.783 -354.313
34.784 -349.453
34.785 -344.475
34.786 -339.38
34.787 -334.167
34.788 -328.837
34.789 -323.391
34.79 -317.828
34.791 -312.151
34.792 -306.362
34.793 -300.461
34.794 -294.452
34.795 -288.335
34.796 -282.112
34.797 -275.783
34.798 -269.35
34.799 -262.813
34.8 -256.173
34.801 -249.431
34.802 -242.59
34.803 -235.653
34.804 -228.621
34.805 -221.499
34.806 -214.289
34.807 -206.993
34.808 -199.614
34.809 -192.154
34.81 -184.614
34.811 -176.996
34.812 -169.301
34.813 -161.533
34.814 -153.694
34.815 -145.786
34.816 -137.813
34.817 -129.778
34.818 -121.684
34.819 -113.534
34.82 -105.331
34.821 -97.0791
34.822 -88.7819
34.823 -80.4435
34.824 -72.0676
34.825 -63.6578
34.826 -55.2179
34.827 -46.7518
34.828 -38.2638
34.829 -29.7583
34.83 -21.2399
34.831 -12.7135
34.832 -4.18348
34.833 4.34557
34.834 12.8695
34.835 21.3842
34.836 29.8859
34.837 38.3708
34.838 46.8351
34.839 55.2747
34.84 63.6854
34.841 72.0628
34.842 80.4021
34.843 88.6987
34.844 96.9478
34.845 105.145
34.846 113.286
34.847 121.367
34.848 129.384
34.849 137.334
34.85 145.213
34.851 153.018
34.852 160.749
34.853 168.401
34.854 175.974
34.855 183.463
34.856 190.865
34.857 198.177
34.858 205.396
34.859 212.518
34.86 219.543
34.861 226.467
34.862 233.29
34.863 240.011
34.864 246.626
34.865 253.136
34.866 259.537
34.867 265.827
34.868 272.004
34.869 278.063
34.87 284.004
34.871 289.826
34.872 295.531
34.873 301.12
34.874 306.594
34.875 311.955
34.876 317.204
34.877 322.339
34.878 327.362
34.879 332.272
34.88 337.068
34.881 341.75
34.882 346.317
34.883 350.77
34.884 355.109
34.885 359.336
34.886 363.452
34.887 367.459
34.888 371.357
34.889 375.148
34.89 378.831
34.891 382.404
34.892 385.864
34.893 389.21
34.894 392.44
34.895 395.554
34.896 398.552
34.897 401.435
34.898 404.204
34.899 406.862
34.9 409.408
34.901 411.84
34.902 414.153
34.903 416.345
34.904 418.41
34.905 420.346
34.906 422.15
34.907 423.821
34.908 425.359
34.909 426.764
34.91 428.037
34.911 429.176
34.912 430.177
34.913 431.038
34.914 431.753
34.915 432.319
34.916 432.731
34.917 432.986
34.918 433.082
34.919 433.016
34.92 432.788
34.921 432.4
34.922 431.852
34.923 431.143
34.924 430.276
34.925 429.247
34.926 428.054
34.927 426.695
34.928 425.167
34.929 423.468
34.93 421.597
34.931 419.557
34.932 417.353
34.933 414.99
34.934 412.471
34.935 409.801
34.936 406.982
34.937 404.014
34.938 400.898
34.939 397.633
34.94 394.218
34.941 390.655
34.942 386.948
34.943 383.1
34.944 379.117
34.945 375.005
34.946 370.769
34.947 366.415
34.948 361.945
34.949 357.362
34.95 352.667
34.951 347.861
34.952 342.947
34.953 337.927
34.954 332.805
34.955 327.586
34.956 322.276
34.957 316.881
34.958 311.409
34.959 305.865
34.96 300.254
34.961 294.579
34.962 288.84
34.963 283.039
34.964 277.177
34.965 271.257
34.966 265.282
34.967 259.256
34.968 253.185
34.969 247.075
34.97 240.932
34.971 234.762
34.972 228.568
34.973 222.351
34.974 216.112
34.975 209.854
34.976 203.576
34.977 197.28
34.978 190.969
34.979 184.647
34.98 178.318
34.981 171.986
34.982 165.651
34.983 159.315
34.984 152.978
34.985 146.641
34.986 140.303
34.987 133.964
34.988 127.622
34.989 121.277
34.99 114.93
34.991 108.58
34.992 102.228
34.993 95.875
34.994 89.5219
34.995 83.1698
34.996 76.8195
34.997 70.4709
34.998 64.1233
34.999 57.7755
35 51.4262
35.001 45.0749
35.002 38.722
35.003 32.3681
35.004 26.0144
35.005 19.6627
35.006 13.3146
35.007 6.97175
35.008 0.635376
35.009 -5.69389
35.01 -12.016
35.011 -18.329
35.012 -24.6298
35.013 -30.9164
35.014 -37.1863
35.015 -43.4373
35.016 -49.6668
35.017 -55.8719
35.018 -62.0497
35.019 -68.1971
35.02 -74.3112
35.021 -80.3869
35.022 -86.418
35.023 -92.3997
35.024 -98.3274
35.025 -104.197
35.026 -110.006
35.027 -115.75
35.028 -121.426
35.029 -127.029
35.03 -132.556
35.031 -138.002
35.032 -143.361
35.033 -148.628
35.034 -153.798
35.035 -158.866
35.036 -163.829
35.037 -168.683
35.038 -173.424
35.039 -178.05
35.04 -182.558
35.041 -186.945
35.042 -191.212
35.043 -195.354
35.044 -199.37
35.045 -203.255
35.046 -207.007
35.047 -210.622
35.048 -214.097
35.049 -217.43
35.05 -220.621
35.051 -223.67
35.052 -226.58
35.053 -229.353
35.054 -231.991
35.055 -234.494
35.056 -236.861
35.057 -239.091
35.058 -241.182
35.059 -243.133
35.06 -244.945
35.061 -246.617
35.062 -248.154
35.063 -249.558
35.064 -250.833
35.065 -251.983
35.066 -253.01
35.067 -253.916
35.068 -254.701
35.069 -255.366
35.07 -255.911
35.071 -256.334
35.072 -256.638
35.073 -256.824
35.074 -256.895
35.075 -256.857
35.076 -256.709
35.077 -256.46
35.078 -256.11
35.079 -255.665
35.08 -255.124
35.081 -254.486
35.082 -253.747
35.083 -252.905
35.084 -251.96
35.085 -250.912
35.086 -249.763
35.087 -248.515
35.088 -247.172
35.089 -245.737
35.09 -244.214
35.091 -242.6
35.092 -240.895
35.093 -239.093
35.094 -237.193
35.095 -235.191
35.096 -233.085
35.097 -230.875
35.098 -228.563
35.099 -226.149
35.1 -223.637
35.101 -221.03
35.102 -218.329
35.103 -215.534
35.104 -212.643
35.105 -209.655
35.106 -206.565
35.107 -203.373
35.108 -200.075
35.109 -196.671
35.11 -193.164
35.111 -189.555
35.112 -185.847
35.113 -182.044
35.114 -178.148
35.115 -174.16
35.116 -170.078
35.117 -165.902
35.118 -161.629
35.119 -157.257
35.12 -152.784
35.121 -148.211
35.122 -143.543
35.123 -138.782
35.124 -133.936
35.125 -129.008
35.126 -124.002
35.127 -118.921
35.128 -113.766
35.129 -108.536
35.13 -103.232
35.131 -97.8524
35.132 -92.3994
35.133 -86.8755
35.134 -81.2847
35.135 -75.632
35.136 -69.9233
35.137 -64.1643
35.138 -58.3598
35.139 -52.5135
35.14 -46.6277
35.141 -40.7035
35.142 -34.7414
35.143 -28.7417
35.144 -22.7058
35.145 -16.6361
35.146 -10.5364
35.147 -4.4119
35.148 1.73156
35.149 7.88801
35.15 14.0521
35.151 20.2197
35.152 26.3881
35.153 32.5556
35.154 38.7217
35.155 44.8858
35.156 51.0469
35.157 57.2026
35.158 63.3495
35.159 69.4826
35.16 75.5962
35.161 81.6857
35.162 87.7479
35.163 93.78
35.164 99.7804
35.165 105.749
35.166 111.685
35.167 117.59
35.168 123.463
35.169 129.304
35.17 135.11
35.171 140.879
35.172 146.606
35.173 152.289
35.174 157.922
35.175 163.504
35.176 169.032
35.177 174.505
35.178 179.925
35.179 185.292
35.18 190.606
35.181 195.866
35.182 201.07
35.183 206.214
35.184 211.294
35.185 216.305
35.186 221.244
35.187 226.108
35.188 230.894
35.189 235.601
35.19 240.23
35.191 244.781
35.192 249.253
35.193 253.647
35.194 257.96
35.195 262.19
35.196 266.333
35.197 270.386
35.198 274.344
35.199 278.205
35.2 281.967
35.201 285.628
35.202 289.185
35.203 292.639
35.204 295.988
35.205 299.23
35.206 302.365
35.207 305.389
35.208 308.3
35.209 311.092
35.21 313.762
35.211 316.306
35.212 318.722
35.213 321.01
35.214 323.168
35.215 325.198
35.216 327.099
35.217 328.872
35.218 330.516
35.219 332.03
35.22 333.412
35.221 334.659
35.222 335.768
35.223 336.738
35.224 337.566
35.225 338.252
35.226 338.796
35.227 339.198
35.228 339.461
35.229 339.584
35.23 339.569
35.231 339.417
35.232 339.127
35.233 338.7
35.234 338.136
35.235 337.434
35.236 336.593
35.237 335.615
35.238 334.5
35.239 333.251
35.24 331.871
35.241 330.363
35.242 328.73
35.243 326.974
35.244 325.097
35.245 323.099
35.246 320.981
35.247 318.743
35.248 316.385
35.249 313.907
35.25 311.313
35.251 308.603
35.252 305.779
35.253 302.846
35.254 299.804
35.255 296.658
35.256 293.409
35.257 290.057
35.258 286.603
35.259 283.047
35.26 279.389
35.261 275.629
35.262 271.767
35.263 267.804
35.264 263.742
35.265 259.584
35.266 255.333
35.267 250.991
35.268 246.56
35.269 242.041
35.27 237.435
35.271 232.741
35.272 227.96
35.273 223.09
35.274 218.132
35.275 213.089
35.276 207.961
35.277 202.753
35.278 197.467
35.279 192.106
35.28 186.672
35.281 181.168
35.282 175.595
35.283 169.952
35.284 164.239
35.285 158.458
35.286 152.608
35.287 146.691
35.288 140.709
35.289 134.666
35.29 128.564
35.291 122.409
35.292 116.204
35.293 109.952
35.294 103.656
35.295 97.3167
35.296 90.9349
35.297 84.5114
35.298 78.0475
35.299 71.5452
35.3 65.0076
35.301 58.4385
35.302 51.8424
35.303 45.224
35.304 38.5873
35.305 31.9361
35.306 25.2727
35.307 18.5989
35.308 11.9158
35.309 5.22416
35.31 -1.47465
35.311 -8.17871
35.312 -14.8851
35.313 -21.59
35.314 -28.289
35.315 -34.9773
35.316 -41.6505
35.317 -48.3049
35.318 -54.9375
35.319 -61.5465
35.32 -68.1307
35.321 -74.6891
35.322 -81.2207
35.323 -87.7236
35.324 -94.1954
35.325 -100.632
35.326 -107.03
35.327 -113.384
35.328 -119.691
35.329 -125.945
35.33 -132.144
35.331 -138.288
35.332 -144.375
35.333 -150.407
35.334 -156.382
35.335 -162.301
35.336 -168.161
35.337 -173.96
35.338 -179.695
35.339 -185.362
35.34 -190.956
35.341 -196.476
35.342 -201.919
35.343 -207.284
35.344 -212.571
35.345 -217.781
35.346 -222.914
35.347 -227.97
35.348 -232.947
35.349 -237.845
35.35 -242.659
35.351 -247.388
35.352 -252.029
35.353 -256.58
35.354 -261.042
35.355 -265.412
35.356 -269.692
35.357 -273.884
35.358 -277.989
35.359 -282.007
35.36 -285.939
35.361 -289.784
35.362 -293.539
35.363 -297.201
35.364 -300.769
35.365 -304.239
35.366 -307.611
35.367 -310.884
35.368 -314.06
35.369 -317.139
35.37 -320.122
35.371 -323.01
35.372 -325.802
35.373 -328.496
35.374 -331.091
35.375 -333.583
35.376 -335.97
35.377 -338.249
35.378 -340.42
35.379 -342.483
35.38 -344.437
35.381 -346.282
35.382 -348.02
35.383 -349.649
35.384 -351.17
35.385 -352.58
35.386 -353.878
35.387 -355.062
35.388 -356.128
35.389 -357.076
35.39 -357.903
35.391 -358.61
35.392 -359.2
35.393 -359.674
35.394 -360.036
35.395 -360.288
35.396 -360.429
35.397 -360.461
35.398 -360.383
35.399 -360.195
35.4 -359.894
35.401 -359.48
35.402 -358.954
35.403 -358.316
35.404 -357.566
35.405 -356.707
35.406 -355.742
35.407 -354.672
35.408 -353.499
35.409 -352.224
35.41 -350.846
35.411 -349.364
35.412 -347.777
35.413 -346.086
35.414 -344.288
35.415 -342.387
35.416 -340.382
35.417 -338.278
35.418 -336.075
35.419 -333.779
35.42 -331.389
35.421 -328.909
35.422 -326.337
35.423 -323.674
35.424 -320.919
35.425 -318.072
35.426 -315.133
35.427 -312.103
35.428 -308.984
35.429 -305.779
35.43 -302.491
35.431 -299.123
35.432 -295.678
35.433 -292.158
35.434 -288.563
35.435 -284.894
35.436 -281.151
35.437 -277.334
35.438 -273.442
35.439 -269.478
35.44 -265.442
35.441 -261.339
35.442 -257.169
35.443 -252.935
35.444 -248.641
35.445 -244.286
35.446 -239.874
35.447 -235.403
35.448 -230.874
35.449 -226.286
35.45 -221.639
35.451 -216.935
35.452 -212.175
35.453 -207.364
35.454 -202.504
35.455 -197.599
35.456 -192.651
35.457 -187.665
35.458 -182.641
35.459 -177.581
35.46 -172.485
35.461 -167.354
35.462 -162.189
35.463 -156.99
35.464 -151.762
35.465 -146.505
35.466 -141.225
35.467 -135.924
35.468 -130.607
35.469 -125.275
35.47 -119.932
35.471 -114.579
35.472 -109.218
35.473 -103.851
35.474 -98.4797
35.475 -93.1056
35.476 -87.7315
35.477 -82.3608
35.478 -76.9973
35.479 -71.6452
35.48 -66.3087
35.481 -60.9907
35.482 -55.6934
35.483 -50.4183
35.484 -45.1665
35.485 -39.939
35.486 -34.7366
35.487 -29.5609
35.488 -24.4137
35.489 -19.2976
35.49 -14.2158
35.491 -9.17091
35.492 -4.16492
35.493 0.80011
35.494 5.72264
35.495 10.6017
35.496 15.4366
35.497 20.2271
35.498 24.9728
35.499 29.6731
35.5 34.3269
35.501 38.9319
35.502 43.4851
35.503 47.9833
35.504 52.4237
35.505 56.8038
35.506 61.1216
35.507 65.3759
35.508 69.5658
35.509 73.6908
35.51 77.7503
35.511 81.7425
35.512 85.6648
35.513 89.5143
35.514 93.288
35.515 96.9824
35.516 100.594
35.517 104.122
35.518 107.562
35.519 110.913
35.52 114.175
35.521 117.347
35.522 120.426
35.523 123.413
35.524 126.306
35.525 129.101
35.526 131.797
35.527 134.39
35.528 136.879
35.529 139.26
35.53 141.532
35.531 143.695
35.532 145.749
35.533 147.695
35.534 149.533
35.535 151.262
35.536 152.883
35.537 154.394
35.538 155.794
35.539 157.08
35.54 158.252
35.541 159.308
35.542 160.248
35.543 161.072
35.544 161.781
35.545 162.375
35.546 162.856
35.547 163.225
35.548 163.481
35.549 163.625
35.55 163.655
35.551 163.57
35.552 163.368
35.553 163.049
35.554 162.614
35.555 162.063
35.556 161.396
35.557 160.616
35.558 159.724
35.559 158.722
35.56 157.609
35.561 156.387
35.562 155.055
35.563 153.613
35.564 152.061
35.565 150.397
35.566 148.623
35.567 146.74
35.568 144.749
35.569 142.652
35.57 140.451
35.571 138.149
35.572 135.747
35.573 133.245
35.574 130.645
35.575 127.946
35.576 125.148
35.577 122.251
35.578 119.257
35.579 116.166
35.58 112.981
35.581 109.704
35.582 106.335
35.583 102.877
35.584 99.3298
35.585 95.6957
35.586 91.9747
35.587 88.1671
35.588 84.2729
35.589 80.2921
35.59 76.2254
35.591 72.0743
35.592 67.8416
35.593 63.5298
35.594 59.1418
35.595 54.6803
35.596 50.1477
35.597 45.5457
35.598 40.8759
35.599 36.1392
35.6 31.3368
35.601 26.4697
35.602 21.5397
35.603 16.5487
35.604 11.4993
35.605 6.39463
35.606 1.23775
35.607 -3.96828
35.608 -9.2207
35.609 -14.5172
35.61 -19.856
35.611 -25.2349
35.612 -30.6515
35.613 -36.1034
35.614 -41.5882
35.615 -47.103
35.616 -52.6447
35.617 -58.2097
35.618 -63.7943
35.619 -69.3946
35.62 -75.0071
35.621 -80.6285
35.622 -86.2558
35.623 -91.8865
35.624 -97.5182
35.625 -103.149
35.626 -108.775
35.627 -114.395
35.628 -120.005
35.629 -125.602
35.63 -131.181
35.631 -136.74
35.632 -142.274
35.633 -147.78
35.634 -153.255
35.635 -158.697
35.636 -164.103
35.637 -169.472
35.638 -174.799
35.639 -180.084
35.64 -185.323
35.641 -190.514
35.642 -195.653
35.643 -200.74
35.644 -205.77
35.645 -210.741
35.646 -215.651
35.647 -220.498
35.648 -225.28
35.649 -229.996
35.65 -234.644
35.651 -239.222
35.652 -243.727
35.653 -248.157
35.654 -252.509
35.655 -256.779
35.656 -260.965
35.657 -265.064
35.658 -269.074
35.659 -272.993
35.66 -276.819
35.661 -280.549
35.662 -284.183
35.663 -287.719
35.664 -291.154
35.665 -294.486
35.666 -297.714
35.667 -300.834
35.668 -303.844
35.669 -306.742
35.67 -309.527
35.671 -312.198
35.672 -314.753
35.673 -317.194
35.674 -319.52
35.675 -321.73
35.676 -323.824
35.677 -325.799
35.678 -327.656
35.679 -329.393
35.68 -331.008
35.681 -332.5
35.682 -333.868
35.683 -335.111
35.684 -336.228
35.685 -337.219
35.686 -338.084
35.687 -338.822
35.688 -339.434
35.689 -339.918
35.69 -340.272
35.691 -340.497
35.692 -340.59
35.693 -340.551
35.694 -340.379
35.695 -340.072
35.696 -339.631
35.697 -339.059
35.698 -338.353
35.699 -337.514
35.7 -336.543
35.701 -335.44
35.702 -334.204
35.703 -332.835
35.704 -331.332
35.705 -329.695
35.706 -327.923
35.707 -326.017
35.708 -323.978
35.709 -321.805
35.71 -319.502
35.711 -317.068
35.712 -314.508
35.713 -311.821
35.714 -309.009
35.715 -306.073
35.716 -303.013
35.717 -299.829
35.718 -296.523
35.719 -293.096
35.72 -289.549
35.721 -285.884
35.722 -282.105
35.723 -278.213
35.724 -274.211
35.725 -270.101
35.726 -265.885
35.727 -261.565
35.728 -257.14
35.729 -252.613
35.73 -247.984
35.731 -243.254
35.732 -238.427
35.733 -233.504
35.734 -228.489
35.735 -223.384
35.736 -218.192
35.737 -212.916
35.738 -207.559
35.739 -202.121
35.74 -196.605
35.741 -191.012
35.742 -185.34
35.743 -179.592
35.744 -173.769
35.745 -167.873
35.746 -161.907
35.747 -155.874
35.748 -149.777
35.749 -143.618
35.75 -137.4
35.751 -131.124
35.752 -124.791
35.753 -118.401
35.754 -111.957
35.755 -105.458
35.756 -98.9067
35.757 -92.3057
35.758 -85.6575
35.759 -78.9655
35.76 -72.2329
35.761 -65.4619
35.762 -58.6539
35.763 -51.8099
35.764 -44.9305
35.765 -38.0163
35.766 -31.0678
35.767 -24.086
35.768 -17.0723
35.769 -10.0286
35.77 -2.95754
35.771 4.13831
35.772 11.2562
35.773 18.3939
35.774 25.5493
35.775 32.721
35.776 39.9082
35.777 47.1102
35.778 54.3261
35.779 61.5549
35.78 68.7953
35.781 76.0429
35.782 83.2918
35.783 90.5365
35.784 97.772
35.785 104.994
35.786 112.199
35.787 119.383
35.788 126.546
35.789 133.683
35.79 140.794
35.791 147.874
35.792 154.918
35.793 161.921
35.794 168.877
35.795 175.78
35.796 182.625
35.797 189.407
35.798 196.121
35.799 202.766
35.8 209.336
35.801 215.832
35.802 222.251
35.803 228.591
35.804 234.848
35.805 241.018
35.806 247.096
35.807 253.077
35.808 258.957
35.809 264.731
35.81 270.396
35.811 275.951
35.812 281.395
35.813 286.729
35.814 291.951
35.815 297.061
35.816 302.056
35.817 306.934
35.818 311.69
35.819 316.321
35.82 320.824
35.821 325.198
35.822 329.443
35.823 333.563
35.824 337.56
35.825 341.435
35.826 345.191
35.827 348.828
35.828 352.347
35.829 355.746
35.83 359.026
35.831 362.184
35.832 365.221
35.833 368.136
35.834 370.931
35.835 373.609
35.836 376.172
35.837 378.623
35.838 380.965
35.839 383.2
35.84 385.328
35.841 387.348
35.842 389.258
35.843 391.055
35.844 392.738
35.845 394.306
35.846 395.761
35.847 397.104
35.848 398.337
35.849 399.464
35.85 400.486
35.851 401.402
35.852 402.209
35.853 402.904
35.854 403.483
35.855 403.942
35.856 404.279
35.857 404.492
35.858 404.582
35.859 404.549
35.86 404.395
35.861 404.119
35.862 403.719
35.863 403.191
35.864 402.535
35.865 401.744
35.866 400.816
35.867 399.745
35.868 398.53
35.869 397.168
35.87 395.659
35.871 394.003
35.872 392.202
35.873 390.256
35.874 388.166
35.875 385.931
35.876 383.55
35.877 381.019
35.878 378.336
35.879 375.498
35.88 372.504
35.881 369.353
35.882 366.049
35.883 362.595
35.884 358.994
35.885 355.249
35.886 351.362
35.887 347.335
35.888 343.166
35.889 338.856
35.89 334.403
35.891 329.808
35.892 325.074
35.893 320.203
35.894 315.2
35.895 310.069
35.896 304.816
35.897 299.444
35.898 293.958
35.899 288.359
35.9 282.651
35.901 276.835
35.902 270.911
35.903 264.88
35.904 258.746
35.905 252.512
35.906 246.181
35.907 239.759
35.908 233.251
35.909 226.662
35.91 219.997
35.911 213.258
35.912 206.446
35.913 199.562
35.914 192.608
35.915 185.584
35.916 178.492
35.917 171.335
35.918 164.117
35.919 156.843
35.92 149.517
35.921 142.144
35.922 134.727
35.923 127.268
35.924 119.768
35.925 112.228
35.926 104.648
35.927 97.0289
35.928 89.373
35.929 81.6823
35.93 73.9602
35.931 66.2108
35.932 58.4386
35.933 50.6475
35.934 42.8413
35.935 35.0226
35.936 27.1931
35.937 19.3538
35.938 11.5055
35.939 3.64899
35.94 -4.21412
35.941 -12.0829
35.942 -19.9564
35.943 -27.8321
35.944 -35.7071
35.945 -43.5781
35.946 -51.4422
35.947 -59.2973
35.948 -67.1421
35.949 -74.9764
35.95 -82.8003
35.951 -90.6136
35.952 -98.4155
35.953 -106.205
35.954 -113.979
35.955 -121.735
35.956 -129.47
35.957 -137.181
35.958 -144.863
35.959 -152.513
35.96 -160.131
35.961 -167.714
35.962 -175.263
35.963 -182.776
35.964 -190.253
35.965 -197.693
35.966 -205.095
35.967 -212.455
35.968 -219.771
35.969 -227.039
35.97 -234.255
35.971 -241.416
35.972 -248.517
35.973 -255.555
35.974 -262.528
35.975 -269.436
35.976 -276.275
35.977 -283.047
35.978 -289.747
35.979 -296.373
35.98 -302.922
35.981 -309.388
35.982 -315.765
35.983 -322.049
35.984 -328.234
35.985 -334.318
35.986 -340.298
35.987 -346.173
35.988 -351.942
35.989 -357.604
35.99 -363.157
35.991 -368.598
35.992 -373.924
35.993 -379.129
35.994 -384.209
35.995 -389.159
35.996 -393.975
35.997 -398.656
35.998 -403.198
35.999 -407.602
36 -411.866
36.001 -415.992
36.002 -419.977
36.003 -423.821
36.004 -427.52
36.005 -431.071
36.006 -434.471
36.007 -437.714
36.008 -440.798
36.009 -443.722
36.01 -446.483
36.011 -449.084
36.012 -451.53
36.013 -453.824
36.014 -455.967
36.015 -457.962
36.016 -459.807
36.017 -461.503
36.018 -463.046
36.019 -464.436
36.02 -465.672
36.021 -466.754
36.022 -467.685
36.023 -468.467
36.024 -469.105
36.025 -469.603
36.026 -469.964
36.027 -470.191
36.028 -470.285
36.029 -470.244
36.03 -470.069
36.031 -469.759
36.032 -469.309
36.033 -468.72
36.034 -467.995
36.035 -467.138
36.036 -466.15
36.037 -465.036
36.038 -463.801
36.039 -462.448
36.04 -460.976
36.041 -459.387
36.042 -457.679
36.043 -455.852
36.044 -453.903
36.045 -451.834
36.046 -449.646
36.047 -447.343
36.048 -444.928
36.049 -442.407
36.05 -439.785
36.051 -437.062
36.052 -434.24
36.053 -431.317
36.054 -428.291
36.055 -425.16
36.056 -421.922
36.057 -418.578
36.058 -415.128
36.059 -411.574
36.06 -407.921
36.061 -404.171
36.062 -400.329
36.063 -396.396
36.064 -392.374
36.065 -388.263
36.066 -384.06
36.067 -379.765
36.068 -375.377
36.069 -370.894
36.07 -366.318
36.071 -361.651
36.072 -356.898
36.073 -352.061
36.074 -347.146
36.075 -342.155
36.076 -337.09
36.077 -331.951
36.078 -326.737
36.079 -321.449
36.08 -316.083
36.081 -310.641
36.082 -305.124
36.083 -299.537
36.084 -293.884
36.085 -288.169
36.086 -282.398
36.087 -276.574
36.088 -270.701
36.089 -264.779
36.09 -258.81
36.091 -252.793
36.092 -246.73
36.093 -240.622
36.094 -234.471
36.095 -228.283
36.096 -222.06
36.097 -215.81
36.098 -209.537
36.099 -203.247
36.1 -196.943
36.101 -190.628
36.102 -184.303
36.103 -177.97
36.104 -171.629
36.105 -165.282
36.106 -158.931
36.107 -152.579
36.108 -146.232
36.109 -139.894
36.11 -133.572
36.111 -127.27
36.112 -120.993
36.113 -114.744
36.114 -108.524
36.115 -102.335
36.116 -96.1763
36.117 -90.0503
36.118 -83.9586
36.119 -77.9044
36.12 -71.8922
36.121 -65.9271
36.122 -60.0146
36.123 -54.16
36.124 -48.3673
36.125 -42.6397
36.126 -36.9791
36.127 -31.3864
36.128 -25.862
36.129 -20.4068
36.13 -15.0223
36.131 -9.71041
36.132 -4.4738
36.133 0.683641
36.134 5.7575
36.135 10.7434
36.136 15.6378
36.137 20.4379
36.138 25.1426
36.139 29.7515
36.14 34.265
36.141 38.6844
36.142 43.0107
36.143 47.2438
36.144 51.3822
36.145 55.4233
36.146 59.3638
36.147 63.2001
36.148 66.9293
36.149 70.5495
36.15 74.0601
36.151 77.4627
36.152 80.7599
36.153 83.9547
36.154 87.0492
36.155 90.0448
36.156 92.9413
36.157 95.7374
36.158 98.4307
36.159 101.019
36.16 103.5
36.161 105.871
36.162 108.131
36.163 110.279
36.164 112.318
36.165 114.249
36.166 116.074
36.167 117.795
36.168 119.411
36.169 120.922
36.17 122.324
36.171 123.614
36.172 124.789
36.173 125.846
36.174 126.785
36.175 127.605
36.176 128.308
36.177 128.898
36.178 129.376
36.179 129.745
36.18 130.006
36.181 130.158
36.182 130.197
36.183 130.119
36.184 129.922
36.185 129.601
36.186 129.158
36.187 128.591
36.188 127.901
36.189 127.091
36.19 126.164
36.191 125.122
36.192 123.967
36.193 122.697
36.194 121.311
36.195 119.806
36.196 118.179
36.197 116.428
36.198 114.552
36.199 112.551
36.2 110.427
36.201 108.183
36.202 105.823
36.203 103.349
36.204 100.762
36.205 98.065
36.206 95.2552
36.207 92.3313
36.208 89.2908
36.209 86.1317
36.21 82.8533
36.211 79.4575
36.212 75.9488
36.213 72.3323
36.214 68.6132
36.215 64.7965
36.216 60.8858
36.217 56.8835
36.218 52.7901
36.219 48.6055
36.22 44.3289
36.221 39.9602
36.222 35.5004
36.223 30.9519
36.224 26.3188
36.225 21.6064
36.226 16.8204
36.227 11.9663
36.228 7.04864
36.229 2.07032
36.23 -2.96714
36.231 -8.06419
36.232 -13.2222
36.233 -18.4421
36.234 -23.7236
36.235 -29.0649
36.236 -34.4623
36.237 -39.911
36.238 -45.4053
36.239 -50.9398
36.24 -56.51
36.241 -62.1136
36.242 -67.7506
36.243 -73.4219
36.244 -79.129
36.245 -84.8733
36.246 -90.6551
36.247 -96.473
36.248 -102.324
36.249 -108.204
36.25 -114.108
36.251 -120.03
36.252 -125.967
36.253 -131.915
36.254 -137.875
36.255 -143.846
36.256 -149.829
36.257 -155.826
36.258 -161.838
36.259 -167.863
36.26 -173.899
36.261 -179.941
36.262 -185.985
36.263 -192.025
36.264 -198.057
36.265 -204.077
36.266 -210.084
36.267 -216.078
36.268 -222.061
36.269 -228.033
36.27 -233.996
36.271 -239.948
36.272 -245.886
36.273 -251.804
36.274 -257.698
36.275 -263.562
36.276 -269.389
36.277 -275.178
36.278 -280.924
36.279 -286.629
36.28 -292.292
36.281 -297.913
36.282 -303.491
36.283 -309.026
36.284 -314.513
36.285 -319.948
36.286 -325.324
36.287 -330.637
36.288 -335.88
36.289 -341.049
36.29 -346.142
36.291 -351.156
36.292 -356.09
36.293 -360.944
36.294 -365.716
36.295 -370.405
36.296 -375.009
36.297 -379.523
36.298 -383.941
36.299 -388.257
36.3 -392.466
36.301 -396.565
36.302 -400.552
36.303 -404.427
36.304 -408.191
36.305 -411.845
36.306 -415.391
36.307 -418.827
36.308 -422.154
36.309 -425.369
36.31 -428.468
36.311 -431.448
36.312 -434.307
36.313 -437.044
36.314 -439.657
36.315 -442.148
36.316 -444.518
36.317 -446.77
36.318 -448.905
36.319 -450.926
36.32 -452.833
36.321 -454.625
36.322 -456.3
36.323 -457.856
36.324 -459.291
36.325 -460.605
36.326 -461.796
36.327 -462.866
36.328 -463.817
36.329 -464.652
36.33 -465.373
36.331 -465.984
36.332 -466.482
36.333 -466.869
36.334 -467.142
36.335 -467.299
36.336 -467.339
36.337 -467.259
36.338 -467.061
36.339 -466.743
36.34 -466.309
36.341 -465.759
36.342 -465.098
36.343 -464.324
36.344 -463.438
36.345 -462.441
36.346 -461.33
36.347 -460.104
36.348 -458.761
36.349 -457.299
36.35 -455.718
36.351 -454.019
36.352 -452.202
36.353 -450.271
36.354 -448.227
36.355 -446.073
36.356 -443.809
36.357 -441.437
36.358 -438.954
36.359 -436.361
36.36 -433.656
36.361 -430.837
36.362 -427.905
36.363 -424.86
36.364 -421.704
36.365 -418.439
36.366 -415.069
36.367 -411.595
36.368 -408.021
36.369 -404.347
36.37 -400.572
36.371 -396.698
36.372 -392.724
36.373 -388.65
36.374 -384.477
36.375 -380.207
36.376 -375.842
36.377 -371.385
36.378 -366.84
36.379 -362.211
36.38 -357.5
36.381 -352.711
36.382 -347.844
36.383 -342.9
36.384 -337.88
36.385 -332.784
36.386 -327.613
36.387 -322.368
36.388 -317.053
36.389 -311.67
36.39 -306.223
36.391 -300.718
36.392 -295.158
36.393 -289.548
36.394 -283.89
36.395 -278.186
36.396 -272.438
36.397 -266.645
36.398 -260.811
36.399 -254.935
36.4 -249.023
36.401 -243.077
36.402 -237.098
36.403 -231.091
36.404 -225.058
36.405 -219.004
36.406 -212.929
36.407 -206.834
36.408 -200.722
36.409 -194.591
36.41 -188.443
36.411 -182.276
36.412 -176.092
36.413 -169.891
36.414 -163.676
36.415 -157.45
36.416 -151.215
36.417 -144.974
36.418 -138.73
36.419 -132.483
36.42 -126.234
36.421 -119.983
36.422 -113.727
36.423 -107.469
36.424 -101.207
36.425 -94.9434
36.426 -88.6799
36.427 -82.4192
36.428 -76.1645
36.429 -69.9186
36.43 -63.6836
36.431 -57.4616
36.432 -51.2544
36.433 -45.0626
36.434 -38.8864
36.435 -32.7261
36.436 -26.5823
36.437 -20.4564
36.438 -14.3508
36.439 -8.26843
36.44 -2.21295
36.441 3.81066
36.442 9.7969
36.443 15.7416
36.444 21.6419
36.445 27.4957
36.446 33.3019
36.447 39.0596
36.448 44.7676
36.449 50.4239
36.45 56.0254
36.451 61.5681
36.452 67.0471
36.453 72.4571
36.454 77.7935
36.455 83.052
36.456 88.2298
36.457 93.3249
36.458 98.3364
36.459 103.264
36.46 108.106
36.461 112.862
36.462 117.53
36.463 122.106
36.464 126.585
36.465 130.963
36.466 135.236
36.467 139.4
36.468 143.451
36.469 147.39
36.47 151.213
36.471 154.924
36.472 158.522
36.473 162.008
36.474 165.382
36.475 168.64
36.476 171.781
36.477 174.8
36.478 177.694
36.479 180.461
36.48 183.098
36.481 185.607
36.482 187.99
36.483 190.251
36.484 192.392
36.485 194.417
36.486 196.325
36.487 198.118
36.488 199.793
36.489 201.349
36.49 202.785
36.491 204.098
36.492 205.289
36.493 206.361
36.494 207.315
36.495 208.155
36.496 208.886
36.497 209.51
36.498 210.03
36.499 210.446
36.5 210.757
36.501 210.963
36.502 211.062
36.503 211.055
36.504 210.939
36.505 210.718
36.506 210.394
36.507 209.972
36.508 209.458
36.509 208.852
36.51 208.158
36.511 207.377
36.512 206.506
36.513 205.544
36.514 204.487
36.515 203.335
36.516 202.087
36.517 200.744
36.518 199.308
36.519 197.784
36.52 196.174
36.521 194.482
36.522 192.707
36.523 190.849
36.524 188.907
36.525 186.878
36.526 184.76
36.527 182.551
36.528 180.25
36.529 177.859
36.53 175.38
36.531 172.814
36.532 170.166
36.533 167.438
36.534 164.632
36.535 161.748
36.536 158.785
36.537 155.742
36.538 152.616
36.539 149.406
36.54 146.111
36.541 142.732
36.542 139.272
36.543 135.733
36.544 132.119
36.545 128.433
36.546 124.677
36.547 120.854
36.548 116.961
36.549 112.998
36.55 108.964
36.551 104.858
36.552 100.683
36.553 96.4403
36.554 92.1342
36.555 87.7691
36.556 83.3498
36.557 78.8808
36.558 74.3658
36.559 69.8073
36.56 65.2069
36.561 60.5666
36.562 55.8891
36.563 51.1767
36.564 46.4321
36.565 41.6591
36.566 36.8622
36.567 32.0468
36.568 27.2186
36.569 22.3833
36.57 17.5461
36.571 12.7114
36.572 7.88275
36.573 3.06279
36.574 -1.74623
36.575 -6.54208
36.576 -11.3221
36.577 -16.0828
36.578 -20.8199
36.579 -25.5281
36.58 -30.202
36.581 -34.8365
36.582 -39.4275
36.583 -43.9714
36.584 -48.4653
36.585 -52.9072
36.586 -57.2954
36.587 -61.6282
36.588 -65.9038
36.589 -70.1195
36.59 -74.2721
36.591 -78.3583
36.592 -82.3748
36.593 -86.3179
36.594 -90.1842
36.595 -93.9708
36.596 -97.6754
36.597 -101.297
36.598 -104.833
36.599 -108.285
36.6 -111.65
36.601 -114.929
36.602 -118.121
36.603 -121.223
36.604 -124.235
36.605 -127.152
36.606 -129.973
36.607 -132.695
36.608 -135.317
36.609 -137.838
36.61 -140.259
36.611 -142.578
36.612 -144.795
36.613 -146.91
36.614 -148.921
36.615 -150.827
36.616 -152.626
36.617 -154.315
36.618 -155.892
36.619 -157.355
36.62 -158.702
36.621 -159.931
36.622 -161.043
36.623 -162.038
36.624 -162.915
36.625 -163.675
36.626 -164.318
36.627 -164.841
36.628 -165.246
36.629 -165.528
36.63 -165.687
36.631 -165.722
36.632 -165.629
36.633 -165.409
36.634 -165.061
36.635 -164.589
36.636 -163.991
36.637 -163.267
36.638 -162.419
36.639 -161.446
36.64 -160.348
36.641 -159.124
36.642 -157.772
36.643 -156.291
36.644 -154.681
36.645 -152.942
36.646 -151.074
36.647 -149.078
36.648 -146.956
36.649 -144.709
36.65 -142.338
36.651 -139.844
36.652 -137.227
36.653 -134.487
36.654 -131.623
36.655 -128.634
36.656 -125.521
36.657 -122.284
36.658 -118.923
36.659 -115.441
36.66 -111.839
36.661 -108.12
36.662 -104.282
36.663 -100.328
36.664 -96.2564
36.665 -92.0677
36.666 -87.7615
36.667 -83.3373
36.668 -78.795
36.669 -74.1352
36.67 -69.3586
36.671 -64.4674
36.672 -59.4644
36.673 -54.3523
36.674 -49.1333
36.675 -43.8092
36.676 -38.3813
36.677 -32.8505
36.678 -27.2174
36.679 -21.4827
36.68 -15.6474
36.681 -9.71305
36.682 -3.68183
36.683 2.44351
36.684 8.65986
36.685 14.9641
36.686 21.3532
36.687 27.8247
36.688 34.3767
36.689 41.0076
36.69 47.7163
36.691 54.5009
36.692 61.3588
36.693 68.2872
36.694 75.2829
36.695 82.3422
36.696 89.461
36.697 96.6353
36.698 103.861
36.699 111.135
36.7 118.454
36.701 125.816
36.702 133.217
36.703 140.656
36.704 148.13
36.705 155.635
36.706 163.169
36.707 170.728
36.708 178.307
36.709 185.901
36.71 193.508
36.711 201.122
36.712 208.741
36.713 216.362
36.714 223.982
36.715 231.598
36.716 239.207
36.717 246.808
36.718 254.396
36.719 261.967
36.72 269.518
36.721 277.044
36.722 284.54
36.723 292.004
36.724 299.431
36.725 306.818
36.726 314.164
36.727 321.465
36.728 328.719
36.729 335.924
36.73 343.076
36.731 350.173
36.732 357.212
36.733 364.189
36.734 371.102
36.735 377.948
36.736 384.724
36.737 391.428
36.738 398.057
36.739 404.611
36.74 411.087
36.741 417.486
36.742 423.804
36.743 430.04
36.744 436.192
36.745 442.256
36.746 448.232
36.747 454.115
36.748 459.904
36.749 465.596
36.75 471.192
36.751 476.688
36.752 482.084
36.753 487.377
36.754 492.566
36.755 497.648
36.756 502.623
36.757 507.488
36.758 512.24
36.759 516.877
36.76 521.397
36.761 525.799
36.762 530.083
36.763 534.249
36.764 538.295
36.765 542.223
36.766 546.031
36.767 549.719
36.768 553.286
36.769 556.731
36.77 560.054
36.771 563.254
36.772 566.329
36.773 569.28
36.774 572.107
36.775 574.811
36.776 577.391
36.777 579.848
36.778 582.183
36.779 584.396
36.78 586.487
36.781 588.456
36.782 590.302
36.783 592.025
36.784 593.626
36.785 595.104
36.786 596.461
36.787 597.697
36.788 598.814
36.789 599.812
36.79 600.693
36.791 601.458
36.792 602.107
36.793 602.641
36.794 603.06
36.795 603.364
36.796 603.555
36.797 603.632
36.798 603.597
36.799 603.452
36.8 603.198
36.801 602.837
36.802 602.372
36.803 601.808
36.804 601.141
36.805 600.377
36.806 599.515
36.807 598.557
36.808 597.506
36.809 596.36
36.81 595.123
36.811 593.796
36.812 592.381
36.813 590.88
36.814 589.295
36.815 587.629
36.816 585.883
36.817 584.058
36.818 582.157
36.819 580.18
36.82 578.129
36.821 576.003
36.822 573.805
36.823 571.537
36.824 569.199
36.825 566.796
36.826 564.328
36.827 561.799
36.828 559.211
36.829 556.566
36.83 553.865
36.831 551.109
36.832 548.301
36.833 545.44
36.834 542.529
36.835 539.569
36.836 536.563
36.837 533.512
36.838 530.42
36.839 527.29
36.84 524.123
36.841 520.92
36.842 517.684
36.843 514.414
36.844 511.111
36.845 507.775
36.846 504.408
36.847 501.011
36.848 497.586
36.849 494.135
36.85 490.659
36.851 487.163
36.852 483.648
36.853 480.117
36.854 476.572
36.855 473.014
36.856 469.444
36.857 465.863
36.858 462.273
36.859 458.676
36.86 455.074
36.861 451.47
36.862 447.869
36.863 444.274
36.864 440.689
36.865 437.117
36.866 433.56
36.867 430.019
36.868 426.497
36.869 422.996
36.87 419.516
36.871 416.059
36.872 412.628
36.873 409.225
36.874 405.853
36.875 402.514
36.876 399.212
36.877 395.95
36.878 392.729
36.879 389.551
36.88 386.416
36.881 383.325
36.882 380.28
36.883 377.28
36.884 374.328
36.885 371.425
36.886 368.576
36.887 365.782
36.888 363.046
36.889 360.371
36.89 357.758
36.891 355.207
36.892 352.714
36.893 350.278
36.894 347.897
36.895 345.57
36.896 343.296
36.897 341.076
36.898 338.911
36.899 336.803
36.9 334.752
36.901 332.758
36.902 330.821
36.903 328.939
36.904 327.109
36.905 325.33
36.906 323.599
36.907 321.915
36.908 320.277
36.909 318.685
36.91 317.14
36.911 315.642
36.912 314.189
36.913 312.779
36.914 311.409
36.915 310.079
36.916 308.783
36.917 307.518
36.918 306.282
36.919 305.072
36.92 303.885
36.921 302.72
36.922 301.578
36.923 300.459
36.924 299.361
36.925 298.284
36.926 297.226
36.927 296.186
36.928 295.159
36.929 294.144
36.93 293.137
36.931 292.135
36.932 291.136
36.933 290.137
36.934 289.139
36.935 288.139
36.936 287.137
36.937 286.132
36.938 285.122
36.939 284.104
36.94 283.075
36.941 282.033
36.942 280.977
36.943 279.904
36.944 278.814
36.945 277.706
36.946 276.58
36.947 275.436
36.948 274.274
36.949 273.093
36.95 271.895
36.951 270.677
36.952 269.438
36.953 268.176
36.954 266.89
36.955 265.579
36.956 264.24
36.957 262.873
36.958 261.479
36.959 260.056
36.96 258.607
36.961 257.131
36.962 255.629
36.963 254.101
36.964 252.548
36.965 250.967
36.966 249.359
36.967 247.721
36.968 246.054
36.969 244.356
36.97 242.629
36.971 240.874
36.972 239.091
36.973 237.282
36.974 235.447
36.975 233.588
36.976 231.704
36.977 229.794
36.978 227.857
36.979 225.892
36.98 223.9
36.981 221.878
36.982 219.829
36.983 217.752
36.984 215.65
36.985 213.523
36.986 211.373
36.987 209.2
36.988 207.005
36.989 204.787
36.99 202.544
36.991 200.278
36.992 197.985
36.993 195.668
36.994 193.325
36.995 190.958
36.996 188.568
36.997 186.157
36.998 183.726
36.999 181.276
37 178.808
37.001 176.32
37.002 173.813
37.003 171.285
37.004 168.736
37.005 166.167
37.006 163.576
37.007 160.966
37.008 158.337
37.009 155.692
37.01 153.03
37.011 150.355
37.012 147.666
37.013 144.963
37.014 142.246
37.015 139.515
37.016 136.767
37.017 134.004
37.018 131.226
37.019 128.433
37.02 125.627
37.021 122.81
37.022 119.983
37.023 117.147
37.024 114.303
37.025 111.452
37.026 108.592
37.027 105.724
37.028 102.848
37.029 99.9613
37.03 97.0658
37.031 94.1626
37.032 91.2543
37.033 88.3433
37.034 85.4319
37.035 82.5224
37.036 79.616
37.037 76.7135
37.038 73.8152
37.039 70.9211
37.04 68.031
37.041 65.1462
37.042 62.2685
37.043 59.4005
37.044 56.5449
37.045 53.7049
37.046 50.8832
37.047 48.0824
37.048 45.3044
37.049 42.5507
37.05 39.822
37.051 37.1175
37.052 34.4355
37.053 31.7754
37.054 29.1374
37.055 26.5222
37.056 23.9316
37.057 21.3676
37.058 18.8323
37.059 16.3272
37.06 13.853
37.061 11.4098
37.062 8.99677
37.063 6.61254
37.064 4.25583
37.065 1.92569
37.066 -0.378132
37.067 -2.65504
37.068 -4.90368
37.069 -7.12222
37.07 -9.30874
37.071 -11.4624
37.072 -13.5836
37.073 -15.6731
37.074 -17.7324
37.075 -19.7636
37.076 -21.7686
37.077 -23.749
37.078 -25.7059
37.079 -27.6395
37.08 -29.5492
37.081 -31.4336
37.082 -33.2904
37.083 -35.1181
37.084 -36.9162
37.085 -38.6846
37.086 -40.4245
37.087 -42.1375
37.088 -43.8253
37.089 -45.4893
37.09 -47.1303
37.091 -48.7481
37.092 -50.3417
37.093 -51.9094
37.094 -53.4497
37.095 -54.9609
37.096 -56.4423
37.097 -57.894
37.098 -59.3169
37.099 -60.7128
37.1 -62.0834
37.101 -63.4305
37.102 -64.7551
37.103 -66.0574
37.104 -67.3367
37.105 -68.5917
37.106 -69.8208
37.107 -71.0225
37.108 -72.196
37.109 -73.3412
37.11 -74.4592
37.111 -75.5515
37.112 -76.6201
37.113 -77.6669
37.114 -78.6933
37.115 -79.6998
37.116 -80.686
37.117 -81.6509
37.118 -82.593
37.119 -83.5109
37.12 -84.4037
37.121 -85.2721
37.122 -86.118
37.123 -86.9439
37.124 -87.7526
37.125 -88.5467
37.126 -89.3283
37.127 -90.0987
37.128 -90.8583
37.129 -91.6067
37.13 -92.3431
37.131 -93.0662
37.132 -93.7746
37.133 -94.4682
37.134 -95.1479
37.135 -95.8153
37.136 -96.4729
37.137 -97.1228
37.138 -97.7671
37.139 -98.4069
37.14 -99.0421
37.141 -99.672
37.142 -100.295
37.143 -100.91
37.144 -101.515
37.145 -102.11
37.146 -102.695
37.147 -103.273
37.148 -103.846
37.149 -104.415
37.15 -104.984
37.151 -105.552
37.152 -106.119
37.153 -106.683
37.154 -107.243
37.155 -107.795
37.156 -108.339
37.157 -108.873
37.158 -109.397
37.159 -109.913
37.16 -110.422
37.161 -110.924
37.162 -111.42
37.163 -111.911
37.164 -112.394
37.165 -112.868
37.166 -113.331
37.167 -113.78
37.168 -114.213
37.169 -114.628
37.17 -115.024
37.171 -115.403
37.172 -115.766
37.173 -116.114
37.174 -116.45
37.175 -116.774
37.176 -117.085
37.177 -117.383
37.178 -117.666
37.179 -117.932
37.18 -118.178
37.181 -118.404
37.182 -118.608
37.183 -118.79
37.184 -118.952
37.185 -119.093
37.186 -119.215
37.187 -119.319
37.188 -119.405
37.189 -119.471
37.19 -119.515
37.191 -119.535
37.192 -119.531
37.193 -119.5
37.194 -119.442
37.195 -119.358
37.196 -119.249
37.197 -119.117
37.198 -118.963
37.199 -118.789
37.2 -118.595
37.201 -118.382
37.202 -118.147
37.203 -117.891
37.204 -117.612
37.205 -117.306
37.206 -116.975
37.207 -116.619
37.208 -116.238
37.209 -115.836
37.21 -115.413
37.211 -114.971
37.212 -114.509
37.213 -114.027
37.214 -113.523
37.215 -112.995
37.216 -112.441
37.217 -111.86
37.218 -111.25
37.219 -110.612
37.22 -109.945
37.221 -109.252
37.222 -108.533
37.223 -107.789
37.224 -107.021
37.225 -106.228
37.226 -105.409
37.227 -104.563
37.228 -103.686
37.229 -102.779
37.23 -101.838
37.231 -100.867
37.232 -99.8646
37.233 -98.8345
37.234 -97.7785
37.235 -96.6983
37.236 -95.5952
37.237 -94.4695
37.238 -93.3207
37.239 -92.1476
37.24 -90.9492
37.241 -89.7246
37.242 -88.4734
37.243 -87.1964
37.244 -85.8948
37.245 -84.5708
37.246 -83.2266
37.247 -81.8643
37.248 -80.4854
37.249 -79.0904
37.25 -77.6792
37.251 -76.2517
37.252 -74.8079
37.253 -73.3478
37.254 -71.8718
37.255 -70.381
37.256 -68.8772
37.257 -67.3628
37.258 -65.8405
37.259 -64.3131
37.26 -62.7827
37.261 -61.251
37.262 -59.7188
37.263 -58.1864
37.264 -56.6538
37.265 -55.1207
37.266 -53.5874
37.267 -52.055
37.268 -50.525
37.269 -48.9997
37.27 -47.4819
37.271 -45.9756
37.272 -44.4856
37.273 -43.0153
37.274 -41.5672
37.275 -40.1429
37.276 -38.7432
37.277 -37.3687
37.278 -36.0204
37.279 -34.6999
37.28 -33.4097
37.281 -32.1525
37.282 -30.9312
37.283 -29.7494
37.284 -28.6106
37.285 -27.5176
37.286 -26.4724
37.287 -25.4763
37.288 -24.5295
37.289 -23.6322
37.29 -22.7842
37.291 -21.9861
37.292 -21.2391
37.293 -20.5453
37.294 -19.9075
37.295 -19.3289
37.296 -18.8128
37.297 -18.3619
37.298 -17.9783
37.299 -17.6628
37.3 -17.416
37.301 -17.2366
37.302 -17.1223
37.303 -17.0746
37.304 -17.0922
37.305 -17.1758
37.306 -17.3273
37.307 -17.5489
37.308 -17.8432
37.309 -18.211
37.31 -18.6561
37.311 -19.1777
37.312 -19.7752
37.313 -20.4472
37.314 -21.1918
37.315 -22.0078
37.316 -22.8943
37.317 -23.8515
37.318 -24.8807
37.319 -25.9838
37.32 -27.1629
37.321 -28.4194
37.322 -29.7532
37.323 -31.1637
37.324 -32.6493
37.325 -34.2077
37.326 -35.8363
37.327 -37.5328
37.328 -39.2954
37.329 -41.1233
37.33 -43.0165
37.331 -44.9757
37.332 -47.0019
37.333 -49.0958
37.334 -51.2577
37.335 -53.4867
37.336 -55.781
37.337 -58.1383
37.338 -60.5556
37.339 -63.0301
37.34 -65.5596
37.341 -68.1427
37.342 -70.7788
37.343 -73.4682
37.344 -76.2115
37.345 -79.0094
37.346 -81.8617
37.347 -84.7677
37.348 -87.7256
37.349 -90.7327
37.35 -93.7859
37.351 -96.8815
37.352 -100.015
37.353 -103.185
37.354 -106.389
37.355 -109.625
37.356 -112.895
37.357 -116.198
37.358 -119.533
37.359 -122.9
37.36 -126.296
37.361 -129.717
37.362 -133.163
37.363 -136.628
37.364 -140.11
37.365 -143.607
37.366 -147.117
37.367 -150.638
37.368 -154.172
37.369 -157.718
37.37 -161.277
37.371 -164.847
37.372 -168.429
37.373 -172.019
37.374 -175.615
37.375 -179.213
37.376 -182.81
37.377 -186.402
37.378 -189.989
37.379 -193.569
37.38 -197.143
37.381 -200.709
37.382 -204.269
37.383 -207.823
37.384 -211.369
37.385 -214.905
37.386 -218.429
37.387 -221.936
37.388 -225.425
37.389 -228.891
37.39 -232.334
37.391 -235.75
37.392 -239.139
37.393 -242.501
37.394 -245.834
37.395 -249.139
37.396 -252.413
37.397 -255.656
37.398 -258.864
37.399 -262.033
37.4 -265.161
37.401 -268.243
37.402 -271.279
37.403 -274.267
37.404 -277.206
37.405 -280.098
37.406 -282.943
37.407 -285.74
37.408 -288.489
37.409 -291.19
37.41 -293.84
37.411 -296.436
37.412 -298.978
37.413 -301.461
37.414 -303.884
37.415 -306.246
37.416 -308.547
37.417 -310.787
37.418 -312.967
37.419 -315.088
37.42 -317.15
37.421 -319.151
37.422 -321.092
37.423 -322.969
37.424 -324.781
37.425 -326.525
37.426 -328.2
37.427 -329.805
37.428 -331.34
37.429 -332.805
37.43 -334.202
37.431 -335.532
37.432 -336.794
37.433 -337.991
37.434 -339.119
37.435 -340.178
37.436 -341.167
37.437 -342.083
37.438 -342.925
37.439 -343.692
37.44 -344.384
37.441 -345.003
37.442 -345.547
37.443 -346.017
37.444 -346.414
37.445 -346.738
37.446 -346.987
37.447 -347.162
37.448 -347.259
37.449 -347.277
37.45 -347.215
37.451 -347.07
37.452 -346.843
37.453 -346.533
37.454 -346.142
37.455 -345.671
37.456 -345.121
37.457 -344.491
37.458 -343.782
37.459 -342.993
37.46 -342.122
37.461 -341.169
37.462 -340.133
37.463 -339.015
37.464 -337.815
37.465 -336.535
37.466 -335.175
37.467 -333.738
37.468 -332.225
37.469 -330.638
37.47 -328.978
37.471 -327.243
37.472 -325.434
37.473 -323.549
37.474 -321.586
37.475 -319.547
37.476 -317.431
37.477 -315.238
37.478 -312.972
37.479 -310.632
37.48 -308.221
37.481 -305.739
37.482 -303.188
37.483 -300.566
37.484 -297.875
37.485 -295.112
37.486 -292.277
37.487 -289.371
37.488 -286.393
37.489 -283.346
37.49 -280.229
37.491 -277.046
37.492 -273.798
37.493 -270.487
37.494 -267.113
37.495 -263.678
37.496 -260.18
37.497 -256.62
37.498 -252.997
37.499 -249.312
37.5 -245.564
37.501 -241.755
37.502 -237.885
37.503 -233.955
37.504 -229.967
37.505 -225.922
37.506 -221.821
37.507 -217.664
37.508 -213.452
37.509 -209.183
37.51 -204.857
37.511 -200.474
37.512 -196.036
37.513 -191.543
37.514 -186.998
37.515 -182.402
37.516 -177.757
37.517 -173.067
37.518 -168.331
37.519 -163.552
37.52 -158.731
37.521 -153.867
37.522 -148.961
37.523 -144.014
37.524 -139.027
37.525 -134.001
37.526 -128.937
37.527 -123.839
37.528 -118.709
37.529 -113.548
37.53 -108.359
37.531 -103.142
37.532 -97.898
37.533 -92.6262
37.534 -87.3264
37.535 -81.9988
37.536 -76.6438
37.537 -71.2625
37.538 -65.8563
37.539 -60.4271
37.54 -54.9769
37.541 -49.5073
37.542 -44.0197
37.543 -38.515
37.544 -32.9936
37.545 -27.4554
37.546 -21.9005
37.547 -16.329
37.548 -10.7413
37.549 -5.13846
37.55 0.47801
37.551 6.10551
37.552 11.7408
37.553 17.3812
37.554 23.0244
37.555 28.6686
37.556 34.3129
37.557 39.9566
37.558 45.5992
37.559 51.2402
37.56 56.8786
37.561 62.5127
37.562 68.1402
37.563 73.7584
37.564 79.3644
37.565 84.9553
37.566 90.5286
37.567 96.0825
37.568 101.616
37.569 107.128
37.57 112.618
37.571 118.086
37.572 123.529
37.573 128.944
37.574 134.329
37.575 139.682
37.576 144.997
37.577 150.274
37.578 155.507
37.579 160.696
37.58 165.839
37.581 170.933
37.582 175.978
37.583 180.974
37.584 185.917
37.585 190.807
37.586 195.642
37.587 200.417
37.588 205.131
37.589 209.78
37.59 214.361
37.591 218.873
37.592 223.314
37.593 227.682
37.594 231.978
37.595 236.199
37.596 240.346
37.597 244.417
37.598 248.41
37.599 252.322
37.6 256.151
37.601 259.895
37.602 263.551
37.603 267.117
37.604 270.592
37.605 273.976
37.606 277.267
37.607 280.466
37.608 283.572
37.609 286.585
37.61 289.503
37.611 292.325
37.612 295.05
37.613 297.678
37.614 300.206
37.615 302.635
37.616 304.963
37.617 307.192
37.618 309.321
37.619 311.35
37.62 313.282
37.621 315.116
37.622 316.85
37.623 318.484
37.624 320.017
37.625 321.446
37.626 322.772
37.627 323.994
37.628 325.11
37.629 326.122
37.63 327.028
37.631 327.833
37.632 328.538
37.633 329.145
37.634 329.655
37.635 330.07
37.636 330.39
37.637 330.615
37.638 330.745
37.639 330.78
37.64 330.723
37.641 330.572
37.642 330.331
37.643 330
37.644 329.582
37.645 329.081
37.646 328.494
37.647 327.825
37.648 327.073
37.649 326.238
37.65 325.321
37.651 324.322
37.652 323.241
37.653 322.079
37.654 320.84
37.655 319.524
37.656 318.134
37.657 316.673
37.658 315.143
37.659 313.544
37.66 311.878
37.661 310.146
37.662 308.347
37.663 306.483
37.664 304.553
37.665 302.56
37.666 300.505
37.667 298.392
37.668 296.222
37.669 293.998
37.67 291.724
37.671 289.4
37.672 287.031
37.673 284.616
37.674 282.159
37.675 279.659
37.676 277.119
37.677 274.54
37.678 271.925
37.679 269.278
37.68 266.6
37.681 263.896
37.682 261.168
37.683 258.417
37.684 255.646
37.685 252.855
37.686 250.047
37.687 247.221
37.688 244.378
37.689 241.522
37.69 238.652
37.691 235.772
37.692 232.886
37.693 229.998
37.694 227.111
37.695 224.228
37.696 221.351
37.697 218.482
37.698 215.622
37.699 212.773
37.7 209.937
37.701 207.115
37.702 204.307
37.703 201.517
37.704 198.748
37.705 196.001
37.706 193.28
37.707 190.588
37.708 187.926
37.709 185.296
37.71 182.698
37.711 180.134
37.712 177.603
37.713 175.107
37.714 172.647
37.715 170.225
37.716 167.844
37.717 165.505
37.718 163.213
37.719 160.968
37.72 158.774
37.721 156.631
37.722 154.541
37.723 152.503
37.724 150.518
37.725 148.586
37.726 146.709
37.727 144.888
37.728 143.125
37.729 141.423
37.73 139.784
37.731 138.21
37.732 136.702
37.733 135.264
37.734 133.893
37.735 132.592
37.736 131.359
37.737 130.196
37.738 129.102
37.739 128.079
37.74 127.128
37.741 126.251
37.742 125.448
37.743 124.721
37.744 124.07
37.745 123.495
37.746 122.998
37.747 122.576
37.748 122.23
37.749 121.958
37.75 121.76
37.751 121.636
37.752 121.585
37.753 121.611
37.754 121.712
37.755 121.889
37.756 122.143
37.757 122.473
37.758 122.879
37.759 123.361
37.76 123.918
37.761 124.549
37.762 125.252
37.763 126.027
37.764 126.874
37.765 127.792
37.766 128.782
37.767 129.845
37.768 130.98
37.769 132.188
37.77 133.467
37.771 134.817
37.772 136.234
37.773 137.717
37.774 139.262
37.775 140.869
37.776 142.536
37.777 144.262
37.778 146.047
37.779 147.89
37.78 149.791
37.781 151.749
37.782 153.762
37.783 155.828
37.784 157.944
37.785 160.108
37.786 162.318
37.787 164.57
37.788 166.864
37.789 169.198
37.79 171.572
37.791 173.984
37.792 176.432
37.793 178.915
37.794 181.429
37.795 183.972
37.796 186.54
37.797 189.132
37.798 191.742
37.799 194.369
37.8 197.01
37.801 199.663
37.802 202.326
37.803 204.997
37.804 207.675
37.805 210.358
37.806 213.043
37.807 215.727
37.808 218.408
37.809 221.081
37.81 223.745
37.811 226.394
37.812 229.026
37.813 231.637
37.814 234.225
37.815 236.788
37.816 239.323
37.817 241.829
37.818 244.302
37.819 246.739
37.82 249.137
37.821 251.494
37.822 253.805
37.823 256.069
37.824 258.283
37.825 260.444
37.826 262.55
37.827 264.601
37.828 266.594
37.829 268.527
37.83 270.4
37.831 272.21
37.832 273.956
37.833 275.633
37.834 277.241
37.835 278.776
37.836 280.236
37.837 281.619
37.838 282.923
37.839 284.148
37.84 285.291
37.841 286.351
37.842 287.326
37.843 288.214
37.844 289.011
37.845 289.716
37.846 290.326
37.847 290.838
37.848 291.249
37.849 291.559
37.85 291.764
37.851 291.865
37.852 291.861
37.853 291.75
37.854 291.533
37.855 291.207
37.856 290.772
37.857 290.229
37.858 289.572
37.859 288.801
37.86 287.915
37.861 286.913
37.862 285.796
37.863 284.565
37.864 283.221
37.865 281.765
37.866 280.196
37.867 278.514
37.868 276.721
37.869 274.814
37.87 272.793
37.871 270.659
37.872 268.413
37.873 266.056
37.874 263.589
37.875 261.015
37.876 258.335
37.877 255.551
37.878 252.665
37.879 249.678
37.88 246.589
37.881 243.4
37.882 240.11
37.883 236.719
37.884 233.227
37.885 229.636
37.886 225.947
37.887 222.162
37.888 218.282
37.889 214.311
37.89 210.248
37.891 206.096
37.892 201.857
37.893 197.53
37.894 193.118
37.895 188.622
37.896 184.042
37.897 179.381
37.898 174.64
37.899 169.823
37.9 164.933
37.901 159.97
37.902 154.938
37.903 149.838
37.904 144.67
37.905 139.435
37.906 134.135
37.907 128.771
37.908 123.342
37.909 117.852
37.91 112.302
37.911 106.694
37.912 101.031
37.913 95.3143
37.914 89.5467
37.915 83.73
37.916 77.8657
37.917 71.9551
37.918 65.9992
37.919 59.9992
37.92 53.9567
37.921 47.8733
37.922 41.751
37.923 35.5924
37.924 29.3999
37.925 23.1763
37.926 16.9239
37.927 10.6449
37.928 4.34111
37.929 -1.98586
37.93 -8.33465
37.931 -14.7032
37.932 -21.0887
37.933 -27.4885
37.934 -33.8998
37.935 -40.3193
37.936 -46.7439
37.937 -53.1704
37.938 -59.5957
37.939 -66.0171
37.94 -72.4318
37.941 -78.8383
37.942 -85.2354
37.943 -91.6217
37.944 -97.9954
37.945 -104.354
37.946 -110.696
37.947 -117.019
37.948 -123.319
37.949 -129.593
37.95 -135.84
37.951 -142.058
37.952 -148.244
37.953 -154.397
37.954 -160.515
37.955 -166.598
37.956 -172.644
37.957 -178.651
37.958 -184.617
37.959 -190.54
37.96 -196.416
37.961 -202.243
37.962 -208.017
37.963 -213.735
37.964 -219.395
37.965 -224.995
37.966 -230.534
37.967 -236.01
37.968 -241.421
37.969 -246.766
37.97 -252.042
37.971 -257.247
37.972 -262.38
37.973 -267.438
37.974 -272.418
37.975 -277.32
37.976 -282.142
37.977 -286.881
37.978 -291.538
37.979 -296.113
37.98 -300.603
37.981 -305.01
37.982 -309.332
37.983 -313.568
37.984 -317.715
37.985 -321.774
37.986 -325.741
37.987 -329.615
37.988 -333.396
37.989 -337.082
37.99 -340.673
37.991 -344.17
37.992 -347.571
37.993 -350.878
37.994 -354.09
37.995 -357.206
37.996 -360.225
37.997 -363.147
37.998 -365.97
37.999 -368.693
38 -371.315
38.001 -373.836
38.002 -376.254
38.003 -378.57
38.004 -380.783
38.005 -382.892
38.006 -384.899
38.007 -386.802
38.008 -388.601
38.009 -390.295
38.01 -391.882
38.011 -393.363
38.012 -394.738
38.013 -396.006
38.014 -397.168
38.015 -398.226
38.016 -399.179
38.017 -400.029
38.018 -400.777
38.019 -401.423
38.02 -401.968
38.021 -402.412
38.022 -402.753
38.023 -402.992
38.024 -403.127
38.025 -403.159
38.026 -403.089
38.027 -402.918
38.028 -402.644
38.029 -402.27
38.03 -401.796
38.031 -401.224
38.032 -400.555
38.033 -399.787
38.034 -398.919
38.035 -397.953
38.036 -396.888
38.037 -395.724
38.038 -394.462
38.039 -393.105
38.04 -391.652
38.041 -390.106
38.042 -388.468
38.043 -386.739
38.044 -384.92
38.045 -383.011
38.046 -381.013
38.047 -378.926
38.048 -376.75
38.049 -374.486
38.05 -372.134
38.051 -369.699
38.052 -367.182
38.053 -364.586
38.054 -361.913
38.055 -359.167
38.056 -356.348
38.057 -353.459
38.058 -350.499
38.059 -347.47
38.06 -344.373
38.061 -341.21
38.062 -337.983
38.063 -334.695
38.064 -331.349
38.065 -327.947
38.066 -324.493
38.067 -320.989
38.068 -317.438
38.069 -313.84
38.07 -310.198
38.071 -306.512
38.072 -302.783
38.073 -299.014
38.074 -295.207
38.075 -291.364
38.076 -287.489
38.077 -283.585
38.078 -279.655
38.079 -275.701
38.08 -271.727
38.081 -267.733
38.082 -263.722
38.083 -259.694
38.084 -255.652
38.085 -251.596
38.086 -247.529
38.087 -243.453
38.088 -239.373
38.089 -235.291
38.09 -231.21
38.091 -227.133
38.092 -223.062
38.093 -219.001
38.094 -214.949
38.095 -210.909
38.096 -206.881
38.097 -202.868
38.098 -198.871
38.099 -194.894
38.1 -190.938
38.101 -187.007
38.102 -183.102
38.103 -179.225
38.104 -175.379
38.105 -171.564
38.106 -167.782
38.107 -164.033
38.108 -160.318
38.109 -156.638
38.11 -152.994
38.111 -149.389
38.112 -145.823
38.113 -142.299
38.114 -138.819
38.115 -135.385
38.116 -131.998
38.117 -128.661
38.118 -125.372
38.119 -122.135
38.12 -118.948
38.121 -115.812
38.122 -112.726
38.123 -109.691
38.124 -106.709
38.125 -103.779
38.126 -100.904
38.127 -98.0848
38.128 -95.3222
38.129 -92.6171
38.13 -89.9696
38.131 -87.3801
38.132 -84.8493
38.133 -82.3775
38.134 -79.9651
38.135 -77.6129
38.136 -75.3216
38.137 -73.0926
38.138 -70.9274
38.139 -68.8275
38.14 -66.7943
38.141 -64.8282
38.142 -62.9287
38.143 -61.0956
38.144 -59.3282
38.145 -57.6258
38.146 -55.988
38.147 -54.4147
38.148 -52.906
38.149 -51.4624
38.15 -50.0843
38.151 -48.7736
38.152 -47.5331
38.153 -46.3644
38.154 -45.2686
38.155 -44.2462
38.156 -43.2972
38.157 -42.4216
38.158 -41.6192
38.159 -40.8906
38.16 -40.2364
38.161 -39.6575
38.162 -39.1543
38.163 -38.7281
38.164 -38.3799
38.165 -38.1104
38.166 -37.9201
38.167 -37.8077
38.168 -37.7753
38.169 -37.8203
38.17 -37.9416
38.171 -38.1392
38.172 -38.4137
38.173 -38.7647
38.174 -39.1956
38.175 -39.7068
38.176 -40.2997
38.177 -40.9752
38.178 -41.7337
38.179 -42.5753
38.18 -43.4994
38.181 -44.5039
38.182 -45.5858
38.183 -46.7429
38.184 -47.9737
38.185 -49.2774
38.186 -50.6536
38.187 -52.1026
38.188 -53.6243
38.189 -55.2185
38.19 -56.8843
38.191 -58.6199
38.192 -60.4228
38.193 -62.2904
38.194 -64.2196
38.195 -66.2078
38.196 -68.253
38.197 -70.3538
38.198 -72.5096
38.199 -74.7199
38.2 -76.9848
38.201 -79.3042
38.202 -81.6785
38.203 -84.1064
38.204 -86.5864
38.205 -89.1158
38.206 -91.692
38.207 -94.3125
38.208 -96.9751
38.209 -99.6786
38.21 -102.422
38.211 -105.207
38.212 -108.035
38.213 -110.906
38.214 -113.822
38.215 -116.781
38.216 -119.783
38.217 -122.826
38.218 -125.906
38.219 -129.022
38.22 -132.172
38.221 -135.353
38.222 -138.565
38.223 -141.808
38.224 -145.081
38.225 -148.385
38.226 -151.721
38.227 -155.087
38.228 -158.482
38.229 -161.902
38.23 -165.346
38.231 -168.809
38.232 -172.292
38.233 -175.791
38.234 -179.306
38.235 -182.838
38.236 -186.387
38.237 -189.954
38.238 -193.539
38.239 -197.142
38.24 -200.762
38.241 -204.397
38.242 -208.044
38.243 -211.703
38.244 -215.369
38.245 -219.041
38.246 -222.719
38.247 -226.402
38.248 -230.09
38.249 -233.785
38.25 -237.487
38.251 -241.194
38.252 -244.904
38.253 -248.611
38.254 -252.314
38.255 -256.008
38.256 -259.69
38.257 -263.357
38.258 -267.008
38.259 -270.64
38.26 -274.254
38.261 -277.848
38.262 -281.422
38.263 -284.973
38.264 -288.5
38.265 -291.999
38.266 -295.467
38.267 -298.9
38.268 -302.295
38.269 -305.649
38.27 -308.961
38.271 -312.229
38.272 -315.454
38.273 -318.637
38.274 -321.778
38.275 -324.875
38.276 -327.928
38.277 -330.934
38.278 -333.891
38.279 -336.795
38.28 -339.645
38.281 -342.436
38.282 -345.168
38.283 -347.839
38.284 -350.449
38.285 -352.998
38.286 -355.486
38.287 -357.913
38.288 -360.276
38.289 -362.574
38.29 -364.805
38.291 -366.965
38.292 -369.055
38.293 -371.074
38.294 -373.02
38.295 -374.895
38.296 -376.7
38.297 -378.436
38.298 -380.104
38.299 -381.704
38.3 -383.238
38.301 -384.705
38.302 -386.102
38.303 -387.428
38.304 -388.681
38.305 -389.86
38.306 -390.964
38.307 -391.993
38.308 -392.949
38.309 -393.832
38.31 -394.644
38.311 -395.384
38.312 -396.051
38.313 -396.645
38.314 -397.162
38.315 -397.602
38.316 -397.962
38.317 -398.24
38.318 -398.437
38.319 -398.552
38.32 -398.585
38.321 -398.538
38.322 -398.412
38.323 -398.204
38.324 -397.917
38.325 -397.549
38.326 -397.099
38.327 -396.565
38.328 -395.948
38.329 -395.243
38.33 -394.451
38.331 -393.572
38.332 -392.605
38.333 -391.55
38.334 -390.408
38.335 -389.18
38.336 -387.865
38.337 -386.462
38.338 -384.971
38.339 -383.39
38.34 -381.716
38.341 -379.95
38.342 -378.091
38.343 -376.139
38.344 -374.096
38.345 -371.963
38.346 -369.741
38.347 -367.432
38.348 -365.036
38.349 -362.554
38.35 -359.985
38.351 -357.33
38.352 -354.588
38.353 -351.758
38.354 -348.84
38.355 -345.836
38.356 -342.746
38.357 -339.572
38.358 -336.315
38.359 -332.979
38.36 -329.563
38.361 -326.07
38.362 -322.501
38.363 -318.856
38.364 -315.138
38.365 -311.345
38.366 -307.479
38.367 -303.541
38.368 -299.534
38.369 -295.458
38.37 -291.318
38.371 -287.115
38.372 -282.85
38.373 -278.525
38.374 -274.141
38.375 -269.699
38.376 -265.198
38.377 -260.64
38.378 -256.024
38.379 -251.353
38.38 -246.626
38.381 -241.848
38.382 -237.02
38.383 -232.146
38.384 -227.229
38.385 -222.271
38.386 -217.274
38.387 -212.239
38.388 -207.167
38.389 -202.059
38.39 -196.917
38.391 -191.741
38.392 -186.531
38.393 -181.287
38.394 -176.012
38.395 -170.708
38.396 -165.376
38.397 -160.018
38.398 -154.635
38.399 -149.229
38.4 -143.799
38.401 -138.345
38.402 -132.867
38.403 -127.365
38.404 -121.838
38.405 -116.289
38.406 -110.719
38.407 -105.13
38.408 -99.5241
38.409 -93.9031
38.41 -88.2686
38.411 -82.6223
38.412 -76.9657
38.413 -71.2997
38.414 -65.6248
38.415 -59.9416
38.416 -54.251
38.417 -48.5544
38.418 -42.8539
38.419 -37.1519
38.42 -31.4512
38.421 -25.7547
38.422 -20.0648
38.423 -14.3836
38.424 -8.71255
38.425 -3.05253
38.426 2.5958
38.427 8.23185
38.428 13.8548
38.429 19.4633
38.43 25.0556
38.431 30.6285
38.432 36.1782
38.433 41.7009
38.434 47.1935
38.435 52.6531
38.436 58.0779
38.437 63.4664
38.438 68.8176
38.439 74.1305
38.44 79.404
38.441 84.6356
38.442 89.8218
38.443 94.9586
38.444 100.042
38.445 105.068
38.446 110.033
38.447 114.933
38.448 119.767
38.449 124.533
38.45 129.229
38.451 133.855
38.452 138.41
38.453 142.893
38.454 147.302
38.455 151.634
38.456 155.886
38.457 160.055
38.458 164.138
38.459 168.131
38.46 172.035
38.461 175.848
38.462 179.573
38.463 183.209
38.464 186.757
38.465 190.217
38.466 193.589
38.467 196.871
38.468 200.06
38.469 203.154
38.47 206.151
38.471 209.05
38.472 211.85
38.473 214.552
38.474 217.157
38.475 219.666
38.476 222.081
38.477 224.403
38.478 226.63
38.479 228.763
38.48 230.799
38.481 232.737
38.482 234.575
38.483 236.312
38.484 237.948
38.485 239.484
38.486 240.922
38.487 242.262
38.488 243.508
38.489 244.66
38.49 245.72
38.491 246.685
38.492 247.554
38.493 248.325
38.494 248.996
38.495 249.565
38.496 250.033
38.497 250.399
38.498 250.666
38.499 250.836
38.5 250.909
38.501 250.889
38.502 250.774
38.503 250.563
38.504 250.257
38.505 249.852
38.506 249.35
38.507 248.747
38.508 248.043
38.509 247.239
38.51 246.337
38.511 245.34
38.512 244.25
38.513 243.069
38.514 241.798
38.515 240.438
38.516 238.987
38.517 237.445
38.518 235.811
38.519 234.083
38.52 232.263
38.521 230.351
38.522 228.351
38.523 226.267
38.524 224.102
38.525 221.86
38.526 219.542
38.527 217.15
38.528 214.685
38.529 212.145
38.53 209.532
38.531 206.845
38.532 204.085
38.533 201.255
38.534 198.358
38.535 195.396
38.536 192.376
38.537 189.299
38.538 186.169
38.539 182.987
38.54 179.755
38.541 176.473
38.542 173.141
38.543 169.759
38.544 166.328
38.545 162.85
38.546 159.329
38.547 155.769
38.548 152.173
38.549 148.546
38.55 144.89
38.551 141.21
38.552 137.506
38.553 133.781
38.554 130.036
38.555 126.272
38.556 122.489
38.557 118.691
38.558 114.882
38.559 111.064
38.56 107.243
38.561 103.423
38.562 99.6054
38.563 95.7919
38.564 91.9836
38.565 88.1808
38.566 84.3837
38.567 80.5924
38.568 76.8073
38.569 73.0297
38.57 69.2616
38.571 65.5056
38.572 61.765
38.573 58.0425
38.574 54.3409
38.575 50.662
38.576 47.0071
38.577 43.3764
38.578 39.7702
38.579 36.1882
38.58 32.6309
38.581 29.0985
38.582 25.5915
38.583 22.1115
38.584 18.6606
38.585 15.2411
38.586 11.8553
38.587 8.50452
38.588 5.18966
38.589 1.91067
38.59 -1.33308
38.591 -4.54249
38.592 -7.71833
38.593 -10.8609
38.594 -13.9697
38.595 -17.0435
38.596 -20.0804
38.597 -23.0784
38.598 -26.0354
38.599 -28.9499
38.6 -31.8211
38.601 -34.6482
38.602 -37.4308
38.603 -40.1691
38.604 -42.8634
38.605 -45.5138
38.606 -48.1196
38.607 -50.6796
38.608 -53.1919
38.609 -55.6541
38.61 -58.0639
38.611 -60.419
38.612 -62.718
38.613 -64.96
38.614 -67.1448
38.615 -69.2729
38.616 -71.3448
38.617 -73.361
38.618 -75.3212
38.619 -77.2248
38.62 -79.0702
38.621 -80.8555
38.622 -82.5784
38.623 -84.2372
38.624 -85.8303
38.625 -87.3571
38.626 -88.8176
38.627 -90.2124
38.628 -91.5424
38.629 -92.8084
38.63 -94.0107
38.631 -95.1484
38.632 -96.2191
38.633 -97.2207
38.634 -98.1505
38.635 -99.0063
38.636 -99.7863
38.637 -100.49
38.638 -101.116
38.639 -101.666
38.64 -102.141
38.641 -102.54
38.642 -102.866
38.643 -103.12
38.644 -103.299
38.645 -103.404
38.646 -103.431
38.647 -103.38
38.648 -103.249
38.649 -103.038
38.65 -102.749
38.651 -102.384
38.652 -101.941
38.653 -101.425
38.654 -100.836
38.655 -100.174
38.656 -99.4413
38.657 -98.6356
38.658 -97.756
38.659 -96.8015
38.66 -95.7714
38.661 -94.6655
38.662 -93.4846
38.663 -92.2303
38.664 -90.9045
38.665 -89.5094
38.666 -88.047
38.667 -86.5186
38.668 -84.9246
38.669 -83.2649
38.67 -81.5388
38.671 -79.7448
38.672 -77.8811
38.673 -75.9471
38.674 -73.9429
38.675 -71.8695
38.676 -69.7287
38.677 -67.5227
38.678 -65.2533
38.679 -62.922
38.68 -60.5291
38.681 -58.075
38.682 -55.5598
38.683 -52.983
38.684 -50.344
38.685 -47.643
38.686 -44.8805
38.687 -42.0583
38.688 -39.1786
38.689 -36.2444
38.69 -33.2584
38.691 -30.2233
38.692 -27.1407
38.693 -24.0118
38.694 -20.8368
38.695 -17.6155
38.696 -14.3476
38.697 -11.0332
38.698 -7.67318
38.699 -4.26912
38.7 -0.823491
38.701 2.66073
38.702 6.18039
38.703 9.73265
38.704 13.3153
38.705 16.9269
38.706 20.5668
38.707 24.2349
38.708 27.9314
38.709 31.656
38.71 35.408
38.711 39.1851
38.712 42.9835
38.713 46.7995
38.714 50.6291
38.715 54.4684
38.716 58.3146
38.717 62.1655
38.718 66.0197
38.719 69.8765
38.72 73.7353
38.721 77.596
38.722 81.4583
38.723 85.3207
38.724 89.1807
38.725 93.0351
38.726 96.8804
38.727 100.713
38.728 104.531
38.729 108.331
38.73 112.113
38.731 115.877
38.732 119.623
38.733 123.352
38.734 127.062
38.735 130.754
38.736 134.424
38.737 138.069
38.738 141.687
38.739 145.274
38.74 148.827
38.741 152.343
38.742 155.824
38.743 159.267
38.744 162.673
38.745 166.043
38.746 169.377
38.747 172.674
38.748 175.932
38.749 179.149
38.75 182.321
38.751 185.447
38.752 188.524
38.753 191.551
38.754 194.529
38.755 197.457
38.756 200.336
38.757 203.168
38.758 205.954
38.759 208.694
38.76 211.387
38.761 214.031
38.762 216.625
38.763 219.166
38.764 221.654
38.765 224.086
38.766 226.463
38.767 228.785
38.768 231.054
38.769 233.27
38.77 235.436
38.771 237.55
38.772 239.61
38.773 241.612
38.774 243.555
38.775 245.435
38.776 247.25
38.777 248.997
38.778 250.676
38.779 252.287
38.78 253.83
38.781 255.306
38.782 256.717
38.783 258.061
38.784 259.34
38.785 260.55
38.786 261.691
38.787 262.76
38.788 263.754
38.789 264.673
38.79 265.517
38.791 266.287
38.792 266.986
38.793 267.616
38.794 268.18
38.795 268.678
38.796 269.111
38.797 269.479
38.798 269.78
38.799 270.013
38.8 270.176
38.801 270.27
38.802 270.293
38.803 270.246
38.804 270.131
38.805 269.95
38.806 269.706
38.807 269.4
38.808 269.032
38.809 268.604
38.81 268.111
38.811 267.554
38.812 266.933
38.813 266.25
38.814 265.506
38.815 264.703
38.816 263.844
38.817 262.932
38.818 261.972
38.819 260.965
38.82 259.914
38.821 258.819
38.822 257.68
38.823 256.497
38.824 255.268
38.825 253.995
38.826 252.677
38.827 251.318
38.828 249.919
38.829 248.483
38.83 247.014
38.831 245.515
38.832 243.986
38.833 242.429
38.834 240.843
38.835 239.229
38.836 237.585
38.837 235.912
38.838 234.212
38.839 232.485
38.84 230.734
38.841 228.963
38.842 227.172
38.843 225.364
38.844 223.539
38.845 221.699
38.846 219.844
38.847 217.972
38.848 216.082
38.849 214.176
38.85 212.252
38.851 210.311
38.852 208.353
38.853 206.38
38.854 204.394
38.855 202.395
38.856 200.386
38.857 198.366
38.858 196.334
38.859 194.291
38.86 192.234
38.861 190.163
38.862 188.08
38.863 185.983
38.864 183.876
38.865 181.759
38.866 179.636
38.867 177.507
38.868 175.375
38.869 173.24
38.87 171.104
38.871 168.965
38.872 166.824
38.873 164.68
38.874 162.534
38.875 160.386
38.876 158.236
38.877 156.089
38.878 153.944
38.879 151.805
38.88 149.672
38.881 147.549
38.882 145.436
38.883 143.335
38.884 141.245
38.885 139.168
38.886 137.103
38.887 135.052
38.888 133.016
38.889 130.997
38.89 128.997
38.891 127.019
38.892 125.064
38.893 123.134
38.894 121.229
38.895 119.349
38.896 117.494
38.897 115.664
38.898 113.859
38.899 112.08
38.9 110.326
38.901 108.599
38.902 106.9
38.903 105.231
38.904 103.594
38.905 101.99
38.906 100.42
38.907 98.8832
38.908 97.3804
38.909 95.9109
38.91 94.4745
38.911 93.0709
38.912 91.7007
38.913 90.3647
38.914 89.0641
38.915 87.8004
38.916 86.5751
38.917 85.3894
38.918 84.2439
38.919 83.1389
38.92 82.074
38.921 81.0481
38.922 80.0593
38.923 79.1065
38.924 78.189
38.925 77.3068
38.926 76.4603
38.927 75.6504
38.928 74.8781
38.929 74.1438
38.93 73.4476
38.931 72.7883
38.932 72.1634
38.933 71.5706
38.934 71.0074
38.935 70.4718
38.936 69.9623
38.937 69.4781
38.938 69.0189
38.939 68.5851
38.94 68.1767
38.941 67.7936
38.942 67.4349
38.943 67.0993
38.944 66.7847
38.945 66.4884
38.946 66.2081
38.947 65.9414
38.948 65.6865
38.949 65.4425
38.95 65.2088
38.951 64.9863
38.952 64.7751
38.953 64.5783
38.954 64.3948
38.955 64.2237
38.956 64.0636
38.957 63.9121
38.958 63.7672
38.959 63.6268
38.96 63.4896
38.961 63.3551
38.962 63.2236
38.963 63.0961
38.964 62.9734
38.965 62.8565
38.966 62.7454
38.967 62.6396
38.968 62.5375
38.969 62.4373
38.97 62.3364
38.971 62.233
38.972 62.1255
38.973 62.0132
38.974 61.8962
38.975 61.7753
38.976 61.6515
38.977 61.5256
38.978 61.398
38.979 61.2684
38.98 61.1354
38.981 60.9971
38.982 60.8514
38.983 60.6961
38.984 60.5295
38.985 60.3508
38.986 60.1599
38.987 59.9575
38.988 59.7447
38.989 59.5223
38.99 59.291
38.991 59.0499
38.992 58.7979
38.993 58.5301
38.994 58.2448
38.995 57.9393
38.996 57.6114
38.997 57.2598
38.998 56.884
38.999 56.4841
39 56.0606
39.001 55.6145
39.002 55.147
39.003 54.658
39.004 54.1466
39.005 53.6111
39.006 53.0494
39.007 52.4591
39.008 51.8386
39.009 51.1869
39.01 50.504
39.011 49.79
39.012 49.0452
39.013 48.2701
39.014 47.465
39.015 46.6298
39.016 45.7635
39.017 44.8641
39.018 43.9294
39.019 42.9568
39.02 41.944
39.021 40.8907
39.022 39.7985
39.023 38.6689
39.024 37.504
39.025 36.3057
39.026 35.0757
39.027 33.815
39.028 32.5236
39.029 31.2012
39.03 29.8467
39.031 28.4585
39.032 27.0349
39.033 25.5751
39.034 24.0793
39.035 22.5486
39.036 20.9846
39.037 19.389
39.038 17.7634
39.039 16.1086
39.04 14.4245
39.041 12.711
39.042 10.9677
39.043 9.19372
39.044 7.38843
39.045 5.55164
39.046 3.68396
39.047 1.7868
39.048 -0.137764
39.049 -2.08731
39.05 -4.05952
39.051 -6.05326
39.052 -8.06857
39.053 -10.106
39.054 -12.1665
39.055 -14.2516
39.056 -16.3622
39.057 -18.499
39.058 -20.6619
39.059 -22.85
39.06 -25.0618
39.061 -27.2955
39.062 -29.5495
39.063 -31.8225
39.064 -34.114
39.065 -36.4243
39.066 -38.7542
39.067 -41.1048
39.068 -43.4773
39.069 -45.8722
39.07 -48.2895
39.071 -50.7292
39.072 -53.191
39.073 -55.6737
39.074 -58.1764
39.075 -60.6982
39.076 -63.2388
39.077 -65.7985
39.078 -68.3783
39.079 -70.9797
39.08 -73.6043
39.081 -76.2521
39.082 -78.9214
39.083 -81.6109
39.084 -84.3184
39.085 -87.0418
39.086 -89.7788
39.087 -92.5275
39.088 -95.2867
39.089 -98.0554
39.09 -100.833
39.091 -103.621
39.092 -106.419
39.093 -109.229
39.094 -112.05
39.095 -114.88
39.096 -117.72
39.097 -120.566
39.098 -123.418
39.099 -126.273
39.1 -129.13
39.101 -131.988
39.102 -134.845
39.103 -137.699
39.104 -140.551
39.105 -143.398
39.106 -146.241
39.107 -149.078
39.108 -151.906
39.109 -154.723
39.11 -157.526
39.111 -160.313
39.112 -163.081
39.113 -165.831
39.114 -168.56
39.115 -171.268
39.116 -173.955
39.117 -176.621
39.118 -179.266
39.119 -181.889
39.12 -184.488
39.121 -187.061
39.122 -189.604
39.123 -192.116
39.124 -194.592
39.125 -197.033
39.126 -199.435
39.127 -201.798
39.128 -204.123
39.129 -206.407
39.13 -208.652
39.131 -210.855
39.132 -213.017
39.133 -215.136
39.134 -217.21
39.135 -219.237
39.136 -221.214
39.137 -223.142
39.138 -225.018
39.139 -226.843
39.14 -228.617
39.141 -230.34
39.142 -232.014
39.143 -233.637
39.144 -235.21
39.145 -236.731
39.146 -238.199
39.147 -239.611
39.148 -240.968
39.149 -242.266
39.15 -243.506
39.151 -244.687
39.152 -245.81
39.153 -246.875
39.154 -247.884
39.155 -248.837
39.156 -249.733
39.157 -250.573
39.158 -251.355
39.159 -252.078
39.16 -252.74
39.161 -253.338
39.162 -253.87
39.163 -254.334
39.164 -254.73
39.165 -255.057
39.166 -255.315
39.167 -255.505
39.168 -255.626
39.169 -255.678
39.17 -255.657
39.171 -255.562
39.172 -255.392
39.173 -255.145
39.174 -254.82
39.175 -254.416
39.176 -253.933
39.177 -253.371
39.178 -252.731
39.179 -252.013
39.18 -251.22
39.181 -250.35
39.182 -249.404
39.183 -248.381
39.184 -247.279
39.185 -246.097
39.186 -244.833
39.187 -243.488
39.188 -242.061
39.189 -240.552
39.19 -238.964
39.191 -237.297
39.192 -235.55
39.193 -233.724
39.194 -231.819
39.195 -229.832
39.196 -227.763
39.197 -225.611
39.198 -223.373
39.199 -221.05
39.2 -218.641
39.201 -216.147
39.202 -213.57
39.203 -210.911
39.204 -208.172
39.205 -205.355
39.206 -202.459
39.207 -199.484
39.208 -196.43
39.209 -193.297
39.21 -190.084
39.211 -186.791
39.212 -183.419
39.213 -179.969
39.214 -176.444
39.215 -172.845
39.216 -169.175
39.217 -165.434
39.218 -161.624
39.219 -157.746
39.22 -153.798
39.221 -149.783
39.222 -145.7
39.223 -141.551
39.224 -137.337
39.225 -133.062
39.226 -128.727
39.227 -124.336
39.228 -119.89
39.229 -115.394
39.23 -110.847
39.231 -106.253
39.232 -101.611
39.233 -96.9241
39.234 -92.192
39.235 -87.4165
39.236 -82.5994
39.237 -77.7429
39.238 -72.8499
39.239 -67.9234
39.24 -62.9663
39.241 -57.9813
39.242 -52.9708
39.243 -47.9366
39.244 -42.8801
39.245 -37.8024
39.246 -32.7048
39.247 -27.5886
39.248 -22.4558
39.249 -17.3086
39.25 -12.1499
39.251 -6.98278
39.252 -1.81032
39.253 3.36456
39.254 8.53936
39.255 13.712
39.256 18.8811
39.257 24.0451
39.258 29.203
39.259 34.3534
39.26 39.4944
39.261 44.6245
39.262 49.7423
39.263 54.8455
39.264 59.9317
39.265 64.9986
39.266 70.044
39.267 75.0664
39.268 80.0645
39.269 85.0375
39.27 89.9849
39.271 94.906
39.272 99.8002
39.273 104.666
39.274 109.503
39.275 114.307
39.276 119.078
39.277 123.813
39.278 128.509
39.279 133.166
39.28 137.782
39.281 142.355
39.282 146.884
39.283 151.368
39.284 155.806
39.285 160.195
39.286 164.535
39.287 168.824
39.288 173.058
39.289 177.236
39.29 181.354
39.291 185.412
39.292 189.41
39.293 193.345
39.294 197.219
39.295 201.03
39.296 204.778
39.297 208.463
39.298 212.084
39.299 215.639
39.3 219.128
39.301 222.548
39.302 225.898
39.303 229.178
39.304 232.387
39.305 235.525
39.306 238.591
39.307 241.585
39.308 244.509
39.309 247.361
39.31 250.14
39.311 252.847
39.312 255.481
39.313 258.039
39.314 260.522
39.315 262.929
39.316 265.259
39.317 267.513
39.318 269.69
39.319 271.792
39.32 273.818
39.321 275.77
39.322 277.646
39.323 279.447
39.324 281.173
39.325 282.822
39.326 284.395
39.327 285.89
39.328 287.308
39.329 288.65
39.33 289.915
39.331 291.105
39.332 292.221
39.333 293.263
39.334 294.232
39.335 295.129
39.336 295.952
39.337 296.702
39.338 297.379
39.339 297.983
39.34 298.513
39.341 298.971
39.342 299.356
39.343 299.667
39.344 299.907
39.345 300.074
39.346 300.171
39.347 300.197
39.348 300.151
39.349 300.033
39.35 299.844
39.351 299.581
39.352 299.244
39.353 298.832
39.354 298.346
39.355 297.783
39.356 297.145
39.357 296.431
39.358 295.643
39.359 294.781
39.36 293.844
39.361 292.834
39.362 291.749
39.363 290.592
39.364 289.36
39.365 288.055
39.366 286.677
39.367 285.225
39.368 283.702
39.369 282.109
39.37 280.446
39.371 278.716
39.372 276.919
39.373 275.056
39.374 273.129
39.375 271.137
39.376 269.08
39.377 266.96
39.378 264.776
39.379 262.529
39.38 260.22
39.381 257.853
39.382 255.429
39.383 252.951
39.384 250.421
39.385 247.842
39.386 245.214
39.387 242.54
39.388 239.819
39.389 237.052
39.39 234.242
39.391 231.389
39.392 228.497
39.393 225.566
39.394 222.601
39.395 219.604
39.396 216.577
39.397 213.523
39.398 210.443
39.399 207.339
39.4 204.211
39.401 201.061
39.402 197.888
39.403 194.693
39.404 191.477
39.405 188.243
39.406 184.993
39.407 181.729
39.408 178.454
39.409 175.17
39.41 171.877
39.411 168.577
39.412 165.269
39.413 161.955
39.414 158.635
39.415 155.308
39.416 151.978
39.417 148.645
39.418 145.312
39.419 141.981
39.42 138.655
39.421 135.335
39.422 132.021
39.423 128.713
39.424 125.412
39.425 122.116
39.426 118.826
39.427 115.541
39.428 112.263
39.429 108.992
39.43 105.731
39.431 102.481
39.432 99.2439
39.433 96.0205
39.434 92.8114
39.435 89.617
39.436 86.4368
39.437 83.2705
39.438 80.1177
39.439 76.9786
39.44 73.8536
39.441 70.7447
39.442 67.6545
39.443 64.5855
39.444 61.5399
39.445 58.5197
39.446 55.5259
39.447 52.5591
39.448 49.6195
39.449 46.7069
39.45 43.8216
39.451 40.9648
39.452 38.1387
39.453 35.3461
39.454 32.5898
39.455 29.8728
39.456 27.1979
39.457 24.5672
39.458 21.9822
39.459 19.4441
39.46 16.9533
39.461 14.5104
39.462 12.116
39.463 9.7713
39.464 7.47789
39.465 5.23808
39.466 3.05448
39.467 0.929849
39.468 -1.13329
39.469 -3.13286
39.47 -5.06741
39.471 -6.93685
39.472 -8.74195
39.473 -10.4834
39.474 -12.1616
39.475 -13.7766
39.476 -15.3275
39.477 -16.8129
39.478 -18.2312
39.479 -19.5802
39.48 -20.8584
39.481 -22.0646
39.482 -23.1982
39.483 -24.2597
39.484 -25.2498
39.485 -26.1696
39.486 -27.0198
39.487 -27.801
39.488 -28.5129
39.489 -29.1545
39.49 -29.7247
39.491 -30.2232
39.492 -30.6509
39.493 -31.0087
39.494 -31.2977
39.495 -31.5197
39.496 -31.6766
39.497 -31.7716
39.498 -31.8044
39.499 -31.7784
39.5 -31.6948
39.501 -31.5542
39.502 -31.356
39.503 -31.1
39.504 -30.7871
39.505 -30.4157
39.506 -29.9873
39.507 -29.5035
39.508 -28.9659
39.509 -28.3768
39.51 -27.738
39.511 -27.0512
39.512 -26.3174
39.513 -25.5371
39.514 -24.7104
39.515 -23.8373
39.516 -22.9178
39.517 -21.9523
39.518 -20.9417
39.519 -19.8876
39.52 -18.7919
39.521 -17.6563
39.522 -16.4816
39.523 -15.2691
39.524 -14.0194
39.525 -12.7327
39.526 -11.409
39.527 -10.048
39.528 -8.64941
39.529 -7.21332
39.53 -5.74013
39.531 -4.23071
39.532 -2.68634
39.533 -1.10851
39.534 0.501256
39.535 2.14164
39.536 3.81169
39.537 5.51086
39.538 7.239
39.539 8.99618
39.54 10.7825
39.541 12.5985
39.542 14.4451
39.543 16.3219
39.544 18.2286
39.545 20.1641
39.546 22.1271
39.547 24.1166
39.548 26.1317
39.549 28.1722
39.55 30.2383
39.551 32.3298
39.552 34.4464
39.553 36.5878
39.554 38.7538
39.555 40.9437
39.556 43.1564
39.557 45.3904
39.558 47.644
39.559 49.9154
39.56 52.2032
39.561 54.5052
39.562 56.8195
39.563 59.1447
39.564 61.4798
39.565 63.824
39.566 66.1765
39.567 68.5362
39.568 70.9016
39.569 73.2707
39.57 75.6414
39.571 78.011
39.572 80.3771
39.573 82.7375
39.574 85.0901
39.575 87.4337
39.576 89.767
39.577 92.0893
39.578 94.3998
39.579 96.6975
39.58 98.9811
39.581 101.249
39.582 103.502
39.583 105.736
39.584 107.951
39.585 110.145
39.586 112.317
39.587 114.464
39.588 116.588
39.589 118.687
39.59 120.762
39.591 122.812
39.592 124.837
39.593 126.836
39.594 128.808
39.595 130.753
39.596 132.667
39.597 134.551
39.598 136.402
39.599 138.22
39.6 140.004
39.601 141.754
39.602 143.471
39.603 145.158
39.604 146.813
39.605 148.438
39.606 150.032
39.607 151.594
39.608 153.124
39.609 154.621
39.61 156.083
39.611 157.511
39.612 158.902
39.613 160.258
39.614 161.578
39.615 162.863
39.616 164.113
39.617 165.329
39.618 166.51
39.619 167.655
39.62 168.763
39.621 169.831
39.622 170.858
39.623 171.841
39.624 172.779
39.625 173.671
39.626 174.517
39.627 175.318
39.628 176.074
39.629 176.785
39.63 177.45
39.631 178.068
39.632 178.634
39.633 179.147
39.634 179.604
39.635 180.002
39.636 180.339
39.637 180.615
39.638 180.829
39.639 180.982
39.64 181.074
39.641 181.103
39.642 181.071
39.643 180.977
39.644 180.82
39.645 180.598
39.646 180.308
39.647 179.951
39.648 179.522
39.649 179.022
39.65 178.452
39.651 177.812
39.652 177.104
39.653 176.33
39.654 175.489
39.655 174.582
39.656 173.607
39.657 172.563
39.658 171.448
39.659 170.26
39.66 168.999
39.661 167.665
39.662 166.26
39.663 164.785
39.664 163.244
39.665 161.638
39.666 159.969
39.667 158.238
39.668 156.445
39.669 154.588
39.67 152.668
39.671 150.683
39.672 148.633
39.673 146.52
39.674 144.345
39.675 142.11
39.676 139.818
39.677 137.471
39.678 135.072
39.679 132.621
39.68 130.12
39.681 127.567
39.682 124.962
39.683 122.306
39.684 119.597
39.685 116.837
39.686 114.028
39.687 111.171
39.688 108.27
39.689 105.328
39.69 102.346
39.691 99.3271
39.692 96.2692
39.693 93.1722
39.694 90.0351
39.695 86.8569
39.696 83.6372
39.697 80.3764
39.698 77.076
39.699 73.7379
39.7 70.3644
39.701 66.9579
39.702 63.5204
39.703 60.053
39.704 56.556
39.705 53.0289
39.706 49.471
39.707 45.8815
39.708 42.26
39.709 38.6069
39.71 34.9235
39.711 31.2117
39.712 27.4742
39.713 23.7133
39.714 19.9314
39.715 16.1299
39.716 12.3094
39.717 8.46995
39.718 4.61079
39.719 0.731277
39.72 -3.16896
39.721 -7.08961
39.722 -11.0295
39.723 -14.9867
39.724 -18.9585
39.725 -22.9425
39.726 -26.9361
39.727 -30.9376
39.728 -34.946
39.729 -38.9612
39.73 -42.9836
39.731 -47.0124
39.732 -51.0456
39.733 -55.0814
39.734 -59.1172
39.735 -63.1501
39.736 -67.1765
39.737 -71.1929
39.738 -75.1961
39.739 -79.183
39.74 -83.1514
39.741 -87.1002
39.742 -91.0295
39.743 -94.9388
39.744 -98.8276
39.745 -102.695
39.746 -106.539
39.747 -110.357
39.748 -114.146
39.749 -117.904
39.75 -121.627
39.751 -125.314
39.752 -128.964
39.753 -132.574
39.754 -136.145
39.755 -139.677
39.756 -143.169
39.757 -146.621
39.758 -150.032
39.759 -153.398
39.76 -156.719
39.761 -159.99
39.762 -163.21
39.763 -166.376
39.764 -169.486
39.765 -172.541
39.766 -175.54
39.767 -178.483
39.768 -181.37
39.769 -184.201
39.77 -186.975
39.771 -189.69
39.772 -192.347
39.773 -194.943
39.774 -197.477
39.775 -199.948
39.776 -202.354
39.777 -204.696
39.778 -206.973
39.779 -209.188
39.78 -211.341
39.781 -213.432
39.782 -215.463
39.783 -217.433
39.784 -219.34
39.785 -221.185
39.786 -222.966
39.787 -224.681
39.788 -226.33
39.789 -227.913
39.79 -229.431
39.791 -230.884
39.792 -232.273
39.793 -233.597
39.794 -234.857
39.795 -236.053
39.796 -237.183
39.797 -238.247
39.798 -239.243
39.799 -240.171
39.8 -241.028
39.801 -241.814
39.802 -242.531
39.803 -243.177
39.804 -243.755
39.805 -244.264
39.806 -244.705
39.807 -245.079
39.808 -245.384
39.809 -245.621
39.81 -245.789
39.811 -245.885
39.812 -245.908
39.813 -245.856
39.814 -245.73
39.815 -245.529
39.816 -245.254
39.817 -244.906
39.818 -244.486
39.819 -243.993
39.82 -243.427
39.821 -242.788
39.822 -242.075
39.823 -241.288
39.824 -240.426
39.825 -239.489
39.826 -238.478
39.827 -237.394
39.828 -236.237
39.829 -235.009
39.83 -233.712
39.831 -232.348
39.832 -230.918
39.833 -229.425
39.834 -227.868
39.835 -226.248
39.836 -224.566
39.837 -222.821
39.838 -221.015
39.839 -219.149
39.84 -217.226
39.841 -215.247
39.842 -213.214
39.843 -211.128
39.844 -208.99
39.845 -206.803
39.846 -204.565
39.847 -202.278
39.848 -199.942
39.849 -197.557
39.85 -195.124
39.851 -192.642
39.852 -190.115
39.853 -187.543
39.854 -184.928
39.855 -182.273
39.856 -179.579
39.857 -176.847
39.858 -174.078
39.859 -171.274
39.86 -168.433
39.861 -165.556
39.862 -162.643
39.863 -159.693
39.864 -156.707
39.865 -153.686
39.866 -150.632
39.867 -147.547
39.868 -144.432
39.869 -141.289
39.87 -138.117
39.871 -134.917
39.872 -131.686
39.873 -128.423
39.874 -125.129
39.875 -121.801
39.876 -118.441
39.877 -115.048
39.878 -111.626
39.879 -108.174
39.88 -104.694
39.881 -101.188
39.882 -97.6559
39.883 -94.099
39.884 -90.5168
39.885 -86.9086
39.886 -83.2742
39.887 -79.6135
39.888 -75.9271
39.889 -72.2164
39.89 -68.4832
39.891 -64.7298
39.892 -60.9583
39.893 -57.1706
39.894 -53.368
39.895 -49.551
39.896 -45.7195
39.897 -41.8731
39.898 -38.0116
39.899 -34.1348
39.9 -30.2434
39.901 -26.3393
39.902 -22.4255
39.903 -18.5051
39.904 -14.5813
39.905 -10.6564
39.906 -6.73265
39.907 -2.81107
39.908 1.10775
39.909 5.0236
39.91 8.93629
39.911 12.8459
39.912 16.7525
39.913 20.6547
39.914 24.5509
39.915 28.4384
39.916 32.3147
39.917 36.1775
39.918 40.0252
39.919 43.8568
39.92 47.6723
39.921 51.4714
39.922 55.2537
39.923 59.0187
39.924 62.7657
39.925 66.4932
39.926 70.1989
39.927 73.8803
39.928 77.5345
39.929 81.1586
39.93 84.7503
39.931 88.3087
39.932 91.834
39.933 95.3266
39.934 98.7872
39.935 102.216
39.936 105.614
39.937 108.979
39.938 112.31
39.939 115.605
39.94 118.863
39.941 122.08
39.942 125.257
39.943 128.391
39.944 131.484
39.945 134.534
39.946 137.545
39.947 140.515
39.948 143.445
39.949 146.336
39.95 149.185
39.951 151.991
39.952 154.75
39.953 157.46
39.954 160.119
39.955 162.725
39.956 165.279
39.957 167.779
39.958 170.228
39.959 172.625
39.96 174.97
39.961 177.264
39.962 179.507
39.963 181.696
39.964 183.831
39.965 185.91
39.966 187.93
39.967 189.892
39.968 191.794
39.969 193.64
39.97 195.428
39.971 197.162
39.972 198.843
39.973 200.47
39.974 202.045
39.975 203.567
39.976 205.034
39.977 206.444
39.978 207.796
39.979 209.09
39.98 210.326
39.981 211.505
39.982 212.628
39.983 213.697
39.984 214.714
39.985 215.68
39.986 216.596
39.987 217.461
39.988 218.274
39.989 219.034
39.99 219.741
39.991 220.392
39.992 220.987
39.993 221.525
39.994 222.009
39.995 222.439
39.996 222.817
39.997 223.144
39.998 223.421
39.999 223.648
40 223.823
40.001 223.945
40.002 224.015
40.003 224.03
40.004 223.991
40.005 223.899
40.006 223.757
40.007 223.565
40.008 223.327
40.009 223.044
40.01 222.717
40.011 222.35
40.012 221.939
40.013 221.484
40.014 220.987
40.015 220.445
40.016 219.859
40.017 219.231
40.018 218.563
40.019 217.856
40.02 217.112
40.021 216.336
40.022 215.529
40.023 214.694
40.024 213.832
40.025 212.943
40.026 212.028
40.027 211.086
40.028 210.118
40.029 209.126
40.03 208.112
40.031 207.078
40.032 206.027
40.033 204.961
40.034 203.882
40.035 202.792
40.036 201.691
40.037 200.58
40.038 199.459
40.039 198.327
40.04 197.184
40.041 196.031
40.042 194.868
40.043 193.695
40.044 192.514
40.045 191.328
40.046 190.137
40.047 188.945
40.048 187.75
40.049 186.553
40.05 185.354
40.051 184.151
40.052 182.944
40.053 181.732
40.054 180.516
40.055 179.296
40.056 178.074
40.057 176.851
40.058 175.631
40.059 174.414
40.06 173.202
40.061 171.992
40.062 170.785
40.063 169.578
40.064 168.369
40.065 167.158
40.066 165.943
40.067 164.726
40.068 163.507
40.069 162.288
40.07 161.07
40.071 159.854
40.072 158.643
40.073 157.436
40.074 156.233
40.075 155.033
40.076 153.834
40.077 152.635
40.078 151.437
40.079 150.24
40.08 149.045
40.081 147.854
40.082 146.671
40.083 145.496
40.084 144.331
40.085 143.177
40.086 142.032
40.087 140.897
40.088 139.769
40.089 138.647
40.09 137.532
40.091 136.423
40.092 135.322
40.093 134.231
40.094 133.152
40.095 132.087
40.096 131.037
40.097 130.003
40.098 128.984
40.099 127.98
40.1 126.99
40.101 126.012
40.102 125.048
40.103 124.098
40.104 123.164
40.105 122.249
40.106 121.354
40.107 120.483
40.108 119.637
40.109 118.817
40.11 118.024
40.111 117.257
40.112 116.514
40.113 115.794
40.114 115.096
40.115 114.42
40.116 113.767
40.117 113.139
40.118 112.538
40.119 111.965
40.12 111.422
40.121 110.909
40.122 110.424
40.123 109.965
40.124 109.53
40.125 109.116
40.126 108.723
40.127 108.35
40.128 107.996
40.129 107.663
40.13 107.351
40.131 107.063
40.132 106.798
40.133 106.556
40.134 106.337
40.135 106.136
40.136 105.954
40.137 105.788
40.138 105.636
40.139 105.496
40.14 105.369
40.141 105.254
40.142 105.151
40.143 105.061
40.144 104.983
40.145 104.917
40.146 104.861
40.147 104.813
40.148 104.771
40.149 104.731
40.15 104.691
40.151 104.65
40.152 104.607
40.153 104.562
40.154 104.518
40.155 104.474
40.156 104.43
40.157 104.388
40.158 104.346
40.159 104.303
40.16 104.255
40.161 104.203
40.162 104.145
40.163 104.081
40.164 104.011
40.165 103.936
40.166 103.857
40.167 103.775
40.168 103.692
40.169 103.608
40.17 103.523
40.171 103.437
40.172 103.348
40.173 103.254
40.174 103.156
40.175 103.052
40.176 102.942
40.177 102.827
40.178 102.709
40.179 102.588
40.18 102.466
40.181 102.344
40.182 102.222
40.183 102.098
40.184 101.973
40.185 101.845
40.186 101.712
40.187 101.574
40.188 101.432
40.189 101.284
40.19 101.134
40.191 100.981
40.192 100.825
40.193 100.667
40.194 100.506
40.195 100.34
40.196 100.17
40.197 99.9918
40.198 99.8054
40.199 99.6091
40.2 99.4022
40.201 99.1844
40.202 98.9559
40.203 98.7171
40.204 98.4686
40.205 98.2117
40.206 97.9435
40.207 97.6646
40.208 97.3736
40.209 97.069
40.21 96.7495
40.211 96.4138
40.212 96.0611
40.213 95.691
40.214 95.3036
40.215 94.8994
40.216 94.4788
40.217 94.0422
40.218 93.5893
40.219 93.1197
40.22 92.6323
40.221 92.1264
40.222 91.602
40.223 91.0585
40.224 90.4959
40.225 89.9144
40.226 89.3147
40.227 88.6976
40.228 88.0641
40.229 87.415
40.23 86.7512
40.231 86.072
40.232 85.3765
40.233 84.6634
40.234 83.9316
40.235 83.1802
40.236 82.4085
40.237 81.6165
40.238 80.8043
40.239 79.9724
40.24 79.1212
40.241 78.2518
40.242 77.3654
40.243 76.4623
40.244 75.5427
40.245 74.6061
40.246 73.6519
40.247 72.6797
40.248 71.6892
40.249 70.6809
40.25 69.6554
40.251 68.614
40.252 67.558
40.253 66.4888
40.254 65.4076
40.255 64.3149
40.256 63.2109
40.257 62.0954
40.258 60.9679
40.259 59.828
40.26 58.6755
40.261 57.5099
40.262 56.3307
40.263 55.1383
40.264 53.9333
40.265 52.7166
40.266 51.489
40.267 50.2508
40.268 49.002
40.269 47.742
40.27 46.4699
40.271 45.1852
40.272 43.8882
40.273 42.5789
40.274 41.2578
40.275 39.9259
40.276 38.5842
40.277 37.2341
40.278 35.8768
40.279 34.5133
40.28 33.1444
40.281 31.7704
40.282 30.3911
40.283 29.0066
40.284 27.6167
40.285 26.2214
40.286 24.8213
40.287 23.417
40.288 22.0098
40.289 20.601
40.29 19.1918
40.291 17.7841
40.292 16.3798
40.293 14.9803
40.294 13.5862
40.295 12.1982
40.296 10.8166
40.297 9.44167
40.298 8.07433
40.299 6.71568
40.3 5.36734
40.301 4.03126
40.302 2.70956
40.303 1.40425
40.304 0.117087
40.305 -1.15062
40.306 -2.39803
40.307 -3.62465
40.308 -4.8302
40.309 -6.01437
40.31 -7.1766
40.311 -8.31591
40.312 -9.43091
40.313 -10.5198
40.314 -11.5806
40.315 -12.6115
40.316 -13.6106
40.317 -14.5767
40.318 -15.5089
40.319 -16.4069
40.32 -17.2706
40.321 -18.1003
40.322 -18.8971
40.323 -19.6611
40.324 -20.3919
40.325 -21.0885
40.326 -21.7497
40.327 -22.3741
40.328 -22.9605
40.329 -23.5082
40.33 -24.0169
40.331 -24.4871
40.332 -24.9197
40.333 -25.3154
40.334 -25.6753
40.335 -25.9996
40.336 -26.2885
40.337 -26.5412
40.338 -26.7567
40.339 -26.9351
40.34 -27.0726
40.341 -27.1699
40.342 -27.2269
40.343 -27.2444
40.344 -27.2231
40.345 -27.1642
40.346 -27.0689
40.347 -26.9378
40.348 -26.7711
40.349 -26.5683
40.35 -26.3288
40.351 -26.0508
40.352 -25.7335
40.353 -25.3729
40.354 -24.9694
40.355 -24.5232
40.356 -24.0347
40.357 -23.5052
40.358 -22.9354
40.359 -22.326
40.36 -21.677
40.361 -20.9875
40.362 -20.256
40.363 -19.481
40.364 -18.6606
40.365 -17.7935
40.366 -16.879
40.367 -15.9173
40.368 -14.909
40.369 -13.8554
40.37 -12.7577
40.371 -11.6175
40.372 -10.4363
40.373 -9.2146
40.374 -7.95207
40.375 -6.64785
40.376 -5.3009
40.377 -3.9104
40.378 -2.47616
40.379 -0.998753
40.38 0.520412
40.381 2.07931
40.382 3.67567
40.383 5.30734
40.384 6.97271
40.385 8.67094
40.386 10.4019
40.387 12.1663
40.388 13.9648
40.389 15.7982
40.39 17.6667
40.391 19.569
40.392 21.5025
40.393 23.4643
40.394 25.4512
40.395 27.4603
40.396 29.4891
40.397 31.5361
40.398 33.6004
40.399 35.6819
40.4 37.7806
40.401 39.8965
40.402 42.029
40.403 44.1767
40.404 46.3374
40.405 48.5083
40.406 50.686
40.407 52.8675
40.408 55.0501
40.409 57.232
40.41 59.4121
40.411 61.59
40.412 63.7659
40.413 65.9397
40.414 68.1108
40.415 70.2783
40.416 72.4399
40.417 74.593
40.418 76.7345
40.419 78.8612
40.42 80.9703
40.421 83.0605
40.422 85.1319
40.423 87.1848
40.424 89.2199
40.425 91.2381
40.426 93.2395
40.427 95.2237
40.428 97.1893
40.429 99.1344
40.43 101.056
40.431 102.952
40.432 104.819
40.433 106.655
40.434 108.458
40.435 110.229
40.436 111.967
40.437 113.674
40.438 115.349
40.439 116.991
40.44 118.6
40.441 120.173
40.442 121.707
40.443 123.198
40.444 124.645
40.445 126.044
40.446 127.394
40.447 128.696
40.448 129.95
40.449 131.157
40.45 132.317
40.451 133.429
40.452 134.491
40.453 135.5
40.454 136.453
40.455 137.346
40.456 138.177
40.457 138.942
40.458 139.64
40.459 140.271
40.46 140.835
40.461 141.331
40.462 141.761
40.463 142.123
40.464 142.417
40.465 142.639
40.466 142.787
40.467 142.859
40.468 142.849
40.469 142.757
40.47 142.581
40.471 142.321
40.472 141.98
40.473 141.56
40.474 141.06
40.475 140.481
40.476 139.824
40.477 139.085
40.478 138.265
40.479 137.36
40.48 136.37
40.481 135.292
40.482 134.129
40.483 132.881
40.484 131.551
40.485 130.142
40.486 128.656
40.487 127.093
40.488 125.455
40.489 123.742
40.49 121.953
40.491 120.087
40.492 118.143
40.493 116.121
40.494 114.021
40.495 111.847
40.496 109.599
40.497 107.281
40.498 104.895
40.499 102.444
40.5 99.9288
40.501 97.3497
40.502 94.7066
40.503 91.9986
40.504 89.2254
40.505 86.387
40.506 83.4842
40.507 80.5189
40.508 77.4937
40.509 74.4118
40.51 71.276
40.511 68.0891
40.512 64.8528
40.513 61.5679
40.514 58.2347
40.515 54.8528
40.516 51.4217
40.517 47.9418
40.518 44.414
40.519 40.84
40.52 37.2227
40.521 33.5645
40.522 29.8676
40.523 26.1341
40.524 22.3654
40.525 18.5624
40.526 14.7249
40.527 10.8526
40.528 6.94485
40.529 3.0014
40.53 -0.977382
40.531 -4.99037
40.532 -9.03568
40.533 -13.1109
40.534 -17.2133
40.535 -21.3407
40.536 -25.4911
40.537 -29.6635
40.538 -33.8576
40.539 -38.0735
40.54 -42.3117
40.541 -46.5731
40.542 -50.8586
40.543 -55.1679
40.544 -59.4998
40.545 -63.8527
40.546 -68.2241
40.547 -72.6119
40.548 -77.0145
40.549 -81.4309
40.55 -85.861
40.551 -90.3049
40.552 -94.7624
40.553 -99.2338
40.554 -103.719
40.555 -108.217
40.556 -112.727
40.557 -117.246
40.558 -121.772
40.559 -126.302
40.56 -130.833
40.561 -135.363
40.562 -139.892
40.563 -144.419
40.564 -148.944
40.565 -153.467
40.566 -157.989
40.567 -162.508
40.568 -167.023
40.569 -171.532
40.57 -176.034
40.571 -180.524
40.572 -185
40.573 -189.46
40.574 -193.904
40.575 -198.33
40.576 -202.738
40.577 -207.129
40.578 -211.503
40.579 -215.859
40.58 -220.197
40.581 -224.514
40.582 -228.809
40.583 -233.078
40.584 -237.319
40.585 -241.53
40.586 -245.709
40.587 -249.856
40.588 -253.972
40.589 -258.055
40.59 -262.108
40.591 -266.129
40.592 -270.121
40.593 -274.082
40.594 -278.01
40.595 -281.905
40.596 -285.764
40.597 -289.585
40.598 -293.367
40.599 -297.111
40.6 -300.818
40.601 -304.486
40.602 -308.118
40.603 -311.712
40.604 -315.27
40.605 -318.79
40.606 -322.27
40.607 -325.709
40.608 -329.105
40.609 -332.455
40.61 -335.759
40.611 -339.015
40.612 -342.223
40.613 -345.385
40.614 -348.499
40.615 -351.568
40.616 -354.591
40.617 -357.568
40.618 -360.498
40.619 -363.38
40.62 -366.211
40.621 -368.989
40.622 -371.712
40.623 -374.377
40.624 -376.986
40.625 -379.536
40.626 -382.03
40.627 -384.467
40.628 -386.848
40.629 -389.172
40.63 -391.438
40.631 -393.646
40.632 -395.794
40.633 -397.88
40.634 -399.903
40.635 -401.863
40.636 -403.76
40.637 -405.593
40.638 -407.365
40.639 -409.076
40.64 -410.728
40.641 -412.322
40.642 -413.859
40.643 -415.336
40.644 -416.754
40.645 -418.112
40.646 -419.408
40.647 -420.642
40.648 -421.814
40.649 -422.924
40.65 -423.975
40.651 -424.967
40.652 -425.9
40.653 -426.775
40.654 -427.593
40.655 -428.351
40.656 -429.05
40.657 -429.688
40.658 -430.265
40.659 -430.778
40.66 -431.228
40.661 -431.615
40.662 -431.939
40.663 -432.202
40.664 -432.406
40.665 -432.55
40.666 -432.635
40.667 -432.661
40.668 -432.628
40.669 -432.535
40.67 -432.379
40.671 -432.161
40.672 -431.881
40.673 -431.539
40.674 -431.136
40.675 -430.674
40.676 -430.153
40.677 -429.576
40.678 -428.942
40.679 -428.252
40.68 -427.506
40.681 -426.702
40.682 -425.841
40.683 -424.921
40.684 -423.944
40.685 -422.91
40.686 -421.82
40.687 -420.676
40.688 -419.478
40.689 -418.229
40.69 -416.929
40.691 -415.58
40.692 -414.183
40.693 -412.739
40.694 -411.248
40.695 -409.711
40.696 -408.127
40.697 -406.5
40.698 -404.829
40.699 -403.118
40.7 -401.368
40.701 -399.581
40.702 -397.758
40.703 -395.9
40.704 -394.008
40.705 -392.082
40.706 -390.122
40.707 -388.128
40.708 -386.101
40.709 -384.041
40.71 -381.949
40.711 -379.827
40.712 -377.677
40.713 -375.499
40.714 -373.296
40.715 -371.069
40.716 -368.818
40.717 -366.544
40.718 -364.247
40.719 -361.927
40.72 -359.585
40.721 -357.222
40.722 -354.839
40.723 -352.436
40.724 -350.016
40.725 -347.581
40.726 -345.131
40.727 -342.669
40.728 -340.196
40.729 -337.711
40.73 -335.215
40.731 -332.709
40.732 -330.19
40.733 -327.66
40.734 -325.117
40.735 -322.564
40.736 -320.001
40.737 -317.43
40.738 -314.851
40.739 -312.267
40.74 -309.676
40.741 -307.081
40.742 -304.482
40.743 -301.879
40.744 -299.272
40.745 -296.662
40.746 -294.049
40.747 -291.435
40.748 -288.822
40.749 -286.21
40.75 -283.602
40.751 -281
40.752 -278.404
40.753 -275.817
40.754 -273.239
40.755 -270.67
40.756 -268.109
40.757 -265.559
40.758 -263.018
40.759 -260.489
40.76 -257.972
40.761 -255.468
40.762 -252.979
40.763 -250.504
40.764 -248.046
40.765 -245.604
40.766 -243.178
40.767 -240.768
40.768 -238.374
40.769 -235.996
40.77 -233.634
40.771 -231.288
40.772 -228.96
40.773 -226.651
40.774 -224.364
40.775 -222.099
40.776 -219.858
40.777 -217.641
40.778 -215.449
40.779 -213.283
40.78 -211.142
40.781 -209.028
40.782 -206.94
40.783 -204.879
40.784 -202.846
40.785 -200.843
40.786 -198.872
40.787 -196.933
40.788 -195.027
40.789 -193.156
40.79 -191.32
40.791 -189.519
40.792 -187.754
40.793 -186.023
40.794 -184.329
40.795 -182.67
40.796 -181.049
40.797 -179.466
40.798 -177.922
40.799 -176.419
40.8 -174.957
40.801 -173.538
40.802 -172.159
40.803 -170.82
40.804 -169.52
40.805 -168.259
40.806 -167.036
40.807 -165.85
40.808 -164.703
40.809 -163.595
40.81 -162.525
40.811 -161.495
40.812 -160.504
40.813 -159.552
40.814 -158.639
40.815 -157.763
40.816 -156.923
40.817 -156.119
40.818 -155.35
40.819 -154.615
40.82 -153.914
40.821 -153.249
40.822 -152.62
40.823 -152.03
40.824 -151.477
40.825 -150.963
40.826 -150.488
40.827 -150.05
40.828 -149.649
40.829 -149.284
40.83 -148.955
40.831 -148.661
40.832 -148.402
40.833 -148.177
40.834 -147.987
40.835 -147.831
40.836 -147.711
40.837 -147.627
40.838 -147.576
40.839 -147.558
40.84 -147.572
40.841 -147.615
40.842 -147.69
40.843 -147.794
40.844 -147.928
40.845 -148.092
40.846 -148.287
40.847 -148.514
40.848 -148.773
40.849 -149.063
40.85 -149.386
40.851 -149.741
40.852 -150.128
40.853 -150.548
40.854 -151
40.855 -151.484
40.856 -152
40.857 -152.55
40.858 -153.133
40.859 -153.752
40.86 -154.406
40.861 -155.097
40.862 -155.823
40.863 -156.583
40.864 -157.377
40.865 -158.205
40.866 -159.064
40.867 -159.955
40.868 -160.877
40.869 -161.83
40.87 -162.814
40.871 -163.829
40.872 -164.874
40.873 -165.946
40.874 -167.046
40.875 -168.171
40.876 -169.32
40.877 -170.492
40.878 -171.686
40.879 -172.899
40.88 -174.132
40.881 -175.382
40.882 -176.65
40.883 -177.934
40.884 -179.233
40.885 -180.545
40.886 -181.871
40.887 -183.208
40.888 -184.555
40.889 -185.91
40.89 -187.272
40.891 -188.639
40.892 -190.013
40.893 -191.393
40.894 -192.778
40.895 -194.169
40.896 -195.564
40.897 -196.964
40.898 -198.367
40.899 -199.771
40.9 -201.178
40.901 -202.583
40.902 -203.984
40.903 -205.379
40.904 -206.765
40.905 -208.142
40.906 -209.509
40.907 -210.864
40.908 -212.205
40.909 -213.532
40.91 -214.842
40.911 -216.134
40.912 -217.407
40.913 -218.658
40.914 -219.886
40.915 -221.089
40.916 -222.267
40.917 -223.417
40.918 -224.54
40.919 -225.634
40.92 -226.7
40.921 -227.736
40.922 -228.743
40.923 -229.717
40.924 -230.659
40.925 -231.566
40.926 -232.438
40.927 -233.272
40.928 -234.067
40.929 -234.822
40.93 -235.537
40.931 -236.212
40.932 -236.849
40.933 -237.447
40.934 -238.006
40.935 -238.527
40.936 -239.008
40.937 -239.449
40.938 -239.848
40.939 -240.206
40.94 -240.52
40.941 -240.792
40.942 -241.019
40.943 -241.201
40.944 -241.34
40.945 -241.435
40.946 -241.485
40.947 -241.49
40.948 -241.449
40.949 -241.362
40.95 -241.228
40.951 -240.987
40.952 -240.604
40.953 -240.106
40.954 -239.5
40.955 -238.798
40.956 -238.011
40.957 -237.144
40.958 -236.201
40.959 -235.176
40.96 -234.062
