0.001 -1.52466e-20 -0.0438863
0.002 -7.87876e-05 -0.26328
0.003 -0.0002492 -0.833558
0.004 -0.000576499 -1.92989
0.005 -0.00111268 -3.72717
0.006 -0.00190962 -6.39993
0.007 -0.00301902 -10.1223
0.008 -0.00449245 -15.0677
0.009 -0.00638128 -21.4092
0.01 -0.00873669 -29.3188
0.011 -0.0115636 -38.8144
0.012 -0.0147561 -49.6057
0.013 -0.0182182 -61.2485
0.014 -0.0218009 -73.2981
0.015 -0.0253722 -85.3101
0.016 -0.0288 -96.8401
0.017 -0.0319524 -107.444
0.018 -0.0347142 -116.678
0.019 -0.0369179 -124.101
0.02 -0.0384512 -129.271
0.021 -0.0392052 -131.822
0.022 -0.0391148 -131.534
0.023 -0.0381372 -128.263
0.024 -0.0362298 -121.867
0.025 -0.0333502 -112.204
0.026 -0.02948 -99.134
0.027 -0.0245377 -82.5178
0.028 -0.0184997 -62.2183
0.029 -0.0113257 -38.0998
0.03 -0.00297602 -10.028
0.031 0.00657994 22.1001
0.032 0.0173548 58.3275
0.033 0.0293518 98.6657
0.034 0.0425741 143.125
0.035 0.0570241 191.712
0.036 0.0727037 244.435
0.037 0.0896144 301.296
0.038 0.107757 362.299
0.039 0.127132 427.445
0.04 0.14774 496.733
0.041 0.169559 570.095
0.042 0.19253 647.33
0.043 0.216573 728.17
0.044 0.241607 812.345
0.045 0.267551 899.583
0.046 0.294324 989.611
0.047 0.321845 1082.16
0.048 0.350032 1176.94
0.049 0.378804 1273.7
0.05 0.408077 1372.14
0.051 0.437767 1471.98
0.052 0.467776 1572.9
0.053 0.498005 1674.56
0.054 0.528354 1776.63
0.055 0.558723 1878.77
0.056 0.589012 1980.64
0.057 0.61912 2081.92
0.058 0.648949 2182.27
0.059 0.678398 2281.34
0.06 0.707368 2378.82
0.061 0.735765 2474.38
0.062 0.763504 2567.72
0.063 0.790503 2658.59
0.064 0.816682 2746.71
0.065 0.84196 2831.81
0.066 0.866258 2913.61
0.067 0.889497 2991.87
0.068 0.911596 3066.31
0.069 0.932479 3136.67
0.07 0.952068 3202.69
0.071 0.970304 3264.17
0.072 0.987172 3321.05
0.073 1.00267 3373.35
0.074 1.01681 3421.08
0.075 1.02959 3464.23
0.076 1.04101 3502.84
0.077 1.05109 3536.91
0.078 1.05982 3566.46
0.079 1.06721 3591.52
0.08 1.07326 3612.1
0.081 1.078 3628.27
0.082 1.08146 3640.12
0.083 1.08369 3647.81
0.084 1.08471 3651.48
0.085 1.08458 3651.28
0.086 1.08333 3647.35
0.087 1.08103 3639.85
0.088 1.07773 3628.93
0.089 1.07345 3614.74
0.09 1.06824 3597.43
0.091 1.06214 3577.16
0.092 1.0552 3554.02
0.093 1.04744 3528.13
0.094 1.03888 3499.57
0.095 1.02957 3468.46
0.096 1.01953 3434.9
0.097 1.00879 3398.98
0.098 0.997383 3360.81
0.099 0.985342 3320.49
0.1 0.972696 3278.14
0.101 0.959477 3233.85
0.102 0.945709 3187.71
0.103 0.931416 3139.8
0.104 0.91662 3090.19
0.105 0.901347 3038.98
0.106 0.88562 2986.23
0.107 0.869463 2932.03
0.108 0.852901 2876.47
0.109 0.835959 2819.62
0.11 0.818662 2761.56
0.111 0.801032 2702.38
0.112 0.783087 2642.14
0.113 0.764845 2580.89
0.114 0.746322 2518.68
0.115 0.727533 2455.57
0.116 0.708495 2391.63
0.117 0.689225 2326.9
0.118 0.66974 2261.45
0.119 0.650057 2195.33
0.12 0.630193 2128.59
0.121 0.610172 2061.33
0.122 0.59003 1993.65
0.123 0.569811 1925.7
0.124 0.549559 1857.64
0.125 0.529316 1789.6
0.126 0.509126 1721.74
0.127 0.489031 1654.19
0.128 0.469075 1587.11
0.129 0.4493 1520.64
0.13 0.42975 1454.92
0.131 0.410468 1390.11
0.132 0.391506 1326.37
0.133 0.372913 1263.87
0.134 0.354742 1202.79
0.135 0.337043 1143.29
0.136 0.319867 1085.54
0.137 0.303264 1029.72
0.138 0.287284 975.99
0.139 0.271977 924.523
0.14 0.257393 875.483
0.141 0.243568 829.002
0.142 0.23052 785.133
0.143 0.218253 743.893
0.144 0.206772 705.298
0.145 0.196082 669.361
0.146 0.186186 636.095
0.147 0.177089 605.512
0.148 0.168794 577.622
0.149 0.161304 552.435
0.15 0.154621 529.961
0.151 0.148734 510.165
0.152 0.143607 492.921
0.153 0.139188 478.061
0.154 0.135426 465.413
0.155 0.13227 454.807
0.156 0.129654 446.07
0.157 0.12756 439.027
0.158 0.125918 433.504
0.159 0.124677 429.327
0.16 0.123784 426.319
0.161 0.123189 424.313
0.162 0.122848 423.156
0.163 0.122716 422.702
0.164 0.122749 422.805
0.165 0.122903 423.319
0.166 0.123135 424.098
0.167 0.123402 424.996
0.168 0.123658 425.864
0.169 0.123861 426.557
0.17 0.123968 426.925
0.171 0.123949 426.867
0.172 0.123798 426.367
0.173 0.123527 425.454
0.174 0.123142 424.16
0.175 0.122654 422.513
0.176 0.12207 420.546
0.177 0.1214 418.29
0.178 0.120653 415.776
0.179 0.119836 413.034
0.18 0.118961 410.095
0.181 0.118045 407.026
0.182 0.117133 403.966
0.183 0.116277 401.091
0.184 0.115529 398.577
0.185 0.114943 396.6
0.186 0.11457 395.337
0.187 0.114463 394.964
0.188 0.114673 395.656
0.189 0.115252 397.591
0.19 0.116253 400.942
0.191 0.117718 405.861
0.192 0.119681 412.455
0.193 0.122167 420.808
0.194 0.125182 431.002
0.195 0.128783 443.119
0.196 0.132981 457.238
0.197 0.1378 473.441
0.198 0.143263 491.807
0.199 0.149394 512.415
0.2 0.156216 535.344
0.201 0.163737 560.628
0.202 0.171942 588.212
0.203 0.1808 617.995
0.204 0.19028 649.877
0.205 0.200353 683.753
0.206 0.210988 719.521
0.207 0.222154 757.075
0.208 0.23382 796.309
0.209 0.245956 837.118
0.21 0.258529 879.395
0.211 0.2715 923.005
0.212 0.28481 967.755
0.213 0.298392 1013.42
0.214 0.312179 1059.78
0.215 0.326104 1106.6
0.216 0.3401 1153.67
0.217 0.354099 1200.76
0.218 0.368037 1247.64
0.219 0.381845 1294.09
0.22 0.395459 1339.88
0.221 0.408819 1384.82
0.222 0.421887 1428.77
0.223 0.43463 1471.63
0.224 0.447017 1513.29
0.225 0.459016 1553.64
0.226 0.470597 1592.6
0.227 0.481728 1630.04
0.228 0.492379 1665.88
0.229 0.502519 1700
0.23 0.512119 1732.31
0.231 0.52116 1762.75
0.232 0.529646 1791.32
0.233 0.53759 1818.06
0.234 0.545009 1843.04
0.235 0.551915 1866.28
0.236 0.558324 1887.86
0.237 0.564251 1907.81
0.238 0.569711 1926.19
0.239 0.574718 1943.06
0.24 0.579288 1958.46
0.241 0.583441 1972.47
0.242 0.587206 1985.18
0.243 0.590618 1996.7
0.244 0.59371 2007.14
0.245 0.596534 2016.63
0.246 0.599087 2025.26
0.247 0.601422 2033.15
0.248 0.603574 2040.42
0.249 0.605576 2047.19
0.25 0.607462 2053.57
0.251 0.609261 2059.65
0.252 0.610994 2065.52
0.253 0.612677 2071.23
0.254 0.614328 2076.84
0.255 0.615963 2082.39
0.256 0.6176 2087.95
0.257 0.619256 2093.56
0.258 0.620947 2099.3
0.259 0.622691 2105.2
0.26 0.624504 2111.33
0.261 0.626406 2117.77
0.262 0.628427 2124.6
0.263 0.630601 2131.94
0.264 0.632961 2139.92
0.265 0.63554 2148.64
0.266 0.638373 2158.21
0.267 0.641474 2168.76
0.268 0.644912 2180.38
0.269 0.648705 2193.19
0.27 0.652885 2207.3
0.271 0.657481 2222.8
0.272 0.662512 2239.76
0.273 0.667993 2258.24
0.274 0.673939 2278.28
0.275 0.680364 2299.93
0.276 0.687281 2323.25
0.277 0.694705 2348.28
0.278 0.70265 2375.06
0.279 0.711131 2403.65
0.28 0.720159 2434.08
0.281 0.729742 2466.38
0.282 0.739865 2500.5
0.283 0.750506 2536.35
0.284 0.761645 2573.88
0.285 0.773257 2613
0.286 0.785319 2653.64
0.287 0.79781 2695.72
0.288 0.810704 2739.17
0.289 0.82398 2783.91
0.29 0.837614 2829.86
0.291 0.851579 2876.93
0.292 0.865848 2925.04
0.293 0.880387 2974.05
0.294 0.895165 3023.87
0.295 0.910148 3074.38
0.296 0.925305 3125.48
0.297 0.940602 3177.06
0.298 0.956007 3229
0.299 0.971487 3281.2
0.3 0.987008 3333.55
0.301 1.00254 3385.95
0.302 1.01806 3438.31
0.303 1.03353 3490.55
0.304 1.04895 3542.59
0.305 1.06427 3594.34
0.306 1.07949 3645.73
0.307 1.09458 3696.67
0.308 1.1095 3747.1
0.309 1.12425 3796.91
0.31 1.13879 3846.05
0.311 1.15309 3894.4
0.312 1.16711 3941.79
0.313 1.18078 3988.04
0.314 1.19405 4032.95
0.315 1.20685 4076.32
0.316 1.21914 4117.97
0.317 1.23086 4157.69
0.318 1.24194 4195.3
0.319 1.25234 4230.6
0.32 1.262 4263.41
0.321 1.27087 4293.58
0.322 1.27894 4321.06
0.323 1.2862 4345.84
0.324 1.29265 4367.91
0.325 1.2983 4387.26
0.326 1.30313 4403.9
0.327 1.30716 4417.81
0.328 1.31036 4428.99
0.329 1.31277 4437.43
0.33 1.31435 4443.14
0.331 1.31512 4446.15
0.332 1.31512 4446.56
0.333 1.31439 4444.52
0.334 1.31299 4440.2
0.335 1.31095 4433.72
0.336 1.30831 4425.26
0.337 1.30515 4414.95
0.338 1.30147 4402.95
0.339 1.29733 4389.42
0.34 1.29278 4374.51
0.341 1.28786 4358.35
0.342 1.28261 4341.05
0.343 1.27704 4322.72
0.344 1.2712 4303.43
0.345 1.26511 4283.3
0.346 1.2588 4262.41
0.347 1.25229 4240.87
0.348 1.24562 4218.78
0.349 1.23882 4196.23
0.35 1.2319 4173.31
0.351 1.2249 4150.1
0.352 1.2178 4126.54
0.353 1.21057 4102.57
0.354 1.2032 4078.1
0.355 1.19566 4053.05
0.356 1.18793 4027.36
0.357 1.17998 4000.93
0.358 1.1718 3973.7
0.359 1.16336 3945.58
0.36 1.15464 3916.52
0.361 1.14561 3886.41
0.362 1.13624 3855.18
0.363 1.12651 3822.71
0.364 1.11638 3788.9
0.365 1.10582 3753.65
0.366 1.0948 3716.86
0.367 1.0833 3678.43
0.368 1.07128 3638.25
0.369 1.05872 3596.22
0.37 1.04558 3552.25
0.371 1.03186 3506.29
0.372 1.01755 3458.36
0.373 1.00268 3408.56
0.374 0.987284 3356.96
0.375 0.971376 3303.64
0.376 0.954984 3248.69
0.377 0.938132 3192.19
0.378 0.920844 3134.21
0.379 0.903147 3074.85
0.38 0.885064 3014.19
0.381 0.866628 2952.32
0.382 0.847874 2889.38
0.383 0.828847 2825.51
0.384 0.809589 2760.85
0.385 0.790142 2695.55
0.386 0.770549 2629.75
0.387 0.750854 2563.61
0.388 0.731098 2497.26
0.389 0.711326 2430.86
0.39 0.69158 2364.54
0.391 0.671899 2298.43
0.392 0.652314 2232.64
0.393 0.63285 2167.25
0.394 0.613533 2102.35
0.395 0.594388 2038.01
0.396 0.57544 1974.33
0.397 0.556714 1911.4
0.398 0.538235 1849.29
0.399 0.520026 1788.09
0.4 0.502114 1727.89
0.401 0.484518 1668.76
0.402 0.46725 1610.73
0.403 0.450317 1553.82
0.404 0.433726 1498.06
0.405 0.417485 1443.47
0.406 0.4016 1390.07
0.407 0.386077 1337.89
0.408 0.370923 1286.94
0.409 0.356143 1237.24
0.41 0.341742 1188.83
0.411 0.327731 1141.72
0.412 0.314129 1095.99
0.413 0.300957 1051.72
0.414 0.288239 1008.97
0.415 0.275998 967.819
0.416 0.264255 928.348
0.417 0.253034 890.627
0.418 0.242356 854.727
0.419 0.232243 820.723
0.42 0.222716 788.685
0.421 0.213795 758.685
0.422 0.205502 730.794
0.423 0.197856 705.082
0.424 0.190877 681.618
0.425 0.184585 660.469
0.426 0.179001 641.699
0.427 0.174143 625.374
0.428 0.17003 611.555
0.429 0.166683 600.306
0.43 0.164104 591.686
0.431 0.162339 585.735
0.432 0.161367 582.447
0.433 0.161179 581.791
0.434 0.161765 583.74
0.435 0.163116 588.263
0.436 0.165221 595.326
0.437 0.168071 604.897
0.438 0.171633 616.94
0.439 0.175937 631.419
0.44 0.180953 648.295
0.441 0.186672 667.53
0.442 0.193082 689.085
0.443 0.200171 712.92
0.444 0.207927 738.993
0.445 0.216337 767.266
0.446 0.225388 797.695
0.447 0.235068 830.238
0.448 0.245363 864.853
0.449 0.256259 901.494
0.45 0.267742 940.115
0.451 0.2798 980.669
0.452 0.292418 1023.11
0.453 0.305582 1067.38
0.454 0.319278 1113.44
0.455 0.333491 1161.23
0.456 0.348206 1210.71
0.457 0.363407 1261.83
0.458 0.37908 1314.53
0.459 0.395208 1368.76
0.46 0.411774 1424.47
0.461 0.428762 1481.61
0.462 0.446147 1540.08
0.463 0.463906 1599.82
0.464 0.482013 1660.73
0.465 0.500444 1722.73
0.466 0.519173 1785.74
0.467 0.538175 1849.66
0.468 0.557424 1914.41
0.469 0.576895 1979.9
0.47 0.596561 2046.06
0.471 0.61639 2112.77
0.472 0.636336 2179.88
0.473 0.656347 2247.21
0.474 0.67637 2314.6
0.475 0.696355 2381.86
0.476 0.716248 2448.82
0.477 0.735999 2515.31
0.478 0.755557 2581.15
0.479 0.774869 2646.17
0.48 0.793883 2710.19
0.481 0.812548 2773.04
0.482 0.830804 2834.51
0.483 0.848591 2894.42
0.484 0.86585 2952.56
0.485 0.882521 3008.74
0.486 0.898546 3062.76
0.487 0.913866 3114.41
0.488 0.928423 3163.51
0.489 0.94216 3209.85
0.49 0.955019 3253.25
0.491 0.966953 3293.53
0.492 0.97793 3330.61
0.493 0.98793 3364.4
0.494 0.996932 3394.83
0.495 1.00491 3421.84
0.496 1.01186 3445.36
0.497 1.01774 3465.33
0.498 1.02254 3481.68
0.499 1.02625 3494.34
0.5 1.02886 3503.26
0.501 1.03034 3508.45
0.502 1.03075 3510.06
0.503 1.03017 3508.33
0.504 1.02867 3503.51
0.505 1.02633 3495.82
0.506 1.02322 3485.51
0.507 1.01939 3472.81
0.508 1.01493 3457.98
0.509 1.0099 3441.25
0.51 1.00437 3422.87
0.511 0.998426 3403.05
0.512 0.992104 3381.98
0.513 0.985456 3359.81
0.514 0.978527 3336.69
0.515 0.971365 3312.78
0.516 0.964017 3288.24
0.517 0.95653 3263.22
0.518 0.94895 3237.88
0.519 0.941324 3212.38
0.52 0.933697 3186.88
0.521 0.926102 3161.48
0.522 0.918539 3136.19
0.523 0.910993 3110.96
0.524 0.90345 3085.74
0.525 0.895897 3060.49
0.526 0.888319 3035.15
0.527 0.880703 3009.68
0.528 0.873035 2984.02
0.529 0.8653 2958.13
0.53 0.857484 2931.96
0.531 0.849571 2905.46
0.532 0.84154 2878.56
0.533 0.833368 2851.18
0.534 0.825031 2823.25
0.535 0.816507 2794.7
0.536 0.807774 2765.44
0.537 0.79881 2735.41
0.538 0.789593 2704.52
0.539 0.780101 2672.7
0.54 0.770312 2639.88
0.541 0.76021 2606
0.542 0.749785 2571.02
0.543 0.739033 2534.93
0.544 0.727949 2497.73
0.545 0.71653 2459.4
0.546 0.704772 2419.93
0.547 0.692669 2379.3
0.548 0.680221 2337.51
0.549 0.667422 2294.55
0.55 0.654271 2250.39
0.551 0.640768 2205.05
0.552 0.626926 2158.56
0.553 0.612758 2110.97
0.554 0.598279 2062.33
0.555 0.583505 2012.68
0.556 0.568449 1962.09
0.557 0.553127 1910.59
0.558 0.537553 1858.25
0.559 0.521743 1805.12
0.56 0.505712 1751.25
0.561 0.489471 1696.68
0.562 0.473023 1641.41
0.563 0.456367 1585.44
0.564 0.439502 1528.76
0.565 0.422426 1471.36
0.566 0.405138 1413.24
0.567 0.387637 1354.4
0.568 0.36992 1294.83
0.569 0.351986 1234.53
0.57 0.333834 1173.5
0.571 0.315461 1111.73
0.572 0.296858 1049.19
0.573 0.278016 985.852
0.574 0.258927 921.682
0.575 0.239581 856.648
0.576 0.219969 790.718
0.577 0.200083 723.861
0.578 0.179915 656.046
0.579 0.159454 587.243
0.58 0.138692 517.426
0.581 0.117626 446.588
0.582 0.0962684 374.768
0.583 0.0746352 302.028
0.584 0.0527448 228.427
0.585 0.0306152 154.027
0.586 0.00826469 78.8869
0.587 -0.0142881 3.06699
0.588 -0.0370245 -73.3725
0.589 -0.0599259 -150.371
0.59 -0.0829738 -227.867
0.591 -0.106145 -305.784
0.592 -0.129409 -384.015
0.593 -0.15273 -462.438
0.594 -0.176072 -540.93
0.595 -0.199399 -619.371
0.596 -0.222677 -697.639
0.597 -0.245868 -775.613
0.598 -0.268937 -853.174
0.599 -0.291848 -930.204
0.6 -0.314565 -1006.58
0.601 -0.337058 -1082.21
0.602 -0.359312 -1157.05
0.603 -0.381316 -1231.05
0.604 -0.403063 -1304.19
0.605 -0.424544 -1376.44
0.606 -0.44575 -1447.77
0.607 -0.466672 -1518.14
0.608 -0.487303 -1587.53
0.609 -0.507633 -1655.9
0.61 -0.527655 -1723.24
0.611 -0.547354 -1789.5
0.612 -0.566711 -1854.61
0.613 -0.585698 -1918.48
0.614 -0.604291 -1981.04
0.615 -0.622465 -2042.19
0.616 -0.640194 -2101.86
0.617 -0.657455 -2159.96
0.618 -0.674224 -2216.41
0.619 -0.690477 -2271.12
0.62 -0.70619 -2324.02
0.621 -0.721324 -2374.97
0.622 -0.735811 -2423.74
0.623 -0.749565 -2470.06
0.624 -0.762502 -2513.63
0.625 -0.77454 -2554.18
0.626 -0.785595 -2591.44
0.627 -0.795584 -2625.13
0.628 -0.804427 -2654.96
0.629 -0.812042 -2680.68
0.63 -0.818348 -2701.99
0.631 -0.823273 -2718.66
0.632 -0.826757 -2730.48
0.633 -0.82876 -2737.28
0.634 -0.829196 -2738.87
0.635 -0.828034 -2735.09
0.636 -0.825223 -2725.77
0.637 -0.820741 -2710.74
0.638 -0.814494 -2689.83
0.639 -0.80645 -2662.89
0.64 -0.796563 -2629.75
0.641 -0.784792 -2590.27
0.642 -0.77111 -2544.37
0.643 -0.755501 -2491.98
0.644 -0.737944 -2433.03
0.645 -0.718424 -2367.47
0.646 -0.696923 -2295.23
0.647 -0.673425 -2216.28
0.648 -0.647915 -2130.55
0.649 -0.620378 -2038
0.65 -0.590801 -1938.6
0.651 -0.559169 -1832.28
0.652 -0.525463 -1718.98
0.653 -0.489665 -1598.65
0.654 -0.451755 -1471.22
0.655 -0.411717 -1336.63
0.656 -0.369535 -1194.81
0.657 -0.325191 -1045.73
0.658 -0.278672 -889.313
0.659 -0.229962 -725.529
0.66 -0.179048 -554.333
0.661 -0.125935 -375.743
0.662 -0.0706637 -189.897
0.663 -0.0132924 3.0043
0.664 0.0461186 202.758
0.665 0.107508 409.161
0.666 0.170813 622.007
0.667 0.235972 841.085
0.668 0.30292 1066.19
0.669 0.371593 1297.09
0.67 0.441925 1533.59
0.671 0.513831 1775.39
0.672 0.587185 2022.08
0.673 0.661843 2273.16
0.674 0.737659 2528.15
0.675 0.814485 2786.55
0.676 0.892174 3047.88
0.677 0.970578 3311.64
0.678 1.04955 3577.35
0.679 1.12894 3844.5
0.68 1.2086 4112.61
0.681 1.28838 4381.21
0.682 1.36816 4649.87
0.683 1.44782 4918.19
0.684 1.52723 5185.75
0.685 1.60626 5452.16
0.686 1.68481 5717
0.687 1.76274 5979.88
0.688 1.83993 6240.4
0.689 1.91627 6498.15
0.69 1.99163 6752.74
0.691 2.0659 7003.81
0.692 2.13902 7251.14
0.693 2.21091 7494.53
0.694 2.28153 7733.8
0.695 2.35082 7968.76
0.696 2.41873 8199.22
0.697 2.48519 8425.01
0.698 2.55015 8645.95
0.699 2.61355 8861.85
0.7 2.67536 9072.54
0.701 2.73553 9277.94
0.702 2.79409 9478.1
0.703 2.85108 9673.2
0.704 2.90655 9863.37
0.705 2.96054 10048.8
0.706 3.01311 10229.6
0.707 3.06429 10406
0.708 3.11415 10578.1
0.709 3.16271 10746.2
0.71 3.21005 10910.2
0.711 3.2562 11070.6
0.712 3.30124 11227.3
0.713 3.3452 11380.7
0.714 3.38817 11530.9
0.715 3.43019 11678.1
0.716 3.47133 11822.6
0.717 3.51164 11964.6
0.718 3.5512 12104.2
0.719 3.59005 12241.6
0.72 3.62827 12377.1
0.721 3.6659 12510.9
0.722 3.70296 12642.9
0.723 3.73944 12773.3
0.724 3.77535 12901.9
0.725 3.8107 13028.8
0.726 3.84547 13154.1
0.727 3.87969 13277.6
0.728 3.91334 13399.5
0.729 3.94644 13519.8
0.73 3.97898 13638.3
0.731 4.01096 13755.2
0.732 4.04231 13870.3
0.733 4.07299 13983.2
0.734 4.10292 14093.9
0.735 4.13203 14202
0.736 4.16027 14307.4
0.737 4.18758 14409.9
0.738 4.21388 14509.1
0.739 4.23912 14605
0.74 4.26324 14697.3
0.741 4.28617 14785.8
0.742 4.30782 14870.1
0.743 4.32809 14950
0.744 4.3469 15025.2
0.745 4.36416 15095.2
0.746 4.37976 15159.8
0.747 4.39363 15218.7
0.748 4.40568 15271.6
0.749 4.41581 15318.1
0.75 4.42394 15358
0.751 4.42999 15390.9
0.752 4.43387 15416.6
0.753 4.43549 15434.7
0.754 4.43479 15445
0.755 4.43167 15447.1
0.756 4.42604 15440.8
0.757 4.41787 15425.9
0.758 4.40703 15401.9
0.759 4.39347 15368.7
0.76 4.37712 15326
0.761 4.35792 15273.5
0.762 4.33588 15211.4
0.763 4.31104 15139.6
0.764 4.28343 15058.3
0.765 4.25309 14967.6
0.766 4.22005 14867.6
0.767 4.18434 14758.4
0.768 4.14602 14640.2
0.769 4.10511 14512.9
0.77 4.06165 14376.8
0.771 4.0157 14232
0.772 3.96735 14078.8
0.773 3.9167 13917.5
0.774 3.86385 13748.5
0.775 3.80891 13572.1
0.776 3.75197 13388.7
0.777 3.69315 13198.6
0.778 3.63253 13002.1
0.779 3.57024 12799.6
0.78 3.50637 12591.5
0.781 3.44102 12378.1
0.782 3.3743 12159.7
0.783 3.30629 11936.7
0.784 3.23711 11709.4
0.785 3.16683 11478.1
0.786 3.09557 11243.2
0.787 3.02342 11004.9
0.788 2.95047 10763.8
0.789 2.87683 10519.9
0.79 2.80259 10273.8
0.791 2.72784 10025.8
0.792 2.65267 9776.07
0.793 2.57715 9524.97
0.794 2.50138 9272.76
0.795 2.42543 9019.75
0.796 2.34937 8766.19
0.797 2.2733 8512.38
0.798 2.19729 8258.6
0.799 2.12142 8005.12
0.8 2.04577 7752.24
0.801 1.97042 7500.17
0.802 1.89539 7249.06
0.803 1.82069 6998.97
0.804 1.74636 6749.98
0.805 1.67242 6502.17
0.806 1.59887 6255.61
0.807 1.52574 6010.38
0.808 1.45304 5766.54
0.809 1.38081 5524.16
0.81 1.30906 5283.32
0.811 1.2378 5044.08
0.812 1.16703 4806.45
0.813 1.09677 4570.44
0.814 1.02701 4336.08
0.815 0.957744 4103.37
0.816 0.888985 3872.32
0.817 0.82073 3642.94
0.818 0.752978 3415.23
0.819 0.685732 3189.21
0.82 0.618992 2964.87
0.821 0.552783 2742.3
0.822 0.487178 2521.75
0.823 0.422273 2303.54
0.824 0.358163 2087.99
0.825 0.294945 1875.42
0.826 0.232713 1666.17
0.827 0.171561 1460.55
0.828 0.111583 1258.87
0.829 0.0528725 1061.47
0.83 -0.00447688 868.644
0.831 -0.060294 680.977
0.832 -0.114251 499.564
0.833 -0.165943 325.764
0.834 -0.214966 160.931
0.835 -0.260918 6.41768
0.836 -0.303397 -136.431
0.837 -0.342006 -266.273
0.838 -0.376349 -381.773
0.839 -0.406029 -481.6
0.84 -0.430657 -564.434
0.841 -0.449899 -629.157
0.842 -0.463546 -675.06
0.843 -0.471447 -701.636
0.844 -0.473465 -708.391
0.845 -0.46942 -694.838
0.846 -0.459205 -660.501
0.847 -0.442666 -604.909
0.848 -0.419668 -527.603
0.849 -0.390075 -428.129
0.85 -0.353757 -306.046
0.851 -0.310654 -161.143
0.852 -0.260842 6.32204
0.853 -0.204469 195.859
0.854 -0.141684 406.964
0.855 -0.0726403 639.127
0.856 0.00250944 891.825
0.857 0.0836085 1164.53
0.858 0.170498 1456.7
0.859 0.263016 1767.79
0.86 0.360999 2097.24
0.861 0.464258 2444.44
0.862 0.572566 2808.61
0.863 0.68567 3188.94
0.864 0.803316 3584.56
0.865 0.925248 3994.65
0.866 1.05121 4418.35
0.867 1.18093 4854.79
0.868 1.31416 5303.12
0.869 1.45064 5762.45
0.87 1.59008 6231.93
0.871 1.73225 6710.74
0.872 1.87696 7198.25
0.873 2.02401 7693.9
0.874 2.17324 8197.13
0.875 2.32446 8707.36
0.876 2.47748 9224.05
0.877 2.63212 9746.61
0.878 2.78819 10274.5
0.879 2.94551 10807.1
0.88 3.10388 11343.8
0.881 3.26314 11884.2
0.882 3.42316 12428
0.883 3.58386 12974.7
0.884 3.74512 13524.3
0.885 3.90686 14076.4
0.886 4.06896 14630.7
0.887 4.23133 15187.1
0.888 4.39386 15745.3
0.889 4.55645 16304.9
0.89 4.71898 16865.8
0.891 4.88137 17427.6
0.892 5.04353 17990.3
0.893 5.2054 18553.7
0.894 5.36689 19117.6
0.895 5.52794 19681.9
0.896 5.68848 20246.4
0.897 5.84844 20811
0.898 6.00773 21375.6
0.899 6.1663 21940
0.9 6.32406 22504
0.901 6.48092 23067.5
0.902 6.63679 23630.3
0.903 6.79152 24191.9
0.904 6.94501 24752.1
0.905 7.09713 25310.6
0.906 7.24776 25867
0.907 7.39679 26421.1
0.908 7.5441 26972.5
0.909 7.68957 27520.9
0.91 7.83309 28066
0.911 7.97454 28607.5
0.912 8.11371 29144.7
0.913 8.2504 29677.1
0.914 8.38441 30203.9
0.915 8.51553 30724.5
0.916 8.64357 31238.4
0.917 8.76834 31744.8
0.918 8.88965 32243.1
0.919 9.00732 32732.7
0.92 9.12117 33213
0.921 9.23104 33683.4
0.922 9.33684 34143.4
0.923 9.43845 34592.8
0.924 9.53579 35031.1
0.925 9.62878 35458
0.926 9.71734 35873.1
0.927 9.80139 36276.1
0.928 9.88086 36666.6
0.929 9.9557 37044.4
0.93 10.0258 37409
0.931 10.0912 37760.1
0.932 10.1519 38097.7
0.933 10.2079 38421.7
0.934 10.2592 38732
0.935 10.3058 39028.5
0.936 10.3478 39311.1
0.937 10.3852 39579.9
0.938 10.418 39834.7
0.939 10.4463 40075.6
0.94 10.4701 40302.5
0.941 10.4895 40515.3
0.942 10.5046 40714.2
0.943 10.5154 40899.3
0.944 10.522 41070.8
0.945 10.5246 41228.7
0.946 10.5231 41373.3
0.947 10.5178 41504.6
0.948 10.5087 41622.8
0.949 10.4958 41728.1
0.95 10.4794 41820.7
0.951 10.4594 41900.7
0.952 10.4359 41968.1
0.953 10.409 42022.9
0.954 10.3787 42065.2
0.955 10.345 42094.9
0.956 10.308 42112.1
0.957 10.2678 42116.8
0.958 10.2243 42109.1
0.959 10.1776 42088.9
0.96 10.1278 42056.3
0.961 10.0749 42011.3
0.962 10.0189 41953.7
0.963 9.95966 41883.3
0.964 9.89721 41799.8
0.965 9.8315 41703.1
0.966 9.76248 41592.9
0.967 9.69013 41468.9
0.968 9.6144 41331
0.969 9.53525 41179
0.97 9.45265 41012.6
0.971 9.36658 40831.7
0.972 9.27705 40636.3
0.973 9.18408 40426.4
0.974 9.08769 40202.1
0.975 8.98791 39963.3
0.976 8.88476 39710.1
0.977 8.77826 39442.6
0.978 8.66844 39160.8
0.979 8.55532 38864.7
0.98 8.43892 38554.4
0.981 8.31927 38230.1
0.982 8.19641 37891.7
0.983 8.0704 37539.6
0.984 7.94127 37173.8
0.985 7.80908 36794.6
0.986 7.67386 36402.1
0.987 7.53567 35996.5
0.988 7.39454 35578
0.989 7.25052 35146.7
0.99 7.10365 34703
0.991 6.95397 34246.9
0.992 6.80145 33778.5
0.993 6.64609 33297.7
0.994 6.48785 32804.5
0.995 6.32672 32298.9
0.996 6.16265 31780.9
0.997 5.99564 31250.4
0.998 5.82565 30707.6
0.999 5.65267 30152.4
1 5.47666 29584.8
1.001 5.29761 29004.8
1.002 5.11551 28412.6
1.003 4.93035 27808.1
1.004 4.74214 27191.5
1.005 4.55088 26562.9
1.006 4.35655 25922.4
1.007 4.15917 25270
1.008 3.95873 24605.9
1.009 3.75524 23930.1
1.01 3.54869 23242.9
1.011 3.33909 22544.3
1.012 3.12649 21834.6
1.013 2.91092 21114
1.014 2.69242 20382.7
1.015 2.47104 19641.1
1.016 2.24683 18889.4
1.017 2.01985 18127.8
1.018 1.79014 17356.5
1.019 1.55776 16576
1.02 1.32278 15786.4
1.021 1.08526 14988.1
1.022 0.845318 14181.5
1.023 0.603085 13367
1.024 0.358692 12545.3
1.025 0.112277 11716.8
1.026 -0.136017 10882
1.027 -0.386041 10041.3
1.028 -0.637638 9195.36
1.029 -0.890649 8344.6
1.03 -1.14491 7489.52
1.031 -1.40023 6630.67
1.032 -1.65643 5768.65
1.033 -1.91328 4904.07
1.034 -2.17057 4037.57
1.035 -2.42808 3169.78
1.036 -2.68558 2301.33
1.037 -2.94285 1432.84
1.038 -3.19965 564.954
1.039 -3.45576 -301.714
1.04 -3.71093 -1166.54
1.041 -3.96492 -2028.92
1.042 -4.21752 -2888.27
1.043 -4.46849 -3744.05
1.044 -4.71762 -4595.68
1.045 -4.96467 -5442.62
1.046 -5.20942 -6284.3
1.047 -5.45164 -7120.18
1.048 -5.69112 -7949.71
1.049 -5.92764 -8772.33
1.05 -6.16097 -9587.5
1.051 -6.39091 -10394.8
1.052 -6.61731 -11193.8
1.053 -6.84004 -11984.3
1.054 -7.05896 -12766
1.055 -7.27396 -13538.7
1.056 -7.4849 -14302.2
1.057 -7.69166 -15056.1
1.058 -7.89415 -15800.3
1.059 -8.09225 -16534.5
1.06 -8.28585 -17258.5
1.061 -8.4749 -17972.1
1.062 -8.6594 -18675.5
1.063 -8.83937 -19368.7
1.064 -9.01485 -20052.2
1.065 -9.1859 -20725.9
1.066 -9.35256 -21390.2
1.067 -9.51487 -22045.3
1.068 -9.6729 -22691.3
1.069 -9.8267 -23328.6
1.07 -9.97635 -23957.3
1.071 -10.1219 -24577.7
1.072 -10.2634 -25189.9
1.073 -10.4009 -25794
1.074 -10.5345 -26390.3
1.075 -10.6642 -26978.9
1.076 -10.79 -27559.9
1.077 -10.9122 -28133.5
1.078 -11.0306 -28700
1.079 -11.1454 -29259.4
1.08 -11.2566 -29812
1.081 -11.3644 -30357.9
1.082 -11.4686 -30897
1.083 -11.5694 -31429.2
1.084 -11.6666 -31954.4
1.085 -11.7603 -32472.4
1.086 -11.8505 -32983.1
1.087 -11.9372 -33486.4
1.088 -12.0203 -33982.2
1.089 -12.0999 -34470.4
1.09 -12.176 -34950.9
1.091 -12.2486 -35423.6
1.092 -12.3177 -35888.2
1.093 -12.3832 -36344.6
1.094 -12.4452 -36792.4
1.095 -12.5035 -37231.5
1.096 -12.5583 -37661.7
1.097 -12.6094 -38082.7
1.098 -12.6569 -38494.2
1.099 -12.7008 -38896.2
1.1 -12.741 -39288.3
1.101 -12.7777 -39670.5
1.102 -12.8107 -40042.7
1.103 -12.8402 -40404.8
1.104 -12.8662 -40756.9
1.105 -12.8889 -41098.9
1.106 -12.9081 -41430.9
1.107 -12.9241 -41752.8
1.108 -12.9368 -42064.7
1.109 -12.9463 -42366.5
1.11 -12.9527 -42658.3
1.111 -12.9561 -42940.1
1.112 -12.9565 -43212.1
1.113 -12.954 -43474.2
1.114 -12.9487 -43726.7
1.115 -12.9406 -43969.7
1.116 -12.93 -44203.3
1.117 -12.9168 -44427.6
1.118 -12.9012 -44642.8
1.119 -12.8831 -44849.1
1.12 -12.8628 -45046.4
1.121 -12.8402 -45235.1
1.122 -12.8155 -45414.9
1.123 -12.7886 -45586
1.124 -12.7595 -45748.1
1.125 -12.7283 -45901.4
1.126 -12.695 -46045.7
1.127 -12.6596 -46181.1
1.128 -12.6222 -46307.4
1.129 -12.5827 -46424.7
1.13 -12.5412 -46532.9
1.131 -12.4977 -46632
1.132 -12.4521 -46721.8
1.133 -12.4046 -46802.2
1.134 -12.3549 -46873
1.135 -12.3032 -46934
1.136 -12.2494 -46985.1
1.137 -12.1935 -47026.2
1.138 -12.1355 -47057
1.139 -12.0753 -47077.6
1.14 -12.0129 -47087.6
1.141 -11.9484 -47087.1
1.142 -11.8818 -47075.9
1.143 -11.8129 -47054.1
1.144 -11.742 -47021.7
1.145 -11.669 -46978.7
1.146 -11.5938 -46925
1.147 -11.5167 -46860.6
1.148 -11.4374 -46785.7
1.149 -11.3562 -46700.1
1.15 -11.2729 -46603.9
1.151 -11.1877 -46497.2
1.152 -11.1006 -46380.3
1.153 -11.0117 -46253.3
1.154 -10.921 -46116.7
1.155 -10.8288 -45970.7
1.156 -10.735 -45815.6
1.157 -10.6398 -45651.7
1.158 -10.5433 -45479.3
1.159 -10.4455 -45298.7
1.16 -10.3466 -45110.2
1.161 -10.2465 -44914.3
1.162 -10.1456 -44711.2
1.163 -10.0437 -44501.6
1.164 -9.94124 -44285.7
1.165 -9.83816 -44064.2
1.166 -9.73463 -43837.5
1.167 -9.63076 -43606.1
1.168 -9.52669 -43370.3
1.169 -9.42253 -43130.8
1.17 -9.31841 -42888
1.171 -9.21442 -42642.2
1.172 -9.11065 -42393.9
1.173 -9.00715 -42143.3
1.174 -8.90397 -41890.6
1.175 -8.80118 -41636.1
1.176 -8.69884 -41380.1
1.177 -8.59699 -41122.9
1.178 -8.49569 -40864.8
1.179 -8.39501 -40605.9
1.18 -8.295 -40346.6
1.181 -8.1957 -40087.2
1.182 -8.09714 -39827.7
1.183 -7.99934 -39568.3
1.184 -7.90231 -39309.2
1.185 -7.80606 -39050.3
1.186 -7.71061 -38791.9
1.187 -7.61598 -38534.1
1.188 -7.52218 -38276.9
1.189 -7.42922 -38020.6
1.19 -7.33711 -37765.1
1.191 -7.24588 -37510.7
1.192 -7.15551 -37257.4
1.193 -7.06599 -37005.2
1.194 -6.97731 -36754.1
1.195 -6.88948 -36504.1
1.196 -6.80247 -36255.3
1.197 -6.71629 -36007.7
1.198 -6.63091 -35761.3
1.199 -6.54634 -35516.1
1.2 -6.46256 -35272.2
1.201 -6.37957 -35029.6
1.202 -6.29736 -34788.3
1.203 -6.21592 -34548.2
1.204 -6.13524 -34309.6
1.205 -6.05532 -34072.2
1.206 -5.97615 -33836.3
1.207 -5.89772 -33601.7
1.208 -5.82002 -33368.5
1.209 -5.74306 -33136.8
1.21 -5.66683 -32906.4
1.211 -5.5913 -32677.4
1.212 -5.51645 -32449.8
1.213 -5.44224 -32223.4
1.214 -5.36862 -31998.1
1.215 -5.29555 -31773.9
1.216 -5.22299 -31550.5
1.217 -5.15091 -31327.9
1.218 -5.07926 -31106.1
1.219 -5.008 -30884.8
1.22 -4.9371 -30663.9
1.221 -4.86651 -30443.4
1.222 -4.79616 -30223.1
1.223 -4.72598 -30002.6
1.224 -4.65589 -29781.8
1.225 -4.58583 -29560.4
1.226 -4.51572 -29338.3
1.227 -4.44548 -29115.1
1.228 -4.37505 -28890.8
1.229 -4.30435 -28665
1.23 -4.23331 -28437.5
1.231 -4.16187 -28208.1
1.232 -4.08997 -27976.7
1.233 -4.01756 -27743
1.234 -3.94459 -27506.9
1.235 -3.871 -27268.3
1.236 -3.79674 -27026.9
1.237 -3.72176 -26782.7
1.238 -3.64601 -26535.5
1.239 -3.56945 -26285
1.24 -3.49201 -26031.3
1.241 -3.41364 -25774
1.242 -3.3343 -25513
1.243 -3.25393 -25248.2
1.244 -3.17246 -24979.4
1.245 -3.08985 -24706.3
1.246 -3.00604 -24428.8
1.247 -2.92097 -24146.8
1.248 -2.83459 -23860
1.249 -2.74684 -23568.3
1.25 -2.65768 -23271.6
1.251 -2.56703 -22969.6
1.252 -2.47486 -22662.2
1.253 -2.38108 -22349.2
1.254 -2.28565 -22030.4
1.255 -2.18851 -21705.6
1.256 -2.08959 -21374.6
1.257 -1.98885 -21037.2
1.258 -1.88622 -20693.4
1.259 -1.78166 -20342.8
1.26 -1.67509 -19985.4
1.261 -1.56647 -19620.8
1.262 -1.4557 -19249
1.263 -1.34268 -18869.4
1.264 -1.22732 -18482
1.265 -1.10953 -18086.2
1.266 -0.989218 -17681.9
1.267 -0.866284 -17268.7
1.268 -0.740646 -16846.4
1.269 -0.612213 -16414.7
1.27 -0.480901 -15973.3
1.271 -0.346598 -15521.7
1.272 -0.209141 -15059.6
1.273 -0.0683446 -14586.2
1.274 0.0759763 -14100.9
1.275 0.224004 -13603.2
1.276 0.375916 -13092.5
1.277 0.531889 -12568.1
1.278 0.692096 -12029.4
1.279 0.856704 -11475.9
1.28 1.02588 -10907
1.281 1.19977 -10322.2
1.282 1.37851 -9720.86
1.283 1.56222 -9102.68
1.284 1.75101 -8467.19
1.285 1.945 -7813.97
1.286 2.14428 -7142.6
1.287 2.34895 -6452.67
1.288 2.55912 -5743.78
1.289 2.77485 -5015.54
1.29 2.99624 -4267.57
1.291 3.22333 -3499.59
1.292 3.45607 -2711.57
1.293 3.69439 -1903.58
1.294 3.93821 -1075.7
1.295 4.18744 -228.03
1.296 4.44197 639.325
1.297 4.70171 1526.26
1.298 4.96652 2432.64
1.299 5.23629 3358.34
1.3 5.51087 4303.23
1.301 5.79011 5267.08
1.302 6.07376 6249.54
1.303 6.36158 7250.14
1.304 6.6533 8268.45
1.305 6.94865 9303.99
1.306 7.24733 10356.3
1.307 7.54906 11424.9
1.308 7.85352 12509.3
1.309 8.16042 13609.1
1.31 8.46942 14723.7
1.311 8.78017 15852.5
1.312 9.09218 16994.5
1.313 9.40497 18148.7
1.314 9.718 19314
1.315 10.0308 20489.2
1.316 10.3428 21673.4
1.317 10.6534 22865.3
1.318 10.9623 24063.9
1.319 11.2689 25268.2
1.32 11.5726 26476.9
1.321 11.873 27689
1.322 12.1697 28903.4
1.323 12.462 30119
1.324 12.7495 31334.4
1.325 13.0319 32548.7
1.326 13.3085 33760.7
1.327 13.5791 34969.3
1.328 13.8432 36173.2
1.329 14.1003 37371.5
1.33 14.3503 38563
1.331 14.5926 39746.7
1.332 14.8272 40921.9
1.333 15.0537 42087.7
1.334 15.2721 43243.6
1.335 15.4823 44388.9
1.336 15.684 45522.9
1.337 15.8772 46645
1.338 16.0619 47754.6
1.339 16.2378 48850.9
1.34 16.4051 49933.5
1.341 16.5636 51001.7
1.342 16.7136 52055.4
1.343 16.8551 53094.6
1.344 16.9882 54119
1.345 17.1132 55128.6
1.346 17.2302 56123.3
1.347 17.3394 57103.2
1.348 17.4409 58068
1.349 17.535 59017.8
1.35 17.6218 59952.6
1.351 17.7015 60872.3
1.352 17.7745 61777.2
1.353 17.8408 62667.3
1.354 17.9008 63542.8
1.355 17.9547 64404.1
1.356 18.0028 65251.3
1.357 18.0453 66084.6
1.358 18.0824 66904.3
1.359 18.1145 67710.5
1.36 18.1416 68503.6
1.361 18.164 69283.6
1.362 18.182 70050.7
1.363 18.1955 70804.7
1.364 18.2048 71545.7
1.365 18.21 72273.6
1.366 18.2112 72988.4
1.367 18.2085 73690.1
1.368 18.2021 74378.7
1.369 18.1921 75054.2
1.37 18.1785 75716.5
1.371 18.1615 76365.6
1.372 18.1411 77001
1.373 18.117 77621.8
1.374 18.0893 78227.5
1.375 18.0579 78817.5
1.376 18.0227 79390.9
1.377 17.9835 79947.3
1.378 17.9404 80485.9
1.379 17.8933 81006.2
1.38 17.8421 81507.4
1.381 17.7867 81988.9
1.382 17.7269 82449.6
1.383 17.6626 82888.6
1.384 17.5935 83304.6
1.385 17.5194 83696.6
1.386 17.4402 84063.5
1.387 17.3557 84404.3
1.388 17.2657 84717.9
1.389 17.1701 85003.3
1.39 17.0686 85259.4
1.391 16.9611 85485.3
1.392 16.8474 85679.9
1.393 16.7275 85842.3
1.394 16.601 85971.4
1.395 16.468 86066.2
1.396 16.3281 86125.9
1.397 16.1812 86149.4
1.398 16.0273 86135.7
1.399 15.8661 86083.5
1.4 15.6974 85992.1
1.401 15.5212 85860.4
1.402 15.3372 85687.8
1.403 15.1455 85473.6
1.404 14.9458 85217
1.405 14.738 84917.4
1.406 14.522 84574.1
1.407 14.2976 84186.6
1.408 14.0648 83754.1
1.409 13.8233 83276.1
1.41 13.573 82752
1.411 13.3138 82181.3
1.412 13.0456 81563.8
1.413 12.7684 80899.6
1.414 12.4821 80188.5
1.415 12.1868 79430.6
1.416 11.8822 78625.9
1.417 11.5684 77774.4
1.418 11.2453 76876.1
1.419 10.9128 75931.1
1.42 10.5707 74939.5
1.421 10.2191 73901.5
1.422 9.85781 72817.4
1.423 9.4869 71687.8
1.424 9.10635 70513.2
1.425 8.71612 69294.1
1.426 8.31618 68031
1.427 7.90651 66724.6
1.428 7.48705 65375.4
1.429 7.05777 63984.1
1.43 6.61863 62551.2
1.431 6.1696 61077.5
1.432 5.71071 59563.8
1.433 5.24198 58010.9
1.434 4.76349 56420
1.435 4.27527 54791.9
1.436 3.7774 53127.5
1.437 3.26996 51427.9
1.438 2.75305 49694.1
1.439 2.22678 47927.1
1.44 1.6913 46127.8
1.441 1.14678 44297.5
1.442 0.593442 42437.1
1.443 0.0315724 40547.9
1.444 -0.538509 38631.1
1.445 -1.11642 36687.9
1.446 -1.70171 34719.5
1.447 -2.2939 32727.1
1.448 -2.89243 30711.8
1.449 -3.49669 28675.1
1.45 -4.10604 26618.1
1.451 -4.71977 24542
1.452 -5.33715 22447.9
1.453 -5.95743 20337
1.454 -6.57979 18210.4
1.455 -7.20336 16069.1
1.456 -7.82724 13914.2
1.457 -8.45048 11746.9
1.458 -9.07209 9568.27
1.459 -9.69106 7379.39
1.46 -10.3064 5181.38
1.461 -10.9169 2975.37
1.462 -11.5216 762.55
1.463 -12.1194 -1455.9
1.464 -12.7093 -3678.79
1.465 -13.29 -5904.92
1.466 -13.8607 -8133.13
1.467 -14.4203 -10362.2
1.468 -14.9678 -12591.1
1.469 -15.5023 -14818.5
1.47 -16.023 -17043.3
1.471 -16.5291 -19264.4
1.472 -17.0197 -21480.5
1.473 -17.4943 -23690.3
1.474 -17.9523 -25892.7
1.475 -18.393 -28086.3
1.476 -18.816 -30270
1.477 -19.2211 -32442.5
1.478 -19.6078 -34602.6
1.479 -19.9761 -36749.2
1.48 -20.3258 -38881
1.481 -20.6568 -40997
1.482 -20.9692 -43096.2
1.483 -21.2633 -45177.8
1.484 -21.5391 -47240.7
1.485 -21.7969 -49284.1
1.486 -22.0371 -51307.2
1.487 -22.2599 -53309
1.488 -22.4658 -55288.8
1.489 -22.6552 -57245.8
1.49 -22.8285 -59179.1
1.491 -22.9861 -61088
1.492 -23.1285 -62972.1
1.493 -23.2565 -64830.9
1.494 -23.3704 -66664
1.495 -23.471 -68471.1
1.496 -23.5586 -70251.9
1.497 -23.6339 -72005.9
1.498 -23.6974 -73732.8
1.499 -23.7496 -75432.4
1.5 -23.791 -77104.2
1.501 -23.8221 -78748.1
1.502 -23.8434 -80363.9
1.503 -23.8553 -81951.2
1.504 -23.8583 -83509.9
1.505 -23.8529 -85039.8
1.506 -23.8393 -86540.8
1.507 -23.8181 -88012.7
1.508 -23.7895 -89455.4
1.509 -23.7539 -90868.7
1.51 -23.7117 -92252.4
1.511 -23.6632 -93606.6
1.512 -23.6086 -94931
1.513 -23.5483 -96225.6
1.514 -23.4824 -97490.2
1.515 -23.4113 -98724.7
1.516 -23.3351 -99929
1.517 -23.2541 -101103
1.518 -23.1684 -102247
1.519 -23.0783 -103360
1.52 -22.984 -104443
1.521 -22.8856 -105496
1.522 -22.7832 -106518
1.523 -22.6772 -107511
1.524 -22.5677 -108473
1.525 -22.4549 -109405
1.526 -22.3389 -110308
1.527 -22.2199 -111182
1.528 -22.098 -112026
1.529 -21.9734 -112841
1.53 -21.8462 -113628
1.531 -21.7165 -114385
1.532 -21.5844 -115115
1.533 -21.4498 -115815
1.534 -21.3129 -116487
1.535 -21.1737 -117131
1.536 -21.0321 -117746
1.537 -20.8883 -118332
1.538 -20.7423 -118889
1.539 -20.594 -119419
1.54 -20.4435 -119919
1.541 -20.2907 -120391
1.542 -20.1357 -120834
1.543 -19.9782 -121248
1.544 -19.8182 -121632
1.545 -19.6555 -121986
1.546 -19.49 -122309
1.547 -19.3217 -122602
1.548 -19.1503 -122863
1.549 -18.9758 -123092
1.55 -18.7982 -123289
1.551 -18.6172 -123454
1.552 -18.4327 -123585
1.553 -18.2446 -123683
1.554 -18.0527 -123747
1.555 -17.8569 -123775
1.556 -17.6569 -123769
1.557 -17.4526 -123727
1.558 -17.2439 -123648
1.559 -17.0306 -123533
1.56 -16.8126 -123380
1.561 -16.5896 -123190
1.562 -16.3617 -122961
1.563 -16.1286 -122694
1.564 -15.8902 -122388
1.565 -15.6465 -122043
1.566 -15.3972 -121658
1.567 -15.1422 -121234
1.568 -14.8815 -120769
1.569 -14.6148 -120265
1.57 -14.3421 -119719
1.571 -14.0632 -119133
1.572 -13.7779 -118507
1.573 -13.4862 -117839
1.574 -13.188 -117130
1.575 -12.8831 -116381
1.576 -12.5714 -115590
1.577 -12.2528 -114758
1.578 -11.9271 -113885
1.579 -11.5943 -112971
1.58 -11.2542 -112017
1.581 -10.9065 -111021
1.582 -10.5513 -109985
1.583 -10.1885 -108908
1.584 -9.81784 -107791
1.585 -9.43931 -106634
1.586 -9.05278 -105438
1.587 -8.65812 -104202
1.588 -8.25523 -102928
1.589 -7.84398 -101614
1.59 -7.42426 -100263
1.591 -6.99594 -98873.6
1.592 -6.55893 -97446.8
1.593 -6.11312 -95982.9
1.594 -5.65843 -94482.5
1.595 -5.19475 -92946.1
1.596 -4.72202 -91374.1
1.597 -4.24016 -89767.1
1.598 -3.74911 -88125.5
1.599 -3.24883 -86449.9
1.6 -2.73929 -84740.8
1.601 -2.22046 -82998.8
1.602 -1.69231 -81224.3
1.603 -1.15485 -79417.8
1.604 -0.60807 -77579.6
1.605 -0.0520432 -75710.1
1.606 0.513133 -73809.9
1.607 1.0873 -71879.5
1.608 1.67023 -69919.2
1.609 2.26165 -67929.6
1.61 2.86124 -65911.2
1.611 3.4686 -63864.5
1.612 4.08329 -61790
1.613 4.70481 -59688.3
1.614 5.33258 -57560
1.615 5.96598 -55405.5
1.616 6.60432 -53225.4
1.617 7.24685 -51020.4
1.618 7.89277 -48791.1
1.619 8.5412 -46537.9
1.62 9.19125 -44261.7
1.621 9.84192 -41962.9
1.622 10.4922 -39642.4
1.623 11.1409 -37301
1.624 11.7869 -34939.6
1.625 12.4291 -32559
1.626 13.0663 -30160
1.627 13.6974 -27743.5
1.628 14.3212 -25310.3
1.629 14.9365 -22861.4
1.63 15.5422 -20397.4
1.631 16.1373 -17919.4
1.632 16.7206 -15428.4
1.633 17.2912 -12925.3
1.634 17.8481 -10411.2
1.635 18.3904 -7887.26
1.636 18.9174 -5354.36
1.637 19.4282 -2813.59
1.638 19.9223 -265.95
1.639 20.3992 2287.54
1.64 20.8585 4845.88
1.641 21.2997 7408.04
1.642 21.7227 9972.92
1.643 22.1272 12539.4
1.644 22.5132 15106.4
1.645 22.8805 17672.8
1.646 23.2294 20237.5
1.647 23.56 22799.4
1.648 23.8724 25357.5
1.649 24.1669 27910.8
1.65 24.4438 30458.2
1.651 24.7036 32998.6
1.652 24.9465 35531.2
1.653 25.1732 38055
1.654 25.384 40569.1
1.655 25.5795 43072.5
1.656 25.7601 45564.3
1.657 25.9264 48043.8
1.658 26.079 50509.9
1.659 26.2183 52961.9
1.66 26.3448 55398.9
1.661 26.4591 57820.2
1.662 26.5618 60225
1.663 26.6533 62612.8
1.664 26.7342 64983
1.665 26.8051 67335
1.666 26.8663 69668.2
1.667 26.9184 71982.2
1.668 26.9619 74276.3
1.669 26.9971 76550.2
1.67 27.0244 78803.1
1.671 27.0442 81034.8
1.672 27.057 83244.6
1.673 27.063 85432.1
1.674 27.0625 87597
1.675 27.0559 89738.6
1.676 27.0435 91856.7
1.677 27.0255 93950.7
1.678 27.0022 96020.4
1.679 26.9738 98065.2
1.68 26.9405 100085
1.681 26.9026 102079
1.682 26.8601 104047
1.683 26.8133 105988
1.684 26.7621 107902
1.685 26.7067 109789
1.686 26.6473 111647
1.687 26.5838 113476
1.688 26.5164 115276
1.689 26.4452 117047
1.69 26.3702 118787
1.691 26.2915 120496
1.692 26.209 122175
1.693 26.1228 123821
1.694 26.0329 125435
1.695 25.9393 127015
1.696 25.8419 128562
1.697 25.7407 130075
1.698 25.6358 131553
1.699 25.527 132995
1.7 25.4145 134402
1.701 25.2981 135772
1.702 25.1779 137104
1.703 25.0536 138399
1.704 24.9253 139655
1.705 24.7927 140872
1.706 24.656 142049
1.707 24.5149 143185
1.708 24.3693 144280
1.709 24.2193 145332
1.71 24.0647 146342
1.711 23.9055 147309
1.712 23.7415 148232
1.713 23.5728 149111
1.714 23.3993 149945
1.715 23.2208 150734
1.716 23.0375 151477
1.717 22.8491 152174
1.718 22.6556 152824
1.719 22.457 153427
1.72 22.2531 153983
1.721 22.044 154490
1.722 21.8296 154950
1.723 21.61 155362
1.724 21.3852 155726
1.725 21.1552 156042
1.726 20.9201 156310
1.727 20.6799 156530
1.728 20.4346 156703
1.729 20.1841 156827
1.73 19.9285 156905
1.731 19.6676 156934
1.732 19.4016 156914
1.733 19.1306 156844
1.734 18.8545 156723
1.735 18.5735 156552
1.736 18.2874 156331
1.737 17.9965 156061
1.738 17.7005 155742
1.739 17.3996 155375
1.74 17.0938 154959
1.741 16.783 154496
1.742 16.4671 153986
1.743 16.1461 153429
1.744 15.8198 152825
1.745 15.488 152174
1.746 15.1507 151477
1.747 14.8078 150734
1.748 14.4591 149945
1.749 14.1045 149110
1.75 13.7438 148230
1.751 13.3769 147305
1.752 13.0036 146335
1.753 12.6235 145319
1.754 12.2366 144259
1.755 11.8423 143153
1.756 11.4406 142002
1.757 11.0312 140805
1.758 10.6137 139563
1.759 10.1879 138276
1.76 9.75355 136944
1.761 9.31034 135567
1.762 8.85801 134144
1.763 8.39628 132676
1.764 7.92485 131164
1.765 7.44346 129606
1.766 6.95182 128003
1.767 6.44966 126356
1.768 5.93671 124664
1.769 5.41271 122928
1.77 4.87742 121148
1.771 4.33059 119323
1.772 3.77203 117455
1.773 3.20157 115543
1.774 2.61905 113589
1.775 2.02436 111591
1.776 1.41739 109551
1.777 0.798113 107469
1.778 0.166524 105346
1.779 -0.477308 103181
1.78 -1.13323 100975
1.781 -1.801 98729.5
1.782 -2.48023 96444.1
1.783 -3.17046 94119.8
1.784 -3.87113 91757.3
1.785 -4.5816 89357.4
1.786 -5.30111 86920.9
1.787 -6.02885 84448.5
1.788 -6.76388 81941
1.789 -7.50517 79399.2
1.79 -8.25162 76823.9
1.791 -9.00202 74216
1.792 -9.75507 71576.4
1.793 -10.5094 68905.9
1.794 -11.2635 66205.5
1.795 -12.016 63476.1
1.796 -12.7652 60718.6
1.797 -13.5096 57933.9
1.798 -14.2476 55123
1.799 -14.9775 52286.8
1.8 -15.6979 49426.2
1.801 -16.4071 46542.1
1.802 -17.1037 43635.6
1.803 -17.7861 40707.4
1.804 -18.4532 37758.6
1.805 -19.1036 34790.1
1.806 -19.7362 31802.7
1.807 -20.3499 28797.4
1.808 -20.9439 25775.1
1.809 -21.5175 22736.6
1.81 -22.07 19682.9
1.811 -22.6008 16614.8
1.812 -23.1098 13533.4
1.813 -23.5965 10439.7
1.814 -24.0608 7334.82
1.815 -24.5028 4219.71
1.816 -24.9226 1095.4
1.817 -25.3204 -2037.09
1.818 -25.6965 -5176.76
1.819 -26.0513 -8322.64
1.82 -26.3853 -11473.7
1.821 -26.6991 -14629.1
1.822 -26.9931 -17787.6
1.823 -27.268 -20948.1
1.824 -27.5244 -24109.6
1.825 -27.763 -27271
1.826 -27.9845 -30431.1
1.827 -28.1894 -33589
1.828 -28.3786 -36743.6
1.829 -28.5526 -39893.8
1.83 -28.7122 -43038.5
1.831 -28.858 -46176.9
1.832 -28.9907 -49307.8
1.833 -29.1108 -52430.3
1.834 -29.2191 -55543.4
1.835 -29.316 -58646.1
1.836 -29.4021 -61737.4
1.837 -29.478 -64816.4
1.838 -29.5442 -67882.1
1.839 -29.601 -70933.6
1.84 -29.6491 -73970
1.841 -29.6888 -76990.3
1.842 -29.7204 -79993.5
1.843 -29.7444 -82978.9
1.844 -29.7611 -85945.3
1.845 -29.7708 -88892
1.846 -29.7739 -91818
1.847 -29.7705 -94722.4
1.848 -29.761 -97604.3
1.849 -29.7456 -100463
1.85 -29.7245 -103297
1.851 -29.698 -106107
1.852 -29.6661 -108890
1.853 -29.629 -111646
1.854 -29.5868 -114374
1.855 -29.5396 -117073
1.856 -29.4876 -119742
1.857 -29.4307 -122379
1.858 -29.3692 -124985
1.859 -29.3031 -127558
1.86 -29.2324 -130097
1.861 -29.1573 -132601
1.862 -29.0777 -135069
1.863 -28.9938 -137501
1.864 -28.9055 -139896
1.865 -28.813 -142252
1.866 -28.7163 -144569
1.867 -28.6154 -146846
1.868 -28.5103 -149082
1.869 -28.4011 -151276
1.87 -28.2878 -153429
1.871 -28.1704 -155538
1.872 -28.049 -157603
1.873 -27.9237 -159624
1.874 -27.7943 -161601
1.875 -27.6611 -163531
1.876 -27.524 -165416
1.877 -27.383 -167254
1.878 -27.2382 -169044
1.879 -27.0896 -170788
1.88 -26.9372 -172482
1.881 -26.781 -174129
1.882 -26.6211 -175726
1.883 -26.4574 -177274
1.884 -26.29 -178772
1.885 -26.1188 -180220
1.886 -25.944 -181617
1.887 -25.7654 -182964
1.888 -25.5832 -184260
1.889 -25.3973 -185504
1.89 -25.2076 -186697
1.891 -25.0143 -187838
1.892 -24.8173 -188928
1.893 -24.6167 -189965
1.894 -24.4125 -190950
1.895 -24.2048 -191884
1.896 -23.9935 -192766
1.897 -23.7788 -193597
1.898 -23.5605 -194376
1.899 -23.3389 -195103
1.9 -23.1137 -195780
1.901 -22.8852 -196405
1.902 -22.6532 -196979
1.903 -22.4178 -197502
1.904 -22.1792 -197975
1.905 -21.9372 -198399
1.906 -21.6919 -198772
1.907 -21.4434 -199097
1.908 -21.1916 -199372
1.909 -20.9366 -199599
1.91 -20.6783 -199778
1.911 -20.4168 -199909
1.912 -20.152 -199993
1.913 -19.8839 -200029
1.914 -19.6124 -200019
1.915 -19.3375 -199962
1.916 -19.0591 -199858
1.917 -18.7771 -199708
1.918 -18.4916 -199512
1.919 -18.2024 -199271
1.92 -17.9094 -198985
1.921 -17.6127 -198654
1.922 -17.3121 -198278
1.923 -17.0075 -197858
1.924 -16.6989 -197394
1.925 -16.386 -196886
1.926 -16.0689 -196334
1.927 -15.7473 -195739
1.928 -15.4212 -195102
1.929 -15.0905 -194422
1.93 -14.7551 -193699
1.931 -14.4148 -192934
1.932 -14.0695 -192128
1.933 -13.7189 -191280
1.934 -13.363 -190390
1.935 -13.0014 -189459
1.936 -12.6341 -188486
1.937 -12.2608 -187472
1.938 -11.8813 -186417
1.939 -11.4954 -185322
1.94 -11.103 -184185
1.941 -10.7038 -183009
1.942 -10.2978 -181792
1.943 -9.8847 -180536
1.944 -9.46447 -179240
1.945 -9.03695 -177906
1.946 -8.602 -176534
1.947 -8.15949 -175124
1.948 -7.70928 -173677
1.949 -7.25126 -172193
1.95 -6.78529 -170674
1.951 -6.3113 -169119
1.952 -5.82929 -167529
1.953 -5.33929 -165906
1.954 -4.84138 -164251
1.955 -4.33561 -162564
1.956 -3.82207 -160847
1.957 -3.30085 -159102
1.958 -2.77209 -157328
1.959 -2.23591 -155528
1.96 -1.6925 -153702
1.961 -1.14205 -151852
1.962 -0.58482 -149978
1.963 -0.0210919 -148083
1.964 0.548788 -146167
1.965 1.12442 -144231
1.966 1.70535 -142277
1.967 2.29106 -140307
1.968 2.88101 -138321
1.969 3.47458 -136320
1.97 4.07111 -134306
1.971 4.66993 -132281
1.972 5.2703 -130244
1.973 5.87146 -128199
1.974 6.47262 -126145
1.975 7.07295 -124084
1.976 7.67156 -122018
1.977 8.26757 -119946
1.978 8.86004 -117871
1.979 9.44803 -115794
1.98 10.0306 -113716
1.981 10.6068 -111637
1.982 11.1756 -109560
1.983 11.7361 -107485
1.984 12.2875 -105413
1.985 12.8287 -103346
1.986 13.359 -101284
1.987 13.8775 -99229.4
1.988 14.3834 -97182
1.989 14.876 -95143.3
1.99 15.3545 -93114.4
1.991 15.8183 -91096.4
1.992 16.2669 -89090.1
1.993 16.6998 -87096.7
1.994 17.1165 -85117.1
1.995 17.5167 -83152.3
1.996 17.9 -81203.4
1.997 18.2663 -79271.2
1.998 18.6153 -77356.6
1.999 18.9469 -75460.7
2 19.2611 -73584.3
2.001 19.558 -71728.3
2.002 19.8376 -69893.8
2.003 20.0998 -68081.7
2.004 20.3449 -66293.2
2.005 20.5731 -64529.2
2.006 20.7845 -62790.6
2.007 20.9793 -61078.5
2.008 21.158 -59393.8
2.009 21.3207 -57737.4
2.01 21.4678 -56110.3
2.011 21.5996 -54513.3
2.012 21.7165 -52947.3
2.013 21.8189 -51413.2
2.014 21.9071 -49911.8
2.015 21.9816 -48443.9
2.016 22.0426 -47010.4
2.017 22.0906 -45612.1
2.018 22.1259 -44249.6
2.019 22.149 -42923.9
2.02 22.1601 -41635.5
2.021 22.1596 -40385.2
2.022 22.1479 -39173.5
2.023 22.1255 -38000.7
2.024 22.0927 -36867.3
2.025 22.05 -35773.6
2.026 21.9975 -34719.9
2.027 21.9358 -33706.6
2.028 21.865 -32734
2.029 21.7856 -31802.4
2.03 21.6978 -30912
2.031 21.6019 -30063.2
2.032 21.4982 -29255.7
2.033 21.3872 -28489.3
2.034 21.2691 -27763.8
2.035 21.1444 -27079
2.036 21.0132 -26434.5
2.037 20.876 -25830.2
2.038 20.7329 -25265.7
2.039 20.5842 -24740.7
2.04 20.4302 -24254.9
2.041 20.2711 -23807.9
2.042 20.1072 -23399
2.043 19.9387 -23027.8
2.044 19.766 -22693.4
2.045 19.5893 -22395.1
2.046 19.4089 -22132.4
2.047 19.2249 -21904.4
2.048 19.0376 -21710.4
2.049 18.8473 -21549.8
2.05 18.654 -21421.7
2.051 18.4581 -21325.5
2.052 18.2596 -21260.4
2.053 18.0586 -21226
2.054 17.8554 -21221.5
2.055 17.65 -21246.5
2.056 17.4425 -21300.2
2.057 17.2331 -21382.1
2.058 17.0219 -21491.4
2.059 16.8089 -21627.5
2.06 16.5944 -21789.8
2.061 16.3783 -21977.6
2.062 16.1606 -22190.6
2.063 15.9414 -22428.4
2.064 15.7206 -22690.9
2.065 15.4983 -22977.6
2.066 15.2743 -23288.3
2.067 15.0487 -23622.7
2.068 14.8214 -23980.4
2.069 14.5926 -24361.2
2.07 14.362 -24764.7
2.071 14.1297 -25190.6
2.072 13.8957 -25638.8
2.073 13.6598 -26109.2
2.074 13.422 -26601.7
2.075 13.1822 -27116.2
2.076 12.9403 -27652.6
2.077 12.6962 -28210.8
2.078 12.4498 -28790.7
2.079 12.2011 -29392.1
2.08 11.95 -30014.9
2.081 11.6965 -30659
2.082 11.4404 -31324.1
2.083 11.1818 -32010.1
2.084 10.9205 -32716.6
2.085 10.6566 -33443.4
2.086 10.3901 -34190.3
2.087 10.1208 -34957
2.088 9.84868 -35743.1
2.089 9.5738 -36548.6
2.09 9.29607 -37372.9
2.091 9.01548 -38216
2.092 8.732 -39077.2
2.093 8.44565 -39956.4
2.094 8.15642 -40852.9
2.095 7.86433 -41766.5
2.096 7.56938 -42696.6
2.097 7.27157 -43642.8
2.098 6.97092 -44604.8
2.099 6.66743 -45581.9
2.1 6.36113 -46573.8
2.101 6.05204 -47580
2.102 5.74018 -48600
2.103 5.42561 -49633.2
2.104 5.10836 -50679.2
2.105 4.7885 -51737.3
2.106 4.46607 -52807.1
2.107 4.14114 -53888
2.108 3.81376 -54979.4
2.109 3.48402 -56080.9
2.11 3.15198 -57191.8
2.111 2.81771 -58311.6
2.112 2.48124 -59440
2.113 2.14261 -60576.7
2.114 1.80184 -61721.2
2.115 1.45898 -62873.2
2.116 1.11409 -64032.5
2.117 0.767215 -65198.6
2.118 0.418436 -66371.2
2.119 0.0678342 -67550.1
2.12 -0.284496 -68734.7
2.121 -0.638445 -69924.8
2.122 -0.99389 -71120.1
2.123 -1.3507 -72320.1
2.124 -1.70871 -73524.5
2.125 -2.06779 -74732.9
2.126 -2.42774 -75945
2.127 -2.78839 -77160.4
2.128 -3.14956 -78378.8
2.129 -3.51102 -79599.7
2.13 -3.87258 -80822.9
2.131 -4.23397 -82047.8
2.132 -4.59489 -83273.8
2.133 -4.95498 -84500.2
2.134 -5.31389 -85726.2
2.135 -5.67124 -86951.1
2.136 -6.02667 -88174.1
2.137 -6.37981 -89394.5
2.138 -6.73028 -90611.5
2.139 -7.0777 -91824.5
2.14 -7.42169 -93032.6
2.141 -7.76184 -94235.1
2.142 -8.09767 -95430.8
2.143 -8.42867 -96618.6
2.144 -8.75434 -97797.3
2.145 -9.07418 -98965.7
2.146 -9.38772 -100123
2.147 -9.69447 -101267
2.148 -9.994 -102398
2.149 -10.2858 -103513
2.15 -10.5696 -104613
2.151 -10.8448 -105695
2.152 -11.1111 -106759
2.153 -11.3679 -107803
2.154 -11.6148 -108825
2.155 -11.8515 -109825
2.156 -12.0776 -110801
2.157 -12.2926 -111751
2.158 -12.4963 -112674
2.159 -12.6883 -113569
2.16 -12.8684 -114435
2.161 -13.0363 -115270
2.162 -13.1916 -116072
2.163 -13.334 -116841
2.164 -13.4632 -117573
2.165 -13.5788 -118267
2.166 -13.6806 -118922
2.167 -13.7683 -119536
2.168 -13.8416 -120107
2.169 -13.9005 -120634
2.17 -13.9446 -121115
2.171 -13.9737 -121548
2.172 -13.9876 -121931
2.173 -13.986 -122262
2.174 -13.9686 -122540
2.175 -13.9352 -122762
2.176 -13.8854 -122926
2.177 -13.8191 -123031
2.178 -13.736 -123074
2.179 -13.6358 -123054
2.18 -13.5183 -122968
2.181 -13.3833 -122815
2.182 -13.2304 -122594
2.183 -13.0593 -122300
2.184 -12.8697 -121934
2.185 -12.6611 -121492
2.186 -12.4332 -120973
2.187 -12.1857 -120375
2.188 -11.9182 -119695
2.189 -11.6302 -118933
2.19 -11.3212 -118085
2.191 -10.9909 -117152
2.192 -10.6389 -116129
2.193 -10.2647 -115018
2.194 -9.8678 -113815
2.195 -9.44781 -112520
2.196 -9.0042 -111131
2.197 -8.53643 -109647
2.198 -8.04394 -108067
2.199 -7.52613 -106389
2.2 -6.98239 -104613
2.201 -6.41213 -102736
2.202 -5.81483 -100760
2.203 -5.19 -98682.4
2.204 -4.53717 -96503.9
2.205 -3.85583 -94223.9
2.206 -3.14552 -91842.2
2.207 -2.40579 -89358.4
2.208 -1.63624 -86772.3
2.209 -0.836531 -84083.8
2.21 -0.00641677 -81292.8
2.211 0.85417 -78399.2
2.212 1.74503 -75403.5
2.213 2.66573 -72306.1
2.214 3.61562 -69107.5
2.215 4.59379 -65808.4
2.216 5.59909 -62409.4
2.217 6.6301 -58911.1
2.218 7.68505 -55314.3
2.219 8.76191 -51619.8
2.22 9.85827 -47828.3
2.221 10.9714 -43940.7
2.222 12.0983 -39957.9
2.223 13.2355 -35880.9
2.224 14.3794 -31710.7
2.225 15.5261 -27448.3
2.226 16.6714 -23094.9
2.227 17.8113 -18651.5
2.228 18.9413 -14119.3
2.229 20.0572 -9499.43
2.23 21.1547 -4793.18
2.231 22.23 -1.69118
2.232 23.2792 4874.02
2.233 24.2991 9832.95
2.234 25.2866 14874.1
2.235 26.2392 19996.4
2.236 27.1547 25198.8
2.237 28.0317 30480
2.238 28.8688 35839
2.239 29.6656 41274.5
2.24 30.4217 46785.1
2.241 31.1375 52369.6
2.242 31.8135 58026.5
2.243 32.4506 63754.4
2.244 33.0502 69551.8
2.245 33.6137 75417.1
2.246 34.1426 81348.6
2.247 34.6388 87344.2
2.248 35.1041 93402
2.249 35.5404 99519.9
2.25 35.9496 105695
2.251 36.3334 111925
2.252 36.6933 118206
2.253 37.0308 124534
2.254 37.3473 130903
2.255 37.644 137309
2.256 37.9223 143747
2.257 38.1833 150211
2.258 38.4283 156696
2.259 38.6582 163196
2.26 38.8741 169704
2.261 39.0768 176214
2.262 39.2666 182717
2.263 39.4438 189204
2.264 39.6086 195665
2.265 39.7612 202091
2.266 39.9019 208472
2.267 40.0309 214798
2.268 40.1486 221060
2.269 40.2551 227246
2.27 40.3508 233347
2.271 40.4356 239352
2.272 40.5095 245250
2.273 40.5722 251030
2.274 40.6235 256681
2.275 40.6631 262190
2.276 40.6911 267550
2.277 40.7073 272748
2.278 40.7118 277777
2.279 40.7044 282628
2.28 40.6852 287294
2.281 40.6542 291767
2.282 40.6111 296041
2.283 40.5559 300113
2.284 40.4883 303978
2.285 40.4084 307634
2.286 40.3159 311081
2.287 40.2107 314320
2.288 40.0929 317352
2.289 39.9624 320182
2.29 39.819 322814
2.291 39.6628 325257
2.292 39.4937 327516
2.293 39.3119 329602
2.294 39.1172 331523
2.295 38.9097 333289
2.296 38.6893 334910
2.297 38.4559 336396
2.298 38.2094 337757
2.299 37.9496 339002
2.3 37.6764 340141
2.301 37.3895 341181
2.302 37.0891 342132
2.303 36.775 343001
2.304 36.4471 343794
2.305 36.1054 344518
2.306 35.7497 345178
2.307 35.3797 345779
2.308 34.9951 346326
2.309 34.5956 346823
2.31 34.1807 347274
2.311 33.7502 347681
2.312 33.3037 348047
2.313 32.841 348374
2.314 32.3617 348666
2.315 31.8653 348923
2.316 31.3514 349147
2.317 30.8195 349340
2.318 30.2687 349502
2.319 29.6985 349634
2.32 29.1081 349737
2.321 28.4964 349810
2.322 27.8625 349854
2.323 27.2033 349850
2.324 26.5196 349728
2.325 25.8114 349365
2.326 25.0772 348760
2.327 24.3155 347911
2.328 23.5251 346815
2.329 22.7044 345472
2.33 21.8517 343881
2.331 20.9654 342039
2.332 20.0437 339946
2.333 19.0846 337602
2.334 18.0861 335005
2.335 17.046 332155
2.336 15.962 329052
2.337 14.8314 325695
2.338 13.6517 322085
2.339 12.42 318220
2.34 11.1333 314101
2.341 9.78883 309729
2.342 8.38364 305104
2.343 6.91509 300227
2.344 5.38061 295101
2.345 3.77785 289728
2.346 2.10486 284109
2.347 0.360315 278245
2.348 -1.45614 272141
2.349 -3.34334 265796
2.35 -5.29845 259215
2.351 -7.3167 252400
2.352 -9.39112 245355
2.353 -11.5125 238085
2.354 -13.6697 230594
2.355 -15.8493 222887
2.356 -18.0362 214970
2.357 -20.2139 206846
2.358 -22.3649 198523
2.359 -24.4716 190005
2.36 -26.5167 181297
2.361 -28.4841 172407
2.362 -30.3597 163341
2.363 -32.1315 154107
2.364 -33.7906 144712
2.365 -35.3313 135166
2.366 -36.751 125475
2.367 -38.0499 115648
2.368 -39.2309 105694
2.369 -40.2985 95620.9
2.37 -41.2594 85437.9
2.371 -42.1205 75154.2
2.372 -42.89 64779.7
2.373 -43.5755 54324.7
2.374 -44.1851 43800.1
2.375 -44.7264 33216.5
2.376 -45.2066 22585.2
2.377 -45.6323 11917.6
2.378 -46.0097 1225.33
2.379 -46.344 -9479.64
2.38 -46.6402 -20185.1
2.381 -46.9025 -30878.5
2.382 -47.1345 -41546.8
2.383 -47.3394 -52176.9
2.384 -47.52 -62755.3
2.385 -47.6785 -73268.3
2.386 -47.8171 -83701.8
2.387 -47.9373 -94041.9
2.388 -48.0408 -104274
2.389 -48.1286 -114385
2.39 -48.202 -124358
2.391 -48.2618 -134181
2.392 -48.3088 -143839
2.393 -48.3436 -153318
2.394 -48.3668 -162603
2.395 -48.3788 -171682
2.396 -48.3802 -180541
2.397 -48.3711 -189168
2.398 -48.352 -197552
2.399 -48.323 -205682
2.4 -48.2845 -213549
2.401 -48.2365 -221144
2.402 -48.1795 -228461
2.403 -48.1133 -235494
2.404 -48.0385 -242239
2.405 -47.9548 -248694
2.406 -47.8626 -254858
2.407 -47.7618 -260731
2.408 -47.6528 -266317
2.409 -47.5353 -271619
2.41 -47.4096 -276641
2.411 -47.2756 -281392
2.412 -47.1337 -285878
2.413 -46.9836 -290107
2.414 -46.8256 -294090
2.415 -46.6596 -297836
2.416 -46.4858 -301355
2.417 -46.304 -304659
2.418 -46.1145 -307758
2.419 -45.9169 -310662
2.42 -45.7114 -313383
2.421 -45.498 -315931
2.422 -45.2767 -318316
2.423 -45.0475 -320549
2.424 -44.8106 -322638
2.425 -44.566 -324594
2.426 -44.3136 -326424
2.427 -44.0534 -328137
2.428 -43.7854 -329741
2.429 -43.5094 -331243
2.43 -43.2254 -332650
2.431 -42.9333 -333967
2.432 -42.6331 -335201
2.433 -42.3248 -336357
2.434 -42.0084 -337441
2.435 -41.6838 -338456
2.436 -41.3509 -339408
2.437 -41.0096 -340300
2.438 -40.6597 -341136
2.439 -40.3011 -341920
2.44 -39.9336 -342654
2.441 -39.557 -343341
2.442 -39.1712 -343984
2.443 -38.7762 -344586
2.444 -38.3717 -345148
2.445 -37.9577 -345673
2.446 -37.534 -346162
2.447 -37.1002 -346618
2.448 -36.6562 -347042
2.449 -36.2016 -347434
2.45 -35.7361 -347798
2.451 -35.2594 -348132
2.452 -34.7712 -348440
2.453 -34.2712 -348721
2.454 -33.759 -348976
2.455 -33.2343 -349206
2.456 -32.6967 -349412
2.457 -32.1456 -349595
2.458 -31.5805 -349755
2.459 -31.0009 -349891
2.46 -30.4062 -350006
2.461 -29.7956 -350098
2.462 -29.1686 -350168
2.463 -28.5243 -350216
2.464 -27.8613 -350238
2.465 -27.1764 -350195
2.466 -26.4728 -349995
2.467 -25.7486 -349567
2.468 -25.0029 -348908
2.469 -24.2344 -348020
2.47 -23.4422 -346903
2.471 -22.6248 -345558
2.472 -21.7811 -343984
2.473 -20.9097 -342182
2.474 -20.0092 -340155
2.475 -19.0781 -337902
2.476 -18.1146 -335424
2.477 -17.1171 -332723
2.478 -16.0837 -329800
2.479 -15.0124 -326656
2.48 -13.9012 -323293
2.481 -12.748 -319712
2.482 -11.5507 -315916
2.483 -10.3072 -311907
2.484 -9.0154 -307687
2.485 -7.67317 -303259
2.486 -6.27851 -298626
2.487 -4.82955 -293791
2.488 -3.32471 -288756
2.489 -1.76275 -283525
2.49 -0.14303 -278102
2.491 1.53416 -272490
2.492 3.26714 -266693
2.493 5.0528 -260717
2.494 6.8867 -254566
2.495 8.76295 -248247
2.496 10.6741 -241764
2.497 12.6114 -235124
2.498 14.5644 -228331
2.499 16.5214 -221392
2.5 18.4698 -214313
2.501 20.3962 -207100
2.502 22.2868 -199759
2.503 24.128 -192299
2.504 25.9068 -184727
2.505 27.6117 -177048
2.506 29.2327 -169272
2.507 30.7618 -161406
2.508 32.1933 -153456
2.509 33.5236 -145430
2.51 34.7513 -137336
2.511 35.8771 -129181
2.512 36.9032 -120973
2.513 37.8335 -112719
2.514 38.6728 -104428
2.515 39.4267 -96104.9
2.516 40.1013 -87759.1
2.517 40.7029 -79397.8
2.518 41.2378 -71028.4
2.519 41.7122 -62658.4
2.52 42.1318 -54295.4
2.521 42.5024 -45946.6
2.522 42.8289 -37618.8
2.523 43.1164 -29318.9
2.524 43.3689 -21053.3
2.525 43.5904 -12828.7
2.526 43.7843 -4651.57
2.527 43.9537 3471.62
2.528 44.1009 11534.5
2.529 44.2285 19530.8
2.53 44.3384 27454.5
2.531 44.4323 35299.6
2.532 44.512 43061
2.533 44.5791 50733.9
2.534 44.6348 58313.5
2.535 44.6803 65795.4
2.536 44.7165 73175
2.537 44.7443 80448.4
2.538 44.7643 87611.4
2.539 44.7772 94660.4
2.54 44.7834 101592
2.541 44.7836 108403
2.542 44.7781 115090
2.543 44.7678 121652
2.544 44.7528 128087
2.545 44.7339 134393
2.546 44.7111 140569
2.547 44.685 146614
2.548 44.6556 152526
2.549 44.6233 158305
2.55 44.5881 163951
2.551 44.5505 169464
2.552 44.5104 174843
2.553 44.4684 180091
2.554 44.4244 185206
2.555 44.3789 190191
2.556 44.3318 195046
2.557 44.2835 199773
2.558 44.2339 204374
2.559 44.1834 208849
2.56 44.1318 213202
2.561 44.0794 217434
2.562 44.0262 221547
2.563 43.9725 225543
2.564 43.9184 229425
2.565 43.8639 233195
2.566 43.8092 236856
2.567 43.7544 240411
2.568 43.6994 243861
2.569 43.6446 247210
2.57 43.5898 250461
2.571 43.5352 253615
2.572 43.4808 256675
2.573 43.4267 259645
2.574 43.3727 262526
2.575 43.3191 265322
2.576 43.2658 268034
2.577 43.2128 270666
2.578 43.1602 273219
2.579 43.108 275697
2.58 43.0562 278101
2.581 43.005 280434
2.582 42.954 282698
2.583 42.9033 284896
2.584 42.8526 287028
2.585 42.802 289097
2.586 42.7514 291105
2.587 42.7007 293055
2.588 42.6498 294946
2.589 42.5988 296783
2.59 42.5476 298565
2.591 42.4961 300296
2.592 42.4442 301975
2.593 42.3917 303606
2.594 42.3382 305188
2.595 42.2838 306724
2.596 42.2282 308215
2.597 42.1715 309662
2.598 42.1133 311066
2.599 42.0537 312429
2.6 41.9926 313752
2.601 41.9299 315036
2.602 41.8654 316282
2.603 41.799 317492
2.604 41.7305 318666
2.605 41.6597 319806
2.606 41.5865 320913
2.607 41.511 321987
2.608 41.4329 323031
2.609 41.3522 324044
2.61 41.2688 325028
2.611 41.1828 325983
2.612 41.0938 326912
2.613 41.0021 327814
2.614 40.9073 328690
2.615 40.8097 329542
2.616 40.7089 330369
2.617 40.605 331174
2.618 40.498 331956
2.619 40.3878 332716
2.62 40.2743 333455
2.621 40.1577 334174
2.622 40.0377 334873
2.623 39.9144 335553
2.624 39.7878 336214
2.625 39.6579 336857
2.626 39.5245 337482
2.627 39.3877 338091
2.628 39.2474 338683
2.629 39.1037 339258
2.63 38.9564 339818
2.631 38.8056 340362
2.632 38.6511 340892
2.633 38.4931 341407
2.634 38.3313 341908
2.635 38.1658 342394
2.636 37.9965 342868
2.637 37.8234 343328
2.638 37.6464 343775
2.639 37.4655 344209
2.64 37.2805 344631
2.641 37.0916 345040
2.642 36.8981 345438
2.643 36.7006 345823
2.644 36.4985 346197
2.645 36.2918 346560
2.646 36.0804 346912
2.647 35.8641 347252
2.648 35.6428 347581
2.649 35.4165 347900
2.65 35.1848 348207
2.651 34.9477 348505
2.652 34.7051 348791
2.653 34.4567 349068
2.654 34.2024 349334
2.655 33.942 349589
2.656 33.6752 349835
2.657 33.402 350071
2.658 33.1221 350296
2.659 32.8354 350512
2.66 32.5415 350717
2.661 32.2403 350913
2.662 31.9316 351099
2.663 31.6149 351275
2.664 31.2901 351441
2.665 30.9569 351598
2.666 30.6149 351744
2.667 30.2639 351881
2.668 29.9034 352008
2.669 29.5332 352124
2.67 29.1529 352231
2.671 28.7621 352328
2.672 28.3603 352415
2.673 27.9471 352492
2.674 27.5216 352558
2.675 27.0836 352614
2.676 26.6321 352659
2.677 26.1668 352692
2.678 25.6865 352712
2.679 25.1904 352716
2.68 24.6758 352678
2.681 24.1454 352549
2.682 23.5977 352260
2.683 23.0318 351808
2.684 22.4468 351192
2.685 21.8418 350411
2.686 21.2156 349461
2.687 20.5673 348342
2.688 19.8956 347052
2.689 19.1994 345589
2.69 18.4774 343951
2.691 17.7283 342138
2.692 16.9507 340147
2.693 16.1429 337978
2.694 15.3034 335628
2.695 14.4304 333097
2.696 13.5223 330383
2.697 12.577 327486
2.698 11.5927 324405
2.699 10.5673 321138
2.7 9.49865 317685
2.701 8.38472 314045
2.702 7.22335 310218
2.703 6.01245 306204
2.704 4.75002 302003
2.705 3.43417 297614
2.706 2.06325 293039
2.707 0.63595 288277
2.708 -0.848515 283329
2.709 -2.39013 278195
2.71 -3.9879 272878
2.711 -5.63976 267377
2.712 -7.3424 261695
2.713 -9.09125 255834
2.714 -10.8804 249797
2.715 -12.7027 243585
2.716 -14.5496 237203
2.717 -16.4113 230652
2.718 -18.2769 223936
2.719 -20.135 217059
2.72 -21.9732 210023
2.721 -23.7793 202833
2.722 -25.5412 195494
2.723 -27.2474 188010
2.724 -28.8877 180388
2.725 -30.4534 172631
2.726 -31.9377 164747
2.727 -33.3355 156740
2.728 -34.644 148617
2.729 -35.862 140383
2.73 -36.9903 132044
2.731 -38.031 123609
2.732 -38.9874 115082
2.733 -39.8634 106474
2.734 -40.6641 97790.9
2.735 -41.3945 89041.5
2.736 -42.0603 80234.1
2.737 -42.667 71377
2.738 -43.2202 62478.8
2.739 -43.7248 53548.2
2.74 -44.1861 44594
2.741 -44.6082 35625.3
2.742 -44.9953 26652
2.743 -45.3506 17684.5
2.744 -45.6775 8732.88
2.745 -45.9785 -192.52
2.746 -46.2563 -9081.51
2.747 -46.513 -17924
2.748 -46.7507 -26709.8
2.749 -46.971 -35429.2
2.75 -47.1756 -44072.4
2.751 -47.3655 -52629.6
2.752 -47.5418 -61091
2.753 -47.7051 -69446.9
2.754 -47.8563 -77688.1
2.755 -47.9958 -85805.5
2.756 -48.1243 -93790.8
2.757 -48.2421 -101636
2.758 -48.3499 -109334
2.759 -48.4478 -116879
2.76 -48.5363 -124263
2.761 -48.6157 -131482
2.762 -48.6861 -138531
2.763 -48.7475 -145405
2.764 -48.8002 -152101
2.765 -48.844 -158615
2.766 -48.8793 -164946
2.767 -48.9061 -171092
2.768 -48.9245 -177053
2.769 -48.9345 -182828
2.77 -48.9364 -188418
2.771 -48.9301 -193825
2.772 -48.9158 -199050
2.773 -48.8933 -204095
2.774 -48.8629 -208962
2.775 -48.8244 -213656
2.776 -48.778 -218178
2.777 -48.7235 -222534
2.778 -48.6612 -226726
2.779 -48.5908 -230760
2.78 -48.5127 -234639
2.781 -48.4265 -238368
2.782 -48.3326 -241952
2.783 -48.2306 -245395
2.784 -48.1208 -248701
2.785 -48.0029 -251876
2.786 -47.877 -254924
2.787 -47.7431 -257849
2.788 -47.6011 -260656
2.789 -47.4509 -263349
2.79 -47.2926 -265932
2.791 -47.1259 -268410
2.792 -46.9509 -270786
2.793 -46.7675 -273065
2.794 -46.5756 -275249
2.795 -46.375 -277343
2.796 -46.1657 -279350
2.797 -45.9475 -281273
2.798 -45.7205 -283115
2.799 -45.4842 -284879
2.8 -45.2388 -286569
2.801 -44.9838 -288186
2.802 -44.7194 -289734
2.803 -44.4451 -291214
2.804 -44.161 -292629
2.805 -43.8667 -293982
2.806 -43.5622 -295273
2.807 -43.247 -296506
2.808 -42.9211 -297682
2.809 -42.584 -298803
2.81 -42.2357 -299869
2.811 -41.8756 -300884
2.812 -41.5039 -301848
2.813 -41.1202 -302762
2.814 -40.7244 -303629
2.815 -40.3163 -304449
2.816 -39.8956 -305223
2.817 -39.4618 -305953
2.818 -39.0148 -306639
2.819 -38.554 -307283
2.82 -38.079 -307884
2.821 -37.5895 -308444
2.822 -37.0854 -308964
2.823 -36.5668 -309445
2.824 -36.0336 -309887
2.825 -35.4857 -310291
2.826 -34.9228 -310658
2.827 -34.3445 -310989
2.828 -33.7504 -311284
2.829 -33.1399 -311543
2.83 -32.5127 -311766
2.831 -31.868 -311955
2.832 -31.2057 -312110
2.833 -30.5257 -312231
2.834 -29.8275 -312318
2.835 -29.1104 -312371
2.836 -28.3717 -312375
2.837 -27.613 -312271
2.838 -26.8342 -311912
2.839 -26.0343 -311301
2.84 -25.2125 -310439
2.841 -24.3678 -309328
2.842 -23.4993 -307973
2.843 -22.6061 -306376
2.844 -21.6873 -304541
2.845 -20.7418 -302471
2.846 -19.7683 -300170
2.847 -18.7656 -297643
2.848 -17.7324 -294892
2.849 -16.6672 -291921
2.85 -15.5684 -288736
2.851 -14.4343 -285340
2.852 -13.2633 -281736
2.853 -12.0534 -277930
2.854 -10.8028 -273924
2.855 -9.50961 -269724
2.856 -8.17202 -265333
2.857 -6.78831 -260756
2.858 -5.35693 -255998
2.859 -3.8766 -251063
2.86 -2.34637 -245956
2.861 -0.765753 -240682
2.862 0.865175 -235246
2.863 2.54535 -229651
2.864 4.27248 -223903
2.865 6.04302 -218005
2.866 7.85215 -211964
2.867 9.69371 -205782
2.868 11.5602 -199467
2.869 13.4427 -193022
2.87 15.3313 -186454
2.871 17.2149 -179767
2.872 19.0819 -172966
2.873 20.9203 -166057
2.874 22.718 -159044
2.875 24.4636 -151932
2.876 26.1461 -144728
2.877 27.7563 -137436
2.878 29.2859 -130061
2.879 30.729 -122610
2.88 32.0811 -115087
2.881 33.3401 -107497
2.882 34.505 -99848
2.883 35.5773 -92144.3
2.884 36.5591 -84392.2
2.885 37.4544 -76597.6
2.886 38.2675 -68766.5
2.887 39.0037 -60905.1
2.888 39.6685 -53019.3
2.889 40.2678 -45115.2
2.89 40.8071 -37199.1
2.891 41.2922 -29277.1
2.892 41.728 -21355.9
2.893 42.1197 -13442
2.894 42.4715 -5542.19
2.895 42.7878 2337
2.896 43.0721 10188.9
2.897 43.3281 18007
2.898 43.5584 25784.7
2.899 43.7662 33515.5
2.9 43.9535 41193
2.901 44.1227 48810.8
2.902 44.275 56362.4
2.903 44.4125 63841.4
2.904 44.5361 71241.4
2.905 44.6471 78556.4
2.906 44.7463 85780.5
2.907 44.8348 92908.2
2.908 44.9132 99934
2.909 44.9822 106853
2.91 45.0423 113660
2.911 45.0942 120351
2.912 45.1379 126921
2.913 45.1741 133367
2.914 45.2027 139685
2.915 45.2242 145871
2.916 45.2385 151923
2.917 45.2462 157839
2.918 45.2471 163616
2.919 45.2416 169252
2.92 45.2295 174748
2.921 45.2114 180101
2.922 45.1869 185311
2.923 45.1565 190379
2.924 45.1199 195305
2.925 45.0776 200088
2.926 45.0292 204731
2.927 44.9751 209234
2.928 44.9151 213599
2.929 44.8495 217827
2.93 44.778 221922
2.931 44.7011 225884
2.932 44.6185 229716
2.933 44.5306 233422
2.934 44.437 237003
2.935 44.3383 240463
2.936 44.2342 243805
2.937 44.1249 247031
2.938 44.0102 250144
2.939 43.8905 253149
2.94 43.7654 256046
2.941 43.6354 258841
2.942 43.5001 261536
2.943 43.36 264134
2.944 43.2149 266639
2.945 43.0651 269052
2.946 42.9104 271379
2.947 42.7511 273620
2.948 42.587 275780
2.949 42.4183 277860
2.95 42.2447 279864
2.951 42.0666 281795
2.952 41.8838 283654
2.953 41.6966 285445
2.954 41.5049 287169
2.955 41.309 288830
2.956 41.1087 290429
2.957 40.9042 291969
2.958 40.6954 293452
2.959 40.4824 294879
2.96 40.265 296254
2.961 40.0434 297576
2.962 39.8175 298849
2.963 39.5875 300074
2.964 39.3533 301253
2.965 39.115 302387
2.966 38.8725 303478
2.967 38.6259 304526
2.968 38.375 305535
2.969 38.12 306504
2.97 37.8606 307435
2.971 37.597 308330
2.972 37.329 309188
2.973 37.0567 310013
2.974 36.7798 310803
2.975 36.4986 311561
2.976 36.2128 312287
2.977 35.9226 312983
2.978 35.6275 313648
2.979 35.3278 314285
2.98 35.0232 314892
2.981 34.7137 315472
2.982 34.3991 316025
2.983 34.0795 316552
2.984 33.7546 317052
2.985 33.4246 317528
2.986 33.089 317978
2.987 32.748 318405
2.988 32.4014 318807
2.989 32.049 319187
2.99 31.6906 319543
2.991 31.3262 319877
2.992 30.9555 320189
2.993 30.5784 320480
2.994 30.1947 320748
2.995 29.8043 320996
2.996 29.4068 321223
2.997 29.0022 321430
2.998 28.59 321616
2.999 28.1703 321782
3 27.7427 321928
3.001 27.3068 322054
3.002 26.8625 322161
3.003 26.4093 322248
3.004 25.9469 322316
3.005 25.475 322364
3.006 24.9927 322390
3.007 24.4983 322377
3.008 23.9931 322300
3.009 23.4772 322093
3.01 22.9496 321752
3.011 22.41 321279
3.012 21.8578 320673
3.013 21.2924 319935
3.014 20.7131 319064
3.015 20.1193 318060
3.016 19.5103 316925
3.017 18.8855 315657
3.018 18.244 314258
3.019 17.5852 312726
3.02 16.9081 311064
3.021 16.212 309271
3.022 15.4959 307346
3.023 14.7588 305291
3.024 13.9995 303105
3.025 13.217 300788
3.026 12.4102 298341
3.027 11.5778 295763
3.028 10.7187 293056
3.029 9.83169 290219
3.03 8.91547 287253
3.031 7.96883 284158
3.032 6.99049 280935
3.033 5.97921 277585
3.034 4.9338 274107
3.035 3.85316 270503
3.036 2.7363 266773
3.037 1.58244 262918
3.038 0.391016 258939
3.039 -0.838191 254838
3.04 -2.1049 250614
3.041 -3.40827 246269
3.042 -4.74684 241805
3.043 -6.11854 237224
3.044 -7.52068 232526
3.045 -8.94986 227715
3.046 -10.402 222791
3.047 -11.8725 217758
3.048 -13.3557 212616
3.049 -14.8458 207369
3.05 -16.3362 202018
3.051 -17.8199 196566
3.052 -19.2897 191015
3.053 -20.7383 185369
3.054 -22.1583 179630
3.055 -23.5429 173802
3.056 -24.8856 167886
3.057 -26.1805 161887
3.058 -27.4228 155808
3.059 -28.6084 149650
3.06 -29.7341 143419
3.061 -30.7979 137117
3.062 -31.7988 130747
3.063 -32.7363 124313
3.064 -33.6114 117818
3.065 -34.4251 111267
3.066 -35.1799 104662
3.067 -35.8779 98007.9
3.068 -36.5223 91307.8
3.069 -37.1161 84565.5
3.07 -37.6629 77784.9
3.071 -38.1657 70969.7
3.072 -38.6282 64123.9
3.073 -39.0535 57251.4
3.074 -39.445 50356.2
3.075 -39.8054 43442.3
3.076 -40.1378 36513.7
3.077 -40.4446 29574.6
3.078 -40.7285 22629.2
3.079 -40.9915 15681.5
3.08 -41.2358 8735.89
3.081 -41.4631 1796.52
3.082 -41.6752 -5132.33
3.083 -41.8734 -12046.4
3.084 -42.0593 -18941.3
3.085 -42.2337 -25812.9
3.086 -42.398 -32656.7
3.087 -42.5529 -39468.6
3.088 -42.6995 -46244.2
3.089 -42.8382 -52979.2
3.09 -42.9699 -59669.4
3.091 -43.095 -66310.6
3.092 -43.2143 -72898.8
3.093 -43.3278 -79429.8
3.094 -43.4364 -85899.7
3.095 -43.5401 -92304.7
3.096 -43.6396 -98641
3.097 -43.7347 -104905
3.098 -43.8261 -111093
3.099 -43.9136 -117202
3.1 -43.9979 -123228
3.101 -44.0787 -129168
3.102 -44.1566 -135020
3.103 -44.2314 -140780
3.104 -44.3036 -146447
3.105 -44.3729 -152017
3.106 -44.4399 -157489
3.107 -44.5043 -162861
3.108 -44.5665 -168131
3.109 -44.6264 -173297
3.11 -44.6843 -178359
3.111 -44.7399 -183316
3.112 -44.7939 -188166
3.113 -44.8458 -192909
3.114 -44.8962 -197546
3.115 -44.9448 -202075
3.116 -44.9921 -206498
3.117 -45.0377 -210814
3.118 -45.0821 -215024
3.119 -45.125 -219129
3.12 -45.1669 -223130
3.121 -45.2074 -227029
3.122 -45.2469 -230825
3.123 -45.2851 -234520
3.124 -45.3223 -238117
3.125 -45.3582 -241616
3.126 -45.3932 -245020
3.127 -45.427 -248330
3.128 -45.4599 -251548
3.129 -45.4917 -254675
3.13 -45.5227 -257715
3.131 -45.5526 -260669
3.132 -45.5816 -263539
3.133 -45.6094 -266328
3.134 -45.6363 -269036
3.135 -45.6619 -271667
3.136 -45.6866 -274223
3.137 -45.7098 -276705
3.138 -45.7322 -279115
3.139 -45.7532 -281457
3.14 -45.7732 -283732
3.141 -45.7919 -285941
3.142 -45.8097 -288088
3.143 -45.8261 -290174
3.144 -45.8415 -292200
3.145 -45.8556 -294170
3.146 -45.8687 -296084
3.147 -45.8804 -297945
3.148 -45.8912 -299754
3.149 -45.9006 -301513
3.15 -45.9091 -303224
3.151 -45.9162 -304888
3.152 -45.9225 -306508
3.153 -45.9273 -308084
3.154 -45.9312 -309618
3.155 -45.9337 -311111
3.156 -45.9352 -312566
3.157 -45.9353 -313982
3.158 -45.9344 -315362
3.159 -45.9321 -316707
3.16 -45.9288 -318018
3.161 -45.9241 -319296
3.162 -45.9183 -320542
3.163 -45.9111 -321757
3.164 -45.9027 -322944
3.165 -45.8928 -324101
3.166 -45.8817 -325231
3.167 -45.8691 -326334
3.168 -45.8552 -327412
3.169 -45.8398 -328464
3.17 -45.8231 -329493
3.171 -45.8048 -330499
3.172 -45.7852 -331482
3.173 -45.7637 -332443
3.174 -45.7408 -333384
3.175 -45.7158 -334304
3.176 -45.6892 -335204
3.177 -45.6605 -336086
3.178 -45.6301 -336949
3.179 -45.5976 -337795
3.18 -45.5633 -338623
3.181 -45.5268 -339434
3.182 -45.4882 -340230
3.183 -45.4471 -341009
3.184 -45.4037 -341774
3.185 -45.3574 -342523
3.186 -45.3086 -343258
3.187 -45.2568 -343978
3.188 -45.2022 -344685
3.189 -45.1445 -345379
3.19 -45.0839 -346059
3.191 -45.0201 -346727
3.192 -44.953 -347382
3.193 -44.8822 -348024
3.194 -44.8077 -348655
3.195 -44.729 -349274
3.196 -44.6463 -349881
3.197 -44.5591 -350476
3.198 -44.4676 -351060
3.199 -44.3714 -351633
3.2 -44.2707 -352195
3.201 -44.165 -352746
3.202 -44.0545 -353286
3.203 -43.9386 -353815
3.204 -43.8175 -354334
3.205 -43.6907 -354843
3.206 -43.5582 -355340
3.207 -43.4197 -355828
3.208 -43.2753 -356305
3.209 -43.1246 -356772
3.21 -42.9677 -357228
3.211 -42.8042 -357675
3.212 -42.6343 -358111
3.213 -42.4576 -358538
3.214 -42.2742 -358954
3.215 -42.0836 -359360
3.216 -41.886 -359757
3.217 -41.6811 -360143
3.218 -41.4688 -360519
3.219 -41.2489 -360886
3.22 -41.0213 -361242
3.221 -40.7857 -361589
3.222 -40.5424 -361926
3.223 -40.2909 -362252
3.224 -40.0315 -362569
3.225 -39.7637 -362876
3.226 -39.4878 -363174
3.227 -39.2033 -363461
3.228 -38.9103 -363739
3.229 -38.6084 -364007
3.23 -38.2977 -364264
3.231 -37.9776 -364512
3.232 -37.6485 -364751
3.233 -37.31 -364979
3.234 -36.9623 -365198
3.235 -36.6049 -365406
3.236 -36.2381 -365605
3.237 -35.8614 -365794
3.238 -35.4747 -365974
3.239 -35.0776 -366143
3.24 -34.6701 -366303
3.241 -34.2516 -366453
3.242 -33.8224 -366593
3.243 -33.382 -366723
3.244 -32.9305 -366844
3.245 -32.4676 -366955
3.246 -31.9932 -367056
3.247 -31.5067 -367147
3.248 -31.0079 -367228
3.249 -30.4962 -367300
3.25 -29.9714 -367361
3.251 -29.4328 -367411
3.252 -28.8802 -367451
3.253 -28.3133 -367480
3.254 -27.7315 -367496
3.255 -27.1342 -367497
3.256 -26.5188 -367462
3.257 -25.8879 -367366
3.258 -25.2416 -367081
3.259 -24.5787 -366606
3.26 -23.8989 -365941
3.261 -23.2012 -365089
3.262 -22.4853 -364052
3.263 -21.7505 -362830
3.264 -20.9965 -361427
3.265 -20.2224 -359846
3.266 -19.4276 -358088
3.267 -18.6113 -356156
3.268 -17.7728 -354053
3.269 -16.911 -351782
3.27 -16.0252 -349345
3.271 -15.1142 -346746
3.272 -14.1773 -343987
3.273 -13.2134 -341072
3.274 -12.2215 -338004
3.275 -11.2007 -334788
3.276 -10.1499 -331427
3.277 -9.06816 -327924
3.278 -7.95444 -324284
3.279 -6.80785 -320510
3.28 -5.62758 -316606
3.281 -4.41292 -312577
3.282 -3.16331 -308426
3.283 -1.87839 -304157
3.284 -0.55817 -299775
3.285 0.796918 -295283
3.286 2.18579 -290685
3.287 3.60663 -285985
3.288 5.05696 -281188
3.289 6.53356 -276299
3.29 8.03249 -271320
3.291 9.54912 -266257
3.292 11.0782 -261115
3.293 12.6138 -255895
3.294 14.1494 -250603
3.295 15.6781 -245243
3.296 17.1924 -239819
3.297 18.6848 -234334
3.298 20.1478 -228793
3.299 21.574 -223199
3.3 22.9564 -217557
3.301 24.2888 -211871
3.302 25.5656 -206144
3.303 26.7824 -200379
3.304 27.9355 -194582
3.305 29.0224 -188754
3.306 30.0416 -182899
3.307 30.9927 -177021
3.308 31.876 -171123
3.309 32.6928 -165209
3.31 33.4449 -159282
3.311 34.1351 -153344
3.312 34.7661 -147400
3.313 35.3415 -141451
3.314 35.8645 -135502
3.315 36.339 -129554
3.316 36.7684 -123611
3.317 37.1565 -117676
3.318 37.5064 -111751
3.319 37.8218 -105838
3.32 38.1054 -99942
3.321 38.3605 -94064
3.322 38.5893 -88207.1
3.323 38.7946 -82373.8
3.324 38.9784 -76566.9
3.325 39.1429 -70788.9
3.326 39.2896 -65042.2
3.327 39.4206 -59329.4
3.328 39.537 -53652.8
3.329 39.6404 -48014.7
3.33 39.7317 -42417.5
3.331 39.8122 -36863.3
3.332 39.8824 -31354.8
3.333 39.9434 -25894.5
3.334 39.9952 -20484.8
3.335 40.0389 -15128.1
3.336 40.0745 -9826.71
3.337 40.1029 -4582.75
3.338 40.1239 601.716
3.339 40.1384 5724.73
3.34 40.1463 10784.4
3.341 40.148 15779
3.342 40.1435 20706.3
3.343 40.133 25564.5
3.344 40.1162 30351.5
3.345 40.0935 35065.7
3.346 40.0646 39705.5
3.347 40.0299 44269.3
3.348 39.9891 48755.9
3.349 39.9425 53164
3.35 39.8897 57492.5
3.351 39.8313 61740.5
3.352 39.7667 65906.9
3.353 39.6963 69990.9
3.354 39.6197 73991.8
3.355 39.5372 77908.8
3.356 39.4484 81741.5
3.357 39.3537 85489.4
3.358 39.2526 89152.3
3.359 39.1454 92729.9
3.36 39.0318 96222.2
3.361 38.9121 99629.2
3.362 38.7859 102951
3.363 38.6536 106188
3.364 38.5148 109340
3.365 38.3697 112407
3.366 38.218 115391
3.367 38.0601 118291
3.368 37.8954 121108
3.369 37.7244 123842
3.37 37.5466 126494
3.371 37.3623 129065
3.372 37.1711 131556
3.373 36.9734 133967
3.374 36.7689 136299
3.375 36.5577 138553
3.376 36.3396 140729
3.377 36.1149 142829
3.378 35.883 144854
3.379 35.6444 146803
3.38 35.3985 148679
3.381 35.1455 150482
3.382 34.8853 152212
3.383 34.6179 153871
3.384 34.3431 155459
3.385 34.0611 156978
3.386 33.7715 158427
3.387 33.4744 159809
3.388 33.1695 161123
3.389 32.8568 162371
3.39 32.5361 163552
3.391 32.2073 164669
3.392 31.8703 165720
3.393 31.525 166708
3.394 31.1713 167632
3.395 30.8092 168494
3.396 30.4384 169294
3.397 30.0589 170033
3.398 29.6703 170711
3.399 29.2726 171328
3.4 28.8653 171885
3.401 28.4485 172383
3.402 28.0219 172821
3.403 27.5855 173201
3.404 27.139 173523
3.405 26.6824 173787
3.406 26.2153 173994
3.407 25.7377 174144
3.408 25.2492 174237
3.409 24.7491 174271
3.41 24.2361 174215
3.411 23.7121 174024
3.412 23.176 173696
3.413 22.6278 173231
3.414 22.0671 172632
3.415 21.4939 171899
3.416 20.9078 171035
3.417 20.3085 170039
3.418 19.6956 168916
3.419 19.0689 167664
3.42 18.4278 166287
3.421 17.7721 164787
3.422 17.1014 163165
3.423 16.4154 161423
3.424 15.7137 159565
3.425 14.9962 157593
3.426 14.2622 155508
3.427 13.5115 153315
3.428 12.7436 151015
3.429 11.9581 148610
3.43 11.1546 146104
3.431 10.3326 143500
3.432 9.49181 140800
3.433 8.63184 138007
3.434 7.75235 135124
3.435 6.85308 132154
3.436 5.93377 129100
3.437 4.99428 125966
3.438 4.03451 122755
3.439 3.05451 119469
3.44 2.05444 116112
3.441 1.03463 112687
3.442 -0.00444039 109198
3.443 -1.06202 105647
3.444 -2.13703 102037
3.445 -3.22807 98371.8
3.446 -4.33341 94654.7
3.447 -5.45103 90888.7
3.448 -6.57858 87077.1
3.449 -7.71342 83223.2
3.45 -8.85261 79330.2
3.451 -9.99298 75401.3
3.452 -11.1312 71439.2
3.453 -12.2639 67446.8
3.454 -13.3874 63426.6
3.455 -14.4979 59381.4
3.456 -15.5917 55313.7
3.457 -16.665 51226.4
3.458 -17.7142 47122
3.459 -18.7356 43003.2
3.46 -19.7262 38872.7
3.461 -20.6827 34733
3.462 -21.6028 30586.1
3.463 -22.4842 26434
3.464 -23.3253 22278.6
3.465 -24.1247 18121.7
3.466 -24.8815 13965.2
3.467 -25.595 9810.92
3.468 -26.2655 5660.67
3.469 -26.8928 1516.21
3.47 -27.4777 -2620.74
3.471 -28.021 -6748.6
3.472 -28.5241 -10866.1
3.473 -28.9883 -14972.3
3.474 -29.4153 -19066
3.475 -29.8068 -23146.2
3.476 -30.1647 -27212
3.477 -30.4907 -31262.5
3.478 -30.7869 -35296.5
3.479 -31.0549 -39313.4
3.48 -31.2968 -43312.1
3.481 -31.5142 -47291.9
3.482 -31.7091 -51252.5
3.483 -31.8831 -55193.5
3.484 -32.0381 -59114.9
3.485 -32.1755 -63016.2
3.486 -32.2971 -66897.5
3.487 -32.404 -70758.4
3.488 -32.4978 -74598.8
3.489 -32.5793 -78418.6
3.49 -32.65 -82217.6
3.491 -32.7106 -85995.8
3.492 -32.7626 -89753.3
3.493 -32.8065 -93490.5
3.494 -32.8436 -97207.6
3.495 -32.8743 -100905
3.496 -32.8998 -104583
3.497 -32.9205 -108242
3.498 -32.9371 -111882
3.499 -32.9501 -115504
3.5 -32.9602 -119107
3.501 -32.9676 -122692
3.502 -32.9729 -126260
3.503 -32.976 -129809
3.504 -32.9776 -133340
3.505 -32.9776 -136853
3.506 -32.9765 -140348
3.507 -32.9742 -143824
3.508 -32.9712 -147282
3.509 -32.9673 -150721
3.51 -32.9631 -154142
3.511 -32.9582 -157544
3.512 -32.9528 -160926
3.513 -32.9466 -164287
3.514 -32.9395 -167627
3.515 -32.9313 -170943
3.516 -32.9221 -174236
3.517 -32.9115 -177505
3.518 -32.8997 -180747
3.519 -32.8864 -183963
3.52 -32.8717 -187152
3.521 -32.8552 -190311
3.522 -32.8368 -193441
3.523 -32.816 -196539
3.524 -32.7927 -199603
3.525 -32.7663 -202631
3.526 -32.7368 -205622
3.527 -32.7036 -208574
3.528 -32.6669 -211486
3.529 -32.6262 -214357
3.53 -32.5816 -217184
3.531 -32.5325 -219967
3.532 -32.479 -222703
3.533 -32.4202 -225391
3.534 -32.3563 -228028
3.535 -32.2866 -230614
3.536 -32.211 -233146
3.537 -32.1291 -235623
3.538 -32.0408 -238043
3.539 -31.9457 -240406
3.54 -31.8439 -242710
3.541 -31.7347 -244953
3.542 -31.6184 -247135
3.543 -31.4942 -249254
3.544 -31.3622 -251309
3.545 -31.2219 -253298
3.546 -31.0733 -255222
3.547 -30.9159 -257079
3.548 -30.7498 -258867
3.549 -30.5744 -260587
3.55 -30.3898 -262238
3.551 -30.1955 -263819
3.552 -29.9916 -265329
3.553 -29.7778 -266769
3.554 -29.554 -268137
3.555 -29.3199 -269433
3.556 -29.0755 -270657
3.557 -28.8204 -271809
3.558 -28.5545 -272889
3.559 -28.2774 -273895
3.56 -27.9891 -274827
3.561 -27.6892 -275686
3.562 -27.3776 -276471
3.563 -27.054 -277182
3.564 -26.7184 -277819
3.565 -26.3704 -278381
3.566 -26.0099 -278869
3.567 -25.6364 -279281
3.568 -25.2499 -279617
3.569 -24.8498 -279878
3.57 -24.4358 -280061
3.571 -24.0075 -280167
3.572 -23.5641 -280191
3.573 -23.1057 -280105
3.574 -22.6321 -279885
3.575 -22.1426 -279531
3.576 -21.6369 -279043
3.577 -21.1144 -278419
3.578 -20.5747 -277658
3.579 -20.0171 -276759
3.58 -19.441 -275723
3.581 -18.8457 -274548
3.582 -18.2306 -273234
3.583 -17.595 -271781
3.584 -16.9383 -270190
3.585 -16.2597 -268460
3.586 -15.5584 -266591
3.587 -14.8335 -264583
3.588 -14.0841 -262438
3.589 -13.3091 -260155
3.59 -12.5077 -257734
3.591 -11.6787 -255177
3.592 -10.8211 -252484
3.593 -9.93373 -249655
3.594 -9.01551 -246693
3.595 -8.06528 -243597
3.596 -7.08194 -240369
3.597 -6.06435 -237011
3.598 -5.01148 -233523
3.599 -3.92233 -229906
3.6 -2.79607 -226163
3.601 -1.63204 -222296
3.602 -0.429828 -218304
3.603 0.810595 -214192
3.604 2.08877 -209961
3.605 3.40368 -205612
3.606 4.75371 -201148
3.607 6.13666 -196572
3.608 7.54966 -191885
3.609 8.98921 -187091
3.61 10.451 -182192
3.611 11.9303 -177191
3.612 13.4213 -172091
3.613 14.9179 -166894
3.614 16.4134 -161603
3.615 17.9007 -156223
3.616 19.3724 -150756
3.617 20.8213 -145205
3.618 22.24 -139573
3.619 23.6218 -133865
3.62 24.9601 -128084
3.621 26.2495 -122233
3.622 27.4848 -116315
3.623 28.6622 -110335
3.624 29.7787 -104297
3.625 30.8325 -98204.4
3.626 31.8223 -92060.9
3.627 32.7485 -85870.4
3.628 33.6115 -79637.1
3.629 34.4133 -73364.8
3.63 35.1557 -67057.6
3.631 35.8416 -60719.5
3.632 36.4737 -54354.7
3.633 37.0555 -47967.5
3.634 37.59 -41562.1
3.635 38.081 -35143
3.636 38.5314 -28714.3
3.637 38.945 -22280.4
3.638 39.3245 -15845.6
3.639 39.6733 -9414.24
3.64 39.9938 -2990.68
3.641 40.2891 3420.83
3.642 40.5612 9816.06
3.643 40.8127 16190.8
3.644 41.0453 22540.9
3.645 41.2613 28862.3
3.646 41.4619 35150.8
3.647 41.6489 41402.3
3.648 41.8234 47613
3.649 41.9868 53778.8
3.65 42.14 59895.9
3.651 42.2842 65960.7
3.652 42.4199 71969.6
3.653 42.5484 77919.3
3.654 42.67 83806.8
3.655 42.7857 89628.8
3.656 42.8957 95382.4
3.657 43.0009 101065
3.658 43.1014 106673
3.659 43.1978 112205
3.66 43.2903 117659
3.661 43.3794 123031
3.662 43.4652 128320
3.663 43.5484 133525
3.664 43.6289 138644
3.665 43.7073 143676
3.666 43.7835 148619
3.667 43.8582 153473
3.668 43.9309 158237
3.669 44.0025 162910
3.67 44.0724 167491
3.671 44.1415 171982
3.672 44.2093 176380
3.673 44.2765 180688
3.674 44.3428 184904
3.675 44.4089 189030
3.676 44.4744 193066
3.677 44.5398 197013
3.678 44.6048 200871
3.679 44.6699 204642
3.68 44.7348 208326
3.681 44.8 211925
3.682 44.865 215439
3.683 44.9302 218871
3.684 44.9953 222221
3.685 45.0605 225490
3.686 45.1256 228681
3.687 45.1909 231794
3.688 45.256 234831
3.689 45.3213 237794
3.69 45.3865 240683
3.691 45.452 243502
3.692 45.5169 246251
3.693 45.5815 248932
3.694 45.6451 251545
3.695 45.708 254093
3.696 45.7695 256577
3.697 45.83 258999
3.698 45.889 261359
3.699 45.9468 263660
3.7 46.003 265903
3.701 46.0578 268090
3.702 46.1105 270222
3.703 46.1612 272300
3.704 46.2092 274325
3.705 46.2548 276299
3.706 46.2973 278224
3.707 46.3371 280099
3.708 46.3735 281928
3.709 46.4071 283711
3.71 46.4371 285449
3.711 46.4641 287143
3.712 46.4873 288796
3.713 46.507 290407
3.714 46.5225 291978
3.715 46.5341 293510
3.716 46.5413 295004
3.717 46.5443 296461
3.718 46.5428 297882
3.719 46.537 299268
3.72 46.5265 300621
3.721 46.5118 301940
3.722 46.4921 303227
3.723 46.4679 304483
3.724 46.4386 305709
3.725 46.4046 306905
3.726 46.3653 308072
3.727 46.3212 309211
3.728 46.2717 310322
3.729 46.2173 311407
3.73 46.1575 312466
3.731 46.0928 313499
3.732 46.0225 314508
3.733 45.9472 315493
3.734 45.8664 316455
3.735 45.7805 317393
3.736 45.6891 318309
3.737 45.5925 319204
3.738 45.4903 320077
3.739 45.3829 320929
3.74 45.2698 321761
3.741 45.1515 322573
3.742 45.0274 323366
3.743 44.8981 324139
3.744 44.763 324894
3.745 44.6228 325631
3.746 44.4768 326349
3.747 44.3255 327051
3.748 44.1684 327735
3.749 44.0059 328402
3.75 43.8375 329052
3.751 43.6637 329686
3.752 43.4839 330304
3.753 43.2988 330907
3.754 43.1078 331494
3.755 42.9115 332065
3.756 42.7093 332622
3.757 42.5017 333164
3.758 42.2882 333692
3.759 42.0691 334205
3.76 41.8441 334704
3.761 41.6133 335189
3.762 41.3766 335661
3.763 41.1345 336119
3.764 40.8866 336563
3.765 40.6334 336995
3.766 40.3745 337413
3.767 40.1102 337819
3.768 39.8402 338213
3.769 39.5647 338593
3.77 39.2834 338962
3.771 38.9966 339318
3.772 38.7041 339663
3.773 38.4065 339996
3.774 38.1035 340317
3.775 37.7958 340627
3.776 37.4829 340925
3.777 37.1652 341213
3.778 36.8426 341489
3.779 36.5152 341755
3.78 36.1827 342010
3.781 35.8455 342255
3.782 35.5035 342490
3.783 35.1571 342714
3.784 34.8063 342929
3.785 34.4514 343133
3.786 34.0923 343329
3.787 33.7292 343515
3.788 33.3621 343691
3.789 32.9911 343859
3.79 32.6161 344018
3.791 32.2373 344167
3.792 31.8546 344309
3.793 31.4683 344442
3.794 31.0784 344566
3.795 30.6852 344683
3.796 30.2886 344791
3.797 29.8887 344892
3.798 29.4856 344986
3.799 29.0793 345071
3.8 28.6697 345150
3.801 28.2571 345221
3.802 27.8412 345286
3.803 27.4222 345343
3.804 27 345393
3.805 26.5749 345437
3.806 26.1466 345473
3.807 25.7153 345503
3.808 25.2807 345525
3.809 24.843 345540
3.81 24.4019 345546
3.811 23.9563 345536
3.812 23.5067 345500
3.813 23.0546 345425
3.814 22.5999 345263
3.815 22.1424 345014
3.816 21.6818 344681
3.817 21.2184 344267
3.818 20.7519 343773
3.819 20.2825 343202
3.82 19.8101 342557
3.821 19.3347 341839
3.822 18.8563 341051
3.823 18.3749 340196
3.824 17.8902 339275
3.825 17.4026 338290
3.826 16.9117 337245
3.827 16.4177 336141
3.828 15.9205 334980
3.829 15.4202 333765
3.83 14.9168 332499
3.831 14.4102 331183
3.832 13.9006 329820
3.833 13.3877 328412
3.834 12.8717 326961
3.835 12.3525 325469
3.836 11.8301 323938
3.837 11.3046 322371
3.838 10.7759 320769
3.839 10.2441 319135
3.84 9.70939 317470
3.841 9.17168 315778
3.842 8.631 314059
3.843 8.08732 312315
3.844 7.54061 310549
3.845 6.9909 308761
3.846 6.4382 306953
3.847 5.88259 305128
3.848 5.32414 303286
3.849 4.76296 301429
3.85 4.19918 299559
3.851 3.63291 297677
3.852 3.06413 295785
3.853 2.49279 293883
3.854 1.91888 291972
3.855 1.34242 290052
3.856 0.763468 288124
3.857 0.182148 286190
3.858 -0.401384 284249
3.859 -0.986907 282302
3.86 -1.57414 280350
3.861 -2.16283 278394
3.862 -2.75282 276434
3.863 -3.34396 274469
3.864 -3.93608 272500
3.865 -4.52894 270525
3.866 -5.12228 268545
3.867 -5.71579 266560
3.868 -6.30911 264569
3.869 -6.90185 262572
3.87 -7.49359 260569
3.871 -8.08388 258560
3.872 -8.67234 256544
3.873 -9.25852 254521
3.874 -9.84202 252490
3.875 -10.4223 250450
3.876 -10.9991 248402
3.877 -11.5716 246344
3.878 -12.1395 244277
3.879 -12.7023 242198
3.88 -13.2594 240109
3.881 -13.8104 238009
3.882 -14.3546 235896
3.883 -14.8916 233771
3.884 -15.4209 231633
3.885 -15.942 229482
3.886 -16.4545 227318
3.887 -16.9578 225139
3.888 -17.4518 222946
3.889 -17.936 220738
3.89 -18.4101 218515
3.891 -18.8737 216276
3.892 -19.3268 214022
3.893 -19.7689 211751
3.894 -20.2001 209463
3.895 -20.62 207159
3.896 -21.0287 204838
3.897 -21.426 202499
3.898 -21.8121 200143
3.899 -22.1869 197769
3.9 -22.5505 195377
3.901 -22.9031 192967
3.902 -23.2448 190539
3.903 -23.5757 188092
3.904 -23.8961 185626
3.905 -24.206 183142
3.906 -24.5059 180638
3.907 -24.7959 178116
3.908 -25.0764 175574
3.909 -25.3475 173013
3.91 -25.6098 170432
3.911 -25.8634 167832
3.912 -26.1087 165213
3.913 -26.3459 162574
3.914 -26.5755 159915
3.915 -26.7976 157237
3.916 -27.0127 154540
3.917 -27.221 151822
3.918 -27.423 149086
3.919 -27.6187 146330
3.92 -27.8087 143554
3.921 -27.993 140759
3.922 -28.1721 137945
3.923 -28.346 135112
3.924 -28.5152 132261
3.925 -28.6795 129391
3.926 -28.8394 126504
3.927 -28.9949 123599
3.928 -29.1464 120677
3.929 -29.2939 117737
3.93 -29.4377 114782
3.931 -29.5778 111810
3.932 -29.7144 108822
3.933 -29.8474 105820
3.934 -29.977 102804
3.935 -30.1031 99774.7
3.936 -30.2259 96732.8
3.937 -30.3452 93679.2
3.938 -30.4615 90614.7
3.939 -30.5743 87539.8
3.94 -30.6842 84455.5
3.941 -30.7907 81362.5
3.942 -30.8942 78261.9
3.943 -30.9944 75154.7
3.944 -31.0914 72041.9
3.945 -31.185 68924.8
3.946 -31.2754 65804.4
3.947 -31.3623 62681.6
3.948 -31.446 59557.7
3.949 -31.5262 56433.6
3.95 -31.6032 53310.3
3.951 -31.6766 50188.9
3.952 -31.7468 47070.7
3.953 -31.8133 43956.9
3.954 -31.8764 40848.7
3.955 -31.9358 37747.3
3.956 -31.9916 34653.9
3.957 -32.0437 31569.7
3.958 -32.0921 28495.8
3.959 -32.1367 25433.5
3.96 -32.1777 22383.7
3.961 -32.2148 19347.7
3.962 -32.2482 16326.8
3.963 -32.2775 13322.4
3.964 -32.3028 10335.7
3.965 -32.324 7368.07
3.966 -32.341 4420.78
3.967 -32.3537 1495.05
3.968 -32.3622 -1407.92
3.969 -32.3662 -4286.97
3.97 -32.366 -7140.97
3.971 -32.3613 -9968.74
3.972 -32.3522 -12769.1
3.973 -32.3384 -15540.7
3.974 -32.32 -18282.3
3.975 -32.2968 -20992.9
3.976 -32.2688 -23671.3
3.977 -32.2359 -26316.3
3.978 -32.1982 -28927
3.979 -32.1554 -31502.3
3.98 -32.1077 -34041.2
3.981 -32.0549 -36542.8
3.982 -31.9971 -39006.2
3.983 -31.9341 -41430.6
3.984 -31.8661 -43815.1
3.985 -31.7929 -46159
3.986 -31.7146 -48461.4
3.987 -31.6311 -50721.8
3.988 -31.5424 -52939.4
3.989 -31.4485 -55113.5
3.99 -31.3493 -57243.6
3.991 -31.2449 -59329.1
3.992 -31.1354 -61369.8
3.993 -31.0208 -63365.4
3.994 -30.9013 -65316
3.995 -30.7769 -67221.2
3.996 -30.6478 -69081.1
3.997 -30.5139 -70895.5
3.998 -30.3755 -72664.3
3.999 -30.2324 -74387.4
4 -30.0848 -76064.8
4.001 -29.9326 -77696.5
4.002 -29.7764 -79283.2
4.003 -29.616 -80825.3
4.004 -29.452 -82323.5
4.005 -29.2845 -83778.4
4.006 -29.1138 -85190.6
4.007 -28.9399 -86560.8
4.008 -28.7631 -87889.6
4.009 -28.5836 -89177.4
4.01 -28.4014 -90425
4.011 -28.2168 -91633
4.012 -28.0301 -92802.5
4.013 -27.8416 -93934.6
4.014 -27.6517 -95030.5
4.015 -27.4605 -96091.2
4.016 -27.2686 -97118
4.017 -27.0759 -98111.9
4.018 -26.883 -99073.9
4.019 -26.6899 -100005
4.02 -26.4969 -100907
4.021 -26.3042 -101780
4.022 -26.1121 -102625
4.023 -25.9208 -103445
4.024 -25.7307 -104239
4.025 -25.5418 -105010
4.026 -25.3546 -105757
4.027 -25.1691 -106483
4.028 -24.9857 -107189
4.029 -24.8045 -107876
4.03 -24.6257 -108544
4.031 -24.4496 -109195
4.032 -24.2762 -109830
4.033 -24.1055 -110449
4.034 -23.9378 -111054
4.035 -23.773 -111646
4.036 -23.6114 -112224
4.037 -23.4528 -112790
4.038 -23.2976 -113345
4.039 -23.1457 -113890
4.04 -22.9973 -114424
4.041 -22.8523 -114950
4.042 -22.7109 -115468
4.043 -22.5729 -115977
4.044 -22.4383 -116479
4.045 -22.307 -116974
4.046 -22.1792 -117462
4.047 -22.0546 -117943
4.048 -21.9333 -118419
4.049 -21.8154 -118890
4.05 -21.7007 -119356
4.051 -21.5893 -119817
4.052 -21.4812 -120274
4.053 -21.3761 -120726
4.054 -21.2742 -121175
4.055 -21.1752 -121621
4.056 -21.0792 -122063
4.057 -20.9861 -122502
4.058 -20.896 -122938
4.059 -20.8086 -123372
4.06 -20.724 -123803
4.061 -20.6422 -124232
4.062 -20.5632 -124659
4.063 -20.487 -125085
4.064 -20.4135 -125509
4.065 -20.3428 -125932
4.066 -20.2749 -126355
4.067 -20.2097 -126777
4.068 -20.1474 -127198
4.069 -20.0878 -127620
4.07 -20.0311 -128042
4.071 -19.9772 -128464
4.072 -19.9262 -128887
4.073 -19.8782 -129312
4.074 -19.8333 -129738
4.075 -19.7915 -130166
4.076 -19.7529 -130597
4.077 -19.7176 -131030
4.078 -19.6857 -131466
4.079 -19.6571 -131906
4.08 -19.632 -132349
4.081 -19.6105 -132797
4.082 -19.5926 -133249
4.083 -19.5785 -133706
4.084 -19.5684 -134169
4.085 -19.5622 -134637
4.086 -19.5603 -135112
4.087 -19.5626 -135594
4.088 -19.5692 -136084
4.089 -19.5803 -136581
4.09 -19.596 -137086
4.091 -19.6162 -137600
4.092 -19.6412 -138123
4.093 -19.6708 -138655
4.094 -19.7051 -139197
4.095 -19.7442 -139748
4.096 -19.788 -140310
4.097 -19.8365 -140882
4.098 -19.8898 -141465
4.099 -19.9478 -142058
4.1 -20.0107 -142663
4.101 -20.0781 -143279
4.102 -20.1502 -143907
4.103 -20.2266 -144545
4.104 -20.3072 -145195
4.105 -20.3918 -145857
4.106 -20.4802 -146529
4.107 -20.5723 -147212
4.108 -20.6679 -147906
4.109 -20.7668 -148611
4.11 -20.8689 -149326
4.111 -20.9738 -150052
4.112 -21.0816 -150788
4.113 -21.1918 -151534
4.114 -21.3042 -152289
4.115 -21.4186 -153055
4.116 -21.5348 -153829
4.117 -21.6525 -154612
4.118 -21.7715 -155403
4.119 -21.8916 -156203
4.12 -22.0126 -157011
4.121 -22.1343 -157826
4.122 -22.2566 -158649
4.123 -22.3791 -159479
4.124 -22.502 -160315
4.125 -22.6249 -161159
4.126 -22.7478 -162009
4.127 -22.8704 -162865
4.128 -22.9928 -163727
4.129 -23.1147 -164595
4.13 -23.236 -165469
4.131 -23.3567 -166347
4.132 -23.4768 -167231
4.133 -23.5963 -168121
4.134 -23.7154 -169015
4.135 -23.8339 -169915
4.136 -23.9521 -170820
4.137 -24.0699 -171731
4.138 -24.1875 -172646
4.139 -24.3047 -173568
4.14 -24.4217 -174494
4.141 -24.5385 -175426
4.142 -24.6554 -176364
4.143 -24.7726 -177307
4.144 -24.8903 -178257
4.145 -25.0087 -179213
4.146 -25.1282 -180177
4.147 -25.2487 -181147
4.148 -25.3706 -182125
4.149 -25.4938 -183111
4.15 -25.6188 -184105
4.151 -25.7454 -185107
4.152 -25.8741 -186117
4.153 -26.0049 -187137
4.154 -26.1381 -188166
4.155 -26.2738 -189204
4.156 -26.4122 -190252
4.157 -26.5535 -191311
4.158 -26.6978 -192380
4.159 -26.845 -193460
4.16 -26.9956 -194550
4.161 -27.1492 -195652
4.162 -27.3063 -196766
4.163 -27.4664 -197890
4.164 -27.6299 -199026
4.165 -27.7965 -200174
4.166 -27.9664 -201333
4.167 -28.1393 -202504
4.168 -28.3154 -203686
4.169 -28.4945 -204880
4.17 -28.6767 -206085
4.171 -28.8616 -207302
4.172 -29.0493 -208531
4.173 -29.2394 -209770
4.174 -29.4317 -211019
4.175 -29.6258 -212279
4.176 -29.8218 -213549
4.177 -30.0191 -214828
4.178 -30.2179 -216116
4.179 -30.4177 -217413
4.18 -30.6186 -218719
4.181 -30.82 -220033
4.182 -31.022 -221354
4.183 -31.2239 -222682
4.184 -31.4256 -224016
4.185 -31.6265 -225355
4.186 -31.8267 -226699
4.187 -32.0257 -228048
4.188 -32.2234 -229401
4.189 -32.4194 -230756
4.19 -32.6137 -232114
4.191 -32.806 -233474
4.192 -32.9962 -234835
4.193 -33.1836 -236197
4.194 -33.3682 -237558
4.195 -33.5495 -238918
4.196 -33.7276 -240276
4.197 -33.902 -241632
4.198 -34.0727 -242985
4.199 -34.2395 -244334
4.2 -34.4023 -245679
4.201 -34.561 -247019
4.202 -34.7153 -248353
4.203 -34.865 -249681
4.204 -35.0099 -251002
4.205 -35.1497 -252315
4.206 -35.2844 -253619
4.207 -35.4138 -254915
4.208 -35.5379 -256202
4.209 -35.6565 -257478
4.21 -35.7697 -258744
4.211 -35.8772 -259999
4.212 -35.9792 -261243
4.213 -36.0751 -262474
4.214 -36.1652 -263693
4.215 -36.2491 -264899
4.216 -36.3269 -266092
4.217 -36.3983 -267271
4.218 -36.4636 -268436
4.219 -36.5225 -269587
4.22 -36.5752 -270722
4.221 -36.6214 -271843
4.222 -36.6612 -272948
4.223 -36.6945 -274038
4.224 -36.7213 -275111
4.225 -36.7414 -276169
4.226 -36.755 -277210
4.227 -36.7617 -278234
4.228 -36.7619 -279242
4.229 -36.7552 -280232
4.23 -36.742 -281206
4.231 -36.7218 -282163
4.232 -36.6951 -283102
4.233 -36.6616 -284024
4.234 -36.6214 -284928
4.235 -36.5744 -285815
4.236 -36.5207 -286684
4.237 -36.4602 -287536
4.238 -36.3931 -288370
4.239 -36.3191 -289186
4.24 -36.2384 -289985
4.241 -36.1508 -290766
4.242 -36.0566 -291530
4.243 -35.9557 -292276
4.244 -35.8482 -293004
4.245 -35.7341 -293715
4.246 -35.6135 -294408
4.247 -35.4863 -295085
4.248 -35.3526 -295744
4.249 -35.2123 -296385
4.25 -35.0654 -297010
4.251 -34.9119 -297617
4.252 -34.7519 -298208
4.253 -34.5853 -298781
4.254 -34.4125 -299338
4.255 -34.2332 -299879
4.256 -34.0477 -300402
4.257 -33.8557 -300910
4.258 -33.6574 -301401
4.259 -33.4526 -301875
4.26 -33.2415 -302334
4.261 -33.0238 -302776
4.262 -32.7997 -303203
4.263 -32.5692 -303614
4.264 -32.3325 -304009
4.265 -32.0895 -304389
4.266 -31.8402 -304753
4.267 -31.5845 -305102
4.268 -31.3226 -305436
4.269 -31.0541 -305754
4.27 -30.7793 -306058
4.271 -30.4979 -306347
4.272 -30.21 -306620
4.273 -29.9154 -306880
4.274 -29.6143 -307124
4.275 -29.3064 -307354
4.276 -28.9918 -307570
4.277 -28.6702 -307771
4.278 -28.3418 -307958
4.279 -28.0061 -308131
4.28 -27.6633 -308289
4.281 -27.313 -308434
4.282 -26.9551 -308564
4.283 -26.5894 -308680
4.284 -26.2158 -308783
4.285 -25.8338 -308871
4.286 -25.4434 -308945
4.287 -25.0442 -309005
4.288 -24.6359 -309051
4.289 -24.2181 -309081
4.29 -23.7902 -309094
4.291 -23.3504 -309068
4.292 -22.9009 -308973
4.293 -22.4405 -308765
4.294 -21.9689 -308441
4.295 -21.4856 -308003
4.296 -20.9902 -307448
4.297 -20.4821 -306778
4.298 -19.9608 -305991
4.299 -19.4257 -305088
4.3 -18.8764 -304069
4.301 -18.3122 -302932
4.302 -17.7324 -301679
4.303 -17.1363 -300307
4.304 -16.523 -298818
4.305 -15.8919 -297210
4.306 -15.2421 -295484
4.307 -14.5727 -293639
4.308 -13.8828 -291675
4.309 -13.1716 -289593
4.31 -12.438 -287391
4.311 -11.681 -285070
4.312 -10.8997 -282630
4.313 -10.0929 -280071
4.314 -9.25948 -277394
4.315 -8.39836 -274597
4.316 -7.50844 -271681
4.317 -6.58859 -268648
4.318 -5.63774 -265496
4.319 -4.65484 -262226
4.32 -3.63896 -258839
4.321 -2.58922 -255335
4.322 -1.50495 -251716
4.323 -0.38566 -247981
4.324 0.768838 -244132
4.325 1.95833 -240170
4.326 3.18212 -236095
4.327 4.43906 -231909
4.328 5.7275 -227613
4.329 7.04526 -223208
4.33 8.38957 -218696
4.331 9.75708 -214078
4.332 11.1438 -209355
4.333 12.5452 -204531
4.334 13.9561 -199606
4.335 15.3709 -194582
4.336 16.7835 -189463
4.337 18.1878 -184249
4.338 19.5772 -178943
4.339 20.9453 -173548
4.34 22.2856 -168066
4.341 23.5923 -162498
4.342 24.8596 -156849
4.343 26.0826 -151120
4.344 27.2568 -145315
4.345 28.379 -139435
4.346 29.4463 -133485
4.347 30.4571 -127467
4.348 31.4102 -121384
4.349 32.3058 -115239
4.35 33.1442 -109035
4.351 33.9269 -102775
4.352 34.6554 -96462.7
4.353 35.3321 -90101.4
4.354 35.9591 -83694.5
4.355 36.5396 -77245.6
4.356 37.0761 -70758.3
4.357 37.572 -64236.2
4.358 38.0298 -57683
4.359 38.4528 -51102.4
4.36 38.8436 -44498.1
4.361 39.2052 -37874
4.362 39.5397 -31234.3
4.363 39.8498 -24583
4.364 40.1373 -17924.5
4.365 40.4044 -11262.9
4.366 40.6528 -4602.66
4.367 40.8844 2052.02
4.368 41.1005 8696.84
4.369 41.3026 15327.5
4.37 41.4917 21939.6
4.371 41.6693 28528.9
4.372 41.836 35091
4.373 41.9929 41621.3
4.374 42.1405 48115.7
4.375 42.2797 54569.7
4.376 42.4109 60979.1
4.377 42.5349 67339.7
4.378 42.6518 73647.4
4.379 42.7624 79898.2
4.38 42.8669 86088.4
4.381 42.9657 92214
4.382 43.059 98271.5
4.383 43.1474 104257
4.384 43.2308 110168
4.385 43.3097 116001
4.386 43.384 121754
4.387 43.4543 127422
4.388 43.5203 133004
4.389 43.5826 138497
4.39 43.641 143899
4.391 43.696 149209
4.392 43.7474 154423
4.393 43.7957 159542
4.394 43.8407 164564
4.395 43.8828 169487
4.396 43.9219 174312
4.397 43.9584 179036
4.398 43.992 183661
4.399 44.0233 188185
4.4 44.0519 192609
4.401 44.0782 196933
4.402 44.1022 201157
4.403 44.1241 205282
4.404 44.1438 209308
4.405 44.1617 213237
4.406 44.1776 217070
4.407 44.1919 220808
4.408 44.2042 224451
4.409 44.2152 228002
4.41 44.2243 231462
4.411 44.2322 234832
4.412 44.2385 238114
4.413 44.2436 241310
4.414 44.2473 244422
4.415 44.25 247451
4.416 44.2514 250400
4.417 44.252 253270
4.418 44.2514 256063
4.419 44.2501 258781
4.42 44.2478 261426
4.421 44.2448 264000
4.422 44.2408 266505
4.423 44.2363 268943
4.424 44.2308 271315
4.425 44.2249 273624
4.426 44.2181 275872
4.427 44.2109 278060
4.428 44.203 280189
4.429 44.1946 282263
4.43 44.1855 284282
4.431 44.1761 286248
4.432 44.166 288163
4.433 44.1555 290028
4.434 44.1443 291845
4.435 44.1326 293616
4.436 44.1202 295342
4.437 44.1074 297024
4.438 44.0938 298664
4.439 44.0798 300262
4.44 44.0651 301821
4.441 44.0499 303342
4.442 44.0339 304826
4.443 44.0173 306273
4.444 43.9999 307686
4.445 43.9818 309065
4.446 43.9627 310411
4.447 43.943 311725
4.448 43.9222 313009
4.449 43.9007 314263
4.45 43.8781 315488
4.451 43.8548 316684
4.452 43.8302 317854
4.453 43.8047 318997
4.454 43.7777 320115
4.455 43.7496 321208
4.456 43.7198 322276
4.457 43.6888 323321
4.458 43.6561 324343
4.459 43.622 325343
4.46 43.5861 326321
4.461 43.5487 327278
4.462 43.5093 328215
4.463 43.4681 329132
4.464 43.4244 330029
4.465 43.3784 330908
4.466 43.3298 331767
4.467 43.2788 332609
4.468 43.2249 333433
4.469 43.1683 334240
4.47 43.1088 335029
4.471 43.0465 335803
4.472 42.9808 336560
4.473 42.9119 337301
4.474 42.8391 338027
4.475 42.7627 338738
4.476 42.6822 339433
4.477 42.5977 340114
4.478 42.5088 340780
4.479 42.4157 341432
4.48 42.3181 342069
4.481 42.216 342693
4.482 42.1091 343303
4.483 41.9974 343900
4.484 41.8806 344484
4.485 41.7588 345054
4.486 41.6316 345611
4.487 41.4991 346156
4.488 41.3609 346688
4.489 41.2172 347207
4.49 41.0676 347714
4.491 40.9125 348209
4.492 40.7513 348691
4.493 40.5844 349162
4.494 40.4115 349620
4.495 40.2328 350067
4.496 40.048 350503
4.497 39.8573 350927
4.498 39.6604 351339
4.499 39.4574 351741
4.5 39.248 352131
4.501 39.0324 352510
4.502 38.8104 352878
4.503 38.5825 353235
4.504 38.3484 353582
4.505 38.1085 353918
4.506 37.8625 354244
4.507 37.6106 354559
4.508 37.3526 354864
4.509 37.0887 355159
4.51 36.8186 355444
4.511 36.5426 355719
4.512 36.2604 355984
4.513 35.9724 356240
4.514 35.6786 356486
4.515 35.3793 356722
4.516 35.0742 356949
4.517 34.7636 357167
4.518 34.4472 357375
4.519 34.1253 357575
4.52 33.7976 357766
4.521 33.4642 357947
4.522 33.125 358120
4.523 32.7803 358284
4.524 32.4299 358440
4.525 32.0741 358587
4.526 31.7127 358726
4.527 31.3458 358856
4.528 30.9732 358979
4.529 30.595 359093
4.53 30.2111 359199
4.531 29.8214 359297
4.532 29.4258 359388
4.533 29.0242 359471
4.534 28.6165 359545
4.535 28.2028 359612
4.536 27.7828 359671
4.537 27.3564 359723
4.538 26.9234 359766
4.539 26.4838 359801
4.54 26.0371 359828
4.541 25.5832 359847
4.542 25.1217 359855
4.543 24.6516 359851
4.544 24.1725 359816
4.545 23.686 359742
4.546 23.1921 359555
4.547 22.6903 359253
4.548 22.1802 358839
4.549 21.6617 358312
4.55 21.1344 357675
4.551 20.5981 356929
4.552 20.0522 356075
4.553 19.4965 355113
4.554 18.9306 354046
4.555 18.3539 352874
4.556 17.7662 351598
4.557 17.1669 350220
4.558 16.5555 348741
4.559 15.9318 347162
4.56 15.295 345485
4.561 14.6448 343711
4.562 13.9805 341841
4.563 13.3015 339877
4.564 12.6071 337818
4.565 11.8968 335667
4.566 11.1697 333424
4.567 10.4254 331092
4.568 9.66305 328670
4.569 8.88211 326161
4.57 8.0819 323565
4.571 7.26177 320884
4.572 6.42105 318120
4.573 5.55906 315273
4.574 4.6752 312344
4.575 3.7689 309335
4.576 2.83971 306248
4.577 1.88729 303082
4.578 0.911431 299840
4.579 -0.0879043 296523
4.58 -1.1105 293133
4.581 -2.15586 289670
4.582 -3.22323 286137
4.583 -4.31155 282534
4.584 -5.4195 278863
4.585 -6.54536 275125
4.586 -7.68713 271322
4.587 -8.84243 267455
4.588 -10.0086 263525
4.589 -11.1825 259535
4.59 -12.3609 255485
4.591 -13.5401 251378
4.592 -14.7164 247214
4.593 -15.8859 242996
4.594 -17.0445 238724
4.595 -18.1882 234399
4.596 -19.3129 230024
4.597 -20.4148 225599
4.598 -21.4901 221126
4.599 -22.5354 216607
4.6 -23.5476 212043
4.601 -24.5239 207435
4.602 -25.4623 202785
4.603 -26.3609 198094
4.604 -27.2186 193362
4.605 -28.0346 188591
4.606 -28.8087 183782
4.607 -29.5408 178937
4.608 -30.2316 174056
4.609 -30.8818 169140
4.61 -31.4928 164191
4.611 -32.0658 159210
4.612 -32.6028 154198
4.613 -33.1053 149155
4.614 -33.5757 144082
4.615 -34.0157 138980
4.616 -34.4275 133851
4.617 -34.813 128694
4.618 -35.1744 123511
4.619 -35.5133 118302
4.62 -35.832 113069
4.621 -36.1318 107813
4.622 -36.4149 102535
4.623 -36.6825 97234.3
4.624 -36.9365 91913.1
4.625 -37.1779 86572
4.626 -37.4084 81211.9
4.627 -37.629 75833.8
4.628 -37.8408 70438.9
4.629 -38.0447 65028.2
4.63 -38.2417 59602.9
4.631 -38.4326 54164.2
4.632 -38.6182 48713.4
4.633 -38.7989 43252
4.634 -38.9756 37781.2
4.635 -39.1485 32302.5
4.636 -39.3185 26817.6
4.637 -39.4856 21327.9
4.638 -39.6504 15835
4.639 -39.8131 10340.7
4.64 -39.9742 4846.7
4.641 -40.1336 -645.221
4.642 -40.2918 -6133.13
4.643 -40.4488 -11615
4.644 -40.605 -17088.9
4.645 -40.7601 -22552.7
4.646 -40.9146 -28004.2
4.647 -41.0683 -33441.4
4.648 -41.2216 -38862
4.649 -41.3743 -44263.9
4.65 -41.5268 -49644.9
4.651 -41.6787 -55002.7
4.652 -41.8303 -60334.8
4.653 -41.9812 -65638.7
4.654 -42.1317 -70911.9
4.655 -42.2814 -76151.8
4.656 -42.4307 -81355.9
4.657 -42.579 -86522
4.658 -42.7268 -91647.6
4.659 -42.8738 -96730.5
4.66 -43.0202 -101768
4.661 -43.1656 -106759
4.662 -43.3101 -111699
4.663 -43.4532 -116587
4.664 -43.5949 -121421
4.665 -43.7348 -126197
4.666 -43.873 -130913
4.667 -44.0091 -135569
4.668 -44.1434 -140161
4.669 -44.2754 -144688
4.67 -44.4055 -149149
4.671 -44.5332 -153542
4.672 -44.6586 -157865
4.673 -44.781 -162117
4.674 -44.9004 -166297
4.675 -45.0165 -170403
4.676 -45.1294 -174435
4.677 -45.2385 -178391
4.678 -45.3442 -182272
4.679 -45.4461 -186076
4.68 -45.5445 -189804
4.681 -45.639 -193455
4.682 -45.7296 -197030
4.683 -45.816 -200528
4.684 -45.8981 -203950
4.685 -45.9756 -207296
4.686 -46.0487 -210565
4.687 -46.1169 -213760
4.688 -46.1807 -216880
4.689 -46.2396 -219927
4.69 -46.2939 -222901
4.691 -46.3434 -225803
4.692 -46.3882 -228635
4.693 -46.428 -231397
4.694 -46.463 -234090
4.695 -46.4929 -236716
4.696 -46.518 -239276
4.697 -46.538 -241772
4.698 -46.5531 -244204
4.699 -46.5631 -246574
4.7 -46.5684 -248883
4.701 -46.5685 -251133
4.702 -46.5639 -253324
4.703 -46.5542 -255460
4.704 -46.54 -257540
4.705 -46.5207 -259566
4.706 -46.4969 -261540
4.707 -46.4682 -263463
4.708 -46.435 -265336
4.709 -46.397 -267161
4.71 -46.3545 -268938
4.711 -46.3071 -270670
4.712 -46.2554 -272356
4.713 -46.1991 -274000
4.714 -46.1385 -275601
4.715 -46.0733 -277161
4.716 -46.004 -278681
4.717 -45.9302 -280163
4.718 -45.8523 -281606
4.719 -45.7699 -283013
4.72 -45.6834 -284384
4.721 -45.5924 -285721
4.722 -45.4975 -287023
4.723 -45.3981 -288293
4.724 -45.2948 -289531
4.725 -45.1872 -290737
4.726 -45.0755 -291913
4.727 -44.9596 -293059
4.728 -44.8396 -294177
4.729 -44.7153 -295267
4.73 -44.587 -296329
4.731 -44.4543 -297364
4.732 -44.3176 -298374
4.733 -44.1765 -299358
4.734 -44.0314 -300317
4.735 -43.882 -301252
4.736 -43.7285 -302163
4.737 -43.5706 -303051
4.738 -43.4086 -303916
4.739 -43.2422 -304760
4.74 -43.0715 -305581
4.741 -42.8964 -306382
4.742 -42.717 -307161
4.743 -42.533 -307920
4.744 -42.3449 -308660
4.745 -42.1522 -309380
4.746 -41.9553 -310080
4.747 -41.7537 -310762
4.748 -41.5478 -311426
4.749 -41.3371 -312071
4.75 -41.122 -312698
4.751 -40.902 -313308
4.752 -40.6775 -313901
4.753 -40.4481 -314477
4.754 -40.2139 -315036
4.755 -39.9748 -315578
4.756 -39.7309 -316105
4.757 -39.4818 -316615
4.758 -39.2277 -317110
4.759 -38.9684 -317589
4.76 -38.7038 -318053
4.761 -38.4337 -318501
4.762 -38.1581 -318935
4.763 -37.8765 -319354
4.764 -37.5892 -319758
4.765 -37.2955 -320147
4.766 -36.9957 -320522
4.767 -36.6891 -320883
4.768 -36.3759 -321229
4.769 -36.0557 -321561
4.77 -35.7284 -321879
4.771 -35.3936 -322183
4.772 -35.0511 -322473
4.773 -34.7003 -322748
4.774 -34.3412 -323010
4.775 -33.9731 -323258
4.776 -33.5958 -323492
4.777 -33.2087 -323712
4.778 -32.8117 -323918
4.779 -32.4041 -324110
4.78 -31.9857 -324287
4.781 -31.5558 -324451
4.782 -31.1142 -324601
4.783 -30.6601 -324736
4.784 -30.1932 -324857
4.785 -29.7126 -324964
4.786 -29.218 -325056
4.787 -28.7083 -325133
4.788 -28.1832 -325196
4.789 -27.6415 -325242
4.79 -27.0825 -325272
4.791 -26.5047 -325280
4.792 -25.9053 -325232
4.793 -25.2873 -325050
4.794 -24.6492 -324669
4.795 -23.9899 -324090
4.796 -23.3083 -323310
4.797 -22.6035 -322329
4.798 -21.8742 -321145
4.799 -21.1192 -319758
4.8 -20.3372 -318167
4.801 -19.5268 -316371
4.802 -18.6866 -314369
4.803 -17.8151 -312162
4.804 -16.9109 -309750
4.805 -15.9722 -307133
4.806 -14.9973 -304311
4.807 -13.9843 -301284
4.808 -12.9314 -298054
4.809 -11.8363 -294620
4.81 -10.6969 -290984
4.811 -9.51119 -287147
4.812 -8.27695 -283110
4.813 -6.99212 -278875
4.814 -5.65471 -274443
4.815 -4.26284 -269817
4.816 -2.81491 -264999
4.817 -1.30964 -259992
4.818 0.253662 -254796
4.819 1.87491 -249417
4.82 3.55285 -243856
4.821 5.28507 -238116
4.822 7.06782 -232201
4.823 8.89603 -226115
4.824 10.7631 -219861
4.825 12.6612 -213444
4.826 14.5807 -206868
4.827 16.511 -200138
4.828 18.4402 -193257
4.829 20.3557 -186231
4.83 22.2443 -179065
4.831 24.093 -171763
4.832 25.8893 -164332
4.833 27.6217 -156776
4.834 29.28 -149101
4.835 30.8559 -141313
4.836 32.3431 -133417
4.837 33.7372 -125420
4.838 35.0362 -117327
4.839 36.24 -109144
4.84 37.3499 -100879
4.841 38.3693 -92536.8
4.842 39.3024 -84125
4.843 40.1543 -75650.1
4.844 40.9308 -67119
4.845 41.638 -58538.8
4.846 42.2818 -49916.9
4.847 42.8687 -41260.7
4.848 43.404 -32577.8
4.849 43.8936 -23876
4.85 44.3423 -15163.3
4.851 44.7549 -6447.8
4.852 45.1354 2261.81
4.853 45.4876 10956.7
4.854 45.8146 19628.1
4.855 46.1195 28267
4.856 46.4045 36864.4
4.857 46.6723 45411.3
4.858 46.9244 53898.9
4.859 47.1628 62318.2
4.86 47.3889 70660.6
4.861 47.6039 78917.1
4.862 47.8086 87078.8
4.863 48.0038 95136.6
4.864 48.1899 103082
4.865 48.3676 110907
4.866 48.5372 118603
4.867 48.6993 126165
4.868 48.8542 133584
4.869 49.0023 140855
4.87 49.1437 147973
4.871 49.2789 154932
4.872 49.4076 161728
4.873 49.5302 168358
4.874 49.6461 174817
4.875 49.7558 181104
4.876 49.8591 187216
4.877 49.9562 193153
4.878 50.047 198914
4.879 50.1317 204499
4.88 50.2104 209910
4.881 50.2831 215148
4.882 50.3498 220215
4.883 50.4104 225113
4.884 50.4647 229845
4.885 50.5131 234413
4.886 50.5551 238822
4.887 50.5912 243075
4.888 50.6211 247176
4.889 50.645 251129
4.89 50.6628 254938
4.891 50.6749 258609
4.892 50.6809 262146
4.893 50.6812 265552
4.894 50.6757 268834
4.895 50.6647 271994
4.896 50.6478 275038
4.897 50.6256 277971
4.898 50.5977 280796
4.899 50.5644 283518
4.9 50.5256 286141
4.901 50.4816 288669
4.902 50.4322 291105
4.903 50.378 293455
4.904 50.3189 295721
4.905 50.2552 297907
4.906 50.1868 300017
4.907 50.1141 302054
4.908 50.0367 304021
4.909 49.9551 305920
4.91 49.8691 307756
4.911 49.779 309530
4.912 49.6847 311245
4.913 49.5869 312905
4.914 49.4855 314511
4.915 49.3809 316065
4.916 49.273 317570
4.917 49.1622 319029
4.918 49.0483 320443
4.919 48.9316 321813
4.92 48.812 323142
4.921 48.6898 324432
4.922 48.565 325684
4.923 48.4382 326899
4.924 48.3094 328080
4.925 48.179 329228
4.926 48.047 330344
4.927 47.9137 331430
4.928 47.7791 332486
4.929 47.6433 333514
4.93 47.5063 334516
4.931 47.3684 335491
4.932 47.2295 336442
4.933 47.0901 337368
4.934 46.9501 338272
4.935 46.8099 339154
4.936 46.6694 340015
4.937 46.5289 340855
4.938 46.3882 341676
4.939 46.2476 342478
4.94 46.107 343261
4.941 45.9667 344027
4.942 45.8264 344776
4.943 45.6864 345509
4.944 45.5465 346226
4.945 45.407 346928
4.946 45.2677 347615
4.947 45.1288 348288
4.948 44.9902 348947
4.949 44.852 349593
4.95 44.7142 350226
4.951 44.5767 350846
4.952 44.4394 351455
4.953 44.3025 352051
4.954 44.1656 352636
4.955 44.0289 353210
4.956 43.8922 353773
4.957 43.7556 354325
4.958 43.6189 354867
4.959 43.4822 355399
4.96 43.3454 355922
4.961 43.2085 356435
4.962 43.0714 356938
4.963 42.9341 357433
4.964 42.7963 357919
4.965 42.6581 358396
4.966 42.5193 358865
4.967 42.38 359325
4.968 42.24 359777
4.969 42.0994 360222
4.97 41.958 360659
4.971 41.816 361088
4.972 41.673 361509
4.973 41.5292 361924
4.974 41.3842 362331
4.975 41.2382 362731
4.976 41.091 363124
4.977 40.9426 363510
4.978 40.7928 363889
4.979 40.6418 364262
4.98 40.4892 364629
4.981 40.3354 364988
4.982 40.1799 365342
4.983 40.023 365689
4.984 39.8644 366030
4.985 39.7043 366365
4.986 39.5423 366693
4.987 39.3788 367016
4.988 39.2133 367333
4.989 39.0462 367644
4.99 38.8771 367949
4.991 38.7062 368248
4.992 38.5333 368542
4.993 38.3586 368830
4.994 38.1819 369112
4.995 38.0034 369389
4.996 37.8229 369661
4.997 37.6405 369927
4.998 37.4562 370187
4.999 37.2699 370443
5 37.0815 370693
5.001 36.8912 370938
5.002 36.6989 371177
5.003 36.5048 371412
5.004 36.3087 371641
5.005 36.1109 371866
5.006 35.9112 372086
5.007 35.7098 372300
5.008 35.5066 372510
5.009 35.3016 372715
5.01 35.0949 372915
5.011 34.8866 373111
5.012 34.6764 373302
5.013 34.4647 373488
5.014 34.2512 373670
5.015 34.0363 373847
5.016 33.8196 374020
5.017 33.6015 374188
5.018 33.3817 374352
5.019 33.1605 374512
5.02 32.9376 374668
5.021 32.7133 374819
5.022 32.4873 374966
5.023 32.2598 375109
5.024 32.0306 375248
5.025 31.7998 375382
5.026 31.5674 375513
5.027 31.3332 375640
5.028 31.0973 375763
5.029 30.8597 375882
5.03 30.6203 375996
5.031 30.3791 376108
5.032 30.136 376215
5.033 29.891 376318
5.034 29.6439 376418
5.035 29.3948 376514
5.036 29.1434 376606
5.037 28.8898 376694
5.038 28.6338 376779
5.039 28.3754 376860
5.04 28.1146 376938
5.041 27.8512 377011
5.042 27.585 377081
5.043 27.3161 377148
5.044 27.0441 377211
5.045 26.7691 377270
5.046 26.4907 377326
5.047 26.209 377378
5.048 25.9237 377427
5.049 25.6347 377471
5.05 25.3418 377512
5.051 25.0449 377549
5.052 24.7439 377583
5.053 24.4384 377612
5.054 24.1283 377638
5.055 23.8133 377660
5.056 23.4933 377677
5.057 23.1679 377690
5.058 22.837 377698
5.059 22.5001 377701
5.06 22.1564 377695
5.061 21.8056 377671
5.062 21.4478 377629
5.063 21.0846 377524
5.064 20.7147 377342
5.065 20.3378 377083
5.066 19.9536 376748
5.067 19.5618 376335
5.068 19.1622 375845
5.069 18.7545 375278
5.07 18.3383 374634
5.071 17.9133 373912
5.072 17.4791 373113
5.073 17.0355 372236
5.074 16.5819 371281
5.075 16.1179 370249
5.076 15.6433 369138
5.077 15.1574 367950
5.078 14.66 366683
5.079 14.1505 365339
5.08 13.6286 363917
5.081 13.0936 362417
5.082 12.5452 360839
5.083 11.9828 359183
5.084 11.4057 357449
5.085 10.8135 355638
5.086 10.2055 353749
5.087 9.58118 351783
5.088 8.93993 349739
5.089 8.28116 347618
5.09 7.60424 345421
5.091 6.9086 343147
5.092 6.1936 340796
5.093 5.45864 338369
5.094 4.70312 335867
5.095 3.92651 333289
5.096 3.1283 330636
5.097 2.30803 327908
5.098 1.46534 325106
5.099 0.59996 322231
5.1 -0.288235 319282
5.101 -1.1992 316260
5.102 -2.13266 313167
5.103 -3.08814 310002
5.104 -4.0649 306767
5.105 -5.06201 303462
5.106 -6.07823 300087
5.107 -7.11211 296645
5.108 -8.16188 293135
5.109 -9.22552 289559
5.11 -10.3007 285918
5.111 -11.3849 282212
5.112 -12.4753 278442
5.113 -13.5687 274611
5.114 -14.662 270719
5.115 -15.7516 266766
5.116 -16.8341 262755
5.117 -17.9059 258687
5.118 -18.9635 254563
5.119 -20.0033 250383
5.12 -21.0219 246150
5.121 -22.0162 241865
5.122 -22.9833 237529
5.123 -23.9205 233144
5.124 -24.8255 228711
5.125 -25.6964 224231
5.126 -26.5317 219707
5.127 -27.3303 215139
5.128 -28.0915 210530
5.129 -28.815 205881
5.13 -29.5008 201192
5.131 -30.1493 196467
5.132 -30.7612 191706
5.133 -31.3373 186911
5.134 -31.8789 182084
5.135 -32.3872 177226
5.136 -32.8638 172339
5.137 -33.31 167424
5.138 -33.7277 162484
5.139 -34.1183 157520
5.14 -34.4837 152534
5.141 -34.8254 147527
5.142 -35.1452 142501
5.143 -35.4443 137457
5.144 -35.7246 132398
5.145 -35.9872 127325
5.146 -36.2338 122240
5.147 -36.4653 117145
5.148 -36.6831 112040
5.149 -36.8883 106929
5.15 -37.0819 101812
5.151 -37.2648 96691.6
5.152 -37.438 91569.4
5.153 -37.6022 86447
5.154 -37.7582 81326.3
5.155 -37.9066 76208.8
5.156 -38.048 71096.4
5.157 -38.183 65990.7
5.158 -38.3122 60893.5
5.159 -38.4359 55806.4
5.16 -38.5546 50731.2
5.161 -38.6686 45669.5
5.162 -38.7783 40623
5.163 -38.884 35593.5
5.164 -38.9859 30582.5
5.165 -39.0843 25591.7
5.166 -39.1795 20622.8
5.167 -39.2716 15677.2
5.168 -39.3608 10756.7
5.169 -39.4472 5862.62
5.17 -39.5311 996.609
5.171 -39.6125 -3839.86
5.172 -39.6916 -8645.3
5.173 -39.7683 -13418.2
5.174 -39.8431 -18157.2
5.175 -39.9156 -22860.8
5.176 -39.9862 -27527.7
5.177 -40.0549 -32156.6
5.178 -40.1217 -36746.3
5.179 -40.1866 -41295.5
5.18 -40.2499 -45803.2
5.181 -40.3115 -50268.1
5.182 -40.3714 -54689.2
5.183 -40.4295 -59065.4
5.184 -40.4861 -63395.6
5.185 -40.541 -67678.9
5.186 -40.5944 -71914.3
5.187 -40.6461 -76101.1
5.188 -40.6963 -80238.5
5.189 -40.7449 -84325.7
5.19 -40.792 -88362.2
5.191 -40.8376 -92347.3
5.192 -40.8818 -96280.4
5.193 -40.9243 -100161
5.194 -40.9654 -103989
5.195 -41.0047 -107763
5.196 -41.0427 -111483
5.197 -41.0789 -115150
5.198 -41.1138 -118762
5.199 -41.1469 -122320
5.2 -41.1787 -125824
5.201 -41.2088 -129273
5.202 -41.2375 -132667
5.203 -41.2646 -136007
5.204 -41.2901 -139293
5.205 -41.314 -142525
5.206 -41.3364 -145702
5.207 -41.3572 -148826
5.208 -41.3765 -151896
5.209 -41.3941 -154914
5.21 -41.4103 -157879
5.211 -41.4249 -160791
5.212 -41.4381 -163652
5.213 -41.4496 -166461
5.214 -41.4597 -169220
5.215 -41.4682 -171928
5.216 -41.4752 -174587
5.217 -41.4807 -177196
5.218 -41.4847 -179758
5.219 -41.4871 -182271
5.22 -41.4881 -184737
5.221 -41.4875 -187157
5.222 -41.4857 -189531
5.223 -41.4823 -191861
5.224 -41.4775 -194145
5.225 -41.4713 -196387
5.226 -41.4639 -198585
5.227 -41.455 -200742
5.228 -41.4448 -202857
5.229 -41.4333 -204932
5.23 -41.4205 -206966
5.231 -41.4064 -208962
5.232 -41.3912 -210920
5.233 -41.3747 -212840
5.234 -41.3572 -214724
5.235 -41.3384 -216571
5.236 -41.3188 -218384
5.237 -41.298 -220162
5.238 -41.2763 -221906
5.239 -41.2536 -223617
5.24 -41.23 -225296
5.241 -41.2054 -226944
5.242 -41.1801 -228561
5.243 -41.1539 -230148
5.244 -41.127 -231705
5.245 -41.0994 -233234
5.246 -41.0712 -234734
5.247 -41.0424 -236208
5.248 -41.0131 -237655
5.249 -40.9832 -239075
5.25 -40.9529 -240470
5.251 -40.922 -241841
5.252 -40.8908 -243187
5.253 -40.8593 -244510
5.254 -40.8275 -245809
5.255 -40.7955 -247087
5.256 -40.7634 -248342
5.257 -40.7311 -249576
5.258 -40.6989 -250790
5.259 -40.6665 -251983
5.26 -40.6342 -253156
5.261 -40.6018 -254311
5.262 -40.5697 -255446
5.263 -40.5375 -256563
5.264 -40.5056 -257663
5.265 -40.4738 -258745
5.266 -40.4423 -259810
5.267 -40.411 -260859
5.268 -40.3801 -261892
5.269 -40.3493 -262910
5.27 -40.319 -263912
5.271 -40.2889 -264899
5.272 -40.2593 -265872
5.273 -40.23 -266830
5.274 -40.2012 -267775
5.275 -40.1727 -268707
5.276 -40.1447 -269625
5.277 -40.117 -270531
5.278 -40.0899 -271424
5.279 -40.0632 -272305
5.28 -40.037 -273175
5.281 -40.0112 -274033
5.282 -39.9859 -274879
5.283 -39.961 -275715
5.284 -39.9367 -276540
5.285 -39.9127 -277354
5.286 -39.8892 -278158
5.287 -39.866 -278952
5.288 -39.8434 -279736
5.289 -39.8211 -280511
5.29 -39.7993 -281277
5.291 -39.7779 -282033
5.292 -39.7569 -282780
5.293 -39.7362 -283519
5.294 -39.7159 -284249
5.295 -39.6959 -284971
5.296 -39.6762 -285685
5.297 -39.6568 -286390
5.298 -39.6377 -287088
5.299 -39.6188 -287778
5.3 -39.6003 -288461
5.301 -39.582 -289136
5.302 -39.5639 -289804
5.303 -39.546 -290465
5.304 -39.5284 -291119
5.305 -39.5108 -291766
5.306 -39.4935 -292406
5.307 -39.4763 -293040
5.308 -39.4592 -293668
5.309 -39.4422 -294289
5.31 -39.4254 -294904
5.311 -39.4087 -295513
5.312 -39.3921 -296116
5.313 -39.3755 -296713
5.314 -39.359 -297305
5.315 -39.3424 -297891
5.316 -39.3259 -298471
5.317 -39.3094 -299046
5.318 -39.2929 -299615
5.319 -39.2762 -300179
5.32 -39.2597 -300738
5.321 -39.243 -301292
5.322 -39.2263 -301841
5.323 -39.2095 -302385
5.324 -39.1928 -302924
5.325 -39.1758 -303459
5.326 -39.1589 -303988
5.327 -39.1417 -304513
5.328 -39.1246 -305034
5.329 -39.1072 -305550
5.33 -39.0899 -306061
5.331 -39.0723 -306569
5.332 -39.0547 -307072
5.333 -39.0369 -307570
5.334 -39.0191 -308065
5.335 -39.001 -308556
5.336 -38.9829 -309042
5.337 -38.9646 -309525
5.338 -38.9462 -310004
5.339 -38.9276 -310479
5.34 -38.9089 -310950
5.341 -38.8899 -311417
5.342 -38.8709 -311881
5.343 -38.8517 -312341
5.344 -38.8325 -312797
5.345 -38.8132 -313250
5.346 -38.7939 -313700
5.347 -38.7744 -314146
5.348 -38.755 -314589
5.349 -38.7355 -315029
5.35 -38.716 -315465
5.351 -38.6965 -315898
5.352 -38.677 -316328
5.353 -38.6576 -316755
5.354 -38.6384 -317179
5.355 -38.6193 -317600
5.356 -38.6005 -318019
5.357 -38.5818 -318434
5.358 -38.5635 -318847
5.359 -38.5454 -319256
5.36 -38.5277 -319664
5.361 -38.5102 -320068
5.362 -38.4932 -320470
5.363 -38.4765 -320870
5.364 -38.4604 -321267
5.365 -38.4447 -321662
5.366 -38.4296 -322054
5.367 -38.4151 -322444
5.368 -38.4011 -322832
5.369 -38.3878 -323218
5.37 -38.3751 -323601
5.371 -38.3631 -323983
5.372 -38.3517 -324362
5.373 -38.341 -324740
5.374 -38.331 -325115
5.375 -38.3217 -325489
5.376 -38.3131 -325861
5.377 -38.3051 -326231
5.378 -38.2979 -326600
5.379 -38.2913 -326966
5.38 -38.2855 -327331
5.381 -38.2801 -327695
5.382 -38.2758 -328056
5.383 -38.2718 -328417
5.384 -38.2684 -328775
5.385 -38.2654 -329132
5.386 -38.2629 -329488
5.387 -38.2608 -329842
5.388 -38.2591 -330195
5.389 -38.2576 -330546
5.39 -38.2565 -330896
5.391 -38.2556 -331244
5.392 -38.2549 -331591
5.393 -38.2541 -331937
5.394 -38.2532 -332281
5.395 -38.2519 -332624
5.396 -38.2504 -332965
5.397 -38.2483 -333305
5.398 -38.2457 -333643
5.399 -38.2425 -333980
5.4 -38.2386 -334315
5.401 -38.2339 -334649
5.402 -38.2283 -334982
5.403 -38.2214 -335312
5.404 -38.2132 -335641
5.405 -38.2033 -335969
5.406 -38.1917 -336294
5.407 -38.1781 -336618
5.408 -38.1627 -336940
5.409 -38.1451 -337260
5.41 -38.1253 -337578
5.411 -38.1032 -337894
5.412 -38.0786 -338209
5.413 -38.0513 -338520
5.414 -38.0212 -338830
5.415 -37.988 -339137
5.416 -37.9517 -339443
5.417 -37.912 -339745
5.418 -37.8691 -340045
5.419 -37.8226 -340343
5.42 -37.7726 -340638
5.421 -37.7189 -340930
5.422 -37.6616 -341219
5.423 -37.6002 -341506
5.424 -37.535 -341789
5.425 -37.4655 -342070
5.426 -37.392 -342347
5.427 -37.3141 -342622
5.428 -37.2319 -342893
5.429 -37.1452 -343160
5.43 -37.0541 -343425
5.431 -36.9584 -343685
5.432 -36.8582 -343943
5.433 -36.7533 -344197
5.434 -36.6438 -344447
5.435 -36.5295 -344693
5.436 -36.4106 -344936
5.437 -36.2868 -345174
5.438 -36.1583 -345409
5.439 -36.0249 -345640
5.44 -35.8865 -345867
5.441 -35.7432 -346090
5.442 -35.5951 -346308
5.443 -35.4419 -346523
5.444 -35.284 -346733
5.445 -35.1213 -346939
5.446 -34.9537 -347141
5.447 -34.7812 -347338
5.448 -34.604 -347531
5.449 -34.4218 -347719
5.45 -34.2346 -347903
5.451 -34.0426 -348083
5.452 -33.8456 -348258
5.453 -33.6439 -348429
5.454 -33.4376 -348595
5.455 -33.2266 -348756
5.456 -33.0111 -348913
5.457 -32.791 -349066
5.458 -32.5664 -349214
5.459 -32.3373 -349357
5.46 -32.1036 -349496
5.461 -31.8653 -349630
5.462 -31.6226 -349760
5.463 -31.3755 -349885
5.464 -31.1243 -350006
5.465 -30.8688 -350122
5.466 -30.6092 -350233
5.467 -30.3456 -350340
5.468 -30.0779 -350443
5.469 -29.8062 -350541
5.47 -29.5305 -350635
5.471 -29.2507 -350724
5.472 -28.967 -350810
5.473 -28.6794 -350890
5.474 -28.3881 -350967
5.475 -28.0932 -351039
5.476 -27.7946 -351107
5.477 -27.4924 -351171
5.478 -27.1867 -351231
5.479 -26.8775 -351287
5.48 -26.5646 -351338
5.481 -26.2481 -351386
5.482 -25.9282 -351429
5.483 -25.6047 -351468
5.484 -25.2778 -351504
5.485 -24.9475 -351535
5.486 -24.6137 -351562
5.487 -24.2765 -351585
5.488 -23.9358 -351604
5.489 -23.5916 -351619
5.49 -23.2438 -351629
5.491 -22.8923 -351634
5.492 -22.537 -351632
5.493 -22.177 -351616
5.494 -21.8128 -351582
5.495 -21.4457 -351519
5.496 -21.0756 -351390
5.497 -20.702 -351194
5.498 -20.3251 -350933
5.499 -19.9447 -350608
5.5 -19.5608 -350221
5.501 -19.1735 -349773
5.502 -18.7825 -349265
5.503 -18.3879 -348698
5.504 -17.9896 -348072
5.505 -17.5875 -347390
5.506 -17.1815 -346653
5.507 -16.7716 -345861
5.508 -16.3577 -345017
5.509 -15.9397 -344120
5.51 -15.5177 -343173
5.511 -15.0914 -342176
5.512 -14.6608 -341132
5.513 -14.2259 -340040
5.514 -13.7866 -338903
5.515 -13.3428 -337721
5.516 -12.8944 -336496
5.517 -12.4414 -335229
5.518 -11.9836 -333921
5.519 -11.5212 -332575
5.52 -11.0539 -331189
5.521 -10.5818 -329768
5.522 -10.1047 -328310
5.523 -9.62264 -326819
5.524 -9.13553 -325294
5.525 -8.6433 -323737
5.526 -8.14593 -322150
5.527 -7.64338 -320534
5.528 -7.13565 -318889
5.529 -6.62273 -317218
5.53 -6.10464 -315521
5.531 -5.58139 -313801
5.532 -5.05301 -312057
5.533 -4.51954 -310292
5.534 -3.98105 -308506
5.535 -3.43761 -306701
5.536 -2.88933 -304878
5.537 -2.33636 -303038
5.538 -1.77886 -301183
5.539 -1.21705 -299314
5.54 -0.651161 -297432
5.541 -0.0814747 -295538
5.542 0.491709 -293634
5.543 1.06804 -291720
5.544 1.64712 -289798
5.545 2.22848 -287869
5.546 2.81165 -285934
5.547 3.39606 -283994
5.548 3.98114 -282051
5.549 4.56627 -280105
5.55 5.15076 -278157
5.551 5.73392 -276210
5.552 6.31505 -274262
5.553 6.89339 -272317
5.554 7.46817 -270374
5.555 8.03863 -268435
5.556 8.60394 -266501
5.557 9.16331 -264573
5.558 9.71591 -262651
5.559 10.2609 -260737
5.56 10.7976 -258832
5.561 11.325 -256936
5.562 11.8426 -255051
5.563 12.3495 -253177
5.564 12.8451 -251315
5.565 13.3287 -249466
5.566 13.7997 -247631
5.567 14.2576 -245809
5.568 14.7018 -244003
5.569 15.1318 -242212
5.57 15.5473 -240438
5.571 15.9479 -238681
5.572 16.3333 -236941
5.573 16.7033 -235219
5.574 17.0577 -233516
5.575 17.3966 -231832
5.576 17.7197 -230167
5.577 18.0272 -228522
5.578 18.3191 -226897
5.579 18.5955 -225293
5.58 18.8564 -223710
5.581 19.1022 -222147
5.582 19.333 -220607
5.583 19.5491 -219088
5.584 19.7509 -217591
5.585 19.9386 -216116
5.586 20.1125 -214663
5.587 20.2731 -213233
5.588 20.4207 -211826
5.589 20.5557 -210442
5.59 20.6784 -209080
5.591 20.7894 -207742
5.592 20.8889 -206427
5.593 20.9774 -205135
5.594 21.0553 -203866
5.595 21.1231 -202620
5.596 21.181 -201398
5.597 21.2296 -200199
5.598 21.2692 -199024
5.599 21.3001 -197871
5.6 21.3228 -196742
5.601 21.3377 -195636
5.602 21.3449 -194553
5.603 21.345 -193493
5.604 21.3381 -192456
5.605 21.3247 -191443
5.606 21.305 -190451
5.607 21.2793 -189483
5.608 21.2479 -188537
5.609 21.2111 -187614
5.61 21.169 -186713
5.611 21.122 -185835
5.612 21.0703 -184979
5.613 21.014 -184145
5.614 20.9533 -183334
5.615 20.8884 -182544
5.616 20.8195 -181777
5.617 20.7466 -181032
5.618 20.6701 -180309
5.619 20.5899 -179608
5.62 20.5063 -178929
5.621 20.4194 -178271
5.622 20.3293 -177636
5.623 20.2361 -177022
5.624 20.1399 -176429
5.625 20.0409 -175858
5.626 19.9391 -175309
5.627 19.8347 -174781
5.628 19.7276 -174274
5.629 19.6181 -173788
5.63 19.5061 -173323
5.631 19.3919 -172878
5.632 19.2754 -172454
5.633 19.1567 -172051
5.634 19.036 -171668
5.635 18.9132 -171305
5.636 18.7885 -170962
5.637 18.662 -170639
5.638 18.5336 -170336
5.639 18.4035 -170051
5.64 18.2717 -169786
5.641 18.1382 -169540
5.642 18.0032 -169313
5.643 17.8667 -169104
5.644 17.7287 -168913
5.645 17.5894 -168741
5.646 17.4487 -168586
5.647 17.3068 -168449
5.648 17.1636 -168329
5.649 17.0192 -168226
5.65 16.8738 -168139
5.651 16.7272 -168070
5.652 16.5797 -168016
5.653 16.4312 -167978
5.654 16.2819 -167956
5.655 16.1318 -167948
5.656 15.981 -167956
5.657 15.8297 -167979
5.658 15.6777 -168017
5.659 15.5254 -168070
5.66 15.3726 -168136
5.661 15.2195 -168217
5.662 15.0662 -168310
5.663 14.9128 -168415
5.664 14.7595 -168533
5.665 14.6063 -168661
5.666 14.4533 -168800
5.667 14.3008 -168949
5.668 14.1487 -169107
5.669 13.9972 -169274
5.67 13.8465 -169448
5.671 13.6966 -169630
5.672 13.5477 -169819
5.673 13.4 -170013
5.674 13.2536 -170212
5.675 13.1087 -170415
5.676 12.9655 -170622
5.677 12.8242 -170830
5.678 12.6848 -171040
5.679 12.5476 -171251
5.68 12.4127 -171461
5.681 12.2804 -171670
5.682 12.1508 -171878
5.683 12.0242 -172081
5.684 11.9009 -172281
5.685 11.781 -172475
5.686 11.6649 -172662
5.687 11.5527 -172842
5.688 11.4447 -173013
5.689 11.3412 -173174
5.69 11.2423 -173323
5.691 11.1484 -173461
5.692 11.0597 -173585
5.693 10.9764 -173695
5.694 10.899 -173789
5.695 10.8276 -173865
5.696 10.7626 -173923
5.697 10.7042 -173962
5.698 10.6527 -173979
5.699 10.6084 -173975
5.7 10.5715 -173947
5.701 10.5423 -173894
5.702 10.5212 -173816
5.703 10.5082 -173711
5.704 10.5038 -173577
5.705 10.5082 -173414
5.706 10.5217 -173219
5.707 10.5444 -172993
5.708 10.5768 -172734
5.709 10.6189 -172440
5.71 10.671 -172111
5.711 10.7333 -171745
5.712 10.806 -171341
5.713 10.8893 -170898
5.714 10.9833 -170416
5.715 11.0882 -169892
5.716 11.2042 -169327
5.717 11.3312 -168718
5.718 11.4695 -168066
5.719 11.6191 -167369
5.72 11.7801 -166626
5.721 11.9526 -165837
5.722 12.1364 -165000
5.723 12.3315 -164116
5.724 12.5377 -163184
5.725 12.755 -162202
5.726 12.9832 -161172
5.727 13.2221 -160092
5.728 13.4715 -158961
5.729 13.7312 -157780
5.73 14.0009 -156549
5.731 14.2804 -155266
5.732 14.5693 -153932
5.733 14.8671 -152547
5.734 15.1735 -151111
5.735 15.4879 -149624
5.736 15.8098 -148086
5.737 16.1388 -146498
5.738 16.4743 -144858
5.739 16.8158 -143169
5.74 17.1628 -141429
5.741 17.5145 -139640
5.742 17.8705 -137801
5.743 18.23 -135914
5.744 18.5922 -133978
5.745 18.9566 -131996
5.746 19.3225 -129966
5.747 19.6891 -127891
5.748 20.0558 -125771
5.749 20.4219 -123606
5.75 20.7869 -121397
5.751 21.1501 -119145
5.752 21.5108 -116852
5.753 21.8685 -114517
5.754 22.2225 -112143
5.755 22.5723 -109730
5.756 22.9174 -107278
5.757 23.2573 -104791
5.758 23.5915 -102267
5.759 23.9197 -99708.6
5.76 24.2414 -97116.7
5.761 24.5564 -94492.4
5.762 24.8642 -91836.9
5.763 25.1647 -89151.4
5.764 25.4575 -86437.2
5.765 25.7424 -83695.6
5.766 26.0193 -80927.9
5.767 26.2881 -78135.4
5.768 26.5485 -75319.3
5.769 26.8007 -72481
5.77 27.0444 -69621.8
5.771 27.2798 -66742.8
5.772 27.5067 -63845.4
5.773 27.7254 -60930.7
5.774 27.9359 -58000
5.775 28.1382 -55054.5
5.776 28.3325 -52095.4
5.777 28.519 -49123.8
5.778 28.6977 -46141.1
5.779 28.8688 -43148.3
5.78 29.0324 -40146.8
5.781 29.1888 -37137.6
5.782 29.3382 -34121.8
5.783 29.4807 -31100.3
5.784 29.6165 -28074.3
5.785 29.7461 -25044.6
5.786 29.8693 -22012.2
5.787 29.9866 -18978.2
5.788 30.0981 -15943.4
5.789 30.204 -12908.9
5.79 30.3044 -9875.52
5.791 30.3997 -6844.22
5.792 30.49 -3815.79
5.793 30.5755 -790.948
5.794 30.6565 2229.57
5.795 30.7331 5245.04
5.796 30.8056 8254.77
5.797 30.8741 11258.1
5.798 30.9387 14254.3
5.799 30.9998 17242.7
5.8 31.0573 20222.6
5.801 31.1115 23193.4
5.802 31.1625 26154.6
5.803 31.2105 29105.6
5.804 31.2556 32045.8
5.805 31.298 34974.8
5.806 31.3377 37892
5.807 31.3751 40797
5.808 31.41 43689.2
5.809 31.4426 46568.1
5.81 31.4731 49433.4
5.811 31.5015 52284.6
5.812 31.5279 55121.1
5.813 31.5524 57942.5
5.814 31.575 60748.3
5.815 31.5958 63538.1
5.816 31.6148 66311.4
5.817 31.6321 69067.9
5.818 31.6477 71807
5.819 31.6618 74528.3
5.82 31.6743 77231.6
5.821 31.6853 79916.4
5.822 31.6947 82582.1
5.823 31.7025 85228.3
5.824 31.7087 87854.4
5.825 31.7134 90459.9
5.826 31.7163 93044.4
5.827 31.7176 95607.4
5.828 31.7173 98148.4
5.829 31.7153 100667
5.83 31.7116 103163
5.831 31.7062 105636
5.832 31.6991 108085
5.833 31.6902 110510
5.834 31.6794 112910
5.835 31.6668 115285
5.836 31.6522 117635
5.837 31.6356 119959
5.838 31.617 122257
5.839 31.5964 124529
5.84 31.5737 126773
5.841 31.5491 128990
5.842 31.5222 131180
5.843 31.4934 133343
5.844 31.4623 135477
5.845 31.4292 137583
5.846 31.3939 139661
5.847 31.3564 141710
5.848 31.3168 143731
5.849 31.275 145723
5.85 31.231 147686
5.851 31.1849 149620
5.852 31.1366 151525
5.853 31.0863 153401
5.854 31.0338 155249
5.855 30.9793 157067
5.856 30.9228 158857
5.857 30.8643 160618
5.858 30.8037 162351
5.859 30.7413 164055
5.86 30.6768 165731
5.861 30.6105 167379
5.862 30.5422 168999
5.863 30.4722 170590
5.864 30.4003 172155
5.865 30.3267 173692
5.866 30.2513 175201
5.867 30.1742 176684
5.868 30.0954 178140
5.869 30.015 179570
5.87 29.933 180973
5.871 29.8493 182351
5.872 29.764 183703
5.873 29.6771 185029
5.874 29.5886 186330
5.875 29.4985 187606
5.876 29.4068 188857
5.877 29.3135 190083
5.878 29.2186 191286
5.879 29.1221 192464
5.88 29.024 193618
5.881 28.9244 194749
5.882 28.8231 195856
5.883 28.7201 196940
5.884 28.6155 198001
5.885 28.5092 199039
5.886 28.4011 200055
5.887 28.2913 201048
5.888 28.1796 202019
5.889 28.0662 202968
5.89 27.951 203895
5.891 27.8339 204800
5.892 27.7149 205684
5.893 27.594 206546
5.894 27.4711 207388
5.895 27.3463 208208
5.896 27.2193 209007
5.897 27.0903 209786
5.898 26.9591 210544
5.899 26.8258 211281
5.9 26.6903 211999
5.901 26.5526 212696
5.902 26.4126 213373
5.903 26.2703 214030
5.904 26.1257 214668
5.905 25.9789 215286
5.906 25.8296 215884
5.907 25.6779 216463
5.908 25.5239 217024
5.909 25.3674 217565
5.91 25.2083 218087
5.911 25.0468 218590
5.912 24.8828 219075
5.913 24.7162 219541
5.914 24.547 219989
5.915 24.3753 220419
5.916 24.2009 220830
5.917 24.024 221224
5.918 23.8443 221599
5.919 23.662 221957
5.92 23.4769 222297
5.921 23.2891 222620
5.922 23.0985 222925
5.923 22.9051 223212
5.924 22.7088 223483
5.925 22.5097 223736
5.926 22.3076 223972
5.927 22.1026 224191
5.928 21.8946 224393
5.929 21.6835 224579
5.93 21.4694 224747
5.931 21.2522 224899
5.932 21.0318 225034
5.933 20.8082 225152
5.934 20.5813 225254
5.935 20.3513 225340
5.936 20.1179 225409
5.937 19.8812 225462
5.938 19.6411 225498
5.939 19.3975 225518
5.94 19.1499 225513
5.941 18.8989 225480
5.942 18.6444 225405
5.943 18.3864 225288
5.944 18.1249 225130
5.945 17.8598 224930
5.946 17.5912 224690
5.947 17.319 224409
5.948 17.0432 224088
5.949 16.7639 223728
5.95 16.481 223328
5.951 16.1945 222890
5.952 15.9044 222414
5.953 15.611 221901
5.954 15.3142 221352
5.955 15.0142 220767
5.956 14.7111 220149
5.957 14.4049 219497
5.958 14.0958 218813
5.959 13.7838 218097
5.96 13.4689 217352
5.961 13.1514 216576
5.962 12.8313 215773
5.963 12.5087 214943
5.964 12.184 214087
5.965 11.8571 213207
5.966 11.5283 212303
5.967 11.1977 211378
5.968 10.8654 210432
5.969 10.5317 209467
5.97 10.1966 208484
5.971 9.86044 207484
5.972 9.52324 206469
5.973 9.18521 205440
5.974 8.84652 204398
5.975 8.50734 203344
5.976 8.16785 202281
5.977 7.82824 201208
5.978 7.48869 200128
5.979 7.1494 199041
5.98 6.81056 197949
5.981 6.47238 196853
5.982 6.13503 195755
5.983 5.79869 194655
5.984 5.46355 193555
5.985 5.1298 192456
5.986 4.79765 191359
5.987 4.4673 190264
5.988 4.13898 189174
5.989 3.81291 188089
5.99 3.48932 187011
5.991 3.16843 185940
5.992 2.85045 184877
5.993 2.53557 183824
5.994 2.22398 182782
5.995 1.9159 181750
5.996 1.61153 180731
5.997 1.31109 179724
5.998 1.01481 178731
5.999 0.722932 177753
6 0.435684 176791
6.001 0.153295 175845
6.002 -0.12404 174916
6.003 -0.396141 174005
6.004 -0.662822 173111
6.005 -0.923897 172237
6.006 -1.17918 171382
6.007 -1.42847 170547
6.008 -1.67159 169733
6.009 -1.90834 168940
6.01 -2.13854 168168
6.011 -2.36201 167419
6.012 -2.57861 166692
6.013 -2.78821 165988
6.014 -2.99068 165307
6.015 -3.18591 164649
6.016 -3.37378 164016
6.017 -3.55419 163406
6.018 -3.72703 162821
6.019 -3.8922 162261
6.02 -4.04963 161726
6.021 -4.19921 161216
6.022 -4.3409 160731
6.023 -4.47464 160272
6.024 -4.60039 159838
6.025 -4.71811 159430
6.026 -4.82778 159048
6.027 -4.92935 158693
6.028 -5.02283 158363
6.029 -5.1082 158059
6.03 -5.18545 157782
6.031 -5.25458 157531
6.032 -5.31556 157307
6.033 -5.36837 157109
6.034 -5.413 156938
6.035 -5.44941 156794
6.036 -5.47761 156677
6.037 -5.49758 156587
6.038 -5.50932 156525
6.039 -5.51283 156490
6.04 -5.50814 156482
6.041 -5.49519 156502
6.042 -5.47403 156550
6.043 -5.44461 156626
6.044 -5.40693 156730
6.045 -5.36097 156863
6.046 -5.30672 157024
6.047 -5.24416 157213
6.048 -5.1733 157432
6.049 -5.09411 157679
6.05 -5.00659 157954
6.051 -4.91073 158259
6.052 -4.8065 158593
6.053 -4.69385 158956
6.054 -4.57274 159349
6.055 -4.44313 159771
6.056 -4.30497 160222
6.057 -4.15824 160704
6.058 -4.00288 161215
6.059 -3.83886 161757
6.06 -3.66613 162328
6.061 -3.48466 162930
6.062 -3.2944 163562
6.063 -3.0953 164223
6.064 -2.88733 164915
6.065 -2.67043 165638
6.066 -2.44458 166390
6.067 -2.20974 167172
6.068 -1.96586 167985
6.069 -1.71293 168827
6.07 -1.45091 169699
6.071 -1.17979 170601
6.072 -0.899558 171533
6.073 -0.610235 172493
6.074 -0.31184 173483
6.075 -0.00439978 174501
6.076 0.312042 175547
6.077 0.637431 176622
6.078 0.971693 177724
6.079 1.31474 178853
6.08 1.66648 180009
6.081 2.02678 181191
6.082 2.39546 182399
6.083 2.77231 183633
6.084 3.15713 184890
6.085 3.54966 186171
6.086 3.94963 187476
6.087 4.35677 188802
6.088 4.77076 190150
6.089 5.19125 191519
6.09 5.6179 192908
6.091 6.0503 194316
6.092 6.488 195742
6.093 6.93054 197185
6.094 7.37739 198645
6.095 7.82804 200120
6.096 8.28193 201609
6.097 8.73851 203112
6.098 9.19717 204627
6.099 9.65731 206153
6.1 10.1183 207689
6.101 10.5795 209234
6.102 11.0402 210788
6.103 11.4998 212348
6.104 11.9574 213914
6.105 12.4125 215484
6.106 12.8642 217058
6.107 13.312 218634
6.108 13.755 220211
6.109 14.1928 221788
6.11 14.6245 223364
6.111 15.0497 224938
6.112 15.4676 226506
6.113 15.8775 228062
6.114 16.2762 229564
6.115 16.6699 230782
6.116 17.0631 231691
6.117 17.436 232456
6.118 17.7989 233217
6.119 18.1514 233975
6.12 18.4932 234729
6.121 18.8242 235479
6.122 19.1441 236224
6.123 19.453 236965
6.124 19.7505 237701
6.125 20.0368 238432
6.126 20.3118 239157
6.127 20.5754 239878
6.128 20.8278 240592
6.129 21.069 241301
6.13 21.299 242003
6.131 21.5182 242700
6.132 21.7265 243390
6.133 21.9244 244075
6.134 22.1119 244752
6.135 22.2894 245424
6.136 22.457 246088
6.137 22.6151 246747
6.138 22.7639 247398
6.139 22.9038 248043
6.14 23.0348 248682
6.141 23.1576 249314
6.142 23.2721 249939
6.143 23.379 250557
6.144 23.4785 251169
6.145 23.5709 251775
6.146 23.6566 252374
6.147 23.7359 252967
6.148 23.809 253554
6.149 23.8764 254134
6.15 23.9382 254708
6.151 23.9949 255277
6.152 24.0467 255839
6.153 24.094 256396
6.154 24.1371 256947
6.155 24.1763 257493
6.156 24.2119 258034
6.157 24.2444 258570
6.158 24.2737 259100
6.159 24.3005 259627
6.16 24.3246 260148
6.161 24.3466 260665
6.162 24.3667 261178
6.163 24.3851 261687
6.164 24.4021 262193
6.165 24.418 262694
6.166 24.433 263193
6.167 24.4474 263688
6.168 24.4613 264181
6.169 24.475 264671
6.17 24.4886 265158
6.171 24.5025 265643
6.172 24.5167 266126
6.173 24.5315 266607
6.174 24.5471 267087
6.175 24.5638 267565
6.176 24.5815 268042
6.177 24.6007 268518
6.178 24.6214 268993
6.179 24.6437 269468
6.18 24.6678 269942
6.181 24.694 270416
6.182 24.7221 270891
6.183 24.7524 271365
6.184 24.7849 271839
6.185 24.8198 272314
6.186 24.857 272790
6.187 24.8968 273266
6.188 24.9391 273744
6.189 24.9841 274222
6.19 25.0316 274701
6.191 25.0819 275182
6.192 25.1348 275664
6.193 25.1904 276147
6.194 25.2485 276631
6.195 25.3091 277117
6.196 25.3721 277604
6.197 25.4376 278093
6.198 25.5054 278583
6.199 25.5755 279074
6.2 25.6478 279567
6.201 25.7223 280061
6.202 25.7987 280556
6.203 25.8771 281052
6.204 25.9571 281550
6.205 26.0388 282049
6.206 26.1218 282549
6.207 26.2061 283049
6.208 26.2916 283551
6.209 26.3782 284053
6.21 26.4656 284555
6.211 26.5539 285059
6.212 26.6428 285562
6.213 26.7321 286066
6.214 26.8216 286570
6.215 26.9113 287074
6.216 27.0007 287578
6.217 27.09 288081
6.218 27.1788 288584
6.219 27.2672 289086
6.22 27.3548 289588
6.221 27.4418 290089
6.222 27.5277 290588
6.223 27.6127 291087
6.224 27.6964 291584
6.225 27.7788 292080
6.226 27.8597 292574
6.227 27.9391 293067
6.228 28.0168 293558
6.229 28.0929 294047
6.23 28.167 294534
6.231 28.2394 295018
6.232 28.3096 295501
6.233 28.3778 295981
6.234 28.4437 296458
6.235 28.5074 296933
6.236 28.5685 297405
6.237 28.6273 297873
6.238 28.6834 298339
6.239 28.737 298802
6.24 28.7878 299261
6.241 28.836 299717
6.242 28.8814 300170
6.243 28.9241 300619
6.244 28.9638 301065
6.245 29.0009 301506
6.246 29.0351 301944
6.247 29.0665 302379
6.248 29.095 302809
6.249 29.1208 303235
6.25 29.1436 303658
6.251 29.1637 304076
6.252 29.1808 304490
6.253 29.1953 304900
6.254 29.2068 305306
6.255 29.2158 305708
6.256 29.2219 306106
6.257 29.2254 306499
6.258 29.2261 306888
6.259 29.2243 307273
6.26 29.2198 307653
6.261 29.2128 308029
6.262 29.2031 308401
6.263 29.1911 308769
6.264 29.1765 309132
6.265 29.1596 309491
6.266 29.1403 309845
6.267 29.1187 310195
6.268 29.0948 310541
6.269 29.0688 310883
6.27 29.0405 311221
6.271 29.0102 311554
6.272 28.9776 311883
6.273 28.9431 312207
6.274 28.9065 312528
6.275 28.868 312844
6.276 28.8274 313156
6.277 28.7851 313464
6.278 28.7408 313768
6.279 28.6947 314068
6.28 28.6467 314364
6.281 28.5971 314656
6.282 28.5455 314943
6.283 28.4923 315227
6.284 28.4373 315506
6.285 28.3806 315782
6.286 28.322 316053
6.287 28.2618 316321
6.288 28.1998 316585
6.289 28.1361 316844
6.29 28.0707 317100
6.291 28.0035 317352
6.292 27.9345 317600
6.293 27.8638 317844
6.294 27.7912 318084
6.295 27.7168 318321
6.296 27.6403 318553
6.297 27.562 318781
6.298 27.4817 319006
6.299 27.3994 319226
6.3 27.315 319443
6.301 27.2285 319656
6.302 27.1398 319864
6.303 27.0489 320069
6.304 26.9555 320270
6.305 26.8598 320467
6.306 26.7614 320659
6.307 26.6604 320848
6.308 26.5567 321032
6.309 26.4502 321212
6.31 26.3408 321388
6.311 26.2285 321560
6.312 26.113 321728
6.313 25.9944 321891
6.314 25.8723 322050
6.315 25.747 322204
6.316 25.6179 322354
6.317 25.4853 322499
6.318 25.3487 322640
6.319 25.2084 322777
6.32 25.064 322908
6.321 24.9155 323035
6.322 24.7627 323157
6.323 24.6057 323274
6.324 24.444 323387
6.325 24.2778 323494
6.326 24.1068 323597
6.327 23.931 323694
6.328 23.7501 323787
6.329 23.5641 323874
6.33 23.3729 323956
6.331 23.1763 324032
6.332 22.9741 324104
6.333 22.7664 324170
6.334 22.553 324230
6.335 22.3338 324285
6.336 22.1086 324335
6.337 21.8774 324379
6.338 21.6399 324417
6.339 21.3961 324450
6.34 21.1456 324476
6.341 20.8886 324497
6.342 20.6245 324510
6.343 20.3533 324516
6.344 20.074 324503
6.345 19.787 324467
6.346 19.4935 324369
6.347 19.1925 324208
6.348 18.8839 323983
6.349 18.5675 323695
6.35 18.243 323343
6.351 17.9105 322926
6.352 17.5695 322444
6.353 17.2201 321898
6.354 16.862 321287
6.355 16.495 320610
6.356 16.119 319869
6.357 15.7337 319062
6.358 15.3388 318189
6.359 14.9342 317252
6.36 14.5196 316249
6.361 14.0948 315180
6.362 13.6595 314047
6.363 13.2134 312848
6.364 12.7564 311585
6.365 12.288 310257
6.366 11.8081 308865
6.367 11.3164 307409
6.368 10.8125 305889
6.369 10.2961 304306
6.37 9.76697 302660
6.371 9.22472 300951
6.372 8.66903 299180
6.373 8.0996 297348
6.374 7.51609 295455
6.375 6.9182 293501
6.376 6.30561 291487
6.377 5.67803 289414
6.378 5.03516 287282
6.379 4.37675 285093
6.38 3.70255 282846
6.381 3.01237 280542
6.382 2.30604 278183
6.383 1.58347 275769
6.384 0.84461 273301
6.385 0.0895155 270780
6.386 -0.681667 268207
6.387 -1.46865 265582
6.388 -2.271 262907
6.389 -3.08815 260182
6.39 -3.91939 257409
6.391 -4.76386 254589
6.392 -5.62057 251723
6.393 -6.48836 248811
6.394 -7.36591 245855
6.395 -8.25177 242856
6.396 -9.14431 239815
6.397 -10.0417 236733
6.398 -10.9422 233611
6.399 -11.8436 230451
6.4 -12.7439 227254
6.401 -13.6408 224021
6.402 -14.532 220753
6.403 -15.4152 217450
6.404 -16.2881 214116
6.405 -17.1484 210750
6.406 -17.9939 207353
6.407 -18.8223 203928
6.408 -19.6318 200475
6.409 -20.4204 196995
6.41 -21.1863 193490
6.411 -21.9282 189960
6.412 -22.6446 186408
6.413 -23.3345 182833
6.414 -23.9972 179237
6.415 -24.6318 175622
6.416 -25.2381 171987
6.417 -25.8159 168335
6.418 -26.3652 164666
6.419 -26.8862 160981
6.42 -27.3793 157282
6.421 -27.845 153569
6.422 -28.2842 149843
6.423 -28.6973 146106
6.424 -29.0855 142358
6.425 -29.4496 138600
6.426 -29.7907 134834
6.427 -30.1096 131059
6.428 -30.4078 127278
6.429 -30.6859 123491
6.43 -30.9453 119700
6.431 -31.1869 115904
6.432 -31.4119 112104
6.433 -31.6211 108303
6.434 -31.8156 104501
6.435 -31.9962 100698
6.436 -32.164 96895.2
6.437 -32.3195 93094.2
6.438 -32.4639 89295.6
6.439 -32.5976 85500.1
6.44 -32.7216 81708.7
6.441 -32.8363 77922.2
6.442 -32.9425 74141.5
6.443 -33.0406 70367.5
6.444 -33.1312 66601
6.445 -33.2148 62843
6.446 -33.2918 59094.3
6.447 -33.3626 55355.8
6.448 -33.4277 51628.2
6.449 -33.4873 47912.5
6.45 -33.5418 44209.5
6.451 -33.5915 40519.9
6.452 -33.6367 36844.4
6.453 -33.6775 33184
6.454 -33.7144 29539.4
6.455 -33.7473 25911.3
6.456 -33.7767 22300.4
6.457 -33.8024 18707.5
6.458 -33.825 15133.4
6.459 -33.8443 11578.6
6.46 -33.8606 8043.89
6.461 -33.874 4529.9
6.462 -33.8847 1037.24
6.463 -33.8926 -2433.48
6.464 -33.898 -5881.71
6.465 -33.9009 -9306.89
6.466 -33.9016 -12708.5
6.467 -33.8998 -16086
6.468 -33.896 -19438.8
6.469 -33.8898 -22766.6
6.47 -33.8818 -26068.8
6.471 -33.8716 -29344.9
6.472 -33.8596 -32594.7
6.473 -33.8456 -35817.8
6.474 -33.83 -39013.8
6.475 -33.8125 -42182.4
6.476 -33.7935 -45323.4
6.477 -33.7728 -48436.5
6.478 -33.7507 -51521.4
6.479 -33.7269 -54577.9
6.48 -33.7018 -57605.7
6.481 -33.6751 -60604.8
6.482 -33.6472 -63574.8
6.483 -33.6179 -66515.8
6.484 -33.5875 -69427.6
6.485 -33.5558 -72310.2
6.486 -33.5231 -75163.5
6.487 -33.4892 -77987.4
6.488 -33.4543 -80781.9
6.489 -33.4184 -83546.9
6.49 -33.3815 -86282.6
6.491 -33.3436 -88988.8
6.492 -33.3049 -91665.6
6.493 -33.2652 -94313.1
6.494 -33.2248 -96931.1
6.495 -33.1834 -99519.8
6.496 -33.1413 -102079
6.497 -33.0982 -104609
6.498 -33.0546 -107110
6.499 -33.01 -109582
6.5 -32.9649 -112025
6.501 -32.9189 -114439
6.502 -32.8723 -116825
6.503 -32.8249 -119181
6.504 -32.777 -121509
6.505 -32.7283 -123809
6.506 -32.679 -126080
6.507 -32.629 -128324
6.508 -32.5784 -130539
6.509 -32.5272 -132727
6.51 -32.4754 -134887
6.511 -32.423 -137019
6.512 -32.3701 -139125
6.513 -32.3164 -141203
6.514 -32.2622 -143254
6.515 -32.2072 -145278
6.516 -32.1516 -147275
6.517 -32.0952 -149245
6.518 -32.0383 -151189
6.519 -31.9805 -153107
6.52 -31.9221 -154999
6.521 -31.8629 -156865
6.522 -31.803 -158704
6.523 -31.7423 -160518
6.524 -31.6808 -162307
6.525 -31.6184 -164070
6.526 -31.5552 -165808
6.527 -31.491 -167520
6.528 -31.426 -169208
6.529 -31.3599 -170870
6.53 -31.293 -172508
6.531 -31.225 -174121
6.532 -31.1561 -175710
6.533 -31.0861 -177275
6.534 -31.0151 -178816
6.535 -30.9429 -180332
6.536 -30.8697 -181825
6.537 -30.7952 -183294
6.538 -30.7196 -184739
6.539 -30.6428 -186161
6.54 -30.5648 -187560
6.541 -30.4855 -188935
6.542 -30.405 -190288
6.543 -30.3231 -191618
6.544 -30.24 -192925
6.545 -30.1554 -194210
6.546 -30.0695 -195473
6.547 -29.9822 -196713
6.548 -29.8934 -197931
6.549 -29.8032 -199127
6.55 -29.7115 -200302
6.551 -29.6183 -201454
6.552 -29.5237 -202586
6.553 -29.4275 -203696
6.554 -29.3298 -204785
6.555 -29.2305 -205854
6.556 -29.1298 -206901
6.557 -29.0275 -207928
6.558 -28.9237 -208935
6.559 -28.8184 -209921
6.56 -28.7115 -210888
6.561 -28.603 -211835
6.562 -28.493 -212762
6.563 -28.3814 -213669
6.564 -28.2683 -214558
6.565 -28.1535 -215427
6.566 -28.0372 -216277
6.567 -27.9192 -217109
6.568 -27.7997 -217922
6.569 -27.6785 -218716
6.57 -27.5557 -219492
6.571 -27.4313 -220250
6.572 -27.3053 -220990
6.573 -27.1776 -221713
6.574 -27.0484 -222418
6.575 -26.9175 -223105
6.576 -26.785 -223776
6.577 -26.6509 -224429
6.578 -26.5153 -225065
6.579 -26.3779 -225685
6.58 -26.239 -226288
6.581 -26.0984 -226875
6.582 -25.9563 -227446
6.583 -25.8125 -228000
6.584 -25.6672 -228539
6.585 -25.5202 -229062
6.586 -25.3716 -229570
6.587 -25.2214 -230062
6.588 -25.0696 -230539
6.589 -24.9161 -231000
6.59 -24.7611 -231447
6.591 -24.6043 -231879
6.592 -24.4459 -232296
6.593 -24.2857 -232699
6.594 -24.1239 -233087
6.595 -23.9601 -233461
6.596 -23.7946 -233820
6.597 -23.6272 -234165
6.598 -23.4579 -234495
6.599 -23.2866 -234812
6.6 -23.1133 -235115
6.601 -22.9379 -235403
6.602 -22.7604 -235678
6.603 -22.5806 -235938
6.604 -22.3985 -236184
6.605 -22.2139 -236417
6.606 -22.0267 -236635
6.607 -21.8368 -236839
6.608 -21.6441 -237029
6.609 -21.4486 -237204
6.61 -21.2501 -237366
6.611 -21.0484 -237513
6.612 -20.8435 -237645
6.613 -20.6352 -237763
6.614 -20.4235 -237867
6.615 -20.208 -237956
6.616 -19.9887 -238029
6.617 -19.7654 -238088
6.618 -19.538 -238132
6.619 -19.3063 -238160
6.62 -19.0697 -238170
6.621 -18.8282 -238153
6.622 -18.5824 -238100
6.623 -18.3316 -238000
6.624 -18.0758 -237855
6.625 -17.8147 -237664
6.626 -17.5482 -237426
6.627 -17.2761 -237142
6.628 -16.9983 -236810
6.629 -16.7146 -236430
6.63 -16.4247 -236002
6.631 -16.1286 -235526
6.632 -15.8261 -235002
6.633 -15.5171 -234429
6.634 -15.2015 -233808
6.635 -14.8792 -233139
6.636 -14.55 -232422
6.637 -14.2139 -231657
6.638 -13.8706 -230844
6.639 -13.5201 -229984
6.64 -13.1622 -229075
6.641 -12.7967 -228120
6.642 -12.4237 -227117
6.643 -12.043 -226068
6.644 -11.6546 -224973
6.645 -11.2584 -223833
6.646 -10.8544 -222649
6.647 -10.4425 -221421
6.648 -10.0226 -220150
6.649 -9.59453 -218836
6.65 -9.15834 -217480
6.651 -8.71389 -216084
6.652 -8.26118 -214647
6.653 -7.80016 -213172
6.654 -7.33084 -211658
6.655 -6.85319 -210107
6.656 -6.36722 -208520
6.657 -5.87292 -206898
6.658 -5.3703 -205242
6.659 -4.85937 -203553
6.66 -4.34017 -201833
6.661 -3.81274 -200081
6.662 -3.27716 -198301
6.663 -2.73353 -196491
6.664 -2.18196 -194655
6.665 -1.62261 -192793
6.666 -1.05566 -190905
6.667 -0.481339 -188994
6.668 0.100084 -187061
6.669 0.688289 -185106
6.67 1.28289 -183132
6.671 1.88344 -181138
6.672 2.48945 -179127
6.673 3.1004 -177100
6.674 3.71567 -175057
6.675 4.33462 -173000
6.676 4.95656 -170931
6.677 5.58072 -168849
6.678 6.20629 -166758
6.679 6.83243 -164657
6.68 7.45823 -162548
6.681 8.08277 -160432
6.682 8.7051 -158310
6.683 9.32426 -156183
6.684 9.93924 -154053
6.685 10.5491 -151920
6.686 11.1527 -149786
6.687 11.7492 -147651
6.688 12.3375 -145516
6.689 12.9165 -143383
6.69 13.4854 -141253
6.691 14.0433 -139126
6.692 14.5891 -137004
6.693 15.1221 -134887
6.694 15.6414 -132777
6.695 16.1464 -130674
6.696 16.6364 -128579
6.697 17.1108 -126493
6.698 17.569 -124418
6.699 18.0106 -122353
6.7 18.4353 -120299
6.701 18.8427 -118259
6.702 19.2326 -116231
6.703 19.605 -114218
6.704 19.9597 -112219
6.705 20.2968 -110235
6.706 20.6162 -108268
6.707 20.9182 -106317
6.708 21.2029 -104383
6.709 21.4707 -102468
6.71 21.7216 -100570
6.711 21.9562 -98692.4
6.712 22.1746 -96833.9
6.713 22.3775 -94995.3
6.714 22.5651 -93177.3
6.715 22.7379 -91380.1
6.716 22.8964 -89604.2
6.717 23.0411 -87849.9
6.718 23.1723 -86117.7
6.719 23.2908 -84407.8
6.72 23.3967 -82720.7
6.721 23.4907 -81056.7
6.722 23.5733 -79415.9
6.723 23.6449 -77798.6
6.724 23.706 -76204.9
6.725 23.7571 -74635.1
6.726 23.7987 -73089.3
6.727 23.8311 -71567.5
6.728 23.8548 -70070
6.729 23.8702 -68596.9
6.73 23.8776 -67148.2
6.731 23.8776 -65724
6.732 23.8703 -64324.4
6.733 23.8563 -62949.4
6.734 23.8357 -61598.9
6.735 23.8091 -60273
6.736 23.7765 -58971.6
6.737 23.7385 -57694.6
6.738 23.6952 -56442.1
6.739 23.647 -55214
6.74 23.594 -54010.1
6.741 23.5365 -52830.6
6.742 23.4746 -51675.3
6.743 23.4087 -50544.2
6.744 23.3387 -49437.5
6.745 23.265 -48355.1
6.746 23.1875 -47297
6.747 23.1066 -46263.3
6.748 23.0223 -45253.8
6.749 22.9348 -44268.7
6.75 22.8441 -43307.8
6.751 22.7504 -42371.3
6.752 22.6536 -41459.2
6.753 22.5539 -40571.7
6.754 22.4512 -39709
6.755 22.3456 -38871.3
6.756 22.237 -38058.8
6.757 22.1256 -37271.6
6.758 22.0113 -36510
6.759 21.8942 -35774
6.76 21.7741 -35063.8
6.761 21.6512 -34379.7
6.762 21.5254 -33722
6.763 21.3965 -33091.1
6.764 21.2645 -32487.5
6.765 21.1293 -31911.6
6.766 20.9907 -31363.9
6.767 20.8489 -30844.6
6.768 20.7035 -30354.3
6.769 20.5545 -29893.4
6.77 20.402 -29462.2
6.771 20.2457 -29061.1
6.772 20.0856 -28690.8
6.773 19.9215 -28351.5
6.774 19.7534 -28044
6.775 19.5811 -27768.5
6.776 19.4044 -27525.7
6.777 19.2234 -27316
6.778 19.0378 -27139.8
6.779 18.8475 -26997.7
6.78 18.6525 -26890
6.781 18.4525 -26817.2
6.782 18.2476 -26779.6
6.783 18.0376 -26779.1
6.784 17.8224 -26817.6
6.785 17.6021 -26897.1
6.786 17.3765 -27017.9
6.787 17.1456 -27180.2
6.788 16.9091 -27384.3
6.789 16.6672 -27630.4
6.79 16.4195 -27918.9
6.791 16.1662 -28249.8
6.792 15.9071 -28623.1
6.793 15.6422 -29038.7
6.794 15.3715 -29496.5
6.795 15.0949 -29996.4
6.796 14.8125 -30538.3
6.797 14.5241 -31122
6.798 14.2297 -31747.3
6.799 13.9293 -32414
6.8 13.6227 -33121.9
6.801 13.31 -33870.8
6.802 12.991 -34660.2
6.803 12.6659 -35489.7
6.804 12.3346 -36358.7
6.805 11.997 -37266.7
6.806 11.6531 -38213.1
6.807 11.303 -39197.6
6.808 10.9465 -40219.4
6.809 10.5836 -41278.1
6.81 10.2143 -42373
6.811 9.83862 -43503.4
6.812 9.45644 -44668.7
6.813 9.0678 -45868.2
6.814 8.67265 -47100.9
6.815 8.27101 -48366.3
6.816 7.86284 -49663.3
6.817 7.44816 -50991.3
6.818 7.02693 -52349.3
6.819 6.59916 -53736.6
6.82 6.16486 -55152.4
6.821 5.72403 -56595.7
6.822 5.27666 -58065.7
6.823 4.82277 -59561.6
6.824 4.36236 -61082.5
6.825 3.89546 -62627.7
6.826 3.4221 -64196.1
6.827 2.94235 -65786.9
6.828 2.45626 -67399.2
6.829 1.96394 -69032.1
6.83 1.46549 -70684.8
6.831 0.961038 -72356.3
6.832 0.450705 -74045.8
6.833 -0.065372 -75752.6
6.834 -0.587017 -77476.1
6.835 -1.11401 -79215.3
6.836 -1.64608 -80969.7
6.837 -2.18293 -82738.3
6.838 -2.72422 -84520.4
6.839 -3.26956 -86315.3
6.84 -3.81854 -88122
6.841 -4.37069 -89940
6.842 -4.92558 -91768.5
6.843 -5.48272 -93607
6.844 -6.0416 -95454.8
6.845 -6.60166 -97311.4
6.846 -7.16233 -99176.1
6.847 -7.72297 -101048
6.848 -8.28296 -102928
6.849 -8.84161 -104813
6.85 -9.39826 -106704
6.851 -9.95216 -108600
6.852 -10.5026 -110501
6.853 -11.0489 -112406
6.854 -11.5903 -114314
6.855 -12.1261 -116225
6.856 -12.6555 -118138
6.857 -13.1779 -120052
6.858 -13.6925 -121968
6.859 -14.1986 -123884
6.86 -14.6956 -125800
6.861 -15.1829 -127716
6.862 -15.66 -129631
6.863 -16.1262 -131544
6.864 -16.581 -133454
6.865 -17.0241 -135362
6.866 -17.4549 -137267
6.867 -17.8732 -139168
6.868 -18.2786 -141065
6.869 -18.6709 -142958
6.87 -19.0499 -144845
6.871 -19.4154 -146726
6.872 -19.7674 -148602
6.873 -20.1057 -150471
6.874 -20.4306 -152333
6.875 -20.7418 -154188
6.876 -21.0397 -156035
6.877 -21.3243 -157874
6.878 -21.5958 -159705
6.879 -21.8543 -161527
6.88 -22.1003 -163340
6.881 -22.3338 -165144
6.882 -22.5553 -166938
6.883 -22.7649 -168722
6.884 -22.9633 -170496
6.885 -23.1505 -172260
6.886 -23.3271 -174013
6.887 -23.4933 -175756
6.888 -23.6498 -177488
6.889 -23.7966 -179209
6.89 -23.9343 -180919
6.891 -24.0633 -182618
6.892 -24.1839 -184305
6.893 -24.2965 -185982
6.894 -24.4017 -187647
6.895 -24.4996 -189301
6.896 -24.5907 -190943
6.897 -24.6754 -192575
6.898 -24.754 -194195
6.899 -24.8268 -195804
6.9 -24.8943 -197401
6.901 -24.9566 -198988
6.902 -25.0142 -200563
6.903 -25.0673 -202127
6.904 -25.1161 -203681
6.905 -25.161 -205223
6.906 -25.2022 -206754
6.907 -25.2398 -208275
6.908 -25.2743 -209784
6.909 -25.3058 -211283
6.91 -25.3345 -212771
6.911 -25.3605 -214249
6.912 -25.3841 -215715
6.913 -25.4055 -217172
6.914 -25.4248 -218617
6.915 -25.4422 -220053
6.916 -25.4578 -221478
6.917 -25.4718 -222892
6.918 -25.4843 -224297
6.919 -25.4953 -225691
6.92 -25.5052 -227075
6.921 -25.5138 -228449
6.922 -25.5215 -229813
6.923 -25.5281 -231167
6.924 -25.5339 -232511
6.925 -25.5389 -233843
6.926 -25.5432 -235164
6.927 -25.5468 -236475
6.928 -25.55 -237777
6.929 -25.5526 -239069
6.93 -25.5548 -240349
6.931 -25.5565 -241616
6.932 -25.5581 -242870
6.933 -25.5593 -244112
6.934 -25.5602 -245345
6.935 -25.5608 -246568
6.936 -25.5613 -247780
6.937 -25.5613 -248978
6.938 -25.5614 -250163
6.939 -25.5611 -251339
6.94 -25.5607 -252504
6.941 -25.5601 -253656
6.942 -25.5592 -254797
6.943 -25.558 -255928
6.944 -25.5565 -257049
6.945 -25.5547 -258159
6.946 -25.5525 -259259
6.947 -25.55 -260345
6.948 -25.547 -261411
6.949 -25.5435 -262465
6.95 -25.5396 -263509
6.951 -25.5335 -264542
6.952 -25.5308 -265436
6.953 -25.5251 -266258
6.954 -25.5197 -267023
6.955 -25.5123 -267585
6.956 -25.5041 -268142
6.957 -25.4948 -268694
6.958 -25.4845 -269242
6.959 -25.4731 -269785
6.96 -25.4606 -270323
6.961 -25.4469 -270857
6.962 -25.432 -271385
6.963 -25.4155 -271908
6.964 -25.3976 -272426
6.965 -25.378 -272939
6.966 -25.3567 -273445
6.967 -25.3335 -273946
6.968 -25.3084 -274442
6.969 -25.2813 -274931
6.97 -25.2521 -275414
6.971 -25.2206 -275890
6.972 -25.1869 -276361
6.973 -25.1506 -276824
6.974 -25.1117 -277281
6.975 -25.07 -277731
6.976 -25.0254 -278173
6.977 -24.9777 -278608
6.978 -24.9269 -279035
6.979 -24.8727 -279454
6.98 -24.8152 -279866
6.981 -24.7541 -280269
6.982 -24.6894 -280664
6.983 -24.6207 -281050
6.984 -24.548 -281428
6.985 -24.471 -281796
6.986 -24.3897 -282155
6.987 -24.3038 -282504
6.988 -24.2132 -282843
6.989 -24.1177 -283173
6.99 -24.0173 -283492
6.991 -23.9116 -283800
6.992 -23.8006 -284098
6.993 -23.6841 -284385
6.994 -23.562 -284660
6.995 -23.4339 -284924
6.996 -23.2998 -285177
6.997 -23.1595 -285417
6.998 -23.0128 -285645
6.999 -22.8595 -285860
7 -22.6996 -286063
7.001 -22.5327 -286253
7.002 -22.3588 -286429
7.003 -22.1776 -286592
7.004 -21.989 -286741
7.005 -21.7927 -286876
7.006 -21.5886 -286997
7.007 -21.3764 -287103
7.008 -21.156 -287195
7.009 -20.927 -287271
7.01 -20.6895 -287332
7.011 -20.4429 -287377
7.012 -20.1874 -287406
7.013 -19.9219 -287417
7.014 -19.6463 -287392
7.015 -19.3615 -287305
7.016 -19.0667 -287149
7.017 -18.7618 -286922
7.018 -18.4464 -286623
7.019 -18.1204 -286251
7.02 -17.7834 -285805
7.021 -17.4351 -285285
7.022 -17.0755 -284690
7.023 -16.7042 -284019
7.024 -16.3211 -283273
7.025 -15.926 -282451
7.026 -15.5186 -281552
7.027 -15.0986 -280576
7.028 -14.6658 -279524
7.029 -14.2198 -278395
7.03 -13.7603 -277188
7.031 -13.2871 -275904
7.032 -12.7998 -274544
7.033 -12.2982 -273106
7.034 -11.7821 -271593
7.035 -11.2511 -270005
7.036 -10.705 -268341
7.037 -10.1435 -266603
7.038 -9.56621 -264791
7.039 -8.97278 -262906
7.04 -8.3629 -260948
7.041 -7.73621 -258919
7.042 -7.09245 -256819
7.043 -6.43136 -254649
7.044 -5.7527 -252411
7.045 -5.05625 -250106
7.046 -4.34182 -247736
7.047 -3.60923 -245300
7.048 -2.85836 -242801
7.049 -2.08915 -240240
7.05 -1.30159 -237619
7.051 -0.495784 -234938
7.052 0.32801 -232200
7.053 1.16938 -229406
7.054 2.02773 -226558
7.055 2.90231 -223657
7.056 3.79216 -220706
7.057 4.69619 -217706
7.058 5.61309 -214658
7.059 6.5414 -211566
7.06 7.47942 -208430
7.061 8.42532 -205252
7.062 9.37705 -202035
7.063 10.3324 -198780
7.064 11.2891 -195489
7.065 12.2445 -192165
7.066 13.1961 -188808
7.067 14.1412 -185422
7.068 15.077 -182008
7.069 16.0009 -178568
7.07 16.9101 -175104
7.071 17.8021 -171617
7.072 18.6742 -168110
7.073 19.5242 -164585
7.074 20.3498 -161042
7.075 21.1494 -157485
7.076 21.9208 -153914
7.077 22.663 -150331
7.078 23.3745 -146737
7.079 24.0545 -143136
7.08 24.7023 -139527
7.081 25.3176 -135913
7.082 25.9002 -132295
7.083 26.4505 -128673
7.084 26.9687 -125050
7.085 27.4556 -121427
7.086 27.9117 -117804
7.087 28.3382 -114182
7.088 28.7358 -110564
7.089 29.1059 -106949
7.09 29.4494 -103339
7.091 29.7679 -99735.3
7.092 30.0623 -96137.9
7.093 30.3343 -92547.8
7.094 30.5849 -88965.6
7.095 30.8158 -85391.9
7.096 31.0279 -81827.5
7.097 31.2227 -78272.9
7.098 31.4012 -74728.7
7.099 31.5647 -71195.4
7.1 31.714 -67673.7
7.101 31.8505 -64164
7.102 31.9749 -60666.6
7.103 32.0884 -57182
7.104 32.1917 -53710.3
7.105 32.2858 -50251.8
7.106 32.3713 -46806.7
7.107 32.4492 -43375.4
7.108 32.5198 -39958
7.109 32.5841 -36554.8
7.11 32.6423 -33166
7.111 32.6952 -29791.8
7.112 32.7431 -26432.4
7.113 32.7868 -23087.7
7.114 32.8263 -19758
7.115 32.8624 -16443.4
7.116 32.895 -13143.9
7.117 32.925 -9859.56
7.118 32.9522 -6590.57
7.119 32.9772 -3336.96
7.12 32.9999 -98.8074
7.121 33.021 3123.81
7.122 33.0403 6330.81
7.123 33.0582 9522.11
7.124 33.0747 12697.6
7.125 33.0902 15857.2
7.126 33.1046 19000.8
7.127 33.1182 22128.4
7.128 33.1309 25239.9
7.129 33.1431 28335.2
7.13 33.1547 31414.2
7.131 33.1659 34476.8
7.132 33.1765 37523.1
7.133 33.187 40552.8
7.134 33.1971 43566
7.135 33.2071 46562.6
7.136 33.2168 49542.4
7.137 33.2266 52505.5
7.138 33.2361 55451.7
7.139 33.2458 58380.9
7.14 33.2554 61293.2
7.141 33.2652 64188.5
7.142 33.275 67066.6
7.143 33.2851 69927.7
7.144 33.2952 72771.8
7.145 33.3057 75598.7
7.146 33.3164 78408.6
7.147 33.3275 81201.4
7.148 33.3389 83977.1
7.149 33.3507 86735.7
7.15 33.3628 89477.2
7.151 33.3756 92201.6
7.152 33.3886 94909.1
7.153 33.4025 97599.7
7.154 33.4168 100274
7.155 33.432 102931
7.156 33.4479 105572
7.157 33.4647 108196
7.158 33.4823 110805
7.159 33.5009 113397
7.16 33.5203 115973
7.161 33.541 118534
7.162 33.5625 121079
7.163 33.5854 123608
7.164 33.6095 126122
7.165 33.635 128622
7.166 33.6618 131106
7.167 33.6902 133576
7.168 33.72 136032
7.169 33.7515 138474
7.17 33.7845 140901
7.171 33.8193 143315
7.172 33.8557 145715
7.173 33.8942 148102
7.174 33.9344 150476
7.175 33.9768 152837
7.176 34.0211 155186
7.177 34.0678 157522
7.178 34.1165 159846
7.179 34.1676 162159
7.18 34.2208 164459
7.181 34.2766 166749
7.182 34.3346 169026
7.183 34.3952 171293
7.184 34.4581 173549
7.185 34.5239 175794
7.186 34.592 178029
7.187 34.663 180253
7.188 34.7365 182467
7.189 34.8129 184671
7.19 34.8918 186865
7.191 34.9736 189049
7.192 35.058 191222
7.193 35.1452 193386
7.194 35.235 195540
7.195 35.3275 197684
7.196 35.4226 199818
7.197 35.5205 201942
7.198 35.6208 204057
7.199 35.7238 206161
7.2 35.8292 208254
7.201 35.9373 210338
7.202 36.0475 212411
7.203 36.1602 214474
7.204 36.2748 216525
7.205 36.3915 218566
7.206 36.5099 220595
7.207 36.6303 222612
7.208 36.7521 224617
7.209 36.8757 226610
7.21 37.0006 228591
7.211 37.1271 230560
7.212 37.2545 232515
7.213 37.3831 234457
7.214 37.5121 236384
7.215 37.6418 238298
7.216 37.7717 240197
7.217 37.9019 242081
7.218 38.0319 243949
7.219 38.1621 245803
7.22 38.2919 247640
7.221 38.4215 249461
7.222 38.5503 251265
7.223 38.6783 253052
7.224 38.805 254822
7.225 38.9304 256574
7.226 39.0539 258307
7.227 39.1759 260022
7.228 39.2958 261718
7.229 39.4137 263395
7.23 39.5294 265053
7.231 39.6429 266691
7.232 39.7536 268309
7.233 39.8616 269907
7.234 39.9663 271485
7.235 40.0679 273042
7.236 40.1657 274578
7.237 40.26 276093
7.238 40.3504 277587
7.239 40.437 279059
7.24 40.5195 280510
7.241 40.5982 281940
7.242 40.6724 283348
7.243 40.7423 284734
7.244 40.8073 286099
7.245 40.8678 287442
7.246 40.9231 288763
7.247 40.9736 290062
7.248 41.0188 291340
7.249 41.0591 292596
7.25 41.094 293830
7.251 41.1239 295043
7.252 41.1483 296234
7.253 41.1675 297404
7.254 41.181 298553
7.255 41.1893 299681
7.256 41.1918 300788
7.257 41.1889 301874
7.258 41.1803 302939
7.259 41.1663 303984
7.26 41.1464 305009
7.261 41.1211 306014
7.262 41.09 306999
7.263 41.0536 307964
7.264 41.0113 308910
7.265 40.9636 309836
7.266 40.9102 310744
7.267 40.8514 311633
7.268 40.7868 312503
7.269 40.7168 313354
7.27 40.641 314188
7.271 40.5598 315003
7.272 40.4729 315801
7.273 40.3808 316582
7.274 40.283 317345
7.275 40.1801 318091
7.276 40.0716 318820
7.277 39.9581 319533
7.278 39.839 320229
7.279 39.7147 320909
7.28 39.585 321573
7.281 39.4501 322222
7.282 39.3097 322854
7.283 39.1644 323472
7.284 39.0139 324074
7.285 38.8586 324662
7.286 38.6981 325235
7.287 38.5329 325793
7.288 38.3626 326337
7.289 38.1875 326867
7.29 38.0073 327383
7.291 37.8224 327885
7.292 37.6324 328374
7.293 37.4379 328850
7.294 37.2386 329312
7.295 37.0348 329761
7.296 36.8264 330197
7.297 36.6137 330621
7.298 36.3963 331033
7.299 36.1746 331432
7.3 35.9483 331819
7.301 35.7175 332194
7.302 35.4822 332557
7.303 35.2426 332909
7.304 34.9985 333249
7.305 34.7502 333578
7.306 34.4974 333895
7.307 34.2403 334202
7.308 33.9788 334498
7.309 33.7129 334782
7.31 33.4425 335056
7.311 33.1676 335320
7.312 32.8881 335573
7.313 32.6042 335816
7.314 32.3155 336048
7.315 32.0224 336270
7.316 31.7244 336483
7.317 31.4217 336685
7.318 31.1141 336878
7.319 30.8016 337060
7.32 30.484 337233
7.321 30.1614 337397
7.322 29.8333 337551
7.323 29.4999 337696
7.324 29.1608 337831
7.325 28.816 337956
7.326 28.4653 338073
7.327 28.1085 338180
7.328 27.7453 338278
7.329 27.3757 338367
7.33 26.9993 338446
7.331 26.616 338517
7.332 26.2253 338578
7.333 25.8271 338629
7.334 25.4208 338671
7.335 25.0063 338703
7.336 24.583 338725
7.337 24.1505 338733
7.338 23.7069 338716
7.339 23.2527 338663
7.34 22.7888 338491
7.341 22.3175 338199
7.342 21.8337 337815
7.343 21.339 337316
7.344 20.8324 336702
7.345 20.3138 335973
7.346 19.7824 335130
7.347 19.238 334172
7.348 18.6796 333099
7.349 18.107 331912
7.35 17.5193 330609
7.351 16.9161 329192
7.352 16.2965 327661
7.353 15.6599 326016
7.354 15.0054 324256
7.355 14.3324 322382
7.356 13.6399 320394
7.357 12.9272 318294
7.358 12.1933 316080
7.359 11.4375 313753
7.36 10.6586 311314
7.361 9.85585 308764
7.362 9.02823 306103
7.363 8.17481 303331
7.364 7.29457 300450
7.365 6.3866 297460
7.366 5.44995 294361
7.367 4.48379 291156
7.368 3.48731 287844
7.369 2.45986 284426
7.37 1.40089 280905
7.371 0.310118 277281
7.372 -0.812471 273555
7.373 -1.96647 269729
7.374 -3.15106 265805
7.375 -4.36499 261785
7.376 -5.60657 257669
7.377 -6.87363 253461
7.378 -8.16354 249161
7.379 -9.47308 244773
7.38 -10.7986 240297
7.381 -12.136 235736
7.382 -13.4804 231093
7.383 -14.8269 226370
7.384 -16.1699 221569
7.385 -17.5037 216693
7.386 -18.8227 211745
7.387 -20.1208 206727
7.388 -21.3926 201642
7.389 -22.6324 196492
7.39 -23.8356 191281
7.391 -24.9972 186010
7.392 -26.1137 180684
7.393 -27.1814 175304
7.394 -28.1982 169874
7.395 -29.1619 164397
7.396 -30.072 158875
7.397 -30.9275 153311
7.398 -31.7293 147709
7.399 -32.4778 142071
7.4 -33.175 136400
7.401 -33.822 130699
7.402 -34.4218 124972
7.403 -34.9758 119220
7.404 -35.4874 113447
7.405 -35.9585 107656
7.406 -36.3926 101849
7.407 -36.7914 96031.1
7.408 -37.1585 90203.5
7.409 -37.4955 84369.5
7.41 -37.8056 78532.1
7.411 -38.0904 72694.1
7.412 -38.3526 66858.5
7.413 -38.5936 61028.2
7.414 -38.8159 55206
7.415 -39.0203 49394.9
7.416 -39.2092 43597.7
7.417 -39.3833 37817.1
7.418 -39.5445 32055.9
7.419 -39.6932 26316.9
7.42 -39.8312 20602.8
7.421 -39.9587 14916.1
7.422 -40.0772 9259.58
7.423 -40.1867 3635.88
7.424 -40.2886 -1952.42
7.425 -40.3826 -7502.79
7.426 -40.4702 -13012.8
7.427 -40.5508 -18480
7.428 -40.6258 -23902.1
7.429 -40.6947 -29276.9
7.43 -40.7587 -34602.2
7.431 -40.8171 -39875.9
7.432 -40.8711 -45095.9
7.433 -40.92 -50260.2
7.434 -40.9647 -55366.7
7.435 -41.0046 -60413.7
7.436 -41.0407 -65399.4
7.437 -41.0722 -70322
7.438 -41.1001 -75180.2
7.439 -41.1236 -79972.6
7.44 -41.1438 -84697.7
7.441 -41.1597 -89354.4
7.442 -41.1724 -93941.4
7.443 -41.1809 -98457.6
7.444 -41.186 -102902
7.445 -41.187 -107274
7.446 -41.1847 -111572
7.447 -41.1783 -115796
7.448 -41.1686 -119946
7.449 -41.1548 -124020
7.45 -41.1378 -128019
7.451 -41.1167 -131942
7.452 -41.0925 -135790
7.453 -41.064 -139562
7.454 -41.0322 -143258
7.455 -40.9962 -146877
7.456 -40.9568 -150422
7.457 -40.913 -153890
7.458 -40.8659 -157284
7.459 -40.8144 -160603
7.46 -40.7595 -163848
7.461 -40.7003 -167019
7.462 -40.6375 -170117
7.463 -40.5703 -173143
7.464 -40.4995 -176098
7.465 -40.4241 -178981
7.466 -40.345 -181794
7.467 -40.2613 -184539
7.468 -40.1738 -187214
7.469 -40.0817 -189822
7.47 -39.9857 -192364
7.471 -39.885 -194840
7.472 -39.7804 -197252
7.473 -39.671 -199600
7.474 -39.5577 -201885
7.475 -39.4395 -204109
7.476 -39.3172 -206273
7.477 -39.1901 -208377
7.478 -39.0588 -210423
7.479 -38.9225 -212411
7.48 -38.7821 -214343
7.481 -38.6366 -216219
7.482 -38.4869 -218041
7.483 -38.3321 -219810
7.484 -38.173 -221527
7.485 -38.0088 -223193
7.486 -37.8403 -224808
7.487 -37.6665 -226374
7.488 -37.4884 -227892
7.489 -37.305 -229362
7.49 -37.117 -230785
7.491 -36.9237 -232163
7.492 -36.7259 -233497
7.493 -36.5227 -234786
7.494 -36.3149 -236032
7.495 -36.1019 -237236
7.496 -35.8842 -238399
7.497 -35.6611 -239522
7.498 -35.4333 -240604
7.499 -35.2 -241648
7.5 -34.9619 -242653
7.501 -34.7183 -243620
7.502 -34.4697 -244551
7.503 -34.2156 -245445
7.504 -33.9566 -246304
7.505 -33.692 -247127
7.506 -33.4224 -247917
7.507 -33.1471 -248672
7.508 -32.8668 -249394
7.509 -32.5806 -250084
7.51 -32.2892 -250741
7.511 -31.9918 -251367
7.512 -31.6889 -251961
7.513 -31.3801 -252525
7.514 -31.0657 -253058
7.515 -30.7451 -253562
7.516 -30.4189 -254036
7.517 -30.0862 -254481
7.518 -29.7477 -254897
7.519 -29.4025 -255285
7.52 -29.0511 -255645
7.521 -28.6928 -255976
7.522 -28.3279 -256281
7.523 -27.9559 -256558
7.524 -27.5769 -256808
7.525 -27.1904 -257031
7.526 -26.7966 -257227
7.527 -26.3949 -257397
7.528 -25.9854 -257540
7.529 -25.5674 -257657
7.53 -25.1412 -257748
7.531 -24.7058 -257813
7.532 -24.2614 -257850
7.533 -23.8058 -257846
7.534 -23.3406 -257779
7.535 -22.8651 -257594
7.536 -22.3792 -257291
7.537 -21.8821 -256870
7.538 -21.3736 -256331
7.539 -20.853 -255674
7.54 -20.3202 -254899
7.541 -19.7743 -254007
7.542 -19.215 -252996
7.543 -18.6414 -251868
7.544 -18.0531 -250622
7.545 -17.4492 -249259
7.546 -16.8292 -247777
7.547 -16.1921 -246178
7.548 -15.5373 -244461
7.549 -14.864 -242627
7.55 -14.1714 -240676
7.551 -13.4585 -238608
7.552 -12.7245 -236424
7.553 -11.9683 -234122
7.554 -11.1889 -231705
7.555 -10.3851 -229171
7.556 -9.55603 -226521
7.557 -8.70045 -223756
7.558 -7.81735 -220876
7.559 -6.90562 -217881
7.56 -5.96423 -214771
7.561 -4.99215 -211549
7.562 -3.98848 -208214
7.563 -2.95239 -204767
7.564 -1.88318 -201209
7.565 -0.780354 -197541
7.566 0.356343 -193764
7.567 1.5268 -189880
7.568 2.73047 -185890
7.569 3.96632 -181795
7.57 5.23287 -177596
7.571 6.52808 -173296
7.572 7.84927 -168896
7.573 9.19321 -164399
7.574 10.556 -159807
7.575 11.9333 -155122
7.576 13.3202 -150347
7.577 14.7114 -145485
7.578 16.1009 -140538
7.579 17.4829 -135509
7.58 18.851 -130401
7.581 20.199 -125217
7.582 21.5202 -119960
7.583 22.809 -114634
7.584 24.0592 -109243
7.585 25.266 -103790
7.586 26.4246 -98279.4
7.587 27.5317 -92714.8
7.588 28.584 -87099.9
7.589 29.58 -81438.5
7.59 30.5179 -75734.4
7.591 31.3978 -69991.4
7.592 32.2194 -64214
7.593 32.984 -58406.5
7.594 33.6924 -52573.4
7.595 34.3471 -46719.1
7.596 34.9498 -40847.8
7.597 35.5035 -34964.1
7.598 36.0104 -29072
7.599 36.474 -23175.9
7.6 36.8964 -17280
7.601 37.2812 -11388.4
7.602 37.6305 -5505.5
7.603 37.9475 364.335
7.604 38.2339 6216.84
7.605 38.493 12047.8
7.606 38.726 17853.2
7.607 38.9358 23628.8
7.608 39.1236 29370.9
7.609 39.2918 35075.5
7.61 39.4412 40739
7.611 39.5741 46357.7
7.612 39.6908 51928
7.613 39.7935 57446.7
7.614 39.8823 62910.4
7.615 39.9589 68316.1
7.616 40.0235 73660.6
7.617 40.0775 78941.2
7.618 40.1208 84155.1
7.619 40.1549 89299.8
7.62 40.1794 94372.8
7.621 40.1957 99372
7.622 40.2033 104295
7.623 40.2035 109141
7.624 40.1959 113907
7.625 40.1816 118593
7.626 40.1602 123196
7.627 40.1325 127716
7.628 40.0982 132152
7.629 40.0581 136503
7.63 40.0117 140767
7.631 39.96 144945
7.632 39.9023 149036
7.633 39.8396 153041
7.634 39.7713 156958
7.635 39.6984 160788
7.636 39.6202 164532
7.637 39.5377 168189
7.638 39.45 171761
7.639 39.3582 175247
7.64 39.2614 178649
7.641 39.1606 181966
7.642 39.0551 185200
7.643 38.9458 188352
7.644 38.832 191423
7.645 38.7146 194414
7.646 38.5929 197326
7.647 38.4676 200160
7.648 38.3381 202918
7.649 38.2053 205600
7.65 38.0682 208208
7.651 37.9279 210743
7.652 37.7835 213206
7.653 37.636 215600
7.654 37.4846 217924
7.655 37.3302 220182
7.656 37.172 222374
7.657 37.0109 224501
7.658 36.8462 226565
7.659 36.6785 228567
7.66 36.5072 230509
7.661 36.333 232392
7.662 36.1552 234217
7.663 35.9747 235985
7.664 35.7906 237699
7.665 35.6037 239358
7.666 35.4133 240965
7.667 35.2201 242520
7.668 35.0235 244025
7.669 34.824 245480
7.67 34.6211 246888
7.671 34.4152 248248
7.672 34.2059 249562
7.673 33.9935 250832
7.674 33.7776 252057
7.675 33.5586 253239
7.676 33.3359 254379
7.677 33.1101 255478
7.678 32.8804 256536
7.679 32.6475 257554
7.68 32.4107 258533
7.681 32.1704 259474
7.682 31.9261 260378
7.683 31.6782 261245
7.684 31.426 262075
7.685 31.17 262870
7.686 30.9095 263630
7.687 30.6449 264355
7.688 30.3756 265046
7.689 30.102 265703
7.69 29.8234 266328
7.691 29.5404 266919
7.692 29.2521 267479
7.693 28.9591 268006
7.694 28.6606 268502
7.695 28.357 268967
7.696 28.0478 269401
7.697 27.7331 269804
7.698 27.4124 270177
7.699 27.0859 270520
7.7 26.7531 270833
7.701 26.4142 271116
7.702 26.0687 271370
7.703 25.7166 271595
7.704 25.3576 271790
7.705 24.9917 271957
7.706 24.6183 272094
7.707 24.2377 272203
7.708 23.8491 272283
7.709 23.4527 272334
7.71 23.0471 272351
7.711 22.6323 272314
7.712 22.2093 272190
7.713 21.7774 271966
7.714 21.3363 271643
7.715 20.8858 271220
7.716 20.4254 270699
7.717 19.9551 270079
7.718 19.4742 269361
7.719 18.9828 268546
7.72 18.4802 267633
7.721 17.9663 266623
7.722 17.4405 265516
7.723 16.9027 264314
7.724 16.3523 263017
7.725 15.789 261625
7.726 15.2124 260140
7.727 14.6221 258563
7.728 14.0176 256893
7.729 13.3984 255132
7.73 12.764 253282
7.731 12.114 251342
7.732 11.4479 249315
7.733 10.7652 247200
7.734 10.0655 245001
7.735 9.34824 242717
7.736 8.61296 240351
7.737 7.85922 237904
7.738 7.08652 235377
7.739 6.29447 232772
7.74 5.48262 230091
7.741 4.65064 227334
7.742 3.79823 224504
7.743 2.92521 221603
7.744 2.03148 218632
7.745 1.11702 215594
7.746 0.182011 212490
7.747 -0.773228 209322
7.748 -1.7481 206093
7.749 -2.74177 202803
7.75 -3.75313 199457
7.751 -4.78084 196055
7.752 -5.82331 192600
7.753 -6.87866 189093
7.754 -7.94477 185538
7.755 -9.01923 181936
7.756 -10.0994 178289
7.757 -11.1824 174600
7.758 -12.2652 170871
7.759 -13.3445 167104
7.76 -14.4169 163302
7.761 -15.4788 159466
7.762 -16.527 155599
7.763 -17.5578 151703
7.764 -18.5681 147779
7.765 -19.5545 143831
7.766 -20.5142 139859
7.767 -21.4442 135867
7.768 -22.3423 131855
7.769 -23.2061 127825
7.77 -24.0341 123781
7.771 -24.8247 119723
7.772 -25.5772 115654
7.773 -26.2908 111574
7.774 -26.9656 107486
7.775 -27.6013 103391
7.776 -28.1988 99290.1
7.777 -28.7585 95185.2
7.778 -29.2816 91077.8
7.779 -29.769 86969.2
7.78 -30.2223 82860.7
7.781 -30.6426 78753.9
7.782 -31.0319 74649.9
7.783 -31.3915 70550
7.784 -31.7233 66455.3
7.785 -32.0286 62366.9
7.786 -32.3095 58286.2
7.787 -32.5671 54214.1
7.788 -32.8036 50151.7
7.789 -33.0198 46100.2
7.79 -33.2178 42060.5
7.791 -33.3984 38033.8
7.792 -33.5634 34020.9
7.793 -33.7135 30022.8
7.794 -33.8504 26040.6
7.795 -33.9746 22075
7.796 -34.0876 18127
7.797 -34.1897 14197.5
7.798 -34.2825 10287.3
7.799 -34.366 6397.26
7.8 -34.4416 2528.16
7.801 -34.5093 -1319.21
7.802 -34.5703 -5144.05
7.803 -34.6246 -8945.6
7.804 -34.6732 -12723.1
7.805 -34.716 -16475.9
7.806 -34.7539 -20203.1
7.807 -34.7869 -23904.3
7.808 -34.8157 -27578.6
7.809 -34.8401 -31225.5
7.81 -34.861 -34844.4
7.811 -34.878 -38434.7
7.812 -34.8919 -41995.6
7.813 -34.9023 -45526.6
7.814 -34.91 -49027.1
7.815 -34.9143 -52496.3
7.816 -34.9162 -55933.8
7.817 -34.9151 -59338.9
7.818 -34.9117 -62711.3
7.819 -34.9055 -66050.3
7.82 -34.8972 -69355.5
7.821 -34.8863 -72626.5
7.822 -34.8734 -75862.7
7.823 -34.8579 -79063.6
7.824 -34.8404 -82228.7
7.825 -34.8204 -85357.5
7.826 -34.7984 -88449.7
7.827 -34.7738 -91504.8
7.828 -34.7474 -94522.5
7.829 -34.7184 -97502.5
7.83 -34.6876 -100444
7.831 -34.6542 -103348
7.832 -34.6191 -106213
7.833 -34.5815 -109039
7.834 -34.542 -111826
7.835 -34.5001 -114575
7.836 -34.4564 -117284
7.837 -34.4104 -119953
7.838 -34.3625 -122584
7.839 -34.3122 -125175
7.84 -34.2602 -127726
7.841 -34.2058 -130239
7.842 -34.1497 -132712
7.843 -34.0914 -135145
7.844 -34.0314 -137540
7.845 -33.9692 -139896
7.846 -33.9055 -142214
7.847 -33.8397 -144493
7.848 -33.7724 -146734
7.849 -33.703 -148937
7.85 -33.6321 -151103
7.851 -33.5593 -153231
7.852 -33.4852 -155322
7.853 -33.4092 -157377
7.854 -33.3321 -159396
7.855 -33.2534 -161380
7.856 -33.1737 -163328
7.857 -33.0925 -165242
7.858 -33.0105 -167122
7.859 -32.927 -168968
7.86 -32.8428 -170781
7.861 -32.7574 -172562
7.862 -32.6714 -174310
7.863 -32.5843 -176028
7.864 -32.4968 -177714
7.865 -32.4084 -179370
7.866 -32.3198 -180997
7.867 -32.2304 -182594
7.868 -32.141 -184163
7.869 -32.051 -185704
7.87 -31.9609 -187217
7.871 -31.8705 -188704
7.872 -31.7802 -190165
7.873 -31.6895 -191600
7.874 -31.5992 -193009
7.875 -31.5086 -194395
7.876 -31.4185 -195756
7.877 -31.3282 -197094
7.878 -31.2385 -198409
7.879 -31.1489 -199701
7.88 -31.0598 -200972
7.881 -30.9708 -202221
7.882 -30.8825 -203449
7.883 -30.7944 -204657
7.884 -30.707 -205845
7.885 -30.6198 -207014
7.886 -30.5333 -208163
7.887 -30.4471 -209294
7.888 -30.3616 -210406
7.889 -30.2765 -211501
7.89 -30.1921 -212578
7.891 -30.1081 -213638
7.892 -30.0249 -214681
7.893 -29.9419 -215708
7.894 -29.8597 -216719
7.895 -29.7777 -217714
7.896 -29.6964 -218694
7.897 -29.6152 -219658
7.898 -29.5347 -220608
7.899 -29.4544 -221542
7.9 -29.3747 -222463
7.901 -29.2951 -223369
7.902 -29.216 -224262
7.903 -29.137 -225141
7.904 -29.0585 -226006
7.905 -28.9798 -226858
7.906 -28.9015 -227697
7.907 -28.8231 -228523
7.908 -28.7449 -229336
7.909 -28.6665 -230137
7.91 -28.5884 -230926
7.911 -28.5099 -231702
7.912 -28.4316 -232466
7.913 -28.3529 -233218
7.914 -28.2741 -233959
7.915 -28.1949 -234688
7.916 -28.1156 -235405
7.917 -28.0356 -236111
7.918 -27.9554 -236805
7.919 -27.8746 -237488
7.92 -27.7935 -238160
7.921 -27.7116 -238821
7.922 -27.6293 -239472
7.923 -27.5461 -240111
7.924 -27.4623 -240739
7.925 -27.3775 -241357
7.926 -27.2919 -241964
7.927 -27.2052 -242560
7.928 -27.1176 -243146
7.929 -27.0287 -243721
7.93 -26.9389 -244285
7.931 -26.8477 -244839
7.932 -26.7554 -245382
7.933 -26.6615 -245915
7.934 -26.5663 -246438
7.935 -26.4692 -246950
7.936 -26.3706 -247451
7.937 -26.2701 -247941
7.938 -26.1678 -248421
7.939 -26.0633 -248891
7.94 -25.957 -249349
7.941 -25.8484 -249797
7.942 -25.7376 -250234
7.943 -25.6241 -250660
7.944 -25.5082 -251075
7.945 -25.3892 -251479
7.946 -25.2674 -251872
7.947 -25.1423 -252253
7.948 -25.014 -252622
7.949 -24.882 -252980
7.95 -24.7467 -253326
7.951 -24.6074 -253659
7.952 -24.4643 -253981
7.953 -24.3168 -254290
7.954 -24.1649 -254586
7.955 -24.0082 -254870
7.956 -23.8466 -255140
7.957 -23.6797 -255397
7.958 -23.5075 -255640
7.959 -23.3294 -255869
7.96 -23.1457 -256084
7.961 -22.9557 -256284
7.962 -22.7594 -256470
7.963 -22.5562 -256641
7.964 -22.346 -256796
7.965 -22.1281 -256935
7.966 -21.9027 -257058
7.967 -21.6689 -257164
7.968 -21.4268 -257253
7.969 -21.1757 -257324
7.97 -20.9156 -257378
7.971 -20.6458 -257413
7.972 -20.3659 -257428
7.973 -20.0745 -257404
7.974 -19.7728 -257316
7.975 -19.4599 -257150
7.976 -19.1353 -256904
7.977 -18.7985 -256576
7.978 -18.4493 -256165
7.979 -18.0868 -255670
7.98 -17.7109 -255087
7.981 -17.3208 -254417
7.982 -16.9162 -253657
7.983 -16.4965 -252806
7.984 -16.0614 -251863
7.985 -15.6101 -250827
7.986 -15.1422 -249696
7.987 -14.657 -248469
7.988 -14.1541 -247146
7.989 -13.6326 -245724
7.99 -13.0919 -244204
7.991 -12.5314 -242583
7.992 -11.9504 -240862
7.993 -11.3482 -239041
7.994 -10.7243 -237118
7.995 -10.0778 -235093
7.996 -9.4082 -232967
7.997 -8.71458 -230739
7.998 -7.99626 -228409
7.999 -7.25241 -225977
8 -6.48228 -223443
8.001 -5.6851 -220807
8.002 -4.86027 -218070
8.003 -4.00722 -215232
8.004 -3.12546 -212294
8.005 -2.21454 -209258
8.006 -1.27416 -206124
8.007 -0.304126 -202893
8.008 0.695557 -199567
8.009 1.7246 -196146
8.01 2.7824 -192632
8.011 3.868 -189026
8.012 4.98002 -185331
8.013 6.11667 -181547
8.014 7.27578 -177679
8.015 8.45482 -173726
8.016 9.65082 -169693
8.017 10.8605 -165582
8.018 12.0801 -161393
8.019 13.3057 -157131
8.02 14.5327 -152798
8.021 15.7568 -148396
8.022 16.9729 -143928
8.023 18.1761 -139397
8.024 19.3613 -134806
8.025 20.5237 -130160
8.026 21.6586 -125459
8.027 22.7617 -120709
8.028 23.8289 -115911
8.029 24.8569 -111069
8.03 25.8425 -106186
8.031 26.7835 -101266
8.032 27.6778 -96311.8
8.033 28.5244 -91326.7
8.034 29.3221 -86314.5
8.035 30.0711 -81278.6
8.036 30.7715 -76222.5
8.037 31.4243 -71149.6
8.038 32.0304 -66063.2
8.039 32.5917 -60966.7
8.04 33.1094 -55863.3
8.041 33.586 -50756.4
8.042 34.0231 -45649.4
8.043 34.4231 -40545.6
8.044 34.7878 -35448.3
8.045 35.1199 -30361
8.046 35.4208 -25286.7
8.047 35.6931 -20228.8
8.048 35.9384 -15190.1
8.049 36.1591 -10173.9
8.05 36.3562 -5182.95
8.051 36.5322 -220.244
8.052 36.6879 4711.48
8.053 36.8255 9609.52
8.054 36.9455 14471.3
8.055 37.05 19294.2
8.056 37.1394 24075.9
8.057 37.2152 28813.8
8.058 37.2779 33505.9
8.059 37.3289 38149.8
8.06 37.3683 42743.5
8.061 37.3975 47284.9
8.062 37.4164 51772.4
8.063 37.4263 56204.1
8.064 37.4271 60578.7
8.065 37.42 64894.5
8.066 37.4046 69150.2
8.067 37.3821 73344.4
8.068 37.3522 77476
8.069 37.3157 81543.8
8.07 37.2724 85546.7
8.071 37.2231 89483.9
8.072 37.1674 93354.7
8.073 37.1064 97158.5
8.074 37.0395 100895
8.075 36.9676 104563
8.076 36.8903 108164
8.077 36.8083 111696
8.078 36.7212 115159
8.079 36.6298 118553
8.08 36.5335 121879
8.081 36.433 125136
8.082 36.3279 128324
8.083 36.219 131444
8.084 36.1057 134496
8.085 35.9888 137481
8.086 35.8678 140398
8.087 35.7434 143249
8.088 35.615 146034
8.089 35.4833 148753
8.09 35.3478 151407
8.091 35.2091 153997
8.092 35.0668 156523
8.093 34.9214 158986
8.094 34.7725 161386
8.095 34.6207 163726
8.096 34.4655 166005
8.097 34.3076 168224
8.098 34.1464 170384
8.099 33.9825 172486
8.1 33.8153 174531
8.101 33.6455 176519
8.102 33.4725 178451
8.103 33.297 180329
8.104 33.1184 182153
8.105 32.9374 183924
8.106 32.7533 185643
8.107 32.5668 187311
8.108 32.3773 188928
8.109 32.1855 190495
8.11 31.9907 192014
8.111 31.7935 193485
8.112 31.5934 194908
8.113 31.3909 196285
8.114 31.1856 197617
8.115 30.9779 198904
8.116 30.7675 200147
8.117 30.5547 201347
8.118 30.3391 202504
8.119 30.1212 203620
8.12 29.9005 204695
8.121 29.6775 205729
8.122 29.4516 206724
8.123 29.2234 207679
8.124 28.9923 208596
8.125 28.7587 209476
8.126 28.5223 210318
8.127 28.2834 211123
8.128 28.0416 211893
8.129 27.7972 212627
8.13 27.5499 213326
8.131 27.2999 213990
8.132 27.0469 214620
8.133 26.7911 215217
8.134 26.5322 215780
8.135 26.2704 216311
8.136 26.0054 216809
8.137 25.7374 217276
8.138 25.4661 217711
8.139 25.1917 218115
8.14 24.9139 218487
8.141 24.6328 218830
8.142 24.3481 219142
8.143 24.06 219424
8.144 23.7681 219676
8.145 23.4727 219899
8.146 23.1733 220093
8.147 22.8701 220258
8.148 22.5628 220393
8.149 22.2515 220501
8.15 21.9358 220580
8.151 21.6159 220630
8.152 21.291 220650
8.153 20.9611 220628
8.154 20.6269 220550
8.155 20.2879 220408
8.156 19.9439 220202
8.157 19.5949 219934
8.158 19.2406 219602
8.159 18.8811 219208
8.16 18.5159 218753
8.161 18.1452 218236
8.162 17.7686 217657
8.163 17.3862 217018
8.164 16.9975 216319
8.165 16.6027 215560
8.166 16.2014 214742
8.167 15.7935 213865
8.168 15.3787 212930
8.169 14.9571 211937
8.17 14.5282 210887
8.171 14.092 209781
8.172 13.6483 208619
8.173 13.1968 207402
8.174 12.7373 206130
8.175 12.2697 204804
8.176 11.7937 203425
8.177 11.3091 201994
8.178 10.8157 200510
8.179 10.3133 198976
8.18 9.80153 197391
8.181 9.28035 195757
8.182 8.74938 194074
8.183 8.20842 192343
8.184 7.65714 190564
8.185 7.09533 188738
8.186 6.5227 186865
8.187 5.93905 184948
8.188 5.34411 182985
8.189 4.73772 180978
8.19 4.11968 178928
8.191 3.48983 176836
8.192 2.84804 174702
8.193 2.19422 172527
8.194 1.5283 170312
8.195 0.850282 168057
8.196 0.160235 165764
8.197 -0.541697 163434
8.198 -1.25526 161067
8.199 -1.98011 158664
8.2 -2.71577 156226
8.201 -3.46167 153754
8.202 -4.21712 151250
8.203 -4.98127 148714
8.204 -5.75321 146147
8.205 -6.53187 143551
8.206 -7.31615 140927
8.207 -8.10475 138276
8.208 -8.89637 135600
8.209 -9.68952 132898
8.21 -10.4827 130174
8.211 -11.2743 127428
8.212 -12.0627 124661
8.213 -12.8459 121874
8.214 -13.6224 119070
8.215 -14.3902 116250
8.216 -15.1476 113415
8.217 -15.8928 110566
8.218 -16.6241 107705
8.219 -17.3399 104834
8.22 -18.0388 101953
8.221 -18.7191 99063.5
8.222 -19.3797 96167.9
8.223 -20.0193 93267.1
8.224 -20.6369 90362.4
8.225 -21.2316 87455.2
8.226 -21.8028 84546.8
8.227 -22.3497 81638.5
8.228 -22.8722 78731.6
8.229 -23.3698 75827.3
8.23 -23.8427 72926.9
8.231 -24.2905 70031.5
8.232 -24.7139 67142.4
8.233 -25.1128 64260.7
8.234 -25.4878 61387.5
8.235 -25.8393 58523.9
8.236 -26.1681 55670.9
8.237 -26.4745 52829.8
8.238 -26.7595 50001.3
8.239 -27.0236 47186.6
8.24 -27.2679 44386.6
8.241 -27.4928 41602.3
8.242 -27.6995 38834.5
8.243 -27.8883 36084.1
8.244 -28.0606 33352
8.245 -28.2167 30639.1
8.246 -28.3578 27946.2
8.247 -28.4842 25274.1
8.248 -28.5971 22623.4
8.249 -28.6968 19995
8.25 -28.7844 17389.7
8.251 -28.86 14808
8.252 -28.9248 12250.7
8.253 -28.9788 9718.57
8.254 -29.023 7212.29
8.255 -29.0575 4732.54
8.256 -29.0832 2279.98
8.257 -29.1001 -144.758
8.258 -29.109 -2541.06
8.259 -29.1099 -4908.34
8.26 -29.1037 -7246.02
8.261 -29.0901 -9553.56
8.262 -29.07 -11830.4
8.263 -29.0432 -14076
8.264 -29.0104 -16289.9
8.265 -28.9714 -18471.6
8.266 -28.9269 -20620.6
8.267 -28.8766 -22736.5
8.268 -28.8212 -24818.9
8.269 -28.7604 -26867.2
8.27 -28.6948 -28881.2
8.271 -28.6242 -30860.5
8.272 -28.5491 -32804.7
8.273 -28.4692 -34713.7
8.274 -28.3852 -36587.3
8.275 -28.2967 -38425.1
8.276 -28.2043 -40227
8.277 -28.1077 -41992.9
8.278 -28.0073 -43722.5
8.279 -27.903 -45415.7
8.28 -27.795 -47072.3
8.281 -27.6832 -48692.3
8.282 -27.568 -50275.6
8.283 -27.4491 -51822.2
8.284 -27.3271 -53332.2
8.285 -27.2016 -54805.6
8.286 -27.0731 -56242.4
8.287 -26.9413 -57642.8
8.288 -26.8065 -59006.8
8.289 -26.6686 -60334.4
8.29 -26.5279 -61625.8
8.291 -26.3842 -62881
8.292 -26.2378 -64100.2
8.293 -26.0884 -65283.7
8.294 -25.9365 -66431.6
8.295 -25.7819 -67544.1
8.296 -25.6248 -68621.5
8.297 -25.4651 -69664
8.298 -25.303 -70671.8
8.299 -25.1383 -71645.1
8.3 -24.9715 -72584.1
8.301 -24.8021 -73489.2
8.302 -24.6305 -74360.3
8.303 -24.4564 -75197.9
8.304 -24.2801 -76001.9
8.305 -24.1013 -76772.7
8.306 -23.9204 -77510.4
8.307 -23.737 -78215.1
8.308 -23.5514 -78887.2
8.309 -23.3634 -79526.7
8.31 -23.1732 -80133.8
8.311 -22.9805 -80708.8
8.312 -22.7856 -81251.8
8.313 -22.5882 -81762.9
8.314 -22.3884 -82242.2
8.315 -22.1861 -82689.8
8.316 -21.9814 -83106
8.317 -21.774 -83490.7
8.318 -21.5642 -83844.2
8.319 -21.3517 -84166.5
8.32 -21.1367 -84457.8
8.321 -20.9189 -84718.2
8.322 -20.6985 -84947.8
8.323 -20.4751 -85146.6
8.324 -20.249 -85314.6
8.325 -20.0199 -85452
8.326 -19.7879 -85558.9
8.327 -19.5528 -85635.2
8.328 -19.3146 -85681.1
8.329 -19.073 -85694.9
8.33 -18.8281 -85673.3
8.331 -18.5799 -85612.4
8.332 -18.3285 -85510.9
8.333 -18.0734 -85368.8
8.334 -17.8149 -85186.4
8.335 -17.5527 -84963.5
8.336 -17.2868 -84700.4
8.337 -17.017 -84397.1
8.338 -16.7434 -84053.8
8.339 -16.4657 -83670.6
8.34 -16.1839 -83247.6
8.341 -15.898 -82784.9
8.342 -15.6078 -82282.7
8.343 -15.3132 -81741.2
8.344 -15.0141 -81160.3
8.345 -14.7104 -80540.3
8.346 -14.402 -79881.4
8.347 -14.0887 -79183.7
8.348 -13.7705 -78447.3
8.349 -13.4472 -77672.6
8.35 -13.1187 -76859.7
8.351 -12.7849 -76008.8
8.352 -12.4457 -75120.2
8.353 -12.1009 -74194.1
8.354 -11.7505 -73230.7
8.355 -11.3941 -72230.4
8.356 -11.0318 -71193.2
8.357 -10.6634 -70119.6
8.358 -10.2887 -69009.9
8.359 -9.90766 -67864.3
8.36 -9.5201 -66683.2
8.361 -9.12584 -65466.9
8.362 -8.7248 -64215.8
8.363 -8.31679 -62930.3
8.364 -7.90172 -61610.8
8.365 -7.47941 -60257.7
8.366 -7.04976 -58871.3
8.367 -6.61262 -57452.1
8.368 -6.16789 -56000.7
8.369 -5.71543 -54517.3
8.37 -5.25515 -53002.6
8.371 -4.78693 -51457
8.372 -4.31071 -49881.1
8.373 -3.82644 -48275.5
8.374 -3.33406 -46640.9
8.375 -2.83356 -44977.9
8.376 -2.32493 -43287
8.377 -1.80818 -41569.1
8.378 -1.28336 -39824.8
8.379 -0.750531 -38054.8
8.38 -0.209804 -36259.7
8.381 0.338675 -34440.3
8.382 0.894696 -32597.4
8.383 1.45799 -30731.8
8.384 2.02825 -28844.2
8.385 2.6051 -26935.6
8.386 3.18812 -25006.7
8.387 3.77687 -23058.3
8.388 4.3708 -21091.4
8.389 4.96938 -19106.7
8.39 5.57195 -17105.2
8.391 6.17789 -15087.6
8.392 6.78645 -13054.8
8.393 7.3969 -11007.7
8.394 8.00842 -8947.17
8.395 8.6202 -6873.95
8.396 9.23133 -4788.94
8.397 9.84095 -2692.99
8.398 10.4481 -586.968
8.399 11.0518 1528.28
8.4 11.6511 3651.91
8.401 12.2451 5783.06
8.402 12.8327 7920.87
8.403 13.4131 10064.5
8.404 13.9851 12213.1
8.405 14.5479 14365.7
8.406 15.1006 16521.7
8.407 15.6424 18680
8.408 16.1724 20840
8.409 16.6899 23000.8
8.41 17.194 25161.6
8.411 17.6844 27321.6
8.412 18.1603 29480.1
8.413 18.6213 31636.3
8.414 19.0669 33789.5
8.415 19.497 35939.1
8.416 19.9109 38084.3
8.417 20.3089 40224.4
8.418 20.6904 42358.9
8.419 21.0557 44487.1
8.42 21.4046 46608.3
8.421 21.7374 48721.9
8.422 22.0539 50827.3
8.423 22.3545 52923.9
8.424 22.6393 55010.9
8.425 22.9086 57087.8
8.426 23.1626 59154
8.427 23.4019 61208.8
8.428 23.6264 63251.7
8.429 23.8369 65282.3
8.43 24.0335 67299.8
8.431 24.2169 69303.9
8.432 24.3873 71294
8.433 24.5452 73269.6
8.434 24.691 75230.3
8.435 24.8253 77175.4
8.436 24.9482 79104.7
8.437 25.0605 81017.5
8.438 25.1624 82913.6
8.439 25.2544 84792.5
8.44 25.3368 86653.8
8.441 25.4103 88497.1
8.442 25.4747 90322
8.443 25.5309 92128
8.444 25.5789 93914.5
8.445 25.6192 95681.3
8.446 25.6518 97427.8
8.447 25.6773 99153.6
8.448 25.6958 100858
8.449 25.7077 102542
8.45 25.7131 104203
8.451 25.7124 105843
8.452 25.7056 107459
8.453 25.6932 109053
8.454 25.6749 110623
8.455 25.6514 112170
8.456 25.6224 113692
8.457 25.5883 115190
8.458 25.5492 116663
8.459 25.5052 118111
8.46 25.4564 119533
8.461 25.4031 120929
8.462 25.3451 122299
8.463 25.2828 123642
8.464 25.2159 124959
8.465 25.1449 126248
8.466 25.0694 127510
8.467 24.99 128745
8.468 24.9063 129951
8.469 24.8186 131129
8.47 24.7268 132278
8.471 24.6312 133399
8.472 24.5314 134490
8.473 24.4278 135552
8.474 24.3202 136585
8.475 24.2087 137587
8.476 24.0932 138559
8.477 23.9739 139501
8.478 23.8505 140412
8.479 23.7234 141292
8.48 23.5921 142141
8.481 23.457 142959
8.482 23.3177 143745
8.483 23.1746 144498
8.484 23.0272 145220
8.485 22.8759 145909
8.486 22.7202 146565
8.487 22.5605 147188
8.488 22.3964 147778
8.489 22.228 148334
8.49 22.0552 148856
8.491 21.8781 149345
8.492 21.6964 149798
8.493 21.5102 150218
8.494 21.3192 150602
8.495 21.1236 150951
8.496 20.9231 151264
8.497 20.7178 151541
8.498 20.5074 151783
8.499 20.292 151988
8.5 20.0713 152156
8.501 19.8454 152287
8.502 19.6141 152381
8.503 19.3773 152438
8.504 19.1348 152456
8.505 18.8865 152430
8.506 18.6325 152355
8.507 18.3727 152230
8.508 18.1067 152055
8.509 17.8347 151829
8.51 17.5563 151552
8.511 17.2716 151224
8.512 16.9802 150845
8.513 16.6823 150415
8.514 16.3775 149933
8.515 16.0659 149399
8.516 15.7471 148814
8.517 15.4212 148177
8.518 15.0879 147488
8.519 14.7472 146747
8.52 14.3987 145954
8.521 14.0424 145110
8.522 13.678 144213
8.523 13.3056 143265
8.524 12.9247 142266
8.525 12.5353 141215
8.526 12.1372 140113
8.527 11.7302 138960
8.528 11.314 137756
8.529 10.8884 136502
8.53 10.4533 135197
8.531 10.0085 133842
8.532 9.55358 132438
8.533 9.08848 130984
8.534 8.61289 129482
8.535 8.12662 127930
8.536 7.62939 126331
8.537 7.12101 124683
8.538 6.60122 122988
8.539 6.06981 121247
8.54 5.52654 119459
8.541 4.97122 117625
8.542 4.40363 115745
8.543 3.82358 113821
8.544 3.23088 111852
8.545 2.6254 109840
8.546 2.00703 107784
8.547 1.37568 105685
8.548 0.731319 103545
8.549 0.0739831 101363
8.55 -0.596232 99140.6
8.551 -1.27913 96878.1
8.552 -1.97443 94576.4
8.553 -2.68176 92236.1
8.554 -3.40063 89858.2
8.555 -4.13047 87443.2
8.556 -4.87063 84992.2
8.557 -5.62032 82505.8
8.558 -6.37867 79984.9
8.559 -7.14468 77430.5
8.56 -7.91728 74843.3
8.561 -8.69526 72224.3
8.562 -9.47735 69574.5
8.563 -10.2621 66894.7
8.564 -11.0482 64185.8
8.565 -11.8339 61449
8.566 -12.6177 58685.1
8.567 -13.398 55895.1
8.568 -14.173 53079.9
8.569 -14.941 50240.7
8.57 -15.7004 47378.3
8.571 -16.4494 44493.8
8.572 -17.1866 41588.1
8.573 -17.9101 38662.1
8.574 -18.6188 35716.6
8.575 -19.311 32752.8
8.576 -19.9858 29771.3
8.577 -20.6417 26773.3
8.578 -21.2779 23759.5
8.579 -21.8935 20730.8
8.58 -22.4879 17688.2
8.581 -23.0603 14632.5
8.582 -23.6106 11564.5
8.583 -24.1385 8484.68
8.584 -24.644 5393.86
8.585 -25.1269 2292.68
8.586 -25.5879 -818.199
8.587 -26.0268 -3938.12
8.588 -26.4443 -7066.44
8.589 -26.8408 -10202.5
8.59 -27.2171 -13345.7
8.591 -27.5734 -16495.3
8.592 -27.9109 -19651
8.593 -28.23 -22812
8.594 -28.5318 -25978
8.595 -28.8168 -29148.4
8.596 -29.0861 -32322.6
8.597 -29.3402 -35500.3
8.598 -29.5804 -38680.8
8.599 -29.807 -41863.7
8.6 -30.0212 -45048.4
8.601 -30.2234 -48234.4
8.602 -30.4148 -51421.2
8.603 -30.5956 -54608.3
8.604 -30.7669 -57795.2
8.605 -30.929 -60981.4
8.606 -31.0829 -64166.3
8.607 -31.2289 -67349.4
8.608 -31.3678 -70530.1
8.609 -31.4997 -73708.1
8.61 -31.6257 -76882.7
8.611 -31.7458 -80053.3
8.612 -31.8607 -83219.4
8.613 -31.9704 -86380.3
8.614 -32.0758 -89535.5
8.615 -32.1766 -92684.1
8.616 -32.2737 -95825.7
8.617 -32.367 -98959.6
8.618 -32.457 -102085
8.619 -32.5437 -105202
8.62 -32.6277 -108309
8.621 -32.7087 -111406
8.622 -32.7874 -114492
8.623 -32.8634 -117566
8.624 -32.9375 -120628
8.625 -33.0092 -123677
8.626 -33.0792 -126712
8.627 -33.1471 -129733
8.628 -33.2134 -132738
8.629 -33.2779 -135729
8.63 -33.341 -138702
8.631 -33.4024 -141659
8.632 -33.4627 -144598
8.633 -33.5213 -147519
8.634 -33.579 -150421
8.635 -33.6351 -153303
8.636 -33.6903 -156166
8.637 -33.7441 -159007
8.638 -33.7971 -161828
8.639 -33.8488 -164626
8.64 -33.8998 -167402
8.641 -33.9496 -170155
8.642 -33.9988 -172885
8.643 -34.0468 -175591
8.644 -34.0944 -178273
8.645 -34.1409 -180930
8.646 -34.187 -183562
8.647 -34.2322 -186169
8.648 -34.277 -188751
8.649 -34.3211 -191306
8.65 -34.3648 -193835
8.651 -34.4078 -196338
8.652 -34.4506 -198814
8.653 -34.4927 -201263
8.654 -34.5346 -203684
8.655 -34.5759 -206078
8.656 -34.6172 -208445
8.657 -34.6579 -210784
8.658 -34.6985 -213095
8.659 -34.7387 -215379
8.66 -34.7788 -217634
8.661 -34.8185 -219861
8.662 -34.8583 -222060
8.663 -34.8975 -224231
8.664 -34.9368 -226374
8.665 -34.9755 -228489
8.666 -35.0143 -230575
8.667 -35.0526 -232633
8.668 -35.0909 -234662
8.669 -35.1286 -236664
8.67 -35.1664 -238637
8.671 -35.2037 -240583
8.672 -35.241 -242501
8.673 -35.2776 -244390
8.674 -35.3141 -246252
8.675 -35.35 -248087
8.676 -35.3856 -249893
8.677 -35.4206 -251673
8.678 -35.4553 -253425
8.679 -35.4892 -255150
8.68 -35.5229 -256848
8.681 -35.5558 -258520
8.682 -35.5884 -260165
8.683 -35.6201 -261784
8.684 -35.6513 -263377
8.685 -35.6816 -264944
8.686 -35.7114 -266486
8.687 -35.7402 -268002
8.688 -35.7684 -269493
8.689 -35.7956 -270960
8.69 -35.8222 -272402
8.691 -35.8477 -273819
8.692 -35.8726 -275213
8.693 -35.8963 -276583
8.694 -35.9192 -277929
8.695 -35.941 -279250
8.696 -35.9617 -280546
8.697 -35.9812 -281818
8.698 -35.9999 -283068
8.699 -36.0172 -284293
8.7 -36.0338 -285496
8.701 -36.0494 -286676
8.702 -36.0644 -287834
8.703 -36.078 -288973
8.704 -36.0909 -290092
8.705 -36.1025 -291192
8.706 -36.1134 -292272
8.707 -36.1229 -293334
8.708 -36.1316 -294378
8.709 -36.139 -295404
8.71 -36.1457 -296412
8.711 -36.151 -297402
8.712 -36.1555 -298376
8.713 -36.1586 -299333
8.714 -36.161 -300273
8.715 -36.162 -301198
8.716 -36.1621 -302106
8.717 -36.1609 -302999
8.718 -36.1589 -303877
8.719 -36.1554 -304740
8.72 -36.1512 -305589
8.721 -36.1456 -306423
8.722 -36.1392 -307243
8.723 -36.1314 -308050
8.724 -36.1229 -308843
8.725 -36.113 -309623
8.726 -36.1024 -310390
8.727 -36.0905 -311145
8.728 -36.0779 -311887
8.729 -36.0639 -312617
8.73 -36.0492 -313335
8.731 -36.0333 -314041
8.732 -36.0167 -314736
8.733 -35.9988 -315420
8.734 -35.9803 -316094
8.735 -35.9606 -316756
8.736 -35.9402 -317408
8.737 -35.9187 -318050
8.738 -35.8966 -318682
8.739 -35.8733 -319303
8.74 -35.8494 -319916
8.741 -35.8244 -320519
8.742 -35.7988 -321113
8.743 -35.7721 -321697
8.744 -35.7449 -322273
8.745 -35.7167 -322840
8.746 -35.688 -323399
8.747 -35.6582 -323950
8.748 -35.628 -324492
8.749 -35.5969 -325027
8.75 -35.5653 -325554
8.751 -35.5327 -326073
8.752 -35.4998 -326584
8.753 -35.4659 -327089
8.754 -35.4316 -327586
8.755 -35.3965 -328076
8.756 -35.361 -328560
8.757 -35.3246 -329036
8.758 -35.2879 -329506
8.759 -35.2503 -329970
8.76 -35.2125 -330427
8.761 -35.1738 -330878
8.762 -35.1348 -331323
8.763 -35.095 -331762
8.764 -35.0548 -332195
8.765 -35.0139 -332622
8.766 -34.9726 -333044
8.767 -34.9305 -333460
8.768 -34.8881 -333870
8.769 -34.8448 -334276
8.77 -34.8012 -334676
8.771 -34.7569 -335070
8.772 -34.7122 -335460
8.773 -34.6666 -335845
8.774 -34.6208 -336225
8.775 -34.5741 -336600
8.776 -34.5271 -336970
8.777 -34.4793 -337336
8.778 -34.4312 -337697
8.779 -34.3823 -338053
8.78 -34.333 -338405
8.781 -34.283 -338753
8.782 -34.2326 -339097
8.783 -34.1813 -339436
8.784 -34.1298 -339771
8.785 -34.0774 -340102
8.786 -34.0246 -340429
8.787 -33.971 -340752
8.788 -33.917 -341071
8.789 -33.8621 -341386
8.79 -33.8069 -341697
8.791 -33.7508 -342004
8.792 -33.6943 -342308
8.793 -33.637 -342608
8.794 -33.5792 -342905
8.795 -33.5205 -343198
8.796 -33.4614 -343487
8.797 -33.4013 -343773
8.798 -33.3408 -344055
8.799 -33.2794 -344334
8.8 -33.2175 -344610
8.801 -33.1546 -344882
8.802 -33.0913 -345151
8.803 -33.027 -345417
8.804 -32.9621 -345679
8.805 -32.8962 -345939
8.806 -32.8298 -346195
8.807 -32.7623 -346448
8.808 -32.6942 -346698
8.809 -32.625 -346945
8.81 -32.5552 -347188
8.811 -32.4842 -347429
8.812 -32.4127 -347667
8.813 -32.3399 -347902
8.814 -32.2664 -348133
8.815 -32.1917 -348362
8.816 -32.1161 -348588
8.817 -32.0393 -348811
8.818 -31.9617 -349031
8.819 -31.8827 -349249
8.82 -31.8028 -349463
8.821 -31.7216 -349675
8.822 -31.6393 -349883
8.823 -31.5556 -350089
8.824 -31.4709 -350292
8.825 -31.3845 -350492
8.826 -31.297 -350690
8.827 -31.2078 -350884
8.828 -31.1173 -351076
8.829 -31.0252 -351265
8.83 -30.9316 -351451
8.831 -30.8363 -351635
8.832 -30.7394 -351815
8.833 -30.6406 -351993
8.834 -30.5402 -352168
8.835 -30.4377 -352340
8.836 -30.3335 -352509
8.837 -30.227 -352676
8.838 -30.1186 -352839
8.839 -30.0079 -353000
8.84 -29.8952 -353158
8.841 -29.78 -353312
8.842 -29.6627 -353464
8.843 -29.5427 -353613
8.844 -29.4203 -353760
8.845 -29.2952 -353903
8.846 -29.1675 -354043
8.847 -29.0368 -354180
8.848 -28.9035 -354314
8.849 -28.767 -354445
8.85 -28.6276 -354573
8.851 -28.4849 -354698
8.852 -28.3392 -354820
8.853 -28.19 -354938
8.854 -28.0374 -355054
8.855 -27.8812 -355166
8.856 -27.7214 -355275
8.857 -27.5577 -355381
8.858 -27.3902 -355483
8.859 -27.2186 -355582
8.86 -27.043 -355678
8.861 -26.8631 -355770
8.862 -26.6789 -355859
8.863 -26.4901 -355944
8.864 -26.2968 -356026
8.865 -26.0985 -356104
8.866 -25.8954 -356179
8.867 -25.687 -356250
8.868 -25.4735 -356317
8.869 -25.2545 -356381
8.87 -25.03 -356441
8.871 -24.7996 -356497
8.872 -24.5634 -356549
8.873 -24.321 -356598
8.874 -24.0723 -356642
8.875 -23.8168 -356682
8.876 -23.5547 -356718
8.877 -23.2855 -356750
8.878 -23.009 -356777
8.879 -22.7249 -356800
8.88 -22.4331 -356817
8.881 -22.133 -356830
8.882 -21.8246 -356836
8.883 -21.507 -356835
8.884 -21.1795 -356812
8.885 -20.843 -356763
8.886 -20.4974 -356634
8.887 -20.1423 -356424
8.888 -19.7774 -356132
8.889 -19.4021 -355756
8.89 -19.0165 -355298
8.891 -18.6199 -354755
8.892 -18.2121 -354127
8.893 -17.7927 -353414
8.894 -17.3615 -352615
8.895 -16.918 -351729
8.896 -16.462 -350758
8.897 -15.9928 -349699
8.898 -15.5102 -348553
8.899 -15.0137 -347319
8.9 -14.5028 -345998
8.901 -13.9771 -344589
8.902 -13.436 -343092
8.903 -12.8792 -341507
8.904 -12.3061 -339835
8.905 -11.7162 -338075
8.906 -11.1091 -336228
8.907 -10.4841 -334295
8.908 -9.84066 -332274
8.909 -9.17824 -330168
8.91 -8.49626 -327975
8.911 -7.79412 -325698
8.912 -7.0713 -323336
8.913 -6.32729 -320890
8.914 -5.56161 -318361
8.915 -4.77379 -315750
8.916 -3.9634 -313059
8.917 -3.13007 -310287
8.918 -2.27349 -307437
8.919 -1.39344 -304509
8.92 -0.489838 -301505
8.921 0.437262 -298425
8.922 1.38754 -295271
8.923 2.36043 -292045
8.924 3.35509 -288748
8.925 4.37047 -285381
8.926 5.40521 -281947
8.927 6.45772 -278447
8.928 7.52609 -274883
8.929 8.60815 -271256
8.93 9.70139 -267568
8.931 10.8031 -263821
8.932 11.9101 -260018
8.933 13.0193 -256159
8.934 14.1269 -252248
8.935 15.2294 -248286
8.936 16.3229 -244275
8.937 17.4038 -240219
8.938 18.468 -236118
8.939 19.5122 -231975
8.94 20.5324 -227792
8.941 21.5257 -223571
8.942 22.4886 -219315
8.943 23.4187 -215026
8.944 24.3132 -210706
8.945 25.1706 -206358
8.946 25.9889 -201984
8.947 26.7673 -197586
8.948 27.5049 -193166
8.949 28.2016 -188727
8.95 28.8573 -184270
8.951 29.4727 -179799
8.952 30.0482 -175315
8.953 30.5853 -170820
8.954 31.0848 -166317
8.955 31.5484 -161807
8.956 31.9774 -157292
8.957 32.3738 -152775
8.958 32.7389 -148257
8.959 33.0748 -143741
8.96 33.3829 -139228
8.961 33.6654 -134719
8.962 33.9234 -130218
8.963 34.1593 -125725
8.964 34.3741 -121241
8.965 34.5698 -116769
8.966 34.7474 -112309
8.967 34.9088 -107864
8.968 35.0547 -103434
8.969 35.1867 -99020.5
8.97 35.3055 -94625.5
8.971 35.4126 -90249.8
8.972 35.5085 -85894.6
8.973 35.5946 -81560.8
8.974 35.6712 -77249.4
8.975 35.7395 -72961.3
8.976 35.7999 -68697.4
8.977 35.8534 -64458.7
8.978 35.9 -60245.8
8.979 35.9409 -56059.7
8.98 35.9759 -51901.1
8.981 36.0061 -47770.8
8.982 36.0312 -43669.4
8.983 36.0521 -39597.7
8.984 36.0688 -35556.1
8.985 36.082 -31545.2
8.986 36.0914 -27565.7
8.987 36.0979 -23618
8.988 36.1011 -19702.6
8.989 36.1017 -15820.1
8.99 36.0995 -11970.8
8.991 36.095 -8155.26
8.992 36.0879 -4373.88
8.993 36.0788 -627.103
8.994 36.0673 3084.65
8.995 36.0541 6760.98
8.996 36.0386 10401.5
8.997 36.0215 14006
8.998 36.0022 17574
8.999 35.9816 21105.2
9 35.9589 24599.5
9.001 35.9349 28056.5
9.002 35.9089 31476.1
9.003 35.8817 34857.8
9.004 35.8526 38201.6
9.005 35.8222 41507.1
9.006 35.79 44774.2
9.007 35.7565 48002.8
9.008 35.7212 51192.6
9.009 35.6848 54343.7
9.01 35.6466 57455.9
9.011 35.6072 60529.2
9.012 35.5661 63563.5
9.013 35.5238 66558.6
9.014 35.4797 69514.7
9.015 35.4345 72431.6
9.016 35.3876 75309.3
9.017 35.3394 78148
9.018 35.2896 80947.7
9.019 35.2386 83708.3
9.02 35.1859 86430.1
9.021 35.132 89113.2
9.022 35.0764 91757.5
9.023 35.0196 94363.2
9.024 34.961 96930.4
9.025 34.9012 99459.1
9.026 34.8395 101950
9.027 34.7766 104402
9.028 34.7119 106816
9.029 34.6458 109193
9.03 34.578 111532
9.031 34.5088 113833
9.032 34.4377 116097
9.033 34.3651 118324
9.034 34.2906 120514
9.035 34.2146 122668
9.036 34.1365 124784
9.037 34.0569 126864
9.038 33.9751 128908
9.039 33.8916 130916
9.04 33.8061 132888
9.041 33.7188 134825
9.042 33.6293 136726
9.043 33.5379 138592
9.044 33.4442 140423
9.045 33.3486 142219
9.046 33.2506 143981
9.047 33.1505 145708
9.048 33.0479 147401
9.049 32.9433 149060
9.05 32.836 150686
9.051 32.7266 152278
9.052 32.6146 153836
9.053 32.5004 155362
9.054 32.3834 156855
9.055 32.2643 158316
9.056 32.1423 159745
9.057 32.0181 161141
9.058 31.8911 162506
9.059 31.7617 163840
9.06 31.6295 165142
9.061 31.4949 166414
9.062 31.3575 167655
9.063 31.2177 168866
9.064 31.0751 170047
9.065 30.9302 171199
9.066 30.7825 172321
9.067 30.6324 173415
9.068 30.4797 174480
9.069 30.3245 175517
9.07 30.1667 176526
9.071 30.0064 177507
9.072 29.8435 178460
9.073 29.6783 179387
9.074 29.5103 180288
9.075 29.3401 181161
9.076 29.1673 182009
9.077 28.9922 182832
9.078 28.8145 183628
9.079 28.6345 184400
9.08 28.4519 185147
9.081 28.2671 185870
9.082 28.0796 186568
9.083 27.8899 187242
9.084 27.6977 187893
9.085 27.5033 188521
9.086 27.3063 189126
9.087 27.1072 189708
9.088 26.9057 190268
9.089 26.7019 190805
9.09 26.4956 191321
9.091 26.2872 191815
9.092 26.0763 192288
9.093 25.8633 192740
9.094 25.6479 193171
9.095 25.4304 193582
9.096 25.2106 193973
9.097 24.9887 194344
9.098 24.7646 194695
9.099 24.5384 195028
9.1 24.31 195341
9.101 24.0795 195635
9.102 23.8467 195911
9.103 23.6119 196168
9.104 23.3748 196408
9.105 23.1356 196629
9.106 22.8942 196833
9.107 22.6506 197019
9.108 22.4048 197188
9.109 22.1568 197340
9.11 21.9064 197476
9.111 21.6538 197594
9.112 21.3988 197696
9.113 21.1415 197782
9.114 20.8815 197851
9.115 20.619 197904
9.116 20.3537 197941
9.117 20.0856 197961
9.118 19.8139 197955
9.119 19.5391 197921
9.12 19.2617 197843
9.121 18.9813 197719
9.122 18.6975 197551
9.123 18.4104 197337
9.124 18.1197 197079
9.125 17.8254 196775
9.126 17.5271 196427
9.127 17.225 196034
9.128 16.9186 195597
9.129 16.608 195114
9.13 16.2929 194588
9.131 15.9733 194017
9.132 15.6488 193402
9.133 15.3194 192743
9.134 14.9849 192039
9.135 14.645 191291
9.136 14.2995 190499
9.137 13.9483 189663
9.138 13.5912 188782
9.139 13.2279 187858
9.14 12.8582 186889
9.141 12.4821 185877
9.142 12.0991 184821
9.143 11.7093 183722
9.144 11.3123 182579
9.145 10.9081 181394
9.146 10.4964 180166
9.147 10.077 178896
9.148 9.6498 177583
9.149 9.21454 176229
9.15 8.77103 174834
9.151 8.31913 173398
9.152 7.85868 171921
9.153 7.38958 170404
9.154 6.91172 168849
9.155 6.42501 167255
9.156 5.92934 165624
9.157 5.42464 163955
9.158 4.91081 162250
9.159 4.38782 160510
9.16 3.8556 158735
9.161 3.31415 156927
9.162 2.76351 155085
9.163 2.20378 153211
9.164 1.6351 151307
9.165 1.05761 149373
9.166 0.471512 147411
9.167 -0.122938 145421
9.168 -0.725439 143405
9.169 -1.33561 141364
9.17 -1.95301 139299
9.171 -2.57712 137211
9.172 -3.20734 135102
9.173 -3.84296 132972
9.174 -4.48326 130824
9.175 -5.12741 128659
9.176 -5.77456 126478
9.177 -6.42377 124282
9.178 -7.07409 122074
9.179 -7.72446 119854
9.18 -8.37384 117623
9.181 -9.02107 115384
9.182 -9.66503 113138
9.183 -10.3045 110886
9.184 -10.9383 108629
9.185 -11.5651 106370
9.186 -12.1839 104109
9.187 -12.7932 101849
9.188 -13.3921 99590
9.189 -13.9793 97334.2
9.19 -14.5538 95082.8
9.191 -15.1145 92837.2
9.192 -15.6604 90598.9
9.193 -16.1906 88369.2
9.194 -16.7044 86149.3
9.195 -17.2008 83940.6
9.196 -17.6794 81744.3
9.197 -18.1395 79561.7
9.198 -18.5806 77394
9.199 -19.0024 75242.4
9.2 -19.4046 73108.2
9.201 -19.7869 70992.4
9.202 -20.1493 68896.2
9.203 -20.4918 66820.5
9.204 -20.8145 64766.2
9.205 -21.1174 62734.4
9.206 -21.4009 60725.9
9.207 -21.665 58741.6
9.208 -21.9104 56782.4
9.209 -22.1371 54849.1
9.21 -22.3458 52942.6
9.211 -22.5366 51063.7
9.212 -22.7103 49212.9
9.213 -22.8673 47390.9
9.214 -23.0083 45598.2
9.215 -23.1335 43835.3
9.216 -23.2439 42102.8
9.217 -23.3396 40401.2
9.218 -23.4216 38730.8
9.219 -23.49 37092.3
9.22 -23.5457 35485.9
9.221 -23.5889 33912.1
9.222 -23.6205 32371.2
9.223 -23.6406 30863.2
9.224 -23.6502 29388.3
9.225 -23.6495 27946.7
9.226 -23.6391 26538.5
9.227 -23.6193 25163.8
9.228 -23.5908 23822.8
9.229 -23.5538 22515.4
9.23 -23.5088 21241.8
9.231 -23.4561 20001.9
9.232 -23.3962 18795.9
9.233 -23.3293 17623.6
9.234 -23.2559 16484.9
9.235 -23.1761 15379.9
9.236 -23.0905 14308.4
9.237 -22.999 13270.3
9.238 -22.9022 12265.6
9.239 -22.8002 11294.2
9.24 -22.6933 10355.9
9.241 -22.5815 9450.56
9.242 -22.4654 8578.13
9.243 -22.3447 7738.44
9.244 -22.2201 6931.34
9.245 -22.0913 6156.66
9.246 -21.9588 5414.25
9.247 -21.8225 4703.94
9.248 -21.6828 4025.55
9.249 -21.5395 3378.9
9.25 -21.3931 2763.8
9.251 -21.2433 2180.09
9.252 -21.0905 1627.63
9.253 -20.9346 1106.34
9.254 -20.7758 616.091
9.255 -20.6139 156.779
9.256 -20.4493 -271.724
9.257 -20.2817 -669.546
9.258 -20.1115 -1036.82
9.259 -19.9384 -1373.69
9.26 -19.7627 -1680.3
9.261 -19.5842 -1956.77
9.262 -19.4031 -2203.18
9.263 -19.2192 -2419.57
9.264 -19.0327 -2606.01
9.265 -18.8435 -2762.56
9.266 -18.6516 -2889.3
9.267 -18.457 -2986.31
9.268 -18.2597 -3053.68
9.269 -18.0595 -3091.5
9.27 -17.8566 -3099.3
9.271 -17.6509 -3076.58
9.272 -17.4425 -3022.44
9.273 -17.2311 -2936.86
9.274 -17.0168 -2819.89
9.275 -16.7996 -2671.58
9.276 -16.5795 -2492
9.277 -16.3562 -2281.24
9.278 -16.1299 -2039.38
9.279 -15.9005 -1766.53
9.28 -15.6679 -1462.78
9.281 -15.4321 -1128.27
9.282 -15.193 -763.101
9.283 -14.9506 -367.38
9.284 -14.7048 58.7704
9.285 -14.4555 515.219
9.286 -14.2027 1001.83
9.287 -13.9464 1518.44
9.288 -13.6864 2064.9
9.289 -13.4227 2641.03
9.29 -13.1554 3246.65
9.291 -12.8841 3881.53
9.292 -12.6091 4545.43
9.293 -12.3301 5238.07
9.294 -12.0472 5959.15
9.295 -11.7602 6708.38
9.296 -11.4692 7485.44
9.297 -11.1741 8290.02
9.298 -10.8749 9121.78
9.299 -10.5714 9980.38
9.3 -10.2637 10865.5
9.301 -9.95166 11776.7
9.302 -9.6353 12713.6
9.303 -9.31453 13675.7
9.304 -8.98937 14662.7
9.305 -8.65974 15673.9
9.306 -8.32563 16709
9.307 -7.987 17767.5
9.308 -7.64383 18848.8
9.309 -7.29606 19952.5
9.31 -6.94371 21078
9.311 -6.58673 22224.8
9.312 -6.22514 23392.3
9.313 -5.85896 24579.8
9.314 -5.48821 25786.7
9.315 -5.1129 27012.3
9.316 -4.73309 28255.8
9.317 -4.3488 29516.7
9.318 -3.96009 30794.2
9.319 -3.56699 32087.6
9.32 -3.16958 33396.2
9.321 -2.76793 34719.3
9.322 -2.36215 36056.1
9.323 -1.95234 37405.9
9.324 -1.53862 38767.8
9.325 -1.12115 40141.1
9.326 -0.700076 41525
9.327 -0.275567 42918.7
9.328 0.15218 44321.4
9.329 0.582951 45732.3
9.33 1.0165 47150.6
9.331 1.45256 48575.4
9.332 1.89081 50006
9.333 2.33091 51441.3
9.334 2.77248 52880.5
9.335 3.21516 54322.7
9.336 3.65852 55767
9.337 4.10216 57212.4
9.338 4.54563 58658.1
9.339 4.98848 60103.2
9.34 5.43023 61546.8
9.341 5.8704 62988
9.342 6.30844 64425.8
9.343 6.7438 65859.1
9.344 7.17588 67286.8
9.345 7.60414 68708
9.346 8.02797 70121.6
9.347 8.44682 71526.7
9.348 8.86009 72922.1
9.349 9.26723 74307
9.35 9.66766 75680.3
9.351 10.0608 77041.2
9.352 10.4462 78388.6
9.353 10.8232 79721.4
9.354 11.1914 81038.8
9.355 11.5502 82339.7
9.356 11.899 83623.1
9.357 12.2377 84888.3
9.358 12.5655 86134.1
9.359 12.8823 87359.8
9.36 13.1875 88564.5
9.361 13.481 89747.4
9.362 13.7624 90907.7
9.363 14.0315 92044.8
9.364 14.2882 93158.1
9.365 14.5323 94247.1
9.366 14.7637 95311.1
9.367 14.9823 96349.6
9.368 15.1881 97362
9.369 15.381 98347.7
9.37 15.561 99306.4
9.371 15.7282 100237
9.372 15.8826 101141
9.373 16.0245 102016
9.374 16.154 102863
9.375 16.2711 103681
9.376 16.3762 104470
9.377 16.4694 105231
9.378 16.5509 105963
9.379 16.621 106665
9.38 16.6798 107338
9.381 16.7276 107982
9.382 16.7647 108596
9.383 16.7914 109181
9.384 16.808 109737
9.385 16.8148 110264
9.386 16.812 110762
9.387 16.8001 111231
9.388 16.7791 111671
9.389 16.7496 112084
9.39 16.7116 112467
9.391 16.6656 112823
9.392 16.6118 113152
9.393 16.5505 113452
9.394 16.4819 113726
9.395 16.4065 113973
9.396 16.3244 114194
9.397 16.236 114388
9.398 16.1413 114557
9.399 16.0409 114701
9.4 15.9348 114820
9.401 15.8233 114914
9.402 15.7066 114985
9.403 15.5851 115032
9.404 15.4588 115055
9.405 15.328 115055
9.406 15.193 115031
9.407 15.0539 114982
9.408 14.911 114909
9.409 14.7645 114813
9.41 14.6144 114694
9.411 14.4611 114553
9.412 14.3047 114389
9.413 14.1453 114205
9.414 13.9831 114000
9.415 13.8183 113775
9.416 13.651 113530
9.417 13.4813 113266
9.418 13.3094 112984
9.419 13.1355 112685
9.42 12.9597 112368
9.421 12.782 112034
9.422 12.6027 111685
9.423 12.4217 111320
9.424 12.2392 110940
9.425 12.0554 110545
9.426 11.8701 110137
9.427 11.6837 109714
9.428 11.4961 109279
9.429 11.3074 108831
9.43 11.1178 108372
9.431 10.9273 107901
9.432 10.7359 107418
9.433 10.5438 106925
9.434 10.351 106422
9.435 10.1575 105909
9.436 9.96332 105387
9.437 9.76864 104856
9.438 9.57344 104316
9.439 9.37781 103768
9.44 9.18178 103213
9.441 8.98542 102650
9.442 8.78872 102080
9.443 8.59173 101504
9.444 8.39442 100921
9.445 8.19684 100332
9.446 7.99896 99736.9
9.447 7.80083 99136.2
9.448 7.60243 98530.2
9.449 7.40382 97919
9.45 7.20499 97303.1
9.451 7.00596 96682.5
9.452 6.80673 96057.5
9.453 6.60732 95428.3
9.454 6.40769 94795.2
9.455 6.20788 94158.1
9.456 6.00786 93517.5
9.457 5.80765 92873.4
9.458 5.60725 92226
9.459 5.40668 91575.6
9.46 5.20592 90922.3
9.461 5.00501 90266.4
9.462 4.80394 89608
9.463 4.60276 88947.3
9.464 4.40148 88284.7
9.465 4.20013 87620.2
9.466 3.99873 86954.2
9.467 3.79732 86286.9
9.468 3.59592 85618.4
9.469 3.39456 84949.1
9.47 3.19327 84279
9.471 2.99211 83608.6
9.472 2.79113 82938.1
9.473 2.5904 82267.8
9.474 2.39 81598.1
9.475 2.19 80929.4
9.476 1.99049 80261.9
9.477 1.79154 79596
9.478 1.59323 78932
9.479 1.39565 78270.3
9.48 1.19888 77611.2
9.481 1.00301 76955
9.482 0.808148 76302.2
9.483 0.614408 75653.2
9.484 0.421904 75008.4
9.485 0.230756 74368.2
9.486 0.0410804 73732.9
9.487 -0.147001 73103.1
9.488 -0.333365 72479.2
9.489 -0.517888 71861.4
9.49 -0.700445 71250.3
9.491 -0.880898 70646.2
9.492 -1.05908 70049.7
9.493 -1.23482 69461.3
9.494 -1.40794 68881.7
9.495 -1.57827 68311.3
9.496 -1.74561 67750.7
9.497 -1.90981 67200.4
9.498 -2.07069 66661.1
9.499 -2.22808 66133.2
9.5 -2.3818 65617.3
9.501 -2.53168 65113.8
9.502 -2.67756 64623.4
9.503 -2.81927 64146.4
9.504 -2.95666 63683.5
9.505 -3.08955 63235.1
9.506 -3.2178 62801.7
9.507 -3.34125 62383.8
9.508 -3.45976 61981.9
9.509 -3.57318 61596.4
9.51 -3.68136 61227.9
9.511 -3.78416 60876.7
9.512 -3.88145 60543.4
9.513 -3.97307 60228.4
9.514 -4.05889 59932.2
9.515 -4.13879 59655.2
9.516 -4.21263 59398
9.517 -4.28028 59160.8
9.518 -4.34163 58944.2
9.519 -4.39656 58748.6
9.52 -4.44497 58574.3
9.521 -4.48673 58421.9
9.522 -4.52176 58291.6
9.523 -4.54995 58183.9
9.524 -4.5712 58099.2
9.525 -4.58541 58037.7
9.526 -4.59252 58000
9.527 -4.5924 57986.2
9.528 -4.58501 57996.9
9.529 -4.57025 58032.4
9.53 -4.54804 58093.1
9.531 -4.51832 58179.3
9.532 -4.48102 58291.3
9.533 -4.43606 58429.3
9.534 -4.3834 58593.7
9.535 -4.32295 58784.8
9.536 -4.25466 59002.6
9.537 -4.17848 59247.6
9.538 -4.09434 59519.9
9.539 -4.00219 59819.7
9.54 -3.90198 60147.3
9.541 -3.79365 60502.8
9.542 -3.67718 60886.3
9.543 -3.5525 61298
9.544 -3.4196 61738.1
9.545 -3.27843 62206.6
9.546 -3.12895 62703.6
9.547 -2.97114 63229.2
9.548 -2.80495 63783.5
9.549 -2.63036 64366.5
9.55 -2.44734 64978.2
9.551 -2.25585 65618.6
9.552 -2.05591 66287.8
9.553 -1.84751 66985.5
9.554 -1.63065 67711.6
9.555 -1.40535 68466.2
9.556 -1.17162 69248.9
9.557 -0.929466 70059.6
9.558 -0.67892 70898.3
9.559 -0.420004 71764.6
9.56 -0.15275 72658.4
9.561 0.12279 73579.5
9.562 0.406536 74527.5
9.563 0.698384 75501.9
9.564 0.998219 76502.4
9.565 1.30591 77528.7
9.566 1.62133 78580.1
9.567 1.94432 79656.4
9.568 2.27472 80756.9
9.569 2.61234 81881.4
9.57 2.95699 83029.2
9.571 3.30846 84199.9
9.572 3.66649 85392.8
9.573 4.03081 86607.4
9.574 4.40112 87842.9
9.575 4.77711 89098.7
9.576 5.15845 90374.1
9.577 5.54479 91668.6
9.578 5.93575 92981.2
9.579 6.33097 94311.5
9.58 6.73002 95658.6
9.581 7.13249 97021.9
9.582 7.53792 98400.6
9.583 7.94584 99793.9
9.584 8.35574 101201
9.585 8.76716 102621
9.586 9.17954 104054
9.587 9.5924 105498
9.588 10.0052 106953
9.589 10.4173 108417
9.59 10.8283 109891
9.591 11.2375 111373
9.592 11.6445 112862
9.593 12.0487 114359
9.594 12.4495 115861
9.595 12.8465 117369
9.596 13.2391 118881
9.597 13.6268 120398
9.598 14.009 121917
9.599 14.3855 123439
9.6 14.7555 124962
9.601 15.1189 126486
9.602 15.4751 128011
9.603 15.8238 129536
9.604 16.1647 131059
9.605 16.4976 132582
9.606 16.822 134102
9.607 17.1378 135620
9.608 17.4447 137135
9.609 17.7427 138646
9.61 18.0315 140154
9.611 18.311 141657
9.612 18.5812 143155
9.613 18.842 144648
9.614 19.0933 146135
9.615 19.3354 147616
9.616 19.568 149091
9.617 19.7915 150559
9.618 20.0056 152021
9.619 20.2108 153475
9.62 20.4068 154921
9.621 20.5942 156360
9.622 20.7727 157790
9.623 20.9429 159213
9.624 21.1046 160626
9.625 21.2582 162031
9.626 21.4039 163427
9.627 21.5418 164814
9.628 21.6722 166191
9.629 21.7953 167559
9.63 21.9112 168917
9.631 22.0204 170265
9.632 22.1227 171603
9.633 22.2187 172931
9.634 22.3083 174248
9.635 22.3919 175555
9.636 22.4695 176851
9.637 22.5416 178136
9.638 22.608 179410
9.639 22.6693 180673
9.64 22.7254 181924
9.641 22.7766 183164
9.642 22.8229 184393
9.643 22.8646 185609
9.644 22.9016 186813
9.645 22.9342 188004
9.646 22.9623 189182
9.647 22.9861 190346
9.648 23.0055 191495
9.649 23.021 192630
9.65 23.0323 193751
9.651 23.0397 194858
9.652 23.0431 195946
9.653 23.0427 197016
9.654 23.0382 198070
9.655 23.0299 199108
9.656 23.0175 200130
9.657 23.0014 201134
9.658 22.9811 202113
9.659 22.957 203075
9.66 22.929 204019
9.661 22.8971 204945
9.662 22.8611 205853
9.663 22.821 206741
9.664 22.7769 207600
9.665 22.7286 208439
9.666 22.6759 209258
9.667 22.6189 210057
9.668 22.5566 210787
9.669 22.493 211400
9.67 22.4187 211976
9.671 22.3504 212419
9.672 22.2705 212756
9.673 22.1861 213082
9.674 22.0969 213398
9.675 22.0031 213703
9.676 21.9043 213997
9.677 21.8008 214280
9.678 21.6923 214551
9.679 21.579 214810
9.68 21.4605 215058
9.681 21.3371 215293
9.682 21.2084 215516
9.683 21.0748 215727
9.684 20.936 215925
9.685 20.7921 216111
9.686 20.6429 216284
9.687 20.4886 216444
9.688 20.329 216590
9.689 20.1641 216724
9.69 19.9939 216845
9.691 19.8183 216951
9.692 19.6373 217045
9.693 19.4511 217125
9.694 19.2595 217191
9.695 19.0628 217244
9.696 18.8607 217284
9.697 18.6535 217309
9.698 18.4406 217320
9.699 18.2222 217305
9.7 17.9987 217255
9.701 17.77 217163
9.702 17.5361 217028
9.703 17.297 216852
9.704 17.0528 216633
9.705 16.8036 216374
9.706 16.5494 216073
9.707 16.2903 215731
9.708 16.0261 215350
9.709 15.7572 214928
9.71 15.4833 214466
9.711 15.2046 213966
9.712 14.921 213426
9.713 14.6328 212849
9.714 14.3399 212235
9.715 14.0424 211583
9.716 13.7403 210896
9.717 13.4338 210174
9.718 13.1228 209417
9.719 12.8075 208626
9.72 12.4877 207802
9.721 12.1637 206946
9.722 11.8353 206058
9.723 11.5026 205139
9.724 11.1657 204190
9.725 10.8246 203212
9.726 10.4793 202205
9.727 10.1298 201169
9.728 9.77605 200107
9.729 9.41822 199019
9.73 9.05626 197904
9.731 8.6902 196765
9.732 8.31995 195602
9.733 7.9455 194415
9.734 7.56675 193205
9.735 7.18368 191972
9.736 6.7962 190716
9.737 6.40431 189439
9.738 6.00792 188141
9.739 5.60704 186823
9.74 5.20162 185484
9.741 4.79162 184125
9.742 4.37696 182748
9.743 3.95752 181351
9.744 3.53322 179936
9.745 3.10399 178502
9.746 2.66973 177049
9.747 2.23042 175579
9.748 1.78599 174091
9.749 1.33645 172585
9.75 0.881772 171062
9.751 0.421969 169522
9.752 -0.042972 167965
9.753 -0.513047 166392
9.754 -0.988218 164802
9.755 -1.46841 163195
9.756 -1.95353 161571
9.757 -2.44344 159932
9.758 -2.93798 158276
9.759 -3.43695 156603
9.76 -3.94013 154915
9.761 -4.44725 153211
9.762 -4.95802 151491
9.763 -5.47209 149755
9.764 -5.98913 148004
9.765 -6.5087 146238
9.766 -7.03042 144457
9.767 -7.55379 142661
9.768 -8.07836 140850
9.769 -8.60358 139025
9.77 -9.12894 137186
9.771 -9.65383 135333
9.772 -10.1777 133467
9.773 -10.6997 131587
9.774 -11.2193 129695
9.775 -11.7357 127791
9.776 -12.2483 125876
9.777 -12.7564 123949
9.778 -13.2592 122013
9.779 -13.7561 120066
9.78 -14.2464 118109
9.781 -14.7295 116144
9.782 -15.2046 114170
9.783 -15.6711 112189
9.784 -16.1284 110201
9.785 -16.5757 108207
9.786 -17.0126 106208
9.787 -17.4385 104205
9.788 -17.853 102198
9.789 -18.2555 100189
9.79 -18.646 98177.2
9.791 -19.0237 96164.2
9.792 -19.3887 94151
9.793 -19.7404 92138.3
9.794 -20.0789 90127.1
9.795 -20.4037 88118.3
9.796 -20.7151 86112.8
9.797 -21.0125 84111.6
9.798 -21.2964 82115.5
9.799 -21.5665 80125.3
9.8 -21.8231 78142.1
9.801 -22.0661 76166.5
9.802 -22.2959 74199.5
9.803 -22.5123 72241.9
9.804 -22.7158 70294.7
9.805 -22.9064 68358.6
9.806 -23.0846 66434.6
9.807 -23.2503 64523.3
9.808 -23.4041 62625.6
9.809 -23.5461 60742.3
9.81 -23.6767 58874.1
9.811 -23.796 57021.9
9.812 -23.9046 55186.2
9.813 -24.0027 53367.7
9.814 -24.0907 51566.9
9.815 -24.1688 49784.5
9.816 -24.2375 48021.1
9.817 -24.2969 46277.2
9.818 -24.3476 44553.3
9.819 -24.3897 42850
9.82 -24.4236 41167.9
9.821 -24.4495 39507.3
9.822 -24.4679 37868.5
9.823 -24.479 36251.8
9.824 -24.4833 34657.2
9.825 -24.4808 33085
9.826 -24.4723 31535.3
9.827 -24.4577 30008.2
9.828 -24.4375 28503.9
9.829 -24.4117 27022.5
9.83 -24.381 25564.2
9.831 -24.3451 24128.9
9.832 -24.3048 22716.5
9.833 -24.26 21326.9
9.834 -24.2113 19959.9
9.835 -24.1586 18615.2
9.836 -24.1025 17292.8
9.837 -24.0429 15992.2
9.838 -23.9804 14713.5
9.839 -23.9148 13456.2
9.84 -23.8466 12220.3
9.841 -23.7758 11005.3
9.842 -23.7029 9811.06
9.843 -23.6277 8637.05
9.844 -23.5507 7482.88
9.845 -23.472 6348.15
9.846 -23.3918 5232.43
9.847 -23.3101 4135.31
9.848 -23.2274 3056.36
9.849 -23.1436 1995.16
9.85 -23.0589 951.293
9.851 -22.9734 -75.6809
9.852 -22.8875 -1086.19
9.853 -22.8009 -2080.67
9.854 -22.714 -3059.56
9.855 -22.6268 -4023.3
9.856 -22.5396 -4972.33
9.857 -22.4522 -5907.09
9.858 -22.365 -6828.03
9.859 -22.2779 -7735.59
9.86 -22.1911 -8630.22
9.861 -22.1046 -9512.31
9.862 -22.0185 -10382.2
9.863 -21.9328 -11240.2
9.864 -21.8477 -12086.5
9.865 -21.7629 -12921.6
9.866 -21.6788 -13745.5
9.867 -21.5952 -14558.7
9.868 -21.5122 -15361.5
9.869 -21.4299 -16154.1
9.87 -21.3482 -16936.9
9.871 -21.2672 -17710
9.872 -21.187 -18473.6
9.873 -21.1072 -19227.6
9.874 -21.0281 -19972.3
9.875 -20.9494 -20707.4
9.876 -20.8713 -21433.2
9.877 -20.7936 -22149.6
9.878 -20.7164 -22856.8
9.879 -20.6395 -23554.6
9.88 -20.563 -24243.2
9.881 -20.4867 -24922.6
9.882 -20.4108 -25592.8
9.883 -20.335 -26253.5
9.884 -20.2593 -26904.8
9.885 -20.1837 -27546.4
9.886 -20.1081 -28178.3
9.887 -20.0323 -28800.5
9.888 -19.9565 -29412.7
9.889 -19.8805 -30014.9
9.89 -19.8043 -30607.1
9.891 -19.7277 -31189.1
9.892 -19.6509 -31760.7
9.893 -19.5736 -32321.7
9.894 -19.4958 -32872
9.895 -19.4174 -33411.4
9.896 -19.3385 -33939.7
9.897 -19.2588 -34456.8
9.898 -19.1784 -34962.4
9.899 -19.0971 -35456.3
9.9 -19.015 -35938.5
9.901 -18.9319 -36408.8
9.902 -18.848 -36866.9
9.903 -18.7629 -37312.8
9.904 -18.6769 -37746.2
9.905 -18.5897 -38167.1
9.906 -18.5014 -38575.2
9.907 -18.4118 -38970.5
9.908 -18.3211 -39352.8
9.909 -18.229 -39722
9.91 -18.1358 -40077.8
9.911 -18.0411 -40420.3
9.912 -17.9451 -40749.3
9.913 -17.8477 -41064.7
9.914 -17.749 -41366.5
9.915 -17.6488 -41654.6
9.916 -17.5473 -41929
9.917 -17.4442 -42189.5
9.918 -17.3398 -42436.1
9.919 -17.2339 -42668.9
9.92 -17.1265 -42887.6
9.921 -17.0177 -43092.3
9.922 -16.9074 -43283
9.923 -16.7955 -43459.7
9.924 -16.6823 -43622.4
9.925 -16.5675 -43771.1
9.926 -16.4514 -43905.9
9.927 -16.3337 -44026.7
9.928 -16.2146 -44133.6
9.929 -16.094 -44226.6
9.93 -15.9721 -44305.7
9.931 -15.8486 -44371.1
9.932 -15.7238 -44422.7
9.933 -15.5975 -44460.8
9.934 -15.47 -44485.4
9.935 -15.341 -44496.5
9.936 -15.2107 -44493.4
9.937 -15.0791 -44476.2
9.938 -14.9464 -44444.2
9.939 -14.8123 -44397.7
9.94 -14.6771 -44336.8
9.941 -14.5406 -44261.7
9.942 -14.403 -44172.5
9.943 -14.2643 -44069.5
9.944 -14.1246 -43953
9.945 -13.9838 -43823.2
9.946 -13.8421 -43680.3
9.947 -13.6993 -43524.5
9.948 -13.5557 -43356.2
9.949 -13.4112 -43175.6
9.95 -13.2658 -42982.8
9.951 -13.1197 -42778.2
9.952 -12.9727 -42561.9
9.953 -12.8249 -42334
9.954 -12.6762 -42094.4
9.955 -12.5267 -41843.5
9.956 -12.3764 -41581.2
9.957 -12.2251 -41307.6
9.958 -12.0729 -41023
9.959 -11.9199 -40727.3
9.96 -11.7659 -40420.6
9.961 -11.611 -40103.1
9.962 -11.4552 -39774.7
9.963 -11.2981 -39435
9.964 -11.14 -39084.1
9.965 -10.9805 -38721.7
9.966 -10.8196 -38347.7
9.967 -10.6573 -37961.9
9.968 -10.4935 -37564.2
9.969 -10.328 -37154.4
9.97 -10.1609 -36732.4
9.971 -9.99192 -36298
9.972 -9.82103 -35850.8
9.973 -9.64799 -35390.4
9.974 -9.47271 -34916.3
9.975 -9.29497 -34428.3
9.976 -9.11466 -33925.8
9.977 -8.93158 -33408.6
9.978 -8.74561 -32876.1
9.979 -8.55655 -32328
9.98 -8.36431 -31763.9
9.981 -8.16866 -31183.5
9.982 -7.96945 -30586.2
9.983 -7.76645 -29971.5
9.984 -7.5595 -29338.8
9.985 -7.34835 -28687.7
9.986 -7.13284 -28017.6
9.987 -6.91274 -27328.1
9.988 -6.68788 -26618.6
9.989 -6.45803 -25888.7
9.99 -6.22303 -25137.9
9.991 -5.98266 -24365.8
9.992 -5.73674 -23571.9
9.993 -5.48506 -22755.7
9.994 -5.22744 -21916.9
9.995 -4.96367 -21055
9.996 -4.69358 -20169.7
9.997 -4.41697 -19260.4
9.998 -4.13365 -18327
9.999 -3.84344 -17368.9
10 -3.54617 -16385.9
10.001 -3.24163 -15377.5
10.002 -2.92969 -14343.6
10.003 -2.61017 -13283.9
10.004 -2.28293 -12198.2
10.005 -1.94783 -11086.2
10.006 -1.60472 -9947.66
10.007 -1.25348 -8782.47
10.008 -0.893978 -7590.43
10.009 -0.526115 -6371.36
10.01 -0.149791 -5125.12
10.011 0.235066 -3851.6
10.012 0.62849 -2550.78
10.013 1.03048 -1222.67
10.014 1.44103 132.694
10.015 1.86009 1515.27
10.016 2.28758 2924.99
10.017 2.72344 4361.77
10.018 3.16752 5825.52
10.019 3.6197 7316.13
10.02 4.07978 8833.46
10.021 4.54755 10377.3
10.022 5.0227 11947.4
10.023 5.50491 13543.3
10.024 5.99378 15164.6
10.025 6.48891 16810.8
10.026 6.98983 18481.6
10.027 7.49609 20176.4
10.028 8.00714 21894.8
10.029 8.52244 23636.3
10.03 9.04139 25400.5
10.031 9.56338 27186.7
10.032 10.0877 28994.3
10.033 10.6135 30822.4
10.034 11.1401 32670.5
10.035 11.6667 34537.5
10.036 12.1925 36422.8
10.037 12.7166 38325.5
10.038 13.2382 40245
10.039 13.7565 42180.3
10.04 14.2706 44130.6
10.041 14.7798 46095.2
10.042 15.2832 48073.2
10.043 15.78 50063.7
10.044 16.2694 52065.9
10.045 16.7507 54078.8
10.046 17.2232 56101.7
10.047 17.6863 58133.5
10.048 18.1392 60173.6
10.049 18.5815 62221.1
10.05 19.0125 64275
10.051 19.4321 66334.7
10.052 19.8395 68399.3
10.053 20.2348 70468.3
10.054 20.6174 72540.8
10.055 20.9874 74616.2
10.056 21.3444 76693.8
10.057 21.6885 78773.1
10.058 22.0196 80853.2
10.059 22.3377 82933.6
10.06 22.6428 85013.7
10.061 22.9353 87092.9
10.062 23.2149 89170.7
10.063 23.4823 91246.6
10.064 23.7374 93320.1
10.065 23.9807 95390.8
10.066 24.2123 97458.4
10.067 24.4328 99522.3
10.068 24.6421 101582
10.069 24.841 103637
10.07 25.0295 105688
10.071 25.2082 107733
10.072 25.3773 109773
10.073 25.5373 111807
10.074 25.6885 113835
10.075 25.8313 115856
10.076 25.9659 117870
10.077 26.0931 119877
10.078 26.2127 121876
10.079 26.3254 123868
10.08 26.4313 125852
10.081 26.5311 127827
10.082 26.6246 129794
10.083 26.7126 131752
10.084 26.7949 133701
10.085 26.8722 135640
10.086 26.9444 137570
10.087 27.0121 139490
10.088 27.0751 141400
10.089 27.1342 143300
10.09 27.189 145189
10.091 27.2403 147067
10.092 27.2877 148934
10.093 27.3319 150790
10.094 27.3726 152634
10.095 27.4103 154466
10.096 27.4448 156287
10.097 27.4766 158095
10.098 27.5054 159890
10.099 27.5318 161672
10.1 27.5554 163442
10.101 27.5768 165198
10.102 27.5957 166941
10.103 27.6124 168670
10.104 27.6268 170386
10.105 27.6393 172087
10.106 27.6495 173774
10.107 27.6579 175446
10.108 27.6643 177104
10.109 27.6689 178748
10.11 27.6716 180376
10.111 27.6727 181989
10.112 27.672 183587
10.113 27.6698 185170
10.114 27.6659 186738
10.115 27.6607 188290
10.116 27.6538 189827
10.117 27.6457 191348
10.118 27.636 192854
10.119 27.6253 194344
10.12 27.613 195818
10.121 27.5997 197277
10.122 27.5851 198720
10.123 27.5694 200147
10.124 27.5526 201559
10.125 27.5349 202954
10.126 27.5158 204330
10.127 27.4961 205691
10.128 27.4752 207036
10.129 27.4537 208366
10.13 27.4312 209681
10.131 27.4081 210980
10.132 27.3841 212265
10.133 27.3596 213535
10.134 27.3344 214787
10.135 27.3088 216017
10.136 27.2825 217232
10.137 27.256 218432
10.138 27.229 219619
10.139 27.2018 220792
10.14 27.1742 221951
10.141 27.1465 223097
10.142 27.1184 224230
10.143 27.0903 225349
10.144 27.062 226453
10.145 27.0337 227533
10.146 27.0052 228602
10.147 26.9769 229658
10.148 26.9484 230702
10.149 26.9201 231734
10.15 26.8917 232754
10.151 26.8635 233762
10.152 26.8353 234759
10.153 26.8073 235744
10.154 26.7792 236717
10.155 26.7512 237670
10.156 26.7231 238608
10.157 26.6952 239536
10.158 26.667 240452
10.159 26.639 241358
10.16 26.6108 242254
10.161 26.5801 243137
10.162 26.5554 243956
10.163 26.5269 244659
10.164 26.4979 245354
10.165 26.4655 246039
10.166 26.4367 246669
10.167 26.4103 247172
10.168 26.3795 247654
10.169 26.3483 248132
10.17 26.3164 248604
10.171 26.2839 249073
10.172 26.2506 249536
10.173 26.2166 249995
10.174 26.1816 250450
10.175 26.1457 250899
10.176 26.1087 251344
10.177 26.0706 251784
10.178 26.0312 252218
10.179 25.9907 252648
10.18 25.9487 253073
10.181 25.9054 253492
10.182 25.8606 253907
10.183 25.8143 254316
10.184 25.7661 254719
10.185 25.7162 255117
10.186 25.6644 255510
10.187 25.6106 255896
10.188 25.5547 256277
10.189 25.4967 256652
10.19 25.4364 257021
10.191 25.374 257384
10.192 25.3089 257741
10.193 25.2415 258092
10.194 25.1712 258436
10.195 25.0983 258774
10.196 25.0223 259105
10.197 24.9435 259429
10.198 24.8614 259746
10.199 24.7763 260056
10.2 24.6877 260359
10.201 24.5959 260655
10.202 24.5004 260943
10.203 24.4014 261224
10.204 24.2984 261497
10.205 24.1917 261762
10.206 24.0808 262019
10.207 23.9659 262268
10.208 23.8466 262509
10.209 23.7231 262742
10.21 23.5949 262965
10.211 23.4622 263181
10.212 23.3247 263387
10.213 23.1824 263584
10.214 23.0351 263773
10.215 22.8828 263952
10.216 22.7253 264121
10.217 22.5625 264282
10.218 22.3943 264432
10.219 22.2206 264573
10.22 22.0411 264704
10.221 21.8559 264825
10.222 21.6647 264935
10.223 21.4676 265035
10.224 21.2641 265125
10.225 21.0544 265204
10.226 20.8381 265272
10.227 20.6153 265330
10.228 20.3856 265376
10.229 20.1489 265411
10.23 19.9049 265434
10.231 19.6535 265444
10.232 19.3935 265426
10.233 19.1264 265364
10.234 18.8514 265243
10.235 18.5685 265061
10.236 18.2774 264819
10.237 17.978 264516
10.238 17.6701 264151
10.239 17.3535 263723
10.24 17.0278 263233
10.241 16.6932 262679
10.242 16.3491 262062
10.243 15.9958 261381
10.244 15.6327 260637
10.245 15.26 259828
10.246 14.8773 258956
10.247 14.4846 258021
10.248 14.0814 257021
10.249 13.6678 255958
10.25 13.2433 254831
10.251 12.8079 253640
10.252 12.3613 252387
10.253 11.9033 251071
10.254 11.4338 249692
10.255 10.9527 248253
10.256 10.4596 246752
10.257 9.95453 245191
10.258 9.43709 243571
10.259 8.90716 241891
10.26 8.36446 240153
10.261 7.80884 238358
10.262 7.24008 236506
10.263 6.65807 234599
10.264 6.06264 232637
10.265 5.45367 230621
10.266 4.83103 228553
10.267 4.19463 226433
10.268 3.5444 224264
10.269 2.8803 222045
10.27 2.20233 219778
10.271 1.51055 217464
10.272 0.805037 215105
10.273 0.08596 212701
10.274 -0.646427 210254
10.275 -1.39175 207765
10.276 -2.14952 205235
10.277 -2.91912 202666
10.278 -3.69983 200057
10.279 -4.49081 197412
10.28 -5.2911 194731
10.281 -6.09962 192015
10.282 -6.91524 189266
10.283 -7.73668 186484
10.284 -8.56259 183670
10.285 -9.39146 180827
10.286 -10.2217 177954
10.287 -11.0517 175054
10.288 -11.8797 172126
10.289 -12.7037 169173
10.29 -13.522 166195
10.291 -14.3327 163193
10.292 -15.134 160169
10.293 -15.9239 157123
10.294 -16.7009 154056
10.295 -17.4632 150968
10.296 -18.2092 147862
10.297 -18.9372 144737
10.298 -19.6461 141595
10.299 -20.3344 138435
10.3 -21.0012 135260
10.301 -21.6454 132070
10.302 -22.2664 128865
10.303 -22.8634 125647
10.304 -23.4363 122415
10.305 -23.9846 119171
10.306 -24.5085 115915
10.307 -25.0077 112648
10.308 -25.4828 109370
10.309 -25.9338 106081
10.31 -26.3614 102784
10.311 -26.766 99477.3
10.312 -27.1485 96162.4
10.313 -27.5091 92839.9
10.314 -27.8491 89510.4
10.315 -28.1688 86174.5
10.316 -28.4695 82832.7
10.317 -28.7516 79485.7
10.318 -29.0164 76134.1
10.319 -29.2644 72778.4
10.32 -29.4968 69419.2
10.321 -29.7142 66057.2
10.322 -29.9175 62693.1
10.323 -30.1073 59327.7
10.324 -30.2846 55961.9
10.325 -30.4497 52596.5
10.326 -30.6037 49232.3
10.327 -30.7468 45870.1
10.328 -30.88 42510.7
10.329 -31.0036 39154.9
10.33 -31.1184 35803.4
10.331 -31.2246 32457.1
10.332 -31.323 29117.1
10.333 -31.4136 25784.5
10.334 -31.4969 22460.5
10.335 -31.5731 19146.1
10.336 -31.6427 15842.5
10.337 -31.7056 12550.7
10.338 -31.7626 9271.79
10.339 -31.8134 6006.85
10.34 -31.8587 2756.87
10.341 -31.8983 -477.05
10.342 -31.9326 -3693.74
10.343 -31.9616 -6891.95
10.344 -31.9855 -10070.5
10.345 -32.0042 -13228.1
10.346 -32.0181 -16363.7
10.347 -32.0269 -19476.2
10.348 -32.0311 -22564.4
10.349 -32.0304 -25627.3
10.35 -32.0252 -28663.7
10.351 -32.0153 -31672.8
10.352 -32.001 -34653.5
10.353 -31.9821 -37604.8
10.354 -31.9591 -40525.8
10.355 -31.9314 -43415.6
10.356 -31.8997 -46273.4
10.357 -31.8636 -49098.3
10.358 -31.8235 -51889.5
10.359 -31.779 -54646.1
10.36 -31.7307 -57367.6
10.361 -31.678 -60053.1
10.362 -31.6216 -62702.2
10.363 -31.5612 -65314.3
10.364 -31.4971 -67889
10.365 -31.429 -70425.9
10.366 -31.3576 -72924.6
10.367 -31.2823 -75384.6
10.368 -31.2036 -77805.7
10.369 -31.1213 -80187.5
10.37 -31.0357 -82529.7
10.371 -30.9466 -84832.1
10.372 -30.8543 -87094.5
10.373 -30.7586 -89317
10.374 -30.6601 -91499.7
10.375 -30.5584 -93642.4
10.376 -30.454 -95745.3
10.377 -30.3466 -97808.5
10.378 -30.2366 -99831.9
10.379 -30.1238 -101816
10.38 -30.0085 -103760
10.381 -29.8904 -105665
10.382 -29.7701 -107531
10.383 -29.6473 -109358
10.384 -29.5225 -111147
10.385 -29.3954 -112898
10.386 -29.2664 -114611
10.387 -29.1354 -116287
10.388 -29.0027 -117927
10.389 -28.868 -119529
10.39 -28.7318 -121096
10.391 -28.5939 -122627
10.392 -28.4545 -124123
10.393 -28.3136 -125585
10.394 -28.1716 -127012
10.395 -28.0281 -128406
10.396 -27.8837 -129767
10.397 -27.738 -131096
10.398 -27.5915 -132392
10.399 -27.444 -133657
10.4 -27.2957 -134892
10.401 -27.1465 -136096
10.402 -26.9967 -137270
10.403 -26.8461 -138414
10.404 -26.6949 -139530
10.405 -26.543 -140618
10.406 -26.3906 -141677
10.407 -26.2376 -142709
10.408 -26.0842 -143714
10.409 -25.9301 -144692
10.41 -25.7757 -145644
10.411 -25.6208 -146570
10.412 -25.4655 -147472
10.413 -25.3096 -148348
10.414 -25.1534 -149199
10.415 -24.9965 -150026
10.416 -24.8392 -150829
10.417 -24.6813 -151608
10.418 -24.5229 -152363
10.419 -24.3639 -153095
10.42 -24.2044 -153805
10.421 -24.0441 -154492
10.422 -23.8834 -155156
10.423 -23.7218 -155798
10.424 -23.5595 -156418
10.425 -23.3962 -157016
10.426 -23.2322 -157592
10.427 -23.0671 -158147
10.428 -22.9011 -158680
10.429 -22.7339 -159191
10.43 -22.5658 -159681
10.431 -22.3964 -160151
10.432 -22.2259 -160599
10.433 -22.054 -161026
10.434 -21.881 -161432
10.435 -21.7064 -161818
10.436 -21.5305 -162182
10.437 -21.353 -162527
10.438 -21.174 -162850
10.439 -20.9934 -163153
10.44 -20.8113 -163436
10.441 -20.6274 -163699
10.442 -20.4418 -163941
10.443 -20.2544 -164164
10.444 -20.0654 -164366
10.445 -19.8745 -164549
10.446 -19.6818 -164712
10.447 -19.4872 -164855
10.448 -19.2908 -164979
10.449 -19.0925 -165084
10.45 -18.8922 -165169
10.451 -18.69 -165235
10.452 -18.4859 -165282
10.453 -18.2797 -165311
10.454 -18.0713 -165317
10.455 -17.8607 -165300
10.456 -17.6484 -165255
10.457 -17.434 -165181
10.458 -17.2176 -165077
10.459 -16.9991 -164945
10.46 -16.7785 -164783
10.461 -16.5559 -164594
10.462 -16.3312 -164376
10.463 -16.1045 -164131
10.464 -15.8758 -163858
10.465 -15.645 -163559
10.466 -15.4123 -163233
10.467 -15.1776 -162881
10.468 -14.941 -162504
10.469 -14.7024 -162102
10.47 -14.462 -161675
10.471 -14.2196 -161224
10.472 -13.9754 -160750
10.473 -13.7294 -160253
10.474 -13.4818 -159734
10.475 -13.2324 -159193
10.476 -12.9814 -158631
10.477 -12.7287 -158048
10.478 -12.4746 -157446
10.479 -12.219 -156825
10.48 -11.962 -156185
10.481 -11.7036 -155528
10.482 -11.4439 -154853
10.483 -11.183 -154161
10.484 -10.9208 -153454
10.485 -10.6575 -152732
10.486 -10.3931 -151995
10.487 -10.1277 -151244
10.488 -9.86134 -150480
10.489 -9.59408 -149704
10.49 -9.32601 -148915
10.491 -9.05717 -148116
10.492 -8.78764 -147306
10.493 -8.51743 -146486
10.494 -8.24663 -145657
10.495 -7.97527 -144820
10.496 -7.70342 -143974
10.497 -7.43113 -143120
10.498 -7.15848 -142260
10.499 -6.88551 -141394
10.5 -6.61233 -140522
10.501 -6.33896 -139645
10.502 -6.06543 -138763
10.503 -5.79171 -137877
10.504 -5.51783 -136987
10.505 -5.24377 -136093
10.506 -4.96955 -135196
10.507 -4.69517 -134296
10.508 -4.42065 -133393
10.509 -4.146 -132487
10.51 -3.87125 -131580
10.511 -3.5964 -130671
10.512 -3.32142 -129760
10.513 -3.04625 -128848
10.514 -2.77086 -127934
10.515 -2.49519 -127018
10.516 -2.2192 -126101
10.517 -1.94287 -125182
10.518 -1.66615 -124262
10.519 -1.38903 -123341
10.52 -1.11148 -122418
10.521 -0.833461 -121494
10.522 -0.554888 -120568
10.523 -0.275649 -119640
10.524 0.00435766 -118711
10.525 0.28523 -117778
10.526 0.567055 -116843
10.527 0.849915 -115905
10.528 1.13388 -114963
10.529 1.41903 -114018
10.53 1.70542 -113068
10.531 1.99312 -112115
10.532 2.28223 -111156
10.533 2.57287 -110193
10.534 2.86514 -109223
10.535 3.15914 -108247
10.536 3.45496 -107265
10.537 3.75268 -106275
10.538 4.05237 -105277
10.539 4.35411 -104272
10.54 4.65794 -103257
10.541 4.96395 -102233
10.542 5.27218 -101200
10.543 5.58271 -100156
10.544 5.89559 -99100.9
10.545 6.21088 -98034.5
10.546 6.5286 -96956.1
10.547 6.8488 -95865
10.548 7.17147 -94760.8
10.549 7.49663 -93642.9
10.55 7.82425 -92510.7
10.551 8.15434 -91363.8
10.552 8.48677 -90201.8
10.553 8.82148 -89024.5
10.554 9.15833 -87831.4
10.555 9.49723 -86622.4
10.556 9.83799 -85397.1
10.557 10.1805 -84155.2
10.558 10.5246 -82896.5
10.559 10.8701 -81620.7
10.56 11.2169 -80327.6
10.561 11.5647 -79017
10.562 11.9131 -77688.9
10.563 12.262 -76343.7
10.564 12.6109 -74981.5
10.565 12.9595 -73602.6
10.566 13.3075 -72207.1
10.567 13.6544 -70795.4
10.568 14 -69367.6
10.569 14.3439 -67924.1
10.57 14.6858 -66464.9
10.571 15.0252 -64990.6
10.572 15.3618 -63501.7
10.573 15.6952 -61998.8
10.574 16.0248 -60482.7
10.575 16.3503 -58954.1
10.576 16.6711 -57413.7
10.577 16.9871 -55862.1
10.578 17.2978 -54300.1
10.579 17.6028 -52728.4
10.58 17.9018 -51147.5
10.581 18.1946 -49558.4
10.582 18.4807 -47961.9
10.583 18.7598 -46358.9
10.584 19.0317 -44750.4
10.585 19.296 -43137.5
10.586 19.5524 -41521
10.587 19.8009 -39901.8
10.588 20.041 -38281
10.589 20.2729 -36659.4
10.59 20.4961 -35038
10.591 20.7107 -33417.6
10.592 20.9165 -31799.3
10.593 21.1136 -30184
10.594 21.3016 -28572.6
10.595 21.4808 -26966.1
10.596 21.6509 -25365.4
10.597 21.8122 -23771.4
10.598 21.9644 -22185
10.599 22.1079 -20607.1
10.6 22.2424 -19038.6
10.601 22.3682 -17480.3
10.602 22.4852 -15933.1
10.603 22.5938 -14397.6
10.604 22.6938 -12874.7
10.605 22.7855 -11365.1
10.606 22.869 -9869.61
10.607 22.9445 -8388.87
10.608 23.012 -6923.62
10.609 23.0718 -5474.56
10.61 23.1238 -4042.36
10.611 23.1684 -2627.66
10.612 23.2056 -1230.99
10.613 23.2358 147.146
10.614 23.259 1506.29
10.615 23.2755 2845.97
10.616 23.2853 4165.73
10.617 23.2888 5465.14
10.618 23.286 6743.76
10.619 23.2771 8001.18
10.62 23.2623 9236.99
10.621 23.2417 10450.9
10.622 23.2155 11642.5
10.623 23.1841 12811.9
10.624 23.1473 13958.7
10.625 23.1056 15082.9
10.626 23.059 16184.3
10.627 23.0078 17262.7
10.628 22.952 18318.1
10.629 22.8919 19350.2
10.63 22.8275 20359.1
10.631 22.7591 21344.6
10.632 22.6867 22306.7
10.633 22.6105 23245.5
10.634 22.5307 24161
10.635 22.4474 25053.2
10.636 22.3607 25922.3
10.637 22.2708 26768.2
10.638 22.1777 27591
10.639 22.0817 28390.8
10.64 21.9827 29167.7
10.641 21.881 29921.7
10.642 21.7765 30653
10.643 21.6695 31361.7
10.644 21.5599 32047.9
10.645 21.448 32711.8
10.646 21.3336 33353.6
10.647 21.2172 33973.4
10.648 21.0985 34571.3
10.649 20.9777 35147.5
10.65 20.8549 35702.2
10.651 20.7302 36235.6
10.652 20.6036 36747.6
10.653 20.4751 37238.5
10.654 20.3447 37708.3
10.655 20.2126 38157.1
10.656 20.0787 38585
10.657 19.943 38992.2
10.658 19.8056 39378.8
10.659 19.6665 39744.8
10.66 19.5257 40090.4
10.661 19.3833 40415.7
10.662 19.2392 40720.7
10.663 19.0935 41005.5
10.664 18.946 41270.1
10.665 18.7969 41514.6
10.666 18.646 41738.9
10.667 18.4934 41943.1
10.668 18.339 42127.2
10.669 18.183 42291.4
10.67 18.0251 42435.6
10.671 17.8655 42559.9
10.672 17.7041 42664.2
10.673 17.5408 42748.6
10.674 17.3756 42813.1
10.675 17.2085 42857.7
10.676 17.0394 42882.2
10.677 16.8683 42885.5
10.678 16.6951 42867
10.679 16.5199 42825.2
10.68 16.3425 42759.8
10.681 16.1631 42671
10.682 15.9814 42558.5
10.683 15.7975 42422.4
10.684 15.6113 42262.7
10.685 15.4228 42079.2
10.686 15.2317 41872.1
10.687 15.0383 41641.1
10.688 14.8422 41386.4
10.689 14.6437 41107.8
10.69 14.4424 40805.5
10.691 14.2385 40479.3
10.692 14.0317 40129.3
10.693 13.8221 39755.2
10.694 13.6095 39357.1
10.695 13.394 38934.7
10.696 13.1752 38488.2
10.697 12.9533 38017.3
10.698 12.728 37522.1
10.699 12.4994 37002.4
10.7 12.2672 36458.3
10.701 12.0316 35889.7
10.702 11.7922 35296.7
10.703 11.5492 34679.1
10.704 11.3024 34037.1
10.705 11.0517 33370.7
10.706 10.7971 32679.9
10.707 10.5384 31964.8
10.708 10.2756 31225.4
10.709 10.0087 30461.8
10.71 9.73748 29674.1
10.711 9.46194 28862.3
10.712 9.18196 28026.7
10.713 8.89754 27167.4
10.714 8.60857 26284.5
10.715 8.31502 25378.2
10.716 8.01679 24448.7
10.717 7.71386 23496.3
10.718 7.40613 22521.1
10.719 7.09357 21523.3
10.72 6.7761 20503.2
10.721 6.45368 19461
10.722 6.12627 18397.2
10.723 5.79389 17312.1
10.724 5.4565 16206
10.725 5.11412 15079.5
10.726 4.76673 13933
10.727 4.41435 12766.8
10.728 4.05697 11581.5
10.729 3.69462 10377.4
10.73 3.32731 9155.1
10.731 2.95508 7915.05
10.732 2.57799 6657.83
10.733 2.19613 5384.08
10.734 1.8096 4094.43
10.735 1.41851 2789.53
10.736 1.02298 1470.01
10.737 0.623143 136.531
10.738 0.219151 -1210.25
10.739 -0.188827 -2569.66
10.74 -0.600601 -3941.04
10.741 -1.01595 -5323.69
10.742 -1.43462 -6716.86
10.743 -1.85633 -8119.79
10.744 -2.28078 -9531.7
10.745 -2.70765 -10951.8
10.746 -3.1366 -12379.4
10.747 -3.56728 -13813.6
10.748 -3.9993 -15253.7
10.749 -4.43228 -16698.8
10.75 -4.8658 -18148.3
10.751 -5.29944 -19601.4
10.752 -5.73276 -21057.2
10.753 -6.16529 -22514.9
10.754 -6.59658 -23973.9
10.755 -7.02615 -25433.4
10.756 -7.45352 -26892.5
10.757 -7.87817 -28350.6
10.758 -8.29965 -29806.8
10.759 -8.71742 -31260.4
10.76 -9.131 -32710.6
10.761 -9.53988 -34156.8
10.762 -9.94362 -35598.3
10.763 -10.3417 -37034.4
10.764 -10.7338 -38464.5
10.765 -11.1193 -39888
10.766 -11.4979 -41304.2
10.767 -11.8691 -42712.6
10.768 -12.2326 -44112.5
10.769 -12.5879 -45503.4
10.77 -12.9348 -46884.7
10.771 -13.2729 -48255.9
10.772 -13.602 -49616.5
10.773 -13.9218 -50966.3
10.774 -14.2322 -52304.9
10.775 -14.533 -53632.1
10.776 -14.8241 -54947.6
10.777 -15.1053 -56251
10.778 -15.3766 -57542.1
10.779 -15.6378 -58820.7
10.78 -15.8891 -60086.5
10.781 -16.1303 -61339.3
10.782 -16.3615 -62579
10.783 -16.5828 -63805.5
10.784 -16.7943 -65018.8
10.785 -16.9962 -66218.9
10.786 -17.1885 -67405.7
10.787 -17.3713 -68579.3
10.788 -17.545 -69739.6
10.789 -17.7096 -70886.6
10.79 -17.8653 -72020.4
10.791 -18.0123 -73140.9
10.792 -18.151 -74248.3
10.793 -18.2813 -75342.6
10.794 -18.4037 -76423.9
10.795 -18.5182 -77492.1
10.796 -18.6253 -78547.5
10.797 -18.7251 -79590.2
10.798 -18.8178 -80620.1
10.799 -18.9037 -81637.5
10.8 -18.983 -82642.5
10.801 -19.056 -83635.1
10.802 -19.1229 -84615.4
10.803 -19.1838 -85583.5
10.804 -19.2391 -86539.4
10.805 -19.2888 -87483.2
10.806 -19.3333 -88414.9
10.807 -19.3727 -89334.7
10.808 -19.4072 -90242.6
10.809 -19.437 -91138.6
10.81 -19.4624 -92023
10.811 -19.4833 -92895.7
10.812 -19.5002 -93756.6
10.813 -19.5128 -94605.7
10.814 -19.5216 -95442.8
10.815 -19.5264 -96267.9
10.816 -19.5275 -97080.8
10.817 -19.5248 -97881.5
10.818 -19.5187 -98669.9
10.819 -19.5091 -99445.8
10.82 -19.4961 -100209
10.821 -19.4798 -100960
10.822 -19.4604 -101698
10.823 -19.4377 -102424
10.824 -19.412 -103136
10.825 -19.3832 -103835
10.826 -19.3514 -104520
10.827 -19.3166 -105193
10.828 -19.279 -105851
10.829 -19.2384 -106496
10.83 -19.1951 -107127
10.831 -19.149 -107743
10.832 -19.1002 -108346
10.833 -19.0487 -108934
10.834 -18.9946 -109508
10.835 -18.9378 -110068
10.836 -18.8785 -110612
10.837 -18.8167 -111142
10.838 -18.7524 -111658
10.839 -18.6856 -112158
10.84 -18.6164 -112643
10.841 -18.5448 -113114
10.842 -18.4709 -113569
10.843 -18.3947 -114010
10.844 -18.3163 -114435
10.845 -18.2357 -114845
10.846 -18.1531 -115241
10.847 -18.0684 -115622
10.848 -17.9817 -115988
10.849 -17.8931 -116339
10.85 -17.8026 -116675
10.851 -17.7102 -116997
10.852 -17.6161 -117305
10.853 -17.5203 -117598
10.854 -17.423 -117878
10.855 -17.3242 -118144
10.856 -17.2241 -118397
10.857 -17.1227 -118636
10.858 -17.0201 -118863
10.859 -16.9164 -119077
10.86 -16.8117 -119279
10.861 -16.706 -119468
10.862 -16.5995 -119647
10.863 -16.4923 -119814
10.864 -16.3846 -119970
10.865 -16.2764 -120116
10.866 -16.1678 -120252
10.867 -16.059 -120378
10.868 -15.9502 -120496
10.869 -15.8413 -120604
10.87 -15.7325 -120705
10.871 -15.6239 -120798
10.872 -15.5157 -120884
10.873 -15.4079 -120963
10.874 -15.3008 -121036
10.875 -15.1943 -121103
10.876 -15.0886 -121165
10.877 -14.9839 -121223
10.878 -14.8803 -121276
10.879 -14.7778 -121326
10.88 -14.6766 -121373
10.881 -14.5769 -121417
10.882 -14.4786 -121459
10.883 -14.382 -121500
10.884 -14.2871 -121539
10.885 -14.1939 -121578
10.886 -14.1027 -121617
10.887 -14.0135 -121656
10.888 -13.9264 -121696
10.889 -13.8414 -121737
10.89 -13.7588 -121780
10.891 -13.6786 -121825
10.892 -13.6008 -121873
10.893 -13.5254 -121924
10.894 -13.4527 -121978
10.895 -13.3824 -122036
10.896 -13.3149 -122098
10.897 -13.25 -122164
10.898 -13.1879 -122235
10.899 -13.1285 -122311
10.9 -13.072 -122392
10.901 -13.0183 -122478
10.902 -12.9675 -122571
10.903 -12.9195 -122669
10.904 -12.8745 -122774
10.905 -12.8323 -122884
10.906 -12.7929 -123001
10.907 -12.7564 -123125
10.908 -12.7228 -123255
10.909 -12.692 -123392
10.91 -12.664 -123536
10.911 -12.6389 -123687
10.912 -12.6166 -123845
10.913 -12.597 -124011
10.914 -12.5803 -124183
10.915 -12.5663 -124364
10.916 -12.5552 -124551
10.917 -12.5467 -124747
10.918 -12.541 -124950
10.919 -12.538 -125161
10.92 -12.5377 -125380
10.921 -12.54 -125607
10.922 -12.545 -125841
10.923 -12.5527 -126084
10.924 -12.563 -126335
10.925 -12.5759 -126594
10.926 -12.5914 -126862
10.927 -12.6095 -127138
10.928 -12.6303 -127423
10.929 -12.6535 -127716
10.93 -12.6793 -128018
10.931 -12.7076 -128328
10.932 -12.7385 -128647
10.933 -12.7718 -128976
10.934 -12.8077 -129313
10.935 -12.8461 -129659
10.936 -12.887 -130015
10.937 -12.9305 -130380
10.938 -12.9764 -130755
10.939 -13.0248 -131139
10.94 -13.0758 -131533
10.941 -13.1292 -131937
10.942 -13.1851 -132351
10.943 -13.2434 -132774
10.944 -13.3042 -133208
10.945 -13.3674 -133652
10.946 -13.4331 -134107
10.947 -13.5012 -134572
10.948 -13.5716 -135047
10.949 -13.6444 -135533
10.95 -13.7196 -136030
10.951 -13.7971 -136537
10.952 -13.8769 -137055
10.953 -13.9588 -137584
10.954 -14.043 -138124
10.955 -14.1293 -138675
10.956 -14.2177 -139236
10.957 -14.3081 -139808
10.958 -14.4005 -140391
10.959 -14.4947 -140985
10.96 -14.5909 -141589
10.961 -14.6888 -142204
10.962 -14.7884 -142830
10.963 -14.8895 -143466
10.964 -14.9921 -144112
10.965 -15.096 -144767
10.966 -15.2011 -145433
10.967 -15.3073 -146108
10.968 -15.4144 -146792
10.969 -15.5223 -147486
10.97 -15.631 -148188
10.971 -15.7403 -148898
10.972 -15.85 -149617
10.973 -15.96 -150343
10.974 -16.0701 -151077
10.975 -16.18 -151818
10.976 -16.2898 -152566
10.977 -16.3992 -153319
10.978 -16.5081 -154079
10.979 -16.6162 -154843
10.98 -16.7236 -155613
10.981 -16.83 -156387
10.982 -16.9352 -157165
10.983 -17.0391 -157947
10.984 -17.1417 -158732
10.985 -17.2425 -159520
10.986 -17.3417 -160309
10.987 -17.439 -161101
10.988 -17.5342 -161893
10.989 -17.6273 -162686
10.99 -17.7182 -163480
10.991 -17.8066 -164273
10.992 -17.8926 -165066
10.993 -17.9759 -165857
10.994 -18.0565 -166647
10.995 -18.1342 -167434
10.996 -18.2091 -168219
10.997 -18.2809 -169001
10.998 -18.3496 -169779
10.999 -18.415 -170553
11 -18.4772 -171323
11.001 -18.536 -172088
11.002 -18.5915 -172847
11.003 -18.6435 -173601
11.004 -18.6921 -174348
11.005 -18.7372 -175089
11.006 -18.7787 -175823
11.007 -18.8167 -176550
11.008 -18.8511 -177270
11.009 -18.8818 -177981
11.01 -18.909 -178684
11.011 -18.9325 -179379
11.012 -18.9525 -180065
11.013 -18.9692 -180742
11.014 -18.9824 -181386
11.015 -18.9915 -182021
11.016 -18.9972 -182647
11.017 -18.9995 -183263
11.018 -18.9984 -183870
11.019 -18.9939 -184466
11.02 -18.9862 -185053
11.021 -18.9752 -185629
11.022 -18.961 -186196
11.023 -18.9436 -186752
11.024 -18.9232 -187297
11.025 -18.8998 -187833
11.026 -18.8734 -188357
11.027 -18.844 -188871
11.028 -18.8119 -189375
11.029 -18.7769 -189867
11.03 -18.7392 -190349
11.031 -18.6987 -190820
11.032 -18.6557 -191280
11.033 -18.61 -191729
11.034 -18.562 -192168
11.035 -18.5115 -192595
11.036 -18.4587 -193013
11.037 -18.4036 -193419
11.038 -18.3464 -193815
11.039 -18.287 -194200
11.04 -18.2256 -194575
11.041 -18.1621 -194939
11.042 -18.0968 -195293
11.043 -18.0294 -195637
11.044 -17.9603 -195970
11.045 -17.8894 -196293
11.046 -17.8168 -196606
11.047 -17.7424 -196909
11.048 -17.6664 -197201
11.049 -17.5888 -197484
11.05 -17.5097 -197757
11.051 -17.429 -198019
11.052 -17.3469 -198272
11.053 -17.2633 -198516
11.054 -17.1783 -198749
11.055 -17.0919 -198973
11.056 -17.0041 -199187
11.057 -16.915 -199391
11.058 -16.8246 -199586
11.059 -16.7328 -199772
11.06 -16.6399 -199948
11.061 -16.5456 -200114
11.062 -16.4502 -200271
11.063 -16.3535 -200419
11.064 -16.2557 -200558
11.065 -16.1566 -200687
11.066 -16.0564 -200807
11.067 -15.955 -200919
11.068 -15.8524 -201020
11.069 -15.7487 -201113
11.07 -15.6439 -201197
11.071 -15.538 -201272
11.072 -15.4309 -201338
11.073 -15.3226 -201394
11.074 -15.2132 -201442
11.075 -15.1025 -201480
11.076 -14.9907 -201510
11.077 -14.8775 -201530
11.078 -14.763 -201540
11.079 -14.6472 -201540
11.08 -14.53 -201528
11.081 -14.4115 -201503
11.082 -14.2917 -201465
11.083 -14.1704 -201413
11.084 -14.0477 -201348
11.085 -13.9235 -201269
11.086 -13.7978 -201176
11.087 -13.6705 -201070
11.088 -13.5416 -200950
11.089 -13.4112 -200816
11.09 -13.2791 -200669
11.091 -13.1453 -200507
11.092 -13.0099 -200331
11.093 -12.8727 -200141
11.094 -12.7337 -199938
11.095 -12.593 -199720
11.096 -12.4504 -199488
11.097 -12.306 -199241
11.098 -12.1597 -198981
11.099 -12.0116 -198706
11.1 -11.8615 -198417
11.101 -11.7095 -198114
11.102 -11.5555 -197797
11.103 -11.3995 -197466
11.104 -11.2416 -197120
11.105 -11.0817 -196761
11.106 -10.9198 -196387
11.107 -10.7559 -196000
11.108 -10.59 -195599
11.109 -10.4221 -195185
11.11 -10.2522 -194757
11.111 -10.0802 -194316
11.112 -9.9062 -193861
11.113 -9.73015 -193393
11.114 -9.5521 -192912
11.115 -9.37199 -192418
11.116 -9.18988 -191912
11.117 -9.00571 -191392
11.118 -8.81954 -190861
11.119 -8.63132 -190317
11.12 -8.44109 -189761
11.121 -8.24881 -189193
11.122 -8.0545 -188614
11.123 -7.85811 -188022
11.124 -7.65964 -187419
11.125 -7.45904 -186804
11.126 -7.25631 -186178
11.127 -7.05142 -185541
11.128 -6.84437 -184892
11.129 -6.63511 -184233
11.13 -6.42364 -183562
11.131 -6.20993 -182881
11.132 -5.99393 -182188
11.133 -5.77558 -181485
11.134 -5.55483 -180771
11.135 -5.33161 -180046
11.136 -5.10589 -179310
11.137 -4.8776 -178563
11.138 -4.6467 -177806
11.139 -4.41313 -177037
11.14 -4.17685 -176258
11.141 -3.9378 -175468
11.142 -3.69592 -174667
11.143 -3.4511 -173854
11.144 -3.20327 -173031
11.145 -2.95236 -172197
11.146 -2.69828 -171351
11.147 -2.44096 -170493
11.148 -2.18034 -169624
11.149 -1.91635 -168744
11.15 -1.64892 -167852
11.151 -1.378 -166948
11.152 -1.10349 -166032
11.153 -0.825325 -165104
11.154 -0.543419 -164163
11.155 -0.257703 -163211
11.156 0.0318887 -162245
11.157 0.32541 -161267
11.158 0.622906 -160276
11.159 0.924411 -159272
11.16 1.22995 -158254
11.161 1.53954 -157224
11.162 1.85321 -156179
11.163 2.17097 -155122
11.164 2.49281 -154050
11.165 2.81874 -152964
11.166 3.14873 -151864
11.167 3.48276 -150750
11.168 3.82077 -149622
11.169 4.16272 -148479
11.17 4.50853 -147321
11.171 4.85812 -146148
11.172 5.21137 -144961
11.173 5.56816 -143758
11.174 5.92834 -142541
11.175 6.29176 -141309
11.176 6.65824 -140062
11.177 7.02761 -138799
11.178 7.39965 -137522
11.179 7.77417 -136230
11.18 8.15092 -134922
11.181 8.52966 -133600
11.182 8.91009 -132263
11.183 9.29192 -130911
11.184 9.6748 -129544
11.185 10.0584 -128163
11.186 10.4424 -126768
11.187 10.8265 -125359
11.188 11.2102 -123936
11.189 11.5933 -122499
11.19 11.9754 -121049
11.191 12.356 -119586
11.192 12.7348 -118110
11.193 13.1114 -116621
11.194 13.4854 -115119
11.195 13.8564 -113606
11.196 14.224 -112081
11.197 14.5878 -110544
11.198 14.9475 -108997
11.199 15.3028 -107438
11.2 15.6532 -105869
11.201 15.9985 -104290
11.202 16.3384 -102702
11.203 16.6725 -101103
11.204 17.0005 -99496.1
11.205 17.3222 -97880.2
11.206 17.6374 -96255.9
11.207 17.9458 -94623.8
11.208 18.2473 -92984
11.209 18.5417 -91336.9
11.21 18.8287 -89683
11.211 19.1084 -88022.6
11.212 19.3805 -86355.9
11.213 19.6451 -84683.6
11.214 19.902 -83005.8
11.215 20.1512 -81323.1
11.216 20.3926 -79635.8
11.217 20.6263 -77944.2
11.218 20.8522 -76248.8
11.219 21.0704 -74550
11.22 21.281 -72848
11.221 21.484 -71143.2
11.222 21.6793 -69436.1
11.223 21.8674 -67727.1
11.224 22.0479 -66016.4
11.225 22.2213 -64304.6
11.226 22.3875 -62592
11.227 22.5467 -60879.1
11.228 22.699 -59166
11.229 22.8446 -57453.3
11.23 22.9835 -55741.3
11.231 23.116 -54030.4
11.232 23.2422 -52320.8
11.233 23.3622 -50613.1
11.234 23.4762 -48907.5
11.235 23.5844 -47204.4
11.236 23.6868 -45504.2
11.237 23.7837 -43807.2
11.238 23.8751 -42113.7
11.239 23.9615 -40424.1
11.24 24.0426 -38738.7
11.241 24.1189 -37057.9
11.242 24.1903 -35381.9
11.243 24.2571 -33711.1
11.244 24.3193 -32045.9
11.245 24.3773 -30386.5
11.246 24.4308 -28733.3
11.247 24.4804 -27086.6
11.248 24.5258 -25446.7
11.249 24.5675 -23813.8
11.25 24.6053 -22188.3
11.251 24.6395 -20570.4
11.252 24.6701 -18960.5
11.253 24.6974 -17358.7
11.254 24.7213 -15765.4
11.255 24.7421 -14180.6
11.256 24.7597 -12604.8
11.257 24.7744 -11038
11.258 24.786 -9480.52
11.259 24.795 -7932.56
11.26 24.8011 -6394.31
11.261 24.8047 -4865.99
11.262 24.8057 -3347.81
11.263 24.8042 -1839.98
11.264 24.8002 -342.716
11.265 24.7939 1143.78
11.266 24.7852 2619.31
11.267 24.7744 4083.68
11.268 24.7613 5536.71
11.269 24.7461 6978.22
11.27 24.7288 8408.03
11.271 24.7095 9825.97
11.272 24.6881 11231.8
11.273 24.6648 12625.4
11.274 24.6395 14006.5
11.275 24.6123 15374.9
11.276 24.5831 16730.5
11.277 24.5522 18073
11.278 24.5193 19402.2
11.279 24.4847 20718.1
11.28 24.4482 22020.3
11.281 24.4101 23308.8
11.282 24.37 24583.4
11.283 24.3283 25843.7
11.284 24.2846 27089.7
11.285 24.2393 28321
11.286 24.1921 29537.6
11.287 24.1432 30739.1
11.288 24.0924 31925.3
11.289 24.0399 33096.2
11.29 23.9855 34251.5
11.291 23.9294 35391.1
11.292 23.8715 36514.6
11.293 23.8118 37622.1
11.294 23.7502 38713.2
11.295 23.6868 39787.8
11.296 23.6216 40845.7
11.297 23.5546 41886.8
11.298 23.4856 42911
11.299 23.415 43917.9
11.3 23.3424 44907.6
11.301 23.268 45879.8
11.302 23.1916 46834.4
11.303 23.1135 47771.2
11.304 23.0333 48690
11.305 22.9513 49590.6
11.306 22.8673 50472.9
11.307 22.7814 51336.8
11.308 22.6934 52182
11.309 22.6036 53008.4
11.31 22.5116 53815.9
11.311 22.4176 54604.4
11.312 22.3216 55373.6
11.313 22.2235 56123.4
11.314 22.1232 56853.5
11.315 22.0209 57564
11.316 21.9163 58254.4
11.317 21.8095 58924.8
11.318 21.7005 59575
11.319 21.5893 60204.8
11.32 21.4757 60814.1
11.321 21.3599 61402.6
11.322 21.2417 61970.3
11.323 21.1211 62516.9
11.324 20.998 63042.3
11.325 20.8725 63546.2
11.326 20.7443 64028.4
11.327 20.6136 64488.7
11.328 20.4802 64927.1
11.329 20.3442 65343.2
11.33 20.2054 65737
11.331 20.0638 66108.2
11.332 19.9194 66456.6
11.333 19.7722 66782.1
11.334 19.6219 67084.6
11.335 19.4687 67363.7
11.336 19.3124 67619.3
11.337 19.1531 67851.4
11.338 18.9905 68059.6
11.339 18.8249 68243.8
11.34 18.6559 68403.9
11.341 18.4836 68539.6
11.342 18.3079 68651
11.343 18.1289 68737.8
11.344 17.9465 68800
11.345 17.7605 68837.4
11.346 17.5709 68848.9
11.347 17.3777 68831.9
11.348 17.1809 68783.5
11.349 16.9805 68702.9
11.35 16.7763 68589.9
11.351 16.5684 68444.3
11.352 16.3566 68266.3
11.353 16.1411 68055.8
11.354 15.9216 67812.8
11.355 15.6983 67537.4
11.356 15.471 67229.7
11.357 15.2398 66889.6
11.358 15.0045 66517.3
11.359 14.7652 66112.8
11.36 14.5218 65676.2
11.361 14.2742 65207.7
11.362 14.0225 64707.4
11.363 13.7666 64175.6
11.364 13.5065 63612.7
11.365 13.2422 63018.8
11.366 12.9737 62394.3
11.367 12.7011 61739.5
11.368 12.4241 61054.7
11.369 12.1429 60340.3
11.37 11.8573 59596.5
11.371 11.5675 58823.8
11.372 11.2733 58022.6
11.373 10.9748 57193.4
11.374 10.6721 56336.8
11.375 10.3651 55453.3
11.376 10.0538 54543.4
11.377 9.7382 53607.7
11.378 9.41838 52646.8
11.379 9.09433 51661.2
11.38 8.76602 50651.4
11.381 8.43351 49618.2
11.382 8.0968 48562.2
11.383 7.75596 47484.2
11.384 7.41102 46384.8
11.385 7.06204 45264.8
11.386 6.70907 44124.9
11.387 6.35217 42965.9
11.388 5.99138 41788.6
11.389 5.6268 40593.7
11.39 5.25846 39382
11.391 4.88647 38154.2
11.392 4.51089 36911.3
11.393 4.13184 35653.9
11.394 3.74941 34383
11.395 3.36371 33099.3
11.396 2.97487 31803.8
11.397 2.58303 30497.1
11.398 2.18832 29180.3
11.399 1.7909 27854
11.4 1.39093 26519.2
11.401 0.988598 25176.7
11.402 0.584046 23827.2
11.403 0.177437 22471.3
11.404 -0.231049 21109.8
11.405 -0.641215 19743.3
11.406 -1.05284 18372.5
11.407 -1.46567 16998.1
11.408 -1.87947 15620.8
11.409 -2.29394 14241.3
11.41 -2.7088 12860.2
11.411 -3.12375 11478.2
11.412 -3.53853 10095.7
11.413 -3.95285 8713.41
11.414 -4.36642 7331.62
11.415 -4.77894 5950.86
11.416 -5.19011 4571.6
11.417 -5.59959 3194.31
11.418 -6.00706 1819.46
11.419 -6.41217 447.503
11.42 -6.8146 -921.098
11.421 -7.21397 -2285.95
11.422 -7.61002 -3646.76
11.423 -8.00243 -5003.34
11.424 -8.39094 -6355.46
11.425 -8.77522 -7702.91
11.426 -9.15502 -9045.49
11.427 -9.53002 -10383
11.428 -9.89998 -11715.3
11.429 -10.2646 -13042.1
11.43 -10.6236 -14363.2
11.431 -10.9768 -15678.6
11.432 -11.3239 -16988.1
11.433 -11.6647 -18291.7
11.434 -11.999 -19589.3
11.435 -12.3267 -20880.9
11.436 -12.6476 -22166.4
11.437 -12.9616 -23445.9
11.438 -13.2685 -24719.3
11.439 -13.5681 -25986.5
11.44 -13.8605 -27247.6
11.441 -14.1454 -28502.5
11.442 -14.4229 -29751.3
11.443 -14.6928 -30993.7
11.444 -14.9551 -32229.7
11.445 -15.2097 -33459.2
11.446 -15.4566 -34682.3
11.447 -15.6958 -35898.8
11.448 -15.9274 -37108.7
11.449 -16.1512 -38312
11.45 -16.3675 -39508.5
11.451 -16.5761 -40698.3
11.452 -16.7772 -41881.2
11.453 -16.9706 -43056.9
11.454 -17.1566 -44225.1
11.455 -17.335 -45385.7
11.456 -17.506 -46538.5
11.457 -17.6696 -47683.2
11.458 -17.8259 -48819.6
11.459 -17.9749 -49947.5
11.46 -18.1169 -51066.8
11.461 -18.2518 -52177.2
11.462 -18.3797 -53278.3
11.463 -18.5006 -54369.8
11.464 -18.6147 -55451.2
11.465 -18.722 -56522.1
11.466 -18.8225 -57582.2
11.467 -18.9163 -58631.1
11.468 -19.0035 -59668.3
11.469 -19.0842 -60693.5
11.47 -19.1586 -61706.4
11.471 -19.2265 -62706.6
11.472 -19.2882 -63693.6
11.473 -19.3437 -64666.9
11.474 -19.393 -65626.1
11.475 -19.4362 -66570.6
11.476 -19.4734 -67500
11.477 -19.5046 -68413.9
11.478 -19.5299 -69311.7
11.479 -19.5493 -70193.1
11.48 -19.563 -71057.5
11.481 -19.571 -71904.7
11.482 -19.5733 -72734
11.483 -19.5701 -73545.1
11.484 -19.5613 -74337.5
11.485 -19.547 -75110.7
11.486 -19.5274 -75864.4
11.487 -19.5023 -76598.1
11.488 -19.4719 -77311.3
11.489 -19.4363 -78003.7
11.49 -19.3954 -78674.9
11.491 -19.3494 -79324.5
11.492 -19.2983 -79952.1
11.493 -19.2421 -80557.5
11.494 -19.181 -81140.2
11.495 -19.1149 -81700.1
11.496 -19.044 -82236.7
11.497 -18.9682 -82749.8
11.498 -18.8877 -83239.2
11.499 -18.8025 -83704.6
11.5 -18.7126 -84145.6
11.501 -18.618 -84562
11.502 -18.5189 -84953.8
11.503 -18.4153 -85320.9
11.504 -18.3074 -85663.2
11.505 -18.1952 -85980.7
11.506 -18.0788 -86273.3
11.507 -17.9582 -86541
11.508 -17.8335 -86783.7
11.509 -17.7049 -87001.5
11.51 -17.5723 -87194.3
11.511 -17.4357 -87362.1
11.512 -17.2955 -87505.1
11.513 -17.1515 -87623.4
11.514 -17.004 -87717.3
11.515 -16.8529 -87786.9
11.516 -16.6985 -87832.4
11.517 -16.5407 -87854
11.518 -16.3797 -87851
11.519 -16.2154 -87823
11.52 -16.0482 -87769.5
11.521 -15.8779 -87690.9
11.522 -15.7047 -87587.5
11.523 -15.5287 -87459.8
11.524 -15.3501 -87308.3
11.525 -15.1689 -87133.3
11.526 -14.9852 -86935.3
11.527 -14.7991 -86714.8
11.528 -14.6107 -86472.3
11.529 -14.4201 -86208.3
11.53 -14.2275 -85923.2
11.531 -14.0328 -85617.5
11.532 -13.8363 -85291.8
11.533 -13.6378 -84946.7
11.534 -13.4377 -84582.7
11.535 -13.236 -84200.3
11.536 -13.0327 -83800.3
11.537 -12.828 -83383.1
11.538 -12.622 -82949.3
11.539 -12.4147 -82499.6
11.54 -12.2063 -82034.5
11.541 -11.9967 -81554.6
11.542 -11.7862 -81060.5
11.543 -11.5748 -80552.8
11.544 -11.3625 -80031.9
11.545 -11.1494 -79498.5
11.546 -10.9356 -78953.1
11.547 -10.7212 -78396.2
11.548 -10.5063 -77828.5
11.549 -10.2908 -77250.6
11.55 -10.0749 -76662.9
11.551 -9.85871 -76066
11.552 -9.6422 -75460.5
11.553 -9.4254 -74846.5
11.554 -9.20837 -74224.7
11.555 -8.9911 -73595.3
11.556 -8.77367 -72958.8
11.557 -8.55607 -72315.6
11.558 -8.33837 -71666.1
11.559 -8.12058 -71010.8
11.56 -7.90278 -70349.9
11.561 -7.68494 -69684
11.562 -7.46712 -69013.3
11.563 -7.24925 -68337.9
11.564 -7.03136 -67658.1
11.565 -6.81341 -66974.1
11.566 -6.59541 -66286.2
11.567 -6.37734 -65594.4
11.568 -6.15922 -64899.1
11.569 -5.94102 -64200.5
11.57 -5.72276 -63498.8
11.571 -5.50442 -62794.1
11.572 -5.28601 -62086.7
11.573 -5.0675 -61376.7
11.574 -4.84891 -60664.4
11.575 -4.6302 -59949.7
11.576 -4.41139 -59233
11.577 -4.19246 -58514.3
11.578 -3.97343 -57793.9
11.579 -3.75428 -57071.9
11.58 -3.53504 -56348.4
11.581 -3.3157 -55623.6
11.582 -3.09628 -54897.8
11.583 -2.87682 -54171.2
11.584 -2.65735 -53443.9
11.585 -2.43789 -52716.3
11.586 -2.21849 -51988.4
11.587 -1.99917 -51260.7
11.588 -1.77997 -50533.1
11.589 -1.56095 -49806.1
11.59 -1.34214 -49079.8
11.591 -1.12359 -48354.4
11.592 -0.905399 -47630.3
11.593 -0.687647 -46907.8
11.594 -0.470435 -46187.3
11.595 -0.253859 -45469.2
11.596 -0.0380217 -44753.7
11.597 0.176975 -44041.4
11.598 0.391023 -43332.4
11.599 0.604014 -42627.3
11.6 0.815835 -41926.2
11.601 1.02636 -41229.6
11.602 1.23546 -40537.9
11.603 1.44297 -39851.5
11.604 1.64874 -39171
11.605 1.85262 -38496.7
11.606 2.05446 -37829.2
11.607 2.2541 -37168.7
11.608 2.45138 -36515.8
11.609 2.64617 -35871
11.61 2.8383 -35234.6
11.611 3.02762 -34607
11.612 3.21398 -33988.6
11.613 3.39725 -33379.9
11.614 3.57729 -32781.2
11.615 3.75396 -32192.9
11.616 3.92711 -31615.3
11.617 4.09663 -31048.8
11.618 4.26236 -30493.8
11.619 4.4242 -29950.6
11.62 4.58201 -29419.6
11.621 4.73568 -28901.1
11.622 4.88514 -28395.2
11.623 5.03031 -27902.2
11.624 5.17114 -27422.1
11.625 5.30757 -26955.2
11.626 5.43955 -26501.5
11.627 5.56702 -26061.3
11.628 5.68994 -25634.6
11.629 5.80827 -25221.5
11.63 5.92196 -24822.3
11.631 6.03101 -24436.8
11.632 6.13543 -24065.1
11.633 6.23529 -23707
11.634 6.33062 -23362.3
11.635 6.4215 -23030.8
11.636 6.50797 -22712.5
11.637 6.59011 -22407
11.638 6.66796 -22114.3
11.639 6.74161 -21834.1
11.64 6.81112 -21566.3
11.641 6.87658 -21310.5
11.642 6.9381 -21066.6
11.643 6.99584 -20833.9
11.644 7.04991 -20612.2
11.645 7.10049 -20401.1
11.646 7.14768 -20200.1
11.647 7.19165 -20008.7
11.648 7.23253 -19826.7
11.649 7.27048 -19653.4
11.65 7.30563 -19488.6
11.651 7.33814 -19331.8
11.652 7.36815 -19182.5
11.653 7.39586 -19040.1
11.654 7.42139 -18904.3
11.655 7.44495 -18774.5
11.656 7.46667 -18650.2
11.657 7.48673 -18530.8
11.658 7.50529 -18416
11.659 7.52252 -18305.2
11.66 7.53857 -18197.9
11.661 7.55361 -18093.5
11.662 7.56777 -17991.7
11.663 7.58122 -17892
11.664 7.59408 -17793.8
11.665 7.60651 -17696.9
11.666 7.61862 -17600.7
11.667 7.63059 -17504.7
11.668 7.64254 -17408.5
11.669 7.65461 -17311.7
11.67 7.66693 -17213.8
11.671 7.67965 -17114.3
11.672 7.69288 -17013
11.673 7.70674 -16909.3
11.674 7.72133 -16802.8
11.675 7.7368 -16693.3
11.676 7.75322 -16580.3
11.677 7.77073 -16463.3
11.678 7.78942 -16342.1
11.679 7.80943 -16216.3
11.68 7.83083 -16085.4
11.681 7.85375 -15949.2
11.682 7.87822 -15807.3
11.683 7.90435 -15659.5
11.684 7.93215 -15505.6
11.685 7.96172 -15345.4
11.686 7.99307 -15178.7
11.687 8.0263 -15005.2
11.688 8.06141 -14824.7
11.689 8.0985 -14637
11.69 8.13759 -14441.9
11.691 8.17872 -14239.2
11.692 8.22191 -14028.9
11.693 8.26716 -13810.8
11.694 8.31446 -13584.9
11.695 8.36382 -13351.2
11.696 8.41522 -13109.6
11.697 8.46869 -12860
11.698 8.52417 -12602.5
11.699 8.58171 -12337
11.7 8.64124 -12063.3
11.701 8.7028 -11781.6
11.702 8.76634 -11491.9
11.703 8.83185 -11194
11.704 8.89929 -10888
11.705 8.96865 -10574
11.706 9.0399 -10251.9
11.707 9.11301 -9921.71
11.708 9.18794 -9583.53
11.709 9.26469 -9237.34
11.71 9.34318 -8883.16
11.711 9.42343 -8520.99
11.712 9.50538 -8150.81
11.713 9.58906 -7772.56
11.714 9.67441 -7386.19
11.715 9.76146 -6991.66
11.716 9.85015 -6588.93
11.717 9.94051 -6177.95
11.718 10.0325 -5758.7
11.719 10.1261 -5331.14
11.72 10.2212 -4895.25
11.721 10.3179 -4450.96
11.722 10.4162 -3998.18
11.723 10.5161 -3536.76
11.724 10.6175 -3066.58
11.725 10.7205 -2587.52
11.726 10.825 -2099.45
11.727 10.9312 -1602.26
11.728 11.0389 -1095.82
11.729 11.1482 -580.043
11.73 11.2589 -54.8089
11.731 11.3713 479.987
11.732 11.4852 1024.46
11.733 11.6006 1578.75
11.734 11.7175 2142.95
11.735 11.8359 2717.2
11.736 11.9558 3301.6
11.737 12.0771 3896.27
11.738 12.1999 4501.3
11.739 12.3242 5116.8
11.74 12.4498 5742.86
11.741 12.5768 6379.54
11.742 12.7052 7026.89
11.743 12.8348 7684.89
11.744 12.9656 8353.53
11.745 13.0976 9032.82
11.746 13.2306 9722.75
11.747 13.3647 10423.3
11.748 13.4998 11134.4
11.749 13.6357 11856.2
11.75 13.7725 12588.4
11.751 13.9101 13331.2
11.752 14.0482 14084.2
11.753 14.1869 14847.3
11.754 14.326 15620.1
11.755 14.4653 16402.4
11.756 14.6047 17193.9
11.757 14.744 17994.4
11.758 14.8832 18803.7
11.759 15.0222 19621.3
11.76 15.1607 20447.2
11.761 15.2986 21280.9
11.762 15.4359 22122.1
11.763 15.5723 22970.4
11.764 15.7077 23825.2
11.765 15.8419 24686.2
11.766 15.9748 25553
11.767 16.1062 26425.1
11.768 16.2359 27302
11.769 16.364 28183.4
11.77 16.49 29068.9
11.771 16.6142 29957.9
11.772 16.7361 30850
11.773 16.8557 31744.8
11.774 16.9729 32641.7
11.775 17.0877 33540.4
11.776 17.1997 34440.3
11.777 17.309 35341
11.778 17.4155 36242
11.779 17.519 37142.9
11.78 17.6195 38043.1
11.781 17.7169 38942.4
11.782 17.8111 39840.2
11.783 17.9021 40736.2
11.784 17.9898 41630
11.785 18.0743 42521.2
11.786 18.1554 43409.5
11.787 18.2331 44294.4
11.788 18.3074 45175.7
11.789 18.3783 46053
11.79 18.4457 46925.8
11.791 18.5097 47794
11.792 18.5702 48657.2
11.793 18.6274 49515.3
11.794 18.6812 50368.1
11.795 18.7318 51215.5
11.796 18.779 52057.2
11.797 18.8231 52893.1
11.798 18.864 53723.1
11.799 18.9019 54546.9
11.8 18.9367 55364.5
11.801 18.9685 56175.7
11.802 18.9973 56980.4
11.803 19.0234 57778.7
11.804 19.0467 58570.6
11.805 19.0674 59355.9
11.806 19.0854 60134.8
11.807 19.1011 60907.3
11.808 19.1143 61673.2
11.809 19.1253 62432.7
11.81 19.134 63185.7
11.811 19.1405 63932.3
11.812 19.145 64672.6
11.813 19.1476 65406.5
11.814 19.1482 66134.1
11.815 19.1471 66855.6
11.816 19.1442 67571
11.817 19.1397 68280.4
11.818 19.1337 68983.8
11.819 19.1262 69681.4
11.82 19.1173 70373.1
11.821 19.1071 71059.2
11.822 19.0955 71739.5
11.823 19.0828 72414
11.824 19.0687 73082.8
11.825 19.0536 73745.8
11.826 19.0372 74403.1
11.827 19.0198 75054.5
11.828 19.0012 75700.2
11.829 18.9816 76340
11.83 18.9609 76974.1
11.831 18.9393 77602.2
11.832 18.9166 78224.5
11.833 18.8929 78840.6
11.834 18.8681 79450.4
11.835 18.8423 80053.9
11.836 18.8153 80650.8
11.837 18.7872 81241
11.838 18.758 81824.4
11.839 18.7276 82400.9
11.84 18.696 82970.3
11.841 18.6634 83532.4
11.842 18.6294 84087
11.843 18.5941 84633.9
11.844 18.5575 85172.8
11.845 18.5195 85703.3
11.846 18.4799 86225.3
11.847 18.4389 86738.5
11.848 18.3963 87242.7
11.849 18.3521 87737.5
11.85 18.3061 88222.8
11.851 18.2586 88698.2
11.852 18.2092 89163.6
11.853 18.158 89618.7
11.854 18.105 90063.3
11.855 18.0502 90497.2
11.856 17.9934 90920.1
11.857 17.9347 91331.7
11.858 17.874 91732
11.859 17.8113 92120.7
11.86 17.7465 92497.5
11.861 17.6797 92862.2
11.862 17.6108 93214.8
11.863 17.5398 93555
11.864 17.4666 93882.7
11.865 17.3914 94197.8
11.866 17.314 94500.1
11.867 17.2345 94789.5
11.868 17.1528 95065.8
11.869 17.069 95328.9
11.87 16.983 95578.6
11.871 16.8948 95815
11.872 16.8044 96038
11.873 16.712 96247.5
11.874 16.6174 96443.7
11.875 16.5209 96626.6
11.876 16.4222 96796.1
11.877 16.3217 96952.4
11.878 16.2192 97095.5
11.879 16.1148 97225.4
11.88 16.0085 97342.2
11.881 15.9004 97445.9
11.882 15.7904 97536.6
11.883 15.6788 97614.5
11.884 15.5654 97679.7
11.885 15.4504 97732.3
11.886 15.3337 97772.5
11.887 15.2156 97800.3
11.888 15.0958 97816
11.889 14.9746 97818.6
11.89 14.8519 97808.1
11.891 14.7279 97784
11.892 14.6025 97745.9
11.893 14.4758 97694.2
11.894 14.348 97629
11.895 14.2189 97550.7
11.896 14.0888 97459.5
11.897 13.9576 97355.7
11.898 13.8253 97239.4
11.899 13.6921 97111
11.9 13.558 96970.8
11.901 13.4231 96818.9
11.902 13.2872 96655.7
11.903 13.1507 96481.3
11.904 13.0134 96296.1
11.905 12.8753 96100.2
11.906 12.7366 95894
11.907 12.5973 95677.7
11.908 12.4574 95451.6
11.909 12.317 95215.8
11.91 12.176 94970.8
11.911 12.0346 94716.6
11.912 11.8927 94453.6
11.913 11.7503 94181.8
11.914 11.6075 93901.4
11.915 11.4642 93612.6
11.916 11.3205 93315.5
11.917 11.1764 93010.3
11.918 11.0318 92697.1
11.919 10.8868 92376.2
11.92 10.7414 92047.7
11.921 10.5956 91711.7
11.922 10.4494 91368.3
11.923 10.3028 91017.7
11.924 10.1557 90660
11.925 10.0081 90295.1
11.926 9.86012 89923.3
11.927 9.71165 89544.5
11.928 9.56267 89159
11.929 9.41321 88766.8
11.93 9.26323 88367.9
11.931 9.11275 87962.6
11.932 8.96173 87550.9
11.933 8.81018 87132.8
11.934 8.65805 86708.5
11.935 8.50536 86278
11.936 8.35208 85841.4
11.937 8.19822 85398.8
11.938 8.04373 84950.2
11.939 7.88864 84495.9
11.94 7.73291 84035.8
11.941 7.57657 83570
11.942 7.41957 83098.7
11.943 7.26196 82622
11.944 7.1037 82140
11.945 6.94483 81652.9
11.946 6.78532 81160.7
11.947 6.6252 80663.7
11.948 6.46446 80161.9
11.949 6.30312 79655.4
11.95 6.14117 79144.5
11.951 5.97863 78629.2
11.952 5.81551 78109.8
11.953 5.65183 77586.3
11.954 5.48761 77059
11.955 5.32287 76527.9
11.956 5.15762 75993.4
11.957 4.9919 75455.6
11.958 4.8257 74914.5
11.959 4.65908 74370.5
11.96 4.49203 73823.7
11.961 4.3246 73274.3
11.962 4.15682 72722.4
11.963 3.98873 72168.4
11.964 3.82038 71612.5
11.965 3.65182 71054.8
11.966 3.48308 70495.7
11.967 3.31423 69935.4
11.968 3.14529 69374.1
11.969 2.97633 68812.1
11.97 2.80738 68249.5
11.971 2.63852 67686.8
11.972 2.4698 67124
11.973 2.30131 66561.7
11.974 2.13313 66000
11.975 1.96534 65439.4
11.976 1.79801 64880.1
11.977 1.63124 64322.5
11.978 1.4651 63766.9
11.979 1.29968 63213.5
11.98 1.13506 62662.8
11.981 0.971328 62115.1
11.982 0.808588 61570.6
11.983 0.646942 61029.9
11.984 0.486493 60493.2
11.985 0.32735 59960.9
11.986 0.169616 59433.4
11.987 0.0133997 58911
11.988 -0.141192 58394.1
11.989 -0.29405 57883.1
11.99 -0.445068 57378.3
11.991 -0.594139 56880.1
11.992 -0.741162 56388.7
11.993 -0.886038 55904.5
11.994 -1.02867 55427.8
11.995 -1.16895 54959
11.996 -1.3068 54498.3
11.997 -1.44211 54045.9
11.998 -1.57478 53602.3
11.999 -1.70472 53167.8
12 -1.83184 52742.5
12.001 -1.95605 52326.7
12.002 -2.07726 51920.8
12.003 -2.19538 51525
12.004 -2.31035 51139.5
12.005 -2.42209 50764.6
12.006 -2.53051 50400.5
12.007 -2.63555 50047.4
12.008 -2.73713 49705.5
12.009 -2.83518 49375.1
12.01 -2.92964 49056.4
12.011 -3.02045 48749.5
12.012 -3.10755 48454.6
12.013 -3.19092 48171.9
12.014 -3.27052 47901.4
12.015 -3.34632 47643.2
12.016 -3.4183 47397.4
12.017 -3.48642 47164.1
12.018 -3.55067 46943.4
12.019 -3.61101 46735.4
12.02 -3.66743 46540.1
12.021 -3.71992 46357.6
12.022 -3.76848 46188
12.023 -3.8131 46031.2
12.024 -3.8538 45887.2
12.025 -3.89057 45756
12.026 -3.92345 45637.6
12.027 -3.95242 45532
12.028 -3.97751 45439.1
12.029 -3.99873 45359
12.03 -4.01611 45291.6
12.031 -4.02966 45236.8
12.032 -4.0394 45194.6
12.033 -4.04536 45164.9
12.034 -4.04756 45147.8
12.035 -4.04602 45143.1
12.036 -4.04075 45150.8
12.037 -4.03184 45170.9
12.038 -4.01927 45203.4
12.039 -4.00308 45248.2
12.04 -3.9833 45305.1
12.041 -3.95997 45374.1
12.042 -3.93312 45455.2
12.043 -3.90276 45548.1
12.044 -3.86895 45653
12.045 -3.8317 45769.6
12.046 -3.79104 45897.9
12.047 -3.74701 46037.8
12.048 -3.69964 46189.3
12.049 -3.64896 46352.1
12.05 -3.59501 46526.2
12.051 -3.53781 46711.5
12.052 -3.47741 46908
12.053 -3.4138 47115.5
12.054 -3.34702 47334
12.055 -3.27708 47563.5
12.056 -3.20402 47803.8
12.057 -3.12785 48054.8
12.058 -3.0486 48316.6
12.059 -2.96629 48588.9
12.06 -2.88095 48871.8
12.061 -2.7926 49165
12.062 -2.70127 49468.6
12.063 -2.60697 49782.4
12.064 -2.50972 50106.3
12.065 -2.40955 50440.4
12.066 -2.30649 50784.4
12.067 -2.20054 51138.3
12.068 -2.09174 51502
12.069 -1.98011 51875.4
12.07 -1.86569 52258.4
12.071 -1.74848 52650.8
12.072 -1.62853 53052.6
12.073 -1.50586 53463.6
12.074 -1.38051 53883.7
12.075 -1.25249 54312.7
12.076 -1.12185 54750.6
12.077 -0.988624 55197.2
12.078 -0.852839 55652.3
12.079 -0.714535 56115.8
12.08 -0.57375 56587.7
12.081 -0.43053 57067.6
12.082 -0.284935 57555.3
12.083 -0.137033 58050.8
12.084 0.0131052 58553.5
12.085 0.165409 59063.4
12.086 0.319803 59580.2
12.087 0.476213 60103.6
12.088 0.634559 60633.4
12.089 0.794762 61169.2
12.09 0.956738 61710.8
12.091 1.1204 62258
12.092 1.28563 62810.4
12.093 1.45233 63367.7
12.094 1.62038 63929.4
12.095 1.78966 64495.3
12.096 1.96005 65064.9
12.097 2.13142 65637.9
12.098 2.30367 66214
12.099 2.47666 66792.7
12.1 2.65026 67373.8
12.101 2.82435 67956.7
12.102 2.99878 68541.2
12.103 3.17338 69126.6
12.104 3.34801 69712.7
12.105 3.5225 70298.9
12.106 3.69669 70884.8
12.107 3.87044 71469.9
12.108 4.04357 72053.9
12.109 4.21593 72636.2
12.11 4.38736 73216.3
12.111 4.55771 73794
12.112 4.7268 74368.6
12.113 4.89449 74939.9
12.114 5.06061 75507.3
12.115 5.22502 76070.5
12.116 5.38754 76628.9
12.117 5.54804 77182.2
12.118 5.70636 77730
12.119 5.86235 78271.9
12.12 6.01585 78807.3
12.121 6.16674 79336
12.122 6.3149 79857.7
12.123 6.46022 80372
12.124 6.6026 80878.6
12.125 6.74194 81377.4
12.126 6.87814 81867.9
12.127 7.01112 82350
12.128 7.14076 82823.4
12.129 7.267 83287.8
12.13 7.38974 83743
12.131 7.50892 84188.8
12.132 7.62447 84624.9
12.133 7.73637 85051.4
12.134 7.84458 85467.9
12.135 7.94906 85874.5
12.136 8.04979 86271
12.137 8.14675 86657.4
12.138 8.23989 87033.4
12.139 8.32923 87399.1
12.14 8.41472 87754.3
12.141 8.49637 88098.9
12.142 8.57416 88432.9
12.143 8.64812 88756.3
12.144 8.71822 89068.9
12.145 8.7845 89370.8
12.146 8.84694 89661.8
12.147 8.90558 89942.1
12.148 8.96042 90211.5
12.149 9.0115 90470
12.15 9.05881 90717.7
12.151 9.1024 90954.4
12.152 9.14227 91180.2
12.153 9.17848 91395.2
12.154 9.21102 91599.1
12.155 9.23995 91792.2
12.156 9.26529 91974.4
12.157 9.28708 92145.7
12.158 9.30534 92306.1
12.159 9.32015 92455.6
12.16 9.33149 92594.4
12.161 9.33946 92722.3
12.162 9.34403 92839.4
12.163 9.3453 92945.7
12.164 9.34325 93041.2
12.165 9.33795 93126
12.166 9.32941 93200.1
12.167 9.31769 93263.5
12.168 9.30281 93316.1
12.169 9.28484 93358.2
12.17 9.26378 93389.6
12.171 9.23969 93410.4
12.172 9.21257 93420.6
12.173 9.18244 93420.1
12.174 9.14929 93408.4
12.175 9.11315 93385.6
12.176 9.07401 93351.5
12.177 9.0319 93306.2
12.178 8.9868 93249.6
12.179 8.93875 93181.6
12.18 8.88774 93102.3
12.181 8.8338 93011.4
12.182 8.77687 92909
12.183 8.71696 92794.8
12.184 8.654 92668.7
12.185 8.58801 92530.5
12.186 8.51891 92380.1
12.187 8.44672 92217.2
12.188 8.37137 92041.9
12.189 8.29287 91853.8
12.19 8.21117 91653
12.191 8.12625 91439.2
12.192 8.03804 91212.2
12.193 7.94651 90971.9
12.194 7.85157 90717.8
12.195 7.7532 90450
12.196 7.6513 90168
12.197 7.54584 89871.7
12.198 7.43676 89561
12.199 7.32401 89235.5
12.2 7.20751 88895.1
12.201 7.08724 88539.6
12.202 6.9631 88168.9
12.203 6.83506 87782.6
12.204 6.70303 87380.6
12.205 6.56697 86962.7
12.206 6.4268 86528.8
12.207 6.28247 86078.5
12.208 6.13392 85611.9
12.209 5.98109 85128.6
12.21 5.8239 84628.5
12.211 5.66232 84111.5
12.212 5.49628 83577.5
12.213 5.32573 83026.3
12.214 5.15062 82457.9
12.215 4.97091 81872.2
12.216 4.78653 81269
12.217 4.59745 80648.3
12.218 4.4036 80010
12.219 4.20496 79354.1
12.22 4.00146 78680.5
12.221 3.79307 77989.1
12.222 3.57974 77279.9
12.223 3.36142 76552.8
12.224 3.13808 75807.9
12.225 2.90967 75045.1
12.226 2.67616 74264.4
12.227 2.43751 73465.9
12.228 2.19368 72649.4
12.229 1.94466 71815.1
12.23 1.6904 70962.9
12.231 1.4309 70092.8
12.232 1.16616 69205.1
12.233 0.896189 68299.8
12.234 0.621005 67377.1
12.235 0.340633 66437.1
12.236 0.0551042 65479.9
12.237 -0.235542 64505.8
12.238 -0.531257 63514.9
12.239 -0.83198 62507.3
12.24 -1.13764 61483.3
12.241 -1.44816 60443.1
12.242 -1.76345 59386.9
12.243 -2.08341 58314.8
12.244 -2.40792 57227.1
12.245 -2.73685 56123.9
12.246 -3.07009 55005.7
12.247 -3.40747 53872.4
12.248 -3.74883 52724.5
12.249 -4.09401 51562.2
12.25 -4.44282 50385.6
12.251 -4.79505 49195.2
12.252 -5.15048 47991.1
12.253 -5.50884 46773.9
12.254 -5.86988 45543.8
12.255 -6.23331 44301.2
12.256 -6.59886 43046.5
12.257 -6.96621 41780
12.258 -7.33506 40502.2
12.259 -7.70507 39213.4
12.26 -8.07592 37914
12.261 -8.44726 36604.5
12.262 -8.81873 35285.1
12.263 -9.18994 33956.5
12.264 -9.56053 32619.1
12.265 -9.93009 31273.2
12.266 -10.2983 29919.4
12.267 -10.6646 28558.2
12.268 -11.0288 27189.9
12.269 -11.3904 25815.1
12.27 -11.749 24434.2
12.271 -12.1043 23047.6
12.272 -12.4558 21656
12.273 -12.8031 20260
12.274 -13.1458 18860.3
12.275 -13.4835 17457.3
12.276 -13.8159 16051.8
12.277 -14.1425 14644.4
12.278 -14.4631 13235.6
12.279 -14.7772 11826
12.28 -15.0847 10416.4
12.281 -15.3851 9007.14
12.282 -15.6782 7599.11
12.283 -15.9637 6193.01
12.284 -16.2414 4789.56
12.285 -16.5109 3389.52
12.286 -16.7721 1993.58
12.287 -17.0247 602.478
12.288 -17.2687 -783.095
12.289 -17.5039 -2162.44
12.29 -17.7301 -3534.88
12.291 -17.9472 -4899.71
12.292 -18.1553 -6256.21
12.293 -18.3541 -7603.65
12.294 -18.5437 -8941.29
12.295 -18.7239 -10268.4
12.296 -18.8949 -11584.3
12.297 -19.0566 -12888.3
12.298 -19.209 -14179.7
12.299 -19.3522 -15457.9
12.3 -19.4863 -16722.1
12.301 -19.6112 -17971.8
12.302 -19.7272 -19206.2
12.303 -19.8343 -20424.8
12.304 -19.9326 -21627
12.305 -20.0221 -22812.1
12.306 -20.1032 -23979.6
12.307 -20.1757 -25128.9
12.308 -20.24 -26259.4
12.309 -20.2961 -27370.6
12.31 -20.3442 -28461.9
12.311 -20.3843 -29532.8
12.312 -20.4168 -30583
12.313 -20.4417 -31611.9
12.314 -20.4593 -32619.2
12.315 -20.4696 -33604.6
12.316 -20.4729 -34567.6
12.317 -20.4693 -35508
12.318 -20.459 -36425.3
12.319 -20.4422 -37319.3
12.32 -20.4189 -38189.5
12.321 -20.3894 -39035.8
12.322 -20.3539 -39858
12.323 -20.3124 -40655.8
12.324 -20.2652 -41429.1
12.325 -20.2124 -42177.8
12.326 -20.1542 -42901.7
12.327 -20.0908 -43600.7
12.328 -20.0222 -44274.8
12.329 -19.9487 -44923.7
12.33 -19.8703 -45547.4
12.331 -19.7872 -46145.8
12.332 -19.6996 -46719
12.333 -19.6074 -47266.9
12.334 -19.5111 -47789.6
12.335 -19.4105 -48287.1
12.336 -19.3059 -48759.5
12.337 -19.1974 -49206.8
12.338 -19.0851 -49629.2
12.339 -18.969 -50026.5
12.34 -18.8494 -50399
12.341 -18.7263 -50746.8
12.342 -18.5997 -51069.8
12.343 -18.4698 -51368.2
12.344 -18.3367 -51642.1
12.345 -18.2003 -51891.7
12.346 -18.0609 -52116.9
12.347 -17.9184 -52317.9
12.348 -17.773 -52494.9
12.349 -17.6246 -52647.9
12.35 -17.4733 -52777.1
12.351 -17.3193 -52882.6
12.352 -17.1624 -52964.5
12.353 -17.0028 -53022.9
12.354 -16.8405 -53057.7
12.355 -16.6754 -53068.8
12.356 -16.5075 -53055.8
12.357 -16.337 -53018
12.358 -16.1638 -52955.3
12.359 -15.988 -52867.9
12.36 -15.8095 -52755.9
12.361 -15.6283 -52619.3
12.362 -15.4444 -52458.3
12.363 -15.2578 -52272.9
12.364 -15.0686 -52063.1
12.365 -14.8766 -51829
12.366 -14.6819 -51570.6
12.367 -14.4843 -51288.1
12.368 -14.284 -50981.6
12.369 -14.0808 -50651
12.37 -13.8748 -50296.7
12.371 -13.6659 -49918.5
12.372 -13.4541 -49516.6
12.373 -13.2393 -49090.9
12.374 -13.0214 -48641.5
12.375 -12.8004 -48168.4
12.376 -12.5763 -47671.6
12.377 -12.3489 -47151.3
12.378 -12.1182 -46607.3
12.379 -11.8841 -46039.8
12.38 -11.6466 -45448.9
12.381 -11.4057 -44834.6
12.382 -11.1611 -44197
12.383 -10.9129 -43535.8
12.384 -10.6609 -42851.3
12.385 -10.405 -42143.3
12.386 -10.1452 -41411.9
12.387 -9.88135 -40657.1
12.388 -9.61333 -39878.9
12.389 -9.34104 -39077.3
12.39 -9.06442 -38252.4
12.391 -8.78333 -37404.3
12.392 -8.49773 -36532.9
12.393 -8.20747 -35638.5
12.394 -7.9125 -34721
12.395 -7.61269 -33780.5
12.396 -7.30798 -32817.2
12.397 -6.99824 -31831.1
12.398 -6.68341 -30822.4
12.399 -6.36339 -29791.3
12.4 -6.03809 -28737.8
12.401 -5.70741 -27662.1
12.402 -5.37129 -26564.3
12.403 -5.02964 -25444.8
12.404 -4.68238 -24303.5
12.405 -4.32943 -23140.8
12.406 -3.97073 -21956.8
12.407 -3.60621 -20751.7
12.408 -3.23583 -19525.9
12.409 -2.85952 -18279.4
12.41 -2.47725 -17012.5
12.411 -2.08898 -15725.6
12.412 -1.69472 -14418.9
12.413 -1.29446 -13092.7
12.414 -0.888229 -11747.5
12.415 -0.476057 -10383.5
12.416 -0.057998 -9001.05
12.417 0.365875 -7600.61
12.418 0.795461 -6182.53
12.419 1.23063 -4747.2
12.42 1.67125 -3295
12.421 2.11711 -1826.36
12.422 2.56801 -341.763
12.423 3.0237 1158.3
12.424 3.48389 2673.31
12.425 3.94829 4202.76
12.426 4.41657 5746.12
12.427 4.88838 7302.86
12.428 5.36332 8872.44
12.429 5.84101 10454.3
12.43 6.32099 12048
12.431 6.80283 13652.8
12.432 7.28598 15268.2
12.433 7.76993 16893.4
12.434 8.25409 18527.8
12.435 8.7379 20170.6
12.436 9.22073 21821.2
12.437 9.70202 23478.8
12.438 10.1811 25142.9
12.439 10.6574 26812.6
12.44 11.1302 28487.4
12.441 11.599 30166.4
12.442 12.063 31849
12.443 12.5216 33534.2
12.444 12.9741 35221.3
12.445 13.4199 36909.3
12.446 13.8584 38597.6
12.447 14.2889 40285.3
12.448 14.711 41971.6
12.449 15.124 43655.8
12.45 15.5275 45337
12.451 15.9209 47014.5
12.452 16.3039 48687.5
12.453 16.676 50355.1
12.454 17.0368 52016.6
12.455 17.3861 53671
12.456 17.7234 55317.6
12.457 18.0486 56955.6
12.458 18.3614 58584.3
12.459 18.6617 60203
12.46 18.9494 61810.8
12.461 19.2244 63407.1
12.462 19.4865 64991.1
12.463 19.736 66562.2
12.464 19.9727 68119.5
12.465 20.1967 69662.5
12.466 20.4081 71190.3
12.467 20.607 72702.5
12.468 20.7935 74198.2
12.469 20.9679 75677
12.47 21.1302 77138.2
12.471 21.2808 78581.2
12.472 21.4197 80005.5
12.473 21.5474 81410.7
12.474 21.664 82796.3
12.475 21.7698 84161.8
12.476 21.8651 85506.9
12.477 21.9502 86831
12.478 22.0253 88133.9
12.479 22.0907 89415.1
12.48 22.1467 90674.3
12.481 22.1937 91911
12.482 22.2318 93125.2
12.483 22.2614 94316.4
12.484 22.2826 95484.4
12.485 22.296 96629.1
12.486 22.3015 97750.2
12.487 22.2997 98847.5
12.488 22.2905 99920.9
12.489 22.2745 100970
12.49 22.2517 101995
12.491 22.2224 102995
12.492 22.1867 103971
12.493 22.1451 104922
12.494 22.0976 105848
12.495 22.0444 106750
12.496 21.9858 107626
12.497 21.9219 108478
12.498 21.8529 109305
12.499 21.7791 110107
12.5 21.7004 110884
12.501 21.6171 111636
12.502 21.5293 112363
12.503 21.4373 113065
12.504 21.341 113742
12.505 21.2407 114395
12.506 21.1363 115022
12.507 21.0282 115625
12.508 20.9162 116203
12.509 20.8007 116756
12.51 20.6815 117284
12.511 20.559 117788
12.512 20.4329 118267
12.513 20.3036 118722
12.514 20.1709 119152
12.515 20.035 119557
12.516 19.8958 119938
12.517 19.7535 120294
12.518 19.608 120626
12.519 19.4595 120933
12.52 19.3078 121216
12.521 19.1532 121475
12.522 18.9954 121708
12.523 18.8346 121918
12.524 18.6707 122103
12.525 18.5038 122263
12.526 18.3336 122398
12.527 18.1604 122509
12.528 17.984 122595
12.529 17.8045 122656
12.53 17.6217 122692
12.531 17.4356 122702
12.532 17.2462 122684
12.533 17.0535 122637
12.534 16.8574 122559
12.535 16.6579 122450
12.536 16.4548 122310
12.537 16.2483 122139
12.538 16.038 121937
12.539 15.8242 121704
12.54 15.6065 121440
12.541 15.3851 121144
12.542 15.1598 120817
12.543 14.9305 120459
12.544 14.6971 120069
12.545 14.4595 119647
12.546 14.2176 119194
12.547 13.9713 118708
12.548 13.7205 118190
12.549 13.4651 117640
12.55 13.205 117058
12.551 12.9402 116443
12.552 12.6704 115797
12.553 12.3956 115118
12.554 12.1157 114406
12.555 11.8307 113663
12.556 11.5403 112887
12.557 11.2446 112079
12.558 10.9434 111239
12.559 10.6366 110368
12.56 10.3241 109464
12.561 10.0058 108529
12.562 9.68159 107562
12.563 9.35143 106564
12.564 9.01519 105535
12.565 8.67283 104476
12.566 8.32421 103386
12.567 7.96928 102265
12.568 7.60793 101115
12.569 7.24009 99934.7
12.57 6.86566 98725.4
12.571 6.48458 97487.1
12.572 6.09679 96220.3
12.573 5.70228 94925.6
12.574 5.30101 93603.4
12.575 4.89299 92254.4
12.576 4.47818 90879
12.577 4.0566 89477.9
12.578 3.62824 88051.6
12.579 3.19311 86600.7
12.58 2.75125 85125.9
12.581 2.3027 83627.7
12.582 1.84754 82107
12.583 1.38588 80564.3
12.584 0.917846 79000.6
12.585 0.443588 77416.5
12.586 -0.0367177 75812.8
12.587 -0.522862 74190.4
12.588 -1.0146 72550
12.589 -1.51164 70892.4
12.59 -2.01368 69218.5
12.591 -2.52035 67529
12.592 -3.03129 65824.7
12.593 -3.54607 64106.6
12.594 -4.06425 62375.4
12.595 -4.58534 60631.9
12.596 -5.10883 58877.1
12.597 -5.63416 57111.6
12.598 -6.16077 55336.5
12.599 -6.68804 53552.5
12.6 -7.21536 51760.5
12.601 -7.74205 49961.3
12.602 -8.26746 48155.8
12.603 -8.79088 46344.7
12.604 -9.31164 44528.9
12.605 -9.82899 42709.1
12.606 -10.3422 40886.3
12.607 -10.8507 39061.2
12.608 -11.3535 37234.5
12.609 -11.8501 35407.2
12.61 -12.3397 33579.9
12.611 -12.8217 31753.5
12.612 -13.2953 29928.6
12.613 -13.7601 28105.9
12.614 -14.2153 26286.2
12.615 -14.6604 24469.9
12.616 -15.095 22657.9
12.617 -15.5185 20850.7
12.618 -15.9305 19049
12.619 -16.3306 17253.4
12.62 -16.7184 15464.4
12.621 -17.0937 13682.7
12.622 -17.4562 11908.9
12.623 -17.8057 10143.3
12.624 -18.1422 8386.38
12.625 -18.4654 6638.7
12.626 -18.7754 4900.68
12.627 -19.0721 3172.73
12.628 -19.3556 1455.29
12.629 -19.6259 -251.234
12.63 -19.8833 -1946.45
12.631 -20.1277 -3630
12.632 -20.3595 -5301.6
12.633 -20.5787 -6961
12.634 -20.7859 -8607.97
12.635 -20.981 -10242.3
12.636 -21.1645 -11863.7
12.637 -21.3367 -13472.1
12.638 -21.4979 -15067.3
12.639 -21.6483 -16649
12.64 -21.7885 -18217.1
12.641 -21.9186 -19771.5
12.642 -22.0391 -21312.1
12.643 -22.1503 -22838.7
12.644 -22.2525 -24351.4
12.645 -22.3462 -25850
12.646 -22.4316 -27334.5
12.647 -22.5091 -28804.8
12.648 -22.5791 -30261
12.649 -22.6418 -31702.9
12.65 -22.6977 -33130.7
12.651 -22.7469 -34544.2
12.652 -22.7899 -35943.4
12.653 -22.8269 -37328.3
12.654 -22.8581 -38699
12.655 -22.8838 -40055.3
12.656 -22.9044 -41397.3
12.657 -22.92 -42725
12.658 -22.9309 -44038.3
12.659 -22.9372 -45337.4
12.66 -22.9394 -46622.3
12.661 -22.9374 -47892.9
12.662 -22.9317 -49149.2
12.663 -22.9221 -50391.3
12.664 -22.9091 -51619.2
12.665 -22.8927 -52832.7
12.666 -22.8732 -54032
12.667 -22.8505 -55217
12.668 -22.825 -56387.8
12.669 -22.7966 -57544.4
12.67 -22.7657 -58686.7
12.671 -22.7321 -59814.9
12.672 -22.6962 -60928.8
12.673 -22.6579 -62028.4
12.674 -22.6174 -63113.6
12.675 -22.5745 -64184.4
12.676 -22.5296 -65240.7
12.677 -22.4826 -66282.5
12.678 -22.4336 -67309.6
12.679 -22.3826 -68322.2
12.68 -22.3298 -69320.2
12.681 -22.2751 -70303.4
12.682 -22.2187 -71271.9
12.683 -22.1604 -72225.7
12.684 -22.1005 -73164.6
12.685 -22.0389 -74088.6
12.686 -21.9757 -74997.8
12.687 -21.9109 -75892.1
12.688 -21.8446 -76771.4
12.689 -21.7766 -77635.8
12.69 -21.7073 -78485.1
12.691 -21.6364 -79319.5
12.692 -21.5642 -80138.9
12.693 -21.4905 -80943.4
12.694 -21.4156 -81732.9
12.695 -21.3392 -82507.5
12.696 -21.2617 -83267.2
12.697 -21.1828 -84012.1
12.698 -21.1027 -84742.2
12.699 -21.0214 -85457.5
12.7 -20.939 -86158.2
12.701 -20.8554 -86844.1
12.702 -20.7707 -87515.5
12.703 -20.6849 -88172.4
12.704 -20.5982 -88815
12.705 -20.5104 -89443.3
12.706 -20.4218 -90057.5
12.707 -20.3321 -90657.6
12.708 -20.2417 -91243.9
12.709 -20.1504 -91816.3
12.71 -20.0583 -92375.1
12.711 -19.9654 -92920.4
12.712 -19.8718 -93452.5
12.713 -19.7776 -93971.5
12.714 -19.6829 -94477.7
12.715 -19.5876 -94971.4
12.716 -19.4919 -95452.9
12.717 -19.3958 -95922.3
12.718 -19.2995 -96380
12.719 -19.2029 -96826.3
12.72 -19.1061 -97261.4
12.721 -19.0092 -97685.5
12.722 -18.9123 -98099.2
12.723 -18.8155 -98502.8
12.724 -18.7189 -98896.9
12.725 -18.6226 -99281.7
12.726 -18.5267 -99657.9
12.727 -18.4313 -100026
12.728 -18.3366 -100386
12.729 -18.2426 -100738
12.73 -18.1494 -101084
12.731 -18.057 -101423
12.732 -17.9658 -101757
12.733 -17.8756 -102085
12.734 -17.7868 -102408
12.735 -17.6995 -102727
12.736 -17.6137 -103043
12.737 -17.5296 -103355
12.738 -17.4474 -103666
12.739 -17.367 -103974
12.74 -17.2888 -104281
12.741 -17.2127 -104588
12.742 -17.139 -104894
12.743 -17.0677 -105202
12.744 -16.9992 -105511
12.745 -16.9334 -105822
12.746 -16.8707 -106136
12.747 -16.811 -106454
12.748 -16.7546 -106776
12.749 -16.7016 -107103
12.75 -16.6522 -107436
12.751 -16.6063 -107775
12.752 -16.5644 -108122
12.753 -16.5263 -108476
12.754 -16.4924 -108839
12.755 -16.4625 -109210
12.756 -16.437 -109592
12.757 -16.4159 -109984
12.758 -16.3993 -110386
12.759 -16.3873 -110801
12.76 -16.3801 -111228
12.761 -16.3777 -111668
12.762 -16.3801 -112121
12.763 -16.3875 -112588
12.764 -16.3998 -113069
12.765 -16.4171 -113565
12.766 -16.4395 -114077
12.767 -16.4669 -114604
12.768 -16.4995 -115147
12.769 -16.5371 -115707
12.77 -16.5799 -116284
12.771 -16.6278 -116878
12.772 -16.6809 -117490
12.773 -16.7389 -118120
12.774 -16.8018 -118767
12.775 -16.8696 -119432
12.776 -16.9421 -120115
12.777 -17.0192 -120816
12.778 -17.101 -121536
12.779 -17.1872 -122273
12.78 -17.2778 -123030
12.781 -17.3726 -123804
12.782 -17.4716 -124597
12.783 -17.5743 -125408
12.784 -17.6809 -126236
12.785 -17.7908 -127083
12.786 -17.9042 -127946
12.787 -18.0206 -128827
12.788 -18.1401 -129725
12.789 -18.2622 -130640
12.79 -18.387 -131571
12.791 -18.514 -132518
12.792 -18.6432 -133481
12.793 -18.7743 -134460
12.794 -18.907 -135453
12.795 -19.0411 -136461
12.796 -19.1764 -137483
12.797 -19.3125 -138518
12.798 -19.4494 -139566
12.799 -19.5867 -140627
12.8 -19.7244 -141700
12.801 -19.862 -142785
12.802 -19.9996 -143880
12.803 -20.1366 -144986
12.804 -20.2731 -146102
12.805 -20.4087 -147228
12.806 -20.5432 -148362
12.807 -20.6765 -149504
12.808 -20.8083 -150654
12.809 -20.9385 -151810
12.81 -21.0669 -152973
12.811 -21.1933 -154142
12.812 -21.3177 -155317
12.813 -21.4396 -156495
12.814 -21.5591 -157678
12.815 -21.6759 -158864
12.816 -21.79 -160052
12.817 -21.901 -161242
12.818 -22.009 -162434
12.819 -22.1138 -163626
12.82 -22.2154 -164819
12.821 -22.3135 -166010
12.822 -22.4081 -167201
12.823 -22.4991 -168390
12.824 -22.5864 -169576
12.825 -22.6697 -170759
12.826 -22.7493 -171938
12.827 -22.8248 -173113
12.828 -22.8964 -174283
12.829 -22.9638 -175447
12.83 -23.0271 -176605
12.831 -23.0861 -177756
12.832 -23.141 -178899
12.833 -23.1915 -180035
12.834 -23.2376 -181162
12.835 -23.2793 -182279
12.836 -23.3166 -183387
12.837 -23.3492 -184484
12.838 -23.3775 -185570
12.839 -23.4011 -186645
12.84 -23.4202 -187707
12.841 -23.4346 -188757
12.842 -23.4432 -189781
12.843 -23.4481 -190778
12.844 -23.4484 -191761
12.845 -23.444 -192729
12.846 -23.4349 -193683
12.847 -23.4211 -194621
12.848 -23.4027 -195543
12.849 -23.3794 -196450
12.85 -23.3516 -197339
12.851 -23.3189 -198212
12.852 -23.2816 -199067
12.853 -23.2394 -199904
12.854 -23.1926 -200723
12.855 -23.1409 -201524
12.856 -23.0846 -202305
12.857 -23.0234 -203068
12.858 -22.9575 -203810
12.859 -22.8868 -204533
12.86 -22.8114 -205236
12.861 -22.731 -205918
12.862 -22.646 -206579
12.863 -22.556 -207218
12.864 -22.4613 -207837
12.865 -22.3617 -208433
12.866 -22.2572 -209008
12.867 -22.1478 -209560
12.868 -22.0335 -210089
12.869 -21.9142 -210595
12.87 -21.79 -211079
12.871 -21.6608 -211539
12.872 -21.5265 -211975
12.873 -21.3871 -212387
12.874 -21.2427 -212775
12.875 -21.093 -213138
12.876 -20.9383 -213477
12.877 -20.7782 -213791
12.878 -20.613 -214080
12.879 -20.4423 -214343
12.88 -20.2663 -214581
12.881 -20.0849 -214793
12.882 -19.8979 -214979
12.883 -19.7054 -215138
12.884 -19.5074 -215271
12.885 -19.3036 -215377
12.886 -19.0942 -215456
12.887 -18.8789 -215508
12.888 -18.6578 -215533
12.889 -18.4303 -215522
12.89 -18.1971 -215468
12.891 -17.9576 -215368
12.892 -17.712 -215220
12.893 -17.46 -215024
12.894 -17.2018 -214780
12.895 -16.9371 -214488
12.896 -16.666 -214148
12.897 -16.3881 -213760
12.898 -16.1037 -213323
12.899 -15.8124 -212837
12.9 -15.5141 -212303
12.901 -15.2089 -211719
12.902 -14.8965 -211087
12.903 -14.5768 -210406
12.904 -14.2499 -209676
12.905 -13.9154 -208898
12.906 -13.5734 -208071
12.907 -13.2237 -207195
12.908 -12.8661 -206272
12.909 -12.5006 -205300
12.91 -12.1269 -204281
12.911 -11.7449 -203214
12.912 -11.3545 -202099
12.913 -10.9556 -200938
12.914 -10.5478 -199729
12.915 -10.1312 -198475
12.916 -9.70555 -197174
12.917 -9.27064 -195827
12.918 -8.82633 -194436
12.919 -8.37242 -192999
12.92 -7.90878 -191519
12.921 -7.43519 -189994
12.922 -6.95153 -188426
12.923 -6.45762 -186815
12.924 -5.95332 -185162
12.925 -5.43849 -183467
12.926 -4.91299 -181732
12.927 -4.3767 -179956
12.928 -3.82951 -178140
12.929 -3.27134 -176285
12.93 -2.70212 -174392
12.931 -2.12181 -172462
12.932 -1.53041 -170494
12.933 -0.927965 -168491
12.934 -0.314548 -166452
12.935 0.309698 -164379
12.936 0.94456 -162273
12.937 1.58975 -160133
12.938 2.24489 -157962
12.939 2.90956 -155760
12.94 3.58322 -153528
12.941 4.26529 -151266
12.942 4.95506 -148977
12.943 5.65176 -146660
12.944 6.35451 -144317
12.945 7.06238 -141950
12.946 7.77435 -139558
12.947 8.48932 -137143
12.948 9.20612 -134707
12.949 9.92353 -132250
12.95 10.6402 -129773
12.951 11.3549 -127278
12.952 12.0662 -124765
12.953 12.7727 -122235
12.954 13.4729 -119691
12.955 14.1655 -117132
12.956 14.8489 -114560
12.957 15.522 -111976
12.958 16.1832 -109382
12.959 16.8313 -106777
12.96 17.4651 -104164
12.961 18.0835 -101543
12.962 18.6854 -98915.6
12.963 19.2699 -96282.3
12.964 19.8361 -93644.3
12.965 20.3834 -91002.4
12.966 20.9111 -88357.7
12.967 21.419 -85711.1
12.968 21.9063 -83063.5
12.969 22.3732 -80415.6
12.97 22.8192 -77768.5
12.971 23.2446 -75122.9
12.972 23.6493 -72479.6
12.973 24.0337 -69839.4
12.974 24.3978 -67202.9
12.975 24.7422 -64570.8
12.976 25.0672 -61943.8
12.977 25.3734 -59322.6
12.978 25.6612 -56707.9
12.979 25.9313 -54100.1
12.98 26.1841 -51500
12.981 26.4205 -48908.1
12.982 26.641 -46325
12.983 26.8463 -43751.1
12.984 27.037 -41187
12.985 27.2139 -38633.1
12.986 27.3775 -36089.8
12.987 27.5287 -33557.7
12.988 27.6679 -31037.1
12.989 27.7958 -28528.5
12.99 27.913 -26032.2
12.991 28.0201 -23548.7
12.992 28.1175 -21078.2
12.993 28.2061 -18621.3
12.994 28.2859 -16178.2
12.995 28.3579 -13749.2
12.996 28.4221 -11334.7
12.997 28.4794 -8935.05
12.998 28.5297 -6550.44
12.999 28.5738 -4181.2
13 28.6119 -1827.61
13.001 28.6444 510.048
13.002 28.6714 2831.45
13.003 28.6935 5136.24
13.004 28.7107 7424.1
13.005 28.7234 9694.72
13.006 28.7316 11947.8
13.007 28.7359 14183
13.008 28.736 16400.1
13.009 28.7326 18598.8
13.01 28.7255 20778.9
13.011 28.7151 22940
13.012 28.7012 25081.9
13.013 28.6844 27204.3
13.014 28.6643 29306.8
13.015 28.6413 31389.2
13.016 28.6154 33451.2
13.017 28.5868 35492.4
13.018 28.5553 37512.7
13.019 28.5213 39511.8
13.02 28.4847 41489.4
13.021 28.4456 43445.4
13.022 28.4039 45379.4
13.023 28.36 47291.2
13.024 28.3135 49180.6
13.025 28.2647 51047.2
13.026 28.2135 52890.9
13.027 28.1601 54711.4
13.028 28.1042 56508.5
13.029 28.0463 58282.1
13.03 27.9859 60031.9
13.031 27.9234 61757.7
13.032 27.8587 63459.4
13.033 27.7918 65136.9
13.034 27.7227 66789.9
13.035 27.6515 68418.4
13.036 27.578 70022.2
13.037 27.5026 71601.2
13.038 27.4249 73155.4
13.039 27.3452 74684.5
13.04 27.2634 76188.5
13.041 27.1795 77667.4
13.042 27.0935 79121.1
13.043 27.0055 80549.4
13.044 26.9154 81952.4
13.045 26.8233 83329.9
13.046 26.7291 84682
13.047 26.633 86008.7
13.048 26.5347 87309.8
13.049 26.4345 88585.4
13.05 26.3321 89835.4
13.051 26.2279 91059.9
13.052 26.1215 92259
13.053 26.0133 93432.6
13.054 25.9031 94580.9
13.055 25.7911 95704
13.056 25.6771 96802.1
13.057 25.5614 97875
13.058 25.4437 98923.1
13.059 25.3244 99946.4
13.06 25.2031 100945
13.061 25.0802 101919
13.062 24.9554 102869
13.063 24.829 103794
13.064 24.7008 104695
13.065 24.571 105572
13.066 24.4395 106425
13.067 24.3064 107255
13.068 24.1715 108060
13.069 24.0351 108843
13.07 23.897 109602
13.071 23.7574 110338
13.072 23.616 111050
13.073 23.4732 111740
13.074 23.3286 112408
13.075 23.1825 113052
13.076 23.0347 113674
13.077 22.8854 114274
13.078 22.7344 114851
13.079 22.5819 115406
13.08 22.4276 115940
13.081 22.2718 116451
13.082 22.1143 116941
13.083 21.9551 117409
13.084 21.7943 117855
13.085 21.6318 118280
13.086 21.4676 118684
13.087 21.3017 119066
13.088 21.1341 119428
13.089 20.9647 119768
13.09 20.7936 120088
13.091 20.6207 120387
13.092 20.446 120665
13.093 20.2696 120923
13.094 20.0913 121161
13.095 19.9113 121378
13.096 19.7293 121575
13.097 19.5455 121752
13.098 19.3598 121909
13.099 19.1723 122046
13.1 18.9828 122163
13.101 18.7914 122261
13.102 18.5981 122339
13.103 18.4028 122398
13.104 18.2055 122437
13.105 18.0062 122457
13.106 17.8045 122454
13.107 17.601 122427
13.108 17.3954 122372
13.109 17.1878 122288
13.11 16.978 122176
13.111 16.7661 122036
13.112 16.552 121869
13.113 16.3358 121674
13.114 16.1174 121452
13.115 15.8968 121203
13.116 15.674 120927
13.117 15.4489 120625
13.118 15.2216 120296
13.119 14.992 119941
13.12 14.7601 119561
13.121 14.5258 119155
13.122 14.2893 118724
13.123 14.0503 118269
13.124 13.809 117788
13.125 13.5652 117283
13.126 13.319 116754
13.127 13.0703 116202
13.128 12.8191 115625
13.129 12.5653 115026
13.13 12.309 114403
13.131 12.0502 113759
13.132 11.7887 113091
13.133 11.5245 112402
13.134 11.2576 111691
13.135 10.9881 110959
13.136 10.7157 110205
13.137 10.4405 109431
13.138 10.1624 108636
13.139 9.88148 107821
13.14 9.59761 106986
13.141 9.3108 106132
13.142 9.02099 105258
13.143 8.72818 104366
13.144 8.43231 103455
13.145 8.13337 102526
13.146 7.83133 101579
13.147 7.52617 100614
13.148 7.21786 99633.1
13.149 6.9064 98635.1
13.15 6.59176 97620.9
13.151 6.27393 96590.9
13.152 5.95289 95545.3
13.153 5.62863 94484.6
13.154 5.30114 93409.3
13.155 4.97041 92319.6
13.156 4.63644 91215.9
13.157 4.29924 90098.8
13.158 3.9588 88968.5
13.159 3.61516 87825.5
13.16 3.26832 86670.2
13.161 2.91832 85503.1
13.162 2.56519 84324.5
13.163 2.209 83134.9
13.164 1.8498 81934.9
13.165 1.48767 80724.8
13.166 1.12268 79505.2
13.167 0.754918 78276.5
13.168 0.384495 77039.2
13.169 0.0115249 75793.7
13.17 -0.363862 74540.6
13.171 -0.741513 73280.4
13.172 -1.12125 72013.5
13.173 -1.5029 70740.5
13.174 -1.88623 69461.9
13.175 -2.27104 68178.3
13.176 -2.65709 66890.1
13.177 -3.04414 65597.8
13.178 -3.43193 64302.1
13.179 -3.82017 63003.5
13.18 -4.2086 61702.4
13.181 -4.5969 60399.4
13.182 -4.98476 59095.1
13.183 -5.37182 57790.1
13.184 -5.75775 56485.1
13.185 -6.14217 55180.6
13.186 -6.52473 53877.2
13.187 -6.90505 52575.6
13.188 -7.28276 51276.3
13.189 -7.65746 49980
13.19 -8.02881 48687.2
13.191 -8.39638 47398.5
13.192 -8.75983 46114.5
13.193 -9.11872 44835.9
13.194 -9.47271 43563.4
13.195 -9.82138 42297.5
13.196 -10.1644 41038.8
13.197 -10.5014 39788
13.198 -10.832 38545.7
13.199 -11.1558 37312.4
13.2 -11.4727 36088.7
13.201 -11.7822 34875.2
13.202 -12.084 33672.5
13.203 -12.378 32481.2
13.204 -12.6638 31301.7
13.205 -12.9412 30134.6
13.206 -13.2101 28980.5
13.207 -13.4701 27839.9
13.208 -13.7212 26713.2
13.209 -13.9631 25601
13.21 -14.1959 24503.8
13.211 -14.4193 23422
13.212 -14.6333 22356.2
13.213 -14.8377 21306.7
13.214 -15.0326 20274.2
13.215 -15.2179 19259
13.216 -15.3936 18261.7
13.217 -15.5597 17282.5
13.218 -15.7161 16322.1
13.219 -15.863 15380.7
13.22 -16.0004 14458.9
13.221 -16.1283 13556.9
13.222 -16.2468 12675.3
13.223 -16.356 11814.3
13.224 -16.456 10974.3
13.225 -16.5469 10155.6
13.226 -16.6289 9358.68
13.227 -16.7019 8583.78
13.228 -16.7662 7831.23
13.229 -16.8218 7101.34
13.23 -16.8691 6394.42
13.231 -16.9079 5710.73
13.232 -16.9386 5050.55
13.233 -16.9612 4414.1
13.234 -16.976 3801.62
13.235 -16.983 3213.32
13.236 -16.9824 2649.42
13.237 -16.9744 2110.11
13.238 -16.9592 1595.58
13.239 -16.9367 1106.01
13.24 -16.9073 641.575
13.241 -16.871 202.433
13.242 -16.8281 -211.284
13.243 -16.7786 -599.457
13.244 -16.7227 -961.977
13.245 -16.6604 -1298.75
13.246 -16.5921 -1609.67
13.247 -16.5177 -1894.67
13.248 -16.4374 -2153.66
13.249 -16.3513 -2386.6
13.25 -16.2596 -2593.4
13.251 -16.1622 -2774.03
13.252 -16.0594 -2928.41
13.253 -15.9512 -3056.48
13.254 -15.8378 -3158.18
13.255 -15.7191 -3233.47
13.256 -15.5953 -3282.3
13.257 -15.4663 -3304.64
13.258 -15.3325 -3299.98
13.259 -15.1936 -3267.79
13.26 -15.0499 -3207.84
13.261 -14.9013 -3120.12
13.262 -14.748 -3004.64
13.263 -14.59 -2861.42
13.264 -14.4273 -2690.5
13.265 -14.2599 -2491.91
13.266 -14.088 -2265.71
13.267 -13.9114 -2011.95
13.268 -13.7304 -1730.69
13.269 -13.5448 -1422.03
13.27 -13.3547 -1086.05
13.271 -13.1602 -722.849
13.272 -12.9611 -332.505
13.273 -12.7576 84.8845
13.274 -12.5497 529.218
13.275 -12.3373 1000.38
13.276 -12.1204 1498.26
13.277 -11.899 2022.72
13.278 -11.6732 2573.62
13.279 -11.4428 3150.81
13.28 -11.2079 3754.12
13.281 -10.9685 4383.4
13.282 -10.7246 5038.48
13.283 -10.4761 5719.2
13.284 -10.2229 6425.38
13.285 -9.96512 7156.84
13.286 -9.70266 7913.38
13.287 -9.43547 8694.79
13.288 -9.16353 9500.86
13.289 -8.8868 10331.4
13.29 -8.60525 11186.1
13.291 -8.31881 12064.7
13.292 -8.02746 12967.1
13.293 -7.73112 13893.1
13.294 -7.42976 14842.4
13.295 -7.12329 15814.8
13.296 -6.81168 16810
13.297 -6.49486 17827.8
13.298 -6.17278 18868
13.299 -5.84539 19930.2
13.3 -5.51264 21014.2
13.301 -5.17448 22119.7
13.302 -4.83085 23246.4
13.303 -4.48172 24394.1
13.304 -4.12703 25562.4
13.305 -3.76674 26751
13.306 -3.40083 27959.6
13.307 -3.02926 29188
13.308 -2.65202 30435.7
13.309 -2.26909 31702.4
13.31 -1.88047 32987.8
13.311 -1.48617 34291.5
13.312 -1.08621 35613.1
13.313 -0.680625 36952.3
13.314 -0.26947 38308.7
13.315 0.147186 39681.8
13.316 0.569252 41071.2
13.317 0.996608 42476.7
13.318 1.42911 43897.6
13.319 1.86659 45333.6
13.32 2.30887 46784.3
13.321 2.75573 48249.2
13.322 3.20692 49727.9
13.323 3.6622 51219.8
13.324 4.12128 52724.6
13.325 4.58383 54241.7
13.326 5.04954 55770.8
13.327 5.51803 57311.2
13.328 5.98893 58862.6
13.329 6.46182 60424.4
13.33 6.93627 61996.2
13.331 7.41184 63577.4
13.332 7.88806 65167.7
13.333 8.36448 66766.6
13.334 8.84057 68373.5
13.335 9.31586 69988.2
13.336 9.7898 71610.1
13.337 10.2619 73238.8
13.338 10.7316 74873.9
13.339 11.1983 76514.9
13.34 11.6616 78161.3
13.341 12.1208 79812.8
13.342 12.5755 81468.9
13.343 13.025 83129.3
13.344 13.469 84793.4
13.345 13.9069 86460.9
13.346 14.3382 88131.5
13.347 14.7625 89804.7
13.348 15.1793 91480.1
13.349 15.5883 93157.3
13.35 15.9889 94836
13.351 16.381 96515.9
13.352 16.7641 98196.5
13.353 17.138 99877.7
13.354 17.5025 101559
13.355 17.8574 103241
13.356 18.2025 104922
13.357 18.5377 106603
13.358 18.8628 108283
13.359 19.1779 109962
13.36 19.4829 111639
13.361 19.7778 113316
13.362 20.0626 114990
13.363 20.3374 116663
13.364 20.6023 118334
13.365 20.8574 120003
13.366 21.1029 121670
13.367 21.339 123334
13.368 21.5658 124996
13.369 21.7835 126655
13.37 21.9923 128312
13.371 22.1926 129965
13.372 22.3845 131616
13.373 22.5684 133264
13.374 22.7445 134910
13.375 22.9133 136552
13.376 23.075 138193
13.377 23.2299 139830
13.378 23.3782 141466
13.379 23.5205 143099
13.38 23.6568 144730
13.381 23.7876 146359
13.382 23.9132 147985
13.383 24.034 149611
13.384 24.1503 151235
13.385 24.2625 152858
13.386 24.3709 154481
13.387 24.4759 156103
13.388 24.5777 157726
13.389 24.6768 159349
13.39 24.7731 160972
13.391 24.8673 162596
13.392 24.9595 164221
13.393 25.0501 165849
13.394 25.1393 167478
13.395 25.2276 169110
13.396 25.315 170745
13.397 25.4021 172384
13.398 25.4887 174026
13.399 25.5755 175673
13.4 25.6624 177324
13.401 25.7498 178980
13.402 25.8376 180641
13.403 25.9263 182308
13.404 26.0159 183980
13.405 26.1067 185658
13.406 26.1986 187342
13.407 26.2921 189033
13.408 26.3869 190730
13.409 26.4834 192434
13.41 26.5815 194144
13.411 26.6816 195861
13.412 26.7832 197585
13.413 26.8867 199315
13.414 26.9918 201051
13.415 27.0986 202793
13.416 27.2069 204541
13.417 27.3168 206293
13.418 27.4281 208050
13.419 27.541 209812
13.42 27.6551 211577
13.421 27.7707 213346
13.422 27.8872 215117
13.423 28.0048 216891
13.424 28.1229 218665
13.425 28.2416 220439
13.426 28.3605 222213
13.427 28.4797 223986
13.428 28.5987 225756
13.429 28.7176 227523
13.43 28.8361 229286
13.431 28.9543 231044
13.432 29.0716 232797
13.433 29.1881 234543
13.434 29.3032 236281
13.435 29.417 238010
13.436 29.529 239729
13.437 29.6394 241437
13.438 29.7477 243134
13.439 29.8541 244819
13.44 29.958 246490
13.441 30.0598 248147
13.442 30.1589 249790
13.443 30.2555 251416
13.444 30.3493 253027
13.445 30.4404 254620
13.446 30.5284 256196
13.447 30.6136 257754
13.448 30.6955 259293
13.449 30.7746 260813
13.45 30.8503 262313
13.451 30.923 263793
13.452 30.9925 265253
13.453 31.0589 266693
13.454 31.122 268111
13.455 31.1822 269509
13.456 31.2392 270885
13.457 31.2933 272241
13.458 31.3442 273574
13.459 31.3923 274887
13.46 31.4373 276178
13.461 31.4804 277374
13.462 31.5185 278509
13.463 31.5539 279609
13.464 31.5866 280671
13.465 31.6159 281611
13.466 31.6423 282273
13.467 31.6709 282890
13.468 31.697 283501
13.469 31.7206 284107
13.47 31.742 284707
13.471 31.7611 285301
13.472 31.7782 285890
13.473 31.7932 286474
13.474 31.8062 287052
13.475 31.8174 287624
13.476 31.8268 288191
13.477 31.8345 288752
13.478 31.8406 289309
13.479 31.845 289859
13.48 31.8479 290405
13.481 31.8493 290945
13.482 31.8493 291480
13.483 31.8478 292009
13.484 31.8449 292534
13.485 31.8406 293053
13.486 31.8349 293567
13.487 31.8279 294076
13.488 31.8196 294580
13.489 31.8099 295079
13.49 31.799 295572
13.491 31.7868 296061
13.492 31.7734 296545
13.493 31.7586 297024
13.494 31.7426 297498
13.495 31.7252 297967
13.496 31.7065 298431
13.497 31.6866 298890
13.498 31.6653 299344
13.499 31.6427 299794
13.5 31.6188 300239
13.501 31.5935 300679
13.502 31.567 301114
13.503 31.539 301544
13.504 31.5098 301970
13.505 31.4792 302391
13.506 31.4472 302807
13.507 31.4138 303219
13.508 31.3791 303626
13.509 31.343 304028
13.51 31.3055 304426
13.511 31.2666 304819
13.512 31.2263 305208
13.513 31.1846 305592
13.514 31.1416 305971
13.515 31.0972 306346
13.516 31.0514 306717
13.517 31.0042 307083
13.518 30.9557 307445
13.519 30.9058 307802
13.52 30.8545 308155
13.521 30.8019 308504
13.522 30.7478 308848
13.523 30.6924 309188
13.524 30.6355 309523
13.525 30.5773 309855
13.526 30.5177 310182
13.527 30.4566 310504
13.528 30.3941 310823
13.529 30.3301 311137
13.53 30.2647 311447
13.531 30.1978 311753
13.532 30.1295 312055
13.533 30.0596 312352
13.534 29.9883 312646
13.535 29.9153 312935
13.536 29.8408 313220
13.537 29.7647 313501
13.538 29.687 313778
13.539 29.6077 314050
13.54 29.5267 314319
13.541 29.444 314583
13.542 29.3596 314844
13.543 29.2735 315100
13.544 29.1855 315352
13.545 29.0958 315600
13.546 29.0041 315844
13.547 28.9106 316084
13.548 28.8151 316320
13.549 28.7176 316551
13.55 28.6181 316779
13.551 28.5166 317002
13.552 28.413 317221
13.553 28.3072 317436
13.554 28.1992 317647
13.555 28.0889 317854
13.556 27.9762 318056
13.557 27.8611 318254
13.558 27.7436 318448
13.559 27.6236 318638
13.56 27.5009 318824
13.561 27.3757 319005
13.562 27.2478 319182
13.563 27.117 319354
13.564 26.9834 319522
13.565 26.8468 319686
13.566 26.7071 319846
13.567 26.5642 320001
13.568 26.4181 320151
13.569 26.2687 320297
13.57 26.1159 320438
13.571 25.9596 320575
13.572 25.7998 320707
13.573 25.6362 320835
13.574 25.4689 320957
13.575 25.2977 321075
13.576 25.1224 321189
13.577 24.9432 321297
13.578 24.7597 321401
13.579 24.5719 321499
13.58 24.3797 321593
13.581 24.183 321682
13.582 23.9816 321766
13.583 23.7755 321845
13.584 23.5645 321918
13.585 23.3484 321987
13.586 23.1273 322050
13.587 22.9008 322108
13.588 22.6689 322161
13.589 22.4314 322208
13.59 22.1882 322250
13.591 21.9391 322286
13.592 21.6838 322317
13.593 21.4224 322342
13.594 21.1545 322361
13.595 20.88 322373
13.596 20.5985 322376
13.597 20.309 322359
13.598 20.0128 322317
13.599 19.7095 322211
13.6 19.3988 322040
13.601 19.0806 321804
13.602 18.7546 321503
13.603 18.4207 321137
13.604 18.0787 320704
13.605 17.7283 320205
13.606 17.3693 319639
13.607 17.0015 319007
13.608 16.6247 318307
13.609 16.2387 317541
13.61 15.843 316707
13.611 15.4376 315805
13.612 15.0221 314836
13.613 14.5963 313799
13.614 14.1598 312695
13.615 13.7125 311523
13.616 13.254 310284
13.617 12.784 308978
13.618 12.3022 307604
13.619 11.8082 306164
13.62 11.3017 304657
13.621 10.7824 303083
13.622 10.2498 301444
13.623 9.70379 299739
13.624 9.14388 297968
13.625 8.56974 296133
13.626 7.98103 294234
13.627 7.37738 292270
13.628 6.75845 290244
13.629 6.12388 288155
13.63 5.47336 286004
13.631 4.80657 283792
13.632 4.12325 281519
13.633 3.42317 279186
13.634 2.70616 276795
13.635 1.97207 274345
13.636 1.22085 271839
13.637 0.452499 269276
13.638 -0.33287 266658
13.639 -1.13501 263986
13.64 -1.95353 261261
13.641 -2.78787 258484
13.642 -3.63733 255657
13.643 -4.50105 252779
13.644 -5.37802 249853
13.645 -6.26704 246879
13.646 -7.16676 243859
13.647 -8.07565 240793
13.648 -8.99202 237684
13.649 -9.91399 234533
13.65 -10.8396 231340
13.651 -11.7666 228107
13.652 -12.6928 224835
13.653 -13.6158 221527
13.654 -14.5332 218182
13.655 -15.4425 214802
13.656 -16.3412 211389
13.657 -17.2268 207944
13.658 -18.097 204468
13.659 -18.9494 200963
13.66 -19.7818 197430
13.661 -20.5922 193870
13.662 -21.3788 190285
13.663 -22.14 186676
13.664 -22.8743 183044
13.665 -23.5807 179391
13.666 -24.2582 175718
13.667 -24.9061 172026
13.668 -25.5241 168316
13.669 -26.112 164590
13.67 -26.6698 160849
13.671 -27.1978 157094
13.672 -27.6964 153327
13.673 -28.1661 149548
13.674 -28.6079 145759
13.675 -29.0223 141961
13.676 -29.4106 138155
13.677 -29.7736 134343
13.678 -30.1124 130525
13.679 -30.4282 126703
13.68 -30.7221 122877
13.681 -30.9953 119050
13.682 -31.2489 115221
13.683 -31.4839 111393
13.684 -31.7016 107566
13.685 -31.9029 103741
13.686 -32.0889 99918.8
13.687 -32.2606 96101.4
13.688 -32.4188 92289.2
13.689 -32.5645 88483.3
13.69 -32.6985 84684.7
13.691 -32.8216 80894.3
13.692 -32.9344 77113.2
13.693 -33.0377 73342.3
13.694 -33.1321 69582.6
13.695 -33.2182 65835
13.696 -33.2965 62100.4
13.697 -33.3675 58379.7
13.698 -33.4316 54674
13.699 -33.4894 50983.9
13.7 -33.5411 47310.4
13.701 -33.5872 43654.3
13.702 -33.6279 40016.4
13.703 -33.6637 36397.7
13.704 -33.6947 32798.8
13.705 -33.7211 29220.5
13.706 -33.7434 25663.7
13.707 -33.7615 22129
13.708 -33.7759 18617.1
13.709 -33.7865 15128.8
13.71 -33.7936 11664.7
13.711 -33.7973 8225.56
13.712 -33.7979 4811.92
13.713 -33.7952 1424.46
13.714 -33.7896 -1936.22
13.715 -33.7811 -5269.53
13.716 -33.7698 -8574.9
13.717 -33.7557 -11851.8
13.718 -33.739 -15099.7
13.719 -33.7198 -18318.1
13.72 -33.698 -21506.6
13.721 -33.6737 -24664.6
13.722 -33.6471 -27791.9
13.723 -33.6182 -30887.8
13.724 -33.5869 -33952.2
13.725 -33.5535 -36984.6
13.726 -33.5178 -39984.7
13.727 -33.48 -42952.2
13.728 -33.4401 -45886.7
13.729 -33.3981 -48788.1
13.73 -33.354 -51656.1
13.731 -33.308 -54490.4
13.732 -33.2599 -57290.8
13.733 -33.2099 -60057.2
13.734 -33.1579 -62789.3
13.735 -33.104 -65487
13.736 -33.0481 -68150.1
13.737 -32.9904 -70778.6
13.738 -32.9308 -73372.3
13.739 -32.8693 -75931.1
13.74 -32.806 -78455
13.741 -32.7408 -80943.9
13.742 -32.6738 -83397.8
13.743 -32.605 -85816.6
13.744 -32.5343 -88200.3
13.745 -32.4618 -90548.9
13.746 -32.3874 -92862.3
13.747 -32.3112 -95140.7
13.748 -32.2332 -97384
13.749 -32.1534 -99592.2
13.75 -32.0717 -101766
13.751 -31.9882 -103904
13.752 -31.9029 -106008
13.753 -31.8157 -108076
13.754 -31.7265 -110110
13.755 -31.6355 -112110
13.756 -31.5425 -114074
13.757 -31.4475 -116004
13.758 -31.3506 -117900
13.759 -31.2517 -119761
13.76 -31.1508 -121588
13.761 -31.0478 -123381
13.762 -30.9429 -125140
13.763 -30.8358 -126865
13.764 -30.7268 -128557
13.765 -30.6157 -130215
13.766 -30.5025 -131839
13.767 -30.3872 -133431
13.768 -30.2699 -134989
13.769 -30.1504 -136515
13.77 -30.0288 -138008
13.771 -29.9051 -139469
13.772 -29.7793 -140898
13.773 -29.6514 -142295
13.774 -29.5213 -143660
13.775 -29.3891 -144993
13.776 -29.2548 -146295
13.777 -29.1183 -147566
13.778 -28.9797 -148807
13.779 -28.8389 -150016
13.78 -28.696 -151196
13.781 -28.5509 -152345
13.782 -28.4036 -153464
13.783 -28.2542 -154554
13.784 -28.1026 -155615
13.785 -27.949 -156646
13.786 -27.7933 -157649
13.787 -27.6354 -158624
13.788 -27.4755 -159570
13.789 -27.3136 -160488
13.79 -27.1495 -161379
13.791 -26.9834 -162243
13.792 -26.8152 -163079
13.793 -26.6449 -163889
13.794 -26.4726 -164672
13.795 -26.2982 -165428
13.796 -26.1218 -166159
13.797 -25.9432 -166864
13.798 -25.7626 -167544
13.799 -25.5799 -168198
13.8 -25.3952 -168827
13.801 -25.2083 -169432
13.802 -25.0193 -170012
13.803 -24.8283 -170567
13.804 -24.6352 -171099
13.805 -24.44 -171607
13.806 -24.2427 -172092
13.807 -24.0434 -172553
13.808 -23.842 -172991
13.809 -23.6386 -173407
13.81 -23.4331 -173800
13.811 -23.2255 -174170
13.812 -23.0158 -174519
13.813 -22.8041 -174846
13.814 -22.5904 -175151
13.815 -22.3746 -175436
13.816 -22.1568 -175699
13.817 -21.9369 -175941
13.818 -21.7151 -176163
13.819 -21.4912 -176364
13.82 -21.2653 -176546
13.821 -21.0373 -176707
13.822 -20.8073 -176849
13.823 -20.5753 -176972
13.824 -20.3413 -177075
13.825 -20.1051 -177160
13.826 -19.8669 -177225
13.827 -19.6267 -177272
13.828 -19.3842 -177301
13.829 -19.1393 -177306
13.83 -18.892 -177286
13.831 -18.6429 -177232
13.832 -18.3916 -177141
13.833 -18.1381 -177014
13.834 -17.8823 -176851
13.835 -17.6242 -176652
13.836 -17.3637 -176418
13.837 -17.1009 -176149
13.838 -16.8357 -175845
13.839 -16.5681 -175507
13.84 -16.2979 -175136
13.841 -16.0253 -174731
13.842 -15.75 -174292
13.843 -15.4721 -173822
13.844 -15.1915 -173319
13.845 -14.9082 -172784
13.846 -14.6221 -172218
13.847 -14.3331 -171620
13.848 -14.0412 -170992
13.849 -13.7463 -170333
13.85 -13.4485 -169645
13.851 -13.1475 -168927
13.852 -12.8434 -168180
13.853 -12.5362 -167404
13.854 -12.2256 -166600
13.855 -11.9117 -165768
13.856 -11.5944 -164908
13.857 -11.2737 -164022
13.858 -10.9494 -163109
13.859 -10.6216 -162170
13.86 -10.2901 -161205
13.861 -9.95496 -160215
13.862 -9.61603 -159200
13.863 -9.27327 -158160
13.864 -8.92661 -157097
13.865 -8.57598 -156010
13.866 -8.22132 -154900
13.867 -7.86257 -153768
13.868 -7.49968 -152613
13.869 -7.13258 -151437
13.87 -6.76124 -150239
13.871 -6.38561 -149021
13.872 -6.00563 -147783
13.873 -5.62128 -146524
13.874 -5.23252 -145247
13.875 -4.83931 -143951
13.876 -4.44163 -142636
13.877 -4.03948 -141304
13.878 -3.63283 -139955
13.879 -3.22171 -138588
13.88 -2.80612 -137206
13.881 -2.38609 -135808
13.882 -1.96168 -134395
13.883 -1.53295 -132967
13.884 -1.09998 -131526
13.885 -0.66287 -130071
13.886 -0.221738 -128603
13.887 0.223276 -127124
13.888 0.672003 -125632
13.889 1.12425 -124130
13.89 1.57978 -122617
13.891 2.03835 -121095
13.892 2.49964 -119564
13.893 2.96332 -118024
13.894 3.42901 -116477
13.895 3.89634 -114924
13.896 4.36488 -113364
13.897 4.83421 -111800
13.898 5.30387 -110231
13.899 5.77338 -108658
13.9 6.24226 -107082
13.901 6.70999 -105505
13.902 7.17602 -103926
13.903 7.63979 -102347
13.904 8.10071 -100769
13.905 8.5582 -99191.5
13.906 9.01168 -97616.7
13.907 9.46054 -96044.9
13.908 9.90421 -94477
13.909 10.3421 -92913.9
13.91 10.7736 -91356.4
13.911 11.1982 -89805.3
13.912 11.6153 -88261.4
13.913 12.0244 -86725.6
13.914 12.4249 -85198.7
13.915 12.8164 -83681.5
13.916 13.1984 -82174.8
13.917 13.5704 -80679.4
13.918 13.9321 -79196
13.919 14.283 -77725.4
13.92 14.6229 -76268.4
13.921 14.9513 -74825.6
13.922 15.2681 -73397.9
13.923 15.5729 -71985.9
13.924 15.8656 -70590.4
13.925 16.146 -69212.1
13.926 16.4139 -67851.7
13.927 16.6693 -66509.8
13.928 16.912 -65187.1
13.929 17.1421 -63884.2
13.93 17.3595 -62601.8
13.931 17.5643 -61340.6
13.932 17.7565 -60100.9
13.933 17.9362 -58883.4
13.934 18.1035 -57688.6
13.935 18.2586 -56517
13.936 18.4017 -55369.1
13.937 18.5328 -54245.2
13.938 18.6521 -53146
13.939 18.76 -52071.9
13.94 18.8565 -51023.2
13.941 18.942 -50000.4
13.942 19.0165 -49003.9
13.943 19.0805 -48034
13.944 19.134 -47091.2
13.945 19.1773 -46175.6
13.946 19.2108 -45287.7
13.947 19.2346 -44427.8
13.948 19.2489 -43596.1
13.949 19.254 -42793
13.95 19.2502 -42018.7
13.951 19.2376 -41273.5
13.952 19.2165 -40557.6
13.953 19.1871 -39871.2
13.954 19.1497 -39214.4
13.955 19.1045 -38587.3
13.956 19.0517 -37990.1
13.957 18.9916 -37422.9
13.958 18.9242 -36885.8
13.959 18.8499 -36378.9
13.96 18.7688 -35902.4
13.961 18.681 -35456.3
13.962 18.5868 -35040.6
13.963 18.4863 -34655.4
13.964 18.3796 -34300.8
13.965 18.267 -33976.8
13.966 18.1486 -33683.4
13.967 18.0244 -33420.5
13.968 17.8947 -33188.3
13.969 17.7595 -32986.7
13.97 17.6189 -32815.7
13.971 17.4731 -32675.3
13.972 17.3221 -32565.4
13.973 17.1661 -32486.2
13.974 17.005 -32437.6
13.975 16.8389 -32419.8
13.976 16.6678 -32433.7
13.977 16.492 -32480.3
13.978 16.3113 -32559.6
13.979 16.1258 -32671.8
13.98 15.9355 -32816.7
13.981 15.7406 -32994.3
13.982 15.5409 -33204.6
13.983 15.3366 -33447.5
13.984 15.1275 -33723.1
13.985 14.9137 -34031.2
13.986 14.6952 -34371.9
13.987 14.472 -34745.1
13.988 14.244 -35150.7
13.989 14.0112 -35588.6
13.99 13.7737 -36058.8
13.991 13.5313 -36561.1
13.992 13.2841 -37095.6
13.993 13.0319 -37662.1
13.994 12.7747 -38260.7
13.995 12.5124 -38891.3
13.996 12.245 -39553.9
13.997 11.9723 -40248.4
13.998 11.6943 -40974.8
13.999 11.4109 -41732.9
14 11.1221 -42522.6
14.001 10.8277 -43343.9
14.002 10.5276 -44196.6
14.003 10.2217 -45080.8
14.004 9.90986 -45996.3
14.005 9.59203 -46943
14.006 9.26805 -47920.9
14.007 8.93779 -48929.9
14.008 8.60113 -49969.7
14.009 8.25796 -51040.3
14.01 7.90814 -52141.5
14.011 7.55155 -53273.2
14.012 7.18806 -54435.1
14.013 6.81755 -55627.1
14.014 6.43987 -56849
14.015 6.0549 -58100.5
14.016 5.66252 -59381.6
14.017 5.2626 -60691.8
14.018 4.85502 -62031.1
14.019 4.43968 -63399
14.02 4.01647 -64795.3
14.021 3.58528 -66219.7
14.022 3.14605 -67671.9
14.023 2.6987 -69151.4
14.024 2.24318 -70657.9
14.025 1.77945 -72191
14.026 1.3075 -73750.3
14.027 0.827321 -75335.4
14.028 0.338943 -76945.7
14.029 -0.15758 -78580.9
14.03 -0.662157 -80240.5
14.031 -1.17465 -81923.9
14.032 -1.69487 -83630.6
14.033 -2.22261 -85360.1
14.034 -2.75759 -87111.8
14.035 -3.29951 -88885.2
14.036 -3.84801 -90679.5
14.037 -4.40271 -92494.3
14.038 -4.96317 -94328.9
14.039 -5.5289 -96182.7
14.04 -6.09938 -98055
14.041 -6.67404 -99945.1
14.042 -7.25224 -101852
14.043 -7.83332 -103776
14.044 -8.41659 -105716
14.045 -9.00128 -107671
14.046 -9.58661 -109639
14.047 -10.1718 -111622
14.048 -10.7559 -113617
14.049 -11.3382 -115625
14.05 -11.9178 -117644
14.051 -12.4937 -119673
14.052 -13.065 -121713
14.053 -13.631 -123761
14.054 -14.1906 -125818
14.055 -14.7429 -127883
14.056 -15.2873 -129954
14.057 -15.8227 -132031
14.058 -16.3486 -134114
14.059 -16.864 -136200
14.06 -17.3683 -138291
14.061 -17.8609 -140385
14.062 -18.3413 -142481
14.063 -18.8088 -144579
14.064 -19.263 -146677
14.065 -19.7036 -148776
14.066 -20.1302 -150874
14.067 -20.5426 -152971
14.068 -20.9405 -155066
14.069 -21.324 -157159
14.07 -21.6928 -159248
14.071 -22.0471 -161334
14.072 -22.3868 -163415
14.073 -22.7121 -165491
14.074 -23.0232 -167562
14.075 -23.3202 -169626
14.076 -23.6035 -171684
14.077 -23.8733 -173735
14.078 -24.1299 -175778
14.079 -24.3737 -177813
14.08 -24.605 -179840
14.081 -24.8243 -181857
14.082 -25.0319 -183859
14.083 -25.2282 -185842
14.084 -25.4137 -187811
14.085 -25.5888 -189753
14.086 -25.7548 -191519
14.087 -25.909 -192862
14.088 -26.0554 -194037
14.089 -26.1932 -195205
14.09 -26.3228 -196367
14.091 -26.4447 -197523
14.092 -26.5592 -198672
14.093 -26.6669 -199814
14.094 -26.768 -200950
14.095 -26.8629 -202080
14.096 -26.9521 -203203
14.097 -27.0359 -204319
14.098 -27.1145 -205429
14.099 -27.1884 -206533
14.1 -27.2578 -207630
14.101 -27.323 -208720
14.102 -27.3843 -209804
14.103 -27.4419 -210881
14.104 -27.496 -211952
14.105 -27.5468 -213016
14.106 -27.5947 -214074
14.107 -27.6396 -215125
14.108 -27.682 -216170
14.109 -27.7218 -217208
14.11 -27.7593 -218239
14.111 -27.7946 -219264
14.112 -27.8279 -220283
14.113 -27.8592 -221294
14.114 -27.8888 -222299
14.115 -27.9165 -223298
14.116 -27.9427 -224290
14.117 -27.9673 -225275
14.118 -27.9904 -226254
14.119 -28.0122 -227225
14.12 -28.0327 -228191
14.121 -28.0519 -229149
14.122 -28.07 -230101
14.123 -28.0868 -231046
14.124 -28.1025 -231984
14.125 -28.117 -232916
14.126 -28.1305 -233840
14.127 -28.1428 -234758
14.128 -28.1541 -235668
14.129 -28.1643 -236572
14.13 -28.1735 -237468
14.131 -28.1817 -238358
14.132 -28.1889 -239240
14.133 -28.195 -240116
14.134 -28.2001 -240984
14.135 -28.2042 -241845
14.136 -28.2072 -242698
14.137 -28.2092 -243545
14.138 -28.2102 -244384
14.139 -28.2102 -245216
14.14 -28.2091 -246040
14.141 -28.2069 -246857
14.142 -28.2038 -247667
14.143 -28.1996 -248469
14.144 -28.1944 -249264
14.145 -28.1882 -250052
14.146 -28.181 -250832
14.147 -28.1728 -251605
14.148 -28.1635 -252370
14.149 -28.1533 -253128
14.15 -28.142 -253878
14.151 -28.1298 -254622
14.152 -28.1166 -255358
14.153 -28.1024 -256086
14.154 -28.0872 -256807
14.155 -28.071 -257521
14.156 -28.0538 -258227
14.157 -28.0356 -258927
14.158 -28.0164 -259618
14.159 -27.9962 -260303
14.16 -27.975 -260980
14.161 -27.9529 -261650
14.162 -27.9297 -262313
14.163 -27.9056 -262969
14.164 -27.8804 -263617
14.165 -27.8543 -264259
14.166 -27.8273 -264893
14.167 -27.7992 -265520
14.168 -27.7702 -266140
14.169 -27.7402 -266753
14.17 -27.7092 -267359
14.171 -27.6773 -267958
14.172 -27.6444 -268550
14.173 -27.6105 -269136
14.174 -27.5756 -269714
14.175 -27.5397 -270285
14.176 -27.5028 -270850
14.177 -27.4648 -271408
14.178 -27.4258 -271959
14.179 -27.3858 -272503
14.18 -27.3448 -273040
14.181 -27.3026 -273571
14.182 -27.2595 -274095
14.183 -27.2152 -274612
14.184 -27.1698 -275123
14.185 -27.1234 -275627
14.186 -27.0758 -276124
14.187 -27.0271 -276615
14.188 -26.9773 -277099
14.189 -26.9263 -277577
14.19 -26.8742 -278048
14.191 -26.8209 -278513
14.192 -26.7664 -278971
14.193 -26.7108 -279423
14.194 -26.6539 -279869
14.195 -26.5957 -280308
14.196 -26.5362 -280740
14.197 -26.4754 -281166
14.198 -26.4132 -281586
14.199 -26.3497 -281999
14.2 -26.2848 -282406
14.201 -26.2184 -282806
14.202 -26.1506 -283200
14.203 -26.0813 -283588
14.204 -26.0103 -283969
14.205 -25.9377 -284344
14.206 -25.8634 -284712
14.207 -25.7873 -285074
14.208 -25.7092 -285428
14.209 -25.6292 -285774
14.21 -25.5474 -286113
14.211 -25.4637 -286446
14.212 -25.3779 -286773
14.213 -25.29 -287092
14.214 -25.1999 -287405
14.215 -25.1075 -287710
14.216 -25.0127 -288009
14.217 -24.9158 -288300
14.218 -24.8161 -288585
14.219 -24.7137 -288863
14.22 -24.6087 -289134
14.221 -24.5009 -289398
14.222 -24.3902 -289655
14.223 -24.2767 -289905
14.224 -24.1601 -290147
14.225 -24.0405 -290383
14.226 -23.9177 -290611
14.227 -23.7916 -290831
14.228 -23.6621 -291045
14.229 -23.5293 -291250
14.23 -23.3929 -291448
14.231 -23.253 -291639
14.232 -23.1094 -291822
14.233 -22.962 -291997
14.234 -22.8108 -292164
14.235 -22.6556 -292323
14.236 -22.4964 -292474
14.237 -22.3331 -292617
14.238 -22.1655 -292752
14.239 -21.9936 -292879
14.24 -21.8173 -292998
14.241 -21.6365 -293108
14.242 -21.4511 -293210
14.243 -21.2611 -293303
14.244 -21.0663 -293387
14.245 -20.8666 -293464
14.246 -20.662 -293531
14.247 -20.4523 -293589
14.248 -20.2376 -293639
14.249 -20.0175 -293680
14.25 -19.7921 -293712
14.251 -19.5612 -293734
14.252 -19.3245 -293746
14.253 -19.0814 -293739
14.254 -18.8321 -293709
14.255 -18.5775 -293630
14.256 -18.3169 -293500
14.257 -18.0503 -293320
14.258 -17.7774 -293089
14.259 -17.4981 -292807
14.26 -17.2124 -292474
14.261 -16.92 -292089
14.262 -16.621 -291652
14.263 -16.3151 -291164
14.264 -16.0022 -290624
14.265 -15.6824 -290032
14.266 -15.3553 -289388
14.267 -15.021 -288693
14.268 -14.6792 -287947
14.269 -14.3299 -287148
14.27 -13.9728 -286299
14.271 -13.6079 -285398
14.272 -13.2349 -284446
14.273 -12.8538 -283444
14.274 -12.4645 -282391
14.275 -12.0666 -281287
14.276 -11.6602 -280134
14.277 -11.245 -278932
14.278 -10.8208 -277680
14.279 -10.3876 -276380
14.28 -9.94504 -275031
14.281 -9.49302 -273635
14.282 -9.03138 -272191
14.283 -8.55997 -270700
14.284 -8.07864 -269164
14.285 -7.58725 -267582
14.286 -7.08564 -265956
14.287 -6.57368 -264285
14.288 -6.05122 -262571
14.289 -5.51815 -260815
14.29 -4.97433 -259017
14.291 -4.41968 -257178
14.292 -3.85413 -255299
14.293 -3.27762 -253380
14.294 -2.69016 -251423
14.295 -2.09175 -249429
14.296 -1.48243 -247398
14.297 -0.862311 -245332
14.298 -0.231519 -243231
14.299 0.40974 -241097
14.3 1.06118 -238930
14.301 1.72244 -236732
14.302 2.39309 -234504
14.303 3.07259 -232246
14.304 3.76037 -229959
14.305 4.45575 -227645
14.306 5.15796 -225305
14.307 5.86616 -222940
14.308 6.57944 -220551
14.309 7.2968 -218138
14.31 8.01715 -215704
14.311 8.73934 -213249
14.312 9.46219 -210774
14.313 10.1844 -208280
14.314 10.9047 -205769
14.315 11.6218 -203240
14.316 12.3342 -200697
14.317 13.0406 -198138
14.318 13.7395 -195566
14.319 14.4295 -192981
14.32 15.1094 -190384
14.321 15.7776 -187777
14.322 16.4331 -185160
14.323 17.0746 -182535
14.324 17.7009 -179901
14.325 18.3111 -177260
14.326 18.9042 -174612
14.327 19.4794 -171959
14.328 20.036 -169302
14.329 20.5734 -166640
14.33 21.091 -163975
14.331 21.5885 -161307
14.332 22.0657 -158638
14.333 22.5225 -155967
14.334 22.9588 -153295
14.335 23.3747 -150624
14.336 23.7704 -147953
14.337 24.1462 -145283
14.338 24.5024 -142615
14.339 24.8395 -139949
14.34 25.1578 -137285
14.341 25.458 -134625
14.342 25.7405 -131968
14.343 26.0061 -129315
14.344 26.2552 -126667
14.345 26.4885 -124024
14.346 26.7068 -121386
14.347 26.9106 -118754
14.348 27.1006 -116128
14.349 27.2774 -113509
14.35 27.4418 -110897
14.351 27.5943 -108292
14.352 27.7355 -105694
14.353 27.8661 -103105
14.354 27.9865 -100525
14.355 28.0973 -97953.4
14.356 28.1992 -95391
14.357 28.2924 -92838.4
14.358 28.3776 -90295.7
14.359 28.4552 -87763.3
14.36 28.5257 -85241.5
14.361 28.5893 -82730.7
14.362 28.6466 -80231.2
14.363 28.6978 -77743.5
14.364 28.7433 -75267.9
14.365 28.7833 -72804.8
14.366 28.8181 -70354.6
14.367 28.8481 -67917.6
14.368 28.8734 -65494.1
14.369 28.8944 -63084.6
14.37 28.9111 -60689.4
14.371 28.9239 -58308.7
14.372 28.9328 -55943
14.373 28.9381 -53592.7
14.374 28.9399 -51258.1
14.375 28.9383 -48939.7
14.376 28.9335 -46637.7
14.377 28.9255 -44352.6
14.378 28.9145 -42084.7
14.379 28.9005 -39834.4
14.38 28.8837 -37601.8
14.381 28.8642 -35387.5
14.382 28.842 -33191.7
14.383 28.8171 -31014.9
14.384 28.7897 -28857.3
14.385 28.7598 -26719.3
14.386 28.7273 -24601.3
14.387 28.6925 -22503.5
14.388 28.6552 -20426.3
14.389 28.6156 -18370
14.39 28.5737 -16334.8
14.391 28.5295 -14321.1
14.392 28.483 -12329.1
14.393 28.4343 -10359.1
14.394 28.3834 -8411.39
14.395 28.3303 -6486.23
14.396 28.275 -4583.86
14.397 28.2176 -2704.52
14.398 28.158 -848.422
14.399 28.0963 984.203
14.4 28.0325 2793.15
14.401 27.9665 4578.24
14.402 27.8986 6339.29
14.403 27.8285 8076.15
14.404 27.7565 9788.66
14.405 27.6824 11476.7
14.406 27.6063 13140.1
14.407 27.5282 14778.8
14.408 27.4482 16392.7
14.409 27.3662 17981.6
14.41 27.2823 19545.5
14.411 27.1965 21084.3
14.412 27.1087 22597.8
14.413 27.019 24086.1
14.414 26.9274 25549.1
14.415 26.8339 26986.6
14.416 26.7386 28398.7
14.417 26.6413 29785.3
14.418 26.5422 31146.3
14.419 26.4413 32481.8
14.42 26.3384 33791.7
14.421 26.2338 35075.9
14.422 26.1272 36334.6
14.423 26.0189 37567.7
14.424 25.9088 38775.3
14.425 25.7969 39957.5
14.426 25.6832 41114.2
14.427 25.5677 42245.5
14.428 25.4506 43351.5
14.429 25.3316 44432.3
14.43 25.211 45487.9
14.431 25.0886 46518.3
14.432 24.9646 47523.7
14.433 24.8388 48504.1
14.434 24.7114 49459.6
14.435 24.5823 50390.2
14.436 24.4515 51296.1
14.437 24.319 52177.4
14.438 24.1848 53034.1
14.439 24.049 53866.3
14.44 23.9115 54674.2
14.441 23.7723 55457.7
14.442 23.6315 56217.1
14.443 23.489 56952.4
14.444 23.3449 57663.8
14.445 23.1991 58351.4
14.446 23.0517 59015.3
14.447 22.9027 59655.6
14.448 22.7521 60272.5
14.449 22.5999 60866.2
14.45 22.446 61436.6
14.451 22.2905 61984
14.452 22.1334 62508.5
14.453 21.9747 63010.2
14.454 21.8143 63489.2
14.455 21.6523 63945.6
14.456 21.4886 64379.5
14.457 21.3233 64791.1
14.458 21.1563 65180.5
14.459 20.9876 65547.8
14.46 20.8172 65893
14.461 20.6451 66216.4
14.462 20.4713 66518.1
14.463 20.2958 66798
14.464 20.1185 67056.3
14.465 19.9393 67293.1
14.466 19.7584 67508.4
14.467 19.5756 67702.4
14.468 19.3909 67875
14.469 19.2043 68026.5
14.47 19.0158 68156.9
14.471 18.8253 68266.3
14.472 18.6328 68354.8
14.473 18.4383 68422.4
14.474 18.2418 68469.2
14.475 18.0431 68495.2
14.476 17.8421 68497.8
14.477 17.6389 68475.7
14.478 17.4337 68425.1
14.479 17.2262 68345.8
14.48 17.0164 68237.7
14.481 16.8044 68101.2
14.482 16.59 67936.3
14.483 16.3733 67743.2
14.484 16.1542 67522
14.485 15.9327 67272.9
14.486 15.7087 66996.2
14.487 15.4822 66691.9
14.488 15.2532 66360.4
14.489 15.0217 66001.7
14.49 14.7876 65616.2
14.491 14.5509 65204
14.492 14.3115 64765.3
14.493 14.0695 64300.5
14.494 13.8247 63809.7
14.495 13.5772 63293.2
14.496 13.327 62751.3
14.497 13.0739 62184.2
14.498 12.818 61592.3
14.499 12.5592 60975.7
14.5 12.2975 60334.9
14.501 12.0329 59670.1
14.502 11.7654 58981.6
14.503 11.4948 58269.9
14.504 11.2213 57535.1
14.505 10.9448 56777.8
14.506 10.6652 55998.3
14.507 10.3825 55197
14.508 10.0967 54374.2
14.509 9.80787 53530.3
14.51 9.51588 52665.8
14.511 9.22074 51781.1
14.512 8.92245 50876.6
14.513 8.62099 49952.7
14.514 8.31637 49010
14.515 8.00857 48048.8
14.516 7.69761 47069.7
14.517 7.38346 46073.1
14.518 7.06615 45059.5
14.519 6.74566 44029.5
14.52 6.42202 42983.4
14.521 6.09524 41921.8
14.522 5.76533 40845.3
14.523 5.43232 39754.4
14.524 5.09624 38649.6
14.525 4.75714 37531.5
14.526 4.41505 36400.7
14.527 4.07002 35257.6
14.528 3.72211 34103
14.529 3.37138 32937.3
14.53 3.01789 31761.1
14.531 2.66172 30575
14.532 2.30299 29379.7
14.533 1.9418 28175.8
14.534 1.57829 26964
14.535 1.21258 25745.1
14.536 0.844838 24519.6
14.537 0.475212 23288.3
14.538 0.103879 22051.8
14.539 -0.268973 20810.8
14.54 -0.643139 19566
14.541 -1.0184 18318.1
14.542 -1.3945 17067.8
14.543 -1.77119 15815.8
14.544 -2.14821 14562.9
14.545 -2.52526 13309.6
14.546 -2.90206 12056.8
14.547 -3.27831 10805.2
14.548 -3.65368 9555.36
14.549 -4.02786 8308.1
14.55 -4.40051 7064.09
14.551 -4.77129 5824.04
14.552 -5.13983 4588.69
14.553 -5.50576 3358.82
14.554 -5.86869 2135.19
14.555 -6.22824 918.562
14.556 -6.58403 -290.317
14.557 -6.93567 -1490.7
14.558 -7.28278 -2681.84
14.559 -7.62499 -3863.01
14.56 -7.9619 -5033.49
14.561 -8.29317 -6192.57
14.562 -8.61843 -7339.56
14.563 -8.93733 -8473.81
14.564 -9.24955 -9594.64
14.565 -9.55476 -10701.4
14.566 -9.85264 -11793.5
14.567 -10.1429 -12870.3
14.568 -10.4253 -13931.1
14.569 -10.6995 -14975.4
14.57 -10.9652 -16002.5
14.571 -11.2224 -17011.9
14.572 -11.4707 -18003.1
14.573 -11.71 -18975.6
14.574 -11.9401 -19928.9
14.575 -12.161 -20862.6
14.576 -12.3724 -21776.2
14.577 -12.5743 -22669.4
14.578 -12.7666 -23541.6
14.579 -12.9493 -24392.4
14.58 -13.1222 -25221.6
14.581 -13.2855 -26028.7
14.582 -13.439 -26813.3
14.583 -13.5828 -27575.3
14.584 -13.7169 -28314.3
14.585 -13.8415 -29030.1
14.586 -13.9564 -29722.5
14.587 -14.062 -30391.1
14.588 -14.1581 -31035.9
14.589 -14.2449 -31656.5
14.59 -14.3226 -32252.9
14.591 -14.3912 -32824.7
14.592 -14.4508 -33371.8
14.593 -14.5015 -33894.2
14.594 -14.5436 -34391.6
14.595 -14.5772 -34863.9
14.596 -14.6023 -35311
14.597 -14.6191 -35732.9
14.598 -14.6278 -36129.3
14.599 -14.6286 -36500.4
14.6 -14.6215 -36845.8
14.601 -14.6067 -37165.7
14.602 -14.5844 -37460
14.603 -14.5548 -37728.7
14.604 -14.5179 -37971.8
14.605 -14.474 -38189.3
14.606 -14.4232 -38381.3
14.607 -14.3656 -38547.9
14.608 -14.3014 -38689
14.609 -14.2308 -38804.7
14.61 -14.1539 -38895.1
14.611 -14.0708 -38960.3
14.612 -13.9816 -39000.3
14.613 -13.8865 -39015.1
14.614 -13.7856 -39004.4
14.615 -13.679 -38967.5
14.616 -13.5668 -38904.5
14.617 -13.449 -38815.6
14.618 -13.3259 -38700.8
14.619 -13.1975 -38560.2
14.62 -13.0639 -38394
14.621 -12.9252 -38202.3
14.622 -12.7814 -37985.2
14.623 -12.6325 -37742.6
14.624 -12.4787 -37474.7
14.625 -12.32 -37181.4
14.626 -12.1564 -36862.9
14.627 -11.9879 -36519.3
14.628 -11.8146 -36150.6
14.629 -11.6365 -35756.8
14.63 -11.4536 -35338.3
14.631 -11.266 -34894.9
14.632 -11.0736 -34426.8
14.633 -10.8765 -33934
14.634 -10.6746 -33416.6
14.635 -10.4679 -32874.7
14.636 -10.2564 -32308.2
14.637 -10.0401 -31717.4
14.638 -9.81894 -31102.2
14.639 -9.59297 -30462.9
14.64 -9.36212 -29799.5
14.641 -9.12637 -29112.1
14.642 -8.8857 -28400.9
14.643 -8.64007 -27665.9
14.644 -8.38944 -26907.3
14.645 -8.13378 -26125.3
14.646 -7.87304 -25319.9
14.647 -7.6072 -24491.3
14.648 -7.3362 -23639.7
14.649 -7.06002 -22765.3
14.65 -6.77861 -21868.2
14.651 -6.49192 -20948.7
14.652 -6.19995 -20006.9
14.653 -5.90266 -19043.3
14.654 -5.60003 -18058
14.655 -5.29206 -17051.4
14.656 -4.97871 -16023.7
14.657 -4.65997 -14975.3
14.658 -4.33584 -13906.5
14.659 -4.0063 -12817.6
14.66 -3.67135 -11708.9
14.661 -3.33098 -10580.9
14.662 -2.98523 -9433.86
14.663 -2.63412 -8268.27
14.664 -2.27767 -7084.56
14.665 -1.91594 -5883.16
14.666 -1.54897 -4664.52
14.667 -1.17683 -3429.1
14.668 -0.799596 -2177.36
14.669 -0.417345 -909.765
14.67 -0.0301803 373.205
14.671 0.361775 1671.04
14.672 0.758362 2983.2
14.673 1.1594 4309.08
14.674 1.56468 5648.09
14.675 1.97399 6999.65
14.676 2.38707 8363.16
14.677 2.80368 9738
14.678 3.22353 11123.6
14.679 3.64632 12519.3
14.68 4.07174 13924.5
14.681 4.49944 15338.6
14.682 4.92906 16760.9
14.683 5.36021 18190.8
14.684 5.79247 19627.5
14.685 6.22543 21070.5
14.686 6.65864 22518.9
14.687 7.09167 23972.3
14.688 7.52403 25429.7
14.689 7.95526 26890.7
14.69 8.38487 28354.5
14.691 8.81237 29820.5
14.692 9.23725 31288
14.693 9.659 32756.2
14.694 10.0771 34224.6
14.695 10.4911 35692.4
14.696 10.9004 37159
14.697 11.3046 38623.7
14.698 11.7031 40085.9
14.699 12.0956 41545
14.7 12.4815 43000.2
14.701 12.8604 44450.9
14.702 13.2319 45896.7
14.703 13.5955 47336.8
14.704 13.951 48770.7
14.705 14.298 50197.9
14.706 14.6361 51617.9
14.707 14.9651 53030
14.708 15.2846 54433.7
14.709 15.5945 55828.6
14.71 15.8946 57214.2
14.711 16.1846 58589.9
14.712 16.4645 59955.3
14.713 16.7342 61310.1
14.714 16.9935 62653.9
14.715 17.2425 63986.3
14.716 17.4812 65306.9
14.717 17.7095 66615.5
14.718 17.9274 67911.7
14.719 18.1352 69195.3
14.72 18.3327 70465.8
14.721 18.5202 71723
14.722 18.6977 72966.7
14.723 18.8655 74196.7
14.724 19.0236 75412.7
14.725 19.1722 76614.6
14.726 19.3116 77802.2
14.727 19.4419 78975.2
14.728 19.5634 80133.6
14.729 19.6762 81277.3
14.73 19.7806 82405.9
14.731 19.8768 83519.5
14.732 19.965 84617.9
14.733 20.0454 85701
14.734 20.1183 86768.8
14.735 20.1839 87821.2
14.736 20.2425 88858.1
14.737 20.2943 89879.4
14.738 20.3394 90885.1
14.739 20.3782 91875.2
14.74 20.4109 92849.7
14.741 20.4376 93808.5
14.742 20.4586 94751.5
14.743 20.4741 95679
14.744 20.4843 96590.7
14.745 20.4894 97486.9
14.746 20.4896 98367.5
14.747 20.4852 99232.5
14.748 20.4762 100082
14.749 20.4628 100916
14.75 20.4454 101735
14.751 20.4239 102538
14.752 20.3985 103326
14.753 20.3695 104099
14.754 20.337 104856
14.755 20.301 105599
14.756 20.2617 106326
14.757 20.2193 107038
14.758 20.1738 107735
14.759 20.1254 108417
14.76 20.0743 109085
14.761 20.0204 109737
14.762 19.9639 110375
14.763 19.905 110999
14.764 19.8437 111608
14.765 19.7801 112203
14.766 19.7144 112783
14.767 19.6466 113349
14.768 19.5768 113902
14.769 19.505 114440
14.77 19.4315 114965
14.771 19.3562 115476
14.772 19.2792 115974
14.773 19.2006 116458
14.774 19.1205 116930
14.775 19.039 117388
14.776 18.956 117833
14.777 18.8717 118265
14.778 18.7862 118685
14.779 18.6994 119093
14.78 18.6115 119488
14.781 18.5224 119871
14.782 18.4323 120242
14.783 18.3412 120601
14.784 18.2491 120948
14.785 18.156 121283
14.786 18.0619 121606
14.787 17.967 121919
14.788 17.8712 122219
14.789 17.7746 122509
14.79 17.6771 122787
14.791 17.5789 123054
14.792 17.4799 123310
14.793 17.3802 123556
14.794 17.2798 123790
14.795 17.1787 124014
14.796 17.0769 124228
14.797 16.9746 124432
14.798 16.8716 124625
14.799 16.7681 124808
14.8 16.664 124981
14.801 16.5594 125144
14.802 16.4543 125298
14.803 16.3487 125442
14.804 16.2426 125577
14.805 16.136 125702
14.806 16.029 125818
14.807 15.9216 125925
14.808 15.8138 126023
14.809 15.7055 126112
14.81 15.5969 126193
14.811 15.4879 126264
14.812 15.3786 126328
14.813 15.2689 126383
14.814 15.159 126429
14.815 15.0487 126468
14.816 14.9383 126499
14.817 14.8276 126522
14.818 14.7167 126537
14.819 14.6056 126545
14.82 14.4943 126544
14.821 14.3829 126536
14.822 14.2714 126520
14.823 14.1599 126496
14.824 14.0483 126463
14.825 13.9366 126423
14.826 13.825 126375
14.827 13.7134 126320
14.828 13.6019 126258
14.829 13.4904 126189
14.83 13.3791 126113
14.831 13.2679 126030
14.832 13.1568 125941
14.833 13.046 125846
14.834 12.9354 125745
14.835 12.825 125639
14.836 12.715 125527
14.837 12.6054 125410
14.838 12.4961 125288
14.839 12.3872 125161
14.84 12.2788 125030
14.841 12.1709 124895
14.842 12.0635 124756
14.843 11.9566 124613
14.844 11.8504 124467
14.845 11.7447 124317
14.846 11.6397 124164
14.847 11.5354 124009
14.848 11.4317 123851
14.849 11.3288 123690
14.85 11.2266 123527
14.851 11.1253 123362
14.852 11.0247 123196
14.853 10.9249 123028
14.854 10.826 122858
14.855 10.7279 122687
14.856 10.6307 122515
14.857 10.5344 122341
14.858 10.439 122167
14.859 10.3445 121993
14.86 10.2509 121817
14.861 10.1583 121642
14.862 10.0666 121465
14.863 9.97575 121289
14.864 9.88582 121112
14.865 9.79673 120935
14.866 9.70848 120757
14.867 9.62104 120580
14.868 9.53438 120401
14.869 9.44849 120223
14.87 9.36335 120044
14.871 9.27892 119865
14.872 9.19516 119685
14.873 9.11198 119505
14.874 9.02932 119324
14.875 8.94712 119142
14.876 8.8653 118959
14.877 8.7838 118774
14.878 8.70255 118588
14.879 8.62149 118401
14.88 8.54056 118211
14.881 8.45968 118020
14.882 8.37875 117826
14.883 8.29766 117630
14.884 8.21629 117430
14.885 8.13454 117227
14.886 8.05231 117021
14.887 7.96947 116810
14.888 7.88592 116595
14.889 7.80156 116375
14.89 7.71628 116151
14.891 7.62998 115920
14.892 7.54253 115685
14.893 7.45382 115443
14.894 7.36373 115194
14.895 7.27215 114939
14.896 7.17896 114676
14.897 7.08405 114406
14.898 6.98729 114127
14.899 6.88859 113841
14.9 6.78782 113545
14.901 6.68488 113240
14.902 6.57966 112926
14.903 6.47206 112603
14.904 6.36199 112269
14.905 6.24935 111925
14.906 6.13403 111570
14.907 6.01594 111204
14.908 5.89499 110826
14.909 5.77108 110437
14.91 5.64411 110037
14.911 5.514 109624
14.912 5.3807 109199
14.913 5.24414 108761
14.914 5.10428 108311
14.915 4.96108 107848
14.916 4.81448 107372
14.917 4.66444 106884
14.918 4.51091 106382
14.919 4.35384 105867
14.92 4.1932 105339
14.921 4.02895 104798
14.922 3.86105 104244
14.923 3.6895 103676
14.924 3.51427 103095
14.925 3.33536 102501
14.926 3.15276 101894
14.927 2.96643 101273
14.928 2.77639 100639
14.929 2.58261 99992.7
14.93 2.3851 99333
14.931 2.18385 98660.3
14.932 1.97887 97974.9
14.933 1.7702 97276.7
14.934 1.55787 96566.1
14.935 1.34189 95843.2
14.936 1.1223 95108.1
14.937 0.899137 94361
14.938 0.67244 93602.1
14.939 0.44225 92831.6
14.94 0.208613 92049.7
14.941 -0.0284207 91256.6
14.942 -0.268794 90452.5
14.943 -0.512444 89637.5
14.944 -0.759303 88812
14.945 -1.00929 87976.1
14.946 -1.26234 87130
14.947 -1.51836 86273.9
14.948 -1.77725 85408.2
14.949 -2.03892 84533
14.95 -2.30328 83648.5
14.951 -2.5702 82755
14.952 -2.83956 81852.8
14.953 -3.11124 80942.1
14.954 -3.38511 80023.3
14.955 -3.661 79096.6
14.956 -3.93878 78162.2
14.957 -4.21829 77220.6
14.958 -4.49937 76271.9
14.959 -4.78185 75316.4
14.96 -5.06556 74354.5
14.961 -5.35032 73386.5
14.962 -5.63596 72412.5
14.963 -5.92231 71432.9
14.964 -6.20919 70447.8
14.965 -6.49643 69457.6
14.966 -6.78383 68462.4
14.967 -7.0712 67462.6
14.968 -7.35836 66458.3
14.969 -7.64509 65449.8
14.97 -7.93121 64437.4
14.971 -8.21651 63421.2
14.972 -8.5008 62401.6
14.973 -8.78389 61378.7
14.974 -9.06561 60352.6
14.975 -9.34575 59323.6
14.976 -9.62414 58291.9
14.977 -9.90058 57257.6
14.978 -10.1749 56221
14.979 -10.4469 55182.2
14.98 -10.7164 54141.4
14.981 -10.9832 53098.8
14.982 -11.2472 52054.6
14.983 -11.5081 51009.1
14.984 -11.7658 49962.3
14.985 -12.0202 48914.6
14.986 -12.271 47866.2
14.987 -12.5182 46817.1
14.988 -12.7615 45767.8
14.989 -13.0008 44718.2
14.99 -13.2361 43668.7
14.991 -13.4671 42619.5
14.992 -13.6937 41570.7
14.993 -13.9159 40522.6
14.994 -14.1335 39475.4
14.995 -14.3464 38429.4
14.996 -14.5545 37384.9
14.997 -14.7578 36341.9
14.998 -14.956 35300.8
14.999 -15.1493 34261.8
15 -15.3375 33225.2
15.001 -15.5207 32191
15.002 -15.6986 31159.5
15.003 -15.8714 30131.1
15.004 -16.0389 29105.8
15.005 -16.2013 28083.9
15.006 -16.3584 27065.7
15.007 -16.5102 26051.4
15.008 -16.6568 25041
15.009 -16.7982 24035
15.01 -16.9345 23033.4
15.011 -17.0655 22036.4
15.012 -17.1915 21044.3
15.013 -17.3123 20057.3
15.014 -17.4282 19075.6
15.015 -17.539 18099.4
15.016 -17.6448 17128.8
15.017 -17.7458 16164.2
15.018 -17.8419 15205.6
15.019 -17.9332 14253.2
15.02 -18.0199 13307.3
15.021 -18.1019 12368
15.022 -18.1794 11435.3
15.023 -18.2524 10509.6
15.024 -18.321 9590.9
15.025 -18.3854 8679.31
15.026 -18.4455 7774.97
15.027 -18.5016 6878.01
15.028 -18.5536 5988.53
15.029 -18.6018 5106.63
15.03 -18.646 4232.42
15.031 -18.6866 3366.01
15.032 -18.7235 2507.51
15.033 -18.7568 1657.04
15.034 -18.7866 814.715
15.035 -18.813 -19.3574
15.036 -18.8361 -845.069
15.037 -18.8559 -1662.32
15.038 -18.8725 -2471
15.039 -18.8861 -3271.04
15.04 -18.8966 -4062.33
15.041 -18.9042 -4844.8
15.042 -18.909 -5618.36
15.043 -18.9109 -6382.95
15.044 -18.9101 -7138.48
15.045 -18.9067 -7884.89
15.046 -18.9007 -8622.12
15.047 -18.8922 -9350.09
15.048 -18.8812 -10068.8
15.049 -18.8679 -10778.1
15.05 -18.8522 -11477.9
15.051 -18.8343 -12168.4
15.052 -18.8141 -12849.2
15.053 -18.7919 -13520.5
15.054 -18.7675 -14182.1
15.055 -18.741 -14834
15.056 -18.7126 -15476.2
15.057 -18.6821 -16108.5
15.058 -18.6498 -16730.9
15.059 -18.6156 -17343.3
15.06 -18.5795 -17945.9
15.061 -18.5417 -18538.3
15.062 -18.5021 -19120.8
15.063 -18.4608 -19693.1
15.064 -18.4178 -20255.4
15.065 -18.3732 -20807.5
15.066 -18.327 -21349.4
15.067 -18.2792 -21881.1
15.068 -18.2299 -22402.7
15.069 -18.1791 -22914
15.07 -18.1268 -23415.1
15.071 -18.0731 -23906
15.072 -18.018 -24386.6
15.073 -17.9615 -24856.9
15.074 -17.9037 -25317.1
15.075 -17.8446 -25766.9
15.076 -17.7842 -26206.6
15.077 -17.7225 -26635.9
15.078 -17.6596 -27055.1
15.079 -17.5955 -27464.1
15.08 -17.5302 -27862.9
15.081 -17.4638 -28251.5
15.082 -17.3962 -28629.9
15.083 -17.3275 -28998
15.084 -17.2577 -29356
15.085 -17.1867 -29703.6
15.086 -17.1146 -30040.9
15.087 -17.0415 -30367.9
15.088 -16.9672 -30684.6
15.089 -16.8918 -30990.9
15.09 -16.8153 -31286.8
15.091 -16.7378 -31572.4
15.092 -16.6592 -31847.6
15.093 -16.5795 -32112.4
15.094 -16.4988 -32366.8
15.095 -16.417 -32610.9
15.096 -16.3341 -32844.6
15.097 -16.2503 -33067.9
15.098 -16.1654 -33280.9
15.099 -16.0795 -33483.5
15.1 -15.9926 -33675.9
15.101 -15.9047 -33857.9
15.102 -15.8158 -34029.7
15.103 -15.726 -34191.5
15.104 -15.6353 -34343.4
15.105 -15.5438 -34485.6
15.106 -15.4515 -34618
15.107 -15.3584 -34741
15.108 -15.2646 -34854.7
15.109 -15.17 -34959.1
15.11 -15.0749 -35054.4
15.111 -14.9791 -35140.8
15.112 -14.8828 -35218.6
15.113 -14.7859 -35287.9
15.114 -14.6887 -35348.9
15.115 -14.591 -35402
15.116 -14.493 -35447.3
15.117 -14.3948 -35485.1
15.118 -14.2963 -35515.7
15.119 -14.1977 -35539.2
15.12 -14.0989 -35555.9
15.121 -14.0001 -35566.1
15.122 -13.9014 -35569.7
15.123 -13.8027 -35567.3
15.124 -13.7042 -35559
15.125 -13.606 -35545.2
15.126 -13.5081 -35526.1
15.127 -13.4107 -35502
15.128 -13.3137 -35473.3
15.129 -13.2172 -35440.5
15.13 -13.1214 -35403.7
15.131 -13.0263 -35363.4
15.132 -12.932 -35320
15.133 -12.8385 -35273.8
15.134 -12.7459 -35225.2
15.135 -12.6543 -35174.5
15.136 -12.5637 -35122.1
15.137 -12.4743 -35068.4
15.138 -12.386 -35013.7
15.139 -12.299 -34958.3
15.14 -12.2133 -34902.8
15.141 -12.129 -34847.2
15.142 -12.0462 -34792.2
15.143 -11.9648 -34737.8
15.144 -11.885 -34684.6
15.145 -11.8068 -34632.7
15.146 -11.7303 -34582.6
15.147 -11.6555 -34534.5
15.148 -11.5825 -34488.8
15.149 -11.5114 -34445.7
15.15 -11.4421 -34405.6
15.151 -11.3748 -34368.9
15.152 -11.3095 -34335.7
15.153 -11.2463 -34306.5
15.154 -11.1851 -34281.5
15.155 -11.1261 -34261
15.156 -11.0694 -34245.4
15.157 -11.0149 -34234.9
15.158 -10.9627 -34229.8
15.159 -10.9129 -34230.4
15.16 -10.8655 -34237.1
15.161 -10.8206 -34250
15.162 -10.7782 -34269.5
15.163 -10.7383 -34295.8
15.164 -10.701 -34329.1
15.165 -10.6663 -34369.7
15.166 -10.6343 -34417.9
15.167 -10.605 -34473.8
15.168 -10.5784 -34537.7
15.169 -10.5545 -34609.9
15.17 -10.5335 -34690.5
15.171 -10.5152 -34779.8
15.172 -10.4998 -34878
15.173 -10.4873 -34985.2
15.174 -10.4776 -35101.7
15.175 -10.4709 -35227.6
15.176 -10.467 -35363
15.177 -10.4661 -35508.3
15.178 -10.4682 -35663.4
15.179 -10.4732 -35828.6
15.18 -10.4811 -36004.1
15.181 -10.4921 -36189.9
15.182 -10.506 -36386.4
15.183 -10.5229 -36593.5
15.184 -10.5429 -36811.6
15.185 -10.5659 -37040.7
15.186 -10.5919 -37281
15.187 -10.621 -37532.7
15.188 -10.6531 -37795.9
15.189 -10.6883 -38070.8
15.19 -10.7265 -38357.5
15.191 -10.7678 -38656.1
15.192 -10.8121 -38966.9
15.193 -10.8595 -39289.8
15.194 -10.9099 -39625
15.195 -10.9634 -39972.6
15.196 -11.0198 -40332.8
15.197 -11.0793 -40705.5
15.198 -11.1417 -41091.1
15.199 -11.2071 -41489.4
15.2 -11.2755 -41900.7
15.201 -11.3468 -42324.9
15.202 -11.4209 -42762.3
15.203 -11.4979 -43212.7
15.204 -11.5777 -43676.4
15.205 -11.6603 -44153.4
15.206 -11.7457 -44643.7
15.207 -11.8338 -45147.4
15.208 -11.9245 -45664.6
15.209 -12.0179 -46195.1
15.21 -12.1138 -46739.2
15.211 -12.2123 -47296.8
15.212 -12.3132 -47867.9
15.213 -12.4165 -48452.4
15.214 -12.522 -49050.2
15.215 -12.6298 -49661.3
15.216 -12.7396 -50285.5
15.217 -12.8515 -50922.9
15.218 -12.9653 -51573.2
15.219 -13.0809 -52236.4
15.22 -13.1983 -52912.5
15.221 -13.3173 -53601.1
15.222 -13.4378 -54302.3
15.223 -13.5597 -55015.6
15.224 -13.6829 -55741
15.225 -13.8072 -56478.1
15.226 -13.9325 -57226.8
15.227 -14.0587 -57986.7
15.228 -14.1855 -58757.6
15.229 -14.313 -59539.3
15.23 -14.441 -60331.5
15.231 -14.5693 -61133.9
15.232 -14.6978 -61946.1
15.233 -14.8263 -62767.7
15.234 -14.9546 -63598.2
15.235 -15.0826 -64437.2
15.236 -15.21 -65284.3
15.237 -15.3368 -66139
15.238 -15.4628 -67000.8
15.239 -15.5877 -67869.4
15.24 -15.7116 -68744.2
15.241 -15.8341 -69624.8
15.242 -15.9553 -70510.7
15.243 -16.0747 -71401.3
15.244 -16.1925 -72296
15.245 -16.3082 -73194.3
15.246 -16.4219 -74095.6
15.247 -16.5334 -74999.4
15.248 -16.6424 -75905.1
15.249 -16.749 -76812.1
15.25 -16.853 -77720
15.251 -16.9542 -78628.1
15.252 -17.0525 -79535.9
15.253 -17.1478 -80442.8
15.254 -17.2401 -81348.3
15.255 -17.3292 -82251.7
15.256 -17.4149 -83152.7
15.257 -17.4973 -84050.4
15.258 -17.5763 -84944.6
15.259 -17.6517 -85834.5
15.26 -17.7235 -86719.7
15.261 -17.7917 -87599.6
15.262 -17.8562 -88473.8
15.263 -17.9169 -89341.8
15.264 -17.9739 -90203.2
15.265 -18.0271 -91057.7
15.266 -18.0766 -91904.7
15.267 -18.1222 -92743.8
15.268 -18.1641 -93574.7
15.269 -18.2021 -94396.9
15.27 -18.2363 -95210
15.271 -18.2667 -96013.7
15.272 -18.2934 -96807.8
15.273 -18.3163 -97591.9
15.274 -18.3356 -98366
15.275 -18.3513 -99129.7
15.276 -18.3635 -99883
15.277 -18.3722 -100626
15.278 -18.3775 -101357
15.279 -18.3794 -102078
15.28 -18.378 -102788
15.281 -18.3733 -103486
15.282 -18.3655 -104172
15.283 -18.3546 -104848
15.284 -18.3406 -105511
15.285 -18.3237 -106163
15.286 -18.304 -106803
15.287 -18.2814 -107432
15.288 -18.2561 -108048
15.289 -18.2281 -108653
15.29 -18.1976 -109246
15.291 -18.1645 -109827
15.292 -18.1289 -110395
15.293 -18.091 -110952
15.294 -18.0507 -111497
15.295 -18.0081 -112030
15.296 -17.9634 -112550
15.297 -17.9164 -113059
15.298 -17.8673 -113555
15.299 -17.8162 -114040
15.3 -17.763 -114512
15.301 -17.7079 -114972
15.302 -17.6508 -115420
15.303 -17.5919 -115856
15.304 -17.531 -116279
15.305 -17.4683 -116690
15.306 -17.4037 -117089
15.307 -17.3372 -117475
15.308 -17.269 -117849
15.309 -17.199 -118209
15.31 -17.1272 -118558
15.311 -17.0536 -118893
15.312 -16.9782 -119216
15.313 -16.901 -119525
15.314 -16.822 -119821
15.315 -16.7411 -120104
15.316 -16.6582 -120373
15.317 -16.5734 -120628
15.318 -16.4866 -120869
15.319 -16.3979 -121095
15.32 -16.307 -121307
15.321 -16.2142 -121505
15.322 -16.1192 -121688
15.323 -16.0221 -121855
15.324 -15.9227 -122008
15.325 -15.8211 -122145
15.326 -15.7172 -122266
15.327 -15.611 -122370
15.328 -15.5023 -122459
15.329 -15.3912 -122531
15.33 -15.2777 -122587
15.331 -15.1615 -122625
15.332 -15.0428 -122647
15.333 -14.9214 -122650
15.334 -14.7972 -122635
15.335 -14.6703 -122602
15.336 -14.5405 -122548
15.337 -14.4077 -122476
15.338 -14.272 -122383
15.339 -14.1331 -122270
15.34 -13.9912 -122137
15.341 -13.846 -121983
15.342 -13.6976 -121808
15.343 -13.5459 -121613
15.344 -13.3908 -121395
15.345 -13.2322 -121156
15.346 -13.0701 -120896
15.347 -12.9045 -120613
15.348 -12.7352 -120308
15.349 -12.5621 -119981
15.35 -12.3854 -119631
15.351 -12.2047 -119258
15.352 -12.0202 -118863
15.353 -11.8318 -118445
15.354 -11.6395 -118004
15.355 -11.4432 -117540
15.356 -11.2428 -117053
15.357 -11.0384 -116543
15.358 -10.8299 -116010
15.359 -10.6173 -115455
15.36 -10.4005 -114876
15.361 -10.1795 -114275
15.362 -9.95423 -113651
15.363 -9.72471 -113005
15.364 -9.49091 -112335
15.365 -9.2528 -111644
15.366 -9.01037 -110931
15.367 -8.76358 -110195
15.368 -8.51242 -109438
15.369 -8.25685 -108659
15.37 -7.99686 -107859
15.371 -7.73241 -107037
15.372 -7.46351 -106195
15.373 -7.19015 -105332
15.374 -6.91232 -104449
15.375 -6.63003 -103546
15.376 -6.34328 -102623
15.377 -6.05207 -101681
15.378 -5.7564 -100720
15.379 -5.45627 -99739.8
15.38 -5.15169 -98741.9
15.381 -4.84267 -97726.1
15.382 -4.52922 -96692.8
15.383 -4.21135 -95642.5
15.384 -3.88908 -94575.4
15.385 -3.56244 -93492
15.386 -3.23143 -92392.7
15.387 -2.89611 -91277.9
15.388 -2.55651 -90148
15.389 -2.21266 -89003.5
15.39 -1.86463 -87844.7
15.391 -1.51248 -86672.1
15.392 -1.15627 -85486.2
15.393 -0.796082 -84287.4
15.394 -0.432008 -83076.2
15.395 -0.0641499 -81852.9
15.396 0.307376 -80618.1
15.397 0.682435 -79372.2
15.398 1.06087 -78115.8
15.399 1.44253 -76849.2
15.4 1.82721 -75573
15.401 2.21472 -74287.6
15.402 2.6049 -72993.4
15.403 2.99754 -71690.7
15.404 3.39245 -70379.8
15.405 3.78941 -69061.2
15.406 4.18818 -67735.2
15.407 4.58852 -66402.1
15.408 4.99017 -65062.2
15.409 5.39285 -63716
15.41 5.79626 -62363.9
15.411 6.20012 -61006
15.412 6.60413 -59642.8
15.413 7.00799 -58274.5
15.414 7.41138 -56901.4
15.415 7.81398 -55523.8
15.416 8.21547 -54142
15.417 8.6155 -52756.1
15.418 9.01374 -51366.6
15.419 9.40982 -49973.6
15.42 9.80342 -48577.5
15.421 10.1942 -47178.5
15.422 10.5817 -45776.9
15.423 10.9657 -44372.9
15.424 11.3459 -42966.8
15.425 11.7218 -41558.7
15.426 12.0933 -40149
15.427 12.4598 -38737.8
15.428 12.8212 -37325.4
15.429 13.1772 -35912
15.43 13.5274 -34497.8
15.431 13.8716 -33083.1
15.432 14.2096 -31668.1
15.433 14.541 -30253
15.434 14.8656 -28838.2
15.435 15.1833 -27423.8
15.436 15.4937 -26010.2
15.437 15.7969 -24597.5
15.438 16.0925 -23186.1
15.439 16.3804 -21776.1
15.44 16.6606 -20367.8
15.441 16.933 -18961.3
15.442 17.1974 -17557
15.443 17.4538 -16155.1
15.444 17.7021 -14755.9
15.445 17.9424 -13359.6
15.446 18.1746 -11966.5
15.447 18.3987 -10576.7
15.448 18.6147 -9190.61
15.449 18.8228 -7808.34
15.45 19.0229 -6430.13
15.451 19.2152 -5056.23
15.452 19.3996 -3686.97
15.453 19.5763 -2322.69
15.454 19.7453 -963.75
15.455 19.9067 389.507
15.456 20.0605 1736.75
15.457 20.207 3077.64
15.458 20.3461 4411.87
15.459 20.478 5739.13
15.46 20.603 7059.11
15.461 20.7209 8371.48
15.462 20.8321 9675.88
15.463 20.9365 10971.9
15.464 21.0344 12259.2
15.465 21.1258 13537.5
15.466 21.2109 14806.2
15.467 21.2897 16065.1
15.468 21.3625 17313.9
15.469 21.4293 18552.1
15.47 21.4903 19779.6
15.471 21.5456 20995.8
15.472 21.5953 22200.5
15.473 21.6396 23393.3
15.474 21.6784 24573.8
15.475 21.712 25741.5
15.476 21.7405 26896.3
15.477 21.7639 28037.7
15.478 21.7823 29165.3
15.479 21.7959 30278.9
15.48 21.8047 31378.1
15.481 21.8089 32462.6
15.482 21.8085 33532
15.483 21.8037 34586.1
15.484 21.7944 35624.5
15.485 21.7808 36646.9
15.486 21.763 37652.9
15.487 21.741 38642.4
15.488 21.715 39615
15.489 21.6849 40570.3
15.49 21.6509 41508.3
15.491 21.613 42428.5
15.492 21.5713 43330.8
15.493 21.5258 44215
15.494 21.4767 45080.8
15.495 21.4241 45928.2
15.496 21.3679 46756.8
15.497 21.3083 47566.6
15.498 21.2453 48357.3
15.499 21.1789 49128.8
15.5 21.1093 49881
15.501 21.0365 50613.6
15.502 20.9605 51326.7
15.503 20.8815 52020.1
15.504 20.7994 52693.8
15.505 20.7144 53347.8
15.506 20.6265 53982
15.507 20.5357 54596.2
15.508 20.4422 55190.6
15.509 20.346 55765.1
15.51 20.2471 56319.6
15.511 20.1456 56854.1
15.512 20.0415 57368.7
15.513 19.9349 57863.3
15.514 19.8258 58338
15.515 19.7143 58792.9
15.516 19.6005 59228
15.517 19.4843 59643.3
15.518 19.3659 60038.9
15.519 19.2452 60414.8
15.52 19.1223 60771.2
15.521 18.9973 61108
15.522 18.8701 61425.4
15.523 18.7409 61723.5
15.524 18.6097 62002.4
15.525 18.4765 62262.2
15.526 18.3414 62503.1
15.527 18.2043 62725.2
15.528 18.0655 62928.7
15.529 17.9248 63113.6
15.53 17.7823 63280
15.531 17.638 63428.3
15.532 17.492 63558.4
15.533 17.3444 63670.5
15.534 17.195 63764.6
15.535 17.044 63841.1
15.536 16.8913 63899.8
15.537 16.7369 63941.1
15.538 16.581 63965
15.539 16.4234 63970.8
15.54 16.2641 63958
15.541 16.1034 63925.9
15.542 15.9411 63874.2
15.543 15.7772 63803
15.544 15.6119 63712.6
15.545 15.445 63603.1
15.546 15.2766 63474.8
15.547 15.1067 63327.8
15.548 14.9353 63162.3
15.549 14.7625 62978.6
15.55 14.5882 62776.8
15.551 14.4125 62557.2
15.552 14.2354 62320.1
15.553 14.0568 62065.5
15.554 13.8768 61793.8
15.555 13.6953 61505
15.556 13.5125 61199.5
15.557 13.3283 60877.5
15.558 13.1426 60539.2
15.559 12.9555 60184.8
15.56 12.7671 59814.5
15.561 12.5772 59428.7
15.562 12.386 59027.5
15.563 12.1934 58611.1
15.564 11.9994 58179.8
15.565 11.804 57733.8
15.566 11.6072 57273.4
15.567 11.409 56798.7
15.568 11.2094 56310.1
15.569 11.0084 55807.7
15.57 10.8061 55291.9
15.571 10.6023 54762.9
15.572 10.3972 54220.9
15.573 10.1908 53666.2
15.574 9.98292 53099.1
15.575 9.77371 52519.9
15.576 9.56316 51928.7
15.577 9.35125 51326
15.578 9.13802 50712
15.579 8.92345 50087
15.58 8.70758 49451.3
15.581 8.4904 48805.1
15.582 8.27195 48148.8
15.583 8.05224 47482.7
15.584 7.8313 46807.2
15.585 7.60916 46122.6
15.586 7.38583 45429.2
15.587 7.16135 44727.3
15.588 6.93575 44017.4
15.589 6.70905 43299.8
15.59 6.4813 42574.7
15.591 6.25252 41842.6
15.592 6.02276 41103.8
15.593 5.79206 40358.8
15.594 5.56048 39607.8
15.595 5.32807 38851.4
15.596 5.09487 38089.8
15.597 4.86093 37323.5
15.598 4.62633 36552.8
15.599 4.3911 35778.2
15.6 4.15532 35000.1
15.601 3.91904 34218.7
15.602 3.68234 33434.7
15.603 3.44529 32648.3
15.604 3.20798 31860
15.605 2.97048 31070.2
15.606 2.73288 30279.4
15.607 2.49527 29488
15.608 2.25773 28696.3
15.609 2.02036 27904.9
15.61 1.78325 27114.1
15.611 1.54649 26324.4
15.612 1.31019 25536.1
15.613 1.07445 24749.7
15.614 0.839381 23965.6
15.615 0.605084 23184.3
15.616 0.371674 22406.1
15.617 0.139268 21631.4
15.618 -0.0920184 20860.7
15.619 -0.322061 20094.3
15.62 -0.550735 19332.7
15.621 -0.777916 18576.3
15.622 -1.00348 17825.4
15.623 -1.2273 17080.3
15.624 -1.44926 16341.5
15.625 -1.66922 15609.4
15.626 -1.88707 14884.2
15.627 -2.10266 14166.3
15.628 -2.31589 13456.1
15.629 -2.5266 12753.9
15.63 -2.73469 12060
15.631 -2.94001 11374.8
15.632 -3.14246 10698.6
15.633 -3.34193 10031.6
15.634 -3.53831 9374.11
15.635 -3.73149 8726.36
15.636 -3.92136 8088.61
15.637 -4.10783 7461.12
15.638 -4.2908 6844.13
15.639 -4.47015 6237.89
15.64 -4.6458 5642.63
15.641 -4.81765 5058.58
15.642 -4.98561 4485.95
15.643 -5.14958 3924.98
15.644 -5.3095 3375.87
15.645 -5.46526 2838.83
15.646 -5.6168 2314.06
15.647 -5.76404 1801.77
15.648 -5.90691 1302.14
15.649 -6.04534 815.366
15.65 -6.17927 341.622
15.651 -6.30863 -118.908
15.652 -6.43338 -566.038
15.653 -6.55343 -999.576
15.654 -6.66875 -1419.34
15.655 -6.77928 -1825.15
15.656 -6.88497 -2216.84
15.657 -6.98577 -2594.24
15.658 -7.08166 -2957.19
15.659 -7.17259 -3305.54
15.66 -7.25854 -3639.14
15.661 -7.33947 -3957.82
15.662 -7.41535 -4261.42
15.663 -7.48614 -4549.75
15.664 -7.55182 -4822.63
15.665 -7.61235 -5079.89
15.666 -7.66771 -5321.36
15.667 -7.71789 -5546.89
15.668 -7.76285 -5756.32
15.669 -7.80259 -5949.51
15.67 -7.83709 -6126.32
15.671 -7.86636 -6286.6
15.672 -7.89036 -6430.18
15.673 -7.90909 -6556.88
15.674 -7.92252 -6666.54
15.675 -7.93064 -6758.98
15.676 -7.93345 -6834.06
15.677 -7.93093 -6891.63
15.678 -7.92308 -6931.53
15.679 -7.9099 -6953.65
15.68 -7.89139 -6957.85
15.681 -7.86752 -6943.68
15.682 -7.8383 -6910.88
15.683 -7.80372 -6859.29
15.684 -7.76377 -6788.75
15.685 -7.71842 -6699.1
15.686 -7.66768 -6590.2
15.687 -7.61154 -6461.91
15.688 -7.54998 -6314.1
15.689 -7.483 -6146.67
15.69 -7.4106 -5959.49
15.691 -7.33277 -5752.45
15.692 -7.2495 -5525.45
15.693 -7.16078 -5278.36
15.694 -7.06658 -5011.09
15.695 -6.96692 -4723.52
15.696 -6.86176 -4415.57
15.697 -6.75111 -4087.16
15.698 -6.63494 -3738.21
15.699 -6.51326 -3368.66
15.7 -6.38604 -2978.46
15.701 -6.25329 -2567.57
15.702 -6.11499 -2135.97
15.703 -5.97115 -1683.67
15.704 -5.82176 -1210.68
15.705 -5.66681 -717.019
15.706 -5.50631 -202.718
15.707 -5.34025 332.186
15.708 -5.16863 887.647
15.709 -4.99144 1463.61
15.71 -4.80869 2060.01
15.711 -4.62038 2676.76
15.712 -4.42651 3313.73
15.713 -4.22711 3970.76
15.714 -4.02218 4647.7
15.715 -3.81175 5344.38
15.716 -3.59583 6060.62
15.717 -3.37444 6796.22
15.718 -3.14759 7551
15.719 -2.91533 8324.74
15.72 -2.67765 9117.23
15.721 -2.4346 9928.25
15.722 -2.18622 10757.5
15.723 -1.93256 11604.7
15.724 -1.67366 12469.6
15.725 -1.40959 13351.7
15.726 -1.1404 14250.9
15.727 -0.866163 15166.8
15.728 -0.586942 16098.9
15.729 -0.302817 17047.1
15.73 -0.0138708 18010.9
15.731 0.279805 18990
15.732 0.578106 19984
15.733 0.880922 20992.5
15.734 1.18813 22015.2
15.735 1.49959 23051.7
15.736 1.81517 24101.6
15.737 2.13472 25164.4
15.738 2.45806 26239.8
15.739 2.78504 27327.4
15.74 3.11546 28426.8
15.741 3.44913 29537.5
15.742 3.78584 30659.1
15.743 4.12538 31791.2
15.744 4.46752 32933.4
15.745 4.81202 34085.2
15.746 5.15863 35246.1
15.747 5.50708 36415.9
15.748 5.85711 37593.9
15.749 6.20844 38779.8
15.75 6.56077 39973.1
15.751 6.9138 41173.4
15.752 7.26723 42380.1
15.753 7.62072 43592.9
15.754 7.97395 44811.2
15.755 8.32658 46034.6
15.756 8.67827 47262.5
15.757 9.02868 48494.5
15.758 9.37745 49730.2
15.759 9.72425 50969
15.76 10.0687 52210.5
15.761 10.4105 53454.2
15.762 10.7493 54699.7
15.763 11.0848 55946.6
15.764 11.4167 57194.6
15.765 11.7446 58443.1
15.766 12.0683 59691.8
15.767 12.3874 60940.3
15.768 12.7017 62188.3
15.769 13.0109 63435.3
15.77 13.3148 64681
15.771 13.613 65925
15.772 13.9054 67166.9
15.773 14.1918 68406.4
15.774 14.4719 69643.2
15.775 14.7456 70876.8
15.776 15.0126 72107
15.777 15.2729 73333.4
15.778 15.5263 74555.7
15.779 15.7728 75773.5
15.78 16.0121 76986.7
15.781 16.2442 78194.7
15.782 16.469 79397.5
15.783 16.6866 80594.7
15.784 16.8969 81786.1
15.785 17.0998 82971.5
15.786 17.2955 84150.5
15.787 17.4838 85323
15.788 17.6649 86488.8
15.789 17.8387 87647.5
15.79 18.0055 88799.1
15.791 18.1651 89943.3
15.792 18.3177 91080
15.793 18.4634 92209
15.794 18.6024 93330.1
15.795 18.7346 94443.2
15.796 18.8603 95548.1
15.797 18.9796 96644.9
15.798 19.0926 97733.2
15.799 19.1994 98813
15.8 19.3001 99884.2
15.801 19.395 100947
15.802 19.4842 102000
15.803 19.5677 103045
15.804 19.6457 104080
15.805 19.7184 105106
15.806 19.7858 106123
15.807 19.8482 107130
15.808 19.9056 108128
15.809 19.9582 109115
15.81 20.0061 110093
15.811 20.0495 111061
15.812 20.0884 112019
15.813 20.123 112967
15.814 20.1535 113904
15.815 20.1799 114832
15.816 20.2023 115748
15.817 20.2209 116654
15.818 20.2357 117550
15.819 20.2469 118434
15.82 20.2547 119308
15.821 20.259 120172
15.822 20.26 121024
15.823 20.2578 121865
15.824 20.2524 122695
15.825 20.244 123514
15.826 20.2327 124322
15.827 20.2184 125118
15.828 20.2014 125903
15.829 20.1817 126677
15.83 20.1593 127439
15.831 20.1343 128190
15.832 20.1068 128929
15.833 20.0768 129657
15.834 20.0444 130372
15.835 20.0096 131076
15.836 19.9725 131768
15.837 19.9332 132448
15.838 19.8916 133116
15.839 19.8478 133772
15.84 19.8018 134415
15.841 19.7538 135047
15.842 19.7037 135666
15.843 19.6516 136273
15.844 19.5975 136868
15.845 19.5414 137450
15.846 19.4835 138020
15.847 19.4238 138577
15.848 19.3622 139123
15.849 19.2988 139656
15.85 19.2338 140176
15.851 19.167 140685
15.852 19.0986 141181
15.853 19.0286 141664
15.854 18.9571 142136
15.855 18.8841 142596
15.856 18.8098 143044
15.857 18.7341 143481
15.858 18.6572 143906
15.859 18.579 144319
15.86 18.4997 144721
15.861 18.4192 145112
15.862 18.3376 145492
15.863 18.2551 145861
15.864 18.1716 146219
15.865 18.0873 146567
15.866 18.0021 146905
15.867 17.9162 147232
15.868 17.8295 147549
15.869 17.7422 147857
15.87 17.6543 148154
15.871 17.5658 148443
15.872 17.4769 148722
15.873 17.3874 148992
15.874 17.2976 149253
15.875 17.2073 149505
15.876 17.1168 149749
15.877 17.026 149984
15.878 16.9349 150212
15.879 16.8437 150431
15.88 16.7523 150642
15.881 16.6608 150846
15.882 16.5691 151043
15.883 16.4774 151231
15.884 16.3854 151413
15.885 16.2934 151587
15.886 16.2012 151753
15.887 16.1088 151913
15.888 16.0162 152065
15.889 15.9235 152209
15.89 15.8306 152347
15.891 15.7375 152478
15.892 15.6441 152601
15.893 15.5505 152717
15.894 15.4564 152825
15.895 15.3618 152926
15.896 15.2668 153019
15.897 15.1711 153104
15.898 15.0748 153182
15.899 14.9778 153251
15.9 14.8801 153311
15.901 14.7815 153364
15.902 14.6819 153407
15.903 14.5813 153442
15.904 14.4795 153467
15.905 14.3763 153483
15.906 14.2717 153488
15.907 14.1654 153481
15.908 14.0576 153462
15.909 13.9479 153429
15.91 13.8364 153383
15.911 13.7228 153322
15.912 13.6071 153246
15.913 13.4891 153155
15.914 13.3686 153048
15.915 13.2456 152924
15.916 13.1198 152784
15.917 12.9912 152627
15.918 12.8596 152451
15.919 12.7248 152258
15.92 12.5868 152045
15.921 12.4454 151813
15.922 12.3005 151562
15.923 12.1519 151290
15.924 11.9996 150998
15.925 11.8433 150684
15.926 11.6831 150349
15.927 11.5186 149993
15.928 11.3499 149613
15.929 11.1768 149211
15.93 10.9991 148786
15.931 10.8168 148338
15.932 10.6298 147865
15.933 10.4379 147369
15.934 10.2412 146849
15.935 10.0395 146304
15.936 9.83277 145735
15.937 9.62091 145141
15.938 9.40385 144523
15.939 9.18151 143879
15.94 8.95379 143211
15.941 8.72063 142517
15.942 8.48198 141798
15.943 8.23781 141055
15.944 7.98807 140286
15.945 7.73273 139492
15.946 7.47174 138674
15.947 7.20507 137831
15.948 6.93268 136964
15.949 6.65452 136072
15.95 6.37055 135156
15.951 6.08074 134216
15.952 5.78508 133252
15.953 5.48357 132265
15.954 5.17621 131254
15.955 4.86301 130221
15.956 4.54397 129166
15.957 4.21911 128088
15.958 3.88843 126989
15.959 3.55196 125869
15.96 3.20971 124727
15.961 2.86171 123565
15.962 2.50802 122383
15.963 2.14868 121182
15.964 1.78377 119961
15.965 1.41336 118722
15.966 1.03753 117464
15.967 0.656382 116189
15.968 0.270027 114897
15.969 -0.121409 113588
15.97 -0.517777 112263
15.971 -0.918915 110923
15.972 -1.32465 109567
15.973 -1.73478 108197
15.974 -2.1491 106813
15.975 -2.56739 105416
15.976 -2.98938 104005
15.977 -3.41482 102582
15.978 -3.84341 101146
15.979 -4.27485 99699.3
15.98 -4.70879 98241.5
15.981 -5.14492 96773.1
15.982 -5.58287 95294.6
15.983 -6.0223 93806.6
15.984 -6.46284 92309.2
15.985 -6.9041 90803.1
15.986 -7.34567 89288.6
15.987 -7.78715 87766.2
15.988 -8.22809 86236.2
15.989 -8.66806 84699.1
15.99 -9.1066 83155.3
15.991 -9.54326 81605.3
15.992 -9.97756 80049.5
15.993 -10.409 78488.3
15.994 -10.8372 76922.2
15.995 -11.2616 75351.5
15.996 -11.6818 73776.7
15.997 -12.0973 72198.2
15.998 -12.5076 70616.4
15.999 -12.9124 69031.8
16 -13.3111 67444.7
16.001 -13.7034 65855.5
16.002 -14.0889 64264.7
16.003 -14.4672 62672.6
16.004 -14.838 61079.5
16.005 -15.201 59485.9
16.006 -15.5558 57892
16.007 -15.9023 56298.2
16.008 -16.24 54704.9
16.009 -16.569 53112.4
16.01 -16.8889 51521
16.011 -17.1996 49931
16.012 -17.5009 48342.9
16.013 -17.7928 46757
16.014 -18.0751 45173.7
16.015 -18.3478 43593.4
16.016 -18.6108 42016.4
16.017 -18.8641 40443.1
16.018 -19.1077 38873.9
16.019 -19.3417 37309.1
16.02 -19.5662 35749
16.021 -19.7811 34194
16.022 -19.9866 32644.6
16.023 -20.1827 31101.1
16.024 -20.3696 29564
16.025 -20.5473 28033.7
16.026 -20.716 26510.7
16.027 -20.8759 24995.3
16.028 -21.0269 23488
16.029 -21.1695 21989.2
16.03 -21.3036 20499.3
16.031 -21.4295 19018.6
16.032 -21.5473 17547.7
16.033 -21.6572 16087.1
16.034 -21.7593 14637.5
16.035 -21.8537 13199.2
16.036 -21.9406 11772.9
16.037 -22.0201 10359
16.038 -22.0924 8958.01
16.039 -22.1577 7570.49
16.04 -22.216 6196.89
16.041 -22.2677 4837.68
16.042 -22.3127 3493.32
16.043 -22.3514 2164.26
16.044 -22.3837 850.946
16.045 -22.41 -446.198
16.046 -22.4303 -1726.75
16.047 -22.4448 -2990.29
16.048 -22.4535 -4236.42
16.049 -22.4568 -5464.75
16.05 -22.4546 -6674.89
16.051 -22.4471 -7866.47
16.052 -22.4345 -9039.11
16.053 -22.4168 -10192.5
16.054 -22.3942 -11326.2
16.055 -22.3669 -12439.9
16.056 -22.3348 -13533.3
16.057 -22.2981 -14606.1
16.058 -22.2569 -15658
16.059 -22.2113 -16688.6
16.06 -22.1614 -17697.7
16.061 -22.1073 -18684.9
16.062 -22.049 -19650.2
16.063 -21.9868 -20593.3
16.064 -21.9207 -21514
16.065 -21.8507 -22412.3
16.066 -21.777 -23287.9
16.067 -21.6998 -24140.8
16.068 -21.6189 -24970.8
16.069 -21.5347 -25777.8
16.07 -21.447 -26561.6
16.071 -21.356 -27322.2
16.072 -21.2618 -28059.5
16.073 -21.1644 -28773.5
16.074 -21.0638 -29463.9
16.075 -20.9603 -30130.9
16.076 -20.8537 -30774.2
16.077 -20.7442 -31394
16.078 -20.6318 -31990.1
16.079 -20.5166 -32562.5
16.08 -20.3986 -33111.2
16.081 -20.2779 -33636.2
16.082 -20.1544 -34137.4
16.083 -20.0282 -34614.8
16.084 -19.8995 -35068.6
16.085 -19.7681 -35498.7
16.086 -19.6342 -35905.1
16.087 -19.4978 -36287.9
16.088 -19.3589 -36647
16.089 -19.2175 -36982.7
16.09 -19.0737 -37294.8
16.091 -18.9275 -37583.4
16.092 -18.7789 -37848.6
16.093 -18.628 -38090.5
16.094 -18.4746 -38309.1
16.095 -18.319 -38504.4
16.096 -18.161 -38676.6
16.097 -18.0007 -38825.8
16.098 -17.8382 -38951.9
16.099 -17.6733 -39055.2
16.1 -17.5062 -39135.6
16.101 -17.3368 -39193.3
16.102 -17.1651 -39228.4
16.103 -16.9911 -39240.5
16.104 -16.8148 -39228.9
16.105 -16.6364 -39193.1
16.106 -16.4557 -39132.5
16.107 -16.2727 -39047.4
16.108 -16.0875 -38938
16.109 -15.9 -38804.3
16.11 -15.7103 -38646.6
16.111 -15.5184 -38464.9
16.112 -15.3242 -38259.5
16.113 -15.1277 -38030.5
16.114 -14.929 -37778.1
16.115 -14.7279 -37502.3
16.116 -14.5246 -37203.5
16.117 -14.3189 -36881.8
16.118 -14.1109 -36537.3
16.119 -13.9006 -36170.3
16.12 -13.6879 -35781
16.121 -13.4728 -35369.5
16.122 -13.2554 -34936.1
16.123 -13.0355 -34480.9
16.124 -12.8131 -34004.1
16.125 -12.5883 -33505.8
16.126 -12.3609 -32986.3
16.127 -12.131 -32445.7
16.128 -11.8986 -31884.3
16.129 -11.6635 -31302.2
16.13 -11.4258 -30699.7
16.131 -11.1854 -30077.1
16.132 -10.9423 -29434.5
16.133 -10.6965 -28772.3
16.134 -10.4481 -28090.8
16.135 -10.1969 -27390.3
16.136 -9.94301 -26671.1
16.137 -9.68638 -25933.6
16.138 -9.427 -25178
16.139 -9.16487 -24404.7
16.14 -8.89998 -23614.1
16.141 -8.63232 -22806.5
16.142 -8.36188 -21982.2
16.143 -8.08866 -21141.7
16.144 -7.81265 -20285.2
16.145 -7.53385 -19413.2
16.146 -7.25225 -18526
16.147 -6.96786 -17624.1
16.148 -6.68068 -16707.8
16.149 -6.39072 -15777.4
16.15 -6.09798 -14833.5
16.151 -5.80247 -13876.4
16.152 -5.50424 -12906.6
16.153 -5.20331 -11924.7
16.154 -4.89974 -10931
16.155 -4.59357 -9926.15
16.156 -4.28485 -8910.64
16.157 -3.97365 -7885
16.158 -3.66001 -6849.73
16.159 -3.34401 -5805.37
16.16 -3.02571 -4752.43
16.161 -2.7052 -3691.45
16.162 -2.38257 -2623.02
16.163 -2.05793 -1547.72
16.164 -1.73139 -466.144
16.165 -1.40307 621.118
16.166 -1.07309 1713.47
16.167 -0.741603 2810.31
16.168 -0.40874 3911.05
16.169 -0.0746569 5015.09
16.17 0.260483 6121.83
16.171 0.596492 7230.65
16.172 0.933158 8340.87
16.173 1.27024 9451.79
16.174 1.60751 10562.7
16.175 1.94469 11672.9
16.176 2.28154 12781.7
16.177 2.61779 13888.4
16.178 2.95315 14992.2
16.179 3.28735 16092.6
16.18 3.62009 17188.8
16.181 3.95108 18280.2
16.182 4.28002 19366
16.183 4.6066 20445.5
16.184 4.93049 21518.1
16.185 5.25138 22583
16.186 5.56896 23639.6
16.187 5.88291 24687.3
16.188 6.19291 25725.3
16.189 6.49863 26753
16.19 6.79979 27769.7
16.191 7.09605 28774.9
16.192 7.38711 29767.8
16.193 7.67267 30747.8
16.194 7.95243 31714.2
16.195 8.2261 32666.4
16.196 8.49339 33603.9
16.197 8.75403 34525.9
16.198 9.00776 35431.9
16.199 9.25433 36321.3
16.2 9.49349 37193.5
16.201 9.72504 38048
16.202 9.94879 38884.3
16.203 10.1646 39701.9
16.204 10.3722 40500.4
16.205 10.5716 41279.4
16.206 10.7626 42038.5
16.207 10.9451 42777.3
16.208 11.1191 43495.5
16.209 11.2843 44192.5
16.21 11.4408 44868.1
16.211 11.5885 45522
16.212 11.7274 46153.8
16.213 11.8574 46763.3
16.214 11.9786 47350.3
16.215 12.091 47914.5
16.216 12.1945 48455.7
16.217 12.2894 48973.7
16.218 12.3755 49468.3
16.219 12.4529 49939.3
16.22 12.5217 50386.6
16.221 12.582 50809.9
16.222 12.6338 51209.1
16.223 12.6774 51584.4
16.224 12.7126 51935.5
16.225 12.7398 52262.5
16.226 12.759 52565.4
16.227 12.7704 52844.2
16.228 12.774 53098.7
16.229 12.77 53329.1
16.23 12.7585 53535.4
16.231 12.7397 53717.6
16.232 12.7137 53875.7
16.233 12.6806 54009.8
16.234 12.6405 54119.9
16.235 12.5937 54206.2
16.236 12.5402 54268.7
16.237 12.4801 54307.6
16.238 12.4136 54322.8
16.239 12.3408 54314.1
16.24 12.2618 54280.4
16.241 12.1768 54222.1
16.242 12.0859 54139.1
16.243 11.9891 54031.7
16.244 11.8867 53900
16.245 11.7787 53744.2
16.246 11.6651 53564.4
16.247 11.5463 53360.9
16.248 11.4221 53133.8
16.249 11.2927 52883.4
16.25 11.1583 52609.8
16.251 11.0189 52313.3
16.252 10.8746 51994.1
16.253 10.7254 51652.3
16.254 10.5715 51288.3
16.255 10.413 50902.1
16.256 10.2498 50494.2
16.257 10.082 50064.6
16.258 9.90985 49613.6
16.259 9.73324 49141.6
16.26 9.55229 48648.7
16.261 9.36704 48135.2
16.262 9.17753 47601.4
16.263 8.9838 47047.4
16.264 8.78587 46473.5
16.265 8.58376 45879.8
16.266 8.37752 45266.6
16.267 8.16715 44634.1
16.268 7.9527 43982.6
16.269 7.73417 43312.2
16.27 7.51159 42623.3
16.271 7.28497 41916.1
16.272 7.05434 41190.9
16.273 6.81968 40447.7
16.274 6.58101 39686.9
16.275 6.33832 38908.7
16.276 6.09162 38113.4
16.277 5.84093 37301.1
16.278 5.58623 36472.1
16.279 5.32755 35626.7
16.28 5.06488 34765.2
16.281 4.79824 33887.7
16.282 4.52763 32994.6
16.283 4.25306 32086.1
16.284 3.97453 31162.5
16.285 3.69205 30224.1
16.286 3.40564 29271
16.287 3.1153 28303.7
16.288 2.82107 27322.3
16.289 2.52296 26327.3
16.29 2.221 25318.8
16.291 1.91524 24297.2
16.292 1.6057 23262.7
16.293 1.29244 22215.8
16.294 0.975515 21156.7
16.295 0.654974 20085.7
16.296 0.330891 19003.2
16.297 0.00334527 17909.5
16.298 -0.327574 16805
16.299 -0.661763 15689.9
16.3 -0.999105 14564.8
16.301 -1.33947 13429.8
16.302 -1.68269 12285.5
16.303 -2.02859 11132.2
16.304 -2.37699 9970.56
16.305 -2.72769 8800.86
16.306 -3.08046 7623.62
16.307 -3.43511 6439.29
16.308 -3.79138 5248.33
16.309 -4.14903 4051.21
16.31 -4.50782 2848.39
16.311 -4.86747 1640.35
16.312 -5.22771 427.58
16.313 -5.58824 -789.431
16.314 -5.94876 -2010.19
16.315 -6.30896 -3234.19
16.316 -6.66852 -4460.95
16.317 -7.02712 -5689.96
16.318 -7.38444 -6920.74
16.319 -7.74013 -8152.8
16.32 -8.09388 -9385.64
16.321 -8.44533 -10618.8
16.322 -8.79415 -11851.7
16.323 -9.13999 -13083.9
16.324 -9.4825 -14314.8
16.325 -9.82135 -15544
16.326 -10.1562 -16771
16.327 -10.4867 -17995.3
16.328 -10.8126 -19216.3
16.329 -11.1335 -20433.7
16.33 -11.4491 -21646.9
16.331 -11.7591 -22855.4
16.332 -12.0633 -24058.8
16.333 -12.3614 -25256.6
16.334 -12.653 -26448.3
16.335 -12.938 -27633.4
16.336 -13.2162 -28811.5
16.337 -13.4873 -29982
16.338 -13.7511 -31144.7
16.339 -14.0074 -32298.9
16.34 -14.2561 -33444.3
16.341 -14.4971 -34580.5
16.342 -14.7302 -35707.2
16.343 -14.9553 -36823.8
16.344 -15.1724 -37930.2
16.345 -15.3814 -39026
16.346 -15.5823 -40110.8
16.347 -15.7751 -41184.3
16.348 -15.9597 -42246.3
16.349 -16.1362 -43296.4
16.35 -16.3046 -44334.4
16.351 -16.4649 -45359.9
16.352 -16.6172 -46372.7
16.353 -16.7615 -47372.5
16.354 -16.8978 -48358.9
16.355 -17.0264 -49331.8
16.356 -17.1472 -50290.9
16.357 -17.2604 -51235.9
16.358 -17.366 -52166.6
16.359 -17.4641 -53082.7
16.36 -17.555 -53984
16.361 -17.6386 -54870.3
16.362 -17.7152 -55741.4
16.363 -17.7848 -56597.1
16.364 -17.8477 -57437.3
16.365 -17.9039 -58261.8
16.366 -17.9536 -59070.4
16.367 -17.9969 -59863.1
16.368 -18.0341 -60639.6
16.369 -18.0652 -61399.9
16.37 -18.0903 -62143.8
16.371 -18.1097 -62871.2
16.372 -18.1235 -63582
16.373 -18.1317 -64276.1
16.374 -18.1346 -64953.3
16.375 -18.1323 -65613.5
16.376 -18.1248 -66256.6
16.377 -18.1124 -66882.6
16.378 -18.0951 -67491.3
16.379 -18.0731 -68082.6
16.38 -18.0464 -68656.5
16.381 -18.0153 -69212.8
16.382 -17.9798 -69751.7
16.383 -17.94 -70273
16.384 -17.8961 -70776.8
16.385 -17.8482 -71263.1
16.386 -17.7964 -71731.8
16.387 -17.7408 -72183
16.388 -17.6816 -72616.8
16.389 -17.6188 -73033.1
16.39 -17.5525 -73431.9
16.391 -17.4828 -73813.4
16.392 -17.4099 -74177.5
16.393 -17.3338 -74524.4
16.394 -17.2546 -74854.2
16.395 -17.1725 -75166.8
16.396 -17.0874 -75462.4
16.397 -16.9996 -75741.1
16.398 -16.909 -76003
16.399 -16.8157 -76248.1
16.4 -16.7199 -76476.7
16.401 -16.6216 -76688.7
16.402 -16.5209 -76884.4
16.403 -16.4179 -77063.9
16.404 -16.3126 -77227.4
16.405 -16.2052 -77375.1
16.406 -16.0957 -77507.1
16.407 -15.9841 -77623.7
16.408 -15.8707 -77724.9
16.409 -15.7554 -77811.1
16.41 -15.6382 -77882.4
16.411 -15.5194 -77939.1
16.412 -15.3989 -77981.2
16.413 -15.2768 -78009.1
16.414 -15.1531 -78023
16.415 -15.028 -78022.6
16.416 -14.9015 -78008.1
16.417 -14.7737 -77979.3
16.418 -14.6446 -77936.5
16.419 -14.5144 -77879.8
16.42 -14.383 -77809.7
16.421 -14.2505 -77726.3
16.422 -14.1169 -77629.9
16.423 -13.9824 -77520.7
16.424 -13.8469 -77399
16.425 -13.7105 -77264.9
16.426 -13.5732 -77118.8
16.427 -13.4351 -76960.9
16.428 -13.2962 -76791.4
16.429 -13.1565 -76610.6
16.43 -13.016 -76418.7
16.431 -12.8749 -76215.9
16.432 -12.7331 -76002.6
16.433 -12.5907 -75778.9
16.434 -12.4477 -75545
16.435 -12.3041 -75301.3
16.436 -12.16 -75047.9
16.437 -12.0153 -74785.1
16.438 -11.8702 -74513.2
16.439 -11.7246 -74232.3
16.44 -11.5786 -73942.8
16.441 -11.4322 -73644.8
16.442 -11.2854 -73338.7
16.443 -11.1383 -73024.5
16.444 -10.9909 -72702.7
16.445 -10.8432 -72373.3
16.446 -10.6951 -72036.7
16.447 -10.5469 -71693
16.448 -10.3984 -71342.5
16.449 -10.2497 -70985.4
16.45 -10.1009 -70622.1
16.451 -9.95187 -70252.6
16.452 -9.80275 -69877.3
16.453 -9.65354 -69496.4
16.454 -9.50427 -69110.2
16.455 -9.35496 -68718.8
16.456 -9.20566 -68322.6
16.457 -9.05638 -67921.7
16.458 -8.90717 -67516.5
16.459 -8.75804 -67107.2
16.46 -8.60904 -66694
16.461 -8.4602 -66277.2
16.462 -8.31153 -65857
16.463 -8.16307 -65433.6
16.464 -8.01484 -65007.3
16.465 -7.86687 -64578.3
16.466 -7.71919 -64146.8
16.467 -7.57182 -63713
16.468 -7.4248 -63277.1
16.469 -7.27815 -62839.4
16.47 -7.1319 -62400.2
16.471 -6.9861 -61959.5
16.472 -6.84078 -61517.8
16.473 -6.69599 -61075.2
16.474 -6.55179 -60632.2
16.475 -6.40822 -60188.9
16.476 -6.26533 -59745.6
16.477 -6.12318 -59302.6
16.478 -5.98182 -58860.2
16.479 -5.8413 -58418.7
16.48 -5.70168 -57978.4
16.481 -5.56301 -57539.5
16.482 -5.42534 -57102.2
16.483 -5.28876 -56667.1
16.484 -5.15331 -56234.2
16.485 -5.01906 -55804
16.486 -4.88609 -55376.7
16.487 -4.75444 -54952.6
16.488 -4.62419 -54532.1
16.489 -4.4954 -54115.3
16.49 -4.36814 -53702.7
16.491 -4.24247 -53294.4
16.492 -4.11849 -52890.9
16.493 -3.99626 -52492.4
16.494 -3.87588 -52099.3
16.495 -3.75743 -51712
16.496 -3.64099 -51330.7
16.497 -3.52665 -50955.9
16.498 -3.41448 -50587.7
16.499 -3.30458 -50226.6
16.5 -3.19702 -49872.9
16.501 -3.09189 -49526.8
16.502 -2.98926 -49188.8
16.503 -2.88921 -48858.9
16.504 -2.7918 -48537.6
16.505 -2.69712 -48225
16.506 -2.60524 -47921.5
16.507 -2.51622 -47627.4
16.508 -2.43014 -47342.8
16.509 -2.34706 -47068
16.51 -2.26706 -46803.3
16.511 -2.19021 -46549
16.512 -2.11656 -46305.1
16.513 -2.04618 -46072.1
16.514 -1.97911 -45850
16.515 -1.91542 -45639
16.516 -1.85516 -45439.4
16.517 -1.79839 -45251.3
16.518 -1.74516 -45075
16.519 -1.69552 -44910.5
16.52 -1.64953 -44758.1
16.521 -1.60722 -44618
16.522 -1.56864 -44490.2
16.523 -1.53384 -44375
16.524 -1.50283 -44272.3
16.525 -1.47566 -44182.5
16.526 -1.45237 -44105.5
16.527 -1.43298 -44041.5
16.528 -1.41753 -43990.5
16.529 -1.40604 -43952.8
16.53 -1.39854 -43928.3
16.531 -1.39505 -43917.2
16.532 -1.39561 -43919.5
16.533 -1.40019 -43935.5
16.534 -1.40884 -43965
16.535 -1.42156 -44008.3
16.536 -1.43836 -44065.3
16.537 -1.45923 -44136
16.538 -1.48419 -44220.5
16.539 -1.51324 -44318.8
16.54 -1.54638 -44430.9
16.541 -1.58361 -44556.7
16.542 -1.62492 -44696.4
16.543 -1.67032 -44849.8
16.544 -1.71979 -45017
16.545 -1.77333 -45197.9
16.546 -1.83093 -45392.6
16.547 -1.89257 -45600.9
16.548 -1.95823 -45822.9
16.549 -2.02791 -46058.5
16.55 -2.10158 -46307.7
16.551 -2.17922 -46570.3
16.552 -2.26081 -46846.5
16.553 -2.34635 -47136
16.554 -2.4358 -47439
16.555 -2.52915 -47755.3
16.556 -2.62638 -48084.9
16.557 -2.72745 -48427.7
16.558 -2.83234 -48783.7
16.559 -2.94101 -49152.7
16.56 -3.05343 -49534.8
16.561 -3.16956 -49929.8
16.562 -3.28936 -50337.6
16.563 -3.41277 -50758.2
16.564 -3.53973 -51191.2
16.565 -3.6702 -51636.7
16.566 -3.80411 -52094.5
16.567 -3.94139 -52564.5
16.568 -4.08198 -53046.4
16.569 -4.22582 -53540.2
16.57 -4.37282 -54045.7
16.571 -4.52292 -54562.7
16.572 -4.67603 -55091
16.573 -4.83207 -55630.5
16.574 -4.99095 -56181
16.575 -5.15259 -56742.4
16.576 -5.31689 -57314.4
16.577 -5.48377 -57896.8
16.578 -5.65311 -58489.4
16.579 -5.82483 -59092.2
16.58 -5.9988 -59704.7
16.581 -6.17494 -60326.9
16.582 -6.35311 -60958.4
16.583 -6.53319 -61599.2
16.584 -6.71507 -62248.8
16.585 -6.8986 -62907.1
16.586 -7.08366 -63573.7
16.587 -7.27012 -64248.6
16.588 -7.45784 -64931.3
16.589 -7.64668 -65621.6
16.59 -7.8365 -66319.3
16.591 -8.02716 -67024.1
16.592 -8.21851 -67735.7
16.593 -8.4104 -68453.8
16.594 -8.60266 -69178.1
16.595 -8.79515 -69908.3
16.596 -8.98771 -70644
16.597 -9.18018 -71385.1
16.598 -9.37241 -72131.1
16.599 -9.56423 -72881.8
16.6 -9.7555 -73636.9
16.601 -9.94606 -74396.1
16.602 -10.1357 -75159
16.603 -10.3244 -75925.2
16.604 -10.5118 -76694.5
16.605 -10.6979 -77466.6
16.606 -10.8825 -78241
16.607 -11.0655 -79017.5
16.608 -11.2466 -79795.7
16.609 -11.4258 -80575.3
16.61 -11.6029 -81355.9
16.611 -11.7778 -82137.3
16.612 -11.9502 -82919
16.613 -12.1202 -83700.7
16.614 -12.2875 -84482
16.615 -12.452 -85262.5
16.616 -12.6135 -86041.9
16.617 -12.772 -86819.7
16.618 -12.9273 -87595.6
16.619 -13.0793 -88369.3
16.62 -13.2279 -89140.3
16.621 -13.3731 -89908.4
16.622 -13.5146 -90673.1
16.623 -13.6524 -91434
16.624 -13.7864 -92190.9
16.625 -13.9166 -92943.3
16.626 -14.0428 -93690.9
16.627 -14.165 -94433.3
16.628 -14.2831 -95170.1
16.629 -14.397 -95901
16.63 -14.5068 -96625.6
16.631 -14.6123 -97343.7
16.632 -14.7135 -98054.8
16.633 -14.8103 -98758.6
16.634 -14.9028 -99454.8
16.635 -14.9909 -100143
16.636 -15.0745 -100823
16.637 -15.1537 -101494
16.638 -15.2284 -102156
16.639 -15.2987 -102809
16.64 -15.3644 -103452
16.641 -15.4257 -104085
16.642 -15.4824 -104708
16.643 -15.5348 -105320
16.644 -15.5827 -105922
16.645 -15.6262 -106513
16.646 -15.6653 -107093
16.647 -15.7001 -107661
16.648 -15.7306 -108218
16.649 -15.7568 -108763
16.65 -15.7788 -109296
16.651 -15.7967 -109816
16.652 -15.8103 -110325
16.653 -15.8199 -110821
16.654 -15.8255 -111304
16.655 -15.827 -111774
16.656 -15.8246 -112230
16.657 -15.8182 -112674
16.658 -15.808 -113104
16.659 -15.7939 -113521
16.66 -15.7761 -113924
16.661 -15.7545 -114313
16.662 -15.7293 -114688
16.663 -15.7004 -115049
16.664 -15.668 -115396
16.665 -15.6321 -115728
16.666 -15.5926 -116046
16.667 -15.5498 -116350
16.668 -15.5037 -116639
16.669 -15.4542 -116914
16.67 -15.4014 -117174
16.671 -15.3455 -117419
16.672 -15.2863 -117649
16.673 -15.2241 -117864
16.674 -15.1588 -118065
16.675 -15.0904 -118251
16.676 -15.019 -118421
16.677 -14.9447 -118577
16.678 -14.8675 -118717
16.679 -14.7875 -118843
16.68 -14.7046 -118953
16.681 -14.6188 -119048
16.682 -14.5304 -119128
16.683 -14.4391 -119193
16.684 -14.3451 -119242
16.685 -14.2484 -119276
16.686 -14.149 -119295
16.687 -14.0468 -119297
16.688 -13.942 -119284
16.689 -13.8345 -119255
16.69 -13.7244 -119209
16.691 -13.6116 -119147
16.692 -13.4961 -119069
16.693 -13.378 -118974
16.694 -13.2573 -118863
16.695 -13.1339 -118735
16.696 -13.0079 -118590
16.697 -12.8793 -118429
16.698 -12.748 -118252
16.699 -12.614 -118058
16.7 -12.4774 -117847
16.701 -12.3382 -117620
16.702 -12.1963 -117376
16.703 -12.0517 -117115
16.704 -11.9043 -116837
16.705 -11.7543 -116543
16.706 -11.6015 -116232
16.707 -11.4459 -115904
16.708 -11.2875 -115559
16.709 -11.1263 -115197
16.71 -10.9622 -114818
16.711 -10.7953 -114423
16.712 -10.6254 -114010
16.713 -10.4527 -113581
16.714 -10.277 -113135
16.715 -10.0984 -112672
16.716 -9.91673 -112192
16.717 -9.73206 -111695
16.718 -9.54436 -111182
16.719 -9.35359 -110651
16.72 -9.15972 -110105
16.721 -8.96272 -109541
16.722 -8.76257 -108961
16.723 -8.55923 -108365
16.724 -8.35265 -107752
16.725 -8.14282 -107123
16.726 -7.92969 -106477
16.727 -7.71322 -105815
16.728 -7.49339 -105137
16.729 -7.27016 -104443
16.73 -7.04348 -103733
16.731 -6.81335 -103007
16.732 -6.57972 -102265
16.733 -6.3426 -101507
16.734 -6.10195 -100734
16.735 -5.85778 -99946.3
16.736 -5.61006 -99143
16.737 -5.35878 -98324.9
16.738 -5.10394 -97492.1
16.739 -4.84552 -96644.8
16.74 -4.58353 -95783.2
16.741 -4.31795 -94907.5
16.742 -4.04878 -94018
16.743 -3.77605 -93115
16.744 -3.49975 -92198.6
16.745 -3.2199 -91269.2
16.746 -2.93652 -90327.1
16.747 -2.64963 -89372.4
16.748 -2.35925 -88405.5
16.749 -2.06542 -87426.7
16.75 -1.76817 -86436.3
16.751 -1.46754 -85434.5
16.752 -1.1636 -84421.8
16.753 -0.856408 -83398.4
16.754 -0.546048 -82364.8
16.755 -0.232602 -81321.2
16.756 0.0838367 -80268.2
16.757 0.403164 -79206
16.758 0.725265 -78135.1
16.759 1.05001 -77055.9
16.76 1.37727 -75968.6
16.761 1.70688 -74873.8
16.762 2.03868 -73771.8
16.763 2.37248 -72663.2
16.764 2.70809 -71548.3
16.765 3.0453 -70427.7
16.766 3.3839 -69301.8
16.767 3.72368 -68171
16.768 4.06439 -67035.8
16.769 4.40579 -65896.7
16.77 4.74765 -64754.1
16.771 5.08969 -63608.6
16.772 5.43165 -62460.5
16.773 5.77325 -61310.4
16.774 6.11421 -60158.8
16.775 6.45422 -59006.1
16.776 6.793 -57852.9
16.777 7.13024 -56699.5
16.778 7.46565 -55546.6
16.779 7.79891 -54394.6
16.78 8.12973 -53243.8
16.781 8.4578 -52094.9
16.782 8.78284 -50948.2
16.783 9.10458 -49804.1
16.784 9.42273 -48662.9
16.785 9.73704 -47525
16.786 10.0472 -46390.9
16.787 10.353 -45260.7
16.788 10.6542 -44135
16.789 10.9506 -43014.1
16.79 11.2418 -41898.2
16.791 11.5277 -40787.7
16.792 11.8081 -39683.1
16.793 12.0827 -38584.5
16.794 12.3514 -37492.3
16.795 12.614 -36406.9
16.796 12.8703 -35328.6
16.797 13.1202 -34257.5
16.798 13.3635 -33194.2
16.799 13.6002 -32138.7
16.8 13.83 -31091.4
16.801 14.053 -30052.7
16.802 14.269 -29022.6
16.803 14.4781 -28001.4
16.804 14.6801 -26989.3
16.805 14.875 -25986.4
16.806 15.0629 -24993.1
16.807 15.2437 -24009.4
16.808 15.4174 -23035.5
16.809 15.5841 -22071.5
16.81 15.7439 -21117.7
16.811 15.8967 -20174.1
16.812 16.0426 -19240.9
16.813 16.1818 -18318.2
16.814 16.3143 -17405.9
16.815 16.4402 -16504.1
16.816 16.5596 -15613
16.817 16.6726 -14732.6
16.818 16.7794 -13862.9
16.819 16.88 -13004
16.82 16.9746 -12155.8
16.821 17.0634 -11318.5
16.822 17.1464 -10492
16.823 17.2237 -9676.42
16.824 17.2956 -8871.78
16.825 17.3621 -8078.12
16.826 17.4234 -7295.44
16.827 17.4796 -6523.78
16.828 17.5308 -5763.15
16.829 17.5772 -5013.56
16.83 17.6188 -4275
16.831 17.6559 -3547.49
16.832 17.6886 -2831.05
16.833 17.717 -2125.67
16.834 17.7411 -1431.39
16.835 17.7612 -748.189
16.836 17.7773 -76.0811
16.837 17.7896 584.94
16.838 17.7982 1234.88
16.839 17.8031 1873.76
16.84 17.8046 2501.58
16.841 17.8027 3118.37
16.842 17.7975 3724.13
16.843 17.7891 4318.85
16.844 17.7776 4902.54
16.845 17.7631 5475.22
16.846 17.7457 6036.91
16.847 17.7255 6587.6
16.848 17.7026 7127.34
16.849 17.677 7656.15
16.85 17.6489 8174.05
16.851 17.6183 8681.07
16.852 17.5853 9177.23
16.853 17.55 9662.54
16.854 17.5123 10137
16.855 17.4725 10600.7
16.856 17.4306 11053.5
16.857 17.3866 11495.6
16.858 17.3405 11926.9
16.859 17.2925 12347.6
16.86 17.2427 12757.5
16.861 17.1909 13156.9
16.862 17.1374 13545.6
16.863 17.0821 13923.7
16.864 17.0251 14291.2
16.865 16.9665 14648.2
16.866 16.9062 14994.6
16.867 16.8444 15330.5
16.868 16.781 15656
16.869 16.7161 15971
16.87 16.6497 16275.7
16.871 16.582 16569.9
16.872 16.5128 16853.9
16.873 16.4423 17127.7
16.874 16.3705 17391.3
16.875 16.2974 17644.9
16.876 16.2231 17888.5
16.877 16.1477 18122.2
16.878 16.0711 18346.1
16.879 15.9934 18560.2
16.88 15.9146 18764.7
16.881 15.8348 18959.7
16.882 15.754 19145.2
16.883 15.6723 19321.4
16.884 15.5897 19488.5
16.885 15.5062 19646.5
16.886 15.4219 19795.6
16.887 15.3369 19935.8
16.888 15.251 20067.5
16.889 15.1645 20190.6
16.89 15.0773 20305.3
16.891 14.9895 20411.8
16.892 14.9011 20510.2
16.893 14.8122 20600.6
16.894 14.7228 20683.3
16.895 14.6329 20758.5
16.896 14.5426 20826.3
16.897 14.452 20886.8
16.898 14.361 20940.3
16.899 14.2698 20986.9
16.9 14.1783 21026.8
16.901 14.0866 21060.2
16.902 13.9947 21087.4
16.903 13.9028 21108.5
16.904 13.8108 21123.8
16.905 13.7188 21133.5
16.906 13.6269 21137.6
16.907 13.5352 21136.4
16.908 13.4435 21130.1
16.909 13.3522 21119
16.91 13.2611 21103.1
16.911 13.1704 21082.7
16.912 13.08 21058
16.913 12.9901 21029.3
16.914 12.9007 20996.8
16.915 12.8117 20960.8
16.916 12.7233 20921.4
16.917 12.6355 20879
16.918 12.5483 20833.8
16.919 12.4618 20785.9
16.92 12.3761 20735.7
16.921 12.291 20683.4
16.922 12.2068 20629.1
16.923 12.1234 20573.2
16.924 12.0408 20515.6
16.925 11.959 20456.7
16.926 11.8781 20396.5
16.927 11.7982 20335.4
16.928 11.7192 20273.4
16.929 11.6411 20210.8
16.93 11.564 20147.6
16.931 11.4879 20084.2
16.932 11.4128 20020.5
16.933 11.3388 19956.7
16.934 11.2657 19892.9
16.935 11.1936 19829.2
16.936 11.1226 19765.6
16.937 11.0525 19702.2
16.938 10.9835 19639.2
16.939 10.9154 19576.5
16.94 10.8484 19514.3
16.941 10.7824 19452.7
16.942 10.7174 19391.7
16.943 10.6534 19331.4
16.944 10.5903 19271.6
16.945 10.5283 19212.5
16.946 10.4671 19154.2
16.947 10.4069 19096.5
16.948 10.3476 19039.6
16.949 10.2892 18983.4
16.95 10.2317 18928
16.951 10.1751 18873.4
16.952 10.1194 18819.5
16.953 10.0645 18766.5
16.954 10.0105 18714.4
16.955 9.95735 18663.1
16.956 9.905 18612.6
16.957 9.85347 18563.1
16.958 9.80275 18514.4
16.959 9.75283 18466.6
16.96 9.70369 18419.8
16.961 9.65534 18373.9
16.962 9.60777 18329
16.963 9.56097 18285
16.964 9.51495 18242.2
16.965 9.4697 18200.4
16.966 9.42524 18159.7
16.967 9.38154 18120.1
16.968 9.33863 18081.8
16.969 9.29648 18044.7
16.97 9.2551 18008.8
16.971 9.21451 17974.3
16.972 9.1747 17941.1
16.973 9.13572 17909.5
16.974 9.09759 17879.6
16.975 9.06032 17851.4
16.976 9.02395 17825.1
16.977 8.98849 17800.7
16.978 8.95397 17778.5
16.979 8.92042 17758.5
16.98 8.88785 17740.9
16.981 8.8563 17725.6
16.982 8.82579 17713
16.983 8.79635 17703.2
16.984 8.76805 17696.3
16.985 8.74091 17692.6
16.986 8.71497 17692
16.987 8.69026 17695
16.988 8.66682 17701.5
16.989 8.64467 17711.7
16.99 8.62387 17725.8
16.991 8.60443 17744
16.992 8.5864 17766.4
16.993 8.56981 17793.1
16.994 8.55468 17824.3
16.995 8.54105 17860.2
16.996 8.52895 17900.8
16.997 8.51841 17946.4
16.998 8.50945 17997
16.999 8.5021 18052.9
17 8.49639 18114
17.001 8.49234 18180.7
17.002 8.48998 18252.9
17.003 8.48931 18330.7
17.004 8.49036 18414.3
17.005 8.49313 18503.8
17.006 8.49763 18599.2
17.007 8.50389 18700.6
17.008 8.51191 18808.2
17.009 8.5217 18922
17.01 8.53327 19042
17.011 8.54663 19168.4
17.012 8.56178 19301.1
17.013 8.57871 19440.4
17.014 8.59742 19586.1
17.015 8.61791 19738.3
17.016 8.64018 19897
17.017 8.66422 20062.4
17.018 8.69001 20234.3
17.019 8.71756 20412.9
17.02 8.74685 20598.2
17.021 8.77787 20790.2
17.022 8.81059 20988.7
17.023 8.84499 21193.9
17.024 8.88104 21405.7
17.025 8.9187 21623.9
17.026 8.95795 21848.6
17.027 8.99875 22079.7
17.028 9.04108 22317.2
17.029 9.08488 22560.9
17.03 9.13014 22810.9
17.031 9.17682 23067
17.032 9.22487 23329.2
17.033 9.27426 23597.5
17.034 9.32496 23871.7
17.035 9.37693 24151.8
17.036 9.43012 24437.7
17.037 9.48451 24729.4
17.038 9.54004 25026.7
17.039 9.59668 25329.6
17.04 9.65439 25637.9
17.041 9.71312 25951.7
17.042 9.77283 26270.8
17.043 9.83349 26595.2
17.044 9.89504 26924.7
17.045 9.95744 27259.2
17.046 10.0206 27598.7
17.047 10.0846 27943.1
17.048 10.1493 28292.2
17.049 10.2147 28646
17.05 10.2807 29004.4
17.051 10.3473 29367.2
17.052 10.4144 29734.4
17.053 10.482 30105.8
17.054 10.5501 30481.4
17.055 10.6185 30861.1
17.056 10.6873 31244.6
17.057 10.7564 31632
17.058 10.8258 32023.2
17.059 10.8954 32417.9
17.06 10.9652 32816.1
17.061 11.0351 33217.8
17.062 11.1051 33622.7
17.063 11.1752 34030.9
17.064 11.2453 34442.4
17.065 11.3154 34857
17.066 11.3855 35274.6
17.067 11.4556 35695.4
17.068 11.5256 36119.1
17.069 11.5955 36545.7
17.07 11.6653 36975.2
17.071 11.7349 37407.4
17.072 11.8044 37842.5
17.073 11.8737 38280.1
17.074 11.9427 38720.4
17.075 12.0115 39163.3
17.076 12.08 39608.6
17.077 12.1481 40056.3
17.078 12.216 40506.4
17.079 12.2835 40958.7
17.08 12.3507 41413.3
17.081 12.4174 41870
17.082 12.4837 42328.9
17.083 12.5496 42789.8
17.084 12.615 43252.8
17.085 12.68 43717.8
17.086 12.7446 44184.8
17.087 12.8086 44653.7
17.088 12.8721 45124.5
17.089 12.9352 45597.1
17.09 12.9977 46071.5
17.091 13.0597 46547.8
17.092 13.1211 47025.7
17.093 13.182 47505.1
17.094 13.2422 47986.1
17.095 13.3018 48468.5
17.096 13.3607 48952.2
17.097 13.419 49437
17.098 13.4765 49923
17.099 13.5333 50410
17.1 13.5894 50897.9
17.101 13.6446 51386.7
17.102 13.6991 51876.1
17.103 13.7527 52366
17.104 13.8054 52856.3
17.105 13.8572 53346.8
17.106 13.9081 53837.4
17.107 13.958 54327.9
17.108 14.0068 54818.2
17.109 14.0546 55308.2
17.11 14.1014 55797.6
17.111 14.147 56286.4
17.112 14.1915 56774.4
17.113 14.2349 57261.6
17.114 14.2772 57747.7
17.115 14.3183 58232.8
17.116 14.3582 58716.6
17.117 14.3969 59199.1
17.118 14.4345 59680.2
17.119 14.4708 60159.8
17.12 14.5059 60637.7
17.121 14.5398 61114
17.122 14.5725 61588.4
17.123 14.604 62061
17.124 14.6343 62531.7
17.125 14.6634 63000.6
17.126 14.6914 63467.5
17.127 14.7182 63932.4
17.128 14.7438 64395.3
17.129 14.7683 64856.1
17.13 14.7917 65314.8
17.131 14.814 65771.5
17.132 14.8352 66225.9
17.133 14.8552 66678.1
17.134 14.8742 67128
17.135 14.8921 67575.5
17.136 14.909 68020.7
17.137 14.9247 68463.3
17.138 14.9394 68903.5
17.139 14.953 69341.1
17.14 14.9656 69776.1
17.141 14.9772 70208.4
17.142 14.9877 70638
17.143 14.9972 71064.8
17.144 15.0057 71488.9
17.145 15.0131 71910.1
17.146 15.0196 72328.4
17.147 15.0251 72743.8
17.148 15.0296 73156.2
17.149 15.0332 73565.7
17.15 15.0358 73972.1
17.151 15.0375 74375.4
17.152 15.0382 74775.5
17.153 15.0378 75172.1
17.154 15.0365 75565.1
17.155 15.034 75954.4
17.156 15.0305 76339.8
17.157 15.0259 76721.1
17.158 15.0201 77098.2
17.159 15.0131 77470.8
17.16 15.005 77838.8
17.161 14.9956 78202.2
17.162 14.985 78560.5
17.163 14.9731 78913.7
17.164 14.9599 79261.6
17.165 14.9453 79603.9
17.166 14.9293 79940.4
17.167 14.9119 80271
17.168 14.893 80595.4
17.169 14.8727 80913.5
17.17 14.8508 81225
17.171 14.8274 81529.8
17.172 14.8025 81827.6
17.173 14.7759 82118.3
17.174 14.7477 82401.6
17.175 14.7178 82677.4
17.176 14.6862 82945.3
17.177 14.6528 83205.3
17.178 14.6178 83457.1
17.179 14.5809 83700.6
17.18 14.5422 83935.4
17.181 14.5017 84161.6
17.182 14.4594 84378.9
17.183 14.4152 84587.2
17.184 14.3691 84786.4
17.185 14.3212 84976.4
17.186 14.2715 85156.9
17.187 14.2199 85328.1
17.188 14.1664 85489.6
17.189 14.111 85641.5
17.19 14.0538 85783.6
17.191 13.9947 85915.8
17.192 13.9337 86038.1
17.193 13.8708 86150.4
17.194 13.8062 86252.7
17.195 13.7397 86345
17.196 13.6714 86427.2
17.197 13.6013 86499.4
17.198 13.5294 86561.4
17.199 13.4558 86613.3
17.2 13.3804 86655.1
17.201 13.3033 86686.7
17.202 13.2244 86708.1
17.203 13.1439 86719.6
17.204 13.0617 86720.7
17.205 12.9779 86711.7
17.206 12.8925 86692.3
17.207 12.8056 86662.5
17.208 12.717 86622.5
17.209 12.627 86572.2
17.21 12.5355 86511.9
17.211 12.4426 86441.4
17.212 12.3482 86360.9
17.213 12.2524 86270.5
17.214 12.1551 86170.2
17.215 12.0565 86060
17.216 11.9565 85940.1
17.217 11.8552 85810.5
17.218 11.7525 85671.2
17.219 11.6485 85522.3
17.22 11.5431 85364
17.221 11.4365 85196.2
17.222 11.3286 85018.9
17.223 11.2194 84832.3
17.224 11.1088 84636.2
17.225 10.997 84430.7
17.226 10.8837 84215.7
17.227 10.7692 83991.4
17.228 10.6533 83757.6
17.229 10.536 83514.5
17.23 10.4174 83262
17.231 10.2974 83000.2
17.232 10.1759 82728.9
17.233 10.0531 82448.3
17.234 9.92881 82158.2
17.235 9.80305 81858.6
17.236 9.6758 81549.6
17.237 9.54703 81231
17.238 9.41673 80903
17.239 9.28486 80565.4
17.24 9.15142 80218.2
17.241 9.01637 79861.5
17.242 8.8797 79495.3
17.243 8.74139 79119.5
17.244 8.60142 78734.2
17.245 8.45978 78339.4
17.246 8.31643 77935
17.247 8.17136 77521.1
17.248 8.02457 77097.8
17.249 7.87601 76665
17.25 7.72569 76222.7
17.251 7.57359 75771
17.252 7.4197 75310.1
17.253 7.26402 74839.9
17.254 7.10656 74360.5
17.255 6.94731 73872.2
17.256 6.78629 73374.9
17.257 6.62348 72868.8
17.258 6.45891 72354
17.259 6.29256 71830.6
17.26 6.12445 71298.7
17.261 5.95458 70758.5
17.262 5.78299 70210.2
17.263 5.60971 69654
17.264 5.4348 69090.2
17.265 5.25828 68519
17.266 5.08021 67940.7
17.267 4.90062 67355.5
17.268 4.71956 66763.7
17.269 4.53707 66165.5
17.27 4.3532 65561.2
17.271 4.168 64951.1
17.272 3.98154 64335.5
17.273 3.79389 63714.8
17.274 3.60513 63089.3
17.275 3.41533 62459.3
17.276 3.22457 61825.4
17.277 3.03293 61187.7
17.278 2.84049 60546.6
17.279 2.64733 59902.6
17.28 2.45353 59256
17.281 2.25919 58607.1
17.282 2.0644 57956.4
17.283 1.86927 57304.2
17.284 1.6739 56651.1
17.285 1.47841 55997.4
17.286 1.28289 55343.5
17.287 1.08747 54689.9
17.288 0.892253 54037
17.289 0.697354 53385.3
17.29 0.502889 52735
17.291 0.308974 52086.7
17.292 0.115723 51440.7
17.293 -0.0767514 50797.4
17.294 -0.268335 50157.2
17.295 -0.45891 49520.5
17.296 -0.648358 48887.7
17.297 -0.836561 48259.1
17.298 -1.0234 47635.1
17.299 -1.20875 47016.1
17.3 -1.39249 46402.4
17.301 -1.5745 45794.5
17.302 -1.75469 45192.5
17.303 -1.93295 44596.8
17.304 -2.1092 44007.7
17.305 -2.28333 43425.3
17.306 -2.45525 42850.1
17.307 -2.62485 42282.1
17.308 -2.79206 41721.8
17.309 -2.95677 41169.3
17.31 -3.11889 40624.9
17.311 -3.27834 40088.8
17.312 -3.43505 39561.2
17.313 -3.58895 39042.3
17.314 -3.73999 38532.1
17.315 -3.88811 38030.9
17.316 -4.03324 37538.8
17.317 -4.17533 37055.9
17.318 -4.31433 36582.4
17.319 -4.45019 36118.3
17.32 -4.58286 35663.8
17.321 -4.71229 35219
17.322 -4.83844 34784
17.323 -4.96128 34358.8
17.324 -5.08079 33943.7
17.325 -5.19692 33538.5
17.326 -5.30966 33143.5
17.327 -5.41899 32758.6
17.328 -5.52487 32383.9
17.329 -5.62729 32019.5
17.33 -5.72624 31665.5
17.331 -5.82169 31321.8
17.332 -5.9136 30988.6
17.333 -6.00193 30666.1
17.334 -6.08665 30354.4
17.335 -6.1677 30053.7
17.336 -6.24507 29764.1
17.337 -6.31871 29485.7
17.338 -6.3886 29218.6
17.339 -6.4547 28963.1
17.34 -6.517 28719.1
17.341 -6.57547 28486.9
17.342 -6.63007 28266.6
17.343 -6.68075 28058.4
17.344 -6.72748 27862.5
17.345 -6.77022 27679
17.346 -6.80892 27508.1
17.347 -6.84358 27350
17.348 -6.87414 27204.9
17.349 -6.90059 27072.9
17.35 -6.9229 26954.2
17.351 -6.94105 26848.9
17.352 -6.95498 26757.3
17.353 -6.96467 26679.5
17.354 -6.97006 26615.9
17.355 -6.97112 26566.5
17.356 -6.96781 26531.5
17.357 -6.9601 26511.3
17.358 -6.94795 26506
17.359 -6.93131 26515.9
17.36 -6.91019 26541.3
17.361 -6.88453 26582.3
17.362 -6.85432 26639.2
17.363 -6.81953 26712
17.364 -6.78014 26801.1
17.365 -6.73612 26906.4
17.366 -6.68746 27028.2
17.367 -6.63414 27166.5
17.368 -6.57613 27321.6
17.369 -6.51342 27493.5
17.37 -6.44599 27682.3
17.371 -6.37384 27888.2
17.372 -6.29698 28111.1
17.373 -6.21542 28351
17.374 -6.1292 28607.9
17.375 -6.03833 28881.7
17.376 -5.94284 29172.5
17.377 -5.84274 29480
17.378 -5.73806 29804.4
17.379 -5.62882 30145.5
17.38 -5.51505 30503.2
17.381 -5.39678 30877.4
17.382 -5.27404 31268
17.383 -5.1469 31674.8
17.384 -5.01539 32097.7
17.385 -4.87958 32536.3
17.386 -4.73951 32990.5
17.387 -4.59523 33460.2
17.388 -4.44679 33945
17.389 -4.29425 34444.8
17.39 -4.13766 34959.3
17.391 -3.97707 35488.2
17.392 -3.81255 36031.4
17.393 -3.64417 36588.4
17.394 -3.472 37159
17.395 -3.29612 37742.9
17.396 -3.1166 38339.6
17.397 -2.93351 38949
17.398 -2.74692 39570.6
17.399 -2.55693 40204.2
17.4 -2.3636 40849.3
17.401 -2.16701 41505.6
17.402 -1.96726 42172.8
17.403 -1.76444 42850.4
17.404 -1.55863 43538.1
17.405 -1.34994 44235.4
17.406 -1.13846 44942
17.407 -0.924302 45657.5
17.408 -0.707561 46381.4
17.409 -0.488347 47113.4
17.41 -0.266769 47852.9
17.411 -0.0429457 48599.7
17.412 0.183 49353.3
17.413 0.410938 50113.1
17.414 0.640731 50878.9
17.415 0.87224 51650
17.416 1.10532 52426.1
17.417 1.33983 53206.7
17.418 1.57561 53991.3
17.419 1.8125 54779.5
17.42 2.05036 55570.8
17.421 2.28901 56364.8
17.422 2.52828 57161
17.423 2.76802 57959
17.424 3.00805 58758.2
17.425 3.24818 59558.3
17.426 3.48825 60358.7
17.427 3.72807 61159.1
17.428 3.96746 61958.9
17.429 4.20623 62757.7
17.43 4.4442 63555.1
17.431 4.68118 64350.6
17.432 4.91697 65143.8
17.433 5.15135 65934
17.434 5.38412 66720.8
17.435 5.61507 67503.8
17.436 5.844 68282.4
17.437 6.0707 69056.2
17.438 6.29496 69824.6
17.439 6.51658 70587.3
17.44 6.73537 71343.6
17.441 6.95112 72093.3
17.442 7.16365 72835.7
17.443 7.37275 73570.4
17.444 7.57825 74297.1
17.445 7.77996 75015.1
17.446 7.9777 75724.2
17.447 8.1713 76423.9
17.448 8.36059 77113.7
17.449 8.54541 77793.2
17.45 8.7256 78462.1
17.451 8.90101 79119.8
17.452 9.07149 79766
17.453 9.23689 80400.2
17.454 9.39704 81021.9
17.455 9.55183 81630.8
17.456 9.70111 82226.4
17.457 9.84477 82808.2
17.458 9.98268 83375.9
17.459 10.1147 83929
17.46 10.2409 84467.2
17.461 10.3609 84990
17.462 10.4749 85497.2
17.463 10.5826 85988.3
17.464 10.684 86462.9
17.465 10.7791 86920.7
17.466 10.8678 87361.3
17.467 10.9501 87784.4
17.468 11.0259 88189.7
17.469 11.0951 88576.9
17.47 11.1578 88945.5
17.471 11.2139 89295.4
17.472 11.2634 89626.2
17.473 11.3064 89937.6
17.474 11.3427 90229.5
17.475 11.3724 90501.5
17.476 11.3955 90753.4
17.477 11.4121 90985.1
17.478 11.4221 91196.1
17.479 11.4255 91386.4
17.48 11.4224 91555.7
17.481 11.4129 91703.8
17.482 11.3968 91830.5
17.483 11.3744 91935.8
17.484 11.3456 92019.5
17.485 11.3104 92081.5
17.486 11.269 92121.6
17.487 11.2213 92139.7
17.488 11.1674 92135.6
17.489 11.1074 92108.3
17.49 11.0413 92057.7
17.491 10.9692 91983.7
17.492 10.8911 91886.3
17.493 10.8071 91765.6
17.494 10.7172 91621.4
17.495 10.6215 91453.9
17.496 10.52 91263
17.497 10.4129 91048.9
17.498 10.3002 90811.4
17.499 10.1819 90550.7
17.5 10.058 90266.9
17.501 9.92871 89960
17.502 9.79399 89630.1
17.503 9.6539 89277.4
17.504 9.50851 88901.9
17.505 9.35787 88503.8
17.506 9.20202 88083.3
17.507 9.04102 87640.4
17.508 8.8749 87175.4
17.509 8.70372 86688.5
17.51 8.52751 86179.7
17.511 8.34631 85649.3
17.512 8.16017 85097.5
17.513 7.96911 84524.5
17.514 7.77318 83930.5
17.515 7.57241 83315.8
17.516 7.36684 82680.4
17.517 7.15649 82024.8
17.518 6.9414 81349.1
17.519 6.72159 80653.5
17.52 6.4971 79938.4
17.521 6.26795 79204
17.522 6.03417 78450.6
17.523 5.79577 77678.3
17.524 5.55278 76887.6
17.525 5.30521 76078.6
17.526 5.05309 75251.6
17.527 4.79645 74406.9
17.528 4.53529 73544.8
17.529 4.26966 72665.6
17.53 3.99958 71769.5
17.531 3.72507 70857
17.532 3.44616 69928.3
17.533 3.16287 68983.7
17.534 2.87524 68023.5
17.535 2.58329 67047.9
17.536 2.28707 66057.5
17.537 1.98662 65052.3
17.538 1.68198 64032.9
17.539 1.37321 62999.5
17.54 1.06037 61952.4
17.541 0.743522 60892
17.542 0.422748 59818.7
17.543 0.0981288 58732.8
17.544 -0.23024 57634.7
17.545 -0.562252 56524.8
17.546 -0.897784 55403.3
17.547 -1.23671 54270.8
17.548 -1.57887 53127.6
17.549 -1.92412 51974
17.55 -2.2723 50810.5
17.551 -2.62321 49637.5
17.552 -2.97668 48455.2
17.553 -3.33252 47264.2
17.554 -3.6905 46064.8
17.555 -4.05043 44857.4
17.556 -4.41206 43642.2
17.557 -4.77516 42419.9
17.558 -5.13947 41190.6
17.559 -5.50474 39954.9
17.56 -5.87069 38713
17.561 -6.23702 37465.5
17.562 -6.60344 36212.7
17.563 -6.96963 34955.1
17.564 -7.33527 33693.2
17.565 -7.70001 32427.3
17.566 -8.06354 31158.1
17.567 -8.4255 29885.8
17.568 -8.78554 28610.9
17.569 -9.14334 27334
17.57 -9.49854 26055.3
17.571 -9.85079 24775.5
17.572 -10.1997 23495
17.573 -10.545 22214.3
17.574 -10.8863 20933.8
17.575 -11.2232 19654.1
17.576 -11.5555 18375.6
17.577 -11.8827 17098.8
17.578 -12.2046 15824.2
17.579 -12.5208 14552.2
17.58 -12.8312 13283.4
17.581 -13.1353 12018.2
17.582 -13.433 10757
17.583 -13.724 9500.31
17.584 -14.008 8248.63
17.585 -14.2849 7002.4
17.586 -14.5544 5762.06
17.587 -14.8164 4528.07
17.588 -15.0707 3300.85
17.589 -15.3171 2080.83
17.59 -15.5556 868.425
17.591 -15.7861 -335.939
17.592 -16.0085 -1531.84
17.593 -16.2226 -2718.86
17.594 -16.4285 -3896.57
17.595 -16.6261 -5064.58
17.596 -16.8154 -6222.49
17.597 -16.9964 -7369.91
17.598 -17.1691 -8506.47
17.599 -17.3335 -9631.79
17.6 -17.4898 -10745.5
17.601 -17.6379 -11847.3
17.602 -17.7779 -12936.8
17.603 -17.9099 -14013.6
17.604 -18.0339 -15077.3
17.605 -18.1501 -16127.8
17.606 -18.2586 -17164.5
17.607 -18.3594 -18187.2
17.608 -18.4528 -19195.5
17.609 -18.5387 -20189.2
17.61 -18.6174 -21168
17.611 -18.6889 -22131.5
17.612 -18.7535 -23079.6
17.613 -18.8112 -24012.2
17.614 -18.8623 -24928.9
17.615 -18.9069 -25829.6
17.616 -18.9452 -26714.3
17.617 -18.9773 -27582.6
17.618 -19.0034 -28434.6
17.619 -19.0237 -29269.9
17.62 -19.0383 -30088.6
17.621 -19.0473 -30890.4
17.622 -19.051 -31675.4
17.623 -19.0494 -32443.4
17.624 -19.0428 -33194.4
17.625 -19.0314 -33928.3
17.626 -19.0152 -34645.2
17.627 -18.9944 -35345
17.628 -18.9692 -36027.7
17.629 -18.9397 -36693.2
17.63 -18.906 -37341.6
17.631 -18.8683 -37972.8
17.632 -18.8268 -38586.9
17.633 -18.7815 -39184
17.634 -18.7326 -39764
17.635 -18.6802 -40327.2
17.636 -18.6244 -40873.5
17.637 -18.5655 -41403.1
17.638 -18.5034 -41916
17.639 -18.4384 -42412.3
17.64 -18.3704 -42892.2
17.641 -18.2997 -43355.7
17.642 -18.2263 -43802.9
17.643 -18.1504 -44233.9
17.644 -18.0719 -44648.8
17.645 -17.9911 -45047.9
17.646 -17.9079 -45431.1
17.647 -17.8225 -45798.6
17.648 -17.735 -46150.5
17.649 -17.6455 -46487
17.65 -17.5539 -46808.2
17.651 -17.4604 -47114.2
17.652 -17.3651 -47405.2
17.653 -17.2679 -47681
17.654 -17.169 -47942
17.655 -17.0683 -48188
17.656 -16.966 -48419.3
17.657 -16.8619 -48635.7
17.658 -16.7563 -48837.6
17.659 -16.649 -49024.9
17.66 -16.5402 -49197.7
17.661 -16.4299 -49356.1
17.662 -16.3181 -49500.2
17.663 -16.2048 -49630
17.664 -16.0901 -49745.7
17.665 -15.9739 -49847.3
17.666 -15.8563 -49935
17.667 -15.7373 -50008.7
17.668 -15.617 -50068.5
17.669 -15.4953 -50114.7
17.67 -15.3723 -50147.2
17.671 -15.248 -50166.1
17.672 -15.1224 -50171.2
17.673 -14.9954 -50162.4
17.674 -14.8672 -50139.5
17.675 -14.7377 -50102.4
17.676 -14.607 -50051.1
17.677 -14.475 -49985.8
17.678 -14.3418 -49906.5
17.679 -14.2073 -49813.4
17.68 -14.0716 -49706.6
17.681 -13.9347 -49586.2
17.682 -13.7966 -49452.2
17.683 -13.6572 -49304.9
17.684 -13.5167 -49144.2
17.685 -13.3749 -48970.3
17.686 -13.2319 -48783.3
17.687 -13.0878 -48583.3
17.688 -12.9424 -48370.4
17.689 -12.7958 -48144.8
17.69 -12.648 -47906.5
17.691 -12.4991 -47655.7
17.692 -12.3489 -47392.5
17.693 -12.1976 -47117.1
17.694 -12.0451 -46829.7
17.695 -11.8914 -46530.5
17.696 -11.7366 -46219.5
17.697 -11.5807 -45897.1
17.698 -11.4237 -45563.3
17.699 -11.2656 -45218.4
17.7 -11.1064 -44862.5
17.701 -10.9461 -44495.8
17.702 -10.7848 -44118.6
17.703 -10.6225 -43731.1
17.704 -10.4591 -43333.5
17.705 -10.2948 -42926
17.706 -10.1295 -42508.9
17.707 -9.96329 -42082.4
17.708 -9.79616 -41646.8
17.709 -9.62815 -41202.3
17.71 -9.45928 -40749.1
17.711 -9.28958 -40287.5
17.712 -9.11906 -39817.8
17.713 -8.94777 -39340.2
17.714 -8.77572 -38854.9
17.715 -8.60294 -38362.2
17.716 -8.42947 -37862.4
17.717 -8.25532 -37355.8
17.718 -8.08053 -36842.5
17.719 -7.90513 -36322.9
17.72 -7.72915 -35797.2
17.721 -7.55263 -35265.7
17.722 -7.37557 -34728.7
17.723 -7.19801 -34186.3
17.724 -7.01998 -33638.9
17.725 -6.8415 -33086.6
17.726 -6.66259 -32529.8
17.727 -6.4833 -31968.6
17.728 -6.30363 -31403.3
17.729 -6.12363 -30834.2
17.73 -5.94332 -30261.5
17.731 -5.76275 -29685.5
17.732 -5.58194 -29106.5
17.733 -5.40095 -28524.6
17.734 -5.21981 -27940.3
17.735 -5.03857 -27353.8
17.736 -4.85727 -26765.3
17.737 -4.67596 -26175.2
17.738 -4.4947 -25583.7
17.739 -4.31352 -24991.2
17.74 -4.13248 -24397.9
17.741 -3.95162 -23804
17.742 -3.77099 -23209.8
17.743 -3.59063 -22615.6
17.744 -3.41056 -22021.5
17.745 -3.23082 -21427.8
17.746 -3.05146 -20834.7
17.747 -2.87252 -20242.4
17.748 -2.69403 -19651.1
17.749 -2.51604 -19061.1
17.75 -2.3386 -18472.6
17.751 -2.16175 -17885.8
17.752 -1.98555 -17300.9
17.753 -1.81007 -16718.3
17.754 -1.63537 -16138.1
17.755 -1.46153 -15560.7
17.756 -1.2886 -14986.4
17.757 -1.11665 -14415.4
17.758 -0.945762 -13847.9
17.759 -0.775997 -13284.2
17.76 -0.607428 -12724.7
17.761 -0.440124 -12169.5
17.762 -0.274151 -11618.8
17.763 -0.109573 -11072.9
17.764 0.0535425 -10532.1
17.765 0.21513 -9996.47
17.766 0.375122 -9466.3
17.767 0.533451 -8941.78
17.768 0.690049 -8423.13
17.769 0.844847 -7910.55
17.77 0.997778 -7404.26
17.771 1.14877 -6904.46
17.772 1.29774 -6411.41
17.773 1.44461 -5925.34
17.774 1.58929 -5446.53
17.775 1.73169 -4975.2
17.776 1.87174 -4511.6
17.777 2.00935 -4055.97
17.778 2.14444 -3608.54
17.779 2.27693 -3169.55
17.78 2.40674 -2739.22
17.781 2.5338 -2317.77
17.782 2.65803 -1905.4
17.783 2.77938 -1502.29
17.784 2.89777 -1108.63
17.785 3.01315 -724.591
17.786 3.12545 -350.359
17.787 3.23461 13.9034
17.788 3.34058 368.029
17.789 3.4433 711.859
17.79 3.54272 1045.24
17.791 3.63878 1368.01
17.792 3.73145 1680.04
17.793 3.82066 1981.16
17.794 3.90637 2271.26
17.795 3.98855 2550.19
17.796 4.06715 2817.82
17.797 4.14213 3074.02
17.798 4.21347 3318.68
17.799 4.28111 3551.69
17.8 4.34504 3772.93
17.801 4.40523 3982.31
17.802 4.46166 4179.77
17.803 4.51433 4365.28
17.804 4.56323 4538.81
17.805 4.60835 4700.32
17.806 4.6497 4849.79
17.807 4.68728 4987.21
17.808 4.72109 5112.55
17.809 4.75113 5225.8
17.81 4.77742 5326.96
17.811 4.79996 5416.04
17.812 4.81877 5493.06
17.813 4.83387 5558.06
17.814 4.84528 5611.08
17.815 4.85303 5652.17
17.816 4.85715 5681.39
17.817 4.85765 5698.78
17.818 4.85458 5704.42
17.819 4.84791 5698.2
17.82 4.83778 5680.07
17.821 4.82415 5650.11
17.822 4.80709 5608.48
17.823 4.78666 5555.35
17.824 4.76292 5490.89
17.825 4.73594 5415.3
17.826 4.70578 5328.76
17.827 4.67251 5231.46
17.828 4.63619 5123.6
17.829 4.59688 5005.38
17.83 4.55466 4877.01
17.831 4.50958 4738.69
17.832 4.46173 4590.64
17.833 4.41117 4433.07
17.834 4.35796 4266.2
17.835 4.30219 4090.26
17.836 4.24391 3905.47
17.837 4.1832 3712.07
17.838 4.12013 3510.3
17.839 4.05477 3300.38
17.84 3.9872 3082.57
17.841 3.91748 2857.09
17.842 3.84568 2624.15
17.843 3.77184 2383.94
17.844 3.69603 2136.66
17.845 3.6183 1882.49
17.846 3.53871 1621.64
17.847 3.45732 1354.32
17.848 3.37419 1080.72
17.849 3.28938 801.061
17.85 3.20293 515.548
17.851 3.11492 224.375
17.852 3.02537 -72.3094
17.853 2.93432 -374.375
17.854 2.84181 -681.69
17.855 2.74786 -994.122
17.856 2.65253 -1311.54
17.857 2.55583 -1633.8
17.858 2.45782 -1960.76
17.859 2.35852 -2292.3
17.86 2.25797 -2628.26
17.861 2.15621 -2968.51
17.862 2.05325 -3312.99
17.863 1.94911 -3661.63
17.864 1.84379 -4014.35
17.865 1.73732 -4371.11
17.866 1.6297 -4731.84
17.867 1.52096 -5096.46
17.868 1.4111 -5464.91
17.869 1.30015 -5837.12
17.87 1.18812 -6213.03
17.871 1.07502 -6592.54
17.872 0.960898 -6975.57
17.873 0.845765 -7362
17.874 0.729651 -7751.74
17.875 0.612587 -8144.66
17.876 0.494602 -8540.67
17.877 0.375725 -8939.65
17.878 0.255987 -9341.49
17.879 0.135421 -9746.07
17.88 0.0140587 -10153.3
17.881 -0.108059 -10563
17.882 -0.230877 -10975
17.883 -0.354334 -11389.2
17.884 -0.478368 -11805.2
17.885 -0.602916 -12223
17.886 -0.727914 -12642.2
17.887 -0.853298 -13062.7
17.888 -0.979003 -13484.3
17.889 -1.10496 -13906.8
17.89 -1.23111 -14330
17.891 -1.35738 -14753.6
17.892 -1.48367 -15177.3
17.893 -1.6099 -15600.9
17.894 -1.73597 -16024.1
17.895 -1.86178 -16446.6
17.896 -1.98725 -16868
17.897 -2.11227 -17288.2
17.898 -2.23675 -17706.8
17.899 -2.3606 -18123.4
17.9 -2.48371 -18537.9
17.901 -2.60601 -18950
17.902 -2.72739 -19359.3
17.903 -2.84776 -19765.5
17.904 -2.96702 -20168.5
17.905 -3.08509 -20567.8
17.906 -3.20186 -20963.3
17.907 -3.31726 -21354.6
17.908 -3.43117 -21741.5
17.909 -3.54353 -22123.6
17.91 -3.65423 -22500.8
17.911 -3.76318 -22872.8
17.912 -3.8703 -23239.2
17.913 -3.97549 -23599.8
17.914 -4.07865 -23954.3
17.915 -4.1797 -24302.4
17.916 -4.27854 -24643.8
17.917 -4.37508 -24978.2
17.918 -4.46924 -25305.4
17.919 -4.56093 -25625
17.92 -4.65007 -25936.9
17.921 -4.73658 -26240.8
17.922 -4.8204 -26536.4
17.923 -4.90148 -26823.7
17.924 -4.97977 -27102.4
17.925 -5.05522 -27372.3
17.926 -5.12779 -27633.4
17.927 -5.19743 -27885.5
17.928 -5.2641 -28128.3
17.929 -5.32776 -28361.8
17.93 -5.38837 -28585.9
17.931 -5.44589 -28800.3
17.932 -5.50032 -29005
17.933 -5.55163 -29200
17.934 -5.5998 -29385.1
17.935 -5.64484 -29560.4
17.936 -5.68672 -29725.6
17.937 -5.72545 -29880.9
17.938 -5.76101 -30026.1
17.939 -5.79341 -30161.1
17.94 -5.82263 -30286
17.941 -5.84869 -30400.7
17.942 -5.87159 -30505.2
17.943 -5.89134 -30599.5
17.944 -5.90795 -30683.6
17.945 -5.92143 -30757.5
17.946 -5.93181 -30821.2
17.947 -5.93911 -30874.7
17.948 -5.94333 -30918.1
17.949 -5.94449 -30951.4
17.95 -5.94263 -30974.5
17.951 -5.93776 -30987.6
17.952 -5.92991 -30990.6
17.953 -5.91907 -30983.6
17.954 -5.90534 -30966.5
17.955 -5.88867 -30939.4
17.956 -5.86913 -30902.4
17.957 -5.84673 -30855.5
17.958 -5.8215 -30798.7
17.959 -5.79347 -30732.2
17.96 -5.76268 -30656
17.961 -5.72915 -30570.2
17.962 -5.69289 -30474.7
17.963 -5.65394 -30369.7
17.964 -5.61229 -30255.1
17.965 -5.56798 -30131
17.966 -5.52101 -29997.3
17.967 -5.4714 -29854.3
17.968 -5.41918 -29701.7
17.969 -5.36435 -29539.9
17.97 -5.30695 -29368.7
17.971 -5.24698 -29188.2
17.972 -5.18446 -28998.4
17.973 -5.11938 -28799.4
17.974 -5.05176 -28591.1
17.975 -4.98161 -28373.5
17.976 -4.90891 -28146.7
17.977 -4.83369 -27910.7
17.978 -4.75595 -27665.4
17.979 -4.67569 -27411
17.98 -4.59293 -27147.4
17.981 -4.50767 -26874.7
17.982 -4.41992 -26592.9
17.983 -4.32969 -26302.1
17.984 -4.237 -26002.3
17.985 -4.14184 -25693.5
17.986 -4.04424 -25375.8
17.987 -3.94421 -25049.3
17.988 -3.84175 -24714
17.989 -3.73688 -24369.9
17.99 -3.62962 -24017.2
17.991 -3.51998 -23655.9
17.992 -3.40798 -23286.1
17.993 -3.29364 -22908
17.994 -3.17699 -22521.5
17.995 -3.05805 -22126.9
17.996 -2.93685 -21724.3
17.997 -2.81342 -21313.7
17.998 -2.68779 -20895.3
17.999 -2.55997 -20469.3
18 -2.43001 -20035.7
18.001 -2.29793 -19594.6
18.002 -2.16379 -19146.4
18.003 -2.02764 -18691.3
18.004 -1.88954 -18229.3
18.005 -1.74955 -17760.9
18.006 -1.60773 -17286.2
18.007 -1.46413 -16805.5
18.008 -1.31884 -16318.9
18.009 -1.17189 -15826.8
18.01 -1.02337 -15329.4
18.011 -0.873327 -14826.9
18.012 -0.721848 -14319.6
18.013 -0.569005 -13807.8
18.014 -0.414875 -13291.7
18.015 -0.259537 -12771.7
18.016 -0.103071 -12248
18.017 0.0544416 -11720.9
18.018 0.212918 -11190.7
18.019 0.372273 -10657.7
18.02 0.53242 -10122.1
18.021 0.693269 -9584.27
18.022 0.854732 -9044.48
18.023 1.01672 -8503.01
18.024 1.17913 -7960.14
18.025 1.34188 -7416.18
18.026 1.50488 -6871.39
18.027 1.66801 -6326.08
18.028 1.8312 -5780.54
18.029 1.99434 -5235.04
18.03 2.15734 -4689.88
18.031 2.32009 -4145.36
18.032 2.48248 -3601.77
18.033 2.64442 -3059.44
18.034 2.80578 -2518.67
18.035 2.96645 -1979.78
18.036 3.12634 -1443.07
18.037 3.28532 -908.851
18.038 3.44328 -377.431
18.039 3.60013 150.885
18.04 3.75574 675.793
18.041 3.91001 1197
18.042 4.06283 1714.23
18.043 4.21412 2227.21
18.044 4.36377 2735.68
18.045 4.51167 3239.37
18.046 4.65775 3738.04
18.047 4.80189 4231.42
18.048 4.944 4719.26
18.049 5.084 5201.31
18.05 5.22179 5677.32
18.051 5.35728 6147.07
18.052 5.49041 6610.34
18.053 5.62109 7066.97
18.054 5.74928 7516.77
18.055 5.87489 7959.57
18.056 5.99788 8395.2
18.057 6.11817 8823.5
18.058 6.23571 9244.3
18.059 6.35045 9657.44
18.06 6.46233 10062.8
18.061 6.5713 10460.1
18.062 6.67731 10849.4
18.063 6.78034 11230.5
18.064 6.88035 11603.3
18.065 6.9773 11967.7
18.066 7.07117 12323.6
18.067 7.16193 12670.8
18.068 7.24955 13009.3
18.069 7.334 13339
18.07 7.41528 13659.8
18.071 7.49336 13971.6
18.072 7.56821 14274.4
18.073 7.63982 14567.9
18.074 7.70817 14852.2
18.075 7.77324 15127
18.076 7.83501 15392.4
18.077 7.89348 15648.2
18.078 7.94864 15894.4
18.079 8.00047 16130.8
18.08 8.04898 16357.5
18.081 8.09416 16574.2
18.082 8.136 16781
18.083 8.1745 16977.7
18.084 8.20964 17164.2
18.085 8.24143 17340.5
18.086 8.26986 17506.5
18.087 8.29493 17662.1
18.088 8.31666 17807.3
18.089 8.33503 17941.9
18.09 8.35006 18065.9
18.091 8.36176 18179.3
18.092 8.37012 18282
18.093 8.37514 18373.8
18.094 8.37684 18454.8
18.095 8.37521 18524.9
18.096 8.37026 18583.9
18.097 8.362 18631.9
18.098 8.35043 18668.7
18.099 8.33557 18694.4
18.1 8.31743 18708.9
18.101 8.29602 18712
18.102 8.27133 18703.8
18.103 8.24341 18683.9
18.104 8.21226 18652.4
18.105 8.17789 18609.2
18.106 8.14033 18554.4
18.107 8.09958 18487.9
18.108 8.05567 18409.7
18.109 8.0086 18319.8
18.11 7.95841 18218.2
18.111 7.90511 18104.9
18.112 7.84872 17980
18.113 7.78926 17843.3
18.114 7.72675 17695
18.115 7.66121 17535.1
18.116 7.59267 17363.5
18.117 7.52114 17180.4
18.118 7.44664 16985.7
18.119 7.3692 16779.6
18.12 7.28884 16562
18.121 7.20559 16332.9
18.122 7.11947 16092.6
18.123 7.03051 15841
18.124 6.93875 15578.3
18.125 6.84421 15304.5
18.126 6.74694 15019.8
18.127 6.64695 14724.3
18.128 6.54429 14418
18.129 6.43898 14101.1
18.13 6.33106 13773.7
18.131 6.22056 13435.9
18.132 6.10753 13088
18.133 5.99202 12730
18.134 5.87408 12362.2
18.135 5.75375 11984.9
18.136 5.63108 11598.1
18.137 5.50613 11202.1
18.138 5.37895 10797.1
18.139 5.24959 10383.2
18.14 5.1181 9960.86
18.141 4.98452 9530.12
18.142 4.84893 9091.25
18.143 4.71137 8644.53
18.144 4.57191 8190.2
18.145 4.43061 7728.53
18.146 4.28753 7259.77
18.147 4.14273 6784.19
18.148 3.99627 6302.06
18.149 3.84821 5813.64
18.15 3.69863 5319.2
18.151 3.54758 4819.03
18.152 3.39512 4313.38
18.153 3.24133 3802.54
18.154 3.08626 3286.79
18.155 2.92998 2766.41
18.156 2.77257 2241.68
18.157 2.61408 1712.9
18.158 2.45459 1180.33
18.159 2.29417 644.274
18.16 2.13288 105.018
18.161 1.97079 -437.166
18.162 1.80797 -982.032
18.163 1.64447 -1529.35
18.164 1.48034 -2078.89
18.165 1.31565 -2630.41
18.166 1.15045 -3183.68
18.167 0.984809 -3738.47
18.168 0.818782 -4294.54
18.169 0.652433 -4851.66
18.17 0.485825 -5409.58
18.171 0.319023 -5968.08
18.172 0.152085 -6526.95
18.173 -0.0149299 -7085.97
18.174 -0.18196 -7644.96
18.175 -0.348943 -8203.69
18.176 -0.515814 -8761.96
18.177 -0.68251 -9319.58
18.178 -0.848963 -9876.33
18.179 -1.01511 -10432
18.18 -1.18088 -10986.4
18.181 -1.3462 -11539.4
18.182 -1.51099 -12090.6
18.183 -1.67519 -12639.9
18.184 -1.8387 -13187
18.185 -2.00145 -13731.7
18.186 -2.16336 -14273.9
18.187 -2.32434 -14813.1
18.188 -2.48432 -15349.4
18.189 -2.64322 -15882.3
18.19 -2.80095 -16411.7
18.191 -2.95743 -16937.5
18.192 -3.11259 -17459.3
18.193 -3.26637 -17977
18.194 -3.41868 -18490.5
18.195 -3.56946 -18999.5
18.196 -3.71864 -19503.9
18.197 -3.86614 -20003.5
18.198 -4.0119 -20498.1
18.199 -4.15586 -20987.6
18.2 -4.29794 -21471.7
18.201 -4.43807 -21950.4
18.202 -4.5762 -22423.4
18.203 -4.71226 -22890.7
18.204 -4.84619 -23351.9
18.205 -4.97793 -23807.1
18.206 -5.10741 -24256
18.207 -5.23459 -24698.5
18.208 -5.35941 -25134.5
18.209 -5.48181 -25563.7
18.21 -5.60173 -25986.2
18.211 -5.71915 -26401.6
18.212 -5.834 -26810
18.213 -5.94625 -27211.3
18.214 -6.05587 -27605.2
18.215 -6.16283 -27991.8
18.216 -6.26709 -28371
18.217 -6.36862 -28742.6
18.218 -6.4674 -29106.7
18.219 -6.5634 -29463
18.22 -6.6566 -29811.6
18.221 -6.74698 -30152.3
18.222 -6.83452 -30485.1
18.223 -6.9192 -30810
18.224 -7.00101 -31126.8
18.225 -7.07994 -31435.6
18.226 -7.15597 -31736.2
18.227 -7.22911 -32028.6
18.228 -7.29933 -32312.8
18.229 -7.36665 -32588.7
18.23 -7.43105 -32856.2
18.231 -7.49254 -33115.5
18.232 -7.55113 -33366.4
18.233 -7.60683 -33608.9
18.234 -7.65966 -33843.1
18.235 -7.70963 -34068.9
18.236 -7.75676 -34286.4
18.237 -7.80107 -34495.6
18.238 -7.84258 -34696.5
18.239 -7.88131 -34889.1
18.24 -7.91729 -35073.5
18.241 -7.95053 -35249.7
18.242 -7.98104 -35417.5
18.243 -8.0088 -35577
18.244 -8.03382 -35728
18.245 -8.05609 -35870.5
18.246 -8.07561 -36004.3
18.247 -8.09237 -36129.6
18.248 -8.10639 -36246.1
18.249 -8.11766 -36353.8
18.25 -8.12618 -36452.7
18.251 -8.13196 -36542.7
18.252 -8.13499 -36623.8
18.253 -8.13529 -36695.8
18.254 -8.13283 -36758.7
18.255 -8.12764 -36812.5
18.256 -8.1197 -36857.1
18.257 -8.10902 -36892.3
18.258 -8.09561 -36918.3
18.259 -8.07948 -36934.9
18.26 -8.06063 -36942
18.261 -8.03903 -36939.6
18.262 -8.01473 -36927.5
18.263 -7.98771 -36905.7
18.264 -7.95797 -36874
18.265 -7.92552 -36832.4
18.266 -7.89035 -36780.9
18.267 -7.85248 -36719.4
18.268 -7.81189 -36647.9
18.269 -7.7686 -36566.3
18.27 -7.72262 -36474.5
18.271 -7.67394 -36372.7
18.272 -7.62258 -36260.7
18.273 -7.56854 -36138.4
18.274 -7.51182 -36006
18.275 -7.45245 -35863.4
18.276 -7.39041 -35710.5
18.277 -7.32573 -35547.4
18.278 -7.2584 -35374
18.279 -7.18845 -35190.4
18.28 -7.11587 -34996.5
18.281 -7.0407 -34792.5
18.282 -6.96295 -34578.3
18.283 -6.88266 -34354.1
18.284 -6.79987 -34119.9
18.285 -6.71462 -33876
18.286 -6.62695 -33622.4
18.287 -6.53688 -33359.2
18.288 -6.44446 -33086.6
18.289 -6.34972 -32804.7
18.29 -6.2527 -32513.6
18.291 -6.15346 -32213.5
18.292 -6.05204 -31904.6
18.293 -5.94853 -31587.1
18.294 -5.84299 -31261.4
18.295 -5.7355 -30927.8
18.296 -5.62614 -30586.3
18.297 -5.51496 -30237.5
18.298 -5.40205 -29881.4
18.299 -5.28748 -29518.4
18.3 -5.17132 -29148.8
18.301 -5.05364 -28772.9
18.302 -4.93454 -28391
18.303 -4.8141 -28003.4
18.304 -4.6924 -27610.6
18.305 -4.56956 -27212.7
18.306 -4.44564 -26810.2
18.307 -4.32076 -26403.5
18.308 -4.19498 -25992.9
18.309 -4.06841 -25578.7
18.31 -3.94114 -25161.3
18.311 -3.81326 -24741
18.312 -3.68483 -24318.2
18.313 -3.55594 -23893.2
18.314 -3.42667 -23466.2
18.315 -3.29708 -23037.6
18.316 -3.16726 -22607.6
18.317 -3.03728 -22176.5
18.318 -2.90721 -21744.7
18.319 -2.77714 -21312.5
18.32 -2.64714 -20880.1
18.321 -2.51728 -20447.8
18.322 -2.38761 -20015.9
18.323 -2.25818 -19584.4
18.324 -2.12902 -19153.7
18.325 -2.00018 -18723.8
18.326 -1.87171 -18295
18.327 -1.74365 -17867.4
18.328 -1.61605 -17441.2
18.329 -1.48895 -17016.6
18.33 -1.3624 -16593.8
18.331 -1.23644 -16172.9
18.332 -1.1111 -15754.1
18.333 -0.986412 -15337.4
18.334 -0.862407 -14923
18.335 -0.739114 -14511
18.336 -0.61656 -14101.5
18.337 -0.494777 -13694.6
18.338 -0.373794 -13290.5
18.339 -0.253643 -12889.2
18.34 -0.134354 -12490.8
18.341 -0.0159527 -12095.5
18.342 0.101542 -11703.3
18.343 0.218116 -11314.2
18.344 0.333756 -10928.3
18.345 0.448448 -10545.6
18.346 0.562179 -10166.2
18.347 0.674934 -9790.03
18.348 0.786701 -9417.25
18.349 0.897466 -9047.85
18.35 1.00722 -8681.86
18.351 1.11593 -8319.33
18.352 1.22359 -7960.33
18.353 1.33015 -7604.95
18.354 1.43559 -7253.27
18.355 1.53989 -6905.39
18.356 1.643 -6561.37
18.357 1.74491 -6221.31
18.358 1.84558 -5885.29
18.359 1.94498 -5553.38
18.36 2.04309 -5225.66
18.361 2.13988 -4902.23
18.362 2.23529 -4583.25
18.363 2.32926 -4268.91
18.364 2.42172 -3959.39
18.365 2.51263 -3654.86
18.366 2.60192 -3355.52
18.367 2.68954 -3061.53
18.368 2.77542 -2773.06
18.369 2.85952 -2490.3
18.37 2.94177 -2213.4
18.371 3.02213 -1942.56
18.372 3.10051 -1678.01
18.373 3.17684 -1419.99
18.374 3.25104 -1168.76
18.375 3.32305 -924.54
18.376 3.39278 -687.58
18.377 3.46016 -458.11
18.378 3.52512 -236.362
18.379 3.5876 -22.562
18.38 3.64752 183.065
18.381 3.70482 380.298
18.382 3.75944 568.92
18.383 3.8113 748.715
18.384 3.86036 919.475
18.385 3.90655 1080.99
18.386 3.94981 1233.07
18.387 3.99008 1375.5
18.388 4.02732 1508.1
18.389 4.06147 1630.67
18.39 4.09247 1743.04
18.391 4.12028 1845.04
18.392 4.14488 1936.54
18.393 4.16621 2017.41
18.394 4.18427 2087.55
18.395 4.19902 2146.85
18.396 4.21045 2195.22
18.397 4.21852 2232.54
18.398 4.22322 2258.74
18.399 4.22453 2273.71
18.4 4.22244 2277.39
18.401 4.21689 2269.59
18.402 4.20798 2250.26
18.403 4.19564 2219.41
18.404 4.17992 2177.07
18.405 4.16082 2123.26
18.406 4.13836 2058.01
18.407 4.11256 1981.36
18.408 4.08344 1893.34
18.409 4.05101 1794.01
18.41 4.01531 1683.41
18.411 3.97635 1561.61
18.412 3.93416 1428.68
18.413 3.88877 1284.73
18.414 3.84022 1129.85
18.415 3.78854 964.146
18.416 3.73377 787.721
18.417 3.67594 600.69
18.418 3.61509 403.168
18.419 3.55125 195.273
18.42 3.48447 -22.8697
18.421 3.41478 -251.14
18.422 3.34221 -489.428
18.423 3.2668 -737.625
18.424 3.18859 -995.62
18.425 3.10759 -1263.29
18.426 3.02385 -1540.53
18.427 2.93739 -1827.2
18.428 2.84827 -2123.18
18.429 2.7565 -2428.34
18.43 2.66213 -2742.53
18.431 2.5652 -3065.63
18.432 2.46576 -3397.45
18.433 2.36384 -3737.84
18.434 2.25951 -4086.6
18.435 2.1528 -4443.56
18.436 2.04377 -4808.53
18.437 1.93248 -5181.33
18.438 1.81896 -5561.75
18.439 1.70327 -5949.6
18.44 1.58548 -6344.69
18.441 1.46562 -6746.81
18.442 1.34374 -7155.79
18.443 1.2199 -7571.46
18.444 1.09415 -7993.63
18.445 0.96652 -8422.11
18.446 0.837078 -8856.73
18.447 0.705869 -9297.29
18.448 0.572945 -9743.61
18.449 0.438361 -10195.5
18.45 0.302171 -10652.7
18.451 0.164435 -11115.1
18.452 0.0252218 -11582.5
18.453 -0.115391 -12054.4
18.454 -0.257327 -12530.8
18.455 -0.400505 -13011.3
18.456 -0.544846 -13495.6
18.457 -0.690267 -13983.5
18.458 -0.836686 -14474.8
18.459 -0.984017 -14969.2
18.46 -1.13218 -15466.3
18.461 -1.28108 -15965.9
18.462 -1.43063 -16467.8
18.463 -1.58074 -16971.7
18.464 -1.73134 -17477.3
18.465 -1.88231 -17984.3
18.466 -2.03358 -18492.5
18.467 -2.18505 -19001.6
18.468 -2.33662 -19511.3
18.469 -2.4882 -20021.3
18.47 -2.6397 -20531.4
18.471 -2.79101 -21041.3
18.472 -2.94204 -21550.7
18.473 -3.09269 -22059.3
18.474 -3.24283 -22566.8
18.475 -3.39238 -23072.9
18.476 -3.54122 -23577.3
18.477 -3.68925 -24079.7
18.478 -3.83637 -24579.8
18.479 -3.98246 -25077.3
18.48 -4.12743 -25571.9
18.481 -4.27116 -26063.4
18.482 -4.41355 -26551.4
18.483 -4.55448 -27035.6
18.484 -4.69385 -27515.7
18.485 -4.83155 -27991.3
18.486 -4.96746 -28462.3
18.487 -5.10148 -28928.2
18.488 -5.23351 -29388.7
18.489 -5.36343 -29843.7
18.49 -5.49116 -30292.7
18.491 -5.61659 -30735.5
18.492 -5.73962 -31171.8
18.493 -5.86018 -31601.3
18.494 -5.97817 -32023.9
18.495 -6.09352 -32439.2
18.496 -6.20613 -32847
18.497 -6.31594 -33247.1
18.498 -6.42286 -33639.2
18.499 -6.52682 -34023.1
18.5 -6.62776 -34398.5
18.501 -6.7256 -34765.3
18.502 -6.82029 -35123.2
18.503 -6.91177 -35472
18.504 -6.99999 -35811.7
18.505 -7.08491 -36141.8
18.506 -7.16646 -36462.4
18.507 -7.24462 -36773.2
18.508 -7.31934 -37074.1
18.509 -7.39059 -37364.9
18.51 -7.45832 -37645.4
18.511 -7.52251 -37915.5
18.512 -7.58315 -38175.1
18.513 -7.64022 -38424.1
18.514 -7.69371 -38662.4
18.515 -7.74363 -38889.9
18.516 -7.78997 -39106.6
18.517 -7.83272 -39312.4
18.518 -7.8719 -39507.3
18.519 -7.90749 -39691.1
18.52 -7.93952 -39863.8
18.521 -7.96798 -40025.4
18.522 -7.99287 -40175.8
18.523 -8.01421 -40315
18.524 -8.032 -40442.8
18.525 -8.04624 -40559.1
18.526 -8.05694 -40664.1
18.527 -8.06411 -40757.5
18.528 -8.06776 -40839.4
18.529 -8.06791 -40909.6
18.53 -8.06457 -40968.3
18.531 -8.05775 -41015.2
18.532 -8.04747 -41050.5
18.533 -8.03373 -41073.9
18.534 -8.01654 -41085.6
18.535 -7.99592 -41085.4
18.536 -7.97187 -41073.1
18.537 -7.94442 -41048.7
18.538 -7.91358 -41012.3
18.539 -7.87936 -40963.6
18.54 -7.84177 -40902.9
18.541 -7.80085 -40829.9
18.542 -7.75658 -40744.8
18.543 -7.709 -40647.4
18.544 -7.6581 -40537.7
18.545 -7.60389 -40415.7
18.546 -7.5464 -40281.5
18.547 -7.48563 -40134.9
18.548 -7.42159 -39976
18.549 -7.3543 -39804.7
18.55 -7.28377 -39621.1
18.551 -7.21002 -39425.2
18.552 -7.13306 -39217
18.553 -7.05294 -38996.6
18.554 -6.96965 -38763.9
18.555 -6.88324 -38519.2
18.556 -6.79372 -38262.4
18.557 -6.70111 -37993.6
18.558 -6.60545 -37712.8
18.559 -6.50675 -37420.2
18.56 -6.40505 -37115.8
18.561 -6.30036 -36799.7
18.562 -6.19272 -36472.1
18.563 -6.08217 -36133
18.564 -5.96874 -35782.6
18.565 -5.85245 -35421
18.566 -5.73336 -35048.3
18.567 -5.61148 -34664.8
18.568 -5.48686 -34270.5
18.569 -5.35952 -33865.5
18.57 -5.22951 -33450.1
18.571 -5.09686 -33024.5
18.572 -4.96162 -32588.7
18.573 -4.82385 -32143.1
18.574 -4.68359 -31687.9
18.575 -4.54091 -31223.3
18.576 -4.39585 -30749.5
18.577 -4.24847 -30266.8
18.578 -4.09883 -29775.5
18.579 -3.94697 -29275.7
18.58 -3.79296 -28767.8
18.581 -3.63686 -28252
18.582 -3.47875 -27728.6
18.583 -3.3187 -27197.9
18.584 -3.15681 -26660.4
18.585 -2.99315 -26116.4
18.586 -2.82783 -25566.2
18.587 -2.66091 -25010.2
18.588 -2.4925 -24448.7
18.589 -2.32268 -23882.2
18.59 -2.15153 -23310.9
18.591 -1.97916 -22735.2
18.592 -1.80565 -22155.6
18.593 -1.6311 -21572.3
18.594 -1.4556 -20985.7
18.595 -1.27925 -20396.2
18.596 -1.10214 -19804.2
18.597 -0.924383 -19210
18.598 -0.746066 -18614.1
18.599 -0.567296 -18016.7
18.6 -0.388177 -17418.3
18.601 -0.208812 -16819.1
18.602 -0.0293086 -16219.7
18.603 0.150226 -15620.3
18.604 0.329683 -15021.3
18.605 0.508949 -14423.1
18.606 0.687911 -13826.1
18.607 0.866454 -13230.6
18.608 1.04446 -12637
18.609 1.22182 -12045.7
18.61 1.39841 -11456.9
18.611 1.57411 -10871.1
18.612 1.74881 -10288.6
18.613 1.9224 -9709.75
18.614 2.09476 -9134.83
18.615 2.2658 -8564.18
18.616 2.43539 -7998.12
18.617 2.60342 -7436.96
18.618 2.76979 -6881.03
18.619 2.93438 -6330.64
18.62 3.09707 -5786.08
18.621 3.25778 -5247.65
18.622 3.41641 -4715.54
18.623 3.5729 -4189.95
18.624 3.72717 -3671.06
18.625 3.87914 -3159.03
18.626 4.02875 -2654.05
18.627 4.17594 -2156.29
18.628 4.32063 -1665.91
18.629 4.46275 -1183.08
18.63 4.60226 -707.953
18.631 4.73907 -240.676
18.632 4.87316 218.646
18.633 5.00448 669.92
18.634 5.13298 1113.06
18.635 5.25864 1547.99
18.636 5.38142 1974.62
18.637 5.50128 2392.88
18.638 5.61819 2802.69
18.639 5.73213 3204
18.64 5.84307 3596.73
18.641 5.95099 3980.83
18.642 6.05588 4356.29
18.643 6.15774 4723.12
18.644 6.25657 5081.33
18.645 6.35238 5430.92
18.646 6.44516 5771.92
18.647 6.53492 6104.34
18.648 6.62168 6428.2
18.649 6.70543 6743.54
18.65 6.78621 7050.39
18.651 6.86401 7348.76
18.652 6.93885 7638.68
18.653 7.01074 7920.16
18.654 7.07969 8193.21
18.655 7.14572 8457.86
18.656 7.20884 8714.12
18.657 7.26906 8962.02
18.658 7.32642 9201.6
18.659 7.38093 9432.89
18.66 7.43261 9655.93
18.661 7.48148 9870.73
18.662 7.52756 10077.3
18.663 7.57086 10275.7
18.664 7.61139 10465.8
18.665 7.64915 10647.6
18.666 7.68418 10821.2
18.667 7.71648 10986.6
18.668 7.74608 11143.7
18.669 7.77298 11292.7
18.67 7.79722 11433.4
18.671 7.81881 11565.9
18.672 7.83776 11690.1
18.673 7.85407 11806.2
18.674 7.86776 11913.9
18.675 7.87883 12013.3
18.676 7.8873 12104.4
18.677 7.89317 12187.1
18.678 7.89646 12261.5
18.679 7.89719 12327.4
18.68 7.89536 12385
18.681 7.891 12434.1
18.682 7.88409 12474.8
18.683 7.87465 12507
18.684 7.86268 12530.6
18.685 7.84817 12545.5
18.686 7.83114 12551.8
18.687 7.81155 12549.4
18.688 7.78946 12537.9
18.689 7.76485 12517.5
18.69 7.73773 12488
18.691 7.70811 12449.5
18.692 7.67599 12401.9
18.693 7.64138 12345.1
18.694 7.6043 12279.3
18.695 7.56474 12204.3
18.696 7.52273 12120.1
18.697 7.47827 12026.8
18.698 7.43138 11924.3
18.699 7.38205 11812.6
18.7 7.33032 11691.8
18.701 7.27619 11561.8
18.702 7.21969 11422.8
18.703 7.16086 11274.7
18.704 7.09972 11117.7
18.705 7.0363 10951.9
18.706 6.97064 10777.3
18.707 6.90277 10593.9
18.708 6.83272 10402
18.709 6.76052 10201.6
18.71 6.68621 9992.81
18.711 6.60982 9775.71
18.712 6.53139 9550.47
18.713 6.45099 9317.25
18.714 6.36865 9076.23
18.715 6.28443 8827.56
18.716 6.19838 8571.44
18.717 6.11056 8308.02
18.718 6.021 8037.5
18.719 5.92977 7760.06
18.72 5.8369 7475.88
18.721 5.74247 7185.16
18.722 5.64653 6888.15
18.723 5.54914 6585.08
18.724 5.45039 6276.22
18.725 5.35033 5961.81
18.726 5.24904 5642.11
18.727 5.14658 5317.39
18.728 5.04303 4987.9
18.729 4.93845 4653.9
18.73 4.83291 4315.66
18.731 4.72648 3973.44
18.732 4.61923 3627.51
18.733 4.51123 3278.14
18.734 4.40255 2925.6
18.735 4.29325 2570.16
18.736 4.18341 2212.09
18.737 4.0731 1851.65
18.738 3.96238 1489.13
18.739 3.85133 1124.78
18.74 3.74002 758.892
18.741 3.62851 391.714
18.742 3.51687 23.4797
18.743 3.40514 -345.597
18.744 3.29338 -715.299
18.745 3.18165 -1085.41
18.746 3.06999 -1455.72
18.747 2.95846 -1826
18.748 2.84712 -2196.05
18.749 2.73601 -2565.66
18.75 2.62521 -2934.6
18.751 2.51475 -3302.68
18.752 2.40468 -3669.74
18.753 2.29504 -4035.61
18.754 2.18586 -4400.15
18.755 2.07719 -4763.21
18.756 1.96906 -5124.62
18.757 1.86151 -5484.25
18.758 1.75457 -5841.94
18.759 1.6483 -6197.54
18.76 1.54272 -6550.9
18.761 1.43786 -6901.91
18.762 1.33376 -7250.48
18.763 1.23042 -7596.55
18.764 1.12785 -7940.08
18.765 1.02606 -8281.01
18.766 0.92508 -8619.28
18.767 0.824907 -8954.84
18.768 0.725559 -9287.65
18.769 0.627047 -9617.64
18.77 0.529383 -9944.78
18.771 0.432582 -10269
18.772 0.336653 -10590.3
18.773 0.241611 -10908.6
18.774 0.147468 -11223.8
18.775 0.0542348 -11536
18.776 -0.0380749 -11845.1
18.777 -0.12945 -12151
18.778 -0.219877 -12453.7
18.779 -0.309347 -12753.2
18.78 -0.397847 -13049.4
18.781 -0.485366 -13342.3
18.782 -0.571894 -13631.9
18.783 -0.65742 -13918.1
18.784 -0.741934 -14200.9
18.785 -0.825426 -14480.3
18.786 -0.907886 -14756.2
18.787 -0.989305 -15028.7
18.788 -1.06967 -15297.7
18.789 -1.14898 -15563.2
18.79 -1.22722 -15825.1
18.791 -1.30438 -16083.4
18.792 -1.38042 -16338.1
18.793 -1.4553 -16588.9
18.794 -1.52898 -16835.8
18.795 -1.60143 -17078.6
18.796 -1.67259 -17317.2
18.797 -1.74244 -17551.5
18.798 -1.81092 -17781.3
18.799 -1.87801 -18006.5
18.8 -1.94367 -18227
18.801 -2.00785 -18442.7
18.802 -2.0705 -18653.5
18.803 -2.13159 -18859
18.804 -2.19104 -19059.3
18.805 -2.24881 -19254
18.806 -2.30485 -19443.1
18.807 -2.35912 -19626.4
18.808 -2.41156 -19803.7
18.809 -2.46213 -19974.8
18.81 -2.51077 -20139.7
18.811 -2.55745 -20298.2
18.812 -2.60211 -20450
18.813 -2.6447 -20595.1
18.814 -2.68517 -20733.2
18.815 -2.72347 -20864.1
18.816 -2.75955 -20987.8
18.817 -2.79337 -21104.1
18.818 -2.82487 -21212.7
18.819 -2.85401 -21313.6
18.82 -2.88076 -21406.5
18.821 -2.90506 -21491.4
18.822 -2.92689 -21568.1
18.823 -2.94621 -21636.6
18.824 -2.96299 -21696.6
18.825 -2.9772 -21748.1
18.826 -2.98882 -21791
18.827 -2.99781 -21825.2
18.828 -3.00416 -21850.6
18.829 -3.00783 -21867.1
18.83 -3.00883 -21874.7
18.831 -3.00708 -21873.1
18.832 -3.00263 -21862.4
18.833 -2.99546 -21842.6
18.834 -2.98556 -21813.5
18.835 -2.97294 -21775.2
18.836 -2.9576 -21727.8
18.837 -2.93953 -21671.1
18.838 -2.91875 -21605.2
18.839 -2.89526 -21530.1
18.84 -2.86906 -21445.8
18.841 -2.84015 -21352.3
18.842 -2.80857 -21249.7
18.843 -2.77431 -21138
18.844 -2.7374 -21017.3
18.845 -2.69786 -20887.5
18.846 -2.65571 -20748.9
18.847 -2.61097 -20601.4
18.848 -2.56365 -20445.1
18.849 -2.51379 -20280.1
18.85 -2.4614 -20106.5
18.851 -2.40651 -19924.3
18.852 -2.34916 -19733.7
18.853 -2.28939 -19534.9
18.854 -2.22725 -19327.9
18.855 -2.16277 -19112.9
18.856 -2.09602 -18890.1
18.857 -2.02702 -18659.7
18.858 -1.95583 -18421.7
18.859 -1.88249 -18176.4
18.86 -1.80706 -17924
18.861 -1.72958 -17664.5
18.862 -1.65009 -17398.2
18.863 -1.56866 -17125.3
18.864 -1.48532 -16845.9
18.865 -1.40014 -16560.2
18.866 -1.31316 -16268.4
18.867 -1.22443 -15970.7
18.868 -1.13401 -15667.3
18.869 -1.04196 -15358.3
18.87 -0.948326 -15043.9
18.871 -0.853158 -14724.4
18.872 -0.756502 -14399.9
18.873 -0.658397 -14070.5
18.874 -0.558881 -13736.4
18.875 -0.457996 -13397.7
18.876 -0.355783 -13054.5
18.877 -0.252285 -12707
18.878 -0.147544 -12355.5
18.879 -0.0416044 -11999.9
18.88 0.0654889 -11640.4
18.881 0.173695 -11277.3
18.882 0.28298 -10910.6
18.883 0.393315 -10540.4
18.884 0.504669 -10166.8
18.885 0.617011 -9789.96
18.886 0.730309 -9409.92
18.887 0.844529 -9026.79
18.888 0.959639 -8640.69
18.889 1.0756 -8251.74
18.89 1.19239 -7860.02
18.891 1.30995 -7465.66
18.892 1.42826 -7068.76
18.893 1.54727 -6669.42
18.894 1.66696 -6267.78
18.895 1.78727 -5863.93
18.896 1.90817 -5457.99
18.897 2.02962 -5050.07
18.898 2.15158 -4640.3
18.899 2.274 -4228.79
18.9 2.39685 -3815.64
18.901 2.52007 -3400.99
18.902 2.64363 -2984.94
18.903 2.76748 -2567.62
18.904 2.89158 -2149.14
18.905 3.01587 -1729.61
18.906 3.14032 -1309.17
18.907 3.26488 -887.911
18.908 3.38949 -465.971
18.909 3.51412 -43.4633
18.91 3.63871 379.492
18.911 3.76321 802.76
18.912 3.88757 1226.18
18.913 4.01171 1649.58
18.914 4.13557 2072.77
18.915 4.25908 2495.59
18.916 4.38218 2917.87
18.917 4.50481 3339.42
18.918 4.62688 3760.07
18.919 4.74835 4179.66
18.92 4.86914 4598
18.921 4.98918 5014.92
18.922 5.1084 5430.2
18.923 5.22672 5843.61
18.924 5.34405 6254.93
18.925 5.46032 6663.93
18.926 5.57544 7070.39
18.927 5.68934 7474.09
18.928 5.80194 7874.81
18.929 5.91317 8272.34
18.93 6.02294 8666.46
18.931 6.13118 9056.96
18.932 6.23783 9443.63
18.933 6.3428 9826.25
18.934 6.44604 10204.6
18.935 6.54746 10578.5
18.936 6.64701 10947.8
18.937 6.74463 11312.2
18.938 6.84023 11671.6
18.939 6.93378 12025.7
18.94 7.02519 12374.3
18.941 7.11442 12717.4
18.942 7.20141 13054.6
18.943 7.28608 13385.7
18.944 7.36837 13710.6
18.945 7.44824 14029
18.946 7.52562 14340.8
18.947 7.60046 14645.7
18.948 7.67271 14943.5
18.949 7.74231 15234.1
18.95 7.80922 15517.2
18.951 7.87339 15792.7
18.952 7.93481 16060.5
18.953 7.99343 16320.4
18.954 8.04925 16572.4
18.955 8.10223 16816.2
18.956 8.15237 17051.8
18.957 8.19964 17279.1
18.958 8.24404 17498
18.959 8.28554 17708.4
18.96 8.32415 17910.2
18.961 8.35984 18103.2
18.962 8.39262 18287.5
18.963 8.42249 18462.9
18.964 8.44942 18629.4
18.965 8.47343 18786.9
18.966 8.49452 18935.2
18.967 8.51268 19074.4
18.968 8.52792 19204.4
18.969 8.54024 19325.1
18.97 8.54965 19436.5
18.971 8.55615 19538.4
18.972 8.55977 19631
18.973 8.56052 19714.1
18.974 8.55842 19787.8
18.975 8.55348 19852
18.976 8.54574 19906.7
18.977 8.53521 19952
18.978 8.52192 19987.9
18.979 8.50588 20014.2
18.98 8.48713 20031.2
18.981 8.46569 20038.7
18.982 8.44156 20036.7
18.983 8.41478 20025.2
18.984 8.38536 20004
18.985 8.35332 19973.2
18.986 8.31868 19932.7
18.987 8.28147 19882.7
18.988 8.24169 19823
18.989 8.19938 19753.8
18.99 8.15455 19675
18.991 8.10722 19586.7
18.992 8.05741 19488.8
18.993 8.00514 19381.3
18.994 7.95041 19264.4
18.995 7.89325 19137.9
18.996 7.83367 19001.9
18.997 7.77168 18856.3
18.998 7.7073 18701.3
18.999 7.64055 18536.9
19 7.57144 18363
19.001 7.49999 18179.6
19.002 7.42621 17986.9
19.003 7.35011 17784.8
19.004 7.27169 17573.4
19.005 7.19096 17352.6
19.006 7.10794 17122.4
19.007 7.02264 16882.9
19.008 6.93506 16634.2
19.009 6.84521 16376.1
19.01 6.75311 16108.9
19.011 6.65877 15832.5
19.012 6.56218 15546.8
19.013 6.46335 15252.1
19.014 6.36229 14948.2
19.015 6.25899 14635.2
19.016 6.15346 14313.1
19.017 6.04571 13981.9
19.018 5.93573 13641.8
19.019 5.82354 13292.6
19.02 5.70913 12934.5
19.021 5.59251 12567.5
19.022 5.4737 12191.7
19.023 5.35271 11807.2
19.024 5.22956 11414
19.025 5.10425 11012.2
19.026 4.97681 10602
19.027 4.84725 10183.3
19.028 4.71558 9756.44
19.029 4.58183 9321.36
19.03 4.446 8878.2
19.031 4.30812 8427.08
19.032 4.16822 7968.13
19.033 4.02632 7501.5
19.034 3.88244 7027.32
19.035 3.73663 6545.75
19.036 3.5889 6056.95
19.037 3.43928 5561.06
19.038 3.28781 5058.24
19.039 3.13452 4548.66
19.04 2.97944 4032.48
19.041 2.8226 3509.87
19.042 2.66404 2981.03
19.043 2.50382 2446.15
19.044 2.34196 1905.43
19.045 2.17853 1359.08
19.046 2.01356 807.3
19.047 1.8471 250.305
19.048 1.6792 -311.695
19.049 1.50992 -878.489
19.05 1.33929 -1449.86
19.051 1.16739 -2025.58
19.052 0.994259 -2605.42
19.053 0.819973 -3189.12
19.054 0.644596 -3776.44
19.055 0.468195 -4367.12
19.056 0.29084 -4960.91
19.057 0.112602 -5557.56
19.058 -0.0664466 -6156.82
19.059 -0.246229 -6758.43
19.06 -0.426669 -7362.13
19.061 -0.607688 -7967.67
19.062 -0.789213 -8574.82
19.063 -0.971168 -9183.36
19.064 -1.15348 -9793.04
19.065 -1.33606 -10403.6
19.066 -1.51885 -11014.9
19.067 -1.70175 -11626.7
19.068 -1.88468 -12238.7
19.069 -2.06757 -12850.7
19.07 -2.25032 -13462.5
19.071 -2.43285 -14073.9
19.072 -2.61508 -14684.6
19.073 -2.79693 -15294.4
19.074 -2.97833 -15903.2
19.075 -3.15919 -16510.8
19.076 -3.33942 -17117
19.077 -3.51896 -17721.5
19.078 -3.6977 -18324.3
19.079 -3.87558 -18925
19.08 -4.05251 -19523.5
19.081 -4.2284 -20119.6
19.082 -4.40317 -20713.2
19.083 -4.57677 -21304.1
19.084 -4.7491 -21892.2
19.085 -4.92009 -22477.2
19.086 -5.08968 -23059.1
19.087 -5.25779 -23637.7
19.088 -5.42434 -24212.8
19.089 -5.58926 -24784.3
19.09 -5.75249 -25352.1
19.091 -5.91395 -25916
19.092 -6.07356 -26475.8
19.093 -6.23126 -27031.5
19.094 -6.38696 -27582.7
19.095 -6.54059 -28129.4
19.096 -6.69209 -28671.4
19.097 -6.84137 -29208.6
19.098 -6.98838 -29740.7
19.099 -7.13305 -30267.7
19.1 -7.27532 -30789.4
19.101 -7.41513 -31305.6
19.102 -7.55242 -31816.3
19.103 -7.68715 -32321.4
19.104 -7.81928 -32820.6
19.105 -7.94875 -33314
19.106 -8.07554 -33801.4
19.107 -8.1996 -34282.8
19.108 -8.32089 -34758
19.109 -8.43939 -35226.9
19.11 -8.55507 -35689.5
19.111 -8.6679 -36145.7
19.112 -8.77784 -36595.4
19.113 -8.88486 -37038.4
19.114 -8.98895 -37474.7
19.115 -9.09007 -37904.1
19.116 -9.1882 -38326.6
19.117 -9.28333 -38742.1
19.118 -9.37543 -39150.5
19.119 -9.46449 -39551.7
19.12 -9.5505 -39945.7
19.121 -9.63345 -40332.3
19.122 -9.71333 -40711.4
19.123 -9.79013 -41083
19.124 -9.86384 -41447
19.125 -9.93444 -41803.2
19.126 -10.0019 -42151.6
19.127 -10.0663 -42492.1
19.128 -10.1276 -42824.6
19.129 -10.1858 -43149
19.13 -10.2409 -43465.4
19.131 -10.2929 -43773.5
19.132 -10.3418 -44073.3
19.133 -10.3876 -44364.7
19.134 -10.4302 -44647.5
19.135 -10.4698 -44921.7
19.136 -10.5063 -45187
19.137 -10.5396 -45443.6
19.138 -10.5698 -45691.1
19.139 -10.597 -45929.6
19.14 -10.621 -46159
19.141 -10.642 -46379.1
19.142 -10.6599 -46589.8
19.143 -10.6747 -46791.1
19.144 -10.6864 -46982.8
19.145 -10.6951 -47164.9
19.146 -10.7007 -47337.2
19.147 -10.7033 -47499.7
19.148 -10.7028 -47652.2
19.149 -10.6993 -47794.8
19.15 -10.6928 -47927.2
19.151 -10.6833 -48049.4
19.152 -10.6708 -48161.5
19.153 -10.6554 -48263.2
19.154 -10.6369 -48354.5
19.155 -10.6156 -48435.4
19.156 -10.5913 -48505.8
19.157 -10.5642 -48565.7
19.158 -10.5341 -48615
19.159 -10.5012 -48653.7
19.16 -10.4655 -48681.7
19.161 -10.4269 -48699
19.162 -10.3855 -48705.6
19.163 -10.3414 -48701.4
19.164 -10.2946 -48686.2
19.165 -10.245 -48660
19.166 -10.1928 -48622.8
19.167 -10.1379 -48574.8
19.168 -10.0804 -48515.8
19.169 -10.0203 -48445.9
19.17 -9.95773 -48365.1
19.171 -9.8926 -48273.6
19.172 -9.82499 -48171.3
19.173 -9.75495 -48058.4
19.174 -9.68254 -47934.9
19.175 -9.60779 -47801
19.176 -9.53076 -47656.9
19.177 -9.45148 -47502.5
19.178 -9.37001 -47338.1
19.179 -9.28639 -47163.8
19.18 -9.20067 -46979.6
19.181 -9.11289 -46785.8
19.182 -9.0231 -46582.4
19.183 -8.93135 -46369.8
19.184 -8.83771 -46147.9
19.185 -8.74221 -45917
19.186 -8.64492 -45677.3
19.187 -8.54588 -45429
19.188 -8.44515 -45172.2
19.189 -8.34278 -44907.2
19.19 -8.23881 -44634
19.191 -8.1333 -44353
19.192 -8.02629 -44064.3
19.193 -7.91784 -43768.1
19.194 -7.808 -43464.6
19.195 -7.69682 -43154
19.196 -7.58434 -42836.5
19.197 -7.47062 -42512.4
19.198 -7.3557 -42181.8
19.199 -7.23963 -41844.9
19.2 -7.12247 -41502
19.201 -7.00426 -41153.3
19.202 -6.88504 -40798.9
19.203 -6.76483 -40439
19.204 -6.64366 -40073.7
19.205 -6.52158 -39703.3
19.206 -6.39861 -39327.9
19.207 -6.27479 -38947.7
19.208 -6.15015 -38562.8
19.209 -6.02471 -38173.4
19.21 -5.89853 -37779.7
19.211 -5.77162 -37381.9
19.212 -5.64401 -36980
19.213 -5.51574 -36574.4
19.214 -5.38682 -36165
19.215 -5.25729 -35752
19.216 -5.12716 -35335.7
19.217 -4.99647 -34916.1
19.218 -4.86524 -34493.5
19.219 -4.7335 -34067.9
19.22 -4.60128 -33639.5
19.221 -4.46861 -33208.5
19.222 -4.33551 -32775
19.223 -4.20199 -32339.1
19.224 -4.06809 -31901
19.225 -3.93381 -31460.8
19.226 -3.7992 -31018.6
19.227 -3.66425 -30574.6
19.228 -3.52901 -30128.9
19.229 -3.3935 -29681.5
19.23 -3.25773 -29232.8
19.231 -3.12173 -28782.7
19.232 -2.98553 -28331.4
19.233 -2.84916 -27879.1
19.234 -2.71264 -27425.8
19.235 -2.57599 -26971.8
19.236 -2.43925 -26517.1
19.237 -2.30244 -26061.9
19.238 -2.1656 -25606.4
19.239 -2.02874 -25150.6
19.24 -1.8919 -24694.6
19.241 -1.75511 -24238.7
19.242 -1.61841 -23782.9
19.243 -1.48181 -23327.4
19.244 -1.34535 -22872.4
19.245 -1.20907 -22417.9
19.246 -1.073 -21964
19.247 -0.937169 -21511
19.248 -0.801612 -21058.9
19.249 -0.666364 -20607.9
19.25 -0.531459 -20158.1
19.251 -0.396936 -19709.7
19.252 -0.262845 -19262.7
19.253 -0.129237 -18817.5
19.254 0.00383167 -18374.1
19.255 0.136308 -17932.8
19.256 0.268137 -17493.8
19.257 0.399263 -17057.2
19.258 0.529629 -16623.2
19.259 0.659179 -16192
19.26 0.787857 -15763.8
19.261 0.915602 -15338.7
19.262 1.04235 -14917
19.263 1.16801 -14498.9
19.264 1.29253 -14084.6
19.265 1.41582 -13674.4
19.266 1.53782 -13268.5
19.267 1.65846 -12867.1
19.268 1.77765 -12470.4
19.269 1.89532 -12078.6
19.27 2.01142 -11692
19.271 2.12586 -11310.8
19.272 2.23857 -10935.1
19.273 2.34949 -10565.2
19.274 2.45855 -10201.3
19.275 2.56567 -9843.59
19.276 2.67081 -9492.27
19.277 2.77388 -9147.53
19.278 2.87482 -8809.58
19.279 2.97358 -8478.58
19.28 3.07008 -8154.75
19.281 3.16428 -7838.24
19.282 3.25612 -7529.22
19.283 3.34555 -7227.83
19.284 3.43251 -6934.23
19.285 3.51698 -6648.54
19.286 3.59889 -6370.91
19.287 3.67821 -6101.47
19.288 3.7549 -5840.35
19.289 3.82892 -5587.68
19.29 3.90022 -5343.59
19.291 3.96878 -5108.17
19.292 4.03457 -4881.51
19.293 4.09758 -4663.65
19.294 4.15779 -4454.65
19.295 4.21519 -4254.55
19.296 4.26977 -4063.4
19.297 4.32152 -3881.23
19.298 4.37043 -3708.09
19.299 4.4165 -3544
19.3 4.45971 -3388.99
19.301 4.50007 -3243.09
19.302 4.53757 -3106.32
19.303 4.57222 -2978.71
19.304 4.60401 -2860.25
19.305 4.63295 -2750.97
19.306 4.65904 -2650.87
19.307 4.68229 -2559.95
19.308 4.7027 -2478.2
19.309 4.72028 -2405.64
19.31 4.73505 -2342.24
19.311 4.747 -2287.99
19.312 4.75617 -2242.84
19.313 4.76257 -2206.76
19.314 4.76623 -2179.7
19.315 4.76717 -2161.59
19.316 4.76543 -2152.38
19.317 4.76099 -2152.01
19.318 4.75393 -2160.57
19.319 4.74425 -2178
19.32 4.73199 -2204.21
19.321 4.71717 -2239.14
19.322 4.69981 -2282.73
19.323 4.67995 -2334.93
19.324 4.6576 -2395.67
19.325 4.63279 -2464.89
19.326 4.60555 -2542.53
19.327 4.57589 -2628.52
19.328 4.54386 -2722.78
19.329 4.50946 -2825.24
19.33 4.47275 -2935.83
19.331 4.43373 -3054.45
19.332 4.39245 -3181.02
19.333 4.34892 -3315.44
19.334 4.30319 -3457.64
19.335 4.25528 -3607.5
19.336 4.20523 -3764.93
19.337 4.15307 -3929.84
19.338 4.09883 -4102.1
19.339 4.04255 -4281.63
19.34 3.98425 -4468.31
19.341 3.92397 -4662.03
19.342 3.86174 -4862.73
19.343 3.79757 -5070.34
19.344 3.73147 -5284.8
19.345 3.66347 -5506.04
19.346 3.59359 -5733.99
19.347 3.52185 -5968.59
19.348 3.44826 -6209.75
19.349 3.37286 -6457.4
19.35 3.29565 -6711.45
19.351 3.21667 -6971.84
19.352 3.13593 -7238.46
19.353 3.05347 -7511.24
19.354 2.9693 -7790.09
19.355 2.88344 -8074.9
19.356 2.79593 -8365.59
19.357 2.70679 -8662.06
19.358 2.61603 -8964.2
19.359 2.5237 -9271.92
19.36 2.42981 -9585.1
19.361 2.3344 -9903.64
19.362 2.23749 -10227.4
19.363 2.13913 -10556.3
19.364 2.03936 -10890.1
19.365 1.93821 -11228.7
19.366 1.83573 -11571.9
19.367 1.73194 -11919.7
19.368 1.62689 -12271.8
19.369 1.52062 -12628.1
19.37 1.41318 -12988.5
19.371 1.3046 -13352.7
19.372 1.19494 -13720.6
19.373 1.08427 -14092
19.374 0.972641 -14466.7
19.375 0.860116 -14844.3
19.376 0.746758 -15224.8
19.377 0.63263 -15607.9
19.378 0.517794 -15993.3
19.379 0.402315 -16380.9
19.38 0.286256 -16770.4
19.381 0.169686 -17161.6
19.382 0.0526842 -17554.2
19.383 -0.0646663 -17947.9
19.384 -0.182281 -18342.5
19.385 -0.300075 -18737.7
19.386 -0.417963 -19133.1
19.387 -0.535859 -19528.5
19.388 -0.653676 -19923.7
19.389 -0.771326 -20318.3
19.39 -0.888725 -20712
19.391 -1.00579 -21104.6
19.392 -1.12243 -21495.9
19.393 -1.23858 -21885.5
19.394 -1.35415 -22273.2
19.395 -1.46906 -22658.8
19.396 -1.58325 -23042.1
19.397 -1.69662 -23422.7
19.398 -1.80911 -23800.4
19.399 -1.92063 -24175
19.4 -2.0311 -24546.3
19.401 -2.14045 -24914
19.402 -2.2486 -25278
19.403 -2.3555 -25637.9
19.404 -2.46108 -25993.6
19.405 -2.56525 -26344.9
19.406 -2.66798 -26691.5
19.407 -2.76917 -27033.4
19.408 -2.86878 -27370.3
19.409 -2.96674 -27701.9
19.41 -3.06299 -28028.2
19.411 -3.15746 -28348.9
19.412 -3.25011 -28663.9
19.413 -3.3409 -28973
19.414 -3.42979 -29276.2
19.415 -3.51674 -29573.3
19.416 -3.60171 -29864.3
19.417 -3.68465 -30148.9
19.418 -3.76555 -30427.1
19.419 -3.84435 -30698.7
19.42 -3.92103 -30963.8
19.421 -3.99555 -31222.1
19.422 -4.06788 -31473.5
19.423 -4.138 -31718
19.424 -4.20587 -31955.5
19.425 -4.27146 -32185.8
19.426 -4.33476 -32409
19.427 -4.39573 -32624.9
19.428 -4.45435 -32833.3
19.429 -4.5106 -33034.4
19.43 -4.56446 -33227.9
19.431 -4.61592 -33413.8
19.432 -4.66495 -33592
19.433 -4.71154 -33762.5
19.434 -4.75567 -33925.2
19.435 -4.79733 -34080
19.436 -4.8365 -34227
19.437 -4.87319 -34365.9
19.438 -4.90737 -34496.9
19.439 -4.93905 -34619.8
19.44 -4.9682 -34734.6
19.441 -4.99484 -34841.2
19.442 -5.01894 -34939.7
19.443 -5.04053 -35030
19.444 -5.05958 -35112.1
19.445 -5.0761 -35185.8
19.446 -5.09009 -35251.4
19.447 -5.10156 -35308.6
19.448 -5.1105 -35357.5
19.449 -5.11692 -35398
19.45 -5.12083 -35430.3
19.451 -5.12223 -35454.2
19.452 -5.12113 -35469.8
19.453 -5.11755 -35477
19.454 -5.11146 -35475.9
19.455 -5.1029 -35466.5
19.456 -5.09192 -35448.6
19.457 -5.07847 -35422.4
19.458 -5.06258 -35387.8
19.459 -5.04428 -35344.9
19.46 -5.02357 -35293.8
19.461 -5.00048 -35234.4
19.462 -4.975 -35166.7
19.463 -4.94714 -35090.7
19.464 -4.91693 -35006.6
19.465 -4.88436 -34914.2
19.466 -4.84945 -34813.6
19.467 -4.81221 -34704.8
19.468 -4.77266 -34587.9
19.469 -4.7308 -34462.8
19.47 -4.68665 -34329.7
19.471 -4.64022 -34188.4
19.472 -4.59154 -34039.2
19.473 -4.54064 -33882.1
19.474 -4.48753 -33717.1
19.475 -4.43224 -33544.3
19.476 -4.3748 -33363.8
19.477 -4.31523 -33175.7
19.478 -4.25357 -32980.1
19.479 -4.18983 -32777
19.48 -4.12405 -32566.6
19.481 -4.05625 -32349
19.482 -3.98645 -32124.1
19.483 -3.91468 -31892.2
19.484 -3.84096 -31653.2
19.485 -3.76531 -31407.2
19.486 -3.68774 -31154.4
19.487 -3.60829 -30894.8
19.488 -3.52697 -30628.5
19.489 -3.44381 -30355.5
19.49 -3.35884 -30076.1
19.491 -3.27207 -29790.2
19.492 -3.18354 -29497.9
19.493 -3.09326 -29199.5
19.494 -3.00127 -28894.9
19.495 -2.90759 -28584.2
19.496 -2.81224 -28267.7
19.497 -2.71526 -27945.3
19.498 -2.61667 -27617.2
19.499 -2.5165 -27283.6
19.5 -2.41479 -26944.5
19.501 -2.31155 -26600
19.502 -2.20683 -26250.3
19.503 -2.10067 -25895.6
19.504 -1.99311 -25536
19.505 -1.88419 -25171.6
19.506 -1.77394 -24802.7
19.507 -1.66242 -24429.3
19.508 -1.54966 -24051.7
19.509 -1.4357 -23669.9
19.51 -1.3206 -23284.3
19.511 -1.20439 -22894.8
19.512 -1.08712 -22501.8
19.513 -0.968862 -22105.4
19.514 -0.849655 -21705.9
19.515 -0.72956 -21303.4
19.516 -0.608633 -20898
19.517 -0.48693 -20490.2
19.518 -0.364509 -20079.9
19.519 -0.241428 -19667.5
19.52 -0.117746 -19253.1
19.521 0.00648207 -18837
19.522 0.131209 -18419.2
19.523 0.256391 -18000
19.524 0.381983 -17579.5
19.525 0.507939 -17157.8
19.526 0.634214 -16735.1
19.527 0.76076 -16311.5
19.528 0.887529 -15887.2
19.529 1.01447 -15462.4
19.53 1.14154 -15037.1
19.531 1.2687 -14611.6
19.532 1.39588 -14185.9
19.533 1.52306 -13760.2
19.534 1.6502 -13334.5
19.535 1.77725 -12909.1
19.536 1.90416 -12484.1
19.537 2.0309 -12059.5
19.538 2.15742 -11635.4
19.539 2.28368 -11212.1
19.54 2.40964 -10789.6
19.541 2.53524 -10368
19.542 2.66045 -9947.42
19.543 2.78522 -9528.03
19.544 2.90951 -9109.91
19.545 3.03327 -8693.18
19.546 3.15645 -8277.96
19.547 3.27902 -7864.35
19.548 3.40093 -7452.48
19.549 3.52214 -7042.46
19.55 3.6426 -6634.39
19.551 3.76226 -6228.37
19.552 3.8811 -5824.49
19.553 3.99907 -5422.84
19.554 4.11615 -5023.47
19.555 4.2323 -4626.48
19.556 4.34748 -4231.93
19.557 4.46166 -3839.89
19.558 4.57482 -3450.45
19.559 4.68691 -3063.67
19.56 4.79792 -2679.62
19.561 4.9078 -2298.36
19.562 5.01652 -1919.97
19.563 5.12406 -1544.51
19.564 5.23039 -1172.03
19.565 5.33548 -802.61
19.566 5.43931 -436.298
19.567 5.54183 -73.154
19.568 5.64304 286.764
19.569 5.74291 643.401
19.57 5.8414 996.702
19.571 5.93851 1346.62
19.572 6.03421 1693.13
19.573 6.1285 2036.22
19.574 6.22136 2375.85
19.575 6.31278 2712.03
19.576 6.40275 3044.72
19.577 6.49126 3373.93
19.578 6.57831 3699.64
19.579 6.66389 4021.84
19.58 6.74799 4340.53
19.581 6.8306 4655.68
19.582 6.91171 4967.24
19.583 6.9913 5275.16
19.584 7.06934 5579.38
19.585 7.14582 5879.84
19.586 7.22073 6176.48
19.587 7.29404 6469.25
19.588 7.36575 6758.11
19.589 7.43584 7043.01
19.59 7.50429 7323.89
19.591 7.57109 7600.72
19.592 7.63625 7873.45
19.593 7.69974 8142.04
19.594 7.76155 8406.45
19.595 7.82169 8666.65
19.596 7.88015 8922.6
19.597 7.93692 9174.26
19.598 7.992 9421.61
19.599 8.04539 9664.62
19.6 8.09709 9903.25
19.601 8.14708 10137.5
19.602 8.19536 10367.2
19.603 8.24192 10592.5
19.604 8.28674 10813
19.605 8.3298 11028.9
19.606 8.3711 11240
19.607 8.41062 11446.3
19.608 8.44836 11647.7
19.609 8.4843 11844.1
19.61 8.51845 12035.4
19.611 8.55078 12221.7
19.612 8.5813 12402.8
19.613 8.61001 12578.7
19.614 8.6369 12749.3
19.615 8.66196 12914.7
19.616 8.6852 13074.6
19.617 8.70662 13229.2
19.618 8.72621 13378.3
19.619 8.74398 13522
19.62 8.75993 13660.1
19.621 8.77407 13792.6
19.622 8.7864 13919.5
19.623 8.79692 14040.8
19.624 8.80564 14156.4
19.625 8.81256 14266.4
19.626 8.8177 14370.6
19.627 8.82106 14469.1
19.628 8.82265 14561.8
19.629 8.82248 14648.8
19.63 8.82056 14730
19.631 8.8169 14805.3
19.632 8.81151 14874.9
19.633 8.80441 14938.6
19.634 8.7956 14996.5
19.635 8.7851 15048.5
19.636 8.77293 15094.7
19.637 8.75909 15135.1
19.638 8.7436 15169.6
19.639 8.72648 15198.3
19.64 8.70774 15221.2
19.641 8.6874 15238.3
19.642 8.66548 15249.7
19.643 8.64202 15255.2
19.644 8.61701 15255.1
19.645 8.5905 15249.2
19.646 8.56254 15237.7
19.647 8.53311 15220.4
19.648 8.50226 15197.6
19.649 8.47002 15169.2
19.65 8.43641 15135.3
19.651 8.40145 15095.9
19.652 8.36518 15051.3
19.653 8.32761 15001.3
19.654 8.28879 14946
19.655 8.24874 14885.6
19.656 8.20748 14820.2
19.657 8.16504 14749.6
19.658 8.12145 14674.2
19.659 8.07674 14593.8
19.66 8.03094 14508.7
19.661 7.98408 14418.9
19.662 7.93618 14324.5
19.663 7.8873 14225.5
19.664 7.83746 14122.2
19.665 7.7867 14014.7
19.666 7.73506 13903
19.667 7.68258 13787.3
19.668 7.62929 13667.7
19.669 7.57523 13544.3
19.67 7.52044 13417.3
19.671 7.46495 13286.7
19.672 7.40881 13152.8
19.673 7.35207 13015.6
19.674 7.29477 12875.4
19.675 7.23695 12732.2
19.676 7.17866 12586.4
19.677 7.11994 12437.9
19.678 7.06084 12287
19.679 7.00141 12133.8
19.68 6.94168 11978.6
19.681 6.88171 11821.4
19.682 6.82152 11662.4
19.683 6.76116 11501.7
19.684 6.70066 11339.4
19.685 6.64005 11175.8
19.686 6.57938 11010.9
19.687 6.51867 10844.8
19.688 6.45796 10677.8
19.689 6.39728 10509.9
19.69 6.33668 10341.3
19.691 6.27618 10172.1
19.692 6.21581 10002.3
19.693 6.1556 9832.27
19.694 6.09558 9661.91
19.695 6.03576 9491.39
19.696 5.97619 9320.81
19.697 5.91687 9150.28
19.698 5.85784 8979.9
19.699 5.79913 8809.79
19.7 5.74075 8640.03
19.701 5.68274 8470.74
19.702 5.6251 8302
19.703 5.56787 8133.88
19.704 5.51105 7966.45
19.705 5.45465 7799.78
19.706 5.39871 7633.96
19.707 5.34323 7469.05
19.708 5.28823 7305.13
19.709 5.23373 7142.26
19.71 5.17974 6980.52
19.711 5.12627 6819.97
19.712 5.07334 6660.66
19.713 5.02095 6502.64
19.714 4.96911 6345.93
19.715 4.91783 6190.58
19.716 4.8671 6036.63
19.717 4.81695 5884.11
19.718 4.76737 5733.06
19.719 4.71838 5583.51
19.72 4.66997 5435.5
19.721 4.62216 5289.07
19.722 4.57496 5144.28
19.723 4.52838 5001.19
19.724 4.48244 4859.85
19.725 4.43716 4720.34
19.726 4.39254 4582.71
19.727 4.34859 4447.02
19.728 4.30535 4313.32
19.729 4.26281 4181.68
19.73 4.22099 4052.14
19.731 4.17991 3924.78
19.732 4.13959 3799.7
19.733 4.10007 3676.99
19.734 4.06137 3556.79
19.735 4.02352 3439.19
19.736 3.98656 3324.3
19.737 3.9505 3212.23
19.738 3.91539 3103.08
19.739 3.88124 2996.97
19.74 3.84808 2893.98
19.741 3.81595 2794.23
19.742 3.78487 2697.85
19.743 3.75489 2604.94
19.744 3.72604 2515.65
19.745 3.69834 2430.1
19.746 3.67184 2348.4
19.747 3.64657 2270.68
19.748 3.62256 2197.06
19.749 3.59985 2127.65
19.75 3.57846 2062.58
19.751 3.55842 2001.95
19.752 3.53978 1945.88
19.753 3.52255 1894.47
19.754 3.50676 1847.83
19.755 3.49245 1806.07
19.756 3.47965 1769.29
19.757 3.46838 1737.59
19.758 3.45867 1711.07
19.759 3.45054 1689.82
19.76 3.44402 1673.94
19.761 3.43914 1663.53
19.762 3.43593 1658.71
19.763 3.43443 1659.59
19.764 3.43466 1666.29
19.765 3.43663 1678.92
19.766 3.44041 1697.59
19.767 3.44601 1722.42
19.768 3.45346 1753.49
19.769 3.46278 1790.92
19.77 3.47401 1834.8
19.771 3.48717 1885.22
19.772 3.50227 1942.25
19.773 3.51934 2005.95
19.774 3.53837 2076.39
19.775 3.5594 2153.61
19.776 3.58242 2237.68
19.777 3.60745 2328.63
19.778 3.6345 2426.52
19.779 3.66358 2531.38
19.78 3.6947 2643.27
19.781 3.72787 2762.2
19.782 3.76308 2888.23
19.783 3.80035 3021.38
19.784 3.83968 3161.68
19.785 3.88107 3309.16
19.786 3.92452 3463.84
19.787 3.97004 3625.74
19.788 4.01762 3794.88
19.789 4.06726 3971.27
19.79 4.11896 4154.92
19.791 4.17271 4345.83
19.792 4.22849 4543.98
19.793 4.28631 4749.34
19.794 4.34613 4961.88
19.795 4.40794 5181.58
19.796 4.47172 5408.39
19.797 4.53744 5642.27
19.798 4.6051 5883.18
19.799 4.67466 6131.08
19.8 4.74611 6385.92
19.801 4.8194 6647.62
19.802 4.89451 6916.11
19.803 4.97139 7191.24
19.804 5.04999 7472.92
19.805 5.13026 7761.01
19.806 5.21215 8055.4
19.807 5.29563 8355.96
19.808 5.38062 8662.56
19.809 5.46709 8975.08
19.81 5.55498 9293.37
19.811 5.64424 9617.31
19.812 5.73481 9946.75
19.813 5.82663 10281.6
19.814 5.91965 10621.6
19.815 6.01381 10966.7
19.816 6.10905 11316.8
19.817 6.20532 11671.7
19.818 6.30255 12031.2
19.819 6.40068 12395.2
19.82 6.49965 12763.5
19.821 6.5994 13136.1
19.822 6.69986 13512.6
19.823 6.80094 13893
19.824 6.90259 14277
19.825 7.00473 14664.5
19.826 7.10728 15055.2
19.827 7.21017 15449
19.828 7.31333 15845.7
19.829 7.41668 16245.1
19.83 7.52016 16647
19.831 7.62368 17051.2
19.832 7.72717 17457.5
19.833 7.83057 17865.8
19.834 7.93379 18275.8
19.835 8.03676 18687.3
19.836 8.13941 19100.2
19.837 8.24167 19514.3
19.838 8.34347 19929.4
19.839 8.44473 20345.2
19.84 8.54539 20761.6
19.841 8.64538 21178.5
19.842 8.74464 21595.5
19.843 8.8431 22012.7
19.844 8.94071 22429.8
19.845 9.03742 22846.6
19.846 9.13317 23263
19.847 9.2279 23678.9
19.848 9.32155 24094.1
19.849 9.41408 24508.4
19.85 9.50544 24921.7
19.851 9.59557 25333.9
19.852 9.68442 25744.7
19.853 9.77192 26153.9
19.854 9.85804 26561.5
19.855 9.94271 26967.1
19.856 10.0259 27370.7
19.857 10.1075 27772.1
19.858 10.1876 28171.1
19.859 10.2659 28567.5
19.86 10.3427 28961.1
19.861 10.4176 29351.9
19.862 10.4908 29739.5
19.863 10.5622 30123.8
19.864 10.6316 30504.5
19.865 10.6992 30881.5
19.866 10.7647 31254.5
19.867 10.8281 31623.2
19.868 10.8895 31987.6
19.869 10.9488 32347.3
19.87 11.0058 32702.3
19.871 11.0607 33052.2
19.872 11.1133 33396.9
19.873 11.1635 33736
19.874 11.2114 34069.4
19.875 11.2569 34396.8
19.876 11.2999 34717.9
19.877 11.3404 35032.5
19.878 11.3783 35340.5
19.879 11.4137 35641.4
19.88 11.4464 35935.2
19.881 11.4765 36221.6
19.882 11.5039 36500.3
19.883 11.5285 36771.1
19.884 11.5504 37033.7
19.885 11.5695 37288
19.886 11.5857 37533.6
19.887 11.599 37770.4
19.888 11.6094 37998.2
19.889 11.6169 38216.6
19.89 11.6215 38425.5
19.891 11.6231 38624.6
19.892 11.6217 38813.9
19.893 11.6173 38993
19.894 11.6098 39161.9
19.895 11.5994 39320.4
19.896 11.5859 39468.2
19.897 11.5694 39605.3
19.898 11.5498 39731.5
19.899 11.5272 39846.5
19.9 11.5016 39950.4
19.901 11.4729 40042.9
19.902 11.4412 40123.9
19.903 11.4064 40193.4
19.904 11.3686 40251.1
19.905 11.3278 40297.1
19.906 11.284 40331.2
19.907 11.2371 40353.4
19.908 11.1873 40363.5
19.909 11.1345 40361.3
19.91 11.0787 40346.9
19.911 11.02 40319.9
19.912 10.9584 40280.4
19.913 10.8938 40228.5
19.914 10.8264 40164
19.915 10.7561 40087
19.916 10.683 39997.6
19.917 10.6071 39895.7
19.918 10.5285 39781.3
19.919 10.4471 39654.5
19.92 10.363 39515.3
19.921 10.2763 39363.7
19.922 10.1868 39199.8
19.923 10.0948 39023.8
19.924 10.0002 38835.5
19.925 9.90306 38635.2
19.926 9.80341 38422.9
19.927 9.70127 38198.7
19.928 9.59669 37962.7
19.929 9.4897 37715
19.93 9.38032 37455.7
19.931 9.2686 37184.9
19.932 9.15456 36902.8
19.933 9.03823 36609.3
19.934 8.91965 36304.7
19.935 8.79884 35989.1
19.936 8.67583 35662.6
19.937 8.55065 35325.3
19.938 8.42334 34977.4
19.939 8.29392 34618.9
19.94 8.16242 34250.2
19.941 8.02887 33871.2
19.942 7.89331 33482.2
19.943 7.75577 33083.3
19.944 7.6163 32674.8
19.945 7.47493 32256.8
19.946 7.33169 31829.6
19.947 7.18663 31393.2
19.948 7.03977 30948
19.949 6.89117 30494.1
19.95 6.74085 30031.8
19.951 6.58885 29561.2
19.952 6.43521 29082.5
19.953 6.27997 28596
19.954 6.12317 28101.8
19.955 5.96484 27600.3
19.956 5.80502 27091.6
19.957 5.64376 26576
19.958 5.48109 26053.6
19.959 5.31705 25524.7
19.96 5.15169 24989.6
19.961 4.98503 24448.4
19.962 4.81711 23901.4
19.963 4.64796 23348.7
19.964 4.4776 22790.6
19.965 4.30606 22227.1
19.966 4.13336 21658.5
19.967 3.95954 21085
19.968 3.78462 20506.8
19.969 3.60863 19924
19.97 3.43161 19336.9
19.971 3.25358 18745.6
19.972 3.07459 18150.3
19.973 2.89466 17551.3
19.974 2.71384 16948.7
19.975 2.53216 16342.7
19.976 2.34965 15733.6
19.977 2.16636 15121.5
19.978 1.98234 14506.7
19.979 1.79761 13889.3
19.98 1.61223 13269.5
19.981 1.42624 12647.6
19.982 1.2397 12023.8
19.983 1.05267 11398.3
19.984 0.865195 10771.4
19.985 0.677346 10143.2
19.986 0.489182 9514.11
19.987 0.300769 8884.28
19.988 0.112171 8253.94
19.989 -0.0765424 7623.35
19.99 -0.265302 6992.73
19.991 -0.45403 6362.34
19.992 -0.642641 5732.46
19.993 -0.831039 5103.38
19.994 -1.01913 4475.39
19.995 -1.20682 3848.79
19.996 -1.39401 3223.86
19.997 -1.5806 2600.9
19.998 -1.76648 1980.18
19.999 -1.95157 1362.01
20 -2.13575 746.658
20.001 -2.31893 134.418
20.002 -2.50099 -474.406
20.003 -2.68182 -1079.51
20.004 -2.86131 -1680.58
20.005 -3.03934 -2277.31
20.006 -3.21581 -2869.41
20.007 -3.39061 -3456.58
20.008 -3.56361 -4038.51
20.009 -3.73472 -4614.91
20.01 -3.90381 -5185.5
20.011 -4.07079 -5749.99
20.012 -4.23553 -6308.05
20.013 -4.39791 -6859.4
20.014 -4.55784 -7403.71
20.015 -4.71518 -7940.69
20.016 -4.86984 -8470.04
20.017 -5.0217 -8991.46
20.018 -5.17066 -9504.67
20.019 -5.31662 -10009.4
20.02 -5.45946 -10505.3
20.021 -5.59911 -10992.1
20.022 -5.73545 -11469.7
20.023 -5.86842 -11937.7
20.024 -5.99793 -12395.9
20.025 -6.1239 -12844.1
20.026 -6.24626 -13282.1
20.027 -6.36493 -13709.6
20.028 -6.47984 -14126.4
20.029 -6.59093 -14532.3
20.03 -6.69814 -14927.2
20.031 -6.8014 -15310.7
20.032 -6.90065 -15682.7
20.033 -6.99584 -16043
20.034 -7.0869 -16391.3
20.035 -7.17379 -16727.4
20.036 -7.25644 -17051.2
20.037 -7.33482 -17362.4
20.038 -7.40888 -17660.9
20.039 -7.47859 -17946.4
20.04 -7.54389 -18218.8
20.041 -7.60477 -18477.9
20.042 -7.6612 -18723.5
20.043 -7.71314 -18955.5
20.044 -7.76057 -19173.7
20.045 -7.80348 -19378
20.046 -7.84184 -19568.2
20.047 -7.87565 -19744.1
20.048 -7.90488 -19905.7
20.049 -7.92954 -20052.8
20.05 -7.9496 -20185.2
20.051 -7.96509 -20303
20.052 -7.97599 -20405.9
20.053 -7.98235 -20494.1
20.054 -7.98416 -20567.3
20.055 -7.98146 -20625.7
20.056 -7.97426 -20669.1
20.057 -7.9626 -20697.5
20.058 -7.9465 -20711
20.059 -7.92598 -20709.4
20.06 -7.90108 -20692.5
20.061 -7.87182 -20660.3
20.062 -7.83824 -20612.9
20.063 -7.80036 -20550.1
20.064 -7.75822 -20472.2
20.065 -7.71186 -20378.9
20.066 -7.66131 -20270.5
20.067 -7.6066 -20146.9
20.068 -7.54777 -20008.2
20.069 -7.48485 -19854.4
20.07 -7.41789 -19685.6
20.071 -7.34692 -19501.8
20.072 -7.272 -19303.3
20.073 -7.1932 -19090.1
20.074 -7.11057 -18862.4
20.075 -7.02418 -18620.5
20.076 -6.9341 -18364.4
20.077 -6.84038 -18094.4
20.078 -6.74309 -17810.6
20.079 -6.6423 -17513.3
20.08 -6.53806 -17202.6
20.081 -6.43044 -16878.8
20.082 -6.31949 -16542.1
20.083 -6.2053 -16192.6
20.084 -6.0879 -15830.7
20.085 -5.96737 -15456.5
20.086 -5.84377 -15070.2
20.087 -5.71716 -14672.2
20.088 -5.5876 -14262.6
20.089 -5.45516 -13841.7
20.09 -5.31989 -13409.8
20.091 -5.18187 -12967
20.092 -5.04115 -12513.8
20.093 -4.89782 -12050.3
20.094 -4.75194 -11576.9
20.095 -4.60359 -11093.9
20.096 -4.45283 -10601.5
20.097 -4.29974 -10100.2
20.098 -4.14439 -9590.09
20.099 -3.98686 -9071.64
20.1 -3.82721 -8545.12
20.101 -3.66552 -8010.83
20.102 -3.50186 -7469.06
20.103 -3.33627 -6920.08
20.104 -3.16882 -6364.14
20.105 -2.99957 -5801.54
20.106 -2.82858 -5232.53
20.107 -2.65592 -4657.41
20.108 -2.48163 -4076.44
20.109 -2.3058 -3489.92
20.11 -2.12848 -2898.12
20.111 -1.94975 -2301.34
20.112 -1.76966 -1699.87
20.113 -1.58829 -1093.98
20.114 -1.40571 -483.983
20.115 -1.222 129.843
20.116 -1.03722 747.2
20.117 -0.851454 1367.79
20.118 -0.664779 1991.33
20.119 -0.477274 2617.51
20.12 -0.289019 3246.04
20.121 -0.100096 3876.63
20.122 0.0894179 4509
20.123 0.279443 5142.88
20.124 0.469899 5778
20.125 0.660701 6414.09
20.126 0.851763 7050.88
20.127 1.043 7688.1
20.128 1.23432 8325.49
20.129 1.42563 8962.78
20.13 1.61684 9599.69
20.131 1.80785 10236
20.132 1.99859 10871.4
20.133 2.18895 11505.7
20.134 2.37886 12138.6
20.135 2.56822 12770
20.136 2.75694 13399.5
20.137 2.94492 14027
20.138 3.13208 14652.2
20.139 3.31833 15274.9
20.14 3.50355 15894.8
20.141 3.68768 16511.8
20.142 3.87061 17125.7
20.143 4.05226 17736.2
20.144 4.23255 18343.1
20.145 4.41139 18946.4
20.146 4.58869 19545.7
20.147 4.76438 20140.9
20.148 4.93836 20731.8
20.149 5.11056 21318.3
20.15 5.28088 21900.1
20.151 5.44926 22477.1
20.152 5.61559 23049.1
20.153 5.77977 23615.8
20.154 5.94172 24177
20.155 6.10133 24732.5
20.156 6.25853 25282
20.157 6.41322 25825.5
20.158 6.56531 26362.6
20.159 6.71473 26893.1
20.16 6.86138 27416.9
20.161 7.0052 27933.7
20.162 7.14609 28443.3
20.163 7.28398 28945.6
20.164 7.41878 29440.2
20.165 7.55042 29927
20.166 7.67883 30405.8
20.167 7.80394 30876.3
20.168 7.92568 31338.4
20.169 8.04399 31791.9
20.17 8.15881 32236.5
20.171 8.27008 32672.2
20.172 8.37774 33098.6
20.173 8.48174 33515.6
20.174 8.58203 33923
20.175 8.67854 34320.5
20.176 8.77124 34708.1
20.177 8.86009 35085.4
20.178 8.94504 35452.4
20.179 9.02606 35808.8
20.18 9.10311 36154.5
20.181 9.17617 36489.3
20.182 9.24522 36813
20.183 9.31022 37125.6
20.184 9.37117 37426.7
20.185 9.42804 37716.4
20.186 9.48083 37994.4
20.187 9.52952 38260.6
20.188 9.57411 38514.9
20.189 9.61458 38757.2
20.19 9.65096 38987.3
20.191 9.68322 39205.1
20.192 9.7114 39410.5
20.193 9.73552 39603.6
20.194 9.7556 39784.2
20.195 9.77167 39952.4
20.196 9.78376 40108.1
20.197 9.79189 40251.2
20.198 9.79611 40381.7
20.199 9.79643 40499.7
20.2 9.79291 40605
20.201 9.78557 40697.8
20.202 9.77447 40777.9
20.203 9.75963 40845.5
20.204 9.74112 40900.6
20.205 9.71898 40943.2
20.206 9.69326 40973.3
20.207 9.664 40991
20.208 9.63128 40996.3
20.209 9.59507 40989.1
20.21 9.55554 40969.2
20.211 9.51265 40936.7
20.212 9.46649 40891.7
20.213 9.41711 40834.4
20.214 9.36458 40764.7
20.215 9.30895 40682.9
20.216 9.25029 40589
20.217 9.18864 40483.2
20.218 9.12408 40365.7
20.219 9.05665 40236.4
20.22 8.98642 40095.6
20.221 8.91344 39943.5
20.222 8.83779 39780.1
20.223 8.75952 39605.7
20.224 8.67871 39420.5
20.225 8.59541 39224.6
20.226 8.5097 39018.2
20.227 8.42163 38801.6
20.228 8.33127 38574.9
20.229 8.23869 38338.3
20.23 8.14395 38092.1
20.231 8.04711 37836.4
20.232 7.94823 37571.5
20.233 7.84738 37297.6
20.234 7.74461 37014.9
20.235 7.64 36723.6
20.236 7.5336 36423.9
20.237 7.42548 36116.1
20.238 7.31569 35800.5
20.239 7.20429 35477.2
20.24 7.09135 35146.4
20.241 6.97693 34808.5
20.242 6.86107 34463.7
20.243 6.74384 34112.1
20.244 6.62528 33754
20.245 6.50544 33389.6
20.246 6.38438 33019.1
20.247 6.26215 32642.7
20.248 6.1388 32260.7
20.249 6.01438 31873.3
20.25 5.88895 31480.8
20.251 5.76255 31083.3
20.252 5.63523 30681.1
20.253 5.50704 30274.3
20.254 5.37802 29863.3
20.255 5.24821 29448.1
20.256 5.11766 29029.1
20.257 4.98642 28606.3
20.258 4.85452 28180.1
20.259 4.72203 27750.7
20.26 4.58897 27318.2
20.261 4.45541 26882.8
20.262 4.32137 26444.9
20.263 4.1869 26004.4
20.264 4.05203 25561.7
20.265 3.91681 25117
20.266 3.78127 24670.4
20.267 3.64546 24222
20.268 3.50941 23772.2
20.269 3.37318 23321.1
20.27 3.23679 22868.8
20.271 3.1003 22415.7
20.272 2.96377 21961.9
20.273 2.82725 21507.6
20.274 2.69081 21053.2
20.275 2.5545 20598.8
20.276 2.41839 20144.8
20.277 2.28254 19691.4
20.278 2.14702 19238.8
20.279 2.01188 18787.2
20.28 1.8772 18337
20.281 1.74303 17888.3
20.282 1.60944 17441.5
20.283 1.4765 16996.7
20.284 1.34427 16554.2
20.285 1.21282 16114.2
20.286 1.0822 15677
20.287 0.952498 15242.9
20.288 0.823766 14811.9
20.289 0.696073 14384.5
20.29 0.569487 13960.8
20.291 0.444076 13541.1
20.292 0.319913 13125.6
20.293 0.197073 12714.6
20.294 0.0756332 12308.2
20.295 -0.0443322 11906.9
20.296 -0.162748 11510.8
20.297 -0.279538 11120.2
20.298 -0.394627 10735.3
20.299 -0.507943 10356.4
20.3 -0.619409 9983.68
20.301 -0.728952 9617.42
20.302 -0.83649 9257.87
20.303 -0.941944 8905.29
20.304 -1.04523 8559.94
20.305 -1.14628 8222.07
20.306 -1.245 7891.93
20.307 -1.34132 7569.76
20.308 -1.43516 7255.81
20.309 -1.52645 6950.32
20.31 -1.61512 6653.53
20.311 -1.70109 6365.66
20.312 -1.7843 6086.92
20.313 -1.86469 5817.5
20.314 -1.94219 5557.59
20.315 -2.01676 5307.39
20.316 -2.08833 5067.06
20.317 -2.15685 4836.8
20.318 -2.22226 4616.78
20.319 -2.28452 4407.16
20.32 -2.34357 4208.11
20.321 -2.39936 4019.79
20.322 -2.45185 3842.36
20.323 -2.50099 3675.96
20.324 -2.54674 3520.76
20.325 -2.58906 3376.88
20.326 -2.62791 3244.48
20.327 -2.66324 3123.67
20.328 -2.69503 3014.59
20.329 -2.72324 2917.37
20.33 -2.74783 2832.11
20.331 -2.76878 2758.93
20.332 -2.78607 2697.87
20.333 -2.79969 2649
20.334 -2.80964 2612.34
20.335 -2.8159 2587.94
20.336 -2.81847 2575.83
20.337 -2.81735 2576.03
20.338 -2.81254 2588.67
20.339 -2.80403 2613.76
20.34 -2.79182 2651.31
20.341 -2.77592 2701.34
20.342 -2.75633 2763.83
20.343 -2.73305 2838.78
20.344 -2.7061 2926.18
20.345 -2.67547 3026.02
20.346 -2.64119 3138.27
20.347 -2.60325 3262.91
20.348 -2.56168 3399.91
20.349 -2.51647 3549.22
20.35 -2.46766 3710.82
20.351 -2.41525 3884.64
20.352 -2.35928 4070.62
20.353 -2.29975 4268.65
20.354 -2.23671 4478.66
20.355 -2.17018 4700.54
20.356 -2.10019 4934.19
20.357 -2.02678 5179.51
20.358 -1.94996 5436.38
20.359 -1.86978 5704.68
20.36 -1.78628 5984.3
20.361 -1.69948 6275.12
20.362 -1.60941 6577.02
20.363 -1.5161 6889.9
20.364 -1.41959 7213.66
20.365 -1.3199 7548.16
20.366 -1.21707 7893.3
20.367 -1.11112 8248.95
20.368 -1.0021 8614.97
20.369 -0.890039 8991.23
20.37 -0.774971 9377.59
20.371 -0.656937 9773.92
20.372 -0.535978 10180.1
20.373 -0.412133 10595.9
20.374 -0.285447 11021.2
20.375 -0.155963 11455.8
20.376 -0.0237264 11899.7
20.377 0.111214 12352.6
20.378 0.24881 12814.3
20.379 0.38901 13284.6
20.38 0.53176 13763.5
20.381 0.677005 14250.7
20.382 0.824688 14746
20.383 0.974749 15249.2
20.384 1.12713 15760.2
20.385 1.28176 16278.8
20.386 1.43857 16804.6
20.387 1.59751 17337.7
20.388 1.7585 17877.6
20.389 1.92146 18424.3
20.39 2.08633 18977.5
20.391 2.25302 19537.1
20.392 2.42145 20102.7
20.393 2.59154 20674.1
20.394 2.76318 21251.1
20.395 2.93629 21833.4
20.396 3.11077 22420.7
20.397 3.28652 23012.9
20.398 3.46345 23609.7
20.399 3.64145 24210.7
20.4 3.82041 24815.8
20.401 4.00024 25424.6
20.402 4.18081 26036.9
20.403 4.36201 26652.5
20.404 4.54372 27270.9
20.405 4.72582 27892
20.406 4.90819 28515.3
20.407 5.0907 29140.7
20.408 5.27323 29767.9
20.409 5.45566 30396.4
20.41 5.63787 31026.1
20.411 5.81971 31656.7
20.412 6.00106 32287.8
20.413 6.18179 32919.1
20.414 6.36176 33550.3
20.415 6.54083 34181.1
20.416 6.71887 34811.2
20.417 6.89574 35440.2
20.418 7.07132 36067.8
20.419 7.24548 36693.8
20.42 7.41807 37317.8
20.421 7.58897 37939.5
20.422 7.75804 38558.5
20.423 7.92513 39174.5
20.424 8.09011 39787.1
20.425 8.25284 40396
20.426 8.41318 41000.9
20.427 8.571 41601.3
20.428 8.72617 42196.9
20.429 8.87858 42787.5
20.43 9.02809 43372.6
20.431 9.17459 43951.9
20.432 9.31796 44525
20.433 9.45808 45091.7
20.434 9.59484 45651.6
20.435 9.72812 46204.2
20.436 9.85783 46749.4
20.437 9.98386 47286.6
20.438 10.1061 47815.7
20.439 10.2245 48336.3
20.44 10.339 48848.1
20.441 10.4494 49350.7
20.442 10.5557 49843.8
20.443 10.6579 50327.3
20.444 10.7559 50800.8
20.445 10.8496 51264
20.446 10.939 51716.8
20.447 11.024 52158.7
20.448 11.1046 52589.7
20.449 11.1808 53009.4
20.45 11.2526 53417.6
20.451 11.3199 53814.1
20.452 11.3826 54198.6
20.453 11.4408 54570.9
20.454 11.4945 54930.7
20.455 11.5435 55277.8
20.456 11.588 55611.9
20.457 11.6279 55932.9
20.458 11.6631 56240.5
20.459 11.6937 56534.5
20.46 11.7198 56814.6
20.461 11.7411 57080.8
20.462 11.7579 57332.7
20.463 11.7701 57570.3
20.464 11.7777 57793.4
20.465 11.7807 58001.9
20.466 11.7792 58195.5
20.467 11.7732 58374.2
20.468 11.7626 58537.7
20.469 11.7476 58686.1
20.47 11.7282 58819.2
20.471 11.7043 58936.7
20.472 11.676 59038.8
20.473 11.6434 59125.1
20.474 11.6064 59195.7
20.475 11.5652 59250.4
20.476 11.5196 59289.1
20.477 11.4698 59311.9
20.478 11.4157 59318.4
20.479 11.3575 59308.5
20.48 11.2952 59281.8
20.481 11.2286 59238.2
20.482 11.158 59177.7
20.483 11.0833 59100.2
20.484 11.0046 59005.7
20.485 10.9219 58894.2
20.486 10.8351 58765.6
20.487 10.7444 58620
20.488 10.6498 58457.2
20.489 10.5513 58277.3
20.49 10.4489 58080.2
20.491 10.3426 57866.1
20.492 10.2325 57634.8
20.493 10.1186 57386.5
20.494 10.0009 57121.3
20.495 9.87954 56839
20.496 9.75446 56540
20.497 9.62569 56224.1
20.498 9.49328 55891.5
20.499 9.35725 55542.3
20.5 9.21762 55176.5
20.501 9.07442 54794.3
20.502 8.92767 54395.7
20.503 8.77737 53980.8
20.504 8.62355 53549.7
20.505 8.46622 53102.5
20.506 8.30539 52639.2
20.507 8.14107 52160
20.508 7.97328 51665
20.509 7.80202 51154.4
20.51 7.6273 50628.1
20.511 7.44914 50086.4
20.512 7.26755 49529.4
20.513 7.08254 48957.2
20.514 6.89411 48370
20.515 6.70228 47767.9
20.516 6.50705 47151.1
20.517 6.30843 46519.8
20.518 6.10645 45874
20.519 5.90109 45214.1
20.52 5.69239 44540.1
20.521 5.48034 43852.3
20.522 5.26497 43150.9
20.523 5.04633 42436.2
20.524 4.82442 41708.4
20.525 4.5993 40967.7
20.526 4.37098 40214.6
20.527 4.13951 39449.1
20.528 3.90492 38671.7
20.529 3.66724 37882.6
20.53 3.42652 37082.1
20.531 3.1828 36270.4
20.532 2.93612 35447.9
20.533 2.68653 34615
20.534 2.43407 33771.8
20.535 2.17881 32918.7
20.536 1.92078 32056
20.537 1.66007 31184.1
20.538 1.39671 30303.3
20.539 1.1308 29413.8
20.54 0.862384 28516.1
20.541 0.591555 27610.4
20.542 0.318392 26697.1
20.543 0.0429807 25776.6
20.544 -0.234583 24849.1
20.545 -0.514195 23915
20.546 -0.795747 22974.8
20.547 -1.07912 22028.6
20.548 -1.36419 21076.9
20.549 -1.65083 20120
20.55 -1.93889 19158.3
20.551 -2.22824 18192.1
20.552 -2.51871 17221.9
20.553 -2.81015 16248
20.554 -3.10237 15270.7
20.555 -3.39521 14290.6
20.556 -3.68849 13307.9
20.557 -3.98201 12323.2
20.558 -4.27558 11336.6
20.559 -4.569 10348.8
20.56 -4.86209 9359.94
20.561 -5.15462 8370.52
20.562 -5.44641 7380.87
20.563 -5.73726 6391.3
20.564 -6.02697 5402.14
20.565 -6.31535 4413.73
20.566 -6.60219 3426.37
20.567 -6.88729 2440.41
20.568 -7.17044 1456.15
20.569 -7.45144 473.907
20.57 -7.73009 -505.993
20.571 -8.00618 -1483.23
20.572 -8.27951 -2457.49
20.573 -8.54986 -3428.42
20.574 -8.81705 -4395.7
20.575 -9.08085 -5359
20.576 -9.34109 -6318
20.577 -9.59756 -7272.38
20.578 -9.85008 -8221.83
20.579 -10.0985 -9166.03
20.58 -10.3426 -10104.7
20.581 -10.5822 -11037.5
20.582 -10.8172 -11964.2
20.583 -11.0475 -12884.6
20.584 -11.2729 -13798.4
20.585 -11.4934 -14705.5
20.586 -11.7087 -15605.6
20.587 -11.9189 -16498.4
20.588 -12.1238 -17383.9
20.589 -12.3233 -18261.7
20.59 -12.5174 -19131.8
20.591 -12.7059 -19993.8
20.592 -12.889 -20847.6
20.593 -13.0664 -21693
20.594 -13.2381 -22529.8
20.595 -13.4042 -23357.7
20.596 -13.5645 -24176.6
20.597 -13.7191 -24986.4
20.598 -13.868 -25786.8
20.599 -14.0111 -26577.7
20.6 -14.1485 -27358.8
20.601 -14.2802 -28130.1
20.602 -14.4061 -28891.4
20.603 -14.5264 -29642.6
20.604 -14.6411 -30383.4
20.605 -14.7501 -31113.8
20.606 -14.8537 -31833.7
20.607 -14.9517 -32542.9
20.608 -15.0443 -33241.3
20.609 -15.1315 -33928.8
20.61 -15.2135 -34605.3
20.611 -15.2902 -35270.7
20.612 -15.3617 -35924.8
20.613 -15.4282 -36567.6
20.614 -15.4896 -37199
20.615 -15.5461 -37818.8
20.616 -15.5977 -38427
20.617 -15.6445 -39023.4
20.618 -15.6867 -39608
20.619 -15.7242 -40180.8
20.62 -15.7571 -40741.5
20.621 -15.7857 -41290.2
20.622 -15.8098 -41826.7
20.623 -15.8297 -42351
20.624 -15.8453 -42863
20.625 -15.8568 -43362.6
20.626 -15.8642 -43849.8
20.627 -15.8677 -44324.4
20.628 -15.8673 -44786.5
20.629 -15.863 -45235.9
20.63 -15.855 -45672.7
20.631 -15.8433 -46096.7
20.632 -15.828 -46507.9
20.633 -15.8092 -46906.2
20.634 -15.787 -47291.6
20.635 -15.7613 -47664
20.636 -15.7323 -48023.4
20.637 -15.7 -48369.7
20.638 -15.6646 -48702.9
20.639 -15.626 -49022.9
20.64 -15.5843 -49329.8
20.641 -15.5395 -49623.4
20.642 -15.4918 -49903.8
20.643 -15.4412 -50171
20.644 -15.3878 -50424.9
20.645 -15.3315 -50665.5
20.646 -15.2726 -50892.8
20.647 -15.2109 -51106.8
20.648 -15.1466 -51307.6
20.649 -15.0797 -51495
20.65 -15.0102 -51669.2
20.651 -14.9383 -51830.2
20.652 -14.8639 -51978
20.653 -14.7872 -52112.6
20.654 -14.7081 -52234
20.655 -14.6267 -52342.5
20.656 -14.5431 -52438
20.657 -14.4574 -52520.5
20.658 -14.3695 -52590.2
20.659 -14.2795 -52647.1
20.66 -14.1875 -52691.4
20.661 -14.0934 -52723
20.662 -13.9974 -52742
20.663 -13.8995 -52748.4
20.664 -13.7996 -52741.9
20.665 -13.6979 -52722.6
20.666 -13.5944 -52690.3
20.667 -13.4891 -52645
20.668 -13.3819 -52586.9
20.669 -13.2731 -52516.1
20.67 -13.1625 -52432.6
20.671 -13.0502 -52336.6
20.672 -12.9363 -52228.2
20.673 -12.8208 -52107.4
20.674 -12.7037 -51974.5
20.675 -12.585 -51829.6
20.676 -12.4648 -51672.8
20.677 -12.3431 -51504.2
20.678 -12.22 -51324.1
20.679 -12.0954 -51132.6
20.68 -11.9695 -50929.7
20.681 -11.8422 -50715.8
20.682 -11.7136 -50490.9
20.683 -11.5837 -50255.3
20.684 -11.4525 -50009.1
20.685 -11.3201 -49752.4
20.686 -11.1865 -49485.5
20.687 -11.0517 -49208.5
20.688 -10.9158 -48921.6
20.689 -10.7787 -48625
20.69 -10.6406 -48319
20.691 -10.5014 -48003.6
20.692 -10.3611 -47679
20.693 -10.2198 -47345.5
20.694 -10.0776 -47003.2
20.695 -9.93435 -46652.2
20.696 -9.79015 -46292.8
20.697 -9.64503 -45925.2
20.698 -9.49899 -45549.4
20.699 -9.35205 -45165.8
20.7 -9.20425 -44774.4
20.701 -9.0556 -44375.5
20.702 -8.90614 -43969.4
20.703 -8.75589 -43556.1
20.704 -8.60488 -43136
20.705 -8.45316 -42709.3
20.706 -8.30075 -42276.1
20.707 -8.14768 -41836.9
20.708 -7.99398 -41391.6
20.709 -7.8397 -40940.7
20.71 -7.68486 -40484.4
20.711 -7.52949 -40022.7
20.712 -7.37361 -39556.1
20.713 -7.21725 -39084.6
20.714 -7.06042 -38608.4
20.715 -6.90314 -38127.8
20.716 -6.74543 -37642.8
20.717 -6.58732 -37153.7
20.718 -6.42881 -36660.7
20.719 -6.26994 -36164
20.72 -6.11072 -35663.7
20.721 -5.95119 -35160
20.722 -5.79134 -34653.2
20.723 -5.63121 -34143.3
20.724 -5.47081 -33630.6
20.725 -5.31015 -33115.1
20.726 -5.14925 -32597.2
20.727 -4.98814 -32076.8
20.728 -4.82683 -31554.3
20.729 -4.66534 -31029.7
20.73 -4.5037 -30503.3
20.731 -4.34193 -29975.1
20.732 -4.18005 -29445.5
20.733 -4.01811 -28914.5
20.734 -3.85614 -28382.5
20.735 -3.69416 -27849.5
20.736 -3.53222 -27315.9
20.737 -3.37034 -26781.7
20.738 -3.20858 -26247.2
20.739 -3.04696 -25712.5
20.74 -2.88552 -25178
20.741 -2.7243 -24643.7
20.742 -2.56335 -24109.9
20.743 -2.40269 -23576.7
20.744 -2.24239 -23044.4
20.745 -2.08247 -22513.1
20.746 -1.92298 -21983.1
20.747 -1.76396 -21454.5
20.748 -1.60546 -20927.6
20.749 -1.44753 -20402.4
20.75 -1.2902 -19879.3
20.751 -1.13353 -19358.3
20.752 -0.97758 -18839.8
20.753 -0.822396 -18323.9
20.754 -0.668041 -17810.8
20.755 -0.514571 -17300.7
20.756 -0.362047 -16793.9
20.757 -0.210526 -16290.5
20.758 -0.0600692 -15790.8
20.759 0.0892634 -15295
20.76 0.237411 -14803.3
20.761 0.384313 -14315.8
20.762 0.529914 -13832.7
20.763 0.674161 -13354.3
20.764 0.816999 -12880.6
20.765 0.958373 -12411.8
20.766 1.09823 -11948.1
20.767 1.23652 -11489.7
20.768 1.37318 -11036.7
20.769 1.50817 -10589.2
20.77 1.64142 -10147.4
20.771 1.7729 -9711.52
20.772 1.90252 -9281.63
20.773 2.03025 -8857.94
20.774 2.15602 -8440.61
20.775 2.27977 -8029.8
20.776 2.40144 -7625.69
20.777 2.52097 -7228.42
20.778 2.63832 -6838.16
20.779 2.75342 -6455.04
20.78 2.86623 -6079.24
20.781 2.9767 -5710.86
20.782 3.08478 -5350.03
20.783 3.19045 -4996.81
20.784 3.29368 -4651.28
20.785 3.39443 -4313.53
20.786 3.49268 -3983.62
20.787 3.58841 -3661.63
20.788 3.68159 -3347.61
20.789 3.77219 -3041.63
20.79 3.86019 -2743.74
20.791 3.94557 -2454.02
20.792 4.02831 -2172.52
20.793 4.10838 -1899.34
20.794 4.18575 -1634.53
20.795 4.26041 -1378.18
20.796 4.33233 -1130.34
20.797 4.4015 -891.089
20.798 4.46789 -660.474
20.799 4.53149 -438.554
20.8 4.59229 -225.38
20.801 4.65027 -20.9994
20.802 4.70542 174.544
20.803 4.75774 361.209
20.804 4.80722 538.959
20.805 4.85384 707.761
20.806 4.89761 867.585
20.807 4.93853 1018.4
20.808 4.97658 1160.2
20.809 5.01178 1292.94
20.81 5.04413 1416.62
20.811 5.07362 1531.22
20.812 5.10025 1636.72
20.813 5.12402 1733.07
20.814 5.14494 1820.25
20.815 5.16299 1898.23
20.816 5.17819 1967
20.817 5.19053 2026.54
20.818 5.20001 2076.82
20.819 5.20666 2117.85
20.82 5.21046 2149.61
20.821 5.21143 2172.08
20.822 5.20956 2185.22
20.823 5.20486 2188.98
20.824 5.19726 2183.18
20.825 5.18686 2167.67
20.826 5.17358 2142.41
20.827 5.15743 2107.37
20.828 5.13842 2062.51
20.829 5.11654 2007.81
20.83 5.0918 1943.23
20.831 5.0642 1868.76
20.832 5.03375 1784.4
20.833 5.00045 1690.18
20.834 4.96434 1586.1
20.835 4.92541 1472.19
20.836 4.88368 1348.48
20.837 4.83918 1215.01
20.838 4.7919 1071.8
20.839 4.74188 918.899
20.84 4.68913 756.352
20.841 4.63366 584.205
20.842 4.57551 402.508
20.843 4.51467 211.318
20.844 4.45119 10.693
20.845 4.38508 -199.304
20.846 4.31635 -418.606
20.847 4.24504 -647.142
20.848 4.17116 -884.838
20.849 4.09474 -1131.61
20.85 4.0158 -1387.39
20.851 3.93438 -1652.06
20.852 3.8505 -1925.49
20.853 3.76421 -2207.53
20.854 3.67557 -2498.04
20.855 3.5846 -2796.84
20.856 3.49135 -3103.77
20.857 3.39588 -3418.68
20.858 3.29822 -3741.39
20.859 3.19842 -4071.74
20.86 3.09653 -4409.55
20.861 2.9926 -4754.63
20.862 2.88667 -5106.82
20.863 2.77879 -5465.92
20.864 2.66901 -5831.75
20.865 2.55738 -6204.12
20.866 2.44395 -6582.84
20.867 2.32878 -6967.72
20.868 2.2119 -7358.55
20.869 2.09338 -7755.15
20.87 1.97326 -8157.31
20.871 1.85161 -8564.82
20.872 1.72849 -8977.42
20.873 1.60397 -9394.85
20.874 1.47813 -9816.84
20.875 1.35105 -10243.1
20.876 1.22278 -10673.4
20.877 1.09341 -11107.5
20.878 0.963024 -11545
20.879 0.831685 -11985.7
20.88 0.699476 -12429.4
20.881 0.566472 -12875.7
20.882 0.432746 -13324.4
20.883 0.29837 -13775.2
20.884 0.163415 -14228
20.885 0.0279539 -14682.4
20.886 -0.107939 -15138.2
20.887 -0.244189 -15595.2
20.888 -0.380721 -16053
20.889 -0.517457 -16511.5
20.89 -0.65432 -16970.4
20.891 -0.791237 -17429.5
20.892 -0.928141 -17888.5
20.893 -1.06497 -18347.2
20.894 -1.20166 -18805.5
20.895 -1.33815 -19263.2
20.896 -1.47438 -19720.1
20.897 -1.61028 -20175.9
20.898 -1.74579 -20630.6
20.899 -1.88084 -21083.8
20.9 -2.01537 -21535.5
20.901 -2.14932 -21985.4
20.902 -2.28261 -22433.4
20.903 -2.41519 -22879.2
20.904 -2.54699 -23322.7
20.905 -2.67794 -23763.7
20.906 -2.80798 -24202
20.907 -2.93705 -24637.4
20.908 -3.06507 -25069.8
20.909 -3.192 -25499
20.91 -3.31775 -25924.8
20.911 -3.44228 -26347
20.912 -3.56554 -26765.5
20.913 -3.68748 -27180.2
20.914 -3.80805 -27591
20.915 -3.92722 -27997.8
20.916 -4.04494 -28400.4
20.917 -4.16117 -28798.9
20.918 -4.27587 -29192.9
20.919 -4.389 -29582.6
20.92 -4.50052 -29967.8
20.921 -4.61039 -30348.3
20.922 -4.71856 -30724
20.923 -4.825 -31094.9
20.924 -4.92966 -31460.8
20.925 -5.0325 -31821.6
20.926 -5.13347 -32177.2
20.927 -5.23255 -32527.4
20.928 -5.32968 -32872.3
20.929 -5.42483 -33211.6
20.93 -5.51797 -33545.2
20.931 -5.60906 -33873.1
20.932 -5.69808 -34195.2
20.933 -5.78498 -34511.3
20.934 -5.86974 -34821.4
20.935 -5.95234 -35125.4
20.936 -6.03274 -35423.2
20.937 -6.11092 -35714.7
20.938 -6.18686 -35999.8
20.939 -6.26054 -36278.5
20.94 -6.33193 -36550.6
20.941 -6.40101 -36816.2
20.942 -6.46776 -37075
20.943 -6.53214 -37327
20.944 -6.59412 -37572.1
20.945 -6.65366 -37810
20.946 -6.71075 -38040.8
20.947 -6.76536 -38264.3
20.948 -6.81746 -38480.3
20.949 -6.86703 -38688.9
20.95 -6.91405 -38889.8
20.951 -6.9585 -39083
20.952 -7.00036 -39268.4
20.953 -7.03962 -39445.9
20.954 -7.07627 -39615.4
20.955 -7.11028 -39776.8
20.956 -7.14165 -39930.1
20.957 -7.17037 -40075.2
20.958 -7.19643 -40211.9
20.959 -7.21983 -40340.3
20.96 -7.24056 -40460.3
20.961 -7.25861 -40571.7
20.962 -7.27397 -40674.5
20.963 -7.28664 -40768.7
20.964 -7.2966 -40854.1
20.965 -7.30385 -40930.7
20.966 -7.30839 -40998.4
20.967 -7.3102 -41057.1
20.968 -7.30929 -41106.7
20.969 -7.30565 -41147.3
20.97 -7.29928 -41178.7
20.971 -7.29019 -41200.8
20.972 -7.27837 -41213.8
20.973 -7.26386 -41217.5
20.974 -7.24662 -41211.8
20.975 -7.22673 -41196.7
20.976 -7.20415 -41172.2
20.977 -7.17892 -41138.3
20.978 -7.15105 -41094.9
20.979 -7.12055 -41042.2
20.98 -7.08744 -40980
20.981 -7.05173 -40908.5
20.982 -7.01346 -40827.6
20.983 -6.97265 -40737.4
20.984 -6.92933 -40638
20.985 -6.88352 -40529.3
20.986 -6.83525 -40411.5
20.987 -6.78456 -40284.7
20.988 -6.73147 -40148.9
20.989 -6.676 -40004.1
20.99 -6.6182 -39850.4
20.991 -6.55809 -39688
20.992 -6.49571 -39516.9
20.993 -6.4311 -39337.3
20.994 -6.36429 -39149.2
20.995 -6.29534 -38952.8
20.996 -6.22427 -38748.2
20.997 -6.15113 -38535.5
20.998 -6.07596 -38314.9
20.999 -5.9988 -38086.5
21 -5.91969 -37850.4
21.001 -5.83868 -37606.8
21.002 -5.75581 -37355.8
21.003 -5.67113 -37097.7
21.004 -5.58469 -36832.5
21.005 -5.49654 -36560.5
21.006 -5.40674 -36281.9
21.007 -5.31533 -35996.8
21.008 -5.22236 -35705.4
21.009 -5.12789 -35407.9
21.01 -5.03196 -35104.6
21.011 -4.93464 -34795.5
21.012 -4.83596 -34481
21.013 -4.73598 -34161.1
21.014 -4.63476 -33836.2
21.015 -4.53234 -33506.3
21.016 -4.42877 -33171.7
21.017 -4.32411 -32832.7
21.018 -4.21842 -32489.3
21.019 -4.11174 -32141.9
21.02 -4.00413 -31790.6
21.021 -3.89563 -31435.6
21.022 -3.7863 -31077.2
21.023 -3.67619 -30715.5
21.024 -3.56533 -30350.6
21.025 -3.45377 -29982.9
21.026 -3.34156 -29612.4
21.027 -3.22874 -29239.4
21.028 -3.11537 -28864
21.029 -3.00148 -28486.5
21.03 -2.88713 -28107
21.031 -2.77236 -27725.7
21.032 -2.65722 -27342.8
21.033 -2.54173 -26958.5
21.034 -2.42595 -26572.8
21.035 -2.30991 -26186
21.036 -2.19366 -25798.3
21.037 -2.07723 -25409.7
21.038 -1.96066 -25020.6
21.039 -1.84401 -24630.9
21.04 -1.7273 -24240.9
21.041 -1.61058 -23850.8
21.042 -1.49389 -23460.7
21.043 -1.37726 -23070.7
21.044 -1.26072 -22681
21.045 -1.14431 -22291.6
21.046 -1.02807 -21902.8
21.047 -0.912022 -21514.7
21.048 -0.796215 -21127.3
21.049 -0.680679 -20740.9
21.05 -0.565452 -20355.5
21.051 -0.450571 -19971.4
21.052 -0.336082 -19588.5
21.053 -0.222028 -19207.2
21.054 -0.108456 -18827.6
21.055 0.00458847 -18449.7
21.056 0.117058 -18073.9
21.057 0.228906 -17700.2
21.058 0.340086 -17328.8
21.059 0.450551 -16959.8
21.06 0.560253 -16593.4
21.061 0.669145 -16229.8
21.062 0.777181 -15869
21.063 0.884313 -15511.3
21.064 0.990495 -15156.8
21.065 1.09568 -14805.6
21.066 1.19982 -14457.9
21.067 1.30288 -14113.8
21.068 1.4048 -13773.5
21.069 1.50554 -13437
21.07 1.60506 -13104.6
21.071 1.70331 -12776.3
21.072 1.80025 -12452.4
21.073 1.89586 -12132.7
21.074 1.9901 -11817.6
21.075 2.08292 -11507
21.076 2.17431 -11201.1
21.077 2.26423 -10899.9
21.078 2.35265 -10603.6
21.079 2.43953 -10312.2
21.08 2.52485 -10025.9
21.081 2.60857 -9744.66
21.082 2.69066 -9468.68
21.083 2.77106 -9198.08
21.084 2.84973 -8933.01
21.085 2.92663 -8673.59
21.086 3.00172 -8419.96
21.087 3.07496 -8172.24
21.088 3.1463 -7930.56
21.089 3.21571 -7695.04
21.09 3.28315 -7465.8
21.091 3.34858 -7242.96
21.092 3.41198 -7026.61
21.093 3.47332 -6816.82
21.094 3.53258 -6613.68
21.095 3.58972 -6417.27
21.096 3.64474 -6227.65
21.097 3.6976 -6044.9
21.098 3.7483 -5869.1
21.099 3.7968 -5700.29
21.1 3.84309 -5538.56
21.101 3.88716 -5383.95
21.102 3.92898 -5236.56
21.103 3.96852 -5096.47
21.104 4.00578 -4963.75
21.105 4.04072 -4838.48
21.106 4.07333 -4720.73
21.107 4.10359 -4610.58
21.108 4.13149 -4508.09
21.109 4.157 -4413.32
21.11 4.18012 -4326.33
21.111 4.20083 -4247.19
21.112 4.21912 -4175.93
21.113 4.23498 -4112.63
21.114 4.24839 -4057.32
21.115 4.25936 -4010.05
21.116 4.26788 -3970.85
21.117 4.27393 -3939.78
21.118 4.27751 -3916.85
21.119 4.27863 -3902.11
21.12 4.27728 -3895.58
21.121 4.27343 -3897.29
21.122 4.26711 -3907.34
21.123 4.25836 -3925.72
21.124 4.24715 -3952.41
21.125 4.2335 -3987.39
21.126 4.21742 -4030.64
21.127 4.19893 -4082.13
21.128 4.17804 -4141.85
21.129 4.15476 -4209.75
21.13 4.1291 -4285.8
21.131 4.1011 -4369.96
21.132 4.07075 -4462.18
21.133 4.03808 -4562.44
21.134 4.0031 -4670.66
21.135 3.96584 -4786.81
21.136 3.92632 -4910.82
21.137 3.88455 -5042.64
21.138 3.84056 -5182.21
21.139 3.79436 -5329.46
21.14 3.74598 -5484.33
21.141 3.69545 -5646.73
21.142 3.6428 -5816.57
21.143 3.58805 -5993.74
21.144 3.53124 -6178.14
21.145 3.47241 -6369.65
21.146 3.41158 -6568.15
21.147 3.3488 -6773.53
21.148 3.2841 -6985.67
21.149 3.21752 -7204.43
21.15 3.14908 -7429.71
21.151 3.07884 -7661.36
21.152 3.00682 -7899.26
21.153 2.93307 -8143.27
21.154 2.85762 -8393.25
21.155 2.78052 -8649.08
21.156 2.70179 -8910.6
21.157 2.62149 -9177.66
21.158 2.53965 -9450.14
21.159 2.45631 -9727.87
21.16 2.37152 -10010.7
21.161 2.28531 -10298.5
21.162 2.19773 -10591.1
21.163 2.10882 -10888.3
21.164 2.01862 -11190.1
21.165 1.92718 -11496.1
21.166 1.83455 -11806.4
21.167 1.74076 -12120.6
21.168 1.64586 -12438.7
21.169 1.5499 -12760.4
21.17 1.45292 -13085.7
21.171 1.35498 -13414.3
21.172 1.25612 -13746
21.173 1.1564 -14080.7
21.174 1.05588 -14418.1
21.175 0.954611 -14758
21.176 0.852658 -15100.3
21.177 0.750075 -15444.7
21.178 0.646921 -15791
21.179 0.543256 -16139.1
21.18 0.439137 -16488.6
21.181 0.334625 -16839.5
21.182 0.229779 -17191.5
21.183 0.12466 -17544.3
21.184 0.0193298 -17897.9
21.185 -0.0861514 -18251.9
21.186 -0.191721 -18606.2
21.187 -0.297317 -18960.5
21.188 -0.402876 -19314.7
21.189 -0.508336 -19668.6
21.19 -0.613633 -20021.9
21.191 -0.718705 -20374.4
21.192 -0.823487 -20726
21.193 -0.927916 -21076.4
21.194 -1.03193 -21425.4
21.195 -1.13546 -21772.8
21.196 -1.23845 -22118.5
21.197 -1.34083 -22462.1
21.198 -1.44255 -22803.6
21.199 -1.54352 -23142.7
21.2 -1.6437 -23479.2
21.201 -1.74302 -23812.9
21.202 -1.84142 -24143.6
21.203 -1.93883 -24471.2
21.204 -2.0352 -24795.4
21.205 -2.13046 -25116.1
21.206 -2.22455 -25433
21.207 -2.31741 -25745.9
21.208 -2.40898 -26054.8
21.209 -2.4992 -26359.4
21.21 -2.58802 -26659.4
21.211 -2.67537 -26954.8
21.212 -2.7612 -27245.4
21.213 -2.84543 -27530.9
21.214 -2.928 -27811.1
21.215 -3.00885 -28085.8
21.216 -3.08791 -28354.8
21.217 -3.16514 -28618
21.218 -3.24046 -28875.2
21.219 -3.31382 -29126.1
21.22 -3.38516 -29370.5
21.221 -3.45442 -29608.4
21.222 -3.52155 -29839.4
21.223 -3.58647 -30063.4
21.224 -3.64913 -30280.2
21.225 -3.70947 -30489.5
21.226 -3.76743 -30691.2
21.227 -3.82295 -30885.1
21.228 -3.87598 -31071
21.229 -3.92646 -31248.7
21.23 -3.97435 -31418
21.231 -4.01958 -31578.8
21.232 -4.06212 -31730.8
21.233 -4.10191 -31873.9
21.234 -4.13891 -32008
21.235 -4.17307 -32132.8
21.236 -4.20435 -32248.2
21.237 -4.23271 -32354.1
21.238 -4.2581 -32450.3
21.239 -4.2805 -32536.7
21.24 -4.29986 -32613
21.241 -4.31615 -32679.2
21.242 -4.32933 -32735.2
21.243 -4.33937 -32780.8
21.244 -4.34625 -32815.8
21.245 -4.34993 -32840.2
21.246 -4.35039 -32853.8
21.247 -4.34759 -32856.6
21.248 -4.3415 -32848.3
21.249 -4.33214 -32828.9
21.25 -4.31945 -32798.3
21.251 -4.30341 -32756.2
21.252 -4.28401 -32702.8
21.253 -4.26123 -32637.8
21.254 -4.23506 -32561.2
21.255 -4.20547 -32472.9
21.256 -4.17246 -32372.8
21.257 -4.13601 -32261
21.258 -4.0961 -32137.3
21.259 -4.05274 -32001.6
21.26 -4.0059 -31853.9
21.261 -3.95559 -31694.2
21.262 -3.90179 -31522.5
21.263 -3.84452 -31338.7
21.264 -3.78377 -31142.9
21.265 -3.71956 -30935
21.266 -3.65188 -30715.1
21.267 -3.58074 -30483.2
21.268 -3.50614 -30239.3
21.269 -3.42811 -29983.4
21.27 -3.34663 -29715.5
21.271 -3.26174 -29435.7
21.272 -3.17345 -29144.1
21.273 -3.08178 -28840.9
21.274 -2.98678 -28526
21.275 -2.88847 -28199.6
21.276 -2.78687 -27861.8
21.277 -2.68203 -27512.8
21.278 -2.57398 -27152.6
21.279 -2.46274 -26781.5
21.28 -2.34836 -26399.5
21.281 -2.23087 -26006.8
21.282 -2.11031 -25603.6
21.283 -1.98674 -25190
21.284 -1.86019 -24766.2
21.285 -1.73072 -24332.4
21.286 -1.59838 -23888.9
21.287 -1.46321 -23435.7
21.288 -1.32527 -22973.2
21.289 -1.1846 -22501.4
21.29 -1.04128 -22020.7
21.291 -0.895343 -21531.2
21.292 -0.746856 -21033.1
21.293 -0.595874 -20526.7
21.294 -0.442459 -20012.2
21.295 -0.286673 -19489.8
21.296 -0.128578 -18959.7
21.297 0.0317602 -18422.2
21.298 0.194274 -17877.5
21.299 0.358892 -17325.8
21.3 0.525544 -16767.4
21.301 0.694155 -16202.6
21.302 0.864657 -15631.5
21.303 1.03698 -15054.3
21.304 1.21105 -14471.4
21.305 1.38679 -13882.9
21.306 1.56412 -13288.9
21.307 1.74298 -12689.9
21.308 1.92326 -12086
21.309 2.1049 -11477.3
21.31 2.28781 -10864.3
21.311 2.47189 -10247
21.312 2.65708 -9625.77
21.313 2.84327 -9000.72
21.314 3.0304 -8372.11
21.315 3.21837 -7740.12
21.316 3.40709 -7104.99
21.317 3.59647 -6466.92
21.318 3.78641 -5826.12
21.319 3.97683 -5182.82
21.32 4.16763 -4537.22
21.321 4.35871 -3889.54
21.322 4.54996 -3240.01
21.323 4.74129 -2588.82
21.324 4.9326 -1936.21
21.325 5.12378 -1282.39
21.326 5.31473 -627.572
21.327 5.50535 28.0268
21.328 5.69552 684.191
21.329 5.88514 1340.71
21.33 6.0741 1997.36
21.331 6.26231 2653.92
21.332 6.44963 3310.17
21.333 6.63596 3965.86
21.334 6.82118 4620.76
21.335 7.00517 5274.61
21.336 7.18784 5927.2
21.337 7.36905 6578.28
21.338 7.5487 7227.62
21.339 7.72667 7874.99
21.34 7.90287 8520.17
21.341 8.07718 9162.92
21.342 8.2495 9803.02
21.343 8.41972 10440.3
21.344 8.58775 11074.4
21.345 8.75348 11705.2
21.346 8.91683 12332.6
21.347 9.07769 12956.1
21.348 9.23599 13575.8
21.349 9.39163 14191.3
21.35 9.54454 14802.4
21.351 9.69462 15409
21.352 9.84179 16010.8
21.353 9.98595 16607.5
21.354 10.127 17199
21.355 10.265 17784.9
21.356 10.3996 18365
21.357 10.531 18939.1
21.358 10.6589 19507
21.359 10.7835 20068.4
21.36 10.9045 20623.1
21.361 11.0219 21170.8
21.362 11.1357 21711.5
21.363 11.2459 22244.8
21.364 11.3524 22770.6
21.365 11.4551 23288.6
21.366 11.554 23798.7
21.367 11.6491 24300.7
21.368 11.7404 24794.4
21.369 11.8278 25279.5
21.37 11.9114 25756
21.371 11.991 26223.6
21.372 12.0668 26682.1
21.373 12.1386 27131.4
21.374 12.2065 27571.3
21.375 12.2705 28001.5
21.376 12.3305 28422
21.377 12.3865 28832.5
21.378 12.4387 29232.8
21.379 12.4868 29622.8
21.38 12.5311 30002.4
21.381 12.5714 30371.4
21.382 12.6078 30729.6
21.383 12.6403 31077
21.384 12.6689 31413.4
21.385 12.6938 31738.7
21.386 12.7148 32052.8
21.387 12.732 32355.7
21.388 12.7456 32647.2
21.389 12.7554 32927.3
21.39 12.7615 33195.8
21.391 12.7641 33452.7
21.392 12.763 33697.9
21.393 12.7584 33931.5
21.394 12.7503 34153.3
21.395 12.7387 34363.3
21.396 12.7238 34561.6
21.397 12.7054 34748
21.398 12.6838 34922.5
21.399 12.659 35085.2
21.4 12.6309 35236.1
21.401 12.5997 35375
21.402 12.5653 35502.1
21.403 12.5279 35617.3
21.404 12.4875 35720.7
21.405 12.4441 35812.1
21.406 12.3978 35891.8
21.407 12.3487 35959.6
21.408 12.2967 36015.6
21.409 12.2419 36059.8
21.41 12.1844 36092.3
21.411 12.1242 36113.1
21.412 12.0613 36122.2
21.413 11.9959 36119.6
21.414 11.928 36105.1
21.415 11.8575 36078.7
21.416 11.7847 36040.6
21.417 11.7094 35990.8
21.418 11.6318 35929.3
21.419 11.552 35856.4
21.42 11.4699 35772.1
21.421 11.3856 35676.5
21.422 11.2992 35569.7
21.423 11.2107 35451.7
21.424 11.1201 35322.7
21.425 11.0274 35182.8
21.426 10.9328 35032
21.427 10.8362 34870.5
21.428 10.7377 34698.4
21.429 10.6372 34515.7
21.43 10.5349 34322.5
21.431 10.4308 34119.1
21.432 10.3249 33905.4
21.433 10.2172 33681.7
21.434 10.1078 33447.8
21.435 9.9966 33204.1
21.436 9.88373 32950.5
21.437 9.76918 32687.2
21.438 9.65297 32414.2
21.439 9.53512 32131.8
21.44 9.41567 31840
21.441 9.29463 31538.9
21.442 9.17201 31228.6
21.443 9.04782 30909.2
21.444 8.92206 30580.7
21.445 8.79473 30243.2
21.446 8.66586 29896.8
21.447 8.53543 29541.5
21.448 8.40346 29177.5
21.449 8.26995 28804.9
21.45 8.13492 28423.6
21.451 7.99836 28033.9
21.452 7.86029 27635.8
21.453 7.72072 27229.3
21.454 7.57964 26814.7
21.455 7.43707 26392
21.456 7.29302 25961.3
21.457 7.14749 25522.8
21.458 7.0005 25076.4
21.459 6.85205 24622.5
21.46 6.70215 24160.9
21.461 6.55082 23692
21.462 6.39806 23215.8
21.463 6.24388 22732.4
21.464 6.0883 22242
21.465 5.93133 21744.7
21.466 5.77297 21240.6
21.467 5.61325 20729.9
21.468 5.45217 20212.7
21.469 5.28975 19689.1
21.47 5.12601 19159.3
21.471 4.96095 18623.5
21.472 4.79461 18081.7
21.473 4.62701 17534.3
21.474 4.45817 16981.3
21.475 4.28813 16422.9
21.476 4.1169 15859.4
21.477 3.94453 15290.9
21.478 3.77103 14717.5
21.479 3.59644 14139.6
21.48 3.42079 13557.3
21.481 3.24412 12970.7
21.482 3.06647 12380.2
21.483 2.88789 11786
21.484 2.70845 11188.3
21.485 2.52819 10587.3
21.486 2.34716 9983.47
21.487 2.16544 9376.91
21.488 1.98306 8767.92
21.489 1.8001 8156.75
21.49 1.61662 7543.66
21.491 1.43267 6928.93
21.492 1.24833 6312.82
21.493 1.06367 5695.65
21.494 0.878776 5077.68
21.495 0.693713 4459.22
21.496 0.508562 3840.56
21.497 0.323406 3221.97
21.498 0.138323 2603.75
21.499 -0.0466006 1986.2
21.5 -0.231281 1369.59
21.501 -0.415628 754.226
21.502 -0.599546 140.41
21.503 -0.782936 -471.542
21.504 -0.965697 -1081.32
21.505 -1.14773 -1688.61
21.506 -1.32892 -2293.1
21.507 -1.50918 -2894.49
21.508 -1.6884 -3492.47
21.509 -1.86647 -4086.74
21.51 -2.04328 -4676.99
21.511 -2.21875 -5262.93
21.512 -2.39275 -5844.28
21.513 -2.56521 -6420.79
21.514 -2.73602 -6992.18
21.515 -2.90508 -7558.19
21.516 -3.0723 -8118.57
21.517 -3.23759 -8673.06
21.518 -3.40084 -9221.41
21.519 -3.56197 -9763.37
21.52 -3.72087 -10298.7
21.521 -3.87747 -10827.2
21.522 -4.03169 -11348.6
21.523 -4.18345 -11862.7
21.524 -4.33268 -12369.5
21.525 -4.47931 -12868.7
21.526 -4.62328 -13360.1
21.527 -4.76452 -13843.6
21.528 -4.90298 -14319
21.529 -5.03857 -14786.2
21.53 -5.17126 -15245
21.531 -5.30098 -15695.3
21.532 -5.42768 -16137
21.533 -5.55132 -16569.9
21.534 -5.67186 -16993.9
21.535 -5.78926 -17409
21.536 -5.90348 -17815
21.537 -6.01449 -18211.8
21.538 -6.12226 -18599.4
21.539 -6.22676 -18977.7
21.54 -6.32797 -19346.5
21.541 -6.42585 -19705.8
21.542 -6.52038 -20055.6
21.543 -6.61156 -20395.7
21.544 -6.69935 -20726.1
21.545 -6.78376 -21046.7
21.546 -6.86476 -21357.5
21.547 -6.94236 -21658.4
21.548 -7.01653 -21949.4
21.549 -7.08729 -22230.4
21.55 -7.15462 -22501.4
21.551 -7.21853 -22762.4
21.552 -7.27902 -23013.2
21.553 -7.33607 -23253.9
21.554 -7.3897 -23484.3
21.555 -7.4399 -23704.5
21.556 -7.48667 -23914.4
21.557 -7.53003 -24114
21.558 -7.56997 -24303.1
21.559 -7.60652 -24481.9
21.56 -7.63967 -24650.2
21.561 -7.66945 -24808.1
21.562 -7.69586 -24955.4
21.563 -7.7189 -25092.3
21.564 -7.7386 -25218.5
21.565 -7.75496 -25334.2
21.566 -7.76799 -25439.2
21.567 -7.77772 -25533.5
21.568 -7.78415 -25617.2
21.569 -7.7873 -25690.1
21.57 -7.78719 -25752.4
21.571 -7.78384 -25803.9
21.572 -7.77726 -25844.7
21.573 -7.76745 -25874.6
21.574 -7.75442 -25893.7
21.575 -7.73819 -25901.8
21.576 -7.71871 -25898.9
21.577 -7.69607 -25884.8
21.578 -7.67023 -25859.4
21.579 -7.64122 -25822.7
21.58 -7.60905 -25774.6
21.581 -7.57373 -25715.3
21.582 -7.5353 -25644.6
21.583 -7.49377 -25562.7
21.584 -7.4492 -25469.6
21.585 -7.40161 -25365.4
21.586 -7.35103 -25250.1
21.587 -7.2975 -25123.7
21.588 -7.24105 -24986.4
21.589 -7.18171 -24838.2
21.59 -7.11953 -24679.3
21.591 -7.05454 -24509.6
21.592 -6.98678 -24329.3
21.593 -6.91629 -24138.6
21.594 -6.84312 -23937.5
21.595 -6.76732 -23726.2
21.596 -6.68893 -23504.8
21.597 -6.60799 -23273.4
21.598 -6.52456 -23032.2
21.599 -6.43867 -22781.4
21.6 -6.35037 -22521
21.601 -6.25971 -22251.3
21.602 -6.16676 -21972.5
21.603 -6.07159 -21684.8
21.604 -5.97427 -21388.5
21.605 -5.87487 -21083.8
21.606 -5.77347 -20771
21.607 -5.67013 -20450.3
21.608 -5.56493 -20122
21.609 -5.45794 -19786.5
21.61 -5.34923 -19443.8
21.611 -5.23886 -19094.4
21.612 -5.12692 -18738.4
21.613 -5.01345 -18376.1
21.614 -4.89852 -18007.8
21.615 -4.7822 -17633.7
21.616 -4.66454 -17254
21.617 -4.54562 -16869.1
21.618 -4.4255 -16479.1
21.619 -4.30424 -16084.4
21.62 -4.1819 -15685.1
21.621 -4.05855 -15281.6
21.622 -3.93426 -14874.1
21.623 -3.8091 -14462.9
21.624 -3.68312 -14048.2
21.625 -3.55639 -13630.4
21.626 -3.42899 -13209.6
21.627 -3.30097 -12786.2
21.628 -3.1724 -12360.4
21.629 -3.04336 -11932.4
21.63 -2.91391 -11502.7
21.631 -2.78412 -11071.3
21.632 -2.65402 -10638.6
21.633 -2.52367 -10204.6
21.634 -2.39311 -9769.69
21.635 -2.26238 -9333.89
21.636 -2.13153 -8897.44
21.637 -2.0006 -8460.53
21.638 -1.86964 -8023.33
21.639 -1.7387 -7586.04
21.64 -1.60781 -7148.83
21.641 -1.47703 -6711.9
21.642 -1.34641 -6275.42
21.643 -1.21599 -5839.57
21.644 -1.08583 -5404.54
21.645 -0.955959 -4970.52
21.646 -0.826439 -4537.67
21.647 -0.697318 -4106.19
21.648 -0.568644 -3676.24
21.649 -0.440468 -3248.02
21.65 -0.31284 -2821.69
21.651 -0.185809 -2397.43
21.652 -0.0594189 -1975.38
21.653 0.0662872 -1555.71
21.654 0.191266 -1138.54
21.655 0.315475 -724.017
21.656 0.43887 -312.291
21.657 0.561406 96.5016
21.658 0.68304 502.224
21.659 0.803727 904.738
21.66 0.923424 1303.91
21.661 1.04209 1699.6
21.662 1.15967 2091.69
21.663 1.27613 2480.03
21.664 1.39143 2864.51
21.665 1.50552 3244.99
21.666 1.61836 3621.34
21.667 1.72991 3993.46
21.668 1.84012 4361.2
21.669 1.94895 4724.47
21.67 2.05637 5083.13
21.671 2.16233 5437.05
21.672 2.26677 5786.09
21.673 2.36964 6130.08
21.674 2.47088 6468.84
21.675 2.57044 6802.22
21.676 2.66827 7130.05
21.677 2.76431 7452.18
21.678 2.8585 7768.44
21.679 2.95081 8078.68
21.68 3.04117 8382.76
21.681 3.12954 8680.53
21.682 3.21587 8971.83
21.683 3.30012 9256.54
21.684 3.38224 9534.51
21.685 3.46218 9805.6
21.686 3.5399 10069.7
21.687 3.61536 10326.6
21.688 3.68852 10576.3
21.689 3.75934 10818.6
21.69 3.82779 11053.4
21.691 3.89382 11280.5
21.692 3.95741 11499.9
21.693 4.01851 11711.5
21.694 4.0771 11915.1
21.695 4.13315 12110.6
21.696 4.18663 12298
21.697 4.2375 12477.1
21.698 4.28576 12647.8
21.699 4.33136 12810.1
21.7 4.37429 12963.9
21.701 4.41453 13109.1
21.702 4.45206 13245.6
21.703 4.48688 13373.4
21.704 4.51897 13492.4
21.705 4.54834 13602.7
21.706 4.57497 13704.1
21.707 4.59886 13796.6
21.708 4.62001 13880.3
21.709 4.63842 13955.1
21.71 4.65408 14020.9
21.711 4.667 14077.7
21.712 4.67718 14125.6
21.713 4.68462 14164.5
21.714 4.68932 14194.4
21.715 4.69131 14215.3
21.716 4.69057 14227.3
21.717 4.68713 14230.2
21.718 4.68095 14224.1
21.719 4.67213 14208.8
21.72 4.66061 14184.4
21.721 4.64642 14151
21.722 4.62957 14108.5
21.723 4.61009 14056.9
21.724 4.58797 13996.4
21.725 4.56325 13926.8
21.726 4.53594 13848.4
21.727 4.50606 13761
21.728 4.47362 13664.8
21.729 4.43864 13559.8
21.73 4.40115 13446.1
21.731 4.36116 13323.6
21.732 4.31869 13192.5
21.733 4.27375 13052.7
21.734 4.22636 12904.3
21.735 4.17653 12747.4
21.736 4.12427 12582
21.737 4.06961 12408.1
21.738 4.01256 12225.8
21.739 3.95314 12035.2
21.74 3.89137 11836.2
21.741 3.82727 11629
21.742 3.76085 11413.6
21.743 3.69213 11190.2
21.744 3.62115 10958.6
21.745 3.54791 10719.2
21.746 3.47244 10471.8
21.747 3.39477 10216.6
21.748 3.31491 9953.73
21.749 3.2329 9683.21
21.75 3.14874 9405.15
21.751 3.06248 9119.64
21.752 2.97413 8826.78
21.753 2.88373 8526.66
21.754 2.79129 8219.39
21.755 2.69685 7905.09
21.756 2.60043 7583.84
21.757 2.50206 7255.77
21.758 2.40177 6920.99
21.759 2.29959 6579.62
21.76 2.19555 6231.77
21.761 2.08969 5877.57
21.762 1.98203 5517.14
21.763 1.8726 5150.62
21.764 1.76144 4778.12
21.765 1.64859 4399.78
21.766 1.53408 4015.73
21.767 1.41793 3626.12
21.768 1.3002 3231.07
21.769 1.18091 2830.75
21.77 1.06011 2425.27
21.771 0.937833 2014.81
21.772 0.814135 1599.57
21.773 0.689074 1179.73
21.774 0.562708 755.52
21.775 0.435098 327.145
21.776 0.306303 -105.182
21.777 0.176385 -541.247
21.778 0.0454074 -980.833
21.779 -0.0865672 -1423.72
21.78 -0.219474 -1869.7
21.781 -0.353247 -2318.54
21.782 -0.487819 -2770.03
21.783 -0.623121 -3223.95
21.784 -0.759086 -3680.06
21.785 -0.895643 -4138.16
21.786 -1.03272 -4598.01
21.787 -1.17025 -5059.39
21.788 -1.30815 -5522.08
21.789 -1.44636 -5985.85
21.79 -1.5848 -6450.49
21.791 -1.72339 -6915.75
21.792 -1.86206 -7381.43
21.793 -2.00073 -7847.28
21.794 -2.13933 -8313.1
21.795 -2.27778 -8778.65
21.796 -2.41601 -9243.7
21.797 -2.55393 -9708.04
21.798 -2.69146 -10171.4
21.799 -2.82854 -10633.7
21.8 -2.96508 -11094.6
21.801 -3.101 -11553.8
21.802 -3.23623 -12011.3
21.803 -3.37071 -12466.8
21.804 -3.50436 -12920.2
21.805 -3.63711 -13371.1
21.806 -3.76891 -13819.6
21.807 -3.89966 -14265.3
21.808 -4.02932 -14708.1
21.809 -4.15781 -15147.8
21.81 -4.28506 -15584.3
21.811 -4.41102 -16017.3
21.812 -4.5356 -16446.7
21.813 -4.65875 -16872.3
21.814 -4.78041 -17293.9
21.815 -4.90051 -17711.5
21.816 -5.01899 -18124.7
21.817 -5.13578 -18533.4
21.818 -5.25084 -18937.5
21.819 -5.3641 -19336.8
21.82 -5.4755 -19731.2
21.821 -5.58499 -20120.5
21.822 -5.6925 -20504.4
21.823 -5.79798 -20883
21.824 -5.90137 -21255.8
21.825 -6.0026 -21622.9
21.826 -6.10163 -21984
21.827 -6.19839 -22338.9
21.828 -6.29284 -22687.5
21.829 -6.38492 -23029.6
21.83 -6.47458 -23365.1
21.831 -6.56179 -23693.8
21.832 -6.6465 -24015.5
21.833 -6.72868 -24330.3
21.834 -6.80829 -24637.9
21.835 -6.88531 -24938.2
21.836 -6.95971 -25231.1
21.837 -7.03145 -25516.6
21.838 -7.10053 -25794.4
21.839 -7.1669 -26064.6
21.84 -7.23056 -26327
21.841 -7.29149 -26581.5
21.842 -7.34965 -26828
21.843 -7.40503 -27066.4
21.844 -7.4576 -27296.6
21.845 -7.50736 -27518.5
21.846 -7.55426 -27731.9
21.847 -7.59832 -27936.8
21.848 -7.6395 -28133
21.849 -7.67779 -28320.6
21.85 -7.71319 -28499.3
21.851 -7.74569 -28669.2
21.852 -7.77529 -28830.1
21.853 -7.80196 -28981.9
21.854 -7.82572 -29124.6
21.855 -7.84656 -29258.1
21.856 -7.86448 -29382.4
21.857 -7.87948 -29497.3
21.858 -7.89157 -29602.8
21.859 -7.90074 -29699
21.86 -7.90701 -29785.6
21.861 -7.91037 -29862.7
21.862 -7.91084 -29930.3
21.863 -7.90843 -29988.2
21.864 -7.90313 -30036.5
21.865 -7.89498 -30075.1
21.866 -7.88398 -30104.1
21.867 -7.87013 -30123.3
21.868 -7.85348 -30132.7
21.869 -7.83399 -30132.4
21.87 -7.81172 -30122.2
21.871 -7.78667 -30102.2
21.872 -7.75886 -30072.2
21.873 -7.72831 -30032.3
21.874 -7.69503 -29982.5
21.875 -7.65905 -29922.9
21.876 -7.62039 -29853.4
21.877 -7.57906 -29774
21.878 -7.53509 -29684.8
21.879 -7.48849 -29585.8
21.88 -7.4393 -29477
21.881 -7.38753 -29358.4
21.882 -7.33321 -29230.2
21.883 -7.27635 -29092.3
21.884 -7.21699 -28944.7
21.885 -7.15515 -28787.6
21.886 -7.09084 -28620.9
21.887 -7.0241 -28444.8
21.888 -6.95495 -28259.3
21.889 -6.88342 -28064.4
21.89 -6.80953 -27860.3
21.891 -6.7333 -27646.9
21.892 -6.65475 -27424.4
21.893 -6.5739 -27192.8
21.894 -6.49078 -26952.1
21.895 -6.40538 -26702.3
21.896 -6.31775 -26443.7
21.897 -6.22788 -26176.2
21.898 -6.13581 -25899.8
21.899 -6.04154 -25614.7
21.9 -5.94511 -25320.9
21.901 -5.84652 -25018.6
21.902 -5.74581 -24707.7
21.903 -5.64301 -24388.5
21.904 -5.53814 -24061
21.905 -5.43124 -23725.4
21.906 -5.32232 -23381.8
21.907 -5.21143 -23030.3
21.908 -5.09859 -22671
21.909 -4.98383 -22304.1
21.91 -4.86718 -21929.8
21.911 -4.74868 -21548
21.912 -4.62835 -21159.1
21.913 -4.50622 -20763.1
21.914 -4.38233 -20360.1
21.915 -4.2567 -19950.4
21.916 -4.12938 -19534.1
21.917 -4.00039 -19111.3
21.918 -3.86977 -18682.2
21.919 -3.73755 -18246.9
21.92 -3.60377 -17805.7
21.921 -3.46846 -17358.6
21.922 -3.33167 -16905.9
21.923 -3.19347 -16447.9
21.924 -3.05389 -15984.7
21.925 -2.91299 -15516.6
21.926 -2.77084 -15043.9
21.927 -2.62748 -14566.6
21.928 -2.48298 -14085.2
21.929 -2.33739 -13599.8
21.93 -2.19076 -13110.6
21.931 -2.04317 -12618
21.932 -1.89466 -12122.1
21.933 -1.7453 -11623.1
21.934 -1.59514 -11121.4
21.935 -1.44426 -10617.2
21.936 -1.29271 -10110.7
21.937 -1.14056 -9602.17
21.938 -0.987872 -9091.83
21.939 -0.834711 -8579.94
21.94 -0.681146 -8066.74
21.941 -0.527241 -7552.49
21.942 -0.373059 -7037.4
21.943 -0.21866 -6521.68
21.944 -0.064107 -6005.57
21.945 0.0905379 -5489.26
21.946 0.24521 -4972.99
21.947 0.399844 -4456.97
21.948 0.554372 -3941.41
21.949 0.708728 -3426.54
21.95 0.862842 -2912.56
21.951 1.01665 -2399.68
21.952 1.17008 -1888.1
21.953 1.32308 -1377.99
21.954 1.47558 -869.547
21.955 1.62752 -362.945
21.956 1.77884 141.633
21.957 1.92947 644.008
21.958 2.07935 1144
21.959 2.22842 1641.44
21.96 2.3766 2136.14
21.961 2.52384 2627.94
21.962 2.67009 3116.69
21.963 2.81527 3602.24
21.964 2.95935 4084.46
21.965 3.10226 4563.22
21.966 3.24394 5038.36
21.967 3.38435 5509.76
21.968 3.52343 5977.28
21.969 3.66112 6440.8
21.97 3.79738 6900.18
21.971 3.93214 7355.31
21.972 4.06538 7806.08
21.973 4.19703 8252.39
21.974 4.32707 8694.16
21.975 4.45546 9131.3
21.976 4.58214 9563.71
21.977 4.70708 9991.32
21.978 4.83026 10414
21.979 4.95162 10831.8
21.98 5.07113 11244.5
21.981 5.18876 11652.1
21.982 5.30447 12054.5
21.983 5.41822 12451.5
21.984 5.52996 12843.1
21.985 5.63967 13229.2
21.986 5.7473 13609.7
21.987 5.85283 13984.5
21.988 5.95621 14353.6
21.989 6.05742 14716.7
21.99 6.15642 15074
21.991 6.2532 15425.2
21.992 6.3477 15770.3
21.993 6.43991 16109.1
21.994 6.52978 16441.7
21.995 6.6173 16767.8
21.996 6.70243 17087.4
21.997 6.78514 17400.4
21.998 6.86541 17706.8
21.999 6.94322 18006.4
22 7.01855 18299.1
22.001 7.09137 18584.9
22.002 7.16167 18863.7
22.003 7.22942 19135.4
22.004 7.29459 19399.9
22.005 7.35717 19657
22.006 7.41714 19906.8
22.007 7.47448 20149.1
22.008 7.52917 20383.8
22.009 7.58121 20610.9
22.01 7.63059 20830.3
22.011 7.67729 21041.8
22.012 7.7213 21245.6
22.013 7.76263 21441.4
22.014 7.80126 21629.2
22.015 7.83719 21809
22.016 7.87042 21980.7
22.017 7.90096 22144.2
22.018 7.9288 22299.6
22.019 7.95394 22446.7
22.02 7.9764 22585.5
22.021 7.99618 22716
22.022 8.0133 22838.2
22.023 8.02779 22952.2
22.024 8.03968 23057.9
22.025 8.04899 23155.4
22.026 8.05574 23244.7
22.027 8.05998 23325.9
22.028 8.06174 23399
22.029 8.06103 23464
22.03 8.0579 23521.1
22.031 8.05238 23570.2
22.032 8.04451 23611.4
22.033 8.03431 23644.8
22.034 8.02182 23670.4
22.035 8.00707 23688.3
22.036 7.99012 23698.5
22.037 7.97098 23701.2
22.038 7.94968 23696.3
22.039 7.9263 23683.7
22.04 7.90085 23663.6
22.041 7.87336 23636
22.042 7.84389 23601.2
22.043 7.81248 23559.1
22.044 7.77919 23509.8
22.045 7.74406 23453.7
22.046 7.70713 23390.7
22.047 7.66846 23320.9
22.048 7.6281 23244.6
22.049 7.58608 23161.8
22.05 7.54247 23072.7
22.051 7.49731 22977.4
22.052 7.45064 22876.1
22.053 7.4025 22768.8
22.054 7.35293 22655.7
22.055 7.30196 22536.9
22.056 7.24965 22412.5
22.057 7.19603 22282.6
22.058 7.14115 22147.4
22.059 7.08503 22007
22.06 7.02773 21861.5
22.061 6.96928 21711
22.062 6.90971 21555.6
22.063 6.84904 21395.5
22.064 6.78729 21230.6
22.065 6.72449 21061
22.066 6.66066 20886.9
22.067 6.59583 20708.4
22.068 6.53002 20525.4
22.069 6.46325 20338.1
22.07 6.39556 20146.6
22.071 6.32695 19951
22.072 6.25748 19751.4
22.073 6.18717 19547.9
22.074 6.11605 19340.6
22.075 6.04416 19129.7
22.076 5.97153 18915.2
22.077 5.89819 18697.4
22.078 5.82419 18476.3
22.079 5.74955 18252.1
22.08 5.6743 18024.8
22.081 5.59848 17794.7
22.082 5.52211 17561.8
22.083 5.4452 17326.2
22.084 5.36778 17087.9
22.085 5.28985 16847
22.086 5.21144 16603.7
22.087 5.13257 16357.9
22.088 5.05324 16109.8
22.089 4.97349 15859.5
22.09 4.89332 15607
22.091 4.81276 15352.3
22.092 4.73183 15095.7
22.093 4.65056 14837.3
22.094 4.56898 14577
22.095 4.48711 14315.2
22.096 4.40499 14051.7
22.097 4.32263 13786.9
22.098 4.24007 13520.8
22.099 4.15733 13253.4
22.1 4.07445 12985
22.101 3.99144 12715.7
22.102 3.90836 12445.5
22.103 3.82522 12174.6
22.104 3.74208 11903.2
22.105 3.65896 11631.5
22.106 3.57591 11359.5
22.107 3.49296 11087.4
22.108 3.41015 10815.3
22.109 3.32751 10543.5
22.11 3.24509 10272
22.111 3.16291 10001
22.112 3.08104 9730.6
22.113 2.9995 9461.07
22.114 2.91835 9192.53
22.115 2.83764 8925.16
22.116 2.7574 8659.13
22.117 2.67769 8394.62
22.118 2.59854 8131.78
22.119 2.52001 7870.78
22.12 2.44215 7611.8
22.121 2.36498 7354.99
22.122 2.28857 7100.53
22.123 2.21296 6848.57
22.124 2.13818 6599.28
22.125 2.06429 6352.83
22.126 1.99132 6109.36
22.127 1.91933 5869.03
22.128 1.84836 5632.02
22.129 1.77845 5398.46
22.13 1.70964 5168.51
22.131 1.64197 4942.33
22.132 1.5755 4720.06
22.133 1.51025 4501.86
22.134 1.44628 4287.87
22.135 1.38363 4078.23
22.136 1.32232 3873.08
22.137 1.26241 3672.58
22.138 1.20394 3476.86
22.139 1.14694 3286.04
22.14 1.09146 3100.28
22.141 1.03753 2919.69
22.142 0.985173 2744.38
22.143 0.93443 2574.45
22.144 0.885326 2410
22.145 0.837887 2251.11
22.146 0.79214 2097.89
22.147 0.748111 1950.41
22.148 0.705826 1808.78
22.149 0.665309 1673.06
22.15 0.626584 1543.35
22.151 0.589674 1419.71
22.152 0.554593 1302.2
22.153 0.521355 1190.86
22.154 0.489972 1085.74
22.155 0.460457 986.88
22.156 0.432821 894.307
22.157 0.407073 808.061
22.158 0.383223 728.172
22.159 0.36128 654.67
22.16 0.341251 587.582
22.161 0.323142 526.924
22.162 0.306952 472.695
22.163 0.292678 424.885
22.164 0.280316 383.48
22.165 0.269861 348.465
22.166 0.261307 319.819
22.167 0.25465 297.522
22.168 0.24988 281.55
22.169 0.246974 271.876
22.17 0.245968 268.47
22.171 0.246826 271.314
22.172 0.249533 280.384
22.173 0.254055 295.645
22.174 0.260423 317.057
22.175 0.268607 344.579
22.176 0.278595 378.165
22.177 0.290372 417.768
22.178 0.303924 463.34
22.179 0.319235 514.826
22.18 0.336289 572.173
22.181 0.355071 635.331
22.182 0.37557 704.262
22.183 0.397777 778.935
22.184 0.42168 859.313
22.185 0.447269 945.361
22.186 0.474532 1037.04
22.187 0.503455 1134.3
22.188 0.534026 1237.11
22.189 0.566231 1345.42
22.19 0.600055 1459.17
22.191 0.635482 1578.32
22.192 0.672497 1702.82
22.193 0.711082 1832.6
22.194 0.751221 1967.6
22.195 0.792895 2107.78
22.196 0.836084 2253.06
22.197 0.88077 2403.39
22.198 0.926932 2558.69
22.199 0.974549 2718.9
22.2 1.0236 2883.95
22.201 1.07406 3053.77
22.202 1.12592 3228.31
22.203 1.17916 3407.53
22.204 1.23377 3591.36
22.205 1.28973 3779.77
22.206 1.34702 3972.69
22.207 1.40563 4170.08
22.208 1.46553 4371.88
22.209 1.52672 4578.02
22.21 1.58916 4788.46
22.211 1.65284 5003.11
22.212 1.71772 5221.9
22.213 1.78379 5444.72
22.214 1.851 5671.49
22.215 1.91933 5902.1
22.216 1.98874 6136.46
22.217 2.0592 6374.46
22.218 2.13068 6616
22.219 2.20315 6860.97
22.22 2.27656 7109.28
22.221 2.35089 7360.8
22.222 2.42608 7615.42
22.223 2.50211 7872.98
22.224 2.57891 8133.36
22.225 2.65644 8396.4
22.226 2.73466 8661.97
22.227 2.81352 8929.93
22.228 2.89298 9200.14
22.229 2.97298 9472.44
22.23 3.05348 9746.69
22.231 3.13443 10022.8
22.232 3.21578 10300.5
22.233 3.29749 10579.7
22.234 3.3795 10860.4
22.235 3.46176 11142.2
22.236 3.54422 11425.1
22.237 3.62684 11709
22.238 3.70957 11993.6
22.239 3.79235 12278.8
22.24 3.87513 12564.6
22.241 3.95787 12850.7
22.242 4.04053 13137
22.243 4.12305 13423.4
22.244 4.20541 13709.7
22.245 4.28756 13996
22.246 4.36946 14282
22.247 4.45106 14567.6
22.248 4.53233 14852.7
22.249 4.61323 15137.2
22.25 4.69371 15421
22.251 4.77373 15704
22.252 4.85325 15985.9
22.253 4.93222 16266.8
22.254 5.01059 16546.3
22.255 5.08832 16824.5
22.256 5.16535 17101.1
22.257 5.24164 17376
22.258 5.31714 17649.1
22.259 5.39181 17920.2
22.26 5.46561 18189.2
22.261 5.53849 18456
22.262 5.61044 18720.5
22.263 5.68143 18982.6
22.264 5.75144 19242.4
22.265 5.82048 19499.8
22.266 5.88851 19754.7
22.267 5.95553 20007.1
22.268 6.02151 20256.9
22.269 6.08646 20504.1
22.27 6.15035 20748.8
22.271 6.21317 20990.7
22.272 6.27492 21230
22.273 6.33558 21466.6
22.274 6.39514 21700.4
22.275 6.45359 21931.4
22.276 6.51092 22159.5
22.277 6.56714 22384.9
22.278 6.62222 22607.4
22.279 6.67617 22826.9
22.28 6.72897 23043.6
22.281 6.78063 23257.3
22.282 6.83114 23468
22.283 6.88049 23675.8
22.284 6.92868 23880.5
22.285 6.97571 24082.2
22.286 7.02158 24280.9
22.287 7.06628 24476.6
22.288 7.10982 24669.2
22.289 7.1522 24858.7
22.29 7.19341 25045.1
22.291 7.23347 25228.5
22.292 7.27236 25408.7
22.293 7.3101 25585.9
22.294 7.34669 25759.9
22.295 7.38213 25930.8
22.296 7.41642 26098.7
22.297 7.44958 26263.4
22.298 7.4816 26425
22.299 7.51249 26583.5
22.3 7.54227 26738.9
22.301 7.57092 26891.2
22.302 7.59847 27040.4
22.303 7.6249 27186.5
22.304 7.65022 27329.4
22.305 7.67443 27469.2
22.306 7.69752 27605.7
22.307 7.71951 27739.1
22.308 7.74039 27869.2
22.309 7.76016 27996.1
22.31 7.77884 28119.8
22.311 7.79642 28240.3
22.312 7.81291 28357.4
22.313 7.82831 28471.4
22.314 7.84263 28582.1
22.315 7.85588 28689.5
22.316 7.86806 28793.6
22.317 7.87917 28894.5
22.318 7.88924 28992.1
22.319 7.89825 29086.4
22.32 7.90623 29177.5
22.321 7.91318 29265.3
22.322 7.91912 29349.9
22.323 7.92407 29431.3
22.324 7.92804 29509.6
22.325 7.93105 29584.8
22.326 7.93312 29656.9
22.327 7.93427 29726
22.328 7.93453 29792.1
22.329 7.9339 29855.3
22.33 7.93242 29915.6
22.331 7.93009 29973
22.332 7.92694 30027.7
22.333 7.92299 30079.6
22.334 7.91826 30128.8
22.335 7.91277 30175.4
22.336 7.90654 30219.3
22.337 7.8996 30260.7
22.338 7.89196 30299.7
22.339 7.88364 30336.2
22.34 7.87467 30370.3
22.341 7.86507 30402.1
22.342 7.85488 30431.8
22.343 7.84413 30459.3
22.344 7.83287 30484.9
22.345 7.82113 30508.6
22.346 7.80895 30530.5
22.347 7.79637 30550.9
22.348 7.78343 30569.8
22.349 7.77016 30587.3
22.35 7.75661 30603.5
22.351 7.7428 30618.6
22.352 7.72878 30632.6
22.353 7.71456 30645.7
22.354 7.70019 30658
22.355 7.68568 30669.4
22.356 7.67107 30680.2
22.357 7.65638 30690.5
22.358 7.64166 30700.2
22.359 7.6269 30709.6
22.36 7.61215 30718.6
22.361 7.59744 30727.5
22.362 7.5828 30736.3
22.363 7.56827 30745.1
22.364 7.55388 30754.1
22.365 7.53967 30763.3
22.366 7.52567 30773
22.367 7.51191 30783.2
22.368 7.49844 30794.1
22.369 7.48529 30805.7
22.37 7.47249 30818.2
22.371 7.46008 30831.7
22.372 7.44806 30846.3
22.373 7.43645 30862
22.374 7.42528 30879
22.375 7.41456 30897.1
22.376 7.40429 30916.6
22.377 7.3945 30937.5
22.378 7.3852 30959.7
22.379 7.3764 30983.5
22.38 7.36812 31008.8
22.381 7.36038 31035.7
22.382 7.35318 31064.3
22.383 7.34656 31094.7
22.384 7.34054 31126.9
22.385 7.33513 31161
22.386 7.33035 31197.2
22.387 7.32623 31235.4
22.388 7.32279 31275.8
22.389 7.32005 31318.5
22.39 7.31802 31363.5
22.391 7.31671 31410.8
22.392 7.31615 31460.6
22.393 7.31635 31512.9
22.394 7.3173 31567.8
22.395 7.31901 31625.2
22.396 7.32151 31685.2
22.397 7.32478 31747.9
22.398 7.32885 31813.3
22.399 7.33371 31881.4
22.4 7.33937 31952.2
22.401 7.34585 32025.9
22.402 7.35315 32102.5
22.403 7.36128 32182
22.404 7.37027 32264.5
22.405 7.38011 32350
22.406 7.39083 32438.6
22.407 7.40244 32530.4
22.408 7.41494 32625.5
22.409 7.42835 32723.8
22.41 7.44268 32825.4
22.411 7.45793 32930.4
22.412 7.47413 33038.9
22.413 7.49126 33150.8
22.414 7.50935 33266.3
22.415 7.5284 33385.3
22.416 7.54842 33507.9
22.417 7.56941 33634.2
22.418 7.59138 33764.2
22.419 7.61433 33898
22.42 7.63827 34035.5
22.421 7.66321 34176.8
22.422 7.68915 34322
22.423 7.7161 34471.2
22.424 7.74408 34624.3
22.425 7.7731 34781.5
22.426 7.80316 34942.9
22.427 7.83427 35108.4
22.428 7.86645 35278.1
22.429 7.8997 35452.1
22.43 7.93402 35630.4
22.431 7.96941 35813.1
22.432 8.00589 36000.2
22.433 8.04343 36191.7
22.434 8.08205 36387.6
22.435 8.12172 36588
22.436 8.16245 36792.8
22.437 8.20422 37002.1
22.438 8.24704 37215.9
22.439 8.29088 37434.1
22.44 8.33575 37656.8
22.441 8.38162 37883.9
22.442 8.42848 38115.5
22.443 8.47629 38351.4
22.444 8.52503 38591.7
22.445 8.57466 38836.1
22.446 8.62516 39084.8
22.447 8.67649 39337.6
22.448 8.72863 39594.4
22.449 8.78154 39855.2
22.45 8.8352 40119.9
22.451 8.88956 40388.4
22.452 8.9446 40660.8
22.453 9.00029 40936.8
22.454 9.05659 41216.4
22.455 9.11347 41499.6
22.456 9.17089 41786.2
22.457 9.22883 42076.3
22.458 9.28724 42369.6
22.459 9.34609 42666.2
22.46 9.40536 42965.9
22.461 9.46499 43268.8
22.462 9.52495 43574.5
22.463 9.58518 43883
22.464 9.64563 44194.2
22.465 9.70624 44507.9
22.466 9.76698 44824
22.467 9.82778 45142.3
22.468 9.88859 45462.7
22.469 9.94937 45785
22.47 10.0101 46109.1
22.471 10.0706 46434.9
22.472 10.131 46762.2
22.473 10.1912 47090.9
22.474 10.251 47420.8
22.475 10.3106 47751.7
22.476 10.3697 48083.7
22.477 10.4285 48416.4
22.478 10.4868 48749.7
22.479 10.5446 49083.6
22.48 10.6018 49417.9
22.481 10.6584 49752.3
22.482 10.7144 50086.9
22.483 10.7697 50421.3
22.484 10.8243 50755.4
22.485 10.878 51089.2
22.486 10.931 51422.3
22.487 10.983 51754.6
22.488 11.0341 52086
22.489 11.0842 52416.2
22.49 11.1334 52745.3
22.491 11.1814 53072.8
22.492 11.2284 53398.9
22.493 11.2743 53723.2
22.494 11.319 54045.8
22.495 11.3626 54366.4
22.496 11.4049 54684.9
22.497 11.446 55001.2
22.498 11.4859 55315.3
22.499 11.5245 55626.8
22.5 11.5618 55935.9
22.501 11.5978 56242.2
22.502 11.6324 56545.7
22.503 11.6657 56846.2
22.504 11.6976 57143.7
22.505 11.728 57437.9
22.506 11.757 57728.7
22.507 11.7845 58016
22.508 11.8105 58299.6
22.509 11.835 58579.4
22.51 11.8579 58855.3
22.511 11.8793 59127.2
22.512 11.8991 59394.9
22.513 11.9174 59658.3
22.514 11.934 59917.3
22.515 11.949 60171.7
22.516 11.9624 60421.4
22.517 11.9741 60666.4
22.518 11.9842 60906.5
22.519 11.9926 61141.6
22.52 11.9993 61371.6
22.521 12.0044 61596.3
22.522 12.0077 61815.8
22.523 12.0094 62029.8
22.524 12.0094 62238.3
22.525 12.0076 62441.1
22.526 12.0042 62638.3
22.527 11.999 62829.6
22.528 11.9921 63015
22.529 11.9835 63194.5
22.53 11.9731 63367.8
22.531 11.9611 63535
22.532 11.9472 63695.9
22.533 11.9317 63850.3
22.534 11.9143 63998.2
22.535 11.8952 64139.4
22.536 11.8743 64273.8
22.537 11.8515 64401.2
22.538 11.827 64521.5
22.539 11.8006 64634.7
22.54 11.7723 64740.6
22.541 11.7422 64839
22.542 11.7102 64929.9
22.543 11.6763 65013
22.544 11.6404 65088.1
22.545 11.6026 65155.3
22.546 11.5628 65214.2
22.547 11.521 65264.7
22.548 11.4771 65306.7
22.549 11.4312 65340
22.55 11.3833 65364.5
22.551 11.3332 65380
22.552 11.2811 65386.5
22.553 11.2267 65383.5
22.554 11.1703 65370.9
22.555 11.1117 65348.3
22.556 11.0509 65315.8
22.557 10.9879 65273.1
22.558 10.9227 65220.2
22.559 10.8552 65156.9
22.56 10.7855 65083.2
22.561 10.7136 64998.8
22.562 10.6393 64903.7
22.563 10.5628 64797.8
22.564 10.4839 64680.8
22.565 10.4027 64552.8
22.566 10.3191 64413.5
22.567 10.2331 64262.9
22.568 10.1447 64100.9
22.569 10.0539 63927.3
22.57 9.96064 63742
22.571 9.86489 63545
22.572 9.76667 63336.2
22.573 9.66598 63115.6
22.574 9.5628 62883.2
22.575 9.45715 62638.9
22.576 9.34901 62382.7
22.577 9.23839 62114.6
22.578 9.12528 61834.6
22.579 9.00969 61542.7
22.58 8.8916 61239
22.581 8.77101 60923.3
22.582 8.64793 60595.7
22.583 8.52232 60256.2
22.584 8.39419 59904.8
22.585 8.26353 59541.4
22.586 8.13032 59166
22.587 7.99455 58778.8
22.588 7.85621 58379.6
22.589 7.71529 57968.4
22.59 7.57178 57545.4
22.591 7.42568 57110.5
22.592 7.27696 56663.7
22.593 7.12563 56205.2
22.594 6.97166 55734.8
22.595 6.81506 55252.7
22.596 6.6558 54758.9
22.597 6.49389 54253.4
22.598 6.32931 53736.3
22.599 6.16206 53207.7
22.6 5.99212 52667.6
22.601 5.81949 52116.1
22.602 5.64417 51553.2
22.603 5.46613 50979.1
22.604 5.28539 50393.8
22.605 5.10192 49797.4
22.606 4.91573 49190
22.607 4.72682 48571.7
22.608 4.53517 47942.6
22.609 4.3408 47302.7
22.61 4.14368 46652.2
22.611 3.94384 45991.3
22.612 3.74126 45320
22.613 3.53598 44638.5
22.614 3.32799 43946.9
22.615 3.11731 43245.5
22.616 2.90396 42534.3
22.617 2.68796 41813.6
22.618 2.46932 41083.5
22.619 2.24806 40344.1
22.62 2.02421 39595.7
22.621 1.7978 38838.5
22.622 1.56888 38072.6
22.623 1.33748 37298.4
22.624 1.10367 36516
22.625 0.867499 35725.8
22.626 0.629024 34927.9
22.627 0.388309 34122.7
22.628 0.145423 33310.4
22.629 -0.0995644 32491.3
22.63 -0.346574 31665.6
22.631 -0.595521 30833.6
22.632 -0.84631 29995.7
22.633 -1.09884 29152
22.634 -1.353 28303
22.635 -1.60868 27448.9
22.636 -1.86576 26590.1
22.637 -2.12412 25726.8
22.638 -2.38364 24859.3
22.639 -2.64418 23988
22.64 -2.90561 23113.3
22.641 -3.16778 22235.3
22.642 -3.43054 21354.6
22.643 -3.69372 20471.4
22.644 -3.95715 19586.1
22.645 -4.22065 18699.2
22.646 -4.48406 17810.9
22.647 -4.74718 16921.7
22.648 -5.00984 16031.9
22.649 -5.27185 15141.9
22.65 -5.53303 14252.1
22.651 -5.79318 13362.9
22.652 -6.05212 12474.5
22.653 -6.30968 11587.4
22.654 -6.56566 10701.9
22.655 -6.81989 9818.2
22.656 -7.07217 8936.77
22.657 -7.32233 8057.91
22.658 -7.57018 7181.93
22.659 -7.81555 6309.17
22.66 -8.05825 5439.94
22.661 -8.29812 4574.57
22.662 -8.53498 3713.36
22.663 -8.76866 2856.64
22.664 -8.99899 2004.69
22.665 -9.22583 1157.84
22.666 -9.449 316.38
22.667 -9.66837 -519.399
22.668 -9.88379 -1349.2
22.669 -10.0951 -2172.75
22.67 -10.3022 -2989.75
22.671 -10.505 -3799.95
22.672 -10.7033 -4603.09
22.673 -10.897 -5398.92
22.674 -11.0861 -6187.23
22.675 -11.2704 -6967.78
22.676 -11.4499 -7740.35
22.677 -11.6245 -8504.72
22.678 -11.7942 -9260.68
22.679 -11.9588 -10008
22.68 -12.1183 -10746.5
22.681 -12.2727 -11476.1
22.682 -12.422 -12196.4
22.683 -12.5661 -12907.3
22.684 -12.7049 -13608.7
22.685 -12.8386 -14300.3
22.686 -12.967 -14982.1
22.687 -13.0902 -15653.8
22.688 -13.2081 -16315.2
22.689 -13.3209 -16966.3
22.69 -13.4284 -17606.9
22.691 -13.5308 -18236.9
22.692 -13.628 -18856
22.693 -13.72 -19464.2
22.694 -13.807 -20061.2
22.695 -13.8888 -20647.1
22.696 -13.9657 -21221.5
22.697 -14.0376 -21784.4
22.698 -14.1045 -22335.7
22.699 -14.1665 -22875.3
22.7 -14.2236 -23402.9
22.701 -14.276 -23918.6
22.702 -14.3237 -24422.2
22.703 -14.3667 -24913.7
22.704 -14.4052 -25393
22.705 -14.4391 -25860.1
22.706 -14.4686 -26314.9
22.707 -14.4937 -26757.3
22.708 -14.5146 -27187.3
22.709 -14.5313 -27605
22.71 -14.5438 -28010.1
22.711 -14.5523 -28402.8
22.712 -14.5568 -28783
22.713 -14.5573 -29150.5
22.714 -14.5541 -29505.3
22.715 -14.547 -29847.3
22.716 -14.5362 -30176.5
22.717 -14.5217 -30492.9
22.718 -14.5036 -30796.4
22.719 -14.4819 -31086.9
22.72 -14.4568 -31364.4
22.721 -14.4282 -31628.9
22.722 -14.3963 -31880.3
22.723 -14.3611 -32118.7
22.724 -14.3226 -32344.2
22.725 -14.281 -32556.6
22.726 -14.2363 -32756
22.727 -14.1886 -32942.5
22.728 -14.138 -33116
22.729 -14.0844 -33276.6
22.73 -14.028 -33424.4
22.731 -13.9688 -33559.3
22.732 -13.9069 -33681.5
22.733 -13.8424 -33790.9
22.734 -13.7752 -33887.6
22.735 -13.7055 -33971.7
22.736 -13.6333 -34043.2
22.737 -13.5586 -34102.2
22.738 -13.4816 -34148.7
22.739 -13.4022 -34182.9
22.74 -13.3206 -34204.8
22.741 -13.2367 -34214.4
22.742 -13.1506 -34211.7
22.743 -13.0624 -34196.5
22.744 -12.972 -34168.8
22.745 -12.8797 -34128.8
22.746 -12.7853 -34076.5
22.747 -12.689 -34012
22.748 -12.5907 -33935.5
22.749 -12.4906 -33847
22.75 -12.3886 -33746.7
22.751 -12.2849 -33634.7
22.752 -12.1794 -33511.2
22.753 -12.0722 -33376.3
22.754 -11.9633 -33230.1
22.755 -11.8529 -33072.9
22.756 -11.7409 -32904.8
22.757 -11.6274 -32726
22.758 -11.5124 -32536.7
22.759 -11.396 -32337
22.76 -11.2782 -32127.1
22.761 -11.159 -31907.3
22.762 -11.0386 -31677.6
22.763 -10.9169 -31438.2
22.764 -10.7939 -31189.4
22.765 -10.6698 -30931.2
22.766 -10.5444 -30663.9
22.767 -10.418 -30387.6
22.768 -10.2904 -30102.5
22.769 -10.1617 -29808.8
22.77 -10.032 -29506.6
22.771 -9.90131 -29196.2
22.772 -9.7696 -28877.8
22.773 -9.63695 -28551.5
22.774 -9.50338 -28217.5
22.775 -9.36893 -27876.1
22.776 -9.23362 -27527.3
22.777 -9.09749 -27171.5
22.778 -8.96057 -26808.9
22.779 -8.8229 -26439.5
22.78 -8.68449 -26063.8
22.781 -8.5454 -25681.7
22.782 -8.40563 -25293.6
22.783 -8.26522 -24899.6
22.784 -8.12419 -24499.9
22.785 -7.98257 -24094.7
22.786 -7.84038 -23684.1
22.787 -7.69765 -23268.5
22.788 -7.5544 -22847.9
22.789 -7.41066 -22422.5
22.79 -7.26646 -21992.6
22.791 -7.12183 -21558.3
22.792 -6.97678 -21119.8
22.793 -6.83136 -20677.4
22.794 -6.68559 -20231.2
22.795 -6.53949 -19781.4
22.796 -6.39311 -19328.3
22.797 -6.24647 -18872
22.798 -6.09959 -18412.7
22.799 -5.95252 -17950.6
22.8 -5.80528 -17486
22.801 -5.65791 -17019.1
22.802 -5.51044 -16550
22.803 -5.36293 -16079
22.804 -5.21541 -15606.3
22.805 -5.06792 -15132.2
22.806 -4.92052 -14657
22.807 -4.77324 -14180.7
22.808 -4.62612 -13703.8
22.809 -4.47922 -13226.3
22.81 -4.33258 -12748.6
22.811 -4.18625 -12270.8
22.812 -4.04028 -11793.3
22.813 -3.89473 -11316.3
22.814 -3.74966 -10840
22.815 -3.60512 -10364.7
22.816 -3.46117 -9890.73
22.817 -3.31787 -9418.25
22.818 -3.17527 -8947.55
22.819 -3.03345 -8478.88
22.82 -2.89245 -8012.5
22.821 -2.75233 -7548.65
22.822 -2.61317 -7087.59
22.823 -2.47501 -6629.57
22.824 -2.33792 -6174.82
22.825 -2.20196 -5723.6
22.826 -2.06719 -5276.15
22.827 -1.93368 -4832.7
22.828 -1.80149 -4393.5
22.829 -1.67067 -3958.79
22.83 -1.5413 -3528.8
22.831 -1.41343 -3103.76
22.832 -1.28712 -2683.89
22.833 -1.16245 -2269.44
22.834 -1.03946 -1860.61
22.835 -0.918231 -1457.63
22.836 -0.798817 -1060.73
22.837 -0.681282 -670.112
22.838 -0.565688 -285.994
22.839 -0.452095 91.4148
22.84 -0.340565 461.907
22.841 -0.231156 825.285
22.842 -0.123923 1181.37
22.843 -0.0189154 1530
22.844 0.0838155 1870.99
22.845 0.18422 2204.2
22.846 0.282248 2529.47
22.847 0.377851 2846.63
22.848 0.470982 3155.54
22.849 0.561592 3456.06
22.85 0.649638 3748.03
22.851 0.735075 4031.32
22.852 0.817867 4305.81
22.853 0.89798 4571.41
22.854 0.97538 4828.02
22.855 1.05004 5075.52
22.856 1.12192 5313.84
22.857 1.191 5542.88
22.858 1.25725 5762.55
22.859 1.32064 5972.79
22.86 1.38114 6173.5
22.861 1.43874 6364.61
22.862 1.49341 6546.06
22.863 1.54513 6717.78
22.864 1.59387 6879.7
22.865 1.63963 7031.77
22.866 1.68238 7173.94
22.867 1.72211 7306.15
22.868 1.75881 7428.35
22.869 1.79245 7540.51
22.87 1.82304 7642.59
22.871 1.85055 7734.55
22.872 1.87499 7816.37
22.873 1.89634 7888.02
22.874 1.9146 7949.47
22.875 1.92977 8000.71
22.876 1.94183 8041.72
22.877 1.9508 8072.5
22.878 1.95666 8093.04
22.879 1.95943 8103.34
22.88 1.95909 8103.39
22.881 1.95567 8093.04
22.882 1.94915 8072.3
22.883 1.93955 8041.17
22.884 1.92688 7999.68
22.885 1.91113 7947.85
22.886 1.89233 7885.72
22.887 1.87049 7813.31
22.888 1.84561 7730.66
22.889 1.8177 7637.82
22.89 1.7868 7534.82
22.891 1.75289 7421.71
22.892 1.71601 7298.52
22.893 1.67615 7165.28
22.894 1.63333 7022.02
22.895 1.58756 6868.79
22.896 1.53885 6705.62
22.897 1.48721 6532.55
22.898 1.43266 6349.64
22.899 1.37521 6156.95
22.9 1.31489 5954.52
22.901 1.2517 5742.43
22.902 1.18567 5520.73
22.903 1.11682 5289.5
22.904 1.04516 5048.81
22.905 0.970727 4798.73
22.906 0.893535 4539.36
22.907 0.813611 4270.78
22.908 0.730979 3993.07
22.909 0.645665 3706.34
22.91 0.557698 3410.67
22.911 0.467102 3106.16
22.912 0.373902 2792.9
22.913 0.27812 2470.96
22.914 0.179778 2140.43
22.915 0.0789031 1801.4
22.916 -0.0244803 1453.94
22.917 -0.130344 1098.16
22.918 -0.23866 734.159
22.919 -0.349398 362.029
22.92 -0.462525 -18.1209
22.921 -0.578009 -406.184
22.922 -0.695815 -802.05
22.923 -0.815906 -1205.6
22.924 -0.938245 -1616.73
22.925 -1.06279 -2035.3
22.926 -1.18951 -2461.21
22.927 -1.31835 -2894.31
22.928 -1.44927 -3334.49
22.929 -1.58222 -3781.6
22.93 -1.71716 -4235.52
22.931 -1.85404 -4696.09
22.932 -1.9928 -5163.16
22.933 -2.13337 -5636.55
22.934 -2.2757 -6116.08
22.935 -2.41972 -6601.59
22.936 -2.56536 -7092.88
22.937 -2.71256 -7589.77
22.938 -2.86124 -8092.09
22.939 -3.01134 -8599.64
22.94 -3.16277 -9112.23
22.941 -3.31547 -9629.69
22.942 -3.46937 -10151.8
22.943 -3.62437 -10678.4
22.944 -3.78041 -11209.2
22.945 -3.93739 -11744.2
22.946 -4.09525 -12283
22.947 -4.2539 -12825.4
22.948 -4.41324 -13371.4
22.949 -4.5732 -13920.6
22.95 -4.73368 -14472.9
22.951 -4.8946 -15028.1
22.952 -5.05586 -15585.8
22.953 -5.21736 -16146
22.954 -5.379 -16708.4
22.955 -5.54067 -17272.6
22.956 -5.70229 -17838.6
22.957 -5.86374 -18406
22.958 -6.02493 -18974.6
22.959 -6.18574 -19544.3
22.96 -6.34609 -20114.6
22.961 -6.50587 -20685.5
22.962 -6.66498 -21256.7
22.963 -6.82333 -21828
22.964 -6.98083 -22399.2
22.965 -7.13738 -22970.1
22.966 -7.2929 -23540.5
22.967 -7.44729 -24110.2
22.968 -7.60046 -24679
22.969 -7.75233 -25246.7
22.97 -7.90281 -25813.1
22.971 -8.05181 -26378
22.972 -8.19924 -26941.2
22.973 -8.345 -27502.4
22.974 -8.48902 -28061.5
22.975 -8.6312 -28618.2
22.976 -8.77145 -29172.3
22.977 -8.90969 -29723.6
22.978 -9.04585 -30271.9
22.979 -9.17984 -30817
22.98 -9.31159 -31358.6
22.981 -9.44103 -31896.6
22.982 -9.5681 -32430.9
22.983 -9.69276 -32961.2
22.984 -9.81495 -33487.5
22.985 -9.93463 -34009.5
22.986 -10.0518 -34527.3
22.987 -10.1663 -35040.5
22.988 -10.2782 -35549.2
22.989 -10.3874 -36053.2
22.99 -10.494 -36552.4
22.991 -10.5978 -37046.6
22.992 -10.6989 -37535.8
22.993 -10.7972 -38019.8
22.994 -10.8928 -38498.5
22.995 -10.9855 -38971.8
22.996 -11.0754 -39439.7
22.997 -11.1624 -39901.9
22.998 -11.2467 -40358.4
22.999 -11.3281 -40809.2
23 -11.4066 -41254.1
23.001 -11.4823 -41693.1
23.002 -11.5551 -42126
23.003 -11.6251 -42552.8
23.004 -11.6922 -42973.3
23.005 -11.7566 -43387.7
23.006 -11.818 -43795.6
23.007 -11.8767 -44197.2
23.008 -11.9326 -44592.3
23.009 -11.9857 -44980.8
23.01 -12.036 -45362.8
23.011 -12.0836 -45738.1
23.012 -12.1284 -46106.8
23.013 -12.1706 -46468.8
23.014 -12.2101 -46824
23.015 -12.247 -47172.6
23.016 -12.2813 -47514.4
23.017 -12.3131 -47849.5
23.018 -12.3423 -48177.9
23.019 -12.3691 -48499.5
23.02 -12.3934 -48814.4
23.021 -12.4154 -49122.6
23.022 -12.4349 -49424
23.023 -12.4521 -49718.6
23.024 -12.467 -50006.5
23.025 -12.4796 -50287.6
23.026 -12.49 -50561.9
23.027 -12.4982 -50829.3
23.028 -12.5042 -51090
23.029 -12.5081 -51343.9
23.03 -12.5099 -51590.9
23.031 -12.5096 -51831.2
23.032 -12.5072 -52064.6
23.033 -12.5029 -52291.1
23.034 -12.4965 -52510.7
23.035 -12.4881 -52723.3
23.036 -12.4778 -52928.8
23.037 -12.4655 -53127.4
23.038 -12.4513 -53318.8
23.039 -12.4352 -53503.2
23.04 -12.4172 -53680.4
23.041 -12.3973 -53850.4
23.042 -12.3756 -54013.3
23.043 -12.3521 -54168.9
23.044 -12.3268 -54317.4
23.045 -12.2997 -54458.6
23.046 -12.2709 -54592.5
23.047 -12.2403 -54719.2
23.048 -12.208 -54838.7
23.049 -12.1741 -54950.9
23.05 -12.1385 -55055.8
23.051 -12.1013 -55153.5
23.052 -12.0624 -55243.9
23.053 -12.022 -55326.9
23.054 -11.9799 -55402.5
23.055 -11.9362 -55470.7
23.056 -11.8909 -55531.3
23.057 -11.844 -55584.5
23.058 -11.7955 -55630
23.059 -11.7455 -55668
23.06 -11.6939 -55698.4
23.061 -11.6407 -55721
23.062 -11.586 -55736.1
23.063 -11.5298 -55743.5
23.064 -11.472 -55743.1
23.065 -11.4127 -55735
23.066 -11.352 -55719.1
23.067 -11.2898 -55695.4
23.068 -11.2262 -55663.9
23.069 -11.1611 -55624.7
23.07 -11.0946 -55577.7
23.071 -11.0268 -55523
23.072 -10.9575 -55460.7
23.073 -10.887 -55390.9
23.074 -10.8151 -55313.5
23.075 -10.7419 -55228.6
23.076 -10.6675 -55136.4
23.077 -10.5918 -55036.8
23.078 -10.5149 -54930.1
23.079 -10.4368 -54816.1
23.08 -10.3575 -54695.1
23.081 -10.2771 -54567.1
23.082 -10.1956 -54432.2
23.083 -10.113 -54290.5
23.084 -10.0294 -54142.2
23.085 -9.94478 -53987.4
23.086 -9.85916 -53826.1
23.087 -9.7726 -53658.5
23.088 -9.68512 -53484.8
23.089 -9.59676 -53305.1
23.09 -9.50755 -53119.4
23.091 -9.41753 -52928
23.092 -9.32673 -52731
23.093 -9.23522 -52528.6
23.094 -9.14303 -52321
23.095 -9.05022 -52108.5
23.096 -8.95684 -51891.1
23.097 -8.86292 -51669.1
23.098 -8.76853 -51442.7
23.099 -8.67371 -51212.2
23.1 -8.5785 -50977.6
23.101 -8.48295 -50739.3
23.102 -8.38711 -50497.3
23.103 -8.29103 -50252
23.104 -8.19475 -50003.6
23.105 -8.09832 -49752.1
23.106 -8.00179 -49498
23.107 -7.90521 -49241.2
23.108 -7.80862 -48982.2
23.109 -7.71206 -48721
23.11 -7.61559 -48457.9
23.111 -7.51924 -48193.1
23.112 -7.42306 -47926.7
23.113 -7.32706 -47658.9
23.114 -7.23128 -47389.9
23.115 -7.13576 -47119.8
23.116 -7.04051 -46848.7
23.117 -6.94556 -46576.9
23.118 -6.85096 -46304.4
23.119 -6.75672 -46031.5
23.12 -6.66288 -45758.2
23.121 -6.56947 -45484.7
23.122 -6.4765 -45211.1
23.123 -6.38401 -44937.6
23.124 -6.29201 -44664.3
23.125 -6.20052 -44391.3
23.126 -6.10957 -44118.8
23.127 -6.01917 -43846.7
23.128 -5.92936 -43575.4
23.129 -5.84015 -43304.8
23.13 -5.75156 -43035.1
23.131 -5.66362 -42766.4
23.132 -5.57634 -42498.8
23.133 -5.48973 -42232.4
23.134 -5.40381 -41967.3
23.135 -5.31859 -41703.6
23.136 -5.23409 -41441.3
23.137 -5.15032 -41180.5
23.138 -5.06729 -40921.3
23.139 -4.98502 -40663.9
23.14 -4.90352 -40408.1
23.141 -4.8228 -40154.3
23.142 -4.74286 -39902.3
23.143 -4.66371 -39652.2
23.144 -4.58533 -39404
23.145 -4.50772 -39157.7
23.146 -4.43088 -38913.4
23.147 -4.3548 -38671
23.148 -4.27949 -38430.6
23.149 -4.20494 -38192.2
23.15 -4.13114 -37955.7
23.151 -4.0581 -37721.3
23.152 -3.98582 -37489
23.153 -3.91433 -37258.9
23.154 -3.84363 -37030.9
23.155 -3.77374 -36805.2
23.156 -3.70467 -36581.9
23.157 -3.63643 -36361
23.158 -3.56904 -36142.5
23.159 -3.50252 -35926.6
23.16 -3.43686 -35713.2
23.161 -3.3721 -35502.6
23.162 -3.30823 -35294.6
23.163 -3.24528 -35089.4
23.164 -3.18325 -34887
23.165 -3.12216 -34687.5
23.166 -3.06201 -34490.9
23.167 -3.00283 -34297.3
23.168 -2.94461 -34106.7
23.169 -2.88738 -33919.2
23.17 -2.83114 -33734.8
23.171 -2.77591 -33553.6
23.172 -2.72172 -33375.7
23.173 -2.66858 -33201.1
23.174 -2.61652 -33030
23.175 -2.56558 -32862.5
23.176 -2.51578 -32698.7
23.177 -2.46715 -32538.6
23.178 -2.4197 -32382.4
23.179 -2.37347 -32230.1
23.18 -2.32849 -32081.9
23.181 -2.28477 -31937.8
23.182 -2.24234 -31797.9
23.183 -2.20125 -31662.4
23.184 -2.16152 -31531.4
23.185 -2.12319 -31404.9
23.186 -2.08627 -31283.2
23.187 -2.05082 -31166.2
23.188 -2.01684 -31054.1
23.189 -1.98438 -30947
23.19 -1.95346 -30845
23.191 -1.92411 -30748.2
23.192 -1.89635 -30656.7
23.193 -1.87022 -30570.5
23.194 -1.84574 -30489.9
23.195 -1.82293 -30414.7
23.196 -1.80183 -30345.3
23.197 -1.78244 -30281.5
23.198 -1.76481 -30223.6
23.199 -1.74894 -30171.5
23.2 -1.73486 -30125.4
23.201 -1.7226 -30085.4
23.202 -1.71216 -30051.4
23.203 -1.70356 -30023.5
23.204 -1.6968 -30001.8
23.205 -1.69189 -29986.3
23.206 -1.68884 -29977
23.207 -1.68769 -29973.9
23.208 -1.68841 -29977.1
23.209 -1.69102 -29986.7
23.21 -1.69549 -30002.7
23.211 -1.70188 -30025
23.212 -1.71017 -30053.7
23.213 -1.72036 -30088.9
23.214 -1.73245 -30130.4
23.215 -1.74646 -30178.4
23.216 -1.76237 -30232.9
23.217 -1.78019 -30293.8
23.218 -1.79991 -30361.1
23.219 -1.82155 -30434.8
23.22 -1.84508 -30515
23.221 -1.87051 -30601.6
23.222 -1.89781 -30694.5
23.223 -1.92697 -30793.8
23.224 -1.95796 -30899.2
23.225 -1.99075 -31010.8
23.226 -2.02532 -31128.4
23.227 -2.06165 -31252
23.228 -2.09971 -31381.5
23.229 -2.13947 -31516.7
23.23 -2.1809 -31657.7
23.231 -2.22397 -31804.3
23.232 -2.26866 -31956.4
23.233 -2.31493 -32114
23.234 -2.36274 -32276.8
23.235 -2.41208 -32444.9
23.236 -2.4629 -32618.1
23.237 -2.51517 -32796.4
23.238 -2.56885 -32979.5
23.239 -2.62392 -33167.5
23.24 -2.68033 -33360.1
23.241 -2.73806 -33557.4
23.242 -2.79706 -33759.1
23.243 -2.85731 -33965.2
23.244 -2.91878 -34175.7
23.245 -2.98144 -34390.4
23.246 -3.04526 -34609.2
23.247 -3.1102 -34832
23.248 -3.17624 -35058.9
23.249 -3.24333 -35289.5
23.25 -3.31145 -35523.9
23.251 -3.38056 -35762
23.252 -3.45062 -36003.6
23.253 -3.52161 -36248.7
23.254 -3.59347 -36497.1
23.255 -3.66618 -36748.7
23.256 -3.7397 -37003.5
23.257 -3.814 -37261.3
23.258 -3.88902 -37522
23.259 -3.96473 -37785.5
23.26 -4.0411 -38051.7
23.261 -4.11808 -38320.5
23.262 -4.19564 -38591.7
23.263 -4.27372 -38865.3
23.264 -4.3523 -39141.2
23.265 -4.43133 -39419.2
23.266 -4.51076 -39699.1
23.267 -4.59057 -39981
23.268 -4.6707 -40264.7
23.269 -4.7511 -40550
23.27 -4.83175 -40836.8
23.271 -4.9126 -41125.1
23.272 -4.9936 -41414.7
23.273 -5.07474 -41705.5
23.274 -5.15596 -41997.5
23.275 -5.23725 -42290.6
23.276 -5.31855 -42584.6
23.277 -5.39985 -42879.5
23.278 -5.4811 -43175.2
23.279 -5.56227 -43471.5
23.28 -5.64332 -43768.5
23.281 -5.72422 -44066
23.282 -5.80492 -44363.9
23.283 -5.88539 -44662
23.284 -5.96557 -44960.3
23.285 -6.04544 -45258.6
23.286 -6.12493 -45556.8
23.287 -6.20402 -45854.9
23.288 -6.28266 -46152.6
23.289 -6.3608 -46449.8
23.29 -6.43842 -46746.5
23.291 -6.51546 -47042.5
23.292 -6.59187 -47337.7
23.293 -6.66762 -47631.9
23.294 -6.74265 -47924.9
23.295 -6.81691 -48216.8
23.296 -6.89036 -48507.2
23.297 -6.96295 -48796.1
23.298 -7.03464 -49083.2
23.299 -7.10539 -49368.6
23.3 -7.17514 -49652
23.301 -7.24386 -49933.3
23.302 -7.3115 -50212.3
23.303 -7.378 -50488.9
23.304 -7.44332 -50762.9
23.305 -7.50742 -51034.2
23.306 -7.57025 -51302.5
23.307 -7.63175 -51567.8
23.308 -7.69189 -51829.9
23.309 -7.75063 -52088.5
23.31 -7.80791 -52343.7
23.311 -7.86372 -52595.1
23.312 -7.91799 -52842.8
23.313 -7.9707 -53086.4
23.314 -8.0218 -53325.9
23.315 -8.07127 -53561.2
23.316 -8.11907 -53792.1
23.317 -8.16517 -54018.4
23.318 -8.20953 -54240
23.319 -8.25212 -54456.8
23.32 -8.29292 -54668.7
23.321 -8.33189 -54875.5
23.322 -8.369 -55077.1
23.323 -8.40422 -55273.3
23.324 -8.43752 -55463.9
23.325 -8.46886 -55648.9
23.326 -8.49822 -55828.1
23.327 -8.52556 -56001.3
23.328 -8.55087 -56168.3
23.329 -8.57411 -56329.2
23.33 -8.59526 -56483.6
23.331 -8.61429 -56631.6
23.332 -8.6312 -56772.9
23.333 -8.64598 -56907.5
23.334 -8.6586 -57035.4
23.335 -8.66906 -57156.3
23.336 -8.67736 -57270.3
23.337 -8.68348 -57377.2
23.338 -8.68743 -57476.9
23.339 -8.68918 -57569.4
23.34 -8.68875 -57654.6
23.341 -8.68611 -57732.5
23.342 -8.68128 -57802.8
23.343 -8.67423 -57865.6
23.344 -8.66495 -57920.7
23.345 -8.65344 -57968.1
23.346 -8.63969 -58007.7
23.347 -8.62369 -58039.3
23.348 -8.60544 -58062.9
23.349 -8.58494 -58078.4
23.35 -8.56218 -58085.8
23.351 -8.53714 -58085
23.352 -8.50983 -58075.8
23.353 -8.48032 -58058.3
23.354 -8.44853 -58032.4
23.355 -8.41452 -57998.2
23.356 -8.37827 -57955.4
23.357 -8.33981 -57904.2
23.358 -8.29913 -57844.6
23.359 -8.25626 -57776.4
23.36 -8.21121 -57699.8
23.361 -8.16397 -57614.6
23.362 -8.11456 -57520.9
23.363 -8.06297 -57418.6
23.364 -8.00922 -57307.8
23.365 -7.95331 -57188.3
23.366 -7.89524 -57060.1
23.367 -7.83501 -56923.3
23.368 -7.77264 -56777.9
23.369 -7.70812 -56623.7
23.37 -7.64146 -56460.9
23.371 -7.57267 -56289.4
23.372 -7.50176 -56109.2
23.373 -7.42873 -55920.3
23.374 -7.35359 -55722.7
23.375 -7.27634 -55516.5
23.376 -7.197 -55301.6
23.377 -7.11558 -55078.1
23.378 -7.03207 -54845.9
23.379 -6.94649 -54605.2
23.38 -6.85884 -54355.9
23.381 -6.76915 -54098.1
23.382 -6.67739 -53831.7
23.383 -6.58359 -53556.9
23.384 -6.48773 -53273.5
23.385 -6.38983 -52981.7
23.386 -6.28987 -52681.3
23.387 -6.18787 -52372.5
23.388 -6.08383 -52055.3
23.389 -5.97774 -51729.7
23.39 -5.86961 -51395.8
23.391 -5.75945 -51053.5
23.392 -5.64727 -50703
23.393 -5.53308 -50344.3
23.394 -5.41688 -49977.4
23.395 -5.2987 -49602.5
23.396 -5.17855 -49219.7
23.397 -5.05644 -48829
23.398 -4.93238 -48430.5
23.399 -4.8064 -48024.4
23.4 -4.6785 -47610.6
23.401 -4.5487 -47189.3
23.402 -4.41703 -46760.6
23.403 -4.28351 -46324.7
23.404 -4.14816 -45881.7
23.405 -4.01101 -45431.8
23.406 -3.87209 -44974.9
23.407 -3.73142 -44511.4
23.408 -3.58904 -44041.4
23.409 -3.44496 -43564.9
23.41 -3.29922 -43082.2
23.411 -3.15185 -42593.4
23.412 -3.00288 -42098.7
23.413 -2.85234 -41598.1
23.414 -2.70026 -41092
23.415 -2.54667 -40580.3
23.416 -2.39161 -40063.4
23.417 -2.23511 -39541.3
23.418 -2.07721 -39014.3
23.419 -1.91794 -38482.5
23.42 -1.75735 -37946
23.421 -1.59546 -37405.1
23.422 -1.43233 -36859.9
23.423 -1.26801 -36310.7
23.424 -1.10255 -35757.7
23.425 -0.936005 -35201
23.426 -0.76842 -34640.9
23.427 -0.599854 -34077.6
23.428 -0.430364 -33511.3
23.429 -0.260007 -32942.3
23.43 -0.0888421 -32370.6
23.431 0.0830689 -31796.6
23.432 0.255663 -31220.4
23.433 0.428876 -30642.4
23.434 0.602639 -30062.6
23.435 0.776885 -29481.3
23.436 0.951542 -28898.7
23.437 1.12654 -28315.1
23.438 1.3018 -27730.7
23.439 1.47726 -27145.6
23.44 1.65283 -26560.1
23.441 1.82845 -25974.5
23.442 2.00403 -25388.8
23.443 2.17952 -24803.3
23.444 2.35483 -24218.2
23.445 2.52989 -23633.7
23.446 2.70464 -23049.9
23.447 2.87899 -22467
23.448 3.05287 -21885.3
23.449 3.2262 -21304.9
23.45 3.39892 -20725.9
23.451 3.57093 -20148.6
23.452 3.74218 -19573.1
23.453 3.91259 -18999.6
23.454 4.0821 -18428.2
23.455 4.25063 -17859.1
23.456 4.41812 -17292.3
23.457 4.58449 -16728.2
23.458 4.74968 -16166.7
23.459 4.91362 -15608
23.46 5.07624 -15052.4
23.461 5.23747 -14499.8
23.462 5.39725 -13950.6
23.463 5.55551 -13404.7
23.464 5.71219 -12862.3
23.465 5.86722 -12323.5
23.466 6.02053 -11788.6
23.467 6.17207 -11257.5
23.468 6.32177 -10730.5
23.469 6.46958 -10207.6
23.47 6.61543 -9689.01
23.471 6.75928 -9174.78
23.472 6.90106 -8665.05
23.473 7.04072 -8159.92
23.474 7.17822 -7659.52
23.475 7.3135 -7163.93
23.476 7.44651 -6673.27
23.477 7.57721 -6187.65
23.478 7.70556 -5707.14
23.479 7.83152 -5231.86
23.48 7.95504 -4761.9
23.481 8.07609 -4297.35
23.482 8.19463 -3838.31
23.483 8.31061 -3384.91
23.484 8.42401 -2937.25
23.485 8.53477 -2495.44
23.486 8.64288 -2059.57
23.487 8.74829 -1629.76
23.488 8.85098 -1206.09
23.489 8.95093 -788.666
23.49 9.04812 -377.573
23.491 9.1425 27.0867
23.492 9.23407 425.186
23.493 9.32277 816.588
23.494 9.40859 1201.16
23.495 9.49149 1578.77
23.496 9.57146 1949.28
23.497 9.64846 2312.59
23.498 9.72248 2668.56
23.499 9.79349 3017.09
23.5 9.8615 3358.05
23.501 9.92647 3691.34
23.502 9.98841 4016.86
23.503 10.0473 4334.49
23.504 10.1032 4644.15
23.505 10.1559 4945.73
23.506 10.2057 5239.16
23.507 10.2524 5524.33
23.508 10.296 5801.17
23.509 10.3366 6069.6
23.51 10.3742 6329.55
23.511 10.4087 6580.93
23.512 10.4402 6823.69
23.513 10.4687 7057.75
23.514 10.4942 7283.06
23.515 10.5167 7499.55
23.516 10.5363 7707.18
23.517 10.5529 7905.9
23.518 10.5666 8095.65
23.519 10.5774 8276.4
23.52 10.5853 8448.11
23.521 10.5904 8610.75
23.522 10.5926 8764.31
23.523 10.5921 8908.79
23.524 10.5887 9044.19
23.525 10.5827 9170.52
23.526 10.574 9287.8
23.527 10.5626 9396.03
23.528 10.5486 9495.23
23.529 10.532 9585.43
23.53 10.5129 9666.65
23.531 10.4913 9738.93
23.532 10.4672 9802.31
23.533 10.4407 9856.86
23.534 10.4118 9902.65
23.535 10.3806 9939.75
23.536 10.3472 9968.22
23.537 10.3115 9988.15
23.538 10.2737 9999.61
23.539 10.2337 10002.7
23.54 10.1916 9997.24
23.541 10.1475 9983.35
23.542 10.1014 9961.08
23.543 10.0534 9930.58
23.544 10.0035 9891.96
23.545 9.95179 9845.36
23.546 9.89831 9790.92
23.547 9.84313 9728.77
23.548 9.78629 9659.06
23.549 9.72784 9581.92
23.55 9.66785 9497.51
23.551 9.60635 9405.95
23.552 9.5434 9307.36
23.553 9.47901 9201.83
23.554 9.41323 9089.46
23.555 9.3461 8970.34
23.556 9.27764 8844.58
23.557 9.2079 8712.29
23.558 9.1369 8573.58
23.559 9.06468 8428.54
23.56 8.99128 8277.3
23.561 8.91673 8119.98
23.562 8.84108 7956.7
23.563 8.76435 7787.63
23.564 8.68661 7612.9
23.565 8.60789 7432.67
23.566 8.52823 7247.09
23.567 8.44767 7056.32
23.568 8.36626 6860.52
23.569 8.28404 6659.83
23.57 8.20105 6454.42
23.571 8.11733 6244.45
23.572 8.03291 6030.05
23.573 7.94783 5811.36
23.574 7.86212 5588.52
23.575 7.77581 5361.66
23.576 7.68894 5130.91
23.577 7.60154 4896.43
23.578 7.51364 4658.35
23.579 7.42527 4416.81
23.58 7.33647 4171.95
23.581 7.24728 3923.93
23.582 7.15772 3672.91
23.583 7.06785 3419.07
23.584 6.9777 3162.59
23.585 6.88732 2903.63
23.586 6.79675 2642.38
23.587 6.70602 2379.02
23.588 6.61519 2113.72
23.589 6.52429 1846.65
23.59 6.43337 1578.01
23.591 6.34245 1307.95
23.592 6.25159 1036.64
23.593 6.16081 764.232
23.594 6.07014 490.869
23.595 5.97962 216.704
23.596 5.88928 -58.1127
23.597 5.79915 -333.431
23.598 5.70928 -609.102
23.599 5.61968 -884.976
23.6 5.5304 -1160.9
23.601 5.44146 -1436.73
23.602 5.3529 -1712.32
23.603 5.26476 -1987.51
23.604 5.17706 -2262.16
23.605 5.08985 -2536.13
23.606 5.00315 -2809.25
23.607 4.917 -3081.4
23.608 4.83143 -3352.42
23.609 4.74647 -3622.16
23.61 4.66216 -3890.49
23.611 4.57853 -4157.25
23.612 4.49562 -4422.32
23.613 4.41345 -4685.54
23.614 4.33206 -4946.78
23.615 4.25149 -5205.9
23.616 4.17177 -5462.76
23.617 4.09292 -5717.22
23.618 4.01499 -5969.14
23.619 3.938 -6218.4
23.62 3.86199 -6464.86
23.621 3.78699 -6708.39
23.622 3.71302 -6948.85
23.623 3.64014 -7186.12
23.624 3.56836 -7420.07
23.625 3.49771 -7650.58
23.626 3.42824 -7877.52
23.627 3.35996 -8100.77
23.628 3.29291 -8320.2
23.629 3.22712 -8535.71
23.63 3.16262 -8747.17
23.631 3.09944 -8954.46
23.632 3.03761 -9157.48
23.633 2.97716 -9356.11
23.634 2.91811 -9550.24
23.635 2.8605 -9739.76
23.636 2.80435 -9924.58
23.637 2.74969 -10104.6
23.638 2.69655 -10279.7
23.639 2.64495 -10449.7
23.64 2.59492 -10614.7
23.641 2.54649 -10774.4
23.642 2.49967 -10928.9
23.643 2.4545 -11078
23.644 2.411 -11221.5
23.645 2.36919 -11359.6
23.646 2.32909 -11491.9
23.647 2.29073 -11618.6
23.648 2.25412 -11739.4
23.649 2.21929 -11854.4
23.65 2.18626 -11963.4
23.651 2.15506 -12066.4
23.652 2.12569 -12163.2
23.653 2.0982 -12253.9
23.654 2.07261 -12338.2
23.655 2.04894 -12416.1
23.656 2.02722 -12487.6
23.657 2.00747 -12552.4
23.658 1.98972 -12610.7
23.659 1.97398 -12662.2
23.66 1.96029 -12706.8
23.661 1.94865 -12744.7
23.662 1.93909 -12775.5
23.663 1.93164 -12799.4
23.664 1.92629 -12816.2
23.665 1.92307 -12825.8
23.666 1.92202 -12828.2
23.667 1.92314 -12823.4
23.668 1.92642 -12811.2
23.669 1.9319 -12791.7
23.67 1.93958 -12764.7
23.671 1.94949 -12730.3
23.672 1.96162 -12688.3
23.673 1.97598 -12638.8
23.674 1.9926 -12581.7
23.675 2.01147 -12517
23.676 2.0326 -12444.7
23.677 2.05599 -12364.7
23.678 2.08166 -12277
23.679 2.1096 -12181.7
23.68 2.13982 -12078.6
23.681 2.17231 -11967.8
23.682 2.20707 -11849.3
23.683 2.2441 -11723.1
23.684 2.28337 -11589.3
23.685 2.32488 -11447.8
23.686 2.36862 -11298.8
23.687 2.41456 -11142.2
23.688 2.46271 -10978.2
23.689 2.51303 -10806.6
23.69 2.56552 -10627.7
23.691 2.62015 -10441.4
23.692 2.67689 -10247.9
23.693 2.73573 -10047.1
23.694 2.79662 -9839.23
23.695 2.85953 -9624.35
23.696 2.92444 -9402.55
23.697 2.99131 -9173.94
23.698 3.0601 -8938.61
23.699 3.13078 -8696.66
23.7 3.20331 -8448.21
23.701 3.27765 -8193.35
23.702 3.35377 -7932.2
23.703 3.43162 -7664.87
23.704 3.51116 -7391.49
23.705 3.59235 -7112.15
23.706 3.67514 -6827
23.707 3.7595 -6536.15
23.708 3.84537 -6239.73
23.709 3.93271 -5937.86
23.71 4.02147 -5630.67
23.711 4.1116 -5318.31
23.712 4.20305 -5000.89
23.713 4.29578 -4678.56
23.714 4.38972 -4351.46
23.715 4.48484 -4019.72
23.716 4.58106 -3683.48
23.717 4.67835 -3342.9
23.718 4.77664 -2998.1
23.719 4.87588 -2649.24
23.72 4.97601 -2296.47
23.721 5.07698 -1939.94
23.722 5.17872 -1579.79
23.723 5.28118 -1216.18
23.724 5.3843 -849.257
23.725 5.48801 -479.18
23.726 5.59227 -106.101
23.727 5.697 269.825
23.728 5.80215 648.441
23.729 5.90765 1029.59
23.73 6.01344 1413.11
23.731 6.11947 1798.86
23.732 6.22567 2186.7
23.733 6.33199 2576.49
23.734 6.43838 2968.11
23.735 6.54478 3361.42
23.736 6.65114 3756.3
23.737 6.7574 4152.61
23.738 6.86351 4550.22
23.739 6.96942 4949
23.74 7.07507 5348.82
23.741 7.1804 5749.55
23.742 7.28538 6151.08
23.743 7.38996 6553.32
23.744 7.49408 6956.16
23.745 7.59771 7359.49
23.746 7.70081 7763.22
23.747 7.80333 8167.25
23.748 7.90523 8571.47
23.749 8.00646 8975.79
23.75 8.10698 9380.1
23.751 8.20676 9784.31
23.752 8.30576 10188.4
23.753 8.40395 10592.2
23.754 8.5013 10995.6
23.755 8.59778 11398.8
23.756 8.69335 11801.4
23.757 8.788 12203.6
23.758 8.88169 12605.2
23.759 8.9744 13006.1
23.76 9.0661 13406.3
23.761 9.15677 13805.8
23.762 9.24637 14204.4
23.763 9.33486 14602.1
23.764 9.42223 14998.7
23.765 9.50844 15394.2
23.766 9.59346 15788.5
23.767 9.67726 16181.5
23.768 9.75982 16573.1
23.769 9.84111 16963.2
23.77 9.92111 17351.8
23.771 9.99979 17738.8
23.772 10.0771 18124.1
23.773 10.1531 18507.6
23.774 10.2277 18889.2
23.775 10.3009 19268.9
23.776 10.3727 19646.6
23.777 10.4431 20022.2
23.778 10.512 20395.7
23.779 10.5795 20766.9
23.78 10.6454 21135.8
23.781 10.7099 21502.4
23.782 10.7729 21866.5
23.783 10.8343 22228
23.784 10.8942 22586.8
23.785 10.9525 22942.7
23.786 11.0092 23295.7
23.787 11.0642 23645.7
23.788 11.1176 23992.4
23.789 11.1694 24335.9
23.79 11.2194 24676
23.791 11.2678 25012.6
23.792 11.3144 25345.6
23.793 11.3594 25674.9
23.794 11.4026 26000.6
23.795 11.4441 26322.4
23.796 11.4839 26640.4
23.797 11.522 26954.5
23.798 11.5583 27264.6
23.799 11.593 27570.6
23.8 11.6259 27872.6
23.801 11.6572 28170.3
23.802 11.6867 28463.8
23.803 11.7145 28753
23.804 11.7406 29037.8
23.805 11.765 29318.1
23.806 11.7877 29593.9
23.807 11.8087 29865
23.808 11.8279 30131.4
23.809 11.8455 30393
23.81 11.8613 30649.8
23.811 11.8755 30901.7
23.812 11.888 31148.7
23.813 11.8988 31390.7
23.814 11.9079 31627.7
23.815 11.9155 31859.7
23.816 11.9213 32086.6
23.817 11.9256 32308.5
23.818 11.9283 32525.3
23.819 11.9295 32736.9
23.82 11.9291 32943.5
23.821 11.9271 33144.9
23.822 11.9236 33341.2
23.823 11.9187 33532.4
23.824 11.9123 33718.5
23.825 11.9045 33899.5
23.826 11.8953 34075.5
23.827 11.8847 34246.5
23.828 11.8728 34412.5
23.829 11.8596 34573.6
23.83 11.8451 34729.7
23.831 11.8294 34881
23.832 11.8124 35027.5
23.833 11.7943 35169.3
23.834 11.7751 35306.4
23.835 11.7547 35439.1
23.836 11.7334 35567.4
23.837 11.7111 35691.4
23.838 11.6878 35811.2
23.839 11.6637 35926.8
23.84 11.6386 36038.5
23.841 11.6128 36146.3
23.842 11.5862 36250.4
23.843 11.5589 36350.7
23.844 11.5309 36447.5
23.845 11.5022 36540.9
23.846 11.473 36630.9
23.847 11.4432 36717.7
23.848 11.4128 36801.4
23.849 11.382 36882.1
23.85 11.3507 36960
23.851 11.319 37035
23.852 11.287 37107.4
23.853 11.2546 37177.2
23.854 11.2219 37244.5
23.855 11.1889 37309.5
23.856 11.1556 37372.1
23.857 11.1222 37432.5
23.858 11.0885 37490.8
23.859 11.0546 37547
23.86 11.0207 37601.3
23.861 10.9865 37653.8
23.862 10.9523 37704.4
23.863 10.918 37753.3
23.864 10.8836 37800.5
23.865 10.8492 37846
23.866 10.8146 37889.8
23.867 10.7801 37932
23.868 10.7454 37972.7
23.869 10.7108 38011.8
23.87 10.6761 38049.5
23.871 10.6414 38085.7
23.872 10.6067 38120.4
23.873 10.572 38153.8
23.874 10.5372 38185.7
23.875 10.5025 38216.2
23.876 10.4678 38245.4
23.877 10.433 38273.2
23.878 10.3983 38299.7
23.879 10.3636 38324.8
23.88 10.3288 38348.6
23.881 10.2941 38371.1
23.882 10.2594 38392.3
23.883 10.2246 38412.1
23.884 10.1899 38430.6
23.885 10.1551 38447.8
23.886 10.1203 38463.6
23.887 10.0855 38478
23.888 10.0506 38491.1
23.889 10.0157 38502.7
23.89 9.98078 38513
23.891 9.94579 38521.8
23.892 9.91074 38529.3
23.893 9.87562 38535.2
23.894 9.84044 38539.8
23.895 9.8052 38542.9
23.896 9.76987 38544.5
23.897 9.73447 38544.6
23.898 9.69899 38543.3
23.899 9.66343 38540.4
23.9 9.62777 38536
23.901 9.59203 38530.1
23.902 9.55619 38522.7
23.903 9.52023 38513.7
23.904 9.48416 38503
23.905 9.44794 38490.6
23.906 9.41157 38476.6
23.907 9.37505 38460.9
23.908 9.33835 38443.3
23.909 9.30148 38424
23.91 9.26442 38402.9
23.911 9.22715 38379.9
23.912 9.18968 38355
23.913 9.15196 38328.2
23.914 9.114 38299.3
23.915 9.07576 38268.3
23.916 9.03724 38235.2
23.917 8.99842 38199.9
23.918 8.95927 38162.4
23.919 8.9198 38122.5
23.92 8.87997 38080.3
23.921 8.83977 38035.7
23.922 8.79919 37988.6
23.923 8.75819 37939
23.924 8.71675 37886.6
23.925 8.67486 37831.6
23.926 8.63249 37773.8
23.927 8.58961 37713
23.928 8.54622 37649.4
23.929 8.50227 37582.7
23.93 8.45776 37512.9
23.931 8.41267 37439.9
23.932 8.36696 37363.7
23.933 8.32061 37284
23.934 8.27359 37201
23.935 8.22587 37114.3
23.936 8.17744 37024
23.937 8.12825 36930
23.938 8.07828 36832.1
23.939 8.02752 36730.2
23.94 7.97593 36624.4
23.941 7.92349 36514.4
23.942 7.87017 36400.3
23.943 7.81593 36281.7
23.944 7.76074 36158.8
23.945 7.70458 36031.2
23.946 7.64741 35899
23.947 7.5892 35762.1
23.948 7.52993 35620.2
23.949 7.46955 35473.4
23.95 7.40805 35321.4
23.951 7.3454 35164.4
23.952 7.28159 35002.1
23.953 7.2166 34834.5
23.954 7.15042 34661.6
23.955 7.08306 34483.5
23.956 7.01449 34299.9
23.957 6.9447 34111
23.958 6.8737 33916.7
23.959 6.80147 33717
23.96 6.728 33511.8
23.961 6.65329 33301.1
23.962 6.57734 33084.9
23.963 6.50012 32863.3
23.964 6.42164 32636.1
23.965 6.34189 32403.3
23.966 6.26087 32165.1
23.967 6.17856 31921.3
23.968 6.09497 31671.9
23.969 6.01009 31416.9
23.97 5.92392 31156.5
23.971 5.83645 30890.4
23.972 5.74768 30618.9
23.973 5.65763 30341.8
23.974 5.56629 30059.3
23.975 5.47368 29771.4
23.976 5.37979 29478.1
23.977 5.28464 29179.5
23.978 5.18823 28875.6
23.979 5.09057 28566.4
23.98 4.99167 28252.1
23.981 4.89153 27932.6
23.982 4.79014 27608
23.983 4.6875 27278.3
23.984 4.58359 26943.3
23.985 4.47842 26603.3
23.986 4.37196 26258.1
23.987 4.26422 25907.8
23.988 4.15519 25552.3
23.989 4.04485 25191.7
23.99 3.93321 24826
23.991 3.82027 24455.2
23.992 3.70601 24079.4
23.993 3.59046 23698.5
23.994 3.4736 23312.7
23.995 3.35545 22922
23.996 3.23602 22526.4
23.997 3.1153 22126
23.998 2.99331 21720.9
23.999 2.87006 21311.1
24 2.74554 20896.6
24.001 2.61978 20477.6
24.002 2.49277 20054.1
24.003 2.36453 19626.1
24.004 2.23508 19193.8
24.005 2.10441 18757.2
24.006 1.97255 18316.3
24.007 1.8395 17871.3
24.008 1.70528 17422.2
24.009 1.5699 16969.1
24.01 1.43339 16512.1
24.011 1.29575 16051.2
24.012 1.15701 15586.6
24.013 1.01723 15118.5
24.014 0.876416 14646.9
24.015 0.734624 14172
24.016 0.591886 13694
24.017 0.448241 13212.9
24.018 0.30373 12729.1
24.019 0.158393 12242.5
24.02 0.0122722 11753.3
24.021 -0.134586 11261.8
24.022 -0.28213 10768
24.023 -0.430305 10272.2
24.024 -0.579054 9774.56
24.025 -0.728321 9275.2
24.026 -0.878046 8774.34
24.027 -1.02817 8272.17
24.028 -1.17863 7768.85
24.029 -1.32937 7264.58
24.03 -1.48033 6759.55
24.031 -1.63143 6253.94
24.032 -1.7826 5747.98
24.033 -1.93376 5241.93
24.034 -2.08482 4736.01
24.035 -2.2357 4230.47
24.036 -2.38632 3725.55
24.037 -2.5366 3221.49
24.038 -2.68644 2718.53
24.039 -2.83576 2216.9
24.04 -2.98447 1716.84
24.041 -3.1325 1218.59
24.042 -3.27977 722.347
24.043 -3.42619 228.324
24.044 -3.57168 -263.277
24.045 -3.71618 -752.255
24.046 -3.85961 -1238.41
24.047 -4.00189 -1721.54
24.048 -4.14294 -2201.45
24.049 -4.28269 -2677.95
24.05 -4.42106 -3150.84
24.051 -4.55799 -3619.92
24.052 -4.69338 -4084.99
24.053 -4.82716 -4545.83
24.054 -4.95925 -5002.22
24.055 -5.08957 -5453.95
24.056 -5.21805 -5900.81
24.057 -5.3446 -6342.61
24.058 -5.46916 -6779.12
24.059 -5.59165 -7210.16
24.06 -5.71199 -7635.53
24.061 -5.83014 -8055.03
24.062 -5.94602 -8468.54
24.063 -6.0596 -8875.9
24.064 -6.17082 -9277
24.065 -6.27965 -9671.72
24.066 -6.38603 -10059.9
24.067 -6.48993 -10441.5
24.068 -6.59131 -10816.3
24.069 -6.69013 -11184.3
24.07 -6.78636 -11545.3
24.071 -6.87996 -11899.2
24.072 -6.97089 -12245.9
24.073 -7.05913 -12585.3
24.074 -7.14463 -12917.2
24.075 -7.22736 -13241.5
24.076 -7.30729 -13558.1
24.077 -7.38439 -13866.9
24.078 -7.45864 -14167.8
24.079 -7.53002 -14460.7
24.08 -7.59849 -14745.4
24.081 -7.66405 -15022
24.082 -7.72669 -15290.2
24.083 -7.78642 -15550.1
24.084 -7.84324 -15801.7
24.085 -7.89714 -16045
24.086 -7.94815 -16279.8
24.087 -7.99628 -16506.3
24.088 -8.04152 -16724.3
24.089 -8.0839 -16933.9
24.09 -8.12343 -17135.1
24.091 -8.16012 -17327.8
24.092 -8.19399 -17512
24.093 -8.22504 -17687.7
24.094 -8.25329 -17854.9
24.095 -8.27875 -18013.5
24.096 -8.30144 -18163.6
24.097 -8.32137 -18305
24.098 -8.33856 -18437.9
24.099 -8.35303 -18562.2
24.1 -8.36479 -18678
24.101 -8.37388 -18785.1
24.102 -8.38031 -18883.6
24.103 -8.3841 -18973.5
24.104 -8.38528 -19054.9
24.105 -8.38388 -19127.7
24.106 -8.37991 -19192
24.107 -8.37341 -19247.8
24.108 -8.3644 -19295.1
24.109 -8.35292 -19333.9
24.11 -8.33899 -19364.3
24.111 -8.32263 -19386.4
24.112 -8.30388 -19400
24.113 -8.28276 -19405.3
24.114 -8.25926 -19402.1
24.115 -8.23345 -19390.5
24.116 -8.20533 -19370.4
24.117 -8.17493 -19341.9
24.118 -8.14226 -19305
24.119 -8.10737 -19259.8
24.12 -8.07027 -19206.2
24.121 -8.03099 -19144.3
24.122 -7.98956 -19074.2
24.123 -7.94602 -18996
24.124 -7.90041 -18909.7
24.125 -7.85276 -18815.5
24.126 -7.8031 -18713.3
24.127 -7.75148 -18603.4
24.128 -7.69792 -18485.7
24.129 -7.64248 -18360.5
24.13 -7.58517 -18227.7
24.131 -7.52604 -18087.5
24.132 -7.46512 -17940
24.133 -7.40243 -17785.2
24.134 -7.338 -17623.2
24.135 -7.27187 -17454.1
24.136 -7.20406 -17278
24.137 -7.13461 -17094.9
24.138 -7.06353 -16905
24.139 -6.99086 -16708.4
24.14 -6.91662 -16505.2
24.141 -6.84086 -16295.3
24.142 -6.76358 -16079
24.143 -6.68481 -15856.3
24.144 -6.60457 -15627.3
24.145 -6.52288 -15392
24.146 -6.43977 -15150.5
24.147 -6.35525 -14903
24.148 -6.26935 -14649.4
24.149 -6.18209 -14389.9
24.15 -6.09349 -14124.7
24.151 -6.00358 -13853.7
24.152 -5.91239 -13577.1
24.153 -5.81997 -13295.1
24.154 -5.72635 -13007.8
24.155 -5.63158 -12715.5
24.156 -5.5357 -12418.2
24.157 -5.43874 -12116.1
24.158 -5.34074 -11809.4
24.159 -5.24176 -11498.2
24.16 -5.14183 -11182.8
24.161 -5.04098 -10863.2
24.162 -4.93927 -10539.7
24.163 -4.83673 -10212.4
24.164 -4.73341 -9881.57
24.165 -4.62934 -9547.27
24.166 -4.52457 -9209.73
24.167 -4.41915 -8869.11
24.168 -4.31311 -8525.59
24.169 -4.2065 -8179.36
24.17 -4.09935 -7830.59
24.171 -3.99173 -7479.47
24.172 -3.88367 -7126.2
24.173 -3.77522 -6770.99
24.174 -3.66645 -6414.05
24.175 -3.5574 -6055.6
24.176 -3.44813 -5695.84
24.177 -3.33868 -5334.99
24.178 -3.22912 -4973.26
24.179 -3.1195 -4610.87
24.18 -3.00986 -4248.01
24.181 -2.90027 -3884.91
24.182 -2.79077 -3521.74
24.183 -2.6814 -3158.69
24.184 -2.57222 -2795.94
24.185 -2.46326 -2433.68
24.186 -2.35458 -2072.08
24.187 -2.24621 -1711.32
24.188 -2.13822 -1351.59
24.189 -2.03063 -993.07
24.19 -1.92351 -635.927
24.191 -1.8169 -280.352
24.192 -1.71084 73.4572
24.193 -1.60541 425.297
24.194 -1.50065 774.962
24.195 -1.39662 1122.25
24.196 -1.29338 1466.96
24.197 -1.19098 1808.9
24.198 -1.08948 2147.86
24.199 -0.988929 2483.64
24.2 -0.889388 2816.06
24.201 -0.790909 3144.92
24.202 -0.693541 3470.06
24.203 -0.59733 3791.31
24.204 -0.502321 4108.51
24.205 -0.408563 4421.51
24.206 -0.316099 4730.16
24.207 -0.224975 5034.29
24.208 -0.135236 5333.76
24.209 -0.0469271 5628.42
24.21 0.0399077 5918.12
24.211 0.125225 6202.72
24.212 0.20898 6482.07
24.213 0.291132 6756.03
24.214 0.371636 7024.46
24.215 0.450453 7287.24
24.216 0.527539 7544.22
24.217 0.602855 7795.28
24.218 0.67636 8040.29
24.219 0.748016 8279.12
24.22 0.817785 8511.65
24.221 0.885628 8737.77
24.222 0.95151 8957.35
24.223 1.01539 9170.28
24.224 1.07724 9376.44
24.225 1.13703 9575.74
24.226 1.19472 9768.06
24.227 1.25027 9953.31
24.228 1.30366 10131.4
24.229 1.35486 10302.2
24.23 1.40384 10465.6
24.231 1.45056 10621.6
24.232 1.49502 10770
24.233 1.5372 10910.9
24.234 1.57707 11044.2
24.235 1.61463 11169.8
24.236 1.64986 11287.6
24.237 1.68274 11397.7
24.238 1.71327 11500.1
24.239 1.74143 11594.5
24.24 1.76721 11681.1
24.241 1.79061 11759.8
24.242 1.81161 11830.6
24.243 1.83019 11893.3
24.244 1.84634 11948
24.245 1.86005 11994.6
24.246 1.8713 12033
24.247 1.88009 12063.2
24.248 1.8864 12085.3
24.249 1.89023 12099
24.25 1.89157 12104.5
24.251 1.89039 12101.7
24.252 1.88673 12090.4
24.253 1.88056 12070.7
24.254 1.87187 12042.5
24.255 1.86067 12005.9
24.256 1.84695 11960.7
24.257 1.83072 11907.1
24.258 1.81197 11845
24.259 1.7907 11774.5
24.26 1.76692 11695.4
24.261 1.74064 11607.9
24.262 1.71185 11511.9
24.263 1.68057 11407.5
24.264 1.64679 11294.7
24.265 1.61053 11173.4
24.266 1.57179 11043.8
24.267 1.53059 10905.9
24.268 1.48693 10759.6
24.269 1.44082 10605.1
24.27 1.39228 10442.4
24.271 1.34132 10271.5
24.272 1.28797 10092.4
24.273 1.23224 9905.4
24.274 1.17416 9710.41
24.275 1.11375 9507.57
24.276 1.05105 9296.96
24.277 0.98607 9078.69
24.278 0.918848 8852.84
24.279 0.849411 8619.51
24.28 0.777787 8378.82
24.281 0.704006 8130.86
24.282 0.628101 7875.74
24.283 0.550103 7613.58
24.284 0.470046 7344.49
24.285 0.387962 7068.59
24.286 0.303888 6785.99
24.287 0.217858 6496.83
24.288 0.12991 6201.22
24.289 0.0400804 5899.3
24.29 -0.0515914 5591.2
24.291 -0.145066 5277.05
24.292 -0.240303 4956.99
24.293 -0.337261 4631.15
24.294 -0.435897 4299.68
24.295 -0.536167 3962.73
24.296 -0.638027 3620.43
24.297 -0.74143 3272.93
24.298 -0.846331 2920.39
24.299 -0.952681 2562.95
24.3 -1.06043 2200.78
24.301 -1.16953 1834.02
24.302 -1.27992 1462.87
24.303 -1.39155 1087.51
24.304 -1.50434 708.136
24.305 -1.61825 324.932
24.306 -1.7332 -61.9054
24.307 -1.84913 -452.181
24.308 -1.96598 -845.7
24.309 -2.08368 -1242.27
24.31 -2.20217 -1641.68
24.311 -2.32137 -2043.74
24.312 -2.44123 -2448.25
24.313 -2.56166 -2855.01
24.314 -2.68261 -3263.82
24.315 -2.804 -3674.47
24.316 -2.92577 -4086.76
24.317 -3.04783 -4500.49
24.318 -3.17013 -4915.45
24.319 -3.29258 -5331.45
24.32 -3.41512 -5748.27
24.321 -3.53767 -6165.72
24.322 -3.66016 -6583.58
24.323 -3.78252 -7001.66
24.324 -3.90467 -7419.75
24.325 -4.02654 -7837.66
24.326 -4.14805 -8255.17
24.327 -4.26914 -8672.08
24.328 -4.38973 -9088.2
24.329 -4.50975 -9503.31
24.33 -4.62912 -9917.23
24.331 -4.74777 -10329.7
24.332 -4.86561 -10740.6
24.333 -4.98255 -11149.5
24.334 -5.09851 -11556.3
24.335 -5.21339 -11960.7
24.336 -5.32711 -12362.4
24.337 -5.43959 -12761.2
24.338 -5.55074 -13156.8
24.339 -5.66048 -13549
24.34 -5.76871 -13937.5
24.341 -5.87538 -14322.2
24.342 -5.98039 -14702.8
24.343 -6.08368 -15079
24.344 -6.18519 -15450.7
24.345 -6.28484 -15817.7
24.346 -6.38257 -16179.8
24.347 -6.47832 -16536.8
24.348 -6.57202 -16888.4
24.349 -6.66361 -17234.5
24.35 -6.75304 -17574.9
24.351 -6.84025 -17909.5
24.352 -6.92517 -18237.9
24.353 -7.00774 -18560
24.354 -7.08791 -18875.6
24.355 -7.16562 -19184.4
24.356 -7.24081 -19486.3
24.357 -7.31342 -19781.1
24.358 -7.38341 -20068.6
24.359 -7.45073 -20348.6
24.36 -7.51533 -20620.9
24.361 -7.57717 -20885.3
24.362 -7.63622 -21141.6
24.363 -7.69243 -21389.8
24.364 -7.74578 -21629.7
24.365 -7.79625 -21861.1
24.366 -7.84381 -22083.9
24.367 -7.88843 -22298
24.368 -7.9301 -22503.2
24.369 -7.96879 -22699.4
24.37 -8.00449 -22886.6
24.371 -8.03717 -23064.5
24.372 -8.06684 -23233.1
24.373 -8.09346 -23392.2
24.374 -8.11705 -23541.9
24.375 -8.13757 -23681.8
24.376 -8.15504 -23812.1
24.377 -8.16944 -23932.5
24.378 -8.18076 -24042.9
24.379 -8.18902 -24143.4
24.38 -8.1942 -24233.8
24.381 -8.19631 -24314.1
24.382 -8.19534 -24384.1
24.383 -8.19131 -24443.8
24.384 -8.18422 -24493.2
24.385 -8.17406 -24532.1
24.386 -8.16085 -24560.6
24.387 -8.1446 -24578.6
24.388 -8.12532 -24586
24.389 -8.10299 -24582.8
24.39 -8.07767 -24568.8
24.391 -8.04934 -24544.1
24.392 -8.01803 -24508.6
24.393 -7.98378 -24462.4
24.394 -7.94662 -24405.6
24.395 -7.90657 -24338.1
24.396 -7.86368 -24260.1
24.397 -7.81796 -24171.5
24.398 -7.76946 -24072.4
24.399 -7.71821 -23963
24.4 -7.66424 -23843.1
24.401 -7.60758 -23713
24.402 -7.54826 -23572.7
24.403 -7.48631 -23422.2
24.404 -7.42175 -23261.5
24.405 -7.3546 -23090.7
24.406 -7.2849 -22909.9
24.407 -7.21267 -22719.2
24.408 -7.13794 -22518.5
24.409 -7.06073 -22308
24.41 -6.98107 -22087.8
24.411 -6.899 -21857.9
24.412 -6.81453 -21618.4
24.413 -6.72769 -21369.4
24.414 -6.63852 -21111
24.415 -6.54703 -20843.3
24.416 -6.45327 -20566.3
24.417 -6.35725 -20280.2
24.418 -6.25901 -19985.1
24.419 -6.15857 -19681.1
24.42 -6.05597 -19368.3
24.421 -5.95123 -19046.8
24.422 -5.84437 -18716.8
24.423 -5.73544 -18378.3
24.424 -5.62446 -18031.4
24.425 -5.51146 -17676.4
24.426 -5.39647 -17313.4
24.427 -5.27952 -16942.4
24.428 -5.16064 -16563.6
24.429 -5.03986 -16177.2
24.43 -4.91722 -15783.3
24.431 -4.79273 -15382
24.432 -4.66643 -14973.4
24.433 -4.53835 -14557.8
24.434 -4.40849 -14135.2
24.435 -4.2769 -13705.7
24.436 -4.14359 -13269.5
24.437 -4.00858 -12826.7
24.438 -3.87191 -12377.5
24.439 -3.73361 -11921.9
24.44 -3.59369 -11460.2
24.441 -3.45218 -10992.4
24.442 -3.30912 -10518.8
24.443 -3.16452 -10039.4
24.444 -3.01843 -9554.44
24.445 -2.87087 -9064.04
24.446 -2.72188 -8568.36
24.447 -2.57147 -8067.56
24.448 -2.4197 -7561.81
24.449 -2.26658 -7051.25
24.45 -2.11216 -6536.06
24.451 -1.95647 -6016.4
24.452 -1.79955 -5492.46
24.453 -1.64146 -4964.45
24.454 -1.48223 -4432.55
24.455 -1.32192 -3896.97
24.456 -1.16057 -3357.92
24.457 -0.998243 -2815.58
24.458 -0.834981 -2270.17
24.459 -0.670838 -1721.89
24.46 -0.50587 -1170.95
24.461 -0.340132 -617.548
24.462 -0.173681 -61.8962
24.463 -0.00657613 495.799
24.464 0.161123 1055.33
24.465 0.329355 1616.49
24.466 0.498055 2179.06
24.467 0.667157 2742.84
24.468 0.836596 3307.62
24.469 1.0063 3873.18
24.47 1.17621 4439.32
24.471 1.34624 5005.83
24.472 1.51633 5572.5
24.473 1.6864 6139.12
24.474 1.85638 6705.48
24.475 2.02619 7271.37
24.476 2.19575 7836.59
24.477 2.365 8400.93
24.478 2.53385 8964.17
24.479 2.70222 9526.13
24.48 2.87004 10086.6
24.481 3.03722 10645.3
24.482 3.20369 11202.2
24.483 3.36937 11756.9
24.484 3.53417 12309.4
24.485 3.69801 12859.3
24.486 3.86082 13406.6
24.487 4.02251 13951
24.488 4.183 14492.2
24.489 4.34222 15030.3
24.49 4.50008 15564.8
24.491 4.65651 16095.7
24.492 4.81144 16622.8
24.493 4.96479 17145.9
24.494 5.11651 17665
24.495 5.26651 18179.7
24.496 5.41475 18690.1
24.497 5.56114 19195.9
24.498 5.70564 19697
24.499 5.84817 20193.3
24.5 5.98868 20684.6
24.501 6.12711 21170.9
24.502 6.26339 21651.8
24.503 6.39748 22127.5
24.504 6.52933 22597.6
24.505 6.65887 23062.1
24.506 6.78606 23520.9
24.507 6.91085 23973.8
24.508 7.0332 24420.8
24.509 7.15305 24861.7
24.51 7.27038 25296.4
24.511 7.38514 25724.8
24.512 7.49729 26146.9
24.513 7.6068 26562.4
24.514 7.71363 26971.4
24.515 7.81776 27373.7
24.516 7.91916 27769.2
24.517 8.0178 28157.9
24.518 8.11365 28539.7
24.519 8.20671 28914.4
24.52 8.29695 29282.1
24.521 8.38434 29642.6
24.522 8.46888 29995.9
24.523 8.55054 30341.8
24.524 8.62931 30680.2
24.525 8.70516 31011.2
24.526 8.77809 31334.5
24.527 8.84808 31650.2
24.528 8.91513 31958.1
24.529 8.97923 32258.2
24.53 9.04038 32550.4
24.531 9.09856 32834.6
24.532 9.1538 33110.8
24.533 9.20608 33378.9
24.534 9.25541 33638.9
24.535 9.3018 33890.6
24.536 9.34525 34134.2
24.537 9.38577 34369.4
24.538 9.42338 34596.4
24.539 9.45809 34815
24.54 9.48991 35025.2
24.541 9.51885 35226.9
24.542 9.54493 35420.2
24.543 9.56813 35604.9
24.544 9.58847 35780.9
24.545 9.60595 35948.2
24.546 9.62057 36106.7
24.547 9.63235 36256.4
24.548 9.64129 36397.1
24.549 9.6474 36528.9
24.55 9.65069 36651.6
24.551 9.65117 36765.2
24.552 9.64886 36869.7
24.553 9.64375 36964.9
24.554 9.63586 37050.8
24.555 9.62518 37127.4
24.556 9.61173 37194.6
24.557 9.59553 37252.3
24.558 9.57657 37300.4
24.559 9.55488 37339
24.56 9.53046 37367.9
24.561 9.50332 37387.2
24.562 9.47349 37396.7
24.563 9.44096 37396.5
24.564 9.40576 37386.2
24.565 9.36791 37365.8
24.566 9.32741 37335.2
24.567 9.28429 37294.4
24.568 9.23856 37243.5
24.569 9.19024 37182.3
24.57 9.13934 37111
24.571 9.08589 37029.4
24.572 9.02991 36937.6
24.573 8.97142 36835.7
24.574 8.91046 36723.7
24.575 8.84705 36601.6
24.576 8.78121 36469.4
24.577 8.71298 36327.3
24.578 8.64238 36175.2
24.579 8.56944 36013.3
24.58 8.49419 35841.5
24.581 8.41665 35660
24.582 8.33685 35468.8
24.583 8.25482 35268
24.584 8.17058 35057.6
24.585 8.08418 34837.8
24.586 7.99562 34608.6
24.587 7.90494 34370.1
24.588 7.81217 34122.4
24.589 7.71733 33865.6
24.59 7.62045 33599.8
24.591 7.52156 33325
24.592 7.4207 33041.5
24.593 7.3179 32749.3
24.594 7.2132 32448.6
24.595 7.10663 32139.5
24.596 6.99824 31822.2
24.597 6.88804 31496.8
24.598 6.77609 31163.5
24.599 6.66242 30822.4
24.6 6.54707 30473.7
24.601 6.43006 30117.5
24.602 6.31144 29754
24.603 6.19125 29383.3
24.604 6.06951 29005.8
24.605 5.94628 28621.4
24.606 5.82158 28230.3
24.607 5.69545 27832.8
24.608 5.56793 27429.1
24.609 5.43906 27019.2
24.61 5.30887 26603.4
24.611 5.17741 26181.9
24.612 5.04472 25754.9
24.613 4.91085 25322.6
24.614 4.77585 24885.2
24.615 4.63976 24442.9
24.616 4.50263 23996
24.617 4.36451 23544.6
24.618 4.22546 23089.1
24.619 4.08552 22629.6
24.62 3.94474 22166.3
24.621 3.80317 21699.6
24.622 3.66087 21229.5
24.623 3.51788 20756.4
24.624 3.37426 20280.5
24.625 3.23007 19802
24.626 3.08535 19321.2
24.627 2.94015 18838.2
24.628 2.79455 18353.3
24.629 2.64858 17866.8
24.63 2.50231 17378.9
24.631 2.35578 16889.8
24.632 2.20907 16399.8
24.633 2.06223 15909
24.634 1.91531 15417.8
24.635 1.76838 14926.4
24.636 1.62149 14435
24.637 1.47471 13943.8
24.638 1.3281 13453
24.639 1.18171 12963
24.64 1.03562 12473.9
24.641 0.889879 11986
24.642 0.744557 11499.6
24.643 0.599717 11014.7
24.644 0.455423 10531.7
24.645 0.311742 10050.9
24.646 0.168739 9572.33
24.647 0.0264802 9096.34
24.648 -0.114967 8623.14
24.649 -0.255535 8152.95
24.65 -0.395156 7685.99
24.651 -0.533762 7222.48
24.652 -0.671292 6762.61
24.653 -0.807685 6306.57
24.654 -0.942882 5854.55
24.655 -1.07682 5406.73
24.656 -1.20944 4963.3
24.657 -1.34069 4524.44
24.658 -1.47049 4090.33
24.659 -1.5988 3661.14
24.66 -1.72556 3237.05
24.661 -1.8507 2818.22
24.662 -1.97417 2404.84
24.663 -2.09591 1997.06
24.664 -2.21587 1595.06
24.665 -2.33398 1198.98
24.666 -2.4502 808.995
24.667 -2.56447 425.256
24.668 -2.67673 47.9179
24.669 -2.78694 -322.87
24.67 -2.89504 -686.959
24.671 -3.00099 -1044.21
24.672 -3.10472 -1394.47
24.673 -3.20621 -1737.61
24.674 -3.3054 -2073.49
24.675 -3.40224 -2401.98
24.676 -3.49669 -2722.96
24.677 -3.58872 -3036.29
24.678 -3.67827 -3341.85
24.679 -3.76532 -3639.54
24.68 -3.84982 -3929.22
24.681 -3.93174 -4210.8
24.682 -4.01104 -4484.15
24.683 -4.08769 -4749.19
24.684 -4.16166 -5005.8
24.685 -4.23292 -5253.89
24.686 -4.30144 -5493.37
24.687 -4.3672 -5724.14
24.688 -4.43017 -5946.13
24.689 -4.49033 -6159.24
24.69 -4.54766 -6363.4
24.691 -4.60213 -6558.54
24.692 -4.65374 -6744.58
24.693 -4.70246 -6921.46
24.694 -4.74828 -7089.12
24.695 -4.79119 -7247.48
24.696 -4.83118 -7396.51
24.697 -4.86824 -7536.15
24.698 -4.90235 -7666.34
24.699 -4.93352 -7787.05
24.7 -4.96174 -7898.24
24.701 -4.987 -7999.87
24.702 -5.0093 -8091.91
24.703 -5.02865 -8174.33
24.704 -5.04505 -8247.1
24.705 -5.05849 -8310.22
24.706 -5.06898 -8363.65
24.707 -5.07653 -8407.4
24.708 -5.08114 -8441.44
24.709 -5.08282 -8465.78
24.71 -5.08158 -8480.42
24.711 -5.07744 -8485.35
24.712 -5.07037 -8480.54
24.713 -5.06045 -8465.93
24.714 -5.04764 -8441.54
24.715 -5.03197 -8407.38
24.716 -5.01346 -8363.5
24.717 -4.99212 -8309.9
24.718 -4.96798 -8246.62
24.719 -4.94104 -8173.71
24.72 -4.91133 -8091.19
24.721 -4.87887 -7999.11
24.722 -4.84368 -7897.48
24.723 -4.80575 -7786.34
24.724 -4.76512 -7665.71
24.725 -4.72179 -7535.61
24.726 -4.67577 -7396.09
24.727 -4.62709 -7247.19
24.728 -4.57577 -7088.93
24.729 -4.52181 -6921.38
24.73 -4.46524 -6744.58
24.731 -4.40609 -6558.59
24.732 -4.34437 -6363.52
24.733 -4.28014 -6159.49
24.734 -4.21343 -5946.63
24.735 -4.14428 -5725.05
24.736 -4.07272 -5494.89
24.737 -3.9988 -5256.28
24.738 -3.92256 -5009.37
24.739 -3.84404 -4754.29
24.74 -3.76327 -4491.18
24.741 -3.68031 -4220.19
24.742 -3.59518 -3941.44
24.743 -3.50791 -3655.07
24.744 -3.41855 -3361.19
24.745 -3.32713 -3059.94
24.746 -3.23368 -2751.44
24.747 -3.13824 -2435.85
24.748 -3.04084 -2113.29
24.749 -2.94153 -1783.91
24.75 -2.84033 -1447.86
24.751 -2.7373 -1105.29
24.752 -2.63248 -756.365
24.753 -2.5259 -401.278
24.754 -2.41763 -40.2108
24.755 -2.30771 326.651
24.756 -2.19619 699.117
24.757 -2.08312 1077
24.758 -1.96855 1460.1
24.759 -1.85254 1848.22
24.76 -1.73513 2241.17
24.761 -1.61638 2638.76
24.762 -1.49633 3040.8
24.763 -1.37503 3447.12
24.764 -1.25252 3857.55
24.765 -1.12885 4271.9
24.766 -1.00407 4690.01
24.767 -0.87823 5111.69
24.768 -0.751373 5536.75
24.769 -0.623553 5965.03
24.77 -0.494818 6396.32
24.771 -0.365222 6830.46
24.772 -0.234815 7267.25
24.773 -0.103651 7706.5
24.774 0.0282156 8148.04
24.775 0.16073 8591.66
24.776 0.293837 9037.19
24.777 0.427478 9484.42
24.778 0.561595 9933.18
24.779 0.69613 10383.3
24.78 0.831022 10834.5
24.781 0.966216 11286.7
24.782 1.10166 11739.7
24.783 1.23732 12193.4
24.784 1.37314 12647.7
24.785 1.50908 13102.3
24.786 1.64508 13557.3
24.787 1.78112 14012.4
24.788 1.91713 14467.5
24.789 2.05306 14922.5
24.79 2.18888 15377.3
24.791 2.32453 15831.6
24.792 2.45993 16285.4
24.793 2.59504 16738.5
24.794 2.72977 17190.6
24.795 2.86407 17641.5
24.796 2.99786 18091.2
24.797 3.13108 18539.3
24.798 3.26365 18985.7
24.799 3.39552 19430.3
24.8 3.52661 19872.8
24.801 3.65685 20313.1
24.802 3.7862 20750.9
24.803 3.91458 21186.3
24.804 4.04195 21618.9
24.805 4.16824 22048.7
24.806 4.29339 22475.6
24.807 4.41736 22899.3
24.808 4.54008 23319.7
24.809 4.66151 23736.8
24.81 4.78158 24150.2
24.811 4.90024 24560
24.812 5.01743 24966
24.813 5.1331 25367.9
24.814 5.24718 25765.7
24.815 5.35961 26159.2
24.816 5.47034 26548.2
24.817 5.57932 26932.5
24.818 5.68649 27312.1
24.819 5.79179 27686.8
24.82 5.89518 28056.3
24.821 5.9966 28420.7
24.822 6.096 28779.7
24.823 6.19332 29133.1
24.824 6.28851 29480.8
24.825 6.38152 29822.7
24.826 6.4723 30158.5
24.827 6.56079 30488.1
24.828 6.64696 30811.4
24.829 6.73076 31128.2
24.83 6.81214 31438.4
24.831 6.89106 31741.9
24.832 6.9675 32038.4
24.833 7.04143 32328
24.834 7.11281 32610.4
24.835 7.18163 32885.7
24.836 7.24786 33153.7
24.837 7.31148 33414.3
24.838 7.37247 33667.5
24.839 7.43081 33913.1
24.84 7.4865 34151
24.841 7.53951 34381.2
24.842 7.58984 34603.7
24.843 7.6375 34818.3
24.844 7.68247 35025.1
24.845 7.72477 35224
24.846 7.76439 35415
24.847 7.80135 35598
24.848 7.83565 35773
24.849 7.86729 35940
24.85 7.89628 36099
24.851 7.92265 36249.9
24.852 7.94639 36392.7
24.853 7.96752 36527.5
24.854 7.98606 36654.2
24.855 8.00203 36772.7
24.856 8.01543 36883.2
24.857 8.02629 36985.6
24.858 8.03462 37080
24.859 8.04046 37166.2
24.86 8.04381 37244.4
24.861 8.0447 37314.5
24.862 8.04316 37376.7
24.863 8.03923 37430.8
24.864 8.03294 37477.1
24.865 8.02431 37515.5
24.866 8.01339 37546.2
24.867 8.00021 37569.1
24.868 7.98481 37584.4
24.869 7.96723 37592
24.87 7.94747 37592.1
24.871 7.92558 37584.7
24.872 7.90166 37569.7
24.873 7.87568 37547.2
24.874 7.8477 37517.4
24.875 7.81775 37480.3
24.876 7.78588 37436
24.877 7.75212 37384.6
24.878 7.71651 37326.3
24.879 7.6791 37261
24.88 7.63992 37188.9
24.881 7.59901 37110.1
24.882 7.55641 37024.7
24.883 7.51217 36932.8
24.884 7.46632 36834.6
24.885 7.4189 36730.1
24.886 7.36996 36619.5
24.887 7.31953 36502.8
24.888 7.26766 36380.2
24.889 7.21439 36251.9
24.89 7.15975 36117.9
24.891 7.10379 35978.3
24.892 7.04655 35833.3
24.893 6.98804 35683
24.894 6.92832 35527.5
24.895 6.8674 35366.9
24.896 6.80533 35201.2
24.897 6.74214 35030.7
24.898 6.67785 34855.3
24.899 6.6125 34675.3
24.9 6.54613 34490.8
24.901 6.47877 34301.7
24.902 6.41044 34108.4
24.903 6.34117 33910.7
24.904 6.27099 33708.9
24.905 6.19991 33503
24.906 6.12796 33293.1
24.907 6.05518 33079.4
24.908 5.98158 32861.8
24.909 5.90719 32640.6
24.91 5.83204 32415.7
24.911 5.75615 32187.4
24.912 5.67955 31955.7
24.913 5.60226 31720.7
24.914 5.52432 31482.5
24.915 5.44574 31241.3
24.916 5.36655 30997.1
24.917 5.28679 30750
24.918 5.20647 30500.2
24.919 5.12563 30247.8
24.92 5.04429 29992.8
24.921 4.96247 29735.4
24.922 4.88021 29475.8
24.923 4.79754 29213.9
24.924 4.71448 28950
24.925 4.63105 28684.1
24.926 4.54729 28416.3
24.927 4.46323 28146.9
24.928 4.37888 27875.8
24.929 4.29429 27603.2
24.93 4.20948 27329.3
24.931 4.12447 27054.1
24.932 4.0393 26777.8
24.933 3.95399 26500.4
24.934 3.86858 26222.2
24.935 3.78309 25943.1
24.936 3.69755 25663.4
24.937 3.61199 25383.2
24.938 3.52643 25102.5
24.939 3.44092 24821.5
24.94 3.35547 24540.4
24.941 3.27012 24259.1
24.942 3.1849 23977.9
24.943 3.09983 23696.9
24.944 3.01495 23416.2
24.945 2.93028 23135.9
24.946 2.84586 22856.1
24.947 2.76171 22576.9
24.948 2.67787 22298.5
24.949 2.59436 22021
24.95 2.51121 21744.4
24.951 2.42845 21469
24.952 2.3461 21194.7
24.953 2.26417 20921.6
24.954 2.18267 20649.8
24.955 2.10161 20379.4
24.956 2.021 20110.3
24.957 1.94087 19842.6
24.958 1.86121 19576.5
24.959 1.78204 19311.8
24.96 1.70338 19048.8
24.961 1.62524 18787.4
24.962 1.54762 18527.7
24.963 1.47054 18269.8
24.964 1.39402 18013.6
24.965 1.31806 17759.3
24.966 1.24267 17506.8
24.967 1.16788 17256.3
24.968 1.09368 17007.8
24.969 1.02009 16761.3
24.97 0.947122 16516.8
24.971 0.874784 16274.5
24.972 0.803072 16034.2
24.973 0.73198 15796
24.974 0.661501 15559.8
24.975 0.591629 15325.7
24.976 0.522355 15093.5
24.977 0.453675 14863.4
24.978 0.385579 14635.2
24.979 0.318061 14409
24.98 0.251113 14184.7
24.981 0.18473 13962.3
24.982 0.11891 13741.8
24.983 0.0536556 13523.2
24.984 -0.0110339 13306.5
24.985 -0.0751576 13091.8
24.986 -0.138715 12878.9
24.987 -0.201706 12667.9
24.988 -0.264131 12458.9
24.989 -0.325989 12251.7
24.99 -0.387281 12046.5
24.991 -0.448005 11843.1
24.992 -0.508156 11641.7
24.993 -0.567724 11442.3
24.994 -0.626703 11244.8
24.995 -0.685085 11049.3
24.996 -0.742863 10855.8
24.997 -0.800029 10664.4
24.998 -0.856578 10475
24.999 -0.912501 10287.7
25 -0.967794 10102.5
25.001 -1.02245 9919.39
25.002 -1.07646 9738.43
25.003 -1.12983 9559.61
25.004 -1.18254 9382.96
25.005 -1.23459 9208.48
25.006 -1.28598 9036.19
25.007 -1.33671 8866.09
25.008 -1.38676 8698.21
25.009 -1.43613 8532.54
25.01 -1.48483 8369.11
25.011 -1.53284 8207.91
25.012 -1.58018 8048.92
25.013 -1.62685 7892.12
25.014 -1.67285 7737.5
25.015 -1.7182 7585.01
25.016 -1.7629 7434.65
25.017 -1.80695 7286.38
25.018 -1.85036 7140.18
25.019 -1.89315 6996.02
25.02 -1.93532 6853.86
25.021 -1.97687 6713.69
25.022 -2.01781 6575.49
25.023 -2.05813 6439.27
25.024 -2.09785 6305.02
25.025 -2.13695 6172.74
25.026 -2.17544 6042.43
25.027 -2.21333 5914.07
25.028 -2.2506 5787.67
25.029 -2.28727 5663.2
25.03 -2.32334 5540.68
25.031 -2.3588 5420.07
25.032 -2.39368 5301.36
25.033 -2.42797 5184.49
25.034 -2.4617 5069.43
25.035 -2.49487 4956.14
25.036 -2.5275 4844.57
25.037 -2.5596 4734.69
25.038 -2.59118 4626.45
25.039 -2.62225 4519.8
25.04 -2.65283 4414.71
25.041 -2.68294 4311.13
25.042 -2.71256 4209.04
25.043 -2.74172 4108.43
25.044 -2.77042 4009.27
25.045 -2.79865 3911.55
25.046 -2.82643 3815.24
25.047 -2.85377 3720.33
25.048 -2.88066 3626.81
25.049 -2.90712 3534.63
25.05 -2.93315 3443.8
25.051 -2.95876 3354.27
25.052 -2.98396 3266.01
25.053 -3.00878 3178.95
25.054 -3.03321 3093.05
25.055 -3.05729 3008.26
25.056 -3.08102 2924.52
25.057 -3.10443 2841.78
25.058 -3.12752 2759.98
25.059 -3.15032 2679.07
25.06 -3.17284 2598.99
25.061 -3.19509 2519.7
25.062 -3.21708 2441.2
25.063 -3.23881 2363.48
25.064 -3.26027 2286.55
25.065 -3.28147 2210.4
25.066 -3.3024 2135.04
25.067 -3.32307 2060.47
25.068 -3.34347 1986.69
25.069 -3.36361 1913.7
25.07 -3.38348 1841.49
25.071 -3.40309 1770.08
25.072 -3.42243 1699.45
25.073 -3.44151 1629.61
25.074 -3.46032 1560.55
25.075 -3.47887 1492.28
25.076 -3.49716 1424.79
25.077 -3.51518 1358.07
25.078 -3.53295 1292.13
25.079 -3.55046 1226.97
25.08 -3.56771 1162.57
25.081 -3.5847 1098.93
25.082 -3.60144 1036.06
25.083 -3.61792 973.934
25.084 -3.63415 912.563
25.085 -3.65013 851.937
25.086 -3.66586 792.051
25.087 -3.68135 732.898
25.088 -3.69659 674.472
25.089 -3.71159 616.768
25.09 -3.72635 559.778
25.091 -3.74088 503.48
25.092 -3.75519 447.822
25.093 -3.7693 392.74
25.094 -3.78323 338.167
25.095 -3.79701 284.037
25.096 -3.81065 230.283
25.097 -3.82417 176.84
25.098 -3.83759 123.64
25.099 -3.85093 70.6185
25.1 -3.86422 17.7073
25.101 -3.87746 -35.1524
25.102 -3.89068 -88.0058
25.103 -3.90389 -140.891
25.104 -3.91708 -193.845
25.105 -3.93029 -246.905
25.106 -3.94351 -300.11
25.107 -3.95676 -353.497
25.108 -3.97005 -407.103
25.109 -3.98339 -460.965
25.11 -3.9968 -515.119
25.111 -4.01027 -569.604
25.112 -4.02383 -624.456
25.113 -4.03748 -679.711
25.114 -4.05124 -735.406
25.115 -4.06511 -791.577
25.116 -4.0791 -848.261
25.117 -4.09323 -905.494
25.118 -4.10751 -963.312
25.119 -4.12194 -1021.75
25.12 -4.13654 -1080.84
25.121 -4.15131 -1140.62
25.122 -4.16627 -1201.13
25.123 -4.18142 -1262.39
25.124 -4.19678 -1324.45
25.125 -4.21235 -1387.33
25.126 -4.22814 -1451.07
25.127 -4.24417 -1515.7
25.128 -4.26044 -1581.25
25.129 -4.27696 -1647.77
25.13 -4.29374 -1715.27
25.131 -4.31078 -1783.79
25.132 -4.3281 -1853.36
25.133 -4.34571 -1924.01
25.134 -4.3636 -1995.78
25.135 -4.3818 -2068.68
25.136 -4.4003 -2142.75
25.137 -4.41912 -2218.02
25.138 -4.43826 -2294.52
25.139 -4.45773 -2372.27
25.14 -4.47754 -2451.3
25.141 -4.49769 -2531.62
25.142 -4.51817 -2613.22
25.143 -4.53897 -2696.06
25.144 -4.56008 -2780.11
25.145 -4.58149 -2865.34
25.146 -4.60318 -2951.71
25.147 -4.62516 -3039.18
25.148 -4.64739 -3127.73
25.149 -4.66988 -3217.32
25.15 -4.69261 -3307.91
25.151 -4.71558 -3399.48
25.152 -4.73877 -3492
25.153 -4.76218 -3585.48
25.154 -4.78581 -3679.91
25.155 -4.80965 -3775.26
25.156 -4.83371 -3871.55
25.157 -4.85798 -3968.76
25.158 -4.88244 -4066.87
25.159 -4.90711 -4165.89
25.16 -4.93197 -4265.8
25.161 -4.95703 -4366.58
25.162 -4.98226 -4468.19
25.163 -5.00765 -4570.61
25.164 -5.0332 -4673.8
25.165 -5.05888 -4777.7
25.166 -5.0847 -4882.28
25.167 -5.11062 -4987.5
25.168 -5.13664 -5093.32
25.169 -5.16274 -5199.69
25.17 -5.18892 -5306.59
25.171 -5.21516 -5413.95
25.172 -5.24143 -5521.75
25.173 -5.26775 -5629.95
25.174 -5.29408 -5738.49
25.175 -5.32041 -5847.34
25.176 -5.34674 -5956.46
25.177 -5.37304 -6065.8
25.178 -5.39931 -6175.32
25.179 -5.42553 -6284.99
25.18 -5.45169 -6394.75
25.181 -5.47777 -6504.58
25.182 -5.50376 -6614.42
25.183 -5.52966 -6724.24
25.184 -5.55544 -6833.98
25.185 -5.58109 -6943.63
25.186 -5.60661 -7053.12
25.187 -5.63197 -7162.42
25.188 -5.65717 -7271.49
25.189 -5.68219 -7380.29
25.19 -5.70702 -7488.77
25.191 -5.73166 -7596.91
25.192 -5.75608 -7704.65
25.193 -5.78027 -7811.96
25.194 -5.80423 -7918.79
25.195 -5.82794 -8025.12
25.196 -5.85138 -8130.9
25.197 -5.87456 -8236.09
25.198 -5.89746 -8340.65
25.199 -5.92006 -8444.54
25.2 -5.94236 -8547.74
25.201 -5.96435 -8650.19
25.202 -5.98601 -8751.87
25.203 -6.00733 -8852.74
25.204 -6.02831 -8952.76
25.205 -6.04894 -9051.89
25.206 -6.0692 -9150.11
25.207 -6.08909 -9247.37
25.208 -6.10859 -9343.64
25.209 -6.12771 -9438.9
25.21 -6.14642 -9533.09
25.211 -6.16472 -9626.19
25.212 -6.1826 -9718.15
25.213 -6.20003 -9808.89
25.214 -6.21701 -9898.37
25.215 -6.2335 -9986.52
25.216 -6.24951 -10073.3
25.217 -6.26501 -10158.6
25.218 -6.27999 -10242.4
25.219 -6.29443 -10324.7
25.22 -6.30832 -10405.3
25.221 -6.32165 -10484.3
25.222 -6.3344 -10561.6
25.223 -6.34658 -10637.2
25.224 -6.35818 -10711
25.225 -6.36919 -10783
25.226 -6.37962 -10853.3
25.227 -6.38945 -10921.8
25.228 -6.39868 -10988.4
25.229 -6.40732 -11053.2
25.23 -6.41535 -11116.1
25.231 -6.42277 -11177.1
25.232 -6.42958 -11236.2
25.233 -6.43575 -11293.3
25.234 -6.44129 -11348.4
25.235 -6.44619 -11401.4
25.236 -6.45042 -11452.3
25.237 -6.45399 -11501
25.238 -6.45687 -11547.6
25.239 -6.45908 -11591.9
25.24 -6.46059 -11633.9
25.241 -6.4614 -11673.6
25.242 -6.46151 -11711.1
25.243 -6.46091 -11746.1
25.244 -6.45962 -11778.9
25.245 -6.45764 -11809.3
25.246 -6.45495 -11837.4
25.247 -6.45158 -11863.1
25.248 -6.44752 -11886.5
25.249 -6.44277 -11907.5
25.25 -6.43733 -11926.2
25.251 -6.43121 -11942.5
25.252 -6.42441 -11956.4
25.253 -6.41692 -11967.9
25.254 -6.40874 -11977
25.255 -6.39985 -11983.7
25.256 -6.39026 -11987.8
25.257 -6.37995 -11989.5
25.258 -6.36894 -11988.6
25.259 -6.35722 -11985.1
25.26 -6.34478 -11979.1
25.261 -6.33162 -11970.4
25.262 -6.31777 -11959.1
25.263 -6.30317 -11945.1
25.264 -6.28786 -11928.5
25.265 -6.27182 -11909.2
25.266 -6.25505 -11887.2
25.267 -6.23756 -11862.4
25.268 -6.21934 -11835
25.269 -6.20039 -11804.8
25.27 -6.18072 -11771.9
25.271 -6.16033 -11736.3
25.272 -6.13922 -11697.9
25.273 -6.1174 -11656.9
25.274 -6.09489 -11613.2
25.275 -6.07169 -11566.8
25.276 -6.04781 -11517.8
25.277 -6.02326 -11466.2
25.278 -5.99806 -11412
25.279 -5.97222 -11355.3
25.28 -5.94574 -11296.1
25.281 -5.91864 -11234.4
25.282 -5.89091 -11170.3
25.283 -5.86257 -11103.6
25.284 -5.83362 -11034.6
25.285 -5.80405 -10963
25.286 -5.77388 -10889.1
25.287 -5.7431 -10812.6
25.288 -5.71173 -10733.8
25.289 -5.67975 -10652.5
25.29 -5.64719 -10568.8
25.291 -5.61404 -10482.8
25.292 -5.5803 -10394.3
25.293 -5.54599 -10303.5
25.294 -5.51111 -10210.3
25.295 -5.47566 -10114.8
25.296 -5.43965 -10017
25.297 -5.40308 -9916.81
25.298 -5.36596 -9814.38
25.299 -5.32829 -9709.67
25.3 -5.29009 -9602.72
25.301 -5.25135 -9493.54
25.302 -5.21208 -9382.12
25.303 -5.17227 -9268.46
25.304 -5.13193 -9152.56
25.305 -5.09104 -9034.4
25.306 -5.04961 -8913.98
25.307 -5.00764 -8791.31
25.308 -4.96512 -8666.37
25.309 -4.92206 -8539.17
25.31 -4.87846 -8409.71
25.311 -4.83431 -8277.98
25.312 -4.78961 -8143.99
25.313 -4.74437 -8007.74
25.314 -4.69858 -7869.24
25.315 -4.65224 -7728.48
25.316 -4.60536 -7585.47
25.317 -4.55793 -7440.22
25.318 -4.50996 -7292.73
25.319 -4.46145 -7143.01
25.32 -4.4124 -6991.08
25.321 -4.3628 -6836.93
25.322 -4.31268 -6680.61
25.323 -4.26204 -6522.16
25.324 -4.21089 -6361.62
25.325 -4.15925 -6199.03
25.326 -4.10712 -6034.43
25.327 -4.05451 -5867.86
25.328 -4.00144 -5699.37
25.329 -3.94791 -5529
25.33 -3.89395 -5356.81
25.331 -3.83955 -5182.82
25.332 -3.78473 -5007.06
25.333 -3.72948 -4829.55
25.334 -3.67382 -4650.3
25.335 -3.61774 -4469.35
25.336 -3.56124 -4286.7
25.337 -3.50434 -4102.37
25.338 -3.44704 -3916.4
25.339 -3.38934 -3728.8
25.34 -3.33124 -3539.59
25.341 -3.27275 -3348.81
25.342 -3.21389 -3156.49
25.343 -3.15466 -2962.7
25.344 -3.09509 -2767.48
25.345 -3.03518 -2570.89
25.346 -2.97494 -2372.99
25.347 -2.9144 -2173.83
25.348 -2.85357 -1973.47
25.349 -2.79246 -1771.96
25.35 -2.73108 -1569.37
25.351 -2.66946 -1365.74
25.352 -2.6076 -1161.13
25.353 -2.54552 -955.611
25.354 -2.48323 -749.231
25.355 -2.42076 -542.05
25.356 -2.35811 -334.127
25.357 -2.29529 -125.521
25.358 -2.23234 83.7103
25.359 -2.16926 293.506
25.36 -2.10606 503.808
25.361 -2.04276 714.556
25.362 -1.97939 925.689
25.363 -1.91594 1137.15
25.364 -1.85245 1348.88
25.365 -1.78892 1560.81
25.366 -1.72537 1772.89
25.367 -1.66181 1985.05
25.368 -1.59827 2197.25
25.369 -1.53476 2409.41
25.37 -1.4713 2621.48
25.371 -1.40789 2833.4
25.372 -1.34456 3045.11
25.373 -1.28133 3256.54
25.374 -1.2182 3467.65
25.375 -1.1552 3678.37
25.376 -1.09234 3888.64
25.377 -1.02964 4098.4
25.378 -0.967114 4307.6
25.379 -0.904777 4516.18
25.38 -0.842646 4724.08
25.381 -0.780735 4931.25
25.382 -0.719054 5137.65
25.383 -0.65761 5343.27
25.384 -0.59641 5548.06
25.385 -0.535461 5752.01
25.386 -0.474771 5955.09
25.387 -0.414346 6157.27
25.388 -0.354195 6358.53
25.389 -0.294323 6558.83
25.39 -0.234737 6758.17
25.391 -0.175448 6956.5
25.392 -0.116468 7153.78
25.393 -0.0578129 7349.96
25.394 0.000501866 7544.99
25.395 0.058461 7738.81
25.396 0.116049 7931.37
25.397 0.173251 8122.63
25.398 0.230053 8312.54
25.399 0.286438 8501.03
25.4 0.342393 8688.07
25.401 0.397902 8873.62
25.402 0.452951 9057.61
25.403 0.507526 9240.01
25.404 0.561613 9420.76
25.405 0.615197 9599.83
25.406 0.668264 9777.18
25.407 0.720801 9952.75
25.408 0.772795 10126.5
25.409 0.824233 10298.4
25.41 0.875101 10468.4
25.411 0.925387 10636.5
25.412 0.975079 10802.5
25.413 1.02416 10966.6
25.414 1.07263 11128.6
25.415 1.12047 11288.5
25.416 1.16766 11446.3
25.417 1.2142 11601.9
25.418 1.26007 11755.4
25.419 1.30528 11906.6
25.42 1.34979 12055.5
25.421 1.39362 12202.2
25.422 1.43674 12346.5
25.423 1.47918 12488.6
25.424 1.52091 12628.4
25.425 1.56195 12765.9
25.426 1.60229 12901.1
25.427 1.64193 13034
25.428 1.68088 13164.6
25.429 1.71914 13293
25.43 1.7567 13419.1
25.431 1.79357 13542.9
25.432 1.82975 13664.5
25.433 1.86525 13783.9
25.434 1.90006 13901
25.435 1.93419 14015.9
25.436 1.96765 14128.5
25.437 2.00043 14239
25.438 2.03254 14347.3
25.439 2.06398 14453.5
25.44 2.09477 14557.5
25.441 2.12489 14659.3
25.442 2.15436 14759
25.443 2.18316 14856.6
25.444 2.21129 14951.9
25.445 2.23876 15045.1
25.446 2.26555 15136.2
25.447 2.29167 15225
25.448 2.31712 15311.6
25.449 2.34188 15396.1
25.45 2.36597 15478.3
25.451 2.38938 15558.3
25.452 2.41212 15636.2
25.453 2.4342 15711.9
25.454 2.45563 15785.4
25.455 2.4764 15856.9
25.456 2.49655 15926.3
25.457 2.51606 15993.7
25.458 2.53496 16059.1
25.459 2.55326 16122.5
25.46 2.57095 16183.9
25.461 2.58806 16243.5
25.462 2.60459 16301.2
25.463 2.62054 16356.9
25.464 2.6359 16410.8
25.465 2.65069 16462.8
25.466 2.66491 16513
25.467 2.67856 16561.3
25.468 2.69164 16607.7
25.469 2.70416 16652.3
25.47 2.71612 16695.1
25.471 2.72753 16736.1
25.472 2.7384 16775.4
25.473 2.74874 16812.9
25.474 2.75857 16848.7
25.475 2.7679 16882.9
25.476 2.77675 16915.6
25.477 2.78512 16946.6
25.478 2.79303 16976.2
25.479 2.80051 17004.3
25.48 2.80755 17031.1
25.481 2.81418 17056.4
25.482 2.8204 17080.5
25.483 2.82619 17103.1
25.484 2.83157 17124.4
25.485 2.83653 17144.2
25.486 2.84106 17162.7
25.487 2.84517 17179.8
25.488 2.84885 17195.5
25.489 2.85211 17209.8
25.49 2.85494 17222.7
25.491 2.85735 17234.1
25.492 2.85932 17244.2
25.493 2.86088 17252.8
25.494 2.86199 17260
25.495 2.86268 17265.8
25.496 2.86293 17270.1
25.497 2.86276 17273
25.498 2.86216 17274.5
25.499 2.86113 17274.6
25.5 2.85967 17273.2
25.501 2.85779 17270.4
25.502 2.85548 17266.1
25.503 2.85272 17260.3
25.504 2.84952 17253.1
25.505 2.84586 17244.2
25.506 2.84176 17233.9
25.507 2.83718 17221.9
25.508 2.83212 17208.3
25.509 2.82659 17193.1
25.51 2.82057 17176.3
25.511 2.81405 17157.7
25.512 2.80702 17137.4
25.513 2.79946 17115.3
25.514 2.79133 17091.3
25.515 2.78263 17065.2
25.516 2.77332 17037.2
25.517 2.76339 17007
25.518 2.75281 16974.6
25.519 2.74156 16939.9
25.52 2.72963 16902.9
25.521 2.717 16863.4
25.522 2.70364 16821.5
25.523 2.68956 16777.1
25.524 2.67473 16730.2
25.525 2.65916 16680.7
25.526 2.64282 16628.6
25.527 2.62571 16573.9
25.528 2.60783 16516.4
25.529 2.58915 16456.3
25.53 2.56968 16393.4
25.531 2.5494 16327.8
25.532 2.5283 16259.3
25.533 2.50638 16188.1
25.534 2.48363 16114
25.535 2.46005 16037
25.536 2.43562 15957.1
25.537 2.41034 15874.3
25.538 2.3842 15788.5
25.539 2.35721 15699.8
25.54 2.32934 15608
25.541 2.3006 15513.3
25.542 2.27098 15415.6
25.543 2.24048 15314.8
25.544 2.20909 15211
25.545 2.17682 15104.1
25.546 2.14364 14994.1
25.547 2.10958 14881.1
25.548 2.07461 14764.9
25.549 2.03874 14645.7
25.55 2.00196 14523.3
25.551 1.96429 14397.9
25.552 1.92572 14269.4
25.553 1.88628 14137.9
25.554 1.84599 14003.4
25.555 1.80485 13866.1
25.556 1.76289 13725.9
25.557 1.72012 13583
25.558 1.67657 13437.3
25.559 1.63225 13289.1
25.56 1.58718 13138.2
25.561 1.54137 12984.8
25.562 1.49485 12829
25.563 1.44761 12670.7
25.564 1.39967 12510
25.565 1.35104 12347
25.566 1.30173 12181.6
25.567 1.25176 12014
25.568 1.20113 11844.1
25.569 1.14986 11672
25.57 1.09796 11497.8
25.571 1.04544 11321.5
25.572 0.992308 11143.1
25.573 0.938567 10962.6
25.574 0.884223 10780.1
25.575 0.82928 10595.6
25.576 0.773744 10409
25.577 0.71762 10220.4
25.578 0.660914 10029.9
25.579 0.603632 9837.48
25.58 0.54578 9643.1
25.581 0.487367 9446.84
25.582 0.428407 9248.73
25.583 0.368916 9048.84
25.584 0.308909 8847.22
25.585 0.248404 8643.92
25.586 0.187416 8439
25.587 0.125962 8232.53
25.588 0.0640594 8024.55
25.589 0.00172573 7815.13
25.59 -0.0610216 7604.33
25.591 -0.124167 7392.2
25.592 -0.187698 7178.78
25.593 -0.251606 6964.1
25.594 -0.31588 6748.19
25.595 -0.380511 6531.09
25.596 -0.445488 6312.82
25.597 -0.5108 6093.43
25.598 -0.576437 5872.95
25.599 -0.642387 5651.4
25.6 -0.70864 5428.84
25.601 -0.775182 5205.29
25.602 -0.841994 4980.82
25.603 -0.909057 4755.5
25.604 -0.976349 4529.38
25.605 -1.04385 4302.54
25.606 -1.11154 4075.03
25.607 -1.17939 3846.94
25.608 -1.24739 3618.32
25.609 -1.31551 3389.24
25.61 -1.38374 3159.76
25.611 -1.45204 2929.96
25.612 -1.52041 2699.91
25.613 -1.58881 2469.66
25.614 -1.65722 2239.29
25.615 -1.72563 2008.87
25.616 -1.794 1778.45
25.617 -1.86233 1548.12
25.618 -1.93058 1317.93
25.619 -1.99874 1087.95
25.62 -2.06678 858.244
25.621 -2.13467 628.886
25.622 -2.20241 399.94
25.623 -2.26996 171.47
25.624 -2.3373 -56.4558
25.625 -2.40442 -283.773
25.626 -2.47129 -510.417
25.627 -2.53788 -736.322
25.628 -2.60418 -961.425
25.629 -2.67016 -1185.66
25.63 -2.73581 -1408.97
25.631 -2.80109 -1631.27
25.632 -2.86598 -1852.45
25.633 -2.93043 -2072.41
25.634 -2.99441 -2291.01
25.635 -3.05788 -2508.13
25.636 -3.1208 -2723.67
25.637 -3.18313 -2937.5
25.638 -3.24484 -3149.51
25.639 -3.30589 -3359.57
25.64 -3.36624 -3567.58
25.641 -3.42586 -3773.43
25.642 -3.48473 -3977.03
25.643 -3.54281 -4178.3
25.644 -3.60008 -4377.15
25.645 -3.65651 -4573.51
25.646 -3.71208 -4767.3
25.647 -3.76677 -4958.43
25.648 -3.82055 -5146.84
25.649 -3.87339 -5332.45
25.65 -3.92528 -5515.18
25.651 -3.97619 -5694.96
25.652 -4.02611 -5871.76
25.653 -4.07503 -6045.52
25.654 -4.12293 -6216.21
25.655 -4.16981 -6383.8
25.656 -4.21564 -6548.24
25.657 -4.26043 -6709.49
25.658 -4.30416 -6867.54
25.659 -4.34682 -7022.33
25.66 -4.3884 -7173.85
25.661 -4.42891 -7322.07
25.662 -4.46832 -7466.99
25.663 -4.50666 -7608.59
25.664 -4.54392 -7746.9
25.665 -4.5801 -7881.92
25.666 -4.61521 -8013.64
25.667 -4.64925 -8142.09
25.668 -4.68222 -8267.27
25.669 -4.71414 -8389.19
25.67 -4.74499 -8507.86
25.671 -4.77481 -8623.31
25.672 -4.80358 -8735.58
25.673 -4.83135 -8844.7
25.674 -4.8581 -8950.72
25.675 -4.88388 -9053.7
25.676 -4.90868 -9153.68
25.677 -4.93253 -9250.71
25.678 -4.95545 -9344.85
25.679 -4.97746 -9436.15
25.68 -4.99856 -9524.66
25.681 -5.01878 -9610.43
25.682 -5.03813 -9693.47
25.683 -5.0566 -9773.77
25.684 -5.0742 -9851.34
25.685 -5.09092 -9926.18
25.686 -5.10679 -9998.3
25.687 -5.12179 -10067.7
25.688 -5.13593 -10134.4
25.689 -5.14921 -10198.3
25.69 -5.16165 -10259.6
25.691 -5.17325 -10318.2
25.692 -5.18402 -10374.1
25.693 -5.19397 -10427.4
25.694 -5.20312 -10478.1
25.695 -5.21149 -10526.3
25.696 -5.21908 -10572
25.697 -5.22592 -10615.3
25.698 -5.23203 -10656.2
25.699 -5.23741 -10694.7
25.7 -5.24209 -10730.9
25.701 -5.24607 -10764.9
25.702 -5.24937 -10796.6
25.703 -5.25197 -10826
25.704 -5.25389 -10853.1
25.705 -5.25512 -10878
25.706 -5.25566 -10900.5
25.707 -5.25551 -10920.8
25.708 -5.25468 -10938.8
25.709 -5.25316 -10954.4
25.71 -5.25096 -10967.8
25.711 -5.24809 -10978.9
25.712 -5.24455 -10987.6
25.713 -5.24031 -10994.1
25.714 -5.23541 -10998.2
25.715 -5.22983 -11000.1
25.716 -5.22359 -10999.7
25.717 -5.21669 -10997
25.718 -5.20913 -10992
25.719 -5.20092 -10984.7
25.72 -5.19206 -10975.1
25.721 -5.18257 -10963.3
25.722 -5.17243 -10949.2
25.723 -5.16166 -10932.8
25.724 -5.15026 -10914.3
25.725 -5.13823 -10893.5
25.726 -5.12559 -10870.5
25.727 -5.11234 -10845.3
25.728 -5.09848 -10817.9
25.729 -5.08403 -10788.3
25.73 -5.06898 -10756.7
25.731 -5.05335 -10722.9
25.732 -5.03714 -10686.9
25.733 -5.02036 -10648.9
25.734 -5.00302 -10608.9
25.735 -4.98513 -10566.7
25.736 -4.96668 -10522.6
25.737 -4.9477 -10476.5
25.738 -4.92819 -10428.3
25.739 -4.90816 -10378.3
25.74 -4.88762 -10326.3
25.741 -4.86656 -10272.4
25.742 -4.84502 -10216.6
25.743 -4.82299 -10159
25.744 -4.80048 -10099.5
25.745 -4.7775 -10038.3
25.746 -4.75406 -9975.3
25.747 -4.73018 -9910.58
25.748 -4.70585 -9844.16
25.749 -4.6811 -9776.07
25.75 -4.65593 -9706.34
25.751 -4.63035 -9635.02
25.752 -4.60438 -9562.16
25.753 -4.57804 -9487.83
25.754 -4.55135 -9412.08
25.755 -4.52433 -9334.99
25.756 -4.497 -9256.61
25.757 -4.46937 -9177.01
25.758 -4.44147 -9096.27
25.759 -4.41332 -9014.44
25.76 -4.38492 -8931.58
25.761 -4.35632 -8847.78
25.762 -4.32752 -8763.09
25.763 -4.29854 -8677.58
25.764 -4.26941 -8591.33
25.765 -4.24014 -8504.39
25.766 -4.21076 -8416.83
25.767 -4.18128 -8328.74
25.768 -4.15172 -8240.16
25.769 -4.1221 -8151.18
25.77 -4.09245 -8061.86
25.771 -4.06277 -7972.26
25.772 -4.03309 -7882.43
25.773 -4.00341 -7792.41
25.774 -3.97375 -7702.23
25.775 -3.94411 -7611.94
25.776 -3.91451 -7521.58
25.777 -3.88495 -7431.19
25.778 -3.85546 -7340.8
25.779 -3.82603 -7250.46
25.78 -3.79668 -7160.2
25.781 -3.76742 -7070.06
25.782 -3.73827 -6980.09
25.783 -3.70922 -6890.32
25.784 -3.6803 -6800.8
25.785 -3.65151 -6711.55
25.786 -3.62286 -6622.62
25.787 -3.59437 -6534.04
25.788 -3.56604 -6445.86
25.789 -3.53789 -6358.11
25.79 -3.50992 -6270.83
25.791 -3.48215 -6184.06
25.792 -3.45458 -6097.84
25.793 -3.42723 -6012.19
25.794 -3.4001 -5927.17
25.795 -3.37321 -5842.8
25.796 -3.34656 -5759.12
25.797 -3.32016 -5676.16
25.798 -3.29403 -5593.97
25.799 -3.26818 -5512.57
25.8 -3.2426 -5432
25.801 -3.21732 -5352.29
25.802 -3.19233 -5273.45
25.803 -3.16763 -5195.48
25.804 -3.14322 -5118.39
25.805 -3.11911 -5042.18
25.806 -3.09529 -4966.86
25.807 -3.07176 -4892.42
25.808 -3.04853 -4818.86
25.809 -3.02559 -4746.2
25.81 -3.00294 -4674.43
25.811 -2.98058 -4603.55
25.812 -2.95852 -4533.56
25.813 -2.93675 -4464.46
25.814 -2.91526 -4396.26
25.815 -2.89407 -4328.94
25.816 -2.87316 -4262.52
25.817 -2.85254 -4196.99
25.818 -2.83221 -4132.35
25.819 -2.81217 -4068.59
25.82 -2.7924 -4005.72
25.821 -2.77292 -3943.72
25.822 -2.75372 -3882.61
25.823 -2.7348 -3822.36
25.824 -2.71616 -3762.99
25.825 -2.69779 -3704.47
25.826 -2.6797 -3646.82
25.827 -2.66187 -3590.03
25.828 -2.64432 -3534.08
25.829 -2.62704 -3478.98
25.83 -2.61002 -3424.72
25.831 -2.59326 -3371.28
25.832 -2.57676 -3318.67
25.833 -2.56052 -3266.88
25.834 -2.54454 -3215.89
25.835 -2.52881 -3165.71
25.836 -2.51332 -3116.32
25.837 -2.49809 -3067.71
25.838 -2.4831 -3019.88
25.839 -2.46834 -2972.81
25.84 -2.45383 -2926.5
25.841 -2.43955 -2880.95
25.842 -2.42551 -2836.15
25.843 -2.41172 -2792.15
25.844 -2.39817 -2748.94
25.845 -2.38488 -2706.56
25.846 -2.37185 -2665.01
25.847 -2.35909 -2624.32
25.848 -2.34659 -2584.5
25.849 -2.33437 -2545.57
25.85 -2.32242 -2507.54
25.851 -2.31076 -2470.43
25.852 -2.29939 -2434.26
25.853 -2.2883 -2399.04
25.854 -2.27751 -2364.78
25.855 -2.26703 -2331.51
25.856 -2.25684 -2299.22
25.857 -2.24696 -2267.94
25.858 -2.23739 -2237.68
25.859 -2.22813 -2208.45
25.86 -2.21919 -2180.26
25.861 -2.21057 -2153.12
25.862 -2.20228 -2127.05
25.863 -2.19431 -2102.06
25.864 -2.18667 -2078.15
25.865 -2.17936 -2055.34
25.866 -2.17238 -2033.63
25.867 -2.16574 -2013.04
25.868 -2.15943 -1993.57
25.869 -2.15347 -1975.22
25.87 -2.14785 -1958.01
25.871 -2.14257 -1941.94
25.872 -2.13763 -1926.99
25.873 -2.13302 -1913.13
25.874 -2.12873 -1900.35
25.875 -2.12476 -1888.61
25.876 -2.12109 -1877.9
25.877 -2.11771 -1868.19
25.878 -2.11463 -1859.46
25.879 -2.11184 -1851.67
25.88 -2.10933 -1844.8
25.881 -2.10708 -1838.82
25.882 -2.10509 -1833.68
25.883 -2.10332 -1829.31
25.884 -2.10178 -1825.68
25.885 -2.10043 -1822.71
25.886 -2.09927 -1820.35
25.887 -2.09827 -1818.54
25.888 -2.09742 -1817.23
25.889 -2.0967 -1816.36
25.89 -2.0961 -1815.87
25.891 -2.09559 -1815.7
25.892 -2.09517 -1815.83
25.893 -2.09482 -1816.22
25.894 -2.09455 -1816.84
25.895 -2.09434 -1817.67
25.896 -2.09418 -1818.67
25.897 -2.09406 -1819.82
25.898 -2.09398 -1821.08
25.899 -2.09392 -1822.43
25.9 -2.09388 -1823.84
25.901 -2.09385 -1825.28
25.902 -2.09383 -1826.74
25.903 -2.09382 -1828.24
25.904 -2.09381 -1829.76
25.905 -2.09381 -1831.3
25.906 -2.09382 -1832.87
25.907 -2.09384 -1834.47
25.908 -2.09386 -1836.09
25.909 -2.09389 -1837.73
25.91 -2.09393 -1839.39
25.911 -2.09397 -1841.08
25.912 -2.09403 -1842.79
25.913 -2.09408 -1844.53
25.914 -2.09415 -1846.28
25.915 -2.09422 -1848.06
25.916 -2.09429 -1849.86
25.917 -2.09438 -1851.68
25.918 -2.09446 -1853.52
25.919 -2.09456 -1855.37
25.92 -2.09466 -1857.25
25.921 -2.09476 -1859.15
25.922 -2.09488 -1861.1
25.923 -2.09503 -1863.12
25.924 -2.0952 -1865.24
25.925 -2.09542 -1867.51
25.926 -2.09568 -1869.93
25.927 -2.09599 -1872.54
25.928 -2.09638 -1875.37
25.929 -2.09683 -1878.45
25.93 -2.09737 -1881.8
25.931 -2.098 -1885.45
25.932 -2.09872 -1889.44
25.933 -2.09955 -1893.78
25.934 -2.1005 -1898.5
25.935 -2.10156 -1903.64
25.936 -2.10276 -1909.22
25.937 -2.1041 -1915.27
25.938 -2.10558 -1921.81
25.939 -2.10721 -1928.87
25.94 -2.10901 -1936.48
25.941 -2.11097 -1944.65
25.942 -2.1131 -1953.39
25.943 -2.1154 -1962.7
25.944 -2.11787 -1972.57
25.945 -2.12048 -1983
25.946 -2.12327 -1993.97
25.947 -2.12622 -2005.5
25.948 -2.12933 -2017.57
25.949 -2.1326 -2030.18
25.95 -2.13602 -2043.32
25.951 -2.1396 -2056.98
25.952 -2.14332 -2071.13
25.953 -2.14717 -2085.74
25.954 -2.15115 -2100.77
25.955 -2.15524 -2116.19
25.956 -2.15943 -2131.96
25.957 -2.16371 -2148.04
25.958 -2.16807 -2164.4
25.959 -2.17251 -2181
25.96 -2.177 -2197.81
25.961 -2.18153 -2214.79
25.962 -2.18609 -2231.86
25.963 -2.19067 -2248.98
25.964 -2.19523 -2266.08
25.965 -2.19976 -2283.08
25.966 -2.20424 -2299.92
25.967 -2.20865 -2316.55
25.968 -2.21298 -2332.88
25.969 -2.2172 -2348.87
25.97 -2.22129 -2364.44
25.971 -2.22523 -2379.53
25.972 -2.22903 -2394.11
25.973 -2.23265 -2408.14
25.974 -2.2361 -2421.58
25.975 -2.23936 -2434.41
25.976 -2.24243 -2446.58
25.977 -2.24528 -2458.06
25.978 -2.24793 -2468.83
25.979 -2.25036 -2478.84
25.98 -2.25254 -2488.07
25.981 -2.25448 -2496.48
25.982 -2.25617 -2504.08
25.983 -2.25762 -2510.85
25.984 -2.25882 -2516.79
25.985 -2.25977 -2521.91
25.986 -2.26048 -2526.2
25.987 -2.26094 -2529.67
25.988 -2.26115 -2532.3
25.989 -2.26112 -2534.1
25.99 -2.26084 -2535.08
25.991 -2.26031 -2535.23
25.992 -2.25955 -2534.58
25.993 -2.25856 -2533.17
25.994 -2.25735 -2531.02
25.995 -2.25593 -2528.15
25.996 -2.25432 -2524.62
25.997 -2.25251 -2520.43
25.998 -2.25052 -2515.64
25.999 -2.24836 -2510.27
26 -2.24604 -2504.34
26.001 -2.24357 -2497.91
26.002 -2.24096 -2491.03
26.003 -2.23824 -2483.75
26.004 -2.23543 -2476.14
26.005 -2.23254 -2468.27
26.006 -2.22958 -2460.19
26.007 -2.22659 -2451.97
26.008 -2.22358 -2443.66
26.009 -2.22056 -2435.34
26.01 -2.21756 -2427.07
26.011 -2.21459 -2418.89
26.012 -2.21167 -2410.85
26.013 -2.2088 -2402.99
26.014 -2.20599 -2395.33
26.015 -2.20325 -2387.91
26.016 -2.2006 -2380.76
26.017 -2.19803 -2373.91
26.018 -2.19557 -2367.4
26.019 -2.19322 -2361.25
26.02 -2.19099 -2355.51
26.021 -2.18889 -2350.18
26.022 -2.18692 -2345.29
26.023 -2.18508 -2340.84
26.024 -2.18337 -2336.82
26.025 -2.18179 -2333.25
26.026 -2.18035 -2330.11
26.027 -2.17903 -2327.42
26.028 -2.17785 -2325.17
26.029 -2.1768 -2323.36
26.03 -2.17589 -2322
26.031 -2.1751 -2321.07
26.032 -2.17444 -2320.56
26.033 -2.1739 -2320.44
26.034 -2.17346 -2320.68
26.035 -2.17312 -2321.25
26.036 -2.17287 -2322.11
26.037 -2.1727 -2323.25
26.038 -2.1726 -2324.63
26.039 -2.17257 -2326.22
26.04 -2.17259 -2327.99
26.041 -2.17265 -2329.92
26.042 -2.17276 -2332
26.043 -2.17292 -2334.23
26.044 -2.17311 -2336.6
26.045 -2.17336 -2339.13
26.046 -2.17364 -2341.8
26.047 -2.17398 -2344.62
26.048 -2.17435 -2347.59
26.049 -2.17477 -2350.7
26.05 -2.17522 -2353.96
26.051 -2.17572 -2357.35
26.052 -2.17625 -2360.86
26.053 -2.17681 -2364.44
26.054 -2.17738 -2368.08
26.055 -2.17795 -2371.73
26.056 -2.17853 -2375.38
26.057 -2.17909 -2378.98
26.058 -2.17963 -2382.52
26.059 -2.18013 -2385.95
26.06 -2.1806 -2389.25
26.061 -2.18103 -2392.41
26.062 -2.18141 -2395.43
26.063 -2.18176 -2398.35
26.064 -2.18209 -2401.19
26.065 -2.18241 -2403.98
26.066 -2.18272 -2406.75
26.067 -2.18303 -2409.53
26.068 -2.18335 -2412.35
26.069 -2.18369 -2415.23
26.07 -2.18406 -2418.2
26.071 -2.18447 -2421.3
26.072 -2.18492 -2424.55
26.073 -2.18542 -2427.97
26.074 -2.18599 -2431.61
26.075 -2.18662 -2435.48
26.076 -2.18733 -2439.61
26.077 -2.18813 -2444.03
26.078 -2.18902 -2448.76
26.079 -2.19001 -2453.84
26.08 -2.19111 -2459.3
26.081 -2.19233 -2465.15
26.082 -2.19368 -2471.43
26.083 -2.19516 -2478.16
26.084 -2.19678 -2485.37
26.085 -2.19855 -2493.09
26.086 -2.20048 -2501.33
26.087 -2.20257 -2510.14
26.088 -2.20483 -2519.53
26.089 -2.20728 -2529.53
26.09 -2.20989 -2540.16
26.091 -2.21271 -2551.44
26.092 -2.21574 -2563.41
26.093 -2.21897 -2576.09
26.094 -2.22241 -2589.5
26.095 -2.22608 -2603.66
26.096 -2.22998 -2618.6
26.097 -2.23411 -2634.33
26.098 -2.23849 -2650.9
26.099 -2.24311 -2668.3
26.1 -2.24799 -2686.58
26.101 -2.25312 -2705.74
26.102 -2.25853 -2725.81
26.103 -2.2642 -2746.81
26.104 -2.27016 -2768.76
26.105 -2.2764 -2791.68
26.106 -2.28293 -2815.59
26.107 -2.28975 -2840.5
26.108 -2.29687 -2866.45
26.109 -2.3043 -2893.43
26.11 -2.31204 -2921.49
26.111 -2.3201 -2950.6
26.112 -2.32845 -2980.76
26.113 -2.33709 -3011.91
26.114 -2.34601 -3044.01
26.115 -2.3552 -3077.03
26.116 -2.36463 -3110.91
26.117 -2.3743 -3145.62
26.118 -2.3842 -3181.1
26.119 -2.39431 -3217.32
26.12 -2.40461 -3254.23
26.121 -2.4151 -3291.78
26.122 -2.42575 -3329.9
26.123 -2.43654 -3368.52
26.124 -2.44744 -3407.57
26.125 -2.45844 -3446.96
26.126 -2.46951 -3486.62
26.127 -2.48064 -3526.49
26.128 -2.49178 -3566.47
26.129 -2.50294 -3606.51
26.13 -2.51407 -3646.51
26.131 -2.52517 -3686.42
26.132 -2.53621 -3726.15
26.133 -2.54716 -3765.63
26.134 -2.558 -3804.79
26.135 -2.56872 -3843.54
26.136 -2.57928 -3881.83
26.137 -2.58968 -3919.56
26.138 -2.59988 -3956.68
26.139 -2.60986 -3993.1
26.14 -2.61961 -4028.76
26.141 -2.6291 -4063.58
26.142 -2.63832 -4097.52
26.143 -2.64726 -4130.54
26.144 -2.6559 -4162.59
26.145 -2.66423 -4193.64
26.146 -2.67224 -4223.63
26.147 -2.67993 -4252.54
26.148 -2.68726 -4280.31
26.149 -2.69425 -4306.92
26.15 -2.70087 -4332.32
26.151 -2.70711 -4356.48
26.152 -2.71297 -4379.38
26.153 -2.71845 -4401.02
26.154 -2.72355 -4421.39
26.155 -2.72826 -4440.48
26.156 -2.73259 -4458.28
26.157 -2.73653 -4474.79
26.158 -2.74008 -4490
26.159 -2.74323 -4503.91
26.16 -2.746 -4516.52
26.161 -2.74838 -4527.83
26.162 -2.7504 -4537.89
26.163 -2.75204 -4546.74
26.164 -2.75334 -4554.46
26.165 -2.75431 -4561.08
26.166 -2.75498 -4566.68
26.167 -2.75536 -4571.3
26.168 -2.75547 -4575.01
26.169 -2.75532 -4577.86
26.17 -2.75494 -4579.92
26.171 -2.75434 -4581.24
26.172 -2.75353 -4581.87
26.173 -2.75253 -4581.89
26.174 -2.75139 -4581.35
26.175 -2.75009 -4580.3
26.176 -2.74866 -4578.82
26.177 -2.74711 -4576.95
26.178 -2.74547 -4574.76
26.179 -2.74376 -4572.31
26.18 -2.74199 -4569.66
26.181 -2.74018 -4566.85
26.182 -2.73832 -4563.91
26.183 -2.73643 -4560.82
26.184 -2.7345 -4557.61
26.185 -2.73253 -4554.26
26.186 -2.73053 -4550.79
26.187 -2.72848 -4547.18
26.188 -2.72641 -4543.45
26.189 -2.7243 -4539.59
26.19 -2.72215 -4535.61
26.191 -2.71997 -4531.51
26.192 -2.71775 -4527.26
26.193 -2.71548 -4522.83
26.194 -2.71315 -4518.21
26.195 -2.71075 -4513.36
26.196 -2.70829 -4508.25
26.197 -2.70574 -4502.87
26.198 -2.7031 -4497.18
26.199 -2.70037 -4491.16
26.2 -2.69754 -4484.79
26.201 -2.69459 -4478.03
26.202 -2.69154 -4470.9
26.203 -2.68837 -4463.39
26.204 -2.6851 -4455.5
26.205 -2.68173 -4447.25
26.206 -2.67824 -4438.64
26.207 -2.67466 -4429.66
26.208 -2.67097 -4420.33
26.209 -2.66718 -4410.65
26.21 -2.66329 -4400.63
26.211 -2.65933 -4390.26
26.212 -2.65525 -4379.56
26.213 -2.65107 -4368.53
26.214 -2.6468 -4357.18
26.215 -2.64245 -4345.5
26.216 -2.638 -4333.51
26.217 -2.63346 -4321.21
26.218 -2.62884 -4308.61
26.219 -2.62414 -4295.71
26.22 -2.61935 -4282.52
26.221 -2.61449 -4269.06
26.222 -2.60956 -4255.35
26.223 -2.60456 -4241.43
26.224 -2.59952 -4227.33
26.225 -2.59445 -4213.09
26.226 -2.58934 -4198.74
26.227 -2.58422 -4184.33
26.228 -2.5791 -4169.87
26.229 -2.57398 -4155.43
26.23 -2.56888 -4141.02
26.231 -2.5638 -4126.68
26.232 -2.55876 -4112.45
26.233 -2.55377 -4098.37
26.234 -2.54883 -4084.47
26.235 -2.54397 -4070.79
26.236 -2.53918 -4057.36
26.237 -2.53448 -4044.22
26.238 -2.52989 -4031.39
26.239 -2.5254 -4018.93
26.24 -2.52103 -4006.85
26.241 -2.5168 -3995.2
26.242 -2.5127 -3984.01
26.243 -2.50876 -3973.32
26.244 -2.50497 -3963.16
26.245 -2.50134 -3953.55
26.246 -2.49791 -3944.55
26.247 -2.49467 -3936.17
26.248 -2.49162 -3928.46
26.249 -2.48879 -3921.43
26.25 -2.48617 -3915.14
26.251 -2.48378 -3909.59
26.252 -2.48161 -3904.76
26.253 -2.47964 -3900.65
26.254 -2.47788 -3897.2
26.255 -2.47632 -3894.41
26.256 -2.47494 -3892.24
26.257 -2.47374 -3890.66
26.258 -2.4727 -3889.65
26.259 -2.47183 -3889.17
26.26 -2.47109 -3889.19
26.261 -2.47053 -3889.7
26.262 -2.47008 -3890.65
26.263 -2.46976 -3892.02
26.264 -2.46955 -3893.77
26.265 -2.46945 -3895.89
26.266 -2.46945 -3898.33
26.267 -2.46953 -3901.07
26.268 -2.4697 -3904.08
26.269 -2.46994 -3907.33
26.27 -2.47024 -3910.79
26.271 -2.47058 -3914.41
26.272 -2.47095 -3918.12
26.273 -2.47132 -3921.83
26.274 -2.47167 -3925.44
26.275 -2.47196 -3928.88
26.276 -2.47217 -3932.06
26.277 -2.47228 -3934.87
26.278 -2.47225 -3937.24
26.279 -2.47206 -3939.08
26.28 -2.47169 -3940.3
26.281 -2.47112 -3940.83
26.282 -2.47032 -3940.62
26.283 -2.4693 -3939.65
26.284 -2.46805 -3937.88
26.285 -2.46655 -3935.3
26.286 -2.4648 -3931.87
26.287 -2.46279 -3927.56
26.288 -2.46052 -3922.35
26.289 -2.45797 -3916.22
26.29 -2.45514 -3909.13
26.291 -2.45203 -3901.07
26.292 -2.44863 -3892.04
26.293 -2.44494 -3882.04
26.294 -2.44099 -3871.08
26.295 -2.43674 -3859.16
26.296 -2.43221 -3846.3
26.297 -2.42741 -3832.48
26.298 -2.42232 -3817.73
26.299 -2.41697 -3802.04
26.3 -2.41135 -3785.43
26.301 -2.40545 -3767.91
26.302 -2.3993 -3749.47
26.303 -2.39288 -3730.14
26.304 -2.3862 -3709.92
26.305 -2.37926 -3688.82
26.306 -2.37207 -3666.84
26.307 -2.36463 -3644.01
26.308 -2.35695 -3620.33
26.309 -2.34902 -3595.81
26.31 -2.34085 -3570.46
26.311 -2.33244 -3544.31
26.312 -2.32382 -3517.37
26.313 -2.31498 -3489.7
26.314 -2.30594 -3461.34
26.315 -2.29671 -3432.33
26.316 -2.28731 -3402.71
26.317 -2.27775 -3372.53
26.318 -2.26804 -3341.82
26.319 -2.25819 -3310.64
26.32 -2.24823 -3279.02
26.321 -2.23814 -3246.98
26.322 -2.22794 -3214.54
26.323 -2.21763 -3181.68
26.324 -2.20718 -3148.37
26.325 -2.19662 -3114.61
26.326 -2.18591 -3080.38
26.327 -2.17508 -3045.67
26.328 -2.1641 -3010.46
26.329 -2.15298 -2974.74
26.33 -2.1417 -2938.49
26.331 -2.13028 -2901.71
26.332 -2.1187 -2864.38
26.333 -2.10695 -2826.48
26.334 -2.09505 -2788
26.335 -2.08297 -2748.94
26.336 -2.07072 -2709.27
26.337 -2.0583 -2668.99
26.338 -2.0457 -2628.08
26.339 -2.03292 -2586.53
26.34 -2.01995 -2544.34
26.341 -2.0068 -2501.48
26.342 -1.99345 -2457.96
26.343 -1.9799 -2413.75
26.344 -1.96616 -2368.86
26.345 -1.95222 -2323.26
26.346 -1.93807 -2276.96
26.347 -1.92372 -2229.93
26.348 -1.90916 -2182.18
26.349 -1.89439 -2133.69
26.35 -1.8794 -2084.46
26.351 -1.8642 -2034.47
26.352 -1.84878 -1983.72
26.353 -1.83313 -1932.2
26.354 -1.81727 -1879.91
26.355 -1.80118 -1826.84
26.356 -1.78486 -1772.97
26.357 -1.76831 -1718.32
26.358 -1.75153 -1662.87
26.359 -1.73452 -1606.61
26.36 -1.71728 -1549.54
26.361 -1.69981 -1491.66
26.362 -1.6821 -1432.99
26.363 -1.66418 -1373.55
26.364 -1.64604 -1313.38
26.365 -1.6277 -1252.49
26.366 -1.60916 -1190.92
26.367 -1.59043 -1128.69
26.368 -1.57152 -1065.82
26.369 -1.55244 -1002.34
26.37 -1.53318 -938.286
26.371 -1.51377 -873.677
26.372 -1.49422 -808.541
26.373 -1.47451 -742.908
26.374 -1.45468 -676.804
26.375 -1.43472 -610.257
26.376 -1.41464 -543.297
26.377 -1.39446 -475.951
26.378 -1.37417 -408.249
26.379 -1.35379 -340.219
26.38 -1.33333 -271.891
26.381 -1.3128 -203.299
26.382 -1.2922 -134.495
26.383 -1.27157 -65.5378
26.384 -1.25091 3.51583
26.385 -1.23025 72.6072
26.386 -1.2096 141.678
26.387 -1.18897 210.67
26.388 -1.16839 279.526
26.389 -1.14787 348.185
26.39 -1.12744 416.592
26.391 -1.10709 484.694
26.392 -1.08685 552.457
26.393 -1.06673 619.851
26.394 -1.04672 686.85
26.395 -1.02684 753.425
26.396 -1.0071 819.55
26.397 -0.98751 885.196
26.398 -0.96807 950.338
26.399 -0.948791 1014.95
26.4 -0.929681 1079
26.401 -0.910745 1142.47
26.402 -0.891985 1205.36
26.403 -0.8734 1267.67
26.404 -0.854988 1329.4
26.405 -0.836748 1390.56
26.406 -0.818679 1451.15
26.407 -0.80078 1511.18
26.408 -0.783049 1570.65
26.409 -0.765484 1629.56
26.41 -0.748085 1687.93
26.411 -0.73085 1745.75
26.412 -0.713776 1803.03
26.413 -0.696863 1859.78
26.414 -0.680108 1916
26.415 -0.663509 1971.7
26.416 -0.647064 2026.89
26.417 -0.630772 2081.56
26.418 -0.61463 2135.73
26.419 -0.598636 2189.41
26.42 -0.582789 2242.6
26.421 -0.567085 2295.3
26.422 -0.551523 2347.54
26.423 -0.536101 2399.31
26.424 -0.520816 2450.62
26.425 -0.505665 2501.48
26.426 -0.490646 2551.9
26.427 -0.475756 2601.89
26.428 -0.460994 2651.46
26.429 -0.446355 2700.6
26.43 -0.431837 2749.34
26.431 -0.417436 2797.69
26.432 -0.403142 2845.68
26.433 -0.388944 2893.35
26.434 -0.37483 2940.74
26.435 -0.360789 2987.89
26.436 -0.346808 3034.83
26.437 -0.332878 3081.61
26.438 -0.318984 3128.27
26.439 -0.305117 3174.83
26.44 -0.291264 3221.35
26.441 -0.277413 3267.86
26.442 -0.263554 3314.4
26.443 -0.249673 3361
26.444 -0.235761 3407.72
26.445 -0.221805 3454.58
26.446 -0.207793 3501.63
26.447 -0.193715 3548.91
26.448 -0.179559 3596.44
26.449 -0.165312 3644.28
26.45 -0.150965 3692.46
26.451 -0.136509 3741
26.452 -0.121947 3789.9
26.453 -0.107284 3839.14
26.454 -0.0925265 3888.69
26.455 -0.0776812 3938.54
26.456 -0.0627542 3988.66
26.457 -0.0477519 4039.03
26.458 -0.0326804 4089.63
26.459 -0.0175464 4140.45
26.46 -0.00235599 4191.45
26.461 0.0128843 4242.62
26.462 0.0281683 4293.94
26.463 0.0434894 4345.38
26.464 0.0588415 4396.92
26.465 0.074218 4448.55
26.466 0.0896124 4500.23
26.467 0.105018 4551.95
26.468 0.120429 4603.69
26.469 0.135839 4655.42
26.47 0.15124 4707.12
26.471 0.166627 4758.78
26.472 0.181993 4810.36
26.473 0.197332 4861.86
26.474 0.212637 4913.24
26.475 0.227902 4964.48
26.476 0.243121 5015.57
26.477 0.258287 5066.48
26.478 0.273394 5117.2
26.479 0.288435 5167.69
26.48 0.303405 5217.94
26.481 0.318295 5267.92
26.482 0.333092 5317.59
26.483 0.347782 5366.9
26.484 0.362348 5415.8
26.485 0.376778 5464.24
26.486 0.391055 5512.17
26.487 0.405166 5559.55
26.488 0.419096 5606.31
26.489 0.43283 5652.42
26.49 0.446355 5697.83
26.491 0.459658 5742.49
26.492 0.472732 5786.38
26.493 0.485571 5829.48
26.494 0.498169 5871.78
26.495 0.510523 5913.26
26.496 0.522626 5953.9
26.497 0.534473 5993.68
26.498 0.546061 6032.6
26.499 0.557384 6070.62
26.5 0.568438 6107.75
26.501 0.57922 6143.96
26.502 0.589733 6179.27
26.503 0.599981 6213.69
26.504 0.609969 6247.25
26.505 0.619701 6279.94
26.506 0.629183 6311.79
26.507 0.638418 6342.83
26.508 0.647413 6373.05
26.509 0.656171 6402.49
26.51 0.664699 6431.15
26.511 0.673003 6459.06
26.512 0.681096 6486.27
26.513 0.688992 6512.82
26.514 0.696706 6538.76
26.515 0.70425 6564.13
26.516 0.711641 6588.98
26.517 0.718892 6613.37
26.518 0.726017 6637.34
26.519 0.733031 6660.93
26.52 0.739949 6684.21
26.521 0.746783 6707.21
26.522 0.753541 6729.95
26.523 0.760229 6752.46
26.524 0.766852 6774.76
26.525 0.773418 6796.87
26.526 0.779932 6818.8
26.527 0.7864 6840.58
26.528 0.792828 6862.22
26.529 0.799222 6883.76
26.53 0.805588 6905.2
26.531 0.81193 6926.56
26.532 0.818247 6947.85
26.533 0.824537 6969.04
26.534 0.830797 6990.14
26.535 0.837025 7011.13
26.536 0.843217 7032
26.537 0.849372 7052.75
26.538 0.855487 7073.37
26.539 0.861559 7093.84
26.54 0.867586 7114.17
26.541 0.873565 7134.33
26.542 0.879495 7154.33
26.543 0.885371 7174.16
26.544 0.891193 7193.8
26.545 0.896956 7213.26
26.546 0.90266 7232.51
26.547 0.908301 7251.56
26.548 0.913877 7270.39
26.549 0.919387 7289
26.55 0.924828 7307.38
26.551 0.930197 7325.53
26.552 0.935493 7343.42
26.553 0.940713 7361.07
26.554 0.945855 7378.46
26.555 0.950917 7395.58
26.556 0.955897 7412.42
26.557 0.960793 7428.99
26.558 0.965602 7445.27
26.559 0.970324 7461.26
26.56 0.974955 7476.94
26.561 0.979494 7492.32
26.562 0.983939 7507.39
26.563 0.988289 7522.14
26.564 0.992542 7536.57
26.565 0.996696 7550.66
26.566 1.00075 7564.42
26.567 1.0047 7577.83
26.568 1.00855 7590.9
26.569 1.01229 7603.62
26.57 1.01592 7615.98
26.571 1.01945 7627.99
26.572 1.02288 7639.66
26.573 1.02621 7651.01
26.574 1.02945 7662.08
26.575 1.03262 7672.88
26.576 1.03572 7683.45
26.577 1.03875 7693.8
26.578 1.04172 7703.96
26.579 1.04467 7713.96
26.58 1.04755 7723.82
26.581 1.0504 7733.57
26.582 1.05324 7743.27
26.583 1.05607 7752.96
26.584 1.05891 7762.7
26.585 1.06179 7772.55
26.586 1.06472 7782.55
26.587 1.06769 7792.77
26.588 1.07075 7803.25
26.589 1.07391 7814.06
26.59 1.07719 7825.23
26.591 1.08059 7836.84
26.592 1.08413 7848.93
26.593 1.08783 7861.55
26.594 1.0917 7874.76
26.595 1.09577 7888.61
26.596 1.10004 7903.15
26.597 1.10453 7918.44
26.598 1.10926 7934.52
26.599 1.11424 7951.45
26.6 1.11949 7969.27
26.601 1.12502 7988.05
26.602 1.13086 8007.86
26.603 1.13702 8028.77
26.604 1.14354 8050.87
26.605 1.15043 8074.23
26.606 1.15772 8098.93
26.607 1.16543 8125.04
26.608 1.17359 8152.64
26.609 1.18221 8181.81
26.61 1.19131 8212.63
26.611 1.20092 8245.14
26.612 1.21105 8279.38
26.613 1.22169 8315.36
26.614 1.23286 8353.09
26.615 1.24455 8392.6
26.616 1.25676 8433.88
26.617 1.26951 8476.96
26.618 1.2828 8521.83
26.619 1.29662 8568.52
26.62 1.31097 8617.02
26.621 1.32588 8667.35
26.622 1.34132 8719.52
26.623 1.35731 8773.52
26.624 1.37384 8829.37
26.625 1.39092 8887.06
26.626 1.40856 8946.61
26.627 1.42674 9008.02
26.628 1.44547 9071.28
26.629 1.46474 9136.41
26.63 1.48457 9203.39
26.631 1.50495 9272.23
26.632 1.52587 9342.9
26.633 1.54731 9415.38
26.634 1.56928 9489.62
26.635 1.59176 9565.59
26.636 1.61474 9643.27
26.637 1.63821 9722.63
26.638 1.66217 9803.61
26.639 1.68659 9886.2
26.64 1.71147 9970.35
26.641 1.73679 10056
26.642 1.76256 10143.2
26.643 1.78874 10231.8
26.644 1.81534 10321.9
26.645 1.84234 10413.3
26.646 1.86973 10506.1
26.647 1.89749 10600.2
26.648 1.92562 10695.5
26.649 1.9541 10792
26.65 1.98291 10889.8
26.651 2.01206 10988.6
26.652 2.04152 11088.6
26.653 2.0713 11189.8
26.654 2.1014 11292
26.655 2.1318 11395.2
26.656 2.1625 11499.6
26.657 2.1935 11605
26.658 2.22479 11711.5
26.659 2.25636 11818.9
26.66 2.28822 11927.4
26.661 2.32035 12036.9
26.662 2.35276 12147.4
26.663 2.38546 12258.9
26.664 2.41843 12371.4
26.665 2.45169 12485
26.666 2.48524 12599.6
26.667 2.51908 12715.2
26.668 2.55321 12831.9
26.669 2.58763 12949.7
26.67 2.62235 13068.6
26.671 2.65737 13188.6
26.672 2.69267 13309.6
26.673 2.72826 13431.7
26.674 2.76412 13554.9
26.675 2.80024 13679
26.676 2.83663 13804.1
26.677 2.87327 13930.1
26.678 2.91015 14057.1
26.679 2.94726 14185.1
26.68 2.9846 14313.9
26.681 3.02215 14443.5
26.682 3.05991 14574
26.683 3.09788 14705.3
26.684 3.13603 14837.4
26.685 3.17437 14970.3
26.686 3.21287 15103.8
26.687 3.25155 15238.1
26.688 3.29037 15373.1
26.689 3.32934 15508.7
26.69 3.36845 15645
26.691 3.40768 15781.8
26.692 3.44701 15919.2
26.693 3.48644 16057.1
26.694 3.52594 16195.4
26.695 3.56549 16334.1
26.696 3.60507 16473.1
26.697 3.64467 16612.3
26.698 3.68426 16751.8
26.699 3.72384 16891.4
26.7 3.76337 17031.1
26.701 3.80285 17170.8
26.702 3.84223 17310.4
26.703 3.88148 17449.8
26.704 3.92057 17588.9
26.705 3.95945 17727.6
26.706 3.9981 17865.7
26.707 4.03648 18003.2
26.708 4.07456 18139.9
26.709 4.1123 18275.7
26.71 4.14966 18410.5
26.711 4.18662 18544.2
26.712 4.22312 18676.7
26.713 4.25913 18807.8
26.714 4.29461 18937.3
26.715 4.32951 19065.2
26.716 4.3638 19191.3
26.717 4.39743 19315.4
26.718 4.43036 19437.5
26.719 4.46256 19557.4
26.72 4.49398 19674.9
26.721 4.52458 19790
26.722 4.55433 19902.4
26.723 4.5832 20012.2
26.724 4.61113 20119
26.725 4.6381 20222.9
26.726 4.66407 20323.7
26.727 4.689 20421.2
26.728 4.71286 20515.3
26.729 4.73562 20606
26.73 4.75724 20693.1
26.731 4.77769 20776.5
26.732 4.79694 20856
26.733 4.81498 20931.7
26.734 4.83177 21003.4
26.735 4.84731 21071.1
26.736 4.86156 21134.5
26.737 4.87451 21193.8
26.738 4.88614 21248.8
26.739 4.89643 21299.4
26.74 4.90535 21345.6
26.741 4.9129 21387.3
26.742 4.91907 21424.4
26.743 4.92384 21456.9
26.744 4.92722 21484.8
26.745 4.92918 21508.1
26.746 4.92974 21526.6
26.747 4.92887 21540.4
26.748 4.92661 21549.5
26.749 4.92289 21553.8
26.75 4.91774 21553.2
26.751 4.91116 21547.8
26.752 4.90318 21537.5
26.753 4.89376 21522.4
26.754 4.88294 21502.5
26.755 4.87071 21477.7
26.756 4.85709 21448.1
26.757 4.84209 21413.7
26.758 4.82571 21374.5
26.759 4.80797 21330.6
26.76 4.78887 21282
26.761 4.76843 21228.7
26.762 4.74666 21170.7
26.763 4.72357 21108
26.764 4.69917 21040.8
26.765 4.67348 20968.9
26.766 4.6465 20892.6
26.767 4.61826 20811.7
26.768 4.58877 20726.4
26.769 4.55804 20636.6
26.77 4.52608 20542.5
26.771 4.49292 20444
26.772 4.45855 20341.2
26.773 4.42299 20234.1
26.774 4.38624 20122.7
26.775 4.34831 20007.1
26.776 4.30922 19887.2
26.777 4.26896 19763.1
26.778 4.22755 19634.9
26.779 4.18499 19502.5
26.78 4.14131 19366
26.781 4.0965 19225.4
26.782 4.05058 19080.7
26.783 4.00355 18932
26.784 3.95544 18779.3
26.785 3.90625 18622.7
26.786 3.85599 18462.2
26.787 3.80468 18297.9
26.788 3.75232 18129.7
26.789 3.69894 17957.7
26.79 3.64454 17782.1
26.791 3.58913 17602.7
26.792 3.53272 17419.7
26.793 3.47533 17233.1
26.794 3.41694 17042.8
26.795 3.35758 16849
26.796 3.29724 16651.6
26.797 3.23593 16450.6
26.798 3.17366 16246.2
26.799 3.11043 16038.3
26.8 3.04626 15826.9
26.801 2.98116 15612.2
26.802 2.91514 15394.1
26.803 2.84824 15172.8
26.804 2.78047 14948.4
26.805 2.71187 14721
26.806 2.64246 14490.7
26.807 2.57227 14257.5
26.808 2.50133 14021.5
26.809 2.42966 13783
26.81 2.3573 13541.9
26.811 2.28426 13298.4
26.812 2.21058 13052.6
26.813 2.13629 12804.5
26.814 2.06141 12554.4
26.815 1.98598 12302.2
26.816 1.91002 12048.2
26.817 1.83356 11792.4
26.818 1.75663 11534.9
26.819 1.67927 11275.8
26.82 1.6015 11015.2
26.821 1.52336 10753.4
26.822 1.44489 10490.3
26.823 1.36614 10226.2
26.824 1.28715 9961.34
26.825 1.20798 9695.77
26.826 1.12867 9429.7
26.827 1.04928 9163.3
26.828 0.96985 8896.75
26.829 0.890429 8630.2
26.83 0.811068 8363.84
26.831 0.731813 8097.82
26.832 0.652708 7832.3
26.833 0.573792 7567.41
26.834 0.495106 7303.29
26.835 0.41669 7040.08
26.836 0.338586 6777.92
26.837 0.260832 6516.95
26.838 0.18347 6257.3
26.839 0.106541 5999.12
26.84 0.0300837 5742.54
26.841 -0.0458585 5487.71
26.842 -0.121239 5234.77
26.843 -0.196009 4983.89
26.844 -0.270119 4735.23
26.845 -0.343522 4488.96
26.846 -0.416168 4245.23
26.847 -0.488011 4004.21
26.848 -0.559002 3766.04
26.849 -0.629094 3530.89
26.85 -0.69824 3298.91
26.851 -0.766398 3070.23
26.852 -0.833534 2844.98
26.853 -0.899621 2623.23
26.854 -0.964629 2405.07
26.855 -1.02853 2190.61
26.856 -1.0913 1979.91
26.857 -1.15291 1773.07
26.858 -1.21334 1570.18
26.859 -1.27256 1371.31
26.86 -1.33054 1176.53
26.861 -1.38726 985.945
26.862 -1.44269 799.614
26.863 -1.49682 617.615
26.864 -1.54962 440.022
26.865 -1.60107 266.904
26.866 -1.65115 98.3316
26.867 -1.69983 -65.6296
26.868 -1.7471 -224.915
26.869 -1.79293 -379.461
26.87 -1.83732 -529.207
26.871 -1.88024 -674.109
26.872 -1.92169 -814.153
26.873 -1.96167 -949.343
26.874 -2.00018 -1079.69
26.875 -2.03723 -1205.19
26.876 -2.07281 -1325.86
26.877 -2.10694 -1441.7
26.878 -2.13962 -1552.75
26.879 -2.17084 -1659
26.88 -2.20062 -1760.48
26.881 -2.22896 -1857.21
26.882 -2.25587 -1949.21
26.883 -2.28136 -2036.5
26.884 -2.30543 -2119.11
26.885 -2.3281 -2197.06
26.886 -2.34937 -2270.39
26.887 -2.36925 -2339.12
26.888 -2.38776 -2403.3
26.889 -2.4049 -2462.94
26.89 -2.42068 -2518.1
26.891 -2.43513 -2568.79
26.892 -2.44823 -2615.05
26.893 -2.46001 -2656.88
26.894 -2.47046 -2694.31
26.895 -2.47959 -2727.33
26.896 -2.4874 -2755.99
26.897 -2.49391 -2780.28
26.898 -2.49912 -2800.25
26.899 -2.50304 -2815.9
26.9 -2.50567 -2827.27
26.901 -2.50705 -2834.39
26.902 -2.50715 -2837.28
26.903 -2.50599 -2835.97
26.904 -2.50359 -2830.47
26.905 -2.49996 -2820.84
26.906 -2.49513 -2807.09
26.907 -2.48909 -2789.28
26.908 -2.48184 -2767.43
26.909 -2.47342 -2741.6
26.91 -2.46384 -2711.81
26.911 -2.4531 -2678.13
26.912 -2.44122 -2640.59
26.913 -2.42822 -2599.24
26.914 -2.41412 -2554.13
26.915 -2.39892 -2505.31
26.916 -2.38265 -2452.84
26.917 -2.36532 -2396.77
26.918 -2.34695 -2337.15
26.919 -2.32755 -2274.04
26.92 -2.30715 -2207.51
26.921 -2.28577 -2137.61
26.922 -2.26344 -2064.47
26.923 -2.24019 -1988.19
26.924 -2.21606 -1908.91
26.925 -2.19109 -1826.74
26.926 -2.16532 -1741.8
26.927 -2.13878 -1654.24
26.928 -2.11151 -1564.16
26.929 -2.08355 -1471.7
26.93 -2.05494 -1376.99
26.931 -2.02571 -1280.16
26.932 -1.9959 -1181.33
26.933 -1.96556 -1080.64
26.934 -1.93472 -978.222
26.935 -1.90342 -874.201
26.936 -1.8717 -768.713
26.937 -1.8396 -661.89
26.938 -1.80715 -553.867
26.939 -1.77441 -444.778
26.94 -1.7414 -334.757
26.941 -1.70817 -223.947
26.942 -1.67477 -112.504
26.943 -1.64124 -0.593547
26.944 -1.60763 111.621
26.945 -1.57399 223.974
26.946 -1.54037 336.303
26.947 -1.50682 448.443
26.948 -1.47339 560.231
26.949 -1.44012 671.502
26.95 -1.40706 782.094
26.951 -1.37426 891.85
26.952 -1.34176 1000.63
26.953 -1.30959 1108.3
26.954 -1.27781 1214.73
26.955 -1.24644 1319.78
26.956 -1.21552 1423.33
26.957 -1.18509 1525.25
26.958 -1.1552 1625.4
26.959 -1.12588 1723.67
26.96 -1.09716 1819.91
26.961 -1.06908 1914
26.962 -1.04169 2005.83
26.963 -1.01501 2095.26
26.964 -0.989093 2182.16
26.965 -0.963961 2266.43
26.966 -0.939655 2347.93
26.967 -0.91621 2426.54
26.968 -0.893662 2502.15
26.969 -0.872045 2574.64
26.97 -0.851393 2643.9
26.971 -0.831742 2709.8
26.972 -0.813123 2772.24
26.973 -0.795571 2831.1
26.974 -0.779117 2886.28
26.975 -0.763795 2937.67
26.976 -0.749635 2985.15
26.977 -0.736669 3028.62
26.978 -0.724927 3067.99
26.979 -0.714439 3103.15
26.98 -0.705235 3133.99
26.981 -0.69734 3160.44
26.982 -0.690769 3182.44
26.983 -0.685533 3199.96
26.984 -0.681641 3212.96
26.985 -0.679089 3221.42
26.986 -0.677922 3225.3
26.987 -0.678127 3224.57
26.988 -0.679711 3219.21
26.989 -0.68268 3209.19
26.99 -0.687016 3194.48
26.991 -0.692763 3175.09
26.992 -0.699896 3151.04
26.993 -0.708403 3122.36
26.994 -0.718269 3089.11
26.995 -0.729482 3051.32
26.996 -0.742027 3009.06
26.997 -0.755889 2962.36
26.998 -0.771053 2911.28
26.999 -0.787502 2855.88
27 -0.80522 2796.2
27.001 -0.82419 2732.31
27.002 -0.844394 2664.27
27.003 -0.865814 2592.12
27.004 -0.888431 2515.94
27.005 -0.912226 2435.79
27.006 -0.937179 2351.73
27.007 -0.96327 2263.84
27.008 -0.990478 2172.17
27.009 -1.01878 2076.81
27.01 -1.04816 1977.81
27.011 -1.0786 1875.26
27.012 -1.11007 1769.19
27.013 -1.14257 1659.66
27.014 -1.17607 1546.72
27.015 -1.21057 1430.4
27.016 -1.24605 1310.78
27.017 -1.28249 1187.88
27.018 -1.31988 1061.78
27.019 -1.35819 932.525
27.02 -1.39742 800.168
27.021 -1.43754 664.762
27.022 -1.47854 526.345
27.023 -1.52042 384.946
27.024 -1.56317 240.597
27.025 -1.60676 93.3317
27.026 -1.6512 -56.8166
27.027 -1.69647 -209.813
27.028 -1.74255 -365.62
27.029 -1.78944 -524.201
27.03 -1.83712 -685.517
27.031 -1.88558 -849.521
27.032 -1.93479 -1016.15
27.033 -1.98474 -1185.33
27.034 -2.03539 -1356.99
27.035 -2.08674 -1531.06
27.036 -2.13875 -1707.46
27.037 -2.1914 -1886.11
27.038 -2.24466 -2066.95
27.039 -2.29851 -2249.9
27.04 -2.35293 -2434.87
27.041 -2.40788 -2621.79
27.042 -2.46335 -2810.58
27.043 -2.51931 -3001.16
27.044 -2.57572 -3193.45
27.045 -2.63257 -3387.36
27.046 -2.68983 -3582.82
27.047 -2.74747 -3779.75
27.048 -2.80547 -3978.05
27.049 -2.86379 -4177.65
27.05 -2.9224 -4378.46
27.051 -2.98129 -4580.39
27.052 -3.04041 -4783.34
27.053 -3.09973 -4987.19
27.054 -3.1592 -5191.82
27.055 -3.21881 -5397.13
27.056 -3.27849 -5602.99
27.057 -3.33823 -5809.3
27.058 -3.39798 -6015.93
27.059 -3.4577 -6222.77
27.06 -3.51736 -6429.71
27.061 -3.57693 -6636.63
27.062 -3.63636 -6843.41
27.063 -3.69561 -7049.95
27.064 -3.75466 -7256.12
27.065 -3.81346 -7461.82
27.066 -3.87198 -7666.94
27.067 -3.93018 -7871.34
27.068 -3.98802 -8074.94
27.069 -4.04548 -8277.61
27.07 -4.10251 -8479.23
27.071 -4.15907 -8679.7
27.072 -4.21513 -8878.88
27.073 -4.27065 -9076.63
27.074 -4.32557 -9272.81
27.075 -4.37986 -9467.29
27.076 -4.43348 -9659.93
27.077 -4.48637 -9850.59
27.078 -4.53851 -10039.1
27.079 -4.58985 -10225.4
27.08 -4.64035 -10409.4
27.081 -4.68998 -10590.8
27.082 -4.7387 -10769.7
27.083 -4.78651 -10945.9
27.084 -4.83337 -11119.4
27.085 -4.87927 -11290.1
27.086 -4.9242 -11457.9
27.087 -4.96812 -11622.8
27.088 -5.01102 -11784.8
27.089 -5.05289 -11943.7
27.09 -5.0937 -12099.5
27.091 -5.13345 -12252.1
27.092 -5.17211 -12401.5
27.093 -5.20967 -12547.7
27.094 -5.24612 -12690.5
27.095 -5.28144 -12829.9
27.096 -5.31561 -12965.9
27.097 -5.34864 -13098.3
27.098 -5.38049 -13227.3
27.099 -5.41117 -13352.6
27.1 -5.44066 -13474.3
27.101 -5.46896 -13592.4
27.102 -5.49606 -13706.8
27.103 -5.52199 -13817.6
27.104 -5.54674 -13924.7
27.105 -5.57032 -14028.2
27.106 -5.59275 -14128.1
27.107 -5.61404 -14224.5
27.108 -5.6342 -14317.4
27.109 -5.65324 -14406.7
27.11 -5.67117 -14492.6
27.111 -5.688 -14575
27.112 -5.70375 -14653.9
27.113 -5.7184 -14729.4
27.114 -5.73198 -14801.5
27.115 -5.74448 -14870.1
27.116 -5.75591 -14935.3
27.117 -5.76628 -14997.1
27.118 -5.77559 -15055.5
27.119 -5.78385 -15110.5
27.12 -5.79108 -15162.1
27.121 -5.79728 -15210.3
27.122 -5.80245 -15255.2
27.123 -5.80661 -15296.8
27.124 -5.80977 -15335
27.125 -5.81193 -15369.9
27.126 -5.81312 -15401.6
27.127 -5.81333 -15430
27.128 -5.81257 -15455.2
27.129 -5.81087 -15477.2
27.13 -5.80824 -15496.1
27.131 -5.80468 -15511.7
27.132 -5.80021 -15524.3
27.133 -5.79488 -15533.9
27.134 -5.78867 -15540.5
27.135 -5.78162 -15544.2
27.136 -5.77375 -15545.1
27.137 -5.76508 -15543.2
27.138 -5.75565 -15538.6
27.139 -5.74547 -15531.3
27.14 -5.73456 -15521.5
27.141 -5.72296 -15509.1
27.142 -5.71066 -15494.2
27.143 -5.69766 -15476.8
27.144 -5.68398 -15457
27.145 -5.66962 -15434.7
27.146 -5.65459 -15410
27.147 -5.6389 -15382.8
27.148 -5.62255 -15353.2
27.149 -5.60555 -15321.2
27.15 -5.58792 -15286.9
27.151 -5.56965 -15250.2
27.152 -5.55076 -15211.2
27.153 -5.53125 -15169.8
27.154 -5.51114 -15126.2
27.155 -5.49043 -15080.3
27.156 -5.46913 -15032.2
27.157 -5.44725 -14981.9
27.158 -5.4248 -14929.4
27.159 -5.40179 -14874.7
27.16 -5.37823 -14817.9
27.161 -5.35413 -14759
27.162 -5.32948 -14698
27.163 -5.3043 -14634.9
27.164 -5.27858 -14569.7
27.165 -5.25233 -14502.4
27.166 -5.22555 -14433.1
27.167 -5.19823 -14361.6
27.168 -5.17039 -14288.1
27.169 -5.14203 -14212.5
27.17 -5.11314 -14134.8
27.171 -5.08374 -14055.1
27.172 -5.05384 -13973.4
27.173 -5.02346 -13889.8
27.174 -4.99263 -13804.4
27.175 -4.96136 -13717.1
27.176 -4.92968 -13628.2
27.177 -4.89761 -13537.6
27.178 -4.86516 -13445.4
27.179 -4.83236 -13351.7
27.18 -4.79923 -13256.6
27.181 -4.7658 -13160.2
27.182 -4.73209 -13062.5
27.183 -4.69813 -12963.7
27.184 -4.66396 -12863.8
27.185 -4.62959 -12763
27.186 -4.59507 -12661.4
27.187 -4.56042 -12559
27.188 -4.52568 -12456
27.189 -4.49087 -12352.5
27.19 -4.45602 -12248.6
27.191 -4.42116 -12144.3
27.192 -4.38631 -12039.8
27.193 -4.3515 -11935.1
27.194 -4.31675 -11830.4
27.195 -4.28207 -11725.7
27.196 -4.2475 -11621
27.197 -4.21304 -11516.4
27.198 -4.17872 -11412.1
27.199 -4.14456 -11308
27.2 -4.11058 -11204.4
27.201 -4.07681 -11101.1
27.202 -4.04327 -10998.4
27.203 -4.00999 -10896.4
27.204 -3.977 -10795.1
27.205 -3.94433 -10694.6
27.206 -3.912 -10595.1
27.207 -3.88005 -10496.7
27.208 -3.8485 -10399.4
27.209 -3.81738 -10303.3
27.21 -3.78673 -10208.6
27.211 -3.75655 -10115.4
27.212 -3.72687 -10023.6
27.213 -3.6977 -9933.38
27.214 -3.66905 -9844.71
27.215 -3.64092 -9757.65
27.216 -3.61333 -9672.23
27.217 -3.58628 -9588.48
27.218 -3.55979 -9506.45
27.219 -3.53386 -9426.16
27.22 -3.50849 -9347.65
27.221 -3.48371 -9270.96
27.222 -3.45952 -9196.11
27.223 -3.43592 -9123.14
27.224 -3.41293 -9052.08
27.225 -3.39054 -8982.95
27.226 -3.36878 -8915.79
27.227 -3.34763 -8850.62
27.228 -3.32712 -8787.47
27.229 -3.30725 -8726.37
27.23 -3.28802 -8667.34
27.231 -3.26944 -8610.39
27.232 -3.2515 -8555.5
27.233 -3.23418 -8502.64
27.234 -3.21748 -8451.76
27.235 -3.20138 -8402.84
27.236 -3.18587 -8355.82
27.237 -3.17094 -8310.68
27.238 -3.15658 -8267.38
27.239 -3.14276 -8225.86
27.24 -3.12949 -8186.1
27.241 -3.11674 -8148.05
27.242 -3.10452 -8111.7
27.243 -3.09281 -8077.03
27.244 -3.08161 -8044.03
27.245 -3.07091 -8012.67
27.246 -3.06072 -7982.95
27.247 -3.05102 -7954.84
27.248 -3.0418 -7928.34
27.249 -3.03307 -7903.42
27.25 -3.02481 -7880.05
27.251 -3.01703 -7858.24
27.252 -3.00971 -7837.98
27.253 -3.00287 -7819.28
27.254 -2.9965 -7802.15
27.255 -2.99061 -7786.58
27.256 -2.9852 -7772.6
27.257 -2.98026 -7760.2
27.258 -2.97581 -7749.4
27.259 -2.97181 -7740.19
27.26 -2.96832 -7732.57
27.261 -2.96531 -7726.57
27.262 -2.96279 -7722.2
27.263 -2.96076 -7719.49
27.264 -2.95925 -7718.48
27.265 -2.95825 -7719.19
27.266 -2.95777 -7721.66
27.267 -2.95782 -7725.91
27.268 -2.95841 -7731.96
27.269 -2.95954 -7739.85
27.27 -2.96122 -7749.6
27.271 -2.96345 -7761.24
27.272 -2.96625 -7774.78
27.273 -2.96963 -7790.26
27.274 -2.97358 -7807.7
27.275 -2.97812 -7827.11
27.276 -2.98325 -7848.52
27.277 -2.98896 -7871.94
27.278 -2.99528 -7897.41
27.279 -3.0022 -7924.92
27.28 -3.00973 -7954.51
27.281 -3.01786 -7986.18
27.282 -3.02661 -8019.92
27.283 -3.03595 -8055.72
27.284 -3.0459 -8093.56
27.285 -3.05643 -8133.43
27.286 -3.06754 -8175.31
27.287 -3.07924 -8219.19
27.288 -3.0915 -8265.04
27.289 -3.10433 -8312.84
27.29 -3.11772 -8362.58
27.291 -3.13166 -8414.22
27.292 -3.14614 -8467.72
27.293 -3.16113 -8523.04
27.294 -3.17663 -8580.1
27.295 -3.19261 -8638.87
27.296 -3.20906 -8699.29
27.297 -3.22596 -8761.31
27.298 -3.2433 -8824.86
27.299 -3.26105 -8889.9
27.3 -3.27921 -8956.37
27.301 -3.29774 -9024.2
27.302 -3.31664 -9093.35
27.303 -3.33588 -9163.75
27.304 -3.35545 -9235.34
27.305 -3.37533 -9308.08
27.306 -3.39551 -9381.88
27.307 -3.41595 -9456.71
27.308 -3.43665 -9532.49
27.309 -3.45758 -9609.18
27.31 -3.47873 -9686.69
27.311 -3.50007 -9764.99
27.312 -3.5216 -9843.99
27.313 -3.54328 -9923.65
27.314 -3.5651 -10003.9
27.315 -3.58705 -10084.7
27.316 -3.6091 -10165.9
27.317 -3.63123 -10247.6
27.318 -3.65342 -10329.5
27.319 -3.67566 -10411.8
27.32 -3.69793 -10494.3
27.321 -3.7202 -10576.9
27.322 -3.74246 -10659.7
27.323 -3.76469 -10742.4
27.324 -3.78686 -10825.1
27.325 -3.80897 -10907.7
27.326 -3.83099 -10990.2
27.327 -3.85291 -11072.5
27.328 -3.87469 -11154.4
27.329 -3.89634 -11236
27.33 -3.91782 -11317.2
27.331 -3.93913 -11398
27.332 -3.96024 -11478.2
27.333 -3.98115 -11558
27.334 -4.00186 -11637.1
27.335 -4.02234 -11715.7
27.336 -4.0426 -11793.6
27.337 -4.06262 -11870.9
27.338 -4.0824 -11947.5
27.339 -4.10192 -12023.4
27.34 -4.12118 -12098.5
27.341 -4.14018 -12172.9
27.342 -4.1589 -12246.5
27.343 -4.17735 -12319.3
27.344 -4.19553 -12391.3
27.345 -4.21344 -12462.6
27.346 -4.23109 -12533.1
27.347 -4.24847 -12602.9
27.348 -4.26558 -12671.9
27.349 -4.28243 -12740.1
27.35 -4.29901 -12807.6
27.351 -4.31533 -12874.3
27.352 -4.3314 -12940.3
27.353 -4.3472 -13005.5
27.354 -4.36275 -13070
27.355 -4.37804 -13133.7
27.356 -4.39307 -13196.7
27.357 -4.40786 -13259
27.358 -4.4224 -13320.6
27.359 -4.43669 -13381.5
27.36 -4.45073 -13441.6
27.361 -4.46453 -13501.1
27.362 -4.47808 -13559.8
27.363 -4.49138 -13617.8
27.364 -4.50442 -13675
27.365 -4.51719 -13731.5
27.366 -4.52969 -13787.1
27.367 -4.54191 -13841.9
27.368 -4.55386 -13895.8
27.369 -4.56551 -13948.9
27.37 -4.57687 -14001.2
27.371 -4.58793 -14052.5
27.372 -4.59867 -14102.8
27.373 -4.6091 -14152.1
27.374 -4.61918 -14200.5
27.375 -4.62892 -14247.7
27.376 -4.63829 -14293.7
27.377 -4.64728 -14338.6
27.378 -4.65589 -14382.3
27.379 -4.66409 -14424.7
27.38 -4.67188 -14465.8
27.381 -4.67925 -14505.5
27.382 -4.68619 -14543.8
27.383 -4.69267 -14580.7
27.384 -4.6987 -14616.1
27.385 -4.70425 -14650
27.386 -4.70933 -14682.3
27.387 -4.71392 -14713
27.388 -4.71801 -14742.1
27.389 -4.72159 -14769.5
27.39 -4.72465 -14795.1
27.391 -4.72717 -14819.1
27.392 -4.72916 -14841.2
27.393 -4.73057 -14861.4
27.394 -4.73141 -14879.7
27.395 -4.73165 -14895.9
27.396 -4.73127 -14910.2
27.397 -4.73027 -14922.2
27.398 -4.72863 -14932.1
27.399 -4.72631 -14939.8
27.4 -4.72331 -14945.1
27.401 -4.71962 -14948.1
27.402 -4.71524 -14948.8
27.403 -4.71018 -14947.1
27.404 -4.70443 -14943
27.405 -4.69801 -14936.7
27.406 -4.6909 -14927.9
27.407 -4.68315 -14916.9
27.408 -4.67471 -14903.5
27.409 -4.66561 -14887.8
27.41 -4.65585 -14869.8
27.411 -4.64543 -14849.6
27.412 -4.63437 -14827
27.413 -4.62267 -14802.2
27.414 -4.61033 -14775.2
27.415 -4.59736 -14745.9
27.416 -4.58377 -14714.4
27.417 -4.56956 -14680.7
27.418 -4.55473 -14644.8
27.419 -4.53931 -14606.8
27.42 -4.52329 -14566.6
27.421 -4.50668 -14524.3
27.422 -4.48948 -14479.9
27.423 -4.47172 -14433.4
27.424 -4.45338 -14384.9
27.425 -4.43449 -14334.4
27.426 -4.41505 -14281.8
27.427 -4.39507 -14227.3
27.428 -4.37456 -14170.8
27.429 -4.35352 -14112.3
27.43 -4.33197 -14052
27.431 -4.30992 -13989.8
27.432 -4.28735 -13925.8
27.433 -4.26429 -13859.8
27.434 -4.24072 -13792
27.435 -4.21665 -13722.4
27.436 -4.19209 -13650.8
27.437 -4.16702 -13577.5
27.438 -4.14146 -13502.2
27.439 -4.11541 -13425.1
27.44 -4.08886 -13346.2
27.441 -4.06182 -13265.5
27.442 -4.03429 -13182.8
27.443 -4.00625 -13098.3
27.444 -3.97771 -13011.9
27.445 -3.94866 -12923.6
27.446 -3.91908 -12833.4
27.447 -3.88899 -12741.2
27.448 -3.85836 -12647
27.449 -3.8272 -12550.8
27.45 -3.79551 -12452.7
27.451 -3.76327 -12352.5
27.452 -3.73047 -12250.2
27.453 -3.69708 -12145.7
27.454 -3.66309 -12039.1
27.455 -3.62847 -11930.1
27.456 -3.5932 -11818.7
27.457 -3.55727 -11704.9
27.458 -3.52066 -11588.7
27.459 -3.48333 -11469.8
27.46 -3.44529 -11348.3
27.461 -3.4065 -11224.1
27.462 -3.36695 -11097.2
27.463 -3.32665 -10967.6
27.464 -3.28557 -10835.1
27.465 -3.24371 -10699.8
27.466 -3.20106 -10561.7
27.467 -3.15761 -10420.7
27.468 -3.11335 -10276.8
27.469 -3.06828 -10130
27.47 -3.02239 -9980.19
27.471 -2.97566 -9827.44
27.472 -2.9281 -9671.69
27.473 -2.8797 -9512.93
27.474 -2.83044 -9351.15
27.475 -2.78033 -9186.31
27.476 -2.72936 -9018.41
27.477 -2.67753 -8847.43
27.478 -2.62482 -8673.36
27.479 -2.57124 -8496.18
27.48 -2.51677 -8315.89
27.481 -2.46142 -8132.48
27.482 -2.40518 -7945.94
27.483 -2.34805 -7756.26
27.484 -2.29002 -7563.43
27.485 -2.2311 -7367.46
27.486 -2.17128 -7168.33
27.487 -2.11055 -6966.05
27.488 -2.04892 -6760.62
27.489 -1.98639 -6552.04
27.49 -1.92295 -6340.3
27.491 -1.8586 -6125.43
27.492 -1.79336 -5907.45
27.493 -1.72722 -5686.39
27.494 -1.66021 -5462.29
27.495 -1.59232 -5235.19
27.496 -1.52358 -5005.13
27.497 -1.45398 -4772.15
27.498 -1.38354 -4536.3
27.499 -1.31227 -4297.6
27.5 -1.24019 -4056.11
27.501 -1.16729 -3811.87
27.502 -1.0936 -3564.93
27.503 -1.01913 -3315.34
27.504 -0.943891 -3063.15
27.505 -0.867892 -2808.39
27.506 -0.79115 -2551.14
27.507 -0.713677 -2291.43
27.508 -0.635488 -2029.32
27.509 -0.556598 -1764.86
27.51 -0.477022 -1498.11
27.511 -0.396771 -1229.12
27.512 -0.315857 -957.911
27.513 -0.234286 -684.524
27.514 -0.152065 -408.983
27.515 -0.0692036 -131.319
27.516 0.0142909 148.438
27.517 0.0984092 430.255
27.518 0.183142 714.1
27.519 0.268479 999.939
27.52 0.35441 1287.74
27.521 0.440922 1577.46
27.522 0.527997 1869.04
27.523 0.615615 2162.41
27.524 0.703754 2457.51
27.525 0.792393 2754.28
27.526 0.881512 3052.64
27.527 0.971087 3352.53
27.528 1.0611 3653.88
27.529 1.15152 3956.61
27.53 1.24233 4260.67
27.531 1.3335 4565.97
27.532 1.42503 4872.49
27.533 1.51689 5180.16
27.534 1.60907 5488.96
27.535 1.70156 5798.84
27.536 1.79433 6109.75
27.537 1.88736 6421.66
27.538 1.98065 6734.51
27.539 2.07417 7048.27
27.54 2.16791 7362.88
27.541 2.26185 7678.31
27.542 2.35596 7994.47
27.543 2.45021 8311.29
27.544 2.54458 8628.7
27.545 2.63904 8946.63
27.546 2.73356 9265
27.547 2.82811 9583.73
27.548 2.92266 9902.76
27.549 3.0172 10222
27.55 3.11167 10541.4
27.551 3.20607 10860.8
27.552 3.30036 11180.3
27.553 3.39451 11499.6
27.554 3.48849 11818.8
27.555 3.58227 12137.8
27.556 3.67582 12456.4
27.557 3.76912 12774.7
27.558 3.86214 13092.5
27.559 3.95484 13409.8
27.56 4.0472 13726.5
27.561 4.13919 14042.5
27.562 4.23077 14357.8
27.563 4.3219 14672.2
27.564 4.41255 14985.6
27.565 4.50268 15297.9
27.566 4.59226 15609.1
27.567 4.68124 15919
27.568 4.7696 16227.6
27.569 4.8573 16534.7
27.57 4.94429 16840.2
27.571 5.03056 17144.1
27.572 5.11605 17446.3
27.573 5.20075 17746.6
27.574 5.28461 18045.1
27.575 5.36761 18341.5
27.576 5.44971 18635.8
27.577 5.53087 18927.9
27.578 5.61108 19217.8
27.579 5.6903 19505.3
27.58 5.7685 19790.4
27.581 5.84564 20072.9
27.582 5.92173 20352.9
27.583 5.99672 20630.2
27.584 6.07061 20904.9
27.585 6.14337 21176.9
27.586 6.215 21446
27.587 6.28547 21712.4
27.588 6.35476 21975.9
27.589 6.42288 22236.5
27.59 6.48979 22494.2
27.591 6.5555 22748.8
27.592 6.61997 23000.5
27.593 6.68319 23249
27.594 6.74513 23494.3
27.595 6.80579 23736.4
27.596 6.86515 23975.1
27.597 6.92318 24210.6
27.598 6.97987 24442.6
27.599 7.03521 24671.1
27.6 7.08918 24896.1
27.601 7.14177 25117.5
27.602 7.19299 25335.3
27.603 7.24281 25549.5
27.604 7.29125 25760
27.605 7.3383 25966.9
27.606 7.38397 26170.1
27.607 7.42824 26369.6
27.608 7.47114 26565.4
27.609 7.51264 26757.5
27.61 7.55277 26945.9
27.611 7.59152 27130.5
27.612 7.62889 27311.4
27.613 7.66487 27488.5
27.614 7.69947 27661.8
27.615 7.73268 27831.2
27.616 7.7645 27996.7
27.617 7.79493 28158.4
27.618 7.82397 28316.1
27.619 7.85163 28469.8
27.62 7.87789 28619.6
27.621 7.90278 28765.4
27.622 7.92627 28907.1
27.623 7.94837 29044.8
27.624 7.96907 29178.4
27.625 7.98837 29307.8
27.626 8.00627 29433
27.627 8.02277 29553.9
27.628 8.03785 29670.6
27.629 8.05154 29783
27.63 8.06381 29891.1
27.631 8.07469 29994.8
27.632 8.08416 30094.2
27.633 8.09226 30189.2
27.634 8.09898 30279.8
27.635 8.10434 30366.1
27.636 8.10835 30448.1
27.637 8.11103 30525.8
27.638 8.11238 30599.1
27.639 8.11243 30668.1
27.64 8.11118 30732.9
27.641 8.10865 30793.4
27.642 8.10486 30849.7
27.643 8.09982 30901.7
27.644 8.09354 30949.5
27.645 8.08605 30993.2
27.646 8.07736 31032.7
27.647 8.06748 31068
27.648 8.05643 31099.3
27.649 8.04424 31126.6
27.65 8.03091 31149.7
27.651 8.01647 31168.9
27.652 8.00094 31184.2
27.653 7.98433 31195.5
27.654 7.96668 31202.9
27.655 7.94796 31206.4
27.656 7.92823 31206.2
27.657 7.90749 31202.1
27.658 7.88578 31194.2
27.659 7.86313 31182.5
27.66 7.83952 31167.2
27.661 7.81499 31148.2
27.662 7.78957 31125.6
27.663 7.76326 31099.4
27.664 7.73609 31069.8
27.665 7.70809 31036.7
27.666 7.67927 31000.2
27.667 7.64966 30960.4
27.668 7.61927 30917.3
27.669 7.58813 30871
27.67 7.55626 30821.5
27.671 7.52368 30769
27.672 7.49041 30713.5
27.673 7.45647 30654.9
27.674 7.42189 30593.5
27.675 7.38669 30529.3
27.676 7.35089 30462.3
27.677 7.31451 30392.6
27.678 7.27757 30320.3
27.679 7.2401 30245.4
27.68 7.20212 30168.1
27.681 7.16364 30088.3
27.682 7.12469 30006.2
27.683 7.08528 29921.8
27.684 7.04541 29835
27.685 7.00512 29746.1
27.686 6.9644 29655
27.687 6.92327 29561.7
27.688 6.88175 29466.4
27.689 6.83986 29369
27.69 6.79759 29269.7
27.691 6.75498 29168.3
27.692 6.71202 29065.1
27.693 6.66873 28960
27.694 6.6251 28853
27.695 6.58114 28744.2
27.696 6.53687 28633.6
27.697 6.49228 28521.2
27.698 6.44738 28407
27.699 6.40218 28291
27.7 6.35669 28173.4
27.701 6.3109 28054
27.702 6.26484 27933
27.703 6.2185 27810.4
27.704 6.17189 27686.1
27.705 6.12503 27560.3
27.706 6.07791 27433
27.707 6.03054 27304.1
27.708 5.98294 27173.8
27.709 5.9351 27042
27.71 5.88704 26908.8
27.711 5.83876 26774.2
27.712 5.79027 26638.2
27.713 5.74158 26500.9
27.714 5.6927 26362.4
27.715 5.64363 26222.6
27.716 5.59439 26081.6
27.717 5.54498 25939.4
27.718 5.4954 25796
27.719 5.44567 25651.6
27.72 5.3958 25506
27.721 5.34579 25359.5
27.722 5.29565 25211.9
27.723 5.24539 25063.4
27.724 5.19502 24913.9
27.725 5.14455 24763.5
27.726 5.09398 24612.3
27.727 5.04333 24460.3
27.728 4.9926 24307.5
27.729 4.9418 24154
27.73 4.89094 23999.8
27.731 4.84003 23844.9
27.732 4.78909 23689.4
27.733 4.73814 23533.5
27.734 4.68718 23377
27.735 4.63625 23220.2
27.736 4.58535 23063
27.737 4.53451 22905.6
27.738 4.48374 22748
27.739 4.43306 22590.4
27.74 4.38248 22432.6
27.741 4.33203 22274.9
27.742 4.28171 22117.2
27.743 4.23154 21959.7
27.744 4.18151 21802.3
27.745 4.13165 21645
27.746 4.08195 21488
27.747 4.03243 21331.3
27.748 3.98309 21174.8
27.749 3.93395 21018.6
27.75 3.88501 20862.9
27.751 3.83628 20707.5
27.752 3.78777 20552.6
27.753 3.73949 20398.2
27.754 3.69145 20244.2
27.755 3.64365 20090.8
27.756 3.5961 19938.1
27.757 3.54881 19785.9
27.758 3.5018 19634.4
27.759 3.45506 19483.6
27.76 3.40861 19333.5
27.761 3.36244 19184.2
27.762 3.31658 19035.6
27.763 3.271 18887.8
27.764 3.22571 18740.8
27.765 3.18072 18594.6
27.766 3.13601 18449.1
27.767 3.09159 18304.4
27.768 3.04746 18160.5
27.769 3.00362 18017.4
27.77 2.96006 17875.1
27.771 2.91678 17733.6
27.772 2.87378 17592.9
27.773 2.83107 17453
27.774 2.78863 17313.8
27.775 2.74647 17175.5
27.776 2.70459 17037.9
27.777 2.66298 16901.1
27.778 2.62164 16765.2
27.779 2.58058 16630
27.78 2.53978 16495.6
27.781 2.49925 16361.9
27.782 2.45898 16229.1
27.783 2.41898 16097
27.784 2.37923 15965.8
27.785 2.33975 15835.2
27.786 2.30052 15705.5
27.787 2.26154 15576.5
27.788 2.22282 15448.3
27.789 2.18434 15320.8
27.79 2.14611 15194.1
27.791 2.10813 15068.1
27.792 2.07037 14942.8
27.793 2.03283 14818.2
27.794 1.99551 14694.2
27.795 1.95838 14570.8
27.796 1.92143 14448
27.797 1.88466 14325.7
27.798 1.84806 14203.9
27.799 1.8116 14082.5
27.8 1.77529 13961.6
27.801 1.7391 13841
27.802 1.70304 13720.9
27.803 1.6671 13601
27.804 1.63128 13481.6
27.805 1.59557 13362.5
27.806 1.55997 13243.7
27.807 1.52449 13125.2
27.808 1.48911 13007.1
27.809 1.45383 12889.3
27.81 1.41865 12771.7
27.811 1.38356 12654.5
27.812 1.34857 12537.6
27.813 1.31367 12420.9
27.814 1.27885 12304.5
27.815 1.24412 12188.3
27.816 1.20946 12072.4
27.817 1.17489 11956.7
27.818 1.14038 11841.2
27.819 1.10594 11726
27.82 1.07156 11610.9
27.821 1.03725 11496
27.822 1.00298 11381.3
27.823 0.968756 11266.7
27.824 0.934554 11152.2
27.825 0.900364 11037.7
27.826 0.866176 10923.2
27.827 0.831977 10808.6
27.828 0.797754 10694
27.829 0.763496 10579.2
27.83 0.729191 10464.3
27.831 0.694827 10349.1
27.832 0.660402 10233.8
27.833 0.62591 10118.2
27.834 0.591349 10002.4
27.835 0.556715 9886.34
27.836 0.522007 9770.03
27.837 0.48722 9653.46
27.838 0.452352 9536.61
27.839 0.4174 9419.48
27.84 0.38236 9302.06
27.841 0.347231 9184.34
27.842 0.312008 9066.31
27.843 0.276689 8947.96
27.844 0.241272 8829.28
27.845 0.205754 8710.26
27.846 0.170132 8590.91
27.847 0.134403 8471.2
27.848 0.0985661 8351.12
27.849 0.0626181 8230.68
27.85 0.0265568 8109.87
27.851 -0.00961806 7988.67
27.852 -0.0459022 7867.11
27.853 -0.082289 7745.22
27.854 -0.118772 7623
27.855 -0.155345 7500.49
27.856 -0.192 7377.71
27.857 -0.228732 7254.67
27.858 -0.265533 7131.4
27.859 -0.302397 7007.93
27.86 -0.339316 6884.28
27.861 -0.376283 6760.46
27.862 -0.413292 6636.5
27.863 -0.450336 6512.43
27.864 -0.487407 6388.26
27.865 -0.524499 6264.02
27.866 -0.561605 6139.74
27.867 -0.598717 6015.43
27.868 -0.63583 5891.12
27.869 -0.672934 5766.82
27.87 -0.710025 5642.58
27.871 -0.747094 5518.4
27.872 -0.784134 5394.3
27.873 -0.821138 5270.32
27.874 -0.8581 5146.47
27.875 -0.895011 5022.78
27.876 -0.931865 4899.27
27.877 -0.968656 4775.96
27.878 -1.00538 4652.87
27.879 -1.04202 4530.02
27.88 -1.07857 4407.45
27.881 -1.11504 4285.16
27.882 -1.15141 4163.18
27.883 -1.18767 4041.54
27.884 -1.22382 3920.25
27.885 -1.25985 3799.33
27.886 -1.29575 3678.81
27.887 -1.33153 3558.71
27.888 -1.36716 3439.04
27.889 -1.40265 3319.83
27.89 -1.43798 3201.1
27.891 -1.47316 3082.87
27.892 -1.50816 2965.2
27.893 -1.54297 2848.11
27.894 -1.57758 2731.67
27.895 -1.61197 2615.93
27.896 -1.64613 2500.92
27.897 -1.68004 2386.7
27.898 -1.71369 2273.31
27.899 -1.74706 2160.8
27.9 -1.78014 2049.22
27.901 -1.81292 1938.61
27.902 -1.84538 1829.02
27.903 -1.8775 1720.49
27.904 -1.90929 1613.07
27.905 -1.94071 1506.8
27.906 -1.97176 1401.72
27.907 -2.00242 1297.88
27.908 -2.03268 1195.32
27.909 -2.06253 1094.08
27.91 -2.09196 994.195
27.911 -2.12096 895.708
27.912 -2.14951 798.634
27.913 -2.17762 702.983
27.914 -2.20529 608.763
27.915 -2.2325 515.985
27.916 -2.25927 424.657
27.917 -2.28558 334.786
27.918 -2.31143 246.38
27.919 -2.33683 159.444
27.92 -2.36177 73.9847
27.921 -2.38624 -9.9867
27.922 -2.41024 -92.4436
27.923 -2.43377 -173.353
27.924 -2.45679 -252.683
27.925 -2.47932 -330.402
27.926 -2.50134 -406.478
27.927 -2.52284 -480.881
27.928 -2.54382 -553.582
27.929 -2.56425 -624.551
27.93 -2.58415 -693.762
27.931 -2.60349 -761.194
27.932 -2.62228 -826.842
27.933 -2.64053 -890.711
27.934 -2.65822 -952.805
27.935 -2.67537 -1013.13
27.936 -2.69198 -1071.69
27.937 -2.70804 -1128.49
27.938 -2.72357 -1183.54
27.939 -2.73855 -1236.85
27.94 -2.75301 -1288.42
27.941 -2.76693 -1338.26
27.942 -2.78032 -1386.39
27.943 -2.7932 -1432.82
27.944 -2.80555 -1477.55
27.945 -2.81738 -1520.6
27.946 -2.82871 -1561.98
27.947 -2.83953 -1601.71
27.948 -2.84984 -1639.8
27.949 -2.85966 -1676.26
27.95 -2.86898 -1711.12
27.951 -2.87782 -1744.38
27.952 -2.88618 -1776.06
27.953 -2.89406 -1806.18
27.954 -2.90147 -1834.77
27.955 -2.90842 -1861.83
27.956 -2.91491 -1887.38
27.957 -2.92095 -1911.46
27.958 -2.92654 -1934.07
27.959 -2.9317 -1955.25
27.96 -2.93643 -1975
27.961 -2.94073 -1993.36
27.962 -2.94461 -2010.31
27.963 -2.94806 -2025.85
27.964 -2.95109 -2039.98
27.965 -2.95368 -2052.7
27.966 -2.95585 -2063.99
27.967 -2.95761 -2073.86
27.968 -2.95892 -2082.3
27.969 -2.9598 -2089.32
27.97 -2.96026 -2094.9
27.971 -2.96028 -2099.06
27.972 -2.95988 -2101.78
27.973 -2.95904 -2103.08
27.974 -2.95779 -2102.95
27.975 -2.9561 -2101.38
27.976 -2.95399 -2098.38
27.977 -2.95146 -2093.95
27.978 -2.94851 -2088.08
27.979 -2.94514 -2080.8
27.98 -2.94135 -2072.09
27.981 -2.93714 -2061.97
27.982 -2.93254 -2050.44
27.983 -2.92751 -2037.51
27.984 -2.92208 -2023.19
27.985 -2.91623 -2007.47
27.986 -2.90999 -1990.38
27.987 -2.90334 -1971.92
27.988 -2.89629 -1952.1
27.989 -2.88885 -1930.93
27.99 -2.88103 -1908.42
27.991 -2.87281 -1884.57
27.992 -2.86421 -1859.41
27.993 -2.85524 -1832.94
27.994 -2.84588 -1805.18
27.995 -2.83616 -1776.13
27.996 -2.82607 -1745.82
27.997 -2.81562 -1714.26
27.998 -2.80482 -1681.46
27.999 -2.79366 -1647.43
28 -2.78215 -1612.2
28.001 -2.7703 -1575.78
28.002 -2.75813 -1538.22
28.003 -2.74564 -1499.56
28.004 -2.73285 -1459.84
28.005 -2.71977 -1419.12
28.006 -2.70642 -1377.45
28.007 -2.69282 -1334.86
28.008 -2.67897 -1291.41
28.009 -2.66489 -1247.15
28.01 -2.6506 -1202.12
28.011 -2.63611 -1156.37
28.012 -2.62143 -1109.93
28.013 -2.60656 -1062.81
28.014 -2.5915 -1015.04
28.015 -2.57628 -966.634
28.016 -2.56088 -917.616
28.017 -2.54533 -868.007
28.018 -2.52961 -817.83
28.019 -2.51375 -767.106
28.02 -2.49775 -715.857
28.021 -2.48161 -664.121
28.022 -2.46537 -611.963
28.023 -2.44903 -559.465
28.024 -2.43263 -506.708
28.025 -2.41619 -453.772
28.026 -2.39974 -400.739
28.027 -2.38329 -347.689
28.028 -2.36688 -294.705
28.029 -2.35052 -241.867
28.03 -2.33425 -189.256
28.031 -2.31807 -136.947
28.032 -2.30201 -84.997
28.033 -2.28609 -33.4585
28.034 -2.27031 17.6179
28.035 -2.2547 68.1816
28.036 -2.23927 118.182
28.037 -2.22403 167.57
28.038 -2.209 216.296
28.039 -2.19419 264.309
28.04 -2.17961 311.562
28.041 -2.16529 357.996
28.042 -2.15125 403.543
28.043 -2.13749 448.123
28.044 -2.12406 491.661
28.045 -2.11097 534.08
28.046 -2.09824 575.303
28.047 -2.0859 615.256
28.048 -2.07396 653.864
28.049 -2.06246 691.053
28.05 -2.0514 726.75
28.051 -2.04082 760.882
28.052 -2.03073 793.378
28.053 -2.02115 824.165
28.054 -2.01211 853.173
28.055 -2.00362 880.332
28.056 -1.99571 905.573
28.057 -1.9884 928.827
28.058 -1.9817 950.028
28.059 -1.97563 969.109
28.06 -1.97021 986.004
28.061 -1.96547 1000.66
28.062 -1.96141 1013.03
28.063 -1.95802 1023.08
28.064 -1.95535 1030.78
28.065 -1.9534 1036.11
28.066 -1.95216 1039.02
28.067 -1.95165 1039.49
28.068 -1.95187 1037.5
28.069 -1.95283 1033
28.07 -1.95455 1025.99
28.071 -1.95702 1016.43
28.072 -1.96023 1004.29
28.073 -1.96423 989.564
28.074 -1.969 972.22
28.075 -1.97456 952.241
28.076 -1.9809 929.606
28.077 -1.98803 904.297
28.078 -1.99596 876.297
28.079 -2.00469 845.589
28.08 -2.01423 812.159
28.081 -2.02458 775.984
28.082 -2.03574 737.031
28.083 -2.04774 695.258
28.084 -2.06058 650.626
28.085 -2.07427 603.097
28.086 -2.08883 552.635
28.087 -2.10426 499.202
28.088 -2.12058 442.765
28.089 -2.13779 383.29
28.09 -2.1559 320.746
28.091 -2.17492 255.108
28.092 -2.19484 186.369
28.093 -2.21568 114.53
28.094 -2.23742 39.5934
28.095 -2.26007 -38.4376
28.096 -2.28362 -119.558
28.097 -2.30807 -203.76
28.098 -2.33341 -291.037
28.099 -2.35965 -381.38
28.1 -2.38678 -474.778
28.101 -2.41479 -571.22
28.102 -2.44368 -670.694
28.103 -2.47344 -773.186
28.104 -2.50408 -878.681
28.105 -2.53557 -987.163
28.106 -2.56792 -1098.61
28.107 -2.60112 -1213.01
28.108 -2.63515 -1330.35
28.109 -2.67002 -1450.59
28.11 -2.70572 -1573.71
28.111 -2.74223 -1699.7
28.112 -2.77955 -1828.53
28.113 -2.81767 -1960.17
28.114 -2.85657 -2094.59
28.115 -2.89625 -2231.77
28.116 -2.9367 -2371.68
28.117 -2.97791 -2514.29
28.118 -3.01986 -2659.56
28.119 -3.06254 -2807.46
28.12 -3.10594 -2957.97
28.121 -3.15005 -3111.04
28.122 -3.19486 -3266.64
28.123 -3.24034 -3424.73
28.124 -3.2865 -3585.27
28.125 -3.33331 -3748.24
28.126 -3.38076 -3913.57
28.127 -3.42883 -4081.25
28.128 -3.47751 -4251.21
28.129 -3.52679 -4423.43
28.13 -3.57664 -4597.86
28.131 -3.62706 -4774.46
28.132 -3.67803 -4953.17
28.133 -3.72952 -5133.96
28.134 -3.78152 -5316.78
28.135 -3.83402 -5501.57
28.136 -3.887 -5688.3
28.137 -3.94044 -5876.91
28.138 -3.99431 -6067.36
28.139 -4.04862 -6259.59
28.14 -4.10332 -6453.55
28.141 -4.15841 -6649.19
28.142 -4.21387 -6846.47
28.143 -4.26967 -7045.32
28.144 -4.3258 -7245.69
28.145 -4.38224 -7447.54
28.146 -4.43896 -7650.8
28.147 -4.49596 -7855.43
28.148 -4.5532 -8061.36
28.149 -4.61067 -8268.54
28.15 -4.66834 -8476.91
28.151 -4.72619 -8686.42
28.152 -4.78421 -8896.98
28.153 -4.84234 -9108.51
28.154 -4.90058 -9320.91
28.155 -4.95888 -9534.11
28.156 -5.01722 -9748.02
28.157 -5.07556 -9962.55
28.158 -5.13389 -10177.6
28.159 -5.19216 -10393.1
28.16 -5.25035 -10609
28.161 -5.30843 -10825.1
28.162 -5.36637 -11041.5
28.163 -5.42417 -11258
28.164 -5.48179 -11474.6
28.165 -5.53922 -11691.3
28.166 -5.59644 -11907.9
28.167 -5.65342 -12124.5
28.168 -5.71015 -12340.9
28.169 -5.7666 -12557.2
28.17 -5.82276 -12773.2
28.171 -5.87861 -12988.9
28.172 -5.93413 -13204.3
28.173 -5.98932 -13419.3
28.174 -6.04416 -13634
28.175 -6.09866 -13848.2
28.176 -6.15278 -14062
28.177 -6.20653 -14275.4
28.178 -6.2599 -14488.3
28.179 -6.31288 -14700.7
28.18 -6.36545 -14912.6
28.181 -6.41761 -15123.9
28.182 -6.46936 -15334.7
28.183 -6.5207 -15544.9
28.184 -6.57163 -15754.6
28.185 -6.62215 -15963.8
28.186 -6.67226 -16172.5
28.187 -6.72196 -16380.6
28.188 -6.77126 -16588.3
28.189 -6.82015 -16795.5
28.19 -6.86863 -17002.1
28.191 -6.91671 -17208.4
28.192 -6.96437 -17414.1
28.193 -7.01162 -17619.3
28.194 -7.05845 -17823.9
28.195 -7.10484 -18028.1
28.196 -7.1508 -18231.6
28.197 -7.19632 -18434.6
28.198 -7.24139 -18637
28.199 -7.28601 -18838.7
28.2 -7.33017 -19039.9
28.201 -7.37386 -19240.3
28.202 -7.41708 -19440.1
28.203 -7.4598 -19639.1
28.204 -7.50203 -19837.4
28.205 -7.54374 -20034.8
28.206 -7.58492 -20231.4
28.207 -7.62557 -20427
28.208 -7.66567 -20621.7
28.209 -7.7052 -20815.5
28.21 -7.74417 -21008.1
28.211 -7.78255 -21199.7
28.212 -7.82034 -21390.2
28.213 -7.85753 -21579.6
28.214 -7.8941 -21767.8
28.215 -7.93006 -21954.7
28.216 -7.96539 -22140.4
28.217 -8.00009 -22324.8
28.218 -8.03413 -22507.9
28.219 -8.06753 -22689.6
28.22 -8.10027 -22869.9
28.221 -8.13234 -23048.8
28.222 -8.16373 -23226.2
28.223 -8.19443 -23402
28.224 -8.22442 -23576.3
28.225 -8.25369 -23748.9
28.226 -8.28222 -23919.7
28.227 -8.31 -24088.8
28.228 -8.33702 -24256
28.229 -8.36327 -24421.4
28.23 -8.38874 -24584.8
28.231 -8.41341 -24746.2
28.232 -8.43728 -24905.5
28.233 -8.46034 -25062.8
28.234 -8.48257 -25217.9
28.235 -8.50398 -25370.8
28.236 -8.52454 -25521.5
28.237 -8.54425 -25669.9
28.238 -8.56311 -25815.9
28.239 -8.58111 -25959.6
28.24 -8.59824 -26100.8
28.241 -8.61449 -26239.6
28.242 -8.62987 -26375.9
28.243 -8.64439 -26509.7
28.244 -8.65804 -26641.1
28.245 -8.67084 -26769.9
28.246 -8.68277 -26896.2
28.247 -8.69386 -27019.9
28.248 -8.70411 -27141.2
28.249 -8.71351 -27259.9
28.25 -8.72208 -27376.1
28.251 -8.72983 -27489.8
28.252 -8.73677 -27600.9
28.253 -8.74291 -27709.6
28.254 -8.74827 -27815.9
28.255 -8.75286 -27919.7
28.256 -8.75671 -28021.1
28.257 -8.75983 -28120.2
28.258 -8.76223 -28217
28.259 -8.76393 -28311.5
28.26 -8.76495 -28403.8
28.261 -8.76531 -28493.8
28.262 -8.765 -28581.7
28.263 -8.76406 -28667.3
28.264 -8.76246 -28750.8
28.265 -8.76025 -28832.1
28.266 -8.7574 -28911.3
28.267 -8.75395 -28988.3
28.268 -8.74989 -29063.3
28.269 -8.74524 -29136.1
28.27 -8.74001 -29206.8
28.271 -8.7342 -29275.4
28.272 -8.72782 -29342
28.273 -8.72088 -29406.4
28.274 -8.71336 -29468.8
28.275 -8.70527 -29529
28.276 -8.69662 -29587.1
28.277 -8.68742 -29643.1
28.278 -8.67765 -29696.9
28.279 -8.66732 -29748.6
28.28 -8.65644 -29798.1
28.281 -8.64501 -29845.5
28.282 -8.63303 -29890.7
28.283 -8.62048 -29933.7
28.284 -8.60737 -29974.5
28.285 -8.59369 -30012.9
28.286 -8.57944 -30049.1
28.287 -8.56461 -30082.9
28.288 -8.5492 -30114.4
28.289 -8.53321 -30143.5
28.29 -8.51663 -30170.2
28.291 -8.49946 -30194.5
28.292 -8.48169 -30216.3
28.293 -8.46334 -30235.6
28.294 -8.44438 -30252.4
28.295 -8.42483 -30266.7
28.296 -8.40467 -30278.5
28.297 -8.38393 -30287.7
28.298 -8.36257 -30294.4
28.299 -8.3406 -30298.4
28.3 -8.31803 -30299.9
28.301 -8.29485 -30298.7
28.302 -8.27107 -30294.8
28.303 -8.24668 -30288.4
28.304 -8.22169 -30279.2
28.305 -8.19611 -30267.3
28.306 -8.16991 -30252.8
28.307 -8.14311 -30235.5
28.308 -8.11571 -30215.6
28.309 -8.08771 -30192.9
28.31 -8.05911 -30167.5
28.311 -8.02992 -30139.4
28.312 -8.00012 -30108.5
28.313 -7.96974 -30075
28.314 -7.93877 -30038.7
28.315 -7.9072 -29999.6
28.316 -7.87505 -29957.8
28.317 -7.84233 -29913.3
28.318 -7.80902 -29866.1
28.319 -7.77513 -29816.1
28.32 -7.74068 -29763.4
28.321 -7.70565 -29708
28.322 -7.67005 -29649.9
28.323 -7.63387 -29589
28.324 -7.59711 -29525.3
28.325 -7.55976 -29458.9
28.326 -7.52183 -29389.6
28.327 -7.4833 -29317.5
28.328 -7.44417 -29242.5
28.329 -7.40444 -29164.7
28.33 -7.36411 -29084
28.331 -7.32317 -29000.4
28.332 -7.28162 -28913.9
28.333 -7.23944 -28824.3
28.334 -7.19661 -28731.8
28.335 -7.15315 -28636.3
28.336 -7.10902 -28537.6
28.337 -7.06422 -28435.8
28.338 -7.01875 -28330.9
28.339 -6.97259 -28222.8
28.34 -6.92573 -28111.4
28.341 -6.87817 -27996.8
28.342 -6.82988 -27878.9
28.343 -6.78086 -27757.6
28.344 -6.73109 -27632.9
28.345 -6.68054 -27504.7
28.346 -6.62921 -27373
28.347 -6.57708 -27237.7
28.348 -6.52414 -27098.7
28.349 -6.47036 -26956.1
28.35 -6.41574 -26809.7
28.351 -6.36026 -26659.6
28.352 -6.3039 -26505.6
28.353 -6.24666 -26347.8
28.354 -6.18853 -26186
28.355 -6.12948 -26020.3
28.356 -6.06951 -25850.6
28.357 -6.0086 -25676.9
28.358 -5.94675 -25499.1
28.359 -5.88393 -25317.2
28.36 -5.82015 -25131.2
28.361 -5.75539 -24941
28.362 -5.68965 -24746.7
28.363 -5.62293 -24548.2
28.364 -5.55522 -24345.6
28.365 -5.48653 -24138.8
28.366 -5.41685 -23927.8
28.367 -5.34618 -23712.7
28.368 -5.27453 -23493.5
28.369 -5.2019 -23270.2
28.37 -5.12828 -23042.7
28.371 -5.05367 -22811.2
28.372 -4.97809 -22575.6
28.373 -4.90152 -22336
28.374 -4.82397 -22092.3
28.375 -4.74545 -21844.6
28.376 -4.66595 -21592.8
28.377 -4.58548 -21337.2
28.378 -4.50404 -21077.5
28.379 -4.42164 -20814
28.38 -4.33827 -20546.6
28.381 -4.25394 -20275.3
28.382 -4.16866 -20000.2
28.383 -4.08243 -19721.2
28.384 -3.99526 -19438.6
28.385 -3.90714 -19152.1
28.386 -3.81809 -18862.1
28.387 -3.72812 -18568.3
28.388 -3.63722 -18271
28.389 -3.5454 -17970
28.39 -3.45267 -17665.6
28.391 -3.35904 -17357.7
28.392 -3.26452 -17046.3
28.393 -3.16911 -16731.5
28.394 -3.07282 -16413.5
28.395 -2.97566 -16092.1
28.396 -2.87764 -15767.5
28.397 -2.77876 -15439.7
28.398 -2.67904 -15108.7
28.399 -2.57849 -14774.7
28.4 -2.47712 -14437.7
28.401 -2.37494 -14097.7
28.402 -2.27197 -13754.8
28.403 -2.16822 -13409.2
28.404 -2.06373 -13060.8
28.405 -1.9585 -12709.8
28.406 -1.85257 -12356.4
28.407 -1.74595 -12000.4
28.408 -1.63867 -11642.2
28.409 -1.53075 -11281.7
28.41 -1.42221 -10919.1
28.411 -1.31307 -10554.5
28.412 -1.20336 -10187.8
28.413 -1.09308 -9819.3
28.414 -0.982262 -9448.91
28.415 -0.870911 -9076.76
28.416 -0.759049 -8702.91
28.417 -0.646693 -8327.43
28.418 -0.533863 -7950.4
28.419 -0.420575 -7571.88
28.42 -0.306851 -7191.95
28.421 -0.192714 -6810.7
28.422 -0.0781979 -6428.24
28.423 0.0366589 -6044.72
28.424 0.151817 -5660.25
28.425 0.267238 -5274.98
28.426 0.382879 -4889.03
28.427 0.498701 -4502.54
28.428 0.614661 -4115.65
28.429 0.730719 -3728.48
28.43 0.846831 -3341.17
28.431 0.962956 -2953.85
28.432 1.07906 -2566.63
28.433 1.19511 -2179.6
28.434 1.31106 -1792.88
28.435 1.42688 -1406.56
28.436 1.54255 -1020.76
28.437 1.65801 -635.571
28.438 1.77324 -251.097
28.439 1.88819 132.561
28.44 2.00284 515.301
28.441 2.11715 897.023
28.442 2.23107 1277.63
28.443 2.34457 1657.01
28.444 2.45762 2035.08
28.445 2.57018 2411.73
28.446 2.68221 2786.88
28.447 2.79367 3160.41
28.448 2.90453 3532.24
28.449 3.01476 3902.27
28.45 3.12431 4270.41
28.451 3.23315 4636.55
28.452 3.34123 5000.6
28.453 3.44852 5362.41
28.454 3.55496 5721.89
28.455 3.66051 6078.9
28.456 3.76514 6433.34
28.457 3.86879 6785.09
28.458 3.97143 7134.04
28.459 4.07301 7480.07
28.46 4.1735 7823.08
28.461 4.27285 8162.96
28.462 4.37102 8499.59
28.463 4.46797 8832.88
28.464 4.56367 9162.73
28.465 4.65808 9489.02
28.466 4.75116 9811.66
28.467 4.84287 10130.6
28.468 4.93319 10445.6
28.469 5.02207 10756.7
28.47 5.10948 11063.8
28.471 5.19539 11366.7
28.472 5.27978 11665.5
28.473 5.3626 11959.9
28.474 5.44384 12250
28.475 5.52345 12535.6
28.476 5.60143 12816.6
28.477 5.67773 13093
28.478 5.75234 13364.8
28.479 5.82523 13631.7
28.48 5.89637 13893.8
28.481 5.96576 14151
28.482 6.03336 14403.2
28.483 6.09916 14650.3
28.484 6.16315 14892.3
28.485 6.22529 15129.2
28.486 6.28559 15360.8
28.487 6.34402 15587.2
28.488 6.40058 15808.2
28.489 6.45525 16023.8
28.49 6.50801 16233.9
28.491 6.55887 16438.6
28.492 6.6078 16637.7
28.493 6.65478 16831.2
28.494 6.69981 17019
28.495 6.74288 17201.1
28.496 6.78396 17377.3
28.497 6.82305 17547.6
28.498 6.86013 17712
28.499 6.89521 17870.4
28.5 6.92827 18022.7
28.501 6.95931 18169
28.502 6.98832 18309.1
28.503 7.01529 18443
28.504 7.04023 18570.7
28.505 7.06314 18692.1
28.506 7.084 18807.2
28.507 7.10283 18916
28.508 7.11962 19018.4
28.509 7.13438 19114.4
28.51 7.1471 19204
28.511 7.1578 19287.2
28.512 7.16649 19363.9
28.513 7.17318 19434.1
28.514 7.17789 19498
28.515 7.18063 19555.5
28.516 7.18142 19606.5
28.517 7.18028 19651.3
28.518 7.17722 19689.7
28.519 7.17226 19721.7
28.52 7.16543 19747.5
28.521 7.15675 19767
28.522 7.14622 19780.3
28.523 7.13387 19787.4
28.524 7.11968 19788.2
28.525 7.10367 19782.6
28.526 7.08591 19770.8
28.527 7.06636 19752.5
28.528 7.04506 19728
28.529 7.022 19697.2
28.53 6.99723 19660.2
28.531 6.97074 19616.9
28.532 6.94257 19567.4
28.533 6.91274 19511.9
28.534 6.88129 19450.3
28.535 6.84823 19382.7
28.536 6.81359 19309.2
28.537 6.77741 19229.8
28.538 6.73971 19144.7
28.539 6.70051 19053.9
28.54 6.65986 18957.5
28.541 6.61777 18855.6
28.542 6.57426 18748.1
28.543 6.52937 18635.3
28.544 6.4831 18517.1
28.545 6.43548 18393.6
28.546 6.38654 18264.8
28.547 6.33629 18130.9
28.548 6.28475 17991.8
28.549 6.23196 17847.7
28.55 6.17792 17698.6
28.551 6.12267 17544.7
28.552 6.06624 17385.9
28.553 6.00865 17222.4
28.554 5.94994 17054.3
28.555 5.89015 16881.8
28.556 5.82929 16704.9
28.557 5.76742 16523.7
28.558 5.70455 16338.3
28.559 5.64072 16149
28.56 5.57597 15955.7
28.561 5.51033 15758.5
28.562 5.44381 15557.7
28.563 5.37645 15353.3
28.564 5.30827 15145.3
28.565 5.2393 14933.9
28.566 5.16956 14719.1
28.567 5.09908 14501.1
28.568 5.02787 14280
28.569 4.95598 14055.8
28.57 4.88341 13828.6
28.571 4.81021 13598.6
28.572 4.7364 13365.9
28.573 4.66202 13130.5
28.574 4.5871 12892.8
28.575 4.51168 12652.7
28.576 4.4358 12410.4
28.577 4.35948 12166
28.578 4.28276 11919.7
28.579 4.20568 11671.7
28.58 4.12828 11422
28.581 4.05059 11170.7
28.582 3.97265 10918.2
28.583 3.89452 10664.5
28.584 3.81622 10409.7
28.585 3.73781 10154.1
28.586 3.65934 9897.84
28.587 3.58084 9641.06
28.588 3.50237 9383.94
28.589 3.42396 9126.64
28.59 3.34566 8869.35
28.591 3.26751 8612.21
28.592 3.18957 8355.4
28.593 3.11187 8099.09
28.594 3.03446 7843.44
28.595 2.95739 7588.62
28.596 2.88069 7334.79
28.597 2.80442 7082.12
28.598 2.72861 6830.77
28.599 2.65332 6580.9
28.6 2.57858 6332.68
28.601 2.50444 6086.28
28.602 2.43096 5841.88
28.603 2.35818 5599.67
28.604 2.28616 5359.83
28.605 2.21495 5122.56
28.606 2.1446 4888.03
28.607 2.07516 4656.44
28.608 2.00669 4427.96
28.609 1.93923 4202.77
28.61 1.87284 3981.06
28.611 1.80757 3763.01
28.612 1.74346 3548.78
28.613 1.68058 3338.56
28.614 1.61895 3132.52
28.615 1.55865 2930.82
28.616 1.4997 2733.64
28.617 1.44217 2541.15
28.618 1.3861 2353.5
28.619 1.33153 2170.86
28.62 1.27851 1993.4
28.621 1.2271 1821.26
28.622 1.17732 1654.57
28.623 1.12921 1493.46
28.624 1.0828 1338.05
28.625 1.03814 1188.47
28.626 0.995254 1044.82
28.627 0.954177 907.227
28.628 0.914941 775.796
28.629 0.87758 650.637
28.63 0.842124 531.857
28.631 0.808602 419.552
28.632 0.777037 313.8
28.633 0.74745 214.67
28.634 0.719859 122.229
28.635 0.694283 36.5393
28.636 0.67074 -42.3375
28.637 0.649248 -114.344
28.638 0.629821 -179.426
28.639 0.612477 -237.531
28.64 0.597228 -288.611
28.641 0.58409 -332.62
28.642 0.573074 -369.515
28.643 0.564193 -399.256
28.644 0.557457 -421.807
28.645 0.552877 -437.132
28.646 0.550447 -445.202
28.647 0.550218 -445.988
28.648 0.552171 -439.445
28.649 0.556282 -425.548
28.65 0.562599 -404.279
28.651 0.571109 -375.636
28.652 0.581802 -339.65
28.653 0.594663 -296.371
28.654 0.609677 -245.85
28.655 0.626828 -188.144
28.656 0.646098 -123.309
28.657 0.667469 -51.4066
28.658 0.690921 27.499
28.659 0.716435 113.341
28.66 0.74399 206.051
28.661 0.773568 305.571
28.662 0.805159 411.869
28.663 0.838758 524.926
28.664 0.874357 644.719
28.665 0.911947 771.222
28.666 0.951522 904.409
28.667 0.99307 1044.25
28.668 1.03658 1190.7
28.669 1.08204 1343.74
28.67 1.12945 1503.32
28.671 1.17877 1669.39
28.672 1.23 1841.88
28.673 1.28311 2020.73
28.674 1.33807 2205.84
28.675 1.39485 2397.15
28.676 1.45344 2594.55
28.677 1.51381 2797.98
28.678 1.57592 3007.33
28.679 1.63975 3222.51
28.68 1.70526 3443.44
28.681 1.77243 3670.02
28.682 1.84125 3902.2
28.683 1.91169 4139.94
28.684 1.98373 4383.2
28.685 2.05737 4631.92
28.686 2.13259 4886.06
28.687 2.20936 5145.56
28.688 2.28766 5410.38
28.689 2.36748 5680.44
28.69 2.44879 5955.7
28.691 2.53156 6236.1
28.692 2.61579 6521.56
28.693 2.70143 6812.03
28.694 2.78847 7107.44
28.695 2.87688 7407.71
28.696 2.96663 7712.78
28.697 3.05769 8022.58
28.698 3.15004 8337.02
28.699 3.24364 8656.04
28.7 3.33846 8979.55
28.701 3.43446 9307.46
28.702 3.53162 9639.68
28.703 3.62988 9976.08
28.704 3.7292 10316.6
28.705 3.82954 10661
28.706 3.93086 11009.3
28.707 4.0331 11361.2
28.708 4.13622 11716.8
28.709 4.24017 12075.9
28.71 4.34491 12438.3
28.711 4.45038 12803.9
28.712 4.55653 13172.7
28.713 4.66332 13544.4
28.714 4.7707 13919
28.715 4.8786 14296.3
28.716 4.98699 14676.2
28.717 5.09581 15058.5
28.718 5.205 15443.2
28.719 5.31451 15830.1
28.72 5.42429 16219
28.721 5.53428 16609.9
28.722 5.64444 17002.6
28.723 5.75473 17397
28.724 5.86508 17793.1
28.725 5.97547 18190.6
28.726 6.08584 18589.6
28.727 6.19614 18989.9
28.728 6.30633 19391.4
28.729 6.41636 19794
28.73 6.52618 20197.5
28.731 6.63575 20602
28.732 6.74502 21007.2
28.733 6.85394 21413.1
28.734 6.96247 21819.5
28.735 7.07056 22226.4
28.736 7.17816 22633.7
28.737 7.28523 23041.2
28.738 7.39173 23448.9
28.739 7.4976 23856.6
28.74 7.60281 24264.3
28.741 7.70731 24671.8
28.742 7.81107 25079
28.743 7.91405 25486
28.744 8.01622 25892.6
28.745 8.11755 26298.7
28.746 8.218 26704.3
28.747 8.31754 27109.3
28.748 8.41615 27513.7
28.749 8.51379 27917.3
28.75 8.61044 28320.1
28.751 8.70606 28722.1
28.752 8.80064 29123.2
28.753 8.89416 29523.4
28.754 8.98661 29922.6
28.755 9.07795 30320.7
28.756 9.1682 30717.9
28.757 9.25731 31114
28.758 9.34529 31509
28.759 9.43212 31902.9
28.76 9.51779 32295.7
28.761 9.60229 32687.2
28.762 9.6856 33077.6
28.763 9.76773 33466.7
28.764 9.84865 33854.6
28.765 9.92836 34241.2
28.766 10.0069 34626.5
28.767 10.0841 35010.4
28.768 10.1602 35393.1
28.769 10.235 35774.3
28.77 10.3086 36154.2
28.771 10.381 36532.7
28.772 10.4521 36909.8
28.773 10.5219 37285.4
28.774 10.5905 37659.4
28.775 10.6579 38031.9
28.776 10.7239 38402.8
28.777 10.7887 38772
28.778 10.8522 39139.6
28.779 10.9144 39505.4
28.78 10.9753 39869.5
28.781 11.0349 40231.8
28.782 11.0932 40592.2
28.783 11.1502 40950.8
28.784 11.2058 41307.3
28.785 11.2602 41661.9
28.786 11.3132 42014.4
28.787 11.3649 42364.7
28.788 11.4152 42712.9
28.789 11.4642 43058.8
28.79 11.5118 43402.4
28.791 11.5581 43743.7
28.792 11.603 44082.5
28.793 11.6465 44418.7
28.794 11.6886 44752.2
28.795 11.7293 45082.8
28.796 11.7684 45410.5
28.797 11.8061 45735
28.798 11.8423 46056.3
28.799 11.877 46374.3
28.8 11.9101 46688.7
28.801 11.9416 46999.6
28.802 11.9716 47306.8
28.803 12.0001 47610.3
28.804 12.0269 47909.9
28.805 12.0522 48205.6
28.806 12.0759 48497.2
28.807 12.098 48784.8
28.808 12.1186 49068.3
28.809 12.1375 49347.5
28.81 12.1549 49622.4
28.811 12.1707 49892.9
28.812 12.185 50159.1
28.813 12.1977 50420.8
28.814 12.2089 50678
28.815 12.2185 50930.7
28.816 12.2266 51178.8
28.817 12.2333 51422.4
28.818 12.2384 51661.4
28.819 12.2421 51895.8
28.82 12.2443 52125.5
28.821 12.2451 52350.6
28.822 12.2445 52571
28.823 12.2424 52786.6
28.824 12.239 52997.6
28.825 12.2342 53203.8
28.826 12.2281 53405.3
28.827 12.2206 53602.1
28.828 12.2118 53794
28.829 12.2017 53981.3
28.83 12.1903 54163.7
28.831 12.1776 54341.4
28.832 12.1637 54514.2
28.833 12.1486 54682.3
28.834 12.1322 54845.5
28.835 12.1146 55003.8
28.836 12.0958 55157.2
28.837 12.0758 55305.7
28.838 12.0546 55449.3
28.839 12.0323 55587.9
28.84 12.0087 55721.6
28.841 11.984 55850.3
28.842 11.9582 55974
28.843 11.9312 56092.6
28.844 11.9031 56206.1
28.845 11.8739 56314.5
28.846 11.8435 56417.8
28.847 11.812 56515.8
28.848 11.7793 56608.7
28.849 11.7456 56696.3
28.85 11.7107 56778.7
28.851 11.6748 56855.7
28.852 11.6377 56927.4
28.853 11.5995 56993.6
28.854 11.5601 57054.1
28.855 11.5195 57109
28.856 11.4778 57158.1
28.857 11.4348 57201.3
28.858 11.3906 57238.5
28.859 11.3452 57269.6
28.86 11.2985 57294.6
28.861 11.2505 57313.3
28.862 11.2012 57325.6
28.863 11.1506 57331.5
28.864 11.0987 57330.7
28.865 11.0454 57323
28.866 10.9908 57308.3
28.867 10.9347 57286.4
28.868 10.8772 57257.4
28.869 10.8183 57220.9
28.87 10.7579 57177.1
28.871 10.696 57125.7
28.872 10.6327 57066.7
28.873 10.5678 56999.9
28.874 10.5013 56925.2
28.875 10.4333 56842.5
28.876 10.3637 56751.8
28.877 10.2925 56652.8
28.878 10.2196 56545.5
28.879 10.1451 56429.7
28.88 10.0688 56305.5
28.881 9.99089 56172.6
28.882 9.91122 56031.1
28.883 9.8298 55880.7
28.884 9.74662 55721.5
28.885 9.66164 55553.3
28.886 9.57485 55376.1
28.887 9.48623 55189.8
28.888 9.39578 54994.2
28.889 9.30345 54789.5
28.89 9.20925 54575.4
28.891 9.11314 54352
28.892 9.01514 54119.1
28.893 8.91521 53876.8
28.894 8.81336 53625.1
28.895 8.70958 53363.9
28.896 8.60386 53093.2
28.897 8.4962 52813
28.898 8.38658 52523.3
28.899 8.27499 52224.1
28.9 8.16145 51915.4
28.901 8.04592 51597.2
28.902 7.92843 51269.5
28.903 7.80897 50932.4
28.904 7.68754 50585.9
28.905 7.56414 50230
28.906 7.43878 49864.9
28.907 7.31147 49490.5
28.908 7.18219 49106.9
28.909 7.05097 48714.3
28.91 6.91779 48312.5
28.911 6.78267 47901.8
28.912 6.64562 47482.1
28.913 6.50665 47053.7
28.914 6.36577 46616.6
28.915 6.223 46170.9
28.916 6.07835 45716.8
28.917 5.93183 45254.3
28.918 5.78346 44783.6
28.919 5.63325 44304.7
28.92 5.48122 43817.9
28.921 5.32738 43323.2
28.922 5.17174 42820.8
28.923 5.01431 42310.7
28.924 4.8551 41793.1
28.925 4.69412 41268.1
28.926 4.53137 40735.7
28.927 4.36687 40196.2
28.928 4.20062 39649.5
28.929 4.03265 39095.9
28.93 3.86295 38535.5
28.931 3.69156 37968.3
28.932 3.51849 37394.6
28.933 3.34376 36814.6
28.934 3.1674 36228.3
28.935 2.98943 35635.9
28.936 2.80989 35037.6
28.937 2.6288 34433.7
28.938 2.4462 33824.2
28.939 2.26211 33209.3
28.94 2.07656 32589.2
28.941 1.8896 31964.1
28.942 1.70126 31334.2
28.943 1.51157 30699.6
28.944 1.32058 30060.6
28.945 1.12832 29417.3
28.946 0.934843 28769.9
28.947 0.740188 28118.6
28.948 0.544404 27463.6
28.949 0.347541 26805
28.95 0.14965 26143.2
28.951 -0.0492155 25478.2
28.952 -0.248998 24810.3
28.953 -0.449636 24139.7
28.954 -0.651068 23466.5
28.955 -0.853229 22791
28.956 -1.05605 22113.3
28.957 -1.25946 21433.8
28.958 -1.46338 20752.4
28.959 -1.66775 20069.6
28.96 -1.87248 19385.4
28.961 -2.07749 18700.1
28.962 -2.28269 18014
28.963 -2.48798 17327.2
28.964 -2.69324 16640.1
28.965 -2.89839 15952.8
28.966 -3.1033 15265.8
28.967 -3.30789 14579.2
28.968 -3.51203 13893.2
28.969 -3.71561 13208.3
28.97 -3.91853 12524.5
28.971 -4.12068 11842.1
28.972 -4.32194 11161.5
28.973 -4.5222 10482.8
28.974 -4.72134 9806.38
28.975 -4.91925 9132.38
28.976 -5.11582 8461.09
28.977 -5.31093 7792.75
28.978 -5.50448 7127.6
28.979 -5.69635 6465.89
28.98 -5.88642 5807.85
28.981 -6.07459 5153.74
28.982 -6.26074 4503.79
28.983 -6.44475 3858.28
28.984 -6.62651 3217.46
28.985 -6.80591 2581.58
28.986 -6.98283 1950.9
28.987 -7.15717 1325.67
28.988 -7.32882 706.115
28.989 -7.49768 92.4939
28.99 -7.66364 -514.961
28.991 -7.82662 -1116.01
28.992 -7.98652 -1710.44
28.993 -8.14325 -2298
28.994 -8.29671 -2878.49
28.995 -8.44684 -3451.68
28.996 -8.59354 -4017.36
28.997 -8.73675 -4575.31
28.998 -8.8764 -5125.34
28.999 -9.0124 -5667.24
29 -9.14472 -6200.81
29.001 -9.27328 -6725.88
29.002 -9.39803 -7242.26
29.003 -9.51895 -7749.82
29.004 -9.63598 -8248.39
29.005 -9.7491 -8737.83
29.006 -9.85828 -9218.01
29.007 -9.96349 -9688.78
29.008 -10.0647 -10150
29.009 -10.1619 -10601.6
29.01 -10.2551 -11043.4
29.011 -10.3443 -11475.3
29.012 -10.4294 -11897.2
29.013 -10.5105 -12309
29.014 -10.5876 -12710.7
29.015 -10.6607 -13102.3
29.016 -10.7299 -13483.5
29.017 -10.795 -13854.4
29.018 -10.8563 -14214.9
29.019 -10.9136 -14565
29.02 -10.967 -14904.6
29.021 -11.0166 -15233.7
29.022 -11.0623 -15552.1
29.023 -11.1042 -15860
29.024 -11.1423 -16157.1
29.025 -11.1767 -16443.5
29.026 -11.2074 -16719.1
29.027 -11.2343 -16983.8
29.028 -11.2577 -17237.6
29.029 -11.2774 -17480.6
29.03 -11.2935 -17712.6
29.031 -11.3061 -17933.6
29.032 -11.3153 -18143.7
29.033 -11.3209 -18342.8
29.034 -11.3232 -18531.1
29.035 -11.3222 -18708.4
29.036 -11.3179 -18874.8
29.037 -11.3104 -19030.4
29.038 -11.2997 -19175.2
29.039 -11.2859 -19309.3
29.04 -11.269 -19432.6
29.041 -11.2491 -19545.2
29.042 -11.2263 -19647.2
29.043 -11.2006 -19738.6
29.044 -11.172 -19819.5
29.045 -11.1406 -19890
29.046 -11.1066 -19950
29.047 -11.0698 -19999.8
29.048 -11.0304 -20039.3
29.049 -10.9885 -20068.7
29.05 -10.944 -20088
29.051 -10.8971 -20097.3
29.052 -10.8477 -20096.5
29.053 -10.796 -20085.7
29.054 -10.742 -20064.8
29.055 -10.6857 -20033.9
29.056 -10.6271 -19993.1
29.057 -10.5664 -19942.5
29.058 -10.5035 -19882
29.059 -10.4385 -19811.9
29.06 -10.3715 -19732.3
29.061 -10.3024 -19643.1
29.062 -10.2314 -19544.6
29.063 -10.1584 -19436.8
29.064 -10.0835 -19319.7
29.065 -10.0068 -19193.7
29.066 -9.92827 -19058.6
29.067 -9.84798 -18914.7
29.068 -9.76596 -18762.1
29.069 -9.68225 -18600.9
29.07 -9.5969 -18431.2
29.071 -9.50995 -18253.2
29.072 -9.42141 -18066.8
29.073 -9.33134 -17872.4
29.074 -9.23975 -17669.9
29.075 -9.14668 -17459.4
29.076 -9.05216 -17241.2
29.077 -8.95621 -17015.2
29.078 -8.85888 -16781.6
29.079 -8.76018 -16540.6
29.08 -8.66016 -16292.2
29.081 -8.55883 -16036.6
29.082 -8.45624 -15774
29.083 -8.35243 -15504.4
29.084 -8.24744 -15228.1
29.085 -8.1413 -14945.2
29.086 -8.03405 -14655.9
29.087 -7.92572 -14360.4
29.088 -7.81637 -14058.8
29.089 -7.70602 -13751.3
29.09 -7.59472 -13438.1
29.091 -7.4825 -13119.3
29.092 -7.3694 -12795.1
29.093 -7.25546 -12465.8
29.094 -7.14071 -12131.5
29.095 -7.02521 -11792.3
29.096 -6.90897 -11448.5
29.097 -6.79205 -11100.2
29.098 -6.67448 -10747.7
29.099 -6.5563 -10391.1
29.1 -6.43755 -10030.6
29.101 -6.31826 -9666.36
29.102 -6.19847 -9298.62
29.103 -6.07822 -8927.51
29.104 -5.95752 -8553.2
29.105 -5.83642 -8175.85
29.106 -5.71494 -7795.62
29.107 -5.59312 -7412.69
29.108 -5.47099 -7027.22
29.109 -5.34857 -6639.38
29.11 -5.22591 -6249.35
29.111 -5.10304 -5857.29
29.112 -4.98 -5463.41
29.113 -4.85683 -5067.89
29.114 -4.73357 -4670.94
29.115 -4.61027 -4272.77
29.116 -4.48697 -3873.56
29.117 -4.36372 -3473.52
29.118 -4.24055 -3072.86
29.119 -4.11751 -2671.77
29.12 -3.99465 -2270.44
29.121 -3.87201 -1869.09
29.122 -3.74963 -1467.91
29.123 -3.62756 -1067.1
29.124 -3.50585 -666.851
29.125 -3.38454 -267.369
29.126 -3.26368 131.152
29.127 -3.14332 528.515
29.128 -3.02349 924.527
29.129 -2.90425 1318.99
29.13 -2.78565 1711.72
29.131 -2.66772 2102.52
29.132 -2.55052 2491.22
29.133 -2.43407 2877.67
29.134 -2.31842 3261.7
29.135 -2.2036 3643.16
29.136 -2.08966 4021.89
29.137 -1.97664 4397.73
29.138 -1.86456 4770.53
29.139 -1.75348 5140.14
29.14 -1.64343 5506.4
29.141 -1.53446 5869.17
29.142 -1.42659 6228.3
29.143 -1.31987 6583.65
29.144 -1.21435 6935.05
29.145 -1.11005 7282.39
29.146 -1.00701 7625.51
29.147 -0.905282 7964.27
29.148 -0.804896 8298.55
29.149 -0.705892 8628.2
29.15 -0.608308 8953.1
29.151 -0.512181 9273.11
29.152 -0.417549 9588.1
29.153 -0.32445 9897.95
29.154 -0.232918 10202.5
29.155 -0.142992 10501.7
29.156 -0.0547054 10795.4
29.157 0.0319051 11083.5
29.158 0.116805 11365.9
29.159 0.19996 11642.4
29.16 0.281337 11912.9
29.161 0.360903 12177.4
29.162 0.438633 12435.7
29.163 0.514505 12687.9
29.164 0.588495 12933.7
29.165 0.660581 13173.3
29.166 0.730743 13406.4
29.167 0.798961 13633
29.168 0.865216 13853.1
29.169 0.929488 14066.7
29.17 0.991761 14273.6
29.171 1.05202 14473.7
29.172 1.11023 14667.2
29.173 1.16638 14853.8
29.174 1.22044 15033.4
29.175 1.2724 15206.1
29.176 1.32222 15371.8
29.177 1.36989 15530.3
29.178 1.4154 15681.7
29.179 1.45872 15825.9
29.18 1.49984 15962.8
29.181 1.53874 16092.3
29.182 1.57539 16214.4
29.183 1.60978 16329.1
29.184 1.64189 16436.2
29.185 1.67169 16535.8
29.186 1.69917 16627.6
29.187 1.7243 16711.7
29.188 1.74707 16788
29.189 1.76747 16856.4
29.19 1.78548 16917
29.191 1.80108 16969.6
29.192 1.81426 17014.2
29.193 1.82501 17050.8
29.194 1.83332 17079.3
29.195 1.83919 17099.7
29.196 1.84259 17111.9
29.197 1.84353 17116
29.198 1.84198 17111.8
29.199 1.83798 17099.3
29.2 1.83148 17078.4
29.201 1.8225 17049.2
29.202 1.81102 17011.5
29.203 1.79703 16965.4
29.204 1.78053 16910.8
29.205 1.7615 16847.7
29.206 1.73994 16776.1
29.207 1.71584 16695.9
29.208 1.6892 16607.1
29.209 1.66001 16509.7
29.21 1.62828 16403.7
29.211 1.59399 16289.1
29.212 1.55716 16165.9
29.213 1.5178 16034.1
29.214 1.47591 15893.8
29.215 1.4315 15745
29.216 1.38459 15587.7
29.217 1.33519 15422
29.218 1.28331 15248
29.219 1.22896 15065.6
29.22 1.17217 14874.9
29.221 1.11295 14676
29.222 1.05131 14469
29.223 0.987301 14254
29.224 0.920934 14031
29.225 0.852243 13800.2
29.226 0.781255 13561.7
29.227 0.708001 13315.5
29.228 0.632513 13061.7
29.229 0.554823 12800.6
29.23 0.474963 12532.2
29.231 0.392967 12256.6
29.232 0.308871 11973.9
29.233 0.22271 11684.3
29.234 0.13452 11387.9
29.235 0.0443397 11084.7
29.236 -0.0477924 10775.1
29.237 -0.141836 10459
29.238 -0.237751 10136.7
29.239 -0.335496 9808.18
29.24 -0.435026 9473.7
29.241 -0.536295 9133.37
29.242 -0.639252 8787.37
29.243 -0.743842 8435.87
29.244 -0.850009 8079.06
29.245 -0.957696 7717.12
29.246 -1.06684 7350.23
29.247 -1.1774 6978.58
29.248 -1.28929 6602.36
29.249 -1.40247 6221.77
29.25 -1.51686 5836.99
29.251 -1.63242 5448.2
29.252 -1.74909 5055.56
29.253 -1.86682 4659.2
29.254 -1.98557 4259.26
29.255 -2.10528 3855.89
29.256 -2.2259 3449.23
29.257 -2.34739 3039.42
29.258 -2.46969 2626.61
29.259 -2.59275 2210.94
29.26 -2.71651 1792.56
29.261 -2.84093 1371.62
29.262 -2.96595 948.234
29.263 -3.09153 522.531
29.264 -3.21762 94.6314
29.265 -3.34416 -335.344
29.266 -3.47112 -767.27
29.267 -3.59843 -1201.03
29.268 -3.72606 -1636.49
29.269 -3.85394 -2073.52
29.27 -3.98203 -2512.02
29.271 -4.11027 -2951.83
29.272 -4.2386 -3392.82
29.273 -4.36696 -3834.83
29.274 -4.49529 -4277.7
29.275 -4.62352 -4721.28
29.276 -4.7516 -5165.41
29.277 -4.87945 -5609.93
29.278 -5.00702 -6054.7
29.279 -5.13424 -6499.56
29.28 -5.26105 -6944.35
29.281 -5.38739 -7388.94
29.282 -5.51321 -7833.21
29.283 -5.63847 -8277.08
29.284 -5.76312 -8720.44
29.285 -5.88711 -9163.2
29.286 -6.0104 -9605.27
29.287 -6.13296 -10046.6
29.288 -6.25472 -10487
29.289 -6.37565 -10926.4
29.29 -6.49571 -11364.8
29.291 -6.61485 -11802.1
29.292 -6.73302 -12238
29.293 -6.85015 -12672.6
29.294 -6.96619 -13105.5
29.295 -7.08109 -13536.8
29.296 -7.19478 -13966.1
29.297 -7.30722 -14393.5
29.298 -7.41834 -14818.7
29.299 -7.52811 -15241.7
29.3 -7.63646 -15662.3
29.301 -7.74334 -16080.3
29.302 -7.84871 -16495.6
29.303 -7.9525 -16908
29.304 -8.05466 -17317.4
29.305 -8.15514 -17723.6
29.306 -8.25389 -18126.5
29.307 -8.35086 -18525.9
29.308 -8.44599 -18921.7
29.309 -8.53926 -19313.7
29.31 -8.6306 -19701.8
29.311 -8.71998 -20085.8
29.312 -8.80736 -20465.6
29.313 -8.8927 -20841
29.314 -8.97597 -21212
29.315 -9.05712 -21578.4
29.316 -9.13614 -21940
29.317 -9.21297 -22296.7
29.318 -9.28761 -22648.4
29.319 -9.36001 -22995
29.32 -9.43016 -23336.4
29.321 -9.49803 -23672.4
29.322 -9.5636 -24002.9
29.323 -9.62685 -24327.8
29.324 -9.68777 -24647.1
29.325 -9.74633 -24960.5
29.326 -9.80253 -25268.1
29.327 -9.85635 -25569.6
29.328 -9.90778 -25865
29.329 -9.95681 -26154.2
29.33 -10.0034 -26437.1
29.331 -10.0477 -26713.7
29.332 -10.0895 -26983.8
29.333 -10.1289 -27247.3
29.334 -10.1658 -27504.2
29.335 -10.2004 -27754.5
29.336 -10.2325 -27997.9
29.337 -10.2623 -28234.5
29.338 -10.2896 -28464.2
29.339 -10.3145 -28686.9
29.34 -10.3371 -28902.5
29.341 -10.3573 -29111.1
29.342 -10.3751 -29312.6
29.343 -10.3906 -29507
29.344 -10.4038 -29694.3
29.345 -10.4147 -29874.6
29.346 -10.4234 -30047.8
29.347 -10.4299 -30214
29.348 -10.4342 -30373.2
29.349 -10.4363 -30525.3
29.35 -10.4364 -30670.5
29.351 -10.4344 -30808.8
29.352 -10.4303 -30940.2
29.353 -10.4242 -31064.6
29.354 -10.4161 -31182.1
29.355 -10.406 -31292.7
29.356 -10.394 -31396.4
29.357 -10.3801 -31493.3
29.358 -10.3643 -31583.2
29.359 -10.3466 -31666.4
29.36 -10.3271 -31742.8
29.361 -10.3058 -31812.3
29.362 -10.2827 -31875.2
29.363 -10.2579 -31931.4
29.364 -10.2313 -31981
29.365 -10.2032 -32024.1
29.366 -10.1734 -32060.7
29.367 -10.142 -32091
29.368 -10.1091 -32114.9
29.369 -10.0747 -32132.6
29.37 -10.0389 -32144.1
29.371 -10.0016 -32149.5
29.372 -9.96284 -32148.8
29.373 -9.92273 -32142.1
29.374 -9.88127 -32129.2
29.375 -9.83846 -32110.3
29.376 -9.79432 -32085.4
29.377 -9.74888 -32054.5
29.378 -9.70215 -32017.6
29.379 -9.65415 -31974.9
29.38 -9.60492 -31926.2
29.381 -9.55447 -31871.8
29.382 -9.50281 -31811.5
29.383 -9.44998 -31745.6
29.384 -9.39599 -31674
29.385 -9.34087 -31596.7
29.386 -9.28464 -31514
29.387 -9.22731 -31425.6
29.388 -9.16891 -31331.9
29.389 -9.10947 -31232.8
29.39 -9.04899 -31128.3
29.391 -8.98752 -31018.6
29.392 -8.92505 -30903.7
29.393 -8.86163 -30783.6
29.394 -8.79727 -30658.6
29.395 -8.73199 -30528.5
29.396 -8.66581 -30393.5
29.397 -8.59876 -30253.7
29.398 -8.53086 -30109.2
29.399 -8.46213 -29960
29.4 -8.39259 -29806.1
29.401 -8.32227 -29647.8
29.402 -8.25118 -29485
29.403 -8.17935 -29317.9
29.404 -8.1068 -29146.6
29.405 -8.03356 -28971
29.406 -7.95964 -28791.4
29.407 -7.88507 -28607.8
29.408 -7.80986 -28420.3
29.409 -7.73406 -28229
29.41 -7.65767 -28033.9
29.411 -7.58071 -27835.3
29.412 -7.50323 -27633.2
29.413 -7.42525 -27427.7
29.414 -7.3468 -27219
29.415 -7.26792 -27007.1
29.416 -7.18863 -26792.3
29.417 -7.10896 -26574.7
29.418 -7.02896 -26354.3
29.419 -6.94864 -26131.4
29.42 -6.86804 -25906
29.421 -6.7872 -25678.3
29.422 -6.70615 -25448.4
29.423 -6.62493 -25216.6
29.424 -6.54359 -24982.9
29.425 -6.46215 -24747.6
29.426 -6.38067 -24510.8
29.427 -6.29918 -24272.6
29.428 -6.21773 -24033.3
29.429 -6.13634 -23793
29.43 -6.05507 -23551.9
29.431 -5.97395 -23310.1
29.432 -5.89303 -23067.8
29.433 -5.81237 -22825.3
29.434 -5.73199 -22582.7
29.435 -5.65197 -22340.2
29.436 -5.57234 -22098
29.437 -5.49315 -21856.3
29.438 -5.41445 -21615.3
29.439 -5.33629 -21375.2
29.44 -5.25871 -21136.2
29.441 -5.18176 -20898.5
29.442 -5.10549 -20662.1
29.443 -5.02993 -20427.4
29.444 -4.95511 -20194.4
29.445 -4.88109 -19963.3
29.446 -4.80788 -19734.3
29.447 -4.73555 -19507.5
29.448 -4.66411 -19283.1
29.449 -4.59362 -19061.2
29.45 -4.5241 -18841.9
29.451 -4.45559 -18625.5
29.452 -4.38812 -18412
29.453 -4.3217 -18201.5
29.454 -4.25635 -17994.1
29.455 -4.1921 -17789.9
29.456 -4.12895 -17589
29.457 -4.06694 -17391.4
29.458 -4.00607 -17197.2
29.459 -3.94638 -17006.6
29.46 -3.88786 -16819.5
29.461 -3.83055 -16636.2
29.462 -3.77446 -16456.5
29.463 -3.71961 -16280.7
29.464 -3.66601 -16108.7
29.465 -3.61368 -15940.7
29.466 -3.56263 -15776.8
29.467 -3.51289 -15616.9
29.468 -3.46446 -15461.2
29.469 -3.41737 -15309.7
29.47 -3.37162 -15162.5
29.471 -3.32723 -15019.7
29.472 -3.2842 -14881.1
29.473 -3.24252 -14746.9
29.474 -3.20219 -14617.1
29.475 -3.1632 -14491.5
29.476 -3.12555 -14370.3
29.477 -3.08923 -14253.4
29.478 -3.05424 -14140.8
29.479 -3.02057 -14032.5
29.48 -2.98821 -13928.4
29.481 -2.95716 -13828.6
29.482 -2.92742 -13733
29.483 -2.89899 -13641.8
29.484 -2.87186 -13554.8
29.485 -2.84604 -13472
29.486 -2.82153 -13393.6
29.487 -2.79832 -13319.4
29.488 -2.77642 -13249.6
29.489 -2.75581 -13184
29.49 -2.7365 -13122.7
29.491 -2.71849 -13065.6
29.492 -2.70178 -13012.9
29.493 -2.68638 -12964.5
29.494 -2.67228 -12920.4
29.495 -2.65949 -12880.6
29.496 -2.64802 -12845.2
29.497 -2.63787 -12814.2
29.498 -2.62903 -12787.6
29.499 -2.62152 -12765.3
29.5 -2.61532 -12747.5
29.501 -2.61045 -12734
29.502 -2.60688 -12725
29.503 -2.60466 -12720.4
29.504 -2.60376 -12720.2
29.505 -2.60417 -12724.4
29.506 -2.6059 -12733
29.507 -2.60892 -12746.1
29.508 -2.61326 -12763.5
29.509 -2.6189 -12785.4
29.51 -2.62585 -12811.7
29.511 -2.63409 -12842.3
29.512 -2.64362 -12877.3
29.513 -2.65443 -12916.6
29.514 -2.66652 -12960.3
29.515 -2.67987 -13008.3
29.516 -2.69449 -13060.5
29.517 -2.71036 -13117.1
29.518 -2.72747 -13177.8
29.519 -2.74581 -13242.8
29.52 -2.76538 -13311.9
29.521 -2.78616 -13385.2
29.522 -2.80812 -13462.5
29.523 -2.83123 -13543.8
29.524 -2.85547 -13629
29.525 -2.88081 -13717.9
29.526 -2.9072 -13810.5
29.527 -2.93464 -13906.7
29.528 -2.96307 -14006.3
29.529 -2.99247 -14109.3
29.53 -3.02281 -14215.6
29.531 -3.05406 -14325.1
29.532 -3.08616 -14437.6
29.533 -3.11909 -14552.9
29.534 -3.15279 -14671.1
29.535 -3.18723 -14791.8
29.536 -3.22236 -14915.1
29.537 -3.25814 -15040.7
29.538 -3.29452 -15168.4
29.539 -3.33146 -15298.3
29.54 -3.36892 -15430
29.541 -3.40685 -15563.5
29.542 -3.44521 -15698.7
29.543 -3.48395 -15835.3
29.544 -3.52302 -15973.3
29.545 -3.56239 -16112.5
29.546 -3.60201 -16252.7
29.547 -3.64183 -16393.8
29.548 -3.68181 -16535.6
29.549 -3.7219 -16678.1
29.55 -3.76205 -16821.1
29.551 -3.80223 -16964.3
29.552 -3.84238 -17107.8
29.553 -3.88247 -17251.2
29.554 -3.92244 -17394.5
29.555 -3.96226 -17537.6
29.556 -4.00187 -17680.2
29.557 -4.04124 -17822.3
29.558 -4.08032 -17963.7
29.559 -4.11906 -18104.2
29.56 -4.15742 -18243.7
29.561 -4.19537 -18382.1
29.562 -4.23286 -18519.3
29.563 -4.26986 -18655.1
29.564 -4.30634 -18789.4
29.565 -4.34226 -18922.1
29.566 -4.37759 -19053.1
29.567 -4.4123 -19182.3
29.568 -4.44636 -19309.6
29.569 -4.47973 -19434.8
29.57 -4.51238 -19557.9
29.571 -4.54428 -19678.8
29.572 -4.57541 -19797.3
29.573 -4.60572 -19913.4
29.574 -4.6352 -20026.9
29.575 -4.66381 -20137.8
29.576 -4.69153 -20245.9
29.577 -4.71832 -20351.2
29.578 -4.74416 -20453.5
29.579 -4.76903 -20552.7
29.58 -4.79289 -20648.8
29.581 -4.81572 -20741.7
29.582 -4.83751 -20831.3
29.583 -4.85824 -20917.5
29.584 -4.87788 -21000.3
29.585 -4.89644 -21079.6
29.586 -4.91389 -21155.4
29.587 -4.93022 -21227.5
29.588 -4.94541 -21296.1
29.589 -4.95947 -21360.9
29.59 -4.97236 -21421.9
29.591 -4.98408 -21479.2
29.592 -4.99462 -21532.6
29.593 -5.00395 -21582
29.594 -5.01205 -21627.4
29.595 -5.01891 -21668.7
29.596 -5.02451 -21705.8
29.597 -5.02883 -21738.7
29.598 -5.03187 -21767.3
29.599 -5.03359 -21791.6
29.6 -5.03399 -21811.4
29.601 -5.03306 -21826.7
29.602 -5.03078 -21837.4
29.603 -5.02714 -21843.6
29.604 -5.02212 -21845.1
29.605 -5.0157 -21841.9
29.606 -5.00789 -21833.9
29.607 -4.9987 -21821.1
29.608 -4.98808 -21803.4
29.609 -4.97603 -21780.8
29.61 -4.96254 -21753.3
29.611 -4.94762 -21720.7
29.612 -4.93124 -21683.2
29.613 -4.91341 -21640.5
29.614 -4.89411 -21592.8
29.615 -4.87335 -21539.9
29.616 -4.85111 -21481.9
29.617 -4.8274 -21418.6
29.618 -4.8022 -21350.2
29.619 -4.77552 -21276.5
29.62 -4.74734 -21197.5
29.621 -4.71768 -21113.3
29.622 -4.68652 -21023.8
29.623 -4.65387 -20928.9
29.624 -4.61973 -20828.7
29.625 -4.58408 -20723.2
29.626 -4.54694 -20612.3
29.627 -4.50831 -20496.1
29.628 -4.46818 -20374.5
29.629 -4.42656 -20247.6
29.63 -4.38345 -20115.3
29.631 -4.33885 -19977.6
29.632 -4.29277 -19834.6
29.633 -4.24523 -19686.4
29.634 -4.19624 -19532.9
29.635 -4.14581 -19374.1
29.636 -4.09395 -19210.3
29.637 -4.04068 -19041.3
29.638 -3.98601 -18867.2
29.639 -3.92995 -18688.1
29.64 -3.87253 -18504.1
29.641 -3.81376 -18315.1
29.642 -3.75365 -18121.3
29.643 -3.69224 -17922.7
29.644 -3.62955 -17719.5
29.645 -3.56561 -17511.7
29.646 -3.50044 -17299.4
29.647 -3.43406 -17082.8
29.648 -3.36651 -16861.9
29.649 -3.2978 -16636.7
29.65 -3.22798 -16407.5
29.651 -3.15705 -16174.3
29.652 -3.08506 -15937.2
29.653 -3.01203 -15696.3
29.654 -2.93799 -15451.7
29.655 -2.86297 -15203.5
29.656 -2.78699 -14951.9
29.657 -2.71008 -14696.9
29.658 -2.63228 -14438.6
29.659 -2.55361 -14177.2
29.66 -2.47411 -13912.8
29.661 -2.3938 -13645.5
29.662 -2.31272 -13375.4
29.663 -2.23092 -13102.7
29.664 -2.14844 -12827.5
29.665 -2.0653 -12550
29.666 -1.98156 -12270.3
29.667 -1.89726 -11988.6
29.668 -1.81243 -11704.9
29.669 -1.72711 -11419.6
29.67 -1.64136 -11132.6
29.671 -1.5552 -10844.3
29.672 -1.46867 -10554.6
29.673 -1.38181 -10263.7
29.674 -1.29465 -9971.76
29.675 -1.20723 -9678.88
29.676 -1.11957 -9385.18
29.677 -1.03172 -9090.78
29.678 -0.943698 -8795.82
29.679 -0.855551 -8500.41
29.68 -0.767311 -8204.68
29.681 -0.679009 -7908.74
29.682 -0.590676 -7612.71
29.683 -0.502337 -7316.66
29.684 -0.414019 -7020.71
29.685 -0.325749 -6724.94
29.686 -0.237555 -6429.44
29.687 -0.149464 -6134.32
29.688 -0.0615022 -5839.66
29.689 0.0263014 -5545.57
29.69 0.113919 -5252.13
29.691 0.201328 -4959.41
29.692 0.288513 -4667.48
29.693 0.375463 -4376.37
29.694 0.462168 -4086.1
29.695 0.548616 -3796.71
29.696 0.634798 -3508.24
29.697 0.720701 -3220.72
29.698 0.806314 -2934.18
29.699 0.891628 -2648.64
29.7 0.97663 -2364.15
29.701 1.06131 -2080.73
29.702 1.14566 -1798.42
29.703 1.22966 -1517.23
29.704 1.3133 -1237.21
29.705 1.39658 -958.378
29.706 1.47949 -680.763
29.707 1.562 -404.394
29.708 1.64412 -129.297
29.709 1.72583 144.5
29.71 1.80712 416.971
29.711 1.88798 688.093
29.712 1.96839 957.84
29.713 2.04836 1226.19
29.714 2.12787 1493.12
29.715 2.2069 1758.6
29.716 2.28546 2022.62
29.717 2.36352 2285.15
29.718 2.44109 2546.17
29.719 2.51815 2805.66
29.72 2.59469 3063.61
29.721 2.6707 3319.98
29.722 2.74616 3574.74
29.723 2.82107 3827.84
29.724 2.89539 4079.23
29.725 2.96913 4328.87
29.726 3.04225 4576.73
29.727 3.11474 4822.74
29.728 3.18659 5066.88
29.729 3.25778 5309.1
29.73 3.32829 5549.36
29.731 3.39812 5787.62
29.732 3.46724 6023.85
29.733 3.53565 6258
29.734 3.60332 6490.04
29.735 3.67025 6719.93
29.736 3.73642 6947.64
29.737 3.80182 7173.13
29.738 3.86643 7396.38
29.739 3.93025 7617.35
29.74 3.99326 7836.02
29.741 4.05545 8052.33
29.742 4.11681 8266.26
29.743 4.17731 8477.73
29.744 4.23693 8686.69
29.745 4.29566 8893.09
29.746 4.35348 9096.88
29.747 4.41038 9298.01
29.748 4.46633 9496.42
29.749 4.52132 9692.06
29.75 4.57534 9884.9
29.751 4.62837 10074.9
29.752 4.68041 10262
29.753 4.73144 10446.2
29.754 4.78148 10627.6
29.755 4.8305 10806
29.756 4.87852 10981.4
29.757 4.92552 11154
29.758 4.9715 11323.6
29.759 5.01647 11490.3
29.76 5.06042 11654
29.761 5.10335 11814.7
29.762 5.14526 11972.5
29.763 5.18614 12127.3
29.764 5.22602 12279.1
29.765 5.26487 12428
29.766 5.30271 12573.9
29.767 5.33953 12716.9
29.768 5.37535 12856.9
29.769 5.41016 12994
29.77 5.44397 13128.1
29.771 5.47679 13259.3
29.772 5.50862 13387.6
29.773 5.53948 13513
29.774 5.56938 13635.7
29.775 5.59834 13755.5
29.776 5.62638 13872.6
29.777 5.65351 13987.1
29.778 5.67975 14098.9
29.779 5.70511 14208.1
29.78 5.72961 14314.8
29.781 5.75326 14419
29.782 5.77608 14520.7
29.783 5.79808 14619.9
29.784 5.81925 14716.8
29.785 5.83963 14811.2
29.786 5.85921 14903.2
29.787 5.878 14992.9
29.788 5.89602 15080.3
29.789 5.91327 15165.3
29.79 5.92978 15248.1
29.791 5.94554 15328.7
29.792 5.96059 15407.1
29.793 5.97493 15483.4
29.794 5.9886 15557.6
29.795 6.00162 15629.8
29.796 6.014 15700.2
29.797 6.02576 15768.6
29.798 6.03694 15835.2
29.799 6.04754 15900.1
29.8 6.0576 15963.4
29.801 6.06713 16025
29.802 6.07615 16085.1
29.803 6.08468 16143.6
29.804 6.09272 16200.6
29.805 6.10029 16256.3
29.806 6.10741 16310.5
29.807 6.11408 16363.3
29.808 6.12034 16414.9
29.809 6.12618 16465.1
29.81 6.13162 16514.1
29.811 6.13668 16562
29.812 6.14137 16608.6
29.813 6.14568 16654.1
29.814 6.14964 16698.5
29.815 6.15324 16741.7
29.816 6.15649 16783.8
29.817 6.15939 16824.9
29.818 6.16197 16864.8
29.819 6.16421 16903.7
29.82 6.16613 16941.6
29.821 6.16774 16978.5
29.822 6.16902 17014.3
29.823 6.16997 17049
29.824 6.17057 17082.6
29.825 6.17082 17115
29.826 6.17071 17146.2
29.827 6.17023 17176.2
29.828 6.16937 17205
29.829 6.16812 17232.4
29.83 6.16648 17258.5
29.831 6.16443 17283.2
29.832 6.16199 17306.6
29.833 6.15916 17328.7
29.834 6.15595 17349.4
29.835 6.15238 17369
29.836 6.14845 17387.2
29.837 6.14417 17404.3
29.838 6.13955 17420.2
29.839 6.13461 17434.9
29.84 6.12935 17448.5
29.841 6.12378 17461
29.842 6.11789 17472.4
29.843 6.11168 17482.6
29.844 6.10516 17491.7
29.845 6.09829 17499.5
29.846 6.09108 17506.1
29.847 6.08352 17511.5
29.848 6.07561 17515.5
29.849 6.06734 17518.3
29.85 6.0587 17519.8
29.851 6.04969 17519.9
29.852 6.04032 17518.6
29.853 6.03058 17516
29.854 6.02049 17512
29.855 6.01004 17506.7
29.856 5.99923 17500
29.857 5.98808 17492.1
29.858 5.97658 17482.8
29.859 5.96476 17472.1
29.86 5.95259 17460.2
29.861 5.94009 17447.1
29.862 5.92728 17432.6
29.863 5.91416 17417
29.864 5.90074 17400.2
29.865 5.88705 17382.3
29.866 5.8731 17363.3
29.867 5.85889 17343.3
29.868 5.84445 17322.3
29.869 5.82978 17300.3
29.87 5.8149 17277.4
29.871 5.79983 17253.7
29.872 5.78457 17229.2
29.873 5.76915 17203.9
29.874 5.75357 17177.8
29.875 5.73785 17151.1
29.876 5.722 17123.8
29.877 5.70604 17095.8
29.878 5.68998 17067.3
29.879 5.67383 17038.4
29.88 5.65761 17008.9
29.881 5.64133 16979.1
29.882 5.625 16948.9
29.883 5.60861 16918.3
29.884 5.59218 16887.3
29.885 5.57572 16856
29.886 5.55922 16824.4
29.887 5.54269 16792.5
29.888 5.52614 16760.4
29.889 5.50957 16727.9
29.89 5.49298 16695.2
29.891 5.47639 16662.3
29.892 5.45979 16629.2
29.893 5.4432 16595.9
29.894 5.42661 16562.4
29.895 5.41004 16528.7
29.896 5.39348 16494.9
29.897 5.37694 16461
29.898 5.36043 16427
29.899 5.34395 16392.9
29.9 5.32751 16358.8
29.901 5.31111 16324.6
29.902 5.29475 16290.4
29.903 5.27845 16256.1
29.904 5.2622 16221.9
29.905 5.24601 16187.7
29.906 5.22989 16153.5
29.907 5.21385 16119.4
29.908 5.19787 16085.4
29.909 5.18198 16051.5
29.91 5.16617 16017.7
29.911 5.15045 15984
29.912 5.13481 15950.4
29.913 5.11926 15917
29.914 5.10378 15883.6
29.915 5.08837 15850.4
29.916 5.07304 15817.2
29.917 5.05777 15784
29.918 5.04256 15750.9
29.919 5.02741 15717.9
29.92 5.01231 15684.8
29.921 4.99726 15651.8
29.922 4.98225 15618.8
29.923 4.96728 15585.7
29.924 4.95235 15552.7
29.925 4.93746 15519.6
29.926 4.92259 15486.4
29.927 4.90774 15453.2
29.928 4.89292 15419.9
29.929 4.87811 15386.5
29.93 4.86332 15353.1
29.931 4.84853 15319.5
29.932 4.83375 15285.8
29.933 4.81897 15251.9
29.934 4.80419 15217.9
29.935 4.7894 15183.7
29.936 4.7746 15149.4
29.937 4.75979 15114.9
29.938 4.74495 15080.2
29.939 4.7301 15045.3
29.94 4.71522 15010.1
29.941 4.70031 14974.7
29.942 4.68536 14939.1
29.943 4.67035 14903.1
29.944 4.65528 14866.8
29.945 4.64013 14830
29.946 4.62489 14792.9
29.947 4.60954 14755.2
29.948 4.59409 14717.1
29.949 4.5785 14678.4
29.95 4.56278 14639.1
29.951 4.54692 14599.1
29.952 4.53089 14558.5
29.953 4.51469 14517.2
29.954 4.4983 14475.1
29.955 4.48172 14432.3
29.956 4.46494 14388.6
29.957 4.44794 14344
29.958 4.43071 14298.5
29.959 4.41325 14252.2
29.96 4.39554 14204.8
29.961 4.37757 14156.4
29.962 4.35933 14107
29.963 4.34081 14056.5
29.964 4.322 14004.8
29.965 4.30289 13952.1
29.966 4.28348 13898.1
29.967 4.26374 13842.9
29.968 4.24368 13786.5
29.969 4.22329 13728.8
29.97 4.20254 13669.8
29.971 4.18144 13609.4
29.972 4.15997 13547.6
29.973 4.13811 13484.4
29.974 4.11584 13419.6
29.975 4.09315 13353.3
29.976 4.07002 13285.3
29.977 4.04643 13215.7
29.978 4.02237 13144.2
29.979 3.99782 13071
29.98 3.97277 12995.9
29.981 3.9472 12918.9
29.982 3.92109 12840
29.983 3.89444 12759
29.984 3.86722 12676
29.985 3.83941 12590.8
29.986 3.81102 12503.5
29.987 3.78202 12413.9
29.988 3.75239 12322.1
29.989 3.72213 12228
29.99 3.69123 12131.5
29.991 3.65966 12032.6
29.992 3.62742 11931.3
29.993 3.59449 11827.5
29.994 3.56086 11721.2
29.995 3.52652 11612.3
29.996 3.49146 11500.8
29.997 3.45567 11386.6
29.998 3.41913 11269.8
29.999 3.38184 11150.2
30 3.34378 11027.9
30.001 3.30495 10902.8
30.002 3.26534 10774.9
30.003 3.22496 10644.3
30.004 3.18379 10510.8
30.005 3.14185 10374.5
30.006 3.09913 10235.5
30.007 3.05563 10093.6
30.008 3.01135 9948.98
30.009 2.9663 9801.57
30.01 2.92047 9651.38
30.011 2.87386 9498.41
30.012 2.82647 9342.65
30.013 2.7783 9184.08
30.014 2.72932 9022.68
30.015 2.67955 8858.43
30.016 2.62897 8691.32
30.017 2.57758 8521.33
30.018 2.52538 8348.45
30.019 2.47234 8172.66
30.02 2.41849 7993.95
30.021 2.3638 7812.33
30.022 2.3083 7627.83
30.023 2.25199 7440.5
30.024 2.1949 7250.39
30.025 2.13702 7057.56
30.026 2.07839 6862.06
30.027 2.01901 6663.95
30.028 1.95889 6463.27
30.029 1.89807 6260.09
30.03 1.83654 6054.46
30.031 1.77432 5846.44
30.032 1.71143 5636.07
30.033 1.64787 5423.37
30.034 1.58364 5208.37
30.035 1.51877 4991.12
30.036 1.45325 4771.65
30.037 1.38709 4549.98
30.038 1.32031 4326.17
30.039 1.25291 4100.23
30.04 1.18491 3872.22
30.041 1.11631 3642.18
30.042 1.04714 3410.2
30.043 0.977436 3176.37
30.044 0.907215 2940.81
30.045 0.836508 2703.59
30.046 0.765346 2464.84
30.047 0.693756 2224.64
30.048 0.621769 1983.11
30.049 0.549412 1740.33
30.05 0.476717 1496.42
30.051 0.403713 1251.48
30.052 0.33043 1005.6
30.053 0.256898 758.904
30.054 0.183148 511.483
30.055 0.10921 263.445
30.056 0.0351142 14.8933
30.057 -0.0391076 -234.067
30.058 -0.113424 -483.33
30.059 -0.187805 -732.793
30.06 -0.262218 -982.351
30.061 -0.336633 -1231.91
30.062 -0.411026 -1481.38
30.063 -0.485373 -1730.69
30.064 -0.559651 -1979.76
30.065 -0.633838 -2228.53
30.066 -0.707909 -2476.91
30.067 -0.781842 -2724.84
30.068 -0.855612 -2972.23
30.069 -0.929198 -3219.01
30.07 -1.00257 -3465.11
30.071 -1.07572 -3710.46
30.072 -1.14861 -3954.98
30.073 -1.22122 -4198.6
30.074 -1.29353 -4441.26
30.075 -1.36552 -4682.86
30.076 -1.43715 -4923.36
30.077 -1.50842 -5162.67
30.078 -1.57929 -5400.73
30.079 -1.64975 -5637.47
30.08 -1.71977 -5872.81
30.081 -1.78933 -6106.7
30.082 -1.8584 -6339.05
30.083 -1.92697 -6569.82
30.084 -1.99501 -6798.92
30.085 -2.06251 -7026.3
30.086 -2.12943 -7251.89
30.087 -2.19576 -7475.63
30.088 -2.26148 -7697.46
30.089 -2.32657 -7917.31
30.09 -2.39101 -8135.12
30.091 -2.45477 -8350.84
30.092 -2.51784 -8564.4
30.093 -2.5802 -8775.75
30.094 -2.64183 -8984.83
30.095 -2.70271 -9191.58
30.096 -2.76282 -9395.95
30.097 -2.82215 -9597.88
30.098 -2.88068 -9797.33
30.099 -2.93839 -9994.24
30.1 -2.99526 -10188.6
30.101 -3.05127 -10380.2
30.102 -3.10642 -10569.2
30.103 -3.16069 -10755.5
30.104 -3.21406 -10939
30.105 -3.26651 -11119.6
30.106 -3.31804 -11297.4
30.107 -3.36863 -11472.3
30.108 -3.41827 -11644.2
30.109 -3.46694 -11813.2
30.11 -3.51463 -11979.1
30.111 -3.56133 -12142
30.112 -3.60703 -12301.7
30.113 -3.65169 -12458.2
30.114 -3.69531 -12611.5
30.115 -3.73787 -12761.5
30.116 -3.77934 -12908.1
30.117 -3.81972 -13051.2
30.118 -3.85898 -13190.9
30.119 -3.89711 -13327.1
30.12 -3.9341 -13459.7
30.121 -3.96992 -13588.6
30.122 -4.00456 -13713.7
30.123 -4.03797 -13835
30.124 -4.07013 -13952.4
30.125 -4.10101 -14065.7
30.126 -4.13058 -14174.8
30.127 -4.15882 -14279.7
30.128 -4.18569 -14380.2
30.129 -4.21117 -14476.2
30.13 -4.23524 -14567.8
30.131 -4.25787 -14654.6
30.132 -4.27905 -14736.8
30.133 -4.29875 -14814.3
30.134 -4.31697 -14886.9
30.135 -4.3337 -14954.7
30.136 -4.34892 -15017.5
30.137 -4.36261 -15075.4
30.138 -4.37478 -15128.3
30.139 -4.3854 -15176.1
30.14 -4.39447 -15218.8
30.141 -4.40198 -15256.4
30.142 -4.40792 -15288.8
30.143 -4.41229 -15315.9
30.144 -4.41507 -15337.9
30.145 -4.41627 -15354.5
30.146 -4.41587 -15365.8
30.147 -4.41389 -15371.8
30.148 -4.41028 -15372.4
30.149 -4.40507 -15367.5
30.15 -4.39827 -15357.3
30.151 -4.38986 -15341.5
30.152 -4.37984 -15320.3
30.153 -4.36822 -15293.6
30.154 -4.35503 -15261.6
30.155 -4.34025 -15224.1
30.156 -4.32391 -15181.2
30.157 -4.30601 -15132.9
30.158 -4.28657 -15079.3
30.159 -4.2656 -15020.4
30.16 -4.2431 -14956.2
30.161 -4.2191 -14886.8
30.162 -4.1936 -14812.2
30.163 -4.16665 -14732.4
30.164 -4.13825 -14647.6
30.165 -4.10843 -14557.8
30.166 -4.07721 -14463.2
30.167 -4.04463 -14363.6
30.168 -4.01069 -14259.3
30.169 -3.97544 -14150.4
30.17 -3.93888 -14036.8
30.171 -3.90106 -13918.7
30.172 -3.86198 -13796.1
30.173 -3.82169 -13669.3
30.174 -3.7802 -13538.1
30.175 -3.73755 -13402.8
30.176 -3.69376 -13263.3
30.177 -3.64885 -13119.9
30.178 -3.60286 -12972.6
30.179 -3.55582 -12821.5
30.18 -3.50774 -12666.6
30.181 -3.45867 -12508.2
30.182 -3.40864 -12346.2
30.183 -3.35769 -12180.9
30.184 -3.30585 -12012.4
30.185 -3.25317 -11840.8
30.186 -3.19968 -11666.2
30.187 -3.14542 -11488.8
30.188 -3.09042 -11308.8
30.189 -3.03474 -11126.1
30.19 -2.97841 -10941.1
30.191 -2.92145 -10753.8
30.192 -2.8639 -10564.2
30.193 -2.80577 -10372.5
30.194 -2.74706 -10178.6
30.195 -2.6878 -9982.72
30.196 -2.628 -9784.81
30.197 -2.56767 -9584.94
30.198 -2.50682 -9383.18
30.199 -2.44548 -9179.58
30.2 -2.38366 -8974.2
30.201 -2.32137 -8767.1
30.202 -2.25863 -8558.34
30.203 -2.19545 -8347.97
30.204 -2.13186 -8136.06
30.205 -2.06786 -7922.67
30.206 -2.00347 -7707.86
30.207 -1.93871 -7491.7
30.208 -1.8736 -7274.24
30.209 -1.80815 -7055.55
30.21 -1.74238 -6835.69
30.211 -1.67631 -6614.72
30.212 -1.60994 -6392.68
30.213 -1.54328 -6169.61
30.214 -1.47635 -5945.55
30.215 -1.40914 -5720.52
30.216 -1.34168 -5494.57
30.217 -1.27397 -5267.73
30.218 -1.20602 -5040.04
30.219 -1.13783 -4811.54
30.22 -1.06943 -4582.27
30.221 -1.00081 -4352.27
30.222 -0.932017 -4121.64
30.223 -0.863064 -3890.47
30.224 -0.793982 -3658.85
30.225 -0.724799 -3426.89
30.226 -0.655543 -3194.68
30.227 -0.586242 -2962.31
30.228 -0.516924 -2729.9
30.229 -0.447617 -2497.52
30.23 -0.378349 -2265.29
30.231 -0.309147 -2033.28
30.232 -0.240031 -1801.59
30.233 -0.171022 -1570.26
30.234 -0.10214 -1339.38
30.235 -0.0334034 -1109
30.236 0.0351673 -879.201
30.237 0.103553 -650.04
30.238 0.171732 -421.587
30.239 0.239687 -193.906
30.24 0.307396 32.9361
30.241 0.374836 258.861
30.242 0.441973 483.76
30.243 0.508772 707.51
30.244 0.575194 929.99
30.245 0.641203 1151.08
30.246 0.706762 1370.66
30.247 0.771835 1588.6
30.248 0.836385 1804.79
30.249 0.900375 2019.12
30.25 0.963771 2231.46
30.251 1.02654 2441.7
30.252 1.08865 2649.76
30.253 1.15007 2855.55
30.254 1.21078 3058.98
30.255 1.27076 3259.97
30.256 1.32998 3458.43
30.257 1.3884 3654.3
30.258 1.44602 3847.48
30.259 1.50279 4037.9
30.26 1.55871 4225.49
30.261 1.61374 4410.16
30.262 1.66786 4591.85
30.263 1.72105 4770.47
30.264 1.77329 4945.96
30.265 1.82455 5118.25
30.266 1.87481 5287.27
30.267 1.92406 5452.95
30.268 1.97226 5615.22
30.269 2.0194 5774.02
30.27 2.06547 5929.29
30.271 2.11043 6080.96
30.272 2.15428 6228.98
30.273 2.19699 6373.28
30.274 2.23855 6513.81
30.275 2.27894 6650.51
30.276 2.31815 6783.33
30.277 2.35615 6912.23
30.278 2.39293 7037.14
30.279 2.42849 7158.02
30.28 2.46279 7274.82
30.281 2.49584 7387.5
30.282 2.52762 7496.01
30.283 2.55811 7600.32
30.284 2.5873 7700.38
30.285 2.61519 7796.15
30.286 2.64176 7887.6
30.287 2.667 7974.69
30.288 2.69091 8057.4
30.289 2.71347 8135.68
30.29 2.73468 8209.52
30.291 2.75453 8278.87
30.292 2.773 8343.7
30.293 2.79009 8403.94
30.294 2.80577 8459.55
30.295 2.82003 8510.48
30.296 2.83286 8556.69
30.297 2.84425 8598.12
30.298 2.85419 8634.73
30.299 2.86266 8666.5
30.3 2.86966 8693.36
30.301 2.87518 8715.3
30.302 2.87919 8732.24
30.303 2.88168 8744.12
30.304 2.88266 8750.9
30.305 2.88206 8752.5
30.306 2.8799 8748.85
30.307 2.87616 8739.88
30.308 2.87085 8725.54
30.309 2.86392 8705.79
30.31 2.85538 8680.57
30.311 2.84521 8649.85
30.312 2.8334 8613.57
30.313 2.81994 8571.71
30.314 2.80482 8524.22
30.315 2.78803 8471.08
30.316 2.76957 8412.24
30.317 2.74943 8347.68
30.318 2.7276 8277.37
30.319 2.70407 8201.29
30.32 2.67884 8119.41
30.321 2.65191 8031.71
30.322 2.62327 7938.22
30.323 2.59294 7838.93
30.324 2.56092 7733.87
30.325 2.52722 7623.05
30.326 2.49184 7506.5
30.327 2.45479 7384.24
30.328 2.41608 7256.29
30.329 2.37571 7122.68
30.33 2.33371 6983.45
30.331 2.29007 6838.63
30.332 2.24482 6688.29
30.333 2.19797 6532.48
30.334 2.14955 6371.28
30.335 2.09958 6204.76
30.336 2.04807 6032.99
30.337 1.99506 5856.04
30.338 1.94056 5674.01
30.339 1.8846 5486.95
30.34 1.82719 5294.97
30.341 1.76837 5098.14
30.342 1.70815 4896.54
30.343 1.64657 4690.27
30.344 1.58365 4479.42
30.345 1.5194 4264.07
30.346 1.45388 4044.32
30.347 1.38708 3820.26
30.348 1.31906 3592
30.349 1.24982 3359.63
30.35 1.17941 3123.24
30.351 1.10784 2882.95
30.352 1.03516 2638.86
30.353 0.961383 2391.07
30.354 0.886545 2139.69
30.355 0.810678 1884.82
30.356 0.733811 1626.58
30.357 0.655976 1365.07
30.358 0.577206 1100.41
30.359 0.497533 832.713
30.36 0.41699 562.091
30.361 0.33561 288.66
30.362 0.253427 12.5367
30.363 0.170475 -266.16
30.364 0.0867892 -547.312
30.365 0.00240436 -830.799
30.366 -0.0826436 -1116.5
30.367 -0.168318 -1404.3
30.368 -0.254583 -1694.06
30.369 -0.341402 -1985.68
30.37 -0.428735 -2279.02
30.371 -0.516549 -2573.97
30.372 -0.604811 -2870.42
30.373 -0.693491 -3168.28
30.374 -0.782559 -3467.45
30.375 -0.871985 -3767.84
30.376 -0.961737 -4069.34
30.377 -1.05178 -4371.86
30.378 -1.1421 -4675.3
30.379 -1.23264 -4979.57
30.38 -1.32338 -5284.55
30.381 -1.41429 -5590.16
30.382 -1.50533 -5896.29
30.383 -1.59648 -6202.85
30.384 -1.6877 -6509.74
30.385 -1.77895 -6816.84
30.386 -1.8702 -7124.08
30.387 -1.96142 -7431.34
30.388 -2.05257 -7738.53
30.389 -2.14363 -8045.55
30.39 -2.23456 -8352.29
30.391 -2.32531 -8658.66
30.392 -2.41587 -8964.57
30.393 -2.50619 -9269.91
30.394 -2.59625 -9574.59
30.395 -2.686 -9878.5
30.396 -2.77541 -10181.6
30.397 -2.86446 -10483.7
30.398 -2.9531 -10784.7
30.399 -3.0413 -11084.6
30.4 -3.12903 -11383.3
30.401 -3.21626 -11680.6
30.402 -3.30296 -11976.5
30.403 -3.38908 -12270.9
30.404 -3.4746 -12563.6
30.405 -3.55948 -12854.7
30.406 -3.6437 -13144
30.407 -3.72722 -13431.4
30.408 -3.81002 -13716.8
30.409 -3.89205 -14000.1
30.41 -3.97329 -14281.3
30.411 -4.05371 -14560.3
30.412 -4.13326 -14836.9
30.413 -4.21189 -15111
30.414 -4.28957 -15382.4
30.415 -4.36624 -15651.1
30.416 -4.44186 -15916.8
30.417 -4.51639 -16179.4
30.418 -4.58979 -16438.9
30.419 -4.662 -16695
30.42 -4.733 -16947.7
30.421 -4.80273 -17196.8
30.422 -4.87115 -17442.1
30.423 -4.93821 -17683.5
30.424 -5.00387 -17920.9
30.425 -5.06808 -18154.1
30.426 -5.1308 -18382.9
30.427 -5.19198 -18607.2
30.428 -5.25157 -18826.9
30.429 -5.30954 -19041.8
30.43 -5.36585 -19251.7
30.431 -5.42046 -19456.6
30.432 -5.47332 -19656.3
30.433 -5.5244 -19850.7
30.434 -5.57367 -20039.6
30.435 -5.62109 -20222.9
30.436 -5.66662 -20400.5
30.437 -5.71024 -20572.3
30.438 -5.75191 -20738.1
30.439 -5.79161 -20897.8
30.44 -5.8293 -21051.3
30.441 -5.86495 -21198.5
30.442 -5.89854 -21339.3
30.443 -5.93005 -21473.6
30.444 -5.95945 -21601.3
30.445 -5.98672 -21722.2
30.446 -6.01183 -21836.3
30.447 -6.03477 -21943.5
30.448 -6.05551 -22043.6
30.449 -6.07405 -22136.7
30.45 -6.09035 -22222.5
30.451 -6.10442 -22301.1
30.452 -6.11625 -22372.5
30.453 -6.12584 -22436.5
30.454 -6.1332 -22493.1
30.455 -6.13833 -22542.5
30.456 -6.14124 -22584.4
30.457 -6.14194 -22619.1
30.458 -6.14044 -22646.3
30.459 -6.13675 -22666.2
30.46 -6.13087 -22678.7
30.461 -6.12283 -22683.9
30.462 -6.11261 -22681.7
30.463 -6.10024 -22672.2
30.464 -6.08576 -22655.2
30.465 -6.06916 -22630.9
30.466 -6.05044 -22599.3
30.467 -6.02964 -22560.3
30.468 -6.00677 -22514.1
30.469 -5.98184 -22460.6
30.47 -5.95487 -22399.9
30.471 -5.92588 -22332
30.472 -5.89488 -22256.9
30.473 -5.86188 -22174.6
30.474 -5.8269 -22085.2
30.475 -5.78994 -21988.7
30.476 -5.75101 -21885
30.477 -5.71013 -21774.3
30.478 -5.66732 -21656.5
30.479 -5.62258 -21531.6
30.48 -5.57593 -21399.8
30.481 -5.52739 -21260.9
30.482 -5.47697 -21115.2
30.483 -5.42469 -20962.6
30.484 -5.37055 -20803.1
30.485 -5.31459 -20636.8
30.486 -5.25681 -20463.8
30.487 -5.19724 -20284.1
30.488 -5.13588 -20097.7
30.489 -5.07277 -19904.7
30.49 -5.00792 -19705.2
30.491 -4.94133 -19499.3
30.492 -4.87303 -19286.9
30.493 -4.803 -19068
30.494 -4.73126 -18842.7
30.495 -4.65781 -18611
30.496 -4.58265 -18372.8
30.497 -4.50578 -18128.3
30.498 -4.42721 -17877.4
30.499 -4.34694 -17620.2
30.5 -4.26499 -17356.6
30.501 -4.18135 -17086.8
30.502 -4.09604 -16810.8
30.503 -4.00908 -16528.6
30.504 -3.92047 -16240.3
30.505 -3.83025 -15946
30.506 -3.73841 -15645.7
30.507 -3.64499 -15339.6
30.508 -3.54999 -15027.7
30.509 -3.45344 -14710
30.51 -3.35536 -14386.7
30.511 -3.25575 -14057.9
30.512 -3.15465 -13723.6
30.513 -3.05207 -13383.9
30.514 -2.94803 -13038.9
30.515 -2.84255 -12688.7
30.516 -2.73565 -12333.4
30.517 -2.62736 -11973.1
30.518 -2.5177 -11607.9
30.519 -2.40668 -11237.8
30.52 -2.29434 -10863.1
30.521 -2.18069 -10483.7
30.522 -2.06578 -10099.9
30.523 -1.94963 -9711.77
30.524 -1.83227 -9319.42
30.525 -1.71375 -8923.02
30.526 -1.59409 -8522.71
30.527 -1.47334 -8118.62
30.528 -1.35152 -7710.91
30.529 -1.22869 -7299.71
30.53 -1.10487 -6885.19
30.531 -0.980106 -6467.49
30.532 -0.854445 -6046.78
30.533 -0.727937 -5623.24
30.534 -0.600629 -5197.07
30.535 -0.472573 -4768.43
30.536 -0.343819 -4337.5
30.537 -0.21442 -3904.49
30.538 -0.0844288 -3469.56
30.539 0.0461019 -3032.9
30.54 0.177117 -2594.7
30.541 0.308562 -2155.15
30.542 0.440379 -1714.42
30.543 0.572512 -1272.72
30.544 0.704902 -830.213
30.545 0.837492 -387.098
30.546 0.970221 56.4415
30.547 1.10303 500.218
30.548 1.23586 944.046
30.549 1.36864 1387.74
30.55 1.50132 1831.11
30.551 1.63384 2273.98
30.552 1.76613 2716.15
30.553 1.89813 3157.45
30.554 2.02977 3597.69
30.555 2.161 4036.68
30.556 2.29175 4474.26
30.557 2.42196 4910.22
30.558 2.55156 5344.4
30.559 2.68049 5776.62
30.56 2.80868 6206.7
30.561 2.93608 6634.47
30.562 3.06264 7059.8
30.563 3.18831 7482.58
30.564 3.31304 7902.7
30.565 3.4368 8320.03
30.566 3.55953 8734.47
30.567 3.68119 9145.9
30.568 3.80174 9554.23
30.569 3.92113 9959.33
30.57 4.03933 10361.1
30.571 4.15628 10759.5
30.572 4.27197 11154.3
30.573 4.38634 11545.6
30.574 4.49938 11933.2
30.575 4.61105 12317.2
30.576 4.72132 12697.3
30.577 4.83017 13073.6
30.578 4.93756 13446
30.579 5.04346 13814.4
30.58 5.14786 14178.9
30.581 5.25072 14539.2
30.582 5.35203 14895.4
30.583 5.45175 15247.4
30.584 5.54986 15595.1
30.585 5.64635 15938.6
30.586 5.74119 16277.7
30.587 5.83437 16612.5
30.588 5.92586 16942.8
30.589 6.01565 17268.7
30.59 6.10372 17590
30.591 6.19006 17906.8
30.592 6.27465 18219.1
30.593 6.35746 18526.6
30.594 6.43848 18829.4
30.595 6.51769 19127.5
30.596 6.59507 19420.7
30.597 6.6706 19709
30.598 6.74427 19992.5
30.599 6.81607 20270.9
30.6 6.88599 20544.3
30.601 6.95401 20812.6
30.602 7.02012 21075.8
30.603 7.0843 21333.8
30.604 7.14653 21586.5
30.605 7.2068 21833.9
30.606 7.2651 22075.9
30.607 7.32142 22312.5
30.608 7.37574 22543.6
30.609 7.42807 22769.1
30.61 7.47838 22989
30.611 7.52667 23203.3
30.612 7.57295 23411.9
30.613 7.6172 23614.7
30.614 7.65943 23811.8
30.615 7.69962 24003.1
30.616 7.73779 24188.5
30.617 7.77393 24368.1
30.618 7.80805 24541.7
30.619 7.84014 24709.5
30.62 7.87022 24871.2
30.621 7.89829 25027.1
30.622 7.92435 25176.9
30.623 7.94841 25320.7
30.624 7.97048 25458.5
30.625 7.99057 25590.2
30.626 8.00869 25716
30.627 8.02486 25835.6
30.628 8.03907 25949.3
30.629 8.05136 26056.8
30.63 8.06172 26158.4
30.631 8.07018 26253.8
30.632 8.07675 26343.3
30.633 8.08144 26426.7
30.634 8.08428 26504.1
30.635 8.08528 26575.4
30.636 8.08446 26640.8
30.637 8.08183 26700.2
30.638 8.07742 26753.7
30.639 8.07125 26801.2
30.64 8.06333 26842.9
30.641 8.05369 26878.6
30.642 8.04235 26908.5
30.643 8.02932 26932.6
30.644 8.01464 26951
30.645 7.99833 26963.6
30.646 7.98041 26970.4
30.647 7.96089 26971.6
30.648 7.93979 26967.1
30.649 7.91717 26956.9
30.65 7.89305 26941.1
30.651 7.86742 26919.6
30.652 7.84033 26892.6
30.653 7.81179 26860.1
30.654 7.78184 26822.2
30.655 7.7505 26778.9
30.656 7.7178 26730.2
30.657 7.68376 26676.4
30.658 7.64842 26617.3
30.659 7.61178 26553.1
30.66 7.5739 26483.9
30.661 7.53478 26409.7
30.662 7.49446 26330.6
30.663 7.45297 26246.7
30.664 7.41033 26158.1
30.665 7.36658 26064.7
30.666 7.32173 25966.8
30.667 7.27582 25864.4
30.668 7.22888 25757.5
30.669 7.18092 25646.4
30.67 7.132 25530.9
30.671 7.08212 25411.4
30.672 7.03132 25287.7
30.673 6.97963 25160.1
30.674 6.92707 25028.6
30.675 6.87368 24893.3
30.676 6.81949 24754.3
30.677 6.76451 24611.7
30.678 6.70879 24465.7
30.679 6.65235 24316.2
30.68 6.59522 24163.5
30.681 6.53743 24007.5
30.682 6.47901 23848.5
30.683 6.41999 23686.5
30.684 6.36039 23521.6
30.685 6.30025 23353.9
30.686 6.2396 23183.6
30.687 6.17846 23010.7
30.688 6.11687 22835.4
30.689 6.05486 22657.8
30.69 5.99244 22477.9
30.691 5.92966 22295.9
30.692 5.86655 22111.9
30.693 5.80312 21926
30.694 5.73943 21738.4
30.695 5.67548 21549.1
30.696 5.61131 21358.2
30.697 5.54696 21165.9
30.698 5.48245 20972.3
30.699 5.41781 20777.5
30.7 5.35307 20581.6
30.701 5.28826 20384.7
30.702 5.22341 20187
30.703 5.15855 19988.6
30.704 5.09372 19789.5
30.705 5.02893 19589.9
30.706 4.96422 19390
30.707 4.89962 19189.7
30.708 4.83516 18989.3
30.709 4.77087 18788.9
30.71 4.70678 18588.6
30.711 4.6429 18388.4
30.712 4.57927 18188.5
30.713 4.51589 17988.8
30.714 4.45277 17789.6
30.715 4.38993 17590.8
30.716 4.32738 17392.4
30.717 4.26512 17194.6
30.718 4.20317 16997.3
30.719 4.14155 16800.7
30.72 4.08027 16604.8
30.721 4.01933 16409.7
30.722 3.95874 16215.3
30.723 3.89853 16021.8
30.724 3.8387 15829.3
30.725 3.77927 15637.6
30.726 3.72024 15447
30.727 3.66163 15257.5
30.728 3.60344 15069.1
30.729 3.54569 14881.8
30.73 3.4884 14695.8
30.731 3.43156 14511
30.732 3.37519 14327.5
30.733 3.31929 14145.3
30.734 3.26385 13964.4
30.735 3.20888 13784.8
30.736 3.15439 13606.6
30.737 3.10037 13429.8
30.738 3.04683 13254.4
30.739 2.99377 13080.3
30.74 2.94119 12907.7
30.741 2.88909 12736.5
30.742 2.83748 12566.8
30.743 2.78637 12398.5
30.744 2.73578 12231.9
30.745 2.6857 12066.8
30.746 2.63616 11903.4
30.747 2.58716 11741.6
30.748 2.5387 11581.5
30.749 2.49081 11423.2
30.75 2.44348 11266.6
30.751 2.39673 11111.9
30.752 2.35059 10959.1
30.753 2.30507 10808.3
30.754 2.26021 10659.6
30.755 2.21602 10513
30.756 2.17254 10368.8
30.757 2.12979 10226.9
30.758 2.08779 10087.4
30.759 2.04657 9950.49
30.76 2.00616 9816.18
30.761 1.96656 9684.57
30.762 1.92782 9555.74
30.763 1.88995 9429.78
30.764 1.85297 9306.76
30.765 1.81691 9186.77
30.766 1.78179 9069.88
30.767 1.74763 8956.17
30.768 1.71446 8845.7
30.769 1.68228 8738.57
30.77 1.65114 8634.83
30.771 1.62103 8534.55
30.772 1.59198 8437.77
30.773 1.564 8344.54
30.774 1.53709 8254.9
30.775 1.51127 8168.87
30.776 1.48655 8086.49
30.777 1.46293 8007.79
30.778 1.44042 7932.81
30.779 1.41904 7861.57
30.78 1.39878 7794.1
30.781 1.37966 7730.42
30.782 1.36168 7670.52
30.783 1.34483 7614.41
30.784 1.3291 7562.08
30.785 1.31451 7513.51
30.786 1.30104 7468.7
30.787 1.28868 7427.62
30.788 1.27744 7390.28
30.789 1.26731 7356.64
30.79 1.25829 7326.7
30.791 1.25035 7300.43
30.792 1.24351 7277.78
30.793 1.23772 7258.71
30.794 1.23299 7243.16
30.795 1.2293 7231.07
30.796 1.22661 7222.4
30.797 1.22494 7217.08
30.798 1.22425 7215.06
30.799 1.22453 7216.27
30.8 1.22576 7220.68
30.801 1.22791 7228.21
30.802 1.23097 7238.84
30.803 1.23495 7252.51
30.804 1.23982 7269.2
30.805 1.24557 7288.87
30.806 1.2522 7311.48
30.807 1.2597 7336.99
30.808 1.26803 7365.35
30.809 1.27721 7396.53
30.81 1.2872 7430.48
30.811 1.29801 7467.16
30.812 1.30961 7506.55
30.813 1.32202 7548.62
30.814 1.33521 7593.37
30.815 1.34919 7640.77
30.816 1.36395 7690.79
30.817 1.37948 7743.42
30.818 1.39577 7798.64
30.819 1.41282 7856.41
30.82 1.43062 7916.71
30.821 1.44916 7979.52
30.822 1.46843 8044.8
30.823 1.48842 8112.54
30.824 1.50913 8182.69
30.825 1.53053 8255.23
30.826 1.55264 8330.13
30.827 1.57542 8407.35
30.828 1.59888 8486.86
30.829 1.623 8568.63
30.83 1.64778 8652.61
30.831 1.67319 8738.78
30.832 1.69923 8827.09
30.833 1.72589 8917.51
30.834 1.75316 9010
30.835 1.78101 9104.52
30.836 1.80945 9201.02
30.837 1.83845 9299.47
30.838 1.868 9399.82
30.839 1.8981 9502.04
30.84 1.92872 9606.07
30.841 1.95985 9711.87
30.842 1.99148 9819.4
30.843 2.02359 9928.61
30.844 2.05617 10039.4
30.845 2.08921 10151.9
30.846 2.12269 10265.8
30.847 2.15658 10381.3
30.848 2.19089 10498.2
30.849 2.22559 10616.5
30.85 2.26067 10736.1
30.851 2.29611 10857.1
30.852 2.33189 10979.2
30.853 2.368 11102.6
30.854 2.40442 11227.1
30.855 2.44114 11352.6
30.856 2.47814 11479.2
30.857 2.5154 11606.8
30.858 2.5529 11735.3
30.859 2.59063 11864.7
30.86 2.62857 11994.9
30.861 2.6667 12125.8
30.862 2.705 12257.4
30.863 2.74344 12389.6
30.864 2.782 12522.3
30.865 2.82064 12655.4
30.866 2.85934 12788.9
30.867 2.89808 12922.6
30.868 2.93683 13056.5
30.869 2.97557 13190.5
30.87 3.01426 13324.5
30.871 3.05288 13458.4
30.872 3.09143 13592.2
30.873 3.12989 13725.8
30.874 3.16825 13859.3
30.875 3.20651 13992.6
30.876 3.24466 14125.7
30.877 3.28269 14258.5
30.878 3.32059 14391.1
30.879 3.35835 14523.4
30.88 3.39596 14655.4
30.881 3.43342 14787
30.882 3.4707 14918.2
30.883 3.5078 15049
30.884 3.54469 15179.3
30.885 3.58136 15309
30.886 3.61779 15438.1
30.887 3.65397 15566.6
30.888 3.68988 15694.3
30.889 3.7255 15821.3
30.89 3.76082 15947.5
30.891 3.79582 16072.8
30.892 3.83049 16197.2
30.893 3.86484 16320.7
30.894 3.89885 16443.3
30.895 3.93251 16564.9
30.896 3.96582 16685.6
30.897 3.99877 16805.3
30.898 4.03137 16924
30.899 4.06359 17041.6
30.9 4.09544 17158.3
30.901 4.12691 17273.8
30.902 4.15798 17388.3
30.903 4.18865 17501.6
30.904 4.2189 17613.7
30.905 4.24872 17724.6
30.906 4.27809 17834.2
30.907 4.307 17942.4
30.908 4.33544 18049.4
30.909 4.3634 18154.9
30.91 4.39086 18258.9
30.911 4.41782 18361.5
30.912 4.44426 18462.5
30.913 4.47016 18562
30.914 4.49553 18659.8
30.915 4.52035 18756.1
30.916 4.54461 18850.6
30.917 4.5683 18943.4
30.918 4.5914 19034.5
30.919 4.61392 19123.8
30.92 4.63584 19211.2
30.921 4.65714 19296.9
30.922 4.67781 19380.5
30.923 4.69783 19462.1
30.924 4.71716 19541.7
30.925 4.73578 19619
30.926 4.75367 19694
30.927 4.7708 19766.6
30.928 4.78715 19836.8
30.929 4.8027 19904.4
30.93 4.81742 19969.4
30.931 4.83129 20031.7
30.932 4.84431 20091.2
30.933 4.85645 20147.9
30.934 4.86771 20201.8
30.935 4.87807 20252.7
30.936 4.88752 20300.8
30.937 4.89605 20345.8
30.938 4.90366 20387.7
30.939 4.91032 20426.6
30.94 4.91604 20462.4
30.941 4.92079 20495
30.942 4.92459 20524.5
30.943 4.9274 20550.7
30.944 4.92924 20573.6
30.945 4.93009 20593.2
30.946 4.92994 20609.5
30.947 4.92879 20622.4
30.948 4.92665 20631.9
30.949 4.92347 20638
30.95 4.91927 20640.7
30.951 4.91405 20639.9
30.952 4.90782 20635.6
30.953 4.90057 20627.8
30.954 4.89233 20616.6
30.955 4.88308 20601.9
30.956 4.87283 20583.8
30.957 4.86159 20562.2
30.958 4.84937 20537.3
30.959 4.83618 20508.9
30.96 4.82201 20477.1
30.961 4.80688 20442
30.962 4.7908 20403.5
30.963 4.77375 20361.6
30.964 4.75574 20316.3
30.965 4.73677 20267.6
30.966 4.71684 20215.5
30.967 4.69596 20160.1
30.968 4.67412 20101.2
30.969 4.65132 20038.9
30.97 4.62758 19973.2
30.971 4.60289 19904.1
30.972 4.57726 19831.6
30.973 4.55071 19755.8
30.974 4.52324 19676.8
30.975 4.49488 19594.4
30.976 4.46563 19508.9
30.977 4.4355 19420.1
30.978 4.40452 19328.3
30.979 4.37268 19233.3
30.98 4.34002 19135.3
30.981 4.30654 19034.2
30.982 4.27223 18930.2
30.983 4.2371 18823.1
30.984 4.20114 18712.9
30.985 4.16436 18599.8
30.986 4.12675 18483.5
30.987 4.0883 18364.3
30.988 4.04903 18241.9
30.989 4.00892 18116.5
30.99 3.96797 17988
30.991 3.92619 17856.4
30.992 3.88357 17721.7
30.993 3.8401 17583.9
30.994 3.79577 17442.9
30.995 3.75057 17298.8
30.996 3.7045 17151.4
30.997 3.65755 17000.9
30.998 3.6097 16847
30.999 3.56097 16689.9
31 3.51133 16529.5
31.001 3.46079 16365.8
31.002 3.40933 16198.8
31.003 3.35696 16028.5
31.004 3.30367 15854.8
31.005 3.24945 15677.7
31.006 3.1943 15497.3
31.007 3.13821 15313.5
31.008 3.08119 15126.3
31.009 3.02322 14935.7
31.01 2.96431 14741.7
31.011 2.90446 14544.3
31.012 2.84366 14343.5
31.013 2.78194 14139.4
31.014 2.71928 13931.9
31.015 2.65571 13721.2
31.016 2.59123 13507.3
31.017 2.52584 13290.1
31.018 2.45956 13069.7
31.019 2.39239 12846.2
31.02 2.32435 12619.5
31.021 2.25544 12389.8
31.022 2.18568 12157.1
31.023 2.1151 11921.5
31.024 2.0437 11683
31.025 1.97151 11441.7
31.026 1.89855 11197.7
31.027 1.82484 10951.1
31.028 1.75039 10701.9
31.029 1.67524 10450.2
31.03 1.59939 10196.1
31.031 1.52288 9939.75
31.032 1.44573 9681.13
31.033 1.36797 9420.41
31.034 1.28964 9157.7
31.035 1.21076 8893.1
31.036 1.13136 8626.72
31.037 1.05148 8358.69
31.038 0.971152 8089.12
31.039 0.890403 7818.11
31.04 0.809267 7545.78
31.041 0.727775 7272.25
31.042 0.645953 6997.6
31.043 0.563826 6721.93
31.044 0.481417 6445.31
31.045 0.398753 6167.84
31.046 0.315858 5889.6
31.047 0.232757 5610.69
31.048 0.149477 5331.19
31.049 0.0660426 5051.18
31.05 -0.0175197 4770.76
31.051 -0.101184 4490.02
31.052 -0.184923 4209.04
31.053 -0.26871 3927.91
31.054 -0.352519 3646.73
31.055 -0.436322 3365.57
31.056 -0.520092 3084.54
31.057 -0.603801 2803.71
31.058 -0.687422 2523.18
31.059 -0.770928 2243.03
31.06 -0.854291 1963.35
31.061 -0.937484 1684.22
31.062 -1.02049 1405.71
31.063 -1.10328 1127.88
31.064 -1.18585 850.772
31.065 -1.26817 574.457
31.066 -1.35022 298.986
31.067 -1.43198 24.4174
31.068 -1.51345 -249.194
31.069 -1.59458 -521.793
31.07 -1.67538 -793.325
31.071 -1.75581 -1063.74
31.072 -1.83588 -1333.01
31.073 -1.91556 -1601.12
31.074 -1.99484 -1868.02
31.075 -2.07373 -2133.72
31.076 -2.15221 -2398.17
31.077 -2.23026 -2661.36
31.078 -2.30789 -2923.27
31.079 -2.38507 -3183.88
31.08 -2.4618 -3443.16
31.081 -2.53808 -3701.1
31.082 -2.61387 -3957.64
31.083 -2.68918 -4212.75
31.084 -2.76397 -4466.38
31.085 -2.83824 -4718.47
31.086 -2.91196 -4968.99
31.087 -2.98512 -5217.89
31.088 -3.0577 -5465.12
31.089 -3.12969 -5710.65
31.09 -3.20107 -5954.44
31.091 -3.27182 -6196.42
31.092 -3.34192 -6436.54
31.093 -3.41135 -6674.74
31.094 -3.48009 -6910.94
31.095 -3.54811 -7145.08
31.096 -3.61538 -7377.09
31.097 -3.6819 -7606.91
31.098 -3.74763 -7834.48
31.099 -3.81255 -8059.72
31.1 -3.87665 -8282.58
31.101 -3.93989 -8502.99
31.102 -4.00227 -8720.88
31.103 -4.06373 -8936.14
31.104 -4.12427 -9148.71
31.105 -4.18385 -9358.49
31.106 -4.24244 -9565.39
31.107 -4.30003 -9769.34
31.108 -4.35658 -9970.26
31.109 -4.41206 -10168.1
31.11 -4.46647 -10362.7
31.111 -4.51976 -10554
31.112 -4.57193 -10742
31.113 -4.62294 -10926.6
31.114 -4.67278 -11107.7
31.115 -4.72143 -11285.3
31.116 -4.76886 -11459.2
31.117 -4.81506 -11629.5
31.118 -4.86 -11795.9
31.119 -4.90368 -11958.6
31.12 -4.94607 -12117.4
31.121 -4.98715 -12272.2
31.122 -5.02692 -12423
31.123 -5.06535 -12569.8
31.124 -5.10244 -12712.4
31.125 -5.13816 -12850.9
31.126 -5.17252 -12985.2
31.127 -5.20548 -13115.2
31.128 -5.23705 -13240.9
31.129 -5.26721 -13362.3
31.13 -5.29596 -13479.2
31.131 -5.32328 -13591.7
31.132 -5.34919 -13699.8
31.133 -5.37369 -13803.5
31.134 -5.3968 -13902.8
31.135 -5.41852 -13997.7
31.136 -5.43887 -14088.3
31.137 -5.45786 -14174.6
31.138 -5.47551 -14256.7
31.139 -5.49182 -14334.5
31.14 -5.50681 -14408
31.141 -5.5205 -14477.4
31.142 -5.53291 -14542.7
31.143 -5.54407 -14603.9
31.144 -5.55399 -14661.2
31.145 -5.56271 -14714.6
31.146 -5.57025 -14764.1
31.147 -5.57663 -14809.8
31.148 -5.58189 -14851.9
31.149 -5.58605 -14890.4
31.15 -5.58914 -14925.3
31.151 -5.59118 -14956.8
31.152 -5.5922 -14984.9
31.153 -5.59221 -15009.6
31.154 -5.59123 -15031
31.155 -5.58929 -15049.2
31.156 -5.58641 -15064.3
31.157 -5.5826 -15076.2
31.158 -5.5779 -15085
31.159 -5.57231 -15090.8
31.16 -5.56585 -15093.7
31.161 -5.55856 -15093.7
31.162 -5.55044 -15090.9
31.163 -5.54151 -15085.2
31.164 -5.53179 -15076.7
31.165 -5.5213 -15065.5
31.166 -5.51004 -15051.5
31.167 -5.49802 -15034.9
31.168 -5.48527 -15015.7
31.169 -5.47179 -14993.8
31.17 -5.45761 -14969.5
31.171 -5.44274 -14942.6
31.172 -5.42718 -14913.3
31.173 -5.41095 -14881.5
31.174 -5.39405 -14847.2
31.175 -5.37649 -14810.5
31.176 -5.35828 -14771.5
31.177 -5.33943 -14730
31.178 -5.31994 -14686.2
31.179 -5.29983 -14640
31.18 -5.27909 -14591.6
31.181 -5.25776 -14540.9
31.182 -5.23583 -14487.9
31.183 -5.21333 -14432.8
31.184 -5.19028 -14375.5
31.185 -5.1667 -14316.2
31.186 -5.14259 -14255
31.187 -5.11799 -14191.7
31.188 -5.09291 -14126.6
31.189 -5.06738 -14059.7
31.19 -5.0414 -13991
31.191 -5.015 -13920.7
31.192 -4.98819 -13848.7
31.193 -4.96101 -13775.1
31.194 -4.93346 -13700.1
31.195 -4.90557 -13623.6
31.196 -4.87735 -13545.8
31.197 -4.84883 -13466.6
31.198 -4.82002 -13386.2
31.199 -4.79095 -13304.7
31.2 -4.76163 -13222
31.201 -4.73208 -13138.3
31.202 -4.70233 -13053.6
31.203 -4.67239 -12968
31.204 -4.64229 -12881.6
31.205 -4.61204 -12794.5
31.206 -4.58166 -12706.6
31.207 -4.55118 -12618.1
31.208 -4.5206 -12529.1
31.209 -4.48996 -12439.6
31.21 -4.45928 -12349.6
31.211 -4.42857 -12259.3
31.212 -4.39786 -12168.8
31.213 -4.36717 -12078.1
31.214 -4.33655 -11987.4
31.215 -4.30601 -11896.7
31.216 -4.27559 -11806.2
31.217 -4.24531 -11715.9
31.218 -4.2152 -11625.9
31.219 -4.18528 -11536.4
31.22 -4.15559 -11447.5
31.221 -4.12616 -11359.1
31.222 -4.09699 -11271.5
31.223 -4.06812 -11184.6
31.224 -4.03955 -11098.6
31.225 -4.01131 -11013.5
31.226 -3.98342 -10929.3
31.227 -3.95589 -10846.2
31.228 -3.92875 -10764.2
31.229 -3.902 -10683.4
31.23 -3.87567 -10603.7
31.231 -3.84978 -10525.4
31.232 -3.82433 -10448.5
31.233 -3.79936 -10372.9
31.234 -3.77487 -10298.8
31.235 -3.75088 -10226.3
31.236 -3.72741 -10155.4
31.237 -3.70448 -10086.1
31.238 -3.68209 -10018.6
31.239 -3.66028 -9952.79
31.24 -3.63905 -9888.85
31.241 -3.61841 -9826.8
31.242 -3.59839 -9766.69
31.243 -3.57899 -9708.59
31.244 -3.56024 -9652.53
31.245 -3.54214 -9598.58
31.246 -3.52471 -9546.78
31.247 -3.50797 -9497.19
31.248 -3.49193 -9449.86
31.249 -3.47659 -9404.84
31.25 -3.46198 -9362.17
31.251 -3.4481 -9321.88
31.252 -3.43496 -9283.98
31.253 -3.42254 -9248.46
31.254 -3.41084 -9215.3
31.255 -3.39985 -9184.47
31.256 -3.38957 -9155.98
31.257 -3.38 -9129.79
31.258 -3.37112 -9105.89
31.259 -3.36293 -9084.27
31.26 -3.35542 -9064.89
31.261 -3.34858 -9047.75
31.262 -3.34242 -9032.84
31.263 -3.33694 -9020.18
31.264 -3.33213 -9009.76
31.265 -3.32799 -9001.59
31.266 -3.32453 -8995.67
31.267 -3.32176 -8992.01
31.268 -3.31966 -8990.6
31.269 -3.31823 -8991.45
31.27 -3.31747 -8994.56
31.271 -3.31739 -8999.92
31.272 -3.31798 -9007.54
31.273 -3.31923 -9017.4
31.274 -3.32113 -9029.51
31.275 -3.32371 -9043.86
31.276 -3.32695 -9060.45
31.277 -3.33085 -9079.26
31.278 -3.3354 -9100.28
31.279 -3.3406 -9123.52
31.28 -3.34644 -9148.95
31.281 -3.35293 -9176.58
31.282 -3.36005 -9206.37
31.283 -3.36781 -9238.33
31.284 -3.37619 -9272.44
31.285 -3.3852 -9308.69
31.286 -3.39482 -9347.05
31.287 -3.40505 -9387.51
31.288 -3.41589 -9430.07
31.289 -3.42732 -9474.68
31.29 -3.43935 -9521.35
31.291 -3.45196 -9570.06
31.292 -3.46516 -9620.8
31.293 -3.47894 -9673.59
31.294 -3.49332 -9728.43
31.295 -3.50828 -9785.33
31.296 -3.52384 -9844.29
31.297 -3.53998 -9905.32
31.298 -3.55672 -9968.43
31.299 -3.57404 -10033.6
31.3 -3.59195 -10100.9
31.301 -3.61045 -10170.2
31.302 -3.62954 -10241.6
31.303 -3.64921 -10315.1
31.304 -3.66946 -10390.7
31.305 -3.6903 -10468.3
31.306 -3.71171 -10548
31.307 -3.73371 -10629.8
31.308 -3.75627 -10713.7
31.309 -3.77941 -10799.6
31.31 -3.80311 -10887.5
31.311 -3.82738 -10977.5
31.312 -3.85219 -11069.5
31.313 -3.87754 -11163.4
31.314 -3.90342 -11259.3
31.315 -3.92981 -11357.1
31.316 -3.95669 -11456.7
31.317 -3.98406 -11558.1
31.318 -4.0119 -11661.3
31.319 -4.04019 -11766.2
31.32 -4.06892 -11872.8
31.321 -4.09808 -11981
31.322 -4.12765 -12090.8
31.323 -4.15762 -12202.2
31.324 -4.18796 -12315
31.325 -4.21867 -12429.3
31.326 -4.24973 -12545
31.327 -4.28113 -12662.1
31.328 -4.31284 -12780.5
31.329 -4.34485 -12900.1
31.33 -4.37715 -13021
31.331 -4.40972 -13143
31.332 -4.44252 -13266.1
31.333 -4.47555 -13390.2
31.334 -4.50877 -13515.2
31.335 -4.54216 -13641.1
31.336 -4.57569 -13767.7
31.337 -4.60934 -13895.1
31.338 -4.64309 -14023
31.339 -4.67689 -14151.5
31.34 -4.71074 -14280.4
31.341 -4.74461 -14409.6
31.342 -4.77846 -14539.2
31.343 -4.81228 -14668.9
31.344 -4.84604 -14798.8
31.345 -4.87972 -14928.7
31.346 -4.91329 -15058.6
31.347 -4.94672 -15188.3
31.348 -4.97999 -15317.9
31.349 -5.01308 -15447.2
31.35 -5.04596 -15576.1
31.351 -5.07861 -15704.5
31.352 -5.11101 -15832.5
31.353 -5.14314 -15959.9
31.354 -5.175 -16086.8
31.355 -5.20657 -16213
31.356 -5.23783 -16338.5
31.357 -5.26876 -16463.3
31.358 -5.29936 -16587.3
31.359 -5.32961 -16710.4
31.36 -5.35949 -16832.7
31.361 -5.38899 -16954.1
31.362 -5.41811 -17074.5
31.363 -5.44681 -17193.8
31.364 -5.4751 -17312.1
31.365 -5.50296 -17429.3
31.366 -5.53037 -17545.3
31.367 -5.55733 -17660.2
31.368 -5.58382 -17773.8
31.369 -5.60984 -17886.1
31.37 -5.63536 -17997.1
31.371 -5.66038 -18106.7
31.372 -5.68488 -18215
31.373 -5.70887 -18321.7
31.374 -5.73231 -18427
31.375 -5.75522 -18530.8
31.376 -5.77757 -18633
31.377 -5.79936 -18733.7
31.378 -5.82058 -18832.7
31.379 -5.84121 -18930
31.38 -5.86126 -19025.6
31.381 -5.88071 -19119.5
31.382 -5.89957 -19211.7
31.383 -5.91783 -19302.1
31.384 -5.93549 -19390.7
31.385 -5.95257 -19477.6
31.386 -5.96905 -19562.8
31.387 -5.98494 -19646.2
31.388 -6.00025 -19727.9
31.389 -6.01498 -19807.9
31.39 -6.02912 -19886.1
31.391 -6.04268 -19962.5
31.392 -6.05567 -20037.2
31.393 -6.06806 -20110.1
31.394 -6.07986 -20181.2
31.395 -6.09107 -20250.4
31.396 -6.10167 -20317.8
31.397 -6.11167 -20383.3
31.398 -6.12106 -20446.9
31.399 -6.12984 -20508.6
31.4 -6.13801 -20568.4
31.401 -6.14556 -20626.2
31.402 -6.1525 -20682
31.403 -6.15883 -20736
31.404 -6.16457 -20788
31.405 -6.16971 -20838.1
31.406 -6.17427 -20886.3
31.407 -6.17826 -20932.7
31.408 -6.18168 -20977.2
31.409 -6.18453 -21019.8
31.41 -6.18684 -21060.7
31.411 -6.1886 -21099.7
31.412 -6.18981 -21137
31.413 -6.19047 -21172.4
31.414 -6.1906 -21206
31.415 -6.19017 -21237.8
31.416 -6.18921 -21267.7
31.417 -6.1877 -21295.8
31.418 -6.18565 -21322
31.419 -6.18306 -21346.4
31.42 -6.17993 -21369
31.421 -6.17626 -21389.7
31.422 -6.17206 -21408.5
31.423 -6.16732 -21425.5
31.424 -6.16205 -21440.6
31.425 -6.15626 -21453.8
31.426 -6.14994 -21465.2
31.427 -6.14311 -21474.8
31.428 -6.13574 -21482.4
31.429 -6.12786 -21488.3
31.43 -6.11946 -21492.3
31.431 -6.11056 -21494.5
31.432 -6.10116 -21494.8
31.433 -6.09128 -21493.4
31.434 -6.08093 -21490.3
31.435 -6.07012 -21485.5
31.436 -6.05886 -21479
31.437 -6.04718 -21470.9
31.438 -6.03507 -21461.2
31.439 -6.02259 -21450
31.44 -6.00969 -21437.3
31.441 -5.99642 -21423.1
31.442 -5.98278 -21407.5
31.443 -5.96879 -21390.5
31.444 -5.95447 -21372.2
31.445 -5.93983 -21352.7
31.446 -5.92487 -21331.8
31.447 -5.90963 -21309.8
31.448 -5.8941 -21286.6
31.449 -5.87831 -21262.3
31.45 -5.86226 -21236.9
31.451 -5.84598 -21210.5
31.452 -5.82947 -21183.1
31.453 -5.81273 -21154.8
31.454 -5.79577 -21125.4
31.455 -5.77859 -21095.1
31.456 -5.76121 -21063.9
31.457 -5.74362 -21031.7
31.458 -5.72584 -20998.7
31.459 -5.70787 -20964.7
31.46 -5.68971 -20930
31.461 -5.67138 -20894.3
31.462 -5.65287 -20857.9
31.463 -5.6342 -20820.7
31.464 -5.61537 -20782.7
31.465 -5.59638 -20743.9
31.466 -5.57725 -20704.4
31.467 -5.55798 -20664.2
31.468 -5.53858 -20623.3
31.469 -5.51905 -20581.7
31.47 -5.49939 -20539.5
31.471 -5.47962 -20496.7
31.472 -5.45974 -20453.2
31.473 -5.43974 -20409.1
31.474 -5.41962 -20364.3
31.475 -5.39937 -20318.9
31.476 -5.37901 -20272.8
31.477 -5.35851 -20226.1
31.478 -5.3379 -20178.7
31.479 -5.31715 -20130.6
31.48 -5.29627 -20081.9
31.481 -5.27526 -20032.5
31.482 -5.25413 -19982.4
31.483 -5.23289 -19931.7
31.484 -5.21153 -19880.4
31.485 -5.19007 -19828.5
31.486 -5.16852 -19776
31.487 -5.14688 -19723.1
31.488 -5.12516 -19669.6
31.489 -5.10337 -19615.6
31.49 -5.08151 -19561.2
31.491 -5.05959 -19506.4
31.492 -5.03762 -19451.1
31.493 -5.01559 -19395.5
31.494 -4.99349 -19339.3
31.495 -4.97134 -19282.8
31.496 -4.94912 -19225.8
31.497 -4.92684 -19168.4
31.498 -4.90449 -19110.5
31.499 -4.88208 -19052.2
31.5 -4.8596 -18993.4
31.501 -4.83706 -18934.3
31.502 -4.81447 -18874.7
31.503 -4.79185 -18814.8
31.504 -4.76921 -18754.6
31.505 -4.74657 -18694.3
31.506 -4.72395 -18633.7
31.507 -4.70136 -18573.1
31.508 -4.67881 -18512.4
31.509 -4.65634 -18451.7
31.51 -4.63394 -18391.1
31.511 -4.61164 -18330.7
31.512 -4.58946 -18270.4
31.513 -4.5674 -18210.4
31.514 -4.5455 -18150.7
31.515 -4.52375 -18091.3
31.516 -4.50219 -18032.3
31.517 -4.48081 -17973.8
31.518 -4.45965 -17915.9
31.519 -4.43871 -17858.5
31.52 -4.41801 -17801.7
31.521 -4.39757 -17745.7
31.522 -4.37738 -17690.3
31.523 -4.35747 -17635.7
31.524 -4.33783 -17581.9
31.525 -4.31847 -17528.9
31.526 -4.2994 -17476.6
31.527 -4.28062 -17425.2
31.528 -4.26214 -17374.7
31.529 -4.24396 -17325
31.53 -4.2261 -17276.3
31.531 -4.20855 -17228.5
31.532 -4.19131 -17181.6
31.533 -4.17438 -17135.6
31.534 -4.15775 -17090.5
31.535 -4.14143 -17046.3
31.536 -4.1254 -17003
31.537 -4.10967 -16960.5
31.538 -4.09422 -16919
31.539 -4.07907 -16878.2
31.54 -4.0642 -16838.4
31.541 -4.0496 -16799.3
31.542 -4.03528 -16761.1
31.543 -4.02123 -16723.7
31.544 -4.00744 -16687
31.545 -3.99392 -16651.2
31.546 -3.98065 -16616.1
31.547 -3.96763 -16581.8
31.548 -3.95485 -16548.2
31.549 -3.94232 -16515.4
31.55 -3.93003 -16483.3
31.551 -3.91797 -16451.8
31.552 -3.90612 -16421
31.553 -3.89448 -16390.9
31.554 -3.88303 -16361.2
31.555 -3.87176 -16332.2
31.556 -3.86065 -16303.6
31.557 -3.84969 -16275.4
31.558 -3.83886 -16247.6
31.559 -3.82816 -16220.1
31.56 -3.81756 -16193
31.561 -3.80706 -16166.1
31.562 -3.79664 -16139.4
31.563 -3.78628 -16112.8
31.564 -3.77597 -16086.4
31.565 -3.7657 -16060
31.566 -3.75546 -16033.6
31.567 -3.74523 -16007.2
31.568 -3.73499 -15980.8
31.569 -3.72473 -15954.2
31.57 -3.71445 -15927.5
31.571 -3.70412 -15900.5
31.572 -3.69374 -15873.3
31.573 -3.68331 -15845.9
31.574 -3.67282 -15818.2
31.575 -3.66226 -15790.3
31.576 -3.65163 -15762
31.577 -3.64094 -15733.5
31.578 -3.63016 -15704.6
31.579 -3.6193 -15675.4
31.58 -3.60835 -15645.8
31.581 -3.59731 -15615.8
31.582 -3.58616 -15585.5
31.583 -3.5749 -15554.6
31.584 -3.5635 -15523.3
31.585 -3.55196 -15491.4
31.586 -3.54026 -15458.9
31.587 -3.5284 -15425.8
31.588 -3.51635 -15392
31.589 -3.5041 -15357.5
31.59 -3.49165 -15322.3
31.591 -3.47898 -15286.2
31.592 -3.46607 -15249.3
31.593 -3.45293 -15211.5
31.594 -3.43952 -15172.7
31.595 -3.42585 -15133
31.596 -3.4119 -15092.3
31.597 -3.39766 -15050.6
31.598 -3.38311 -15007.7
31.599 -3.36825 -14963.7
31.6 -3.35307 -14918.6
31.601 -3.33755 -14872.2
31.602 -3.32169 -14824.7
31.603 -3.3055 -14775.9
31.604 -3.28896 -14725.9
31.605 -3.27208 -14674.7
31.606 -3.25486 -14622.2
31.607 -3.23728 -14568.5
31.608 -3.21936 -14513.6
31.609 -3.2011 -14457.3
31.61 -3.18248 -14399.9
31.611 -3.16351 -14341.1
31.612 -3.14416 -14281.1
31.613 -3.12443 -14219.6
31.614 -3.1043 -14156.7
31.615 -3.08375 -14092.3
31.616 -3.06275 -14026.4
31.617 -3.0413 -13958.8
31.618 -3.01938 -13889.5
31.619 -2.99696 -13818.5
31.62 -2.97404 -13745.7
31.621 -2.9506 -13671.1
31.622 -2.92663 -13594.6
31.623 -2.90212 -13516.2
31.624 -2.87707 -13435.9
31.625 -2.85146 -13353.7
31.626 -2.8253 -13269.5
31.627 -2.79858 -13183.3
31.628 -2.77128 -13095.1
31.629 -2.74341 -13004.8
31.63 -2.71496 -12912.5
31.631 -2.68592 -12818.2
31.632 -2.65628 -12721.7
31.633 -2.62603 -12623.1
31.634 -2.59515 -12522.3
31.635 -2.56363 -12419.3
31.636 -2.53145 -12313.9
31.637 -2.49861 -12206.3
31.638 -2.4651 -12096.3
31.639 -2.43089 -11983.8
31.64 -2.39598 -11869
31.641 -2.36037 -11751.6
31.642 -2.32403 -11631.8
31.643 -2.28698 -11509.4
31.644 -2.24922 -11384.6
31.645 -2.21073 -11257.3
31.646 -2.17151 -11127.4
31.647 -2.13158 -10995.1
31.648 -2.09092 -10860.2
31.649 -2.04954 -10722.8
31.65 -2.00743 -10582.9
31.651 -1.9646 -10440.6
31.652 -1.92106 -10295.7
31.653 -1.87681 -10148.4
31.654 -1.83186 -9998.7
31.655 -1.78622 -9846.63
31.656 -1.73991 -9692.22
31.657 -1.69293 -9535.51
31.658 -1.6453 -9376.55
31.659 -1.59702 -9215.37
31.66 -1.54811 -9052
31.661 -1.49857 -8886.5
31.662 -1.44841 -8718.86
31.663 -1.39763 -8549.12
31.664 -1.34625 -8377.27
31.665 -1.29425 -8203.34
31.666 -1.24164 -8027.35
31.667 -1.18844 -7849.31
31.668 -1.13463 -7669.23
31.669 -1.08024 -7487.14
31.67 -1.02525 -7303.06
31.671 -0.969684 -7117.01
31.672 -0.913538 -6929
31.673 -0.856821 -6739.06
31.674 -0.799537 -6547.22
31.675 -0.741694 -6353.49
31.676 -0.683296 -6157.9
31.677 -0.624352 -5960.47
31.678 -0.564868 -5761.24
31.679 -0.50485 -5560.22
31.68 -0.444307 -5357.45
31.681 -0.383248 -5152.96
31.682 -0.321687 -4946.8
31.683 -0.259642 -4739.03
31.684 -0.19713 -4529.7
31.685 -0.134168 -4318.89
31.686 -0.0707726 -4106.64
31.687 -0.00696305 -3893.02
31.688 0.0572431 -3678.09
31.689 0.121827 -3461.91
31.69 0.186771 -3244.55
31.691 0.252056 -3026.07
31.692 0.317663 -2806.52
31.693 0.383572 -2585.98
31.694 0.449764 -2364.51
31.695 0.516219 -2142.17
31.696 0.582918 -1919.03
31.697 0.64984 -1695.15
31.698 0.716966 -1470.6
31.699 0.784275 -1245.43
31.7 0.851746 -1019.73
31.701 0.919361 -793.543
31.702 0.987106 -566.915
31.703 1.05497 -339.885
31.704 1.12294 -112.489
31.705 1.191 115.235
31.706 1.25914 343.251
31.707 1.32735 571.522
31.708 1.39561 800.009
31.709 1.46392 1028.68
31.71 1.53225 1257.48
31.711 1.6006 1486.39
31.712 1.66895 1715.34
31.713 1.73726 1944.25
31.714 1.80553 2173.07
31.715 1.87373 2401.73
31.716 1.94183 2630.17
31.717 2.00982 2858.31
31.718 2.07767 3086.09
31.719 2.14536 3313.45
31.72 2.21287 3540.31
31.721 2.28018 3766.64
31.722 2.34728 3992.37
31.723 2.41415 4217.47
31.724 2.48077 4441.92
31.725 2.54714 4665.67
31.726 2.61325 4888.7
31.727 2.67907 5110.96
31.728 2.7446 5332.42
31.729 2.80983 5553.06
31.73 2.87474 5772.84
31.731 2.93931 5991.72
31.732 3.00355 6209.67
31.733 3.06744 6426.67
31.734 3.13095 6642.68
31.735 3.19409 6857.67
31.736 3.25685 7071.62
31.737 3.3192 7284.49
31.738 3.38114 7496.25
31.739 3.44265 7706.88
31.74 3.50374 7916.34
31.741 3.56437 8124.61
31.742 3.62455 8331.64
31.743 3.68424 8537.36
31.744 3.74343 8741.73
31.745 3.80211 8944.7
31.746 3.86024 9146.2
31.747 3.91783 9346.19
31.748 3.97483 9544.62
31.749 4.03125 9741.44
31.75 4.08707 9936.59
31.751 4.14225 10130
31.752 4.1968 10321.7
31.753 4.25066 10511.4
31.754 4.30383 10699.3
31.755 4.35628 10885.1
31.756 4.40799 11068.8
31.757 4.45893 11250.4
31.758 4.50909 11429.7
31.759 4.55843 11606.7
31.76 4.60694 11781.4
31.761 4.6546 11953.6
31.762 4.7014 12123.4
31.763 4.74735 12290.7
31.764 4.79243 12455.5
31.765 4.83665 12617.9
31.766 4.88001 12777.8
31.767 4.9225 12935.2
31.768 4.96413 13090.2
31.769 5.00489 13242.7
31.77 5.04478 13392.6
31.771 5.08381 13540.1
31.772 5.12196 13685.1
31.773 5.15921 13827.4
31.774 5.19554 13967.1
31.775 5.23096 14104.1
31.776 5.26543 14238.4
31.777 5.29895 14369.8
31.778 5.33151 14498.4
31.779 5.36309 14624.1
31.78 5.39367 14746.9
31.781 5.42326 14866.7
31.782 5.45185 14983.5
31.783 5.47946 15097.4
31.784 5.50609 15208.3
31.785 5.53174 15316.3
31.786 5.55642 15421.4
31.787 5.58016 15523.6
31.788 5.60294 15623
31.789 5.62479 15719.5
31.79 5.64571 15813.2
31.791 5.66572 15904.1
31.792 5.68482 15992.3
31.793 5.70302 16077.7
31.794 5.72034 16160.5
31.795 5.7368 16240.5
31.796 5.75239 16317.9
31.797 5.76714 16392.7
31.798 5.78105 16464.9
31.799 5.79414 16534.6
31.8 5.80643 16601.8
31.801 5.81793 16666.5
31.802 5.82864 16728.7
31.803 5.8386 16788.6
31.804 5.8478 16846.1
31.805 5.85627 16901.3
31.806 5.86402 16954.2
31.807 5.87107 17004.9
31.808 5.87743 17053.4
31.809 5.88312 17099.8
31.81 5.88815 17144
31.811 5.89254 17186.2
31.812 5.89631 17226.4
31.813 5.89948 17264.6
31.814 5.90205 17300.9
31.815 5.90406 17335.4
31.816 5.90551 17368
31.817 5.90642 17398.9
31.818 5.90681 17428
31.819 5.9067 17455.5
31.82 5.9061 17481.4
31.821 5.90504 17505.8
31.822 5.90353 17528.6
31.823 5.90159 17550
31.824 5.89924 17570
31.825 5.89649 17588.6
31.826 5.89337 17606
31.827 5.88989 17622.1
31.828 5.88607 17637.1
31.829 5.88193 17651
31.83 5.8775 17663.8
31.831 5.87277 17675.6
31.832 5.86778 17686.4
31.833 5.86252 17696.3
31.834 5.85702 17705.3
31.835 5.85127 17713.4
31.836 5.84528 17720.7
31.837 5.83908 17727.1
31.838 5.83266 17732.8
31.839 5.82604 17737.7
31.84 5.81923 17741.9
31.841 5.81223 17745.4
31.842 5.80506 17748.2
31.843 5.79771 17750.4
31.844 5.79019 17751.8
31.845 5.7825 17752.6
31.846 5.77463 17752.7
31.847 5.76659 17752.2
31.848 5.75839 17751
31.849 5.75003 17749.1
31.85 5.7415 17746.6
31.851 5.73282 17743.4
31.852 5.72398 17739.6
31.853 5.71501 17735.3
31.854 5.70592 17730.4
31.855 5.69671 17725
31.856 5.6874 17719.1
31.857 5.67799 17712.8
31.858 5.6685 17706.1
31.859 5.65894 17699.1
31.86 5.64933 17691.7
31.861 5.63966 17684
31.862 5.62994 17676.1
31.863 5.62019 17667.9
31.864 5.61039 17659.4
31.865 5.60055 17650.7
31.866 5.59068 17641.7
31.867 5.58077 17632.5
31.868 5.57084 17623.1
31.869 5.56087 17613.4
31.87 5.55088 17603.6
31.871 5.54086 17593.5
31.872 5.53085 17583.3
31.873 5.52079 17572.8
31.874 5.51072 17562.2
31.875 5.50064 17551.4
31.876 5.49054 17540.5
31.877 5.48044 17529.4
31.878 5.47033 17518.2
31.879 5.46021 17506.8
31.88 5.4501 17495.3
31.881 5.43998 17483.7
31.882 5.42988 17472
31.883 5.41977 17460.2
31.884 5.40968 17448.3
31.885 5.3996 17436.4
31.886 5.38953 17424.3
31.887 5.37948 17412.2
31.888 5.36945 17400.1
31.889 5.35944 17387.9
31.89 5.34945 17375.6
31.891 5.33949 17363.4
31.892 5.32957 17351.2
31.893 5.3197 17339
31.894 5.30989 17326.9
31.895 5.30015 17314.9
31.896 5.29049 17303.1
31.897 5.28093 17291.5
31.898 5.27146 17280.2
31.899 5.26211 17269.1
31.9 5.25289 17258.3
31.901 5.2438 17247.9
31.902 5.23483 17237.9
31.903 5.22601 17228.2
31.904 5.21734 17218.9
31.905 5.2088 17210
31.906 5.20041 17201.4
31.907 5.19217 17193.3
31.908 5.18407 17185.6
31.909 5.17612 17178.2
31.91 5.16832 17171.3
31.911 5.16067 17164.8
31.912 5.15317 17158.8
31.913 5.14582 17153.2
31.914 5.13863 17148
31.915 5.13159 17143.2
31.916 5.12471 17139
31.917 5.11798 17135.1
31.918 5.11141 17131.8
31.919 5.105 17128.8
31.92 5.09875 17126.4
31.921 5.09266 17124.4
31.922 5.08673 17122.9
31.923 5.08096 17121.9
31.924 5.07535 17121.4
31.925 5.0699 17121.4
31.926 5.06462 17121.8
31.927 5.05949 17122.8
31.928 5.05453 17124.2
31.929 5.04974 17126.1
31.93 5.0451 17128.6
31.931 5.04063 17131.5
31.932 5.03632 17134.9
31.933 5.03218 17138.9
31.934 5.02819 17143.3
31.935 5.02437 17148.3
31.936 5.02072 17153.7
31.937 5.01722 17159.7
31.938 5.01388 17166.2
31.939 5.01071 17173.1
31.94 5.0077 17180.6
31.941 5.00484 17188.6
31.942 5.00212 17197.1
31.943 4.99953 17205.9
31.944 4.99704 17215
31.945 4.99464 17224.5
31.946 4.99232 17234.1
31.947 4.99004 17243.9
31.948 4.98779 17253.8
31.949 4.98557 17263.7
31.95 4.98334 17273.6
31.951 4.98109 17283.4
31.952 4.97882 17293.1
31.953 4.97651 17302.6
31.954 4.97415 17312
31.955 4.97174 17321.1
31.956 4.96927 17330.1
31.957 4.96672 17338.7
31.958 4.9641 17347.1
31.959 4.96138 17355.1
31.96 4.95857 17362.8
31.961 4.95565 17370.1
31.962 4.95263 17377
31.963 4.9495 17383.5
31.964 4.94627 17389.7
31.965 4.94293 17395.5
31.966 4.93949 17400.8
31.967 4.93595 17405.8
31.968 4.93231 17410.5
31.969 4.92856 17414.7
31.97 4.92471 17418.6
31.971 4.92076 17422.1
31.972 4.9167 17425.2
31.973 4.91253 17427.8
31.974 4.90823 17430
31.975 4.9038 17431.7
31.976 4.89923 17432.9
31.977 4.89452 17433.6
31.978 4.88965 17433.7
31.979 4.88462 17433.2
31.98 4.87942 17432.1
31.981 4.87405 17430.4
31.982 4.86849 17428
31.983 4.86275 17424.9
31.984 4.85681 17421
31.985 4.85066 17416.5
31.986 4.84431 17411.2
31.987 4.83774 17405.1
31.988 4.83094 17398.2
31.989 4.82392 17390.4
31.99 4.81667 17381.8
31.991 4.80917 17372.3
31.992 4.80144 17361.9
31.993 4.79345 17350.6
31.994 4.7852 17338.4
31.995 4.77668 17325.1
31.996 4.76789 17310.9
31.997 4.75883 17295.7
31.998 4.74949 17279.5
31.999 4.73987 17262.2
32 4.72996 17243.9
32.001 4.71974 17224.4
32.002 4.70923 17203.9
32.003 4.69839 17182.2
32.004 4.68722 17159.2
32.005 4.6757 17135
32.006 4.66382 17109.5
32.007 4.65157 17082.6
32.008 4.63894 17054.3
32.009 4.62591 17024.6
32.01 4.61248 16993.4
32.011 4.59862 16960.6
32.012 4.58434 16926.3
32.013 4.56961 16890.4
32.014 4.55443 16852.9
32.015 4.53879 16813.6
32.016 4.52267 16772.6
32.017 4.50607 16729.9
32.018 4.48897 16685.3
32.019 4.47137 16638.9
32.02 4.45326 16590.7
32.021 4.43462 16540.5
32.022 4.41546 16488.4
32.023 4.39578 16434.4
32.024 4.37557 16378.5
32.025 4.35483 16320.7
32.026 4.33357 16260.9
32.027 4.31179 16199.2
32.028 4.28948 16135.6
32.029 4.26666 16070
32.03 4.24331 16002.5
32.031 4.21943 15933.1
32.032 4.19503 15861.8
32.033 4.1701 15788.4
32.034 4.14463 15713.1
32.035 4.1186 15635.7
32.036 4.09203 15556.3
32.037 4.06489 15474.8
32.038 4.03719 15391.3
32.039 4.00891 15305.6
32.04 3.98006 15217.8
32.041 3.95063 15127.8
32.042 3.92061 15035.7
32.043 3.88999 14941.4
32.044 3.85878 14844.9
32.045 3.82697 14746.2
32.046 3.79455 14645.2
32.047 3.76153 14542
32.048 3.72789 14436.6
32.049 3.69364 14328.8
32.05 3.65876 14218.8
32.051 3.62327 14106.6
32.052 3.58716 13992
32.053 3.55044 13875.2
32.054 3.51312 13756.2
32.055 3.4752 13635
32.056 3.43669 13511.6
32.057 3.3976 13386
32.058 3.35793 13258.4
32.059 3.3177 13128.6
32.06 3.2769 12996.7
32.061 3.23555 12862.8
32.062 3.19365 12726.9
32.063 3.15119 12588.9
32.064 3.10818 12448.9
32.065 3.06462 12306.8
32.066 3.0205 12162.7
32.067 2.97583 12016.6
32.068 2.9306 11868.4
32.069 2.88482 11718.2
32.07 2.83849 11566
32.071 2.79161 11411.8
32.072 2.74419 11255.6
32.073 2.69621 11097.4
32.074 2.64769 10937.2
32.075 2.59863 10775.1
32.076 2.54903 10611
32.077 2.49889 10444.9
32.078 2.44821 10276.9
32.079 2.397 10107
32.08 2.34526 9935.13
32.081 2.29299 9761.41
32.082 2.24021 9585.84
32.083 2.18693 9408.48
32.084 2.13316 9229.35
32.085 2.07891 9048.52
32.086 2.0242 8866.03
32.087 1.96903 8681.92
32.088 1.91343 8496.26
32.089 1.85741 8309.08
32.09 1.80097 8120.44
32.091 1.74414 7930.38
32.092 1.68692 7738.93
32.093 1.6293 7546.11
32.094 1.57131 7351.96
32.095 1.51295 7156.48
32.096 1.45421 6959.71
32.097 1.39511 6761.67
32.098 1.33566 6562.38
32.099 1.27586 6361.88
32.1 1.21571 6160.18
32.101 1.15523 5957.34
32.102 1.09444 5753.41
32.103 1.03337 5548.49
32.104 0.972026 5342.67
32.105 0.910448 5136.03
32.106 0.848657 4928.65
32.107 0.786678 4720.63
32.108 0.724537 4512.05
32.109 0.662258 4303
32.11 0.599867 4093.57
32.111 0.537389 3883.85
32.112 0.474851 3673.92
32.113 0.412276 3463.87
32.114 0.349692 3253.79
32.115 0.287124 3043.78
32.116 0.224598 2833.9
32.117 0.162139 2624.27
32.118 0.0997731 2414.95
32.119 0.0375265 2206.04
32.12 -0.0245749 1997.63
32.121 -0.0865053 1789.8
32.122 -0.148239 1582.64
32.123 -0.209749 1376.24
32.124 -0.271011 1170.68
32.125 -0.331999 966.043
32.126 -0.392686 762.419
32.127 -0.453048 559.892
32.128 -0.513058 358.546
32.129 -0.572691 158.463
32.13 -0.631922 -40.2735
32.131 -0.690726 -237.582
32.132 -0.749078 -433.38
32.133 -0.806953 -627.587
32.134 -0.864326 -820.124
32.135 -0.921172 -1010.91
32.136 -0.977468 -1199.87
32.137 -1.03319 -1386.92
32.138 -1.08831 -1571.99
32.139 -1.14282 -1755
32.14 -1.19667 -1935.88
32.141 -1.24986 -2114.56
32.142 -1.30237 -2290.98
32.143 -1.35419 -2465.11
32.144 -1.40529 -2636.91
32.145 -1.45568 -2806.33
32.146 -1.50532 -2973.33
32.147 -1.55423 -3137.88
32.148 -1.60237 -3299.93
32.149 -1.64974 -3459.45
32.15 -1.69633 -3616.41
32.151 -1.74213 -3770.78
32.152 -1.78713 -3922.54
32.153 -1.83134 -4071.7
32.154 -1.87475 -4218.25
32.155 -1.91736 -4362.18
32.156 -1.95917 -4503.51
32.157 -2.00019 -4642.23
32.158 -2.0404 -4778.35
32.159 -2.07981 -4911.87
32.16 -2.11843 -5042.79
32.161 -2.15625 -5171.12
32.162 -2.19328 -5296.86
32.163 -2.22952 -5420.03
32.164 -2.26496 -5540.63
32.165 -2.29962 -5658.67
32.166 -2.3335 -5774.17
32.167 -2.36659 -5887.14
32.168 -2.39891 -5997.58
32.169 -2.43045 -6105.52
32.17 -2.46123 -6210.97
32.171 -2.49124 -6313.95
32.172 -2.5205 -6414.47
32.173 -2.54901 -6512.55
32.174 -2.57676 -6608.22
32.175 -2.60378 -6701.48
32.176 -2.63007 -6792.37
32.177 -2.65563 -6880.91
32.178 -2.68046 -6967.11
32.179 -2.70459 -7051.01
32.18 -2.72802 -7132.63
32.181 -2.75074 -7211.99
32.182 -2.77277 -7289.1
32.183 -2.79411 -7363.94
32.184 -2.81474 -7436.53
32.185 -2.83469 -7506.87
32.186 -2.85394 -7574.95
32.187 -2.87249 -7640.78
32.188 -2.89036 -7704.37
32.189 -2.90754 -7765.71
32.19 -2.92403 -7824.81
32.191 -2.93983 -7881.68
32.192 -2.95495 -7936.3
32.193 -2.96937 -7988.64
32.194 -2.98308 -8038.7
32.195 -2.9961 -8086.44
32.196 -3.0084 -8131.86
32.197 -3.01998 -8174.93
32.198 -3.03085 -8215.64
32.199 -3.041 -8253.98
32.2 -3.05042 -8289.93
32.201 -3.05911 -8323.47
32.202 -3.06706 -8354.57
32.203 -3.07426 -8383.19
32.204 -3.0807 -8409.29
32.205 -3.08637 -8432.83
32.206 -3.09125 -8453.78
32.207 -3.09535 -8472.09
32.208 -3.09864 -8487.75
32.209 -3.10112 -8500.7
32.21 -3.10279 -8510.93
32.211 -3.10364 -8518.41
32.212 -3.10367 -8523.16
32.213 -3.10288 -8525.21
32.214 -3.1013 -8524.58
32.215 -3.09893 -8521.31
32.216 -3.09579 -8515.41
32.217 -3.09188 -8506.93
32.218 -3.08724 -8495.9
32.219 -3.08185 -8482.36
32.22 -3.07572 -8466.34
32.221 -3.06888 -8447.88
32.222 -3.06132 -8426.99
32.223 -3.05306 -8403.69
32.224 -3.04409 -8377.98
32.225 -3.03442 -8349.89
32.226 -3.02405 -8319.41
32.227 -3.013 -8286.57
32.228 -3.00126 -8251.39
32.229 -2.98885 -8213.88
32.23 -2.97576 -8174.06
32.231 -2.96201 -8131.95
32.232 -2.94761 -8087.6
32.233 -2.93257 -8041.06
32.234 -2.91691 -7992.38
32.235 -2.90065 -7941.6
32.236 -2.8838 -7888.79
32.237 -2.86638 -7834
32.238 -2.84841 -7777.27
32.239 -2.8299 -7718.67
32.24 -2.81087 -7658.24
32.241 -2.79133 -7596.06
32.242 -2.7713 -7532.17
32.243 -2.75081 -7466.63
32.244 -2.72986 -7399.5
32.245 -2.70848 -7330.83
32.246 -2.68669 -7260.7
32.247 -2.66449 -7189.16
32.248 -2.64192 -7116.26
32.249 -2.61898 -7042.08
32.25 -2.5957 -6966.66
32.251 -2.57209 -6890.09
32.252 -2.54818 -6812.4
32.253 -2.52397 -6733.68
32.254 -2.4995 -6653.98
32.255 -2.47478 -6573.37
32.256 -2.44982 -6491.91
32.257 -2.42466 -6409.66
32.258 -2.39929 -6326.7
32.259 -2.37376 -6243.08
32.26 -2.34806 -6158.87
32.261 -2.32223 -6074.13
32.262 -2.29627 -5988.9
32.263 -2.2702 -5903.22
32.264 -2.24402 -5817.12
32.265 -2.21775 -5730.64
32.266 -2.19139 -5643.82
32.267 -2.16496 -5556.7
32.268 -2.13847 -5469.3
32.269 -2.11192 -5381.68
32.27 -2.08533 -5293.86
32.271 -2.05871 -5205.89
32.272 -2.03208 -5117.8
32.273 -2.00543 -5029.62
32.274 -1.97878 -4941.4
32.275 -1.95215 -4853.17
32.276 -1.92554 -4764.97
32.277 -1.89896 -4676.83
32.278 -1.87243 -4588.8
32.279 -1.84595 -4500.91
32.28 -1.81953 -4413.2
32.281 -1.79319 -4325.7
32.282 -1.76694 -4238.45
32.283 -1.74079 -4151.49
32.284 -1.71474 -4064.86
32.285 -1.68881 -3978.58
32.286 -1.66301 -3892.7
32.287 -1.63735 -3807.25
32.288 -1.61183 -3722.27
32.289 -1.58648 -3637.79
32.29 -1.56129 -3553.85
32.291 -1.53629 -3470.49
32.292 -1.51148 -3387.76
32.293 -1.48689 -3305.74
32.294 -1.46253 -3224.48
32.295 -1.43843 -3144.04
32.296 -1.4146 -3064.5
32.297 -1.39106 -2985.9
32.298 -1.36782 -2908.32
32.299 -1.34492 -2831.81
32.3 -1.32235 -2756.44
32.301 -1.30015 -2682.26
32.302 -1.27832 -2609.33
32.303 -1.2569 -2537.72
32.304 -1.23588 -2467.48
32.305 -1.21529 -2398.66
32.306 -1.19516 -2331.34
32.307 -1.17548 -2265.55
32.308 -1.15628 -2201.37
32.309 -1.13758 -2138.84
32.31 -1.1194 -2078.01
32.311 -1.10174 -2018.95
32.312 -1.08462 -1961.71
32.313 -1.06806 -1906.32
32.314 -1.05208 -1852.86
32.315 -1.03668 -1801.37
32.316 -1.02189 -1751.89
32.317 -1.00771 -1704.48
32.318 -0.994168 -1659.18
32.319 -0.98127 -1616.05
32.32 -0.96903 -1575.12
32.321 -0.957462 -1536.44
32.322 -0.94658 -1500.06
32.323 -0.936395 -1466.02
32.324 -0.926921 -1434.36
32.325 -0.918169 -1405.12
32.326 -0.910151 -1378.34
32.327 -0.902878 -1354.06
32.328 -0.896363 -1332.33
32.329 -0.890615 -1313.16
32.33 -0.885645 -1296.61
32.331 -0.881463 -1282.7
32.332 -0.878079 -1271.48
32.333 -0.875488 -1262.96
32.334 -0.873734 -1257.19
32.335 -0.872805 -1254.18
32.336 -0.872711 -1253.98
32.337 -0.873459 -1256.61
32.338 -0.875057 -1262.1
32.339 -0.877513 -1270.48
32.34 -0.880812 -1281.76
32.341 -0.884996 -1295.96
32.342 -0.890048 -1313.09
32.343 -0.895967 -1333.13
32.344 -0.902747 -1356.07
32.345 -0.910387 -1381.91
32.346 -0.918883 -1410.63
32.347 -0.928229 -1442.21
32.348 -0.938422 -1476.64
32.349 -0.949457 -1513.91
32.35 -0.961328 -1553.99
32.351 -0.974032 -1596.89
32.352 -0.987569 -1642.59
32.353 -1.00194 -1691.1
32.354 -1.01715 -1742.44
32.355 -1.0332 -1796.61
32.356 -1.05009 -1853.62
32.357 -1.06782 -1913.47
32.358 -1.0864 -1976.15
32.359 -1.10581 -2041.68
32.36 -1.12607 -2110.06
32.361 -1.14716 -2181.26
32.362 -1.16909 -2255.28
32.363 -1.19184 -2332.07
32.364 -1.2154 -2411.61
32.365 -1.23976 -2493.85
32.366 -1.26491 -2578.77
32.367 -1.29083 -2666.33
32.368 -1.31752 -2756.48
32.369 -1.34497 -2849.19
32.37 -1.37316 -2944.41
32.371 -1.40207 -3042.12
32.372 -1.4317 -3142.25
32.373 -1.46203 -3244.78
32.374 -1.49306 -3349.65
32.375 -1.52475 -3456.82
32.376 -1.5571 -3566.25
32.377 -1.5901 -3677.88
32.378 -1.62373 -3791.68
32.379 -1.65798 -3907.58
32.38 -1.69282 -4025.55
32.381 -1.72825 -4145.53
32.382 -1.76425 -4267.5
32.383 -1.80083 -4391.43
32.384 -1.83796 -4517.31
32.385 -1.87565 -4645.1
32.386 -1.91388 -4774.78
32.387 -1.95264 -4906.33
32.388 -1.99193 -5039.71
32.389 -2.03174 -5174.91
32.39 -2.07206 -5311.89
32.391 -2.11287 -5450.63
32.392 -2.15417 -5591.08
32.393 -2.19595 -5733.23
32.394 -2.23819 -5877.05
32.395 -2.28089 -6022.49
32.396 -2.32404 -6169.53
32.397 -2.36762 -6318.14
32.398 -2.41162 -6468.28
32.399 -2.45603 -6619.92
32.4 -2.50085 -6773.01
32.401 -2.54605 -6927.54
32.402 -2.59162 -7083.46
32.403 -2.63756 -7240.73
32.404 -2.68384 -7399.32
32.405 -2.73046 -7559.18
32.406 -2.77741 -7720.3
32.407 -2.82466 -7882.61
32.408 -2.87222 -8046.09
32.409 -2.92005 -8210.7
32.41 -2.96816 -8376.39
32.411 -3.01652 -8543.12
32.412 -3.06512 -8710.86
32.413 -3.11395 -8879.57
32.414 -3.163 -9049.19
32.415 -3.21224 -9219.7
32.416 -3.26167 -9391.05
32.417 -3.31126 -9563.19
32.418 -3.36102 -9736.09
32.419 -3.41091 -9909.71
32.42 -3.46092 -10084
32.421 -3.51105 -10258.9
32.422 -3.56127 -10434.4
32.423 -3.61157 -10610.4
32.424 -3.66194 -10786.9
32.425 -3.71235 -10963.9
32.426 -3.7628 -11141.3
32.427 -3.81327 -11319
32.428 -3.86374 -11497.1
32.429 -3.9142 -11675.5
32.43 -3.96463 -11854
32.431 -4.01502 -12032.8
32.432 -4.06535 -12211.7
32.433 -4.11561 -12390.7
32.434 -4.16577 -12569.8
32.435 -4.21584 -12748.9
32.436 -4.26578 -12927.9
32.437 -4.31559 -13106.9
32.438 -4.36525 -13285.8
32.439 -4.41475 -13464.4
32.44 -4.46407 -13642.9
32.441 -4.51319 -13821.2
32.442 -4.56209 -13999.1
32.443 -4.61075 -14176.6
32.444 -4.65915 -14353.7
32.445 -4.70726 -14530.2
32.446 -4.75506 -14706.1
32.447 -4.80253 -14881.3
32.448 -4.84964 -15055.8
32.449 -4.89638 -15229.5
32.45 -4.94272 -15402.3
32.451 -4.98864 -15574.1
32.452 -5.03412 -15745
32.453 -5.07917 -15914.8
32.454 -5.12375 -16083.6
32.455 -5.16787 -16251.2
32.456 -5.2115 -16417.7
32.457 -5.25464 -16583
32.458 -5.29728 -16747.2
32.459 -5.3394 -16910
32.46 -5.381 -17071.6
32.461 -5.42206 -17231.9
32.462 -5.46258 -17390.8
32.463 -5.50254 -17548.3
32.464 -5.54194 -17704.5
32.465 -5.58076 -17859.2
32.466 -5.61901 -18012.4
32.467 -5.65666 -18164.1
32.468 -5.69371 -18314.3
32.469 -5.73016 -18462.9
32.47 -5.766 -18609.9
32.471 -5.80121 -18755.3
32.472 -5.8358 -18899.1
32.473 -5.86975 -19041.2
32.474 -5.90306 -19181.7
32.475 -5.93573 -19320.4
32.476 -5.96775 -19457.4
32.477 -5.99911 -19592.6
32.478 -6.02981 -19726.1
32.479 -6.05984 -19857.7
32.48 -6.08921 -19987.6
32.481 -6.1179 -20115.6
32.482 -6.14592 -20241.8
32.483 -6.17326 -20366.1
32.484 -6.19991 -20488.5
32.485 -6.22588 -20609
32.486 -6.25117 -20727.7
32.487 -6.27576 -20844.4
32.488 -6.29967 -20959.1
32.489 -6.32289 -21071.9
32.49 -6.34542 -21182.8
32.491 -6.36726 -21291.7
32.492 -6.3884 -21398.6
32.493 -6.40886 -21503.6
32.494 -6.42863 -21606.5
32.495 -6.4477 -21707.5
32.496 -6.46609 -21806.5
32.497 -6.4838 -21903.4
32.498 -6.50082 -21998.4
32.499 -6.51716 -22091.3
32.5 -6.53281 -22182.2
32.501 -6.5478 -22271.2
32.502 -6.56209 -22358
32.503 -6.57571 -22442.8
32.504 -6.58863 -22525.6
32.505 -6.60085 -22606.1
32.506 -6.61237 -22684.6
32.507 -6.62319 -22760.9
32.508 -6.6333 -22835
32.509 -6.6427 -22906.8
32.51 -6.65139 -22976.5
32.511 -6.65936 -23043.8
32.512 -6.66662 -23109
32.513 -6.67318 -23171.9
32.514 -6.67904 -23232.6
32.515 -6.68421 -23291
32.516 -6.68871 -23347.3
32.517 -6.69252 -23401.4
32.518 -6.69568 -23453.3
32.519 -6.69817 -23503.1
32.52 -6.70002 -23550.7
32.521 -6.70123 -23596.2
32.522 -6.70179 -23639.6
32.523 -6.70172 -23680.8
32.524 -6.70101 -23719.9
32.525 -6.69966 -23756.9
32.526 -6.69768 -23791.6
32.527 -6.69506 -23824.3
32.528 -6.69181 -23854.7
32.529 -6.68793 -23883
32.53 -6.68342 -23909.1
32.531 -6.67829 -23933
32.532 -6.67255 -23954.8
32.533 -6.6662 -23974.5
32.534 -6.65926 -23992.1
32.535 -6.65175 -24007.6
32.536 -6.64367 -24021.1
32.537 -6.63504 -24032.5
32.538 -6.62588 -24042.1
32.539 -6.61617 -24049.6
32.54 -6.60595 -24055.3
32.541 -6.59522 -24059.2
32.542 -6.584 -24061.1
32.543 -6.57228 -24061.2
32.544 -6.56008 -24059.5
32.545 -6.54739 -24055.9
32.546 -6.53422 -24050.5
32.547 -6.52058 -24043.3
32.548 -6.50647 -24034.3
32.549 -6.49191 -24023.5
32.55 -6.47688 -24010.9
32.551 -6.46141 -23996.5
32.552 -6.44548 -23980.4
32.553 -6.42912 -23962.5
32.554 -6.41233 -23942.9
32.555 -6.3951 -23921.6
32.556 -6.37746 -23898.6
32.557 -6.35941 -23873.9
32.558 -6.34095 -23847.6
32.559 -6.32209 -23819.6
32.56 -6.30284 -23790
32.561 -6.2832 -23758.8
32.562 -6.26317 -23726
32.563 -6.24276 -23691.5
32.564 -6.22196 -23655.5
32.565 -6.20076 -23617.8
32.566 -6.17918 -23578.4
32.567 -6.15721 -23537.4
32.568 -6.13484 -23494.8
32.569 -6.11209 -23450.5
32.57 -6.08894 -23404.6
32.571 -6.0654 -23357
32.572 -6.04148 -23307.7
32.573 -6.01718 -23256.9
32.574 -5.99252 -23204.4
32.575 -5.9675 -23150.4
32.576 -5.94214 -23094.9
32.577 -5.91644 -23037.9
32.578 -5.89041 -22979.4
32.579 -5.86407 -22919.5
32.58 -5.83741 -22858.2
32.581 -5.81046 -22795.5
32.582 -5.78321 -22731.5
32.583 -5.75566 -22666.1
32.584 -5.72781 -22599.3
32.585 -5.69968 -22531.1
32.586 -5.67125 -22461.6
32.587 -5.64253 -22390.8
32.588 -5.61352 -22318.6
32.589 -5.58422 -22245.1
32.59 -5.55464 -22170.3
32.591 -5.52478 -22094.1
32.592 -5.49464 -22016.6
32.593 -5.46422 -21937.9
32.594 -5.43352 -21857.8
32.595 -5.40255 -21776.4
32.596 -5.37132 -21693.8
32.597 -5.33981 -21609.9
32.598 -5.30804 -21524.7
32.599 -5.27601 -21438.3
32.6 -5.24372 -21350.7
32.601 -5.21117 -21261.8
32.602 -5.17836 -21171.7
32.603 -5.14529 -21080.4
32.604 -5.11195 -20987.8
32.605 -5.07832 -20893.9
32.606 -5.04442 -20798.6
32.607 -5.01024 -20702.1
32.608 -4.97576 -20604.3
32.609 -4.94098 -20505.1
32.61 -4.90591 -20404.5
32.611 -4.87054 -20302.6
32.612 -4.83485 -20199.3
32.613 -4.79886 -20094.6
32.614 -4.76255 -19988.5
32.615 -4.72592 -19881
32.616 -4.68897 -19772.1
32.617 -4.6517 -19661.7
32.618 -4.61409 -19549.9
32.619 -4.57616 -19436.7
32.62 -4.53789 -19322
32.621 -4.49928 -19205.8
32.622 -4.46034 -19088.2
32.623 -4.42108 -18969.2
32.624 -4.3815 -18848.8
32.625 -4.3416 -18727
32.626 -4.3014 -18603.9
32.627 -4.2609 -18479.5
32.628 -4.22011 -18353.8
32.629 -4.17903 -18226.8
32.63 -4.13767 -18098.5
32.631 -4.09604 -17969.1
32.632 -4.05414 -17838.5
32.633 -4.01199 -17706.7
32.634 -3.96958 -17573.8
32.635 -3.92693 -17439.8
32.636 -3.88405 -17304.7
32.637 -3.84094 -17168.6
32.638 -3.79761 -17031.5
32.639 -3.75406 -16893.3
32.64 -3.71031 -16754.3
32.641 -3.66636 -16614.3
32.642 -3.62222 -16473.4
32.643 -3.57787 -16331.6
32.644 -3.53333 -16188.9
32.645 -3.48858 -16045.3
32.646 -3.44364 -15900.7
32.647 -3.3985 -15755.3
32.648 -3.35315 -15609
32.649 -3.30761 -15461.8
32.65 -3.26186 -15313.7
32.651 -3.21592 -15164.7
32.652 -3.1698 -15014.9
32.653 -3.12351 -14864.4
32.654 -3.07707 -14713.2
32.655 -3.03051 -14561.3
32.656 -2.98383 -14408.9
32.657 -2.93706 -14256
32.658 -2.89022 -14102.7
32.659 -2.84331 -13949
32.66 -2.79637 -13795
32.661 -2.7494 -13640.8
32.662 -2.7024 -13486.3
32.663 -2.65539 -13331.6
32.664 -2.60836 -13176.7
32.665 -2.5613 -13021.6
32.666 -2.51423 -12866.4
32.667 -2.46714 -12710.9
32.668 -2.42003 -12555.2
32.669 -2.3729 -12399.3
32.67 -2.32576 -12243.3
32.671 -2.27861 -12087.2
32.672 -2.23145 -11930.9
32.673 -2.18429 -11774.5
32.674 -2.13715 -11618.1
32.675 -2.09003 -11461.6
32.676 -2.04295 -11305.2
32.677 -1.9959 -11148.8
32.678 -1.94891 -10992.5
32.679 -1.90198 -10836.4
32.68 -1.85513 -10680.4
32.681 -1.80835 -10524.6
32.682 -1.76165 -10369
32.683 -1.71504 -10213.7
32.684 -1.66851 -10058.6
32.685 -1.62207 -9903.66
32.686 -1.57571 -9748.99
32.687 -1.52944 -9594.57
32.688 -1.48326 -9440.39
32.689 -1.43716 -9286.47
32.69 -1.39116 -9132.81
32.691 -1.34525 -8979.42
32.692 -1.29943 -8826.33
32.693 -1.25373 -8673.58
32.694 -1.20815 -8521.2
32.695 -1.16269 -8369.23
32.696 -1.11737 -8217.69
32.697 -1.0722 -8066.62
32.698 -1.02719 -7916.06
32.699 -0.982345 -7766.04
32.7 -0.937674 -7616.59
32.701 -0.893185 -7467.75
32.702 -0.848881 -7319.51
32.703 -0.804763 -7171.88
32.704 -0.760831 -7024.86
32.705 -0.717085 -6878.47
32.706 -0.673526 -6732.69
32.707 -0.630154 -6587.54
32.708 -0.586969 -6443.01
32.709 -0.543971 -6299.11
32.71 -0.50116 -6155.83
32.711 -0.458539 -6013.19
32.712 -0.416113 -5871.21
32.713 -0.373893 -5729.92
32.714 -0.331885 -5589.34
32.715 -0.290099 -5449.51
32.716 -0.248543 -5310.45
32.717 -0.207225 -5172.2
32.718 -0.166154 -5034.78
32.719 -0.125338 -4898.22
32.72 -0.0847839 -4762.54
32.721 -0.044501 -4627.78
32.722 -0.00449668 -4493.95
32.723 0.0352213 -4361.09
32.724 0.0746452 -4229.22
32.725 0.113767 -4098.37
32.726 0.152581 -3968.56
32.727 0.191077 -3839.81
32.728 0.22925 -3712.16
32.729 0.267092 -3585.61
32.73 0.304596 -3460.2
32.731 0.341755 -3335.95
32.732 0.378563 -3212.88
32.733 0.415013 -3091
32.734 0.451099 -2970.35
32.735 0.486814 -2850.94
32.736 0.522152 -2732.79
32.737 0.557107 -2615.93
32.738 0.591674 -2500.36
32.739 0.625846 -2386.11
32.74 0.659619 -2273.2
32.741 0.692989 -2161.62
32.742 0.725957 -2051.39
32.743 0.758527 -1942.49
32.744 0.790703 -1834.9
32.745 0.822489 -1728.6
32.746 0.85389 -1623.59
32.747 0.884909 -1519.85
32.748 0.915552 -1417.36
32.749 0.945822 -1316.11
32.75 0.975724 -1216.07
32.751 1.00526 -1117.24
32.752 1.03445 -1019.58
32.753 1.06328 -923.099
32.754 1.09176 -827.76
32.755 1.11991 -733.547
32.756 1.14771 -640.442
32.757 1.17519 -548.425
32.758 1.20235 -457.474
32.759 1.22918 -367.568
32.76 1.25571 -278.686
32.761 1.28193 -190.807
32.762 1.30785 -103.908
32.763 1.33348 -17.9653
32.764 1.35883 67.0431
32.765 1.3839 151.141
32.766 1.40869 234.352
32.767 1.43322 316.7
32.768 1.4575 398.211
32.769 1.48152 478.908
32.77 1.50531 558.816
32.771 1.52885 637.948
32.772 1.55215 716.284
32.773 1.57519 793.794
32.774 1.59797 870.445
32.775 1.62047 946.206
32.776 1.64269 1021.05
32.777 1.66462 1094.94
32.778 1.68625 1167.85
32.779 1.70757 1239.74
32.78 1.72857 1310.6
32.781 1.74924 1380.4
32.782 1.76958 1449.13
32.783 1.7896 1516.79
32.784 1.80929 1583.39
32.785 1.82866 1648.93
32.786 1.84769 1713.41
32.787 1.86641 1776.83
32.788 1.8848 1839.2
32.789 1.90286 1900.52
32.79 1.92061 1960.8
32.791 1.93803 2020.03
32.792 1.95514 2078.24
32.793 1.97193 2135.41
32.794 1.98841 2191.56
32.795 2.00457 2246.69
32.796 2.02042 2300.82
32.797 2.03597 2353.95
32.798 2.0512 2406.08
32.799 2.06614 2457.22
32.8 2.08077 2507.39
32.801 2.09511 2556.6
32.802 2.10916 2604.88
32.803 2.12293 2652.27
32.804 2.13645 2698.81
32.805 2.14971 2744.54
32.806 2.16273 2789.49
32.807 2.17552 2833.72
32.808 2.1881 2877.25
32.809 2.20048 2920.13
32.81 2.21267 2962.4
32.811 2.22467 3004.1
32.812 2.23652 3045.28
32.813 2.24821 3085.97
32.814 2.25975 3126.22
32.815 2.27117 3166.06
32.816 2.28248 3205.55
32.817 2.29368 3244.72
32.818 2.30479 3283.61
32.819 2.31583 3322.27
32.82 2.3268 3360.74
32.821 2.33772 3399.06
32.822 2.34859 3437.27
32.823 2.35945 3475.42
32.824 2.37028 3513.55
32.825 2.38112 3551.7
32.826 2.39197 3589.92
32.827 2.40284 3628.25
32.828 2.41375 3666.72
32.829 2.42471 3705.38
32.83 2.43573 3744.28
32.831 2.44682 3783.46
32.832 2.45802 3822.99
32.833 2.46933 3862.94
32.834 2.48077 3903.37
32.835 2.49238 3944.36
32.836 2.50416 3985.98
32.837 2.51614 4028.3
32.838 2.52835 4071.39
32.839 2.54079 4115.31
32.84 2.5535 4160.13
32.841 2.56649 4205.93
32.842 2.57977 4252.73
32.843 2.59335 4300.58
32.844 2.60725 4349.53
32.845 2.62147 4399.59
32.846 2.63603 4450.82
32.847 2.65094 4503.25
32.848 2.6662 4556.91
32.849 2.68183 4611.84
32.85 2.69784 4668.08
32.851 2.71423 4725.65
32.852 2.73102 4784.6
32.853 2.74822 4844.95
32.854 2.76583 4906.74
32.855 2.78387 4969.99
32.856 2.80234 5034.75
32.857 2.82125 5101.04
32.858 2.84061 5168.89
32.859 2.86043 5238.33
32.86 2.88072 5309.39
32.861 2.90147 5382.09
32.862 2.9227 5456.43
32.863 2.9444 5532.41
32.864 2.96657 5610.04
32.865 2.9892 5689.29
32.866 3.0123 5770.18
32.867 3.03586 5852.7
32.868 3.05988 5936.83
32.869 3.08436 6022.58
32.87 3.10929 6109.93
32.871 3.13467 6198.88
32.872 3.16051 6289.46
32.873 3.18681 6381.67
32.874 3.21357 6475.54
32.875 3.24081 6571.09
32.876 3.26851 6668.33
32.877 3.2967 6767.28
32.878 3.32537 6867.96
32.879 3.35452 6970.38
32.88 3.38416 7074.56
32.881 3.41429 7180.5
32.882 3.44492 7288.24
32.883 3.47604 7397.77
32.884 3.50766 7509.11
32.885 3.53978 7622.27
32.886 3.5724 7737.27
32.887 3.60553 7854.1
32.888 3.63916 7972.79
32.889 3.67329 8093.33
32.89 3.70794 8215.74
32.891 3.74309 8340.04
32.892 3.77876 8466.27
32.893 3.81498 8594.5
32.894 3.85175 8724.79
32.895 3.8891 8857.21
32.896 3.92703 8991.81
32.897 3.96557 9128.65
32.898 4.00473 9267.79
32.899 4.04453 9409.29
32.9 4.08498 9553.21
32.901 4.12608 9699.59
32.902 4.16787 9848.5
32.903 4.21034 9999.99
32.904 4.25352 10154.1
32.905 4.29742 10310.9
32.906 4.34204 10470.4
32.907 4.3874 10632.7
32.908 4.43351 10797.9
32.909 4.48037 10965.9
32.91 4.52801 11136.8
32.911 4.57643 11310.7
32.912 4.62563 11487.6
32.913 4.67563 11667.6
32.914 4.72643 11850.6
32.915 4.77804 12036.8
32.916 4.83047 12226.1
32.917 4.88373 12418.6
32.918 4.93781 12614.4
32.919 4.99272 12813.5
32.92 5.04848 13015.8
32.921 5.10507 13221.5
32.922 5.16251 13430.5
32.923 5.22077 13642.8
32.924 5.27985 13858.5
32.925 5.33975 14077.5
32.926 5.40047 14299.8
32.927 5.46198 14525.5
32.928 5.52428 14754.4
32.929 5.58736 14986.7
32.93 5.65122 15222.3
32.931 5.71584 15461.1
32.932 5.78121 15703.3
32.933 5.84731 15948.6
32.934 5.91414 16197.3
32.935 5.98169 16449.1
32.936 6.04993 16704.2
32.937 6.11886 16962.5
32.938 6.18847 17223.9
32.939 6.25872 17488.6
32.94 6.32962 17756.3
32.941 6.40115 18027.2
32.942 6.47328 18301.1
32.943 6.546 18578.1
32.944 6.6193 18858.2
32.945 6.69315 19141.2
32.946 6.76754 19427.2
32.947 6.84245 19716.2
32.948 6.91786 20008.2
32.949 6.99374 20303
32.95 7.07009 20600.7
32.951 7.14687 20901.2
32.952 7.22408 21204.5
32.953 7.30167 21510.5
32.954 7.37964 21819.3
32.955 7.45797 22130.8
32.956 7.53662 22444.9
32.957 7.61558 22761.7
32.958 7.69483 23081
32.959 7.77433 23402.8
32.96 7.85408 23727.2
32.961 7.93403 24054
32.962 8.01419 24383.2
32.963 8.09453 24714.9
32.964 8.17503 25049
32.965 8.25569 25385.5
32.966 8.33648 25724.4
32.967 8.41739 26065.6
32.968 8.4984 26409.2
32.969 8.57949 26755.2
32.97 8.66065 27103.4
32.971 8.74186 27454
32.972 8.82309 27806.7
32.973 8.90432 28161.7
32.974 8.98553 28518.9
32.975 9.06667 28878.1
32.976 9.14774 29239.4
32.977 9.2287 29602.7
32.978 9.30952 29967.9
32.979 9.39019 30335.1
32.98 9.47068 30704.1
32.981 9.55095 31074.9
32.982 9.63099 31447.4
32.983 9.71077 31821.7
32.984 9.79026 32197.6
32.985 9.86945 32575.1
32.986 9.9483 32954.1
32.987 10.0268 33334.6
32.988 10.1049 33716.6
32.989 10.1826 34099.9
32.99 10.2599 34484.6
32.991 10.3367 34870.5
32.992 10.413 35257.6
32.993 10.4889 35645.9
32.994 10.5641 36035.2
32.995 10.6388 36425.5
32.996 10.7129 36816.6
32.997 10.7864 37208.5
32.998 10.8592 37601.2
32.999 10.9314 37994.5
33 11.0028 38388.3
33.001 11.0735 38782.7
33.002 11.1434 39177.4
33.003 11.2125 39572.4
33.004 11.2808 39967.6
33.005 11.3482 40362.8
33.006 11.4148 40758
33.007 11.4804 41153
33.008 11.545 41547.8
33.009 11.6087 41942.3
33.01 11.6714 42336.3
33.011 11.733 42729.8
33.012 11.7936 43122.6
33.013 11.8531 43514.6
33.014 11.9115 43905.7
33.015 11.9687 44295.8
33.016 12.0248 44684.7
33.017 12.0796 45072.3
33.018 12.1332 45458.5
33.019 12.1856 45843.2
33.02 12.2366 46226.2
33.021 12.2864 46607.5
33.022 12.3348 46986.8
33.023 12.3819 47364.1
33.024 12.4275 47739.1
33.025 12.4717 48111.6
33.026 12.5144 48481.6
33.027 12.5557 48848.8
33.028 12.5953 49213.2
33.029 12.6334 49574.4
33.03 12.67 49932.4
33.031 12.7049 50287.1
33.032 12.7381 50638.2
33.033 12.7697 50985.6
33.034 12.7997 51329.2
33.035 12.8279 51668.8
33.036 12.8544 52004.3
33.037 12.8791 52335.6
33.038 12.9021 52662.4
33.039 12.9234 52984.7
33.04 12.9428 53302.3
33.041 12.9605 53615.1
33.042 12.9763 53923
33.043 12.9903 54225.7
33.044 13.0025 54523.2
33.045 13.0128 54815.2
33.046 13.0212 55101.7
33.047 13.0278 55382.5
33.048 13.0324 55657.4
33.049 13.0351 55926.3
33.05 13.0359 56189.1
33.051 13.0347 56445.6
33.052 13.0317 56695.6
33.053 13.0266 56939.2
33.054 13.0196 57176.1
33.055 13.0106 57406.2
33.056 12.9997 57629.4
33.057 12.9868 57845.6
33.058 12.9719 58054.7
33.059 12.9551 58256.5
33.06 12.9362 58450.9
33.061 12.9154 58637.9
33.062 12.8926 58817.3
33.063 12.8679 58989.1
33.064 12.8412 59153.2
33.065 12.8125 59309.6
33.066 12.7819 59458.1
33.067 12.7494 59598.8
33.068 12.715 59731.5
33.069 12.6786 59856.1
33.07 12.6404 59972.8
33.071 12.6003 60081.3
33.072 12.5583 60181.6
33.073 12.5145 60273.7
33.074 12.4688 60357.6
33.075 12.4213 60433.2
33.076 12.3719 60500.5
33.077 12.3207 60559.4
33.078 12.2678 60609.8
33.079 12.213 60651.9
33.08 12.1565 60685.5
33.081 12.0982 60710.6
33.082 12.0381 60727.2
33.083 11.9763 60735.3
33.084 11.9128 60734.6
33.085 11.8475 60725.1
33.086 11.7806 60706.5
33.087 11.7119 60678.8
33.088 11.6416 60642.1
33.089 11.5696 60596.3
33.09 11.496 60541.4
33.091 11.4207 60477.5
33.092 11.3438 60404.5
33.093 11.2653 60322.5
33.094 11.1851 60231.4
33.095 11.1034 60131.3
33.096 11.0201 60022.2
33.097 10.9352 59904.2
33.098 10.8488 59777.2
33.099 10.7608 59641.3
33.1 10.6713 59496.5
33.101 10.5802 59342.8
33.102 10.4877 59180.3
33.103 10.3936 59009
33.104 10.298 58828.9
33.105 10.201 58640
33.106 10.1024 58442.3
33.107 10.0023 58235.9
33.108 9.90076 58020.7
33.109 9.7977 57796.9
33.11 9.69316 57564.4
33.111 9.58715 57323.3
33.112 9.47965 57073.6
33.113 9.37069 56815.4
33.114 9.26026 56548.7
33.115 9.14837 56273.5
33.116 9.03503 55990
33.117 8.92023 55698.1
33.118 8.80399 55398
33.119 8.68631 55089.6
33.12 8.56719 54773.1
33.121 8.44665 54448.5
33.122 8.3247 54115.9
33.123 8.20134 53775.4
33.124 8.0766 53427.2
33.125 7.95049 53071.2
33.126 7.82303 52707.7
33.127 7.69422 52336.7
33.128 7.56409 51958.4
33.129 7.43266 51572.8
33.13 7.29993 51180.1
33.131 7.16592 50780.4
33.132 7.03064 50373.9
33.133 6.8941 49960.5
33.134 6.75631 49540.4
33.135 6.61728 49113.8
33.136 6.477 48680.6
33.137 6.33551 48241
33.138 6.19279 47795.2
33.139 6.04887 47343.2
33.14 5.90376 46885.1
33.141 5.75746 46421.1
33.142 5.61 45951.3
33.143 5.4614 45475.9
33.144 5.31167 44995
33.145 5.16085 44508.7
33.146 5.00894 44017.2
33.147 4.85598 43520.7
33.148 4.70199 43019.3
33.149 4.54699 42513.2
33.15 4.39101 42002.6
33.151 4.23407 41487.5
33.152 4.07619 40968.2
33.153 3.91738 40444.8
33.154 3.75767 39917.4
33.155 3.59708 39386.1
33.156 3.43563 38851.1
33.157 3.27333 38312.6
33.158 3.11022 37770.6
33.159 2.94631 37225.4
33.16 2.78162 36677.1
33.161 2.61619 36125.7
33.162 2.45004 35571.5
33.163 2.2832 35014.7
33.164 2.11569 34455.3
33.165 1.94754 33893.5
33.166 1.77878 33329.5
33.167 1.60946 32763.4
33.168 1.43958 32195.4
33.169 1.2692 31625.6
33.17 1.09835 31054.1
33.171 0.927057 30481.2
33.172 0.755355 29907
33.173 0.583275 29331.5
33.174 0.410848 28755
33.175 0.238107 28177.5
33.176 0.0650864 27599.1
33.177 -0.108177 27020.1
33.178 -0.281646 26440.4
33.179 -0.45528 25860.3
33.18 -0.629037 25279.9
33.181 -0.802875 24699.3
33.182 -0.97675 24118.6
33.183 -1.15061 23537.9
33.184 -1.32442 22957.5
33.185 -1.49813 22377.3
33.186 -1.67168 21797.6
33.187 -1.84502 21218.5
33.188 -2.01811 20640
33.189 -2.1909 20062.4
33.19 -2.36332 19485.7
33.191 -2.53533 18910.1
33.192 -2.70685 18335.7
33.193 -2.87784 17762.6
33.194 -3.04822 17191.1
33.195 -3.21793 16621.2
33.196 -3.3869 16053.2
33.197 -3.55507 15487.1
33.198 -3.72237 14923.1
33.199 -3.88873 14361.4
33.2 -4.05409 13802
33.201 -4.21839 13245.3
33.202 -4.38154 12691.2
33.203 -4.5435 12139.9
33.204 -4.7042 11591.6
33.205 -4.86356 11046.3
33.206 -5.02153 10504.3
33.207 -5.17804 9965.7
33.208 -5.33303 9430.55
33.209 -5.48643 8899.03
33.21 -5.63819 8371.25
33.211 -5.78824 7847.35
33.212 -5.9365 7327.51
33.213 -6.08291 6811.9
33.214 -6.22739 6300.69
33.215 -6.36986 5794.06
33.216 -6.51026 5292.17
33.217 -6.64852 4795.2
33.218 -6.78457 4303.31
33.219 -6.91834 3816.66
33.22 -7.04978 3335.41
33.221 -7.17882 2859.72
33.222 -7.30542 2389.7
33.223 -7.42952 1925.49
33.224 -7.55108 1467.19
33.225 -7.67006 1014.94
33.226 -7.78642 568.834
33.227 -7.90011 128.986
33.228 -8.01111 -304.496
33.229 -8.11937 -731.512
33.23 -8.22488 -1151.96
33.231 -8.32759 -1565.73
33.232 -8.42747 -1972.69
33.233 -8.52447 -2372.69
33.234 -8.61856 -2765.59
33.235 -8.70971 -3151.25
33.236 -8.79788 -3529.53
33.237 -8.88304 -3900.3
33.238 -8.96517 -4263.43
33.239 -9.04424 -4618.8
33.24 -9.12022 -4966.28
33.241 -9.19311 -5305.76
33.242 -9.26288 -5637.16
33.243 -9.32955 -5960.39
33.244 -9.39309 -6275.38
33.245 -9.45352 -6582.05
33.246 -9.51083 -6880.32
33.247 -9.56503 -7170.15
33.248 -9.61612 -7451.45
33.249 -9.66411 -7724.19
33.25 -9.70901 -7988.29
33.251 -9.75083 -8243.71
33.252 -9.78958 -8490.41
33.253 -9.82529 -8728.34
33.254 -9.85796 -8957.45
33.255 -9.88761 -9177.73
33.256 -9.91427 -9389.13
33.257 -9.93796 -9591.62
33.258 -9.95869 -9785.18
33.259 -9.9765 -9969.8
33.26 -9.99141 -10145.5
33.261 -10.0034 -10312.1
33.262 -10.0126 -10469.8
33.263 -10.019 -10618.5
33.264 -10.0226 -10758.2
33.265 -10.0234 -10888.9
33.266 -10.0215 -11010.6
33.267 -10.0169 -11123.4
33.268 -10.0096 -11227.2
33.269 -9.99971 -11322
33.27 -9.98721 -11407.9
33.271 -9.97216 -11484.8
33.272 -9.95459 -11552.9
33.273 -9.93452 -11612.2
33.274 -9.912 -11662.6
33.275 -9.88706 -11704.2
33.276 -9.85975 -11737.1
33.277 -9.83008 -11761.3
33.278 -9.79812 -11776.9
33.279 -9.76389 -11783.8
33.28 -9.7274 -11782.1
33.281 -9.68874 -11771.7
33.282 -9.64791 -11752.7
33.283 -9.60497 -11725.1
33.284 -9.55994 -11689
33.285 -9.51287 -11644.4
33.286 -9.46379 -11591.5
33.287 -9.41275 -11530.3
33.288 -9.35978 -11460.9
33.289 -9.30491 -11383.3
33.29 -9.2482 -11297.7
33.291 -9.18966 -11204.2
33.292 -9.12935 -11102.8
33.293 -9.0673 -10993.6
33.294 -9.00354 -10876.7
33.295 -8.93813 -10752.3
33.296 -8.87108 -10620.4
33.297 -8.80244 -10481.2
33.298 -8.73225 -10334.7
33.299 -8.66055 -10181.1
33.3 -8.58737 -10020.4
33.301 -8.51274 -9852.85
33.302 -8.4367 -9678.47
33.303 -8.35928 -9497.35
33.304 -8.28051 -9309.61
33.305 -8.2004 -9115.33
33.306 -8.119 -8914.62
33.307 -8.03633 -8707.58
33.308 -7.95241 -8494.3
33.309 -7.86728 -8274.91
33.31 -7.78097 -8049.51
33.311 -7.6935 -7818.2
33.312 -7.6049 -7581.1
33.313 -7.51521 -7338.32
33.314 -7.42444 -7089.99
33.315 -7.33263 -6836.22
33.316 -7.2398 -6577.13
33.317 -7.14599 -6312.84
33.318 -7.05123 -6043.47
33.319 -6.95554 -5769.16
33.32 -6.85895 -5490.03
33.321 -6.76149 -5206.21
33.322 -6.66319 -4917.84
33.323 -6.56408 -4625.03
33.324 -6.46419 -4327.93
33.325 -6.36355 -4026.67
33.326 -6.26218 -3721.4
33.327 -6.16013 -3412.23
33.328 -6.05741 -3099.33
33.329 -5.95406 -2782.81
33.33 -5.85011 -2462.84
33.331 -5.74559 -2139.55
33.332 -5.64053 -1813.12
33.333 -5.53499 -1483.71
33.334 -5.42899 -1151.51
33.335 -5.32258 -816.683
33.336 -5.21579 -479.408
33.337 -5.10867 -139.864
33.338 -5.00126 201.773
33.339 -4.89359 545.325
33.34 -4.78571 890.613
33.341 -4.67766 1237.46
33.342 -4.56948 1585.68
33.343 -4.46121 1935.11
33.344 -4.35289 2285.55
33.345 -4.24457 2636.83
33.346 -4.13627 2988.78
33.347 -4.02806 3341.2
33.348 -3.91996 3693.93
33.349 -3.81202 4046.78
33.35 -3.70429 4399.57
33.351 -3.5968 4752.13
33.352 -3.4896 5104.28
33.353 -3.38272 5455.84
33.354 -3.27622 5806.63
33.355 -3.17014 6156.48
33.356 -3.06452 6505.2
33.357 -2.9594 6852.64
33.358 -2.85482 7198.6
33.359 -2.75083 7542.93
33.36 -2.64748 7885.44
33.361 -2.5448 8225.96
33.362 -2.44284 8564.33
33.363 -2.34165 8900.38
33.364 -2.24126 9233.94
33.365 -2.14172 9564.83
33.366 -2.04307 9892.91
33.367 -1.94537 10218
33.368 -1.84864 10539.9
33.369 -1.75293 10858.6
33.37 -1.6583 11173.7
33.371 -1.56477 11485.3
33.372 -1.47241 11793
33.373 -1.38125 12096.7
33.374 -1.29136 12396.3
33.375 -1.20279 12691.5
33.376 -1.11558 12982.1
33.377 -1.02978 13268.1
33.378 -0.945451 13549.2
33.379 -0.862633 13825.2
33.38 -0.781378 14096.1
33.381 -0.701731 14361.5
33.382 -0.623736 14621.4
33.383 -0.547429 14875.7
33.384 -0.47285 15124.2
33.385 -0.400035 15366.9
33.386 -0.329024 15603.4
33.387 -0.25985 15833.9
33.388 -0.192552 16058
33.389 -0.127163 16275.8
33.39 -0.0637179 16487.1
33.391 -0.00225301 16691.8
33.392 0.0571924 16889.7
33.393 0.114577 17080.7
33.394 0.169862 17264.7
33.395 0.223007 17441.6
33.396 0.273974 17611.3
33.397 0.322725 17773.5
33.398 0.369225 17928.2
33.399 0.413436 18075.3
33.4 0.455326 18214.7
33.401 0.494864 18346.3
33.402 0.532031 18469.9
33.403 0.566814 18585.6
33.404 0.599198 18693.4
33.405 0.629172 18793.1
33.406 0.656725 18884.8
33.407 0.681848 18968.4
33.408 0.70453 19043.8
33.409 0.724764 19111.2
33.41 0.742544 19170.4
33.411 0.757861 19221.4
33.412 0.770705 19264.1
33.413 0.781062 19298.7
33.414 0.788922 19324.9
33.415 0.794274 19342.7
33.416 0.797127 19352.3
33.417 0.797422 19353.4
33.418 0.795179 19346
33.419 0.79044 19330.1
33.42 0.783137 19305.6
33.421 0.773288 19272.6
33.422 0.760889 19230.9
33.423 0.745939 19180.8
33.424 0.728436 19122
33.425 0.708382 19054.6
33.426 0.685777 18978.7
33.427 0.660625 18894.1
33.428 0.632927 18801.1
33.429 0.60269 18699.4
33.43 0.569918 18589.3
33.431 0.534618 18470.6
33.432 0.496798 18343.5
33.433 0.456465 18207.9
33.434 0.413631 18063.9
33.435 0.368304 17911.5
33.436 0.320498 17750.8
33.437 0.270224 17581.7
33.438 0.217496 17404.5
33.439 0.162328 17219
33.44 0.104738 17025.4
33.441 0.044743 16823.7
33.442 -0.0176321 16613.9
33.443 -0.0823595 16396.3
33.444 -0.149411 16170.9
33.445 -0.218756 15937.8
33.446 -0.290364 15697
33.447 -0.364204 15448.8
33.448 -0.440242 15193.2
33.449 -0.518445 14930.3
33.45 -0.598776 14660.2
33.451 -0.681203 14383
33.452 -0.765694 14099
33.453 -0.85222 13808
33.454 -0.940749 13510.3
33.455 -1.03125 13205.9
33.456 -1.12369 12895
33.457 -1.21803 12577.6
33.458 -1.31425 12253.9
33.459 -1.41229 11924
33.46 -1.51214 11587.9
33.461 -1.61373 11245.8
33.462 -1.71705 10897.9
33.463 -1.82204 10544.1
33.464 -1.92866 10184.8
33.465 -2.03687 9819.9
33.466 -2.14663 9449.64
33.467 -2.25788 9074.13
33.468 -2.37059 8693.49
33.469 -2.48471 8307.87
33.47 -2.60017 7917.39
33.471 -2.71694 7522.21
33.472 -2.83497 7122.44
33.473 -2.9542 6718.25
33.474 -3.07457 6309.77
33.475 -3.19603 5897.15
33.476 -3.31853 5480.53
33.477 -3.44202 5060.07
33.478 -3.56642 4635.9
33.479 -3.69168 4208.19
33.48 -3.81775 3777.09
33.481 -3.94456 3342.74
33.482 -4.07205 2905.31
33.483 -4.20016 2464.95
33.484 -4.32883 2021.81
33.485 -4.45799 1576.06
33.486 -4.58757 1127.85
33.487 -4.71751 677.34
33.488 -4.84775 224.691
33.489 -4.97822 -229.938
33.49 -5.10885 -686.386
33.491 -5.23958 -1144.5
33.492 -5.37034 -1604.14
33.493 -5.50108 -2065.17
33.494 -5.63173 -2527.47
33.495 -5.76224 -2990.89
33.496 -5.89255 -3455.31
33.497 -6.02259 -3920.59
33.498 -6.15231 -4386.6
33.499 -6.28165 -4853.21
33.5 -6.41054 -5320.28
33.501 -6.53893 -5787.69
33.502 -6.66675 -6255.3
33.503 -6.79396 -6722.98
33.504 -6.92048 -7190.61
33.505 -7.04626 -7658.04
33.506 -7.17124 -8125.16
33.507 -7.29537 -8591.82
33.508 -7.41858 -9057.92
33.509 -7.54084 -9523.31
33.51 -7.66206 -9987.87
33.511 -7.78221 -10451.5
33.512 -7.90123 -10914
33.513 -8.01904 -11375.2
33.514 -8.13559 -11835
33.515 -8.25084 -12293.3
33.516 -8.3647 -12749.9
33.517 -8.47714 -13204.6
33.518 -8.58809 -13657.3
33.519 -8.69751 -14107.9
33.52 -8.80535 -14556.2
33.521 -8.91155 -15002
33.522 -9.01606 -15445.3
33.523 -9.11885 -15885.9
33.524 -9.21986 -16323.7
33.525 -9.31905 -16758.5
33.526 -9.41639 -17190.2
33.527 -9.51183 -17618.7
33.528 -9.60533 -18043.8
33.529 -9.69687 -18465.5
33.53 -9.78641 -18883.5
33.531 -9.87392 -19297.9
33.532 -9.95936 -19708.4
33.533 -10.0427 -20114.9
33.534 -10.124 -20517.4
33.535 -10.2031 -20915.7
33.536 -10.28 -21309.7
33.537 -10.3548 -21699.3
33.538 -10.4273 -22084.4
33.539 -10.4977 -22465
33.54 -10.5658 -22840.8
33.541 -10.6317 -23211.8
33.542 -10.6953 -23578
33.543 -10.7567 -23939.2
33.544 -10.8158 -24295.3
33.545 -10.8726 -24646.3
33.546 -10.9272 -24992
33.547 -10.9795 -25332.4
33.548 -11.0295 -25667.5
33.549 -11.0772 -25997.1
33.55 -11.1227 -26321.1
33.551 -11.1659 -26639.6
33.552 -11.2068 -26952.4
33.553 -11.2455 -27259.4
33.554 -11.282 -27560.7
33.555 -11.3161 -27856.1
33.556 -11.3481 -28145.6
33.557 -11.3779 -28429.1
33.558 -11.4054 -28706.6
33.559 -11.4308 -28978.1
33.56 -11.454 -29243.5
33.561 -11.4751 -29502.7
33.562 -11.494 -29755.8
33.563 -11.5108 -30002.7
33.564 -11.5255 -30243.5
33.565 -11.5382 -30478.1
33.566 -11.5489 -30706.6
33.567 -11.5576 -30928.8
33.568 -11.5643 -31145
33.569 -11.5691 -31354.9
33.57 -11.5719 -31558.8
33.571 -11.573 -31756.5
33.572 -11.5721 -31948.1
33.573 -11.5695 -32133.7
33.574 -11.5651 -32313.1
33.575 -11.5589 -32486.6
33.576 -11.5511 -32654
33.577 -11.5415 -32815.4
33.578 -11.5303 -32970.8
33.579 -11.5175 -33120.4
33.58 -11.5031 -33264
33.581 -11.4872 -33401.8
33.582 -11.4697 -33533.8
33.583 -11.4508 -33659.9
33.584 -11.4303 -33780.2
33.585 -11.4085 -33894.7
33.586 -11.3851 -34003.4
33.587 -11.3604 -34106.4
33.588 -11.3343 -34203.6
33.589 -11.3069 -34295.2
33.59 -11.2781 -34381
33.591 -11.248 -34461.2
33.592 -11.2167 -34535.9
33.593 -11.1841 -34605
33.594 -11.1503 -34668.6
33.595 -11.1154 -34726.9
33.596 -11.0793 -34779.8
33.597 -11.0421 -34827.5
33.598 -11.0039 -34870
33.599 -10.9646 -34907.3
33.6 -10.9243 -34939.7
33.601 -10.8831 -34967.1
33.602 -10.8409 -34989.5
33.603 -10.7977 -35007
33.604 -10.7536 -35019.7
33.605 -10.7087 -35027.4
33.606 -10.6628 -35030.4
33.607 -10.616 -35028.4
33.608 -10.5684 -35021.7
33.609 -10.5199 -35010.1
33.61 -10.4706 -34993.7
33.611 -10.4205 -34972.6
33.612 -10.3696 -34946.8
33.613 -10.3179 -34916.3
33.614 -10.2654 -34881.1
33.615 -10.2122 -34841.4
33.616 -10.1582 -34797.1
33.617 -10.1035 -34748.3
33.618 -10.0482 -34695.1
33.619 -9.99207 -34637.5
33.62 -9.93532 -34575.5
33.621 -9.87792 -34509.2
33.622 -9.81987 -34438.7
33.623 -9.7612 -34364
33.624 -9.70191 -34285.1
33.625 -9.64204 -34202.2
33.626 -9.58159 -34115.2
33.627 -9.52058 -34024.3
33.628 -9.45903 -33929.5
33.629 -9.39695 -33830.8
33.63 -9.33436 -33728.4
33.631 -9.27128 -33622.3
33.632 -9.20773 -33512.5
33.633 -9.14374 -33399.2
33.634 -9.07932 -33282.5
33.635 -9.01452 -33162.5
33.636 -8.94935 -33039.3
33.637 -8.88383 -32912.9
33.638 -8.818 -32783.5
33.639 -8.75188 -32651.2
33.64 -8.68548 -32516.1
33.641 -8.61884 -32378.2
33.642 -8.55198 -32237.7
33.643 -8.4849 -32094.7
33.644 -8.41763 -31949.2
33.645 -8.35018 -31801.2
33.646 -8.28257 -31650.9
33.647 -8.21482 -31498.4
33.648 -8.14693 -31343.7
33.649 -8.07894 -31186.8
33.65 -8.01085 -31028
33.651 -7.94268 -30867.3
33.652 -7.87446 -30704.7
33.653 -7.80621 -30540.4
33.654 -7.73796 -30374.5
33.655 -7.66973 -30207.1
33.656 -7.60155 -30038.3
33.657 -7.53344 -29868.3
33.658 -7.46543 -29697.1
33.659 -7.39755 -29524.8
33.66 -7.32981 -29351.7
33.661 -7.26224 -29177.6
33.662 -7.19487 -29002.9
33.663 -7.1277 -28827.5
33.664 -7.06075 -28651.5
33.665 -6.99405 -28475.1
33.666 -6.9276 -28298.2
33.667 -6.86142 -28121
33.668 -6.79553 -27943.6
33.669 -6.72995 -27766
33.67 -6.66468 -27588.3
33.671 -6.59976 -27410.6
33.672 -6.53519 -27233
33.673 -6.47099 -27055.6
33.674 -6.40718 -26878.5
33.675 -6.34378 -26701.6
33.676 -6.28079 -26525.2
33.677 -6.21824 -26349.3
33.678 -6.15614 -26173.9
33.679 -6.09451 -25999.2
33.68 -6.03337 -25825.2
33.681 -5.97273 -25652
33.682 -5.9126 -25479.7
33.683 -5.85301 -25308.4
33.684 -5.79396 -25138.1
33.685 -5.73548 -24968.9
33.686 -5.67759 -24800.8
33.687 -5.62028 -24634.1
33.688 -5.56359 -24468.7
33.689 -5.50752 -24304.6
33.69 -5.4521 -24142.1
33.691 -5.39733 -23981.1
33.692 -5.34323 -23821.7
33.693 -5.28979 -23663.9
33.694 -5.23703 -23507.8
33.695 -5.18495 -23353.4
33.696 -5.13356 -23200.7
33.697 -5.08286 -23049.8
33.698 -5.03286 -22900.8
33.699 -4.98356 -22753.6
33.7 -4.93498 -22608.2
33.701 -4.88711 -22464.8
33.702 -4.83994 -22323.3
33.703 -4.79349 -22183.8
33.704 -4.74774 -22046.1
33.705 -4.70269 -21910.4
33.706 -4.65833 -21776.7
33.707 -4.61466 -21644.8
33.708 -4.57168 -21514.9
33.709 -4.52939 -21386.9
33.71 -4.48777 -21260.8
33.711 -4.44682 -21136.6
33.712 -4.40656 -21014.4
33.713 -4.36697 -20894.1
33.714 -4.32806 -20775.8
33.715 -4.28984 -20659.6
33.716 -4.25231 -20545.3
33.717 -4.21548 -20433.1
33.718 -4.17933 -20322.9
33.719 -4.14389 -20214.8
33.72 -4.10914 -20108.8
33.721 -4.0751 -20004.9
33.722 -4.04176 -19903.2
33.723 -4.00912 -19803.6
33.724 -3.97719 -19706.1
33.725 -3.94597 -19610.8
33.726 -3.91545 -19517.6
33.727 -3.88565 -19426.7
33.728 -3.85655 -19337.9
33.729 -3.82816 -19251.3
33.73 -3.80049 -19167
33.731 -3.77352 -19084.8
33.732 -3.74726 -19004.9
33.733 -3.72172 -18927.2
33.734 -3.69688 -18851.7
33.735 -3.67274 -18778.4
33.736 -3.64932 -18707.4
33.737 -3.62659 -18638.6
33.738 -3.60457 -18572
33.739 -3.58325 -18507.6
33.74 -3.56263 -18445.5
33.741 -3.5427 -18385.6
33.742 -3.52345 -18327.9
33.743 -3.50488 -18272.3
33.744 -3.48696 -18218.8
33.745 -3.4697 -18167.4
33.746 -3.45307 -18118.1
33.747 -3.43706 -18070.7
33.748 -3.42167 -18025.4
33.749 -3.40687 -17981.9
33.75 -3.39266 -17940.4
33.751 -3.37902 -17900.7
33.752 -3.36594 -17862.7
33.753 -3.3534 -17826.6
33.754 -3.34139 -17792.2
33.755 -3.3299 -17759.4
33.756 -3.31891 -17728.3
33.757 -3.30841 -17698.7
33.758 -3.29838 -17670.7
33.759 -3.28881 -17644.2
33.76 -3.27969 -17619.1
33.761 -3.27099 -17595.4
33.762 -3.26271 -17573.1
33.763 -3.25483 -17552
33.764 -3.24733 -17532.2
33.765 -3.2402 -17513.6
33.766 -3.23342 -17496.2
33.767 -3.22698 -17479.8
33.768 -3.22086 -17464.5
33.769 -3.21505 -17450.2
33.77 -3.20952 -17436.9
33.771 -3.20427 -17424.4
33.772 -3.19926 -17412.7
33.773 -3.19448 -17401.8
33.774 -3.18989 -17391.5
33.775 -3.18546 -17381.7
33.776 -3.1812 -17372.5
33.777 -3.17706 -17363.6
33.778 -3.17302 -17355
33.779 -3.16906 -17346.7
33.78 -3.16514 -17338.5
33.781 -3.16125 -17330.4
33.782 -3.15736 -17322.3
33.783 -3.15347 -17314.2
33.784 -3.14955 -17305.9
33.785 -3.14559 -17297.5
33.786 -3.14158 -17288.9
33.787 -3.13749 -17280
33.788 -3.13331 -17270.9
33.789 -3.12903 -17261.3
33.79 -3.12463 -17251.3
33.791 -3.1201 -17240.9
33.792 -3.1154 -17229.9
33.793 -3.11052 -17218.2
33.794 -3.10543 -17205.8
33.795 -3.1001 -17192.7
33.796 -3.09452 -17178.6
33.797 -3.08866 -17163.6
33.798 -3.08249 -17147.5
33.799 -3.076 -17130.4
33.8 -3.06916 -17112
33.801 -3.06195 -17092.3
33.802 -3.05434 -17071.3
33.803 -3.04631 -17048.9
33.804 -3.03784 -17025
33.805 -3.02891 -16999.4
33.806 -3.0195 -16972.2
33.807 -3.00957 -16943.3
33.808 -2.99913 -16912.6
33.809 -2.98813 -16880
33.81 -2.97656 -16845.4
33.811 -2.96441 -16808.9
33.812 -2.95165 -16770.2
33.813 -2.93828 -16729.5
33.814 -2.92429 -16686.6
33.815 -2.90966 -16641.5
33.816 -2.89438 -16594.3
33.817 -2.87845 -16544.7
33.818 -2.86185 -16492.9
33.819 -2.84458 -16438.8
33.82 -2.82662 -16382.3
33.821 -2.80797 -16323.4
33.822 -2.78861 -16262.1
33.823 -2.76854 -16198.3
33.824 -2.74775 -16132
33.825 -2.72623 -16063.3
33.826 -2.70397 -15992
33.827 -2.68097 -15918.1
33.828 -2.65722 -15841.7
33.829 -2.63271 -15762.6
33.83 -2.60744 -15681
33.831 -2.58139 -15596.6
33.832 -2.55457 -15509.6
33.833 -2.52696 -15419.9
33.834 -2.49857 -15327.4
33.835 -2.46939 -15232.3
33.836 -2.4394 -15134.3
33.837 -2.40862 -15033.7
33.838 -2.37702 -14930.2
33.839 -2.34462 -14824
33.84 -2.3114 -14714.9
33.841 -2.27737 -14603.1
33.842 -2.24253 -14488.4
33.843 -2.20688 -14371
33.844 -2.17044 -14250.9
33.845 -2.1332 -14128
33.846 -2.09518 -14002.4
33.847 -2.05637 -13874.2
33.848 -2.0168 -13743.3
33.849 -1.97647 -13609.7
33.85 -1.93538 -13473.6
33.851 -1.89354 -13335
33.852 -1.85096 -13193.7
33.853 -1.80763 -13049.9
33.854 -1.76356 -12903.6
33.855 -1.71874 -12754.7
33.856 -1.67318 -12603.3
33.857 -1.62687 -12449.3
33.858 -1.57983 -12292.8
33.859 -1.53205 -12133.8
33.86 -1.48353 -11972.3
33.861 -1.43428 -11808.3
33.862 -1.38431 -11641.9
33.863 -1.33362 -11473
33.864 -1.28224 -11301.8
33.865 -1.23018 -11128.3
33.866 -1.17744 -10952.4
33.867 -1.12404 -10774.4
33.868 -1.06999 -10594.2
33.869 -1.01531 -10411.8
33.87 -0.960008 -10227.4
33.871 -0.9041 -10040.9
33.872 -0.847601 -9852.4
33.873 -0.790524 -9662
33.874 -0.732885 -9469.71
33.875 -0.674697 -9275.6
33.876 -0.615977 -9079.71
33.877 -0.55674 -8882.1
33.878 -0.497001 -8682.82
33.879 -0.436777 -8481.93
33.88 -0.376083 -8279.49
33.881 -0.314939 -8075.56
33.882 -0.253366 -7870.22
33.883 -0.191392 -7663.55
33.884 -0.12904 -7455.65
33.885 -0.0663387 -7246.59
33.886 -0.00331261 -7036.48
33.887 0.0600115 -6825.39
33.888 0.123607 -6613.43
33.889 0.187447 -6400.66
33.89 0.251505 -6187.2
33.891 0.315758 -5973.1
33.892 0.380192 -5758.42
33.893 0.444797 -5543.19
33.894 0.509563 -5327.44
33.895 0.574479 -5111.21
33.896 0.639535 -4894.52
33.897 0.704721 -4677.41
33.898 0.770026 -4459.91
33.899 0.835439 -4242.06
33.9 0.900949 -4023.89
33.901 0.966541 -3805.44
33.902 1.03219 -3586.8
33.903 1.09787 -3368.05
33.904 1.16355 -3149.28
33.905 1.2292 -2930.59
33.906 1.2948 -2712.07
33.907 1.36031 -2493.8
33.908 1.4257 -2275.89
33.909 1.49096 -2058.41
33.91 1.55604 -1841.46
33.911 1.62092 -1625.13
33.912 1.68558 -1409.47
33.913 1.75 -1194.56
33.914 1.81417 -980.438
33.915 1.87805 -767.179
33.916 1.94164 -554.836
33.917 2.0049 -343.469
33.918 2.06783 -133.135
33.919 2.1304 76.108
33.92 2.1926 284.203
33.921 2.2544 491.095
33.922 2.31579 696.726
33.923 2.37674 901.043
33.924 2.43725 1103.99
33.925 2.49728 1305.52
33.926 2.55683 1505.56
33.927 2.61588 1704.08
33.928 2.6744 1901.02
33.929 2.73238 2096.33
33.93 2.78981 2289.96
33.931 2.84666 2481.85
33.932 2.90292 2671.93
33.933 2.95855 2860.12
33.934 3.01353 3046.36
33.935 3.06785 3230.56
33.936 3.12147 3412.64
33.937 3.17436 3592.55
33.938 3.22652 3770.2
33.939 3.27792 3945.53
33.94 3.32852 4118.46
33.941 3.37832 4288.93
33.942 3.4273 4456.9
33.943 3.47545 4622.34
33.944 3.52275 4785.19
33.945 3.56919 4945.44
33.946 3.61477 5103.03
33.947 3.65946 5257.95
33.948 3.70327 5410.16
33.949 3.74618 5559.63
33.95 3.78819 5706.32
33.951 3.82927 5850.21
33.952 3.86943 5991.24
33.953 3.90863 6129.37
33.954 3.94687 6264.53
33.955 3.98413 6396.68
33.956 4.02039 6525.76
33.957 4.05565 6651.72
33.958 4.08988 6774.53
33.959 4.12307 6894.12
33.96 4.15521 7010.46
33.961 4.1863 7123.51
33.962 4.21632 7233.25
33.963 4.24527 7339.67
33.964 4.27316 7442.75
33.965 4.29997 7542.48
33.966 4.32571 7638.87
33.967 4.35038 7731.89
33.968 4.37398 7821.56
33.969 4.39651 7907.85
33.97 4.41797 7990.78
33.971 4.43836 8070.33
33.972 4.45767 8146.49
33.973 4.47591 8219.21
33.974 4.49305 8288.49
33.975 4.50911 8354.3
33.976 4.52407 8416.61
33.977 4.53793 8475.4
33.978 4.55069 8530.65
33.979 4.56234 8582.35
33.98 4.57289 8630.48
33.981 4.58232 8675.03
33.982 4.59066 8716.01
33.983 4.5979 8753.43
33.984 4.60405 8787.32
33.985 4.60912 8817.69
33.986 4.61312 8844.56
33.987 4.61606 8867.97
33.988 4.61796 8887.92
33.989 4.61881 8904.45
33.99 4.61863 8917.58
33.991 4.61745 8927.34
33.992 4.61524 8933.76
33.993 4.61204 8936.88
33.994 4.60785 8936.7
33.995 4.6027 8933.23
33.996 4.59658 8926.49
33.997 4.58953 8916.52
33.998 4.58156 8903.36
33.999 4.57266 8887.04
34 4.56286 8867.62
34.001 4.55218 8845.12
34.002 4.54062 8819.59
34.003 4.5282 8791.07
34.004 4.51494 8759.62
34.005 4.50085 8725.28
34.006 4.48595 8688.09
34.007 4.47026 8648.11
34.008 4.45379 8605.38
34.009 4.43657 8559.96
34.01 4.41859 8511.89
34.011 4.3999 8461.24
34.012 4.38049 8408.05
34.013 4.36039 8352.39
34.014 4.33962 8294.3
34.015 4.31819 8233.84
34.016 4.29613 8171.08
34.017 4.27345 8106.07
34.018 4.25016 8038.87
34.019 4.2263 7969.54
34.02 4.20188 7898.15
34.021 4.17691 7824.75
34.022 4.15142 7749.41
34.023 4.12543 7672.2
34.024 4.09895 7593.17
34.025 4.07201 7512.4
34.026 4.04462 7429.94
34.027 4.01681 7345.87
34.028 3.9886 7260.26
34.029 3.96 7173.16
34.03 3.93103 7084.65
34.031 3.90172 6994.8
34.032 3.87209 6903.68
34.033 3.84216 6811.36
34.034 3.81194 6717.9
34.035 3.78147 6623.37
34.036 3.75075 6527.86
34.037 3.71981 6431.43
34.038 3.68868 6334.15
34.039 3.65736 6236.09
34.04 3.62589 6137.32
34.041 3.59428 6037.93
34.042 3.56256 5937.97
34.043 3.53074 5837.53
34.044 3.49884 5736.67
34.045 3.4669 5635.47
34.046 3.43492 5534
34.047 3.40293 5432.34
34.048 3.37096 5330.56
34.049 3.33901 5228.72
34.05 3.30711 5126.91
34.051 3.27529 5025.2
34.052 3.24357 4923.69
34.053 3.21199 4822.48
34.054 3.18056 4721.67
34.055 3.14932 4621.37
34.056 3.1183 4521.67
34.057 3.08753 4422.67
34.058 3.05704 4324.48
34.059 3.02685 4227.2
34.06 2.997 4130.92
34.061 2.9675 4035.73
34.062 2.93839 3941.72
34.063 2.90967 3848.95
34.064 2.88138 3757.49
34.065 2.85353 3667.4
34.066 2.82613 3578.76
34.067 2.79921 3491.62
34.068 2.77279 3406.06
34.069 2.74688 3322.14
34.07 2.7215 3239.93
34.071 2.69667 3159.48
34.072 2.67241 3080.85
34.073 2.64874 3004.12
34.074 2.62566 2929.34
34.075 2.6032 2856.57
34.076 2.58138 2785.87
34.077 2.56021 2717.29
34.078 2.53971 2650.9
34.079 2.51989 2586.76
34.08 2.50077 2524.9
34.081 2.48236 2465.4
34.082 2.46468 2408.3
34.083 2.44775 2353.65
34.084 2.43158 2301.51
34.085 2.41617 2251.93
34.086 2.40156 2204.95
34.087 2.38774 2160.62
34.088 2.37474 2118.99
34.089 2.36257 2080.11
34.09 2.35123 2044.01
34.091 2.34074 2010.75
34.092 2.33111 1980.36
34.093 2.32236 1952.88
34.094 2.3145 1928.35
34.095 2.30752 1906.81
34.096 2.30146 1888.31
34.097 2.2963 1872.86
34.098 2.29208 1860.51
34.099 2.28877 1851.29
34.1 2.28642 1845.24
34.101 2.28503 1842.36
34.102 2.28458 1842.68
34.103 2.28509 1846.19
34.104 2.28654 1852.89
34.105 2.28893 1862.77
34.106 2.29225 1875.83
34.107 2.29652 1892.06
34.108 2.30173 1911.45
34.109 2.30788 1933.99
34.11 2.31495 1959.68
34.111 2.32296 1988.5
34.112 2.33189 2020.46
34.113 2.34175 2055.58
34.114 2.35255 2093.88
34.115 2.36429 2135.36
34.116 2.37697 2180.03
34.117 2.39059 2227.91
34.118 2.40516 2278.99
34.119 2.42067 2333.29
34.12 2.43712 2390.82
34.121 2.45453 2451.56
34.122 2.47288 2515.54
34.123 2.49217 2582.74
34.124 2.51241 2653.17
34.125 2.53359 2726.83
34.126 2.55571 2803.71
34.127 2.57877 2883.8
34.128 2.60276 2967.11
34.129 2.62768 3053.62
34.13 2.65354 3143.33
34.131 2.68031 3236.22
34.132 2.708 3332.25
34.133 2.73658 3431.39
34.134 2.76604 3533.59
34.135 2.79638 3638.8
34.136 2.82756 3746.99
34.137 2.85959 3858.1
34.138 2.89243 3972.09
34.139 2.92609 4088.9
34.14 2.96053 4208.5
34.141 2.99574 4330.83
34.142 3.03172 4455.86
34.143 3.06846 4583.56
34.144 3.10594 4713.93
34.145 3.14415 4846.92
34.146 3.1831 4982.51
34.147 3.22275 5120.67
34.148 3.26312 5261.37
34.149 3.30417 5404.58
34.15 3.34591 5550.28
34.151 3.38831 5698.41
34.152 3.43136 5848.93
34.153 3.47504 6001.77
34.154 3.51933 6156.86
34.155 3.5642 6314.15
34.156 3.60963 6473.55
34.157 3.6556 6635.02
34.158 3.70209 6798.47
34.159 3.74907 6963.85
34.16 3.79652 7131.08
34.161 3.84442 7300.08
34.162 3.89274 7470.8
34.163 3.94146 7643.16
34.164 3.99055 7817.08
34.165 4.04 7992.5
34.166 4.08977 8169.35
34.167 4.13984 8347.53
34.168 4.19018 8527
34.169 4.24078 8707.66
34.17 4.29161 8889.45
34.171 4.34263 9072.29
34.172 4.39383 9256.11
34.173 4.44518 9440.82
34.174 4.49665 9626.36
34.175 4.54822 9812.64
34.176 4.59987 9999.6
34.177 4.65156 10187.2
34.178 4.70328 10375.2
34.179 4.75499 10563.7
34.18 4.80667 10752.6
34.181 4.85829 10941.8
34.182 4.90984 11131.1
34.183 4.96128 11320.7
34.184 5.01259 11510.2
34.185 5.06375 11699.8
34.186 5.11472 11889.2
34.187 5.16548 12078.5
34.188 5.21602 12267.6
34.189 5.2663 12456.3
34.19 5.3163 12644.6
34.191 5.36599 12832.5
34.192 5.41536 13019.8
34.193 5.46437 13206.5
34.194 5.51301 13392.5
34.195 5.56124 13577.7
34.196 5.60906 13762.1
34.197 5.65643 13945.6
34.198 5.70333 14128.1
34.199 5.74975 14309.5
34.2 5.79565 14489.8
34.201 5.84102 14668.9
34.202 5.88583 14846.8
34.203 5.93007 15023.3
34.204 5.97372 15198.5
34.205 6.01675 15372.1
34.206 6.05914 15544.2
34.207 6.10088 15714.8
34.208 6.14195 15883.6
34.209 6.18233 16050.8
34.21 6.22199 16216.1
34.211 6.26094 16379.6
34.212 6.29913 16541.2
34.213 6.33657 16700.8
34.214 6.37323 16858.4
34.215 6.4091 17013.9
34.216 6.44416 17167.3
34.217 6.4784 17318.4
34.218 6.51181 17467.3
34.219 6.54436 17613.9
34.22 6.57606 17758.1
34.221 6.60688 17899.9
34.222 6.63681 18039.2
34.223 6.66584 18176
34.224 6.69397 18310.3
34.225 6.72117 18442
34.226 6.74744 18570.9
34.227 6.77277 18697.2
34.228 6.79716 18820.8
34.229 6.82059 18941.6
34.23 6.84305 19059.5
34.231 6.86454 19174.6
34.232 6.88505 19286.7
34.233 6.90457 19396
34.234 6.9231 19502.2
34.235 6.94063 19605.5
34.236 6.95717 19705.7
34.237 6.97269 19802.8
34.238 6.98721 19896.8
34.239 7.00071 19987.7
34.24 7.01319 20075.4
34.241 7.02466 20160
34.242 7.0351 20241.3
34.243 7.04452 20319.4
34.244 7.05292 20394.3
34.245 7.0603 20465.8
34.246 7.06665 20534.1
34.247 7.07197 20599.1
34.248 7.07628 20660.7
34.249 7.07956 20719
34.25 7.08182 20773.9
34.251 7.08307 20825.4
34.252 7.0833 20873.6
34.253 7.08252 20918.4
34.254 7.08072 20959.8
34.255 7.07793 20997.7
34.256 7.07413 21032.3
34.257 7.06934 21063.4
34.258 7.06355 21091.2
34.259 7.05678 21115.5
34.26 7.04903 21136.4
34.261 7.04031 21153.9
34.262 7.03061 21168
34.263 7.01996 21178.6
34.264 7.00836 21185.9
34.265 6.9958 21189.8
34.266 6.9823 21190.3
34.267 6.96787 21187.4
34.268 6.95251 21181.1
34.269 6.93624 21171.4
34.27 6.91909 21158.4
34.271 6.90102 21142.1
34.272 6.88206 21122.3
34.273 6.8622 21099.3
34.274 6.84144 21072.8
34.275 6.8198 21043
34.276 6.79727 21009.8
34.277 6.77385 20973.2
34.278 6.74954 20933.2
34.279 6.72435 20889.8
34.28 6.69829 20843
34.281 6.67135 20792.7
34.282 6.64352 20739.1
34.283 6.61482 20682
34.284 6.58522 20621.4
34.285 6.55473 20557.3
34.286 6.52335 20489.6
34.287 6.49106 20418.5
34.288 6.45787 20343.7
34.289 6.42378 20265.4
34.29 6.38878 20183.4
34.291 6.35287 20097.8
34.292 6.31605 20008.6
34.293 6.27832 19915.8
34.294 6.23967 19819.3
34.295 6.20011 19719.1
34.296 6.15963 19615.2
34.297 6.11824 19507.6
34.298 6.07593 19396.4
34.299 6.03271 19281.5
34.3 5.98858 19162.8
34.301 5.94353 19040.5
34.302 5.89758 18914.5
34.303 5.85074 18784.9
34.304 5.80301 18651.6
34.305 5.75441 18514.8
34.306 5.70495 18374.4
34.307 5.65464 18230.6
34.308 5.60349 18083.3
34.309 5.55151 17932.5
34.31 5.49872 17778.4
34.311 5.44512 17620.9
34.312 5.39072 17460.1
34.313 5.33552 17296
34.314 5.27953 17128.6
34.315 5.22275 16957.9
34.316 5.16518 16784
34.317 5.10684 16606.8
34.318 5.04771 16426.3
34.319 4.98782 16242.7
34.32 4.92717 16055.9
34.321 4.86575 15866
34.322 4.80359 15673
34.323 4.7407 15476.9
34.324 4.67709 15277.9
34.325 4.61279 15075.9
34.326 4.54779 14871.1
34.327 4.48213 14663.5
34.328 4.41581 14453.2
34.329 4.34885 14240.1
34.33 4.28127 14024.5
34.331 4.21309 13806.3
34.332 4.14432 13585.7
34.333 4.075 13362.7
34.334 4.00515 13137.5
34.335 3.93478 12910.1
34.336 3.86394 12680.6
34.337 3.79265 12449.2
34.338 3.72093 12215.9
34.339 3.6488 11980.9
34.34 3.5763 11744.2
34.341 3.50344 11505.9
34.342 3.43025 11266.1
34.343 3.35675 11025
34.344 3.28295 10782.5
34.345 3.20888 10538.7
34.346 3.13454 10293.7
34.347 3.05996 10047.6
34.348 2.98516 9800.53
34.349 2.91015 9552.44
34.35 2.83496 9303.48
34.351 2.7596 9053.69
34.352 2.68408 8803.14
34.353 2.60842 8551.87
34.354 2.53262 8299.93
34.355 2.4567 8047.38
34.356 2.38066 7794.25
34.357 2.30452 7540.6
34.358 2.22829 7286.47
34.359 2.15198 7031.92
34.36 2.0756 6776.99
34.361 1.99916 6521.74
34.362 1.92269 6266.23
34.363 1.8462 6010.56
34.364 1.76971 5754.79
34.365 1.69325 5499
34.366 1.61683 5243.28
34.367 1.54047 4987.7
34.368 1.4642 4732.33
34.369 1.38804 4477.26
34.37 1.31201 4222.56
34.371 1.23612 3968.31
34.372 1.16039 3714.55
34.373 1.08483 3461.34
34.374 1.00946 3208.72
34.375 0.93429 2956.74
34.376 0.859326 2705.45
34.377 0.784584 2454.89
34.378 0.710077 2205.1
34.379 0.635816 1956.14
34.38 0.561814 1708.05
34.381 0.488085 1460.88
34.382 0.414649 1214.7
34.383 0.341527 969.579
34.384 0.268739 725.59
34.385 0.196307 482.804
34.386 0.124251 241.295
34.387 0.0525929 1.13293
34.388 -0.0186469 -237.612
34.389 -0.0894476 -474.871
34.39 -0.159788 -710.574
34.391 -0.229649 -944.653
34.392 -0.299008 -1177.04
34.393 -0.367845 -1407.67
34.394 -0.436141 -1636.48
34.395 -0.503875 -1863.4
34.396 -0.571027 -2088.36
34.397 -0.637578 -2311.31
34.398 -0.703507 -2532.18
34.399 -0.768796 -2750.91
34.4 -0.833425 -2967.44
34.401 -0.897374 -3181.7
34.402 -0.960617 -3393.62
34.403 -1.02313 -3603.1
34.404 -1.08488 -3810.05
34.405 -1.14584 -4014.41
34.406 -1.206 -4216.08
34.407 -1.26532 -4414.97
34.408 -1.32377 -4611.02
34.409 -1.38134 -4804.14
34.41 -1.43799 -4994.24
34.411 -1.49371 -5181.27
34.412 -1.54847 -5365.13
34.413 -1.60225 -5545.75
34.414 -1.65502 -5723.07
34.415 -1.70676 -5897.01
34.416 -1.75745 -6067.5
34.417 -1.80707 -6234.47
34.418 -1.8556 -6397.86
34.419 -1.90302 -6557.6
34.42 -1.9493 -6713.62
34.421 -1.99444 -6865.87
34.422 -2.0384 -7014.29
34.423 -2.08118 -7158.81
34.424 -2.12275 -7299.37
34.425 -2.1631 -7435.94
34.426 -2.20221 -7568.44
34.427 -2.24007 -7696.82
34.428 -2.27665 -7821.05
34.429 -2.31196 -7941.06
34.43 -2.34596 -8056.82
34.431 -2.37865 -8168.26
34.432 -2.41001 -8275.33
34.433 -2.44002 -8377.96
34.434 -2.46865 -8476.07
34.435 -2.49589 -8569.61
34.436 -2.52172 -8658.5
34.437 -2.54613 -8742.68
34.438 -2.56908 -8822.1
34.439 -2.59057 -8896.69
34.44 -2.61059 -8966.4
34.441 -2.6291 -9031.17
34.442 -2.64611 -9090.96
34.443 -2.6616 -9145.7
34.444 -2.67555 -9195.36
34.445 -2.68796 -9239.89
34.446 -2.6988 -9279.25
34.447 -2.70807 -9313.38
34.448 -2.71576 -9342.26
34.449 -2.72187 -9365.85
34.45 -2.72637 -9384.11
34.451 -2.72926 -9397.01
34.452 -2.73056 -9404.55
34.453 -2.73024 -9406.73
34.454 -2.7283 -9403.53
34.455 -2.72478 -9394.94
34.456 -2.71968 -9380.97
34.457 -2.71297 -9361.64
34.458 -2.70468 -9336.94
34.459 -2.69481 -9306.9
34.46 -2.68336 -9271.53
34.461 -2.67034 -9230.85
34.462 -2.65576 -9184.85
34.463 -2.63961 -9133.53
34.464 -2.62189 -9076.88
34.465 -2.6026 -9014.91
34.466 -2.58174 -8947.6
34.467 -2.55932 -8874.97
34.468 -2.53534 -8797.02
34.469 -2.5098 -8713.75
34.47 -2.48271 -8625.18
34.471 -2.45407 -8531.34
34.472 -2.4239 -8432.27
34.473 -2.39222 -8328.06
34.474 -2.35907 -8218.79
34.475 -2.32445 -8104.52
34.476 -2.2884 -7985.34
34.477 -2.25094 -7861.34
34.478 -2.2121 -7732.59
34.479 -2.1719 -7599.19
34.48 -2.13037 -7461.23
34.481 -2.08753 -7318.78
34.482 -2.0434 -7171.92
34.483 -1.99801 -7020.71
34.484 -1.95137 -6865.23
34.485 -1.90349 -6705.53
34.486 -1.85441 -6541.68
34.487 -1.80415 -6373.77
34.488 -1.75271 -6201.85
34.489 -1.70013 -6026.02
34.49 -1.64643 -5846.34
34.491 -1.59163 -5662.89
34.492 -1.53575 -5475.75
34.493 -1.47881 -5285.01
34.494 -1.42084 -5090.75
34.495 -1.36186 -4893.04
34.496 -1.3019 -4691.98
34.497 -1.24098 -4487.65
34.498 -1.17913 -4280.15
34.499 -1.11637 -4069.55
34.5 -1.05272 -3855.95
34.501 -0.98822 -3639.46
34.502 -0.922898 -3420.18
34.503 -0.85679 -3198.24
34.504 -0.789932 -2973.76
34.505 -0.722358 -2746.87
34.506 -0.654107 -2517.69
34.507 -0.585215 -2286.36
34.508 -0.515718 -2052.99
34.509 -0.445655 -1817.73
34.51 -0.375062 -1580.69
34.511 -0.303976 -1342
34.512 -0.232428 -1101.77
34.513 -0.160447 -860.106
34.514 -0.0880645 -617.103
34.515 -0.0153099 -372.867
34.516 0.0577862 -127.501
34.517 0.131193 118.891
34.518 0.20488 366.204
34.519 0.278815 614.336
34.52 0.352967 863.179
34.521 0.427304 1112.63
34.522 0.501795 1362.58
34.523 0.576407 1612.94
34.524 0.651109 1863.58
34.525 0.725867 2114.41
34.526 0.80065 2365.32
34.527 0.875425 2616.21
34.528 0.950159 2866.97
34.529 1.02482 3117.5
34.53 1.09938 3367.68
34.531 1.17379 3617.42
34.532 1.24803 3866.58
34.533 1.32204 4115.04
34.534 1.39579 4362.65
34.535 1.46924 4609.29
34.536 1.54234 4854.82
34.537 1.61505 5099.11
34.538 1.68734 5342.04
34.539 1.75916 5583.48
34.54 1.83047 5823.29
34.541 1.90123 6061.34
34.542 1.9714 6297.52
34.543 2.04095 6531.69
34.544 2.10982 6763.73
34.545 2.17799 6993.52
34.546 2.24541 7220.92
34.547 2.31204 7445.83
34.548 2.37785 7668.12
34.549 2.4428 7887.66
34.55 2.50686 8104.35
34.551 2.56997 8318.07
34.552 2.63212 8528.69
34.553 2.69325 8736.11
34.554 2.75335 8940.21
34.555 2.81236 9140.89
34.556 2.87026 9338.02
34.557 2.92702 9531.51
34.558 2.9826 9721.25
34.559 3.03697 9907.14
34.56 3.0901 10089.1
34.561 3.14195 10266.9
34.562 3.19249 10440.6
34.563 3.24167 10610
34.564 3.28947 10774.9
34.565 3.33584 10935.2
34.566 3.38076 11090.9
34.567 3.42417 11241.8
34.568 3.46606 11387.8
34.569 3.50638 11528.7
34.57 3.5451 11664.5
34.571 3.5822 11795
34.572 3.61765 11920.2
34.573 3.65142 12040.1
34.574 3.6835 12154.4
34.575 3.71387 12263.2
34.576 3.74251 12366.3
34.577 3.7694 12463.8
34.578 3.79452 12555.6
34.579 3.81787 12641.5
34.58 3.83941 12721.5
34.581 3.85915 12795.7
34.582 3.87707 12863.8
34.583 3.89316 12926
34.584 3.90744 12982.2
34.585 3.91989 13032.4
34.586 3.93052 13076.6
34.587 3.93931 13114.7
34.588 3.94629 13146.8
34.589 3.95143 13172.8
34.59 3.95475 13192.8
34.591 3.95625 13206.7
34.592 3.95593 13214.4
34.593 3.95376 13216.1
34.594 3.94975 13211.6
34.595 3.94393 13200.8
34.596 3.93625 13183.9
34.597 3.92674 13160.7
34.598 3.91538 13131.2
34.599 3.90218 13095.5
34.6 3.88714 13053.4
34.601 3.87025 13005.1
34.602 3.85154 12950.5
34.603 3.83101 12889.7
34.604 3.80868 12822.7
34.605 3.78455 12749.5
34.606 3.75864 12670.2
34.607 3.73097 12584.8
34.608 3.70154 12493.3
34.609 3.67038 12395.9
34.61 3.63749 12292.4
34.611 3.6029 12183
34.612 3.56662 12067.8
34.613 3.52864 11946.6
34.614 3.48899 11819.6
34.615 3.44767 11686.8
34.616 3.40469 11548.2
34.617 3.36007 11403.9
34.618 3.3138 11253.8
34.619 3.26592 11098.1
34.62 3.21642 10936.7
34.621 3.16533 10769.8
34.622 3.11265 10597.2
34.623 3.05839 10419.2
34.624 3.00259 10235.7
34.625 2.94523 10046.9
34.626 2.88636 9852.64
34.627 2.82597 9653.13
34.628 2.76409 9448.38
34.629 2.70073 9238.47
34.63 2.63591 9023.44
34.631 2.56965 8803.38
34.632 2.50197 8578.33
34.633 2.43288 8348.38
34.634 2.3624 8113.59
34.635 2.29056 7874.04
34.636 2.21737 7629.8
34.637 2.14285 7380.94
34.638 2.06703 7127.56
34.639 1.98993 6869.72
34.64 1.91156 6607.51
34.641 1.83196 6341.01
34.642 1.75115 6070.35
34.643 1.66917 5795.63
34.644 1.58604 5516.97
34.645 1.5018 5234.5
34.646 1.41649 4948.33
34.647 1.33013 4658.59
34.648 1.24277 4365.4
34.649 1.15443 4068.88
34.65 1.06515 3769.17
34.651 0.974969 3466.39
34.652 0.883922 3160.67
34.653 0.792045 2852.15
34.654 0.699375 2540.95
34.655 0.60595 2227.2
34.656 0.511807 1911.04
34.657 0.416985 1592.61
34.658 0.321523 1272.04
34.659 0.22546 949.457
34.66 0.128835 625.012
34.661 0.0316902 298.836
34.662 -0.0659352 -28.931
34.663 -0.164 -358.151
34.664 -0.262461 -688.685
34.665 -0.361277 -1020.39
34.666 -0.460406 -1353.13
34.667 -0.559803 -1686.77
34.668 -0.659426 -2021.16
34.669 -0.759232 -2356.16
34.67 -0.859175 -2691.63
34.671 -0.959209 -3027.42
34.672 -1.05928 -3363.38
34.673 -1.15935 -3699.32
34.674 -1.25934 -4035.09
34.675 -1.35922 -4370.5
34.676 -1.45891 -4705.39
34.677 -1.55839 -5039.6
34.678 -1.65757 -5372.94
34.679 -1.75642 -5705.27
34.68 -1.85488 -6036.4
34.681 -1.9529 -6366.18
34.682 -2.05042 -6694.46
34.683 -2.14741 -7021.11
34.684 -2.24382 -7345.99
34.685 -2.3396 -7668.97
34.686 -2.43471 -7989.92
34.687 -2.5291 -8308.7
34.688 -2.62274 -8625.18
34.689 -2.71557 -8939.23
34.69 -2.80756 -9250.73
34.691 -2.89865 -9559.54
34.692 -2.98882 -9865.55
34.693 -3.07801 -10168.6
34.694 -3.16618 -10468.6
34.695 -3.25329 -10765.4
34.696 -3.33931 -11059
34.697 -3.42419 -11349.1
34.698 -3.50789 -11635.6
34.699 -3.59038 -11918.6
34.7 -3.67161 -12197.7
34.701 -3.75155 -12473
34.702 -3.83018 -12744.3
34.703 -3.90745 -13011.6
34.704 -3.98336 -13274.7
34.705 -4.05787 -13533.7
34.706 -4.13095 -13788.4
34.707 -4.20259 -14038.8
34.708 -4.27276 -14284.7
34.709 -4.34144 -14526.2
34.71 -4.4086 -14763.1
34.711 -4.47423 -14995.4
34.712 -4.5383 -15223.1
34.713 -4.60078 -15445.9
34.714 -4.66165 -15663.9
34.715 -4.72088 -15876.9
34.716 -4.77845 -16084.9
34.717 -4.83433 -16287.7
34.718 -4.8885 -16485.4
34.719 -4.94094 -16677.8
34.72 -4.99163 -16864.8
34.721 -5.04055 -17046.4
34.722 -5.08769 -17222.6
34.723 -5.13303 -17393.2
34.724 -5.17654 -17558.2
34.725 -5.21822 -17717.5
34.726 -5.25805 -17871.1
34.727 -5.29603 -18018.9
34.728 -5.33213 -18160.9
34.729 -5.36635 -18297
34.73 -5.39867 -18427.1
34.731 -5.4291 -18551.2
34.732 -5.45761 -18669.4
34.733 -5.48421 -18781.4
34.734 -5.50889 -18887.4
34.735 -5.53165 -18987.2
34.736 -5.55248 -19080.8
34.737 -5.57138 -19168.2
34.738 -5.58834 -19249.4
34.739 -5.60337 -19324.4
34.74 -5.61646 -19393
34.741 -5.62763 -19455.4
34.742 -5.63686 -19511.4
34.743 -5.64417 -19561.1
34.744 -5.64955 -19604.5
34.745 -5.65301 -19641.5
34.746 -5.65455 -19672.2
34.747 -5.65419 -19696.5
34.748 -5.65193 -19714.4
34.749 -5.64777 -19726
34.75 -5.64174 -19731.2
34.751 -5.6338 -19730
34.752 -5.62401 -19722.5
34.753 -5.61238 -19708.6
34.754 -5.59889 -19688.3
34.755 -5.58356 -19661.6
34.756 -5.56642 -19628.7
34.757 -5.54747 -19589.4
34.758 -5.52672 -19543.8
34.759 -5.50419 -19492
34.76 -5.4799 -19434
34.761 -5.45385 -19369.8
34.762 -5.42606 -19299.3
34.763 -5.39654 -19222.7
34.764 -5.36529 -19140
34.765 -5.33232 -19051.1
34.766 -5.29764 -18956
34.767 -5.26126 -18854.8
34.768 -5.22319 -18747.5
34.769 -5.18344 -18634.2
34.77 -5.14203 -18514.8
34.771 -5.09896 -18389.4
34.772 -5.05425 -18258
34.773 -5.00791 -18120.6
34.774 -4.95995 -17977.3
34.775 -4.91039 -17828.1
34.776 -4.85923 -17673.1
34.777 -4.8065 -17512.3
34.778 -4.75221 -17345.7
34.779 -4.69638 -17173.4
34.78 -4.63901 -16995.5
34.781 -4.58013 -16811.9
34.782 -4.51974 -16622.8
34.783 -4.45785 -16428.1
34.784 -4.39447 -16227.8
34.785 -4.32961 -16022.1
34.786 -4.26327 -15810.9
34.787 -4.19548 -15594.3
34.788 -4.12622 -15372.3
34.789 -4.05553 -15145
34.79 -3.98341 -14912.4
34.791 -3.90986 -14674.5
34.792 -3.8349 -14431.4
34.793 -3.75855 -14183.1
34.794 -3.68081 -13929.8
34.795 -3.6017 -13671.3
34.796 -3.52122 -13407.9
34.797 -3.43941 -13139.5
34.798 -3.35625 -12866.3
34.799 -3.27178 -12588.2
34.8 -3.18601 -12305.3
34.801 -3.09895 -12017.8
34.802 -3.01062 -11725.7
34.803 -2.92106 -11429
34.804 -2.83028 -11128
34.805 -2.73831 -10822.6
34.806 -2.64517 -10513.1
34.807 -2.5509 -10199.5
34.808 -2.45552 -9881.86
34.809 -2.35905 -9560.37
34.81 -2.26152 -9235.12
34.811 -2.16297 -8906.2
34.812 -2.06341 -8573.75
34.813 -1.96288 -8237.86
34.814 -1.86141 -7898.65
34.815 -1.75903 -7556.25
34.816 -1.65576 -7210.77
34.817 -1.55164 -6862.33
34.818 -1.44669 -6511.04
34.819 -1.34096 -6157.04
34.82 -1.23446 -5800.43
34.821 -1.12725 -5441.37
34.822 -1.01935 -5080.01
34.823 -0.910837 -4716.54
34.824 -0.801746 -4351.15
34.825 -0.692131 -3984.01
34.826 -0.582047 -3615.32
34.827 -0.471544 -3245.26
34.828 -0.360677 -2874.01
34.829 -0.249498 -2501.76
34.83 -0.138063 -2128.7
34.831 -0.0264239 -1755.02
34.832 0.0853627 -1380.89
34.833 0.197242 -1006.51
34.834 0.309157 -632.069
34.835 0.421053 -257.743
34.836 0.532871 116.279
34.837 0.644556 489.809
34.838 0.75605 862.664
34.839 0.867295 1234.66
34.84 0.978233 1605.61
34.841 1.08881 1975.33
34.842 1.19896 2343.64
34.843 1.30863 2710.36
34.844 1.41776 3075.31
34.845 1.52629 3438.3
34.846 1.63417 3799.16
34.847 1.74134 4157.72
34.848 1.84773 4513.78
34.849 1.9533 4867.19
34.85 2.05798 5217.76
34.851 2.16173 5565.35
34.852 2.26449 5909.81
34.853 2.36623 6251.04
34.854 2.46691 6588.93
34.855 2.5665 6923.38
34.856 2.66495 7254.26
34.857 2.76223 7581.49
34.858 2.8583 7904.96
34.859 2.95313 8224.57
34.86 3.04668 8540.21
34.861 3.13892 8851.79
34.862 3.2298 9159.21
34.863 3.31931 9462.39
34.864 3.4074 9761.22
34.865 3.49405 10055.6
34.866 3.57922 10345.5
34.867 3.66289 10630.8
34.868 3.74502 10911.3
34.869 3.82559 11187.2
34.87 3.90456 11458.1
34.871 3.98193 11724.2
34.872 4.05768 11985.3
34.873 4.13181 12241.5
34.874 4.20433 12492.9
34.875 4.27525 12739.4
34.876 4.34455 12981
34.877 4.41226 13217.8
34.878 4.47837 13449.8
34.879 4.54289 13677
34.88 4.60583 13899.5
34.881 4.6672 14117.2
34.882 4.727 14330.3
34.883 4.78523 14538.6
34.884 4.84189 14742.2
34.885 4.89699 14941.2
34.886 4.95052 15135.4
34.887 5.00251 15325
34.888 5.05294 15509.9
34.889 5.10183 15690.2
34.89 5.14918 15865.9
34.891 5.19501 16037
34.892 5.2393 16203.4
34.893 5.28204 16365.2
34.894 5.32324 16522.3
34.895 5.36288 16674.7
34.896 5.40096 16822.3
34.897 5.43748 16965.1
34.898 5.47243 17103.2
34.899 5.5058 17236.5
34.9 5.53761 17364.9
34.901 5.56784 17488.4
34.902 5.59647 17607
34.903 5.62348 17720.5
34.904 5.64884 17828.9
34.905 5.67252 17932.1
34.906 5.69452 18029.9
34.907 5.7148 18122.4
34.908 5.73334 18209.3
34.909 5.75013 18290.6
34.91 5.76515 18366.2
34.911 5.77836 18436.1
34.912 5.78976 18500.1
34.913 5.79929 18558.1
34.914 5.80694 18609.9
34.915 5.81266 18655.4
34.916 5.81643 18694.5
34.917 5.81822 18727.1
34.918 5.81799 18753.1
34.919 5.81573 18772.3
34.92 5.81141 18784.6
34.921 5.80501 18789.9
34.922 5.79649 18788.2
34.923 5.78587 18779.3
34.924 5.77316 18763.1
34.925 5.75833 18739.6
34.926 5.74139 18708.8
34.927 5.72232 18670.7
34.928 5.70113 18625.2
34.929 5.67782 18572.2
34.93 5.65239 18511.8
34.931 5.62483 18443.9
34.932 5.59518 18368.6
34.933 5.56346 18286
34.934 5.5297 18196.1
34.935 5.49393 18099
34.936 5.45617 17994.8
34.937 5.41646 17883.6
34.938 5.37482 17765.5
34.939 5.33129 17640.4
34.94 5.28589 17508.6
34.941 5.23867 17370.1
34.942 5.18965 17225.1
34.943 5.13888 17073.7
34.944 5.0864 16915.9
34.945 5.03225 16752
34.946 4.97648 16582.1
34.947 4.91912 16406.2
34.948 4.86021 16224.6
34.949 4.79981 16037.4
34.95 4.73795 15844.8
34.951 4.67467 15646.8
34.952 4.61004 15443.6
34.953 4.54409 15235.5
34.954 4.47688 15022.6
34.955 4.40847 14805.1
34.956 4.33891 14583.2
34.957 4.26824 14357.1
34.958 4.19653 14126.9
34.959 4.12383 13892.8
34.96 4.05019 13655.1
34.961 3.97565 13413.9
34.962 3.90028 13169.4
34.963 3.82412 12921.7
34.964 3.7472 12671.1
34.965 3.66958 12417.6
34.966 3.5913 12161.5
34.967 3.51241 11902.9
34.968 3.43295 11642
34.969 3.35297 11379
34.97 3.27252 11114
34.971 3.19164 10847.2
34.972 3.11037 10578.8
34.973 3.02875 10308.8
34.974 2.94682 10037.5
34.975 2.86461 9764.99
34.976 2.78217 9491.39
34.977 2.69953 9216.87
34.978 2.61674 8941.56
34.979 2.53383 8665.62
34.98 2.45083 8389.2
34.981 2.36779 8112.4
34.982 2.28471 7835.28
34.983 2.2016 7557.88
34.984 2.11847 7280.23
34.985 2.03531 7002.34
34.986 1.95214 6724.26
34.987 1.86895 6446.01
34.988 1.78576 6167.62
34.989 1.70257 5889.12
34.99 1.61938 5610.54
34.991 1.5362 5331.9
34.992 1.45302 5053.21
34.993 1.36986 4774.47
34.994 1.28669 4495.67
34.995 1.20352 4216.83
34.996 1.12035 3937.93
34.997 1.03718 3658.98
34.998 0.953995 3379.98
34.999 0.870803 3100.92
35 0.7876 2821.82
35.001 0.704387 2542.67
35.002 0.621168 2263.5
35.003 0.53795 1984.34
35.004 0.454742 1705.21
35.005 0.371551 1426.15
35.006 0.288385 1147.19
35.007 0.205251 868.349
35.008 0.122159 589.662
35.009 0.0391148 311.157
35.01 -0.0438716 32.863
35.011 -0.126785 -245.169
35.012 -0.209598 -522.845
35.013 -0.292275 -800.048
35.014 -0.374781 -1076.66
35.015 -0.457081 -1352.58
35.016 -0.539139 -1627.67
35.017 -0.620921 -1901.83
35.018 -0.702391 -2174.95
35.019 -0.783514 -2446.9
35.02 -0.864254 -2717.59
35.021 -0.944571 -2986.86
35.022 -1.02441 -3254.55
35.023 -1.10371 -3520.46
35.024 -1.18241 -3784.39
35.025 -1.26044 -4046.15
35.026 -1.33776 -4305.54
35.027 -1.4143 -4562.36
35.028 -1.48999 -4816.42
35.029 -1.56479 -5067.53
35.03 -1.63863 -5315.51
35.031 -1.71145 -5560.16
35.032 -1.78319 -5801.29
35.033 -1.85381 -6038.73
35.034 -1.92323 -6272.28
35.035 -1.99141 -6501.78
35.036 -2.05829 -6727.02
35.037 -2.12381 -6947.85
35.038 -2.18792 -7164.08
35.039 -2.25057 -7375.54
35.04 -2.3117 -7582.05
35.041 -2.37127 -7783.47
35.042 -2.42923 -7979.67
35.043 -2.48557 -8170.54
35.044 -2.54023 -8355.98
35.045 -2.5932 -8535.89
35.046 -2.64444 -8710.16
35.047 -2.69392 -8878.71
35.048 -2.74161 -9041.43
35.049 -2.78749 -9198.23
35.05 -2.83153 -9349.04
35.051 -2.87371 -9493.77
35.052 -2.91403 -9632.41
35.053 -2.95249 -9764.97
35.054 -2.98909 -9891.46
35.055 -3.02383 -10011.9
35.056 -3.05672 -10126.2
35.057 -3.08777 -10234.6
35.058 -3.11699 -10336.9
35.059 -3.14437 -10433.2
35.06 -3.16994 -10523.6
35.061 -3.1937 -10608
35.062 -3.21566 -10686.5
35.063 -3.23585 -10759.2
35.064 -3.25429 -10826.1
35.065 -3.271 -10887.3
35.066 -3.286 -10942.9
35.067 -3.29932 -10992.9
35.068 -3.31097 -11037.4
35.069 -3.32099 -11076.5
35.07 -3.32939 -11110.2
35.071 -3.3362 -11138.7
35.072 -3.34146 -11162
35.073 -3.34517 -11180.2
35.074 -3.34738 -11193.3
35.075 -3.34812 -11201.5
35.076 -3.34739 -11204.9
35.077 -3.34524 -11203.4
35.078 -3.34169 -11197.3
35.079 -3.3368 -11186.6
35.08 -3.33057 -11171.4
35.081 -3.32303 -11151.7
35.082 -3.31419 -11127.7
35.083 -3.30406 -11099.2
35.084 -3.29265 -11066.4
35.085 -3.27996 -11029.3
35.086 -3.26601 -10987.8
35.087 -3.25079 -10942
35.088 -3.23431 -10891.9
35.089 -3.2166 -10837.6
35.09 -3.19765 -10779
35.091 -3.17747 -10716.2
35.092 -3.15605 -10649.1
35.093 -3.1334 -10577.8
35.094 -3.1095 -10502.2
35.095 -3.08435 -10422.3
35.096 -3.05795 -10338.1
35.097 -3.03028 -10249.5
35.098 -3.00134 -10156.5
35.099 -2.97114 -10059.2
35.1 -2.93966 -9957.43
35.101 -2.90691 -9851.26
35.102 -2.87288 -9740.67
35.103 -2.83757 -9625.65
35.104 -2.80097 -9506.19
35.105 -2.76309 -9382.28
35.106 -2.72393 -9253.93
35.107 -2.68349 -9121.13
35.108 -2.64176 -8983.88
35.109 -2.59874 -8842.18
35.11 -2.55445 -8696.04
35.111 -2.50887 -8545.47
35.112 -2.46202 -8390.48
35.113 -2.41389 -8231.06
35.114 -2.36449 -8067.24
35.115 -2.31382 -7899.03
35.116 -2.26188 -7726.44
35.117 -2.20869 -7549.49
35.118 -2.15423 -7368.21
35.119 -2.09853 -7182.6
35.12 -2.04158 -6992.7
35.121 -1.98339 -6798.54
35.122 -1.92399 -6600.19
35.123 -1.8634 -6397.75
35.124 -1.80165 -6191.29
35.125 -1.73875 -5980.91
35.126 -1.67474 -5766.7
35.127 -1.60964 -5548.75
35.128 -1.54347 -5327.15
35.129 -1.47627 -5102.01
35.13 -1.40806 -4873.41
35.131 -1.33888 -4641.48
35.132 -1.26875 -4406.31
35.133 -1.19771 -4168.06
35.134 -1.1258 -3926.85
35.135 -1.05306 -3682.8
35.136 -0.979523 -3436.07
35.137 -0.905233 -3186.77
35.138 -0.830227 -2935.05
35.139 -0.754543 -2681.05
35.14 -0.678222 -2424.89
35.141 -0.601303 -2166.73
35.142 -0.523825 -1906.69
35.143 -0.44583 -1644.92
35.144 -0.367358 -1381.56
35.145 -0.28845 -1116.75
35.146 -0.209148 -850.639
35.147 -0.129492 -583.357
35.148 -0.0495243 -315.051
35.149 0.0307122 -45.8629
35.15 0.111176 224.064
35.151 0.191823 494.586
35.152 0.272612 765.562
35.153 0.3535 1036.85
35.154 0.434443 1308.3
35.155 0.515397 1579.77
35.156 0.596321 1851.13
35.157 0.677169 2122.22
35.158 0.757899 2392.9
35.159 0.838466 2663.04
35.16 0.918827 2932.49
35.161 0.998942 3201.12
35.162 1.07878 3468.84
35.163 1.15832 3735.57
35.164 1.23753 4001.21
35.165 1.31638 4265.7
35.166 1.39485 4528.95
35.167 1.47291 4790.89
35.168 1.55055 5051.42
35.169 1.62772 5310.48
35.17 1.70441 5567.98
35.171 1.78059 5823.86
35.172 1.85623 6078.02
35.173 1.93132 6330.41
35.174 2.00581 6580.93
35.175 2.0797 6829.53
35.176 2.15296 7076.12
35.177 2.22556 7320.64
35.178 2.29748 7563.01
35.179 2.36869 7803.16
35.18 2.43917 8041.03
35.181 2.5089 8276.54
35.182 2.57785 8509.6
35.183 2.64598 8740.11
35.184 2.71327 8967.99
35.185 2.77969 9193.13
35.186 2.8452 9415.46
35.187 2.90979 9634.87
35.188 2.97341 9851.29
35.189 3.03604 10064.6
35.19 3.09766 10274.8
35.191 3.15823 10481.7
35.192 3.21773 10685.3
35.193 3.27614 10885.4
35.194 3.33343 11082.1
35.195 3.38958 11275.1
35.196 3.44455 11464.5
35.197 3.49833 11650.2
35.198 3.5509 11832.1
35.199 3.60223 12010.1
35.2 3.6523 12184.2
35.201 3.70108 12354.3
35.202 3.74855 12520.2
35.203 3.79467 12681.8
35.204 3.8394 12839.1
35.205 3.8827 12991.9
35.206 3.92455 13140.1
35.207 3.9649 13283.5
35.208 4.00373 13422.1
35.209 4.041 13555.8
35.21 4.07669 13684.4
35.211 4.11076 13807.8
35.212 4.14319 13926
35.213 4.17397 14038.9
35.214 4.20307 14146.4
35.215 4.23048 14248.5
35.216 4.25617 14345
35.217 4.28015 14436
35.218 4.30238 14521.3
35.219 4.32285 14601
35.22 4.34156 14674.9
35.221 4.35848 14742.9
35.222 4.37362 14805.2
35.223 4.38694 14861.5
35.224 4.39846 14911.9
35.225 4.40815 14956.2
35.226 4.41601 14994.6
35.227 4.42203 15026.8
35.228 4.42621 15053
35.229 4.42853 15073
35.23 4.429 15086.8
35.231 4.42763 15094.5
35.232 4.42438 15095.9
35.233 4.4193 15091.2
35.234 4.41243 15080.4
35.235 4.40375 15063.4
35.236 4.39329 15040.3
35.237 4.38106 15011.2
35.238 4.36708 14976.2
35.239 4.35137 14935.2
35.24 4.33395 14888.3
35.241 4.31485 14835.6
35.242 4.29407 14777.2
35.243 4.27164 14713
35.244 4.24759 14643.2
35.245 4.22193 14567.8
35.246 4.19469 14486.9
35.247 4.16589 14400.6
35.248 4.13556 14308.8
35.249 4.10371 14211.8
35.25 4.07037 14109.5
35.251 4.03557 14002.1
35.252 3.99933 13889.6
35.253 3.96165 13772
35.254 3.92257 13649.5
35.255 3.88209 13522
35.256 3.84024 13389.6
35.257 3.79703 13252.4
35.258 3.75248 13110.4
35.259 3.70661 12963.8
35.26 3.65945 12812.5
35.261 3.61101 12656.6
35.262 3.56131 12496.3
35.263 3.51035 12331.4
35.264 3.45815 12162.1
35.265 3.40472 11988.5
35.266 3.35008 11810.4
35.267 3.29425 11628.1
35.268 3.23722 11441.6
35.269 3.17903 11250.8
35.27 3.11968 11056
35.271 3.05919 10857
35.272 2.99758 10654
35.273 2.93486 10447.1
35.274 2.87105 10236.3
35.275 2.80616 10021.6
35.276 2.74021 9803.14
35.277 2.67323 9580.98
35.278 2.60522 9355.18
35.279 2.53621 9125.8
35.28 2.46621 8892.92
35.281 2.39524 8656.61
35.282 2.32333 8416.93
35.283 2.25049 8173.97
35.284 2.17674 7927.8
35.285 2.1021 7678.49
35.286 2.0266 7426.13
35.287 1.95024 7170.79
35.288 1.87307 6912.55
35.289 1.79508 6651.5
35.29 1.71632 6387.71
35.291 1.6368 6121.27
35.292 1.55655 5852.31
35.293 1.4756 5580.91
35.294 1.39399 5307.22
35.295 1.31174 5031.33
35.296 1.22889 4753.37
35.297 1.14548 4473.45
35.298 1.06153 4191.7
35.299 0.977081 3908.24
35.3 0.892164 3623.18
35.301 0.806813 3336.64
35.302 0.721062 3048.76
35.303 0.634947 2759.63
35.304 0.548502 2469.4
35.305 0.461763 2178.19
35.306 0.374764 1886.1
35.307 0.287541 1593.28
35.308 0.20013 1299.84
35.309 0.112568 1005.9
35.31 0.0248897 711.594
35.311 -0.0628674 417.041
35.312 -0.150667 122.364
35.313 -0.238471 -172.313
35.314 -0.326243 -466.866
35.315 -0.413945 -761.173
35.316 -0.501539 -1055.11
35.317 -0.588988 -1348.55
35.318 -0.676254 -1641.38
35.319 -0.763299 -1933.47
35.32 -0.850085 -2224.71
35.321 -0.936575 -2514.96
35.322 -1.02273 -2804.11
35.323 -1.10851 -3092.04
35.324 -1.19388 -3378.62
35.325 -1.27881 -3663.75
35.326 -1.36325 -3947.3
35.327 -1.44716 -4229.15
35.328 -1.53051 -4509.2
35.329 -1.61327 -4787.31
35.33 -1.69539 -5063.38
35.331 -1.77684 -5337.31
35.332 -1.8576 -5608.99
35.333 -1.93762 -5878.36
35.334 -2.0169 -6145.32
35.335 -2.09539 -6409.79
35.336 -2.17307 -6671.71
35.337 -2.24992 -6930.98
35.338 -2.32591 -7187.53
35.339 -2.40102 -7441.29
35.34 -2.47522 -7692.19
35.341 -2.54848 -7940.14
35.342 -2.62079 -8185.08
35.343 -2.69211 -8426.94
35.344 -2.76243 -8665.65
35.345 -2.83172 -8901.15
35.346 -2.89996 -9133.35
35.347 -2.96713 -9362.21
35.348 -3.0332 -9587.65
35.349 -3.09817 -9809.62
35.35 -3.162 -10028.1
35.351 -3.22468 -10242.9
35.352 -3.2862 -10454.1
35.353 -3.34655 -10661.7
35.354 -3.40571 -10865.6
35.355 -3.4637 -11065.9
35.356 -3.52048 -11262.4
35.357 -3.57606 -11455.2
35.358 -3.63044 -11644.2
35.359 -3.68359 -11829.4
35.36 -3.73554 -12010.9
35.361 -3.78625 -12188.6
35.362 -3.83573 -12362.4
35.363 -3.88396 -12532.4
35.364 -3.93093 -12698.4
35.365 -3.97664 -12860.5
35.366 -4.02106 -13018.6
35.367 -4.0642 -13172.7
35.368 -4.10604 -13322.7
35.369 -4.14658 -13468.7
35.37 -4.1858 -13610.6
35.371 -4.22371 -13748.3
35.372 -4.26029 -13881.9
35.373 -4.29552 -14011.2
35.374 -4.32939 -14136.3
35.375 -4.3619 -14257
35.376 -4.39302 -14373.4
35.377 -4.42275 -14485.3
35.378 -4.45108 -14592.8
35.379 -4.478 -14695.9
35.38 -4.50349 -14794.3
35.381 -4.52756 -14888.2
35.382 -4.55018 -14977.5
35.383 -4.57135 -15062.1
35.384 -4.59104 -15141.9
35.385 -4.60925 -15217
35.386 -4.62596 -15287.2
35.387 -4.64115 -15352.4
35.388 -4.65482 -15412.7
35.389 -4.66696 -15468
35.39 -4.67756 -15518.3
35.391 -4.68661 -15563.4
35.392 -4.69411 -15603.5
35.393 -4.70008 -15638.5
35.394 -4.70453 -15668.5
35.395 -4.70746 -15693.5
35.396 -4.70889 -15713.4
35.397 -4.70883 -15728.4
35.398 -4.7073 -15738.4
35.399 -4.70431 -15743.6
35.4 -4.69985 -15743.8
35.401 -4.69396 -15739.2
35.402 -4.68663 -15729.7
35.403 -4.67791 -15715.3
35.404 -4.66776 -15696.1
35.405 -4.6562 -15672.1
35.406 -4.64323 -15643.3
35.407 -4.62888 -15609.6
35.408 -4.61315 -15571.2
35.409 -4.59604 -15528
35.41 -4.57758 -15480.1
35.411 -4.55776 -15427.5
35.412 -4.53661 -15370.2
35.413 -4.51412 -15308.2
35.414 -4.49032 -15241.6
35.415 -4.46522 -15170.5
35.416 -4.43883 -15094.8
35.417 -4.41116 -15014.6
35.418 -4.38223 -14929.9
35.419 -4.35206 -14840.7
35.42 -4.32064 -14747.2
35.421 -4.28801 -14649.3
35.422 -4.25418 -14547.1
35.423 -4.21916 -14440.7
35.424 -4.18296 -14330.1
35.425 -4.14562 -14215.3
35.426 -4.10713 -14096.4
35.427 -4.06752 -13973.4
35.428 -4.02681 -13846.5
35.429 -3.98501 -13715.6
35.43 -3.94215 -13580.9
35.431 -3.89823 -13442.3
35.432 -3.85328 -13300
35.433 -3.80733 -13154
35.434 -3.76038 -13004.4
35.435 -3.71245 -12851.3
35.436 -3.66358 -12694.6
35.437 -3.61377 -12534.5
35.438 -3.56305 -12371.1
35.439 -3.51143 -12204.4
35.44 -3.45895 -12034.5
35.441 -3.40561 -11861.5
35.442 -3.35144 -11685.3
35.443 -3.29644 -11506.2
35.444 -3.24063 -11324
35.445 -3.18402 -11139
35.446 -3.12663 -10951
35.447 -3.06847 -10760.2
35.448 -3.00956 -10566.7
35.449 -2.9499 -10370.4
35.45 -2.88952 -10171.5
35.451 -2.82842 -9969.91
35.452 -2.76664 -9765.84
35.453 -2.7042 -9559.34
35.454 -2.64112 -9350.49
35.455 -2.57742 -9139.39
35.456 -2.51314 -8926.13
35.457 -2.44829 -8710.79
35.458 -2.3829 -8493.47
35.459 -2.31699 -8274.26
35.46 -2.2506 -8053.26
35.461 -2.18375 -7830.56
35.462 -2.11645 -7606.26
35.463 -2.04875 -7380.45
35.464 -1.98066 -7153.22
35.465 -1.91222 -6924.68
35.466 -1.84344 -6694.92
35.467 -1.77436 -6464.04
35.468 -1.705 -6232.14
35.469 -1.63539 -5999.31
35.47 -1.56556 -5765.66
35.471 -1.49553 -5531.28
35.472 -1.42535 -5296.31
35.473 -1.35504 -5060.86
35.474 -1.28464 -4825.07
35.475 -1.21419 -4589.06
35.476 -1.14372 -4352.97
35.477 -1.07328 -4116.92
35.478 -1.00289 -3881.04
35.479 -0.932603 -3645.46
35.48 -0.862444 -3410.3
35.481 -0.792451 -3175.69
35.482 -0.722654 -2941.73
35.483 -0.653081 -2708.52
35.484 -0.583759 -2476.15
35.485 -0.514718 -2244.72
35.486 -0.445983 -2014.33
35.487 -0.377584 -1785.07
35.488 -0.309548 -1557.05
35.489 -0.241902 -1330.34
35.49 -0.174675 -1105.05
35.491 -0.10789 -881.266
35.492 -0.0415702 -659.052
35.493 0.0242671 -438.473
35.494 0.0896033 -219.59
35.495 0.15442 -2.46547
35.496 0.218699 212.842
35.497 0.282422 426.271
35.498 0.345572 637.765
35.499 0.40813 847.266
35.5 0.47008 1054.72
35.501 0.531401 1260.05
35.502 0.592071 1463.2
35.503 0.652064 1664.07
35.504 0.711353 1862.59
35.505 0.769916 2058.68
35.506 0.827726 2252.24
35.507 0.884759 2443.22
35.508 0.940992 2631.52
35.509 0.996401 2817.07
35.51 1.05096 2999.8
35.511 1.10465 3179.62
35.512 1.15744 3356.45
35.513 1.20929 3530.17
35.514 1.26018 3700.69
35.515 1.31008 3867.92
35.516 1.35895 4031.76
35.517 1.40677 4192.11
35.518 1.45351 4348.88
35.519 1.49915 4501.97
35.52 1.54364 4651.31
35.521 1.58698 4796.79
35.522 1.62912 4938.34
35.523 1.67005 5075.86
35.524 1.70974 5209.28
35.525 1.74816 5338.52
35.526 1.78529 5463.48
35.527 1.82111 5584.11
35.528 1.85559 5700.31
35.529 1.88871 5812.02
35.53 1.92045 5919.17
35.531 1.9508 6021.69
35.532 1.97973 6119.53
35.533 2.00723 6212.66
35.534 2.03331 6301.05
35.535 2.05794 6384.65
35.536 2.08111 6463.44
35.537 2.10283 6537.4
35.538 2.12307 6606.48
35.539 2.14184 6670.67
35.54 2.15913 6729.95
35.541 2.17493 6784.29
35.542 2.18924 6833.68
35.543 2.20205 6878.09
35.544 2.21336 6917.52
35.545 2.22317 6951.95
35.546 2.23147 6981.36
35.547 2.23826 7005.76
35.548 2.24354 7025.13
35.549 2.24732 7039.47
35.55 2.2496 7048.78
35.551 2.25035 7053.05
35.552 2.24959 7052.29
35.553 2.24733 7046.46
35.554 2.24358 7035.58
35.555 2.23833 7019.65
35.556 2.23158 6998.69
35.557 2.22334 6972.69
35.558 2.21362 6941.69
35.559 2.20242 6905.69
35.56 2.18974 6864.71
35.561 2.17561 6818.78
35.562 2.16001 6767.91
35.563 2.14296 6712.14
35.564 2.12447 6651.48
35.565 2.10455 6585.97
35.566 2.08321 6515.64
35.567 2.06046 6440.51
35.568 2.0363 6360.63
35.569 2.01076 6276.04
35.57 1.98383 6186.76
35.571 1.95554 6092.84
35.572 1.9259 5994.32
35.573 1.89492 5891.26
35.574 1.86262 5783.68
35.575 1.829 5671.65
35.576 1.79409 5555.21
35.577 1.7579 5434.41
35.578 1.72045 5309.31
35.579 1.68174 5179.96
35.58 1.6418 5046.42
35.581 1.60065 4908.74
35.582 1.55829 4766.96
35.583 1.51474 4621.11
35.584 1.47 4471.22
35.585 1.42408 4317.34
35.586 1.377 4159.5
35.587 1.32877 3997.74
35.588 1.27939 3832.1
35.589 1.22889 3662.63
35.59 1.17726 3489.36
35.591 1.12453 3312.35
35.592 1.07072 3131.68
35.593 1.01585 2947.41
35.594 0.959946 2759.63
35.595 0.903025 2568.42
35.596 0.845114 2373.87
35.597 0.786237 2176.05
35.598 0.726418 1975.05
35.599 0.665683 1770.96
35.6 0.604057 1563.86
35.601 0.541565 1353.84
35.602 0.478233 1141
35.603 0.414089 925.431
35.604 0.349158 707.214
35.605 0.283468 486.448
35.606 0.217047 263.227
35.607 0.149922 37.6459
35.608 0.0821219 -190.199
35.609 0.0136752 -420.21
35.61 -0.0553891 -652.29
35.611 -0.12504 -886.332
35.612 -0.19524 -1122.22
35.613 -0.265951 -1359.81
35.614 -0.337134 -1598.99
35.615 -0.40875 -1839.61
35.616 -0.48076 -2081.56
35.617 -0.553122 -2324.7
35.618 -0.625797 -2568.89
35.619 -0.698745 -2814
35.62 -0.771926 -3059.91
35.621 -0.845298 -3306.47
35.622 -0.91882 -3553.56
35.623 -0.992452 -3801.04
35.624 -1.06615 -4048.78
35.625 -1.13988 -4296.65
35.626 -1.21359 -4544.5
35.627 -1.28725 -4792.22
35.628 -1.36082 -5039.66
35.629 -1.43424 -5286.7
35.63 -1.50748 -5533.2
35.631 -1.58051 -5779.03
35.632 -1.65327 -6024.05
35.633 -1.72573 -6268.15
35.634 -1.79784 -6511.18
35.635 -1.86957 -6753.01
35.636 -1.94087 -6993.52
35.637 -2.0117 -7232.58
35.638 -2.08203 -7470.06
35.639 -2.15181 -7705.84
35.64 -2.221 -7939.78
35.641 -2.28956 -8171.76
35.642 -2.35747 -8401.7
35.643 -2.42469 -8629.48
35.644 -2.49119 -8855.03
35.645 -2.55694 -9078.23
35.646 -2.62191 -9299.02
35.647 -2.68608 -9517.29
35.648 -2.74941 -9732.95
35.649 -2.81188 -9945.92
35.65 -2.87346 -10156.1
35.651 -2.93412 -10363.4
35.652 -2.99383 -10567.8
35.653 -3.05254 -10769
35.654 -3.11024 -10967.1
35.655 -3.16688 -11161.9
35.656 -3.22243 -11353.2
35.657 -3.27685 -11541
35.658 -3.33013 -11725.2
35.659 -3.38221 -11905.7
35.66 -3.43309 -12082.3
35.661 -3.48271 -12255
35.662 -3.53107 -12423.7
35.663 -3.57811 -12588.3
35.664 -3.62383 -12748.6
35.665 -3.66819 -12904.7
35.666 -3.71116 -13056.3
35.667 -3.75273 -13203.5
35.668 -3.79286 -13346.1
35.669 -3.83152 -13484.1
35.67 -3.86871 -13617.3
35.671 -3.9044 -13745.7
35.672 -3.93856 -13869.2
35.673 -3.9712 -13987.9
35.674 -4.0023 -14101.6
35.675 -4.03184 -14210.2
35.676 -4.05982 -14313.9
35.677 -4.08624 -14412.5
35.678 -4.11107 -14505.9
35.679 -4.13432 -14594.3
35.68 -4.15598 -14677.4
35.681 -4.17603 -14755.3
35.682 -4.19448 -14828
35.683 -4.21129 -14895.4
35.684 -4.22648 -14957.4
35.685 -4.24001 -15013.9
35.686 -4.25188 -15065.1
35.687 -4.26209 -15110.7
35.688 -4.27061 -15150.7
35.689 -4.27745 -15185.2
35.69 -4.2826 -15214
35.691 -4.28604 -15237.2
35.692 -4.28778 -15254.7
35.693 -4.28781 -15266.4
35.694 -4.28613 -15272.4
35.695 -4.28271 -15272.6
35.696 -4.27756 -15267
35.697 -4.27071 -15255.6
35.698 -4.26212 -15238.2
35.699 -4.25181 -15215
35.7 -4.23976 -15185.9
35.701 -4.22599 -15150.9
35.702 -4.21049 -15109.9
35.703 -4.19326 -15063
35.704 -4.17431 -15010.2
35.705 -4.15364 -14951.5
35.706 -4.13125 -14886.9
35.707 -4.10715 -14816.3
35.708 -4.08134 -14739.8
35.709 -4.05383 -14657.4
35.71 -4.02463 -14569
35.711 -3.99373 -14474.8
35.712 -3.96117 -14374.8
35.713 -3.92694 -14269
35.714 -3.89108 -14157.4
35.715 -3.85359 -14040.1
35.716 -3.81449 -13917.2
35.717 -3.77381 -13788.7
35.718 -3.73157 -13654.7
35.719 -3.68777 -13515.2
35.72 -3.64244 -13370.3
35.721 -3.59561 -13220.1
35.722 -3.54729 -13064.6
35.723 -3.4975 -12904
35.724 -3.44627 -12738.2
35.725 -3.39361 -12567.3
35.726 -3.33955 -12391.5
35.727 -3.28412 -12210.8
35.728 -3.22733 -12025.3
35.729 -3.16921 -11835
35.73 -3.10978 -11640.1
35.731 -3.04907 -11440.6
35.732 -2.9871 -11236.7
35.733 -2.9239 -11028.4
35.734 -2.8595 -10815.8
35.735 -2.79391 -10598.9
35.736 -2.72716 -10378
35.737 -2.65929 -10153.1
35.738 -2.59032 -9924.24
35.739 -2.52027 -9691.58
35.74 -2.44917 -9455.21
35.741 -2.37706 -9215.23
35.742 -2.30394 -8971.71
35.743 -2.22985 -8724.74
35.744 -2.15479 -8474.39
35.745 -2.0788 -8220.73
35.746 -2.00189 -7963.86
35.747 -1.92409 -7703.84
35.748 -1.84541 -7440.77
35.749 -1.76588 -7174.72
35.75 -1.68552 -6905.79
35.751 -1.60435 -6634.05
35.752 -1.5224 -6359.6
35.753 -1.43969 -6082.52
35.754 -1.35624 -5802.9
35.755 -1.27209 -5520.84
35.756 -1.18724 -5236.42
35.757 -1.10173 -4949.74
35.758 -1.01558 -4660.89
35.759 -0.928822 -4369.96
35.76 -0.841476 -4077.05
35.761 -0.753568 -3782.25
35.762 -0.665119 -3485.63
35.763 -0.576145 -3187.25
35.764 -0.486667 -2887.19
35.765 -0.396702 -2585.52
35.766 -0.30627 -2282.3
35.767 -0.215391 -1977.61
35.768 -0.124085 -1671.51
35.769 -0.0323714 -1364.08
35.77 0.0597278 -1055.4
35.771 0.152192 -745.518
35.772 0.244999 -434.524
35.773 0.338126 -122.487
35.774 0.431552 190.519
35.775 0.525254 504.42
35.776 0.619208 819.144
35.777 0.713391 1134.61
35.778 0.807779 1450.76
35.779 0.902349 1767.5
35.78 0.997075 2084.76
35.781 1.09193 2402.45
35.782 1.18686 2720.42
35.783 1.28182 3038.52
35.784 1.37676 3356.57
35.785 1.47163 3674.42
35.786 1.56637 3991.91
35.787 1.66094 4308.88
35.788 1.75528 4625.15
35.789 1.84933 4940.58
35.79 1.94306 5255
35.791 2.0364 5568.25
35.792 2.12929 5880.14
35.793 2.22168 6190.49
35.794 2.31351 6499.11
35.795 2.40471 6805.81
35.796 2.49523 7110.42
35.797 2.585 7412.75
35.798 2.67397 7712.62
35.799 2.76208 8009.84
35.8 2.84928 8304.24
35.801 2.93549 8595.65
35.802 3.02068 8883.92
35.803 3.1048 9168.89
35.804 3.1878 9450.42
35.805 3.26963 9728.38
35.806 3.35024 10002.6
35.807 3.4296 10273
35.808 3.50766 10539.4
35.809 3.58436 10801.6
35.81 3.65968 11059.6
35.811 3.73357 11313.2
35.812 3.80599 11562.3
35.813 3.87691 11806.9
35.814 3.9463 12046.7
35.815 4.01414 12281.7
35.816 4.08039 12511.9
35.817 4.14502 12737.1
35.818 4.20801 12957.3
35.819 4.26933 13172.3
35.82 4.32896 13382.1
35.821 4.38687 13586.7
35.822 4.44307 13785.9
35.823 4.49756 13979.9
35.824 4.55034 14168.6
35.825 4.60141 14352
35.826 4.65079 14530.2
35.827 4.69848 14703.2
35.828 4.7445 14871
35.829 4.78884 15033.7
35.83 4.83152 15191.2
35.831 4.87255 15343.6
35.832 4.91194 15490.9
35.833 4.94971 15633.2
35.834 4.98587 15770.4
35.835 5.02042 15902.7
35.836 5.05339 16030.1
35.837 5.0848 16152.5
35.838 5.11465 16270.1
35.839 5.14297 16382.9
35.84 5.16977 16490.9
35.841 5.19507 16594.3
35.842 5.21888 16692.9
35.843 5.24119 16786.7
35.844 5.26201 16875.9
35.845 5.28134 16960.3
35.846 5.29919 17040
35.847 5.31556 17115
35.848 5.33047 17185.2
35.849 5.3439 17250.8
35.85 5.35588 17311.7
35.851 5.36641 17367.8
35.852 5.37547 17419.2
35.853 5.38304 17465.7
35.854 5.38912 17507.3
35.855 5.39368 17544
35.856 5.39671 17575.6
35.857 5.39819 17602.1
35.858 5.39812 17623.5
35.859 5.39648 17639.6
35.86 5.39326 17650.5
35.861 5.38844 17656
35.862 5.38199 17656
35.863 5.37389 17650.5
35.864 5.36414 17639.2
35.865 5.35268 17622
35.866 5.3395 17598.9
35.867 5.32456 17569.8
35.868 5.30786 17534.6
35.869 5.28936 17493.1
35.87 5.26904 17445.3
35.871 5.24689 17391
35.872 5.22289 17330.4
35.873 5.19703 17263.2
35.874 5.1693 17189.4
35.875 5.13969 17108.9
35.876 5.10819 17021.9
35.877 5.0748 16928.1
35.878 5.0395 16827.5
35.879 5.00229 16720.1
35.88 4.96317 16605.9
35.881 4.92212 16484.9
35.882 4.87916 16357
35.883 4.83431 16222.4
35.884 4.78757 16080.9
35.885 4.73896 15932.7
35.886 4.68849 15777.9
35.887 4.63619 15616.3
35.888 4.58205 15448.2
35.889 4.52611 15273.5
35.89 4.46837 15092.3
35.891 4.40886 14904.7
35.892 4.3476 14710.8
35.893 4.28464 14510.6
35.894 4.22 14304.3
35.895 4.15373 14092
35.896 4.08586 13873.9
35.897 4.01642 13650
35.898 3.94545 13420.6
35.899 3.873 13185.6
35.9 3.79909 12945.4
35.901 3.72376 12699.9
35.902 3.64706 12449.4
35.903 3.56902 12193.9
35.904 3.48968 11933.7
35.905 3.40908 11668.8
35.906 3.32725 11399.4
35.907 3.24425 11125.7
35.908 3.1601 10847.7
35.909 3.07485 10565.7
35.91 2.98855 10279.9
35.911 2.90122 9990.2
35.912 2.8129 9696.93
35.913 2.72363 9400.16
35.914 2.63344 9100.02
35.915 2.54236 8796.64
35.916 2.45043 8490.15
35.917 2.35769 8180.67
35.918 2.26416 7868.36
35.919 2.16988 7553.32
35.92 2.07488 7235.71
35.921 1.97921 6915.65
35.922 1.88289 6593.25
35.923 1.78594 6268.62
35.924 1.6884 5941.87
35.925 1.5903 5613.11
35.926 1.49166 5282.45
35.927 1.39251 4950.01
35.928 1.29288 4615.88
35.929 1.1928 4280.19
35.93 1.0923 3943.05
35.931 0.99142 3604.58
35.932 0.890179 3264.87
35.933 0.788612 2924.06
35.934 0.68675 2582.25
35.935 0.584626 2239.56
35.936 0.482271 1896.11
35.937 0.379719 1552.01
35.938 0.277002 1207.37
35.939 0.174154 862.31
35.94 0.0712075 516.95
35.941 -0.0318071 171.39
35.942 -0.134869 -174.299
35.943 -0.237959 -520.061
35.944 -0.341062 -865.836
35.945 -0.444158 -1211.57
35.946 -0.547229 -1557.2
35.947 -0.650256 -1902.68
35.948 -0.753221 -2247.94
35.949 -0.856104 -2592.93
35.95 -0.958886 -2937.59
35.951 -1.06154 -3281.86
35.952 -1.16405 -3625.66
35.953 -1.26639 -3968.91
35.954 -1.36851 -4311.51
35.955 -1.4704 -4653.39
35.956 -1.57203 -4994.46
35.957 -1.67336 -5334.64
35.958 -1.77437 -5673.84
35.959 -1.87503 -6011.99
35.96 -1.9753 -6348.99
35.961 -2.07517 -6684.77
35.962 -2.17459 -7019.25
35.963 -2.27355 -7352.34
35.964 -2.37201 -7683.98
35.965 -2.46994 -8014.07
35.966 -2.56732 -8342.54
35.967 -2.66412 -8669.31
35.968 -2.7603 -8994.31
35.969 -2.85584 -9317.46
35.97 -2.95071 -9638.69
35.971 -3.04488 -9957.9
35.972 -3.13831 -10275
35.973 -3.23096 -10589.8
35.974 -3.32277 -10902.3
35.975 -3.41371 -11212.2
35.976 -3.50374 -11519.5
35.977 -3.5928 -11824
35.978 -3.68086 -12125.6
35.979 -3.76788 -12424.3
35.98 -3.85382 -12719.8
35.981 -3.93862 -13012
35.982 -4.02226 -13300.8
35.983 -4.10467 -13586.1
35.984 -4.18581 -13867.8
35.985 -4.26564 -14145.5
35.986 -4.34411 -14419.4
35.987 -4.42118 -14689.1
35.988 -4.4968 -14954.6
35.989 -4.57093 -15215.7
35.99 -4.64352 -15472.3
35.991 -4.71454 -15724.2
35.992 -4.78396 -15971.4
35.993 -4.85172 -16213.8
35.994 -4.91779 -16451.1
35.995 -4.98214 -16683.2
35.996 -5.04472 -16910.2
35.997 -5.10552 -17131.7
35.998 -5.16449 -17347.8
35.999 -5.22159 -17558.3
36 -5.27681 -17763.1
36.001 -5.33012 -17962.1
36.002 -5.38147 -18155.2
36.003 -5.43085 -18342.3
36.004 -5.47824 -18523.3
36.005 -5.52359 -18698.1
36.006 -5.56691 -18866.6
36.007 -5.60815 -19028.7
36.008 -5.64731 -19184.3
36.009 -5.68435 -19333.4
36.01 -5.71927 -19475.9
36.011 -5.75205 -19611.6
36.012 -5.78269 -19740.7
36.013 -5.81122 -19863.1
36.014 -5.83763 -19978.8
36.015 -5.86194 -20087.8
36.016 -5.88418 -20190.3
36.017 -5.90434 -20286.1
36.018 -5.92245 -20375.3
36.019 -5.93853 -20458
36.02 -5.95259 -20534.3
36.021 -5.96466 -20604
36.022 -5.97474 -20667.3
36.023 -5.98287 -20724.2
36.024 -5.98906 -20774.7
36.025 -5.99334 -20819
36.026 -5.99573 -20857
36.027 -5.99625 -20888.8
36.028 -5.99493 -20914.4
36.029 -5.99179 -20934
36.03 -5.98685 -20947.5
36.031 -5.98016 -20955.1
36.032 -5.9717 -20956.7
36.033 -5.9615 -20952.4
36.034 -5.94959 -20942.2
36.035 -5.93602 -20926.1
36.036 -5.92076 -20904.2
36.037 -5.90385 -20876.5
36.038 -5.88531 -20843
36.039 -5.86516 -20803.9
36.04 -5.84342 -20759.2
36.041 -5.82012 -20708.9
36.042 -5.79528 -20653.1
36.043 -5.76893 -20591.8
36.044 -5.74108 -20525.2
36.045 -5.71176 -20453.3
36.046 -5.681 -20376.1
36.047 -5.64882 -20293.7
36.048 -5.61524 -20206.2
36.049 -5.5803 -20113.7
36.05 -5.54402 -20016.2
36.051 -5.50641 -19913.9
36.052 -5.46751 -19806.6
36.053 -5.4273 -19694.5
36.054 -5.38581 -19577.7
36.055 -5.34305 -19456
36.056 -5.29901 -19329.6
36.057 -5.25373 -19198.4
36.058 -5.2072 -19062.6
36.059 -5.15944 -18922.1
36.06 -5.11046 -18777
36.061 -5.06028 -18627.3
36.062 -5.0089 -18473
36.063 -4.95635 -18314.3
36.064 -4.90262 -18151.1
36.065 -4.84774 -17983.4
36.066 -4.79172 -17811.5
36.067 -4.73458 -17635.2
36.068 -4.67632 -17454.6
36.069 -4.61697 -17269.8
36.07 -4.55654 -17080.8
36.071 -4.49504 -16887.8
36.072 -4.43249 -16690.7
36.073 -4.3689 -16489.6
36.074 -4.3043 -16284.6
36.075 -4.23869 -16075.7
36.076 -4.1721 -15863
36.077 -4.10454 -15646.6
36.078 -4.03603 -15426.5
36.079 -3.96659 -15202.8
36.08 -3.89623 -14975.5
36.081 -3.82497 -14744.8
36.082 -3.75284 -14510.7
36.083 -3.67987 -14273.4
36.084 -3.60607 -14032.9
36.085 -3.5315 -13789.3
36.086 -3.45615 -13542.8
36.087 -3.38008 -13293.5
36.088 -3.3033 -13041.4
36.089 -3.22584 -12786.7
36.09 -3.14774 -12529.5
36.091 -3.06902 -12269.9
36.092 -2.98972 -12008
36.093 -2.90987 -11744
36.094 -2.82952 -11478
36.095 -2.74871 -11210.2
36.096 -2.66746 -10940.7
36.097 -2.58583 -10669.7
36.098 -2.50384 -10397.2
36.099 -2.42155 -10123.5
36.1 -2.33898 -9848.64
36.101 -2.25618 -9572.84
36.102 -2.17318 -9296.21
36.103 -2.09004 -9018.91
36.104 -2.00678 -8741.09
36.105 -1.92344 -8462.88
36.106 -1.84007 -8184.43
36.107 -1.75671 -7905.89
36.108 -1.6734 -7627.42
36.109 -1.59017 -7349.14
36.11 -1.50706 -7071.21
36.111 -1.42413 -6793.77
36.112 -1.3414 -6516.98
36.113 -1.25892 -6240.96
36.114 -1.17673 -5965.88
36.115 -1.09487 -5691.86
36.116 -1.01338 -5419.06
36.117 -0.932303 -5147.61
36.118 -0.851673 -4877.66
36.119 -0.771534 -4609.35
36.12 -0.691925 -4342.82
36.121 -0.612888 -4078.21
36.122 -0.534462 -3815.65
36.123 -0.456688 -3555.29
36.124 -0.379605 -3297.26
36.125 -0.303252 -3041.68
36.126 -0.227669 -2788.71
36.127 -0.152896 -2538.47
36.128 -0.0789702 -2291.09
36.129 -0.00593171 -2046.7
36.13 0.0661815 -1805.43
36.131 0.137333 -1567.4
36.132 0.207492 -1332.71
36.133 0.27663 -1101.47
36.134 0.344717 -873.755
36.135 0.411725 -649.667
36.136 0.477627 -429.293
36.137 0.542395 -212.723
36.138 0.606002 -0.0426056
36.139 0.668422 208.662
36.14 0.729629 413.306
36.141 0.7896 613.816
36.142 0.848317 810.134
36.143 0.905763 1002.21
36.144 0.961923 1190
36.145 1.01678 1373.45
36.146 1.07033 1552.52
36.147 1.12255 1727.17
36.148 1.17343 1897.37
36.149 1.22295 2063.06
36.15 1.27111 2224.22
36.151 1.3179 2380.82
36.152 1.36331 2532.85
36.153 1.40734 2680.3
36.154 1.45 2823.18
36.155 1.49127 2961.49
36.156 1.53117 3095.24
36.157 1.56969 3224.42
36.158 1.60684 3349.05
36.159 1.64262 3469.14
36.16 1.67702 3584.69
36.161 1.71006 3695.72
36.162 1.74172 3802.19
36.163 1.77199 3904.05
36.164 1.80086 4001.28
36.165 1.82832 4093.83
36.166 1.85435 4181.68
36.167 1.87895 4264.77
36.168 1.90211 4343.09
36.169 1.92382 4416.61
36.17 1.94407 4485.3
36.171 1.96286 4549.13
36.172 1.98018 4608.08
36.173 1.99602 4662.14
36.174 2.01038 4711.27
36.175 2.02325 4755.47
36.176 2.03463 4794.73
36.177 2.04451 4829.02
36.178 2.0529 4858.33
36.179 2.05979 4882.66
36.18 2.06519 4902.01
36.181 2.06908 4916.35
36.182 2.07148 4925.67
36.183 2.07234 4929.93
36.184 2.07167 4929.1
36.185 2.06948 4923.13
36.186 2.06576 4911.99
36.187 2.0605 4895.65
36.188 2.05368 4874.1
36.189 2.04532 4847.32
36.19 2.0354 4815.3
36.191 2.02393 4778.02
36.192 2.01089 4735.47
36.193 1.9963 4687.65
36.194 1.98014 4634.55
36.195 1.96242 4576.17
36.196 1.94314 4512.5
36.197 1.9223 4443.55
36.198 1.89989 4369.32
36.199 1.87593 4289.81
36.2 1.85041 4205.03
36.201 1.82335 4115
36.202 1.79473 4019.72
36.203 1.76457 3919.21
36.204 1.73287 3813.48
36.205 1.69964 3702.56
36.206 1.66489 3586.45
36.207 1.62861 3465.19
36.208 1.59082 3338.81
36.209 1.55153 3207.32
36.21 1.51074 3070.76
36.211 1.46847 2929.17
36.212 1.42474 2782.63
36.213 1.37958 2631.24
36.214 1.33301 2475.08
36.215 1.28507 2314.27
36.216 1.23578 2148.89
36.217 1.18518 1979.05
36.218 1.13329 1804.85
36.219 1.08014 1626.4
36.22 1.02577 1443.8
36.221 0.970206 1257.17
36.222 0.91348 1066.61
36.223 0.855625 872.238
36.224 0.796674 674.163
36.225 0.736661 472.502
36.226 0.675619 267.371
36.227 0.613582 58.8865
36.228 0.550586 -152.832
36.229 0.486665 -367.666
36.23 0.421855 -585.491
36.231 0.356189 -806.194
36.232 0.289698 -1029.67
36.233 0.222408 -1255.83
36.234 0.154348 -1484.57
36.235 0.0855466 -1715.79
36.236 0.0160333 -1949.4
36.237 -0.0541626 -2185.3
36.238 -0.125011 -2423.38
36.239 -0.196482 -2663.55
36.24 -0.268544 -2905.7
36.241 -0.341169 -3149.74
36.242 -0.414333 -3395.59
36.243 -0.488011 -3643.17
36.244 -0.562181 -3892.4
36.245 -0.63682 -4143.2
36.246 -0.711903 -4395.51
36.247 -0.787406 -4649.24
36.248 -0.863305 -4904.32
36.249 -0.939575 -5160.67
36.25 -1.01619 -5418.2
36.251 -1.09313 -5676.84
36.252 -1.17036 -5936.5
36.253 -1.24786 -6197.12
36.254 -1.3256 -6458.6
36.255 -1.40356 -6720.87
36.256 -1.48171 -6983.85
36.257 -1.56003 -7247.44
36.258 -1.63848 -7511.58
36.259 -1.71704 -7776.18
36.26 -1.79569 -8041.16
36.261 -1.87439 -8306.43
36.262 -1.95312 -8571.92
36.263 -2.03185 -8837.54
36.264 -2.11055 -9103.21
36.265 -2.1892 -9368.85
36.266 -2.26777 -9634.38
36.267 -2.34623 -9899.71
36.268 -2.42455 -10164.8
36.269 -2.50271 -10429.5
36.27 -2.58067 -10693.7
36.271 -2.65841 -10957.5
36.272 -2.7359 -11220.6
36.273 -2.81309 -11482.9
36.274 -2.88995 -11744.4
36.275 -2.96645 -12005
36.276 -3.04254 -12264.5
36.277 -3.1182 -12522.8
36.278 -3.19339 -12779.9
36.279 -3.26807 -13035.6
36.28 -3.34221 -13289.8
36.281 -3.41577 -13542.4
36.282 -3.48871 -13793.2
36.283 -3.56099 -14042.3
36.284 -3.63256 -14289.3
36.285 -3.70338 -14534.2
36.286 -3.77342 -14776.9
36.287 -3.84262 -15017.2
36.288 -3.91096 -15255
36.289 -3.97839 -15490.1
36.29 -4.04486 -15722.6
36.291 -4.11035 -15952.1
36.292 -4.1748 -16178.7
36.293 -4.23817 -16402
36.294 -4.30042 -16622.1
36.295 -4.36149 -16838.7
36.296 -4.42134 -17051.7
36.297 -4.47994 -17260.9
36.298 -4.53724 -17466.3
36.299 -4.59319 -17667.6
36.3 -4.64776 -17864.8
36.301 -4.70091 -18057.7
36.302 -4.75261 -18246.2
36.303 -4.80285 -18430.2
36.304 -4.8516 -18609.8
36.305 -4.89885 -18784.7
36.306 -4.94457 -18955.1
36.307 -4.98875 -19120.7
36.308 -5.03138 -19281.5
36.309 -5.07243 -19437.5
36.31 -5.1119 -19588.6
36.311 -5.14977 -19734.7
36.312 -5.18603 -19875.9
36.313 -5.22069 -20012.1
36.314 -5.25373 -20143.2
36.315 -5.28517 -20269.3
36.316 -5.31499 -20390.4
36.317 -5.3432 -20506.4
36.318 -5.3698 -20617.3
36.319 -5.39479 -20723.1
36.32 -5.41817 -20823.9
36.321 -5.43994 -20919.5
36.322 -5.46012 -21010
36.323 -5.47871 -21095.4
36.324 -5.4957 -21175.8
36.325 -5.51111 -21251
36.326 -5.52495 -21321.1
36.327 -5.53721 -21386.1
36.328 -5.54792 -21446.1
36.329 -5.55707 -21501
36.33 -5.56469 -21550.8
36.331 -5.57077 -21595.6
36.332 -5.57532 -21635.4
36.333 -5.57835 -21670.1
36.334 -5.57986 -21699.7
36.335 -5.57985 -21724.3
36.336 -5.57832 -21743.8
36.337 -5.57529 -21758.2
36.338 -5.57078 -21767.6
36.339 -5.56474 -21771.9
36.34 -5.55722 -21771.1
36.341 -5.54821 -21765.3
36.342 -5.53775 -21754.3
36.343 -5.52579 -21738.3
36.344 -5.51236 -21717.1
36.345 -5.49745 -21690.7
36.346 -5.48106 -21659.3
36.347 -5.4632 -21622.6
36.348 -5.44387 -21580.8
36.349 -5.42307 -21533.8
36.35 -5.40081 -21481.6
36.351 -5.3771 -21424.3
36.352 -5.35192 -21361.8
36.353 -5.32531 -21294.1
36.354 -5.29725 -21221.3
36.355 -5.26775 -21143.3
36.356 -5.23683 -21060.1
36.357 -5.20449 -20971.9
36.358 -5.17073 -20878.5
36.359 -5.13557 -20780
36.36 -5.09901 -20676.4
36.361 -5.06107 -20567.8
36.362 -5.02174 -20454.1
36.363 -4.98105 -20335.4
36.364 -4.93901 -20211.8
36.365 -4.89561 -20083.2
36.366 -4.85088 -19949.6
36.367 -4.80482 -19811.2
36.368 -4.75746 -19667.9
36.369 -4.70879 -19519.8
36.37 -4.65883 -19366.9
36.371 -4.6076 -19209.2
36.372 -4.55512 -19046.9
36.373 -4.5014 -18880
36.374 -4.44648 -18708.6
36.375 -4.39037 -18532.8
36.376 -4.3331 -18352.5
36.377 -4.27469 -18168
36.378 -4.21516 -17979.3
36.379 -4.15454 -17786.5
36.38 -4.09285 -17589.7
36.381 -4.03012 -17388.9
36.382 -3.96637 -17184.2
36.383 -3.90162 -16975.8
36.384 -3.83591 -16763.7
36.385 -3.76925 -16548.1
36.386 -3.70168 -16328.9
36.387 -3.63321 -16106.4
36.388 -3.56388 -15880.6
36.389 -3.49371 -15651.6
36.39 -3.42273 -15419.5
36.391 -3.35096 -15184.4
36.392 -3.27844 -14946.4
36.393 -3.20522 -14705.7
36.394 -3.13131 -14462.5
36.395 -3.05676 -14216.7
36.396 -2.98161 -13968.7
36.397 -2.90589 -13718.4
36.398 -2.82964 -13466.1
36.399 -2.7529 -13211.9
36.4 -2.6757 -12955.9
36.401 -2.59807 -12698.2
36.402 -2.52005 -12439
36.403 -2.44165 -12178.4
36.404 -2.3629 -11916.3
36.405 -2.28381 -11652.9
36.406 -2.2044 -11388.3
36.407 -2.1247 -11122.5
36.408 -2.04473 -10855.7
36.409 -1.9645 -10587.8
36.41 -1.88405 -10319.1
36.411 -1.80339 -10049.6
36.412 -1.72253 -9779.33
36.413 -1.64149 -9508.34
36.414 -1.56028 -9236.71
36.415 -1.47893 -8964.5
36.416 -1.39743 -8691.75
36.417 -1.31581 -8418.53
36.418 -1.23407 -8144.88
36.419 -1.15224 -7870.88
36.42 -1.07033 -7596.57
36.421 -0.988355 -7322.01
36.422 -0.906325 -7047.26
36.423 -0.824258 -6772.38
36.424 -0.742169 -6497.41
36.425 -0.660073 -6222.43
36.426 -0.577986 -5947.49
36.427 -0.495923 -5672.63
36.428 -0.413901 -5397.93
36.429 -0.331934 -5123.43
36.43 -0.25004 -4849.2
36.431 -0.168235 -4575.29
36.432 -0.0865434 -4301.78
36.433 -0.00498925 -4028.77
36.434 0.0764022 -3756.32
36.435 0.157606 -3484.54
36.436 0.238596 -3213.5
36.437 0.319348 -2943.28
36.438 0.399836 -2673.97
36.439 0.480035 -2405.66
36.44 0.559919 -2138.41
36.441 0.639458 -1872.34
36.442 0.718614 -1607.56
36.443 0.797344 -1344.22
36.444 0.875606 -1082.44
36.445 0.953357 -822.372
36.446 1.03055 -564.148
36.447 1.10716 -307.904
36.448 1.18312 -53.7731
36.449 1.25841 198.11
36.45 1.33297 447.614
36.451 1.40678 694.608
36.452 1.47978 938.962
36.453 1.55194 1180.55
36.454 1.62322 1419.24
36.455 1.69357 1654.91
36.456 1.76296 1887.43
36.457 1.83135 2116.68
36.458 1.89871 2342.55
36.459 1.96498 2564.9
36.46 2.03014 2783.62
36.461 2.09415 2998.6
36.462 2.15697 3209.71
36.463 2.21857 3416.86
36.464 2.27891 3619.91
36.465 2.33795 3818.77
36.466 2.39567 4013.33
36.467 2.45203 4203.48
36.468 2.507 4389.11
36.469 2.56055 4570.13
36.47 2.61264 4746.44
36.471 2.66325 4917.94
36.472 2.71235 5084.55
36.473 2.75993 5246.23
36.474 2.80596 5402.89
36.475 2.85043 5554.49
36.476 2.89332 5700.97
36.477 2.93461 5842.26
36.478 2.9743 5978.31
36.479 3.01235 6109.08
36.48 3.04876 6234.51
36.481 3.08352 6354.57
36.482 3.11662 6469.26
36.483 3.14809 6578.6
36.484 3.17791 6682.59
36.485 3.2061 6781.27
36.486 3.23266 6874.65
36.487 3.25761 6962.76
36.488 3.28096 7045.62
36.489 3.30271 7123.26
36.49 3.32287 7195.72
36.491 3.34145 7263.02
36.492 3.35848 7325.2
36.493 3.37395 7382.3
36.494 3.3879 7434.36
36.495 3.40031 7481.41
36.496 3.41123 7523.49
36.497 3.42065 7560.67
36.498 3.42859 7592.97
36.499 3.43508 7620.45
36.5 3.44013 7643.16
36.501 3.44375 7661.16
36.502 3.44597 7674.49
36.503 3.44682 7683.22
36.504 3.44628 7687.4
36.505 3.44439 7687.09
36.506 3.44118 7682.31
36.507 3.43666 7673.13
36.508 3.43089 7659.61
36.509 3.42384 7641.81
36.51 3.41555 7619.82
36.511 3.40604 7593.68
36.512 3.39532 7563.42
36.513 3.3834 7529.06
36.514 3.37028 7490.63
36.515 3.35597 7448.13
36.516 3.34049 7401.6
36.517 3.32383 7351.04
36.518 3.30601 7296.5
36.519 3.28703 7237.99
36.52 3.26691 7175.54
36.521 3.24565 7109.17
36.522 3.22326 7038.9
36.523 3.19974 6964.72
36.524 3.17509 6886.64
36.525 3.14932 6804.67
36.526 3.12242 6718.82
36.527 3.09441 6629.1
36.528 3.06528 6535.52
36.529 3.03505 6438.08
36.53 3.00371 6336.81
36.531 2.97127 6231.73
36.532 2.93773 6122.85
36.533 2.90311 6010.18
36.534 2.86741 5893.75
36.535 2.83064 5773.59
36.536 2.7928 5649.72
36.537 2.75391 5522.15
36.538 2.71396 5390.93
36.539 2.67297 5256.08
36.54 2.63095 5117.62
36.541 2.5879 4975.6
36.542 2.54384 4830.04
36.543 2.49878 4680.97
36.544 2.45272 4528.44
36.545 2.40567 4372.48
36.546 2.35766 4213.13
36.547 2.30868 4050.43
36.548 2.25875 3884.42
36.549 2.20789 3715.14
36.55 2.1561 3542.64
36.551 2.10339 3366.98
36.552 2.04981 3188.24
36.553 1.99537 3006.55
36.554 1.94012 2821.99
36.555 1.88407 2634.69
36.556 1.82726 2444.74
36.557 1.76972 2252.27
36.558 1.71149 2057.39
36.559 1.6526 1860.19
36.56 1.59308 1660.81
36.561 1.53296 1459.37
36.562 1.4723 1256.03
36.563 1.41113 1050.96
36.564 1.34952 844.332
36.565 1.28752 636.331
36.566 1.22517 427.13
36.567 1.16253 216.905
36.568 1.09965 5.83137
36.569 1.03657 -205.913
36.57 0.973359 -418.152
36.571 0.910058 -630.709
36.572 0.846722 -843.405
36.573 0.783401 -1056.06
36.574 0.720147 -1268.51
36.575 0.657013 -1480.57
36.576 0.594049 -1692.05
36.577 0.531307 -1902.8
36.578 0.468839 -2112.63
36.579 0.406697 -2321.36
36.58 0.344932 -2528.82
36.581 0.283592 -2734.86
36.582 0.222723 -2939.3
36.583 0.162367 -3142.02
36.584 0.102566 -3342.87
36.585 0.043362 -3541.71
36.586 -0.0152035 -3738.39
36.587 -0.0730889 -3932.79
36.588 -0.130253 -4124.75
36.589 -0.186654 -4314.15
36.59 -0.242253 -4500.85
36.591 -0.297009 -4684.72
36.592 -0.350891 -4865.64
36.593 -0.403867 -5043.52
36.594 -0.455906 -5218.26
36.595 -0.506978 -5389.75
36.596 -0.557053 -5557.9
36.597 -0.606102 -5722.6
36.598 -0.654095 -5883.77
36.599 -0.701005 -6041.31
36.6 -0.746804 -6195.12
36.601 -0.791465 -6345.13
36.602 -0.834968 -6491.26
36.603 -0.877297 -6633.46
36.604 -0.918432 -6771.67
36.605 -0.958359 -6905.83
36.606 -0.997059 -7035.9
36.607 -1.03452 -7161.82
36.608 -1.07072 -7283.53
36.609 -1.10565 -7401.01
36.61 -1.1393 -7514.18
36.611 -1.17164 -7623.02
36.612 -1.20267 -7727.44
36.613 -1.23235 -7827.39
36.614 -1.26068 -7922.78
36.615 -1.28762 -8013.57
36.616 -1.31316 -8099.68
36.617 -1.33729 -8181.05
36.618 -1.35998 -8257.62
36.619 -1.38121 -8329.33
36.62 -1.40098 -8396.13
36.621 -1.41926 -8457.97
36.622 -1.43604 -8514.79
36.623 -1.4513 -8566.54
36.624 -1.46503 -8613.18
36.625 -1.47723 -8654.65
36.626 -1.48787 -8690.92
36.627 -1.49694 -8721.95
36.628 -1.50443 -8747.69
36.629 -1.51034 -8768.12
36.63 -1.51465 -8783.19
36.631 -1.51737 -8792.88
36.632 -1.51845 -8797.15
36.633 -1.5179 -8795.97
36.634 -1.51573 -8789.32
36.635 -1.51194 -8777.16
36.636 -1.5065 -8759.47
36.637 -1.49941 -8736.25
36.638 -1.49067 -8707.46
36.639 -1.48028 -8673.11
36.64 -1.46823 -8633.16
36.641 -1.45452 -8587.63
36.642 -1.43915 -8536.5
36.643 -1.42212 -8479.76
36.644 -1.40342 -8417.42
36.645 -1.38307 -8349.47
36.646 -1.36105 -8275.92
36.647 -1.33738 -8196.78
36.648 -1.31205 -8112.04
36.649 -1.28507 -8021.73
36.65 -1.25644 -7925.85
36.651 -1.22617 -7824.41
36.652 -1.19425 -7717.44
36.653 -1.1607 -7604.95
36.654 -1.12553 -7486.97
36.655 -1.08873 -7363.51
36.656 -1.05032 -7234.61
36.657 -1.0103 -7100.29
36.658 -0.968692 -6960.59
36.659 -0.925494 -6815.53
36.66 -0.88072 -6665.16
36.661 -0.834377 -6509.5
36.662 -0.786471 -6348.56
36.663 -0.737005 -6182.37
36.664 -0.685983 -6010.94
36.665 -0.633409 -5834.27
36.666 -0.579288 -5652.41
36.667 -0.523626 -5465.35
36.668 -0.46643 -5273.14
36.669 -0.407705 -5075.78
36.67 -0.347461 -4873.32
36.671 -0.285708 -4665.79
36.672 -0.22246 -4453.25
36.673 -0.157737 -4235.75
36.674 -0.0915576 -4013.36
36.675 -0.0239409 -3786.15
36.676 0.0450923 -3554.2
36.677 0.115521 -3317.56
36.678 0.187324 -3076.32
36.679 0.260478 -2830.56
36.68 0.334961 -2580.34
36.681 0.410748 -2325.74
36.682 0.487816 -2066.86
36.683 0.566138 -1803.77
36.684 0.645689 -1536.56
36.685 0.726443 -1265.31
36.686 0.808372 -990.107
36.687 0.891449 -711.046
36.688 0.975644 -428.217
36.689 1.06093 -141.711
36.69 1.14727 148.377
36.691 1.23465 441.943
36.692 1.32301 738.87
36.693 1.41232 1039.03
36.694 1.50254 1342.29
36.695 1.59362 1648.53
36.696 1.68553 1957.61
36.697 1.77822 2269.4
36.698 1.87164 2583.77
36.699 1.96576 2900.58
36.7 2.06053 3219.7
36.701 2.1559 3540.99
36.702 2.25183 3864.31
36.703 2.34828 4189.54
36.704 2.44518 4516.53
36.705 2.54251 4845.13
36.706 2.64021 5175.22
36.707 2.73823 5506.66
36.708 2.83653 5839.3
36.709 2.93506 6173
36.71 3.03376 6507.62
36.711 3.1326 6843.03
36.712 3.23151 7179.08
36.713 3.33046 7515.63
36.714 3.42939 7852.54
36.715 3.52825 8189.67
36.716 3.627 8526.88
36.717 3.72558 8864.03
36.718 3.82394 9200.98
36.719 3.92204 9537.59
36.72 4.01982 9873.72
36.721 4.11724 10209.2
36.722 4.21424 10544
36.723 4.31078 10877.8
36.724 4.40681 11210.7
36.725 4.50228 11542.3
36.726 4.59713 11872.7
36.727 4.69133 12201.6
36.728 4.78483 12529
36.729 4.87757 12854.6
36.73 4.96951 13178.4
36.731 5.06061 13500.3
36.732 5.15083 13820.1
36.733 5.24013 14137.7
36.734 5.32848 14453
36.735 5.41584 14766
36.736 5.50218 15076.6
36.737 5.58745 15384.6
36.738 5.67164 15689.9
36.739 5.75471 15992.6
36.74 5.83662 16292.3
36.741 5.91734 16589.2
36.742 5.99686 16883.1
36.743 6.07512 17173.9
36.744 6.15212 17461.6
36.745 6.22782 17745.9
36.746 6.30219 18027
36.747 6.37521 18304.6
36.748 6.44686 18578.8
36.749 6.5171 18849.4
36.75 6.58593 19116.3
36.751 6.65331 19379.6
36.752 6.71922 19639
36.753 6.78362 19894.6
36.754 6.8465 20146.1
36.755 6.90783 20393.6
36.756 6.96758 20636.8
36.757 7.02573 20875.8
36.758 7.08225 21110.4
36.759 7.13712 21340.6
36.76 7.19033 21566.3
36.761 7.24186 21787.4
36.762 7.29169 22003.8
36.763 7.33981 22215.5
36.764 7.38623 22422.4
36.765 7.43093 22624.6
36.766 7.4739 22821.9
36.767 7.51515 23014.4
36.768 7.55467 23201.9
36.769 7.59246 23384.5
36.77 7.62851 23562.1
36.771 7.66283 23734.8
36.772 7.69542 23902.3
36.773 7.72628 24064.9
36.774 7.75541 24222.3
36.775 7.78281 24374.7
36.776 7.8085 24521.9
36.777 7.83247 24664
36.778 7.85473 24800.9
36.779 7.87529 24932.7
36.78 7.89415 25059.2
36.781 7.91133 25180.7
36.782 7.92683 25296.9
36.783 7.94067 25407.9
36.784 7.95285 25513.7
36.785 7.96339 25614.4
36.786 7.97229 25709.8
36.787 7.97958 25800.1
36.788 7.98526 25885.2
36.789 7.98935 25965.1
36.79 7.99186 26039.8
36.791 7.99281 26109.5
36.792 7.99221 26174
36.793 7.99008 26233.3
36.794 7.98644 26287.6
36.795 7.98131 26336.9
36.796 7.97469 26381
36.797 7.96662 26420.2
36.798 7.9571 26454.4
36.799 7.94616 26483.6
36.8 7.93382 26507.9
36.801 7.92009 26527.3
36.802 7.90501 26541.9
36.803 7.88863 26551.7
36.804 7.87092 26556.8
36.805 7.85194 26557.3
36.806 7.83173 26553.1
36.807 7.81031 26544.5
36.808 7.78773 26531.3
36.809 7.764 26513.8
36.81 7.73914 26492
36.811 7.7132 26465.9
36.812 7.6862 26435.7
36.813 7.65816 26401.3
36.814 7.62909 26362.9
36.815 7.59903 26320.5
36.816 7.568 26274.1
36.817 7.53602 26223.9
36.818 7.50311 26169.8
36.819 7.4693 26112
36.82 7.43461 26050.5
36.821 7.39906 25985.3
36.822 7.36268 25916.6
36.823 7.32549 25844.5
36.824 7.28752 25768.9
36.825 7.24879 25690
36.826 7.20931 25607.8
36.827 7.16913 25522.4
36.828 7.12825 25433.9
36.829 7.08672 25342.4
36.83 7.04454 25247.9
36.831 7.00174 25150.5
36.832 6.95836 25050.4
36.833 6.91441 24947.5
36.834 6.86992 24842
36.835 6.82491 24733.9
36.836 6.77941 24623.3
36.837 6.73344 24510.4
36.838 6.68702 24395.2
36.839 6.64019 24277.7
36.84 6.59297 24158.1
36.841 6.54537 24036.5
36.842 6.49742 23912.9
36.843 6.44914 23787.4
36.844 6.40053 23660
36.845 6.35163 23530.8
36.846 6.30243 23399.9
36.847 6.25297 23267.3
36.848 6.20324 23133.1
36.849 6.15329 22997.3
36.85 6.10311 22860.1
36.851 6.05272 22721.4
36.852 6.00216 22581.4
36.853 5.95145 22440.2
36.854 5.9006 22297.9
36.855 5.84966 22154.5
36.856 5.79863 22010.1
36.857 5.74755 21864.9
36.858 5.69645 21718.9
36.859 5.64534 21572.3
36.86 5.59425 21425.1
36.861 5.54321 21277.4
36.862 5.49226 21129.4
36.863 5.44142 20981.2
36.864 5.39073 20832.9
36.865 5.34022 20684.6
36.866 5.28992 20536.4
36.867 5.23988 20388.5
36.868 5.19011 20241.1
36.869 5.14066 20094.1
36.87 5.09156 19947.8
36.871 5.04284 19802.3
36.872 4.99452 19657.6
36.873 4.94662 19513.9
36.874 4.89918 19371.2
36.875 4.85221 19229.6
36.876 4.80573 19089.3
36.877 4.75978 18950.3
36.878 4.71437 18812.7
36.879 4.66953 18676.6
36.88 4.62527 18542.1
36.881 4.58163 18409.3
36.882 4.53862 18278.2
36.883 4.49626 18149
36.884 4.45458 18021.6
36.885 4.41359 17896.3
36.886 4.37333 17773.1
36.887 4.3338 17652.1
36.888 4.29504 17533.3
36.889 4.25705 17416.9
36.89 4.21987 17302.8
36.891 4.1835 17191.3
36.892 4.14795 17082.2
36.893 4.1132 16975.6
36.894 4.07926 16871.4
36.895 4.0461 16769.7
36.896 4.01374 16670.4
36.897 3.98215 16573.5
36.898 3.95134 16479
36.899 3.92129 16386.8
36.9 3.89199 16297
36.901 3.86344 16209.6
36.902 3.83563 16124.4
36.903 3.80855 16041.5
36.904 3.78219 15960.9
36.905 3.75654 15882.5
36.906 3.73159 15806.4
36.907 3.70734 15732.4
36.908 3.68376 15660.5
36.909 3.66086 15590.8
36.91 3.63862 15523.2
36.911 3.61702 15457.6
36.912 3.59605 15394
36.913 3.57567 15332.3
36.914 3.55586 15272.4
36.915 3.53659 15214.2
36.916 3.51783 15157.6
36.917 3.49954 15102.5
36.918 3.48171 15048.8
36.919 3.4643 14996.5
36.92 3.44728 14945.4
36.921 3.43063 14895.4
36.922 3.41432 14846.6
36.923 3.39834 14798.7
36.924 3.38265 14751.7
36.925 3.36725 14705.7
36.926 3.35211 14660.4
36.927 3.33721 14615.9
36.928 3.32253 14572
36.929 3.30804 14528.7
36.93 3.29374 14486
36.931 3.27958 14443.7
36.932 3.26556 14401.7
36.933 3.25162 14360.1
36.934 3.23776 14318.6
36.935 3.22393 14277.1
36.936 3.21011 14235.6
36.937 3.19627 14194
36.938 3.18238 14152.2
36.939 3.1684 14110
36.94 3.15432 14067.4
36.941 3.1401 14024.2
36.942 3.12573 13980.5
36.943 3.1112 13936.2
36.944 3.09649 13891.3
36.945 3.0816 13845.7
36.946 3.06651 13799.3
36.947 3.05121 13752.2
36.948 3.0357 13704.3
36.949 3.01995 13655.6
36.95 3.00397 13606
36.951 2.98773 13555.5
36.952 2.97123 13504
36.953 2.95446 13451.6
36.954 2.9374 13398.1
36.955 2.92005 13343.6
36.956 2.9024 13288
36.957 2.88443 13231.3
36.958 2.86614 13173.5
36.959 2.84752 13114.5
36.96 2.82855 13054.2
36.961 2.80923 12992.7
36.962 2.78957 12930
36.963 2.76954 12866
36.964 2.74917 12800.8
36.965 2.72844 12734.3
36.966 2.70736 12666.5
36.967 2.68593 12597.5
36.968 2.66414 12527.3
36.969 2.642 12455.8
36.97 2.61951 12383.1
36.971 2.59667 12309.1
36.972 2.57348 12233.8
36.973 2.54994 12157.4
36.974 2.52605 12079.7
36.975 2.50182 12000.7
36.976 2.47724 11920.6
36.977 2.45231 11839.2
36.978 2.42705 11756.6
36.979 2.40144 11672.8
36.98 2.3755 11587.8
36.981 2.34921 11501.6
36.982 2.3226 11414.2
36.983 2.29565 11325.7
36.984 2.26838 11235.9
36.985 2.24077 11145.1
36.986 2.21284 11053
36.987 2.1846 10959.9
36.988 2.15603 10865.6
36.989 2.12715 10770.2
36.99 2.09796 10673.7
36.991 2.06845 10576.1
36.992 2.03865 10477.4
36.993 2.00854 10377.6
36.994 1.97813 10276.8
36.995 1.94743 10175
36.996 1.91644 10072.2
36.997 1.88517 9968.28
36.998 1.85361 9863.42
36.999 1.82177 9757.58
37 1.78966 9650.77
37.001 1.75728 9543.02
37.002 1.72464 9434.34
37.003 1.69174 9324.74
37.004 1.65858 9214.25
37.005 1.62517 9102.89
37.006 1.59152 8990.66
37.007 1.55763 8877.59
37.008 1.52351 8763.7
37.009 1.48915 8649
37.01 1.45457 8533.52
37.011 1.41977 8417.28
37.012 1.38476 8300.29
37.013 1.34954 8182.58
37.014 1.31412 8064.16
37.015 1.27851 7945.07
37.016 1.2427 7825.31
37.017 1.20671 7704.91
37.018 1.17054 7583.89
37.019 1.1342 7462.28
37.02 1.0977 7340.09
37.021 1.06103 7217.35
37.022 1.02421 7094.08
37.023 0.987249 6970.3
37.024 0.950144 6846.04
37.025 0.912906 6721.32
37.026 0.875541 6596.17
37.027 0.838055 6470.59
37.028 0.800456 6344.63
37.029 0.762749 6218.3
37.03 0.724943 6091.63
37.031 0.687045 5964.65
37.032 0.649069 5837.4
37.033 0.611032 5709.94
37.034 0.572948 5582.33
37.035 0.534833 5454.6
37.036 0.496704 5326.83
37.037 0.458575 5199.06
37.038 0.420463 5071.34
37.039 0.382383 4943.73
37.04 0.344351 4816.28
37.041 0.306385 4689.06
37.042 0.268506 4562.13
37.043 0.23074 4435.59
37.044 0.193111 4309.5
37.045 0.155642 4183.96
37.046 0.118358 4059.04
37.047 0.081284 3934.82
37.048 0.0444428 3811.39
37.049 0.00785883 3688.83
37.05 -0.0284442 3567.21
37.051 -0.064447 3446.6
37.052 -0.100139 3327.04
37.053 -0.135514 3208.54
37.054 -0.170566 3091.12
37.055 -0.20529 2974.81
37.056 -0.239679 2859.63
37.057 -0.273729 2745.58
37.058 -0.307433 2632.69
37.059 -0.340786 2520.98
37.06 -0.373784 2410.46
37.061 -0.406421 2301.15
37.062 -0.438693 2193.06
37.063 -0.470594 2086.21
37.064 -0.50212 1980.61
37.065 -0.533268 1876.28
37.066 -0.564032 1773.24
37.067 -0.594409 1671.48
37.068 -0.624395 1571.04
37.069 -0.653985 1471.91
37.07 -0.683178 1374.11
37.071 -0.71197 1277.65
37.072 -0.740366 1182.51
37.073 -0.768371 1088.66
37.074 -0.795991 996.106
37.075 -0.823232 904.808
37.076 -0.8501 814.751
37.077 -0.876602 725.913
37.078 -0.902743 638.272
37.079 -0.928531 551.805
37.08 -0.953972 466.49
37.081 -0.979071 382.31
37.082 -1.00383 299.262
37.083 -1.02824 217.352
37.084 -1.05231 136.584
37.085 -1.07603 56.961
37.086 -1.09941 -21.5132
37.087 -1.12244 -98.8357
37.088 -1.14512 -175.004
37.089 -1.16745 -250.017
37.09 -1.18943 -323.872
37.091 -1.21106 -396.568
37.092 -1.23234 -468.107
37.093 -1.25326 -538.487
37.094 -1.27384 -607.709
37.095 -1.29407 -675.775
37.096 -1.31395 -742.687
37.097 -1.33348 -808.445
37.098 -1.35266 -873.054
37.099 -1.37149 -936.515
37.1 -1.38997 -998.832
37.101 -1.40811 -1060.01
37.102 -1.42591 -1120.05
37.103 -1.44336 -1178.96
37.104 -1.46047 -1236.75
37.105 -1.47724 -1293.41
37.106 -1.49367 -1348.97
37.107 -1.50977 -1403.41
37.108 -1.52553 -1456.76
37.109 -1.54097 -1509.02
37.11 -1.55607 -1560.2
37.111 -1.57085 -1610.3
37.112 -1.5853 -1659.33
37.113 -1.59943 -1707.31
37.114 -1.61325 -1754.24
37.115 -1.62675 -1800.14
37.116 -1.63994 -1845.01
37.117 -1.65282 -1888.87
37.118 -1.66539 -1931.73
37.119 -1.67767 -1973.6
37.12 -1.68965 -2014.49
37.121 -1.70133 -2054.42
37.122 -1.71274 -2093.43
37.123 -1.72388 -2131.56
37.124 -1.73476 -2168.85
37.125 -1.74541 -2205.35
37.126 -1.75582 -2241.11
37.127 -1.76602 -2276.15
37.128 -1.77602 -2310.54
37.129 -1.78582 -2344.3
37.13 -1.79546 -2377.5
37.131 -1.80492 -2410.16
37.132 -1.81424 -2442.31
37.133 -1.82339 -2473.97
37.134 -1.83241 -2505.14
37.135 -1.84127 -2535.86
37.136 -1.85001 -2566.13
37.137 -1.85861 -2595.97
37.138 -1.86708 -2625.4
37.139 -1.87543 -2654.44
37.14 -1.88366 -2683.1
37.141 -1.89179 -2711.4
37.142 -1.8998 -2739.36
37.143 -1.90772 -2767
37.144 -1.91554 -2794.33
37.145 -1.92327 -2821.38
37.146 -1.93092 -2848.16
37.147 -1.93848 -2874.68
37.148 -1.94598 -2900.98
37.149 -1.9534 -2927.06
37.15 -1.96077 -2952.95
37.151 -1.96807 -2978.65
37.152 -1.97532 -3004.17
37.153 -1.9825 -3029.49
37.154 -1.98962 -3054.6
37.155 -1.99667 -3079.5
37.156 -2.00364 -3104.17
37.157 -2.01055 -3128.6
37.158 -2.01737 -3152.78
37.159 -2.02411 -3176.71
37.16 -2.03077 -3200.37
37.161 -2.03734 -3223.75
37.162 -2.04382 -3246.82
37.163 -2.05018 -3269.53
37.164 -2.05642 -3291.85
37.165 -2.06254 -3313.74
37.166 -2.06851 -3335.17
37.167 -2.07432 -3356.1
37.168 -2.07997 -3376.48
37.169 -2.08544 -3396.29
37.17 -2.09073 -3415.48
37.171 -2.09582 -3434.02
37.172 -2.10071 -3451.92
37.173 -2.1054 -3469.14
37.174 -2.10989 -3485.69
37.175 -2.11417 -3501.57
37.176 -2.11824 -3516.76
37.177 -2.12211 -3531.27
37.178 -2.12576 -3545.08
37.179 -2.1292 -3558.19
37.18 -2.13243 -3570.59
37.181 -2.13545 -3582.28
37.182 -2.13824 -3593.23
37.183 -2.1408 -3603.41
37.184 -2.14313 -3612.77
37.185 -2.14519 -3621.3
37.186 -2.14699 -3628.96
37.187 -2.14851 -3635.71
37.188 -2.14976 -3641.53
37.189 -2.15072 -3646.39
37.19 -2.15138 -3650.25
37.191 -2.15173 -3653.09
37.192 -2.15178 -3654.91
37.193 -2.15152 -3655.7
37.194 -2.15095 -3655.47
37.195 -2.15008 -3654.21
37.196 -2.14891 -3651.92
37.197 -2.14743 -3648.61
37.198 -2.14565 -3644.27
37.199 -2.14356 -3638.92
37.2 -2.14117 -3632.54
37.201 -2.13849 -3625.15
37.202 -2.1355 -3616.75
37.203 -2.13222 -3607.35
37.204 -2.12866 -3596.94
37.205 -2.12479 -3585.54
37.206 -2.12063 -3573.15
37.207 -2.11618 -3559.78
37.208 -2.11145 -3545.43
37.209 -2.10642 -3530.11
37.21 -2.10111 -3513.83
37.211 -2.09552 -3496.58
37.212 -2.08965 -3478.36
37.213 -2.08348 -3459.14
37.214 -2.07701 -3438.91
37.215 -2.07024 -3417.63
37.216 -2.06316 -3395.3
37.217 -2.05576 -3371.9
37.218 -2.04804 -3347.4
37.219 -2.03999 -3321.78
37.22 -2.03161 -3295.04
37.221 -2.0229 -3267.15
37.222 -2.01385 -3238.1
37.223 -2.00445 -3207.86
37.224 -1.9947 -3176.44
37.225 -1.98459 -3143.8
37.226 -1.97413 -3109.93
37.227 -1.96331 -3074.82
37.228 -1.95211 -3038.47
37.229 -1.94055 -3000.84
37.23 -1.92861 -2961.94
37.231 -1.9163 -2921.76
37.232 -1.90362 -2880.3
37.233 -1.89057 -2837.59
37.234 -1.87716 -2793.64
37.235 -1.86339 -2748.48
37.236 -1.84927 -2702.12
37.237 -1.83482 -2654.58
37.238 -1.82002 -2605.89
37.239 -1.8049 -2556.07
37.24 -1.78945 -2505.13
37.241 -1.77369 -2453.1
37.242 -1.75761 -2400.01
37.243 -1.74123 -2345.88
37.244 -1.72456 -2290.72
37.245 -1.70759 -2234.57
37.246 -1.69035 -2177.44
37.247 -1.67283 -2119.37
37.248 -1.65504 -2060.37
37.249 -1.63699 -2000.48
37.25 -1.61869 -1939.72
37.251 -1.60015 -1878.11
37.252 -1.58138 -1815.72
37.253 -1.5624 -1752.6
37.254 -1.54323 -1688.8
37.255 -1.52387 -1624.37
37.256 -1.50436 -1559.39
37.257 -1.4847 -1493.9
37.258 -1.46491 -1427.95
37.259 -1.44501 -1361.62
37.26 -1.42502 -1294.95
37.261 -1.40496 -1228
37.262 -1.38483 -1160.83
37.263 -1.36466 -1093.5
37.264 -1.34446 -1026.07
37.265 -1.32426 -958.589
37.266 -1.30406 -891.118
37.267 -1.28389 -823.715
37.268 -1.26377 -756.439
37.269 -1.2437 -689.345
37.27 -1.2237 -622.492
37.271 -1.20381 -555.951
37.272 -1.18404 -489.823
37.273 -1.16443 -424.223
37.274 -1.14502 -359.266
37.275 -1.12584 -295.067
37.276 -1.10692 -231.74
37.277 -1.0883 -169.399
37.278 -1.07001 -108.157
37.279 -1.05208 -48.1279
37.28 -1.03455 10.5772
37.281 -1.01744 67.8537
37.282 -1.00079 123.613
37.283 -0.98462 177.774
37.284 -0.96895 230.256
37.285 -0.953805 280.981
37.286 -0.939209 329.87
37.287 -0.925184 376.845
37.288 -0.911754 421.828
37.289 -0.898941 464.744
37.29 -0.886766 505.518
37.291 -0.875253 544.074
37.292 -0.864422 580.34
37.293 -0.854295 614.244
37.294 -0.844894 645.714
37.295 -0.836239 674.68
37.296 -0.82835 701.073
37.297 -0.821248 724.826
37.298 -0.814952 745.872
37.299 -0.809482 764.145
37.3 -0.804858 779.58
37.301 -0.801095 792.122
37.302 -0.798188 801.73
37.303 -0.796185 808.373
37.304 -0.795075 812.02
37.305 -0.794864 812.643
37.306 -0.795561 810.212
37.307 -0.797175 804.702
37.308 -0.799711 796.087
37.309 -0.803157 784.343
37.31 -0.807556 769.448
37.311 -0.812897 751.381
37.312 -0.819187 730.123
37.313 -0.826431 705.653
37.314 -0.834634 677.957
37.315 -0.843801 647.016
37.316 -0.853936 612.818
37.317 -0.865041 575.349
37.318 -0.877122 534.598
37.319 -0.89018 490.554
37.32 -0.904218 443.209
37.321 -0.919236 392.563
37.322 -0.935229 338.632
37.323 -0.95219 281.44
37.324 -0.97011 221.014
37.325 -0.988981 157.38
37.326 -1.0088 90.5677
37.327 -1.02954 20.6057
37.328 -1.05121 -52.4743
37.329 -1.0738 -128.64
37.33 -1.09729 -207.857
37.331 -1.12167 -290.091
37.332 -1.14693 -375.304
37.333 -1.17306 -463.461
37.334 -1.20005 -554.521
37.335 -1.22789 -648.445
37.336 -1.25656 -745.192
37.337 -1.28605 -844.719
37.338 -1.31634 -946.984
37.339 -1.34743 -1051.94
37.34 -1.3793 -1159.55
37.341 -1.41193 -1269.75
37.342 -1.44531 -1382.51
37.343 -1.47943 -1497.78
37.344 -1.51426 -1615.49
37.345 -1.5498 -1735.61
37.346 -1.58603 -1858.09
37.347 -1.62293 -1982.86
37.348 -1.66048 -2109.88
37.349 -1.69866 -2239.08
37.35 -1.73747 -2370.43
37.351 -1.77688 -2503.84
37.352 -1.81686 -2639.25
37.353 -1.85739 -2776.57
37.354 -1.89844 -2915.7
37.355 -1.93998 -3056.57
37.356 -1.98199 -3199.07
37.357 -2.02444 -3343.13
37.358 -2.0673 -3488.64
37.359 -2.11054 -3635.53
37.36 -2.15413 -3783.69
37.361 -2.19805 -3933.04
37.362 -2.24228 -4083.52
37.363 -2.28679 -4235.06
37.364 -2.33157 -4387.59
37.365 -2.37659 -4541.05
37.366 -2.42183 -4695.39
37.367 -2.46728 -4850.52
37.368 -2.51291 -5006.39
37.369 -2.5587 -5162.93
37.37 -2.60463 -5320.08
37.371 -2.65068 -5477.77
37.372 -2.69682 -5635.93
37.373 -2.74305 -5794.51
37.374 -2.78933 -5953.42
37.375 -2.83565 -6112.61
37.376 -2.88198 -6272.01
37.377 -2.9283 -6431.55
37.378 -2.97459 -6591.18
37.379 -3.02083 -6750.81
37.38 -3.06701 -6910.39
37.381 -3.11309 -7069.85
37.382 -3.15905 -7229.12
37.383 -3.20488 -7388.14
37.384 -3.25056 -7546.84
37.385 -3.29606 -7705.15
37.386 -3.34137 -7863.02
37.387 -3.38645 -8020.38
37.388 -3.4313 -8177.16
37.389 -3.4759 -8333.3
37.39 -3.52021 -8488.73
37.391 -3.56422 -8643.38
37.392 -3.6079 -8797.18
37.393 -3.65123 -8950.02
37.394 -3.69418 -9101.82
37.395 -3.73671 -9252.48
37.396 -3.77881 -9401.92
37.397 -3.82044 -9550.04
37.398 -3.86157 -9696.76
37.399 -3.90219 -9841.99
37.4 -3.94225 -9985.64
37.401 -3.98175 -10127.6
37.402 -4.02066 -10267.9
37.403 -4.05895 -10406.4
37.404 -4.09663 -10543
37.405 -4.13366 -10677.8
37.406 -4.17004 -10810.6
37.407 -4.20575 -10941.5
37.408 -4.24077 -11070.3
37.409 -4.27509 -11197
37.41 -4.30869 -11321.5
37.411 -4.34156 -11443.9
37.412 -4.3737 -11564
37.413 -4.40507 -11681.8
37.414 -4.43568 -11797.4
37.415 -4.4655 -11910.5
37.416 -4.49454 -12021.2
37.417 -4.52276 -12129.4
37.418 -4.55017 -12235.2
37.419 -4.57676 -12338.4
37.42 -4.60251 -12439
37.421 -4.62741 -12537
37.422 -4.65146 -12632.3
37.423 -4.67464 -12725
37.424 -4.69695 -12814.9
37.425 -4.71838 -12902
37.426 -4.73892 -12986.4
37.427 -4.75856 -13068
37.428 -4.7773 -13146.7
37.429 -4.79513 -13222.5
37.43 -4.81204 -13295.4
37.431 -4.82804 -13365.4
37.432 -4.84311 -13432.4
37.433 -4.85725 -13496.4
37.434 -4.87046 -13557.5
37.435 -4.88273 -13615.5
37.436 -4.89406 -13670.4
37.437 -4.90444 -13722.4
37.438 -4.91388 -13771.2
37.439 -4.92238 -13816.9
37.44 -4.92992 -13859.6
37.441 -4.93651 -13899.1
37.442 -4.94214 -13935.5
37.443 -4.9468 -13968.6
37.444 -4.95049 -13998.5
37.445 -4.95319 -14025.2
37.446 -4.9549 -14048.5
37.447 -4.95561 -14068.5
37.448 -4.95532 -14085.2
37.449 -4.95401 -14098.4
37.45 -4.9517 -14108.2
37.451 -4.94835 -14114.5
37.452 -4.94397 -14117.4
37.453 -4.93855 -14116.7
37.454 -4.9321 -14112.5
37.455 -4.92461 -14104.7
37.456 -4.91609 -14093.3
37.457 -4.90652 -14078.3
37.458 -4.8959 -14059.7
37.459 -4.88423 -14037.5
37.46 -4.8715 -14011.6
37.461 -4.85773 -13982
37.462 -4.84291 -13948.8
37.463 -4.82706 -13912
37.464 -4.81018 -13871.5
37.465 -4.79228 -13827.5
37.466 -4.77338 -13779.9
37.467 -4.75347 -13728.7
37.468 -4.73258 -13674.1
37.469 -4.71071 -13615.9
37.47 -4.68787 -13554.3
37.471 -4.66408 -13489.3
37.472 -4.63933 -13420.9
37.473 -4.61364 -13349
37.474 -4.58699 -13273.7
37.475 -4.55941 -13195
37.476 -4.53089 -13112.9
37.477 -4.50143 -13027.5
37.478 -4.47104 -12938.6
37.479 -4.43973 -12846.4
37.48 -4.4075 -12750.8
37.481 -4.37436 -12651.9
37.482 -4.34031 -12549.7
37.483 -4.30536 -12444.2
37.484 -4.26952 -12335.4
37.485 -4.23279 -12223.3
37.486 -4.19518 -12108
37.487 -4.15669 -11989.5
37.488 -4.11735 -11867.8
37.489 -4.07714 -11742.9
37.49 -4.03608 -11614.9
37.491 -3.99419 -11483.8
37.492 -3.95146 -11349.6
37.493 -3.90791 -11212.3
37.494 -3.86355 -11072
37.495 -3.81838 -10928.8
37.496 -3.77242 -10782.6
37.497 -3.72567 -10633.5
37.498 -3.67816 -10481.5
37.499 -3.62987 -10326.6
37.5 -3.58084 -10169
37.501 -3.53106 -10008.6
37.502 -3.48055 -9845.4
37.503 -3.42929 -9679.5
37.504 -3.37731 -9510.88
37.505 -3.32459 -9339.55
37.506 -3.27115 -9165.53
37.507 -3.21699 -8988.84
37.508 -3.16211 -8809.49
37.509 -3.10651 -8627.5
37.51 -3.05021 -8442.9
37.511 -2.9932 -8255.72
37.512 -2.93551 -8065.99
37.513 -2.87713 -7873.77
37.514 -2.81809 -7679.12
37.515 -2.75841 -7482.09
37.516 -2.69809 -7282.73
37.517 -2.63716 -7081.11
37.518 -2.57562 -6877.27
37.519 -2.51349 -6671.29
37.52 -2.45079 -6463.21
37.521 -2.38753 -6253.09
37.522 -2.32373 -6041.01
37.523 -2.25941 -5827.01
37.524 -2.19458 -5611.17
37.525 -2.12926 -5393.54
37.526 -2.06346 -5174.2
37.527 -1.99721 -4953.19
37.528 -1.93051 -4730.59
37.529 -1.86339 -4506.47
37.53 -1.79587 -4280.89
37.531 -1.72795 -4053.9
37.532 -1.65966 -3825.56
37.533 -1.591 -3595.9
37.534 -1.52197 -3364.97
37.535 -1.4526 -3132.79
37.536 -1.38289 -2899.42
37.537 -1.31284 -2664.89
37.538 -1.24248 -2429.24
37.539 -1.1718 -2192.51
37.54 -1.10083 -1954.76
37.541 -1.02957 -1716
37.542 -0.958038 -1476.3
37.543 -0.886236 -1235.7
37.544 -0.814181 -994.226
37.545 -0.741882 -751.934
37.546 -0.669354 -508.867
37.547 -0.596606 -265.068
37.548 -0.523651 -20.5804
37.549 -0.450502 224.55
37.55 -0.377171 470.278
37.551 -0.303672 716.552
37.552 -0.230025 963.305
37.553 -0.156252 1210.46
37.554 -0.0823741 1457.95
37.555 -0.00841349 1705.69
37.556 0.0656077 1953.61
37.557 0.139667 2201.64
37.558 0.213743 2449.7
37.559 0.287812 2697.71
37.56 0.361852 2945.61
37.561 0.435841 3193.31
37.562 0.509754 3440.75
37.563 0.58357 3687.84
37.564 0.657266 3934.52
37.565 0.730818 4180.71
37.566 0.804203 4426.33
37.567 0.877399 4671.32
37.568 0.950383 4915.6
37.569 1.02313 5159.11
37.57 1.09562 5401.75
37.571 1.16783 5643.47
37.572 1.23972 5884.16
37.573 1.31127 6123.73
37.574 1.38244 6362.08
37.575 1.45321 6599.1
37.576 1.52354 6834.71
37.577 1.5934 7068.8
37.578 1.66276 7301.28
37.579 1.73159 7532.04
37.58 1.79986 7761.01
37.581 1.86754 7988.08
37.582 1.9346 8213.16
37.583 2.00101 8436.16
37.584 2.06674 8656.99
37.585 2.13177 8875.55
37.586 2.19605 9091.77
37.587 2.25957 9305.54
37.588 2.3223 9516.79
37.589 2.38421 9725.43
37.59 2.44527 9931.37
37.591 2.50546 10134.5
37.592 2.56475 10334.8
37.593 2.62311 10532.2
37.594 2.68051 10726.5
37.595 2.73695 10917.8
37.596 2.79238 11105.9
37.597 2.84679 11290.7
37.598 2.90015 11472.2
37.599 2.95244 11650.3
37.6 3.00364 11824.9
37.601 3.05372 11996
37.602 3.10267 12163.5
37.603 3.15047 12327.4
37.604 3.19709 12487.5
37.605 3.24251 12643.8
37.606 3.28672 12796.2
37.607 3.3297 12944.7
37.608 3.37143 13089.3
37.609 3.4119 13229.8
37.61 3.45109 13366.3
37.611 3.48898 13498.6
37.612 3.52557 13626.8
37.613 3.56085 13750.7
37.614 3.59483 13870.5
37.615 3.62748 13986.1
37.616 3.65882 14097.5
37.617 3.68883 14204.6
37.618 3.71752 14307.5
37.619 3.74489 14406.1
37.62 3.77092 14500.4
37.621 3.79563 14590.5
37.622 3.81901 14676.2
37.623 3.84104 14757.7
37.624 3.86173 14834.7
37.625 3.88106 14907.4
37.626 3.89902 14975.6
37.627 3.91562 15039.4
37.628 3.93086 15098.8
37.629 3.94471 15153.6
37.63 3.95719 15204
37.631 3.9683 15249.9
37.632 3.97804 15291.2
37.633 3.98643 15328.2
37.634 3.99349 15360.8
37.635 3.99924 15389
37.636 4.00369 15413
37.637 4.00687 15432.7
37.638 4.00878 15448.3
37.639 4.00945 15459.7
37.64 4.00892 15467.1
37.641 4.00716 15470.5
37.642 4.00422 15469.8
37.643 4.00009 15465.3
37.644 3.99481 15456.7
37.645 3.9884 15444.3
37.646 3.98083 15428
37.647 3.97214 15407.9
37.648 3.96235 15383.9
37.649 3.95146 15356.3
37.65 3.9395 15324.9
37.651 3.92647 15289.9
37.652 3.91239 15251.3
37.653 3.89729 15209.1
37.654 3.88118 15163.5
37.655 3.86407 15114.3
37.656 3.84598 15061.8
37.657 3.82693 15006
37.658 3.80693 14946.8
37.659 3.78602 14884.4
37.66 3.7642 14818.9
37.661 3.74149 14750.2
37.662 3.71792 14678.5
37.663 3.6935 14603.8
37.664 3.66825 14526.2
37.665 3.6422 14445.7
37.666 3.61536 14362.5
37.667 3.58775 14276.5
37.668 3.5594 14187.8
37.669 3.53033 14096.6
37.67 3.50055 14002.8
37.671 3.47009 13906.6
37.672 3.43898 13808.1
37.673 3.40726 13707.3
37.674 3.37494 13604.4
37.675 3.34206 13499.4
37.676 3.30866 13392.6
37.677 3.27476 13283.8
37.678 3.2404 13173.4
37.679 3.2056 13061.4
37.68 3.1704 12947.8
37.681 3.13483 12832.9
37.682 3.09891 12716.6
37.683 3.06266 12599.1
37.684 3.02612 12480.5
37.685 2.9893 12360.8
37.686 2.95222 12240
37.687 2.91491 12118.4
37.688 2.8774 11995.9
37.689 2.8397 11872.7
37.69 2.80184 11748.8
37.691 2.76385 11624.3
37.692 2.72575 11499.3
37.693 2.68758 11374
37.694 2.64937 11248.5
37.695 2.61116 11122.7
37.696 2.57296 10997
37.697 2.53483 10871.3
37.698 2.49679 10745.9
37.699 2.45886 10620.7
37.7 2.42109 10496
37.701 2.38351 10371.8
37.702 2.34613 10248.2
37.703 2.30898 10125.2
37.704 2.27209 10003.1
37.705 2.23548 9881.79
37.706 2.19917 9761.43
37.707 2.16318 9642.07
37.708 2.12754 9523.8
37.709 2.09227 9406.7
37.71 2.05738 9290.85
37.711 2.02291 9176.31
37.712 1.98888 9063.18
37.713 1.9553 8951.52
37.714 1.92219 8841.41
37.715 1.88959 8732.93
37.716 1.85751 8626.14
37.717 1.82597 8521.13
37.718 1.79499 8417.96
37.719 1.7646 8316.7
37.72 1.73481 8217.43
37.721 1.70564 8120.22
37.722 1.67711 8025.13
37.723 1.64925 7932.23
37.724 1.62207 7841.59
37.725 1.59559 7753.27
37.726 1.56984 7667.35
37.727 1.54482 7583.88
37.728 1.52055 7502.92
37.729 1.49706 7424.54
37.73 1.47437 7348.8
37.731 1.45248 7275.76
37.732 1.43142 7205.47
37.733 1.4112 7137.99
37.734 1.39184 7073.39
37.735 1.37335 7011.7
37.736 1.35576 6952.99
37.737 1.33907 6897.31
37.738 1.3233 6844.71
37.739 1.30846 6795.23
37.74 1.29458 6748.94
37.741 1.28165 6705.85
37.742 1.26969 6666.01
37.743 1.2587 6629.42
37.744 1.24869 6596.09
37.745 1.23965 6566.05
37.746 1.2316 6539.29
37.747 1.22453 6515.83
37.748 1.21844 6495.68
37.749 1.21334 6478.84
37.75 1.20923 6465.32
37.751 1.20611 6455.12
37.752 1.20396 6448.24
37.753 1.20283 6444.69
37.754 1.20268 6444.46
37.755 1.20352 6447.55
37.756 1.20535 6453.97
37.757 1.20817 6463.7
37.758 1.21194 6476.74
37.759 1.21672 6493.09
37.76 1.22247 6512.73
37.761 1.2292 6535.65
37.762 1.2369 6561.85
37.763 1.24557 6591.3
37.764 1.2552 6624
37.765 1.26579 6659.93
37.766 1.27733 6699.08
37.767 1.28982 6741.41
37.768 1.30325 6786.92
37.769 1.31761 6835.59
37.77 1.3329 6887.38
37.771 1.34911 6942.28
37.772 1.36623 7000.22
37.773 1.38423 7061.17
37.774 1.4031 7125.06
37.775 1.42283 7191.83
37.776 1.44339 7261.43
37.777 1.46476 7333.79
37.778 1.48693 7408.85
37.779 1.50988 7486.55
37.78 1.53359 7566.84
37.781 1.55804 7649.63
37.782 1.58321 7734.87
37.783 1.60908 7822.5
37.784 1.63563 7912.43
37.785 1.66284 8004.61
37.786 1.69068 8098.97
37.787 1.71914 8195.44
37.788 1.7482 8293.94
37.789 1.77782 8394.4
37.79 1.808 8496.75
37.791 1.8387 8600.92
37.792 1.8699 8706.8
37.793 1.90156 8814.28
37.794 1.93365 8923.28
37.795 1.96615 9033.68
37.796 1.99902 9145.37
37.797 2.03222 9258.25
37.798 2.06572 9372.21
37.799 2.0995 9487.16
37.8 2.13352 9602.97
37.801 2.16774 9719.54
37.802 2.20214 9836.77
37.803 2.23668 9954.54
37.804 2.27133 10072.8
37.805 2.30605 10191.3
37.806 2.34082 10310.1
37.807 2.37559 10428.9
37.808 2.41034 10547.8
37.809 2.44504 10666.6
37.81 2.47965 10785.2
37.811 2.51413 10903.4
37.812 2.54845 11021.2
37.813 2.58257 11138.4
37.814 2.61644 11254.9
37.815 2.65003 11370.6
37.816 2.68329 11485.2
37.817 2.71618 11598.7
37.818 2.74867 11710.9
37.819 2.78071 11821.7
37.82 2.81226 11931
37.821 2.84329 12038.7
37.822 2.87377 12144.5
37.823 2.90365 12248.6
37.824 2.93292 12350.6
37.825 2.96155 12450.6
37.826 2.9895 12548.4
37.827 3.01674 12644
37.828 3.04325 12737.2
37.829 3.06901 12827.9
37.83 3.09397 12916.1
37.831 3.11812 13001.7
37.832 3.14143 13084.5
37.833 3.16387 13164.5
37.834 3.18541 13241.6
37.835 3.20604 13315.8
37.836 3.22572 13386.8
37.837 3.24444 13454.6
37.838 3.26216 13519.2
37.839 3.27886 13580.5
37.84 3.29453 13638.3
37.841 3.30913 13692.7
37.842 3.32264 13743.4
37.843 3.33502 13790.4
37.844 3.34626 13833.7
37.845 3.35631 13873
37.846 3.36515 13908.2
37.847 3.37276 13939.4
37.848 3.3791 13966.4
37.849 3.38415 13989
37.85 3.38789 14007.3
37.851 3.39028 14021
37.852 3.39134 14030.2
37.853 3.39099 14034.8
37.854 3.38926 14034.8
37.855 3.38612 14030
37.856 3.38157 14020.4
37.857 3.37561 14006
37.858 3.36819 13986.7
37.859 3.35932 13962.5
37.86 3.34899 13933.3
37.861 3.33718 13899.1
37.862 3.32389 13859.9
37.863 3.30913 13815.6
37.864 3.29289 13766.3
37.865 3.27518 13712
37.866 3.25599 13652.6
37.867 3.23532 13588.2
37.868 3.21318 13518.7
37.869 3.18957 13444.2
37.87 3.1645 13364.7
37.871 3.13797 13280.1
37.872 3.10998 13190.5
37.873 3.08056 13096
37.874 3.04972 12996.6
37.875 3.01747 12892.4
37.876 2.98383 12783.3
37.877 2.94882 12669.4
37.878 2.91244 12550.9
37.879 2.87471 12427.7
37.88 2.83566 12299.9
37.881 2.7953 12167.6
37.882 2.75364 12030.7
37.883 2.71068 11889.3
37.884 2.66644 11743.5
37.885 2.62093 11593.3
37.886 2.57416 11438.7
37.887 2.52614 11279.8
37.888 2.47688 11116.6
37.889 2.42639 10949.1
37.89 2.37469 10777.4
37.891 2.32179 10601.6
37.892 2.26772 10421.6
37.893 2.21248 10237.7
37.894 2.15612 10049.8
37.895 2.09864 9858.1
37.896 2.04008 9662.61
37.897 1.98045 9463.44
37.898 1.91979 9260.67
37.899 1.85811 9054.4
37.9 1.79544 8844.71
37.901 1.7318 8631.69
37.902 1.66722 8415.4
37.903 1.60172 8195.91
37.904 1.5353 7973.28
37.905 1.46798 7747.59
37.906 1.39979 7518.89
37.907 1.33075 7287.26
37.908 1.26087 7052.76
37.909 1.19017 6815.48
37.91 1.11868 6575.47
37.911 1.0464 6332.81
37.912 0.973376 6087.59
37.913 0.899612 5839.87
37.914 0.825134 5589.72
37.915 0.749964 5337.23
37.916 0.674123 5082.48
37.917 0.597633 4825.54
37.918 0.520519 4566.5
37.919 0.442801 4305.43
37.92 0.364505 4042.42
37.921 0.285652 3777.55
37.922 0.206269 3510.9
37.923 0.126378 3242.56
37.924 0.046004 2972.61
37.925 -0.034827 2701.13
37.926 -0.11609 2428.22
37.927 -0.197759 2153.95
37.928 -0.279808 1878.42
37.929 -0.362211 1601.71
37.93 -0.44494 1323.91
37.931 -0.527967 1045.12
37.932 -0.611257 765.437
37.933 -0.694775 484.991
37.934 -0.778484 203.896
37.935 -0.862347 -77.7288
37.936 -0.946328 -359.766
37.937 -1.03039 -642.096
37.938 -1.11449 -924.602
37.939 -1.1986 -1207.16
37.94 -1.28268 -1489.66
37.941 -1.36669 -1771.99
37.942 -1.4506 -2054.05
37.943 -1.53438 -2335.75
37.944 -1.61801 -2617
37.945 -1.70145 -2897.72
37.946 -1.78467 -3177.82
37.947 -1.86765 -3457.21
37.948 -1.95036 -3735.8
37.949 -2.03276 -4013.51
37.95 -2.11484 -4290.25
37.951 -2.19655 -4565.94
37.952 -2.27788 -4840.48
37.953 -2.35878 -5113.81
37.954 -2.43924 -5385.82
37.955 -2.51923 -5656.44
37.956 -2.59871 -5925.59
37.957 -2.67766 -6193.18
37.958 -2.75605 -6459.13
37.959 -2.83386 -6723.37
37.96 -2.91105 -6985.81
37.961 -2.9876 -7246.37
37.962 -3.06347 -7504.95
37.963 -3.13864 -7761.44
37.964 -3.21305 -8015.74
37.965 -3.28669 -8267.74
37.966 -3.35951 -8517.34
37.967 -3.43149 -8764.45
37.968 -3.50258 -9008.95
37.969 -3.57276 -9250.76
37.97 -3.642 -9489.77
37.971 -3.71026 -9725.89
37.972 -3.77753 -9959.06
37.973 -3.84378 -10189.2
37.974 -3.90898 -10416.3
37.975 -3.97312 -10640.2
37.976 -4.03619 -10860.9
37.977 -4.09815 -11078.3
37.978 -4.15899 -11292.4
37.979 -4.2187 -11503.1
37.98 -4.27725 -11710.4
37.981 -4.33463 -11914.2
37.982 -4.39083 -12114.5
37.983 -4.44582 -12311.2
37.984 -4.49959 -12504.2
37.985 -4.55214 -12693.6
37.986 -4.60344 -12879.2
37.987 -4.65349 -13061.1
37.988 -4.70226 -13239.2
37.989 -4.74976 -13413.4
37.99 -4.79597 -13583.7
37.991 -4.84087 -13750.1
37.992 -4.88447 -13912.6
37.993 -4.92676 -14071
37.994 -4.96772 -14225.4
37.995 -5.00734 -14375.8
37.996 -5.04563 -14522.1
37.997 -5.08258 -14664.3
37.998 -5.11819 -14802.4
37.999 -5.15244 -14936.3
38 -5.18533 -15066.1
38.001 -5.21687 -15191.6
38.002 -5.24705 -15313
38.003 -5.27584 -15430
38.004 -5.30325 -15542.7
38.005 -5.32926 -15651.1
38.006 -5.35388 -15755.1
38.007 -5.37708 -15854.6
38.008 -5.39887 -15949.7
38.009 -5.41924 -16040.3
38.01 -5.43819 -16126.3
38.011 -5.45571 -16207.8
38.012 -5.4718 -16284.7
38.013 -5.48648 -16357.1
38.014 -5.49975 -16425
38.015 -5.51161 -16488.3
38.016 -5.52208 -16547
38.017 -5.53116 -16601.3
38.018 -5.53886 -16651
38.019 -5.54519 -16696.3
38.02 -5.55016 -16737.1
38.021 -5.55379 -16773.4
38.022 -5.55607 -16805.3
38.023 -5.557 -16832.7
38.024 -5.5566 -16855.7
38.025 -5.55487 -16874.1
38.026 -5.5518 -16888.2
38.027 -5.54743 -16897.7
38.028 -5.54171 -16902.8
38.029 -5.53469 -16903.4
38.03 -5.52635 -16899.5
38.031 -5.51672 -16891.2
38.032 -5.50583 -16878.3
38.033 -5.49363 -16861.1
38.034 -5.48017 -16839.4
38.035 -5.46543 -16813.3
38.036 -5.44945 -16782.7
38.037 -5.43222 -16747.8
38.038 -5.41375 -16708.6
38.039 -5.39407 -16665
38.04 -5.37317 -16617
38.041 -5.35107 -16564.8
38.042 -5.32778 -16508.3
38.043 -5.30332 -16447.6
38.044 -5.2777 -16382.7
38.045 -5.25092 -16313.7
38.046 -5.22301 -16240.5
38.047 -5.19398 -16163.2
38.048 -5.16383 -16081.9
38.049 -5.1326 -15996.5
38.05 -5.10028 -15907.2
38.051 -5.06691 -15814
38.052 -5.03249 -15716.9
38.053 -4.99706 -15616
38.054 -4.96064 -15511.5
38.055 -4.92325 -15403.3
38.056 -4.88492 -15291.6
38.057 -4.84568 -15176.4
38.058 -4.80554 -15057.8
38.059 -4.76454 -14936
38.06 -4.7227 -14810.9
38.061 -4.68005 -14682.7
38.062 -4.63661 -14551.5
38.063 -4.59242 -14417.4
38.064 -4.54749 -14280.3
38.065 -4.50185 -14140.6
38.066 -4.45554 -13998.1
38.067 -4.40857 -13853.1
38.068 -4.36098 -13705.6
38.069 -4.31279 -13555.7
38.07 -4.26403 -13403.5
38.071 -4.21472 -13249.1
38.072 -4.16491 -13092.7
38.073 -4.1146 -12934.2
38.074 -4.06384 -12773.8
38.075 -4.01264 -12611.6
38.076 -3.96105 -12447.7
38.077 -3.90907 -12282.3
38.078 -3.85676 -12115.3
38.079 -3.80412 -11946.9
38.08 -3.7512 -11777.2
38.081 -3.69801 -11606.4
38.082 -3.64459 -11434.4
38.083 -3.59097 -11261.5
38.084 -3.53717 -11087.7
38.085 -3.48323 -10913.1
38.086 -3.42917 -10737.8
38.087 -3.37502 -10561.9
38.088 -3.32081 -10385.6
38.089 -3.26657 -10209
38.09 -3.21233 -10032.1
38.091 -3.15811 -9854.98
38.092 -3.10395 -9677.87
38.093 -3.04987 -9500.81
38.094 -2.9959 -9323.91
38.095 -2.94208 -9147.27
38.096 -2.88842 -8971.01
38.097 -2.83497 -8795.22
38.098 -2.78174 -8620.01
38.099 -2.72876 -8445.47
38.1 -2.67607 -8271.72
38.101 -2.62369 -8098.84
38.102 -2.57163 -7926.92
38.103 -2.51993 -7756.02
38.104 -2.4686 -7586.23
38.105 -2.41766 -7417.6
38.106 -2.36712 -7250.21
38.107 -2.31701 -7084.13
38.108 -2.26735 -6919.43
38.109 -2.21815 -6756.18
38.11 -2.16943 -6594.44
38.111 -2.12121 -6434.28
38.112 -2.07352 -6275.77
38.113 -2.02635 -6118.97
38.114 -1.97975 -5963.94
38.115 -1.93371 -5810.76
38.116 -1.88827 -5659.48
38.117 -1.84343 -5510.16
38.118 -1.79921 -5362.87
38.119 -1.75564 -5217.67
38.12 -1.71272 -5074.62
38.121 -1.67048 -4933.76
38.122 -1.62891 -4795.13
38.123 -1.58804 -4658.77
38.124 -1.54785 -4524.69
38.125 -1.50837 -4392.92
38.126 -1.4696 -4263.49
38.127 -1.43154 -4136.41
38.128 -1.39421 -4011.72
38.129 -1.3576 -3889.43
38.13 -1.32172 -3769.57
38.131 -1.28657 -3652.15
38.132 -1.25218 -3537.22
38.133 -1.21855 -3424.83
38.134 -1.1857 -3315.02
38.135 -1.15364 -3207.84
38.136 -1.12238 -3103.32
38.137 -1.09193 -3001.51
38.138 -1.06231 -2902.46
38.139 -1.03352 -2806.19
38.14 -1.00558 -2712.75
38.141 -0.978497 -2622.17
38.142 -0.952274 -2534.46
38.143 -0.926913 -2449.63
38.144 -0.902414 -2367.68
38.145 -0.878779 -2288.61
38.146 -0.856008 -2212.43
38.147 -0.8341 -2139.14
38.148 -0.813055 -2068.74
38.149 -0.792873 -2001.22
38.15 -0.773553 -1936.58
38.151 -0.755098 -1874.83
38.152 -0.737518 -1816.02
38.153 -0.72083 -1760.18
38.154 -0.705049 -1707.38
38.155 -0.690188 -1657.66
38.156 -0.676263 -1611.08
38.157 -0.663287 -1567.67
38.158 -0.651273 -1527.48
38.159 -0.640234 -1490.55
38.16 -0.630184 -1456.94
38.161 -0.621131 -1426.66
38.162 -0.613082 -1399.75
38.163 -0.606039 -1376.21
38.164 -0.600004 -1356.04
38.165 -0.594979 -1339.25
38.166 -0.590966 -1325.85
38.167 -0.587948 -1315.85
38.168 -0.585966 -1309.23
38.169 -0.584997 -1306.01
38.17 -0.585042 -1306.18
38.171 -0.5861 -1309.77
38.172 -0.588179 -1316.78
38.173 -0.591265 -1327.24
38.174 -0.595398 -1341.19
38.175 -0.600571 -1358.62
38.176 -0.606789 -1379.58
38.177 -0.614058 -1404.07
38.178 -0.622383 -1432.12
38.179 -0.631769 -1463.73
38.18 -0.64222 -1498.92
38.181 -0.653734 -1537.69
38.182 -0.666301 -1580.01
38.183 -0.679908 -1625.83
38.184 -0.694539 -1675.09
38.185 -0.710177 -1727.74
38.186 -0.726808 -1783.74
38.187 -0.744415 -1843.02
38.188 -0.762981 -1905.54
38.189 -0.782488 -1971.22
38.19 -0.80292 -2040.02
38.191 -0.824258 -2111.87
38.192 -0.846483 -2186.72
38.193 -0.869577 -2264.49
38.194 -0.893521 -2345.13
38.195 -0.918295 -2428.58
38.196 -0.943879 -2514.76
38.197 -0.970253 -2603.6
38.198 -0.997396 -2695.05
38.199 -1.02529 -2789.03
38.2 -1.05391 -2885.47
38.201 -1.08323 -2984.31
38.202 -1.11325 -3085.49
38.203 -1.14395 -3188.98
38.204 -1.17532 -3294.73
38.205 -1.20734 -3402.69
38.206 -1.23999 -3512.81
38.207 -1.27327 -3625.06
38.208 -1.30715 -3739.37
38.209 -1.34163 -3855.71
38.21 -1.37668 -3974.01
38.211 -1.4123 -4094.25
38.212 -1.44847 -4216.38
38.213 -1.48519 -4340.39
38.214 -1.52244 -4466.25
38.215 -1.56023 -4593.94
38.216 -1.59854 -4723.43
38.217 -1.63737 -4854.7
38.218 -1.6767 -4987.71
38.219 -1.71652 -5122.45
38.22 -1.75684 -5258.88
38.221 -1.79763 -5396.96
38.222 -1.83888 -5536.66
38.223 -1.88056 -5677.9
38.224 -1.92267 -5820.63
38.225 -1.96519 -5964.78
38.226 -2.00808 -6110.3
38.227 -2.05134 -6257.12
38.228 -2.09495 -6405.18
38.229 -2.13887 -6554.42
38.23 -2.18311 -6704.77
38.231 -2.22762 -6856.19
38.232 -2.27242 -7008.62
38.233 -2.31747 -7162.04
38.234 -2.36277 -7316.4
38.235 -2.40831 -7471.68
38.236 -2.45407 -7627.83
38.237 -2.50005 -7784.82
38.238 -2.54623 -7942.62
38.239 -2.59259 -8101.18
38.24 -2.63913 -8260.46
38.241 -2.68584 -8420.44
38.242 -2.73269 -8581.08
38.243 -2.77968 -8742.32
38.244 -2.8268 -8904.15
38.245 -2.87402 -9066.52
38.246 -2.92135 -9229.38
38.247 -2.96875 -9392.71
38.248 -3.01623 -9556.47
38.249 -3.06377 -9720.6
38.25 -3.11136 -9885.09
38.251 -3.15897 -10049.9
38.252 -3.20658 -10214.8
38.253 -3.25416 -10379.9
38.254 -3.30169 -10545.1
38.255 -3.34912 -10710.1
38.256 -3.39643 -10874.9
38.257 -3.44358 -11039.5
38.258 -3.49056 -11203.7
38.259 -3.53732 -11367.4
38.26 -3.58384 -11530.6
38.261 -3.63009 -11693.1
38.262 -3.67603 -11854.8
38.263 -3.72164 -12015.7
38.264 -3.76689 -12175.6
38.265 -3.81175 -12334.5
38.266 -3.85618 -12492.2
38.267 -3.90017 -12648.8
38.268 -3.94369 -12804
38.269 -3.9867 -12957.7
38.27 -4.02917 -13110
38.271 -4.07109 -13260.7
38.272 -4.11243 -13409.8
38.273 -4.15317 -13557.1
38.274 -4.1933 -13702.6
38.275 -4.23279 -13846.4
38.276 -4.27164 -13988.2
38.277 -4.30982 -14128.1
38.278 -4.34732 -14266
38.279 -4.38412 -14401.8
38.28 -4.42021 -14535.6
38.281 -4.45556 -14667.1
38.282 -4.49017 -14796.5
38.283 -4.524 -14923.5
38.284 -4.55703 -15048.1
38.285 -4.58924 -15170.3
38.286 -4.62061 -15289.9
38.287 -4.65112 -15406.8
38.288 -4.68074 -15521.1
38.289 -4.70946 -15632.6
38.29 -4.73726 -15741.3
38.291 -4.76412 -15847
38.292 -4.79003 -15949.9
38.293 -4.815 -16049.8
38.294 -4.83903 -16146.8
38.295 -4.86211 -16240.8
38.296 -4.88424 -16331.9
38.297 -4.90544 -16420
38.298 -4.92569 -16505.2
38.299 -4.945 -16587.4
38.3 -4.96337 -16666.7
38.301 -4.98081 -16743
38.302 -4.99731 -16816.3
38.303 -5.01286 -16886.6
38.304 -5.02746 -16953.9
38.305 -5.04111 -17018.1
38.306 -5.0538 -17079.2
38.307 -5.06553 -17137.3
38.308 -5.0763 -17192.2
38.309 -5.0861 -17244
38.31 -5.09493 -17292.6
38.311 -5.10279 -17338.1
38.312 -5.10967 -17380.3
38.313 -5.11556 -17419.4
38.314 -5.12045 -17455.1
38.315 -5.12434 -17487.5
38.316 -5.12721 -17516.5
38.317 -5.12907 -17542.1
38.318 -5.12989 -17564.3
38.319 -5.12968 -17583.1
38.32 -5.12843 -17598.3
38.321 -5.12614 -17610
38.322 -5.1228 -17618.1
38.323 -5.11839 -17622.7
38.324 -5.11292 -17623.7
38.325 -5.10639 -17621
38.326 -5.09879 -17614.6
38.327 -5.09012 -17604.6
38.328 -5.0804 -17590.9
38.329 -5.06959 -17573.4
38.33 -5.0577 -17552.2
38.331 -5.04473 -17527.2
38.332 -5.03067 -17498.5
38.333 -5.01552 -17465.9
38.334 -4.99927 -17429.4
38.335 -4.9819 -17389
38.336 -4.96341 -17344.7
38.337 -4.9438 -17296.4
38.338 -4.92305 -17244.1
38.339 -4.90116 -17187.7
38.34 -4.87813 -17127.2
38.341 -4.85394 -17062.7
38.342 -4.82861 -16994
38.343 -4.80213 -16921.3
38.344 -4.77451 -16844.4
38.345 -4.74576 -16763.5
38.346 -4.71588 -16678.5
38.347 -4.68488 -16589.5
38.348 -4.65276 -16496.4
38.349 -4.61952 -16399.3
38.35 -4.58518 -16298.1
38.351 -4.54975 -16193
38.352 -4.51322 -16083.9
38.353 -4.47561 -15970.8
38.354 -4.43693 -15853.8
38.355 -4.39718 -15732.9
38.356 -4.35637 -15608.1
38.357 -4.31452 -15479.5
38.358 -4.27162 -15347
38.359 -4.2277 -15210.8
38.36 -4.18275 -15070.8
38.361 -4.1368 -14927.1
38.362 -4.08986 -14779.7
38.363 -4.04195 -14628.7
38.364 -3.99309 -14474.2
38.365 -3.9433 -14316.2
38.366 -3.89259 -14154.8
38.367 -3.841 -13990.2
38.368 -3.78854 -13822.2
38.369 -3.73523 -13651.2
38.37 -3.6811 -13477
38.371 -3.62616 -13299.8
38.372 -3.57043 -13119.6
38.373 -3.51392 -12936.5
38.374 -3.45664 -12750.5
38.375 -3.39862 -12561.7
38.376 -3.33985 -12370.2
38.377 -3.28037 -12175.9
38.378 -3.22017 -11979
38.379 -3.15929 -11779.5
38.38 -3.09772 -11577.5
38.381 -3.03549 -11372.9
38.382 -2.97263 -11166
38.383 -2.90915 -10956.8
38.384 -2.84507 -10745.3
38.385 -2.78044 -10531.8
38.386 -2.71526 -10316.2
38.387 -2.64957 -10098.7
38.388 -2.58338 -9879.27
38.389 -2.51673 -9658.14
38.39 -2.44964 -9435.34
38.391 -2.38213 -9210.97
38.392 -2.31422 -8985.08
38.393 -2.24591 -8757.7
38.394 -2.17721 -8528.87
38.395 -2.10814 -8298.63
38.396 -2.03869 -8067.01
38.397 -1.96889 -7834.07
38.398 -1.89873 -7599.84
38.399 -1.82823 -7364.35
38.4 -1.75741 -7127.66
38.401 -1.68626 -6889.81
38.402 -1.6148 -6650.83
38.403 -1.54304 -6410.76
38.404 -1.47099 -6169.67
38.405 -1.39867 -5927.57
38.406 -1.32607 -5684.53
38.407 -1.25322 -5440.58
38.408 -1.18013 -5195.77
38.409 -1.1068 -4950.15
38.41 -1.03325 -4703.75
38.411 -0.959494 -4456.63
38.412 -0.885547 -4208.87
38.413 -0.811433 -3960.53
38.414 -0.737171 -3711.69
38.415 -0.662783 -3462.42
38.416 -0.588291 -3212.81
38.417 -0.513714 -2962.92
38.418 -0.439076 -2712.83
38.419 -0.364397 -2462.63
38.42 -0.2897 -2212.37
38.421 -0.215006 -1962.15
38.422 -0.140337 -1712.03
38.423 -0.0657159 -1462.09
38.424 0.0088359 -1212.41
38.425 0.083296 -963.059
38.426 0.157642 -714.113
38.427 0.231851 -465.648
38.428 0.305902 -217.737
38.429 0.379771 29.5448
38.43 0.453435 276.124
38.431 0.526871 521.92
38.432 0.600048 766.837
38.433 0.672936 1010.78
38.434 0.745503 1253.63
38.435 0.817718 1495.31
38.436 0.889551 1735.7
38.437 0.96097 1974.72
38.438 1.03194 2212.25
38.439 1.10244 2448.21
38.44 1.17244 2682.5
38.441 1.24189 2915
38.442 1.31077 3145.61
38.443 1.37904 3374.2
38.444 1.44665 3600.65
38.445 1.51357 3824.84
38.446 1.57977 4046.64
38.447 1.6452 4265.94
38.448 1.70983 4482.62
38.449 1.77362 4696.56
38.45 1.83653 4907.65
38.451 1.89854 5115.77
38.452 1.95961 5320.84
38.453 2.01971 5522.78
38.454 2.07882 5721.49
38.455 2.13692 5916.92
38.456 2.19397 6108.96
38.457 2.24996 6297.56
38.458 2.30487 6482.62
38.459 2.35865 6664.09
38.46 2.41131 6841.88
38.461 2.46281 7015.94
38.462 2.51314 7186.22
38.463 2.56229 7352.67
38.464 2.61024 7515.26
38.465 2.65699 7673.96
38.466 2.70252 7828.74
38.467 2.74683 7979.55
38.468 2.7899 8126.37
38.469 2.83173 8269.18
38.47 2.8723 8407.95
38.471 2.91162 8542.65
38.472 2.94967 8673.26
38.473 2.98644 8799.75
38.474 3.02194 8922.11
38.475 3.05616 9040.33
38.476 3.08908 9154.37
38.477 3.12072 9264.24
38.478 3.15106 9369.91
38.479 3.1801 9471.38
38.48 3.20785 9568.63
38.481 3.23429 9661.66
38.482 3.25944 9750.47
38.483 3.28328 9835.04
38.484 3.30582 9915.39
38.485 3.32706 9991.5
38.486 3.347 10063.4
38.487 3.36565 10131
38.488 3.38301 10194.5
38.489 3.39907 10253.7
38.49 3.41385 10308.7
38.491 3.42735 10359.5
38.492 3.43956 10406
38.493 3.45049 10448.4
38.494 3.46013 10486.5
38.495 3.46847 10520.4
38.496 3.47553 10549.9
38.497 3.48129 10575.2
38.498 3.48576 10596.3
38.499 3.48893 10613
38.5 3.49082 10625.5
38.501 3.49142 10633.6
38.502 3.49072 10637.5
38.503 3.48873 10637.1
38.504 3.48546 10632.3
38.505 3.48092 10623.2
38.506 3.47512 10609.9
38.507 3.46803 10592.2
38.508 3.45968 10570.2
38.509 3.45007 10544
38.51 3.43921 10513.4
38.511 3.4271 10478.7
38.512 3.41376 10439.7
38.513 3.39918 10396.5
38.514 3.38338 10349.1
38.515 3.36636 10297.6
38.516 3.34814 10241.9
38.517 3.32873 10182.1
38.518 3.30812 10118.2
38.519 3.28634 10050.2
38.52 3.2634 9978.29
38.521 3.2393 9902.35
38.522 3.21407 9822.5
38.523 3.18773 9738.78
38.524 3.16029 9651.28
38.525 3.13179 9560.05
38.526 3.10223 9465.18
38.527 3.07165 9366.73
38.528 3.04006 9264.77
38.529 3.00749 9159.39
38.53 2.97396 9050.65
38.531 2.9395 8938.64
38.532 2.90412 8823.44
38.533 2.86785 8705.12
38.534 2.83073 8583.76
38.535 2.79276 8459.46
38.536 2.75398 8332.28
38.537 2.71441 8202.33
38.538 2.67407 8069.67
38.539 2.633 7934.41
38.54 2.59121 7796.62
38.541 2.54873 7656.41
38.542 2.5056 7513.85
38.543 2.46183 7369.04
38.544 2.41745 7222.07
38.545 2.3725 7073.03
38.546 2.32698 6922.02
38.547 2.28095 6769.13
38.548 2.23441 6614.46
38.549 2.1874 6458.1
38.55 2.13994 6300.14
38.551 2.09207 6140.7
38.552 2.04383 5979.89
38.553 1.99523 5817.83
38.554 1.94634 5654.66
38.555 1.89717 5490.5
38.556 1.84777 5325.49
38.557 1.79817 5159.74
38.558 1.74842 4993.4
38.559 1.69855 4826.58
38.56 1.64859 4659.41
38.561 1.59858 4492.02
38.562 1.54855 4324.48
38.563 1.49851 4156.87
38.564 1.44848 3989.25
38.565 1.39849 3821.7
38.566 1.34855 3654.28
38.567 1.29868 3487.07
38.568 1.24891 3320.14
38.569 1.19924 3153.55
38.57 1.14972 2987.39
38.571 1.10034 2821.7
38.572 1.05114 2656.57
38.573 1.00212 2492.06
38.574 0.953325 2328.25
38.575 0.904756 2165.19
38.576 0.856439 2002.97
38.577 0.808393 1841.63
38.578 0.760636 1681.26
38.579 0.713188 1521.92
38.58 0.666068 1363.67
38.581 0.619294 1206.57
38.582 0.572876 1050.67
38.583 0.526827 896.003
38.584 0.481154 742.6
38.585 0.435869 590.496
38.586 0.390981 439.725
38.587 0.3465 290.32
38.588 0.302435 142.313
38.589 0.258796 -4.26415
38.59 0.21559 -149.38
38.591 0.172828 -293.004
38.592 0.130519 -435.106
38.593 0.0886697 -575.657
38.594 0.0472899 -714.628
38.595 0.0063876 -851.993
38.596 -0.0340291 -987.723
38.597 -0.0739522 -1121.79
38.598 -0.113374 -1254.18
38.599 -0.152287 -1384.85
38.6 -0.190683 -1513.78
38.601 -0.228554 -1640.95
38.602 -0.265886 -1766.31
38.603 -0.302664 -1889.81
38.604 -0.338872 -2011.39
38.605 -0.374496 -2131.01
38.606 -0.409521 -2248.62
38.607 -0.443932 -2364.17
38.608 -0.477715 -2477.62
38.609 -0.510857 -2588.91
38.61 -0.543343 -2698.01
38.611 -0.575161 -2804.86
38.612 -0.606298 -2909.44
38.613 -0.636739 -3011.68
38.614 -0.666474 -3111.56
38.615 -0.695491 -3209.03
38.616 -0.723776 -3304.05
38.617 -0.751319 -3396.59
38.618 -0.778109 -3486.61
38.619 -0.804134 -3574.07
38.62 -0.829385 -3658.93
38.621 -0.853851 -3741.17
38.622 -0.877523 -3820.75
38.623 -0.90039 -3897.64
38.624 -0.922444 -3971.81
38.625 -0.943675 -4043.23
38.626 -0.964077 -4111.87
38.627 -0.983639 -4177.71
38.628 -1.00236 -4240.71
38.629 -1.02022 -4300.86
38.63 -1.03722 -4358.14
38.631 -1.05336 -4412.5
38.632 -1.06861 -4463.91
38.633 -1.08297 -4512.33
38.634 -1.09641 -4557.7
38.635 -1.10893 -4599.98
38.636 -1.12052 -4639.12
38.637 -1.13115 -4675.07
38.638 -1.14083 -4707.81
38.639 -1.14952 -4737.28
38.64 -1.15724 -4763.45
38.641 -1.16395 -4786.29
38.642 -1.16967 -4805.77
38.643 -1.17439 -4821.9
38.644 -1.1781 -4834.67
38.645 -1.18083 -4844.08
38.646 -1.18254 -4850.13
38.647 -1.18324 -4852.81
38.648 -1.18294 -4852.12
38.649 -1.18163 -4848.07
38.65 -1.17933 -4840.65
38.651 -1.17605 -4829.88
38.652 -1.17175 -4815.75
38.653 -1.16647 -4798.28
38.654 -1.16019 -4777.47
38.655 -1.15293 -4753.34
38.656 -1.14468 -4725.9
38.657 -1.13546 -4695.16
38.658 -1.12526 -4661.14
38.659 -1.11409 -4623.85
38.66 -1.10195 -4583.31
38.661 -1.08886 -4539.54
38.662 -1.07482 -4492.56
38.663 -1.05983 -4442.39
38.664 -1.0439 -4389.06
38.665 -1.02704 -4332.59
38.666 -1.00926 -4273.01
38.667 -0.990559 -4210.33
38.668 -0.970954 -4144.6
38.669 -0.95045 -4075.83
38.67 -0.929058 -4004.07
38.671 -0.906783 -3929.33
38.672 -0.88363 -3851.63
38.673 -0.8596 -3770.97
38.674 -0.834695 -3687.36
38.675 -0.808916 -3600.81
38.676 -0.782268 -3511.32
38.677 -0.754751 -3418.9
38.678 -0.726371 -3323.57
38.679 -0.69713 -3225.34
38.68 -0.667033 -3124.22
38.681 -0.636085 -3020.24
38.682 -0.604298 -2913.43
38.683 -0.571686 -2803.84
38.684 -0.538262 -2691.51
38.685 -0.504042 -2576.51
38.686 -0.469039 -2458.87
38.687 -0.433268 -2338.64
38.688 -0.396746 -2215.89
38.689 -0.359487 -2090.66
38.69 -0.321507 -1963
38.691 -0.282823 -1832.98
38.692 -0.243451 -1700.64
38.693 -0.203408 -1566.05
38.694 -0.16271 -1429.27
38.695 -0.121376 -1290.34
38.696 -0.0794227 -1149.34
38.697 -0.0368679 -1006.31
38.698 0.00627036 -861.333
38.699 0.0499736 -714.459
38.7 0.094223 -565.754
38.701 0.139 -415.28
38.702 0.184285 -263.103
38.703 0.230059 -109.286
38.704 0.276302 46.1045
38.705 0.322994 203.002
38.706 0.370116 361.34
38.707 0.417647 521.051
38.708 0.465567 682.067
38.709 0.513855 844.319
38.71 0.562491 1007.74
38.711 0.611451 1172.25
38.712 0.660707 1337.76
38.713 0.71023 1504.17
38.714 0.75999 1671.38
38.715 0.809956 1839.29
38.716 0.860097 2007.8
38.717 0.910385 2176.82
38.718 0.960787 2346.23
38.719 1.01127 2515.94
38.72 1.06181 2685.85
38.721 1.11238 2855.87
38.722 1.16295 3025.91
38.723 1.2135 3195.91
38.724 1.264 3365.8
38.725 1.31444 3535.49
38.726 1.3648 3704.93
38.727 1.41504 3874.05
38.728 1.46516 4042.76
38.729 1.51512 4211.01
38.73 1.56491 4378.71
38.731 1.6145 4545.81
38.732 1.66388 4712.24
38.733 1.71301 4877.91
38.734 1.76189 5042.77
38.735 1.81049 5206.75
38.736 1.85878 5369.77
38.737 1.90675 5531.78
38.738 1.95437 5692.7
38.739 2.00163 5852.47
38.74 2.04851 6011.02
38.741 2.09497 6168.29
38.742 2.14101 6324.21
38.743 2.18661 6478.72
38.744 2.23174 6631.76
38.745 2.27638 6783.25
38.746 2.32052 6933.15
38.747 2.36413 7081.39
38.748 2.4072 7227.91
38.749 2.44971 7372.65
38.75 2.49164 7515.55
38.751 2.53297 7656.56
38.752 2.5737 7795.64
38.753 2.61382 7932.77
38.754 2.6533 8067.93
38.755 2.69216 8201.08
38.756 2.73038 8332.2
38.757 2.76795 8461.28
38.758 2.80487 8588.27
38.759 2.84113 8713.18
38.76 2.87672 8835.96
38.761 2.91163 8956.61
38.762 2.94587 9075.1
38.763 2.97942 9191.42
38.764 3.01229 9305.55
38.765 3.04445 9417.47
38.766 3.07592 9527.17
38.767 3.10669 9634.63
38.768 3.13674 9739.85
38.769 3.16609 9842.8
38.77 3.19472 9943.47
38.771 3.22263 10041.9
38.772 3.2498 10137.9
38.773 3.27622 10231.5
38.774 3.30186 10322.6
38.775 3.3267 10411.2
38.776 3.35073 10497.2
38.777 3.37393 10580.4
38.778 3.39629 10661
38.779 3.41777 10738.8
38.78 3.43838 10813.7
38.781 3.45809 10885.7
38.782 3.47689 10954.7
38.783 3.49478 11020.8
38.784 3.51175 11084
38.785 3.5278 11144.1
38.786 3.54292 11201.1
38.787 3.5571 11255.1
38.788 3.57035 11306.1
38.789 3.58265 11353.9
38.79 3.594 11398.7
38.791 3.60441 11440.3
38.792 3.61387 11478.8
38.793 3.6224 11514.3
38.794 3.62999 11546.6
38.795 3.63666 11575.9
38.796 3.64241 11602.2
38.797 3.64726 11625.5
38.798 3.6512 11645.7
38.799 3.65425 11663
38.8 3.65642 11677.4
38.801 3.65771 11688.8
38.802 3.65815 11697.3
38.803 3.65769 11702.9
38.804 3.65637 11705.6
38.805 3.65417 11705.3
38.806 3.65111 11702.2
38.807 3.64719 11696.1
38.808 3.64241 11687.1
38.809 3.63679 11675.2
38.81 3.63031 11660.4
38.811 3.62298 11642.7
38.812 3.61483 11622.2
38.813 3.60587 11599
38.814 3.59613 11573.1
38.815 3.58563 11544.5
38.816 3.57439 11513.4
38.817 3.56244 11479.9
38.818 3.5498 11444
38.819 3.5365 11405.8
38.82 3.52255 11365.3
38.821 3.50798 11322.7
38.822 3.49281 11278
38.823 3.47706 11231.2
38.824 3.46073 11182.4
38.825 3.44385 11131.7
38.826 3.42642 11079.1
38.827 3.40848 11024.6
38.828 3.39003 10968.4
38.829 3.37109 10910.4
38.83 3.35168 10850.7
38.831 3.33182 10789.5
38.832 3.31152 10726.6
38.833 3.2908 10662.2
38.834 3.26967 10596.4
38.835 3.24816 10529.2
38.836 3.22629 10460.7
38.837 3.20406 10390.9
38.838 3.18151 10319.9
38.839 3.15864 10247.7
38.84 3.13547 10174.4
38.841 3.11203 10100.2
38.842 3.08831 10024.9
38.843 3.06435 9948.61
38.844 3.04013 9871.43
38.845 3.01567 9793.35
38.846 2.99099 9714.4
38.847 2.96609 9634.63
38.848 2.94098 9554.07
38.849 2.91568 9472.75
38.85 2.89018 9390.7
38.851 2.86451 9307.96
38.852 2.83866 9224.54
38.853 2.81264 9140.44
38.854 2.78645 9055.68
38.855 2.76008 8970.26
38.856 2.73355 8884.18
38.857 2.70685 8797.46
38.858 2.67999 8710.1
38.859 2.65296 8622.11
38.86 2.62577 8533.5
38.861 2.59843 8444.28
38.862 2.57095 8354.5
38.863 2.54332 8264.17
38.864 2.51558 8173.36
38.865 2.48772 8082.08
38.866 2.45975 7990.38
38.867 2.4317 7898.31
38.868 2.40356 7805.89
38.869 2.37536 7713.18
38.87 2.3471 7620.2
38.871 2.3188 7527
38.872 2.29046 7433.61
38.873 2.2621 7340.09
38.874 2.23372 7246.46
38.875 2.20535 7152.76
38.876 2.17698 7059.04
38.877 2.14864 6965.34
38.878 2.12033 6871.69
38.879 2.09207 6778.13
38.88 2.06386 6684.71
38.881 2.03572 6591.46
38.882 2.00767 6498.46
38.883 1.97973 6405.77
38.884 1.95191 6313.45
38.885 1.92424 6221.58
38.886 1.89673 6130.22
38.887 1.86941 6039.45
38.888 1.8423 5949.32
38.889 1.81541 5859.9
38.89 1.78876 5771.26
38.891 1.76238 5683.47
38.892 1.73627 5596.55
38.893 1.71044 5510.56
38.894 1.68491 5425.52
38.895 1.65968 5341.47
38.896 1.63476 5258.44
38.897 1.61017 5176.47
38.898 1.58591 5095.59
38.899 1.562 5015.84
38.9 1.53843 4937.25
38.901 1.51523 4859.85
38.902 1.4924 4783.67
38.903 1.46995 4708.74
38.904 1.44789 4635.09
38.905 1.42622 4562.76
38.906 1.40496 4491.78
38.907 1.38412 4422.16
38.908 1.3637 4353.95
38.909 1.3437 4287.17
38.91 1.32415 4221.84
38.911 1.30504 4157.99
38.912 1.28638 4095.65
38.913 1.26819 4034.84
38.914 1.25046 3975.6
38.915 1.2332 3917.93
38.916 1.21643 3861.87
38.917 1.20014 3807.43
38.918 1.18435 3754.64
38.919 1.16906 3703.53
38.92 1.15428 3654.1
38.921 1.14 3606.38
38.922 1.12623 3560.35
38.923 1.11297 3516.02
38.924 1.10021 3473.36
38.925 1.08794 3432.36
38.926 1.07617 3393.02
38.927 1.06489 3355.32
38.928 1.05409 3319.23
38.929 1.04377 3284.76
38.93 1.03393 3251.88
38.931 1.02456 3220.56
38.932 1.01564 3190.78
38.933 1.00717 3162.48
38.934 0.999122 3135.61
38.935 0.99149 3110.13
38.936 0.984256 3085.98
38.937 0.977407 3063.13
38.938 0.970928 3041.51
38.939 0.964803 3021.08
38.94 0.959018 3001.79
38.941 0.953557 2983.59
38.942 0.948405 2966.42
38.943 0.943546 2950.24
38.944 0.938965 2934.99
38.945 0.934646 2920.61
38.946 0.930574 2907.06
38.947 0.926731 2894.28
38.948 0.923103 2882.23
38.949 0.919672 2870.83
38.95 0.916424 2860.05
38.951 0.913344 2849.83
38.952 0.910405 2840.14
38.953 0.907635 2830.95
38.954 0.905008 2822.25
38.955 0.902516 2814
38.956 0.900152 2806.17
38.957 0.897908 2798.75
38.958 0.895775 2791.7
38.959 0.893746 2785
38.96 0.891813 2778.62
38.961 0.889968 2772.54
38.962 0.888203 2766.73
38.963 0.88651 2761.15
38.964 0.884881 2755.8
38.965 0.883307 2750.62
38.966 0.881782 2745.61
38.967 0.880296 2740.73
38.968 0.878841 2735.96
38.969 0.87741 2731.26
38.97 0.875994 2726.62
38.971 0.874585 2721.99
38.972 0.873176 2717.37
38.973 0.871756 2712.71
38.974 0.87032 2707.99
38.975 0.868858 2703.19
38.976 0.867362 2698.28
38.977 0.865825 2693.23
38.978 0.864239 2688
38.979 0.862595 2682.59
38.98 0.860885 2676.95
38.981 0.859102 2671.07
38.982 0.857238 2664.91
38.983 0.855284 2658.45
38.984 0.853233 2651.67
38.985 0.851076 2644.53
38.986 0.848808 2637.01
38.987 0.846418 2629.09
38.988 0.843901 2620.74
38.989 0.841248 2611.93
38.99 0.838452 2602.64
38.991 0.835504 2592.83
38.992 0.832407 2582.47
38.993 0.829111 2571.49
38.994 0.825616 2559.84
38.995 0.821907 2547.47
38.996 0.817967 2534.33
38.997 0.813782 2520.36
38.998 0.809336 2505.51
38.999 0.804613 2489.73
39 0.799599 2472.97
39.001 0.79428 2455.19
39.002 0.788648 2436.35
39.003 0.782696 2416.44
39.004 0.77642 2395.43
39.005 0.769812 2373.31
39.006 0.762868 2350.05
39.007 0.755581 2325.65
39.008 0.747946 2300.07
39.009 0.739958 2273.3
39.01 0.731612 2245.33
39.011 0.7229 2216.13
39.012 0.713811 2185.66
39.013 0.704332 2153.87
39.014 0.69445 2120.73
39.015 0.684152 2086.19
39.016 0.673424 2050.21
39.017 0.662255 2012.73
39.018 0.650631 1973.73
39.019 0.63854 1933.16
39.02 0.625971 1890.98
39.021 0.612916 1847.16
39.022 0.599375 1801.72
39.023 0.585356 1754.66
39.024 0.570864 1706.01
39.025 0.555906 1655.79
39.026 0.540488 1604.03
39.027 0.524617 1550.74
39.028 0.5083 1495.95
39.029 0.491544 1439.69
39.03 0.474356 1381.97
39.031 0.456741 1322.82
39.032 0.438701 1262.24
39.033 0.420234 1200.22
39.034 0.40134 1136.77
39.035 0.382018 1071.88
39.036 0.362268 1005.56
39.037 0.342089 937.788
39.038 0.321482 868.581
39.039 0.300447 797.935
39.04 0.278984 725.851
39.041 0.257096 652.339
39.042 0.234789 577.422
39.043 0.212074 501.134
39.044 0.188961 423.508
39.045 0.165458 344.576
39.046 0.141576 264.372
39.047 0.117326 182.932
39.048 0.0927171 100.289
39.049 0.0677605 16.4789
39.05 0.0424667 -68.4622
39.051 0.0168444 -154.506
39.052 -0.00910199 -241.637
39.053 -0.0353702 -329.847
39.054 -0.0619578 -419.129
39.055 -0.0888621 -509.472
39.056 -0.11608 -600.869
39.057 -0.14361 -693.308
39.058 -0.171447 -786.781
39.059 -0.199589 -881.276
39.06 -0.228033 -976.782
39.061 -0.256775 -1073.29
39.062 -0.285811 -1170.78
39.063 -0.315138 -1269.25
39.064 -0.344752 -1368.69
39.065 -0.374649 -1469.07
39.066 -0.404824 -1570.4
39.067 -0.435275 -1672.64
39.068 -0.465995 -1775.8
39.069 -0.496981 -1879.85
39.07 -0.528229 -1984.77
39.071 -0.559736 -2090.57
39.072 -0.591503 -2197.25
39.073 -0.623534 -2304.82
39.074 -0.655833 -2413.29
39.075 -0.688403 -2522.68
39.076 -0.721248 -2633
39.077 -0.754371 -2744.26
39.078 -0.787774 -2856.47
39.079 -0.821462 -2969.65
39.08 -0.855437 -3083.79
39.081 -0.889697 -3198.91
39.082 -0.924232 -3314.95
39.083 -0.959026 -3431.89
39.084 -0.994066 -3549.66
39.085 -1.02933 -3668.21
39.086 -1.06482 -3787.5
39.087 -1.1005 -3907.47
39.088 -1.13636 -4028.08
39.089 -1.1724 -4149.28
39.09 -1.20858 -4271
39.091 -1.2449 -4393.22
39.092 -1.28135 -4515.89
39.093 -1.31793 -4639
39.094 -1.35462 -4762.53
39.095 -1.39141 -4886.45
39.096 -1.42831 -5010.73
39.097 -1.4653 -5135.36
39.098 -1.50238 -5260.32
39.099 -1.53953 -5385.57
39.1 -1.57675 -5511.1
39.101 -1.61403 -5636.87
39.102 -1.65135 -5762.81
39.103 -1.68869 -5888.84
39.104 -1.72601 -6014.88
39.105 -1.76329 -6140.84
39.106 -1.80051 -6266.65
39.107 -1.83765 -6392.22
39.108 -1.87467 -6517.47
39.109 -1.91156 -6642.33
39.11 -1.94828 -6766.7
39.111 -1.98482 -6890.51
39.112 -2.02116 -7013.72
39.113 -2.05728 -7136.26
39.114 -2.09317 -7258.09
39.115 -2.12881 -7379.15
39.116 -2.16418 -7499.4
39.117 -2.19928 -7618.78
39.118 -2.23408 -7737.26
39.119 -2.26857 -7854.77
39.12 -2.30274 -7971.27
39.121 -2.33657 -8086.72
39.122 -2.37003 -8201.02
39.123 -2.40311 -8314.12
39.124 -2.43578 -8425.94
39.125 -2.46802 -8536.39
39.126 -2.4998 -8645.42
39.127 -2.53112 -8752.94
39.128 -2.56193 -8858.88
39.129 -2.59222 -8963.17
39.13 -2.62198 -9065.74
39.131 -2.65118 -9166.52
39.132 -2.6798 -9265.48
39.133 -2.70784 -9362.56
39.134 -2.73528 -9457.73
39.135 -2.76211 -9550.95
39.136 -2.78833 -9642.19
39.137 -2.81391 -9731.41
39.138 -2.83886 -9818.57
39.139 -2.86315 -9903.65
39.14 -2.88679 -9986.59
39.141 -2.90976 -10067.4
39.142 -2.93204 -10146
39.143 -2.95365 -10222.4
39.144 -2.97455 -10296.5
39.145 -2.99476 -10368.4
39.146 -3.01425 -10437.9
39.147 -3.03302 -10505.1
39.148 -3.05107 -10570
39.149 -3.06838 -10632.5
39.15 -3.08496 -10692.6
39.151 -3.10079 -10750.2
39.152 -3.11587 -10805.4
39.153 -3.13019 -10858.1
39.154 -3.14376 -10908.4
39.155 -3.15655 -10956.1
39.156 -3.16858 -11001.3
39.157 -3.17983 -11044
39.158 -3.19031 -11084.1
39.159 -3.2 -11121.6
39.16 -3.20891 -11156.5
39.161 -3.21703 -11188.9
39.162 -3.22434 -11218.5
39.163 -3.23083 -11245.5
39.164 -3.23647 -11269.6
39.165 -3.24125 -11290.9
39.166 -3.24514 -11309.2
39.167 -3.24814 -11324.5
39.168 -3.25022 -11336.8
39.169 -3.25139 -11346
39.17 -3.25158 -11352
39.171 -3.25082 -11354.7
39.172 -3.24908 -11354.2
39.173 -3.24636 -11350.4
39.174 -3.24265 -11343.3
39.175 -3.23798 -11332.9
39.176 -3.23229 -11319
39.177 -3.22561 -11301.8
39.178 -3.21792 -11281.1
39.179 -3.20923 -11257.1
39.18 -3.19952 -11229.6
39.181 -3.1888 -11198.6
39.182 -3.17706 -11164.1
39.183 -3.1643 -11126.2
39.184 -3.15052 -11084.8
39.185 -3.13572 -11039.9
39.186 -3.11989 -10991.4
39.187 -3.10304 -10939.5
39.188 -3.08516 -10884
39.189 -3.06626 -10825
39.19 -3.04633 -10762.5
39.191 -3.02538 -10696.5
39.192 -3.0034 -10626.9
39.193 -2.98038 -10553.7
39.194 -2.95631 -10476.9
39.195 -2.9312 -10396.5
39.196 -2.90503 -10312.4
39.197 -2.87779 -10224.7
39.198 -2.84949 -10133.3
39.199 -2.82012 -10038.2
39.2 -2.78968 -9939.34
39.201 -2.75816 -9836.77
39.202 -2.72556 -9730.48
39.203 -2.6919 -9620.49
39.204 -2.65717 -9506.82
39.205 -2.62139 -9389.49
39.206 -2.58456 -9268.53
39.207 -2.54669 -9143.95
39.208 -2.50779 -9015.79
39.209 -2.46786 -8884.07
39.21 -2.42692 -8748.82
39.211 -2.38496 -8610.07
39.212 -2.34201 -8467.86
39.213 -2.29807 -8322.2
39.214 -2.25315 -8173.15
39.215 -2.20725 -8020.73
39.216 -2.1604 -7864.99
39.217 -2.1126 -7705.96
39.218 -2.06386 -7543.68
39.219 -2.0142 -7378.19
39.22 -1.96362 -7209.53
39.221 -1.91214 -7037.77
39.222 -1.85978 -6862.95
39.223 -1.80656 -6685.17
39.224 -1.7525 -6504.49
39.225 -1.69763 -6321
39.226 -1.64196 -6134.77
39.227 -1.58552 -5945.88
39.228 -1.52834 -5754.42
39.229 -1.47043 -5560.47
39.23 -1.41182 -5364.1
39.231 -1.35253 -5165.41
39.232 -1.29259 -4964.48
39.233 -1.23202 -4761.4
39.234 -1.17085 -4556.24
39.235 -1.1091 -4349.11
39.236 -1.04679 -4140.09
39.237 -0.983958 -3929.27
39.238 -0.92062 -3716.73
39.239 -0.856803 -3502.57
39.24 -0.792536 -3286.88
39.241 -0.727842 -3069.75
39.242 -0.66275 -2851.27
39.243 -0.597285 -2631.54
39.244 -0.531474 -2410.64
39.245 -0.465345 -2188.68
39.246 -0.398923 -1965.75
39.247 -0.332238 -1741.93
39.248 -0.265316 -1517.33
39.249 -0.198185 -1292.04
39.25 -0.130872 -1066.15
39.251 -0.063406 -839.765
39.252 0.00418528 -612.972
39.253 0.0718736 -385.869
39.254 0.139631 -158.552
39.255 0.207428 68.8847
39.256 0.275236 296.345
39.257 0.343028 523.734
39.258 0.410774 750.956
39.259 0.478444 977.916
39.26 0.546012 1204.52
39.261 0.613449 1430.68
39.262 0.680734 1656.32
39.263 0.747845 1881.38
39.264 0.814764 2105.8
39.265 0.88147 2329.51
39.266 0.947943 2552.44
39.267 1.01416 2774.54
39.268 1.08011 2995.73
39.269 1.14576 3215.97
39.27 1.2111 3435.17
39.271 1.27611 3653.3
39.272 1.34077 3870.27
39.273 1.40505 4086.04
39.274 1.46894 4300.53
39.275 1.53243 4513.7
39.276 1.59548 4725.49
39.277 1.65808 4935.82
39.278 1.72022 5144.66
39.279 1.78187 5351.94
39.28 1.84302 5557.6
39.281 1.90365 5761.59
39.282 1.96372 5963.82
39.283 2.02323 6164.22
39.284 2.08213 6362.7
39.285 2.1404 6559.18
39.286 2.19802 6753.57
39.287 2.25497 6945.81
39.288 2.31121 7135.82
39.289 2.36672 7323.5
39.29 2.42149 7508.8
39.291 2.47548 7691.64
39.292 2.52869 7871.97
39.293 2.58108 8049.75
39.294 2.63267 8224.93
39.295 2.68342 8397.47
39.296 2.73333 8567.33
39.297 2.78238 8734.48
39.298 2.83056 8898.87
39.299 2.87786 9060.47
39.3 2.92427 9219.25
39.301 2.96977 9375.16
39.302 3.01436 9528.18
39.303 3.05803 9678.27
39.304 3.10077 9825.41
39.305 3.14256 9969.56
39.306 3.1834 10110.7
39.307 3.22329 10248.8
39.308 3.2622 10383.8
39.309 3.30015 10515.8
39.31 3.33711 10644.6
39.311 3.37308 10770.3
39.312 3.40807 10892.9
39.313 3.44205 11012.2
39.314 3.47504 11128.4
39.315 3.50701 11241.4
39.316 3.53798 11351.2
39.317 3.56793 11457.7
39.318 3.59686 11561
39.319 3.62478 11661.1
39.32 3.65168 11757.9
39.321 3.67755 11851.4
39.322 3.7024 11941.6
39.323 3.72623 12028.5
39.324 3.74903 12112.2
39.325 3.77082 12192.6
39.326 3.79158 12269.7
39.327 3.81132 12343.5
39.328 3.83004 12414
39.329 3.84775 12481.3
39.33 3.86444 12545.2
39.331 3.88013 12605.9
39.332 3.89481 12663.4
39.333 3.90849 12717.6
39.334 3.92118 12768.5
39.335 3.93287 12816.2
39.336 3.94358 12860.7
39.337 3.9533 12902
39.338 3.96206 12940.1
39.339 3.96985 12975
39.34 3.97667 13006.8
39.341 3.98255 13035.4
39.342 3.98747 13060.9
39.343 3.99144 13083.3
39.344 3.99446 13102.4
39.345 3.99653 13118.5
39.346 3.99765 13131.3
39.347 3.99783 13141
39.348 3.99704 13147.6
39.349 3.99531 13151
39.35 3.99264 13151.2
39.351 3.98902 13148.2
39.352 3.98446 13142
39.353 3.97894 13132.6
39.354 3.9725 13120
39.355 3.96507 13104
39.356 3.95669 13084.8
39.357 3.94734 13062.3
39.358 3.93701 13036.4
39.359 3.92572 13007.2
39.36 3.91345 12974.7
39.361 3.90021 12938.8
39.362 3.88599 12899.5
39.363 3.87082 12857
39.364 3.85469 12811.1
39.365 3.83762 12761.9
39.366 3.81961 12709.5
39.367 3.80067 12653.9
39.368 3.78081 12595
39.369 3.76005 12533
39.37 3.73838 12467.8
39.371 3.71583 12399.5
39.372 3.6924 12328.1
39.373 3.6681 12253.7
39.374 3.64295 12176.2
39.375 3.61695 12095.8
39.376 3.59012 12012.4
39.377 3.56246 11926.1
39.378 3.534 11837
39.379 3.50474 11745
39.38 3.4747 11650.2
39.381 3.4439 11552.7
39.382 3.41234 11452.6
39.383 3.38006 11349.8
39.384 3.34707 11244.5
39.385 3.31341 11136.7
39.386 3.27908 11026.6
39.387 3.24412 10914.2
39.388 3.20855 10799.6
39.389 3.1724 10682.9
39.39 3.13567 10564.1
39.391 3.09841 10443.3
39.392 3.06063 10320.6
39.393 3.02236 10196.2
39.394 2.98363 10070
39.395 2.94444 9942.13
39.396 2.90484 9812.74
39.397 2.86485 9681.88
39.398 2.82448 9549.63
39.399 2.78377 9416.09
39.4 2.74274 9281.34
39.401 2.70141 9145.45
39.402 2.65981 9008.5
39.403 2.61794 8870.54
39.404 2.57583 8731.64
39.405 2.53349 8591.84
39.406 2.49093 8451.21
39.407 2.44818 8309.81
39.408 2.40526 8167.71
39.409 2.36217 8024.95
39.41 2.31894 7881.6
39.411 2.27558 7737.73
39.412 2.23211 7593.39
39.413 2.18855 7448.64
39.414 2.14492 7303.55
39.415 2.10122 7158.17
39.416 2.05749 7012.57
39.417 2.01373 6866.82
39.418 1.96996 6720.96
39.419 1.92621 6575.06
39.42 1.88248 6429.19
39.421 1.8388 6283.39
39.422 1.79517 6137.71
39.423 1.7516 5992.17
39.424 1.7081 5846.82
39.425 1.66468 5701.68
39.426 1.62136 5556.78
39.427 1.57812 5412.15
39.428 1.53499 5267.83
39.429 1.49198 5123.85
39.43 1.44909 4980.24
39.431 1.40632 4837.02
39.432 1.3637 4694.23
39.433 1.32122 4551.9
39.434 1.2789 4410.06
39.435 1.23674 4268.74
39.436 1.19476 4127.97
39.437 1.15295 3987.78
39.438 1.11133 3848.19
39.439 1.06991 3709.24
39.44 1.02869 3570.95
39.441 0.98768 3433.36
39.442 0.946902 3296.52
39.443 0.906368 3160.49
39.444 0.866095 3025.33
39.445 0.8261 2891.08
39.446 0.786397 2757.8
39.447 0.747004 2625.56
39.448 0.707936 2494.4
39.449 0.669209 2364.37
39.45 0.630839 2235.54
39.451 0.592843 2107.97
39.452 0.555243 1981.72
39.453 0.518064 1856.87
39.454 0.481328 1733.52
39.455 0.44506 1611.73
39.456 0.409283 1491.6
39.457 0.37402 1373.19
39.458 0.339295 1256.58
39.459 0.305129 1141.85
39.46 0.271546 1029.08
39.461 0.238567 918.341
39.462 0.206215 809.708
39.463 0.174511 703.253
39.464 0.143478 599.051
39.465 0.113135 497.171
39.466 0.0835047 397.683
39.467 0.0546071 300.658
39.468 0.0264626 206.163
39.469 -0.000908658 114.266
39.47 -0.0274871 25.031
39.471 -0.0532556 -61.483
39.472 -0.0782017 -145.235
39.473 -0.102315 -226.191
39.474 -0.125587 -304.319
39.475 -0.148008 -379.588
39.476 -0.169568 -451.97
39.477 -0.19026 -521.435
39.478 -0.210076 -587.956
39.479 -0.229007 -651.509
39.48 -0.247046 -712.067
39.481 -0.264186 -769.608
39.482 -0.28042 -824.11
39.483 -0.295743 -875.552
39.484 -0.310148 -923.914
39.485 -0.32363 -969.178
39.486 -0.336183 -1011.33
39.487 -0.347805 -1050.35
39.488 -0.358489 -1086.22
39.489 -0.368232 -1118.93
39.49 -0.37703 -1148.48
39.491 -0.384886 -1174.86
39.492 -0.391809 -1198.11
39.493 -0.397814 -1218.28
39.494 -0.402916 -1235.43
39.495 -0.407133 -1249.59
39.496 -0.410479 -1260.84
39.497 -0.412987 -1269.23
39.498 -0.414638 -1274.8
39.499 -0.41547 -1277.63
39.5 -0.4155 -1277.77
39.501 -0.414744 -1275.26
39.502 -0.413215 -1270.15
39.503 -0.410921 -1262.46
39.504 -0.407891 -1252.25
39.505 -0.404103 -1239.53
39.506 -0.399582 -1224.34
39.507 -0.394339 -1206.73
39.508 -0.388386 -1186.73
39.509 -0.381734 -1164.38
39.51 -0.374394 -1139.71
39.511 -0.36638 -1112.78
39.512 -0.357704 -1083.62
39.513 -0.348378 -1052.27
39.514 -0.338416 -1018.79
39.515 -0.32783 -983.205
39.516 -0.316635 -945.572
39.517 -0.304843 -905.933
39.518 -0.29247 -864.338
39.519 -0.279529 -820.833
39.52 -0.266034 -775.468
39.521 -0.251999 -728.283
39.522 -0.237432 -679.308
39.523 -0.222338 -628.565
39.524 -0.206725 -576.074
39.525 -0.1906 -521.86
39.526 -0.17397 -465.946
39.527 -0.156841 -408.358
39.528 -0.139221 -349.119
39.529 -0.121119 -288.256
39.53 -0.102541 -225.796
39.531 -0.0834962 -161.766
39.532 -0.0639923 -96.1925
39.533 -0.044038 -29.1052
39.534 -0.0236419 39.4673
39.535 -0.00281276 109.495
39.536 0.0184404 180.949
39.537 0.0401084 253.796
39.538 0.062182 328.007
39.539 0.0846517 403.549
39.54 0.107508 480.389
39.541 0.130743 558.502
39.542 0.154353 637.876
39.543 0.178337 718.507
39.544 0.202694 800.388
39.545 0.227421 883.515
39.546 0.252516 967.88
39.547 0.277979 1053.48
39.548 0.303805 1140.3
39.549 0.329994 1228.34
39.55 0.356541 1317.59
39.551 0.383444 1408.03
39.552 0.410691 1499.63
39.553 0.438271 1592.35
39.554 0.466174 1686.16
39.555 0.494386 1781
39.556 0.522895 1876.85
39.557 0.551689 1973.66
39.558 0.580756 2071.39
39.559 0.610084 2170
39.56 0.639659 2269.44
39.561 0.669467 2369.67
39.562 0.699488 2470.63
39.563 0.729701 2572.23
39.564 0.760085 2674.41
39.565 0.790616 2777.1
39.566 0.821275 2880.22
39.567 0.852038 2983.7
39.568 0.882884 3087.47
39.569 0.913792 3191.46
39.57 0.944738 3295.58
39.571 0.975701 3399.77
39.572 1.00666 3503.96
39.573 1.03759 3608.08
39.574 1.06847 3712.04
39.575 1.09929 3815.78
39.576 1.13001 3919.23
39.577 1.16061 4022.31
39.578 1.19108 4124.95
39.579 1.2214 4227.08
39.58 1.25153 4328.62
39.581 1.28146 4429.52
39.582 1.31119 4529.73
39.583 1.34068 4629.19
39.584 1.36994 4727.88
39.585 1.39894 4825.75
39.586 1.42769 4922.76
39.587 1.45616 5018.87
39.588 1.48434 5114.04
39.589 1.51222 5208.24
39.59 1.53979 5301.42
39.591 1.56704 5393.54
39.592 1.59395 5484.57
39.593 1.62052 5574.47
39.594 1.64674 5663.21
39.595 1.67258 5750.74
39.596 1.69805 5837.03
39.597 1.72313 5922.05
39.598 1.74781 6005.77
39.599 1.77209 6088.14
39.6 1.79594 6169.13
39.601 1.81936 6248.73
39.602 1.84236 6326.91
39.603 1.86492 6403.68
39.604 1.88705 6479.04
39.605 1.90876 6552.98
39.606 1.93002 6625.5
39.607 1.95086 6696.6
39.608 1.97127 6766.29
39.609 1.99124 6834.57
39.61 2.01078 6901.43
39.611 2.02989 6966.87
39.612 2.04856 7030.88
39.613 2.06679 7093.42
39.614 2.08456 7154.48
39.615 2.10187 7214.02
39.616 2.11872 7272.04
39.617 2.13509 7328.49
39.618 2.15098 7383.36
39.619 2.16639 7436.63
39.62 2.1813 7488.27
39.621 2.19571 7538.27
39.622 2.20961 7586.57
39.623 2.22298 7633.14
39.624 2.23581 7677.91
39.625 2.24809 7720.85
39.626 2.2598 7761.92
39.627 2.27092 7801.06
39.628 2.28146 7838.23
39.629 2.29138 7873.39
39.63 2.30069 7906.49
39.631 2.30937 7937.49
39.632 2.31739 7966.33
39.633 2.32475 7992.93
39.634 2.33141 8017.24
39.635 2.33737 8039.17
39.636 2.34259 8058.67
39.637 2.34707 8075.67
39.638 2.35078 8090.11
39.639 2.35371 8101.93
39.64 2.35585 8111.05
39.641 2.35715 8117.44
39.642 2.35762 8121.06
39.643 2.35726 8121.86
39.644 2.35605 8119.83
39.645 2.354 8114.94
39.646 2.35108 8107.16
39.647 2.34732 8096.47
39.648 2.34268 8082.84
39.649 2.33716 8066.25
39.65 2.33077 8046.69
39.651 2.32348 8024.13
39.652 2.3153 7998.56
39.653 2.30623 7969.96
39.654 2.29626 7938.31
39.655 2.28539 7903.6
39.656 2.27361 7865.83
39.657 2.26093 7824.97
39.658 2.24733 7781.02
39.659 2.23282 7733.96
39.66 2.2174 7683.8
39.661 2.20106 7630.53
39.662 2.18381 7574.17
39.663 2.16566 7514.75
39.664 2.14663 7452.29
39.665 2.12671 7386.83
39.666 2.10591 7318.38
39.667 2.08425 7246.98
39.668 2.06174 7172.67
39.669 2.03838 7095.48
39.67 2.01419 7015.43
39.671 1.98917 6932.57
39.672 1.96334 6846.94
39.673 1.93672 6758.57
39.674 1.9093 6667.5
39.675 1.8811 6573.77
39.676 1.85214 6477.42
39.677 1.82243 6378.49
39.678 1.79197 6277.03
39.679 1.76079 6173.08
39.68 1.7289 6066.69
39.681 1.6963 5957.89
39.682 1.66302 5846.75
39.683 1.62907 5733.31
39.684 1.59446 5617.61
39.685 1.5592 5499.72
39.686 1.52332 5379.67
39.687 1.48682 5257.52
39.688 1.44973 5133.32
39.689 1.41205 5007.12
39.69 1.37381 4878.99
39.691 1.33501 4748.97
39.692 1.29567 4617.08
39.693 1.2558 4483.37
39.694 1.2154 4347.85
39.695 1.17447 4210.55
39.696 1.13304 4071.52
39.697 1.0911 3930.76
39.698 1.04867 3788.33
39.699 1.00575 3644.24
39.7 0.962356 3498.53
39.701 0.918495 3351.23
39.702 0.874177 3202.38
39.703 0.82941 3052
39.704 0.784206 2900.15
39.705 0.738574 2746.84
39.706 0.692525 2592.12
39.707 0.646068 2436.02
39.708 0.599214 2278.58
39.709 0.551974 2119.84
39.71 0.504359 1959.83
39.711 0.456381 1798.6
39.712 0.40805 1636.18
39.713 0.359377 1472.61
39.714 0.310376 1307.94
39.715 0.261056 1142.2
39.716 0.211431 975.43
39.717 0.161512 807.677
39.718 0.111311 638.981
39.719 0.0608416 469.384
39.72 0.0101151 298.929
39.721 -0.0408554 127.658
39.722 -0.0920572 -44.3856
39.723 -0.143477 -217.159
39.724 -0.195102 -390.618
39.725 -0.24692 -564.719
39.726 -0.298915 -739.418
39.727 -0.351076 -914.672
39.728 -0.403388 -1090.43
39.729 -0.455838 -1266.66
39.73 -0.508413 -1443.31
39.731 -0.561094 -1620.32
39.732 -0.613853 -1797.59
39.733 -0.666661 -1975.04
39.734 -0.719485 -2152.55
39.735 -0.772294 -2330.01
39.736 -0.825056 -2507.34
39.737 -0.877741 -2684.42
39.738 -0.930316 -2861.14
39.739 -0.982751 -3037.42
39.74 -1.03501 -3213.14
39.741 -1.08707 -3388.21
39.742 -1.13891 -3562.54
39.743 -1.1905 -3736.08
39.744 -1.24182 -3908.74
39.745 -1.29284 -4080.45
39.746 -1.34355 -4251.14
39.747 -1.39393 -4420.75
39.748 -1.44394 -4589.19
39.749 -1.49358 -4756.41
39.75 -1.54281 -4922.33
39.751 -1.59162 -5086.89
39.752 -1.63999 -5250.01
39.753 -1.6879 -5411.63
39.754 -1.73532 -5571.68
39.755 -1.78223 -5730.1
39.756 -1.82862 -5886.82
39.757 -1.87446 -6041.78
39.758 -1.91974 -6194.92
39.759 -1.96443 -6346.17
39.76 -2.00852 -6495.46
39.761 -2.05198 -6642.75
39.762 -2.09481 -6787.97
39.763 -2.13698 -6931.06
39.764 -2.17846 -7071.96
39.765 -2.21926 -7210.61
39.766 -2.25934 -7346.97
39.767 -2.29869 -7480.97
39.768 -2.3373 -7612.56
39.769 -2.37514 -7741.68
39.77 -2.41221 -7868.29
39.771 -2.44849 -7992.35
39.772 -2.48397 -8113.82
39.773 -2.51864 -8232.68
39.774 -2.5525 -8348.92
39.775 -2.58555 -8462.52
39.776 -2.61777 -8573.46
39.777 -2.64918 -8681.73
39.778 -2.67975 -8787.32
39.779 -2.70949 -8890.21
39.78 -2.73839 -8990.39
39.781 -2.76646 -9087.85
39.782 -2.79368 -9182.59
39.783 -2.82006 -9274.58
39.784 -2.8456 -9363.84
39.785 -2.87029 -9450.34
39.786 -2.89413 -9534.1
39.787 -2.91712 -9615.09
39.788 -2.93927 -9693.33
39.789 -2.96057 -9768.81
39.79 -2.98103 -9841.53
39.791 -3.00063 -9911.49
39.792 -3.01939 -9978.66
39.793 -3.03728 -10043
39.794 -3.05431 -10104.6
39.795 -3.07047 -10163.2
39.796 -3.08575 -10219
39.797 -3.10014 -10271.9
39.798 -3.11365 -10321.9
39.799 -3.12626 -10368.9
39.8 -3.13798 -10413
39.801 -3.1488 -10454.1
39.802 -3.15872 -10492.3
39.803 -3.16773 -10527.4
39.804 -3.17583 -10559.5
39.805 -3.18302 -10588.6
39.806 -3.1893 -10614.7
39.807 -3.19466 -10637.8
39.808 -3.19911 -10657.8
39.809 -3.20265 -10674.7
39.81 -3.20527 -10688.6
39.811 -3.20697 -10699.4
39.812 -3.20777 -10707.2
39.813 -3.20762 -10711.8
39.814 -3.20653 -10713.3
39.815 -3.20449 -10711.6
39.816 -3.20151 -10706.7
39.817 -3.19757 -10698.6
39.818 -3.19268 -10687.2
39.819 -3.18682 -10672.5
39.82 -3.17998 -10654.6
39.821 -3.17217 -10633.3
39.822 -3.16339 -10608.8
39.823 -3.15365 -10580.9
39.824 -3.14294 -10549.8
39.825 -3.13128 -10515.4
39.826 -3.11867 -10477.8
39.827 -3.10511 -10436.9
39.828 -3.09063 -10392.9
39.829 -3.07521 -10345.6
39.83 -3.05888 -10295.2
39.831 -3.04163 -10241.7
39.832 -3.02349 -10185.1
39.833 -3.00448 -10125.5
39.834 -2.9846 -10062.9
39.835 -2.96389 -9997.4
39.836 -2.94235 -9929.04
39.837 -2.92 -9857.9
39.838 -2.89687 -9784.02
39.839 -2.87297 -9707.48
39.84 -2.84833 -9628.34
39.841 -2.82295 -9546.65
39.842 -2.79686 -9462.46
39.843 -2.77006 -9375.81
39.844 -2.74257 -9286.73
39.845 -2.7144 -9195.27
39.846 -2.68556 -9101.46
39.847 -2.65606 -9005.35
39.848 -2.62592 -8906.97
39.849 -2.59514 -8806.38
39.85 -2.56375 -8703.61
39.851 -2.53175 -8598.72
39.852 -2.49916 -8491.74
39.853 -2.46599 -8382.72
39.854 -2.43226 -8271.72
39.855 -2.39797 -8158.77
39.856 -2.36315 -8043.94
39.857 -2.32781 -7927.26
39.858 -2.29196 -7808.79
39.859 -2.25562 -7688.57
39.86 -2.2188 -7566.67
39.861 -2.18152 -7443.13
39.862 -2.14378 -7317.97
39.863 -2.1056 -7191.23
39.864 -2.06697 -7062.92
39.865 -2.02791 -6933.08
39.866 -1.98842 -6801.72
39.867 -1.94851 -6668.89
39.868 -1.90819 -6534.6
39.869 -1.86746 -6398.88
39.87 -1.82634 -6261.76
39.871 -1.78482 -6123.27
39.872 -1.74292 -5983.4
39.873 -1.70062 -5842.17
39.874 -1.65794 -5699.58
39.875 -1.61487 -5555.62
39.876 -1.57141 -5410.3
39.877 -1.52756 -5263.62
39.878 -1.48332 -5115.6
39.879 -1.43869 -4966.22
39.88 -1.39367 -4815.5
39.881 -1.34827 -4663.45
39.882 -1.3025 -4510.1
39.883 -1.25636 -4355.48
39.884 -1.20986 -4199.63
39.885 -1.16301 -4042.59
39.886 -1.11583 -3884.4
39.887 -1.06833 -3725.08
39.888 -1.02051 -3564.69
39.889 -0.972383 -3403.26
39.89 -0.923966 -3240.83
39.891 -0.875269 -3077.44
39.892 -0.826301 -2913.12
39.893 -0.777074 -2747.93
39.894 -0.7276 -2581.89
39.895 -0.67789 -2415.06
39.896 -0.627956 -2247.46
39.897 -0.57781 -2079.15
39.898 -0.527463 -1910.17
39.899 -0.476929 -1740.55
39.9 -0.426218 -1570.34
39.901 -0.375345 -1399.59
39.902 -0.324329 -1228.36
39.903 -0.273192 -1056.74
39.904 -0.221954 -884.774
39.905 -0.170636 -712.552
39.906 -0.119261 -540.143
39.907 -0.0678488 -367.619
39.908 -0.0164214 -195.052
39.909 0.0349998 -22.5138
39.91 0.0863935 149.922
39.911 0.13774 322.191
39.912 0.189025 494.244
39.913 0.240236 666.037
39.914 0.291358 837.528
39.915 0.342381 1008.68
39.916 0.39329 1179.44
39.917 0.444073 1349.77
39.918 0.494717 1519.63
39.919 0.54521 1688.99
39.92 0.595538 1857.79
39.921 0.645688 2025.99
39.922 0.695639 2193.52
39.923 0.745371 2360.32
39.924 0.794863 2526.32
39.925 0.844093 2691.45
39.926 0.89304 2855.64
39.927 0.941684 3018.82
39.928 0.990005 3180.93
39.929 1.03798 3341.9
39.93 1.08559 3501.66
39.931 1.13282 3660.15
39.932 1.17965 3817.33
39.933 1.22607 3973.17
39.934 1.27207 4127.62
39.935 1.31765 4280.66
39.936 1.36278 4432.26
39.937 1.40746 4582.37
39.938 1.45168 4730.97
39.939 1.49543 4878.02
39.94 1.53869 5023.5
39.941 1.58147 5167.37
39.942 1.62374 5309.61
39.943 1.66551 5450.18
39.944 1.70675 5589.05
39.945 1.74747 5726.21
39.946 1.78765 5861.62
39.947 1.82728 5995.26
39.948 1.86637 6127.09
39.949 1.90489 6257.11
39.95 1.94284 6385.28
39.951 1.98022 6511.57
39.952 2.017 6635.94
39.953 2.05318 6758.35
39.954 2.08874 6878.73
39.955 2.12366 6997.04
39.956 2.15793 7113.24
39.957 2.19153 7227.28
39.958 2.22445 7339.11
39.959 2.25668 7448.68
39.96 2.2882 7555.96
39.961 2.31901 7660.91
39.962 2.34909 7763.51
39.963 2.37845 7863.74
39.964 2.40708 7961.59
39.965 2.43497 8057.07
39.966 2.46213 8150.15
39.967 2.48855 8240.83
39.968 2.51423 8329.11
39.969 2.53917 8414.97
39.97 2.56337 8498.42
39.971 2.58682 8579.45
39.972 2.60954 8658.05
39.973 2.6315 8734.23
39.974 2.65273 8807.99
39.975 2.67321 8879.32
39.976 2.69295 8948.23
39.977 2.71194 9014.72
39.978 2.7302 9078.8
39.979 2.74772 9140.46
39.98 2.7645 9199.72
39.981 2.78055 9256.58
39.982 2.79587 9311.04
39.983 2.81046 9363.13
39.984 2.82433 9412.84
39.985 2.83748 9460.19
39.986 2.84991 9505.18
39.987 2.86163 9547.84
39.988 2.87265 9588.17
39.989 2.88296 9626.2
39.99 2.89257 9661.92
39.991 2.90149 9695.36
39.992 2.90971 9726.51
39.993 2.91724 9755.36
39.994 2.92407 9781.9
39.995 2.9302 9806.12
39.996 2.93562 9828.01
39.997 2.94035 9847.57
39.998 2.94436 9864.78
39.999 2.94767 9879.65
40 2.95028 9892.16
40.001 2.95218 9902.34
40.002 2.95339 9910.18
40.003 2.9539 9915.73
40.004 2.95373 9919.01
40.005 2.95289 9920.05
40.006 2.95139 9918.87
40.007 2.94925 9915.5
40.008 2.94646 9909.98
40.009 2.94305 9902.33
40.01 2.93901 9892.6
40.011 2.9344 9880.81
40.012 2.92917 9867
40.013 2.92336 9851.21
40.014 2.91698 9833.48
40.015 2.91003 9813.85
40.016 2.90255 9792.35
40.017 2.89452 9769.02
40.018 2.88598 9743.91
40.019 2.87692 9717.06
40.02 2.86738 9688.51
40.021 2.85735 9658.31
40.022 2.84686 9626.52
40.023 2.83593 9593.23
40.024 2.82458 9558.49
40.025 2.81285 9522.4
40.026 2.80074 9485.01
40.027 2.78828 9446.42
40.028 2.7755 9406.69
40.029 2.76242 9365.9
40.03 2.74906 9324.12
40.031 2.73544 9281.44
40.032 2.72158 9237.9
40.033 2.70749 9193.55
40.034 2.69319 9148.44
40.035 2.67869 9102.62
40.036 2.66401 9056.14
40.037 2.64916 9009.05
40.038 2.63415 8961.4
40.039 2.61901 8913.24
40.04 2.60375 8864.61
40.041 2.58837 8815.57
40.042 2.57289 8766.14
40.043 2.55732 8716.34
40.044 2.54166 8666.2
40.045 2.52591 8615.73
40.046 2.51009 8564.96
40.047 2.49419 8513.9
40.048 2.47823 8462.59
40.049 2.46222 8411.04
40.05 2.44615 8359.28
40.051 2.43004 8307.32
40.052 2.41389 8255.19
40.053 2.39771 8202.92
40.054 2.3815 8150.52
40.055 2.36527 8098.01
40.056 2.34903 8045.43
40.057 2.33279 7992.79
40.058 2.31655 7940.11
40.059 2.30031 7887.41
40.06 2.28409 7834.73
40.061 2.26789 7782.07
40.062 2.25171 7729.43
40.063 2.23554 7676.82
40.064 2.21938 7624.21
40.065 2.20324 7571.6
40.066 2.18711 7519
40.067 2.17098 7466.38
40.068 2.15486 7413.74
40.069 2.13874 7361.08
40.07 2.12262 7308.39
40.071 2.1065 7255.67
40.072 2.09039 7202.93
40.073 2.07429 7150.2
40.074 2.0582 7097.5
40.075 2.04214 7044.84
40.076 2.02611 6992.27
40.077 2.01012 6939.78
40.078 1.99417 6887.42
40.079 1.97827 6835.19
40.08 1.96243 6783.13
40.081 1.94665 6731.25
40.082 1.93094 6679.57
40.083 1.91531 6628.13
40.084 1.89975 6576.93
40.085 1.88429 6526
40.086 1.86892 6475.36
40.087 1.85365 6425.04
40.088 1.83848 6375.05
40.089 1.82343 6325.41
40.09 1.8085 6276.15
40.091 1.79369 6227.29
40.092 1.77901 6178.84
40.093 1.76446 6130.83
40.094 1.75006 6083.27
40.095 1.73581 6036.19
40.096 1.72171 5989.61
40.097 1.70777 5943.54
40.098 1.69399 5898.01
40.099 1.68038 5853.03
40.1 1.66695 5808.62
40.101 1.6537 5764.81
40.102 1.64065 5721.63
40.103 1.6278 5679.14
40.104 1.61518 5637.39
40.105 1.60279 5596.41
40.106 1.59065 5556.25
40.107 1.57877 5516.96
40.108 1.56717 5478.59
40.109 1.55586 5441.18
40.11 1.54485 5404.77
40.111 1.53416 5369.4
40.112 1.52378 5335.09
40.113 1.51373 5301.86
40.114 1.50401 5269.72
40.115 1.49461 5238.68
40.116 1.48555 5208.76
40.117 1.47683 5179.96
40.118 1.46845 5152.3
40.119 1.46041 5125.79
40.12 1.45272 5100.44
40.121 1.44538 5076.25
40.122 1.43838 5053.21
40.123 1.43172 5031.29
40.124 1.42539 5010.49
40.125 1.41939 4990.78
40.126 1.41371 4972.13
40.127 1.40833 4954.52
40.128 1.40327 4937.94
40.129 1.3985 4922.36
40.13 1.39402 4907.75
40.131 1.38983 4894.09
40.132 1.38591 4881.36
40.133 1.38226 4869.53
40.134 1.37888 4858.58
40.135 1.37573 4848.48
40.136 1.37285 4839.21
40.137 1.37021 4830.74
40.138 1.3678 4823.05
40.139 1.36561 4816.1
40.14 1.36364 4809.88
40.141 1.36187 4804.35
40.142 1.3603 4799.45
40.143 1.35889 4795.14
40.144 1.35765 4791.35
40.145 1.35654 4788.03
40.146 1.35555 4785.12
40.147 1.35467 4782.56
40.148 1.35388 4780.3
40.149 1.35316 4778.28
40.15 1.35249 4776.43
40.151 1.35186 4774.72
40.152 1.35126 4773.09
40.153 1.35068 4771.54
40.154 1.35011 4770.02
40.155 1.34954 4768.5
40.156 1.34897 4766.97
40.157 1.34838 4765.38
40.158 1.34776 4763.72
40.159 1.34712 4761.95
40.16 1.34644 4760.05
40.161 1.34571 4757.99
40.162 1.34493 4755.77
40.163 1.3441 4753.39
40.164 1.34323 4750.84
40.165 1.34231 4748.14
40.166 1.34134 4745.29
40.167 1.34033 4742.27
40.168 1.33927 4739.1
40.169 1.33816 4735.78
40.17 1.33702 4732.31
40.171 1.33582 4728.69
40.172 1.33459 4724.92
40.173 1.33331 4721
40.174 1.33198 4716.94
40.175 1.33062 4712.73
40.176 1.32921 4708.39
40.177 1.32776 4703.9
40.178 1.32628 4699.28
40.179 1.32475 4694.52
40.18 1.32318 4689.64
40.181 1.32158 4684.62
40.182 1.31993 4679.47
40.183 1.31825 4674.2
40.184 1.31654 4668.8
40.185 1.31479 4663.28
40.186 1.313 4657.64
40.187 1.31118 4651.89
40.188 1.30933 4646.02
40.189 1.30744 4640.05
40.19 1.30552 4633.96
40.191 1.30357 4627.76
40.192 1.30158 4621.43
40.193 1.29954 4614.94
40.194 1.29745 4608.27
40.195 1.29529 4601.38
40.196 1.29307 4594.26
40.197 1.29077 4586.87
40.198 1.28838 4579.19
40.199 1.2859 4571.2
40.2 1.28332 4562.87
40.201 1.28062 4554.17
40.202 1.27782 4545.07
40.203 1.27489 4535.57
40.204 1.27183 4525.61
40.205 1.26864 4515.2
40.206 1.2653 4504.29
40.207 1.2618 4492.86
40.208 1.25815 4480.9
40.209 1.25432 4468.37
40.21 1.25033 4455.25
40.211 1.24615 4441.52
40.212 1.24178 4427.16
40.213 1.23722 4412.15
40.214 1.23246 4396.45
40.215 1.22749 4380.05
40.216 1.22231 4362.93
40.217 1.21691 4345.07
40.218 1.21128 4326.44
40.219 1.20541 4307.02
40.22 1.19931 4286.79
40.221 1.19297 4265.75
40.222 1.18638 4243.88
40.223 1.17955 4221.21
40.224 1.17249 4197.73
40.225 1.16519 4173.47
40.226 1.15767 4148.43
40.227 1.14992 4122.63
40.228 1.14194 4096.07
40.229 1.13374 4068.77
40.23 1.12533 4040.73
40.231 1.11671 4011.97
40.232 1.10786 3982.47
40.233 1.0988 3952.22
40.234 1.0895 3921.2
40.235 1.07998 3889.39
40.236 1.07022 3856.79
40.237 1.06021 3823.37
40.238 1.04997 3789.12
40.239 1.03947 3754.03
40.24 1.02872 3718.08
40.241 1.01771 3681.26
40.242 1.00645 3643.59
40.243 0.994943 3605.08
40.244 0.983192 3565.74
40.245 0.971203 3525.6
40.246 0.958981 3484.68
40.247 0.946531 3442.98
40.248 0.933859 3400.53
40.249 0.920969 3357.34
40.25 0.907869 3313.44
40.251 0.894562 3268.84
40.252 0.881055 3223.56
40.253 0.867353 3177.63
40.254 0.853463 3131.05
40.255 0.839391 3083.86
40.256 0.825141 3036.07
40.257 0.810721 2987.7
40.258 0.796136 2938.77
40.259 0.781392 2889.3
40.26 0.766496 2839.32
40.261 0.751452 2788.84
40.262 0.73626 2737.85
40.263 0.720917 2686.36
40.264 0.705421 2634.34
40.265 0.68977 2581.81
40.266 0.673962 2528.74
40.267 0.657995 2475.13
40.268 0.641866 2420.98
40.269 0.625575 2366.28
40.27 0.609119 2311.02
40.271 0.592498 2255.2
40.272 0.575718 2198.85
40.273 0.558785 2141.98
40.274 0.541706 2084.62
40.275 0.52449 2026.79
40.276 0.507142 1968.53
40.277 0.489671 1909.84
40.278 0.472083 1850.76
40.279 0.454387 1791.32
40.28 0.436589 1731.53
40.281 0.418697 1671.42
40.282 0.400718 1611.02
40.283 0.382661 1550.36
40.284 0.364532 1489.46
40.285 0.346339 1428.34
40.286 0.32809 1367.03
40.287 0.309792 1305.55
40.288 0.291454 1243.94
40.289 0.273082 1182.22
40.29 0.254685 1120.41
40.291 0.236272 1058.55
40.292 0.217857 996.685
40.293 0.199457 934.869
40.294 0.181089 873.157
40.295 0.162768 811.606
40.296 0.144512 750.27
40.297 0.126335 689.204
40.298 0.108255 628.463
40.299 0.0902873 568.101
40.3 0.0724486 508.172
40.301 0.0547548 448.73
40.302 0.0372219 389.83
40.303 0.0198659 331.524
40.304 0.00270265 273.867
40.305 -0.0142521 216.91
40.306 -0.0309826 160.706
40.307 -0.0474734 105.308
40.308 -0.063709 50.7678
40.309 -0.079674 -2.86309
40.31 -0.0953533 -55.5336
40.311 -0.110732 -107.193
40.312 -0.125794 -157.791
40.313 -0.140526 -207.278
40.314 -0.154913 -255.605
40.315 -0.16894 -302.723
40.316 -0.182592 -348.584
40.317 -0.195856 -393.141
40.318 -0.208718 -436.346
40.319 -0.221163 -478.152
40.32 -0.233178 -518.515
40.321 -0.244752 -557.396
40.322 -0.255878 -594.772
40.323 -0.266552 -630.628
40.324 -0.276769 -664.952
40.325 -0.286526 -697.728
40.326 -0.295818 -728.945
40.327 -0.304642 -758.591
40.328 -0.312995 -786.654
40.329 -0.320873 -813.123
40.33 -0.328274 -837.989
40.331 -0.335194 -861.242
40.332 -0.341631 -882.873
40.333 -0.347583 -902.875
40.334 -0.353047 -921.239
40.335 -0.358022 -937.959
40.336 -0.362505 -953.029
40.337 -0.366496 -966.445
40.338 -0.369992 -978.2
40.339 -0.373011 -988.293
40.34 -0.375513 -996.718
40.341 -0.377518 -1003.48
40.342 -0.379025 -1008.56
40.343 -0.380034 -1011.98
40.344 -0.380546 -1013.72
40.345 -0.380559 -1013.79
40.346 -0.380075 -1012.18
40.347 -0.379094 -1008.91
40.348 -0.377617 -1003.97
40.349 -0.375644 -997.356
40.35 -0.373178 -989.085
40.351 -0.370216 -979.149
40.352 -0.366775 -967.531
40.353 -0.362809 -954.209
40.354 -0.358329 -939.16
40.355 -0.353329 -922.362
40.356 -0.347803 -903.793
40.357 -0.341744 -883.433
40.358 -0.335147 -861.262
40.359 -0.328006 -837.262
40.36 -0.320316 -811.414
40.361 -0.312072 -783.701
40.362 -0.303268 -754.107
40.363 -0.293899 -722.616
40.364 -0.283963 -689.212
40.365 -0.273454 -653.883
40.366 -0.262368 -616.615
40.367 -0.250701 -577.395
40.368 -0.238451 -536.212
40.369 -0.225614 -493.054
40.37 -0.212186 -447.912
40.371 -0.198169 -400.784
40.372 -0.183564 -351.683
40.373 -0.16838 -300.632
40.374 -0.152623 -247.653
40.375 -0.136299 -192.768
40.376 -0.119415 -136.004
40.377 -0.10198 -77.3844
40.378 -0.0840007 -16.9352
40.379 -0.0654848 45.317
40.38 -0.0464405 109.345
40.381 -0.0268763 175.121
40.382 -0.00680046 242.617
40.383 0.0137781 311.802
40.384 0.0348505 382.648
40.385 0.0564076 455.123
40.386 0.0784401 529.197
40.387 0.100938 604.836
40.388 0.123893 682.008
40.389 0.147294 760.68
40.39 0.171131 840.818
40.391 0.195392 922.38
40.392 0.22006 1005.31
40.393 0.245115 1089.54
40.394 0.270538 1175.01
40.395 0.296309 1261.64
40.396 0.322409 1349.39
40.397 0.348818 1438.17
40.398 0.375515 1527.92
40.399 0.40248 1618.58
40.4 0.429694 1710.07
40.401 0.457135 1802.33
40.402 0.484784 1895.28
40.403 0.51262 1988.87
40.404 0.540623 2083.02
40.405 0.568771 2177.66
40.406 0.597043 2272.72
40.407 0.62542 2368.14
40.408 0.653881 2463.84
40.409 0.682404 2559.75
40.41 0.710968 2655.82
40.411 0.739553 2751.95
40.412 0.768139 2848.1
40.413 0.796703 2944.18
40.414 0.825226 3040.12
40.415 0.853686 3135.87
40.416 0.882063 3231.34
40.417 0.910336 3326.47
40.418 0.938484 3421.19
40.419 0.966487 3515.44
40.42 0.994324 3609.14
40.421 1.02198 3702.23
40.422 1.04943 3794.67
40.423 1.07668 3886.42
40.424 1.1037 3977.44
40.425 1.13049 4067.69
40.426 1.15704 4157.14
40.427 1.18334 4245.74
40.428 1.20937 4333.47
40.429 1.23512 4420.29
40.43 1.26058 4506.16
40.431 1.28574 4591.04
40.432 1.31059 4674.86
40.433 1.3351 4757.58
40.434 1.35925 4839.12
40.435 1.38303 4919.43
40.436 1.40642 4998.43
40.437 1.4294 5076.08
40.438 1.45195 5152.3
40.439 1.47405 5227.04
40.44 1.49568 5300.24
40.441 1.51683 5371.84
40.442 1.53749 5441.79
40.443 1.55762 5510.02
40.444 1.57723 5576.47
40.445 1.59628 5641.1
40.446 1.61476 5703.85
40.447 1.63267 5764.66
40.448 1.64997 5823.48
40.449 1.66666 5880.26
40.45 1.68272 5934.95
40.451 1.69813 5987.48
40.452 1.71288 6037.79
40.453 1.72693 6085.8
40.454 1.74028 6131.43
40.455 1.75288 6174.61
40.456 1.76473 6215.26
40.457 1.7758 6253.31
40.458 1.78607 6288.68
40.459 1.79551 6321.3
40.46 1.80411 6351.11
40.461 1.81185 6378.04
40.462 1.81871 6402.01
40.463 1.82467 6422.96
40.464 1.8297 6440.83
40.465 1.8338 6455.54
40.466 1.83693 6467.05
40.467 1.83911 6475.28
40.468 1.84027 6480.19
40.469 1.84043 6481.7
40.47 1.83955 6479.76
40.471 1.83764 6474.33
40.472 1.83467 6465.36
40.473 1.83068 6452.84
40.474 1.8256 6436.74
40.475 1.81946 6417.04
40.476 1.81225 6393.73
40.477 1.80396 6366.79
40.478 1.79459 6336.2
40.479 1.78413 6301.95
40.48 1.77259 6264.02
40.481 1.75996 6222.42
40.482 1.74624 6177.15
40.483 1.73144 6128.24
40.484 1.71558 6075.71
40.485 1.69865 6019.57
40.486 1.68066 5959.87
40.487 1.66163 5896.63
40.488 1.64157 5829.87
40.489 1.62047 5759.62
40.49 1.59835 5685.93
40.491 1.57523 5608.81
40.492 1.5511 5528.31
40.493 1.52599 5444.46
40.494 1.4999 5357.3
40.495 1.47285 5266.86
40.496 1.44484 5173.19
40.497 1.41589 5076.33
40.498 1.38601 4976.33
40.499 1.35522 4873.21
40.5 1.32353 4767.04
40.501 1.29094 4657.85
40.502 1.25749 4545.7
40.503 1.22317 4430.63
40.504 1.18801 4312.69
40.505 1.15201 4191.94
40.506 1.1152 4068.42
40.507 1.07759 3942.2
40.508 1.0392 3813.32
40.509 1.00004 3681.84
40.51 0.960132 3547.82
40.511 0.919487 3411.32
40.512 0.878126 3272.39
40.513 0.836066 3131.09
40.514 0.793324 2987.49
40.515 0.749918 2841.65
40.516 0.705866 2693.62
40.517 0.661187 2543.48
40.518 0.6159 2391.28
40.519 0.570023 2237.1
40.52 0.523576 2080.99
40.521 0.476576 1923.02
40.522 0.429037 1763.23
40.523 0.380969 1601.67
40.524 0.332384 1438.37
40.525 0.283294 1273.36
40.526 0.23371 1106.7
40.527 0.183646 938.426
40.528 0.133112 768.576
40.529 0.0821225 597.196
40.53 0.0306892 424.329
40.531 -0.0211744 250.019
40.532 -0.0734552 74.311
40.533 -0.126139 -102.75
40.534 -0.179213 -281.118
40.535 -0.232663 -460.746
40.536 -0.286475 -641.589
40.537 -0.340634 -823.598
40.538 -0.395126 -1006.73
40.539 -0.449936 -1190.93
40.54 -0.505049 -1376.15
40.541 -0.560453 -1562.35
40.542 -0.616138 -1749.5
40.543 -0.672099 -1937.59
40.544 -0.728329 -2126.58
40.545 -0.784819 -2316.47
40.546 -0.841564 -2507.22
40.547 -0.898556 -2698.82
40.548 -0.955787 -2891.25
40.549 -1.01325 -3084.47
40.55 -1.07094 -3278.48
40.551 -1.12884 -3473.23
40.552 -1.18694 -3668.68
40.553 -1.24522 -3864.79
40.554 -1.30367 -4061.49
40.555 -1.36226 -4258.73
40.556 -1.42099 -4456.46
40.557 -1.47983 -4654.62
40.558 -1.53877 -4853.17
40.559 -1.59778 -5052.04
40.56 -1.65686 -5251.19
40.561 -1.71598 -5450.55
40.562 -1.77513 -5650.08
40.563 -1.83428 -5849.72
40.564 -1.89342 -6049.41
40.565 -1.95254 -6249.11
40.566 -2.01161 -6448.75
40.567 -2.07062 -6648.29
40.568 -2.12955 -6847.66
40.569 -2.18838 -7046.82
40.57 -2.24709 -7245.72
40.571 -2.30566 -7444.28
40.572 -2.36409 -7642.48
40.573 -2.42234 -7840.25
40.574 -2.48041 -8037.53
40.575 -2.53827 -8234.28
40.576 -2.59591 -8430.45
40.577 -2.6533 -8625.98
40.578 -2.71044 -8820.82
40.579 -2.76731 -9014.91
40.58 -2.82388 -9208.22
40.581 -2.88015 -9400.68
40.582 -2.93609 -9592.25
40.583 -2.99169 -9782.88
40.584 -3.04693 -9972.52
40.585 -3.10179 -10161.1
40.586 -3.15627 -10348.6
40.587 -3.21033 -10535
40.588 -3.26397 -10720.2
40.589 -3.31718 -10904.2
40.59 -3.36993 -11086.9
40.591 -3.42222 -11268.2
40.592 -3.47403 -11448.3
40.593 -3.52536 -11627
40.594 -3.5762 -11804.3
40.595 -3.62655 -11980.2
40.596 -3.6764 -12154.8
40.597 -3.72575 -12328
40.598 -3.7746 -12499.7
40.599 -3.82293 -12670
40.6 -3.87075 -12838.9
40.601 -3.91805 -13006.3
40.602 -3.96481 -13172.3
40.603 -4.01103 -13336.7
40.604 -4.05669 -13499.6
40.605 -4.10179 -13660.8
40.606 -4.14631 -13820.5
40.607 -4.19023 -13978.5
40.608 -4.23356 -14134.7
40.609 -4.27627 -14289.3
40.61 -4.31837 -14442.1
40.611 -4.35983 -14593.1
40.612 -4.40065 -14742.3
40.613 -4.44083 -14889.6
40.614 -4.48034 -15035
40.615 -4.51919 -15178.6
40.616 -4.55737 -15320.1
40.617 -4.59486 -15459.8
40.618 -4.63167 -15597.4
40.619 -4.66778 -15733
40.62 -4.70318 -15866.6
40.621 -4.73788 -15998.2
40.622 -4.77185 -16127.6
40.623 -4.80508 -16254.8
40.624 -4.83757 -16379.9
40.625 -4.86928 -16502.7
40.626 -4.90022 -16623.2
40.627 -4.93038 -16741.3
40.628 -4.95973 -16857.1
40.629 -4.98826 -16970.4
40.63 -5.01597 -17081.2
40.631 -5.04285 -17189.6
40.632 -5.06889 -17295.4
40.633 -5.09409 -17398.6
40.634 -5.11846 -17499.3
40.635 -5.14198 -17597.5
40.636 -5.16467 -17693.1
40.637 -5.18652 -17786.1
40.638 -5.20752 -17876.5
40.639 -5.2277 -17964.4
40.64 -5.24703 -18049.7
40.641 -5.26554 -18132.4
40.642 -5.28321 -18212.5
40.643 -5.30005 -18290.1
40.644 -5.31607 -18365.1
40.645 -5.33127 -18437.5
40.646 -5.34565 -18507.3
40.647 -5.35922 -18574.6
40.648 -5.37198 -18639.3
40.649 -5.38393 -18701.5
40.65 -5.39509 -18761.1
40.651 -5.40545 -18818.2
40.652 -5.41501 -18872.8
40.653 -5.42378 -18924.8
40.654 -5.43174 -18974.2
40.655 -5.4389 -19021
40.656 -5.44526 -19065.2
40.657 -5.45082 -19106.8
40.658 -5.45557 -19145.7
40.659 -5.45951 -19182.1
40.66 -5.46265 -19215.7
40.661 -5.46499 -19246.7
40.662 -5.46652 -19275
40.663 -5.46725 -19300.7
40.664 -5.46717 -19323.7
40.665 -5.4663 -19344
40.666 -5.46463 -19361.6
40.667 -5.46216 -19376.5
40.668 -5.4589 -19388.8
40.669 -5.45487 -19398.3
40.67 -5.45003 -19405.2
40.671 -5.44441 -19409.4
40.672 -5.43801 -19410.9
40.673 -5.43083 -19409.7
40.674 -5.42289 -19405.9
40.675 -5.41418 -19399.4
40.676 -5.40471 -19390.2
40.677 -5.39451 -19378.4
40.678 -5.38354 -19363.9
40.679 -5.37183 -19346.8
40.68 -5.35938 -19327.1
40.681 -5.34621 -19304.8
40.682 -5.33231 -19279.9
40.683 -5.31769 -19252.4
40.684 -5.30237 -19222.3
40.685 -5.28634 -19189.8
40.686 -5.26962 -19154.7
40.687 -5.25221 -19117.1
40.688 -5.23413 -19077
40.689 -5.21538 -19034.4
40.69 -5.19596 -18989.5
40.691 -5.1759 -18942.1
40.692 -5.1552 -18892.4
40.693 -5.13389 -18840.4
40.694 -5.11198 -18786.1
40.695 -5.08949 -18729.6
40.696 -5.06643 -18671
40.697 -5.04284 -18610.4
40.698 -5.01872 -18547.7
40.699 -4.99409 -18483.1
40.7 -4.96898 -18416.6
40.701 -4.9434 -18348.2
40.702 -4.91736 -18278.1
40.703 -4.89088 -18206.2
40.704 -4.86396 -18132.6
40.705 -4.83662 -18057.2
40.706 -4.80886 -17980.3
40.707 -4.7807 -17901.6
40.708 -4.75214 -17821.5
40.709 -4.72321 -17739.7
40.71 -4.69391 -17656.5
40.711 -4.66425 -17571.8
40.712 -4.63424 -17485.6
40.713 -4.6039 -17398.1
40.714 -4.57324 -17309.2
40.715 -4.54227 -17219
40.716 -4.511 -17127.5
40.717 -4.47944 -17034.8
40.718 -4.44761 -16940.9
40.719 -4.41552 -16845.9
40.72 -4.38318 -16749.8
40.721 -4.3506 -16652.6
40.722 -4.3178 -16554.4
40.723 -4.28478 -16455.2
40.724 -4.25157 -16355.1
40.725 -4.21817 -16254.1
40.726 -4.18459 -16152.3
40.727 -4.15085 -16049.7
40.728 -4.11696 -15946.3
40.729 -4.08294 -15842.3
40.73 -4.04879 -15737.6
40.731 -4.01453 -15632.3
40.732 -3.98017 -15526.3
40.733 -3.9457 -15419.9
40.734 -3.91113 -15312.8
40.735 -3.87647 -15205.2
40.736 -3.84172 -15097.1
40.737 -3.80689 -14988.5
40.738 -3.77198 -14879.4
40.739 -3.73699 -14769.9
40.74 -3.70192 -14659.9
40.741 -3.6668 -14549.4
40.742 -3.63162 -14438.6
40.743 -3.5964 -14327.5
40.744 -3.56115 -14216
40.745 -3.52589 -14104.4
40.746 -3.49062 -13992.5
40.747 -3.45537 -13880.5
40.748 -3.42015 -13768.4
40.749 -3.38496 -13656.2
40.75 -3.34983 -13544.1
40.751 -3.31476 -13432
40.752 -3.27977 -13320
40.753 -3.24488 -13208.2
40.754 -3.21009 -13096.5
40.755 -3.17541 -12985.1
40.756 -3.14087 -12874
40.757 -3.10647 -12763.2
40.758 -3.07223 -12652.8
40.759 -3.03816 -12542.8
40.76 -3.00427 -12433.3
40.761 -2.97057 -12324.3
40.762 -2.93707 -12215.9
40.763 -2.90378 -12108
40.764 -2.87069 -12000.7
40.765 -2.83781 -11894
40.766 -2.80515 -11787.8
40.767 -2.77271 -11682.3
40.768 -2.74048 -11577.5
40.769 -2.70848 -11473.2
40.77 -2.67671 -11369.7
40.771 -2.64518 -11266.8
40.772 -2.61388 -11164.7
40.773 -2.58285 -11063.3
40.774 -2.55208 -10962.7
40.775 -2.52159 -10863
40.776 -2.49138 -10764.1
40.777 -2.46149 -10666.2
40.778 -2.4319 -10569.3
40.779 -2.40264 -10473.3
40.78 -2.37371 -10378.4
40.781 -2.34513 -10284.7
40.782 -2.31691 -10192
40.783 -2.28906 -10100.5
40.784 -2.26158 -10010.2
40.785 -2.2345 -9921.18
40.786 -2.20781 -9833.42
40.787 -2.18154 -9746.97
40.788 -2.15568 -9661.88
40.789 -2.13025 -9578.17
40.79 -2.10526 -9495.89
40.791 -2.08072 -9415.06
40.792 -2.05664 -9335.71
40.793 -2.03302 -9257.89
40.794 -2.00988 -9181.62
40.795 -1.98722 -9106.93
40.796 -1.96506 -9033.86
40.797 -1.9434 -8962.43
40.798 -1.92224 -8892.67
40.799 -1.90161 -8824.61
40.8 -1.8815 -8758.28
40.801 -1.86192 -8693.7
40.802 -1.84287 -8630.87
40.803 -1.82435 -8569.79
40.804 -1.80636 -8510.44
40.805 -1.78889 -8452.84
40.806 -1.77195 -8396.97
40.807 -1.75553 -8342.82
40.808 -1.73963 -8290.39
40.809 -1.72424 -8239.67
40.81 -1.70937 -8190.65
40.811 -1.695 -8143.32
40.812 -1.68115 -8097.67
40.813 -1.66779 -8053.69
40.814 -1.65494 -8011.36
40.815 -1.64258 -7970.68
40.816 -1.63071 -7931.63
40.817 -1.61933 -7894.2
40.818 -1.60843 -7858.37
40.819 -1.598 -7824.13
40.82 -1.58805 -7791.46
40.821 -1.57857 -7760.35
40.822 -1.56956 -7730.81
40.823 -1.56102 -7702.85
40.824 -1.55296 -7676.48
40.825 -1.54538 -7651.71
40.826 -1.53828 -7628.55
40.827 -1.53167 -7607.01
40.828 -1.52554 -7587.09
40.829 -1.51991 -7568.81
40.83 -1.51476 -7552.17
40.831 -1.51011 -7537.16
40.832 -1.50593 -7523.79
40.833 -1.50224 -7512
40.834 -1.49902 -7501.8
40.835 -1.49624 -7493.13
40.836 -1.49394 -7485.99
40.837 -1.49208 -7480.35
40.838 -1.49066 -7476.16
40.839 -1.48967 -7473.42
40.84 -1.4891 -7472.09
40.841 -1.48892 -7472.14
40.842 -1.48919 -7473.57
40.843 -1.48986 -7476.39
40.844 -1.49093 -7480.58
40.845 -1.49241 -7486.15
40.846 -1.4943 -7493.09
40.847 -1.4966 -7501.4
40.848 -1.4993 -7511.08
40.849 -1.50239 -7522.12
40.85 -1.50589 -7534.51
40.851 -1.5098 -7548.26
40.852 -1.51412 -7563.38
40.853 -1.51884 -7579.9
40.854 -1.52399 -7597.83
40.855 -1.52956 -7617.19
40.856 -1.53556 -7638.02
40.857 -1.542 -7660.32
40.858 -1.54889 -7684.12
40.859 -1.55622 -7709.43
40.86 -1.564 -7736.28
40.861 -1.57224 -7764.66
40.862 -1.58094 -7794.59
40.863 -1.59008 -7826.04
40.864 -1.59967 -7858.99
40.865 -1.6097 -7893.45
40.866 -1.62017 -7929.38
40.867 -1.63106 -7966.78
40.868 -1.64239 -8005.62
40.869 -1.65413 -8045.89
40.87 -1.66629 -8087.58
40.871 -1.67886 -8130.66
40.872 -1.69182 -8175.08
40.873 -1.70517 -8220.8
40.874 -1.71888 -8267.76
40.875 -1.73294 -8315.93
40.876 -1.74733 -8365.25
40.877 -1.76205 -8415.67
40.878 -1.77707 -8467.13
40.879 -1.79238 -8519.59
40.88 -1.80797 -8573
40.881 -1.82381 -8627.3
40.882 -1.83989 -8682.44
40.883 -1.85621 -8738.36
40.884 -1.87273 -8795.03
40.885 -1.88945 -8852.37
40.886 -1.90634 -8910.34
40.887 -1.9234 -8968.89
40.888 -1.9406 -9027.96
40.889 -1.95793 -9087.49
40.89 -1.97538 -9147.44
40.891 -1.99293 -9207.75
40.892 -2.01056 -9268.4
40.893 -2.02827 -9329.35
40.894 -2.04606 -9390.58
40.895 -2.06392 -9452.07
40.896 -2.08183 -9513.79
40.897 -2.09979 -9575.71
40.898 -2.1178 -9637.82
40.899 -2.13584 -9700.07
40.9 -2.1539 -9762.46
40.901 -2.17198 -9824.93
40.902 -2.19005 -9887.42
40.903 -2.20809 -9949.84
40.904 -2.22608 -10012.1
40.905 -2.24398 -10074.1
40.906 -2.26177 -10135.9
40.907 -2.27943 -10197.2
40.908 -2.29693 -10258
40.909 -2.31425 -10318.2
40.91 -2.33137 -10377.8
40.911 -2.34825 -10436.7
40.912 -2.36489 -10494.8
40.913 -2.38126 -10552
40.914 -2.39735 -10608.3
40.915 -2.41316 -10663.7
40.916 -2.42865 -10718.1
40.917 -2.44381 -10771.5
40.918 -2.45864 -10823.7
40.919 -2.47311 -10874.8
40.92 -2.48722 -10924.7
40.921 -2.50094 -10973.4
40.922 -2.51426 -11020.7
40.923 -2.52718 -11066.8
40.924 -2.53967 -11111.4
40.925 -2.55172 -11154.6
40.926 -2.56332 -11196.3
40.927 -2.57445 -11236.4
40.928 -2.5851 -11275
40.929 -2.59527 -11312
40.93 -2.60493 -11347.3
40.931 -2.61408 -11380.9
40.932 -2.62271 -11412.8
40.933 -2.63082 -11443
40.934 -2.6384 -11471.4
40.935 -2.64546 -11498.1
40.936 -2.65198 -11523.1
40.937 -2.65798 -11546.2
40.938 -2.66344 -11567.6
40.939 -2.66837 -11587.2
40.94 -2.67276 -11605
40.941 -2.6766 -11621
40.942 -2.67991 -11635.2
40.943 -2.68265 -11647.5
40.944 -2.68483 -11658
40.945 -2.68645 -11666.5
40.946 -2.68746 -11673
40.947 -2.68788 -11677.6
40.948 -2.68771 -11680.1
40.949 -2.68692 -11680.6
40.95 -2.68552 -11679
40.951 -2.68332 -11674.7
40.952 -2.67998 -11666.6
40.953 -2.67534 -11654
40.954 -2.66937 -11637
40.955 -2.6621 -11615.7
40.956 -2.65353 -11589.9
40.957 -2.64367 -11559.7
40.958 -2.63251 -11525.1
40.959 -2.62007 -11486.2
40.96 -2.60635 -11442.9
