0.001 -2.62946e-05 -1.23561e-20
0.002 -7.80056e-05 7.87876e-05
0.003 -0.000247169 0.0002492
0.004 -0.000572594 0.000576499
0.005 -0.00110628 0.00111268
0.006 -0.0019001 0.00190962
0.007 -0.00300577 0.00301902
0.008 -0.00447485 0.00449245
0.009 -0.00635871 0.00638128
0.01 -0.00870854 0.00873669
0.011 -0.0115299 0.0115636
0.012 -0.0147561 0.0147561
0.013 -0.0182182 0.0182182
0.014 -0.0218009 0.0218009
0.015 -0.0253722 0.0253722
0.016 -0.0288 0.0288
0.017 -0.0319524 0.0319524
0.018 -0.0346813 0.0347142
0.019 -0.0368915 0.0369179
0.02 -0.0384328 0.0384512
0.021 -0.0391961 0.0392052
0.022 -0.0391158 0.0391148
0.023 -0.0381488 0.0381372
0.024 -0.0362525 0.0362298
0.025 -0.0333846 0.0333502
0.026 -0.02948 0.02948
0.027 -0.0245377 0.0245377
0.028 -0.0184997 0.0184997
0.029 -0.0113257 0.0113257
0.03 -0.00297602 0.00297602
0.031 0.00657994 -0.00657994
0.032 0.0173548 -0.0173548
0.033 0.0293518 -0.0293518
0.034 0.0425741 -0.0425741
0.035 0.0570241 -0.0570241
0.036 0.0727037 -0.0727037
0.037 0.0896144 -0.0896144
0.038 0.107757 -0.107757
0.039 0.127132 -0.127132
0.04 0.14774 -0.14774
0.041 0.169559 -0.169559
0.042 0.19253 -0.19253
0.043 0.216573 -0.216573
0.044 0.241607 -0.241607
0.045 0.267551 -0.267551
0.046 0.294324 -0.294324
0.047 0.321845 -0.321845
0.048 0.350032 -0.350032
0.049 0.378804 -0.378804
0.05 0.408077 -0.408077
0.051 0.437767 -0.437767
0.052 0.467776 -0.467776
0.053 0.498005 -0.498005
0.054 0.528354 -0.528354
0.055 0.558723 -0.558723
0.056 0.589012 -0.589012
0.057 0.61912 -0.61912
0.058 0.648949 -0.648949
0.059 0.678398 -0.678398
0.06 0.707368 -0.707368
0.061 0.735765 -0.735765
0.062 0.763504 -0.763504
0.063 0.790503 -0.790503
0.064 0.816682 -0.816682
0.065 0.84196 -0.84196
0.066 0.866258 -0.866258
0.067 0.889497 -0.889497
0.068 0.911596 -0.911596
0.069 0.932479 -0.932479
0.07 0.952068 -0.952068
0.071 0.970304 -0.970304
0.072 0.987172 -0.987172
0.073 1.00267 -1.00267
0.074 1.01681 -1.01681
0.075 1.02959 -1.02959
0.076 1.04101 -1.04101
0.077 1.05109 -1.05109
0.078 1.05982 -1.05982
0.079 1.06721 -1.06721
0.08 1.07326 -1.07326
0.081 1.078 -1.078
0.082 1.08146 -1.08146
0.083 1.08367 -1.08369
0.084 1.0847 -1.08471
0.085 1.08458 -1.08458
0.086 1.08335 -1.08333
0.087 1.08106 -1.08103
0.088 1.07773 -1.07773
0.089 1.07345 -1.07345
0.09 1.06824 -1.06824
0.091 1.06214 -1.06214
0.092 1.0552 -1.0552
0.093 1.04744 -1.04744
0.094 1.03888 -1.03888
0.095 1.02957 -1.02957
0.096 1.01953 -1.01953
0.097 1.00879 -1.00879
0.098 0.997383 -0.997383
0.099 0.985342 -0.985342
0.1 0.972696 -0.972696
0.101 0.959477 -0.959477
0.102 0.945709 -0.945709
0.103 0.931416 -0.931416
0.104 0.91662 -0.91662
0.105 0.901347 -0.901347
0.106 0.88562 -0.88562
0.107 0.869463 -0.869463
0.108 0.852901 -0.852901
0.109 0.835959 -0.835959
0.11 0.818662 -0.818662
0.111 0.801032 -0.801032
0.112 0.783087 -0.783087
0.113 0.764845 -0.764845
0.114 0.746322 -0.746322
0.115 0.727533 -0.727533
0.116 0.708495 -0.708495
0.117 0.689225 -0.689225
0.118 0.66974 -0.66974
0.119 0.650057 -0.650057
0.12 0.630193 -0.630193
0.121 0.610172 -0.610172
0.122 0.59003 -0.59003
0.123 0.569811 -0.569811
0.124 0.549559 -0.549559
0.125 0.529316 -0.529316
0.126 0.509126 -0.509126
0.127 0.489031 -0.489031
0.128 0.469075 -0.469075
0.129 0.4493 -0.4493
0.13 0.42975 -0.42975
0.131 0.410468 -0.410468
0.132 0.391506 -0.391506
0.133 0.372913 -0.372913
0.134 0.354742 -0.354742
0.135 0.337043 -0.337043
0.136 0.319867 -0.319867
0.137 0.303264 -0.303264
0.138 0.287284 -0.287284
0.139 0.271977 -0.271977
0.14 0.257393 -0.257393
0.141 0.243568 -0.243568
0.142 0.23052 -0.23052
0.143 0.218253 -0.218253
0.144 0.206772 -0.206772
0.145 0.196082 -0.196082
0.146 0.186186 -0.186186
0.147 0.177089 -0.177089
0.148 0.168794 -0.168794
0.149 0.161304 -0.161304
0.15 0.154621 -0.154621
0.151 0.148734 -0.148734
0.152 0.143607 -0.143607
0.153 0.139188 -0.139188
0.154 0.135426 -0.135426
0.155 0.13227 -0.13227
0.156 0.129685 -0.129654
0.157 0.127585 -0.12756
0.158 0.125938 -0.125918
0.159 0.124692 -0.124677
0.16 0.123794 -0.123784
0.161 0.123196 -0.123189
0.162 0.122852 -0.122848
0.163 0.122717 -0.122716
0.164 0.122748 -0.122749
0.165 0.122901 -0.122903
0.166 0.123133 -0.123135
0.167 0.123398 -0.123402
0.168 0.123655 -0.123658
0.169 0.123859 -0.123861
0.17 0.123967 -0.123968
0.171 0.123949 -0.123949
0.172 0.1238 -0.123798
0.173 0.12353 -0.123527
0.174 0.123147 -0.123142
0.175 0.12266 -0.122654
0.176 0.122077 -0.12207
0.177 0.121408 -0.1214
0.178 0.120662 -0.120653
0.179 0.119846 -0.119836
0.18 0.118971 -0.118961
0.181 0.118056 -0.118045
0.182 0.117144 -0.117133
0.183 0.116287 -0.116277
0.184 0.115538 -0.115529
0.185 0.11495 -0.114943
0.186 0.114574 -0.11457
0.187 0.114464 -0.114463
0.188 0.11467 -0.114673
0.189 0.115245 -0.115252
0.19 0.116241 -0.116253
0.191 0.117701 -0.117718
0.192 0.119658 -0.119681
0.193 0.122137 -0.122167
0.194 0.125182 -0.125182
0.195 0.128783 -0.128783
0.196 0.132981 -0.132981
0.197 0.1378 -0.1378
0.198 0.143263 -0.143263
0.199 0.149394 -0.149394
0.2 0.156216 -0.156216
0.201 0.163737 -0.163737
0.202 0.171942 -0.171942
0.203 0.1808 -0.1808
0.204 0.19028 -0.19028
0.205 0.200353 -0.200353
0.206 0.210988 -0.210988
0.207 0.222154 -0.222154
0.208 0.23382 -0.23382
0.209 0.245956 -0.245956
0.21 0.258529 -0.258529
0.211 0.2715 -0.2715
0.212 0.28481 -0.28481
0.213 0.298392 -0.298392
0.214 0.312179 -0.312179
0.215 0.326104 -0.326104
0.216 0.3401 -0.3401
0.217 0.354099 -0.354099
0.218 0.368037 -0.368037
0.219 0.381845 -0.381845
0.22 0.395459 -0.395459
0.221 0.408819 -0.408819
0.222 0.421887 -0.421887
0.223 0.43463 -0.43463
0.224 0.447017 -0.447017
0.225 0.459016 -0.459016
0.226 0.470597 -0.470597
0.227 0.481728 -0.481728
0.228 0.492379 -0.492379
0.229 0.502519 -0.502519
0.23 0.512119 -0.512119
0.231 0.52116 -0.52116
0.232 0.529646 -0.529646
0.233 0.53759 -0.53759
0.234 0.545009 -0.545009
0.235 0.551915 -0.551915
0.236 0.558324 -0.558324
0.237 0.564251 -0.564251
0.238 0.569711 -0.569711
0.239 0.574718 -0.574718
0.24 0.579288 -0.579288
0.241 0.583441 -0.583441
0.242 0.587206 -0.587206
0.243 0.590618 -0.590618
0.244 0.59371 -0.59371
0.245 0.5965 -0.596534
0.246 0.599056 -0.599087
0.247 0.601394 -0.601422
0.248 0.603549 -0.603574
0.249 0.605552 -0.605576
0.25 0.607439 -0.607462
0.251 0.609239 -0.609261
0.252 0.610973 -0.610994
0.253 0.612657 -0.612677
0.254 0.614308 -0.614328
0.255 0.615943 -0.615963
0.256 0.61758 -0.6176
0.257 0.619236 -0.619256
0.258 0.620927 -0.620947
0.259 0.62267 -0.622691
0.26 0.624482 -0.624504
0.261 0.626383 -0.626406
0.262 0.628403 -0.628427
0.263 0.630575 -0.630601
0.264 0.632932 -0.632961
0.265 0.635509 -0.63554
0.266 0.638338 -0.638373
0.267 0.641474 -0.641474
0.268 0.644912 -0.644912
0.269 0.648705 -0.648705
0.27 0.652885 -0.652885
0.271 0.657481 -0.657481
0.272 0.662512 -0.662512
0.273 0.667993 -0.667993
0.274 0.673939 -0.673939
0.275 0.680364 -0.680364
0.276 0.687281 -0.687281
0.277 0.694705 -0.694705
0.278 0.70265 -0.70265
0.279 0.711131 -0.711131
0.28 0.720159 -0.720159
0.281 0.729742 -0.729742
0.282 0.739865 -0.739865
0.283 0.750506 -0.750506
0.284 0.761645 -0.761645
0.285 0.773257 -0.773257
0.286 0.785319 -0.785319
0.287 0.79781 -0.79781
0.288 0.810704 -0.810704
0.289 0.82398 -0.82398
0.29 0.837614 -0.837614
0.291 0.851579 -0.851579
0.292 0.865848 -0.865848
0.293 0.880387 -0.880387
0.294 0.895165 -0.895165
0.295 0.910148 -0.910148
0.296 0.925305 -0.925305
0.297 0.940602 -0.940602
0.298 0.956007 -0.956007
0.299 0.971487 -0.971487
0.3 0.987008 -0.987008
0.301 1.00254 -1.00254
0.302 1.01806 -1.01806
0.303 1.03353 -1.03353
0.304 1.04895 -1.04895
0.305 1.06427 -1.06427
0.306 1.07949 -1.07949
0.307 1.09458 -1.09458
0.308 1.1095 -1.1095
0.309 1.12425 -1.12425
0.31 1.13879 -1.13879
0.311 1.15309 -1.15309
0.312 1.16711 -1.16711
0.313 1.18078 -1.18078
0.314 1.19405 -1.19405
0.315 1.20685 -1.20685
0.316 1.21914 -1.21914
0.317 1.23086 -1.23086
0.318 1.24194 -1.24194
0.319 1.25234 -1.25234
0.32 1.262 -1.262
0.321 1.27087 -1.27087
0.322 1.27894 -1.27894
0.323 1.2862 -1.2862
0.324 1.29265 -1.29265
0.325 1.2983 -1.2983
0.326 1.30313 -1.30313
0.327 1.30716 -1.30716
0.328 1.31036 -1.31036
0.329 1.31274 -1.31277
0.33 1.31433 -1.31435
0.331 1.31511 -1.31512
0.332 1.31512 -1.31512
0.333 1.3144 -1.31439
0.334 1.313 -1.31299
0.335 1.31097 -1.31095
0.336 1.30834 -1.30831
0.337 1.30515 -1.30515
0.338 1.30147 -1.30147
0.339 1.29733 -1.29733
0.34 1.29278 -1.29278
0.341 1.28786 -1.28786
0.342 1.28261 -1.28261
0.343 1.27704 -1.27704
0.344 1.2712 -1.2712
0.345 1.26511 -1.26511
0.346 1.2588 -1.2588
0.347 1.25229 -1.25229
0.348 1.24562 -1.24562
0.349 1.23882 -1.23882
0.35 1.2319 -1.2319
0.351 1.2249 -1.2249
0.352 1.2178 -1.2178
0.353 1.21057 -1.21057
0.354 1.2032 -1.2032
0.355 1.19566 -1.19566
0.356 1.18793 -1.18793
0.357 1.17998 -1.17998
0.358 1.1718 -1.1718
0.359 1.16336 -1.16336
0.36 1.15464 -1.15464
0.361 1.14561 -1.14561
0.362 1.13624 -1.13624
0.363 1.12651 -1.12651
0.364 1.11638 -1.11638
0.365 1.10582 -1.10582
0.366 1.0948 -1.0948
0.367 1.0833 -1.0833
0.368 1.07128 -1.07128
0.369 1.05872 -1.05872
0.37 1.04558 -1.04558
0.371 1.03186 -1.03186
0.372 1.01755 -1.01755
0.373 1.00268 -1.00268
0.374 0.987284 -0.987284
0.375 0.971376 -0.971376
0.376 0.954984 -0.954984
0.377 0.938132 -0.938132
0.378 0.920844 -0.920844
0.379 0.903147 -0.903147
0.38 0.885064 -0.885064
0.381 0.866628 -0.866628
0.382 0.847874 -0.847874
0.383 0.828847 -0.828847
0.384 0.809589 -0.809589
0.385 0.790142 -0.790142
0.386 0.770549 -0.770549
0.387 0.750854 -0.750854
0.388 0.731098 -0.731098
0.389 0.711326 -0.711326
0.39 0.69158 -0.69158
0.391 0.671899 -0.671899
0.392 0.652314 -0.652314
0.393 0.63285 -0.63285
0.394 0.613533 -0.613533
0.395 0.594388 -0.594388
0.396 0.57544 -0.57544
0.397 0.556714 -0.556714
0.398 0.538235 -0.538235
0.399 0.520026 -0.520026
0.4 0.502114 -0.502114
0.401 0.484518 -0.484518
0.402 0.46725 -0.46725
0.403 0.450317 -0.450317
0.404 0.433726 -0.433726
0.405 0.417485 -0.417485
0.406 0.4016 -0.4016
0.407 0.386077 -0.386077
0.408 0.370923 -0.370923
0.409 0.356143 -0.356143
0.41 0.341742 -0.341742
0.411 0.327731 -0.327731
0.412 0.314129 -0.314129
0.413 0.300957 -0.300957
0.414 0.288239 -0.288239
0.415 0.275998 -0.275998
0.416 0.264255 -0.264255
0.417 0.253034 -0.253034
0.418 0.242356 -0.242356
0.419 0.232243 -0.232243
0.42 0.222716 -0.222716
0.421 0.213795 -0.213795
0.422 0.205502 -0.205502
0.423 0.197856 -0.197856
0.424 0.190877 -0.190877
0.425 0.184585 -0.184585
0.426 0.179001 -0.179001
0.427 0.174143 -0.174143
0.428 0.17003 -0.17003
0.429 0.166683 -0.166683
0.43 0.164134 -0.164104
0.431 0.16236 -0.162339
0.432 0.161379 -0.161367
0.433 0.161182 -0.161179
0.434 0.161758 -0.161765
0.435 0.1631 -0.163116
0.436 0.165196 -0.165221
0.437 0.168037 -0.168071
0.438 0.171633 -0.171633
0.439 0.175937 -0.175937
0.44 0.180953 -0.180953
0.441 0.186672 -0.186672
0.442 0.193082 -0.193082
0.443 0.200171 -0.200171
0.444 0.207927 -0.207927
0.445 0.216337 -0.216337
0.446 0.225388 -0.225388
0.447 0.235068 -0.235068
0.448 0.245363 -0.245363
0.449 0.256259 -0.256259
0.45 0.267742 -0.267742
0.451 0.2798 -0.2798
0.452 0.292418 -0.292418
0.453 0.305582 -0.305582
0.454 0.319278 -0.319278
0.455 0.333491 -0.333491
0.456 0.348206 -0.348206
0.457 0.363407 -0.363407
0.458 0.37908 -0.37908
0.459 0.395208 -0.395208
0.46 0.411774 -0.411774
0.461 0.428762 -0.428762
0.462 0.446147 -0.446147
0.463 0.463906 -0.463906
0.464 0.482013 -0.482013
0.465 0.500444 -0.500444
0.466 0.519173 -0.519173
0.467 0.538175 -0.538175
0.468 0.557424 -0.557424
0.469 0.576895 -0.576895
0.47 0.596561 -0.596561
0.471 0.61639 -0.61639
0.472 0.636336 -0.636336
0.473 0.656347 -0.656347
0.474 0.67637 -0.67637
0.475 0.696355 -0.696355
0.476 0.716248 -0.716248
0.477 0.735999 -0.735999
0.478 0.755557 -0.755557
0.479 0.774869 -0.774869
0.48 0.793883 -0.793883
0.481 0.812548 -0.812548
0.482 0.830804 -0.830804
0.483 0.848591 -0.848591
0.484 0.86585 -0.86585
0.485 0.882521 -0.882521
0.486 0.898546 -0.898546
0.487 0.913866 -0.913866
0.488 0.928423 -0.928423
0.489 0.94216 -0.94216
0.49 0.955019 -0.955019
0.491 0.966953 -0.966953
0.492 0.97793 -0.97793
0.493 0.98793 -0.98793
0.494 0.996932 -0.996932
0.495 1.00491 -1.00491
0.496 1.01186 -1.01186
0.497 1.01774 -1.01774
0.498 1.02254 -1.02254
0.499 1.02625 -1.02625
0.5 1.02883 -1.02886
0.501 1.03032 -1.03034
0.502 1.03074 -1.03075
0.503 1.03018 -1.03017
0.504 1.02869 -1.02867
0.505 1.02635 -1.02633
0.506 1.02322 -1.02322
0.507 1.01939 -1.01939
0.508 1.01493 -1.01493
0.509 1.0099 -1.0099
0.51 1.00437 -1.00437
0.511 0.998426 -0.998426
0.512 0.992104 -0.992104
0.513 0.985456 -0.985456
0.514 0.978527 -0.978527
0.515 0.971365 -0.971365
0.516 0.964017 -0.964017
0.517 0.95653 -0.95653
0.518 0.94895 -0.94895
0.519 0.941324 -0.941324
0.52 0.933697 -0.933697
0.521 0.926102 -0.926102
0.522 0.918539 -0.918539
0.523 0.910993 -0.910993
0.524 0.90345 -0.90345
0.525 0.895897 -0.895897
0.526 0.888319 -0.888319
0.527 0.880703 -0.880703
0.528 0.873035 -0.873035
0.529 0.8653 -0.8653
0.53 0.857484 -0.857484
0.531 0.849571 -0.849571
0.532 0.84154 -0.84154
0.533 0.833368 -0.833368
0.534 0.825031 -0.825031
0.535 0.816507 -0.816507
0.536 0.807774 -0.807774
0.537 0.79881 -0.79881
0.538 0.789593 -0.789593
0.539 0.780101 -0.780101
0.54 0.770312 -0.770312
0.541 0.76021 -0.76021
0.542 0.749785 -0.749785
0.543 0.739033 -0.739033
0.544 0.727949 -0.727949
0.545 0.71653 -0.71653
0.546 0.704772 -0.704772
0.547 0.69267 -0.69267
0.548 0.680221 -0.680221
0.549 0.667422 -0.667422
0.55 0.654271 -0.654271
0.551 0.640768 -0.640768
0.552 0.626926 -0.626926
0.553 0.612758 -0.612758
0.554 0.598279 -0.598279
0.555 0.583505 -0.583505
0.556 0.568449 -0.568449
0.557 0.553127 -0.553127
0.558 0.537553 -0.537553
0.559 0.521743 -0.521743
0.56 0.505712 -0.505712
0.561 0.489471 -0.489471
0.562 0.473023 -0.473023
0.563 0.456367 -0.456367
0.564 0.439502 -0.439502
0.565 0.422426 -0.422426
0.566 0.405138 -0.405138
0.567 0.387637 -0.387637
0.568 0.36992 -0.36992
0.569 0.351986 -0.351986
0.57 0.333834 -0.333834
0.571 0.315461 -0.315461
0.572 0.296858 -0.296858
0.573 0.278016 -0.278016
0.574 0.258927 -0.258927
0.575 0.239581 -0.239581
0.576 0.219969 -0.219969
0.577 0.200083 -0.200083
0.578 0.179915 -0.179915
0.579 0.159454 -0.159454
0.58 0.138692 -0.138692
0.581 0.117626 -0.117626
0.582 0.0962684 -0.0962684
0.583 0.0746352 -0.0746352
0.584 0.0527448 -0.0527448
0.585 0.0306152 -0.0306152
0.586 0.00826469 -0.00826469
0.587 -0.0142881 0.0142881
0.588 -0.0370245 0.0370245
0.589 -0.0599259 0.0599259
0.59 -0.0829738 0.0829738
0.591 -0.106145 0.106145
0.592 -0.129409 0.129409
0.593 -0.15273 0.15273
0.594 -0.176072 0.176072
0.595 -0.199399 0.199399
0.596 -0.222677 0.222677
0.597 -0.245868 0.245868
0.598 -0.268937 0.268937
0.599 -0.291848 0.291848
0.6 -0.314565 0.314565
0.601 -0.337058 0.337058
0.602 -0.359312 0.359312
0.603 -0.381316 0.381316
0.604 -0.403063 0.403063
0.605 -0.424544 0.424544
0.606 -0.44575 0.44575
0.607 -0.466672 0.466672
0.608 -0.487303 0.487303
0.609 -0.507633 0.507633
0.61 -0.527655 0.527655
0.611 -0.547354 0.547354
0.612 -0.566711 0.566711
0.613 -0.585698 0.585698
0.614 -0.604291 0.604291
0.615 -0.622465 0.622465
0.616 -0.640194 0.640194
0.617 -0.657455 0.657455
0.618 -0.674224 0.674224
0.619 -0.690477 0.690477
0.62 -0.70619 0.70619
0.621 -0.721324 0.721324
0.622 -0.735811 0.735811
0.623 -0.749565 0.749565
0.624 -0.762502 0.762502
0.625 -0.77454 0.77454
0.626 -0.785595 0.785595
0.627 -0.795584 0.795584
0.628 -0.804427 0.804427
0.629 -0.812042 0.812042
0.63 -0.818348 0.818348
0.631 -0.823273 0.823273
0.632 -0.826757 0.826757
0.633 -0.828736 0.82876
0.634 -0.82919 0.829196
0.635 -0.828047 0.828034
0.636 -0.825257 0.825223
0.637 -0.820741 0.820741
0.638 -0.814494 0.814494
0.639 -0.80645 0.80645
0.64 -0.796563 0.796563
0.641 -0.784792 0.784792
0.642 -0.77111 0.77111
0.643 -0.755501 0.755501
0.644 -0.737944 0.737944
0.645 -0.718424 0.718424
0.646 -0.696923 0.696923
0.647 -0.673425 0.673425
0.648 -0.647915 0.647915
0.649 -0.620378 0.620378
0.65 -0.590801 0.590801
0.651 -0.559169 0.559169
0.652 -0.525463 0.525463
0.653 -0.489665 0.489665
0.654 -0.451755 0.451755
0.655 -0.411717 0.411717
0.656 -0.369535 0.369535
0.657 -0.325191 0.325191
0.658 -0.278672 0.278672
0.659 -0.229962 0.229962
0.66 -0.179048 0.179048
0.661 -0.125935 0.125935
0.662 -0.0706637 0.0706637
0.663 -0.0132924 0.0132924
0.664 0.0461186 -0.0461186
0.665 0.107508 -0.107508
0.666 0.170813 -0.170813
0.667 0.235972 -0.235972
0.668 0.30292 -0.30292
0.669 0.371593 -0.371593
0.67 0.441925 -0.441925
0.671 0.513831 -0.513831
0.672 0.587185 -0.587185
0.673 0.661843 -0.661843
0.674 0.737659 -0.737659
0.675 0.814485 -0.814485
0.676 0.892174 -0.892174
0.677 0.970578 -0.970578
0.678 1.04955 -1.04955
0.679 1.12894 -1.12894
0.68 1.2086 -1.2086
0.681 1.28838 -1.28838
0.682 1.36816 -1.36816
0.683 1.44782 -1.44782
0.684 1.52723 -1.52723
0.685 1.60626 -1.60626
0.686 1.68481 -1.68481
0.687 1.76274 -1.76274
0.688 1.83993 -1.83993
0.689 1.91627 -1.91627
0.69 1.99163 -1.99163
0.691 2.0659 -2.0659
0.692 2.13902 -2.13902
0.693 2.21091 -2.21091
0.694 2.28153 -2.28153
0.695 2.35082 -2.35082
0.696 2.41873 -2.41873
0.697 2.48519 -2.48519
0.698 2.55015 -2.55015
0.699 2.61355 -2.61355
0.7 2.67536 -2.67536
0.701 2.73553 -2.73553
0.702 2.79409 -2.79409
0.703 2.85108 -2.85108
0.704 2.90655 -2.90655
0.705 2.96054 -2.96054
0.706 3.01311 -3.01311
0.707 3.06429 -3.06429
0.708 3.11415 -3.11415
0.709 3.16271 -3.16271
0.71 3.21005 -3.21005
0.711 3.2562 -3.2562
0.712 3.30124 -3.30124
0.713 3.3452 -3.3452
0.714 3.38817 -3.38817
0.715 3.43019 -3.43019
0.716 3.47133 -3.47133
0.717 3.51164 -3.51164
0.718 3.5512 -3.5512
0.719 3.59005 -3.59005
0.72 3.62827 -3.62827
0.721 3.6659 -3.6659
0.722 3.70296 -3.70296
0.723 3.73944 -3.73944
0.724 3.77535 -3.77535
0.725 3.8107 -3.8107
0.726 3.84547 -3.84547
0.727 3.87969 -3.87969
0.728 3.91334 -3.91334
0.729 3.94644 -3.94644
0.73 3.97898 -3.97898
0.731 4.01096 -4.01096
0.732 4.04231 -4.04231
0.733 4.07299 -4.07299
0.734 4.10292 -4.10292
0.735 4.13203 -4.13203
0.736 4.16027 -4.16027
0.737 4.18758 -4.18758
0.738 4.21388 -4.21388
0.739 4.23912 -4.23912
0.74 4.26324 -4.26324
0.741 4.28617 -4.28617
0.742 4.30782 -4.30782
0.743 4.32809 -4.32809
0.744 4.3469 -4.3469
0.745 4.36416 -4.36416
0.746 4.37976 -4.37976
0.747 4.39363 -4.39363
0.748 4.40568 -4.40568
0.749 4.41581 -4.41581
0.75 4.42394 -4.42394
0.751 4.42999 -4.42999
0.752 4.43387 -4.43387
0.753 4.43549 -4.43549
0.754 4.43479 -4.43479
0.755 4.43166 -4.43167
0.756 4.42606 -4.42604
0.757 4.41787 -4.41787
0.758 4.40703 -4.40703
0.759 4.39347 -4.39347
0.76 4.37712 -4.37712
0.761 4.35792 -4.35792
0.762 4.33588 -4.33588
0.763 4.31104 -4.31104
0.764 4.28343 -4.28343
0.765 4.25309 -4.25309
0.766 4.22005 -4.22005
0.767 4.18434 -4.18434
0.768 4.14602 -4.14602
0.769 4.10511 -4.10511
0.77 4.06165 -4.06165
0.771 4.0157 -4.0157
0.772 3.96735 -3.96735
0.773 3.9167 -3.9167
0.774 3.86385 -3.86385
0.775 3.80891 -3.80891
0.776 3.75197 -3.75197
0.777 3.69315 -3.69315
0.778 3.63253 -3.63253
0.779 3.57024 -3.57024
0.78 3.50637 -3.50637
0.781 3.44102 -3.44102
0.782 3.3743 -3.3743
0.783 3.30629 -3.30629
0.784 3.23711 -3.23711
0.785 3.16683 -3.16683
0.786 3.09557 -3.09557
0.787 3.02342 -3.02342
0.788 2.95047 -2.95047
0.789 2.87683 -2.87683
0.79 2.80259 -2.80259
0.791 2.72784 -2.72784
0.792 2.65267 -2.65267
0.793 2.57716 -2.57716
0.794 2.50138 -2.50138
0.795 2.42543 -2.42543
0.796 2.34937 -2.34937
0.797 2.2733 -2.2733
0.798 2.19729 -2.19729
0.799 2.12142 -2.12142
0.8 2.04577 -2.04577
0.801 1.97042 -1.97042
0.802 1.89539 -1.89539
0.803 1.82069 -1.82069
0.804 1.74636 -1.74636
0.805 1.67242 -1.67242
0.806 1.59887 -1.59887
0.807 1.52574 -1.52574
0.808 1.45305 -1.45305
0.809 1.38081 -1.38081
0.81 1.30906 -1.30906
0.811 1.2378 -1.2378
0.812 1.16703 -1.16703
0.813 1.09677 -1.09677
0.814 1.02701 -1.02701
0.815 0.957744 -0.957744
0.816 0.888986 -0.888986
0.817 0.82073 -0.82073
0.818 0.752979 -0.752979
0.819 0.685732 -0.685732
0.82 0.618992 -0.618992
0.821 0.552783 -0.552783
0.822 0.487178 -0.487178
0.823 0.422273 -0.422273
0.824 0.358163 -0.358163
0.825 0.294945 -0.294945
0.826 0.232713 -0.232713
0.827 0.171561 -0.171561
0.828 0.111583 -0.111583
0.829 0.0528726 -0.0528726
0.83 -0.00447673 0.00447673
0.831 -0.0602938 0.0602938
0.832 -0.114251 0.114251
0.833 -0.165943 0.165943
0.834 -0.214966 0.214966
0.835 -0.260918 0.260918
0.836 -0.303397 0.303397
0.837 -0.342006 0.342006
0.838 -0.376348 0.376348
0.839 -0.406029 0.406029
0.84 -0.430656 0.430656
0.841 -0.449899 0.449899
0.842 -0.463546 0.463546
0.843 -0.471447 0.471447
0.844 -0.473441 0.473465
0.845 -0.46942 0.46942
0.846 -0.459205 0.459205
0.847 -0.442666 0.442666
0.848 -0.419668 0.419668
0.849 -0.390075 0.390075
0.85 -0.353757 0.353757
0.851 -0.310654 0.310654
0.852 -0.260842 0.260842
0.853 -0.204469 0.204469
0.854 -0.141684 0.141684
0.855 -0.0726401 0.0726401
0.856 0.0025096 -0.0025096
0.857 0.0836086 -0.0836086
0.858 0.170498 -0.170498
0.859 0.263016 -0.263016
0.86 0.360999 -0.360999
0.861 0.464258 -0.464258
0.862 0.572566 -0.572566
0.863 0.68567 -0.68567
0.864 0.803316 -0.803316
0.865 0.925248 -0.925248
0.866 1.05121 -1.05121
0.867 1.18093 -1.18093
0.868 1.31416 -1.31416
0.869 1.45064 -1.45064
0.87 1.59008 -1.59008
0.871 1.73225 -1.73225
0.872 1.87696 -1.87696
0.873 2.02401 -2.02401
0.874 2.17324 -2.17324
0.875 2.32446 -2.32446
0.876 2.47748 -2.47748
0.877 2.63212 -2.63212
0.878 2.78819 -2.78819
0.879 2.94551 -2.94551
0.88 3.10388 -3.10388
0.881 3.26314 -3.26314
0.882 3.42316 -3.42316
0.883 3.58386 -3.58386
0.884 3.74512 -3.74512
0.885 3.90686 -3.90686
0.886 4.06896 -4.06896
0.887 4.23133 -4.23133
0.888 4.39386 -4.39386
0.889 4.55645 -4.55645
0.89 4.71898 -4.71898
0.891 4.88137 -4.88137
0.892 5.04353 -5.04353
0.893 5.2054 -5.2054
0.894 5.36689 -5.36689
0.895 5.52794 -5.52794
0.896 5.68848 -5.68848
0.897 5.84844 -5.84844
0.898 6.00774 -6.00774
0.899 6.1663 -6.1663
0.9 6.32406 -6.32406
0.901 6.48092 -6.48092
0.902 6.63679 -6.63679
0.903 6.79152 -6.79152
0.904 6.94501 -6.94501
0.905 7.09713 -7.09713
0.906 7.24776 -7.24776
0.907 7.39679 -7.39679
0.908 7.5441 -7.5441
0.909 7.68957 -7.68957
0.91 7.8331 -7.8331
0.911 7.97454 -7.97454
0.912 8.11371 -8.11371
0.913 8.2504 -8.2504
0.914 8.38441 -8.38441
0.915 8.51554 -8.51554
0.916 8.64358 -8.64358
0.917 8.76834 -8.76834
0.918 8.88965 -8.88965
0.919 9.00732 -9.00732
0.92 9.12117 -9.12117
0.921 9.23105 -9.23105
0.922 9.33684 -9.33684
0.923 9.43845 -9.43845
0.924 9.53579 -9.53579
0.925 9.62878 -9.62878
0.926 9.71734 -9.71734
0.927 9.80139 -9.80139
0.928 9.88087 -9.88087
0.929 9.95571 -9.95571
0.93 10.0258 -10.0258
0.931 10.0913 -10.0913
0.932 10.1519 -10.1519
0.933 10.2079 -10.2079
0.934 10.2592 -10.2592
0.935 10.3058 -10.3058
0.936 10.3478 -10.3478
0.937 10.3852 -10.3852
0.938 10.418 -10.418
0.939 10.4463 -10.4463
0.94 10.4701 -10.4701
0.941 10.4895 -10.4895
0.942 10.5046 -10.5046
0.943 10.5154 -10.5154
0.944 10.522 -10.522
0.945 10.5246 -10.5246
0.946 10.5231 -10.5231
0.947 10.5178 -10.5178
0.948 10.5087 -10.5087
0.949 10.4958 -10.4958
0.95 10.4794 -10.4794
0.951 10.4594 -10.4594
0.952 10.4359 -10.4359
0.953 10.409 -10.409
0.954 10.3787 -10.3787
0.955 10.345 -10.345
0.956 10.308 -10.308
0.957 10.2678 -10.2678
0.958 10.2243 -10.2243
0.959 10.1776 -10.1776
0.96 10.1279 -10.1279
0.961 10.0749 -10.0749
0.962 10.0189 -10.0189
0.963 9.95967 -9.95967
0.964 9.89722 -9.89722
0.965 9.83151 -9.83151
0.966 9.76249 -9.76249
0.967 9.69013 -9.69013
0.968 9.6144 -9.6144
0.969 9.53525 -9.53525
0.97 9.45266 -9.45266
0.971 9.36659 -9.36659
0.972 9.27706 -9.27706
0.973 9.18409 -9.18409
0.974 9.0877 -9.0877
0.975 8.98792 -8.98792
0.976 8.88477 -8.88477
0.977 8.77827 -8.77827
0.978 8.66844 -8.66844
0.979 8.55532 -8.55532
0.98 8.43892 -8.43892
0.981 8.31927 -8.31927
0.982 8.19642 -8.19642
0.983 8.0704 -8.0704
0.984 7.94128 -7.94128
0.985 7.80909 -7.80909
0.986 7.67387 -7.67387
0.987 7.53567 -7.53567
0.988 7.39454 -7.39454
0.989 7.25052 -7.25052
0.99 7.10366 -7.10366
0.991 6.95397 -6.95397
0.992 6.80146 -6.80146
0.993 6.6461 -6.6461
0.994 6.48786 -6.48786
0.995 6.32672 -6.32672
0.996 6.16266 -6.16266
0.997 5.99565 -5.99565
0.998 5.82566 -5.82566
0.999 5.65267 -5.65267
1 5.47666 -5.47666
1.001 5.29761 -5.29761
1.002 5.11551 -5.11551
1.003 4.93036 -4.93036
1.004 4.74215 -4.74215
1.005 4.55088 -4.55088
1.006 4.35656 -4.35656
1.007 4.15918 -4.15918
1.008 3.95874 -3.95874
1.009 3.75524 -3.75524
1.01 3.54869 -3.54869
1.011 3.3391 -3.3391
1.012 3.1265 -3.1265
1.013 2.91092 -2.91092
1.014 2.69242 -2.69242
1.015 2.47105 -2.47105
1.016 2.24684 -2.24684
1.017 2.01985 -2.01985
1.018 1.79014 -1.79014
1.019 1.55777 -1.55777
1.02 1.32278 -1.32278
1.021 1.08526 -1.08526
1.022 0.845323 -0.845323
1.023 0.60309 -0.60309
1.024 0.358697 -0.358697
1.025 0.112282 -0.112282
1.026 -0.136012 0.136012
1.027 -0.386035 0.386035
1.028 -0.637633 0.637633
1.029 -0.890644 0.890644
1.03 -1.1449 1.1449
1.031 -1.40023 1.40023
1.032 -1.65642 1.65642
1.033 -1.91327 1.91327
1.034 -2.17056 2.17056
1.035 -2.42807 2.42807
1.036 -2.68557 2.68557
1.037 -2.94284 2.94284
1.038 -3.19965 3.19965
1.039 -3.45575 3.45575
1.04 -3.71092 3.71092
1.041 -3.96492 3.96492
1.042 -4.21752 4.21752
1.043 -4.46849 4.46849
1.044 -4.71761 4.71761
1.045 -4.96466 4.96466
1.046 -5.20941 5.20941
1.047 -5.45164 5.45164
1.048 -5.69112 5.69112
1.049 -5.92763 5.92763
1.05 -6.16096 6.16096
1.051 -6.3909 6.3909
1.052 -6.61731 6.61731
1.053 -6.84004 6.84004
1.054 -7.05896 7.05896
1.055 -7.27395 7.27395
1.056 -7.48489 7.48489
1.057 -7.69166 7.69166
1.058 -7.89415 7.89415
1.059 -8.09224 8.09224
1.06 -8.28585 8.28585
1.061 -8.4749 8.4749
1.062 -8.65939 8.65939
1.063 -8.83936 8.83936
1.064 -9.01485 9.01485
1.065 -9.1859 9.1859
1.066 -9.35255 9.35255
1.067 -9.51487 9.51487
1.068 -9.67289 9.67289
1.069 -9.8267 9.8267
1.07 -9.97634 9.97634
1.071 -10.1219 10.1219
1.072 -10.2634 10.2634
1.073 -10.4009 10.4009
1.074 -10.5345 10.5345
1.075 -10.6642 10.6642
1.076 -10.79 10.79
1.077 -10.9122 10.9122
1.078 -11.0306 11.0306
1.079 -11.1454 11.1454
1.08 -11.2566 11.2566
1.081 -11.3644 11.3644
1.082 -11.4686 11.4686
1.083 -11.5694 11.5694
1.084 -11.6666 11.6666
1.085 -11.7603 11.7603
1.086 -11.8505 11.8505
1.087 -11.9372 11.9372
1.088 -12.0203 12.0203
1.089 -12.0999 12.0999
1.09 -12.176 12.176
1.091 -12.2486 12.2486
1.092 -12.3177 12.3177
1.093 -12.3832 12.3832
1.094 -12.4452 12.4452
1.095 -12.5035 12.5035
1.096 -12.5583 12.5583
1.097 -12.6094 12.6094
1.098 -12.6569 12.6569
1.099 -12.7008 12.7008
1.1 -12.741 12.741
1.101 -12.7777 12.7777
1.102 -12.8107 12.8107
1.103 -12.8402 12.8402
1.104 -12.8662 12.8662
1.105 -12.8889 12.8889
1.106 -12.9081 12.9081
1.107 -12.9241 12.9241
1.108 -12.9368 12.9368
1.109 -12.9463 12.9463
1.11 -12.9527 12.9527
1.111 -12.9561 12.9561
1.112 -12.9565 12.9565
1.113 -12.954 12.954
1.114 -12.9487 12.9487
1.115 -12.9406 12.9406
1.116 -12.93 12.93
1.117 -12.9168 12.9168
1.118 -12.9012 12.9012
1.119 -12.8831 12.8831
1.12 -12.8628 12.8628
1.121 -12.8402 12.8402
1.122 -12.8155 12.8155
1.123 -12.7886 12.7886
1.124 -12.7595 12.7595
1.125 -12.7283 12.7283
1.126 -12.695 12.695
1.127 -12.6596 12.6596
1.128 -12.6222 12.6222
1.129 -12.5827 12.5827
1.13 -12.5412 12.5412
1.131 -12.4977 12.4977
1.132 -12.4521 12.4521
1.133 -12.4046 12.4046
1.134 -12.3549 12.3549
1.135 -12.3032 12.3032
1.136 -12.2494 12.2494
1.137 -12.1935 12.1935
1.138 -12.1355 12.1355
1.139 -12.0753 12.0753
1.14 -12.0129 12.0129
1.141 -11.9484 11.9484
1.142 -11.8817 11.8817
1.143 -11.8129 11.8129
1.144 -11.742 11.742
1.145 -11.6689 11.6689
1.146 -11.5938 11.5938
1.147 -11.5166 11.5166
1.148 -11.4374 11.4374
1.149 -11.3562 11.3562
1.15 -11.2729 11.2729
1.151 -11.1877 11.1877
1.152 -11.1006 11.1006
1.153 -11.0117 11.0117
1.154 -10.921 10.921
1.155 -10.8288 10.8288
1.156 -10.735 10.735
1.157 -10.6398 10.6398
1.158 -10.5433 10.5433
1.159 -10.4455 10.4455
1.16 -10.3466 10.3466
1.161 -10.2465 10.2465
1.162 -10.1455 10.1455
1.163 -10.0437 10.0437
1.164 -9.94124 9.94124
1.165 -9.83815 9.83815
1.166 -9.73462 9.73462
1.167 -9.63076 9.63076
1.168 -9.52668 9.52668
1.169 -9.42252 9.42252
1.17 -9.3184 9.3184
1.171 -9.21442 9.21442
1.172 -9.11064 9.11064
1.173 -9.00714 9.00714
1.174 -8.90397 8.90397
1.175 -8.80118 8.80118
1.176 -8.69883 8.69883
1.177 -8.59698 8.59698
1.178 -8.49569 8.49569
1.179 -8.39501 8.39501
1.18 -8.29499 8.29499
1.181 -8.19569 8.19569
1.182 -8.09714 8.09714
1.183 -7.99933 7.99933
1.184 -7.9023 7.9023
1.185 -7.80605 7.80605
1.186 -7.71061 7.71061
1.187 -7.61597 7.61597
1.188 -7.52217 7.52217
1.189 -7.42921 7.42921
1.19 -7.33711 7.33711
1.191 -7.24587 7.24587
1.192 -7.1555 7.1555
1.193 -7.06598 7.06598
1.194 -6.97731 6.97731
1.195 -6.88947 6.88947
1.196 -6.80247 6.80247
1.197 -6.71628 6.71628
1.198 -6.63091 6.63091
1.199 -6.54633 6.54633
1.2 -6.46256 6.46256
1.201 -6.37957 6.37957
1.202 -6.29736 6.29736
1.203 -6.21592 6.21592
1.204 -6.13524 6.13524
1.205 -6.05531 6.05531
1.206 -5.97614 5.97614
1.207 -5.89771 5.89771
1.208 -5.82002 5.82002
1.209 -5.74306 5.74306
1.21 -5.66682 5.66682
1.211 -5.5913 5.5913
1.212 -5.51645 5.51645
1.213 -5.44223 5.44223
1.214 -5.36861 5.36861
1.215 -5.29554 5.29554
1.216 -5.22299 5.22299
1.217 -5.15091 5.15091
1.218 -5.07925 5.07925
1.219 -5.008 5.008
1.22 -4.9371 4.9371
1.221 -4.8665 4.8665
1.222 -4.79615 4.79615
1.223 -4.72597 4.72597
1.224 -4.65589 4.65589
1.225 -4.58583 4.58583
1.226 -4.51571 4.51571
1.227 -4.44548 4.44548
1.228 -4.37504 4.37504
1.229 -4.30435 4.30435
1.23 -4.23331 4.23331
1.231 -4.16187 4.16187
1.232 -4.08997 4.08997
1.233 -4.01756 4.01756
1.234 -3.94458 3.94458
1.235 -3.87099 3.87099
1.236 -3.79673 3.79673
1.237 -3.72176 3.72176
1.238 -3.64601 3.64601
1.239 -3.56944 3.56944
1.24 -3.492 3.492
1.241 -3.41364 3.41364
1.242 -3.3343 3.3343
1.243 -3.25392 3.25392
1.244 -3.17246 3.17246
1.245 -3.08985 3.08985
1.246 -3.00603 3.00603
1.247 -2.92097 2.92097
1.248 -2.83458 2.83458
1.249 -2.74684 2.74684
1.25 -2.65767 2.65767
1.251 -2.56703 2.56703
1.252 -2.47485 2.47485
1.253 -2.38108 2.38108
1.254 -2.28565 2.28565
1.255 -2.1885 2.1885
1.256 -2.08959 2.08959
1.257 -1.98884 1.98884
1.258 -1.88622 1.88622
1.259 -1.78165 1.78165
1.26 -1.67509 1.67509
1.261 -1.56646 1.56646
1.262 -1.45569 1.45569
1.263 -1.34268 1.34268
1.264 -1.22732 1.22732
1.265 -1.10953 1.10953
1.266 -0.989212 0.989212
1.267 -0.866278 0.866278
1.268 -0.740639 0.740639
1.269 -0.612207 0.612207
1.27 -0.480895 0.480895
1.271 -0.346591 0.346591
1.272 -0.209135 0.209135
1.273 -0.0683382 0.0683382
1.274 0.0759827 -0.0759827
1.275 0.22401 -0.22401
1.276 0.375923 -0.375923
1.277 0.531896 -0.531896
1.278 0.692103 -0.692103
1.279 0.856711 -0.856711
1.28 1.02588 -1.02588
1.281 1.19978 -1.19978
1.282 1.37852 -1.37852
1.283 1.56223 -1.56223
1.284 1.75102 -1.75102
1.285 1.94501 -1.94501
1.286 2.14429 -2.14429
1.287 2.34896 -2.34896
1.288 2.55912 -2.55912
1.289 2.77486 -2.77486
1.29 2.99625 -2.99625
1.291 3.22334 -3.22334
1.292 3.45608 -3.45608
1.293 3.6944 -3.6944
1.294 3.93822 -3.93822
1.295 4.18745 -4.18745
1.296 4.44198 -4.44198
1.297 4.70172 -4.70172
1.298 4.96653 -4.96653
1.299 5.2363 -5.2363
1.3 5.51089 -5.51089
1.301 5.79012 -5.79012
1.302 6.07378 -6.07378
1.303 6.3616 -6.3616
1.304 6.65332 -6.65332
1.305 6.94867 -6.94867
1.306 7.24735 -7.24735
1.307 7.54908 -7.54908
1.308 7.85355 -7.85355
1.309 8.16044 -8.16044
1.31 8.46945 -8.46945
1.311 8.78019 -8.78019
1.312 9.09221 -9.09221
1.313 9.405 -9.405
1.314 9.71803 -9.71803
1.315 10.0308 -10.0308
1.316 10.3428 -10.3428
1.317 10.6535 -10.6535
1.318 10.9624 -10.9624
1.319 11.2689 -11.2689
1.32 11.5727 -11.5727
1.321 11.8731 -11.8731
1.322 12.1697 -12.1697
1.323 12.462 -12.462
1.324 12.7496 -12.7496
1.325 13.0319 -13.0319
1.326 13.3086 -13.3086
1.327 13.5792 -13.5792
1.328 13.8432 -13.8432
1.329 14.1004 -14.1004
1.33 14.3503 -14.3503
1.331 14.5927 -14.5927
1.332 14.8272 -14.8272
1.333 15.0538 -15.0538
1.334 15.2722 -15.2722
1.335 15.4824 -15.4824
1.336 15.6841 -15.6841
1.337 15.8773 -15.8773
1.338 16.062 -16.062
1.339 16.238 -16.238
1.34 16.4052 -16.4052
1.341 16.5638 -16.5638
1.342 16.7137 -16.7137
1.343 16.8552 -16.8552
1.344 16.9884 -16.9884
1.345 17.1134 -17.1134
1.346 17.2304 -17.2304
1.347 17.3396 -17.3396
1.348 17.4411 -17.4411
1.349 17.5352 -17.5352
1.35 17.622 -17.622
1.351 17.7017 -17.7017
1.352 17.7747 -17.7747
1.353 17.841 -17.841
1.354 17.901 -17.901
1.355 17.9549 -17.9549
1.356 18.003 -18.003
1.357 18.0455 -18.0455
1.358 18.0827 -18.0827
1.359 18.1147 -18.1147
1.36 18.1418 -18.1418
1.361 18.1643 -18.1643
1.362 18.1822 -18.1822
1.363 18.1958 -18.1958
1.364 18.2051 -18.2051
1.365 18.2103 -18.2103
1.366 18.2115 -18.2115
1.367 18.2088 -18.2088
1.368 18.2024 -18.2024
1.369 18.1923 -18.1923
1.37 18.1788 -18.1788
1.371 18.1618 -18.1618
1.372 18.1413 -18.1413
1.373 18.1173 -18.1173
1.374 18.0896 -18.0896
1.375 18.0582 -18.0582
1.376 18.023 -18.023
1.377 17.9838 -17.9838
1.378 17.9407 -17.9407
1.379 17.8936 -17.8936
1.38 17.8424 -17.8424
1.381 17.787 -17.787
1.382 17.7272 -17.7272
1.383 17.6629 -17.6629
1.384 17.5938 -17.5938
1.385 17.5197 -17.5197
1.386 17.4405 -17.4405
1.387 17.356 -17.356
1.388 17.266 -17.266
1.389 17.1704 -17.1704
1.39 17.0689 -17.0689
1.391 16.9614 -16.9614
1.392 16.8477 -16.8477
1.393 16.7278 -16.7278
1.394 16.6013 -16.6013
1.395 16.4682 -16.4682
1.396 16.3284 -16.3284
1.397 16.1815 -16.1815
1.398 16.0276 -16.0276
1.399 15.8664 -15.8664
1.4 15.6977 -15.6977
1.401 15.5215 -15.5215
1.402 15.3375 -15.3375
1.403 15.1458 -15.1458
1.404 14.9461 -14.9461
1.405 14.7383 -14.7383
1.406 14.5223 -14.5223
1.407 14.2979 -14.2979
1.408 14.0651 -14.0651
1.409 13.8236 -13.8236
1.41 13.5733 -13.5733
1.411 13.3141 -13.3141
1.412 13.0459 -13.0459
1.413 12.7687 -12.7687
1.414 12.4824 -12.4824
1.415 12.1871 -12.1871
1.416 11.8825 -11.8825
1.417 11.5687 -11.5687
1.418 11.2456 -11.2456
1.419 10.9131 -10.9131
1.42 10.571 -10.571
1.421 10.2194 -10.2194
1.422 9.8581 -9.8581
1.423 9.4872 -9.4872
1.424 9.10664 -9.10664
1.425 8.71642 -8.71642
1.426 8.31648 -8.31648
1.427 7.90681 -7.90681
1.428 7.48735 -7.48735
1.429 7.05807 -7.05807
1.43 6.61893 -6.61893
1.431 6.1699 -6.1699
1.432 5.711 -5.711
1.433 5.24228 -5.24228
1.434 4.76379 -4.76379
1.435 4.27557 -4.27557
1.436 3.7777 -3.7777
1.437 3.27026 -3.27026
1.438 2.75335 -2.75335
1.439 2.22708 -2.22708
1.44 1.6916 -1.6916
1.441 1.14707 -1.14707
1.442 0.593739 -0.593739
1.443 0.0318702 -0.0318702
1.444 -0.538211 0.538211
1.445 -1.11612 1.11612
1.446 -1.70141 1.70141
1.447 -2.2936 2.2936
1.448 -2.89213 2.89213
1.449 -3.49639 3.49639
1.45 -4.10574 4.10574
1.451 -4.71947 4.71947
1.452 -5.33686 5.33686
1.453 -5.95714 5.95714
1.454 -6.57949 6.57949
1.455 -7.20307 7.20307
1.456 -7.82695 7.82695
1.457 -8.45018 8.45018
1.458 -9.0718 9.0718
1.459 -9.69076 9.69076
1.46 -10.3061 10.3061
1.461 -10.9166 10.9166
1.462 -11.5213 11.5213
1.463 -12.1191 12.1191
1.464 -12.709 12.709
1.465 -13.2897 13.2897
1.466 -13.8604 13.8604
1.467 -14.42 14.42
1.468 -14.9675 14.9675
1.469 -15.502 15.502
1.47 -16.0227 16.0227
1.471 -16.5288 16.5288
1.472 -17.0194 17.0194
1.473 -17.494 17.494
1.474 -17.952 17.952
1.475 -18.3927 18.3927
1.476 -18.8157 18.8157
1.477 -19.2208 19.2208
1.478 -19.6075 19.6075
1.479 -19.9758 19.9758
1.48 -20.3255 20.3255
1.481 -20.6565 20.6565
1.482 -20.9689 20.9689
1.483 -21.263 21.263
1.484 -21.5388 21.5388
1.485 -21.7966 21.7966
1.486 -22.0368 22.0368
1.487 -22.2596 22.2596
1.488 -22.4655 22.4655
1.489 -22.6549 22.6549
1.49 -22.8282 22.8282
1.491 -22.9858 22.9858
1.492 -23.1282 23.1282
1.493 -23.2562 23.2562
1.494 -23.3701 23.3701
1.495 -23.4707 23.4707
1.496 -23.5583 23.5583
1.497 -23.6336 23.6336
1.498 -23.6971 23.6971
1.499 -23.7493 23.7493
1.5 -23.7907 23.7907
1.501 -23.8218 23.8218
1.502 -23.8431 23.8431
1.503 -23.855 23.855
1.504 -23.858 23.858
1.505 -23.8526 23.8526
1.506 -23.839 23.839
1.507 -23.8178 23.8178
1.508 -23.7892 23.7892
1.509 -23.7536 23.7536
1.51 -23.7114 23.7114
1.511 -23.6629 23.6629
1.512 -23.6083 23.6083
1.513 -23.548 23.548
1.514 -23.4821 23.4821
1.515 -23.411 23.411
1.516 -23.3348 23.3348
1.517 -23.2538 23.2538
1.518 -23.1681 23.1681
1.519 -23.078 23.078
1.52 -22.9837 22.9837
1.521 -22.8853 22.8853
1.522 -22.7829 22.7829
1.523 -22.6769 22.6769
1.524 -22.5674 22.5674
1.525 -22.4546 22.4546
1.526 -22.3386 22.3386
1.527 -22.2196 22.2196
1.528 -22.0977 22.0977
1.529 -21.9731 21.9731
1.53 -21.8459 21.8459
1.531 -21.7162 21.7162
1.532 -21.5841 21.5841
1.533 -21.4495 21.4495
1.534 -21.3126 21.3126
1.535 -21.1734 21.1734
1.536 -21.0318 21.0318
1.537 -20.888 20.888
1.538 -20.742 20.742
1.539 -20.5937 20.5937
1.54 -20.4432 20.4432
1.541 -20.2904 20.2904
1.542 -20.1354 20.1354
1.543 -19.9779 19.9779
1.544 -19.8179 19.8179
1.545 -19.6552 19.6552
1.546 -19.4897 19.4897
1.547 -19.3214 19.3214
1.548 -19.15 19.15
1.549 -18.9756 18.9756
1.55 -18.7979 18.7979
1.551 -18.6169 18.6169
1.552 -18.4324 18.4324
1.553 -18.2443 18.2443
1.554 -18.0524 18.0524
1.555 -17.8566 17.8566
1.556 -17.6566 17.6566
1.557 -17.4523 17.4523
1.558 -17.2436 17.2436
1.559 -17.0303 17.0303
1.56 -16.8123 16.8123
1.561 -16.5893 16.5893
1.562 -16.3614 16.3614
1.563 -16.1283 16.1283
1.564 -15.8899 15.8899
1.565 -15.6462 15.6462
1.566 -15.3969 15.3969
1.567 -15.1419 15.1419
1.568 -14.8812 14.8812
1.569 -14.6145 14.6145
1.57 -14.3418 14.3418
1.571 -14.0629 14.0629
1.572 -13.7776 13.7776
1.573 -13.4859 13.4859
1.574 -13.1877 13.1877
1.575 -12.8828 12.8828
1.576 -12.5711 12.5711
1.577 -12.2525 12.2525
1.578 -11.9268 11.9268
1.579 -11.594 11.594
1.58 -11.2539 11.2539
1.581 -10.9062 10.9062
1.582 -10.5511 10.5511
1.583 -10.1882 10.1882
1.584 -9.81755 9.81755
1.585 -9.43901 9.43901
1.586 -9.05248 9.05248
1.587 -8.65782 8.65782
1.588 -8.25493 8.25493
1.589 -7.84368 7.84368
1.59 -7.42396 7.42396
1.591 -6.99564 6.99564
1.592 -6.55863 6.55863
1.593 -6.11282 6.11282
1.594 -5.65813 5.65813
1.595 -5.19445 5.19445
1.596 -4.72172 4.72172
1.597 -4.23986 4.23986
1.598 -3.74882 3.74882
1.599 -3.24853 3.24853
1.6 -2.73899 2.73899
1.601 -2.22016 2.22016
1.602 -1.69202 1.69202
1.603 -1.15455 1.15455
1.604 -0.607771 0.607771
1.605 -0.0517435 0.0517435
1.606 0.513433 -0.513433
1.607 1.0876 -1.0876
1.608 1.67053 -1.67053
1.609 2.26195 -2.26195
1.61 2.86154 -2.86154
1.611 3.46891 -3.46891
1.612 4.0836 -4.0836
1.613 4.70511 -4.70511
1.614 5.33288 -5.33288
1.615 5.96628 -5.96628
1.616 6.60463 -6.60463
1.617 7.24716 -7.24716
1.618 7.89308 -7.89308
1.619 8.54152 -8.54152
1.62 9.19157 -9.19157
1.621 9.84224 -9.84224
1.622 10.4925 -10.4925
1.623 11.1412 -11.1412
1.624 11.7872 -11.7872
1.625 12.4295 -12.4295
1.626 13.0667 -13.0667
1.627 13.6978 -13.6978
1.628 14.3215 -14.3215
1.629 14.9368 -14.9368
1.63 15.5426 -15.5426
1.631 16.1376 -16.1376
1.632 16.721 -16.721
1.633 17.2916 -17.2916
1.634 17.8485 -17.8485
1.635 18.3909 -18.3909
1.636 18.9178 -18.9178
1.637 19.4287 -19.4287
1.638 19.9228 -19.9228
1.639 20.3997 -20.3997
1.64 20.859 -20.859
1.641 21.3002 -21.3002
1.642 21.7232 -21.7232
1.643 22.1277 -22.1277
1.644 22.5137 -22.5137
1.645 22.8811 -22.8811
1.646 23.23 -23.23
1.647 23.5606 -23.5606
1.648 23.873 -23.873
1.649 24.1675 -24.1675
1.65 24.4445 -24.4445
1.651 24.7043 -24.7043
1.652 24.9472 -24.9472
1.653 25.1739 -25.1739
1.654 25.3848 -25.3848
1.655 25.5803 -25.5803
1.656 25.7609 -25.7609
1.657 25.9273 -25.9273
1.658 26.0799 -26.0799
1.659 26.2192 -26.2192
1.66 26.3457 -26.3457
1.661 26.4601 -26.4601
1.662 26.5628 -26.5628
1.663 26.6543 -26.6543
1.664 26.7353 -26.7353
1.665 26.8061 -26.8061
1.666 26.8674 -26.8674
1.667 26.9196 -26.9196
1.668 26.963 -26.963
1.669 26.9982 -26.9982
1.67 27.0256 -27.0256
1.671 27.0455 -27.0455
1.672 27.0582 -27.0582
1.673 27.0642 -27.0642
1.674 27.0638 -27.0638
1.675 27.0573 -27.0573
1.676 27.0449 -27.0449
1.677 27.0269 -27.0269
1.678 27.0036 -27.0036
1.679 26.9752 -26.9752
1.68 26.942 -26.942
1.681 26.9041 -26.9041
1.682 26.8616 -26.8616
1.683 26.8148 -26.8148
1.684 26.7636 -26.7636
1.685 26.7083 -26.7083
1.686 26.6489 -26.6489
1.687 26.5854 -26.5854
1.688 26.518 -26.518
1.689 26.4468 -26.4468
1.69 26.3718 -26.3718
1.691 26.2931 -26.2931
1.692 26.2107 -26.2107
1.693 26.1245 -26.1245
1.694 26.0346 -26.0346
1.695 25.941 -25.941
1.696 25.8436 -25.8436
1.697 25.7424 -25.7424
1.698 25.6375 -25.6375
1.699 25.5288 -25.5288
1.7 25.4163 -25.4163
1.701 25.2999 -25.2999
1.702 25.1797 -25.1797
1.703 25.0554 -25.0554
1.704 24.927 -24.927
1.705 24.7945 -24.7945
1.706 24.6578 -24.6578
1.707 24.5167 -24.5167
1.708 24.3711 -24.3711
1.709 24.2211 -24.2211
1.71 24.0665 -24.0665
1.711 23.9073 -23.9073
1.712 23.7433 -23.7433
1.713 23.5746 -23.5746
1.714 23.401 -23.401
1.715 23.2226 -23.2226
1.716 23.0392 -23.0392
1.717 22.8508 -22.8508
1.718 22.6573 -22.6573
1.719 22.4587 -22.4587
1.72 22.2548 -22.2548
1.721 22.0457 -22.0457
1.722 21.8313 -21.8313
1.723 21.6116 -21.6116
1.724 21.3868 -21.3868
1.725 21.1568 -21.1568
1.726 20.9217 -20.9217
1.727 20.6815 -20.6815
1.728 20.4361 -20.4361
1.729 20.1856 -20.1856
1.73 19.9299 -19.9299
1.731 19.6692 -19.6692
1.732 19.4033 -19.4033
1.733 19.1323 -19.1323
1.734 18.8562 -18.8562
1.735 18.5752 -18.5752
1.736 18.2891 -18.2891
1.737 17.9981 -17.9981
1.738 17.7022 -17.7022
1.739 17.4013 -17.4013
1.74 17.0955 -17.0955
1.741 16.7847 -16.7847
1.742 16.4688 -16.4688
1.743 16.1478 -16.1478
1.744 15.8215 -15.8215
1.745 15.4897 -15.4897
1.746 15.1524 -15.1524
1.747 14.8095 -14.8095
1.748 14.4608 -14.4608
1.749 14.1061 -14.1061
1.75 13.7455 -13.7455
1.751 13.3786 -13.3786
1.752 13.0053 -13.0053
1.753 12.6252 -12.6252
1.754 12.2383 -12.2383
1.755 11.844 -11.844
1.756 11.4423 -11.4423
1.757 11.0329 -11.0329
1.758 10.6154 -10.6154
1.759 10.1896 -10.1896
1.76 9.75524 -9.75524
1.761 9.31203 -9.31203
1.762 8.8597 -8.8597
1.763 8.39797 -8.39797
1.764 7.92654 -7.92654
1.765 7.44515 -7.44515
1.766 6.95351 -6.95351
1.767 6.45135 -6.45135
1.768 5.9384 -5.9384
1.769 5.4144 -5.4144
1.77 4.87911 -4.87911
1.771 4.33228 -4.33228
1.772 3.77373 -3.77373
1.773 3.20326 -3.20326
1.774 2.62075 -2.62075
1.775 2.02605 -2.02605
1.776 1.41908 -1.41908
1.777 0.799803 -0.799803
1.778 0.168214 -0.168214
1.779 -0.475618 0.475618
1.78 -1.13154 1.13154
1.781 -1.79931 1.79931
1.782 -2.47854 2.47854
1.783 -3.16877 3.16877
1.784 -3.86944 3.86944
1.785 -4.57991 4.57991
1.786 -5.29942 5.29942
1.787 -6.02716 6.02716
1.788 -6.76219 6.76219
1.789 -7.50348 7.50348
1.79 -8.24993 8.24993
1.791 -9.00033 9.00033
1.792 -9.75338 9.75338
1.793 -10.5077 10.5077
1.794 -11.2618 11.2618
1.795 -12.0143 12.0143
1.796 -12.7635 12.7635
1.797 -13.5079 13.5079
1.798 -14.2459 14.2459
1.799 -14.9758 14.9758
1.8 -15.6962 15.6962
1.801 -16.4054 16.4054
1.802 -17.102 17.102
1.803 -17.7845 17.7845
1.804 -18.4515 18.4515
1.805 -19.1019 19.1019
1.806 -19.7345 19.7345
1.807 -20.3482 20.3482
1.808 -20.9422 20.9422
1.809 -21.5158 21.5158
1.81 -22.0683 22.0683
1.811 -22.5991 22.5991
1.812 -23.1081 23.1081
1.813 -23.5948 23.5948
1.814 -24.0591 24.0591
1.815 -24.5012 24.5012
1.816 -24.9209 24.9209
1.817 -25.3187 25.3187
1.818 -25.6948 25.6948
1.819 -26.0496 26.0496
1.82 -26.3836 26.3836
1.821 -26.6974 26.6974
1.822 -26.9914 26.9914
1.823 -27.2663 27.2663
1.824 -27.5227 27.5227
1.825 -27.7613 27.7613
1.826 -27.9828 27.9828
1.827 -28.1877 28.1877
1.828 -28.3769 28.3769
1.829 -28.5509 28.5509
1.83 -28.7105 28.7105
1.831 -28.8563 28.8563
1.832 -28.989 28.989
1.833 -29.1091 29.1091
1.834 -29.2174 29.2174
1.835 -29.3143 29.3143
1.836 -29.4004 29.4004
1.837 -29.4763 29.4763
1.838 -29.5425 29.5425
1.839 -29.5994 29.5994
1.84 -29.6474 29.6474
1.841 -29.6871 29.6871
1.842 -29.7187 29.7187
1.843 -29.7427 29.7427
1.844 -29.7594 29.7594
1.845 -29.7691 29.7691
1.846 -29.7722 29.7722
1.847 -29.7688 29.7688
1.848 -29.7593 29.7593
1.849 -29.7439 29.7439
1.85 -29.7229 29.7229
1.851 -29.6963 29.6963
1.852 -29.6644 29.6644
1.853 -29.6273 29.6273
1.854 -29.5851 29.5851
1.855 -29.5379 29.5379
1.856 -29.4859 29.4859
1.857 -29.4291 29.4291
1.858 -29.3676 29.3676
1.859 -29.3014 29.3014
1.86 -29.2307 29.2307
1.861 -29.1556 29.1556
1.862 -29.076 29.076
1.863 -28.9921 28.9921
1.864 -28.9038 28.9038
1.865 -28.8113 28.8113
1.866 -28.7146 28.7146
1.867 -28.6137 28.6137
1.868 -28.5086 28.5086
1.869 -28.3995 28.3995
1.87 -28.2862 28.2862
1.871 -28.1688 28.1688
1.872 -28.0474 28.0474
1.873 -27.922 27.922
1.874 -27.7927 27.7927
1.875 -27.6594 27.6594
1.876 -27.5223 27.5223
1.877 -27.3814 27.3814
1.878 -27.2366 27.2366
1.879 -27.088 27.088
1.88 -26.9356 26.9356
1.881 -26.7794 26.7794
1.882 -26.6195 26.6195
1.883 -26.4558 26.4558
1.884 -26.2883 26.2883
1.885 -26.1172 26.1172
1.886 -25.9424 25.9424
1.887 -25.7639 25.7639
1.888 -25.5816 25.5816
1.889 -25.3957 25.3957
1.89 -25.2061 25.2061
1.891 -25.0127 25.0127
1.892 -24.8157 24.8157
1.893 -24.6151 24.6151
1.894 -24.4109 24.4109
1.895 -24.2032 24.2032
1.896 -23.9919 23.9919
1.897 -23.7772 23.7772
1.898 -23.559 23.559
1.899 -23.3373 23.3373
1.9 -23.1122 23.1122
1.901 -22.8836 22.8836
1.902 -22.6516 22.6516
1.903 -22.4163 22.4163
1.904 -22.1776 22.1776
1.905 -21.9356 21.9356
1.906 -21.6904 21.6904
1.907 -21.4418 21.4418
1.908 -21.1901 21.1901
1.909 -20.935 20.935
1.91 -20.6768 20.6768
1.911 -20.4153 20.4153
1.912 -20.1505 20.1505
1.913 -19.8824 19.8824
1.914 -19.6109 19.6109
1.915 -19.336 19.336
1.916 -19.0575 19.0575
1.917 -18.7756 18.7756
1.918 -18.49 18.49
1.919 -18.2008 18.2008
1.92 -17.9079 17.9079
1.921 -17.6112 17.6112
1.922 -17.3106 17.3106
1.923 -17.006 17.006
1.924 -16.6973 16.6973
1.925 -16.3845 16.3845
1.926 -16.0673 16.0673
1.927 -15.7457 15.7457
1.928 -15.4197 15.4197
1.929 -15.089 15.089
1.93 -14.7535 14.7535
1.931 -14.4133 14.4133
1.932 -14.0679 14.0679
1.933 -13.7174 13.7174
1.934 -13.3614 13.3614
1.935 -12.9999 12.9999
1.936 -12.6325 12.6325
1.937 -12.2592 12.2592
1.938 -11.8797 11.8797
1.939 -11.4939 11.4939
1.94 -11.1014 11.1014
1.941 -10.7023 10.7023
1.942 -10.2962 10.2962
1.943 -9.88315 9.88315
1.944 -9.46292 9.46292
1.945 -9.0354 9.0354
1.946 -8.60045 8.60045
1.947 -8.15794 8.15794
1.948 -7.70774 7.70774
1.949 -7.24971 7.24971
1.95 -6.78374 6.78374
1.951 -6.30975 6.30975
1.952 -5.82774 5.82774
1.953 -5.33774 5.33774
1.954 -4.83983 4.83983
1.955 -4.33406 4.33406
1.956 -3.82052 3.82052
1.957 -3.2993 3.2993
1.958 -2.77054 2.77054
1.959 -2.23436 2.23436
1.96 -1.69095 1.69095
1.961 -1.1405 1.1405
1.962 -0.58327 0.58327
1.963 -0.0195422 0.0195422
1.964 0.550338 -0.550338
1.965 1.12597 -1.12597
1.966 1.7069 -1.7069
1.967 2.29261 -2.29261
1.968 2.88256 -2.88256
1.969 3.47613 -3.47613
1.97 4.07266 -4.07266
1.971 4.67148 -4.67148
1.972 5.27185 -5.27185
1.973 5.87301 -5.87301
1.974 6.47418 -6.47418
1.975 7.0745 -7.0745
1.976 7.67312 -7.67312
1.977 8.26912 -8.26912
1.978 8.8616 -8.8616
1.979 9.44959 -9.44959
1.98 10.0322 -10.0322
1.981 10.6083 -10.6083
1.982 11.1771 -11.1771
1.983 11.7377 -11.7377
1.984 12.2891 -12.2891
1.985 12.8303 -12.8303
1.986 13.3606 -13.3606
1.987 13.8791 -13.8791
1.988 14.385 -14.385
1.989 14.8775 -14.8775
1.99 15.356 -15.356
1.991 15.8199 -15.8199
1.992 16.2685 -16.2685
1.993 16.7014 -16.7014
1.994 17.1181 -17.1181
1.995 17.5183 -17.5183
1.996 17.9016 -17.9016
1.997 18.2678 -18.2678
1.998 18.6168 -18.6168
1.999 18.9485 -18.9485
2 19.2627 -19.2627
2.001 19.5596 -19.5596
2.002 19.8392 -19.8392
2.003 20.1014 -20.1014
2.004 20.3465 -20.3465
2.005 20.5747 -20.5747
2.006 20.7861 -20.7861
2.007 20.9809 -20.9809
2.008 21.1596 -21.1596
2.009 21.3223 -21.3223
2.01 21.4694 -21.4694
2.011 21.6012 -21.6012
2.012 21.7182 -21.7182
2.013 21.8206 -21.8206
2.014 21.9088 -21.9088
2.015 21.9832 -21.9832
2.016 22.0443 -22.0443
2.017 22.0923 -22.0923
2.018 22.1276 -22.1276
2.019 22.1506 -22.1506
2.02 22.1617 -22.1617
2.021 22.1612 -22.1612
2.022 22.1496 -22.1496
2.023 22.1272 -22.1272
2.024 22.0944 -22.0944
2.025 22.0516 -22.0516
2.026 21.9992 -21.9992
2.027 21.9374 -21.9374
2.028 21.8667 -21.8667
2.029 21.7873 -21.7873
2.03 21.6995 -21.6995
2.031 21.6036 -21.6036
2.032 21.4999 -21.4999
2.033 21.3889 -21.3889
2.034 21.2708 -21.2708
2.035 21.1461 -21.1461
2.036 21.0149 -21.0149
2.037 20.8777 -20.8777
2.038 20.7346 -20.7346
2.039 20.5859 -20.5859
2.04 20.4319 -20.4319
2.041 20.2728 -20.2728
2.042 20.1089 -20.1089
2.043 19.9404 -19.9404
2.044 19.7677 -19.7677
2.045 19.591 -19.591
2.046 19.4105 -19.4105
2.047 19.2266 -19.2266
2.048 19.0393 -19.0393
2.049 18.849 -18.849
2.05 18.6557 -18.6557
2.051 18.4598 -18.4598
2.052 18.2612 -18.2612
2.053 18.0603 -18.0603
2.054 17.8571 -17.8571
2.055 17.6517 -17.6517
2.056 17.4442 -17.4442
2.057 17.2348 -17.2348
2.058 17.0236 -17.0236
2.059 16.8106 -16.8106
2.06 16.596 -16.596
2.061 16.3799 -16.3799
2.062 16.1623 -16.1623
2.063 15.9431 -15.9431
2.064 15.7223 -15.7223
2.065 15.4999 -15.4999
2.066 15.276 -15.276
2.067 15.0504 -15.0504
2.068 14.8231 -14.8231
2.069 14.5942 -14.5942
2.07 14.3637 -14.3637
2.071 14.1314 -14.1314
2.072 13.8974 -13.8974
2.073 13.6615 -13.6615
2.074 13.4237 -13.4237
2.075 13.1839 -13.1839
2.076 12.9419 -12.9419
2.077 12.6978 -12.6978
2.078 12.4515 -12.4515
2.079 12.2028 -12.2028
2.08 11.9517 -11.9517
2.081 11.6981 -11.6981
2.082 11.4421 -11.4421
2.083 11.1834 -11.1834
2.084 10.9222 -10.9222
2.085 10.6583 -10.6583
2.086 10.3917 -10.3917
2.087 10.1224 -10.1224
2.088 9.85035 -9.85035
2.089 9.57547 -9.57547
2.09 9.29774 -9.29774
2.091 9.01715 -9.01715
2.092 8.73367 -8.73367
2.093 8.44732 -8.44732
2.094 8.1581 -8.1581
2.095 7.866 -7.866
2.096 7.57105 -7.57105
2.097 7.27324 -7.27324
2.098 6.97259 -6.97259
2.099 6.66911 -6.66911
2.1 6.3628 -6.3628
2.101 6.05371 -6.05371
2.102 5.74185 -5.74185
2.103 5.42728 -5.42728
2.104 5.11003 -5.11003
2.105 4.79017 -4.79017
2.106 4.46774 -4.46774
2.107 4.14281 -4.14281
2.108 3.81543 -3.81543
2.109 3.48569 -3.48569
2.11 3.15365 -3.15365
2.111 2.81938 -2.81938
2.112 2.48291 -2.48291
2.113 2.14428 -2.14428
2.114 1.80351 -1.80351
2.115 1.46065 -1.46065
2.116 1.11576 -1.11576
2.117 0.768885 -0.768885
2.118 0.420106 -0.420106
2.119 0.0695046 -0.0695046
2.12 -0.282826 0.282826
2.121 -0.636775 0.636775
2.122 -0.99222 0.99222
2.123 -1.34903 1.34903
2.124 -1.70704 1.70704
2.125 -2.06611 2.06611
2.126 -2.42607 2.42607
2.127 -2.78672 2.78672
2.128 -3.14788 3.14788
2.129 -3.50935 3.50935
2.13 -3.87091 3.87091
2.131 -4.2323 4.2323
2.132 -4.59322 4.59322
2.133 -4.95331 4.95331
2.134 -5.31222 5.31222
2.135 -5.66957 5.66957
2.136 -6.025 6.025
2.137 -6.37814 6.37814
2.138 -6.72861 6.72861
2.139 -7.07603 7.07603
2.14 -7.42002 7.42002
2.141 -7.76017 7.76017
2.142 -8.096 8.096
2.143 -8.427 8.427
2.144 -8.75267 8.75267
2.145 -9.07251 9.07251
2.146 -9.38605 9.38605
2.147 -9.6928 9.6928
2.148 -9.99233 9.99233
2.149 -10.2842 10.2842
2.15 -10.5679 10.5679
2.151 -10.8432 10.8432
2.152 -11.1094 11.1094
2.153 -11.3662 11.3662
2.154 -11.6132 11.6132
2.155 -11.8499 11.8499
2.156 -12.0759 12.0759
2.157 -12.2909 12.2909
2.158 -12.4946 12.4946
2.159 -12.6866 12.6866
2.16 -12.8667 12.8667
2.161 -13.0346 13.0346
2.162 -13.1899 13.1899
2.163 -13.3324 13.3324
2.164 -13.4615 13.4615
2.165 -13.5771 13.5771
2.166 -13.6789 13.6789
2.167 -13.7666 13.7666
2.168 -13.84 13.84
2.169 -13.8988 13.8988
2.17 -13.9429 13.9429
2.171 -13.972 13.972
2.172 -13.9859 13.9859
2.173 -13.9843 13.9843
2.174 -13.967 13.967
2.175 -13.9335 13.9335
2.176 -13.8838 13.8838
2.177 -13.8174 13.8174
2.178 -13.7343 13.7343
2.179 -13.6341 13.6341
2.18 -13.5167 13.5167
2.181 -13.3816 13.3816
2.182 -13.2287 13.2287
2.183 -13.0576 13.0576
2.184 -12.868 12.868
2.185 -12.6594 12.6594
2.186 -12.4316 12.4316
2.187 -12.1841 12.1841
2.188 -11.9165 11.9165
2.189 -11.6285 11.6285
2.19 -11.3196 11.3196
2.191 -10.9893 10.9893
2.192 -10.6372 10.6372
2.193 -10.263 10.263
2.194 -9.86613 9.86613
2.195 -9.44614 9.44614
2.196 -9.00253 9.00253
2.197 -8.53476 8.53476
2.198 -8.04227 8.04227
2.199 -7.52446 7.52446
2.2 -6.98072 6.98072
2.201 -6.41046 6.41046
2.202 -5.81316 5.81316
2.203 -5.18833 5.18833
2.204 -4.5355 4.5355
2.205 -3.85416 3.85416
2.206 -3.14385 3.14385
2.207 -2.40412 2.40412
2.208 -1.63457 1.63457
2.209 -0.83486 0.83486
2.21 -0.00474616 0.00474616
2.211 0.855841 -0.855841
2.212 1.7467 -1.7467
2.213 2.6674 -2.6674
2.214 3.61729 -3.61729
2.215 4.59546 -4.59546
2.216 5.60077 -5.60077
2.217 6.63177 -6.63177
2.218 7.68673 -7.68673
2.219 8.76358 -8.76358
2.22 9.85994 -9.85994
2.221 10.9731 -10.9731
2.222 12.1 -12.1
2.223 13.2372 -13.2372
2.224 14.3811 -14.3811
2.225 15.5278 -15.5278
2.226 16.6731 -16.6731
2.227 17.813 -17.813
2.228 18.943 -18.943
2.229 20.0589 -20.0589
2.23 21.1565 -21.1565
2.231 22.2317 -22.2317
2.232 23.281 -23.281
2.233 24.3009 -24.3009
2.234 25.2884 -25.2884
2.235 26.241 -26.241
2.236 27.1566 -27.1566
2.237 28.0335 -28.0335
2.238 28.8707 -28.8707
2.239 29.6675 -29.6675
2.24 30.4237 -30.4237
2.241 31.1395 -31.1395
2.242 31.8155 -31.8155
2.243 32.4527 -32.4527
2.244 33.0524 -33.0524
2.245 33.6159 -33.6159
2.246 34.1449 -34.1449
2.247 34.6412 -34.6412
2.248 35.1066 -35.1066
2.249 35.543 -35.543
2.25 35.9522 -35.9522
2.251 36.3361 -36.3361
2.252 36.6962 -36.6962
2.253 37.0339 -37.0339
2.254 37.3505 -37.3505
2.255 37.6473 -37.6473
2.256 37.9258 -37.9258
2.257 38.187 -38.187
2.258 38.4321 -38.4321
2.259 38.6622 -38.6622
2.26 38.8784 -38.8784
2.261 39.0813 -39.0813
2.262 39.2713 -39.2713
2.263 39.4487 -39.4487
2.264 39.6138 -39.6138
2.265 39.7667 -39.7667
2.266 39.9077 -39.9077
2.267 40.037 -40.037
2.268 40.155 -40.155
2.269 40.2619 -40.2619
2.27 40.3579 -40.3579
2.271 40.4431 -40.4431
2.272 40.5174 -40.5174
2.273 40.5805 -40.5805
2.274 40.6322 -40.6322
2.275 40.6723 -40.6723
2.276 40.7008 -40.7008
2.277 40.7175 -40.7175
2.278 40.7225 -40.7224
2.279 40.7156 -40.7156
2.28 40.6969 -40.6969
2.281 40.6664 -40.6664
2.282 40.6238 -40.6238
2.283 40.5691 -40.5691
2.284 40.5021 -40.5021
2.285 40.4226 -40.4226
2.286 40.3305 -40.3305
2.287 40.2258 -40.2258
2.288 40.1084 -40.1084
2.289 39.9782 -39.9782
2.29 39.8351 -39.8351
2.291 39.6791 -39.6791
2.292 39.5101 -39.5101
2.293 39.3284 -39.3284
2.294 39.1337 -39.1337
2.295 38.9261 -38.9261
2.296 38.7056 -38.7056
2.297 38.472 -38.472
2.298 38.2253 -38.2253
2.299 37.9652 -37.9652
2.3 37.6917 -37.6917
2.301 37.4045 -37.4045
2.302 37.1037 -37.1037
2.303 36.7892 -36.7892
2.304 36.461 -36.461
2.305 36.1189 -36.1189
2.306 35.7628 -35.7628
2.307 35.3924 -35.3924
2.308 35.0074 -35.0074
2.309 34.6074 -34.6074
2.31 34.1922 -34.1922
2.311 33.7613 -33.7613
2.312 33.3145 -33.3145
2.313 32.8514 -32.8514
2.314 32.3717 -32.3717
2.315 31.8749 -31.8749
2.316 31.3607 -31.3607
2.317 30.8284 -30.8284
2.318 30.2773 -30.2773
2.319 29.7068 -29.7068
2.32 29.116 -29.116
2.321 28.5041 -28.5041
2.322 27.8702 -27.8702
2.323 27.2145 -27.2145
2.324 26.5317 -26.5318
2.325 25.8236 -25.8236
2.326 25.0893 -25.0893
2.327 24.3277 -24.3277
2.328 23.5373 -23.5373
2.329 22.7166 -22.7166
2.33 21.8639 -21.8639
2.331 20.9776 -20.9776
2.332 20.0559 -20.0559
2.333 19.0968 -19.0968
2.334 18.0983 -18.0983
2.335 17.0582 -17.0582
2.336 15.9742 -15.9742
2.337 14.8436 -14.8436
2.338 13.6639 -13.6639
2.339 12.4322 -12.4322
2.34 11.1455 -11.1455
2.341 9.80101 -9.80101
2.342 8.39581 -8.39581
2.343 6.92726 -6.92726
2.344 5.39278 -5.39278
2.345 3.79001 -3.79001
2.346 2.11701 -2.11701
2.347 0.37245 -0.37245
2.348 -1.44402 1.44402
2.349 -3.33124 3.33124
2.35 -5.28638 5.28638
2.351 -7.30465 7.30465
2.352 -9.37911 9.37911
2.353 -11.5006 11.5006
2.354 -13.6578 13.6578
2.355 -15.8375 15.8375
2.356 -18.0245 18.0245
2.357 -20.2023 20.2023
2.358 -22.3534 22.3534
2.359 -24.4602 24.4602
2.36 -26.5054 26.5054
2.361 -28.473 28.473
2.362 -30.3488 30.3488
2.363 -32.1208 32.1208
2.364 -33.7801 33.7801
2.365 -35.3211 35.3211
2.366 -36.7411 36.7411
2.367 -38.0403 38.0403
2.368 -39.2215 39.2215
2.369 -40.2895 40.2895
2.37 -41.2507 41.2507
2.371 -42.1123 42.1123
2.372 -42.8821 42.8821
2.373 -43.568 43.568
2.374 -44.1781 44.1781
2.375 -44.7199 44.7199
2.376 -45.2006 45.2006
2.377 -45.6269 45.6269
2.378 -46.0048 46.0048
2.379 -46.3397 46.3397
2.38 -46.6365 46.6365
2.381 -46.8994 46.8994
2.382 -47.1321 47.1321
2.383 -47.3377 47.3377
2.384 -47.519 47.519
2.385 -47.6783 47.6783
2.386 -47.8176 47.8176
2.387 -47.9387 47.9387
2.388 -48.043 48.043
2.389 -48.1317 48.1317
2.39 -48.206 48.206
2.391 -48.2667 48.2667
2.392 -48.3147 48.3147
2.393 -48.3504 48.3504
2.394 -48.3747 48.3747
2.395 -48.3876 48.3876
2.396 -48.39 48.39
2.397 -48.3819 48.3819
2.398 -48.3637 48.3637
2.399 -48.3357 48.3357
2.4 -48.2981 48.2981
2.401 -48.251 48.251
2.402 -48.1948 48.1948
2.403 -48.1295 48.1295
2.404 -48.0553 48.0553
2.405 -47.9723 47.9723
2.406 -47.8807 47.8807
2.407 -47.7805 47.7805
2.408 -47.6719 47.6719
2.409 -47.5547 47.5547
2.41 -47.4294 47.4294
2.411 -47.2956 47.2956
2.412 -47.1538 47.1538
2.413 -47.0037 47.0037
2.414 -46.8458 46.8458
2.415 -46.6797 46.6797
2.416 -46.5058 46.5058
2.417 -46.3239 46.3239
2.418 -46.1342 46.1342
2.419 -45.9364 45.9364
2.42 -45.7307 45.7307
2.421 -45.517 45.517
2.422 -45.2955 45.2955
2.423 -45.066 45.066
2.424 -44.8289 44.8288
2.425 -44.5839 44.5839
2.426 -44.3312 44.3312
2.427 -44.0706 44.0706
2.428 -43.8022 43.8022
2.429 -43.5259 43.5259
2.43 -43.2415 43.2415
2.431 -42.9489 42.9489
2.432 -42.6483 42.6483
2.433 -42.3396 42.3396
2.434 -42.0228 42.0228
2.435 -41.6978 41.6978
2.436 -41.3645 41.3645
2.437 -41.0229 41.0229
2.438 -40.6727 40.6727
2.439 -40.3138 40.3138
2.44 -39.946 39.946
2.441 -39.5691 39.5691
2.442 -39.1831 39.1831
2.443 -38.7878 38.7878
2.444 -38.3831 38.3831
2.445 -37.9689 37.9689
2.446 -37.5449 37.5449
2.447 -37.1109 37.1109
2.448 -36.6667 36.6667
2.449 -36.2118 36.2118
2.45 -35.7461 35.7461
2.451 -35.2691 35.2691
2.452 -34.7807 34.7807
2.453 -34.2804 34.2804
2.454 -33.768 33.768
2.455 -33.243 33.243
2.456 -32.7051 32.7051
2.457 -32.1537 32.1537
2.458 -31.5884 31.5884
2.459 -31.0085 31.0085
2.46 -30.4135 30.4135
2.461 -29.8027 29.8027
2.462 -29.1755 29.1755
2.463 -28.531 28.531
2.464 -27.8687 27.8687
2.465 -27.1877 27.1877
2.466 -26.4841 26.4841
2.467 -25.7599 25.7599
2.468 -25.0142 25.0142
2.469 -24.2457 24.2457
2.47 -23.4535 23.4535
2.471 -22.6361 22.6361
2.472 -21.7924 21.7924
2.473 -20.921 20.921
2.474 -20.0205 20.0205
2.475 -19.0894 19.0894
2.476 -18.1259 18.1259
2.477 -17.1284 17.1284
2.478 -16.095 16.095
2.479 -15.0237 15.0237
2.48 -13.9125 13.9125
2.481 -12.7593 12.7593
2.482 -11.562 11.562
2.483 -10.3185 10.3185
2.484 -9.02662 9.02662
2.485 -7.68436 7.68436
2.486 -6.28968 6.28968
2.487 -4.84069 4.84069
2.488 -3.33581 3.33581
2.489 -1.77381 1.77381
2.49 -0.154047 0.154047
2.491 1.5232 -1.5232
2.492 3.25625 -3.25625
2.493 5.04198 -5.04198
2.494 6.87597 -6.87597
2.495 8.75232 -8.75232
2.496 10.6636 -10.6636
2.497 12.601 -12.601
2.498 14.5541 -14.5541
2.499 16.5113 -16.5113
2.5 18.4599 -18.4599
2.501 20.3865 -20.3865
2.502 22.2773 -22.2773
2.503 24.1187 -24.1187
2.504 25.8978 -25.8978
2.505 27.6029 -27.6029
2.506 29.2242 -29.2242
2.507 30.7536 -30.7536
2.508 32.1854 -32.1854
2.509 33.516 -33.516
2.51 34.744 -34.744
2.511 35.8702 -35.8702
2.512 36.8966 -36.8966
2.513 37.8273 -37.8273
2.514 38.6669 -38.6669
2.515 39.4212 -39.4212
2.516 40.0962 -40.0962
2.517 40.6982 -40.6982
2.518 41.2335 -41.2335
2.519 41.7083 -41.7083
2.52 42.1284 -42.1284
2.521 42.4993 -42.4993
2.522 42.8263 -42.8263
2.523 43.1142 -43.1142
2.524 43.3671 -43.3671
2.525 43.5891 -43.5891
2.526 43.7834 -43.7834
2.527 43.9532 -43.9532
2.528 44.1009 -44.1009
2.529 44.229 -44.229
2.53 44.3393 -44.3393
2.531 44.4338 -44.4338
2.532 44.5139 -44.5139
2.533 44.5815 -44.5815
2.534 44.6376 -44.6376
2.535 44.6836 -44.6836
2.536 44.7203 -44.7203
2.537 44.7485 -44.7485
2.538 44.769 -44.769
2.539 44.7824 -44.7824
2.54 44.7891 -44.7891
2.541 44.7897 -44.7897
2.542 44.7847 -44.7847
2.543 44.7748 -44.7748
2.544 44.7603 -44.7603
2.545 44.7418 -44.7418
2.546 44.7194 -44.7194
2.547 44.6937 -44.6937
2.548 44.6647 -44.6647
2.549 44.6328 -44.6327
2.55 44.598 -44.598
2.551 44.5606 -44.5606
2.552 44.5209 -44.5209
2.553 44.4792 -44.4792
2.554 44.4356 -44.4356
2.555 44.3903 -44.3903
2.556 44.3435 -44.3435
2.557 44.2955 -44.2955
2.558 44.2461 -44.2461
2.559 44.1958 -44.1958
2.56 44.1444 -44.1444
2.561 44.0922 -44.0922
2.562 44.0392 -44.0392
2.563 43.9857 -43.9857
2.564 43.9317 -43.9317
2.565 43.8774 -43.8774
2.566 43.8228 -43.8228
2.567 43.7681 -43.7681
2.568 43.7133 -43.7133
2.569 43.6586 -43.6586
2.57 43.6039 -43.6039
2.571 43.5495 -43.5495
2.572 43.4952 -43.4952
2.573 43.4411 -43.4411
2.574 43.3873 -43.3872
2.575 43.3337 -43.3337
2.576 43.2804 -43.2804
2.577 43.2275 -43.2275
2.578 43.1749 -43.1749
2.579 43.1227 -43.1227
2.58 43.0709 -43.0709
2.581 43.0195 -43.0195
2.582 42.9684 -42.9684
2.583 42.9176 -42.9176
2.584 42.8667 -42.8667
2.585 42.8159 -42.8159
2.586 42.7649 -42.7649
2.587 42.7138 -42.7138
2.588 42.6625 -42.6625
2.589 42.611 -42.611
2.59 42.5593 -42.5593
2.591 42.5072 -42.5072
2.592 42.4547 -42.4546
2.593 42.4014 -42.4014
2.594 42.3472 -42.3472
2.595 42.2921 -42.2921
2.596 42.2357 -42.2357
2.597 42.1782 -42.1782
2.598 42.1193 -42.1193
2.599 42.059 -42.059
2.6 41.9971 -41.9971
2.601 41.9338 -41.9338
2.602 41.8687 -41.8687
2.603 41.8018 -41.8018
2.604 41.7327 -41.7327
2.605 41.6616 -41.6616
2.606 41.5881 -41.5881
2.607 41.5123 -41.5123
2.608 41.434 -41.434
2.609 41.3532 -41.3532
2.61 41.2698 -41.2698
2.611 41.1837 -41.1837
2.612 41.0948 -41.0948
2.613 41.0032 -41.0032
2.614 40.9085 -40.9085
2.615 40.811 -40.811
2.616 40.7103 -40.7103
2.617 40.6066 -40.6066
2.618 40.4998 -40.4998
2.619 40.3898 -40.3898
2.62 40.2765 -40.2765
2.621 40.1601 -40.1601
2.622 40.0402 -40.0402
2.623 39.9172 -39.9172
2.624 39.7907 -39.7907
2.625 39.6609 -39.6609
2.626 39.5277 -39.5277
2.627 39.3911 -39.3911
2.628 39.2509 -39.2509
2.629 39.1073 -39.1073
2.63 38.9601 -38.9601
2.631 38.8094 -38.8094
2.632 38.655 -38.655
2.633 38.4971 -38.4971
2.634 38.3353 -38.3353
2.635 38.1699 -38.1699
2.636 38.0006 -38.0006
2.637 37.8276 -37.8276
2.638 37.6506 -37.6506
2.639 37.4697 -37.4697
2.64 37.2847 -37.2847
2.641 37.0955 -37.0959
2.642 36.9024 -36.9024
2.643 36.7048 -36.7048
2.644 36.5027 -36.5027
2.645 36.296 -36.296
2.646 36.0846 -36.0846
2.647 35.8683 -35.8683
2.648 35.647 -35.647
2.649 35.4206 -35.4205
2.65 35.1888 -35.1888
2.651 34.9517 -34.9517
2.652 34.709 -34.709
2.653 34.4606 -34.4606
2.654 34.2062 -34.2062
2.655 33.9457 -33.9457
2.656 33.6789 -33.6789
2.657 33.4057 -33.4057
2.658 33.1257 -33.1257
2.659 32.8389 -32.8389
2.66 32.5449 -32.5449
2.661 32.2437 -32.2437
2.662 31.9348 -31.9348
2.663 31.6181 -31.6181
2.664 31.2933 -31.2932
2.665 30.96 -30.9599
2.666 30.6179 -30.6179
2.667 30.2668 -30.2667
2.668 29.9062 -29.9062
2.669 29.536 -29.5359
2.67 29.1555 -29.1555
2.671 28.7647 -28.7647
2.672 28.3628 -28.3628
2.673 27.9494 -27.9494
2.674 27.524 -27.524
2.675 27.086 -27.0859
2.676 26.6346 -26.6346
2.677 26.1694 -26.1694
2.678 25.6896 -25.6896
2.679 25.1945 -25.1945
2.68 24.6831 -24.6831
2.681 24.1528 -24.1528
2.682 23.605 -23.605
2.683 23.0392 -23.0392
2.684 22.4542 -22.4542
2.685 21.8491 -21.8491
2.686 21.223 -21.223
2.687 20.5746 -20.5746
2.688 19.903 -19.903
2.689 19.2068 -19.2068
2.69 18.4848 -18.4848
2.691 17.7357 -17.7357
2.692 16.958 -16.958
2.693 16.1502 -16.1502
2.694 15.3107 -15.3107
2.695 14.4378 -14.4378
2.696 13.5296 -13.5296
2.697 12.5843 -12.5843
2.698 11.6 -11.6
2.699 10.5746 -10.5746
2.7 9.50594 -9.50594
2.701 8.392 -8.392
2.702 7.23061 -7.23061
2.703 6.01969 -6.01969
2.704 4.75723 -4.75723
2.705 3.44134 -3.44134
2.706 2.07039 -2.07039
2.707 0.643045 -0.643045
2.708 -0.84147 0.84147
2.709 -2.38314 2.38314
2.71 -3.98098 3.98098
2.711 -5.63292 5.63292
2.712 -7.33565 7.33565
2.713 -9.08459 9.08459
2.714 -10.8739 10.8739
2.715 -12.6963 12.6963
2.716 -14.5433 14.5433
2.717 -16.4051 16.4051
2.718 -18.271 18.271
2.719 -20.1292 20.1292
2.72 -21.9676 21.9676
2.721 -23.7739 23.7739
2.722 -25.536 25.536
2.723 -27.2425 27.2425
2.724 -28.8831 28.8831
2.725 -30.4491 30.4491
2.726 -31.9336 31.9336
2.727 -33.3317 33.3317
2.728 -34.6405 34.6405
2.729 -35.8589 35.8589
2.73 -36.9875 36.9875
2.731 -38.0286 38.0286
2.732 -38.9853 38.9853
2.733 -39.8617 39.8617
2.734 -40.6627 40.6627
2.735 -41.3935 41.3935
2.736 -42.0597 42.0597
2.737 -42.6668 42.6668
2.738 -43.2204 43.2204
2.739 -43.7255 43.7255
2.74 -44.1871 44.1871
2.741 -44.6097 44.6097
2.742 -44.9972 44.9972
2.743 -45.353 45.353
2.744 -45.6803 45.6803
2.745 -45.9818 45.9818
2.746 -46.2601 46.2601
2.747 -46.5173 46.5173
2.748 -46.7555 46.7555
2.749 -46.9763 46.9763
2.75 -47.1814 47.1814
2.751 -47.3718 47.3718
2.752 -47.5487 47.5487
2.753 -47.7126 47.7126
2.754 -47.8643 47.8643
2.755 -48.0043 48.0043
2.756 -48.1334 48.1334
2.757 -48.2517 48.2517
2.758 -48.36 48.36
2.759 -48.4584 48.4584
2.76 -48.5475 48.5475
2.761 -48.6273 48.6273
2.762 -48.6983 48.6983
2.763 -48.7601 48.7601
2.764 -48.8133 48.8133
2.765 -48.8575 48.8575
2.766 -48.8933 48.8933
2.767 -48.9204 48.9204
2.768 -48.9392 48.9391
2.769 -48.9495 48.9495
2.77 -48.9517 48.9517
2.771 -48.9457 48.9457
2.772 -48.9317 48.9317
2.773 -48.9095 48.9095
2.774 -48.8793 48.8793
2.775 -48.8409 48.8409
2.776 -48.7947 48.7947
2.777 -48.7403 48.7403
2.778 -48.6781 48.6781
2.779 -48.6078 48.6078
2.78 -48.5297 48.5297
2.781 -48.4436 48.4436
2.782 -48.3497 48.3497
2.783 -48.2477 48.2477
2.784 -48.1379 48.1379
2.785 -48.02 48.02
2.786 -47.8941 47.8941
2.787 -47.76 47.76
2.788 -47.618 47.618
2.789 -47.4677 47.4677
2.79 -47.3092 47.3092
2.791 -47.1424 47.1424
2.792 -46.9674 46.9674
2.793 -46.7838 46.7838
2.794 -46.5917 46.5917
2.795 -46.391 46.391
2.796 -46.1816 46.1816
2.797 -45.9632 45.9632
2.798 -45.736 45.736
2.799 -45.4995 45.4995
2.8 -45.2539 45.2539
2.801 -44.9987 44.9987
2.802 -44.7341 44.7341
2.803 -44.4596 44.4596
2.804 -44.1753 44.1753
2.805 -43.8808 43.8808
2.806 -43.576 43.576
2.807 -43.2606 43.2606
2.808 -42.9345 42.9345
2.809 -42.5972 42.5972
2.81 -42.2486 42.2486
2.811 -41.8883 41.8883
2.812 -41.5164 41.5164
2.813 -41.1324 41.1324
2.814 -40.7364 40.7364
2.815 -40.328 40.328
2.816 -39.9071 39.9071
2.817 -39.4731 39.4731
2.818 -39.0259 39.0259
2.819 -38.5648 38.5648
2.82 -38.0896 38.0896
2.821 -37.5998 37.5998
2.822 -37.0955 37.0955
2.823 -36.5766 36.5766
2.824 -36.0432 36.0432
2.825 -35.4951 35.4951
2.826 -34.9319 34.9319
2.827 -34.3533 34.3533
2.828 -33.759 33.759
2.829 -33.1483 33.1483
2.83 -32.5208 32.5208
2.831 -31.8758 31.8758
2.832 -31.2133 31.2133
2.833 -30.533 30.533
2.834 -29.8348 29.8348
2.835 -29.1179 29.1179
2.836 -28.3833 28.3833
2.837 -27.6249 27.6249
2.838 -26.8462 26.8462
2.839 -26.0463 26.0463
2.84 -25.2245 25.2245
2.841 -24.3797 24.3797
2.842 -23.5112 23.5112
2.843 -22.618 22.618
2.844 -21.6993 21.6993
2.845 -20.7537 20.7537
2.846 -19.7803 19.7803
2.847 -18.7776 18.7776
2.848 -17.7444 17.7444
2.849 -16.6791 16.6791
2.85 -15.5803 15.5803
2.851 -14.4462 14.4462
2.852 -13.2752 13.2752
2.853 -12.0653 12.0653
2.854 -10.8147 10.8147
2.855 -9.52144 9.52144
2.856 -8.18383 8.18383
2.857 -6.80008 6.80008
2.858 -5.36867 5.36867
2.859 -3.88829 3.88829
2.86 -2.35802 2.35802
2.861 -0.777345 0.777345
2.862 0.853648 -0.853648
2.863 2.5339 -2.5339
2.864 4.26111 -4.26111
2.865 6.03175 -6.03175
2.866 7.84099 -7.84099
2.867 9.68267 -9.68267
2.868 11.5493 -11.5493
2.869 13.432 -13.432
2.87 15.3207 -15.3207
2.871 17.2045 -17.2045
2.872 19.0717 -19.0717
2.873 20.9103 -20.9103
2.874 22.7083 -22.7083
2.875 24.4541 -24.4541
2.876 26.1369 -26.1369
2.877 27.7473 -27.7473
2.878 29.2772 -29.2772
2.879 30.7206 -30.7206
2.88 32.073 -32.073
2.881 33.3323 -33.3323
2.882 34.4976 -34.4976
2.883 35.5702 -35.5702
2.884 36.5524 -36.5524
2.885 37.448 -37.448
2.886 38.2614 -38.2614
2.887 38.9981 -38.9981
2.888 39.6632 -39.6632
2.889 40.2629 -40.2629
2.89 40.8026 -40.8026
2.891 41.2881 -41.2881
2.892 41.7243 -41.7243
2.893 42.1164 -42.1164
2.894 42.4685 -42.4685
2.895 42.7853 -42.7853
2.896 43.07 -43.07
2.897 43.3264 -43.3264
2.898 43.5572 -43.5572
2.899 43.7654 -43.7654
2.9 43.9532 -43.9532
2.901 44.1228 -44.1228
2.902 44.2756 -44.2756
2.903 44.4136 -44.4136
2.904 44.5375 -44.5375
2.905 44.649 -44.649
2.906 44.7487 -44.7487
2.907 44.8377 -44.8377
2.908 44.9165 -44.9165
2.909 44.9861 -44.9861
2.91 45.0466 -45.0466
2.911 45.099 -45.099
2.912 45.1431 -45.1431
2.913 45.1798 -45.1798
2.914 45.2088 -45.2088
2.915 45.2307 -45.2307
2.916 45.2455 -45.2455
2.917 45.2535 -45.2535
2.918 45.2548 -45.2548
2.919 45.2497 -45.2497
2.92 45.238 -45.238
2.921 45.2202 -45.2202
2.922 45.196 -45.196
2.923 45.1659 -45.1659
2.924 45.1296 -45.1296
2.925 45.0875 -45.0875
2.926 45.0394 -45.0394
2.927 44.9855 -44.9855
2.928 44.9257 -44.9257
2.929 44.8603 -44.8603
2.93 44.789 -44.789
2.931 44.7122 -44.7122
2.932 44.6297 -44.6297
2.933 44.5419 -44.5419
2.934 44.4485 -44.4485
2.935 44.3498 -44.3498
2.936 44.2457 -44.2457
2.937 44.1365 -44.1365
2.938 44.0219 -44.0219
2.939 43.9022 -43.9022
2.94 43.7772 -43.7772
2.941 43.6471 -43.6471
2.942 43.5118 -43.5118
2.943 43.3717 -43.3717
2.944 43.2266 -43.2266
2.945 43.0768 -43.0768
2.946 42.9221 -42.9221
2.947 42.7628 -42.7628
2.948 42.5986 -42.5986
2.949 42.4299 -42.4299
2.95 42.2563 -42.2563
2.951 42.0781 -42.0781
2.952 41.8953 -41.8953
2.953 41.7081 -41.7081
2.954 41.5163 -41.5163
2.955 41.3204 -41.3204
2.956 41.12 -41.12
2.957 40.9155 -40.9155
2.958 40.7066 -40.7066
2.959 40.4935 -40.4935
2.96 40.276 -40.276
2.961 40.0544 -40.0544
2.962 39.8284 -39.8284
2.963 39.5984 -39.5984
2.964 39.364 -39.364
2.965 39.1257 -39.1257
2.966 38.883 -38.883
2.967 38.6363 -38.6363
2.968 38.3853 -38.3853
2.969 38.1302 -38.1302
2.97 37.8707 -37.8707
2.971 37.6069 -37.6069
2.972 37.3387 -37.3387
2.973 37.0662 -37.0662
2.974 36.7892 -36.7892
2.975 36.5079 -36.5079
2.976 36.2219 -36.2219
2.977 35.9314 -35.9314
2.978 35.6362 -35.6362
2.979 35.3363 -35.3363
2.98 35.0314 -35.0314
2.981 34.7218 -34.7218
2.982 34.4069 -34.4069
2.983 34.0871 -34.0871
2.984 33.762 -33.762
2.985 33.4318 -33.4318
2.986 33.096 -33.096
2.987 32.7548 -32.7548
2.988 32.4079 -32.4079
2.989 32.0553 -32.0553
2.99 31.6967 -31.6967
2.991 31.3321 -31.3321
2.992 30.9612 -30.9612
2.993 30.5839 -30.5839
2.994 30.1999 -30.2
2.995 29.8093 -29.8093
2.996 29.4116 -29.4116
2.997 29.0068 -29.0068
2.998 28.5945 -28.5945
2.999 28.1746 -28.1746
3 27.7467 -27.7467
3.001 27.3107 -27.3107
3.002 26.8661 -26.8661
3.003 26.4128 -26.4128
3.004 25.9503 -25.9503
3.005 25.4783 -25.4783
3.006 24.9964 -24.9964
3.007 24.5047 -24.5047
3.008 24.0001 -24.0001
3.009 23.4841 -23.4841
3.01 22.9566 -22.9566
3.011 22.417 -22.417
3.012 21.8647 -21.8647
3.013 21.2993 -21.2993
3.014 20.72 -20.72
3.015 20.1263 -20.1263
3.016 19.5173 -19.5173
3.017 18.8924 -18.8924
3.018 18.251 -18.251
3.019 17.5921 -17.5921
3.02 16.9151 -16.9151
3.021 16.219 -16.219
3.022 15.5029 -15.5029
3.023 14.7657 -14.7657
3.024 14.0065 -14.0065
3.025 13.224 -13.224
3.026 12.4171 -12.4171
3.027 11.5848 -11.5848
3.028 10.7256 -10.7256
3.029 9.8386 -9.8386
3.03 8.92237 -8.92237
3.031 7.97572 -7.97572
3.032 6.99736 -6.99736
3.033 5.98606 -5.98606
3.034 4.94063 -4.94063
3.035 3.85996 -3.85996
3.036 2.74308 -2.74308
3.037 1.58919 -1.58919
3.038 0.397725 -0.397725
3.039 -0.831523 0.831522
3.04 -2.09828 2.09828
3.041 -3.4017 3.4017
3.042 -4.74033 4.74033
3.043 -6.11209 6.11209
3.044 -7.5143 7.5143
3.045 -8.94356 8.94356
3.046 -10.3958 10.3958
3.047 -11.8663 11.8663
3.048 -13.3497 13.3497
3.049 -14.8399 14.8399
3.05 -16.3304 16.3304
3.051 -17.8142 17.8142
3.052 -19.2842 19.2842
3.053 -20.7329 20.7329
3.054 -22.1531 22.1531
3.055 -23.5378 23.5378
3.056 -24.8807 24.8807
3.057 -26.1759 26.1759
3.058 -27.4184 27.4184
3.059 -28.6041 28.6041
3.06 -29.7301 29.7301
3.061 -30.7941 30.7941
3.062 -31.7952 31.7952
3.063 -32.733 32.7329
3.064 -33.6082 33.6082
3.065 -34.4222 34.4222
3.066 -35.1772 35.1772
3.067 -35.8755 35.8755
3.068 -36.5202 36.5202
3.069 -37.1142 37.1142
3.07 -37.6612 37.6612
3.071 -38.1643 38.1643
3.072 -38.6271 38.6271
3.073 -39.0527 39.0527
3.074 -39.4444 39.4444
3.075 -39.8051 39.8051
3.076 -40.1378 40.1378
3.077 -40.4449 40.4449
3.078 -40.7291 40.7291
3.079 -40.9924 40.9924
3.08 -41.237 41.237
3.081 -41.4646 41.4646
3.082 -41.6771 41.6771
3.083 -41.8756 41.8756
3.084 -42.0618 42.0618
3.085 -42.2365 42.2365
3.086 -42.4012 42.4012
3.087 -42.5564 42.5564
3.088 -42.7033 42.7033
3.089 -42.8424 42.8424
3.09 -42.9745 42.9745
3.091 -43.0999 43.0999
3.092 -43.2196 43.2196
3.093 -43.3335 43.3335
3.094 -43.4425 43.4425
3.095 -43.5466 43.5466
3.096 -43.6464 43.6464
3.097 -43.7419 43.7419
3.098 -43.8337 43.8337
3.099 -43.9216 43.9216
3.1 -44.0063 44.0063
3.101 -44.0875 44.0875
3.102 -44.1657 44.1657
3.103 -44.2409 44.2409
3.104 -44.3134 44.3134
3.105 -44.3831 44.3831
3.106 -44.4505 44.4505
3.107 -44.5152 44.5152
3.108 -44.5778 44.5778
3.109 -44.6379 44.6379
3.11 -44.6961 44.6961
3.111 -44.7521 44.7521
3.112 -44.8064 44.8064
3.113 -44.8586 44.8586
3.114 -44.9093 44.9093
3.115 -44.9581 44.9581
3.116 -45.0056 45.0056
3.117 -45.0515 45.0515
3.118 -45.0961 45.0961
3.119 -45.1392 45.1392
3.12 -45.1813 45.1813
3.121 -45.2219 45.2219
3.122 -45.2616 45.2616
3.123 -45.2999 45.2999
3.124 -45.3373 45.3373
3.125 -45.3733 45.3733
3.126 -45.4084 45.4084
3.127 -45.4423 45.4423
3.128 -45.4754 45.4754
3.129 -45.5072 45.5072
3.13 -45.5383 45.5383
3.131 -45.5682 45.5682
3.132 -45.5974 45.5974
3.133 -45.6252 45.6252
3.134 -45.6522 45.6522
3.135 -45.6779 45.6779
3.136 -45.7025 45.7025
3.137 -45.7259 45.7259
3.138 -45.7483 45.7483
3.139 -45.7693 45.7693
3.14 -45.7894 45.7894
3.141 -45.8082 45.8082
3.142 -45.8259 45.8259
3.143 -45.8424 45.8424
3.144 -45.8578 45.8578
3.145 -45.8719 45.8719
3.146 -45.885 45.885
3.147 -45.8967 45.8967
3.148 -45.9075 45.9075
3.149 -45.9169 45.9169
3.15 -45.9253 45.9253
3.151 -45.9325 45.9325
3.152 -45.9386 45.9386
3.153 -45.9435 45.9435
3.154 -45.9473 45.9473
3.155 -45.9497 45.9497
3.156 -45.9511 45.9511
3.157 -45.9511 45.9511
3.158 -45.9501 45.9501
3.159 -45.9477 45.9477
3.16 -45.9443 45.9443
3.161 -45.9395 45.9395
3.162 -45.9337 45.9337
3.163 -45.9264 45.9264
3.164 -45.9179 45.9179
3.165 -45.9079 45.9079
3.166 -45.8968 45.8968
3.167 -45.884 45.884
3.168 -45.8701 45.8701
3.169 -45.8546 45.8546
3.17 -45.8378 45.8378
3.171 -45.8195 45.8195
3.172 -45.7997 45.7997
3.173 -45.7782 45.7782
3.174 -45.7551 45.7551
3.175 -45.7301 45.7301
3.176 -45.7034 45.7034
3.177 -45.6746 45.6746
3.178 -45.6441 45.6441
3.179 -45.6115 45.6115
3.18 -45.5771 45.5771
3.181 -45.5404 45.5404
3.182 -45.5017 45.5017
3.183 -45.4605 45.4605
3.184 -45.4169 45.4169
3.185 -45.3705 45.3705
3.186 -45.3215 45.3215
3.187 -45.2695 45.2695
3.188 -45.2147 45.2147
3.189 -45.1568 45.1568
3.19 -45.0961 45.0961
3.191 -45.032 45.032
3.192 -44.9647 44.9647
3.193 -44.8936 44.8936
3.194 -44.8189 44.8189
3.195 -44.7399 44.7399
3.196 -44.6569 44.6569
3.197 -44.5694 44.5694
3.198 -44.4777 44.4777
3.199 -44.3811 44.3811
3.2 -44.2801 44.2801
3.201 -44.1742 44.1742
3.202 -44.0634 44.0634
3.203 -43.9472 43.9472
3.204 -43.8257 43.8257
3.205 -43.6986 43.6986
3.206 -43.5658 43.5658
3.207 -43.4269 43.4269
3.208 -43.2822 43.2822
3.209 -43.1312 43.1312
3.21 -42.974 42.974
3.211 -42.8102 42.8102
3.212 -42.6401 42.6401
3.213 -42.463 42.463
3.214 -42.2793 42.2793
3.215 -42.0885 42.0885
3.216 -41.8906 41.8906
3.217 -41.6854 41.6854
3.218 -41.473 41.4729
3.219 -41.2528 41.2527
3.22 -41.025 41.0249
3.221 -40.7892 40.7892
3.222 -40.5456 40.5456
3.223 -40.2939 40.2939
3.224 -40.0343 40.0343
3.225 -39.7664 39.7664
3.226 -39.4903 39.4903
3.227 -39.2056 39.2056
3.228 -38.9125 38.9125
3.229 -38.6105 38.6105
3.23 -38.2996 38.2996
3.231 -37.9794 37.9794
3.232 -37.6502 37.6502
3.233 -37.3116 37.3116
3.234 -36.9637 36.9637
3.235 -36.6063 36.6063
3.236 -36.2394 36.2394
3.237 -35.8625 35.8625
3.238 -35.4758 35.4758
3.239 -35.0786 35.0786
3.24 -34.671 34.671
3.241 -34.2525 34.2525
3.242 -33.8232 33.8232
3.243 -33.3827 33.3827
3.244 -32.9312 32.9312
3.245 -32.4683 32.4683
3.246 -31.9938 31.9938
3.247 -31.5074 31.5074
3.248 -31.0086 31.0086
3.249 -30.497 30.497
3.25 -29.9723 29.9723
3.251 -29.4339 29.4339
3.252 -28.8817 28.8817
3.253 -28.3152 28.3152
3.254 -27.7342 27.7342
3.255 -27.1382 27.1382
3.256 -26.5271 26.5271
3.257 -25.8969 25.8969
3.258 -25.2505 25.2505
3.259 -24.5877 24.5877
3.26 -23.9078 23.9078
3.261 -23.2101 23.2101
3.262 -22.4942 22.4942
3.263 -21.7595 21.7595
3.264 -21.0054 21.0054
3.265 -20.2313 20.2313
3.266 -19.4365 19.4365
3.267 -18.6202 18.6202
3.268 -17.7817 17.7817
3.269 -16.9199 16.9199
3.27 -16.0341 16.0341
3.271 -15.1231 15.1231
3.272 -14.1862 14.1862
3.273 -13.2223 13.2223
3.274 -12.2304 12.2304
3.275 -11.2096 11.2096
3.276 -10.1588 10.1588
3.277 -9.07697 9.07697
3.278 -7.96323 7.96323
3.279 -6.8166 6.8166
3.28 -5.6363 5.6363
3.281 -4.42161 4.42161
3.282 -3.17196 3.17196
3.283 -1.887 1.887
3.284 -0.566723 0.566723
3.285 0.788422 -0.788422
3.286 2.17735 -2.17735
3.287 3.59827 -3.59827
3.288 5.04867 -5.04867
3.289 6.52535 -6.52535
3.29 8.02437 -8.02437
3.291 9.54111 -9.54111
3.292 11.0703 -11.0703
3.293 12.606 -12.606
3.294 14.1417 -14.1417
3.295 15.6705 -15.6705
3.296 17.185 -17.185
3.297 18.6776 -18.6776
3.298 20.1407 -20.1407
3.299 21.5671 -21.5671
3.3 22.9497 -22.9497
3.301 24.2823 -24.2823
3.302 25.5593 -25.5593
3.303 26.7763 -26.7763
3.304 27.9295 -27.9295
3.305 29.0167 -29.0167
3.306 30.0361 -30.0361
3.307 30.9874 -30.9874
3.308 31.8709 -31.8709
3.309 32.6879 -32.6879
3.31 33.4403 -33.4403
3.311 34.1307 -34.1307
3.312 34.7619 -34.7619
3.313 35.3375 -35.3375
3.314 35.8607 -35.8607
3.315 36.3354 -36.3354
3.316 36.765 -36.765
3.317 37.1533 -37.1533
3.318 37.5035 -37.5035
3.319 37.8191 -37.8191
3.32 38.1029 -38.1029
3.321 38.3582 -38.3582
3.322 38.5872 -38.5872
3.323 38.7928 -38.7928
3.324 38.9767 -38.9767
3.325 39.1415 -39.1415
3.326 39.2884 -39.2884
3.327 39.4196 -39.4196
3.328 39.5362 -39.5362
3.329 39.6399 -39.6399
3.33 39.7314 -39.7314
3.331 39.8121 -39.8121
3.332 39.8826 -39.8826
3.333 39.9437 -39.9437
3.334 39.9958 -39.9958
3.335 40.0397 -40.0397
3.336 40.0756 -40.0756
3.337 40.1041 -40.1041
3.338 40.1254 -40.1254
3.339 40.1401 -40.1401
3.34 40.1482 -40.1482
3.341 40.1502 -40.1502
3.342 40.1459 -40.1459
3.343 40.1356 -40.1356
3.344 40.119 -40.119
3.345 40.0965 -40.0965
3.346 40.0679 -40.0679
3.347 40.0334 -40.0334
3.348 39.9927 -39.9927
3.349 39.9463 -39.9463
3.35 39.8938 -39.8938
3.351 39.8355 -39.8355
3.352 39.7711 -39.7711
3.353 39.7009 -39.7009
3.354 39.6245 -39.6245
3.355 39.5421 -39.5421
3.356 39.4535 -39.4535
3.357 39.3589 -39.3589
3.358 39.2579 -39.2579
3.359 39.1509 -39.1509
3.36 39.0374 -39.0374
3.361 38.9179 -38.9179
3.362 38.7918 -38.7918
3.363 38.6596 -38.6596
3.364 38.5208 -38.5208
3.365 38.3759 -38.3759
3.366 38.2243 -38.2243
3.367 38.0664 -38.0664
3.368 37.9019 -37.9019
3.369 37.7309 -37.7309
3.37 37.5531 -37.5531
3.371 37.3689 -37.3689
3.372 37.1777 -37.1777
3.373 36.9801 -36.9801
3.374 36.7755 -36.7755
3.375 36.5644 -36.5644
3.376 36.3464 -36.3464
3.377 36.1216 -36.1216
3.378 35.8898 -35.8898
3.379 35.6511 -35.6511
3.38 35.4051 -35.4051
3.381 35.1522 -35.1522
3.382 34.8919 -34.8919
3.383 34.6245 -34.6245
3.384 34.3497 -34.3497
3.385 34.0676 -34.0676
3.386 33.7779 -33.7779
3.387 33.4807 -33.4807
3.388 33.1757 -33.1757
3.389 32.863 -32.863
3.39 32.5422 -32.5422
3.391 32.2133 -32.2133
3.392 31.8762 -31.8762
3.393 31.5308 -31.5308
3.394 31.177 -31.177
3.395 30.8148 -30.8148
3.396 30.4439 -30.4439
3.397 30.0642 -30.0642
3.398 29.6755 -29.6755
3.399 29.2777 -29.2777
3.4 28.8703 -28.8703
3.401 28.4533 -28.4533
3.402 28.0265 -28.0265
3.403 27.5899 -27.5899
3.404 27.1433 -27.1433
3.405 26.6865 -26.6865
3.406 26.2193 -26.2193
3.407 25.7415 -25.7415
3.408 25.2528 -25.2528
3.409 24.7532 -24.7532
3.41 24.2419 -24.2419
3.411 23.7179 -23.7179
3.412 23.1818 -23.1818
3.413 22.6336 -22.6336
3.414 22.073 -22.073
3.415 21.4998 -21.4998
3.416 20.9136 -20.9136
3.417 20.3143 -20.3143
3.418 19.7015 -19.7015
3.419 19.0747 -19.0747
3.42 18.4337 -18.4337
3.421 17.778 -17.778
3.422 17.1072 -17.1072
3.423 16.4212 -16.4212
3.424 15.7196 -15.7196
3.425 15.002 -15.002
3.426 14.268 -14.268
3.427 13.5173 -13.5173
3.428 12.7494 -12.7494
3.429 11.964 -11.964
3.43 11.1604 -11.1604
3.431 10.3385 -10.3385
3.432 9.49766 -9.49766
3.433 8.63769 -8.63769
3.434 7.75819 -7.75819
3.435 6.85892 -6.85892
3.436 5.9396 -5.9396
3.437 5.0001 -5.0001
3.438 4.04032 -4.04032
3.439 3.06031 -3.06031
3.44 2.06023 -2.06023
3.441 1.04041 -1.04041
3.442 0.00132133 -0.00132133
3.443 -1.05628 1.05628
3.444 -2.13131 2.13131
3.445 -3.22237 3.22237
3.446 -4.32774 4.32774
3.447 -5.44538 5.44538
3.448 -6.57297 6.57297
3.449 -7.70784 7.70784
3.45 -8.84707 8.84707
3.451 -9.98748 9.98748
3.452 -11.1258 11.1258
3.453 -12.2585 12.2585
3.454 -13.382 13.382
3.455 -14.4926 14.4926
3.456 -15.5865 15.5865
3.457 -16.6598 16.6598
3.458 -17.7091 17.7091
3.459 -18.7306 18.7306
3.46 -19.7212 19.7212
3.461 -20.6779 20.6779
3.462 -21.5981 21.5981
3.463 -22.4796 22.4796
3.464 -23.3208 23.3208
3.465 -24.1202 24.1202
3.466 -24.8771 24.8771
3.467 -25.5908 25.5908
3.468 -26.2613 26.2613
3.469 -26.8887 26.8887
3.47 -27.4738 27.4738
3.471 -28.0172 28.0172
3.472 -28.5204 28.5204
3.473 -28.9847 28.9847
3.474 -29.4119 29.4119
3.475 -29.8035 29.8035
3.476 -30.1615 30.1615
3.477 -30.4877 30.4877
3.478 -30.784 30.784
3.479 -31.0521 31.0521
3.48 -31.2941 31.2941
3.481 -31.5116 31.5116
3.482 -31.7066 31.7066
3.483 -31.8808 31.8808
3.484 -32.0359 32.0359
3.485 -32.1735 32.1735
3.486 -32.2952 32.2952
3.487 -32.4022 32.4022
3.488 -32.4961 32.4961
3.489 -32.5778 32.5778
3.49 -32.6486 32.6486
3.491 -32.7094 32.7094
3.492 -32.7615 32.7615
3.493 -32.8055 32.8055
3.494 -32.8427 32.8427
3.495 -32.8736 32.8736
3.496 -32.8992 32.8992
3.497 -32.92 32.92
3.498 -32.9368 32.9368
3.499 -32.9499 32.9499
3.5 -32.9602 32.9602
3.501 -32.9677 32.9677
3.502 -32.9731 32.9731
3.503 -32.9764 32.9764
3.504 -32.9781 32.9781
3.505 -32.9782 32.9782
3.506 -32.9773 32.9773
3.507 -32.9751 32.9751
3.508 -32.9723 32.9723
3.509 -32.9685 32.9685
3.51 -32.9644 32.9644
3.511 -32.9597 32.9597
3.512 -32.9545 32.9545
3.513 -32.9484 32.9484
3.514 -32.9415 32.9415
3.515 -32.9335 32.9335
3.516 -32.9244 32.9244
3.517 -32.914 32.914
3.518 -32.9023 32.9023
3.519 -32.8891 32.8891
3.52 -32.8745 32.8745
3.521 -32.8582 32.8582
3.522 -32.84 32.84
3.523 -32.8193 32.8193
3.524 -32.7962 32.7962
3.525 -32.7699 32.7699
3.526 -32.7405 32.7405
3.527 -32.7075 32.7075
3.528 -32.6709 32.6709
3.529 -32.6304 32.6304
3.53 -32.5858 32.5858
3.531 -32.5369 32.5369
3.532 -32.4835 32.4835
3.533 -32.4249 32.4249
3.534 -32.3611 32.3611
3.535 -32.2915 32.2915
3.536 -32.216 32.216
3.537 -32.1342 32.1342
3.538 -32.046 32.046
3.539 -31.951 31.951
3.54 -31.8492 31.8492
3.541 -31.7402 31.7402
3.542 -31.6239 31.6239
3.543 -31.4998 31.4998
3.544 -31.3679 31.3679
3.545 -31.2276 31.2276
3.546 -31.0791 31.0791
3.547 -30.9217 30.9217
3.548 -30.7556 30.7556
3.549 -30.5802 30.5802
3.55 -30.3956 30.3956
3.551 -30.2013 30.2013
3.552 -29.9974 29.9974
3.553 -29.7836 29.7836
3.554 -29.5598 29.5598
3.555 -29.3256 29.3256
3.556 -29.0812 29.0812
3.557 -28.826 28.826
3.558 -28.56 28.56
3.559 -28.2829 28.2829
3.56 -27.9945 27.9945
3.561 -27.6945 27.6945
3.562 -27.3828 27.3828
3.563 -27.0591 27.0591
3.564 -26.7234 26.7234
3.565 -26.3753 26.3753
3.566 -26.0147 26.0147
3.567 -25.6411 25.6411
3.568 -25.2544 25.2544
3.569 -24.8542 24.8542
3.57 -24.4401 24.4401
3.571 -24.0116 24.0116
3.572 -23.5691 23.5691
3.573 -23.1107 23.1107
3.574 -22.6371 22.6371
3.575 -22.1476 22.1476
3.576 -21.6419 21.6419
3.577 -21.1195 21.1195
3.578 -20.5798 20.5798
3.579 -20.0221 20.0221
3.58 -19.446 19.446
3.581 -18.8507 18.8507
3.582 -18.2356 18.2356
3.583 -17.6 17.6
3.584 -16.9434 16.9434
3.585 -16.2647 16.2647
3.586 -15.5634 15.5634
3.587 -14.8385 14.8385
3.588 -14.0891 14.0891
3.589 -13.3141 13.3141
3.59 -12.5127 12.5127
3.591 -11.6837 11.6837
3.592 -10.8261 10.8261
3.593 -9.93869 9.93869
3.594 -9.02045 9.02045
3.595 -8.07021 8.07021
3.596 -7.08684 7.08684
3.597 -6.06923 6.06923
3.598 -5.01633 5.01633
3.599 -3.92715 3.92715
3.6 -2.80086 2.80086
3.601 -1.63679 1.63679
3.602 -0.434539 0.434539
3.603 0.805933 -0.805933
3.604 2.08417 -2.08417
3.605 3.39913 -3.39913
3.606 4.74923 -4.74923
3.607 6.13225 -6.13225
3.608 7.54534 -7.54534
3.609 8.98498 -8.98498
3.61 10.4469 -10.4469
3.611 11.9263 -11.9263
3.612 13.4174 -13.4174
3.613 14.9141 -14.9141
3.614 16.4097 -16.4097
3.615 17.8972 -17.8972
3.616 19.3691 -19.3691
3.617 20.8182 -20.8182
3.618 22.2371 -22.2371
3.619 23.6191 -23.6191
3.62 24.9576 -24.9576
3.621 26.2471 -26.2471
3.622 27.4826 -27.4826
3.623 28.6603 -28.6603
3.624 29.777 -29.777
3.625 30.831 -30.831
3.626 31.8211 -31.8211
3.627 32.7475 -32.7475
3.628 33.6109 -33.6109
3.629 34.4129 -34.4129
3.63 35.1555 -35.1555
3.631 35.8417 -35.8417
3.632 36.4741 -36.4741
3.633 37.0561 -37.0561
3.634 37.5909 -37.5909
3.635 38.0821 -38.0821
3.636 38.5329 -38.5329
3.637 38.9467 -38.9467
3.638 39.3265 -39.3265
3.639 39.6755 -39.6755
3.64 39.9964 -39.9964
3.641 40.2919 -40.2919
3.642 40.5643 -40.5643
3.643 40.8162 -40.8162
3.644 41.0491 -41.0491
3.645 41.2653 -41.2653
3.646 41.4662 -41.4662
3.647 41.6536 -41.6536
3.648 41.8283 -41.8283
3.649 41.9921 -41.9921
3.65 42.1456 -42.1456
3.651 42.2901 -42.2901
3.652 42.4261 -42.4261
3.653 42.5549 -42.5549
3.654 42.6768 -42.6768
3.655 42.7928 -42.7928
3.656 42.9032 -42.9032
3.657 43.0087 -43.0087
3.658 43.1095 -43.1095
3.659 43.2063 -43.2063
3.66 43.299 -43.299
3.661 43.3885 -43.3885
3.662 43.4745 -43.4745
3.663 43.558 -43.558
3.664 43.6388 -43.6388
3.665 43.7175 -43.7175
3.666 43.794 -43.794
3.667 43.8689 -43.8689
3.668 43.9419 -43.9419
3.669 44.0137 -44.0137
3.67 44.0839 -44.0839
3.671 44.1532 -44.1532
3.672 44.2212 -44.2212
3.673 44.2887 -44.2887
3.674 44.3552 -44.3552
3.675 44.4215 -44.4215
3.676 44.4871 -44.4871
3.677 44.5527 -44.5527
3.678 44.6178 -44.6178
3.679 44.6831 -44.6831
3.68 44.7482 -44.7482
3.681 44.8135 -44.8135
3.682 44.8786 -44.8786
3.683 44.9439 -44.9439
3.684 45.009 -45.009
3.685 45.0744 -45.0744
3.686 45.1395 -45.1395
3.687 45.2049 -45.2049
3.688 45.27 -45.27
3.689 45.3354 -45.3354
3.69 45.4006 -45.4006
3.691 45.4661 -45.4661
3.692 45.531 -45.531
3.693 45.5956 -45.5956
3.694 45.6592 -45.6592
3.695 45.7221 -45.7221
3.696 45.7836 -45.7836
3.697 45.8442 -45.8442
3.698 45.9031 -45.9031
3.699 45.9609 -45.9609
3.7 46.017 -46.017
3.701 46.0718 -46.0718
3.702 46.1245 -46.1245
3.703 46.1752 -46.1752
3.704 46.2232 -46.2232
3.705 46.2688 -46.2688
3.706 46.3112 -46.3112
3.707 46.351 -46.351
3.708 46.3874 -46.3874
3.709 46.4209 -46.4209
3.71 46.451 -46.451
3.711 46.4779 -46.4779
3.712 46.5011 -46.5011
3.713 46.5208 -46.5208
3.714 46.5363 -46.5363
3.715 46.5479 -46.5479
3.716 46.555 -46.555
3.717 46.5581 -46.5581
3.718 46.5566 -46.5566
3.719 46.5508 -46.5508
3.72 46.5404 -46.5404
3.721 46.5256 -46.5256
3.722 46.5059 -46.5059
3.723 46.4818 -46.4818
3.724 46.4525 -46.4525
3.725 46.4185 -46.4185
3.726 46.3792 -46.3792
3.727 46.3351 -46.3351
3.728 46.2857 -46.2857
3.729 46.2314 -46.2314
3.73 46.1716 -46.1716
3.731 46.1068 -46.1068
3.732 46.0366 -46.0366
3.733 45.9613 -45.9613
3.734 45.8805 -45.8805
3.735 45.7947 -45.7947
3.736 45.7033 -45.7033
3.737 45.6067 -45.6067
3.738 45.5045 -45.5045
3.739 45.3971 -45.3971
3.74 45.284 -45.284
3.741 45.1656 -45.1656
3.742 45.0415 -45.0415
3.743 44.9122 -44.9122
3.744 44.7772 -44.7772
3.745 44.6369 -44.6369
3.746 44.4909 -44.4909
3.747 44.3395 -44.3395
3.748 44.1824 -44.1824
3.749 44.0199 -44.0199
3.75 43.8515 -43.8515
3.751 43.6775 -43.6775
3.752 43.4977 -43.4977
3.753 43.3125 -43.3125
3.754 43.1214 -43.1214
3.755 42.925 -42.925
3.756 42.7227 -42.7227
3.757 42.515 -42.515
3.758 42.3014 -42.3014
3.759 42.0822 -42.0822
3.76 41.857 -41.8571
3.761 41.6263 -41.6261
3.762 41.3894 -41.3894
3.763 41.1471 -41.1471
3.764 40.8991 -40.8991
3.765 40.6457 -40.6457
3.766 40.3866 -40.3866
3.767 40.1221 -40.1221
3.768 39.8519 -39.8519
3.769 39.5763 -39.5763
3.77 39.2948 -39.2948
3.771 39.0078 -39.0078
3.772 38.7151 -38.7151
3.773 38.4173 -38.4173
3.774 38.1142 -38.1142
3.775 37.8062 -37.8062
3.776 37.4931 -37.4931
3.777 37.1753 -37.1752
3.778 36.8524 -36.8524
3.779 36.5248 -36.5248
3.78 36.1921 -36.1921
3.781 35.8547 -35.8547
3.782 35.5124 -35.5124
3.783 35.1659 -35.1659
3.784 34.8148 -34.8148
3.785 34.4597 -34.4597
3.786 34.1003 -34.1003
3.787 33.7371 -33.7371
3.788 33.3698 -33.3697
3.789 32.9986 -32.9986
3.79 32.6233 -32.6233
3.791 32.2443 -32.2443
3.792 31.8614 -31.8614
3.793 31.4749 -31.4749
3.794 31.0849 -31.0849
3.795 30.6915 -30.6915
3.796 30.2946 -30.2946
3.797 29.8946 -29.8946
3.798 29.4913 -29.4913
3.799 29.0848 -29.0848
3.8 28.675 -28.675
3.801 28.2622 -28.2622
3.802 27.8462 -27.8462
3.803 27.4272 -27.4272
3.804 27.005 -27.005
3.805 26.5798 -26.5798
3.806 26.1516 -26.1515
3.807 25.7203 -25.7203
3.808 25.286 -25.286
3.809 24.8488 -24.8488
3.81 24.4084 -24.4084
3.811 23.9657 -23.9657
3.812 23.519 -23.519
3.813 23.0676 -23.0676
3.814 22.6129 -22.6129
3.815 22.1554 -22.1554
3.816 21.6948 -21.6948
3.817 21.2314 -21.2314
3.818 20.7649 -20.7649
3.819 20.2955 -20.2955
3.82 19.8231 -19.8231
3.821 19.3477 -19.3477
3.822 18.8693 -18.8693
3.823 18.3878 -18.3878
3.824 17.9032 -17.9032
3.825 17.4155 -17.4155
3.826 16.9247 -16.9247
3.827 16.4307 -16.4307
3.828 15.9335 -15.9335
3.829 15.4332 -15.4332
3.83 14.9297 -14.9297
3.831 14.4232 -14.4232
3.832 13.9135 -13.9135
3.833 13.4007 -13.4007
3.834 12.8847 -12.8847
3.835 12.3655 -12.3655
3.836 11.8431 -11.8431
3.837 11.3175 -11.3175
3.838 10.7888 -10.7888
3.839 10.2571 -10.2571
3.84 9.7223 -9.7223
3.841 9.18459 -9.18459
3.842 8.64389 -8.64389
3.843 8.1002 -8.1002
3.844 7.55349 -7.55349
3.845 7.00376 -7.00376
3.846 6.45106 -6.45106
3.847 5.89544 -5.89544
3.848 5.33697 -5.33697
3.849 4.77578 -4.77578
3.85 4.21199 -4.21199
3.851 3.6457 -3.6457
3.852 3.0769 -3.0769
3.853 2.50555 -2.50555
3.854 1.93162 -1.93162
3.855 1.35513 -1.35513
3.856 0.776168 -0.776168
3.857 0.194828 -0.194828
3.858 -0.388725 0.388725
3.859 -0.97427 0.97427
3.86 -1.56153 1.56153
3.861 -2.15024 2.15024
3.862 -2.74025 2.74025
3.863 -3.33142 3.33142
3.864 -3.92356 3.92356
3.865 -4.51645 4.51645
3.866 -5.10982 5.10982
3.867 -5.70336 5.70336
3.868 -6.29671 6.29671
3.869 -6.88948 6.88948
3.87 -7.48125 7.48125
3.871 -8.07158 8.07158
3.872 -8.66007 8.66007
3.873 -9.24629 9.24629
3.874 -9.82983 9.82983
3.875 -10.4102 10.4102
3.876 -10.9869 10.9869
3.877 -11.5595 11.5595
3.878 -12.1275 12.1275
3.879 -12.6903 12.6903
3.88 -13.2475 13.2475
3.881 -13.7985 13.7985
3.882 -14.3427 14.3427
3.883 -14.8798 14.8798
3.884 -15.4091 15.4091
3.885 -15.9303 15.9303
3.886 -16.4428 16.4428
3.887 -16.9462 16.9462
3.888 -17.4402 17.4402
3.889 -17.9244 17.9244
3.89 -18.3986 18.3986
3.891 -18.8623 18.8623
3.892 -19.3154 19.3154
3.893 -19.7576 19.7576
3.894 -20.1888 20.1888
3.895 -20.6088 20.6088
3.896 -21.0175 21.0175
3.897 -21.4149 21.4149
3.898 -21.8011 21.8011
3.899 -22.1759 22.1759
3.9 -22.5396 22.5396
3.901 -22.8922 22.8922
3.902 -23.234 23.234
3.903 -23.565 23.565
3.904 -23.8854 23.8854
3.905 -24.1954 24.1954
3.906 -24.4954 24.4954
3.907 -24.7854 24.7854
3.908 -25.066 25.066
3.909 -25.3372 25.3372
3.91 -25.5995 25.5995
3.911 -25.8531 25.8531
3.912 -26.0985 26.0985
3.913 -26.3357 26.3357
3.914 -26.5654 26.5654
3.915 -26.7876 26.7876
3.916 -27.0028 27.0028
3.917 -27.2111 27.2111
3.918 -27.4131 27.4131
3.919 -27.6089 27.6089
3.92 -27.799 27.799
3.921 -27.9834 27.9834
3.922 -28.1626 28.1626
3.923 -28.3366 28.3366
3.924 -28.5058 28.5058
3.925 -28.6702 28.6702
3.926 -28.8302 28.8302
3.927 -28.9858 28.9858
3.928 -29.1373 29.1373
3.929 -29.2849 29.2849
3.93 -29.4287 29.4287
3.931 -29.5689 29.5689
3.932 -29.7056 29.7056
3.933 -29.8386 29.8386
3.934 -29.9683 29.9683
3.935 -30.0945 30.0945
3.936 -30.2174 30.2174
3.937 -30.3369 30.3369
3.938 -30.4531 30.4531
3.939 -30.5661 30.5661
3.94 -30.676 30.676
3.941 -30.7827 30.7827
3.942 -30.8863 30.8863
3.943 -30.9865 30.9865
3.944 -31.0836 31.0836
3.945 -31.1773 31.1773
3.946 -31.2678 31.2678
3.947 -31.3548 31.3548
3.948 -31.4386 31.4386
3.949 -31.5189 31.5189
3.95 -31.5959 31.5959
3.951 -31.6695 31.6695
3.952 -31.7398 31.7398
3.953 -31.8064 31.8064
3.954 -31.8696 31.8696
3.955 -31.9291 31.9291
3.956 -31.985 31.985
3.957 -32.0371 32.0371
3.958 -32.0856 32.0856
3.959 -32.1303 32.1303
3.96 -32.1714 32.1714
3.961 -32.2086 32.2086
3.962 -32.2421 32.2421
3.963 -32.2715 32.2715
3.964 -32.2969 32.2969
3.965 -32.3182 32.3182
3.966 -32.3353 32.3353
3.967 -32.3481 32.3481
3.968 -32.3567 32.3567
3.969 -32.3608 32.3608
3.97 -32.3607 32.3607
3.971 -32.3561 32.3561
3.972 -32.347 32.347
3.973 -32.3333 32.3333
3.974 -32.315 32.315
3.975 -32.2919 32.2919
3.976 -32.264 32.264
3.977 -32.2312 32.2312
3.978 -32.1936 32.1936
3.979 -32.1509 32.1509
3.98 -32.1033 32.1033
3.981 -32.0505 32.0505
3.982 -31.9928 31.9928
3.983 -31.9299 31.9299
3.984 -31.862 31.862
3.985 -31.7888 31.7888
3.986 -31.7106 31.7106
3.987 -31.6271 31.6271
3.988 -31.5385 31.5385
3.989 -31.4446 31.4446
3.99 -31.3455 31.3455
3.991 -31.2411 31.2411
3.992 -31.1317 31.1317
3.993 -31.0171 31.0171
3.994 -30.8977 30.8977
3.995 -30.7733 30.7733
3.996 -30.6443 30.6443
3.997 -30.5104 30.5104
3.998 -30.372 30.372
3.999 -30.2289 30.2289
4 -30.0814 30.0814
4.001 -29.9292 29.9292
4.002 -29.773 29.773
4.003 -29.6126 29.6126
4.004 -29.4487 29.4487
4.005 -29.2811 29.2811
4.006 -29.1104 29.1104
4.007 -28.9365 28.9365
4.008 -28.7598 28.7598
4.009 -28.5802 28.5802
4.01 -28.3981 28.3981
4.011 -28.2134 28.2134
4.012 -28.0267 28.0267
4.013 -27.8382 27.8382
4.014 -27.6483 27.6483
4.015 -27.4571 27.4571
4.016 -27.2652 27.2652
4.017 -27.0725 27.0725
4.018 -26.8796 26.8796
4.019 -26.6864 26.6864
4.02 -26.4934 26.4934
4.021 -26.3007 26.3007
4.022 -26.1086 26.1086
4.023 -25.9172 25.9172
4.024 -25.7271 25.7271
4.025 -25.5382 25.5382
4.026 -25.351 25.351
4.027 -25.1654 25.1654
4.028 -24.982 24.982
4.029 -24.8008 24.8008
4.03 -24.622 24.622
4.031 -24.4458 24.4458
4.032 -24.2724 24.2724
4.033 -24.1017 24.1017
4.034 -23.934 23.934
4.035 -23.7692 23.7692
4.036 -23.6075 23.6075
4.037 -23.4489 23.4489
4.038 -23.2937 23.2937
4.039 -23.1417 23.1417
4.04 -22.9933 22.9933
4.041 -22.8483 22.8483
4.042 -22.7069 22.7069
4.043 -22.5688 22.5688
4.044 -22.4342 22.4342
4.045 -22.303 22.303
4.046 -22.1751 22.1751
4.047 -22.0505 22.0505
4.048 -21.9292 21.9292
4.049 -21.8112 21.8112
4.05 -21.6966 21.6966
4.051 -21.5851 21.5851
4.052 -21.477 21.477
4.053 -21.3719 21.3719
4.054 -21.27 21.27
4.055 -21.171 21.171
4.056 -21.075 21.075
4.057 -20.9819 20.9819
4.058 -20.8917 20.8917
4.059 -20.8043 20.8043
4.06 -20.7198 20.7198
4.061 -20.6379 20.6379
4.062 -20.5589 20.5589
4.063 -20.4827 20.4827
4.064 -20.4092 20.4092
4.065 -20.3385 20.3385
4.066 -20.2706 20.2706
4.067 -20.2054 20.2054
4.068 -20.1431 20.1431
4.069 -20.0835 20.0835
4.07 -20.0268 20.0268
4.071 -19.9729 19.9729
4.072 -19.9219 19.9219
4.073 -19.8739 19.8739
4.074 -19.829 19.829
4.075 -19.7872 19.7872
4.076 -19.7486 19.7486
4.077 -19.7133 19.7133
4.078 -19.6814 19.6814
4.079 -19.6528 19.6528
4.08 -19.6277 19.6277
4.081 -19.6062 19.6062
4.082 -19.5883 19.5883
4.083 -19.5742 19.5742
4.084 -19.5641 19.5641
4.085 -19.558 19.558
4.086 -19.5561 19.5561
4.087 -19.5583 19.5583
4.088 -19.565 19.565
4.089 -19.5761 19.5761
4.09 -19.5918 19.5918
4.091 -19.6121 19.6121
4.092 -19.6371 19.6371
4.093 -19.6667 19.6667
4.094 -19.7011 19.7011
4.095 -19.7401 19.7401
4.096 -19.784 19.784
4.097 -19.8325 19.8325
4.098 -19.8859 19.8859
4.099 -19.944 19.944
4.1 -20.0068 20.0068
4.101 -20.0743 20.0743
4.102 -20.1464 20.1464
4.103 -20.2228 20.2228
4.104 -20.3035 20.3035
4.105 -20.3881 20.3881
4.106 -20.4766 20.4766
4.107 -20.5688 20.5688
4.108 -20.6644 20.6644
4.109 -20.7633 20.7633
4.11 -20.8655 20.8655
4.111 -20.9705 20.9705
4.112 -21.0783 21.0783
4.113 -21.1886 21.1886
4.114 -21.3011 21.3011
4.115 -21.4155 21.4155
4.116 -21.5318 21.5318
4.117 -21.6495 21.6495
4.118 -21.7686 21.7686
4.119 -21.8887 21.8887
4.12 -22.0098 22.0098
4.121 -22.1316 22.1316
4.122 -22.2539 22.2539
4.123 -22.3766 22.3766
4.124 -22.4995 22.4995
4.125 -22.6225 22.6225
4.126 -22.7454 22.7454
4.127 -22.8681 22.8681
4.128 -22.9905 22.9905
4.129 -23.1125 23.1125
4.13 -23.2339 23.2339
4.131 -23.3546 23.3546
4.132 -23.4748 23.4748
4.133 -23.5944 23.5944
4.134 -23.7135 23.7135
4.135 -23.8322 23.8322
4.136 -23.9505 23.9505
4.137 -24.0683 24.0683
4.138 -24.1859 24.1859
4.139 -24.3032 24.3032
4.14 -24.4203 24.4203
4.141 -24.5372 24.5372
4.142 -24.6542 24.6542
4.143 -24.7714 24.7714
4.144 -24.8892 24.8892
4.145 -25.0077 25.0077
4.146 -25.1272 25.1272
4.147 -25.2478 25.2478
4.148 -25.3698 25.3698
4.149 -25.4931 25.4931
4.15 -25.6181 25.6181
4.151 -25.7448 25.7448
4.152 -25.8736 25.8736
4.153 -26.0045 26.0045
4.154 -26.1378 26.1378
4.155 -26.2735 26.2735
4.156 -26.4121 26.4121
4.157 -26.5534 26.5534
4.158 -26.6978 26.6978
4.159 -26.8452 26.8452
4.16 -26.9958 26.9958
4.161 -27.1495 27.1495
4.162 -27.3067 27.3067
4.163 -27.4669 27.4669
4.164 -27.6305 27.6305
4.165 -27.7972 27.7972
4.166 -27.9672 27.9672
4.167 -28.1402 28.1402
4.168 -28.3165 28.3165
4.169 -28.4956 28.4956
4.17 -28.6779 28.6779
4.171 -28.863 28.863
4.172 -29.0508 29.0508
4.173 -29.2409 29.2409
4.174 -29.4334 29.4334
4.175 -29.6276 29.6276
4.176 -29.8237 29.8237
4.177 -30.0212 30.0212
4.178 -30.2201 30.2201
4.179 -30.42 30.42
4.18 -30.621 30.621
4.181 -30.8226 30.8226
4.182 -31.0246 31.0246
4.183 -31.2267 31.2267
4.184 -31.4285 31.4285
4.185 -31.6295 31.6295
4.186 -31.8299 31.8299
4.187 -32.0289 32.0289
4.188 -32.2267 32.2267
4.189 -32.4228 32.4228
4.19 -32.6173 32.6173
4.191 -32.8097 32.8097
4.192 -33 33
4.193 -33.1875 33.1875
4.194 -33.3722 33.3722
4.195 -33.5537 33.5537
4.196 -33.7318 33.7318
4.197 -33.9063 33.9063
4.198 -34.0772 34.0772
4.199 -34.244 34.244
4.2 -34.407 34.407
4.201 -34.5657 34.5657
4.202 -34.7202 34.7202
4.203 -34.8699 34.8699
4.204 -35.0149 35.0149
4.205 -35.1548 35.1548
4.206 -35.2896 35.2896
4.207 -35.419 35.419
4.208 -35.5432 35.5432
4.209 -35.6619 35.6619
4.21 -35.7751 35.7751
4.211 -35.8827 35.8827
4.212 -35.9847 35.9847
4.213 -36.0807 36.0807
4.214 -36.1709 36.1709
4.215 -36.2548 36.2548
4.216 -36.3327 36.3327
4.217 -36.4041 36.4041
4.218 -36.4695 36.4695
4.219 -36.5284 36.5284
4.22 -36.5811 36.5811
4.221 -36.6273 36.6273
4.222 -36.6672 36.6672
4.223 -36.7005 36.7005
4.224 -36.7273 36.7273
4.225 -36.7474 36.7474
4.226 -36.761 36.761
4.227 -36.7677 36.7677
4.228 -36.7679 36.7679
4.229 -36.7613 36.7613
4.23 -36.748 36.748
4.231 -36.7279 36.7279
4.232 -36.7012 36.7012
4.233 -36.6676 36.6676
4.234 -36.6274 36.6274
4.235 -36.5804 36.5804
4.236 -36.5268 36.5268
4.237 -36.4662 36.4662
4.238 -36.3991 36.3991
4.239 -36.3251 36.3251
4.24 -36.2444 36.2444
4.241 -36.1568 36.1568
4.242 -36.0626 36.0626
4.243 -35.9616 35.9616
4.244 -35.8541 35.8541
4.245 -35.74 35.74
4.246 -35.6194 35.6194
4.247 -35.4921 35.4921
4.248 -35.3584 35.3584
4.249 -35.218 35.218
4.25 -35.0711 35.0711
4.251 -34.9175 34.9175
4.252 -34.7575 34.7575
4.253 -34.5909 34.5909
4.254 -34.418 34.418
4.255 -34.2387 34.2387
4.256 -34.0531 34.0531
4.257 -33.861 33.861
4.258 -33.6627 33.6627
4.259 -33.4579 33.4579
4.26 -33.2467 33.2467
4.261 -33.0289 33.0289
4.262 -32.8048 32.8048
4.263 -32.5742 32.5742
4.264 -32.3375 32.3375
4.265 -32.0943 32.0943
4.266 -31.845 31.845
4.267 -31.5892 31.5892
4.268 -31.3272 31.3272
4.269 -31.0587 31.0587
4.27 -30.7838 30.7838
4.271 -30.5023 30.5023
4.272 -30.2143 30.2143
4.273 -29.9196 29.9196
4.274 -29.6184 29.6184
4.275 -29.3104 29.3104
4.276 -28.9957 28.9957
4.277 -28.6741 28.6741
4.278 -28.3455 28.3455
4.279 -28.0098 28.0098
4.28 -27.6669 27.6669
4.281 -27.3164 27.3164
4.282 -26.9585 26.9585
4.283 -26.5926 26.5926
4.284 -26.2189 26.2189
4.285 -25.8368 25.8368
4.286 -25.4463 25.4463
4.287 -25.047 25.047
4.288 -24.6387 24.6387
4.289 -24.221 24.221
4.29 -23.7938 23.7938
4.291 -23.3564 23.3564
4.292 -22.9069 22.9069
4.293 -22.4465 22.4465
4.294 -21.9749 21.9749
4.295 -21.4916 21.4916
4.296 -20.9962 20.9962
4.297 -20.4881 20.4881
4.298 -19.9668 19.9668
4.299 -19.4318 19.4318
4.3 -18.8825 18.8825
4.301 -18.3182 18.3182
4.302 -17.7384 17.7384
4.303 -17.1423 17.1423
4.304 -16.5291 16.5291
4.305 -15.8979 15.8979
4.306 -15.2481 15.2481
4.307 -14.5787 14.5787
4.308 -13.8889 13.8889
4.309 -13.1776 13.1776
4.31 -12.444 12.444
4.311 -11.687 11.687
4.312 -10.9057 10.9057
4.313 -10.0989 10.0989
4.314 -9.26545 9.26545
4.315 -8.40432 8.40432
4.316 -7.51439 7.51439
4.317 -6.59452 6.59452
4.318 -5.64365 5.64365
4.319 -4.66074 4.66074
4.32 -3.64483 3.64483
4.321 -2.59507 2.59507
4.322 -1.51077 1.51077
4.323 -0.391457 0.391457
4.324 0.763074 -0.763074
4.325 1.9526 -1.9526
4.326 3.17643 -3.17643
4.327 4.43343 -4.43343
4.328 5.72192 -5.72192
4.329 7.03973 -7.03973
4.33 8.38411 -8.38411
4.331 9.75169 -9.75169
4.332 11.1385 -11.1385
4.333 12.54 -12.54
4.334 13.9509 -13.9509
4.335 15.3658 -15.3658
4.336 16.7786 -16.7786
4.337 18.183 -18.183
4.338 19.5725 -19.5725
4.339 20.9407 -20.9407
4.34 22.2812 -22.2812
4.341 23.588 -23.588
4.342 24.8555 -24.8555
4.343 26.0786 -26.0786
4.344 27.2531 -27.2531
4.345 28.3754 -28.3754
4.346 29.4429 -29.4429
4.347 30.4538 -30.4538
4.348 31.4072 -31.4072
4.349 32.3029 -32.3029
4.35 33.1416 -33.1416
4.351 33.9245 -33.9245
4.352 34.6532 -34.6532
4.353 35.3301 -35.3301
4.354 35.9573 -35.9573
4.355 36.538 -36.538
4.356 37.0748 -37.0748
4.357 37.5708 -37.5708
4.358 38.0289 -38.0289
4.359 38.4521 -38.4521
4.36 38.8432 -38.8432
4.361 39.205 -39.205
4.362 39.5397 -39.5397
4.363 39.8501 -39.8501
4.364 40.1378 -40.1378
4.365 40.4052 -40.4052
4.366 40.6539 -40.6539
4.367 40.8858 -40.8858
4.368 41.1021 -41.1021
4.369 41.3045 -41.3045
4.37 41.4939 -41.4939
4.371 41.6718 -41.6718
4.372 41.8387 -41.8387
4.373 41.9959 -41.9959
4.374 42.1438 -42.1438
4.375 42.2833 -42.2833
4.376 42.4148 -42.4148
4.377 42.5391 -42.5391
4.378 42.6563 -42.6563
4.379 42.7673 -42.7673
4.38 42.872 -42.872
4.381 42.9712 -42.9712
4.382 43.0649 -43.0649
4.383 43.1536 -43.1536
4.384 43.2372 -43.2372
4.385 43.3164 -43.3164
4.386 43.3911 -43.3911
4.387 43.4617 -43.4617
4.388 43.528 -43.528
4.389 43.5906 -43.5906
4.39 43.6494 -43.6493
4.391 43.7046 -43.7046
4.392 43.7563 -43.7563
4.393 43.8049 -43.8049
4.394 43.8501 -43.8501
4.395 43.8925 -43.8925
4.396 43.9319 -43.9319
4.397 43.9686 -43.9686
4.398 44.0025 -44.0025
4.399 44.034 -44.034
4.4 44.0628 -44.0628
4.401 44.0894 -44.0894
4.402 44.1135 -44.1135
4.403 44.1356 -44.1356
4.404 44.1555 -44.1555
4.405 44.1736 -44.1736
4.406 44.1896 -44.1896
4.407 44.204 -44.204
4.408 44.2165 -44.2165
4.409 44.2276 -44.2276
4.41 44.2369 -44.2369
4.411 44.2448 -44.2448
4.412 44.2512 -44.2512
4.413 44.2564 -44.2564
4.414 44.2601 -44.2601
4.415 44.2629 -44.2629
4.416 44.2644 -44.2644
4.417 44.265 -44.265
4.418 44.2644 -44.2644
4.419 44.2631 -44.2631
4.42 44.2607 -44.2607
4.421 44.2577 -44.2577
4.422 44.2537 -44.2537
4.423 44.2491 -44.2491
4.424 44.2437 -44.2436
4.425 44.2377 -44.2377
4.426 44.2308 -44.2308
4.427 44.2236 -44.2236
4.428 44.2155 -44.2155
4.429 44.207 -44.207
4.43 44.1979 -44.1979
4.431 44.1884 -44.1884
4.432 44.1781 -44.1781
4.433 44.1675 -44.1675
4.434 44.1562 -44.1562
4.435 44.1444 -44.1444
4.436 44.1319 -44.1319
4.437 44.119 -44.119
4.438 44.1053 -44.1053
4.439 44.0912 -44.0912
4.44 44.0763 -44.0763
4.441 44.061 -44.061
4.442 44.0449 -44.0449
4.443 44.0283 -44.0283
4.444 44.0107 -44.0107
4.445 43.9926 -43.9926
4.446 43.9735 -43.9735
4.447 43.9537 -43.9537
4.448 43.9328 -43.9328
4.449 43.9113 -43.9113
4.45 43.8887 -43.8887
4.451 43.8654 -43.8654
4.452 43.8408 -43.8408
4.453 43.8153 -43.8153
4.454 43.7883 -43.7883
4.455 43.7602 -43.7602
4.456 43.7305 -43.7305
4.457 43.6994 -43.6994
4.458 43.6667 -43.6667
4.459 43.6326 -43.6326
4.46 43.5968 -43.5968
4.461 43.5594 -43.5594
4.462 43.52 -43.52
4.463 43.4787 -43.4787
4.464 43.435 -43.435
4.465 43.389 -43.389
4.466 43.3404 -43.3404
4.467 43.2893 -43.2893
4.468 43.2353 -43.2353
4.469 43.1787 -43.1787
4.47 43.119 -43.119
4.471 43.0566 -43.0566
4.472 42.9907 -42.9907
4.473 42.9216 -42.9216
4.474 42.8487 -42.8487
4.475 42.7721 -42.7721
4.476 42.6914 -42.6914
4.477 42.6066 -42.6066
4.478 42.5175 -42.5175
4.479 42.4242 -42.4242
4.48 42.3262 -42.3262
4.481 42.2239 -42.2239
4.482 42.1167 -42.1167
4.483 42.0047 -42.0047
4.484 41.8876 -41.8876
4.485 41.7655 -41.7655
4.486 41.6379 -41.6379
4.487 41.5051 -41.5051
4.488 41.3666 -41.3667
4.489 41.2227 -41.2227
4.49 41.0729 -41.0728
4.491 40.9174 -40.9174
4.492 40.756 -40.7559
4.493 40.5888 -40.5888
4.494 40.4157 -40.4156
4.495 40.2368 -40.2367
4.496 40.0517 -40.0517
4.497 39.8609 -39.8608
4.498 39.6637 -39.6637
4.499 39.4605 -39.4605
4.5 39.251 -39.251
4.501 39.0352 -39.0352
4.502 38.8131 -38.8131
4.503 38.5851 -38.5851
4.504 38.3508 -38.3508
4.505 38.1108 -38.1108
4.506 37.8647 -37.8647
4.507 37.6127 -37.6127
4.508 37.3546 -37.3546
4.509 37.0907 -37.0907
4.51 36.8205 -36.8205
4.511 36.5443 -36.5443
4.512 36.2621 -36.2621
4.513 35.9741 -35.9741
4.514 35.6802 -35.6802
4.515 35.3808 -35.3808
4.516 35.0756 -35.0756
4.517 34.765 -34.765
4.518 34.4486 -34.4486
4.519 34.1266 -34.1266
4.52 33.7988 -33.7988
4.521 33.4654 -33.4654
4.522 33.1261 -33.1261
4.523 32.7814 -32.7814
4.524 32.431 -32.431
4.525 32.0751 -32.0751
4.526 31.7137 -31.7137
4.527 31.3467 -31.3467
4.528 30.9741 -30.9741
4.529 30.5959 -30.596
4.53 30.2119 -30.212
4.531 29.8222 -29.8222
4.532 29.4266 -29.4266
4.533 29.0251 -29.0251
4.534 28.6175 -28.6175
4.535 28.2038 -28.2038
4.536 27.7839 -27.7839
4.537 27.3577 -27.3577
4.538 26.9249 -26.9249
4.539 26.4855 -26.4854
4.54 26.0391 -26.0391
4.541 25.5858 -25.5858
4.542 25.1251 -25.1251
4.543 24.6577 -24.6577
4.544 24.1818 -24.1818
4.545 23.6961 -23.6961
4.546 23.2022 -23.2022
4.547 22.7004 -22.7004
4.548 22.1904 -22.1904
4.549 21.6719 -21.6719
4.55 21.1446 -21.1446
4.551 20.6082 -20.6082
4.552 20.0623 -20.0623
4.553 19.5067 -19.5067
4.554 18.9407 -18.9407
4.555 18.3641 -18.3641
4.556 17.7763 -17.7763
4.557 17.177 -17.177
4.558 16.5657 -16.5657
4.559 15.9419 -15.9419
4.56 15.3051 -15.3051
4.561 14.6549 -14.6549
4.562 13.9906 -13.9906
4.563 13.3116 -13.3116
4.564 12.6172 -12.6172
4.565 11.9068 -11.9068
4.566 11.1798 -11.1798
4.567 10.4354 -10.4354
4.568 9.67309 -9.67309
4.569 8.89214 -8.89214
4.57 8.09191 -8.09191
4.571 7.27177 -7.27177
4.572 6.43102 -6.43102
4.573 5.56902 -5.56902
4.574 4.68512 -4.68512
4.575 3.7788 -3.7788
4.576 2.84959 -2.84959
4.577 1.89714 -1.89714
4.578 0.921242 -0.921242
4.579 -0.0781306 0.0781306
4.58 -1.10077 1.10077
4.581 -2.14617 2.14617
4.582 -3.21358 3.21358
4.583 -4.30197 4.30197
4.584 -5.40996 5.40996
4.585 -6.53589 6.53589
4.586 -7.67773 7.67773
4.587 -8.8331 8.8331
4.588 -9.99931 9.99931
4.589 -11.1733 11.1733
4.59 -12.3518 12.3518
4.591 -13.5311 13.5311
4.592 -14.7075 14.7075
4.593 -15.8771 15.8771
4.594 -17.0358 17.0358
4.595 -18.1796 18.1796
4.596 -19.3045 19.3045
4.597 -20.4065 20.4065
4.598 -21.4819 21.4819
4.599 -22.5273 22.5273
4.6 -23.5396 23.5396
4.601 -24.5161 24.5161
4.602 -25.4546 25.4546
4.603 -26.3534 26.3534
4.604 -27.2113 27.2113
4.605 -28.0274 28.0274
4.606 -28.8016 28.8016
4.607 -29.5339 29.5339
4.608 -30.2248 30.2248
4.609 -30.8752 30.8752
4.61 -31.4864 31.4864
4.611 -32.0596 32.0596
4.612 -32.5967 32.5967
4.613 -33.0994 33.0994
4.614 -33.5699 33.5699
4.615 -34.01 34.01
4.616 -34.422 34.422
4.617 -34.8077 34.8077
4.618 -35.1693 35.1693
4.619 -35.5084 35.5084
4.62 -35.8272 35.8272
4.621 -36.1273 36.1273
4.622 -36.4105 36.4105
4.623 -36.6783 36.6783
4.624 -36.9324 36.9324
4.625 -37.1741 37.1741
4.626 -37.4048 37.4048
4.627 -37.6255 37.6255
4.628 -37.8375 37.8375
4.629 -38.0416 38.0416
4.63 -38.2389 38.2389
4.631 -38.43 38.43
4.632 -38.6158 38.6158
4.633 -38.7967 38.7967
4.634 -38.9736 38.9736
4.635 -39.1468 39.1468
4.636 -39.317 39.317
4.637 -39.4843 39.4843
4.638 -39.6494 39.6494
4.639 -39.8123 39.8123
4.64 -39.9737 39.9737
4.641 -40.1334 40.1334
4.642 -40.2919 40.2919
4.643 -40.4491 40.4491
4.644 -40.6055 40.6055
4.645 -40.761 40.761
4.646 -40.9158 40.9158
4.647 -41.0698 41.0698
4.648 -41.2234 41.2234
4.649 -41.3764 41.3764
4.65 -41.5291 41.5291
4.651 -41.6813 41.6813
4.652 -41.8333 41.8333
4.653 -41.9845 41.9845
4.654 -42.1354 42.1354
4.655 -42.2854 42.2854
4.656 -42.435 42.435
4.657 -42.5837 42.5837
4.658 -42.7318 42.7318
4.659 -42.8791 42.8791
4.66 -43.0258 43.0258
4.661 -43.1716 43.1716
4.662 -43.3164 43.3164
4.663 -43.4599 43.4599
4.664 -43.6019 43.6019
4.665 -43.7421 43.7421
4.666 -43.8807 43.8807
4.667 -44.0171 44.0171
4.668 -44.1517 44.1517
4.669 -44.284 44.284
4.67 -44.4144 44.4144
4.671 -44.5424 44.5424
4.672 -44.6681 44.6681
4.673 -44.7907 44.7907
4.674 -44.9105 44.9105
4.675 -45.0269 45.0269
4.676 -45.1399 45.1399
4.677 -45.2493 45.2493
4.678 -45.3553 45.3553
4.679 -45.4574 45.4574
4.68 -45.556 45.556
4.681 -45.6507 45.6507
4.682 -45.7416 45.7416
4.683 -45.8281 45.8281
4.684 -45.9104 45.9104
4.685 -45.988 45.988
4.686 -46.0612 46.0612
4.687 -46.1296 46.1296
4.688 -46.1935 46.1935
4.689 -46.2525 46.2525
4.69 -46.307 46.307
4.691 -46.3565 46.3565
4.692 -46.4014 46.4014
4.693 -46.4413 46.4413
4.694 -46.4764 46.4764
4.695 -46.5063 46.5063
4.696 -46.5315 46.5315
4.697 -46.5515 46.5515
4.698 -46.5667 46.5667
4.699 -46.5767 46.5767
4.7 -46.582 46.5819
4.701 -46.5821 46.5821
4.702 -46.5775 46.5775
4.703 -46.5679 46.5679
4.704 -46.5536 46.5536
4.705 -46.5344 46.5344
4.706 -46.5106 46.5106
4.707 -46.4819 46.4819
4.708 -46.4486 46.4486
4.709 -46.4106 46.4106
4.71 -46.368 46.368
4.711 -46.3207 46.3207
4.712 -46.2689 46.2689
4.713 -46.2126 46.2126
4.714 -46.1519 46.1519
4.715 -46.0867 46.0867
4.716 -46.0174 46.0174
4.717 -45.9435 45.9435
4.718 -45.8655 45.8655
4.719 -45.7831 45.7831
4.72 -45.6965 45.6965
4.721 -45.6056 45.6056
4.722 -45.5106 45.5106
4.723 -45.4112 45.4112
4.724 -45.3078 45.3078
4.725 -45.2001 45.2001
4.726 -45.0884 45.0884
4.727 -44.9723 44.9723
4.728 -44.8523 44.8523
4.729 -44.7279 44.7279
4.73 -44.5996 44.5995
4.731 -44.4668 44.4668
4.732 -44.33 44.33
4.733 -44.1889 44.1889
4.734 -44.0437 44.0437
4.735 -43.8942 43.8942
4.736 -43.7406 43.7406
4.737 -43.5827 43.5827
4.738 -43.4206 43.4206
4.739 -43.254 43.254
4.74 -43.0833 43.0833
4.741 -42.908 42.908
4.742 -42.7285 42.7285
4.743 -42.5445 42.5445
4.744 -42.3562 42.3562
4.745 -42.1634 42.1634
4.746 -41.9664 41.9664
4.747 -41.7647 41.7647
4.748 -41.5587 41.5586
4.749 -41.3479 41.3479
4.75 -41.1327 41.1326
4.751 -40.9126 40.9126
4.752 -40.6879 40.6879
4.753 -40.4584 40.4584
4.754 -40.2241 40.2241
4.755 -39.9849 39.9849
4.756 -39.7408 39.7408
4.757 -39.4916 39.4916
4.758 -39.2374 39.2374
4.759 -38.9779 38.9779
4.76 -38.7132 38.7132
4.761 -38.4429 38.4429
4.762 -38.1672 38.1672
4.763 -37.8855 37.8855
4.764 -37.598 37.598
4.765 -37.3042 37.3042
4.766 -37.0042 37.0042
4.767 -36.6975 36.6975
4.768 -36.3842 36.3842
4.769 -36.0638 36.0638
4.77 -35.7364 35.7364
4.771 -35.4014 35.4014
4.772 -35.0588 35.0588
4.773 -34.7079 34.7079
4.774 -34.3486 34.3486
4.775 -33.9803 33.9803
4.776 -33.6028 33.6029
4.777 -33.2156 33.2156
4.778 -32.8185 32.8185
4.779 -32.4107 32.4107
4.78 -31.9922 31.9922
4.781 -31.5622 31.5622
4.782 -31.1204 31.1204
4.783 -30.6662 30.6662
4.784 -30.1991 30.199
4.785 -29.7183 29.7183
4.786 -29.2235 29.2235
4.787 -28.7138 28.7138
4.788 -28.1886 28.1886
4.789 -27.647 27.647
4.79 -27.0883 27.0883
4.791 -26.5115 26.5115
4.792 -25.9157 25.9157
4.793 -25.2978 25.2978
4.794 -24.6597 24.6597
4.795 -24.0003 24.0003
4.796 -23.3188 23.3188
4.797 -22.614 22.614
4.798 -21.8847 21.8847
4.799 -21.1297 21.1297
4.8 -20.3477 20.3477
4.801 -19.5372 19.5372
4.802 -18.697 18.697
4.803 -17.8256 17.8256
4.804 -16.9213 16.9213
4.805 -15.9826 15.9826
4.806 -15.0077 15.0077
4.807 -13.9948 13.9948
4.808 -12.9418 12.9418
4.809 -11.8467 11.8467
4.81 -10.7073 10.7073
4.811 -9.52155 9.52155
4.812 -8.28729 8.28729
4.813 -7.00243 7.00243
4.814 -5.66498 5.66498
4.815 -4.27308 4.27308
4.816 -2.8251 2.8251
4.817 -1.31979 1.31979
4.818 0.243575 -0.243575
4.819 1.86489 -1.86489
4.82 3.54291 -3.54291
4.821 5.27521 -5.27521
4.822 7.05806 -7.05806
4.823 8.88638 -8.88638
4.824 10.7536 -10.7536
4.825 12.6518 -12.6518
4.826 14.5715 -14.5715
4.827 16.502 -16.502
4.828 18.4314 -18.4314
4.829 20.347 -20.347
4.83 22.2358 -22.2358
4.831 24.0848 -24.0848
4.832 25.8814 -25.8814
4.833 27.614 -27.614
4.834 29.2726 -29.2726
4.835 30.8489 -30.8489
4.836 32.3363 -32.3363
4.837 33.7308 -33.7308
4.838 35.0301 -35.0301
4.839 36.2342 -36.2342
4.84 37.3445 -37.3445
4.841 38.3643 -38.3643
4.842 39.2977 -39.2977
4.843 40.15 -40.15
4.844 40.9268 -40.9268
4.845 41.6344 -41.6344
4.846 42.2787 -42.2787
4.847 42.8659 -42.8659
4.848 43.4017 -43.4017
4.849 43.8917 -43.8917
4.85 44.3408 -44.3408
4.851 44.7539 -44.7539
4.852 45.1349 -45.1349
4.853 45.4875 -45.4875
4.854 45.815 -45.815
4.855 46.1203 -46.1203
4.856 46.4059 -46.4059
4.857 46.6741 -46.6741
4.858 46.9268 -46.9267
4.859 47.1657 -47.1657
4.86 47.3923 -47.3923
4.861 47.6079 -47.6079
4.862 47.8131 -47.8131
4.863 48.0089 -48.0089
4.864 48.1955 -48.1955
4.865 48.3737 -48.3737
4.866 48.5439 -48.5439
4.867 48.7065 -48.7065
4.868 48.8619 -48.8619
4.869 49.0105 -49.0105
4.87 49.1524 -49.1524
4.871 49.2882 -49.2882
4.872 49.4174 -49.4174
4.873 49.5404 -49.5404
4.874 49.6568 -49.6568
4.875 49.7669 -49.7669
4.876 49.8706 -49.8706
4.877 49.968 -49.968
4.878 50.0591 -50.0591
4.879 50.1443 -50.1442
4.88 50.2232 -50.2232
4.881 50.2962 -50.2962
4.882 50.3631 -50.3631
4.883 50.4239 -50.4239
4.884 50.4784 -50.4784
4.885 50.5269 -50.5269
4.886 50.5691 -50.5691
4.887 50.6053 -50.6053
4.888 50.6352 -50.6352
4.889 50.6592 -50.6592
4.89 50.6771 -50.677
4.891 50.6891 -50.6891
4.892 50.6951 -50.6951
4.893 50.6954 -50.6954
4.894 50.6898 -50.6898
4.895 50.6787 -50.6787
4.896 50.6618 -50.6618
4.897 50.6395 -50.6395
4.898 50.6115 -50.6115
4.899 50.5782 -50.5782
4.9 50.5393 -50.5393
4.901 50.4952 -50.4952
4.902 50.4457 -50.4457
4.903 50.3915 -50.3915
4.904 50.3322 -50.3322
4.905 50.2685 -50.2685
4.906 50.2 -50.2
4.907 50.1272 -50.1272
4.908 50.0498 -50.0498
4.909 49.9682 -49.9682
4.91 49.8821 -49.8821
4.911 49.7919 -49.7919
4.912 49.6976 -49.6976
4.913 49.5998 -49.5998
4.914 49.4983 -49.4983
4.915 49.3937 -49.3937
4.916 49.2858 -49.2858
4.917 49.175 -49.175
4.918 49.0611 -49.0611
4.919 48.9444 -48.9444
4.92 48.8247 -48.8247
4.921 48.7025 -48.7025
4.922 48.5777 -48.5777
4.923 48.4508 -48.4508
4.924 48.322 -48.322
4.925 48.1916 -48.1916
4.926 48.0596 -48.0596
4.927 47.9263 -47.9263
4.928 47.7915 -47.7915
4.929 47.6557 -47.6557
4.93 47.5186 -47.5186
4.931 47.3806 -47.3806
4.932 47.2416 -47.2416
4.933 47.1021 -47.1021
4.934 46.962 -46.962
4.935 46.8217 -46.8217
4.936 46.6811 -46.6811
4.937 46.5404 -46.5404
4.938 46.3995 -46.3995
4.939 46.2588 -46.2588
4.94 46.118 -46.118
4.941 45.9774 -45.9774
4.942 45.8369 -45.8369
4.943 45.6967 -45.6967
4.944 45.5566 -45.5566
4.945 45.4168 -45.4168
4.946 45.2773 -45.2773
4.947 45.1381 -45.1381
4.948 44.9992 -44.9992
4.949 44.8608 -44.8608
4.95 44.7225 -44.7227
4.951 44.5849 -44.5849
4.952 44.4474 -44.4473
4.953 44.3102 -44.3101
4.954 44.173 -44.173
4.955 44.0361 -44.036
4.956 43.8991 -43.899
4.957 43.7622 -43.7622
4.958 43.6252 -43.6252
4.959 43.4883 -43.4883
4.96 43.3512 -43.3512
4.961 43.2142 -43.2142
4.962 43.0768 -43.0768
4.963 42.9393 -42.9393
4.964 42.8013 -42.8013
4.965 42.6629 -42.6629
4.966 42.5239 -42.5239
4.967 42.3844 -42.3844
4.968 42.2443 -42.2443
4.969 42.1035 -42.1035
4.97 41.962 -41.962
4.971 41.8198 -41.8199
4.972 41.6767 -41.6768
4.973 41.5328 -41.5328
4.974 41.3878 -41.3878
4.975 41.2417 -41.2417
4.976 41.0943 -41.0944
4.977 40.9459 -40.9459
4.978 40.796 -40.796
4.979 40.6449 -40.6449
4.98 40.4923 -40.4923
4.981 40.3384 -40.3384
4.982 40.1829 -40.1829
4.983 40.0259 -40.0259
4.984 39.8673 -39.8673
4.985 39.7071 -39.7071
4.986 39.5451 -39.5451
4.987 39.3815 -39.3815
4.988 39.216 -39.216
4.989 39.0488 -39.0488
4.99 38.8797 -38.8797
4.991 38.7087 -38.7087
4.992 38.5358 -38.5358
4.993 38.3611 -38.3611
4.994 38.1844 -38.1844
4.995 38.0058 -38.0058
4.996 37.8253 -37.8253
4.997 37.6429 -37.6429
4.998 37.4585 -37.4585
4.999 37.2722 -37.2722
5 37.0838 -37.0838
5.001 36.8935 -36.8935
5.002 36.7012 -36.7012
5.003 36.507 -36.507
5.004 36.3109 -36.3109
5.005 36.113 -36.1131
5.006 35.9133 -35.9133
5.007 35.7119 -35.7119
5.008 35.5086 -35.5087
5.009 35.3037 -35.3037
5.01 35.097 -35.097
5.011 34.8886 -34.8886
5.012 34.6784 -34.6784
5.013 34.4667 -34.4667
5.014 34.2532 -34.2532
5.015 34.0382 -34.0382
5.016 33.8216 -33.8216
5.017 33.6034 -33.6034
5.018 33.3836 -33.3836
5.019 33.1623 -33.1623
5.02 32.9395 -32.9395
5.021 32.7151 -32.7151
5.022 32.4891 -32.4891
5.023 32.2615 -32.2615
5.024 32.0323 -32.0323
5.025 31.8016 -31.8016
5.026 31.5691 -31.5691
5.027 31.3349 -31.3349
5.028 31.099 -31.099
5.029 30.8614 -30.8614
5.03 30.622 -30.622
5.031 30.3808 -30.3808
5.032 30.1377 -30.1377
5.033 29.8926 -29.8927
5.034 29.6455 -29.6455
5.035 29.3964 -29.3964
5.036 29.145 -29.145
5.037 28.8914 -28.8914
5.038 28.6354 -28.6354
5.039 28.377 -28.377
5.04 28.1161 -28.1161
5.041 27.8527 -27.8527
5.042 27.5865 -27.5866
5.043 27.3176 -27.3176
5.044 27.0456 -27.0456
5.045 26.7706 -26.7706
5.046 26.4923 -26.4923
5.047 26.2106 -26.2106
5.048 25.9254 -25.9254
5.049 25.6364 -25.6364
5.05 25.3436 -25.3436
5.051 25.0468 -25.0468
5.052 24.7459 -24.7459
5.053 24.4405 -24.4406
5.054 24.1306 -24.1306
5.055 23.8158 -23.8158
5.056 23.496 -23.496
5.057 23.171 -23.171
5.058 22.8404 -22.8404
5.059 22.5042 -22.5042
5.06 22.1625 -22.1625
5.061 21.8143 -21.8143
5.062 21.459 -21.459
5.063 21.0958 -21.0958
5.064 20.7259 -20.7259
5.065 20.349 -20.349
5.066 19.9648 -19.9648
5.067 19.5731 -19.5731
5.068 19.1735 -19.1735
5.069 18.7657 -18.7657
5.07 18.3495 -18.3495
5.071 17.9245 -17.9245
5.072 17.4904 -17.4904
5.073 17.0467 -17.0467
5.074 16.5931 -16.5931
5.075 16.1291 -16.1291
5.076 15.6545 -15.6545
5.077 15.1686 -15.1686
5.078 14.6712 -14.6712
5.079 14.1617 -14.1617
5.08 13.6398 -13.6398
5.081 13.1048 -13.1048
5.082 12.5564 -12.5564
5.083 11.9939 -11.9939
5.084 11.4169 -11.4169
5.085 10.8246 -10.8246
5.086 10.2166 -10.2166
5.087 9.59233 -9.59233
5.088 8.95107 -8.95107
5.089 8.29228 -8.29228
5.09 7.61536 -7.61536
5.091 6.9197 -6.9197
5.092 6.20468 -6.20468
5.093 5.46971 -5.46971
5.094 4.71418 -4.71418
5.095 3.93755 -3.93755
5.096 3.13931 -3.13931
5.097 2.31902 -2.31902
5.098 1.4763 -1.4763
5.099 0.610899 -0.610899
5.1 -0.277326 0.277326
5.101 -1.18832 1.18832
5.102 -2.12182 2.12182
5.103 -3.07733 3.07733
5.104 -4.05414 4.05414
5.105 -5.05129 5.05129
5.106 -6.06757 6.06757
5.107 -7.10149 7.10149
5.108 -8.15132 8.15132
5.109 -9.21502 9.21502
5.11 -10.2903 10.2903
5.111 -11.3746 11.3746
5.112 -12.465 12.465
5.113 -13.5585 13.5585
5.114 -14.6518 14.6518
5.115 -15.7416 15.7416
5.116 -16.8242 16.8242
5.117 -17.8961 17.8961
5.118 -18.9537 18.9537
5.119 -19.9936 19.9936
5.12 -21.0124 21.0124
5.121 -22.0068 22.0068
5.122 -22.974 22.974
5.123 -23.9113 23.9113
5.124 -24.8164 24.8164
5.125 -25.6874 25.6874
5.126 -26.5229 26.5229
5.127 -27.3216 27.3216
5.128 -28.083 28.083
5.129 -28.8066 28.8066
5.13 -29.4926 29.4926
5.131 -30.1412 30.1412
5.132 -30.7532 30.7532
5.133 -31.3295 31.3295
5.134 -31.8712 31.8712
5.135 -32.3797 32.3797
5.136 -32.8563 32.8563
5.137 -33.3027 33.3027
5.138 -33.7205 33.7205
5.139 -34.1113 34.1113
5.14 -34.4769 34.4769
5.141 -34.8188 34.8188
5.142 -35.1386 35.1386
5.143 -35.438 35.438
5.144 -35.7184 35.7184
5.145 -35.9812 35.9812
5.146 -36.2278 36.2278
5.147 -36.4595 36.4595
5.148 -36.6775 36.6775
5.149 -36.8828 36.8828
5.15 -37.0766 37.0766
5.151 -37.2597 37.2597
5.152 -37.4331 37.4331
5.153 -37.5975 37.5975
5.154 -37.7536 37.7536
5.155 -37.9022 37.9022
5.156 -38.0438 38.0438
5.157 -38.179 38.179
5.158 -38.3084 38.3084
5.159 -38.4322 38.4322
5.16 -38.5511 38.5511
5.161 -38.6653 38.6653
5.162 -38.7752 38.7752
5.163 -38.8811 38.8811
5.164 -38.9833 38.9833
5.165 -39.0819 39.0819
5.166 -39.1773 39.1773
5.167 -39.2695 39.2695
5.168 -39.3589 39.3589
5.169 -39.4456 39.4456
5.17 -39.5297 39.5297
5.171 -39.6113 39.6113
5.172 -39.6906 39.6906
5.173 -39.7676 39.7676
5.174 -39.8425 39.8425
5.175 -39.9153 39.9153
5.176 -39.9861 39.9861
5.177 -40.055 40.055
5.178 -40.1221 40.1221
5.179 -40.1872 40.1872
5.18 -40.2508 40.2508
5.181 -40.3125 40.3125
5.182 -40.3726 40.3726
5.183 -40.431 40.431
5.184 -40.4879 40.4879
5.185 -40.543 40.543
5.186 -40.5966 40.5966
5.187 -40.6485 40.6485
5.188 -40.6989 40.6989
5.189 -40.7477 40.7477
5.19 -40.7951 40.7951
5.191 -40.8409 40.8409
5.192 -40.8853 40.8853
5.193 -40.928 40.928
5.194 -40.9693 40.9693
5.195 -41.0089 41.0089
5.196 -41.047 41.047
5.197 -41.0835 41.0835
5.198 -41.1185 41.1185
5.199 -41.1519 41.1519
5.2 -41.1838 41.1838
5.201 -41.2141 41.2141
5.202 -41.243 41.243
5.203 -41.2702 41.2702
5.204 -41.2959 41.2959
5.205 -41.32 41.32
5.206 -41.3426 41.3426
5.207 -41.3635 41.3635
5.208 -41.3829 41.3829
5.209 -41.4007 41.4007
5.21 -41.4171 41.4171
5.211 -41.4318 41.4318
5.212 -41.4451 41.4451
5.213 -41.4568 41.4568
5.214 -41.467 41.467
5.215 -41.4756 41.4756
5.216 -41.4827 41.4827
5.217 -41.4882 41.4882
5.218 -41.4923 41.4923
5.219 -41.4948 41.4948
5.22 -41.4959 41.4959
5.221 -41.4955 41.4955
5.222 -41.4937 41.4937
5.223 -41.4904 41.4904
5.224 -41.4857 41.4857
5.225 -41.4796 41.4796
5.226 -41.4722 41.4722
5.227 -41.4633 41.4633
5.228 -41.4532 41.4532
5.229 -41.4417 41.4417
5.23 -41.429 41.429
5.231 -41.415 41.415
5.232 -41.3998 41.3998
5.233 -41.3833 41.3833
5.234 -41.3658 41.3658
5.235 -41.3471 41.3471
5.236 -41.3275 41.3275
5.237 -41.3067 41.3067
5.238 -41.2851 41.2851
5.239 -41.2623 41.2623
5.24 -41.2388 41.2388
5.241 -41.2142 41.2142
5.242 -41.1889 41.1889
5.243 -41.1627 41.1627
5.244 -41.1358 41.1358
5.245 -41.1082 41.1082
5.246 -41.08 41.08
5.247 -41.0512 41.0512
5.248 -41.0219 41.0219
5.249 -40.992 40.992
5.25 -40.9617 40.9616
5.251 -40.9308 40.9308
5.252 -40.8996 40.8996
5.253 -40.868 40.868
5.254 -40.8363 40.8363
5.255 -40.8042 40.8042
5.256 -40.7721 40.7721
5.257 -40.7398 40.7398
5.258 -40.7075 40.7075
5.259 -40.6751 40.6751
5.26 -40.6428 40.6428
5.261 -40.6104 40.6104
5.262 -40.5782 40.5782
5.263 -40.5461 40.5461
5.264 -40.5141 40.5141
5.265 -40.4823 40.4823
5.266 -40.4508 40.4508
5.267 -40.4195 40.4195
5.268 -40.3885 40.3885
5.269 -40.3577 40.3577
5.27 -40.3274 40.3274
5.271 -40.2973 40.2973
5.272 -40.2676 40.2676
5.273 -40.2383 40.2383
5.274 -40.2094 40.2094
5.275 -40.1809 40.1809
5.276 -40.1529 40.1529
5.277 -40.1252 40.1252
5.278 -40.098 40.098
5.279 -40.0712 40.0712
5.28 -40.045 40.045
5.281 -40.0192 40.0192
5.282 -39.9939 39.9939
5.283 -39.9689 39.9689
5.284 -39.9446 39.9446
5.285 -39.9205 39.9205
5.286 -39.897 39.897
5.287 -39.8738 39.8738
5.288 -39.8512 39.8512
5.289 -39.8288 39.8288
5.29 -39.807 39.807
5.291 -39.7855 39.7855
5.292 -39.7645 39.7645
5.293 -39.7437 39.7437
5.294 -39.7234 39.7234
5.295 -39.7033 39.7033
5.296 -39.6836 39.6836
5.297 -39.6641 39.6641
5.298 -39.645 39.645
5.299 -39.6261 39.6261
5.3 -39.6076 39.6076
5.301 -39.5892 39.5892
5.302 -39.5711 39.5711
5.303 -39.5531 39.5531
5.304 -39.5354 39.5354
5.305 -39.5178 39.5178
5.306 -39.5005 39.5005
5.307 -39.4832 39.4832
5.308 -39.4661 39.4661
5.309 -39.449 39.449
5.31 -39.4322 39.4322
5.311 -39.4154 39.4154
5.312 -39.3987 39.3987
5.313 -39.3821 39.3821
5.314 -39.3655 39.3655
5.315 -39.3489 39.3489
5.316 -39.3324 39.3324
5.317 -39.3158 39.3158
5.318 -39.2992 39.2992
5.319 -39.2826 39.2826
5.32 -39.2659 39.2659
5.321 -39.2492 39.2492
5.322 -39.2325 39.2325
5.323 -39.2156 39.2156
5.324 -39.1988 39.1988
5.325 -39.1818 39.1818
5.326 -39.1648 39.1648
5.327 -39.1476 39.1476
5.328 -39.1304 39.1304
5.329 -39.113 39.113
5.33 -39.0956 39.0956
5.331 -39.078 39.078
5.332 -39.0603 39.0603
5.333 -39.0425 39.0425
5.334 -39.0246 39.0246
5.335 -39.0065 39.0065
5.336 -38.9883 38.9883
5.337 -38.9699 38.9699
5.338 -38.9515 38.9515
5.339 -38.9328 38.9328
5.34 -38.914 38.914
5.341 -38.895 38.895
5.342 -38.876 38.876
5.343 -38.8567 38.8567
5.344 -38.8375 38.8375
5.345 -38.8181 38.8181
5.346 -38.7987 38.7987
5.347 -38.7792 38.7792
5.348 -38.7597 38.7597
5.349 -38.7401 38.7401
5.35 -38.7206 38.7206
5.351 -38.701 38.701
5.352 -38.6816 38.6816
5.353 -38.6621 38.6621
5.354 -38.6428 38.6428
5.355 -38.6237 38.6237
5.356 -38.6048 38.6048
5.357 -38.5861 38.5861
5.358 -38.5677 38.5677
5.359 -38.5496 38.5496
5.36 -38.5318 38.5318
5.361 -38.5143 38.5143
5.362 -38.4972 38.4972
5.363 -38.4805 38.4805
5.364 -38.4643 38.4643
5.365 -38.4486 38.4486
5.366 -38.4334 38.4334
5.367 -38.4188 38.4188
5.368 -38.4048 38.4048
5.369 -38.3914 38.3914
5.37 -38.3787 38.3787
5.371 -38.3666 38.3666
5.372 -38.3553 38.3553
5.373 -38.3445 38.3445
5.374 -38.3345 38.3345
5.375 -38.3251 38.3251
5.376 -38.3164 38.3164
5.377 -38.3084 38.3084
5.378 -38.3011 38.3011
5.379 -38.2945 38.2945
5.38 -38.2886 38.2887
5.381 -38.2836 38.2833
5.382 -38.2789 38.2789
5.383 -38.2749 38.2748
5.384 -38.2714 38.2714
5.385 -38.2684 38.2684
5.386 -38.2659 38.2659
5.387 -38.2637 38.2637
5.388 -38.2619 38.2619
5.389 -38.2604 38.2604
5.39 -38.2593 38.2593
5.391 -38.2584 38.2584
5.392 -38.2576 38.2576
5.393 -38.2568 38.2568
5.394 -38.2559 38.2558
5.395 -38.2546 38.2546
5.396 -38.253 38.253
5.397 -38.2509 38.2509
5.398 -38.2483 38.2483
5.399 -38.245 38.245
5.4 -38.2411 38.2411
5.401 -38.2364 38.2364
5.402 -38.2307 38.2307
5.403 -38.2238 38.2238
5.404 -38.2155 38.2155
5.405 -38.2056 38.2056
5.406 -38.194 38.194
5.407 -38.1804 38.1804
5.408 -38.1649 38.1649
5.409 -38.1473 38.1473
5.41 -38.1275 38.1275
5.411 -38.1054 38.1053
5.412 -38.0808 38.0808
5.413 -38.0534 38.0534
5.414 -38.0233 38.0233
5.415 -37.99 37.99
5.416 -37.9537 37.9537
5.417 -37.914 37.914
5.418 -37.8711 37.8711
5.419 -37.8246 37.8246
5.42 -37.7746 37.7746
5.421 -37.7209 37.7209
5.422 -37.6635 37.6635
5.423 -37.6021 37.6021
5.424 -37.5368 37.5368
5.425 -37.4674 37.4673
5.426 -37.3938 37.3938
5.427 -37.3159 37.3158
5.428 -37.2337 37.2336
5.429 -37.147 37.1469
5.43 -37.0558 37.0558
5.431 -36.9601 36.9601
5.432 -36.8598 36.8598
5.433 -36.7549 36.7549
5.434 -36.6453 36.6453
5.435 -36.531 36.531
5.436 -36.4121 36.4121
5.437 -36.2883 36.2883
5.438 -36.1598 36.1598
5.439 -36.0263 36.0263
5.44 -35.888 35.888
5.441 -35.7446 35.7446
5.442 -35.5964 35.5964
5.443 -35.4433 35.4433
5.444 -35.2853 35.2853
5.445 -35.1225 35.1225
5.446 -34.9549 34.9549
5.447 -34.7824 34.7824
5.448 -34.6051 34.6051
5.449 -34.4229 34.4229
5.45 -34.2358 34.2358
5.451 -34.0436 34.0436
5.452 -33.8467 33.8467
5.453 -33.645 33.645
5.454 -33.4386 33.4386
5.455 -33.2276 33.2276
5.456 -33.012 33.012
5.457 -32.7919 32.7919
5.458 -32.5673 32.5673
5.459 -32.3381 32.3381
5.46 -32.1044 32.1044
5.461 -31.866 31.8661
5.462 -31.6233 31.6233
5.463 -31.3762 31.3762
5.464 -31.1249 31.1249
5.465 -30.8694 30.8694
5.466 -30.6098 30.6098
5.467 -30.3462 30.3462
5.468 -30.0785 30.0785
5.469 -29.8067 29.8067
5.47 -29.5309 29.5309
5.471 -29.2511 29.2511
5.472 -28.9674 28.9674
5.473 -28.6798 28.6798
5.474 -28.3885 28.3885
5.475 -28.0935 28.0935
5.476 -27.7949 27.7949
5.477 -27.4927 27.4927
5.478 -27.187 27.187
5.479 -26.8777 26.8777
5.48 -26.5649 26.5649
5.481 -26.2485 26.2484
5.482 -25.9285 25.9285
5.483 -25.6051 25.6051
5.484 -25.2783 25.2783
5.485 -24.948 24.948
5.486 -24.6144 24.6144
5.487 -24.2773 24.2773
5.488 -23.9369 23.9369
5.489 -23.593 23.593
5.49 -23.2456 23.2456
5.491 -22.8947 22.8947
5.492 -22.5404 22.5404
5.493 -22.1828 22.1828
5.494 -21.8211 21.8211
5.495 -21.4545 21.4545
5.496 -21.0844 21.0844
5.497 -20.7108 20.7108
5.498 -20.3339 20.3339
5.499 -19.9535 19.9535
5.5 -19.5697 19.5697
5.501 -19.1823 19.1823
5.502 -18.7913 18.7913
5.503 -18.3967 18.3967
5.504 -17.9984 17.9984
5.505 -17.5963 17.5963
5.506 -17.1903 17.1903
5.507 -16.7804 16.7804
5.508 -16.3665 16.3665
5.509 -15.9485 15.9485
5.51 -15.5264 15.5264
5.511 -15.1002 15.1002
5.512 -14.6696 14.6696
5.513 -14.2347 14.2347
5.514 -13.7954 13.7954
5.515 -13.3516 13.3516
5.516 -12.9032 12.9032
5.517 -12.4501 12.4501
5.518 -11.9924 11.9924
5.519 -11.5299 11.5299
5.52 -11.0627 11.0627
5.521 -10.5905 10.5905
5.522 -10.1135 10.1135
5.523 -9.63139 9.63139
5.524 -9.14427 9.14427
5.525 -8.65203 8.65203
5.526 -8.15466 8.15466
5.527 -7.6521 7.6521
5.528 -7.14436 7.14436
5.529 -6.63143 6.63143
5.53 -6.11333 6.11333
5.531 -5.59007 5.59007
5.532 -5.06168 5.06168
5.533 -4.5282 4.5282
5.534 -3.98969 3.98969
5.535 -3.44624 3.44624
5.536 -2.89795 2.89795
5.537 -2.34496 2.34496
5.538 -1.78745 1.78745
5.539 -1.22562 1.22562
5.54 -0.659716 0.659716
5.541 -0.0900125 0.0900125
5.542 0.483189 -0.483189
5.543 1.05954 -1.05954
5.544 1.63864 -1.63864
5.545 2.22003 -2.22003
5.546 2.80321 -2.80321
5.547 3.38765 -3.38765
5.548 3.97275 -3.97275
5.549 4.5579 -4.5579
5.55 5.14242 -5.14242
5.551 5.72561 -5.72561
5.552 6.30676 -6.30676
5.553 6.88513 -6.88513
5.554 7.45994 -7.45994
5.555 8.03043 -8.03043
5.556 8.59577 -8.59577
5.557 9.15517 -9.15517
5.558 9.70781 -9.70781
5.559 10.2529 -10.2529
5.56 10.7895 -10.7895
5.561 11.317 -11.317
5.562 11.8346 -11.8346
5.563 12.3416 -12.3416
5.564 12.8372 -12.8372
5.565 13.3208 -13.3208
5.566 13.7919 -13.7919
5.567 14.2498 -14.2498
5.568 14.694 -14.694
5.569 15.1241 -15.1241
5.57 15.5396 -15.5396
5.571 15.9402 -15.9402
5.572 16.3256 -16.3256
5.573 16.6957 -16.6957
5.574 17.0502 -17.0502
5.575 17.3891 -17.3891
5.576 17.7122 -17.7122
5.577 18.0198 -18.0198
5.578 18.3117 -18.3117
5.579 18.5881 -18.5881
5.58 18.849 -18.849
5.581 19.0949 -19.0949
5.582 19.3257 -19.3257
5.583 19.5419 -19.5419
5.584 19.7436 -19.7436
5.585 19.9313 -19.9313
5.586 20.1053 -20.1053
5.587 20.2659 -20.2659
5.588 20.4135 -20.4135
5.589 20.5486 -20.5486
5.59 20.6713 -20.6713
5.591 20.7823 -20.7823
5.592 20.8818 -20.8818
5.593 20.9703 -20.9703
5.594 21.0483 -21.0483
5.595 21.116 -21.116
5.596 21.174 -21.174
5.597 21.2226 -21.2226
5.598 21.2622 -21.2622
5.599 21.2932 -21.2932
5.6 21.3159 -21.3159
5.601 21.3307 -21.3307
5.602 21.338 -21.338
5.603 21.3381 -21.3381
5.604 21.3312 -21.3312
5.605 21.3178 -21.3178
5.606 21.2981 -21.2981
5.607 21.2725 -21.2725
5.608 21.241 -21.241
5.609 21.2042 -21.2042
5.61 21.1622 -21.1622
5.611 21.1152 -21.1152
5.612 21.0634 -21.0634
5.613 21.0072 -21.0072
5.614 20.9465 -20.9465
5.615 20.8816 -20.8816
5.616 20.8126 -20.8126
5.617 20.7398 -20.7398
5.618 20.6633 -20.6633
5.619 20.5831 -20.5831
5.62 20.4995 -20.4995
5.621 20.4126 -20.4126
5.622 20.3225 -20.3225
5.623 20.2293 -20.2293
5.624 20.1331 -20.1331
5.625 20.0341 -20.0341
5.626 19.9323 -19.9323
5.627 19.8279 -19.8279
5.628 19.7208 -19.7208
5.629 19.6113 -19.6113
5.63 19.4993 -19.4993
5.631 19.3851 -19.3851
5.632 19.2685 -19.2685
5.633 19.1499 -19.1499
5.634 19.0291 -19.0291
5.635 18.9064 -18.9064
5.636 18.7817 -18.7817
5.637 18.6551 -18.6551
5.638 18.5267 -18.5267
5.639 18.3966 -18.3966
5.64 18.2648 -18.2648
5.641 18.1313 -18.1313
5.642 17.9963 -17.9963
5.643 17.8598 -17.8598
5.644 17.7218 -17.7218
5.645 17.5825 -17.5825
5.646 17.4418 -17.4418
5.647 17.2998 -17.2998
5.648 17.1566 -17.1566
5.649 17.0123 -17.0123
5.65 16.8668 -16.8668
5.651 16.7203 -16.7203
5.652 16.5727 -16.5727
5.653 16.4242 -16.4242
5.654 16.2749 -16.2749
5.655 16.1249 -16.1249
5.656 15.9741 -15.9741
5.657 15.8228 -15.8228
5.658 15.6708 -15.6708
5.659 15.5185 -15.5185
5.66 15.3657 -15.3657
5.661 15.2126 -15.2126
5.662 15.0593 -15.0593
5.663 14.9059 -14.9059
5.664 14.7526 -14.7526
5.665 14.5994 -14.5994
5.666 14.4464 -14.4464
5.667 14.2939 -14.2939
5.668 14.1418 -14.1418
5.669 13.9903 -13.9903
5.67 13.8396 -13.8396
5.671 13.6897 -13.6897
5.672 13.5408 -13.5408
5.673 13.3931 -13.3931
5.674 13.2467 -13.2467
5.675 13.1018 -13.1018
5.676 12.9586 -12.9586
5.677 12.8173 -12.8173
5.678 12.6779 -12.6779
5.679 12.5407 -12.5407
5.68 12.4058 -12.4058
5.681 12.2735 -12.2735
5.682 12.1439 -12.1439
5.683 12.0173 -12.0173
5.684 11.894 -11.894
5.685 11.7741 -11.7741
5.686 11.658 -11.658
5.687 11.5458 -11.5458
5.688 11.4378 -11.4378
5.689 11.3343 -11.3343
5.69 11.2354 -11.2354
5.691 11.1415 -11.1415
5.692 11.0528 -11.0528
5.693 10.9695 -10.9695
5.694 10.8921 -10.8921
5.695 10.8207 -10.8207
5.696 10.7557 -10.7557
5.697 10.6973 -10.6973
5.698 10.6458 -10.6458
5.699 10.6015 -10.6015
5.7 10.5646 -10.5646
5.701 10.5354 -10.5354
5.702 10.5143 -10.5143
5.703 10.5013 -10.5013
5.704 10.4969 -10.4969
5.705 10.5013 -10.5013
5.706 10.5148 -10.5148
5.707 10.5375 -10.5375
5.708 10.5699 -10.5699
5.709 10.612 -10.612
5.71 10.6641 -10.6641
5.711 10.7264 -10.7264
5.712 10.7991 -10.7991
5.713 10.8824 -10.8824
5.714 10.9764 -10.9764
5.715 11.0813 -11.0813
5.716 11.1973 -11.1973
5.717 11.3243 -11.3243
5.718 11.4626 -11.4626
5.719 11.6122 -11.6122
5.72 11.7732 -11.7732
5.721 11.9457 -11.9457
5.722 12.1295 -12.1295
5.723 12.3246 -12.3246
5.724 12.5308 -12.5308
5.725 12.7481 -12.7481
5.726 12.9763 -12.9763
5.727 13.2152 -13.2152
5.728 13.4646 -13.4646
5.729 13.7243 -13.7243
5.73 13.994 -13.994
5.731 14.2735 -14.2735
5.732 14.5624 -14.5624
5.733 14.8602 -14.8602
5.734 15.1666 -15.1666
5.735 15.481 -15.481
5.736 15.8029 -15.8029
5.737 16.1319 -16.1319
5.738 16.4675 -16.4675
5.739 16.809 -16.809
5.74 17.1559 -17.1559
5.741 17.5077 -17.5077
5.742 17.8637 -17.8637
5.743 18.2231 -18.2231
5.744 18.5854 -18.5854
5.745 18.9498 -18.9498
5.746 19.3156 -19.3156
5.747 19.6823 -19.6823
5.748 20.049 -20.049
5.749 20.4152 -20.4152
5.75 20.7802 -20.7802
5.751 21.1434 -21.1434
5.752 21.5041 -21.5041
5.753 21.8618 -21.8618
5.754 22.2158 -22.2158
5.755 22.5656 -22.5656
5.756 22.9107 -22.9107
5.757 23.2506 -23.2506
5.758 23.5849 -23.5849
5.759 23.9131 -23.9131
5.76 24.2348 -24.2348
5.761 24.5498 -24.5498
5.762 24.8577 -24.8577
5.763 25.1582 -25.1582
5.764 25.451 -25.451
5.765 25.736 -25.736
5.766 26.0129 -26.0129
5.767 26.2817 -26.2817
5.768 26.5422 -26.5422
5.769 26.7943 -26.7943
5.77 27.0381 -27.0381
5.771 27.2735 -27.2735
5.772 27.5005 -27.5005
5.773 27.7193 -27.7193
5.774 27.9297 -27.9297
5.775 28.1321 -28.1321
5.776 28.3265 -28.3265
5.777 28.513 -28.513
5.778 28.6917 -28.6917
5.779 28.8628 -28.8628
5.78 29.0265 -29.0265
5.781 29.183 -29.183
5.782 29.3323 -29.3323
5.783 29.4749 -29.4749
5.784 29.6108 -29.6108
5.785 29.7404 -29.7404
5.786 29.8637 -29.8637
5.787 29.981 -29.981
5.788 30.0925 -30.0925
5.789 30.1985 -30.1985
5.79 30.299 -30.299
5.791 30.3944 -30.3944
5.792 30.4847 -30.4847
5.793 30.5703 -30.5703
5.794 30.6513 -30.6513
5.795 30.728 -30.728
5.796 30.8005 -30.8005
5.797 30.8691 -30.8691
5.798 30.9338 -30.9338
5.799 30.9949 -30.9949
5.8 31.0525 -31.0525
5.801 31.1068 -31.1068
5.802 31.1578 -31.1578
5.803 31.2059 -31.2059
5.804 31.251 -31.251
5.805 31.2935 -31.2935
5.806 31.3333 -31.3333
5.807 31.3707 -31.3707
5.808 31.4057 -31.4057
5.809 31.4385 -31.4385
5.81 31.469 -31.469
5.811 31.4975 -31.4975
5.812 31.5239 -31.5239
5.813 31.5485 -31.5485
5.814 31.5712 -31.5712
5.815 31.592 -31.592
5.816 31.6111 -31.6111
5.817 31.6285 -31.6285
5.818 31.6443 -31.6443
5.819 31.6584 -31.6584
5.82 31.671 -31.671
5.821 31.6821 -31.6821
5.822 31.6915 -31.6915
5.823 31.6995 -31.6995
5.824 31.7058 -31.7058
5.825 31.7105 -31.7105
5.826 31.7135 -31.7135
5.827 31.715 -31.715
5.828 31.7147 -31.7147
5.829 31.7128 -31.7128
5.83 31.7092 -31.7092
5.831 31.7039 -31.7039
5.832 31.6969 -31.6969
5.833 31.6881 -31.6881
5.834 31.6774 -31.6774
5.835 31.6648 -31.6648
5.836 31.6503 -31.6503
5.837 31.6338 -31.6338
5.838 31.6153 -31.6153
5.839 31.5948 -31.5948
5.84 31.5722 -31.5722
5.841 31.5477 -31.5477
5.842 31.5209 -31.5209
5.843 31.4921 -31.4921
5.844 31.4612 -31.4612
5.845 31.4281 -31.4281
5.846 31.3929 -31.3929
5.847 31.3556 -31.3556
5.848 31.316 -31.316
5.849 31.2743 -31.2743
5.85 31.2304 -31.2304
5.851 31.1844 -31.1844
5.852 31.1362 -31.1362
5.853 31.0859 -31.0859
5.854 31.0335 -31.0335
5.855 30.9791 -30.9791
5.856 30.9226 -30.9226
5.857 30.8642 -30.8642
5.858 30.8037 -30.8037
5.859 30.7413 -30.7413
5.86 30.677 -30.677
5.861 30.6107 -30.6107
5.862 30.5425 -30.5425
5.863 30.4726 -30.4726
5.864 30.4007 -30.4007
5.865 30.3272 -30.3272
5.866 30.2518 -30.2518
5.867 30.1748 -30.1748
5.868 30.0961 -30.0961
5.869 30.0158 -30.0158
5.87 29.9337 -29.9337
5.871 29.8501 -29.8501
5.872 29.7649 -29.7649
5.873 29.678 -29.678
5.874 29.5896 -29.5896
5.875 29.4995 -29.4995
5.876 29.4078 -29.4078
5.877 29.3146 -29.3146
5.878 29.2197 -29.2197
5.879 29.1233 -29.1233
5.88 29.0252 -29.0252
5.881 28.9256 -28.9256
5.882 28.8243 -28.8243
5.883 28.7214 -28.7214
5.884 28.6168 -28.6168
5.885 28.5105 -28.5105
5.886 28.4024 -28.4024
5.887 28.2926 -28.2926
5.888 28.181 -28.181
5.889 28.0676 -28.0676
5.89 27.9524 -27.9524
5.891 27.8353 -27.8353
5.892 27.7164 -27.7164
5.893 27.5955 -27.5955
5.894 27.4726 -27.4726
5.895 27.3477 -27.3477
5.896 27.2208 -27.2208
5.897 27.0918 -27.0918
5.898 26.9606 -26.9606
5.899 26.8273 -26.8273
5.9 26.6918 -26.6918
5.901 26.554 -26.554
5.902 26.414 -26.414
5.903 26.2718 -26.2718
5.904 26.1272 -26.1272
5.905 25.9803 -25.9803
5.906 25.831 -25.831
5.907 25.6793 -25.6793
5.908 25.5252 -25.5252
5.909 25.3687 -25.3687
5.91 25.2096 -25.2096
5.911 25.0481 -25.0481
5.912 24.884 -24.884
5.913 24.7174 -24.7174
5.914 24.5482 -24.5482
5.915 24.3765 -24.3765
5.916 24.2021 -24.2021
5.917 24.0251 -24.0251
5.918 23.8454 -23.8454
5.919 23.663 -23.663
5.92 23.4779 -23.4779
5.921 23.29 -23.29
5.922 23.0994 -23.0994
5.923 22.9059 -22.9059
5.924 22.7096 -22.7096
5.925 22.5104 -22.5104
5.926 22.3083 -22.3083
5.927 22.1032 -22.1032
5.928 21.8951 -21.8951
5.929 21.684 -21.684
5.93 21.4698 -21.4698
5.931 21.2525 -21.2525
5.932 21.032 -21.032
5.933 20.8084 -20.8084
5.934 20.5815 -20.5815
5.935 20.3514 -20.3514
5.936 20.1179 -20.1179
5.937 19.8812 -19.8812
5.938 19.6411 -19.6411
5.939 19.3976 -19.3976
5.94 19.1508 -19.1508
5.941 18.8998 -18.8999
5.942 18.6454 -18.6454
5.943 18.3874 -18.3874
5.944 18.1258 -18.1258
5.945 17.8608 -17.8608
5.946 17.5921 -17.5921
5.947 17.32 -17.32
5.948 17.0442 -17.0442
5.949 16.7649 -16.7649
5.95 16.482 -16.482
5.951 16.1954 -16.1954
5.952 15.9054 -15.9054
5.953 15.612 -15.612
5.954 15.3152 -15.3152
5.955 15.0152 -15.0152
5.956 14.7121 -14.7121
5.957 14.4059 -14.4059
5.958 14.0967 -14.0967
5.959 13.7847 -13.7847
5.96 13.4699 -13.4699
5.961 13.1523 -13.1523
5.962 12.8322 -12.8322
5.963 12.5097 -12.5097
5.964 12.1849 -12.1849
5.965 11.858 -11.858
5.966 11.5292 -11.5292
5.967 11.1986 -11.1986
5.968 10.8664 -10.8664
5.969 10.5326 -10.5326
5.97 10.1976 -10.1976
5.971 9.86139 -9.86139
5.972 9.52419 -9.52419
5.973 9.18617 -9.18617
5.974 8.84747 -8.84747
5.975 8.50829 -8.50829
5.976 8.1688 -8.1688
5.977 7.82919 -7.82919
5.978 7.48963 -7.48963
5.979 7.15034 -7.15034
5.98 6.8115 -6.8115
5.981 6.47332 -6.47332
5.982 6.13596 -6.13596
5.983 5.79962 -5.79962
5.984 5.46448 -5.46448
5.985 5.13073 -5.13073
5.986 4.79857 -4.79857
5.987 4.46822 -4.46822
5.988 4.1399 -4.1399
5.989 3.81382 -3.81382
5.99 3.49022 -3.49022
5.991 3.16934 -3.16934
5.992 2.85135 -2.85135
5.993 2.53647 -2.53647
5.994 2.22487 -2.22487
5.995 1.91678 -1.91678
5.996 1.61241 -1.61241
5.997 1.31197 -1.31197
5.998 1.01568 -1.01568
5.999 0.723799 -0.723799
6 0.436547 -0.436547
6.001 0.154153 -0.154153
6.002 -0.123188 0.123188
6.003 -0.395294 0.395294
6.004 -0.66198 0.66198
6.005 -0.92306 0.92306
6.006 -1.17834 1.17834
6.007 -1.42764 1.42764
6.008 -1.67077 1.67077
6.009 -1.90753 1.90753
6.01 -2.13773 2.13773
6.011 -2.36121 2.36121
6.012 -2.57781 2.57781
6.013 -2.78741 2.78741
6.014 -2.98989 2.98989
6.015 -3.18512 3.18512
6.016 -3.373 3.373
6.017 -3.55341 3.55341
6.018 -3.72625 3.72625
6.019 -3.89143 3.89143
6.02 -4.04886 4.04886
6.021 -4.19845 4.19845
6.022 -4.34014 4.34014
6.023 -4.47389 4.47389
6.024 -4.59964 4.59964
6.025 -4.71737 4.71737
6.026 -4.82703 4.82703
6.027 -4.92861 4.92861
6.028 -5.0221 5.0221
6.029 -5.10746 5.10746
6.03 -5.18472 5.18472
6.031 -5.25385 5.25385
6.032 -5.31483 5.31483
6.033 -5.36765 5.36765
6.034 -5.41227 5.41227
6.035 -5.44869 5.44869
6.036 -5.47689 5.47689
6.037 -5.49686 5.49686
6.038 -5.5086 5.5086
6.039 -5.51211 5.51211
6.04 -5.50739 5.50741
6.041 -5.49447 5.49447
6.042 -5.47331 5.47331
6.043 -5.44389 5.44389
6.044 -5.40621 5.40621
6.045 -5.36025 5.36025
6.046 -5.306 5.306
6.047 -5.24344 5.24344
6.048 -5.17257 5.17257
6.049 -5.09338 5.09338
6.05 -5.00587 5.00587
6.051 -4.91001 4.91001
6.052 -4.80578 4.80578
6.053 -4.69313 4.69313
6.054 -4.57202 4.57202
6.055 -4.4424 4.4424
6.056 -4.30425 4.30425
6.057 -4.15751 4.15751
6.058 -4.00215 4.00215
6.059 -3.83813 3.83813
6.06 -3.6654 3.6654
6.061 -3.48393 3.48393
6.062 -3.29367 3.29367
6.063 -3.09457 3.09457
6.064 -2.8866 2.8866
6.065 -2.6697 2.6697
6.066 -2.44385 2.44385
6.067 -2.209 2.209
6.068 -1.96512 1.96512
6.069 -1.71219 1.71219
6.07 -1.45016 1.45016
6.071 -1.17904 1.17904
6.072 -0.898802 0.898802
6.073 -0.609474 0.609474
6.074 -0.311071 0.311071
6.075 -0.00362453 0.00362454
6.076 0.312826 -0.312826
6.077 0.638223 -0.638223
6.078 0.972495 -0.972495
6.079 1.31556 -1.31556
6.08 1.66731 -1.66731
6.081 2.02762 -2.02762
6.082 2.39631 -2.39631
6.083 2.77319 -2.77319
6.084 3.15802 -3.15802
6.085 3.55057 -3.55057
6.086 3.95057 -3.95057
6.087 4.35773 -4.35773
6.088 4.77174 -4.77174
6.089 5.19227 -5.19227
6.09 5.61894 -5.61894
6.091 6.05138 -6.05138
6.092 6.48912 -6.48912
6.093 6.93169 -6.93169
6.094 7.37858 -7.37858
6.095 7.82928 -7.82928
6.096 8.28323 -8.28323
6.097 8.73986 -8.73986
6.098 9.19857 -9.19857
6.099 9.65878 -9.65878
6.1 10.1198 -10.1198
6.101 10.5811 -10.5811
6.102 11.0419 -11.0419
6.103 11.5015 -11.5015
6.104 11.9592 -11.9592
6.105 12.4144 -12.4144
6.106 12.8662 -12.8662
6.107 13.3141 -13.3141
6.108 13.7572 -13.7572
6.109 14.1951 -14.1951
6.11 14.6269 -14.6269
6.111 15.0522 -15.0522
6.112 15.4701 -15.4701
6.113 15.8805 -15.8805
6.114 16.2864 -16.2864
6.115 16.6859 -16.6859
6.116 17.0629 -17.0629
6.117 17.4359 -17.4359
6.118 17.7989 -17.7989
6.119 18.1515 -18.1515
6.12 18.4935 -18.4935
6.121 18.8246 -18.8246
6.122 19.1447 -19.1447
6.123 19.4536 -19.4536
6.124 19.7513 -19.7513
6.125 20.0377 -20.0377
6.126 20.3127 -20.3127
6.127 20.5765 -20.5765
6.128 20.829 -20.829
6.129 21.0703 -21.0703
6.13 21.3004 -21.3004
6.131 21.5197 -21.5197
6.132 21.7281 -21.7281
6.133 21.9261 -21.9261
6.134 22.1137 -22.1137
6.135 22.2912 -22.2912
6.136 22.4589 -22.4589
6.137 22.6171 -22.6171
6.138 22.766 -22.766
6.139 22.9059 -22.9059
6.14 23.0371 -23.0371
6.141 23.1599 -23.1599
6.142 23.2745 -23.2745
6.143 23.3815 -23.3815
6.144 23.481 -23.481
6.145 23.5735 -23.5735
6.146 23.6592 -23.6592
6.147 23.7385 -23.7385
6.148 23.8117 -23.8117
6.149 23.8792 -23.8792
6.15 23.9411 -23.9411
6.151 23.9978 -23.9978
6.152 24.0496 -24.0496
6.153 24.0969 -24.0969
6.154 24.14 -24.14
6.155 24.1793 -24.1793
6.156 24.215 -24.215
6.157 24.2474 -24.2474
6.158 24.2768 -24.2768
6.159 24.3036 -24.3036
6.16 24.3278 -24.3278
6.161 24.3498 -24.3498
6.162 24.3699 -24.3699
6.163 24.3883 -24.3883
6.164 24.4053 -24.4053
6.165 24.4213 -24.4213
6.166 24.4363 -24.4363
6.167 24.4507 -24.4507
6.168 24.4646 -24.4646
6.169 24.4784 -24.4784
6.17 24.492 -24.492
6.171 24.5059 -24.5059
6.172 24.5201 -24.5201
6.173 24.535 -24.535
6.174 24.5506 -24.5506
6.175 24.5673 -24.5673
6.176 24.5851 -24.5851
6.177 24.6043 -24.6043
6.178 24.6249 -24.6249
6.179 24.6473 -24.6473
6.18 24.6715 -24.6715
6.181 24.6976 -24.6976
6.182 24.7257 -24.7257
6.183 24.7561 -24.7561
6.184 24.7886 -24.7886
6.185 24.8236 -24.8236
6.186 24.8608 -24.8608
6.187 24.9007 -24.9007
6.188 24.943 -24.943
6.189 24.988 -24.988
6.19 25.0356 -25.0356
6.191 25.0859 -25.0859
6.192 25.1389 -25.1389
6.193 25.1945 -25.1945
6.194 25.2526 -25.2526
6.195 25.3133 -25.3133
6.196 25.3763 -25.3763
6.197 25.4418 -25.4418
6.198 25.5096 -25.5096
6.199 25.5798 -25.5798
6.2 25.6521 -25.6521
6.201 25.7267 -25.7267
6.202 25.8032 -25.8032
6.203 25.8816 -25.8816
6.204 25.9617 -25.9617
6.205 26.0434 -26.0434
6.206 26.1264 -26.1264
6.207 26.2108 -26.2108
6.208 26.2963 -26.2963
6.209 26.3829 -26.3829
6.21 26.4704 -26.4704
6.211 26.5588 -26.5588
6.212 26.6477 -26.6477
6.213 26.7371 -26.7371
6.214 26.8267 -26.8267
6.215 26.9164 -26.9164
6.216 27.0059 -27.0059
6.217 27.0952 -27.0952
6.218 27.1841 -27.1841
6.219 27.2725 -27.2725
6.22 27.3602 -27.3602
6.221 27.4472 -27.4472
6.222 27.5332 -27.5331
6.223 27.6182 -27.6182
6.224 27.7019 -27.7019
6.225 27.7844 -27.7844
6.226 27.8653 -27.8653
6.227 27.9448 -27.9448
6.228 28.0225 -28.0225
6.229 28.0986 -28.0986
6.23 28.1728 -28.1728
6.231 28.2452 -28.2452
6.232 28.3155 -28.3155
6.233 28.3837 -28.3837
6.234 28.4497 -28.4497
6.235 28.5133 -28.5133
6.236 28.5745 -28.5745
6.237 28.6333 -28.6333
6.238 28.6895 -28.6895
6.239 28.7431 -28.7431
6.24 28.7939 -28.7939
6.241 28.8422 -28.8422
6.242 28.8875 -28.8875
6.243 28.9302 -28.9302
6.244 28.9701 -28.9701
6.245 29.0072 -29.0072
6.246 29.0414 -29.0414
6.247 29.0728 -29.0728
6.248 29.1013 -29.1013
6.249 29.1271 -29.1271
6.25 29.1499 -29.1499
6.251 29.17 -29.17
6.252 29.1871 -29.1871
6.253 29.2016 -29.2016
6.254 29.2132 -29.2132
6.255 29.2221 -29.2221
6.256 29.2282 -29.2282
6.257 29.2317 -29.2317
6.258 29.2325 -29.2325
6.259 29.2307 -29.2307
6.26 29.2262 -29.2262
6.261 29.2192 -29.2192
6.262 29.2095 -29.2095
6.263 29.1974 -29.1974
6.264 29.1828 -29.1828
6.265 29.1659 -29.1659
6.266 29.1466 -29.1466
6.267 29.1251 -29.1251
6.268 29.1012 -29.1012
6.269 29.0751 -29.0751
6.27 29.0468 -29.0468
6.271 29.0165 -29.0165
6.272 28.9839 -28.9839
6.273 28.9494 -28.9494
6.274 28.9127 -28.9127
6.275 28.8742 -28.8742
6.276 28.8336 -28.8336
6.277 28.7913 -28.7913
6.278 28.747 -28.747
6.279 28.7009 -28.7009
6.28 28.6529 -28.6529
6.281 28.6032 -28.6032
6.282 28.5516 -28.5516
6.283 28.4984 -28.4984
6.284 28.4433 -28.4433
6.285 28.3866 -28.3866
6.286 28.328 -28.328
6.287 28.2678 -28.2678
6.288 28.2058 -28.2058
6.289 28.1421 -28.1421
6.29 28.0766 -28.0766
6.291 28.0094 -28.0094
6.292 27.9404 -27.9404
6.293 27.8697 -27.8697
6.294 27.797 -27.797
6.295 27.7226 -27.7226
6.296 27.6461 -27.6461
6.297 27.5678 -27.5678
6.298 27.4874 -27.4874
6.299 27.4051 -27.4051
6.3 27.3206 -27.3206
6.301 27.2342 -27.2342
6.302 27.1454 -27.1454
6.303 27.0545 -27.0545
6.304 26.9611 -26.9611
6.305 26.8653 -26.8653
6.306 26.7668 -26.7668
6.307 26.6659 -26.6659
6.308 26.5621 -26.5621
6.309 26.4556 -26.4556
6.31 26.3461 -26.3461
6.311 26.2337 -26.2337
6.312 26.1182 -26.1182
6.313 25.9996 -25.9996
6.314 25.8775 -25.8775
6.315 25.7521 -25.7521
6.316 25.623 -25.623
6.317 25.4903 -25.4903
6.318 25.3537 -25.3537
6.319 25.2134 -25.2134
6.32 25.0689 -25.0689
6.321 24.9204 -24.9204
6.322 24.7675 -24.7675
6.323 24.6104 -24.6104
6.324 24.4487 -24.4487
6.325 24.2824 -24.2824
6.326 24.1114 -24.1114
6.327 23.9355 -23.9355
6.328 23.7545 -23.7545
6.329 23.5685 -23.5685
6.33 23.3772 -23.3772
6.331 23.1805 -23.1805
6.332 22.9783 -22.9783
6.333 22.7706 -22.7706
6.334 22.5571 -22.5571
6.335 22.3378 -22.3378
6.336 22.1125 -22.1125
6.337 21.8812 -21.8812
6.338 21.6436 -21.6436
6.339 21.3998 -21.3998
6.34 21.1494 -21.1494
6.341 20.8924 -20.8923
6.342 20.6285 -20.6285
6.343 20.3577 -20.3577
6.344 20.08 -20.08
6.345 19.7945 -19.7945
6.346 19.5009 -19.5009
6.347 19.2 -19.2
6.348 18.8913 -18.8913
6.349 18.5749 -18.5749
6.35 18.2505 -18.2505
6.351 17.9179 -17.9179
6.352 17.577 -17.577
6.353 17.2275 -17.2275
6.354 16.8694 -16.8694
6.355 16.5025 -16.5025
6.356 16.1264 -16.1264
6.357 15.7411 -15.7411
6.358 15.3462 -15.3462
6.359 14.9417 -14.9417
6.36 14.5271 -14.5271
6.361 14.1023 -14.1023
6.362 13.6669 -13.6669
6.363 13.2209 -13.2209
6.364 12.7638 -12.7638
6.365 12.2955 -12.2955
6.366 11.8155 -11.8155
6.367 11.3238 -11.3238
6.368 10.8199 -10.8199
6.369 10.3035 -10.3035
6.37 9.77438 -9.77438
6.371 9.23213 -9.23213
6.372 8.67643 -8.67643
6.373 8.10699 -8.10699
6.374 7.52348 -7.52348
6.375 6.92559 -6.92559
6.376 6.31299 -6.31299
6.377 5.6854 -5.6854
6.378 5.04252 -5.04252
6.379 4.3841 -4.3841
6.38 3.70989 -3.70989
6.381 3.01969 -3.01969
6.382 2.31335 -2.31335
6.383 1.59076 -1.59076
6.384 0.851887 -0.851887
6.385 0.0967751 -0.0967751
6.386 -0.674427 0.674427
6.387 -1.46143 1.46143
6.388 -2.2638 2.2638
6.389 -3.08098 3.08098
6.39 -3.91224 3.91224
6.391 -4.75674 4.75674
6.392 -5.61349 5.61349
6.393 -6.4813 6.4813
6.394 -7.3589 7.3589
6.395 -8.24479 8.24479
6.396 -9.13737 9.13737
6.397 -10.0348 10.0348
6.398 -10.9354 10.9354
6.399 -11.8368 11.8368
6.4 -12.7371 12.7371
6.401 -13.6341 13.6341
6.402 -14.5253 14.5253
6.403 -15.4086 15.4086
6.404 -16.2816 16.2816
6.405 -17.1419 17.1419
6.406 -17.9875 17.9875
6.407 -18.816 18.816
6.408 -19.6256 19.6256
6.409 -20.4142 20.4142
6.41 -21.1802 21.1802
6.411 -21.9221 21.9221
6.412 -22.6387 22.6387
6.413 -23.3287 23.3287
6.414 -23.9914 23.9914
6.415 -24.6261 24.6261
6.416 -25.2325 25.2325
6.417 -25.8103 25.8103
6.418 -26.3597 26.3597
6.419 -26.8808 26.8808
6.42 -27.374 27.374
6.421 -27.8398 27.8398
6.422 -28.279 28.279
6.423 -28.6923 28.6923
6.424 -29.0806 29.0806
6.425 -29.4447 29.4447
6.426 -29.7859 29.7859
6.427 -30.1049 30.1049
6.428 -30.4031 30.4031
6.429 -30.6814 30.6814
6.43 -30.9409 30.9409
6.431 -31.1826 31.1826
6.432 -31.4076 31.4076
6.433 -31.6169 31.6169
6.434 -31.8115 31.8115
6.435 -31.9922 31.9922
6.436 -32.16 32.16
6.437 -32.3157 32.3157
6.438 -32.4601 32.4601
6.439 -32.5939 32.5939
6.44 -32.718 32.718
6.441 -32.8328 32.8328
6.442 -32.9391 32.9391
6.443 -33.0372 33.0372
6.444 -33.128 33.128
6.445 -33.2116 33.2116
6.446 -33.2887 33.2887
6.447 -33.3596 33.3596
6.448 -33.4248 33.4248
6.449 -33.4844 33.4844
6.45 -33.5391 33.5391
6.451 -33.5888 33.5888
6.452 -33.6341 33.6341
6.453 -33.675 33.675
6.454 -33.712 33.712
6.455 -33.745 33.745
6.456 -33.7744 33.7744
6.457 -33.8003 33.8003
6.458 -33.8229 33.8229
6.459 -33.8423 33.8423
6.46 -33.8587 33.8587
6.461 -33.8722 33.8722
6.462 -33.883 33.883
6.463 -33.8909 33.8909
6.464 -33.8965 33.8965
6.465 -33.8995 33.8995
6.466 -33.9002 33.9002
6.467 -33.8985 33.8985
6.468 -33.8948 33.8948
6.469 -33.8887 33.8887
6.47 -33.8808 33.8807
6.471 -33.8706 33.8706
6.472 -33.8587 33.8587
6.473 -33.8449 33.8449
6.474 -33.8293 33.8293
6.475 -33.812 33.812
6.476 -33.793 33.793
6.477 -33.7724 33.7724
6.478 -33.7503 33.7503
6.479 -33.7266 33.7266
6.48 -33.7016 33.7016
6.481 -33.675 33.675
6.482 -33.6472 33.6472
6.483 -33.618 33.618
6.484 -33.5877 33.5877
6.485 -33.5561 33.5561
6.486 -33.5235 33.5235
6.487 -33.4896 33.4896
6.488 -33.4548 33.4548
6.489 -33.4189 33.4189
6.49 -33.3822 33.3822
6.491 -33.3443 33.3443
6.492 -33.3057 33.3057
6.493 -33.2661 33.2661
6.494 -33.2257 33.2257
6.495 -33.1844 33.1844
6.496 -33.1423 33.1423
6.497 -33.0994 33.0994
6.498 -33.0558 33.0558
6.499 -33.0113 33.0113
6.5 -32.9662 32.9662
6.501 -32.9203 32.9203
6.502 -32.8738 32.8738
6.503 -32.8265 32.8265
6.504 -32.7786 32.7786
6.505 -32.7299 32.7299
6.506 -32.6807 32.6807
6.507 -32.6308 32.6308
6.508 -32.5803 32.5803
6.509 -32.5291 32.5291
6.51 -32.4774 32.4774
6.511 -32.425 32.425
6.512 -32.3722 32.3722
6.513 -32.3185 32.3185
6.514 -32.2644 32.2644
6.515 -32.2094 32.2094
6.516 -32.1539 32.1539
6.517 -32.0976 32.0976
6.518 -32.0406 32.0406
6.519 -31.9829 31.9829
6.52 -31.9246 31.9246
6.521 -31.8654 31.8654
6.522 -31.8056 31.8056
6.523 -31.7449 31.7449
6.524 -31.6835 31.6835
6.525 -31.6211 31.6211
6.526 -31.5579 31.5579
6.527 -31.4937 31.4937
6.528 -31.4287 31.4287
6.529 -31.3627 31.3627
6.53 -31.2958 31.2958
6.531 -31.2279 31.2279
6.532 -31.159 31.159
6.533 -31.089 31.089
6.534 -31.0181 31.0181
6.535 -30.9459 30.9459
6.536 -30.8727 30.8727
6.537 -30.7982 30.7982
6.538 -30.7227 30.7227
6.539 -30.6458 30.6458
6.54 -30.5679 30.5679
6.541 -30.4885 30.4885
6.542 -30.4081 30.4081
6.543 -30.3262 30.3262
6.544 -30.2431 30.2431
6.545 -30.1585 30.1585
6.546 -30.0726 30.0726
6.547 -29.9853 29.9853
6.548 -29.8966 29.8966
6.549 -29.8063 29.8063
6.55 -29.7147 29.7147
6.551 -29.6214 29.6214
6.552 -29.5268 29.5268
6.553 -29.4306 29.4306
6.554 -29.3329 29.3329
6.555 -29.2336 29.2336
6.556 -29.1329 29.1329
6.557 -29.0306 29.0306
6.558 -28.9268 28.9268
6.559 -28.8214 28.8214
6.56 -28.7146 28.7146
6.561 -28.606 28.606
6.562 -28.4961 28.4961
6.563 -28.3844 28.3844
6.564 -28.2713 28.2713
6.565 -28.1565 28.1565
6.566 -28.0401 28.0401
6.567 -27.9221 27.9221
6.568 -27.8026 27.8026
6.569 -27.6814 27.6814
6.57 -27.5586 27.5586
6.571 -27.4341 27.4341
6.572 -27.3081 27.3081
6.573 -27.1804 27.1804
6.574 -27.0511 27.0511
6.575 -26.9202 26.9202
6.576 -26.7877 26.7877
6.577 -26.6536 26.6536
6.578 -26.5179 26.5179
6.579 -26.3805 26.3805
6.58 -26.2416 26.2416
6.581 -26.101 26.101
6.582 -25.9588 25.9588
6.583 -25.815 25.815
6.584 -25.6696 25.6696
6.585 -25.5225 25.5225
6.586 -25.374 25.374
6.587 -25.2237 25.2237
6.588 -25.0718 25.0718
6.589 -24.9183 24.9183
6.59 -24.7632 24.7632
6.591 -24.6064 24.6064
6.592 -24.448 24.448
6.593 -24.2878 24.2878
6.594 -24.1259 24.1259
6.595 -23.9621 23.9621
6.596 -23.7965 23.7965
6.597 -23.629 23.629
6.598 -23.4597 23.4597
6.599 -23.2883 23.2883
6.6 -23.115 23.115
6.601 -22.9396 22.9396
6.602 -22.762 22.762
6.603 -22.5822 22.5822
6.604 -22.4 22.4
6.605 -22.2153 22.2153
6.606 -22.0281 22.0281
6.607 -21.8381 21.8381
6.608 -21.6454 21.6454
6.609 -21.4498 21.4498
6.61 -21.2512 21.2512
6.611 -21.0495 21.0495
6.612 -20.8446 20.8446
6.613 -20.6362 20.6362
6.614 -20.4244 20.4244
6.615 -20.2088 20.2088
6.616 -19.9895 19.9895
6.617 -19.7661 19.7661
6.618 -19.5387 19.5387
6.619 -19.307 19.307
6.62 -19.0713 19.0713
6.621 -18.8307 18.8307
6.622 -18.5849 18.5849
6.623 -18.3341 18.3341
6.624 -18.0783 18.0783
6.625 -17.8172 17.8172
6.626 -17.5508 17.5508
6.627 -17.2787 17.2787
6.628 -17.0009 17.0009
6.629 -16.7171 16.7171
6.63 -16.4273 16.4273
6.631 -16.1311 16.1311
6.632 -15.8286 15.8286
6.633 -15.5196 15.5196
6.634 -15.204 15.204
6.635 -14.8817 14.8817
6.636 -14.5525 14.5525
6.637 -14.2164 14.2164
6.638 -13.8731 13.8731
6.639 -13.5226 13.5226
6.64 -13.1647 13.1647
6.641 -12.7992 12.7992
6.642 -12.4262 12.4262
6.643 -12.0455 12.0455
6.644 -11.6571 11.6571
6.645 -11.2609 11.2609
6.646 -10.8569 10.8569
6.647 -10.445 10.445
6.648 -10.0251 10.0251
6.649 -9.59703 9.59703
6.65 -9.16084 9.16084
6.651 -8.71639 8.71639
6.652 -8.26367 8.26367
6.653 -7.80265 7.80265
6.654 -7.33332 7.33332
6.655 -6.85567 6.85567
6.656 -6.36969 6.36969
6.657 -5.87538 5.87538
6.658 -5.37275 5.37275
6.659 -4.86181 4.86181
6.66 -4.3426 4.3426
6.661 -3.81516 3.81516
6.662 -3.27957 3.27957
6.663 -2.73593 2.73593
6.664 -2.18434 2.18434
6.665 -1.62498 1.62498
6.666 -1.05802 1.05802
6.667 -0.483684 0.483684
6.668 0.0977558 -0.0977558
6.669 0.685977 -0.685977
6.67 1.28059 -1.28059
6.671 1.88116 -1.88116
6.672 2.4872 -2.4872
6.673 3.09816 -3.09816
6.674 3.71346 -3.71346
6.675 4.33244 -4.33244
6.676 4.9544 -4.9544
6.677 5.57859 -5.57859
6.678 6.20419 -6.20419
6.679 6.83035 -6.83035
6.68 7.45618 -7.45618
6.681 8.08075 -8.08075
6.682 8.70311 -8.70311
6.683 9.3223 -9.3223
6.684 9.93732 -9.93732
6.685 10.5472 -10.5472
6.686 11.1509 -11.1509
6.687 11.7474 -11.7474
6.688 12.3357 -12.3357
6.689 12.9148 -12.9148
6.69 13.4838 -13.4838
6.691 14.0416 -14.0416
6.692 14.5875 -14.5875
6.693 15.1205 -15.1205
6.694 15.6399 -15.6399
6.695 16.1449 -16.1449
6.696 16.6349 -16.6349
6.697 17.1094 -17.1094
6.698 17.5676 -17.5676
6.699 18.0093 -18.0093
6.7 18.434 -18.434
6.701 18.8415 -18.8415
6.702 19.2315 -19.2315
6.703 19.6039 -19.6039
6.704 19.9586 -19.9586
6.705 20.2957 -20.2957
6.706 20.6152 -20.6152
6.707 20.9172 -20.9172
6.708 21.202 -21.202
6.709 21.4698 -21.4698
6.71 21.7207 -21.7207
6.711 21.9553 -21.9553
6.712 22.1738 -22.1738
6.713 22.3767 -22.3767
6.714 22.5643 -22.5643
6.715 22.7372 -22.7372
6.716 22.8957 -22.8957
6.717 23.0405 -23.0405
6.718 23.1717 -23.1717
6.719 23.2902 -23.2902
6.72 23.3961 -23.3961
6.721 23.4902 -23.4902
6.722 23.5728 -23.5728
6.723 23.6444 -23.6444
6.724 23.7056 -23.7056
6.725 23.7567 -23.7567
6.726 23.7983 -23.7983
6.727 23.8307 -23.8307
6.728 23.8544 -23.8544
6.729 23.8699 -23.8699
6.73 23.8773 -23.8773
6.731 23.8773 -23.8773
6.732 23.87 -23.87
6.733 23.856 -23.856
6.734 23.8354 -23.8354
6.735 23.8088 -23.8088
6.736 23.7763 -23.7763
6.737 23.7383 -23.7383
6.738 23.695 -23.695
6.739 23.6468 -23.6468
6.74 23.5938 -23.5938
6.741 23.5363 -23.5363
6.742 23.4744 -23.4744
6.743 23.4085 -23.4085
6.744 23.3385 -23.3385
6.745 23.2648 -23.2648
6.746 23.1874 -23.1874
6.747 23.1065 -23.1065
6.748 23.0222 -23.0222
6.749 22.9347 -22.9347
6.75 22.8439 -22.8439
6.751 22.7502 -22.7502
6.752 22.6535 -22.6535
6.753 22.5538 -22.5538
6.754 22.4511 -22.4511
6.755 22.3455 -22.3455
6.756 22.2369 -22.2369
6.757 22.1255 -22.1255
6.758 22.0112 -22.0112
6.759 21.894 -21.894
6.76 21.774 -21.774
6.761 21.6511 -21.6511
6.762 21.5252 -21.5252
6.763 21.3964 -21.3964
6.764 21.2643 -21.2643
6.765 21.1291 -21.1291
6.766 20.9906 -20.9906
6.767 20.8487 -20.8487
6.768 20.7033 -20.7033
6.769 20.5543 -20.5543
6.77 20.4018 -20.4018
6.771 20.2455 -20.2455
6.772 20.0853 -20.0853
6.773 19.9213 -19.9213
6.774 19.7531 -19.7531
6.775 19.5808 -19.5808
6.776 19.4042 -19.4042
6.777 19.2231 -19.2231
6.778 19.0375 -19.0375
6.779 18.8472 -18.8472
6.78 18.6521 -18.6521
6.781 18.4522 -18.4522
6.782 18.2472 -18.2472
6.783 18.0373 -18.0373
6.784 17.8222 -17.8222
6.785 17.6018 -17.6018
6.786 17.3762 -17.3762
6.787 17.1453 -17.1453
6.788 16.9088 -16.9088
6.789 16.6669 -16.6669
6.79 16.4193 -16.4193
6.791 16.1659 -16.1659
6.792 15.9068 -15.9068
6.793 15.6419 -15.6419
6.794 15.3712 -15.3712
6.795 15.0947 -15.0947
6.796 14.8122 -14.8122
6.797 14.5238 -14.5238
6.798 14.2294 -14.2294
6.799 13.929 -13.929
6.8 13.6224 -13.6224
6.801 13.3097 -13.3097
6.802 12.9908 -12.9908
6.803 12.6656 -12.6656
6.804 12.3343 -12.3343
6.805 11.9967 -11.9967
6.806 11.6528 -11.6528
6.807 11.3027 -11.3027
6.808 10.9462 -10.9462
6.809 10.5833 -10.5833
6.81 10.214 -10.214
6.811 9.83832 -9.83832
6.812 9.45613 -9.45613
6.813 9.06748 -9.06748
6.814 8.67233 -8.67233
6.815 8.27069 -8.27069
6.816 7.86251 -7.86251
6.817 7.44782 -7.44782
6.818 7.02658 -7.02658
6.819 6.59881 -6.59881
6.82 6.1645 -6.1645
6.821 5.72366 -5.72366
6.822 5.27628 -5.27628
6.823 4.82238 -4.82238
6.824 4.36195 -4.36195
6.825 3.89504 -3.89504
6.826 3.42167 -3.42167
6.827 2.9419 -2.9419
6.828 2.4558 -2.4558
6.829 1.96346 -1.96346
6.83 1.46499 -1.46499
6.831 0.960523 -0.960523
6.832 0.45017 -0.45017
6.833 -0.0659289 0.0659289
6.834 -0.587597 0.587597
6.835 -1.11461 1.11461
6.836 -1.64671 1.64671
6.837 -2.18359 2.18359
6.838 -2.72491 2.72491
6.839 -3.27028 3.27028
6.84 -3.81929 3.81929
6.841 -4.37148 4.37148
6.842 -4.9264 4.9264
6.843 -5.48358 5.48358
6.844 -6.0425 6.0425
6.845 -6.6026 6.6026
6.846 -7.16331 7.16331
6.847 -7.72399 7.72399
6.848 -8.28403 8.28403
6.849 -8.84273 8.84273
6.85 -9.39943 9.39943
6.851 -9.95339 9.95339
6.852 -10.5039 10.5039
6.853 -11.0503 11.0503
6.854 -11.5917 11.5917
6.855 -12.1276 12.1276
6.856 -12.657 12.657
6.857 -13.1794 13.1794
6.858 -13.6941 13.6941
6.859 -14.2003 14.2003
6.86 -14.6974 14.6974
6.861 -15.1848 15.1848
6.862 -15.6619 15.6619
6.863 -16.1282 16.1282
6.864 -16.5831 16.5831
6.865 -17.0262 17.0262
6.866 -17.4571 17.4571
6.867 -17.8755 17.8755
6.868 -18.281 18.281
6.869 -18.6733 18.6733
6.87 -19.0524 19.0524
6.871 -19.418 19.418
6.872 -19.77 19.77
6.873 -20.1085 20.1085
6.874 -20.4334 20.4334
6.875 -20.7447 20.7447
6.876 -21.0427 21.0427
6.877 -21.3273 21.3273
6.878 -21.5989 21.5989
6.879 -21.8575 21.8575
6.88 -22.1035 22.1035
6.881 -22.3371 22.3371
6.882 -22.5586 22.5586
6.883 -22.7684 22.7684
6.884 -22.9668 22.9668
6.885 -23.154 23.154
6.886 -23.3307 23.3307
6.887 -23.497 23.497
6.888 -23.6535 23.6535
6.889 -23.8004 23.8004
6.89 -23.9382 23.9382
6.891 -24.0672 24.0672
6.892 -24.1879 24.1879
6.893 -24.3006 24.3006
6.894 -24.4058 24.4058
6.895 -24.5037 24.5037
6.896 -24.5949 24.5949
6.897 -24.6796 24.6796
6.898 -24.7583 24.7583
6.899 -24.8312 24.8312
6.9 -24.8987 24.8987
6.901 -24.9611 24.9611
6.902 -25.0187 25.0187
6.903 -25.0718 25.0718
6.904 -25.1207 25.1207
6.905 -25.1656 25.1656
6.906 -25.2069 25.2069
6.907 -25.2446 25.2446
6.908 -25.2791 25.2791
6.909 -25.3106 25.3106
6.91 -25.3393 25.3393
6.911 -25.3653 25.3653
6.912 -25.389 25.389
6.913 -25.4104 25.4104
6.914 -25.4298 25.4298
6.915 -25.4472 25.4472
6.916 -25.4629 25.4629
6.917 -25.4768 25.4768
6.918 -25.4894 25.4894
6.919 -25.5004 25.5004
6.92 -25.5103 25.5103
6.921 -25.519 25.519
6.922 -25.5267 25.5267
6.923 -25.5333 25.5333
6.924 -25.5392 25.5392
6.925 -25.5442 25.5442
6.926 -25.5486 25.5486
6.927 -25.5522 25.5522
6.928 -25.5554 25.5554
6.929 -25.558 25.558
6.93 -25.5603 25.5603
6.931 -25.562 25.562
6.932 -25.5635 25.5635
6.933 -25.5648 25.5648
6.934 -25.5658 25.5658
6.935 -25.5664 25.5664
6.936 -25.5667 25.5667
6.937 -25.567 25.567
6.938 -25.567 25.567
6.939 -25.5668 25.5668
6.94 -25.5664 25.5664
6.941 -25.5656 25.5656
6.942 -25.5647 25.5647
6.943 -25.5635 25.5635
6.944 -25.5621 25.5621
6.945 -25.5603 25.5603
6.946 -25.5581 25.5581
6.947 -25.5553 25.5553
6.948 -25.5525 25.5525
6.949 -25.549 25.549
6.95 -25.5452 25.5452
6.951 -25.5424 25.5424
6.952 -25.5354 25.5354
6.953 -25.5296 25.5296
6.954 -25.5231 25.5231
6.955 -25.5157 25.5157
6.956 -25.5074 25.5074
6.957 -25.4981 25.4981
6.958 -25.4879 25.4879
6.959 -25.4764 25.4764
6.96 -25.464 25.464
6.961 -25.4503 25.4503
6.962 -25.4353 25.4353
6.963 -25.4189 25.4189
6.964 -25.401 25.401
6.965 -25.3814 25.3814
6.966 -25.3601 25.3601
6.967 -25.3369 25.3369
6.968 -25.3118 25.3118
6.969 -25.2846 25.2846
6.97 -25.2554 25.2554
6.971 -25.2239 25.2239
6.972 -25.1902 25.1902
6.973 -25.1539 25.1539
6.974 -25.115 25.115
6.975 -25.0733 25.0733
6.976 -25.0287 25.0287
6.977 -24.9809 24.9809
6.978 -24.9301 24.9301
6.979 -24.8759 24.8759
6.98 -24.8184 24.8184
6.981 -24.7573 24.7573
6.982 -24.6926 24.6926
6.983 -24.6239 24.6239
6.984 -24.5512 24.5512
6.985 -24.4742 24.4742
6.986 -24.3928 24.3928
6.987 -24.3068 24.3068
6.988 -24.2162 24.2162
6.989 -24.1207 24.1207
6.99 -24.0202 24.0202
6.991 -23.9145 23.9145
6.992 -23.8035 23.8035
6.993 -23.687 23.687
6.994 -23.5648 23.5648
6.995 -23.4367 23.4367
6.996 -23.3026 23.3026
6.997 -23.1622 23.1622
6.998 -23.0155 23.0155
6.999 -22.8622 22.8622
7 -22.7022 22.7022
7.001 -22.5352 22.5352
7.002 -22.3613 22.3613
7.003 -22.18 22.18
7.004 -21.9913 21.9913
7.005 -21.795 21.795
7.006 -21.5908 21.5908
7.007 -21.3785 21.3785
7.008 -21.1581 21.1581
7.009 -20.929 20.929
7.01 -20.6914 20.6914
7.011 -20.4448 20.4448
7.012 -20.1892 20.1892
7.013 -19.9246 19.9246
7.014 -19.6503 19.6503
7.015 -19.3655 19.3655
7.016 -19.0708 19.0708
7.017 -18.7658 18.7658
7.018 -18.4505 18.4505
7.019 -18.1244 18.1244
7.02 -17.7874 17.7874
7.021 -17.4391 17.4391
7.022 -17.0795 17.0795
7.023 -16.7082 16.7082
7.024 -16.3251 16.3251
7.025 -15.93 15.93
7.026 -15.5226 15.5226
7.027 -15.1026 15.1026
7.028 -14.6698 14.6698
7.029 -14.2238 14.2238
7.03 -13.7644 13.7644
7.031 -13.2911 13.2911
7.032 -12.8038 12.8038
7.033 -12.3022 12.3022
7.034 -11.7861 11.7861
7.035 -11.2551 11.2551
7.036 -10.709 10.709
7.037 -10.1475 10.1475
7.038 -9.57019 9.57019
7.039 -8.97675 8.97675
7.04 -8.36687 8.36687
7.041 -7.74017 7.74017
7.042 -7.0964 7.0964
7.043 -6.4353 6.4353
7.044 -5.75663 5.75663
7.045 -5.06017 5.06017
7.046 -4.34573 4.34573
7.047 -3.61312 3.61312
7.048 -2.86224 2.86224
7.049 -2.093 2.093
7.05 -1.30542 1.30542
7.051 -0.499599 0.499599
7.052 0.324218 -0.324218
7.053 1.16561 -1.16561
7.054 2.024 -2.024
7.055 2.8986 -2.8986
7.056 3.78849 -3.78849
7.057 4.69255 -4.69255
7.058 5.60949 -5.60949
7.059 6.53783 -6.53783
7.06 7.4759 -7.4759
7.061 8.42185 -8.42185
7.062 9.37363 -9.37363
7.063 10.3291 -10.3291
7.064 11.2857 -11.2857
7.065 12.2412 -12.2412
7.066 13.1929 -13.1929
7.067 14.138 -14.138
7.068 15.0739 -15.0739
7.069 15.9979 -15.9979
7.07 16.9072 -16.9072
7.071 17.7992 -17.7992
7.072 18.6714 -18.6714
7.073 19.5215 -19.5215
7.074 20.3473 -20.3473
7.075 21.1468 -21.1468
7.076 21.9184 -21.9184
7.077 22.6607 -22.6607
7.078 23.3722 -23.3722
7.079 24.0523 -24.0523
7.08 24.7002 -24.7002
7.081 25.3156 -25.3156
7.082 25.8983 -25.8983
7.083 26.4487 -26.4487
7.084 26.967 -26.967
7.085 27.454 -27.454
7.086 27.9102 -27.9102
7.087 28.3367 -28.3367
7.088 28.7344 -28.7344
7.089 29.1046 -29.1046
7.09 29.4482 -29.4482
7.091 29.7668 -29.7668
7.092 30.0613 -30.0613
7.093 30.3334 -30.3334
7.094 30.5841 -30.5841
7.095 30.8151 -30.8151
7.096 31.0273 -31.0273
7.097 31.2222 -31.2222
7.098 31.4007 -31.4007
7.099 31.5643 -31.5643
7.1 31.7137 -31.7137
7.101 31.8503 -31.8503
7.102 31.9747 -31.9747
7.103 32.0883 -32.0883
7.104 32.1917 -32.1917
7.105 32.2859 -32.2859
7.106 32.3715 -32.3715
7.107 32.4494 -32.4494
7.108 32.5201 -32.5201
7.109 32.5845 -32.5845
7.11 32.6427 -32.6427
7.111 32.6958 -32.6958
7.112 32.7438 -32.7438
7.113 32.7875 -32.7875
7.114 32.8271 -32.8271
7.115 32.8632 -32.8632
7.116 32.896 -32.896
7.117 32.926 -32.926
7.118 32.9532 -32.9532
7.119 32.9783 -32.9783
7.12 33.0012 -33.0012
7.121 33.0223 -33.0223
7.122 33.0417 -33.0417
7.123 33.0597 -33.0597
7.124 33.0763 -33.0763
7.125 33.0919 -33.0919
7.126 33.1063 -33.1063
7.127 33.12 -33.12
7.128 33.1328 -33.1328
7.129 33.1451 -33.1451
7.13 33.1567 -33.1567
7.131 33.168 -33.168
7.132 33.1787 -33.1787
7.133 33.1893 -33.1893
7.134 33.1994 -33.1994
7.135 33.2095 -33.2095
7.136 33.2193 -33.2193
7.137 33.2292 -33.2292
7.138 33.2388 -33.2388
7.139 33.2486 -33.2486
7.14 33.2583 -33.2583
7.141 33.2682 -33.2682
7.142 33.278 -33.278
7.143 33.2882 -33.2882
7.144 33.2984 -33.2984
7.145 33.309 -33.309
7.146 33.3198 -33.3198
7.147 33.331 -33.331
7.148 33.3424 -33.3424
7.149 33.3543 -33.3543
7.15 33.3665 -33.3665
7.151 33.3794 -33.3794
7.152 33.3925 -33.3925
7.153 33.4064 -33.4064
7.154 33.4209 -33.4209
7.155 33.4362 -33.4362
7.156 33.4521 -33.4521
7.157 33.469 -33.469
7.158 33.4867 -33.4867
7.159 33.5054 -33.5054
7.16 33.5249 -33.5249
7.161 33.5456 -33.5456
7.162 33.5673 -33.5673
7.163 33.5903 -33.5903
7.164 33.6144 -33.6144
7.165 33.64 -33.64
7.166 33.6669 -33.6669
7.167 33.6954 -33.6954
7.168 33.7253 -33.7253
7.169 33.7569 -33.7569
7.17 33.79 -33.79
7.171 33.8249 -33.8249
7.172 33.8614 -33.8614
7.173 33.8999 -33.8999
7.174 33.9402 -33.9402
7.175 33.9827 -33.9827
7.176 34.0271 -34.0271
7.177 34.0739 -34.0739
7.178 34.1227 -34.1227
7.179 34.1739 -34.1739
7.18 34.2272 -34.2272
7.181 34.2831 -34.2831
7.182 34.3412 -34.3412
7.183 34.4019 -34.4019
7.184 34.4649 -34.4649
7.185 34.5307 -34.5307
7.186 34.599 -34.599
7.187 34.6701 -34.6701
7.188 34.7437 -34.7437
7.189 34.8201 -34.8201
7.19 34.8992 -34.8992
7.191 34.9811 -34.9811
7.192 35.0655 -35.0655
7.193 35.1529 -35.1529
7.194 35.2427 -35.2427
7.195 35.3354 -35.3354
7.196 35.4306 -35.4306
7.197 35.5286 -35.5286
7.198 35.629 -35.629
7.199 35.7321 -35.7321
7.2 35.8376 -35.8376
7.201 35.9458 -35.9458
7.202 36.0561 -36.0561
7.203 36.1689 -36.1689
7.204 36.2836 -36.2836
7.205 36.4004 -36.4004
7.206 36.5189 -36.5189
7.207 36.6394 -36.6394
7.208 36.7613 -36.7613
7.209 36.885 -36.885
7.21 37.01 -37.01
7.211 37.1366 -37.1366
7.212 37.2642 -37.2642
7.213 37.3928 -37.3928
7.214 37.5219 -37.5219
7.215 37.6518 -37.6518
7.216 37.7817 -37.7817
7.217 37.912 -37.912
7.218 38.0421 -38.0421
7.219 38.1724 -38.1724
7.22 38.3022 -38.3022
7.221 38.432 -38.432
7.222 38.5608 -38.5608
7.223 38.689 -38.689
7.224 38.8157 -38.8157
7.225 38.9412 -38.9412
7.226 39.0648 -39.0648
7.227 39.1869 -39.1869
7.228 39.3068 -39.3068
7.229 39.4248 -39.4248
7.23 39.5405 -39.5405
7.231 39.6541 -39.6541
7.232 39.7649 -39.7649
7.233 39.873 -39.873
7.234 39.9777 -39.9777
7.235 40.0793 -40.0793
7.236 40.1772 -40.1772
7.237 40.2715 -40.2715
7.238 40.3619 -40.3619
7.239 40.4486 -40.4486
7.24 40.5311 -40.5311
7.241 40.6098 -40.6098
7.242 40.684 -40.684
7.243 40.7539 -40.7539
7.244 40.819 -40.819
7.245 40.8794 -40.8794
7.246 40.9347 -40.9347
7.247 40.9852 -40.9852
7.248 41.0304 -41.0304
7.249 41.0707 -41.0707
7.25 41.1056 -41.1056
7.251 41.1355 -41.1355
7.252 41.1598 -41.1598
7.253 41.179 -41.179
7.254 41.1925 -41.1925
7.255 41.2007 -41.2007
7.256 41.2032 -41.2032
7.257 41.2003 -41.2003
7.258 41.1916 -41.1916
7.259 41.1775 -41.1775
7.26 41.1576 -41.1576
7.261 41.1322 -41.1322
7.262 41.1011 -41.1011
7.263 41.0645 -41.0645
7.264 41.0222 -41.0222
7.265 40.9744 -40.9744
7.266 40.9209 -40.9209
7.267 40.862 -40.862
7.268 40.7973 -40.7973
7.269 40.7272 -40.7272
7.27 40.6513 -40.6513
7.271 40.5701 -40.5701
7.272 40.4831 -40.4831
7.273 40.3908 -40.3908
7.274 40.2929 -40.2929
7.275 40.1899 -40.1899
7.276 40.0813 -40.0813
7.277 39.9677 -39.9677
7.278 39.8484 -39.8484
7.279 39.7241 -39.7241
7.28 39.5942 -39.5942
7.281 39.4592 -39.4592
7.282 39.3187 -39.3187
7.283 39.1733 -39.1733
7.284 39.0227 -39.0227
7.285 38.8673 -38.8673
7.286 38.7067 -38.7067
7.287 38.5413 -38.5413
7.288 38.3709 -38.3709
7.289 38.1957 -38.1957
7.29 38.0154 -38.0154
7.291 37.8303 -37.8303
7.292 37.6402 -37.6402
7.293 37.4456 -37.4456
7.294 37.2461 -37.2461
7.295 37.0423 -37.0423
7.296 36.8338 -36.8338
7.297 36.6209 -36.6209
7.298 36.4034 -36.4034
7.299 36.1816 -36.1816
7.3 35.9551 -35.9551
7.301 35.7243 -35.7243
7.302 35.4888 -35.4888
7.303 35.2491 -35.2491
7.304 35.0049 -35.0049
7.305 34.7565 -34.7565
7.306 34.5036 -34.5036
7.307 34.2464 -34.2464
7.308 33.9848 -33.9848
7.309 33.7188 -33.7188
7.31 33.4483 -33.4483
7.311 33.1733 -33.1733
7.312 32.8937 -32.8937
7.313 32.6097 -32.6097
7.314 32.3209 -32.3209
7.315 32.0276 -32.0276
7.316 31.7295 -31.7295
7.317 31.4268 -31.4268
7.318 31.1191 -31.119
7.319 30.8065 -30.8065
7.32 30.4888 -30.4888
7.321 30.166 -30.166
7.322 29.8379 -29.8379
7.323 29.5044 -29.5044
7.324 29.1652 -29.1652
7.325 28.8204 -28.8204
7.326 28.4695 -28.4695
7.327 28.1126 -28.1126
7.328 27.7494 -27.7494
7.329 27.3797 -27.3797
7.33 27.0032 -27.0032
7.331 26.6198 -26.6198
7.332 26.2291 -26.2291
7.333 25.8309 -25.8309
7.334 25.4248 -25.4248
7.335 25.0106 -25.0106
7.336 24.5877 -24.5877
7.337 24.156 -24.1559
7.338 23.7152 -23.7152
7.339 23.2639 -23.2639
7.34 22.7996 -22.7996
7.341 22.3282 -22.3282
7.342 21.8444 -21.8444
7.343 21.3496 -21.3496
7.344 20.843 -20.843
7.345 20.3245 -20.3245
7.346 19.7931 -19.7931
7.347 19.2486 -19.2486
7.348 18.6903 -18.6903
7.349 18.1177 -18.1177
7.35 17.53 -17.53
7.351 16.9268 -16.9268
7.352 16.3071 -16.3071
7.353 15.6705 -15.6705
7.354 15.0161 -15.0161
7.355 14.3431 -14.3431
7.356 13.6505 -13.6505
7.357 12.9378 -12.9378
7.358 12.2039 -12.2039
7.359 11.4481 -11.4481
7.36 10.6692 -10.6692
7.361 9.86644 -9.86644
7.362 9.03881 -9.03881
7.363 8.18537 -8.18537
7.364 7.30511 -7.30511
7.365 6.39713 -6.39713
7.366 5.46046 -5.46046
7.367 4.49427 -4.49427
7.368 3.49776 -3.49776
7.369 2.47028 -2.47028
7.37 1.41128 -1.41128
7.371 0.320473 -0.320473
7.372 -0.802157 0.802157
7.373 -1.9562 1.9562
7.374 -3.14084 3.14084
7.375 -4.35482 4.35482
7.376 -5.59647 5.59647
7.377 -6.8636 6.8636
7.378 -8.15357 8.15357
7.379 -9.4632 9.4632
7.38 -10.7888 10.7888
7.381 -12.1263 12.1263
7.382 -13.4708 13.4708
7.383 -14.8174 14.8174
7.384 -16.1605 16.1605
7.385 -17.4945 17.4945
7.386 -18.8136 18.8136
7.387 -20.1118 20.1118
7.388 -21.3838 21.3838
7.389 -22.6237 22.6237
7.39 -23.827 23.827
7.391 -24.9888 24.9888
7.392 -26.1055 26.1055
7.393 -27.1733 27.1733
7.394 -28.1904 28.1904
7.395 -29.1542 29.1542
7.396 -30.0645 30.0645
7.397 -30.9201 30.9201
7.398 -31.7222 31.7222
7.399 -32.4709 32.4709
7.4 -33.1682 33.1682
7.401 -33.8155 33.8155
7.402 -34.4154 34.4154
7.403 -34.9696 34.9696
7.404 -35.4815 35.4815
7.405 -35.9528 35.9528
7.406 -36.387 36.387
7.407 -36.7861 36.7861
7.408 -37.1533 37.1533
7.409 -37.4905 37.4905
7.41 -37.8009 37.8009
7.411 -38.0858 38.0858
7.412 -38.3483 38.3483
7.413 -38.5895 38.5895
7.414 -38.812 38.812
7.415 -39.0166 39.0166
7.416 -39.2058 39.2058
7.417 -39.38 39.38
7.418 -39.5415 39.5415
7.419 -39.6904 39.6904
7.42 -39.8287 39.8287
7.421 -39.9564 39.9564
7.422 -40.0751 40.0751
7.423 -40.1848 40.1848
7.424 -40.287 40.287
7.425 -40.3812 40.3812
7.426 -40.469 40.469
7.427 -40.5499 40.5499
7.428 -40.6252 40.6252
7.429 -40.6943 40.6943
7.43 -40.7585 40.7585
7.431 -40.8172 40.8172
7.432 -40.8715 40.8715
7.433 -40.9206 40.9206
7.434 -40.9656 40.9656
7.435 -41.0057 41.0057
7.436 -41.0421 41.0421
7.437 -41.0738 41.0738
7.438 -41.102 41.102
7.439 -41.1257 41.1257
7.44 -41.1462 41.1462
7.441 -41.1623 41.1623
7.442 -41.1753 41.1753
7.443 -41.184 41.184
7.444 -41.1894 41.1894
7.445 -41.1906 41.1906
7.446 -41.1885 41.1885
7.447 -41.1823 41.1823
7.448 -41.1728 41.1728
7.449 -41.1593 41.1593
7.45 -41.1425 41.1425
7.451 -41.1216 41.1216
7.452 -41.0976 41.0976
7.453 -41.0693 41.0693
7.454 -41.0377 41.0377
7.455 -41.0018 41.0018
7.456 -40.9626 40.9626
7.457 -40.919 40.919
7.458 -40.8721 40.8721
7.459 -40.8207 40.8207
7.46 -40.766 40.766
7.461 -40.7069 40.7069
7.462 -40.6443 40.6443
7.463 -40.5772 40.5772
7.464 -40.5065 40.5065
7.465 -40.4312 40.4312
7.466 -40.3522 40.3522
7.467 -40.2686 40.2686
7.468 -40.1813 40.1813
7.469 -40.0892 40.0892
7.47 -39.9933 39.9933
7.471 -39.8926 39.8926
7.472 -39.7881 39.7881
7.473 -39.6788 39.6788
7.474 -39.5655 39.5655
7.475 -39.4473 39.4473
7.476 -39.3251 39.3251
7.477 -39.198 39.198
7.478 -39.0667 39.0667
7.479 -38.9305 38.9305
7.48 -38.7901 38.7901
7.481 -38.6446 38.6446
7.482 -38.4949 38.4949
7.483 -38.3401 38.3401
7.484 -38.181 38.181
7.485 -38.0168 38.0168
7.486 -37.8482 37.8482
7.487 -37.6744 37.6744
7.488 -37.4963 37.4963
7.489 -37.3128 37.3128
7.49 -37.1248 37.1248
7.491 -36.9315 36.9315
7.492 -36.7336 36.7336
7.493 -36.5304 36.5304
7.494 -36.3226 36.3226
7.495 -36.1094 36.1094
7.496 -35.8917 35.8917
7.497 -35.6685 35.6685
7.498 -35.4406 35.4406
7.499 -35.2073 35.2073
7.5 -34.9691 34.9691
7.501 -34.7254 34.7254
7.502 -34.4767 34.4767
7.503 -34.2225 34.2225
7.504 -33.9634 33.9634
7.505 -33.6987 33.6987
7.506 -33.4291 33.4291
7.507 -33.1537 33.1537
7.508 -32.8733 32.8733
7.509 -32.587 32.587
7.51 -32.2955 32.2955
7.511 -31.998 31.998
7.512 -31.695 31.695
7.513 -31.3861 31.3861
7.514 -31.0716 31.0716
7.515 -30.7509 30.7509
7.516 -30.4245 30.4245
7.517 -30.0918 30.0918
7.518 -29.7531 29.7531
7.519 -29.4078 29.4078
7.52 -29.0562 29.0562
7.521 -28.6978 28.6978
7.522 -28.3328 28.3328
7.523 -27.9606 27.9606
7.524 -27.5815 27.5815
7.525 -27.1949 27.1949
7.526 -26.801 26.801
7.527 -26.3991 26.3991
7.528 -25.9894 25.9894
7.529 -25.5713 25.5713
7.53 -25.1449 25.1449
7.531 -24.7096 24.7096
7.532 -24.2653 24.2653
7.533 -23.8118 23.8118
7.534 -23.3468 23.3468
7.535 -22.8714 22.8714
7.536 -22.3855 22.3855
7.537 -21.8883 21.8883
7.538 -21.3798 21.3798
7.539 -20.8593 20.8593
7.54 -20.3264 20.3264
7.541 -19.7806 19.7806
7.542 -19.2212 19.2212
7.543 -18.6477 18.6477
7.544 -18.0594 18.0594
7.545 -17.4554 17.4554
7.546 -16.8354 16.8354
7.547 -16.1983 16.1983
7.548 -15.5436 15.5436
7.549 -14.8702 14.8702
7.55 -14.1776 14.1776
7.551 -13.4648 13.4648
7.552 -12.7308 12.7308
7.553 -11.9745 11.9745
7.554 -11.1951 11.1951
7.555 -10.3913 10.3913
7.556 -9.5622 9.5622
7.557 -8.70661 8.70661
7.558 -7.8235 7.8235
7.559 -6.91175 6.91175
7.56 -5.97034 5.97034
7.561 -4.99825 4.99825
7.562 -3.99456 3.99456
7.563 -2.95843 2.95843
7.564 -1.88919 1.88919
7.565 -0.786336 0.786336
7.566 0.350398 -0.350398
7.567 1.5209 -1.5209
7.568 2.72461 -2.72461
7.569 3.96051 -3.96051
7.57 5.22712 -5.22712
7.571 6.5224 -6.5224
7.572 7.84366 -7.84366
7.573 9.18767 -9.18767
7.574 10.5506 -10.5506
7.575 11.928 -11.928
7.576 13.315 -13.315
7.577 14.7062 -14.7062
7.578 16.0959 -16.0959
7.579 17.478 -17.478
7.58 18.8462 -18.8462
7.581 20.1943 -20.1943
7.582 21.5157 -21.5157
7.583 22.8046 -22.8046
7.584 24.055 -24.055
7.585 25.262 -25.262
7.586 26.4208 -26.4208
7.587 27.528 -27.528
7.588 28.5805 -28.5805
7.589 29.5767 -29.5767
7.59 30.5148 -30.5148
7.591 31.3949 -31.3949
7.592 32.2166 -32.2166
7.593 32.9814 -32.9814
7.594 33.6901 -33.6901
7.595 34.345 -34.345
7.596 34.9478 -34.9478
7.597 35.5018 -35.5018
7.598 36.0089 -36.0089
7.599 36.4726 -36.4726
7.6 36.8953 -36.8953
7.601 37.2803 -37.2803
7.602 37.6298 -37.6298
7.603 37.9469 -37.9469
7.604 38.2336 -38.2336
7.605 38.4928 -38.4928
7.606 38.7261 -38.7261
7.607 38.9361 -38.9361
7.608 39.1241 -39.1241
7.609 39.2925 -39.2925
7.61 39.4421 -39.4421
7.611 39.5752 -39.5752
7.612 39.6921 -39.6921
7.613 39.795 -39.795
7.614 39.884 -39.884
7.615 39.9608 -39.9608
7.616 40.0256 -40.0256
7.617 40.0798 -40.0798
7.618 40.1234 -40.1234
7.619 40.1576 -40.1576
7.62 40.1823 -40.1823
7.621 40.1987 -40.1987
7.622 40.2065 -40.2065
7.623 40.207 -40.207
7.624 40.1995 -40.1995
7.625 40.1854 -40.1854
7.626 40.1641 -40.1641
7.627 40.1367 -40.1367
7.628 40.1025 -40.1025
7.629 40.0626 -40.0626
7.63 40.0164 -40.0164
7.631 39.9648 -39.9648
7.632 39.9072 -39.9072
7.633 39.8446 -39.8446
7.634 39.7765 -39.7765
7.635 39.7037 -39.7037
7.636 39.6257 -39.6257
7.637 39.5432 -39.5432
7.638 39.4557 -39.4557
7.639 39.3639 -39.3639
7.64 39.2673 -39.2673
7.641 39.1666 -39.1666
7.642 39.0612 -39.0612
7.643 38.952 -38.952
7.644 38.8382 -38.8382
7.645 38.7209 -38.7209
7.646 38.5992 -38.5992
7.647 38.474 -38.474
7.648 38.3445 -38.3445
7.649 38.2117 -38.2117
7.65 38.0747 -38.0747
7.651 37.9344 -37.9344
7.652 37.79 -37.79
7.653 37.6425 -37.6425
7.654 37.4911 -37.4911
7.655 37.3367 -37.3367
7.656 37.1786 -37.1786
7.657 37.0175 -37.0175
7.658 36.8527 -36.8527
7.659 36.685 -36.685
7.66 36.5137 -36.5137
7.661 36.3394 -36.3394
7.662 36.1617 -36.1617
7.663 35.9811 -35.9811
7.664 35.7969 -35.7969
7.665 35.61 -35.61
7.666 35.4196 -35.4196
7.667 35.2264 -35.2264
7.668 35.0297 -35.0297
7.669 34.8302 -34.8302
7.67 34.6271 -34.6271
7.671 34.4212 -34.4212
7.672 34.2118 -34.2118
7.673 33.9994 -33.9994
7.674 33.7834 -33.7834
7.675 33.5644 -33.5644
7.676 33.3416 -33.3416
7.677 33.1157 -33.1157
7.678 32.8859 -32.8859
7.679 32.6529 -32.6529
7.68 32.416 -32.416
7.681 32.1757 -32.1757
7.682 31.9313 -31.9313
7.683 31.6833 -31.6833
7.684 31.431 -31.431
7.685 31.1749 -31.1749
7.686 30.9143 -30.9143
7.687 30.6496 -30.6496
7.688 30.3802 -30.3802
7.689 30.1065 -30.1065
7.69 29.8279 -29.8279
7.691 29.5447 -29.5447
7.692 29.2564 -29.2564
7.693 28.9632 -28.9632
7.694 28.6646 -28.6646
7.695 28.361 -28.361
7.696 28.0516 -28.0516
7.697 27.7368 -27.7368
7.698 27.416 -27.416
7.699 27.0894 -27.0894
7.7 26.7565 -26.7565
7.701 26.4175 -26.4175
7.702 26.0718 -26.0718
7.703 25.7196 -25.7196
7.704 25.3605 -25.3605
7.705 24.9944 -24.9944
7.706 24.6209 -24.621
7.707 24.2402 -24.2402
7.708 23.8516 -23.8516
7.709 23.4552 -23.4552
7.71 23.0509 -23.0509
7.711 22.6378 -22.6378
7.712 22.2149 -22.2149
7.713 21.783 -21.783
7.714 21.3419 -21.3419
7.715 20.8914 -20.8914
7.716 20.431 -20.431
7.717 19.9607 -19.9607
7.718 19.4798 -19.4798
7.719 18.9884 -18.9884
7.72 18.4858 -18.4858
7.721 17.9719 -17.9719
7.722 17.4461 -17.4461
7.723 16.9083 -16.9083
7.724 16.3579 -16.3579
7.725 15.7946 -15.7946
7.726 15.218 -15.218
7.727 14.6277 -14.6277
7.728 14.0231 -14.0231
7.729 13.404 -13.404
7.73 12.7696 -12.7696
7.731 12.1196 -12.1196
7.732 11.4535 -11.4535
7.733 10.7708 -10.7708
7.734 10.071 -10.071
7.735 9.35376 -9.35376
7.736 8.61846 -8.61846
7.737 7.86471 -7.86471
7.738 7.092 -7.092
7.739 6.29992 -6.29992
7.74 5.48805 -5.48805
7.741 4.65605 -4.65605
7.742 3.80362 -3.80362
7.743 2.93058 -2.93058
7.744 2.03682 -2.03682
7.745 1.12234 -1.12234
7.746 0.187288 -0.187288
7.747 -0.767987 0.767987
7.748 -1.7429 1.7429
7.749 -2.73661 2.73661
7.75 -3.74802 3.74802
7.751 -4.77578 4.77578
7.752 -5.8183 5.8183
7.753 -6.87371 6.87371
7.754 -7.93989 7.93989
7.755 -9.01441 9.01441
7.756 -10.0947 10.0947
7.757 -11.1778 11.1778
7.758 -12.2607 12.2607
7.759 -13.34 13.34
7.76 -14.4125 14.4125
7.761 -15.4745 15.4745
7.762 -16.5228 16.5228
7.763 -17.5537 17.5537
7.764 -18.5641 18.5641
7.765 -19.5506 19.5506
7.766 -20.5104 20.5104
7.767 -21.4405 21.4405
7.768 -22.3387 22.3387
7.769 -23.2027 23.2027
7.77 -24.0308 24.0308
7.771 -24.8215 24.8215
7.772 -25.5742 25.5742
7.773 -26.2879 26.2879
7.774 -26.9628 26.9628
7.775 -27.5986 27.5986
7.776 -28.1963 28.1963
7.777 -28.7561 28.7561
7.778 -29.2793 29.2793
7.779 -29.7668 29.7668
7.78 -30.2203 30.2203
7.781 -30.6407 30.6407
7.782 -31.0302 31.0302
7.783 -31.3898 31.3898
7.784 -31.7218 31.7218
7.785 -32.0272 32.0272
7.786 -32.3083 32.3083
7.787 -32.566 32.566
7.788 -32.8026 32.8026
7.789 -33.019 33.019
7.79 -33.2171 33.2171
7.791 -33.3978 33.3978
7.792 -33.5629 33.5629
7.793 -33.7132 33.7132
7.794 -33.8502 33.8502
7.795 -33.9744 33.9744
7.796 -34.0876 34.0876
7.797 -34.1898 34.1898
7.798 -34.2827 34.2827
7.799 -34.3663 34.3663
7.8 -34.4421 34.4421
7.801 -34.5099 34.5099
7.802 -34.571 34.571
7.803 -34.6254 34.6254
7.804 -34.6741 34.6741
7.805 -34.717 34.717
7.806 -34.7551 34.7551
7.807 -34.7882 34.7882
7.808 -34.8171 34.8171
7.809 -34.8417 34.8417
7.81 -34.8627 34.8627
7.811 -34.8798 34.8798
7.812 -34.8938 34.8938
7.813 -34.9044 34.9044
7.814 -34.9121 34.9121
7.815 -34.9166 34.9166
7.816 -34.9186 34.9186
7.817 -34.9176 34.9176
7.818 -34.9143 34.9143
7.819 -34.9082 34.9082
7.82 -34.9001 34.9001
7.821 -34.8893 34.8893
7.822 -34.8765 34.8765
7.823 -34.8611 34.8611
7.824 -34.8437 34.8437
7.825 -34.8238 34.8238
7.826 -34.8019 34.8019
7.827 -34.7774 34.7774
7.828 -34.7511 34.7511
7.829 -34.7222 34.7222
7.83 -34.6915 34.6915
7.831 -34.6583 34.6583
7.832 -34.6232 34.6232
7.833 -34.5857 34.5857
7.834 -34.5463 34.5463
7.835 -34.5046 34.5046
7.836 -34.461 34.461
7.837 -34.415 34.415
7.838 -34.3671 34.3671
7.839 -34.317 34.317
7.84 -34.265 34.265
7.841 -34.2107 34.2107
7.842 -34.1547 34.1547
7.843 -34.0965 34.0965
7.844 -34.0366 34.0366
7.845 -33.9745 33.9745
7.846 -33.9108 33.9108
7.847 -33.8451 33.8451
7.848 -33.7778 33.7778
7.849 -33.7085 33.7085
7.85 -33.6377 33.6377
7.851 -33.565 33.565
7.852 -33.4909 33.4909
7.853 -33.415 33.415
7.854 -33.3379 33.3379
7.855 -33.2593 33.2593
7.856 -33.1796 33.1796
7.857 -33.0984 33.0984
7.858 -33.0164 33.0164
7.859 -32.933 32.933
7.86 -32.8489 32.8489
7.861 -32.7635 32.7635
7.862 -32.6775 32.6775
7.863 -32.5904 32.5904
7.864 -32.5029 32.5029
7.865 -32.4146 32.4146
7.866 -32.326 32.326
7.867 -32.2367 32.2367
7.868 -32.1472 32.1472
7.869 -32.0572 32.0572
7.87 -31.9672 31.9672
7.871 -31.8768 31.8768
7.872 -31.7865 31.7865
7.873 -31.6959 31.6959
7.874 -31.6055 31.6055
7.875 -31.515 31.515
7.876 -31.4248 31.4248
7.877 -31.3346 31.3346
7.878 -31.2449 31.2449
7.879 -31.1553 31.1553
7.88 -31.0662 31.0662
7.881 -30.9772 30.9772
7.882 -30.889 30.889
7.883 -30.8009 30.8009
7.884 -30.7134 30.7134
7.885 -30.6262 30.6262
7.886 -30.5398 30.5398
7.887 -30.4535 30.4535
7.888 -30.3681 30.3681
7.889 -30.2829 30.2829
7.89 -30.1986 30.1986
7.891 -30.1146 30.1146
7.892 -30.0313 30.0313
7.893 -29.9484 29.9484
7.894 -29.8661 29.8661
7.895 -29.7841 29.7841
7.896 -29.7028 29.7028
7.897 -29.6216 29.6216
7.898 -29.5411 29.5411
7.899 -29.4608 29.4608
7.9 -29.381 29.381
7.901 -29.3015 29.3015
7.902 -29.2224 29.2224
7.903 -29.1434 29.1434
7.904 -29.0648 29.0648
7.905 -28.9862 28.9862
7.906 -28.9078 28.9078
7.907 -28.8294 28.8294
7.908 -28.7512 28.7512
7.909 -28.6728 28.6728
7.91 -28.5946 28.5946
7.911 -28.5162 28.5162
7.912 -28.4379 28.4379
7.913 -28.3591 28.3591
7.914 -28.2804 28.2804
7.915 -28.2011 28.2011
7.916 -28.1217 28.1217
7.917 -28.0418 28.0418
7.918 -27.9616 27.9616
7.919 -27.8808 27.8808
7.92 -27.7996 27.7996
7.921 -27.7177 27.7177
7.922 -27.6354 27.6354
7.923 -27.5522 27.5522
7.924 -27.4683 27.4683
7.925 -27.3835 27.3835
7.926 -27.2979 27.2979
7.927 -27.2112 27.2112
7.928 -27.1236 27.1236
7.929 -27.0347 27.0347
7.93 -26.9449 26.9449
7.931 -26.8537 26.8537
7.932 -26.7613 26.7613
7.933 -26.6674 26.6674
7.934 -26.5721 26.5721
7.935 -26.475 26.475
7.936 -26.3764 26.3764
7.937 -26.2758 26.2758
7.938 -26.1735 26.1735
7.939 -26.069 26.069
7.94 -25.9627 25.9627
7.941 -25.854 25.854
7.942 -25.7432 25.7432
7.943 -25.6297 25.6297
7.944 -25.5137 25.5137
7.945 -25.3947 25.3947
7.946 -25.2729 25.2729
7.947 -25.1477 25.1477
7.948 -25.0193 25.0193
7.949 -24.8874 24.8874
7.95 -24.752 24.752
7.951 -24.6127 24.6127
7.952 -24.4695 24.4695
7.953 -24.322 24.322
7.954 -24.1701 24.1701
7.955 -24.0133 24.0133
7.956 -23.8516 23.8516
7.957 -23.6847 23.6847
7.958 -23.5124 23.5124
7.959 -23.3343 23.3343
7.96 -23.1505 23.1505
7.961 -22.9605 22.9605
7.962 -22.7641 22.7641
7.963 -22.5608 22.5608
7.964 -22.3505 22.3505
7.965 -22.1327 22.1327
7.966 -21.9071 21.9071
7.967 -21.6733 21.6733
7.968 -21.4311 21.4311
7.969 -21.18 21.18
7.97 -20.9198 20.9198
7.971 -20.6499 20.6499
7.972 -20.3704 20.3704
7.973 -20.0803 20.0803
7.974 -19.7786 19.7786
7.975 -19.4657 19.4657
7.976 -19.1411 19.1411
7.977 -18.8044 18.8044
7.978 -18.4551 18.4551
7.979 -18.0926 18.0926
7.98 -17.7167 17.7167
7.981 -17.3266 17.3266
7.982 -16.922 16.922
7.983 -16.5023 16.5023
7.984 -16.0672 16.0672
7.985 -15.6159 15.6159
7.986 -15.148 15.148
7.987 -14.6629 14.6629
7.988 -14.1599 14.1599
7.989 -13.6384 13.6384
7.99 -13.0977 13.0977
7.991 -12.5372 12.5372
7.992 -11.9562 11.9562
7.993 -11.354 11.354
7.994 -10.7301 10.7301
7.995 -10.0836 10.0836
7.996 -9.41397 9.41397
7.997 -8.72035 8.72035
7.998 -8.00202 8.00202
7.999 -7.25816 7.25816
8 -6.48802 6.48802
8.001 -5.69083 5.69083
8.002 -4.86599 4.86599
8.003 -4.01292 4.01292
8.004 -3.13114 3.13114
8.005 -2.22021 2.22021
8.006 -1.2798 1.2798
8.007 -0.309743 0.309744
8.008 0.689966 -0.689966
8.009 1.71904 -1.71904
8.01 2.77687 -2.77687
8.011 3.86251 -3.86251
8.012 4.97457 -4.97457
8.013 6.11127 -6.11127
8.014 7.27042 -7.27042
8.015 8.44952 -8.44952
8.016 9.64558 -9.64558
8.017 10.8553 -10.8553
8.018 12.075 -12.075
8.019 13.3006 -13.3006
8.02 14.5278 -14.5278
8.021 15.752 -15.752
8.022 16.9681 -16.9681
8.023 18.1714 -18.1714
8.024 19.3567 -19.3567
8.025 20.5193 -20.5193
8.026 21.6542 -21.6542
8.027 22.7575 -22.7575
8.028 23.8248 -23.8248
8.029 24.8529 -24.8529
8.03 25.8386 -25.8386
8.031 26.7798 -26.7798
8.032 27.6742 -27.6742
8.033 28.5209 -28.5209
8.034 29.3188 -29.3188
8.035 30.068 -30.068
8.036 30.7685 -30.7685
8.037 31.4215 -31.4215
8.038 32.0277 -32.0277
8.039 32.5891 -32.5891
8.04 33.107 -33.107
8.041 33.5837 -33.5837
8.042 34.0209 -34.0209
8.043 34.4211 -34.4211
8.044 34.7859 -34.7859
8.045 35.1181 -35.1181
8.046 35.4191 -35.4191
8.047 35.6917 -35.6917
8.048 35.9371 -35.9371
8.049 36.1578 -36.1578
8.05 36.3551 -36.3551
8.051 36.5312 -36.5312
8.052 36.6871 -36.6871
8.053 36.8247 -36.8247
8.054 36.9449 -36.9449
8.055 37.0495 -37.0495
8.056 37.139 -37.139
8.057 37.215 -37.215
8.058 37.2778 -37.2778
8.059 37.3289 -37.3289
8.06 37.3684 -37.3684
8.061 37.3977 -37.3977
8.062 37.4167 -37.4167
8.063 37.4267 -37.4267
8.064 37.4276 -37.4276
8.065 37.4205 -37.4205
8.066 37.4053 -37.4053
8.067 37.3829 -37.3829
8.068 37.353 -37.353
8.069 37.3166 -37.3166
8.07 37.2734 -37.2734
8.071 37.2241 -37.2241
8.072 37.1685 -37.1685
8.073 37.1075 -37.1075
8.074 37.0406 -37.0406
8.075 36.9688 -36.9688
8.076 36.8915 -36.8915
8.077 36.8096 -36.8096
8.078 36.7226 -36.7226
8.079 36.6311 -36.6311
8.08 36.5348 -36.5348
8.081 36.4344 -36.4344
8.082 36.3293 -36.3293
8.083 36.2204 -36.2204
8.084 36.1071 -36.1071
8.085 35.9902 -35.9902
8.086 35.8692 -35.8692
8.087 35.7447 -35.7447
8.088 35.6163 -35.6163
8.089 35.4846 -35.4846
8.09 35.3491 -35.3491
8.091 35.2103 -35.2103
8.092 35.0679 -35.0679
8.093 34.9224 -34.9224
8.094 34.7735 -34.7735
8.095 34.6216 -34.6216
8.096 34.4664 -34.4664
8.097 34.3084 -34.3084
8.098 34.1471 -34.1471
8.099 33.9831 -33.9831
8.1 33.8158 -33.8158
8.101 33.6459 -33.6459
8.102 33.4729 -33.4729
8.103 33.2973 -33.2973
8.104 33.1186 -33.1186
8.105 32.9374 -32.9374
8.106 32.7532 -32.7532
8.107 32.5666 -32.5666
8.108 32.3771 -32.3771
8.109 32.1851 -32.1851
8.11 31.9902 -31.9902
8.111 31.7928 -31.7928
8.112 31.5926 -31.5926
8.113 31.39 -31.39
8.114 31.1846 -31.1846
8.115 30.9768 -30.9768
8.116 30.7662 -30.7662
8.117 30.5533 -30.5533
8.118 30.3376 -30.3376
8.119 30.1195 -30.1195
8.12 29.8987 -29.8987
8.121 29.6755 -29.6755
8.122 29.4495 -29.4495
8.123 29.2211 -29.2211
8.124 28.9899 -28.9899
8.125 28.7563 -28.7563
8.126 28.5197 -28.5197
8.127 28.2807 -28.2807
8.128 28.0387 -28.0387
8.129 27.7942 -27.7942
8.13 27.5467 -27.5467
8.131 27.2966 -27.2966
8.132 27.0434 -27.0434
8.133 26.7875 -26.7875
8.134 26.5285 -26.5285
8.135 26.2666 -26.2666
8.136 26.0015 -26.0015
8.137 25.7334 -25.7334
8.138 25.462 -25.462
8.139 25.1874 -25.1874
8.14 24.9095 -24.9095
8.141 24.6283 -24.6283
8.142 24.3434 -24.3434
8.143 24.0552 -24.0552
8.144 23.7632 -23.7632
8.145 23.4677 -23.4677
8.146 23.1682 -23.1682
8.147 22.8649 -22.8649
8.148 22.5575 -22.5575
8.149 22.246 -22.246
8.15 21.9303 -21.9303
8.151 21.6104 -21.6104
8.152 21.2862 -21.2862
8.153 20.9574 -20.9574
8.154 20.6232 -20.6232
8.155 20.2842 -20.2842
8.156 19.9402 -19.9402
8.157 19.5912 -19.5912
8.158 19.2369 -19.2369
8.159 18.8774 -18.8774
8.16 18.5122 -18.5122
8.161 18.1415 -18.1415
8.162 17.7649 -17.7649
8.163 17.3825 -17.3825
8.164 16.9939 -16.9939
8.165 16.599 -16.599
8.166 16.1977 -16.1977
8.167 15.7898 -15.7898
8.168 15.375 -15.375
8.169 14.9534 -14.9534
8.17 14.5245 -14.5245
8.171 14.0883 -14.0883
8.172 13.6446 -13.6446
8.173 13.1931 -13.1931
8.174 12.7336 -12.7336
8.175 12.266 -12.266
8.176 11.79 -11.79
8.177 11.3054 -11.3054
8.178 10.812 -10.812
8.179 10.3095 -10.3095
8.18 9.7978 -9.7978
8.181 9.2766 -9.2766
8.182 8.74563 -8.74563
8.183 8.20466 -8.20466
8.184 7.65338 -7.65338
8.185 7.09156 -7.09156
8.186 6.51892 -6.51892
8.187 5.93525 -5.93525
8.188 5.3403 -5.3403
8.189 4.7339 -4.7339
8.19 4.11584 -4.11584
8.191 3.48598 -3.48598
8.192 2.84417 -2.84417
8.193 2.19033 -2.19033
8.194 1.52438 -1.52438
8.195 0.846347 -0.846347
8.196 0.156278 -0.156278
8.197 -0.54568 0.54568
8.198 -1.25927 1.25927
8.199 -1.98415 1.98415
8.2 -2.71984 2.71984
8.201 -3.46577 3.46577
8.202 -4.22125 4.22125
8.203 -4.98544 4.98544
8.204 -5.75742 5.75742
8.205 -6.53613 6.53613
8.206 -7.32044 7.32044
8.207 -8.10909 8.10909
8.208 -8.90076 8.90076
8.209 -9.69396 9.69396
8.21 -10.4872 10.4872
8.211 -11.2789 11.2789
8.212 -12.0673 12.0673
8.213 -12.8506 12.8506
8.214 -13.6271 13.6271
8.215 -14.395 14.395
8.216 -15.1524 15.1524
8.217 -15.8977 15.8977
8.218 -16.6291 16.6291
8.219 -17.345 17.345
8.22 -18.044 18.044
8.221 -18.7243 18.7243
8.222 -19.385 19.385
8.223 -20.0247 20.0247
8.224 -20.6424 20.6424
8.225 -21.2372 21.2372
8.226 -21.8085 21.8085
8.227 -22.3555 22.3555
8.228 -22.8781 22.8781
8.229 -23.3757 23.3757
8.23 -23.8486 23.8486
8.231 -24.2966 24.2966
8.232 -24.72 24.72
8.233 -25.119 25.119
8.234 -25.4942 25.4942
8.235 -25.8457 25.8457
8.236 -26.1746 26.1746
8.237 -26.481 26.481
8.238 -26.7662 26.7662
8.239 -27.0303 27.0303
8.24 -27.2747 27.2747
8.241 -27.4997 27.4997
8.242 -27.7064 27.7064
8.243 -27.8954 27.8954
8.244 -28.0677 28.0677
8.245 -28.2239 28.2239
8.246 -28.365 28.365
8.247 -28.4916 28.4916
8.248 -28.6045 28.6045
8.249 -28.7043 28.7043
8.25 -28.7919 28.7919
8.251 -28.8676 28.8676
8.252 -28.9324 28.9324
8.253 -28.9865 28.9865
8.254 -29.0308 29.0308
8.255 -29.0653 29.0653
8.256 -29.0911 29.0911
8.257 -29.108 29.108
8.258 -29.117 29.117
8.259 -29.118 29.118
8.26 -29.1118 29.1118
8.261 -29.0983 29.0983
8.262 -29.0782 29.0782
8.263 -29.0515 29.0515
8.264 -29.0187 29.0187
8.265 -28.9798 28.9798
8.266 -28.9353 28.9353
8.267 -28.8851 28.8851
8.268 -28.8297 28.8297
8.269 -28.769 28.769
8.27 -28.7034 28.7034
8.271 -28.6328 28.6328
8.272 -28.5578 28.5578
8.273 -28.478 28.478
8.274 -28.394 28.394
8.275 -28.3055 28.3055
8.276 -28.2132 28.2132
8.277 -28.1166 28.1166
8.278 -28.0162 28.0162
8.279 -27.9119 27.9119
8.28 -27.804 27.804
8.281 -27.6922 27.6922
8.282 -27.577 27.577
8.283 -27.4582 27.4582
8.284 -27.3362 27.3362
8.285 -27.2107 27.2107
8.286 -27.0822 27.0822
8.287 -26.9504 26.9504
8.288 -26.8157 26.8157
8.289 -26.6778 26.6778
8.29 -26.5371 26.5371
8.291 -26.3934 26.3934
8.292 -26.247 26.247
8.293 -26.0976 26.0976
8.294 -25.9457 25.9457
8.295 -25.7911 25.7911
8.296 -25.634 25.634
8.297 -25.4743 25.4743
8.298 -25.3122 25.3122
8.299 -25.1476 25.1476
8.3 -24.9807 24.9807
8.301 -24.8113 24.8113
8.302 -24.6397 24.6397
8.303 -24.4656 24.4656
8.304 -24.2893 24.2893
8.305 -24.1105 24.1105
8.306 -23.9296 23.9296
8.307 -23.7462 23.7462
8.308 -23.5606 23.5606
8.309 -23.3726 23.3726
8.31 -23.1824 23.1824
8.311 -22.9897 22.9897
8.312 -22.7947 22.7947
8.313 -22.5973 22.5973
8.314 -22.3975 22.3975
8.315 -22.1951 22.1951
8.316 -21.9904 21.9904
8.317 -21.783 21.783
8.318 -21.5732 21.5732
8.319 -21.3607 21.3607
8.32 -21.1456 21.1456
8.321 -20.9278 20.9278
8.322 -20.7073 20.7073
8.323 -20.484 20.484
8.324 -20.2578 20.2578
8.325 -20.0287 20.0287
8.326 -19.7966 19.7966
8.327 -19.5615 19.5615
8.328 -19.3233 19.3233
8.329 -19.0819 19.0819
8.33 -18.8373 18.8373
8.331 -18.5892 18.5892
8.332 -18.3377 18.3377
8.333 -18.0827 18.0827
8.334 -17.8242 17.8242
8.335 -17.562 17.562
8.336 -17.2961 17.2961
8.337 -17.0263 17.0263
8.338 -16.7526 16.7526
8.339 -16.4749 16.4749
8.34 -16.1932 16.1932
8.341 -15.9073 15.9073
8.342 -15.6171 15.6171
8.343 -15.3224 15.3224
8.344 -15.0234 15.0234
8.345 -14.7196 14.7196
8.346 -14.4112 14.4112
8.347 -14.098 14.098
8.348 -13.7798 13.7798
8.349 -13.4565 13.4565
8.35 -13.128 13.128
8.351 -12.7942 12.7942
8.352 -12.455 12.455
8.353 -12.1102 12.1102
8.354 -11.7597 11.7597
8.355 -11.4034 11.4034
8.356 -11.0411 11.0411
8.357 -10.6726 10.6726
8.358 -10.298 10.298
8.359 -9.91691 9.91691
8.36 -9.52934 9.52934
8.361 -9.13508 9.13508
8.362 -8.73403 8.73403
8.363 -8.32602 8.32602
8.364 -7.91094 7.91094
8.365 -7.48862 7.48862
8.366 -7.05897 7.05897
8.367 -6.62182 6.62182
8.368 -6.17709 6.17709
8.369 -5.72462 5.72462
8.37 -5.26433 5.26433
8.371 -4.7961 4.7961
8.372 -4.31987 4.31987
8.373 -3.83558 3.83558
8.374 -3.3432 3.3432
8.375 -2.84268 2.84268
8.376 -2.33404 2.33404
8.377 -1.81728 1.81728
8.378 -1.29244 1.29244
8.379 -0.759596 0.759596
8.38 -0.218852 0.218852
8.381 0.329645 -0.329645
8.382 0.885686 -0.885686
8.383 1.449 -1.449
8.384 2.01928 -2.01928
8.385 2.59615 -2.59615
8.386 3.1792 -3.1792
8.387 3.76797 -3.76797
8.388 4.36194 -4.36194
8.389 4.96054 -4.96054
8.39 5.56315 -5.56315
8.391 6.16911 -6.16911
8.392 6.7777 -6.7777
8.393 7.38819 -7.38819
8.394 7.99975 -7.99975
8.395 8.61157 -8.61157
8.396 9.22274 -9.22274
8.397 9.8324 -9.8324
8.398 10.4396 -10.4396
8.399 11.0433 -11.0433
8.4 11.6427 -11.6427
8.401 12.2367 -12.2367
8.402 12.8244 -12.8244
8.403 13.4048 -13.4048
8.404 13.9769 -13.9769
8.405 14.5398 -14.5398
8.406 15.0925 -15.0925
8.407 15.6344 -15.6344
8.408 16.1644 -16.1644
8.409 16.6819 -16.6819
8.41 17.1861 -17.1861
8.411 17.6766 -17.6766
8.412 18.1525 -18.1525
8.413 18.6136 -18.6136
8.414 19.0593 -19.0593
8.415 19.4893 -19.4893
8.416 19.9034 -19.9034
8.417 20.3014 -20.3014
8.418 20.683 -20.683
8.419 21.0484 -21.0484
8.42 21.3973 -21.3973
8.421 21.7301 -21.7301
8.422 22.0467 -22.0467
8.423 22.3474 -22.3474
8.424 22.6322 -22.6322
8.425 22.9016 -22.9016
8.426 23.1556 -23.1556
8.427 23.3949 -23.3949
8.428 23.6195 -23.6195
8.429 23.8301 -23.8301
8.43 24.0267 -24.0267
8.431 24.2102 -24.2102
8.432 24.3806 -24.3806
8.433 24.5386 -24.5386
8.434 24.6844 -24.6844
8.435 24.8187 -24.8187
8.436 24.9417 -24.9417
8.437 25.0541 -25.0541
8.438 25.1559 -25.1559
8.439 25.248 -25.248
8.44 25.3305 -25.3305
8.441 25.4039 -25.4039
8.442 25.4684 -25.4684
8.443 25.5247 -25.5247
8.444 25.5726 -25.5726
8.445 25.6129 -25.6129
8.446 25.6456 -25.6456
8.447 25.6712 -25.6712
8.448 25.6896 -25.6896
8.449 25.7016 -25.7016
8.45 25.707 -25.707
8.451 25.7063 -25.7063
8.452 25.6995 -25.6995
8.453 25.6871 -25.6871
8.454 25.6689 -25.6689
8.455 25.6453 -25.6453
8.456 25.6163 -25.6163
8.457 25.5823 -25.5823
8.458 25.5432 -25.5432
8.459 25.4993 -25.4993
8.46 25.4505 -25.4505
8.461 25.3971 -25.3971
8.462 25.3391 -25.3391
8.463 25.2768 -25.2768
8.464 25.2099 -25.2099
8.465 25.1389 -25.1389
8.466 25.0635 -25.0635
8.467 24.984 -24.984
8.468 24.9003 -24.9003
8.469 24.8127 -24.8127
8.47 24.7208 -24.7208
8.471 24.6252 -24.6252
8.472 24.5254 -24.5254
8.473 24.4218 -24.4218
8.474 24.3142 -24.3142
8.475 24.2027 -24.2027
8.476 24.0872 -24.0872
8.477 23.9679 -23.9679
8.478 23.8445 -23.8445
8.479 23.7173 -23.7173
8.48 23.586 -23.586
8.481 23.4508 -23.4508
8.482 23.3116 -23.3116
8.483 23.1684 -23.1684
8.484 23.021 -23.021
8.485 22.8697 -22.8697
8.486 22.714 -22.714
8.487 22.5542 -22.5542
8.488 22.3901 -22.3901
8.489 22.2217 -22.2217
8.49 22.0489 -22.0489
8.491 21.8717 -21.8717
8.492 21.69 -21.69
8.493 21.5037 -21.5037
8.494 21.3127 -21.3127
8.495 21.1171 -21.1171
8.496 20.9166 -20.9166
8.497 20.7112 -20.7112
8.498 20.5007 -20.5007
8.499 20.2853 -20.2853
8.5 20.0646 -20.0646
8.501 19.8387 -19.8387
8.502 19.6073 -19.6073
8.503 19.3705 -19.3705
8.504 19.1283 -19.1283
8.505 18.8803 -18.8803
8.506 18.6263 -18.6263
8.507 18.3665 -18.3665
8.508 18.1005 -18.1005
8.509 17.8285 -17.8285
8.51 17.5501 -17.5501
8.511 17.2653 -17.2653
8.512 16.974 -16.974
8.513 16.676 -16.676
8.514 16.3713 -16.3713
8.515 16.0596 -16.0596
8.516 15.7409 -15.7409
8.517 15.415 -15.415
8.518 15.0817 -15.0817
8.519 14.7409 -14.7409
8.52 14.3924 -14.3924
8.521 14.0361 -14.0361
8.522 13.6718 -13.6718
8.523 13.2993 -13.2993
8.524 12.9185 -12.9185
8.525 12.5291 -12.5291
8.526 12.1309 -12.1309
8.527 11.7239 -11.7239
8.528 11.3077 -11.3077
8.529 10.8822 -10.8822
8.53 10.4471 -10.4471
8.531 10.0022 -10.0022
8.532 9.54731 -9.54731
8.533 9.0822 -9.0822
8.534 8.6066 -8.6066
8.535 8.12032 -8.12032
8.536 7.62309 -7.62309
8.537 7.1147 -7.1147
8.538 6.5949 -6.5949
8.539 6.06348 -6.06348
8.54 5.5202 -5.5202
8.541 4.96487 -4.96487
8.542 4.39726 -4.39726
8.543 3.81719 -3.81719
8.544 3.22448 -3.22448
8.545 2.61899 -2.61899
8.546 2.0006 -2.0006
8.547 1.36922 -1.36922
8.548 0.724846 -0.724846
8.549 0.0674876 -0.0674876
8.55 -0.602752 0.602752
8.551 -1.28568 1.28568
8.552 -1.98101 1.98101
8.553 -2.68836 2.68836
8.554 -3.40727 3.40727
8.555 -4.13715 4.13715
8.556 -4.87735 4.87735
8.557 -5.62707 5.62707
8.558 -6.38547 6.38547
8.559 -7.15152 7.15152
8.56 -7.92418 7.92418
8.561 -8.7022 8.7022
8.562 -9.48435 9.48435
8.563 -10.2692 10.2692
8.564 -11.0553 11.0553
8.565 -11.8411 11.8411
8.566 -12.625 12.625
8.567 -13.4053 13.4053
8.568 -14.1804 14.1804
8.569 -14.9485 14.9485
8.57 -15.708 15.708
8.571 -16.4571 16.4571
8.572 -17.1943 17.1943
8.573 -17.9179 17.9179
8.574 -18.6267 18.6267
8.575 -19.319 19.319
8.576 -19.9939 19.9939
8.577 -20.6499 20.6499
8.578 -21.2862 21.2862
8.579 -21.9019 21.9019
8.58 -22.4964 22.4964
8.581 -23.0689 23.0689
8.582 -23.6193 23.6193
8.583 -24.1473 24.1473
8.584 -24.6529 24.6529
8.585 -25.136 25.1359
8.586 -25.597 25.597
8.587 -26.036 26.036
8.588 -26.4537 26.4537
8.589 -26.8503 26.8503
8.59 -27.2267 27.2267
8.591 -27.5831 27.5831
8.592 -27.9207 27.9207
8.593 -28.2399 28.2399
8.594 -28.5418 28.5418
8.595 -28.8269 28.8269
8.596 -29.0964 29.0964
8.597 -29.3506 29.3506
8.598 -29.5909 29.5909
8.599 -29.8177 29.8177
8.6 -30.032 30.032
8.601 -30.2343 30.2343
8.602 -30.4258 30.4258
8.603 -30.6067 30.6067
8.604 -30.7781 30.7781
8.605 -30.9404 30.9404
8.606 -31.0944 31.0944
8.607 -31.2405 31.2405
8.608 -31.3795 31.3795
8.609 -31.5116 31.5116
8.61 -31.6378 31.6378
8.611 -31.7579 31.7579
8.612 -31.873 31.873
8.613 -31.9828 31.9828
8.614 -32.0883 32.0883
8.615 -32.1893 32.1893
8.616 -32.2866 32.2866
8.617 -32.38 32.38
8.618 -32.4702 32.4702
8.619 -32.557 32.557
8.62 -32.6411 32.6411
8.621 -32.7223 32.7223
8.622 -32.8011 32.8011
8.623 -32.8774 32.8774
8.624 -32.9516 32.9516
8.625 -33.0235 33.0235
8.626 -33.0936 33.0936
8.627 -33.1617 33.1617
8.628 -33.2282 33.2282
8.629 -33.2928 33.2928
8.63 -33.3562 33.3562
8.631 -33.4177 33.4177
8.632 -33.4782 33.4782
8.633 -33.537 33.537
8.634 -33.5948 33.5948
8.635 -33.6511 33.6511
8.636 -33.7066 33.7066
8.637 -33.7606 33.7606
8.638 -33.8138 33.8138
8.639 -33.8657 33.8657
8.64 -33.9169 33.9169
8.641 -33.9669 33.9669
8.642 -34.0163 34.0163
8.643 -34.0646 34.0646
8.644 -34.1123 34.1123
8.645 -34.1591 34.1591
8.646 -34.2054 34.2054
8.647 -34.2508 34.2508
8.648 -34.2959 34.2959
8.649 -34.3402 34.3402
8.65 -34.3841 34.3841
8.651 -34.4274 34.4274
8.652 -34.4704 34.4704
8.653 -34.5127 34.5127
8.654 -34.5549 34.5549
8.655 -34.5965 34.5965
8.656 -34.638 34.638
8.657 -34.679 34.679
8.658 -34.7199 34.7199
8.659 -34.7603 34.7603
8.66 -34.8008 34.8008
8.661 -34.8407 34.8407
8.662 -34.8808 34.8808
8.663 -34.9203 34.9203
8.664 -34.9599 34.9598
8.665 -34.9989 34.9989
8.666 -35.038 35.038
8.667 -35.0765 35.0765
8.668 -35.1151 35.1151
8.669 -35.1532 35.1532
8.67 -35.1913 35.1913
8.671 -35.2289 35.2289
8.672 -35.2664 35.2664
8.673 -35.3034 35.3034
8.674 -35.3403 35.3403
8.675 -35.3764 35.3764
8.676 -35.4124 35.4124
8.677 -35.4477 35.4477
8.678 -35.4828 35.4828
8.679 -35.517 35.517
8.68 -35.5511 35.5511
8.681 -35.5843 35.5843
8.682 -35.6172 35.6172
8.683 -35.6493 35.6493
8.684 -35.6809 35.6809
8.685 -35.7115 35.7115
8.686 -35.7417 35.7417
8.687 -35.7708 35.7708
8.688 -35.7994 35.7994
8.689 -35.8269 35.8269
8.69 -35.8539 35.8539
8.691 -35.8797 35.8797
8.692 -35.905 35.905
8.693 -35.9289 35.9289
8.694 -35.9522 35.9522
8.695 -35.9741 35.9741
8.696 -35.9955 35.9955
8.697 -36.0152 36.0152
8.698 -36.0343 36.0343
8.699 -36.0521 36.0521
8.7 -36.0692 36.0692
8.701 -36.0852 36.0852
8.702 -36.1005 36.1005
8.703 -36.1145 36.1145
8.704 -36.1278 36.1278
8.705 -36.1398 36.1398
8.706 -36.151 36.151
8.707 -36.1609 36.1609
8.708 -36.1701 36.1701
8.709 -36.1778 36.1778
8.71 -36.1848 36.1848
8.711 -36.1905 36.1905
8.712 -36.1954 36.1954
8.713 -36.1989 36.1989
8.714 -36.2016 36.2016
8.715 -36.203 36.203
8.716 -36.2035 36.2035
8.717 -36.2026 36.2026
8.718 -36.2009 36.2009
8.719 -36.1979 36.1979
8.72 -36.194 36.194
8.721 -36.1887 36.1887
8.722 -36.1826 36.1826
8.723 -36.1752 36.1752
8.724 -36.167 36.167
8.725 -36.1575 36.1575
8.726 -36.1472 36.1472
8.727 -36.1356 36.1356
8.728 -36.1232 36.1232
8.729 -36.1096 36.1096
8.73 -36.0953 36.0953
8.731 -36.0796 36.0796
8.732 -36.0633 36.0633
8.733 -36.0457 36.0457
8.734 -36.0275 36.0275
8.735 -36.0081 36.0081
8.736 -35.988 35.988
8.737 -35.9668 35.9668
8.738 -35.9449 35.9449
8.739 -35.9219 35.9219
8.74 -35.8982 35.8982
8.741 -35.8735 35.8735
8.742 -35.8482 35.8482
8.743 -35.8217 35.8217
8.744 -35.7948 35.7948
8.745 -35.7668 35.7668
8.746 -35.7383 35.7383
8.747 -35.7088 35.7088
8.748 -35.6789 35.6789
8.749 -35.648 35.648
8.75 -35.6166 35.6166
8.751 -35.5843 35.5843
8.752 -35.5515 35.5515
8.753 -35.5179 35.5178
8.754 -35.4838 35.4838
8.755 -35.4489 35.4489
8.756 -35.4136 35.4136
8.757 -35.3774 35.3774
8.758 -35.3409 35.3409
8.759 -35.3035 35.3035
8.76 -35.2659 35.2659
8.761 -35.2274 35.2274
8.762 -35.1886 35.1886
8.763 -35.1489 35.1489
8.764 -35.109 35.1089
8.765 -35.0682 35.0682
8.766 -35.0271 35.027
8.767 -34.9851 34.9851
8.768 -34.9429 34.9428
8.769 -34.8998 34.8998
8.77 -34.8564 34.8564
8.771 -34.8121 34.8121
8.772 -34.7676 34.7676
8.773 -34.7222 34.7222
8.774 -34.6765 34.6765
8.775 -34.63 34.63
8.776 -34.5831 34.5831
8.777 -34.5355 34.5355
8.778 -34.4875 34.4875
8.779 -34.4387 34.4387
8.78 -34.3896 34.3896
8.781 -34.3396 34.3396
8.782 -34.2894 34.2894
8.783 -34.2382 34.2382
8.784 -34.1868 34.1868
8.785 -34.1345 34.1345
8.786 -34.0818 34.0819
8.787 -34.0283 34.0283
8.788 -33.9745 33.9745
8.789 -33.9197 33.9197
8.79 -33.8646 33.8646
8.791 -33.8086 33.8086
8.792 -33.7523 33.7523
8.793 -33.695 33.695
8.794 -33.6373 33.6373
8.795 -33.5787 33.5787
8.796 -33.5197 33.5197
8.797 -33.4597 33.4597
8.798 -33.3993 33.3993
8.799 -33.338 33.338
8.8 -33.2762 33.2762
8.801 -33.2135 33.2135
8.802 -33.1502 33.1502
8.803 -33.086 33.086
8.804 -33.0212 33.0212
8.805 -32.9554 32.9554
8.806 -32.889 32.889
8.807 -32.8216 32.8216
8.808 -32.7536 32.7536
8.809 -32.6845 32.6845
8.81 -32.6147 32.6147
8.811 -32.5439 32.5439
8.812 -32.4724 32.4724
8.813 -32.3997 32.3997
8.814 -32.3263 32.3263
8.815 -32.2516 32.2516
8.816 -32.1762 32.1762
8.817 -32.0994 32.0994
8.818 -32.0218 32.0219
8.819 -31.943 31.9429
8.82 -31.8631 31.8631
8.821 -31.782 31.782
8.822 -31.6998 31.6998
8.823 -31.6162 31.6162
8.824 -31.5315 31.5315
8.825 -31.4452 31.4452
8.826 -31.3577 31.3577
8.827 -31.2686 31.2686
8.828 -31.1782 31.1782
8.829 -31.0861 31.0861
8.83 -30.9926 30.9926
8.831 -30.8973 30.8973
8.832 -30.8005 30.8005
8.833 -30.7018 30.7018
8.834 -30.6015 30.6015
8.835 -30.499 30.499
8.836 -30.3948 30.3948
8.837 -30.2884 30.2884
8.838 -30.1801 30.1801
8.839 -30.0694 30.0694
8.84 -29.9567 29.9567
8.841 -29.8416 29.8416
8.842 -29.7243 29.7243
8.843 -29.6044 29.6044
8.844 -29.4821 29.4821
8.845 -29.357 29.357
8.846 -29.2294 29.2294
8.847 -29.0987 29.0987
8.848 -28.9654 28.9654
8.849 -28.829 28.8289
8.85 -28.6896 28.6896
8.851 -28.547 28.547
8.852 -28.4013 28.4013
8.853 -28.2521 28.2521
8.854 -28.0996 28.0996
8.855 -27.9434 27.9433
8.856 -27.7836 27.7836
8.857 -27.6199 27.6199
8.858 -27.4525 27.4525
8.859 -27.2809 27.2809
8.86 -27.1053 27.1053
8.861 -26.9254 26.9254
8.862 -26.7413 26.7413
8.863 -26.5525 26.5525
8.864 -26.3592 26.3592
8.865 -26.1609 26.1609
8.866 -25.9578 25.9578
8.867 -25.7495 25.7495
8.868 -25.536 25.536
8.869 -25.3169 25.3169
8.87 -25.0924 25.0924
8.871 -24.8621 24.8621
8.872 -24.6259 24.6259
8.873 -24.3834 24.3834
8.874 -24.1348 24.1348
8.875 -23.8794 23.8794
8.876 -23.6173 23.6173
8.877 -23.3481 23.3481
8.878 -23.0718 23.0718
8.879 -22.7878 22.7878
8.88 -22.4962 22.4962
8.881 -22.1965 22.1965
8.882 -21.8885 21.8885
8.883 -21.5718 21.5718
8.884 -21.2464 21.2464
8.885 -20.9101 20.9101
8.886 -20.5646 20.5646
8.887 -20.2095 20.2095
8.888 -19.8446 19.8446
8.889 -19.4693 19.4693
8.89 -19.0837 19.0837
8.891 -18.6871 18.6871
8.892 -18.2793 18.2793
8.893 -17.8599 17.8599
8.894 -17.4287 17.4287
8.895 -16.9852 16.9852
8.896 -16.5292 16.5292
8.897 -16.06 16.06
8.898 -15.5774 15.5774
8.899 -15.0809 15.0809
8.9 -14.57 14.57
8.901 -14.0442 14.0442
8.902 -13.5032 13.5032
8.903 -12.9464 12.9464
8.904 -12.3733 12.3733
8.905 -11.7834 11.7834
8.906 -11.1763 11.1763
8.907 -10.5512 10.5512
8.908 -9.90781 9.90781
8.909 -9.24538 9.24538
8.91 -8.56339 8.56339
8.911 -7.86124 7.86124
8.912 -7.13841 7.13841
8.913 -6.39439 6.39439
8.914 -5.6287 5.6287
8.915 -4.84086 4.84086
8.916 -4.03045 4.03045
8.917 -3.1971 3.1971
8.918 -2.3405 2.3405
8.919 -1.46043 1.46043
8.92 -0.556804 0.556804
8.921 0.370324 -0.370324
8.922 1.32063 -1.32063
8.923 2.29355 -2.29355
8.924 3.28825 -3.28825
8.925 4.30367 -4.30367
8.926 5.33845 -5.33845
8.927 6.39101 -6.39101
8.928 7.45943 -7.45943
8.929 8.54154 -8.54154
8.93 9.63484 -9.63484
8.931 10.7366 -10.7366
8.932 11.8437 -11.8437
8.933 12.9529 -12.9529
8.934 14.0606 -14.0606
8.935 15.1632 -15.1632
8.936 16.2568 -16.2568
8.937 17.3378 -17.3378
8.938 18.4021 -18.4021
8.939 19.4463 -19.4463
8.94 20.4667 -20.4667
8.941 21.46 -21.46
8.942 22.4231 -22.4231
8.943 23.3532 -23.3532
8.944 24.2479 -24.2479
8.945 25.1054 -25.1054
8.946 25.9238 -25.9238
8.947 26.7024 -26.7024
8.948 27.44 -27.44
8.949 28.1369 -28.1369
8.95 28.7927 -28.7927
8.951 29.4082 -29.4082
8.952 29.9839 -29.9839
8.953 30.5211 -30.5211
8.954 31.0206 -31.0206
8.955 31.4844 -31.4844
8.956 31.9135 -31.9135
8.957 32.31 -32.31
8.958 32.6752 -32.6752
8.959 33.0113 -33.0113
8.96 33.3195 -33.3195
8.961 33.602 -33.602
8.962 33.8602 -33.8602
8.963 34.0962 -34.0962
8.964 34.3111 -34.3111
8.965 34.5069 -34.5069
8.966 34.6847 -34.6847
8.967 34.8461 -34.8461
8.968 34.9921 -34.9921
8.969 35.1243 -35.1243
8.97 35.2432 -35.2432
8.971 35.3504 -35.3504
8.972 35.4464 -35.4464
8.973 35.5326 -35.5326
8.974 35.6093 -35.6093
8.975 35.6778 -35.6778
8.976 35.7382 -35.7382
8.977 35.7918 -35.7918
8.978 35.8386 -35.8386
8.979 35.8796 -35.8796
8.98 35.9147 -35.9147
8.981 35.9449 -35.9449
8.982 35.9702 -35.9702
8.983 35.9912 -35.9912
8.984 36.008 -36.008
8.985 36.0213 -36.0213
8.986 36.0309 -36.0309
8.987 36.0374 -36.0374
8.988 36.0407 -36.0407
8.989 36.0415 -36.0415
8.99 36.0393 -36.0393
8.991 36.035 -36.035
8.992 36.028 -36.028
8.993 36.019 -36.019
8.994 36.0076 -36.0076
8.995 35.9945 -35.9945
8.996 35.9791 -35.9791
8.997 35.9621 -35.9621
8.998 35.943 -35.943
8.999 35.9224 -35.9224
9 35.8998 -35.8998
9.001 35.8759 -35.8759
9.002 35.8501 -35.8501
9.003 35.8229 -35.8229
9.004 35.7939 -35.7939
9.005 35.7636 -35.7636
9.006 35.7315 -35.7315
9.007 35.6981 -35.6981
9.008 35.663 -35.663
9.009 35.6266 -35.6266
9.01 35.5885 -35.5885
9.011 35.5492 -35.5492
9.012 35.5082 -35.5082
9.013 35.4659 -35.4659
9.014 35.422 -35.422
9.015 35.3769 -35.3769
9.016 35.33 -35.33
9.017 35.282 -35.282
9.018 35.2322 -35.2322
9.019 35.1813 -35.1813
9.02 35.1286 -35.1286
9.021 35.0748 -35.0748
9.022 35.0193 -35.0193
9.023 34.9625 -34.9625
9.024 34.904 -34.904
9.025 34.8443 -34.8443
9.026 34.7827 -34.7827
9.027 34.7198 -34.7198
9.028 34.6552 -34.6552
9.029 34.5892 -34.5892
9.03 34.5214 -34.5214
9.031 34.4522 -34.4522
9.032 34.3812 -34.3812
9.033 34.3087 -34.3087
9.034 34.2343 -34.2343
9.035 34.1583 -34.1583
9.036 34.0803 -34.0803
9.037 34.0006 -34.0006
9.038 33.9189 -33.9189
9.039 33.8355 -33.8355
9.04 33.7499 -33.7499
9.041 33.6627 -33.6627
9.042 33.5732 -33.5732
9.043 33.4819 -33.4819
9.044 33.3882 -33.3882
9.045 33.2926 -33.2926
9.046 33.1946 -33.1946
9.047 33.0946 -33.0946
9.048 32.992 -32.992
9.049 32.8874 -32.8874
9.05 32.7801 -32.7801
9.051 32.6707 -32.6707
9.052 32.5587 -32.5587
9.053 32.4445 -32.4445
9.054 32.3276 -32.3276
9.055 32.2084 -32.2084
9.056 32.0865 -32.0865
9.057 31.9622 -31.9622
9.058 31.8352 -31.8352
9.059 31.7058 -31.7058
9.06 31.5736 -31.5736
9.061 31.439 -31.439
9.062 31.3015 -31.3015
9.063 31.1617 -31.1617
9.064 31.0191 -31.0191
9.065 30.8742 -30.8742
9.066 30.7265 -30.7265
9.067 30.5764 -30.5764
9.068 30.4236 -30.4236
9.069 30.2684 -30.2684
9.07 30.1105 -30.1105
9.071 29.9503 -29.9503
9.072 29.7873 -29.7873
9.073 29.622 -29.622
9.074 29.4541 -29.4541
9.075 29.2838 -29.2838
9.076 29.111 -29.111
9.077 28.9358 -28.9358
9.078 28.7581 -28.7581
9.079 28.578 -28.578
9.08 28.3954 -28.3954
9.081 28.2105 -28.2105
9.082 28.023 -28.023
9.083 27.8332 -27.8332
9.084 27.641 -27.641
9.085 27.4465 -27.4465
9.086 27.2495 -27.2495
9.087 27.0503 -27.0503
9.088 26.8487 -26.8487
9.089 26.6449 -26.6449
9.09 26.4386 -26.4386
9.091 26.2301 -26.2301
9.092 26.0191 -26.0191
9.093 25.806 -25.806
9.094 25.5906 -25.5906
9.095 25.373 -25.373
9.096 25.1531 -25.1531
9.097 24.9312 -24.9312
9.098 24.707 -24.707
9.099 24.4808 -24.4808
9.1 24.2522 -24.2522
9.101 24.0217 -24.0217
9.102 23.7888 -23.7888
9.103 23.5539 -23.5539
9.104 23.3168 -23.3168
9.105 23.0776 -23.0776
9.106 22.836 -22.836
9.107 22.5924 -22.5924
9.108 22.3464 -22.3464
9.109 22.0984 -22.0984
9.11 21.8479 -21.8479
9.111 21.5953 -21.5953
9.112 21.3402 -21.3402
9.113 21.0828 -21.0828
9.114 20.8228 -20.8228
9.115 20.5602 -20.5602
9.116 20.2949 -20.2949
9.117 20.027 -20.027
9.118 19.7563 -19.7563
9.119 19.4824 -19.4824
9.12 19.205 -19.205
9.121 18.9246 -18.9246
9.122 18.6408 -18.6408
9.123 18.3537 -18.3537
9.124 18.063 -18.063
9.125 17.7687 -17.7687
9.126 17.4705 -17.4705
9.127 17.1683 -17.1683
9.128 16.8619 -16.8619
9.129 16.5513 -16.5513
9.13 16.2362 -16.2362
9.131 15.9166 -15.9166
9.132 15.5921 -15.5921
9.133 15.2627 -15.2627
9.134 14.9282 -14.9282
9.135 14.5883 -14.5883
9.136 14.2428 -14.2428
9.137 13.8917 -13.8917
9.138 13.5345 -13.5345
9.139 13.1712 -13.1712
9.14 12.8015 -12.8015
9.141 12.4254 -12.4254
9.142 12.0424 -12.0424
9.143 11.6526 -11.6526
9.144 11.2556 -11.2556
9.145 10.8514 -10.8514
9.146 10.4397 -10.4397
9.147 10.0203 -10.0203
9.148 9.59309 -9.59309
9.149 9.15783 -9.15783
9.15 8.71432 -8.71432
9.151 8.26241 -8.26241
9.152 7.80195 -7.80195
9.153 7.33286 -7.33286
9.154 6.85499 -6.85499
9.155 6.36828 -6.36828
9.156 5.8726 -5.8726
9.157 5.36789 -5.36789
9.158 4.85406 -4.85406
9.159 4.33106 -4.33106
9.16 3.79884 -3.79884
9.161 3.25738 -3.25738
9.162 2.70673 -2.70673
9.163 2.147 -2.147
9.164 1.5783 -1.5783
9.165 1.0008 -1.0008
9.166 0.414698 -0.414698
9.167 -0.179764 0.179764
9.168 -0.782277 0.782277
9.169 -1.39246 1.39246
9.17 -2.00988 2.00988
9.171 -2.634 2.634
9.172 -3.26423 3.26423
9.173 -3.89987 3.89987
9.174 -4.54019 4.54019
9.175 -5.18436 5.18436
9.176 -5.83153 5.83153
9.177 -6.48076 6.48076
9.178 -7.1311 7.1311
9.179 -7.78149 7.78149
9.18 -8.4309 8.4309
9.181 -9.07816 9.07815
9.182 -9.72215 9.72215
9.183 -10.3616 10.3616
9.184 -10.9954 10.9954
9.185 -11.6223 11.6223
9.186 -12.2411 12.2411
9.187 -12.8505 12.8505
9.188 -13.4494 13.4494
9.189 -14.0367 14.0367
9.19 -14.6112 14.6112
9.191 -15.1719 15.1719
9.192 -15.7179 15.7179
9.193 -16.2481 16.2481
9.194 -16.7619 16.7619
9.195 -17.2584 17.2584
9.196 -17.737 17.737
9.197 -18.1971 18.1971
9.198 -18.6383 18.6383
9.199 -19.0601 19.0601
9.2 -19.4623 19.4623
9.201 -19.8446 19.8446
9.202 -20.2071 20.2071
9.203 -20.5496 20.5496
9.204 -20.8723 20.8723
9.205 -21.1752 21.1752
9.206 -21.4588 21.4588
9.207 -21.723 21.723
9.208 -21.9684 21.9684
9.209 -22.1951 22.1951
9.21 -22.4038 22.4038
9.211 -22.5947 22.5947
9.212 -22.7685 22.7685
9.213 -22.9254 22.9254
9.214 -23.0664 23.0664
9.215 -23.1917 23.1917
9.216 -23.3021 23.3021
9.217 -23.3979 23.3979
9.218 -23.4798 23.4798
9.219 -23.5483 23.5483
9.22 -23.604 23.604
9.221 -23.6472 23.6472
9.222 -23.6788 23.6788
9.223 -23.699 23.699
9.224 -23.7086 23.7086
9.225 -23.7078 23.7078
9.226 -23.6975 23.6975
9.227 -23.6777 23.6777
9.228 -23.6492 23.6492
9.229 -23.6122 23.6122
9.23 -23.5672 23.5672
9.231 -23.5145 23.5145
9.232 -23.4547 23.4547
9.233 -23.3877 23.3877
9.234 -23.3143 23.3143
9.235 -23.2346 23.2346
9.236 -23.1489 23.1489
9.237 -23.0575 23.0575
9.238 -22.9607 22.9607
9.239 -22.8586 22.8586
9.24 -22.7517 22.7517
9.241 -22.64 22.64
9.242 -22.5238 22.5238
9.243 -22.4032 22.4032
9.244 -22.2785 22.2785
9.245 -22.1498 22.1498
9.246 -22.0173 22.0173
9.247 -21.881 21.881
9.248 -21.7412 21.7412
9.249 -21.5979 21.5979
9.25 -21.4515 21.4515
9.251 -21.3017 21.3017
9.252 -21.1489 21.1489
9.253 -20.993 20.993
9.254 -20.8342 20.8342
9.255 -20.6723 20.6723
9.256 -20.5077 20.5077
9.257 -20.3401 20.3401
9.258 -20.1698 20.1698
9.259 -19.9967 19.9967
9.26 -19.821 19.821
9.261 -19.6425 19.6425
9.262 -19.4614 19.4614
9.263 -19.2775 19.2775
9.264 -19.091 19.091
9.265 -18.9017 18.9017
9.266 -18.7099 18.7099
9.267 -18.5152 18.5152
9.268 -18.3179 18.3179
9.269 -18.1177 18.1177
9.27 -17.9149 17.9149
9.271 -17.7092 17.7092
9.272 -17.5008 17.5008
9.273 -17.2894 17.2894
9.274 -17.0752 17.0752
9.275 -16.8579 16.8579
9.276 -16.6378 16.6378
9.277 -16.4145 16.4145
9.278 -16.1883 16.1883
9.279 -15.9588 15.9588
9.28 -15.7262 15.7262
9.281 -15.4904 15.4904
9.282 -15.2513 15.2513
9.283 -15.0089 15.0089
9.284 -14.7631 14.7631
9.285 -14.5138 14.5138
9.286 -14.261 14.261
9.287 -14.0047 14.0047
9.288 -13.7447 13.7447
9.289 -13.481 13.481
9.29 -13.2137 13.2137
9.291 -12.9424 12.9424
9.292 -12.6674 12.6674
9.293 -12.3884 12.3884
9.294 -12.1055 12.1055
9.295 -11.8185 11.8185
9.296 -11.5275 11.5275
9.297 -11.2324 11.2324
9.298 -10.9332 10.9332
9.299 -10.6297 10.6297
9.3 -10.322 10.322
9.301 -10.0099 10.0099
9.302 -9.69357 9.69357
9.303 -9.37279 9.37279
9.304 -9.04763 9.04763
9.305 -8.71799 8.71799
9.306 -8.38388 8.38388
9.307 -8.04524 8.04524
9.308 -7.70206 7.70206
9.309 -7.35429 7.35429
9.31 -7.00193 7.00193
9.311 -6.64494 6.64494
9.312 -6.28334 6.28334
9.313 -5.91715 5.91715
9.314 -5.54639 5.54639
9.315 -5.17107 5.17107
9.316 -4.79125 4.79125
9.317 -4.40695 4.40695
9.318 -4.01822 4.01822
9.319 -3.62511 3.62511
9.32 -3.22769 3.22769
9.321 -2.82602 2.82602
9.322 -2.42022 2.42022
9.323 -2.01039 2.01039
9.324 -1.59667 1.59667
9.325 -1.17917 1.17917
9.326 -0.758078 0.758078
9.327 -0.33355 0.33355
9.328 0.0942189 -0.0942189
9.329 0.525012 -0.525012
9.33 0.958587 -0.958587
9.331 1.39467 -1.39467
9.332 1.83294 -1.83294
9.333 2.27306 -2.27306
9.334 2.71467 -2.71467
9.335 3.15737 -3.15737
9.336 3.60076 -3.60076
9.337 4.04443 -4.04443
9.338 4.48793 -4.48793
9.339 4.93081 -4.93081
9.34 5.3726 -5.3726
9.341 5.81281 -5.81281
9.342 6.25088 -6.25088
9.343 6.68627 -6.68627
9.344 7.11839 -7.11839
9.345 7.54669 -7.54669
9.346 7.97056 -7.97056
9.347 8.38945 -8.38945
9.348 8.80275 -8.80275
9.349 9.20994 -9.20994
9.35 9.6104 -9.6104
9.351 10.0036 -10.0036
9.352 10.389 -10.389
9.353 10.7661 -10.7661
9.354 11.1343 -11.1343
9.355 11.4931 -11.4931
9.356 11.8421 -11.8421
9.357 12.1807 -12.1807
9.358 12.5086 -12.5086
9.359 12.8254 -12.8254
9.36 13.1307 -13.1307
9.361 13.4242 -13.4242
9.362 13.7056 -13.7056
9.363 13.9748 -13.9748
9.364 14.2315 -14.2315
9.365 14.4757 -14.4757
9.366 14.7071 -14.7071
9.367 14.9257 -14.9257
9.368 15.1315 -15.1315
9.369 15.3245 -15.3245
9.37 15.5045 -15.5045
9.371 15.6718 -15.6718
9.372 15.8262 -15.8262
9.373 15.9682 -15.9682
9.374 16.0976 -16.0976
9.375 16.2148 -16.2148
9.376 16.3199 -16.3199
9.377 16.4131 -16.4131
9.378 16.4946 -16.4946
9.379 16.5648 -16.5648
9.38 16.6235 -16.6235
9.381 16.6714 -16.6714
9.382 16.7085 -16.7085
9.383 16.7352 -16.7352
9.384 16.7518 -16.7518
9.385 16.7586 -16.7586
9.386 16.7558 -16.7558
9.387 16.7439 -16.7439
9.388 16.7229 -16.7229
9.389 16.6934 -16.6934
9.39 16.6555 -16.6555
9.391 16.6095 -16.6095
9.392 16.5556 -16.5556
9.393 16.4943 -16.4943
9.394 16.4257 -16.4257
9.395 16.3503 -16.3503
9.396 16.2682 -16.2682
9.397 16.1797 -16.1797
9.398 16.0851 -16.0851
9.399 15.9847 -15.9847
9.4 15.8785 -15.8785
9.401 15.767 -15.767
9.402 15.6503 -15.6503
9.403 15.5288 -15.5288
9.404 15.4025 -15.4025
9.405 15.2718 -15.2718
9.406 15.1367 -15.1367
9.407 14.9977 -14.9977
9.408 14.8548 -14.8548
9.409 14.7082 -14.7082
9.41 14.5582 -14.5582
9.411 14.4049 -14.4049
9.412 14.2484 -14.2484
9.413 14.0891 -14.0891
9.414 13.9269 -13.9269
9.415 13.7621 -13.7621
9.416 13.5947 -13.5947
9.417 13.4251 -13.4251
9.418 13.2532 -13.2532
9.419 13.0793 -13.0793
9.42 12.9034 -12.9034
9.421 12.7258 -12.7258
9.422 12.5464 -12.5464
9.423 12.3655 -12.3655
9.424 12.183 -12.183
9.425 11.9991 -11.9991
9.426 11.8139 -11.8139
9.427 11.6275 -11.6275
9.428 11.4398 -11.4398
9.429 11.2512 -11.2512
9.43 11.0616 -11.0616
9.431 10.8711 -10.8711
9.432 10.6797 -10.6797
9.433 10.4876 -10.4876
9.434 10.2947 -10.2947
9.435 10.1012 -10.1012
9.436 9.90708 -9.90708
9.437 9.7124 -9.7124
9.438 9.5172 -9.5172
9.439 9.32157 -9.32157
9.44 9.12553 -9.12553
9.441 8.92918 -8.92918
9.442 8.73248 -8.73248
9.443 8.53549 -8.53549
9.444 8.33818 -8.33818
9.445 8.14059 -8.14059
9.446 7.94271 -7.94271
9.447 7.74458 -7.74458
9.448 7.54619 -7.54619
9.449 7.34757 -7.34757
9.45 7.14874 -7.14874
9.451 6.94971 -6.94971
9.452 6.75048 -6.75048
9.453 6.55106 -6.55106
9.454 6.35144 -6.35144
9.455 6.15162 -6.15162
9.456 5.9516 -5.9516
9.457 5.7514 -5.7514
9.458 5.55099 -5.55099
9.459 5.35042 -5.35042
9.46 5.14966 -5.14966
9.461 4.94874 -4.94874
9.462 4.74768 -4.74768
9.463 4.5465 -4.5465
9.464 4.34521 -4.34521
9.465 4.14386 -4.14386
9.466 3.94246 -3.94246
9.467 3.74104 -3.74104
9.468 3.53964 -3.53964
9.469 3.33828 -3.33828
9.47 3.13699 -3.13699
9.471 2.93583 -2.93583
9.472 2.73484 -2.73484
9.473 2.53411 -2.53411
9.474 2.33371 -2.33371
9.475 2.13371 -2.13371
9.476 1.93419 -1.93419
9.477 1.73524 -1.73524
9.478 1.53693 -1.53693
9.479 1.33935 -1.33935
9.48 1.14257 -1.14257
9.481 0.946702 -0.946702
9.482 0.751838 -0.751838
9.483 0.558094 -0.558094
9.484 0.365588 -0.365588
9.485 0.174436 -0.174436
9.486 -0.015242 0.015242
9.487 -0.203326 0.203326
9.488 -0.389693 0.389693
9.489 -0.574219 0.574219
9.49 -0.75678 0.75678
9.491 -0.937237 0.937237
9.492 -1.11543 1.11543
9.493 -1.29117 1.29117
9.494 -1.46429 1.46429
9.495 -1.63462 1.63462
9.496 -1.80197 1.80197
9.497 -1.96617 1.96617
9.498 -2.12706 2.12706
9.499 -2.28444 2.28444
9.5 -2.43817 2.43817
9.501 -2.58805 2.58805
9.502 -2.73393 2.73393
9.503 -2.87565 2.87565
9.504 -3.01304 3.01304
9.505 -3.14593 3.14593
9.506 -3.27419 3.27419
9.507 -3.39764 3.39764
9.508 -3.51616 3.51616
9.509 -3.62957 3.62957
9.51 -3.73776 3.73776
9.511 -3.84056 3.84056
9.512 -3.93785 3.93785
9.513 -4.02947 4.02947
9.514 -4.1153 4.1153
9.515 -4.1952 4.1952
9.516 -4.26904 4.26904
9.517 -4.33669 4.33669
9.518 -4.39805 4.39805
9.519 -4.45298 4.45298
9.52 -4.50139 4.50139
9.521 -4.54315 4.54315
9.522 -4.57818 4.57818
9.523 -4.60637 4.60637
9.524 -4.62762 4.62762
9.525 -4.64184 4.64184
9.526 -4.64894 4.64894
9.527 -4.64883 4.64883
9.528 -4.64143 4.64143
9.529 -4.62667 4.62667
9.53 -4.60447 4.60447
9.531 -4.57474 4.57474
9.532 -4.53744 4.53744
9.533 -4.49249 4.49249
9.534 -4.43982 4.43982
9.535 -4.37937 4.37937
9.536 -4.31109 4.31109
9.537 -4.2349 4.2349
9.538 -4.15076 4.15076
9.539 -4.05861 4.05861
9.54 -3.9584 3.9584
9.541 -3.85008 3.85008
9.542 -3.7336 3.7336
9.543 -3.60892 3.60892
9.544 -3.47602 3.47602
9.545 -3.33485 3.33485
9.546 -3.18537 3.18537
9.547 -3.02756 3.02756
9.548 -2.86137 2.86137
9.549 -2.68678 2.68678
9.55 -2.50376 2.50376
9.551 -2.31227 2.31227
9.552 -2.11233 2.11233
9.553 -1.90393 1.90393
9.554 -1.68707 1.68707
9.555 -1.46177 1.46177
9.556 -1.22803 1.22803
9.557 -0.98588 0.98588
9.558 -0.735332 0.735332
9.559 -0.476414 0.476414
9.56 -0.209158 0.209158
9.561 0.0663849 -0.0663849
9.562 0.350134 -0.350134
9.563 0.641984 -0.641984
9.564 0.941823 -0.941823
9.565 1.24952 -1.24952
9.566 1.56494 -1.56494
9.567 1.88794 -1.88794
9.568 2.21834 -2.21834
9.569 2.55597 -2.55597
9.57 2.90063 -2.90063
9.571 3.2521 -3.2521
9.572 3.61014 -3.61014
9.573 3.97447 -3.97447
9.574 4.34479 -4.34479
9.575 4.72079 -4.72079
9.576 5.10213 -5.10213
9.577 5.48848 -5.48848
9.578 5.87946 -5.87946
9.579 6.27469 -6.27469
9.58 6.67376 -6.67376
9.581 7.07625 -7.07625
9.582 7.48168 -7.48168
9.583 7.88962 -7.88962
9.584 8.29954 -8.29954
9.585 8.71098 -8.71098
9.586 9.12338 -9.12338
9.587 9.53626 -9.53626
9.588 9.94904 -9.94904
9.589 10.3612 -10.3612
9.59 10.7722 -10.7722
9.591 11.1815 -11.1815
9.592 11.5885 -11.5885
9.593 11.9927 -11.9927
9.594 12.3936 -12.3936
9.595 12.7906 -12.7906
9.596 13.1832 -13.1832
9.597 13.5709 -13.5709
9.598 13.9532 -13.9532
9.599 14.3297 -14.3297
9.6 14.6998 -14.6998
9.601 15.0632 -15.0632
9.602 15.4194 -15.4194
9.603 15.7682 -15.7682
9.604 16.1091 -16.1091
9.605 16.442 -16.442
9.606 16.7664 -16.7664
9.607 17.0823 -17.0823
9.608 17.3893 -17.3893
9.609 17.6873 -17.6873
9.61 17.9761 -17.9761
9.611 18.2557 -18.2557
9.612 18.5259 -18.5259
9.613 18.7867 -18.7867
9.614 19.0381 -19.0381
9.615 19.2802 -19.2802
9.616 19.5129 -19.5129
9.617 19.7364 -19.7364
9.618 19.9505 -19.9505
9.619 20.1557 -20.1557
9.62 20.3519 -20.3519
9.621 20.5392 -20.5392
9.622 20.7178 -20.7178
9.623 20.888 -20.888
9.624 21.0497 -21.0497
9.625 21.2034 -21.2034
9.626 21.3491 -21.3491
9.627 21.4871 -21.4871
9.628 21.6175 -21.6175
9.629 21.7406 -21.7406
9.63 21.8566 -21.8566
9.631 21.9658 -21.9658
9.632 22.0681 -22.0681
9.633 22.1641 -22.1641
9.634 22.2538 -22.2538
9.635 22.3374 -22.3374
9.636 22.4151 -22.4151
9.637 22.4871 -22.4871
9.638 22.5536 -22.5536
9.639 22.6149 -22.6149
9.64 22.671 -22.671
9.641 22.7223 -22.7223
9.642 22.7686 -22.7686
9.643 22.8103 -22.8103
9.644 22.8473 -22.8473
9.645 22.8799 -22.8799
9.646 22.908 -22.908
9.647 22.9319 -22.9319
9.648 22.9513 -22.9513
9.649 22.9668 -22.9668
9.65 22.9781 -22.9781
9.651 22.9856 -22.9856
9.652 22.9889 -22.9889
9.653 22.9885 -22.9885
9.654 22.984 -22.984
9.655 22.9757 -22.9757
9.656 22.9634 -22.9634
9.657 22.947 -22.947
9.658 22.9269 -22.9269
9.659 22.9028 -22.9028
9.66 22.8748 -22.8748
9.661 22.8429 -22.8429
9.662 22.8069 -22.8069
9.663 22.767 -22.767
9.664 22.7227 -22.7227
9.665 22.6743 -22.6743
9.666 22.6216 -22.6216
9.667 22.5646 -22.5646
9.668 22.5054 -22.5054
9.669 22.4373 -22.4373
9.67 22.3712 -22.3712
9.671 22.2925 -22.2925
9.672 22.2126 -22.2126
9.673 22.1282 -22.1282
9.674 22.039 -22.039
9.675 21.9451 -21.9451
9.676 21.8464 -21.8464
9.677 21.7428 -21.7428
9.678 21.6343 -21.6343
9.679 21.5209 -21.5209
9.68 21.4024 -21.4024
9.681 21.2789 -21.2789
9.682 21.1502 -21.1502
9.683 21.0166 -21.0166
9.684 20.8777 -20.8777
9.685 20.7337 -20.7337
9.686 20.5845 -20.5845
9.687 20.4302 -20.4302
9.688 20.2705 -20.2705
9.689 20.1056 -20.1056
9.69 19.9353 -19.9353
9.691 19.7597 -19.7597
9.692 19.5786 -19.5786
9.693 19.3923 -19.3923
9.694 19.2007 -19.2007
9.695 19.0039 -19.0039
9.696 18.8018 -18.8018
9.697 18.5945 -18.5945
9.698 18.3822 -18.3822
9.699 18.1646 -18.1646
9.7 17.9411 -17.9411
9.701 17.7124 -17.7124
9.702 17.4785 -17.4785
9.703 17.2394 -17.2394
9.704 16.9952 -16.9952
9.705 16.746 -16.746
9.706 16.4918 -16.4918
9.707 16.2327 -16.2327
9.708 15.9685 -15.9685
9.709 15.6996 -15.6996
9.71 15.4257 -15.4257
9.711 15.147 -15.147
9.712 14.8634 -14.8634
9.713 14.5752 -14.5752
9.714 14.2823 -14.2823
9.715 13.9848 -13.9848
9.716 13.6827 -13.6827
9.717 13.3762 -13.3762
9.718 13.0652 -13.0652
9.719 12.7499 -12.7499
9.72 12.4301 -12.4301
9.721 12.1061 -12.1061
9.722 11.7777 -11.7777
9.723 11.445 -11.445
9.724 11.1081 -11.1081
9.725 10.767 -10.767
9.726 10.4217 -10.4217
9.727 10.0721 -10.0721
9.728 9.71844 -9.71844
9.729 9.36062 -9.36062
9.73 8.99865 -8.99865
9.731 8.63258 -8.63258
9.732 8.26234 -8.26234
9.733 7.88789 -7.88789
9.734 7.50914 -7.50914
9.735 7.12606 -7.12606
9.736 6.73858 -6.73858
9.737 6.34668 -6.34668
9.738 5.95029 -5.95029
9.739 5.54941 -5.54941
9.74 5.14398 -5.14398
9.741 4.73398 -4.73398
9.742 4.31931 -4.31931
9.743 3.89988 -3.89988
9.744 3.47557 -3.47557
9.745 3.04633 -3.04633
9.746 2.61207 -2.61207
9.747 2.17275 -2.17275
9.748 1.72832 -1.72832
9.749 1.27877 -1.27877
9.75 0.824084 -0.824084
9.751 0.364273 -0.364273
9.752 -0.100675 0.100675
9.753 -0.570758 0.570758
9.754 -1.04594 1.04594
9.755 -1.52614 1.52614
9.756 -2.01127 2.01127
9.757 -2.50119 2.50119
9.758 -2.99574 2.99574
9.759 -3.49472 3.49472
9.76 -3.99791 3.99791
9.761 -4.50504 4.50504
9.762 -5.01583 5.01583
9.763 -5.52992 5.52992
9.764 -6.04696 6.04696
9.765 -6.56656 6.56656
9.766 -7.08829 7.08829
9.767 -7.61168 7.61168
9.768 -8.13626 8.13626
9.769 -8.6615 8.6615
9.77 -9.18688 9.18688
9.771 -9.71179 9.71179
9.772 -10.2356 10.2356
9.773 -10.7577 10.7577
9.774 -11.2773 11.2773
9.775 -11.7938 11.7938
9.776 -12.3064 12.3064
9.777 -12.8144 12.8144
9.778 -13.3173 13.3173
9.779 -13.8142 13.8142
9.78 -14.3046 14.3046
9.781 -14.7877 14.7877
9.782 -15.2629 15.2629
9.783 -15.7294 15.7294
9.784 -16.1867 16.1867
9.785 -16.634 16.634
9.786 -17.0709 17.0709
9.787 -17.4968 17.4968
9.788 -17.9114 17.9114
9.789 -18.314 18.314
9.79 -18.7044 18.7044
9.791 -19.0822 19.0822
9.792 -19.4472 19.4472
9.793 -19.799 19.799
9.794 -20.1375 20.1375
9.795 -20.4624 20.4624
9.796 -20.7737 20.7737
9.797 -21.0712 21.0712
9.798 -21.3551 21.3551
9.799 -21.6253 21.6253
9.8 -21.8819 21.8819
9.801 -22.1249 22.1249
9.802 -22.3547 22.3547
9.803 -22.5711 22.5711
9.804 -22.7747 22.7747
9.805 -22.9653 22.9653
9.806 -23.1435 23.1435
9.807 -23.3092 23.3092
9.808 -23.4631 23.4631
9.809 -23.6051 23.6051
9.81 -23.7357 23.7357
9.811 -23.8551 23.8551
9.812 -23.9637 23.9637
9.813 -24.0618 24.0618
9.814 -24.1498 24.1498
9.815 -24.2279 24.2279
9.816 -24.2967 24.2967
9.817 -24.3561 24.3561
9.818 -24.4069 24.4069
9.819 -24.4489 24.4489
9.82 -24.4829 24.4829
9.821 -24.5088 24.5088
9.822 -24.5272 24.5272
9.823 -24.5382 24.5382
9.824 -24.5426 24.5426
9.825 -24.5402 24.5402
9.826 -24.5316 24.5316
9.827 -24.517 24.517
9.828 -24.4969 24.4969
9.829 -24.4711 24.4711
9.83 -24.4403 24.4403
9.831 -24.4045 24.4045
9.832 -24.3642 24.3642
9.833 -24.3194 24.3194
9.834 -24.2707 24.2707
9.835 -24.218 24.218
9.836 -24.1619 24.1619
9.837 -24.1023 24.1023
9.838 -24.0398 24.0398
9.839 -23.9742 23.9742
9.84 -23.9061 23.9061
9.841 -23.8353 23.8353
9.842 -23.7623 23.7623
9.843 -23.6871 23.6871
9.844 -23.6102 23.6102
9.845 -23.5314 23.5314
9.846 -23.4512 23.4512
9.847 -23.3696 23.3696
9.848 -23.2869 23.2869
9.849 -23.203 23.203
9.85 -23.1184 23.1184
9.851 -23.0329 23.0329
9.852 -22.9469 22.9469
9.853 -22.8603 22.8603
9.854 -22.7735 22.7735
9.855 -22.6863 22.6863
9.856 -22.5991 22.5991
9.857 -22.5117 22.5117
9.858 -22.4245 22.4245
9.859 -22.3373 22.3373
9.86 -22.2506 22.2506
9.861 -22.164 22.164
9.862 -22.078 22.078
9.863 -21.9923 21.9923
9.864 -21.9071 21.9071
9.865 -21.8224 21.8224
9.866 -21.7383 21.7383
9.867 -21.6546 21.6546
9.868 -21.5717 21.5717
9.869 -21.4893 21.4893
9.87 -21.4077 21.4077
9.871 -21.3266 21.3266
9.872 -21.2464 21.2464
9.873 -21.1666 21.1666
9.874 -21.0875 21.0875
9.875 -21.0088 21.0088
9.876 -20.9308 20.9308
9.877 -20.853 20.853
9.878 -20.7758 20.7758
9.879 -20.6989 20.6989
9.88 -20.6224 20.6224
9.881 -20.5461 20.5461
9.882 -20.4702 20.4702
9.883 -20.3944 20.3944
9.884 -20.3187 20.3187
9.885 -20.2431 20.2431
9.886 -20.1675 20.1675
9.887 -20.0917 20.0917
9.888 -20.0159 20.0159
9.889 -19.9399 19.9399
9.89 -19.8637 19.8637
9.891 -19.7871 19.7871
9.892 -19.7103 19.7103
9.893 -19.6329 19.6329
9.894 -19.5552 19.5552
9.895 -19.4768 19.4768
9.896 -19.3978 19.3978
9.897 -19.3181 19.3181
9.898 -19.2377 19.2377
9.899 -19.1564 19.1564
9.9 -19.0743 19.0743
9.901 -18.9912 18.9912
9.902 -18.9073 18.9073
9.903 -18.8222 18.8222
9.904 -18.7362 18.7362
9.905 -18.6489 18.6489
9.906 -18.5606 18.5606
9.907 -18.4711 18.4711
9.908 -18.3804 18.3804
9.909 -18.2883 18.2883
9.91 -18.195 18.195
9.911 -18.1003 18.1003
9.912 -18.0043 18.0043
9.913 -17.9069 17.9069
9.914 -17.8082 17.8082
9.915 -17.708 17.708
9.916 -17.6064 17.6064
9.917 -17.5034 17.5034
9.918 -17.399 17.399
9.919 -17.293 17.293
9.92 -17.1857 17.1857
9.921 -17.0768 17.0768
9.922 -16.9665 16.9665
9.923 -16.8546 16.8546
9.924 -16.7414 16.7414
9.925 -16.6266 16.6266
9.926 -16.5105 16.5105
9.927 -16.3928 16.3928
9.928 -16.2737 16.2737
9.929 -16.1531 16.1531
9.93 -16.0311 16.0311
9.931 -15.9076 15.9076
9.932 -15.7828 15.7828
9.933 -15.6565 15.6565
9.934 -15.529 15.529
9.935 -15.4 15.4
9.936 -15.2698 15.2698
9.937 -15.1383 15.1383
9.938 -15.0055 15.0055
9.939 -14.8714 14.8714
9.94 -14.7362 14.7362
9.941 -14.5997 14.5997
9.942 -14.4622 14.4622
9.943 -14.3235 14.3235
9.944 -14.1837 14.1837
9.945 -14.0429 14.0429
9.946 -13.9012 13.9012
9.947 -13.7584 13.7584
9.948 -13.6148 13.6148
9.949 -13.4703 13.4703
9.95 -13.325 13.325
9.951 -13.1788 13.1788
9.952 -13.0318 13.0318
9.953 -12.884 12.884
9.954 -12.7354 12.7354
9.955 -12.5858 12.5858
9.956 -12.4355 12.4355
9.957 -12.2842 12.2842
9.958 -12.1321 12.1321
9.959 -11.979 11.979
9.96 -11.8251 11.8251
9.961 -11.6702 11.6702
9.962 -11.5143 11.5143
9.963 -11.3573 11.3573
9.964 -11.1991 11.1991
9.965 -11.0396 11.0396
9.966 -10.8788 10.8788
9.967 -10.7165 10.7165
9.968 -10.5526 10.5526
9.969 -10.3872 10.3872
9.97 -10.22 10.22
9.971 -10.051 10.051
9.972 -9.88015 9.88015
9.973 -9.70711 9.70711
9.974 -9.53183 9.53183
9.975 -9.35409 9.35409
9.976 -9.17378 9.17378
9.977 -8.99069 8.99069
9.978 -8.80472 8.80472
9.979 -8.61567 8.61567
9.98 -8.42342 8.42342
9.981 -8.22777 8.22777
9.982 -8.02856 8.02856
9.983 -7.82556 7.82556
9.984 -7.6186 7.6186
9.985 -7.40745 7.40745
9.986 -7.19193 7.19193
9.987 -6.97183 6.97183
9.988 -6.74697 6.74697
9.989 -6.51712 6.51712
9.99 -6.28212 6.28212
9.991 -6.04174 6.04174
9.992 -5.79582 5.79582
9.993 -5.54413 5.54413
9.994 -5.2865 5.2865
9.995 -5.02273 5.02273
9.996 -4.75264 4.75264
9.997 -4.47602 4.47602
9.998 -4.1927 4.1927
9.999 -3.90249 3.90249
10 -3.6052 3.6052
10.001 -3.30066 3.30066
10.002 -2.98871 2.98871
10.003 -2.66918 2.66918
10.004 -2.34194 2.34194
10.005 -2.00682 2.00682
10.006 -1.66371 1.66371
10.007 -1.31245 1.31245
10.008 -0.952942 0.952942
10.009 -0.585068 0.585068
10.01 -0.208732 0.208732
10.011 0.176138 -0.176138
10.012 0.569577 -0.569577
10.013 0.971586 -0.971586
10.014 1.38215 -1.38215
10.015 1.80122 -1.80122
10.016 2.22874 -2.22874
10.017 2.66461 -2.66461
10.018 3.10871 -3.10871
10.019 3.56091 -3.56091
10.02 4.02101 -4.02101
10.021 4.48881 -4.48881
10.022 4.96399 -4.96399
10.023 5.44622 -5.44622
10.024 5.93511 -5.93511
10.025 6.43027 -6.43027
10.026 6.93123 -6.93123
10.027 7.43752 -7.43752
10.028 7.9486 -7.9486
10.029 8.46394 -8.46394
10.03 8.98293 -8.98293
10.031 9.50496 -9.50496
10.032 10.0293 -10.0293
10.033 10.5552 -10.5552
10.034 11.0818 -11.0818
10.035 11.6085 -11.6085
10.036 12.1343 -12.1343
10.037 12.6584 -12.6584
10.038 13.1801 -13.1801
10.039 13.6984 -13.6984
10.04 14.2126 -14.2126
10.041 14.7219 -14.7219
10.042 15.2253 -15.2253
10.043 15.7222 -15.7222
10.044 16.2116 -16.2116
10.045 16.693 -16.693
10.046 17.1656 -17.1656
10.047 17.6287 -17.6287
10.048 18.0816 -18.0816
10.049 18.524 -18.524
10.05 18.9552 -18.9552
10.051 19.3748 -19.3748
10.052 19.7823 -19.7823
10.053 20.1776 -20.1776
10.054 20.5603 -20.5603
10.055 20.9303 -20.9303
10.056 21.2874 -21.2874
10.057 21.6316 -21.6316
10.058 21.9627 -21.9627
10.059 22.281 -22.281
10.06 22.5861 -22.5861
10.061 22.8787 -22.8787
10.062 23.1584 -23.1584
10.063 23.4258 -23.4258
10.064 23.681 -23.681
10.065 23.9244 -23.9244
10.066 24.156 -24.156
10.067 24.3766 -24.3766
10.068 24.586 -24.586
10.069 24.7849 -24.7849
10.07 24.9735 -24.9735
10.071 25.1523 -25.1523
10.072 25.3214 -25.3214
10.073 25.4815 -25.4815
10.074 25.6327 -25.6327
10.075 25.7756 -25.7756
10.076 25.9103 -25.9103
10.077 26.0374 -26.0374
10.078 26.1571 -26.1571
10.079 26.2699 -26.2699
10.08 26.3759 -26.3759
10.081 26.4757 -26.4757
10.082 26.5693 -26.5693
10.083 26.6573 -26.6573
10.084 26.7397 -26.7397
10.085 26.817 -26.817
10.086 26.8893 -26.8893
10.087 26.957 -26.957
10.088 27.0201 -27.0201
10.089 27.0792 -27.0792
10.09 27.1341 -27.1341
10.091 27.1854 -27.1854
10.092 27.2329 -27.2329
10.093 27.2771 -27.2771
10.094 27.3179 -27.3179
10.095 27.3556 -27.3556
10.096 27.3901 -27.3901
10.097 27.422 -27.422
10.098 27.4508 -27.4508
10.099 27.4772 -27.4772
10.1 27.5009 -27.5009
10.101 27.5223 -27.5223
10.102 27.5412 -27.5412
10.103 27.558 -27.558
10.104 27.5724 -27.5724
10.105 27.5849 -27.5849
10.106 27.5952 -27.5952
10.107 27.6036 -27.6036
10.108 27.61 -27.61
10.109 27.6147 -27.6147
10.11 27.6174 -27.6174
10.111 27.6185 -27.6185
10.112 27.6178 -27.6178
10.113 27.6157 -27.6157
10.114 27.6118 -27.6118
10.115 27.6066 -27.6066
10.116 27.5997 -27.5997
10.117 27.5916 -27.5916
10.118 27.582 -27.582
10.119 27.5712 -27.5712
10.12 27.559 -27.559
10.121 27.5457 -27.5457
10.122 27.5311 -27.5311
10.123 27.5155 -27.5155
10.124 27.4986 -27.4986
10.125 27.4808 -27.4808
10.126 27.4618 -27.4618
10.127 27.442 -27.442
10.128 27.4212 -27.4212
10.129 27.3997 -27.3997
10.13 27.3772 -27.3772
10.131 27.354 -27.354
10.132 27.3301 -27.3301
10.133 27.3056 -27.3056
10.134 27.2802 -27.2802
10.135 27.2546 -27.2546
10.136 27.2284 -27.2284
10.137 27.2019 -27.2019
10.138 27.1749 -27.1749
10.139 27.1477 -27.1477
10.14 27.12 -27.12
10.141 27.0923 -27.0923
10.142 27.0642 -27.0642
10.143 27.0362 -27.0362
10.144 27.0077 -27.0077
10.145 26.9794 -26.9794
10.146 26.9509 -26.9509
10.147 26.9225 -26.9225
10.148 26.894 -26.894
10.149 26.8657 -26.8657
10.15 26.8372 -26.8372
10.151 26.8091 -26.8091
10.152 26.7808 -26.7808
10.153 26.7528 -26.7528
10.154 26.7246 -26.7246
10.155 26.6966 -26.6966
10.156 26.6685 -26.6685
10.157 26.6405 -26.6405
10.158 26.6123 -26.6123
10.159 26.5842 -26.5842
10.16 26.556 -26.556
10.161 26.5306 -26.5305
10.162 26.4993 -26.4993
10.163 26.4707 -26.4707
10.164 26.4418 -26.4418
10.165 26.416 -26.416
10.166 26.3863 -26.3863
10.167 26.3529 -26.3529
10.168 26.3221 -26.3221
10.169 26.2909 -26.2909
10.17 26.2589 -26.2589
10.171 26.2265 -26.2265
10.172 26.1931 -26.1931
10.173 26.1591 -26.1591
10.174 26.1241 -26.1241
10.175 26.0882 -26.0882
10.176 26.0511 -26.0511
10.177 26.013 -26.013
10.178 25.9735 -25.9735
10.179 25.933 -25.933
10.18 25.891 -25.891
10.181 25.8477 -25.8477
10.182 25.8028 -25.8028
10.183 25.7565 -25.7565
10.184 25.7083 -25.7082
10.185 25.6584 -25.6584
10.186 25.6065 -25.6065
10.187 25.5527 -25.5527
10.188 25.4967 -25.4967
10.189 25.4387 -25.4387
10.19 25.3784 -25.3784
10.191 25.3159 -25.3159
10.192 25.2508 -25.2508
10.193 25.1833 -25.1833
10.194 25.113 -25.113
10.195 25.0401 -25.0401
10.196 24.9641 -24.9641
10.197 24.8852 -24.8852
10.198 24.8031 -24.8031
10.199 24.7179 -24.7179
10.2 24.6293 -24.6293
10.201 24.5374 -24.5374
10.202 24.4419 -24.4419
10.203 24.3428 -24.3428
10.204 24.2398 -24.2398
10.205 24.1331 -24.1331
10.206 24.0221 -24.0221
10.207 23.9072 -23.9072
10.208 23.7878 -23.7878
10.209 23.6642 -23.6642
10.21 23.536 -23.536
10.211 23.4032 -23.4032
10.212 23.2656 -23.2656
10.213 23.1233 -23.1233
10.214 22.976 -22.976
10.215 22.8236 -22.8236
10.216 22.666 -22.666
10.217 22.5032 -22.5032
10.218 22.3349 -22.3349
10.219 22.1611 -22.1611
10.22 21.9816 -21.9816
10.221 21.7963 -21.7963
10.222 21.6051 -21.6051
10.223 21.4079 -21.4079
10.224 21.2043 -21.2043
10.225 20.9946 -20.9946
10.226 20.7782 -20.7782
10.227 20.5553 -20.5553
10.228 20.3255 -20.3255
10.229 20.0888 -20.0888
10.23 19.8448 -19.8448
10.231 19.5937 -19.5937
10.232 19.335 -19.335
10.233 19.0679 -19.0679
10.234 18.7929 -18.7929
10.235 18.51 -18.51
10.236 18.2189 -18.2189
10.237 17.9195 -17.9195
10.238 17.6116 -17.6116
10.239 17.2949 -17.2949
10.24 16.9693 -16.9693
10.241 16.6346 -16.6346
10.242 16.2906 -16.2906
10.243 15.9372 -15.9372
10.244 15.5742 -15.5742
10.245 15.2015 -15.2015
10.246 14.8188 -14.8188
10.247 14.426 -14.426
10.248 14.0229 -14.0229
10.249 13.6093 -13.6093
10.25 13.1848 -13.1848
10.251 12.7494 -12.7494
10.252 12.3027 -12.3027
10.253 11.8448 -11.8448
10.254 11.3753 -11.3753
10.255 10.8942 -10.8942
10.256 10.4011 -10.4011
10.257 9.89599 -9.89599
10.258 9.37855 -9.37855
10.259 8.84861 -8.84861
10.26 8.30592 -8.30592
10.261 7.75029 -7.75029
10.262 7.18153 -7.18153
10.263 6.59951 -6.59951
10.264 6.00407 -6.00407
10.265 5.3951 -5.3951
10.266 4.77245 -4.77245
10.267 4.13604 -4.13604
10.268 3.4858 -3.4858
10.269 2.82169 -2.82169
10.27 2.14371 -2.14371
10.271 1.45192 -1.45192
10.272 0.746391 -0.746391
10.273 0.0272997 -0.0272997
10.274 -0.705103 0.705103
10.275 -1.45044 1.45044
10.276 -2.20823 2.20823
10.277 -2.97785 2.97785
10.278 -3.75858 3.75858
10.279 -4.54959 4.54959
10.28 -5.3499 5.3499
10.281 -6.15845 6.15845
10.282 -6.97409 6.97409
10.283 -7.79556 7.79556
10.284 -8.62151 8.62151
10.285 -9.45041 9.45041
10.286 -10.2807 10.2807
10.287 -11.1107 11.1107
10.288 -11.9387 11.9387
10.289 -12.7628 12.7628
10.29 -13.5812 13.5812
10.291 -14.3919 14.3919
10.292 -15.1932 15.1932
10.293 -15.9832 15.9832
10.294 -16.7603 16.7603
10.295 -17.5226 17.5226
10.296 -18.2686 18.2686
10.297 -18.9967 18.9967
10.298 -19.7057 19.7057
10.299 -20.394 20.394
10.3 -21.0609 21.0609
10.301 -21.7051 21.7051
10.302 -22.3262 22.3262
10.303 -22.9233 22.9233
10.304 -23.4962 23.4962
10.305 -24.0446 24.0446
10.306 -24.5685 24.5685
10.307 -25.0678 25.0678
10.308 -25.543 25.543
10.309 -25.994 25.994
10.31 -26.4218 26.4218
10.311 -26.8264 26.8264
10.312 -27.2089 27.2089
10.313 -27.5696 27.5696
10.314 -27.9097 27.9097
10.315 -28.2295 28.2295
10.316 -28.5302 28.5302
10.317 -28.8124 28.8124
10.318 -29.0772 29.0772
10.319 -29.3253 29.3253
10.32 -29.5578 29.5578
10.321 -29.7752 29.7752
10.322 -29.9786 29.9786
10.323 -30.1685 30.1685
10.324 -30.3458 30.3458
10.325 -30.511 30.511
10.326 -30.665 30.665
10.327 -30.8082 30.8082
10.328 -30.9414 30.9414
10.329 -31.0651 31.0651
10.33 -31.18 31.18
10.331 -31.2863 31.2863
10.332 -31.3847 31.3847
10.333 -31.4753 31.4753
10.334 -31.5587 31.5587
10.335 -31.6349 31.6349
10.336 -31.7046 31.7046
10.337 -31.7676 31.7676
10.338 -31.8246 31.8246
10.339 -31.8755 31.8755
10.34 -31.9208 31.9208
10.341 -31.9605 31.9605
10.342 -31.9949 31.9949
10.343 -32.0239 32.0239
10.344 -32.0479 32.0479
10.345 -32.0666 32.0666
10.346 -32.0806 32.0806
10.347 -32.0894 32.0894
10.348 -32.0937 32.0937
10.349 -32.093 32.093
10.35 -32.0879 32.0879
10.351 -32.078 32.078
10.352 -32.0638 32.0638
10.353 -32.045 32.045
10.354 -32.0219 32.0219
10.355 -31.9944 31.9944
10.356 -31.9627 31.9627
10.357 -31.9266 31.9266
10.358 -31.8865 31.8865
10.359 -31.8421 31.8421
10.36 -31.7938 31.7938
10.361 -31.7412 31.7412
10.362 -31.6848 31.6848
10.363 -31.6244 31.6244
10.364 -31.5603 31.5603
10.365 -31.4923 31.4923
10.366 -31.4209 31.4209
10.367 -31.3456 31.3456
10.368 -31.267 31.267
10.369 -31.1847 31.1847
10.37 -31.0991 31.0991
10.371 -31.01 31.01
10.372 -30.9177 30.9177
10.373 -30.8221 30.8221
10.374 -30.7236 30.7236
10.375 -30.6219 30.6219
10.376 -30.5175 30.5175
10.377 -30.4101 30.4101
10.378 -30.3002 30.3002
10.379 -30.1873 30.1873
10.38 -30.0721 30.0721
10.381 -29.954 29.954
10.382 -29.8337 29.8337
10.383 -29.7109 29.7109
10.384 -29.5861 29.5861
10.385 -29.459 29.459
10.386 -29.33 29.33
10.387 -29.199 29.199
10.388 -29.0663 29.0663
10.389 -28.9316 28.9316
10.39 -28.7954 28.7954
10.391 -28.6575 28.6575
10.392 -28.5181 28.5181
10.393 -28.3772 28.3772
10.394 -28.2351 28.2351
10.395 -28.0916 28.0916
10.396 -27.9472 27.9472
10.397 -27.8015 27.8015
10.398 -27.655 27.655
10.399 -27.5074 27.5074
10.4 -27.3592 27.3592
10.401 -27.21 27.21
10.402 -27.0601 27.0601
10.403 -26.9095 26.9095
10.404 -26.7583 26.7583
10.405 -26.6064 26.6064
10.406 -26.454 26.454
10.407 -26.3009 26.3009
10.408 -26.1474 26.1474
10.409 -25.9934 25.9934
10.41 -25.839 25.839
10.411 -25.684 25.684
10.412 -25.5287 25.5287
10.413 -25.3728 25.3728
10.414 -25.2165 25.2165
10.415 -25.0596 25.0596
10.416 -24.9023 24.9023
10.417 -24.7444 24.7444
10.418 -24.586 24.586
10.419 -24.4269 24.4269
10.42 -24.2673 24.2673
10.421 -24.1071 24.1071
10.422 -23.9463 23.9463
10.423 -23.7846 23.7846
10.424 -23.6223 23.6223
10.425 -23.459 23.459
10.426 -23.295 23.295
10.427 -23.1298 23.1298
10.428 -22.9638 22.9638
10.429 -22.7966 22.7966
10.43 -22.6284 22.6284
10.431 -22.459 22.459
10.432 -22.2885 22.2885
10.433 -22.1166 22.1166
10.434 -21.9434 21.9434
10.435 -21.7688 21.7688
10.436 -21.5929 21.5929
10.437 -21.4153 21.4153
10.438 -21.2364 21.2364
10.439 -21.0557 21.0557
10.44 -20.8735 20.8735
10.441 -20.6895 20.6895
10.442 -20.504 20.504
10.443 -20.3165 20.3165
10.444 -20.1274 20.1274
10.445 -19.9365 19.9365
10.446 -19.7438 19.7438
10.447 -19.5491 19.5491
10.448 -19.3527 19.3527
10.449 -19.1543 19.1543
10.45 -18.954 18.954
10.451 -18.7517 18.7517
10.452 -18.5476 18.5476
10.453 -18.3414 18.3414
10.454 -18.1334 18.1334
10.455 -17.9233 17.9233
10.456 -17.7109 17.7109
10.457 -17.4965 17.4965
10.458 -17.2801 17.2801
10.459 -17.0616 17.0616
10.46 -16.8411 16.8411
10.461 -16.6184 16.6184
10.462 -16.3938 16.3938
10.463 -16.167 16.167
10.464 -15.9383 15.9383
10.465 -15.7075 15.7075
10.466 -15.4748 15.4748
10.467 -15.2401 15.2401
10.468 -15.0035 15.0035
10.469 -14.7649 14.7649
10.47 -14.5245 14.5245
10.471 -14.2821 14.2821
10.472 -14.038 14.038
10.473 -13.792 13.792
10.474 -13.5443 13.5443
10.475 -13.2949 13.2949
10.476 -13.0439 13.0439
10.477 -12.7913 12.7913
10.478 -12.5372 12.5372
10.479 -12.2816 12.2816
10.48 -12.0246 12.0246
10.481 -11.7661 11.7661
10.482 -11.5065 11.5065
10.483 -11.2455 11.2455
10.484 -10.9833 10.9833
10.485 -10.72 10.72
10.486 -10.4556 10.4556
10.487 -10.1902 10.1902
10.488 -9.92386 9.92386
10.489 -9.65659 9.65659
10.49 -9.38852 9.38852
10.491 -9.11968 9.11968
10.492 -8.85014 8.85014
10.493 -8.57993 8.57993
10.494 -8.30913 8.30913
10.495 -8.03776 8.03776
10.496 -7.76592 7.76592
10.497 -7.49362 7.49362
10.498 -7.22097 7.22097
10.499 -6.948 6.948
10.5 -6.67481 6.67481
10.501 -6.40143 6.40143
10.502 -6.1279 6.1279
10.503 -5.85418 5.85418
10.504 -5.5803 5.5803
10.505 -5.30623 5.30623
10.506 -5.03201 5.03201
10.507 -4.75762 4.75762
10.508 -4.48309 4.48309
10.509 -4.20843 4.20843
10.51 -3.93368 3.93368
10.511 -3.65882 3.65882
10.512 -3.38384 3.38384
10.513 -3.10867 3.10867
10.514 -2.83327 2.83327
10.515 -2.55759 2.55759
10.516 -2.2816 2.2816
10.517 -2.00525 2.00525
10.518 -1.72853 1.72853
10.519 -1.4514 1.4514
10.52 -1.17384 1.17384
10.521 -0.895817 0.895817
10.522 -0.617235 0.617235
10.523 -0.337988 0.337988
10.524 -0.0579727 0.0579727
10.525 0.222908 -0.222908
10.526 0.504742 -0.504742
10.527 0.787612 -0.787612
10.528 1.07159 -1.07159
10.529 1.35675 -1.35675
10.53 1.64314 -1.64314
10.531 1.93086 -1.93086
10.532 2.21998 -2.21998
10.533 2.51063 -2.51063
10.534 2.80291 -2.80291
10.535 3.09692 -3.09692
10.536 3.39275 -3.39275
10.537 3.69048 -3.69048
10.538 3.99018 -3.99018
10.539 4.29194 -4.29194
10.54 4.59579 -4.59579
10.541 4.90181 -4.90181
10.542 5.21005 -5.21005
10.543 5.5206 -5.5206
10.544 5.83349 -5.83349
10.545 6.1488 -6.1488
10.546 6.46654 -6.46654
10.547 6.78675 -6.78675
10.548 7.10943 -7.10943
10.549 7.43461 -7.43461
10.55 7.76225 -7.76225
10.551 8.09236 -8.09236
10.552 8.42481 -8.42481
10.553 8.75954 -8.75954
10.554 9.09641 -9.09641
10.555 9.43533 -9.43533
10.556 9.77611 -9.77611
10.557 10.1187 -10.1187
10.558 10.4628 -10.4628
10.559 10.8083 -10.8083
10.56 11.1551 -11.1551
10.561 11.5029 -11.5029
10.562 11.8514 -11.8514
10.563 12.2003 -12.2003
10.564 12.5492 -12.5492
10.565 12.8979 -12.8979
10.566 13.2458 -13.2458
10.567 13.5928 -13.5928
10.568 13.9384 -13.9384
10.569 14.2824 -14.2824
10.57 14.6242 -14.6242
10.571 14.9638 -14.9638
10.572 15.3004 -15.3004
10.573 15.6338 -15.6338
10.574 15.9634 -15.9634
10.575 16.2889 -16.2889
10.576 16.6098 -16.6098
10.577 16.9258 -16.9258
10.578 17.2365 -17.2365
10.579 17.5416 -17.5416
10.58 17.8406 -17.8406
10.581 18.1334 -18.1334
10.582 18.4196 -18.4196
10.583 18.6988 -18.6988
10.584 18.9706 -18.9706
10.585 19.235 -19.235
10.586 19.4915 -19.4915
10.587 19.74 -19.74
10.588 19.9802 -19.9802
10.589 20.212 -20.212
10.59 20.4353 -20.4353
10.591 20.65 -20.65
10.592 20.8558 -20.8558
10.593 21.0529 -21.0529
10.594 21.2409 -21.2409
10.595 21.4202 -21.4202
10.596 21.5903 -21.5903
10.597 21.7516 -21.7516
10.598 21.9039 -21.9039
10.599 22.0474 -22.0474
10.6 22.1819 -22.1819
10.601 22.3077 -22.3077
10.602 22.4248 -22.4248
10.603 22.5334 -22.5334
10.604 22.6334 -22.6334
10.605 22.7252 -22.7252
10.606 22.8087 -22.8087
10.607 22.8842 -22.8842
10.608 22.9517 -22.9517
10.609 23.0115 -23.0115
10.61 23.0636 -23.0636
10.611 23.1082 -23.1082
10.612 23.1455 -23.1455
10.613 23.1757 -23.1757
10.614 23.1988 -23.1988
10.615 23.2154 -23.2154
10.616 23.2252 -23.2252
10.617 23.2287 -23.2287
10.618 23.2259 -23.2259
10.619 23.2171 -23.2171
10.62 23.2022 -23.2022
10.621 23.1817 -23.1817
10.622 23.1555 -23.1555
10.623 23.1241 -23.1241
10.624 23.0873 -23.0873
10.625 23.0456 -23.0456
10.626 22.999 -22.999
10.627 22.9479 -22.9479
10.628 22.8921 -22.8921
10.629 22.832 -22.832
10.63 22.7676 -22.7676
10.631 22.6992 -22.6992
10.632 22.6267 -22.6267
10.633 22.5506 -22.5506
10.634 22.4707 -22.4707
10.635 22.3875 -22.3875
10.636 22.3008 -22.3008
10.637 22.2109 -22.2109
10.638 22.1178 -22.1178
10.639 22.0218 -22.0218
10.64 21.9228 -21.9228
10.641 21.8211 -21.8211
10.642 21.7166 -21.7166
10.643 21.6095 -21.6095
10.644 21.4999 -21.4999
10.645 21.388 -21.388
10.646 21.2737 -21.2737
10.647 21.1572 -21.1572
10.648 21.0385 -21.0385
10.649 20.9178 -20.9178
10.65 20.7949 -20.7949
10.651 20.6702 -20.6702
10.652 20.5436 -20.5436
10.653 20.4151 -20.4151
10.654 20.2847 -20.2847
10.655 20.1526 -20.1526
10.656 20.0186 -20.0186
10.657 19.883 -19.883
10.658 19.7455 -19.7455
10.659 19.6064 -19.6064
10.66 19.4656 -19.4656
10.661 19.3232 -19.3232
10.662 19.1791 -19.1791
10.663 19.0333 -19.0333
10.664 18.8858 -18.8858
10.665 18.7367 -18.7367
10.666 18.5858 -18.5858
10.667 18.4332 -18.4332
10.668 18.2788 -18.2788
10.669 18.1228 -18.1228
10.67 17.9649 -17.9649
10.671 17.8053 -17.8053
10.672 17.6438 -17.6438
10.673 17.4805 -17.4805
10.674 17.3153 -17.3153
10.675 17.1482 -17.1482
10.676 16.9791 -16.9791
10.677 16.8081 -16.8081
10.678 16.635 -16.635
10.679 16.4598 -16.4598
10.68 16.2824 -16.2824
10.681 16.103 -16.103
10.682 15.9213 -15.9213
10.683 15.7375 -15.7375
10.684 15.5512 -15.5512
10.685 15.3627 -15.3627
10.686 15.1716 -15.1716
10.687 14.9782 -14.9782
10.688 14.7821 -14.7821
10.689 14.5836 -14.5836
10.69 14.3823 -14.3823
10.691 14.1784 -14.1784
10.692 13.9716 -13.9716
10.693 13.762 -13.762
10.694 13.5495 -13.5495
10.695 13.3339 -13.3339
10.696 13.1151 -13.1151
10.697 12.8932 -12.8932
10.698 12.6679 -12.6679
10.699 12.4393 -12.4393
10.7 12.2071 -12.2071
10.701 11.9715 -11.9715
10.702 11.7321 -11.7321
10.703 11.4891 -11.4891
10.704 11.2423 -11.2423
10.705 10.9916 -10.9916
10.706 10.737 -10.737
10.707 10.4783 -10.4783
10.708 10.2155 -10.2155
10.709 9.9486 -9.9486
10.71 9.67737 -9.67737
10.711 9.40183 -9.40183
10.712 9.12186 -9.12186
10.713 8.83743 -8.83743
10.714 8.54846 -8.54846
10.715 8.2549 -8.2549
10.716 7.95668 -7.95668
10.717 7.65374 -7.65374
10.718 7.34601 -7.34601
10.719 7.03345 -7.03345
10.72 6.71597 -6.71597
10.721 6.39354 -6.39354
10.722 6.06613 -6.06613
10.723 5.73374 -5.73374
10.724 5.39635 -5.39635
10.725 5.05397 -5.05397
10.726 4.70657 -4.70657
10.727 4.35419 -4.35419
10.728 3.9968 -3.9968
10.729 3.63445 -3.63445
10.73 3.26713 -3.26713
10.731 2.89489 -2.89489
10.732 2.51779 -2.51779
10.733 2.13592 -2.13592
10.734 1.74939 -1.74939
10.735 1.35829 -1.35829
10.736 0.962746 -0.962746
10.737 0.562898 -0.562898
10.738 0.158895 -0.158895
10.739 -0.249095 0.249095
10.74 -0.660881 0.660881
10.741 -1.07624 1.07624
10.742 -1.49493 1.49493
10.743 -1.91665 1.91665
10.744 -2.34112 2.34112
10.745 -2.768 2.768
10.746 -3.19697 3.19697
10.747 -3.62766 3.62766
10.748 -4.05971 4.05971
10.749 -4.4927 4.4927
10.75 -4.92624 4.92624
10.751 -5.3599 5.3599
10.752 -5.79324 5.79324
10.753 -6.22579 6.22579
10.754 -6.65711 6.65711
10.755 -7.08669 7.08669
10.756 -7.51409 7.51409
10.757 -7.93877 7.93877
10.758 -8.36027 8.36027
10.759 -8.77806 8.77806
10.76 -9.19167 9.19167
10.761 -9.60058 9.60058
10.762 -10.0043 10.0043
10.763 -10.4025 10.4025
10.764 -10.7945 10.7945
10.765 -11.1801 11.1801
10.766 -11.5587 11.5587
10.767 -11.9299 11.9299
10.768 -12.2935 12.2935
10.769 -12.6488 12.6488
10.77 -12.9958 12.9958
10.771 -13.3339 13.3339
10.772 -13.663 13.663
10.773 -13.9829 13.9829
10.774 -14.2933 14.2933
10.775 -14.5941 14.5941
10.776 -14.8852 14.8852
10.777 -15.1664 15.1664
10.778 -15.4378 15.4378
10.779 -15.699 15.699
10.78 -15.9503 15.9503
10.781 -16.1916 16.1916
10.782 -16.4228 16.4228
10.783 -16.6442 16.6442
10.784 -16.8557 16.8557
10.785 -17.0576 17.0576
10.786 -17.2499 17.2499
10.787 -17.4328 17.4328
10.788 -17.6065 17.6065
10.789 -17.7711 17.7711
10.79 -17.9268 17.9268
10.791 -18.0739 18.0739
10.792 -18.2125 18.2125
10.793 -18.3429 18.3429
10.794 -18.4653 18.4653
10.795 -18.5799 18.5799
10.796 -18.687 18.687
10.797 -18.7868 18.7868
10.798 -18.8795 18.8795
10.799 -18.9654 18.9654
10.8 -19.0448 19.0448
10.801 -19.1177 19.1177
10.802 -19.1847 19.1847
10.803 -19.2456 19.2456
10.804 -19.3009 19.3009
10.805 -19.3506 19.3506
10.806 -19.3952 19.3952
10.807 -19.4346 19.4346
10.808 -19.4691 19.4691
10.809 -19.4989 19.4989
10.81 -19.5243 19.5243
10.811 -19.5452 19.5452
10.812 -19.5621 19.5621
10.813 -19.5747 19.5747
10.814 -19.5835 19.5835
10.815 -19.5883 19.5883
10.816 -19.5894 19.5894
10.817 -19.5868 19.5868
10.818 -19.5807 19.5807
10.819 -19.5711 19.5711
10.82 -19.5581 19.5581
10.821 -19.5419 19.5419
10.822 -19.5224 19.5224
10.823 -19.4998 19.4998
10.824 -19.474 19.474
10.825 -19.4452 19.4452
10.826 -19.4134 19.4134
10.827 -19.3787 19.3787
10.828 -19.341 19.341
10.829 -19.3005 19.3005
10.83 -19.2572 19.2572
10.831 -19.2111 19.2111
10.832 -19.1623 19.1623
10.833 -19.1107 19.1107
10.834 -19.0566 19.0566
10.835 -18.9999 18.9999
10.836 -18.9406 18.9406
10.837 -18.8787 18.8787
10.838 -18.8145 18.8145
10.839 -18.7476 18.7476
10.84 -18.6785 18.6785
10.841 -18.6068 18.6068
10.842 -18.5329 18.5329
10.843 -18.4567 18.4567
10.844 -18.3783 18.3783
10.845 -18.2978 18.2978
10.846 -18.2151 18.2151
10.847 -18.1304 18.1304
10.848 -18.0437 18.0437
10.849 -17.9551 17.9551
10.85 -17.8646 17.8646
10.851 -17.7722 17.7722
10.852 -17.6781 17.6781
10.853 -17.5823 17.5823
10.854 -17.485 17.485
10.855 -17.3862 17.3862
10.856 -17.2861 17.2861
10.857 -17.1846 17.1846
10.858 -17.0821 17.0821
10.859 -16.9783 16.9783
10.86 -16.8736 16.8736
10.861 -16.7679 16.7679
10.862 -16.6614 16.6614
10.863 -16.5542 16.5542
10.864 -16.4465 16.4465
10.865 -16.3382 16.3382
10.866 -16.2297 16.2297
10.867 -16.1209 16.1209
10.868 -16.012 16.012
10.869 -15.9031 15.9031
10.87 -15.7943 15.7943
10.871 -15.6857 15.6857
10.872 -15.5775 15.5775
10.873 -15.4697 15.4697
10.874 -15.3625 15.3625
10.875 -15.256 15.256
10.876 -15.1504 15.1504
10.877 -15.0456 15.0456
10.878 -14.942 14.942
10.879 -14.8395 14.8395
10.88 -14.7383 14.7383
10.881 -14.6385 14.6385
10.882 -14.5403 14.5403
10.883 -14.4436 14.4436
10.884 -14.3487 14.3487
10.885 -14.2555 14.2555
10.886 -14.1643 14.1643
10.887 -14.0751 14.0751
10.888 -13.988 13.988
10.889 -13.903 13.903
10.89 -13.8204 13.8204
10.891 -13.7402 13.7402
10.892 -13.6624 13.6624
10.893 -13.587 13.587
10.894 -13.5142 13.5142
10.895 -13.444 13.444
10.896 -13.3764 13.3764
10.897 -13.3115 13.3115
10.898 -13.2494 13.2494
10.899 -13.19 13.19
10.9 -13.1335 13.1335
10.901 -13.0798 13.0798
10.902 -13.029 13.029
10.903 -12.9811 12.9811
10.904 -12.936 12.936
10.905 -12.8938 12.8938
10.906 -12.8544 12.8544
10.907 -12.8179 12.8179
10.908 -12.7843 12.7843
10.909 -12.7535 12.7535
10.91 -12.7255 12.7255
10.911 -12.7004 12.7004
10.912 -12.678 12.678
10.913 -12.6585 12.6585
10.914 -12.6418 12.6418
10.915 -12.6278 12.6278
10.916 -12.6167 12.6167
10.917 -12.6082 12.6082
10.918 -12.6025 12.6025
10.919 -12.5995 12.5995
10.92 -12.5991 12.5991
10.921 -12.6015 12.6015
10.922 -12.6065 12.6065
10.923 -12.6142 12.6142
10.924 -12.6245 12.6245
10.925 -12.6374 12.6374
10.926 -12.6529 12.6529
10.927 -12.6711 12.6711
10.928 -12.6918 12.6918
10.929 -12.715 12.715
10.93 -12.7408 12.7408
10.931 -12.7691 12.7691
10.932 -12.8 12.8
10.933 -12.8333 12.8333
10.934 -12.8692 12.8692
10.935 -12.9076 12.9076
10.936 -12.9486 12.9486
10.937 -12.992 12.992
10.938 -13.038 13.038
10.939 -13.0864 13.0864
10.94 -13.1374 13.1374
10.941 -13.1908 13.1908
10.942 -13.2467 13.2467
10.943 -13.305 13.305
10.944 -13.3658 13.3658
10.945 -13.4291 13.4291
10.946 -13.4948 13.4948
10.947 -13.5628 13.5628
10.948 -13.6333 13.6333
10.949 -13.7061 13.7061
10.95 -13.7813 13.7813
10.951 -13.8588 13.8588
10.952 -13.9386 13.9386
10.953 -14.0206 14.0206
10.954 -14.1048 14.1048
10.955 -14.1911 14.1911
10.956 -14.2795 14.2795
10.957 -14.3699 14.3699
10.958 -14.4623 14.4623
10.959 -14.5566 14.5566
10.96 -14.6527 14.6527
10.961 -14.7507 14.7507
10.962 -14.8503 14.8503
10.963 -14.9514 14.9514
10.964 -15.0541 15.0541
10.965 -15.1579 15.1579
10.966 -15.2631 15.2631
10.967 -15.3692 15.3692
10.968 -15.4764 15.4764
10.969 -15.5844 15.5844
10.97 -15.6931 15.6931
10.971 -15.8023 15.8023
10.972 -15.9121 15.9121
10.973 -16.0221 16.0221
10.974 -16.1322 16.1322
10.975 -16.2422 16.2422
10.976 -16.352 16.352
10.977 -16.4614 16.4614
10.978 -16.5703 16.5703
10.979 -16.6785 16.6785
10.98 -16.7859 16.7859
10.981 -16.8922 16.8922
10.982 -16.9975 16.9975
10.983 -17.1015 17.1015
10.984 -17.204 17.204
10.985 -17.3049 17.3049
10.986 -17.4041 17.4041
10.987 -17.5014 17.5014
10.988 -17.5967 17.5967
10.989 -17.6898 17.6898
10.99 -17.7807 17.7807
10.991 -17.8691 17.8691
10.992 -17.9551 17.9551
10.993 -18.0384 18.0384
10.994 -18.1191 18.1191
10.995 -18.1968 18.1968
10.996 -18.2717 18.2717
10.997 -18.3435 18.3435
10.998 -18.4122 18.4122
10.999 -18.4777 18.4777
11 -18.5399 18.5399
11.001 -18.5988 18.5988
11.002 -18.6543 18.6543
11.003 -18.7063 18.7063
11.004 -18.7549 18.7549
11.005 -18.8 18.8
11.006 -18.8415 18.8415
11.007 -18.8795 18.8795
11.008 -18.9139 18.9139
11.009 -18.9447 18.9447
11.01 -18.9719 18.9719
11.011 -18.9954 18.9954
11.012 -19.0154 19.0154
11.013 -19.0314 19.0314
11.014 -19.0435 19.0435
11.015 -19.0526 19.0526
11.016 -19.0583 19.0583
11.017 -19.0606 19.0605
11.018 -19.0595 19.0595
11.019 -19.055 19.055
11.02 -19.0473 19.0473
11.021 -19.0363 19.0363
11.022 -19.0221 19.0221
11.023 -19.0048 19.0048
11.024 -18.9844 18.9844
11.025 -18.9609 18.9609
11.026 -18.9345 18.9345
11.027 -18.9052 18.9052
11.028 -18.873 18.873
11.029 -18.838 18.838
11.03 -18.8003 18.8003
11.031 -18.7598 18.7598
11.032 -18.7168 18.7168
11.033 -18.6711 18.6711
11.034 -18.6231 18.6231
11.035 -18.5725 18.5725
11.036 -18.5198 18.5198
11.037 -18.4646 18.4646
11.038 -18.4074 18.4074
11.039 -18.348 18.348
11.04 -18.2866 18.2866
11.041 -18.2231 18.2231
11.042 -18.1577 18.1577
11.043 -18.0903 18.0903
11.044 -18.0212 18.0212
11.045 -17.9502 17.9502
11.046 -17.8776 17.8776
11.047 -17.8032 17.8032
11.048 -17.7272 17.7272
11.049 -17.6496 17.6496
11.05 -17.5704 17.5704
11.051 -17.4897 17.4897
11.052 -17.4076 17.4076
11.053 -17.3239 17.3239
11.054 -17.2389 17.2389
11.055 -17.1524 17.1524
11.056 -17.0646 17.0646
11.057 -16.9755 16.9755
11.058 -16.885 16.885
11.059 -16.7933 16.7933
11.06 -16.7003 16.7003
11.061 -16.606 16.606
11.062 -16.5105 16.5105
11.063 -16.4138 16.4138
11.064 -16.3159 16.3159
11.065 -16.2168 16.2168
11.066 -16.1165 16.1165
11.067 -16.0151 16.0151
11.068 -15.9125 15.9125
11.069 -15.8088 15.8088
11.07 -15.7039 15.7039
11.071 -15.5979 15.5979
11.072 -15.4908 15.4908
11.073 -15.3825 15.3825
11.074 -15.273 15.273
11.075 -15.1623 15.1623
11.076 -15.0504 15.0504
11.077 -14.9372 14.9372
11.078 -14.8228 14.8228
11.079 -14.7071 14.7071
11.08 -14.5901 14.5901
11.081 -14.4716 14.4716
11.082 -14.3518 14.3518
11.083 -14.2305 14.2305
11.084 -14.1078 14.1078
11.085 -13.9836 13.9836
11.086 -13.8579 13.8579
11.087 -13.7306 13.7306
11.088 -13.6018 13.6018
11.089 -13.4713 13.4713
11.09 -13.3392 13.3392
11.091 -13.2054 13.2054
11.092 -13.07 13.07
11.093 -12.9328 12.9328
11.094 -12.7938 12.7938
11.095 -12.6531 12.6531
11.096 -12.5105 12.5105
11.097 -12.3661 12.3661
11.098 -12.2199 12.2199
11.099 -12.0717 12.0717
11.1 -11.9216 11.9216
11.101 -11.7696 11.7696
11.102 -11.6156 11.6156
11.103 -11.4596 11.4596
11.104 -11.3017 11.3017
11.105 -11.1418 11.1418
11.106 -10.9799 10.9799
11.107 -10.816 10.816
11.108 -10.6501 10.6501
11.109 -10.4822 10.4822
11.11 -10.3123 10.3123
11.111 -10.1403 10.1403
11.112 -9.9663 9.9663
11.113 -9.79026 9.79026
11.114 -9.6122 9.6122
11.115 -9.43209 9.43209
11.116 -9.24998 9.24998
11.117 -9.06581 9.06581
11.118 -8.87964 8.87964
11.119 -8.69142 8.69142
11.12 -8.50118 8.50118
11.121 -8.30891 8.30891
11.122 -8.1146 8.1146
11.123 -7.9182 7.9182
11.124 -7.71973 7.71973
11.125 -7.51913 7.51913
11.126 -7.3164 7.3164
11.127 -7.11151 7.11151
11.128 -6.90445 6.90445
11.129 -6.69519 6.69519
11.13 -6.48372 6.48372
11.131 -6.27001 6.27001
11.132 -6.05401 6.05401
11.133 -5.83565 5.83565
11.134 -5.6149 5.6149
11.135 -5.39169 5.39169
11.136 -5.16596 5.16596
11.137 -4.93767 4.93767
11.138 -4.70676 4.70676
11.139 -4.47319 4.47319
11.14 -4.23691 4.23691
11.141 -3.99786 3.99786
11.142 -3.75597 3.75597
11.143 -3.51115 3.51115
11.144 -3.26332 3.26332
11.145 -3.0124 3.0124
11.146 -2.75832 2.75832
11.147 -2.501 2.501
11.148 -2.24037 2.24037
11.149 -1.97637 1.97637
11.15 -1.70894 1.70894
11.151 -1.43801 1.43801
11.152 -1.1635 1.1635
11.153 -0.885329 0.885329
11.154 -0.603417 0.603417
11.155 -0.317694 0.317694
11.156 -0.0280968 0.0280968
11.157 0.265431 -0.265431
11.158 0.562933 -0.562933
11.159 0.864446 -0.864446
11.16 1.16999 -1.16999
11.161 1.47959 -1.47959
11.162 1.79327 -1.79327
11.163 2.11104 -2.11104
11.164 2.43289 -2.43289
11.165 2.75883 -2.75883
11.166 3.08883 -3.08883
11.167 3.42286 -3.42286
11.168 3.76089 -3.76089
11.169 4.10285 -4.10285
11.17 4.44867 -4.44867
11.171 4.79827 -4.79827
11.172 5.15153 -5.15153
11.173 5.50833 -5.50833
11.174 5.86852 -5.86852
11.175 6.23196 -6.23196
11.176 6.59845 -6.59845
11.177 6.96784 -6.96784
11.178 7.33989 -7.33989
11.179 7.71443 -7.71443
11.18 8.09119 -8.09119
11.181 8.46995 -8.46995
11.182 8.8504 -8.8504
11.183 9.23225 -9.23225
11.184 9.61515 -9.61515
11.185 9.99881 -9.99881
11.186 10.3828 -10.3828
11.187 10.7669 -10.7669
11.188 11.1507 -11.1507
11.189 11.5338 -11.5338
11.19 11.9158 -11.9158
11.191 12.2965 -12.2965
11.192 12.6753 -12.6753
11.193 13.0519 -13.0519
11.194 13.4259 -13.4259
11.195 13.797 -13.797
11.196 14.1646 -14.1646
11.197 14.5285 -14.5285
11.198 14.8882 -14.8882
11.199 15.2435 -15.2435
11.2 15.594 -15.594
11.201 15.9393 -15.9393
11.202 16.2791 -16.2791
11.203 16.6133 -16.6133
11.204 16.9413 -16.9413
11.205 17.2631 -17.2631
11.206 17.5783 -17.5783
11.207 17.8868 -17.8868
11.208 18.1882 -18.1882
11.209 18.4826 -18.4826
11.21 18.7697 -18.7697
11.211 19.0495 -19.0495
11.212 19.3216 -19.3216
11.213 19.5863 -19.5863
11.214 19.8431 -19.8431
11.215 20.0924 -20.0924
11.216 20.3338 -20.3338
11.217 20.5675 -20.5675
11.218 20.7934 -20.7934
11.219 21.0117 -21.0117
11.22 21.2223 -21.2223
11.221 21.4253 -21.4253
11.222 21.6207 -21.6207
11.223 21.8088 -21.8088
11.224 21.9894 -21.9894
11.225 22.1628 -22.1628
11.226 22.329 -22.329
11.227 22.4883 -22.4883
11.228 22.6406 -22.6406
11.229 22.7862 -22.7862
11.23 22.9251 -22.9251
11.231 23.0577 -23.0577
11.232 23.1838 -23.1838
11.233 23.3039 -23.3039
11.234 23.4179 -23.4179
11.235 23.5261 -23.5261
11.236 23.6285 -23.6285
11.237 23.7255 -23.7255
11.238 23.817 -23.817
11.239 23.9033 -23.9033
11.24 23.9845 -23.9845
11.241 24.0608 -24.0608
11.242 24.1322 -24.1322
11.243 24.1991 -24.1991
11.244 24.2613 -24.2613
11.245 24.3193 -24.3193
11.246 24.3729 -24.3729
11.247 24.4225 -24.4225
11.248 24.4679 -24.4679
11.249 24.5096 -24.5096
11.25 24.5474 -24.5474
11.251 24.5817 -24.5817
11.252 24.6123 -24.6123
11.253 24.6396 -24.6396
11.254 24.6635 -24.6635
11.255 24.6843 -24.6843
11.256 24.7019 -24.7019
11.257 24.7166 -24.7166
11.258 24.7283 -24.7283
11.259 24.7373 -24.7373
11.26 24.7435 -24.7435
11.261 24.7471 -24.7471
11.262 24.748 -24.748
11.263 24.7466 -24.7466
11.264 24.7426 -24.7426
11.265 24.7363 -24.7363
11.266 24.7277 -24.7277
11.267 24.7169 -24.7169
11.268 24.7038 -24.7038
11.269 24.6886 -24.6886
11.27 24.6713 -24.6713
11.271 24.652 -24.652
11.272 24.6306 -24.6306
11.273 24.6073 -24.6073
11.274 24.582 -24.582
11.275 24.5549 -24.5549
11.276 24.5257 -24.5257
11.277 24.4948 -24.4948
11.278 24.4619 -24.4619
11.279 24.4274 -24.4274
11.28 24.3909 -24.3909
11.281 24.3527 -24.3527
11.282 24.3127 -24.3127
11.283 24.2709 -24.2709
11.284 24.2273 -24.2273
11.285 24.182 -24.182
11.286 24.1348 -24.1348
11.287 24.0859 -24.0859
11.288 24.0351 -24.0351
11.289 23.9826 -23.9826
11.29 23.9282 -23.9282
11.291 23.8722 -23.8722
11.292 23.8142 -23.8142
11.293 23.7545 -23.7545
11.294 23.6929 -23.6929
11.295 23.6296 -23.6296
11.296 23.5643 -23.5643
11.297 23.4973 -23.4973
11.298 23.4284 -23.4284
11.299 23.3577 -23.3577
11.3 23.2851 -23.2851
11.301 23.2107 -23.2107
11.302 23.1344 -23.1344
11.303 23.0562 -23.0562
11.304 22.9761 -22.9761
11.305 22.8941 -22.8941
11.306 22.8101 -22.8101
11.307 22.7242 -22.7241
11.308 22.6362 -22.6362
11.309 22.5463 -22.5463
11.31 22.4543 -22.4543
11.311 22.3604 -22.3604
11.312 22.2643 -22.2643
11.313 22.1662 -22.1662
11.314 22.0659 -22.0659
11.315 21.9636 -21.9636
11.316 21.859 -21.859
11.317 21.7522 -21.7522
11.318 21.6432 -21.6432
11.319 21.532 -21.532
11.32 21.4184 -21.4184
11.321 21.3026 -21.3026
11.322 21.1843 -21.1843
11.323 21.0637 -21.0637
11.324 20.9406 -20.9406
11.325 20.8151 -20.8151
11.326 20.6869 -20.6869
11.327 20.5562 -20.5562
11.328 20.4228 -20.4228
11.329 20.2867 -20.2867
11.33 20.1479 -20.1479
11.331 20.0063 -20.0063
11.332 19.8619 -19.8619
11.333 19.7146 -19.7146
11.334 19.5643 -19.5643
11.335 19.4111 -19.4111
11.336 19.2548 -19.2548
11.337 19.0955 -19.0955
11.338 18.9329 -18.9329
11.339 18.7672 -18.7672
11.34 18.5982 -18.5982
11.341 18.4259 -18.4259
11.342 18.2502 -18.2502
11.343 18.0712 -18.0712
11.344 17.8887 -17.8887
11.345 17.7027 -17.7027
11.346 17.5133 -17.5133
11.347 17.3203 -17.3203
11.348 17.1235 -17.1235
11.349 16.9231 -16.9231
11.35 16.7189 -16.7189
11.351 16.511 -16.511
11.352 16.2993 -16.2993
11.353 16.0837 -16.0837
11.354 15.8643 -15.8643
11.355 15.641 -15.641
11.356 15.4137 -15.4137
11.357 15.1825 -15.1825
11.358 14.9472 -14.9472
11.359 14.7079 -14.7079
11.36 14.4644 -14.4644
11.361 14.2169 -14.2169
11.362 13.9651 -13.9651
11.363 13.7092 -13.7092
11.364 13.4491 -13.4491
11.365 13.1849 -13.1849
11.366 12.9164 -12.9164
11.367 12.6437 -12.6437
11.368 12.3667 -12.3667
11.369 12.0855 -12.0855
11.37 11.8 -11.8
11.371 11.5101 -11.5101
11.372 11.2159 -11.2159
11.373 10.9175 -10.9175
11.374 10.6147 -10.6147
11.375 10.3077 -10.3077
11.376 9.99639 -9.99639
11.377 9.68084 -9.68084
11.378 9.36101 -9.36101
11.379 9.03696 -9.03696
11.38 8.70865 -8.70865
11.381 8.37614 -8.37614
11.382 8.03943 -8.03943
11.383 7.69859 -7.69859
11.384 7.35364 -7.35364
11.385 7.00466 -7.00466
11.386 6.65168 -6.65168
11.387 6.29477 -6.29477
11.388 5.93399 -5.93399
11.389 5.56939 -5.56939
11.39 5.20105 -5.20105
11.391 4.82906 -4.82906
11.392 4.45347 -4.45347
11.393 4.07441 -4.07441
11.394 3.69197 -3.69197
11.395 3.30627 -3.30627
11.396 2.91743 -2.91743
11.397 2.52557 -2.52557
11.398 2.13085 -2.13085
11.399 1.73342 -1.73342
11.4 1.33345 -1.33345
11.401 0.931108 -0.931108
11.402 0.526546 -0.526546
11.403 0.119927 -0.119927
11.404 -0.288571 0.288571
11.405 -0.698748 0.698748
11.406 -1.11038 1.11038
11.407 -1.52323 1.52323
11.408 -1.93704 1.93704
11.409 -2.35152 2.35152
11.41 -2.7664 2.7664
11.411 -3.18137 3.18137
11.412 -3.59616 3.59616
11.413 -4.01049 4.01049
11.414 -4.42408 4.42408
11.415 -4.83662 4.83662
11.416 -5.2478 5.2478
11.417 -5.6573 5.6573
11.418 -6.06479 6.06479
11.419 -6.46993 6.46993
11.42 -6.87237 6.87237
11.421 -7.27176 7.27176
11.422 -7.66783 7.66783
11.423 -8.06026 8.06026
11.424 -8.44879 8.44879
11.425 -8.83309 8.83309
11.426 -9.21292 9.21292
11.427 -9.58794 9.58794
11.428 -9.95793 9.95793
11.429 -10.3226 10.3226
11.43 -10.6816 10.6816
11.431 -11.0348 11.0348
11.432 -11.3819 11.3819
11.433 -11.7227 11.7227
11.434 -12.0571 12.0571
11.435 -12.3848 12.3848
11.436 -12.7058 12.7058
11.437 -13.0197 13.0197
11.438 -13.3267 13.3267
11.439 -13.6263 13.6263
11.44 -13.9187 13.9187
11.441 -14.2037 14.2037
11.442 -14.4812 14.4812
11.443 -14.7511 14.7511
11.444 -15.0134 15.0134
11.445 -15.2681 15.2681
11.446 -15.515 15.515
11.447 -15.7543 15.7543
11.448 -15.9858 15.9858
11.449 -16.2097 16.2097
11.45 -16.426 16.426
11.451 -16.6346 16.6346
11.452 -16.8357 16.8357
11.453 -17.0292 17.0292
11.454 -17.2152 17.2152
11.455 -17.3936 17.3936
11.456 -17.5646 17.5646
11.457 -17.7282 17.7282
11.458 -17.8846 17.8846
11.459 -18.0336 18.0336
11.46 -18.1756 18.1756
11.461 -18.3105 18.3105
11.462 -18.4385 18.4385
11.463 -18.5594 18.5594
11.464 -18.6736 18.6736
11.465 -18.7808 18.7808
11.466 -18.8813 18.8813
11.467 -18.9752 18.9752
11.468 -19.0624 19.0624
11.469 -19.1431 19.1431
11.47 -19.2175 19.2175
11.471 -19.2854 19.2854
11.472 -19.3472 19.3472
11.473 -19.4026 19.4026
11.474 -19.452 19.452
11.475 -19.4952 19.4952
11.476 -19.5324 19.5324
11.477 -19.5636 19.5636
11.478 -19.5889 19.5889
11.479 -19.6083 19.6083
11.48 -19.6221 19.6221
11.481 -19.63 19.63
11.482 -19.6324 19.6324
11.483 -19.6291 19.6291
11.484 -19.6204 19.6204
11.485 -19.6061 19.6061
11.486 -19.5865 19.5865
11.487 -19.5614 19.5614
11.488 -19.5311 19.5311
11.489 -19.4954 19.4954
11.49 -19.4546 19.4546
11.491 -19.4085 19.4085
11.492 -19.3574 19.3574
11.493 -19.3012 19.3012
11.494 -19.2401 19.2401
11.495 -19.174 19.174
11.496 -19.1031 19.1031
11.497 -19.0274 19.0274
11.498 -18.9469 18.9469
11.499 -18.8616 18.8616
11.5 -18.7717 18.7717
11.501 -18.6771 18.6771
11.502 -18.578 18.578
11.503 -18.4744 18.4744
11.504 -18.3665 18.3665
11.505 -18.2543 18.2543
11.506 -18.1378 18.1378
11.507 -18.0172 18.0172
11.508 -17.8926 17.8926
11.509 -17.7639 17.7639
11.51 -17.6313 17.6313
11.511 -17.4948 17.4948
11.512 -17.3545 17.3545
11.513 -17.2105 17.2105
11.514 -17.0629 17.0629
11.515 -16.9119 16.9119
11.516 -16.7574 16.7574
11.517 -16.5996 16.5996
11.518 -16.4387 16.4387
11.519 -16.2745 16.2745
11.52 -16.1072 16.1072
11.521 -15.9369 15.9369
11.522 -15.7638 15.7638
11.523 -15.5878 15.5878
11.524 -15.4091 15.4091
11.525 -15.2279 15.2279
11.526 -15.0442 15.0442
11.527 -14.8581 14.8581
11.528 -14.6697 14.6697
11.529 -14.4792 14.4792
11.53 -14.2865 14.2865
11.531 -14.0918 14.0918
11.532 -13.8953 13.8953
11.533 -13.6969 13.6969
11.534 -13.4968 13.4968
11.535 -13.295 13.295
11.536 -13.0918 13.0918
11.537 -12.887 12.887
11.538 -12.681 12.681
11.539 -12.4737 12.4737
11.54 -12.2653 12.2653
11.541 -12.0558 12.0558
11.542 -11.8452 11.8452
11.543 -11.6338 11.6338
11.544 -11.4215 11.4215
11.545 -11.2084 11.2084
11.546 -10.9947 10.9947
11.547 -10.7802 10.7802
11.548 -10.5653 10.5653
11.549 -10.3498 10.3498
11.55 -10.1339 10.1339
11.551 -9.91771 9.91771
11.552 -9.7012 9.7012
11.553 -9.4844 9.4844
11.554 -9.26736 9.26736
11.555 -9.0501 9.0501
11.556 -8.83266 8.83266
11.557 -8.61506 8.61506
11.558 -8.39736 8.39736
11.559 -8.17957 8.17957
11.56 -7.96176 7.96176
11.561 -7.74393 7.74393
11.562 -7.5261 7.5261
11.563 -7.30823 7.30823
11.564 -7.09033 7.09033
11.565 -6.87238 6.87238
11.566 -6.65438 6.65438
11.567 -6.43631 6.43631
11.568 -6.21818 6.21818
11.569 -5.99998 5.99998
11.57 -5.78171 5.78171
11.571 -5.56337 5.56337
11.572 -5.34496 5.34496
11.573 -5.12645 5.12645
11.574 -4.90785 4.90785
11.575 -4.68914 4.68914
11.576 -4.47032 4.47032
11.577 -4.25139 4.25139
11.578 -4.03235 4.03235
11.579 -3.8132 3.8132
11.58 -3.59395 3.59395
11.581 -3.37461 3.37461
11.582 -3.15519 3.15519
11.583 -2.93572 2.93572
11.584 -2.71625 2.71625
11.585 -2.49678 2.49678
11.586 -2.27737 2.27737
11.587 -2.05804 2.05804
11.588 -1.83885 1.83885
11.589 -1.61981 1.61981
11.59 -1.401 1.401
11.591 -1.18245 1.18245
11.592 -0.964246 0.964246
11.593 -0.746488 0.746488
11.594 -0.529269 0.529269
11.595 -0.312687 0.312687
11.596 -0.0968419 0.0968419
11.597 0.118162 -0.118162
11.598 0.332217 -0.332217
11.599 0.545215 -0.545215
11.6 0.757044 -0.757044
11.601 0.96758 -0.96758
11.602 1.17668 -1.17668
11.603 1.3842 -1.3842
11.604 1.58998 -1.58998
11.605 1.79387 -1.79387
11.606 1.99571 -1.99571
11.607 2.19536 -2.19536
11.608 2.39265 -2.39265
11.609 2.58745 -2.58745
11.61 2.77958 -2.77958
11.611 2.96891 -2.96891
11.612 3.15528 -3.15528
11.613 3.33857 -3.33857
11.614 3.51861 -3.51861
11.615 3.69528 -3.69528
11.616 3.86845 -3.86845
11.617 4.03797 -4.03797
11.618 4.20371 -4.20371
11.619 4.36556 -4.36556
11.62 4.52338 -4.52338
11.621 4.67706 -4.67706
11.622 4.82652 -4.82652
11.623 4.9717 -4.9717
11.624 5.11253 -5.11253
11.625 5.24897 -5.24897
11.626 5.38095 -5.38095
11.627 5.50844 -5.50844
11.628 5.63136 -5.63136
11.629 5.7497 -5.7497
11.63 5.86339 -5.86339
11.631 5.97245 -5.97245
11.632 6.07688 -6.07688
11.633 6.17674 -6.17674
11.634 6.27208 -6.27208
11.635 6.36296 -6.36296
11.636 6.44944 -6.44944
11.637 6.53158 -6.53158
11.638 6.60944 -6.60944
11.639 6.68309 -6.68309
11.64 6.7526 -6.7526
11.641 6.81807 -6.81807
11.642 6.87959 -6.87959
11.643 6.93734 -6.93734
11.644 6.99141 -6.99141
11.645 7.04199 -7.04199
11.646 7.08918 -7.08918
11.647 7.13316 -7.13316
11.648 7.17404 -7.17404
11.649 7.212 -7.212
11.65 7.24714 -7.24714
11.651 7.27966 -7.27966
11.652 7.30967 -7.30967
11.653 7.33738 -7.33738
11.654 7.36292 -7.36292
11.655 7.38648 -7.38648
11.656 7.4082 -7.4082
11.657 7.42826 -7.42826
11.658 7.44682 -7.44682
11.659 7.46405 -7.46405
11.66 7.4801 -7.4801
11.661 7.49514 -7.49514
11.662 7.50931 -7.50931
11.663 7.52276 -7.52276
11.664 7.53561 -7.53561
11.665 7.54804 -7.54804
11.666 7.56016 -7.56016
11.667 7.57213 -7.57213
11.668 7.58408 -7.58408
11.669 7.59615 -7.59615
11.67 7.60847 -7.60847
11.671 7.6212 -7.6212
11.672 7.63442 -7.63442
11.673 7.64829 -7.64829
11.674 7.66288 -7.66288
11.675 7.67835 -7.67835
11.676 7.69477 -7.69477
11.677 7.71228 -7.71228
11.678 7.73098 -7.73098
11.679 7.75098 -7.75098
11.68 7.77239 -7.77239
11.681 7.7953 -7.7953
11.682 7.81978 -7.81978
11.683 7.84591 -7.84591
11.684 7.87372 -7.87372
11.685 7.90328 -7.90328
11.686 7.93464 -7.93464
11.687 7.96787 -7.96787
11.688 8.00299 -8.00299
11.689 8.04008 -8.04008
11.69 8.07916 -8.07916
11.691 8.12031 -8.12031
11.692 8.16349 -8.16349
11.693 8.20875 -8.20875
11.694 8.25605 -8.25605
11.695 8.30542 -8.30542
11.696 8.35682 -8.35682
11.697 8.41029 -8.41029
11.698 8.46578 -8.46578
11.699 8.52332 -8.52332
11.7 8.58286 -8.58286
11.701 8.64442 -8.64442
11.702 8.70796 -8.70796
11.703 8.77348 -8.77348
11.704 8.84092 -8.84092
11.705 8.91029 -8.91029
11.706 8.98154 -8.98154
11.707 9.05466 -9.05466
11.708 9.1296 -9.1296
11.709 9.20635 -9.20635
11.71 9.28485 -9.28485
11.711 9.36511 -9.36511
11.712 9.44706 -9.44706
11.713 9.53074 -9.53074
11.714 9.6161 -9.6161
11.715 9.70316 -9.70316
11.716 9.79186 -9.79186
11.717 9.88222 -9.88222
11.718 9.9742 -9.9742
11.719 10.0678 -10.0678
11.72 10.1629 -10.1629
11.721 10.2597 -10.2597
11.722 10.358 -10.358
11.723 10.4578 -10.4578
11.724 10.5593 -10.5593
11.725 10.6623 -10.6623
11.726 10.7668 -10.7668
11.727 10.873 -10.873
11.728 10.9807 -10.9807
11.729 11.09 -11.09
11.73 11.2008 -11.2008
11.731 11.3131 -11.3131
11.732 11.427 -11.427
11.733 11.5424 -11.5424
11.734 11.6593 -11.6593
11.735 11.7778 -11.7778
11.736 11.8976 -11.8976
11.737 12.019 -12.019
11.738 12.1418 -12.1418
11.739 12.2661 -12.2661
11.74 12.3917 -12.3917
11.741 12.5188 -12.5188
11.742 12.6471 -12.6471
11.743 12.7768 -12.7768
11.744 12.9076 -12.9076
11.745 13.0396 -13.0396
11.746 13.1726 -13.1726
11.747 13.3067 -13.3067
11.748 13.4418 -13.4418
11.749 13.5778 -13.5778
11.75 13.7146 -13.7146
11.751 13.8522 -13.8522
11.752 13.9904 -13.9904
11.753 14.1291 -14.1291
11.754 14.2681 -14.2681
11.755 14.4074 -14.4074
11.756 14.5468 -14.5468
11.757 14.6862 -14.6862
11.758 14.8254 -14.8254
11.759 14.9644 -14.9644
11.76 15.1029 -15.1029
11.761 15.2409 -15.2409
11.762 15.3782 -15.3782
11.763 15.5146 -15.5146
11.764 15.65 -15.65
11.765 15.7843 -15.7843
11.766 15.9171 -15.9171
11.767 16.0486 -16.0486
11.768 16.1783 -16.1783
11.769 16.3064 -16.3064
11.77 16.4325 -16.4325
11.771 16.5566 -16.5566
11.772 16.6785 -16.6785
11.773 16.7982 -16.7982
11.774 16.9154 -16.9154
11.775 17.0302 -17.0302
11.776 17.1422 -17.1422
11.777 17.2516 -17.2516
11.778 17.358 -17.358
11.779 17.4616 -17.4616
11.78 17.5621 -17.5621
11.781 17.6595 -17.6595
11.782 17.7537 -17.7537
11.783 17.8448 -17.8448
11.784 17.9325 -17.9325
11.785 18.017 -18.017
11.786 18.0981 -18.0981
11.787 18.1758 -18.1758
11.788 18.2501 -18.2501
11.789 18.321 -18.321
11.79 18.3884 -18.3884
11.791 18.4525 -18.4525
11.792 18.513 -18.513
11.793 18.5702 -18.5702
11.794 18.624 -18.624
11.795 18.6746 -18.6746
11.796 18.7219 -18.7219
11.797 18.766 -18.766
11.798 18.8069 -18.8069
11.799 18.8448 -18.8448
11.8 18.8796 -18.8796
11.801 18.9114 -18.9114
11.802 18.9402 -18.9402
11.803 18.9663 -18.9663
11.804 18.9896 -18.9896
11.805 19.0103 -19.0103
11.806 19.0284 -19.0284
11.807 19.0441 -19.0441
11.808 19.0573 -19.0573
11.809 19.0683 -19.0683
11.81 19.077 -19.077
11.811 19.0836 -19.0836
11.812 19.0881 -19.0881
11.813 19.0906 -19.0906
11.814 19.0912 -19.0912
11.815 19.0901 -19.0901
11.816 19.0873 -19.0873
11.817 19.0828 -19.0828
11.818 19.0768 -19.0768
11.819 19.0693 -19.0693
11.82 19.0604 -19.0604
11.821 19.0502 -19.0502
11.822 19.0386 -19.0386
11.823 19.0259 -19.0259
11.824 19.0118 -19.0118
11.825 18.9967 -18.9967
11.826 18.9803 -18.9803
11.827 18.9629 -18.9629
11.828 18.9443 -18.9443
11.829 18.9247 -18.9247
11.83 18.9041 -18.9041
11.831 18.8824 -18.8824
11.832 18.8597 -18.8597
11.833 18.8361 -18.8361
11.834 18.8112 -18.8112
11.835 18.7854 -18.7854
11.836 18.7584 -18.7584
11.837 18.7304 -18.7304
11.838 18.7011 -18.7011
11.839 18.6708 -18.6708
11.84 18.6392 -18.6392
11.841 18.6065 -18.6065
11.842 18.5725 -18.5725
11.843 18.5373 -18.5373
11.844 18.5006 -18.5006
11.845 18.4626 -18.4626
11.846 18.4231 -18.4231
11.847 18.3821 -18.3821
11.848 18.3394 -18.3394
11.849 18.2952 -18.2952
11.85 18.2493 -18.2493
11.851 18.2017 -18.2017
11.852 18.1523 -18.1523
11.853 18.1012 -18.1012
11.854 18.0482 -18.0482
11.855 17.9933 -17.9933
11.856 17.9365 -17.9365
11.857 17.8778 -17.8778
11.858 17.8171 -17.8171
11.859 17.7544 -17.7544
11.86 17.6896 -17.6896
11.861 17.6228 -17.6228
11.862 17.5539 -17.5539
11.863 17.4829 -17.4829
11.864 17.4097 -17.4097
11.865 17.3345 -17.3345
11.866 17.2571 -17.2571
11.867 17.1776 -17.1776
11.868 17.0959 -17.0959
11.869 17.0121 -17.0121
11.87 16.926 -16.926
11.871 16.8378 -16.8378
11.872 16.7475 -16.7475
11.873 16.655 -16.655
11.874 16.5604 -16.5604
11.875 16.4639 -16.4639
11.876 16.3652 -16.3652
11.877 16.2647 -16.2647
11.878 16.1622 -16.1622
11.879 16.0578 -16.0578
11.88 15.9514 -15.9514
11.881 15.8433 -15.8433
11.882 15.7333 -15.7333
11.883 15.6217 -15.6217
11.884 15.5083 -15.5083
11.885 15.3932 -15.3932
11.886 15.2766 -15.2766
11.887 15.1584 -15.1584
11.888 15.0387 -15.0387
11.889 14.9175 -14.9175
11.89 14.7949 -14.7949
11.891 14.6709 -14.6709
11.892 14.5455 -14.5455
11.893 14.4189 -14.4189
11.894 14.291 -14.291
11.895 14.162 -14.162
11.896 14.0318 -14.0318
11.897 13.9006 -13.9006
11.898 13.7684 -13.7684
11.899 13.6352 -13.6352
11.9 13.5011 -13.5011
11.901 13.3661 -13.3661
11.902 13.2303 -13.2303
11.903 13.0937 -13.0937
11.904 12.9564 -12.9564
11.905 12.8184 -12.8184
11.906 12.6797 -12.6797
11.907 12.5404 -12.5404
11.908 12.4005 -12.4005
11.909 12.26 -12.26
11.91 12.1191 -12.1191
11.911 11.9776 -11.9776
11.912 11.8357 -11.8357
11.913 11.6934 -11.6934
11.914 11.5505 -11.5505
11.915 11.4073 -11.4073
11.916 11.2635 -11.2635
11.917 11.1194 -11.1194
11.918 10.9748 -10.9748
11.919 10.8299 -10.8299
11.92 10.6844 -10.6844
11.921 10.5387 -10.5387
11.922 10.3924 -10.3924
11.923 10.2458 -10.2458
11.924 10.0987 -10.0987
11.925 9.95117 -9.95117
11.926 9.80315 -9.80315
11.927 9.65468 -9.65468
11.928 9.5057 -9.5057
11.929 9.35624 -9.35624
11.93 9.20626 -9.20626
11.931 9.05579 -9.05579
11.932 8.90476 -8.90476
11.933 8.75321 -8.75321
11.934 8.60108 -8.60108
11.935 8.4484 -8.4484
11.936 8.29511 -8.29511
11.937 8.14124 -8.14124
11.938 7.98676 -7.98676
11.939 7.83167 -7.83167
11.94 7.67594 -7.67594
11.941 7.51959 -7.51959
11.942 7.3626 -7.3626
11.943 7.20498 -7.20498
11.944 7.04673 -7.04673
11.945 6.88785 -6.88785
11.946 6.72834 -6.72834
11.947 6.56823 -6.56823
11.948 6.40748 -6.40748
11.949 6.24614 -6.24614
11.95 6.08418 -6.08418
11.951 5.92164 -5.92164
11.952 5.75852 -5.75852
11.953 5.59485 -5.59485
11.954 5.43062 -5.43062
11.955 5.26588 -5.26588
11.956 5.10063 -5.10063
11.957 4.9349 -4.9349
11.958 4.76871 -4.76871
11.959 4.60208 -4.60208
11.96 4.43503 -4.43503
11.961 4.2676 -4.2676
11.962 4.09982 -4.09982
11.963 3.93173 -3.93173
11.964 3.76338 -3.76338
11.965 3.59481 -3.59481
11.966 3.42608 -3.42608
11.967 3.25722 -3.25722
11.968 3.08828 -3.08828
11.969 2.91931 -2.91931
11.97 2.75037 -2.75037
11.971 2.5815 -2.5815
11.972 2.41278 -2.41278
11.973 2.24429 -2.24429
11.974 2.07611 -2.07611
11.975 1.90831 -1.90831
11.976 1.74098 -1.74098
11.977 1.57421 -1.57421
11.978 1.40807 -1.40807
11.979 1.24264 -1.24264
11.98 1.07802 -1.07802
11.981 0.914285 -0.914285
11.982 0.751542 -0.751542
11.983 0.589893 -0.589893
11.984 0.429442 -0.429442
11.985 0.270295 -0.270295
11.986 0.112559 -0.112559
11.987 -0.0436604 0.0436604
11.988 -0.198255 0.198255
11.989 -0.351117 0.351117
11.99 -0.502137 0.502137
11.991 -0.651211 0.651211
11.992 -0.798237 0.798237
11.993 -0.943116 0.943116
11.994 -1.08575 1.08575
11.995 -1.22604 1.22604
11.996 -1.36389 1.36389
11.997 -1.4992 1.4992
11.998 -1.63187 1.63187
11.999 -1.76182 1.76182
12 -1.88894 1.88894
12.001 -2.01315 2.01315
12.002 -2.13436 2.13436
12.003 -2.25249 2.25249
12.004 -2.36746 2.36746
12.005 -2.4792 2.4792
12.006 -2.58763 2.58763
12.007 -2.69267 2.69267
12.008 -2.79425 2.79425
12.009 -2.89231 2.89231
12.01 -2.98677 2.98677
12.011 -3.07757 3.07757
12.012 -3.16468 3.16468
12.013 -3.24805 3.24805
12.014 -3.32766 3.32766
12.015 -3.40346 3.40346
12.016 -3.47544 3.47544
12.017 -3.54356 3.54356
12.018 -3.60781 3.60781
12.019 -3.66815 3.66815
12.02 -3.72458 3.72458
12.021 -3.77707 3.77707
12.022 -3.82563 3.82563
12.023 -3.87025 3.87025
12.024 -3.91095 3.91095
12.025 -3.94773 3.94773
12.026 -3.9806 3.9806
12.027 -4.00957 4.00957
12.028 -4.03467 4.03467
12.029 -4.05589 4.05589
12.03 -4.07327 4.07327
12.031 -4.08682 4.08682
12.032 -4.09656 4.09656
12.033 -4.10252 4.10252
12.034 -4.10472 4.10472
12.035 -4.10317 4.10318
12.036 -4.09795 4.09791
12.037 -4.089 4.089
12.038 -4.07643 4.07643
12.039 -4.06024 4.06024
12.04 -4.04046 4.04046
12.041 -4.01713 4.01713
12.042 -3.99027 3.99027
12.043 -3.95992 3.95992
12.044 -3.92611 3.92611
12.045 -3.88886 3.88886
12.046 -3.8482 3.8482
12.047 -3.80417 3.80417
12.048 -3.7568 3.7568
12.049 -3.70612 3.70612
12.05 -3.65217 3.65217
12.051 -3.59497 3.59497
12.052 -3.53456 3.53456
12.053 -3.47096 3.47096
12.054 -3.40418 3.40418
12.055 -3.33424 3.33424
12.056 -3.26118 3.26118
12.057 -3.18501 3.18501
12.058 -3.10576 3.10576
12.059 -3.02345 3.02345
12.06 -2.93811 2.93811
12.061 -2.84976 2.84976
12.062 -2.75843 2.75843
12.063 -2.66413 2.66413
12.064 -2.56688 2.56688
12.065 -2.46671 2.46671
12.066 -2.36364 2.36364
12.067 -2.2577 2.2577
12.068 -2.1489 2.1489
12.069 -2.03727 2.03727
12.07 -1.92284 1.92284
12.071 -1.80564 1.80564
12.072 -1.68569 1.68569
12.073 -1.56302 1.56302
12.074 -1.43766 1.43766
12.075 -1.30965 1.30965
12.076 -1.17901 1.17901
12.077 -1.04578 1.04578
12.078 -0.909991 0.909991
12.079 -0.771686 0.771686
12.08 -0.6309 0.6309
12.081 -0.487679 0.487679
12.082 -0.342083 0.342083
12.083 -0.194181 0.194181
12.084 -0.0440413 0.0440413
12.085 0.108263 -0.108263
12.086 0.262659 -0.262659
12.087 0.41907 -0.41907
12.088 0.577417 -0.577417
12.089 0.737622 -0.737622
12.09 0.8996 -0.8996
12.091 1.06326 -1.06326
12.092 1.2285 -1.2285
12.093 1.3952 -1.3952
12.094 1.56325 -1.56325
12.095 1.73253 -1.73253
12.096 1.90292 -1.90292
12.097 2.0743 -2.0743
12.098 2.24655 -2.24655
12.099 2.41954 -2.41954
12.1 2.59314 -2.59314
12.101 2.76724 -2.76724
12.102 2.94166 -2.94166
12.103 3.11627 -3.11627
12.104 3.2909 -3.2909
12.105 3.4654 -3.4654
12.106 3.6396 -3.6396
12.107 3.81334 -3.81334
12.108 3.98648 -3.98648
12.109 4.15885 -4.15885
12.11 4.33028 -4.33028
12.111 4.50063 -4.50063
12.112 4.66972 -4.66972
12.113 4.83742 -4.83742
12.114 5.00354 -5.00354
12.115 5.16795 -5.16795
12.116 5.33048 -5.33048
12.117 5.49099 -5.49099
12.118 5.64931 -5.64931
12.119 5.8053 -5.8053
12.12 5.95881 -5.95881
12.121 6.10971 -6.10971
12.122 6.25787 -6.25787
12.123 6.4032 -6.4032
12.124 6.54558 -6.54558
12.125 6.68493 -6.68493
12.126 6.82113 -6.82113
12.127 6.95411 -6.95411
12.128 7.08376 -7.08376
12.129 7.21 -7.21
12.13 7.33274 -7.33274
12.131 7.45193 -7.45193
12.132 7.56748 -7.56748
12.133 7.67939 -7.67939
12.134 7.7876 -7.7876
12.135 7.89209 -7.89209
12.136 7.99282 -7.99282
12.137 8.08978 -8.08978
12.138 8.18293 -8.18293
12.139 8.27227 -8.27227
12.14 8.35776 -8.35776
12.141 8.43942 -8.43942
12.142 8.51721 -8.51721
12.143 8.59117 -8.59117
12.144 8.66128 -8.66128
12.145 8.72756 -8.72756
12.146 8.79 -8.79
12.147 8.84865 -8.84865
12.148 8.9035 -8.9035
12.149 8.95458 -8.95458
12.15 9.00189 -9.00189
12.151 9.04548 -9.04548
12.152 9.08536 -9.08536
12.153 9.12156 -9.12156
12.154 9.1541 -9.1541
12.155 9.18304 -9.18304
12.156 9.20837 -9.20837
12.157 9.23017 -9.23017
12.158 9.24844 -9.24844
12.159 9.26324 -9.26324
12.16 9.27459 -9.27459
12.161 9.28255 -9.28255
12.162 9.28713 -9.28713
12.163 9.28839 -9.28839
12.164 9.28634 -9.28634
12.165 9.28104 -9.28104
12.166 9.2725 -9.2725
12.167 9.26079 -9.26079
12.168 9.24591 -9.24591
12.169 9.22793 -9.22793
12.17 9.20687 -9.20687
12.171 9.18278 -9.18278
12.172 9.15566 -9.15566
12.173 9.12553 -9.12554
12.174 9.09238 -9.09238
12.175 9.05625 -9.05625
12.176 9.0171 -9.0171
12.177 8.97499 -8.97499
12.178 8.92989 -8.92989
12.179 8.88185 -8.88185
12.18 8.83084 -8.83084
12.181 8.77689 -8.77689
12.182 8.71996 -8.71996
12.183 8.66005 -8.66005
12.184 8.5971 -8.5971
12.185 8.5311 -8.5311
12.186 8.46201 -8.46201
12.187 8.38982 -8.38982
12.188 8.31447 -8.31447
12.189 8.23597 -8.23597
12.19 8.15427 -8.15427
12.191 8.06935 -8.06935
12.192 7.98114 -7.98114
12.193 7.88961 -7.88961
12.194 7.79467 -7.79467
12.195 7.69629 -7.69629
12.196 7.59439 -7.59439
12.197 7.48894 -7.48894
12.198 7.37985 -7.37985
12.199 7.2671 -7.2671
12.2 7.15061 -7.15061
12.201 7.03033 -7.03033
12.202 6.90619 -6.90619
12.203 6.77815 -6.77815
12.204 6.64612 -6.64612
12.205 6.51006 -6.51006
12.206 6.36989 -6.36989
12.207 6.22557 -6.22557
12.208 6.07701 -6.07701
12.209 5.92418 -5.92418
12.21 5.767 -5.767
12.211 5.60542 -5.60542
12.212 5.43937 -5.43937
12.213 5.26883 -5.26883
12.214 5.09372 -5.09372
12.215 4.914 -4.914
12.216 4.72962 -4.72962
12.217 4.54054 -4.54054
12.218 4.34669 -4.34669
12.219 4.14805 -4.14805
12.22 3.94455 -3.94455
12.221 3.73616 -3.73616
12.222 3.52282 -3.52282
12.223 3.30451 -3.30451
12.224 3.08116 -3.08116
12.225 2.85276 -2.85276
12.226 2.61924 -2.61924
12.227 2.38059 -2.38059
12.228 2.13676 -2.13676
12.229 1.88774 -1.88774
12.23 1.63348 -1.63348
12.231 1.37398 -1.37398
12.232 1.10924 -1.10924
12.233 0.839262 -0.839262
12.234 0.564075 -0.564075
12.235 0.283701 -0.283701
12.236 -0.00183012 0.00183011
12.237 -0.292479 0.292479
12.238 -0.588197 0.588197
12.239 -0.888923 0.888923
12.24 -1.19459 1.19459
12.241 -1.50511 1.50511
12.242 -1.8204 1.8204
12.243 -2.14036 2.14036
12.244 -2.46488 2.46488
12.245 -2.79382 2.79382
12.246 -3.12706 3.12706
12.247 -3.46444 3.46444
12.248 -3.80582 3.80582
12.249 -4.151 4.151
12.25 -4.49982 4.49982
12.251 -4.85205 4.85205
12.252 -5.20749 5.20749
12.253 -5.56585 5.56585
12.254 -5.9269 5.9269
12.255 -6.29034 6.29034
12.256 -6.6559 6.6559
12.257 -7.02326 7.02326
12.258 -7.39212 7.39212
12.259 -7.76214 7.76214
12.26 -8.13301 8.13301
12.261 -8.50435 8.50435
12.262 -8.87584 8.87584
12.263 -9.24705 9.24705
12.264 -9.61766 9.61766
12.265 -9.98723 9.98723
12.266 -10.3554 10.3554
12.267 -10.7218 10.7218
12.268 -11.086 11.086
12.269 -11.4476 11.4476
12.27 -11.8062 11.8062
12.271 -12.1615 12.1615
12.272 -12.513 12.513
12.273 -12.8603 12.8603
12.274 -13.2031 13.2031
12.275 -13.5408 13.5408
12.276 -13.8732 13.8732
12.277 -14.1998 14.1998
12.278 -14.5204 14.5204
12.279 -14.8346 14.8346
12.28 -15.142 15.142
12.281 -15.4425 15.4425
12.282 -15.7356 15.7356
12.283 -16.0211 16.0211
12.284 -16.2988 16.2988
12.285 -16.5683 16.5683
12.286 -16.8296 16.8296
12.287 -17.0822 17.0822
12.288 -17.3263 17.3263
12.289 -17.5614 17.5614
12.29 -17.7877 17.7877
12.291 -18.0048 18.0048
12.292 -18.2129 18.2129
12.293 -18.4117 18.4117
12.294 -18.6013 18.6013
12.295 -18.7816 18.7816
12.296 -18.9526 18.9526
12.297 -19.1143 19.1143
12.298 -19.2667 19.2667
12.299 -19.4099 19.4099
12.3 -19.544 19.544
12.301 -19.669 19.669
12.302 -19.785 19.785
12.303 -19.8921 19.8921
12.304 -19.9904 19.9904
12.305 -20.08 20.08
12.306 -20.161 20.161
12.307 -20.2336 20.2336
12.308 -20.2979 20.2979
12.309 -20.354 20.354
12.31 -20.4021 20.4021
12.311 -20.4422 20.4422
12.312 -20.4747 20.4747
12.313 -20.4996 20.4996
12.314 -20.5172 20.5172
12.315 -20.5275 20.5275
12.316 -20.5308 20.5308
12.317 -20.5272 20.5272
12.318 -20.517 20.517
12.319 -20.5001 20.5001
12.32 -20.4769 20.4769
12.321 -20.4474 20.4474
12.322 -20.4118 20.4118
12.323 -20.3703 20.3703
12.324 -20.3232 20.3232
12.325 -20.2704 20.2704
12.326 -20.2122 20.2122
12.327 -20.1487 20.1487
12.328 -20.0802 20.0802
12.329 -20.0067 20.0067
12.33 -19.9283 19.9283
12.331 -19.8452 19.8452
12.332 -19.7576 19.7576
12.333 -19.6654 19.6654
12.334 -19.5691 19.5691
12.335 -19.4685 19.4685
12.336 -19.3639 19.3639
12.337 -19.2553 19.2553
12.338 -19.143 19.143
12.339 -19.027 19.027
12.34 -18.9074 18.9074
12.341 -18.7842 18.7842
12.342 -18.6577 18.6577
12.343 -18.5277 18.5277
12.344 -18.3946 18.3946
12.345 -18.2582 18.2582
12.346 -18.1188 18.1188
12.347 -17.9763 17.9763
12.348 -17.8309 17.8309
12.349 -17.6824 17.6824
12.35 -17.5312 17.5312
12.351 -17.3771 17.3771
12.352 -17.2203 17.2203
12.353 -17.0606 17.0606
12.354 -16.8983 16.8983
12.355 -16.7332 16.7332
12.356 -16.5655 16.5655
12.357 -16.3949 16.3949
12.358 -16.2218 16.2218
12.359 -16.0459 16.0459
12.36 -15.8674 15.8674
12.361 -15.6862 15.6862
12.362 -15.5023 15.5023
12.363 -15.3158 15.3158
12.364 -15.1265 15.1265
12.365 -14.9345 14.9345
12.366 -14.7398 14.7398
12.367 -14.5422 14.5422
12.368 -14.3419 14.3419
12.369 -14.1387 14.1387
12.37 -13.9328 13.9328
12.371 -13.7238 13.7238
12.372 -13.512 13.512
12.373 -13.2972 13.2972
12.374 -13.0793 13.0793
12.375 -12.8583 12.8583
12.376 -12.6342 12.6342
12.377 -12.4068 12.4068
12.378 -12.1761 12.1761
12.379 -11.942 11.942
12.38 -11.7046 11.7046
12.381 -11.4636 11.4636
12.382 -11.219 11.219
12.383 -10.9708 10.9708
12.384 -10.7188 10.7188
12.385 -10.463 10.463
12.386 -10.2031 10.2031
12.387 -9.93926 9.93926
12.388 -9.67123 9.67123
12.389 -9.39894 9.39894
12.39 -9.12231 9.12231
12.391 -8.84123 8.84123
12.392 -8.55562 8.55562
12.393 -8.26536 8.26536
12.394 -7.97038 7.97038
12.395 -7.67057 7.67057
12.396 -7.36585 7.36585
12.397 -7.05611 7.05611
12.398 -6.74128 6.74128
12.399 -6.42125 6.42125
12.4 -6.09594 6.09594
12.401 -5.76526 5.76526
12.402 -5.42913 5.42913
12.403 -5.08747 5.08747
12.404 -4.7402 4.7402
12.405 -4.38724 4.38724
12.406 -4.02854 4.02854
12.407 -3.66401 3.66401
12.408 -3.29362 3.29362
12.409 -2.9173 2.9173
12.41 -2.53502 2.53502
12.411 -2.14674 2.14674
12.412 -1.75247 1.75247
12.413 -1.35219 1.35219
12.414 -0.945948 0.945948
12.415 -0.533762 0.533762
12.416 -0.115688 0.115688
12.417 0.308201 -0.308201
12.418 0.737804 -0.737804
12.419 1.173 -1.173
12.42 1.61362 -1.61362
12.421 2.05951 -2.05951
12.422 2.51043 -2.51043
12.423 2.96614 -2.96614
12.424 3.42636 -3.42636
12.425 3.89078 -3.89078
12.426 4.35908 -4.35908
12.427 4.83091 -4.83091
12.428 5.30588 -5.30588
12.429 5.7836 -5.7836
12.43 6.26361 -6.26361
12.431 6.74548 -6.74548
12.432 7.22867 -7.22867
12.433 7.71265 -7.71265
12.434 8.19684 -8.19684
12.435 8.68068 -8.68068
12.436 9.16356 -9.16356
12.437 9.64488 -9.64488
12.438 10.124 -10.124
12.439 10.6003 -10.6003
12.44 11.0732 -11.0732
12.441 11.542 -11.542
12.442 12.006 -12.006
12.443 12.4647 -12.4647
12.444 12.9172 -12.9172
12.445 13.3631 -13.3631
12.446 13.8016 -13.8016
12.447 14.2322 -14.2322
12.448 14.6543 -14.6543
12.449 15.0674 -15.0674
12.45 15.4709 -15.4709
12.451 15.8644 -15.8644
12.452 16.2475 -16.2475
12.453 16.6196 -16.6196
12.454 16.9805 -16.9805
12.455 17.3298 -17.3298
12.456 17.6671 -17.6671
12.457 17.9924 -17.9924
12.458 18.3052 -18.3052
12.459 18.6056 -18.6056
12.46 18.8933 -18.8933
12.461 19.1683 -19.1683
12.462 19.4306 -19.4306
12.463 19.6801 -19.6801
12.464 19.9168 -19.9168
12.465 20.1409 -20.1409
12.466 20.3523 -20.3523
12.467 20.5513 -20.5513
12.468 20.7378 -20.7378
12.469 20.9122 -20.9122
12.47 21.0746 -21.0746
12.471 21.2252 -21.2252
12.472 21.3642 -21.3642
12.473 21.4919 -21.4919
12.474 21.6085 -21.6085
12.475 21.7144 -21.7144
12.476 21.8096 -21.8096
12.477 21.8948 -21.8948
12.478 21.9699 -21.9699
12.479 22.0354 -22.0354
12.48 22.0914 -22.0914
12.481 22.1384 -22.1384
12.482 22.1765 -22.1765
12.483 22.2061 -22.2061
12.484 22.2274 -22.2274
12.485 22.2407 -22.2407
12.486 22.2463 -22.2463
12.487 22.2445 -22.2445
12.488 22.2354 -22.2354
12.489 22.2194 -22.2194
12.49 22.1965 -22.1965
12.491 22.1672 -22.1672
12.492 22.1316 -22.1316
12.493 22.09 -22.09
12.494 22.0424 -22.0424
12.495 21.9893 -21.9893
12.496 21.9306 -21.9306
12.497 21.8668 -21.8668
12.498 21.7978 -21.7978
12.499 21.7239 -21.7239
12.5 21.6452 -21.6452
12.501 21.562 -21.562
12.502 21.4742 -21.4742
12.503 21.3821 -21.3821
12.504 21.2858 -21.2858
12.505 21.1855 -21.1855
12.506 21.0811 -21.0811
12.507 20.973 -20.973
12.508 20.861 -20.861
12.509 20.7455 -20.7455
12.51 20.6263 -20.6263
12.511 20.5037 -20.5037
12.512 20.3777 -20.3777
12.513 20.2483 -20.2483
12.514 20.1156 -20.1156
12.515 19.9797 -19.9797
12.516 19.8405 -19.8405
12.517 19.6982 -19.6982
12.518 19.5526 -19.5526
12.519 19.4041 -19.4041
12.52 19.2524 -19.2524
12.521 19.0977 -19.0977
12.522 18.94 -18.94
12.523 18.7792 -18.7792
12.524 18.6152 -18.6152
12.525 18.4482 -18.4482
12.526 18.2781 -18.2781
12.527 18.1049 -18.1049
12.528 17.9284 -17.9284
12.529 17.7489 -17.7489
12.53 17.5661 -17.5661
12.531 17.3801 -17.3801
12.532 17.1909 -17.1909
12.533 16.9982 -16.9982
12.534 16.8021 -16.8021
12.535 16.6026 -16.6026
12.536 16.3995 -16.3995
12.537 16.193 -16.193
12.538 15.9827 -15.9827
12.539 15.7689 -15.7689
12.54 15.5512 -15.5512
12.541 15.3298 -15.3298
12.542 15.1045 -15.1045
12.543 14.8752 -14.8752
12.544 14.6418 -14.6418
12.545 14.4042 -14.4042
12.546 14.1623 -14.1623
12.547 13.916 -13.916
12.548 13.6652 -13.6652
12.549 13.4098 -13.4098
12.55 13.1497 -13.1497
12.551 12.8849 -12.8849
12.552 12.6151 -12.6151
12.553 12.3403 -12.3403
12.554 12.0604 -12.0604
12.555 11.7754 -11.7754
12.556 11.485 -11.485
12.557 11.1893 -11.1893
12.558 10.8881 -10.8881
12.559 10.5813 -10.5813
12.56 10.2688 -10.2688
12.561 9.95048 -9.95048
12.562 9.62628 -9.62628
12.563 9.29612 -9.29612
12.564 8.95988 -8.95988
12.565 8.61751 -8.61751
12.566 8.26889 -8.26889
12.567 7.91396 -7.91396
12.568 7.55261 -7.55261
12.569 7.18476 -7.18476
12.57 6.81033 -6.81033
12.571 6.42924 -6.42924
12.572 6.04145 -6.04145
12.573 5.64693 -5.64693
12.574 5.24566 -5.24566
12.575 4.83763 -4.83763
12.576 4.42282 -4.42282
12.577 4.00123 -4.00123
12.578 3.57286 -3.57286
12.579 3.13773 -3.13773
12.58 2.69586 -2.69586
12.581 2.2473 -2.2473
12.582 1.79213 -1.79213
12.583 1.33046 -1.33046
12.584 0.862419 -0.862419
12.585 0.388151 -0.388151
12.586 -0.0921661 0.0921661
12.587 -0.578322 0.578322
12.588 -1.07007 1.07007
12.589 -1.56713 1.56713
12.59 -2.06918 2.06918
12.591 -2.57587 2.57587
12.592 -3.08683 3.08683
12.593 -3.60163 3.60163
12.594 -4.11982 4.11982
12.595 -4.64093 4.64093
12.596 -5.16443 5.16443
12.597 -5.68979 5.68979
12.598 -6.21642 6.21642
12.599 -6.74372 6.74372
12.6 -7.27106 7.27106
12.601 -7.79777 7.79777
12.602 -8.32321 8.32321
12.603 -8.84665 8.84665
12.604 -9.36744 9.36744
12.605 -9.88482 9.88482
12.606 -10.3981 10.3981
12.607 -10.9065 10.9065
12.608 -11.4094 11.4094
12.609 -11.906 11.906
12.61 -12.3957 12.3957
12.611 -12.8777 12.8777
12.612 -13.3514 13.3514
12.613 -13.8161 13.8161
12.614 -14.2714 14.2714
12.615 -14.7166 14.7166
12.616 -15.1512 15.1512
12.617 -15.5747 15.5747
12.618 -15.9868 15.9868
12.619 -16.3869 16.3869
12.62 -16.7748 16.7748
12.621 -17.1501 17.1501
12.622 -17.5127 17.5127
12.623 -17.8622 17.8622
12.624 -18.1987 18.1987
12.625 -18.5219 18.5219
12.626 -18.832 18.832
12.627 -19.1287 19.1287
12.628 -19.4123 19.4123
12.629 -19.6826 19.6826
12.63 -19.94 19.94
12.631 -20.1844 20.1844
12.632 -20.4163 20.4163
12.633 -20.6355 20.6355
12.634 -20.8427 20.8427
12.635 -21.0378 21.0378
12.636 -21.2214 21.2214
12.637 -21.3936 21.3936
12.638 -21.5549 21.5549
12.639 -21.7053 21.7053
12.64 -21.8456 21.8456
12.641 -21.9757 21.9757
12.642 -22.0962 22.0962
12.643 -22.2074 22.2074
12.644 -22.3097 22.3097
12.645 -22.4033 22.4033
12.646 -22.4888 22.4888
12.647 -22.5663 22.5663
12.648 -22.6364 22.6364
12.649 -22.6991 22.6991
12.65 -22.755 22.755
12.651 -22.8043 22.8043
12.652 -22.8473 22.8473
12.653 -22.8842 22.8842
12.654 -22.9155 22.9155
12.655 -22.9412 22.9412
12.656 -22.9619 22.9619
12.657 -22.9774 22.9774
12.658 -22.9884 22.9884
12.659 -22.9947 22.9947
12.66 -22.9969 22.9969
12.661 -22.9949 22.9949
12.662 -22.9892 22.9892
12.663 -22.9797 22.9797
12.664 -22.9667 22.9667
12.665 -22.9503 22.9503
12.666 -22.9308 22.9308
12.667 -22.9081 22.9081
12.668 -22.8826 22.8826
12.669 -22.8543 22.8543
12.67 -22.8233 22.8233
12.671 -22.7898 22.7898
12.672 -22.7539 22.7539
12.673 -22.7156 22.7156
12.674 -22.6751 22.6751
12.675 -22.6322 22.6322
12.676 -22.5873 22.5873
12.677 -22.5403 22.5403
12.678 -22.4913 22.4913
12.679 -22.4404 22.4404
12.68 -22.3876 22.3876
12.681 -22.3328 22.3328
12.682 -22.2764 22.2764
12.683 -22.2182 22.2182
12.684 -22.1583 22.1583
12.685 -22.0967 22.0967
12.686 -22.0335 22.0335
12.687 -21.9687 21.9687
12.688 -21.9024 21.9024
12.689 -21.8344 21.8344
12.69 -21.7651 21.7651
12.691 -21.6942 21.6942
12.692 -21.622 21.622
12.693 -21.5483 21.5483
12.694 -21.4734 21.4734
12.695 -21.397 21.397
12.696 -21.3195 21.3195
12.697 -21.2406 21.2406
12.698 -21.1605 21.1605
12.699 -21.0792 21.0792
12.7 -20.9968 20.9968
12.701 -20.9132 20.9132
12.702 -20.8285 20.8285
12.703 -20.7427 20.7427
12.704 -20.656 20.656
12.705 -20.5682 20.5682
12.706 -20.4795 20.4795
12.707 -20.3899 20.3899
12.708 -20.2995 20.2995
12.709 -20.2081 20.2081
12.71 -20.1161 20.1161
12.711 -20.0231 20.0231
12.712 -19.9296 19.9296
12.713 -19.8354 19.8354
12.714 -19.7406 19.7406
12.715 -19.6453 19.6453
12.716 -19.5497 19.5497
12.717 -19.4536 19.4536
12.718 -19.3572 19.3572
12.719 -19.2606 19.2606
12.72 -19.1639 19.1639
12.721 -19.0669 19.0669
12.722 -18.97 18.97
12.723 -18.8732 18.8732
12.724 -18.7766 18.7766
12.725 -18.6803 18.6803
12.726 -18.5844 18.5844
12.727 -18.489 18.489
12.728 -18.3943 18.3943
12.729 -18.3002 18.3002
12.73 -18.207 18.207
12.731 -18.1146 18.1146
12.732 -18.0234 18.0234
12.733 -17.9332 17.9332
12.734 -17.8444 17.8444
12.735 -17.7571 17.7571
12.736 -17.6713 17.6713
12.737 -17.5872 17.5872
12.738 -17.5049 17.5049
12.739 -17.4246 17.4246
12.74 -17.3463 17.3463
12.741 -17.2702 17.2702
12.742 -17.1965 17.1965
12.743 -17.1253 17.1253
12.744 -17.0567 17.0567
12.745 -16.9909 16.9909
12.746 -16.9282 16.9282
12.747 -16.8685 16.8685
12.748 -16.8121 16.8121
12.749 -16.7591 16.7591
12.75 -16.7097 16.7097
12.751 -16.6639 16.6639
12.752 -16.6219 16.6219
12.753 -16.5838 16.5838
12.754 -16.5499 16.5499
12.755 -16.52 16.52
12.756 -16.4945 16.4945
12.757 -16.4734 16.4734
12.758 -16.4568 16.4568
12.759 -16.4449 16.4449
12.76 -16.4376 16.4376
12.761 -16.4352 16.4352
12.762 -16.4377 16.4377
12.763 -16.445 16.445
12.764 -16.4574 16.4574
12.765 -16.4747 16.4747
12.766 -16.4971 16.4971
12.767 -16.5245 16.5245
12.768 -16.5571 16.5571
12.769 -16.5947 16.5947
12.77 -16.6375 16.6375
12.771 -16.6854 16.6854
12.772 -16.7385 16.7385
12.773 -16.7965 16.7965
12.774 -16.8595 16.8595
12.775 -16.9272 16.9272
12.776 -16.9998 16.9998
12.777 -17.0769 17.0769
12.778 -17.1587 17.1587
12.779 -17.2449 17.2449
12.78 -17.3356 17.3356
12.781 -17.4304 17.4304
12.782 -17.5294 17.5294
12.783 -17.6322 17.6322
12.784 -17.7387 17.7387
12.785 -17.8487 17.8487
12.786 -17.9621 17.9621
12.787 -18.0786 18.0786
12.788 -18.1981 18.1981
12.789 -18.3202 18.3202
12.79 -18.445 18.445
12.791 -18.5721 18.5721
12.792 -18.7013 18.7013
12.793 -18.8324 18.8324
12.794 -18.9652 18.9652
12.795 -19.0993 19.0993
12.796 -19.2346 19.2346
12.797 -19.3708 19.3708
12.798 -19.5078 19.5078
12.799 -19.6451 19.6451
12.8 -19.7828 19.7828
12.801 -19.9205 19.9205
12.802 -20.0581 20.0581
12.803 -20.1951 20.1951
12.804 -20.3317 20.3317
12.805 -20.4673 20.4673
12.806 -20.6019 20.6019
12.807 -20.7352 20.7352
12.808 -20.8671 20.8671
12.809 -20.9973 20.9973
12.81 -21.1258 21.1258
12.811 -21.2522 21.2522
12.812 -21.3766 21.3766
12.813 -21.4986 21.4986
12.814 -21.6181 21.6181
12.815 -21.735 21.735
12.816 -21.8491 21.8491
12.817 -21.9601 21.9601
12.818 -22.0682 22.0682
12.819 -22.173 22.173
12.82 -22.2746 22.2746
12.821 -22.3728 22.3728
12.822 -22.4675 22.4675
12.823 -22.5584 22.5584
12.824 -22.6458 22.6458
12.825 -22.7292 22.7292
12.826 -22.8088 22.8088
12.827 -22.8844 22.8844
12.828 -22.956 22.956
12.829 -23.0234 23.0234
12.83 -23.0868 23.0868
12.831 -23.1458 23.1458
12.832 -23.2007 23.2007
12.833 -23.2512 23.2512
12.834 -23.2974 23.2974
12.835 -23.3391 23.3391
12.836 -23.3764 23.3764
12.837 -23.4091 23.4091
12.838 -23.4374 23.4374
12.839 -23.4611 23.4611
12.84 -23.4802 23.4802
12.841 -23.4947 23.4947
12.842 -23.5057 23.5057
12.843 -23.5106 23.5106
12.844 -23.5109 23.5109
12.845 -23.5065 23.5065
12.846 -23.4975 23.4975
12.847 -23.4837 23.4837
12.848 -23.4653 23.4653
12.849 -23.4421 23.4421
12.85 -23.4142 23.4142
12.851 -23.3815 23.3815
12.852 -23.3442 23.3442
12.853 -23.302 23.302
12.854 -23.2552 23.2552
12.855 -23.2036 23.2036
12.856 -23.1472 23.1472
12.857 -23.086 23.086
12.858 -23.0202 23.0202
12.859 -22.9494 22.9494
12.86 -22.874 22.874
12.861 -22.7936 22.7936
12.862 -22.7086 22.7086
12.863 -22.6186 22.6186
12.864 -22.5238 22.5238
12.865 -22.4242 22.4242
12.866 -22.3197 22.3197
12.867 -22.2102 22.2102
12.868 -22.0959 22.0959
12.869 -21.9766 21.9766
12.87 -21.8524 21.8524
12.871 -21.723 21.723
12.872 -21.5887 21.5887
12.873 -21.4493 21.4493
12.874 -21.3048 21.3048
12.875 -21.1551 21.1551
12.876 -21.0003 21.0003
12.877 -20.8402 20.8402
12.878 -20.6749 20.6749
12.879 -20.5042 20.5042
12.88 -20.3282 20.3282
12.881 -20.1466 20.1466
12.882 -19.9596 19.9596
12.883 -19.767 19.767
12.884 -19.5689 19.5689
12.885 -19.365 19.365
12.886 -19.1555 19.1555
12.887 -18.9402 18.9402
12.888 -18.7191 18.7191
12.889 -18.4921 18.4921
12.89 -18.2588 18.2588
12.891 -18.0193 18.0193
12.892 -17.7737 17.7737
12.893 -17.5218 17.5218
12.894 -17.2636 17.2636
12.895 -16.9989 16.9989
12.896 -16.7277 16.7277
12.897 -16.4499 16.4499
12.898 -16.1654 16.1654
12.899 -15.8741 15.8741
12.9 -15.5759 15.5759
12.901 -15.2706 15.2706
12.902 -14.9582 14.9582
12.903 -14.6386 14.6386
12.904 -14.3116 14.3116
12.905 -13.9772 13.9772
12.906 -13.6352 13.6352
12.907 -13.2854 13.2854
12.908 -12.9279 12.9279
12.909 -12.5623 12.5623
12.91 -12.1887 12.1887
12.911 -11.8067 11.8067
12.912 -11.4163 11.4163
12.913 -11.0173 11.0173
12.914 -10.6096 10.6096
12.915 -10.1929 10.1929
12.916 -9.76728 9.76728
12.917 -9.33235 9.33235
12.918 -8.88804 8.88804
12.919 -8.43413 8.43413
12.92 -7.97048 7.97048
12.921 -7.49689 7.49689
12.922 -7.01322 7.01322
12.923 -6.5193 6.5193
12.924 -6.015 6.015
12.925 -5.50015 5.50015
12.926 -4.97465 4.97465
12.927 -4.43835 4.43835
12.928 -3.89115 3.89115
12.929 -3.33297 3.33297
12.93 -2.76374 2.76374
12.931 -2.18341 2.18341
12.932 -1.592 1.592
12.933 -0.989535 0.989535
12.934 -0.376101 0.376101
12.935 0.248163 -0.248163
12.936 0.883044 -0.883044
12.937 1.52825 -1.52825
12.938 2.18342 -2.18342
12.939 2.84811 -2.84811
12.94 3.5218 -3.5218
12.941 4.20389 -4.20389
12.942 4.89369 -4.89369
12.943 5.59042 -5.59042
12.944 6.2932 -6.2932
12.945 7.00111 -7.00111
12.946 7.71311 -7.71311
12.947 8.42813 -8.42813
12.948 9.14496 -9.14496
12.949 9.86241 -9.86241
12.95 10.5792 -10.5792
12.951 11.2939 -11.2939
12.952 12.0052 -12.0052
12.953 12.7118 -12.7118
12.954 13.412 -13.412
12.955 14.1047 -14.1047
12.956 14.7882 -14.7882
12.957 15.4613 -15.4613
12.958 16.1225 -16.1225
12.959 16.7707 -16.7707
12.96 17.4046 -17.4046
12.961 18.023 -18.023
12.962 18.6249 -18.6249
12.963 19.2095 -19.2095
12.964 19.7758 -19.7758
12.965 20.3232 -20.3232
12.966 20.851 -20.851
12.967 21.3589 -21.3589
12.968 21.8463 -21.8463
12.969 22.3132 -22.3132
12.97 22.7593 -22.7593
12.971 23.1848 -23.1848
12.972 23.5896 -23.5896
12.973 23.974 -23.974
12.974 24.3381 -24.3381
12.975 24.6826 -24.6826
12.976 25.0077 -25.0077
12.977 25.3139 -25.3139
12.978 25.6018 -25.6018
12.979 25.8719 -25.8719
12.98 26.1248 -26.1248
12.981 26.3613 -26.3613
12.982 26.5818 -26.5818
12.983 26.7872 -26.7872
12.984 26.9779 -26.9779
12.985 27.1549 -27.1549
12.986 27.3186 -27.3186
12.987 27.4698 -27.4698
12.988 27.609 -27.609
12.989 27.737 -27.737
12.99 27.8542 -27.8542
12.991 27.9614 -27.9614
12.992 28.0589 -28.0589
12.993 28.1475 -28.1475
12.994 28.2274 -28.2274
12.995 28.2994 -28.2994
12.996 28.3637 -28.3637
12.997 28.421 -28.421
12.998 28.4714 -28.4714
12.999 28.5155 -28.5155
13 28.5536 -28.5536
13.001 28.5861 -28.5861
13.002 28.6132 -28.6132
13.003 28.6354 -28.6354
13.004 28.6525 -28.6525
13.005 28.6653 -28.6653
13.006 28.6736 -28.6736
13.007 28.6779 -28.6779
13.008 28.6781 -28.6781
13.009 28.6747 -28.6747
13.01 28.6676 -28.6676
13.011 28.6572 -28.6572
13.012 28.6434 -28.6434
13.013 28.6266 -28.6266
13.014 28.6065 -28.6065
13.015 28.5836 -28.5836
13.016 28.5577 -28.5577
13.017 28.5291 -28.5291
13.018 28.4977 -28.4977
13.019 28.4637 -28.4637
13.02 28.4271 -28.4271
13.021 28.3881 -28.3881
13.022 28.3464 -28.3464
13.023 28.3025 -28.3025
13.024 28.256 -28.256
13.025 28.2073 -28.2073
13.026 28.1561 -28.1561
13.027 28.1027 -28.1027
13.028 28.0468 -28.0468
13.029 27.9889 -27.9889
13.03 27.9286 -27.9286
13.031 27.8661 -27.8661
13.032 27.8013 -27.8013
13.033 27.7345 -27.7345
13.034 27.6654 -27.6654
13.035 27.5942 -27.5942
13.036 27.5208 -27.5208
13.037 27.4453 -27.4453
13.038 27.3677 -27.3677
13.039 27.288 -27.288
13.04 27.2062 -27.2062
13.041 27.1223 -27.1223
13.042 27.0363 -27.0363
13.043 26.9483 -26.9483
13.044 26.8582 -26.8582
13.045 26.7661 -26.7661
13.046 26.6719 -26.6719
13.047 26.5758 -26.5758
13.048 26.4775 -26.4775
13.049 26.3773 -26.3773
13.05 26.2749 -26.2749
13.051 26.1707 -26.1707
13.052 26.0643 -26.0643
13.053 25.9561 -25.9561
13.054 25.8459 -25.8459
13.055 25.7339 -25.7339
13.056 25.6199 -25.6199
13.057 25.5042 -25.5042
13.058 25.3865 -25.3865
13.059 25.2671 -25.2671
13.06 25.1459 -25.1459
13.061 25.0229 -25.0229
13.062 24.8982 -24.8982
13.063 24.7718 -24.7718
13.064 24.6435 -24.6435
13.065 24.5137 -24.5137
13.066 24.3822 -24.3822
13.067 24.249 -24.249
13.068 24.1141 -24.1141
13.069 23.9777 -23.9777
13.07 23.8396 -23.8396
13.071 23.6999 -23.6999
13.072 23.5586 -23.5586
13.073 23.4157 -23.4157
13.074 23.2711 -23.2711
13.075 23.125 -23.125
13.076 22.9772 -22.9772
13.077 22.8279 -22.8279
13.078 22.6768 -22.6768
13.079 22.5243 -22.5243
13.08 22.37 -22.37
13.081 22.2141 -22.2141
13.082 22.0566 -22.0566
13.083 21.8974 -21.8974
13.084 21.7366 -21.7366
13.085 21.5741 -21.5741
13.086 21.4098 -21.4098
13.087 21.2439 -21.2439
13.088 21.0762 -21.0762
13.089 20.9069 -20.9069
13.09 20.7357 -20.7357
13.091 20.5628 -20.5628
13.092 20.3881 -20.3881
13.093 20.2116 -20.2116
13.094 20.0333 -20.0333
13.095 19.8532 -19.8532
13.096 19.6712 -19.6712
13.097 19.4874 -19.4874
13.098 19.3017 -19.3017
13.099 19.1141 -19.1141
13.1 18.9246 -18.9246
13.101 18.7332 -18.7332
13.102 18.5398 -18.5398
13.103 18.3444 -18.3444
13.104 18.1471 -18.1471
13.105 17.9478 -17.9478
13.106 17.7466 -17.7466
13.107 17.5431 -17.5431
13.108 17.3375 -17.3375
13.109 17.1298 -17.1298
13.11 16.92 -16.92
13.111 16.7081 -16.7081
13.112 16.4941 -16.4941
13.113 16.2779 -16.2779
13.114 16.0594 -16.0594
13.115 15.8389 -15.8389
13.116 15.616 -15.616
13.117 15.391 -15.391
13.118 15.1636 -15.1636
13.119 14.934 -14.934
13.12 14.7021 -14.7021
13.121 14.4679 -14.4679
13.122 14.2313 -14.2313
13.123 13.9924 -13.9924
13.124 13.751 -13.751
13.125 13.5073 -13.5073
13.126 13.261 -13.261
13.127 13.0123 -13.0123
13.128 12.7611 -12.7611
13.129 12.5074 -12.5074
13.13 12.2511 -12.2511
13.131 11.9922 -11.9922
13.132 11.7307 -11.7307
13.133 11.4666 -11.4666
13.134 11.1997 -11.1997
13.135 10.9301 -10.9301
13.136 10.6577 -10.6577
13.137 10.3825 -10.3825
13.138 10.1045 -10.1045
13.139 9.82353 -9.82353
13.14 9.53966 -9.53966
13.141 9.25285 -9.25285
13.142 8.96304 -8.96304
13.143 8.67022 -8.67022
13.144 8.37435 -8.37435
13.145 8.07541 -8.07541
13.146 7.77336 -7.77336
13.147 7.46821 -7.46821
13.148 7.15989 -7.15989
13.149 6.84843 -6.84843
13.15 6.53378 -6.53378
13.151 6.21595 -6.21595
13.152 5.89491 -5.89491
13.153 5.57065 -5.57065
13.154 5.24315 -5.24315
13.155 4.91242 -4.91242
13.156 4.57844 -4.57844
13.157 4.24124 -4.24124
13.158 3.9008 -3.9008
13.159 3.55715 -3.55715
13.16 3.2103 -3.2103
13.161 2.86029 -2.86029
13.162 2.50716 -2.50716
13.163 2.15097 -2.15097
13.164 1.79176 -1.79176
13.165 1.42962 -1.42962
13.166 1.06462 -1.06462
13.167 0.696855 -0.696855
13.168 0.326424 -0.326424
13.169 -0.0465545 0.0465545
13.17 -0.42195 0.42195
13.171 -0.79961 0.79961
13.172 -1.17936 1.17936
13.173 -1.56101 1.56101
13.174 -1.94436 1.94436
13.175 -2.32918 2.32918
13.176 -2.71524 2.71524
13.177 -3.1023 3.1023
13.178 -3.4901 3.4901
13.179 -3.87835 3.87835
13.18 -4.2668 4.2668
13.181 -4.65511 4.65511
13.182 -5.04298 5.04298
13.183 -5.43006 5.43006
13.184 -5.816 5.816
13.185 -6.20044 6.20044
13.186 -6.58301 6.58301
13.187 -6.96334 6.96334
13.188 -7.34107 7.34107
13.189 -7.71579 7.71579
13.19 -8.08715 8.08715
13.191 -8.45475 8.45475
13.192 -8.81821 8.81821
13.193 -9.17712 9.17712
13.194 -9.53112 9.53112
13.195 -9.87981 9.87981
13.196 -10.2228 10.2228
13.197 -10.5598 10.5598
13.198 -10.8904 10.8904
13.199 -11.2143 11.2143
13.2 -11.5312 11.5312
13.201 -11.8407 11.8407
13.202 -12.1426 12.1426
13.203 -12.4366 12.4366
13.204 -12.7224 12.7224
13.205 -12.9998 12.9998
13.206 -13.2687 13.2687
13.207 -13.5287 13.5287
13.208 -13.7799 13.7799
13.209 -14.0218 14.0218
13.21 -14.2546 14.2546
13.211 -14.478 14.478
13.212 -14.692 14.692
13.213 -14.8965 14.8965
13.214 -15.0914 15.0914
13.215 -15.2767 15.2767
13.216 -15.4524 15.4524
13.217 -15.6185 15.6185
13.218 -15.775 15.775
13.219 -15.9219 15.9219
13.22 -16.0593 16.0593
13.221 -16.1872 16.1872
13.222 -16.3057 16.3057
13.223 -16.4149 16.4149
13.224 -16.515 16.515
13.225 -16.6059 16.6059
13.226 -16.6878 16.6878
13.227 -16.7608 16.7608
13.228 -16.8252 16.8252
13.229 -16.8808 16.8808
13.23 -16.9281 16.9281
13.231 -16.9669 16.9669
13.232 -16.9976 16.9976
13.233 -17.0202 17.0202
13.234 -17.035 17.035
13.235 -17.042 17.042
13.236 -17.0415 17.0415
13.237 -17.0334 17.0334
13.238 -17.0182 17.0182
13.239 -16.9957 16.9957
13.24 -16.9664 16.9664
13.241 -16.9301 16.9301
13.242 -16.8871 16.8871
13.243 -16.8376 16.8376
13.244 -16.7817 16.7817
13.245 -16.7195 16.7195
13.246 -16.6511 16.6511
13.247 -16.5767 16.5767
13.248 -16.4964 16.4964
13.249 -16.4103 16.4103
13.25 -16.3186 16.3186
13.251 -16.2212 16.2212
13.252 -16.1184 16.1184
13.253 -16.0102 16.0102
13.254 -15.8968 15.8968
13.255 -15.778 15.778
13.256 -15.6542 15.6542
13.257 -15.5253 15.5253
13.258 -15.3914 15.3915
13.259 -15.2526 15.2526
13.26 -15.1089 15.1089
13.261 -14.9603 14.9603
13.262 -14.807 14.807
13.263 -14.649 14.649
13.264 -14.4863 14.4863
13.265 -14.3189 14.3189
13.266 -14.147 14.147
13.267 -13.9704 13.9704
13.268 -13.7894 13.7894
13.269 -13.6038 13.6038
13.27 -13.4137 13.4137
13.271 -13.2192 13.2192
13.272 -13.0201 13.0201
13.273 -12.8166 12.8166
13.274 -12.6087 12.6087
13.275 -12.3963 12.3963
13.276 -12.1794 12.1794
13.277 -11.958 11.958
13.278 -11.7322 11.7322
13.279 -11.5018 11.5018
13.28 -11.2669 11.2669
13.281 -11.0275 11.0275
13.282 -10.7836 10.7836
13.283 -10.535 10.535
13.284 -10.2819 10.2819
13.285 -10.0241 10.0241
13.286 -9.76164 9.76164
13.287 -9.49445 9.49445
13.288 -9.22251 9.22251
13.289 -8.94577 8.94577
13.29 -8.66422 8.66422
13.291 -8.37778 8.37778
13.292 -8.08643 8.08643
13.293 -7.79009 7.79009
13.294 -7.48872 7.48872
13.295 -7.18225 7.18225
13.296 -6.87063 6.87063
13.297 -6.5538 6.5538
13.298 -6.23172 6.23172
13.299 -5.90432 5.90432
13.3 -5.57157 5.57157
13.301 -5.2334 5.2334
13.302 -4.88977 4.88977
13.303 -4.54062 4.54062
13.304 -4.18593 4.18593
13.305 -3.82563 3.82563
13.306 -3.45971 3.45971
13.307 -3.08813 3.08813
13.308 -2.71088 2.71088
13.309 -2.32793 2.32793
13.31 -1.9393 1.9393
13.311 -1.54499 1.54499
13.312 -1.14502 1.14502
13.313 -0.73942 0.73942
13.314 -0.32825 0.32825
13.315 0.0884224 -0.0884224
13.316 0.510505 -0.510505
13.317 0.937879 -0.937879
13.318 1.3704 -1.3704
13.319 1.8079 -1.8079
13.32 2.2502 -2.2502
13.321 2.69708 -2.69708
13.322 3.1483 -3.1483
13.323 3.6036 -3.6036
13.324 4.0627 -4.0627
13.325 4.52529 -4.52529
13.326 4.99102 -4.99102
13.327 5.45954 -5.45954
13.328 5.93047 -5.93047
13.329 6.40339 -6.40339
13.33 6.87788 -6.87788
13.331 7.35349 -7.35349
13.332 7.82974 -7.82974
13.333 8.3062 -8.3062
13.334 8.78233 -8.78233
13.335 9.25766 -9.25766
13.336 9.73164 -9.73164
13.337 10.2038 -10.2038
13.338 10.6735 -10.6735
13.339 11.1403 -11.1403
13.34 11.6036 -11.6036
13.341 12.0629 -12.0629
13.342 12.5176 -12.5176
13.343 12.9672 -12.9672
13.344 13.4112 -13.4112
13.345 13.8492 -13.8492
13.346 14.2805 -14.2805
13.347 14.7049 -14.7049
13.348 15.1218 -15.1218
13.349 15.5308 -15.5308
13.35 15.9315 -15.9315
13.351 16.3236 -16.3236
13.352 16.7067 -16.7067
13.353 17.0808 -17.0808
13.354 17.4453 -17.4453
13.355 17.8003 -17.8003
13.356 18.1454 -18.1454
13.357 18.4807 -18.4807
13.358 18.8059 -18.8059
13.359 19.121 -19.121
13.36 19.4261 -19.4261
13.361 19.721 -19.721
13.362 20.0058 -20.0058
13.363 20.2807 -20.2807
13.364 20.5457 -20.5457
13.365 20.8009 -20.8009
13.366 21.0464 -21.0464
13.367 21.2826 -21.2826
13.368 21.5094 -21.5094
13.369 21.7272 -21.7272
13.37 21.9361 -21.9361
13.371 22.1364 -22.1364
13.372 22.3284 -22.3284
13.373 22.5123 -22.5123
13.374 22.6885 -22.6885
13.375 22.8574 -22.8574
13.376 23.0191 -23.0191
13.377 23.174 -23.174
13.378 23.3224 -23.3224
13.379 23.4647 -23.4647
13.38 23.6011 -23.6011
13.381 23.732 -23.732
13.382 23.8576 -23.8576
13.383 23.9785 -23.9785
13.384 24.0948 -24.0948
13.385 24.2071 -24.2071
13.386 24.3155 -24.3155
13.387 24.4206 -24.4206
13.388 24.5224 -24.5224
13.389 24.6215 -24.6215
13.39 24.7179 -24.7179
13.391 24.8122 -24.8122
13.392 24.9044 -24.9044
13.393 24.995 -24.995
13.394 25.0843 -25.0843
13.395 25.1726 -25.1726
13.396 25.2601 -25.2601
13.397 25.3472 -25.3472
13.398 25.4339 -25.4339
13.399 25.5207 -25.5207
13.4 25.6077 -25.6077
13.401 25.6951 -25.6951
13.402 25.783 -25.783
13.403 25.8718 -25.8718
13.404 25.9614 -25.9614
13.405 26.0522 -26.0522
13.406 26.1442 -26.1442
13.407 26.2377 -26.2377
13.408 26.3325 -26.3325
13.409 26.4291 -26.4291
13.41 26.5273 -26.5273
13.411 26.6274 -26.6274
13.412 26.7291 -26.7291
13.413 26.8327 -26.8327
13.414 26.9378 -26.9378
13.415 27.0447 -27.0447
13.416 27.153 -27.153
13.417 27.263 -27.263
13.418 27.3743 -27.3743
13.419 27.4873 -27.4873
13.42 27.6015 -27.6015
13.421 27.7171 -27.7171
13.422 27.8337 -27.8337
13.423 27.9513 -27.9513
13.424 28.0695 -28.0695
13.425 28.1883 -28.1883
13.426 28.3072 -28.3072
13.427 28.4264 -28.4264
13.428 28.5455 -28.5455
13.429 28.6645 -28.6645
13.43 28.783 -28.783
13.431 28.9012 -28.9012
13.432 29.0186 -29.0186
13.433 29.1351 -29.1351
13.434 29.2503 -29.2503
13.435 29.3641 -29.3641
13.436 29.4762 -29.4762
13.437 29.5867 -29.5867
13.438 29.695 -29.695
13.439 29.8013 -29.8013
13.44 29.9053 -29.9053
13.441 30.0071 -30.0071
13.442 30.1062 -30.1062
13.443 30.2029 -30.2029
13.444 30.2967 -30.2967
13.445 30.3878 -30.3878
13.446 30.4758 -30.4758
13.447 30.561 -30.561
13.448 30.643 -30.643
13.449 30.722 -30.722
13.45 30.7977 -30.7977
13.451 30.8704 -30.8704
13.452 30.9399 -30.9398
13.453 31.0063 -31.0063
13.454 31.0694 -31.0694
13.455 31.1296 -31.1296
13.456 31.1865 -31.1865
13.457 31.2406 -31.2406
13.458 31.2914 -31.2914
13.459 31.3395 -31.3395
13.46 31.3844 -31.3844
13.461 31.4235 -31.4235
13.462 31.4613 -31.4613
13.463 31.4962 -31.4962
13.464 31.5284 -31.5284
13.465 31.5568 -31.5568
13.466 31.5909 -31.5909
13.467 31.6195 -31.6195
13.468 31.6456 -31.6456
13.469 31.6693 -31.6693
13.47 31.6907 -31.6907
13.471 31.7099 -31.7099
13.472 31.7269 -31.7269
13.473 31.742 -31.742
13.474 31.755 -31.755
13.475 31.7663 -31.7663
13.476 31.7757 -31.7757
13.477 31.7834 -31.7834
13.478 31.7895 -31.7895
13.479 31.7939 -31.7939
13.48 31.7968 -31.7968
13.481 31.7982 -31.7982
13.482 31.7981 -31.7981
13.483 31.7966 -31.7966
13.484 31.7937 -31.7937
13.485 31.7894 -31.7894
13.486 31.7837 -31.7837
13.487 31.7767 -31.7767
13.488 31.7684 -31.7684
13.489 31.7587 -31.7587
13.49 31.7478 -31.7478
13.491 31.7356 -31.7356
13.492 31.7221 -31.7221
13.493 31.7073 -31.7073
13.494 31.6913 -31.6913
13.495 31.6739 -31.6739
13.496 31.6552 -31.6552
13.497 31.6352 -31.6352
13.498 31.6139 -31.6139
13.499 31.5912 -31.5912
13.5 31.5673 -31.5673
13.501 31.542 -31.542
13.502 31.5154 -31.5154
13.503 31.4875 -31.4875
13.504 31.4582 -31.4582
13.505 31.4275 -31.4275
13.506 31.3955 -31.3955
13.507 31.3621 -31.3621
13.508 31.3273 -31.3273
13.509 31.2912 -31.2912
13.51 31.2536 -31.2536
13.511 31.2147 -31.2147
13.512 31.1744 -31.1744
13.513 31.1327 -31.1327
13.514 31.0896 -31.0896
13.515 31.0451 -31.0451
13.516 30.9993 -30.9993
13.517 30.9521 -30.9521
13.518 30.9035 -30.9035
13.519 30.8536 -30.8536
13.52 30.8022 -30.8022
13.521 30.7495 -30.7495
13.522 30.6954 -30.6954
13.523 30.6399 -30.6399
13.524 30.5831 -30.5831
13.525 30.5248 -30.5248
13.526 30.4651 -30.4651
13.527 30.4039 -30.4039
13.528 30.3414 -30.3414
13.529 30.2774 -30.2774
13.53 30.2119 -30.2119
13.531 30.145 -30.145
13.532 30.0766 -30.0766
13.533 30.0067 -30.0067
13.534 29.9352 -29.9352
13.535 29.8622 -29.8622
13.536 29.7877 -29.7877
13.537 29.7115 -29.7115
13.538 29.6338 -29.6338
13.539 29.5544 -29.5544
13.54 29.4733 -29.4733
13.541 29.3906 -29.3906
13.542 29.3061 -29.3061
13.543 29.2199 -29.2199
13.544 29.1319 -29.1319
13.545 29.0421 -29.0421
13.546 28.9504 -28.9504
13.547 28.8568 -28.8568
13.548 28.7613 -28.7613
13.549 28.6637 -28.6637
13.55 28.5642 -28.5642
13.551 28.4626 -28.4626
13.552 28.3589 -28.3589
13.553 28.2531 -28.2531
13.554 28.145 -28.145
13.555 28.0346 -28.0346
13.556 27.9219 -27.9219
13.557 27.8068 -27.8068
13.558 27.6892 -27.6892
13.559 27.5691 -27.5691
13.56 27.4464 -27.4464
13.561 27.3211 -27.3211
13.562 27.1931 -27.1931
13.563 27.0623 -27.0623
13.564 26.9286 -26.9286
13.565 26.7919 -26.7919
13.566 26.6521 -26.6521
13.567 26.5092 -26.5092
13.568 26.3631 -26.3631
13.569 26.2136 -26.2136
13.57 26.0607 -26.0607
13.571 25.9044 -25.9044
13.572 25.7445 -25.7445
13.573 25.5808 -25.5808
13.574 25.4134 -25.4134
13.575 25.2421 -25.2421
13.576 25.0669 -25.0669
13.577 24.8875 -24.8875
13.578 24.7039 -24.7039
13.579 24.5161 -24.5161
13.58 24.3238 -24.3238
13.581 24.127 -24.127
13.582 23.9256 -23.9256
13.583 23.7194 -23.7194
13.584 23.5084 -23.5084
13.585 23.2923 -23.2923
13.586 23.071 -23.071
13.587 22.8445 -22.8445
13.588 22.6126 -22.6126
13.589 22.375 -22.375
13.59 22.1318 -22.1318
13.591 21.8826 -21.8826
13.592 21.6274 -21.6274
13.593 21.366 -21.366
13.594 21.0982 -21.0982
13.595 20.824 -20.824
13.596 20.543 -20.543
13.597 20.2553 -20.2553
13.598 19.9592 -19.9592
13.599 19.6558 -19.6558
13.6 19.3452 -19.3452
13.601 19.0269 -19.0269
13.602 18.701 -18.701
13.603 18.3671 -18.3671
13.604 18.025 -18.025
13.605 17.6746 -17.6746
13.606 17.3157 -17.3157
13.607 16.9479 -16.9479
13.608 16.5711 -16.5711
13.609 16.185 -16.185
13.61 15.7894 -15.7894
13.611 15.384 -15.384
13.612 14.9685 -14.9685
13.613 14.5426 -14.5426
13.614 14.1062 -14.1062
13.615 13.6589 -13.6589
13.616 13.2004 -13.2004
13.617 12.7303 -12.7303
13.618 12.2485 -12.2485
13.619 11.7545 -11.7545
13.62 11.248 -11.248
13.621 10.7287 -10.7287
13.622 10.1962 -10.1962
13.623 9.65013 -9.65013
13.624 9.09021 -9.09021
13.625 8.51607 -8.51607
13.626 7.92735 -7.92735
13.627 7.32369 -7.32369
13.628 6.70475 -6.70475
13.629 6.07018 -6.07018
13.63 5.41965 -5.41965
13.631 4.75285 -4.75285
13.632 4.06952 -4.06952
13.633 3.36943 -3.36943
13.634 2.6524 -2.6524
13.635 1.9183 -1.9183
13.636 1.16707 -1.16707
13.637 0.398701 -0.398701
13.638 -0.386687 0.386687
13.639 -1.18885 1.18885
13.64 -2.00739 2.00739
13.641 -2.84175 2.84175
13.642 -3.69123 3.69123
13.643 -4.55498 4.55498
13.644 -5.43198 5.43198
13.645 -6.32103 6.32103
13.646 -7.22079 7.22079
13.647 -8.12971 8.12971
13.648 -9.04611 9.04611
13.649 -9.96813 9.96813
13.65 -10.8937 10.8937
13.651 -11.8208 11.8208
13.652 -12.7471 12.7471
13.653 -13.6701 13.6701
13.654 -14.5876 14.5876
13.655 -15.4969 15.4969
13.656 -16.3957 16.3957
13.657 -17.2814 17.2814
13.658 -18.1516 18.1516
13.659 -19.004 19.004
13.66 -19.8365 19.8365
13.661 -20.647 20.647
13.662 -21.4337 21.4337
13.663 -22.1949 22.1949
13.664 -22.9294 22.9294
13.665 -23.6358 23.6358
13.666 -24.3133 24.3133
13.667 -24.9614 24.9614
13.668 -25.5794 25.5794
13.669 -26.1674 26.1674
13.67 -26.7253 26.7253
13.671 -27.2533 27.2533
13.672 -27.752 27.752
13.673 -28.2218 28.2218
13.674 -28.6636 28.6636
13.675 -29.0782 29.0782
13.676 -29.4665 29.4665
13.677 -29.8296 29.8296
13.678 -30.1685 30.1685
13.679 -30.4844 30.4844
13.68 -30.7783 30.7783
13.681 -31.0516 31.0516
13.682 -31.3052 31.3052
13.683 -31.5404 31.5404
13.684 -31.7581 31.7581
13.685 -31.9595 31.9595
13.686 -32.1456 32.1456
13.687 -32.3173 32.3173
13.688 -32.4756 32.4756
13.689 -32.6214 32.6214
13.69 -32.7554 32.7554
13.691 -32.8786 32.8786
13.692 -32.9915 32.9915
13.693 -33.0949 33.0949
13.694 -33.1894 33.1894
13.695 -33.2755 33.2755
13.696 -33.3538 33.3538
13.697 -33.4249 33.4249
13.698 -33.4891 33.4891
13.699 -33.5469 33.5469
13.7 -33.5987 33.5987
13.701 -33.6449 33.6449
13.702 -33.6857 33.6857
13.703 -33.7215 33.7215
13.704 -33.7525 33.7525
13.705 -33.7791 33.7791
13.706 -33.8014 33.8014
13.707 -33.8196 33.8196
13.708 -33.834 33.834
13.709 -33.8447 33.8447
13.71 -33.8519 33.8519
13.711 -33.8557 33.8557
13.712 -33.8563 33.8563
13.713 -33.8537 33.8537
13.714 -33.8482 33.8482
13.715 -33.8397 33.8397
13.716 -33.8285 33.8285
13.717 -33.8145 33.8145
13.718 -33.7978 33.7978
13.719 -33.7786 33.7786
13.72 -33.7569 33.7569
13.721 -33.7327 33.7327
13.722 -33.7062 33.7062
13.723 -33.6773 33.6773
13.724 -33.6461 33.6461
13.725 -33.6127 33.6127
13.726 -33.5771 33.5771
13.727 -33.5393 33.5393
13.728 -33.4995 33.4995
13.729 -33.4575 33.4575
13.73 -33.4135 33.4135
13.731 -33.3675 33.3675
13.732 -33.3195 33.3195
13.733 -33.2695 33.2695
13.734 -33.2176 33.2176
13.735 -33.1637 33.1637
13.736 -33.108 33.108
13.737 -33.0503 33.0503
13.738 -32.9907 32.9907
13.739 -32.9293 32.9293
13.74 -32.866 32.866
13.741 -32.8009 32.8009
13.742 -32.7339 32.7339
13.743 -32.6651 32.6651
13.744 -32.5945 32.5945
13.745 -32.522 32.522
13.746 -32.4477 32.4477
13.747 -32.3716 32.3716
13.748 -32.2936 32.2936
13.749 -32.2138 32.2138
13.75 -32.1321 32.1321
13.751 -32.0487 32.0487
13.752 -31.9634 31.9634
13.753 -31.8762 31.8762
13.754 -31.7871 31.7871
13.755 -31.6961 31.6961
13.756 -31.6031 31.6031
13.757 -31.5082 31.5082
13.758 -31.4113 31.4113
13.759 -31.3124 31.3124
13.76 -31.2115 31.2115
13.761 -31.1085 31.1085
13.762 -31.0036 31.0036
13.763 -30.8966 30.8966
13.764 -30.7875 30.7875
13.765 -30.6764 30.6764
13.766 -30.5633 30.5633
13.767 -30.448 30.448
13.768 -30.3306 30.3306
13.769 -30.2112 30.2112
13.77 -30.0896 30.0896
13.771 -29.9659 29.9659
13.772 -29.8401 29.8401
13.773 -29.7122 29.7122
13.774 -29.5821 29.5821
13.775 -29.4499 29.4499
13.776 -29.3156 29.3156
13.777 -29.1791 29.1791
13.778 -29.0405 29.0405
13.779 -28.8997 28.8997
13.78 -28.7567 28.7567
13.781 -28.6116 28.6116
13.782 -28.4643 28.4643
13.783 -28.3149 28.3149
13.784 -28.1634 28.1634
13.785 -28.0097 28.0097
13.786 -27.8539 27.8539
13.787 -27.6961 27.6961
13.788 -27.5362 27.5362
13.789 -27.3742 27.3742
13.79 -27.2101 27.2101
13.791 -27.044 27.044
13.792 -26.8757 26.8757
13.793 -26.7055 26.7055
13.794 -26.5331 26.5331
13.795 -26.3587 26.3587
13.796 -26.1822 26.1822
13.797 -26.0036 26.0036
13.798 -25.823 25.823
13.799 -25.6403 25.6403
13.8 -25.4554 25.4554
13.801 -25.2685 25.2685
13.802 -25.0795 25.0795
13.803 -24.8885 24.8885
13.804 -24.6953 24.6953
13.805 -24.5001 24.5001
13.806 -24.3028 24.3028
13.807 -24.1034 24.1034
13.808 -23.902 23.902
13.809 -23.6985 23.6985
13.81 -23.493 23.493
13.811 -23.2853 23.2853
13.812 -23.0756 23.0756
13.813 -22.8638 22.8638
13.814 -22.65 22.65
13.815 -22.4342 22.4342
13.816 -22.2163 22.2163
13.817 -21.9965 21.9965
13.818 -21.7745 21.7745
13.819 -21.5506 21.5506
13.82 -21.3246 21.3246
13.821 -21.0966 21.0966
13.822 -20.8666 20.8666
13.823 -20.6345 20.6345
13.824 -20.4004 20.4004
13.825 -20.1642 20.1642
13.826 -19.926 19.926
13.827 -19.6857 19.6857
13.828 -19.4433 19.4433
13.829 -19.199 19.199
13.83 -18.9525 18.9525
13.831 -18.7034 18.7034
13.832 -18.4521 18.4521
13.833 -18.1985 18.1985
13.834 -17.9427 17.9427
13.835 -17.6847 17.6847
13.836 -17.4242 17.4242
13.837 -17.1614 17.1614
13.838 -16.8962 16.8962
13.839 -16.6285 16.6285
13.84 -16.3584 16.3584
13.841 -16.0857 16.0857
13.842 -15.8105 15.8105
13.843 -15.5326 15.5326
13.844 -15.252 15.252
13.845 -14.9687 14.9687
13.846 -14.6826 14.6826
13.847 -14.3936 14.3936
13.848 -14.1017 14.1017
13.849 -13.8068 13.8068
13.85 -13.5089 13.5089
13.851 -13.208 13.208
13.852 -12.9039 12.9039
13.853 -12.5966 12.5966
13.854 -12.2861 12.2861
13.855 -11.9722 11.9722
13.856 -11.6549 11.6549
13.857 -11.3341 11.3341
13.858 -11.0099 11.0099
13.859 -10.682 10.682
13.86 -10.3506 10.3506
13.861 -10.0154 10.0154
13.862 -9.67647 9.67647
13.863 -9.33371 9.33371
13.864 -8.98704 8.98704
13.865 -8.63641 8.63641
13.866 -8.28175 8.28175
13.867 -7.92299 7.92299
13.868 -7.56009 7.56009
13.869 -7.19299 7.19299
13.87 -6.82165 6.82165
13.871 -6.44601 6.44601
13.872 -6.06603 6.06603
13.873 -5.68167 5.68167
13.874 -5.2929 5.2929
13.875 -4.89968 4.89968
13.876 -4.502 4.502
13.877 -4.09983 4.09983
13.878 -3.69318 3.69318
13.879 -3.28204 3.28204
13.88 -2.86644 2.86644
13.881 -2.44641 2.44641
13.882 -2.02199 2.02199
13.883 -1.59324 1.59324
13.884 -1.16026 1.16026
13.885 -0.723138 0.723138
13.886 -0.281992 0.281992
13.887 0.163035 -0.163035
13.888 0.611777 -0.611777
13.889 1.06404 -1.06404
13.89 1.51959 -1.51959
13.891 1.97817 -1.97817
13.892 2.43948 -2.43948
13.893 2.90318 -2.90318
13.894 3.36889 -3.36889
13.895 3.83624 -3.83624
13.896 4.3048 -4.3048
13.897 4.77415 -4.77415
13.898 5.24383 -5.24383
13.899 5.71336 -5.71336
13.9 6.18227 -6.18227
13.901 6.65002 -6.65002
13.902 7.11608 -7.11608
13.903 7.57987 -7.57987
13.904 8.04082 -8.04082
13.905 8.49834 -8.49834
13.906 8.95184 -8.95184
13.907 9.40073 -9.40073
13.908 9.84442 -9.84442
13.909 10.2823 -10.2823
13.91 10.7139 -10.7139
13.911 11.1385 -11.1385
13.912 11.5556 -11.5556
13.913 11.9647 -11.9647
13.914 12.3653 -12.3653
13.915 12.7568 -12.7568
13.916 13.1389 -13.1389
13.917 13.5109 -13.5109
13.918 13.8726 -13.8726
13.919 14.2236 -14.2236
13.92 14.5635 -14.5635
13.921 14.8919 -14.8919
13.922 15.2087 -15.2087
13.923 15.5136 -15.5136
13.924 15.8063 -15.8063
13.925 16.0867 -16.0867
13.926 16.3547 -16.3547
13.927 16.6101 -16.6101
13.928 16.8528 -16.8528
13.929 17.0829 -17.0829
13.93 17.3004 -17.3004
13.931 17.5052 -17.5052
13.932 17.6974 -17.6974
13.933 17.8771 -17.8771
13.934 18.0445 -18.0445
13.935 18.1996 -18.1996
13.936 18.3427 -18.3427
13.937 18.4738 -18.4738
13.938 18.5932 -18.5932
13.939 18.7011 -18.7011
13.94 18.7976 -18.7976
13.941 18.8831 -18.8831
13.942 18.9577 -18.9577
13.943 19.0216 -19.0216
13.944 19.0752 -19.0752
13.945 19.1185 -19.1185
13.946 19.152 -19.152
13.947 19.1758 -19.1758
13.948 19.1901 -19.1901
13.949 19.1952 -19.1952
13.95 19.1914 -19.1914
13.951 19.1788 -19.1788
13.952 19.1577 -19.1577
13.953 19.1284 -19.1284
13.954 19.091 -19.091
13.955 19.0458 -19.0458
13.956 18.993 -18.993
13.957 18.9329 -18.9329
13.958 18.8655 -18.8655
13.959 18.7912 -18.7912
13.96 18.71 -18.71
13.961 18.6223 -18.6223
13.962 18.528 -18.528
13.963 18.4275 -18.4275
13.964 18.3209 -18.3209
13.965 18.2083 -18.2083
13.966 18.0898 -18.0898
13.967 17.9656 -17.9656
13.968 17.8359 -17.8359
13.969 17.7007 -17.7007
13.97 17.5601 -17.5601
13.971 17.4143 -17.4143
13.972 17.2633 -17.2633
13.973 17.1072 -17.1072
13.974 16.9461 -16.9461
13.975 16.7801 -16.7801
13.976 16.6091 -16.6091
13.977 16.4332 -16.4332
13.978 16.2525 -16.2525
13.979 16.067 -16.067
13.98 15.8768 -15.8768
13.981 15.6819 -15.6819
13.982 15.4822 -15.4822
13.983 15.2778 -15.2778
13.984 15.0687 -15.0687
13.985 14.855 -14.855
13.986 14.6364 -14.6364
13.987 14.4132 -14.4132
13.988 14.1852 -14.1852
13.989 13.9525 -13.9525
13.99 13.7149 -13.7149
13.991 13.4726 -13.4726
13.992 13.2253 -13.2253
13.993 12.9731 -12.9731
13.994 12.716 -12.716
13.995 12.4537 -12.4537
13.996 12.1862 -12.1862
13.997 11.9136 -11.9136
13.998 11.6356 -11.6356
13.999 11.3522 -11.3522
14 11.0633 -11.0633
14.001 10.7689 -10.7689
14.002 10.4688 -10.4688
14.003 10.1629 -10.1629
14.004 9.8511 -9.8511
14.005 9.53326 -9.53326
14.006 9.20927 -9.20927
14.007 8.87901 -8.87901
14.008 8.54235 -8.54235
14.009 8.19917 -8.19917
14.01 7.84935 -7.84935
14.011 7.49276 -7.49276
14.012 7.12926 -7.12926
14.013 6.75874 -6.75874
14.014 6.38106 -6.38106
14.015 5.99608 -5.99608
14.016 5.60369 -5.60369
14.017 5.20376 -5.20376
14.018 4.79618 -4.79618
14.019 4.38083 -4.38083
14.02 3.9576 -3.9576
14.021 3.5264 -3.5264
14.022 3.08715 -3.08715
14.023 2.63979 -2.63979
14.024 2.18426 -2.18426
14.025 1.72052 -1.72052
14.026 1.24855 -1.24855
14.027 0.768352 -0.768352
14.028 0.279955 -0.279955
14.029 -0.216588 0.216588
14.03 -0.721186 0.721186
14.031 -1.2337 1.2337
14.032 -1.75395 1.75395
14.033 -2.28171 2.28171
14.034 -2.81672 2.81672
14.035 -3.35867 3.35867
14.036 -3.9072 3.9072
14.037 -4.46194 4.46194
14.038 -5.02243 5.02243
14.039 -5.5882 5.5882
14.04 -6.15872 6.15872
14.041 -6.73341 6.73341
14.042 -7.31166 7.31166
14.043 -7.89279 7.89279
14.044 -8.4761 8.4761
14.045 -9.06084 9.06084
14.046 -9.64623 9.64623
14.047 -10.2315 10.2315
14.048 -10.8157 10.8157
14.049 -11.398 11.398
14.05 -11.9776 11.9776
14.051 -12.5536 12.5536
14.052 -13.125 13.125
14.053 -13.691 13.691
14.054 -14.2507 14.2507
14.055 -14.8031 14.8031
14.056 -15.3476 15.3476
14.057 -15.8831 15.8831
14.058 -16.409 16.409
14.059 -16.9245 16.9245
14.06 -17.4289 17.4289
14.061 -17.9216 17.9216
14.062 -18.402 18.402
14.063 -18.8696 18.8696
14.064 -19.324 19.324
14.065 -19.7646 19.7646
14.066 -20.1913 20.1913
14.067 -20.6038 20.6038
14.068 -21.0019 21.0019
14.069 -21.3854 21.3854
14.07 -21.7543 21.7543
14.071 -22.1086 22.1086
14.072 -22.4485 22.4485
14.073 -22.7739 22.7739
14.074 -23.085 23.085
14.075 -23.3822 23.3822
14.076 -23.6655 23.6655
14.077 -23.9354 23.9354
14.078 -24.1921 24.1921
14.079 -24.436 24.436
14.08 -24.6674 24.6674
14.081 -24.8868 24.8868
14.082 -25.0944 25.0944
14.083 -25.2908 25.2908
14.084 -25.4763 25.4763
14.085 -25.6515 25.6515
14.086 -25.8142 25.8142
14.087 -25.9698 25.9698
14.088 -26.1163 26.1163
14.089 -26.2541 26.2541
14.09 -26.3838 26.3838
14.091 -26.5057 26.5057
14.092 -26.6203 26.6203
14.093 -26.728 26.728
14.094 -26.8292 26.8292
14.095 -26.9242 26.9242
14.096 -27.0134 27.0134
14.097 -27.0972 27.0972
14.098 -27.176 27.176
14.099 -27.2499 27.2499
14.1 -27.3193 27.3193
14.101 -27.3846 27.3846
14.102 -27.4459 27.4459
14.103 -27.5035 27.5035
14.104 -27.5577 27.5577
14.105 -27.6086 27.6086
14.106 -27.6565 27.6565
14.107 -27.7015 27.7015
14.108 -27.7439 27.7439
14.109 -27.7837 27.7837
14.11 -27.8213 27.8213
14.111 -27.8566 27.8566
14.112 -27.89 27.89
14.113 -27.9213 27.9213
14.114 -27.9509 27.9509
14.115 -27.9787 27.9787
14.116 -28.0049 28.0049
14.117 -28.0296 28.0296
14.118 -28.0527 28.0527
14.119 -28.0746 28.0746
14.12 -28.0951 28.0951
14.121 -28.1143 28.1143
14.122 -28.1324 28.1324
14.123 -28.1493 28.1493
14.124 -28.165 28.165
14.125 -28.1796 28.1796
14.126 -28.193 28.193
14.127 -28.2054 28.2054
14.128 -28.2167 28.2167
14.129 -28.227 28.227
14.13 -28.2362 28.2362
14.131 -28.2444 28.2444
14.132 -28.2516 28.2516
14.133 -28.2578 28.2578
14.134 -28.2629 28.2629
14.135 -28.267 28.267
14.136 -28.2701 28.2701
14.137 -28.2721 28.2721
14.138 -28.2731 28.2731
14.139 -28.2731 28.2731
14.14 -28.272 28.272
14.141 -28.2699 28.2699
14.142 -28.2668 28.2668
14.143 -28.2626 28.2626
14.144 -28.2575 28.2575
14.145 -28.2513 28.2513
14.146 -28.2441 28.2441
14.147 -28.2358 28.2358
14.148 -28.2266 28.2266
14.149 -28.2164 28.2164
14.15 -28.2052 28.2052
14.151 -28.193 28.193
14.152 -28.1798 28.1798
14.153 -28.1656 28.1656
14.154 -28.1504 28.1504
14.155 -28.1342 28.1342
14.156 -28.117 28.117
14.157 -28.0988 28.0988
14.158 -28.0796 28.0796
14.159 -28.0595 28.0595
14.16 -28.0383 28.0383
14.161 -28.0161 28.0161
14.162 -27.993 27.993
14.163 -27.9689 27.9689
14.164 -27.9437 27.9437
14.165 -27.9176 27.9176
14.166 -27.8906 27.8906
14.167 -27.8625 27.8625
14.168 -27.8335 27.8335
14.169 -27.8035 27.8035
14.17 -27.7725 27.7725
14.171 -27.7406 27.7406
14.172 -27.7077 27.7077
14.173 -27.6738 27.6738
14.174 -27.6389 27.6389
14.175 -27.603 27.603
14.176 -27.5661 27.5661
14.177 -27.5282 27.5282
14.178 -27.4892 27.4892
14.179 -27.4492 27.4492
14.18 -27.4081 27.4081
14.181 -27.366 27.366
14.182 -27.3228 27.3228
14.183 -27.2785 27.2785
14.184 -27.2331 27.2331
14.185 -27.1867 27.1867
14.186 -27.1391 27.1391
14.187 -27.0904 27.0904
14.188 -27.0406 27.0406
14.189 -26.9896 26.9896
14.19 -26.9375 26.9375
14.191 -26.8842 26.8842
14.192 -26.8297 26.8297
14.193 -26.774 26.774
14.194 -26.7171 26.7171
14.195 -26.6589 26.6589
14.196 -26.5994 26.5994
14.197 -26.5386 26.5386
14.198 -26.4764 26.4764
14.199 -26.4129 26.4129
14.2 -26.3479 26.3479
14.201 -26.2816 26.2816
14.202 -26.2138 26.2138
14.203 -26.1444 26.1444
14.204 -26.0735 26.0735
14.205 -26.0008 26.0008
14.206 -25.9265 25.9265
14.207 -25.8505 25.8505
14.208 -25.7726 25.7726
14.209 -25.693 25.693
14.21 -25.6112 25.6112
14.211 -25.5275 25.5275
14.212 -25.4417 25.4417
14.213 -25.3537 25.3537
14.214 -25.2636 25.2636
14.215 -25.1712 25.1712
14.216 -25.0764 25.0764
14.217 -24.9788 24.9788
14.218 -24.879 24.879
14.219 -24.7766 24.7766
14.22 -24.6715 24.6715
14.221 -24.5637 24.5637
14.222 -24.4531 24.4531
14.223 -24.3395 24.3395
14.224 -24.2229 24.2229
14.225 -24.1032 24.1032
14.226 -23.9804 23.9804
14.227 -23.8543 23.8543
14.228 -23.7248 23.7248
14.229 -23.5919 23.5919
14.23 -23.4555 23.4555
14.231 -23.3155 23.3155
14.232 -23.1719 23.1719
14.233 -23.0245 23.0245
14.234 -22.8732 22.8732
14.235 -22.718 22.718
14.236 -22.5587 22.5587
14.237 -22.3954 22.3954
14.238 -22.2278 22.2278
14.239 -22.0558 22.0558
14.24 -21.8795 21.8795
14.241 -21.6987 21.6987
14.242 -21.5132 21.5132
14.243 -21.3231 21.3231
14.244 -21.1282 21.1282
14.245 -20.9285 20.9285
14.246 -20.7239 20.7239
14.247 -20.5142 20.5142
14.248 -20.2993 20.2993
14.249 -20.0792 20.0793
14.25 -19.8538 19.8538
14.251 -19.6229 19.6229
14.252 -19.3865 19.3865
14.253 -19.1446 19.1446
14.254 -18.8965 18.8965
14.255 -18.6419 18.6419
14.256 -18.3814 18.3814
14.257 -18.1147 18.1147
14.258 -17.8418 17.8418
14.259 -17.5626 17.5626
14.26 -17.2768 17.2768
14.261 -16.9845 16.9845
14.262 -16.6854 16.6854
14.263 -16.3795 16.3795
14.264 -16.0667 16.0667
14.265 -15.7468 15.7468
14.266 -15.4198 15.4198
14.267 -15.0854 15.0854
14.268 -14.7437 14.7437
14.269 -14.3943 14.3943
14.27 -14.0373 14.0373
14.271 -13.6723 13.6723
14.272 -13.2994 13.2994
14.273 -12.9183 12.9183
14.274 -12.5289 12.5289
14.275 -12.1311 12.1311
14.276 -11.7246 11.7246
14.277 -11.3094 11.3094
14.278 -10.8853 10.8853
14.279 -10.452 10.452
14.28 -10.0095 10.0095
14.281 -9.55743 9.55743
14.282 -9.09579 9.09579
14.283 -8.62437 8.62437
14.284 -8.14304 8.14304
14.285 -7.65164 7.65164
14.286 -7.15002 7.15002
14.287 -6.63805 6.63805
14.288 -6.11559 6.11559
14.289 -5.58251 5.58251
14.29 -5.03868 5.03868
14.291 -4.48402 4.48402
14.292 -3.91846 3.91846
14.293 -3.34194 3.34194
14.294 -2.75447 2.75447
14.295 -2.15604 2.15604
14.296 -1.54671 1.54671
14.297 -0.926575 0.926575
14.298 -0.295767 0.295767
14.299 0.345509 -0.345509
14.3 0.99697 -0.99697
14.301 1.65825 -1.65825
14.302 2.32892 -2.32892
14.303 3.00845 -3.00845
14.304 3.69625 -3.69625
14.305 4.39165 -4.39165
14.306 5.09389 -5.09389
14.307 5.80212 -5.80212
14.308 6.51543 -6.51543
14.309 7.23282 -7.23282
14.31 7.9532 -7.9532
14.311 8.67543 -8.67543
14.312 9.39831 -9.39831
14.313 10.1206 -10.1206
14.314 10.8409 -10.8409
14.315 11.558 -11.558
14.316 12.2705 -12.2705
14.317 12.9769 -12.9769
14.318 13.6758 -13.6758
14.319 14.366 -14.366
14.32 15.0458 -15.0458
14.321 15.7142 -15.7142
14.322 16.3697 -16.3697
14.323 17.0112 -17.0112
14.324 17.6376 -17.6376
14.325 18.2479 -18.2479
14.326 18.841 -18.841
14.327 19.4163 -19.4163
14.328 19.973 -19.973
14.329 20.5104 -20.5104
14.33 21.028 -21.028
14.331 21.5256 -21.5256
14.332 22.0029 -22.0029
14.333 22.4597 -22.4597
14.334 22.896 -22.896
14.335 23.312 -23.312
14.336 23.7078 -23.7078
14.337 24.0837 -24.0837
14.338 24.44 -24.44
14.339 24.7771 -24.7771
14.34 25.0955 -25.0955
14.341 25.3957 -25.3957
14.342 25.6783 -25.6783
14.343 25.9439 -25.9439
14.344 26.193 -26.193
14.345 26.4264 -26.4264
14.346 26.6448 -26.6448
14.347 26.8486 -26.8486
14.348 27.0387 -27.0387
14.349 27.2156 -27.2156
14.35 27.38 -27.38
14.351 27.5325 -27.5325
14.352 27.6738 -27.6738
14.353 27.8044 -27.8044
14.354 27.9249 -27.9249
14.355 28.0358 -28.0358
14.356 28.1377 -28.1377
14.357 28.231 -28.231
14.358 28.3162 -28.3162
14.359 28.3939 -28.3939
14.36 28.4644 -28.4644
14.361 28.5281 -28.5281
14.362 28.5854 -28.5854
14.363 28.6366 -28.6366
14.364 28.6821 -28.6821
14.365 28.7222 -28.7222
14.366 28.7571 -28.7571
14.367 28.7871 -28.7871
14.368 28.8125 -28.8125
14.369 28.8334 -28.8334
14.37 28.8502 -28.8502
14.371 28.8631 -28.8631
14.372 28.8721 -28.8721
14.373 28.8774 -28.8774
14.374 28.8792 -28.8792
14.375 28.8777 -28.8777
14.376 28.8729 -28.8729
14.377 28.8649 -28.8649
14.378 28.8539 -28.8539
14.379 28.84 -28.84
14.38 28.8233 -28.8233
14.381 28.8038 -28.8038
14.382 28.7816 -28.7816
14.383 28.7568 -28.7568
14.384 28.7294 -28.7294
14.385 28.6995 -28.6995
14.386 28.6671 -28.6671
14.387 28.6323 -28.6323
14.388 28.5951 -28.5951
14.389 28.5555 -28.5555
14.39 28.5136 -28.5136
14.391 28.4694 -28.4694
14.392 28.423 -28.423
14.393 28.3743 -28.3743
14.394 28.3234 -28.3234
14.395 28.2704 -28.2704
14.396 28.2151 -28.2151
14.397 28.1577 -28.1577
14.398 28.0981 -28.0981
14.399 28.0364 -28.0364
14.4 27.9727 -27.9727
14.401 27.9068 -27.9068
14.402 27.8388 -27.8388
14.403 27.7688 -27.7688
14.404 27.6968 -27.6968
14.405 27.6227 -27.6227
14.406 27.5466 -27.5466
14.407 27.4686 -27.4686
14.408 27.3886 -27.3886
14.409 27.3066 -27.3066
14.41 27.2227 -27.2227
14.411 27.1369 -27.1369
14.412 27.0491 -27.0491
14.413 26.9595 -26.9595
14.414 26.8679 -26.8679
14.415 26.7744 -26.7744
14.416 26.6791 -26.6791
14.417 26.5819 -26.5819
14.418 26.4828 -26.4828
14.419 26.3818 -26.3818
14.42 26.279 -26.279
14.421 26.1743 -26.1743
14.422 26.0678 -26.0678
14.423 25.9595 -25.9595
14.424 25.8494 -25.8494
14.425 25.7374 -25.7374
14.426 25.6238 -25.6238
14.427 25.5083 -25.5083
14.428 25.3911 -25.3911
14.429 25.2722 -25.2722
14.43 25.1516 -25.1516
14.431 25.0292 -25.0292
14.432 24.9052 -24.9052
14.433 24.7794 -24.7794
14.434 24.652 -24.652
14.435 24.5228 -24.5228
14.436 24.392 -24.392
14.437 24.2595 -24.2595
14.438 24.1254 -24.1254
14.439 23.9895 -23.9895
14.44 23.852 -23.852
14.441 23.7128 -23.7128
14.442 23.572 -23.572
14.443 23.4295 -23.4295
14.444 23.2854 -23.2854
14.445 23.1396 -23.1396
14.446 22.9922 -22.9922
14.447 22.8432 -22.8432
14.448 22.6925 -22.6925
14.449 22.5403 -22.5403
14.45 22.3864 -22.3864
14.451 22.2309 -22.2309
14.452 22.0738 -22.0738
14.453 21.915 -21.915
14.454 21.7546 -21.7546
14.455 21.5926 -21.5926
14.456 21.4289 -21.4289
14.457 21.2635 -21.2635
14.458 21.0965 -21.0965
14.459 20.9278 -20.9278
14.46 20.7574 -20.7574
14.461 20.5853 -20.5853
14.462 20.4115 -20.4115
14.463 20.2359 -20.2359
14.464 20.0586 -20.0586
14.465 19.8794 -19.8794
14.466 19.6984 -19.6984
14.467 19.5156 -19.5156
14.468 19.3309 -19.3309
14.469 19.1442 -19.1442
14.47 18.9557 -18.9557
14.471 18.7652 -18.7652
14.472 18.5727 -18.5727
14.473 18.3781 -18.3781
14.474 18.1816 -18.1816
14.475 17.9829 -17.9829
14.476 17.7822 -17.7822
14.477 17.5793 -17.5793
14.478 17.3741 -17.3741
14.479 17.1666 -17.1666
14.48 16.9568 -16.9568
14.481 16.7448 -16.7448
14.482 16.5304 -16.5304
14.483 16.3137 -16.3137
14.484 16.0946 -16.0946
14.485 15.8731 -15.8731
14.486 15.6491 -15.6491
14.487 15.4226 -15.4226
14.488 15.1936 -15.1936
14.489 14.9621 -14.9621
14.49 14.728 -14.728
14.491 14.4913 -14.4913
14.492 14.2519 -14.2519
14.493 14.0098 -14.0098
14.494 13.7651 -13.7651
14.495 13.5176 -13.5176
14.496 13.2673 -13.2673
14.497 13.0143 -13.0143
14.498 12.7584 -12.7584
14.499 12.4996 -12.4996
14.5 12.2379 -12.2379
14.501 11.9733 -11.9733
14.502 11.7058 -11.7058
14.503 11.4352 -11.4352
14.504 11.1617 -11.1617
14.505 10.8851 -10.8851
14.506 10.6055 -10.6055
14.507 10.3229 -10.3229
14.508 10.0371 -10.0371
14.509 9.74824 -9.74824
14.51 9.45625 -9.45625
14.511 9.16111 -9.16111
14.512 8.86282 -8.86282
14.513 8.56136 -8.56136
14.514 8.25673 -8.25673
14.515 7.94893 -7.94893
14.516 7.63796 -7.63796
14.517 7.32381 -7.32381
14.518 7.00649 -7.00649
14.519 6.68601 -6.68601
14.52 6.36236 -6.36236
14.521 6.03557 -6.03557
14.522 5.70566 -5.70566
14.523 5.37264 -5.37264
14.524 5.03656 -5.03656
14.525 4.69746 -4.69746
14.526 4.35536 -4.35536
14.527 4.01033 -4.01033
14.528 3.66241 -3.66241
14.529 3.31167 -3.31167
14.53 2.95817 -2.95817
14.531 2.602 -2.602
14.532 2.24326 -2.24326
14.533 1.88206 -1.88206
14.534 1.51854 -1.51854
14.535 1.15283 -1.15283
14.536 0.785075 -0.785075
14.537 0.41544 -0.41544
14.538 0.0440972 -0.0440972
14.539 -0.328765 0.328765
14.54 -0.702942 0.702942
14.541 -1.07821 1.07821
14.542 -1.45432 1.45432
14.543 -1.83103 1.83103
14.544 -2.20806 2.20806
14.545 -2.58513 2.58513
14.546 -2.96194 2.96194
14.547 -3.3382 3.3382
14.548 -3.71359 3.71359
14.549 -4.08778 4.08778
14.55 -4.46044 4.46044
14.551 -4.83124 4.83124
14.552 -5.1998 5.1998
14.553 -5.56574 5.56574
14.554 -5.92869 5.92869
14.555 -6.28826 6.28826
14.556 -6.64406 6.64406
14.557 -6.99572 6.99572
14.558 -7.34285 7.34285
14.559 -7.68507 7.68507
14.56 -8.022 8.022
14.561 -8.35328 8.35328
14.562 -8.67856 8.67856
14.563 -8.99748 8.99748
14.564 -9.30972 9.30972
14.565 -9.61494 9.61494
14.566 -9.91284 9.91284
14.567 -10.2031 10.2031
14.568 -10.4855 10.4855
14.569 -10.7597 10.7597
14.57 -11.0255 11.0255
14.571 -11.2827 11.2827
14.572 -11.531 11.531
14.573 -11.7703 11.7703
14.574 -12.0005 12.0005
14.575 -12.2213 12.2213
14.576 -12.4328 12.4328
14.577 -12.6347 12.6347
14.578 -12.827 12.827
14.579 -13.0097 13.0097
14.58 -13.1827 13.1827
14.581 -13.3459 13.3459
14.582 -13.4994 13.4994
14.583 -13.6433 13.6433
14.584 -13.7774 13.7774
14.585 -13.902 13.902
14.586 -14.017 14.017
14.587 -14.1225 14.1225
14.588 -14.2186 14.2186
14.589 -14.3055 14.3055
14.59 -14.3831 14.3831
14.591 -14.4517 14.4517
14.592 -14.5113 14.5113
14.593 -14.5621 14.5621
14.594 -14.6042 14.6042
14.595 -14.6377 14.6377
14.596 -14.6629 14.6629
14.597 -14.6797 14.6797
14.598 -14.6884 14.6884
14.599 -14.6892 14.6892
14.6 -14.6821 14.6821
14.601 -14.6673 14.6673
14.602 -14.645 14.645
14.603 -14.6154 14.6154
14.604 -14.5785 14.5785
14.605 -14.5346 14.5346
14.606 -14.4838 14.4838
14.607 -14.4262 14.4262
14.608 -14.362 14.362
14.609 -14.2914 14.2914
14.61 -14.2145 14.2145
14.611 -14.1314 14.1314
14.612 -14.0422 14.0422
14.613 -13.9471 13.9471
14.614 -13.8462 13.8462
14.615 -13.7396 13.7396
14.616 -13.6273 13.6273
14.617 -13.5096 13.5096
14.618 -13.3865 13.3865
14.619 -13.2581 13.2581
14.62 -13.1245 13.1245
14.621 -12.9858 12.9858
14.622 -12.8419 12.8419
14.623 -12.6931 12.6931
14.624 -12.5393 12.5393
14.625 -12.3806 12.3806
14.626 -12.217 12.217
14.627 -12.0485 12.0485
14.628 -11.8752 11.8752
14.629 -11.6971 11.6971
14.63 -11.5142 11.5142
14.631 -11.3266 11.3266
14.632 -11.1342 11.1342
14.633 -10.9371 10.9371
14.634 -10.7351 10.7351
14.635 -10.5285 10.5285
14.636 -10.317 10.317
14.637 -10.1007 10.1007
14.638 -9.87953 9.87953
14.639 -9.65355 9.65355
14.64 -9.4227 9.4227
14.641 -9.18696 9.18696
14.642 -8.94628 8.94628
14.643 -8.70065 8.70065
14.644 -8.45002 8.45002
14.645 -8.19435 8.19435
14.646 -7.93362 7.93362
14.647 -7.66777 7.66777
14.648 -7.39678 7.39678
14.649 -7.12059 7.12059
14.65 -6.83917 6.83917
14.651 -6.55249 6.55249
14.652 -6.26051 6.26051
14.653 -5.96321 5.96321
14.654 -5.66059 5.66059
14.655 -5.3526 5.3526
14.656 -5.03925 5.03925
14.657 -4.72051 4.72051
14.658 -4.39637 4.39637
14.659 -4.06682 4.06682
14.66 -3.73186 3.73186
14.661 -3.39149 3.39149
14.662 -3.04573 3.04573
14.663 -2.69461 2.69461
14.664 -2.33816 2.33816
14.665 -1.97642 1.97642
14.666 -1.60944 1.60944
14.667 -1.23729 1.23729
14.668 -0.860042 0.860042
14.669 -0.47778 0.47778
14.67 -0.0906029 0.0906029
14.671 0.301365 -0.301365
14.672 0.697967 -0.697967
14.673 1.09902 -1.09902
14.674 1.50432 -1.50431
14.675 1.91364 -1.91364
14.676 2.32674 -2.32674
14.677 2.74337 -2.74337
14.678 3.16324 -3.16324
14.679 3.58605 -3.58605
14.68 4.01149 -4.01149
14.681 4.43921 -4.43921
14.682 4.86885 -4.86885
14.683 5.30002 -5.30002
14.684 5.73231 -5.73231
14.685 6.16529 -6.16529
14.686 6.59853 -6.59853
14.687 7.03158 -7.03158
14.688 7.46398 -7.46398
14.689 7.89524 -7.89524
14.69 8.32488 -8.32488
14.691 8.75241 -8.75241
14.692 9.17732 -9.17732
14.693 9.5991 -9.5991
14.694 10.0173 -10.0173
14.695 10.4313 -10.4313
14.696 10.8406 -10.8406
14.697 11.2448 -11.2448
14.698 11.6434 -11.6434
14.699 12.0359 -12.0359
14.7 12.4219 -12.4219
14.701 12.8008 -12.8008
14.702 13.1723 -13.1723
14.703 13.536 -13.536
14.704 13.8916 -13.8916
14.705 14.2385 -14.2385
14.706 14.5767 -14.5767
14.707 14.9057 -14.9057
14.708 15.2253 -15.2253
14.709 15.5353 -15.5353
14.71 15.8354 -15.8354
14.711 16.1255 -16.1255
14.712 16.4054 -16.4054
14.713 16.6751 -16.6751
14.714 16.9345 -16.9345
14.715 17.1835 -17.1835
14.716 17.4222 -17.4222
14.717 17.6505 -17.6505
14.718 17.8685 -17.8685
14.719 18.0763 -18.0763
14.72 18.2739 -18.2739
14.721 18.4614 -18.4614
14.722 18.639 -18.639
14.723 18.8067 -18.8067
14.724 18.9649 -18.9649
14.725 19.1136 -19.1136
14.726 19.253 -19.253
14.727 19.3834 -19.3834
14.728 19.5049 -19.5049
14.729 19.6177 -19.6177
14.73 19.7221 -19.7221
14.731 19.8183 -19.8183
14.732 19.9065 -19.9065
14.733 19.987 -19.987
14.734 20.0599 -20.0599
14.735 20.1256 -20.1256
14.736 20.1842 -20.1842
14.737 20.236 -20.236
14.738 20.2811 -20.2811
14.739 20.32 -20.32
14.74 20.3526 -20.3526
14.741 20.3794 -20.3794
14.742 20.4004 -20.4004
14.743 20.4159 -20.4159
14.744 20.4261 -20.4261
14.745 20.4313 -20.4313
14.746 20.4315 -20.4315
14.747 20.427 -20.427
14.748 20.418 -20.418
14.749 20.4047 -20.4047
14.75 20.3873 -20.3873
14.751 20.3658 -20.3658
14.752 20.3405 -20.3405
14.753 20.3114 -20.3114
14.754 20.2789 -20.2789
14.755 20.2429 -20.2429
14.756 20.2036 -20.2036
14.757 20.1612 -20.1612
14.758 20.1158 -20.1158
14.759 20.0674 -20.0674
14.76 20.0162 -20.0162
14.761 19.9623 -19.9623
14.762 19.9059 -19.9059
14.763 19.847 -19.847
14.764 19.7857 -19.7857
14.765 19.7221 -19.7221
14.766 19.6564 -19.6564
14.767 19.5885 -19.5885
14.768 19.5187 -19.5187
14.769 19.447 -19.447
14.77 19.3735 -19.3735
14.771 19.2981 -19.2981
14.772 19.2212 -19.2212
14.773 19.1426 -19.1426
14.774 19.0625 -19.0625
14.775 18.9809 -18.9809
14.776 18.898 -18.898
14.777 18.8137 -18.8137
14.778 18.7281 -18.7281
14.779 18.6413 -18.6413
14.78 18.5534 -18.5534
14.781 18.4643 -18.4643
14.782 18.3742 -18.3742
14.783 18.2831 -18.2831
14.784 18.1909 -18.1909
14.785 18.0978 -18.0978
14.786 18.0038 -18.0038
14.787 17.9089 -17.9089
14.788 17.813 -17.813
14.789 17.7164 -17.7164
14.79 17.6189 -17.6189
14.791 17.5207 -17.5207
14.792 17.4217 -17.4217
14.793 17.322 -17.322
14.794 17.2215 -17.2215
14.795 17.1204 -17.1204
14.796 17.0187 -17.0187
14.797 16.9163 -16.9163
14.798 16.8133 -16.8133
14.799 16.7098 -16.7098
14.8 16.6057 -16.6057
14.801 16.5011 -16.5011
14.802 16.396 -16.396
14.803 16.2903 -16.2903
14.804 16.1842 -16.1842
14.805 16.0777 -16.0777
14.806 15.9707 -15.9707
14.807 15.8632 -15.8632
14.808 15.7554 -15.7554
14.809 15.6471 -15.6471
14.81 15.5384 -15.5384
14.811 15.4294 -15.4294
14.812 15.3201 -15.3201
14.813 15.2104 -15.2104
14.814 15.1005 -15.1005
14.815 14.9902 -14.9902
14.816 14.8797 -14.8797
14.817 14.769 -14.769
14.818 14.6581 -14.6581
14.819 14.5471 -14.5471
14.82 14.4359 -14.4359
14.821 14.3246 -14.3246
14.822 14.2131 -14.2131
14.823 14.1016 -14.1016
14.824 13.99 -13.99
14.825 13.8784 -13.8784
14.826 13.7668 -13.7668
14.827 13.6552 -13.6552
14.828 13.5436 -13.5436
14.829 13.4322 -13.4322
14.83 13.3208 -13.3208
14.831 13.2096 -13.2096
14.832 13.0986 -13.0986
14.833 12.9877 -12.9877
14.834 12.8771 -12.8771
14.835 12.7668 -12.7668
14.836 12.6568 -12.6568
14.837 12.5471 -12.5471
14.838 12.4378 -12.4378
14.839 12.3289 -12.3289
14.84 12.2205 -12.2205
14.841 12.1126 -12.1126
14.842 12.0052 -12.0052
14.843 11.8984 -11.8984
14.844 11.7921 -11.7921
14.845 11.6865 -11.6865
14.846 11.5814 -11.5814
14.847 11.4771 -11.4771
14.848 11.3734 -11.3734
14.849 11.2705 -11.2705
14.85 11.1684 -11.1684
14.851 11.067 -11.067
14.852 10.9664 -10.9664
14.853 10.8667 -10.8667
14.854 10.7677 -10.7677
14.855 10.6697 -10.6697
14.856 10.5725 -10.5725
14.857 10.4761 -10.4761
14.858 10.3807 -10.3807
14.859 10.2862 -10.2862
14.86 10.1926 -10.1926
14.861 10.1 -10.1
14.862 10.0083 -10.0083
14.863 9.91748 -9.91748
14.864 9.82754 -9.82754
14.865 9.73846 -9.73846
14.866 9.6502 -9.6502
14.867 9.56276 -9.56276
14.868 9.4761 -9.4761
14.869 9.39021 -9.39021
14.87 9.30507 -9.30507
14.871 9.22065 -9.22065
14.872 9.13688 -9.13688
14.873 9.0537 -9.0537
14.874 8.97105 -8.97105
14.875 8.88884 -8.88884
14.876 8.80702 -8.80702
14.877 8.72552 -8.72552
14.878 8.64427 -8.64427
14.879 8.56321 -8.56321
14.88 8.48228 -8.48228
14.881 8.4014 -8.4014
14.882 8.32047 -8.32047
14.883 8.23938 -8.23938
14.884 8.15801 -8.15801
14.885 8.07626 -8.07626
14.886 7.99403 -7.99403
14.887 7.91119 -7.91119
14.888 7.82764 -7.82764
14.889 7.74328 -7.74328
14.89 7.658 -7.658
14.891 7.57169 -7.57169
14.892 7.48425 -7.48425
14.893 7.39554 -7.39554
14.894 7.30545 -7.30545
14.895 7.21387 -7.21387
14.896 7.12068 -7.12068
14.897 7.02576 -7.02576
14.898 6.92901 -6.92901
14.899 6.8303 -6.8303
14.9 6.72953 -6.72953
14.901 6.62659 -6.62659
14.902 6.52137 -6.52137
14.903 6.41378 -6.41378
14.904 6.30371 -6.30371
14.905 6.19106 -6.19106
14.906 6.07574 -6.07574
14.907 5.95765 -5.95765
14.908 5.8367 -5.8367
14.909 5.71279 -5.71279
14.91 5.58582 -5.58582
14.911 5.45571 -5.45571
14.912 5.3224 -5.3224
14.913 5.18584 -5.18584
14.914 5.04599 -5.04599
14.915 4.90278 -4.90278
14.916 4.75618 -4.75618
14.917 4.60614 -4.60614
14.918 4.45261 -4.45261
14.919 4.29554 -4.29554
14.92 4.1349 -4.1349
14.921 3.97064 -3.97064
14.922 3.80274 -3.80274
14.923 3.63119 -3.63119
14.924 3.45596 -3.45596
14.925 3.27705 -3.27705
14.926 3.09444 -3.09444
14.927 2.90812 -2.90812
14.928 2.71807 -2.71807
14.929 2.52429 -2.52429
14.93 2.32678 -2.32678
14.931 2.12552 -2.12552
14.932 1.92055 -1.92055
14.933 1.71187 -1.71187
14.934 1.49953 -1.49953
14.935 1.28355 -1.28355
14.936 1.06396 -1.06396
14.937 0.840793 -0.840793
14.938 0.614093 -0.614093
14.939 0.383899 -0.383899
14.94 0.150258 -0.150258
14.941 -0.0867797 0.0867797
14.942 -0.327157 0.327157
14.943 -0.570812 0.570812
14.944 -0.817674 0.817674
14.945 -1.06767 1.06767
14.946 -1.32072 1.32072
14.947 -1.57674 1.57674
14.948 -1.83564 1.83564
14.949 -2.09732 2.09732
14.95 -2.36168 2.36168
14.951 -2.62861 2.62861
14.952 -2.89798 2.89798
14.953 -3.16967 3.16967
14.954 -3.44353 3.44353
14.955 -3.71944 3.71944
14.956 -3.99722 3.99722
14.957 -4.27674 4.27674
14.958 -4.55783 4.55783
14.959 -4.84031 4.84031
14.96 -5.12403 5.12403
14.961 -5.4088 5.4088
14.962 -5.69445 5.69445
14.963 -5.98081 5.98081
14.964 -6.2677 6.2677
14.965 -6.55495 6.55495
14.966 -6.84236 6.84236
14.967 -7.12974 7.12974
14.968 -7.4169 7.4169
14.969 -7.70365 7.70365
14.97 -7.98977 7.98977
14.971 -8.27508 8.27508
14.972 -8.55938 8.55938
14.973 -8.84249 8.84249
14.974 -9.12422 9.12422
14.975 -9.40438 9.40438
14.976 -9.68278 9.68278
14.977 -9.95923 9.95923
14.978 -10.2336 10.2336
14.979 -10.5056 10.5056
14.98 -10.7751 10.7751
14.981 -11.0419 11.0419
14.982 -11.3059 11.3059
14.983 -11.5668 11.5668
14.984 -11.8246 11.8246
14.985 -12.079 12.079
14.986 -12.3298 12.3298
14.987 -12.577 12.577
14.988 -12.8203 12.8203
14.989 -13.0596 13.0596
14.99 -13.2949 13.2949
14.991 -13.5259 13.5259
14.992 -13.7526 13.7526
14.993 -13.9748 13.9748
14.994 -14.1924 14.1924
14.995 -14.4053 14.4053
14.996 -14.6134 14.6134
14.997 -14.8167 14.8167
14.998 -15.015 15.015
14.999 -15.2083 15.2083
15 -15.3965 15.3965
15.001 -15.5796 15.5796
15.002 -15.7576 15.7576
15.003 -15.9304 15.9304
15.004 -16.098 16.098
15.005 -16.2603 16.2603
15.006 -16.4174 16.4174
15.007 -16.5693 16.5693
15.008 -16.7159 16.7159
15.009 -16.8573 16.8573
15.01 -16.9936 16.9936
15.011 -17.1247 17.1247
15.012 -17.2506 17.2506
15.013 -17.3715 17.3715
15.014 -17.4873 17.4873
15.015 -17.5981 17.5981
15.016 -17.704 17.704
15.017 -17.8049 17.8049
15.018 -17.9011 17.9011
15.019 -17.9924 17.9924
15.02 -18.0791 18.0791
15.021 -18.1611 18.1611
15.022 -18.2386 18.2386
15.023 -18.3116 18.3116
15.024 -18.3803 18.3803
15.025 -18.4447 18.4447
15.026 -18.5048 18.5048
15.027 -18.5609 18.5609
15.028 -18.6129 18.6129
15.029 -18.6611 18.6611
15.03 -18.7054 18.7054
15.031 -18.7459 18.7459
15.032 -18.7828 18.7828
15.033 -18.8161 18.8161
15.034 -18.8459 18.8459
15.035 -18.8724 18.8724
15.036 -18.8954 18.8954
15.037 -18.9153 18.9153
15.038 -18.9319 18.9319
15.039 -18.9455 18.9455
15.04 -18.956 18.956
15.041 -18.9636 18.9636
15.042 -18.9684 18.9684
15.043 -18.9703 18.9703
15.044 -18.9696 18.9696
15.045 -18.9661 18.9661
15.046 -18.9601 18.9601
15.047 -18.9516 18.9516
15.048 -18.9406 18.9406
15.049 -18.9273 18.9273
15.05 -18.9116 18.9116
15.051 -18.8937 18.8937
15.052 -18.8736 18.8736
15.053 -18.8513 18.8513
15.054 -18.8269 18.8269
15.055 -18.8005 18.8005
15.056 -18.772 18.772
15.057 -18.7416 18.7416
15.058 -18.7093 18.7093
15.059 -18.675 18.675
15.06 -18.639 18.639
15.061 -18.6011 18.6011
15.062 -18.5615 18.5615
15.063 -18.5202 18.5202
15.064 -18.4773 18.4773
15.065 -18.4326 18.4326
15.066 -18.3864 18.3864
15.067 -18.3387 18.3387
15.068 -18.2893 18.2893
15.069 -18.2385 18.2385
15.07 -18.1863 18.1863
15.071 -18.1326 18.1326
15.072 -18.0775 18.0775
15.073 -18.021 18.021
15.074 -17.9632 17.9632
15.075 -17.904 17.904
15.076 -17.8436 17.8436
15.077 -17.782 17.782
15.078 -17.7191 17.7191
15.079 -17.655 17.655
15.08 -17.5897 17.5897
15.081 -17.5233 17.5233
15.082 -17.4557 17.4557
15.083 -17.387 17.387
15.084 -17.3171 17.3171
15.085 -17.2462 17.2462
15.086 -17.1741 17.1741
15.087 -17.1009 17.1009
15.088 -17.0266 17.0266
15.089 -16.9512 16.9512
15.09 -16.8748 16.8748
15.091 -16.7972 16.7972
15.092 -16.7186 16.7186
15.093 -16.6389 16.6389
15.094 -16.5582 16.5582
15.095 -16.4764 16.4764
15.096 -16.3935 16.3935
15.097 -16.3097 16.3097
15.098 -16.2248 16.2248
15.099 -16.1389 16.1389
15.1 -16.0519 16.0519
15.101 -15.964 15.964
15.102 -15.8752 15.8752
15.103 -15.7854 15.7854
15.104 -15.6947 15.6947
15.105 -15.6031 15.6031
15.106 -15.5108 15.5108
15.107 -15.4177 15.4177
15.108 -15.3239 15.3239
15.109 -15.2294 15.2294
15.11 -15.1342 15.1342
15.111 -15.0384 15.0384
15.112 -14.9421 14.9421
15.113 -14.8452 14.8452
15.114 -14.7479 14.7479
15.115 -14.6503 14.6503
15.116 -14.5523 14.5523
15.117 -14.454 14.454
15.118 -14.3556 14.3556
15.119 -14.2569 14.2569
15.12 -14.1582 14.1582
15.121 -14.0594 14.0594
15.122 -13.9607 13.9607
15.123 -13.8621 13.8621
15.124 -13.7636 13.7636
15.125 -13.6654 13.6654
15.126 -13.5675 13.5675
15.127 -13.4701 13.4701
15.128 -13.3731 13.3731
15.129 -13.2766 13.2766
15.13 -13.1808 13.1808
15.131 -13.0857 13.0857
15.132 -12.9914 12.9914
15.133 -12.8979 12.8979
15.134 -12.8053 12.8053
15.135 -12.7137 12.7137
15.136 -12.6231 12.6231
15.137 -12.5337 12.5337
15.138 -12.4454 12.4454
15.139 -12.3584 12.3584
15.14 -12.2727 12.2727
15.141 -12.1884 12.1884
15.142 -12.1056 12.1056
15.143 -12.0242 12.0242
15.144 -11.9444 11.9444
15.145 -11.8662 11.8662
15.146 -11.7897 11.7897
15.147 -11.7149 11.7149
15.148 -11.6419 11.6419
15.149 -11.5708 11.5708
15.15 -11.5015 11.5015
15.151 -11.4342 11.4342
15.152 -11.3689 11.3689
15.153 -11.3056 11.3056
15.154 -11.2445 11.2445
15.155 -11.1855 11.1855
15.156 -11.1288 11.1288
15.157 -11.0743 11.0743
15.158 -11.0221 11.0221
15.159 -10.9723 10.9723
15.16 -10.9249 10.9249
15.161 -10.88 10.88
15.162 -10.8375 10.8375
15.163 -10.7977 10.7977
15.164 -10.7604 10.7604
15.165 -10.7257 10.7257
15.166 -10.6937 10.6937
15.167 -10.6644 10.6644
15.168 -10.6378 10.6378
15.169 -10.6139 10.6139
15.17 -10.5928 10.5928
15.171 -10.5746 10.5746
15.172 -10.5592 10.5592
15.173 -10.5467 10.5467
15.174 -10.537 10.537
15.175 -10.5303 10.5303
15.176 -10.5264 10.5264
15.177 -10.5255 10.5255
15.178 -10.5276 10.5276
15.179 -10.5326 10.5326
15.18 -10.5405 10.5405
15.181 -10.5514 10.5514
15.182 -10.5654 10.5654
15.183 -10.5823 10.5823
15.184 -10.6023 10.6023
15.185 -10.6253 10.6253
15.186 -10.6513 10.6513
15.187 -10.6804 10.6804
15.188 -10.7125 10.7125
15.189 -10.7477 10.7477
15.19 -10.7859 10.7859
15.191 -10.8272 10.8272
15.192 -10.8715 10.8715
15.193 -10.9189 10.9189
15.194 -10.9693 10.9693
15.195 -11.0228 11.0228
15.196 -11.0792 11.0792
15.197 -11.1387 11.1387
15.198 -11.2011 11.2011
15.199 -11.2665 11.2665
15.2 -11.3349 11.3349
15.201 -11.4062 11.4062
15.202 -11.4803 11.4803
15.203 -11.5573 11.5573
15.204 -11.6371 11.6371
15.205 -11.7197 11.7197
15.206 -11.8051 11.8051
15.207 -11.8932 11.8932
15.208 -11.9839 11.9839
15.209 -12.0773 12.0773
15.21 -12.1732 12.1732
15.211 -12.2717 12.2717
15.212 -12.3726 12.3726
15.213 -12.4759 12.4759
15.214 -12.5814 12.5814
15.215 -12.6892 12.6892
15.216 -12.799 12.799
15.217 -12.9109 12.9109
15.218 -13.0247 13.0247
15.219 -13.1403 13.1403
15.22 -13.2577 13.2577
15.221 -13.3767 13.3767
15.222 -13.4972 13.4972
15.223 -13.6191 13.6191
15.224 -13.7423 13.7423
15.225 -13.8666 13.8666
15.226 -13.9919 13.9919
15.227 -14.1181 14.1181
15.228 -14.245 14.245
15.229 -14.3725 14.3725
15.23 -14.5004 14.5004
15.231 -14.6287 14.6287
15.232 -14.7572 14.7572
15.233 -14.8857 14.8857
15.234 -15.014 15.014
15.235 -15.142 15.142
15.236 -15.2694 15.2694
15.237 -15.3962 15.3962
15.238 -15.5222 15.5222
15.239 -15.6472 15.6472
15.24 -15.771 15.771
15.241 -15.8936 15.8936
15.242 -16.0147 16.0147
15.243 -16.1342 16.1342
15.244 -16.2519 16.2519
15.245 -16.3677 16.3677
15.246 -16.4814 16.4814
15.247 -16.5928 16.5928
15.248 -16.7019 16.7019
15.249 -16.8085 16.8085
15.25 -16.9124 16.9124
15.251 -17.0136 17.0136
15.252 -17.1119 17.1119
15.253 -17.2073 17.2073
15.254 -17.2996 17.2996
15.255 -17.3886 17.3886
15.256 -17.4744 17.4744
15.257 -17.5568 17.5568
15.258 -17.6358 17.6358
15.259 -17.7112 17.7112
15.26 -17.783 17.783
15.261 -17.8512 17.8512
15.262 -17.9157 17.9157
15.263 -17.9764 17.9764
15.264 -18.0334 18.0334
15.265 -18.0866 18.0866
15.266 -18.1361 18.1361
15.267 -18.1817 18.1817
15.268 -18.2236 18.2236
15.269 -18.2616 18.2616
15.27 -18.2958 18.2958
15.271 -18.3262 18.3262
15.272 -18.3529 18.3529
15.273 -18.3758 18.3758
15.274 -18.3951 18.3951
15.275 -18.4109 18.4109
15.276 -18.423 18.423
15.277 -18.4317 18.4317
15.278 -18.437 18.437
15.279 -18.4389 18.4389
15.28 -18.4375 18.4375
15.281 -18.4329 18.4329
15.282 -18.425 18.425
15.283 -18.4141 18.4141
15.284 -18.4002 18.4002
15.285 -18.3833 18.3833
15.286 -18.3635 18.3635
15.287 -18.3409 18.3409
15.288 -18.3156 18.3156
15.289 -18.2877 18.2877
15.29 -18.2571 18.2571
15.291 -18.224 18.224
15.292 -18.1885 18.1885
15.293 -18.1505 18.1505
15.294 -18.1103 18.1103
15.295 -18.0677 18.0677
15.296 -18.0229 18.0229
15.297 -17.9759 17.9759
15.298 -17.9269 17.9269
15.299 -17.8757 17.8757
15.3 -17.8226 17.8226
15.301 -17.7674 17.7674
15.302 -17.7104 17.7104
15.303 -17.6514 17.6514
15.304 -17.5905 17.5905
15.305 -17.5278 17.5278
15.306 -17.4632 17.4632
15.307 -17.3968 17.3968
15.308 -17.3285 17.3285
15.309 -17.2585 17.2585
15.31 -17.1867 17.1867
15.311 -17.1131 17.1131
15.312 -17.0378 17.0378
15.313 -16.9606 16.9606
15.314 -16.8815 16.8815
15.315 -16.8006 16.8006
15.316 -16.7177 16.7177
15.317 -16.6329 16.6329
15.318 -16.5461 16.5461
15.319 -16.4574 16.4574
15.32 -16.3666 16.3666
15.321 -16.2737 16.2737
15.322 -16.1787 16.1787
15.323 -16.0816 16.0816
15.324 -15.9822 15.9822
15.325 -15.8806 15.8806
15.326 -15.7767 15.7767
15.327 -15.6705 15.6705
15.328 -15.5618 15.5618
15.329 -15.4507 15.4507
15.33 -15.3371 15.3371
15.331 -15.221 15.221
15.332 -15.1023 15.1023
15.333 -14.9809 14.9809
15.334 -14.8568 14.8568
15.335 -14.7298 14.7298
15.336 -14.6 14.6
15.337 -14.4673 14.4673
15.338 -14.3315 14.3315
15.339 -14.1927 14.1927
15.34 -14.0507 14.0507
15.341 -13.9056 13.9056
15.342 -13.7571 13.7571
15.343 -13.6054 13.6054
15.344 -13.4503 13.4503
15.345 -13.2917 13.2917
15.346 -13.1296 13.1296
15.347 -12.964 12.964
15.348 -12.7947 12.7947
15.349 -12.6217 12.6217
15.35 -12.4449 12.4449
15.351 -12.2643 12.2643
15.352 -12.0798 12.0798
15.353 -11.8913 11.8913
15.354 -11.699 11.699
15.355 -11.5027 11.5027
15.356 -11.3023 11.3023
15.357 -11.0979 11.0979
15.358 -10.8894 10.8894
15.359 -10.6768 10.6768
15.36 -10.46 10.46
15.361 -10.239 10.239
15.362 -10.0137 10.0137
15.363 -9.78422 9.78422
15.364 -9.55042 9.55042
15.365 -9.31231 9.31231
15.366 -9.06988 9.06988
15.367 -8.82309 8.82309
15.368 -8.57193 8.57193
15.369 -8.31636 8.31636
15.37 -8.05636 8.05636
15.371 -7.79192 7.79192
15.372 -7.52301 7.52301
15.373 -7.24964 7.24964
15.374 -6.97182 6.97182
15.375 -6.68952 6.68952
15.376 -6.40277 6.40277
15.377 -6.11155 6.11155
15.378 -5.81588 5.81588
15.379 -5.51575 5.51575
15.38 -5.21117 5.21117
15.381 -4.90214 4.90214
15.382 -4.58869 4.58869
15.383 -4.27081 4.27081
15.384 -3.94854 3.94854
15.385 -3.62189 3.62189
15.386 -3.29088 3.29088
15.387 -2.95555 2.95555
15.388 -2.61594 2.61594
15.389 -2.27209 2.27209
15.39 -1.92405 1.92405
15.391 -1.57189 1.57189
15.392 -1.21567 1.21567
15.393 -0.855475 0.855475
15.394 -0.491392 0.491392
15.395 -0.123524 0.123524
15.396 0.248012 -0.248012
15.397 0.623081 -0.623081
15.398 1.00153 -1.00153
15.399 1.38319 -1.38319
15.4 1.76789 -1.76789
15.401 2.15542 -2.15542
15.402 2.5456 -2.5456
15.403 2.93826 -2.93826
15.404 3.33318 -3.33318
15.405 3.73016 -3.73016
15.406 4.12894 -4.12894
15.407 4.5293 -4.5293
15.408 4.93097 -4.93097
15.409 5.33366 -5.33366
15.41 5.7371 -5.7371
15.411 6.14098 -6.14098
15.412 6.54501 -6.54501
15.413 6.94888 -6.94888
15.414 7.35229 -7.35229
15.415 7.75492 -7.75492
15.416 8.15643 -8.15643
15.417 8.55648 -8.55648
15.418 8.95474 -8.95474
15.419 9.35085 -9.35085
15.42 9.74446 -9.74446
15.421 10.1352 -10.1352
15.422 10.5228 -10.5228
15.423 10.9069 -10.9069
15.424 11.287 -11.287
15.425 11.663 -11.663
15.426 12.0345 -12.0345
15.427 12.4011 -12.4011
15.428 12.7625 -12.7625
15.429 13.1185 -13.1185
15.43 13.4687 -13.4687
15.431 13.813 -13.813
15.432 14.1509 -14.1509
15.433 14.4824 -14.4824
15.434 14.807 -14.807
15.435 15.1247 -15.1247
15.436 15.4352 -15.4352
15.437 15.7384 -15.7384
15.438 16.034 -16.034
15.439 16.322 -16.322
15.44 16.6023 -16.6023
15.441 16.8746 -16.8746
15.442 17.1391 -17.1391
15.443 17.3955 -17.3955
15.444 17.6439 -17.6439
15.445 17.8842 -17.8842
15.446 18.1164 -18.1164
15.447 18.3405 -18.3405
15.448 18.5566 -18.5566
15.449 18.7647 -18.7647
15.45 18.9648 -18.9648
15.451 19.1571 -19.1571
15.452 19.3416 -19.3416
15.453 19.5183 -19.5183
15.454 19.6873 -19.6873
15.455 19.8487 -19.8487
15.456 20.0026 -20.0026
15.457 20.1491 -20.1491
15.458 20.2882 -20.2882
15.459 20.4202 -20.4202
15.46 20.5452 -20.5452
15.461 20.6631 -20.6631
15.462 20.7743 -20.7743
15.463 20.8788 -20.8788
15.464 20.9767 -20.9767
15.465 21.0681 -21.0681
15.466 21.1532 -21.1532
15.467 21.2321 -21.2321
15.468 21.3049 -21.3049
15.469 21.3717 -21.3717
15.47 21.4328 -21.4328
15.471 21.4881 -21.4881
15.472 21.5378 -21.5378
15.473 21.5821 -21.5821
15.474 21.6209 -21.6209
15.475 21.6546 -21.6546
15.476 21.683 -21.683
15.477 21.7064 -21.7064
15.478 21.7249 -21.7249
15.479 21.7385 -21.7385
15.48 21.7473 -21.7473
15.481 21.7515 -21.7515
15.482 21.7512 -21.7512
15.483 21.7463 -21.7463
15.484 21.7371 -21.7371
15.485 21.7235 -21.7235
15.486 21.7057 -21.7057
15.487 21.6837 -21.6837
15.488 21.6577 -21.6577
15.489 21.6276 -21.6276
15.49 21.5936 -21.5936
15.491 21.5557 -21.5557
15.492 21.514 -21.514
15.493 21.4686 -21.4686
15.494 21.4195 -21.4195
15.495 21.3668 -21.3668
15.496 21.3107 -21.3107
15.497 21.251 -21.251
15.498 21.188 -21.188
15.499 21.1217 -21.1217
15.5 21.0521 -21.0521
15.501 20.9792 -20.9792
15.502 20.9033 -20.9033
15.503 20.8242 -20.8242
15.504 20.7421 -20.7421
15.505 20.6571 -20.6571
15.506 20.5692 -20.5692
15.507 20.4785 -20.4785
15.508 20.385 -20.385
15.509 20.2888 -20.2888
15.51 20.1898 -20.1898
15.511 20.0883 -20.0883
15.512 19.9842 -19.9842
15.513 19.8776 -19.8776
15.514 19.7685 -19.7685
15.515 19.657 -19.657
15.516 19.5432 -19.5432
15.517 19.427 -19.427
15.518 19.3085 -19.3085
15.519 19.1878 -19.1878
15.52 19.0649 -19.0649
15.521 18.9399 -18.9399
15.522 18.8127 -18.8127
15.523 18.6835 -18.6835
15.524 18.5523 -18.5523
15.525 18.4191 -18.4191
15.526 18.2839 -18.2839
15.527 18.1469 -18.1469
15.528 18.008 -18.008
15.529 17.8673 -17.8673
15.53 17.7248 -17.7248
15.531 17.5805 -17.5805
15.532 17.4345 -17.4345
15.533 17.2868 -17.2868
15.534 17.1374 -17.1374
15.535 16.9864 -16.9864
15.536 16.8337 -16.8337
15.537 16.6793 -16.6793
15.538 16.5234 -16.5234
15.539 16.3659 -16.3659
15.54 16.2068 -16.2067
15.541 16.046 -16.046
15.542 15.8837 -15.8837
15.543 15.7198 -15.7198
15.544 15.5545 -15.5545
15.545 15.3876 -15.3876
15.546 15.2192 -15.2192
15.547 15.0493 -15.0493
15.548 14.8779 -14.8779
15.549 14.7051 -14.7051
15.55 14.5308 -14.5308
15.551 14.3551 -14.3551
15.552 14.178 -14.178
15.553 13.9994 -13.9994
15.554 13.8194 -13.8194
15.555 13.638 -13.638
15.556 13.4551 -13.4551
15.557 13.2709 -13.2709
15.558 13.0852 -13.0852
15.559 12.8981 -12.8981
15.56 12.7097 -12.7097
15.561 12.5198 -12.5198
15.562 12.3286 -12.3286
15.563 12.136 -12.136
15.564 11.942 -11.942
15.565 11.7466 -11.7466
15.566 11.5498 -11.5498
15.567 11.3516 -11.3516
15.568 11.152 -11.152
15.569 10.951 -10.951
15.57 10.7487 -10.7487
15.571 10.5449 -10.5449
15.572 10.3398 -10.3398
15.573 10.1334 -10.1334
15.574 9.92552 -9.92552
15.575 9.71631 -9.71631
15.576 9.50575 -9.50575
15.577 9.29385 -9.29385
15.578 9.08061 -9.08061
15.579 8.86605 -8.86605
15.58 8.65017 -8.65017
15.581 8.43299 -8.43299
15.582 8.21454 -8.21454
15.583 7.99483 -7.99483
15.584 7.77388 -7.77388
15.585 7.55174 -7.55174
15.586 7.32841 -7.32841
15.587 7.10393 -7.10393
15.588 6.87832 -6.87832
15.589 6.65162 -6.65162
15.59 6.42387 -6.42387
15.591 6.19509 -6.19509
15.592 5.96532 -5.96532
15.593 5.73463 -5.73463
15.594 5.50304 -5.50304
15.595 5.27062 -5.27062
15.596 5.03742 -5.03742
15.597 4.80348 -4.80348
15.598 4.56887 -4.56887
15.599 4.33364 -4.33364
15.6 4.09785 -4.09785
15.601 3.86157 -3.86157
15.602 3.62487 -3.62487
15.603 3.38782 -3.38782
15.604 3.1505 -3.1505
15.605 2.913 -2.913
15.606 2.6754 -2.6754
15.607 2.43778 -2.43778
15.608 2.20024 -2.20024
15.609 1.96286 -1.96286
15.61 1.72574 -1.72574
15.611 1.48898 -1.48898
15.612 1.25268 -1.25268
15.613 1.01693 -1.01693
15.614 0.781854 -0.781854
15.615 0.547551 -0.547551
15.616 0.314136 -0.314136
15.617 0.0817232 -0.0817232
15.618 -0.149569 0.149569
15.619 -0.379618 0.379618
15.62 -0.608298 0.608298
15.621 -0.835485 0.835485
15.622 -1.06105 1.06105
15.623 -1.28488 1.28488
15.624 -1.50684 1.50684
15.625 -1.72682 1.72682
15.626 -1.94467 1.94467
15.627 -2.16027 2.16027
15.628 -2.3735 2.3735
15.629 -2.58423 2.58423
15.63 -2.79232 2.79232
15.631 -2.99765 2.99765
15.632 -3.20011 3.20011
15.633 -3.39958 3.39958
15.634 -3.59597 3.59597
15.635 -3.78915 3.78915
15.636 -3.97904 3.97904
15.637 -4.16551 4.16551
15.638 -4.34848 4.34848
15.639 -4.52784 4.52784
15.64 -4.7035 4.7035
15.641 -4.87536 4.87536
15.642 -5.04332 5.04332
15.643 -5.20731 5.20731
15.644 -5.36723 5.36723
15.645 -5.523 5.523
15.646 -5.67454 5.67454
15.647 -5.82179 5.82179
15.648 -5.96466 5.96466
15.649 -6.1031 6.1031
15.65 -6.23704 6.23704
15.651 -6.36641 6.36641
15.652 -6.49116 6.49116
15.653 -6.61122 6.61122
15.654 -6.72655 6.72655
15.655 -6.83708 6.83708
15.656 -6.94277 6.94277
15.657 -7.04358 7.04358
15.658 -7.13947 7.13947
15.659 -7.23041 7.23041
15.66 -7.31636 7.31636
15.661 -7.3973 7.3973
15.662 -7.47318 7.47318
15.663 -7.54398 7.54398
15.664 -7.60966 7.60966
15.665 -7.6702 7.6702
15.666 -7.72556 7.72556
15.667 -7.77573 7.77573
15.668 -7.8207 7.8207
15.669 -7.86044 7.86044
15.67 -7.89495 7.89495
15.671 -7.92421 7.92421
15.672 -7.94822 7.94822
15.673 -7.96695 7.96695
15.674 -7.98038 7.98038
15.675 -7.9885 7.9885
15.676 -7.99131 7.99131
15.677 -7.9888 7.9888
15.678 -7.98095 7.98095
15.679 -7.96776 7.96776
15.68 -7.94924 7.94925
15.681 -7.92538 7.92538
15.682 -7.89617 7.89617
15.683 -7.86159 7.86159
15.684 -7.82163 7.82163
15.685 -7.77628 7.77628
15.686 -7.72554 7.72554
15.687 -7.6694 7.6694
15.688 -7.60784 7.60784
15.689 -7.54086 7.54086
15.69 -7.46846 7.46846
15.691 -7.39064 7.39064
15.692 -7.30736 7.30736
15.693 -7.21864 7.21864
15.694 -7.12445 7.12445
15.695 -7.02478 7.02478
15.696 -6.91962 6.91962
15.697 -6.80897 6.80897
15.698 -6.6928 6.6928
15.699 -6.57112 6.57112
15.7 -6.44391 6.44391
15.701 -6.31115 6.31115
15.702 -6.17285 6.17285
15.703 -6.02901 6.02901
15.704 -5.87962 5.87962
15.705 -5.72467 5.72467
15.706 -5.56417 5.56417
15.707 -5.39811 5.39811
15.708 -5.22648 5.22648
15.709 -5.0493 5.0493
15.71 -4.86655 4.86655
15.711 -4.67824 4.67824
15.712 -4.48437 4.48437
15.713 -4.28496 4.28496
15.714 -4.08003 4.08003
15.715 -3.8696 3.8696
15.716 -3.65368 3.65368
15.717 -3.43229 3.43229
15.718 -3.20544 3.20544
15.719 -2.97317 2.97317
15.72 -2.7355 2.7355
15.721 -2.49245 2.49245
15.722 -2.24406 2.24406
15.723 -1.9904 1.9904
15.724 -1.7315 1.7315
15.725 -1.46742 1.46742
15.726 -1.19823 1.19823
15.727 -0.923989 0.923989
15.728 -0.644765 0.644765
15.729 -0.360635 0.360635
15.73 -0.0716848 0.0716848
15.731 0.221995 -0.221995
15.732 0.520302 -0.520302
15.733 0.823123 -0.823123
15.734 1.13033 -1.13033
15.735 1.4418 -1.4418
15.736 1.75739 -1.75739
15.737 2.07694 -2.07694
15.738 2.4003 -2.4003
15.739 2.72728 -2.72728
15.74 3.05771 -3.05771
15.741 3.39139 -3.39139
15.742 3.72811 -3.72811
15.743 4.06766 -4.06766
15.744 4.40981 -4.40981
15.745 4.75432 -4.75432
15.746 5.10094 -5.10094
15.747 5.44941 -5.44941
15.748 5.79945 -5.79945
15.749 6.15079 -6.15079
15.75 6.50313 -6.50313
15.751 6.85618 -6.85618
15.752 7.20962 -7.20962
15.753 7.56313 -7.56313
15.754 7.91638 -7.91638
15.755 8.26902 -8.26902
15.756 8.62073 -8.62073
15.757 8.97116 -8.97116
15.758 9.31995 -9.31995
15.759 9.66677 -9.66677
15.76 10.0113 -10.0113
15.761 10.3531 -10.3531
15.762 10.6919 -10.6919
15.763 11.0274 -11.0274
15.764 11.3593 -11.3593
15.765 11.6873 -11.6873
15.766 12.0109 -12.0109
15.767 12.3301 -12.3301
15.768 12.6444 -12.6444
15.769 12.9536 -12.9536
15.77 13.2575 -13.2575
15.771 13.5558 -13.5558
15.772 13.8482 -13.8482
15.773 14.1346 -14.1346
15.774 14.4148 -14.4148
15.775 14.6885 -14.6885
15.776 14.9555 -14.9555
15.777 15.2159 -15.2159
15.778 15.4693 -15.4693
15.779 15.7158 -15.7158
15.78 15.9551 -15.9551
15.781 16.1872 -16.1872
15.782 16.4121 -16.4121
15.783 16.6297 -16.6297
15.784 16.84 -16.84
15.785 17.043 -17.043
15.786 17.2387 -17.2387
15.787 17.427 -17.427
15.788 17.6081 -17.6081
15.789 17.782 -17.782
15.79 17.9487 -17.9487
15.791 18.1084 -18.1084
15.792 18.2611 -18.2611
15.793 18.4068 -18.4068
15.794 18.5458 -18.5458
15.795 18.678 -18.678
15.796 18.8038 -18.8038
15.797 18.9231 -18.9231
15.798 19.036 -19.036
15.799 19.1429 -19.1429
15.8 19.2437 -19.2437
15.801 19.3386 -19.3386
15.802 19.4277 -19.4277
15.803 19.5113 -19.5113
15.804 19.5893 -19.5893
15.805 19.662 -19.662
15.806 19.7295 -19.7295
15.807 19.7919 -19.7919
15.808 19.8493 -19.8493
15.809 19.9019 -19.9019
15.81 19.9499 -19.9499
15.811 19.9932 -19.9932
15.812 20.0322 -20.0322
15.813 20.0668 -20.0668
15.814 20.0973 -20.0973
15.815 20.1236 -20.1236
15.816 20.1461 -20.1461
15.817 20.1647 -20.1647
15.818 20.1795 -20.1795
15.819 20.1908 -20.1908
15.82 20.1985 -20.1985
15.821 20.2029 -20.2029
15.822 20.2039 -20.2039
15.823 20.2017 -20.2017
15.824 20.1963 -20.1963
15.825 20.1879 -20.1879
15.826 20.1766 -20.1766
15.827 20.1624 -20.1624
15.828 20.1453 -20.1453
15.829 20.1256 -20.1256
15.83 20.1032 -20.1032
15.831 20.0782 -20.0782
15.832 20.0507 -20.0507
15.833 20.0207 -20.0207
15.834 19.9884 -19.9884
15.835 19.9536 -19.9536
15.836 19.9165 -19.9165
15.837 19.8771 -19.8771
15.838 19.8355 -19.8355
15.839 19.7917 -19.7917
15.84 19.7458 -19.7458
15.841 19.6978 -19.6978
15.842 19.6477 -19.6477
15.843 19.5955 -19.5955
15.844 19.5414 -19.5414
15.845 19.4854 -19.4854
15.846 19.4275 -19.4275
15.847 19.3677 -19.3677
15.848 19.3062 -19.3062
15.849 19.2428 -19.2428
15.85 19.1777 -19.1777
15.851 19.1109 -19.1109
15.852 19.0425 -19.0425
15.853 18.9725 -18.9725
15.854 18.901 -18.901
15.855 18.8281 -18.8281
15.856 18.7537 -18.7537
15.857 18.678 -18.678
15.858 18.6011 -18.6011
15.859 18.5229 -18.5229
15.86 18.4435 -18.4435
15.861 18.3631 -18.3631
15.862 18.2815 -18.2815
15.863 18.199 -18.199
15.864 18.1155 -18.1155
15.865 18.0311 -18.0311
15.866 17.946 -17.946
15.867 17.86 -17.86
15.868 17.7734 -17.7734
15.869 17.686 -17.686
15.87 17.5981 -17.5981
15.871 17.5096 -17.5096
15.872 17.4206 -17.4206
15.873 17.3312 -17.3312
15.874 17.2413 -17.2413
15.875 17.1511 -17.1511
15.876 17.0605 -17.0605
15.877 16.9697 -16.9697
15.878 16.8787 -16.8787
15.879 16.7874 -16.7874
15.88 16.696 -16.696
15.881 16.6045 -16.6045
15.882 16.5128 -16.5128
15.883 16.421 -16.421
15.884 16.3291 -16.3291
15.885 16.237 -16.237
15.886 16.1448 -16.1448
15.887 16.0524 -16.0524
15.888 15.9598 -15.9598
15.889 15.8671 -15.8671
15.89 15.7742 -15.7742
15.891 15.6811 -15.6811
15.892 15.5877 -15.5877
15.893 15.494 -15.494
15.894 15.3999 -15.3999
15.895 15.3054 -15.3054
15.896 15.2103 -15.2103
15.897 15.1146 -15.1146
15.898 15.0183 -15.0183
15.899 14.9213 -14.9213
15.9 14.8235 -14.8235
15.901 14.7249 -14.7249
15.902 14.6253 -14.6253
15.903 14.5247 -14.5247
15.904 14.4229 -14.4229
15.905 14.3197 -14.3197
15.906 14.2152 -14.2152
15.907 14.1091 -14.109
15.908 14.0012 -14.0012
15.909 13.8915 -13.8915
15.91 13.78 -13.78
15.911 13.6664 -13.6664
15.912 13.5507 -13.5507
15.913 13.4327 -13.4327
15.914 13.3122 -13.3122
15.915 13.1892 -13.1892
15.916 13.0634 -13.0634
15.917 12.9348 -12.9348
15.918 12.8032 -12.8032
15.919 12.6685 -12.6685
15.92 12.5304 -12.5304
15.921 12.389 -12.389
15.922 12.2441 -12.2441
15.923 12.0956 -12.0956
15.924 11.9432 -11.9432
15.925 11.787 -11.787
15.926 11.6267 -11.6267
15.927 11.4622 -11.4622
15.928 11.2935 -11.2935
15.929 11.1204 -11.1204
15.93 10.9427 -10.9427
15.931 10.7604 -10.7604
15.932 10.5734 -10.5734
15.933 10.3815 -10.3815
15.934 10.1848 -10.1848
15.935 9.98312 -9.98312
15.936 9.77638 -9.77638
15.937 9.56452 -9.56452
15.938 9.34746 -9.34746
15.939 9.12511 -9.12511
15.94 8.89739 -8.89739
15.941 8.66424 -8.66424
15.942 8.42559 -8.42559
15.943 8.18141 -8.18141
15.944 7.93167 -7.93167
15.945 7.67633 -7.67633
15.946 7.41534 -7.41534
15.947 7.14867 -7.14867
15.948 6.87628 -6.87628
15.949 6.59812 -6.59812
15.95 6.31415 -6.31415
15.951 6.02433 -6.02433
15.952 5.72867 -5.72867
15.953 5.42716 -5.42716
15.954 5.1198 -5.1198
15.955 4.80659 -4.80659
15.956 4.48755 -4.48755
15.957 4.16269 -4.16269
15.958 3.83201 -3.83201
15.959 3.49553 -3.49553
15.96 3.15327 -3.15327
15.961 2.80528 -2.80528
15.962 2.45158 -2.45158
15.963 2.09224 -2.09224
15.964 1.72732 -1.72732
15.965 1.3569 -1.3569
15.966 0.981068 -0.981068
15.967 0.599915 -0.599915
15.968 0.213554 -0.213554
15.969 -0.177888 0.177888
15.97 -0.574264 0.574264
15.971 -0.975409 0.975409
15.972 -1.38115 1.38115
15.973 -1.79129 1.79129
15.974 -2.20562 2.20562
15.975 -2.62391 2.62391
15.976 -3.04592 3.04592
15.977 -3.47137 3.47137
15.978 -3.89997 3.89997
15.979 -4.33141 4.33141
15.98 -4.76537 4.76537
15.981 -5.20151 5.20151
15.982 -5.63947 5.63947
15.983 -6.07892 6.07892
15.984 -6.51947 6.51947
15.985 -6.96074 6.96074
15.986 -7.40234 7.40234
15.987 -7.84383 7.84383
15.988 -8.28479 8.28479
15.989 -8.72477 8.72477
15.99 -9.16333 9.16333
15.991 -9.6 9.6
15.992 -10.0343 10.0343
15.993 -10.4658 10.4658
15.994 -10.894 10.894
15.995 -11.3184 11.3184
15.996 -11.7386 11.7386
15.997 -12.1542 12.1542
15.998 -12.5645 12.5645
15.999 -12.9693 12.9693
16 -13.368 13.368
16.001 -13.7604 13.7604
16.002 -14.1459 14.1459
16.003 -14.5242 14.5242
16.004 -14.895 14.895
16.005 -15.258 15.258
16.006 -15.6129 15.6129
16.007 -15.9593 15.9593
16.008 -16.2972 16.2972
16.009 -16.6261 16.6261
16.01 -16.946 16.946
16.011 -17.2568 17.2568
16.012 -17.5581 17.5581
16.013 -17.85 17.85
16.014 -18.1324 18.1324
16.015 -18.4051 18.4051
16.016 -18.6681 18.6681
16.017 -18.9214 18.9214
16.018 -19.1651 19.1651
16.019 -19.3991 19.3991
16.02 -19.6236 19.6236
16.021 -19.8385 19.8385
16.022 -20.0441 20.0441
16.023 -20.2402 20.2402
16.024 -20.4271 20.4271
16.025 -20.6049 20.6049
16.026 -20.7736 20.7736
16.027 -20.9334 20.9334
16.028 -21.0845 21.0845
16.029 -21.2271 21.2271
16.03 -21.3613 21.3613
16.031 -21.4872 21.4872
16.032 -21.605 21.605
16.033 -21.7149 21.7149
16.034 -21.817 21.817
16.035 -21.9114 21.9114
16.036 -21.9983 21.9983
16.037 -22.0779 22.0779
16.038 -22.1502 22.1502
16.039 -22.2155 22.2155
16.04 -22.2739 22.2739
16.041 -22.3255 22.3255
16.042 -22.3706 22.3706
16.043 -22.4093 22.4093
16.044 -22.4416 22.4416
16.045 -22.4679 22.4679
16.046 -22.4882 22.4882
16.047 -22.5027 22.5027
16.048 -22.5115 22.5115
16.049 -22.5147 22.5147
16.05 -22.5125 22.5125
16.051 -22.5051 22.5051
16.052 -22.4925 22.4925
16.053 -22.4748 22.4748
16.054 -22.4522 22.4522
16.055 -22.4249 22.4249
16.056 -22.3928 22.3928
16.057 -22.3561 22.3561
16.058 -22.3149 22.3149
16.059 -22.2694 22.2694
16.06 -22.2195 22.2195
16.061 -22.1653 22.1653
16.062 -22.1071 22.1071
16.063 -22.0449 22.0449
16.064 -21.9787 21.9787
16.065 -21.9088 21.9088
16.066 -21.8351 21.8351
16.067 -21.7578 21.7578
16.068 -21.677 21.677
16.069 -21.5927 21.5927
16.07 -21.505 21.505
16.071 -21.4141 21.4141
16.072 -21.3198 21.3198
16.073 -21.2224 21.2224
16.074 -21.1219 21.1219
16.075 -21.0183 21.0183
16.076 -20.9118 20.9118
16.077 -20.8023 20.8023
16.078 -20.6899 20.6899
16.079 -20.5746 20.5746
16.08 -20.4566 20.4566
16.081 -20.3359 20.3359
16.082 -20.2124 20.2124
16.083 -20.0862 20.0862
16.084 -19.9575 19.9575
16.085 -19.8261 19.8261
16.086 -19.6922 19.6922
16.087 -19.5558 19.5558
16.088 -19.4168 19.4168
16.089 -19.2755 19.2755
16.09 -19.1317 19.1317
16.091 -18.9854 18.9854
16.092 -18.8368 18.8368
16.093 -18.6859 18.6859
16.094 -18.5325 18.5325
16.095 -18.3769 18.3769
16.096 -18.2189 18.2189
16.097 -18.0586 18.0586
16.098 -17.896 17.896
16.099 -17.7311 17.7311
16.1 -17.5639 17.5639
16.101 -17.3945 17.3945
16.102 -17.2228 17.2228
16.103 -17.0489 17.0489
16.104 -16.8728 16.8728
16.105 -16.6943 16.6943
16.106 -16.5136 16.5136
16.107 -16.3306 16.3306
16.108 -16.1454 16.1454
16.109 -15.958 15.958
16.11 -15.7683 15.7683
16.111 -15.5763 15.5763
16.112 -15.3821 15.3821
16.113 -15.1856 15.1856
16.114 -14.9869 14.9869
16.115 -14.7858 14.7858
16.116 -14.5825 14.5825
16.117 -14.3768 14.3768
16.118 -14.1688 14.1688
16.119 -13.9585 13.9585
16.12 -13.7458 13.7458
16.121 -13.5308 13.5308
16.122 -13.3133 13.3133
16.123 -13.0934 13.0934
16.124 -12.8711 12.8711
16.125 -12.6462 12.6462
16.126 -12.4189 12.4189
16.127 -12.189 12.189
16.128 -11.9565 11.9565
16.129 -11.7214 11.7214
16.13 -11.4837 11.4837
16.131 -11.2433 11.2433
16.132 -11.0002 11.0002
16.133 -10.7545 10.7545
16.134 -10.506 10.506
16.135 -10.2548 10.2548
16.136 -10.0009 10.0009
16.137 -9.74429 9.74429
16.138 -9.48491 9.48491
16.139 -9.22278 9.22278
16.14 -8.95788 8.95788
16.141 -8.69022 8.69022
16.142 -8.41978 8.41978
16.143 -8.14655 8.14655
16.144 -7.87053 7.87053
16.145 -7.59173 7.59173
16.146 -7.31013 7.31013
16.147 -7.02574 7.02574
16.148 -6.73855 6.73855
16.149 -6.44858 6.44858
16.15 -6.15584 6.15584
16.151 -5.86033 5.86033
16.152 -5.56208 5.56208
16.153 -5.26115 5.26115
16.154 -4.95757 4.95757
16.155 -4.6514 4.6514
16.156 -4.34267 4.34267
16.157 -4.03146 4.03146
16.158 -3.71781 3.71781
16.159 -3.4018 3.4018
16.16 -3.08349 3.08349
16.161 -2.76297 2.76297
16.162 -2.44033 2.44033
16.163 -2.11568 2.11568
16.164 -1.78913 1.78913
16.165 -1.4608 1.4608
16.166 -1.13081 1.13081
16.167 -0.799311 0.799311
16.168 -0.466435 0.466435
16.169 -0.132339 0.132339
16.17 0.202814 -0.202814
16.171 0.538838 -0.538838
16.172 0.875518 -0.875518
16.173 1.21262 -1.21262
16.174 1.5499 -1.5499
16.175 1.8871 -1.8871
16.176 2.22397 -2.22397
16.177 2.56023 -2.56023
16.178 2.8956 -2.8956
16.179 3.22982 -3.22982
16.18 3.56258 -3.56258
16.181 3.89359 -3.89359
16.182 4.22255 -4.22255
16.183 4.54914 -4.54914
16.184 4.87306 -4.87306
16.185 5.19397 -5.19397
16.186 5.51157 -5.51157
16.187 5.82554 -5.82554
16.188 6.13555 -6.13555
16.189 6.4413 -6.4413
16.19 6.74248 -6.74248
16.191 7.03876 -7.03876
16.192 7.32985 -7.32985
16.193 7.61543 -7.61543
16.194 7.89521 -7.89521
16.195 8.16889 -8.16889
16.196 8.4362 -8.4362
16.197 8.69687 -8.69687
16.198 8.95062 -8.95062
16.199 9.19721 -9.19721
16.2 9.43639 -9.43639
16.201 9.66796 -9.66796
16.202 9.89173 -9.89173
16.203 10.1075 -10.1075
16.204 10.3152 -10.3152
16.205 10.5146 -10.5146
16.206 10.7056 -10.7056
16.207 10.8882 -10.8882
16.208 11.0621 -11.0621
16.209 11.2274 -11.2274
16.21 11.3839 -11.3839
16.211 11.5316 -11.5316
16.212 11.6705 -11.6705
16.213 11.8005 -11.8005
16.214 11.9217 -11.9217
16.215 12.0341 -12.0341
16.216 12.1377 -12.1377
16.217 12.2325 -12.2325
16.218 12.3187 -12.3187
16.219 12.3961 -12.3961
16.22 12.4649 -12.4649
16.221 12.5252 -12.5252
16.222 12.5771 -12.5771
16.223 12.6206 -12.6206
16.224 12.6559 -12.6559
16.225 12.6831 -12.6831
16.226 12.7023 -12.7023
16.227 12.7136 -12.7136
16.228 12.7172 -12.7172
16.229 12.7133 -12.7133
16.23 12.7018 -12.7018
16.231 12.683 -12.683
16.232 12.6569 -12.6569
16.233 12.6238 -12.6238
16.234 12.5838 -12.5838
16.235 12.5369 -12.5369
16.236 12.4834 -12.4834
16.237 12.4233 -12.4233
16.238 12.3568 -12.3568
16.239 12.2841 -12.284
16.24 12.2051 -12.2051
16.241 12.1201 -12.1201
16.242 12.0291 -12.0291
16.243 11.9324 -11.9324
16.244 11.8299 -11.8299
16.245 11.7219 -11.7219
16.246 11.6084 -11.6084
16.247 11.4895 -11.4895
16.248 11.3653 -11.3653
16.249 11.236 -11.236
16.25 11.1016 -11.1016
16.251 10.9621 -10.9621
16.252 10.8178 -10.8178
16.253 10.6687 -10.6687
16.254 10.5148 -10.5148
16.255 10.3562 -10.3562
16.256 10.193 -10.193
16.257 10.0253 -10.0253
16.258 9.85309 -9.85309
16.259 9.67648 -9.67648
16.26 9.49553 -9.49553
16.261 9.31028 -9.31028
16.262 9.12077 -9.12077
16.263 8.92704 -8.92704
16.264 8.72911 -8.72911
16.265 8.52701 -8.52701
16.266 8.32076 -8.32076
16.267 8.1104 -8.1104
16.268 7.89594 -7.89594
16.269 7.67741 -7.67741
16.27 7.45483 -7.45483
16.271 7.22821 -7.22821
16.272 6.99757 -6.99757
16.273 6.76292 -6.76292
16.274 6.52424 -6.52424
16.275 6.28155 -6.28155
16.276 6.03486 -6.03486
16.277 5.78416 -5.78416
16.278 5.52946 -5.52946
16.279 5.27078 -5.27078
16.28 5.00811 -5.00811
16.281 4.74147 -4.74147
16.282 4.47086 -4.47086
16.283 4.19628 -4.19628
16.284 3.91775 -3.91775
16.285 3.63526 -3.63526
16.286 3.34885 -3.34885
16.287 3.05851 -3.05851
16.288 2.76427 -2.76427
16.289 2.46616 -2.46616
16.29 2.1642 -2.1642
16.291 1.85843 -1.85843
16.292 1.54889 -1.54889
16.293 1.23563 -1.23563
16.294 0.918694 -0.918694
16.295 0.598148 -0.598148
16.296 0.27406 -0.27406
16.297 -0.0534919 0.0534919
16.298 -0.384417 0.384417
16.299 -0.718613 0.718613
16.3 -1.05596 1.05596
16.301 -1.39633 1.39633
16.302 -1.73956 1.73956
16.303 -2.08547 2.08547
16.304 -2.43388 2.43388
16.305 -2.78458 2.78458
16.306 -3.13737 3.13737
16.307 -3.49202 3.49202
16.308 -3.8483 3.8483
16.309 -4.20597 4.20597
16.31 -4.56477 4.56477
16.311 -4.92443 4.92443
16.312 -5.28468 5.28468
16.313 -5.64522 5.64522
16.314 -6.00575 6.00575
16.315 -6.36596 6.36596
16.316 -6.72554 6.72554
16.317 -7.08416 7.08416
16.318 -7.44149 7.44149
16.319 -7.7972 7.7972
16.32 -8.15096 8.15096
16.321 -8.50243 8.50243
16.322 -8.85127 8.85127
16.323 -9.19712 9.19712
16.324 -9.53965 9.53965
16.325 -9.87852 9.87852
16.326 -10.2134 10.2134
16.327 -10.5439 10.5439
16.328 -10.8698 10.8698
16.329 -11.1907 11.1907
16.33 -11.5063 11.5063
16.331 -11.8164 11.8164
16.332 -12.1206 12.1206
16.333 -12.4187 12.4187
16.334 -12.7104 12.7104
16.335 -12.9954 12.9954
16.336 -13.2736 13.2736
16.337 -13.5447 13.5447
16.338 -13.8085 13.8085
16.339 -14.0648 14.0648
16.34 -14.3136 14.3136
16.341 -14.5545 14.5545
16.342 -14.7876 14.7876
16.343 -15.0128 15.0128
16.344 -15.2299 15.2299
16.345 -15.439 15.439
16.346 -15.6399 15.6399
16.347 -15.8327 15.8327
16.348 -16.0173 16.0173
16.349 -16.1938 16.1938
16.35 -16.3622 16.3622
16.351 -16.5225 16.5225
16.352 -16.6748 16.6748
16.353 -16.8191 16.8191
16.354 -16.9556 16.9556
16.355 -17.0841 17.0841
16.356 -17.2049 17.2049
16.357 -17.3181 17.3181
16.358 -17.4237 17.4237
16.359 -17.5219 17.5219
16.36 -17.6128 17.6128
16.361 -17.6964 17.6964
16.362 -17.773 17.773
16.363 -17.8427 17.8427
16.364 -17.9055 17.9055
16.365 -17.9617 17.9617
16.366 -18.0115 18.0115
16.367 -18.0548 18.0548
16.368 -18.092 18.092
16.369 -18.1231 18.1231
16.37 -18.1482 18.1482
16.371 -18.1676 18.1676
16.372 -18.1814 18.1814
16.373 -18.1897 18.1897
16.374 -18.1926 18.1926
16.375 -18.1902 18.1902
16.376 -18.1828 18.1828
16.377 -18.1704 18.1704
16.378 -18.1531 18.1531
16.379 -18.1311 18.1311
16.38 -18.1044 18.1044
16.381 -18.0733 18.0733
16.382 -18.0377 18.0377
16.383 -17.998 17.998
16.384 -17.9541 17.9541
16.385 -17.9062 17.9062
16.386 -17.8544 17.8544
16.387 -17.7988 17.7988
16.388 -17.7396 17.7396
16.389 -17.6767 17.6767
16.39 -17.6104 17.6104
16.391 -17.5408 17.5408
16.392 -17.4679 17.4679
16.393 -17.3918 17.3918
16.394 -17.3126 17.3126
16.395 -17.2304 17.2304
16.396 -17.1454 17.1454
16.397 -17.0575 17.0575
16.398 -16.9669 16.9669
16.399 -16.8737 16.8737
16.4 -16.7778 16.7778
16.401 -16.6795 16.6795
16.402 -16.5788 16.5788
16.403 -16.4758 16.4758
16.404 -16.3705 16.3705
16.405 -16.2631 16.2631
16.406 -16.1535 16.1535
16.407 -16.042 16.042
16.408 -15.9285 15.9285
16.409 -15.8132 15.8132
16.41 -15.6961 15.6961
16.411 -15.5772 15.5772
16.412 -15.4567 15.4567
16.413 -15.3346 15.3346
16.414 -15.211 15.211
16.415 -15.0859 15.0859
16.416 -14.9594 14.9594
16.417 -14.8316 14.8316
16.418 -14.7026 14.7026
16.419 -14.5723 14.5723
16.42 -14.4409 14.4409
16.421 -14.3084 14.3084
16.422 -14.1749 14.1749
16.423 -14.0403 14.0403
16.424 -13.9048 13.9048
16.425 -13.7684 13.7684
16.426 -13.6311 13.6311
16.427 -13.493 13.493
16.428 -13.3541 13.3541
16.429 -13.2144 13.2144
16.43 -13.0739 13.0739
16.431 -12.9328 12.9328
16.432 -12.791 12.791
16.433 -12.6486 12.6486
16.434 -12.5056 12.5056
16.435 -12.362 12.362
16.436 -12.2179 12.2179
16.437 -12.0732 12.0732
16.438 -11.9281 11.9281
16.439 -11.7825 11.7825
16.44 -11.6365 11.6365
16.441 -11.4901 11.4901
16.442 -11.3434 11.3434
16.443 -11.1962 11.1962
16.444 -11.0488 11.0488
16.445 -10.9011 10.9011
16.446 -10.7531 10.7531
16.447 -10.6048 10.6048
16.448 -10.4563 10.4563
16.449 -10.3076 10.3076
16.45 -10.1588 10.1588
16.451 -10.0098 10.0098
16.452 -9.86065 9.86065
16.453 -9.71144 9.71144
16.454 -9.56216 9.56216
16.455 -9.41286 9.41286
16.456 -9.26355 9.26355
16.457 -9.11428 9.11428
16.458 -8.96506 8.96506
16.459 -8.81594 8.81594
16.46 -8.66694 8.66694
16.461 -8.51809 8.51809
16.462 -8.36942 8.36942
16.463 -8.22096 8.22096
16.464 -8.07273 8.07273
16.465 -7.92476 7.92476
16.466 -7.77707 7.77707
16.467 -7.62971 7.62971
16.468 -7.48268 7.48268
16.469 -7.33603 7.33603
16.47 -7.18978 7.18978
16.471 -7.04398 7.04398
16.472 -6.89866 6.89866
16.473 -6.75387 6.75387
16.474 -6.60966 6.60966
16.475 -6.46609 6.46609
16.476 -6.3232 6.3232
16.477 -6.18105 6.18105
16.478 -6.03969 6.03969
16.479 -5.89917 5.89917
16.48 -5.75954 5.75954
16.481 -5.62087 5.62087
16.482 -5.4832 5.4832
16.483 -5.34661 5.34661
16.484 -5.21116 5.21116
16.485 -5.07692 5.07692
16.486 -4.94394 4.94394
16.487 -4.81229 4.81229
16.488 -4.68203 4.68203
16.489 -4.55324 4.55324
16.49 -4.42598 4.42598
16.491 -4.30031 4.30031
16.492 -4.17632 4.17632
16.493 -4.0541 4.0541
16.494 -3.93371 3.93371
16.495 -3.81526 3.81526
16.496 -3.69882 3.69882
16.497 -3.58447 3.58447
16.498 -3.47231 3.47231
16.499 -3.3624 3.3624
16.5 -3.25484 3.25484
16.501 -3.14971 3.14971
16.502 -3.04708 3.04708
16.503 -2.94702 2.94702
16.504 -2.84962 2.84962
16.505 -2.75493 2.75493
16.506 -2.66304 2.66304
16.507 -2.57402 2.57402
16.508 -2.48794 2.48794
16.509 -2.40486 2.40486
16.51 -2.32486 2.32486
16.511 -2.24801 2.24801
16.512 -2.17436 2.17436
16.513 -2.10397 2.10397
16.514 -2.0369 2.0369
16.515 -1.97321 1.97321
16.516 -1.91295 1.91295
16.517 -1.85618 1.85618
16.518 -1.80295 1.80295
16.519 -1.75331 1.75331
16.52 -1.70731 1.70731
16.521 -1.66501 1.66501
16.522 -1.62643 1.62643
16.523 -1.59162 1.59162
16.524 -1.56061 1.56061
16.525 -1.53345 1.53345
16.526 -1.51015 1.51015
16.527 -1.49076 1.49076
16.528 -1.47531 1.47531
16.529 -1.46381 1.46381
16.53 -1.45632 1.45632
16.531 -1.45283 1.45283
16.532 -1.45337 1.45339
16.533 -1.45797 1.45797
16.534 -1.46662 1.46662
16.535 -1.47934 1.47934
16.536 -1.49613 1.49613
16.537 -1.51701 1.51701
16.538 -1.54197 1.54197
16.539 -1.57102 1.57102
16.54 -1.60416 1.60416
16.541 -1.64138 1.64138
16.542 -1.6827 1.6827
16.543 -1.7281 1.7281
16.544 -1.77757 1.77757
16.545 -1.83111 1.83111
16.546 -1.88871 1.88871
16.547 -1.95035 1.95035
16.548 -2.01601 2.01601
16.549 -2.08569 2.08569
16.55 -2.15936 2.15936
16.551 -2.237 2.237
16.552 -2.31859 2.31859
16.553 -2.40413 2.40413
16.554 -2.49358 2.49358
16.555 -2.58693 2.58693
16.556 -2.68416 2.68416
16.557 -2.78523 2.78523
16.558 -2.89012 2.89012
16.559 -2.99879 2.99879
16.56 -3.11121 3.11121
16.561 -3.22734 3.22734
16.562 -3.34714 3.34714
16.563 -3.47055 3.47055
16.564 -3.59752 3.59752
16.565 -3.72798 3.72798
16.566 -3.86189 3.86189
16.567 -3.99917 3.99917
16.568 -4.13977 4.13977
16.569 -4.2836 4.2836
16.57 -4.43061 4.43061
16.571 -4.5807 4.5807
16.572 -4.73381 4.73381
16.573 -4.88985 4.88985
16.574 -5.04874 5.04874
16.575 -5.21038 5.21038
16.576 -5.37468 5.37468
16.577 -5.54156 5.54156
16.578 -5.7109 5.7109
16.579 -5.88262 5.88262
16.58 -6.0566 6.0566
16.581 -6.23273 6.23273
16.582 -6.4109 6.4109
16.583 -6.59099 6.59099
16.584 -6.77287 6.77287
16.585 -6.9564 6.9564
16.586 -7.14146 7.14146
16.587 -7.32792 7.32792
16.588 -7.51564 7.51564
16.589 -7.70449 7.70449
16.59 -7.89431 7.89431
16.591 -8.08497 8.08497
16.592 -8.27633 8.27633
16.593 -8.46821 8.46821
16.594 -8.66048 8.66048
16.595 -8.85298 8.85298
16.596 -9.04554 9.04554
16.597 -9.23801 9.23801
16.598 -9.43024 9.43024
16.599 -9.62207 9.62207
16.6 -9.81334 9.81334
16.601 -10.0039 10.0039
16.602 -10.1936 10.1936
16.603 -10.3822 10.3822
16.604 -10.5697 10.5697
16.605 -10.7558 10.7558
16.606 -10.9404 10.9404
16.607 -11.1234 11.1234
16.608 -11.3045 11.3045
16.609 -11.4837 11.4837
16.61 -11.6608 11.6608
16.611 -11.8356 11.8356
16.612 -12.0081 12.0081
16.613 -12.1781 12.1781
16.614 -12.3454 12.3454
16.615 -12.5099 12.5099
16.616 -12.6714 12.6714
16.617 -12.8299 12.8299
16.618 -12.9852 12.9852
16.619 -13.1373 13.1373
16.62 -13.2859 13.2859
16.621 -13.431 13.431
16.622 -13.5725 13.5725
16.623 -13.7104 13.7104
16.624 -13.8444 13.8444
16.625 -13.9746 13.9746
16.626 -14.1008 14.1008
16.627 -14.223 14.223
16.628 -14.3411 14.3411
16.629 -14.455 14.455
16.63 -14.5648 14.5648
16.631 -14.6703 14.6703
16.632 -14.7715 14.7715
16.633 -14.8683 14.8683
16.634 -14.9608 14.9608
16.635 -15.0489 15.0489
16.636 -15.1326 15.1326
16.637 -15.2118 15.2118
16.638 -15.2865 15.2865
16.639 -15.3567 15.3567
16.64 -15.4225 15.4225
16.641 -15.4837 15.4837
16.642 -15.5405 15.5405
16.643 -15.5929 15.5929
16.644 -15.6408 15.6408
16.645 -15.6843 15.6843
16.646 -15.7234 15.7234
16.647 -15.7582 15.7582
16.648 -15.7887 15.7887
16.649 -15.8149 15.8149
16.65 -15.8369 15.8369
16.651 -15.8548 15.8548
16.652 -15.8685 15.8685
16.653 -15.8781 15.8781
16.654 -15.8836 15.8836
16.655 -15.8851 15.8851
16.656 -15.8827 15.8827
16.657 -15.8763 15.8763
16.658 -15.8661 15.8661
16.659 -15.852 15.852
16.66 -15.8342 15.8342
16.661 -15.8127 15.8127
16.662 -15.7874 15.7874
16.663 -15.7586 15.7586
16.664 -15.7261 15.7261
16.665 -15.6902 15.6902
16.666 -15.6508 15.6508
16.667 -15.608 15.608
16.668 -15.5618 15.5618
16.669 -15.5123 15.5123
16.67 -15.4596 15.4596
16.671 -15.4036 15.4036
16.672 -15.3445 15.3445
16.673 -15.2822 15.2822
16.674 -15.2169 15.2169
16.675 -15.1485 15.1485
16.676 -15.0772 15.0772
16.677 -15.0029 15.0029
16.678 -14.9257 14.9257
16.679 -14.8456 14.8456
16.68 -14.7627 14.7627
16.681 -14.6769 14.6769
16.682 -14.5885 14.5885
16.683 -14.4972 14.4972
16.684 -14.4032 14.4032
16.685 -14.3065 14.3065
16.686 -14.2071 14.2071
16.687 -14.1049 14.1049
16.688 -14.0001 14.0001
16.689 -13.8926 13.8926
16.69 -13.7825 13.7825
16.691 -13.6697 13.6697
16.692 -13.5542 13.5542
16.693 -13.4361 13.4361
16.694 -13.3154 13.3154
16.695 -13.192 13.192
16.696 -13.066 13.066
16.697 -12.9374 12.9374
16.698 -12.8061 12.8061
16.699 -12.6721 12.6721
16.7 -12.5355 12.5355
16.701 -12.3963 12.3963
16.702 -12.2544 12.2544
16.703 -12.1098 12.1098
16.704 -11.9624 11.9624
16.705 -11.8124 11.8124
16.706 -11.6596 11.6596
16.707 -11.504 11.504
16.708 -11.3456 11.3456
16.709 -11.1844 11.1844
16.71 -11.0203 11.0203
16.711 -10.8534 10.8534
16.712 -10.6836 10.6836
16.713 -10.5108 10.5108
16.714 -10.3351 10.3351
16.715 -10.1565 10.1565
16.716 -9.97483 9.97483
16.717 -9.79017 9.79017
16.718 -9.60246 9.60246
16.719 -9.41169 9.41169
16.72 -9.21781 9.21781
16.721 -9.02082 9.02082
16.722 -8.82067 8.82067
16.723 -8.61732 8.61732
16.724 -8.41075 8.41075
16.725 -8.20091 8.20091
16.726 -7.98778 7.98778
16.727 -7.77131 7.77131
16.728 -7.55148 7.55148
16.729 -7.32824 7.32824
16.73 -7.10157 7.10157
16.731 -6.87143 6.87143
16.732 -6.63781 6.63781
16.733 -6.40068 6.40068
16.734 -6.16003 6.16003
16.735 -5.91585 5.91585
16.736 -5.66813 5.66813
16.737 -5.41685 5.41685
16.738 -5.16201 5.16201
16.739 -4.90359 4.90359
16.74 -4.64159 4.64159
16.741 -4.37601 4.37601
16.742 -4.10684 4.10684
16.743 -3.8341 3.8341
16.744 -3.55779 3.55779
16.745 -3.27794 3.27794
16.746 -2.99456 2.99456
16.747 -2.70766 2.70766
16.748 -2.41728 2.41728
16.749 -2.12344 2.12344
16.75 -1.82619 1.82619
16.751 -1.52555 1.52555
16.752 -1.22161 1.22161
16.753 -0.914409 0.914409
16.754 -0.604042 0.604042
16.755 -0.290589 0.290589
16.756 0.0258572 -0.0258572
16.757 0.345193 -0.345193
16.758 0.667301 -0.667301
16.759 0.992056 -0.992056
16.76 1.31932 -1.31932
16.761 1.64894 -1.64894
16.762 1.98075 -1.98075
16.763 2.31456 -2.31456
16.764 2.65018 -2.65018
16.765 2.9874 -2.9874
16.766 3.32602 -3.32602
16.767 3.6658 -3.6658
16.768 4.00652 -4.00652
16.769 4.34794 -4.34794
16.77 4.68981 -4.68981
16.771 5.03186 -5.03186
16.772 5.37384 -5.37384
16.773 5.71545 -5.71545
16.774 6.05642 -6.05642
16.775 6.39645 -6.39645
16.776 6.73524 -6.73524
16.777 7.0725 -7.0725
16.778 7.40792 -7.40792
16.779 7.7412 -7.7412
16.78 8.07204 -8.07204
16.781 8.40012 -8.40012
16.782 8.72518 -8.72518
16.783 9.04693 -9.04693
16.784 9.36511 -9.36511
16.785 9.67943 -9.67943
16.786 9.98964 -9.98964
16.787 10.2955 -10.2955
16.788 10.5967 -10.5967
16.789 10.893 -10.893
16.79 11.1843 -11.1843
16.791 11.4702 -11.4702
16.792 11.7506 -11.7506
16.793 12.0252 -12.0252
16.794 12.2939 -12.2939
16.795 12.5566 -12.5566
16.796 12.8129 -12.8129
16.797 13.0628 -13.0628
16.798 13.3062 -13.3062
16.799 13.5428 -13.5428
16.8 13.7727 -13.7727
16.801 13.9957 -13.9957
16.802 14.2118 -14.2118
16.803 14.4208 -14.4208
16.804 14.6228 -14.6228
16.805 14.8178 -14.8178
16.806 15.0056 -15.0056
16.807 15.1865 -15.1865
16.808 15.3602 -15.3602
16.809 15.527 -15.527
16.81 15.6867 -15.6867
16.811 15.8396 -15.8396
16.812 15.9855 -15.9855
16.813 16.1247 -16.1247
16.814 16.2572 -16.2572
16.815 16.3831 -16.3831
16.816 16.5025 -16.5025
16.817 16.6155 -16.6155
16.818 16.7223 -16.7223
16.819 16.823 -16.823
16.82 16.9176 -16.9176
16.821 17.0064 -17.0064
16.822 17.0894 -17.0894
16.823 17.1668 -17.1668
16.824 17.2387 -17.2387
16.825 17.3052 -17.3052
16.826 17.3665 -17.3665
16.827 17.4226 -17.4226
16.828 17.4739 -17.4739
16.829 17.5202 -17.5202
16.83 17.5619 -17.5619
16.831 17.5991 -17.5991
16.832 17.6317 -17.6317
16.833 17.6601 -17.6601
16.834 17.6843 -17.6843
16.835 17.7043 -17.7043
16.836 17.7205 -17.7205
16.837 17.7328 -17.7328
16.838 17.7413 -17.7413
16.839 17.7463 -17.7463
16.84 17.7478 -17.7478
16.841 17.7458 -17.7458
16.842 17.7406 -17.7406
16.843 17.7322 -17.7322
16.844 17.7208 -17.7208
16.845 17.7063 -17.7063
16.846 17.6889 -17.6889
16.847 17.6687 -17.6687
16.848 17.6458 -17.6458
16.849 17.6202 -17.6202
16.85 17.5921 -17.5921
16.851 17.5615 -17.5615
16.852 17.5285 -17.5285
16.853 17.4932 -17.4932
16.854 17.4555 -17.4555
16.855 17.4157 -17.4157
16.856 17.3738 -17.3738
16.857 17.3298 -17.3298
16.858 17.2837 -17.2837
16.859 17.2357 -17.2357
16.86 17.1859 -17.1859
16.861 17.1341 -17.1341
16.862 17.0806 -17.0806
16.863 17.0253 -17.0253
16.864 16.9683 -16.9683
16.865 16.9097 -16.9097
16.866 16.8494 -16.8494
16.867 16.7876 -16.7876
16.868 16.7242 -16.7242
16.869 16.6593 -16.6593
16.87 16.5929 -16.5929
16.871 16.5251 -16.5251
16.872 16.456 -16.456
16.873 16.3855 -16.3855
16.874 16.3136 -16.3136
16.875 16.2406 -16.2406
16.876 16.1663 -16.1663
16.877 16.0908 -16.0908
16.878 16.0142 -16.0142
16.879 15.9365 -15.9365
16.88 15.8577 -15.8577
16.881 15.778 -15.778
16.882 15.6972 -15.6972
16.883 15.6154 -15.6154
16.884 15.5328 -15.5328
16.885 15.4493 -15.4493
16.886 15.365 -15.365
16.887 15.2799 -15.2799
16.888 15.1941 -15.1941
16.889 15.1076 -15.1076
16.89 15.0204 -15.0204
16.891 14.9326 -14.9326
16.892 14.8442 -14.8442
16.893 14.7553 -14.7553
16.894 14.6658 -14.6658
16.895 14.576 -14.576
16.896 14.4857 -14.4857
16.897 14.395 -14.395
16.898 14.304 -14.304
16.899 14.2128 -14.2128
16.9 14.1213 -14.1213
16.901 14.0296 -14.0296
16.902 13.9377 -13.9377
16.903 13.8458 -13.8458
16.904 13.7538 -13.7538
16.905 13.6619 -13.6619
16.906 13.57 -13.57
16.907 13.4782 -13.4782
16.908 13.3867 -13.3867
16.909 13.2953 -13.2953
16.91 13.2043 -13.2043
16.911 13.1135 -13.1135
16.912 13.0232 -13.0232
16.913 12.9333 -12.9333
16.914 12.8438 -12.8438
16.915 12.7549 -12.7549
16.916 12.6665 -12.6665
16.917 12.5787 -12.5787
16.918 12.4915 -12.4915
16.919 12.405 -12.405
16.92 12.3192 -12.3192
16.921 12.2342 -12.2342
16.922 12.1499 -12.1499
16.923 12.0665 -12.0665
16.924 11.9839 -11.9839
16.925 11.9022 -11.9022
16.926 11.8213 -11.8213
16.927 11.7413 -11.7413
16.928 11.6623 -11.6623
16.929 11.5842 -11.5842
16.93 11.5072 -11.5072
16.931 11.4311 -11.4311
16.932 11.356 -11.356
16.933 11.2819 -11.2819
16.934 11.2088 -11.2088
16.935 11.1368 -11.1368
16.936 11.0657 -11.0657
16.937 10.9957 -10.9957
16.938 10.9266 -10.9266
16.939 10.8586 -10.8586
16.94 10.7916 -10.7916
16.941 10.7256 -10.7256
16.942 10.6606 -10.6606
16.943 10.5965 -10.5965
16.944 10.5335 -10.5335
16.945 10.4714 -10.4714
16.946 10.4103 -10.4103
16.947 10.3501 -10.3501
16.948 10.2908 -10.2908
16.949 10.2324 -10.2324
16.95 10.1749 -10.1749
16.951 10.1183 -10.1183
16.952 10.0626 -10.0626
16.953 10.0077 -10.0077
16.954 9.95368 -9.95368
16.955 9.9005 -9.9005
16.956 9.84815 -9.84815
16.957 9.79662 -9.79662
16.958 9.7459 -9.7459
16.959 9.69598 -9.69598
16.96 9.64685 -9.64685
16.961 9.59849 -9.59849
16.962 9.55092 -9.55092
16.963 9.50412 -9.50412
16.964 9.4581 -9.4581
16.965 9.41286 -9.41286
16.966 9.36839 -9.36839
16.967 9.3247 -9.3247
16.968 9.28178 -9.28178
16.969 9.23963 -9.23963
16.97 9.19826 -9.19826
16.971 9.15766 -9.15766
16.972 9.11786 -9.11786
16.973 9.07887 -9.07887
16.974 9.04074 -9.04074
16.975 9.00347 -9.00347
16.976 8.9671 -8.9671
16.977 8.93164 -8.93164
16.978 8.89713 -8.89713
16.979 8.86357 -8.86357
16.98 8.83101 -8.83101
16.981 8.79945 -8.79945
16.982 8.76894 -8.76894
16.983 8.73953 -8.7395
16.984 8.71123 -8.7112
16.985 8.68408 -8.68406
16.986 8.65812 -8.65813
16.987 8.63341 -8.63341
16.988 8.60995 -8.60998
16.989 8.58782 -8.58782
16.99 8.56702 -8.56702
16.991 8.54758 -8.54758
16.992 8.52956 -8.52956
16.993 8.51296 -8.51296
16.994 8.49784 -8.49784
16.995 8.48421 -8.48421
16.996 8.4721 -8.4721
16.997 8.46156 -8.46156
16.998 8.4526 -8.4526
16.999 8.44525 -8.44525
17 8.43954 -8.43954
17.001 8.43549 -8.43549
17.002 8.43313 -8.43313
17.003 8.43246 -8.43246
17.004 8.43351 -8.43351
17.005 8.43628 -8.43628
17.006 8.44079 -8.44079
17.007 8.44704 -8.44704
17.008 8.45506 -8.45506
17.009 8.46485 -8.46485
17.01 8.47642 -8.47642
17.011 8.48978 -8.48978
17.012 8.50493 -8.50493
17.013 8.52186 -8.52186
17.014 8.54057 -8.54057
17.015 8.56107 -8.56107
17.016 8.58333 -8.58333
17.017 8.60737 -8.60737
17.018 8.63316 -8.63316
17.019 8.66071 -8.66071
17.02 8.69 -8.69
17.021 8.72102 -8.72102
17.022 8.75374 -8.75374
17.023 8.78814 -8.78814
17.024 8.82419 -8.82419
17.025 8.86185 -8.86185
17.026 8.9011 -8.9011
17.027 8.94191 -8.94191
17.028 8.98423 -8.98423
17.029 9.02804 -9.02804
17.03 9.07329 -9.07329
17.031 9.11997 -9.11997
17.032 9.16802 -9.16802
17.033 9.21742 -9.21742
17.034 9.26812 -9.26812
17.035 9.32008 -9.32008
17.036 9.37328 -9.37328
17.037 9.42766 -9.42766
17.038 9.48319 -9.48319
17.039 9.53983 -9.53983
17.04 9.59754 -9.59754
17.041 9.65627 -9.65627
17.042 9.71599 -9.71599
17.043 9.77664 -9.77664
17.044 9.83819 -9.83819
17.045 9.90059 -9.90059
17.046 9.9638 -9.9638
17.047 10.0278 -10.0278
17.048 10.0925 -10.0925
17.049 10.1578 -10.1578
17.05 10.2238 -10.2238
17.051 10.2904 -10.2904
17.052 10.3575 -10.3575
17.053 10.4251 -10.4251
17.054 10.4932 -10.4932
17.055 10.5617 -10.5617
17.056 10.6305 -10.6305
17.057 10.6996 -10.6996
17.058 10.769 -10.769
17.059 10.8386 -10.8386
17.06 10.9084 -10.9084
17.061 10.9783 -10.9783
17.062 11.0483 -11.0483
17.063 11.1183 -11.1183
17.064 11.1884 -11.1884
17.065 11.2586 -11.2586
17.066 11.3287 -11.3287
17.067 11.3988 -11.3988
17.068 11.4688 -11.4688
17.069 11.5387 -11.5387
17.07 11.6085 -11.6085
17.071 11.6781 -11.6781
17.072 11.7476 -11.7476
17.073 11.8168 -11.8168
17.074 11.8858 -11.8858
17.075 11.9546 -11.9546
17.076 12.0231 -12.0231
17.077 12.0913 -12.0913
17.078 12.1592 -12.1592
17.079 12.2267 -12.2267
17.08 12.2938 -12.2938
17.081 12.3606 -12.3606
17.082 12.4269 -12.4269
17.083 12.4928 -12.4928
17.084 12.5582 -12.5582
17.085 12.6232 -12.6232
17.086 12.6877 -12.6877
17.087 12.7518 -12.7518
17.088 12.8153 -12.8153
17.089 12.8784 -12.8784
17.09 12.9409 -12.9409
17.091 13.0029 -13.0029
17.092 13.0643 -13.0643
17.093 13.1251 -13.1251
17.094 13.1854 -13.1854
17.095 13.245 -13.245
17.096 13.3039 -13.3039
17.097 13.3622 -13.3622
17.098 13.4197 -13.4197
17.099 13.4765 -13.4765
17.1 13.5326 -13.5326
17.101 13.5878 -13.5878
17.102 13.6423 -13.6423
17.103 13.6959 -13.6959
17.104 13.7486 -13.7486
17.105 13.8004 -13.8004
17.106 13.8513 -13.8513
17.107 13.9012 -13.9012
17.108 13.95 -13.95
17.109 13.9978 -13.9978
17.11 14.0446 -14.0446
17.111 14.0902 -14.0902
17.112 14.1348 -14.1348
17.113 14.1782 -14.1782
17.114 14.2204 -14.2204
17.115 14.2615 -14.2615
17.116 14.3014 -14.3014
17.117 14.3402 -14.3402
17.118 14.3777 -14.3777
17.119 14.414 -14.414
17.12 14.4492 -14.4492
17.121 14.4831 -14.4831
17.122 14.5158 -14.5158
17.123 14.5472 -14.5472
17.124 14.5775 -14.5775
17.125 14.6067 -14.6067
17.126 14.6346 -14.6346
17.127 14.6614 -14.6614
17.128 14.687 -14.687
17.129 14.7115 -14.7115
17.13 14.7349 -14.7349
17.131 14.7572 -14.7572
17.132 14.7784 -14.7784
17.133 14.7985 -14.7985
17.134 14.8175 -14.8175
17.135 14.8354 -14.8354
17.136 14.8522 -14.8522
17.137 14.868 -14.868
17.138 14.8826 -14.8826
17.139 14.8963 -14.8963
17.14 14.9089 -14.9089
17.141 14.9204 -14.9204
17.142 14.9309 -14.9309
17.143 14.9404 -14.9404
17.144 14.9489 -14.9489
17.145 14.9564 -14.9564
17.146 14.9629 -14.9629
17.147 14.9684 -14.9684
17.148 14.9729 -14.9729
17.149 14.9765 -14.9765
17.15 14.9791 -14.9791
17.151 14.9807 -14.9807
17.152 14.9814 -14.9814
17.153 14.9811 -14.9811
17.154 14.9797 -14.9797
17.155 14.9773 -14.9773
17.156 14.9738 -14.9738
17.157 14.9691 -14.9691
17.158 14.9634 -14.9634
17.159 14.9564 -14.9564
17.16 14.9483 -14.9483
17.161 14.9389 -14.9389
17.162 14.9283 -14.9283
17.163 14.9164 -14.9164
17.164 14.9032 -14.9032
17.165 14.8886 -14.8886
17.166 14.8726 -14.8726
17.167 14.8552 -14.8552
17.168 14.8363 -14.8363
17.169 14.816 -14.816
17.17 14.7941 -14.7941
17.171 14.7707 -14.7707
17.172 14.7457 -14.7457
17.173 14.7191 -14.7191
17.174 14.6909 -14.6909
17.175 14.661 -14.661
17.176 14.6294 -14.6294
17.177 14.5961 -14.5961
17.178 14.561 -14.561
17.179 14.5242 -14.5242
17.18 14.4855 -14.4855
17.181 14.445 -14.445
17.182 14.4026 -14.4026
17.183 14.3585 -14.3585
17.184 14.3124 -14.3124
17.185 14.2645 -14.2645
17.186 14.2148 -14.2148
17.187 14.1631 -14.1631
17.188 14.1096 -14.1096
17.189 14.0543 -14.0543
17.19 13.997 -13.997
17.191 13.9379 -13.9379
17.192 13.8769 -13.8769
17.193 13.8141 -13.8141
17.194 13.7494 -13.7494
17.195 13.6829 -13.6829
17.196 13.6146 -13.6146
17.197 13.5445 -13.5445
17.198 13.4727 -13.4727
17.199 13.399 -13.399
17.2 13.3236 -13.3236
17.201 13.2465 -13.2465
17.202 13.1677 -13.1677
17.203 13.0871 -13.0871
17.204 13.005 -13.005
17.205 12.9212 -12.9212
17.206 12.8358 -12.8358
17.207 12.7488 -12.7488
17.208 12.6603 -12.6603
17.209 12.5703 -12.5703
17.21 12.4788 -12.4788
17.211 12.3859 -12.3859
17.212 12.2915 -12.2915
17.213 12.1956 -12.1956
17.214 12.0984 -12.0984
17.215 11.9998 -11.9998
17.216 11.8998 -11.8998
17.217 11.7984 -11.7984
17.218 11.6957 -11.6957
17.219 11.5917 -11.5917
17.22 11.4864 -11.4864
17.221 11.3798 -11.3798
17.222 11.2719 -11.2719
17.223 11.1627 -11.1627
17.224 11.0521 -11.0521
17.225 10.9402 -10.9402
17.226 10.827 -10.827
17.227 10.7125 -10.7125
17.228 10.5966 -10.5966
17.229 10.4793 -10.4793
17.23 10.3607 -10.3607
17.231 10.2406 -10.2406
17.232 10.1192 -10.1192
17.233 9.99638 -9.99638
17.234 9.87209 -9.87209
17.235 9.74633 -9.74633
17.236 9.61907 -9.61907
17.237 9.49031 -9.49031
17.238 9.36 -9.36
17.239 9.22814 -9.22814
17.24 9.09469 -9.09469
17.241 8.95964 -8.95964
17.242 8.82298 -8.82298
17.243 8.68467 -8.68467
17.244 8.5447 -8.5447
17.245 8.40305 -8.40305
17.246 8.2597 -8.2597
17.247 8.11464 -8.11464
17.248 7.96784 -7.96784
17.249 7.81929 -7.81929
17.25 7.66897 -7.66897
17.251 7.51686 -7.51686
17.252 7.36297 -7.36297
17.253 7.20729 -7.20729
17.254 7.04983 -7.04983
17.255 6.89058 -6.89058
17.256 6.72955 -6.72955
17.257 6.56675 -6.56675
17.258 6.40217 -6.40217
17.259 6.23582 -6.23582
17.26 6.06771 -6.06771
17.261 5.89784 -5.89784
17.262 5.72625 -5.72625
17.263 5.55298 -5.55298
17.264 5.37806 -5.37806
17.265 5.20154 -5.20154
17.266 5.02347 -5.02347
17.267 4.84388 -4.84388
17.268 4.66281 -4.66281
17.269 4.48032 -4.48032
17.27 4.29645 -4.29645
17.271 4.11125 -4.11125
17.272 3.92479 -3.92479
17.273 3.73713 -3.73713
17.274 3.54837 -3.54837
17.275 3.35857 -3.35857
17.276 3.16781 -3.16781
17.277 2.97617 -2.97617
17.278 2.78372 -2.78372
17.279 2.59056 -2.59056
17.28 2.39677 -2.39677
17.281 2.20242 -2.20242
17.282 2.00763 -2.00763
17.283 1.8125 -1.8125
17.284 1.61713 -1.61713
17.285 1.42163 -1.42163
17.286 1.22611 -1.22611
17.287 1.03068 -1.03068
17.288 0.835463 -0.835463
17.289 0.640561 -0.640561
17.29 0.446093 -0.446093
17.291 0.252175 -0.252175
17.292 0.0589204 -0.0589204
17.293 -0.133558 0.133558
17.294 -0.325144 0.325144
17.295 -0.515723 0.515723
17.296 -0.705175 0.705175
17.297 -0.893381 0.893381
17.298 -1.08022 1.08022
17.299 -1.26557 1.26557
17.3 -1.44932 1.44932
17.301 -1.63134 1.63134
17.302 -1.81153 1.81153
17.303 -1.9898 1.9898
17.304 -2.16605 2.16605
17.305 -2.34018 2.34018
17.306 -2.5121 2.5121
17.307 -2.68171 2.68171
17.308 -2.84892 2.84892
17.309 -3.01364 3.01364
17.31 -3.17577 3.17577
17.311 -3.33522 3.33522
17.312 -3.49193 3.49193
17.313 -3.64584 3.64584
17.314 -3.79688 3.79688
17.315 -3.945 3.945
17.316 -4.09013 4.09013
17.317 -4.23223 4.23223
17.318 -4.37124 4.37124
17.319 -4.5071 4.5071
17.32 -4.63977 4.63977
17.321 -4.7692 4.7692
17.322 -4.89536 4.89536
17.323 -5.01821 5.01821
17.324 -5.13772 5.13772
17.325 -5.25386 5.25386
17.326 -5.3666 5.3666
17.327 -5.47593 5.47593
17.328 -5.58181 5.58181
17.329 -5.68424 5.68424
17.33 -5.78319 5.78319
17.331 -5.87864 5.87864
17.332 -5.97056 5.97056
17.333 -6.05889 6.05889
17.334 -6.14361 6.14361
17.335 -6.22467 6.22467
17.336 -6.30204 6.30204
17.337 -6.37568 6.37568
17.338 -6.44557 6.44557
17.339 -6.51168 6.51168
17.34 -6.57398 6.57398
17.341 -6.63245 6.63245
17.342 -6.68705 6.68705
17.343 -6.73774 6.73774
17.344 -6.78446 6.78446
17.345 -6.8272 6.8272
17.346 -6.86591 6.86591
17.347 -6.90057 6.90057
17.348 -6.93113 6.93113
17.349 -6.95758 6.95758
17.35 -6.9799 6.9799
17.351 -6.99804 6.99804
17.352 -7.01198 7.01198
17.353 -7.02167 7.02167
17.354 -7.02706 7.02706
17.355 -7.02812 7.02812
17.356 -7.02481 7.02481
17.357 -7.01709 7.01709
17.358 -7.00493 7.00495
17.359 -6.98831 6.98831
17.36 -6.96718 6.96718
17.361 -6.94153 6.94153
17.362 -6.91132 6.91132
17.363 -6.87653 6.87653
17.364 -6.83713 6.83713
17.365 -6.79312 6.79312
17.366 -6.74446 6.74446
17.367 -6.69113 6.69113
17.368 -6.63312 6.63312
17.369 -6.57041 6.57041
17.37 -6.50299 6.50299
17.371 -6.43084 6.43084
17.372 -6.35397 6.35397
17.373 -6.27242 6.27242
17.374 -6.1862 6.1862
17.375 -6.09533 6.09533
17.376 -5.99983 5.99983
17.377 -5.89973 5.89973
17.378 -5.79505 5.79505
17.379 -5.68582 5.68582
17.38 -5.57205 5.57205
17.381 -5.45377 5.45377
17.382 -5.33104 5.33104
17.383 -5.20389 5.20389
17.384 -5.07239 5.07239
17.385 -4.93657 4.93657
17.386 -4.7965 4.7965
17.387 -4.65222 4.65222
17.388 -4.50378 4.50378
17.389 -4.35124 4.35124
17.39 -4.19465 4.19465
17.391 -4.03406 4.03406
17.392 -3.86954 3.86954
17.393 -3.70116 3.70116
17.394 -3.52899 3.52899
17.395 -3.35311 3.35311
17.396 -3.17358 3.17358
17.397 -2.99049 2.99049
17.398 -2.80391 2.80391
17.399 -2.61391 2.61391
17.4 -2.42058 2.42058
17.401 -2.22399 2.22399
17.402 -2.02424 2.02424
17.403 -1.82141 1.82141
17.404 -1.6156 1.6156
17.405 -1.40691 1.40691
17.406 -1.19543 1.19543
17.407 -0.98127 0.98127
17.408 -0.764526 0.764526
17.409 -0.545309 0.545309
17.41 -0.323729 0.323729
17.411 -0.0999024 0.0999024
17.412 0.126047 -0.126047
17.413 0.353988 -0.353988
17.414 0.583785 -0.583785
17.415 0.815298 -0.815298
17.416 1.04838 -1.04838
17.417 1.28289 -1.28289
17.418 1.51868 -1.51868
17.419 1.75558 -1.75558
17.42 1.99344 -1.99344
17.421 2.23209 -2.23209
17.422 2.47138 -2.47138
17.423 2.71112 -2.71112
17.424 2.95115 -2.95115
17.425 3.19129 -3.19129
17.426 3.43136 -3.43136
17.427 3.67119 -3.67119
17.428 3.91059 -3.91059
17.429 4.14937 -4.14937
17.43 4.38735 -4.38735
17.431 4.62433 -4.62433
17.432 4.86013 -4.86013
17.433 5.09452 -5.09452
17.434 5.3273 -5.3273
17.435 5.55826 -5.55826
17.436 5.78719 -5.78719
17.437 6.0139 -6.0139
17.438 6.23817 -6.23817
17.439 6.4598 -6.4598
17.44 6.6786 -6.6786
17.441 6.89436 -6.89436
17.442 7.10689 -7.10689
17.443 7.31601 -7.31601
17.444 7.52152 -7.52152
17.445 7.72323 -7.72323
17.446 7.92098 -7.92098
17.447 8.11459 -8.11459
17.448 8.30389 -8.30389
17.449 8.48872 -8.48872
17.45 8.66893 -8.66893
17.451 8.84435 -8.84435
17.452 9.01484 -9.01484
17.453 9.18024 -9.18024
17.454 9.34041 -9.34041
17.455 9.4952 -9.4952
17.456 9.6445 -9.6445
17.457 9.78816 -9.78816
17.458 9.92608 -9.92608
17.459 10.0582 -10.0582
17.46 10.1843 -10.1843
17.461 10.3043 -10.3043
17.462 10.4183 -10.4183
17.463 10.526 -10.526
17.464 10.6275 -10.6275
17.465 10.7226 -10.7226
17.466 10.8113 -10.8113
17.467 10.8936 -10.8936
17.468 10.9694 -10.9694
17.469 11.0386 -11.0386
17.47 11.1013 -11.1013
17.471 11.1574 -11.1574
17.472 11.2069 -11.2069
17.473 11.2499 -11.2499
17.474 11.2862 -11.2862
17.475 11.3159 -11.3159
17.476 11.339 -11.339
17.477 11.3556 -11.3556
17.478 11.3656 -11.3656
17.479 11.369 -11.369
17.48 11.366 -11.366
17.481 11.3564 -11.3564
17.482 11.3403 -11.3403
17.483 11.3179 -11.3179
17.484 11.2891 -11.2891
17.485 11.2539 -11.2539
17.486 11.2125 -11.2125
17.487 11.1648 -11.1648
17.488 11.111 -11.1109
17.489 11.051 -11.051
17.49 10.9849 -10.9849
17.491 10.9127 -10.9127
17.492 10.8346 -10.8346
17.493 10.7506 -10.7506
17.494 10.6607 -10.6607
17.495 10.565 -10.565
17.496 10.4636 -10.4636
17.497 10.3564 -10.3564
17.498 10.2437 -10.2437
17.499 10.1254 -10.1254
17.5 10.0015 -10.0015
17.501 9.87222 -9.87222
17.502 9.7375 -9.7375
17.503 9.59741 -9.59741
17.504 9.45203 -9.45203
17.505 9.30138 -9.30138
17.506 9.14554 -9.14554
17.507 8.98453 -8.98453
17.508 8.81842 -8.81842
17.509 8.64723 -8.64723
17.51 8.47102 -8.47102
17.511 8.28982 -8.28982
17.512 8.10368 -8.10368
17.513 7.91262 -7.91262
17.514 7.71669 -7.71669
17.515 7.51592 -7.51592
17.516 7.31035 -7.31035
17.517 7.1 -7.1
17.518 6.88491 -6.88491
17.519 6.6651 -6.6651
17.52 6.44061 -6.44061
17.521 6.21146 -6.21146
17.522 5.97768 -5.97768
17.523 5.73928 -5.73928
17.524 5.49628 -5.49628
17.525 5.24871 -5.24871
17.526 4.9966 -4.9966
17.527 4.73995 -4.73995
17.528 4.47879 -4.47879
17.529 4.21316 -4.21316
17.53 3.94307 -3.94307
17.531 3.66856 -3.66856
17.532 3.38965 -3.38965
17.533 3.10636 -3.10636
17.534 2.81873 -2.81873
17.535 2.52678 -2.52678
17.536 2.23055 -2.23055
17.537 1.9301 -1.9301
17.538 1.62546 -1.62546
17.539 1.31668 -1.31668
17.54 1.00384 -1.00384
17.541 0.686988 -0.686988
17.542 0.366209 -0.366209
17.543 0.0415858 -0.0415858
17.544 -0.286788 0.286788
17.545 -0.618804 0.618804
17.546 -0.954342 0.954342
17.547 -1.29327 1.29327
17.548 -1.63544 1.63544
17.549 -1.9807 1.9807
17.55 -2.32888 2.32888
17.551 -2.6798 2.6798
17.552 -3.03328 3.03328
17.553 -3.38912 3.38912
17.554 -3.74711 3.74711
17.555 -4.10705 4.10705
17.556 -4.46869 4.46869
17.557 -4.8318 4.8318
17.558 -5.19612 5.19612
17.559 -5.5614 5.5614
17.56 -5.92735 5.92735
17.561 -6.2937 6.2937
17.562 -6.66013 6.66013
17.563 -7.02634 7.02634
17.564 -7.39198 7.39198
17.565 -7.75674 7.75674
17.566 -8.12028 8.12028
17.567 -8.48225 8.48225
17.568 -8.84231 8.84231
17.569 -9.20012 9.20012
17.57 -9.55533 9.55533
17.571 -9.9076 9.9076
17.572 -10.2566 10.2566
17.573 -10.6019 10.6019
17.574 -10.9432 10.9432
17.575 -11.2801 11.2801
17.576 -11.6124 11.6124
17.577 -11.9396 11.9396
17.578 -12.2615 12.2615
17.579 -12.5778 12.5778
17.58 -12.8881 12.8881
17.581 -13.1923 13.1923
17.582 -13.49 13.49
17.583 -13.781 13.781
17.584 -14.065 14.065
17.585 -14.3419 14.3419
17.586 -14.6114 14.6114
17.587 -14.8734 14.8734
17.588 -15.1278 15.1278
17.589 -15.3742 15.3742
17.59 -15.6128 15.6128
17.591 -15.8433 15.8433
17.592 -16.0656 16.0656
17.593 -16.2798 16.2798
17.594 -16.4857 16.4857
17.595 -16.6833 16.6833
17.596 -16.8726 16.8726
17.597 -17.0536 17.0536
17.598 -17.2264 17.2264
17.599 -17.3908 17.3908
17.6 -17.5471 17.5471
17.601 -17.6952 17.6952
17.602 -17.8352 17.8352
17.603 -17.9672 17.9672
17.604 -18.0913 18.0913
17.605 -18.2075 18.2075
17.606 -18.316 18.316
17.607 -18.4169 18.4169
17.608 -18.5102 18.5102
17.609 -18.5961 18.5961
17.61 -18.6748 18.6748
17.611 -18.7464 18.7464
17.612 -18.811 18.811
17.613 -18.8687 18.8687
17.614 -18.9198 18.9198
17.615 -18.9644 18.9644
17.616 -19.0027 19.0027
17.617 -19.0349 19.0349
17.618 -19.061 19.061
17.619 -19.0812 19.0812
17.62 -19.0958 19.0958
17.621 -19.1048 19.1048
17.622 -19.1085 19.1085
17.623 -19.107 19.107
17.624 -19.1004 19.1004
17.625 -19.0889 19.0889
17.626 -19.0728 19.0728
17.627 -19.052 19.052
17.628 -19.0268 19.0268
17.629 -18.9973 18.9973
17.63 -18.9636 18.9636
17.631 -18.9259 18.9259
17.632 -18.8844 18.8844
17.633 -18.8391 18.8391
17.634 -18.7901 18.7901
17.635 -18.7378 18.7378
17.636 -18.682 18.682
17.637 -18.6231 18.6231
17.638 -18.561 18.561
17.639 -18.496 18.496
17.64 -18.428 18.428
17.641 -18.3573 18.3573
17.642 -18.2839 18.2839
17.643 -18.2079 18.2079
17.644 -18.1295 18.1295
17.645 -18.0486 18.0486
17.646 -17.9655 17.9655
17.647 -17.8801 17.8801
17.648 -17.7926 17.7926
17.649 -17.703 17.703
17.65 -17.6115 17.6115
17.651 -17.518 17.518
17.652 -17.4226 17.4226
17.653 -17.3255 17.3255
17.654 -17.2265 17.2265
17.655 -17.1259 17.1259
17.656 -17.0235 17.0235
17.657 -16.9194 16.9194
17.658 -16.8138 16.8138
17.659 -16.7065 16.7065
17.66 -16.5977 16.5977
17.661 -16.4874 16.4874
17.662 -16.3756 16.3756
17.663 -16.2623 16.2623
17.664 -16.1475 16.1475
17.665 -16.0313 16.0313
17.666 -15.9138 15.9138
17.667 -15.7948 15.7948
17.668 -15.6744 15.6744
17.669 -15.5528 15.5528
17.67 -15.4297 15.4297
17.671 -15.3054 15.3054
17.672 -15.1798 15.1798
17.673 -15.0529 15.0529
17.674 -14.9247 14.9247
17.675 -14.7952 14.7952
17.676 -14.6645 14.6645
17.677 -14.5325 14.5325
17.678 -14.3993 14.3993
17.679 -14.2648 14.2648
17.68 -14.1291 14.1291
17.681 -13.9922 13.9922
17.682 -13.8541 13.8541
17.683 -13.7147 13.7147
17.684 -13.5742 13.5742
17.685 -13.4324 13.4324
17.686 -13.2894 13.2894
17.687 -13.1453 13.1453
17.688 -12.9999 12.9999
17.689 -12.8533 12.8533
17.69 -12.7055 12.7055
17.691 -12.5565 12.5565
17.692 -12.4064 12.4064
17.693 -12.2551 12.2551
17.694 -12.1026 12.1026
17.695 -11.9489 11.9489
17.696 -11.7941 11.7941
17.697 -11.6382 11.6382
17.698 -11.4812 11.4812
17.699 -11.3231 11.3231
17.7 -11.1639 11.1639
17.701 -11.0036 11.0036
17.702 -10.8423 10.8423
17.703 -10.68 10.68
17.704 -10.5166 10.5166
17.705 -10.3523 10.3523
17.706 -10.187 10.187
17.707 -10.0208 10.0208
17.708 -9.85365 9.85365
17.709 -9.68564 9.68564
17.71 -9.51677 9.51677
17.711 -9.34706 9.34706
17.712 -9.17655 9.17655
17.713 -9.00525 9.00525
17.714 -8.8332 8.8332
17.715 -8.66042 8.66042
17.716 -8.48694 8.48694
17.717 -8.3128 8.3128
17.718 -8.13801 8.13801
17.719 -7.96261 7.96261
17.72 -7.78663 7.78663
17.721 -7.6101 7.6101
17.722 -7.43304 7.43304
17.723 -7.25548 7.25548
17.724 -7.07745 7.07745
17.725 -6.89896 6.89896
17.726 -6.72005 6.72005
17.727 -6.54075 6.54075
17.728 -6.36108 6.36108
17.729 -6.18108 6.18108
17.73 -6.00077 6.00077
17.731 -5.8202 5.8202
17.732 -5.63939 5.63939
17.733 -5.45839 5.45839
17.734 -5.27725 5.27725
17.735 -5.096 5.096
17.736 -4.9147 4.9147
17.737 -4.73339 4.73339
17.738 -4.55212 4.55212
17.739 -4.37094 4.37094
17.74 -4.1899 4.1899
17.741 -4.00904 4.00904
17.742 -3.82841 3.82841
17.743 -3.64803 3.64803
17.744 -3.46796 3.46796
17.745 -3.28822 3.28822
17.746 -3.10886 3.10886
17.747 -2.92991 2.92991
17.748 -2.75142 2.75142
17.749 -2.57343 2.57343
17.75 -2.39598 2.39598
17.751 -2.21912 2.21912
17.752 -2.04292 2.04292
17.753 -1.86744 1.86744
17.754 -1.69273 1.69273
17.755 -1.51888 1.51888
17.756 -1.34595 1.34595
17.757 -1.174 1.174
17.758 -1.0031 1.0031
17.759 -0.833335 0.833335
17.76 -0.66476 0.66476
17.761 -0.497451 0.497451
17.762 -0.331473 0.331473
17.763 -0.16689 0.16689
17.764 -0.0037693 0.0037693
17.765 0.157824 -0.157824
17.766 0.317821 -0.317821
17.767 0.476155 -0.476155
17.768 0.632758 -0.632758
17.769 0.787562 -0.787562
17.77 0.940498 -0.940498
17.771 1.0915 -1.0915
17.772 1.24047 -1.24047
17.773 1.38734 -1.38734
17.774 1.53203 -1.53203
17.775 1.67444 -1.67444
17.776 1.81449 -1.81449
17.777 1.95211 -1.95211
17.778 2.0872 -2.0872
17.779 2.2197 -2.2197
17.78 2.34952 -2.34952
17.781 2.47658 -2.47658
17.782 2.60082 -2.60082
17.783 2.72217 -2.72217
17.784 2.84056 -2.84056
17.785 2.95595 -2.95595
17.786 3.06825 -3.06825
17.787 3.17742 -3.17742
17.788 3.28339 -3.28339
17.789 3.38612 -3.38612
17.79 3.48554 -3.48554
17.791 3.58161 -3.58161
17.792 3.67428 -3.67428
17.793 3.76349 -3.76349
17.794 3.84921 -3.84921
17.795 3.93139 -3.93139
17.796 4.01 -4.01
17.797 4.08498 -4.08498
17.798 4.15632 -4.15632
17.799 4.22397 -4.22397
17.8 4.2879 -4.2879
17.801 4.34809 -4.34809
17.802 4.40453 -4.40453
17.803 4.4572 -4.4572
17.804 4.5061 -4.5061
17.805 4.55122 -4.55122
17.806 4.59258 -4.59258
17.807 4.63016 -4.63016
17.808 4.66397 -4.66397
17.809 4.69401 -4.69401
17.81 4.7203 -4.7203
17.811 4.74284 -4.74284
17.812 4.76165 -4.76165
17.813 4.77675 -4.77675
17.814 4.78817 -4.78817
17.815 4.79592 -4.79592
17.816 4.80003 -4.80003
17.817 4.80054 -4.80054
17.818 4.79745 -4.79747
17.819 4.79085 -4.7908
17.82 4.78067 -4.78067
17.821 4.76704 -4.76704
17.822 4.74997 -4.74997
17.823 4.72954 -4.72954
17.824 4.70581 -4.70581
17.825 4.67883 -4.67883
17.826 4.64867 -4.64867
17.827 4.6154 -4.6154
17.828 4.57907 -4.57907
17.829 4.53977 -4.53977
17.83 4.49754 -4.49754
17.831 4.45247 -4.45247
17.832 4.40462 -4.40462
17.833 4.35406 -4.35406
17.834 4.30085 -4.30085
17.835 4.24507 -4.24507
17.836 4.18679 -4.18679
17.837 4.12609 -4.12609
17.838 4.06302 -4.06302
17.839 3.99766 -3.99766
17.84 3.93009 -3.93009
17.841 3.86037 -3.86037
17.842 3.78856 -3.78856
17.843 3.71473 -3.71473
17.844 3.63891 -3.63891
17.845 3.56119 -3.56119
17.846 3.4816 -3.4816
17.847 3.40021 -3.40021
17.848 3.31708 -3.31708
17.849 3.23226 -3.23226
17.85 3.14582 -3.14582
17.851 3.0578 -3.0578
17.852 2.96825 -2.96825
17.853 2.87721 -2.87721
17.854 2.78469 -2.78469
17.855 2.69075 -2.69075
17.856 2.59541 -2.59541
17.857 2.49872 -2.49872
17.858 2.4007 -2.4007
17.859 2.3014 -2.3014
17.86 2.20086 -2.20086
17.861 2.0991 -2.0991
17.862 1.99614 -1.99614
17.863 1.89199 -1.89199
17.864 1.78668 -1.78668
17.865 1.68021 -1.68021
17.866 1.57259 -1.57259
17.867 1.46384 -1.46384
17.868 1.35399 -1.35399
17.869 1.24303 -1.24303
17.87 1.131 -1.131
17.871 1.01791 -1.01791
17.872 0.90378 -0.90378
17.873 0.788646 -0.788646
17.874 0.672532 -0.672532
17.875 0.555467 -0.555467
17.876 0.437481 -0.437481
17.877 0.318604 -0.318604
17.878 0.198865 -0.198865
17.879 0.0782985 -0.0782985
17.88 -0.0430641 0.0430641
17.881 -0.165182 0.165182
17.882 -0.288001 0.288001
17.883 -0.411459 0.411459
17.884 -0.535494 0.535494
17.885 -0.660043 0.660043
17.886 -0.785042 0.785042
17.887 -0.910426 0.910426
17.888 -1.03613 1.03613
17.889 -1.16209 1.16209
17.89 -1.28824 1.28824
17.891 -1.41451 1.41451
17.892 -1.54081 1.54081
17.893 -1.66704 1.66704
17.894 -1.79311 1.79311
17.895 -1.91892 1.91892
17.896 -2.04439 2.04439
17.897 -2.16941 2.16941
17.898 -2.29389 2.29389
17.899 -2.41774 2.41774
17.9 -2.54086 2.54086
17.901 -2.66315 2.66315
17.902 -2.78454 2.78454
17.903 -2.90491 2.90491
17.904 -3.02417 3.02417
17.905 -3.14224 3.14224
17.906 -3.25902 3.25902
17.907 -3.37441 3.37441
17.908 -3.48833 3.48833
17.909 -3.60068 3.60068
17.91 -3.71138 3.71138
17.911 -3.82034 3.82034
17.912 -3.92746 3.92746
17.913 -4.03265 4.03265
17.914 -4.13581 4.13581
17.915 -4.23686 4.23686
17.916 -4.3357 4.3357
17.917 -4.43225 4.43225
17.918 -4.52641 4.52641
17.919 -4.6181 4.6181
17.92 -4.70724 4.70724
17.921 -4.79375 4.79375
17.922 -4.87757 4.87757
17.923 -4.95865 4.95865
17.924 -5.03695 5.03695
17.925 -5.1124 5.1124
17.926 -5.18497 5.18497
17.927 -5.25461 5.25461
17.928 -5.32128 5.32128
17.929 -5.38494 5.38494
17.93 -5.44555 5.44555
17.931 -5.50308 5.50308
17.932 -5.55751 5.55751
17.933 -5.60881 5.60881
17.934 -5.65699 5.65699
17.935 -5.70203 5.70203
17.936 -5.74391 5.74391
17.937 -5.78264 5.78264
17.938 -5.8182 5.8182
17.939 -5.8506 5.8506
17.94 -5.87983 5.87983
17.941 -5.90588 5.90588
17.942 -5.92878 5.92878
17.943 -5.94853 5.94853
17.944 -5.96514 5.96514
17.945 -5.97863 5.97863
17.946 -5.98901 5.98901
17.947 -5.9963 5.9963
17.948 -6.00052 6.00052
17.949 -6.00169 6.00169
17.95 -5.99983 5.99983
17.951 -5.99496 5.99496
17.952 -5.9871 5.98711
17.953 -5.97631 5.97627
17.954 -5.96253 5.96253
17.955 -5.94587 5.94587
17.956 -5.92632 5.92632
17.957 -5.90392 5.90392
17.958 -5.87869 5.87869
17.959 -5.85067 5.85067
17.96 -5.81987 5.81987
17.961 -5.78634 5.78634
17.962 -5.75009 5.75009
17.963 -5.71114 5.71114
17.964 -5.66949 5.66949
17.965 -5.62518 5.62518
17.966 -5.57821 5.57821
17.967 -5.5286 5.5286
17.968 -5.47637 5.47637
17.969 -5.42155 5.42155
17.97 -5.36414 5.36414
17.971 -5.30418 5.30418
17.972 -5.24165 5.24165
17.973 -5.17658 5.17658
17.974 -5.10896 5.10896
17.975 -5.0388 5.0388
17.976 -4.96611 4.96611
17.977 -4.89089 4.89089
17.978 -4.81314 4.81314
17.979 -4.73289 4.73289
17.98 -4.65013 4.65013
17.981 -4.56487 4.56487
17.982 -4.47712 4.47712
17.983 -4.38689 4.38689
17.984 -4.29419 4.29419
17.985 -4.19904 4.19904
17.986 -4.10144 4.10144
17.987 -4.0014 4.0014
17.988 -3.89894 3.89894
17.989 -3.79408 3.79408
17.99 -3.68682 3.68682
17.991 -3.57717 3.57717
17.992 -3.46517 3.46517
17.993 -3.35083 3.35083
17.994 -3.23418 3.23418
17.995 -3.11524 3.11524
17.996 -2.99405 2.99405
17.997 -2.87062 2.87062
17.998 -2.74498 2.74498
17.999 -2.61716 2.61716
18 -2.4872 2.4872
18.001 -2.35512 2.35512
18.002 -2.22098 2.22098
18.003 -2.08483 2.08483
18.004 -1.94673 1.94673
18.005 -1.80673 1.80673
18.006 -1.66491 1.66491
18.007 -1.52132 1.52132
18.008 -1.37602 1.37602
18.009 -1.22907 1.22907
18.01 -1.08055 1.08055
18.011 -0.930509 0.930509
18.012 -0.779029 0.779029
18.013 -0.626185 0.626185
18.014 -0.472054 0.472054
18.015 -0.316714 0.316714
18.016 -0.160247 0.160247
18.017 -0.00273268 0.00273268
18.018 0.155745 -0.155745
18.019 0.315102 -0.315102
18.02 0.47525 -0.47525
18.021 0.636102 -0.636102
18.022 0.797566 -0.797566
18.023 0.959553 -0.959553
18.024 1.12197 -1.12197
18.025 1.28472 -1.28472
18.026 1.44772 -1.44772
18.027 1.61086 -1.61086
18.028 1.77405 -1.77405
18.029 1.93719 -1.93719
18.03 2.10019 -2.10019
18.031 2.26294 -2.26294
18.032 2.42534 -2.42534
18.033 2.58727 -2.58727
18.034 2.74864 -2.74864
18.035 2.90932 -2.90932
18.036 3.0692 -3.0692
18.037 3.22819 -3.22819
18.038 3.38616 -3.38616
18.039 3.543 -3.543
18.04 3.69861 -3.69861
18.041 3.85289 -3.85289
18.042 4.00572 -4.00572
18.043 4.15701 -4.15701
18.044 4.30666 -4.30666
18.045 4.45457 -4.45457
18.046 4.60064 -4.60064
18.047 4.74479 -4.74479
18.048 4.88691 -4.88691
18.049 5.02691 -5.02691
18.05 5.1647 -5.1647
18.051 5.3002 -5.3002
18.052 5.43332 -5.43332
18.053 5.56401 -5.56401
18.054 5.6922 -5.6922
18.055 5.81782 -5.81782
18.056 5.94081 -5.94081
18.057 6.0611 -6.0611
18.058 6.17865 -6.17865
18.059 6.29339 -6.29339
18.06 6.40527 -6.40527
18.061 6.51424 -6.51424
18.062 6.62027 -6.62027
18.063 6.7233 -6.7233
18.064 6.82331 -6.82331
18.065 6.92027 -6.92027
18.066 7.01414 -7.01414
18.067 7.10489 -7.10489
18.068 7.19252 -7.19252
18.069 7.27698 -7.27698
18.07 7.35826 -7.35826
18.071 7.43634 -7.43634
18.072 7.51119 -7.51119
18.073 7.58281 -7.58281
18.074 7.65116 -7.65116
18.075 7.71623 -7.71623
18.076 7.778 -7.778
18.077 7.83648 -7.83648
18.078 7.89164 -7.89164
18.079 7.94347 -7.94347
18.08 7.99198 -7.99198
18.081 8.03716 -8.03716
18.082 8.07901 -8.07901
18.083 8.1175 -8.1175
18.084 8.15265 -8.15265
18.085 8.18443 -8.18443
18.086 8.21287 -8.21287
18.087 8.23794 -8.23794
18.088 8.25967 -8.25967
18.089 8.27804 -8.27804
18.09 8.29308 -8.29308
18.091 8.30477 -8.30477
18.092 8.31313 -8.31313
18.093 8.31816 -8.31816
18.094 8.31985 -8.31985
18.095 8.31822 -8.31822
18.096 8.31327 -8.31327
18.097 8.30501 -8.30501
18.098 8.29345 -8.29345
18.099 8.27858 -8.27858
18.1 8.26044 -8.26044
18.101 8.23902 -8.23903
18.102 8.21435 -8.21435
18.103 8.18643 -8.18643
18.104 8.15527 -8.15527
18.105 8.12091 -8.12091
18.106 8.08334 -8.08334
18.107 8.04259 -8.04259
18.108 7.99868 -7.99868
18.109 7.95162 -7.95162
18.11 7.90143 -7.90143
18.111 7.84813 -7.84813
18.112 7.79174 -7.79174
18.113 7.73227 -7.73227
18.114 7.66976 -7.66976
18.115 7.60423 -7.60423
18.116 7.53568 -7.53568
18.117 7.46415 -7.46415
18.118 7.38965 -7.38965
18.119 7.31222 -7.31222
18.12 7.23186 -7.23186
18.121 7.1486 -7.1486
18.122 7.06248 -7.06248
18.123 6.97352 -6.97352
18.124 6.88176 -6.88176
18.125 6.78723 -6.78723
18.126 6.68995 -6.68995
18.127 6.58996 -6.58996
18.128 6.4873 -6.4873
18.129 6.38199 -6.38199
18.13 6.27407 -6.27407
18.131 6.16358 -6.16358
18.132 6.05055 -6.05055
18.133 5.93503 -5.93503
18.134 5.81709 -5.81709
18.135 5.69676 -5.69676
18.136 5.57409 -5.57409
18.137 5.44915 -5.44915
18.138 5.32197 -5.32197
18.139 5.1926 -5.1926
18.14 5.06111 -5.06111
18.141 4.92753 -4.92753
18.142 4.79194 -4.79194
18.143 4.65438 -4.65438
18.144 4.51492 -4.51492
18.145 4.37362 -4.37362
18.146 4.23054 -4.23054
18.147 4.08573 -4.08573
18.148 3.93927 -3.93927
18.149 3.79122 -3.79122
18.15 3.64164 -3.64164
18.151 3.49058 -3.49058
18.152 3.33813 -3.33813
18.153 3.18433 -3.18433
18.154 3.02926 -3.02926
18.155 2.87299 -2.87299
18.156 2.71557 -2.71557
18.157 2.55708 -2.55708
18.158 2.39759 -2.39759
18.159 2.23717 -2.23717
18.16 2.07588 -2.07588
18.161 1.91379 -1.91379
18.162 1.75097 -1.75097
18.163 1.58746 -1.58746
18.164 1.42333 -1.42333
18.165 1.25864 -1.25864
18.166 1.09344 -1.09344
18.167 0.927797 -0.927797
18.168 0.761768 -0.761768
18.169 0.595418 -0.595418
18.17 0.428809 -0.428809
18.171 0.262004 -0.262004
18.172 0.0950643 -0.0950643
18.173 -0.0719521 0.0719521
18.174 -0.238984 0.238984
18.175 -0.405969 0.405969
18.176 -0.572843 0.572843
18.177 -0.73954 0.73954
18.178 -0.905996 0.905996
18.179 -1.07214 1.07214
18.18 -1.23791 1.23791
18.181 -1.40323 1.40323
18.182 -1.56803 1.56803
18.183 -1.73223 1.73223
18.184 -1.89575 1.89575
18.185 -2.0585 2.0585
18.186 -2.22041 2.22041
18.187 -2.3814 2.3814
18.188 -2.54138 2.54138
18.189 -2.70028 2.70028
18.19 -2.85801 2.85801
18.191 -3.0145 3.0145
18.192 -3.16966 3.16966
18.193 -3.32344 3.32344
18.194 -3.47576 3.47576
18.195 -3.62654 3.62654
18.196 -3.77572 3.77572
18.197 -3.92323 3.92323
18.198 -4.06899 4.06899
18.199 -4.21295 4.21295
18.2 -4.35503 4.35503
18.201 -4.49517 4.49517
18.202 -4.63331 4.63331
18.203 -4.76937 4.76937
18.204 -4.9033 4.9033
18.205 -5.03504 5.03504
18.206 -5.16453 5.16453
18.207 -5.29171 5.29171
18.208 -5.41653 5.41653
18.209 -5.53893 5.53893
18.21 -5.65886 5.65886
18.211 -5.77628 5.77628
18.212 -5.89113 5.89113
18.213 -6.00339 6.00339
18.214 -6.11302 6.11302
18.215 -6.21998 6.21998
18.216 -6.32424 6.32424
18.217 -6.42577 6.42577
18.218 -6.52456 6.52456
18.219 -6.62056 6.62056
18.22 -6.71376 6.71376
18.221 -6.80415 6.80415
18.222 -6.89169 6.89169
18.223 -6.97637 6.97637
18.224 -7.05819 7.05819
18.225 -7.13712 7.13712
18.226 -7.21315 7.21315
18.227 -7.28629 7.28629
18.228 -7.35651 7.35651
18.229 -7.42383 7.42383
18.23 -7.48823 7.48823
18.231 -7.54973 7.54973
18.232 -7.60832 7.60832
18.233 -7.66402 7.66402
18.234 -7.71685 7.71685
18.235 -7.76683 7.76683
18.236 -7.81396 7.81396
18.237 -7.85827 7.85827
18.238 -7.89978 7.89978
18.239 -7.93851 7.93851
18.24 -7.97449 7.97449
18.241 -8.00774 8.00774
18.242 -8.03824 8.03824
18.243 -8.06601 8.06601
18.244 -8.09103 8.09103
18.245 -8.1133 8.1133
18.246 -8.13282 8.13282
18.247 -8.14959 8.14959
18.248 -8.1636 8.1636
18.249 -8.17487 8.17487
18.25 -8.18339 8.18339
18.251 -8.18917 8.18917
18.252 -8.19221 8.19221
18.253 -8.1925 8.1925
18.254 -8.19005 8.19005
18.255 -8.18485 8.18485
18.256 -8.17691 8.17691
18.257 -8.16624 8.16624
18.258 -8.15283 8.15283
18.259 -8.13669 8.13669
18.26 -8.11782 8.11784
18.261 -8.09625 8.09624
18.262 -8.07195 8.07195
18.263 -8.04493 8.04493
18.264 -8.01519 8.01519
18.265 -7.98274 7.98274
18.266 -7.94757 7.94757
18.267 -7.90969 7.90969
18.268 -7.86911 7.86911
18.269 -7.82582 7.82582
18.27 -7.77984 7.77984
18.271 -7.73116 7.73116
18.272 -7.6798 7.6798
18.273 -7.62576 7.62576
18.274 -7.56904 7.56904
18.275 -7.50966 7.50966
18.276 -7.44763 7.44763
18.277 -7.38294 7.38294
18.278 -7.31562 7.31562
18.279 -7.24567 7.24567
18.28 -7.17309 7.17309
18.281 -7.09792 7.09792
18.282 -7.02017 7.02017
18.283 -6.93988 6.93988
18.284 -6.85709 6.85709
18.285 -6.77184 6.77184
18.286 -6.68416 6.68416
18.287 -6.59409 6.59409
18.288 -6.50167 6.50167
18.289 -6.40694 6.40694
18.29 -6.30992 6.30992
18.291 -6.21067 6.21067
18.292 -6.10925 6.10925
18.293 -6.00574 6.00574
18.294 -5.90021 5.90021
18.295 -5.79272 5.79272
18.296 -5.68335 5.68335
18.297 -5.57218 5.57218
18.298 -5.45927 5.45927
18.299 -5.3447 5.3447
18.3 -5.22853 5.22853
18.301 -5.11086 5.11086
18.302 -4.99175 4.99175
18.303 -4.87131 4.87131
18.304 -4.74962 4.74962
18.305 -4.62677 4.62677
18.306 -4.50286 4.50286
18.307 -4.37797 4.37797
18.308 -4.25219 4.25219
18.309 -4.12562 4.12562
18.31 -3.99835 3.99835
18.311 -3.87046 3.87046
18.312 -3.74204 3.74204
18.313 -3.61315 3.61315
18.314 -3.48388 3.48388
18.315 -3.35429 3.35429
18.316 -3.22447 3.22447
18.317 -3.09448 3.09448
18.318 -2.96442 2.96442
18.319 -2.83435 2.83435
18.32 -2.70434 2.70434
18.321 -2.57448 2.57448
18.322 -2.44481 2.44481
18.323 -2.31537 2.31537
18.324 -2.18621 2.18621
18.325 -2.05738 2.05738
18.326 -1.92891 1.92891
18.327 -1.80084 1.80084
18.328 -1.67324 1.67324
18.329 -1.54614 1.54614
18.33 -1.41959 1.41959
18.331 -1.29362 1.29362
18.332 -1.16828 1.16828
18.333 -1.0436 1.0436
18.334 -0.919592 0.919592
18.335 -0.796296 0.796296
18.336 -0.673741 0.673741
18.337 -0.551957 0.551957
18.338 -0.430973 0.430973
18.339 -0.31082 0.31082
18.34 -0.191529 0.191529
18.341 -0.073126 0.073126
18.342 0.0443699 -0.0443699
18.343 0.160946 -0.160946
18.344 0.276587 -0.276587
18.345 0.391281 -0.391281
18.346 0.505014 -0.505014
18.347 0.617771 -0.617771
18.348 0.72954 -0.72954
18.349 0.840307 -0.840307
18.35 0.950057 -0.950057
18.351 1.05877 -1.05877
18.352 1.16643 -1.16643
18.353 1.273 -1.273
18.354 1.37844 -1.37844
18.355 1.48274 -1.48274
18.356 1.58586 -1.58586
18.357 1.68776 -1.68776
18.358 1.78843 -1.78843
18.359 1.88784 -1.88784
18.36 1.98596 -1.98596
18.361 2.08274 -2.08274
18.362 2.17815 -2.17815
18.363 2.27212 -2.27212
18.364 2.36459 -2.36459
18.365 2.4555 -2.4555
18.366 2.54479 -2.54479
18.367 2.63241 -2.63241
18.368 2.7183 -2.7183
18.369 2.80239 -2.80239
18.37 2.88465 -2.88465
18.371 2.96501 -2.96501
18.372 3.04339 -3.04339
18.373 3.11972 -3.11972
18.374 3.19393 -3.19393
18.375 3.26594 -3.26594
18.376 3.33567 -3.33567
18.377 3.40305 -3.40305
18.378 3.46802 -3.46802
18.379 3.5305 -3.5305
18.38 3.59042 -3.59042
18.381 3.64772 -3.64772
18.382 3.70234 -3.70234
18.383 3.7542 -3.7542
18.384 3.80326 -3.80326
18.385 3.84945 -3.84945
18.386 3.89271 -3.89271
18.387 3.93299 -3.93299
18.388 3.97023 -3.97023
18.389 4.00438 -4.00438
18.39 4.03538 -4.03538
18.391 4.06319 -4.06319
18.392 4.08779 -4.08779
18.393 4.10912 -4.10912
18.394 4.12718 -4.12718
18.395 4.14194 -4.14194
18.396 4.15336 -4.15336
18.397 4.16143 -4.16143
18.398 4.16614 -4.16614
18.399 4.16745 -4.16745
18.4 4.16534 -4.16535
18.401 4.15985 -4.15981
18.402 4.15089 -4.15089
18.403 4.13856 -4.13856
18.404 4.12283 -4.12283
18.405 4.10373 -4.10373
18.406 4.08127 -4.08127
18.407 4.05547 -4.05547
18.408 4.02635 -4.02635
18.409 3.99392 -3.99392
18.41 3.95822 -3.95822
18.411 3.91926 -3.91926
18.412 3.87707 -3.87707
18.413 3.83168 -3.83168
18.414 3.78313 -3.78313
18.415 3.73145 -3.73145
18.416 3.67668 -3.67668
18.417 3.61885 -3.61885
18.418 3.558 -3.558
18.419 3.49416 -3.49416
18.42 3.42738 -3.42738
18.421 3.35769 -3.35769
18.422 3.28513 -3.28513
18.423 3.20972 -3.20972
18.424 3.1315 -3.1315
18.425 3.0505 -3.0505
18.426 2.96676 -2.96676
18.427 2.88031 -2.88031
18.428 2.79118 -2.79118
18.429 2.69941 -2.69941
18.43 2.60504 -2.60504
18.431 2.50812 -2.50812
18.432 2.40867 -2.40867
18.433 2.30675 -2.30675
18.434 2.20242 -2.20242
18.435 2.09571 -2.09571
18.436 1.98668 -1.98668
18.437 1.87539 -1.87539
18.438 1.76187 -1.76187
18.439 1.64618 -1.64618
18.44 1.52839 -1.52839
18.441 1.40853 -1.40853
18.442 1.28665 -1.28665
18.443 1.16281 -1.16281
18.444 1.03705 -1.03705
18.445 0.909429 -0.909429
18.446 0.779986 -0.779986
18.447 0.648777 -0.648777
18.448 0.515853 -0.515853
18.449 0.381269 -0.381269
18.45 0.245078 -0.245078
18.451 0.107341 -0.107341
18.452 -0.0318727 0.0318727
18.453 -0.172486 0.172486
18.454 -0.314422 0.314422
18.455 -0.457602 0.457602
18.456 -0.601943 0.601943
18.457 -0.747365 0.747365
18.458 -0.893785 0.893785
18.459 -1.04112 1.04112
18.46 -1.18928 1.18928
18.461 -1.33818 1.33818
18.462 -1.48773 1.48773
18.463 -1.63785 1.63785
18.464 -1.78844 1.78844
18.465 -1.93942 1.93942
18.466 -2.09069 2.09069
18.467 -2.24215 2.24215
18.468 -2.39373 2.39373
18.469 -2.54531 2.54531
18.47 -2.69681 2.69681
18.471 -2.84813 2.84813
18.472 -2.99916 2.99916
18.473 -3.1498 3.1498
18.474 -3.29995 3.29995
18.475 -3.4495 3.4495
18.476 -3.59834 3.59834
18.477 -3.74638 3.74638
18.478 -3.89349 3.89349
18.479 -4.03959 4.03959
18.48 -4.18456 4.18456
18.481 -4.32829 4.32829
18.482 -4.47068 4.47068
18.483 -4.61162 4.61162
18.484 -4.75099 4.75099
18.485 -4.88869 4.88869
18.486 -5.0246 5.0246
18.487 -5.15863 5.15863
18.488 -5.29065 5.29065
18.489 -5.42058 5.42058
18.49 -5.54831 5.54831
18.491 -5.67374 5.67374
18.492 -5.79678 5.79678
18.493 -5.91734 5.91734
18.494 -6.03533 6.03533
18.495 -6.15068 6.15068
18.496 -6.2633 6.2633
18.497 -6.37311 6.37311
18.498 -6.48003 6.48003
18.499 -6.584 6.584
18.5 -6.68493 6.68493
18.501 -6.78278 6.78278
18.502 -6.87747 6.87747
18.503 -6.96895 6.96895
18.504 -7.05718 7.05718
18.505 -7.14209 7.14209
18.506 -7.22365 7.22365
18.507 -7.30181 7.30181
18.508 -7.37653 7.37653
18.509 -7.44778 7.44778
18.51 -7.51551 7.51551
18.511 -7.57971 7.57971
18.512 -7.64034 7.64034
18.513 -7.69742 7.69742
18.514 -7.75091 7.75091
18.515 -7.80083 7.80083
18.516 -7.84717 7.84717
18.517 -7.88993 7.88993
18.518 -7.9291 7.9291
18.519 -7.9647 7.9647
18.52 -7.99672 7.99672
18.521 -8.02519 8.02519
18.522 -8.05008 8.05008
18.523 -8.07142 8.07142
18.524 -8.08921 8.08921
18.525 -8.10345 8.10345
18.526 -8.11415 8.11415
18.527 -8.12132 8.12132
18.528 -8.12497 8.12497
18.529 -8.12512 8.12512
18.53 -8.12178 8.12178
18.531 -8.11496 8.11496
18.532 -8.10468 8.10468
18.533 -8.09094 8.09094
18.534 -8.07375 8.07375
18.535 -8.05313 8.05313
18.536 -8.02908 8.02908
18.537 -8.00163 8.00163
18.538 -7.97079 7.97079
18.539 -7.93657 7.93657
18.54 -7.89899 7.89899
18.541 -7.85806 7.85806
18.542 -7.8138 7.8138
18.543 -7.76621 7.76621
18.544 -7.71531 7.71531
18.545 -7.66111 7.66111
18.546 -7.60361 7.60361
18.547 -7.54284 7.54284
18.548 -7.4788 7.4788
18.549 -7.41151 7.41151
18.55 -7.34098 7.34098
18.551 -7.26723 7.26723
18.552 -7.19028 7.19028
18.553 -7.11015 7.11015
18.554 -7.02686 7.02686
18.555 -6.94045 6.94045
18.556 -6.85093 6.85093
18.557 -6.75832 6.75832
18.558 -6.66266 6.66266
18.559 -6.56397 6.56397
18.56 -6.46226 6.46226
18.561 -6.35757 6.35757
18.562 -6.24994 6.24994
18.563 -6.13938 6.13938
18.564 -6.02595 6.02595
18.565 -5.90967 5.90967
18.566 -5.79057 5.79057
18.567 -5.66869 5.66869
18.568 -5.54407 5.54407
18.569 -5.41673 5.41673
18.57 -5.28672 5.28672
18.571 -5.15407 5.15407
18.572 -5.01883 5.01883
18.573 -4.88105 4.88105
18.574 -4.7408 4.7408
18.575 -4.59811 4.59811
18.576 -4.45305 4.45305
18.577 -4.30568 4.30568
18.578 -4.15603 4.15603
18.579 -4.00418 4.00418
18.58 -3.85017 3.85017
18.581 -3.69407 3.69407
18.582 -3.53595 3.53595
18.583 -3.3759 3.3759
18.584 -3.21401 3.21401
18.585 -3.05035 3.05035
18.586 -2.88502 2.88502
18.587 -2.71811 2.71811
18.588 -2.54969 2.54969
18.589 -2.37987 2.37987
18.59 -2.20873 2.20873
18.591 -2.03635 2.03635
18.592 -1.86284 1.86284
18.593 -1.68829 1.68829
18.594 -1.51279 1.51279
18.595 -1.33644 1.33644
18.596 -1.15933 1.15933
18.597 -0.981564 0.981564
18.598 -0.803245 0.803245
18.599 -0.624474 0.624474
18.6 -0.445352 0.445352
18.601 -0.265985 0.265985
18.602 -0.086479 0.086479
18.603 0.0930584 -0.0930584
18.604 0.272517 -0.272517
18.605 0.451786 -0.451786
18.606 0.630751 -0.630751
18.607 0.809297 -0.809297
18.608 0.987309 -0.987309
18.609 1.16467 -1.16467
18.61 1.34126 -1.34126
18.611 1.51696 -1.51696
18.612 1.69166 -1.69166
18.613 1.86526 -1.86526
18.614 2.03763 -2.03763
18.615 2.20867 -2.20867
18.616 2.37826 -2.37826
18.617 2.5463 -2.5463
18.618 2.71267 -2.71267
18.619 2.87726 -2.87726
18.62 3.03996 -3.03996
18.621 3.20067 -3.20067
18.622 3.35931 -3.35931
18.623 3.5158 -3.5158
18.624 3.67007 -3.67007
18.625 3.82204 -3.82204
18.626 3.97166 -3.97166
18.627 4.11885 -4.11885
18.628 4.26354 -4.26354
18.629 4.40567 -4.40567
18.63 4.54518 -4.54518
18.631 4.682 -4.682
18.632 4.81609 -4.81609
18.633 4.94741 -4.94741
18.634 5.07592 -5.07592
18.635 5.20159 -5.20159
18.636 5.32437 -5.32437
18.637 5.44423 -5.44423
18.638 5.56115 -5.56115
18.639 5.67509 -5.67509
18.64 5.78603 -5.78603
18.641 5.89395 -5.89395
18.642 5.99885 -5.99885
18.643 6.10072 -6.10072
18.644 6.19955 -6.19955
18.645 6.29536 -6.29536
18.646 6.38814 -6.38814
18.647 6.47791 -6.47791
18.648 6.56467 -6.56467
18.649 6.64843 -6.64843
18.65 6.7292 -6.7292
18.651 6.80701 -6.80701
18.652 6.88185 -6.88185
18.653 6.95374 -6.95374
18.654 7.02269 -7.02269
18.655 7.08872 -7.08872
18.656 7.15185 -7.15185
18.657 7.21208 -7.21208
18.658 7.26944 -7.26944
18.659 7.32395 -7.32395
18.66 7.37563 -7.37563
18.661 7.42451 -7.42451
18.662 7.47059 -7.47059
18.663 7.51389 -7.51389
18.664 7.55441 -7.55441
18.665 7.59218 -7.59218
18.666 7.62721 -7.62721
18.667 7.65952 -7.65952
18.668 7.68911 -7.68911
18.669 7.71602 -7.71602
18.67 7.74026 -7.74026
18.671 7.76185 -7.76185
18.672 7.7808 -7.7808
18.673 7.79711 -7.79711
18.674 7.8108 -7.8108
18.675 7.82187 -7.82187
18.676 7.83034 -7.83034
18.677 7.83621 -7.83621
18.678 7.83951 -7.83951
18.679 7.84023 -7.84023
18.68 7.83841 -7.83841
18.681 7.83404 -7.83404
18.682 7.82714 -7.82714
18.683 7.8177 -7.8177
18.684 7.80572 -7.80572
18.685 7.79121 -7.79121
18.686 7.77415 -7.77418
18.687 7.7546 -7.75459
18.688 7.7325 -7.7325
18.689 7.70789 -7.70789
18.69 7.68077 -7.68077
18.691 7.65115 -7.65115
18.692 7.61903 -7.61903
18.693 7.58442 -7.58442
18.694 7.54734 -7.54734
18.695 7.50778 -7.50778
18.696 7.46577 -7.46577
18.697 7.42131 -7.42131
18.698 7.37442 -7.37442
18.699 7.32509 -7.32509
18.7 7.27336 -7.27336
18.701 7.21923 -7.21923
18.702 7.16274 -7.16274
18.703 7.1039 -7.1039
18.704 7.04276 -7.04276
18.705 6.97934 -6.97934
18.706 6.91368 -6.91368
18.707 6.84581 -6.84581
18.708 6.77576 -6.77576
18.709 6.70356 -6.70356
18.71 6.62925 -6.62925
18.711 6.55286 -6.55286
18.712 6.47443 -6.47443
18.713 6.39403 -6.39403
18.714 6.31169 -6.31169
18.715 6.22747 -6.22747
18.716 6.14142 -6.14142
18.717 6.0536 -6.0536
18.718 5.96404 -5.96404
18.719 5.87281 -5.87281
18.72 5.77994 -5.77994
18.721 5.68551 -5.68551
18.722 5.58957 -5.58957
18.723 5.49218 -5.49218
18.724 5.39343 -5.39343
18.725 5.29337 -5.29337
18.726 5.19208 -5.19208
18.727 5.08962 -5.08962
18.728 4.98607 -4.98607
18.729 4.88149 -4.88149
18.73 4.77595 -4.77595
18.731 4.66952 -4.66952
18.732 4.56227 -4.56227
18.733 4.45427 -4.45427
18.734 4.34558 -4.34558
18.735 4.23629 -4.23629
18.736 4.12645 -4.12645
18.737 4.01613 -4.01613
18.738 3.90542 -3.90542
18.739 3.79437 -3.79437
18.74 3.68306 -3.68306
18.741 3.57155 -3.57155
18.742 3.4599 -3.4599
18.743 3.34818 -3.34818
18.744 3.23642 -3.23642
18.745 3.12468 -3.12468
18.746 3.01302 -3.01302
18.747 2.90149 -2.90149
18.748 2.79015 -2.79015
18.749 2.67904 -2.67904
18.75 2.56824 -2.56824
18.751 2.45778 -2.45778
18.752 2.34771 -2.34771
18.753 2.23807 -2.23807
18.754 2.12889 -2.12889
18.755 2.02022 -2.02022
18.756 1.91208 -1.91208
18.757 1.80453 -1.80453
18.758 1.6976 -1.6976
18.759 1.59132 -1.59132
18.76 1.48574 -1.48574
18.761 1.38089 -1.38089
18.762 1.27678 -1.27678
18.763 1.17344 -1.17344
18.764 1.07087 -1.07087
18.765 0.969084 -0.969084
18.766 0.868099 -0.868099
18.767 0.767925 -0.767925
18.768 0.668576 -0.668576
18.769 0.570063 -0.570063
18.77 0.472398 -0.472398
18.771 0.375595 -0.375595
18.772 0.279666 -0.279666
18.773 0.184623 -0.184623
18.774 0.0904786 -0.0904786
18.775 -0.00275514 0.00275514
18.776 -0.0950658 0.0950658
18.777 -0.186441 0.186441
18.778 -0.27687 0.27687
18.779 -0.366341 0.366341
18.78 -0.454841 0.454841
18.781 -0.542362 0.542362
18.782 -0.628891 0.628891
18.783 -0.714418 0.714418
18.784 -0.798934 0.798934
18.785 -0.882427 0.882427
18.786 -0.964888 0.964888
18.787 -1.04631 1.04631
18.788 -1.12668 1.12668
18.789 -1.20599 1.20599
18.79 -1.28423 1.28423
18.791 -1.36139 1.36139
18.792 -1.43743 1.43743
18.793 -1.51231 1.51231
18.794 -1.58599 1.58599
18.795 -1.65844 1.65844
18.796 -1.7296 1.7296
18.797 -1.79945 1.79945
18.798 -1.86794 1.86794
18.799 -1.93503 1.93503
18.8 -2.00068 2.00068
18.801 -2.06487 2.06487
18.802 -2.12752 2.12752
18.803 -2.1886 2.1886
18.804 -2.24806 2.24806
18.805 -2.30583 2.30583
18.806 -2.36187 2.36187
18.807 -2.41614 2.41614
18.808 -2.46858 2.46858
18.809 -2.51915 2.51915
18.81 -2.5678 2.5678
18.811 -2.61448 2.61448
18.812 -2.65914 2.65914
18.813 -2.70173 2.70173
18.814 -2.7422 2.7422
18.815 -2.7805 2.7805
18.816 -2.81658 2.81658
18.817 -2.8504 2.8504
18.818 -2.8819 2.8819
18.819 -2.91105 2.91105
18.82 -2.93779 2.93779
18.821 -2.96209 2.96209
18.822 -2.98392 2.98392
18.823 -3.00324 3.00324
18.824 -3.02002 3.02002
18.825 -3.03423 3.03423
18.826 -3.04585 3.04585
18.827 -3.05484 3.05484
18.828 -3.06119 3.06119
18.829 -3.06487 3.06487
18.83 -3.06583 3.06586
18.831 -3.06412 3.06411
18.832 -3.05966 3.05966
18.833 -3.05249 3.05249
18.834 -3.04259 3.04259
18.835 -3.02997 3.02997
18.836 -3.01463 3.01463
18.837 -2.99657 2.99657
18.838 -2.97579 2.97579
18.839 -2.95229 2.95229
18.84 -2.92609 2.92609
18.841 -2.89719 2.89719
18.842 -2.8656 2.8656
18.843 -2.83135 2.83135
18.844 -2.79444 2.79444
18.845 -2.7549 2.7549
18.846 -2.71275 2.71275
18.847 -2.668 2.668
18.848 -2.62069 2.62069
18.849 -2.57082 2.57082
18.85 -2.51843 2.51843
18.851 -2.46354 2.46354
18.852 -2.40619 2.40619
18.853 -2.34642 2.34642
18.854 -2.28428 2.28428
18.855 -2.21981 2.21981
18.856 -2.15305 2.15305
18.857 -2.08405 2.08405
18.858 -2.01286 2.01286
18.859 -1.93953 1.93953
18.86 -1.86409 1.86409
18.861 -1.78661 1.78661
18.862 -1.70713 1.70713
18.863 -1.62569 1.62569
18.864 -1.54236 1.54236
18.865 -1.45717 1.45717
18.866 -1.37019 1.37019
18.867 -1.28146 1.28146
18.868 -1.19105 1.19105
18.869 -1.09899 1.09899
18.87 -1.00536 1.00536
18.871 -0.910191 0.910191
18.872 -0.813534 0.813534
18.873 -0.715429 0.715429
18.874 -0.615913 0.615913
18.875 -0.515027 0.515027
18.876 -0.412814 0.412814
18.877 -0.309316 0.309316
18.878 -0.204574 0.204574
18.879 -0.0986344 0.0986344
18.88 0.00845928 -0.00845928
18.881 0.116666 -0.116666
18.882 0.225951 -0.225951
18.883 0.336287 -0.336287
18.884 0.447641 -0.447641
18.885 0.559984 -0.559984
18.886 0.673282 -0.673282
18.887 0.787503 -0.787503
18.888 0.902614 -0.902614
18.889 1.01858 -1.01858
18.89 1.13536 -1.13536
18.891 1.25293 -1.25293
18.892 1.37124 -1.37124
18.893 1.49025 -1.49025
18.894 1.60994 -1.60994
18.895 1.73025 -1.73025
18.896 1.85115 -1.85115
18.897 1.9726 -1.9726
18.898 2.09456 -2.09456
18.899 2.21699 -2.21699
18.9 2.33983 -2.33983
18.901 2.46306 -2.46306
18.902 2.58662 -2.58662
18.903 2.71047 -2.71047
18.904 2.83457 -2.83457
18.905 2.95886 -2.95886
18.906 3.08331 -3.08331
18.907 3.20787 -3.20787
18.908 3.33248 -3.33248
18.909 3.45711 -3.45711
18.91 3.58171 -3.58171
18.911 3.70621 -3.70621
18.912 3.83057 -3.83057
18.913 3.95471 -3.95471
18.914 4.07857 -4.07857
18.915 4.20209 -4.20209
18.916 4.32519 -4.32519
18.917 4.44781 -4.44781
18.918 4.56989 -4.56989
18.919 4.69136 -4.69136
18.92 4.81215 -4.81215
18.921 4.9322 -4.9322
18.922 5.05142 -5.05142
18.923 5.16974 -5.16974
18.924 5.28707 -5.28707
18.925 5.40334 -5.40334
18.926 5.51847 -5.51847
18.927 5.63237 -5.63237
18.928 5.74498 -5.74498
18.929 5.8562 -5.8562
18.93 5.96597 -5.96597
18.931 6.07422 -6.07422
18.932 6.18087 -6.18087
18.933 6.28584 -6.28584
18.934 6.38908 -6.38908
18.935 6.49051 -6.49051
18.936 6.59006 -6.59006
18.937 6.68768 -6.68768
18.938 6.78329 -6.78329
18.939 6.87683 -6.87683
18.94 6.96825 -6.96825
18.941 7.05748 -7.05748
18.942 7.14447 -7.14447
18.943 7.22914 -7.22914
18.944 7.31144 -7.31144
18.945 7.39131 -7.39131
18.946 7.46869 -7.46869
18.947 7.54353 -7.54353
18.948 7.61578 -7.61578
18.949 7.68538 -7.68538
18.95 7.75229 -7.75229
18.951 7.81647 -7.81647
18.952 7.87789 -7.87789
18.953 7.93651 -7.93651
18.954 7.99233 -7.99233
18.955 8.04532 -8.04532
18.956 8.09546 -8.09546
18.957 8.14273 -8.14273
18.958 8.18713 -8.18713
18.959 8.22863 -8.22863
18.96 8.26724 -8.26724
18.961 8.30294 -8.30294
18.962 8.33572 -8.33572
18.963 8.36558 -8.36558
18.964 8.39252 -8.39252
18.965 8.41653 -8.41653
18.966 8.43762 -8.43762
18.967 8.45578 -8.45578
18.968 8.47102 -8.47102
18.969 8.48334 -8.48334
18.97 8.49275 -8.49275
18.971 8.49925 -8.49925
18.972 8.50287 -8.50287
18.973 8.50362 -8.50362
18.974 8.50152 -8.50152
18.975 8.49659 -8.49659
18.976 8.48885 -8.48885
18.977 8.47832 -8.47832
18.978 8.46502 -8.46502
18.979 8.44898 -8.44898
18.98 8.43023 -8.43023
18.981 8.40877 -8.4088
18.982 8.38466 -8.38466
18.983 8.35788 -8.35788
18.984 8.32846 -8.32846
18.985 8.29642 -8.29642
18.986 8.26179 -8.26179
18.987 8.22457 -8.22457
18.988 8.18479 -8.18479
18.989 8.14248 -8.14248
18.99 8.09765 -8.09765
18.991 8.05032 -8.05032
18.992 8.00052 -8.00052
18.993 7.94824 -7.94824
18.994 7.89352 -7.89352
18.995 7.83635 -7.83635
18.996 7.77677 -7.77677
18.997 7.71478 -7.71478
18.998 7.6504 -7.6504
18.999 7.58365 -7.58365
19 7.51454 -7.51454
19.001 7.44309 -7.44309
19.002 7.36931 -7.36931
19.003 7.29321 -7.29321
19.004 7.21479 -7.21479
19.005 7.13407 -7.13407
19.006 7.05105 -7.05105
19.007 6.96574 -6.96574
19.008 6.87816 -6.87816
19.009 6.78831 -6.78831
19.01 6.69621 -6.69621
19.011 6.60187 -6.60187
19.012 6.50528 -6.50528
19.013 6.40645 -6.40645
19.014 6.30539 -6.30539
19.015 6.20209 -6.20209
19.016 6.09657 -6.09657
19.017 5.98881 -5.98881
19.018 5.87883 -5.87883
19.019 5.76664 -5.76664
19.02 5.65223 -5.65223
19.021 5.53561 -5.53561
19.022 5.4168 -5.4168
19.023 5.29581 -5.29581
19.024 5.17266 -5.17266
19.025 5.04735 -5.04735
19.026 4.91991 -4.91991
19.027 4.79035 -4.79035
19.028 4.65868 -4.65868
19.029 4.52492 -4.52492
19.03 4.3891 -4.3891
19.031 4.25122 -4.25122
19.032 4.11132 -4.11132
19.033 3.96941 -3.96941
19.034 3.82554 -3.82554
19.035 3.67972 -3.67972
19.036 3.53199 -3.53199
19.037 3.38237 -3.38237
19.038 3.23091 -3.23091
19.039 3.07761 -3.07761
19.04 2.92253 -2.92253
19.041 2.76569 -2.76569
19.042 2.60713 -2.60713
19.043 2.44691 -2.44691
19.044 2.28505 -2.28505
19.045 2.12161 -2.12161
19.046 1.95664 -1.95664
19.047 1.79018 -1.79018
19.048 1.62228 -1.62228
19.049 1.453 -1.453
19.05 1.28237 -1.28237
19.051 1.11046 -1.11046
19.052 0.937335 -0.937335
19.053 0.763048 -0.763048
19.054 0.587669 -0.587669
19.055 0.411267 -0.411267
19.056 0.23391 -0.23391
19.057 0.0556692 -0.0556692
19.058 -0.123381 0.123381
19.059 -0.303166 0.303166
19.06 -0.483608 0.483608
19.061 -0.66463 0.66463
19.062 -0.846157 0.846157
19.063 -1.02811 1.02811
19.064 -1.21043 1.21043
19.065 -1.39302 1.39302
19.066 -1.5758 1.5758
19.067 -1.75871 1.75871
19.068 -1.94164 1.94164
19.069 -2.12453 2.12453
19.07 -2.30728 2.30728
19.071 -2.48982 2.48982
19.072 -2.67205 2.67205
19.073 -2.85391 2.85391
19.074 -3.03531 3.03531
19.075 -3.21617 3.21617
19.076 -3.39641 3.39641
19.077 -3.57595 3.57595
19.078 -3.7547 3.7547
19.079 -3.93258 3.93258
19.08 -4.10951 4.10951
19.081 -4.2854 4.2854
19.082 -4.46019 4.46019
19.083 -4.63378 4.63378
19.084 -4.80612 4.80612
19.085 -4.97712 4.97712
19.086 -5.14671 5.14671
19.087 -5.31482 5.31482
19.088 -5.48137 5.48137
19.089 -5.6463 5.6463
19.09 -5.80954 5.80954
19.091 -5.971 5.971
19.092 -6.13062 6.13062
19.093 -6.28832 6.28832
19.094 -6.44403 6.44403
19.095 -6.59766 6.59766
19.096 -6.74916 6.74916
19.097 -6.89845 6.89845
19.098 -7.04547 7.04547
19.099 -7.19014 7.19014
19.1 -7.33242 7.33242
19.101 -7.47223 7.47223
19.102 -7.60953 7.60953
19.103 -7.74426 7.74426
19.104 -7.87639 7.87639
19.105 -8.00587 8.00587
19.106 -8.13266 8.13266
19.107 -8.25673 8.25673
19.108 -8.37803 8.37803
19.109 -8.49653 8.49653
19.11 -8.61222 8.61222
19.111 -8.72505 8.72505
19.112 -8.83499 8.83499
19.113 -8.94202 8.94202
19.114 -9.04611 9.04611
19.115 -9.14724 9.14724
19.116 -9.24537 9.24537
19.117 -9.3405 9.3405
19.118 -9.43261 9.43261
19.119 -9.52167 9.52167
19.12 -9.60769 9.60769
19.121 -9.69065 9.69065
19.122 -9.77053 9.77053
19.123 -9.84733 9.84733
19.124 -9.92104 9.92104
19.125 -9.99165 9.99165
19.126 -10.0592 10.0592
19.127 -10.1236 10.1236
19.128 -10.1848 10.1848
19.129 -10.243 10.243
19.13 -10.2981 10.2981
19.131 -10.3501 10.3501
19.132 -10.399 10.399
19.133 -10.4448 10.4448
19.134 -10.4875 10.4875
19.135 -10.527 10.527
19.136 -10.5635 10.5635
19.137 -10.5968 10.5968
19.138 -10.6271 10.6271
19.139 -10.6542 10.6542
19.14 -10.6783 10.6783
19.141 -10.6993 10.6993
19.142 -10.7171 10.7171
19.143 -10.732 10.732
19.144 -10.7437 10.7437
19.145 -10.7524 10.7524
19.146 -10.758 10.758
19.147 -10.7606 10.7606
19.148 -10.7601 10.7601
19.149 -10.7566 10.7566
19.15 -10.7501 10.7501
19.151 -10.7406 10.7406
19.152 -10.7281 10.7281
19.153 -10.7126 10.7126
19.154 -10.6942 10.6942
19.155 -10.6729 10.6729
19.156 -10.6486 10.6486
19.157 -10.6214 10.6214
19.158 -10.5914 10.5914
19.159 -10.5585 10.5585
19.16 -10.5227 10.5227
19.161 -10.4841 10.4841
19.162 -10.4428 10.4428
19.163 -10.3987 10.3987
19.164 -10.3518 10.3518
19.165 -10.3023 10.3023
19.166 -10.25 10.25
19.167 -10.1952 10.1952
19.168 -10.1377 10.1377
19.169 -10.0776 10.0776
19.17 -10.015 10.015
19.171 -9.94985 9.94985
19.172 -9.88224 9.88224
19.173 -9.81221 9.81221
19.174 -9.73979 9.73979
19.175 -9.66505 9.66505
19.176 -9.58801 9.58801
19.177 -9.50874 9.50874
19.178 -9.42727 9.42727
19.179 -9.34365 9.34365
19.18 -9.25793 9.25793
19.181 -9.17014 9.17014
19.182 -9.08035 9.08035
19.183 -8.98861 8.98861
19.184 -8.89496 8.89496
19.185 -8.79947 8.79947
19.186 -8.70218 8.70218
19.187 -8.60314 8.60314
19.188 -8.50241 8.50241
19.189 -8.40003 8.40003
19.19 -8.29606 8.29606
19.191 -8.19055 8.19055
19.192 -8.08355 8.08355
19.193 -7.9751 7.9751
19.194 -7.86526 7.86526
19.195 -7.75407 7.75407
19.196 -7.64159 7.64159
19.197 -7.52787 7.52787
19.198 -7.41295 7.41295
19.199 -7.29689 7.29689
19.2 -7.17973 7.17973
19.201 -7.06152 7.06152
19.202 -6.94229 6.94229
19.203 -6.82208 6.82208
19.204 -6.70091 6.70091
19.205 -6.57883 6.57883
19.206 -6.45586 6.45586
19.207 -6.33204 6.33204
19.208 -6.2074 6.2074
19.209 -6.08196 6.08196
19.21 -5.95578 5.95578
19.211 -5.82887 5.82887
19.212 -5.70126 5.70126
19.213 -5.57299 5.57299
19.214 -5.44407 5.44407
19.215 -5.31453 5.31453
19.216 -5.18441 5.18441
19.217 -5.05371 5.05371
19.218 -4.92248 4.92248
19.219 -4.79075 4.79075
19.22 -4.65853 4.65853
19.221 -4.52585 4.52585
19.222 -4.39274 4.39274
19.223 -4.25923 4.25923
19.224 -4.12532 4.12532
19.225 -3.99105 3.99105
19.226 -3.85643 3.85643
19.227 -3.72149 3.72149
19.228 -3.58625 3.58625
19.229 -3.45073 3.45073
19.23 -3.31496 3.31496
19.231 -3.17896 3.17896
19.232 -3.04276 3.04276
19.233 -2.90638 2.90638
19.234 -2.76986 2.76986
19.235 -2.63321 2.63321
19.236 -2.49647 2.49647
19.237 -2.35966 2.35966
19.238 -2.22281 2.22281
19.239 -2.08595 2.08595
19.24 -1.94911 1.94911
19.241 -1.81232 1.81232
19.242 -1.67561 1.67561
19.243 -1.53902 1.53902
19.244 -1.40256 1.40256
19.245 -1.26628 1.26628
19.246 -1.1302 1.1302
19.247 -0.994367 0.994367
19.248 -0.858808 0.858808
19.249 -0.723557 0.723557
19.25 -0.58865 0.58865
19.251 -0.454125 0.454125
19.252 -0.320031 0.320031
19.253 -0.186422 0.186422
19.254 -0.0533501 0.0533501
19.255 0.079129 -0.079129
19.256 0.210961 -0.210961
19.257 0.342089 -0.342089
19.258 0.472457 -0.472457
19.259 0.60201 -0.60201
19.26 0.730691 -0.730691
19.261 0.858439 -0.858439
19.262 0.985185 -0.985185
19.263 1.11085 -1.11085
19.264 1.23537 -1.23537
19.265 1.35867 -1.35867
19.266 1.48067 -1.48067
19.267 1.60131 -1.60131
19.268 1.7205 -1.7205
19.269 1.83818 -1.83818
19.27 1.95428 -1.95428
19.271 2.06872 -2.06872
19.272 2.18144 -2.18144
19.273 2.29236 -2.29236
19.274 2.40142 -2.40142
19.275 2.50855 -2.50855
19.276 2.61368 -2.61368
19.277 2.71676 -2.71676
19.278 2.8177 -2.8177
19.279 2.91646 -2.91646
19.28 3.01297 -3.01297
19.281 3.10718 -3.10718
19.282 3.19901 -3.19901
19.283 3.28844 -3.28844
19.284 3.37541 -3.37541
19.285 3.45988 -3.45988
19.286 3.5418 -3.5418
19.287 3.62112 -3.62112
19.288 3.69781 -3.69781
19.289 3.77183 -3.77183
19.29 3.84313 -3.84313
19.291 3.91169 -3.91169
19.292 3.97749 -3.97749
19.293 4.0405 -4.0405
19.294 4.10071 -4.10071
19.295 4.15812 -4.15812
19.296 4.2127 -4.2127
19.297 4.26445 -4.26445
19.298 4.31336 -4.31336
19.299 4.35943 -4.35943
19.3 4.40264 -4.40264
19.301 4.443 -4.443
19.302 4.48051 -4.48051
19.303 4.51515 -4.51515
19.304 4.54695 -4.54695
19.305 4.57589 -4.57589
19.306 4.60198 -4.60198
19.307 4.62523 -4.62523
19.308 4.64564 -4.64564
19.309 4.66323 -4.66323
19.31 4.67799 -4.67799
19.311 4.68995 -4.68995
19.312 4.69911 -4.69911
19.313 4.70552 -4.70552
19.314 4.70917 -4.70917
19.315 4.71011 -4.71011
19.316 4.70834 -4.70838
19.317 4.70393 -4.70394
19.318 4.69687 -4.69687
19.319 4.68719 -4.68719
19.32 4.67493 -4.67493
19.321 4.66011 -4.66011
19.322 4.64276 -4.64276
19.323 4.6229 -4.6229
19.324 4.60055 -4.60055
19.325 4.57574 -4.57574
19.326 4.54849 -4.54849
19.327 4.51884 -4.51884
19.328 4.4868 -4.4868
19.329 4.45241 -4.45241
19.33 4.41569 -4.41569
19.331 4.37667 -4.37667
19.332 4.33539 -4.33539
19.333 4.29187 -4.29187
19.334 4.24614 -4.24614
19.335 4.19823 -4.19823
19.336 4.14818 -4.14818
19.337 4.09602 -4.09602
19.338 4.04178 -4.04178
19.339 3.98549 -3.98549
19.34 3.92719 -3.92719
19.341 3.86692 -3.86692
19.342 3.80469 -3.80469
19.343 3.74051 -3.74051
19.344 3.67442 -3.67442
19.345 3.60642 -3.60642
19.346 3.53654 -3.53654
19.347 3.46479 -3.46479
19.348 3.39121 -3.39121
19.349 3.3158 -3.3158
19.35 3.2386 -3.2386
19.351 3.15961 -3.15961
19.352 3.07888 -3.07888
19.353 2.99641 -2.99641
19.354 2.91224 -2.91224
19.355 2.82639 -2.82639
19.356 2.73887 -2.73887
19.357 2.64973 -2.64973
19.358 2.55898 -2.55898
19.359 2.46664 -2.46664
19.36 2.37275 -2.37275
19.361 2.27734 -2.27734
19.362 2.18043 -2.18043
19.363 2.08208 -2.08208
19.364 1.9823 -1.9823
19.365 1.88116 -1.88116
19.366 1.77867 -1.77867
19.367 1.67488 -1.67488
19.368 1.56983 -1.56983
19.369 1.46357 -1.46357
19.37 1.35612 -1.35612
19.371 1.24754 -1.24754
19.372 1.13788 -1.13788
19.373 1.02721 -1.02721
19.374 0.91558 -0.91558
19.375 0.803055 -0.803055
19.376 0.689696 -0.689696
19.377 0.575568 -0.575568
19.378 0.460732 -0.460732
19.379 0.345252 -0.345252
19.38 0.229192 -0.229192
19.381 0.112622 -0.112622
19.382 -0.00438073 0.00438073
19.383 -0.121732 0.121732
19.384 -0.239347 0.239347
19.385 -0.357142 0.357142
19.386 -0.475031 0.475031
19.387 -0.592927 0.592927
19.388 -0.710745 0.710745
19.389 -0.828397 0.828397
19.39 -0.945796 0.945796
19.391 -1.06286 1.06286
19.392 -1.1795 1.1795
19.393 -1.29565 1.29565
19.394 -1.41122 1.41122
19.395 -1.52614 1.52614
19.396 -1.64033 1.64033
19.397 -1.7537 1.7537
19.398 -1.86619 1.86619
19.399 -1.97771 1.97771
19.4 -2.08818 2.08818
19.401 -2.19753 2.19753
19.402 -2.30569 2.30569
19.403 -2.41259 2.41259
19.404 -2.51816 2.51816
19.405 -2.62234 2.62234
19.406 -2.72506 2.72506
19.407 -2.82626 2.82626
19.408 -2.92587 2.92587
19.409 -3.02383 3.02383
19.41 -3.12008 3.12008
19.411 -3.21455 3.21455
19.412 -3.30721 3.30721
19.413 -3.398 3.398
19.414 -3.48689 3.48689
19.415 -3.57384 3.57384
19.416 -3.65881 3.65881
19.417 -3.74175 3.74175
19.418 -3.82265 3.82265
19.419 -3.90145 3.90145
19.42 -3.97813 3.97813
19.421 -4.05265 4.05265
19.422 -4.12499 4.12499
19.423 -4.19511 4.19511
19.424 -4.26298 4.26298
19.425 -4.32857 4.32857
19.426 -4.39187 4.39187
19.427 -4.45284 4.45284
19.428 -4.51146 4.51146
19.429 -4.56771 4.56771
19.43 -4.62158 4.62158
19.431 -4.67303 4.67303
19.432 -4.72206 4.72206
19.433 -4.76865 4.76865
19.434 -4.81278 4.81278
19.435 -4.85444 4.85444
19.436 -4.89362 4.89362
19.437 -4.93031 4.93031
19.438 -4.96449 4.96449
19.439 -4.99617 4.99617
19.44 -5.02532 5.02532
19.441 -5.05196 5.05196
19.442 -5.07607 5.07607
19.443 -5.09765 5.09765
19.444 -5.1167 5.1167
19.445 -5.13322 5.13322
19.446 -5.14721 5.14721
19.447 -5.15868 5.15868
19.448 -5.16762 5.16762
19.449 -5.17404 5.17404
19.45 -5.17795 5.17795
19.451 -5.17935 5.17935
19.452 -5.17825 5.17825
19.453 -5.17465 5.17467
19.454 -5.16859 5.16859
19.455 -5.16006 5.16003
19.456 -5.14904 5.14904
19.457 -5.13559 5.13559
19.458 -5.11971 5.11971
19.459 -5.10141 5.10141
19.46 -5.0807 5.0807
19.461 -5.0576 5.0576
19.462 -5.03212 5.03212
19.463 -5.00427 5.00427
19.464 -4.97405 4.97405
19.465 -4.94149 4.94149
19.466 -4.90658 4.90658
19.467 -4.86934 4.86934
19.468 -4.82978 4.82978
19.469 -4.78792 4.78792
19.47 -4.74377 4.74377
19.471 -4.69735 4.69735
19.472 -4.64867 4.64867
19.473 -4.59776 4.59776
19.474 -4.54465 4.54465
19.475 -4.48937 4.48937
19.476 -4.43192 4.43192
19.477 -4.37236 4.37236
19.478 -4.31069 4.31069
19.479 -4.24695 4.24695
19.48 -4.18117 4.18117
19.481 -4.11337 4.11337
19.482 -4.04358 4.04358
19.483 -3.97181 3.97181
19.484 -3.89809 3.89809
19.485 -3.82243 3.82243
19.486 -3.74487 3.74487
19.487 -3.66541 3.66541
19.488 -3.5841 3.5841
19.489 -3.50094 3.50094
19.49 -3.41596 3.41596
19.491 -3.32919 3.32919
19.492 -3.24066 3.24066
19.493 -3.15038 3.15038
19.494 -3.05839 3.05839
19.495 -2.96471 2.96471
19.496 -2.86936 2.86936
19.497 -2.77238 2.77238
19.498 -2.67379 2.67379
19.499 -2.57363 2.57363
19.5 -2.47191 2.47191
19.501 -2.36867 2.36867
19.502 -2.26395 2.26395
19.503 -2.15779 2.15779
19.504 -2.05023 2.05023
19.505 -1.9413 1.9413
19.506 -1.83106 1.83106
19.507 -1.71954 1.71954
19.508 -1.60677 1.60677
19.509 -1.49282 1.49282
19.51 -1.37771 1.37771
19.511 -1.2615 1.2615
19.512 -1.14424 1.14424
19.513 -1.02598 1.02598
19.514 -0.90677 0.90677
19.515 -0.786674 0.786674
19.516 -0.665746 0.665746
19.517 -0.544042 0.544042
19.518 -0.42162 0.42162
19.519 -0.298539 0.298539
19.52 -0.174856 0.174856
19.521 -0.0506269 0.0506269
19.522 0.0741007 -0.0741007
19.523 0.199283 -0.199283
19.524 0.324876 -0.324876
19.525 0.450834 -0.450834
19.526 0.57711 -0.57711
19.527 0.703657 -0.703657
19.528 0.830428 -0.830428
19.529 0.957374 -0.957374
19.53 1.08445 -1.08445
19.531 1.2116 -1.2116
19.532 1.33879 -1.33879
19.533 1.46597 -1.46597
19.534 1.59311 -1.59311
19.535 1.72015 -1.72015
19.536 1.84707 -1.84707
19.537 1.97381 -1.97381
19.538 2.10034 -2.10034
19.539 2.2266 -2.2266
19.54 2.35255 -2.35255
19.541 2.47816 -2.47816
19.542 2.60337 -2.60337
19.543 2.72814 -2.72814
19.544 2.85243 -2.85243
19.545 2.97619 -2.97619
19.546 3.09938 -3.09938
19.547 3.22195 -3.22195
19.548 3.34386 -3.34386
19.549 3.46507 -3.46507
19.55 3.58553 -3.58553
19.551 3.7052 -3.7052
19.552 3.82404 -3.82404
19.553 3.94201 -3.94201
19.554 4.05909 -4.05909
19.555 4.17524 -4.17524
19.556 4.29043 -4.29043
19.557 4.40461 -4.40461
19.558 4.51777 -4.51777
19.559 4.62987 -4.62987
19.56 4.74087 -4.74087
19.561 4.85075 -4.85075
19.562 4.95948 -4.95948
19.563 5.06703 -5.06703
19.564 5.17336 -5.17336
19.565 5.27845 -5.27845
19.566 5.38228 -5.38228
19.567 5.48481 -5.48481
19.568 5.58602 -5.58602
19.569 5.68588 -5.68588
19.57 5.78438 -5.78438
19.571 5.88149 -5.88149
19.572 5.9772 -5.9772
19.573 6.07149 -6.07149
19.574 6.16435 -6.16435
19.575 6.25577 -6.25577
19.576 6.34574 -6.34574
19.577 6.43426 -6.43426
19.578 6.52131 -6.52131
19.579 6.60689 -6.60689
19.58 6.69099 -6.69099
19.581 6.77361 -6.77361
19.582 6.85472 -6.85472
19.583 6.93431 -6.93431
19.584 7.01235 -7.01235
19.585 7.08884 -7.08884
19.586 7.16375 -7.16375
19.587 7.23706 -7.23706
19.588 7.30877 -7.30877
19.589 7.37886 -7.37886
19.59 7.44731 -7.44731
19.591 7.51412 -7.51412
19.592 7.57928 -7.57928
19.593 7.64277 -7.64277
19.594 7.70459 -7.70459
19.595 7.76473 -7.76473
19.596 7.82319 -7.82319
19.597 7.87996 -7.87996
19.598 7.93505 -7.93505
19.599 7.98844 -7.98844
19.6 8.04013 -8.04013
19.601 8.09013 -8.09013
19.602 8.13841 -8.13841
19.603 8.18497 -8.18497
19.604 8.22979 -8.22979
19.605 8.27285 -8.27285
19.606 8.31415 -8.31415
19.607 8.35368 -8.35368
19.608 8.39142 -8.39142
19.609 8.42736 -8.42736
19.61 8.46151 -8.46151
19.611 8.49384 -8.49384
19.612 8.52437 -8.52437
19.613 8.55308 -8.55308
19.614 8.57997 -8.57997
19.615 8.60503 -8.60503
19.616 8.62827 -8.62827
19.617 8.64969 -8.64969
19.618 8.66928 -8.66928
19.619 8.68705 -8.68705
19.62 8.70301 -8.70301
19.621 8.71714 -8.71714
19.622 8.72947 -8.72947
19.623 8.73999 -8.73999
19.624 8.74871 -8.74871
19.625 8.75564 -8.75564
19.626 8.76078 -8.76078
19.627 8.76414 -8.76414
19.628 8.76573 -8.76573
19.629 8.76556 -8.76556
19.63 8.76364 -8.76364
19.631 8.75998 -8.75998
19.632 8.75459 -8.75459
19.633 8.74749 -8.74749
19.634 8.73868 -8.73868
19.635 8.72818 -8.72818
19.636 8.71601 -8.71601
19.637 8.70217 -8.70217
19.638 8.68668 -8.68668
19.639 8.66956 -8.66956
19.64 8.65082 -8.65082
19.641 8.63048 -8.63048
19.642 8.60856 -8.60856
19.643 8.58508 -8.5851
19.644 8.56009 -8.56009
19.645 8.5336 -8.53357
19.646 8.50561 -8.50561
19.647 8.47619 -8.47619
19.648 8.44534 -8.44534
19.649 8.4131 -8.4131
19.65 8.37948 -8.37948
19.651 8.34453 -8.34453
19.652 8.30825 -8.30825
19.653 8.27069 -8.27069
19.654 8.23187 -8.23187
19.655 8.19181 -8.19181
19.656 8.15055 -8.15055
19.657 8.10812 -8.10812
19.658 8.06453 -8.06453
19.659 8.01982 -8.01982
19.66 7.97402 -7.97402
19.661 7.92715 -7.92715
19.662 7.87926 -7.87926
19.663 7.83038 -7.83038
19.664 7.78054 -7.78054
19.665 7.72978 -7.72978
19.666 7.67814 -7.67814
19.667 7.62566 -7.62566
19.668 7.57237 -7.57237
19.669 7.51831 -7.51831
19.67 7.46351 -7.46351
19.671 7.40803 -7.40803
19.672 7.35189 -7.35189
19.673 7.29515 -7.29515
19.674 7.23784 -7.23784
19.675 7.18002 -7.18002
19.676 7.12173 -7.12173
19.677 7.06302 -7.06302
19.678 7.00392 -7.00392
19.679 6.94448 -6.94448
19.68 6.88476 -6.88476
19.681 6.82478 -6.82478
19.682 6.7646 -6.7646
19.683 6.70424 -6.70424
19.684 6.64374 -6.64374
19.685 6.58313 -6.58313
19.686 6.52245 -6.52245
19.687 6.46174 -6.46174
19.688 6.40103 -6.40103
19.689 6.34036 -6.34036
19.69 6.27976 -6.27976
19.691 6.21926 -6.21926
19.692 6.15889 -6.15889
19.693 6.09868 -6.09868
19.694 6.03865 -6.03865
19.695 5.97884 -5.97884
19.696 5.91926 -5.91926
19.697 5.85995 -5.85995
19.698 5.80092 -5.80092
19.699 5.7422 -5.7422
19.7 5.68383 -5.68383
19.701 5.62581 -5.62581
19.702 5.56818 -5.56818
19.703 5.51094 -5.51094
19.704 5.45412 -5.45412
19.705 5.39773 -5.39773
19.706 5.34179 -5.34179
19.707 5.28631 -5.28631
19.708 5.23131 -5.23131
19.709 5.1768 -5.1768
19.71 5.12281 -5.12281
19.711 5.06935 -5.06935
19.712 5.01641 -5.01641
19.713 4.96402 -4.96402
19.714 4.91218 -4.91218
19.715 4.8609 -4.8609
19.716 4.81018 -4.81018
19.717 4.76002 -4.76002
19.718 4.71044 -4.71044
19.719 4.66145 -4.66145
19.72 4.61304 -4.61304
19.721 4.56523 -4.56523
19.722 4.51803 -4.51803
19.723 4.47145 -4.47145
19.724 4.42551 -4.42551
19.725 4.38023 -4.38023
19.726 4.33561 -4.33561
19.727 4.29167 -4.29167
19.728 4.24842 -4.24842
19.729 4.20588 -4.20588
19.73 4.16406 -4.16406
19.731 4.12298 -4.12298
19.732 4.08266 -4.08266
19.733 4.04314 -4.04314
19.734 4.00444 -4.00444
19.735 3.96659 -3.96659
19.736 3.92963 -3.92963
19.737 3.89357 -3.89357
19.738 3.85846 -3.85846
19.739 3.82431 -3.82431
19.74 3.79115 -3.79115
19.741 3.75902 -3.75902
19.742 3.72794 -3.72794
19.743 3.69796 -3.69796
19.744 3.6691 -3.6691
19.745 3.64141 -3.64141
19.746 3.61491 -3.61491
19.747 3.58964 -3.58964
19.748 3.56563 -3.56563
19.749 3.54292 -3.54292
19.75 3.52153 -3.52153
19.751 3.50149 -3.50149
19.752 3.48284 -3.48284
19.753 3.46561 -3.46561
19.754 3.44983 -3.44983
19.755 3.43552 -3.43552
19.756 3.42272 -3.42272
19.757 3.41145 -3.41145
19.758 3.40173 -3.40173
19.759 3.39361 -3.39361
19.76 3.38709 -3.38709
19.761 3.38221 -3.38221
19.762 3.37901 -3.37899
19.763 3.37749 -3.37749
19.764 3.3777 -3.37772
19.765 3.3797 -3.3797
19.766 3.38347 -3.38347
19.767 3.38907 -3.38907
19.768 3.39652 -3.39652
19.769 3.40585 -3.40585
19.77 3.41708 -3.41708
19.771 3.43024 -3.43024
19.772 3.44534 -3.44534
19.773 3.4624 -3.4624
19.774 3.48144 -3.48144
19.775 3.50246 -3.50246
19.776 3.52549 -3.52549
19.777 3.55052 -3.55052
19.778 3.57757 -3.57757
19.779 3.60665 -3.60665
19.78 3.63777 -3.63777
19.781 3.67093 -3.67093
19.782 3.70615 -3.70615
19.783 3.74342 -3.74342
19.784 3.78275 -3.78275
19.785 3.82414 -3.82414
19.786 3.86759 -3.86759
19.787 3.91311 -3.91311
19.788 3.96069 -3.96069
19.789 4.01033 -4.01033
19.79 4.06202 -4.06202
19.791 4.11577 -4.11577
19.792 4.17156 -4.17156
19.793 4.22937 -4.22937
19.794 4.28919 -4.28919
19.795 4.351 -4.351
19.796 4.41478 -4.41478
19.797 4.48051 -4.48051
19.798 4.54817 -4.54817
19.799 4.61773 -4.61773
19.8 4.68918 -4.68918
19.801 4.76247 -4.76247
19.802 4.83758 -4.83758
19.803 4.91446 -4.91446
19.804 4.99305 -4.99305
19.805 5.07333 -5.07333
19.806 5.15522 -5.15522
19.807 5.23869 -5.23869
19.808 5.32369 -5.32369
19.809 5.41016 -5.41016
19.81 5.49805 -5.49805
19.811 5.58731 -5.58731
19.812 5.67788 -5.67788
19.813 5.7697 -5.7697
19.814 5.86272 -5.86272
19.815 5.95688 -5.95688
19.816 6.05213 -6.05213
19.817 6.14839 -6.14839
19.818 6.24562 -6.24562
19.819 6.34376 -6.34376
19.82 6.44273 -6.44273
19.821 6.54248 -6.54248
19.822 6.64293 -6.64293
19.823 6.74402 -6.74402
19.824 6.84567 -6.84567
19.825 6.9478 -6.9478
19.826 7.05035 -7.05035
19.827 7.15325 -7.15325
19.828 7.25641 -7.25641
19.829 7.35976 -7.35976
19.83 7.46324 -7.46324
19.831 7.56676 -7.56676
19.832 7.67026 -7.67026
19.833 7.77365 -7.77365
19.834 7.87687 -7.87687
19.835 7.97984 -7.97984
19.836 8.0825 -8.0825
19.837 8.18476 -8.18476
19.838 8.28656 -8.28656
19.839 8.38782 -8.38782
19.84 8.48848 -8.48848
19.841 8.58847 -8.58847
19.842 8.68773 -8.68773
19.843 8.78619 -8.78619
19.844 8.88381 -8.88381
19.845 8.98052 -8.98052
19.846 9.07627 -9.07627
19.847 9.17099 -9.17099
19.848 9.26465 -9.26465
19.849 9.35719 -9.35719
19.85 9.44854 -9.44854
19.851 9.53867 -9.53867
19.852 9.62752 -9.62752
19.853 9.71503 -9.71503
19.854 9.80115 -9.80115
19.855 9.88582 -9.88582
19.856 9.969 -9.969
19.857 10.0506 -10.0506
19.858 10.1307 -10.1307
19.859 10.2091 -10.2091
19.86 10.2858 -10.2858
19.861 10.3608 -10.3608
19.862 10.434 -10.434
19.863 10.5053 -10.5053
19.864 10.5748 -10.5748
19.865 10.6423 -10.6423
19.866 10.7078 -10.7078
19.867 10.7713 -10.7713
19.868 10.8326 -10.8326
19.869 10.8919 -10.8919
19.87 10.949 -10.949
19.871 11.0038 -11.0038
19.872 11.0564 -11.0564
19.873 11.1067 -11.1067
19.874 11.1546 -11.1546
19.875 11.2 -11.2
19.876 11.243 -11.243
19.877 11.2835 -11.2835
19.878 11.3215 -11.3215
19.879 11.3568 -11.3568
19.88 11.3896 -11.3896
19.881 11.4197 -11.4197
19.882 11.447 -11.447
19.883 11.4717 -11.4717
19.884 11.4935 -11.4935
19.885 11.5126 -11.5126
19.886 11.5288 -11.5288
19.887 11.5421 -11.5421
19.888 11.5526 -11.5526
19.889 11.5601 -11.5601
19.89 11.5646 -11.5646
19.891 11.5662 -11.5662
19.892 11.5648 -11.5648
19.893 11.5604 -11.5604
19.894 11.553 -11.553
19.895 11.5425 -11.5425
19.896 11.5291 -11.5291
19.897 11.5125 -11.5125
19.898 11.493 -11.493
19.899 11.4704 -11.4704
19.9 11.4448 -11.4448
19.901 11.4161 -11.4161
19.902 11.3843 -11.3843
19.903 11.3496 -11.3496
19.904 11.3118 -11.3118
19.905 11.2709 -11.2709
19.906 11.2271 -11.2271
19.907 11.1803 -11.1803
19.908 11.1305 -11.1305
19.909 11.0777 -11.0777
19.91 11.0219 -11.0219
19.911 10.9632 -10.9632
19.912 10.9015 -10.9015
19.913 10.837 -10.837
19.914 10.7695 -10.7695
19.915 10.6993 -10.6993
19.916 10.6262 -10.6262
19.917 10.5503 -10.5503
19.918 10.4716 -10.4716
19.919 10.3903 -10.3903
19.92 10.3062 -10.3062
19.921 10.2194 -10.2194
19.922 10.13 -10.13
19.923 10.038 -10.038
19.924 9.94337 -9.94337
19.925 9.84622 -9.84622
19.926 9.74656 -9.74656
19.927 9.64442 -9.64442
19.928 9.53984 -9.53984
19.929 9.43285 -9.43285
19.93 9.32348 -9.32348
19.931 9.21175 -9.21175
19.932 9.09771 -9.09771
19.933 8.98139 -8.98139
19.934 8.8628 -8.8628
19.935 8.74199 -8.74199
19.936 8.61898 -8.61898
19.937 8.4938 -8.4938
19.938 8.36649 -8.36649
19.939 8.23707 -8.23707
19.94 8.10557 -8.10557
19.941 7.97202 -7.97202
19.942 7.83646 -7.83646
19.943 7.69893 -7.69893
19.944 7.55945 -7.55945
19.945 7.41808 -7.41808
19.946 7.27484 -7.27484
19.947 7.12978 -7.12978
19.948 6.98292 -6.98292
19.949 6.83432 -6.83432
19.95 6.68399 -6.68399
19.951 6.53199 -6.53199
19.952 6.37836 -6.37836
19.953 6.22312 -6.22312
19.954 6.06631 -6.06631
19.955 5.90798 -5.90798
19.956 5.74817 -5.74817
19.957 5.5869 -5.5869
19.958 5.42423 -5.42423
19.959 5.26019 -5.26019
19.96 5.09483 -5.09483
19.961 4.92817 -4.92817
19.962 4.76025 -4.76025
19.963 4.5911 -4.5911
19.964 4.42074 -4.42074
19.965 4.24919 -4.24919
19.966 4.0765 -4.0765
19.967 3.90267 -3.90267
19.968 3.72775 -3.72775
19.969 3.55176 -3.55176
19.97 3.37474 -3.37474
19.971 3.19671 -3.19671
19.972 3.01772 -3.01772
19.973 2.83779 -2.83779
19.974 2.65696 -2.65696
19.975 2.47528 -2.47528
19.976 2.29277 -2.29277
19.977 2.10948 -2.10948
19.978 1.92545 -1.92545
19.979 1.74072 -1.74072
19.98 1.55534 -1.55534
19.981 1.36935 -1.36935
19.982 1.18281 -1.18281
19.983 0.99577 -0.99577
19.984 0.808295 -0.808295
19.985 0.620443 -0.620443
19.986 0.432276 -0.432276
19.987 0.24386 -0.24386
19.988 0.0552594 -0.0552594
19.989 -0.133457 0.133457
19.99 -0.32222 0.32222
19.991 -0.510952 0.510952
19.992 -0.699565 0.699565
19.993 -0.887967 0.887967
19.994 -1.07606 1.07606
19.995 -1.26375 1.26375
19.996 -1.45095 1.45095
19.997 -1.63754 1.63754
19.998 -1.82343 1.82343
19.999 -2.00852 2.00852
20 -2.19271 2.19271
20.001 -2.37589 2.37589
20.002 -2.55795 2.55795
20.003 -2.73879 2.73879
20.004 -2.91828 2.91828
20.005 -3.09632 3.09632
20.006 -3.27279 3.27279
20.007 -3.44759 3.44759
20.008 -3.6206 3.6206
20.009 -3.79171 3.79171
20.01 -3.96081 3.96081
20.011 -4.12779 4.12779
20.012 -4.29253 4.29253
20.013 -4.45493 4.45493
20.014 -4.61485 4.61485
20.015 -4.7722 4.7722
20.016 -4.92687 4.92687
20.017 -5.07873 5.07873
20.018 -5.2277 5.2277
20.019 -5.37366 5.37366
20.02 -5.51651 5.51651
20.021 -5.65615 5.65615
20.022 -5.79251 5.79251
20.023 -5.92548 5.92548
20.024 -6.055 6.055
20.025 -6.18097 6.18097
20.026 -6.30333 6.30333
20.027 -6.422 6.422
20.028 -6.53692 6.53692
20.029 -6.64802 6.64802
20.03 -6.75523 6.75523
20.031 -6.85849 6.85849
20.032 -6.95775 6.95775
20.033 -7.05294 7.05294
20.034 -7.14401 7.14401
20.035 -7.2309 7.2309
20.036 -7.31355 7.31355
20.037 -7.39194 7.39194
20.038 -7.466 7.466
20.039 -7.53571 7.53571
20.04 -7.60102 7.60102
20.041 -7.6619 7.6619
20.042 -7.71832 7.71832
20.043 -7.77027 7.77027
20.044 -7.8177 7.8177
20.045 -7.86061 7.86061
20.046 -7.89898 7.89898
20.047 -7.93278 7.93278
20.048 -7.96202 7.96202
20.049 -7.98668 7.98668
20.05 -8.00675 8.00675
20.051 -8.02223 8.02223
20.052 -8.03314 8.03314
20.053 -8.03949 8.03949
20.054 -8.0413 8.0413
20.055 -8.0386 8.0386
20.056 -8.03141 8.03141
20.057 -8.01975 8.01975
20.058 -8.00364 8.00364
20.059 -7.98313 7.98313
20.06 -7.95822 7.95822
20.061 -7.92897 7.92897
20.062 -7.89538 7.89538
20.063 -7.85751 7.85751
20.064 -7.81537 7.81537
20.065 -7.76901 7.76901
20.066 -7.71845 7.71845
20.067 -7.66374 7.66374
20.068 -7.60491 7.60491
20.069 -7.542 7.542
20.07 -7.47503 7.47503
20.071 -7.40406 7.40406
20.072 -7.32914 7.32914
20.073 -7.25034 7.25034
20.074 -7.16771 7.16771
20.075 -7.08133 7.08133
20.076 -6.99124 6.99124
20.077 -6.89753 6.89753
20.078 -6.80024 6.80024
20.079 -6.69944 6.69944
20.08 -6.5952 6.5952
20.081 -6.48758 6.48758
20.082 -6.37664 6.37664
20.083 -6.26244 6.26244
20.084 -6.14504 6.14504
20.085 -6.02452 6.02452
20.086 -5.90091 5.90091
20.087 -5.7743 5.7743
20.088 -5.64475 5.64475
20.089 -5.5123 5.5123
20.09 -5.37704 5.37704
20.091 -5.23901 5.23901
20.092 -5.0983 5.0983
20.093 -4.95496 4.95496
20.094 -4.80908 4.80908
20.095 -4.66073 4.66073
20.096 -4.50997 4.50997
20.097 -4.35688 4.35688
20.098 -4.20153 4.20153
20.099 -4.04399 4.04399
20.1 -3.88435 3.88435
20.101 -3.72266 3.72266
20.102 -3.55899 3.55899
20.103 -3.39341 3.39341
20.104 -3.22596 3.22596
20.105 -3.05671 3.05671
20.106 -2.88571 2.88571
20.107 -2.71305 2.71305
20.108 -2.53876 2.53876
20.109 -2.36293 2.36293
20.11 -2.18561 2.18561
20.111 -2.00687 2.00687
20.112 -1.82678 1.82678
20.113 -1.64541 1.64541
20.114 -1.46283 1.46283
20.115 -1.27911 1.27911
20.116 -1.09433 1.09433
20.117 -0.908566 0.908566
20.118 -0.721889 0.721889
20.119 -0.534381 0.534381
20.12 -0.346124 0.346124
20.121 -0.157197 0.157197
20.122 0.0323191 -0.0323191
20.123 0.222347 -0.222347
20.124 0.412806 -0.412806
20.125 0.603611 -0.603611
20.126 0.794676 -0.794676
20.127 0.985915 -0.985915
20.128 1.17724 -1.17724
20.129 1.36855 -1.36855
20.13 1.55976 -1.55976
20.131 1.75078 -1.75078
20.132 1.94152 -1.94152
20.133 2.13189 -2.13189
20.134 2.3218 -2.3218
20.135 2.51117 -2.51117
20.136 2.69989 -2.69989
20.137 2.88788 -2.88788
20.138 3.07504 -3.07504
20.139 3.26129 -3.26129
20.14 3.44652 -3.44652
20.141 3.63065 -3.63065
20.142 3.81359 -3.81359
20.143 3.99525 -3.99525
20.144 4.17554 -4.17554
20.145 4.35438 -4.35438
20.146 4.53169 -4.53169
20.147 4.70738 -4.70738
20.148 4.88137 -4.88137
20.149 5.05357 -5.05357
20.15 5.22391 -5.22391
20.151 5.39228 -5.39228
20.152 5.55862 -5.55862
20.153 5.72281 -5.72281
20.154 5.88476 -5.88476
20.155 6.04438 -6.04438
20.156 6.20159 -6.20159
20.157 6.35628 -6.35628
20.158 6.50838 -6.50838
20.159 6.6578 -6.6578
20.16 6.80446 -6.80446
20.161 6.94828 -6.94828
20.162 7.08918 -7.08918
20.163 7.22707 -7.22707
20.164 7.36188 -7.36188
20.165 7.49353 -7.49353
20.166 7.62195 -7.62195
20.167 7.74706 -7.74706
20.168 7.8688 -7.8688
20.169 7.98712 -7.98712
20.17 8.10194 -8.10194
20.171 8.21322 -8.21322
20.172 8.32089 -8.32089
20.173 8.42489 -8.42489
20.174 8.52518 -8.52518
20.175 8.6217 -8.6217
20.176 8.71441 -8.71441
20.177 8.80326 -8.80326
20.178 8.88821 -8.88821
20.179 8.96924 -8.96924
20.18 9.0463 -9.0463
20.181 9.11936 -9.11936
20.182 9.18841 -9.18841
20.183 9.25342 -9.25342
20.184 9.31437 -9.31437
20.185 9.37124 -9.37124
20.186 9.42403 -9.42403
20.187 9.47272 -9.47272
20.188 9.51731 -9.51731
20.189 9.55779 -9.55779
20.19 9.59417 -9.59417
20.191 9.62644 -9.62644
20.192 9.65462 -9.65462
20.193 9.67874 -9.67874
20.194 9.69882 -9.69882
20.195 9.71489 -9.71489
20.196 9.72698 -9.72698
20.197 9.73512 -9.73512
20.198 9.73933 -9.73933
20.199 9.73966 -9.73966
20.2 9.73614 -9.73614
20.201 9.7288 -9.7288
20.202 9.71769 -9.71769
20.203 9.70286 -9.70286
20.204 9.68435 -9.68435
20.205 9.6622 -9.6622
20.206 9.63648 -9.63648
20.207 9.60722 -9.60722
20.208 9.57448 -9.5745
20.209 9.53834 -9.53829
20.21 9.49876 -9.49876
20.211 9.45587 -9.45587
20.212 9.40971 -9.40971
20.213 9.36034 -9.36034
20.214 9.3078 -9.3078
20.215 9.25217 -9.25217
20.216 9.19351 -9.19351
20.217 9.13186 -9.13186
20.218 9.0673 -9.0673
20.219 8.99987 -8.99987
20.22 8.92964 -8.92964
20.221 8.85666 -8.85666
20.222 8.78101 -8.78101
20.223 8.70274 -8.70274
20.224 8.62193 -8.62193
20.225 8.53863 -8.53863
20.226 8.45292 -8.45292
20.227 8.36485 -8.36485
20.228 8.27449 -8.27449
20.229 8.18191 -8.18191
20.23 8.08717 -8.08717
20.231 7.99033 -7.99033
20.232 7.89145 -7.89145
20.233 7.7906 -7.7906
20.234 7.68784 -7.68784
20.235 7.58322 -7.58322
20.236 7.47682 -7.47682
20.237 7.3687 -7.3687
20.238 7.25891 -7.25891
20.239 7.14751 -7.14751
20.24 7.03457 -7.03457
20.241 6.92015 -6.92015
20.242 6.80429 -6.80429
20.243 6.68706 -6.68706
20.244 6.5685 -6.5685
20.245 6.44866 -6.44866
20.246 6.3276 -6.3276
20.247 6.20537 -6.20537
20.248 6.08202 -6.08202
20.249 5.9576 -5.9576
20.25 5.83216 -5.83216
20.251 5.70577 -5.70577
20.252 5.57845 -5.57845
20.253 5.45026 -5.45026
20.254 5.32123 -5.32123
20.255 5.19142 -5.19142
20.256 5.06088 -5.06088
20.257 4.92963 -4.92963
20.258 4.79774 -4.79774
20.259 4.66524 -4.66524
20.26 4.53219 -4.53219
20.261 4.39862 -4.39862
20.262 4.26458 -4.26458
20.263 4.13011 -4.13011
20.264 3.99524 -3.99524
20.265 3.86002 -3.86002
20.266 3.72448 -3.72448
20.267 3.58867 -3.58867
20.268 3.45262 -3.45262
20.269 3.31638 -3.31638
20.27 3.18 -3.18
20.271 3.04351 -3.04351
20.272 2.90697 -2.90697
20.273 2.77045 -2.77045
20.274 2.63401 -2.63401
20.275 2.4977 -2.4977
20.276 2.36159 -2.36159
20.277 2.22574 -2.22574
20.278 2.09022 -2.09022
20.279 1.95508 -1.95508
20.28 1.8204 -1.8204
20.281 1.68623 -1.68623
20.282 1.55264 -1.55264
20.283 1.41969 -1.41969
20.284 1.28746 -1.28746
20.285 1.15601 -1.15601
20.286 1.02539 -1.02539
20.287 0.895685 -0.895685
20.288 0.766951 -0.766951
20.289 0.639257 -0.639257
20.29 0.512669 -0.512669
20.291 0.387256 -0.387256
20.292 0.263092 -0.263092
20.293 0.140251 -0.140251
20.294 0.018809 -0.018809
20.295 -0.101158 0.101158
20.296 -0.219575 0.219575
20.297 -0.336366 0.336366
20.298 -0.451458 0.451458
20.299 -0.564775 0.564775
20.3 -0.676243 0.676243
20.301 -0.785787 0.785787
20.302 -0.893327 0.893327
20.303 -0.998782 0.998782
20.304 -1.10207 1.10207
20.305 -1.20312 1.20312
20.306 -1.30184 1.30184
20.307 -1.39816 1.39816
20.308 -1.49201 1.49201
20.309 -1.5833 1.5833
20.31 -1.67197 1.67197
20.311 -1.75794 1.75794
20.312 -1.84115 1.84115
20.313 -1.92154 1.92154
20.314 -1.99905 1.99905
20.315 -2.07362 2.07362
20.316 -2.14519 2.14519
20.317 -2.21371 2.21371
20.318 -2.27912 2.27912
20.319 -2.34138 2.34138
20.32 -2.40043 2.40043
20.321 -2.45622 2.45622
20.322 -2.50872 2.50872
20.323 -2.55786 2.55786
20.324 -2.60361 2.60361
20.325 -2.64593 2.64593
20.326 -2.68478 2.68478
20.327 -2.72011 2.72011
20.328 -2.7519 2.7519
20.329 -2.78011 2.78011
20.33 -2.8047 2.8047
20.331 -2.82565 2.82565
20.332 -2.84294 2.84294
20.333 -2.85656 2.85656
20.334 -2.86651 2.86651
20.335 -2.87277 2.87277
20.336 -2.87534 2.87534
20.337 -2.87422 2.87422
20.338 -2.86941 2.86941
20.339 -2.8609 2.8609
20.34 -2.84869 2.84869
20.341 -2.83279 2.83279
20.342 -2.8132 2.8132
20.343 -2.78992 2.78992
20.344 -2.76297 2.76297
20.345 -2.73235 2.73235
20.346 -2.69806 2.69806
20.347 -2.66012 2.66012
20.348 -2.61855 2.61855
20.349 -2.57335 2.57335
20.35 -2.52453 2.52453
20.351 -2.47213 2.47213
20.352 -2.41615 2.41615
20.353 -2.35662 2.35662
20.354 -2.29358 2.29358
20.355 -2.22705 2.22705
20.356 -2.15706 2.15706
20.357 -2.08365 2.08365
20.358 -2.00683 2.00683
20.359 -1.92666 1.92666
20.36 -1.84315 1.84315
20.361 -1.75635 1.75635
20.362 -1.66628 1.66628
20.363 -1.57298 1.57298
20.364 -1.47646 1.47646
20.365 -1.37677 1.37677
20.366 -1.27394 1.27394
20.367 -1.16799 1.16799
20.368 -1.05897 1.05897
20.369 -0.946909 0.946909
20.37 -0.831841 0.831841
20.371 -0.713807 0.713807
20.372 -0.592847 0.592847
20.373 -0.469002 0.469002
20.374 -0.342315 0.342315
20.375 -0.212831 0.212831
20.376 -0.080594 0.080594
20.377 0.0543472 -0.0543472
20.378 0.191944 -0.191944
20.379 0.332144 -0.332144
20.38 0.474895 -0.474895
20.381 0.620141 -0.620141
20.382 0.767824 -0.767824
20.383 0.917886 -0.917886
20.384 1.07026 -1.07026
20.385 1.22489 -1.22489
20.386 1.38171 -1.38171
20.387 1.54065 -1.54065
20.388 1.70164 -1.70164
20.389 1.8646 -1.8646
20.39 2.02947 -2.02947
20.391 2.19616 -2.19616
20.392 2.3646 -2.3646
20.393 2.53469 -2.53469
20.394 2.70633 -2.70633
20.395 2.87944 -2.87944
20.396 3.05393 -3.05393
20.397 3.22968 -3.22968
20.398 3.40661 -3.40661
20.399 3.58461 -3.58461
20.4 3.76358 -3.76358
20.401 3.9434 -3.9434
20.402 4.12398 -4.12398
20.403 4.30518 -4.30518
20.404 4.48689 -4.48689
20.405 4.669 -4.669
20.406 4.85137 -4.85137
20.407 5.03388 -5.03388
20.408 5.21642 -5.21642
20.409 5.39885 -5.39885
20.41 5.58106 -5.58106
20.411 5.76291 -5.76291
20.412 5.94426 -5.94426
20.413 6.12499 -6.12499
20.414 6.30496 -6.30496
20.415 6.48404 -6.48404
20.416 6.66208 -6.66208
20.417 6.83896 -6.83896
20.418 7.01455 -7.01455
20.419 7.18871 -7.18871
20.42 7.3613 -7.3613
20.421 7.53221 -7.53221
20.422 7.70128 -7.70128
20.423 7.86838 -7.86838
20.424 8.03336 -8.03336
20.425 8.1961 -8.1961
20.426 8.35644 -8.35644
20.427 8.51427 -8.51427
20.428 8.66945 -8.66945
20.429 8.82186 -8.82186
20.43 8.97138 -8.97138
20.431 9.11788 -9.11788
20.432 9.26126 -9.26126
20.433 9.40138 -9.40138
20.434 9.53814 -9.53814
20.435 9.67143 -9.67143
20.436 9.80114 -9.80114
20.437 9.92718 -9.92718
20.438 10.0494 -10.0494
20.439 10.1678 -10.1678
20.44 10.2823 -10.2823
20.441 10.3927 -10.3927
20.442 10.4991 -10.4991
20.443 10.6013 -10.6013
20.444 10.6992 -10.6992
20.445 10.7929 -10.7929
20.446 10.8823 -10.8823
20.447 10.9674 -10.9674
20.448 11.048 -11.048
20.449 11.1242 -11.1242
20.45 11.196 -11.196
20.451 11.2632 -11.2632
20.452 11.326 -11.326
20.453 11.3842 -11.3842
20.454 11.4379 -11.4379
20.455 11.4869 -11.4869
20.456 11.5314 -11.5314
20.457 11.5713 -11.5713
20.458 11.6065 -11.6065
20.459 11.6372 -11.6372
20.46 11.6632 -11.6632
20.461 11.6845 -11.6845
20.462 11.7013 -11.7013
20.463 11.7135 -11.7135
20.464 11.7211 -11.7211
20.465 11.7241 -11.7241
20.466 11.7226 -11.7226
20.467 11.7166 -11.7166
20.468 11.706 -11.706
20.469 11.691 -11.691
20.47 11.6716 -11.6716
20.471 11.6477 -11.6477
20.472 11.6195 -11.6195
20.473 11.5868 -11.5868
20.474 11.5499 -11.5499
20.475 11.5086 -11.5086
20.476 11.463 -11.463
20.477 11.4132 -11.4132
20.478 11.3592 -11.3592
20.479 11.3009 -11.3009
20.48 11.2386 -11.2386
20.481 11.1721 -11.1721
20.482 11.1014 -11.1014
20.483 11.0268 -11.0268
20.484 10.948 -10.948
20.485 10.8653 -10.8653
20.486 10.7785 -10.7785
20.487 10.6878 -10.6878
20.488 10.5932 -10.5932
20.489 10.4947 -10.4947
20.49 10.3923 -10.3923
20.491 10.286 -10.286
20.492 10.1759 -10.1759
20.493 10.062 -10.062
20.494 9.94434 -9.94434
20.495 9.82295 -9.82295
20.496 9.69786 -9.69786
20.497 9.5691 -9.5691
20.498 9.43669 -9.43669
20.499 9.30065 -9.30065
20.5 9.16103 -9.16103
20.501 9.01783 -9.01783
20.502 8.87107 -8.87107
20.503 8.72078 -8.72078
20.504 8.56696 -8.56696
20.505 8.40963 -8.40963
20.506 8.2488 -8.2488
20.507 8.08448 -8.08448
20.508 7.91668 -7.91668
20.509 7.74542 -7.74542
20.51 7.57071 -7.57071
20.511 7.39255 -7.39255
20.512 7.21096 -7.21096
20.513 7.02594 -7.02594
20.514 6.83751 -6.83751
20.515 6.64568 -6.64568
20.516 6.45045 -6.45045
20.517 6.25183 -6.25183
20.518 6.04984 -6.04984
20.519 5.84449 -5.84449
20.52 5.63578 -5.63578
20.521 5.42373 -5.42373
20.522 5.20837 -5.20837
20.523 4.98972 -4.98972
20.524 4.76781 -4.76781
20.525 4.54269 -4.54269
20.526 4.31437 -4.31437
20.527 4.0829 -4.0829
20.528 3.8483 -3.8483
20.529 3.61063 -3.61063
20.53 3.3699 -3.3699
20.531 3.12618 -3.12618
20.532 2.8795 -2.8795
20.533 2.6299 -2.6299
20.534 2.37745 -2.37745
20.535 2.12218 -2.12218
20.536 1.86415 -1.86415
20.537 1.60343 -1.60343
20.538 1.34007 -1.34007
20.539 1.07415 -1.07415
20.54 0.805737 -0.805737
20.541 0.534905 -0.534905
20.542 0.261737 -0.261737
20.543 -0.0136782 0.0136782
20.544 -0.291246 0.291246
20.545 -0.570863 0.570863
20.546 -0.85242 0.85242
20.547 -1.1358 1.1358
20.548 -1.42087 1.42087
20.549 -1.70751 1.70751
20.55 -1.99558 1.99558
20.551 -2.28494 2.28494
20.552 -2.57542 2.57542
20.553 -2.86686 2.86686
20.554 -3.15909 3.15909
20.555 -3.45194 3.45194
20.556 -3.74522 3.74522
20.557 -4.03875 4.03875
20.558 -4.33233 4.33233
20.559 -4.62576 4.62576
20.56 -4.91885 4.91885
20.561 -5.21139 5.21139
20.562 -5.50319 5.50319
20.563 -5.79405 5.79405
20.564 -6.08378 6.08378
20.565 -6.37216 6.37216
20.566 -6.65901 6.65901
20.567 -6.94412 6.94412
20.568 -7.22728 7.22728
20.569 -7.50829 7.50829
20.57 -7.78695 7.78695
20.571 -8.06306 8.06306
20.572 -8.33639 8.33639
20.573 -8.60676 8.60676
20.574 -8.87395 8.87395
20.575 -9.13777 9.13777
20.576 -9.39802 9.39802
20.577 -9.6545 9.6545
20.578 -9.90704 9.90704
20.579 -10.1554 10.1554
20.58 -10.3996 10.3996
20.581 -10.6392 10.6392
20.582 -10.8742 10.8742
20.583 -11.1045 11.1045
20.584 -11.33 11.33
20.585 -11.5504 11.5504
20.586 -11.7658 11.7658
20.587 -11.976 11.976
20.588 -12.1809 12.1809
20.589 -12.3804 12.3804
20.59 -12.5745 12.5745
20.591 -12.7631 12.7631
20.592 -12.9461 12.9461
20.593 -13.1235 13.1235
20.594 -13.2953 13.2953
20.595 -13.4614 13.4614
20.596 -13.6217 13.6217
20.597 -13.7763 13.7763
20.598 -13.9252 13.9252
20.599 -14.0683 14.0683
20.6 -14.2057 14.2057
20.601 -14.3374 14.3374
20.602 -14.4634 14.4634
20.603 -14.5837 14.5837
20.604 -14.6983 14.6983
20.605 -14.8074 14.8074
20.606 -14.911 14.911
20.607 -15.009 15.009
20.608 -15.1016 15.1016
20.609 -15.1889 15.1889
20.61 -15.2708 15.2708
20.611 -15.3475 15.3475
20.612 -15.4191 15.4191
20.613 -15.4855 15.4855
20.614 -15.547 15.547
20.615 -15.6034 15.6034
20.616 -15.6551 15.6551
20.617 -15.7019 15.7019
20.618 -15.744 15.744
20.619 -15.7816 15.7816
20.62 -15.8145 15.8145
20.621 -15.8431 15.8431
20.622 -15.8672 15.8672
20.623 -15.8871 15.8871
20.624 -15.9027 15.9027
20.625 -15.9142 15.9142
20.626 -15.9217 15.9217
20.627 -15.9251 15.9251
20.628 -15.9247 15.9247
20.629 -15.9204 15.9204
20.63 -15.9124 15.9124
20.631 -15.9008 15.9008
20.632 -15.8855 15.8855
20.633 -15.8667 15.8667
20.634 -15.8444 15.8444
20.635 -15.8188 15.8188
20.636 -15.7898 15.7898
20.637 -15.7575 15.7575
20.638 -15.722 15.722
20.639 -15.6834 15.6834
20.64 -15.6417 15.6417
20.641 -15.597 15.597
20.642 -15.5493 15.5493
20.643 -15.4987 15.4987
20.644 -15.4452 15.4452
20.645 -15.389 15.389
20.646 -15.33 15.33
20.647 -15.2683 15.2683
20.648 -15.204 15.204
20.649 -15.1371 15.1371
20.65 -15.0676 15.0676
20.651 -14.9957 14.9957
20.652 -14.9213 14.9213
20.653 -14.8446 14.8446
20.654 -14.7655 14.7655
20.655 -14.6841 14.6841
20.656 -14.6005 14.6005
20.657 -14.5148 14.5148
20.658 -14.4269 14.4269
20.659 -14.3369 14.3369
20.66 -14.2448 14.2448
20.661 -14.1508 14.1508
20.662 -14.0548 14.0548
20.663 -13.9569 13.9569
20.664 -13.8571 13.857
20.665 -13.7554 13.7554
20.666 -13.6518 13.6518
20.667 -13.5465 13.5465
20.668 -13.4394 13.4394
20.669 -13.3305 13.3305
20.67 -13.2199 13.2199
20.671 -13.1076 13.1076
20.672 -12.9937 12.9937
20.673 -12.8782 12.8782
20.674 -12.7611 12.7611
20.675 -12.6424 12.6424
20.676 -12.5222 12.5222
20.677 -12.4005 12.4005
20.678 -12.2774 12.2774
20.679 -12.1529 12.1529
20.68 -12.0269 12.0269
20.681 -11.8996 11.8996
20.682 -11.771 11.771
20.683 -11.6411 11.6411
20.684 -11.5099 11.5099
20.685 -11.3775 11.3775
20.686 -11.2439 11.2439
20.687 -11.1091 11.1091
20.688 -10.9732 10.9732
20.689 -10.8361 10.8361
20.69 -10.698 10.698
20.691 -10.5588 10.5588
20.692 -10.4185 10.4185
20.693 -10.2772 10.2772
20.694 -10.135 10.135
20.695 -9.99175 9.99175
20.696 -9.84756 9.84756
20.697 -9.70243 9.70243
20.698 -9.55639 9.55639
20.699 -9.40946 9.40946
20.7 -9.26165 9.26165
20.701 -9.113 9.113
20.702 -8.96354 8.96354
20.703 -8.81329 8.81329
20.704 -8.66228 8.66228
20.705 -8.51056 8.51056
20.706 -8.35814 8.35814
20.707 -8.20507 8.20507
20.708 -8.05138 8.05138
20.709 -7.89709 7.89709
20.71 -7.74225 7.74225
20.711 -7.58688 7.58688
20.712 -7.431 7.431
20.713 -7.27464 7.27464
20.714 -7.11781 7.11781
20.715 -6.96053 6.96053
20.716 -6.80282 6.80282
20.717 -6.6447 6.6447
20.718 -6.48619 6.48619
20.719 -6.32732 6.32732
20.72 -6.1681 6.1681
20.721 -6.00856 6.00856
20.722 -5.84872 5.84872
20.723 -5.68859 5.68859
20.724 -5.52818 5.52818
20.725 -5.36752 5.36752
20.726 -5.20662 5.20662
20.727 -5.0455 5.0455
20.728 -4.88419 4.88419
20.729 -4.7227 4.7227
20.73 -4.56106 4.56106
20.731 -4.39928 4.39928
20.732 -4.23741 4.23741
20.733 -4.07546 4.07546
20.734 -3.91348 3.91348
20.735 -3.7515 3.7515
20.736 -3.58956 3.58956
20.737 -3.42768 3.42768
20.738 -3.26591 3.26591
20.739 -3.10429 3.10429
20.74 -2.94285 2.94285
20.741 -2.78163 2.78163
20.742 -2.62067 2.62067
20.743 -2.46001 2.46001
20.744 -2.2997 2.2997
20.745 -2.13978 2.13978
20.746 -1.98029 1.98029
20.747 -1.82127 1.82127
20.748 -1.66276 1.66276
20.749 -1.50482 1.50482
20.75 -1.34749 1.34749
20.751 -1.19082 1.19082
20.752 -1.03487 1.03487
20.753 -0.87968 0.87968
20.754 -0.72532 0.72532
20.755 -0.571847 0.571847
20.756 -0.419318 0.419318
20.757 -0.267793 0.267793
20.758 -0.117332 0.117332
20.759 0.0320047 -0.0320047
20.76 0.180156 -0.180156
20.761 0.327063 -0.327063
20.762 0.472668 -0.472668
20.763 0.616919 -0.616919
20.764 0.759761 -0.759761
20.765 0.901141 -0.901141
20.766 1.041 -1.041
20.767 1.17929 -1.17929
20.768 1.31596 -1.31596
20.769 1.45095 -1.45095
20.77 1.58421 -1.58421
20.771 1.71569 -1.71569
20.772 1.84532 -1.84532
20.773 1.97305 -1.97305
20.774 2.09883 -2.09883
20.775 2.22258 -2.22258
20.776 2.34425 -2.34425
20.777 2.46379 -2.46379
20.778 2.58114 -2.58114
20.779 2.69625 -2.69625
20.78 2.80907 -2.80907
20.781 2.91953 -2.91953
20.782 3.02762 -3.02762
20.783 3.1333 -3.1333
20.784 3.23653 -3.23653
20.785 3.33728 -3.33728
20.786 3.43554 -3.43554
20.787 3.53127 -3.53127
20.788 3.62445 -3.62445
20.789 3.71505 -3.71505
20.79 3.80306 -3.80306
20.791 3.88845 -3.88845
20.792 3.97119 -3.97119
20.793 4.05126 -4.05126
20.794 4.12864 -4.12864
20.795 4.2033 -4.2033
20.796 4.27523 -4.27523
20.797 4.34439 -4.34439
20.798 4.41079 -4.41079
20.799 4.47439 -4.47439
20.8 4.53519 -4.53519
20.801 4.59318 -4.59318
20.802 4.64833 -4.64833
20.803 4.70066 -4.70066
20.804 4.75013 -4.75013
20.805 4.79676 -4.79676
20.806 4.84053 -4.84053
20.807 4.88145 -4.88145
20.808 4.91951 -4.91951
20.809 4.95471 -4.95471
20.81 4.98705 -4.98705
20.811 5.01654 -5.01654
20.812 5.04318 -5.04318
20.813 5.06695 -5.06695
20.814 5.08787 -5.08787
20.815 5.10592 -5.10592
20.816 5.12112 -5.12112
20.817 5.13346 -5.13346
20.818 5.14295 -5.14295
20.819 5.14959 -5.14959
20.82 5.1534 -5.1534
20.821 5.15437 -5.15437
20.822 5.1525 -5.1525
20.823 5.14778 -5.14779
20.824 5.14024 -5.1402
20.825 5.1298 -5.1298
20.826 5.11651 -5.11651
20.827 5.10036 -5.10036
20.828 5.08135 -5.08135
20.829 5.05948 -5.05948
20.83 5.03473 -5.03473
20.831 5.00713 -5.00713
20.832 4.97668 -4.97668
20.833 4.94339 -4.94339
20.834 4.90727 -4.90727
20.835 4.86834 -4.86834
20.836 4.82662 -4.82662
20.837 4.78211 -4.78211
20.838 4.73484 -4.73484
20.839 4.68482 -4.68482
20.84 4.63206 -4.63206
20.841 4.5766 -4.5766
20.842 4.51844 -4.51844
20.843 4.45761 -4.45761
20.844 4.39413 -4.39413
20.845 4.32801 -4.32801
20.846 4.25928 -4.25928
20.847 4.18797 -4.18797
20.848 4.11409 -4.11409
20.849 4.03767 -4.03767
20.85 3.95874 -3.95874
20.851 3.87731 -3.87731
20.852 3.79343 -3.79343
20.853 3.70715 -3.70715
20.854 3.6185 -3.6185
20.855 3.52753 -3.52753
20.856 3.43429 -3.43429
20.857 3.33881 -3.33881
20.858 3.24115 -3.24115
20.859 3.14136 -3.14136
20.86 3.03947 -3.03947
20.861 2.93553 -2.93553
20.862 2.8296 -2.8296
20.863 2.72173 -2.72173
20.864 2.61195 -2.61195
20.865 2.50032 -2.50032
20.866 2.38689 -2.38689
20.867 2.27171 -2.27171
20.868 2.15483 -2.15483
20.869 2.03631 -2.03631
20.87 1.91619 -1.91619
20.871 1.79454 -1.79454
20.872 1.67142 -1.67142
20.873 1.5469 -1.5469
20.874 1.42106 -1.42106
20.875 1.29397 -1.29397
20.876 1.16571 -1.16571
20.877 1.03634 -1.03634
20.878 0.905952 -0.905952
20.879 0.774613 -0.774613
20.88 0.642402 -0.642402
20.881 0.509398 -0.509398
20.882 0.375672 -0.375672
20.883 0.241294 -0.241294
20.884 0.106339 -0.106339
20.885 -0.029123 0.029123
20.886 -0.165017 0.165017
20.887 -0.301268 0.301268
20.888 -0.4378 0.4378
20.889 -0.574537 0.574537
20.89 -0.711402 0.711402
20.891 -0.84832 0.84832
20.892 -0.985225 0.985225
20.893 -1.12206 1.12206
20.894 -1.25875 1.25875
20.895 -1.39524 1.39524
20.896 -1.53147 1.53147
20.897 -1.66737 1.66737
20.898 -1.80288 1.80288
20.899 -1.93793 1.93793
20.9 -2.07247 2.07247
20.901 -2.20641 2.20641
20.902 -2.33971 2.33971
20.903 -2.47229 2.47229
20.904 -2.60409 2.60409
20.905 -2.73504 2.73504
20.906 -2.86508 2.86508
20.907 -2.99415 2.99415
20.908 -3.12218 3.12218
20.909 -3.2491 3.2491
20.91 -3.37486 3.37486
20.911 -3.49939 3.49939
20.912 -3.62265 3.62265
20.913 -3.74459 3.74459
20.914 -3.86517 3.86517
20.915 -3.98434 3.98434
20.916 -4.10206 4.10206
20.917 -4.21829 4.21829
20.918 -4.33299 4.33299
20.919 -4.44612 4.44612
20.92 -4.55764 4.55764
20.921 -4.66752 4.66752
20.922 -4.7757 4.7757
20.923 -4.88214 4.88214
20.924 -4.9868 4.9868
20.925 -5.08964 5.08964
20.926 -5.19061 5.19061
20.927 -5.28969 5.28969
20.928 -5.38682 5.38682
20.929 -5.48198 5.48198
20.93 -5.57512 5.57512
20.931 -5.66621 5.66621
20.932 -5.75523 5.75523
20.933 -5.84213 5.84213
20.934 -5.9269 5.9269
20.935 -6.0095 6.0095
20.936 -6.0899 6.0899
20.937 -6.16808 6.16808
20.938 -6.24402 6.24402
20.939 -6.3177 6.3177
20.94 -6.38909 6.38909
20.941 -6.45818 6.45818
20.942 -6.52493 6.52493
20.943 -6.58931 6.58931
20.944 -6.65129 6.65129
20.945 -6.71084 6.71084
20.946 -6.76793 6.76793
20.947 -6.82254 6.82254
20.948 -6.87464 6.87464
20.949 -6.92421 6.92421
20.95 -6.97123 6.97123
20.951 -7.01568 7.01568
20.952 -7.05754 7.05754
20.953 -7.09681 7.09681
20.954 -7.13345 7.13345
20.955 -7.16747 7.16747
20.956 -7.19884 7.19884
20.957 -7.22756 7.22756
20.958 -7.25362 7.25362
20.959 -7.27702 7.27702
20.96 -7.29775 7.29775
20.961 -7.3158 7.3158
20.962 -7.33116 7.33116
20.963 -7.34383 7.34383
20.964 -7.35379 7.35379
20.965 -7.36105 7.36105
20.966 -7.36558 7.36558
20.967 -7.36739 7.36739
20.968 -7.36648 7.36648
20.969 -7.36284 7.36284
20.97 -7.35647 7.35647
20.971 -7.34738 7.34738
20.972 -7.33557 7.33557
20.973 -7.32104 7.32105
20.974 -7.30384 7.30381
20.975 -7.28392 7.28392
20.976 -7.26135 7.26135
20.977 -7.23611 7.23611
20.978 -7.20824 7.20824
20.979 -7.17774 7.17774
20.98 -7.14463 7.14463
20.981 -7.10893 7.10893
20.982 -7.07065 7.07065
20.983 -7.02984 7.02984
20.984 -6.98652 6.98652
20.985 -6.94071 6.94071
20.986 -6.89244 6.89244
20.987 -6.84175 6.84175
20.988 -6.78866 6.78866
20.989 -6.7332 6.7332
20.99 -6.67539 6.67539
20.991 -6.61528 6.61528
20.992 -6.5529 6.5529
20.993 -6.48829 6.48829
20.994 -6.42149 6.42149
20.995 -6.35253 6.35253
20.996 -6.28146 6.28146
20.997 -6.20832 6.20832
20.998 -6.13315 6.13315
20.999 -6.05599 6.05599
21 -5.97689 5.97689
21.001 -5.89587 5.89587
21.002 -5.813 5.813
21.003 -5.72832 5.72832
21.004 -5.64188 5.64188
21.005 -5.55373 5.55373
21.006 -5.46393 5.46393
21.007 -5.37252 5.37252
21.008 -5.27955 5.27955
21.009 -5.18508 5.18508
21.01 -5.08916 5.08916
21.011 -4.99183 4.99183
21.012 -4.89315 4.89315
21.013 -4.79317 4.79317
21.014 -4.69195 4.69195
21.015 -4.58952 4.58952
21.016 -4.48596 4.48596
21.017 -4.3813 4.3813
21.018 -4.27561 4.27561
21.019 -4.16893 4.16893
21.02 -4.06131 4.06131
21.021 -3.95282 3.95282
21.022 -3.84349 3.84349
21.023 -3.73337 3.73337
21.024 -3.62251 3.62251
21.025 -3.51095 3.51095
21.026 -3.39874 3.39874
21.027 -3.28593 3.28593
21.028 -3.17255 3.17255
21.029 -3.05867 3.05867
21.03 -2.94432 2.94432
21.031 -2.82955 2.82955
21.032 -2.7144 2.7144
21.033 -2.59891 2.59891
21.034 -2.48313 2.48313
21.035 -2.36709 2.36709
21.036 -2.25084 2.25084
21.037 -2.13441 2.13441
21.038 -2.01784 2.01784
21.039 -1.90118 1.90118
21.04 -1.78448 1.78448
21.041 -1.66776 1.66776
21.042 -1.55106 1.55106
21.043 -1.43443 1.43443
21.044 -1.31789 1.31789
21.045 -1.20148 1.20148
21.046 -1.08524 1.08524
21.047 -0.96919 0.96919
21.048 -0.853381 0.853381
21.049 -0.737845 0.737845
21.05 -0.622616 0.622616
21.051 -0.507735 0.507735
21.052 -0.393244 0.393244
21.053 -0.279188 0.279188
21.054 -0.165615 0.165615
21.055 -0.0525697 0.0525697
21.056 0.0599012 -0.0599012
21.057 0.171751 -0.171751
21.058 0.282932 -0.282932
21.059 0.393398 -0.393398
21.06 0.503102 -0.503102
21.061 0.611995 -0.611995
21.062 0.720032 -0.720032
21.063 0.827166 -0.827166
21.064 0.93335 -0.93335
21.065 1.03854 -1.03854
21.066 1.14268 -1.14268
21.067 1.24574 -1.24574
21.068 1.34766 -1.34766
21.069 1.4484 -1.4484
21.07 1.54792 -1.54792
21.071 1.64617 -1.64617
21.072 1.74312 -1.74312
21.073 1.83873 -1.83873
21.074 1.93297 -1.93297
21.075 2.0258 -2.0258
21.076 2.11719 -2.11719
21.077 2.20711 -2.20711
21.078 2.29552 -2.29552
21.079 2.38241 -2.38241
21.08 2.46773 -2.46773
21.081 2.55145 -2.55145
21.082 2.63354 -2.63354
21.083 2.71394 -2.71394
21.084 2.79262 -2.79262
21.085 2.86952 -2.86952
21.086 2.94461 -2.94461
21.087 3.01785 -3.01785
21.088 3.08919 -3.08919
21.089 3.1586 -3.1586
21.09 3.22604 -3.22604
21.091 3.29148 -3.29148
21.092 3.35488 -3.35488
21.093 3.41622 -3.41622
21.094 3.47548 -3.47548
21.095 3.53263 -3.53263
21.096 3.58764 -3.58764
21.097 3.64051 -3.64051
21.098 3.6912 -3.6912
21.099 3.7397 -3.7397
21.1 3.786 -3.786
21.101 3.83007 -3.83007
21.102 3.87189 -3.87189
21.103 3.91143 -3.91143
21.104 3.94869 -3.94869
21.105 3.98363 -3.98363
21.106 4.01625 -4.01625
21.107 4.04651 -4.04651
21.108 4.0744 -4.0744
21.109 4.09992 -4.09992
21.11 4.12304 -4.12304
21.111 4.14375 -4.14375
21.112 4.16204 -4.16204
21.113 4.17789 -4.17789
21.114 4.19131 -4.19131
21.115 4.20228 -4.20228
21.116 4.2108 -4.2108
21.117 4.21685 -4.21685
21.118 4.22043 -4.22043
21.119 4.22154 -4.22154
21.12 4.22017 -4.2202
21.121 4.21635 -4.21634
21.122 4.21006 -4.21003
21.123 4.20128 -4.20128
21.124 4.19007 -4.19007
21.125 4.17642 -4.17642
21.126 4.16034 -4.16034
21.127 4.14185 -4.14185
21.128 4.12096 -4.12096
21.129 4.09767 -4.09767
21.13 4.07202 -4.07202
21.131 4.04401 -4.04401
21.132 4.01367 -4.01367
21.133 3.981 -3.981
21.134 3.94602 -3.94602
21.135 3.90876 -3.90876
21.136 3.86924 -3.86924
21.137 3.82747 -3.82747
21.138 3.78347 -3.78347
21.139 3.73728 -3.73728
21.14 3.6889 -3.6889
21.141 3.63837 -3.63837
21.142 3.58571 -3.58571
21.143 3.53097 -3.53097
21.144 3.47416 -3.47416
21.145 3.41532 -3.41532
21.146 3.3545 -3.3545
21.147 3.29172 -3.29172
21.148 3.22702 -3.22702
21.149 3.16043 -3.16043
21.15 3.092 -3.092
21.151 3.02176 -3.02176
21.152 2.94974 -2.94974
21.153 2.87599 -2.87599
21.154 2.80054 -2.80054
21.155 2.72344 -2.72344
21.156 2.64471 -2.64471
21.157 2.56441 -2.56441
21.158 2.48257 -2.48257
21.159 2.39923 -2.39923
21.16 2.31443 -2.31443
21.161 2.22822 -2.22822
21.162 2.14064 -2.14064
21.163 2.05173 -2.05173
21.164 1.96154 -1.96154
21.165 1.8701 -1.8701
21.166 1.77746 -1.77746
21.167 1.68368 -1.68368
21.168 1.58878 -1.58878
21.169 1.49282 -1.49282
21.17 1.39584 -1.39584
21.171 1.29789 -1.29789
21.172 1.19903 -1.19903
21.173 1.09931 -1.09931
21.174 0.998792 -0.998792
21.175 0.897525 -0.897525
21.176 0.795572 -0.795572
21.177 0.692989 -0.692989
21.178 0.589835 -0.589835
21.179 0.486169 -0.486169
21.18 0.382049 -0.382049
21.181 0.277537 -0.277537
21.182 0.172691 -0.172691
21.183 0.0675716 -0.0675716
21.184 -0.0377596 0.0377596
21.185 -0.143241 0.143241
21.186 -0.248811 0.248811
21.187 -0.354408 0.354408
21.188 -0.459968 0.459968
21.189 -0.565428 0.565428
21.19 -0.670726 0.670726
21.191 -0.775798 0.775798
21.192 -0.880581 0.880581
21.193 -0.985011 0.985011
21.194 -1.08902 1.08902
21.195 -1.19256 1.19256
21.196 -1.29555 1.29555
21.197 -1.39793 1.39793
21.198 -1.49964 1.49964
21.199 -1.60062 1.60062
21.2 -1.7008 1.7008
21.201 -1.80013 1.80013
21.202 -1.89852 1.89852
21.203 -1.99594 1.99594
21.204 -2.0923 2.0923
21.205 -2.18756 2.18756
21.206 -2.28165 2.28165
21.207 -2.37451 2.37451
21.208 -2.46609 2.46609
21.209 -2.55631 2.55631
21.21 -2.64513 2.64513
21.211 -2.73248 2.73248
21.212 -2.81831 2.81831
21.213 -2.90254 2.90254
21.214 -2.98511 2.98511
21.215 -3.06596 3.06596
21.216 -3.14503 3.14503
21.217 -3.22225 3.22225
21.218 -3.29757 3.29757
21.219 -3.37094 3.37094
21.22 -3.44228 3.44228
21.221 -3.51154 3.51154
21.222 -3.57867 3.57867
21.223 -3.64359 3.64359
21.224 -3.70625 3.70625
21.225 -3.76659 3.76659
21.226 -3.82455 3.82455
21.227 -3.88008 3.88008
21.228 -3.93311 3.93311
21.229 -3.98359 3.98359
21.23 -4.03147 4.03147
21.231 -4.07671 4.07671
21.232 -4.11925 4.11925
21.233 -4.15904 4.15904
21.234 -4.19604 4.19604
21.235 -4.2302 4.2302
21.236 -4.26148 4.26148
21.237 -4.28984 4.28984
21.238 -4.31523 4.31523
21.239 -4.33763 4.33763
21.24 -4.35699 4.35699
21.241 -4.37328 4.37328
21.242 -4.38646 4.38646
21.243 -4.3965 4.3965
21.244 -4.40338 4.40338
21.245 -4.40706 4.40706
21.246 -4.40752 4.40752
21.247 -4.40471 4.40472
21.248 -4.39866 4.39863
21.249 -4.38927 4.38927
21.25 -4.37658 4.37658
21.251 -4.36054 4.36054
21.252 -4.34114 4.34114
21.253 -4.31836 4.31836
21.254 -4.29219 4.29219
21.255 -4.2626 4.2626
21.256 -4.22959 4.22959
21.257 -4.19314 4.19314
21.258 -4.15323 4.15323
21.259 -4.10987 4.10987
21.26 -4.06303 4.06303
21.261 -4.01272 4.01272
21.262 -3.95892 3.95892
21.263 -3.90165 3.90165
21.264 -3.8409 3.8409
21.265 -3.77669 3.77669
21.266 -3.70901 3.70901
21.267 -3.63787 3.63787
21.268 -3.56327 3.56327
21.269 -3.48524 3.48524
21.27 -3.40376 3.40376
21.271 -3.31887 3.31887
21.272 -3.23058 3.23058
21.273 -3.13891 3.13891
21.274 -3.04391 3.04391
21.275 -2.9456 2.9456
21.276 -2.844 2.844
21.277 -2.73916 2.73916
21.278 -2.63111 2.63111
21.279 -2.51987 2.51987
21.28 -2.40549 2.40549
21.281 -2.288 2.288
21.282 -2.16744 2.16744
21.283 -2.04387 2.04387
21.284 -1.91732 1.91732
21.285 -1.78785 1.78785
21.286 -1.6555 1.6555
21.287 -1.52033 1.52033
21.288 -1.38239 1.38239
21.289 -1.24173 1.24173
21.29 -1.0984 1.0984
21.291 -0.952468 0.952468
21.292 -0.803979 0.803979
21.293 -0.652997 0.652997
21.294 -0.499582 0.499582
21.295 -0.343794 0.343794
21.296 -0.185698 0.185698
21.297 -0.0253595 0.0253595
21.298 0.137155 -0.137155
21.299 0.301774 -0.301774
21.3 0.468427 -0.468427
21.301 0.63704 -0.63704
21.302 0.807543 -0.807543
21.303 0.979866 -0.979866
21.304 1.15394 -1.15394
21.305 1.32968 -1.32968
21.306 1.50702 -1.50702
21.307 1.68587 -1.68587
21.308 1.86616 -1.86616
21.309 2.0478 -2.0478
21.31 2.23071 -2.23071
21.311 2.4148 -2.4148
21.312 2.59998 -2.59998
21.313 2.78618 -2.78618
21.314 2.97331 -2.97331
21.315 3.16128 -3.16128
21.316 3.35 -3.35
21.317 3.53938 -3.53938
21.318 3.72933 -3.72933
21.319 3.91976 -3.91976
21.32 4.11056 -4.11056
21.321 4.30163 -4.30163
21.322 4.49289 -4.49289
21.323 4.68423 -4.68423
21.324 4.87554 -4.87554
21.325 5.06673 -5.06673
21.326 5.25768 -5.25768
21.327 5.4483 -5.4483
21.328 5.63847 -5.63847
21.329 5.8281 -5.8281
21.33 6.01707 -6.01707
21.331 6.20527 -6.20527
21.332 6.3926 -6.3926
21.333 6.57893 -6.57893
21.334 6.76416 -6.76416
21.335 6.94816 -6.94816
21.336 7.13083 -7.13083
21.337 7.31204 -7.31204
21.338 7.4917 -7.4917
21.339 7.66968 -7.66968
21.34 7.84588 -7.84588
21.341 8.0202 -8.0202
21.342 8.19252 -8.19252
21.343 8.36275 -8.36275
21.344 8.53078 -8.53078
21.345 8.69652 -8.69652
21.346 8.85987 -8.85987
21.347 9.02075 -9.02075
21.348 9.17905 -9.17905
21.349 9.33469 -9.33469
21.35 9.4876 -9.4876
21.351 9.63769 -9.63769
21.352 9.78487 -9.78487
21.353 9.92904 -9.92904
21.354 10.0701 -10.0701
21.355 10.208 -10.208
21.356 10.3427 -10.3427
21.357 10.4741 -10.4741
21.358 10.6021 -10.6021
21.359 10.7266 -10.7266
21.36 10.8476 -10.8476
21.361 10.965 -10.965
21.362 11.0789 -11.0789
21.363 11.189 -11.189
21.364 11.2955 -11.2955
21.365 11.3982 -11.3982
21.366 11.4972 -11.4972
21.367 11.5923 -11.5923
21.368 11.6836 -11.6836
21.369 11.771 -11.771
21.37 11.8546 -11.8546
21.371 11.9342 -11.9342
21.372 12.01 -12.01
21.373 12.0818 -12.0818
21.374 12.1497 -12.1497
21.375 12.2137 -12.2137
21.376 12.2737 -12.2737
21.377 12.3298 -12.3298
21.378 12.3819 -12.3819
21.379 12.43 -12.43
21.38 12.4743 -12.4743
21.381 12.5146 -12.5146
21.382 12.551 -12.551
21.383 12.5835 -12.5835
21.384 12.6122 -12.6122
21.385 12.637 -12.637
21.386 12.658 -12.658
21.387 12.6753 -12.6753
21.388 12.6888 -12.6888
21.389 12.6986 -12.6986
21.39 12.7048 -12.7048
21.391 12.7073 -12.7073
21.392 12.7062 -12.7062
21.393 12.7016 -12.7016
21.394 12.6935 -12.6935
21.395 12.6819 -12.6819
21.396 12.667 -12.667
21.397 12.6487 -12.6487
21.398 12.6271 -12.6271
21.399 12.6022 -12.6022
21.4 12.5741 -12.5741
21.401 12.5429 -12.5429
21.402 12.5086 -12.5086
21.403 12.4712 -12.4712
21.404 12.4308 -12.4308
21.405 12.3874 -12.3874
21.406 12.3411 -12.3411
21.407 12.2919 -12.2919
21.408 12.2399 -12.2399
21.409 12.1851 -12.1851
21.41 12.1276 -12.1276
21.411 12.0674 -12.0674
21.412 12.0046 -12.0046
21.413 11.9391 -11.9391
21.414 11.8712 -11.8712
21.415 11.8008 -11.8008
21.416 11.7279 -11.7279
21.417 11.6526 -11.6526
21.418 11.5751 -11.5751
21.419 11.4952 -11.4952
21.42 11.4131 -11.4131
21.421 11.3289 -11.3289
21.422 11.2424 -11.2424
21.423 11.1539 -11.1539
21.424 11.0633 -11.0633
21.425 10.9707 -10.9707
21.426 10.876 -10.876
21.427 10.7794 -10.7794
21.428 10.6809 -10.6809
21.429 10.5805 -10.5805
21.43 10.4782 -10.4782
21.431 10.3741 -10.3741
21.432 10.2681 -10.2681
21.433 10.1605 -10.1605
21.434 10.051 -10.051
21.435 9.93984 -9.93984
21.436 9.82696 -9.82696
21.437 9.71241 -9.71241
21.438 9.5962 -9.5962
21.439 9.47836 -9.47836
21.44 9.35891 -9.35891
21.441 9.23787 -9.23787
21.442 9.11525 -9.11525
21.443 8.99105 -8.99105
21.444 8.86529 -8.86529
21.445 8.73797 -8.73797
21.446 8.60909 -8.60909
21.447 8.47866 -8.47866
21.448 8.34669 -8.34669
21.449 8.21319 -8.21319
21.45 8.07815 -8.07815
21.451 7.9416 -7.9416
21.452 7.80353 -7.80353
21.453 7.66395 -7.66395
21.454 7.52287 -7.52287
21.455 7.3803 -7.3803
21.456 7.23625 -7.23625
21.457 7.09072 -7.09072
21.458 6.94373 -6.94373
21.459 6.79528 -6.79528
21.46 6.64538 -6.64538
21.461 6.49405 -6.49405
21.462 6.34129 -6.34129
21.463 6.18711 -6.18711
21.464 6.03153 -6.03153
21.465 5.87455 -5.87455
21.466 5.7162 -5.7162
21.467 5.55647 -5.55647
21.468 5.39539 -5.39539
21.469 5.23297 -5.23297
21.47 5.06922 -5.06922
21.471 4.90417 -4.90417
21.472 4.73783 -4.73783
21.473 4.57022 -4.57022
21.474 4.40139 -4.40139
21.475 4.23134 -4.23134
21.476 4.06011 -4.06011
21.477 3.88774 -3.88774
21.478 3.71424 -3.71424
21.479 3.53964 -3.53964
21.48 3.36399 -3.36399
21.481 3.18732 -3.18732
21.482 3.00967 -3.00967
21.483 2.83109 -2.83109
21.484 2.65164 -2.65164
21.485 2.47138 -2.47138
21.486 2.29035 -2.29035
21.487 2.10863 -2.10863
21.488 1.92625 -1.92625
21.489 1.74329 -1.74329
21.49 1.5598 -1.5598
21.491 1.37585 -1.37585
21.492 1.19151 -1.19151
21.493 1.00685 -1.00685
21.494 0.821946 -0.821946
21.495 0.63688 -0.63688
21.496 0.451726 -0.451726
21.497 0.266566 -0.266566
21.498 0.0814807 -0.0814807
21.499 -0.103447 0.103447
21.5 -0.288131 0.288131
21.501 -0.472481 0.472481
21.502 -0.656403 0.656403
21.503 -0.839797 0.839797
21.504 -1.02256 1.02256
21.505 -1.20459 1.20459
21.506 -1.38579 1.38579
21.507 -1.56606 1.56606
21.508 -1.74528 1.74528
21.509 -1.92335 1.92335
21.51 -2.10017 2.10017
21.511 -2.27564 2.27564
21.512 -2.44965 2.44965
21.513 -2.62211 2.62211
21.514 -2.79293 2.79293
21.515 -2.96199 2.96199
21.516 -3.12922 3.12922
21.517 -3.29451 3.29451
21.518 -3.45777 3.45777
21.519 -3.6189 3.6189
21.52 -3.77781 3.77781
21.521 -3.93441 3.93441
21.522 -4.08863 4.08863
21.523 -4.24039 4.24039
21.524 -4.38963 4.38963
21.525 -4.53627 4.53627
21.526 -4.68024 4.68024
21.527 -4.82149 4.82149
21.528 -4.95995 4.95995
21.529 -5.09555 5.09555
21.53 -5.22824 5.22824
21.531 -5.35796 5.35796
21.532 -5.48467 5.48467
21.533 -5.60831 5.60831
21.534 -5.72886 5.72886
21.535 -5.84626 5.84626
21.536 -5.96049 5.96049
21.537 -6.07151 6.07151
21.538 -6.17928 6.17928
21.539 -6.28378 6.28378
21.54 -6.38499 6.38499
21.541 -6.48287 6.48287
21.542 -6.57741 6.57741
21.543 -6.66859 6.66859
21.544 -6.75639 6.75639
21.545 -6.8408 6.8408
21.546 -6.92181 6.92181
21.547 -6.9994 6.9994
21.548 -7.07358 7.07358
21.549 -7.14434 7.14434
21.55 -7.21168 7.21168
21.551 -7.27559 7.27559
21.552 -7.33608 7.33608
21.553 -7.39314 7.39314
21.554 -7.44677 7.44677
21.555 -7.49697 7.49697
21.556 -7.54374 7.54374
21.557 -7.5871 7.5871
21.558 -7.62705 7.62705
21.559 -7.66359 7.66359
21.56 -7.69675 7.69675
21.561 -7.72653 7.72653
21.562 -7.75294 7.75294
21.563 -7.77599 7.77599
21.564 -7.79569 7.79569
21.565 -7.81205 7.81205
21.566 -7.82508 7.82508
21.567 -7.83481 7.83481
21.568 -7.84124 7.84124
21.569 -7.84439 7.84439
21.57 -7.84428 7.84428
21.571 -7.84093 7.84093
21.572 -7.83435 7.83435
21.573 -7.82454 7.82454
21.574 -7.81151 7.81151
21.575 -7.79525 7.79528
21.576 -7.77581 7.7758
21.577 -7.75316 7.75316
21.578 -7.72732 7.72732
21.579 -7.69831 7.69831
21.58 -7.66614 7.66614
21.581 -7.63082 7.63082
21.582 -7.59238 7.59238
21.583 -7.55086 7.55086
21.584 -7.50629 7.50629
21.585 -7.4587 7.4587
21.586 -7.40812 7.40812
21.587 -7.35458 7.35458
21.588 -7.29813 7.29813
21.589 -7.2388 7.2388
21.59 -7.17662 7.17662
21.591 -7.11163 7.11163
21.592 -7.04386 7.04386
21.593 -6.97338 6.97338
21.594 -6.90021 6.90021
21.595 -6.82441 6.82441
21.596 -6.74602 6.74602
21.597 -6.66508 6.66508
21.598 -6.58165 6.58165
21.599 -6.49576 6.49576
21.6 -6.40745 6.40745
21.601 -6.3168 6.3168
21.602 -6.22385 6.22385
21.603 -6.12868 6.12868
21.604 -6.03136 6.03136
21.605 -5.93196 5.93196
21.606 -5.83056 5.83056
21.607 -5.72722 5.72722
21.608 -5.62202 5.62202
21.609 -5.51503 5.51503
21.61 -5.40631 5.40631
21.611 -5.29595 5.29595
21.612 -5.184 5.184
21.613 -5.07053 5.07053
21.614 -4.95561 4.95561
21.615 -4.83928 4.83928
21.616 -4.72163 4.72163
21.617 -4.60271 4.60271
21.618 -4.48258 4.48258
21.619 -4.36132 4.36132
21.62 -4.23898 4.23898
21.621 -4.11564 4.11564
21.622 -3.99135 3.99135
21.623 -3.86618 3.86618
21.624 -3.7402 3.7402
21.625 -3.61347 3.61347
21.626 -3.48607 3.48607
21.627 -3.35805 3.35805
21.628 -3.22948 3.22948
21.629 -3.10044 3.10044
21.63 -2.97099 2.97099
21.631 -2.84119 2.84119
21.632 -2.71109 2.71109
21.633 -2.58074 2.58074
21.634 -2.45018 2.45018
21.635 -2.31945 2.31945
21.636 -2.1886 2.1886
21.637 -2.05767 2.05767
21.638 -1.92671 1.92671
21.639 -1.79576 1.79576
21.64 -1.66488 1.66488
21.641 -1.5341 1.5341
21.642 -1.40348 1.40348
21.643 -1.27306 1.27306
21.644 -1.14289 1.14289
21.645 -1.01302 1.01302
21.646 -0.883497 0.883497
21.647 -0.754374 0.754374
21.648 -0.625699 0.625699
21.649 -0.497521 0.497521
21.65 -0.369892 0.369892
21.651 -0.242859 0.242859
21.652 -0.116468 0.116468
21.653 0.00924026 -0.00924026
21.654 0.134221 -0.134221
21.655 0.258432 -0.258432
21.656 0.381828 -0.381828
21.657 0.504366 -0.504366
21.658 0.626002 -0.626002
21.659 0.746691 -0.746691
21.66 0.86639 -0.86639
21.661 0.985054 -0.985054
21.662 1.10264 -1.10264
21.663 1.21911 -1.21911
21.664 1.33441 -1.33441
21.665 1.4485 -1.4485
21.666 1.56134 -1.56134
21.667 1.67289 -1.67289
21.668 1.7831 -1.7831
21.669 1.89194 -1.89194
21.67 1.99936 -1.99936
21.671 2.10532 -2.10532
21.672 2.20976 -2.20976
21.673 2.31263 -2.31263
21.674 2.41388 -2.41388
21.675 2.51344 -2.51344
21.676 2.61127 -2.61127
21.677 2.70731 -2.70731
21.678 2.80151 -2.80151
21.679 2.89381 -2.89381
21.68 2.98418 -2.98418
21.681 3.07255 -3.07255
21.682 3.15889 -3.15889
21.683 3.24313 -3.24313
21.684 3.32525 -3.32525
21.685 3.40519 -3.40519
21.686 3.48292 -3.48292
21.687 3.55838 -3.55838
21.688 3.63155 -3.63155
21.689 3.70237 -3.70237
21.69 3.77082 -3.77082
21.691 3.83685 -3.83685
21.692 3.90044 -3.90044
21.693 3.96154 -3.96154
21.694 4.02013 -4.02013
21.695 4.07618 -4.07618
21.696 4.12966 -4.12966
21.697 4.18054 -4.18054
21.698 4.22879 -4.22879
21.699 4.2744 -4.2744
21.7 4.31733 -4.31733
21.701 4.35757 -4.35757
21.702 4.3951 -4.3951
21.703 4.42992 -4.42992
21.704 4.46202 -4.46202
21.705 4.49139 -4.49139
21.706 4.51802 -4.51802
21.707 4.54191 -4.54191
21.708 4.56306 -4.56306
21.709 4.58147 -4.58147
21.71 4.59713 -4.59713
21.711 4.61005 -4.61005
21.712 4.62023 -4.62023
21.713 4.62767 -4.62767
21.714 4.63237 -4.63237
21.715 4.63436 -4.63436
21.716 4.63362 -4.63362
21.717 4.63017 -4.63018
21.718 4.62404 -4.624
21.719 4.61518 -4.61518
21.72 4.60366 -4.60366
21.721 4.58947 -4.58947
21.722 4.57262 -4.57262
21.723 4.55314 -4.55314
21.724 4.53102 -4.53102
21.725 4.5063 -4.5063
21.726 4.47899 -4.47899
21.727 4.44911 -4.44911
21.728 4.41667 -4.41667
21.729 4.38169 -4.38169
21.73 4.3442 -4.3442
21.731 4.30421 -4.30421
21.732 4.26174 -4.26174
21.733 4.2168 -4.2168
21.734 4.16941 -4.16941
21.735 4.11958 -4.11958
21.736 4.06732 -4.06732
21.737 4.01266 -4.01266
21.738 3.95561 -3.95561
21.739 3.89619 -3.89619
21.74 3.83442 -3.83442
21.741 3.77032 -3.77032
21.742 3.7039 -3.7039
21.743 3.63518 -3.63518
21.744 3.5642 -3.5642
21.745 3.49096 -3.49096
21.746 3.41549 -3.41549
21.747 3.33782 -3.33782
21.748 3.25796 -3.25796
21.749 3.17594 -3.17594
21.75 3.09179 -3.09179
21.751 3.00553 -3.00553
21.752 2.91718 -2.91718
21.753 2.82678 -2.82678
21.754 2.73434 -2.73434
21.755 2.63989 -2.63989
21.756 2.54347 -2.54347
21.757 2.44511 -2.44511
21.758 2.34482 -2.34482
21.759 2.24264 -2.24264
21.76 2.1386 -2.1386
21.761 2.03274 -2.03274
21.762 1.92507 -1.92507
21.763 1.81565 -1.81565
21.764 1.70449 -1.70449
21.765 1.59164 -1.59164
21.766 1.47712 -1.47712
21.767 1.36098 -1.36098
21.768 1.24325 -1.24325
21.769 1.12396 -1.12396
21.77 1.00316 -1.00316
21.771 0.880878 -0.880878
21.772 0.757179 -0.757179
21.773 0.632118 -0.632118
21.774 0.505751 -0.505751
21.775 0.378141 -0.378141
21.776 0.249345 -0.249345
21.777 0.119427 -0.119427
21.778 -0.0115514 0.0115514
21.779 -0.143527 0.143527
21.78 -0.276434 0.276434
21.781 -0.410208 0.410208
21.782 -0.54478 0.54478
21.783 -0.680084 0.680084
21.784 -0.81605 0.81605
21.785 -0.952607 0.952607
21.786 -1.08969 1.08969
21.787 -1.22721 1.22721
21.788 -1.36512 1.36512
21.789 -1.50333 1.50333
21.79 -1.64176 1.64176
21.791 -1.78036 1.78036
21.792 -1.91903 1.91903
21.793 -2.0577 2.0577
21.794 -2.19631 2.19631
21.795 -2.33476 2.33476
21.796 -2.47299 2.47299
21.797 -2.61091 2.61091
21.798 -2.74844 2.74844
21.799 -2.88552 2.88552
21.8 -3.02206 3.02206
21.801 -3.15798 3.15798
21.802 -3.29322 3.29322
21.803 -3.4277 3.4277
21.804 -3.56135 3.56135
21.805 -3.69411 3.69411
21.806 -3.8259 3.8259
21.807 -3.95666 3.95666
21.808 -4.08632 4.08632
21.809 -4.21481 4.21481
21.81 -4.34206 4.34206
21.811 -4.46802 4.46802
21.812 -4.5926 4.5926
21.813 -4.71576 4.71576
21.814 -4.83742 4.83742
21.815 -4.95752 4.95752
21.816 -5.076 5.076
21.817 -5.1928 5.1928
21.818 -5.30785 5.30785
21.819 -5.42111 5.42111
21.82 -5.53252 5.53252
21.821 -5.64201 5.64201
21.822 -5.74952 5.74952
21.823 -5.85501 5.85501
21.824 -5.9584 5.9584
21.825 -6.05963 6.05963
21.826 -6.15866 6.15866
21.827 -6.25542 6.25542
21.828 -6.34987 6.34987
21.829 -6.44195 6.44195
21.83 -6.53162 6.53162
21.831 -6.61883 6.61883
21.832 -6.70354 6.70354
21.833 -6.78572 6.78572
21.834 -6.86534 6.86534
21.835 -6.94236 6.94236
21.836 -7.01676 7.01676
21.837 -7.0885 7.0885
21.838 -7.15758 7.15758
21.839 -7.22396 7.22396
21.84 -7.28762 7.28762
21.841 -7.34854 7.34854
21.842 -7.40671 7.40671
21.843 -7.46209 7.46209
21.844 -7.51467 7.51467
21.845 -7.56442 7.56442
21.846 -7.61133 7.61133
21.847 -7.65538 7.65538
21.848 -7.69656 7.69656
21.849 -7.73486 7.73486
21.85 -7.77026 7.77026
21.851 -7.80277 7.80277
21.852 -7.83236 7.83236
21.853 -7.85904 7.85904
21.854 -7.8828 7.8828
21.855 -7.90364 7.90364
21.856 -7.92156 7.92156
21.857 -7.93656 7.93656
21.858 -7.94864 7.94864
21.859 -7.95782 7.95782
21.86 -7.96408 7.96408
21.861 -7.96745 7.96745
21.862 -7.96792 7.96792
21.863 -7.9655 7.9655
21.864 -7.96021 7.96021
21.865 -7.95206 7.95206
21.866 -7.94105 7.94105
21.867 -7.92721 7.92721
21.868 -7.91053 7.91056
21.869 -7.89107 7.89107
21.87 -7.86879 7.86879
21.871 -7.84375 7.84375
21.872 -7.81594 7.81594
21.873 -7.78538 7.78538
21.874 -7.75211 7.75211
21.875 -7.71613 7.71613
21.876 -7.67746 7.67746
21.877 -7.63613 7.63613
21.878 -7.59216 7.59216
21.879 -7.54557 7.54557
21.88 -7.49638 7.49638
21.881 -7.44461 7.44461
21.882 -7.39028 7.39028
21.883 -7.33343 7.33343
21.884 -7.27407 7.27407
21.885 -7.21222 7.21222
21.886 -7.14792 7.14792
21.887 -7.08118 7.08118
21.888 -7.01203 7.01203
21.889 -6.9405 6.9405
21.89 -6.8666 6.8666
21.891 -6.79037 6.79037
21.892 -6.71183 6.71183
21.893 -6.63098 6.63098
21.894 -6.54785 6.54785
21.895 -6.46246 6.46246
21.896 -6.37482 6.37482
21.897 -6.28496 6.28496
21.898 -6.19288 6.19288
21.899 -6.09862 6.09862
21.9 -6.00218 6.00218
21.901 -5.9036 5.9036
21.902 -5.80289 5.80289
21.903 -5.70009 5.70009
21.904 -5.59522 5.59522
21.905 -5.48831 5.48831
21.906 -5.3794 5.3794
21.907 -5.2685 5.2685
21.908 -5.15566 5.15566
21.909 -5.0409 5.0409
21.91 -4.92426 4.92426
21.911 -4.80575 4.80575
21.912 -4.68542 4.68542
21.913 -4.56329 4.56329
21.914 -4.4394 4.4394
21.915 -4.31378 4.31378
21.916 -4.18645 4.18645
21.917 -4.05746 4.05746
21.918 -3.92684 3.92684
21.919 -3.79462 3.79462
21.92 -3.66084 3.66084
21.921 -3.52553 3.52553
21.922 -3.38874 3.38874
21.923 -3.25053 3.25053
21.924 -3.11095 3.11095
21.925 -2.97006 2.97006
21.926 -2.8279 2.8279
21.927 -2.68455 2.68455
21.928 -2.54004 2.54004
21.929 -2.39445 2.39445
21.93 -2.24782 2.24782
21.931 -2.10022 2.10022
21.932 -1.95171 1.95171
21.933 -1.80235 1.80235
21.934 -1.6522 1.6522
21.935 -1.50131 1.50131
21.936 -1.34976 1.34976
21.937 -1.19761 1.19761
21.938 -1.04492 1.04492
21.939 -0.891757 0.891757
21.94 -0.738189 0.738189
21.941 -0.584283 0.584283
21.942 -0.430099 0.430099
21.943 -0.275698 0.275698
21.944 -0.121143 0.121143
21.945 0.0335045 -0.0335045
21.946 0.188179 -0.188179
21.947 0.342815 -0.342815
21.948 0.497346 -0.497346
21.949 0.651703 -0.651703
21.95 0.80582 -0.80582
21.951 0.959628 -0.959628
21.952 1.11306 -1.11306
21.953 1.26606 -1.26606
21.954 1.41857 -1.41857
21.955 1.57051 -1.57051
21.956 1.72183 -1.72183
21.957 1.87247 -1.87247
21.958 2.02235 -2.02235
21.959 2.17142 -2.17142
21.96 2.31961 -2.31961
21.961 2.46685 -2.46685
21.962 2.6131 -2.6131
21.963 2.75829 -2.75829
21.964 2.90237 -2.90237
21.965 3.04528 -3.04528
21.966 3.18697 -3.18697
21.967 3.32738 -3.32738
21.968 3.46646 -3.46646
21.969 3.60416 -3.60416
21.97 3.74042 -3.74042
21.971 3.87519 -3.87519
21.972 4.00842 -4.00842
21.973 4.14008 -4.14008
21.974 4.27013 -4.27013
21.975 4.39851 -4.39851
21.976 4.5252 -4.5252
21.977 4.65015 -4.65015
21.978 4.77332 -4.77332
21.979 4.89469 -4.89469
21.98 5.0142 -5.0142
21.981 5.13184 -5.13184
21.982 5.24755 -5.24755
21.983 5.3613 -5.3613
21.984 5.47305 -5.47305
21.985 5.58276 -5.58276
21.986 5.6904 -5.6904
21.987 5.79593 -5.79593
21.988 5.89931 -5.89931
21.989 6.00052 -6.00052
21.99 6.09953 -6.09953
21.991 6.19631 -6.19631
21.992 6.29082 -6.29082
21.993 6.38303 -6.38303
21.994 6.47291 -6.47291
21.995 6.56043 -6.56043
21.996 6.64555 -6.64555
21.997 6.72827 -6.72827
21.998 6.80854 -6.80854
21.999 6.88636 -6.88636
22 6.96169 -6.96169
22.001 7.03452 -7.03452
22.002 7.10482 -7.10482
22.003 7.17257 -7.17257
22.004 7.23774 -7.23774
22.005 7.30032 -7.30032
22.006 7.36029 -7.36029
22.007 7.41764 -7.41764
22.008 7.47233 -7.47233
22.009 7.52438 -7.52438
22.01 7.57376 -7.57376
22.011 7.62046 -7.62046
22.012 7.66447 -7.66447
22.013 7.7058 -7.7058
22.014 7.74443 -7.74443
22.015 7.78036 -7.78036
22.016 7.8136 -7.8136
22.017 7.84414 -7.84414
22.018 7.87198 -7.87198
22.019 7.89712 -7.89712
22.02 7.91958 -7.91958
22.021 7.93936 -7.93936
22.022 7.95649 -7.95649
22.023 7.97098 -7.97098
22.024 7.98286 -7.98286
22.025 7.99217 -7.99217
22.026 7.99893 -7.99893
22.027 8.00317 -8.00317
22.028 8.00493 -8.00493
22.029 8.00422 -8.00422
22.03 8.00109 -8.00109
22.031 7.99557 -7.99557
22.032 7.9877 -7.9877
22.033 7.97749 -7.97749
22.034 7.965 -7.965
22.035 7.95026 -7.95026
22.036 7.9333 -7.9333
22.037 7.91416 -7.91417
22.038 7.8929 -7.89286
22.039 7.86949 -7.86949
22.04 7.84403 -7.84403
22.041 7.81654 -7.81654
22.042 7.78708 -7.78708
22.043 7.75567 -7.75567
22.044 7.72238 -7.72238
22.045 7.68724 -7.68724
22.046 7.65032 -7.65032
22.047 7.61165 -7.61165
22.048 7.57128 -7.57128
22.049 7.52927 -7.52927
22.05 7.48566 -7.48566
22.051 7.4405 -7.4405
22.052 7.39383 -7.39383
22.053 7.34568 -7.34568
22.054 7.29611 -7.29611
22.055 7.24515 -7.24515
22.056 7.19284 -7.19284
22.057 7.13922 -7.13922
22.058 7.08433 -7.08433
22.059 7.02822 -7.02822
22.06 6.97092 -6.97092
22.061 6.91247 -6.91247
22.062 6.8529 -6.8529
22.063 6.79222 -6.79222
22.064 6.73048 -6.73048
22.065 6.66768 -6.66768
22.066 6.60385 -6.60385
22.067 6.53902 -6.53902
22.068 6.47321 -6.47321
22.069 6.40644 -6.40644
22.07 6.33874 -6.33874
22.071 6.27014 -6.27014
22.072 6.20067 -6.20067
22.073 6.13035 -6.13035
22.074 6.05924 -6.05924
22.075 5.98734 -5.98734
22.076 5.91471 -5.91471
22.077 5.84138 -5.84138
22.078 5.76737 -5.76737
22.079 5.69273 -5.69273
22.08 5.61748 -5.61748
22.081 5.54167 -5.54167
22.082 5.46529 -5.46529
22.083 5.38839 -5.38839
22.084 5.31096 -5.31096
22.085 5.23304 -5.23304
22.086 5.15463 -5.15463
22.087 5.07575 -5.07575
22.088 4.99643 -4.99643
22.089 4.91667 -4.91667
22.09 4.83651 -4.83651
22.091 4.75594 -4.75594
22.092 4.67502 -4.67502
22.093 4.59375 -4.59375
22.094 4.51217 -4.51217
22.095 4.4303 -4.4303
22.096 4.34817 -4.34817
22.097 4.26581 -4.26581
22.098 4.18325 -4.18325
22.099 4.10051 -4.10051
22.1 4.01763 -4.01763
22.101 3.93462 -3.93462
22.102 3.85154 -3.85154
22.103 3.7684 -3.7684
22.104 3.68526 -3.68526
22.105 3.60214 -3.60214
22.106 3.51909 -3.51909
22.107 3.43614 -3.43614
22.108 3.35333 -3.35333
22.109 3.27069 -3.27069
22.11 3.18827 -3.18827
22.111 3.10609 -3.10609
22.112 3.02422 -3.02422
22.113 2.94268 -2.94268
22.114 2.86153 -2.86153
22.115 2.78081 -2.78081
22.116 2.70058 -2.70058
22.117 2.62086 -2.62086
22.118 2.54172 -2.54172
22.119 2.46319 -2.46319
22.12 2.38532 -2.38532
22.121 2.30816 -2.30816
22.122 2.23175 -2.23175
22.123 2.15613 -2.15613
22.124 2.08135 -2.08135
22.125 2.00746 -2.00746
22.126 1.9345 -1.9345
22.127 1.86251 -1.86251
22.128 1.79153 -1.79153
22.129 1.72162 -1.72162
22.13 1.65281 -1.65281
22.131 1.58514 -1.58514
22.132 1.51867 -1.51867
22.133 1.45342 -1.45342
22.134 1.38945 -1.38945
22.135 1.32679 -1.32679
22.136 1.26549 -1.26549
22.137 1.20558 -1.20558
22.138 1.14711 -1.14711
22.139 1.09011 -1.09011
22.14 1.03463 -1.03463
22.141 0.980691 -0.980691
22.142 0.928338 -0.928338
22.143 0.877595 -0.877595
22.144 0.82849 -0.82849
22.145 0.78105 -0.78105
22.146 0.735303 -0.735303
22.147 0.691273 -0.691273
22.148 0.648988 -0.648988
22.149 0.608471 -0.608471
22.15 0.569746 -0.569746
22.151 0.532835 -0.532835
22.152 0.497754 -0.497754
22.153 0.464515 -0.464515
22.154 0.433133 -0.433133
22.155 0.403618 -0.403618
22.156 0.375981 -0.375981
22.157 0.350233 -0.350233
22.158 0.326383 -0.326383
22.159 0.304439 -0.304439
22.16 0.28441 -0.28441
22.161 0.266301 -0.266301
22.162 0.250111 -0.250111
22.163 0.235836 -0.235836
22.164 0.223474 -0.223474
22.165 0.213019 -0.213019
22.166 0.204465 -0.204465
22.167 0.197808 -0.197808
22.168 0.193038 -0.193038
22.169 0.190167 -0.190132
22.17 0.189138 -0.189126
22.171 0.189972 -0.189984
22.172 0.192659 -0.192691
22.173 0.197213 -0.197213
22.174 0.203581 -0.203581
22.175 0.211765 -0.211765
22.176 0.221753 -0.221753
22.177 0.23353 -0.23353
22.178 0.247082 -0.247082
22.179 0.262393 -0.262393
22.18 0.279447 -0.279447
22.181 0.298229 -0.298229
22.182 0.318728 -0.318728
22.183 0.340935 -0.340935
22.184 0.364838 -0.364838
22.185 0.390427 -0.390427
22.186 0.41769 -0.41769
22.187 0.446613 -0.446613
22.188 0.477184 -0.477184
22.189 0.509389 -0.509389
22.19 0.543213 -0.543213
22.191 0.57864 -0.57864
22.192 0.615655 -0.615655
22.193 0.65424 -0.65424
22.194 0.694379 -0.694379
22.195 0.736053 -0.736053
22.196 0.779242 -0.779242
22.197 0.823928 -0.823928
22.198 0.87009 -0.87009
22.199 0.917707 -0.917707
22.2 0.966757 -0.966757
22.201 1.01722 -1.01722
22.202 1.06908 -1.06908
22.203 1.12232 -1.12232
22.204 1.17693 -1.17693
22.205 1.23289 -1.23289
22.206 1.29018 -1.29018
22.207 1.34879 -1.34879
22.208 1.40869 -1.40869
22.209 1.46988 -1.46988
22.21 1.53232 -1.53232
22.211 1.59599 -1.59599
22.212 1.66088 -1.66088
22.213 1.72694 -1.72694
22.214 1.79416 -1.79416
22.215 1.86249 -1.86249
22.216 1.9319 -1.9319
22.217 2.00236 -2.00236
22.218 2.07384 -2.07384
22.219 2.14631 -2.14631
22.22 2.21972 -2.21972
22.221 2.29405 -2.29405
22.222 2.36924 -2.36924
22.223 2.44527 -2.44527
22.224 2.52207 -2.52207
22.225 2.5996 -2.5996
22.226 2.67782 -2.67782
22.227 2.75669 -2.75669
22.228 2.83614 -2.83614
22.229 2.91614 -2.91614
22.23 2.99664 -2.99664
22.231 3.0776 -3.0776
22.232 3.15895 -3.15895
22.233 3.24065 -3.24065
22.234 3.32266 -3.32266
22.235 3.40492 -3.40492
22.236 3.48739 -3.48739
22.237 3.57001 -3.57001
22.238 3.65273 -3.65273
22.239 3.73551 -3.73551
22.24 3.8183 -3.8183
22.241 3.90104 -3.90104
22.242 3.98369 -3.98369
22.243 4.06622 -4.06622
22.244 4.14858 -4.14858
22.245 4.23073 -4.23073
22.246 4.31263 -4.31263
22.247 4.39423 -4.39423
22.248 4.4755 -4.4755
22.249 4.5564 -4.5564
22.25 4.63688 -4.63688
22.251 4.7169 -4.7169
22.252 4.79642 -4.79642
22.253 4.8754 -4.8754
22.254 4.95377 -4.95377
22.255 5.03149 -5.03149
22.256 5.10852 -5.10852
22.257 5.18481 -5.18481
22.258 5.26032 -5.26032
22.259 5.33499 -5.33499
22.26 5.40879 -5.40879
22.261 5.48167 -5.48167
22.262 5.55362 -5.55362
22.263 5.62461 -5.62461
22.264 5.69463 -5.69463
22.265 5.76366 -5.76366
22.266 5.83169 -5.83169
22.267 5.89871 -5.89871
22.268 5.9647 -5.9647
22.269 6.02964 -6.02964
22.27 6.09354 -6.09354
22.271 6.15636 -6.15636
22.272 6.21811 -6.21811
22.273 6.27876 -6.27876
22.274 6.33832 -6.33832
22.275 6.39678 -6.39678
22.276 6.45412 -6.45412
22.277 6.51033 -6.51033
22.278 6.56541 -6.56541
22.279 6.61936 -6.61936
22.28 6.67217 -6.67217
22.281 6.72382 -6.72382
22.282 6.77433 -6.77433
22.283 6.82368 -6.82368
22.284 6.87187 -6.87187
22.285 6.91891 -6.91891
22.286 6.96478 -6.96478
22.287 7.00948 -7.00948
22.288 7.05302 -7.05302
22.289 7.0954 -7.0954
22.29 7.13662 -7.13662
22.291 7.17667 -7.17667
22.292 7.21557 -7.21557
22.293 7.25331 -7.25331
22.294 7.28989 -7.28989
22.295 7.32533 -7.32533
22.296 7.35963 -7.35963
22.297 7.39278 -7.39278
22.298 7.4248 -7.4248
22.299 7.4557 -7.4557
22.3 7.48547 -7.48547
22.301 7.51413 -7.51413
22.302 7.54168 -7.54168
22.303 7.56811 -7.56811
22.304 7.59343 -7.59343
22.305 7.61764 -7.61764
22.306 7.64073 -7.64073
22.307 7.66272 -7.66272
22.308 7.6836 -7.6836
22.309 7.70338 -7.70338
22.31 7.72205 -7.72205
22.311 7.73963 -7.73963
22.312 7.75612 -7.75612
22.313 7.77152 -7.77152
22.314 7.78585 -7.78585
22.315 7.79909 -7.79909
22.316 7.81127 -7.81127
22.317 7.82239 -7.82239
22.318 7.83245 -7.83245
22.319 7.84147 -7.84147
22.32 7.84945 -7.84945
22.321 7.8564 -7.8564
22.322 7.86234 -7.86234
22.323 7.86728 -7.86728
22.324 7.87125 -7.87125
22.325 7.87426 -7.87426
22.326 7.87634 -7.87634
22.327 7.87749 -7.87749
22.328 7.87775 -7.87775
22.329 7.87712 -7.87712
22.33 7.87563 -7.87563
22.331 7.8733 -7.8733
22.332 7.87016 -7.87016
22.333 7.86621 -7.86621
22.334 7.86148 -7.86148
22.335 7.85599 -7.85599
22.336 7.84976 -7.84976
22.337 7.84281 -7.84281
22.338 7.83517 -7.83517
22.339 7.82686 -7.82686
22.34 7.81789 -7.81789
22.341 7.80829 -7.80829
22.342 7.7981 -7.7981
22.343 7.78735 -7.78735
22.344 7.77609 -7.77609
22.345 7.76435 -7.76435
22.346 7.75217 -7.75217
22.347 7.73959 -7.73959
22.348 7.72664 -7.72664
22.349 7.71337 -7.71337
22.35 7.69982 -7.69982
22.351 7.68602 -7.68602
22.352 7.67199 -7.67199
22.353 7.65778 -7.65778
22.354 7.6434 -7.6434
22.355 7.6289 -7.6289
22.356 7.61428 -7.61428
22.357 7.59959 -7.59959
22.358 7.58484 -7.58487
22.359 7.57008 -7.57012
22.36 7.55533 -7.55537
22.361 7.54062 -7.54065
22.362 7.52598 -7.52601
22.363 7.51145 -7.51148
22.364 7.49706 -7.49709
22.365 7.48285 -7.48288
22.366 7.46885 -7.46888
22.367 7.45512 -7.45512
22.368 7.44165 -7.44165
22.369 7.4285 -7.4285
22.37 7.41571 -7.41571
22.371 7.40329 -7.40329
22.372 7.39127 -7.39127
22.373 7.37967 -7.37967
22.374 7.36849 -7.36849
22.375 7.35777 -7.35777
22.376 7.3475 -7.3475
22.377 7.33771 -7.33771
22.378 7.32841 -7.32841
22.379 7.31961 -7.31961
22.38 7.31134 -7.31134
22.381 7.30359 -7.30359
22.382 7.29639 -7.29639
22.383 7.28977 -7.28977
22.384 7.28375 -7.28375
22.385 7.27834 -7.27834
22.386 7.27356 -7.27356
22.387 7.26945 -7.26945
22.388 7.266 -7.266
22.389 7.26326 -7.26326
22.39 7.26123 -7.26123
22.391 7.25993 -7.25993
22.392 7.25937 -7.25937
22.393 7.25956 -7.25956
22.394 7.26051 -7.26051
22.395 7.26222 -7.26222
22.396 7.26472 -7.26472
22.397 7.26799 -7.26799
22.398 7.27206 -7.27206
22.399 7.27692 -7.27692
22.4 7.28259 -7.28259
22.401 7.28906 -7.28906
22.402 7.29636 -7.29636
22.403 7.30449 -7.30449
22.404 7.31348 -7.31348
22.405 7.32332 -7.32332
22.406 7.33405 -7.33405
22.407 7.34565 -7.34565
22.408 7.35816 -7.35816
22.409 7.37157 -7.37157
22.41 7.38589 -7.38589
22.411 7.40115 -7.40115
22.412 7.41734 -7.41734
22.413 7.43448 -7.43448
22.414 7.45257 -7.45257
22.415 7.47162 -7.47162
22.416 7.49164 -7.49164
22.417 7.51263 -7.51263
22.418 7.5346 -7.5346
22.419 7.55755 -7.55755
22.42 7.58149 -7.58149
22.421 7.60643 -7.60643
22.422 7.63237 -7.63237
22.423 7.65932 -7.65932
22.424 7.6873 -7.6873
22.425 7.71632 -7.71632
22.426 7.74638 -7.74638
22.427 7.7775 -7.7775
22.428 7.80968 -7.80968
22.429 7.84292 -7.84292
22.43 7.87724 -7.87724
22.431 7.91264 -7.91264
22.432 7.94912 -7.94912
22.433 7.98666 -7.98666
22.434 8.02528 -8.02528
22.435 8.06495 -8.06495
22.436 8.10568 -8.10568
22.437 8.14746 -8.14746
22.438 8.19027 -8.19027
22.439 8.23412 -8.23412
22.44 8.27898 -8.27898
22.441 8.32486 -8.32486
22.442 8.37172 -8.37172
22.443 8.41953 -8.41953
22.444 8.46827 -8.46827
22.445 8.5179 -8.5179
22.446 8.5684 -8.5684
22.447 8.61973 -8.61973
22.448 8.67187 -8.67187
22.449 8.72479 -8.72479
22.45 8.77844 -8.77844
22.451 8.83281 -8.83281
22.452 8.88786 -8.88786
22.453 8.94354 -8.94354
22.454 8.99985 -8.99985
22.455 9.05673 -9.05673
22.456 9.11415 -9.11415
22.457 9.17209 -9.17209
22.458 9.2305 -9.2305
22.459 9.28936 -9.28936
22.46 9.34862 -9.34862
22.461 9.40826 -9.40826
22.462 9.46822 -9.46822
22.463 9.52845 -9.52845
22.464 9.5889 -9.5889
22.465 9.64952 -9.64952
22.466 9.71025 -9.71025
22.467 9.77105 -9.77105
22.468 9.83187 -9.83187
22.469 9.89265 -9.89265
22.47 9.95335 -9.95335
22.471 10.0139 -10.0139
22.472 10.0743 -10.0743
22.473 10.1344 -10.1344
22.474 10.1943 -10.1943
22.475 10.2539 -10.2539
22.476 10.313 -10.313
22.477 10.3718 -10.3718
22.478 10.4301 -10.4301
22.479 10.4879 -10.4879
22.48 10.5451 -10.5451
22.481 10.6017 -10.6017
22.482 10.6577 -10.6577
22.483 10.713 -10.713
22.484 10.7676 -10.7676
22.485 10.8214 -10.8214
22.486 10.8743 -10.8743
22.487 10.9263 -10.9263
22.488 10.9774 -10.9774
22.489 11.0276 -11.0276
22.49 11.0767 -11.0767
22.491 11.1248 -11.1248
22.492 11.1718 -11.1718
22.493 11.2176 -11.2176
22.494 11.2624 -11.2624
22.495 11.3059 -11.3059
22.496 11.3483 -11.3483
22.497 11.3894 -11.3894
22.498 11.4293 -11.4293
22.499 11.4679 -11.4679
22.5 11.5052 -11.5052
22.501 11.5412 -11.5412
22.502 11.5758 -11.5758
22.503 11.6091 -11.6091
22.504 11.6409 -11.6409
22.505 11.6713 -11.6713
22.506 11.7003 -11.7003
22.507 11.7278 -11.7278
22.508 11.7538 -11.7538
22.509 11.7783 -11.7783
22.51 11.8013 -11.8013
22.511 11.8227 -11.8227
22.512 11.8425 -11.8425
22.513 11.8607 -11.8607
22.514 11.8774 -11.8774
22.515 11.8924 -11.8924
22.516 11.9058 -11.9058
22.517 11.9175 -11.9175
22.518 11.9276 -11.9276
22.519 11.936 -11.936
22.52 11.9427 -11.9427
22.521 11.9478 -11.9478
22.522 11.9511 -11.9511
22.523 11.9528 -11.9528
22.524 11.9527 -11.9527
22.525 11.951 -11.951
22.526 11.9475 -11.9475
22.527 11.9424 -11.9424
22.528 11.9355 -11.9355
22.529 11.9268 -11.9268
22.53 11.9165 -11.9165
22.531 11.9044 -11.9044
22.532 11.8906 -11.8906
22.533 11.8751 -11.8751
22.534 11.8577 -11.8577
22.535 11.8386 -11.8386
22.536 11.8177 -11.8177
22.537 11.7949 -11.7949
22.538 11.7704 -11.7704
22.539 11.744 -11.744
22.54 11.7157 -11.7157
22.541 11.6856 -11.6856
22.542 11.6536 -11.6536
22.543 11.6196 -11.6196
22.544 11.5838 -11.5838
22.545 11.546 -11.546
22.546 11.5062 -11.5062
22.547 11.4644 -11.4644
22.548 11.4205 -11.4205
22.549 11.3746 -11.3746
22.55 11.3266 -11.3266
22.551 11.2766 -11.2766
22.552 11.2244 -11.2244
22.553 11.1701 -11.1701
22.554 11.1137 -11.1137
22.555 11.0551 -11.0551
22.556 10.9943 -10.9943
22.557 10.9313 -10.9313
22.558 10.866 -10.866
22.559 10.7986 -10.7986
22.56 10.7289 -10.7289
22.561 10.657 -10.657
22.562 10.5827 -10.5827
22.563 10.5062 -10.5062
22.564 10.4273 -10.4273
22.565 10.3461 -10.3461
22.566 10.2625 -10.2625
22.567 10.1765 -10.1765
22.568 10.0881 -10.0881
22.569 9.99729 -9.99729
22.57 9.90402 -9.90402
22.571 9.80827 -9.80827
22.572 9.71005 -9.71005
22.573 9.60935 -9.60935
22.574 9.50618 -9.50618
22.575 9.40052 -9.40052
22.576 9.29239 -9.29239
22.577 9.18177 -9.18177
22.578 9.06866 -9.06866
22.579 8.95306 -8.95306
22.58 8.83497 -8.83497
22.581 8.71439 -8.71439
22.582 8.5913 -8.5913
22.583 8.4657 -8.4657
22.584 8.33757 -8.33757
22.585 8.2069 -8.2069
22.586 8.07369 -8.07369
22.587 7.93792 -7.93792
22.588 7.79958 -7.79958
22.589 7.65866 -7.65866
22.59 7.51516 -7.51516
22.591 7.36905 -7.36905
22.592 7.22033 -7.22033
22.593 7.069 -7.069
22.594 6.91503 -6.91503
22.595 6.75843 -6.75843
22.596 6.59917 -6.59917
22.597 6.43726 -6.43726
22.598 6.27268 -6.27268
22.599 6.10543 -6.10543
22.6 5.93549 -5.93549
22.601 5.76286 -5.76286
22.602 5.58753 -5.58753
22.603 5.4095 -5.4095
22.604 5.22875 -5.22875
22.605 5.04529 -5.04529
22.606 4.8591 -4.8591
22.607 4.67018 -4.67018
22.608 4.47854 -4.47854
22.609 4.28416 -4.28416
22.61 4.08704 -4.08704
22.611 3.88719 -3.88719
22.612 3.68462 -3.68462
22.613 3.47933 -3.47933
22.614 3.27134 -3.27134
22.615 3.06066 -3.06066
22.616 2.84731 -2.84731
22.617 2.6313 -2.6313
22.618 2.41266 -2.41266
22.619 2.1914 -2.1914
22.62 1.96755 -1.96755
22.621 1.74114 -1.74114
22.622 1.51221 -1.51221
22.623 1.28082 -1.28082
22.624 1.047 -1.047
22.625 0.810825 -0.810825
22.626 0.572346 -0.572346
22.627 0.331629 -0.331629
22.628 0.0887386 -0.0887386
22.629 -0.156252 0.156252
22.63 -0.403266 0.403266
22.631 -0.652217 0.652217
22.632 -0.90301 0.90301
22.633 -1.15554 1.15554
22.634 -1.40971 1.40971
22.635 -1.66539 1.66539
22.636 -1.92248 1.92248
22.637 -2.18085 2.18085
22.638 -2.44037 2.44037
22.639 -2.70092 2.70092
22.64 -2.96235 2.96235
22.641 -3.22453 3.22453
22.642 -3.48729 3.48729
22.643 -3.75048 3.75048
22.644 -4.01391 4.01391
22.645 -4.27742 4.27742
22.646 -4.54083 4.54083
22.647 -4.80397 4.80397
22.648 -5.06663 5.06663
22.649 -5.32865 5.32865
22.65 -5.58984 5.58984
22.651 -5.85 5.85
22.652 -6.10895 6.10895
22.653 -6.36651 6.36651
22.654 -6.6225 6.6225
22.655 -6.87674 6.87674
22.656 -7.12903 7.12903
22.657 -7.3792 7.3792
22.658 -7.62706 7.62706
22.659 -7.87244 7.87244
22.66 -8.11515 8.11515
22.661 -8.35503 8.35503
22.662 -8.5919 8.5919
22.663 -8.82558 8.82558
22.664 -9.05593 9.05593
22.665 -9.28277 9.28277
22.666 -9.50596 9.50596
22.667 -9.72534 9.72534
22.668 -9.94076 9.94076
22.669 -10.1521 10.1521
22.67 -10.3592 10.3592
22.671 -10.562 10.562
22.672 -10.7603 10.7603
22.673 -10.954 10.954
22.674 -11.1431 11.1431
22.675 -11.3275 11.3275
22.676 -11.507 11.507
22.677 -11.6816 11.6816
22.678 -11.8513 11.8513
22.679 -12.0159 12.0159
22.68 -12.1754 12.1754
22.681 -12.3299 12.3299
22.682 -12.4791 12.4791
22.683 -12.6232 12.6232
22.684 -12.7621 12.7621
22.685 -12.8957 12.8957
22.686 -13.0242 13.0242
22.687 -13.1473 13.1473
22.688 -13.2653 13.2653
22.689 -13.3781 13.3781
22.69 -13.4856 13.4856
22.691 -13.588 13.588
22.692 -13.6852 13.6852
22.693 -13.7772 13.7772
22.694 -13.8642 13.8642
22.695 -13.9461 13.9461
22.696 -14.0229 14.0229
22.697 -14.0948 14.0948
22.698 -14.1617 14.1617
22.699 -14.2237 14.2237
22.7 -14.2809 14.2809
22.701 -14.3333 14.3333
22.702 -14.381 14.381
22.703 -14.424 14.424
22.704 -14.4624 14.4624
22.705 -14.4964 14.4964
22.706 -14.5259 14.5259
22.707 -14.551 14.551
22.708 -14.5719 14.5719
22.709 -14.5886 14.5886
22.71 -14.6011 14.6011
22.711 -14.6096 14.6096
22.712 -14.6141 14.6141
22.713 -14.6147 14.6147
22.714 -14.6114 14.6114
22.715 -14.6043 14.6043
22.716 -14.5935 14.5935
22.717 -14.579 14.579
22.718 -14.5609 14.5609
22.719 -14.5392 14.5392
22.72 -14.5141 14.5141
22.721 -14.4855 14.4855
22.722 -14.4536 14.4536
22.723 -14.4184 14.4184
22.724 -14.3799 14.3799
22.725 -14.3383 14.3383
22.726 -14.2937 14.2937
22.727 -14.246 14.246
22.728 -14.1953 14.1953
22.729 -14.1417 14.1417
22.73 -14.0853 14.0853
22.731 -14.0261 14.0261
22.732 -13.9642 13.9642
22.733 -13.8997 13.8997
22.734 -13.8325 13.8325
22.735 -13.7628 13.7628
22.736 -13.6906 13.6906
22.737 -13.6159 13.6159
22.738 -13.5389 13.5389
22.739 -13.4595 13.4595
22.74 -13.3779 13.3779
22.741 -13.294 13.294
22.742 -13.2079 13.2079
22.743 -13.1197 13.1197
22.744 -13.0293 13.0293
22.745 -12.937 12.937
22.746 -12.8426 12.8426
22.747 -12.7463 12.7463
22.748 -12.648 12.648
22.749 -12.5479 12.5479
22.75 -12.4459 12.4459
22.751 -12.3422 12.3422
22.752 -12.2367 12.2367
22.753 -12.1295 12.1295
22.754 -12.0206 12.0206
22.755 -11.9102 11.9102
22.756 -11.7982 11.7982
22.757 -11.6847 11.6847
22.758 -11.5697 11.5697
22.759 -11.4533 11.4533
22.76 -11.3355 11.3355
22.761 -11.2163 11.2163
22.762 -11.0959 11.0959
22.763 -10.9742 10.9742
22.764 -10.8512 10.8512
22.765 -10.7271 10.7271
22.766 -10.6017 10.6017
22.767 -10.4753 10.4753
22.768 -10.3477 10.3477
22.769 -10.219 10.219
22.77 -10.0893 10.0893
22.771 -9.9586 9.9586
22.772 -9.82689 9.82689
22.773 -9.69424 9.69424
22.774 -9.56067 9.56067
22.775 -9.42622 9.42622
22.776 -9.29091 9.29091
22.777 -9.15478 9.15478
22.778 -9.01786 9.01786
22.779 -8.88018 8.88018
22.78 -8.74178 8.74178
22.781 -8.60268 8.60268
22.782 -8.46292 8.46292
22.783 -8.32251 8.32251
22.784 -8.18148 8.18148
22.785 -8.03985 8.03985
22.786 -7.89766 7.89766
22.787 -7.75493 7.75493
22.788 -7.61168 7.61168
22.789 -7.46794 7.46794
22.79 -7.32374 7.32374
22.791 -7.1791 7.1791
22.792 -7.03406 7.03406
22.793 -6.88863 6.88863
22.794 -6.74286 6.74286
22.795 -6.59677 6.59677
22.796 -6.45038 6.45038
22.797 -6.30373 6.30373
22.798 -6.15686 6.15686
22.799 -6.00978 6.00978
22.8 -5.86254 5.86254
22.801 -5.71517 5.71517
22.802 -5.56771 5.56771
22.803 -5.42019 5.42019
22.804 -5.27267 5.27267
22.805 -5.12518 5.12518
22.806 -4.97777 4.97777
22.807 -4.83049 4.83049
22.808 -4.68337 4.68337
22.809 -4.53647 4.53647
22.81 -4.38983 4.38983
22.811 -4.24349 4.24349
22.812 -4.09752 4.09752
22.813 -3.95197 3.95197
22.814 -3.8069 3.8069
22.815 -3.66235 3.66235
22.816 -3.5184 3.5184
22.817 -3.3751 3.3751
22.818 -3.2325 3.2325
22.819 -3.09067 3.09067
22.82 -2.94967 2.94967
22.821 -2.80955 2.80955
22.822 -2.67038 2.67038
22.823 -2.53222 2.53222
22.824 -2.39513 2.39513
22.825 -2.25917 2.25917
22.826 -2.1244 2.1244
22.827 -1.99089 1.99089
22.828 -1.85869 1.85869
22.829 -1.72787 1.72787
22.83 -1.59849 1.59849
22.831 -1.47062 1.47062
22.832 -1.34431 1.34431
22.833 -1.21963 1.21963
22.834 -1.09664 1.09664
22.835 -0.97541 0.97541
22.836 -0.855994 0.855994
22.837 -0.738456 0.738456
22.838 -0.622858 0.622858
22.839 -0.509263 0.509263
22.84 -0.39773 0.39773
22.841 -0.288318 0.288318
22.842 -0.181082 0.181082
22.843 -0.0760715 0.0760715
22.844 0.0266622 -0.0266622
22.845 0.127069 -0.127069
22.846 0.2251 -0.2251
22.847 0.320706 -0.320706
22.848 0.413839 -0.413839
22.849 0.504453 -0.504453
22.85 0.592501 -0.592501
22.851 0.677941 -0.677941
22.852 0.760735 -0.760735
22.853 0.84085 -0.84085
22.854 0.918253 -0.918253
22.855 0.992912 -0.992912
22.856 1.0648 -1.0648
22.857 1.13388 -1.13388
22.858 1.20013 -1.20013
22.859 1.26352 -1.26352
22.86 1.32403 -1.32403
22.861 1.38163 -1.38163
22.862 1.4363 -1.4363
22.863 1.48802 -1.48802
22.864 1.53677 -1.53677
22.865 1.58253 -1.58253
22.866 1.62528 -1.62528
22.867 1.66501 -1.66501
22.868 1.70171 -1.70171
22.869 1.73535 -1.73535
22.87 1.76594 -1.76594
22.871 1.79346 -1.79346
22.872 1.81789 -1.81789
22.873 1.83925 -1.83925
22.874 1.85751 -1.85751
22.875 1.87267 -1.87267
22.876 1.88474 -1.88474
22.877 1.8937 -1.8937
22.878 1.89957 -1.89957
22.879 1.90233 -1.90233
22.88 1.902 -1.902
22.881 1.89857 -1.89857
22.882 1.89206 -1.89206
22.883 1.88246 -1.88246
22.884 1.86978 -1.86978
22.885 1.85404 -1.85404
22.886 1.83524 -1.83524
22.887 1.81339 -1.81339
22.888 1.78851 -1.78851
22.889 1.76061 -1.76061
22.89 1.7297 -1.7297
22.891 1.6958 -1.6958
22.892 1.65892 -1.65892
22.893 1.61906 -1.61906
22.894 1.57624 -1.57624
22.895 1.53046 -1.53046
22.896 1.48175 -1.48175
22.897 1.43011 -1.43011
22.898 1.37556 -1.37556
22.899 1.31812 -1.31812
22.9 1.25779 -1.25779
22.901 1.1946 -1.1946
22.902 1.12857 -1.12857
22.903 1.05972 -1.05972
22.904 0.988066 -0.988066
22.905 0.913631 -0.913631
22.906 0.83644 -0.83644
22.907 0.756516 -0.756516
22.908 0.673884 -0.673884
22.909 0.58857 -0.58857
22.91 0.500602 -0.500602
22.911 0.410006 -0.410006
22.912 0.316806 -0.316806
22.913 0.221024 -0.221024
22.914 0.122682 -0.122682
22.915 0.021807 -0.021807
22.916 -0.0815765 0.0815765
22.917 -0.187441 0.187441
22.918 -0.295757 0.295757
22.919 -0.406494 0.406494
22.92 -0.519622 0.519622
22.921 -0.635106 0.635106
22.922 -0.752912 0.752912
22.923 -0.873004 0.873004
22.924 -0.995343 0.995343
22.925 -1.11989 1.11989
22.926 -1.24661 1.24661
22.927 -1.37545 1.37545
22.928 -1.50637 1.50637
22.929 -1.63932 1.63932
22.93 -1.77426 1.77426
22.931 -1.91114 1.91114
22.932 -2.0499 2.0499
22.933 -2.19047 2.19047
22.934 -2.3328 2.3328
22.935 -2.47682 2.47682
22.936 -2.62246 2.62246
22.937 -2.76966 2.76966
22.938 -2.91834 2.91834
22.939 -3.06844 3.06844
22.94 -3.21988 3.21988
22.941 -3.37258 3.37258
22.942 -3.52648 3.52648
22.943 -3.68148 3.68148
22.944 -3.83752 3.83752
22.945 -3.99451 3.99451
22.946 -4.15237 4.15237
22.947 -4.31101 4.31101
22.948 -4.47036 4.47036
22.949 -4.63031 4.63031
22.95 -4.7908 4.7908
22.951 -4.95172 4.95172
22.952 -5.11298 5.11298
22.953 -5.27448 5.27448
22.954 -5.43612 5.43612
22.955 -5.5978 5.5978
22.956 -5.75942 5.75942
22.957 -5.92087 5.92087
22.958 -6.08206 6.08206
22.959 -6.24288 6.24288
22.96 -6.40323 6.40323
22.961 -6.56301 6.56301
22.962 -6.72212 6.72212
22.963 -6.88047 6.88047
22.964 -7.03797 7.03797
22.965 -7.19453 7.19453
22.966 -7.35005 7.35005
22.967 -7.50444 7.50444
22.968 -7.65762 7.65762
22.969 -7.80949 7.80949
22.97 -7.95997 7.95997
22.971 -8.10898 8.10898
22.972 -8.25641 8.25641
22.973 -8.40218 8.40218
22.974 -8.54619 8.54619
22.975 -8.68837 8.68837
22.976 -8.82863 8.82863
22.977 -8.96688 8.96688
22.978 -9.10304 9.10304
22.979 -9.23703 9.23703
22.98 -9.36879 9.36879
22.981 -9.49823 9.49823
22.982 -9.6253 9.6253
22.983 -9.74996 9.74996
22.984 -9.87216 9.87216
22.985 -9.99184 9.99184
22.986 -10.109 10.109
22.987 -10.2235 10.2235
22.988 -10.3354 10.3354
22.989 -10.4447 10.4447
22.99 -10.5512 10.5512
22.991 -10.6551 10.6551
22.992 -10.7561 10.7561
22.993 -10.8545 10.8545
22.994 -10.95 10.95
22.995 -11.0427 11.0427
22.996 -11.1326 11.1326
22.997 -11.2197 11.2197
22.998 -11.3039 11.3039
22.999 -11.3853 11.3853
23 -11.4639 11.4639
23.001 -11.5396 11.5396
23.002 -11.6124 11.6124
23.003 -11.6824 11.6824
23.004 -11.7495 11.7495
23.005 -11.8138 11.8138
23.006 -11.8753 11.8753
23.007 -11.934 11.934
23.008 -11.9899 11.9899
23.009 -12.043 12.043
23.01 -12.0933 12.0933
23.011 -12.1409 12.1409
23.012 -12.1857 12.1857
23.013 -12.2279 12.2279
23.014 -12.2674 12.2674
23.015 -12.3043 12.3043
23.016 -12.3386 12.3386
23.017 -12.3704 12.3704
23.018 -12.3996 12.3996
23.019 -12.4264 12.4264
23.02 -12.4507 12.4507
23.021 -12.4727 12.4727
23.022 -12.4922 12.4922
23.023 -12.5094 12.5094
23.024 -12.5243 12.5243
23.025 -12.537 12.537
23.026 -12.5474 12.5474
23.027 -12.5555 12.5555
23.028 -12.5615 12.5615
23.029 -12.5654 12.5654
23.03 -12.5672 12.5672
23.031 -12.5669 12.5669
23.032 -12.5646 12.5646
23.033 -12.5602 12.5602
23.034 -12.5538 12.5538
23.035 -12.5454 12.5454
23.036 -12.5351 12.5351
23.037 -12.5228 12.5228
23.038 -12.5086 12.5086
23.039 -12.4925 12.4925
23.04 -12.4745 12.4745
23.041 -12.4546 12.4546
23.042 -12.4329 12.4329
23.043 -12.4094 12.4094
23.044 -12.3841 12.3841
23.045 -12.357 12.357
23.046 -12.3282 12.3282
23.047 -12.2976 12.2976
23.048 -12.2654 12.2654
23.049 -12.2314 12.2314
23.05 -12.1958 12.1958
23.051 -12.1586 12.1586
23.052 -12.1198 12.1198
23.053 -12.0793 12.0793
23.054 -12.0372 12.0372
23.055 -11.9935 11.9935
23.056 -11.9482 11.9482
23.057 -11.9013 11.9013
23.058 -11.8529 11.8529
23.059 -11.8028 11.8028
23.06 -11.7512 11.7512
23.061 -11.698 11.698
23.062 -11.6433 11.6433
23.063 -11.587 11.5871
23.064 -11.5293 11.5293
23.065 -11.4701 11.47
23.066 -11.4093 11.4093
23.067 -11.3471 11.3471
23.068 -11.2835 11.2835
23.069 -11.2184 11.2184
23.07 -11.1519 11.1519
23.071 -11.0841 11.0841
23.072 -11.0149 11.0149
23.073 -10.9443 10.9443
23.074 -10.8724 10.8724
23.075 -10.7992 10.7992
23.076 -10.7248 10.7248
23.077 -10.6491 10.6491
23.078 -10.5722 10.5722
23.079 -10.4941 10.4941
23.08 -10.4148 10.4148
23.081 -10.3344 10.3344
23.082 -10.2529 10.2529
23.083 -10.1704 10.1704
23.084 -10.0867 10.0867
23.085 -10.0021 10.0021
23.086 -9.91647 9.91647
23.087 -9.82991 9.82991
23.088 -9.74243 9.74243
23.089 -9.65407 9.65407
23.09 -9.56486 9.56486
23.091 -9.47484 9.47484
23.092 -9.38404 9.38404
23.093 -9.29253 9.29253
23.094 -9.20034 9.20034
23.095 -9.10753 9.10753
23.096 -9.01415 9.01415
23.097 -8.92024 8.92024
23.098 -8.82584 8.82584
23.099 -8.73102 8.73102
23.1 -8.63581 8.63581
23.101 -8.54026 8.54026
23.102 -8.44442 8.44442
23.103 -8.34834 8.34834
23.104 -8.25206 8.25206
23.105 -8.15563 8.15563
23.106 -8.0591 8.0591
23.107 -7.96252 7.96252
23.108 -7.86592 7.86592
23.109 -7.76937 7.76937
23.11 -7.67289 7.67289
23.111 -7.57655 7.57655
23.112 -7.48036 7.48036
23.113 -7.38437 7.38437
23.114 -7.28859 7.28859
23.115 -7.19306 7.19306
23.116 -7.09781 7.09781
23.117 -7.00287 7.00287
23.118 -6.90826 6.90826
23.119 -6.81403 6.81403
23.12 -6.72019 6.72019
23.121 -6.62677 6.62677
23.122 -6.53381 6.53381
23.123 -6.44131 6.44131
23.124 -6.34931 6.34931
23.125 -6.25782 6.25782
23.126 -6.16687 6.16687
23.127 -6.07647 6.07647
23.128 -5.98666 5.98666
23.129 -5.89745 5.89745
23.13 -5.80886 5.80886
23.131 -5.72092 5.72092
23.132 -5.63363 5.63363
23.133 -5.54703 5.54703
23.134 -5.46111 5.46111
23.135 -5.37589 5.37589
23.136 -5.29139 5.29139
23.137 -5.20761 5.20761
23.138 -5.12458 5.12458
23.139 -5.04231 5.04231
23.14 -4.96081 4.96081
23.141 -4.88009 4.88009
23.142 -4.80015 4.80015
23.143 -4.721 4.721
23.144 -4.64261 4.64261
23.145 -4.56501 4.56501
23.146 -4.48816 4.48816
23.147 -4.41209 4.41209
23.148 -4.33678 4.33678
23.149 -4.26222 4.26222
23.15 -4.18842 4.18842
23.151 -4.11538 4.11538
23.152 -4.04311 4.04311
23.153 -3.97161 3.97161
23.154 -3.90091 3.90091
23.155 -3.83102 3.83102
23.156 -3.76195 3.76195
23.157 -3.69371 3.69371
23.158 -3.62632 3.62632
23.159 -3.55979 3.55979
23.16 -3.49414 3.49414
23.161 -3.42937 3.42937
23.162 -3.36551 3.36551
23.163 -3.30255 3.30255
23.164 -3.24052 3.24052
23.165 -3.17943 3.17943
23.166 -3.11928 3.11928
23.167 -3.0601 3.0601
23.168 -3.00188 3.00188
23.169 -2.94465 2.94465
23.17 -2.88841 2.88841
23.171 -2.83318 2.83318
23.172 -2.77899 2.77899
23.173 -2.72585 2.72585
23.174 -2.67379 2.67379
23.175 -2.62285 2.62285
23.176 -2.57305 2.57305
23.177 -2.52441 2.52441
23.178 -2.47697 2.47697
23.179 -2.43074 2.43074
23.18 -2.38575 2.38575
23.181 -2.34203 2.34203
23.182 -2.29961 2.29961
23.183 -2.25851 2.25851
23.184 -2.21878 2.21878
23.185 -2.18045 2.18045
23.186 -2.14353 2.14353
23.187 -2.10807 2.10807
23.188 -2.0741 2.0741
23.189 -2.04164 2.04164
23.19 -2.01072 2.01072
23.191 -1.98136 1.98136
23.192 -1.95361 1.95361
23.193 -1.92748 1.92748
23.194 -1.903 1.903
23.195 -1.88019 1.88019
23.196 -1.85908 1.85908
23.197 -1.8397 1.8397
23.198 -1.82206 1.82206
23.199 -1.80619 1.80619
23.2 -1.79212 1.79212
23.201 -1.77985 1.77985
23.202 -1.76941 1.76941
23.203 -1.76081 1.76081
23.204 -1.75405 1.75405
23.205 -1.74915 1.74915
23.206 -1.74613 1.74609
23.207 -1.74495 1.74494
23.208 -1.74565 1.74566
23.209 -1.74824 1.74827
23.21 -1.75275 1.75275
23.211 -1.75913 1.75913
23.212 -1.76742 1.76742
23.213 -1.77761 1.77761
23.214 -1.78971 1.78971
23.215 -1.80371 1.80371
23.216 -1.81962 1.81962
23.217 -1.83744 1.83744
23.218 -1.85717 1.85717
23.219 -1.8788 1.8788
23.22 -1.90233 1.90233
23.221 -1.92776 1.92776
23.222 -1.95506 1.95506
23.223 -1.98422 1.98422
23.224 -2.01521 2.01521
23.225 -2.048 2.048
23.226 -2.08258 2.08258
23.227 -2.11891 2.11891
23.228 -2.15696 2.15696
23.229 -2.19672 2.19672
23.23 -2.23815 2.23815
23.231 -2.28123 2.28123
23.232 -2.32591 2.32591
23.233 -2.37218 2.37218
23.234 -2.42 2.42
23.235 -2.46933 2.46933
23.236 -2.52015 2.52015
23.237 -2.57242 2.57242
23.238 -2.62611 2.62611
23.239 -2.68118 2.68118
23.24 -2.73759 2.73759
23.241 -2.79531 2.79531
23.242 -2.85431 2.85431
23.243 -2.91456 2.91456
23.244 -2.97604 2.97604
23.245 -3.0387 3.0387
23.246 -3.10251 3.10251
23.247 -3.16746 3.16746
23.248 -3.23349 3.23349
23.249 -3.30058 3.30058
23.25 -3.3687 3.3687
23.251 -3.43781 3.43781
23.252 -3.50788 3.50788
23.253 -3.57886 3.57886
23.254 -3.65073 3.65073
23.255 -3.72344 3.72344
23.256 -3.79696 3.79696
23.257 -3.87125 3.87125
23.258 -3.94627 3.94627
23.259 -4.02199 4.02199
23.26 -4.09835 4.09835
23.261 -4.17534 4.17534
23.262 -4.25289 4.25289
23.263 -4.33098 4.33098
23.264 -4.40956 4.40956
23.265 -4.48858 4.48858
23.266 -4.56802 4.56802
23.267 -4.64782 4.64782
23.268 -4.72795 4.72795
23.269 -4.80836 4.80836
23.27 -4.88901 4.88901
23.271 -4.96985 4.96985
23.272 -5.05086 5.05086
23.273 -5.132 5.132
23.274 -5.21322 5.21322
23.275 -5.29451 5.29451
23.276 -5.37581 5.37581
23.277 -5.45711 5.45711
23.278 -5.53836 5.53836
23.279 -5.61953 5.61953
23.28 -5.70058 5.70058
23.281 -5.78148 5.78148
23.282 -5.86218 5.86218
23.283 -5.94265 5.94265
23.284 -6.02284 6.02284
23.285 -6.1027 6.1027
23.286 -6.18219 6.18219
23.287 -6.26128 6.26128
23.288 -6.33992 6.33992
23.289 -6.41807 6.41807
23.29 -6.49568 6.49568
23.291 -6.57272 6.57272
23.292 -6.64914 6.64914
23.293 -6.72489 6.72489
23.294 -6.79991 6.79991
23.295 -6.87418 6.87418
23.296 -6.94763 6.94763
23.297 -7.02022 7.02022
23.298 -7.09191 7.09191
23.299 -7.16266 7.16266
23.3 -7.23241 7.23241
23.301 -7.30113 7.30113
23.302 -7.36877 7.36877
23.303 -7.43528 7.43528
23.304 -7.5006 7.5006
23.305 -7.5647 7.5647
23.306 -7.62752 7.62752
23.307 -7.68903 7.68903
23.308 -7.74917 7.74917
23.309 -7.80791 7.80791
23.31 -7.86519 7.86519
23.311 -7.921 7.921
23.312 -7.97527 7.97527
23.313 -8.02798 8.02798
23.314 -8.07909 8.07909
23.315 -8.12856 8.12856
23.316 -8.17636 8.17636
23.317 -8.22245 8.22245
23.318 -8.26681 8.26681
23.319 -8.3094 8.3094
23.32 -8.3502 8.3502
23.321 -8.38917 8.38917
23.322 -8.42629 8.42629
23.323 -8.46151 8.46151
23.324 -8.49481 8.49481
23.325 -8.52615 8.52615
23.326 -8.55551 8.55551
23.327 -8.58285 8.58285
23.328 -8.60816 8.60816
23.329 -8.6314 8.6314
23.33 -8.65255 8.65255
23.331 -8.67158 8.67158
23.332 -8.68849 8.68849
23.333 -8.70327 8.70327
23.334 -8.71589 8.71589
23.335 -8.72636 8.72636
23.336 -8.73465 8.73465
23.337 -8.74078 8.74078
23.338 -8.74472 8.74472
23.339 -8.74647 8.74647
23.34 -8.74604 8.74604
23.341 -8.74341 8.74341
23.342 -8.73857 8.73857
23.343 -8.73152 8.73152
23.344 -8.72224 8.72224
23.345 -8.71073 8.71073
23.346 -8.69698 8.69698
23.347 -8.68099 8.68099
23.348 -8.66274 8.66274
23.349 -8.64223 8.64223
23.35 -8.61945 8.61948
23.351 -8.59443 8.59443
23.352 -8.56717 8.56713
23.353 -8.53761 8.53761
23.354 -8.50583 8.50583
23.355 -8.47181 8.47181
23.356 -8.43556 8.43556
23.357 -8.3971 8.3971
23.358 -8.35643 8.35643
23.359 -8.31356 8.31356
23.36 -8.2685 8.2685
23.361 -8.22126 8.22126
23.362 -8.17185 8.17185
23.363 -8.12027 8.12027
23.364 -8.06652 8.06652
23.365 -8.0106 8.0106
23.366 -7.95253 7.95253
23.367 -7.89231 7.89231
23.368 -7.82993 7.82993
23.369 -7.76541 7.76541
23.37 -7.69876 7.69876
23.371 -7.62997 7.62997
23.372 -7.55905 7.55905
23.373 -7.48602 7.48602
23.374 -7.41088 7.41088
23.375 -7.33364 7.33364
23.376 -7.2543 7.2543
23.377 -7.17287 7.17287
23.378 -7.08936 7.08936
23.379 -7.00378 7.00378
23.38 -6.91614 6.91614
23.381 -6.82644 6.82644
23.382 -6.73469 6.73469
23.383 -6.64088 6.64088
23.384 -6.54503 6.54503
23.385 -6.44712 6.44712
23.386 -6.34717 6.34717
23.387 -6.24516 6.24516
23.388 -6.14112 6.14112
23.389 -6.03503 6.03503
23.39 -5.9269 5.9269
23.391 -5.81675 5.81675
23.392 -5.70456 5.70456
23.393 -5.59037 5.59037
23.394 -5.47417 5.47417
23.395 -5.35599 5.35599
23.396 -5.23584 5.23584
23.397 -5.11373 5.11373
23.398 -4.98967 4.98967
23.399 -4.86369 4.86369
23.4 -4.73579 4.73579
23.401 -4.60599 4.60599
23.402 -4.47432 4.47432
23.403 -4.34079 4.34079
23.404 -4.20544 4.20544
23.405 -4.06829 4.06829
23.406 -3.92937 3.92937
23.407 -3.7887 3.7887
23.408 -3.64632 3.64632
23.409 -3.50224 3.50224
23.41 -3.3565 3.3565
23.411 -3.20913 3.20913
23.412 -3.06016 3.06016
23.413 -2.90962 2.90962
23.414 -2.75753 2.75753
23.415 -2.60395 2.60395
23.416 -2.44888 2.44888
23.417 -2.29238 2.29238
23.418 -2.13448 2.13448
23.419 -1.97521 1.97521
23.42 -1.81461 1.81461
23.421 -1.65273 1.65273
23.422 -1.4896 1.4896
23.423 -1.32528 1.32528
23.424 -1.15982 1.15982
23.425 -0.993264 0.993264
23.426 -0.825677 0.825677
23.427 -0.657109 0.657109
23.428 -0.487617 0.487617
23.429 -0.317257 0.317257
23.43 -0.14609 0.14609
23.431 0.0258233 -0.0258233
23.432 0.19842 -0.19842
23.433 0.371635 -0.371635
23.434 0.545401 -0.545401
23.435 0.719649 -0.719649
23.436 0.89431 -0.89431
23.437 1.06931 -1.06931
23.438 1.24458 -1.24458
23.439 1.42004 -1.42004
23.44 1.59561 -1.59561
23.441 1.77123 -1.77123
23.442 1.94682 -1.94682
23.443 2.12231 -2.12231
23.444 2.29762 -2.29762
23.445 2.47269 -2.47269
23.446 2.64744 -2.64744
23.447 2.82179 -2.82179
23.448 2.99568 -2.99568
23.449 3.16902 -3.16902
23.45 3.34173 -3.34173
23.451 3.51375 -3.51375
23.452 3.68501 -3.68501
23.453 3.85542 -3.85542
23.454 4.02493 -4.02493
23.455 4.19347 -4.19347
23.456 4.36096 -4.36096
23.457 4.52734 -4.52734
23.458 4.69253 -4.69253
23.459 4.85648 -4.85648
23.46 5.0191 -5.0191
23.461 5.18034 -5.18034
23.462 5.34012 -5.34012
23.463 5.49839 -5.49839
23.464 5.65507 -5.65507
23.465 5.8101 -5.8101
23.466 5.96342 -5.96342
23.467 6.11496 -6.11496
23.468 6.26467 -6.26467
23.469 6.41248 -6.41248
23.47 6.55834 -6.55834
23.471 6.70219 -6.70219
23.472 6.84398 -6.84398
23.473 6.98365 -6.98365
23.474 7.12115 -7.12115
23.475 7.25643 -7.25643
23.476 7.38945 -7.38945
23.477 7.52016 -7.52016
23.478 7.64851 -7.64851
23.479 7.77447 -7.77447
23.48 7.898 -7.898
23.481 8.01906 -8.01906
23.482 8.1376 -8.1376
23.483 8.25359 -8.25359
23.484 8.36699 -8.36699
23.485 8.47776 -8.47776
23.486 8.58587 -8.58587
23.487 8.69129 -8.69129
23.488 8.79399 -8.79399
23.489 8.89394 -8.89394
23.49 8.99113 -8.99113
23.491 9.08552 -9.08552
23.492 9.17709 -9.17709
23.493 9.2658 -9.2658
23.494 9.35162 -9.35162
23.495 9.43453 -9.43453
23.496 9.51449 -9.51449
23.497 9.5915 -9.5915
23.498 9.66552 -9.66552
23.499 9.73654 -9.73654
23.5 9.80455 -9.80455
23.501 9.86953 -9.86953
23.502 9.93147 -9.93147
23.503 9.99037 -9.99037
23.504 10.0462 -10.0462
23.505 10.099 -10.099
23.506 10.1488 -10.1488
23.507 10.1954 -10.1954
23.508 10.2391 -10.2391
23.509 10.2797 -10.2797
23.51 10.3172 -10.3172
23.511 10.3518 -10.3518
23.512 10.3833 -10.3833
23.513 10.4118 -10.4118
23.514 10.4373 -10.4373
23.515 10.4598 -10.4598
23.516 10.4794 -10.4794
23.517 10.496 -10.496
23.518 10.5097 -10.5097
23.519 10.5205 -10.5205
23.52 10.5284 -10.5284
23.521 10.5335 -10.5335
23.522 10.5357 -10.5357
23.523 10.5352 -10.5352
23.524 10.5318 -10.5318
23.525 10.5258 -10.5258
23.526 10.5171 -10.5171
23.527 10.5057 -10.5057
23.528 10.4917 -10.4917
23.529 10.4751 -10.4751
23.53 10.456 -10.456
23.531 10.4344 -10.4344
23.532 10.4103 -10.4103
23.533 10.3838 -10.3838
23.534 10.3549 -10.3549
23.535 10.3237 -10.3237
23.536 10.2903 -10.2903
23.537 10.2546 -10.2546
23.538 10.2168 -10.2168
23.539 10.1768 -10.1768
23.54 10.1347 -10.1347
23.541 10.0906 -10.0906
23.542 10.0445 -10.0445
23.543 9.99648 -9.99648
23.544 9.94659 -9.94659
23.545 9.89488 -9.89488
23.546 9.84141 -9.84141
23.547 9.78623 -9.78623
23.548 9.72939 -9.72939
23.549 9.67094 -9.67094
23.55 9.61095 -9.61095
23.551 9.54945 -9.54945
23.552 9.48649 -9.48649
23.553 9.42211 -9.42211
23.554 9.35633 -9.35633
23.555 9.2892 -9.2892
23.556 9.22074 -9.22074
23.557 9.151 -9.151
23.558 9.08 -9.08
23.559 9.00778 -9.00778
23.56 8.93438 -8.93438
23.561 8.85983 -8.85983
23.562 8.78418 -8.78418
23.563 8.70745 -8.70745
23.564 8.62971 -8.62971
23.565 8.55099 -8.55099
23.566 8.47133 -8.47133
23.567 8.39077 -8.39077
23.568 8.30936 -8.30936
23.569 8.22714 -8.22714
23.57 8.14415 -8.14415
23.571 8.06043 -8.06043
23.572 7.97601 -7.97601
23.573 7.89093 -7.89093
23.574 7.80522 -7.80522
23.575 7.71891 -7.71891
23.576 7.63204 -7.63204
23.577 7.54464 -7.54464
23.578 7.45674 -7.45674
23.579 7.36837 -7.36837
23.58 7.27957 -7.27957
23.581 7.19037 -7.19037
23.582 7.10082 -7.10082
23.583 7.01095 -7.01095
23.584 6.9208 -6.9208
23.585 6.83042 -6.83042
23.586 6.73984 -6.73984
23.587 6.64912 -6.64912
23.588 6.55829 -6.55829
23.589 6.46739 -6.46739
23.59 6.37646 -6.37646
23.591 6.28555 -6.28555
23.592 6.19468 -6.19468
23.593 6.1039 -6.1039
23.594 6.01323 -6.01323
23.595 5.92271 -5.92271
23.596 5.83237 -5.83237
23.597 5.74225 -5.74225
23.598 5.65237 -5.65237
23.599 5.56277 -5.56277
23.6 5.47349 -5.47349
23.601 5.38455 -5.38455
23.602 5.29599 -5.29599
23.603 5.20785 -5.20785
23.604 5.12016 -5.12016
23.605 5.03294 -5.03294
23.606 4.94624 -4.94624
23.607 4.86009 -4.86009
23.608 4.77452 -4.77452
23.609 4.68956 -4.68956
23.61 4.60525 -4.60525
23.611 4.52162 -4.52162
23.612 4.4387 -4.4387
23.613 4.35654 -4.35654
23.614 4.27515 -4.27515
23.615 4.19458 -4.19458
23.616 4.11485 -4.11485
23.617 4.03601 -4.03601
23.618 3.95807 -3.95807
23.619 3.88108 -3.88108
23.62 3.80507 -3.80507
23.621 3.73007 -3.73007
23.622 3.65611 -3.65611
23.623 3.58322 -3.58322
23.624 3.51144 -3.51144
23.625 3.44079 -3.44079
23.626 3.37132 -3.37132
23.627 3.30304 -3.30304
23.628 3.23599 -3.23599
23.629 3.1702 -3.1702
23.63 3.1057 -3.1057
23.631 3.04252 -3.04252
23.632 2.98069 -2.98069
23.633 2.92023 -2.92023
23.634 2.86119 -2.86119
23.635 2.80358 -2.80358
23.636 2.74743 -2.74743
23.637 2.69277 -2.69277
23.638 2.63962 -2.63962
23.639 2.58803 -2.58803
23.64 2.538 -2.538
23.641 2.48956 -2.48956
23.642 2.44275 -2.44275
23.643 2.39757 -2.39757
23.644 2.35407 -2.35407
23.645 2.31226 -2.31226
23.646 2.27216 -2.27216
23.647 2.2338 -2.2338
23.648 2.19719 -2.19719
23.649 2.16236 -2.16236
23.65 2.12933 -2.12933
23.651 2.09812 -2.09812
23.652 2.06876 -2.06876
23.653 2.04127 -2.04127
23.654 2.01568 -2.01568
23.655 1.99201 -1.99201
23.656 1.97029 -1.97029
23.657 1.95054 -1.95054
23.658 1.93279 -1.93279
23.659 1.91705 -1.91705
23.66 1.90335 -1.90335
23.661 1.89172 -1.89172
23.662 1.88216 -1.88216
23.663 1.8747 -1.8747
23.664 1.86936 -1.86936
23.665 1.86617 -1.86613
23.666 1.8651 -1.86509
23.667 1.86619 -1.86621
23.668 1.86948 -1.86948
23.669 1.87496 -1.87496
23.67 1.88265 -1.88265
23.671 1.89255 -1.89255
23.672 1.90468 -1.90468
23.673 1.91905 -1.91905
23.674 1.93566 -1.93566
23.675 1.95453 -1.95453
23.676 1.97566 -1.97566
23.677 1.99906 -1.99906
23.678 2.02473 -2.02473
23.679 2.05267 -2.05267
23.68 2.08288 -2.08288
23.681 2.11538 -2.11538
23.682 2.15014 -2.15014
23.683 2.18716 -2.18716
23.684 2.22644 -2.22644
23.685 2.26795 -2.26795
23.686 2.31168 -2.31168
23.687 2.35763 -2.35763
23.688 2.40577 -2.40577
23.689 2.4561 -2.4561
23.69 2.50858 -2.50858
23.691 2.56321 -2.56321
23.692 2.61996 -2.61996
23.693 2.67879 -2.67879
23.694 2.73968 -2.73968
23.695 2.8026 -2.8026
23.696 2.86751 -2.86751
23.697 2.93437 -2.93437
23.698 3.00317 -3.00317
23.699 3.07384 -3.07384
23.7 3.14638 -3.14638
23.701 3.22072 -3.22072
23.702 3.29683 -3.29683
23.703 3.37468 -3.37468
23.704 3.45423 -3.45423
23.705 3.53542 -3.53542
23.706 3.61821 -3.61821
23.707 3.70257 -3.70257
23.708 3.78844 -3.78844
23.709 3.87578 -3.87578
23.71 3.96454 -3.96454
23.711 4.05467 -4.05467
23.712 4.14612 -4.14612
23.713 4.23885 -4.23885
23.714 4.33279 -4.33279
23.715 4.42791 -4.42791
23.716 4.52413 -4.52413
23.717 4.62142 -4.62142
23.718 4.71971 -4.71971
23.719 4.81895 -4.81895
23.72 4.91908 -4.91908
23.721 5.02005 -5.02005
23.722 5.12179 -5.12179
23.723 5.22425 -5.22425
23.724 5.32737 -5.32737
23.725 5.43109 -5.43109
23.726 5.53534 -5.53534
23.727 5.64008 -5.64008
23.728 5.74522 -5.74522
23.729 5.85073 -5.85073
23.73 5.95652 -5.95652
23.731 6.06255 -6.06255
23.732 6.16875 -6.16875
23.733 6.27507 -6.27507
23.734 6.38146 -6.38146
23.735 6.48786 -6.48786
23.736 6.59422 -6.59422
23.737 6.70048 -6.70048
23.738 6.8066 -6.8066
23.739 6.91251 -6.91251
23.74 7.01815 -7.01815
23.741 7.12349 -7.12349
23.742 7.22847 -7.22847
23.743 7.33304 -7.33304
23.744 7.43717 -7.43717
23.745 7.54081 -7.54081
23.746 7.6439 -7.6439
23.747 7.74642 -7.74642
23.748 7.84832 -7.84832
23.749 7.94955 -7.94955
23.75 8.05008 -8.05008
23.751 8.14986 -8.14986
23.752 8.24886 -8.24886
23.753 8.34705 -8.34705
23.754 8.4444 -8.4444
23.755 8.54088 -8.54088
23.756 8.63646 -8.63646
23.757 8.73111 -8.73111
23.758 8.8248 -8.8248
23.759 8.91751 -8.91751
23.76 9.00922 -9.00922
23.761 9.09988 -9.09988
23.762 9.18948 -9.18948
23.763 9.27798 -9.27798
23.764 9.36535 -9.36535
23.765 9.45156 -9.45156
23.766 9.53658 -9.53658
23.767 9.62039 -9.62039
23.768 9.70295 -9.70295
23.769 9.78424 -9.78424
23.77 9.86424 -9.86424
23.771 9.94292 -9.94292
23.772 10.0203 -10.0203
23.773 10.0963 -10.0963
23.774 10.1709 -10.1709
23.775 10.2441 -10.2441
23.776 10.3159 -10.3159
23.777 10.3862 -10.3862
23.778 10.4551 -10.4551
23.779 10.5226 -10.5226
23.78 10.5886 -10.5886
23.781 10.6531 -10.6531
23.782 10.7161 -10.7161
23.783 10.7775 -10.7775
23.784 10.8374 -10.8374
23.785 10.8957 -10.8957
23.786 10.9523 -10.9523
23.787 11.0074 -11.0074
23.788 11.0608 -11.0608
23.789 11.1125 -11.1125
23.79 11.1626 -11.1626
23.791 11.2109 -11.2109
23.792 11.2576 -11.2576
23.793 11.3025 -11.3025
23.794 11.3457 -11.3457
23.795 11.3873 -11.3873
23.796 11.4271 -11.4271
23.797 11.4651 -11.4651
23.798 11.5015 -11.5015
23.799 11.5362 -11.5362
23.8 11.5691 -11.5691
23.801 11.6003 -11.6003
23.802 11.6299 -11.6299
23.803 11.6577 -11.6577
23.804 11.6838 -11.6838
23.805 11.7082 -11.7082
23.806 11.7309 -11.7309
23.807 11.7519 -11.7519
23.808 11.7711 -11.7711
23.809 11.7887 -11.7887
23.81 11.8045 -11.8045
23.811 11.8187 -11.8187
23.812 11.8312 -11.8312
23.813 11.842 -11.842
23.814 11.8511 -11.8511
23.815 11.8586 -11.8586
23.816 11.8645 -11.8645
23.817 11.8688 -11.8688
23.818 11.8715 -11.8715
23.819 11.8727 -11.8727
23.82 11.8722 -11.8722
23.821 11.8703 -11.8703
23.822 11.8668 -11.8668
23.823 11.8619 -11.8619
23.824 11.8555 -11.8555
23.825 11.8477 -11.8477
23.826 11.8385 -11.8385
23.827 11.8279 -11.8279
23.828 11.816 -11.816
23.829 11.8028 -11.8028
23.83 11.7883 -11.7883
23.831 11.7726 -11.7726
23.832 11.7556 -11.7556
23.833 11.7375 -11.7375
23.834 11.7183 -11.7183
23.835 11.6979 -11.6979
23.836 11.6766 -11.6766
23.837 11.6543 -11.6543
23.838 11.631 -11.631
23.839 11.6069 -11.6069
23.84 11.5818 -11.5818
23.841 11.556 -11.556
23.842 11.5294 -11.5294
23.843 11.5021 -11.5021
23.844 11.4741 -11.4741
23.845 11.4454 -11.4454
23.846 11.4162 -11.4162
23.847 11.3863 -11.3863
23.848 11.356 -11.356
23.849 11.3252 -11.3252
23.85 11.2939 -11.2939
23.851 11.2622 -11.2622
23.852 11.2302 -11.2302
23.853 11.1978 -11.1978
23.854 11.1651 -11.1651
23.855 11.1321 -11.1321
23.856 11.0988 -11.0988
23.857 11.0654 -11.0654
23.858 11.0317 -11.0317
23.859 10.9978 -10.9978
23.86 10.9638 -10.9638
23.861 10.9297 -10.9297
23.862 10.8955 -10.8955
23.863 10.8612 -10.8612
23.864 10.8268 -10.8268
23.865 10.7924 -10.7924
23.866 10.7578 -10.7578
23.867 10.7232 -10.7232
23.868 10.6886 -10.6886
23.869 10.6539 -10.6539
23.87 10.6193 -10.6193
23.871 10.5846 -10.5846
23.872 10.5499 -10.5499
23.873 10.5151 -10.5151
23.874 10.4804 -10.4804
23.875 10.4457 -10.4457
23.876 10.411 -10.411
23.877 10.3762 -10.3762
23.878 10.3415 -10.3415
23.879 10.3067 -10.3067
23.88 10.272 -10.272
23.881 10.2373 -10.2373
23.882 10.2025 -10.2025
23.883 10.1678 -10.1678
23.884 10.133 -10.133
23.885 10.0983 -10.0983
23.886 10.0635 -10.0635
23.887 10.0286 -10.0286
23.888 9.99379 -9.99379
23.889 9.95889 -9.95889
23.89 9.92394 -9.92394
23.891 9.88893 -9.88896
23.892 9.85388 -9.8539
23.893 9.81876 -9.81879
23.894 9.78359 -9.78361
23.895 9.74835 -9.74836
23.896 9.71304 -9.71304
23.897 9.67765 -9.67764
23.898 9.64217 -9.64217
23.899 9.60662 -9.60661
23.9 9.57098 -9.57096
23.901 9.53524 -9.53522
23.902 9.4994 -9.49937
23.903 9.46344 -9.46341
23.904 9.42734 -9.42734
23.905 9.39112 -9.39112
23.906 9.35476 -9.35476
23.907 9.31823 -9.31823
23.908 9.28154 -9.28154
23.909 9.24466 -9.24466
23.91 9.2076 -9.2076
23.911 9.17034 -9.17034
23.912 9.13286 -9.13286
23.913 9.09515 -9.09515
23.914 9.05718 -9.05718
23.915 9.01895 -9.01895
23.916 8.98043 -8.98043
23.917 8.9416 -8.9416
23.918 8.90246 -8.90246
23.919 8.86298 -8.86298
23.92 8.82315 -8.82315
23.921 8.78296 -8.78296
23.922 8.74237 -8.74237
23.923 8.70137 -8.70137
23.924 8.65994 -8.65994
23.925 8.61805 -8.61805
23.926 8.57567 -8.57567
23.927 8.5328 -8.5328
23.928 8.4894 -8.4894
23.929 8.44546 -8.44546
23.93 8.40095 -8.40095
23.931 8.35585 -8.35585
23.932 8.31015 -8.31015
23.933 8.2638 -8.2638
23.934 8.21678 -8.21678
23.935 8.16906 -8.16906
23.936 8.12062 -8.12062
23.937 8.07143 -8.07143
23.938 8.02147 -8.02147
23.939 7.9707 -7.9707
23.94 7.91912 -7.91912
23.941 7.86667 -7.86667
23.942 7.81335 -7.81335
23.943 7.75911 -7.75911
23.944 7.70393 -7.70393
23.945 7.64777 -7.64777
23.946 7.5906 -7.5906
23.947 7.53239 -7.53239
23.948 7.47311 -7.47311
23.949 7.41274 -7.41274
23.95 7.35124 -7.35124
23.951 7.28859 -7.28859
23.952 7.22477 -7.22477
23.953 7.15978 -7.15978
23.954 7.09361 -7.09361
23.955 7.02624 -7.02624
23.956 6.95767 -6.95767
23.957 6.88789 -6.88789
23.958 6.81689 -6.81689
23.959 6.74465 -6.74465
23.96 6.67119 -6.67119
23.961 6.59648 -6.59648
23.962 6.52052 -6.52052
23.963 6.4433 -6.4433
23.964 6.36482 -6.36482
23.965 6.28507 -6.28507
23.966 6.20405 -6.20405
23.967 6.12174 -6.12174
23.968 6.03815 -6.03815
23.969 5.95327 -5.95327
23.97 5.8671 -5.8671
23.971 5.77963 -5.77963
23.972 5.69086 -5.69086
23.973 5.60081 -5.60081
23.974 5.50947 -5.50947
23.975 5.41686 -5.41686
23.976 5.32297 -5.32297
23.977 5.22782 -5.22782
23.978 5.13141 -5.13141
23.979 5.03375 -5.03375
23.98 4.93485 -4.93485
23.981 4.83471 -4.83471
23.982 4.73332 -4.73332
23.983 4.63068 -4.63068
23.984 4.52677 -4.52677
23.985 4.42159 -4.42159
23.986 4.31514 -4.31514
23.987 4.2074 -4.2074
23.988 4.09836 -4.09836
23.989 3.98803 -3.98803
23.99 3.87639 -3.87639
23.991 3.76344 -3.76344
23.992 3.64918 -3.64918
23.993 3.53363 -3.53363
23.994 3.41677 -3.41677
23.995 3.29862 -3.29862
23.996 3.17919 -3.17919
23.997 3.05847 -3.05847
23.998 2.93648 -2.93648
23.999 2.81322 -2.81322
24 2.68871 -2.68871
24.001 2.56294 -2.56294
24.002 2.43594 -2.43594
24.003 2.3077 -2.3077
24.004 2.17824 -2.17824
24.005 2.04757 -2.04757
24.006 1.91571 -1.91571
24.007 1.78266 -1.78266
24.008 1.64844 -1.64844
24.009 1.51306 -1.51306
24.01 1.37654 -1.37654
24.011 1.2389 -1.2389
24.012 1.10016 -1.10016
24.013 0.960375 -0.960375
24.014 0.819564 -0.819564
24.015 0.67777 -0.67777
24.016 0.53503 -0.53503
24.017 0.391384 -0.391384
24.018 0.24687 -0.24687
24.019 0.101532 -0.101532
24.02 -0.0445908 0.0445908
24.021 -0.191451 0.191451
24.022 -0.338997 0.338997
24.023 -0.487174 0.487174
24.024 -0.635926 0.635926
24.025 -0.785195 0.785195
24.026 -0.934922 0.934922
24.027 -1.08505 1.08505
24.028 -1.23551 1.23551
24.029 -1.38626 1.38626
24.03 -1.53721 1.53721
24.031 -1.68832 1.68832
24.032 -1.83949 1.83949
24.033 -1.99065 1.99065
24.034 -2.14172 2.14172
24.035 -2.2926 2.2926
24.036 -2.44323 2.44323
24.037 -2.5935 2.5935
24.038 -2.74334 2.74334
24.039 -2.89267 2.89267
24.04 -3.04139 3.04139
24.041 -3.18942 3.18942
24.042 -3.33669 3.33669
24.043 -3.48311 3.48311
24.044 -3.62861 3.62861
24.045 -3.77312 3.77312
24.046 -3.91655 3.91655
24.047 -4.05883 4.05883
24.048 -4.19988 4.19988
24.049 -4.33963 4.33963
24.05 -4.47801 4.47801
24.051 -4.61494 4.61494
24.052 -4.75034 4.75034
24.053 -4.88412 4.88412
24.054 -5.01621 5.01621
24.055 -5.14654 5.14654
24.056 -5.27502 5.27502
24.057 -5.40158 5.40158
24.058 -5.52614 5.52614
24.059 -5.64863 5.64863
24.06 -5.76898 5.76898
24.061 -5.88713 5.88713
24.062 -6.00302 6.00302
24.063 -6.1166 6.1166
24.064 -6.22783 6.22783
24.065 -6.33665 6.33665
24.066 -6.44304 6.44304
24.067 -6.54694 6.54694
24.068 -6.64832 6.64832
24.069 -6.74715 6.74715
24.07 -6.84338 6.84338
24.071 -6.93698 6.93698
24.072 -7.02792 7.02792
24.073 -7.11616 7.11616
24.074 -7.20166 7.20166
24.075 -7.2844 7.2844
24.076 -7.36433 7.36433
24.077 -7.44144 7.44144
24.078 -7.51569 7.51569
24.079 -7.58707 7.58707
24.08 -7.65554 7.65554
24.081 -7.72111 7.72111
24.082 -7.78375 7.78375
24.083 -7.84348 7.84348
24.084 -7.9003 7.9003
24.085 -7.95421 7.95421
24.086 -8.00522 8.00522
24.087 -8.05335 8.05335
24.088 -8.09859 8.09859
24.089 -8.14097 8.14097
24.09 -8.1805 8.1805
24.091 -8.2172 8.2172
24.092 -8.25106 8.25106
24.093 -8.28212 8.28212
24.094 -8.31037 8.31037
24.095 -8.33583 8.33583
24.096 -8.35852 8.35852
24.097 -8.37845 8.37845
24.098 -8.39564 8.39564
24.099 -8.41011 8.41011
24.1 -8.42188 8.42188
24.101 -8.43097 8.43097
24.102 -8.4374 8.4374
24.103 -8.44119 8.44119
24.104 -8.44237 8.44237
24.105 -8.44097 8.44097
24.106 -8.437 8.437
24.107 -8.4305 8.4305
24.108 -8.42149 8.42149
24.109 -8.41001 8.41001
24.11 -8.39608 8.39608
24.111 -8.37972 8.37972
24.112 -8.36097 8.36097
24.113 -8.33983 8.33985
24.114 -8.31636 8.31635
24.115 -8.29054 8.29054
24.116 -8.26242 8.26242
24.117 -8.23202 8.23202
24.118 -8.19935 8.19935
24.119 -8.16446 8.16446
24.12 -8.12736 8.12736
24.121 -8.08807 8.08807
24.122 -8.04665 8.04665
24.123 -8.00311 8.00311
24.124 -7.9575 7.9575
24.125 -7.90985 7.90985
24.126 -7.86019 7.86019
24.127 -7.80857 7.80857
24.128 -7.75501 7.75501
24.129 -7.69956 7.69956
24.13 -7.64226 7.64226
24.131 -7.58313 7.58313
24.132 -7.5222 7.5222
24.133 -7.45952 7.45952
24.134 -7.39509 7.39509
24.135 -7.32896 7.32896
24.136 -7.26115 7.26115
24.137 -7.19169 7.19169
24.138 -7.12061 7.12061
24.139 -7.04794 7.04794
24.14 -6.97371 6.97371
24.141 -6.89794 6.89794
24.142 -6.82066 6.82066
24.143 -6.74189 6.74189
24.144 -6.66165 6.66165
24.145 -6.57997 6.57997
24.146 -6.49685 6.49685
24.147 -6.41234 6.41234
24.148 -6.32644 6.32644
24.149 -6.23917 6.23917
24.15 -6.15058 6.15058
24.151 -6.06066 6.06066
24.152 -5.96948 5.96948
24.153 -5.87706 5.87706
24.154 -5.78344 5.78344
24.155 -5.68867 5.68867
24.156 -5.59278 5.59278
24.157 -5.49582 5.49582
24.158 -5.39783 5.39783
24.159 -5.29885 5.29885
24.16 -5.19891 5.19891
24.161 -5.09807 5.09807
24.162 -4.99635 4.99635
24.163 -4.89382 4.89382
24.164 -4.79049 4.79049
24.165 -4.68642 4.68642
24.166 -4.58166 4.58166
24.167 -4.47623 4.47623
24.168 -4.37019 4.37019
24.169 -4.26358 4.26358
24.17 -4.15643 4.15643
24.171 -4.04881 4.04881
24.172 -3.94074 3.94074
24.173 -3.8323 3.8323
24.174 -3.72353 3.72353
24.175 -3.61448 3.61448
24.176 -3.5052 3.5052
24.177 -3.39576 3.39576
24.178 -3.2862 3.2862
24.179 -3.17657 3.17657
24.18 -3.06694 3.06694
24.181 -2.95734 2.95734
24.182 -2.84784 2.84784
24.183 -2.73847 2.73847
24.184 -2.62929 2.62929
24.185 -2.52033 2.52033
24.186 -2.41165 2.41165
24.187 -2.30328 2.30328
24.188 -2.19528 2.19528
24.189 -2.0877 2.0877
24.19 -1.98057 1.98057
24.191 -1.87396 1.87396
24.192 -1.76791 1.76791
24.193 -1.66247 1.66247
24.194 -1.55771 1.55771
24.195 -1.45368 1.45368
24.196 -1.35044 1.35044
24.197 -1.24804 1.24804
24.198 -1.14653 1.14653
24.199 -1.04598 1.04598
24.2 -0.946441 0.946441
24.201 -0.84796 0.84796
24.202 -0.750591 0.750591
24.203 -0.654378 0.654378
24.204 -0.559369 0.559369
24.205 -0.465608 0.465608
24.206 -0.373143 0.373143
24.207 -0.282018 0.282018
24.208 -0.192278 0.192278
24.209 -0.103968 0.103968
24.21 -0.0171316 0.0171316
24.211 0.0681866 -0.0681866
24.212 0.151944 -0.151944
24.213 0.234096 -0.234096
24.214 0.314602 -0.314602
24.215 0.39342 -0.39342
24.216 0.470507 -0.470507
24.217 0.545824 -0.545824
24.218 0.619331 -0.619331
24.219 0.690989 -0.690989
24.22 0.760758 -0.760758
24.221 0.828603 -0.828603
24.222 0.894485 -0.894485
24.223 0.95837 -0.95837
24.224 1.02022 -1.02022
24.225 1.08001 -1.08001
24.226 1.1377 -1.1377
24.227 1.19325 -1.19325
24.228 1.24664 -1.24664
24.229 1.29784 -1.29784
24.23 1.34682 -1.34682
24.231 1.39355 -1.39355
24.232 1.43801 -1.43801
24.233 1.48019 -1.48019
24.234 1.52006 -1.52006
24.235 1.55762 -1.55762
24.236 1.59284 -1.59284
24.237 1.62573 -1.62573
24.238 1.65626 -1.65626
24.239 1.68442 -1.68442
24.24 1.7102 -1.7102
24.241 1.7336 -1.7336
24.242 1.7546 -1.7546
24.243 1.77318 -1.77318
24.244 1.78933 -1.78933
24.245 1.80304 -1.80304
24.246 1.8143 -1.8143
24.247 1.82308 -1.82308
24.248 1.82939 -1.82939
24.249 1.83322 -1.83322
24.25 1.83455 -1.83457
24.251 1.8334 -1.83339
24.252 1.82973 -1.82973
24.253 1.82355 -1.82355
24.254 1.81487 -1.81487
24.255 1.80366 -1.80366
24.256 1.78994 -1.78994
24.257 1.77371 -1.77371
24.258 1.75496 -1.75496
24.259 1.73369 -1.73369
24.26 1.70992 -1.70992
24.261 1.68363 -1.68363
24.262 1.65485 -1.65485
24.263 1.62356 -1.62356
24.264 1.58978 -1.58978
24.265 1.55352 -1.55352
24.266 1.51478 -1.51478
24.267 1.47358 -1.47358
24.268 1.42992 -1.42992
24.269 1.38381 -1.38381
24.27 1.33527 -1.33527
24.271 1.28432 -1.28432
24.272 1.23096 -1.23096
24.273 1.17523 -1.17523
24.274 1.11715 -1.11715
24.275 1.05675 -1.05675
24.276 0.994041 -0.994041
24.277 0.929064 -0.929064
24.278 0.861842 -0.861842
24.279 0.792405 -0.792405
24.28 0.720781 -0.720781
24.281 0.647 -0.647
24.282 0.571095 -0.571095
24.283 0.493097 -0.493097
24.284 0.413039 -0.413039
24.285 0.330956 -0.330956
24.286 0.246881 -0.246881
24.287 0.160851 -0.160851
24.288 0.072903 -0.072903
24.289 -0.0169264 0.0169264
24.29 -0.108598 0.108598
24.291 -0.202073 0.202073
24.292 -0.297311 0.297311
24.293 -0.394268 0.394268
24.294 -0.492904 0.492904
24.295 -0.593175 0.593175
24.296 -0.695034 0.695034
24.297 -0.798438 0.798438
24.298 -0.903339 0.903339
24.299 -1.00969 1.00969
24.3 -1.11744 1.11744
24.301 -1.22654 1.22654
24.302 -1.33693 1.33693
24.303 -1.44856 1.44856
24.304 -1.56135 1.56135
24.305 -1.67526 1.67526
24.306 -1.79021 1.79021
24.307 -1.90614 1.90614
24.308 -2.02299 2.02299
24.309 -2.14069 2.14069
24.31 -2.25918 2.25918
24.311 -2.37839 2.37839
24.312 -2.49824 2.49824
24.313 -2.61868 2.61868
24.314 -2.73963 2.73963
24.315 -2.86102 2.86102
24.316 -2.98278 2.98278
24.317 -3.10485 3.10485
24.318 -3.22714 3.22714
24.319 -3.3496 3.3496
24.32 -3.47214 3.47214
24.321 -3.59469 3.59469
24.322 -3.71718 3.71718
24.323 -3.83954 3.83954
24.324 -3.96169 3.96169
24.325 -4.08356 4.08356
24.326 -4.20508 4.20508
24.327 -4.32617 4.32617
24.328 -4.44676 4.44676
24.329 -4.56678 4.56678
24.33 -4.68615 4.68615
24.331 -4.8048 4.8048
24.332 -4.92264 4.92264
24.333 -5.03958 5.03958
24.334 -5.15554 5.15554
24.335 -5.27042 5.27042
24.336 -5.38415 5.38415
24.337 -5.49663 5.49663
24.338 -5.60778 5.60778
24.339 -5.71752 5.71752
24.34 -5.82575 5.82575
24.341 -5.93242 5.93242
24.342 -6.03743 6.03743
24.343 -6.14073 6.14073
24.344 -6.24223 6.24223
24.345 -6.34189 6.34189
24.346 -6.43962 6.43962
24.347 -6.53537 6.53537
24.348 -6.62907 6.62907
24.349 -6.72067 6.72067
24.35 -6.8101 6.8101
24.351 -6.8973 6.8973
24.352 -6.98223 6.98223
24.353 -7.0648 7.0648
24.354 -7.14497 7.14497
24.355 -7.22268 7.22268
24.356 -7.29787 7.29787
24.357 -7.37048 7.37048
24.358 -7.44048 7.44048
24.359 -7.5078 7.5078
24.36 -7.5724 7.5724
24.361 -7.63424 7.63424
24.362 -7.69328 7.69328
24.363 -7.7495 7.7495
24.364 -7.80286 7.80286
24.365 -7.85333 7.85333
24.366 -7.90088 7.90088
24.367 -7.94551 7.94551
24.368 -7.98717 7.98717
24.369 -8.02587 8.02587
24.37 -8.06156 8.06156
24.371 -8.09425 8.09425
24.372 -8.12391 8.12391
24.373 -8.15054 8.15054
24.374 -8.17412 8.17412
24.375 -8.19465 8.19465
24.376 -8.21212 8.21212
24.377 -8.22652 8.22652
24.378 -8.23785 8.23785
24.379 -8.2461 8.2461
24.38 -8.25128 8.25128
24.381 -8.25339 8.25339
24.382 -8.25243 8.25243
24.383 -8.24839 8.24839
24.384 -8.2413 8.2413
24.385 -8.23114 8.23114
24.386 -8.21793 8.21793
24.387 -8.20168 8.20168
24.388 -8.18238 8.1824
24.389 -8.16008 8.16007
24.39 -8.13475 8.13475
24.391 -8.10642 8.10642
24.392 -8.07511 8.07511
24.393 -8.04086 8.04086
24.394 -8.0037 8.0037
24.395 -7.96365 7.96365
24.396 -7.92076 7.92076
24.397 -7.87504 7.87504
24.398 -7.82654 7.82654
24.399 -7.77529 7.77529
24.4 -7.72132 7.72132
24.401 -7.66466 7.66466
24.402 -7.60534 7.60534
24.403 -7.54339 7.54339
24.404 -7.47883 7.47883
24.405 -7.41168 7.41168
24.406 -7.34198 7.34198
24.407 -7.26975 7.26975
24.408 -7.19502 7.19502
24.409 -7.11781 7.11781
24.41 -7.03816 7.03816
24.411 -6.95608 6.95608
24.412 -6.87161 6.87161
24.413 -6.78477 6.78477
24.414 -6.6956 6.6956
24.415 -6.60411 6.60411
24.416 -6.51035 6.51035
24.417 -6.41433 6.41433
24.418 -6.31609 6.31609
24.419 -6.21565 6.21565
24.42 -6.11305 6.11305
24.421 -6.00831 6.00831
24.422 -5.90145 5.90145
24.423 -5.79252 5.79252
24.424 -5.68154 5.68154
24.425 -5.56854 5.56854
24.426 -5.45355 5.45355
24.427 -5.3366 5.3366
24.428 -5.21772 5.21772
24.429 -5.09694 5.09694
24.43 -4.97429 4.97429
24.431 -4.84981 4.84981
24.432 -4.72351 4.72351
24.433 -4.59542 4.59542
24.434 -4.46557 4.46557
24.435 -4.33397 4.33397
24.436 -4.20066 4.20066
24.437 -4.06566 4.06566
24.438 -3.92899 3.92899
24.439 -3.79068 3.79068
24.44 -3.65076 3.65076
24.441 -3.50925 3.50925
24.442 -3.36618 3.36618
24.443 -3.22159 3.22159
24.444 -3.0755 3.0755
24.445 -2.92794 2.92794
24.446 -2.77894 2.77894
24.447 -2.62854 2.62854
24.448 -2.47676 2.47676
24.449 -2.32364 2.32364
24.45 -2.16922 2.16922
24.451 -2.01353 2.01353
24.452 -1.85661 1.85661
24.453 -1.69851 1.69851
24.454 -1.53928 1.53928
24.455 -1.37897 1.37897
24.456 -1.21762 1.21762
24.457 -1.05529 1.05529
24.458 -0.892027 0.892027
24.459 -0.727883 0.727883
24.46 -0.562912 0.562912
24.461 -0.397172 0.397172
24.462 -0.230719 0.230719
24.463 -0.0636117 0.0636117
24.464 0.10409 -0.10409
24.465 0.272324 -0.272324
24.466 0.441027 -0.441027
24.467 0.610132 -0.610132
24.468 0.779574 -0.779574
24.469 0.949283 -0.949283
24.47 1.11919 -1.11919
24.471 1.28923 -1.28923
24.472 1.45932 -1.45932
24.473 1.62939 -1.62939
24.474 1.79937 -1.79937
24.475 1.96919 -1.96919
24.476 2.13876 -2.13876
24.477 2.30801 -2.30801
24.478 2.47686 -2.47686
24.479 2.64524 -2.64524
24.48 2.81306 -2.81306
24.481 2.98025 -2.98025
24.482 3.14672 -3.14672
24.483 3.3124 -3.3124
24.484 3.4772 -3.4772
24.485 3.64105 -3.64105
24.486 3.80386 -3.80386
24.487 3.96556 -3.96556
24.488 4.12605 -4.12605
24.489 4.28528 -4.28528
24.49 4.44314 -4.44314
24.491 4.59958 -4.59958
24.492 4.75451 -4.75451
24.493 4.90787 -4.90787
24.494 5.05959 -5.05959
24.495 5.2096 -5.2096
24.496 5.35784 -5.35784
24.497 5.50424 -5.50424
24.498 5.64874 -5.64874
24.499 5.79128 -5.79128
24.5 5.93179 -5.93179
24.501 6.07022 -6.07022
24.502 6.20651 -6.20651
24.503 6.34061 -6.34061
24.504 6.47246 -6.47246
24.505 6.602 -6.602
24.506 6.7292 -6.7292
24.507 6.85399 -6.85399
24.508 6.97634 -6.97634
24.509 7.09621 -7.09621
24.51 7.21354 -7.21354
24.511 7.3283 -7.3283
24.512 7.44046 -7.44046
24.513 7.54997 -7.54997
24.514 7.65681 -7.65681
24.515 7.76094 -7.76094
24.516 7.86234 -7.86234
24.517 7.96099 -7.96099
24.518 8.05685 -8.05685
24.519 8.14991 -8.14991
24.52 8.24015 -8.24015
24.521 8.32755 -8.32755
24.522 8.4121 -8.4121
24.523 8.49376 -8.49376
24.524 8.57253 -8.57253
24.525 8.64838 -8.64838
24.526 8.72132 -8.72132
24.527 8.79131 -8.79131
24.528 8.85837 -8.85837
24.529 8.92247 -8.92247
24.53 8.98362 -8.98362
24.531 9.04181 -9.04181
24.532 9.09705 -9.09705
24.533 9.14933 -9.14933
24.534 9.19866 -9.19866
24.535 9.24505 -9.24505
24.536 9.28851 -9.28851
24.537 9.32903 -9.32903
24.538 9.36664 -9.36664
24.539 9.40135 -9.40135
24.54 9.43318 -9.43318
24.541 9.46212 -9.46212
24.542 9.4882 -9.4882
24.543 9.51141 -9.51141
24.544 9.53175 -9.53175
24.545 9.54923 -9.54923
24.546 9.56385 -9.56385
24.547 9.57563 -9.57563
24.548 9.58457 -9.58457
24.549 9.59068 -9.59068
24.55 9.59397 -9.59397
24.551 9.59445 -9.59445
24.552 9.59214 -9.59214
24.553 9.58703 -9.58703
24.554 9.57914 -9.57914
24.555 9.56846 -9.56846
24.556 9.55502 -9.55502
24.557 9.53881 -9.53881
24.558 9.51985 -9.51985
24.559 9.49816 -9.49816
24.56 9.47373 -9.47373
24.561 9.4466 -9.4466
24.562 9.41676 -9.41676
24.563 9.38424 -9.38424
24.564 9.34904 -9.34904
24.565 9.31119 -9.31119
24.566 9.27069 -9.27069
24.567 9.22757 -9.22757
24.568 9.18184 -9.18184
24.569 9.13352 -9.13352
24.57 9.08262 -9.08262
24.571 9.02917 -9.02917
24.572 8.97319 -8.97319
24.573 8.9147 -8.9147
24.574 8.85374 -8.85374
24.575 8.79033 -8.79033
24.576 8.72449 -8.72449
24.577 8.65626 -8.65626
24.578 8.58566 -8.58566
24.579 8.51272 -8.51272
24.58 8.43747 -8.43747
24.581 8.35993 -8.35993
24.582 8.28013 -8.28013
24.583 8.1981 -8.1981
24.584 8.11387 -8.11387
24.585 8.02746 -8.02746
24.586 7.9389 -7.9389
24.587 7.84822 -7.84822
24.588 7.75545 -7.75545
24.589 7.66061 -7.66061
24.59 7.56373 -7.56373
24.591 7.46484 -7.46484
24.592 7.36398 -7.36398
24.593 7.26118 -7.26118
24.594 7.15648 -7.15648
24.595 7.04991 -7.04991
24.596 6.94151 -6.94151
24.597 6.83132 -6.83132
24.598 6.71937 -6.71937
24.599 6.6057 -6.6057
24.6 6.49034 -6.49034
24.601 6.37334 -6.37334
24.602 6.25472 -6.25472
24.603 6.13453 -6.13453
24.604 6.01279 -6.01279
24.605 5.88956 -5.88956
24.606 5.76486 -5.76486
24.607 5.63873 -5.63873
24.608 5.51121 -5.51121
24.609 5.38234 -5.38234
24.61 5.25215 -5.25215
24.611 5.12069 -5.12069
24.612 4.988 -4.988
24.613 4.85413 -4.85413
24.614 4.71912 -4.71912
24.615 4.58303 -4.58303
24.616 4.4459 -4.4459
24.617 4.30779 -4.30779
24.618 4.16873 -4.16873
24.619 4.02879 -4.02879
24.62 3.88801 -3.88801
24.621 3.74644 -3.74644
24.622 3.60414 -3.60414
24.623 3.46115 -3.46115
24.624 3.31753 -3.31753
24.625 3.17333 -3.17333
24.626 3.02861 -3.02861
24.627 2.88342 -2.88342
24.628 2.73781 -2.73781
24.629 2.59184 -2.59184
24.63 2.44557 -2.44557
24.631 2.29904 -2.29904
24.632 2.15233 -2.15233
24.633 2.00549 -2.00549
24.634 1.85857 -1.85857
24.635 1.71164 -1.71164
24.636 1.56475 -1.56475
24.637 1.41797 -1.41797
24.638 1.27135 -1.27135
24.639 1.12496 -1.12496
24.64 0.978867 -0.978867
24.641 0.833125 -0.833125
24.642 0.687801 -0.687801
24.643 0.542959 -0.542959
24.644 0.398664 -0.398664
24.645 0.254981 -0.254981
24.646 0.111976 -0.111976
24.647 -0.0302844 0.0302844
24.648 -0.171734 0.171734
24.649 -0.312304 0.312304
24.65 -0.451926 0.451926
24.651 -0.590534 0.590534
24.652 -0.728066 0.728066
24.653 -0.864462 0.864462
24.654 -0.99966 0.99966
24.655 -1.1336 1.1336
24.656 -1.26622 1.26622
24.657 -1.39747 1.39747
24.658 -1.52728 1.52728
24.659 -1.65559 1.65559
24.66 -1.78235 1.78235
24.661 -1.9075 1.9075
24.662 -2.03097 2.03097
24.663 -2.15271 2.15271
24.664 -2.27267 2.27267
24.665 -2.39079 2.39079
24.666 -2.50701 2.50701
24.667 -2.62128 2.62128
24.668 -2.73354 2.73354
24.669 -2.84375 2.84375
24.67 -2.95185 2.95185
24.671 -3.0578 3.0578
24.672 -3.16154 3.16154
24.673 -3.26303 3.26303
24.674 -3.36222 3.36222
24.675 -3.45906 3.45906
24.676 -3.55352 3.55352
24.677 -3.64555 3.64555
24.678 -3.73511 3.73511
24.679 -3.82215 3.82215
24.68 -3.90666 3.90666
24.681 -3.98857 3.98857
24.682 -4.06788 4.06788
24.683 -4.14453 4.14453
24.684 -4.2185 4.2185
24.685 -4.28976 4.28976
24.686 -4.35829 4.35829
24.687 -4.42405 4.42405
24.688 -4.48702 4.48702
24.689 -4.54718 4.54718
24.69 -4.60451 4.60451
24.691 -4.65899 4.65899
24.692 -4.71059 4.71059
24.693 -4.75932 4.75932
24.694 -4.80514 4.80514
24.695 -4.84805 4.84805
24.696 -4.88804 4.88804
24.697 -4.9251 4.9251
24.698 -4.95921 4.95921
24.699 -4.99038 4.99038
24.7 -5.0186 5.0186
24.701 -5.04386 5.04386
24.702 -5.06617 5.06617
24.703 -5.08552 5.08552
24.704 -5.10191 5.10191
24.705 -5.11535 5.11535
24.706 -5.12585 5.12585
24.707 -5.13339 5.13339
24.708 -5.138 5.138
24.709 -5.13969 5.13969
24.71 -5.13845 5.13845
24.711 -5.13429 5.13431
24.712 -5.12726 5.12724
24.713 -5.11731 5.11731
24.714 -5.1045 5.1045
24.715 -5.08884 5.08884
24.716 -5.07033 5.07033
24.717 -5.04899 5.04899
24.718 -5.02484 5.02484
24.719 -4.99791 4.99791
24.72 -4.9682 4.9682
24.721 -4.93574 4.93574
24.722 -4.90054 4.90054
24.723 -4.86262 4.86262
24.724 -4.82198 4.82198
24.725 -4.77865 4.77865
24.726 -4.73264 4.73264
24.727 -4.68396 4.68396
24.728 -4.63263 4.63263
24.729 -4.57868 4.57868
24.73 -4.52211 4.52211
24.731 -4.46295 4.46295
24.732 -4.40124 4.40124
24.733 -4.33701 4.33701
24.734 -4.2703 4.2703
24.735 -4.20114 4.20114
24.736 -4.12959 4.12959
24.737 -4.05567 4.05567
24.738 -3.97943 3.97943
24.739 -3.9009 3.9009
24.74 -3.82014 3.82014
24.741 -3.73717 3.73717
24.742 -3.65204 3.65204
24.743 -3.56478 3.56478
24.744 -3.47542 3.47542
24.745 -3.38399 3.38399
24.746 -3.29054 3.29054
24.747 -3.1951 3.1951
24.748 -3.09771 3.09771
24.749 -2.99839 2.99839
24.75 -2.8972 2.8972
24.751 -2.79417 2.79417
24.752 -2.68934 2.68934
24.753 -2.58277 2.58277
24.754 -2.47449 2.47449
24.755 -2.36457 2.36457
24.756 -2.25305 2.25305
24.757 -2.13998 2.13998
24.758 -2.02541 2.02541
24.759 -1.9094 1.9094
24.76 -1.79199 1.79199
24.761 -1.67324 1.67324
24.762 -1.55319 1.55319
24.763 -1.43188 1.43188
24.764 -1.30938 1.30938
24.765 -1.18571 1.18571
24.766 -1.06093 1.06093
24.767 -0.935086 0.935086
24.768 -0.808229 0.808229
24.769 -0.680407 0.680407
24.77 -0.551672 0.551672
24.771 -0.422074 0.422074
24.772 -0.291667 0.291667
24.773 -0.160502 0.160502
24.774 -0.0286342 0.0286342
24.775 0.103882 -0.103882
24.776 0.236989 -0.236989
24.777 0.370631 -0.370631
24.778 0.50475 -0.50475
24.779 0.639286 -0.639286
24.78 0.77418 -0.77418
24.781 0.909375 -0.909375
24.782 1.04482 -1.04482
24.783 1.18048 -1.18048
24.784 1.3163 -1.3163
24.785 1.45224 -1.45224
24.786 1.58825 -1.58825
24.787 1.72429 -1.72429
24.788 1.8603 -1.8603
24.789 1.99624 -1.99624
24.79 2.13206 -2.13206
24.791 2.2677 -2.2677
24.792 2.40311 -2.40311
24.793 2.53822 -2.53822
24.794 2.67296 -2.67296
24.795 2.80725 -2.80725
24.796 2.94105 -2.94105
24.797 3.07426 -3.07426
24.798 3.20684 -3.20684
24.799 3.33871 -3.33871
24.8 3.4698 -3.4698
24.801 3.60005 -3.60005
24.802 3.7294 -3.7294
24.803 3.85778 -3.85778
24.804 3.98515 -3.98515
24.805 4.11144 -4.11144
24.806 4.2366 -4.2366
24.807 4.36057 -4.36057
24.808 4.4833 -4.4833
24.809 4.60472 -4.60472
24.81 4.7248 -4.7248
24.811 4.84346 -4.84346
24.812 4.96066 -4.96066
24.813 5.07633 -5.07633
24.814 5.19041 -5.19041
24.815 5.30284 -5.30284
24.816 5.41358 -5.41358
24.817 5.52256 -5.52256
24.818 5.62973 -5.62973
24.819 5.73503 -5.73503
24.82 5.83843 -5.83843
24.821 5.93985 -5.93985
24.822 6.03925 -6.03925
24.823 6.13658 -6.13658
24.824 6.23177 -6.23177
24.825 6.32478 -6.32478
24.826 6.41556 -6.41556
24.827 6.50406 -6.50406
24.828 6.59023 -6.59023
24.829 6.67403 -6.67403
24.83 6.75541 -6.75541
24.831 6.83434 -6.83434
24.832 6.91078 -6.91078
24.833 6.98471 -6.98471
24.834 7.0561 -7.0561
24.835 7.12492 -7.12492
24.836 7.19115 -7.19115
24.837 7.25477 -7.25477
24.838 7.31576 -7.31576
24.839 7.37411 -7.37411
24.84 7.42979 -7.42979
24.841 7.48281 -7.48281
24.842 7.53314 -7.53314
24.843 7.5808 -7.5808
24.844 7.62577 -7.62577
24.845 7.66807 -7.66807
24.846 7.7077 -7.7077
24.847 7.74466 -7.74466
24.848 7.77896 -7.77896
24.849 7.8106 -7.8106
24.85 7.8396 -7.8396
24.851 7.86596 -7.86596
24.852 7.8897 -7.8897
24.853 7.91084 -7.91084
24.854 7.92938 -7.92938
24.855 7.94534 -7.94534
24.856 7.95875 -7.95875
24.857 7.96961 -7.96961
24.858 7.97794 -7.97794
24.859 7.98378 -7.98378
24.86 7.98713 -7.98713
24.861 7.98802 -7.98802
24.862 7.98648 -7.98648
24.863 7.98255 -7.98255
24.864 7.97626 -7.97626
24.865 7.96763 -7.96763
24.866 7.95671 -7.95671
24.867 7.94353 -7.94353
24.868 7.92813 -7.92813
24.869 7.91052 -7.91055
24.87 7.89079 -7.89079
24.871 7.86895 -7.8689
24.872 7.84498 -7.84498
24.873 7.819 -7.819
24.874 7.79102 -7.79102
24.875 7.76107 -7.76107
24.876 7.7292 -7.7292
24.877 7.69544 -7.69544
24.878 7.65983 -7.65983
24.879 7.62242 -7.62242
24.88 7.58324 -7.58324
24.881 7.54233 -7.54233
24.882 7.49973 -7.49973
24.883 7.45549 -7.45549
24.884 7.40964 -7.40964
24.885 7.36222 -7.36222
24.886 7.31328 -7.31328
24.887 7.26285 -7.26285
24.888 7.21098 -7.21098
24.889 7.15771 -7.15771
24.89 7.10307 -7.10307
24.891 7.04711 -7.04711
24.892 6.98987 -6.98987
24.893 6.93137 -6.93137
24.894 6.87164 -6.87164
24.895 6.81072 -6.81072
24.896 6.74865 -6.74865
24.897 6.68546 -6.68546
24.898 6.62117 -6.62117
24.899 6.55582 -6.55582
24.9 6.48945 -6.48945
24.901 6.42209 -6.42209
24.902 6.35376 -6.35376
24.903 6.28449 -6.28449
24.904 6.21431 -6.21431
24.905 6.14323 -6.14323
24.906 6.07128 -6.07128
24.907 5.9985 -5.9985
24.908 5.9249 -5.9249
24.909 5.85051 -5.85051
24.91 5.77536 -5.77536
24.911 5.69947 -5.69947
24.912 5.62287 -5.62287
24.913 5.54558 -5.54558
24.914 5.46764 -5.46764
24.915 5.38906 -5.38906
24.916 5.30987 -5.30987
24.917 5.23011 -5.23011
24.918 5.14979 -5.14979
24.919 5.06895 -5.06895
24.92 4.9876 -4.9876
24.921 4.90579 -4.90579
24.922 4.82353 -4.82353
24.923 4.74086 -4.74086
24.924 4.65779 -4.65779
24.925 4.57437 -4.57437
24.926 4.49061 -4.49061
24.927 4.40654 -4.40654
24.928 4.3222 -4.3222
24.929 4.23761 -4.23761
24.93 4.1528 -4.1528
24.931 4.06779 -4.06779
24.932 3.98262 -3.98262
24.933 3.89731 -3.89731
24.934 3.8119 -3.8119
24.935 3.7264 -3.7264
24.936 3.64086 -3.64086
24.937 3.5553 -3.5553
24.938 3.46975 -3.46975
24.939 3.38423 -3.38423
24.94 3.29879 -3.29879
24.941 3.21344 -3.21344
24.942 3.12821 -3.12821
24.943 3.04314 -3.04314
24.944 2.95826 -2.95826
24.945 2.87359 -2.87359
24.946 2.78917 -2.78917
24.947 2.70502 -2.70502
24.948 2.62118 -2.62118
24.949 2.53767 -2.53767
24.95 2.45452 -2.45452
24.951 2.37176 -2.37176
24.952 2.28941 -2.28941
24.953 2.20748 -2.20748
24.954 2.12598 -2.12598
24.955 2.04492 -2.04492
24.956 1.96431 -1.96431
24.957 1.88417 -1.88417
24.958 1.80451 -1.80451
24.959 1.72535 -1.72535
24.96 1.64669 -1.64669
24.961 1.56854 -1.56854
24.962 1.49092 -1.49092
24.963 1.41385 -1.41385
24.964 1.33732 -1.33732
24.965 1.26136 -1.26136
24.966 1.18598 -1.18598
24.967 1.11118 -1.11118
24.968 1.03698 -1.03698
24.969 0.963389 -0.963389
24.97 0.890421 -0.890421
24.971 0.818082 -0.818082
24.972 0.74637 -0.74637
24.973 0.675277 -0.675277
24.974 0.604798 -0.604798
24.975 0.534925 -0.534925
24.976 0.465651 -0.465651
24.977 0.39697 -0.39697
24.978 0.328873 -0.328873
24.979 0.261354 -0.261354
24.98 0.194406 -0.194406
24.981 0.128022 -0.128022
24.982 0.0622023 -0.0622023
24.983 -0.00305308 0.00305308
24.984 -0.0677432 0.0677432
24.985 -0.131868 0.131868
24.986 -0.195426 0.195426
24.987 -0.258418 0.258418
24.988 -0.320843 0.320843
24.989 -0.382702 0.382702
24.99 -0.443995 0.443995
24.991 -0.504719 0.504719
24.992 -0.56487 0.56487
24.993 -0.62444 0.62444
24.994 -0.683419 0.683419
24.995 -0.741802 0.741802
24.996 -0.79958 0.79958
24.997 -0.856747 0.856747
24.998 -0.913296 0.913296
24.999 -0.969221 0.969221
25 -1.02451 1.02451
25.001 -1.07917 1.07917
25.002 -1.13318 1.13318
25.003 -1.18655 1.18655
25.004 -1.23926 1.23926
25.005 -1.29132 1.29132
25.006 -1.34271 1.34271
25.007 -1.39343 1.39343
25.008 -1.44348 1.44348
25.009 -1.49286 1.49286
25.01 -1.54155 1.54155
25.011 -1.58957 1.58957
25.012 -1.63691 1.63691
25.013 -1.68358 1.68358
25.014 -1.72958 1.72958
25.015 -1.77493 1.77493
25.016 -1.81963 1.81963
25.017 -1.86368 1.86368
25.018 -1.9071 1.9071
25.019 -1.94988 1.94988
25.02 -1.99205 1.99205
25.021 -2.0336 2.0336
25.022 -2.07454 2.07454
25.023 -2.11487 2.11487
25.024 -2.15458 2.15458
25.025 -2.19369 2.19369
25.026 -2.23218 2.23218
25.027 -2.27006 2.27006
25.028 -2.30734 2.30734
25.029 -2.34401 2.34401
25.03 -2.38008 2.38008
25.031 -2.41554 2.41554
25.032 -2.45042 2.45042
25.033 -2.48471 2.48471
25.034 -2.51844 2.51844
25.035 -2.55161 2.55161
25.036 -2.58424 2.58424
25.037 -2.61634 2.61634
25.038 -2.64792 2.64792
25.039 -2.679 2.679
25.04 -2.70958 2.70958
25.041 -2.73968 2.73968
25.042 -2.76931 2.76931
25.043 -2.79847 2.79847
25.044 -2.82716 2.82716
25.045 -2.8554 2.8554
25.046 -2.88318 2.88318
25.047 -2.91052 2.91052
25.048 -2.93741 2.93741
25.049 -2.96387 2.96387
25.05 -2.9899 2.9899
25.051 -3.01551 3.01551
25.052 -3.04071 3.04071
25.053 -3.06553 3.06553
25.054 -3.08996 3.08996
25.055 -3.11404 3.11404
25.056 -3.13777 3.13777
25.057 -3.16118 3.16118
25.058 -3.18427 3.18427
25.059 -3.20707 3.20707
25.06 -3.22959 3.22959
25.061 -3.25185 3.25185
25.062 -3.27384 3.27384
25.063 -3.29557 3.29557
25.064 -3.31703 3.31703
25.065 -3.33823 3.33823
25.066 -3.35916 3.35916
25.067 -3.37983 3.37983
25.068 -3.40023 3.40023
25.069 -3.42037 3.42037
25.07 -3.44024 3.44024
25.071 -3.45985 3.45985
25.072 -3.47919 3.47919
25.073 -3.49826 3.49826
25.074 -3.51708 3.51708
25.075 -3.53563 3.53563
25.076 -3.55392 3.55392
25.077 -3.57194 3.57194
25.078 -3.58971 3.58971
25.079 -3.60722 3.60722
25.08 -3.62447 3.62447
25.081 -3.64146 3.64146
25.082 -3.6582 3.6582
25.083 -3.67468 3.67468
25.084 -3.69091 3.69091
25.085 -3.70689 3.70689
25.086 -3.72263 3.72263
25.087 -3.73811 3.73811
25.088 -3.75336 3.75336
25.089 -3.76836 3.76836
25.09 -3.78312 3.78312
25.091 -3.79764 3.79764
25.092 -3.81195 3.81195
25.093 -3.82606 3.82606
25.094 -3.84 3.84
25.095 -3.85377 3.85377
25.096 -3.86741 3.86741
25.097 -3.88093 3.88093
25.098 -3.89435 3.89435
25.099 -3.9077 3.9077
25.1 -3.92098 3.92098
25.101 -3.93423 3.93423
25.102 -3.94745 3.94745
25.103 -3.96065 3.96065
25.104 -3.97385 3.97385
25.105 -3.98706 3.98706
25.106 -4.00028 4.00028
25.107 -4.01353 4.01353
25.108 -4.02682 4.02682
25.109 -4.04016 4.04016
25.11 -4.05357 4.05357
25.111 -4.06704 4.06704
25.112 -4.0806 4.0806
25.113 -4.09425 4.09425
25.114 -4.10801 4.10801
25.115 -4.12188 4.12188
25.116 -4.13587 4.13587
25.117 -4.15 4.15
25.118 -4.16428 4.16428
25.119 -4.17871 4.17871
25.12 -4.19331 4.19331
25.121 -4.20808 4.20808
25.122 -4.22304 4.22304
25.123 -4.23819 4.23819
25.124 -4.25355 4.25355
25.125 -4.26912 4.26912
25.126 -4.28492 4.28492
25.127 -4.30095 4.30095
25.128 -4.31722 4.31722
25.129 -4.33373 4.33373
25.13 -4.35051 4.35051
25.131 -4.36756 4.36756
25.132 -4.38488 4.38488
25.133 -4.40248 4.40248
25.134 -4.42038 4.42038
25.135 -4.43858 4.43858
25.136 -4.45708 4.45708
25.137 -4.4759 4.4759
25.138 -4.49504 4.49504
25.139 -4.51451 4.51451
25.14 -4.53432 4.53432
25.141 -4.55447 4.55447
25.142 -4.57495 4.57495
25.143 -4.59575 4.59575
25.144 -4.61686 4.61686
25.145 -4.63827 4.63827
25.146 -4.65997 4.65997
25.147 -4.68194 4.68194
25.148 -4.70418 4.70418
25.149 -4.72667 4.72667
25.15 -4.7494 4.7494
25.151 -4.77236 4.77236
25.152 -4.79555 4.79555
25.153 -4.81897 4.81897
25.154 -4.8426 4.8426
25.155 -4.86644 4.86644
25.156 -4.8905 4.8905
25.157 -4.91476 4.91476
25.158 -4.93923 4.93923
25.159 -4.9639 4.9639
25.16 -4.98877 4.98877
25.161 -5.01382 5.01382
25.162 -5.03905 5.03905
25.163 -5.06445 5.06445
25.164 -5.08999 5.08999
25.165 -5.11568 5.11568
25.166 -5.14149 5.14149
25.167 -5.16741 5.16741
25.168 -5.19343 5.19343
25.169 -5.21954 5.21954
25.17 -5.24572 5.24572
25.171 -5.27195 5.27195
25.172 -5.29823 5.29823
25.173 -5.32455 5.32455
25.174 -5.35088 5.35088
25.175 -5.37721 5.37721
25.176 -5.40354 5.40354
25.177 -5.42984 5.42984
25.178 -5.45611 5.45611
25.179 -5.48233 5.48233
25.18 -5.50849 5.50849
25.181 -5.53457 5.53457
25.182 -5.56057 5.56057
25.183 -5.58646 5.58646
25.184 -5.61224 5.61224
25.185 -5.6379 5.6379
25.186 -5.66342 5.66342
25.187 -5.68878 5.68878
25.188 -5.71398 5.71398
25.189 -5.739 5.739
25.19 -5.76384 5.76384
25.191 -5.78847 5.78847
25.192 -5.81289 5.81289
25.193 -5.83708 5.83708
25.194 -5.86104 5.86104
25.195 -5.88475 5.88475
25.196 -5.9082 5.9082
25.197 -5.93138 5.93138
25.198 -5.95428 5.95428
25.199 -5.97688 5.97688
25.2 -5.99918 5.99918
25.201 -6.02117 6.02117
25.202 -6.04283 6.04283
25.203 -6.06415 6.06415
25.204 -6.08513 6.08513
25.205 -6.10576 6.10576
25.206 -6.12602 6.12602
25.207 -6.14591 6.14591
25.208 -6.16542 6.16542
25.209 -6.18453 6.18453
25.21 -6.20325 6.20325
25.211 -6.22155 6.22155
25.212 -6.23942 6.23942
25.213 -6.25686 6.25686
25.214 -6.27383 6.27383
25.215 -6.29033 6.29033
25.216 -6.30634 6.30634
25.217 -6.32184 6.32184
25.218 -6.33682 6.33682
25.219 -6.35126 6.35126
25.22 -6.36515 6.36515
25.221 -6.37848 6.37848
25.222 -6.39123 6.39123
25.223 -6.40341 6.40341
25.224 -6.41501 6.41501
25.225 -6.42602 6.42602
25.226 -6.43645 6.43645
25.227 -6.44628 6.44628
25.228 -6.45551 6.45551
25.229 -6.46415 6.46415
25.23 -6.47218 6.47218
25.231 -6.4796 6.4796
25.232 -6.48641 6.48641
25.233 -6.49259 6.49259
25.234 -6.49813 6.49813
25.235 -6.50302 6.50302
25.236 -6.50725 6.50725
25.237 -6.51082 6.51082
25.238 -6.51371 6.51371
25.239 -6.51591 6.51591
25.24 -6.51742 6.51742
25.241 -6.51823 6.51823
25.242 -6.51834 6.51834
25.243 -6.51775 6.51775
25.244 -6.51646 6.51646
25.245 -6.51447 6.51447
25.246 -6.51179 6.51179
25.247 -6.50842 6.50842
25.248 -6.50435 6.50435
25.249 -6.4996 6.4996
25.25 -6.49417 6.49417
25.251 -6.48805 6.48805
25.252 -6.48124 6.48124
25.253 -6.47375 6.47375
25.254 -6.46554 6.46558
25.255 -6.45666 6.45669
25.256 -6.44708 6.44709
25.257 -6.43678 6.43679
25.258 -6.42578 6.42578
25.259 -6.41407 6.41405
25.26 -6.40164 6.40161
25.261 -6.38849 6.38846
25.262 -6.3746 6.3746
25.263 -6.36001 6.36001
25.264 -6.34469 6.34469
25.265 -6.32865 6.32865
25.266 -6.31188 6.31188
25.267 -6.29439 6.29439
25.268 -6.27617 6.27617
25.269 -6.25723 6.25723
25.27 -6.23756 6.23756
25.271 -6.21716 6.21716
25.272 -6.19605 6.19605
25.273 -6.17424 6.17424
25.274 -6.15172 6.15172
25.275 -6.12852 6.12852
25.276 -6.10464 6.10464
25.277 -6.0801 6.0801
25.278 -6.0549 6.0549
25.279 -6.02905 6.02905
25.28 -6.00258 6.00258
25.281 -5.97547 5.97547
25.282 -5.94775 5.94775
25.283 -5.91941 5.91941
25.284 -5.89045 5.89045
25.285 -5.86089 5.86089
25.286 -5.83071 5.83071
25.287 -5.79994 5.79994
25.288 -5.76856 5.76856
25.289 -5.73659 5.73659
25.29 -5.70402 5.70402
25.291 -5.67087 5.67087
25.292 -5.63714 5.63714
25.293 -5.60283 5.60283
25.294 -5.56794 5.56794
25.295 -5.53249 5.53249
25.296 -5.49648 5.49648
25.297 -5.45991 5.45991
25.298 -5.42279 5.42279
25.299 -5.38513 5.38513
25.3 -5.34693 5.34693
25.301 -5.30819 5.30819
25.302 -5.26892 5.26892
25.303 -5.22911 5.22911
25.304 -5.18876 5.18876
25.305 -5.14788 5.14788
25.306 -5.10645 5.10645
25.307 -5.06447 5.06447
25.308 -5.02196 5.02196
25.309 -4.9789 4.9789
25.31 -4.93529 4.93529
25.311 -4.89114 4.89114
25.312 -4.84644 4.84644
25.313 -4.8012 4.8012
25.314 -4.75541 4.75541
25.315 -4.70907 4.70907
25.316 -4.66219 4.66219
25.317 -4.61477 4.61477
25.318 -4.5668 4.5668
25.319 -4.51828 4.51828
25.32 -4.46923 4.46923
25.321 -4.41964 4.41964
25.322 -4.36952 4.36952
25.323 -4.31888 4.31888
25.324 -4.26773 4.26773
25.325 -4.21608 4.21608
25.326 -4.16395 4.16395
25.327 -4.11134 4.11134
25.328 -4.05827 4.05827
25.329 -4.00475 4.00475
25.33 -3.95078 3.95078
25.331 -3.89638 3.89638
25.332 -3.84156 3.84156
25.333 -3.78631 3.78631
25.334 -3.73065 3.73065
25.335 -3.67457 3.67457
25.336 -3.61807 3.61807
25.337 -3.56117 3.56117
25.338 -3.50387 3.50387
25.339 -3.44617 3.44617
25.34 -3.38807 3.38807
25.341 -3.32958 3.32958
25.342 -3.27072 3.27072
25.343 -3.21149 3.21149
25.344 -3.15192 3.15192
25.345 -3.09201 3.09201
25.346 -3.03177 3.03177
25.347 -2.97123 2.97123
25.348 -2.9104 2.9104
25.349 -2.84929 2.84929
25.35 -2.78791 2.78791
25.351 -2.72629 2.72629
25.352 -2.66443 2.66443
25.353 -2.60235 2.60235
25.354 -2.54006 2.54006
25.355 -2.47758 2.47758
25.356 -2.41493 2.41493
25.357 -2.35212 2.35212
25.358 -2.28917 2.28917
25.359 -2.22608 2.22608
25.36 -2.16288 2.16288
25.361 -2.09959 2.09959
25.362 -2.03621 2.03621
25.363 -1.97277 1.97277
25.364 -1.90927 1.90927
25.365 -1.84574 1.84574
25.366 -1.78219 1.78219
25.367 -1.71864 1.71864
25.368 -1.6551 1.6551
25.369 -1.59158 1.59158
25.37 -1.52812 1.52812
25.371 -1.46471 1.46471
25.372 -1.40138 1.40138
25.373 -1.33815 1.33815
25.374 -1.27502 1.27502
25.375 -1.21202 1.21202
25.376 -1.14916 1.14916
25.377 -1.08646 1.08646
25.378 -1.02393 1.02393
25.379 -0.961594 0.961594
25.38 -0.899463 0.899463
25.381 -0.837551 0.837551
25.382 -0.775869 0.775869
25.383 -0.714425 0.714425
25.384 -0.653224 0.653224
25.385 -0.592275 0.592275
25.386 -0.531584 0.531584
25.387 -0.471159 0.471159
25.388 -0.411007 0.411007
25.389 -0.351134 0.351134
25.39 -0.291548 0.291548
25.391 -0.232258 0.232258
25.392 -0.173278 0.173278
25.393 -0.114622 0.114622
25.394 -0.0563065 0.0563065
25.395 0.00165323 -0.00165323
25.396 0.0592421 -0.0592421
25.397 0.116445 -0.116445
25.398 0.173247 -0.173247
25.399 0.229633 -0.229633
25.4 0.285588 -0.285588
25.401 0.341098 -0.341098
25.402 0.396148 -0.396148
25.403 0.450724 -0.450724
25.404 0.504811 -0.504811
25.405 0.558395 -0.558395
25.406 0.611463 -0.611463
25.407 0.664001 -0.664001
25.408 0.715996 -0.715996
25.409 0.767434 -0.767434
25.41 0.818303 -0.818303
25.411 0.86859 -0.86859
25.412 0.918282 -0.918282
25.413 0.967368 -0.967368
25.414 1.01583 -1.01583
25.415 1.06367 -1.06367
25.416 1.11086 -1.11086
25.417 1.15741 -1.15741
25.418 1.20328 -1.20328
25.419 1.24848 -1.24848
25.42 1.293 -1.293
25.421 1.33683 -1.33683
25.422 1.37995 -1.37995
25.423 1.42239 -1.42239
25.424 1.46412 -1.46412
25.425 1.50516 -1.50516
25.426 1.5455 -1.5455
25.427 1.58515 -1.58515
25.428 1.6241 -1.6241
25.429 1.66235 -1.66235
25.43 1.69992 -1.69992
25.431 1.73679 -1.73679
25.432 1.77297 -1.77297
25.433 1.80847 -1.80847
25.434 1.84328 -1.84328
25.435 1.87741 -1.87741
25.436 1.91087 -1.91087
25.437 1.94365 -1.94365
25.438 1.97576 -1.97576
25.439 2.0072 -2.0072
25.44 2.03799 -2.03799
25.441 2.06811 -2.06811
25.442 2.09758 -2.09758
25.443 2.12638 -2.12638
25.444 2.15452 -2.15452
25.445 2.18198 -2.18198
25.446 2.20877 -2.20877
25.447 2.23489 -2.23489
25.448 2.26034 -2.26034
25.449 2.28511 -2.28511
25.45 2.3092 -2.3092
25.451 2.33261 -2.33261
25.452 2.35535 -2.35535
25.453 2.37743 -2.37743
25.454 2.39885 -2.39885
25.455 2.41963 -2.41963
25.456 2.43978 -2.43978
25.457 2.45929 -2.45929
25.458 2.47819 -2.47819
25.459 2.49649 -2.49649
25.46 2.51418 -2.51418
25.461 2.53129 -2.53129
25.462 2.54782 -2.54782
25.463 2.56376 -2.56376
25.464 2.57913 -2.57913
25.465 2.59392 -2.59392
25.466 2.60814 -2.60814
25.467 2.62179 -2.62179
25.468 2.63487 -2.63487
25.469 2.64739 -2.64739
25.47 2.65935 -2.65935
25.471 2.67076 -2.67076
25.472 2.68163 -2.68163
25.473 2.69197 -2.69197
25.474 2.7018 -2.7018
25.475 2.71113 -2.71113
25.476 2.71998 -2.71998
25.477 2.72835 -2.72835
25.478 2.73627 -2.73627
25.479 2.74374 -2.74374
25.48 2.75079 -2.75079
25.481 2.75742 -2.75742
25.482 2.76363 -2.76363
25.483 2.76943 -2.76943
25.484 2.7748 -2.7748
25.485 2.77976 -2.77976
25.486 2.78429 -2.78429
25.487 2.7884 -2.7884
25.488 2.79209 -2.79209
25.489 2.79535 -2.79535
25.49 2.79818 -2.79818
25.491 2.80058 -2.80058
25.492 2.80255 -2.80255
25.493 2.80408 -2.80411
25.494 2.8052 -2.80523
25.495 2.80589 -2.80591
25.496 2.80615 -2.80617
25.497 2.80598 -2.80599
25.498 2.80539 -2.80539
25.499 2.80436 -2.80436
25.5 2.80291 -2.80291
25.501 2.80104 -2.80103
25.502 2.79873 -2.79871
25.503 2.79598 -2.79595
25.504 2.79278 -2.79275
25.505 2.78913 -2.78909
25.506 2.785 -2.785
25.507 2.78041 -2.78041
25.508 2.77536 -2.77536
25.509 2.76982 -2.76982
25.51 2.7638 -2.7638
25.511 2.75729 -2.75729
25.512 2.75026 -2.75026
25.513 2.74269 -2.74269
25.514 2.73457 -2.73457
25.515 2.72586 -2.72586
25.516 2.71655 -2.71655
25.517 2.70662 -2.70662
25.518 2.69604 -2.69604
25.519 2.6848 -2.6848
25.52 2.67287 -2.67287
25.521 2.66023 -2.66023
25.522 2.64688 -2.64688
25.523 2.63279 -2.63279
25.524 2.61797 -2.61797
25.525 2.60239 -2.60239
25.526 2.58606 -2.58606
25.527 2.56895 -2.56895
25.528 2.55106 -2.55106
25.529 2.53238 -2.53238
25.53 2.51291 -2.51291
25.531 2.49263 -2.49263
25.532 2.47153 -2.47153
25.533 2.44962 -2.44962
25.534 2.42687 -2.42687
25.535 2.40328 -2.40328
25.536 2.37885 -2.37885
25.537 2.35357 -2.35357
25.538 2.32744 -2.32744
25.539 2.30044 -2.30044
25.54 2.27257 -2.27257
25.541 2.24383 -2.24383
25.542 2.21422 -2.21422
25.543 2.18372 -2.18372
25.544 2.15233 -2.15233
25.545 2.12005 -2.12005
25.546 2.08688 -2.08688
25.547 2.05281 -2.05281
25.548 2.01784 -2.01784
25.549 1.98197 -1.98197
25.55 1.9452 -1.9452
25.551 1.90752 -1.90752
25.552 1.86896 -1.86896
25.553 1.82952 -1.82952
25.554 1.78922 -1.78922
25.555 1.74808 -1.74808
25.556 1.70612 -1.70612
25.557 1.66336 -1.66336
25.558 1.61981 -1.61981
25.559 1.57549 -1.57549
25.56 1.53041 -1.53041
25.561 1.48461 -1.48461
25.562 1.43808 -1.43808
25.563 1.39084 -1.39084
25.564 1.3429 -1.3429
25.565 1.29427 -1.29427
25.566 1.24496 -1.24496
25.567 1.19499 -1.19499
25.568 1.14436 -1.14436
25.569 1.09309 -1.09309
25.57 1.04119 -1.04119
25.571 0.988673 -0.988673
25.572 0.935541 -0.935541
25.573 0.881801 -0.881801
25.574 0.827457 -0.827457
25.575 0.772514 -0.772514
25.576 0.716978 -0.716978
25.577 0.660853 -0.660853
25.578 0.604147 -0.604147
25.579 0.546865 -0.546865
25.58 0.489013 -0.489013
25.581 0.4306 -0.4306
25.582 0.37164 -0.37164
25.583 0.312149 -0.312149
25.584 0.252142 -0.252142
25.585 0.191636 -0.191636
25.586 0.130648 -0.130648
25.587 0.0691938 -0.0691938
25.588 0.00729128 -0.00729128
25.589 -0.0550425 0.0550425
25.59 -0.11779 0.11779
25.591 -0.180935 0.180935
25.592 -0.244467 0.244467
25.593 -0.308375 0.308375
25.594 -0.372649 0.372649
25.595 -0.43728 0.43728
25.596 -0.502257 0.502257
25.597 -0.567569 0.567569
25.598 -0.633206 0.633206
25.599 -0.699157 0.699157
25.6 -0.76541 0.76541
25.601 -0.831952 0.831952
25.602 -0.898765 0.898765
25.603 -0.965828 0.965828
25.604 -1.03312 1.03312
25.605 -1.10062 1.10062
25.606 -1.16831 1.16831
25.607 -1.23616 1.23616
25.608 -1.30416 1.30416
25.609 -1.37229 1.37229
25.61 -1.44051 1.44051
25.611 -1.50882 1.50882
25.612 -1.57718 1.57718
25.613 -1.64558 1.64558
25.614 -1.71399 1.71399
25.615 -1.7824 1.7824
25.616 -1.85078 1.85078
25.617 -1.91911 1.91911
25.618 -1.98736 1.98736
25.619 -2.05551 2.05551
25.62 -2.12355 2.12355
25.621 -2.19145 2.19145
25.622 -2.25919 2.25919
25.623 -2.32674 2.32674
25.624 -2.39408 2.39408
25.625 -2.4612 2.4612
25.626 -2.52806 2.52806
25.627 -2.59466 2.59466
25.628 -2.66096 2.66096
25.629 -2.72694 2.72694
25.63 -2.79259 2.79259
25.631 -2.85788 2.85788
25.632 -2.92276 2.92276
25.633 -2.98721 2.98721
25.634 -3.05119 3.05119
25.635 -3.11466 3.11466
25.636 -3.17758 3.17758
25.637 -3.23991 3.23991
25.638 -3.30162 3.30162
25.639 -3.36267 3.36267
25.64 -3.42302 3.42302
25.641 -3.48265 3.48265
25.642 -3.54151 3.54151
25.643 -3.5996 3.5996
25.644 -3.65687 3.65687
25.645 -3.7133 3.7133
25.646 -3.76887 3.76887
25.647 -3.82356 3.82356
25.648 -3.87734 3.87734
25.649 -3.93018 3.93018
25.65 -3.98207 3.98207
25.651 -4.03298 4.03298
25.652 -4.08291 4.08291
25.653 -4.13182 4.13182
25.654 -4.17973 4.17973
25.655 -4.2266 4.2266
25.656 -4.27244 4.27244
25.657 -4.31722 4.31722
25.658 -4.36095 4.36095
25.659 -4.40361 4.40361
25.66 -4.4452 4.4452
25.661 -4.4857 4.4857
25.662 -4.52512 4.52512
25.663 -4.56346 4.56346
25.664 -4.60072 4.60072
25.665 -4.6369 4.6369
25.666 -4.67201 4.67201
25.667 -4.70605 4.70605
25.668 -4.73902 4.73902
25.669 -4.77093 4.77093
25.67 -4.80179 4.80179
25.671 -4.83161 4.83161
25.672 -4.86038 4.86038
25.673 -4.88815 4.88815
25.674 -4.9149 4.9149
25.675 -4.94068 4.94068
25.676 -4.96548 4.96548
25.677 -4.98933 4.98933
25.678 -5.01225 5.01225
25.679 -5.03426 5.03426
25.68 -5.05536 5.05536
25.681 -5.07559 5.07559
25.682 -5.09493 5.09493
25.683 -5.1134 5.1134
25.684 -5.131 5.131
25.685 -5.14773 5.14773
25.686 -5.16359 5.16359
25.687 -5.17859 5.17859
25.688 -5.19273 5.19273
25.689 -5.20602 5.20602
25.69 -5.21846 5.21846
25.691 -5.23005 5.23005
25.692 -5.24082 5.24082
25.693 -5.25077 5.25077
25.694 -5.25993 5.25993
25.695 -5.26829 5.26829
25.696 -5.27589 5.27589
25.697 -5.28273 5.28273
25.698 -5.28883 5.28883
25.699 -5.29422 5.29422
25.7 -5.29889 5.29889
25.701 -5.30288 5.30288
25.702 -5.30617 5.30617
25.703 -5.30878 5.30878
25.704 -5.3107 5.3107
25.705 -5.31192 5.31192
25.706 -5.31246 5.31246
25.707 -5.31232 5.31232
25.708 -5.31148 5.31148
25.709 -5.30997 5.30997
25.71 -5.30777 5.30777
25.711 -5.30489 5.30489
25.712 -5.30132 5.30135
25.713 -5.2971 5.29712
25.714 -5.2922 5.29221
25.715 -5.28663 5.28664
25.716 -5.2804 5.2804
25.717 -5.27351 5.2735
25.718 -5.26596 5.26594
25.719 -5.25775 5.25773
25.72 -5.2489 5.24886
25.721 -5.23938 5.23938
25.722 -5.22924 5.22924
25.723 -5.21847 5.21847
25.724 -5.20706 5.20706
25.725 -5.19504 5.19504
25.726 -5.1824 5.1824
25.727 -5.16914 5.16914
25.728 -5.15529 5.15529
25.729 -5.14083 5.14083
25.73 -5.12579 5.12579
25.731 -5.11015 5.11015
25.732 -5.09395 5.09395
25.733 -5.07717 5.07717
25.734 -5.05983 5.05983
25.735 -5.04193 5.04193
25.736 -5.02349 5.02349
25.737 -5.00451 5.00451
25.738 -4.985 4.985
25.739 -4.96497 4.96497
25.74 -4.94442 4.94442
25.741 -4.92337 4.92337
25.742 -4.90182 4.90182
25.743 -4.87979 4.87979
25.744 -4.85728 4.85728
25.745 -4.8343 4.8343
25.746 -4.81087 4.81087
25.747 -4.78698 4.78698
25.748 -4.76266 4.76266
25.749 -4.7379 4.7379
25.75 -4.71273 4.71273
25.751 -4.68716 4.68716
25.752 -4.66119 4.66119
25.753 -4.63485 4.63485
25.754 -4.60816 4.60816
25.755 -4.58114 4.58114
25.756 -4.5538 4.5538
25.757 -4.52618 4.52618
25.758 -4.49828 4.49828
25.759 -4.47012 4.47012
25.76 -4.44173 4.44173
25.761 -4.41313 4.41313
25.762 -4.38433 4.38433
25.763 -4.35535 4.35535
25.764 -4.32622 4.32622
25.765 -4.29695 4.29695
25.766 -4.26757 4.26757
25.767 -4.23808 4.23808
25.768 -4.20852 4.20852
25.769 -4.17891 4.17891
25.77 -4.14925 4.14925
25.771 -4.11958 4.11958
25.772 -4.08989 4.08989
25.773 -4.06022 4.06022
25.774 -4.03055 4.03055
25.775 -4.00091 4.00091
25.776 -3.97131 3.97131
25.777 -3.94176 3.94176
25.778 -3.91226 3.91226
25.779 -3.88283 3.88283
25.78 -3.85349 3.85349
25.781 -3.82423 3.82423
25.782 -3.79507 3.79507
25.783 -3.76603 3.76603
25.784 -3.7371 3.7371
25.785 -3.70831 3.70831
25.786 -3.67967 3.67967
25.787 -3.65118 3.65118
25.788 -3.62285 3.62285
25.789 -3.5947 3.5947
25.79 -3.56673 3.56673
25.791 -3.53895 3.53895
25.792 -3.51139 3.51139
25.793 -3.48403 3.48403
25.794 -3.4569 3.4569
25.795 -3.43001 3.43001
25.796 -3.40336 3.40336
25.797 -3.37697 3.37697
25.798 -3.35084 3.35084
25.799 -3.32498 3.32498
25.8 -3.29941 3.29941
25.801 -3.27412 3.27412
25.802 -3.24913 3.24913
25.803 -3.22443 3.22443
25.804 -3.20002 3.20002
25.805 -3.17591 3.17591
25.806 -3.15209 3.15209
25.807 -3.12857 3.12857
25.808 -3.10533 3.10533
25.809 -3.08239 3.08239
25.81 -3.05974 3.05974
25.811 -3.03739 3.03739
25.812 -3.01532 3.01532
25.813 -2.99355 2.99355
25.814 -2.97207 2.97207
25.815 -2.95087 2.95087
25.816 -2.92997 2.92997
25.817 -2.90935 2.90935
25.818 -2.88902 2.88902
25.819 -2.86897 2.86897
25.82 -2.84921 2.84921
25.821 -2.82972 2.82972
25.822 -2.81052 2.81052
25.823 -2.7916 2.7916
25.824 -2.77296 2.77296
25.825 -2.75459 2.75459
25.826 -2.7365 2.7365
25.827 -2.71868 2.71868
25.828 -2.70112 2.70112
25.829 -2.68384 2.68384
25.83 -2.66682 2.66682
25.831 -2.65006 2.65006
25.832 -2.63356 2.63356
25.833 -2.61732 2.61732
25.834 -2.60134 2.60134
25.835 -2.58561 2.58561
25.836 -2.57013 2.57013
25.837 -2.55489 2.55489
25.838 -2.5399 2.5399
25.839 -2.52515 2.52515
25.84 -2.51063 2.51063
25.841 -2.49635 2.49635
25.842 -2.48231 2.48231
25.843 -2.46852 2.46852
25.844 -2.45497 2.45497
25.845 -2.44168 2.44168
25.846 -2.42865 2.42865
25.847 -2.41589 2.41589
25.848 -2.40339 2.40339
25.849 -2.39117 2.39117
25.85 -2.37922 2.37922
25.851 -2.36756 2.36756
25.852 -2.35619 2.35619
25.853 -2.34511 2.34511
25.854 -2.33432 2.33432
25.855 -2.32383 2.32383
25.856 -2.31364 2.31364
25.857 -2.30376 2.30376
25.858 -2.29419 2.29419
25.859 -2.28493 2.28493
25.86 -2.276 2.276
25.861 -2.26738 2.26738
25.862 -2.25908 2.25908
25.863 -2.25111 2.25111
25.864 -2.24347 2.24347
25.865 -2.23616 2.23616
25.866 -2.22918 2.22918
25.867 -2.22254 2.22254
25.868 -2.21624 2.21624
25.869 -2.21027 2.21027
25.87 -2.20465 2.20465
25.871 -2.19937 2.19937
25.872 -2.19443 2.19443
25.873 -2.18982 2.18982
25.874 -2.18553 2.18553
25.875 -2.18156 2.18156
25.876 -2.17789 2.17789
25.877 -2.17454 2.17451
25.878 -2.17147 2.17143
25.879 -2.16867 2.16864
25.88 -2.16616 2.16613
25.881 -2.16391 2.16388
25.882 -2.16191 2.16189
25.883 -2.16014 2.16012
25.884 -2.15859 2.15858
25.885 -2.15724 2.15723
25.886 -2.15608 2.15607
25.887 -2.15508 2.15507
25.888 -2.15423 2.15422
25.889 -2.15351 2.1535
25.89 -2.1529 2.1529
25.891 -2.15239 2.15239
25.892 -2.15197 2.15197
25.893 -2.15162 2.15162
25.894 -2.15135 2.15135
25.895 -2.15114 2.15114
25.896 -2.15098 2.15098
25.897 -2.15086 2.15086
25.898 -2.15078 2.15078
25.899 -2.15072 2.15073
25.9 -2.15068 2.15069
25.901 -2.15065 2.15066
25.902 -2.15063 2.15063
25.903 -2.15061 2.15062
25.904 -2.15061 2.15061
25.905 -2.15061 2.15061
25.906 -2.15062 2.15062
25.907 -2.15063 2.15064
25.908 -2.15066 2.15066
25.909 -2.15069 2.15069
25.91 -2.15073 2.15073
25.911 -2.15077 2.15078
25.912 -2.15082 2.15083
25.913 -2.15088 2.15088
25.914 -2.15094 2.15095
25.915 -2.15101 2.15102
25.916 -2.15109 2.15109
25.917 -2.15117 2.15118
25.918 -2.15126 2.15126
25.919 -2.15135 2.15136
25.92 -2.15145 2.15146
25.921 -2.15156 2.15156
25.922 -2.15168 2.15169
25.923 -2.15182 2.15183
25.924 -2.152 2.152
25.925 -2.15221 2.15222
25.926 -2.15247 2.15248
25.927 -2.15279 2.1528
25.928 -2.15317 2.15318
25.929 -2.15362 2.15363
25.93 -2.15416 2.15417
25.931 -2.15478 2.1548
25.932 -2.15551 2.15552
25.933 -2.15634 2.15635
25.934 -2.15728 2.1573
25.935 -2.15835 2.15837
25.936 -2.15954 2.15956
25.937 -2.16088 2.1609
25.938 -2.16236 2.16238
25.939 -2.16399 2.16401
25.94 -2.16578 2.16581
25.941 -2.16775 2.16777
25.942 -2.16987 2.16991
25.943 -2.17217 2.1722
25.944 -2.17463 2.17467
25.945 -2.17728 2.17728
25.946 -2.18007 2.18007
25.947 -2.18302 2.18302
25.948 -2.18613 2.18613
25.949 -2.1894 2.1894
25.95 -2.19282 2.19282
25.951 -2.1964 2.1964
25.952 -2.20012 2.20012
25.953 -2.20397 2.20397
25.954 -2.20795 2.20795
25.955 -2.21204 2.21204
25.956 -2.21623 2.21623
25.957 -2.22051 2.22051
25.958 -2.22488 2.22488
25.959 -2.22931 2.22931
25.96 -2.2338 2.2338
25.961 -2.23833 2.23833
25.962 -2.2429 2.2429
25.963 -2.24747 2.24747
25.964 -2.25203 2.25203
25.965 -2.25656 2.25656
25.966 -2.26104 2.26104
25.967 -2.26546 2.26546
25.968 -2.26978 2.26978
25.969 -2.274 2.274
25.97 -2.27809 2.27809
25.971 -2.28204 2.28204
25.972 -2.28583 2.28583
25.973 -2.28945 2.28945
25.974 -2.2929 2.2929
25.975 -2.29616 2.29616
25.976 -2.29923 2.29923
25.977 -2.30209 2.30209
25.978 -2.30473 2.30473
25.979 -2.30713 2.30716
25.98 -2.30931 2.30934
25.981 -2.31125 2.31128
25.982 -2.31295 2.31297
25.983 -2.3144 2.31442
25.984 -2.3156 2.31562
25.985 -2.31656 2.31657
25.986 -2.31727 2.31728
25.987 -2.31773 2.31774
25.988 -2.31794 2.31795
25.989 -2.31791 2.31792
25.99 -2.31763 2.31764
25.991 -2.31711 2.31711
25.992 -2.31635 2.31635
25.993 -2.31537 2.31536
25.994 -2.31416 2.31415
25.995 -2.31275 2.31273
25.996 -2.31113 2.31112
25.997 -2.30932 2.30931
25.998 -2.30734 2.30732
25.999 -2.30518 2.30516
26 -2.30286 2.30284
26.001 -2.30039 2.30037
26.002 -2.29779 2.29776
26.003 -2.29507 2.29504
26.004 -2.29226 2.29223
26.005 -2.28937 2.28934
26.006 -2.28641 2.28639
26.007 -2.28342 2.28339
26.008 -2.28041 2.28038
26.009 -2.2774 2.27737
26.01 -2.27439 2.27436
26.011 -2.27142 2.2714
26.012 -2.2685 2.26847
26.013 -2.26563 2.2656
26.014 -2.26282 2.26279
26.015 -2.26008 2.26005
26.016 -2.25742 2.2574
26.017 -2.25486 2.25483
26.018 -2.2524 2.25237
26.019 -2.25005 2.25002
26.02 -2.24782 2.24779
26.021 -2.24571 2.24569
26.022 -2.24374 2.24372
26.023 -2.2419 2.24188
26.024 -2.24019 2.24017
26.025 -2.23861 2.23859
26.026 -2.23716 2.23715
26.027 -2.23584 2.23583
26.028 -2.23466 2.23465
26.029 -2.23361 2.2336
26.03 -2.23269 2.23269
26.031 -2.23191 2.2319
26.032 -2.23125 2.23124
26.033 -2.2307 2.2307
26.034 -2.23026 2.23026
26.035 -2.22992 2.22992
26.036 -2.22967 2.22967
26.037 -2.2295 2.2295
26.038 -2.2294 2.2294
26.039 -2.22936 2.22937
26.04 -2.22938 2.22939
26.041 -2.22945 2.22945
26.042 -2.22955 2.22956
26.043 -2.22971 2.22972
26.044 -2.22991 2.22992
26.045 -2.23015 2.23016
26.046 -2.23044 2.23045
26.047 -2.23077 2.23078
26.048 -2.23114 2.23115
26.049 -2.23156 2.23157
26.05 -2.23201 2.23203
26.051 -2.23251 2.23252
26.052 -2.23304 2.23305
26.053 -2.2336 2.23361
26.054 -2.23417 2.23418
26.055 -2.23474 2.23476
26.056 -2.23531 2.23533
26.057 -2.23588 2.23589
26.058 -2.23641 2.23643
26.059 -2.23692 2.23693
26.06 -2.23739 2.2374
26.061 -2.23782 2.23783
26.062 -2.2382 2.23821
26.063 -2.23855 2.23856
26.064 -2.23888 2.23889
26.065 -2.2392 2.23921
26.066 -2.23951 2.23952
26.067 -2.23982 2.23983
26.068 -2.24014 2.24015
26.069 -2.24048 2.24049
26.07 -2.24085 2.24086
26.071 -2.24126 2.24127
26.072 -2.24171 2.24172
26.073 -2.24221 2.24222
26.074 -2.24277 2.24279
26.075 -2.24341 2.24342
26.076 -2.24412 2.24413
26.077 -2.24491 2.24493
26.078 -2.2458 2.24582
26.079 -2.24679 2.24681
26.08 -2.24789 2.24791
26.081 -2.24911 2.24913
26.082 -2.25046 2.25048
26.083 -2.25194 2.25196
26.084 -2.25356 2.25358
26.085 -2.25532 2.25535
26.086 -2.25725 2.25728
26.087 -2.25934 2.25937
26.088 -2.2616 2.26164
26.089 -2.26404 2.26408
26.09 -2.26669 2.26669
26.091 -2.26951 2.26951
26.092 -2.27254 2.27254
26.093 -2.27577 2.27577
26.094 -2.27922 2.27922
26.095 -2.28289 2.28289
26.096 -2.28678 2.28678
26.097 -2.29092 2.29092
26.098 -2.29529 2.29529
26.099 -2.29991 2.29991
26.1 -2.30479 2.30479
26.101 -2.30992 2.30992
26.102 -2.31533 2.31533
26.103 -2.32101 2.32101
26.104 -2.32696 2.32696
26.105 -2.3332 2.3332
26.106 -2.33973 2.33973
26.107 -2.34655 2.34655
26.108 -2.35368 2.35368
26.109 -2.36111 2.36111
26.11 -2.36885 2.36885
26.111 -2.3769 2.3769
26.112 -2.38525 2.38525
26.113 -2.39389 2.39389
26.114 -2.40281 2.40281
26.115 -2.412 2.412
26.116 -2.42143 2.42143
26.117 -2.43111 2.43111
26.118 -2.441 2.441
26.119 -2.45111 2.45111
26.12 -2.46142 2.46142
26.121 -2.4719 2.4719
26.122 -2.48255 2.48255
26.123 -2.49334 2.49334
26.124 -2.50424 2.50424
26.125 -2.51524 2.51524
26.126 -2.52632 2.52632
26.127 -2.53744 2.53744
26.128 -2.54859 2.54859
26.129 -2.55974 2.55974
26.13 -2.57088 2.57088
26.131 -2.58197 2.58197
26.132 -2.59301 2.59301
26.133 -2.60396 2.60396
26.134 -2.6148 2.6148
26.135 -2.62552 2.62552
26.136 -2.63609 2.63609
26.137 -2.64648 2.64648
26.138 -2.65668 2.65668
26.139 -2.66666 2.66666
26.14 -2.67641 2.67641
26.141 -2.6859 2.6859
26.142 -2.69512 2.69512
26.143 -2.70406 2.70406
26.144 -2.7127 2.7127
26.145 -2.72103 2.72103
26.146 -2.72905 2.72905
26.147 -2.73673 2.73673
26.148 -2.74407 2.74407
26.149 -2.75105 2.75105
26.15 -2.75767 2.75767
26.151 -2.76391 2.76391
26.152 -2.76977 2.76977
26.153 -2.77525 2.77525
26.154 -2.78035 2.78035
26.155 -2.78506 2.78506
26.156 -2.78939 2.78939
26.157 -2.79333 2.79333
26.158 -2.79688 2.79688
26.159 -2.80003 2.80003
26.16 -2.8028 2.8028
26.161 -2.80518 2.80518
26.162 -2.80716 2.8072
26.163 -2.80881 2.80884
26.164 -2.81011 2.81014
26.165 -2.81109 2.81111
26.166 -2.81176 2.81178
26.167 -2.81215 2.81216
26.168 -2.81226 2.81227
26.169 -2.81211 2.81212
26.17 -2.81173 2.81174
26.171 -2.81113 2.81114
26.172 -2.81033 2.81033
26.173 -2.80936 2.80933
26.174 -2.80819 2.80819
26.175 -2.80689 2.80689
26.176 -2.80546 2.80546
26.177 -2.80392 2.80391
26.178 -2.80228 2.80228
26.179 -2.80057 2.80056
26.18 -2.7988 2.79879
26.181 -2.79699 2.79698
26.182 -2.79514 2.79513
26.183 -2.79324 2.79323
26.184 -2.79131 2.7913
26.185 -2.78935 2.78933
26.186 -2.78734 2.78733
26.187 -2.7853 2.78529
26.188 -2.78322 2.78321
26.189 -2.78111 2.7811
26.19 -2.77897 2.77895
26.191 -2.77679 2.77677
26.192 -2.77457 2.77455
26.193 -2.77229 2.77228
26.194 -2.76997 2.76995
26.195 -2.76757 2.76756
26.196 -2.76511 2.76509
26.197 -2.76256 2.76254
26.198 -2.75993 2.75991
26.199 -2.7572 2.75717
26.2 -2.75436 2.75434
26.201 -2.75142 2.75139
26.202 -2.74836 2.74834
26.203 -2.7452 2.74517
26.204 -2.74193 2.7419
26.205 -2.73856 2.73853
26.206 -2.73508 2.73504
26.207 -2.73149 2.73146
26.208 -2.7278 2.72777
26.209 -2.72402 2.72398
26.21 -2.72013 2.72009
26.211 -2.71613 2.71613
26.212 -2.71205 2.71205
26.213 -2.70787 2.70787
26.214 -2.7036 2.7036
26.215 -2.69925 2.69925
26.216 -2.6948 2.6948
26.217 -2.69027 2.69027
26.218 -2.68564 2.68564
26.219 -2.68094 2.68094
26.22 -2.67616 2.67616
26.221 -2.67129 2.67129
26.222 -2.66636 2.66636
26.223 -2.66137 2.66137
26.224 -2.65633 2.65633
26.225 -2.65125 2.65125
26.226 -2.64615 2.64615
26.227 -2.64103 2.64103
26.228 -2.6359 2.6359
26.229 -2.63078 2.63078
26.23 -2.62568 2.62568
26.231 -2.6206 2.6206
26.232 -2.61556 2.61556
26.233 -2.61057 2.61057
26.234 -2.60564 2.60564
26.235 -2.60077 2.60077
26.236 -2.59598 2.59598
26.237 -2.59129 2.59129
26.238 -2.58669 2.58669
26.239 -2.5822 2.5822
26.24 -2.57784 2.57784
26.241 -2.5736 2.5736
26.242 -2.5695 2.5695
26.243 -2.56556 2.56556
26.244 -2.56178 2.56178
26.245 -2.55818 2.55814
26.246 -2.55474 2.55471
26.247 -2.5515 2.55147
26.248 -2.54845 2.54842
26.249 -2.54561 2.54559
26.25 -2.543 2.54297
26.251 -2.5406 2.54058
26.252 -2.53842 2.53841
26.253 -2.53646 2.53645
26.254 -2.5347 2.53469
26.255 -2.53313 2.53312
26.256 -2.53175 2.53174
26.257 -2.53054 2.53054
26.258 -2.52951 2.5295
26.259 -2.52863 2.52863
26.26 -2.52792 2.52789
26.261 -2.52733 2.52733
26.262 -2.52688 2.52688
26.263 -2.52655 2.52656
26.264 -2.52634 2.52635
26.265 -2.52624 2.52625
26.266 -2.52624 2.52625
26.267 -2.52633 2.52634
26.268 -2.52649 2.5265
26.269 -2.52673 2.52674
26.27 -2.52702 2.52704
26.271 -2.52737 2.52738
26.272 -2.52774 2.52775
26.273 -2.52811 2.52813
26.274 -2.52846 2.52847
26.275 -2.52875 2.52876
26.276 -2.52896 2.52897
26.277 -2.52907 2.52908
26.278 -2.52904 2.52905
26.279 -2.52886 2.52886
26.28 -2.52849 2.52849
26.281 -2.52792 2.52792
26.282 -2.52712 2.52712
26.283 -2.52611 2.5261
26.284 -2.52485 2.52485
26.285 -2.52336 2.52335
26.286 -2.52161 2.5216
26.287 -2.51961 2.51959
26.288 -2.51734 2.51732
26.289 -2.51479 2.51477
26.29 -2.51197 2.51194
26.291 -2.50886 2.50883
26.292 -2.50546 2.50543
26.293 -2.50178 2.50174
26.294 -2.49779 2.49779
26.295 -2.49354 2.49354
26.296 -2.48901 2.48901
26.297 -2.48421 2.48421
26.298 -2.47913 2.47913
26.299 -2.47377 2.47377
26.3 -2.46815 2.46815
26.301 -2.46225 2.46225
26.302 -2.4561 2.4561
26.303 -2.44968 2.44968
26.304 -2.443 2.443
26.305 -2.43606 2.43606
26.306 -2.42888 2.42888
26.307 -2.42144 2.42144
26.308 -2.41375 2.41375
26.309 -2.40582 2.40582
26.31 -2.39765 2.39765
26.311 -2.38925 2.38925
26.312 -2.38062 2.38062
26.313 -2.37178 2.37178
26.314 -2.36274 2.36274
26.315 -2.35351 2.35351
26.316 -2.34411 2.34411
26.317 -2.33455 2.33455
26.318 -2.32484 2.32484
26.319 -2.315 2.315
26.32 -2.30503 2.30503
26.321 -2.29494 2.29494
26.322 -2.28474 2.28474
26.323 -2.27443 2.27443
26.324 -2.26399 2.26399
26.325 -2.25342 2.25342
26.326 -2.24272 2.24272
26.327 -2.23188 2.23188
26.328 -2.2209 2.2209
26.329 -2.20978 2.20978
26.33 -2.1985 2.1985
26.331 -2.18708 2.18708
26.332 -2.1755 2.1755
26.333 -2.16375 2.16375
26.334 -2.15185 2.15185
26.335 -2.13977 2.13977
26.336 -2.12753 2.12753
26.337 -2.1151 2.1151
26.338 -2.1025 2.1025
26.339 -2.08972 2.08972
26.34 -2.07675 2.07675
26.341 -2.0636 2.0636
26.342 -2.05025 2.05025
26.343 -2.03671 2.03671
26.344 -2.02296 2.02296
26.345 -2.00902 2.00902
26.346 -1.99488 1.99488
26.347 -1.98052 1.98052
26.348 -1.96596 1.96596
26.349 -1.95119 1.95119
26.35 -1.9362 1.9362
26.351 -1.921 1.921
26.352 -1.90558 1.90558
26.353 -1.88993 1.88993
26.354 -1.87407 1.87407
26.355 -1.85798 1.85798
26.356 -1.84166 1.84166
26.357 -1.82511 1.82511
26.358 -1.80834 1.80834
26.359 -1.79133 1.79133
26.36 -1.77408 1.77408
26.361 -1.75661 1.75661
26.362 -1.7389 1.7389
26.363 -1.72098 1.72098
26.364 -1.70284 1.70284
26.365 -1.6845 1.6845
26.366 -1.66596 1.66596
26.367 -1.64723 1.64723
26.368 -1.62832 1.62832
26.369 -1.60924 1.60924
26.37 -1.58999 1.58999
26.371 -1.57058 1.57058
26.372 -1.55102 1.55102
26.373 -1.53132 1.53132
26.374 -1.51148 1.51148
26.375 -1.49152 1.49152
26.376 -1.47145 1.47145
26.377 -1.45126 1.45126
26.378 -1.43097 1.43097
26.379 -1.4106 1.4106
26.38 -1.39013 1.39013
26.381 -1.3696 1.3696
26.382 -1.349 1.349
26.383 -1.32837 1.32837
26.384 -1.30771 1.30771
26.385 -1.28705 1.28705
26.386 -1.2664 1.2664
26.387 -1.24577 1.24577
26.388 -1.22519 1.22519
26.389 -1.20468 1.20468
26.39 -1.18424 1.18424
26.391 -1.16389 1.16389
26.392 -1.14365 1.14365
26.393 -1.12353 1.12353
26.394 -1.10352 1.10352
26.395 -1.08364 1.08364
26.396 -1.0639 1.0639
26.397 -1.04431 1.04431
26.398 -1.02487 1.02487
26.399 -1.00559 1.00559
26.4 -0.986481 0.986481
26.401 -0.967546 0.967546
26.402 -0.948786 0.948786
26.403 -0.930201 0.930201
26.404 -0.911789 0.911789
26.405 -0.893549 0.893549
26.406 -0.87548 0.87548
26.407 -0.85758 0.85758
26.408 -0.839849 0.839849
26.409 -0.822285 0.822285
26.41 -0.804886 0.804886
26.411 -0.78765 0.78765
26.412 -0.770577 0.770577
26.413 -0.753663 0.753663
26.414 -0.736908 0.736908
26.415 -0.720309 0.720309
26.416 -0.703864 0.703864
26.417 -0.687572 0.687572
26.418 -0.67143 0.67143
26.419 -0.655436 0.655436
26.42 -0.639589 0.639589
26.421 -0.623885 0.623885
26.422 -0.608323 0.608323
26.423 -0.592901 0.592901
26.424 -0.577616 0.577616
26.425 -0.562465 0.562465
26.426 -0.547446 0.547446
26.427 -0.532556 0.532556
26.428 -0.517793 0.517793
26.429 -0.503154 0.503154
26.43 -0.488637 0.488637
26.431 -0.474236 0.474236
26.432 -0.459942 0.459942
26.433 -0.445743 0.445743
26.434 -0.431629 0.431629
26.435 -0.417588 0.417588
26.436 -0.403608 0.403608
26.437 -0.389677 0.389677
26.438 -0.375784 0.375784
26.439 -0.361916 0.361916
26.44 -0.348063 0.348063
26.441 -0.334213 0.334213
26.442 -0.320353 0.320353
26.443 -0.306473 0.306473
26.444 -0.29256 0.29256
26.445 -0.278604 0.278604
26.446 -0.264592 0.264592
26.447 -0.250514 0.250514
26.448 -0.236358 0.236358
26.449 -0.222111 0.222111
26.45 -0.207764 0.207764
26.451 -0.193308 0.193308
26.452 -0.178746 0.178746
26.453 -0.164083 0.164083
26.454 -0.149325 0.149325
26.455 -0.13448 0.13448
26.456 -0.119553 0.119553
26.457 -0.104551 0.104551
26.458 -0.0894791 0.0894791
26.459 -0.074345 0.074345
26.46 -0.0591546 0.0591546
26.461 -0.0439142 0.0439142
26.462 -0.0286302 0.0286302
26.463 -0.013309 0.013309
26.464 0.00204305 -0.00204305
26.465 0.0174196 -0.0174196
26.466 0.0328141 -0.0328141
26.467 0.0482202 -0.0482202
26.468 0.0636312 -0.0636312
26.469 0.0790408 -0.0790408
26.47 0.0944423 -0.0944423
26.471 0.109829 -0.109829
26.472 0.125195 -0.125195
26.473 0.140534 -0.140534
26.474 0.155839 -0.155839
26.475 0.171104 -0.171104
26.476 0.186323 -0.186323
26.477 0.201489 -0.201489
26.478 0.216596 -0.216596
26.479 0.231638 -0.231638
26.48 0.246608 -0.246608
26.481 0.261498 -0.261498
26.482 0.276295 -0.276295
26.483 0.290984 -0.290984
26.484 0.305551 -0.305551
26.485 0.31998 -0.31998
26.486 0.334258 -0.334258
26.487 0.348369 -0.348369
26.488 0.362299 -0.362299
26.489 0.376033 -0.376033
26.49 0.389558 -0.389558
26.491 0.402861 -0.402861
26.492 0.415935 -0.415935
26.493 0.428774 -0.428774
26.494 0.441372 -0.441372
26.495 0.453726 -0.453726
26.496 0.465829 -0.465829
26.497 0.477677 -0.477677
26.498 0.489264 -0.489264
26.499 0.500587 -0.500587
26.5 0.511641 -0.511641
26.501 0.522423 -0.522423
26.502 0.532936 -0.532936
26.503 0.543184 -0.543184
26.504 0.553173 -0.553173
26.505 0.562905 -0.562905
26.506 0.572387 -0.572387
26.507 0.581622 -0.581622
26.508 0.590616 -0.590616
26.509 0.599375 -0.599375
26.51 0.607903 -0.607903
26.511 0.616207 -0.616207
26.512 0.6243 -0.6243
26.513 0.632196 -0.632196
26.514 0.639909 -0.639909
26.515 0.647454 -0.647454
26.516 0.654845 -0.654845
26.517 0.662096 -0.662096
26.518 0.669221 -0.669221
26.519 0.676235 -0.676235
26.52 0.683153 -0.683153
26.521 0.689987 -0.689987
26.522 0.696745 -0.696745
26.523 0.703433 -0.703433
26.524 0.710056 -0.710056
26.525 0.716622 -0.716622
26.526 0.723136 -0.723136
26.527 0.729604 -0.729604
26.528 0.736032 -0.736032
26.529 0.742426 -0.742426
26.53 0.748792 -0.748792
26.531 0.755134 -0.755134
26.532 0.761452 -0.761452
26.533 0.767742 -0.767742
26.534 0.774002 -0.774002
26.535 0.780229 -0.780229
26.536 0.786422 -0.786422
26.537 0.792577 -0.792577
26.538 0.798691 -0.798691
26.539 0.804764 -0.804764
26.54 0.810791 -0.810791
26.541 0.81677 -0.81677
26.542 0.822699 -0.822699
26.543 0.828576 -0.828576
26.544 0.834397 -0.834397
26.545 0.840161 -0.840161
26.546 0.845865 -0.845865
26.547 0.851506 -0.851506
26.548 0.857082 -0.857082
26.549 0.862592 -0.862592
26.55 0.868033 -0.868033
26.551 0.873402 -0.873402
26.552 0.878698 -0.878698
26.553 0.883918 -0.883918
26.554 0.88906 -0.88906
26.555 0.894122 -0.894122
26.556 0.899102 -0.899102
26.557 0.903998 -0.903998
26.558 0.908808 -0.908808
26.559 0.913529 -0.913529
26.56 0.91816 -0.91816
26.561 0.922699 -0.922699
26.562 0.927144 -0.927144
26.563 0.931494 -0.931494
26.564 0.935747 -0.935747
26.565 0.939901 -0.939901
26.566 0.943954 -0.943954
26.567 0.947905 -0.947905
26.568 0.951752 -0.951752
26.569 0.955493 -0.955493
26.57 0.959127 -0.959127
26.571 0.962654 -0.962654
26.572 0.966081 -0.966081
26.573 0.969413 -0.969413
26.574 0.972659 -0.972659
26.575 0.975827 -0.975827
26.576 0.978922 -0.978922
26.577 0.981954 -0.981954
26.578 0.984929 -0.984929
26.579 0.987837 -0.987873
26.58 0.990721 -0.990757
26.581 0.993573 -0.993608
26.582 0.996407 -0.996442
26.583 0.999239 -0.999274
26.584 1.00209 -1.00212
26.585 1.00496 -1.005
26.586 1.00789 -1.00792
26.587 1.01089 -1.01089
26.588 1.01396 -1.01396
26.589 1.01712 -1.01712
26.59 1.02039 -1.02039
26.591 1.02379 -1.02379
26.592 1.02733 -1.02733
26.593 1.03104 -1.03104
26.594 1.03491 -1.03491
26.595 1.03898 -1.03898
26.596 1.04325 -1.04325
26.597 1.04774 -1.04774
26.598 1.05247 -1.05247
26.599 1.05745 -1.05745
26.6 1.0627 -1.0627
26.601 1.06823 -1.06823
26.602 1.07406 -1.07406
26.603 1.08023 -1.08023
26.604 1.08675 -1.08675
26.605 1.09364 -1.09364
26.606 1.10093 -1.10093
26.607 1.10864 -1.10864
26.608 1.11679 -1.11679
26.609 1.12541 -1.12541
26.61 1.13452 -1.13452
26.611 1.14413 -1.14413
26.612 1.15426 -1.15426
26.613 1.1649 -1.1649
26.614 1.17606 -1.17606
26.615 1.18775 -1.18775
26.616 1.19997 -1.19997
26.617 1.21272 -1.21272
26.618 1.226 -1.226
26.619 1.23982 -1.23982
26.62 1.25418 -1.25418
26.621 1.26908 -1.26908
26.622 1.28453 -1.28453
26.623 1.30051 -1.30051
26.624 1.31705 -1.31705
26.625 1.33413 -1.33413
26.626 1.35176 -1.35176
26.627 1.36994 -1.36994
26.628 1.38867 -1.38867
26.629 1.40795 -1.40795
26.63 1.42778 -1.42778
26.631 1.44816 -1.44816
26.632 1.46907 -1.46907
26.633 1.49052 -1.49052
26.634 1.51249 -1.51249
26.635 1.53497 -1.53497
26.636 1.55795 -1.55795
26.637 1.58142 -1.58142
26.638 1.60538 -1.60538
26.639 1.6298 -1.6298
26.64 1.65468 -1.65468
26.641 1.68 -1.68
26.642 1.70577 -1.70577
26.643 1.73195 -1.73195
26.644 1.75855 -1.75855
26.645 1.78555 -1.78555
26.646 1.81294 -1.81294
26.647 1.8407 -1.8407
26.648 1.86883 -1.86883
26.649 1.89731 -1.89731
26.65 1.92612 -1.92612
26.651 1.95527 -1.95527
26.652 1.98473 -1.98473
26.653 2.01452 -2.01452
26.654 2.04461 -2.04461
26.655 2.07501 -2.07501
26.656 2.10571 -2.10571
26.657 2.13671 -2.13671
26.658 2.168 -2.168
26.659 2.19957 -2.19957
26.66 2.23143 -2.23143
26.661 2.26357 -2.26357
26.662 2.29598 -2.29598
26.663 2.32867 -2.32867
26.664 2.36165 -2.36165
26.665 2.39491 -2.39491
26.666 2.42846 -2.42846
26.667 2.46229 -2.46229
26.668 2.49643 -2.49643
26.669 2.53085 -2.53085
26.67 2.56557 -2.56557
26.671 2.60058 -2.60058
26.672 2.63589 -2.63589
26.673 2.67147 -2.67147
26.674 2.70733 -2.70733
26.675 2.74346 -2.74346
26.676 2.77985 -2.77985
26.677 2.81648 -2.81648
26.678 2.85336 -2.85336
26.679 2.89048 -2.89048
26.68 2.92782 -2.92782
26.681 2.96537 -2.96537
26.682 3.00313 -3.00313
26.683 3.0411 -3.0411
26.684 3.07925 -3.07925
26.685 3.11759 -3.11759
26.686 3.1561 -3.1561
26.687 3.19477 -3.19477
26.688 3.23359 -3.23359
26.689 3.27257 -3.27257
26.69 3.31167 -3.31167
26.691 3.3509 -3.3509
26.692 3.39024 -3.39024
26.693 3.42967 -3.42967
26.694 3.46916 -3.46916
26.695 3.50871 -3.50871
26.696 3.5483 -3.5483
26.697 3.58789 -3.58789
26.698 3.62749 -3.62749
26.699 3.66707 -3.66707
26.7 3.7066 -3.7066
26.701 3.74608 -3.74608
26.702 3.78546 -3.78546
26.703 3.82471 -3.82471
26.704 3.8638 -3.8638
26.705 3.90268 -3.90268
26.706 3.94133 -3.94133
26.707 3.97971 -3.97971
26.708 4.01779 -4.01779
26.709 4.05553 -4.05553
26.71 4.09289 -4.09289
26.711 4.12985 -4.12985
26.712 4.16635 -4.16635
26.713 4.20237 -4.20237
26.714 4.23785 -4.23785
26.715 4.27275 -4.27275
26.716 4.30704 -4.30704
26.717 4.34067 -4.34067
26.718 4.3736 -4.3736
26.719 4.4058 -4.4058
26.72 4.43722 -4.43722
26.721 4.46782 -4.46782
26.722 4.49757 -4.49757
26.723 4.52643 -4.52643
26.724 4.55437 -4.55437
26.725 4.58134 -4.58134
26.726 4.60731 -4.60731
26.727 4.63224 -4.63224
26.728 4.6561 -4.6561
26.729 4.67886 -4.67886
26.73 4.70048 -4.70048
26.731 4.72093 -4.72093
26.732 4.74018 -4.74018
26.733 4.75822 -4.75822
26.734 4.77502 -4.77502
26.735 4.79055 -4.79055
26.736 4.8048 -4.8048
26.737 4.81775 -4.81775
26.738 4.82938 -4.82938
26.739 4.83967 -4.83967
26.74 4.8486 -4.8486
26.741 4.85615 -4.85615
26.742 4.86231 -4.86231
26.743 4.86709 -4.86709
26.744 4.87046 -4.87046
26.745 4.87243 -4.87243
26.746 4.87298 -4.87298
26.747 4.87212 -4.87212
26.748 4.86982 -4.86985
26.749 4.86612 -4.86613
26.75 4.86098 -4.86098
26.751 4.85443 -4.8544
26.752 4.84642 -4.84642
26.753 4.83701 -4.83701
26.754 4.82618 -4.82618
26.755 4.81396 -4.81396
26.756 4.80034 -4.80034
26.757 4.78533 -4.78533
26.758 4.76896 -4.76896
26.759 4.75121 -4.75121
26.76 4.73212 -4.73212
26.761 4.71167 -4.71167
26.762 4.6899 -4.6899
26.763 4.66681 -4.66681
26.764 4.64241 -4.64241
26.765 4.61672 -4.61672
26.766 4.58975 -4.58975
26.767 4.56151 -4.56151
26.768 4.53202 -4.53202
26.769 4.50128 -4.50128
26.77 4.46933 -4.46933
26.771 4.43616 -4.43616
26.772 4.4018 -4.4018
26.773 4.36623 -4.36623
26.774 4.32949 -4.32949
26.775 4.29156 -4.29156
26.776 4.25246 -4.25246
26.777 4.2122 -4.2122
26.778 4.17079 -4.17079
26.779 4.12824 -4.12824
26.78 4.08455 -4.08455
26.781 4.03974 -4.03974
26.782 3.99382 -3.99382
26.783 3.9468 -3.9468
26.784 3.89869 -3.89869
26.785 3.84949 -3.84949
26.786 3.79924 -3.79924
26.787 3.74792 -3.74792
26.788 3.69557 -3.69557
26.789 3.64218 -3.64218
26.79 3.58778 -3.58778
26.791 3.53237 -3.53237
26.792 3.47597 -3.47597
26.793 3.41857 -3.41857
26.794 3.36019 -3.36019
26.795 3.30082 -3.30082
26.796 3.24048 -3.24048
26.797 3.17917 -3.17917
26.798 3.1169 -3.1169
26.799 3.05368 -3.05368
26.8 2.98951 -2.98951
26.801 2.9244 -2.9244
26.802 2.85839 -2.85839
26.803 2.79148 -2.79148
26.804 2.72371 -2.72371
26.805 2.65511 -2.65511
26.806 2.58571 -2.58571
26.807 2.51552 -2.51552
26.808 2.44457 -2.44457
26.809 2.37291 -2.37291
26.81 2.30054 -2.30054
26.811 2.2275 -2.2275
26.812 2.15382 -2.15382
26.813 2.07953 -2.07953
26.814 2.00465 -2.00465
26.815 1.92922 -1.92922
26.816 1.85326 -1.85326
26.817 1.7768 -1.7768
26.818 1.69988 -1.69988
26.819 1.62251 -1.62251
26.82 1.54474 -1.54474
26.821 1.4666 -1.4666
26.822 1.38813 -1.38813
26.823 1.30938 -1.30938
26.824 1.23039 -1.23039
26.825 1.15122 -1.15122
26.826 1.07191 -1.07191
26.827 0.992521 -0.992521
26.828 0.913089 -0.913089
26.829 0.833668 -0.833668
26.83 0.754307 -0.754307
26.831 0.675052 -0.675052
26.832 0.595946 -0.595946
26.833 0.517029 -0.517029
26.834 0.438343 -0.438343
26.835 0.359927 -0.359927
26.836 0.281822 -0.281822
26.837 0.204068 -0.204068
26.838 0.126706 -0.126706
26.839 0.0497763 -0.0497763
26.84 -0.0266812 0.0266812
26.841 -0.102624 0.102624
26.842 -0.178005 0.178005
26.843 -0.252775 0.252775
26.844 -0.326886 0.326886
26.845 -0.400289 0.400289
26.846 -0.472936 0.472936
26.847 -0.544779 0.544779
26.848 -0.61577 0.61577
26.849 -0.685863 0.685863
26.85 -0.755009 0.755009
26.851 -0.823167 0.823167
26.852 -0.890304 0.890304
26.853 -0.956391 0.956391
26.854 -1.0214 1.0214
26.855 -1.0853 1.0853
26.856 -1.14807 1.14807
26.857 -1.20969 1.20969
26.858 -1.27011 1.27011
26.859 -1.32933 1.32933
26.86 -1.38731 1.38731
26.861 -1.44403 1.44403
26.862 -1.49947 1.49947
26.863 -1.5536 1.5536
26.864 -1.6064 1.6064
26.865 -1.65785 1.65785
26.866 -1.70792 1.70792
26.867 -1.75661 1.75661
26.868 -1.80388 1.80388
26.869 -1.84971 1.84971
26.87 -1.8941 1.8941
26.871 -1.93701 1.93701
26.872 -1.97846 1.97846
26.873 -2.01845 2.01845
26.874 -2.05696 2.05696
26.875 -2.09401 2.09401
26.876 -2.12959 2.12959
26.877 -2.16372 2.16372
26.878 -2.1964 2.1964
26.879 -2.22762 2.22762
26.88 -2.2574 2.2574
26.881 -2.28574 2.28574
26.882 -2.31266 2.31266
26.883 -2.33814 2.33814
26.884 -2.36222 2.36222
26.885 -2.38488 2.38488
26.886 -2.40615 2.40615
26.887 -2.42603 2.42603
26.888 -2.44454 2.44454
26.889 -2.46168 2.46168
26.89 -2.47747 2.47747
26.891 -2.49191 2.49191
26.892 -2.50502 2.50502
26.893 -2.51679 2.51679
26.894 -2.52724 2.52724
26.895 -2.53637 2.53637
26.896 -2.54419 2.54419
26.897 -2.55069 2.55069
26.898 -2.5559 2.5559
26.899 -2.55982 2.55982
26.9 -2.56246 2.56246
26.901 -2.56381 2.56384
26.902 -2.56392 2.56393
26.903 -2.56278 2.56277
26.904 -2.56039 2.56037
26.905 -2.55678 2.55674
26.906 -2.55192 2.55192
26.907 -2.54587 2.54587
26.908 -2.53863 2.53863
26.909 -2.53021 2.53021
26.91 -2.52062 2.52062
26.911 -2.50988 2.50988
26.912 -2.49801 2.49801
26.913 -2.48501 2.48501
26.914 -2.4709 2.4709
26.915 -2.4557 2.4557
26.916 -2.43943 2.43943
26.917 -2.4221 2.4221
26.918 -2.40373 2.40373
26.919 -2.38434 2.38434
26.92 -2.36394 2.36394
26.921 -2.34256 2.34256
26.922 -2.32022 2.32022
26.923 -2.29697 2.29697
26.924 -2.27285 2.27285
26.925 -2.24788 2.24788
26.926 -2.2221 2.2221
26.927 -2.19556 2.19556
26.928 -2.16829 2.16829
26.929 -2.14033 2.14033
26.93 -2.11172 2.11172
26.931 -2.08249 2.08249
26.932 -2.05269 2.05269
26.933 -2.02235 2.02235
26.934 -1.9915 1.9915
26.935 -1.9602 1.9602
26.936 -1.92848 1.92848
26.937 -1.89638 1.89638
26.938 -1.86394 1.86394
26.939 -1.83119 1.83119
26.94 -1.79818 1.79818
26.941 -1.76496 1.76496
26.942 -1.73155 1.73155
26.943 -1.69802 1.69802
26.944 -1.66441 1.66441
26.945 -1.63078 1.63078
26.946 -1.59716 1.59716
26.947 -1.56361 1.56361
26.948 -1.53017 1.53017
26.949 -1.4969 1.4969
26.95 -1.46384 1.46384
26.951 -1.43104 1.43104
26.952 -1.39854 1.39854
26.953 -1.36638 1.36638
26.954 -1.33459 1.33459
26.955 -1.30322 1.30322
26.956 -1.2723 1.2723
26.957 -1.24188 1.24188
26.958 -1.21199 1.21199
26.959 -1.18266 1.18266
26.96 -1.15394 1.15394
26.961 -1.12587 1.12587
26.962 -1.09847 1.09847
26.963 -1.0718 1.0718
26.964 -1.04588 1.04588
26.965 -1.02074 1.02074
26.966 -0.996438 0.996438
26.967 -0.972994 0.972994
26.968 -0.950445 0.950445
26.969 -0.928828 0.928828
26.97 -0.908177 0.908177
26.971 -0.888525 0.888525
26.972 -0.869906 0.869906
26.973 -0.852354 0.852354
26.974 -0.8359 0.8359
26.975 -0.820578 0.820578
26.976 -0.806418 0.806418
26.977 -0.793452 0.793452
26.978 -0.78171 0.78171
26.979 -0.771222 0.771222
26.98 -0.762018 0.762018
26.981 -0.754123 0.754123
26.982 -0.747552 0.747552
26.983 -0.742316 0.742316
26.984 -0.738424 0.738424
26.985 -0.735902 0.735872
26.986 -0.734719 0.734705
26.987 -0.734907 0.73491
26.988 -0.736475 0.736494
26.989 -0.739427 0.739463
26.99 -0.743799 0.743799
26.991 -0.749546 0.749546
26.992 -0.756679 0.756679
26.993 -0.765186 0.765186
26.994 -0.775052 0.775052
26.995 -0.786265 0.786265
26.996 -0.79881 0.79881
26.997 -0.812672 0.812672
26.998 -0.827836 0.827836
26.999 -0.844285 0.844285
27 -0.862003 0.862003
27.001 -0.880973 0.880973
27.002 -0.901177 0.901177
27.003 -0.922597 0.922597
27.004 -0.945214 0.945214
27.005 -0.969009 0.969009
27.006 -0.993962 0.993962
27.007 -1.02005 1.02005
27.008 -1.04726 1.04726
27.009 -1.07557 1.07557
27.01 -1.10494 1.10494
27.011 -1.13538 1.13538
27.012 -1.16685 1.16685
27.013 -1.19935 1.19935
27.014 -1.23285 1.23285
27.015 -1.26735 1.26735
27.016 -1.30283 1.30283
27.017 -1.33927 1.33927
27.018 -1.37666 1.37666
27.019 -1.41497 1.41497
27.02 -1.4542 1.4542
27.021 -1.49432 1.49432
27.022 -1.53533 1.53533
27.023 -1.57721 1.57721
27.024 -1.61995 1.61995
27.025 -1.66355 1.66355
27.026 -1.70798 1.70798
27.027 -1.75325 1.75325
27.028 -1.79933 1.79933
27.029 -1.84622 1.84622
27.03 -1.8939 1.8939
27.031 -1.94236 1.94236
27.032 -1.99157 1.99157
27.033 -2.04152 2.04152
27.034 -2.09218 2.09218
27.035 -2.14352 2.14352
27.036 -2.19553 2.19553
27.037 -2.24818 2.24818
27.038 -2.30144 2.30144
27.039 -2.35529 2.35529
27.04 -2.40971 2.40971
27.041 -2.46467 2.46467
27.042 -2.52013 2.52013
27.043 -2.57609 2.57609
27.044 -2.63251 2.63251
27.045 -2.68936 2.68936
27.046 -2.74662 2.74662
27.047 -2.80426 2.80426
27.048 -2.86225 2.86225
27.049 -2.92057 2.92057
27.05 -2.97919 2.97919
27.051 -3.03807 3.03807
27.052 -3.09719 3.09719
27.053 -3.15651 3.15651
27.054 -3.21599 3.21599
27.055 -3.27559 3.27559
27.056 -3.33528 3.33528
27.057 -3.39501 3.39501
27.058 -3.45476 3.45476
27.059 -3.51449 3.51449
27.06 -3.57415 3.57415
27.061 -3.63371 3.63371
27.062 -3.69314 3.69314
27.063 -3.7524 3.7524
27.064 -3.81145 3.81145
27.065 -3.87025 3.87025
27.066 -3.92876 3.92876
27.067 -3.98696 3.98696
27.068 -4.04481 4.04481
27.069 -4.10227 4.10227
27.07 -4.15929 4.15929
27.071 -4.21586 4.21586
27.072 -4.27192 4.27192
27.073 -4.32744 4.32744
27.074 -4.38236 4.38236
27.075 -4.43665 4.43665
27.076 -4.49026 4.49026
27.077 -4.54316 4.54316
27.078 -4.5953 4.5953
27.079 -4.64664 4.64664
27.08 -4.69714 4.69714
27.081 -4.74677 4.74677
27.082 -4.79549 4.79549
27.083 -4.8433 4.8433
27.084 -4.89016 4.89016
27.085 -4.93607 4.93607
27.086 -4.98099 4.98099
27.087 -5.02491 5.02491
27.088 -5.06781 5.06781
27.089 -5.10968 5.10968
27.09 -5.1505 5.1505
27.091 -5.19024 5.19024
27.092 -5.2289 5.2289
27.093 -5.26647 5.26647
27.094 -5.30291 5.30291
27.095 -5.33823 5.33823
27.096 -5.37241 5.37241
27.097 -5.40543 5.40543
27.098 -5.43729 5.43729
27.099 -5.46797 5.46797
27.1 -5.49746 5.49746
27.101 -5.52575 5.52575
27.102 -5.55286 5.55286
27.103 -5.57878 5.57878
27.104 -5.60353 5.60353
27.105 -5.62712 5.62712
27.106 -5.64955 5.64955
27.107 -5.67084 5.67084
27.108 -5.691 5.691
27.109 -5.71004 5.71004
27.11 -5.72797 5.72797
27.111 -5.7448 5.7448
27.112 -5.76054 5.76054
27.113 -5.7752 5.7752
27.114 -5.78877 5.78877
27.115 -5.80127 5.80127
27.116 -5.8127 5.8127
27.117 -5.82307 5.82307
27.118 -5.83238 5.83238
27.119 -5.84065 5.84065
27.12 -5.84788 5.84788
27.121 -5.85407 5.85407
27.122 -5.85925 5.85925
27.123 -5.86341 5.86341
27.124 -5.86657 5.86657
27.125 -5.86873 5.86873
27.126 -5.86991 5.86991
27.127 -5.87012 5.87012
27.128 -5.86937 5.86937
27.129 -5.86767 5.86767
27.13 -5.86503 5.86503
27.131 -5.86147 5.86147
27.132 -5.85701 5.85701
27.133 -5.85164 5.85168
27.134 -5.84544 5.84546
27.135 -5.8384 5.83841
27.136 -5.83054 5.83054
27.137 -5.82189 5.82188
27.138 -5.81246 5.81245
27.139 -5.80229 5.80226
27.14 -5.79139 5.79136
27.141 -5.77976 5.77976
27.142 -5.76745 5.76745
27.143 -5.75445 5.75445
27.144 -5.74077 5.74077
27.145 -5.72641 5.72641
27.146 -5.71138 5.71138
27.147 -5.69569 5.69569
27.148 -5.67935 5.67935
27.149 -5.66235 5.66235
27.15 -5.64472 5.64472
27.151 -5.62645 5.62645
27.152 -5.60756 5.60756
27.153 -5.58805 5.58805
27.154 -5.56794 5.56794
27.155 -5.54723 5.54723
27.156 -5.52592 5.52592
27.157 -5.50405 5.50405
27.158 -5.4816 5.4816
27.159 -5.45859 5.45859
27.16 -5.43503 5.43503
27.161 -5.41092 5.41092
27.162 -5.38628 5.38628
27.163 -5.3611 5.3611
27.164 -5.33538 5.33538
27.165 -5.30913 5.30913
27.166 -5.28234 5.28234
27.167 -5.25503 5.25503
27.168 -5.22719 5.22719
27.169 -5.19882 5.19882
27.17 -5.16994 5.16994
27.171 -5.14054 5.14054
27.172 -5.11064 5.11064
27.173 -5.08026 5.08026
27.174 -5.04943 5.04943
27.175 -5.01816 5.01816
27.176 -4.98648 4.98648
27.177 -4.9544 4.9544
27.178 -4.92196 4.92196
27.179 -4.88916 4.88916
27.18 -4.85603 4.85603
27.181 -4.8226 4.8226
27.182 -4.78889 4.78889
27.183 -4.75493 4.75493
27.184 -4.72075 4.72075
27.185 -4.68639 4.68639
27.186 -4.65187 4.65187
27.187 -4.61722 4.61722
27.188 -4.58248 4.58248
27.189 -4.54766 4.54766
27.19 -4.51281 4.51281
27.191 -4.47795 4.47795
27.192 -4.44311 4.44311
27.193 -4.4083 4.4083
27.194 -4.37355 4.37355
27.195 -4.33887 4.33887
27.196 -4.30429 4.30429
27.197 -4.26983 4.26983
27.198 -4.23551 4.23551
27.199 -4.20136 4.20136
27.2 -4.16738 4.16738
27.201 -4.13361 4.13361
27.202 -4.10007 4.10007
27.203 -4.06679 4.06679
27.204 -4.0338 4.0338
27.205 -4.00112 4.00112
27.206 -3.9688 3.9688
27.207 -3.93684 3.93684
27.208 -3.9053 3.9053
27.209 -3.87418 3.87418
27.21 -3.84352 3.84352
27.211 -3.81335 3.81335
27.212 -3.78367 3.78367
27.213 -3.7545 3.7545
27.214 -3.72584 3.72584
27.215 -3.69772 3.69772
27.216 -3.67012 3.67012
27.217 -3.64308 3.64308
27.218 -3.61658 3.61658
27.219 -3.59065 3.59065
27.22 -3.56529 3.56529
27.221 -3.54051 3.54051
27.222 -3.51632 3.51632
27.223 -3.49272 3.49272
27.224 -3.46972 3.46972
27.225 -3.44734 3.44734
27.226 -3.42557 3.42557
27.227 -3.40443 3.40443
27.228 -3.38392 3.38392
27.229 -3.36404 3.36404
27.23 -3.34482 3.34482
27.231 -3.32623 3.32623
27.232 -3.30829 3.30829
27.233 -3.29097 3.29097
27.234 -3.27427 3.27427
27.235 -3.25818 3.25818
27.236 -3.24267 3.24267
27.237 -3.22774 3.22774
27.238 -3.21337 3.21337
27.239 -3.19956 3.19956
27.24 -3.18628 3.18628
27.241 -3.17354 3.17354
27.242 -3.16131 3.16131
27.243 -3.1496 3.1496
27.244 -3.1384 3.1384
27.245 -3.12771 3.12771
27.246 -3.11751 3.11751
27.247 -3.10781 3.10781
27.248 -3.0986 3.0986
27.249 -3.08987 3.08987
27.25 -3.08161 3.08161
27.251 -3.07382 3.07382
27.252 -3.06651 3.06651
27.253 -3.05967 3.05967
27.254 -3.0533 3.0533
27.255 -3.04741 3.04741
27.256 -3.04199 3.04199
27.257 -3.03706 3.03706
27.258 -3.0326 3.0326
27.259 -3.02864 3.02861
27.26 -3.02514 3.02511
27.261 -3.02212 3.0221
27.262 -3.0196 3.01958
27.263 -3.01757 3.01756
27.264 -3.01605 3.01604
27.265 -3.01504 3.01504
27.266 -3.01455 3.01456
27.267 -3.0146 3.01461
27.268 -3.01518 3.0152
27.269 -3.0163 3.01633
27.27 -3.01798 3.01802
27.271 -3.02024 3.02024
27.272 -3.02305 3.02305
27.273 -3.02642 3.02642
27.274 -3.03038 3.03038
27.275 -3.03491 3.03491
27.276 -3.04004 3.04004
27.277 -3.04576 3.04576
27.278 -3.05207 3.05207
27.279 -3.05899 3.05899
27.28 -3.06652 3.06652
27.281 -3.07466 3.07466
27.282 -3.0834 3.0834
27.283 -3.09275 3.09275
27.284 -3.10269 3.10269
27.285 -3.11322 3.11322
27.286 -3.12434 3.12434
27.287 -3.13603 3.13603
27.288 -3.1483 3.1483
27.289 -3.16113 3.16113
27.29 -3.17452 3.17452
27.291 -3.18846 3.18846
27.292 -3.20293 3.20293
27.293 -3.21793 3.21793
27.294 -3.23342 3.23342
27.295 -3.2494 3.2494
27.296 -3.26585 3.26585
27.297 -3.28276 3.28276
27.298 -3.30009 3.30009
27.299 -3.31785 3.31785
27.3 -3.336 3.336
27.301 -3.35453 3.35453
27.302 -3.37343 3.37343
27.303 -3.39268 3.39268
27.304 -3.41225 3.41225
27.305 -3.43213 3.43213
27.306 -3.4523 3.4523
27.307 -3.47274 3.47274
27.308 -3.49344 3.49344
27.309 -3.51437 3.51437
27.31 -3.53552 3.53552
27.311 -3.55687 3.55687
27.312 -3.57839 3.57839
27.313 -3.60008 3.60008
27.314 -3.6219 3.6219
27.315 -3.64384 3.64384
27.316 -3.66589 3.66589
27.317 -3.68802 3.68802
27.318 -3.71022 3.71022
27.319 -3.73246 3.73246
27.32 -3.75472 3.75472
27.321 -3.77699 3.77699
27.322 -3.79925 3.79925
27.323 -3.82148 3.82148
27.324 -3.84366 3.84366
27.325 -3.86577 3.86577
27.326 -3.88779 3.88779
27.327 -3.9097 3.9097
27.328 -3.93149 3.93149
27.329 -3.95313 3.95313
27.33 -3.97462 3.97462
27.331 -3.99592 3.99592
27.332 -4.01703 4.01703
27.333 -4.03795 4.03795
27.334 -4.05865 4.05865
27.335 -4.07914 4.07914
27.336 -4.0994 4.0994
27.337 -4.11942 4.11942
27.338 -4.13919 4.13919
27.339 -4.15872 4.15872
27.34 -4.17798 4.17798
27.341 -4.19697 4.19697
27.342 -4.21569 4.21569
27.343 -4.23414 4.23414
27.344 -4.25233 4.25233
27.345 -4.27024 4.27024
27.346 -4.28788 4.28788
27.347 -4.30526 4.30526
27.348 -4.32237 4.32237
27.349 -4.33922 4.33922
27.35 -4.35581 4.35581
27.351 -4.37213 4.37213
27.352 -4.38819 4.38819
27.353 -4.40399 4.40399
27.354 -4.41954 4.41954
27.355 -4.43483 4.43483
27.356 -4.44987 4.44987
27.357 -4.46465 4.46465
27.358 -4.47919 4.47919
27.359 -4.49348 4.49348
27.36 -4.50753 4.50753
27.361 -4.52133 4.52133
27.362 -4.53488 4.53488
27.363 -4.54818 4.54818
27.364 -4.56121 4.56121
27.365 -4.57399 4.57399
27.366 -4.58649 4.58649
27.367 -4.59871 4.59871
27.368 -4.61065 4.61065
27.369 -4.6223 4.6223
27.37 -4.63366 4.63366
27.371 -4.64472 4.64472
27.372 -4.65547 4.65547
27.373 -4.66589 4.66589
27.374 -4.67598 4.67598
27.375 -4.68571 4.68571
27.376 -4.69508 4.69508
27.377 -4.70408 4.70408
27.378 -4.71268 4.71268
27.379 -4.72089 4.72089
27.38 -4.72868 4.72868
27.381 -4.73605 4.73605
27.382 -4.74298 4.74298
27.383 -4.74947 4.74947
27.384 -4.75549 4.75549
27.385 -4.76105 4.76105
27.386 -4.76613 4.76613
27.387 -4.77072 4.77072
27.388 -4.7748 4.7748
27.389 -4.77838 4.77838
27.39 -4.78144 4.78144
27.391 -4.78397 4.78397
27.392 -4.78595 4.78595
27.393 -4.78737 4.78737
27.394 -4.78821 4.78821
27.395 -4.78844 4.78844
27.396 -4.78807 4.78807
27.397 -4.78706 4.78706
27.398 -4.78539 4.78542
27.399 -4.78308 4.7831
27.4 -4.78008 4.7801
27.401 -4.77641 4.77642
27.402 -4.77204 4.77204
27.403 -4.76698 4.76698
27.404 -4.76124 4.76123
27.405 -4.75483 4.7548
27.406 -4.74773 4.7477
27.407 -4.73994 4.73994
27.408 -4.7315 4.7315
27.409 -4.7224 4.7224
27.41 -4.71264 4.71264
27.411 -4.70223 4.70223
27.412 -4.69117 4.69117
27.413 -4.67946 4.67946
27.414 -4.66712 4.66712
27.415 -4.65415 4.65415
27.416 -4.64056 4.64056
27.417 -4.62635 4.62635
27.418 -4.61153 4.61153
27.419 -4.5961 4.5961
27.42 -4.58008 4.58008
27.421 -4.56347 4.56347
27.422 -4.54628 4.54628
27.423 -4.52851 4.52851
27.424 -4.51018 4.51018
27.425 -4.49129 4.49129
27.426 -4.47185 4.47185
27.427 -4.45187 4.45187
27.428 -4.43135 4.43135
27.429 -4.41032 4.41032
27.43 -4.38877 4.38877
27.431 -4.36671 4.36671
27.432 -4.34415 4.34415
27.433 -4.32108 4.32108
27.434 -4.29752 4.29752
27.435 -4.27345 4.27345
27.436 -4.24888 4.24888
27.437 -4.22382 4.22382
27.438 -4.19825 4.19825
27.439 -4.1722 4.1722
27.44 -4.14565 4.14565
27.441 -4.11862 4.11862
27.442 -4.09108 4.09108
27.443 -4.06305 4.06305
27.444 -4.03451 4.03451
27.445 -4.00545 4.00545
27.446 -3.97588 3.97588
27.447 -3.94578 3.94578
27.448 -3.91516 3.91516
27.449 -3.884 3.884
27.45 -3.8523 3.8523
27.451 -3.82006 3.82006
27.452 -3.78726 3.78726
27.453 -3.75387 3.75387
27.454 -3.71988 3.71988
27.455 -3.68526 3.68526
27.456 -3.65 3.65
27.457 -3.61407 3.61407
27.458 -3.57745 3.57745
27.459 -3.54013 3.54013
27.46 -3.50208 3.50208
27.461 -3.46329 3.46329
27.462 -3.42375 3.42375
27.463 -3.38344 3.38344
27.464 -3.34236 3.34236
27.465 -3.3005 3.3005
27.466 -3.25785 3.25785
27.467 -3.2144 3.2144
27.468 -3.17015 3.17015
27.469 -3.12508 3.12508
27.47 -3.07918 3.07918
27.471 -3.03246 3.03246
27.472 -2.9849 2.9849
27.473 -2.93649 2.93649
27.474 -2.88724 2.88724
27.475 -2.83713 2.83713
27.476 -2.78616 2.78616
27.477 -2.73432 2.73432
27.478 -2.68161 2.68161
27.479 -2.62803 2.62803
27.48 -2.57356 2.57356
27.481 -2.51821 2.51821
27.482 -2.46197 2.46197
27.483 -2.40484 2.40484
27.484 -2.34682 2.34682
27.485 -2.28789 2.28789
27.486 -2.22807 2.22807
27.487 -2.16734 2.16734
27.488 -2.10571 2.10571
27.489 -2.04318 2.04318
27.49 -1.97974 1.97974
27.491 -1.91539 1.91539
27.492 -1.85015 1.85015
27.493 -1.78401 1.78401
27.494 -1.717 1.717
27.495 -1.64911 1.64911
27.496 -1.58037 1.58037
27.497 -1.51077 1.51077
27.498 -1.44033 1.44033
27.499 -1.36906 1.36906
27.5 -1.29697 1.29697
27.501 -1.22408 1.22408
27.502 -1.15039 1.15039
27.503 -1.07592 1.07592
27.504 -1.00068 1.00068
27.505 -0.92468 0.92468
27.506 -0.847937 0.847937
27.507 -0.770464 0.770464
27.508 -0.692274 0.692274
27.509 -0.613384 0.613384
27.51 -0.533807 0.533807
27.511 -0.453556 0.453556
27.512 -0.372641 0.372641
27.513 -0.291069 0.291069
27.514 -0.208848 0.208848
27.515 -0.125986 0.125986
27.516 -0.0424909 0.0424909
27.517 0.041628 -0.041628
27.518 0.126361 -0.126361
27.519 0.211699 -0.211699
27.52 0.297631 -0.297631
27.521 0.384144 -0.384144
27.522 0.471219 -0.471219
27.523 0.558838 -0.558838
27.524 0.646978 -0.646978
27.525 0.735618 -0.735618
27.526 0.824737 -0.824737
27.527 0.914313 -0.914313
27.528 1.00432 -1.00432
27.529 1.09475 -1.09475
27.53 1.18556 -1.18556
27.531 1.27673 -1.27673
27.532 1.36826 -1.36826
27.533 1.46013 -1.46013
27.534 1.55231 -1.55231
27.535 1.64479 -1.64479
27.536 1.73756 -1.73756
27.537 1.8306 -1.8306
27.538 1.92389 -1.92389
27.539 2.01741 -2.01741
27.54 2.11115 -2.11115
27.541 2.20509 -2.20509
27.542 2.2992 -2.2992
27.543 2.39345 -2.39345
27.544 2.48782 -2.48782
27.545 2.58228 -2.58228
27.546 2.6768 -2.6768
27.547 2.77136 -2.77136
27.548 2.86591 -2.86591
27.549 2.96045 -2.96045
27.55 3.05493 -3.05493
27.551 3.14933 -3.14933
27.552 3.24361 -3.24361
27.553 3.33776 -3.33776
27.554 3.43174 -3.43174
27.555 3.52553 -3.52553
27.556 3.61908 -3.61908
27.557 3.71239 -3.71239
27.558 3.8054 -3.8054
27.559 3.89811 -3.89811
27.56 3.99047 -3.99047
27.561 4.08246 -4.08246
27.562 4.17404 -4.17404
27.563 4.26517 -4.26517
27.564 4.35583 -4.35583
27.565 4.44596 -4.44596
27.566 4.53554 -4.53554
27.567 4.62452 -4.62452
27.568 4.71288 -4.71288
27.569 4.80058 -4.80058
27.57 4.88758 -4.88758
27.571 4.97384 -4.97384
27.572 5.05934 -5.05934
27.573 5.14404 -5.14404
27.574 5.2279 -5.2279
27.575 5.3109 -5.3109
27.576 5.393 -5.393
27.577 5.47417 -5.47417
27.578 5.55438 -5.55438
27.579 5.6336 -5.6336
27.58 5.7118 -5.7118
27.581 5.78895 -5.78895
27.582 5.86503 -5.86503
27.583 5.94003 -5.94003
27.584 6.01392 -6.01392
27.585 6.08668 -6.08668
27.586 6.15831 -6.15831
27.587 6.22878 -6.22878
27.588 6.29808 -6.29808
27.589 6.3662 -6.3662
27.59 6.43312 -6.43312
27.591 6.49882 -6.49882
27.592 6.56329 -6.56329
27.593 6.62651 -6.62651
27.594 6.68847 -6.68847
27.595 6.74913 -6.74913
27.596 6.80848 -6.80848
27.597 6.86651 -6.86651
27.598 6.92321 -6.92321
27.599 6.97855 -6.97855
27.6 7.03252 -7.03252
27.601 7.08512 -7.08512
27.602 7.13633 -7.13633
27.603 7.18616 -7.18616
27.604 7.2346 -7.2346
27.605 7.28165 -7.28165
27.606 7.32732 -7.32732
27.607 7.3716 -7.3716
27.608 7.41449 -7.41449
27.609 7.456 -7.456
27.61 7.49613 -7.49613
27.611 7.53488 -7.53488
27.612 7.57225 -7.57225
27.613 7.60823 -7.60823
27.614 7.64283 -7.64283
27.615 7.67604 -7.67604
27.616 7.70786 -7.70786
27.617 7.73829 -7.73829
27.618 7.76734 -7.76734
27.619 7.79499 -7.79499
27.62 7.82126 -7.82126
27.621 7.84615 -7.84615
27.622 7.86964 -7.86964
27.623 7.89174 -7.89174
27.624 7.91244 -7.91244
27.625 7.93175 -7.93175
27.626 7.94965 -7.94965
27.627 7.96614 -7.96614
27.628 7.98123 -7.98123
27.629 7.99491 -7.99491
27.63 8.00719 -8.00719
27.631 8.01806 -8.01806
27.632 8.02754 -8.02754
27.633 8.03564 -8.03564
27.634 8.04236 -8.04236
27.635 8.04772 -8.04772
27.636 8.05173 -8.05173
27.637 8.05441 -8.05441
27.638 8.05576 -8.05576
27.639 8.05581 -8.05581
27.64 8.05456 -8.05456
27.641 8.05203 -8.05203
27.642 8.04824 -8.04824
27.643 8.0432 -8.0432
27.644 8.03692 -8.03692
27.645 8.02943 -8.02943
27.646 8.02073 -8.02073
27.647 8.01086 -8.01086
27.648 7.99981 -7.99981
27.649 7.98762 -7.98762
27.65 7.97429 -7.97429
27.651 7.95985 -7.95985
27.652 7.94432 -7.94432
27.653 7.92771 -7.92771
27.654 7.91003 -7.91005
27.655 7.89133 -7.89134
27.656 7.87161 -7.87161
27.657 7.85089 -7.85087
27.658 7.82919 -7.82916
27.659 7.80651 -7.80651
27.66 7.7829 -7.7829
27.661 7.75837 -7.75837
27.662 7.73294 -7.73294
27.663 7.70664 -7.70664
27.664 7.67947 -7.67947
27.665 7.65147 -7.65147
27.666 7.62265 -7.62265
27.667 7.59304 -7.59304
27.668 7.56265 -7.56265
27.669 7.53151 -7.53151
27.67 7.49964 -7.49964
27.671 7.46706 -7.46706
27.672 7.43379 -7.43379
27.673 7.39985 -7.39985
27.674 7.36527 -7.36527
27.675 7.33007 -7.33007
27.676 7.29427 -7.29427
27.677 7.25789 -7.25789
27.678 7.22095 -7.22095
27.679 7.18348 -7.18348
27.68 7.14549 -7.14549
27.681 7.10702 -7.10702
27.682 7.06807 -7.06807
27.683 7.02865 -7.02865
27.684 6.98879 -6.98879
27.685 6.94849 -6.94849
27.686 6.90777 -6.90777
27.687 6.86665 -6.86665
27.688 6.82513 -6.82513
27.689 6.78323 -6.78323
27.69 6.74097 -6.74097
27.691 6.69836 -6.69836
27.692 6.6554 -6.6554
27.693 6.61211 -6.61211
27.694 6.56848 -6.56848
27.695 6.52452 -6.52452
27.696 6.48025 -6.48025
27.697 6.43566 -6.43566
27.698 6.39076 -6.39076
27.699 6.34556 -6.34556
27.7 6.30006 -6.30006
27.701 6.25428 -6.25428
27.702 6.20822 -6.20822
27.703 6.16188 -6.16188
27.704 6.11527 -6.11527
27.705 6.06841 -6.06841
27.706 6.02129 -6.02129
27.707 5.97392 -5.97392
27.708 5.92631 -5.92631
27.709 5.87848 -5.87848
27.71 5.83041 -5.83041
27.711 5.78214 -5.78214
27.712 5.73365 -5.73365
27.713 5.68496 -5.68496
27.714 5.63608 -5.63608
27.715 5.58701 -5.58701
27.716 5.53777 -5.53777
27.717 5.48835 -5.48835
27.718 5.43878 -5.43878
27.719 5.38905 -5.38905
27.72 5.33918 -5.33918
27.721 5.28917 -5.28917
27.722 5.23903 -5.23903
27.723 5.18877 -5.18877
27.724 5.1384 -5.1384
27.725 5.08792 -5.08792
27.726 5.03736 -5.03736
27.727 4.9867 -4.9867
27.728 4.93597 -4.93597
27.729 4.88517 -4.88517
27.73 4.83431 -4.83431
27.731 4.78341 -4.78341
27.732 4.73247 -4.73247
27.733 4.68151 -4.68151
27.734 4.63056 -4.63056
27.735 4.57962 -4.57962
27.736 4.52873 -4.52873
27.737 4.47788 -4.47788
27.738 4.42711 -4.42711
27.739 4.37643 -4.37643
27.74 4.32586 -4.32586
27.741 4.27541 -4.27541
27.742 4.22509 -4.22509
27.743 4.17491 -4.17491
27.744 4.12489 -4.12489
27.745 4.07502 -4.07502
27.746 4.02532 -4.02532
27.747 3.9758 -3.9758
27.748 3.92646 -3.92646
27.749 3.87732 -3.87732
27.75 3.82838 -3.82838
27.751 3.77965 -3.77965
27.752 3.73114 -3.73114
27.753 3.68286 -3.68286
27.754 3.63482 -3.63482
27.755 3.58702 -3.58702
27.756 3.53947 -3.53947
27.757 3.49219 -3.49219
27.758 3.44517 -3.44517
27.759 3.39843 -3.39843
27.76 3.35198 -3.35198
27.761 3.30582 -3.30582
27.762 3.25995 -3.25995
27.763 3.21437 -3.21437
27.764 3.16908 -3.16908
27.765 3.12409 -3.12409
27.766 3.07938 -3.07938
27.767 3.03496 -3.03496
27.768 2.99083 -2.99083
27.769 2.94699 -2.94699
27.77 2.90343 -2.90343
27.771 2.86015 -2.86015
27.772 2.81715 -2.81715
27.773 2.77444 -2.77444
27.774 2.732 -2.732
27.775 2.68984 -2.68984
27.776 2.64796 -2.64796
27.777 2.60635 -2.60635
27.778 2.56501 -2.56501
27.779 2.52395 -2.52395
27.78 2.48315 -2.48315
27.781 2.44262 -2.44262
27.782 2.40235 -2.40235
27.783 2.36235 -2.36235
27.784 2.3226 -2.3226
27.785 2.28312 -2.28312
27.786 2.24389 -2.24389
27.787 2.20491 -2.20491
27.788 2.16619 -2.16619
27.789 2.12771 -2.12771
27.79 2.08948 -2.08948
27.791 2.05149 -2.05149
27.792 2.01373 -2.01373
27.793 1.9762 -1.9762
27.794 1.93887 -1.93887
27.795 1.90174 -1.90174
27.796 1.8648 -1.8648
27.797 1.82803 -1.82803
27.798 1.79142 -1.79142
27.799 1.75497 -1.75497
27.8 1.71865 -1.71865
27.801 1.68246 -1.68246
27.802 1.6464 -1.6464
27.803 1.61046 -1.61046
27.804 1.57464 -1.57464
27.805 1.53893 -1.53893
27.806 1.50334 -1.50334
27.807 1.46785 -1.46785
27.808 1.43247 -1.43247
27.809 1.39719 -1.39719
27.81 1.36201 -1.36201
27.811 1.32693 -1.32693
27.812 1.29193 -1.29193
27.813 1.25703 -1.25703
27.814 1.22221 -1.22221
27.815 1.18748 -1.18748
27.816 1.15282 -1.15282
27.817 1.11824 -1.11824
27.818 1.08374 -1.08374
27.819 1.0493 -1.0493
27.82 1.01492 -1.01492
27.821 0.980607 -0.980607
27.822 0.946342 -0.946342
27.823 0.912114 -0.912114
27.824 0.877911 -0.877911
27.825 0.843721 -0.843721
27.826 0.809533 -0.809533
27.827 0.775333 -0.775333
27.828 0.74111 -0.74111
27.829 0.706852 -0.706852
27.83 0.672546 -0.672546
27.831 0.638183 -0.638183
27.832 0.603757 -0.603757
27.833 0.569264 -0.569264
27.834 0.534703 -0.534703
27.835 0.500069 -0.500069
27.836 0.465361 -0.465361
27.837 0.430574 -0.430574
27.838 0.395705 -0.395705
27.839 0.360753 -0.360753
27.84 0.325713 -0.325713
27.841 0.290583 -0.290583
27.842 0.25536 -0.25536
27.843 0.220041 -0.220041
27.844 0.184623 -0.184623
27.845 0.149105 -0.149105
27.846 0.113482 -0.113482
27.847 0.0777533 -0.0777533
27.848 0.0419159 -0.0419159
27.849 0.00596756 -0.00596756
27.85 -0.0300941 0.0300941
27.851 -0.0662694 0.0662694
27.852 -0.102554 0.102554
27.853 -0.138941 0.138941
27.854 -0.175425 0.175425
27.855 -0.211998 0.211998
27.856 -0.248654 0.248654
27.857 -0.285386 0.285386
27.858 -0.322187 0.322187
27.859 -0.359051 0.359051
27.86 -0.395971 0.395971
27.861 -0.432938 0.432938
27.862 -0.469948 0.469948
27.863 -0.506992 0.506992
27.864 -0.544063 0.544063
27.865 -0.581156 0.581156
27.866 -0.618262 0.618262
27.867 -0.655375 0.655375
27.868 -0.692488 0.692488
27.869 -0.729593 0.729593
27.87 -0.766684 0.766684
27.871 -0.803753 0.803753
27.872 -0.840794 0.840794
27.873 -0.877799 0.877799
27.874 -0.91476 0.91476
27.875 -0.951672 0.951672
27.876 -0.988527 0.988527
27.877 -1.02532 1.02532
27.878 -1.06204 1.06204
27.879 -1.09868 1.09868
27.88 -1.13524 1.13524
27.881 -1.1717 1.1717
27.882 -1.20807 1.20807
27.883 -1.24433 1.24433
27.884 -1.28048 1.28048
27.885 -1.31651 1.31651
27.886 -1.35242 1.35242
27.887 -1.38819 1.38819
27.888 -1.42383 1.42383
27.889 -1.45931 1.45931
27.89 -1.49465 1.49465
27.891 -1.52982 1.52982
27.892 -1.56483 1.56483
27.893 -1.59964 1.59964
27.894 -1.63425 1.63425
27.895 -1.66864 1.66864
27.896 -1.7028 1.7028
27.897 -1.73671 1.73671
27.898 -1.77036 1.77036
27.899 -1.80373 1.80373
27.9 -1.83682 1.83682
27.901 -1.86959 1.86959
27.902 -1.90205 1.90205
27.903 -1.93418 1.93418
27.904 -1.96596 1.96596
27.905 -1.99738 1.99738
27.906 -2.02843 2.02843
27.907 -2.05909 2.05909
27.908 -2.08936 2.08936
27.909 -2.11921 2.11921
27.91 -2.14864 2.14864
27.911 -2.17763 2.17763
27.912 -2.20619 2.20619
27.913 -2.2343 2.2343
27.914 -2.26197 2.26197
27.915 -2.28918 2.28918
27.916 -2.31595 2.31595
27.917 -2.34226 2.34226
27.918 -2.36812 2.36812
27.919 -2.39351 2.39351
27.92 -2.41845 2.41845
27.921 -2.44293 2.44293
27.922 -2.46693 2.46693
27.923 -2.49045 2.49045
27.924 -2.51348 2.51348
27.925 -2.53601 2.53601
27.926 -2.55803 2.55803
27.927 -2.57953 2.57953
27.928 -2.6005 2.6005
27.929 -2.62094 2.62094
27.93 -2.64083 2.64083
27.931 -2.66018 2.66018
27.932 -2.67897 2.67897
27.933 -2.69722 2.69722
27.934 -2.71491 2.71491
27.935 -2.73206 2.73206
27.936 -2.74867 2.74867
27.937 -2.76473 2.76473
27.938 -2.78025 2.78025
27.939 -2.79524 2.79524
27.94 -2.8097 2.8097
27.941 -2.82362 2.82362
27.942 -2.83701 2.83701
27.943 -2.84989 2.84989
27.944 -2.86224 2.86224
27.945 -2.87407 2.87407
27.946 -2.8854 2.8854
27.947 -2.89622 2.89622
27.948 -2.90653 2.90653
27.949 -2.91635 2.91635
27.95 -2.92567 2.92567
27.951 -2.93451 2.93451
27.952 -2.94287 2.94287
27.953 -2.95075 2.95075
27.954 -2.95816 2.95816
27.955 -2.96511 2.96511
27.956 -2.9716 2.9716
27.957 -2.97764 2.97764
27.958 -2.98324 2.98324
27.959 -2.98839 2.98839
27.96 -2.99312 2.99312
27.961 -2.99742 2.99742
27.962 -3.0013 3.0013
27.963 -3.00475 3.00475
27.964 -3.00778 3.00778
27.965 -3.01037 3.01037
27.966 -3.01254 3.01254
27.967 -3.01427 3.0143
27.968 -3.01558 3.01561
27.969 -3.01647 3.0165
27.97 -3.01693 3.01695
27.971 -3.01696 3.01697
27.972 -3.01656 3.01657
27.973 -3.01573 3.01574
27.974 -3.01448 3.01448
27.975 -3.0128 3.01279
27.976 -3.0107 3.01069
27.977 -3.00817 3.00815
27.978 -3.00522 3.0052
27.979 -3.00186 3.00183
27.98 -2.99807 2.99804
27.981 -2.99387 2.99383
27.982 -2.98923 2.98923
27.983 -2.98421 2.98421
27.984 -2.97877 2.97877
27.985 -2.97292 2.97292
27.986 -2.96668 2.96668
27.987 -2.96003 2.96003
27.988 -2.95298 2.95298
27.989 -2.94555 2.94555
27.99 -2.93772 2.93772
27.991 -2.9295 2.9295
27.992 -2.9209 2.9209
27.993 -2.91193 2.91193
27.994 -2.90258 2.90258
27.995 -2.89285 2.89285
27.996 -2.88277 2.88277
27.997 -2.87232 2.87232
27.998 -2.86151 2.86151
27.999 -2.85035 2.85035
28 -2.83884 2.83884
28.001 -2.82699 2.82699
28.002 -2.81482 2.81482
28.003 -2.80233 2.80233
28.004 -2.78954 2.78954
28.005 -2.77646 2.77646
28.006 -2.76312 2.76312
28.007 -2.74951 2.74951
28.008 -2.73566 2.73566
28.009 -2.72159 2.72159
28.01 -2.7073 2.7073
28.011 -2.6928 2.6928
28.012 -2.67812 2.67812
28.013 -2.66325 2.66325
28.014 -2.6482 2.6482
28.015 -2.63297 2.63297
28.016 -2.61757 2.61757
28.017 -2.60202 2.60202
28.018 -2.58631 2.58631
28.019 -2.57045 2.57045
28.02 -2.55444 2.55444
28.021 -2.53831 2.53831
28.022 -2.52206 2.52206
28.023 -2.50572 2.50572
28.024 -2.48933 2.48933
28.025 -2.47289 2.47289
28.026 -2.45643 2.45643
28.027 -2.43999 2.43999
28.028 -2.42357 2.42357
28.029 -2.40722 2.40722
28.03 -2.39094 2.39094
28.031 -2.37476 2.37476
28.032 -2.3587 2.3587
28.033 -2.34278 2.34278
28.034 -2.32701 2.32701
28.035 -2.3114 2.3114
28.036 -2.29596 2.29596
28.037 -2.28072 2.28072
28.038 -2.26569 2.26569
28.039 -2.25088 2.25088
28.04 -2.23631 2.23631
28.041 -2.22198 2.22198
28.042 -2.20794 2.20794
28.043 -2.19419 2.19419
28.044 -2.18075 2.18075
28.045 -2.16766 2.16766
28.046 -2.15493 2.15493
28.047 -2.14259 2.14259
28.048 -2.13065 2.13065
28.049 -2.11915 2.11915
28.05 -2.10809 2.10809
28.051 -2.09751 2.09751
28.052 -2.08742 2.08742
28.053 -2.07784 2.07784
28.054 -2.0688 2.0688
28.055 -2.06032 2.06032
28.056 -2.0524 2.0524
28.057 -2.04509 2.04509
28.058 -2.03839 2.03839
28.059 -2.03232 2.03232
28.06 -2.02691 2.02691
28.061 -2.02216 2.02216
28.062 -2.0181 2.0181
28.063 -2.01475 2.01471
28.064 -2.01207 2.01204
28.065 -2.01011 2.01009
28.066 -2.00886 2.00885
28.067 -2.00834 2.00834
28.068 -2.00855 2.00856
28.069 -2.00951 2.00953
28.07 -2.01121 2.01124
28.071 -2.01368 2.01371
28.072 -2.01692 2.01692
28.073 -2.02092 2.02092
28.074 -2.02569 2.02569
28.075 -2.03125 2.03125
28.076 -2.03759 2.03759
28.077 -2.04473 2.04473
28.078 -2.05266 2.05266
28.079 -2.06139 2.06139
28.08 -2.07092 2.07092
28.081 -2.08127 2.08127
28.082 -2.09243 2.09243
28.083 -2.10443 2.10443
28.084 -2.11727 2.11727
28.085 -2.13096 2.13096
28.086 -2.14552 2.14552
28.087 -2.16095 2.16095
28.088 -2.17727 2.17727
28.089 -2.19448 2.19448
28.09 -2.21259 2.21259
28.091 -2.23161 2.23161
28.092 -2.25153 2.25153
28.093 -2.27237 2.27237
28.094 -2.29411 2.29411
28.095 -2.31676 2.31676
28.096 -2.34031 2.34031
28.097 -2.36476 2.36476
28.098 -2.39011 2.39011
28.099 -2.41634 2.41634
28.1 -2.44347 2.44347
28.101 -2.47148 2.47148
28.102 -2.50037 2.50037
28.103 -2.53014 2.53014
28.104 -2.56077 2.56077
28.105 -2.59226 2.59226
28.106 -2.62461 2.62461
28.107 -2.65781 2.65781
28.108 -2.69185 2.69185
28.109 -2.72672 2.72672
28.11 -2.76241 2.76241
28.111 -2.79892 2.79892
28.112 -2.83624 2.83624
28.113 -2.87436 2.87436
28.114 -2.91326 2.91326
28.115 -2.95295 2.95295
28.116 -2.9934 2.9934
28.117 -3.0346 3.0346
28.118 -3.07655 3.07655
28.119 -3.11923 3.11923
28.12 -3.16263 3.16263
28.121 -3.20674 3.20674
28.122 -3.25155 3.25155
28.123 -3.29704 3.29704
28.124 -3.34319 3.34319
28.125 -3.39 3.39
28.126 -3.43745 3.43745
28.127 -3.48552 3.48552
28.128 -3.5342 3.5342
28.129 -3.58348 3.58348
28.13 -3.63334 3.63334
28.131 -3.68375 3.68375
28.132 -3.73472 3.73472
28.133 -3.78621 3.78621
28.134 -3.83821 3.83821
28.135 -3.89071 3.89071
28.136 -3.94369 3.94369
28.137 -3.99713 3.99713
28.138 -4.05101 4.05101
28.139 -4.10531 4.10531
28.14 -4.16001 4.16001
28.141 -4.2151 4.2151
28.142 -4.27056 4.27056
28.143 -4.32636 4.32636
28.144 -4.38249 4.38249
28.145 -4.43893 4.43893
28.146 -4.49566 4.49566
28.147 -4.55265 4.55265
28.148 -4.60989 4.60989
28.149 -4.66736 4.66736
28.15 -4.72503 4.72503
28.151 -4.78289 4.78289
28.152 -4.8409 4.8409
28.153 -4.89904 4.89904
28.154 -4.95727 4.95727
28.155 -5.01558 5.01558
28.156 -5.07391 5.07391
28.157 -5.13226 5.13226
28.158 -5.19058 5.19058
28.159 -5.24885 5.24885
28.16 -5.30704 5.30704
28.161 -5.36512 5.36512
28.162 -5.42307 5.42307
28.163 -5.48087 5.48087
28.164 -5.53849 5.53849
28.165 -5.59592 5.59592
28.166 -5.65314 5.65314
28.167 -5.71012 5.71012
28.168 -5.76684 5.76684
28.169 -5.8233 5.8233
28.17 -5.87946 5.87946
28.171 -5.9353 5.9353
28.172 -5.99083 5.99083
28.173 -6.04602 6.04602
28.174 -6.10086 6.10086
28.175 -6.15536 6.15536
28.176 -6.20948 6.20948
28.177 -6.26323 6.26323
28.178 -6.3166 6.3166
28.179 -6.36958 6.36958
28.18 -6.42215 6.42215
28.181 -6.47431 6.47431
28.182 -6.52606 6.52606
28.183 -6.5774 6.5774
28.184 -6.62833 6.62833
28.185 -6.67885 6.67885
28.186 -6.72896 6.72896
28.187 -6.77867 6.77867
28.188 -6.82796 6.82796
28.189 -6.87685 6.87685
28.19 -6.92533 6.92533
28.191 -6.97341 6.97341
28.192 -7.02108 7.02108
28.193 -7.06833 7.06833
28.194 -7.11515 7.11515
28.195 -7.16155 7.16155
28.196 -7.20751 7.20751
28.197 -7.25303 7.25303
28.198 -7.2981 7.2981
28.199 -7.34271 7.34271
28.2 -7.38687 7.38687
28.201 -7.43057 7.43057
28.202 -7.47379 7.47379
28.203 -7.51651 7.51651
28.204 -7.55874 7.55874
28.205 -7.60045 7.60045
28.206 -7.64164 7.64164
28.207 -7.68228 7.68228
28.208 -7.72238 7.72238
28.209 -7.76191 7.76191
28.21 -7.80088 7.80088
28.211 -7.83926 7.83926
28.212 -7.87705 7.87705
28.213 -7.91424 7.91424
28.214 -7.95082 7.95082
28.215 -7.98678 7.98678
28.216 -8.02211 8.02211
28.217 -8.0568 8.0568
28.218 -8.09085 8.09085
28.219 -8.12425 8.12425
28.22 -8.15699 8.15699
28.221 -8.18906 8.18906
28.222 -8.22045 8.22045
28.223 -8.25115 8.25115
28.224 -8.28114 8.28114
28.225 -8.3104 8.3104
28.226 -8.33894 8.33894
28.227 -8.36672 8.36672
28.228 -8.39374 8.39374
28.229 -8.41999 8.41999
28.23 -8.44546 8.44546
28.231 -8.47014 8.47014
28.232 -8.49401 8.49401
28.233 -8.51706 8.51706
28.234 -8.5393 8.5393
28.235 -8.5607 8.5607
28.236 -8.58126 8.58126
28.237 -8.60098 8.60098
28.238 -8.61983 8.61983
28.239 -8.63783 8.63783
28.24 -8.65496 8.65496
28.241 -8.67122 8.67122
28.242 -8.6866 8.6866
28.243 -8.70112 8.70112
28.244 -8.71477 8.71477
28.245 -8.72756 8.72756
28.246 -8.7395 8.7395
28.247 -8.75059 8.75059
28.248 -8.76083 8.76083
28.249 -8.77024 8.77024
28.25 -8.77881 8.77881
28.251 -8.78656 8.78656
28.252 -8.79349 8.79349
28.253 -8.79963 8.79963
28.254 -8.80499 8.80499
28.255 -8.80959 8.80959
28.256 -8.81344 8.81344
28.257 -8.81655 8.81655
28.258 -8.81896 8.81896
28.259 -8.82066 8.82066
28.26 -8.82168 8.82168
28.261 -8.82204 8.82204
28.262 -8.82173 8.82173
28.263 -8.82078 8.82078
28.264 -8.81919 8.81919
28.265 -8.81697 8.81697
28.266 -8.81413 8.81413
28.267 -8.81068 8.81068
28.268 -8.80662 8.80662
28.269 -8.80197 8.80197
28.27 -8.79674 8.79674
28.271 -8.79093 8.79093
28.272 -8.78455 8.78455
28.273 -8.7776 8.7776
28.274 -8.77009 8.77009
28.275 -8.762 8.762
28.276 -8.75335 8.75335
28.277 -8.74414 8.74414
28.278 -8.73437 8.73437
28.279 -8.72405 8.72405
28.28 -8.71317 8.71317
28.281 -8.70174 8.70174
28.282 -8.68975 8.68975
28.283 -8.67721 8.67721
28.284 -8.6641 8.6641
28.285 -8.65042 8.65042
28.286 -8.63617 8.63617
28.287 -8.62134 8.62134
28.288 -8.60593 8.60593
28.289 -8.58994 8.58994
28.29 -8.57336 8.57336
28.291 -8.55619 8.55619
28.292 -8.53842 8.53842
28.293 -8.52006 8.52006
28.294 -8.50111 8.50111
28.295 -8.48155 8.48155
28.296 -8.4614 8.4614
28.297 -8.44063 8.44066
28.298 -8.41927 8.41929
28.299 -8.39731 8.39733
28.3 -8.37475 8.37475
28.301 -8.35158 8.35158
28.302 -8.32781 8.32779
28.303 -8.30343 8.30341
28.304 -8.27845 8.27841
28.305 -8.25284 8.25284
28.306 -8.22664 8.22664
28.307 -8.19984 8.19984
28.308 -8.17244 8.17244
28.309 -8.14444 8.14444
28.31 -8.11584 8.11584
28.311 -8.08664 8.08664
28.312 -8.05685 8.05685
28.313 -8.02647 8.02647
28.314 -7.99549 7.99549
28.315 -7.96393 7.96393
28.316 -7.93178 7.93178
28.317 -7.89905 7.89905
28.318 -7.86574 7.86574
28.319 -7.83186 7.83186
28.32 -7.7974 7.7974
28.321 -7.76238 7.76238
28.322 -7.72678 7.72678
28.323 -7.6906 7.6906
28.324 -7.65384 7.65384
28.325 -7.61649 7.61649
28.326 -7.57855 7.57855
28.327 -7.54002 7.54002
28.328 -7.5009 7.5009
28.329 -7.46117 7.46117
28.33 -7.42084 7.42084
28.331 -7.3799 7.3799
28.332 -7.33835 7.33835
28.333 -7.29616 7.29616
28.334 -7.25334 7.25334
28.335 -7.20987 7.20987
28.336 -7.16574 7.16574
28.337 -7.12095 7.12095
28.338 -7.07547 7.07547
28.339 -7.02931 7.02931
28.34 -6.98246 6.98246
28.341 -6.9349 6.9349
28.342 -6.88661 6.88661
28.343 -6.83759 6.83759
28.344 -6.78782 6.78782
28.345 -6.73727 6.73727
28.346 -6.68594 6.68594
28.347 -6.63381 6.63381
28.348 -6.58086 6.58086
28.349 -6.52709 6.52709
28.35 -6.47246 6.47246
28.351 -6.41698 6.41698
28.352 -6.36063 6.36063
28.353 -6.30339 6.30339
28.354 -6.24525 6.24525
28.355 -6.18621 6.18621
28.356 -6.12623 6.12623
28.357 -6.06533 6.06533
28.358 -6.00347 6.00347
28.359 -5.94066 5.94066
28.36 -5.87688 5.87688
28.361 -5.81212 5.81212
28.362 -5.74638 5.74638
28.363 -5.67965 5.67965
28.364 -5.61194 5.61194
28.365 -5.54325 5.54325
28.366 -5.47357 5.47357
28.367 -5.40291 5.40291
28.368 -5.33126 5.33126
28.369 -5.25862 5.25862
28.37 -5.185 5.185
28.371 -5.1104 5.1104
28.372 -5.03481 5.03481
28.373 -4.95824 4.95824
28.374 -4.8807 4.8807
28.375 -4.80217 4.80217
28.376 -4.72267 4.72267
28.377 -4.6422 4.6422
28.378 -4.56076 4.56076
28.379 -4.47836 4.47836
28.38 -4.39499 4.39499
28.381 -4.31066 4.31066
28.382 -4.22538 4.22538
28.383 -4.13915 4.13915
28.384 -4.05198 4.05198
28.385 -3.96386 3.96386
28.386 -3.87481 3.87481
28.387 -3.78483 3.78483
28.388 -3.69393 3.69393
28.389 -3.60211 3.60211
28.39 -3.50939 3.50939
28.391 -3.41576 3.41576
28.392 -3.32123 3.32123
28.393 -3.22582 3.22582
28.394 -3.12953 3.12953
28.395 -3.03237 3.03237
28.396 -2.93435 2.93435
28.397 -2.83547 2.83547
28.398 -2.73575 2.73575
28.399 -2.6352 2.6352
28.4 -2.53383 2.53383
28.401 -2.43165 2.43165
28.402 -2.32867 2.32867
28.403 -2.22493 2.22493
28.404 -2.12043 2.12043
28.405 -2.01521 2.01521
28.406 -1.90927 1.90927
28.407 -1.80265 1.80265
28.408 -1.69537 1.69537
28.409 -1.58745 1.58745
28.41 -1.47891 1.47891
28.411 -1.36977 1.36977
28.412 -1.26006 1.26006
28.413 -1.14978 1.14978
28.414 -1.03896 1.03896
28.415 -0.927604 0.927604
28.416 -0.81574 0.81574
28.417 -0.703383 0.703383
28.418 -0.590551 0.590551
28.419 -0.477262 0.477262
28.42 -0.363536 0.363536
28.421 -0.249398 0.249398
28.422 -0.13488 0.13488
28.423 -0.0200213 0.0200213
28.424 0.0951389 -0.0951389
28.425 0.210561 -0.210561
28.426 0.326204 -0.326204
28.427 0.442028 -0.442028
28.428 0.55799 -0.55799
28.429 0.674049 -0.674049
28.43 0.790163 -0.790163
28.431 0.906291 -0.906291
28.432 1.0224 -1.0224
28.433 1.13844 -1.13844
28.434 1.2544 -1.2544
28.435 1.37023 -1.37023
28.436 1.48589 -1.48589
28.437 1.60136 -1.60136
28.438 1.71659 -1.71659
28.439 1.83155 -1.83155
28.44 1.9462 -1.9462
28.441 2.0605 -2.0605
28.442 2.17443 -2.17443
28.443 2.28793 -2.28793
28.444 2.40098 -2.40098
28.445 2.51354 -2.51354
28.446 2.62558 -2.62558
28.447 2.73704 -2.73704
28.448 2.84791 -2.84791
28.449 2.95814 -2.95814
28.45 3.06769 -3.06769
28.451 3.17653 -3.17653
28.452 3.28462 -3.28462
28.453 3.3919 -3.3919
28.454 3.49835 -3.49835
28.455 3.60391 -3.60391
28.456 3.70853 -3.70853
28.457 3.81219 -3.81219
28.458 3.91483 -3.91483
28.459 4.01641 -4.01641
28.46 4.1169 -4.1169
28.461 4.21625 -4.21625
28.462 4.31443 -4.31443
28.463 4.41138 -4.41138
28.464 4.50709 -4.50709
28.465 4.6015 -4.6015
28.466 4.69458 -4.69458
28.467 4.7863 -4.7863
28.468 4.87661 -4.87661
28.469 4.9655 -4.9655
28.47 5.05291 -5.05291
28.471 5.13883 -5.13883
28.472 5.22322 -5.22322
28.473 5.30604 -5.30604
28.474 5.38728 -5.38728
28.475 5.4669 -5.4669
28.476 5.54488 -5.54488
28.477 5.62118 -5.62118
28.478 5.69579 -5.69579
28.479 5.76868 -5.76868
28.48 5.83983 -5.83983
28.481 5.90922 -5.90922
28.482 5.97683 -5.97683
28.483 6.04263 -6.04263
28.484 6.10662 -6.10662
28.485 6.16877 -6.16877
28.486 6.22907 -6.22907
28.487 6.2875 -6.2875
28.488 6.34406 -6.34406
28.489 6.39873 -6.39873
28.49 6.45149 -6.45149
28.491 6.50235 -6.50235
28.492 6.55128 -6.55128
28.493 6.59827 -6.59827
28.494 6.6433 -6.6433
28.495 6.68637 -6.68637
28.496 6.72745 -6.72745
28.497 6.76654 -6.76654
28.498 6.80363 -6.80363
28.499 6.83871 -6.83871
28.5 6.87177 -6.87177
28.501 6.90281 -6.90281
28.502 6.93182 -6.93182
28.503 6.95879 -6.95879
28.504 6.98374 -6.98374
28.505 7.00664 -7.00664
28.506 7.02751 -7.02751
28.507 7.04633 -7.04633
28.508 7.06313 -7.06313
28.509 7.07788 -7.07788
28.51 7.09061 -7.09061
28.511 7.10131 -7.10131
28.512 7.11 -7.11
28.513 7.11669 -7.11669
28.514 7.1214 -7.1214
28.515 7.12414 -7.12414
28.516 7.12493 -7.12493
28.517 7.12379 -7.12379
28.518 7.12073 -7.12073
28.519 7.11577 -7.11577
28.52 7.10895 -7.10895
28.521 7.10026 -7.10026
28.522 7.08973 -7.08973
28.523 7.07735 -7.07738
28.524 7.06318 -7.06319
28.525 7.04721 -7.04718
28.526 7.02943 -7.02943
28.527 7.00988 -7.00988
28.528 6.98857 -6.98857
28.529 6.96552 -6.96552
28.53 6.94074 -6.94074
28.531 6.91425 -6.91425
28.532 6.88608 -6.88608
28.533 6.85625 -6.85625
28.534 6.8248 -6.8248
28.535 6.79174 -6.79174
28.536 6.7571 -6.7571
28.537 6.72092 -6.72092
28.538 6.68322 -6.68322
28.539 6.64402 -6.64402
28.54 6.60337 -6.60337
28.541 6.56128 -6.56128
28.542 6.51777 -6.51777
28.543 6.47288 -6.47288
28.544 6.42661 -6.42661
28.545 6.37899 -6.37899
28.546 6.33005 -6.33005
28.547 6.2798 -6.2798
28.548 6.22826 -6.22826
28.549 6.17547 -6.17547
28.55 6.12143 -6.12143
28.551 6.06618 -6.06618
28.552 6.00975 -6.00975
28.553 5.95216 -5.95216
28.554 5.89345 -5.89345
28.555 5.83366 -5.83366
28.556 5.77281 -5.77281
28.557 5.71093 -5.71093
28.558 5.64806 -5.64806
28.559 5.58423 -5.58423
28.56 5.51948 -5.51948
28.561 5.45384 -5.45384
28.562 5.38732 -5.38732
28.563 5.31996 -5.31996
28.564 5.25179 -5.25179
28.565 5.18281 -5.18281
28.566 5.11307 -5.11307
28.567 5.04259 -5.04259
28.568 4.97138 -4.97138
28.569 4.89949 -4.89949
28.57 4.82693 -4.82693
28.571 4.75372 -4.75372
28.572 4.67991 -4.67991
28.573 4.60553 -4.60553
28.574 4.53061 -4.53061
28.575 4.45519 -4.45519
28.576 4.37931 -4.37931
28.577 4.30299 -4.30299
28.578 4.22627 -4.22627
28.579 4.14919 -4.14919
28.58 4.07179 -4.07179
28.581 3.9941 -3.9941
28.582 3.91616 -3.91616
28.583 3.83802 -3.83802
28.584 3.75973 -3.75973
28.585 3.68132 -3.68132
28.586 3.60285 -3.60285
28.587 3.52435 -3.52435
28.588 3.44587 -3.44587
28.589 3.36746 -3.36746
28.59 3.28916 -3.28916
28.591 3.21102 -3.21102
28.592 3.13308 -3.13308
28.593 3.05538 -3.05538
28.594 2.97797 -2.97797
28.595 2.90089 -2.90089
28.596 2.8242 -2.8242
28.597 2.74792 -2.74792
28.598 2.67212 -2.67212
28.599 2.59682 -2.59682
28.6 2.52208 -2.52208
28.601 2.44795 -2.44795
28.602 2.37446 -2.37446
28.603 2.30168 -2.30168
28.604 2.22966 -2.22966
28.605 2.15845 -2.15845
28.606 2.0881 -2.0881
28.607 2.01866 -2.01866
28.608 1.95019 -1.95019
28.609 1.88273 -1.88273
28.61 1.81634 -1.81634
28.611 1.75107 -1.75107
28.612 1.68696 -1.68696
28.613 1.62408 -1.62408
28.614 1.56245 -1.56245
28.615 1.50214 -1.50214
28.616 1.4432 -1.4432
28.617 1.38567 -1.38567
28.618 1.32959 -1.32959
28.619 1.27503 -1.27503
28.62 1.22201 -1.22201
28.621 1.17059 -1.17059
28.622 1.12081 -1.12081
28.623 1.0727 -1.0727
28.624 1.0263 -1.0263
28.625 0.981635 -0.981635
28.626 0.938749 -0.938749
28.627 0.897671 -0.897671
28.628 0.858436 -0.858436
28.629 0.821074 -0.821074
28.63 0.785618 -0.785618
28.631 0.752096 -0.752096
28.632 0.720531 -0.720531
28.633 0.690943 -0.690943
28.634 0.663352 -0.663352
28.635 0.637776 -0.637776
28.636 0.614233 -0.614233
28.637 0.59274 -0.59274
28.638 0.573314 -0.573314
28.639 0.555969 -0.555969
28.64 0.54072 -0.54072
28.641 0.527582 -0.527582
28.642 0.516566 -0.516566
28.643 0.507685 -0.507685
28.644 0.500949 -0.500949
28.645 0.496369 -0.496369
28.646 0.493968 -0.493939
28.647 0.493712 -0.49371
28.648 0.495636 -0.495662
28.649 0.499774 -0.499774
28.65 0.506091 -0.506091
28.651 0.514601 -0.514601
28.652 0.525293 -0.525293
28.653 0.538154 -0.538154
28.654 0.553169 -0.553169
28.655 0.570319 -0.570319
28.656 0.589589 -0.589589
28.657 0.61096 -0.61096
28.658 0.634413 -0.634413
28.659 0.659927 -0.659927
28.66 0.687482 -0.687482
28.661 0.71706 -0.71706
28.662 0.748651 -0.748651
28.663 0.78225 -0.78225
28.664 0.817848 -0.817848
28.665 0.855439 -0.855439
28.666 0.895014 -0.895014
28.667 0.936562 -0.936562
28.668 0.980073 -0.980073
28.669 1.02554 -1.02554
28.67 1.07294 -1.07294
28.671 1.12226 -1.12226
28.672 1.17349 -1.17349
28.673 1.2266 -1.2266
28.674 1.28156 -1.28156
28.675 1.33835 -1.33835
28.676 1.39694 -1.39694
28.677 1.4573 -1.4573
28.678 1.51941 -1.51941
28.679 1.58324 -1.58324
28.68 1.64875 -1.64875
28.681 1.71592 -1.71592
28.682 1.78474 -1.78474
28.683 1.85518 -1.85518
28.684 1.92723 -1.92723
28.685 2.00087 -2.00087
28.686 2.07608 -2.07608
28.687 2.15285 -2.15285
28.688 2.23115 -2.23115
28.689 2.31097 -2.31097
28.69 2.39228 -2.39228
28.691 2.47506 -2.47506
28.692 2.55928 -2.55928
28.693 2.64493 -2.64493
28.694 2.73197 -2.73197
28.695 2.82037 -2.82037
28.696 2.91012 -2.91012
28.697 3.00119 -3.00119
28.698 3.09353 -3.09353
28.699 3.18713 -3.18713
28.7 3.28195 -3.28195
28.701 3.37796 -3.37796
28.702 3.47512 -3.47512
28.703 3.57338 -3.57338
28.704 3.6727 -3.6727
28.705 3.77304 -3.77304
28.706 3.87436 -3.87436
28.707 3.9766 -3.9766
28.708 4.07972 -4.07972
28.709 4.18367 -4.18367
28.71 4.28841 -4.28841
28.711 4.39388 -4.39388
28.712 4.50003 -4.50003
28.713 4.60682 -4.60682
28.714 4.7142 -4.7142
28.715 4.82211 -4.82211
28.716 4.9305 -4.9305
28.717 5.03931 -5.03931
28.718 5.1485 -5.1485
28.719 5.25802 -5.25802
28.72 5.3678 -5.3678
28.721 5.47779 -5.47779
28.722 5.58795 -5.58795
28.723 5.69824 -5.69824
28.724 5.8086 -5.8086
28.725 5.91898 -5.91898
28.726 6.02935 -6.02935
28.727 6.13965 -6.13965
28.728 6.24984 -6.24984
28.729 6.35987 -6.35987
28.73 6.4697 -6.4697
28.731 6.57927 -6.57927
28.732 6.68854 -6.68854
28.733 6.79746 -6.79746
28.734 6.90599 -6.90599
28.735 7.01408 -7.01408
28.736 7.12169 -7.12169
28.737 7.22876 -7.22876
28.738 7.33526 -7.33526
28.739 7.44114 -7.44114
28.74 7.54635 -7.54635
28.741 7.65085 -7.65085
28.742 7.75461 -7.75461
28.743 7.85759 -7.85759
28.744 7.95976 -7.95976
28.745 8.06109 -8.06109
28.746 8.16155 -8.16155
28.747 8.26109 -8.26109
28.748 8.3597 -8.3597
28.749 8.45735 -8.45735
28.75 8.55399 -8.55399
28.751 8.64962 -8.64962
28.752 8.7442 -8.7442
28.753 8.83772 -8.83772
28.754 8.93017 -8.93017
28.755 9.02152 -9.02152
28.756 9.11176 -9.11176
28.757 9.20088 -9.20088
28.758 9.28886 -9.28886
28.759 9.3757 -9.3757
28.76 9.46137 -9.46137
28.761 9.54587 -9.54587
28.762 9.62918 -9.62918
28.763 9.71131 -9.71131
28.764 9.79223 -9.79223
28.765 9.87195 -9.87195
28.766 9.95045 -9.95045
28.767 10.0277 -10.0277
28.768 10.1038 -10.1038
28.769 10.1786 -10.1786
28.77 10.2522 -10.2522
28.771 10.3246 -10.3246
28.772 10.3957 -10.3957
28.773 10.4655 -10.4655
28.774 10.5341 -10.5341
28.775 10.6015 -10.6015
28.776 10.6675 -10.6675
28.777 10.7323 -10.7323
28.778 10.7958 -10.7958
28.779 10.858 -10.858
28.78 10.9189 -10.9189
28.781 10.9785 -10.9785
28.782 11.0368 -11.0368
28.783 11.0938 -11.0938
28.784 11.1495 -11.1495
28.785 11.2038 -11.2038
28.786 11.2568 -11.2568
28.787 11.3085 -11.3085
28.788 11.3588 -11.3588
28.789 11.4078 -11.4078
28.79 11.4555 -11.4555
28.791 11.5017 -11.5017
28.792 11.5467 -11.5467
28.793 11.5902 -11.5902
28.794 11.6323 -11.6323
28.795 11.6729 -11.6729
28.796 11.7121 -11.7121
28.797 11.7498 -11.7498
28.798 11.786 -11.786
28.799 11.8206 -11.8206
28.8 11.8537 -11.8537
28.801 11.8853 -11.8853
28.802 11.9153 -11.9153
28.803 11.9437 -11.9437
28.804 11.9706 -11.9706
28.805 11.9959 -11.9959
28.806 12.0196 -12.0196
28.807 12.0417 -12.0417
28.808 12.0622 -12.0622
28.809 12.0812 -12.0812
28.81 12.0986 -12.0986
28.811 12.1144 -12.1144
28.812 12.1287 -12.1287
28.813 12.1414 -12.1414
28.814 12.1525 -12.1525
28.815 12.1622 -12.1622
28.816 12.1703 -12.1703
28.817 12.1769 -12.1769
28.818 12.1821 -12.1821
28.819 12.1858 -12.1858
28.82 12.188 -12.188
28.821 12.1888 -12.1888
28.822 12.1881 -12.1881
28.823 12.1861 -12.1861
28.824 12.1827 -12.1827
28.825 12.1779 -12.1779
28.826 12.1717 -12.1717
28.827 12.1643 -12.1643
28.828 12.1555 -12.1555
28.829 12.1454 -12.1454
28.83 12.134 -12.134
28.831 12.1213 -12.1213
28.832 12.1074 -12.1074
28.833 12.0923 -12.0923
28.834 12.0759 -12.0759
28.835 12.0583 -12.0583
28.836 12.0395 -12.0395
28.837 12.0195 -12.0195
28.838 11.9983 -11.9983
28.839 11.9759 -11.9759
28.84 11.9524 -11.9524
28.841 11.9277 -11.9277
28.842 11.9019 -11.9019
28.843 11.8749 -11.8749
28.844 11.8468 -11.8468
28.845 11.8175 -11.8175
28.846 11.7872 -11.7872
28.847 11.7556 -11.7556
28.848 11.723 -11.723
28.849 11.6893 -11.6893
28.85 11.6544 -11.6544
28.851 11.6185 -11.6185
28.852 11.5814 -11.5814
28.853 11.5431 -11.5431
28.854 11.5038 -11.5038
28.855 11.4632 -11.4632
28.856 11.4214 -11.4214
28.857 11.3785 -11.3785
28.858 11.3343 -11.3343
28.859 11.2888 -11.2888
28.86 11.2421 -11.2421
28.861 11.1942 -11.1942
28.862 11.1449 -11.1449
28.863 11.0943 -11.0943
28.864 11.0424 -11.0424
28.865 10.9891 -10.9891
28.866 10.9344 -10.9344
28.867 10.8784 -10.8784
28.868 10.8209 -10.8209
28.869 10.7619 -10.7619
28.87 10.7016 -10.7016
28.871 10.6397 -10.6397
28.872 10.5763 -10.5763
28.873 10.5114 -10.5114
28.874 10.445 -10.445
28.875 10.377 -10.377
28.876 10.3074 -10.3074
28.877 10.2362 -10.2362
28.878 10.1633 -10.1633
28.879 10.0887 -10.0887
28.88 10.0125 -10.0125
28.881 9.93457 -9.93457
28.882 9.8549 -9.8549
28.883 9.77348 -9.77348
28.884 9.69029 -9.69029
28.885 9.60531 -9.60531
28.886 9.51852 -9.51852
28.887 9.42991 -9.42991
28.888 9.33945 -9.33945
28.889 9.24713 -9.24713
28.89 9.15292 -9.15292
28.891 9.05682 -9.05682
28.892 8.95881 -8.95881
28.893 8.85888 -8.85888
28.894 8.75704 -8.75704
28.895 8.65326 -8.65326
28.896 8.54754 -8.54754
28.897 8.43987 -8.43987
28.898 8.33025 -8.33025
28.899 8.21867 -8.21867
28.9 8.10512 -8.10512
28.901 7.9896 -7.9896
28.902 7.8721 -7.8721
28.903 7.75264 -7.75264
28.904 7.63121 -7.63121
28.905 7.50781 -7.50781
28.906 7.38246 -7.38246
28.907 7.25514 -7.25514
28.908 7.12587 -7.12587
28.909 6.99464 -6.99464
28.91 6.86146 -6.86146
28.911 6.72634 -6.72634
28.912 6.58929 -6.58929
28.913 6.45032 -6.45032
28.914 6.30944 -6.30944
28.915 6.16667 -6.16667
28.916 6.02202 -6.02202
28.917 5.8755 -5.8755
28.918 5.72712 -5.72712
28.919 5.57692 -5.57692
28.92 5.42489 -5.42489
28.921 5.27105 -5.27105
28.922 5.11541 -5.11541
28.923 4.95798 -4.95798
28.924 4.79877 -4.79877
28.925 4.63778 -4.63778
28.926 4.47503 -4.47503
28.927 4.31053 -4.31053
28.928 4.14428 -4.14428
28.929 3.9763 -3.9763
28.93 3.80661 -3.80661
28.931 3.63522 -3.63522
28.932 3.46214 -3.46214
28.933 3.28741 -3.28741
28.934 3.11105 -3.11105
28.935 2.93308 -2.93308
28.936 2.75354 -2.75354
28.937 2.57245 -2.57245
28.938 2.38984 -2.38984
28.939 2.20575 -2.20575
28.94 2.0202 -2.0202
28.941 1.83324 -1.83324
28.942 1.6449 -1.6449
28.943 1.45521 -1.45521
28.944 1.26421 -1.26421
28.945 1.07195 -1.07195
28.946 0.878469 -0.878469
28.947 0.683811 -0.683811
28.948 0.488025 -0.488025
28.949 0.291159 -0.291159
28.95 0.0932646 -0.0932646
28.951 -0.105604 0.105604
28.952 -0.305389 0.305389
28.953 -0.506031 0.506031
28.954 -0.707466 0.707466
28.955 -0.90963 0.90963
28.956 -1.11245 1.11245
28.957 -1.31587 1.31587
28.958 -1.5198 1.5198
28.959 -1.72417 1.72417
28.96 -1.9289 1.9289
28.961 -2.13392 2.13392
28.962 -2.33912 2.33912
28.963 -2.54441 2.54441
28.964 -2.74968 2.74968
28.965 -2.95483 2.95483
28.966 -3.15975 3.15975
28.967 -3.36434 3.36434
28.968 -3.56848 3.56848
28.969 -3.77208 3.77208
28.97 -3.975 3.975
28.971 -4.17715 4.17715
28.972 -4.37842 4.37842
28.973 -4.57868 4.57868
28.974 -4.77783 4.77783
28.975 -4.97575 4.97575
28.976 -5.17232 5.17232
28.977 -5.36744 5.36744
28.978 -5.56099 5.56099
28.979 -5.75287 5.75287
28.98 -5.94295 5.94295
28.981 -6.13112 6.13112
28.982 -6.31728 6.31728
28.983 -6.5013 6.5013
28.984 -6.68306 6.68306
28.985 -6.86246 6.86246
28.986 -7.03939 7.03939
28.987 -7.21374 7.21374
28.988 -7.38539 7.38539
28.989 -7.55426 7.55426
28.99 -7.72023 7.72023
28.991 -7.88322 7.88322
28.992 -8.04312 8.04312
28.993 -8.19985 8.19985
28.994 -8.35333 8.35333
28.995 -8.50346 8.50346
28.996 -8.65017 8.65017
28.997 -8.79339 8.79339
28.998 -8.93304 8.93304
28.999 -9.06905 9.06905
29 -9.20137 9.20137
29.001 -9.32994 9.32994
29.002 -9.4547 9.4547
29.003 -9.57562 9.57562
29.004 -9.69266 9.69266
29.005 -9.80578 9.80578
29.006 -9.91497 9.91497
29.007 -10.0202 10.0202
29.008 -10.1214 10.1214
29.009 -10.2186 10.2186
29.01 -10.3118 10.3118
29.011 -10.401 10.401
29.012 -10.4861 10.4861
29.013 -10.5673 10.5673
29.014 -10.6444 10.6444
29.015 -10.7175 10.7175
29.016 -10.7866 10.7866
29.017 -10.8518 10.8518
29.018 -10.913 10.913
29.019 -10.9703 10.9703
29.02 -11.0237 11.0237
29.021 -11.0733 11.0733
29.022 -11.119 11.119
29.023 -11.161 11.161
29.024 -11.1991 11.1991
29.025 -11.2335 11.2335
29.026 -11.2641 11.2641
29.027 -11.2911 11.2911
29.028 -11.3144 11.3144
29.029 -11.3342 11.3342
29.03 -11.3503 11.3503
29.031 -11.3629 11.3629
29.032 -11.372 11.372
29.033 -11.3777 11.3777
29.034 -11.38 11.38
29.035 -11.379 11.379
29.036 -11.3747 11.3747
29.037 -11.3672 11.3672
29.038 -11.3565 11.3565
29.039 -11.3427 11.3427
29.04 -11.3258 11.3258
29.041 -11.3059 11.3059
29.042 -11.2831 11.2831
29.043 -11.2574 11.2574
29.044 -11.2288 11.2288
29.045 -11.1974 11.1974
29.046 -11.1633 11.1633
29.047 -11.1266 11.1266
29.048 -11.0872 11.0872
29.049 -11.0452 11.0452
29.05 -11.0008 11.0008
29.051 -10.9538 10.9539
29.052 -10.9045 10.9045
29.053 -10.8528 10.8528
29.054 -10.7988 10.7988
29.055 -10.7425 10.7425
29.056 -10.6839 10.6839
29.057 -10.6232 10.6232
29.058 -10.5603 10.5603
29.059 -10.4953 10.4953
29.06 -10.4283 10.4283
29.061 -10.3592 10.3592
29.062 -10.2881 10.2881
29.063 -10.2152 10.2152
29.064 -10.1403 10.1403
29.065 -10.0636 10.0636
29.066 -9.98505 9.98505
29.067 -9.90476 9.90476
29.068 -9.82274 9.82274
29.069 -9.73904 9.73904
29.07 -9.65369 9.65369
29.071 -9.56673 9.56673
29.072 -9.4782 9.4782
29.073 -9.38812 9.38812
29.074 -9.29653 9.29653
29.075 -9.20346 9.20346
29.076 -9.10894 9.10894
29.077 -9.01299 9.01299
29.078 -8.91566 8.91566
29.079 -8.81696 8.81696
29.08 -8.71694 8.71694
29.081 -8.61561 8.61561
29.082 -8.51302 8.51302
29.083 -8.40921 8.40921
29.084 -8.30422 8.30422
29.085 -8.19808 8.19808
29.086 -8.09082 8.09082
29.087 -7.9825 7.9825
29.088 -7.87315 7.87315
29.089 -7.7628 7.7628
29.09 -7.6515 7.6515
29.091 -7.53928 7.53928
29.092 -7.42618 7.42618
29.093 -7.31224 7.31224
29.094 -7.19749 7.19749
29.095 -7.08198 7.08198
29.096 -6.96575 6.96575
29.097 -6.84883 6.84883
29.098 -6.73125 6.73125
29.099 -6.61307 6.61307
29.1 -6.49432 6.49432
29.101 -6.37503 6.37503
29.102 -6.25525 6.25525
29.103 -6.13499 6.13499
29.104 -6.01429 6.01429
29.105 -5.89319 5.89319
29.106 -5.77171 5.77171
29.107 -5.64989 5.64989
29.108 -5.52775 5.52775
29.109 -5.40534 5.40534
29.11 -5.28268 5.28268
29.111 -5.15981 5.15981
29.112 -5.03676 5.03676
29.113 -4.91359 4.91359
29.114 -4.79033 4.79033
29.115 -4.66703 4.66703
29.116 -4.54373 4.54373
29.117 -4.42047 4.42047
29.118 -4.2973 4.2973
29.119 -4.17426 4.17426
29.12 -4.0514 4.0514
29.121 -3.92876 3.92876
29.122 -3.80638 3.80638
29.123 -3.68431 3.68431
29.124 -3.5626 3.5626
29.125 -3.44129 3.44129
29.126 -3.32043 3.32043
29.127 -3.20006 3.20006
29.128 -3.08024 3.08024
29.129 -2.961 2.961
29.13 -2.84239 2.84239
29.131 -2.72446 2.72446
29.132 -2.60725 2.60725
29.133 -2.4908 2.4908
29.134 -2.37515 2.37515
29.135 -2.26033 2.26033
29.136 -2.14639 2.14639
29.137 -2.03336 2.03336
29.138 -1.92129 1.92129
29.139 -1.81021 1.81021
29.14 -1.70016 1.70016
29.141 -1.59118 1.59118
29.142 -1.48331 1.48331
29.143 -1.37659 1.37659
29.144 -1.27106 1.27106
29.145 -1.16676 1.16676
29.146 -1.06372 1.06372
29.147 -0.961991 0.961991
29.148 -0.861604 0.861604
29.149 -0.762598 0.762598
29.15 -0.665012 0.665012
29.151 -0.568883 0.568883
29.152 -0.47425 0.47425
29.153 -0.381148 0.381148
29.154 -0.289615 0.289615
29.155 -0.199686 0.199686
29.156 -0.111398 0.111398
29.157 -0.0247855 0.0247855
29.158 0.0601163 -0.0601163
29.159 0.143273 -0.143273
29.16 0.224651 -0.224651
29.161 0.30422 -0.30422
29.162 0.381952 -0.381952
29.163 0.457825 -0.457825
29.164 0.531816 -0.531816
29.165 0.603905 -0.603905
29.166 0.674068 -0.674068
29.167 0.742288 -0.742288
29.168 0.808544 -0.808544
29.169 0.872818 -0.872818
29.17 0.935093 -0.935093
29.171 0.995349 -0.995349
29.172 1.05356 -1.05356
29.173 1.10972 -1.10972
29.174 1.16378 -1.16378
29.175 1.21573 -1.21573
29.176 1.26556 -1.26556
29.177 1.31324 -1.31324
29.178 1.35874 -1.35874
29.179 1.40206 -1.40206
29.18 1.44318 -1.44318
29.181 1.48208 -1.48208
29.182 1.51874 -1.51874
29.183 1.55313 -1.55313
29.184 1.58524 -1.58524
29.185 1.61504 -1.61504
29.186 1.64252 -1.64252
29.187 1.66765 -1.66765
29.188 1.69043 -1.69043
29.189 1.71082 -1.71082
29.19 1.72883 -1.72883
29.191 1.74443 -1.74443
29.192 1.75761 -1.75761
29.193 1.76836 -1.76836
29.194 1.77668 -1.77668
29.195 1.78254 -1.78254
29.196 1.78594 -1.78594
29.197 1.78687 -1.78689
29.198 1.78536 -1.78533
29.199 1.78133 -1.78133
29.2 1.77484 -1.77484
29.201 1.76585 -1.76585
29.202 1.75437 -1.75437
29.203 1.74039 -1.74039
29.204 1.72388 -1.72388
29.205 1.70485 -1.70485
29.206 1.68329 -1.68329
29.207 1.65919 -1.65919
29.208 1.63255 -1.63255
29.209 1.60337 -1.60337
29.21 1.57163 -1.57163
29.211 1.53735 -1.53735
29.212 1.50052 -1.50052
29.213 1.46115 -1.46115
29.214 1.41926 -1.41926
29.215 1.37486 -1.37486
29.216 1.32795 -1.32795
29.217 1.27854 -1.27854
29.218 1.22666 -1.22666
29.219 1.17232 -1.17232
29.22 1.11552 -1.11552
29.221 1.0563 -1.0563
29.222 0.994668 -0.994668
29.223 0.930655 -0.930655
29.224 0.864288 -0.864288
29.225 0.795597 -0.795597
29.226 0.724609 -0.724609
29.227 0.651355 -0.651355
29.228 0.575867 -0.575867
29.229 0.498177 -0.498177
29.23 0.418317 -0.418317
29.231 0.336321 -0.336321
29.232 0.252225 -0.252225
29.233 0.166063 -0.166063
29.234 0.0778735 -0.0778735
29.235 -0.0123069 0.0123069
29.236 -0.104439 0.104439
29.237 -0.198483 0.198483
29.238 -0.294398 0.294398
29.239 -0.392143 0.392143
29.24 -0.491673 0.491673
29.241 -0.592942 0.592942
29.242 -0.6959 0.6959
29.243 -0.80049 0.80049
29.244 -0.906657 0.906657
29.245 -1.01434 1.01434
29.246 -1.12349 1.12349
29.247 -1.23405 1.23405
29.248 -1.34594 1.34594
29.249 -1.45912 1.45912
29.25 -1.57351 1.57351
29.251 -1.68907 1.68907
29.252 -1.80574 1.80574
29.253 -1.92347 1.92347
29.254 -2.04222 2.04222
29.255 -2.16193 2.16193
29.256 -2.28255 2.28255
29.257 -2.40404 2.40404
29.258 -2.52634 2.52634
29.259 -2.6494 2.6494
29.26 -2.77317 2.77317
29.261 -2.89759 2.89759
29.262 -3.02261 3.02261
29.263 -3.14819 3.14819
29.264 -3.27427 3.27427
29.265 -3.40082 3.40082
29.266 -3.52778 3.52778
29.267 -3.65509 3.65509
29.268 -3.78272 3.78272
29.269 -3.9106 3.9106
29.27 -4.03869 4.03869
29.271 -4.16693 4.16693
29.272 -4.29527 4.29527
29.273 -4.42363 4.42363
29.274 -4.55196 4.55196
29.275 -4.68019 4.68019
29.276 -4.80826 4.80826
29.277 -4.93612 4.93612
29.278 -5.06369 5.06369
29.279 -5.19091 5.19091
29.28 -5.31772 5.31772
29.281 -5.44407 5.44407
29.282 -5.56989 5.56989
29.283 -5.69515 5.69515
29.284 -5.8198 5.8198
29.285 -5.94379 5.94379
29.286 -6.06709 6.06709
29.287 -6.18964 6.18964
29.288 -6.31141 6.31141
29.289 -6.43234 6.43234
29.29 -6.5524 6.5524
29.291 -6.67154 6.67154
29.292 -6.78971 6.78971
29.293 -6.90684 6.90684
29.294 -7.02289 7.02289
29.295 -7.13778 7.13778
29.296 -7.25148 7.25148
29.297 -7.36392 7.36392
29.298 -7.47505 7.47505
29.299 -7.58481 7.58481
29.3 -7.69316 7.69316
29.301 -7.80005 7.80005
29.302 -7.90542 7.90542
29.303 -8.00921 8.00921
29.304 -8.11138 8.11138
29.305 -8.21186 8.21186
29.306 -8.31061 8.31061
29.307 -8.40758 8.40758
29.308 -8.50272 8.50272
29.309 -8.59598 8.59598
29.31 -8.68732 8.68732
29.311 -8.77671 8.77671
29.312 -8.86409 8.86409
29.313 -8.94944 8.94944
29.314 -9.0327 9.0327
29.315 -9.11386 9.11386
29.316 -9.19287 9.19287
29.317 -9.26971 9.26971
29.318 -9.34435 9.34435
29.319 -9.41676 9.41676
29.32 -9.48691 9.48691
29.321 -9.55478 9.55478
29.322 -9.62035 9.62035
29.323 -9.68361 9.68361
29.324 -9.74452 9.74452
29.325 -9.80309 9.80309
29.326 -9.85929 9.85929
29.327 -9.91311 9.91311
29.328 -9.96454 9.96454
29.329 -10.0136 10.0136
29.33 -10.0602 10.0602
29.331 -10.1044 10.1044
29.332 -10.1462 10.1462
29.333 -10.1856 10.1856
29.334 -10.2226 10.2226
29.335 -10.2572 10.2572
29.336 -10.2893 10.2893
29.337 -10.319 10.319
29.338 -10.3464 10.3464
29.339 -10.3713 10.3713
29.34 -10.3939 10.3939
29.341 -10.414 10.414
29.342 -10.4319 10.4319
29.343 -10.4473 10.4473
29.344 -10.4605 10.4605
29.345 -10.4715 10.4715
29.346 -10.4801 10.4801
29.347 -10.4866 10.4866
29.348 -10.4909 10.4909
29.349 -10.4931 10.4931
29.35 -10.4932 10.4932
29.351 -10.4911 10.4911
29.352 -10.4871 10.4871
29.353 -10.481 10.481
29.354 -10.4729 10.4729
29.355 -10.4628 10.4628
29.356 -10.4508 10.4508
29.357 -10.4369 10.4369
29.358 -10.421 10.421
29.359 -10.4034 10.4034
29.36 -10.3839 10.3839
29.361 -10.3625 10.3625
29.362 -10.3394 10.3394
29.363 -10.3146 10.3146
29.364 -10.2881 10.2881
29.365 -10.26 10.26
29.366 -10.2302 10.2302
29.367 -10.1988 10.1988
29.368 -10.1659 10.1659
29.369 -10.1315 10.1315
29.37 -10.0956 10.0956
29.371 -10.0583 10.0583
29.372 -10.0196 10.0196
29.373 -9.97954 9.97951
29.374 -9.93805 9.93805
29.375 -9.89524 9.89524
29.376 -9.8511 9.8511
29.377 -9.80565 9.80565
29.378 -9.75893 9.75893
29.379 -9.71093 9.71093
29.38 -9.6617 9.6617
29.381 -9.61125 9.61125
29.382 -9.55959 9.55959
29.383 -9.50676 9.50676
29.384 -9.45277 9.45277
29.385 -9.39765 9.39765
29.386 -9.34142 9.34142
29.387 -9.28409 9.28409
29.388 -9.22569 9.22569
29.389 -9.16625 9.16625
29.39 -9.10577 9.10577
29.391 -9.04429 9.04429
29.392 -8.98183 8.98183
29.393 -8.91841 8.91841
29.394 -8.85405 8.85405
29.395 -8.78877 8.78877
29.396 -8.72259 8.72259
29.397 -8.65554 8.65554
29.398 -8.58764 8.58764
29.399 -8.51891 8.51891
29.4 -8.44937 8.44937
29.401 -8.37905 8.37905
29.402 -8.30796 8.30796
29.403 -8.23613 8.23613
29.404 -8.16358 8.16358
29.405 -8.09034 8.09034
29.406 -8.01642 8.01642
29.407 -7.94184 7.94184
29.408 -7.86664 7.86664
29.409 -7.79084 7.79084
29.41 -7.71444 7.71444
29.411 -7.63749 7.63749
29.412 -7.56001 7.56001
29.413 -7.48203 7.48203
29.414 -7.40358 7.40358
29.415 -7.32469 7.32469
29.416 -7.2454 7.2454
29.417 -7.16574 7.16574
29.418 -7.08573 7.08573
29.419 -7.00542 7.00542
29.42 -6.92482 6.92482
29.421 -6.84398 6.84398
29.422 -6.76292 6.76292
29.423 -6.68171 6.68171
29.424 -6.60036 6.60036
29.425 -6.51893 6.51893
29.426 -6.43745 6.43745
29.427 -6.35596 6.35596
29.428 -6.2745 6.2745
29.429 -6.19312 6.19312
29.43 -6.11184 6.11184
29.431 -6.03072 6.03072
29.432 -5.94981 5.94981
29.433 -5.86914 5.86914
29.434 -5.78877 5.78877
29.435 -5.70874 5.70874
29.436 -5.62911 5.62911
29.437 -5.54992 5.54992
29.438 -5.47122 5.47122
29.439 -5.39306 5.39306
29.44 -5.31548 5.31548
29.441 -5.23853 5.23853
29.442 -5.16226 5.16226
29.443 -5.0867 5.0867
29.444 -5.01188 5.01188
29.445 -4.93785 4.93785
29.446 -4.86465 4.86465
29.447 -4.79231 4.79231
29.448 -4.72088 4.72088
29.449 -4.65038 4.65038
29.45 -4.58086 4.58086
29.451 -4.51236 4.51236
29.452 -4.44488 4.44488
29.453 -4.37846 4.37846
29.454 -4.31311 4.31311
29.455 -4.24886 4.24886
29.456 -4.18571 4.18571
29.457 -4.1237 4.1237
29.458 -4.06284 4.06284
29.459 -4.00314 4.00314
29.46 -3.94462 3.94462
29.461 -3.88731 3.88731
29.462 -3.83122 3.83122
29.463 -3.77637 3.77637
29.464 -3.72277 3.72277
29.465 -3.67044 3.67044
29.466 -3.61939 3.61939
29.467 -3.56965 3.56965
29.468 -3.52122 3.52122
29.469 -3.47413 3.47413
29.47 -3.42838 3.42838
29.471 -3.38399 3.38399
29.472 -3.34095 3.34095
29.473 -3.29927 3.29927
29.474 -3.25894 3.25894
29.475 -3.21995 3.21995
29.476 -3.1823 3.1823
29.477 -3.14598 3.14598
29.478 -3.11099 3.11099
29.479 -3.07732 3.07732
29.48 -3.04496 3.04496
29.481 -3.01392 3.01392
29.482 -2.98417 2.98417
29.483 -2.95574 2.95574
29.484 -2.92861 2.92861
29.485 -2.90279 2.90279
29.486 -2.87828 2.87828
29.487 -2.85507 2.85507
29.488 -2.83317 2.83317
29.489 -2.81256 2.81256
29.49 -2.79325 2.79325
29.491 -2.77524 2.77524
29.492 -2.75853 2.75853
29.493 -2.74313 2.74313
29.494 -2.72903 2.72903
29.495 -2.71624 2.71624
29.496 -2.70477 2.70477
29.497 -2.69462 2.69462
29.498 -2.68578 2.68578
29.499 -2.67827 2.67827
29.5 -2.67207 2.67207
29.501 -2.6672 2.6672
29.502 -2.66367 2.66363
29.503 -2.66143 2.66141
29.504 -2.66051 2.66051
29.505 -2.6609 2.66092
29.506 -2.66262 2.66265
29.507 -2.66566 2.66566
29.508 -2.67001 2.67001
29.509 -2.67565 2.67565
29.51 -2.6826 2.6826
29.511 -2.69084 2.69084
29.512 -2.70037 2.70037
29.513 -2.71118 2.71118
29.514 -2.72326 2.72326
29.515 -2.73662 2.73662
29.516 -2.75124 2.75124
29.517 -2.7671 2.7671
29.518 -2.78422 2.78422
29.519 -2.80256 2.80256
29.52 -2.82213 2.82213
29.521 -2.8429 2.8429
29.522 -2.86486 2.86486
29.523 -2.88798 2.88798
29.524 -2.91222 2.91222
29.525 -2.93755 2.93755
29.526 -2.96395 2.96395
29.527 -2.99138 2.99138
29.528 -3.01982 3.01982
29.529 -3.04922 3.04922
29.53 -3.07956 3.07956
29.531 -3.1108 3.1108
29.532 -3.14291 3.14291
29.533 -3.17583 3.17583
29.534 -3.20954 3.20954
29.535 -3.24398 3.24398
29.536 -3.27911 3.27911
29.537 -3.31488 3.31488
29.538 -3.35127 3.35127
29.539 -3.38821 3.38821
29.54 -3.42567 3.42567
29.541 -3.4636 3.4636
29.542 -3.50195 3.50195
29.543 -3.54069 3.54069
29.544 -3.57977 3.57977
29.545 -3.61914 3.61914
29.546 -3.65876 3.65876
29.547 -3.69858 3.69858
29.548 -3.73856 3.73856
29.549 -3.77864 3.77864
29.55 -3.8188 3.8188
29.551 -3.85898 3.85898
29.552 -3.89913 3.89913
29.553 -3.93922 3.93922
29.554 -3.97919 3.97919
29.555 -4.01901 4.01901
29.556 -4.05862 4.05862
29.557 -4.09799 4.09799
29.558 -4.13707 4.13707
29.559 -4.17581 4.17581
29.56 -4.21417 4.21417
29.561 -4.25212 4.25212
29.562 -4.28961 4.28961
29.563 -4.32661 4.32661
29.564 -4.36309 4.36309
29.565 -4.39901 4.39901
29.566 -4.43434 4.43434
29.567 -4.46905 4.46905
29.568 -4.5031 4.5031
29.569 -4.53647 4.53647
29.57 -4.56913 4.56913
29.571 -4.60103 4.60103
29.572 -4.63216 4.63216
29.573 -4.66247 4.66247
29.574 -4.69195 4.69195
29.575 -4.72056 4.72056
29.576 -4.74828 4.74828
29.577 -4.77507 4.77507
29.578 -4.80091 4.80091
29.579 -4.82578 4.82578
29.58 -4.84964 4.84964
29.581 -4.87247 4.87247
29.582 -4.89426 4.89426
29.583 -4.91498 4.91498
29.584 -4.93463 4.93463
29.585 -4.95319 4.95319
29.586 -4.97064 4.97064
29.587 -4.98697 4.98697
29.588 -5.00216 5.00216
29.589 -5.01622 5.01622
29.59 -5.02911 5.02911
29.591 -5.04083 5.04083
29.592 -5.05137 5.05137
29.593 -5.0607 5.0607
29.594 -5.0688 5.0688
29.595 -5.07566 5.07566
29.596 -5.08126 5.08126
29.597 -5.08558 5.08558
29.598 -5.08862 5.08862
29.599 -5.09034 5.09034
29.6 -5.09074 5.09074
29.601 -5.08981 5.08981
29.602 -5.08753 5.08753
29.603 -5.08387 5.08389
29.604 -5.07886 5.07887
29.605 -5.07247 5.07245
29.606 -5.06467 5.06464
29.607 -5.05545 5.05545
29.608 -5.04483 5.04483
29.609 -5.03278 5.03278
29.61 -5.01929 5.01929
29.611 -5.00437 5.00437
29.612 -4.98799 4.98799
29.613 -4.97016 4.97016
29.614 -4.95086 4.95086
29.615 -4.9301 4.9301
29.616 -4.90786 4.90786
29.617 -4.88415 4.88415
29.618 -4.85895 4.85895
29.619 -4.83227 4.83227
29.62 -4.80409 4.80409
29.621 -4.77443 4.77443
29.622 -4.74327 4.74327
29.623 -4.71062 4.71062
29.624 -4.67648 4.67648
29.625 -4.64083 4.64083
29.626 -4.60369 4.60369
29.627 -4.56506 4.56506
29.628 -4.52493 4.52493
29.629 -4.48331 4.48331
29.63 -4.4402 4.4402
29.631 -4.3956 4.3956
29.632 -4.34952 4.34952
29.633 -4.30198 4.30198
29.634 -4.25299 4.25299
29.635 -4.20256 4.20256
29.636 -4.1507 4.1507
29.637 -4.09743 4.09743
29.638 -4.04276 4.04276
29.639 -3.9867 3.9867
29.64 -3.92928 3.92928
29.641 -3.87051 3.87051
29.642 -3.8104 3.8104
29.643 -3.74899 3.74899
29.644 -3.6863 3.6863
29.645 -3.62236 3.62236
29.646 -3.55719 3.55719
29.647 -3.49081 3.49081
29.648 -3.42326 3.42326
29.649 -3.35455 3.35455
29.65 -3.28473 3.28473
29.651 -3.2138 3.2138
29.652 -3.14181 3.14181
29.653 -3.06878 3.06878
29.654 -2.99474 2.99474
29.655 -2.91971 2.91971
29.656 -2.84373 2.84373
29.657 -2.76683 2.76683
29.658 -2.68903 2.68903
29.659 -2.61036 2.61036
29.66 -2.53085 2.53085
29.661 -2.45055 2.45055
29.662 -2.36947 2.36947
29.663 -2.28767 2.28767
29.664 -2.20518 2.20518
29.665 -2.12205 2.12205
29.666 -2.03831 2.03831
29.667 -1.954 1.954
29.668 -1.86917 1.86917
29.669 -1.78386 1.78386
29.67 -1.6981 1.6981
29.671 -1.61194 1.61194
29.672 -1.52542 1.52542
29.673 -1.43856 1.43856
29.674 -1.3514 1.3514
29.675 -1.26397 1.26397
29.676 -1.17631 1.17631
29.677 -1.08846 1.08846
29.678 -1.00044 1.00044
29.679 -0.912292 0.912292
29.68 -0.824051 0.824051
29.681 -0.735749 0.735749
29.682 -0.647415 0.647415
29.683 -0.559076 0.559076
29.684 -0.470757 0.470757
29.685 -0.382487 0.382487
29.686 -0.294292 0.294292
29.687 -0.2062 0.2062
29.688 -0.118238 0.118238
29.689 -0.0304337 0.0304337
29.69 0.0571851 -0.0571851
29.691 0.144595 -0.144595
29.692 0.23178 -0.23178
29.693 0.318731 -0.318731
29.694 0.405436 -0.405436
29.695 0.491886 -0.491886
29.696 0.578067 -0.578067
29.697 0.663971 -0.663971
29.698 0.749586 -0.749586
29.699 0.8349 -0.8349
29.7 0.919903 -0.919903
29.701 1.00458 -1.00458
29.702 1.08893 -1.08893
29.703 1.17293 -1.17293
29.704 1.25658 -1.25658
29.705 1.33986 -1.33986
29.706 1.42277 -1.42277
29.707 1.50528 -1.50528
29.708 1.5874 -1.5874
29.709 1.66911 -1.66911
29.71 1.7504 -1.7504
29.711 1.83126 -1.83126
29.712 1.91168 -1.91168
29.713 1.99165 -1.99165
29.714 2.07115 -2.07115
29.715 2.15019 -2.15019
29.716 2.22875 -2.22875
29.717 2.30681 -2.30681
29.718 2.38438 -2.38438
29.719 2.46144 -2.46144
29.72 2.53798 -2.53798
29.721 2.61399 -2.61399
29.722 2.68946 -2.68946
29.723 2.76436 -2.76436
29.724 2.83869 -2.83869
29.725 2.91242 -2.91242
29.726 2.98554 -2.98554
29.727 3.05804 -3.05804
29.728 3.12989 -3.12989
29.729 3.20108 -3.20108
29.73 3.2716 -3.2716
29.731 3.34142 -3.34142
29.732 3.41055 -3.41055
29.733 3.47895 -3.47895
29.734 3.54663 -3.54663
29.735 3.61356 -3.61356
29.736 3.67973 -3.67973
29.737 3.74513 -3.74513
29.738 3.80974 -3.80974
29.739 3.87356 -3.87356
29.74 3.93658 -3.93658
29.741 3.99877 -3.99877
29.742 4.06013 -4.06013
29.743 4.12063 -4.12063
29.744 4.18025 -4.18025
29.745 4.23898 -4.23898
29.746 4.29681 -4.29681
29.747 4.3537 -4.3537
29.748 4.40965 -4.40965
29.749 4.46465 -4.46465
29.75 4.51867 -4.51867
29.751 4.5717 -4.5717
29.752 4.62374 -4.62374
29.753 4.67477 -4.67477
29.754 4.72481 -4.72481
29.755 4.77383 -4.77383
29.756 4.82185 -4.82185
29.757 4.86885 -4.86885
29.758 4.91484 -4.91484
29.759 4.95981 -4.95981
29.76 5.00376 -5.00376
29.761 5.04668 -5.04668
29.762 5.08859 -5.08859
29.763 5.12948 -5.12948
29.764 5.16936 -5.16936
29.765 5.20821 -5.20821
29.766 5.24605 -5.24605
29.767 5.28288 -5.28288
29.768 5.3187 -5.3187
29.769 5.35351 -5.35351
29.77 5.38732 -5.38732
29.771 5.42013 -5.42013
29.772 5.45196 -5.45196
29.773 5.48282 -5.48282
29.774 5.51273 -5.51273
29.775 5.54169 -5.54169
29.776 5.56973 -5.56973
29.777 5.59686 -5.59686
29.778 5.6231 -5.6231
29.779 5.64846 -5.64846
29.78 5.67296 -5.67296
29.781 5.69661 -5.69661
29.782 5.71943 -5.71943
29.783 5.74143 -5.74143
29.784 5.76261 -5.76261
29.785 5.78298 -5.78298
29.786 5.80256 -5.80256
29.787 5.82136 -5.82136
29.788 5.83937 -5.83937
29.789 5.85663 -5.85663
29.79 5.87313 -5.87313
29.791 5.8889 -5.8889
29.792 5.90395 -5.90395
29.793 5.91829 -5.91829
29.794 5.93196 -5.93196
29.795 5.94498 -5.94498
29.796 5.95736 -5.95736
29.797 5.96912 -5.96912
29.798 5.9803 -5.9803
29.799 5.9909 -5.9909
29.8 6.00096 -6.00096
29.801 6.0105 -6.0105
29.802 6.01952 -6.01952
29.803 6.02804 -6.02804
29.804 6.03608 -6.03608
29.805 6.04365 -6.04365
29.806 6.05077 -6.05077
29.807 6.05745 -6.05745
29.808 6.0637 -6.0637
29.809 6.06954 -6.06954
29.81 6.07499 -6.07499
29.811 6.08005 -6.08005
29.812 6.08473 -6.08473
29.813 6.08905 -6.08905
29.814 6.093 -6.093
29.815 6.0966 -6.0966
29.816 6.09985 -6.09985
29.817 6.10276 -6.10276
29.818 6.10533 -6.10533
29.819 6.10758 -6.10758
29.82 6.1095 -6.1095
29.821 6.1111 -6.1111
29.822 6.11239 -6.11239
29.823 6.11333 -6.11333
29.824 6.11394 -6.11394
29.825 6.11419 -6.11419
29.826 6.11408 -6.11408
29.827 6.1136 -6.1136
29.828 6.11274 -6.11274
29.829 6.11149 -6.11149
29.83 6.10984 -6.10984
29.831 6.1078 -6.1078
29.832 6.10535 -6.10535
29.833 6.10252 -6.10252
29.834 6.09932 -6.09932
29.835 6.09575 -6.09575
29.836 6.09182 -6.09182
29.837 6.08754 -6.08754
29.838 6.08292 -6.08292
29.839 6.07798 -6.07798
29.84 6.07272 -6.07272
29.841 6.06714 -6.06714
29.842 6.06126 -6.06126
29.843 6.05505 -6.05505
29.844 6.0485 -6.04853
29.845 6.04163 -6.04166
29.846 6.03442 -6.03445
29.847 6.02687 -6.02689
29.848 6.01896 -6.01897
29.849 6.01069 -6.0107
29.85 6.00206 -6.00206
29.851 5.99306 -5.99306
29.852 5.98369 -5.98369
29.853 5.97396 -5.97395
29.854 5.96387 -5.96385
29.855 5.95342 -5.9534
29.856 5.94262 -5.9426
29.857 5.93147 -5.93145
29.858 5.91998 -5.91995
29.859 5.90813 -5.90813
29.86 5.89596 -5.89596
29.861 5.88346 -5.88346
29.862 5.87064 -5.87064
29.863 5.85752 -5.85752
29.864 5.84411 -5.84411
29.865 5.83042 -5.83042
29.866 5.81646 -5.81646
29.867 5.80225 -5.80225
29.868 5.78781 -5.78781
29.869 5.77314 -5.77314
29.87 5.75827 -5.75827
29.871 5.7432 -5.7432
29.872 5.72794 -5.72794
29.873 5.71252 -5.71252
29.874 5.69694 -5.69694
29.875 5.68122 -5.68122
29.876 5.66537 -5.66537
29.877 5.64941 -5.64941
29.878 5.63335 -5.63335
29.879 5.6172 -5.6172
29.88 5.60098 -5.60098
29.881 5.5847 -5.5847
29.882 5.56836 -5.56836
29.883 5.55198 -5.55198
29.884 5.53555 -5.53555
29.885 5.51908 -5.51908
29.886 5.50258 -5.50258
29.887 5.48606 -5.48606
29.888 5.4695 -5.4695
29.889 5.45293 -5.45293
29.89 5.43635 -5.43635
29.891 5.41976 -5.41976
29.892 5.40316 -5.40316
29.893 5.38657 -5.38657
29.894 5.36998 -5.36998
29.895 5.3534 -5.3534
29.896 5.33684 -5.33684
29.897 5.32031 -5.32031
29.898 5.30379 -5.30379
29.899 5.28732 -5.28732
29.9 5.27087 -5.27087
29.901 5.25447 -5.25447
29.902 5.23812 -5.23812
29.903 5.22181 -5.22181
29.904 5.20557 -5.20557
29.905 5.18938 -5.18938
29.906 5.17326 -5.17326
29.907 5.15721 -5.15721
29.908 5.14124 -5.14124
29.909 5.12534 -5.12534
29.91 5.10954 -5.10954
29.911 5.09381 -5.09381
29.912 5.07818 -5.07818
29.913 5.06262 -5.06262
29.914 5.04714 -5.04714
29.915 5.03174 -5.03174
29.916 5.0164 -5.0164
29.917 5.00113 -5.00113
29.918 4.98592 -4.98592
29.919 4.97077 -4.97077
29.92 4.95567 -4.95567
29.921 4.94062 -4.94062
29.922 4.92561 -4.92561
29.923 4.91065 -4.91065
29.924 4.89572 -4.89572
29.925 4.88082 -4.88082
29.926 4.86595 -4.86595
29.927 4.85111 -4.85111
29.928 4.83629 -4.83629
29.929 4.82148 -4.82148
29.93 4.80668 -4.80668
29.931 4.7919 -4.7919
29.932 4.77712 -4.77712
29.933 4.76234 -4.76234
29.934 4.74756 -4.74756
29.935 4.73277 -4.73277
29.936 4.71797 -4.71797
29.937 4.70315 -4.70315
29.938 4.68832 -4.68832
29.939 4.67347 -4.67347
29.94 4.65859 -4.65859
29.941 4.64367 -4.64367
29.942 4.62872 -4.62872
29.943 4.61372 -4.61372
29.944 4.59864 -4.59864
29.945 4.58349 -4.58349
29.946 4.56825 -4.56825
29.947 4.55291 -4.55291
29.948 4.53745 -4.53745
29.949 4.52187 -4.52187
29.95 4.50615 -4.50615
29.951 4.49028 -4.49028
29.952 4.47425 -4.47425
29.953 4.45805 -4.45805
29.954 4.44167 -4.44167
29.955 4.42509 -4.42509
29.956 4.40831 -4.40831
29.957 4.39131 -4.39131
29.958 4.37408 -4.37408
29.959 4.35662 -4.35662
29.96 4.3389 -4.3389
29.961 4.32093 -4.32093
29.962 4.30269 -4.30269
29.963 4.28417 -4.28417
29.964 4.26536 -4.26536
29.965 4.24626 -4.24626
29.966 4.22684 -4.22684
29.967 4.20711 -4.20711
29.968 4.18705 -4.18705
29.969 4.16665 -4.16665
29.97 4.14591 -4.14591
29.971 4.12481 -4.12481
29.972 4.10334 -4.10334
29.973 4.08147 -4.08147
29.974 4.05921 -4.05921
29.975 4.03652 -4.03652
29.976 4.01338 -4.01338
29.977 3.9898 -3.9898
29.978 3.96574 -3.96574
29.979 3.94119 -3.94119
29.98 3.91614 -3.91614
29.981 3.89057 -3.89057
29.982 3.86446 -3.86446
29.983 3.8378 -3.8378
29.984 3.81058 -3.81058
29.985 3.78278 -3.78278
29.986 3.75439 -3.75439
29.987 3.72538 -3.72538
29.988 3.69576 -3.69576
29.989 3.6655 -3.6655
29.99 3.63459 -3.63459
29.991 3.60302 -3.60302
29.992 3.57078 -3.57078
29.993 3.53785 -3.53785
29.994 3.50423 -3.50423
29.995 3.46989 -3.46989
29.996 3.43483 -3.43483
29.997 3.39904 -3.39904
29.998 3.3625 -3.3625
29.999 3.3252 -3.3252
30 3.28715 -3.28715
30.001 3.24831 -3.24831
30.002 3.20871 -3.20871
30.003 3.16832 -3.16832
30.004 3.12716 -3.12716
30.005 3.08521 -3.08521
30.006 3.04249 -3.04249
30.007 2.99899 -2.99899
30.008 2.95472 -2.95472
30.009 2.90966 -2.90966
30.01 2.86383 -2.86383
30.011 2.81722 -2.81722
30.012 2.76984 -2.76984
30.013 2.72166 -2.72166
30.014 2.67269 -2.67269
30.015 2.62292 -2.62292
30.016 2.57234 -2.57234
30.017 2.52095 -2.52095
30.018 2.46874 -2.46874
30.019 2.41571 -2.41571
30.02 2.36185 -2.36185
30.021 2.30716 -2.30716
30.022 2.25166 -2.25166
30.023 2.19535 -2.19535
30.024 2.13826 -2.13826
30.025 2.08038 -2.08038
30.026 2.02175 -2.02175
30.027 1.96237 -1.96237
30.028 1.90225 -1.90225
30.029 1.84143 -1.84143
30.03 1.7799 -1.7799
30.031 1.71768 -1.71768
30.032 1.65479 -1.65479
30.033 1.59123 -1.59123
30.034 1.527 -1.527
30.035 1.46213 -1.46213
30.036 1.39661 -1.39661
30.037 1.33045 -1.33045
30.038 1.26367 -1.26367
30.039 1.19627 -1.19627
30.04 1.12827 -1.12827
30.041 1.05967 -1.05967
30.042 0.990501 -0.990501
30.043 0.920793 -0.920793
30.044 0.850571 -0.850571
30.045 0.779864 -0.779864
30.046 0.708701 -0.708701
30.047 0.637111 -0.637111
30.048 0.565123 -0.565123
30.049 0.492767 -0.492767
30.05 0.420071 -0.420071
30.051 0.347067 -0.347067
30.052 0.273783 -0.273783
30.053 0.200251 -0.200251
30.054 0.1265 -0.1265
30.055 0.0525609 -0.0525609
30.056 -0.0215351 0.0215351
30.057 -0.0957574 0.0957574
30.058 -0.170075 0.170075
30.059 -0.244456 0.244456
30.06 -0.318869 0.318869
30.061 -0.393285 0.393285
30.062 -0.467678 0.467678
30.063 -0.542026 0.542026
30.064 -0.616305 0.616305
30.065 -0.690492 0.690492
30.066 -0.764564 0.764564
30.067 -0.838497 0.838497
30.068 -0.912269 0.912269
30.069 -0.985855 0.985855
30.07 -1.05923 1.05923
30.071 -1.13238 1.13238
30.072 -1.20527 1.20527
30.073 -1.27788 1.27788
30.074 -1.35019 1.35019
30.075 -1.42218 1.42218
30.076 -1.49382 1.49382
30.077 -1.56508 1.56508
30.078 -1.63596 1.63596
30.079 -1.70641 1.70641
30.08 -1.77643 1.77643
30.081 -1.84599 1.84599
30.082 -1.91507 1.91507
30.083 -1.98364 1.98364
30.084 -2.05168 2.05168
30.085 -2.11917 2.11917
30.086 -2.1861 2.1861
30.087 -2.25243 2.25243
30.088 -2.31815 2.31815
30.089 -2.38324 2.38324
30.09 -2.44768 2.44768
30.091 -2.51144 2.51144
30.092 -2.57452 2.57452
30.093 -2.63688 2.63688
30.094 -2.69851 2.69851
30.095 -2.75939 2.75939
30.096 -2.8195 2.8195
30.097 -2.87883 2.87883
30.098 -2.93736 2.93736
30.099 -2.99507 2.99507
30.1 -3.05194 3.05194
30.101 -3.10796 3.10796
30.102 -3.16311 3.16311
30.103 -3.21737 3.21737
30.104 -3.27074 3.27074
30.105 -3.3232 3.3232
30.106 -3.37473 3.37473
30.107 -3.42532 3.42532
30.108 -3.47495 3.47495
30.109 -3.52362 3.52362
30.11 -3.57132 3.57132
30.111 -3.61802 3.61802
30.112 -3.66372 3.66372
30.113 -3.70838 3.70838
30.114 -3.752 3.752
30.115 -3.79456 3.79456
30.116 -3.83603 3.83603
30.117 -3.87641 3.87641
30.118 -3.91567 3.91567
30.119 -3.95381 3.95381
30.12 -3.9908 3.9908
30.121 -4.02662 4.02662
30.122 -4.06125 4.06125
30.123 -4.09467 4.09467
30.124 -4.12683 4.12683
30.125 -4.15771 4.15771
30.126 -4.18728 4.18728
30.127 -4.21552 4.21552
30.128 -4.24239 4.24239
30.129 -4.26787 4.26787
30.13 -4.29194 4.29194
30.131 -4.31457 4.31457
30.132 -4.33575 4.33575
30.133 -4.35545 4.35545
30.134 -4.37368 4.37368
30.135 -4.3904 4.3904
30.136 -4.40562 4.40562
30.137 -4.41931 4.41931
30.138 -4.43148 4.43148
30.139 -4.4421 4.4421
30.14 -4.45117 4.45117
30.141 -4.45868 4.45868
30.142 -4.46462 4.46462
30.143 -4.46899 4.46899
30.144 -4.47178 4.47178
30.145 -4.47297 4.47297
30.146 -4.47258 4.47258
30.147 -4.47057 4.47059
30.148 -4.46699 4.46699
30.149 -4.4618 4.46177
30.15 -4.45498 4.45498
30.151 -4.44656 4.44656
30.152 -4.43654 4.43654
30.153 -4.42493 4.42493
30.154 -4.41173 4.41173
30.155 -4.39695 4.39695
30.156 -4.38061 4.38061
30.157 -4.36272 4.36272
30.158 -4.34328 4.34328
30.159 -4.3223 4.3223
30.16 -4.2998 4.2998
30.161 -4.2758 4.2758
30.162 -4.25031 4.25031
30.163 -4.22335 4.22335
30.164 -4.19495 4.19495
30.165 -4.16513 4.16513
30.166 -4.13392 4.13392
30.167 -4.10133 4.10133
30.168 -4.0674 4.0674
30.169 -4.03214 4.03214
30.17 -3.99559 3.99559
30.171 -3.95776 3.95776
30.172 -3.91869 3.91869
30.173 -3.87839 3.87839
30.174 -3.83691 3.83691
30.175 -3.79425 3.79425
30.176 -3.75046 3.75046
30.177 -3.70555 3.70555
30.178 -3.65956 3.65956
30.179 -3.61252 3.61252
30.18 -3.56445 3.56445
30.181 -3.51538 3.51538
30.182 -3.46535 3.46535
30.183 -3.4144 3.4144
30.184 -3.36256 3.36256
30.185 -3.30987 3.30987
30.186 -3.25638 3.25638
30.187 -3.20212 3.20212
30.188 -3.14713 3.14713
30.189 -3.09144 3.09144
30.19 -3.03511 3.03511
30.191 -2.97816 2.97816
30.192 -2.92061 2.92061
30.193 -2.86247 2.86247
30.194 -2.80376 2.80376
30.195 -2.7445 2.7445
30.196 -2.6847 2.6847
30.197 -2.62437 2.62437
30.198 -2.56352 2.56352
30.199 -2.50218 2.50218
30.2 -2.44036 2.44036
30.201 -2.37807 2.37807
30.202 -2.31533 2.31533
30.203 -2.25215 2.25215
30.204 -2.18856 2.18856
30.205 -2.12456 2.12456
30.206 -2.06017 2.06017
30.207 -1.99541 1.99541
30.208 -1.9303 1.9303
30.209 -1.86485 1.86485
30.21 -1.79908 1.79908
30.211 -1.73301 1.73301
30.212 -1.66664 1.66664
30.213 -1.59998 1.59998
30.214 -1.53304 1.53304
30.215 -1.46584 1.46584
30.216 -1.39838 1.39838
30.217 -1.33067 1.33067
30.218 -1.26271 1.26271
30.219 -1.19453 1.19453
30.22 -1.12612 1.12612
30.221 -1.05751 1.05751
30.222 -0.988715 0.988715
30.223 -0.919761 0.919761
30.224 -0.850679 0.850679
30.225 -0.781496 0.781496
30.226 -0.712239 0.712239
30.227 -0.642938 0.642938
30.228 -0.573619 0.573619
30.229 -0.504312 0.504312
30.23 -0.435044 0.435044
30.231 -0.365841 0.365841
30.232 -0.296725 0.296725
30.233 -0.227716 0.227716
30.234 -0.158833 0.158833
30.235 -0.0900961 0.0900961
30.236 -0.0215249 0.0215249
30.237 0.0468608 -0.0468608
30.238 0.115041 -0.115041
30.239 0.182996 -0.182996
30.24 0.250706 -0.250706
30.241 0.318146 -0.318146
30.242 0.385284 -0.385284
30.243 0.452083 -0.452083
30.244 0.518505 -0.518505
30.245 0.584515 -0.584515
30.246 0.650075 -0.650075
30.247 0.715148 -0.715148
30.248 0.779698 -0.779698
30.249 0.84369 -0.84369
30.25 0.907086 -0.907086
30.251 0.969853 -0.969853
30.252 1.03196 -1.03196
30.253 1.09339 -1.09339
30.254 1.1541 -1.1541
30.255 1.21408 -1.21408
30.256 1.27329 -1.27329
30.257 1.33172 -1.33172
30.258 1.38934 -1.38934
30.259 1.44611 -1.44611
30.26 1.50203 -1.50203
30.261 1.55706 -1.55706
30.262 1.61119 -1.61119
30.263 1.66438 -1.66438
30.264 1.71661 -1.71661
30.265 1.76787 -1.76787
30.266 1.81814 -1.81814
30.267 1.86738 -1.86738
30.268 1.91559 -1.91559
30.269 1.96273 -1.96273
30.27 2.00879 -2.00879
30.271 2.05376 -2.05376
30.272 2.09761 -2.09761
30.273 2.14032 -2.14032
30.274 2.18188 -2.18188
30.275 2.22227 -2.22227
30.276 2.26148 -2.26148
30.277 2.29948 -2.29948
30.278 2.33626 -2.33626
30.279 2.37182 -2.37182
30.28 2.40612 -2.40612
30.281 2.43917 -2.43917
30.282 2.47095 -2.47095
30.283 2.50144 -2.50144
30.284 2.53063 -2.53063
30.285 2.55852 -2.55852
30.286 2.58509 -2.58509
30.287 2.61034 -2.61034
30.288 2.63424 -2.63424
30.289 2.65681 -2.65681
30.29 2.67802 -2.67802
30.291 2.69786 -2.69786
30.292 2.71634 -2.71634
30.293 2.73342 -2.73342
30.294 2.7491 -2.7491
30.295 2.76336 -2.76336
30.296 2.7762 -2.7762
30.297 2.78759 -2.78759
30.298 2.79753 -2.79753
30.299 2.806 -2.806
30.3 2.813 -2.813
30.301 2.81851 -2.81851
30.302 2.82253 -2.82253
30.303 2.82502 -2.82502
30.304 2.82597 -2.82599
30.305 2.82539 -2.8254
30.306 2.82325 -2.82323
30.307 2.81953 -2.81949
30.308 2.81419 -2.81419
30.309 2.80726 -2.80726
30.31 2.79872 -2.79872
30.311 2.78854 -2.78854
30.312 2.77673 -2.77673
30.313 2.76327 -2.76327
30.314 2.74816 -2.74816
30.315 2.73137 -2.73137
30.316 2.71291 -2.71291
30.317 2.69277 -2.69277
30.318 2.67093 -2.67093
30.319 2.64741 -2.64741
30.32 2.62218 -2.62218
30.321 2.59524 -2.59524
30.322 2.56661 -2.56661
30.323 2.53628 -2.53628
30.324 2.50426 -2.50426
30.325 2.47056 -2.47056
30.326 2.43517 -2.43517
30.327 2.39812 -2.39812
30.328 2.35941 -2.35941
30.329 2.31905 -2.31905
30.33 2.27704 -2.27704
30.331 2.2334 -2.2334
30.332 2.18815 -2.18815
30.333 2.14131 -2.14131
30.334 2.09289 -2.09289
30.335 2.04291 -2.04291
30.336 1.99141 -1.99141
30.337 1.9384 -1.9384
30.338 1.8839 -1.8839
30.339 1.82793 -1.82793
30.34 1.77053 -1.77053
30.341 1.7117 -1.7117
30.342 1.65149 -1.65149
30.343 1.58991 -1.58991
30.344 1.52698 -1.52698
30.345 1.46274 -1.46274
30.346 1.39721 -1.39721
30.347 1.33042 -1.33042
30.348 1.26239 -1.26239
30.349 1.19316 -1.19316
30.35 1.12274 -1.12274
30.351 1.05118 -1.05118
30.352 0.978494 -0.978494
30.353 0.904718 -0.904718
30.354 0.82988 -0.82988
30.355 0.754012 -0.754012
30.356 0.677146 -0.677146
30.357 0.599311 -0.599311
30.358 0.520541 -0.520541
30.359 0.440868 -0.440868
30.36 0.360324 -0.360324
30.361 0.278944 -0.278944
30.362 0.196761 -0.196761
30.363 0.113809 -0.113809
30.364 0.0301228 -0.0301228
30.365 -0.0542622 0.0542622
30.366 -0.13931 0.13931
30.367 -0.224985 0.224985
30.368 -0.311251 0.311251
30.369 -0.398069 0.398069
30.37 -0.485403 0.485403
30.371 -0.573217 0.573217
30.372 -0.661479 0.661479
30.373 -0.75016 0.75016
30.374 -0.839228 0.839228
30.375 -0.928654 0.928654
30.376 -1.01841 1.01841
30.377 -1.10845 1.10845
30.378 -1.19877 1.19877
30.379 -1.28931 1.28931
30.38 -1.38005 1.38005
30.381 -1.47096 1.47096
30.382 -1.56201 1.56201
30.383 -1.65315 1.65315
30.384 -1.74437 1.74437
30.385 -1.83562 1.83562
30.386 -1.92687 1.92687
30.387 -2.01809 2.01809
30.388 -2.10925 2.10925
30.389 -2.20031 2.20031
30.39 -2.29123 2.29123
30.391 -2.38199 2.38199
30.392 -2.47255 2.47255
30.393 -2.56287 2.56287
30.394 -2.65292 2.65292
30.395 -2.74268 2.74268
30.396 -2.83209 2.83209
30.397 -2.92114 2.92114
30.398 -3.00978 3.00978
30.399 -3.09798 3.09798
30.4 -3.18572 3.18572
30.401 -3.27295 3.27295
30.402 -3.35964 3.35964
30.403 -3.44576 3.44576
30.404 -3.53128 3.53128
30.405 -3.61617 3.61617
30.406 -3.70039 3.70039
30.407 -3.78391 3.78391
30.408 -3.8667 3.8667
30.409 -3.94874 3.94874
30.41 -4.02998 4.02998
30.411 -4.1104 4.1104
30.412 -4.18995 4.18995
30.413 -4.26858 4.26858
30.414 -4.34626 4.34626
30.415 -4.42293 4.42293
30.416 -4.49856 4.49856
30.417 -4.57309 4.57309
30.418 -4.64648 4.64648
30.419 -4.7187 4.7187
30.42 -4.78969 4.78969
30.421 -4.85943 4.85943
30.422 -4.92785 4.92785
30.423 -4.99491 4.99491
30.424 -5.06058 5.06058
30.425 -5.12479 5.12479
30.426 -5.1875 5.1875
30.427 -5.24868 5.24868
30.428 -5.30828 5.30828
30.429 -5.36625 5.36625
30.43 -5.42256 5.42256
30.431 -5.47716 5.47716
30.432 -5.53003 5.53003
30.433 -5.58111 5.58111
30.434 -5.63038 5.63038
30.435 -5.6778 5.6778
30.436 -5.72334 5.72334
30.437 -5.76696 5.76696
30.438 -5.80863 5.80863
30.439 -5.84832 5.84832
30.44 -5.88601 5.88601
30.441 -5.92167 5.92167
30.442 -5.95526 5.95526
30.443 -5.98677 5.98677
30.444 -6.01617 6.01617
30.445 -6.04343 6.04343
30.446 -6.06855 6.06855
30.447 -6.09149 6.09149
30.448 -6.11223 6.11223
30.449 -6.13077 6.13077
30.45 -6.14707 6.14707
30.451 -6.16114 6.16114
30.452 -6.17297 6.17297
30.453 -6.18256 6.18256
30.454 -6.18992 6.18992
30.455 -6.19505 6.19505
30.456 -6.19796 6.19796
30.457 -6.19866 6.19866
30.458 -6.19716 6.19716
30.459 -6.19347 6.19347
30.46 -6.18759 6.18759
30.461 -6.17953 6.17955
30.462 -6.16933 6.16932
30.463 -6.15699 6.15696
30.464 -6.14248 6.14248
30.465 -6.12588 6.12588
30.466 -6.10716 6.10716
30.467 -6.08636 6.08636
30.468 -6.06349 6.06349
30.469 -6.03856 6.03856
30.47 -6.01159 6.01159
30.471 -5.9826 5.9826
30.472 -5.9516 5.9516
30.473 -5.9186 5.9186
30.474 -5.88362 5.88362
30.475 -5.84666 5.84666
30.476 -5.80773 5.80773
30.477 -5.76685 5.76685
30.478 -5.72404 5.72404
30.479 -5.6793 5.6793
30.48 -5.63265 5.63265
30.481 -5.58411 5.58411
30.482 -5.53369 5.53369
30.483 -5.48141 5.48141
30.484 -5.42727 5.42727
30.485 -5.37131 5.37131
30.486 -5.31353 5.31353
30.487 -5.25396 5.25396
30.488 -5.1926 5.1926
30.489 -5.12949 5.12949
30.49 -5.06463 5.06463
30.491 -4.99805 4.99805
30.492 -4.92975 4.92975
30.493 -4.85972 4.85972
30.494 -4.78798 4.78798
30.495 -4.71453 4.71453
30.496 -4.63936 4.63936
30.497 -4.5625 4.5625
30.498 -4.48393 4.48393
30.499 -4.40366 4.40366
30.5 -4.32171 4.32171
30.501 -4.23807 4.23807
30.502 -4.15276 4.15276
30.503 -4.06579 4.06579
30.504 -3.97719 3.97719
30.505 -3.88696 3.88696
30.506 -3.79513 3.79513
30.507 -3.70171 3.70171
30.508 -3.60671 3.60671
30.509 -3.51016 3.51016
30.51 -3.41207 3.41207
30.511 -3.31247 3.31247
30.512 -3.21137 3.21137
30.513 -3.10878 3.10878
30.514 -3.00474 3.00474
30.515 -2.89926 2.89926
30.516 -2.79237 2.79237
30.517 -2.68408 2.68408
30.518 -2.57441 2.57441
30.519 -2.4634 2.4634
30.52 -2.35105 2.35105
30.521 -2.23741 2.23741
30.522 -2.12249 2.12249
30.523 -2.00634 2.00634
30.524 -1.88898 1.88898
30.525 -1.77046 1.77046
30.526 -1.6508 1.6508
30.527 -1.53004 1.53004
30.528 -1.40823 1.40823
30.529 -1.28539 1.28539
30.53 -1.16157 1.16157
30.531 -1.03681 1.03681
30.532 -0.911149 0.911149
30.533 -0.784639 0.784639
30.534 -0.65733 0.65733
30.535 -0.529273 0.529273
30.536 -0.400518 0.400518
30.537 -0.271118 0.271118
30.538 -0.141125 0.141125
30.539 -0.0105934 0.0105934
30.54 0.120423 -0.120423
30.541 0.251869 -0.251869
30.542 0.383688 -0.383688
30.543 0.515822 -0.515822
30.544 0.648214 -0.648214
30.545 0.780805 -0.780805
30.546 0.913535 -0.913535
30.547 1.04635 -1.04635
30.548 1.17917 -1.17917
30.549 1.31196 -1.31196
30.55 1.44465 -1.44465
30.551 1.57716 -1.57716
30.552 1.70946 -1.70946
30.553 1.84146 -1.84146
30.554 1.9731 -1.9731
30.555 2.10434 -2.10434
30.556 2.23509 -2.23509
30.557 2.36529 -2.36529
30.558 2.4949 -2.4949
30.559 2.62383 -2.62383
30.56 2.75202 -2.75202
30.561 2.87943 -2.87943
30.562 3.00599 -3.00599
30.563 3.13166 -3.13166
30.564 3.25639 -3.25639
30.565 3.38015 -3.38015
30.566 3.50288 -3.50288
30.567 3.62455 -3.62455
30.568 3.7451 -3.7451
30.569 3.8645 -3.8645
30.57 3.98269 -3.98269
30.571 4.09965 -4.09965
30.572 4.21534 -4.21534
30.573 4.32972 -4.32972
30.574 4.44276 -4.44276
30.575 4.55443 -4.55443
30.576 4.66471 -4.66471
30.577 4.77355 -4.77355
30.578 4.88094 -4.88094
30.579 4.98685 -4.98685
30.58 5.09125 -5.09125
30.581 5.19412 -5.19412
30.582 5.29542 -5.29542
30.583 5.39515 -5.39515
30.584 5.49326 -5.49326
30.585 5.58975 -5.58975
30.586 5.6846 -5.6846
30.587 5.77778 -5.77778
30.588 5.86927 -5.86927
30.589 5.95906 -5.95906
30.59 6.04714 -6.04714
30.591 6.13348 -6.13348
30.592 6.21807 -6.21807
30.593 6.30089 -6.30089
30.594 6.38191 -6.38191
30.595 6.46112 -6.46112
30.596 6.5385 -6.5385
30.597 6.61403 -6.61403
30.598 6.68771 -6.68771
30.599 6.75951 -6.75951
30.6 6.82943 -6.82943
30.601 6.89746 -6.89746
30.602 6.96357 -6.96357
30.603 7.02774 -7.02774
30.604 7.08998 -7.08998
30.605 7.15025 -7.15025
30.606 7.20856 -7.20856
30.607 7.26488 -7.26488
30.608 7.3192 -7.3192
30.609 7.37153 -7.37153
30.61 7.42184 -7.42184
30.611 7.47014 -7.47014
30.612 7.51642 -7.51642
30.613 7.56067 -7.56067
30.614 7.6029 -7.6029
30.615 7.6431 -7.6431
30.616 7.68127 -7.68127
30.617 7.71741 -7.71741
30.618 7.75153 -7.75153
30.619 7.78362 -7.78362
30.62 7.8137 -7.8137
30.621 7.84177 -7.84177
30.622 7.86783 -7.86783
30.623 7.89189 -7.89189
30.624 7.91396 -7.91396
30.625 7.93405 -7.93405
30.626 7.95218 -7.95218
30.627 7.96834 -7.96834
30.628 7.98256 -7.98256
30.629 7.99484 -7.99484
30.63 8.00521 -8.00521
30.631 8.01367 -8.01367
30.632 8.02024 -8.02024
30.633 8.02493 -8.02493
30.634 8.02777 -8.02777
30.635 8.02877 -8.02877
30.636 8.02795 -8.02795
30.637 8.02532 -8.02532
30.638 8.02091 -8.02091
30.639 8.01474 -8.01474
30.64 8.00682 -8.00682
30.641 7.99718 -7.99718
30.642 7.98583 -7.98583
30.643 7.97281 -7.97281
30.644 7.95813 -7.95813
30.645 7.94182 -7.94182
30.646 7.92388 -7.9239
30.647 7.90437 -7.90438
30.648 7.88331 -7.88328
30.649 7.86069 -7.86066
30.65 7.83654 -7.83654
30.651 7.81091 -7.81091
30.652 7.78382 -7.78382
30.653 7.75528 -7.75528
30.654 7.72533 -7.72533
30.655 7.69399 -7.69399
30.656 7.66129 -7.66129
30.657 7.62725 -7.62725
30.658 7.59191 -7.59191
30.659 7.55527 -7.55527
30.66 7.51739 -7.51739
30.661 7.47827 -7.47827
30.662 7.43795 -7.43795
30.663 7.39646 -7.39646
30.664 7.35382 -7.35382
30.665 7.31007 -7.31007
30.666 7.26522 -7.26522
30.667 7.21931 -7.21931
30.668 7.17237 -7.17237
30.669 7.12441 -7.12441
30.67 7.07549 -7.07549
30.671 7.02561 -7.02561
30.672 6.97481 -6.97481
30.673 6.92312 -6.92312
30.674 6.87056 -6.87056
30.675 6.81717 -6.81717
30.676 6.76297 -6.76297
30.677 6.708 -6.708
30.678 6.65228 -6.65228
30.679 6.59584 -6.59584
30.68 6.53871 -6.53871
30.681 6.48092 -6.48092
30.682 6.4225 -6.4225
30.683 6.36348 -6.36348
30.684 6.30388 -6.30388
30.685 6.24374 -6.24374
30.686 6.18309 -6.18309
30.687 6.12195 -6.12195
30.688 6.06036 -6.06036
30.689 5.99834 -5.99834
30.69 5.93593 -5.93593
30.691 5.87315 -5.87315
30.692 5.81004 -5.81004
30.693 5.74661 -5.74661
30.694 5.68291 -5.68291
30.695 5.61897 -5.61897
30.696 5.5548 -5.5548
30.697 5.49045 -5.49045
30.698 5.42594 -5.42594
30.699 5.3613 -5.3613
30.7 5.29656 -5.29656
30.701 5.23175 -5.23175
30.702 5.1669 -5.1669
30.703 5.10204 -5.10204
30.704 5.03721 -5.03721
30.705 4.97242 -4.97242
30.706 4.90771 -4.90771
30.707 4.84311 -4.84311
30.708 4.77865 -4.77865
30.709 4.71436 -4.71436
30.71 4.65026 -4.65026
30.711 4.58639 -4.58639
30.712 4.52276 -4.52276
30.713 4.45938 -4.45938
30.714 4.39626 -4.39626
30.715 4.33342 -4.33342
30.716 4.27086 -4.27086
30.717 4.20861 -4.20861
30.718 4.14666 -4.14666
30.719 4.08504 -4.08504
30.72 4.02375 -4.02375
30.721 3.96281 -3.96281
30.722 3.90223 -3.90223
30.723 3.84202 -3.84202
30.724 3.78219 -3.78219
30.725 3.72275 -3.72275
30.726 3.66372 -3.66372
30.727 3.60511 -3.60511
30.728 3.54692 -3.54692
30.729 3.48918 -3.48918
30.73 3.43188 -3.43188
30.731 3.37505 -3.37505
30.732 3.31867 -3.31867
30.733 3.26277 -3.26277
30.734 3.20733 -3.20733
30.735 3.15237 -3.15237
30.736 3.09787 -3.09787
30.737 3.04386 -3.04386
30.738 2.99031 -2.99031
30.739 2.93725 -2.93725
30.74 2.88467 -2.88467
30.741 2.83257 -2.83257
30.742 2.78096 -2.78096
30.743 2.72985 -2.72985
30.744 2.67926 -2.67926
30.745 2.62918 -2.62918
30.746 2.57964 -2.57964
30.747 2.53064 -2.53064
30.748 2.48218 -2.48218
30.749 2.43429 -2.43429
30.75 2.38696 -2.38696
30.751 2.34021 -2.34021
30.752 2.29407 -2.29407
30.753 2.24855 -2.24855
30.754 2.20369 -2.20369
30.755 2.1595 -2.1595
30.756 2.11602 -2.11602
30.757 2.07327 -2.07327
30.758 2.03127 -2.03127
30.759 1.99005 -1.99005
30.76 1.94963 -1.94963
30.761 1.91004 -1.91004
30.762 1.87129 -1.87129
30.763 1.83342 -1.83342
30.764 1.79645 -1.79645
30.765 1.76039 -1.76039
30.766 1.72527 -1.72527
30.767 1.69111 -1.69111
30.768 1.65793 -1.65793
30.769 1.62576 -1.62576
30.77 1.59461 -1.59461
30.771 1.5645 -1.5645
30.772 1.53545 -1.53545
30.773 1.50747 -1.50747
30.774 1.48056 -1.48056
30.775 1.45474 -1.45474
30.776 1.43002 -1.43002
30.777 1.4064 -1.4064
30.778 1.38389 -1.38389
30.779 1.36251 -1.36251
30.78 1.34225 -1.34225
30.781 1.32313 -1.32313
30.782 1.30515 -1.30515
30.783 1.2883 -1.2883
30.784 1.27258 -1.27258
30.785 1.25798 -1.25798
30.786 1.24451 -1.24451
30.787 1.23215 -1.23215
30.788 1.22091 -1.22091
30.789 1.21078 -1.21078
30.79 1.20176 -1.20176
30.791 1.19382 -1.19382
30.792 1.18698 -1.18698
30.793 1.18119 -1.18119
30.794 1.17646 -1.17646
30.795 1.17277 -1.17277
30.796 1.17011 -1.17008
30.797 1.16843 -1.16841
30.798 1.16773 -1.16772
30.799 1.168 -1.168
30.8 1.16921 -1.16923
30.801 1.17136 -1.17138
30.802 1.17444 -1.17444
30.803 1.17842 -1.17842
30.804 1.18329 -1.18329
30.805 1.18905 -1.18905
30.806 1.19567 -1.19567
30.807 1.20317 -1.20317
30.808 1.2115 -1.2115
30.809 1.22068 -1.22068
30.81 1.23067 -1.23067
30.811 1.24148 -1.24148
30.812 1.25308 -1.25308
30.813 1.26549 -1.26549
30.814 1.27868 -1.27868
30.815 1.29266 -1.29266
30.816 1.30742 -1.30742
30.817 1.32295 -1.32295
30.818 1.33924 -1.33924
30.819 1.35629 -1.35629
30.82 1.37409 -1.37409
30.821 1.39263 -1.39263
30.822 1.4119 -1.4119
30.823 1.43189 -1.43189
30.824 1.4526 -1.4526
30.825 1.474 -1.474
30.826 1.49611 -1.49611
30.827 1.51889 -1.51889
30.828 1.54235 -1.54235
30.829 1.56648 -1.56648
30.83 1.59125 -1.59125
30.831 1.61666 -1.61666
30.832 1.6427 -1.6427
30.833 1.66936 -1.66936
30.834 1.69663 -1.69663
30.835 1.72448 -1.72448
30.836 1.75292 -1.75292
30.837 1.78192 -1.78192
30.838 1.81147 -1.81147
30.839 1.84157 -1.84157
30.84 1.87219 -1.87219
30.841 1.90332 -1.90332
30.842 1.93495 -1.93495
30.843 1.96706 -1.96706
30.844 1.99964 -1.99964
30.845 2.03268 -2.03268
30.846 2.06616 -2.06616
30.847 2.10006 -2.10006
30.848 2.13436 -2.13436
30.849 2.16906 -2.16906
30.85 2.20414 -2.20414
30.851 2.23958 -2.23958
30.852 2.27536 -2.27536
30.853 2.31147 -2.31147
30.854 2.34789 -2.34789
30.855 2.38461 -2.38461
30.856 2.42161 -2.42161
30.857 2.45887 -2.45887
30.858 2.49637 -2.49637
30.859 2.5341 -2.5341
30.86 2.57204 -2.57204
30.861 2.61017 -2.61017
30.862 2.64847 -2.64847
30.863 2.68691 -2.68691
30.864 2.72547 -2.72547
30.865 2.76411 -2.76411
30.866 2.80282 -2.80282
30.867 2.84156 -2.84156
30.868 2.88031 -2.88031
30.869 2.91904 -2.91904
30.87 2.95773 -2.95773
30.871 2.99635 -2.99635
30.872 3.0349 -3.0349
30.873 3.07336 -3.07336
30.874 3.11173 -3.11173
30.875 3.14999 -3.14999
30.876 3.18814 -3.18814
30.877 3.22616 -3.22616
30.878 3.26406 -3.26406
30.879 3.30182 -3.30182
30.88 3.33943 -3.33943
30.881 3.37689 -3.37689
30.882 3.41418 -3.41418
30.883 3.45127 -3.45127
30.884 3.48816 -3.48816
30.885 3.52483 -3.52483
30.886 3.56127 -3.56127
30.887 3.59744 -3.59744
30.888 3.63335 -3.63335
30.889 3.66897 -3.66897
30.89 3.70429 -3.70429
30.891 3.73929 -3.73929
30.892 3.77397 -3.77397
30.893 3.80831 -3.80831
30.894 3.84232 -3.84232
30.895 3.87598 -3.87598
30.896 3.90929 -3.90929
30.897 3.94225 -3.94225
30.898 3.97484 -3.97484
30.899 4.00706 -4.00706
30.9 4.03891 -4.03891
30.901 4.07038 -4.07038
30.902 4.10146 -4.10146
30.903 4.13213 -4.13213
30.904 4.16238 -4.16238
30.905 4.19219 -4.19219
30.906 4.22156 -4.22156
30.907 4.25048 -4.25048
30.908 4.27892 -4.27892
30.909 4.30687 -4.30687
30.91 4.33434 -4.33434
30.911 4.36129 -4.36129
30.912 4.38773 -4.38773
30.913 4.41364 -4.41364
30.914 4.43901 -4.43901
30.915 4.46383 -4.46383
30.916 4.48809 -4.48809
30.917 4.51177 -4.51177
30.918 4.53488 -4.53488
30.919 4.5574 -4.5574
30.92 4.57931 -4.57931
30.921 4.60062 -4.60062
30.922 4.62129 -4.62129
30.923 4.64131 -4.64131
30.924 4.66064 -4.66064
30.925 4.67926 -4.67926
30.926 4.69714 -4.69714
30.927 4.71428 -4.71428
30.928 4.73063 -4.73063
30.929 4.74617 -4.74617
30.93 4.7609 -4.7609
30.931 4.77477 -4.77477
30.932 4.78779 -4.78779
30.933 4.79993 -4.79993
30.934 4.81119 -4.81119
30.935 4.82155 -4.82155
30.936 4.831 -4.831
30.937 4.83953 -4.83953
30.938 4.84714 -4.84714
30.939 4.8538 -4.8538
30.94 4.85951 -4.85951
30.941 4.86427 -4.86427
30.942 4.86807 -4.86807
30.943 4.87088 -4.87088
30.944 4.87272 -4.87272
30.945 4.87357 -4.87357
30.946 4.87342 -4.87342
30.947 4.87227 -4.87227
30.948 4.87009 -4.87013
30.949 4.86693 -4.86695
30.95 4.86274 -4.86275
30.951 4.85754 -4.85753
30.952 4.85131 -4.8513
30.953 4.84408 -4.84405
30.954 4.83581 -4.83581
30.955 4.82656 -4.82656
30.956 4.81631 -4.81631
30.957 4.80507 -4.80507
30.958 4.79285 -4.79285
30.959 4.77965 -4.77965
30.96 4.76549 -4.76549
30.961 4.75036 -4.75036
30.962 4.73427 -4.73427
30.963 4.71723 -4.71723
30.964 4.69922 -4.69922
30.965 4.68025 -4.68025
30.966 4.66032 -4.66032
30.967 4.63944 -4.63944
30.968 4.6176 -4.6176
30.969 4.5948 -4.5948
30.97 4.57106 -4.57106
30.971 4.54637 -4.54637
30.972 4.52074 -4.52074
30.973 4.49418 -4.49418
30.974 4.46672 -4.46672
30.975 4.43836 -4.43836
30.976 4.4091 -4.4091
30.977 4.37898 -4.37898
30.978 4.348 -4.348
30.979 4.31616 -4.31616
30.98 4.2835 -4.2835
30.981 4.25002 -4.25002
30.982 4.21571 -4.21571
30.983 4.18058 -4.18058
30.984 4.14462 -4.14462
30.985 4.10784 -4.10784
30.986 4.07023 -4.07023
30.987 4.03178 -4.03178
30.988 3.99251 -3.99251
30.989 3.9524 -3.9524
30.99 3.91145 -3.91145
30.991 3.86967 -3.86967
30.992 3.82705 -3.82705
30.993 3.78358 -3.78358
30.994 3.73925 -3.73925
30.995 3.69405 -3.69405
30.996 3.64798 -3.64798
30.997 3.60102 -3.60102
30.998 3.55318 -3.55318
30.999 3.50445 -3.50445
31 3.45481 -3.45481
31.001 3.40427 -3.40427
31.002 3.35281 -3.35281
31.003 3.30044 -3.30044
31.004 3.24715 -3.24715
31.005 3.19293 -3.19293
31.006 3.13778 -3.13778
31.007 3.08169 -3.08169
31.008 3.02467 -3.02467
31.009 2.9667 -2.9667
31.01 2.90779 -2.90779
31.011 2.84794 -2.84794
31.012 2.78714 -2.78714
31.013 2.72541 -2.72541
31.014 2.66276 -2.66276
31.015 2.59919 -2.59919
31.016 2.5347 -2.5347
31.017 2.46932 -2.46932
31.018 2.40304 -2.40304
31.019 2.33587 -2.33587
31.02 2.26783 -2.26783
31.021 2.19892 -2.19892
31.022 2.12916 -2.12916
31.023 2.05857 -2.05857
31.024 1.98718 -1.98718
31.025 1.91499 -1.91499
31.026 1.84203 -1.84203
31.027 1.76831 -1.76831
31.028 1.69387 -1.69387
31.029 1.61871 -1.61871
31.03 1.54287 -1.54287
31.031 1.46636 -1.46636
31.032 1.38921 -1.38921
31.033 1.31145 -1.31145
31.034 1.23311 -1.23311
31.035 1.15423 -1.15423
31.036 1.07484 -1.07484
31.037 0.994957 -0.994957
31.038 0.914626 -0.914626
31.039 0.833877 -0.833877
31.04 0.752741 -0.752741
31.041 0.671248 -0.671248
31.042 0.589426 -0.589426
31.043 0.507298 -0.507298
31.044 0.424889 -0.424889
31.045 0.342225 -0.342225
31.046 0.259329 -0.259329
31.047 0.176228 -0.176228
31.048 0.0929475 -0.0929475
31.049 0.00951272 -0.00951272
31.05 -0.07405 0.07405
31.051 -0.157714 0.157714
31.052 -0.241454 0.241454
31.053 -0.325242 0.325242
31.054 -0.409051 0.409051
31.055 -0.492854 0.492854
31.056 -0.576625 0.576625
31.057 -0.660335 0.660335
31.058 -0.743957 0.743957
31.059 -0.827463 0.827463
31.06 -0.910826 0.910826
31.061 -0.99402 0.99402
31.062 -1.07702 1.07702
31.063 -1.15982 1.15982
31.064 -1.24239 1.24239
31.065 -1.3247 1.3247
31.066 -1.40676 1.40676
31.067 -1.48852 1.48852
31.068 -1.56999 1.56999
31.069 -1.65112 1.65112
31.07 -1.73192 1.73192
31.071 -1.81235 1.81235
31.072 -1.89242 1.89242
31.073 -1.9721 1.9721
31.074 -2.05139 2.05139
31.075 -2.13028 2.13028
31.076 -2.20875 2.20875
31.077 -2.28681 2.28681
31.078 -2.36443 2.36443
31.079 -2.44162 2.44162
31.08 -2.51835 2.51835
31.081 -2.59463 2.59463
31.082 -2.67042 2.67042
31.083 -2.74573 2.74573
31.084 -2.82052 2.82052
31.085 -2.89479 2.89479
31.086 -2.96851 2.96851
31.087 -3.04167 3.04167
31.088 -3.11425 3.11425
31.089 -3.18624 3.18624
31.09 -3.25762 3.25762
31.091 -3.32838 3.32838
31.092 -3.39848 3.39848
31.093 -3.46791 3.46791
31.094 -3.53665 3.53665
31.095 -3.60467 3.60467
31.096 -3.67195 3.67195
31.097 -3.73846 3.73846
31.098 -3.80419 3.80419
31.099 -3.86912 3.86912
31.1 -3.93321 3.93321
31.101 -3.99646 3.99646
31.102 -4.05883 4.05883
31.103 -4.1203 4.1203
31.104 -4.18084 4.18084
31.105 -4.24042 4.24042
31.106 -4.29902 4.29902
31.107 -4.3566 4.3566
31.108 -4.41315 4.41315
31.109 -4.46864 4.46864
31.11 -4.52304 4.52304
31.111 -4.57634 4.57634
31.112 -4.62851 4.62851
31.113 -4.67952 4.67952
31.114 -4.72936 4.72936
31.115 -4.77801 4.77801
31.116 -4.82544 4.82544
31.117 -4.87164 4.87164
31.118 -4.91658 4.91658
31.119 -4.96026 4.96026
31.12 -5.00265 5.00265
31.121 -5.04374 5.04374
31.122 -5.08351 5.08351
31.123 -5.12194 5.12194
31.124 -5.15903 5.15903
31.125 -5.19475 5.19475
31.126 -5.2291 5.2291
31.127 -5.26207 5.26207
31.128 -5.29364 5.29364
31.129 -5.3238 5.3238
31.13 -5.35255 5.35255
31.131 -5.37987 5.37987
31.132 -5.40578 5.40578
31.133 -5.43028 5.43028
31.134 -5.45339 5.45339
31.135 -5.47512 5.47512
31.136 -5.49547 5.49547
31.137 -5.51446 5.51446
31.138 -5.5321 5.5321
31.139 -5.54841 5.54841
31.14 -5.5634 5.5634
31.141 -5.5771 5.5771
31.142 -5.58951 5.58951
31.143 -5.60066 5.60066
31.144 -5.61058 5.61058
31.145 -5.6193 5.6193
31.146 -5.62684 5.62684
31.147 -5.63323 5.63323
31.148 -5.63849 5.63849
31.149 -5.64265 5.64265
31.15 -5.64574 5.64574
31.151 -5.64778 5.64778
31.152 -5.64879 5.64879
31.153 -5.6488 5.6488
31.154 -5.64783 5.64783
31.155 -5.64589 5.64589
31.156 -5.643 5.643
31.157 -5.63919 5.63919
31.158 -5.63447 5.6345
31.159 -5.62888 5.6289
31.16 -5.62244 5.62245
31.161 -5.61515 5.61515
31.162 -5.60705 5.60703
31.163 -5.59813 5.59811
31.164 -5.58841 5.58838
31.165 -5.5779 5.5779
31.166 -5.56663 5.56663
31.167 -5.55462 5.55462
31.168 -5.54186 5.54186
31.169 -5.52839 5.52839
31.17 -5.51421 5.51421
31.171 -5.49933 5.49933
31.172 -5.48378 5.48378
31.173 -5.46755 5.46755
31.174 -5.45065 5.45065
31.175 -5.43309 5.43309
31.176 -5.41488 5.41488
31.177 -5.39602 5.39602
31.178 -5.37654 5.37654
31.179 -5.35642 5.35642
31.18 -5.33569 5.33569
31.181 -5.31435 5.31435
31.182 -5.29243 5.29243
31.183 -5.26993 5.26993
31.184 -5.24688 5.24688
31.185 -5.22329 5.22329
31.186 -5.19919 5.19919
31.187 -5.17459 5.17459
31.188 -5.14951 5.14951
31.189 -5.12397 5.12397
31.19 -5.09799 5.09799
31.191 -5.07159 5.07159
31.192 -5.04479 5.04479
31.193 -5.0176 5.0176
31.194 -4.99005 4.99005
31.195 -4.96216 4.96216
31.196 -4.93394 4.93394
31.197 -4.90542 4.90542
31.198 -4.87661 4.87661
31.199 -4.84754 4.84754
31.2 -4.81822 4.81822
31.201 -4.78868 4.78868
31.202 -4.75893 4.75893
31.203 -4.72899 4.72899
31.204 -4.69888 4.69888
31.205 -4.66863 4.66863
31.206 -4.63826 4.63826
31.207 -4.60777 4.60777
31.208 -4.5772 4.5772
31.209 -4.54656 4.54656
31.21 -4.51587 4.51587
31.211 -4.48516 4.48516
31.212 -4.45445 4.45445
31.213 -4.42377 4.42377
31.214 -4.39315 4.39315
31.215 -4.36261 4.36261
31.216 -4.33218 4.33218
31.217 -4.3019 4.3019
31.218 -4.27179 4.27179
31.219 -4.24188 4.24188
31.22 -4.21219 4.21219
31.221 -4.18275 4.18275
31.222 -4.15359 4.15359
31.223 -4.12471 4.12471
31.224 -4.09615 4.09615
31.225 -4.06791 4.06791
31.226 -4.04002 4.04002
31.227 -4.01249 4.01249
31.228 -3.98534 3.98534
31.229 -3.9586 3.9586
31.23 -3.93227 3.93227
31.231 -3.90637 3.90637
31.232 -3.88093 3.88093
31.233 -3.85595 3.85595
31.234 -3.83146 3.83146
31.235 -3.80747 3.80747
31.236 -3.78401 3.78401
31.237 -3.76107 3.76107
31.238 -3.73869 3.73869
31.239 -3.71687 3.71687
31.24 -3.69564 3.69564
31.241 -3.675 3.675
31.242 -3.65498 3.65498
31.243 -3.63558 3.63558
31.244 -3.61683 3.61683
31.245 -3.59873 3.59873
31.246 -3.58131 3.58131
31.247 -3.56456 3.56456
31.248 -3.54852 3.54852
31.249 -3.53319 3.53319
31.25 -3.51858 3.51858
31.251 -3.5047 3.5047
31.252 -3.49155 3.49155
31.253 -3.47913 3.47913
31.254 -3.46743 3.46743
31.255 -3.45645 3.45645
31.256 -3.44617 3.44617
31.257 -3.43659 3.43659
31.258 -3.42771 3.42771
31.259 -3.41952 3.41952
31.26 -3.41201 3.41201
31.261 -3.40518 3.40518
31.262 -3.39902 3.39902
31.263 -3.39353 3.39353
31.264 -3.38873 3.38873
31.265 -3.38461 3.38458
31.266 -3.38115 3.38113
31.267 -3.37836 3.37835
31.268 -3.37625 3.37625
31.269 -3.37482 3.37482
31.27 -3.37406 3.37407
31.271 -3.37397 3.37399
31.272 -3.37455 3.37457
31.273 -3.37579 3.37583
31.274 -3.37773 3.37773
31.275 -3.38031 3.38031
31.276 -3.38355 3.38355
31.277 -3.38744 3.38744
31.278 -3.39199 3.39199
31.279 -3.39719 3.39719
31.28 -3.40303 3.40303
31.281 -3.40952 3.40952
31.282 -3.41664 3.41664
31.283 -3.4244 3.4244
31.284 -3.43278 3.43278
31.285 -3.44179 3.44179
31.286 -3.45141 3.45141
31.287 -3.46164 3.46164
31.288 -3.47248 3.47248
31.289 -3.48391 3.48391
31.29 -3.49594 3.49594
31.291 -3.50855 3.50855
31.292 -3.52175 3.52175
31.293 -3.53554 3.53554
31.294 -3.54991 3.54991
31.295 -3.56488 3.56488
31.296 -3.58043 3.58043
31.297 -3.59658 3.59658
31.298 -3.61331 3.61331
31.299 -3.63063 3.63063
31.3 -3.64854 3.64854
31.301 -3.66704 3.66704
31.302 -3.68613 3.68613
31.303 -3.7058 3.7058
31.304 -3.72606 3.72606
31.305 -3.74689 3.74689
31.306 -3.76831 3.76831
31.307 -3.7903 3.7903
31.308 -3.81287 3.81287
31.309 -3.836 3.836
31.31 -3.85971 3.85971
31.311 -3.88397 3.88397
31.312 -3.90878 3.90878
31.313 -3.93414 3.93414
31.314 -3.96001 3.96001
31.315 -3.9864 3.9864
31.316 -4.01329 4.01329
31.317 -4.04065 4.04065
31.318 -4.06849 4.06849
31.319 -4.09678 4.09678
31.32 -4.12552 4.12552
31.321 -4.15468 4.15468
31.322 -4.18425 4.18425
31.323 -4.21421 4.21421
31.324 -4.24456 4.24456
31.325 -4.27527 4.27527
31.326 -4.30633 4.30633
31.327 -4.33772 4.33772
31.328 -4.36943 4.36943
31.329 -4.40145 4.40145
31.33 -4.43374 4.43374
31.331 -4.46631 4.46631
31.332 -4.49912 4.49912
31.333 -4.53215 4.53215
31.334 -4.56537 4.56537
31.335 -4.59876 4.59876
31.336 -4.63229 4.63229
31.337 -4.66594 4.66594
31.338 -4.69968 4.69968
31.339 -4.73349 4.73349
31.34 -4.76734 4.76734
31.341 -4.8012 4.8012
31.342 -4.83506 4.83506
31.343 -4.86888 4.86888
31.344 -4.90264 4.90264
31.345 -4.93631 4.93631
31.346 -4.96988 4.96988
31.347 -5.00331 5.00331
31.348 -5.03658 5.03658
31.349 -5.06967 5.06967
31.35 -5.10255 5.10255
31.351 -5.1352 5.1352
31.352 -5.1676 5.1676
31.353 -5.19974 5.19974
31.354 -5.2316 5.2316
31.355 -5.26316 5.26316
31.356 -5.29442 5.29442
31.357 -5.32536 5.32536
31.358 -5.35595 5.35595
31.359 -5.3862 5.3862
31.36 -5.41608 5.41608
31.361 -5.44559 5.44559
31.362 -5.4747 5.4747
31.363 -5.50341 5.50341
31.364 -5.5317 5.5317
31.365 -5.55955 5.55955
31.366 -5.58697 5.58697
31.367 -5.61393 5.61393
31.368 -5.64042 5.64042
31.369 -5.66643 5.66643
31.37 -5.69195 5.69195
31.371 -5.71697 5.71697
31.372 -5.74148 5.74148
31.373 -5.76546 5.76546
31.374 -5.78891 5.78891
31.375 -5.81182 5.81182
31.376 -5.83417 5.83417
31.377 -5.85596 5.85596
31.378 -5.87717 5.87717
31.379 -5.89781 5.89781
31.38 -5.91786 5.91786
31.381 -5.93731 5.93731
31.382 -5.95617 5.95617
31.383 -5.97443 5.97443
31.384 -5.99209 5.99209
31.385 -6.00916 6.00916
31.386 -6.02565 6.02565
31.387 -6.04154 6.04154
31.388 -6.05685 6.05685
31.389 -6.07157 6.07157
31.39 -6.08572 6.08572
31.391 -6.09928 6.09928
31.392 -6.11226 6.11226
31.393 -6.12466 6.12466
31.394 -6.13646 6.13646
31.395 -6.14766 6.14766
31.396 -6.15827 6.15827
31.397 -6.16827 6.16827
31.398 -6.17766 6.17766
31.399 -6.18644 6.18644
31.4 -6.1946 6.1946
31.401 -6.20215 6.20215
31.402 -6.20909 6.20909
31.403 -6.21543 6.21543
31.404 -6.22116 6.22116
31.405 -6.22631 6.22631
31.406 -6.23087 6.23087
31.407 -6.23486 6.23486
31.408 -6.23828 6.23828
31.409 -6.24113 6.24113
31.41 -6.24344 6.24344
31.411 -6.24519 6.24519
31.412 -6.24641 6.24641
31.413 -6.24707 6.24707
31.414 -6.24719 6.24719
31.415 -6.24677 6.24677
31.416 -6.24581 6.24581
31.417 -6.2443 6.2443
31.418 -6.24225 6.24225
31.419 -6.23966 6.23966
31.42 -6.23653 6.23653
31.421 -6.23286 6.23286
31.422 -6.22865 6.22865
31.423 -6.22392 6.22392
31.424 -6.21865 6.21865
31.425 -6.21285 6.21285
31.426 -6.20653 6.20653
31.427 -6.19967 6.19971
31.428 -6.19231 6.19234
31.429 -6.18444 6.18446
31.43 -6.17605 6.17606
31.431 -6.16715 6.16716
31.432 -6.15776 6.15776
31.433 -6.14788 6.14788
31.434 -6.13754 6.13753
31.435 -6.12673 6.12672
31.436 -6.11548 6.11546
31.437 -6.10381 6.10378
31.438 -6.09171 6.09167
31.439 -6.07918 6.07918
31.44 -6.06629 6.06629
31.441 -6.05302 6.05302
31.442 -6.03938 6.03938
31.443 -6.02539 6.02539
31.444 -6.01107 6.01107
31.445 -5.99642 5.99642
31.446 -5.98147 5.98147
31.447 -5.96622 5.96622
31.448 -5.9507 5.9507
31.449 -5.93491 5.93491
31.45 -5.91886 5.91886
31.451 -5.90258 5.90258
31.452 -5.88607 5.88607
31.453 -5.86933 5.86933
31.454 -5.85237 5.85237
31.455 -5.83519 5.83519
31.456 -5.81781 5.81781
31.457 -5.80022 5.80022
31.458 -5.78244 5.78244
31.459 -5.76447 5.76447
31.46 -5.74631 5.74631
31.461 -5.72798 5.72798
31.462 -5.70947 5.70947
31.463 -5.6908 5.6908
31.464 -5.67197 5.67197
31.465 -5.65298 5.65298
31.466 -5.63385 5.63385
31.467 -5.61458 5.61458
31.468 -5.59517 5.59517
31.469 -5.57564 5.57564
31.47 -5.55599 5.55599
31.471 -5.53622 5.53622
31.472 -5.51634 5.51634
31.473 -5.49634 5.49634
31.474 -5.47621 5.47621
31.475 -5.45597 5.45597
31.476 -5.4356 5.4356
31.477 -5.41511 5.41511
31.478 -5.39449 5.39449
31.479 -5.37375 5.37375
31.48 -5.35287 5.35287
31.481 -5.33186 5.33186
31.482 -5.31073 5.31073
31.483 -5.28948 5.28948
31.484 -5.26813 5.26813
31.485 -5.24667 5.24667
31.486 -5.22512 5.22512
31.487 -5.20348 5.20348
31.488 -5.18176 5.18176
31.489 -5.15996 5.15996
31.49 -5.13811 5.13811
31.491 -5.11619 5.11619
31.492 -5.09422 5.09422
31.493 -5.07218 5.07218
31.494 -5.05009 5.05009
31.495 -5.02793 5.02793
31.496 -5.00572 5.00572
31.497 -4.98344 4.98344
31.498 -4.96109 4.96109
31.499 -4.93868 4.93868
31.5 -4.9162 4.9162
31.501 -4.89366 4.89366
31.502 -4.87107 4.87107
31.503 -4.84845 4.84845
31.504 -4.82581 4.82581
31.505 -4.80317 4.80317
31.506 -4.78054 4.78054
31.507 -4.75795 4.75795
31.508 -4.73541 4.73541
31.509 -4.71293 4.71293
31.51 -4.69054 4.69054
31.511 -4.66824 4.66824
31.512 -4.64606 4.64606
31.513 -4.624 4.624
31.514 -4.60209 4.60209
31.515 -4.58035 4.58035
31.516 -4.55878 4.55878
31.517 -4.53741 4.53741
31.518 -4.51625 4.51625
31.519 -4.49531 4.49531
31.52 -4.47461 4.47461
31.521 -4.45416 4.45416
31.522 -4.43398 4.43398
31.523 -4.41407 4.41407
31.524 -4.39443 4.39443
31.525 -4.37507 4.37507
31.526 -4.356 4.356
31.527 -4.33722 4.33722
31.528 -4.31874 4.31874
31.529 -4.30056 4.30056
31.53 -4.2827 4.2827
31.531 -4.26514 4.26514
31.532 -4.2479 4.2479
31.533 -4.23097 4.23097
31.534 -4.21435 4.21435
31.535 -4.19802 4.19802
31.536 -4.182 4.182
31.537 -4.16626 4.16626
31.538 -4.15082 4.15082
31.539 -4.13567 4.13567
31.54 -4.12079 4.12079
31.541 -4.1062 4.1062
31.542 -4.09188 4.09188
31.543 -4.07782 4.07782
31.544 -4.06404 4.06404
31.545 -4.05051 4.05051
31.546 -4.03724 4.03724
31.547 -4.02422 4.02422
31.548 -4.01145 4.01145
31.549 -3.99892 3.99892
31.55 -3.98663 3.98663
31.551 -3.97456 3.97456
31.552 -3.96272 3.96272
31.553 -3.95108 3.95108
31.554 -3.93963 3.93963
31.555 -3.92836 3.92836
31.556 -3.91725 3.91725
31.557 -3.90629 3.90629
31.558 -3.89546 3.89546
31.559 -3.88476 3.88476
31.56 -3.87416 3.87416
31.561 -3.86366 3.86366
31.562 -3.85323 3.85323
31.563 -3.84287 3.84287
31.564 -3.83257 3.83257
31.565 -3.8223 3.8223
31.566 -3.81206 3.81206
31.567 -3.80182 3.80182
31.568 -3.79158 3.79158
31.569 -3.78133 3.78133
31.57 -3.77104 3.77104
31.571 -3.76072 3.76072
31.572 -3.75034 3.75034
31.573 -3.7399 3.7399
31.574 -3.72941 3.72941
31.575 -3.71886 3.71886
31.576 -3.70823 3.70823
31.577 -3.69753 3.69753
31.578 -3.68676 3.68676
31.579 -3.6759 3.6759
31.58 -3.66495 3.66495
31.581 -3.65391 3.65391
31.582 -3.64276 3.64276
31.583 -3.63149 3.63149
31.584 -3.6201 3.6201
31.585 -3.60856 3.60856
31.586 -3.59686 3.59686
31.587 -3.58499 3.58499
31.588 -3.57294 3.57294
31.589 -3.5607 3.5607
31.59 -3.54825 3.54825
31.591 -3.53557 3.53557
31.592 -3.52267 3.52267
31.593 -3.50952 3.50952
31.594 -3.49612 3.49612
31.595 -3.48245 3.48245
31.596 -3.46849 3.46849
31.597 -3.45425 3.45425
31.598 -3.43971 3.43971
31.599 -3.42485 3.42485
31.6 -3.40966 3.40966
31.601 -3.39415 3.39415
31.602 -3.37829 3.37829
31.603 -3.36209 3.36209
31.604 -3.34556 3.34556
31.605 -3.32868 3.32868
31.606 -3.31145 3.31145
31.607 -3.29388 3.29388
31.608 -3.27596 3.27596
31.609 -3.25769 3.25769
31.61 -3.23907 3.23907
31.611 -3.2201 3.2201
31.612 -3.20076 3.20076
31.613 -3.18103 3.18103
31.614 -3.1609 3.1609
31.615 -3.14034 3.14034
31.616 -3.11935 3.11935
31.617 -3.0979 3.0979
31.618 -3.07597 3.07597
31.619 -3.05356 3.05356
31.62 -3.03064 3.03064
31.621 -3.0072 3.0072
31.622 -2.98322 2.98322
31.623 -2.95871 2.95871
31.624 -2.93366 2.93366
31.625 -2.90806 2.90806
31.626 -2.8819 2.8819
31.627 -2.85517 2.85517
31.628 -2.82788 2.82788
31.629 -2.80001 2.80001
31.63 -2.77155 2.77155
31.631 -2.74251 2.74251
31.632 -2.71287 2.71287
31.633 -2.68262 2.68262
31.634 -2.65174 2.65174
31.635 -2.62022 2.62022
31.636 -2.58804 2.58804
31.637 -2.55521 2.55521
31.638 -2.52169 2.52169
31.639 -2.48748 2.48748
31.64 -2.45258 2.45258
31.641 -2.41696 2.41696
31.642 -2.38063 2.38063
31.643 -2.34358 2.34358
31.644 -2.30581 2.30581
31.645 -2.26732 2.26732
31.646 -2.22811 2.22811
31.647 -2.18817 2.18817
31.648 -2.14751 2.14751
31.649 -2.10613 2.10613
31.65 -2.06402 2.06402
31.651 -2.02119 2.02119
31.652 -1.97765 1.97765
31.653 -1.93339 1.93339
31.654 -1.88845 1.88845
31.655 -1.84281 1.84281
31.656 -1.7965 1.7965
31.657 -1.74952 1.74952
31.658 -1.70189 1.70189
31.659 -1.65361 1.65361
31.66 -1.60469 1.60469
31.661 -1.55515 1.55515
31.662 -1.505 1.505
31.663 -1.45422 1.45422
31.664 -1.40283 1.40283
31.665 -1.35083 1.35083
31.666 -1.29823 1.29823
31.667 -1.24502 1.24502
31.668 -1.19122 1.19122
31.669 -1.13682 1.13682
31.67 -1.08184 1.08184
31.671 -1.02627 1.02627
31.672 -0.970122 0.970122
31.673 -0.913404 0.913404
31.674 -0.85612 0.85612
31.675 -0.798276 0.798276
31.676 -0.739878 0.739878
31.677 -0.680933 0.680933
31.678 -0.621448 0.621448
31.679 -0.56143 0.56143
31.68 -0.500887 0.500887
31.681 -0.439827 0.439827
31.682 -0.378266 0.378266
31.683 -0.316221 0.316221
31.684 -0.253708 0.253708
31.685 -0.190745 0.190745
31.686 -0.127349 0.127349
31.687 -0.0635389 0.0635389
31.688 0.000667822 -0.000667822
31.689 0.0652528 -0.0652528
31.69 0.130197 -0.130197
31.691 0.195483 -0.195483
31.692 0.26109 -0.26109
31.693 0.327 -0.327
31.694 0.393192 -0.393192
31.695 0.459649 -0.459649
31.696 0.526348 -0.526348
31.697 0.593271 -0.593271
31.698 0.660398 -0.660398
31.699 0.727707 -0.727707
31.7 0.795179 -0.795179
31.701 0.862795 -0.862795
31.702 0.930541 -0.930541
31.703 0.998404 -0.998404
31.704 1.06637 -1.06637
31.705 1.13443 -1.13443
31.706 1.20258 -1.20258
31.707 1.27079 -1.27079
31.708 1.33905 -1.33905
31.709 1.40736 -1.40736
31.71 1.47569 -1.47569
31.711 1.54404 -1.54404
31.712 1.61239 -1.61239
31.713 1.68071 -1.68071
31.714 1.74898 -1.74898
31.715 1.81717 -1.81717
31.716 1.88528 -1.88528
31.717 1.95326 -1.95326
31.718 2.02112 -2.02112
31.719 2.08881 -2.08881
31.72 2.15632 -2.15632
31.721 2.22363 -2.22363
31.722 2.29073 -2.29073
31.723 2.3576 -2.3576
31.724 2.42423 -2.42423
31.725 2.4906 -2.4906
31.726 2.5567 -2.5567
31.727 2.62253 -2.62253
31.728 2.68806 -2.68806
31.729 2.75329 -2.75329
31.73 2.8182 -2.8182
31.731 2.88278 -2.88278
31.732 2.94702 -2.94702
31.733 3.0109 -3.0109
31.734 3.07442 -3.07442
31.735 3.13756 -3.13756
31.736 3.20031 -3.20031
31.737 3.26267 -3.26267
31.738 3.32461 -3.32461
31.739 3.38613 -3.38613
31.74 3.44721 -3.44721
31.741 3.50785 -3.50785
31.742 3.56803 -3.56803
31.743 3.62772 -3.62772
31.744 3.68691 -3.68691
31.745 3.74559 -3.74559
31.746 3.80372 -3.80372
31.747 3.86131 -3.86131
31.748 3.91832 -3.91832
31.749 3.97474 -3.97474
31.75 4.03055 -4.03055
31.751 4.08574 -4.08574
31.752 4.14028 -4.14028
31.753 4.19415 -4.19415
31.754 4.24732 -4.24732
31.755 4.29978 -4.29978
31.756 4.35149 -4.35149
31.757 4.40243 -4.40243
31.758 4.45258 -4.45258
31.759 4.50192 -4.50192
31.76 4.55043 -4.55043
31.761 4.5981 -4.5981
31.762 4.6449 -4.6449
31.763 4.69085 -4.69085
31.764 4.73593 -4.73593
31.765 4.78015 -4.78015
31.766 4.82351 -4.82351
31.767 4.866 -4.866
31.768 4.90763 -4.90763
31.769 4.94839 -4.94839
31.77 4.98829 -4.98829
31.771 5.02732 -5.02732
31.772 5.06547 -5.06547
31.773 5.10272 -5.10272
31.774 5.13906 -5.13906
31.775 5.17447 -5.17447
31.776 5.20895 -5.20895
31.777 5.24247 -5.24247
31.778 5.27502 -5.27502
31.779 5.3066 -5.3066
31.78 5.33719 -5.33719
31.781 5.36678 -5.36678
31.782 5.39537 -5.39537
31.783 5.42298 -5.42298
31.784 5.44961 -5.44961
31.785 5.47526 -5.47526
31.786 5.49995 -5.49995
31.787 5.52368 -5.52368
31.788 5.54646 -5.54646
31.789 5.56831 -5.56831
31.79 5.58924 -5.58924
31.791 5.60924 -5.60924
31.792 5.62834 -5.62834
31.793 5.64655 -5.64655
31.794 5.66387 -5.66387
31.795 5.68032 -5.68032
31.796 5.69592 -5.69592
31.797 5.71066 -5.71066
31.798 5.72458 -5.72458
31.799 5.73767 -5.73767
31.8 5.74996 -5.74996
31.801 5.76146 -5.76146
31.802 5.77217 -5.77217
31.803 5.78213 -5.78213
31.804 5.79133 -5.79133
31.805 5.7998 -5.7998
31.806 5.80755 -5.80755
31.807 5.8146 -5.8146
31.808 5.82096 -5.82096
31.809 5.82665 -5.82665
31.81 5.83168 -5.83168
31.811 5.83608 -5.83608
31.812 5.83985 -5.83985
31.813 5.84301 -5.84301
31.814 5.84559 -5.84559
31.815 5.84759 -5.84759
31.816 5.84904 -5.84904
31.817 5.84995 -5.84995
31.818 5.85034 -5.85034
31.819 5.85023 -5.85023
31.82 5.84963 -5.84963
31.821 5.84857 -5.84857
31.822 5.84706 -5.84706
31.823 5.84512 -5.84512
31.824 5.84277 -5.84277
31.825 5.84002 -5.84002
31.826 5.8369 -5.8369
31.827 5.83342 -5.83342
31.828 5.8296 -5.8296
31.829 5.82547 -5.82547
31.83 5.82103 -5.82103
31.831 5.81631 -5.81631
31.832 5.81131 -5.81131
31.833 5.80605 -5.80605
31.834 5.80053 -5.80056
31.835 5.79477 -5.7948
31.836 5.78879 -5.78882
31.837 5.78258 -5.78261
31.838 5.77617 -5.77619
31.839 5.76955 -5.76957
31.84 5.76274 -5.76276
31.841 5.75575 -5.75576
31.842 5.74858 -5.74859
31.843 5.74124 -5.74124
31.844 5.73372 -5.73372
31.845 5.72602 -5.72603
31.846 5.71816 -5.71816
31.847 5.71013 -5.71013
31.848 5.70193 -5.70193
31.849 5.69357 -5.69356
31.85 5.68504 -5.68503
31.851 5.67636 -5.67635
31.852 5.66753 -5.66752
31.853 5.65856 -5.65855
31.854 5.64947 -5.64945
31.855 5.64026 -5.64024
31.856 5.63095 -5.63093
31.857 5.62154 -5.62152
31.858 5.61206 -5.61203
31.859 5.6025 -5.60248
31.86 5.59288 -5.59286
31.861 5.58322 -5.58319
31.862 5.5735 -5.57348
31.863 5.56375 -5.56372
31.864 5.55395 -5.55392
31.865 5.54412 -5.54409
31.866 5.53425 -5.53421
31.867 5.52434 -5.52431
31.868 5.5144 -5.51437
31.869 5.50444 -5.5044
31.87 5.49445 -5.49441
31.871 5.48443 -5.4844
31.872 5.47438 -5.47438
31.873 5.46432 -5.46432
31.874 5.45425 -5.45425
31.875 5.44417 -5.44417
31.876 5.43407 -5.43407
31.877 5.42397 -5.42397
31.878 5.41386 -5.41386
31.879 5.40374 -5.40374
31.88 5.39363 -5.39363
31.881 5.38352 -5.38352
31.882 5.37341 -5.37341
31.883 5.36331 -5.36331
31.884 5.35321 -5.35321
31.885 5.34313 -5.34313
31.886 5.33306 -5.33306
31.887 5.32301 -5.32301
31.888 5.31298 -5.31298
31.889 5.30297 -5.30297
31.89 5.29298 -5.29298
31.891 5.28303 -5.28303
31.892 5.27311 -5.27311
31.893 5.26324 -5.26324
31.894 5.25342 -5.25342
31.895 5.24368 -5.24368
31.896 5.23403 -5.23403
31.897 5.22446 -5.22446
31.898 5.215 -5.215
31.899 5.20565 -5.20565
31.9 5.19642 -5.19642
31.901 5.18733 -5.18733
31.902 5.17839 -5.17836
31.903 5.16958 -5.16954
31.904 5.1609 -5.16087
31.905 5.15237 -5.15234
31.906 5.14398 -5.14395
31.907 5.13573 -5.1357
31.908 5.12763 -5.1276
31.909 5.11968 -5.11965
31.91 5.11188 -5.11185
31.911 5.10422 -5.1042
31.912 5.09672 -5.0967
31.913 5.08937 -5.08935
31.914 5.08218 -5.08216
31.915 5.07514 -5.07512
31.916 5.06825 -5.06824
31.917 5.06153 -5.06151
31.918 5.05496 -5.05495
31.919 5.04855 -5.04854
31.92 5.04229 -5.04228
31.921 5.0362 -5.03619
31.922 5.03027 -5.03026
31.923 5.02449 -5.02449
31.924 5.01888 -5.01888
31.925 5.01344 -5.01344
31.926 5.00815 -5.00815
31.927 5.00302 -5.00303
31.928 4.99806 -4.99807
31.929 4.99326 -4.99327
31.93 4.98863 -4.98864
31.931 4.98415 -4.98416
31.932 4.97984 -4.97986
31.933 4.9757 -4.97571
31.934 4.97171 -4.97173
31.935 4.96789 -4.96791
31.936 4.96423 -4.96425
31.937 4.96073 -4.96075
31.938 4.95739 -4.95742
31.939 4.95422 -4.95424
31.94 4.9512 -4.95123
31.941 4.94834 -4.94837
31.942 4.94563 -4.94566
31.943 4.94303 -4.94306
31.944 4.94054 -4.94058
31.945 4.93814 -4.93818
31.946 4.93581 -4.93585
31.947 4.93354 -4.93357
31.948 4.93129 -4.93133
31.949 4.92907 -4.9291
31.95 4.92684 -4.92687
31.951 4.92459 -4.92463
31.952 4.92232 -4.92235
31.953 4.92001 -4.92004
31.954 4.91765 -4.91769
31.955 4.91524 -4.91528
31.956 4.91277 -4.9128
31.957 4.91023 -4.91026
31.958 4.9076 -4.90763
31.959 4.90489 -4.90492
31.96 4.90208 -4.9021
31.961 4.89916 -4.89919
31.962 4.89614 -4.89616
31.963 4.89301 -4.89304
31.964 4.88978 -4.8898
31.965 4.88645 -4.88647
31.966 4.88301 -4.88303
31.967 4.87947 -4.87948
31.968 4.87582 -4.87584
31.969 4.87208 -4.87209
31.97 4.86823 -4.86825
31.971 4.86428 -4.8643
31.972 4.86023 -4.86024
31.973 4.85605 -4.85606
31.974 4.85176 -4.85176
31.975 4.84733 -4.84733
31.976 4.84276 -4.84277
31.977 4.83805 -4.83805
31.978 4.83318 -4.83318
31.979 4.82816 -4.82815
31.98 4.82296 -4.82296
31.981 4.81759 -4.81758
31.982 4.81204 -4.81203
31.983 4.80629 -4.80628
31.984 4.80035 -4.80034
31.985 4.79421 -4.79419
31.986 4.78786 -4.78784
31.987 4.78129 -4.78127
31.988 4.7745 -4.77448
31.989 4.76748 -4.76746
31.99 4.76023 -4.7602
31.991 4.75274 -4.7527
31.992 4.74498 -4.74498
31.993 4.73698 -4.73698
31.994 4.72873 -4.72873
31.995 4.72021 -4.72021
31.996 4.71143 -4.71143
31.997 4.70237 -4.70237
31.998 4.69303 -4.69303
31.999 4.6834 -4.6834
32 4.67349 -4.67349
32.001 4.66328 -4.66328
32.002 4.65276 -4.65276
32.003 4.64192 -4.64192
32.004 4.63075 -4.63075
32.005 4.61923 -4.61923
32.006 4.60735 -4.60735
32.007 4.59511 -4.59511
32.008 4.58247 -4.58247
32.009 4.56945 -4.56945
32.01 4.55601 -4.55601
32.011 4.54216 -4.54216
32.012 4.52787 -4.52787
32.013 4.51314 -4.51314
32.014 4.49797 -4.49797
32.015 4.48232 -4.48232
32.016 4.46621 -4.46621
32.017 4.4496 -4.4496
32.018 4.43251 -4.43251
32.019 4.41491 -4.41491
32.02 4.39679 -4.39679
32.021 4.37816 -4.37816
32.022 4.35899 -4.35899
32.023 4.33931 -4.33931
32.024 4.3191 -4.3191
32.025 4.29836 -4.29836
32.026 4.27711 -4.27711
32.027 4.25532 -4.25532
32.028 4.23302 -4.23302
32.029 4.21019 -4.21019
32.03 4.18684 -4.18684
32.031 4.16297 -4.16297
32.032 4.13857 -4.13857
32.033 4.11363 -4.11363
32.034 4.08816 -4.08816
32.035 4.06214 -4.06214
32.036 4.03556 -4.03556
32.037 4.00842 -4.00842
32.038 3.98072 -3.98072
32.039 3.95245 -3.95245
32.04 3.92359 -3.92359
32.041 3.89416 -3.89416
32.042 3.86414 -3.86414
32.043 3.83353 -3.83353
32.044 3.80231 -3.80231
32.045 3.7705 -3.7705
32.046 3.73809 -3.73809
32.047 3.70506 -3.70506
32.048 3.67142 -3.67142
32.049 3.63717 -3.63717
32.05 3.6023 -3.6023
32.051 3.5668 -3.5668
32.052 3.53069 -3.53069
32.053 3.49397 -3.49397
32.054 3.45665 -3.45665
32.055 3.41873 -3.41873
32.056 3.38022 -3.38022
32.057 3.34113 -3.34113
32.058 3.30147 -3.30147
32.059 3.26123 -3.26123
32.06 3.22044 -3.22044
32.061 3.17909 -3.17909
32.062 3.13718 -3.13718
32.063 3.09473 -3.09473
32.064 3.05171 -3.05171
32.065 3.00815 -3.00815
32.066 2.96403 -2.96403
32.067 2.91936 -2.91936
32.068 2.87413 -2.87413
32.069 2.82835 -2.82835
32.07 2.78203 -2.78203
32.071 2.73515 -2.73515
32.072 2.68772 -2.68772
32.073 2.63974 -2.63974
32.074 2.59123 -2.59123
32.075 2.54216 -2.54216
32.076 2.49256 -2.49256
32.077 2.44242 -2.44242
32.078 2.39174 -2.39174
32.079 2.34053 -2.34053
32.08 2.28879 -2.28879
32.081 2.23652 -2.23652
32.082 2.18374 -2.18374
32.083 2.13046 -2.13046
32.084 2.07669 -2.07669
32.085 2.02244 -2.02244
32.086 1.96773 -1.96773
32.087 1.91257 -1.91257
32.088 1.85696 -1.85696
32.089 1.80094 -1.80094
32.09 1.7445 -1.7445
32.091 1.68767 -1.68767
32.092 1.63045 -1.63045
32.093 1.57283 -1.57283
32.094 1.51484 -1.51484
32.095 1.45648 -1.45648
32.096 1.39774 -1.39774
32.097 1.33864 -1.33864
32.098 1.27919 -1.27919
32.099 1.21939 -1.21939
32.1 1.15924 -1.15924
32.101 1.09876 -1.09876
32.102 1.03797 -1.03797
32.103 0.976894 -0.976894
32.104 0.915554 -0.915554
32.105 0.853976 -0.853976
32.106 0.792184 -0.792184
32.107 0.730205 -0.730205
32.108 0.668064 -0.668064
32.109 0.605784 -0.605784
32.11 0.543393 -0.543393
32.111 0.480915 -0.480915
32.112 0.418376 -0.418376
32.113 0.355802 -0.355802
32.114 0.293217 -0.293217
32.115 0.230649 -0.230649
32.116 0.168122 -0.168122
32.117 0.105663 -0.105663
32.118 0.0432969 -0.0432969
32.119 -0.01895 0.01895
32.12 -0.0810517 0.0810517
32.121 -0.142982 0.142982
32.122 -0.204716 0.204716
32.123 -0.266227 0.266227
32.124 -0.32749 0.32749
32.125 -0.388477 0.388477
32.126 -0.449165 0.449165
32.127 -0.509527 0.509527
32.128 -0.569537 0.569537
32.129 -0.629171 0.629171
32.13 -0.688403 0.688403
32.131 -0.747207 0.747207
32.132 -0.805559 0.805559
32.133 -0.863434 0.863434
32.134 -0.920808 0.920808
32.135 -0.977655 0.977655
32.136 -1.03395 1.03395
32.137 -1.08967 1.08967
32.138 -1.1448 1.1448
32.139 -1.1993 1.1993
32.14 -1.25316 1.25316
32.141 -1.30635 1.30635
32.142 -1.35886 1.35886
32.143 -1.41067 1.41067
32.144 -1.46178 1.46178
32.145 -1.51216 1.51216
32.146 -1.56181 1.56181
32.147 -1.61071 1.61071
32.148 -1.65886 1.65886
32.149 -1.70623 1.70623
32.15 -1.75282 1.75282
32.151 -1.79862 1.79862
32.152 -1.84362 1.84362
32.153 -1.88783 1.88783
32.154 -1.93124 1.93124
32.155 -1.97385 1.97385
32.156 -2.01566 2.01566
32.157 -2.05668 2.05668
32.158 -2.09689 2.09689
32.159 -2.13631 2.13631
32.16 -2.17492 2.17492
32.161 -2.21275 2.21275
32.162 -2.24978 2.24978
32.163 -2.28601 2.28601
32.164 -2.32146 2.32146
32.165 -2.35612 2.35612
32.166 -2.38999 2.38999
32.167 -2.42308 2.42308
32.168 -2.4554 2.4554
32.169 -2.48695 2.48695
32.17 -2.51773 2.51773
32.171 -2.54774 2.54774
32.172 -2.577 2.577
32.173 -2.6055 2.6055
32.174 -2.63326 2.63326
32.175 -2.66028 2.66028
32.176 -2.68656 2.68656
32.177 -2.71212 2.71212
32.178 -2.73696 2.73696
32.179 -2.76109 2.76109
32.18 -2.78451 2.78451
32.181 -2.80724 2.80724
32.182 -2.82927 2.82927
32.183 -2.85061 2.85061
32.184 -2.87124 2.87124
32.185 -2.89119 2.89119
32.186 -2.91044 2.91044
32.187 -2.92899 2.92899
32.188 -2.94686 2.94686
32.189 -2.96404 2.96404
32.19 -2.98053 2.98053
32.191 -2.99633 2.99633
32.192 -3.01145 3.01145
32.193 -3.02587 3.02587
32.194 -3.03958 3.03958
32.195 -3.0526 3.0526
32.196 -3.0649 3.0649
32.197 -3.07649 3.07649
32.198 -3.08735 3.08735
32.199 -3.0975 3.0975
32.2 -3.10692 3.10692
32.201 -3.11561 3.11561
32.202 -3.12356 3.12356
32.203 -3.13076 3.13076
32.204 -3.1372 3.1372
32.205 -3.14287 3.14287
32.206 -3.14775 3.14775
32.207 -3.15185 3.15185
32.208 -3.15514 3.15514
32.209 -3.15762 3.15762
32.21 -3.15929 3.15929
32.211 -3.16012 3.16015
32.212 -3.16015 3.16017
32.213 -3.15938 3.15938
32.214 -3.1578 3.1578
32.215 -3.15545 3.15543
32.216 -3.15231 3.15229
32.217 -3.14842 3.14839
32.218 -3.14375 3.14375
32.219 -3.13835 3.13835
32.22 -3.13222 3.13222
32.221 -3.12538 3.12538
32.222 -3.11782 3.11782
32.223 -3.10956 3.10956
32.224 -3.10059 3.10059
32.225 -3.09092 3.09092
32.226 -3.08056 3.08056
32.227 -3.0695 3.0695
32.228 -3.05777 3.05777
32.229 -3.04535 3.04535
32.23 -3.03226 3.03226
32.231 -3.01851 3.01851
32.232 -3.00411 3.00411
32.233 -2.98907 2.98907
32.234 -2.97342 2.97342
32.235 -2.95716 2.95716
32.236 -2.94031 2.94031
32.237 -2.92289 2.92289
32.238 -2.90491 2.90491
32.239 -2.8864 2.8864
32.24 -2.86737 2.86737
32.241 -2.84783 2.84783
32.242 -2.82781 2.82781
32.243 -2.80731 2.80731
32.244 -2.78637 2.78637
32.245 -2.76499 2.76499
32.246 -2.74319 2.74319
32.247 -2.721 2.721
32.248 -2.69842 2.69842
32.249 -2.67548 2.67548
32.25 -2.6522 2.6522
32.251 -2.62859 2.62859
32.252 -2.60468 2.60468
32.253 -2.58048 2.58048
32.254 -2.556 2.556
32.255 -2.53128 2.53128
32.256 -2.50633 2.50633
32.257 -2.48116 2.48116
32.258 -2.4558 2.4558
32.259 -2.43026 2.43026
32.26 -2.40457 2.40457
32.261 -2.37874 2.37874
32.262 -2.35278 2.35278
32.263 -2.3267 2.3267
32.264 -2.30053 2.30053
32.265 -2.27425 2.27425
32.266 -2.24789 2.24789
32.267 -2.22146 2.22146
32.268 -2.19497 2.19497
32.269 -2.16842 2.16842
32.27 -2.14184 2.14184
32.271 -2.11522 2.11522
32.272 -2.08858 2.08858
32.273 -2.06193 2.06193
32.274 -2.03528 2.03528
32.275 -2.00865 2.00865
32.276 -1.98204 1.98204
32.277 -1.95546 1.95546
32.278 -1.92893 1.92893
32.279 -1.90245 1.90245
32.28 -1.87603 1.87603
32.281 -1.8497 1.8497
32.282 -1.82344 1.82344
32.283 -1.79729 1.79729
32.284 -1.77124 1.77124
32.285 -1.74531 1.74531
32.286 -1.71951 1.71951
32.287 -1.69385 1.69385
32.288 -1.66833 1.66833
32.289 -1.64298 1.64298
32.29 -1.61779 1.61779
32.291 -1.59279 1.59279
32.292 -1.56798 1.56798
32.293 -1.54339 1.54339
32.294 -1.51903 1.51903
32.295 -1.49493 1.49493
32.296 -1.4711 1.4711
32.297 -1.44756 1.44756
32.298 -1.42433 1.42433
32.299 -1.40142 1.40142
32.3 -1.37885 1.37885
32.301 -1.35665 1.35665
32.302 -1.33483 1.33483
32.303 -1.3134 1.3134
32.304 -1.29238 1.29238
32.305 -1.2718 1.2718
32.306 -1.25166 1.25166
32.307 -1.23198 1.23198
32.308 -1.21279 1.21279
32.309 -1.19409 1.19409
32.31 -1.1759 1.1759
32.311 -1.15824 1.15824
32.312 -1.14112 1.14112
32.313 -1.12456 1.12456
32.314 -1.10858 1.10858
32.315 -1.09318 1.09318
32.316 -1.07839 1.07839
32.317 -1.06421 1.06421
32.318 -1.05067 1.05067
32.319 -1.03777 1.03777
32.32 -1.02553 1.02553
32.321 -1.01396 1.01396
32.322 -1.00308 1.00308
32.323 -0.992896 0.992896
32.324 -0.983422 0.983422
32.325 -0.97467 0.97467
32.326 -0.966652 0.966652
32.327 -0.959379 0.959379
32.328 -0.952864 0.952864
32.329 -0.947116 0.947116
32.33 -0.942146 0.942146
32.331 -0.937964 0.937964
32.332 -0.93458 0.93458
32.333 -0.93202 0.931989
32.334 -0.930256 0.930235
32.335 -0.929317 0.929306
32.336 -0.929213 0.929212
32.337 -0.92995 0.92996
32.338 -0.931538 0.931558
32.339 -0.933984 0.934013
32.34 -0.937313 0.937313
32.341 -0.941497 0.941497
32.342 -0.946549 0.946549
32.343 -0.952467 0.952467
32.344 -0.959248 0.959248
32.345 -0.966888 0.966888
32.346 -0.975384 0.975384
32.347 -0.98473 0.98473
32.348 -0.994923 0.994923
32.349 -1.00596 1.00596
32.35 -1.01783 1.01783
32.351 -1.03053 1.03053
32.352 -1.04407 1.04407
32.353 -1.05844 1.05844
32.354 -1.07365 1.07365
32.355 -1.0897 1.0897
32.356 -1.10659 1.10659
32.357 -1.12432 1.12432
32.358 -1.1429 1.1429
32.359 -1.16231 1.16231
32.36 -1.18257 1.18257
32.361 -1.20366 1.20366
32.362 -1.22559 1.22559
32.363 -1.24834 1.24834
32.364 -1.2719 1.2719
32.365 -1.29626 1.29626
32.366 -1.32141 1.32141
32.367 -1.34733 1.34733
32.368 -1.37402 1.37402
32.369 -1.40147 1.40147
32.37 -1.42966 1.42966
32.371 -1.45857 1.45857
32.372 -1.4882 1.4882
32.373 -1.51854 1.51854
32.374 -1.54956 1.54956
32.375 -1.58125 1.58125
32.376 -1.6136 1.6136
32.377 -1.6466 1.6466
32.378 -1.68023 1.68023
32.379 -1.71448 1.71448
32.38 -1.74932 1.74932
32.381 -1.78475 1.78475
32.382 -1.82075 1.82075
32.383 -1.85733 1.85733
32.384 -1.89446 1.89446
32.385 -1.93215 1.93215
32.386 -1.97038 1.97038
32.387 -2.00914 2.00914
32.388 -2.04843 2.04843
32.389 -2.08824 2.08824
32.39 -2.12856 2.12856
32.391 -2.16937 2.16937
32.392 -2.21067 2.21067
32.393 -2.25245 2.25245
32.394 -2.29469 2.29469
32.395 -2.33739 2.33739
32.396 -2.38054 2.38054
32.397 -2.42412 2.42412
32.398 -2.46812 2.46812
32.399 -2.51254 2.51254
32.4 -2.55735 2.55735
32.401 -2.60255 2.60255
32.402 -2.64812 2.64812
32.403 -2.69406 2.69406
32.404 -2.74034 2.74034
32.405 -2.78696 2.78696
32.406 -2.83391 2.83391
32.407 -2.88117 2.88117
32.408 -2.92872 2.92872
32.409 -2.97656 2.97656
32.41 -3.02466 3.02466
32.411 -3.07302 3.07302
32.412 -3.12163 3.12163
32.413 -3.17046 3.17046
32.414 -3.2195 3.2195
32.415 -3.26874 3.26874
32.416 -3.31817 3.31817
32.417 -3.36777 3.36777
32.418 -3.41752 3.41752
32.419 -3.46741 3.46741
32.42 -3.51743 3.51743
32.421 -3.56755 3.56755
32.422 -3.61777 3.61777
32.423 -3.66808 3.66808
32.424 -3.71844 3.71844
32.425 -3.76886 3.76886
32.426 -3.81931 3.81931
32.427 -3.86977 3.86977
32.428 -3.92024 3.92024
32.429 -3.9707 3.9707
32.43 -4.02114 4.02114
32.431 -4.07152 4.07152
32.432 -4.12185 4.12185
32.433 -4.17211 4.17211
32.434 -4.22228 4.22228
32.435 -4.27234 4.27234
32.436 -4.32229 4.32229
32.437 -4.3721 4.3721
32.438 -4.42176 4.42176
32.439 -4.47126 4.47126
32.44 -4.52057 4.52057
32.441 -4.56969 4.56969
32.442 -4.6186 4.6186
32.443 -4.66726 4.66726
32.444 -4.71566 4.71566
32.445 -4.76377 4.76377
32.446 -4.81157 4.81157
32.447 -4.85904 4.85904
32.448 -4.90615 4.90615
32.449 -4.95289 4.95289
32.45 -4.99923 4.99923
32.451 -5.04515 5.04515
32.452 -5.09063 5.09063
32.453 -5.13568 5.13568
32.454 -5.18026 5.18026
32.455 -5.22437 5.22437
32.456 -5.26801 5.26801
32.457 -5.31115 5.31115
32.458 -5.35379 5.35379
32.459 -5.39591 5.39591
32.46 -5.43751 5.43751
32.461 -5.47857 5.47857
32.462 -5.51909 5.51909
32.463 -5.55905 5.55905
32.464 -5.59845 5.59845
32.465 -5.63728 5.63728
32.466 -5.67552 5.67552
32.467 -5.71317 5.71317
32.468 -5.75023 5.75023
32.469 -5.78668 5.78668
32.47 -5.82251 5.82251
32.471 -5.85773 5.85773
32.472 -5.89231 5.89231
32.473 -5.92627 5.92627
32.474 -5.95958 5.95958
32.475 -5.99225 5.99225
32.476 -6.02426 6.02426
32.477 -6.05562 6.05562
32.478 -6.08632 6.08632
32.479 -6.11636 6.11636
32.48 -6.14572 6.14572
32.481 -6.17442 6.17442
32.482 -6.20243 6.20243
32.483 -6.22977 6.22977
32.484 -6.25643 6.25643
32.485 -6.2824 6.2824
32.486 -6.30768 6.30768
32.487 -6.33228 6.33228
32.488 -6.35619 6.35619
32.489 -6.37941 6.37941
32.49 -6.40194 6.40194
32.491 -6.42378 6.42378
32.492 -6.44492 6.44492
32.493 -6.46538 6.46538
32.494 -6.48514 6.48514
32.495 -6.50422 6.50422
32.496 -6.52261 6.52261
32.497 -6.54032 6.54032
32.498 -6.55734 6.55734
32.499 -6.57368 6.57368
32.5 -6.58933 6.58933
32.501 -6.60432 6.60432
32.502 -6.61862 6.61862
32.503 -6.63223 6.63223
32.504 -6.64515 6.64515
32.505 -6.65737 6.65737
32.506 -6.66889 6.66889
32.507 -6.67971 6.67971
32.508 -6.68982 6.68982
32.509 -6.69922 6.69922
32.51 -6.70791 6.70791
32.511 -6.71588 6.71588
32.512 -6.72314 6.72314
32.513 -6.7297 6.7297
32.514 -6.73556 6.73556
32.515 -6.74074 6.74074
32.516 -6.74523 6.74523
32.517 -6.74905 6.74905
32.518 -6.7522 6.7522
32.519 -6.7547 6.7547
32.52 -6.75654 6.75654
32.521 -6.75775 6.75775
32.522 -6.75831 6.75831
32.523 -6.75824 6.75824
32.524 -6.75753 6.75753
32.525 -6.75618 6.75618
32.526 -6.7542 6.7542
32.527 -6.75158 6.75158
32.528 -6.74833 6.74833
32.529 -6.74445 6.74445
32.53 -6.73994 6.73994
32.531 -6.73481 6.73481
32.532 -6.72907 6.72907
32.533 -6.72272 6.72272
32.534 -6.71579 6.71579
32.535 -6.70827 6.70827
32.536 -6.70019 6.70019
32.537 -6.69156 6.69156
32.538 -6.68237 6.6824
32.539 -6.67267 6.67269
32.54 -6.66245 6.66247
32.541 -6.65173 6.65175
32.542 -6.64052 6.64052
32.543 -6.62881 6.62881
32.544 -6.61661 6.6166
32.545 -6.60392 6.60391
32.546 -6.59076 6.59074
32.547 -6.57712 6.5771
32.548 -6.56302 6.56299
32.549 -6.54843 6.54843
32.55 -6.53341 6.53341
32.551 -6.51793 6.51793
32.552 -6.50201 6.50201
32.553 -6.48564 6.48564
32.554 -6.46885 6.46885
32.555 -6.45163 6.45163
32.556 -6.43399 6.43399
32.557 -6.41593 6.41593
32.558 -6.39747 6.39747
32.559 -6.37861 6.37861
32.56 -6.35936 6.35936
32.561 -6.33972 6.33972
32.562 -6.31969 6.31969
32.563 -6.29928 6.29928
32.564 -6.27848 6.27848
32.565 -6.25729 6.25729
32.566 -6.2357 6.2357
32.567 -6.21373 6.21373
32.568 -6.19136 6.19136
32.569 -6.16861 6.16861
32.57 -6.14546 6.14546
32.571 -6.12192 6.12192
32.572 -6.098 6.098
32.573 -6.0737 6.0737
32.574 -6.04904 6.04904
32.575 -6.02403 6.02403
32.576 -5.99866 5.99866
32.577 -5.97296 5.97296
32.578 -5.94694 5.94694
32.579 -5.92059 5.92059
32.58 -5.89394 5.89394
32.581 -5.86698 5.86698
32.582 -5.83973 5.83973
32.583 -5.81218 5.81218
32.584 -5.78433 5.78433
32.585 -5.7562 5.7562
32.586 -5.72777 5.72777
32.587 -5.69905 5.69905
32.588 -5.67004 5.67004
32.589 -5.64074 5.64074
32.59 -5.61116 5.61116
32.591 -5.5813 5.5813
32.592 -5.55116 5.55116
32.593 -5.52074 5.52074
32.594 -5.49004 5.49004
32.595 -5.45908 5.45908
32.596 -5.42784 5.42784
32.597 -5.39633 5.39633
32.598 -5.36456 5.36456
32.599 -5.33253 5.33253
32.6 -5.30024 5.30024
32.601 -5.26769 5.26769
32.602 -5.23489 5.23489
32.603 -5.20181 5.20181
32.604 -5.16847 5.16847
32.605 -5.13485 5.13485
32.606 -5.10094 5.10094
32.607 -5.06676 5.06676
32.608 -5.03228 5.03228
32.609 -4.99751 4.99751
32.61 -4.96243 4.96243
32.611 -4.92706 4.92706
32.612 -4.89138 4.89138
32.613 -4.85538 4.85538
32.614 -4.81907 4.81907
32.615 -4.78245 4.78245
32.616 -4.7455 4.7455
32.617 -4.70822 4.70822
32.618 -4.67062 4.67062
32.619 -4.63268 4.63268
32.62 -4.59441 4.59441
32.621 -4.5558 4.5558
32.622 -4.51686 4.51686
32.623 -4.4776 4.4776
32.624 -4.43802 4.43802
32.625 -4.39812 4.39812
32.626 -4.35792 4.35792
32.627 -4.31742 4.31742
32.628 -4.27663 4.27663
32.629 -4.23555 4.23555
32.63 -4.19419 4.19419
32.631 -4.15256 4.15256
32.632 -4.11066 4.11066
32.633 -4.06851 4.06851
32.634 -4.0261 4.0261
32.635 -3.98345 3.98345
32.636 -3.94057 3.94057
32.637 -3.89746 3.89746
32.638 -3.85413 3.85413
32.639 -3.81058 3.81058
32.64 -3.76683 3.76683
32.641 -3.72288 3.72288
32.642 -3.67874 3.67874
32.643 -3.63439 3.63439
32.644 -3.58985 3.58985
32.645 -3.5451 3.5451
32.646 -3.50016 3.50016
32.647 -3.45501 3.45501
32.648 -3.40967 3.40967
32.649 -3.36412 3.36412
32.65 -3.31838 3.31838
32.651 -3.27244 3.27244
32.652 -3.22631 3.22631
32.653 -3.18003 3.18003
32.654 -3.13359 3.13359
32.655 -3.08703 3.08703
32.656 -3.04035 3.04035
32.657 -2.99358 2.99358
32.658 -2.94673 2.94673
32.659 -2.89983 2.89983
32.66 -2.85288 2.85288
32.661 -2.80591 2.80591
32.662 -2.75892 2.75892
32.663 -2.71191 2.71191
32.664 -2.66487 2.66487
32.665 -2.61782 2.61782
32.666 -2.57074 2.57074
32.667 -2.52365 2.52365
32.668 -2.47654 2.47654
32.669 -2.42942 2.42942
32.67 -2.38228 2.38228
32.671 -2.33512 2.33512
32.672 -2.28796 2.28796
32.673 -2.24081 2.24081
32.674 -2.19366 2.19366
32.675 -2.14654 2.14654
32.676 -2.09946 2.09946
32.677 -2.05241 2.05241
32.678 -2.00542 2.00542
32.679 -1.95849 1.95849
32.68 -1.91164 1.91164
32.681 -1.86486 1.86486
32.682 -1.81816 1.81816
32.683 -1.77155 1.77155
32.684 -1.72502 1.72502
32.685 -1.67858 1.67858
32.686 -1.63222 1.63222
32.687 -1.58595 1.58595
32.688 -1.53977 1.53977
32.689 -1.49367 1.49367
32.69 -1.44767 1.44767
32.691 -1.40175 1.40175
32.692 -1.35594 1.35594
32.693 -1.31024 1.31024
32.694 -1.26465 1.26465
32.695 -1.2192 1.2192
32.696 -1.17388 1.17388
32.697 -1.12871 1.12871
32.698 -1.0837 1.0837
32.699 -1.03885 1.03885
32.7 -0.994178 0.994178
32.701 -0.949689 0.949689
32.702 -0.905384 0.905384
32.703 -0.861266 0.861266
32.704 -0.817333 0.817333
32.705 -0.773587 0.773587
32.706 -0.730028 0.730028
32.707 -0.686655 0.686655
32.708 -0.64347 0.64347
32.709 -0.600472 0.600472
32.71 -0.55766 0.55766
32.711 -0.515039 0.515039
32.712 -0.472613 0.472613
32.713 -0.430392 0.430392
32.714 -0.388384 0.388384
32.715 -0.346597 0.346597
32.716 -0.305041 0.305041
32.717 -0.263723 0.263723
32.718 -0.222651 0.222651
32.719 -0.181834 0.181834
32.72 -0.14128 0.14128
32.721 -0.100997 0.100997
32.722 -0.0609922 0.0609922
32.723 -0.0212739 0.0212739
32.724 0.0181504 -0.0181504
32.725 0.0572731 -0.0572731
32.726 0.0960866 -0.0960866
32.727 0.134584 -0.134584
32.728 0.172757 -0.172757
32.729 0.210599 -0.210599
32.73 0.248104 -0.248104
32.731 0.285264 -0.285264
32.732 0.322072 -0.322072
32.733 0.358522 -0.358522
32.734 0.394608 -0.394608
32.735 0.430324 -0.430324
32.736 0.465662 -0.465662
32.737 0.500618 -0.500618
32.738 0.535185 -0.535185
32.739 0.569358 -0.569358
32.74 0.603131 -0.603131
32.741 0.636501 -0.636501
32.742 0.669469 -0.669469
32.743 0.70204 -0.70204
32.744 0.734217 -0.734217
32.745 0.766003 -0.766003
32.746 0.797404 -0.797404
32.747 0.828424 -0.828424
32.748 0.859067 -0.859067
32.749 0.889337 -0.889337
32.75 0.91924 -0.91924
32.751 0.948781 -0.948781
32.752 0.977965 -0.977965
32.753 1.0068 -1.0068
32.754 1.03528 -1.03528
32.755 1.06342 -1.06342
32.756 1.09123 -1.09123
32.757 1.11871 -1.11871
32.758 1.14587 -1.14587
32.759 1.1727 -1.1727
32.76 1.19923 -1.19923
32.761 1.22545 -1.22545
32.762 1.25137 -1.25137
32.763 1.277 -1.277
32.764 1.30235 -1.30235
32.765 1.32742 -1.32742
32.766 1.35221 -1.35221
32.767 1.37675 -1.37675
32.768 1.40102 -1.40102
32.769 1.42505 -1.42505
32.77 1.44883 -1.44883
32.771 1.47237 -1.47237
32.772 1.49567 -1.49567
32.773 1.51871 -1.51871
32.774 1.54149 -1.54149
32.775 1.564 -1.564
32.776 1.58622 -1.58622
32.777 1.60815 -1.60815
32.778 1.62978 -1.62978
32.779 1.6511 -1.6511
32.78 1.67209 -1.67209
32.781 1.69277 -1.69277
32.782 1.71311 -1.71311
32.783 1.73313 -1.73313
32.784 1.75282 -1.75282
32.785 1.77218 -1.77218
32.786 1.79122 -1.79122
32.787 1.80994 -1.80994
32.788 1.82832 -1.82832
32.789 1.84639 -1.84639
32.79 1.86414 -1.86414
32.791 1.88156 -1.88156
32.792 1.89867 -1.89867
32.793 1.91546 -1.91546
32.794 1.93194 -1.93194
32.795 1.9481 -1.9481
32.796 1.96395 -1.96395
32.797 1.9795 -1.9795
32.798 1.99473 -1.99473
32.799 2.00967 -2.00967
32.8 2.0243 -2.0243
32.801 2.03864 -2.03864
32.802 2.05269 -2.05269
32.803 2.06647 -2.06647
32.804 2.07998 -2.07998
32.805 2.09324 -2.09324
32.806 2.10626 -2.10626
32.807 2.11906 -2.11906
32.808 2.13164 -2.13164
32.809 2.14401 -2.14401
32.81 2.1562 -2.1562
32.811 2.16821 -2.16821
32.812 2.18005 -2.18005
32.813 2.19174 -2.19174
32.814 2.20329 -2.20329
32.815 2.21471 -2.21471
32.816 2.22602 -2.22602
32.817 2.23722 -2.23722
32.818 2.24833 -2.24833
32.819 2.25936 -2.25936
32.82 2.27033 -2.27033
32.821 2.28125 -2.28125
32.822 2.29213 -2.29213
32.823 2.30298 -2.30298
32.824 2.31382 -2.31382
32.825 2.32466 -2.32466
32.826 2.33551 -2.33551
32.827 2.34638 -2.34638
32.828 2.35729 -2.35729
32.829 2.36825 -2.36825
32.83 2.37927 -2.37927
32.831 2.39036 -2.39036
32.832 2.40155 -2.40155
32.833 2.41286 -2.41286
32.834 2.42431 -2.42431
32.835 2.43592 -2.43592
32.836 2.4477 -2.4477
32.837 2.45968 -2.45968
32.838 2.47189 -2.47189
32.839 2.48433 -2.48433
32.84 2.49704 -2.49704
32.841 2.51003 -2.51003
32.842 2.52331 -2.52331
32.843 2.53689 -2.53689
32.844 2.55079 -2.55079
32.845 2.56501 -2.56501
32.846 2.57957 -2.57957
32.847 2.59448 -2.59448
32.848 2.60974 -2.60974
32.849 2.62537 -2.62537
32.85 2.64138 -2.64138
32.851 2.65778 -2.65778
32.852 2.67457 -2.67457
32.853 2.69177 -2.69177
32.854 2.70938 -2.70938
32.855 2.72742 -2.72742
32.856 2.74589 -2.74589
32.857 2.7648 -2.7648
32.858 2.78416 -2.78416
32.859 2.80398 -2.80398
32.86 2.82426 -2.82426
32.861 2.84502 -2.84502
32.862 2.86625 -2.86625
32.863 2.88795 -2.88795
32.864 2.91011 -2.91011
32.865 2.93275 -2.93275
32.866 2.95585 -2.95585
32.867 2.97941 -2.97941
32.868 3.00343 -3.00343
32.869 3.02791 -3.02791
32.87 3.05284 -3.05284
32.871 3.07822 -3.07822
32.872 3.10406 -3.10406
32.873 3.13036 -3.13036
32.874 3.15713 -3.15713
32.875 3.18436 -3.18436
32.876 3.21207 -3.21207
32.877 3.24025 -3.24025
32.878 3.26892 -3.26892
32.879 3.29807 -3.29807
32.88 3.32772 -3.32772
32.881 3.35785 -3.35785
32.882 3.38847 -3.38847
32.883 3.4196 -3.4196
32.884 3.45122 -3.45122
32.885 3.48334 -3.48334
32.886 3.51596 -3.51596
32.887 3.54909 -3.54909
32.888 3.58272 -3.58272
32.889 3.61686 -3.61686
32.89 3.6515 -3.6515
32.891 3.68665 -3.68665
32.892 3.72233 -3.72233
32.893 3.75854 -3.75854
32.894 3.79532 -3.79532
32.895 3.83266 -3.83266
32.896 3.8706 -3.8706
32.897 3.90914 -3.90914
32.898 3.9483 -3.9483
32.899 3.9881 -3.9881
32.9 4.02855 -4.02855
32.901 4.06966 -4.06966
32.902 4.11144 -4.11144
32.903 4.15392 -4.15392
32.904 4.1971 -4.1971
32.905 4.24099 -4.24099
32.906 4.28562 -4.28562
32.907 4.33098 -4.33098
32.908 4.37708 -4.37708
32.909 4.42395 -4.42395
32.91 4.47159 -4.47159
32.911 4.52001 -4.52001
32.912 4.56921 -4.56921
32.913 4.61921 -4.61921
32.914 4.67002 -4.67002
32.915 4.72163 -4.72163
32.916 4.77406 -4.77406
32.917 4.82732 -4.82732
32.918 4.8814 -4.8814
32.919 4.93632 -4.93632
32.92 4.99207 -4.99207
32.921 5.04867 -5.04867
32.922 5.1061 -5.1061
32.923 5.16437 -5.16437
32.924 5.22345 -5.22345
32.925 5.28336 -5.28336
32.926 5.34407 -5.34407
32.927 5.40558 -5.40558
32.928 5.46789 -5.46789
32.929 5.53097 -5.53097
32.93 5.59483 -5.59483
32.931 5.65945 -5.65945
32.932 5.72482 -5.72482
32.933 5.79093 -5.79093
32.934 5.85776 -5.85776
32.935 5.92531 -5.92531
32.936 5.99356 -5.99356
32.937 6.06249 -6.06249
32.938 6.13209 -6.13209
32.939 6.20235 -6.20235
32.94 6.27326 -6.27326
32.941 6.34478 -6.34478
32.942 6.41692 -6.41692
32.943 6.48964 -6.48964
32.944 6.56294 -6.56294
32.945 6.6368 -6.6368
32.946 6.71119 -6.71119
32.947 6.7861 -6.7861
32.948 6.86151 -6.86151
32.949 6.9374 -6.9374
32.95 7.01375 -7.01375
32.951 7.09053 -7.09053
32.952 7.16774 -7.16774
32.953 7.24534 -7.24534
32.954 7.32331 -7.32331
32.955 7.40164 -7.40164
32.956 7.4803 -7.4803
32.957 7.55926 -7.55926
32.958 7.63851 -7.63851
32.959 7.71801 -7.71801
32.96 7.79776 -7.79776
32.961 7.87772 -7.87772
32.962 7.95788 -7.95788
32.963 8.03822 -8.03822
32.964 8.11873 -8.11873
32.965 8.19939 -8.19939
32.966 8.28019 -8.28019
32.967 8.3611 -8.3611
32.968 8.44211 -8.44211
32.969 8.52321 -8.52321
32.97 8.60437 -8.60437
32.971 8.68558 -8.68558
32.972 8.76682 -8.76682
32.973 8.84805 -8.84805
32.974 8.92926 -8.92926
32.975 9.01041 -9.01041
32.976 9.09148 -9.09148
32.977 9.17244 -9.17244
32.978 9.25327 -9.25327
32.979 9.33394 -9.33394
32.98 9.41443 -9.41443
32.981 9.49471 -9.49471
32.982 9.57475 -9.57475
32.983 9.65454 -9.65454
32.984 9.73404 -9.73404
32.985 9.81322 -9.81322
32.986 9.89208 -9.89208
32.987 9.97057 -9.97057
32.988 10.0487 -10.0487
32.989 10.1264 -10.1264
32.99 10.2037 -10.2037
32.991 10.2805 -10.2805
32.992 10.3568 -10.3568
32.993 10.4327 -10.4327
32.994 10.5079 -10.5079
32.995 10.5827 -10.5827
32.996 10.6568 -10.6568
32.997 10.7303 -10.7303
32.998 10.8031 -10.8031
32.999 10.8752 -10.8752
33 10.9466 -10.9466
33.001 11.0173 -11.0173
33.002 11.0873 -11.0873
33.003 11.1564 -11.1564
33.004 11.2247 -11.2247
33.005 11.2921 -11.2921
33.006 11.3586 -11.3586
33.007 11.4243 -11.4243
33.008 11.4889 -11.4889
33.009 11.5526 -11.5526
33.01 11.6153 -11.6153
33.011 11.6769 -11.6769
33.012 11.7375 -11.7375
33.013 11.797 -11.797
33.014 11.8554 -11.8554
33.015 11.9126 -11.9126
33.016 11.9687 -11.9687
33.017 12.0235 -12.0235
33.018 12.0771 -12.0771
33.019 12.1295 -12.1295
33.02 12.1806 -12.1806
33.021 12.2303 -12.2303
33.022 12.2788 -12.2788
33.023 12.3258 -12.3258
33.024 12.3715 -12.3715
33.025 12.4157 -12.4157
33.026 12.4584 -12.4584
33.027 12.4996 -12.4996
33.028 12.5393 -12.5393
33.029 12.5774 -12.5774
33.03 12.6139 -12.6139
33.031 12.6488 -12.6488
33.032 12.6821 -12.6821
33.033 12.7137 -12.7137
33.034 12.7436 -12.7436
33.035 12.7718 -12.7718
33.036 12.7983 -12.7983
33.037 12.8231 -12.8231
33.038 12.8461 -12.8461
33.039 12.8674 -12.8674
33.04 12.8868 -12.8868
33.041 12.9045 -12.9045
33.042 12.9203 -12.9203
33.043 12.9343 -12.9343
33.044 12.9465 -12.9465
33.045 12.9568 -12.9568
33.046 12.9652 -12.9652
33.047 12.9718 -12.9718
33.048 12.9764 -12.9764
33.049 12.9791 -12.9791
33.05 12.9799 -12.9799
33.051 12.9788 -12.9788
33.052 12.9757 -12.9757
33.053 12.9706 -12.9706
33.054 12.9636 -12.9636
33.055 12.9547 -12.9547
33.056 12.9437 -12.9437
33.057 12.9308 -12.9308
33.058 12.9159 -12.9159
33.059 12.8991 -12.8991
33.06 12.8802 -12.8802
33.061 12.8594 -12.8594
33.062 12.8366 -12.8366
33.063 12.8119 -12.8119
33.064 12.7852 -12.7852
33.065 12.7565 -12.7565
33.066 12.7259 -12.7259
33.067 12.6934 -12.6934
33.068 12.659 -12.659
33.069 12.6227 -12.6227
33.07 12.5844 -12.5844
33.071 12.5443 -12.5443
33.072 12.5023 -12.5023
33.073 12.4585 -12.4585
33.074 12.4128 -12.4128
33.075 12.3653 -12.3653
33.076 12.3159 -12.3159
33.077 12.2647 -12.2647
33.078 12.2118 -12.2118
33.079 12.157 -12.157
33.08 12.1005 -12.1005
33.081 12.0421 -12.0421
33.082 11.9821 -11.9821
33.083 11.9203 -11.9203
33.084 11.8568 -11.8568
33.085 11.7915 -11.7915
33.086 11.7246 -11.7246
33.087 11.6559 -11.6559
33.088 11.5856 -11.5856
33.089 11.5136 -11.5136
33.09 11.44 -11.44
33.091 11.3647 -11.3647
33.092 11.2878 -11.2878
33.093 11.2093 -11.2093
33.094 11.1291 -11.1291
33.095 11.0474 -11.0474
33.096 10.9641 -10.9641
33.097 10.8792 -10.8792
33.098 10.7928 -10.7928
33.099 10.7048 -10.7048
33.1 10.6153 -10.6153
33.101 10.5242 -10.5242
33.102 10.4317 -10.4317
33.103 10.3376 -10.3376
33.104 10.242 -10.242
33.105 10.145 -10.145
33.106 10.0464 -10.0464
33.107 9.94631 -9.94631
33.108 9.84475 -9.84475
33.109 9.74169 -9.74169
33.11 9.63715 -9.63715
33.111 9.53114 -9.53114
33.112 9.42364 -9.42364
33.113 9.31468 -9.31468
33.114 9.20425 -9.20425
33.115 9.09236 -9.09236
33.116 8.97902 -8.97902
33.117 8.86422 -8.86422
33.118 8.74798 -8.74798
33.119 8.6303 -8.6303
33.12 8.51118 -8.51118
33.121 8.39064 -8.39064
33.122 8.26869 -8.26869
33.123 8.14533 -8.14533
33.124 8.02059 -8.02059
33.125 7.89448 -7.89448
33.126 7.76701 -7.76701
33.127 7.63821 -7.63821
33.128 7.50808 -7.50808
33.129 7.37664 -7.37664
33.13 7.24391 -7.24391
33.131 7.1099 -7.1099
33.132 6.97463 -6.97463
33.133 6.83809 -6.83809
33.134 6.7003 -6.7003
33.135 6.56126 -6.56126
33.136 6.42099 -6.42099
33.137 6.27949 -6.27949
33.138 6.13678 -6.13678
33.139 5.99286 -5.99286
33.14 5.84774 -5.84774
33.141 5.70144 -5.70144
33.142 5.55398 -5.55398
33.143 5.40538 -5.40538
33.144 5.25565 -5.25565
33.145 5.10482 -5.10482
33.146 4.95292 -4.95292
33.147 4.79996 -4.79996
33.148 4.64596 -4.64596
33.149 4.49096 -4.49096
33.15 4.33498 -4.33498
33.151 4.17804 -4.17804
33.152 4.02015 -4.02015
33.153 3.86135 -3.86135
33.154 3.70164 -3.70164
33.155 3.54105 -3.54105
33.156 3.37959 -3.37959
33.157 3.2173 -3.2173
33.158 3.05418 -3.05418
33.159 2.89027 -2.89027
33.16 2.72558 -2.72558
33.161 2.56015 -2.56015
33.162 2.394 -2.394
33.163 2.22715 -2.22715
33.164 2.05963 -2.05963
33.165 1.89149 -1.89149
33.166 1.72273 -1.72273
33.167 1.5534 -1.5534
33.168 1.38352 -1.38352
33.169 1.21314 -1.21314
33.17 1.04229 -1.04229
33.171 0.870989 -0.870989
33.172 0.699285 -0.699285
33.173 0.527202 -0.527202
33.174 0.354772 -0.354772
33.175 0.182028 -0.182028
33.176 0.0090052 -0.0090052
33.177 -0.164261 0.164261
33.178 -0.337733 0.337733
33.179 -0.51137 0.51137
33.18 -0.685131 0.685131
33.181 -0.858972 0.858972
33.182 -1.03285 1.03285
33.183 -1.20672 1.20672
33.184 -1.38053 1.38053
33.185 -1.55424 1.55424
33.186 -1.72779 1.72779
33.187 -1.90114 1.90114
33.188 -2.07424 2.07424
33.189 -2.24702 2.24702
33.19 -2.41945 2.41945
33.191 -2.59146 2.59146
33.192 -2.76299 2.76299
33.193 -2.93398 2.93398
33.194 -3.10437 3.10437
33.195 -3.27408 3.27408
33.196 -3.44306 3.44306
33.197 -3.61123 3.61123
33.198 -3.77853 3.77853
33.199 -3.9449 3.9449
33.2 -4.11027 4.11027
33.201 -4.27456 4.27456
33.202 -4.43773 4.43773
33.203 -4.59969 4.59969
33.204 -4.76039 4.76039
33.205 -4.91976 4.91976
33.206 -5.07773 5.07773
33.207 -5.23425 5.23425
33.208 -5.38924 5.38924
33.209 -5.54265 5.54265
33.21 -5.69441 5.69441
33.211 -5.84446 5.84446
33.212 -5.99273 5.99273
33.213 -6.13915 6.13915
33.214 -6.28363 6.28363
33.215 -6.42611 6.42611
33.216 -6.56651 6.56651
33.217 -6.70478 6.70478
33.218 -6.84083 6.84083
33.219 -6.97461 6.97461
33.22 -7.10606 7.10606
33.221 -7.2351 7.2351
33.222 -7.36171 7.36171
33.223 -7.48581 7.48581
33.224 -7.60738 7.60738
33.225 -7.72636 7.72636
33.226 -7.84272 7.84272
33.227 -7.95642 7.95642
33.228 -8.06742 8.06742
33.229 -8.17569 8.17569
33.23 -8.2812 8.2812
33.231 -8.38392 8.38392
33.232 -8.4838 8.4838
33.233 -8.58081 8.58081
33.234 -8.67491 8.67491
33.235 -8.76606 8.76606
33.236 -8.85423 8.85423
33.237 -8.9394 8.9394
33.238 -9.02153 9.02153
33.239 -9.1006 9.1006
33.24 -9.17659 9.17659
33.241 -9.24948 9.24948
33.242 -9.31926 9.31926
33.243 -9.38593 9.38593
33.244 -9.44948 9.44948
33.245 -9.50991 9.50991
33.246 -9.56722 9.56722
33.247 -9.62142 9.62142
33.248 -9.67252 9.67252
33.249 -9.72051 9.72051
33.25 -9.76541 9.76541
33.251 -9.80723 9.80723
33.252 -9.84599 9.84599
33.253 -9.8817 9.8817
33.254 -9.91437 9.91437
33.255 -9.94403 9.94403
33.256 -9.97069 9.97069
33.257 -9.99438 9.99438
33.258 -10.0151 10.0151
33.259 -10.0329 10.0329
33.26 -10.0478 10.0478
33.261 -10.0599 10.0599
33.262 -10.069 10.069
33.263 -10.0754 10.0754
33.264 -10.079 10.079
33.265 -10.0798 10.0798
33.266 -10.0779 10.0779
33.267 -10.0733 10.0733
33.268 -10.066 10.066
33.269 -10.0561 10.0561
33.27 -10.0436 10.0436
33.271 -10.0286 10.0286
33.272 -10.011 10.011
33.273 -9.99095 9.99095
33.274 -9.96843 9.96843
33.275 -9.94349 9.94349
33.276 -9.91617 9.91617
33.277 -9.88651 9.88651
33.278 -9.85454 9.85454
33.279 -9.82029 9.82031
33.28 -9.78383 9.78383
33.281 -9.74516 9.74516
33.282 -9.70433 9.70433
33.283 -9.66139 9.66139
33.284 -9.61636 9.61636
33.285 -9.56929 9.56929
33.286 -9.52022 9.52022
33.287 -9.46918 9.46918
33.288 -9.4162 9.4162
33.289 -9.36134 9.36134
33.29 -9.30462 9.30462
33.291 -9.24609 9.24609
33.292 -9.18577 9.18577
33.293 -9.12372 9.12372
33.294 -9.05997 9.05997
33.295 -8.99455 8.99455
33.296 -8.9275 8.9275
33.297 -8.85887 8.85887
33.298 -8.78868 8.78868
33.299 -8.71697 8.71697
33.3 -8.64379 8.64379
33.301 -8.56917 8.56917
33.302 -8.49313 8.49313
33.303 -8.41571 8.41571
33.304 -8.33693 8.33693
33.305 -8.25683 8.25683
33.306 -8.17542 8.17542
33.307 -8.09275 8.09275
33.308 -8.00884 8.00884
33.309 -7.92371 7.92371
33.31 -7.83739 7.83739
33.311 -7.74992 7.74992
33.312 -7.66133 7.66133
33.313 -7.57163 7.57163
33.314 -7.48086 7.48086
33.315 -7.38905 7.38905
33.316 -7.29622 7.29622
33.317 -7.20242 7.20242
33.318 -7.10765 7.10765
33.319 -7.01196 7.01196
33.32 -6.91537 6.91537
33.321 -6.81791 6.81791
33.322 -6.71961 6.71961
33.323 -6.6205 6.6205
33.324 -6.52061 6.52061
33.325 -6.41997 6.41997
33.326 -6.3186 6.3186
33.327 -6.21655 6.21655
33.328 -6.11383 6.11383
33.329 -6.01048 6.01048
33.33 -5.90652 5.90652
33.331 -5.802 5.802
33.332 -5.69695 5.69695
33.333 -5.5914 5.5914
33.334 -5.4854 5.4854
33.335 -5.37899 5.37899
33.336 -5.2722 5.2722
33.337 -5.16508 5.16508
33.338 -5.05767 5.05767
33.339 -4.95 4.95
33.34 -4.84213 4.84213
33.341 -4.73408 4.73408
33.342 -4.62589 4.62589
33.343 -4.51762 4.51762
33.344 -4.4093 4.4093
33.345 -4.30097 4.30097
33.346 -4.19268 4.19268
33.347 -4.08446 4.08446
33.348 -3.97637 3.97637
33.349 -3.86843 3.86843
33.35 -3.76069 3.76069
33.351 -3.6532 3.6532
33.352 -3.546 3.546
33.353 -3.43912 3.43912
33.354 -3.33262 3.33262
33.355 -3.22654 3.22654
33.356 -3.12091 3.12091
33.357 -3.01579 3.01579
33.358 -2.91121 2.91121
33.359 -2.80723 2.80723
33.36 -2.70387 2.70387
33.361 -2.60119 2.60119
33.362 -2.49923 2.49923
33.363 -2.39804 2.39804
33.364 -2.29765 2.29765
33.365 -2.19811 2.19811
33.366 -2.09946 2.09946
33.367 -2.00175 2.00175
33.368 -1.90502 1.90502
33.369 -1.80932 1.80932
33.37 -1.71468 1.71468
33.371 -1.62115 1.62115
33.372 -1.52878 1.52878
33.373 -1.43763 1.43763
33.374 -1.34774 1.34774
33.375 -1.25916 1.25916
33.376 -1.17195 1.17195
33.377 -1.08615 1.08615
33.378 -1.00182 1.00182
33.379 -0.919001 0.919001
33.38 -0.837744 0.837744
33.381 -0.758097 0.758097
33.382 -0.6801 0.6801
33.383 -0.603792 0.603792
33.384 -0.529211 0.529211
33.385 -0.456396 0.456396
33.386 -0.385382 0.385382
33.387 -0.316208 0.316208
33.388 -0.248908 0.248908
33.389 -0.183518 0.183518
33.39 -0.120072 0.120072
33.391 -0.0586058 0.0586058
33.392 0.000840764 -0.000840763
33.393 0.0582269 -0.0582269
33.394 0.113513 -0.113513
33.395 0.166659 -0.166659
33.396 0.217626 -0.217626
33.397 0.266379 -0.266379
33.398 0.312879 -0.312879
33.399 0.357092 -0.357092
33.4 0.398982 -0.398982
33.401 0.438521 -0.438521
33.402 0.475689 -0.475689
33.403 0.510472 -0.510472
33.404 0.542857 -0.542857
33.405 0.572832 -0.572832
33.406 0.600386 -0.600386
33.407 0.625509 -0.625509
33.408 0.648191 -0.648191
33.409 0.668426 -0.668426
33.41 0.686206 -0.686206
33.411 0.701524 -0.701524
33.412 0.714368 -0.714368
33.413 0.724725 -0.724725
33.414 0.732585 -0.732585
33.415 0.737938 -0.737938
33.416 0.740756 -0.74079
33.417 0.741082 -0.741086
33.418 0.738883 -0.738842
33.419 0.734103 -0.734103
33.42 0.726801 -0.726801
33.421 0.716952 -0.716952
33.422 0.704553 -0.704553
33.423 0.689602 -0.689602
33.424 0.6721 -0.6721
33.425 0.652046 -0.652046
33.426 0.629441 -0.629441
33.427 0.604288 -0.604288
33.428 0.576591 -0.576591
33.429 0.546353 -0.546353
33.43 0.513582 -0.513582
33.431 0.478282 -0.478282
33.432 0.440461 -0.440461
33.433 0.400129 -0.400129
33.434 0.357294 -0.357294
33.435 0.311968 -0.311968
33.436 0.264161 -0.264161
33.437 0.213887 -0.213887
33.438 0.161159 -0.161159
33.439 0.105992 -0.105992
33.44 0.0484013 -0.0484013
33.441 -0.0115937 0.0115937
33.442 -0.0739687 0.0739687
33.443 -0.138696 0.138696
33.444 -0.205747 0.205747
33.445 -0.275093 0.275093
33.446 -0.346701 0.346701
33.447 -0.420541 0.420541
33.448 -0.496579 0.496579
33.449 -0.574781 0.574781
33.45 -0.655113 0.655113
33.451 -0.73754 0.73754
33.452 -0.822031 0.822031
33.453 -0.908557 0.908557
33.454 -0.997086 0.997086
33.455 -1.08759 1.08759
33.456 -1.18003 1.18003
33.457 -1.27437 1.27437
33.458 -1.37059 1.37059
33.459 -1.46863 1.46863
33.46 -1.56847 1.56847
33.461 -1.67007 1.67007
33.462 -1.77339 1.77339
33.463 -1.87838 1.87838
33.464 -1.985 1.985
33.465 -2.09321 2.09321
33.466 -2.20297 2.20297
33.467 -2.31422 2.31422
33.468 -2.42693 2.42693
33.469 -2.54105 2.54105
33.47 -2.65651 2.65651
33.471 -2.77329 2.77329
33.472 -2.89131 2.89131
33.473 -3.01054 3.01054
33.474 -3.13091 3.13091
33.475 -3.25238 3.25238
33.476 -3.37488 3.37488
33.477 -3.49836 3.49836
33.478 -3.62276 3.62276
33.479 -3.74803 3.74803
33.48 -3.8741 3.8741
33.481 -4.00091 4.00091
33.482 -4.1284 4.1284
33.483 -4.25651 4.25651
33.484 -4.38518 4.38518
33.485 -4.51434 4.51434
33.486 -4.64392 4.64392
33.487 -4.77386 4.77386
33.488 -4.9041 4.9041
33.489 -5.03457 5.03457
33.49 -5.1652 5.1652
33.491 -5.29593 5.29593
33.492 -5.4267 5.4267
33.493 -5.55744 5.55744
33.494 -5.68809 5.68809
33.495 -5.8186 5.8186
33.496 -5.94891 5.94891
33.497 -6.07896 6.07896
33.498 -6.20868 6.20868
33.499 -6.33801 6.33801
33.5 -6.46691 6.46691
33.501 -6.5953 6.5953
33.502 -6.72312 6.72312
33.503 -6.85033 6.85033
33.504 -6.97685 6.97685
33.505 -7.10263 7.10263
33.506 -7.22762 7.22762
33.507 -7.35175 7.35175
33.508 -7.47496 7.47496
33.509 -7.59722 7.59722
33.51 -7.71845 7.71845
33.511 -7.8386 7.8386
33.512 -7.95761 7.95761
33.513 -8.07543 8.07543
33.514 -8.19199 8.19199
33.515 -8.30723 8.30723
33.516 -8.4211 8.4211
33.517 -8.53354 8.53354
33.518 -8.64449 8.64449
33.519 -8.75392 8.75392
33.52 -8.86175 8.86175
33.521 -8.96795 8.96795
33.522 -9.07247 9.07247
33.523 -9.17525 9.17525
33.524 -9.27627 9.27627
33.525 -9.37546 9.37546
33.526 -9.4728 9.4728
33.527 -9.56824 9.56824
33.528 -9.66175 9.66175
33.529 -9.7533 9.7533
33.53 -9.84283 9.84283
33.531 -9.93034 9.93034
33.532 -10.0158 10.0158
33.533 -10.0991 10.0991
33.534 -10.1804 10.1804
33.535 -10.2595 10.2595
33.536 -10.3364 10.3364
33.537 -10.4112 10.4112
33.538 -10.4838 10.4838
33.539 -10.5541 10.5541
33.54 -10.6222 10.6222
33.541 -10.6881 10.6881
33.542 -10.7518 10.7518
33.543 -10.8131 10.8131
33.544 -10.8722 10.8722
33.545 -10.9291 10.9291
33.546 -10.9836 10.9836
33.547 -11.0359 11.0359
33.548 -11.086 11.086
33.549 -11.1337 11.1337
33.55 -11.1792 11.1792
33.551 -11.2224 11.2224
33.552 -11.2633 11.2633
33.553 -11.302 11.302
33.554 -11.3384 11.3384
33.555 -11.3726 11.3726
33.556 -11.4046 11.4046
33.557 -11.4344 11.4344
33.558 -11.4619 11.4619
33.559 -11.4873 11.4873
33.56 -11.5105 11.5105
33.561 -11.5315 11.5315
33.562 -11.5504 11.5504
33.563 -11.5673 11.5673
33.564 -11.582 11.582
33.565 -11.5947 11.5947
33.566 -11.6054 11.6054
33.567 -11.614 11.614
33.568 -11.6208 11.6208
33.569 -11.6255 11.6255
33.57 -11.6284 11.6284
33.571 -11.6294 11.6294
33.572 -11.6286 11.6286
33.573 -11.626 11.626
33.574 -11.6216 11.6216
33.575 -11.6154 11.6154
33.576 -11.6076 11.6076
33.577 -11.598 11.598
33.578 -11.5868 11.5868
33.579 -11.574 11.574
33.58 -11.5596 11.5596
33.581 -11.5437 11.5437
33.582 -11.5262 11.5262
33.583 -11.5073 11.5073
33.584 -11.4868 11.4868
33.585 -11.4649 11.4649
33.586 -11.4416 11.4416
33.587 -11.4169 11.4169
33.588 -11.3908 11.3908
33.589 -11.3634 11.3634
33.59 -11.3346 11.3346
33.591 -11.3045 11.3045
33.592 -11.2732 11.2732
33.593 -11.2406 11.2406
33.594 -11.2068 11.2068
33.595 -11.1719 11.1719
33.596 -11.1358 11.1358
33.597 -11.0986 11.0986
33.598 -11.0604 11.0604
33.599 -11.0211 11.0211
33.6 -10.9808 10.9808
33.601 -10.9396 10.9396
33.602 -10.8973 10.8973
33.603 -10.8542 10.8542
33.604 -10.8101 10.8101
33.605 -10.7651 10.7651
33.606 -10.7192 10.7193
33.607 -10.6725 10.6725
33.608 -10.6249 10.6249
33.609 -10.5764 10.5764
33.61 -10.5271 10.5271
33.611 -10.477 10.477
33.612 -10.4261 10.4261
33.613 -10.3744 10.3744
33.614 -10.3219 10.3219
33.615 -10.2687 10.2687
33.616 -10.2147 10.2147
33.617 -10.16 10.16
33.618 -10.1046 10.1046
33.619 -10.0486 10.0486
33.62 -9.99181 9.99181
33.621 -9.9344 9.9344
33.622 -9.87635 9.87635
33.623 -9.81768 9.81768
33.624 -9.7584 9.7584
33.625 -9.69852 9.69852
33.626 -9.63807 9.63807
33.627 -9.57707 9.57707
33.628 -9.51551 9.51551
33.629 -9.45343 9.45343
33.63 -9.39084 9.39084
33.631 -9.32776 9.32776
33.632 -9.26421 9.26421
33.633 -9.20022 9.20022
33.634 -9.13581 9.13581
33.635 -9.071 9.071
33.636 -9.00583 9.00583
33.637 -8.94032 8.94032
33.638 -8.87448 8.87448
33.639 -8.80836 8.80836
33.64 -8.74196 8.74196
33.641 -8.67533 8.67533
33.642 -8.60846 8.60846
33.643 -8.54138 8.54138
33.644 -8.47411 8.47411
33.645 -8.40666 8.40666
33.646 -8.33905 8.33905
33.647 -8.2713 8.2713
33.648 -8.20341 8.20341
33.649 -8.13542 8.13542
33.65 -8.06733 8.06733
33.651 -7.99916 7.99916
33.652 -7.93094 7.93094
33.653 -7.86269 7.86269
33.654 -7.79444 7.79444
33.655 -7.72621 7.72621
33.656 -7.65803 7.65803
33.657 -7.58992 7.58992
33.658 -7.52191 7.52191
33.659 -7.45403 7.45403
33.66 -7.38629 7.38629
33.661 -7.31872 7.31872
33.662 -7.25135 7.25135
33.663 -7.18418 7.18418
33.664 -7.11723 7.11723
33.665 -7.05053 7.05053
33.666 -6.98408 6.98408
33.667 -6.9179 6.9179
33.668 -6.85201 6.85201
33.669 -6.78642 6.78642
33.67 -6.72116 6.72116
33.671 -6.65624 6.65624
33.672 -6.59167 6.59167
33.673 -6.52747 6.52747
33.674 -6.46366 6.46366
33.675 -6.40025 6.40025
33.676 -6.33727 6.33727
33.677 -6.27472 6.27472
33.678 -6.21262 6.21262
33.679 -6.15099 6.15099
33.68 -6.08984 6.08984
33.681 -6.0292 6.0292
33.682 -5.96908 5.96908
33.683 -5.90948 5.90948
33.684 -5.85044 5.85044
33.685 -5.79196 5.79196
33.686 -5.73406 5.73406
33.687 -5.67676 5.67676
33.688 -5.62006 5.62006
33.689 -5.564 5.564
33.69 -5.50857 5.50857
33.691 -5.4538 5.4538
33.692 -5.3997 5.3997
33.693 -5.34626 5.34626
33.694 -5.2935 5.2935
33.695 -5.24142 5.24142
33.696 -5.19003 5.19003
33.697 -5.13933 5.13933
33.698 -5.08933 5.08933
33.699 -5.04003 5.04003
33.7 -4.99145 4.99145
33.701 -4.94357 4.94357
33.702 -4.89641 4.89641
33.703 -4.84996 4.84996
33.704 -4.8042 4.8042
33.705 -4.75915 4.75915
33.706 -4.7148 4.7148
33.707 -4.67113 4.67113
33.708 -4.62815 4.62815
33.709 -4.58585 4.58585
33.71 -4.54423 4.54423
33.711 -4.50329 4.50329
33.712 -4.46302 4.46302
33.713 -4.42343 4.42343
33.714 -4.38453 4.38453
33.715 -4.34631 4.34631
33.716 -4.30878 4.30878
33.717 -4.27194 4.27194
33.718 -4.2358 4.2358
33.719 -4.20035 4.20035
33.72 -4.1656 4.1656
33.721 -4.13156 4.13156
33.722 -4.09822 4.09822
33.723 -4.06558 4.06558
33.724 -4.03365 4.03365
33.725 -4.00243 4.00243
33.726 -3.97191 3.97191
33.727 -3.94211 3.94211
33.728 -3.91301 3.91301
33.729 -3.88462 3.88462
33.73 -3.85695 3.85695
33.731 -3.82998 3.82998
33.732 -3.80372 3.80372
33.733 -3.77817 3.77817
33.734 -3.75333 3.75333
33.735 -3.7292 3.7292
33.736 -3.70577 3.70577
33.737 -3.68305 3.68305
33.738 -3.66103 3.66103
33.739 -3.63971 3.63971
33.74 -3.61908 3.61908
33.741 -3.59915 3.59915
33.742 -3.57991 3.57991
33.743 -3.56133 3.56133
33.744 -3.54342 3.54342
33.745 -3.52615 3.52615
33.746 -3.50952 3.50952
33.747 -3.49352 3.49352
33.748 -3.47812 3.47812
33.749 -3.46333 3.46333
33.75 -3.44911 3.44911
33.751 -3.43547 3.43547
33.752 -3.42239 3.42239
33.753 -3.40985 3.40985
33.754 -3.39784 3.39784
33.755 -3.38635 3.38635
33.756 -3.37536 3.37536
33.757 -3.36486 3.36486
33.758 -3.35484 3.35484
33.759 -3.34527 3.34527
33.76 -3.33614 3.33614
33.761 -3.32745 3.32745
33.762 -3.31917 3.31917
33.763 -3.31129 3.31129
33.764 -3.30379 3.30379
33.765 -3.29666 3.29666
33.766 -3.28988 3.28988
33.767 -3.28344 3.28344
33.768 -3.27732 3.27732
33.769 -3.2715 3.2715
33.77 -3.26597 3.26597
33.771 -3.26072 3.26072
33.772 -3.25571 3.25571
33.773 -3.25093 3.25093
33.774 -3.24634 3.24634
33.775 -3.24195 3.24192
33.776 -3.23769 3.23765
33.777 -3.23355 3.23352
33.778 -3.22951 3.22948
33.779 -3.22554 3.22551
33.78 -3.22162 3.22159
33.781 -3.21773 3.2177
33.782 -3.21384 3.21381
33.783 -3.20995 3.20992
33.784 -3.20603 3.206
33.785 -3.20207 3.20204
33.786 -3.19806 3.19803
33.787 -3.19397 3.19394
33.788 -3.18979 3.18976
33.789 -3.18551 3.18548
33.79 -3.18111 3.18108
33.791 -3.17656 3.17656
33.792 -3.17186 3.17186
33.793 -3.16697 3.16697
33.794 -3.16188 3.16188
33.795 -3.15655 3.15655
33.796 -3.15097 3.15097
33.797 -3.14511 3.14511
33.798 -3.13894 3.13894
33.799 -3.13245 3.13245
33.8 -3.12561 3.12561
33.801 -3.1184 3.1184
33.802 -3.11079 3.11079
33.803 -3.10276 3.10276
33.804 -3.09429 3.09429
33.805 -3.08536 3.08536
33.806 -3.07595 3.07595
33.807 -3.06603 3.06603
33.808 -3.05558 3.05558
33.809 -3.04458 3.04458
33.81 -3.03301 3.03301
33.811 -3.02086 3.02086
33.812 -3.0081 3.0081
33.813 -2.99473 2.99473
33.814 -2.98074 2.98074
33.815 -2.96611 2.96611
33.816 -2.95083 2.95083
33.817 -2.9349 2.9349
33.818 -2.9183 2.9183
33.819 -2.90103 2.90103
33.82 -2.88307 2.88307
33.821 -2.86442 2.86442
33.822 -2.84506 2.84506
33.823 -2.82499 2.82499
33.824 -2.8042 2.8042
33.825 -2.78268 2.78268
33.826 -2.76042 2.76042
33.827 -2.73742 2.73742
33.828 -2.71367 2.71367
33.829 -2.68916 2.68916
33.83 -2.66388 2.66388
33.831 -2.63784 2.63784
33.832 -2.61101 2.61101
33.833 -2.58341 2.58341
33.834 -2.55502 2.55502
33.835 -2.52583 2.52583
33.836 -2.49585 2.49585
33.837 -2.46506 2.46506
33.838 -2.43347 2.43347
33.839 -2.40106 2.40106
33.84 -2.36785 2.36785
33.841 -2.33382 2.33382
33.842 -2.29897 2.29897
33.843 -2.26332 2.26332
33.844 -2.22688 2.22688
33.845 -2.18964 2.18964
33.846 -2.15162 2.15162
33.847 -2.11281 2.11281
33.848 -2.07324 2.07324
33.849 -2.03291 2.03291
33.85 -1.99182 1.99182
33.851 -1.94998 1.94998
33.852 -1.9074 1.9074
33.853 -1.86407 1.86407
33.854 -1.81999 1.81999
33.855 -1.77517 1.77517
33.856 -1.72961 1.72961
33.857 -1.68331 1.68331
33.858 -1.63626 1.63626
33.859 -1.58848 1.58848
33.86 -1.53996 1.53996
33.861 -1.49071 1.49071
33.862 -1.44074 1.44074
33.863 -1.39005 1.39005
33.864 -1.33867 1.33867
33.865 -1.2866 1.2866
33.866 -1.23386 1.23386
33.867 -1.18046 1.18046
33.868 -1.12641 1.12641
33.869 -1.07173 1.07173
33.87 -1.01643 1.01643
33.871 -0.960522 0.960522
33.872 -0.904022 0.904022
33.873 -0.846944 0.846944
33.874 -0.789303 0.789303
33.875 -0.731115 0.731115
33.876 -0.672394 0.672394
33.877 -0.613156 0.613156
33.878 -0.553416 0.553416
33.879 -0.49319 0.49319
33.88 -0.432496 0.432496
33.881 -0.37135 0.37135
33.882 -0.309776 0.309776
33.883 -0.2478 0.2478
33.884 -0.185448 0.185448
33.885 -0.122745 0.122745
33.886 -0.0597179 0.0597179
33.887 0.00360748 -0.00360748
33.888 0.0672043 -0.0672043
33.889 0.131046 -0.131046
33.89 0.195105 -0.195105
33.891 0.25936 -0.25936
33.892 0.323795 -0.323795
33.893 0.388401 -0.388401
33.894 0.453168 -0.453168
33.895 0.518086 -0.518086
33.896 0.583143 -0.583143
33.897 0.64833 -0.64833
33.898 0.713637 -0.713637
33.899 0.779051 -0.779051
33.9 0.844563 -0.844563
33.901 0.910156 -0.910156
33.902 0.975808 -0.975808
33.903 1.04149 -1.04149
33.904 1.10717 -1.10717
33.905 1.17282 -1.17282
33.906 1.23842 -1.23842
33.907 1.30393 -1.30393
33.908 1.36933 -1.36933
33.909 1.43458 -1.43458
33.91 1.49967 -1.49967
33.911 1.56455 -1.56455
33.912 1.62921 -1.62921
33.913 1.69364 -1.69364
33.914 1.7578 -1.7578
33.915 1.82169 -1.82169
33.916 1.88527 -1.88527
33.917 1.94854 -1.94854
33.918 2.01147 -2.01147
33.919 2.07405 -2.07405
33.92 2.13624 -2.13624
33.921 2.19805 -2.19805
33.922 2.25944 -2.25944
33.923 2.32039 -2.32039
33.924 2.3809 -2.3809
33.925 2.44094 -2.44094
33.926 2.50049 -2.50049
33.927 2.55953 -2.55953
33.928 2.61806 -2.61806
33.929 2.67604 -2.67604
33.93 2.73347 -2.73347
33.931 2.79033 -2.79033
33.932 2.84658 -2.84658
33.933 2.90222 -2.90222
33.934 2.9572 -2.9572
33.935 3.01152 -3.01152
33.936 3.06514 -3.06514
33.937 3.11804 -3.11804
33.938 3.1702 -3.1702
33.939 3.22159 -3.22159
33.94 3.2722 -3.2722
33.941 3.322 -3.322
33.942 3.37098 -3.37098
33.943 3.41913 -3.41913
33.944 3.46643 -3.46643
33.945 3.51288 -3.51288
33.946 3.55845 -3.55845
33.947 3.60315 -3.60315
33.948 3.64696 -3.64696
33.949 3.68987 -3.68987
33.95 3.73188 -3.73188
33.951 3.77297 -3.77297
33.952 3.81312 -3.81312
33.953 3.85233 -3.85233
33.954 3.89057 -3.89057
33.955 3.92783 -3.92783
33.956 3.96409 -3.96409
33.957 3.99935 -3.99935
33.958 4.03358 -4.03358
33.959 4.06677 -4.06677
33.96 4.09892 -4.09892
33.961 4.13 -4.13
33.962 4.16002 -4.16002
33.963 4.18898 -4.18898
33.964 4.21686 -4.21686
33.965 4.24368 -4.24368
33.966 4.26942 -4.26942
33.967 4.29409 -4.29409
33.968 4.31769 -4.31769
33.969 4.34022 -4.34022
33.97 4.36168 -4.36168
33.971 4.38207 -4.38207
33.972 4.40139 -4.40139
33.973 4.41962 -4.41962
33.974 4.43677 -4.43677
33.975 4.45283 -4.45283
33.976 4.46779 -4.46779
33.977 4.48165 -4.48165
33.978 4.49441 -4.49441
33.979 4.50606 -4.50606
33.98 4.51661 -4.51661
33.981 4.52604 -4.52604
33.982 4.53438 -4.53438
33.983 4.54162 -4.54162
33.984 4.54777 -4.54777
33.985 4.55284 -4.55284
33.986 4.55684 -4.55684
33.987 4.55978 -4.55978
33.988 4.56168 -4.56168
33.989 4.56253 -4.56253
33.99 4.56235 -4.56235
33.991 4.56114 -4.56117
33.992 4.55894 -4.55896
33.993 4.55575 -4.55576
33.994 4.55158 -4.55158
33.995 4.54643 -4.54642
33.996 4.54033 -4.54031
33.997 4.53328 -4.53325
33.998 4.52528 -4.52528
33.999 4.51639 -4.51639
34 4.50659 -4.50659
34.001 4.4959 -4.4959
34.002 4.48434 -4.48434
34.003 4.47192 -4.47192
34.004 4.45866 -4.45866
34.005 4.44457 -4.44457
34.006 4.42967 -4.42967
34.007 4.41398 -4.41398
34.008 4.39752 -4.39752
34.009 4.38029 -4.38029
34.01 4.36232 -4.36232
34.011 4.34362 -4.34362
34.012 4.32421 -4.32421
34.013 4.30411 -4.30411
34.014 4.28334 -4.28334
34.015 4.26191 -4.26191
34.016 4.23985 -4.23985
34.017 4.21717 -4.21717
34.018 4.19389 -4.19389
34.019 4.17002 -4.17002
34.02 4.1456 -4.1456
34.021 4.12063 -4.12063
34.022 4.09514 -4.09514
34.023 4.06915 -4.06915
34.024 4.04267 -4.04267
34.025 4.01573 -4.01573
34.026 3.98834 -3.98834
34.027 3.96053 -3.96053
34.028 3.93232 -3.93232
34.029 3.90372 -3.90372
34.03 3.87475 -3.87475
34.031 3.84545 -3.84545
34.032 3.81581 -3.81581
34.033 3.78588 -3.78588
34.034 3.75567 -3.75567
34.035 3.72519 -3.72519
34.036 3.69447 -3.69447
34.037 3.66353 -3.66353
34.038 3.6324 -3.6324
34.039 3.60108 -3.60108
34.04 3.56961 -3.56961
34.041 3.538 -3.538
34.042 3.50628 -3.50628
34.043 3.47446 -3.47446
34.044 3.44256 -3.44256
34.045 3.41062 -3.41062
34.046 3.37864 -3.37864
34.047 3.34665 -3.34665
34.048 3.31468 -3.31468
34.049 3.28273 -3.28273
34.05 3.25083 -3.25083
34.051 3.21901 -3.21901
34.052 3.1873 -3.1873
34.053 3.15571 -3.15571
34.054 3.12428 -3.12428
34.055 3.09304 -3.09304
34.056 3.06203 -3.06203
34.057 3.03125 -3.03125
34.058 3.00076 -3.00076
34.059 2.97057 -2.97057
34.06 2.94072 -2.94072
34.061 2.91122 -2.91122
34.062 2.88211 -2.88211
34.063 2.85339 -2.85339
34.064 2.8251 -2.8251
34.065 2.79725 -2.79725
34.066 2.76985 -2.76985
34.067 2.74293 -2.74293
34.068 2.71651 -2.71651
34.069 2.6906 -2.6906
34.07 2.66522 -2.66522
34.071 2.64039 -2.64039
34.072 2.61613 -2.61613
34.073 2.59246 -2.59246
34.074 2.56938 -2.56938
34.075 2.54692 -2.54692
34.076 2.5251 -2.5251
34.077 2.50393 -2.50393
34.078 2.48343 -2.48343
34.079 2.46361 -2.46361
34.08 2.44449 -2.44449
34.081 2.42608 -2.42608
34.082 2.4084 -2.4084
34.083 2.39147 -2.39147
34.084 2.3753 -2.3753
34.085 2.35989 -2.35989
34.086 2.34528 -2.34528
34.087 2.33146 -2.33146
34.088 2.31846 -2.31846
34.089 2.30629 -2.30629
34.09 2.29495 -2.29495
34.091 2.28446 -2.28446
34.092 2.27483 -2.27483
34.093 2.26608 -2.26608
34.094 2.25821 -2.25821
34.095 2.25124 -2.25124
34.096 2.24518 -2.24518
34.097 2.24002 -2.24002
34.098 2.2358 -2.2358
34.099 2.23252 -2.23249
34.1 2.23016 -2.23014
34.101 2.22876 -2.22875
34.102 2.2283 -2.2283
34.103 2.22879 -2.22881
34.104 2.23023 -2.23026
34.105 2.23262 -2.23265
34.106 2.23597 -2.23597
34.107 2.24024 -2.24024
34.108 2.24545 -2.24545
34.109 2.2516 -2.2516
34.11 2.25867 -2.25867
34.111 2.26668 -2.26668
34.112 2.27561 -2.27561
34.113 2.28547 -2.28547
34.114 2.29627 -2.29627
34.115 2.30801 -2.30801
34.116 2.32069 -2.32069
34.117 2.33431 -2.33431
34.118 2.34887 -2.34887
34.119 2.36439 -2.36439
34.12 2.38084 -2.38084
34.121 2.39825 -2.39825
34.122 2.41659 -2.41659
34.123 2.43589 -2.43589
34.124 2.45613 -2.45613
34.125 2.47731 -2.47731
34.126 2.49943 -2.49943
34.127 2.52248 -2.52248
34.128 2.54648 -2.54648
34.129 2.5714 -2.5714
34.13 2.59726 -2.59726
34.131 2.62403 -2.62403
34.132 2.65172 -2.65172
34.133 2.6803 -2.6803
34.134 2.70976 -2.70976
34.135 2.7401 -2.7401
34.136 2.77128 -2.77128
34.137 2.80331 -2.80331
34.138 2.83615 -2.83615
34.139 2.86981 -2.86981
34.14 2.90425 -2.90425
34.141 2.93946 -2.93946
34.142 2.97544 -2.97544
34.143 3.01218 -3.01218
34.144 3.04966 -3.04966
34.145 3.08787 -3.08787
34.146 3.12682 -3.12682
34.147 3.16647 -3.16647
34.148 3.20684 -3.20684
34.149 3.24789 -3.24789
34.15 3.28963 -3.28963
34.151 3.33203 -3.33203
34.152 3.37508 -3.37508
34.153 3.41876 -3.41876
34.154 3.46305 -3.46305
34.155 3.50792 -3.50792
34.156 3.55335 -3.55335
34.157 3.59932 -3.59932
34.158 3.64581 -3.64581
34.159 3.69279 -3.69279
34.16 3.74024 -3.74024
34.161 3.78814 -3.78814
34.162 3.83646 -3.83646
34.163 3.88518 -3.88518
34.164 3.93427 -3.93427
34.165 3.98372 -3.98372
34.166 4.03349 -4.03349
34.167 4.08356 -4.08356
34.168 4.13391 -4.13391
34.169 4.1845 -4.1845
34.17 4.23533 -4.23533
34.171 4.28635 -4.28635
34.172 4.33755 -4.33755
34.173 4.3889 -4.3889
34.174 4.44037 -4.44037
34.175 4.49194 -4.49194
34.176 4.54359 -4.54359
34.177 4.59528 -4.59528
34.178 4.647 -4.647
34.179 4.69871 -4.69871
34.18 4.75039 -4.75039
34.181 4.80202 -4.80202
34.182 4.85356 -4.85356
34.183 4.90501 -4.90501
34.184 4.95632 -4.95632
34.185 5.00747 -5.00747
34.186 5.05844 -5.05844
34.187 5.10921 -5.10921
34.188 5.15974 -5.15974
34.189 5.21002 -5.21002
34.19 5.26002 -5.26002
34.191 5.30972 -5.30972
34.192 5.35908 -5.35908
34.193 5.40809 -5.40809
34.194 5.45673 -5.45673
34.195 5.50497 -5.50497
34.196 5.55279 -5.55279
34.197 5.60016 -5.60016
34.198 5.64706 -5.64706
34.199 5.69348 -5.69348
34.2 5.73938 -5.73938
34.201 5.78475 -5.78475
34.202 5.82956 -5.82956
34.203 5.8738 -5.8738
34.204 5.91745 -5.91745
34.205 5.96048 -5.96048
34.206 6.00287 -6.00287
34.207 6.04461 -6.04461
34.208 6.08568 -6.08568
34.209 6.12606 -6.12606
34.21 6.16573 -6.16573
34.211 6.20467 -6.20467
34.212 6.24286 -6.24286
34.213 6.2803 -6.2803
34.214 6.31696 -6.31696
34.215 6.35283 -6.35283
34.216 6.38789 -6.38789
34.217 6.42214 -6.42214
34.218 6.45554 -6.45554
34.219 6.4881 -6.4881
34.22 6.51979 -6.51979
34.221 6.55061 -6.55061
34.222 6.58054 -6.58054
34.223 6.60958 -6.60958
34.224 6.6377 -6.6377
34.225 6.6649 -6.6649
34.226 6.69118 -6.69118
34.227 6.71651 -6.71651
34.228 6.74089 -6.74089
34.229 6.76432 -6.76432
34.23 6.78678 -6.78678
34.231 6.80827 -6.80827
34.232 6.82878 -6.82878
34.233 6.84831 -6.84831
34.234 6.86684 -6.86684
34.235 6.88437 -6.88437
34.236 6.9009 -6.9009
34.237 6.91643 -6.91643
34.238 6.93094 -6.93094
34.239 6.94445 -6.94445
34.24 6.95693 -6.95693
34.241 6.9684 -6.9684
34.242 6.97884 -6.97884
34.243 6.98826 -6.98826
34.244 6.99666 -6.99666
34.245 7.00404 -7.00404
34.246 7.01039 -7.01039
34.247 7.01571 -7.01571
34.248 7.02002 -7.02002
34.249 7.0233 -7.0233
34.25 7.02556 -7.02556
34.251 7.02681 -7.02681
34.252 7.02704 -7.02704
34.253 7.02625 -7.02625
34.254 7.02446 -7.02446
34.255 7.02167 -7.02167
34.256 7.01787 -7.01787
34.257 7.01308 -7.01308
34.258 7.00729 -7.00729
34.259 7.00052 -7.00052
34.26 6.99277 -6.99277
34.261 6.98405 -6.98405
34.262 6.97435 -6.97435
34.263 6.9637 -6.9637
34.264 6.95208 -6.9521
34.265 6.93953 -6.93954
34.266 6.92604 -6.92604
34.267 6.91162 -6.91161
34.268 6.89627 -6.89625
34.269 6.88001 -6.87998
34.27 6.86283 -6.86283
34.271 6.84476 -6.84476
34.272 6.82579 -6.82579
34.273 6.80594 -6.80594
34.274 6.78518 -6.78518
34.275 6.76354 -6.76354
34.276 6.74101 -6.74101
34.277 6.71758 -6.71758
34.278 6.69328 -6.69328
34.279 6.66809 -6.66809
34.28 6.64203 -6.64203
34.281 6.61508 -6.61508
34.282 6.58726 -6.58726
34.283 6.55855 -6.55855
34.284 6.52896 -6.52896
34.285 6.49847 -6.49847
34.286 6.46708 -6.46708
34.287 6.4348 -6.4348
34.288 6.40161 -6.40161
34.289 6.36752 -6.36752
34.29 6.33252 -6.33252
34.291 6.29661 -6.29661
34.292 6.25979 -6.25979
34.293 6.22206 -6.22206
34.294 6.18341 -6.18341
34.295 6.14385 -6.14385
34.296 6.10337 -6.10337
34.297 6.06198 -6.06198
34.298 6.01967 -6.01967
34.299 5.97645 -5.97645
34.3 5.93232 -5.93232
34.301 5.88727 -5.88727
34.302 5.84132 -5.84132
34.303 5.79447 -5.79447
34.304 5.74675 -5.74675
34.305 5.69815 -5.69815
34.306 5.64869 -5.64869
34.307 5.59838 -5.59838
34.308 5.54723 -5.54723
34.309 5.49525 -5.49525
34.31 5.44246 -5.44246
34.311 5.38886 -5.38886
34.312 5.33446 -5.33446
34.313 5.27926 -5.27926
34.314 5.22327 -5.22327
34.315 5.16648 -5.16648
34.316 5.10892 -5.10892
34.317 5.05057 -5.05057
34.318 4.99145 -4.99145
34.319 4.93156 -4.93156
34.32 4.8709 -4.8709
34.321 4.80949 -4.80949
34.322 4.74733 -4.74733
34.323 4.68444 -4.68444
34.324 4.62083 -4.62083
34.325 4.55652 -4.55652
34.326 4.49153 -4.49153
34.327 4.42587 -4.42587
34.328 4.35955 -4.35955
34.329 4.29259 -4.29259
34.33 4.22501 -4.22501
34.331 4.15683 -4.15683
34.332 4.08806 -4.08806
34.333 4.01874 -4.01874
34.334 3.94888 -3.94888
34.335 3.87852 -3.87852
34.336 3.80768 -3.80768
34.337 3.73638 -3.73638
34.338 3.66466 -3.66466
34.339 3.59253 -3.59253
34.34 3.52003 -3.52003
34.341 3.44718 -3.44718
34.342 3.37399 -3.37399
34.343 3.30049 -3.30049
34.344 3.22669 -3.22669
34.345 3.15261 -3.15261
34.346 3.07827 -3.07827
34.347 3.00369 -3.00369
34.348 2.92889 -2.92889
34.349 2.85389 -2.85389
34.35 2.77869 -2.77869
34.351 2.70333 -2.70333
34.352 2.62781 -2.62781
34.353 2.55215 -2.55215
34.354 2.47635 -2.47635
34.355 2.40043 -2.40043
34.356 2.32439 -2.32439
34.357 2.24825 -2.24825
34.358 2.17202 -2.17202
34.359 2.09571 -2.09571
34.36 2.01933 -2.01933
34.361 1.94289 -1.94289
34.362 1.86642 -1.86642
34.363 1.78993 -1.78993
34.364 1.71344 -1.71344
34.365 1.63697 -1.63697
34.366 1.56055 -1.56055
34.367 1.4842 -1.4842
34.368 1.40793 -1.40793
34.369 1.33177 -1.33177
34.37 1.25573 -1.25573
34.371 1.17984 -1.17984
34.372 1.10411 -1.10411
34.373 1.02856 -1.02856
34.374 0.953187 -0.953187
34.375 0.878013 -0.878013
34.376 0.803048 -0.803048
34.377 0.728306 -0.728306
34.378 0.653798 -0.653798
34.379 0.579536 -0.579536
34.38 0.505533 -0.505533
34.381 0.431804 -0.431804
34.382 0.358368 -0.358368
34.383 0.285245 -0.285245
34.384 0.212456 -0.212456
34.385 0.140024 -0.140024
34.386 0.0679673 -0.0679673
34.387 -0.00369148 0.00369148
34.388 -0.0749319 0.0749319
34.389 -0.145733 0.145733
34.39 -0.216075 0.216075
34.391 -0.285936 0.285936
34.392 -0.355295 0.355295
34.393 -0.424134 0.424134
34.394 -0.49243 0.49243
34.395 -0.560165 0.560165
34.396 -0.627318 0.627318
34.397 -0.693869 0.693869
34.398 -0.759799 0.759799
34.399 -0.825088 0.825088
34.4 -0.889718 0.889718
34.401 -0.953668 0.953668
34.402 -1.01691 1.01691
34.403 -1.07942 1.07942
34.404 -1.14117 1.14117
34.405 -1.20214 1.20214
34.406 -1.2623 1.2623
34.407 -1.32161 1.32161
34.408 -1.38007 1.38007
34.409 -1.43764 1.43764
34.41 -1.49429 1.49429
34.411 -1.55001 1.55001
34.412 -1.60477 1.60477
34.413 -1.65855 1.65855
34.414 -1.71132 1.71132
34.415 -1.76306 1.76306
34.416 -1.81376 1.81376
34.417 -1.86338 1.86338
34.418 -1.91191 1.91191
34.419 -1.95932 1.95932
34.42 -2.00561 2.00561
34.421 -2.05075 2.05075
34.422 -2.09471 2.09471
34.423 -2.13749 2.13749
34.424 -2.17906 2.17906
34.425 -2.21941 2.21941
34.426 -2.25852 2.25852
34.427 -2.29638 2.29638
34.428 -2.33296 2.33296
34.429 -2.36827 2.36827
34.43 -2.40227 2.40227
34.431 -2.43497 2.43497
34.432 -2.46633 2.46633
34.433 -2.49633 2.49633
34.434 -2.52497 2.52497
34.435 -2.55221 2.55221
34.436 -2.57804 2.57804
34.437 -2.60244 2.60244
34.438 -2.6254 2.6254
34.439 -2.64689 2.64689
34.44 -2.6669 2.6669
34.441 -2.68542 2.68542
34.442 -2.70243 2.70243
34.443 -2.71792 2.71792
34.444 -2.73187 2.73187
34.445 -2.74427 2.74427
34.446 -2.75512 2.75512
34.447 -2.76439 2.76439
34.448 -2.77208 2.77208
34.449 -2.77818 2.77818
34.45 -2.78268 2.78268
34.451 -2.78558 2.78558
34.452 -2.78685 2.78688
34.453 -2.78655 2.78655
34.454 -2.78464 2.78462
34.455 -2.78113 2.7811
34.456 -2.776 2.776
34.457 -2.76929 2.76929
34.458 -2.761 2.761
34.459 -2.75112 2.75112
34.46 -2.73968 2.73968
34.461 -2.72666 2.72666
34.462 -2.71208 2.71208
34.463 -2.69593 2.69593
34.464 -2.6782 2.6782
34.465 -2.65892 2.65892
34.466 -2.63806 2.63806
34.467 -2.61564 2.61564
34.468 -2.59166 2.59166
34.469 -2.56612 2.56612
34.47 -2.53903 2.53903
34.471 -2.51039 2.51039
34.472 -2.48022 2.48022
34.473 -2.44854 2.44854
34.474 -2.41539 2.41539
34.475 -2.38077 2.38077
34.476 -2.34472 2.34472
34.477 -2.30726 2.30726
34.478 -2.26842 2.26842
34.479 -2.22822 2.22822
34.48 -2.18669 2.18669
34.481 -2.14385 2.14385
34.482 -2.09972 2.09972
34.483 -2.05433 2.05433
34.484 -2.00768 2.00768
34.485 -1.95981 1.95981
34.486 -1.91073 1.91073
34.487 -1.86047 1.86047
34.488 -1.80903 1.80903
34.489 -1.75645 1.75645
34.49 -1.70275 1.70275
34.491 -1.64795 1.64795
34.492 -1.59206 1.59206
34.493 -1.53513 1.53513
34.494 -1.47716 1.47716
34.495 -1.41818 1.41818
34.496 -1.35822 1.35822
34.497 -1.2973 1.2973
34.498 -1.23545 1.23545
34.499 -1.17268 1.17268
34.5 -1.10904 1.10904
34.501 -1.04454 1.04454
34.502 -0.979215 0.979215
34.503 -0.913107 0.913107
34.504 -0.846248 0.846248
34.505 -0.778675 0.778675
34.506 -0.710424 0.710424
34.507 -0.641531 0.641531
34.508 -0.572035 0.572035
34.509 -0.501971 0.501971
34.51 -0.431378 0.431378
34.511 -0.360291 0.360291
34.512 -0.288743 0.288743
34.513 -0.216762 0.216762
34.514 -0.144379 0.144379
34.515 -0.0716246 0.0716246
34.516 0.00147169 -0.00147169
34.517 0.0748788 -0.0748788
34.518 0.148566 -0.148566
34.519 0.222501 -0.222501
34.52 0.296653 -0.296653
34.521 0.370991 -0.370991
34.522 0.445482 -0.445482
34.523 0.520095 -0.520095
34.524 0.594796 -0.594796
34.525 0.669555 -0.669555
34.526 0.744339 -0.744339
34.527 0.819114 -0.819114
34.528 0.893849 -0.893849
34.529 0.96851 -0.96851
34.53 1.04307 -1.04307
34.531 1.11748 -1.11748
34.532 1.19172 -1.19172
34.533 1.26573 -1.26573
34.534 1.33948 -1.33948
34.535 1.41293 -1.41293
34.536 1.48603 -1.48603
34.537 1.55874 -1.55874
34.538 1.63103 -1.63103
34.539 1.70285 -1.70285
34.54 1.77416 -1.77416
34.541 1.84493 -1.84493
34.542 1.9151 -1.9151
34.543 1.98464 -1.98464
34.544 2.05352 -2.05352
34.545 2.12169 -2.12169
34.546 2.18911 -2.18911
34.547 2.25574 -2.25574
34.548 2.32155 -2.32155
34.549 2.3865 -2.3865
34.55 2.45056 -2.45056
34.551 2.51367 -2.51367
34.552 2.57582 -2.57582
34.553 2.63695 -2.63695
34.554 2.69705 -2.69705
34.555 2.75606 -2.75606
34.556 2.81397 -2.81397
34.557 2.87073 -2.87073
34.558 2.92631 -2.92631
34.559 2.98068 -2.98068
34.56 3.0338 -3.0338
34.561 3.08565 -3.08565
34.562 3.13619 -3.13619
34.563 3.18538 -3.18538
34.564 3.23318 -3.23318
34.565 3.27955 -3.27955
34.566 3.32446 -3.32446
34.567 3.36788 -3.36788
34.568 3.40977 -3.40977
34.569 3.45009 -3.45009
34.57 3.48881 -3.48881
34.571 3.52591 -3.52591
34.572 3.56136 -3.56136
34.573 3.59513 -3.59513
34.574 3.62721 -3.62721
34.575 3.65758 -3.65758
34.576 3.68622 -3.68622
34.577 3.71311 -3.71311
34.578 3.73824 -3.73824
34.579 3.76158 -3.76158
34.58 3.78312 -3.78312
34.581 3.80286 -3.80286
34.582 3.82078 -3.82078
34.583 3.83688 -3.83688
34.584 3.85116 -3.85116
34.585 3.86361 -3.86361
34.586 3.87423 -3.87423
34.587 3.88303 -3.88303
34.588 3.89 -3.89
34.589 3.89514 -3.89514
34.59 3.89847 -3.89847
34.591 3.89996 -3.89996
34.592 3.89962 -3.89965
34.593 3.89747 -3.89748
34.594 3.89349 -3.89347
34.595 3.88764 -3.88764
34.596 3.87997 -3.87997
34.597 3.87045 -3.87045
34.598 3.85909 -3.85909
34.599 3.84589 -3.84589
34.6 3.83085 -3.83085
34.601 3.81397 -3.81397
34.602 3.79526 -3.79526
34.603 3.77473 -3.77473
34.604 3.75239 -3.75239
34.605 3.72826 -3.72826
34.606 3.70236 -3.70236
34.607 3.67468 -3.67468
34.608 3.64525 -3.64525
34.609 3.61409 -3.61409
34.61 3.58121 -3.58121
34.611 3.54662 -3.54662
34.612 3.51033 -3.51033
34.613 3.47236 -3.47236
34.614 3.43271 -3.43271
34.615 3.39139 -3.39139
34.616 3.34841 -3.34841
34.617 3.30378 -3.30378
34.618 3.25752 -3.25752
34.619 3.20963 -3.20963
34.62 3.16014 -3.16014
34.621 3.10904 -3.10904
34.622 3.05636 -3.05636
34.623 3.00211 -3.00211
34.624 2.9463 -2.9463
34.625 2.88895 -2.88895
34.626 2.83007 -2.83007
34.627 2.76969 -2.76969
34.628 2.7078 -2.7078
34.629 2.64445 -2.64445
34.63 2.57963 -2.57963
34.631 2.51337 -2.51337
34.632 2.44568 -2.44568
34.633 2.37659 -2.37659
34.634 2.30611 -2.30611
34.635 2.23427 -2.23427
34.636 2.16108 -2.16108
34.637 2.08657 -2.08657
34.638 2.01075 -2.01075
34.639 1.93364 -1.93364
34.64 1.85528 -1.85528
34.641 1.77568 -1.77568
34.642 1.69487 -1.69487
34.643 1.61288 -1.61288
34.644 1.52975 -1.52975
34.645 1.44552 -1.44552
34.646 1.3602 -1.3602
34.647 1.27384 -1.27384
34.648 1.18648 -1.18648
34.649 1.09814 -1.09814
34.65 1.00886 -1.00886
34.651 0.918681 -0.918681
34.652 0.827634 -0.827634
34.653 0.735757 -0.735757
34.654 0.643087 -0.643087
34.655 0.549661 -0.549661
34.656 0.455518 -0.455518
34.657 0.360696 -0.360696
34.658 0.265233 -0.265233
34.659 0.16917 -0.16917
34.66 0.0725453 -0.0725453
34.661 -0.0246003 0.0246003
34.662 -0.122226 0.122226
34.663 -0.220291 0.220291
34.664 -0.318753 0.318753
34.665 -0.417569 0.417569
34.666 -0.516698 0.516698
34.667 -0.616096 0.616096
34.668 -0.71572 0.71572
34.669 -0.815526 0.815526
34.67 -0.915469 0.915469
34.671 -1.0155 1.0155
34.672 -1.11558 1.11558
34.673 -1.21564 1.21564
34.674 -1.31564 1.31564
34.675 -1.41551 1.41551
34.676 -1.51521 1.51521
34.677 -1.61468 1.61468
34.678 -1.71387 1.71387
34.679 -1.81272 1.81272
34.68 -1.91118 1.91118
34.681 -2.0092 2.0092
34.682 -2.10672 2.10672
34.683 -2.20371 2.20371
34.684 -2.30012 2.30012
34.685 -2.3959 2.3959
34.686 -2.49101 2.49101
34.687 -2.58541 2.58541
34.688 -2.67905 2.67905
34.689 -2.77188 2.77188
34.69 -2.86387 2.86387
34.691 -2.95496 2.95496
34.692 -3.04513 3.04513
34.693 -3.13432 3.13432
34.694 -3.22249 3.22249
34.695 -3.30961 3.30961
34.696 -3.39563 3.39563
34.697 -3.48051 3.48051
34.698 -3.56421 3.56421
34.699 -3.64669 3.64669
34.7 -3.72793 3.72793
34.701 -3.80787 3.80787
34.702 -3.8865 3.8865
34.703 -3.96377 3.96377
34.704 -4.03968 4.03968
34.705 -4.11419 4.11419
34.706 -4.18727 4.18727
34.707 -4.25891 4.25891
34.708 -4.32908 4.32908
34.709 -4.39776 4.39776
34.71 -4.46493 4.46493
34.711 -4.53056 4.53056
34.712 -4.59463 4.59463
34.713 -4.65712 4.65712
34.714 -4.71798 4.71798
34.715 -4.77721 4.77721
34.716 -4.83478 4.83478
34.717 -4.89066 4.89066
34.718 -4.94483 4.94483
34.719 -4.99728 4.99728
34.72 -5.04797 5.04797
34.721 -5.09689 5.09689
34.722 -5.14403 5.14403
34.723 -5.18936 5.18936
34.724 -5.23288 5.23288
34.725 -5.27456 5.27456
34.726 -5.31439 5.31439
34.727 -5.35237 5.35237
34.728 -5.38847 5.38847
34.729 -5.42269 5.42269
34.73 -5.45501 5.45501
34.731 -5.48544 5.48544
34.732 -5.51396 5.51396
34.733 -5.54056 5.54056
34.734 -5.56524 5.56524
34.735 -5.588 5.588
34.736 -5.60882 5.60882
34.737 -5.62772 5.62772
34.738 -5.64469 5.64469
34.739 -5.65972 5.65972
34.74 -5.67281 5.67281
34.741 -5.68398 5.68398
34.742 -5.69321 5.69321
34.743 -5.70051 5.70051
34.744 -5.70589 5.70589
34.745 -5.70936 5.70936
34.746 -5.7109 5.7109
34.747 -5.71054 5.71054
34.748 -5.70828 5.70828
34.749 -5.70412 5.70412
34.75 -5.69807 5.69808
34.751 -5.69016 5.69015
34.752 -5.68038 5.68035
34.753 -5.66872 5.66872
34.754 -5.65523 5.65523
34.755 -5.63991 5.63991
34.756 -5.62277 5.62277
34.757 -5.60382 5.60382
34.758 -5.58307 5.58307
34.759 -5.56054 5.56054
34.76 -5.53625 5.53625
34.761 -5.5102 5.5102
34.762 -5.48241 5.48241
34.763 -5.45289 5.45289
34.764 -5.42164 5.42164
34.765 -5.38867 5.38867
34.766 -5.35399 5.35399
34.767 -5.31761 5.31761
34.768 -5.27954 5.27954
34.769 -5.23979 5.23979
34.77 -5.19838 5.19838
34.771 -5.15531 5.15531
34.772 -5.1106 5.1106
34.773 -5.06426 5.06426
34.774 -5.0163 5.0163
34.775 -4.96673 4.96673
34.776 -4.91558 4.91558
34.777 -4.86285 4.86285
34.778 -4.80856 4.80856
34.779 -4.75272 4.75272
34.78 -4.69536 4.69536
34.781 -4.63647 4.63647
34.782 -4.57608 4.57608
34.783 -4.51419 4.51419
34.784 -4.45082 4.45082
34.785 -4.38595 4.38595
34.786 -4.31962 4.31962
34.787 -4.25182 4.25182
34.788 -4.18257 4.18257
34.789 -4.11188 4.11188
34.79 -4.03975 4.03975
34.791 -3.96621 3.96621
34.792 -3.89125 3.89125
34.793 -3.8149 3.8149
34.794 -3.73716 3.73716
34.795 -3.65804 3.65804
34.796 -3.57757 3.57757
34.797 -3.49575 3.49575
34.798 -3.4126 3.4126
34.799 -3.32813 3.32813
34.8 -3.24236 3.24236
34.801 -3.1553 3.1553
34.802 -3.06697 3.06697
34.803 -2.9774 2.9774
34.804 -2.88662 2.88662
34.805 -2.79465 2.79465
34.806 -2.70152 2.70152
34.807 -2.60725 2.60725
34.808 -2.51186 2.51186
34.809 -2.41539 2.41539
34.81 -2.31787 2.31787
34.811 -2.21931 2.21931
34.812 -2.11975 2.11975
34.813 -2.01923 2.01923
34.814 -1.91775 1.91775
34.815 -1.81537 1.81537
34.816 -1.7121 1.7121
34.817 -1.60798 1.60798
34.818 -1.50303 1.50303
34.819 -1.39729 1.39729
34.82 -1.2908 1.2908
34.821 -1.18358 1.18358
34.822 -1.07569 1.07569
34.823 -0.967173 0.967173
34.824 -0.858081 0.858081
34.825 -0.748466 0.748466
34.826 -0.63838 0.63838
34.827 -0.527877 0.527877
34.828 -0.417009 0.417009
34.829 -0.305829 0.305829
34.83 -0.194393 0.194393
34.831 -0.0827529 0.0827529
34.832 0.0290347 -0.0290347
34.833 0.140915 -0.140915
34.834 0.252831 -0.252831
34.835 0.364728 -0.364728
34.836 0.476548 -0.476548
34.837 0.588234 -0.588234
34.838 0.699728 -0.699728
34.839 0.810974 -0.810974
34.84 0.921914 -0.921914
34.841 1.03249 -1.03249
34.842 1.14264 -1.14264
34.843 1.25231 -1.25231
34.844 1.36144 -1.36144
34.845 1.46998 -1.46998
34.846 1.57786 -1.57786
34.847 1.68503 -1.68503
34.848 1.79143 -1.79143
34.849 1.89699 -1.89699
34.85 2.00168 -2.00168
34.851 2.10542 -2.10542
34.852 2.20819 -2.20819
34.853 2.30993 -2.30993
34.854 2.41062 -2.41062
34.855 2.5102 -2.5102
34.856 2.60866 -2.60866
34.857 2.70594 -2.70594
34.858 2.80201 -2.80201
34.859 2.89684 -2.89684
34.86 2.99039 -2.99039
34.861 3.08263 -3.08263
34.862 3.17352 -3.17352
34.863 3.26302 -3.26302
34.864 3.35112 -3.35112
34.865 3.43777 -3.43777
34.866 3.52294 -3.52294
34.867 3.60661 -3.60661
34.868 3.68874 -3.68874
34.869 3.76931 -3.76931
34.87 3.84829 -3.84829
34.871 3.92566 -3.92566
34.872 4.00141 -4.00141
34.873 4.07554 -4.07554
34.874 4.14807 -4.14807
34.875 4.21898 -4.21898
34.876 4.28829 -4.28829
34.877 4.35599 -4.35599
34.878 4.42211 -4.42211
34.879 4.48663 -4.48663
34.88 4.54957 -4.54957
34.881 4.61094 -4.61094
34.882 4.67074 -4.67074
34.883 4.72897 -4.72897
34.884 4.78564 -4.78564
34.885 4.84073 -4.84073
34.886 4.89427 -4.89427
34.887 4.94625 -4.94625
34.888 4.99669 -4.99669
34.889 5.04558 -5.04558
34.89 5.09294 -5.09294
34.891 5.13876 -5.13876
34.892 5.18305 -5.18305
34.893 5.2258 -5.2258
34.894 5.267 -5.267
34.895 5.30664 -5.30664
34.896 5.34472 -5.34472
34.897 5.38124 -5.38124
34.898 5.41619 -5.41619
34.899 5.44957 -5.44957
34.9 5.48137 -5.48137
34.901 5.5116 -5.5116
34.902 5.54023 -5.54023
34.903 5.56724 -5.56724
34.904 5.5926 -5.5926
34.905 5.61629 -5.61629
34.906 5.63828 -5.63828
34.907 5.65856 -5.65856
34.908 5.67711 -5.67711
34.909 5.6939 -5.6939
34.91 5.70891 -5.70891
34.911 5.72213 -5.72213
34.912 5.73353 -5.73353
34.913 5.74306 -5.74306
34.914 5.75071 -5.75071
34.915 5.75643 -5.75643
34.916 5.7602 -5.7602
34.917 5.76199 -5.76199
34.918 5.76176 -5.76176
34.919 5.7595 -5.7595
34.92 5.75518 -5.75518
34.921 5.74876 -5.74878
34.922 5.74027 -5.74026
34.923 5.72967 -5.72964
34.924 5.71693 -5.71693
34.925 5.7021 -5.7021
34.926 5.68516 -5.68516
34.927 5.66609 -5.66609
34.928 5.6449 -5.6449
34.929 5.62159 -5.62159
34.93 5.59616 -5.59616
34.931 5.5686 -5.5686
34.932 5.53895 -5.53895
34.933 5.50723 -5.50723
34.934 5.47347 -5.47347
34.935 5.4377 -5.4377
34.936 5.39994 -5.39994
34.937 5.36023 -5.36023
34.938 5.31859 -5.31859
34.939 5.27506 -5.27506
34.94 5.22966 -5.22966
34.941 5.18244 -5.18244
34.942 5.13342 -5.13342
34.943 5.08265 -5.08265
34.944 5.03017 -5.03017
34.945 4.97602 -4.97602
34.946 4.92025 -4.92025
34.947 4.86289 -4.86289
34.948 4.80398 -4.80398
34.949 4.74358 -4.74358
34.95 4.68172 -4.68172
34.951 4.61844 -4.61844
34.952 4.55381 -4.55381
34.953 4.48786 -4.48786
34.954 4.42065 -4.42065
34.955 4.35224 -4.35224
34.956 4.28268 -4.28268
34.957 4.21201 -4.21201
34.958 4.1403 -4.1403
34.959 4.0676 -4.0676
34.96 3.99396 -3.99396
34.961 3.91942 -3.91942
34.962 3.84405 -3.84405
34.963 3.76789 -3.76789
34.964 3.69097 -3.69097
34.965 3.61335 -3.61335
34.966 3.53507 -3.53507
34.967 3.45618 -3.45618
34.968 3.37672 -3.37672
34.969 3.29674 -3.29674
34.97 3.21629 -3.21629
34.971 3.13541 -3.13541
34.972 3.05414 -3.05414
34.973 2.97252 -2.97252
34.974 2.89059 -2.89059
34.975 2.80838 -2.80838
34.976 2.72594 -2.72594
34.977 2.6433 -2.6433
34.978 2.56051 -2.56051
34.979 2.47759 -2.47759
34.98 2.3946 -2.3946
34.981 2.31156 -2.31156
34.982 2.22848 -2.22848
34.983 2.14537 -2.14537
34.984 2.06223 -2.06223
34.985 1.97908 -1.97908
34.986 1.8959 -1.8959
34.987 1.81272 -1.81272
34.988 1.72952 -1.72952
34.989 1.64633 -1.64633
34.99 1.56314 -1.56314
34.991 1.47996 -1.47996
34.992 1.39679 -1.39679
34.993 1.31362 -1.31362
34.994 1.23045 -1.23045
34.995 1.14728 -1.14728
34.996 1.06411 -1.06411
34.997 0.980939 -0.980939
34.998 0.897756 -0.897756
34.999 0.814564 -0.814564
35 0.73136 -0.73136
35.001 0.648146 -0.648146
35.002 0.564927 -0.564927
35.003 0.481709 -0.481709
35.004 0.398501 -0.398501
35.005 0.315309 -0.315309
35.006 0.232142 -0.232142
35.007 0.149008 -0.149008
35.008 0.0659148 -0.0659148
35.009 -0.0171296 0.0171296
35.01 -0.100117 0.100117
35.011 -0.183031 0.183031
35.012 -0.265845 0.265845
35.013 -0.348522 0.348522
35.014 -0.431029 0.431029
35.015 -0.513329 0.513329
35.016 -0.595388 0.595388
35.017 -0.677171 0.677171
35.018 -0.758641 0.758641
35.019 -0.839764 0.839764
35.02 -0.920506 0.920506
35.021 -1.00082 1.00082
35.022 -1.08066 1.08066
35.023 -1.15996 1.15996
35.024 -1.23866 1.23866
35.025 -1.3167 1.3167
35.026 -1.39402 1.39402
35.027 -1.47055 1.47055
35.028 -1.54625 1.54625
35.029 -1.62105 1.62105
35.03 -1.69489 1.69489
35.031 -1.76771 1.76771
35.032 -1.83945 1.83945
35.033 -1.91007 1.91007
35.034 -1.97949 1.97949
35.035 -2.04767 2.04767
35.036 -2.11455 2.11455
35.037 -2.18007 2.18007
35.038 -2.24419 2.24419
35.039 -2.30684 2.30684
35.04 -2.36797 2.36797
35.041 -2.42754 2.42754
35.042 -2.4855 2.4855
35.043 -2.54183 2.54183
35.044 -2.5965 2.5965
35.045 -2.64947 2.64947
35.046 -2.70071 2.70071
35.047 -2.75019 2.75019
35.048 -2.79788 2.79788
35.049 -2.84376 2.84376
35.05 -2.88781 2.88781
35.051 -2.92999 2.92999
35.052 -2.97031 2.97031
35.053 -3.00876 3.00876
35.054 -3.04536 3.04536
35.055 -3.08011 3.08011
35.056 -3.113 3.113
35.057 -3.14405 3.14405
35.058 -3.17327 3.17327
35.059 -3.20065 3.20065
35.06 -3.22622 3.22622
35.061 -3.24997 3.24997
35.062 -3.27194 3.27194
35.063 -3.29213 3.29213
35.064 -3.31057 3.31057
35.065 -3.32728 3.32728
35.066 -3.34228 3.34228
35.067 -3.3556 3.3556
35.068 -3.36725 3.36725
35.069 -3.37727 3.37727
35.07 -3.38567 3.38567
35.071 -3.39248 3.39248
35.072 -3.39774 3.39774
35.073 -3.40145 3.40145
35.074 -3.40366 3.40366
35.075 -3.40438 3.4044
35.076 -3.40366 3.40367
35.077 -3.40153 3.40152
35.078 -3.39799 3.39797
35.079 -3.39308 3.39308
35.08 -3.38685 3.38685
35.081 -3.37931 3.37931
35.082 -3.37047 3.37047
35.083 -3.36034 3.36034
35.084 -3.34893 3.34893
35.085 -3.33624 3.33624
35.086 -3.32229 3.32229
35.087 -3.30707 3.30707
35.088 -3.2906 3.2906
35.089 -3.27288 3.27288
35.09 -3.25393 3.25393
35.091 -3.23375 3.23375
35.092 -3.21233 3.21233
35.093 -3.18968 3.18968
35.094 -3.16578 3.16578
35.095 -3.14063 3.14063
35.096 -3.11423 3.11423
35.097 -3.08656 3.08656
35.098 -3.05762 3.05762
35.099 -3.02742 3.02742
35.1 -2.99594 2.99594
35.101 -2.96319 2.96319
35.102 -2.92916 2.92916
35.103 -2.89385 2.89385
35.104 -2.85725 2.85725
35.105 -2.81937 2.81937
35.106 -2.78021 2.78021
35.107 -2.73977 2.73977
35.108 -2.69804 2.69804
35.109 -2.65502 2.65502
35.11 -2.61073 2.61073
35.111 -2.56515 2.56515
35.112 -2.5183 2.5183
35.113 -2.47017 2.47017
35.114 -2.42077 2.42077
35.115 -2.3701 2.3701
35.116 -2.31816 2.31816
35.117 -2.26497 2.26497
35.118 -2.21051 2.21051
35.119 -2.15481 2.15481
35.12 -2.09786 2.09786
35.121 -2.03967 2.03967
35.122 -1.98027 1.98027
35.123 -1.91968 1.91968
35.124 -1.85793 1.85793
35.125 -1.79503 1.79503
35.126 -1.73102 1.73102
35.127 -1.66592 1.66592
35.128 -1.59975 1.59975
35.129 -1.53255 1.53255
35.13 -1.46434 1.46434
35.131 -1.39516 1.39516
35.132 -1.32503 1.32503
35.133 -1.25399 1.25399
35.134 -1.18208 1.18208
35.135 -1.10934 1.10934
35.136 -1.0358 1.0358
35.137 -0.961511 0.961511
35.138 -0.886505 0.886505
35.139 -0.810821 0.810821
35.14 -0.734499 0.734499
35.141 -0.65758 0.65758
35.142 -0.580102 0.580102
35.143 -0.502107 0.502107
35.144 -0.423635 0.423635
35.145 -0.344726 0.344726
35.146 -0.265423 0.265423
35.147 -0.185767 0.185767
35.148 -0.1058 0.1058
35.149 -0.0255627 0.0255627
35.15 0.0549011 -0.0549011
35.151 0.135549 -0.135549
35.152 0.216339 -0.216339
35.153 0.297227 -0.297227
35.154 0.37817 -0.37817
35.155 0.459125 -0.459125
35.156 0.540049 -0.540049
35.157 0.620897 -0.620897
35.158 0.701628 -0.701628
35.159 0.782195 -0.782195
35.16 0.862557 -0.862557
35.161 0.942673 -0.942673
35.162 1.02251 -1.02251
35.163 1.10205 -1.10205
35.164 1.18126 -1.18126
35.165 1.26011 -1.26011
35.166 1.33858 -1.33858
35.167 1.41665 -1.41665
35.168 1.49428 -1.49428
35.169 1.57145 -1.57145
35.17 1.64814 -1.64814
35.171 1.72432 -1.72432
35.172 1.79997 -1.79997
35.173 1.87505 -1.87505
35.174 1.94955 -1.94955
35.175 2.02344 -2.02344
35.176 2.0967 -2.0967
35.177 2.1693 -2.1693
35.178 2.24122 -2.24122
35.179 2.31243 -2.31243
35.18 2.38291 -2.38291
35.181 2.45264 -2.45264
35.182 2.52159 -2.52159
35.183 2.58972 -2.58972
35.184 2.65702 -2.65702
35.185 2.72343 -2.72343
35.186 2.78895 -2.78895
35.187 2.85353 -2.85353
35.188 2.91715 -2.91715
35.189 2.97979 -2.97979
35.19 3.04141 -3.04141
35.191 3.10198 -3.10198
35.192 3.16149 -3.16149
35.193 3.21989 -3.21989
35.194 3.27718 -3.27718
35.195 3.33333 -3.33333
35.196 3.3883 -3.3883
35.197 3.44209 -3.44209
35.198 3.49465 -3.49465
35.199 3.54598 -3.54598
35.2 3.59605 -3.59605
35.201 3.64484 -3.64484
35.202 3.69231 -3.69231
35.203 3.73843 -3.73843
35.204 3.78316 -3.78316
35.205 3.82646 -3.82646
35.206 3.86831 -3.86831
35.207 3.90866 -3.90866
35.208 3.94749 -3.94749
35.209 3.98476 -3.98476
35.21 4.02045 -4.02045
35.211 4.05452 -4.05452
35.212 4.08695 -4.08695
35.213 4.11773 -4.11773
35.214 4.14683 -4.14683
35.215 4.17424 -4.17424
35.216 4.19994 -4.19994
35.217 4.22391 -4.22391
35.218 4.24614 -4.24614
35.219 4.26662 -4.26662
35.22 4.28533 -4.28533
35.221 4.30225 -4.30225
35.222 4.31738 -4.31738
35.223 4.33071 -4.33071
35.224 4.34222 -4.34222
35.225 4.35192 -4.35192
35.226 4.35978 -4.35978
35.227 4.3658 -4.3658
35.228 4.36997 -4.36997
35.229 4.3723 -4.3723
35.23 4.37277 -4.37277
35.231 4.37137 -4.37139
35.232 4.36814 -4.36815
35.233 4.36309 -4.36307
35.234 4.3562 -4.3562
35.235 4.34752 -4.34752
35.236 4.33706 -4.33706
35.237 4.32483 -4.32483
35.238 4.31085 -4.31085
35.239 4.29514 -4.29514
35.24 4.27772 -4.27772
35.241 4.25861 -4.25861
35.242 4.23784 -4.23784
35.243 4.21541 -4.21541
35.244 4.19136 -4.19136
35.245 4.1657 -4.1657
35.246 4.13846 -4.13846
35.247 4.10966 -4.10966
35.248 4.07932 -4.07932
35.249 4.04748 -4.04748
35.25 4.01414 -4.01414
35.251 3.97934 -3.97934
35.252 3.9431 -3.9431
35.253 3.90542 -3.90542
35.254 3.86634 -3.86634
35.255 3.82586 -3.82586
35.256 3.784 -3.784
35.257 3.74079 -3.74079
35.258 3.69625 -3.69625
35.259 3.65038 -3.65038
35.26 3.60322 -3.60322
35.261 3.55478 -3.55478
35.262 3.50507 -3.50507
35.263 3.45411 -3.45411
35.264 3.40191 -3.40191
35.265 3.34849 -3.34849
35.266 3.29385 -3.29385
35.267 3.23801 -3.23801
35.268 3.18099 -3.18099
35.269 3.1228 -3.1228
35.27 3.06345 -3.06345
35.271 3.00296 -3.00296
35.272 2.94135 -2.94135
35.273 2.87863 -2.87863
35.274 2.81481 -2.81481
35.275 2.74993 -2.74993
35.276 2.68398 -2.68398
35.277 2.617 -2.617
35.278 2.54899 -2.54899
35.279 2.47997 -2.47997
35.28 2.40998 -2.40998
35.281 2.33901 -2.33901
35.282 2.2671 -2.2671
35.283 2.19426 -2.19426
35.284 2.12051 -2.12051
35.285 2.04587 -2.04587
35.286 1.97036 -1.97036
35.287 1.89401 -1.89401
35.288 1.81683 -1.81683
35.289 1.73885 -1.73885
35.29 1.66009 -1.66009
35.291 1.58056 -1.58056
35.292 1.50031 -1.50031
35.293 1.41936 -1.41936
35.294 1.33775 -1.33775
35.295 1.2555 -1.2555
35.296 1.17266 -1.17266
35.297 1.08924 -1.08924
35.298 1.00529 -1.00529
35.299 0.920845 -0.920845
35.3 0.835927 -0.835927
35.301 0.750575 -0.750575
35.302 0.664825 -0.664825
35.303 0.578709 -0.578709
35.304 0.492264 -0.492264
35.305 0.405524 -0.405524
35.306 0.318525 -0.318525
35.307 0.231302 -0.231302
35.308 0.143891 -0.143891
35.309 0.0563279 -0.0563279
35.31 -0.0313507 0.0313507
35.311 -0.119108 0.119108
35.312 -0.206908 0.206908
35.313 -0.294713 0.294713
35.314 -0.382485 0.382485
35.315 -0.470187 0.470187
35.316 -0.557782 0.557782
35.317 -0.645232 0.645232
35.318 -0.732498 0.732498
35.319 -0.819544 0.819544
35.32 -0.90633 0.90633
35.321 -0.99282 0.99282
35.322 -1.07898 1.07898
35.323 -1.16476 1.16476
35.324 -1.25013 1.25013
35.325 -1.33506 1.33506
35.326 -1.41949 1.41949
35.327 -1.50341 1.50341
35.328 -1.58676 1.58676
35.329 -1.66952 1.66952
35.33 -1.75164 1.75164
35.331 -1.8331 1.8331
35.332 -1.91385 1.91385
35.333 -1.99388 1.99388
35.334 -2.07315 2.07315
35.335 -2.15164 2.15164
35.336 -2.22933 2.22933
35.337 -2.30618 2.30618
35.338 -2.38217 2.38217
35.339 -2.45728 2.45728
35.34 -2.53148 2.53148
35.341 -2.60474 2.60474
35.342 -2.67705 2.67705
35.343 -2.74837 2.74837
35.344 -2.81869 2.81869
35.345 -2.88798 2.88798
35.346 -2.95622 2.95622
35.347 -3.02339 3.02339
35.348 -3.08947 3.08947
35.349 -3.15443 3.15443
35.35 -3.21826 3.21826
35.351 -3.28095 3.28095
35.352 -3.34247 3.34247
35.353 -3.40281 3.40281
35.354 -3.46198 3.46198
35.355 -3.51996 3.51996
35.356 -3.57675 3.57675
35.357 -3.63233 3.63233
35.358 -3.68671 3.68671
35.359 -3.73987 3.73987
35.36 -3.79181 3.79181
35.361 -3.84252 3.84252
35.362 -3.892 3.892
35.363 -3.94023 3.94023
35.364 -3.98721 3.98721
35.365 -4.03291 4.03291
35.366 -4.07734 4.07734
35.367 -4.12048 4.12048
35.368 -4.16232 4.16232
35.369 -4.20285 4.20285
35.37 -4.24208 4.24208
35.371 -4.27999 4.27999
35.372 -4.31657 4.31657
35.373 -4.3518 4.3518
35.374 -4.38567 4.38567
35.375 -4.41818 4.41818
35.376 -4.4493 4.4493
35.377 -4.47903 4.47903
35.378 -4.50736 4.50736
35.379 -4.53428 4.53428
35.38 -4.55978 4.55978
35.381 -4.58384 4.58384
35.382 -4.60647 4.60647
35.383 -4.62763 4.62763
35.384 -4.64733 4.64733
35.385 -4.66553 4.66553
35.386 -4.68224 4.68224
35.387 -4.69744 4.69744
35.388 -4.71111 4.71111
35.389 -4.72325 4.72325
35.39 -4.73385 4.73385
35.391 -4.74289 4.74289
35.392 -4.7504 4.7504
35.393 -4.75637 4.75637
35.394 -4.76081 4.76081
35.395 -4.76375 4.76375
35.396 -4.76518 4.76518
35.397 -4.76512 4.76512
35.398 -4.76359 4.76359
35.399 -4.76058 4.7606
35.4 -4.75614 4.75614
35.401 -4.75026 4.75024
35.402 -4.74295 4.74292
35.403 -4.7342 4.7342
35.404 -4.72404 4.72404
35.405 -4.71248 4.71248
35.406 -4.69952 4.69952
35.407 -4.68517 4.68517
35.408 -4.66944 4.66944
35.409 -4.65233 4.65233
35.41 -4.63386 4.63386
35.411 -4.61405 4.61405
35.412 -4.59289 4.59289
35.413 -4.57041 4.57041
35.414 -4.54661 4.54661
35.415 -4.52151 4.52151
35.416 -4.49512 4.49512
35.417 -4.46745 4.46745
35.418 -4.43852 4.43852
35.419 -4.40834 4.40834
35.42 -4.37693 4.37693
35.421 -4.3443 4.3443
35.422 -4.31047 4.31047
35.423 -4.27544 4.27544
35.424 -4.23925 4.23925
35.425 -4.2019 4.2019
35.426 -4.16342 4.16342
35.427 -4.12381 4.12381
35.428 -4.0831 4.0831
35.429 -4.0413 4.0413
35.43 -3.99843 3.99843
35.431 -3.95452 3.95452
35.432 -3.90957 3.90957
35.433 -3.86361 3.86361
35.434 -3.81666 3.81666
35.435 -3.76874 3.76874
35.436 -3.71986 3.71986
35.437 -3.67006 3.67006
35.438 -3.61933 3.61933
35.439 -3.56772 3.56772
35.44 -3.51524 3.51524
35.441 -3.4619 3.4619
35.442 -3.40772 3.40772
35.443 -3.35273 3.35273
35.444 -3.29692 3.29692
35.445 -3.24031 3.24031
35.446 -3.18292 3.18292
35.447 -3.12476 3.12476
35.448 -3.06584 3.06584
35.449 -3.00619 3.00619
35.45 -2.9458 2.9458
35.451 -2.88471 2.88471
35.452 -2.82293 2.82293
35.453 -2.76049 2.76049
35.454 -2.6974 2.6974
35.455 -2.63371 2.63371
35.456 -2.56942 2.56942
35.457 -2.50457 2.50457
35.458 -2.43918 2.43918
35.459 -2.37328 2.37328
35.46 -2.30689 2.30689
35.461 -2.24003 2.24003
35.462 -2.17274 2.17274
35.463 -2.10504 2.10504
35.464 -2.03695 2.03695
35.465 -1.9685 1.9685
35.466 -1.89973 1.89973
35.467 -1.83065 1.83065
35.468 -1.76129 1.76129
35.469 -1.69168 1.69168
35.47 -1.62184 1.62184
35.471 -1.55182 1.55182
35.472 -1.48163 1.48163
35.473 -1.41132 1.41132
35.474 -1.34092 1.34092
35.475 -1.27047 1.27047
35.476 -1.2 1.2
35.477 -1.12956 1.12956
35.478 -1.05917 1.05917
35.479 -0.988882 0.988882
35.48 -0.918723 0.918723
35.481 -0.84873 0.84873
35.482 -0.778932 0.778932
35.483 -0.709359 0.709359
35.484 -0.640037 0.640037
35.485 -0.570995 0.570995
35.486 -0.50226 0.50226
35.487 -0.433861 0.433861
35.488 -0.365824 0.365824
35.489 -0.298178 0.298178
35.49 -0.23095 0.23095
35.491 -0.164165 0.164165
35.492 -0.0978446 0.0978446
35.493 -0.0320068 0.0320068
35.494 0.0333298 -0.0333298
35.495 0.0981469 -0.0981469
35.496 0.162426 -0.162426
35.497 0.22615 -0.22615
35.498 0.2893 -0.2893
35.499 0.351859 -0.351859
35.5 0.413809 -0.413809
35.501 0.475131 -0.475131
35.502 0.535802 -0.535802
35.503 0.595794 -0.595794
35.504 0.655085 -0.655085
35.505 0.713648 -0.713648
35.506 0.771458 -0.771458
35.507 0.828492 -0.828492
35.508 0.884725 -0.884725
35.509 0.940134 -0.940134
35.51 0.994696 -0.994696
35.511 1.04838 -1.04838
35.512 1.10117 -1.10117
35.513 1.15303 -1.15303
35.514 1.20392 -1.20392
35.515 1.25381 -1.25381
35.516 1.30269 -1.30269
35.517 1.35051 -1.35051
35.518 1.39725 -1.39725
35.519 1.44289 -1.44289
35.52 1.48738 -1.48738
35.521 1.53072 -1.53072
35.522 1.57286 -1.57286
35.523 1.61379 -1.61379
35.524 1.65348 -1.65348
35.525 1.6919 -1.6919
35.526 1.72903 -1.72903
35.527 1.76485 -1.76485
35.528 1.79933 -1.79933
35.529 1.83245 -1.83245
35.53 1.8642 -1.8642
35.531 1.89454 -1.89454
35.532 1.92347 -1.92347
35.533 1.95098 -1.95098
35.534 1.97705 -1.97705
35.535 2.00168 -2.00168
35.536 2.02486 -2.02486
35.537 2.04657 -2.04657
35.538 2.06682 -2.06682
35.539 2.08559 -2.08559
35.54 2.10288 -2.10288
35.541 2.11868 -2.11868
35.542 2.13299 -2.13299
35.543 2.1458 -2.1458
35.544 2.15711 -2.15711
35.545 2.16691 -2.16691
35.546 2.17521 -2.17521
35.547 2.18201 -2.18201
35.548 2.18729 -2.18729
35.549 2.19106 -2.19106
35.55 2.19331 -2.19335
35.551 2.19408 -2.1941
35.552 2.19334 -2.19334
35.553 2.1911 -2.19108
35.554 2.18733 -2.18733
35.555 2.18208 -2.18208
35.556 2.17533 -2.17533
35.557 2.16709 -2.16709
35.558 2.15737 -2.15737
35.559 2.14617 -2.14617
35.56 2.13349 -2.13349
35.561 2.11935 -2.11935
35.562 2.10376 -2.10376
35.563 2.08671 -2.08671
35.564 2.06822 -2.06822
35.565 2.0483 -2.0483
35.566 2.02696 -2.02696
35.567 2.0042 -2.0042
35.568 1.98005 -1.98005
35.569 1.9545 -1.9545
35.57 1.92758 -1.92758
35.571 1.89929 -1.89929
35.572 1.86965 -1.86965
35.573 1.83867 -1.83867
35.574 1.80637 -1.80637
35.575 1.77275 -1.77275
35.576 1.73784 -1.73784
35.577 1.70165 -1.70165
35.578 1.66419 -1.66419
35.579 1.62549 -1.62549
35.58 1.58555 -1.58555
35.581 1.5444 -1.5444
35.582 1.50204 -1.50204
35.583 1.45849 -1.45849
35.584 1.41375 -1.41375
35.585 1.36783 -1.36783
35.586 1.32075 -1.32075
35.587 1.27252 -1.27252
35.588 1.22314 -1.22314
35.589 1.17263 -1.17263
35.59 1.12101 -1.12101
35.591 1.06828 -1.06828
35.592 1.01447 -1.01447
35.593 0.959601 -0.959601
35.594 0.903693 -0.903693
35.595 0.846772 -0.846772
35.596 0.788861 -0.788861
35.597 0.729984 -0.729984
35.598 0.670165 -0.670165
35.599 0.60943 -0.60943
35.6 0.547804 -0.547804
35.601 0.485312 -0.485312
35.602 0.42198 -0.42198
35.603 0.357835 -0.357835
35.604 0.292904 -0.292904
35.605 0.227214 -0.227214
35.606 0.160793 -0.160793
35.607 0.0936681 -0.0936681
35.608 0.0258679 -0.0258679
35.609 -0.0425789 0.0425789
35.61 -0.111643 0.111643
35.611 -0.181294 0.181294
35.612 -0.251494 0.251494
35.613 -0.322206 0.322206
35.614 -0.393389 0.393389
35.615 -0.465005 0.465005
35.616 -0.537015 0.537015
35.617 -0.609377 0.609377
35.618 -0.682053 0.682053
35.619 -0.755001 0.755001
35.62 -0.828181 0.828181
35.621 -0.901553 0.901553
35.622 -0.975076 0.975076
35.623 -1.04871 1.04871
35.624 -1.12241 1.12241
35.625 -1.19614 1.19614
35.626 -1.26985 1.26985
35.627 -1.34351 1.34351
35.628 -1.41707 1.41707
35.629 -1.4905 1.4905
35.63 -1.56374 1.56374
35.631 -1.63677 1.63677
35.632 -1.70953 1.70953
35.633 -1.78199 1.78199
35.634 -1.8541 1.8541
35.635 -1.92583 1.92583
35.636 -1.99713 1.99713
35.637 -2.06796 2.06796
35.638 -2.13829 2.13829
35.639 -2.20807 2.20807
35.64 -2.27726 2.27726
35.641 -2.34582 2.34582
35.642 -2.41373 2.41373
35.643 -2.48095 2.48095
35.644 -2.54745 2.54745
35.645 -2.6132 2.6132
35.646 -2.67818 2.67818
35.647 -2.74235 2.74235
35.648 -2.80568 2.80568
35.649 -2.86815 2.86815
35.65 -2.92973 2.92973
35.651 -2.99039 2.99039
35.652 -3.05009 3.05009
35.653 -3.10881 3.10881
35.654 -3.16651 3.16651
35.655 -3.22314 3.22314
35.656 -3.27869 3.27869
35.657 -3.33312 3.33312
35.658 -3.38639 3.38639
35.659 -3.43848 3.43848
35.66 -3.48936 3.48936
35.661 -3.53898 3.53898
35.662 -3.58734 3.58734
35.663 -3.63438 3.63438
35.664 -3.6801 3.6801
35.665 -3.72446 3.72446
35.666 -3.76743 3.76743
35.667 -3.809 3.809
35.668 -3.84913 3.84913
35.669 -3.8878 3.8878
35.67 -3.92498 3.92498
35.671 -3.96067 3.96067
35.672 -3.99484 3.99484
35.673 -4.02747 4.02747
35.674 -4.05857 4.05857
35.675 -4.08812 4.08812
35.676 -4.1161 4.1161
35.677 -4.14251 4.14251
35.678 -4.16735 4.16735
35.679 -4.1906 4.1906
35.68 -4.21225 4.21225
35.681 -4.23231 4.23231
35.682 -4.25075 4.25075
35.683 -4.26757 4.26757
35.684 -4.28275 4.28275
35.685 -4.29628 4.29628
35.686 -4.30816 4.30816
35.687 -4.31836 4.31836
35.688 -4.32689 4.32689
35.689 -4.33373 4.33373
35.69 -4.33887 4.33887
35.691 -4.34232 4.34232
35.692 -4.34406 4.34406
35.693 -4.34408 4.34408
35.694 -4.34238 4.3424
35.695 -4.33898 4.33898
35.696 -4.33386 4.33384
35.697 -4.32699 4.32699
35.698 -4.3184 4.3184
35.699 -4.30808 4.30808
35.7 -4.29604 4.29604
35.701 -4.28226 4.28226
35.702 -4.26676 4.26676
35.703 -4.24954 4.24954
35.704 -4.23059 4.23059
35.705 -4.20992 4.20992
35.706 -4.18753 4.18753
35.707 -4.16343 4.16343
35.708 -4.13762 4.13762
35.709 -4.11011 4.11011
35.71 -4.08091 4.08091
35.711 -4.05001 4.05001
35.712 -4.01744 4.01744
35.713 -3.98322 3.98322
35.714 -3.94735 3.94735
35.715 -3.90987 3.90987
35.716 -3.87077 3.87077
35.717 -3.83009 3.83009
35.718 -3.78784 3.78784
35.719 -3.74405 3.74405
35.72 -3.69872 3.69872
35.721 -3.65189 3.65189
35.722 -3.60356 3.60356
35.723 -3.55378 3.55378
35.724 -3.50254 3.50254
35.725 -3.44989 3.44989
35.726 -3.39583 3.39583
35.727 -3.34039 3.34039
35.728 -3.28361 3.28361
35.729 -3.22549 3.22549
35.73 -3.16606 3.16606
35.731 -3.10535 3.10535
35.732 -3.04338 3.04338
35.733 -2.98018 2.98018
35.734 -2.91577 2.91577
35.735 -2.85018 2.85018
35.736 -2.78344 2.78344
35.737 -2.71557 2.71557
35.738 -2.64659 2.64659
35.739 -2.57654 2.57654
35.74 -2.50545 2.50545
35.741 -2.43333 2.43333
35.742 -2.36022 2.36022
35.743 -2.28612 2.28612
35.744 -2.21107 2.21107
35.745 -2.13508 2.13508
35.746 -2.05817 2.05817
35.747 -1.98036 1.98036
35.748 -1.90168 1.90168
35.749 -1.82215 1.82215
35.75 -1.74179 1.74179
35.751 -1.66063 1.66063
35.752 -1.57868 1.57868
35.753 -1.49596 1.49596
35.754 -1.41252 1.41252
35.755 -1.32836 1.32836
35.756 -1.24351 1.24351
35.757 -1.158 1.158
35.758 -1.07185 1.07185
35.759 -0.985093 0.985093
35.76 -0.897747 0.897747
35.761 -0.809839 0.809839
35.762 -0.721389 0.721389
35.763 -0.632415 0.632415
35.764 -0.542936 0.542936
35.765 -0.452971 0.452971
35.766 -0.362538 0.362538
35.767 -0.271659 0.271659
35.768 -0.180352 0.180352
35.769 -0.0886382 0.0886382
35.77 0.0034615 -0.0034615
35.771 0.095926 -0.095926
35.772 0.188733 -0.188733
35.773 0.281862 -0.281862
35.774 0.375289 -0.375289
35.775 0.468991 -0.468991
35.776 0.562946 -0.562946
35.777 0.657129 -0.657129
35.778 0.751518 -0.751518
35.779 0.846088 -0.846088
35.78 0.940815 -0.940815
35.781 1.03567 -1.03567
35.782 1.1306 -1.1306
35.783 1.22556 -1.22556
35.784 1.32051 -1.32051
35.785 1.41537 -1.41537
35.786 1.51012 -1.51012
35.787 1.60468 -1.60468
35.788 1.69902 -1.69902
35.789 1.79308 -1.79308
35.79 1.88681 -1.88681
35.791 1.98015 -1.98015
35.792 2.07304 -2.07304
35.793 2.16544 -2.16544
35.794 2.25726 -2.25726
35.795 2.34847 -2.34847
35.796 2.43898 -2.43898
35.797 2.52876 -2.52876
35.798 2.61773 -2.61773
35.799 2.70584 -2.70584
35.8 2.79304 -2.79304
35.801 2.87925 -2.87925
35.802 2.96445 -2.96445
35.803 3.04856 -3.04856
35.804 3.13156 -3.13156
35.805 3.21339 -3.21339
35.806 3.29401 -3.29401
35.807 3.37337 -3.37337
35.808 3.45143 -3.45143
35.809 3.52813 -3.52813
35.81 3.60345 -3.60345
35.811 3.67734 -3.67734
35.812 3.74976 -3.74976
35.813 3.82068 -3.82068
35.814 3.89008 -3.89008
35.815 3.95792 -3.95792
35.816 4.02417 -4.02417
35.817 4.0888 -4.0888
35.818 4.15179 -4.15179
35.819 4.21312 -4.21312
35.82 4.27274 -4.27274
35.821 4.33066 -4.33066
35.822 4.38686 -4.38686
35.823 4.44134 -4.44134
35.824 4.49412 -4.49412
35.825 4.5452 -4.5452
35.826 4.59458 -4.59458
35.827 4.64227 -4.64227
35.828 4.68829 -4.68829
35.829 4.73263 -4.73263
35.83 4.77531 -4.77531
35.831 4.81634 -4.81634
35.832 4.85574 -4.85574
35.833 4.89351 -4.89351
35.834 4.92966 -4.92966
35.835 4.96422 -4.96422
35.836 4.99719 -4.99719
35.837 5.0286 -5.0286
35.838 5.05845 -5.05845
35.839 5.08677 -5.08677
35.84 5.11357 -5.11357
35.841 5.13887 -5.13887
35.842 5.16268 -5.16268
35.843 5.18499 -5.18499
35.844 5.20581 -5.20581
35.845 5.22514 -5.22514
35.846 5.24299 -5.24299
35.847 5.25937 -5.25937
35.848 5.27427 -5.27427
35.849 5.28771 -5.28771
35.85 5.29969 -5.29969
35.851 5.31021 -5.31021
35.852 5.31927 -5.31927
35.853 5.32685 -5.32685
35.854 5.33292 -5.33292
35.855 5.33748 -5.33748
35.856 5.34051 -5.34051
35.857 5.342 -5.342
35.858 5.34192 -5.34192
35.859 5.34028 -5.34028
35.86 5.33706 -5.33706
35.861 5.33223 -5.33225
35.862 5.3258 -5.3258
35.863 5.31772 -5.3177
35.864 5.30795 -5.30795
35.865 5.29649 -5.29649
35.866 5.2833 -5.2833
35.867 5.26837 -5.26837
35.868 5.25166 -5.25166
35.869 5.23316 -5.23316
35.87 5.21284 -5.21284
35.871 5.19069 -5.19069
35.872 5.16669 -5.16669
35.873 5.14083 -5.14083
35.874 5.1131 -5.1131
35.875 5.08349 -5.08349
35.876 5.052 -5.052
35.877 5.0186 -5.0186
35.878 4.98331 -4.98331
35.879 4.9461 -4.9461
35.88 4.90697 -4.90697
35.881 4.86592 -4.86592
35.882 4.82297 -4.82297
35.883 4.77811 -4.77811
35.884 4.73138 -4.73138
35.885 4.68277 -4.68277
35.886 4.6323 -4.6323
35.887 4.57999 -4.57999
35.888 4.52586 -4.52586
35.889 4.46991 -4.46991
35.89 4.41217 -4.41217
35.891 4.35266 -4.35266
35.892 4.29141 -4.29141
35.893 4.22844 -4.22844
35.894 4.16381 -4.16381
35.895 4.09754 -4.09754
35.896 4.02966 -4.02966
35.897 3.96022 -3.96022
35.898 3.88926 -3.88926
35.899 3.8168 -3.8168
35.9 3.74289 -3.74289
35.901 3.66757 -3.66757
35.902 3.59086 -3.59086
35.903 3.51282 -3.51282
35.904 3.43348 -3.43348
35.905 3.35288 -3.35288
35.906 3.27106 -3.27106
35.907 3.18805 -3.18805
35.908 3.1039 -3.1039
35.909 3.01866 -3.01866
35.91 2.93235 -2.93235
35.911 2.84502 -2.84502
35.912 2.7567 -2.7567
35.913 2.66743 -2.66743
35.914 2.57724 -2.57724
35.915 2.48617 -2.48617
35.916 2.39424 -2.39424
35.917 2.30149 -2.30149
35.918 2.20796 -2.20796
35.919 2.11368 -2.11368
35.92 2.01868 -2.01868
35.921 1.92301 -1.92301
35.922 1.82669 -1.82669
35.923 1.72974 -1.72974
35.924 1.6322 -1.6322
35.925 1.5341 -1.5341
35.926 1.43546 -1.43546
35.927 1.33631 -1.33631
35.928 1.23668 -1.23668
35.929 1.1366 -1.1366
35.93 1.0361 -1.0361
35.931 0.935218 -0.935218
35.932 0.833976 -0.833976
35.933 0.732408 -0.732408
35.934 0.630546 -0.630546
35.935 0.528421 -0.528421
35.936 0.426066 -0.426066
35.937 0.323513 -0.323513
35.938 0.220796 -0.220796
35.939 0.117947 -0.117947
35.94 0.0149998 -0.0149998
35.941 -0.0880154 0.0880154
35.942 -0.191078 0.191078
35.943 -0.294169 0.294169
35.944 -0.397272 0.397272
35.945 -0.500369 0.500369
35.946 -0.603441 0.603441
35.947 -0.706469 0.706469
35.948 -0.809434 0.809434
35.949 -0.912318 0.912318
35.95 -1.0151 1.0151
35.951 -1.11776 1.11776
35.952 -1.22027 1.22027
35.953 -1.3226 1.3226
35.954 -1.42473 1.42473
35.955 -1.52662 1.52662
35.956 -1.62825 1.62825
35.957 -1.72958 1.72958
35.958 -1.83059 1.83059
35.959 -1.93125 1.93125
35.96 -2.03153 2.03153
35.961 -2.13139 2.13139
35.962 -2.23082 2.23082
35.963 -2.32978 2.32978
35.964 -2.42824 2.42824
35.965 -2.52617 2.52617
35.966 -2.62355 2.62355
35.967 -2.72035 2.72035
35.968 -2.81653 2.81653
35.969 -2.91207 2.91207
35.97 -3.00695 3.00695
35.971 -3.10112 3.10112
35.972 -3.19455 3.19455
35.973 -3.2872 3.2872
35.974 -3.37901 3.37901
35.975 -3.46995 3.46995
35.976 -3.55998 3.55998
35.977 -3.64905 3.64905
35.978 -3.73711 3.73711
35.979 -3.82413 3.82413
35.98 -3.91007 3.91007
35.981 -3.99487 3.99487
35.982 -4.07851 4.07851
35.983 -4.16092 4.16092
35.984 -4.24207 4.24207
35.985 -4.3219 4.3219
35.986 -4.40037 4.40037
35.987 -4.47744 4.47744
35.988 -4.55306 4.55306
35.989 -4.62719 4.62719
35.99 -4.69978 4.69978
35.991 -4.77081 4.77081
35.992 -4.84022 4.84022
35.993 -4.90798 4.90798
35.994 -4.97406 4.97406
35.995 -5.0384 5.0384
35.996 -5.10099 5.10099
35.997 -5.16179 5.16179
35.998 -5.22076 5.22076
35.999 -5.27787 5.27787
36 -5.33309 5.33309
36.001 -5.38639 5.38639
36.002 -5.43775 5.43775
36.003 -5.48713 5.48713
36.004 -5.53451 5.53451
36.005 -5.57987 5.57987
36.006 -5.62319 5.62319
36.007 -5.66443 5.66443
36.008 -5.70359 5.70359
36.009 -5.74063 5.74063
36.01 -5.77555 5.77555
36.011 -5.80833 5.80833
36.012 -5.83898 5.83898
36.013 -5.8675 5.8675
36.014 -5.89391 5.89391
36.015 -5.91823 5.91823
36.016 -5.94046 5.94046
36.017 -5.96063 5.96063
36.018 -5.97874 5.97874
36.019 -5.99482 5.99482
36.02 -6.00888 6.00888
36.021 -6.02095 6.02095
36.022 -6.03103 6.03103
36.023 -6.03916 6.03916
36.024 -6.04535 6.04535
36.025 -6.04963 6.04963
36.026 -6.05202 6.05202
36.027 -6.05254 6.05254
36.028 -6.05122 6.05122
36.029 -6.04808 6.04808
36.03 -6.04314 6.04314
36.031 -6.03643 6.03645
36.032 -6.02798 6.02799
36.033 -6.01781 6.01779
36.034 -6.00592 6.00589
36.035 -5.99231 5.99231
36.036 -5.97705 5.97705
36.037 -5.96014 5.96014
36.038 -5.9416 5.9416
36.039 -5.92145 5.92145
36.04 -5.89971 5.89971
36.041 -5.87641 5.87641
36.042 -5.85157 5.85157
36.043 -5.82522 5.82522
36.044 -5.79737 5.79737
36.045 -5.76805 5.76805
36.046 -5.73729 5.73729
36.047 -5.70511 5.70511
36.048 -5.67153 5.67153
36.049 -5.63659 5.63659
36.05 -5.60031 5.60031
36.051 -5.5627 5.5627
36.052 -5.5238 5.5238
36.053 -5.48359 5.48359
36.054 -5.4421 5.4421
36.055 -5.39934 5.39934
36.056 -5.3553 5.3553
36.057 -5.31002 5.31002
36.058 -5.26349 5.26349
36.059 -5.21573 5.21573
36.06 -5.16675 5.16675
36.061 -5.11657 5.11657
36.062 -5.06519 5.06519
36.063 -5.01264 5.01264
36.064 -4.95891 4.95891
36.065 -4.90403 4.90403
36.066 -4.84801 4.84801
36.067 -4.79087 4.79087
36.068 -4.73261 4.73261
36.069 -4.67326 4.67326
36.07 -4.61283 4.61283
36.071 -4.55133 4.55133
36.072 -4.48878 4.48878
36.073 -4.42519 4.42519
36.074 -4.36059 4.36059
36.075 -4.29498 4.29498
36.076 -4.22839 4.22839
36.077 -4.16083 4.16083
36.078 -4.09232 4.09232
36.079 -4.02288 4.02288
36.08 -3.95251 3.95251
36.081 -3.88126 3.88126
36.082 -3.80913 3.80913
36.083 -3.73615 3.73615
36.084 -3.66236 3.66236
36.085 -3.58778 3.58778
36.086 -3.51244 3.51244
36.087 -3.43637 3.43637
36.088 -3.35959 3.35959
36.089 -3.28213 3.28213
36.09 -3.20403 3.20403
36.091 -3.12531 3.12531
36.092 -3.046 3.046
36.093 -2.96616 2.96616
36.094 -2.88581 2.88581
36.095 -2.80499 2.80499
36.096 -2.72375 2.72375
36.097 -2.64211 2.64211
36.098 -2.56013 2.56013
36.099 -2.47783 2.47783
36.1 -2.39526 2.39526
36.101 -2.31246 2.31246
36.102 -2.22947 2.22947
36.103 -2.14632 2.14632
36.104 -2.06306 2.06306
36.105 -1.97972 1.97972
36.106 -1.89636 1.89636
36.107 -1.81299 1.81299
36.108 -1.72968 1.72968
36.109 -1.64645 1.64645
36.11 -1.56334 1.56334
36.111 -1.48041 1.48041
36.112 -1.39768 1.39768
36.113 -1.3152 1.3152
36.114 -1.23301 1.23301
36.115 -1.15115 1.15115
36.116 -1.06966 1.06966
36.117 -0.988579 0.988579
36.118 -0.907948 0.907948
36.119 -0.827808 0.827808
36.12 -0.748199 0.748199
36.121 -0.669162 0.669162
36.122 -0.590735 0.590735
36.123 -0.51296 0.51296
36.124 -0.435876 0.435876
36.125 -0.359523 0.359523
36.126 -0.283939 0.283939
36.127 -0.209165 0.209165
36.128 -0.135239 0.135239
36.129 -0.0622 0.0622
36.13 0.00991387 -0.00991387
36.131 0.0810664 -0.0810664
36.132 0.151226 -0.151226
36.133 0.220364 -0.220364
36.134 0.288452 -0.288452
36.135 0.355461 -0.355461
36.136 0.421363 -0.421363
36.137 0.486132 -0.486132
36.138 0.54974 -0.54974
36.139 0.612161 -0.612161
36.14 0.673369 -0.673369
36.141 0.73334 -0.73334
36.142 0.792057 -0.792057
36.143 0.849504 -0.849504
36.144 0.905665 -0.905665
36.145 0.960526 -0.960526
36.146 1.01407 -1.01407
36.147 1.06629 -1.06629
36.148 1.11717 -1.11717
36.149 1.1667 -1.1667
36.15 1.21486 -1.21486
36.151 1.26165 -1.26165
36.152 1.30706 -1.30706
36.153 1.35109 -1.35109
36.154 1.39375 -1.39375
36.155 1.43502 -1.43502
36.156 1.47492 -1.47492
36.157 1.51344 -1.51344
36.158 1.55059 -1.55059
36.159 1.58637 -1.58637
36.16 1.62077 -1.62077
36.161 1.65381 -1.65381
36.162 1.68547 -1.68547
36.163 1.71574 -1.71574
36.164 1.74461 -1.74461
36.165 1.77207 -1.77207
36.166 1.7981 -1.7981
36.167 1.82271 -1.82271
36.168 1.84587 -1.84587
36.169 1.86758 -1.86758
36.17 1.88783 -1.88783
36.171 1.90662 -1.90662
36.172 1.92393 -1.92393
36.173 1.93977 -1.93977
36.174 1.95413 -1.95413
36.175 1.967 -1.967
36.176 1.97838 -1.97838
36.177 1.98827 -1.98827
36.178 1.99666 -1.99666
36.179 2.00355 -2.00355
36.18 2.00894 -2.00894
36.181 2.01284 -2.01284
36.182 2.0152 -2.01524
36.183 2.01608 -2.01609
36.184 2.01543 -2.01543
36.185 2.01325 -2.01323
36.186 2.00952 -2.00952
36.187 2.00425 -2.00425
36.188 1.99744 -1.99744
36.189 1.98908 -1.98908
36.19 1.97916 -1.97916
36.191 1.96768 -1.96768
36.192 1.95465 -1.95465
36.193 1.94005 -1.94005
36.194 1.9239 -1.9239
36.195 1.90618 -1.90618
36.196 1.8869 -1.8869
36.197 1.86605 -1.86605
36.198 1.84365 -1.84365
36.199 1.81969 -1.81969
36.2 1.79417 -1.79417
36.201 1.7671 -1.7671
36.202 1.73849 -1.73849
36.203 1.70833 -1.70833
36.204 1.67663 -1.67663
36.205 1.6434 -1.6434
36.206 1.60864 -1.60864
36.207 1.57237 -1.57237
36.208 1.53458 -1.53458
36.209 1.49529 -1.49529
36.21 1.4545 -1.4545
36.211 1.41223 -1.41223
36.212 1.3685 -1.3685
36.213 1.32334 -1.32334
36.214 1.27677 -1.27677
36.215 1.22883 -1.22883
36.216 1.17954 -1.17954
36.217 1.12894 -1.12894
36.218 1.07704 -1.07704
36.219 1.0239 -1.0239
36.22 0.969527 -0.969527
36.221 0.913962 -0.913962
36.222 0.857236 -0.857236
36.223 0.799381 -0.799381
36.224 0.74043 -0.74043
36.225 0.680417 -0.680417
36.226 0.619375 -0.619375
36.227 0.557338 -0.557338
36.228 0.494342 -0.494342
36.229 0.430421 -0.430421
36.23 0.365611 -0.365611
36.231 0.299945 -0.299945
36.232 0.233453 -0.233453
36.233 0.166163 -0.166163
36.234 0.0981033 -0.0981033
36.235 0.029302 -0.029302
36.236 -0.0402114 0.0402114
36.237 -0.110407 0.110407
36.238 -0.181256 0.181256
36.239 -0.252727 0.252727
36.24 -0.324789 0.324789
36.241 -0.397415 0.397415
36.242 -0.470578 0.470578
36.243 -0.544256 0.544256
36.244 -0.618427 0.618427
36.245 -0.693065 0.693065
36.246 -0.768149 0.768149
36.247 -0.843652 0.843652
36.248 -0.919551 0.919551
36.249 -0.995821 0.995821
36.25 -1.07244 1.07244
36.251 -1.14937 1.14937
36.252 -1.22661 1.22661
36.253 -1.30411 1.30411
36.254 -1.38185 1.38185
36.255 -1.45981 1.45981
36.256 -1.53796 1.53796
36.257 -1.61628 1.61628
36.258 -1.69473 1.69473
36.259 -1.77329 1.77329
36.26 -1.85194 1.85194
36.261 -1.93064 1.93064
36.262 -2.00937 2.00937
36.263 -2.0881 2.0881
36.264 -2.1668 2.1668
36.265 -2.24545 2.24545
36.266 -2.32402 2.32402
36.267 -2.40248 2.40248
36.268 -2.4808 2.4808
36.269 -2.55896 2.55896
36.27 -2.63692 2.63692
36.271 -2.71467 2.71467
36.272 -2.79215 2.79215
36.273 -2.86934 2.86934
36.274 -2.94621 2.94621
36.275 -3.0227 3.0227
36.276 -3.0988 3.0988
36.277 -3.17446 3.17446
36.278 -3.24965 3.24965
36.279 -3.32433 3.32433
36.28 -3.39847 3.39847
36.281 -3.47203 3.47203
36.282 -3.54497 3.54497
36.283 -3.61725 3.61725
36.284 -3.68882 3.68882
36.285 -3.75964 3.75964
36.286 -3.82968 3.82968
36.287 -3.89889 3.89889
36.288 -3.96722 3.96722
36.289 -4.03465 4.03465
36.29 -4.10113 4.10113
36.291 -4.16662 4.16662
36.292 -4.23107 4.23107
36.293 -4.29444 4.29444
36.294 -4.35668 4.35668
36.295 -4.41776 4.41776
36.296 -4.47761 4.47761
36.297 -4.53621 4.53621
36.298 -4.59351 4.59351
36.299 -4.64946 4.64946
36.3 -4.70403 4.70403
36.301 -4.75718 4.75718
36.302 -4.80888 4.80888
36.303 -4.85912 4.85912
36.304 -4.90787 4.90787
36.305 -4.95512 4.95512
36.306 -5.00084 5.00084
36.307 -5.04503 5.04503
36.308 -5.08765 5.08765
36.309 -5.12871 5.12871
36.31 -5.16817 5.16817
36.311 -5.20604 5.20604
36.312 -5.24231 5.24231
36.313 -5.27696 5.27696
36.314 -5.31001 5.31001
36.315 -5.34144 5.34144
36.316 -5.37127 5.37127
36.317 -5.39948 5.39948
36.318 -5.42607 5.42607
36.319 -5.45106 5.45106
36.32 -5.47445 5.47445
36.321 -5.49622 5.49622
36.322 -5.5164 5.5164
36.323 -5.53499 5.53499
36.324 -5.55198 5.55198
36.325 -5.56739 5.56739
36.326 -5.58123 5.58123
36.327 -5.59349 5.59349
36.328 -5.6042 5.6042
36.329 -5.61336 5.61336
36.33 -5.62097 5.62097
36.331 -5.62705 5.62705
36.332 -5.6316 5.6316
36.333 -5.63463 5.63463
36.334 -5.63614 5.63614
36.335 -5.63613 5.63613
36.336 -5.6346 5.6346
36.337 -5.63157 5.63157
36.338 -5.62702 5.62706
36.339 -5.62101 5.62102
36.34 -5.6135 5.6135
36.341 -5.60452 5.60449
36.342 -5.59403 5.59403
36.343 -5.58207 5.58207
36.344 -5.56864 5.56864
36.345 -5.55373 5.55373
36.346 -5.53734 5.53734
36.347 -5.51948 5.51948
36.348 -5.50015 5.50015
36.349 -5.47935 5.47935
36.35 -5.45709 5.45709
36.351 -5.43338 5.43338
36.352 -5.40821 5.40821
36.353 -5.38159 5.38159
36.354 -5.35353 5.35353
36.355 -5.32403 5.32403
36.356 -5.29311 5.29311
36.357 -5.26077 5.26077
36.358 -5.22701 5.22701
36.359 -5.19185 5.19185
36.36 -5.15529 5.15529
36.361 -5.11735 5.11735
36.362 -5.07803 5.07803
36.363 -5.03734 5.03734
36.364 -4.99529 4.99529
36.365 -4.95189 4.95189
36.366 -4.90716 4.90716
36.367 -4.86111 4.86111
36.368 -4.81374 4.81374
36.369 -4.76507 4.76507
36.37 -4.71511 4.71511
36.371 -4.66388 4.66388
36.372 -4.6114 4.6114
36.373 -4.55769 4.55769
36.374 -4.50276 4.50276
36.375 -4.44665 4.44665
36.376 -4.38938 4.38938
36.377 -4.33097 4.33097
36.378 -4.27144 4.27144
36.379 -4.21082 4.21082
36.38 -4.14913 4.14913
36.381 -4.0864 4.0864
36.382 -4.02265 4.02265
36.383 -3.9579 3.9579
36.384 -3.89219 3.89219
36.385 -3.82553 3.82553
36.386 -3.75796 3.75796
36.387 -3.68949 3.68949
36.388 -3.62016 3.62016
36.389 -3.54999 3.54999
36.39 -3.47901 3.47901
36.391 -3.40724 3.40724
36.392 -3.33472 3.33472
36.393 -3.26149 3.26149
36.394 -3.18759 3.18759
36.395 -3.11304 3.11304
36.396 -3.03789 3.03789
36.397 -2.96217 2.96217
36.398 -2.88592 2.88592
36.399 -2.80917 2.80917
36.4 -2.73197 2.73197
36.401 -2.65435 2.65435
36.402 -2.57633 2.57633
36.403 -2.49793 2.49793
36.404 -2.41918 2.41918
36.405 -2.34008 2.34008
36.406 -2.26068 2.26068
36.407 -2.18098 2.18098
36.408 -2.101 2.101
36.409 -2.02078 2.02078
36.41 -1.94032 1.94032
36.411 -1.85966 1.85966
36.412 -1.7788 1.7788
36.413 -1.69776 1.69776
36.414 -1.61656 1.61656
36.415 -1.5352 1.5352
36.416 -1.4537 1.4537
36.417 -1.37208 1.37208
36.418 -1.29034 1.29034
36.419 -1.20852 1.20852
36.42 -1.1266 1.1266
36.421 -1.04462 1.04462
36.422 -0.962594 0.962594
36.423 -0.880527 0.880527
36.424 -0.798437 0.798437
36.425 -0.716341 0.716341
36.426 -0.634253 0.634253
36.427 -0.55219 0.55219
36.428 -0.470167 0.470167
36.429 -0.3882 0.3882
36.43 -0.306305 0.306305
36.431 -0.224499 0.224499
36.432 -0.142807 0.142807
36.433 -0.0612521 0.0612521
36.434 0.0201401 -0.0201401
36.435 0.101344 -0.101344
36.436 0.182336 -0.182336
36.437 0.263088 -0.263088
36.438 0.343577 -0.343577
36.439 0.423776 -0.423776
36.44 0.503661 -0.503661
36.441 0.583201 -0.583201
36.442 0.662358 -0.662358
36.443 0.741089 -0.741089
36.444 0.819351 -0.819351
36.445 0.897103 -0.897103
36.446 0.974302 -0.974302
36.447 1.0509 -1.0509
36.448 1.12687 -1.12687
36.449 1.20216 -1.20216
36.45 1.27673 -1.27673
36.451 1.35053 -1.35053
36.452 1.42353 -1.42353
36.453 1.49569 -1.49569
36.454 1.56697 -1.56697
36.455 1.63733 -1.63733
36.456 1.70672 -1.70672
36.457 1.77511 -1.77511
36.458 1.84246 -1.84246
36.459 1.90874 -1.90874
36.46 1.9739 -1.9739
36.461 2.03791 -2.03791
36.462 2.10073 -2.10073
36.463 2.16233 -2.16233
36.464 2.22267 -2.22267
36.465 2.28172 -2.28172
36.466 2.33944 -2.33944
36.467 2.3958 -2.3958
36.468 2.45077 -2.45077
36.469 2.50431 -2.50431
36.47 2.55641 -2.55641
36.471 2.60701 -2.60701
36.472 2.65612 -2.65612
36.473 2.7037 -2.7037
36.474 2.74973 -2.74973
36.475 2.7942 -2.7942
36.476 2.83709 -2.83709
36.477 2.87839 -2.87839
36.478 2.91807 -2.91807
36.479 2.95612 -2.95612
36.48 2.99253 -2.99253
36.481 3.02729 -3.02729
36.482 3.0604 -3.0604
36.483 3.09186 -3.09186
36.484 3.12169 -3.12169
36.485 3.14988 -3.14988
36.486 3.17644 -3.17644
36.487 3.20139 -3.20139
36.488 3.22474 -3.22474
36.489 3.24648 -3.24648
36.49 3.26665 -3.26665
36.491 3.28523 -3.28523
36.492 3.30226 -3.30226
36.493 3.31774 -3.31774
36.494 3.33168 -3.33168
36.495 3.34409 -3.34409
36.496 3.35501 -3.35501
36.497 3.36443 -3.36443
36.498 3.37237 -3.37237
36.499 3.37886 -3.37886
36.5 3.38391 -3.38391
36.501 3.38753 -3.38753
36.502 3.38975 -3.38975
36.503 3.39057 -3.3906
36.504 3.39005 -3.39006
36.505 3.38818 -3.38817
36.506 3.38498 -3.38496
36.507 3.38048 -3.38044
36.508 3.37467 -3.37467
36.509 3.36762 -3.36762
36.51 3.35933 -3.35933
36.511 3.34982 -3.34982
36.512 3.3391 -3.3391
36.513 3.32718 -3.32718
36.514 3.31406 -3.31406
36.515 3.29975 -3.29975
36.516 3.28427 -3.28427
36.517 3.26761 -3.26761
36.518 3.24979 -3.24979
36.519 3.23081 -3.23081
36.52 3.21069 -3.21069
36.521 3.18943 -3.18943
36.522 3.16704 -3.16704
36.523 3.14352 -3.14352
36.524 3.11888 -3.11888
36.525 3.0931 -3.0931
36.526 3.06621 -3.06621
36.527 3.03819 -3.03819
36.528 3.00907 -3.00907
36.529 2.97883 -2.97883
36.53 2.94749 -2.94749
36.531 2.91505 -2.91505
36.532 2.88152 -2.88152
36.533 2.8469 -2.8469
36.534 2.8112 -2.8112
36.535 2.77442 -2.77442
36.536 2.73659 -2.73659
36.537 2.69769 -2.69769
36.538 2.65774 -2.65774
36.539 2.61675 -2.61675
36.54 2.57473 -2.57473
36.541 2.53168 -2.53168
36.542 2.48762 -2.48762
36.543 2.44256 -2.44256
36.544 2.3965 -2.3965
36.545 2.34946 -2.34946
36.546 2.30144 -2.30144
36.547 2.25246 -2.25246
36.548 2.20253 -2.20253
36.549 2.15167 -2.15167
36.55 2.09988 -2.09988
36.551 2.04718 -2.04718
36.552 1.99359 -1.99359
36.553 1.93916 -1.93916
36.554 1.8839 -1.8839
36.555 1.82785 -1.82785
36.556 1.77104 -1.77104
36.557 1.71351 -1.71351
36.558 1.65528 -1.65528
36.559 1.59638 -1.59638
36.56 1.53686 -1.53686
36.561 1.47674 -1.47674
36.562 1.41608 -1.41608
36.563 1.35491 -1.35491
36.564 1.29331 -1.29331
36.565 1.2313 -1.2313
36.566 1.16895 -1.16895
36.567 1.10631 -1.10631
36.568 1.04343 -1.04343
36.569 0.980353 -0.980353
36.57 0.917139 -0.917139
36.571 0.853838 -0.853838
36.572 0.790501 -0.790501
36.573 0.72718 -0.72718
36.574 0.663927 -0.663927
36.575 0.600792 -0.600792
36.576 0.537828 -0.537828
36.577 0.475086 -0.475086
36.578 0.412618 -0.412618
36.579 0.350476 -0.350476
36.58 0.28871 -0.28871
36.581 0.227371 -0.227371
36.582 0.166501 -0.166501
36.583 0.106145 -0.106145
36.584 0.0463439 -0.0463439
36.585 -0.0128604 0.0128604
36.586 -0.0714261 0.0714261
36.587 -0.129312 0.129312
36.588 -0.186476 0.186476
36.589 -0.242877 0.242877
36.59 -0.298476 0.298476
36.591 -0.353233 0.353233
36.592 -0.407115 0.407115
36.593 -0.460091 0.460091
36.594 -0.51213 0.51213
36.595 -0.563202 0.563202
36.596 -0.613277 0.613277
36.597 -0.662327 0.662327
36.598 -0.71032 0.71032
36.599 -0.757231 0.757231
36.6 -0.803029 0.803029
36.601 -0.84769 0.84769
36.602 -0.891194 0.891194
36.603 -0.933523 0.933523
36.604 -0.974659 0.974659
36.605 -1.01458 1.01458
36.606 -1.05329 1.05329
36.607 -1.09074 1.09074
36.608 -1.12695 1.12695
36.609 -1.16188 1.16188
36.61 -1.19553 1.19553
36.611 -1.22787 1.22787
36.612 -1.2589 1.2589
36.613 -1.28858 1.28858
36.614 -1.31691 1.31691
36.615 -1.34385 1.34385
36.616 -1.36939 1.36939
36.617 -1.39352 1.39352
36.618 -1.4162 1.4162
36.619 -1.43744 1.43744
36.62 -1.45721 1.45721
36.621 -1.47549 1.47549
36.622 -1.49226 1.49226
36.623 -1.50753 1.50753
36.624 -1.52126 1.52126
36.625 -1.53346 1.53346
36.626 -1.54409 1.54409
36.627 -1.55317 1.55317
36.628 -1.56066 1.56066
36.629 -1.56657 1.56657
36.63 -1.57088 1.57088
36.631 -1.57356 1.5736
36.632 -1.57466 1.57467
36.633 -1.57413 1.57413
36.634 -1.57198 1.57196
36.635 -1.56817 1.56817
36.636 -1.56273 1.56273
36.637 -1.55564 1.55564
36.638 -1.5469 1.5469
36.639 -1.53651 1.53651
36.64 -1.52446 1.52446
36.641 -1.51075 1.51075
36.642 -1.49538 1.49538
36.643 -1.47835 1.47835
36.644 -1.45965 1.45965
36.645 -1.4393 1.4393
36.646 -1.41728 1.41728
36.647 -1.39361 1.39361
36.648 -1.36828 1.36828
36.649 -1.3413 1.3413
36.65 -1.31267 1.31267
36.651 -1.2824 1.2824
36.652 -1.25048 1.25048
36.653 -1.21693 1.21693
36.654 -1.18176 1.18176
36.655 -1.14496 1.14496
36.656 -1.10655 1.10655
36.657 -1.06653 1.06653
36.658 -1.02492 1.02492
36.659 -0.981724 0.981724
36.66 -0.936949 0.936949
36.661 -0.890606 0.890606
36.662 -0.8427 0.8427
36.663 -0.793234 0.793234
36.664 -0.742212 0.742212
36.665 -0.689638 0.689638
36.666 -0.635517 0.635517
36.667 -0.579855 0.579855
36.668 -0.522659 0.522659
36.669 -0.463935 0.463935
36.67 -0.40369 0.40369
36.671 -0.341937 0.341937
36.672 -0.278689 0.278689
36.673 -0.213966 0.213966
36.674 -0.147786 0.147786
36.675 -0.0801696 0.0801696
36.676 -0.0111362 0.0111362
36.677 0.0592928 -0.0592928
36.678 0.131096 -0.131096
36.679 0.20425 -0.20425
36.68 0.278733 -0.278733
36.681 0.35452 -0.35452
36.682 0.431588 -0.431588
36.683 0.50991 -0.50991
36.684 0.589462 -0.589462
36.685 0.670216 -0.670216
36.686 0.752145 -0.752145
36.687 0.835222 -0.835222
36.688 0.919418 -0.919418
36.689 1.0047 -1.0047
36.69 1.09105 -1.09105
36.691 1.17842 -1.17842
36.692 1.26678 -1.26678
36.693 1.35609 -1.35609
36.694 1.44631 -1.44631
36.695 1.5374 -1.5374
36.696 1.6293 -1.6293
36.697 1.72199 -1.72199
36.698 1.81542 -1.81542
36.699 1.90954 -1.90954
36.7 2.00431 -2.00431
36.701 2.09968 -2.09968
36.702 2.19561 -2.19561
36.703 2.29206 -2.29206
36.704 2.38896 -2.38896
36.705 2.48629 -2.48629
36.706 2.58399 -2.58399
36.707 2.68201 -2.68201
36.708 2.78031 -2.78031
36.709 2.87884 -2.87884
36.71 2.97755 -2.97755
36.711 3.07638 -3.07638
36.712 3.1753 -3.1753
36.713 3.27425 -3.27425
36.714 3.37318 -3.37318
36.715 3.47204 -3.47204
36.716 3.57079 -3.57079
36.717 3.66937 -3.66937
36.718 3.76773 -3.76773
36.719 3.86583 -3.86583
36.72 3.96362 -3.96362
36.721 4.06103 -4.06103
36.722 4.15804 -4.15804
36.723 4.25458 -4.25458
36.724 4.35061 -4.35061
36.725 4.44607 -4.44607
36.726 4.54093 -4.54093
36.727 4.63513 -4.63513
36.728 4.72863 -4.72863
36.729 4.82137 -4.82137
36.73 4.91332 -4.91332
36.731 5.00442 -5.00442
36.732 5.09464 -5.09464
36.733 5.18394 -5.18394
36.734 5.27229 -5.27229
36.735 5.35965 -5.35965
36.736 5.44599 -5.44599
36.737 5.53126 -5.53126
36.738 5.61545 -5.61545
36.739 5.69852 -5.69852
36.74 5.78043 -5.78043
36.741 5.86116 -5.86116
36.742 5.94067 -5.94067
36.743 6.01894 -6.01894
36.744 6.09594 -6.09594
36.745 6.17164 -6.17164
36.746 6.24601 -6.24601
36.747 6.31903 -6.31903
36.748 6.39068 -6.39068
36.749 6.46093 -6.46093
36.75 6.52975 -6.52975
36.751 6.59714 -6.59714
36.752 6.66305 -6.66305
36.753 6.72745 -6.72745
36.754 6.79034 -6.79034
36.755 6.85166 -6.85166
36.756 6.91141 -6.91141
36.757 6.96956 -6.96956
36.758 7.02608 -7.02608
36.759 7.08096 -7.08096
36.76 7.13417 -7.13417
36.761 7.1857 -7.1857
36.762 7.23553 -7.23553
36.763 7.28366 -7.28366
36.764 7.33007 -7.33007
36.765 7.37477 -7.37477
36.766 7.41775 -7.41775
36.767 7.459 -7.459
36.768 7.49852 -7.49852
36.769 7.53631 -7.53631
36.77 7.57236 -7.57236
36.771 7.60668 -7.60668
36.772 7.63927 -7.63927
36.773 7.67013 -7.67013
36.774 7.69926 -7.69926
36.775 7.72666 -7.72666
36.776 7.75235 -7.75235
36.777 7.77632 -7.77632
36.778 7.79858 -7.79858
36.779 7.81914 -7.81914
36.78 7.83801 -7.83801
36.781 7.85519 -7.85519
36.782 7.87069 -7.87069
36.783 7.88453 -7.88453
36.784 7.89671 -7.89671
36.785 7.90724 -7.90724
36.786 7.91615 -7.91615
36.787 7.92344 -7.92344
36.788 7.92912 -7.92912
36.789 7.9332 -7.9332
36.79 7.93572 -7.93572
36.791 7.93667 -7.93667
36.792 7.93607 -7.93607
36.793 7.93394 -7.93394
36.794 7.9303 -7.9303
36.795 7.92516 -7.92516
36.796 7.91855 -7.91855
36.797 7.91047 -7.91047
36.798 7.90096 -7.90096
36.799 7.89002 -7.89002
36.8 7.87768 -7.87768
36.801 7.86395 -7.86395
36.802 7.84887 -7.84887
36.803 7.83245 -7.83248
36.804 7.81476 -7.81478
36.805 7.7958 -7.7958
36.806 7.7756 -7.77558
36.807 7.7542 -7.75417
36.808 7.73159 -7.73159
36.809 7.70785 -7.70785
36.81 7.683 -7.683
36.811 7.65706 -7.65706
36.812 7.63006 -7.63006
36.813 7.60201 -7.60201
36.814 7.57295 -7.57295
36.815 7.54289 -7.54289
36.816 7.51186 -7.51186
36.817 7.47988 -7.47988
36.818 7.44697 -7.44697
36.819 7.41316 -7.41316
36.82 7.37847 -7.37847
36.821 7.34292 -7.34292
36.822 7.30654 -7.30654
36.823 7.26935 -7.26935
36.824 7.23138 -7.23138
36.825 7.19264 -7.19264
36.826 7.15317 -7.15317
36.827 7.11299 -7.11299
36.828 7.07211 -7.07211
36.829 7.03057 -7.03057
36.83 6.9884 -6.9884
36.831 6.9456 -6.9456
36.832 6.90222 -6.90222
36.833 6.85827 -6.85827
36.834 6.81378 -6.81378
36.835 6.76877 -6.76877
36.836 6.72326 -6.72326
36.837 6.67729 -6.67729
36.838 6.63088 -6.63088
36.839 6.58405 -6.58405
36.84 6.53682 -6.53682
36.841 6.48923 -6.48923
36.842 6.44128 -6.44128
36.843 6.393 -6.393
36.844 6.34439 -6.34439
36.845 6.29548 -6.29548
36.846 6.24629 -6.24629
36.847 6.19682 -6.19682
36.848 6.1471 -6.1471
36.849 6.09714 -6.09714
36.85 6.04697 -6.04697
36.851 5.99658 -5.99658
36.852 5.94602 -5.94602
36.853 5.89531 -5.89531
36.854 5.84446 -5.84446
36.855 5.79351 -5.79351
36.856 5.74249 -5.74249
36.857 5.69141 -5.69141
36.858 5.6403 -5.6403
36.859 5.5892 -5.5892
36.86 5.53811 -5.53811
36.861 5.48707 -5.48707
36.862 5.43612 -5.43612
36.863 5.38528 -5.38528
36.864 5.33459 -5.33459
36.865 5.28408 -5.28408
36.866 5.23378 -5.23378
36.867 5.18374 -5.18374
36.868 5.13397 -5.13397
36.869 5.08452 -5.08452
36.87 5.03542 -5.03542
36.871 4.98669 -4.98669
36.872 4.93837 -4.93837
36.873 4.89048 -4.89048
36.874 4.84303 -4.84303
36.875 4.79606 -4.79606
36.876 4.74959 -4.74959
36.877 4.70364 -4.70364
36.878 4.65823 -4.65823
36.879 4.61338 -4.61338
36.88 4.56913 -4.56913
36.881 4.52548 -4.52548
36.882 4.48247 -4.48247
36.883 4.44011 -4.44011
36.884 4.39843 -4.39843
36.885 4.35745 -4.35745
36.886 4.31718 -4.31718
36.887 4.27766 -4.27766
36.888 4.23889 -4.23889
36.889 4.20091 -4.20091
36.89 4.16372 -4.16372
36.891 4.12735 -4.12735
36.892 4.0918 -4.0918
36.893 4.05705 -4.05705
36.894 4.02311 -4.02311
36.895 3.98996 -3.98996
36.896 3.95759 -3.95759
36.897 3.92601 -3.92601
36.898 3.89519 -3.89519
36.899 3.86514 -3.86514
36.9 3.83585 -3.83585
36.901 3.8073 -3.8073
36.902 3.77949 -3.77949
36.903 3.75241 -3.75241
36.904 3.72605 -3.72605
36.905 3.70039 -3.70039
36.906 3.67545 -3.67545
36.907 3.65119 -3.65119
36.908 3.62761 -3.62761
36.909 3.60471 -3.60471
36.91 3.58247 -3.58247
36.911 3.56088 -3.56088
36.912 3.5399 -3.5399
36.913 3.51953 -3.51953
36.914 3.49972 -3.49972
36.915 3.48044 -3.48044
36.916 3.46168 -3.46168
36.917 3.44339 -3.44339
36.918 3.42556 -3.42556
36.919 3.40815 -3.40815
36.92 3.39113 -3.39113
36.921 3.37448 -3.37448
36.922 3.35817 -3.35817
36.923 3.34219 -3.34219
36.924 3.32651 -3.32651
36.925 3.3111 -3.3111
36.926 3.29596 -3.29596
36.927 3.28106 -3.28106
36.928 3.26638 -3.26638
36.929 3.2519 -3.2519
36.93 3.23759 -3.23759
36.931 3.22344 -3.22344
36.932 3.20941 -3.20941
36.933 3.19548 -3.19548
36.934 3.18161 -3.18161
36.935 3.16778 -3.16778
36.936 3.15396 -3.15396
36.937 3.14012 -3.14012
36.938 3.12623 -3.12623
36.939 3.11226 -3.11226
36.94 3.09817 -3.09817
36.941 3.08395 -3.08395
36.942 3.06958 -3.06958
36.943 3.05505 -3.05505
36.944 3.04034 -3.04034
36.945 3.02545 -3.02545
36.946 3.01036 -3.01036
36.947 2.99507 -2.99507
36.948 2.97955 -2.97955
36.949 2.9638 -2.9638
36.95 2.94782 -2.94782
36.951 2.93158 -2.93158
36.952 2.91508 -2.91508
36.953 2.89831 -2.89831
36.954 2.88125 -2.88125
36.955 2.8639 -2.8639
36.956 2.84625 -2.84625
36.957 2.82828 -2.82828
36.958 2.80999 -2.80999
36.959 2.79137 -2.79137
36.96 2.7724 -2.7724
36.961 2.75308 -2.75308
36.962 2.73342 -2.73342
36.963 2.71339 -2.71339
36.964 2.69302 -2.69302
36.965 2.67229 -2.67229
36.966 2.65121 -2.65121
36.967 2.62978 -2.62978
36.968 2.60799 -2.60799
36.969 2.58585 -2.58585
36.97 2.56336 -2.56336
36.971 2.54052 -2.54052
36.972 2.51733 -2.51733
36.973 2.49379 -2.49379
36.974 2.4699 -2.4699
36.975 2.44567 -2.44567
36.976 2.42109 -2.42109
36.977 2.39616 -2.39616
36.978 2.37089 -2.37089
36.979 2.34529 -2.34529
36.98 2.31934 -2.31934
36.981 2.29306 -2.29306
36.982 2.26645 -2.26645
36.983 2.2395 -2.2395
36.984 2.21222 -2.21222
36.985 2.18462 -2.18462
36.986 2.15669 -2.15669
36.987 2.12844 -2.12844
36.988 2.09988 -2.09988
36.989 2.071 -2.071
36.99 2.0418 -2.0418
36.991 2.0123 -2.0123
36.992 1.98249 -1.98249
36.993 1.95238 -1.95238
36.994 1.92198 -1.92198
36.995 1.89128 -1.89128
36.996 1.86029 -1.86029
36.997 1.82901 -1.82901
36.998 1.79745 -1.79745
36.999 1.76561 -1.76561
37 1.73351 -1.73351
37.001 1.70113 -1.70113
37.002 1.66848 -1.66848
37.003 1.63558 -1.63558
37.004 1.60242 -1.60242
37.005 1.56902 -1.56902
37.006 1.53537 -1.53537
37.007 1.50147 -1.50147
37.008 1.46735 -1.46735
37.009 1.43299 -1.43299
37.01 1.39841 -1.39841
37.011 1.36361 -1.36361
37.012 1.3286 -1.3286
37.013 1.29338 -1.29338
37.014 1.25796 -1.25796
37.015 1.22235 -1.22235
37.016 1.18654 -1.18654
37.017 1.15055 -1.15055
37.018 1.11438 -1.11438
37.019 1.07804 -1.07804
37.02 1.04153 -1.04153
37.021 1.00487 -1.00487
37.022 0.968052 -0.968052
37.023 0.931087 -0.931087
37.024 0.893982 -0.893982
37.025 0.856743 -0.856743
37.026 0.819378 -0.819378
37.027 0.781892 -0.781892
37.028 0.744292 -0.744292
37.029 0.706585 -0.706585
37.03 0.668778 -0.668778
37.031 0.63088 -0.63088
37.032 0.592904 -0.592904
37.033 0.554867 -0.554867
37.034 0.516782 -0.516782
37.035 0.478668 -0.478668
37.036 0.440538 -0.440538
37.037 0.402409 -0.402409
37.038 0.364296 -0.364296
37.039 0.326216 -0.326216
37.04 0.288183 -0.288183
37.041 0.250217 -0.250217
37.042 0.212338 -0.212338
37.043 0.174571 -0.174571
37.044 0.136941 -0.136941
37.045 0.0994723 -0.0994723
37.046 0.0621884 -0.0621884
37.047 0.0251136 -0.0251136
37.048 -0.0117279 0.0117279
37.049 -0.0483123 0.0483123
37.05 -0.0846157 0.0846157
37.051 -0.120619 0.120619
37.052 -0.156311 0.156311
37.053 -0.191687 0.191687
37.054 -0.226739 0.226739
37.055 -0.261463 0.261463
37.056 -0.295853 0.295853
37.057 -0.329903 0.329903
37.058 -0.363607 0.363607
37.059 -0.396961 0.396961
37.06 -0.429959 0.429959
37.061 -0.462597 0.462597
37.062 -0.494869 0.494869
37.063 -0.52677 0.52677
37.064 -0.558297 0.558297
37.065 -0.589445 0.589445
37.066 -0.62021 0.62021
37.067 -0.650587 0.650587
37.068 -0.680573 0.680573
37.069 -0.710164 0.710164
37.07 -0.739356 0.739356
37.071 -0.768149 0.768149
37.072 -0.796545 0.796545
37.073 -0.824551 0.824551
37.074 -0.852171 0.852171
37.075 -0.879413 0.879413
37.076 -0.906281 0.906281
37.077 -0.932783 0.932783
37.078 -0.958925 0.958925
37.079 -0.984713 0.984713
37.08 -1.01015 1.01015
37.081 -1.03525 1.03525
37.082 -1.06001 1.06001
37.083 -1.08443 1.08443
37.084 -1.1085 1.1085
37.085 -1.13222 1.13222
37.086 -1.15559 1.15559
37.087 -1.17862 1.17862
37.088 -1.2013 1.2013
37.089 -1.22363 1.22363
37.09 -1.24561 1.24561
37.091 -1.26724 1.26724
37.092 -1.28852 1.28852
37.093 -1.30945 1.30945
37.094 -1.33003 1.33003
37.095 -1.35026 1.35026
37.096 -1.37013 1.37013
37.097 -1.38966 1.38966
37.098 -1.40884 1.40884
37.099 -1.42767 1.42767
37.1 -1.44616 1.44616
37.101 -1.4643 1.4643
37.102 -1.48209 1.48209
37.103 -1.49955 1.49955
37.104 -1.51666 1.51666
37.105 -1.53343 1.53343
37.106 -1.54986 1.54986
37.107 -1.56596 1.56596
37.108 -1.58172 1.58172
37.109 -1.59716 1.59716
37.11 -1.61226 1.61226
37.111 -1.62704 1.62704
37.112 -1.64149 1.64149
37.113 -1.65562 1.65562
37.114 -1.66944 1.66944
37.115 -1.68294 1.68294
37.116 -1.69613 1.69613
37.117 -1.70901 1.70901
37.118 -1.72158 1.72158
37.119 -1.73386 1.73386
37.12 -1.74584 1.74584
37.121 -1.75753 1.75753
37.122 -1.76893 1.76893
37.123 -1.78007 1.78007
37.124 -1.79096 1.79096
37.125 -1.8016 1.8016
37.126 -1.81201 1.81201
37.127 -1.82221 1.82221
37.128 -1.83221 1.83221
37.129 -1.84202 1.84202
37.13 -1.85165 1.85165
37.131 -1.86112 1.86112
37.132 -1.87043 1.87043
37.133 -1.87959 1.87959
37.134 -1.8886 1.8886
37.135 -1.89747 1.89747
37.136 -1.9062 1.9062
37.137 -1.9148 1.9148
37.138 -1.92327 1.92327
37.139 -1.93162 1.93162
37.14 -1.93986 1.93986
37.141 -1.94798 1.94798
37.142 -1.956 1.956
37.143 -1.96391 1.96391
37.144 -1.97173 1.97173
37.145 -1.97946 1.97946
37.146 -1.98711 1.98711
37.147 -1.99468 1.99468
37.148 -2.00217 2.00217
37.149 -2.0096 2.0096
37.15 -2.01696 2.01696
37.151 -2.02427 2.02427
37.152 -2.03152 2.03152
37.153 -2.0387 2.0387
37.154 -2.04582 2.04582
37.155 -2.05286 2.05286
37.156 -2.05984 2.05984
37.157 -2.06674 2.06674
37.158 -2.07357 2.07357
37.159 -2.08031 2.08031
37.16 -2.08697 2.08697
37.161 -2.09354 2.09354
37.162 -2.10001 2.10001
37.163 -2.10638 2.10638
37.164 -2.11262 2.11262
37.165 -2.11873 2.11873
37.166 -2.1247 2.1247
37.167 -2.13052 2.13052
37.168 -2.13617 2.13617
37.169 -2.14164 2.14164
37.17 -2.14693 2.14693
37.171 -2.15202 2.15202
37.172 -2.15691 2.15691
37.173 -2.1616 2.1616
37.174 -2.16609 2.16609
37.175 -2.17037 2.17037
37.176 -2.17444 2.17444
37.177 -2.17831 2.17831
37.178 -2.18196 2.18196
37.179 -2.1854 2.1854
37.18 -2.18863 2.18863
37.181 -2.19165 2.19165
37.182 -2.19444 2.19444
37.183 -2.197 2.197
37.184 -2.19929 2.19933
37.185 -2.20136 2.20139
37.186 -2.20316 2.20318
37.187 -2.20469 2.20471
37.188 -2.20594 2.20596
37.189 -2.2069 2.20692
37.19 -2.20756 2.20757
37.191 -2.20792 2.20793
37.192 -2.20797 2.20798
37.193 -2.20772 2.20772
37.194 -2.20715 2.20715
37.195 -2.20629 2.20628
37.196 -2.20512 2.20511
37.197 -2.20364 2.20363
37.198 -2.20186 2.20184
37.199 -2.19978 2.19976
37.2 -2.1974 2.19737
37.201 -2.19471 2.19469
37.202 -2.19173 2.1917
37.203 -2.18845 2.18842
37.204 -2.18486 2.18486
37.205 -2.18099 2.18099
37.206 -2.17683 2.17683
37.207 -2.17238 2.17238
37.208 -2.16764 2.16764
37.209 -2.16262 2.16262
37.21 -2.15731 2.15731
37.211 -2.15172 2.15172
37.212 -2.14585 2.14585
37.213 -2.13968 2.13968
37.214 -2.13321 2.13321
37.215 -2.12644 2.12644
37.216 -2.11935 2.11935
37.217 -2.11196 2.11196
37.218 -2.10424 2.10424
37.219 -2.09619 2.09619
37.22 -2.08781 2.08781
37.221 -2.0791 2.0791
37.222 -2.07005 2.07005
37.223 -2.06065 2.06065
37.224 -2.0509 2.0509
37.225 -2.04079 2.04079
37.226 -2.03033 2.03033
37.227 -2.0195 2.0195
37.228 -2.00831 2.00831
37.229 -1.99675 1.99675
37.23 -1.98481 1.98481
37.231 -1.9725 1.9725
37.232 -1.95982 1.95982
37.233 -1.94677 1.94677
37.234 -1.93335 1.93335
37.235 -1.91959 1.91959
37.236 -1.90547 1.90547
37.237 -1.89102 1.89102
37.238 -1.87622 1.87622
37.239 -1.8611 1.8611
37.24 -1.84565 1.84565
37.241 -1.82989 1.82989
37.242 -1.81381 1.81381
37.243 -1.79743 1.79743
37.244 -1.78076 1.78076
37.245 -1.76379 1.76379
37.246 -1.74655 1.74655
37.247 -1.72903 1.72903
37.248 -1.71124 1.71124
37.249 -1.69319 1.69319
37.25 -1.67489 1.67489
37.251 -1.65635 1.65635
37.252 -1.63758 1.63758
37.253 -1.6186 1.6186
37.254 -1.59942 1.59942
37.255 -1.58007 1.58007
37.256 -1.56056 1.56056
37.257 -1.5409 1.5409
37.258 -1.52111 1.52111
37.259 -1.50121 1.50121
37.26 -1.48122 1.48122
37.261 -1.46115 1.46115
37.262 -1.44103 1.44103
37.263 -1.42086 1.42086
37.264 -1.40066 1.40066
37.265 -1.38046 1.38046
37.266 -1.36026 1.36026
37.267 -1.34009 1.34009
37.268 -1.31997 1.31997
37.269 -1.2999 1.2999
37.27 -1.2799 1.2799
37.271 -1.26001 1.26001
37.272 -1.24024 1.24024
37.273 -1.22063 1.22063
37.274 -1.20122 1.20122
37.275 -1.18204 1.18204
37.276 -1.16312 1.16312
37.277 -1.1445 1.1445
37.278 -1.12621 1.12621
37.279 -1.10828 1.10828
37.28 -1.09074 1.09074
37.281 -1.07364 1.07364
37.282 -1.05699 1.05699
37.283 -1.04082 1.04082
37.284 -1.02515 1.02515
37.285 -1.01 1.01
37.286 -0.995408 0.995408
37.287 -0.981383 0.981383
37.288 -0.967953 0.967953
37.289 -0.955139 0.955139
37.29 -0.942965 0.942965
37.291 -0.931451 0.931451
37.292 -0.920621 0.920621
37.293 -0.910494 0.910494
37.294 -0.901093 0.901093
37.295 -0.892437 0.892437
37.296 -0.884549 0.884549
37.297 -0.877446 0.877446
37.298 -0.871151 0.871151
37.299 -0.865681 0.865681
37.3 -0.861056 0.861056
37.301 -0.857293 0.857293
37.302 -0.85442 0.854386
37.303 -0.852408 0.852384
37.304 -0.851286 0.851273
37.305 -0.851065 0.851063
37.306 -0.851751 0.85176
37.307 -0.853354 0.853373
37.308 -0.855879 0.85591
37.309 -0.859356 0.859356
37.31 -0.863754 0.863754
37.311 -0.869096 0.869096
37.312 -0.875386 0.875386
37.313 -0.88263 0.88263
37.314 -0.890833 0.890833
37.315 -0.9 0.9
37.316 -0.910134 0.910134
37.317 -0.92124 0.92124
37.318 -0.93332 0.93332
37.319 -0.946378 0.946378
37.32 -0.960416 0.960416
37.321 -0.975434 0.975434
37.322 -0.991428 0.991428
37.323 -1.00839 1.00839
37.324 -1.02631 1.02631
37.325 -1.04518 1.04518
37.326 -1.06499 1.06499
37.327 -1.08574 1.08574
37.328 -1.10741 1.10741
37.329 -1.13 1.13
37.33 -1.15348 1.15348
37.331 -1.17786 1.17786
37.332 -1.20313 1.20313
37.333 -1.22926 1.22926
37.334 -1.25625 1.25625
37.335 -1.28409 1.28409
37.336 -1.31275 1.31275
37.337 -1.34224 1.34224
37.338 -1.37254 1.37254
37.339 -1.40363 1.40363
37.34 -1.4355 1.4355
37.341 -1.46813 1.46813
37.342 -1.50151 1.50151
37.343 -1.53563 1.53563
37.344 -1.57046 1.57046
37.345 -1.606 1.606
37.346 -1.64223 1.64223
37.347 -1.67912 1.67912
37.348 -1.71667 1.71667
37.349 -1.75486 1.75486
37.35 -1.79367 1.79367
37.351 -1.83307 1.83307
37.352 -1.87305 1.87305
37.353 -1.91358 1.91358
37.354 -1.95463 1.95463
37.355 -1.99618 1.99618
37.356 -2.03819 2.03819
37.357 -2.08064 2.08064
37.358 -2.1235 2.1235
37.359 -2.16674 2.16674
37.36 -2.21033 2.21033
37.361 -2.25425 2.25425
37.362 -2.29848 2.29848
37.363 -2.34299 2.34299
37.364 -2.38777 2.38777
37.365 -2.43279 2.43279
37.366 -2.47803 2.47803
37.367 -2.52348 2.52348
37.368 -2.56911 2.56911
37.369 -2.61489 2.61489
37.37 -2.66083 2.66083
37.371 -2.70687 2.70687
37.372 -2.75302 2.75302
37.373 -2.79925 2.79925
37.374 -2.84553 2.84553
37.375 -2.89185 2.89185
37.376 -2.93818 2.93818
37.377 -2.9845 2.9845
37.378 -3.03079 3.03079
37.379 -3.07703 3.07703
37.38 -3.12321 3.12321
37.381 -3.16929 3.16929
37.382 -3.21525 3.21525
37.383 -3.26108 3.26108
37.384 -3.30676 3.30676
37.385 -3.35226 3.35226
37.386 -3.39757 3.39757
37.387 -3.44266 3.44266
37.388 -3.4875 3.4875
37.389 -3.5321 3.5321
37.39 -3.57641 3.57641
37.391 -3.62042 3.62042
37.392 -3.66411 3.66411
37.393 -3.70744 3.70744
37.394 -3.75038 3.75038
37.395 -3.79292 3.79292
37.396 -3.83501 3.83501
37.397 -3.87664 3.87664
37.398 -3.91778 3.91778
37.399 -3.95839 3.95839
37.4 -3.99846 3.99846
37.401 -4.03795 4.03795
37.402 -4.07686 4.07686
37.403 -4.11516 4.11516
37.404 -4.15283 4.15283
37.405 -4.18986 4.18986
37.406 -4.22624 4.22624
37.407 -4.26195 4.26195
37.408 -4.29697 4.29697
37.409 -4.33129 4.33129
37.41 -4.36489 4.36489
37.411 -4.39777 4.39777
37.412 -4.4299 4.4299
37.413 -4.46128 4.46128
37.414 -4.49188 4.49188
37.415 -4.52171 4.52171
37.416 -4.55074 4.55074
37.417 -4.57897 4.57897
37.418 -4.60638 4.60638
37.419 -4.63297 4.63297
37.42 -4.65871 4.65871
37.421 -4.68362 4.68362
37.422 -4.70766 4.70766
37.423 -4.73085 4.73085
37.424 -4.75315 4.75315
37.425 -4.77458 4.77458
37.426 -4.79512 4.79512
37.427 -4.81476 4.81476
37.428 -4.8335 4.8335
37.429 -4.85133 4.85133
37.43 -4.86825 4.86825
37.431 -4.88425 4.88425
37.432 -4.89932 4.89932
37.433 -4.91346 4.91346
37.434 -4.92666 4.92666
37.435 -4.93893 4.93893
37.436 -4.95026 4.95026
37.437 -4.96065 4.96065
37.438 -4.97009 4.97009
37.439 -4.97858 4.97858
37.44 -4.98613 4.98613
37.441 -4.99272 4.99272
37.442 -4.99835 4.99835
37.443 -5.00301 5.00301
37.444 -5.0067 5.0067
37.445 -5.0094 5.0094
37.446 -5.01111 5.01111
37.447 -5.01182 5.01182
37.448 -5.01153 5.01153
37.449 -5.01022 5.01022
37.45 -5.00787 5.00791
37.451 -5.00453 5.00456
37.452 -5.00016 5.00017
37.453 -4.99476 4.99476
37.454 -4.98832 4.98831
37.455 -4.98084 4.98081
37.456 -4.9723 4.9723
37.457 -4.96273 4.96273
37.458 -4.9521 4.9521
37.459 -4.94043 4.94043
37.46 -4.92771 4.92771
37.461 -4.91394 4.91394
37.462 -4.89912 4.89912
37.463 -4.88327 4.88327
37.464 -4.86639 4.86639
37.465 -4.84849 4.84849
37.466 -4.82958 4.82958
37.467 -4.80968 4.80968
37.468 -4.78879 4.78879
37.469 -4.76692 4.76692
37.47 -4.74408 4.74408
37.471 -4.72029 4.72029
37.472 -4.69554 4.69554
37.473 -4.66984 4.66984
37.474 -4.6432 4.6432
37.475 -4.61562 4.61562
37.476 -4.58709 4.58709
37.477 -4.55764 4.55764
37.478 -4.52725 4.52725
37.479 -4.49594 4.49594
37.48 -4.46371 4.46371
37.481 -4.43057 4.43057
37.482 -4.39652 4.39652
37.483 -4.36157 4.36157
37.484 -4.32573 4.32573
37.485 -4.289 4.289
37.486 -4.25139 4.25139
37.487 -4.2129 4.2129
37.488 -4.17355 4.17355
37.489 -4.13335 4.13335
37.49 -4.09229 4.09229
37.491 -4.05039 4.05039
37.492 -4.00767 4.00767
37.493 -3.96412 3.96412
37.494 -3.91975 3.91975
37.495 -3.87459 3.87459
37.496 -3.82863 3.82863
37.497 -3.78188 3.78188
37.498 -3.73436 3.73436
37.499 -3.68608 3.68608
37.5 -3.63705 3.63705
37.501 -3.58727 3.58727
37.502 -3.53675 3.53675
37.503 -3.4855 3.4855
37.504 -3.43351 3.43351
37.505 -3.3808 3.3808
37.506 -3.32736 3.32736
37.507 -3.2732 3.2732
37.508 -3.21831 3.21831
37.509 -3.16272 3.16272
37.51 -3.10642 3.10642
37.511 -3.04941 3.04941
37.512 -2.99171 2.99171
37.513 -2.93334 2.93334
37.514 -2.8743 2.8743
37.515 -2.81462 2.81462
37.516 -2.7543 2.7543
37.517 -2.69336 2.69336
37.518 -2.63182 2.63182
37.519 -2.56969 2.56969
37.52 -2.50699 2.50699
37.521 -2.44374 2.44374
37.522 -2.37994 2.37994
37.523 -2.31562 2.31562
37.524 -2.25079 2.25079
37.525 -2.18546 2.18546
37.526 -2.11967 2.11967
37.527 -2.05341 2.05341
37.528 -1.98671 1.98671
37.529 -1.9196 1.9196
37.53 -1.85207 1.85207
37.531 -1.78416 1.78416
37.532 -1.71586 1.71586
37.533 -1.6472 1.6472
37.534 -1.57817 1.57817
37.535 -1.5088 1.5088
37.536 -1.43909 1.43909
37.537 -1.36904 1.36904
37.538 -1.29868 1.29868
37.539 -1.228 1.228
37.54 -1.15703 1.15703
37.541 -1.08577 1.08577
37.542 -1.01424 1.01424
37.543 -0.942434 0.942434
37.544 -0.870378 0.870378
37.545 -0.79808 0.79808
37.546 -0.725551 0.725551
37.547 -0.652802 0.652802
37.548 -0.579847 0.579847
37.549 -0.506698 0.506698
37.55 -0.433366 0.433366
37.551 -0.359867 0.359867
37.552 -0.286219 0.286219
37.553 -0.212446 0.212446
37.554 -0.138567 0.138567
37.555 -0.0646062 0.0646062
37.556 0.0094156 -0.00941559
37.557 0.0834758 -0.0834758
37.558 0.157552 -0.157552
37.559 0.231622 -0.231622
37.56 0.305663 -0.305663
37.561 0.379652 -0.379652
37.562 0.453566 -0.453566
37.563 0.527382 -0.527382
37.564 0.601079 -0.601079
37.565 0.674631 -0.674631
37.566 0.748017 -0.748017
37.567 0.821214 -0.821214
37.568 0.894198 -0.894198
37.569 0.966947 -0.966947
37.57 1.03944 -1.03944
37.571 1.11164 -1.11164
37.572 1.18354 -1.18354
37.573 1.25509 -1.25509
37.574 1.32626 -1.32626
37.575 1.39703 -1.39703
37.576 1.46736 -1.46736
37.577 1.53722 -1.53722
37.578 1.60658 -1.60658
37.579 1.67542 -1.67542
37.58 1.74369 -1.74369
37.581 1.81137 -1.81137
37.582 1.87843 -1.87843
37.583 1.94484 -1.94484
37.584 2.01057 -2.01057
37.585 2.07559 -2.07559
37.586 2.13988 -2.13988
37.587 2.2034 -2.2034
37.588 2.26613 -2.26613
37.589 2.32804 -2.32804
37.59 2.3891 -2.3891
37.591 2.44929 -2.44929
37.592 2.50858 -2.50858
37.593 2.56694 -2.56694
37.594 2.62435 -2.62435
37.595 2.68078 -2.68078
37.596 2.73622 -2.73622
37.597 2.79063 -2.79063
37.598 2.84399 -2.84399
37.599 2.89628 -2.89628
37.6 2.94748 -2.94748
37.601 2.99756 -2.99756
37.602 3.04651 -3.04651
37.603 3.09431 -3.09431
37.604 3.14093 -3.14093
37.605 3.18635 -3.18635
37.606 3.23057 -3.23057
37.607 3.27355 -3.27355
37.608 3.31528 -3.31528
37.609 3.35575 -3.35575
37.61 3.39493 -3.39493
37.611 3.43283 -3.43283
37.612 3.46942 -3.46942
37.613 3.5047 -3.5047
37.614 3.53868 -3.53868
37.615 3.57133 -3.57133
37.616 3.60267 -3.60267
37.617 3.63268 -3.63268
37.618 3.66137 -3.66137
37.619 3.68874 -3.68874
37.62 3.71478 -3.71478
37.621 3.73949 -3.73949
37.622 3.76286 -3.76286
37.623 3.7849 -3.7849
37.624 3.80558 -3.80558
37.625 3.82491 -3.82491
37.626 3.84288 -3.84288
37.627 3.85948 -3.85948
37.628 3.87471 -3.87471
37.629 3.88857 -3.88857
37.63 3.90105 -3.90105
37.631 3.91216 -3.91216
37.632 3.9219 -3.9219
37.633 3.93029 -3.93029
37.634 3.93735 -3.93735
37.635 3.9431 -3.9431
37.636 3.94755 -3.94755
37.637 3.95072 -3.95072
37.638 3.95264 -3.95264
37.639 3.95331 -3.95331
37.64 3.95275 -3.95278
37.641 3.95101 -3.95102
37.642 3.94808 -3.94807
37.643 3.94397 -3.94395
37.644 3.9387 -3.93867
37.645 3.93225 -3.93225
37.646 3.92469 -3.92469
37.647 3.916 -3.916
37.648 3.90621 -3.90621
37.649 3.89532 -3.89532
37.65 3.88335 -3.88335
37.651 3.87033 -3.87033
37.652 3.85625 -3.85625
37.653 3.84115 -3.84115
37.654 3.82503 -3.82503
37.655 3.80792 -3.80792
37.656 3.78983 -3.78983
37.657 3.77078 -3.77078
37.658 3.75079 -3.75079
37.659 3.72988 -3.72988
37.66 3.70806 -3.70806
37.661 3.68535 -3.68535
37.662 3.66178 -3.66178
37.663 3.63736 -3.63736
37.664 3.61211 -3.61211
37.665 3.58606 -3.58606
37.666 3.55922 -3.55922
37.667 3.53161 -3.53161
37.668 3.50326 -3.50326
37.669 3.47419 -3.47419
37.67 3.44441 -3.44441
37.671 3.41395 -3.41395
37.672 3.38284 -3.38284
37.673 3.35111 -3.35111
37.674 3.3188 -3.3188
37.675 3.28592 -3.28592
37.676 3.25252 -3.25252
37.677 3.21862 -3.21862
37.678 3.18425 -3.18425
37.679 3.14946 -3.14946
37.68 3.11426 -3.11426
37.681 3.07868 -3.07868
37.682 3.04276 -3.04276
37.683 3.00652 -3.00652
37.684 2.96998 -2.96998
37.685 2.93315 -2.93315
37.686 2.89608 -2.89608
37.687 2.85877 -2.85877
37.688 2.82126 -2.82126
37.689 2.78356 -2.78356
37.69 2.7457 -2.7457
37.691 2.70771 -2.70771
37.692 2.66961 -2.66961
37.693 2.63144 -2.63144
37.694 2.59323 -2.59323
37.695 2.55501 -2.55501
37.696 2.51682 -2.51682
37.697 2.47869 -2.47869
37.698 2.44064 -2.44064
37.699 2.40272 -2.40272
37.7 2.36495 -2.36495
37.701 2.32736 -2.32736
37.702 2.28999 -2.28999
37.703 2.25284 -2.25284
37.704 2.21595 -2.21595
37.705 2.17934 -2.17934
37.706 2.14303 -2.14303
37.707 2.10704 -2.10704
37.708 2.0714 -2.0714
37.709 2.03612 -2.03612
37.71 2.00124 -2.00124
37.711 1.96677 -1.96677
37.712 1.93273 -1.93273
37.713 1.89915 -1.89915
37.714 1.86605 -1.86605
37.715 1.83345 -1.83345
37.716 1.80137 -1.80137
37.717 1.76983 -1.76983
37.718 1.73885 -1.73885
37.719 1.70845 -1.70845
37.72 1.67866 -1.67866
37.721 1.6495 -1.6495
37.722 1.62097 -1.62097
37.723 1.59311 -1.59311
37.724 1.56593 -1.56593
37.725 1.53945 -1.53945
37.726 1.51369 -1.51369
37.727 1.48867 -1.48867
37.728 1.46441 -1.46441
37.729 1.44092 -1.44092
37.73 1.41822 -1.41822
37.731 1.39633 -1.39633
37.732 1.37527 -1.37527
37.733 1.35505 -1.35505
37.734 1.33569 -1.33569
37.735 1.31721 -1.31721
37.736 1.29961 -1.29961
37.737 1.28292 -1.28292
37.738 1.26715 -1.26715
37.739 1.25232 -1.25232
37.74 1.23843 -1.23843
37.741 1.22551 -1.22551
37.742 1.21355 -1.21355
37.743 1.20256 -1.20256
37.744 1.19254 -1.19254
37.745 1.18351 -1.18351
37.746 1.17545 -1.17545
37.747 1.16838 -1.16838
37.748 1.16229 -1.16229
37.749 1.1572 -1.1572
37.75 1.15308 -1.15308
37.751 1.14996 -1.14996
37.752 1.14784 -1.14782
37.753 1.14669 -1.14668
37.754 1.14654 -1.14653
37.755 1.14737 -1.14738
37.756 1.14918 -1.14921
37.757 1.15199 -1.15202
37.758 1.1558 -1.1558
37.759 1.16057 -1.16057
37.76 1.16632 -1.16632
37.761 1.17305 -1.17305
37.762 1.18075 -1.18075
37.763 1.18942 -1.18942
37.764 1.19905 -1.19905
37.765 1.20964 -1.20964
37.766 1.22118 -1.22118
37.767 1.23367 -1.23367
37.768 1.2471 -1.2471
37.769 1.26147 -1.26147
37.77 1.27676 -1.27676
37.771 1.29297 -1.29297
37.772 1.31008 -1.31008
37.773 1.32809 -1.32809
37.774 1.34696 -1.34696
37.775 1.36668 -1.36668
37.776 1.38724 -1.38724
37.777 1.40862 -1.40862
37.778 1.43079 -1.43079
37.779 1.45374 -1.45374
37.78 1.47745 -1.47745
37.781 1.5019 -1.5019
37.782 1.52707 -1.52707
37.783 1.55294 -1.55294
37.784 1.57949 -1.57949
37.785 1.60669 -1.60669
37.786 1.63454 -1.63454
37.787 1.663 -1.663
37.788 1.69205 -1.69205
37.789 1.72168 -1.72168
37.79 1.75185 -1.75185
37.791 1.78256 -1.78256
37.792 1.81375 -1.81375
37.793 1.84542 -1.84542
37.794 1.87751 -1.87751
37.795 1.91001 -1.91001
37.796 1.94287 -1.94287
37.797 1.97607 -1.97607
37.798 2.00958 -2.00958
37.799 2.04336 -2.04336
37.8 2.07738 -2.07738
37.801 2.1116 -2.1116
37.802 2.146 -2.146
37.803 2.18054 -2.18054
37.804 2.21518 -2.21518
37.805 2.24991 -2.24991
37.806 2.28467 -2.28467
37.807 2.31945 -2.31945
37.808 2.3542 -2.3542
37.809 2.38889 -2.38889
37.81 2.4235 -2.4235
37.811 2.45799 -2.45799
37.812 2.49231 -2.49231
37.813 2.52642 -2.52642
37.814 2.5603 -2.5603
37.815 2.59388 -2.59388
37.816 2.62715 -2.62715
37.817 2.66004 -2.66004
37.818 2.69253 -2.69253
37.819 2.72457 -2.72457
37.82 2.75612 -2.75612
37.821 2.78715 -2.78715
37.822 2.81762 -2.81762
37.823 2.84751 -2.84751
37.824 2.87678 -2.87678
37.825 2.9054 -2.9054
37.826 2.93335 -2.93335
37.827 2.9606 -2.9606
37.828 2.98711 -2.98711
37.829 3.01286 -3.01286
37.83 3.03783 -3.03783
37.831 3.06198 -3.06198
37.832 3.08529 -3.08529
37.833 3.10773 -3.10773
37.834 3.12927 -3.12927
37.835 3.1499 -3.1499
37.836 3.16958 -3.16958
37.837 3.18829 -3.18829
37.838 3.20601 -3.20601
37.839 3.22272 -3.22272
37.84 3.23838 -3.23838
37.841 3.25298 -3.25298
37.842 3.26649 -3.26649
37.843 3.27888 -3.27888
37.844 3.29011 -3.29011
37.845 3.30017 -3.30017
37.846 3.30901 -3.30901
37.847 3.31662 -3.31662
37.848 3.32296 -3.32296
37.849 3.32801 -3.32801
37.85 3.33175 -3.33175
37.851 3.33414 -3.33414
37.852 3.33516 -3.33519
37.853 3.33483 -3.33485
37.854 3.33311 -3.33312
37.855 3.32999 -3.32998
37.856 3.32546 -3.32542
37.857 3.31947 -3.31947
37.858 3.31205 -3.31205
37.859 3.30318 -3.30318
37.86 3.29284 -3.29284
37.861 3.28104 -3.28104
37.862 3.26775 -3.26775
37.863 3.25299 -3.25299
37.864 3.23675 -3.23675
37.865 3.21904 -3.21904
37.866 3.19984 -3.19984
37.867 3.17918 -3.17918
37.868 3.15704 -3.15704
37.869 3.13343 -3.13343
37.87 3.10836 -3.10836
37.871 3.08182 -3.08182
37.872 3.05384 -3.05384
37.873 3.02442 -3.02442
37.874 2.99358 -2.99358
37.875 2.96133 -2.96133
37.876 2.92769 -2.92769
37.877 2.89267 -2.89267
37.878 2.8563 -2.8563
37.879 2.81857 -2.81857
37.88 2.77952 -2.77952
37.881 2.73916 -2.73916
37.882 2.69749 -2.69749
37.883 2.65454 -2.65454
37.884 2.6103 -2.6103
37.885 2.56479 -2.56479
37.886 2.51802 -2.51802
37.887 2.46999 -2.46999
37.888 2.42073 -2.42073
37.889 2.37025 -2.37025
37.89 2.31855 -2.31855
37.891 2.26565 -2.26565
37.892 2.21157 -2.21157
37.893 2.15634 -2.15634
37.894 2.09998 -2.09998
37.895 2.0425 -2.0425
37.896 1.98393 -1.98393
37.897 1.92431 -1.92431
37.898 1.86364 -1.86364
37.899 1.80196 -1.80196
37.9 1.7393 -1.7393
37.901 1.67566 -1.67566
37.902 1.61108 -1.61108
37.903 1.54557 -1.54557
37.904 1.47915 -1.47915
37.905 1.41184 -1.41184
37.906 1.34365 -1.34365
37.907 1.27461 -1.27461
37.908 1.20473 -1.20473
37.909 1.13403 -1.13403
37.91 1.06253 -1.06253
37.911 0.99026 -0.99026
37.912 0.917232 -0.917232
37.913 0.843468 -0.843468
37.914 0.76899 -0.76899
37.915 0.693819 -0.693819
37.916 0.617978 -0.617978
37.917 0.541489 -0.541489
37.918 0.464374 -0.464374
37.919 0.386656 -0.386656
37.92 0.308359 -0.308359
37.921 0.229507 -0.229507
37.922 0.150123 -0.150123
37.923 0.0702316 -0.0702316
37.924 -0.0101421 0.0101421
37.925 -0.0909734 0.0909734
37.926 -0.172237 0.172237
37.927 -0.253906 0.253906
37.928 -0.335955 0.335955
37.929 -0.418358 0.418358
37.93 -0.501088 0.501088
37.931 -0.584115 0.584115
37.932 -0.667406 0.667406
37.933 -0.750924 0.750924
37.934 -0.834634 0.834634
37.935 -0.918497 0.918497
37.936 -1.00248 1.00248
37.937 -1.08654 1.08654
37.938 -1.17064 1.17064
37.939 -1.25475 1.25475
37.94 -1.33883 1.33883
37.941 -1.42284 1.42284
37.942 -1.50675 1.50675
37.943 -1.59053 1.59053
37.944 -1.67416 1.67416
37.945 -1.7576 1.7576
37.946 -1.84083 1.84083
37.947 -1.92381 1.92381
37.948 -2.00651 2.00651
37.949 -2.08892 2.08892
37.95 -2.17099 2.17099
37.951 -2.25271 2.25271
37.952 -2.33403 2.33403
37.953 -2.41494 2.41494
37.954 -2.4954 2.4954
37.955 -2.57539 2.57539
37.956 -2.65487 2.65487
37.957 -2.73382 2.73382
37.958 -2.81221 2.81221
37.959 -2.89002 2.89002
37.96 -2.96721 2.96721
37.961 -3.04376 3.04376
37.962 -3.11964 3.11964
37.963 -3.1948 3.1948
37.964 -3.26922 3.26922
37.965 -3.34285 3.34285
37.966 -3.41568 3.41568
37.967 -3.48765 3.48765
37.968 -3.55875 3.55875
37.969 -3.62893 3.62893
37.97 -3.69817 3.69817
37.971 -3.76644 3.76644
37.972 -3.8337 3.8337
37.973 -3.89995 3.89995
37.974 -3.96515 3.96515
37.975 -4.0293 4.0293
37.976 -4.09236 4.09236
37.977 -4.15432 4.15432
37.978 -4.21517 4.21517
37.979 -4.27487 4.27487
37.98 -4.33343 4.33343
37.981 -4.39081 4.39081
37.982 -4.447 4.447
37.983 -4.502 4.502
37.984 -4.55577 4.55577
37.985 -4.60832 4.60832
37.986 -4.65962 4.65962
37.987 -4.70967 4.70967
37.988 -4.75844 4.75844
37.989 -4.80594 4.80594
37.99 -4.85215 4.85215
37.991 -4.89706 4.89706
37.992 -4.94066 4.94066
37.993 -4.98294 4.98294
37.994 -5.0239 5.0239
37.995 -5.06353 5.06353
37.996 -5.10182 5.10182
37.997 -5.13877 5.13877
37.998 -5.17437 5.17437
37.999 -5.20863 5.20863
38 -5.24152 5.24152
38.001 -5.27306 5.27306
38.002 -5.30324 5.30324
38.003 -5.33203 5.33203
38.004 -5.35944 5.35944
38.005 -5.38546 5.38546
38.006 -5.41007 5.41007
38.007 -5.43328 5.43328
38.008 -5.45507 5.45507
38.009 -5.47544 5.47544
38.01 -5.49438 5.49438
38.011 -5.5119 5.5119
38.012 -5.528 5.528
38.013 -5.54267 5.54267
38.014 -5.55594 5.55594
38.015 -5.5678 5.5678
38.016 -5.57827 5.57827
38.017 -5.58735 5.58735
38.018 -5.59505 5.59505
38.019 -5.60139 5.60139
38.02 -5.60636 5.60636
38.021 -5.60998 5.60998
38.022 -5.61226 5.61226
38.023 -5.6132 5.6132
38.024 -5.6128 5.6128
38.025 -5.61106 5.61106
38.026 -5.608 5.608
38.027 -5.60359 5.60363
38.028 -5.59789 5.59791
38.029 -5.59088 5.59088
38.03 -5.58257 5.58255
38.031 -5.57295 5.57292
38.032 -5.56202 5.56202
38.033 -5.54983 5.54983
38.034 -5.53636 5.53636
38.035 -5.52163 5.52163
38.036 -5.50564 5.50564
38.037 -5.48841 5.48841
38.038 -5.46995 5.46995
38.039 -5.45026 5.45026
38.04 -5.42937 5.42937
38.041 -5.40727 5.40727
38.042 -5.38398 5.38398
38.043 -5.35952 5.35952
38.044 -5.33389 5.33389
38.045 -5.30712 5.30712
38.046 -5.27921 5.27921
38.047 -5.25017 5.25017
38.048 -5.22003 5.22003
38.049 -5.1888 5.1888
38.05 -5.15648 5.15648
38.051 -5.1231 5.1231
38.052 -5.08869 5.08869
38.053 -5.05326 5.05326
38.054 -5.01683 5.01683
38.055 -4.97945 4.97945
38.056 -4.94112 4.94112
38.057 -4.90187 4.90187
38.058 -4.86174 4.86174
38.059 -4.82074 4.82074
38.06 -4.7789 4.7789
38.061 -4.73625 4.73625
38.062 -4.69281 4.69281
38.063 -4.64861 4.64861
38.064 -4.60368 4.60368
38.065 -4.55805 4.55805
38.066 -4.51173 4.51173
38.067 -4.46476 4.46476
38.068 -4.41717 4.41717
38.069 -4.36898 4.36898
38.07 -4.32022 4.32022
38.071 -4.27092 4.27092
38.072 -4.2211 4.2211
38.073 -4.1708 4.1708
38.074 -4.12003 4.12003
38.075 -4.06884 4.06884
38.076 -4.01724 4.01724
38.077 -3.96527 3.96527
38.078 -3.91295 3.91295
38.079 -3.86032 3.86032
38.08 -3.80739 3.80739
38.081 -3.7542 3.7542
38.082 -3.70079 3.70079
38.083 -3.64716 3.64716
38.084 -3.59337 3.59337
38.085 -3.53942 3.53942
38.086 -3.48536 3.48536
38.087 -3.43121 3.43121
38.088 -3.377 3.377
38.089 -3.32276 3.32276
38.09 -3.26852 3.26852
38.091 -3.2143 3.2143
38.092 -3.16014 3.16014
38.093 -3.10606 3.10606
38.094 -3.0521 3.0521
38.095 -2.99827 2.99827
38.096 -2.94462 2.94462
38.097 -2.89116 2.89116
38.098 -2.83793 2.83793
38.099 -2.78495 2.78495
38.1 -2.73226 2.73226
38.101 -2.67988 2.67988
38.102 -2.62783 2.62783
38.103 -2.57612 2.57612
38.104 -2.52479 2.52479
38.105 -2.47385 2.47385
38.106 -2.42331 2.42331
38.107 -2.3732 2.3732
38.108 -2.32354 2.32354
38.109 -2.27434 2.27434
38.11 -2.22562 2.22562
38.111 -2.1774 2.1774
38.112 -2.12971 2.12971
38.113 -2.08254 2.08254
38.114 -2.03594 2.03594
38.115 -1.9899 1.9899
38.116 -1.94446 1.94446
38.117 -1.89962 1.89962
38.118 -1.8554 1.8554
38.119 -1.81183 1.81183
38.12 -1.76891 1.76891
38.121 -1.72667 1.72667
38.122 -1.6851 1.6851
38.123 -1.64422 1.64422
38.124 -1.60404 1.60404
38.125 -1.56456 1.56456
38.126 -1.52579 1.52579
38.127 -1.48773 1.48773
38.128 -1.45039 1.45039
38.129 -1.41378 1.41378
38.13 -1.3779 1.3779
38.131 -1.34276 1.34276
38.132 -1.30837 1.30837
38.133 -1.27474 1.27474
38.134 -1.24189 1.24189
38.135 -1.20982 1.20982
38.136 -1.17856 1.17856
38.137 -1.14811 1.14811
38.138 -1.11849 1.11849
38.139 -1.0897 1.0897
38.14 -1.06176 1.06176
38.141 -1.03468 1.03468
38.142 -1.00846 1.00846
38.143 -0.983097 0.983097
38.144 -0.958598 0.958598
38.145 -0.934963 0.934963
38.146 -0.912191 0.912191
38.147 -0.890283 0.890283
38.148 -0.869239 0.869239
38.149 -0.849057 0.849057
38.15 -0.829736 0.829736
38.151 -0.811281 0.811281
38.152 -0.793701 0.793701
38.153 -0.777013 0.777013
38.154 -0.761232 0.761232
38.155 -0.746371 0.746371
38.156 -0.732445 0.732445
38.157 -0.719469 0.719469
38.158 -0.707455 0.707455
38.159 -0.696416 0.696416
38.16 -0.686366 0.686366
38.161 -0.677313 0.677313
38.162 -0.669264 0.669264
38.163 -0.662221 0.662221
38.164 -0.656186 0.656186
38.165 -0.651161 0.651161
38.166 -0.647148 0.647148
38.167 -0.644165 0.64413
38.168 -0.642171 0.642148
38.169 -0.641191 0.641179
38.17 -0.641223 0.641224
38.171 -0.642269 0.642282
38.172 -0.644335 0.64436
38.173 -0.647447 0.647447
38.174 -0.65158 0.65158
38.175 -0.656752 0.656752
38.176 -0.662971 0.662971
38.177 -0.67024 0.67024
38.178 -0.678565 0.678565
38.179 -0.687951 0.687951
38.18 -0.698401 0.698401
38.181 -0.709915 0.709915
38.182 -0.722483 0.722483
38.183 -0.73609 0.73609
38.184 -0.750721 0.750721
38.185 -0.766359 0.766359
38.186 -0.78299 0.78299
38.187 -0.800597 0.800597
38.188 -0.819163 0.819163
38.189 -0.83867 0.83867
38.19 -0.859102 0.859102
38.191 -0.88044 0.88044
38.192 -0.902665 0.902665
38.193 -0.925759 0.925759
38.194 -0.949703 0.949703
38.195 -0.974476 0.974476
38.196 -1.00006 1.00006
38.197 -1.02643 1.02643
38.198 -1.05358 1.05358
38.199 -1.08147 1.08147
38.2 -1.11009 1.11009
38.201 -1.13942 1.13942
38.202 -1.16944 1.16944
38.203 -1.20014 1.20014
38.204 -1.2315 1.2315
38.205 -1.26352 1.26352
38.206 -1.29617 1.29617
38.207 -1.32945 1.32945
38.208 -1.36333 1.36333
38.209 -1.39781 1.39781
38.21 -1.43286 1.43286
38.211 -1.46848 1.46848
38.212 -1.50465 1.50465
38.213 -1.54137 1.54137
38.214 -1.57863 1.57863
38.215 -1.61641 1.61641
38.216 -1.65472 1.65472
38.217 -1.69355 1.69355
38.218 -1.73288 1.73288
38.219 -1.77271 1.77271
38.22 -1.81302 1.81302
38.221 -1.85381 1.85381
38.222 -1.89506 1.89506
38.223 -1.93675 1.93675
38.224 -1.97886 1.97886
38.225 -2.02137 2.02137
38.226 -2.06426 2.06426
38.227 -2.10752 2.10752
38.228 -2.15113 2.15113
38.229 -2.19506 2.19506
38.23 -2.23929 2.23929
38.231 -2.28381 2.28381
38.232 -2.3286 2.3286
38.233 -2.37365 2.37365
38.234 -2.41895 2.41895
38.235 -2.46449 2.46449
38.236 -2.51026 2.51026
38.237 -2.55623 2.55623
38.238 -2.60241 2.60241
38.239 -2.64878 2.64878
38.24 -2.69532 2.69532
38.241 -2.74202 2.74202
38.242 -2.78887 2.78887
38.243 -2.83586 2.83586
38.244 -2.88298 2.88298
38.245 -2.93021 2.93021
38.246 -2.97753 2.97753
38.247 -3.02494 3.02494
38.248 -3.07242 3.07242
38.249 -3.11996 3.11996
38.25 -3.16754 3.16754
38.251 -3.21515 3.21515
38.252 -3.26277 3.26277
38.253 -3.31035 3.31035
38.254 -3.35787 3.35787
38.255 -3.4053 3.4053
38.256 -3.45261 3.45261
38.257 -3.49977 3.49977
38.258 -3.54674 3.54674
38.259 -3.59351 3.59351
38.26 -3.64002 3.64002
38.261 -3.68627 3.68627
38.262 -3.73221 3.73221
38.263 -3.77782 3.77782
38.264 -3.82307 3.82307
38.265 -3.86793 3.86793
38.266 -3.91237 3.91237
38.267 -3.95636 3.95636
38.268 -3.99987 3.99987
38.269 -4.04288 4.04288
38.27 -4.08536 4.08536
38.271 -4.12728 4.12728
38.272 -4.16861 4.16861
38.273 -4.20936 4.20936
38.274 -4.24948 4.24948
38.275 -4.28898 4.28898
38.276 -4.32783 4.32783
38.277 -4.36601 4.36601
38.278 -4.40351 4.40351
38.279 -4.44031 4.44031
38.28 -4.4764 4.4764
38.281 -4.51175 4.51175
38.282 -4.54636 4.54636
38.283 -4.58019 4.58019
38.284 -4.61322 4.61322
38.285 -4.64543 4.64543
38.286 -4.6768 4.6768
38.287 -4.70731 4.70731
38.288 -4.73693 4.73693
38.289 -4.76565 4.76565
38.29 -4.79345 4.79345
38.291 -4.82031 4.82031
38.292 -4.84622 4.84622
38.293 -4.87119 4.87119
38.294 -4.89522 4.89522
38.295 -4.9183 4.9183
38.296 -4.94043 4.94043
38.297 -4.96163 4.96163
38.298 -4.98188 4.98188
38.299 -5.00119 5.00119
38.3 -5.01957 5.01957
38.301 -5.037 5.037
38.302 -5.0535 5.0535
38.303 -5.06905 5.06905
38.304 -5.08366 5.08366
38.305 -5.0973 5.0973
38.306 -5.10999 5.10999
38.307 -5.12172 5.12172
38.308 -5.13249 5.13249
38.309 -5.14229 5.14229
38.31 -5.15112 5.15112
38.311 -5.15898 5.15898
38.312 -5.16586 5.16586
38.313 -5.17175 5.17175
38.314 -5.17664 5.17664
38.315 -5.18053 5.18053
38.316 -5.18341 5.18341
38.317 -5.18526 5.18526
38.318 -5.18608 5.18608
38.319 -5.18587 5.18587
38.32 -5.18462 5.18462
38.321 -5.18233 5.18233
38.322 -5.17897 5.179
38.323 -5.17457 5.17459
38.324 -5.16911 5.16912
38.325 -5.16259 5.16258
38.326 -5.155 5.15498
38.327 -5.14635 5.14631
38.328 -5.13659 5.13659
38.329 -5.12578 5.12578
38.33 -5.11389 5.11389
38.331 -5.10092 5.10092
38.332 -5.08687 5.08687
38.333 -5.07172 5.07172
38.334 -5.05546 5.05546
38.335 -5.03809 5.03809
38.336 -5.01961 5.01961
38.337 -4.99999 4.99999
38.338 -4.97924 4.97924
38.339 -4.95735 4.95735
38.34 -4.93432 4.93432
38.341 -4.91013 4.91013
38.342 -4.8848 4.8848
38.343 -4.85832 4.85832
38.344 -4.83071 4.83071
38.345 -4.80196 4.80196
38.346 -4.77208 4.77208
38.347 -4.74107 4.74107
38.348 -4.70895 4.70895
38.349 -4.67572 4.67572
38.35 -4.64138 4.64138
38.351 -4.60594 4.60594
38.352 -4.56941 4.56941
38.353 -4.53181 4.53181
38.354 -4.49312 4.49312
38.355 -4.45337 4.45337
38.356 -4.41256 4.41256
38.357 -4.37071 4.37071
38.358 -4.32781 4.32781
38.359 -4.28389 4.28389
38.36 -4.23894 4.23894
38.361 -4.19299 4.19299
38.362 -4.14605 4.14605
38.363 -4.09814 4.09814
38.364 -4.04928 4.04928
38.365 -3.99949 3.99949
38.366 -3.94879 3.94879
38.367 -3.89719 3.89719
38.368 -3.84473 3.84473
38.369 -3.79143 3.79143
38.37 -3.73729 3.73729
38.371 -3.68235 3.68235
38.372 -3.62662 3.62662
38.373 -3.57011 3.57011
38.374 -3.51283 3.51283
38.375 -3.45481 3.45481
38.376 -3.39604 3.39604
38.377 -3.33656 3.33656
38.378 -3.27636 3.27636
38.379 -3.21548 3.21548
38.38 -3.15391 3.15391
38.381 -3.09168 3.09168
38.382 -3.02882 3.02882
38.383 -2.96534 2.96534
38.384 -2.90126 2.90126
38.385 -2.83663 2.83663
38.386 -2.77145 2.77145
38.387 -2.70576 2.70576
38.388 -2.63957 2.63957
38.389 -2.57292 2.57292
38.39 -2.50583 2.50583
38.391 -2.43832 2.43832
38.392 -2.37041 2.37041
38.393 -2.3021 2.3021
38.394 -2.2334 2.2334
38.395 -2.16433 2.16433
38.396 -2.09488 2.09488
38.397 -2.02507 2.02507
38.398 -1.95492 1.95492
38.399 -1.88442 1.88442
38.4 -1.81359 1.81359
38.401 -1.74244 1.74244
38.402 -1.67098 1.67098
38.403 -1.59923 1.59923
38.404 -1.52718 1.52718
38.405 -1.45485 1.45485
38.406 -1.38226 1.38226
38.407 -1.30941 1.30941
38.408 -1.23631 1.23631
38.409 -1.16298 1.16298
38.41 -1.08943 1.08943
38.411 -1.01568 1.01568
38.412 -0.94173 0.94173
38.413 -0.867616 0.867616
38.414 -0.793353 0.793353
38.415 -0.718965 0.718965
38.416 -0.644472 0.644472
38.417 -0.569895 0.569895
38.418 -0.495256 0.495256
38.419 -0.420577 0.420577
38.42 -0.345879 0.345879
38.421 -0.271185 0.271185
38.422 -0.196515 0.196515
38.423 -0.121894 0.121894
38.424 -0.0473412 0.0473412
38.425 0.0271195 -0.0271195
38.426 0.101466 -0.101466
38.427 0.175676 -0.175676
38.428 0.249727 -0.249727
38.429 0.323596 -0.323596
38.43 0.397262 -0.397262
38.431 0.470698 -0.470698
38.432 0.543876 -0.543876
38.433 0.616764 -0.616764
38.434 0.689332 -0.689332
38.435 0.761548 -0.761548
38.436 0.833381 -0.833381
38.437 0.904801 -0.904801
38.438 0.975776 -0.975776
38.439 1.04628 -1.04628
38.44 1.11627 -1.11627
38.441 1.18572 -1.18572
38.442 1.2546 -1.2546
38.443 1.32287 -1.32287
38.444 1.39049 -1.39049
38.445 1.45741 -1.45741
38.446 1.52361 -1.52361
38.447 1.58904 -1.58904
38.448 1.65367 -1.65367
38.449 1.71746 -1.71746
38.45 1.78037 -1.78037
38.451 1.84238 -1.84238
38.452 1.90345 -1.90345
38.453 1.96355 -1.96355
38.454 2.02266 -2.02266
38.455 2.08076 -2.08076
38.456 2.13782 -2.13782
38.457 2.19381 -2.19381
38.458 2.24871 -2.24871
38.459 2.3025 -2.3025
38.46 2.35516 -2.35516
38.461 2.40666 -2.40666
38.462 2.45699 -2.45699
38.463 2.50614 -2.50614
38.464 2.55409 -2.55409
38.465 2.60084 -2.60084
38.466 2.64637 -2.64637
38.467 2.69068 -2.69068
38.468 2.73375 -2.73375
38.469 2.77558 -2.77558
38.47 2.81616 -2.81616
38.471 2.85547 -2.85547
38.472 2.89352 -2.89352
38.473 2.9303 -2.9303
38.474 2.9658 -2.9658
38.475 3.00001 -3.00001
38.476 3.03294 -3.03294
38.477 3.06458 -3.06458
38.478 3.09492 -3.09492
38.479 3.12396 -3.12396
38.48 3.15171 -3.15171
38.481 3.17815 -3.17815
38.482 3.2033 -3.2033
38.483 3.22714 -3.22714
38.484 3.24968 -3.24968
38.485 3.27092 -3.27092
38.486 3.29086 -3.29086
38.487 3.30951 -3.30951
38.488 3.32687 -3.32687
38.489 3.34293 -3.34293
38.49 3.35772 -3.35772
38.491 3.37121 -3.37121
38.492 3.38343 -3.38343
38.493 3.39435 -3.39435
38.494 3.40399 -3.40399
38.495 3.41234 -3.41234
38.496 3.41939 -3.41939
38.497 3.42515 -3.42515
38.498 3.42962 -3.42962
38.499 3.4328 -3.4328
38.5 3.43468 -3.43468
38.501 3.43526 -3.43529
38.502 3.43457 -3.43459
38.503 3.4326 -3.4326
38.504 3.42935 -3.42933
38.505 3.42481 -3.42478
38.506 3.41898 -3.41898
38.507 3.4119 -3.4119
38.508 3.40355 -3.40355
38.509 3.39394 -3.39394
38.51 3.38308 -3.38308
38.511 3.37097 -3.37097
38.512 3.35762 -3.35762
38.513 3.34305 -3.34305
38.514 3.32724 -3.32724
38.515 3.31023 -3.31023
38.516 3.29201 -3.29201
38.517 3.27259 -3.27259
38.518 3.25199 -3.25199
38.519 3.23021 -3.23021
38.52 3.20726 -3.20726
38.521 3.18317 -3.18317
38.522 3.15794 -3.15794
38.523 3.13159 -3.13159
38.524 3.10416 -3.10416
38.525 3.07565 -3.07565
38.526 3.04609 -3.04609
38.527 3.01551 -3.01551
38.528 2.98392 -2.98392
38.529 2.95135 -2.95135
38.53 2.91782 -2.91782
38.531 2.88336 -2.88336
38.532 2.84798 -2.84798
38.533 2.81172 -2.81172
38.534 2.77459 -2.77459
38.535 2.73662 -2.73662
38.536 2.69784 -2.69784
38.537 2.65827 -2.65827
38.538 2.61793 -2.61793
38.539 2.57686 -2.57686
38.54 2.53507 -2.53507
38.541 2.4926 -2.4926
38.542 2.44946 -2.44946
38.543 2.4057 -2.4057
38.544 2.36132 -2.36132
38.545 2.31636 -2.31636
38.546 2.27085 -2.27085
38.547 2.22481 -2.22481
38.548 2.17827 -2.17827
38.549 2.13126 -2.13126
38.55 2.08381 -2.08381
38.551 2.03594 -2.03594
38.552 1.98769 -1.98769
38.553 1.9391 -1.9391
38.554 1.8902 -1.8902
38.555 1.84103 -1.84103
38.556 1.79163 -1.79163
38.557 1.74204 -1.74204
38.558 1.69229 -1.69229
38.559 1.64241 -1.64241
38.56 1.59245 -1.59245
38.561 1.54245 -1.54245
38.562 1.49241 -1.49241
38.563 1.44237 -1.44237
38.564 1.39234 -1.39234
38.565 1.34235 -1.34235
38.566 1.29241 -1.29241
38.567 1.24254 -1.24254
38.568 1.19277 -1.19277
38.569 1.14311 -1.14311
38.57 1.09358 -1.09358
38.571 1.0442 -1.0442
38.572 0.994999 -0.994999
38.573 0.945987 -0.945987
38.574 0.897188 -0.897188
38.575 0.848619 -0.848619
38.576 0.800302 -0.800302
38.577 0.752255 -0.752255
38.578 0.704499 -0.704499
38.579 0.657051 -0.657051
38.58 0.609931 -0.609931
38.581 0.563156 -0.563156
38.582 0.516739 -0.516739
38.583 0.470689 -0.470689
38.584 0.425016 -0.425016
38.585 0.379731 -0.379731
38.586 0.334843 -0.334843
38.587 0.290362 -0.290362
38.588 0.246297 -0.246297
38.589 0.202657 -0.202657
38.59 0.159451 -0.159451
38.591 0.116689 -0.116689
38.592 0.0743796 -0.0743796
38.593 0.0325305 -0.0325305
38.594 -0.00884948 0.00884948
38.595 -0.0497519 0.0497519
38.596 -0.0901688 0.0901688
38.597 -0.130092 0.130092
38.598 -0.169514 0.169514
38.599 -0.208427 0.208427
38.6 -0.246824 0.246824
38.601 -0.284695 0.284695
38.602 -0.322027 0.322027
38.603 -0.358805 0.358805
38.604 -0.395013 0.395013
38.605 -0.430637 0.430637
38.606 -0.465662 0.465662
38.607 -0.500073 0.500073
38.608 -0.533856 0.533856
38.609 -0.566998 0.566998
38.61 -0.599485 0.599485
38.611 -0.631303 0.631303
38.612 -0.662439 0.662439
38.613 -0.692881 0.692881
38.614 -0.722617 0.722617
38.615 -0.751633 0.751633
38.616 -0.779918 0.779918
38.617 -0.807462 0.807462
38.618 -0.834251 0.834251
38.619 -0.860277 0.860277
38.62 -0.885528 0.885528
38.621 -0.909994 0.909994
38.622 -0.933666 0.933666
38.623 -0.956533 0.956533
38.624 -0.978587 0.978587
38.625 -0.999819 0.999819
38.626 -1.02022 1.02022
38.627 -1.03978 1.03978
38.628 -1.0585 1.0585
38.629 -1.07636 1.07636
38.63 -1.09337 1.09337
38.631 -1.1095 1.1095
38.632 -1.12475 1.12475
38.633 -1.13911 1.13911
38.634 -1.15256 1.15256
38.635 -1.16508 1.16508
38.636 -1.17666 1.17666
38.637 -1.1873 1.1873
38.638 -1.19697 1.19697
38.639 -1.20567 1.20567
38.64 -1.21338 1.21338
38.641 -1.2201 1.2201
38.642 -1.22582 1.22582
38.643 -1.23053 1.23053
38.644 -1.23425 1.23425
38.645 -1.23694 1.23698
38.646 -1.23866 1.23868
38.647 -1.23937 1.23938
38.648 -1.23908 1.23908
38.649 -1.23779 1.23778
38.65 -1.2355 1.23547
38.651 -1.23219 1.23219
38.652 -1.2279 1.2279
38.653 -1.22261 1.22261
38.654 -1.21634 1.21634
38.655 -1.20907 1.20907
38.656 -1.20083 1.20083
38.657 -1.1916 1.1916
38.658 -1.1814 1.1814
38.659 -1.17023 1.17023
38.66 -1.1581 1.1581
38.661 -1.14501 1.14501
38.662 -1.13096 1.13096
38.663 -1.11597 1.11597
38.664 -1.10004 1.10004
38.665 -1.08318 1.08318
38.666 -1.0654 1.0654
38.667 -1.0467 1.0467
38.668 -1.0271 1.0271
38.669 -1.00659 1.00659
38.67 -0.985202 0.985202
38.671 -0.962928 0.962928
38.672 -0.939775 0.939775
38.673 -0.915745 0.915745
38.674 -0.890839 0.890839
38.675 -0.865061 0.865061
38.676 -0.838412 0.838412
38.677 -0.810896 0.810896
38.678 -0.782516 0.782516
38.679 -0.753275 0.753275
38.68 -0.723177 0.723177
38.681 -0.692229 0.692229
38.682 -0.660443 0.660443
38.683 -0.627831 0.627831
38.684 -0.594407 0.594407
38.685 -0.560186 0.560186
38.686 -0.525183 0.525183
38.687 -0.489413 0.489413
38.688 -0.45289 0.45289
38.689 -0.415631 0.415631
38.69 -0.377651 0.377651
38.691 -0.338967 0.338967
38.692 -0.299595 0.299595
38.693 -0.259552 0.259552
38.694 -0.218855 0.218855
38.695 -0.17752 0.17752
38.696 -0.135567 0.135567
38.697 -0.0930121 0.0930121
38.698 -0.0498738 0.0498738
38.699 -0.00617059 0.00617059
38.7 0.0380789 -0.0380789
38.701 0.0828559 -0.0828559
38.702 0.128141 -0.128141
38.703 0.173915 -0.173915
38.704 0.220158 -0.220158
38.705 0.266851 -0.266851
38.706 0.313973 -0.313973
38.707 0.361504 -0.361504
38.708 0.409424 -0.409424
38.709 0.457712 -0.457712
38.71 0.506347 -0.506347
38.711 0.555307 -0.555307
38.712 0.604564 -0.604564
38.713 0.654087 -0.654087
38.714 0.703847 -0.703847
38.715 0.753813 -0.753813
38.716 0.803955 -0.803955
38.717 0.854242 -0.854242
38.718 0.904644 -0.904644
38.719 0.955131 -0.955131
38.72 1.00567 -1.00567
38.721 1.05624 -1.05624
38.722 1.10681 -1.10681
38.723 1.15735 -1.15735
38.724 1.20786 -1.20786
38.725 1.2583 -1.2583
38.726 1.30865 -1.30865
38.727 1.3589 -1.3589
38.728 1.40901 -1.40901
38.729 1.45898 -1.45898
38.73 1.50877 -1.50877
38.731 1.55836 -1.55836
38.732 1.60774 -1.60774
38.733 1.65687 -1.65687
38.734 1.70575 -1.70575
38.735 1.75435 -1.75435
38.736 1.80264 -1.80264
38.737 1.85061 -1.85061
38.738 1.89823 -1.89823
38.739 1.94549 -1.94549
38.74 1.99237 -1.99237
38.741 2.03883 -2.03883
38.742 2.08488 -2.08488
38.743 2.13047 -2.13047
38.744 2.1756 -2.1756
38.745 2.22024 -2.22024
38.746 2.26438 -2.26438
38.747 2.30799 -2.30799
38.748 2.35106 -2.35106
38.749 2.39357 -2.39357
38.75 2.4355 -2.4355
38.751 2.47684 -2.47684
38.752 2.51757 -2.51757
38.753 2.55768 -2.55768
38.754 2.59717 -2.59717
38.755 2.63603 -2.63603
38.756 2.67425 -2.67425
38.757 2.71182 -2.71182
38.758 2.74874 -2.74874
38.759 2.78499 -2.78499
38.76 2.82058 -2.82058
38.761 2.8555 -2.8555
38.762 2.88974 -2.88974
38.763 2.92329 -2.92329
38.764 2.95615 -2.95615
38.765 2.98832 -2.98832
38.766 3.01979 -3.01979
38.767 3.05055 -3.05055
38.768 3.08061 -3.08061
38.769 3.10996 -3.10996
38.77 3.13859 -3.13859
38.771 3.1665 -3.1665
38.772 3.19367 -3.19367
38.773 3.22008 -3.22008
38.774 3.24572 -3.24572
38.775 3.27057 -3.27057
38.776 3.2946 -3.2946
38.777 3.3178 -3.3178
38.778 3.34016 -3.34016
38.779 3.36164 -3.36164
38.78 3.38225 -3.38225
38.781 3.40196 -3.40196
38.782 3.42076 -3.42076
38.783 3.43865 -3.43865
38.784 3.45562 -3.45562
38.785 3.47167 -3.47167
38.786 3.48679 -3.48679
38.787 3.50097 -3.50097
38.788 3.51422 -3.51422
38.789 3.52652 -3.52652
38.79 3.53787 -3.53787
38.791 3.54828 -3.54828
38.792 3.55774 -3.55774
38.793 3.56627 -3.56627
38.794 3.57386 -3.57386
38.795 3.58053 -3.58053
38.796 3.58628 -3.58628
38.797 3.59113 -3.59113
38.798 3.59507 -3.59507
38.799 3.59812 -3.59812
38.8 3.60029 -3.60029
38.801 3.60158 -3.60158
38.802 3.60199 -3.60202
38.803 3.60154 -3.60156
38.804 3.60023 -3.60024
38.805 3.59804 -3.59804
38.806 3.595 -3.59498
38.807 3.59108 -3.59106
38.808 3.58631 -3.58628
38.809 3.58066 -3.58066
38.81 3.57418 -3.57418
38.811 3.56685 -3.56685
38.812 3.5587 -3.5587
38.813 3.54974 -3.54974
38.814 3.54 -3.54
38.815 3.5295 -3.5295
38.816 3.51826 -3.51826
38.817 3.50631 -3.50631
38.818 3.49367 -3.49367
38.819 3.48037 -3.48037
38.82 3.46642 -3.46642
38.821 3.45185 -3.45185
38.822 3.43668 -3.43668
38.823 3.42093 -3.42093
38.824 3.4046 -3.4046
38.825 3.38772 -3.38772
38.826 3.3703 -3.3703
38.827 3.35235 -3.35235
38.828 3.3339 -3.3339
38.829 3.31496 -3.31496
38.83 3.29555 -3.29555
38.831 3.27569 -3.27569
38.832 3.25539 -3.25539
38.833 3.23467 -3.23467
38.834 3.21354 -3.21354
38.835 3.19203 -3.19203
38.836 3.17016 -3.17016
38.837 3.14793 -3.14793
38.838 3.12538 -3.12538
38.839 3.10251 -3.10251
38.84 3.07934 -3.07934
38.841 3.0559 -3.0559
38.842 3.03219 -3.03219
38.843 3.00822 -3.00822
38.844 2.984 -2.984
38.845 2.95955 -2.95955
38.846 2.93486 -2.93486
38.847 2.90996 -2.90996
38.848 2.88485 -2.88485
38.849 2.85955 -2.85955
38.85 2.83405 -2.83405
38.851 2.80838 -2.80838
38.852 2.78253 -2.78253
38.853 2.75651 -2.75651
38.854 2.73032 -2.73032
38.855 2.70395 -2.70395
38.856 2.67742 -2.67742
38.857 2.65072 -2.65072
38.858 2.62386 -2.62386
38.859 2.59683 -2.59683
38.86 2.56965 -2.56965
38.861 2.5423 -2.5423
38.862 2.51482 -2.51482
38.863 2.48719 -2.48719
38.864 2.45945 -2.45945
38.865 2.43159 -2.43159
38.866 2.40362 -2.40362
38.867 2.37557 -2.37557
38.868 2.34744 -2.34744
38.869 2.31923 -2.31923
38.87 2.29097 -2.29097
38.871 2.26267 -2.26267
38.872 2.23433 -2.23433
38.873 2.20597 -2.20597
38.874 2.17759 -2.17759
38.875 2.14922 -2.14922
38.876 2.12086 -2.12086
38.877 2.09251 -2.09251
38.878 2.0642 -2.0642
38.879 2.03594 -2.03594
38.88 2.00773 -2.00773
38.881 1.97959 -1.97959
38.882 1.95154 -1.95154
38.883 1.9236 -1.9236
38.884 1.89578 -1.89578
38.885 1.86811 -1.86811
38.886 1.8406 -1.8406
38.887 1.81328 -1.81328
38.888 1.78617 -1.78617
38.889 1.75928 -1.75928
38.89 1.73263 -1.73263
38.891 1.70625 -1.70625
38.892 1.68014 -1.68014
38.893 1.65431 -1.65431
38.894 1.62878 -1.62878
38.895 1.60355 -1.60355
38.896 1.57863 -1.57863
38.897 1.55404 -1.55404
38.898 1.52978 -1.52978
38.899 1.50587 -1.50587
38.9 1.4823 -1.4823
38.901 1.4591 -1.4591
38.902 1.43627 -1.43627
38.903 1.41382 -1.41382
38.904 1.39176 -1.39176
38.905 1.37009 -1.37009
38.906 1.34883 -1.34883
38.907 1.32799 -1.32799
38.908 1.30756 -1.30756
38.909 1.28757 -1.28757
38.91 1.26802 -1.26802
38.911 1.24891 -1.24891
38.912 1.23025 -1.23025
38.913 1.21206 -1.21206
38.914 1.19433 -1.19433
38.915 1.17707 -1.17707
38.916 1.1603 -1.1603
38.917 1.14401 -1.14401
38.918 1.12822 -1.12822
38.919 1.11293 -1.11293
38.92 1.09814 -1.09814
38.921 1.08387 -1.08387
38.922 1.0701 -1.0701
38.923 1.05684 -1.05684
38.924 1.04408 -1.04408
38.925 1.03181 -1.03181
38.926 1.02004 -1.02004
38.927 1.00876 -1.00876
38.928 0.99796 -0.99796
38.929 0.987643 -0.987643
38.93 0.977802 -0.977802
38.931 0.968428 -0.968428
38.932 0.959512 -0.959512
38.933 0.951037 -0.951037
38.934 0.942991 -0.942991
38.935 0.935358 -0.935358
38.936 0.928125 -0.928125
38.937 0.921276 -0.921276
38.938 0.914797 -0.914797
38.939 0.908672 -0.908672
38.94 0.902887 -0.902887
38.941 0.897426 -0.897426
38.942 0.892274 -0.892274
38.943 0.887415 -0.887415
38.944 0.882834 -0.882834
38.945 0.878515 -0.878515
38.946 0.874442 -0.874442
38.947 0.8706 -0.8706
38.948 0.866971 -0.866971
38.949 0.863541 -0.863541
38.95 0.860293 -0.860293
38.951 0.857213 -0.857213
38.952 0.854308 -0.854274
38.953 0.851537 -0.851504
38.954 0.848908 -0.848877
38.955 0.846414 -0.846385
38.956 0.844049 -0.844021
38.957 0.841803 -0.841776
38.958 0.839669 -0.839644
38.959 0.837639 -0.837615
38.96 0.835705 -0.835682
38.961 0.833859 -0.833837
38.962 0.832093 -0.832072
38.963 0.830399 -0.830379
38.964 0.828769 -0.828749
38.965 0.827195 -0.827176
38.966 0.825668 -0.82565
38.967 0.824182 -0.824164
38.968 0.822727 -0.82271
38.969 0.821296 -0.821279
38.97 0.81988 -0.819863
38.971 0.818471 -0.818454
38.972 0.817061 -0.817044
38.973 0.815641 -0.815625
38.974 0.814205 -0.814188
38.975 0.812743 -0.812726
38.976 0.811248 -0.811231
38.977 0.809712 -0.809694
38.978 0.808126 -0.808107
38.979 0.806483 -0.806463
38.98 0.804774 -0.804754
38.981 0.802992 -0.802971
38.982 0.801128 -0.801106
38.983 0.799175 -0.799152
38.984 0.797125 -0.797101
38.985 0.79497 -0.794945
38.986 0.792703 -0.792676
38.987 0.790315 -0.790287
38.988 0.787799 -0.78777
38.989 0.785148 -0.785117
38.99 0.782354 -0.782321
38.991 0.779408 -0.779373
38.992 0.776276 -0.776276
38.993 0.772979 -0.772979
38.994 0.769484 -0.769484
38.995 0.765775 -0.765775
38.996 0.761836 -0.761836
38.997 0.757651 -0.757651
38.998 0.753204 -0.753204
38.999 0.748482 -0.748482
39 0.743467 -0.743467
39.001 0.738148 -0.738148
39.002 0.732516 -0.732516
39.003 0.726565 -0.726565
39.004 0.720288 -0.720288
39.005 0.713681 -0.713681
39.006 0.706736 -0.706736
39.007 0.699449 -0.699449
39.008 0.691815 -0.691815
39.009 0.683826 -0.683826
39.01 0.67548 -0.67548
39.011 0.666768 -0.666768
39.012 0.657679 -0.657679
39.013 0.648201 -0.648201
39.014 0.638318 -0.638318
39.015 0.62802 -0.62802
39.016 0.617292 -0.617292
39.017 0.606123 -0.606123
39.018 0.594499 -0.594499
39.019 0.582408 -0.582408
39.02 0.569839 -0.569839
39.021 0.556784 -0.556784
39.022 0.543243 -0.543243
39.023 0.529224 -0.529224
39.024 0.514732 -0.514732
39.025 0.499774 -0.499774
39.026 0.484356 -0.484356
39.027 0.468485 -0.468485
39.028 0.452168 -0.452168
39.029 0.435412 -0.435412
39.03 0.418223 -0.418223
39.031 0.400609 -0.400609
39.032 0.382568 -0.382568
39.033 0.364101 -0.364101
39.034 0.345207 -0.345207
39.035 0.325885 -0.325885
39.036 0.306135 -0.306135
39.037 0.285956 -0.285956
39.038 0.265349 -0.265349
39.039 0.244314 -0.244314
39.04 0.222851 -0.222851
39.041 0.200963 -0.200963
39.042 0.178656 -0.178656
39.043 0.155941 -0.155941
39.044 0.132827 -0.132827
39.045 0.109325 -0.109325
39.046 0.0854429 -0.0854429
39.047 0.0611924 -0.0611924
39.048 0.0365836 -0.0365836
39.049 0.0116269 -0.0116269
39.05 -0.013667 0.013667
39.051 -0.0392894 0.0392894
39.052 -0.0652359 0.0652359
39.053 -0.0915042 0.0915042
39.054 -0.118092 0.118092
39.055 -0.144996 0.144996
39.056 -0.172215 0.172215
39.057 -0.199744 0.199744
39.058 -0.227582 0.227582
39.059 -0.255724 0.255724
39.06 -0.284168 0.284168
39.061 -0.31291 0.31291
39.062 -0.341946 0.341946
39.063 -0.371273 0.371273
39.064 -0.400887 0.400887
39.065 -0.430784 0.430784
39.066 -0.46096 0.46096
39.067 -0.49141 0.49141
39.068 -0.522131 0.522131
39.069 -0.553117 0.553117
39.07 -0.584365 0.584365
39.071 -0.615872 0.615872
39.072 -0.647639 0.647639
39.073 -0.67967 0.67967
39.074 -0.711969 0.711969
39.075 -0.74454 0.74454
39.076 -0.777385 0.777385
39.077 -0.810508 0.810508
39.078 -0.843912 0.843912
39.079 -0.8776 0.8776
39.08 -0.911575 0.911575
39.081 -0.945835 0.945835
39.082 -0.98037 0.98037
39.083 -1.01516 1.01516
39.084 -1.0502 1.0502
39.085 -1.08547 1.08547
39.086 -1.12096 1.12096
39.087 -1.15664 1.15664
39.088 -1.1925 1.1925
39.089 -1.22853 1.22853
39.09 -1.26472 1.26472
39.091 -1.30104 1.30104
39.092 -1.33749 1.33749
39.093 -1.37407 1.37407
39.094 -1.41076 1.41076
39.095 -1.44755 1.44755
39.096 -1.48445 1.48445
39.097 -1.52144 1.52144
39.098 -1.55852 1.55852
39.099 -1.59567 1.59567
39.1 -1.63289 1.63289
39.101 -1.67018 1.67018
39.102 -1.7075 1.7075
39.103 -1.74483 1.74483
39.104 -1.78215 1.78215
39.105 -1.81943 1.81943
39.106 -1.85666 1.85666
39.107 -1.89379 1.89379
39.108 -1.93081 1.93081
39.109 -1.9677 1.9677
39.11 -2.00443 2.00443
39.111 -2.04097 2.04097
39.112 -2.07731 2.07731
39.113 -2.11343 2.11343
39.114 -2.14932 2.14932
39.115 -2.18495 2.18495
39.116 -2.22033 2.22033
39.117 -2.25543 2.25543
39.118 -2.29023 2.29023
39.119 -2.32472 2.32472
39.12 -2.35889 2.35889
39.121 -2.39271 2.39271
39.122 -2.42618 2.42618
39.123 -2.45926 2.45926
39.124 -2.49193 2.49193
39.125 -2.52417 2.52417
39.126 -2.55595 2.55595
39.127 -2.58726 2.58726
39.128 -2.61808 2.61808
39.129 -2.64837 2.64837
39.13 -2.67813 2.67813
39.131 -2.70733 2.70733
39.132 -2.73595 2.73595
39.133 -2.76399 2.76399
39.134 -2.79143 2.79143
39.135 -2.81826 2.81826
39.136 -2.84448 2.84448
39.137 -2.87006 2.87006
39.138 -2.89501 2.89501
39.139 -2.91931 2.91931
39.14 -2.94294 2.94294
39.141 -2.96591 2.96591
39.142 -2.9882 2.9882
39.143 -3.0098 3.0098
39.144 -3.03071 3.03071
39.145 -3.05091 3.05091
39.146 -3.0704 3.0704
39.147 -3.08917 3.08917
39.148 -3.10722 3.10722
39.149 -3.12454 3.12454
39.15 -3.14111 3.14111
39.151 -3.15694 3.15694
39.152 -3.17202 3.17202
39.153 -3.18635 3.18635
39.154 -3.19991 3.19991
39.155 -3.21271 3.21271
39.156 -3.22474 3.22474
39.157 -3.23599 3.23599
39.158 -3.24646 3.24646
39.159 -3.25616 3.25616
39.16 -3.26507 3.26507
39.161 -3.27318 3.27318
39.162 -3.2805 3.2805
39.163 -3.28698 3.28698
39.164 -3.29262 3.29262
39.165 -3.2974 3.2974
39.166 -3.3013 3.3013
39.167 -3.3043 3.3043
39.168 -3.30638 3.30638
39.169 -3.30751 3.30755
39.17 -3.30772 3.30774
39.171 -3.30696 3.30697
39.172 -3.30523 3.30523
39.173 -3.30253 3.30251
39.174 -3.29883 3.29881
39.175 -3.29413 3.29413
39.176 -3.28845 3.28845
39.177 -3.28177 3.28177
39.178 -3.27408 3.27408
39.179 -3.26538 3.26538
39.18 -3.25568 3.25568
39.181 -3.24495 3.24495
39.182 -3.23322 3.23322
39.183 -3.22046 3.22046
39.184 -3.20668 3.20668
39.185 -3.19187 3.19187
39.186 -3.17604 3.17604
39.187 -3.15919 3.15919
39.188 -3.14131 3.14131
39.189 -3.12241 3.12241
39.19 -3.10249 3.10249
39.191 -3.08153 3.08153
39.192 -3.05955 3.05955
39.193 -3.03653 3.03653
39.194 -3.01247 3.01247
39.195 -2.98735 2.98735
39.196 -2.96118 2.96118
39.197 -2.93395 2.93395
39.198 -2.90565 2.90565
39.199 -2.87628 2.87628
39.2 -2.84583 2.84583
39.201 -2.81431 2.81431
39.202 -2.78172 2.78172
39.203 -2.74805 2.74805
39.204 -2.71333 2.71333
39.205 -2.67755 2.67755
39.206 -2.64072 2.64072
39.207 -2.60285 2.60285
39.208 -2.56395 2.56395
39.209 -2.52402 2.52402
39.21 -2.48307 2.48307
39.211 -2.44112 2.44112
39.212 -2.39817 2.39817
39.213 -2.35422 2.35422
39.214 -2.3093 2.3093
39.215 -2.26341 2.26341
39.216 -2.21655 2.21655
39.217 -2.16875 2.16875
39.218 -2.12001 2.12001
39.219 -2.07035 2.07035
39.22 -2.01977 2.01977
39.221 -1.96829 1.96829
39.222 -1.91593 1.91593
39.223 -1.86271 1.86271
39.224 -1.80865 1.80865
39.225 -1.75378 1.75378
39.226 -1.69811 1.69811
39.227 -1.64168 1.64168
39.228 -1.58449 1.58449
39.229 -1.52658 1.52658
39.23 -1.46797 1.46797
39.231 -1.40869 1.40869
39.232 -1.34875 1.34875
39.233 -1.28818 1.28818
39.234 -1.22701 1.22701
39.235 -1.16525 1.16525
39.236 -1.10295 1.10295
39.237 -1.04011 1.04011
39.238 -0.976773 0.976773
39.239 -0.912957 0.912957
39.24 -0.848688 0.848688
39.241 -0.783995 0.783995
39.242 -0.718902 0.718902
39.243 -0.653437 0.653437
39.244 -0.587626 0.587626
39.245 -0.521496 0.521496
39.246 -0.455075 0.455075
39.247 -0.38839 0.38839
39.248 -0.321467 0.321467
39.249 -0.254336 0.254336
39.25 -0.187023 0.187023
39.251 -0.119556 0.119556
39.252 -0.0519649 0.0519649
39.253 0.0157237 -0.0157237
39.254 0.083481 -0.083481
39.255 0.151278 -0.151278
39.256 0.219087 -0.219087
39.257 0.286879 -0.286879
39.258 0.354625 -0.354625
39.259 0.422296 -0.422296
39.26 0.489864 -0.489864
39.261 0.557302 -0.557302
39.262 0.624587 -0.624587
39.263 0.691699 -0.691699
39.264 0.758618 -0.758618
39.265 0.825324 -0.825324
39.266 0.891797 -0.891797
39.267 0.958017 -0.958017
39.268 1.02396 -1.02396
39.269 1.08962 -1.08962
39.27 1.15496 -1.15496
39.271 1.21997 -1.21997
39.272 1.28462 -1.28462
39.273 1.34891 -1.34891
39.274 1.4128 -1.4128
39.275 1.47628 -1.47628
39.276 1.53934 -1.53934
39.277 1.60194 -1.60194
39.278 1.66408 -1.66408
39.279 1.72574 -1.72574
39.28 1.78688 -1.78688
39.281 1.84751 -1.84751
39.282 1.90759 -1.90759
39.283 1.96709 -1.96709
39.284 2.02599 -2.02599
39.285 2.08426 -2.08426
39.286 2.14189 -2.14189
39.287 2.19883 -2.19883
39.288 2.25507 -2.25507
39.289 2.31059 -2.31059
39.29 2.36536 -2.36536
39.291 2.41935 -2.41935
39.292 2.47255 -2.47255
39.293 2.52495 -2.52495
39.294 2.57653 -2.57653
39.295 2.62729 -2.62729
39.296 2.67719 -2.67719
39.297 2.72625 -2.72625
39.298 2.77443 -2.77443
39.299 2.82173 -2.82173
39.3 2.86814 -2.86814
39.301 2.91364 -2.91364
39.302 2.95824 -2.95824
39.303 3.00191 -3.00191
39.304 3.04464 -3.04464
39.305 3.08643 -3.08643
39.306 3.12728 -3.12728
39.307 3.16716 -3.16716
39.308 3.20608 -3.20608
39.309 3.24402 -3.24402
39.31 3.28098 -3.28098
39.311 3.31696 -3.31696
39.312 3.35194 -3.35194
39.313 3.38593 -3.38593
39.314 3.41891 -3.41891
39.315 3.45089 -3.45089
39.316 3.48186 -3.48186
39.317 3.51181 -3.51181
39.318 3.54074 -3.54074
39.319 3.56866 -3.56866
39.32 3.59556 -3.59556
39.321 3.62143 -3.62143
39.322 3.64628 -3.64628
39.323 3.67011 -3.67011
39.324 3.69292 -3.69292
39.325 3.7147 -3.7147
39.326 3.73546 -3.73546
39.327 3.7552 -3.7552
39.328 3.77392 -3.77392
39.329 3.79163 -3.79163
39.33 3.80833 -3.80833
39.331 3.82401 -3.82401
39.332 3.83869 -3.83869
39.333 3.85237 -3.85237
39.334 3.86506 -3.86506
39.335 3.87675 -3.87675
39.336 3.88746 -3.88746
39.337 3.89719 -3.89719
39.338 3.90594 -3.90594
39.339 3.91373 -3.91373
39.34 3.92056 -3.92056
39.341 3.92643 -3.92643
39.342 3.93136 -3.93136
39.343 3.93533 -3.93533
39.344 3.93835 -3.93835
39.345 3.94041 -3.94041
39.346 3.94153 -3.94153
39.347 3.94168 -3.94172
39.348 3.94091 -3.94093
39.349 3.93919 -3.9392
39.35 3.93652 -3.93652
39.351 3.93292 -3.9329
39.352 3.92836 -3.92834
39.353 3.92286 -3.92283
39.354 3.91638 -3.91638
39.355 3.90896 -3.90896
39.356 3.90057 -3.90057
39.357 3.89122 -3.89122
39.358 3.8809 -3.8809
39.359 3.8696 -3.8696
39.36 3.85733 -3.85733
39.361 3.84409 -3.84409
39.362 3.82988 -3.82988
39.363 3.8147 -3.8147
39.364 3.79858 -3.79858
39.365 3.7815 -3.7815
39.366 3.76349 -3.76349
39.367 3.74456 -3.74456
39.368 3.7247 -3.7247
39.369 3.70393 -3.70393
39.37 3.68227 -3.68227
39.371 3.65972 -3.65972
39.372 3.63628 -3.63628
39.373 3.61199 -3.61199
39.374 3.58683 -3.58683
39.375 3.56083 -3.56083
39.376 3.534 -3.534
39.377 3.50635 -3.50635
39.378 3.47789 -3.47789
39.379 3.44863 -3.44863
39.38 3.41859 -3.41859
39.381 3.38778 -3.38778
39.382 3.35622 -3.35622
39.383 3.32394 -3.32394
39.384 3.29096 -3.29096
39.385 3.25729 -3.25729
39.386 3.22297 -3.22297
39.387 3.18801 -3.18801
39.388 3.15244 -3.15244
39.389 3.11628 -3.11628
39.39 3.07956 -3.07956
39.391 3.0423 -3.0423
39.392 3.00452 -3.00452
39.393 2.96625 -2.96625
39.394 2.92751 -2.92751
39.395 2.88833 -2.88833
39.396 2.84873 -2.84873
39.397 2.80873 -2.80873
39.398 2.76836 -2.76836
39.399 2.72765 -2.72765
39.4 2.68662 -2.68662
39.401 2.6453 -2.6453
39.402 2.60369 -2.60369
39.403 2.56182 -2.56182
39.404 2.51971 -2.51971
39.405 2.47737 -2.47737
39.406 2.43482 -2.43482
39.407 2.39207 -2.39207
39.408 2.34914 -2.34914
39.409 2.30606 -2.30606
39.41 2.26282 -2.26282
39.411 2.21947 -2.21947
39.412 2.176 -2.176
39.413 2.13244 -2.13244
39.414 2.0888 -2.0888
39.415 2.04511 -2.04511
39.416 2.00137 -2.00137
39.417 1.95761 -1.95761
39.418 1.91385 -1.91385
39.419 1.87009 -1.87009
39.42 1.82636 -1.82636
39.421 1.78268 -1.78268
39.422 1.73905 -1.73905
39.423 1.69548 -1.69548
39.424 1.65198 -1.65198
39.425 1.60857 -1.60857
39.426 1.56524 -1.56524
39.427 1.52201 -1.52201
39.428 1.47888 -1.47888
39.429 1.43586 -1.43586
39.43 1.39297 -1.39297
39.431 1.35021 -1.35021
39.432 1.30758 -1.30758
39.433 1.26511 -1.26511
39.434 1.22278 -1.22278
39.435 1.18063 -1.18063
39.436 1.13864 -1.13864
39.437 1.09683 -1.09683
39.438 1.05521 -1.05521
39.439 1.01379 -1.01379
39.44 0.972569 -0.972569
39.441 0.931562 -0.931562
39.442 0.890784 -0.890784
39.443 0.85025 -0.85025
39.444 0.809977 -0.809977
39.445 0.769981 -0.769981
39.446 0.730279 -0.730279
39.447 0.690885 -0.690885
39.448 0.651817 -0.651817
39.449 0.61309 -0.61309
39.45 0.57472 -0.57472
39.451 0.536724 -0.536724
39.452 0.499124 -0.499124
39.453 0.461944 -0.461944
39.454 0.425209 -0.425209
39.455 0.38894 -0.38894
39.456 0.353163 -0.353163
39.457 0.3179 -0.3179
39.458 0.283175 -0.283175
39.459 0.249009 -0.249009
39.46 0.215425 -0.215425
39.461 0.182446 -0.182446
39.462 0.150094 -0.150094
39.463 0.11839 -0.11839
39.464 0.0873566 -0.0873566
39.465 0.057014 -0.057014
39.466 0.0273835 -0.0273835
39.467 -0.00151417 0.00151417
39.468 -0.0296587 0.0296587
39.469 -0.0570301 0.0570301
39.47 -0.0836087 0.0836087
39.471 -0.109377 0.109377
39.472 -0.134323 0.134323
39.473 -0.158437 0.158437
39.474 -0.181709 0.181709
39.475 -0.20413 0.20413
39.476 -0.225691 0.225691
39.477 -0.246383 0.246383
39.478 -0.266198 0.266198
39.479 -0.285129 0.285129
39.48 -0.303168 0.303168
39.481 -0.320308 0.320308
39.482 -0.336543 0.336543
39.483 -0.351865 0.351865
39.484 -0.36627 0.36627
39.485 -0.379752 0.379752
39.486 -0.392306 0.392306
39.487 -0.403928 0.403928
39.488 -0.414612 0.414612
39.489 -0.424355 0.424355
39.49 -0.433154 0.433154
39.491 -0.441009 0.441009
39.492 -0.447932 0.447932
39.493 -0.453937 0.453937
39.494 -0.45904 0.45904
39.495 -0.463256 0.463256
39.496 -0.466602 0.466602
39.497 -0.46908 0.46911
39.498 -0.470741 0.470761
39.499 -0.471583 0.471593
39.5 -0.471623 0.471624
39.501 -0.470877 0.470868
39.502 -0.469357 0.469338
39.503 -0.467072 0.467044
39.504 -0.464014 0.464014
39.505 -0.460226 0.460226
39.506 -0.455706 0.455706
39.507 -0.450463 0.450463
39.508 -0.444509 0.444509
39.509 -0.437857 0.437857
39.51 -0.430518 0.430518
39.511 -0.422504 0.422504
39.512 -0.413827 0.413827
39.513 -0.404501 0.404501
39.514 -0.394539 0.394539
39.515 -0.383953 0.383953
39.516 -0.372758 0.372758
39.517 -0.360967 0.360967
39.518 -0.348593 0.348593
39.519 -0.335652 0.335652
39.52 -0.322158 0.322158
39.521 -0.308122 0.308122
39.522 -0.293555 0.293555
39.523 -0.278461 0.278461
39.524 -0.262849 0.262849
39.525 -0.246724 0.246724
39.526 -0.230093 0.230093
39.527 -0.212964 0.212964
39.528 -0.195345 0.195345
39.529 -0.177242 0.177242
39.53 -0.158664 0.158664
39.531 -0.139619 0.139619
39.532 -0.120116 0.120116
39.533 -0.100161 0.100161
39.534 -0.0797652 0.0797652
39.535 -0.058936 0.058936
39.536 -0.0376829 0.0376829
39.537 -0.0160148 0.0160148
39.538 0.00605875 -0.00605875
39.539 0.0285284 -0.0285284
39.54 0.0513845 -0.0513845
39.541 0.0746194 -0.0746194
39.542 0.0982297 -0.0982297
39.543 0.122214 -0.122214
39.544 0.14657 -0.14657
39.545 0.171298 -0.171298
39.546 0.196393 -0.196393
39.547 0.221855 -0.221855
39.548 0.247682 -0.247682
39.549 0.27387 -0.27387
39.55 0.300418 -0.300418
39.551 0.32732 -0.32732
39.552 0.354568 -0.354568
39.553 0.382148 -0.382148
39.554 0.410051 -0.410051
39.555 0.438262 -0.438262
39.556 0.466772 -0.466772
39.557 0.495566 -0.495566
39.558 0.524633 -0.524633
39.559 0.553961 -0.553961
39.56 0.583536 -0.583536
39.561 0.613344 -0.613344
39.562 0.643365 -0.643365
39.563 0.673578 -0.673578
39.564 0.703962 -0.703962
39.565 0.734494 -0.734494
39.566 0.765152 -0.765152
39.567 0.795915 -0.795915
39.568 0.826762 -0.826762
39.569 0.857669 -0.857669
39.57 0.888615 -0.888615
39.571 0.919579 -0.919579
39.572 0.950537 -0.950537
39.573 0.981469 -0.981469
39.574 1.01235 -1.01235
39.575 1.04317 -1.04317
39.576 1.07389 -1.07389
39.577 1.10449 -1.10449
39.578 1.13496 -1.13496
39.579 1.16527 -1.16527
39.58 1.19541 -1.19541
39.581 1.22534 -1.22534
39.582 1.25506 -1.25506
39.583 1.28456 -1.28456
39.584 1.31382 -1.31382
39.585 1.34282 -1.34282
39.586 1.37157 -1.37157
39.587 1.40003 -1.40003
39.588 1.42822 -1.42822
39.589 1.4561 -1.4561
39.59 1.48367 -1.48367
39.591 1.51092 -1.51092
39.592 1.53783 -1.53783
39.593 1.5644 -1.5644
39.594 1.59062 -1.59062
39.595 1.61646 -1.61646
39.596 1.64193 -1.64193
39.597 1.66701 -1.66701
39.598 1.69169 -1.69169
39.599 1.71596 -1.71596
39.6 1.73982 -1.73982
39.601 1.76324 -1.76324
39.602 1.78624 -1.78624
39.603 1.8088 -1.8088
39.604 1.83093 -1.83093
39.605 1.85264 -1.85264
39.606 1.8739 -1.8739
39.607 1.89474 -1.89474
39.608 1.91515 -1.91515
39.609 1.93512 -1.93512
39.61 1.95466 -1.95466
39.611 1.97377 -1.97377
39.612 1.99244 -1.99244
39.613 2.01067 -2.01067
39.614 2.02844 -2.02844
39.615 2.04575 -2.04575
39.616 2.0626 -2.0626
39.617 2.07897 -2.07897
39.618 2.09486 -2.09486
39.619 2.11027 -2.11027
39.62 2.12518 -2.12518
39.621 2.13959 -2.13959
39.622 2.15349 -2.15349
39.623 2.16686 -2.16686
39.624 2.17969 -2.17969
39.625 2.19197 -2.19197
39.626 2.20368 -2.20368
39.627 2.2148 -2.2148
39.628 2.22534 -2.22534
39.629 2.23526 -2.23526
39.63 2.24457 -2.24457
39.631 2.25325 -2.25325
39.632 2.26128 -2.26128
39.633 2.26863 -2.26863
39.634 2.27529 -2.27529
39.635 2.28125 -2.28125
39.636 2.28647 -2.28647
39.637 2.29095 -2.29095
39.638 2.29466 -2.29466
39.639 2.29759 -2.29759
39.64 2.29969 -2.29973
39.641 2.301 -2.30103
39.642 2.30149 -2.3015
39.643 2.30114 -2.30114
39.644 2.29994 -2.29993
39.645 2.29789 -2.29788
39.646 2.29499 -2.29496
39.647 2.29121 -2.29121
39.648 2.28656 -2.28656
39.649 2.28105 -2.28105
39.65 2.27465 -2.27465
39.651 2.26736 -2.26736
39.652 2.25918 -2.25918
39.653 2.25011 -2.25011
39.654 2.24014 -2.24014
39.655 2.22927 -2.22927
39.656 2.21749 -2.21749
39.657 2.20481 -2.20481
39.658 2.19121 -2.19121
39.659 2.1767 -2.1767
39.66 2.16128 -2.16128
39.661 2.14494 -2.14494
39.662 2.12769 -2.12769
39.663 2.10955 -2.10955
39.664 2.09051 -2.09051
39.665 2.07059 -2.07059
39.666 2.04979 -2.04979
39.667 2.02813 -2.02813
39.668 2.00562 -2.00562
39.669 1.98226 -1.98226
39.67 1.95807 -1.95807
39.671 1.93305 -1.93305
39.672 1.90722 -1.90722
39.673 1.8806 -1.8806
39.674 1.85318 -1.85318
39.675 1.82498 -1.82498
39.676 1.79602 -1.79602
39.677 1.76631 -1.76631
39.678 1.73585 -1.73585
39.679 1.70467 -1.70467
39.68 1.67278 -1.67278
39.681 1.64018 -1.64018
39.682 1.6069 -1.6069
39.683 1.57295 -1.57295
39.684 1.53834 -1.53834
39.685 1.50308 -1.50308
39.686 1.4672 -1.4672
39.687 1.4307 -1.4307
39.688 1.39361 -1.39361
39.689 1.35593 -1.35593
39.69 1.31769 -1.31769
39.691 1.27889 -1.27889
39.692 1.23955 -1.23955
39.693 1.19968 -1.19968
39.694 1.15928 -1.15928
39.695 1.11835 -1.11835
39.696 1.07692 -1.07692
39.697 1.03498 -1.03498
39.698 0.992548 -0.992548
39.699 0.94963 -0.94963
39.7 0.906236 -0.906236
39.701 0.862375 -0.862375
39.702 0.818057 -0.818057
39.703 0.773291 -0.773291
39.704 0.728086 -0.728086
39.705 0.682454 -0.682454
39.706 0.636405 -0.636405
39.707 0.589948 -0.589948
39.708 0.543094 -0.543094
39.709 0.495854 -0.495854
39.71 0.448239 -0.448239
39.711 0.400261 -0.400261
39.712 0.351929 -0.351929
39.713 0.303257 -0.303257
39.714 0.254255 -0.254255
39.715 0.204936 -0.204936
39.716 0.15531 -0.15531
39.717 0.105391 -0.105391
39.718 0.0551906 -0.0551906
39.719 0.00472075 -0.00472075
39.72 -0.0460058 0.0460058
39.721 -0.0969765 0.0969765
39.722 -0.148178 0.148178
39.723 -0.199598 0.199598
39.724 -0.251224 0.251224
39.725 -0.303041 0.303041
39.726 -0.355037 0.355037
39.727 -0.407198 0.407198
39.728 -0.45951 0.45951
39.729 -0.51196 0.51196
39.73 -0.564535 0.564535
39.731 -0.617216 0.617216
39.732 -0.669976 0.669976
39.733 -0.722783 0.722783
39.734 -0.775607 0.775607
39.735 -0.828417 0.828417
39.736 -0.881179 0.881179
39.737 -0.933864 0.933864
39.738 -0.986439 0.986439
39.739 -1.03887 1.03887
39.74 -1.09114 1.09114
39.741 -1.1432 1.1432
39.742 -1.19503 1.19503
39.743 -1.24662 1.24662
39.744 -1.29794 1.29794
39.745 -1.34897 1.34897
39.746 -1.39968 1.39968
39.747 -1.45005 1.45005
39.748 -1.50007 1.50007
39.749 -1.5497 1.5497
39.75 -1.59894 1.59894
39.751 -1.64775 1.64775
39.752 -1.69612 1.69612
39.753 -1.74402 1.74402
39.754 -1.79144 1.79144
39.755 -1.83836 1.83836
39.756 -1.88474 1.88474
39.757 -1.93059 1.93059
39.758 -1.97586 1.97586
39.759 -2.02056 2.02056
39.76 -2.06465 2.06465
39.761 -2.10811 2.10811
39.762 -2.15094 2.15094
39.763 -2.1931 2.1931
39.764 -2.23459 2.23459
39.765 -2.27539 2.27539
39.766 -2.31547 2.31547
39.767 -2.35482 2.35482
39.768 -2.39343 2.39343
39.769 -2.43127 2.43127
39.77 -2.46834 2.46834
39.771 -2.50462 2.50462
39.772 -2.5401 2.5401
39.773 -2.57477 2.57477
39.774 -2.60863 2.60863
39.775 -2.64168 2.64168
39.776 -2.67391 2.67391
39.777 -2.70531 2.70531
39.778 -2.73588 2.73588
39.779 -2.76562 2.76562
39.78 -2.79452 2.79452
39.781 -2.82259 2.82259
39.782 -2.84981 2.84981
39.783 -2.87619 2.87619
39.784 -2.90173 2.90173
39.785 -2.92642 2.92642
39.786 -2.95026 2.95026
39.787 -2.97326 2.97326
39.788 -2.99541 2.99541
39.789 -3.01671 3.01671
39.79 -3.03716 3.03716
39.791 -3.05677 3.05677
39.792 -3.07552 3.07552
39.793 -3.09342 3.09342
39.794 -3.11044 3.11044
39.795 -3.1266 3.1266
39.796 -3.14188 3.14188
39.797 -3.15627 3.15627
39.798 -3.16978 3.16978
39.799 -3.1824 3.1824
39.8 -3.19412 3.19412
39.801 -3.20494 3.20494
39.802 -3.21485 3.21485
39.803 -3.22386 3.22386
39.804 -3.23196 3.23196
39.805 -3.23915 3.23915
39.806 -3.24543 3.24543
39.807 -3.2508 3.2508
39.808 -3.25525 3.25525
39.809 -3.25878 3.25878
39.81 -3.2614 3.2614
39.811 -3.26311 3.26311
39.812 -3.26388 3.2639
39.813 -3.26373 3.26375
39.814 -3.26266 3.26266
39.815 -3.26063 3.26063
39.816 -3.25766 3.25764
39.817 -3.25373 3.2537
39.818 -3.24882 3.24882
39.819 -3.24295 3.24295
39.82 -3.23612 3.23612
39.821 -3.22831 3.22831
39.822 -3.21953 3.21953
39.823 -3.20978 3.20978
39.824 -3.19907 3.19907
39.825 -3.18741 3.18741
39.826 -3.1748 3.1748
39.827 -3.16125 3.16125
39.828 -3.14676 3.14676
39.829 -3.13135 3.13135
39.83 -3.11501 3.11501
39.831 -3.09777 3.09777
39.832 -3.07963 3.07963
39.833 -3.06061 3.06061
39.834 -3.04074 3.04074
39.835 -3.02002 3.02002
39.836 -2.99848 2.99848
39.837 -2.97614 2.97614
39.838 -2.95301 2.95301
39.839 -2.92911 2.92911
39.84 -2.90446 2.90446
39.841 -2.87909 2.87909
39.842 -2.853 2.853
39.843 -2.8262 2.8262
39.844 -2.79871 2.79871
39.845 -2.77054 2.77054
39.846 -2.74169 2.74169
39.847 -2.7122 2.7122
39.848 -2.68205 2.68205
39.849 -2.65128 2.65128
39.85 -2.61988 2.61988
39.851 -2.58789 2.58789
39.852 -2.55529 2.55529
39.853 -2.52212 2.52212
39.854 -2.48839 2.48839
39.855 -2.45411 2.45411
39.856 -2.41929 2.41929
39.857 -2.38395 2.38395
39.858 -2.3481 2.3481
39.859 -2.31176 2.31176
39.86 -2.27494 2.27494
39.861 -2.23766 2.23766
39.862 -2.19992 2.19992
39.863 -2.16173 2.16173
39.864 -2.1231 2.1231
39.865 -2.08404 2.08404
39.866 -2.04455 2.04455
39.867 -2.00464 2.00464
39.868 -1.96432 1.96432
39.869 -1.92359 1.92359
39.87 -1.88247 1.88247
39.871 -1.84096 1.84096
39.872 -1.79905 1.79905
39.873 -1.75676 1.75676
39.874 -1.71408 1.71408
39.875 -1.671 1.671
39.876 -1.62754 1.62754
39.877 -1.58369 1.58369
39.878 -1.53945 1.53945
39.879 -1.49482 1.49482
39.88 -1.44981 1.44981
39.881 -1.40441 1.40441
39.882 -1.35863 1.35863
39.883 -1.31249 1.31249
39.884 -1.26599 1.26599
39.885 -1.21915 1.21915
39.886 -1.17197 1.17197
39.887 -1.12446 1.12446
39.888 -1.07664 1.07664
39.889 -1.02852 1.02852
39.89 -0.980099 0.980099
39.891 -0.931401 0.931401
39.892 -0.882433 0.882433
39.893 -0.833206 0.833206
39.894 -0.783732 0.783732
39.895 -0.734022 0.734022
39.896 -0.684088 0.684088
39.897 -0.633942 0.633942
39.898 -0.583595 0.583595
39.899 -0.53306 0.53306
39.9 -0.482349 0.482349
39.901 -0.431476 0.431476
39.902 -0.38046 0.38046
39.903 -0.329323 0.329323
39.904 -0.278084 0.278084
39.905 -0.226767 0.226767
39.906 -0.175391 0.175391
39.907 -0.123979 0.123979
39.908 -0.0725514 0.0725514
39.909 -0.0211299 0.0211299
39.91 0.030264 -0.030264
39.911 0.081611 -0.081611
39.912 0.132896 -0.132896
39.913 0.184107 -0.184107
39.914 0.23523 -0.23523
39.915 0.286252 -0.286252
39.916 0.337162 -0.337162
39.917 0.387945 -0.387945
39.918 0.43859 -0.43859
39.919 0.489083 -0.489083
39.92 0.539411 -0.539411
39.921 0.589561 -0.589561
39.922 0.639513 -0.639513
39.923 0.689245 -0.689245
39.924 0.738737 -0.738737
39.925 0.787967 -0.787967
39.926 0.836915 -0.836915
39.927 0.885559 -0.885559
39.928 0.93388 -0.93388
39.929 0.981855 -0.981855
39.93 1.02947 -1.02947
39.931 1.07669 -1.07669
39.932 1.12352 -1.12352
39.933 1.16995 -1.16995
39.934 1.21595 -1.21595
39.935 1.26152 -1.26152
39.936 1.30666 -1.30666
39.937 1.35134 -1.35134
39.938 1.39556 -1.39556
39.939 1.4393 -1.4393
39.94 1.48257 -1.48257
39.941 1.52535 -1.52535
39.942 1.56762 -1.56762
39.943 1.60939 -1.60939
39.944 1.65063 -1.65063
39.945 1.69135 -1.69135
39.946 1.73153 -1.73153
39.947 1.77116 -1.77116
39.948 1.81025 -1.81025
39.949 1.84877 -1.84877
39.95 1.88672 -1.88672
39.951 1.9241 -1.9241
39.952 1.96089 -1.96089
39.953 1.99706 -1.99706
39.954 2.03262 -2.03262
39.955 2.06754 -2.06754
39.956 2.10181 -2.10181
39.957 2.13541 -2.13541
39.958 2.16834 -2.16834
39.959 2.20057 -2.20057
39.96 2.23209 -2.23209
39.961 2.2629 -2.2629
39.962 2.29298 -2.29298
39.963 2.32234 -2.32234
39.964 2.35096 -2.35096
39.965 2.37886 -2.37886
39.966 2.40602 -2.40602
39.967 2.43244 -2.43244
39.968 2.45812 -2.45812
39.969 2.48306 -2.48306
39.97 2.50726 -2.50726
39.971 2.53071 -2.53071
39.972 2.55342 -2.55342
39.973 2.57539 -2.57539
39.974 2.59662 -2.59662
39.975 2.6171 -2.6171
39.976 2.63683 -2.63683
39.977 2.65583 -2.65583
39.978 2.67409 -2.67409
39.979 2.69161 -2.69161
39.98 2.70839 -2.70839
39.981 2.72444 -2.72444
39.982 2.73976 -2.73976
39.983 2.75435 -2.75435
39.984 2.76822 -2.76822
39.985 2.78137 -2.78137
39.986 2.7938 -2.7938
39.987 2.80552 -2.80552
39.988 2.81654 -2.81654
39.989 2.82685 -2.82685
39.99 2.83646 -2.83646
39.991 2.84538 -2.84538
39.992 2.85361 -2.85361
39.993 2.86113 -2.86113
39.994 2.86796 -2.86796
39.995 2.87409 -2.87409
39.996 2.87952 -2.87952
39.997 2.88424 -2.88424
39.998 2.88825 -2.88825
39.999 2.89156 -2.89156
40 2.89417 -2.89417
40.001 2.89607 -2.89607
40.002 2.89725 -2.89728
40.003 2.89777 -2.89779
40.004 2.89761 -2.89762
40.005 2.89678 -2.89678
40.006 2.89529 -2.89528
40.007 2.89315 -2.89314
40.008 2.89037 -2.89035
40.009 2.88696 -2.88694
40.01 2.88294 -2.88291
40.011 2.87829 -2.87829
40.012 2.87306 -2.87306
40.013 2.86725 -2.86725
40.014 2.86087 -2.86087
40.015 2.85392 -2.85392
40.016 2.84644 -2.84644
40.017 2.83841 -2.83841
40.018 2.82987 -2.82987
40.019 2.82082 -2.82082
40.02 2.81127 -2.81127
40.021 2.80124 -2.80124
40.022 2.79075 -2.79075
40.023 2.77982 -2.77982
40.024 2.76848 -2.76848
40.025 2.75674 -2.75674
40.026 2.74463 -2.74463
40.027 2.73218 -2.73218
40.028 2.7194 -2.7194
40.029 2.70631 -2.70631
40.03 2.69295 -2.69295
40.031 2.67933 -2.67933
40.032 2.66547 -2.66547
40.033 2.65138 -2.65138
40.034 2.63708 -2.63708
40.035 2.62258 -2.62258
40.036 2.6079 -2.6079
40.037 2.59305 -2.59305
40.038 2.57805 -2.57805
40.039 2.5629 -2.5629
40.04 2.54764 -2.54764
40.041 2.53226 -2.53226
40.042 2.51679 -2.51679
40.043 2.50121 -2.50121
40.044 2.48555 -2.48555
40.045 2.4698 -2.4698
40.046 2.45398 -2.45398
40.047 2.43808 -2.43808
40.048 2.42212 -2.42212
40.049 2.40611 -2.40611
40.05 2.39004 -2.39004
40.051 2.37393 -2.37393
40.052 2.35778 -2.35778
40.053 2.3416 -2.3416
40.054 2.32539 -2.32539
40.055 2.30916 -2.30916
40.056 2.29293 -2.29293
40.057 2.27668 -2.27668
40.058 2.26044 -2.26044
40.059 2.24421 -2.24421
40.06 2.22798 -2.22798
40.061 2.21178 -2.21178
40.062 2.1956 -2.1956
40.063 2.17943 -2.17943
40.064 2.16327 -2.16327
40.065 2.14713 -2.14713
40.066 2.131 -2.131
40.067 2.11487 -2.11487
40.068 2.09875 -2.09875
40.069 2.08263 -2.08263
40.07 2.06651 -2.06651
40.071 2.05039 -2.05039
40.072 2.03428 -2.03428
40.073 2.01818 -2.01818
40.074 2.00209 -2.00209
40.075 1.98603 -1.98603
40.076 1.97 -1.97
40.077 1.95401 -1.95401
40.078 1.93806 -1.93806
40.079 1.92216 -1.92216
40.08 1.90632 -1.90632
40.081 1.89054 -1.89054
40.082 1.87483 -1.87483
40.083 1.8592 -1.8592
40.084 1.84364 -1.84364
40.085 1.82818 -1.82818
40.086 1.81281 -1.81281
40.087 1.79754 -1.79754
40.088 1.78237 -1.78237
40.089 1.76732 -1.76732
40.09 1.75239 -1.75239
40.091 1.73758 -1.73758
40.092 1.7229 -1.7229
40.093 1.70836 -1.70836
40.094 1.69395 -1.69395
40.095 1.6797 -1.6797
40.096 1.6656 -1.6656
40.097 1.65166 -1.65166
40.098 1.63788 -1.63788
40.099 1.62427 -1.62427
40.1 1.61084 -1.61084
40.101 1.59759 -1.59759
40.102 1.58454 -1.58454
40.103 1.57169 -1.57169
40.104 1.55907 -1.55907
40.105 1.54668 -1.54668
40.106 1.53454 -1.53454
40.107 1.52267 -1.52267
40.108 1.51107 -1.51107
40.109 1.49975 -1.49975
40.11 1.48875 -1.48875
40.111 1.47805 -1.47805
40.112 1.46767 -1.46767
40.113 1.45762 -1.45762
40.114 1.4479 -1.4479
40.115 1.4385 -1.4385
40.116 1.42944 -1.42944
40.117 1.42072 -1.42072
40.118 1.41234 -1.41234
40.119 1.4043 -1.4043
40.12 1.39661 -1.39661
40.121 1.38927 -1.38927
40.122 1.38227 -1.38227
40.123 1.37561 -1.37561
40.124 1.36928 -1.36928
40.125 1.36328 -1.36328
40.126 1.3576 -1.3576
40.127 1.35222 -1.35222
40.128 1.34716 -1.34716
40.129 1.34239 -1.34239
40.13 1.33791 -1.33791
40.131 1.33372 -1.33372
40.132 1.3298 -1.3298
40.133 1.32616 -1.32616
40.134 1.32277 -1.32277
40.135 1.31966 -1.31962
40.136 1.31678 -1.31674
40.137 1.31413 -1.3141
40.138 1.31172 -1.31169
40.139 1.30953 -1.3095
40.14 1.30755 -1.30753
40.141 1.30578 -1.30576
40.142 1.30421 -1.30419
40.143 1.3028 -1.30278
40.144 1.30155 -1.30154
40.145 1.30044 -1.30043
40.146 1.29946 -1.29945
40.147 1.29857 -1.29857
40.148 1.29778 -1.29777
40.149 1.29706 -1.29705
40.15 1.29639 -1.29638
40.151 1.29576 -1.29576
40.152 1.29516 -1.29515
40.153 1.29458 -1.29457
40.154 1.29401 -1.294
40.155 1.29344 -1.29343
40.156 1.29286 -1.29286
40.157 1.29227 -1.29227
40.158 1.29166 -1.29165
40.159 1.29102 -1.29101
40.16 1.29033 -1.29033
40.161 1.2896 -1.2896
40.162 1.28883 -1.28882
40.163 1.288 -1.28799
40.164 1.28713 -1.28712
40.165 1.28621 -1.2862
40.166 1.28524 -1.28523
40.167 1.28423 -1.28422
40.168 1.28317 -1.28316
40.169 1.28207 -1.28205
40.17 1.28092 -1.28091
40.171 1.27973 -1.27971
40.172 1.27849 -1.27848
40.173 1.27721 -1.2772
40.174 1.27589 -1.27587
40.175 1.27452 -1.27451
40.176 1.27312 -1.2731
40.177 1.27167 -1.27165
40.178 1.27018 -1.27017
40.179 1.26866 -1.26864
40.18 1.26709 -1.26707
40.181 1.26549 -1.26547
40.182 1.26384 -1.26383
40.183 1.26216 -1.26215
40.184 1.26045 -1.26043
40.185 1.2587 -1.25868
40.186 1.25691 -1.25689
40.187 1.25509 -1.25507
40.188 1.25324 -1.25322
40.189 1.25135 -1.25133
40.19 1.24943 -1.24941
40.191 1.24748 -1.24746
40.192 1.24549 -1.24547
40.193 1.24345 -1.24343
40.194 1.24136 -1.24134
40.195 1.23921 -1.23919
40.196 1.23699 -1.23696
40.197 1.23468 -1.23466
40.198 1.2323 -1.23227
40.199 1.22982 -1.22979
40.2 1.22724 -1.22721
40.201 1.22455 -1.22452
40.202 1.22174 -1.22171
40.203 1.21881 -1.21878
40.204 1.21575 -1.21572
40.205 1.21254 -1.21254
40.206 1.20919 -1.20919
40.207 1.20569 -1.20569
40.208 1.20204 -1.20204
40.209 1.19821 -1.19821
40.21 1.19422 -1.19422
40.211 1.19004 -1.19004
40.212 1.18567 -1.18567
40.213 1.18111 -1.18111
40.214 1.17635 -1.17635
40.215 1.17138 -1.17138
40.216 1.1662 -1.1662
40.217 1.1608 -1.1608
40.218 1.15517 -1.15517
40.219 1.1493 -1.1493
40.22 1.1432 -1.1432
40.221 1.13686 -1.13686
40.222 1.13027 -1.13027
40.223 1.12344 -1.12344
40.224 1.11638 -1.11638
40.225 1.10909 -1.10909
40.226 1.10156 -1.10156
40.227 1.09381 -1.09381
40.228 1.08583 -1.08583
40.229 1.07764 -1.07764
40.23 1.06922 -1.06922
40.231 1.0606 -1.0606
40.232 1.05175 -1.05175
40.233 1.04269 -1.04269
40.234 1.03339 -1.03339
40.235 1.02387 -1.02387
40.236 1.01411 -1.01411
40.237 1.0041 -1.0041
40.238 0.993856 -0.993856
40.239 0.983359 -0.983359
40.24 0.972608 -0.972608
40.241 0.961601 -0.961601
40.242 0.950341 -0.950341
40.243 0.938833 -0.938833
40.244 0.927082 -0.927082
40.245 0.915093 -0.915093
40.246 0.902871 -0.902871
40.247 0.890421 -0.890421
40.248 0.877749 -0.877749
40.249 0.86486 -0.86486
40.25 0.851759 -0.851759
40.251 0.838452 -0.838452
40.252 0.824945 -0.824945
40.253 0.811244 -0.811244
40.254 0.797354 -0.797354
40.255 0.783281 -0.783281
40.256 0.769031 -0.769031
40.257 0.754611 -0.754611
40.258 0.740026 -0.740026
40.259 0.725282 -0.725282
40.26 0.710387 -0.710387
40.261 0.695342 -0.695342
40.262 0.68015 -0.68015
40.263 0.664807 -0.664807
40.264 0.649311 -0.649311
40.265 0.63366 -0.63366
40.266 0.617852 -0.617852
40.267 0.601885 -0.601885
40.268 0.585756 -0.585756
40.269 0.569465 -0.569465
40.27 0.553009 -0.553009
40.271 0.536388 -0.536388
40.272 0.519607 -0.519607
40.273 0.502674 -0.502674
40.274 0.485596 -0.485596
40.275 0.468379 -0.468379
40.276 0.451032 -0.451032
40.277 0.433561 -0.433561
40.278 0.415973 -0.415973
40.279 0.398276 -0.398276
40.28 0.380478 -0.380478
40.281 0.362586 -0.362586
40.282 0.344608 -0.344608
40.283 0.32655 -0.32655
40.284 0.308421 -0.308421
40.285 0.290229 -0.290229
40.286 0.271979 -0.271979
40.287 0.253682 -0.253682
40.288 0.235343 -0.235343
40.289 0.216971 -0.216971
40.29 0.198574 -0.198574
40.291 0.180161 -0.180161
40.292 0.161746 -0.161746
40.293 0.143346 -0.143346
40.294 0.124978 -0.124978
40.295 0.106657 -0.106657
40.296 0.0884005 -0.0884005
40.297 0.0702239 -0.0702239
40.298 0.0521437 -0.0521437
40.299 0.0341762 -0.0341762
40.3 0.0163374 -0.0163374
40.301 -0.00135644 0.00135644
40.302 -0.0188894 0.0188894
40.303 -0.0362454 0.0362454
40.304 -0.0534087 0.0534087
40.305 -0.0703635 0.0703635
40.306 -0.0870941 0.0870941
40.307 -0.103585 0.103585
40.308 -0.119821 0.119821
40.309 -0.135786 0.135786
40.31 -0.151465 0.151465
40.311 -0.166843 0.166843
40.312 -0.181906 0.181906
40.313 -0.196638 0.196638
40.314 -0.211025 0.211025
40.315 -0.225052 0.225052
40.316 -0.238704 0.238704
40.317 -0.251968 0.251968
40.318 -0.26483 0.26483
40.319 -0.277275 0.277275
40.32 -0.28929 0.28929
40.321 -0.300864 0.300864
40.322 -0.31199 0.31199
40.323 -0.322664 0.322664
40.324 -0.332881 0.332881
40.325 -0.342638 0.342638
40.326 -0.35193 0.35193
40.327 -0.360754 0.360754
40.328 -0.369107 0.369107
40.329 -0.376985 0.376985
40.33 -0.384386 0.384386
40.331 -0.391306 0.391306
40.332 -0.397743 0.397743
40.333 -0.403695 0.403695
40.334 -0.409159 0.409159
40.335 -0.414134 0.414134
40.336 -0.418617 0.418617
40.337 -0.422608 0.422608
40.338 -0.426105 0.426105
40.339 -0.429088 0.429124
40.34 -0.431595 0.431625
40.341 -0.433606 0.43363
40.342 -0.435119 0.435137
40.343 -0.436135 0.436147
40.344 -0.436652 0.436658
40.345 -0.436671 0.436672
40.346 -0.436193 0.436187
40.347 -0.435218 0.435207
40.348 -0.433747 0.433729
40.349 -0.43178 0.431757
40.35 -0.429319 0.42929
40.351 -0.426364 0.426328
40.352 -0.422887 0.422887
40.353 -0.418921 0.418921
40.354 -0.414442 0.414442
40.355 -0.409442 0.409442
40.356 -0.403916 0.403916
40.357 -0.397857 0.397857
40.358 -0.39126 0.39126
40.359 -0.384119 0.384119
40.36 -0.376429 0.376429
40.361 -0.368184 0.368184
40.362 -0.35938 0.35938
40.363 -0.350012 0.350012
40.364 -0.340075 0.340075
40.365 -0.329566 0.329566
40.366 -0.31848 0.31848
40.367 -0.306814 0.306814
40.368 -0.294563 0.294563
40.369 -0.281726 0.281726
40.37 -0.268299 0.268299
40.371 -0.254281 0.254281
40.372 -0.239677 0.239677
40.373 -0.224493 0.224493
40.374 -0.208735 0.208735
40.375 -0.192411 0.192411
40.376 -0.175528 0.175528
40.377 -0.158093 0.158093
40.378 -0.140113 0.140113
40.379 -0.121597 0.121597
40.38 -0.102553 0.102553
40.381 -0.0829887 0.0829887
40.382 -0.0629129 0.0629129
40.383 -0.0423343 0.0423343
40.384 -0.0212619 0.0212619
40.385 0.000295173 -0.000295173
40.386 0.0223277 -0.0223277
40.387 0.044826 -0.044826
40.388 0.0677806 -0.0677806
40.389 0.0911815 -0.0911815
40.39 0.115019 -0.115019
40.391 0.13928 -0.13928
40.392 0.163947 -0.163947
40.393 0.189002 -0.189002
40.394 0.214426 -0.214426
40.395 0.240197 -0.240197
40.396 0.266297 -0.266297
40.397 0.292705 -0.292705
40.398 0.319402 -0.319402
40.399 0.346368 -0.346368
40.4 0.373581 -0.373581
40.401 0.401023 -0.401023
40.402 0.428672 -0.428672
40.403 0.456508 -0.456508
40.404 0.48451 -0.48451
40.405 0.512658 -0.512658
40.406 0.540931 -0.540931
40.407 0.569308 -0.569308
40.408 0.597769 -0.597769
40.409 0.626292 -0.626292
40.41 0.654856 -0.654856
40.411 0.683441 -0.683441
40.412 0.712027 -0.712027
40.413 0.740591 -0.740591
40.414 0.769114 -0.769114
40.415 0.797574 -0.797574
40.416 0.825951 -0.825951
40.417 0.854224 -0.854224
40.418 0.882372 -0.882372
40.419 0.910375 -0.910375
40.42 0.938213 -0.938213
40.421 0.965866 -0.965866
40.422 0.993321 -0.993321
40.423 1.02057 -1.02057
40.424 1.04759 -1.04759
40.425 1.07438 -1.07438
40.426 1.10093 -1.10093
40.427 1.12723 -1.12723
40.428 1.15325 -1.15325
40.429 1.17901 -1.17901
40.43 1.20447 -1.20447
40.431 1.22963 -1.22963
40.432 1.25448 -1.25448
40.433 1.27899 -1.27899
40.434 1.30314 -1.30314
40.435 1.32692 -1.32692
40.436 1.35031 -1.35031
40.437 1.37329 -1.37329
40.438 1.39584 -1.39584
40.439 1.41794 -1.41794
40.44 1.43957 -1.43957
40.441 1.46072 -1.46072
40.442 1.48138 -1.48138
40.443 1.50151 -1.50151
40.444 1.52112 -1.52112
40.445 1.54017 -1.54017
40.446 1.55865 -1.55865
40.447 1.57655 -1.57655
40.448 1.59386 -1.59386
40.449 1.61055 -1.61055
40.45 1.62661 -1.62661
40.451 1.64202 -1.64202
40.452 1.65677 -1.65677
40.453 1.67082 -1.67082
40.454 1.68417 -1.68417
40.455 1.69677 -1.69677
40.456 1.70862 -1.70862
40.457 1.71969 -1.71969
40.458 1.72996 -1.72996
40.459 1.7394 -1.7394
40.46 1.748 -1.748
40.461 1.75574 -1.75574
40.462 1.7626 -1.7626
40.463 1.76856 -1.76856
40.464 1.77359 -1.77359
40.465 1.77769 -1.77769
40.466 1.78082 -1.78082
40.467 1.78297 -1.783
40.468 1.78415 -1.78416
40.469 1.78431 -1.78432
40.47 1.78345 -1.78344
40.471 1.78155 -1.78153
40.472 1.7786 -1.77856
40.473 1.77457 -1.77457
40.474 1.76949 -1.76949
40.475 1.76335 -1.76335
40.476 1.75614 -1.75614
40.477 1.74785 -1.74785
40.478 1.73848 -1.73848
40.479 1.72802 -1.72802
40.48 1.71648 -1.71648
40.481 1.70384 -1.70384
40.482 1.69013 -1.69013
40.483 1.67533 -1.67533
40.484 1.65947 -1.65947
40.485 1.64254 -1.64254
40.486 1.62455 -1.62455
40.487 1.60552 -1.60552
40.488 1.58546 -1.58546
40.489 1.56436 -1.56436
40.49 1.54224 -1.54224
40.491 1.51912 -1.51912
40.492 1.49499 -1.49499
40.493 1.46988 -1.46988
40.494 1.44379 -1.44379
40.495 1.41674 -1.41674
40.496 1.38873 -1.38873
40.497 1.35978 -1.35978
40.498 1.3299 -1.3299
40.499 1.29911 -1.29911
40.5 1.26742 -1.26742
40.501 1.23483 -1.23483
40.502 1.20138 -1.20138
40.503 1.16706 -1.16706
40.504 1.13189 -1.13189
40.505 1.0959 -1.0959
40.506 1.05909 -1.05909
40.507 1.02148 -1.02148
40.508 0.983091 -0.983091
40.509 0.943932 -0.943932
40.51 0.904021 -0.904021
40.511 0.863377 -0.863377
40.512 0.822016 -0.822016
40.513 0.779956 -0.779956
40.514 0.737213 -0.737213
40.515 0.693807 -0.693807
40.516 0.649756 -0.649756
40.517 0.605077 -0.605077
40.518 0.55979 -0.55979
40.519 0.513913 -0.513913
40.52 0.467466 -0.467466
40.521 0.420466 -0.420466
40.522 0.372926 -0.372926
40.523 0.324858 -0.324858
40.524 0.276273 -0.276273
40.525 0.227183 -0.227183
40.526 0.1776 -0.1776
40.527 0.127535 -0.127535
40.528 0.0770014 -0.0770014
40.529 0.0260115 -0.0260115
40.53 -0.0254218 0.0254218
40.531 -0.0772855 0.0772855
40.532 -0.129566 0.129566
40.533 -0.182251 0.182251
40.534 -0.235325 0.235325
40.535 -0.288775 0.288775
40.536 -0.342586 0.342586
40.537 -0.396745 0.396745
40.538 -0.451237 0.451237
40.539 -0.506047 0.506047
40.54 -0.561161 0.561161
40.541 -0.616565 0.616565
40.542 -0.672251 0.672251
40.543 -0.728212 0.728212
40.544 -0.784441 0.784441
40.545 -0.840932 0.840932
40.546 -0.897677 0.897677
40.547 -0.954669 0.954669
40.548 -1.0119 1.0119
40.549 -1.06936 1.06936
40.55 -1.12705 1.12705
40.551 -1.18495 1.18495
40.552 -1.24305 1.24305
40.553 -1.30133 1.30133
40.554 -1.35978 1.35978
40.555 -1.41838 1.41838
40.556 -1.4771 1.4771
40.557 -1.53594 1.53594
40.558 -1.59488 1.59488
40.559 -1.6539 1.6539
40.56 -1.71297 1.71297
40.561 -1.7721 1.7721
40.562 -1.83124 1.83124
40.563 -1.8904 1.8904
40.564 -1.94954 1.94954
40.565 -2.00866 2.00866
40.566 -2.06773 2.06773
40.567 -2.12674 2.12674
40.568 -2.18566 2.18566
40.569 -2.24449 2.24449
40.57 -2.3032 2.3032
40.571 -2.36178 2.36178
40.572 -2.4202 2.4202
40.573 -2.47846 2.47846
40.574 -2.53653 2.53653
40.575 -2.59439 2.59439
40.576 -2.65203 2.65203
40.577 -2.70942 2.70942
40.578 -2.76656 2.76656
40.579 -2.82343 2.82343
40.58 -2.88001 2.88001
40.581 -2.93627 2.93627
40.582 -2.99221 2.99221
40.583 -3.04781 3.04781
40.584 -3.10305 3.10305
40.585 -3.15791 3.15791
40.586 -3.21239 3.21239
40.587 -3.26645 3.26645
40.588 -3.3201 3.3201
40.589 -3.3733 3.3733
40.59 -3.42605 3.42605
40.591 -3.47834 3.47834
40.592 -3.53015 3.53015
40.593 -3.58148 3.58148
40.594 -3.63232 3.63232
40.595 -3.68267 3.68267
40.596 -3.73253 3.73253
40.597 -3.78188 3.78188
40.598 -3.83073 3.83073
40.599 -3.87906 3.87906
40.6 -3.92688 3.92688
40.601 -3.97417 3.97417
40.602 -4.02094 4.02094
40.603 -4.06716 4.06716
40.604 -4.11282 4.11282
40.605 -4.15792 4.15792
40.606 -4.20244 4.20244
40.607 -4.24636 4.24636
40.608 -4.28969 4.28969
40.609 -4.3324 4.3324
40.61 -4.3745 4.3745
40.611 -4.41596 4.41596
40.612 -4.45679 4.45679
40.613 -4.49696 4.49696
40.614 -4.53648 4.53648
40.615 -4.57533 4.57533
40.616 -4.6135 4.6135
40.617 -4.651 4.651
40.618 -4.6878 4.6878
40.619 -4.72391 4.72391
40.62 -4.75932 4.75932
40.621 -4.79401 4.79401
40.622 -4.82798 4.82798
40.623 -4.86122 4.86122
40.624 -4.8937 4.8937
40.625 -4.92542 4.92542
40.626 -4.95636 4.95636
40.627 -4.98651 4.98651
40.628 -5.01586 5.01586
40.629 -5.0444 5.0444
40.63 -5.07211 5.07211
40.631 -5.09899 5.09899
40.632 -5.12503 5.12503
40.633 -5.15023 5.15023
40.634 -5.1746 5.1746
40.635 -5.19812 5.19812
40.636 -5.22081 5.22081
40.637 -5.24266 5.24266
40.638 -5.26366 5.26366
40.639 -5.28384 5.28384
40.64 -5.30317 5.30317
40.641 -5.32168 5.32168
40.642 -5.33935 5.33935
40.643 -5.3562 5.3562
40.644 -5.37221 5.37221
40.645 -5.38741 5.38741
40.646 -5.40179 5.40179
40.647 -5.41536 5.41536
40.648 -5.42812 5.42812
40.649 -5.44007 5.44007
40.65 -5.45123 5.45123
40.651 -5.46159 5.46159
40.652 -5.47115 5.47115
40.653 -5.47992 5.47992
40.654 -5.48788 5.48788
40.655 -5.49505 5.49505
40.656 -5.50141 5.50141
40.657 -5.50696 5.50696
40.658 -5.51171 5.51171
40.659 -5.51566 5.51566
40.66 -5.5188 5.5188
40.661 -5.52113 5.52113
40.662 -5.52266 5.52266
40.663 -5.52339 5.52339
40.664 -5.52332 5.52332
40.665 -5.52244 5.52244
40.666 -5.52077 5.52077
40.667 -5.51831 5.51831
40.668 -5.51505 5.51505
40.669 -5.51098 5.51102
40.67 -5.50615 5.50618
40.671 -5.50054 5.50055
40.672 -5.49415 5.49415
40.673 -5.48698 5.48698
40.674 -5.47905 5.47903
40.675 -5.47035 5.47032
40.676 -5.46089 5.46085
40.677 -5.45065 5.45065
40.678 -5.43968 5.43968
40.679 -5.42797 5.42797
40.68 -5.41553 5.41553
40.681 -5.40235 5.40235
40.682 -5.38845 5.38845
40.683 -5.37384 5.37384
40.684 -5.35851 5.35851
40.685 -5.34248 5.34248
40.686 -5.32576 5.32576
40.687 -5.30836 5.30836
40.688 -5.29027 5.29027
40.689 -5.27152 5.27152
40.69 -5.25211 5.25211
40.691 -5.23204 5.23204
40.692 -5.21135 5.21135
40.693 -5.19003 5.19003
40.694 -5.16812 5.16812
40.695 -5.14563 5.14563
40.696 -5.12258 5.12258
40.697 -5.09898 5.09898
40.698 -5.07486 5.07486
40.699 -5.05024 5.05024
40.7 -5.02513 5.02513
40.701 -4.99955 4.99955
40.702 -4.97351 4.97351
40.703 -4.94702 4.94702
40.704 -4.9201 4.9201
40.705 -4.89276 4.89276
40.706 -4.865 4.865
40.707 -4.83684 4.83684
40.708 -4.80829 4.80829
40.709 -4.77935 4.77935
40.71 -4.75005 4.75005
40.711 -4.72039 4.72039
40.712 -4.69039 4.69039
40.713 -4.66005 4.66005
40.714 -4.62938 4.62938
40.715 -4.59841 4.59841
40.716 -4.56714 4.56714
40.717 -4.53559 4.53559
40.718 -4.50376 4.50376
40.719 -4.47167 4.47167
40.72 -4.43932 4.43932
40.721 -4.40675 4.40675
40.722 -4.37394 4.37394
40.723 -4.34093 4.34093
40.724 -4.30771 4.30771
40.725 -4.27431 4.27431
40.726 -4.24073 4.24073
40.727 -4.20699 4.20699
40.728 -4.17311 4.17311
40.729 -4.13908 4.13908
40.73 -4.10494 4.10494
40.731 -4.07068 4.07068
40.732 -4.03631 4.03631
40.733 -4.00184 4.00184
40.734 -3.96728 3.96728
40.735 -3.93262 3.93262
40.736 -3.89787 3.89787
40.737 -3.86303 3.86303
40.738 -3.82812 3.82812
40.739 -3.79313 3.79313
40.74 -3.75807 3.75807
40.741 -3.72294 3.72294
40.742 -3.68776 3.68776
40.743 -3.65254 3.65254
40.744 -3.61729 3.61729
40.745 -3.58203 3.58203
40.746 -3.54677 3.54677
40.747 -3.51152 3.51152
40.748 -3.47629 3.47629
40.749 -3.44111 3.44111
40.75 -3.40597 3.40597
40.751 -3.37091 3.37091
40.752 -3.33592 3.33592
40.753 -3.30102 3.30102
40.754 -3.26623 3.26623
40.755 -3.23156 3.23156
40.756 -3.19701 3.19701
40.757 -3.16261 3.16261
40.758 -3.12837 3.12837
40.759 -3.0943 3.0943
40.76 -3.06041 3.06041
40.761 -3.02671 3.02671
40.762 -2.99322 2.99322
40.763 -2.95992 2.95992
40.764 -2.92683 2.92683
40.765 -2.89396 2.89396
40.766 -2.86129 2.86129
40.767 -2.82885 2.82885
40.768 -2.79662 2.79662
40.769 -2.76463 2.76463
40.77 -2.73286 2.73286
40.771 -2.70132 2.70132
40.772 -2.67003 2.67003
40.773 -2.63899 2.63899
40.774 -2.60822 2.60822
40.775 -2.57773 2.57773
40.776 -2.54752 2.54752
40.777 -2.51763 2.51763
40.778 -2.48804 2.48804
40.779 -2.45878 2.45878
40.78 -2.42985 2.42985
40.781 -2.40127 2.40127
40.782 -2.37305 2.37305
40.783 -2.3452 2.3452
40.784 -2.31772 2.31772
40.785 -2.29064 2.29064
40.786 -2.26395 2.26395
40.787 -2.23768 2.23768
40.788 -2.21182 2.21182
40.789 -2.18639 2.18639
40.79 -2.1614 2.1614
40.791 -2.13686 2.13686
40.792 -2.11278 2.11278
40.793 -2.08916 2.08916
40.794 -2.06602 2.06602
40.795 -2.04336 2.04336
40.796 -2.0212 2.0212
40.797 -1.99954 1.99954
40.798 -1.97838 1.97838
40.799 -1.95775 1.95775
40.8 -1.93764 1.93764
40.801 -1.91805 1.91805
40.802 -1.89901 1.89901
40.803 -1.88049 1.88049
40.804 -1.86249 1.86249
40.805 -1.84503 1.84503
40.806 -1.82809 1.82809
40.807 -1.81167 1.81167
40.808 -1.79576 1.79576
40.809 -1.78038 1.78038
40.81 -1.7655 1.7655
40.811 -1.75114 1.75114
40.812 -1.73728 1.73728
40.813 -1.72393 1.72393
40.814 -1.71108 1.71108
40.815 -1.69872 1.69872
40.816 -1.68685 1.68685
40.817 -1.67546 1.67546
40.818 -1.66456 1.66456
40.819 -1.65414 1.65414
40.82 -1.64419 1.64419
40.821 -1.63471 1.63471
40.822 -1.6257 1.6257
40.823 -1.61716 1.61716
40.824 -1.6091 1.6091
40.825 -1.60152 1.60152
40.826 -1.59442 1.59442
40.827 -1.58781 1.58781
40.828 -1.58168 1.58168
40.829 -1.57604 1.57604
40.83 -1.5709 1.5709
40.831 -1.56624 1.56624
40.832 -1.56207 1.56207
40.833 -1.55838 1.55838
40.834 -1.55515 1.55515
40.835 -1.55241 1.55238
40.836 -1.5501 1.55008
40.837 -1.54824 1.54822
40.838 -1.54681 1.5468
40.839 -1.54582 1.54581
40.84 -1.54524 1.54523
40.841 -1.54509 1.54506
40.842 -1.54533 1.54533
40.843 -1.54598 1.54599
40.844 -1.54705 1.54707
40.845 -1.54853 1.54855
40.846 -1.55042 1.55044
40.847 -1.55271 1.55274
40.848 -1.5554 1.55544
40.849 -1.55853 1.55853
40.85 -1.56203 1.56203
40.851 -1.56594 1.56594
40.852 -1.57025 1.57025
40.853 -1.57498 1.57498
40.854 -1.58013 1.58013
40.855 -1.5857 1.5857
40.856 -1.5917 1.5917
40.857 -1.59814 1.59814
40.858 -1.60502 1.60502
40.859 -1.61236 1.61236
40.86 -1.62014 1.62014
40.861 -1.62838 1.62838
40.862 -1.63707 1.63707
40.863 -1.64622 1.64622
40.864 -1.65581 1.65581
40.865 -1.66584 1.66584
40.866 -1.6763 1.6763
40.867 -1.6872 1.6872
40.868 -1.69852 1.69852
40.869 -1.71027 1.71027
40.87 -1.72243 1.72243
40.871 -1.735 1.735
40.872 -1.74796 1.74796
40.873 -1.7613 1.7613
40.874 -1.77501 1.77501
40.875 -1.78907 1.78907
40.876 -1.80347 1.80347
40.877 -1.81818 1.81818
40.878 -1.83321 1.83321
40.879 -1.84852 1.84852
40.88 -1.8641 1.8641
40.881 -1.87995 1.87995
40.882 -1.89603 1.89603
40.883 -1.91234 1.91234
40.884 -1.92887 1.92887
40.885 -1.94558 1.94558
40.886 -1.96248 1.96248
40.887 -1.97954 1.97954
40.888 -1.99674 1.99674
40.889 -2.01407 2.01407
40.89 -2.03152 2.03152
40.891 -2.04906 2.04906
40.892 -2.0667 2.0667
40.893 -2.08441 2.08441
40.894 -2.1022 2.1022
40.895 -2.12005 2.12005
40.896 -2.13797 2.13797
40.897 -2.15593 2.15593
40.898 -2.17393 2.17393
40.899 -2.19197 2.19197
40.9 -2.21004 2.21004
40.901 -2.22812 2.22812
40.902 -2.24619 2.24619
40.903 -2.26423 2.26423
40.904 -2.28221 2.28221
40.905 -2.30011 2.30011
40.906 -2.31791 2.31791
40.907 -2.33557 2.33557
40.908 -2.35307 2.35307
40.909 -2.37039 2.37039
40.91 -2.3875 2.3875
40.911 -2.40439 2.40439
40.912 -2.42102 2.42102
40.913 -2.4374 2.4374
40.914 -2.45349 2.45349
40.915 -2.46929 2.46929
40.916 -2.48478 2.48478
40.917 -2.49995 2.49995
40.918 -2.51478 2.51478
40.919 -2.52925 2.52925
40.92 -2.54335 2.54335
40.921 -2.55708 2.55708
40.922 -2.5704 2.5704
40.923 -2.58331 2.58331
40.924 -2.5958 2.5958
40.925 -2.60785 2.60785
40.926 -2.61945 2.61945
40.927 -2.63059 2.63059
40.928 -2.64124 2.64124
40.929 -2.65141 2.65141
40.93 -2.66107 2.66107
40.931 -2.67022 2.67022
40.932 -2.67885 2.67885
40.933 -2.68695 2.68695
40.934 -2.69454 2.69454
40.935 -2.70159 2.70159
40.936 -2.70812 2.70812
40.937 -2.71412 2.71412
40.938 -2.71958 2.71958
40.939 -2.7245 2.7245
40.94 -2.72889 2.72889
40.941 -2.73274 2.73274
40.942 -2.73604 2.73604
40.943 -2.73879 2.73879
40.944 -2.74096 2.74096
40.945 -2.74255 2.74258
40.946 -2.74357 2.7436
40.947 -2.744 2.74402
40.948 -2.74383 2.74384
40.949 -2.74306 2.74306
40.95 -2.74166 2.74166
40.951 -2.73947 2.73946
40.952 -2.73614 2.73611
40.953 -2.73147 2.73147
40.954 -2.72551 2.72551
40.955 -2.71824 2.71824
40.956 -2.70967 2.70967
40.957 -2.6998 2.6998
40.958 -2.68864 2.68864
40.959 -2.6762 2.6762
40.96 -2.66249 2.66249
