0.01 -0.0463816 0 0 0.0463816 0 0
0.02 -0.113741 0 0 0.113741 0 0
0.03 0.0249839 0 0 -0.0249839 0 0
0.04 0.56375 0 0 -0.56375 0 0
0.05 1.4701 0 0 -1.4701 0 0
0.06 2.51087 0 0 -2.51087 0 0
0.07 3.36358 0 0 -3.36358 0 0
0.08 3.80084 0 0 -3.80084 0 0
0.09 3.79974 0 0 -3.79974 0 0
0.1 3.47173 0 0 -3.47173 0 0
0.11 2.93309 0 0 -2.93309 0 0
0.12 2.26915 0 0 -2.26915 0 0
0.13 1.56982 0 0 -1.56982 0 0
0.14 0.972199 0 0 -0.972199 0 0
0.15 0.608446 0 0 -0.608446 0 0
0.16 0.484387 0 0 -0.484387 0 0
0.17 0.472252 0 0 -0.472252 0 0
0.18 0.45594 0 0 -0.45594 0 0
0.19 0.459323 0 0 -0.459323 0 0
0.2 0.605807 0 0 -0.605807 0 0
0.21 0.958031 0 0 -0.958031 0 0
0.22 1.42283 0 0 -1.42283 0 0
0.23 1.8257 0 0 -1.8257 0 0
0.24 2.06532 0 0 -2.06532 0 0
0.25 2.17145 0 0 -2.17145 0 0
0.26 2.23333 0 0 -2.23333 0 0
0.27 2.3414 0 0 -2.3414 0 0
0.28 2.5836 0 0 -2.5836 0 0
0.29 2.99533 0 0 -2.99533 0 0
0.3 3.51965 0 0 -3.51965 0 0
0.31 4.05667 0 0 -4.05667 0 0
0.32 4.48346 0 0 -4.48346 0 0
0.33 4.67497 0 0 -4.67497 0 0
0.34 4.61742 0 0 -4.61742 0 0
0.35 4.41548 0 0 -4.41548 0 0
0.36 4.14034 0 0 -4.14034 0 0
0.37 3.74973 0 0 -3.74973 0 0
0.38 3.19098 0 0 -3.19098 0 0
0.39 2.5191 0 0 -2.5191 0 0
0.4 1.85507 0 0 -1.85507 0 0
0.41 1.28789 0 0 -1.28789 0 0
0.42 0.871204 0 0 -0.871204 0 0
0.43 0.667578 0 0 -0.667578 0 0
0.44 0.722767 0 0 -0.722767 0 0
0.45 1.02515 0 0 -1.02515 0 0
0.46 1.52976 0 0 -1.52976 0 0
0.47 2.17577 0 0 -2.17577 0 0
0.48 2.8581 0 0 -2.8581 0 0
0.49 3.40905 0 0 -3.40905 0 0
0.5 3.6598 0 0 -3.6598 0 0
0.51 3.58671 0 0 -3.58671 0 0
0.52 3.34193 0 0 -3.34193 0 0
0.53 3.06031 0 0 -3.06031 0 0
0.54 2.73823 0 0 -2.73823 0 0
0.55 2.31967 0 0 -2.31967 0 0
0.56 1.79154 0 0 -1.79154 0 0
0.57 1.17627 0 0 -1.17627 0 0
0.58 0.476522 0 0 -0.476522 0 0
0.59 -0.30928 0 0 0.30928 0 0
0.6 -1.12494 0 0 1.12494 0 0
0.61 -1.8824 0 0 1.8824 0 0
0.62 -2.5119 0 0 2.5119 0 0
0.63 -2.88764 0 0 2.88764 0 0
0.64 -2.7949 0 0 2.7949 0 0
0.65 -2.05524 0 0 2.05524 0 0
0.66 -0.579651 0 0 0.579651 0 0
0.67 1.6208 0 0 -1.6208 0 0
0.68 4.31846 0 0 -4.31846 0 0
0.69 7.08525 0 0 -7.08525 0 0
0.7 9.52132 0 0 -9.52132 0 0
0.71 11.4605 0 0 -11.4605 0 0
0.72 12.993 0 0 -12.993 0 0
0.73 14.2722 0 0 -14.2722 0 0
0.74 15.2993 0 0 -15.2993 0 0
0.75 15.8803 0 0 -15.8803 0 0
0.76 15.7238 0 0 -15.7238 0 0
0.77 14.6386 0 0 -14.6386 0 0
0.78 12.7105 0 0 -12.7105 0 0
0.79 10.2425 0 0 -10.2425 0 0
0.8 7.57236 0 0 -7.57236 0 0
0.81 4.9485 0 0 -4.9485 0 0
0.82 2.47879 0 0 -2.47879 0 0
0.83 0.26753 0 0 -0.26753 0 0
0.84 -1.15653 0 0 1.15653 0 0
0.85 -0.866083 0 0 0.866083 0 0
0.86 1.61095 0 0 -1.61095 0 0
0.87 5.89394 0 0 -5.89394 0 0
0.88 11.2218 0 0 -11.2218 0 0
0.89 16.9515 0 0 -16.9515 0 0
0.9 22.6833 0 0 -22.6833 0 0
0.91 28.101 0 0 -28.101 0 0
0.92 32.7553 0 0 -32.7553 0 0
0.93 36.1149 0 0 -36.1149 0 0
0.94 37.8814 0 0 -37.8814 0 0
0.95 38.1071 0 0 -38.1071 0 0
0.96 37.0061 0 0 -37.0061 0 0
0.97 34.6896 0 0 -34.6896 0 0
0.98 31.143 0 0 -31.143 0 0
0.99 26.4167 0 0 -26.4167 0 0
1 20.5966 0 0 -20.5966 0 0
1.01 13.6864 0 0 -13.6864 0 0
1.02 5.71251 0 0 -5.71251 0 0
1.03 -3.11351 0 0 3.11351 0 0
1.04 -12.3021 0 0 12.3021 0 0
1.05 -21.1352 0 0 21.1352 0 0
1.06 -28.9137 0 0 28.9137 0 0
1.07 -35.2649 0 0 35.2649 0 0
1.08 -40.2087 0 0 40.2087 0 0
1.09 -43.8664 0 0 43.8664 0 0
1.1 -46.2406 0 0 46.2406 0 0
1.11 -47.3275 0 0 47.3275 0 0
1.12 -47.2773 0 0 47.2773 0 0
1.13 -46.3041 0 0 46.3041 0 0
1.14 -44.5048 0 0 44.5048 0 0
1.15 -41.8883 0 0 41.8883 0 0
1.16 -38.5633 0 0 38.5633 0 0
1.17 -34.8297 0 0 34.8297 0 0
1.18 -31.0504 0 0 31.0504 0 0
1.19 -27.4615 0 0 27.4615 0 0
1.2 -24.1435 0 0 24.1435 0 0
1.21 -21.0979 0 0 21.0979 0 0
1.22 -18.2773 0 0 18.2773 0 0
1.23 -15.5473 0 0 15.5473 0 0
1.24 -12.704 0 0 12.704 0 0
1.25 -9.54798 0 0 9.54798 0 0
1.26 -5.88801 0 0 5.88801 0 0
1.27 -1.49322 0 0 1.49322 0 0
1.28 4.00948 0 0 -4.00948 0 0
1.29 11.1155 0 0 -11.1155 0 0
1.3 20.0945 0 0 -20.0945 0 0
1.31 30.64 0 0 -30.64 0 0
1.32 41.7347 0 0 -41.7347 0 0
1.33 51.8247 0 0 -51.8247 0 0
1.34 59.5315 0 0 -59.5315 0 0
1.35 64.353 0 0 -64.353 0 0
1.36 66.6528 0 0 -66.6528 0 0
1.37 67.0925 0 0 -67.0925 0 0
1.38 66.0245 0 0 -66.0245 0 0
1.39 63.2522 0 0 -63.2522 0 0
1.4 58.2464 0 0 -58.2464 0 0
1.41 50.4608 0 0 -50.4608 0 0
1.42 39.4844 0 0 -39.4844 0 0
1.43 25.0826 0 0 -25.0826 0 0
1.44 7.21328 0 0 -7.21328 0 0
1.45 -13.7285 0 0 13.7285 0 0
1.46 -36.2209 0 0 36.2209 0 0
1.47 -57.3243 0 0 57.3243 0 0
1.48 -73.7799 0 0 73.7799 0 0
1.49 -83.9287 0 0 83.9287 0 0
1.5 -88.3361 0 0 88.3361 0 0
1.51 -88.6209 0 0 88.6209 0 0
1.52 -86.2341 0 0 86.2341 0 0
1.53 -82.1418 0 0 82.1418 0 0
1.54 -76.91 0 0 76.91 0 0
1.55 -70.6651 0 0 70.6651 0 0
1.56 -63.1155 0 0 63.1155 0 0
1.57 -53.7845 0 0 53.7845 0 0
1.58 -42.2052 0 0 42.2052 0 0
1.59 -27.9527 0 0 27.9527 0 0
1.6 -10.6491 0 0 10.6491 0 0
1.61 9.90235 0 0 -9.90235 0 0
1.62 33.0599 0 0 -33.0599 0 0
1.63 56.4572 0 0 -56.4572 0 0
1.64 76.4776 0 0 -76.4776 0 0
1.65 90.4625 0 0 -90.4625 0 0
1.66 98.2323 0 0 -98.2323 0 0
1.67 101.259 0 0 -101.259 0 0
1.68 101.184 0 0 -101.184 0 0
1.69 99.0791 0 0 -99.0791 0 0
1.7 95.3919 0 0 -95.3919 0 0
1.71 90.1353 0 0 -90.1353 0 0
1.72 83.1068 0 0 -83.1068 0 0
1.73 74.1425 0 0 -74.1425 0 0
1.74 63.2331 0 0 -63.2331 0 0
1.75 50.3132 0 0 -50.3132 0 0
1.76 34.9421 0 0 -34.9421 0 0
1.77 16.2939 0 0 -16.2939 0 0
1.78 -6.43537 0 0 6.43537 0 0
1.79 -32.9485 0 0 32.9485 0 0
1.8 -60.3342 0 0 60.3342 0 0
1.81 -83.6997 0 0 83.6997 0 0
1.82 -99.6589 0 0 99.6589 0 0
1.83 -108.39 0 0 108.39 0 0
1.84 -111.942 0 0 111.942 0 0
1.85 -112.195 0 0 112.195 0 0
1.86 -110.236 0 0 110.236 0 0
1.87 -106.539 0 0 106.539 0 0
1.88 -101.296 0 0 101.296 0 0
1.89 -94.6101 0 0 94.6101 0 0
1.9 -86.5487 0 0 86.5487 0 0
1.91 -77.1886 0 0 77.1886 0 0
1.92 -66.541 0 0 66.541 0 0
1.93 -54.4324 0 0 54.4324 0 0
1.94 -40.4592 0 0 40.4592 0 0
1.95 -24.0785 0 0 24.0785 0 0
1.96 -4.97106 0 0 4.97106 0 0
1.97 16.4302 0 0 -16.4302 0 0
1.98 38.3559 0 0 -38.3559 0 0
1.99 57.8664 0 0 -57.8664 0 0
2 72.2528 0 0 -72.2528 0 0
2.01 80.4787 0 0 -80.4787 0 0
2.02 83.1332 0 0 -83.1332 0 0
2.03 81.4611 0 0 -81.4611 0 0
2.04 76.7157 0 0 -76.7157 0 0
2.05 69.9733 0 0 -69.9733 0 0
2.06 62.0426 0 0 -62.0426 0 0
2.07 53.3395 0 0 -53.3395 0 0
2.08 43.8785 0 0 -43.8785 0 0
2.09 33.4792 0 0 -33.4792 0 0
2.1 22.0167 0 0 -22.0167 0 0
2.11 9.53721 0 0 -9.53721 0 0
2.12 -3.76083 0 0 3.76083 0 0
2.13 -17.4857 0 0 17.4857 0 0
2.14 -30.8139 0 0 30.8139 0 0
2.15 -42.3864 0 0 42.3864 0 0
2.16 -50.6417 0 0 50.6417 0 0
2.17 -54.2999 0 0 54.2999 0 0
2.18 -52.4271 0 0 52.4271 0 0
2.19 -44.107 0 0 44.107 0 0
2.2 -28.0822 0 0 28.0822 0 0
2.21 -2.64927 0 0 2.64927 0 0
2.22 33.2507 0 0 -33.2507 0 0
2.23 75.295 0 0 -75.295 0 0
2.24 111.591 0 0 -111.591 0 0
2.25 134.365 0 0 -134.365 0 0
2.26 146.46 0 0 -146.46 0 0
2.27 152.327 0 0 -152.327 0 0
2.28 153.504 0 0 -153.504 0 0
2.29 149.826 0 0 -149.826 0 0
2.3 141.18 0 0 -141.18 0 0
2.31 127.3 0 0 -127.3 0 0
2.32 107.184 0 0 -107.184 0 0
2.33 78.4037 0 0 -78.4037 0 0
2.34 35.9334 0 0 -35.9334 0 0
2.35 -28.4007 0 0 28.4007 0 0
2.36 -107.689 0 0 107.689 0 0
2.37 -160.151 0 0 160.151 0 0
2.38 -179.293 0 0 179.293 0 0
2.39 -184.973 0 0 184.973 0 0
2.4 -185.154 0 0 185.154 0 0
2.41 -181.74 0 0 181.74 0 0
2.42 -175.128 0 0 175.128 0 0
2.43 -165.549 0 0 165.549 0 0
2.44 -152.853 0 0 152.853 0 0
2.45 -136.769 0 0 136.769 0 0
2.46 -116.362 0 0 116.362 0 0
2.47 -89.786 0 0 89.786 0 0
2.48 -53.6292 0 0 53.6292 0 0
2.49 -1.90532 0 0 1.90532 0 0
2.5 67.9422 0 0 -67.9422 0 0
2.51 130.718 0 0 -130.718 0 0
2.52 160.605 0 0 -160.605 0 0
2.53 169.916 0 0 -169.916 0 0
2.54 171.988 0 0 -171.988 0 0
2.55 171.413 0 0 -171.413 0 0
2.56 169.702 0 0 -169.702 0 0
2.57 167.541 0 0 -167.541 0 0
2.58 165.286 0 0 -165.286 0 0
2.59 162.996 0 0 -162.996 0 0
2.6 160.455 0 0 -160.455 0 0
2.61 157.236 0 0 -157.236 0 0
2.62 152.999 0 0 -152.999 0 0
2.63 147.52 0 0 -147.52 0 0
2.64 140.641 0 0 -140.641 0 0
2.65 132.09 0 0 -132.09 0 0
2.66 121.35 0 0 -121.35 0 0
2.67 107.61 0 0 -107.61 0 0
2.68 89.4809 0 0 -89.4809 0 0
2.69 64.3846 0 0 -64.3846 0 0
2.7 28.1398 0 0 -28.1398 0 0
2.71 -25.4788 0 0 25.4788 0 0
2.72 -93.068 0 0 93.068 0 0
2.73 -145.58 0 0 145.58 0 0
2.74 -170.261 0 0 170.261 0 0
2.75 -180.837 0 0 180.837 0 0
2.76 -185.655 0 0 185.655 0 0
2.77 -187.002 0 0 187.002 0 0
2.78 -185.198 0 0 185.198 0 0
2.79 -180.449 0 0 180.449 0 0
2.8 -172.482 0 0 172.482 0 0
2.81 -160.977 0 0 160.977 0 0
2.82 -145.12 0 0 145.12 0 0
2.83 -124.093 0 0 124.093 0 0
2.84 -96.6556 0 0 96.6556 0 0
2.85 -60.5155 0 0 60.5155 0 0
2.86 -11.2457 0 0 11.2457 0 0
2.87 54.6557 0 0 -54.6557 0 0
2.88 119.144 0 0 -119.144 0 0
2.89 154.627 0 0 -154.627 0 0
2.9 167.752 0 0 -167.752 0 0
2.91 172.242 0 0 -172.242 0 0
2.92 173.028 0 0 -173.028 0 0
2.93 171.315 0 0 -171.315 0 0
2.94 167.432 0 0 -167.432 0 0
2.95 161.582 0 0 -161.582 0 0
2.96 153.954 0 0 -153.954 0 0
2.97 144.668 0 0 -144.668 0 0
2.98 133.669 0 0 -133.669 0 0
2.99 120.752 0 0 -120.752 0 0
3 105.419 0 0 -105.419 0 0
3.01 86.8214 0 0 -86.8214 0 0
3.02 63.3574 0 0 -63.3574 0 0
3.03 32.3954 0 0 -32.3954 0 0
3.04 -9.97295 0 0 9.97295 0 0
3.05 -63.94 0 0 63.94 0 0
3.06 -114.299 0 0 114.299 0 0
3.07 -144.267 0 0 144.267 0 0
3.08 -157.926 0 0 157.926 0 0
3.09 -164.464 0 0 164.464 0 0
3.1 -168.258 0 0 168.258 0 0
3.11 -170.668 0 0 170.668 0 0
3.12 -172.281 0 0 172.281 0 0
3.13 -173.326 0 0 173.326 0 0
3.14 -173.946 0 0 173.946 0 0
3.15 -174.073 0 0 174.073 0 0
3.16 -173.773 0 0 173.773 0 0
3.17 -172.944 0 0 172.944 0 0
3.18 -171.544 0 0 171.544 0 0
3.19 -169.231 0 0 169.231 0 0
3.2 -165.631 0 0 165.631 0 0
3.21 -160.126 0 0 160.126 0 0
3.22 -152.162 0 0 152.162 0 0
3.23 -141.133 0 0 141.133 0 0
3.24 -126.51 0 0 126.51 0 0
3.25 -107.428 0 0 107.428 0 0
3.26 -82.4702 0 0 82.4702 0 0
3.27 -49.7342 0 0 49.7342 0 0
3.28 -5.91591 0 0 5.91591 0 0
3.29 50.1405 0 0 -50.1405 0 0
3.3 104.636 0 0 -104.636 0 0
3.31 137.345 0 0 -137.345 0 0
3.32 150.519 0 0 -150.519 0 0
3.33 154.831 0 0 -154.831 0 0
3.34 155.587 0 0 -155.587 0 0
3.35 154.056 0 0 -154.056 0 0
3.36 150.433 0 0 -150.433 0 0
3.37 144.456 0 0 -144.456 0 0
3.38 136.076 0 0 -136.076 0 0
3.39 124.964 0 0 -124.964 0 0
3.4 110.855 0 0 -110.855 0 0
3.41 93.1204 0 0 -93.1204 0 0
3.42 70.9734 0 0 -70.9734 0 0
3.43 43.3051 0 0 -43.3051 0 0
3.44 8.72668 0 0 -8.72668 0 0
3.45 -32.837 0 0 32.837 0 0
3.46 -74.7908 0 0 74.7908 0 0
3.47 -105.435 0 0 105.435 0 0
3.48 -121 0 0 121 0 0
3.49 -126.802 0 0 126.802 0 0
3.5 -128.284 0 0 128.284 0 0
3.51 -128.359 0 0 128.359 0 0
3.52 -127.863 0 0 127.863 0 0
3.53 -126.554 0 0 126.554 0 0
3.54 -123.53 0 0 123.53 0 0
3.55 -117.923 0 0 117.923 0 0
3.56 -108.855 0 0 108.855 0 0
3.57 -95.6421 0 0 95.6421 0 0
3.58 -77.2496 0 0 77.2496 0 0
3.59 -52.0225 0 0 52.0225 0 0
3.6 -17.0748 0 0 17.0748 0 0
3.61 30.7277 0 0 -30.7277 0 0
3.62 85.8591 0 0 -85.8591 0 0
3.63 128.444 0 0 -128.444 0 0
3.64 150.128 0 0 -150.128 0 0
3.65 159.609 0 0 -159.609 0 0
3.66 164.403 0 0 -164.403 0 0
3.67 167.415 0 0 -167.415 0 0
3.68 169.848 0 0 -169.848 0 0
3.69 172.079 0 0 -172.079 0 0
3.7 174.111 0 0 -174.111 0 0
3.71 175.374 0 0 -175.374 0 0
3.72 175.386 0 0 -175.386 0 0
3.73 173.612 0 0 -173.612 0 0
3.74 169.908 0 0 -169.908 0 0
3.75 164.052 0 0 -164.052 0 0
3.76 156.037 0 0 -156.037 0 0
3.77 145.74 0 0 -145.74 0 0
3.78 133.277 0 0 -133.277 0 0
3.79 118.763 0 0 -118.763 0 0
3.8 102.454 0 0 -102.454 0 0
3.81 84.268 0 0 -84.268 0 0
3.82 64.2039 0 0 -64.2039 0 0
3.83 41.9974 0 0 -41.9974 0 0
3.84 17.4455 0 0 -17.4455 0 0
3.85 -9.21519 0 0 9.21519 0 0
3.86 -36.4237 0 0 36.4237 0 0
3.87 -61.0032 0 0 61.0032 0 0
3.88 -80.0566 0 0 80.0566 0 0
3.89 -93.0056 0 0 93.0056 0 0
3.9 -101.182 0 0 101.182 0 0
3.91 -106.533 0 0 106.533 0 0
3.92 -110.409 0 0 110.409 0 0
3.93 -113.641 0 0 113.641 0 0
3.94 -116.387 0 0 116.387 0 0
3.95 -118.549 0 0 118.549 0 0
3.96 -119.76 0 0 119.76 0 0
3.97 -119.779 0 0 119.779 0 0
3.98 -118.195 0 0 118.195 0 0
3.99 -114.839 0 0 114.839 0 0
4 -109.554 0 0 109.554 0 0
4.01 -102.695 0 0 102.695 0 0
4.02 -94.8862 0 0 94.8862 0 0
4.03 -87.0761 0 0 87.0761 0 0
4.04 -80.015 0 0 80.015 0 0
4.05 -74.166 0 0 74.166 0 0
4.06 -69.5554 0 0 69.5554 0 0
4.07 -66.2049 0 0 66.2049 0 0
4.08 -64.1817 0 0 64.1817 0 0
4.09 -63.8349 0 0 63.8349 0 0
4.1 -65.5106 0 0 65.5106 0 0
4.11 -69.2359 0 0 69.2359 0 0
4.12 -74.4447 0 0 74.4447 0 0
4.13 -80.3172 0 0 80.3172 0 0
4.14 -86.2017 0 0 86.2017 0 0
4.15 -92.1362 0 0 92.1362 0 0
4.16 -98.5156 0 0 98.5156 0 0
4.17 -105.79 0 0 105.79 0 0
4.18 -113.742 0 0 113.742 0 0
4.19 -121.702 0 0 121.702 0 0
4.2 -128.689 0 0 128.689 0 0
4.21 -133.994 0 0 133.994 0 0
4.22 -137.035 0 0 137.035 0 0
4.23 -137.636 0 0 137.636 0 0
4.24 -135.581 0 0 135.581 0 0
4.25 -130.982 0 0 130.982 0 0
4.26 -123.786 0 0 123.786 0 0
4.27 -114.105 0 0 114.105 0 0
4.28 -101.759 0 0 101.759 0 0
4.29 -86.3444 0 0 86.3444 0 0
4.3 -66.6875 0 0 66.6875 0 0
4.31 -40.9283 0 0 40.9283 0 0
4.32 -5.9048 0 0 5.9048 0 0
4.33 40.7467 0 0 -40.7467 0 0
4.34 91.7486 0 0 -91.7486 0 0
4.35 129.516 0 0 -129.516 0 0
4.36 149.138 0 0 -149.138 0 0
4.37 158.348 0 0 -158.348 0 0
4.38 163.19 0 0 -163.19 0 0
4.39 165.761 0 0 -165.761 0 0
4.4 167.046 0 0 -167.046 0 0
4.41 167.308 0 0 -167.308 0 0
4.42 167.056 0 0 -167.056 0 0
4.43 166.339 0 0 -166.339 0 0
4.44 165.447 0 0 -165.447 0 0
4.45 164.199 0 0 -164.199 0 0
4.46 162.604 0 0 -162.604 0 0
4.47 160.198 0 0 -160.198 0 0
4.48 156.645 0 0 -156.645 0 0
4.49 151.218 0 0 -151.218 0 0
4.5 143.63 0 0 -143.63 0 0
4.51 133.499 0 0 -133.499 0 0
4.52 120.911 0 0 -120.911 0 0
4.53 105.683 0 0 -105.683 0 0
4.54 87.5286 0 0 -87.5286 0 0
4.55 65.629 0 0 -65.629 0 0
4.56 38.7646 0 0 -38.7646 0 0
4.57 4.84713 0 0 -4.84713 0 0
4.58 -37.1399 0 0 37.1399 0 0
4.59 -81.1917 0 0 81.1917 0 0
4.6 -114.77 0 0 114.77 0 0
4.61 -133.596 0 0 133.596 0 0
4.62 -143.135 0 0 143.135 0 0
4.63 -149.092 0 0 149.092 0 0
4.64 -153.98 0 0 153.98 0 0
4.65 -158.849 0 0 158.849 0 0
4.66 -163.648 0 0 163.648 0 0
4.67 -168.277 0 0 168.277 0 0
4.68 -171.996 0 0 171.996 0 0
4.69 -174.446 0 0 174.446 0 0
4.7 -175.069 0 0 175.069 0 0
4.71 -173.964 0 0 173.964 0 0
4.72 -171.019 0 0 171.019 0 0
4.73 -166.504 0 0 166.504 0 0
4.74 -160.243 0 0 160.243 0 0
4.75 -152.34 0 0 152.34 0 0
4.76 -142.438 0 0 142.438 0 0
4.77 -130.298 0 0 130.298 0 0
4.78 -114.864 0 0 114.864 0 0
4.79 -94.5874 0 0 94.5874 0 0
4.8 -66.4755 0 0 66.4755 0 0
4.81 -26.0791 0 0 26.0791 0 0
4.82 32.7116 0 0 -32.7116 0 0
4.83 102.404 0 0 -102.404 0 0
4.84 151.043 0 0 -151.043 0 0
4.85 172.378 0 0 -172.378 0 0
4.86 182.384 0 0 -182.384 0 0
4.87 188.256 0 0 -188.256 0 0
4.88 191.908 0 0 -191.908 0 0
4.89 193.161 0 0 -193.161 0 0
4.9 192.407 0 0 -192.407 0 0
4.91 189.546 0 0 -189.546 0 0
4.92 185.338 0 0 -185.338 0 0
4.93 179.987 0 0 -179.987 0 0
4.94 174.376 0 0 -174.376 0 0
4.95 168.55 0 0 -168.55 0 0
4.96 162.895 0 0 -162.895 0 0
4.97 156.981 0 0 -156.981 0 0
4.98 150.829 0 0 -150.829 0 0
4.99 143.942 0 0 -143.942 0 0
5 136.396 0 0 -136.396 0 0
5.01 127.887 0 0 -127.887 0 0
5.02 118.649 0 0 -118.649 0 0
5.03 108.459 0 0 -108.459 0 0
5.04 97.2957 0 0 -97.2957 0 0
5.05 84.5787 0 0 -84.5787 0 0
5.06 69.651 0 0 -69.651 0 0
5.07 51.5279 0 0 -51.5279 0 0
5.08 28.8179 0 0 -28.8179 0 0
5.09 -0.311907 0 0 0.311907 0 0
5.1 -36.6331 0 0 36.6331 0 0
5.11 -75.695 0 0 75.695 0 0
5.12 -107.713 0 0 107.713 0 0
5.13 -127.579 0 0 127.579 0 0
5.14 -138.2 0 0 138.2 0 0
5.15 -144.191 0 0 144.191 0 0
5.16 -147.937 0 0 147.937 0 0
5.17 -150.678 0 0 150.678 0 0
5.18 -152.639 0 0 152.639 0 0
5.19 -154.159 0 0 154.159 0 0
5.2 -155.071 0 0 155.071 0 0
5.21 -155.545 0 0 155.545 0 0
5.22 -155.381 0 0 155.381 0 0
5.23 -154.774 0 0 154.774 0 0
5.24 -153.616 0 0 153.616 0 0
5.25 -152.212 0 0 152.212 0 0
5.26 -150.542 0 0 150.542 0 0
5.27 -148.956 0 0 148.956 0 0
5.28 -147.388 0 0 147.388 0 0
5.29 -146.065 0 0 146.065 0 0
5.3 -144.804 0 0 144.804 0 0
5.31 -143.719 0 0 143.719 0 0
5.32 -142.594 0 0 142.594 0 0
5.33 -141.538 0 0 141.538 0 0
5.34 -140.359 0 0 140.359 0 0
5.35 -139.219 0 0 139.219 0 0
5.36 -138.018 0 0 138.018 0 0
5.37 -137.033 0 0 137.033 0 0
5.38 -136.219 0 0 136.219 0 0
5.39 -135.72 0 0 135.72 0 0
5.4 -135.208 0 0 135.208 0 0
5.41 -134.4 0 0 134.4 0 0
5.42 -132.586 0 0 132.586 0 0
5.43 -129.364 0 0 129.364 0 0
5.44 -124.193 0 0 124.193 0 0
5.45 -116.981 0 0 116.981 0 0
5.46 -107.51 0 0 107.51 0 0
5.47 -95.8773 0 0 95.8773 0 0
5.48 -81.9414 0 0 81.9414 0 0
5.49 -65.6428 0 0 65.6428 0 0
5.5 -46.8094 0 0 46.8094 0 0
5.51 -25.1324 0 0 25.1324 0 0
5.52 -0.363114 0 0 0.363114 0 0
5.53 26.7211 0 0 -26.7211 0 0
5.54 53.028 0 0 -53.028 0 0
5.55 74.0469 0 0 -74.0469 0 0
5.56 87.134 0 0 -87.134 0 0
5.57 92.8376 0 0 -92.8376 0 0
5.58 93.3542 0 0 -93.3542 0 0
5.59 90.5838 0 0 -90.5838 0 0
5.6 85.8486 0 0 -85.8486 0 0
5.61 79.7974 0 0 -79.7974 0 0
5.62 72.8415 0 0 -72.8415 0 0
5.63 65.0695 0 0 -65.0695 0 0
5.64 56.5702 0 0 -56.5702 0 0
5.65 47.3794 0 0 -47.3794 0 0
5.66 37.623 0 0 -37.623 0 0
5.67 27.548 0 0 -27.548 0 0
5.68 17.6613 0 0 -17.6613 0 0
5.69 8.78305 0 0 -8.78305 0 0
5.7 2.12196 0 0 -2.12196 0 0
5.71 -0.892545 0 0 0.892545 0 0
5.72 1.15699 0 0 -1.15699 0 0
5.73 9.38243 0 0 -9.38243 0 0
5.74 24.2156 0 0 -24.2156 0 0
5.75 44.7712 0 0 -44.7712 0 0
5.76 68.0067 0 0 -68.0067 0 0
5.77 89.1801 0 0 -89.1801 0 0
5.78 104.786 0 0 -104.786 0 0
5.79 114.389 0 0 -114.389 0 0
5.8 119.701 0 0 -119.701 0 0
5.81 122.369 0 0 -122.369 0 0
5.82 123.603 0 0 -123.603 0 0
5.83 123.836 0 0 -123.836 0 0
5.84 123.282 0 0 -123.282 0 0
5.85 121.826 0 0 -121.826 0 0
5.86 119.568 0 0 -119.568 0 0
5.87 116.493 0 0 -116.493 0 0
5.88 112.778 0 0 -112.778 0 0
5.89 108.336 0 0 -108.336 0 0
5.9 103.163 0 0 -103.163 0 0
5.91 97.0702 0 0 -97.0702 0 0
5.92 89.9997 0 0 -89.9997 0 0
5.93 81.7767 0 0 -81.7767 0 0
5.94 72.2988 0 0 -72.2988 0 0
5.95 61.3517 0 0 -61.3517 0 0
5.96 48.979 0 0 -48.979 0 0
5.97 35.384 0 0 -35.384 0 0
5.98 21.0583 0 0 -21.0583 0 0
5.99 6.65784 0 0 -6.65784 0 0
6 -6.97067 0 0 6.97067 0 0
6.01 -18.796 0 0 18.796 0 0
6.02 -27.8647 0 0 27.8647 0 0
6.03 -33.6068 0 0 33.6068 0 0
6.04 -35.8474 0 0 35.8474 0 0
6.05 -34.6837 0 0 34.6837 0 0
6.06 -30.2048 0 0 30.2048 0 0
6.07 -22.4242 0 0 22.4242 0 0
6.08 -11.2581 0 0 11.2581 0 0
6.09 3.3149 0 0 -3.3149 0 0
6.1 20.8686 0 0 -20.8686 0 0
6.11 39.9982 0 0 -39.9982 0 0
6.12 58.2675 0 0 -58.2675 0 0
6.13 73.0613 0 0 -73.0613 0 0
6.14 83.0783 0 0 -83.0783 0 0
6.15 88.5851 0 0 -88.5851 0 0
6.16 90.8928 0 0 -90.8928 0 0
6.17 91.3519 0 0 -91.3519 0 0
6.18 91.1924 0 0 -91.1924 0 0
6.19 91.2067 0 0 -91.2067 0 0
6.2 91.8983 0 0 -91.8983 0 0
6.21 93.2057 0 0 -93.2057 0 0
6.22 94.8694 0 0 -94.8694 0 0
6.23 96.35 0 0 -96.35 0 0
6.24 97.2702 0 0 -97.2702 0 0
6.25 97.2351 0 0 -97.2351 0 0
6.26 96.1487 0 0 -96.1487 0 0
6.27 93.9521 0 0 -93.9521 0 0
6.28 90.7846 0 0 -90.7846 0 0
6.29 86.643 0 0 -86.643 0 0
6.3 81.5397 0 0 -81.5397 0 0
6.31 75.1696 0 0 -75.1696 0 0
6.32 67.0919 0 0 -67.0919 0 0
6.33 56.5571 0 0 -56.5571 0 0
6.34 42.7684 0 0 -42.7684 0 0
6.35 24.7448 0 0 -24.7448 0 0
6.36 1.48268 0 0 -1.48268 0 0
6.37 -27.3149 0 0 27.3149 0 0
6.38 -58.9938 0 0 58.9938 0 0
6.39 -87.368 0 0 87.368 0 0
6.4 -107.14 0 0 107.14 0 0
6.41 -118.364 0 0 118.364 0 0
6.42 -123.931 0 0 123.931 0 0
6.43 -126.531 0 0 126.531 0 0
6.44 -127.483 0 0 127.483 0 0
6.45 -127.509 0 0 127.509 0 0
6.46 -126.744 0 0 126.744 0 0
6.47 -125.419 0 0 125.419 0 0
6.48 -123.515 0 0 123.515 0 0
6.49 -121.272 0 0 121.272 0 0
6.5 -118.697 0 0 118.697 0 0
6.51 -115.969 0 0 115.969 0 0
6.52 -113.016 0 0 113.016 0 0
6.53 -109.876 0 0 109.876 0 0
6.54 -106.365 0 0 106.365 0 0
6.55 -102.452 0 0 102.452 0 0
6.56 -97.9441 0 0 97.9441 0 0
6.57 -92.856 0 0 92.856 0 0
6.58 -87.068 0 0 87.068 0 0
6.59 -80.61 0 0 80.61 0 0
6.6 -73.3643 0 0 73.3643 0 0
6.61 -65.1495 0 0 65.1495 0 0
6.62 -55.5361 0 0 55.5361 0 0
6.63 -43.9874 0 0 43.9874 0 0
6.64 -29.874 0 0 29.874 0 0
6.65 -12.7794 0 0 12.7794 0 0
6.66 7.29153 0 0 -7.29153 0 0
6.67 29.3069 0 0 -29.3069 0 0
6.68 50.7501 0 0 -50.7501 0 0
6.69 68.4448 0 0 -68.4448 0 0
6.7 80.3953 0 0 -80.3953 0 0
6.71 86.5887 0 0 -86.5887 0 0
6.72 88.3419 0 0 -88.3419 0 0
6.73 87.01 0 0 -87.01 0 0
6.74 83.7371 0 0 -83.7371 0 0
6.75 79.1462 0 0 -79.1462 0 0
6.76 73.5805 0 0 -73.5805 0 0
6.77 66.9323 0 0 -66.9323 0 0
6.78 58.8748 0 0 -58.8748 0 0
6.79 48.9232 0 0 -48.9232 0 0
6.8 36.7113 0 0 -36.7113 0 0
6.81 21.9793 0 0 -21.9793 0 0
6.82 4.70053 0 0 -4.70053 0 0
6.83 -14.7689 0 0 14.7689 0 0
6.84 -35.1809 0 0 35.1809 0 0
6.85 -54.3811 0 0 54.3811 0 0
6.86 -70.1202 0 0 70.1202 0 0
6.87 -81.2357 0 0 81.2357 0 0
6.88 -87.9331 0 0 87.9331 0 0
6.89 -91.3345 0 0 91.3345 0 0
6.9 -92.5751 0 0 92.5751 0 0
6.91 -92.6771 0 0 92.6771 0 0
6.92 -92.2082 0 0 92.2082 0 0
6.93 -91.6029 0 0 91.6029 0 0
6.94 -90.9888 0 0 90.9888 0 0
6.95 -90.4259 0 0 90.4259 0 0
6.96 -89.694 0 0 89.694 0 0
6.97 -88.505 0 0 88.505 0 0
6.98 -86.3365 0 0 86.3365 0 0
6.99 -82.6781 0 0 82.6781 0 0
7 -76.8077 0 0 76.8077 0 0
7.01 -68.0196 0 0 68.0196 0 0
7.02 -55.4058 0 0 55.4058 0 0
7.03 -38.0045 0 0 38.0045 0 0
7.04 -14.6819 0 0 14.6819 0 0
7.05 15.3625 0 0 -15.3625 0 0
7.06 50.3028 0 0 -50.3028 0 0
7.07 83.156 0 0 -83.156 0 0
7.08 106.301 0 0 -106.301 0 0
7.09 118.599 0 0 -118.599 0 0
7.1 123.899 0 0 -123.899 0 0
7.11 125.679 0 0 -125.679 0 0
7.12 126.057 0 0 -126.057 0 0
7.13 125.888 0 0 -125.888 0 0
7.14 125.668 0 0 -125.668 0 0
7.15 125.478 0 0 -125.478 0 0
7.16 125.574 0 0 -125.574 0 0
7.17 126.056 0 0 -126.056 0 0
7.18 127.282 0 0 -127.282 0 0
7.19 129.387 0 0 -129.387 0 0
7.2 132.599 0 0 -132.599 0 0
7.21 136.702 0 0 -136.702 0 0
7.22 141.371 0 0 -141.371 0 0
7.23 145.826 0 0 -145.826 0 0
7.24 149.428 0 0 -149.428 0 0
7.25 151.379 0 0 -151.379 0 0
7.26 151.38 0 0 -151.38 0 0
7.27 149.122 0 0 -149.122 0 0
7.28 144.727 0 0 -144.727 0 0
7.29 138.152 0 0 -138.152 0 0
7.3 129.616 0 0 -129.616 0 0
7.31 119.074 0 0 -119.074 0 0
7.32 106.504 0 0 -106.504 0 0
7.33 91.3794 0 0 -91.3794 0 0
7.34 72.7473 0 0 -72.7473 0 0
7.35 49.051 0 0 -49.051 0 0
7.36 17.7994 0 0 -17.7994 0 0
7.37 -23.6944 0 0 23.6944 0 0
7.38 -72.4286 0 0 72.4286 0 0
7.39 -113.944 0 0 113.944 0 0
7.4 -137.89 0 0 137.89 0 0
7.41 -148.915 0 0 148.915 0 0
7.42 -153.901 0 0 153.901 0 0
7.43 -156.208 0 0 156.208 0 0
7.44 -156.88 0 0 156.88 0 0
7.45 -156.248 0 0 156.248 0 0
7.46 -154.248 0 0 154.248 0 0
7.47 -150.8 0 0 150.8 0 0
7.48 -145.709 0 0 145.709 0 0
7.49 -138.862 0 0 138.862 0 0
7.5 -130.071 0 0 130.071 0 0
7.51 -119.22 0 0 119.22 0 0
7.52 -106.005 0 0 106.005 0 0
7.53 -89.9425 0 0 89.9425 0 0
7.54 -69.9398 0 0 69.9398 0 0
7.55 -44.2439 0 0 44.2439 0 0
7.56 -9.88891 0 0 9.88891 0 0
7.57 35.7497 0 0 -35.7497 0 0
7.58 86.573 0 0 -86.573 0 0
7.59 125.162 0 0 -125.162 0 0
7.6 144.744 0 0 -144.744 0 0
7.61 152.407 0 0 -152.407 0 0
7.62 154.486 0 0 -154.486 0 0
7.63 153.462 0 0 -153.462 0 0
7.64 150.374 0 0 -150.374 0 0
7.65 145.585 0 0 -145.585 0 0
7.66 139.426 0 0 -139.426 0 0
7.67 131.954 0 0 -131.954 0 0
7.68 123.235 0 0 -123.235 0 0
7.69 112.98 0 0 -112.98 0 0
7.7 100.853 0 0 -100.853 0 0
7.71 86.1944 0 0 -86.1944 0 0
7.72 68.1562 0 0 -68.1562 0 0
7.73 45.5768 0 0 -45.5768 0 0
7.74 16.8599 0 0 -16.8599 0 0
7.75 -19.2866 0 0 19.2866 0 0
7.76 -60.0883 0 0 60.0883 0 0
7.77 -95.7247 0 0 95.7247 0 0
7.78 -118.026 0 0 118.026 0 0
7.79 -128.666 0 0 128.666 0 0
7.8 -132.904 0 0 132.904 0 0
7.81 -134.227 0 0 134.227 0 0
7.82 -134.093 0 0 134.093 0 0
7.83 -133.031 0 0 133.031 0 0
7.84 -131.116 0 0 131.116 0 0
7.85 -128.457 0 0 128.457 0 0
7.86 -125.142 0 0 125.142 0 0
7.87 -121.458 0 0 121.458 0 0
7.88 -117.618 0 0 117.618 0 0
7.89 -113.847 0 0 113.847 0 0
7.9 -110.184 0 0 110.184 0 0
7.91 -106.596 0 0 106.596 0 0
7.92 -102.918 0 0 102.918 0 0
7.93 -98.9866 0 0 98.9866 0 0
7.94 -94.5045 0 0 94.5045 0 0
7.95 -89.1011 0 0 89.1011 0 0
7.96 -82.1048 0 0 82.1048 0 0
7.97 -72.575 0 0 72.575 0 0
7.98 -59.1222 0 0 59.1222 0 0
7.99 -39.9988 0 0 39.9988 0 0
8 -12.936 0 0 12.936 0 0
8.01 24.0716 0 0 -24.0716 0 0
8.02 68.0543 0 0 -68.0543 0 0
8.03 106.634 0 0 -106.634 0 0
8.04 129.775 0 0 -129.775 0 0
8.05 139.839 0 0 -139.839 0 0
8.06 142.818 0 0 -142.818 0 0
8.07 142.035 0 0 -142.035 0 0
8.08 138.966 0 0 -138.966 0 0
8.09 134.189 0 0 -134.189 0 0
8.1 128.097 0 0 -128.097 0 0
8.11 120.813 0 0 -120.813 0 0
8.12 112.487 0 0 -112.487 0 0
8.13 103.055 0 0 -103.055 0 0
8.14 92.4485 0 0 -92.4485 0 0
8.15 80.3868 0 0 -80.3868 0 0
8.16 66.48 0 0 -66.48 0 0
8.17 50.1986 0 0 -50.1986 0 0
8.18 30.8521 0 0 -30.8521 0 0
8.19 7.6124 0 0 -7.6124 0 0
8.2 -19.9099 0 0 19.9099 0 0
8.21 -49.8684 0 0 49.8684 0 0
8.22 -77.1383 0 0 77.1383 0 0
8.23 -96.6231 0 0 96.6231 0 0
8.24 -107.371 0 0 107.371 0 0
8.25 -111.699 0 0 111.699 0 0
8.26 -112.058 0 0 112.058 0 0
8.27 -109.974 0 0 109.974 0 0
8.28 -106.144 0 0 106.144 0 0
8.29 -100.992 0 0 100.992 0 0
8.3 -94.7182 0 0 94.7182 0 0
8.31 -87.4969 0 0 87.4969 0 0
8.32 -79.3062 0 0 79.3062 0 0
8.33 -70.0233 0 0 70.0233 0 0
8.34 -59.3927 0 0 59.3927 0 0
8.35 -47.0923 0 0 47.0923 0 0
8.36 -32.6812 0 0 32.6812 0 0
8.37 -15.6911 0 0 15.6911 0 0
8.38 4.22361 0 0 -4.22361 0 0
8.39 26.6165 0 0 -26.6165 0 0
8.4 49.4777 0 0 -49.4777 0 0
8.41 69.5877 0 0 -69.5877 0 0
8.42 84.3367 0 0 -84.3367 0 0
8.43 93.2259 0 0 -93.2259 0 0
8.44 97.4111 0 0 -97.4111 0 0
8.45 98.2972 0 0 -98.2972 0 0
8.46 96.938 0 0 -96.938 0 0
8.47 93.8332 0 0 -93.8332 0 0
8.48 89.234 0 0 -89.234 0 0
8.49 83.1068 0 0 -83.1068 0 0
8.5 75.2921 0 0 -75.2921 0 0
8.51 65.4667 0 0 -65.4667 0 0
8.52 53.2256 0 0 -53.2256 0 0
8.53 38.0159 0 0 -38.0159 0 0
8.54 19.1547 0 0 -19.1547 0 0
8.55 -4.09126 0 0 4.09126 0 0
8.56 -31.5492 0 0 31.5492 0 0
8.57 -60.4228 0 0 60.4228 0 0
8.58 -85.5407 0 0 85.5407 0 0
8.59 -103.202 0 0 103.202 0 0
8.6 -113.786 0 0 113.786 0 0
8.61 -119.845 0 0 119.845 0 0
8.62 -123.514 0 0 123.514 0 0
8.63 -126.041 0 0 126.041 0 0
8.64 -127.913 0 0 127.913 0 0
8.65 -129.436 0 0 129.436 0 0
8.66 -130.718 0 0 130.718 0 0
8.67 -131.894 0 0 131.894 0 0
8.68 -132.908 0 0 132.908 0 0
8.69 -133.709 0 0 133.709 0 0
8.7 -134.152 0 0 134.152 0 0
8.71 -134.221 0 0 134.221 0 0
8.72 -133.824 0 0 133.824 0 0
8.73 -133.019 0 0 133.019 0 0
8.74 -131.778 0 0 131.778 0 0
8.75 -130.202 0 0 130.202 0 0
8.76 -128.306 0 0 128.306 0 0
8.77 -126.162 0 0 126.162 0 0
8.78 -123.743 0 0 123.743 0 0
8.79 -121.081 0 0 121.081 0 0
8.8 -118.107 0 0 118.107 0 0
8.81 -114.824 0 0 114.824 0 0
8.82 -111.104 0 0 111.104 0 0
8.83 -106.859 0 0 106.859 0 0
8.84 -101.847 0 0 101.847 0 0
8.85 -95.7877 0 0 95.7877 0 0
8.86 -88.2455 0 0 88.2455 0 0
8.87 -78.6631 0 0 78.6631 0 0
8.88 -66.1421 0 0 66.1421 0 0
8.89 -49.6786 0 0 49.6786 0 0
8.9 -27.7438 0 0 27.7438 0 0
8.91 1.41289 0 0 -1.41289 0 0
8.92 38.2355 0 0 -38.2355 0 0
8.93 77.351 0 0 -77.351 0 0
8.94 108.259 0 0 -108.259 0 0
8.95 126.029 0 0 -126.029 0 0
8.96 134.163 0 0 -134.163 0 0
8.97 137.134 0 0 -137.134 0 0
8.98 137.674 0 0 -137.674 0 0
8.99 136.909 0 0 -136.909 0 0
9 135.468 0 0 -135.468 0 0
9.01 133.433 0 0 -133.433 0 0
9.02 130.928 0 0 -130.928 0 0
9.03 127.849 0 0 -127.849 0 0
9.04 124.19 0 0 -124.19 0 0
9.05 119.728 0 0 -119.728 0 0
9.06 114.382 0 0 -114.382 0 0
9.07 107.959 0 0 -107.959 0 0
9.08 100.502 0 0 -100.502 0 0
9.09 91.9325 0 0 -91.9325 0 0
9.1 82.2904 0 0 -82.2904 0 0
9.11 71.4878 0 0 -71.4878 0 0
9.12 59.409 0 0 -59.409 0 0
9.13 45.6709 0 0 -45.6709 0 0
9.14 29.7059 0 0 -29.7059 0 0
9.15 10.8038 0 0 -10.8038 0 0
9.16 -11.3546 0 0 11.3546 0 0
9.17 -35.7227 0 0 35.7227 0 0
9.18 -59.1021 0 0 59.1021 0 0
9.19 -77.4808 0 0 77.4808 0 0
9.2 -88.6991 0 0 88.6991 0 0
9.21 -93.3688 0 0 93.3688 0 0
9.22 -93.2327 0 0 93.2327 0 0
9.23 -89.9841 0 0 89.9841 0 0
9.24 -84.6676 0 0 84.6676 0 0
9.25 -77.9807 0 0 77.9807 0 0
9.26 -70.1756 0 0 70.1756 0 0
9.27 -61.3355 0 0 61.3355 0 0
9.28 -51.3244 0 0 51.3244 0 0
9.29 -39.9344 0 0 39.9344 0 0
9.3 -26.9068 0 0 26.9068 0 0
9.31 -12.0717 0 0 12.0717 0 0
9.32 4.5237 0 0 -4.5237 0 0
9.33 22.2218 0 0 -22.2218 0 0
9.34 39.5067 0 0 -39.5067 0 0
9.35 54.2754 0 0 -54.2754 0 0
9.36 64.7313 0 0 -64.7313 0 0
9.37 70.1802 0 0 -70.1802 0 0
9.38 71.1086 0 0 -71.1086 0 0
9.39 68.4999 0 0 -68.4999 0 0
9.4 63.4115 0 0 -63.4115 0 0
9.41 56.6277 0 0 -56.6277 0 0
9.42 48.7917 0 0 -48.7917 0 0
9.43 40.3011 0 0 -40.3011 0 0
9.44 31.4418 0 0 -31.4418 0 0
9.45 22.3779 0 0 -22.3779 0 0
9.46 13.1934 0 0 -13.1934 0 0
9.47 3.9865 0 0 -3.9865 0 0
9.48 -5.01758 0 0 5.01758 0 0
9.49 -13.3997 0 0 13.3997 0 0
9.5 -20.5391 0 0 20.5391 0 0
9.51 -25.7781 0 0 25.7781 0 0
9.52 -28.5554 0 0 28.5554 0 0
9.53 -28.51 0 0 28.51 0 0
9.54 -25.451 0 0 25.451 0 0
9.55 -19.2715 0 0 19.2715 0 0
9.56 -9.91487 0 0 9.91487 0 0
9.57 2.56198 0 0 -2.56198 0 0
9.58 17.7812 0 0 -17.7812 0 0
9.59 34.6507 0 0 -34.6507 0 0
9.6 51.3383 0 0 -51.3383 0 0
9.61 65.7528 0 0 -65.7528 0 0
9.62 76.5421 0 0 -76.5421 0 0
9.63 83.5092 0 0 -83.5092 0 0
9.64 87.3296 0 0 -87.3296 0 0
9.65 88.7576 0 0 -88.7576 0 0
9.66 88.3585 0 0 -88.3585 0 0
9.67 86.2169 0 0 -86.2169 0 0
9.68 82.278 0 0 -82.278 0 0
9.69 76.3189 0 0 -76.3189 0 0
9.7 68.282 0 0 -68.282 0 0
9.71 58.1606 0 0 -58.1606 0 0
9.72 46.088 0 0 -46.088 0 0
9.73 32.1603 0 0 -32.1603 0 0
9.74 16.3919 0 0 -16.3919 0 0
9.75 -1.35444 0 0 1.35444 0 0
9.76 -20.9911 0 0 20.9911 0 0
9.77 -41.5795 0 0 41.5795 0 0
9.78 -61.0439 0 0 61.0439 0 0
9.79 -76.946 0 0 76.946 0 0
9.8 -87.8128 0 0 87.8128 0 0
9.81 -93.7753 0 0 93.7753 0 0
9.82 -95.8048 0 0 95.8048 0 0
9.83 -95.1329 0 0 95.1329 0 0
9.84 -92.7143 0 0 92.7143 0 0
9.85 -89.4184 0 0 89.4184 0 0
9.86 -85.7716 0 0 85.7716 0 0
9.87 -82.183 0 0 82.183 0 0
9.88 -78.7281 0 0 78.7281 0 0
9.89 -75.3469 0 0 75.3469 0 0
9.9 -71.8141 0 0 71.8141 0 0
9.91 -67.9618 0 0 67.9618 0 0
9.92 -63.6093 0 0 63.6093 0 0
9.93 -58.7354 0 0 58.7354 0 0
9.94 -53.3205 0 0 53.3205 0 0
9.95 -47.4765 0 0 47.4765 0 0
9.96 -41.2762 0 0 41.2762 0 0
9.97 -34.6694 0 0 34.6694 0 0
9.98 -27.3605 0 0 27.3605 0 0
9.99 -18.8281 0 0 18.8281 0 0
10 -8.41972 0 0 8.41972 0 0
10.01 4.446 0 0 -4.446 0 0
10.02 20.0346 0 0 -20.0346 0 0
10.03 37.7944 0 0 -37.7944 0 0
10.04 56.0589 0 0 -56.0589 0 0
10.05 72.4027 0 0 -72.4027 0 0
10.06 84.9667 0 0 -84.9667 0 0
10.07 93.3468 0 0 -93.3468 0 0
10.08 98.3831 0 0 -98.3831 0 0
10.09 101.099 0 0 -101.099 0 0
10.1 102.397 0 0 -102.397 0 0
10.11 102.699 0 0 -102.699 0 0
10.12 102.353 0 0 -102.353 0 0
10.13 101.487 0 0 -101.487 0 0
10.14 100.337 0 0 -100.337 0 0
10.15 99.0227 0 0 -99.0227 0 0
10.16 97.6911 0 0 -97.6911 0 0
10.17 96.2172 0 0 -96.2172 0 0
10.18 94.4329 0 0 -94.4329 0 0
10.19 91.9538 0 0 -91.9538 0 0
10.2 88.47 0 0 -88.47 0 0
10.21 83.494 0 0 -83.494 0 0
10.22 76.5901 0 0 -76.5901 0 0
10.23 67.1717 0 0 -67.1717 0 0
10.24 54.625 0 0 -54.625 0 0
10.25 38.1654 0 0 -38.1654 0 0
10.26 16.9901 0 0 -16.9901 0 0
10.27 -9.48092 0 0 9.48092 0 0
10.28 -40.1392 0 0 40.1392 0 0
10.29 -70.4153 0 0 70.4153 0 0
10.3 -94.203 0 0 94.203 0 0
10.31 -109.103 0 0 109.103 0 0
10.32 -117.022 0 0 117.022 0 0
10.33 -120.877 0 0 120.877 0 0
10.34 -122.335 0 0 122.335 0 0
10.35 -122.158 0 0 122.158 0 0
10.36 -120.429 0 0 120.429 0 0
10.37 -117.349 0 0 117.349 0 0
10.38 -113.006 0 0 113.006 0 0
10.39 -107.749 0 0 107.749 0 0
10.4 -101.814 0 0 101.814 0 0
10.41 -95.5172 0 0 95.5172 0 0
10.42 -88.9216 0 0 88.9216 0 0
10.43 -82.0282 0 0 82.0282 0 0
10.44 -74.6109 0 0 74.6109 0 0
10.45 -66.5357 0 0 66.5357 0 0
10.46 -57.6329 0 0 57.6329 0 0
10.47 -47.8997 0 0 47.8997 0 0
10.48 -37.3924 0 0 37.3924 0 0
10.49 -26.301 0 0 26.301 0 0
10.5 -14.8928 0 0 14.8928 0 0
10.51 -3.45111 0 0 3.45111 0 0
10.52 7.81286 0 0 -7.81286 0 0
10.53 18.7717 0 0 -18.7717 0 0
10.54 29.4592 0 0 -29.4592 0 0
10.55 39.9931 0 0 -39.9931 0 0
10.56 50.4354 0 0 -50.4354 0 0
10.57 60.5113 0 0 -60.5113 0 0
10.58 69.5698 0 0 -69.5698 0 0
10.59 76.7855 0 0 -76.7855 0 0
10.6 81.6263 0 0 -81.6263 0 0
10.61 83.9071 0 0 -83.9071 0 0
10.62 83.9023 0 0 -83.9023 0 0
10.63 81.9692 0 0 -81.9692 0 0
10.64 78.6212 0 0 -78.6212 0 0
10.65 74.2222 0 0 -74.2222 0 0
10.66 69.0822 0 0 -69.0822 0 0
10.67 63.2952 0 0 -63.2952 0 0
10.68 56.8677 0 0 -56.8677 0 0
10.69 49.6646 0 0 -49.6646 0 0
10.7 41.5239 0 0 -41.5239 0 0
10.71 32.1718 0 0 -32.1718 0 0
10.72 21.3902 0 0 -21.3902 0 0
10.73 9.04657 0 0 -9.04657 0 0
10.74 -4.74153 0 0 4.74153 0 0
10.75 -19.385 0 0 19.385 0 0
10.76 -33.7541 0 0 33.7541 0 0
10.77 -46.444 0 0 46.444 0 0
10.78 -56.3168 0 0 56.3168 0 0
10.79 -63.0297 0 0 63.0297 0 0
10.8 -66.8879 0 0 66.8879 0 0
10.81 -68.5776 0 0 68.5776 0 0
10.82 -68.6572 0 0 68.6572 0 0
10.83 -67.5139 0 0 67.5139 0 0
10.84 -65.3217 0 0 65.3217 0 0
10.85 -62.2612 0 0 62.2612 0 0
10.86 -58.5264 0 0 58.5264 0 0
10.87 -54.4839 0 0 54.4839 0 0
10.88 -50.5266 0 0 50.5266 0 0
10.89 -47.1297 0 0 47.1297 0 0
10.9 -44.646 0 0 44.646 0 0
10.91 -43.2998 0 0 43.2998 0 0
10.92 -43.1373 0 0 43.1373 0 0
10.93 -44.128 0 0 44.128 0 0
10.94 -46.2064 0 0 46.2064 0 0
10.95 -49.3243 0 0 49.3243 0 0
10.96 -53.3252 0 0 53.3252 0 0
10.97 -57.9484 0 0 57.9484 0 0
10.98 -62.6742 0 0 62.6742 0 0
10.99 -66.9251 0 0 66.9251 0 0
11 -70.1362 0 0 70.1362 0 0
11.01 -71.9802 0 0 71.9802 0 0
11.02 -72.3349 0 0 72.3349 0 0
11.03 -71.3443 0 0 71.3443 0 0
11.04 -69.1896 0 0 69.1896 0 0
11.05 -66.1547 0 0 66.1547 0 0
11.06 -62.3917 0 0 62.3917 0 0
11.07 -58.0526 0 0 58.0526 0 0
11.08 -53.1544 0 0 53.1544 0 0
11.09 -47.6668 0 0 47.6668 0 0
11.1 -41.4887 0 0 41.4887 0 0
11.11 -34.5504 0 0 34.5504 0 0
11.12 -26.8082 0 0 26.8082 0 0
11.13 -18.2674 0 0 18.2674 0 0
11.14 -8.86318 0 0 8.86318 0 0
11.15 1.50963 0 0 -1.50963 0 0
11.16 12.96 0 0 -12.96 0 0
11.17 25.4458 0 0 -25.4458 0 0
11.18 38.612 0 0 -38.612 0 0
11.19 51.7102 0 0 -51.7102 0 0
11.2 63.7308 0 0 -63.7308 0 0
11.21 73.7445 0 0 -73.7445 0 0
11.22 81.3581 0 0 -81.3581 0 0
11.23 86.5902 0 0 -86.5902 0 0
11.24 89.8497 0 0 -89.8497 0 0
11.25 91.5099 0 0 -91.5099 0 0
11.26 91.989 0 0 -91.989 0 0
11.27 91.5282 0 0 -91.5282 0 0
11.28 90.3537 0 0 -90.3537 0 0
11.29 88.4921 0 0 -88.4921 0 0
11.3 86.0022 0 0 -86.0022 0 0
11.31 82.7921 0 0 -82.7921 0 0
11.32 78.8513 0 0 -78.8513 0 0
11.33 74.0213 0 0 -74.0213 0 0
11.34 68.1808 0 0 -68.1808 0 0
11.35 61.1267 0 0 -61.1267 0 0
11.36 52.7273 0 0 -52.7273 0 0
11.37 42.8589 0 0 -42.8589 0 0
11.38 31.5091 0 0 -31.5091 0 0
11.39 18.7424 0 0 -18.7424 0 0
11.4 4.82741 0 0 -4.82741 0 0
11.41 -9.76076 0 0 9.76076 0 0
11.42 -24.2432 0 0 24.2432 0 0
11.43 -37.6561 0 0 37.6561 0 0
11.44 -49.1526 0 0 49.1526 0 0
11.45 -58.2316 0 0 58.2316 0 0
11.46 -64.7308 0 0 64.7308 0 0
11.47 -68.7581 0 0 68.7581 0 0
11.48 -70.4346 0 0 70.4346 0 0
11.49 -69.9752 0 0 69.9752 0 0
11.5 -67.5184 0 0 67.5184 0 0
11.51 -63.304 0 0 63.304 0 0
11.52 -57.5815 0 0 57.5815 0 0
11.53 -50.6996 0 0 50.6996 0 0
11.54 -43.0102 0 0 43.0102 0 0
11.55 -34.8816 0 0 34.8816 0 0
11.56 -26.5765 0 0 26.5765 0 0
11.57 -18.2717 0 0 18.2717 0 0
11.58 -10.0139 0 0 10.0139 0 0
11.59 -1.87146 0 0 1.87146 0 0
11.6 5.95457 0 0 -5.95457 0 0
11.61 13.0819 0 0 -13.0819 0 0
11.62 19.003 0 0 -19.003 0 0
11.63 23.3152 0 0 -23.3152 0 0
11.64 25.9092 0 0 -25.9092 0 0
11.65 27.0108 0 0 -27.0108 0 0
11.66 27.1336 0 0 -27.1336 0 0
11.67 26.8497 0 0 -26.8497 0 0
11.68 26.6982 0 0 -26.6982 0 0
11.69 27.0954 0 0 -27.0954 0 0
11.7 28.2764 0 0 -28.2764 0 0
11.71 30.3072 0 0 -30.3072 0 0
11.72 33.1721 0 0 -33.1721 0 0
11.73 36.8425 0 0 -36.8425 0 0
11.74 41.3338 0 0 -41.3338 0 0
11.75 46.5497 0 0 -46.5497 0 0
11.76 52.2395 0 0 -52.2395 0 0
11.77 57.8916 0 0 -57.8916 0 0
11.78 62.9256 0 0 -62.9256 0 0
11.79 66.8519 0 0 -66.8519 0 0
11.8 69.4921 0 0 -69.4921 0 0
11.81 70.9075 0 0 -70.9075 0 0
11.82 71.4046 0 0 -71.4046 0 0
11.83 71.2104 0 0 -71.2104 0 0
11.84 70.5033 0 0 -70.5033 0 0
11.85 69.2163 0 0 -69.2163 0 0
11.86 67.252 0 0 -67.252 0 0
11.87 64.4828 0 0 -64.4828 0 0
11.88 60.9221 0 0 -60.9221 0 0
11.89 56.6522 0 0 -56.6522 0 0
11.9 51.8688 0 0 -51.8688 0 0
11.91 46.7234 0 0 -46.7234 0 0
11.92 41.3731 0 0 -41.3731 0 0
11.93 35.8431 0 0 -35.8431 0 0
11.94 30.1251 0 0 -30.1251 0 0
11.95 24.1969 0 0 -24.1969 0 0
11.96 18.0749 0 0 -18.0749 0 0
11.97 11.8479 0 0 -11.8479 0 0
11.98 5.69394 0 0 -5.69394 0 0
11.99 -0.111548 0 0 0.111548 0 0
12 -5.20947 0 0 5.20947 0 0
12.01 -9.26907 0 0 9.26907 0 0
12.02 -12.0365 0 0 12.0365 0 0
12.03 -13.3943 0 0 13.3943 0 0
12.04 -13.3622 0 0 13.3622 0 0
12.05 -12.0148 0 0 12.0148 0 0
12.06 -9.45359 0 0 9.45359 0 0
12.07 -5.77168 0 0 5.77168 0 0
12.08 -1.05477 0 0 1.05477 0 0
12.09 4.53574 0 0 -4.53574 0 0
12.1 10.7266 0 0 -10.7266 0 0
12.11 17.0834 0 0 -17.0834 0 0
12.12 23.0617 0 0 -23.0617 0 0
12.13 28.1525 0 0 -28.1525 0 0
12.14 32.0088 0 0 -32.0088 0 0
12.15 34.493 0 0 -34.493 0 0
12.16 35.6367 0 0 -35.6367 0 0
12.17 35.5205 0 0 -35.5205 0 0
12.18 34.2643 0 0 -34.2643 0 0
12.19 31.8796 0 0 -31.8796 0 0
12.2 28.2828 0 0 -28.2828 0 0
12.21 23.2996 0 0 -23.2996 0 0
12.22 16.7281 0 0 -16.7281 0 0
12.23 8.39766 0 0 -8.39766 0 0
12.24 -1.78699 0 0 1.78699 0 0
12.25 -13.7392 0 0 13.7392 0 0
12.26 -26.9937 0 0 26.9937 0 0
12.27 -40.6439 0 0 40.6439 0 0
12.28 -53.3768 0 0 53.3768 0 0
12.29 -63.8653 0 0 63.8653 0 0
12.3 -71.1944 0 0 71.1944 0 0
12.31 -75.1615 0 0 75.1615 0 0
12.32 -76.0528 0 0 76.0528 0 0
12.33 -74.4679 0 0 74.4679 0 0
12.34 -70.9416 0 0 70.9416 0 0
12.35 -65.9818 0 0 65.9818 0 0
12.36 -59.8356 0 0 59.8356 0 0
12.37 -52.6305 0 0 52.6305 0 0
12.38 -44.2952 0 0 44.2952 0 0
12.39 -34.6435 0 0 34.6435 0 0
12.4 -23.38 0 0 23.38 0 0
12.41 -10.2087 0 0 10.2087 0 0
12.42 5.04715 0 0 -5.04715 0 0
12.43 22.0896 0 0 -22.0896 0 0
12.44 39.7896 0 0 -39.7896 0 0
12.45 56.1938 0 0 -56.1938 0 0
12.46 69.2959 0 0 -69.2959 0 0
12.47 77.9601 0 0 -77.9601 0 0
12.48 82.2968 0 0 -82.2968 0 0
12.49 83.0776 0 0 -83.0776 0 0
12.5 81.2614 0 0 -81.2614 0 0
12.51 77.5201 0 0 -77.5201 0 0
12.52 72.3527 0 0 -72.3527 0 0
12.53 65.9047 0 0 -65.9047 0 0
12.54 58.1832 0 0 -58.1832 0 0
12.55 48.9759 0 0 -48.9759 0 0
12.56 37.9872 0 0 -37.9872 0 0
12.57 24.8767 0 0 -24.8767 0 0
12.58 9.40433 0 0 -9.40433 0 0
12.59 -8.37054 0 0 8.37054 0 0
12.6 -27.6271 0 0 27.6271 0 0
12.61 -46.542 0 0 46.542 0 0
12.62 -62.7659 0 0 62.7659 0 0
12.63 -74.65 0 0 74.65 0 0
12.64 -81.9339 0 0 81.9339 0 0
12.65 -85.5042 0 0 85.5042 0 0
12.66 -86.4738 0 0 86.4738 0 0
12.67 -85.8107 0 0 85.8107 0 0
12.68 -84.0502 0 0 84.0502 0 0
12.69 -81.5581 0 0 81.5581 0 0
12.7 -78.458 0 0 78.458 0 0
12.71 -74.9321 0 0 74.9321 0 0
12.72 -71.1112 0 0 71.1112 0 0
12.73 -67.2766 0 0 67.2766 0 0
12.74 -63.7806 0 0 63.7806 0 0
12.75 -61.1268 0 0 61.1268 0 0
12.76 -59.8122 0 0 59.8122 0 0
12.77 -60.286 0 0 60.286 0 0
12.78 -62.6513 0 0 62.6513 0 0
12.79 -66.6777 0 0 66.6777 0 0
12.8 -71.7063 0 0 71.7063 0 0
12.81 -76.941 0 0 76.941 0 0
12.82 -81.5662 0 0 81.5662 0 0
12.83 -85.0069 0 0 85.0069 0 0
12.84 -86.8494 0 0 86.8494 0 0
12.85 -86.9491 0 0 86.9491 0 0
12.86 -85.1797 0 0 85.1797 0 0
12.87 -81.5627 0 0 81.5627 0 0
12.88 -75.9874 0 0 75.9874 0 0
12.89 -68.3615 0 0 68.3615 0 0
12.9 -58.4423 0 0 58.4423 0 0
12.91 -45.9571 0 0 45.9571 0 0
12.92 -30.4792 0 0 30.4792 0 0
12.93 -11.5161 0 0 11.5161 0 0
12.94 11.2367 0 0 -11.2367 0 0
12.95 36.8257 0 0 -36.8257 0 0
12.96 62.0621 0 0 -62.0621 0 0
12.97 82.6457 0 0 -82.6457 0 0
12.98 96.2896 0 0 -96.2896 0 0
12.99 103.679 0 0 -103.679 0 0
13 106.884 0 0 -106.884 0 0
13.01 107.541 0 0 -107.541 0 0
13.02 106.69 0 0 -106.69 0 0
13.03 104.709 0 0 -104.709 0 0
13.04 101.857 0 0 -101.857 0 0
13.05 98.1413 0 0 -98.1413 0 0
13.06 93.6822 0 0 -93.6822 0 0
13.07 88.4978 0 0 -88.4978 0 0
13.08 82.6812 0 0 -82.6812 0 0
13.09 76.1927 0 0 -76.1927 0 0
13.1 69.029 0 0 -69.029 0 0
13.11 61.0901 0 0 -61.0901 0 0
13.12 52.356 0 0 -52.356 0 0
13.13 42.729 0 0 -42.729 0 0
13.14 32.1463 0 0 -32.1463 0 0
13.15 20.5138 0 0 -20.5138 0 0
13.16 7.80115 0 0 -7.80115 0 0
13.17 -5.84929 0 0 5.84929 0 0
13.18 -19.9512 0 0 19.9512 0 0
13.19 -33.5558 0 0 33.5558 0 0
13.2 -45.4285 0 0 45.4285 0 0
13.21 -54.5185 0 0 54.5185 0 0
13.22 -60.2604 0 0 60.2604 0 0
13.23 -62.7067 0 0 62.7067 0 0
13.24 -62.2138 0 0 62.2138 0 0
13.25 -59.2736 0 0 59.2736 0 0
13.26 -54.2665 0 0 54.2665 0 0
13.27 -47.4589 0 0 47.4589 0 0
13.28 -38.9333 0 0 38.9333 0 0
13.29 -28.6941 0 0 28.6941 0 0
13.3 -16.6174 0 0 16.6174 0 0
13.31 -2.59297 0 0 2.59297 0 0
13.32 13.3081 0 0 -13.3081 0 0
13.33 30.4543 0 0 -30.4543 0 0
13.34 47.4875 0 0 -47.4875 0 0
13.35 62.6825 0 0 -62.6825 0 0
13.36 74.7393 0 0 -74.7393 0 0
13.37 83.2946 0 0 -83.2946 0 0
13.38 88.9763 0 0 -88.9763 0 0
13.39 92.7681 0 0 -92.7681 0 0
13.4 95.8295 0 0 -95.8295 0 0
13.41 98.9984 0 0 -98.9984 0 0
13.42 102.764 0 0 -102.764 0 0
13.43 106.921 0 0 -106.921 0 0
13.44 110.939 0 0 -110.939 0 0
13.45 114.116 0 0 -114.116 0 0
13.46 116.2 0 0 -116.2 0 0
13.47 117.132 0 0 -117.132 0 0
13.48 117.193 0 0 -117.193 0 0
13.49 116.482 0 0 -116.482 0 0
13.5 115.158 0 0 -115.158 0 0
13.51 113.161 0 0 -113.161 0 0
13.52 110.547 0 0 -110.547 0 0
13.53 107.237 0 0 -107.237 0 0
13.54 103.251 0 0 -103.251 0 0
13.55 98.4086 0 0 -98.4086 0 0
13.56 92.5866 0 0 -92.5866 0 0
13.57 85.4208 0 0 -85.4208 0 0
13.58 76.5207 0 0 -76.5207 0 0
13.59 65.2109 0 0 -65.2109 0 0
13.6 50.7974 0 0 -50.7974 0 0
13.61 32.2805 0 0 -32.2805 0 0
13.62 8.49391 0 0 -8.49391 0 0
13.63 -21.3501 0 0 21.3501 0 0
13.64 -55.1618 0 0 55.1618 0 0
13.65 -86.339 0 0 86.339 0 0
13.66 -108.305 0 0 108.305 0 0
13.67 -120.586 0 0 120.586 0 0
13.68 -126.431 0 0 126.431 0 0
13.69 -128.894 0 0 128.894 0 0
13.7 -129.446 0 0 129.446 0 0
13.71 -128.887 0 0 128.887 0 0
13.72 -127.381 0 0 127.381 0 0
13.73 -125.174 0 0 125.174 0 0
13.74 -122.211 0 0 122.211 0 0
13.75 -118.625 0 0 118.625 0 0
13.76 -114.286 0 0 114.286 0 0
13.77 -109.215 0 0 109.215 0 0
13.78 -103.265 0 0 103.265 0 0
13.79 -96.4756 0 0 96.4756 0 0
13.8 -88.7462 0 0 88.7462 0 0
13.81 -80.1154 0 0 80.1154 0 0
13.82 -70.4749 0 0 70.4749 0 0
13.83 -59.8214 0 0 59.8214 0 0
13.84 -48.0501 0 0 48.0501 0 0
13.85 -35.0335 0 0 35.0335 0 0
13.86 -20.5863 0 0 20.5863 0 0
13.87 -4.60108 0 0 4.60108 0 0
13.88 12.7487 0 0 -12.7487 0 0
13.89 30.5934 0 0 -30.5934 0 0
13.9 47.2945 0 0 -47.2945 0 0
13.91 60.9145 0 0 -60.9145 0 0
13.92 70.1993 0 0 -70.1993 0 0
13.93 74.9473 0 0 -74.9473 0 0
13.94 75.7938 0 0 -75.7938 0 0
13.95 73.5171 0 0 -73.5171 0 0
13.96 68.8322 0 0 -68.8322 0 0
13.97 62.1527 0 0 -62.1527 0 0
13.98 53.7455 0 0 -53.7455 0 0
13.99 43.5889 0 0 -43.5889 0 0
14 31.5306 0 0 -31.5306 0 0
14.01 17.2268 0 0 -17.2268 0 0
14.02 0.314975 0 0 -0.314975 0 0
14.03 -19.2072 0 0 19.2072 0 0
14.04 -40.3024 0 0 40.3024 0 0
14.05 -60.6666 0 0 60.6666 0 0
14.06 -77.5909 0 0 77.5909 0 0
14.07 -89.6405 0 0 89.6405 0 0
14.08 -97.0495 0 0 97.0495 0 0
14.09 -101.118 0 0 101.118 0 0
14.1 -103.018 0 0 103.018 0 0
14.11 -103.684 0 0 103.684 0 0
14.12 -103.548 0 0 103.548 0 0
14.13 -102.903 0 0 102.903 0 0
14.14 -101.734 0 0 101.734 0 0
14.15 -100.115 0 0 100.115 0 0
14.16 -97.9665 0 0 97.9665 0 0
14.17 -95.3635 0 0 95.3635 0 0
14.18 -92.2257 0 0 92.2257 0 0
14.19 -88.5721 0 0 88.5721 0 0
14.2 -84.2734 0 0 84.2734 0 0
14.21 -79.2187 0 0 79.2187 0 0
14.22 -73.0817 0 0 73.0817 0 0
14.23 -65.492 0 0 65.492 0 0
14.24 -55.882 0 0 55.882 0 0
14.25 -43.708 0 0 43.708 0 0
14.26 -28.2731 0 0 28.2731 0 0
14.27 -8.89229 0 0 8.89229 0 0
14.28 14.7856 0 0 -14.7856 0 0
14.29 41.5593 0 0 -41.5593 0 0
14.3 67.6203 0 0 -67.6203 0 0
14.31 88.2023 0 0 -88.2023 0 0
14.32 101.247 0 0 -101.247 0 0
14.33 107.909 0 0 -107.909 0 0
14.34 110.584 0 0 -110.584 0 0
14.35 110.974 0 0 -110.974 0 0
14.36 110.178 0 0 -110.178 0 0
14.37 108.586 0 0 -108.586 0 0
14.38 106.438 0 0 -106.438 0 0
14.39 103.671 0 0 -103.671 0 0
14.4 100.323 0 0 -100.323 0 0
14.41 96.2772 0 0 -96.2772 0 0
14.42 91.5971 0 0 -91.5971 0 0
14.43 86.2109 0 0 -86.2109 0 0
14.44 80.1869 0 0 -80.1869 0 0
14.45 73.4812 0 0 -73.4812 0 0
14.46 66.1191 0 0 -66.1191 0 0
14.47 58.0179 0 0 -58.0179 0 0
14.48 49.1243 0 0 -49.1243 0 0
14.49 39.3093 0 0 -39.3093 0 0
14.5 28.51 0 0 -28.51 0 0
14.51 16.6716 0 0 -16.6716 0 0
14.52 3.88703 0 0 -3.88703 0 0
14.53 -9.5219 0 0 9.5219 0 0
14.54 -22.8433 0 0 22.8433 0 0
14.55 -34.9888 0 0 34.9888 0 0
14.56 -44.8017 0 0 44.8017 0 0
14.57 -51.4526 0 0 51.4526 0 0
14.58 -54.632 0 0 54.632 0 0
14.59 -54.5894 0 0 54.5894 0 0
14.6 -51.7508 0 0 51.7508 0 0
14.61 -46.6037 0 0 46.6037 0 0
14.62 -39.4937 0 0 39.4937 0 0
14.63 -30.6293 0 0 30.6293 0 0
14.64 -20.0337 0 0 20.0337 0 0
14.65 -7.64338 0 0 7.64338 0 0
14.66 6.52522 0 0 -6.52522 0 0
14.67 22.0426 0 0 -22.0426 0 0
14.68 37.8513 0 0 -37.8513 0 0
14.69 52.3568 0 0 -52.3568 0 0
14.7 64.0442 0 0 -64.0442 0 0
14.71 72.0713 0 0 -72.0713 0 0
14.72 76.5475 0 0 -76.5475 0 0
14.73 78.0927 0 0 -78.0927 0 0
14.74 77.5296 0 0 -77.5296 0 0
14.75 75.4667 0 0 -75.4667 0 0
14.76 72.4309 0 0 -72.4309 0 0
14.77 68.6933 0 0 -68.6933 0 0
14.78 64.5258 0 0 -64.5258 0 0
14.79 60.0577 0 0 -60.0577 0 0
14.8 55.4197 0 0 -55.4197 0 0
14.81 50.6747 0 0 -50.6747 0 0
14.82 45.9253 0 0 -45.9253 0 0
14.83 41.2563 0 0 -41.2563 0 0
14.84 36.8235 0 0 -36.8235 0 0
14.85 32.759 0 0 -32.759 0 0
14.86 29.2195 0 0 -29.2195 0 0
14.87 26.2663 0 0 -26.2663 0 0
14.88 23.8386 0 0 -23.8386 0 0
14.89 21.7055 0 0 -21.7055 0 0
14.9 19.4904 0 0 -19.4904 0 0
14.91 16.7696 0 0 -16.7696 0 0
14.92 13.1951 0 0 -13.1951 0 0
14.93 8.5408 0 0 -8.5408 0 0
14.94 2.74118 0 0 -2.74118 0 0
14.95 -4.16557 0 0 4.16557 0 0
14.96 -12.0252 0 0 12.0252 0 0
14.97 -20.5581 0 0 20.5581 0 0
14.98 -29.4061 0 0 29.4061 0 0
14.99 -38.1376 0 0 38.1376 0 0
15 -46.2557 0 0 46.2557 0 0
15.01 -53.3147 0 0 53.3147 0 0
15.02 -58.9555 0 0 58.9555 0 0
15.03 -63.0849 0 0 63.0849 0 0
15.04 -65.7368 0 0 65.7368 0 0
15.05 -67.116 0 0 67.116 0 0
15.06 -67.4031 0 0 67.4031 0 0
15.07 -66.82 0 0 66.82 0 0
15.08 -65.5045 0 0 65.5045 0 0
15.09 -63.6195 0 0 63.6195 0 0
15.1 -61.2057 0 0 61.2057 0 0
15.11 -58.3861 0 0 58.3861 0 0
15.12 -55.2759 0 0 55.2759 0 0
15.13 -52.1197 0 0 52.1197 0 0
15.14 -49.152 0 0 49.152 0 0
15.15 -46.6246 0 0 46.6246 0 0
15.16 -44.7264 0 0 44.7264 0 0
15.17 -43.6367 0 0 43.6367 0 0
15.18 -43.4482 0 0 43.4482 0 0
15.19 -44.2442 0 0 44.2442 0 0
15.2 -46.0177 0 0 46.0177 0 0
15.21 -48.7483 0 0 48.7483 0 0
15.22 -52.2838 0 0 52.2838 0 0
15.23 -56.3662 0 0 56.3662 0 0
15.24 -60.5626 0 0 60.5626 0 0
15.25 -64.3873 0 0 64.3873 0 0
15.26 -67.3372 0 0 67.3372 0 0
15.27 -69.1438 0 0 69.1438 0 0
15.28 -69.6975 0 0 69.6975 0 0
15.29 -69.1801 0 0 69.1801 0 0
15.3 -67.7693 0 0 67.7693 0 0
15.31 -65.6712 0 0 65.6712 0 0
15.32 -62.9113 0 0 62.9113 0 0
15.33 -59.4336 0 0 59.4336 0 0
15.34 -55.0438 0 0 55.0438 0 0
15.35 -49.5582 0 0 49.5582 0 0
15.36 -42.7589 0 0 42.7589 0 0
15.37 -34.5479 0 0 34.5479 0 0
15.38 -24.8511 0 0 24.8511 0 0
15.39 -13.6741 0 0 13.6741 0 0
15.4 -1.09556 0 0 1.09556 0 0
15.41 12.6569 0 0 -12.6569 0 0
15.42 27.0462 0 0 -27.0462 0 0
15.43 41.1962 0 0 -41.1962 0 0
15.44 54.0381 0 0 -54.0381 0 0
15.45 64.586 0 0 -64.586 0 0
15.46 72.3563 0 0 -72.3563 0 0
15.47 77.2824 0 0 -77.2824 0 0
15.48 79.6939 0 0 -79.6939 0 0
15.49 79.951 0 0 -79.951 0 0
15.5 78.4723 0 0 -78.4723 0 0
15.51 75.5511 0 0 -75.5511 0 0
15.52 71.5121 0 0 -71.5121 0 0
15.53 66.5367 0 0 -66.5367 0 0
15.54 60.8368 0 0 -60.8368 0 0
15.55 54.4805 0 0 -54.4805 0 0
15.56 47.5613 0 0 -47.5613 0 0
15.57 40.1003 0 0 -40.1003 0 0
15.58 32.1333 0 0 -32.1333 0 0
15.59 23.7103 0 0 -23.7103 0 0
15.6 14.9558 0 0 -14.9558 0 0
15.61 6.07626 0 0 -6.07626 0 0
15.62 -2.59934 0 0 2.59934 0 0
15.63 -10.6636 0 0 10.6636 0 0
15.64 -17.668 0 0 17.668 0 0
15.65 -23.2343 0 0 23.2343 0 0
15.66 -27.0948 0 0 27.0948 0 0
15.67 -29.0838 0 0 29.0838 0 0
15.68 -29.1188 0 0 29.1188 0 0
15.69 -27.1689 0 0 27.1689 0 0
15.7 -23.1942 0 0 23.1942 0 0
15.71 -17.1841 0 0 17.1841 0 0
15.72 -9.13749 0 0 9.13749 0 0
15.73 0.846939 0 0 -0.846939 0 0
15.74 12.4988 0 0 -12.4988 0 0
15.75 25.2586 0 0 -25.2586 0 0
15.76 38.2039 0 0 -38.2039 0 0
15.77 50.1879 0 0 -50.1879 0 0
15.78 60.2085 0 0 -60.2085 0 0
15.79 67.67 0 0 -67.67 0 0
15.8 72.5934 0 0 -72.5934 0 0
15.81 75.2902 0 0 -75.2902 0 0
15.82 76.2604 0 0 -76.2604 0 0
15.83 75.8752 0 0 -75.8752 0 0
15.84 74.4731 0 0 -74.4731 0 0
15.85 72.2243 0 0 -72.2243 0 0
15.86 69.344 0 0 -69.344 0 0
15.87 65.9937 0 0 -65.9937 0 0
15.88 62.4179 0 0 -62.4179 0 0
15.89 58.7102 0 0 -58.7102 0 0
15.9 54.8805 0 0 -54.8805 0 0
15.91 50.6843 0 0 -50.6843 0 0
15.92 45.7506 0 0 -45.7506 0 0
15.93 39.6055 0 0 -39.6055 0 0
15.94 31.8422 0 0 -31.8422 0 0
15.95 22.1659 0 0 -22.1659 0 0
15.96 10.4667 0 0 -10.4667 0 0
15.97 -3.19055 0 0 3.19055 0 0
15.98 -18.3906 0 0 18.3906 0 0
15.99 -34.2281 0 0 34.2281 0 0
16 -49.3503 0 0 49.3503 0 0
16.01 -62.3349 0 0 62.3349 0 0
16.02 -72.212 0 0 72.212 0 0
16.03 -78.7927 0 0 78.7927 0 0
16.04 -82.3372 0 0 82.3372 0 0
16.05 -83.3847 0 0 83.3847 0 0
16.06 -82.3611 0 0 82.3611 0 0
16.07 -79.7313 0 0 79.7313 0 0
16.08 -75.7702 0 0 75.7702 0 0
16.09 -70.7461 0 0 70.7461 0 0
16.1 -64.766 0 0 64.766 0 0
16.11 -57.9286 0 0 57.9286 0 0
16.12 -50.2275 0 0 50.2275 0 0
16.13 -41.6577 0 0 41.6577 0 0
16.14 -32.1386 0 0 32.1386 0 0
16.15 -21.6643 0 0 21.6643 0 0
16.16 -10.2899 0 0 10.2899 0 0
16.17 1.74327 0 0 -1.74327 0 0
16.18 13.8856 0 0 -13.8856 0 0
16.19 25.2478 0 0 -25.2478 0 0
16.2 34.7806 0 0 -34.7806 0 0
16.21 41.6093 0 0 -41.6093 0 0
16.22 45.3378 0 0 -45.3378 0 0
16.23 46.0047 0 0 -46.0047 0 0
16.24 43.9859 0 0 -43.9859 0 0
16.25 39.6905 0 0 -39.6905 0 0
16.26 33.4906 0 0 -33.4906 0 0
16.27 25.6261 0 0 -25.6261 0 0
16.28 16.2217 0 0 -16.2217 0 0
16.29 5.34443 0 0 -5.34443 0 0
16.3 -6.86251 0 0 6.86251 0 0
16.31 -19.9915 0 0 19.9915 0 0
16.32 -33.2011 0 0 33.2011 0 0
16.33 -45.3746 0 0 45.3746 0 0
16.34 -55.409 0 0 55.409 0 0
16.35 -62.6463 0 0 62.6463 0 0
16.36 -66.9703 0 0 66.9703 0 0
16.37 -68.7218 0 0 68.7218 0 0
16.38 -68.3429 0 0 68.3429 0 0
16.39 -66.3321 0 0 66.3321 0 0
16.4 -63.0401 0 0 63.0401 0 0
16.41 -58.8292 0 0 58.8292 0 0
16.42 -53.942 0 0 53.942 0 0
16.43 -48.6246 0 0 48.6246 0 0
16.44 -43.025 0 0 43.025 0 0
16.45 -37.2729 0 0 37.2729 0 0
16.46 -31.4685 0 0 31.4685 0 0
16.47 -25.7382 0 0 25.7382 0 0
16.48 -20.2076 0 0 20.2076 0 0
16.49 -15.0816 0 0 15.0816 0 0
16.5 -10.6069 0 0 10.6069 0 0
16.51 -7.07476 0 0 7.07476 0 0
16.52 -4.7564 0 0 4.7564 0 0
16.53 -3.84541 0 0 3.84541 0 0
16.54 -4.46524 0 0 4.46524 0 0
16.55 -6.64568 0 0 6.64568 0 0
16.56 -10.3418 0 0 10.3418 0 0
16.57 -15.4453 0 0 15.4453 0 0
16.58 -21.7223 0 0 21.7223 0 0
16.59 -28.8236 0 0 28.8236 0 0
16.6 -36.2587 0 0 36.2587 0 0
16.61 -43.4539 0 0 43.4539 0 0
16.62 -49.8248 0 0 49.8248 0 0
16.63 -54.9027 0 0 54.9027 0 0
16.64 -58.365 0 0 58.365 0 0
16.65 -60.1473 0 0 60.1473 0 0
16.66 -60.297 0 0 60.297 0 0
16.67 -59.0178 0 0 59.0178 0 0
16.68 -56.4687 0 0 56.4687 0 0
16.69 -52.8218 0 0 52.8218 0 0
16.7 -48.1383 0 0 48.1383 0 0
16.71 -42.4367 0 0 42.4367 0 0
16.72 -35.6533 0 0 35.6533 0 0
16.73 -27.7166 0 0 27.7166 0 0
16.74 -18.5234 0 0 18.5234 0 0
16.75 -8.05197 0 0 8.05197 0 0
16.76 3.60756 0 0 -3.60756 0 0
16.77 16.0961 0 0 -16.0961 0 0
16.78 28.6816 0 0 -28.6816 0 0
16.79 40.3958 0 0 -40.3958 0 0
16.8 50.3146 0 0 -50.3146 0 0
16.81 57.8258 0 0 -57.8258 0 0
16.82 62.8361 0 0 -62.8361 0 0
16.83 65.5833 0 0 -65.5833 0 0
16.84 66.5371 0 0 -66.5371 0 0
16.85 66.087 0 0 -66.087 0 0
16.86 64.6108 0 0 -64.6108 0 0
16.87 62.3383 0 0 -62.3383 0 0
16.88 59.4797 0 0 -59.4797 0 0
16.89 56.1756 0 0 -56.1756 0 0
16.9 52.6131 0 0 -52.6131 0 0
16.91 48.9395 0 0 -48.9395 0 0
16.92 45.3708 0 0 -45.3708 0 0
16.93 42.0456 0 0 -42.0456 0 0
16.94 39.0805 0 0 -39.0805 0 0
16.95 36.4956 0 0 -36.4956 0 0
16.96 34.2802 0 0 -34.2802 0 0
16.97 32.4143 0 0 -32.4143 0 0
16.98 30.9275 0 0 -30.9275 0 0
16.99 29.8938 0 0 -29.8938 0 0
17 29.4488 0 0 -29.4488 0 0
17.01 29.6808 0 0 -29.6808 0 0
17.02 30.6472 0 0 -30.6472 0 0
17.03 32.3113 0 0 -32.3113 0 0
17.04 34.5686 0 0 -34.5686 0 0
17.05 37.2616 0 0 -37.2616 0 0
17.06 40.2154 0 0 -40.2154 0 0
17.07 43.2427 0 0 -43.2427 0 0
17.08 46.2173 0 0 -46.2173 0 0
17.09 49.0062 0 0 -49.0062 0 0
17.1 51.5419 0 0 -51.5419 0 0
17.11 53.7006 0 0 -53.7006 0 0
17.12 55.4011 0 0 -55.4011 0 0
17.13 56.5867 0 0 -56.5867 0 0
17.14 57.2945 0 0 -57.2945 0 0
17.15 57.5441 0 0 -57.5441 0 0
17.16 57.3687 0 0 -57.3687 0 0
17.17 56.6778 0 0 -56.6778 0 0
17.18 55.4036 0 0 -55.4036 0 0
17.19 53.4397 0 0 -53.4397 0 0
17.2 50.7955 0 0 -50.7955 0 0
17.21 47.5066 0 0 -47.5066 0 0
17.22 43.6677 0 0 -43.6677 0 0
17.23 39.3214 0 0 -39.3214 0 0
17.24 34.4647 0 0 -34.4647 0 0
17.25 29.0256 0 0 -29.0256 0 0
17.26 22.976 0 0 -22.976 0 0
17.27 16.3374 0 0 -16.3374 0 0
17.28 9.27356 0 0 -9.27356 0 0
17.29 2.06981 0 0 -2.06981 0 0
17.3 -4.89986 0 0 4.89986 0 0
17.31 -11.2252 0 0 11.2252 0 0
17.32 -16.5772 0 0 16.5772 0 0
17.33 -20.7471 0 0 20.7471 0 0
17.34 -23.5998 0 0 23.5998 0 0
17.35 -25.033 0 0 25.033 0 0
17.36 -24.9118 0 0 24.9118 0 0
17.37 -23.1287 0 0 23.1287 0 0
17.38 -19.635 0 0 19.635 0 0
17.39 -14.4983 0 0 14.4983 0 0
17.4 -7.90596 0 0 7.90596 0 0
17.41 -0.133215 0 0 0.133215 0 0
17.42 8.43602 0 0 -8.43602 0 0
17.43 17.2657 0 0 -17.2657 0 0
17.44 25.7091 0 0 -25.7091 0 0
17.45 33.0517 0 0 -33.0517 0 0
17.46 38.6706 0 0 -38.6706 0 0
17.47 42.116 0 0 -42.116 0 0
17.48 43.1873 0 0 -43.1873 0 0
17.49 41.8879 0 0 -41.8879 0 0
17.5 38.379 0 0 -38.379 0 0
17.51 32.8421 0 0 -32.8421 0 0
17.52 25.4733 0 0 -25.4733 0 0
17.53 16.3895 0 0 -16.3895 0 0
17.54 5.70092 0 0 -5.70092 0 0
17.55 -6.42389 0 0 6.42389 0 0
17.56 -19.586 0 0 19.586 0 0
17.57 -33.004 0 0 33.004 0 0
17.58 -45.5735 0 0 45.5735 0 0
17.59 -56.1659 0 0 56.1659 0 0
17.6 -63.982 0 0 63.982 0 0
17.61 -68.843 0 0 68.843 0 0
17.62 -70.972 0 0 70.972 0 0
17.63 -70.9176 0 0 70.9176 0 0
17.64 -69.1996 0 0 69.1996 0 0
17.65 -66.3173 0 0 66.3173 0 0
17.66 -62.5775 0 0 62.5775 0 0
17.67 -58.1993 0 0 58.1993 0 0
17.68 -53.2556 0 0 53.2556 0 0
17.69 -47.8301 0 0 47.8301 0 0
17.7 -41.9326 0 0 41.9326 0 0
17.71 -35.6399 0 0 35.6399 0 0
17.72 -29.0306 0 0 29.0306 0 0
17.73 -22.2159 0 0 22.2159 0 0
17.74 -15.3265 0 0 15.3265 0 0
17.75 -8.51807 0 0 8.51807 0 0
17.76 -1.97957 0 0 1.97957 0 0
17.77 4.05025 0 0 -4.05025 0 0
17.78 9.30712 0 0 -9.30712 0 0
17.79 13.51 0 0 -13.51 0 0
17.8 16.4393 0 0 -16.4393 0 0
17.81 17.9718 0 0 -17.9718 0 0
17.82 18.0957 0 0 -18.0957 0 0
17.83 16.9263 0 0 -16.9263 0 0
17.84 14.6722 0 0 -14.6722 0 0
17.85 11.5741 0 0 -11.5741 0 0
17.86 7.84784 0 0 -7.84784 0 0
17.87 3.62619 0 0 -3.62619 0 0
17.88 -0.985811 0 0 0.985811 0 0
17.89 -5.84633 0 0 5.84633 0 0
17.9 -10.7119 0 0 10.7119 0 0
17.91 -15.2442 0 0 15.2442 0 0
17.92 -19.097 0 0 19.097 0 0
17.93 -21.9723 0 0 21.9723 0 0
17.94 -23.6868 0 0 23.6868 0 0
17.95 -24.2098 0 0 24.2098 0 0
17.96 -23.5798 0 0 23.5798 0 0
17.97 -21.8913 0 0 21.8913 0 0
17.98 -19.211 0 0 19.211 0 0
17.99 -15.5814 0 0 15.5814 0 0
18 -11.0633 0 0 11.0633 0 0
18.01 -5.76987 0 0 5.76987 0 0
18.02 0.094308 0 0 -0.094308 0 0
18.03 6.23994 0 0 -6.23994 0 0
18.04 12.3284 0 0 -12.3284 0 0
18.05 17.9727 0 0 -17.9727 0 0
18.06 22.8312 0 0 -22.8312 0 0
18.07 26.6571 0 0 -26.6571 0 0
18.08 29.3047 0 0 -29.3047 0 0
18.09 30.7025 0 0 -30.7025 0 0
18.1 30.8322 0 0 -30.8322 0 0
18.11 29.7024 0 0 -29.7024 0 0
18.12 27.3795 0 0 -27.3795 0 0
18.13 23.9342 0 0 -23.9342 0 0
18.14 19.5032 0 0 -19.5032 0 0
18.15 14.2623 0 0 -14.2623 0 0
18.16 8.43079 0 0 -8.43079 0 0
18.17 2.25047 0 0 -2.25047 0 0
18.18 -4.05214 0 0 4.05214 0 0
18.19 -10.2248 0 0 10.2248 0 0
18.2 -15.9817 0 0 15.9817 0 0
18.21 -21.0612 0 0 21.0612 0 0
18.22 -25.2362 0 0 25.2362 0 0
18.23 -28.3769 0 0 28.3769 0 0
18.24 -30.4345 0 0 30.4345 0 0
18.25 -31.4214 0 0 31.4214 0 0
18.26 -31.3473 0 0 31.3473 0 0
18.27 -30.2206 0 0 30.2206 0 0
18.28 -28.051 0 0 28.051 0 0
18.29 -24.9073 0 0 24.9073 0 0
18.3 -20.9219 0 0 20.9219 0 0
18.31 -16.3541 0 0 16.3541 0 0
18.32 -11.4996 0 0 11.4996 0 0
18.33 -6.61804 0 0 6.61804 0 0
18.34 -1.89645 0 0 1.89645 0 0
18.35 2.55705 0 0 -2.55705 0 0
18.36 6.6508 0 0 -6.6508 0 0
18.37 10.2498 0 0 -10.2498 0 0
18.38 13.1481 0 0 -13.1481 0 0
18.39 15.0851 0 0 -15.0851 0 0
18.4 15.8611 0 0 -15.8611 0 0
18.41 15.3845 0 0 -15.3845 0 0
18.42 13.6849 0 0 -13.6849 0 0
18.43 10.8723 0 0 -10.8723 0 0
18.44 7.07908 0 0 -7.07908 0 0
18.45 2.46894 0 0 -2.46894 0 0
18.46 -2.74965 0 0 2.74965 0 0
18.47 -8.31598 0 0 8.31598 0 0
18.48 -13.8919 0 0 13.8919 0 0
18.49 -19.1055 0 0 19.1055 0 0
18.5 -23.58 0 0 23.58 0 0
18.51 -27.0058 0 0 27.0058 0 0
18.52 -29.1994 0 0 29.1994 0 0
18.53 -30.099 0 0 30.099 0 0
18.54 -29.7004 0 0 29.7004 0 0
18.55 -28.0453 0 0 28.0453 0 0
18.56 -25.17 0 0 25.17 0 0
18.57 -21.1703 0 0 21.1703 0 0
18.58 -16.1752 0 0 16.1752 0 0
18.59 -10.389 0 0 10.389 0 0
18.6 -4.10319 0 0 4.10319 0 0
18.61 2.34582 0 0 -2.34582 0 0
18.62 8.58049 0 0 -8.58049 0 0
18.63 14.239 0 0 -14.239 0 0
18.64 19.0667 0 0 -19.0667 0 0
18.65 22.9147 0 0 -22.9147 0 0
18.66 25.7528 0 0 -25.7528 0 0
18.67 27.591 0 0 -27.591 0 0
18.68 28.4499 0 0 -28.4499 0 0
18.69 28.3409 0 0 -28.3409 0 0
18.7 27.2731 0 0 -27.2731 0 0
18.71 25.2809 0 0 -25.2809 0 0
18.72 22.4826 0 0 -22.4826 0 0
18.73 19.0466 0 0 -19.0466 0 0
18.74 15.2141 0 0 -15.2141 0 0
18.75 11.217 0 0 -11.217 0 0
18.76 7.2489 0 0 -7.2489 0 0
18.77 3.44649 0 0 -3.44649 0 0
18.78 -0.124354 0 0 0.124354 0 0
18.79 -3.41227 0 0 3.41227 0 0
18.8 -6.34006 0 0 6.34006 0 0
18.81 -8.77375 0 0 8.77375 0 0
18.82 -10.5193 0 0 10.5193 0 0
18.83 -11.4071 0 0 11.4071 0 0
18.84 -11.3269 0 0 11.3269 0 0
18.85 -10.255 0 0 10.255 0 0
18.86 -8.26208 0 0 8.26208 0 0
18.87 -5.47792 0 0 5.47792 0 0
18.88 -2.0638 0 0 2.0638 0 0
18.89 1.83817 0 0 -1.83817 0 0
18.9 6.1165 0 0 -6.1165 0 0
18.91 10.6335 0 0 -10.6335 0 0
18.92 15.2215 0 0 -15.2215 0 0
18.93 19.6486 0 0 -19.6486 0 0
18.94 23.6374 0 0 -23.6374 0 0
18.95 26.925 0 0 -26.925 0 0
18.96 29.3028 0 0 -29.3028 0 0
18.97 30.6469 0 0 -30.6469 0 0
18.98 30.9421 0 0 -30.9421 0 0
18.99 30.207 0 0 -30.207 0 0
19 28.5086 0 0 -28.5086 0 0
19.01 25.8866 0 0 -25.8866 0 0
19.02 22.3768 0 0 -22.3768 0 0
19.03 18.0117 0 0 -18.0117 0 0
19.04 12.8483 0 0 -12.8483 0 0
19.05 6.99482 0 0 -6.99482 0 0
19.06 0.621676 0 0 -0.621676 0 0
19.07 -6.05157 0 0 6.05157 0 0
19.08 -12.75 0 0 12.75 0 0
19.09 -19.1973 0 0 19.1973 0 0
19.1 -25.1126 0 0 25.1126 0 0
19.11 -30.2407 0 0 30.2407 0 0
19.12 -34.3908 0 0 34.3908 0 0
19.13 -37.4464 0 0 37.4464 0 0
19.14 -39.3347 0 0 39.3347 0 0
19.15 -40.0481 0 0 40.0481 0 0
19.16 -39.5836 0 0 39.5836 0 0
19.17 -38.0219 0 0 38.0219 0 0
19.18 -35.4633 0 0 35.4633 0 0
19.19 -32.0796 0 0 32.0796 0 0
19.2 -28.0548 0 0 28.0548 0 0
19.21 -23.5617 0 0 23.5617 0 0
19.22 -18.7328 0 0 18.7328 0 0
19.23 -13.6771 0 0 13.6771 0 0
19.24 -8.48252 0 0 8.48252 0 0
19.25 -3.26319 0 0 3.26319 0 0
19.26 1.84503 0 0 -1.84503 0 0
19.27 6.63624 0 0 -6.63624 0 0
19.28 10.8497 0 0 -10.8497 0 0
19.29 14.2478 0 0 -14.2478 0 0
19.3 16.6572 0 0 -16.6572 0 0
19.31 18.0044 0 0 -18.0044 0 0
19.32 18.3016 0 0 -18.3016 0 0
19.33 17.6025 0 0 -17.6025 0 0
19.34 16.0089 0 0 -16.0089 0 0
19.35 13.6117 0 0 -13.6117 0 0
19.36 10.4987 0 0 -10.4987 0 0
19.37 6.77322 0 0 -6.77322 0 0
19.38 2.57891 0 0 -2.57891 0 0
19.39 -1.85521 0 0 1.85521 0 0
19.4 -6.24516 0 0 6.24516 0 0
19.41 -10.3089 0 0 10.3089 0 0
19.42 -13.8 0 0 13.8 0 0
19.43 -16.554 0 0 16.554 0 0
19.44 -18.4535 0 0 18.4535 0 0
19.45 -19.4336 0 0 19.4336 0 0
19.46 -19.4817 0 0 19.4817 0 0
19.47 -18.613 0 0 18.613 0 0
19.48 -16.8725 0 0 16.8725 0 0
19.49 -14.3357 0 0 14.3357 0 0
19.5 -11.0793 0 0 11.0793 0 0
19.51 -7.21436 0 0 7.21436 0 0
19.52 -2.88127 0 0 2.88127 0 0
19.53 1.74545 0 0 -1.74545 0 0
19.54 6.4936 0 0 -6.4936 0 0
19.55 11.2104 0 0 -11.2104 0 0
19.56 15.7352 0 0 -15.7352 0 0
19.57 19.9276 0 0 -19.9276 0 0
19.58 23.6834 0 0 -23.6834 0 0
19.59 26.9078 0 0 -26.9078 0 0
19.6 29.5399 0 0 -29.5399 0 0
19.61 31.5081 0 0 -31.5081 0 0
19.62 32.7699 0 0 -32.7699 0 0
19.63 33.3022 0 0 -33.3022 0 0
19.64 33.124 0 0 -33.124 0 0
19.65 32.2835 0 0 -32.2835 0 0
19.66 30.8754 0 0 -30.8754 0 0
19.67 28.9986 0 0 -28.9986 0 0
19.68 26.8052 0 0 -26.8052 0 0
19.69 24.4369 0 0 -24.4369 0 0
19.7 22.036 0 0 -22.036 0 0
19.71 19.7044 0 0 -19.7044 0 0
19.72 17.5099 0 0 -17.5099 0 0
19.73 15.5078 0 0 -15.5078 0 0
19.74 13.7697 0 0 -13.7697 0 0
19.75 12.4012 0 0 -12.4012 0 0
19.76 11.5374 0 0 -11.5374 0 0
19.77 11.2942 0 0 -11.2942 0 0
19.78 11.7819 0 0 -11.7819 0 0
19.79 13.0654 0 0 -13.0654 0 0
19.8 15.1527 0 0 -15.1527 0 0
19.81 17.9863 0 0 -17.9863 0 0
19.82 21.4186 0 0 -21.4186 0 0
19.83 25.2388 0 0 -25.2388 0 0
19.84 29.2034 0 0 -29.2034 0 0
19.85 33.0392 0 0 -33.0392 0 0
19.86 36.5227 0 0 -36.5227 0 0
19.87 39.4205 0 0 -39.4205 0 0
19.88 41.5284 0 0 -41.5284 0 0
19.89 42.651 0 0 -42.651 0 0
19.9 42.665 0 0 -42.665 0 0
19.91 41.5128 0 0 -41.5128 0 0
19.92 39.24 0 0 -39.24 0 0
19.93 35.921 0 0 -35.921 0 0
19.94 31.6927 0 0 -31.6927 0 0
19.95 26.6672 0 0 -26.6672 0 0
19.96 20.9884 0 0 -20.9884 0 0
19.97 14.7888 0 0 -14.7888 0 0
19.98 8.18591 0 0 -8.18591 0 0
19.99 1.33022 0 0 -1.33022 0 0
20 -5.55605 0 0 5.55605 0 0
20.01 -12.1522 0 0 12.1522 0 0
20.02 -18.0628 0 0 18.0628 0 0
20.03 -22.9171 0 0 22.9171 0 0
20.04 -26.4043 0 0 26.4043 0 0
20.05 -28.3246 0 0 28.3246 0 0
20.06 -28.5934 0 0 28.5934 0 0
20.07 -27.2461 0 0 27.2461 0 0
20.08 -24.4084 0 0 24.4084 0 0
20.09 -20.2816 0 0 20.2816 0 0
20.1 -15.0913 0 0 15.0913 0 0
20.11 -9.08916 0 0 9.08916 0 0
20.12 -2.50944 0 0 2.50944 0 0
20.13 4.38688 0 0 -4.38688 0 0
20.14 11.3024 0 0 -11.3024 0 0
20.15 17.9285 0 0 -17.9285 0 0
20.16 23.9396 0 0 -23.9396 0 0
20.17 29.0134 0 0 -29.0134 0 0
20.18 32.8755 0 0 -32.8755 0 0
20.19 35.3205 0 0 -35.3205 0 0
20.2 36.2961 0 0 -36.2961 0 0
20.21 35.8505 0 0 -35.8505 0 0
20.22 34.1484 0 0 -34.1484 0 0
20.23 31.3884 0 0 -31.3884 0 0
20.24 27.7989 0 0 -27.7989 0 0
20.25 23.5972 0 0 -23.5972 0 0
20.26 18.9799 0 0 -18.9799 0 0
20.27 14.1058 0 0 -14.1058 0 0
20.28 9.15267 0 0 -9.15267 0 0
20.29 4.31883 0 0 -4.31883 0 0
20.3 -0.152149 0 0 0.152149 0 0
20.31 -3.99269 0 0 3.99269 0 0
20.32 -6.94148 0 0 6.94148 0 0
20.33 -8.77121 0 0 8.77121 0 0
20.34 -9.34141 0 0 9.34141 0 0
20.35 -8.59889 0 0 8.59889 0 0
20.36 -6.5613 0 0 6.5613 0 0
20.37 -3.31333 0 0 3.31333 0 0
20.38 1.03758 0 0 -1.03758 0 0
20.39 6.33643 0 0 -6.33643 0 0
20.4 12.3567 0 0 -12.3567 0 0
20.41 18.7896 0 0 -18.7896 0 0
20.42 25.2291 0 0 -25.2291 0 0
20.43 31.2114 0 0 -31.2114 0 0
20.44 36.2757 0 0 -36.2757 0 0
20.45 40.0215 0 0 -40.0215 0 0
20.46 42.2267 0 0 -42.2267 0 0
20.47 42.778 0 0 -42.778 0 0
20.48 41.7057 0 0 -41.7057 0 0
20.49 39.0801 0 0 -39.0801 0 0
20.5 35.0084 0 0 -35.0084 0 0
20.51 29.5815 0 0 -29.5815 0 0
20.52 22.8772 0 0 -22.8772 0 0
20.53 14.9552 0 0 -14.9552 0 0
20.54 5.94217 0 0 -5.94217 0 0
20.55 -3.97061 0 0 3.97061 0 0
20.56 -14.4292 0 0 14.4292 0 0
20.57 -24.889 0 0 24.889 0 0
20.58 -34.6898 0 0 34.6898 0 0
20.59 -43.1851 0 0 43.1851 0 0
20.6 -49.8964 0 0 49.8964 0 0
20.61 -54.6336 0 0 54.6336 0 0
20.62 -57.4117 0 0 57.4117 0 0
20.63 -58.4561 0 0 58.4561 0 0
20.64 -57.987 0 0 57.987 0 0
20.65 -56.2713 0 0 56.2713 0 0
20.66 -53.5068 0 0 53.5068 0 0
20.67 -49.8968 0 0 49.8968 0 0
20.68 -45.5793 0 0 45.5793 0 0
20.69 -40.7021 0 0 40.7021 0 0
20.7 -35.3665 0 0 35.3665 0 0
20.71 -29.696 0 0 29.696 0 0
20.72 -23.782 0 0 23.782 0 0
20.73 -17.7254 0 0 17.7254 0 0
20.74 -11.6162 0 0 11.6162 0 0
20.75 -5.57948 0 0 5.57948 0 0
20.76 0.20723 0 0 -0.20723 0 0
20.77 5.5449 0 0 -5.5449 0 0
20.78 10.2201 0 0 -10.2201 0 0
20.79 14.0404 0 0 -14.0404 0 0
20.8 16.8842 0 0 -16.8842 0 0
20.81 18.6706 0 0 -18.6706 0 0
20.82 19.3752 0 0 -19.3752 0 0
20.83 18.9923 0 0 -18.9923 0 0
20.84 17.5288 0 0 -17.5288 0 0
20.85 15.0346 0 0 -15.0346 0 0
20.86 11.6062 0 0 -11.6062 0 0
20.87 7.39143 0 0 -7.39143 0 0
20.88 2.60037 0 0 -2.60037 0 0
20.89 -2.52045 0 0 2.52045 0 0
20.9 -7.69887 0 0 7.69887 0 0
20.91 -12.6825 0 0 12.6825 0 0
20.92 -17.2478 0 0 17.2478 0 0
20.93 -21.2045 0 0 21.2045 0 0
20.94 -24.4054 0 0 24.4054 0 0
20.95 -26.7332 0 0 26.7332 0 0
20.96 -28.0892 0 0 28.0892 0 0
20.97 -28.4324 0 0 28.4324 0 0
20.98 -27.7423 0 0 27.7423 0 0
20.99 -26.0758 0 0 26.0758 0 0
21 -23.5317 0 0 23.5317 0 0
21.01 -20.2577 0 0 20.2577 0 0
21.02 -16.4346 0 0 16.4346 0 0
21.03 -12.2465 0 0 12.2465 0 0
21.04 -7.86281 0 0 7.86281 0 0
21.05 -3.44069 0 0 3.44069 0 0
21.06 0.87865 0 0 -0.87865 0 0
21.07 4.92542 0 0 -4.92542 0 0
21.08 8.53589 0 0 -8.53589 0 0
21.09 11.5622 0 0 -11.5622 0 0
21.1 13.8615 0 0 -13.8615 0 0
21.11 15.3311 0 0 -15.3311 0 0
21.12 15.9 0 0 -15.9 0 0
21.13 15.5376 0 0 -15.5376 0 0
21.14 14.2796 0 0 -14.2796 0 0
21.15 12.1929 0 0 -12.1929 0 0
21.16 9.39838 0 0 -9.39838 0 0
21.17 6.03887 0 0 -6.03887 0 0
21.18 2.2797 0 0 -2.2797 0 0
21.19 -1.67091 0 0 1.67091 0 0
21.2 -5.59229 0 0 5.59229 0 0
21.21 -9.25063 0 0 9.25063 0 0
21.22 -12.4086 0 0 12.4086 0 0
21.23 -14.8422 0 0 14.8422 0 0
21.24 -16.3312 0 0 16.3312 0 0
21.25 -16.7132 0 0 16.7132 0 0
21.26 -15.877 0 0 15.877 0 0
21.27 -13.767 0 0 13.767 0 0
21.28 -10.4077 0 0 10.4077 0 0
21.29 -5.89785 0 0 5.89785 0 0
21.3 -0.401949 0 0 0.401949 0 0
21.31 5.86321 0 0 -5.86321 0 0
21.32 12.6497 0 0 -12.6497 0 0
21.33 19.6498 0 0 -19.6498 0 0
21.34 26.5093 0 0 -26.5093 0 0
21.35 32.8374 0 0 -32.8374 0 0
21.36 38.2634 0 0 -38.2634 0 0
21.37 42.4815 0 0 -42.4815 0 0
21.38 45.3143 0 0 -45.3143 0 0
21.39 46.6885 0 0 -46.6885 0 0
21.4 46.6876 0 0 -46.6876 0 0
21.41 45.4314 0 0 -45.4314 0 0
21.42 43.1131 0 0 -43.1131 0 0
21.43 39.8917 0 0 -39.8917 0 0
21.44 35.9188 0 0 -35.9188 0 0
21.45 31.2826 0 0 -31.2826 0 0
21.46 26.0394 0 0 -26.0394 0 0
21.47 20.2253 0 0 -20.2253 0 0
21.48 13.9115 0 0 -13.9115 0 0
21.49 7.20691 0 0 -7.20691 0 0
21.5 0.317243 0 0 -0.317243 0 0
21.51 -6.47422 0 0 6.47422 0 0
21.52 -12.8214 0 0 12.8214 0 0
21.53 -18.3827 0 0 18.3827 0 0
21.54 -22.9064 0 0 22.9064 0 0
21.55 -26.2387 0 0 26.2387 0 0
21.56 -28.3066 0 0 28.3066 0 0
21.57 -29.1153 0 0 29.1153 0 0
21.58 -28.6778 0 0 28.6778 0 0
21.59 -27.0589 0 0 27.0589 0 0
21.6 -24.3611 0 0 24.3611 0 0
21.61 -20.7641 0 0 20.7641 0 0
21.62 -16.5003 0 0 16.5003 0 0
21.63 -11.811 0 0 11.811 0 0
21.64 -6.91866 0 0 6.91866 0 0
21.65 -2.01785 0 0 2.01785 0 0
21.66 2.7224 0 0 -2.7224 0 0
21.67 7.1244 0 0 -7.1244 0 0
21.68 11.0127 0 0 -11.0127 0 0
21.69 14.1981 0 0 -14.1981 0 0
21.7 16.5092 0 0 -16.5092 0 0
21.71 17.8404 0 0 -17.8404 0 0
21.72 18.1492 0 0 -18.1492 0 0
21.73 17.4482 0 0 -17.4482 0 0
21.74 15.791 0 0 -15.791 0 0
21.75 13.2312 0 0 -13.2312 0 0
21.76 9.85468 0 0 -9.85468 0 0
21.77 5.76016 0 0 -5.76016 0 0
21.78 1.08583 0 0 -1.08583 0 0
21.79 -3.96252 0 0 3.96252 0 0
21.8 -9.14129 0 0 9.14129 0 0
21.81 -14.1811 0 0 14.1811 0 0
21.82 -18.8206 0 0 18.8206 0 0
21.83 -22.8269 0 0 22.8269 0 0
21.84 -25.9853 0 0 25.9853 0 0
21.85 -28.162 0 0 28.162 0 0
21.86 -29.2706 0 0 29.2706 0 0
21.87 -29.2894 0 0 29.2894 0 0
21.88 -28.2455 0 0 28.2455 0 0
21.89 -26.2035 0 0 26.2035 0 0
21.9 -23.2361 0 0 23.2361 0 0
21.91 -19.435 0 0 19.435 0 0
21.92 -14.8924 0 0 14.8924 0 0
21.93 -9.75443 0 0 9.75443 0 0
21.94 -4.20463 0 0 4.20463 0 0
21.95 1.53767 0 0 -1.53767 0 0
21.96 7.23725 0 0 -7.23725 0 0
21.97 12.6722 0 0 -12.6722 0 0
21.98 17.6363 0 0 -17.6363 0 0
21.99 21.9556 0 0 -21.9556 0 0
22 25.4899 0 0 -25.4899 0 0
22.01 28.1057 0 0 -28.1057 0 0
22.02 29.733 0 0 -29.733 0 0
22.03 30.3556 0 0 -30.3556 0 0
22.04 30.0502 0 0 -30.0502 0 0
22.05 28.9446 0 0 -28.9446 0 0
22.06 27.1943 0 0 -27.1943 0 0
22.07 24.9347 0 0 -24.9347 0 0
22.08 22.2869 0 0 -22.2869 0 0
22.09 19.3442 0 0 -19.3442 0 0
22.1 16.2086 0 0 -16.2086 0 0
22.11 12.9795 0 0 -12.9795 0 0
22.12 9.79825 0 0 -9.79825 0 0
22.13 6.83315 0 0 -6.83315 0 0
22.14 4.24737 0 0 -4.24737 0 0
22.15 2.19524 0 0 -2.19524 0 0
22.16 0.785253 0 0 -0.785253 0 0
22.17 0.0669674 0 0 -0.0669674 0 0
22.18 0.0483491 0 0 -0.0483491 0 0
22.19 0.697539 0 0 -0.697539 0 0
22.2 1.97762 0 0 -1.97762 0 0
22.21 3.84126 0 0 -3.84126 0 0
22.22 6.21534 0 0 -6.21534 0 0
22.23 8.99756 0 0 -8.99756 0 0
22.24 12.0327 0 0 -12.0327 0 0
22.25 15.1505 0 0 -15.1505 0 0
22.26 18.1906 0 0 -18.1906 0 0
22.27 20.997 0 0 -20.997 0 0
22.28 23.4822 0 0 -23.4822 0 0
22.29 25.5895 0 0 -25.5895 0 0
22.3 27.2901 0 0 -27.2901 0 0
22.31 28.5698 0 0 -28.5698 0 0
22.32 29.4227 0 0 -29.4227 0 0
22.33 29.8583 0 0 -29.8583 0 0
22.34 29.9331 0 0 -29.9331 0 0
22.35 29.7165 0 0 -29.7165 0 0
22.36 29.3311 0 0 -29.3311 0 0
22.37 28.8834 0 0 -28.8834 0 0
22.38 28.4825 0 0 -28.4825 0 0
22.39 28.2074 0 0 -28.2074 0 0
22.4 28.1224 0 0 -28.1224 0 0
22.41 28.2779 0 0 -28.2779 0 0
22.42 28.7271 0 0 -28.7271 0 0
22.43 29.5055 0 0 -29.5055 0 0
22.44 30.659 0 0 -30.659 0 0
22.45 32.1633 0 0 -32.1633 0 0
22.46 33.9569 0 0 -33.9569 0 0
22.47 35.9185 0 0 -35.9185 0 0
22.48 37.902 0 0 -37.902 0 0
22.49 39.739 0 0 -39.739 0 0
22.5 41.2886 0 0 -41.2886 0 0
22.51 42.4186 0 0 -42.4186 0 0
22.52 43.0559 0 0 -43.0559 0 0
22.53 43.1177 0 0 -43.1177 0 0
22.54 42.5765 0 0 -42.5765 0 0
22.55 41.3565 0 0 -41.3565 0 0
22.56 39.3891 0 0 -39.3891 0 0
22.57 36.593 0 0 -36.593 0 0
22.58 32.9188 0 0 -32.9188 0 0
22.59 28.3294 0 0 -28.3294 0 0
22.6 22.8119 0 0 -22.8119 0 0
22.61 16.332 0 0 -16.332 0 0
22.62 8.90079 0 0 -8.90079 0 0
22.63 0.586762 0 0 -0.586762 0 0
22.64 -8.41191 0 0 8.41191 0 0
22.65 -17.7119 0 0 17.7119 0 0
22.66 -26.7816 0 0 26.7816 0 0
22.67 -35.0302 0 0 35.0302 0 0
22.68 -41.9331 0 0 41.9331 0 0
22.69 -47.171 0 0 47.171 0 0
22.7 -50.6048 0 0 50.6048 0 0
22.71 -52.3206 0 0 52.3206 0 0
22.72 -52.4765 0 0 52.4765 0 0
22.73 -51.3047 0 0 51.3047 0 0
22.74 -49.011 0 0 49.011 0 0
22.75 -45.8124 0 0 45.8124 0 0
22.76 -41.8792 0 0 41.8792 0 0
22.77 -37.3935 0 0 37.3935 0 0
22.78 -32.4817 0 0 32.4817 0 0
22.79 -27.2829 0 0 27.2829 0 0
22.8 -21.9009 0 0 21.9009 0 0
22.81 -16.4679 0 0 16.4679 0 0
22.82 -11.1529 0 0 11.1529 0 0
22.83 -6.15926 0 0 6.15926 0 0
22.84 -1.7167 0 0 1.7167 0 0
22.85 1.958 0 0 -1.958 0 0
22.86 4.69231 0 0 -4.69231 0 0
22.87 6.36334 0 0 -6.36334 0 0
22.88 6.9148 0 0 -6.9148 0 0
22.89 6.33234 0 0 -6.33234 0 0
22.9 4.64105 0 0 -4.64105 0 0
22.91 1.89961 0 0 -1.89961 0 0
22.92 -1.8192 0 0 1.8192 0 0
22.93 -6.40548 0 0 6.40548 0 0
22.94 -11.6987 0 0 11.6987 0 0
22.95 -17.4726 0 0 17.4726 0 0
22.96 -23.4185 0 0 23.4185 0 0
22.97 -29.203 0 0 29.203 0 0
22.98 -34.4816 0 0 34.4816 0 0
22.99 -38.9759 0 0 38.9759 0 0
23 -42.5041 0 0 42.5041 0 0
23.01 -45.0055 0 0 45.0055 0 0
23.02 -46.4928 0 0 46.4928 0 0
23.03 -47.0761 0 0 47.0761 0 0
23.04 -46.8394 0 0 46.8394 0 0
23.05 -45.8921 0 0 45.8921 0 0
23.06 -44.2838 0 0 44.2838 0 0
23.07 -42.0822 0 0 42.0822 0 0
23.08 -39.3435 0 0 39.3435 0 0
23.09 -36.17 0 0 36.17 0 0
23.1 -32.6855 0 0 32.6855 0 0
23.11 -29.0628 0 0 29.0628 0 0
23.12 -25.4511 0 0 25.4511 0 0
23.13 -21.9841 0 0 21.9841 0 0
23.14 -18.7381 0 0 18.7381 0 0
23.15 -15.7673 0 0 15.7673 0 0
23.16 -13.0977 0 0 13.0977 0 0
23.17 -10.7644 0 0 10.7644 0 0
23.18 -8.83424 0 0 8.83424 0 0
23.19 -7.39528 0 0 7.39528 0 0
23.2 -6.54933 0 0 6.54933 0 0
23.21 -6.38293 0 0 6.38293 0 0
23.22 -6.92819 0 0 6.92819 0 0
23.23 -8.1742 0 0 8.1742 0 0
23.24 -10.0433 0 0 10.0433 0 0
23.25 -12.418 0 0 12.418 0 0
23.26 -15.1777 0 0 15.1777 0 0
23.27 -18.1797 0 0 18.1797 0 0
23.28 -21.2755 0 0 21.2755 0 0
23.29 -24.3243 0 0 24.3243 0 0
23.3 -27.1579 0 0 27.1579 0 0
23.31 -29.6151 0 0 29.6151 0 0
23.32 -31.5235 0 0 31.5235 0 0
23.33 -32.7531 0 0 32.7531 0 0
23.34 -33.2051 0 0 33.2051 0 0
23.35 -32.8317 0 0 32.8317 0 0
23.36 -31.6152 0 0 31.6152 0 0
23.37 -29.5787 0 0 29.5787 0 0
23.38 -26.7369 0 0 26.7369 0 0
23.39 -23.1254 0 0 23.1254 0 0
23.4 -18.762 0 0 18.762 0 0
23.41 -13.7057 0 0 13.7057 0 0
23.42 -8.05106 0 0 8.05106 0 0
23.43 -1.92753 0 0 1.92753 0 0
23.44 4.47346 0 0 -4.47346 0 0
23.45 10.9172 0 0 -10.9172 0 0
23.46 17.1507 0 0 -17.1507 0 0
23.47 22.9188 0 0 -22.9188 0 0
23.48 28.0061 0 0 -28.0061 0 0
23.49 32.2206 0 0 -32.2206 0 0
23.5 35.4283 0 0 -35.4283 0 0
23.51 37.5323 0 0 -37.5323 0 0
23.52 38.513 0 0 -38.513 0 0
23.53 38.4151 0 0 -38.4151 0 0
23.54 37.364 0 0 -37.364 0 0
23.55 35.5105 0 0 -35.5105 0 0
23.56 33.0442 0 0 -33.0442 0 0
23.57 30.1061 0 0 -30.1061 0 0
23.58 26.8508 0 0 -26.8508 0 0
23.59 23.4173 0 0 -23.4173 0 0
23.6 19.9492 0 0 -19.9492 0 0
23.61 16.5859 0 0 -16.5859 0 0
23.62 13.4574 0 0 -13.4574 0 0
23.63 10.6896 0 0 -10.6896 0 0
23.64 8.41011 0 0 -8.41011 0 0
23.65 6.72113 0 0 -6.72113 0 0
23.66 5.72452 0 0 -5.72452 0 0
23.67 5.50634 0 0 -5.50634 0 0
23.68 6.12678 0 0 -6.12678 0 0
23.69 7.61087 0 0 -7.61087 0 0
23.7 9.91165 0 0 -9.91165 0 0
23.71 12.9238 0 0 -12.9238 0 0
23.72 16.4968 0 0 -16.4968 0 0
23.73 20.4328 0 0 -20.4328 0 0
23.74 24.5292 0 0 -24.5292 0 0
23.75 28.5758 0 0 -28.5758 0 0
23.76 32.4064 0 0 -32.4064 0 0
23.77 35.8791 0 0 -35.8791 0 0
23.78 38.8803 0 0 -38.8803 0 0
23.79 41.3049 0 0 -41.3049 0 0
23.8 43.0905 0 0 -43.0905 0 0
23.81 44.1881 0 0 -44.1881 0 0
23.82 44.6259 0 0 -44.6259 0 0
23.83 44.4391 0 0 -44.4391 0 0
23.84 43.7524 0 0 -43.7524 0 0
23.85 42.7012 0 0 -42.7012 0 0
23.86 41.4407 0 0 -41.4407 0 0
23.87 40.0696 0 0 -40.0696 0 0
23.88 38.6529 0 0 -38.6529 0 0
23.89 37.1952 0 0 -37.1952 0 0
23.9 35.7096 0 0 -35.7096 0 0
23.91 34.1682 0 0 -34.1682 0 0
23.92 32.555 0 0 -32.555 0 0
23.93 30.81 0 0 -30.81 0 0
23.94 28.8662 0 0 -28.8662 0 0
23.95 26.6336 0 0 -26.6336 0 0
23.96 24.0321 0 0 -24.0321 0 0
23.97 21.0138 0 0 -21.0138 0 0
23.98 17.577 0 0 -17.577 0 0
23.99 13.7168 0 0 -13.7168 0 0
24 9.44214 0 0 -9.44214 0 0
24.01 4.76768 0 0 -4.76768 0 0
24.02 -0.244371 0 0 0.244371 0 0
24.03 -5.45983 0 0 5.45983 0 0
24.04 -10.6767 0 0 10.6767 0 0
24.05 -15.6342 0 0 15.6342 0 0
24.06 -20.068 0 0 20.068 0 0
24.07 -23.759 0 0 23.759 0 0
24.08 -26.5399 0 0 26.5399 0 0
24.09 -28.3424 0 0 28.3424 0 0
24.1 -29.1599 0 0 29.1599 0 0
24.11 -29.048 0 0 29.048 0 0
24.12 -28.0798 0 0 28.0798 0 0
24.13 -26.3485 0 0 26.3485 0 0
24.14 -23.9585 0 0 23.9585 0 0
24.15 -21.0188 0 0 21.0188 0 0
24.16 -17.623 0 0 17.623 0 0
24.17 -13.9133 0 0 13.9133 0 0
24.18 -10.0483 0 0 10.0483 0 0
24.19 -6.20789 0 0 6.20789 0 0
24.2 -2.57919 0 0 2.57919 0 0
24.21 0.659681 0 0 -0.659681 0 0
24.22 3.33753 0 0 -3.33753 0 0
24.23 5.31529 0 0 -5.31529 0 0
24.24 6.49442 0 0 -6.49442 0 0
24.25 6.81125 0 0 -6.81125 0 0
24.26 6.24319 0 0 -6.24319 0 0
24.27 4.7886 0 0 -4.7886 0 0
24.28 2.48848 0 0 -2.48848 0 0
24.29 -0.562109 0 0 0.562109 0 0
24.3 -4.23878 0 0 4.23878 0 0
24.31 -8.36792 0 0 8.36792 0 0
24.32 -12.7316 0 0 12.7316 0 0
24.33 -17.0885 0 0 17.0885 0 0
24.34 -21.1629 0 0 21.1629 0 0
24.35 -24.6876 0 0 24.6876 0 0
24.36 -27.4177 0 0 27.4177 0 0
24.37 -29.1774 0 0 29.1774 0 0
24.38 -29.8643 0 0 29.8643 0 0
24.39 -29.4486 0 0 29.4486 0 0
24.4 -27.9572 0 0 27.9572 0 0
24.41 -25.4832 0 0 25.4832 0 0
24.42 -22.1177 0 0 22.1177 0 0
24.43 -17.9746 0 0 17.9746 0 0
24.44 -13.1538 0 0 13.1538 0 0
24.45 -7.7623 0 0 7.7623 0 0
24.46 -1.93207 0 0 1.93207 0 0
24.47 4.16422 0 0 -4.16422 0 0
24.48 10.2931 0 0 -10.2931 0 0
24.49 16.1885 0 0 -16.1885 0 0
24.5 21.5873 0 0 -21.5873 0 0
24.51 26.2503 0 0 -26.2503 0 0
24.52 30.0158 0 0 -30.0158 0 0
24.53 32.7688 0 0 -32.7688 0 0
24.54 34.4697 0 0 -34.4697 0 0
24.55 35.1173 0 0 -35.1173 0 0
24.56 34.7357 0 0 -34.7357 0 0
24.57 33.3501 0 0 -33.3501 0 0
24.58 31.029 0 0 -31.029 0 0
24.59 27.8486 0 0 -27.8486 0 0
24.6 23.9306 0 0 -23.9306 0 0
24.61 19.3942 0 0 -19.3942 0 0
24.62 14.3931 0 0 -14.3931 0 0
24.63 9.10495 0 0 -9.10495 0 0
24.64 3.72729 0 0 -3.72729 0 0
24.65 -1.51414 0 0 1.51414 0 0
24.66 -6.38842 0 0 6.38842 0 0
24.67 -10.6773 0 0 10.6773 0 0
24.68 -14.1813 0 0 14.1813 0 0
24.69 -16.7542 0 0 16.7542 0 0
24.7 -18.2925 0 0 18.2925 0 0
24.71 -18.7562 0 0 18.7562 0 0
24.72 -18.1586 0 0 18.1586 0 0
24.73 -16.5428 0 0 16.5428 0 0
24.74 -13.9889 0 0 13.9889 0 0
24.75 -10.6176 0 0 10.6176 0 0
24.76 -6.57082 0 0 6.57082 0 0
24.77 -2.0228 0 0 2.0228 0 0
24.78 2.84675 0 0 -2.84675 0 0
24.79 7.84691 0 0 -7.84691 0 0
24.8 12.776 0 0 -12.776 0 0
24.81 17.4202 0 0 -17.4202 0 0
24.82 21.559 0 0 -21.559 0 0
24.83 24.9896 0 0 -24.9896 0 0
24.84 27.5519 0 0 -27.5519 0 0
24.85 29.1483 0 0 -29.1483 0 0
24.86 29.7869 0 0 -29.7869 0 0
24.87 29.5186 0 0 -29.5186 0 0
24.88 28.4595 0 0 -28.4595 0 0
24.89 26.7436 0 0 -26.7436 0 0
24.9 24.51 0 0 -24.51 0 0
24.91 21.8794 0 0 -21.8794 0 0
24.92 18.958 0 0 -18.958 0 0
24.93 15.8399 0 0 -15.8399 0 0
24.94 12.6382 0 0 -12.6382 0 0
24.95 9.45565 0 0 -9.45565 0 0
24.96 6.39196 0 0 -6.39196 0 0
24.97 3.51398 0 0 -3.51398 0 0
24.98 0.849575 0 0 -0.849575 0 0
24.99 -1.59136 0 0 1.59136 0 0
25 -3.80506 0 0 3.80506 0 0
25.01 -5.76969 0 0 5.76969 0 0
25.02 -7.46835 0 0 7.46835 0 0
25.03 -8.91332 0 0 8.91332 0 0
25.04 -10.1175 0 0 10.1175 0 0
25.05 -11.1104 0 0 11.1104 0 0
25.06 -11.931 0 0 11.931 0 0
25.07 -12.6115 0 0 12.6115 0 0
25.08 -13.1738 0 0 13.1738 0 0
25.09 -13.6255 0 0 13.6255 0 0
25.1 -13.991 0 0 13.991 0 0
25.11 -14.3304 0 0 14.3304 0 0
25.12 -14.6903 0 0 14.6903 0 0
25.13 -15.1193 0 0 15.1193 0 0
25.14 -15.6555 0 0 15.6555 0 0
25.15 -16.315 0 0 16.315 0 0
25.16 -17.0899 0 0 17.0899 0 0
25.17 -17.9545 0 0 17.9545 0 0
25.18 -18.8707 0 0 18.8707 0 0
25.19 -19.7993 0 0 19.7993 0 0
25.2 -20.6868 0 0 20.6868 0 0
25.21 -21.4989 0 0 21.4989 0 0
25.22 -22.1851 0 0 22.1851 0 0
25.23 -22.7012 0 0 22.7012 0 0
25.24 -23.0118 0 0 23.0118 0 0
25.25 -23.0896 0 0 23.0896 0 0
25.26 -22.9182 0 0 22.9182 0 0
25.27 -22.4905 0 0 22.4905 0 0
25.28 -21.7966 0 0 21.7966 0 0
25.29 -20.8618 0 0 20.8618 0 0
25.3 -19.6952 0 0 19.6952 0 0
25.31 -18.3093 0 0 18.3093 0 0
25.32 -16.7055 0 0 16.7055 0 0
25.33 -14.8899 0 0 14.8899 0 0
25.34 -12.8884 0 0 12.8884 0 0
25.35 -10.7312 0 0 10.7312 0 0
25.36 -8.4582 0 0 8.4582 0 0
25.37 -6.13086 0 0 6.13086 0 0
25.38 -3.80245 0 0 3.80245 0 0
25.39 -1.52818 0 0 1.52818 0 0
25.4 0.646461 0 0 -0.646461 0 0
25.41 2.67593 0 0 -2.67593 0 0
25.42 4.50199 0 0 -4.50199 0 0
25.43 6.09069 0 0 -6.09069 0 0
25.44 7.43073 0 0 -7.43073 0 0
25.45 8.51731 0 0 -8.51731 0 0
25.46 9.3589 0 0 -9.3589 0 0
25.47 9.96387 0 0 -9.96387 0 0
25.48 10.3577 0 0 -10.3577 0 0
25.49 10.5664 0 0 -10.5664 0 0
25.5 10.5949 0 0 -10.5949 0 0
25.51 10.4401 0 0 -10.4401 0 0
25.52 10.0706 0 0 -10.0706 0 0
25.53 9.43215 0 0 -9.43215 0 0
25.54 8.48957 0 0 -8.48957 0 0
25.55 7.21639 0 0 -7.21639 0 0
25.56 5.62406 0 0 -5.62406 0 0
25.57 3.75527 0 0 -3.75527 0 0
25.58 1.65212 0 0 -1.65212 0 0
25.59 -0.640365 0 0 0.640365 0 0
25.6 -3.07724 0 0 3.07724 0 0
25.61 -5.60022 0 0 5.60022 0 0
25.62 -8.1351 0 0 8.1351 0 0
25.63 -10.6059 0 0 10.6059 0 0
25.64 -12.912 0 0 12.912 0 0
25.65 -14.9464 0 0 14.9464 0 0
25.66 -16.6212 0 0 16.6212 0 0
25.67 -17.8963 0 0 17.8963 0 0
25.68 -18.7877 0 0 18.7877 0 0
25.69 -19.3334 0 0 19.3334 0 0
25.7 -19.5677 0 0 19.5677 0 0
25.71 -19.532 0 0 19.532 0 0
25.72 -19.2394 0 0 19.2394 0 0
25.73 -18.713 0 0 18.713 0 0
25.74 -17.9735 0 0 17.9735 0 0
25.75 -17.0523 0 0 17.0523 0 0
25.76 -15.9973 0 0 15.9973 0 0
25.77 -14.8702 0 0 14.8702 0 0
25.78 -13.7366 0 0 13.7366 0 0
25.79 -12.6496 0 0 12.6496 0 0
25.8 -11.6429 0 0 11.6429 0 0
25.81 -10.7517 0 0 10.7517 0 0
25.82 -9.98135 0 0 9.98135 0 0
25.83 -9.32924 0 0 9.32924 0 0
25.84 -8.79157 0 0 8.79157 0 0
25.85 -8.36042 0 0 8.36042 0 0
25.86 -8.0469 0 0 8.0469 0 0
25.87 -7.86207 0 0 7.86207 0 0
25.88 -7.80024 0 0 7.80024 0 0
25.89 -7.83693 0 0 7.83693 0 0
25.9 -7.91783 0 0 7.91783 0 0
25.91 -8.01008 0 0 8.01008 0 0
25.92 -8.10313 0 0 8.10313 0 0
25.93 -8.19635 0 0 8.19635 0 0
25.94 -8.31294 0 0 8.31294 0 0
25.95 -8.4684 0 0 8.4684 0 0
25.96 -8.6538 0 0 8.6538 0 0
25.97 -8.83449 0 0 8.83449 0 0
25.98 -8.9505 0 0 8.9505 0 0
25.99 -8.97089 0 0 8.97089 0 0
26 -8.89459 0 0 8.89459 0 0
26.01 -8.7538 0 0 8.7538 0 0
26.02 -8.60521 0 0 8.60521 0 0
26.03 -8.48166 0 0 8.48166 0 0
26.04 -8.38819 0 0 8.38819 0 0
26.05 -8.31527 0 0 8.31527 0 0
26.06 -8.24443 0 0 8.24443 0 0
26.07 -8.17591 0 0 8.17591 0 0
26.08 -8.12441 0 0 8.12441 0 0
26.09 -8.12173 0 0 8.12173 0 0
26.1 -8.2014 0 0 8.2014 0 0
26.11 -8.38505 0 0 8.38505 0 0
26.12 -8.68156 0 0 8.68156 0 0
26.13 -9.05418 0 0 9.05418 0 0
26.14 -9.42786 0 0 9.42786 0 0
26.15 -9.73834 0 0 9.73834 0 0
26.16 -9.93717 0 0 9.93717 0 0
26.17 -10.0268 0 0 10.0268 0 0
26.18 -10.0521 0 0 10.0521 0 0
26.19 -10.0545 0 0 10.0545 0 0
26.2 -10.0451 0 0 10.0451 0 0
26.21 -10.0069 0 0 10.0069 0 0
26.22 -9.9312 0 0 9.9312 0 0
26.23 -9.83385 0 0 9.83385 0 0
26.24 -9.73565 0 0 9.73565 0 0
26.25 -9.67485 0 0 9.67485 0 0
26.26 -9.66747 0 0 9.66747 0 0
26.27 -9.69427 0 0 9.69427 0 0
26.28 -9.71104 0 0 9.71104 0 0
26.29 -9.65175 0 0 9.65175 0 0
26.3 -9.48097 0 0 9.48097 0 0
26.31 -9.20232 0 0 9.20232 0 0
26.32 -8.83015 0 0 8.83015 0 0
26.33 -8.39334 0 0 8.39334 0 0
26.34 -7.89181 0 0 7.89181 0 0
26.35 -7.3145 0 0 7.3145 0 0
26.36 -6.65832 0 0 6.65832 0 0
26.37 -5.92274 0 0 5.92274 0 0
26.38 -5.13309 0 0 5.13309 0 0
26.39 -4.33014 0 0 4.33014 0 0
26.4 -3.55806 0 0 3.55806 0 0
26.41 -2.85323 0 0 2.85323 0 0
26.42 -2.21674 0 0 2.21674 0 0
26.43 -1.64411 0 0 1.64411 0 0
26.44 -1.12251 0 0 1.12251 0 0
26.45 -0.614097 0 0 0.614097 0 0
26.46 -0.0978699 0 0 0.0978699 0 0
26.47 0.422156 0 0 -0.422156 0 0
26.48 0.92622 0 0 -0.92622 0 0
26.49 1.38137 0 0 -1.38137 0 0
26.5 1.75856 0 0 -1.75856 0 0
26.51 2.03975 0 0 -2.03975 0 0
26.52 2.24427 0 0 -2.24427 0 0
26.53 2.41426 0 0 -2.41426 0 0
26.54 2.56883 0 0 -2.56883 0 0
26.55 2.71309 0 0 -2.71309 0 0
26.56 2.84066 0 0 -2.84066 0 0
26.57 2.94335 0 0 -2.94335 0 0
26.58 3.0298 0 0 -3.0298 0 0
26.59 3.12294 0 0 -3.12294 0 0
26.6 3.27469 0 0 -3.27469 0 0
26.61 3.54968 0 0 -3.54968 0 0
26.62 4.00067 0 0 -4.00067 0 0
26.63 4.65857 0 0 -4.65857 0 0
26.64 5.51485 0 0 -5.51485 0 0
26.65 6.53836 0 0 -6.53836 0 0
26.66 7.69604 0 0 -7.69604 0 0
26.67 8.96223 0 0 -8.96223 0 0
26.68 10.3313 0 0 -10.3313 0 0
26.69 11.7792 0 0 -11.7792 0 0
26.7 13.2616 0 0 -13.2616 0 0
26.71 14.7072 0 0 -14.7072 0 0
26.72 15.9952 0 0 -15.9952 0 0
26.73 16.986 0 0 -16.986 0 0
26.74 17.5623 0 0 -17.5623 0 0
26.75 17.6408 0 0 -17.6408 0 0
26.76 17.2064 0 0 -17.2064 0 0
26.77 16.2758 0 0 -16.2758 0 0
26.78 14.8896 0 0 -14.8896 0 0
26.79 13.0883 0 0 -13.0883 0 0
26.8 10.9047 0 0 -10.9047 0 0
26.81 8.38929 0 0 -8.38929 0 0
26.82 5.62543 0 0 -5.62543 0 0
26.83 2.73233 0 0 -2.73233 0 0
26.84 -0.132105 0 0 0.132105 0 0
26.85 -2.80985 0 0 2.80985 0 0
26.86 -5.14978 0 0 5.14978 0 0
26.87 -7.03666 0 0 7.03666 0 0
26.88 -8.41303 0 0 8.41303 0 0
26.89 -9.26747 0 0 9.26747 0 0
26.9 -9.62552 0 0 9.62552 0 0
26.91 -9.51894 0 0 9.51894 0 0
26.92 -8.98387 0 0 8.98387 0 0
26.93 -8.09904 0 0 8.09904 0 0
26.94 -6.97698 0 0 6.97698 0 0
26.95 -5.76546 0 0 5.76546 0 0
26.96 -4.62461 0 0 4.62461 0 0
26.97 -3.6953 0 0 3.6953 0 0
26.98 -3.11001 0 0 3.11001 0 0
26.99 -2.96646 0 0 2.96646 0 0
27 -3.29572 0 0 3.29572 0 0
27.01 -4.07007 0 0 4.07007 0 0
27.02 -5.22582 0 0 5.22582 0 0
27.03 -6.71319 0 0 6.71319 0 0
27.04 -8.48165 0 0 8.48165 0 0
27.05 -10.4548 0 0 10.4548 0 0
27.06 -12.5381 0 0 12.5381 0 0
27.07 -14.6104 0 0 14.6104 0 0
27.08 -16.5359 0 0 16.5359 0 0
27.09 -18.1957 0 0 18.1957 0 0
27.1 -19.4971 0 0 19.4971 0 0
27.11 -20.4118 0 0 20.4118 0 0
27.12 -20.9434 0 0 20.9434 0 0
27.13 -21.1174 0 0 21.1174 0 0
27.14 -20.9741 0 0 20.9741 0 0
27.15 -20.5629 0 0 20.5629 0 0
27.16 -19.9187 0 0 19.9187 0 0
27.17 -19.0671 0 0 19.0671 0 0
27.18 -18.0286 0 0 18.0286 0 0
27.19 -16.8753 0 0 16.8753 0 0
27.2 -15.6915 0 0 15.6915 0 0
27.21 -14.5681 0 0 14.5681 0 0
27.22 -13.5843 0 0 13.5843 0 0
27.23 -12.7854 0 0 12.7854 0 0
27.24 -12.1844 0 0 12.1844 0 0
27.25 -11.7624 0 0 11.7624 0 0
27.26 -11.4973 0 0 11.4973 0 0
27.27 -11.4017 0 0 11.4017 0 0
27.28 -11.4934 0 0 11.4934 0 0
27.29 -11.7899 0 0 11.7899 0 0
27.3 -12.2749 0 0 12.2749 0 0
27.31 -12.897 0 0 12.897 0 0
27.32 -13.5985 0 0 13.5985 0 0
27.33 -14.3144 0 0 14.3144 0 0
27.34 -14.9869 0 0 14.9869 0 0
27.35 -15.5916 0 0 15.5916 0 0
27.36 -16.1184 0 0 16.1184 0 0
27.37 -16.5729 0 0 16.5729 0 0
27.38 -16.9325 0 0 16.9325 0 0
27.39 -17.158 0 0 17.158 0 0
27.4 -17.2048 0 0 17.2048 0 0
27.41 -17.0331 0 0 17.0331 0 0
27.42 -16.6367 0 0 16.6367 0 0
27.43 -16.039 0 0 16.039 0 0
27.44 -15.252 0 0 15.252 0 0
27.45 -14.2848 0 0 14.2848 0 0
27.46 -13.1038 0 0 13.1038 0 0
27.47 -11.6582 0 0 11.6582 0 0
27.48 -9.90992 0 0 9.90992 0 0
27.49 -7.83343 0 0 7.83343 0 0
27.5 -5.42979 0 0 5.42979 0 0
27.51 -2.72558 0 0 2.72558 0 0
27.52 0.243404 0 0 -0.243404 0 0
27.53 3.42735 0 0 -3.42735 0 0
27.54 6.7712 0 0 -6.7712 0 0
27.55 10.2012 0 0 -10.2012 0 0
27.56 13.6263 0 0 -13.6263 0 0
27.57 16.9404 0 0 -16.9404 0 0
27.58 20.0192 0 0 -20.0192 0 0
27.59 22.7536 0 0 -22.7536 0 0
27.6 25.0684 0 0 -25.0684 0 0
27.61 26.9015 0 0 -26.9015 0 0
27.62 28.2385 0 0 -28.2385 0 0
27.63 29.0579 0 0 -29.0579 0 0
27.64 29.3653 0 0 -29.3653 0 0
27.65 29.187 0 0 -29.187 0 0
27.66 28.5796 0 0 -28.5796 0 0
27.67 27.6079 0 0 -27.6079 0 0
27.68 26.3521 0 0 -26.3521 0 0
27.69 24.8771 0 0 -24.8771 0 0
27.7 23.2459 0 0 -23.2459 0 0
27.71 21.4835 0 0 -21.4835 0 0
27.72 19.6261 0 0 -19.6261 0 0
27.73 17.7052 0 0 -17.7052 0 0
27.74 15.7631 0 0 -15.7631 0 0
27.75 13.8546 0 0 -13.8546 0 0
27.76 12.0226 0 0 -12.0226 0 0
27.77 10.2927 0 0 -10.2927 0 0
27.78 8.6785 0 0 -8.6785 0 0
27.79 7.17297 0 0 -7.17297 0 0
27.8 5.76844 0 0 -5.76844 0 0
27.81 4.44089 0 0 -4.44089 0 0
27.82 3.17098 0 0 -3.17098 0 0
27.83 1.94434 0 0 -1.94434 0 0
27.84 0.728906 0 0 -0.728906 0 0
27.85 -0.493333 0 0 0.493333 0 0
27.86 -1.7246 0 0 1.7246 0 0
27.87 -2.9565 0 0 2.9565 0 0
27.88 -4.16371 0 0 4.16371 0 0
27.89 -5.32957 0 0 5.32957 0 0
27.9 -6.42852 0 0 6.42852 0 0
27.91 -7.41915 0 0 7.41915 0 0
27.92 -8.27252 0 0 8.27252 0 0
27.93 -8.96615 0 0 8.96615 0 0
27.94 -9.48785 0 0 9.48785 0 0
27.95 -9.84403 0 0 9.84403 0 0
27.96 -10.0469 0 0 10.0469 0 0
27.97 -10.1179 0 0 10.1179 0 0
27.98 -10.0602 0 0 10.0602 0 0
27.99 -9.87676 0 0 9.87676 0 0
28 -9.57946 0 0 9.57946 0 0
28.01 -9.1853 0 0 9.1853 0 0
28.02 -8.72835 0 0 8.72835 0 0
28.03 -8.25186 0 0 8.25186 0 0
28.04 -7.80927 0 0 7.80927 0 0
28.05 -7.46935 0 0 7.46935 0 0
28.06 -7.29439 0 0 7.29439 0 0
28.07 -7.34439 0 0 7.34439 0 0
28.08 -7.65532 0 0 7.65532 0 0
28.09 -8.24541 0 0 8.24541 0 0
28.1 -9.13594 0 0 9.13594 0 0
28.11 -10.3223 0 0 10.3223 0 0
28.12 -11.7766 0 0 11.7766 0 0
28.13 -13.4658 0 0 13.4658 0 0
28.14 -15.3338 0 0 15.3338 0 0
28.15 -17.3248 0 0 17.3248 0 0
28.16 -19.3628 0 0 19.3628 0 0
28.17 -21.3622 0 0 21.3622 0 0
28.18 -23.2576 0 0 23.2576 0 0
28.19 -25.0193 0 0 25.0193 0 0
28.2 -26.6348 0 0 26.6348 0 0
28.21 -28.0946 0 0 28.0946 0 0
28.22 -29.3562 0 0 29.3562 0 0
28.23 -30.3938 0 0 30.3938 0 0
28.24 -31.1605 0 0 31.1605 0 0
28.25 -31.6383 0 0 31.6383 0 0
28.26 -31.8379 0 0 31.8379 0 0
28.27 -31.8011 0 0 31.8011 0 0
28.28 -31.5536 0 0 31.5536 0 0
28.29 -31.1104 0 0 31.1104 0 0
28.3 -30.452 0 0 30.452 0 0
28.31 -29.583 0 0 29.583 0 0
28.32 -28.4945 0 0 28.4945 0 0
28.33 -27.1946 0 0 27.1946 0 0
28.34 -25.6665 0 0 25.6665 0 0
28.35 -23.8755 0 0 23.8755 0 0
28.36 -21.7732 0 0 21.7732 0 0
28.37 -19.3269 0 0 19.3269 0 0
28.38 -16.5222 0 0 16.5222 0 0
28.39 -13.3761 0 0 13.3761 0 0
28.4 -9.90319 0 0 9.90319 0 0
28.41 -6.14794 0 0 6.14794 0 0
28.42 -2.17285 0 0 2.17285 0 0
28.43 1.94138 0 0 -1.94138 0 0
28.44 6.07421 0 0 -6.07421 0 0
28.45 10.1001 0 0 -10.1001 0 0
28.46 13.8883 0 0 -13.8883 0 0
28.47 17.2945 0 0 -17.2945 0 0
28.48 20.1979 0 0 -20.1979 0 0
28.49 22.4947 0 0 -22.4947 0 0
28.5 24.122 0 0 -24.122 0 0
28.51 25.0349 0 0 -25.0349 0 0
28.52 25.2288 0 0 -25.2288 0 0
28.53 24.7384 0 0 -24.7384 0 0
28.54 23.6269 0 0 -23.6269 0 0
28.55 21.9667 0 0 -21.9667 0 0
28.56 19.8572 0 0 -19.8572 0 0
28.57 17.3906 0 0 -17.3906 0 0
28.58 14.6802 0 0 -14.6802 0 0
28.59 11.8524 0 0 -11.8524 0 0
28.6 9.05994 0 0 -9.05994 0 0
28.61 6.47657 0 0 -6.47657 0 0
28.62 4.27899 0 0 -4.27899 0 0
28.63 2.63493 0 0 -2.63493 0 0
28.64 1.67058 0 0 -1.67058 0 0
28.65 1.45481 0 0 -1.45481 0 0
28.66 2.01135 0 0 -2.01135 0 0
28.67 3.31019 0 0 -3.31019 0 0
28.68 5.29783 0 0 -5.29783 0 0
28.69 7.91027 0 0 -7.91027 0 0
28.7 11.0673 0 0 -11.0673 0 0
28.71 14.6706 0 0 -14.6706 0 0
28.72 18.5761 0 0 -18.5761 0 0
28.73 22.6072 0 0 -22.6072 0 0
28.74 26.6028 0 0 -26.6028 0 0
28.75 30.3996 0 0 -30.3996 0 0
28.76 33.8856 0 0 -33.8856 0 0
28.77 36.982 0 0 -36.982 0 0
28.78 39.6481 0 0 -39.6481 0 0
28.79 41.8399 0 0 -41.8399 0 0
28.8 43.5179 0 0 -43.5179 0 0
28.81 44.6108 0 0 -44.6108 0 0
28.82 45.1185 0 0 -45.1185 0 0
28.83 45.0561 0 0 -45.0561 0 0
28.84 44.4935 0 0 -44.4935 0 0
28.85 43.4583 0 0 -43.4583 0 0
28.86 41.9675 0 0 -41.9675 0 0
28.87 39.9731 0 0 -39.9731 0 0
28.88 37.4164 0 0 -37.4164 0 0
28.89 34.2159 0 0 -34.2159 0 0
28.9 30.3281 0 0 -30.3281 0 0
28.91 25.7194 0 0 -25.7194 0 0
28.92 20.4181 0 0 -20.4181 0 0
28.93 14.4624 0 0 -14.4624 0 0
28.94 7.91641 0 0 -7.91641 0 0
28.95 0.887537 0 0 -0.887537 0 0
28.96 -6.46291 0 0 6.46291 0 0
28.97 -13.8781 0 0 13.8781 0 0
28.98 -21.009 0 0 21.009 0 0
28.99 -27.4728 0 0 27.4728 0 0
29 -32.8956 0 0 32.8956 0 0
29.01 -37.021 0 0 37.021 0 0
29.02 -39.7243 0 0 39.7243 0 0
29.03 -41.0337 0 0 41.0337 0 0
29.04 -41.05 0 0 41.05 0 0
29.05 -39.9458 0 0 39.9458 0 0
29.06 -37.8926 0 0 37.8926 0 0
29.07 -35.0699 0 0 35.0699 0 0
29.08 -31.6096 0 0 31.6096 0 0
29.09 -27.6581 0 0 27.6581 0 0
29.1 -23.346 0 0 23.346 0 0
29.11 -18.8195 0 0 18.8195 0 0
29.12 -14.2201 0 0 14.2201 0 0
29.13 -9.70422 0 0 9.70422 0 0
29.14 -5.44116 0 0 5.44116 0 0
29.15 -1.5879 0 0 1.5879 0 0
29.16 1.71364 0 0 -1.71364 0 0
29.17 4.33494 0 0 -4.33494 0 0
29.18 6.18899 0 0 -6.18899 0 0
29.19 7.20202 0 0 -7.20202 0 0
29.2 7.3147 0 0 -7.3147 0 0
29.21 6.49694 0 0 -6.49694 0 0
29.22 4.74097 0 0 -4.74097 0 0
29.23 2.09551 0 0 -2.09551 0 0
29.24 -1.334 0 0 1.334 0 0
29.25 -5.3971 0 0 5.3971 0 0
29.26 -9.89802 0 0 9.89802 0 0
29.27 -14.6464 0 0 14.6464 0 0
29.28 -19.4431 0 0 19.4431 0 0
29.29 -24.0829 0 0 24.0829 0 0
29.3 -28.3731 0 0 28.3731 0 0
29.31 -32.1231 0 0 32.1231 0 0
29.32 -35.1509 0 0 35.1509 0 0
29.33 -37.3457 0 0 37.3457 0 0
29.34 -38.638 0 0 38.638 0 0
29.35 -39.0605 0 0 39.0605 0 0
29.36 -38.6812 0 0 38.6812 0 0
29.37 -37.6212 0 0 37.6212 0 0
29.38 -35.9878 0 0 35.9878 0 0
29.39 -33.8813 0 0 33.8813 0 0
29.4 -31.3787 0 0 31.3787 0 0
29.41 -28.5735 0 0 28.5735 0 0
29.42 -25.5509 0 0 25.5509 0 0
29.43 -22.4409 0 0 22.4409 0 0
29.44 -19.3864 0 0 19.3864 0 0
29.45 -16.5564 0 0 16.5564 0 0
29.46 -14.0878 0 0 14.0878 0 0
29.47 -12.0689 0 0 12.0689 0 0
29.48 -10.5503 0 0 10.5503 0 0
29.49 -9.54174 0 0 9.54174 0 0
29.5 -9.0412 0 0 9.0412 0 0
29.51 -9.05827 0 0 9.05827 0 0
29.52 -9.57962 0 0 9.57962 0 0
29.53 -10.5636 0 0 10.5636 0 0
29.54 -11.9063 0 0 11.9063 0 0
29.55 -13.4552 0 0 13.4552 0 0
29.56 -15.0477 0 0 15.0477 0 0
29.57 -16.524 0 0 16.524 0 0
29.58 -17.7489 0 0 17.7489 0 0
29.59 -18.6238 0 0 18.6238 0 0
29.6 -19.0657 0 0 19.0657 0 0
29.61 -19.0193 0 0 19.0193 0 0
29.62 -18.4337 0 0 18.4337 0 0
29.63 -17.2855 0 0 17.2855 0 0
29.64 -15.58 0 0 15.58 0 0
29.65 -13.3601 0 0 13.3601 0 0
29.66 -10.7089 0 0 10.7089 0 0
29.67 -7.7391 0 0 7.7391 0 0
29.68 -4.57484 0 0 4.57484 0 0
29.69 -1.34274 0 0 1.34274 0 0
29.7 1.87113 0 0 -1.87113 0 0
29.71 5.01083 0 0 -5.01083 0 0
29.72 8.03143 0 0 -8.03143 0 0
29.73 10.8884 0 0 -10.8884 0 0
29.74 13.52 0 0 -13.52 0 0
29.75 15.8623 0 0 -15.8623 0 0
29.76 17.8616 0 0 -17.8616 0 0
29.77 19.4806 0 0 -19.4806 0 0
29.78 20.7301 0 0 -20.7301 0 0
29.79 21.6343 0 0 -21.6343 0 0
29.8 22.2405 0 0 -22.2405 0 0
29.81 22.6046 0 0 -22.6046 0 0
29.82 22.7752 0 0 -22.7752 0 0
29.83 22.7682 0 0 -22.7682 0 0
29.84 22.5885 0 0 -22.5885 0 0
29.85 22.237 0 0 -22.237 0 0
29.86 21.7286 0 0 -21.7286 0 0
29.87 21.0759 0 0 -21.0759 0 0
29.88 20.3314 0 0 -20.3314 0 0
29.89 19.5431 0 0 -19.5431 0 0
29.9 18.7446 0 0 -18.7446 0 0
29.91 17.9638 0 0 -17.9638 0 0
29.92 17.2192 0 0 -17.2192 0 0
29.93 16.5087 0 0 -16.5087 0 0
29.94 15.8314 0 0 -15.8314 0 0
29.95 15.1653 0 0 -15.1653 0 0
29.96 14.4851 0 0 -14.4851 0 0
29.97 13.7529 0 0 -13.7529 0 0
29.98 12.9263 0 0 -12.9263 0 0
29.99 11.9567 0 0 -11.9567 0 0
30 10.7891 0 0 -10.7891 0 0
30.01 9.38664 0 0 -9.38664 0 0
30.02 7.73272 0 0 -7.73272 0 0
30.03 5.8202 0 0 -5.8202 0 0
30.04 3.67668 0 0 -3.67668 0 0
30.05 1.3479 0 0 -1.3479 0 0
30.06 -1.08796 0 0 1.08796 0 0
30.07 -3.53387 0 0 3.53387 0 0
30.08 -5.91364 0 0 5.91364 0 0
30.09 -8.15339 0 0 8.15339 0 0
30.1 -10.1864 0 0 10.1864 0 0
30.11 -11.9599 0 0 11.9599 0 0
30.12 -13.4166 0 0 13.4166 0 0
30.13 -14.4945 0 0 14.4945 0 0
30.14 -15.113 0 0 15.113 0 0
30.15 -15.2157 0 0 15.2157 0 0
30.16 -14.7882 0 0 14.7882 0 0
30.17 -13.856 0 0 13.856 0 0
30.18 -12.4882 0 0 12.4882 0 0
30.19 -10.7857 0 0 10.7857 0 0
30.2 -8.84411 0 0 8.84411 0 0
30.21 -6.73753 0 0 6.73753 0 0
30.22 -4.50704 0 0 4.50704 0 0
30.23 -2.20203 0 0 2.20203 0 0
30.24 0.105228 0 0 -0.105228 0 0
30.25 2.33274 0 0 -2.33274 0 0
30.26 4.37701 0 0 -4.37701 0 0
30.27 6.14523 0 0 -6.14523 0 0
30.28 7.56682 0 0 -7.56682 0 0
30.29 8.5797 0 0 -8.5797 0 0
30.3 9.14202 0 0 -9.14202 0 0
30.31 9.20254 0 0 -9.20254 0 0
30.32 8.7101 0 0 -8.7101 0 0
30.33 7.64057 0 0 -7.64057 0 0
30.34 6.00861 0 0 -6.00861 0 0
30.35 3.87836 0 0 -3.87836 0 0
30.36 1.33897 0 0 -1.33897 0 0
30.37 -1.50833 0 0 1.50833 0 0
30.38 -4.54701 0 0 4.54701 0 0
30.39 -7.67136 0 0 7.67136 0 0
30.4 -10.7714 0 0 10.7714 0 0
30.41 -13.7342 0 0 13.7342 0 0
30.42 -16.441 0 0 16.441 0 0
30.43 -18.7438 0 0 18.7438 0 0
30.44 -20.4894 0 0 20.4894 0 0
30.45 -21.5571 0 0 21.5571 0 0
30.46 -21.8684 0 0 21.8684 0 0
30.47 -21.428 0 0 21.428 0 0
30.48 -20.2645 0 0 20.2645 0 0
30.49 -18.4238 0 0 18.4238 0 0
30.5 -15.9454 0 0 15.9454 0 0
30.51 -12.8602 0 0 12.8602 0 0
30.52 -9.21848 0 0 9.21848 0 0
30.53 -5.10277 0 0 5.10277 0 0
30.54 -0.633686 0 0 0.633686 0 0
30.55 4.01524 0 0 -4.01524 0 0
30.56 8.64806 0 0 -8.64806 0 0
30.57 13.0654 0 0 -13.0654 0 0
30.58 17.1088 0 0 -17.1088 0 0
30.59 20.6701 0 0 -20.6701 0 0
30.6 23.6648 0 0 -23.6648 0 0
30.61 26.0206 0 0 -26.0206 0 0
30.62 27.6905 0 0 -27.6905 0 0
30.63 28.6476 0 0 -28.6476 0 0
30.64 28.9216 0 0 -28.9216 0 0
30.65 28.5532 0 0 -28.5532 0 0
30.66 27.6207 0 0 -27.6207 0 0
30.67 26.2078 0 0 -26.2078 0 0
30.68 24.4124 0 0 -24.4124 0 0
30.69 22.3357 0 0 -22.3357 0 0
30.7 20.0869 0 0 -20.0869 0 0
30.71 17.7686 0 0 -17.7686 0 0
30.72 15.4807 0 0 -15.4807 0 0
30.73 13.2787 0 0 -13.2787 0 0
30.74 11.2036 0 0 -11.2036 0 0
30.75 9.28249 0 0 -9.28249 0 0
30.76 7.55946 0 0 -7.55946 0 0
30.77 6.11742 0 0 -6.11742 0 0
30.78 5.031 0 0 -5.031 0 0
30.79 4.33993 0 0 -4.33993 0 0
30.8 4.0412 0 0 -4.0412 0 0
30.81 4.09311 0 0 -4.09311 0 0
30.82 4.46337 0 0 -4.46337 0 0
30.83 5.1253 0 0 -5.1253 0 0
30.84 6.04668 0 0 -6.04668 0 0
30.85 7.1899 0 0 -7.1899 0 0
30.86 8.50036 0 0 -8.50036 0 0
30.87 9.91293 0 0 -9.91293 0 0
30.88 11.3588 0 0 -11.3588 0 0
30.89 12.7768 0 0 -12.7768 0 0
30.9 14.1246 0 0 -14.1246 0 0
30.91 15.3545 0 0 -15.3545 0 0
30.92 16.4223 0 0 -16.4223 0 0
30.93 17.2689 0 0 -17.2689 0 0
30.94 17.8207 0 0 -17.8207 0 0
30.95 18.0227 0 0 -18.0227 0 0
30.96 17.8526 0 0 -17.8526 0 0
30.97 17.3051 0 0 -17.3051 0 0
30.98 16.4009 0 0 -16.4009 0 0
30.99 15.1532 0 0 -15.1532 0 0
31 13.5656 0 0 -13.5656 0 0
31.01 11.6191 0 0 -11.6191 0 0
31.02 9.30497 0 0 -9.30497 0 0
31.03 6.65619 0 0 -6.65619 0 0
31.04 3.74379 0 0 -3.74379 0 0
31.05 0.666271 0 0 -0.666271 0 0
31.06 -2.47202 0 0 2.47202 0 0
31.07 -5.58234 0 0 5.58234 0 0
31.08 -8.58809 0 0 8.58809 0 0
31.09 -11.4337 0 0 11.4337 0 0
31.1 -14.0541 0 0 14.0541 0 0
31.11 -16.3594 0 0 16.3594 0 0
31.12 -18.2583 0 0 18.2583 0 0
31.13 -19.6738 0 0 19.6738 0 0
31.14 -20.5659 0 0 20.5659 0 0
31.15 -20.9704 0 0 20.9704 0 0
31.16 -20.9524 0 0 20.9524 0 0
31.17 -20.5897 0 0 20.5897 0 0
31.18 -19.9323 0 0 19.9323 0 0
31.19 -19.0267 0 0 19.0267 0 0
31.2 -17.9358 0 0 17.9358 0 0
31.21 -16.7332 0 0 16.7332 0 0
31.22 -15.5005 0 0 15.5005 0 0
31.23 -14.3333 0 0 14.3333 0 0
31.24 -13.305 0 0 13.305 0 0
31.25 -12.4864 0 0 12.4864 0 0
31.26 -11.9169 0 0 11.9169 0 0
31.27 -11.6051 0 0 11.6051 0 0
31.28 -11.5529 0 0 11.5529 0 0
31.29 -11.7539 0 0 11.7539 0 0
31.3 -12.2028 0 0 12.2028 0 0
31.31 -12.9 0 0 12.9 0 0
31.32 -13.8281 0 0 13.8281 0 0
31.33 -14.9539 0 0 14.9539 0 0
31.34 -16.2095 0 0 16.2095 0 0
31.35 -17.5131 0 0 17.5131 0 0
31.36 -18.7799 0 0 18.7799 0 0
31.37 -19.942 0 0 19.942 0 0
31.38 -20.9477 0 0 20.9477 0 0
31.39 -21.7633 0 0 21.7633 0 0
31.4 -22.365 0 0 22.365 0 0
31.41 -22.7521 0 0 22.7521 0 0
31.42 -22.9182 0 0 22.9182 0 0
31.43 -22.8724 0 0 22.8724 0 0
31.44 -22.6232 0 0 22.6232 0 0
31.45 -22.2057 0 0 22.2057 0 0
31.46 -21.6595 0 0 21.6595 0 0
31.47 -21.0134 0 0 21.0134 0 0
31.48 -20.279 0 0 20.279 0 0
31.49 -19.4735 0 0 19.4735 0 0
31.5 -18.6029 0 0 18.6029 0 0
31.51 -17.6972 0 0 17.6972 0 0
31.52 -16.8002 0 0 16.8002 0 0
31.53 -15.9662 0 0 15.9662 0 0
31.54 -15.2248 0 0 15.2248 0 0
31.55 -14.5751 0 0 14.5751 0 0
31.56 -14.0002 0 0 14.0002 0 0
31.57 -13.4682 0 0 13.4682 0 0
31.58 -12.939 0 0 12.939 0 0
31.59 -12.3915 0 0 12.3915 0 0
31.6 -11.7889 0 0 11.7889 0 0
31.61 -11.1023 0 0 11.1023 0 0
31.62 -10.3075 0 0 10.3075 0 0
31.63 -9.3644 0 0 9.3644 0 0
31.64 -8.2374 0 0 8.2374 0 0
31.65 -6.89586 0 0 6.89586 0 0
31.66 -5.33049 0 0 5.33049 0 0
31.67 -3.56323 0 0 3.56323 0 0
31.68 -1.60807 0 0 1.60807 0 0
31.69 0.507398 0 0 -0.507398 0 0
31.7 2.7327 0 0 -2.7327 0 0
31.71 5.01596 0 0 -5.01596 0 0
31.72 7.30144 0 0 -7.30144 0 0
31.73 9.53772 0 0 -9.53772 0 0
31.74 11.6812 0 0 -11.6812 0 0
31.75 13.6868 0 0 -13.6868 0 0
31.76 15.502 0 0 -15.502 0 0
31.77 17.0659 0 0 -17.0659 0 0
31.78 18.3461 0 0 -18.3461 0 0
31.79 19.3218 0 0 -19.3218 0 0
31.8 20.0013 0 0 -20.0013 0 0
31.81 20.4228 0 0 -20.4228 0 0
31.82 20.6359 0 0 -20.6359 0 0
31.83 20.6903 0 0 -20.6903 0 0
31.84 20.6444 0 0 -20.6444 0 0
31.85 20.5215 0 0 -20.5215 0 0
31.86 20.3447 0 0 -20.3447 0 0
31.87 20.1301 0 0 -20.1301 0 0
31.88 19.8902 0 0 -19.8902 0 0
31.89 19.6312 0 0 -19.6312 0 0
31.9 19.367 0 0 -19.367 0 0
31.91 19.1161 0 0 -19.1161 0 0
31.92 18.8963 0 0 -18.8963 0 0
31.93 18.7041 0 0 -18.7041 0 0
31.94 18.5483 0 0 -18.5483 0 0
31.95 18.4104 0 0 -18.4104 0 0
31.96 18.2542 0 0 -18.2542 0 0
31.97 18.053 0 0 -18.053 0 0
31.98 17.796 0 0 -17.796 0 0
31.99 17.468 0 0 -17.468 0 0
32 17.0535 0 0 -17.0535 0 0
32.01 16.5244 0 0 -16.5244 0 0
32.02 15.8544 0 0 -15.8544 0 0
32.03 15.0126 0 0 -15.0126 0 0
32.04 13.9897 0 0 -13.9897 0 0
32.05 12.7749 0 0 -12.7749 0 0
32.06 11.3611 0 0 -11.3611 0 0
32.07 9.76124 0 0 -9.76124 0 0
32.08 7.98496 0 0 -7.98496 0 0
32.09 6.04628 0 0 -6.04628 0 0
32.1 3.9801 0 0 -3.9801 0 0
32.11 1.82627 0 0 -1.82627 0 0
32.12 -0.341708 0 0 0.341708 0 0
32.13 -2.43407 0 0 2.43407 0 0
32.14 -4.36705 0 0 4.36705 0 0
32.15 -6.06363 0 0 6.06363 0 0
32.16 -7.48652 0 0 7.48652 0 0
32.17 -8.63185 0 0 8.63185 0 0
32.18 -9.51202 0 0 9.51202 0 0
32.19 -10.1513 0 0 10.1513 0 0
32.2 -10.5521 0 0 10.5521 0 0
32.21 -10.7025 0 0 10.7025 0 0
32.22 -10.5926 0 0 10.5926 0 0
32.23 -10.235 0 0 10.235 0 0
32.24 -9.6654 0 0 9.6654 0 0
32.25 -8.93135 0 0 8.93135 0 0
32.26 -8.09292 0 0 8.09292 0 0
32.27 -7.21169 0 0 7.21169 0 0
32.28 -6.32639 0 0 6.32639 0 0
32.29 -5.47538 0 0 5.47538 0 0
32.3 -4.70014 0 0 4.70014 0 0
32.31 -4.05196 0 0 4.05196 0 0
32.32 -3.59089 0 0 3.59089 0 0
32.33 -3.36221 0 0 3.36221 0 0
32.34 -3.40508 0 0 3.40508 0 0
32.35 -3.74107 0 0 3.74107 0 0
32.36 -4.36551 0 0 4.36551 0 0
32.37 -5.26923 0 0 5.26923 0 0
32.38 -6.41769 0 0 6.41769 0 0
32.39 -7.76646 0 0 7.76646 0 0
32.4 -9.28141 0 0 9.28141 0 0
32.41 -10.9219 0 0 10.9219 0 0
32.42 -12.6455 0 0 12.6455 0 0
32.43 -14.4057 0 0 14.4057 0 0
32.44 -16.1473 0 0 16.1473 0 0
32.45 -17.819 0 0 17.819 0 0
32.46 -19.354 0 0 19.354 0 0
32.47 -20.7098 0 0 20.7098 0 0
32.48 -21.8568 0 0 21.8568 0 0
32.49 -22.7765 0 0 22.7765 0 0
32.5 -23.462 0 0 23.462 0 0
32.51 -23.9121 0 0 23.9121 0 0
32.52 -24.1205 0 0 24.1205 0 0
32.53 -24.1047 0 0 24.1047 0 0
32.54 -23.8747 0 0 23.8747 0 0
32.55 -23.4631 0 0 23.4631 0 0
32.56 -22.8905 0 0 22.8905 0 0
32.57 -22.1721 0 0 22.1721 0 0
32.58 -21.3197 0 0 21.3197 0 0
32.59 -20.3505 0 0 20.3505 0 0
32.6 -19.2743 0 0 19.2743 0 0
32.61 -18.0978 0 0 18.0978 0 0
32.62 -16.8044 0 0 16.8044 0 0
32.63 -15.3953 0 0 15.3953 0 0
32.64 -13.8821 0 0 13.8821 0 0
32.65 -12.2841 0 0 12.2841 0 0
32.66 -10.6257 0 0 10.6257 0 0
32.67 -8.93685 0 0 8.93685 0 0
32.68 -7.24495 0 0 7.24495 0 0
32.69 -5.57053 0 0 5.57053 0 0
32.7 -3.92933 0 0 3.92933 0 0
32.71 -2.34417 0 0 2.34417 0 0
32.72 -0.829209 0 0 0.829209 0 0
32.73 0.592712 0 0 -0.592712 0 0
32.74 1.8921 0 0 -1.8921 0 0
32.75 3.05827 0 0 -3.05827 0 0
32.76 4.09423 0 0 -4.09423 0 0
32.77 5.02032 0 0 -5.02032 0 0
32.78 5.84674 0 0 -5.84674 0 0
32.79 6.55887 0 0 -6.55887 0 0
32.8 7.15503 0 0 -7.15503 0 0
32.81 7.64748 0 0 -7.64748 0 0
32.82 8.07013 0 0 -8.07013 0 0
32.83 8.47014 0 0 -8.47014 0 0
32.84 8.89676 0 0 -8.89676 0 0
32.85 9.41041 0 0 -9.41041 0 0
32.86 10.0578 0 0 -10.0578 0 0
32.87 10.8596 0 0 -10.8596 0 0
32.88 11.8296 0 0 -11.8296 0 0
32.89 12.9719 0 0 -12.9719 0 0
32.9 14.3117 0 0 -14.3117 0 0
32.91 15.8918 0 0 -15.8918 0 0
32.92 17.7545 0 0 -17.7545 0 0
32.93 19.9196 0 0 -19.9196 0 0
32.94 22.3713 0 0 -22.3713 0 0
32.95 25.0613 0 0 -25.0613 0 0
32.96 27.9349 0 0 -27.9349 0 0
32.97 30.9138 0 0 -30.9138 0 0
32.98 33.9348 0 0 -33.9348 0 0
32.99 36.9052 0 0 -36.9052 0 0
33 39.7341 0 0 -39.7341 0 0
33.01 42.3081 0 0 -42.3081 0 0
33.02 44.5229 0 0 -44.5229 0 0
33.03 46.2512 0 0 -46.2512 0 0
33.04 47.4003 0 0 -47.4003 0 0
33.05 47.8691 0 0 -47.8691 0 0
33.06 47.6245 0 0 -47.6245 0 0
33.07 46.6333 0 0 -46.6333 0 0
33.08 44.9337 0 0 -44.9337 0 0
33.09 42.5574 0 0 -42.5574 0 0
33.1 39.5621 0 0 -39.5621 0 0
33.11 35.981 0 0 -35.981 0 0
33.12 31.854 0 0 -31.854 0 0
33.13 27.2038 0 0 -27.2038 0 0
33.14 22.0889 0 0 -22.0889 0 0
33.15 16.5596 0 0 -16.5596 0 0
33.16 10.6944 0 0 -10.6944 0 0
33.17 4.58453 0 0 -4.58453 0 0
33.18 -1.66604 0 0 1.66604 0 0
33.19 -7.92148 0 0 7.92148 0 0
33.2 -14.0093 0 0 14.0093 0 0
33.21 -19.7214 0 0 19.7214 0 0
33.22 -24.824 0 0 24.824 0 0
33.23 -29.111 0 0 29.111 0 0
33.24 -32.4109 0 0 32.4109 0 0
33.25 -34.632 0 0 34.632 0 0
33.26 -35.7515 0 0 35.7515 0 0
33.27 -35.8296 0 0 35.8296 0 0
33.28 -34.9586 0 0 34.9586 0 0
33.29 -33.2697 0 0 33.2697 0 0
33.3 -30.886 0 0 30.886 0 0
33.31 -27.9479 0 0 27.9479 0 0
33.32 -24.5611 0 0 24.5611 0 0
33.33 -20.8429 0 0 20.8429 0 0
33.34 -16.9136 0 0 16.9136 0 0
33.35 -12.917 0 0 12.917 0 0
33.36 -9.01321 0 0 9.01321 0 0
33.37 -5.36333 0 0 5.36333 0 0
33.38 -2.13557 0 0 2.13557 0 0
33.39 0.498596 0 0 -0.498596 0 0
33.4 2.39371 0 0 -2.39371 0 0
33.41 3.43435 0 0 -3.43435 0 0
33.42 3.56031 0 0 -3.56031 0 0
33.43 2.752 0 0 -2.752 0 0
33.44 1.01443 0 0 -1.01443 0 0
33.45 -1.59543 0 0 1.59543 0 0
33.46 -4.97987 0 0 4.97987 0 0
33.47 -9.01057 0 0 9.01057 0 0
33.48 -13.5211 0 0 13.5211 0 0
33.49 -18.3159 0 0 18.3159 0 0
33.5 -23.1682 0 0 23.1682 0 0
33.51 -27.8589 0 0 27.8589 0 0
33.52 -32.1716 0 0 32.1716 0 0
33.53 -35.9103 0 0 35.9103 0 0
33.54 -38.9164 0 0 38.9164 0 0
33.55 -41.1116 0 0 41.1116 0 0
33.56 -42.4583 0 0 42.4583 0 0
33.57 -43.0088 0 0 43.0088 0 0
33.58 -42.834 0 0 42.834 0 0
33.59 -42.0536 0 0 42.0536 0 0
33.6 -40.7625 0 0 40.7625 0 0
33.61 -39.0695 0 0 39.0695 0 0
33.62 -37.0447 0 0 37.0447 0 0
33.63 -34.7603 0 0 34.7603 0 0
33.64 -32.2797 0 0 32.2797 0 0
33.65 -29.6959 0 0 29.6959 0 0
33.66 -27.0801 0 0 27.0801 0 0
33.67 -24.5235 0 0 24.5235 0 0
33.68 -22.0953 0 0 22.0953 0 0
33.69 -19.8624 0 0 19.8624 0 0
33.7 -17.88 0 0 17.88 0 0
33.71 -16.1742 0 0 16.1742 0 0
33.72 -14.7487 0 0 14.7487 0 0
33.73 -13.6129 0 0 13.6129 0 0
33.74 -12.7661 0 0 12.7661 0 0
33.75 -12.2005 0 0 12.2005 0 0
33.76 -11.8751 0 0 11.8751 0 0
33.77 -11.7362 0 0 11.7362 0 0
33.78 -11.7178 0 0 11.7178 0 0
33.79 -11.7378 0 0 11.7378 0 0
33.8 -11.7181 0 0 11.7181 0 0
33.81 -11.5757 0 0 11.5757 0 0
33.82 -11.2293 0 0 11.2293 0 0
33.83 -10.631 0 0 10.631 0 0
33.84 -9.74239 0 0 9.74239 0 0
33.85 -8.55012 0 0 8.55012 0 0
33.86 -7.05974 0 0 7.05974 0 0
33.87 -5.28363 0 0 5.28363 0 0
33.88 -3.2588 0 0 3.2588 0 0
33.89 -1.04319 0 0 1.04319 0 0
33.9 1.29692 0 0 -1.29692 0 0
33.91 3.69159 0 0 -3.69159 0 0
33.92 6.06583 0 0 -6.06583 0 0
33.93 8.33772 0 0 -8.33772 0 0
33.94 10.4316 0 0 -10.4316 0 0
33.95 12.2742 0 0 -12.2742 0 0
33.96 13.7997 0 0 -13.7997 0 0
33.97 14.9628 0 0 -14.9628 0 0
33.98 15.7356 0 0 -15.7356 0 0
33.99 16.104 0 0 -16.104 0 0
34 16.0891 0 0 -16.0891 0 0
34.01 15.7241 0 0 -15.7241 0 0
34.02 15.0643 0 0 -15.0643 0 0
34.03 14.1708 0 0 -14.1708 0 0
34.04 13.111 0 0 -13.111 0 0
34.05 11.9607 0 0 -11.9607 0 0
34.06 10.8026 0 0 -10.8026 0 0
34.07 9.72579 0 0 -9.72579 0 0
34.08 8.81279 0 0 -8.81279 0 0
34.09 8.12347 0 0 -8.12347 0 0
34.1 7.71651 0 0 -7.71651 0 0
34.11 7.62695 0 0 -7.62695 0 0
34.12 7.8682 0 0 -7.8682 0 0
34.13 8.45226 0 0 -8.45226 0 0
34.14 9.37047 0 0 -9.37047 0 0
34.15 10.5947 0 0 -10.5947 0 0
34.16 12.0845 0 0 -12.0845 0 0
34.17 13.7722 0 0 -13.7722 0 0
34.18 15.5822 0 0 -15.5822 0 0
34.19 17.4243 0 0 -17.4243 0 0
34.2 19.2124 0 0 -19.2124 0 0
34.21 20.863 0 0 -20.863 0 0
34.22 22.3001 0 0 -22.3001 0 0
34.23 23.4608 0 0 -23.4608 0 0
34.24 24.3021 0 0 -24.3021 0 0
34.25 24.7883 0 0 -24.7883 0 0
34.26 24.9156 0 0 -24.9156 0 0
34.27 24.6805 0 0 -24.6805 0 0
34.28 24.0995 0 0 -24.0995 0 0
34.29 23.1703 0 0 -23.1703 0 0
34.3 21.884 0 0 -21.884 0 0
34.31 20.243 0 0 -20.243 0 0
34.32 18.2704 0 0 -18.2704 0 0
34.33 15.9937 0 0 -15.9937 0 0
34.34 13.4736 0 0 -13.4736 0 0
34.35 10.7824 0 0 -10.7824 0 0
34.36 7.99197 0 0 -7.99197 0 0
34.37 5.1592 0 0 -5.1592 0 0
34.38 2.34379 0 0 -2.34379 0 0
34.39 -0.386654 0 0 0.386654 0 0
34.4 -2.96323 0 0 2.96323 0 0
34.41 -5.30101 0 0 5.30101 0 0
34.42 -7.30734 0 0 7.30734 0 0
34.43 -8.9023 0 0 8.9023 0 0
34.44 -10.0098 0 0 10.0098 0 0
34.45 -10.568 0 0 10.568 0 0
34.46 -10.5379 0 0 10.5379 0 0
34.47 -9.91151 0 0 9.91151 0 0
34.48 -8.7172 0 0 8.7172 0 0
34.49 -7.01532 0 0 7.01532 0 0
34.5 -4.88492 0 0 4.88492 0 0
34.51 -2.42387 0 0 2.42387 0 0
34.52 0.256082 0 0 -0.256082 0 0
34.53 3.03362 0 0 -3.03362 0 0
34.54 5.78403 0 0 -5.78403 0 0
34.55 8.36666 0 0 -8.36666 0 0
34.56 10.6351 0 0 -10.6351 0 0
34.57 12.4563 0 0 -12.4563 0 0
34.58 13.7098 0 0 -13.7098 0 0
34.59 14.318 0 0 -14.318 0 0
34.6 14.2568 0 0 -14.2568 0 0
34.61 13.5213 0 0 -13.5213 0 0
34.62 12.1418 0 0 -12.1418 0 0
34.63 10.1584 0 0 -10.1584 0 0
34.64 7.62263 0 0 -7.62263 0 0
34.65 4.61649 0 0 -4.61649 0 0
34.66 1.249 0 0 -1.249 0 0
34.67 -2.34373 0 0 2.34373 0 0
34.68 -6.00059 0 0 6.00059 0 0
34.69 -9.54858 0 0 9.54858 0 0
34.7 -12.8151 0 0 12.8151 0 0
34.71 -15.6615 0 0 15.6615 0 0
34.72 -17.9764 0 0 17.9764 0 0
34.73 -19.6709 0 0 19.6709 0 0
34.74 -20.6855 0 0 20.6855 0 0
34.75 -20.997 0 0 20.997 0 0
34.76 -20.6106 0 0 20.6106 0 0
34.77 -19.5613 0 0 19.5613 0 0
34.78 -17.8787 0 0 17.8787 0 0
34.79 -15.6081 0 0 15.6081 0 0
34.8 -12.7872 0 0 12.7872 0 0
34.81 -9.47136 0 0 9.47136 0 0
34.82 -5.74932 0 0 5.74932 0 0
34.83 -1.74359 0 0 1.74359 0 0
34.84 2.3726 0 0 -2.3726 0 0
34.85 6.39546 0 0 -6.39546 0 0
34.86 10.1359 0 0 -10.1359 0 0
34.87 13.4361 0 0 -13.4361 0 0
34.88 16.2049 0 0 -16.2049 0 0
34.89 18.4135 0 0 -18.4135 0 0
34.9 20.0564 0 0 -20.0564 0 0
34.91 21.0979 0 0 -21.0979 0 0
34.92 21.4574 0 0 -21.4574 0 0
34.93 21.0473 0 0 -21.0473 0 0
34.94 19.8612 0 0 -19.8612 0 0
34.95 17.9763 0 0 -17.9763 0 0
34.96 15.5464 0 0 -15.5464 0 0
34.97 12.7424 0 0 -12.7424 0 0
34.98 9.7308 0 0 -9.7308 0 0
34.99 6.63206 0 0 -6.63206 0 0
35 3.48932 0 0 -3.48932 0 0
35.01 0.317101 0 0 -0.317101 0 0
35.02 -2.83369 0 0 2.83369 0 0
35.03 -5.83384 0 0 5.83384 0 0
35.04 -8.48083 0 0 8.48083 0 0
35.05 -10.5871 0 0 10.5871 0 0
35.06 -12.0424 0 0 12.0424 0 0
35.07 -12.8382 0 0 12.8382 0 0
35.08 -13.0386 0 0 13.0386 0 0
35.09 -12.7128 0 0 12.7128 0 0
35.1 -11.8903 0 0 11.8903 0 0
35.11 -10.5681 0 0 10.5681 0 0
35.12 -8.73906 0 0 8.73906 0 0
35.13 -6.43794 0 0 6.43794 0 0
35.14 -3.74821 0 0 3.74821 0 0
35.15 -0.800389 0 0 0.800389 0 0
35.16 2.25193 0 0 -2.25193 0 0
35.17 5.26882 0 0 -5.26882 0 0
35.18 8.13326 0 0 -8.13326 0 0
35.19 10.7422 0 0 -10.7422 0 0
35.2 12.992 0 0 -12.992 0 0
35.21 14.7664 0 0 -14.7664 0 0
35.22 15.9611 0 0 -15.9611 0 0
35.23 16.495 0 0 -16.495 0 0
35.24 16.3458 0 0 -16.3458 0 0
35.25 15.552 0 0 -15.552 0 0
35.26 14.1804 0 0 -14.1804 0 0
35.27 12.2947 0 0 -12.2947 0 0
35.28 9.95343 0 0 -9.95343 0 0
35.29 7.21539 0 0 -7.21539 0 0
35.3 4.16868 0 0 -4.16868 0 0
35.31 0.922472 0 0 -0.922472 0 0
35.32 -2.39287 0 0 2.39287 0 0
35.33 -5.63603 0 0 5.63603 0 0
35.34 -8.6774 0 0 8.6774 0 0
35.35 -11.4036 0 0 11.4036 0 0
35.36 -13.7331 0 0 13.7331 0 0
35.37 -15.6153 0 0 15.6153 0 0
35.38 -16.9993 0 0 16.9993 0 0
35.39 -17.84 0 0 17.84 0 0
35.4 -18.1027 0 0 18.1027 0 0
35.41 -17.7997 0 0 17.7997 0 0
35.42 -16.9655 0 0 16.9655 0 0
35.43 -15.6435 0 0 15.6435 0 0
35.44 -13.8944 0 0 13.8944 0 0
35.45 -11.7856 0 0 11.7856 0 0
35.46 -9.38138 0 0 9.38138 0 0
35.47 -6.77174 0 0 6.77174 0 0
35.48 -4.0618 0 0 4.0618 0 0
35.49 -1.37337 0 0 1.37337 0 0
35.5 1.18469 0 0 -1.18469 0 0
35.51 3.5268 0 0 -3.5268 0 0
35.52 5.55247 0 0 -5.55247 0 0
35.53 7.15543 0 0 -7.15543 0 0
35.54 8.24951 0 0 -8.24951 0 0
35.55 8.78232 0 0 -8.78232 0 0
35.56 8.74208 0 0 -8.74208 0 0
35.57 8.13467 0 0 -8.13467 0 0
35.58 6.99125 0 0 -6.99125 0 0
35.59 5.35751 0 0 -5.35751 0 0
35.6 3.28404 0 0 -3.28404 0 0
35.61 0.851332 0 0 -0.851332 0 0
35.62 -1.83249 0 0 1.83249 0 0
35.63 -4.63311 0 0 4.63311 0 0
35.64 -7.39489 0 0 7.39489 0 0
35.65 -9.97663 0 0 9.97663 0 0
35.66 -12.2474 0 0 12.2474 0 0
35.67 -14.0859 0 0 14.0859 0 0
35.68 -15.396 0 0 15.396 0 0
35.69 -16.1136 0 0 16.1136 0 0
35.7 -16.1978 0 0 16.1978 0 0
35.71 -15.6313 0 0 15.6313 0 0
35.72 -14.4234 0 0 14.4234 0 0
35.73 -12.6311 0 0 12.6311 0 0
35.74 -10.3284 0 0 10.3284 0 0
35.75 -7.60189 0 0 7.60189 0 0
35.76 -4.53677 0 0 4.53677 0 0
35.77 -1.21124 0 0 1.21124 0 0
35.78 2.29268 0 0 -2.29268 0 0
35.79 5.86737 0 0 -5.86737 0 0
35.8 9.34192 0 0 -9.34192 0 0
35.81 12.5094 0 0 -12.5094 0 0
35.82 15.2005 0 0 -15.2005 0 0
35.83 17.3112 0 0 -17.3112 0 0
35.84 18.8276 0 0 -18.8276 0 0
35.85 19.7734 0 0 -19.7734 0 0
35.86 20.145 0 0 -20.145 0 0
35.87 19.8887 0 0 -19.8887 0 0
35.88 18.9367 0 0 -18.9367 0 0
35.89 17.2563 0 0 -17.2563 0 0
35.9 14.9036 0 0 -14.9036 0 0
35.91 11.9879 0 0 -11.9879 0 0
35.92 8.64715 0 0 -8.64715 0 0
35.93 5.00747 0 0 -5.00747 0 0
35.94 1.18085 0 0 -1.18085 0 0
35.95 -2.72496 0 0 2.72496 0 0
35.96 -6.61698 0 0 6.61698 0 0
35.97 -10.3931 0 0 10.3931 0 0
35.98 -13.9221 0 0 13.9221 0 0
35.99 -17.0517 0 0 17.0517 0 0
36 -19.6125 0 0 19.6125 0 0
36.01 -21.4694 0 0 21.4694 0 0
36.02 -22.5501 0 0 22.5501 0 0
36.03 -22.8718 0 0 22.8718 0 0
36.04 -22.4997 0 0 22.4997 0 0
36.05 -21.513 0 0 21.513 0 0
36.06 -19.9785 0 0 19.9785 0 0
36.07 -17.9586 0 0 17.9586 0 0
36.08 -15.5006 0 0 15.5006 0 0
36.09 -12.6805 0 0 12.6805 0 0
36.1 -9.60292 0 0 9.60292 0 0
36.11 -6.4026 0 0 6.4026 0 0
36.12 -3.23264 0 0 3.23264 0 0
36.13 -0.243815 0 0 0.243815 0 0
36.14 2.42226 0 0 -2.42226 0 0
36.15 4.65398 0 0 -4.65398 0 0
36.16 6.39402 0 0 -6.39402 0 0
36.17 7.60794 0 0 -7.60794 0 0
36.18 8.26576 0 0 -8.26576 0 0
36.19 8.33962 0 0 -8.33962 0 0
36.2 7.80725 0 0 -7.80725 0 0
36.21 6.66867 0 0 -6.66867 0 0
36.22 4.95931 0 0 -4.95931 0 0
36.23 2.76596 0 0 -2.76596 0 0
36.24 0.205986 0 0 -0.205986 0 0
36.25 -2.61764 0 0 2.61764 0 0
36.26 -5.60572 0 0 5.60572 0 0
36.27 -8.65753 0 0 8.65753 0 0
36.28 -11.6605 0 0 11.6605 0 0
36.29 -14.474 0 0 14.474 0 0
36.3 -16.9397 0 0 16.9397 0 0
36.31 -18.9127 0 0 18.9127 0 0
36.32 -20.3019 0 0 20.3019 0 0
36.33 -21.0904 0 0 21.0904 0 0
36.34 -21.2785 0 0 21.2785 0 0
36.35 -20.881 0 0 20.881 0 0
36.36 -19.906 0 0 19.906 0 0
36.37 -18.3768 0 0 18.3768 0 0
36.38 -16.3417 0 0 16.3417 0 0
36.39 -13.8783 0 0 13.8783 0 0
36.4 -11.0875 0 0 11.0875 0 0
36.41 -8.08577 0 0 8.08577 0 0
36.42 -4.95794 0 0 4.95794 0 0
36.43 -1.77198 0 0 1.77198 0 0
36.44 1.40109 0 0 -1.40109 0 0
36.45 4.4562 0 0 -4.4562 0 0
36.46 7.24473 0 0 -7.24473 0 0
36.47 9.61843 0 0 -9.61843 0 0
36.48 11.4535 0 0 -11.4535 0 0
36.49 12.6822 0 0 -12.6822 0 0
36.5 13.3115 0 0 -13.3115 0 0
36.51 13.3821 0 0 -13.3821 0 0
36.52 12.9503 0 0 -12.9503 0 0
36.53 12.0488 0 0 -12.0488 0 0
36.54 10.6964 0 0 -10.6964 0 0
36.55 8.92349 0 0 -8.92349 0 0
36.56 6.7869 0 0 -6.7869 0 0
36.57 4.40314 0 0 -4.40314 0 0
36.58 1.94702 0 0 -1.94702 0 0
36.59 -0.401615 0 0 0.401615 0 0
36.6 -2.48276 0 0 2.48276 0 0
36.61 -4.18108 0 0 4.18108 0 0
36.62 -5.41353 0 0 5.41353 0 0
36.63 -6.10574 0 0 6.10574 0 0
36.64 -6.20547 0 0 6.20547 0 0
36.65 -5.68196 0 0 5.68196 0 0
36.66 -4.53014 0 0 4.53014 0 0
36.67 -2.76609 0 0 2.76609 0 0
36.68 -0.41536 0 0 0.41536 0 0
36.69 2.45903 0 0 -2.45903 0 0
36.7 5.75611 0 0 -5.75611 0 0
36.71 9.33788 0 0 -9.33788 0 0
36.72 13.0342 0 0 -13.0342 0 0
36.73 16.6682 0 0 -16.6682 0 0
36.74 20.0697 0 0 -20.0697 0 0
36.75 23.0919 0 0 -23.0919 0 0
36.76 25.623 0 0 -25.623 0 0
36.77 27.563 0 0 -27.563 0 0
36.78 28.8719 0 0 -28.8719 0 0
36.79 29.5426 0 0 -29.5426 0 0
36.8 29.6076 0 0 -29.6076 0 0
36.81 29.1252 0 0 -29.1252 0 0
36.82 28.185 0 0 -28.185 0 0
36.83 26.8688 0 0 -26.8688 0 0
36.84 25.2717 0 0 -25.2717 0 0
36.85 23.4687 0 0 -23.4687 0 0
36.86 21.5456 0 0 -21.5456 0 0
36.87 19.5934 0 0 -19.5934 0 0
36.88 17.7233 0 0 -17.7233 0 0
36.89 16.034 0 0 -16.034 0 0
36.9 14.5858 0 0 -14.5858 0 0
36.91 13.3857 0 0 -13.3857 0 0
36.92 12.3984 0 0 -12.3984 0 0
36.93 11.5526 0 0 -11.5526 0 0
36.94 10.7748 0 0 -10.7748 0 0
36.95 9.99064 0 0 -9.99064 0 0
36.96 9.15442 0 0 -9.15442 0 0
36.97 8.24732 0 0 -8.24732 0 0
36.98 7.26475 0 0 -7.26475 0 0
36.99 6.2176 0 0 -6.2176 0 0
37 5.11732 0 0 -5.11732 0 0
37.01 3.97536 0 0 -3.97536 0 0
37.02 2.81053 0 0 -2.81053 0 0
37.03 1.63619 0 0 -1.63619 0 0
37.04 0.478215 0 0 -0.478215 0 0
37.05 -0.614843 0 0 0.614843 0 0
37.06 -1.59354 0 0 1.59354 0 0
37.07 -2.43031 0 0 2.43031 0 0
37.08 -3.1317 0 0 3.1317 0 0
37.09 -3.7164 0 0 3.7164 0 0
37.1 -4.19689 0 0 4.19689 0 0
37.11 -4.5883 0 0 4.5883 0 0
37.12 -4.90334 0 0 4.90334 0 0
37.13 -5.16859 0 0 5.16859 0 0
37.14 -5.42147 0 0 5.42147 0 0
37.15 -5.68709 0 0 5.68709 0 0
37.16 -5.97993 0 0 5.97993 0 0
37.17 -6.28672 0 0 6.28672 0 0
37.18 -6.57734 0 0 6.57734 0 0
37.19 -6.82762 0 0 6.82762 0 0
37.2 -7.00842 0 0 7.00842 0 0
37.21 -7.10715 0 0 7.10715 0 0
37.22 -7.1128 0 0 7.1128 0 0
37.23 -7.00055 0 0 7.00055 0 0
37.24 -6.75573 0 0 6.75573 0 0
37.25 -6.37991 0 0 6.37991 0 0
37.26 -5.89701 0 0 5.89701 0 0
37.27 -5.35315 0 0 5.35315 0 0
37.28 -4.81368 0 0 4.81368 0 0
37.29 -4.37298 0 0 4.37298 0 0
37.3 -4.1166 0 0 4.1166 0 0
37.31 -4.10633 0 0 4.10633 0 0
37.32 -4.38211 0 0 4.38211 0 0
37.33 -4.9504 0 0 4.9504 0 0
37.34 -5.79403 0 0 5.79403 0 0
37.35 -6.87594 0 0 6.87594 0 0
37.36 -8.13688 0 0 8.13688 0 0
37.37 -9.50886 0 0 9.50886 0 0
37.38 -10.9201 0 0 10.9201 0 0
37.39 -12.3089 0 0 12.3089 0 0
37.4 -13.6072 0 0 13.6072 0 0
37.41 -14.7414 0 0 14.7414 0 0
37.42 -15.6575 0 0 15.6575 0 0
37.43 -16.3199 0 0 16.3199 0 0
37.44 -16.7012 0 0 16.7012 0 0
37.45 -16.7874 0 0 16.7874 0 0
37.46 -16.5523 0 0 16.5523 0 0
37.47 -15.992 0 0 15.992 0 0
37.48 -15.1182 0 0 15.1182 0 0
37.49 -13.9465 0 0 13.9465 0 0
37.5 -12.498 0 0 12.498 0 0
37.51 -10.7928 0 0 10.7928 0 0
37.52 -8.85182 0 0 8.85182 0 0
37.53 -6.71652 0 0 6.71652 0 0
37.54 -4.42857 0 0 4.42857 0 0
37.55 -2.02736 0 0 2.02736 0 0
37.56 0.445489 0 0 -0.445489 0 0
37.57 2.92878 0 0 -2.92878 0 0
37.58 5.33812 0 0 -5.33812 0 0
37.59 7.581 0 0 -7.581 0 0
37.6 9.56023 0 0 -9.56023 0 0
37.61 11.1903 0 0 -11.1903 0 0
37.62 12.4161 0 0 -12.4161 0 0
37.63 13.2015 0 0 -13.2015 0 0
37.64 13.5468 0 0 -13.5468 0 0
37.65 13.4823 0 0 -13.4823 0 0
37.66 13.055 0 0 -13.055 0 0
37.67 12.3205 0 0 -12.3205 0 0
37.68 11.3497 0 0 -11.3497 0 0
37.69 10.2295 0 0 -10.2295 0 0
37.7 9.05413 0 0 -9.05413 0 0
37.71 7.91243 0 0 -7.91243 0 0
37.72 6.89078 0 0 -6.89078 0 0
37.73 6.05756 0 0 -6.05756 0 0
37.74 5.47438 0 0 -5.47438 0 0
37.75 5.18817 0 0 -5.18817 0 0
37.76 5.21274 0 0 -5.21274 0 0
37.77 5.54582 0 0 -5.54582 0 0
37.78 6.16362 0 0 -6.16362 0 0
37.79 7.01152 0 0 -7.01152 0 0
37.8 8.01622 0 0 -8.01622 0 0
37.81 9.07612 0 0 -9.07612 0 0
37.82 10.0765 0 0 -10.0765 0 0
37.83 10.8989 0 0 -10.8989 0 0
37.84 11.4389 0 0 -11.4389 0 0
37.85 11.6102 0 0 -11.6102 0 0
37.86 11.334 0 0 -11.334 0 0
37.87 10.5644 0 0 -10.5644 0 0
37.88 9.31232 0 0 -9.31232 0 0
37.89 7.61379 0 0 -7.61379 0 0
37.9 5.52695 0 0 -5.52695 0 0
37.91 3.12156 0 0 -3.12156 0 0
37.92 0.469524 0 0 -0.469524 0 0
37.93 -2.34813 0 0 2.34813 0 0
37.94 -5.23785 0 0 5.23785 0 0
37.95 -8.08945 0 0 8.08945 0 0
37.96 -10.7972 0 0 10.7972 0 0
37.97 -13.2672 0 0 13.2672 0 0
37.98 -15.4011 0 0 15.4011 0 0
37.99 -17.1332 0 0 17.1332 0 0
38 -18.4233 0 0 18.4233 0 0
38.01 -19.2468 0 0 19.2468 0 0
38.02 -19.5951 0 0 19.5951 0 0
38.03 -19.4823 0 0 19.4823 0 0
38.04 -18.9286 0 0 18.9286 0 0
38.05 -17.9718 0 0 17.9718 0 0
38.06 -16.6596 0 0 16.6596 0 0
38.07 -15.076 0 0 15.076 0 0
38.08 -13.3132 0 0 13.3132 0 0
38.09 -11.4693 0 0 11.4693 0 0
38.1 -9.64656 0 0 9.64656 0 0
38.11 -7.93451 0 0 7.93451 0 0
38.12 -6.40536 0 0 6.40536 0 0
38.13 -5.11121 0 0 5.11121 0 0
38.14 -4.08264 0 0 4.08264 0 0
38.15 -3.34664 0 0 3.34664 0 0
38.16 -2.92158 0 0 2.92158 0 0
38.17 -2.82968 0 0 2.82968 0 0
38.18 -3.09035 0 0 3.09035 0 0
38.19 -3.69496 0 0 3.69496 0 0
38.2 -4.6022 0 0 4.6022 0 0
38.21 -5.74865 0 0 5.74865 0 0
38.22 -7.08114 0 0 7.08114 0 0
38.23 -8.55963 0 0 8.55963 0 0
38.24 -10.1306 0 0 10.1306 0 0
38.25 -11.7482 0 0 11.7482 0 0
38.26 -13.3555 0 0 13.3555 0 0
38.27 -14.8633 0 0 14.8633 0 0
38.28 -16.1835 0 0 16.1835 0 0
38.29 -17.2456 0 0 17.2456 0 0
38.3 -17.9968 0 0 17.9968 0 0
38.31 -18.4235 0 0 18.4235 0 0
38.32 -18.5086 0 0 18.5086 0 0
38.33 -18.2372 0 0 18.2372 0 0
38.34 -17.5873 0 0 17.5873 0 0
38.35 -16.5469 0 0 16.5469 0 0
38.36 -15.1265 0 0 15.1265 0 0
38.37 -13.3637 0 0 13.3637 0 0
38.38 -11.3135 0 0 11.3135 0 0
38.39 -9.044 0 0 9.044 0 0
38.4 -6.6158 0 0 6.6158 0 0
38.41 -4.07996 0 0 4.07996 0 0
38.42 -1.48037 0 0 1.48037 0 0
38.43 1.11843 0 0 -1.11843 0 0
38.44 3.63002 0 0 -3.63002 0 0
38.45 5.95164 0 0 -5.95164 0 0
38.46 7.96772 0 0 -7.96772 0 0
38.47 9.59291 0 0 -9.59291 0 0
38.48 10.7873 0 0 -10.7873 0 0
38.49 11.5322 0 0 -11.5322 0 0
38.5 11.8289 0 0 -11.8289 0 0
38.51 11.678 0 0 -11.678 0 0
38.52 11.0917 0 0 -11.0917 0 0
38.53 10.1096 0 0 -10.1096 0 0
38.54 8.7972 0 0 -8.7972 0 0
38.55 7.24107 0 0 -7.24107 0 0
38.56 5.54501 0 0 -5.54501 0 0
38.57 3.81248 0 0 -3.81248 0 0
38.58 2.13139 0 0 -2.13139 0 0
38.59 0.559626 0 0 -0.559626 0 0
38.6 -0.862967 0 0 0.862967 0 0
38.61 -2.09932 0 0 2.09932 0 0
38.62 -3.10997 0 0 3.10997 0 0
38.63 -3.85203 0 0 3.85203 0 0
38.64 -4.28889 0 0 4.28889 0 0
38.65 -4.39126 0 0 4.39126 0 0
38.66 -4.14654 0 0 4.14654 0 0
38.67 -3.57029 0 0 3.57029 0 0
38.68 -2.67974 0 0 2.67974 0 0
38.69 -1.49677 0 0 1.49677 0 0
38.7 -0.0666955 0 0 0.0666955 0 0
38.71 1.55313 0 0 -1.55313 0 0
38.72 3.28487 0 0 -3.28487 0 0
38.73 5.03869 0 0 -5.03869 0 0
38.74 6.73463 0 0 -6.73463 0 0
38.75 8.29681 0 0 -8.29681 0 0
38.76 9.66942 0 0 -9.66942 0 0
38.77 10.8175 0 0 -10.8175 0 0
38.78 11.7086 0 0 -11.7086 0 0
38.79 12.3023 0 0 -12.3023 0 0
38.8 12.5764 0 0 -12.5764 0 0
38.81 12.5391 0 0 -12.5391 0 0
38.82 12.2224 0 0 -12.2224 0 0
38.83 11.6772 0 0 -11.6772 0 0
38.84 10.9708 0 0 -10.9708 0 0
38.85 10.1538 0 0 -10.1538 0 0
38.86 9.25964 0 0 -9.25964 0 0
38.87 8.31078 0 0 -8.31078 0 0
38.88 7.33513 0 0 -7.33513 0 0
38.89 6.38085 0 0 -6.38085 0 0
38.9 5.50166 0 0 -5.50166 0 0
38.91 4.73747 0 0 -4.73747 0 0
38.92 4.1215 0 0 -4.1215 0 0
38.93 3.66718 0 0 -3.66718 0 0
38.94 3.36175 0 0 -3.36175 0 0
38.95 3.16391 0 0 -3.16391 0 0
38.96 3.02412 0 0 -3.02412 0 0
38.97 2.91183 0 0 -2.91183 0 0
38.98 2.79928 0 0 -2.79928 0 0
38.99 2.65928 0 0 -2.65928 0 0
39 2.46179 0 0 -2.46179 0 0
39.01 2.16587 0 0 -2.16587 0 0
39.02 1.73996 0 0 -1.73996 0 0
39.03 1.16389 0 0 -1.16389 0 0
39.04 0.43697 0 0 -0.43697 0 0
39.05 -0.422329 0 0 0.422329 0 0
39.06 -1.39558 0 0 1.39558 0 0
39.07 -2.46435 0 0 2.46435 0 0
39.08 -3.62042 0 0 3.62042 0 0
39.09 -4.85631 0 0 4.85631 0 0
39.1 -6.13937 0 0 6.13937 0 0
39.11 -7.42378 0 0 7.42378 0 0
39.12 -8.64732 0 0 8.64732 0 0
39.13 -9.74049 0 0 9.74049 0 0
39.14 -10.6446 0 0 10.6446 0 0
39.15 -11.3147 0 0 11.3147 0 0
39.16 -11.7241 0 0 11.7241 0 0
39.17 -11.8469 0 0 11.8469 0 0
39.18 -11.6394 0 0 11.6394 0 0
39.19 -11.0799 0 0 11.0799 0 0
39.2 -10.1557 0 0 10.1557 0 0
39.21 -8.86146 0 0 8.86146 0 0
39.22 -7.21615 0 0 7.21615 0 0
39.23 -5.26256 0 0 5.26256 0 0
39.24 -3.07314 0 0 3.07314 0 0
39.25 -0.737764 0 0 0.737764 0 0
39.26 1.65096 0 0 -1.65096 0 0
39.27 3.99831 0 0 -3.99831 0 0
39.28 6.22982 0 0 -6.22982 0 0
39.29 8.27328 0 0 -8.27328 0 0
39.3 10.055 0 0 -10.055 0 0
39.31 11.5253 0 0 -11.5253 0 0
39.32 12.654 0 0 -12.654 0 0
39.33 13.4271 0 0 -13.4271 0 0
39.34 13.8512 0 0 -13.8512 0 0
39.35 13.9329 0 0 -13.9329 0 0
39.36 13.6786 0 0 -13.6786 0 0
39.37 13.0861 0 0 -13.0861 0 0
39.38 12.1773 0 0 -12.1773 0 0
39.39 11.0017 0 0 -11.0017 0 0
39.4 9.62999 0 0 -9.62999 0 0
39.41 8.14168 0 0 -8.14168 0 0
39.42 6.60482 0 0 -6.60482 0 0
39.43 5.06952 0 0 -5.06952 0 0
39.44 3.57675 0 0 -3.57675 0 0
39.45 2.16048 0 0 -2.16048 0 0
39.46 0.877753 0 0 -0.877753 0 0
39.47 -0.194821 0 0 0.194821 0 0
39.48 -0.994159 0 0 0.994159 0 0
39.49 -1.4786 0 0 1.4786 0 0
39.5 -1.64635 0 0 1.64635 0 0
39.51 -1.53244 0 0 1.53244 0 0
39.52 -1.17922 0 0 1.17922 0 0
39.53 -0.628805 0 0 0.628805 0 0
39.54 0.0886561 0 0 -0.0886561 0 0
39.55 0.950894 0 0 -0.950894 0 0
39.56 1.93432 0 0 -1.93432 0 0
39.57 3.0002 0 0 -3.0002 0 0
39.58 4.07825 0 0 -4.07825 0 0
39.59 5.09982 0 0 -5.09982 0 0
39.6 6.01675 0 0 -6.01675 0 0
39.61 6.79567 0 0 -6.79567 0 0
39.62 7.42323 0 0 -7.42323 0 0
39.63 7.87326 0 0 -7.87326 0 0
39.64 8.09692 0 0 -8.09692 0 0
39.65 8.04321 0 0 -8.04321 0 0
39.66 7.67648 0 0 -7.67648 0 0
39.67 6.99266 0 0 -6.99266 0 0
39.68 6.01605 0 0 -6.01605 0 0
39.69 4.78578 0 0 -4.78578 0 0
39.7 3.34883 0 0 -3.34883 0 0
39.71 1.73931 0 0 -1.73931 0 0
39.72 -0.007288 0 0 0.007288 0 0
39.73 -1.84739 0 0 1.84739 0 0
39.74 -3.72214 0 0 3.72214 0 0
39.75 -5.542 0 0 5.542 0 0
39.76 -7.22222 0 0 7.22222 0 0
39.77 -8.69354 0 0 8.69354 0 0
39.78 -9.89899 0 0 9.89899 0 0
39.79 -10.8164 0 0 10.8164 0 0
39.8 -11.4311 0 0 11.4311 0 0
39.81 -11.7291 0 0 11.7291 0 0
39.82 -11.6962 0 0 11.6962 0 0
39.83 -11.3212 0 0 11.3212 0 0
39.84 -10.6249 0 0 10.6249 0 0
39.85 -9.65589 0 0 9.65589 0 0
39.86 -8.46077 0 0 8.46077 0 0
39.87 -7.08505 0 0 7.08505 0 0
39.88 -5.55109 0 0 5.55109 0 0
39.89 -3.87551 0 0 3.87551 0 0
39.9 -2.089 0 0 2.089 0 0
39.91 -0.238337 0 0 0.238337 0 0
39.92 1.61332 0 0 -1.61332 0 0
39.93 3.4056 0 0 -3.4056 0 0
39.94 5.07995 0 0 -5.07995 0 0
39.95 6.58649 0 0 -6.58649 0 0
39.96 7.88863 0 0 -7.88863 0 0
39.97 8.94592 0 0 -8.94592 0 0
39.98 9.73933 0 0 -9.73933 0 0
39.99 10.2706 0 0 -10.2706 0 0
40 10.5415 0 0 -10.5415 0 0
40.01 10.5607 0 0 -10.5607 0 0
40.02 10.3541 0 0 -10.3541 0 0
40.03 9.96884 0 0 -9.96884 0 0
40.04 9.47225 0 0 -9.47225 0 0
40.05 8.91276 0 0 -8.91276 0 0
40.06 8.32267 0 0 -8.32267 0 0
40.07 7.71845 0 0 -7.71845 0 0
40.08 7.10682 0 0 -7.10682 0 0
40.09 6.50697 0 0 -6.50697 0 0
40.1 5.94167 0 0 -5.94167 0 0
40.11 5.4403 0 0 -5.4403 0 0
40.12 5.04058 0 0 -5.04058 0 0
40.13 4.75465 0 0 -4.75465 0 0
40.14 4.57235 0 0 -4.57235 0 0
40.15 4.4612 0 0 -4.4612 0 0
40.16 4.37722 0 0 -4.37722 0 0
40.17 4.29538 0 0 -4.29538 0 0
40.18 4.20891 0 0 -4.20891 0 0
40.19 4.12206 0 0 -4.12206 0 0
40.2 4.03199 0 0 -4.03199 0 0
40.21 3.91638 0 0 -3.91638 0 0
40.22 3.75218 0 0 -3.75218 0 0
40.23 3.52168 0 0 -3.52168 0 0
40.24 3.2189 0 0 -3.2189 0 0
40.25 2.84358 0 0 -2.84358 0 0
40.26 2.40105 0 0 -2.40105 0 0
40.27 1.90416 0 0 -1.90416 0 0
40.28 1.35816 0 0 -1.35816 0 0
40.29 0.776189 0 0 -0.776189 0 0
40.3 0.193062 0 0 -0.193062 0 0
40.31 -0.346436 0 0 0.346436 0 0
40.32 -0.78861 0 0 0.78861 0 0
40.33 -1.09128 0 0 1.09128 0 0
40.34 -1.23777 0 0 1.23777 0 0
40.35 -1.22029 0 0 1.22029 0 0
40.36 -1.0342 0 0 1.0342 0 0
40.37 -0.665746 0 0 0.665746 0 0
40.38 -0.105671 0 0 0.105671 0 0
40.39 0.626569 0 0 -0.626569 0 0
40.4 1.49382 0 0 -1.49382 0 0
40.41 2.43605 0 0 -2.43605 0 0
40.42 3.38067 0 0 -3.38067 0 0
40.43 4.26778 0 0 -4.26778 0 0
40.44 5.04293 0 0 -5.04293 0 0
40.45 5.65175 0 0 -5.65175 0 0
40.46 6.0332 0 0 -6.0332 0 0
40.47 6.11628 0 0 -6.11628 0 0
40.48 5.84922 0 0 -5.84922 0 0
40.49 5.21364 0 0 -5.21364 0 0
40.5 4.23031 0 0 -4.23031 0 0
40.51 2.94407 0 0 -2.94407 0 0
40.52 1.40643 0 0 -1.40643 0 0
40.53 -0.324365 0 0 0.324365 0 0
40.54 -2.19894 0 0 2.19894 0 0
40.55 -4.1787 0 0 4.1787 0 0
40.56 -6.22209 0 0 6.22209 0 0
40.57 -8.28142 0 0 8.28142 0 0
40.58 -10.2961 0 0 10.2961 0 0
40.59 -12.207 0 0 12.207 0 0
40.6 -13.9703 0 0 13.9703 0 0
40.61 -15.5534 0 0 15.5534 0 0
40.62 -16.9258 0 0 16.9258 0 0
40.63 -18.0554 0 0 18.0554 0 0
40.64 -18.9072 0 0 18.9072 0 0
40.65 -19.4776 0 0 19.4776 0 0
40.66 -19.766 0 0 19.766 0 0
40.67 -19.776 0 0 19.776 0 0
40.68 -19.5112 0 0 19.5112 0 0
40.69 -18.9875 0 0 18.9875 0 0
40.7 -18.2369 0 0 18.2369 0 0
40.71 -17.3093 0 0 17.3093 0 0
40.72 -16.2459 0 0 16.2459 0 0
40.73 -15.0933 0 0 15.0933 0 0
40.74 -13.8831 0 0 13.8831 0 0
40.75 -12.6485 0 0 12.6485 0 0
40.76 -11.4279 0 0 11.4279 0 0
40.77 -10.2582 0 0 10.2582 0 0
40.78 -9.16977 0 0 9.16977 0 0
40.79 -8.19531 0 0 8.19531 0 0
40.8 -7.37061 0 0 7.37061 0 0
40.81 -6.72165 0 0 6.72165 0 0
40.82 -6.24605 0 0 6.24605 0 0
40.83 -5.94055 0 0 5.94055 0 0
40.84 -5.7998 0 0 5.7998 0 0
40.85 -5.81104 0 0 5.81104 0 0
40.86 -5.97475 0 0 5.97475 0 0
40.87 -6.2958 0 0 6.2958 0 0
40.88 -6.75971 0 0 6.75971 0 0
40.89 -7.32379 0 0 7.32379 0 0
40.9 -7.93692 0 0 7.93692 0 0
40.91 -8.55256 0 0 8.55256 0 0
40.92 -9.10376 0 0 9.10376 0 0
40.93 -9.52937 0 0 9.52937 0 0
40.94 -9.79113 0 0 9.79113 0 0
40.95 -9.80071 0 0 9.80071 0 0
40.96 -9.42331 0 0 9.42331 0 0
