0.001 2.0443e-06
0.002 1.21901e-05
0.003 3.85907e-05
0.004 8.93374e-05
0.005 0.000172516
0.006 0.000296191
0.007 0.000468404
0.008 0.000697172
0.009 0.000990484
0.01 0.0013563
0.011 0.00179543
0.012 0.00229446
0.013 0.00283278
0.014 0.00338987
0.015 0.00394518
0.016 0.00447817
0.017 0.00496835
0.018 0.00539522
0.019 0.00573839
0.02 0.00597743
0.021 0.00609539
0.022 0.00608212
0.023 0.00593094
0.024 0.00563521
0.025 0.00518838
0.026 0.00458391
0.027 0.00381542
0.028 0.00287656
0.029 0.00176107
0.03 0.000462755
0.031 -0.00102312
0.032 -0.00269852
0.033 -0.00456397
0.034 -0.00661993
0.035 -0.00886679
0.036 -0.0113048
0.037 -0.0139343
0.038 -0.0167554
0.039 -0.0197681
0.04 -0.0229724
0.041 -0.0263652
0.042 -0.0299371
0.043 -0.0336756
0.044 -0.0375683
0.045 -0.0416026
0.046 -0.0457658
0.047 -0.0500454
0.048 -0.0544287
0.049 -0.0589029
0.05 -0.0634553
0.051 -0.0680724
0.052 -0.0727395
0.053 -0.077441
0.054 -0.0821613
0.055 -0.0868849
0.056 -0.0915962
0.057 -0.0962798
0.058 -0.10092
0.059 -0.105502
0.06 -0.110009
0.061 -0.114428
0.062 -0.118745
0.063 -0.122947
0.064 -0.127022
0.065 -0.130958
0.066 -0.134741
0.067 -0.13836
0.068 -0.141803
0.069 -0.145057
0.07 -0.14811
0.071 -0.150953
0.072 -0.153583
0.073 -0.156002
0.074 -0.158209
0.075 -0.160205
0.076 -0.16199
0.077 -0.163566
0.078 -0.164933
0.079 -0.166092
0.08 -0.167044
0.081 -0.167792
0.082 -0.16834
0.083 -0.168695
0.084 -0.168865
0.085 -0.168856
0.086 -0.168674
0.087 -0.168327
0.088 -0.167823
0.089 -0.167167
0.09 -0.166367
0.091 -0.165429
0.092 -0.164359
0.093 -0.163162
0.094 -0.161842
0.095 -0.160403
0.096 -0.15885
0.097 -0.157189
0.098 -0.155424
0.099 -0.15356
0.1 -0.151601
0.101 -0.149553
0.102 -0.14742
0.103 -0.145204
0.104 -0.14291
0.105 -0.140542
0.106 -0.138103
0.107 -0.135596
0.108 -0.133026
0.109 -0.130397
0.11 -0.127712
0.111 -0.124976
0.112 -0.12219
0.113 -0.119357
0.114 -0.116481
0.115 -0.113563
0.116 -0.110606
0.117 -0.107612
0.118 -0.104585
0.119 -0.101527
0.12 -0.098441
0.121 -0.09533
0.122 -0.0922
0.123 -0.089058
0.124 -0.0859105
0.125 -0.0827643
0.126 -0.0796261
0.127 -0.0765027
0.128 -0.0734007
0.129 -0.0703268
0.13 -0.0672876
0.131 -0.0642903
0.132 -0.0613423
0.133 -0.0584519
0.134 -0.0556269
0.135 -0.0528752
0.136 -0.0502048
0.137 -0.0476235
0.138 -0.045139
0.139 -0.0427592
0.14 -0.0404915
0.141 -0.0383421
0.142 -0.0363133
0.143 -0.0344061
0.144 -0.032621
0.145 -0.0309588
0.146 -0.0294202
0.147 -0.0280057
0.148 -0.0267159
0.149 -0.0255513
0.15 -0.0245122
0.151 -0.0235969
0.152 -0.0227997
0.153 -0.0221126
0.154 -0.0215277
0.155 -0.0210371
0.156 -0.0206327
0.157 -0.0203067
0.158 -0.020051
0.159 -0.0198576
0.16 -0.0197184
0.161 -0.0196257
0.162 -0.0195724
0.163 -0.0195517
0.164 -0.0195567
0.165 -0.0195806
0.166 -0.0196167
0.167 -0.019658
0.168 -0.0196979
0.169 -0.0197296
0.17 -0.0197464
0.171 -0.0197434
0.172 -0.0197202
0.173 -0.0196781
0.174 -0.0196185
0.175 -0.0195426
0.176 -0.019452
0.177 -0.0193479
0.178 -0.0192318
0.179 -0.0191049
0.18 -0.0189688
0.181 -0.0188266
0.182 -0.0186848
0.183 -0.0185516
0.184 -0.0184352
0.185 -0.0183439
0.186 -0.0182857
0.187 -0.0182688
0.188 -0.0183013
0.189 -0.018391
0.19 -0.0185462
0.191 -0.0187737
0.192 -0.0190785
0.193 -0.0194645
0.194 -0.0199356
0.195 -0.0204956
0.196 -0.0211484
0.197 -0.0218977
0.198 -0.0227473
0.199 -0.0237006
0.2 -0.0247613
0.201 -0.0259309
0.202 -0.0272068
0.203 -0.0285841
0.204 -0.0300583
0.205 -0.0316247
0.206 -0.0332784
0.207 -0.0350147
0.208 -0.0368288
0.209 -0.0387159
0.21 -0.0406712
0.211 -0.0426882
0.212 -0.044758
0.213 -0.0468702
0.214 -0.0490142
0.215 -0.0511798
0.216 -0.0533563
0.217 -0.0555336
0.218 -0.0577012
0.219 -0.0598489
0.22 -0.0619662
0.221 -0.0640443
0.222 -0.0660768
0.223 -0.068059
0.224 -0.0699859
0.225 -0.0718526
0.226 -0.0736542
0.227 -0.075386
0.228 -0.0770432
0.229 -0.0786211
0.23 -0.080115
0.231 -0.0815221
0.232 -0.0828429
0.233 -0.0840796
0.234 -0.0852345
0.235 -0.0863099
0.236 -0.087308
0.237 -0.0882312
0.238 -0.0890818
0.239 -0.089862
0.24 -0.0905743
0.241 -0.0912219
0.242 -0.0918092
0.243 -0.0923416
0.244 -0.0928243
0.245 -0.0932625
0.246 -0.0936617
0.247 -0.094027
0.248 -0.0943638
0.249 -0.0946772
0.25 -0.0949725
0.251 -0.0952543
0.252 -0.0955258
0.253 -0.0957897
0.254 -0.0960485
0.255 -0.0963049
0.256 -0.0965615
0.257 -0.0968211
0.258 -0.0970862
0.259 -0.0973594
0.26 -0.0976434
0.261 -0.0979413
0.262 -0.0982576
0.263 -0.0985977
0.264 -0.0989667
0.265 -0.0993698
0.266 -0.0998123
0.267 -0.1003
0.268 -0.100837
0.269 -0.101429
0.27 -0.102081
0.271 -0.102798
0.272 -0.103583
0.273 -0.104438
0.274 -0.105365
0.275 -0.106367
0.276 -0.107445
0.277 -0.108603
0.278 -0.109841
0.279 -0.111163
0.28 -0.11257
0.281 -0.114063
0.282 -0.115641
0.283 -0.117299
0.284 -0.119035
0.285 -0.120844
0.286 -0.122724
0.287 -0.12467
0.288 -0.12668
0.289 -0.128749
0.29 -0.130874
0.291 -0.13305
0.292 -0.135274
0.293 -0.137541
0.294 -0.139845
0.295 -0.142181
0.296 -0.144544
0.297 -0.146929
0.298 -0.149332
0.299 -0.151746
0.3 -0.154168
0.301 -0.156591
0.302 -0.159012
0.303 -0.161428
0.304 -0.163834
0.305 -0.166227
0.306 -0.168603
0.307 -0.170959
0.308 -0.173291
0.309 -0.175596
0.31 -0.177868
0.311 -0.180105
0.312 -0.182297
0.313 -0.184436
0.314 -0.186512
0.315 -0.188518
0.316 -0.190443
0.317 -0.19228
0.318 -0.194019
0.319 -0.195652
0.32 -0.197169
0.321 -0.198565
0.322 -0.199836
0.323 -0.200982
0.324 -0.202004
0.325 -0.202899
0.326 -0.203668
0.327 -0.204312
0.328 -0.204828
0.329 -0.205219
0.33 -0.205482
0.331 -0.205621
0.332 -0.20564
0.333 -0.205547
0.334 -0.205347
0.335 -0.205048
0.336 -0.204657
0.337 -0.204181
0.338 -0.203627
0.339 -0.203001
0.34 -0.202311
0.341 -0.201563
0.342 -0.200763
0.343 -0.199915
0.344 -0.199023
0.345 -0.198093
0.346 -0.197127
0.347 -0.196132
0.348 -0.19511
0.349 -0.194068
0.35 -0.193008
0.351 -0.191935
0.352 -0.190845
0.353 -0.189736
0.354 -0.188604
0.355 -0.187446
0.356 -0.186257
0.357 -0.185035
0.358 -0.183776
0.359 -0.182477
0.36 -0.181133
0.361 -0.179741
0.362 -0.178297
0.363 -0.176795
0.364 -0.175232
0.365 -0.173601
0.366 -0.1719
0.367 -0.170122
0.368 -0.168264
0.369 -0.16632
0.37 -0.164287
0.371 -0.162162
0.372 -0.159946
0.373 -0.157643
0.374 -0.155257
0.375 -0.152792
0.376 -0.15025
0.377 -0.147637
0.378 -0.144956
0.379 -0.14221
0.38 -0.139405
0.381 -0.136544
0.382 -0.133633
0.383 -0.13068
0.384 -0.12769
0.385 -0.12467
0.386 -0.121628
0.387 -0.118569
0.388 -0.115501
0.389 -0.11243
0.39 -0.109363
0.391 -0.106305
0.392 -0.103262
0.393 -0.100238
0.394 -0.0972369
0.395 -0.0942619
0.396 -0.0913175
0.397 -0.0884073
0.398 -0.0855354
0.399 -0.0827055
0.4 -0.0799215
0.401 -0.0771866
0.402 -0.0745025
0.403 -0.0718705
0.404 -0.0692916
0.405 -0.066767
0.406 -0.0642976
0.407 -0.0618845
0.408 -0.0595287
0.409 -0.0572309
0.41 -0.0549922
0.411 -0.052814
0.412 -0.0506992
0.413 -0.0486514
0.414 -0.0466741
0.415 -0.0447709
0.416 -0.0429452
0.417 -0.0412006
0.418 -0.0395404
0.419 -0.0379681
0.42 -0.0364868
0.421 -0.0350998
0.422 -0.0338103
0.423 -0.0326215
0.424 -0.0315364
0.425 -0.0305582
0.426 -0.0296899
0.427 -0.0289346
0.428 -0.0282952
0.429 -0.0277748
0.43 -0.0273762
0.431 -0.0271011
0.432 -0.0269493
0.433 -0.0269194
0.434 -0.0270098
0.435 -0.0272192
0.436 -0.0275458
0.437 -0.0279883
0.438 -0.028545
0.439 -0.0292142
0.44 -0.0299943
0.441 -0.0308836
0.442 -0.0318803
0.443 -0.0329827
0.444 -0.0341887
0.445 -0.0354965
0.446 -0.0369041
0.447 -0.0384093
0.448 -0.0400102
0.449 -0.0417046
0.45 -0.0434904
0.451 -0.0453654
0.452 -0.0473277
0.453 -0.0493748
0.454 -0.0515047
0.455 -0.0537151
0.456 -0.0560035
0.457 -0.0583677
0.458 -0.0608052
0.459 -0.0633134
0.46 -0.06589
0.461 -0.0685321
0.462 -0.0712362
0.463 -0.0739985
0.464 -0.076815
0.465 -0.0796819
0.466 -0.0825953
0.467 -0.0855514
0.468 -0.088546
0.469 -0.0915752
0.47 -0.094635
0.471 -0.0977202
0.472 -0.100824
0.473 -0.103938
0.474 -0.107054
0.475 -0.110164
0.476 -0.113261
0.477 -0.116335
0.478 -0.11938
0.479 -0.122386
0.48 -0.125347
0.481 -0.128254
0.482 -0.131097
0.483 -0.133868
0.484 -0.136557
0.485 -0.139155
0.486 -0.141653
0.487 -0.144041
0.488 -0.146311
0.489 -0.148454
0.49 -0.150461
0.491 -0.152324
0.492 -0.154039
0.493 -0.155601
0.494 -0.157009
0.495 -0.158259
0.496 -0.159347
0.497 -0.160271
0.498 -0.161026
0.499 -0.161612
0.5 -0.162024
0.501 -0.162264
0.502 -0.162338
0.503 -0.162258
0.504 -0.162035
0.505 -0.16168
0.506 -0.161204
0.507 -0.160617
0.508 -0.159932
0.509 -0.159158
0.51 -0.158308
0.511 -0.157392
0.512 -0.156417
0.513 -0.155391
0.514 -0.154322
0.515 -0.153216
0.516 -0.152081
0.517 -0.150924
0.518 -0.149753
0.519 -0.148574
0.52 -0.147395
0.521 -0.146221
0.522 -0.145052
0.523 -0.143885
0.524 -0.142718
0.525 -0.14155
0.526 -0.140378
0.527 -0.1392
0.528 -0.138013
0.529 -0.136816
0.53 -0.135606
0.531 -0.134381
0.532 -0.133137
0.533 -0.131872
0.534 -0.13058
0.535 -0.12926
0.536 -0.127906
0.537 -0.126517
0.538 -0.125088
0.539 -0.123616
0.54 -0.122098
0.541 -0.120531
0.542 -0.118914
0.543 -0.117246
0.544 -0.115526
0.545 -0.113754
0.546 -0.111928
0.547 -0.11005
0.548 -0.108117
0.549 -0.106129
0.55 -0.104087
0.551 -0.10199
0.552 -0.0998398
0.553 -0.0976389
0.554 -0.0953896
0.555 -0.0930941
0.556 -0.0907548
0.557 -0.0883739
0.558 -0.0859538
0.559 -0.0834968
0.56 -0.0810053
0.561 -0.0784811
0.562 -0.0759247
0.563 -0.0733358
0.564 -0.0707142
0.565 -0.0680598
0.566 -0.0653724
0.567 -0.0626516
0.568 -0.0598973
0.569 -0.0571092
0.57 -0.0542871
0.571 -0.0514305
0.572 -0.0485382
0.573 -0.0456087
0.574 -0.0426406
0.575 -0.0396326
0.576 -0.0365833
0.577 -0.0334913
0.578 -0.0303553
0.579 -0.0271739
0.58 -0.0239456
0.581 -0.0206701
0.582 -0.0173491
0.583 -0.0139854
0.584 -0.0105816
0.585 -0.00714059
0.586 -0.00366526
0.587 -0.000158486
0.588 0.00337685
0.589 0.00693784
0.59 0.0105216
0.591 0.0141246
0.592 0.017742
0.593 0.0213682
0.594 0.0249977
0.595 0.028625
0.596 0.0322446
0.597 0.0358508
0.598 0.039438
0.599 0.0430007
0.6 0.0465333
0.601 0.0500311
0.602 0.0534918
0.603 0.0569138
0.604 0.0602959
0.605 0.0636366
0.606 0.0669347
0.607 0.0701889
0.608 0.0733978
0.609 0.0765601
0.61 0.0796746
0.611 0.0827391
0.612 0.0857505
0.613 0.0887046
0.614 0.0915976
0.615 0.0944255
0.616 0.0971845
0.617 0.0998709
0.618 0.102481
0.619 0.105011
0.62 0.107457
0.621 0.109814
0.622 0.11207
0.623 0.114212
0.624 0.116227
0.625 0.118103
0.626 0.119826
0.627 0.121384
0.628 0.122763
0.629 0.123951
0.63 0.124937
0.631 0.125707
0.632 0.126254
0.633 0.126568
0.634 0.126642
0.635 0.126468
0.636 0.126037
0.637 0.125343
0.638 0.124376
0.639 0.12313
0.64 0.121597
0.641 0.119771
0.642 0.117648
0.643 0.115224
0.644 0.112498
0.645 0.109466
0.646 0.106126
0.647 0.102475
0.648 0.0985112
0.649 0.0942317
0.65 0.0896347
0.651 0.0847178
0.652 0.0794783
0.653 0.0739131
0.654 0.0680195
0.655 0.0617947
0.656 0.0552362
0.657 0.0483415
0.658 0.0411084
0.659 0.0335346
0.66 0.025618
0.661 0.0173594
0.662 0.0087651
0.663 -0.000155683
0.664 -0.00939361
0.665 -0.0189392
0.666 -0.0287827
0.667 -0.0389145
0.668 -0.0493245
0.669 -0.0600029
0.67 -0.0709396
0.671 -0.0821215
0.672 -0.0935291
0.673 -0.10514
0.674 -0.116932
0.675 -0.128882
0.676 -0.140967
0.677 -0.153165
0.678 -0.165453
0.679 -0.177808
0.68 -0.190207
0.681 -0.202629
0.682 -0.215053
0.683 -0.227461
0.684 -0.239835
0.685 -0.252154
0.686 -0.264402
0.687 -0.27656
0.688 -0.288608
0.689 -0.300528
0.69 -0.312302
0.691 -0.323914
0.692 -0.335353
0.693 -0.346609
0.694 -0.357675
0.695 -0.368541
0.696 -0.379199
0.697 -0.389641
0.698 -0.399859
0.699 -0.409844
0.7 -0.419589
0.701 -0.429089
0.702 -0.438347
0.703 -0.447371
0.704 -0.456167
0.705 -0.464744
0.706 -0.473108
0.707 -0.481267
0.708 -0.489228
0.709 -0.497
0.71 -0.504589
0.711 -0.512005
0.712 -0.519255
0.713 -0.52635
0.714 -0.533299
0.715 -0.540111
0.716 -0.546795
0.717 -0.553362
0.718 -0.55982
0.719 -0.566179
0.72 -0.572449
0.721 -0.578637
0.722 -0.584745
0.723 -0.590775
0.724 -0.596726
0.725 -0.602599
0.726 -0.608394
0.727 -0.614111
0.728 -0.619751
0.729 -0.625315
0.73 -0.630802
0.731 -0.636211
0.732 -0.641534
0.733 -0.646761
0.734 -0.651881
0.735 -0.656885
0.736 -0.661763
0.737 -0.666504
0.738 -0.671099
0.739 -0.675537
0.74 -0.67981
0.741 -0.683905
0.742 -0.68781
0.743 -0.691509
0.744 -0.694987
0.745 -0.698229
0.746 -0.701221
0.747 -0.703949
0.748 -0.706398
0.749 -0.708553
0.75 -0.710402
0.751 -0.711928
0.752 -0.71312
0.753 -0.713962
0.754 -0.714442
0.755 -0.714545
0.756 -0.714259
0.757 -0.713571
0.758 -0.712467
0.759 -0.710935
0.76 -0.708962
0.761 -0.706541
0.762 -0.703671
0.763 -0.700357
0.764 -0.696602
0.765 -0.692412
0.766 -0.687792
0.767 -0.682746
0.768 -0.677279
0.769 -0.671397
0.77 -0.665106
0.771 -0.658412
0.772 -0.651331
0.773 -0.643876
0.774 -0.636064
0.775 -0.62791
0.776 -0.61943
0.777 -0.61064
0.778 -0.601557
0.779 -0.592195
0.78 -0.582573
0.781 -0.572705
0.782 -0.562608
0.783 -0.552296
0.784 -0.541785
0.785 -0.531091
0.786 -0.520228
0.787 -0.509213
0.788 -0.498061
0.789 -0.486788
0.79 -0.475409
0.791 -0.463939
0.792 -0.452391
0.793 -0.44078
0.794 -0.429117
0.795 -0.417417
0.796 -0.405691
0.797 -0.393954
0.798 -0.382218
0.799 -0.370497
0.8 -0.358803
0.801 -0.347147
0.802 -0.335535
0.803 -0.32397
0.804 -0.312456
0.805 -0.300996
0.806 -0.289594
0.807 -0.278253
0.808 -0.266976
0.809 -0.255767
0.81 -0.244629
0.811 -0.233565
0.812 -0.222576
0.813 -0.211663
0.814 -0.200825
0.815 -0.190064
0.816 -0.179379
0.817 -0.168771
0.818 -0.15824
0.819 -0.147787
0.82 -0.137412
0.821 -0.127119
0.822 -0.116919
0.823 -0.106828
0.824 -0.0968602
0.825 -0.0870306
0.826 -0.0773541
0.827 -0.0678456
0.828 -0.0585195
0.829 -0.0493905
0.83 -0.0404732
0.831 -0.031794
0.832 -0.0234041
0.833 -0.0153664
0.834 -0.00774362
0.835 -0.000598374
0.836 0.00600709
0.837 0.0120108
0.838 0.0173512
0.839 0.0219669
0.84 0.0257969
0.841 0.0287898
0.842 0.0309127
0.843 0.0321422
0.844 0.0324551
0.845 0.031829
0.846 0.0302415
0.847 0.0276707
0.848 0.0240954
0.849 0.0194946
0.85 0.013848
0.851 0.00714613
0.852 -0.000598997
0.853 -0.00936442
0.854 -0.0191268
0.855 -0.0298626
0.856 -0.0415478
0.857 -0.0541581
0.858 -0.0676687
0.859 -0.0820547
0.86 -0.0972905
0.861 -0.113347
0.862 -0.130189
0.863 -0.147778
0.864 -0.166075
0.865 -0.18504
0.866 -0.204634
0.867 -0.224817
0.868 -0.245549
0.869 -0.26679
0.87 -0.2885
0.871 -0.310643
0.872 -0.333188
0.873 -0.356111
0.874 -0.379384
0.875 -0.402982
0.876 -0.426878
0.877 -0.451045
0.878 -0.475458
0.879 -0.500089
0.88 -0.524912
0.881 -0.549904
0.882 -0.575049
0.883 -0.600336
0.884 -0.625754
0.885 -0.651289
0.886 -0.67693
0.887 -0.702665
0.888 -0.728481
0.889 -0.754367
0.89 -0.780309
0.891 -0.806298
0.892 -0.832326
0.893 -0.858385
0.894 -0.88447
0.895 -0.910573
0.896 -0.936688
0.897 -0.962809
0.898 -0.988929
0.899 -1.01504
0.9 -1.04114
0.901 -1.06721
0.902 -1.09325
0.903 -1.11924
0.904 -1.14516
0.905 -1.171
0.906 -1.19675
0.907 -1.2224
0.908 -1.24792
0.909 -1.2733
0.91 -1.29853
0.911 -1.3236
0.912 -1.34847
0.913 -1.37311
0.914 -1.3975
0.915 -1.42161
0.916 -1.4454
0.917 -1.46885
0.918 -1.49193
0.919 -1.51461
0.92 -1.53685
0.921 -1.55864
0.922 -1.57996
0.923 -1.60078
0.924 -1.62109
0.925 -1.64088
0.926 -1.66012
0.927 -1.6788
0.928 -1.6969
0.929 -1.71441
0.93 -1.73132
0.931 -1.74761
0.932 -1.76327
0.933 -1.7783
0.934 -1.7927
0.935 -1.80646
0.936 -1.81958
0.937 -1.83207
0.938 -1.8439
0.939 -1.85509
0.94 -1.86564
0.941 -1.87553
0.942 -1.88478
0.943 -1.89339
0.944 -1.90138
0.945 -1.90873
0.946 -1.91547
0.947 -1.92159
0.948 -1.92711
0.949 -1.93204
0.95 -1.93637
0.951 -1.94012
0.952 -1.94329
0.953 -1.94587
0.954 -1.94787
0.955 -1.9493
0.956 -1.95014
0.957 -1.9504
0.958 -1.95009
0.959 -1.94921
0.96 -1.94775
0.961 -1.94571
0.962 -1.94309
0.963 -1.93988
0.964 -1.93606
0.965 -1.93163
0.966 -1.92657
0.967 -1.92088
0.968 -1.91454
0.969 -1.90755
0.97 -1.89989
0.971 -1.89156
0.972 -1.88256
0.973 -1.87289
0.974 -1.86255
0.975 -1.85154
0.976 -1.83986
0.977 -1.82752
0.978 -1.81452
0.979 -1.80085
0.98 -1.78653
0.981 -1.77156
0.982 -1.75593
0.983 -1.73967
0.984 -1.72278
0.985 -1.70527
0.986 -1.68714
0.987 -1.6684
0.988 -1.64907
0.989 -1.62914
0.99 -1.60864
0.991 -1.58756
0.992 -1.56591
0.993 -1.54369
0.994 -1.52089
0.995 -1.49752
0.996 -1.47358
0.997 -1.44906
0.998 -1.42397
0.999 -1.3983
1 -1.37206
1.001 -1.34525
1.002 -1.31786
1.003 -1.28992
1.004 -1.26141
1.005 -1.23234
1.006 -1.20272
1.007 -1.17255
1.008 -1.14185
1.009 -1.1106
1.01 -1.07882
1.011 -1.04652
1.012 -1.0137
1.013 -0.980375
1.014 -0.946559
1.015 -0.912262
1.016 -0.877497
1.017 -0.842276
1.018 -0.806611
1.019 -0.770515
1.02 -0.734
1.021 -0.697082
1.022 -0.659781
1.023 -0.622119
1.024 -0.584119
1.025 -0.545804
1.026 -0.507196
1.027 -0.468319
1.028 -0.429196
1.029 -0.389851
1.03 -0.350307
1.031 -0.310589
1.032 -0.270724
1.033 -0.230742
1.034 -0.190671
1.035 -0.150541
1.036 -0.110379
1.037 -0.0702144
1.038 -0.0300768
1.039 0.0100053
1.04 0.0500028
1.041 0.0898877
1.042 0.129633
1.043 0.169213
1.044 0.208602
1.045 0.247773
1.046 0.286702
1.047 0.325364
1.048 0.363733
1.049 0.401784
1.05 0.439492
1.051 0.476837
1.052 0.513801
1.053 0.550374
1.054 0.586542
1.055 0.622294
1.056 0.657618
1.057 0.692504
1.058 0.72694
1.059 0.760915
1.06 0.794418
1.061 0.827446
1.062 0.86
1.063 0.892092
1.064 0.923729
1.065 0.954921
1.066 0.985678
1.067 1.01601
1.068 1.04593
1.069 1.07544
1.07 1.10455
1.071 1.13328
1.072 1.16164
1.073 1.18963
1.074 1.21725
1.075 1.24452
1.076 1.27145
1.077 1.29803
1.078 1.32428
1.079 1.35021
1.08 1.37583
1.081 1.40114
1.082 1.42613
1.083 1.45081
1.084 1.47516
1.085 1.49918
1.086 1.52287
1.087 1.54622
1.088 1.56922
1.089 1.59187
1.09 1.61417
1.091 1.63611
1.092 1.65767
1.093 1.67885
1.094 1.69964
1.095 1.72003
1.096 1.74001
1.097 1.75956
1.098 1.77867
1.099 1.79735
1.1 1.81557
1.101 1.83333
1.102 1.85063
1.103 1.86747
1.104 1.88384
1.105 1.89975
1.106 1.91519
1.107 1.93017
1.108 1.94468
1.109 1.95873
1.11 1.97231
1.111 1.98544
1.112 1.9981
1.113 2.01032
1.114 2.02209
1.115 2.03342
1.116 2.04431
1.117 2.05478
1.118 2.06482
1.119 2.07444
1.12 2.08366
1.121 2.09247
1.122 2.10087
1.123 2.10887
1.124 2.11646
1.125 2.12364
1.126 2.1304
1.127 2.13674
1.128 2.14267
1.129 2.14818
1.13 2.15327
1.131 2.15793
1.132 2.16216
1.133 2.16596
1.134 2.16931
1.135 2.17222
1.136 2.17466
1.137 2.17663
1.138 2.17814
1.139 2.17916
1.14 2.1797
1.141 2.17975
1.142 2.17931
1.143 2.17837
1.144 2.17694
1.145 2.17501
1.146 2.1726
1.147 2.16969
1.148 2.16628
1.149 2.16239
1.15 2.15801
1.151 2.15313
1.152 2.14779
1.153 2.14197
1.154 2.13571
1.155 2.12901
1.156 2.12189
1.157 2.11436
1.158 2.10644
1.159 2.09814
1.16 2.08947
1.161 2.08046
1.162 2.07112
1.163 2.06147
1.164 2.05153
1.165 2.04133
1.166 2.03089
1.167 2.02022
1.168 2.00936
1.169 1.99832
1.17 1.98712
1.171 1.97579
1.172 1.96434
1.173 1.95278
1.174 1.94113
1.175 1.92939
1.176 1.91759
1.177 1.90572
1.178 1.89381
1.179 1.88187
1.18 1.8699
1.181 1.85793
1.182 1.84595
1.183 1.83398
1.184 1.82201
1.185 1.81007
1.186 1.79814
1.187 1.78623
1.188 1.77436
1.189 1.76253
1.19 1.75073
1.191 1.73899
1.192 1.72729
1.193 1.71564
1.194 1.70404
1.195 1.6925
1.196 1.68101
1.197 1.66957
1.198 1.65819
1.199 1.64686
1.2 1.6356
1.201 1.62439
1.202 1.61324
1.203 1.60215
1.204 1.59113
1.205 1.58016
1.206 1.56926
1.207 1.55842
1.208 1.54764
1.209 1.53693
1.21 1.52629
1.211 1.51571
1.212 1.50519
1.213 1.49473
1.214 1.48432
1.215 1.47396
1.216 1.46363
1.217 1.45335
1.218 1.44309
1.219 1.43286
1.22 1.42266
1.221 1.41246
1.222 1.40228
1.223 1.39209
1.224 1.38188
1.225 1.37165
1.226 1.36138
1.227 1.35107
1.228 1.3407
1.229 1.33026
1.23 1.31974
1.231 1.30914
1.232 1.29843
1.233 1.28763
1.234 1.27672
1.235 1.26568
1.236 1.25453
1.237 1.24324
1.238 1.23181
1.239 1.22023
1.24 1.20849
1.241 1.1966
1.242 1.18453
1.243 1.17228
1.244 1.15985
1.245 1.14722
1.246 1.13439
1.247 1.12135
1.248 1.10809
1.249 1.0946
1.25 1.08088
1.251 1.06692
1.252 1.0527
1.253 1.03823
1.254 1.02348
1.255 1.00846
1.256 0.993154
1.257 0.977554
1.258 0.961651
1.259 0.945439
1.26 0.92891
1.261 0.912053
1.262 0.894856
1.263 0.877305
1.264 0.859385
1.265 0.841082
1.266 0.822384
1.267 0.803275
1.268 0.783744
1.269 0.763777
1.27 0.74336
1.271 0.722478
1.272 0.701104
1.273 0.679212
1.274 0.656771
1.275 0.633754
1.276 0.610132
1.277 0.585879
1.278 0.560966
1.279 0.535367
1.28 0.509054
1.281 0.482004
1.282 0.454194
1.283 0.425603
1.284 0.396212
1.285 0.366001
1.286 0.33495
1.287 0.30304
1.288 0.270252
1.289 0.236569
1.29 0.201972
1.291 0.166448
1.292 0.129997
1.293 0.0926208
1.294 0.0543248
1.295 0.0151129
1.296 -0.0250104
1.297 -0.06604
1.298 -0.107971
1.299 -0.150797
1.3 -0.194513
1.301 -0.23911
1.302 -0.284569
1.303 -0.330871
1.304 -0.377994
1.305 -0.425918
1.306 -0.47462
1.307 -0.52408
1.308 -0.574275
1.309 -0.625183
1.31 -0.676782
1.311 -0.729042
1.312 -0.781922
1.313 -0.83537
1.314 -0.889337
1.315 -0.943773
1.316 -0.998627
1.317 -1.05385
1.318 -1.10939
1.319 -1.16519
1.32 -1.22122
1.321 -1.27741
1.322 -1.33371
1.323 -1.39007
1.324 -1.44645
1.325 -1.50277
1.326 -1.55901
1.327 -1.61509
1.328 -1.67098
1.329 -1.72661
1.33 -1.78194
1.331 -1.83691
1.332 -1.89151
1.333 -1.94568
1.334 -1.99941
1.335 -2.05265
1.336 -2.10539
1.337 -2.15758
1.338 -2.20921
1.339 -2.26023
1.34 -2.31063
1.341 -2.36037
1.342 -2.40945
1.343 -2.45787
1.344 -2.50561
1.345 -2.55268
1.346 -2.59907
1.347 -2.64478
1.348 -2.6898
1.349 -2.73413
1.35 -2.77777
1.351 -2.82073
1.352 -2.863
1.353 -2.9046
1.354 -2.94553
1.355 -2.9858
1.356 -3.02543
1.357 -3.06441
1.358 -3.10277
1.359 -3.14052
1.36 -3.17765
1.361 -3.21419
1.362 -3.25013
1.363 -3.28547
1.364 -3.32021
1.365 -3.35434
1.366 -3.38787
1.367 -3.4208
1.368 -3.45312
1.369 -3.48483
1.37 -3.51594
1.371 -3.54643
1.372 -3.57629
1.373 -3.60547
1.374 -3.63395
1.375 -3.6617
1.376 -3.68868
1.377 -3.71487
1.378 -3.74023
1.379 -3.76474
1.38 -3.78836
1.381 -3.81106
1.382 -3.83279
1.383 -3.85351
1.384 -3.87315
1.385 -3.89167
1.386 -3.90902
1.387 -3.92515
1.388 -3.94001
1.389 -3.95355
1.39 -3.96572
1.391 -3.97647
1.392 -3.98576
1.393 -3.99353
1.394 -3.99975
1.395 -4.00437
1.396 -4.00733
1.397 -4.00861
1.398 -4.00814
1.399 -4.0059
1.4 -4.00183
1.401 -3.99589
1.402 -3.98806
1.403 -3.9783
1.404 -3.96657
1.405 -3.95285
1.406 -3.93711
1.407 -3.91931
1.408 -3.89942
1.409 -3.87743
1.41 -3.8533
1.411 -3.82701
1.412 -3.79855
1.413 -3.76792
1.414 -3.73512
1.415 -3.70015
1.416 -3.66301
1.417 -3.6237
1.418 -3.58222
1.419 -3.53858
1.42 -3.49277
1.421 -3.44482
1.422 -3.39473
1.423 -3.34253
1.424 -3.28824
1.425 -3.23189
1.426 -3.17351
1.427 -3.11312
1.428 -3.05075
1.429 -2.98642
1.43 -2.92017
1.431 -2.85203
1.432 -2.78204
1.433 -2.71023
1.434 -2.63667
1.435 -2.56138
1.436 -2.48441
1.437 -2.40581
1.438 -2.32563
1.439 -2.24392
1.44 -2.16071
1.441 -2.07607
1.442 -1.99003
1.443 -1.90267
1.444 -1.81403
1.445 -1.72416
1.446 -1.63313
1.447 -1.54099
1.448 -1.44779
1.449 -1.3536
1.45 -1.25847
1.451 -1.16246
1.452 -1.06561
1.453 -0.967985
1.454 -0.869627
1.455 -0.770586
1.456 -0.670914
1.457 -0.570662
1.458 -0.469879
1.459 -0.368618
1.46 -0.266927
1.461 -0.164859
1.462 -0.0624663
1.463 0.0401956
1.464 0.143073
1.465 0.246113
1.466 0.34926
1.467 0.452462
1.468 0.555666
1.469 0.658818
1.47 0.761866
1.471 0.864756
1.472 0.967431
1.473 1.06983
1.474 1.1719
1.475 1.27359
1.476 1.37483
1.477 1.47557
1.478 1.57575
1.479 1.67533
1.48 1.77424
1.481 1.87243
1.482 1.96986
1.483 2.06649
1.484 2.16228
1.485 2.25717
1.486 2.35114
1.487 2.44413
1.488 2.53613
1.489 2.62707
1.49 2.71693
1.491 2.80567
1.492 2.89328
1.493 2.97972
1.494 3.06498
1.495 3.14905
1.496 3.2319
1.497 3.31352
1.498 3.39389
1.499 3.473
1.5 3.55083
1.501 3.62737
1.502 3.70261
1.503 3.77654
1.504 3.84914
1.505 3.92042
1.506 3.99035
1.507 4.05894
1.508 4.12618
1.509 4.19205
1.51 4.25656
1.511 4.31969
1.512 4.38145
1.513 4.44182
1.514 4.5008
1.515 4.55838
1.516 4.61457
1.517 4.66935
1.518 4.72273
1.519 4.7747
1.52 4.82526
1.521 4.87441
1.522 4.92215
1.523 4.96848
1.524 5.01343
1.525 5.05699
1.526 5.09918
1.527 5.14
1.528 5.17947
1.529 5.21758
1.53 5.25436
1.531 5.28981
1.532 5.32393
1.533 5.35672
1.534 5.38818
1.535 5.41831
1.536 5.4471
1.537 5.47457
1.538 5.50072
1.539 5.52553
1.54 5.54902
1.541 5.57118
1.542 5.592
1.543 5.61145
1.544 5.62952
1.545 5.64619
1.546 5.66144
1.547 5.67525
1.548 5.68759
1.549 5.69847
1.55 5.70785
1.551 5.71572
1.552 5.72205
1.553 5.72682
1.554 5.73001
1.555 5.73158
1.556 5.73151
1.557 5.72977
1.558 5.72635
1.559 5.72122
1.56 5.71435
1.561 5.70573
1.562 5.69533
1.563 5.68315
1.564 5.66917
1.565 5.65336
1.566 5.63573
1.567 5.61625
1.568 5.59491
1.569 5.5717
1.57 5.54661
1.571 5.51963
1.572 5.49076
1.573 5.45998
1.574 5.4273
1.575 5.39272
1.576 5.35624
1.577 5.31786
1.578 5.27757
1.579 5.23538
1.58 5.19129
1.581 5.14531
1.582 5.09743
1.583 5.04769
1.584 4.99608
1.585 4.94262
1.586 4.88733
1.587 4.83022
1.588 4.7713
1.589 4.71059
1.59 4.64811
1.591 4.58388
1.592 4.51791
1.593 4.45022
1.594 4.38084
1.595 4.3098
1.596 4.2371
1.597 4.16279
1.598 4.08687
1.599 4.00938
1.6 3.93035
1.601 3.84979
1.602 3.76772
1.603 3.68417
1.604 3.59916
1.605 3.5127
1.606 3.42482
1.607 3.33554
1.608 3.24488
1.609 3.15286
1.61 3.0595
1.611 2.96483
1.612 2.86888
1.613 2.77166
1.614 2.67321
1.615 2.57354
1.616 2.47268
1.617 2.37066
1.618 2.26751
1.619 2.16325
1.62 2.0579
1.621 1.9515
1.622 1.84408
1.623 1.73568
1.624 1.62633
1.625 1.51607
1.626 1.40494
1.627 1.29298
1.628 1.18022
1.629 1.0667
1.63 0.952463
1.631 0.837536
1.632 0.721971
1.633 0.605811
1.634 0.489104
1.635 0.371895
1.636 0.25423
1.637 0.136155
1.638 0.0177134
1.639 -0.101049
1.64 -0.220088
1.641 -0.339358
1.642 -0.458811
1.643 -0.578397
1.644 -0.698066
1.645 -0.817769
1.646 -0.937458
1.647 -1.05708
1.648 -1.1766
1.649 -1.29596
1.65 -1.41512
1.651 -1.53402
1.652 -1.65264
1.653 -1.77091
1.654 -1.88882
1.655 -2.00631
1.656 -2.12333
1.657 -2.23987
1.658 -2.35586
1.659 -2.47128
1.66 -2.58609
1.661 -2.70024
1.662 -2.81372
1.663 -2.92649
1.664 -3.03853
1.665 -3.1498
1.666 -3.2603
1.667 -3.36998
1.668 -3.47883
1.669 -3.58682
1.67 -3.69394
1.671 -3.80014
1.672 -3.90542
1.673 -4.00975
1.674 -4.11311
1.675 -4.21548
1.676 -4.31683
1.677 -4.41715
1.678 -4.51642
1.679 -4.61462
1.68 -4.71172
1.681 -4.80772
1.682 -4.90258
1.683 -4.99627
1.684 -5.08877
1.685 -5.18004
1.686 -5.27007
1.687 -5.35882
1.688 -5.44627
1.689 -5.53239
1.69 -5.61716
1.691 -5.70056
1.692 -5.78254
1.693 -5.86307
1.694 -5.94212
1.695 -6.01966
1.696 -6.09566
1.697 -6.17007
1.698 -6.24287
1.699 -6.31402
1.7 -6.38351
1.701 -6.45128
1.702 -6.51731
1.703 -6.58154
1.704 -6.64395
1.705 -6.70449
1.706 -6.76311
1.707 -6.81979
1.708 -6.87448
1.709 -6.92714
1.71 -6.97773
1.711 -7.02623
1.712 -7.07259
1.713 -7.11679
1.714 -7.15879
1.715 -7.19857
1.716 -7.23609
1.717 -7.27132
1.718 -7.30424
1.719 -7.33482
1.72 -7.36304
1.721 -7.38886
1.722 -7.41229
1.723 -7.43332
1.724 -7.45194
1.725 -7.46816
1.726 -7.48197
1.727 -7.49338
1.728 -7.50238
1.729 -7.50898
1.73 -7.51317
1.731 -7.51496
1.732 -7.51437
1.733 -7.5114
1.734 -7.50608
1.735 -7.49844
1.736 -7.48848
1.737 -7.47622
1.738 -7.4617
1.739 -7.44493
1.74 -7.42593
1.741 -7.40472
1.742 -7.38132
1.743 -7.35573
1.744 -7.32796
1.745 -7.29802
1.746 -7.26593
1.747 -7.2317
1.748 -7.19533
1.749 -7.15685
1.75 -7.11626
1.751 -7.07358
1.752 -7.0288
1.753 -6.98193
1.754 -6.93297
1.755 -6.8819
1.756 -6.82873
1.757 -6.77346
1.758 -6.71608
1.759 -6.65661
1.76 -6.59504
1.761 -6.53138
1.762 -6.46562
1.763 -6.39777
1.764 -6.32784
1.765 -6.25583
1.766 -6.18173
1.767 -6.10557
1.768 -6.02735
1.769 -5.94706
1.77 -5.86473
1.771 -5.78036
1.772 -5.69397
1.773 -5.60557
1.774 -5.51517
1.775 -5.42279
1.776 -5.32846
1.777 -5.23217
1.778 -5.13397
1.779 -5.03386
1.78 -4.93186
1.781 -4.828
1.782 -4.72231
1.783 -4.61482
1.784 -4.50557
1.785 -4.39458
1.786 -4.2819
1.787 -4.16755
1.788 -4.05158
1.789 -3.93401
1.79 -3.8149
1.791 -3.69427
1.792 -3.57216
1.793 -3.44862
1.794 -3.32369
1.795 -3.1974
1.796 -3.06979
1.797 -2.94092
1.798 -2.81082
1.799 -2.67953
1.8 -2.54709
1.801 -2.41355
1.802 -2.27895
1.803 -2.14332
1.804 -2.00672
1.805 -1.86917
1.806 -1.73073
1.807 -1.59144
1.808 -1.45132
1.809 -1.31043
1.81 -1.16881
1.811 -1.02649
1.812 -0.883532
1.813 -0.739974
1.814 -0.595866
1.815 -0.451259
1.816 -0.306198
1.817 -0.16073
1.818 -0.014904
1.819 0.131236
1.82 0.277643
1.821 0.42427
1.822 0.571067
1.823 0.717981
1.824 0.86496
1.825 1.01195
1.826 1.15891
1.827 1.30578
1.828 1.45251
1.829 1.59905
1.83 1.74536
1.831 1.89139
1.832 2.03708
1.833 2.1824
1.834 2.32729
1.835 2.47171
1.836 2.61561
1.837 2.75895
1.838 2.90169
1.839 3.04377
1.84 3.18515
1.841 3.3258
1.842 3.46566
1.843 3.60469
1.844 3.74286
1.845 3.88011
1.846 4.01641
1.847 4.1517
1.848 4.28596
1.849 4.41914
1.85 4.5512
1.851 4.68209
1.852 4.81178
1.853 4.94021
1.854 5.06733
1.855 5.19311
1.856 5.31749
1.857 5.44044
1.858 5.56189
1.859 5.68182
1.86 5.80018
1.861 5.91692
1.862 6.03201
1.863 6.14539
1.864 6.25704
1.865 6.36691
1.866 6.47496
1.867 6.58116
1.868 6.68547
1.869 6.78784
1.87 6.88825
1.871 6.98666
1.872 7.08304
1.873 7.17736
1.874 7.26959
1.875 7.35971
1.876 7.44769
1.877 7.5335
1.878 7.61713
1.879 7.69854
1.88 7.77771
1.881 7.85463
1.882 7.92926
1.883 8.00161
1.884 8.07164
1.885 8.13934
1.886 8.2047
1.887 8.2677
1.888 8.32833
1.889 8.38657
1.89 8.44241
1.891 8.49585
1.892 8.54687
1.893 8.59549
1.894 8.6417
1.895 8.6855
1.896 8.72689
1.897 8.76588
1.898 8.80247
1.899 8.83667
1.9 8.86848
1.901 8.8979
1.902 8.92496
1.903 8.94966
1.904 8.97201
1.905 8.99204
1.906 9.00976
1.907 9.02518
1.908 9.03833
1.909 9.04921
1.91 9.05786
1.911 9.06427
1.912 9.06848
1.913 9.07048
1.914 9.0703
1.915 9.06794
1.916 9.06342
1.917 9.05676
1.918 9.04797
1.919 9.03706
1.92 9.02405
1.921 9.00896
1.922 8.9918
1.923 8.97257
1.924 8.9513
1.925 8.92799
1.926 8.90266
1.927 8.87532
1.928 8.84599
1.929 8.81468
1.93 8.7814
1.931 8.74617
1.932 8.70899
1.933 8.66988
1.934 8.62884
1.935 8.58587
1.936 8.54097
1.937 8.49417
1.938 8.44546
1.939 8.39486
1.94 8.34237
1.941 8.288
1.942 8.23178
1.943 8.17373
1.944 8.11386
1.945 8.0522
1.946 7.98877
1.947 7.9236
1.948 7.8567
1.949 7.78811
1.95 7.71785
1.951 7.64594
1.952 7.57244
1.953 7.49739
1.954 7.42084
1.955 7.34285
1.956 7.26346
1.957 7.18274
1.958 7.10072
1.959 7.01746
1.96 6.93303
1.961 6.84746
1.962 6.76082
1.963 6.67316
1.964 6.58455
1.965 6.49504
1.966 6.40469
1.967 6.31355
1.968 6.22169
1.969 6.12917
1.97 6.03604
1.971 5.94236
1.972 5.84819
1.973 5.75358
1.974 5.65858
1.975 5.56326
1.976 5.46765
1.977 5.37183
1.978 5.27584
1.979 5.17973
1.98 5.08356
1.981 4.98739
1.982 4.89126
1.983 4.79522
1.984 4.69932
1.985 4.60362
1.986 4.50816
1.987 4.413
1.988 4.31817
1.989 4.22374
1.99 4.12974
1.991 4.03622
1.992 3.94324
1.993 3.85083
1.994 3.75905
1.995 3.66794
1.996 3.57754
1.997 3.4879
1.998 3.39905
1.999 3.31106
2 3.22394
2.001 3.13776
2.002 3.05255
2.003 2.96837
2.004 2.88526
2.005 2.80326
2.006 2.72244
2.007 2.64282
2.008 2.56445
2.009 2.48739
2.01 2.41166
2.011 2.33732
2.012 2.26441
2.013 2.19295
2.014 2.12301
2.015 2.05461
2.016 1.98779
2.017 1.92259
2.018 1.85905
2.019 1.7972
2.02 1.73709
2.021 1.67873
2.022 1.62215
2.023 1.56737
2.024 1.51442
2.025 1.4633
2.026 1.41404
2.027 1.36666
2.028 1.32116
2.029 1.27756
2.03 1.23588
2.031 1.19612
2.032 1.15828
2.033 1.12236
2.034 1.08833
2.035 1.05619
2.036 1.02593
2.037 0.997542
2.038 0.971001
2.039 0.9463
2.04 0.923423
2.041 0.902353
2.042 0.883063
2.043 0.865522
2.044 0.849698
2.045 0.83556
2.046 0.823074
2.047 0.812209
2.048 0.802931
2.049 0.795206
2.05 0.789
2.051 0.78428
2.052 0.781016
2.053 0.779179
2.054 0.77874
2.055 0.77967
2.056 0.781938
2.057 0.785515
2.058 0.790369
2.059 0.796469
2.06 0.803784
2.061 0.812287
2.062 0.821961
2.063 0.832793
2.064 0.844768
2.065 0.857873
2.066 0.872094
2.067 0.887416
2.068 0.903824
2.069 0.921303
2.07 0.939837
2.071 0.959415
2.072 0.980027
2.073 1.00167
2.074 1.02434
2.075 1.04804
2.076 1.07275
2.077 1.09848
2.078 1.12521
2.079 1.15295
2.08 1.18168
2.081 1.21139
2.082 1.24209
2.083 1.27375
2.084 1.30636
2.085 1.33992
2.086 1.37441
2.087 1.40981
2.088 1.44613
2.089 1.48334
2.09 1.52142
2.091 1.56038
2.092 1.60018
2.093 1.64081
2.094 1.68224
2.095 1.72447
2.096 1.76746
2.097 1.8112
2.098 1.85567
2.099 1.90084
2.1 1.9467
2.101 1.99322
2.102 2.04038
2.103 2.08815
2.104 2.13652
2.105 2.18545
2.106 2.23492
2.107 2.2849
2.108 2.33537
2.109 2.3863
2.11 2.43768
2.111 2.48946
2.112 2.54164
2.113 2.59421
2.114 2.64713
2.115 2.70041
2.116 2.75402
2.117 2.80795
2.118 2.86218
2.119 2.9167
2.12 2.97148
2.121 3.02652
2.122 3.08179
2.123 3.13729
2.124 3.19298
2.125 3.24887
2.126 3.30492
2.127 3.36113
2.128 3.41748
2.129 3.47394
2.13 3.53051
2.131 3.58716
2.132 3.64386
2.133 3.70058
2.134 3.75729
2.135 3.81394
2.136 3.87051
2.137 3.92695
2.138 3.98325
2.139 4.03936
2.14 4.09525
2.141 4.15087
2.142 4.20619
2.143 4.26115
2.144 4.31569
2.145 4.36975
2.146 4.42329
2.147 4.47625
2.148 4.52858
2.149 4.58022
2.15 4.63112
2.151 4.68122
2.152 4.73048
2.153 4.77881
2.154 4.82616
2.155 4.87246
2.156 4.91765
2.157 4.96166
2.158 5.00444
2.159 5.04592
2.16 5.08605
2.161 5.12475
2.162 5.16195
2.163 5.19757
2.164 5.23153
2.165 5.26375
2.166 5.29415
2.167 5.32265
2.168 5.34917
2.169 5.37364
2.17 5.39598
2.171 5.41611
2.172 5.43395
2.173 5.44939
2.174 5.46234
2.175 5.47272
2.176 5.48043
2.177 5.48538
2.178 5.48748
2.179 5.48665
2.18 5.4828
2.181 5.47583
2.182 5.46567
2.183 5.4522
2.184 5.43535
2.185 5.415
2.186 5.39108
2.187 5.36349
2.188 5.33214
2.189 5.29695
2.19 5.25783
2.191 5.2147
2.192 5.16749
2.193 5.11613
2.194 5.06055
2.195 5.00069
2.196 4.9365
2.197 4.8679
2.198 4.79485
2.199 4.71728
2.2 4.63514
2.201 4.54839
2.202 4.45699
2.203 4.36093
2.204 4.26019
2.205 4.15475
2.206 4.04461
2.207 3.92974
2.208 3.81015
2.209 3.68582
2.21 3.55674
2.211 3.42293
2.212 3.28438
2.213 3.14114
2.214 2.99322
2.215 2.84064
2.216 2.68344
2.217 2.52164
2.218 2.35528
2.219 2.18439
2.22 2.009
2.221 1.82914
2.222 1.64486
2.223 1.45619
2.224 1.26318
2.225 1.06586
2.226 0.864289
2.227 0.658498
2.228 0.448535
2.229 0.234444
2.23 0.0162702
2.231 -0.205943
2.232 -0.43216
2.233 -0.662349
2.234 -0.896476
2.235 -1.13451
2.236 -1.37641
2.237 -1.62215
2.238 -1.8717
2.239 -2.12501
2.24 -2.38205
2.241 -2.6428
2.242 -2.90722
2.243 -3.17527
2.244 -3.44693
2.245 -3.72218
2.246 -4.00098
2.247 -4.28329
2.248 -4.5691
2.249 -4.85837
2.25 -5.15107
2.251 -5.44717
2.252 -5.74657
2.253 -6.04918
2.254 -6.3549
2.255 -6.66365
2.256 -6.97532
2.257 -7.28982
2.258 -7.60705
2.259 -7.92692
2.26 -8.24933
2.261 -8.57416
2.262 -8.90124
2.263 -9.23035
2.264 -9.56129
2.265 -9.89386
2.266 -10.2279
2.267 -10.5631
2.268 -10.8993
2.269 -11.2364
2.27 -11.574
2.271 -11.9121
2.272 -12.2503
2.273 -12.5884
2.274 -12.9259
2.275 -13.2628
2.276 -13.5986
2.277 -13.9331
2.278 -14.2661
2.279 -14.5971
2.28 -14.9261
2.281 -15.2526
2.282 -15.5764
2.283 -15.8971
2.284 -16.2146
2.285 -16.5284
2.286 -16.8382
2.287 -17.1439
2.288 -17.445
2.289 -17.7414
2.29 -18.0326
2.291 -18.3185
2.292 -18.5988
2.293 -18.8733
2.294 -19.1416
2.295 -19.4036
2.296 -19.659
2.297 -19.9075
2.298 -20.149
2.299 -20.3831
2.3 -20.6097
2.301 -20.8286
2.302 -21.0394
2.303 -21.2421
2.304 -21.4365
2.305 -21.6224
2.306 -21.7995
2.307 -21.9678
2.308 -22.1271
2.309 -22.2771
2.31 -22.4177
2.311 -22.5488
2.312 -22.6702
2.313 -22.7817
2.314 -22.8833
2.315 -22.9748
2.316 -23.0561
2.317 -23.1271
2.318 -23.1877
2.319 -23.2377
2.32 -23.277
2.321 -23.3055
2.322 -23.3231
2.323 -23.3296
2.324 -23.3247
2.325 -23.3086
2.326 -23.2812
2.327 -23.2425
2.328 -23.1924
2.329 -23.1308
2.33 -23.0576
2.331 -22.9728
2.332 -22.8764
2.333 -22.7682
2.334 -22.6484
2.335 -22.5168
2.336 -22.3735
2.337 -22.2184
2.338 -22.0515
2.339 -21.8729
2.34 -21.6825
2.341 -21.4803
2.342 -21.2664
2.343 -21.0409
2.344 -20.8038
2.345 -20.5553
2.346 -20.2954
2.347 -20.0241
2.348 -19.7417
2.349 -19.4481
2.35 -19.1435
2.351 -18.8281
2.352 -18.5019
2.353 -18.1651
2.354 -17.818
2.355 -17.4608
2.356 -17.0935
2.357 -16.7164
2.358 -16.3298
2.359 -15.9337
2.36 -15.5284
2.361 -15.114
2.362 -14.6909
2.363 -14.2593
2.364 -13.8195
2.365 -13.3717
2.366 -12.9163
2.367 -12.4535
2.368 -11.9836
2.369 -11.5069
2.37 -11.0237
2.371 -10.5342
2.372 -10.0388
2.373 -9.53772
2.374 -9.0314
2.375 -8.5201
2.376 -8.00414
2.377 -7.48384
2.378 -6.95951
2.379 -6.43146
2.38 -5.9
2.381 -5.36544
2.382 -4.8281
2.383 -4.28828
2.384 -3.7463
2.385 -3.20246
2.386 -2.65709
2.387 -2.11049
2.388 -1.56295
2.389 -1.01479
2.39 -0.46631
2.391 0.0822002
2.392 0.630439
2.393 1.17811
2.394 1.72492
2.395 2.27057
2.396 2.81479
2.397 3.35728
2.398 3.89777
2.399 4.43597
2.4 4.97161
2.401 5.50443
2.402 6.03415
2.403 6.56051
2.404 7.08327
2.405 7.60217
2.406 8.11695
2.407 8.62738
2.408 9.13322
2.409 9.63422
2.41 10.1302
2.411 10.6208
2.412 11.1059
2.413 11.5853
2.414 12.0588
2.415 12.5262
2.416 12.9872
2.417 13.4417
2.418 13.8894
2.419 14.3302
2.42 14.7639
2.421 15.1903
2.422 15.6093
2.423 16.0206
2.424 16.4242
2.425 16.8198
2.426 17.2074
2.427 17.5868
2.428 17.9578
2.429 18.3203
2.43 18.6742
2.431 19.0193
2.432 19.3555
2.433 19.6827
2.434 20.0008
2.435 20.3098
2.436 20.6094
2.437 20.8996
2.438 21.1804
2.439 21.4515
2.44 21.713
2.441 21.9646
2.442 22.2064
2.443 22.4383
2.444 22.6603
2.445 22.8721
2.446 23.0739
2.447 23.2656
2.448 23.447
2.449 23.6182
2.45 23.779
2.451 23.9295
2.452 24.0696
2.453 24.1992
2.454 24.3184
2.455 24.4271
2.456 24.5253
2.457 24.613
2.458 24.6901
2.459 24.7566
2.46 24.8125
2.461 24.8577
2.462 24.8924
2.463 24.9164
2.464 24.9296
2.465 24.932
2.466 24.9235
2.467 24.9044
2.468 24.8745
2.469 24.8341
2.47 24.7829
2.471 24.7211
2.472 24.6488
2.473 24.5659
2.474 24.4724
2.475 24.3685
2.476 24.2542
2.477 24.1294
2.478 23.9944
2.479 23.8491
2.48 23.6936
2.481 23.528
2.482 23.3524
2.483 23.1668
2.484 22.9714
2.485 22.7664
2.486 22.5517
2.487 22.3275
2.488 22.094
2.489 21.8513
2.49 21.5994
2.491 21.3386
2.492 21.069
2.493 20.7909
2.494 20.5043
2.495 20.2095
2.496 19.9068
2.497 19.5962
2.498 19.278
2.499 18.9525
2.5 18.6197
2.501 18.2799
2.502 17.9334
2.503 17.5803
2.504 17.221
2.505 16.8556
2.506 16.4845
2.507 16.1078
2.508 15.7258
2.509 15.3387
2.51 14.9469
2.511 14.5504
2.512 14.1497
2.513 13.7449
2.514 13.3363
2.515 12.9241
2.516 12.5086
2.517 12.09
2.518 11.6685
2.519 11.2444
2.52 10.8179
2.521 10.3893
2.522 9.95874
2.523 9.52639
2.524 9.09248
2.525 8.65717
2.526 8.22066
2.527 7.78314
2.528 7.34479
2.529 6.90578
2.53 6.4663
2.531 6.02651
2.532 5.58655
2.533 5.14653
2.534 4.70659
2.535 4.26683
2.536 3.82737
2.537 3.38834
2.538 2.94984
2.539 2.51199
2.54 2.0749
2.541 1.63867
2.542 1.20337
2.543 0.769053
2.544 0.335787
2.545 -0.0963753
2.546 -0.52738
2.547 -0.957175
2.548 -1.38571
2.549 -1.81293
2.55 -2.23879
2.551 -2.66325
2.552 -3.08628
2.553 -3.50786
2.554 -3.92798
2.555 -4.34662
2.556 -4.76376
2.557 -5.1794
2.558 -5.59352
2.559 -6.00612
2.56 -6.41718
2.561 -6.8267
2.562 -7.23469
2.563 -7.64115
2.564 -8.04609
2.565 -8.44952
2.566 -8.85145
2.567 -9.25191
2.568 -9.65089
2.569 -10.0484
2.57 -10.4445
2.571 -10.8392
2.572 -11.2324
2.573 -11.6243
2.574 -12.0148
2.575 -12.4039
2.576 -12.7917
2.577 -13.1781
2.578 -13.5633
2.579 -13.9471
2.58 -14.3296
2.581 -14.7109
2.582 -15.0909
2.583 -15.4696
2.584 -15.847
2.585 -16.2232
2.586 -16.598
2.587 -16.9715
2.588 -17.3437
2.589 -17.7145
2.59 -18.084
2.591 -18.4522
2.592 -18.819
2.593 -19.1843
2.594 -19.5482
2.595 -19.9105
2.596 -20.2713
2.597 -20.6305
2.598 -20.9881
2.599 -21.3439
2.6 -21.698
2.601 -22.0503
2.602 -22.4008
2.603 -22.7494
2.604 -23.096
2.605 -23.4405
2.606 -23.783
2.607 -24.1232
2.608 -24.4612
2.609 -24.7969
2.61 -25.1302
2.611 -25.4611
2.612 -25.7894
2.613 -26.1152
2.614 -26.4383
2.615 -26.7587
2.616 -27.0763
2.617 -27.391
2.618 -27.7028
2.619 -28.0116
2.62 -28.3173
2.621 -28.6199
2.622 -28.9193
2.623 -29.2154
2.624 -29.5082
2.625 -29.7977
2.626 -30.0836
2.627 -30.3661
2.628 -30.645
2.629 -30.9203
2.63 -31.1918
2.631 -31.4596
2.632 -31.7236
2.633 -31.9837
2.634 -32.2399
2.635 -32.4921
2.636 -32.7402
2.637 -32.9843
2.638 -33.2241
2.639 -33.4598
2.64 -33.6912
2.641 -33.9182
2.642 -34.1408
2.643 -34.359
2.644 -34.5726
2.645 -34.7816
2.646 -34.986
2.647 -35.1856
2.648 -35.3804
2.649 -35.5703
2.65 -35.7553
2.651 -35.9353
2.652 -36.1102
2.653 -36.2799
2.654 -36.4445
2.655 -36.6037
2.656 -36.7576
2.657 -36.906
2.658 -37.049
2.659 -37.1864
2.66 -37.3181
2.661 -37.4441
2.662 -37.5643
2.663 -37.6787
2.664 -37.7871
2.665 -37.8895
2.666 -37.9858
2.667 -38.076
2.668 -38.1599
2.669 -38.2375
2.67 -38.3087
2.671 -38.3734
2.672 -38.4316
2.673 -38.4831
2.674 -38.5279
2.675 -38.5659
2.676 -38.5969
2.677 -38.6209
2.678 -38.6378
2.679 -38.6474
2.68 -38.6496
2.681 -38.6441
2.682 -38.6313
2.683 -38.6109
2.684 -38.5829
2.685 -38.5472
2.686 -38.5036
2.687 -38.4522
2.688 -38.3929
2.689 -38.3255
2.69 -38.25
2.691 -38.1664
2.692 -38.0745
2.693 -37.9743
2.694 -37.8657
2.695 -37.7487
2.696 -37.6231
2.697 -37.4891
2.698 -37.3464
2.699 -37.195
2.7 -37.035
2.701 -36.8661
2.702 -36.6885
2.703 -36.5021
2.704 -36.3069
2.705 -36.1027
2.706 -35.8897
2.707 -35.6678
2.708 -35.437
2.709 -35.1972
2.71 -34.9486
2.711 -34.6909
2.712 -34.4244
2.713 -34.149
2.714 -33.8648
2.715 -33.5718
2.716 -33.27
2.717 -32.9595
2.718 -32.6403
2.719 -32.3125
2.72 -31.9761
2.721 -31.6311
2.722 -31.2778
2.723 -30.9161
2.724 -30.5461
2.725 -30.168
2.726 -29.7818
2.727 -29.3877
2.728 -28.9857
2.729 -28.576
2.73 -28.1587
2.731 -27.7339
2.732 -27.3016
2.733 -26.8622
2.734 -26.4158
2.735 -25.9625
2.736 -25.5024
2.737 -25.0359
2.738 -24.5629
2.739 -24.0837
2.74 -23.5984
2.741 -23.1071
2.742 -22.6102
2.743 -22.1078
2.744 -21.6002
2.745 -21.0874
2.746 -20.5699
2.747 -20.0477
2.748 -19.5211
2.749 -18.9902
2.75 -18.4554
2.751 -17.9168
2.752 -17.3747
2.753 -16.8292
2.754 -16.2808
2.755 -15.7296
2.756 -15.1758
2.757 -14.6198
2.758 -14.0617
2.759 -13.5019
2.76 -12.9405
2.761 -12.3778
2.762 -11.8141
2.763 -11.2496
2.764 -10.6847
2.765 -10.1195
2.766 -9.55433
2.767 -8.98948
2.768 -8.4252
2.769 -7.86174
2.77 -7.29935
2.771 -6.73829
2.772 -6.17883
2.773 -5.62122
2.774 -5.06573
2.775 -4.51261
2.776 -3.96212
2.777 -3.41452
2.778 -2.87005
2.779 -2.32896
2.78 -1.79151
2.781 -1.25794
2.782 -0.728501
2.783 -0.203433
2.784 0.317014
2.785 0.832596
2.786 1.34307
2.787 1.8482
2.788 2.34775
2.789 2.84147
2.79 3.32914
2.791 3.81051
2.792 4.28535
2.793 4.75344
2.794 5.21454
2.795 5.66843
2.796 6.11486
2.797 6.55363
2.798 6.9845
2.799 7.40725
2.8 7.82167
2.801 8.22751
2.802 8.62458
2.803 9.01266
2.804 9.39153
2.805 9.76099
2.806 10.1208
2.807 10.4708
2.808 10.8108
2.809 11.1405
2.81 11.4597
2.811 11.7683
2.812 12.0661
2.813 12.3529
2.814 12.6286
2.815 12.8929
2.816 13.1458
2.817 13.3871
2.818 13.6167
2.819 13.8343
2.82 14.0398
2.821 14.2332
2.822 14.4143
2.823 14.5831
2.824 14.7397
2.825 14.8838
2.826 15.0157
2.827 15.1351
2.828 15.2421
2.829 15.3366
2.83 15.4187
2.831 15.4883
2.832 15.5455
2.833 15.5904
2.834 15.6231
2.835 15.6436
2.836 15.652
2.837 15.648
2.838 15.6322
2.839 15.6046
2.84 15.5654
2.841 15.5146
2.842 15.4525
2.843 15.3791
2.844 15.2946
2.845 15.1993
2.846 15.0932
2.847 14.9765
2.848 14.8494
2.849 14.7122
2.85 14.5649
2.851 14.4078
2.852 14.241
2.853 14.0647
2.854 13.8791
2.855 13.6844
2.856 13.4807
2.857 13.2682
2.858 13.0471
2.859 12.8175
2.86 12.5798
2.861 12.3341
2.862 12.0805
2.863 11.8192
2.864 11.5503
2.865 11.2741
2.866 10.9906
2.867 10.7001
2.868 10.4027
2.869 10.0985
2.87 9.7878
2.871 9.47067
2.872 9.14727
2.873 8.81775
2.874 8.48223
2.875 8.14085
2.876 7.79375
2.877 7.44107
2.878 7.08294
2.879 6.71951
2.88 6.35091
2.881 5.97729
2.882 5.59879
2.883 5.21557
2.884 4.82778
2.885 4.43558
2.886 4.03912
2.887 3.63855
2.888 3.23401
2.889 2.82565
2.89 2.41361
2.891 1.99806
2.892 1.57913
2.893 1.15701
2.894 0.731845
2.895 0.303805
2.896 -0.126955
2.897 -0.560275
2.898 -0.996001
2.899 -1.43398
2.9 -1.87406
2.901 -2.31608
2.902 -2.75988
2.903 -3.20528
2.904 -3.65212
2.905 -4.10022
2.906 -4.54942
2.907 -4.99955
2.908 -5.45045
2.909 -5.90195
2.91 -6.3539
2.911 -6.80613
2.912 -7.25846
2.913 -7.71073
2.914 -8.16276
2.915 -8.61438
2.916 -9.06543
2.917 -9.51572
2.918 -9.96511
2.919 -10.4134
2.92 -10.8605
2.921 -11.3062
2.922 -11.7503
2.923 -12.1927
2.924 -12.6332
2.925 -13.0717
2.926 -13.508
2.927 -13.9419
2.928 -14.3734
2.929 -14.8022
2.93 -15.2282
2.931 -15.6513
2.932 -16.0712
2.933 -16.488
2.934 -16.9015
2.935 -17.3114
2.936 -17.7178
2.937 -18.1205
2.938 -18.5193
2.939 -18.9141
2.94 -19.3049
2.941 -19.6915
2.942 -20.0737
2.943 -20.4515
2.944 -20.8249
2.945 -21.1937
2.946 -21.5577
2.947 -21.917
2.948 -22.2715
2.949 -22.621
2.95 -22.9654
2.951 -23.3048
2.952 -23.6389
2.953 -23.9678
2.954 -24.2914
2.955 -24.6097
2.956 -24.9225
2.957 -25.2299
2.958 -25.5317
2.959 -25.828
2.96 -26.1186
2.961 -26.4036
2.962 -26.6828
2.963 -26.9563
2.964 -27.224
2.965 -27.4859
2.966 -27.7419
2.967 -27.9921
2.968 -28.2363
2.969 -28.4746
2.97 -28.7069
2.971 -28.9332
2.972 -29.1535
2.973 -29.3678
2.974 -29.576
2.975 -29.7781
2.976 -29.9741
2.977 -30.164
2.978 -30.3478
2.979 -30.5254
2.98 -30.6968
2.981 -30.8621
2.982 -31.0212
2.983 -31.174
2.984 -31.3207
2.985 -31.4611
2.986 -31.5954
2.987 -31.7234
2.988 -31.8451
2.989 -31.9607
2.99 -32.07
2.991 -32.1731
2.992 -32.2699
2.993 -32.3605
2.994 -32.4449
2.995 -32.523
2.996 -32.5949
2.997 -32.6605
2.998 -32.72
2.999 -32.7732
3 -32.8202
3.001 -32.861
3.002 -32.8955
3.003 -32.9239
3.004 -32.9461
3.005 -32.9621
3.006 -32.9718
3.007 -32.9753
3.008 -32.9723
3.009 -32.9632
3.01 -32.948
3.011 -32.9265
3.012 -32.8989
3.013 -32.8652
3.014 -32.8253
3.015 -32.7792
3.016 -32.727
3.017 -32.6686
3.018 -32.6042
3.019 -32.5336
3.02 -32.4569
3.021 -32.3741
3.022 -32.2852
3.023 -32.1902
3.024 -32.0892
3.025 -31.9821
3.026 -31.8688
3.027 -31.7495
3.028 -31.6242
3.029 -31.4928
3.03 -31.3553
3.031 -31.2119
3.032 -31.0624
3.033 -30.9069
3.034 -30.7454
3.035 -30.578
3.036 -30.4046
3.037 -30.2252
3.038 -30.04
3.039 -29.8488
3.04 -29.6518
3.041 -29.449
3.042 -29.2404
3.043 -29.026
3.044 -28.806
3.045 -28.5803
3.046 -28.349
3.047 -28.1121
3.048 -27.8698
3.049 -27.622
3.05 -27.3688
3.051 -27.1103
3.052 -26.8465
3.053 -26.5776
3.054 -26.3035
3.055 -26.0243
3.056 -25.7402
3.057 -25.4512
3.058 -25.1574
3.059 -24.8588
3.06 -24.5555
3.061 -24.2476
3.062 -23.9352
3.063 -23.6184
3.064 -23.2972
3.065 -22.9718
3.066 -22.6422
3.067 -22.3084
3.068 -21.9707
3.069 -21.6291
3.07 -21.2836
3.071 -20.9343
3.072 -20.5813
3.073 -20.2248
3.074 -19.8647
3.075 -19.5011
3.076 -19.1342
3.077 -18.764
3.078 -18.3906
3.079 -18.0141
3.08 -17.6344
3.081 -17.2518
3.082 -16.8663
3.083 -16.4779
3.084 -16.0867
3.085 -15.6928
3.086 -15.2963
3.087 -14.8973
3.088 -14.4957
3.089 -14.0917
3.09 -13.6853
3.091 -13.2766
3.092 -12.8657
3.093 -12.4526
3.094 -12.0374
3.095 -11.6201
3.096 -11.2009
3.097 -10.7797
3.098 -10.3566
3.099 -9.93166
3.1 -9.50497
3.101 -9.07657
3.102 -8.64651
3.103 -8.21482
3.104 -7.78157
3.105 -7.3468
3.106 -6.91055
3.107 -6.47287
3.108 -6.03381
3.109 -5.5934
3.11 -5.1517
3.111 -4.70873
3.112 -4.26454
3.113 -3.81915
3.114 -3.37261
3.115 -2.92492
3.116 -2.47613
3.117 -2.02626
3.118 -1.57534
3.119 -1.12339
3.12 -0.670433
3.121 -0.216495
3.122 0.238394
3.123 0.694207
3.124 1.15091
3.125 1.60849
3.126 2.06691
3.127 2.52615
3.128 2.98618
3.129 3.44698
3.13 3.90854
3.131 4.37082
3.132 4.8338
3.133 5.29743
3.134 5.76167
3.135 6.2265
3.136 6.69188
3.137 7.15777
3.138 7.62414
3.139 8.09096
3.14 8.55819
3.141 9.02582
3.142 9.49379
3.143 9.96208
3.144 10.4306
3.145 10.8995
3.146 11.3685
3.147 11.8377
3.148 12.307
3.149 12.7765
3.15 13.2461
3.151 13.7157
3.152 14.1853
3.153 14.6549
3.154 15.1244
3.155 15.5939
3.156 16.0632
3.157 16.5324
3.158 17.0013
3.159 17.47
3.16 17.9385
3.161 18.4066
3.162 18.8744
3.163 19.3418
3.164 19.8088
3.165 20.2753
3.166 20.7413
3.167 21.2067
3.168 21.6715
3.169 22.1356
3.17 22.5991
3.171 23.0619
3.172 23.5238
3.173 23.9849
3.174 24.4451
3.175 24.9044
3.176 25.3626
3.177 25.8197
3.178 26.2756
3.179 26.7303
3.18 27.1838
3.181 27.6359
3.182 28.0867
3.183 28.5359
3.184 28.9834
3.185 29.4293
3.186 29.8735
3.187 30.3157
3.188 30.756
3.189 31.1942
3.19 31.6303
3.191 32.0641
3.192 32.4956
3.193 32.9246
3.194 33.3509
3.195 33.7745
3.196 34.1952
3.197 34.6128
3.198 35.0273
3.199 35.4385
3.2 35.8463
3.201 36.2505
3.202 36.6511
3.203 37.0477
3.204 37.4403
3.205 37.8287
3.206 38.2128
3.207 38.5924
3.208 38.9673
3.209 39.3375
3.21 39.7026
3.211 40.0626
3.212 40.4173
3.213 40.7666
3.214 41.1102
3.215 41.4481
3.216 41.7801
3.217 42.106
3.218 42.4257
3.219 42.739
3.22 43.0457
3.221 43.3457
3.222 43.6389
3.223 43.9251
3.224 44.2043
3.225 44.4762
3.226 44.7407
3.227 44.9978
3.228 45.2472
3.229 45.4889
3.23 45.7228
3.231 45.9486
3.232 46.1664
3.233 46.376
3.234 46.5773
3.235 46.7704
3.236 46.9549
3.237 47.131
3.238 47.2985
3.239 47.4573
3.24 47.6074
3.241 47.7486
3.242 47.881
3.243 48.0045
3.244 48.1191
3.245 48.2247
3.246 48.3213
3.247 48.4089
3.248 48.4875
3.249 48.5569
3.25 48.6173
3.251 48.6685
3.252 48.7106
3.253 48.7436
3.254 48.7674
3.255 48.7822
3.256 48.7878
3.257 48.7841
3.258 48.7716
3.259 48.7502
3.26 48.72
3.261 48.6811
3.262 48.6336
3.263 48.5775
3.264 48.513
3.265 48.4402
3.266 48.3591
3.267 48.27
3.268 48.1729
3.269 48.068
3.27 47.9553
3.271 47.835
3.272 47.7072
3.273 47.5722
3.274 47.4299
3.275 47.2807
3.276 47.1246
3.277 46.9617
3.278 46.7924
3.279 46.6166
3.28 46.4347
3.281 46.2467
3.282 46.0527
3.283 45.8531
3.284 45.6478
3.285 45.4371
3.286 45.2211
3.287 45
3.288 44.7739
3.289 44.543
3.29 44.3075
3.291 44.0675
3.292 43.8231
3.293 43.5745
3.294 43.3219
3.295 43.0653
3.296 42.8049
3.297 42.5409
3.298 42.2733
3.299 42.0023
3.3 41.7281
3.301 41.4507
3.302 41.1703
3.303 40.887
3.304 40.601
3.305 40.3122
3.306 40.0209
3.307 39.7272
3.308 39.4311
3.309 39.1329
3.31 38.8325
3.311 38.5301
3.312 38.2258
3.313 37.9197
3.314 37.6118
3.315 37.3024
3.316 36.9915
3.317 36.6791
3.318 36.3653
3.319 36.0503
3.32 35.7342
3.321 35.417
3.322 35.0987
3.323 34.7796
3.324 34.4597
3.325 34.139
3.326 33.8177
3.327 33.4958
3.328 33.1735
3.329 32.8508
3.33 32.5278
3.331 32.2046
3.332 31.8813
3.333 31.5579
3.334 31.2347
3.335 30.9117
3.336 30.5891
3.337 30.2668
3.338 29.9451
3.339 29.6241
3.34 29.3038
3.341 28.9843
3.342 28.6659
3.343 28.3486
3.344 28.0325
3.345 27.7178
3.346 27.4046
3.347 27.0931
3.348 26.7834
3.349 26.4756
3.35 26.1698
3.351 25.8662
3.352 25.5648
3.353 25.2659
3.354 24.9696
3.355 24.676
3.356 24.3852
3.357 24.0974
3.358 23.8127
3.359 23.5313
3.36 23.2532
3.361 22.9786
3.362 22.7076
3.363 22.4403
3.364 22.1769
3.365 21.9175
3.366 21.6622
3.367 21.411
3.368 21.1643
3.369 20.9219
3.37 20.6841
3.371 20.451
3.372 20.2227
3.373 19.9992
3.374 19.7807
3.375 19.5672
3.376 19.3589
3.377 19.1559
3.378 18.9581
3.379 18.7659
3.38 18.5791
3.381 18.3979
3.382 18.2224
3.383 18.0526
3.384 17.8886
3.385 17.7306
3.386 17.5784
3.387 17.4323
3.388 17.2923
3.389 17.1583
3.39 17.0306
3.391 16.9092
3.392 16.794
3.393 16.6852
3.394 16.5828
3.395 16.4867
3.396 16.3971
3.397 16.314
3.398 16.2373
3.399 16.1672
3.4 16.1036
3.401 16.0466
3.402 15.9962
3.403 15.9523
3.404 15.915
3.405 15.8842
3.406 15.8599
3.407 15.8422
3.408 15.8309
3.409 15.8262
3.41 15.828
3.411 15.8363
3.412 15.851
3.413 15.872
3.414 15.8993
3.415 15.9328
3.416 15.9724
3.417 16.0181
3.418 16.0698
3.419 16.1273
3.42 16.1907
3.421 16.2599
3.422 16.3347
3.423 16.4151
3.424 16.5008
3.425 16.5919
3.426 16.6882
3.427 16.7895
3.428 16.8958
3.429 17.0069
3.43 17.1227
3.431 17.2431
3.432 17.368
3.433 17.4972
3.434 17.6305
3.435 17.7679
3.436 17.9091
3.437 18.0541
3.438 18.2027
3.439 18.3548
3.44 18.5102
3.441 18.6687
3.442 18.8303
3.443 18.9947
3.444 19.1619
3.445 19.3317
3.446 19.504
3.447 19.6785
3.448 19.8553
3.449 20.0341
3.45 20.2147
3.451 20.3971
3.452 20.5812
3.453 20.7667
3.454 20.9537
3.455 21.1419
3.456 21.3314
3.457 21.5218
3.458 21.7133
3.459 21.9056
3.46 22.0986
3.461 22.2922
3.462 22.4864
3.463 22.681
3.464 22.876
3.465 23.0714
3.466 23.2669
3.467 23.4627
3.468 23.6585
3.469 23.8543
3.47 24.05
3.471 24.2456
3.472 24.441
3.473 24.6363
3.474 24.8312
3.475 25.0258
3.476 25.2201
3.477 25.4141
3.478 25.6076
3.479 25.8006
3.48 25.9932
3.481 26.1852
3.482 26.3767
3.483 26.5677
3.484 26.7582
3.485 26.9481
3.486 27.1375
3.487 27.3263
3.488 27.5146
3.489 27.7024
3.49 27.8896
3.491 28.0763
3.492 28.2626
3.493 28.4483
3.494 28.6336
3.495 28.8184
3.496 29.0029
3.497 29.187
3.498 29.3707
3.499 29.5541
3.5 29.7372
3.501 29.9201
3.502 30.1027
3.503 30.2851
3.504 30.4673
3.505 30.6492
3.506 30.8309
3.507 31.0125
3.508 31.1938
3.509 31.3751
3.51 31.5561
3.511 31.737
3.512 31.9178
3.513 32.0983
3.514 32.2786
3.515 32.4586
3.516 32.6383
3.517 32.8177
3.518 32.9966
3.519 33.1752
3.52 33.3533
3.521 33.5309
3.522 33.7079
3.523 33.8842
3.524 34.0598
3.525 34.2346
3.526 34.4084
3.527 34.5812
3.528 34.7529
3.529 34.9233
3.53 35.0925
3.531 35.2603
3.532 35.4266
3.533 35.5912
3.534 35.7541
3.535 35.9151
3.536 36.074
3.537 36.2308
3.538 36.3853
3.539 36.5374
3.54 36.687
3.541 36.8339
3.542 36.978
3.543 37.1192
3.544 37.2572
3.545 37.3921
3.546 37.5235
3.547 37.6515
3.548 37.7758
3.549 37.8963
3.55 38.013
3.551 38.1255
3.552 38.2339
3.553 38.338
3.554 38.4377
3.555 38.5329
3.556 38.6234
3.557 38.7091
3.558 38.79
3.559 38.8658
3.56 38.9366
3.561 39.0021
3.562 39.0623
3.563 39.1171
3.564 39.1665
3.565 39.2102
3.566 39.2484
3.567 39.2808
3.568 39.3074
3.569 39.3281
3.57 39.3429
3.571 39.3517
3.572 39.3543
3.573 39.3508
3.574 39.3411
3.575 39.3252
3.576 39.303
3.577 39.2745
3.578 39.2397
3.579 39.1985
3.58 39.1508
3.581 39.0968
3.582 39.0362
3.583 38.9693
3.584 38.8958
3.585 38.8159
3.586 38.7296
3.587 38.6367
3.588 38.5375
3.589 38.4318
3.59 38.3197
3.591 38.2012
3.592 38.0762
3.593 37.945
3.594 37.8074
3.595 37.6635
3.596 37.5133
3.597 37.3569
3.598 37.1943
3.599 37.0256
3.6 36.8507
3.601 36.6698
3.602 36.4829
3.603 36.29
3.604 36.0912
3.605 35.8866
3.606 35.6762
3.607 35.4601
3.608 35.2383
3.609 35.0109
3.61 34.7781
3.611 34.5397
3.612 34.296
3.613 34.047
3.614 33.7927
3.615 33.5333
3.616 33.2687
3.617 32.9992
3.618 32.7247
3.619 32.4453
3.62 32.1612
3.621 31.8724
3.622 31.5789
3.623 31.2809
3.624 30.9784
3.625 30.6715
3.626 30.3604
3.627 30.045
3.628 29.7256
3.629 29.4021
3.63 29.0747
3.631 28.7434
3.632 28.4083
3.633 28.0696
3.634 27.7273
3.635 27.3815
3.636 27.0322
3.637 26.6797
3.638 26.3239
3.639 25.9649
3.64 25.6029
3.641 25.2379
3.642 24.87
3.643 24.4993
3.644 24.1258
3.645 23.7496
3.646 23.3708
3.647 22.9895
3.648 22.6057
3.649 22.2195
3.65 21.8309
3.651 21.4401
3.652 21.0471
3.653 20.6519
3.654 20.2546
3.655 19.8552
3.656 19.4538
3.657 19.0503
3.658 18.645
3.659 18.2377
3.66 17.8286
3.661 17.4176
3.662 17.0048
3.663 16.5902
3.664 16.1739
3.665 15.7558
3.666 15.3359
3.667 14.9144
3.668 14.4911
3.669 14.066
3.67 13.6393
3.671 13.2109
3.672 12.7808
3.673 12.349
3.674 11.9154
3.675 11.4801
3.676 11.0431
3.677 10.6043
3.678 10.1638
3.679 9.72146
3.68 9.27732
3.681 8.83138
3.682 8.38361
3.683 7.93402
3.684 7.48261
3.685 7.02936
3.686 6.57428
3.687 6.11735
3.688 5.65858
3.689 5.19794
3.69 4.73544
3.691 4.27108
3.692 3.8049
3.693 3.33694
3.694 2.86726
3.695 2.39591
3.696 1.92293
3.697 1.44837
3.698 0.972287
3.699 0.494716
3.7 0.0157066
3.701 -0.46468
3.702 -0.946352
3.703 -1.4292
3.704 -1.91312
3.705 -2.398
3.706 -2.88375
3.707 -3.37025
3.708 -3.85739
3.709 -4.34509
3.71 -4.83323
3.711 -5.32171
3.712 -5.81038
3.713 -6.29911
3.714 -6.78774
3.715 -7.27615
3.716 -7.76417
3.717 -8.25168
3.718 -8.73853
3.719 -9.22459
3.72 -9.7097
3.721 -10.1937
3.722 -10.6765
3.723 -11.1579
3.724 -11.6378
3.725 -12.1159
3.726 -12.5922
3.727 -13.0664
3.728 -13.5384
3.729 -14.0082
3.73 -14.4754
3.731 -14.94
3.732 -15.4018
3.733 -15.8606
3.734 -16.3164
3.735 -16.7688
3.736 -17.2179
3.737 -17.6635
3.738 -18.1053
3.739 -18.5433
3.74 -18.9773
3.741 -19.4072
3.742 -19.8328
3.743 -20.2539
3.744 -20.6706
3.745 -21.0825
3.746 -21.4896
3.747 -21.8918
3.748 -22.2889
3.749 -22.6808
3.75 -23.0674
3.751 -23.4485
3.752 -23.824
3.753 -24.1939
3.754 -24.5579
3.755 -24.9161
3.756 -25.2682
3.757 -25.6143
3.758 -25.9542
3.759 -26.2877
3.76 -26.6149
3.761 -26.9355
3.762 -27.2496
3.763 -27.557
3.764 -27.8578
3.765 -28.1518
3.766 -28.4389
3.767 -28.7193
3.768 -28.9927
3.769 -29.2591
3.77 -29.5184
3.771 -29.7707
3.772 -30.0159
3.773 -30.254
3.774 -30.4851
3.775 -30.709
3.776 -30.9259
3.777 -31.1357
3.778 -31.3384
3.779 -31.5341
3.78 -31.7227
3.781 -31.9044
3.782 -32.079
3.783 -32.2467
3.784 -32.4075
3.785 -32.5615
3.786 -32.7088
3.787 -32.8494
3.788 -32.9834
3.789 -33.1109
3.79 -33.2318
3.791 -33.3463
3.792 -33.4544
3.793 -33.5563
3.794 -33.6521
3.795 -33.7418
3.796 -33.8255
3.797 -33.9033
3.798 -33.9754
3.799 -34.0418
3.8 -34.1026
3.801 -34.1579
3.802 -34.2078
3.803 -34.2524
3.804 -34.2919
3.805 -34.3262
3.806 -34.3556
3.807 -34.3801
3.808 -34.3998
3.809 -34.4149
3.81 -34.4253
3.811 -34.4312
3.812 -34.4327
3.813 -34.4298
3.814 -34.4227
3.815 -34.4116
3.816 -34.3967
3.817 -34.3779
3.818 -34.3554
3.819 -34.3293
3.82 -34.2998
3.821 -34.2669
3.822 -34.2308
3.823 -34.1914
3.824 -34.1491
3.825 -34.1037
3.826 -34.0556
3.827 -34.0047
3.828 -33.9511
3.829 -33.8951
3.83 -33.8366
3.831 -33.7758
3.832 -33.7129
3.833 -33.6477
3.834 -33.5806
3.835 -33.5116
3.836 -33.4407
3.837 -33.3682
3.838 -33.2939
3.839 -33.2182
3.84 -33.1411
3.841 -33.0626
3.842 -32.9828
3.843 -32.9019
3.844 -32.8199
3.845 -32.7368
3.846 -32.6528
3.847 -32.5679
3.848 -32.4822
3.849 -32.3958
3.85 -32.3088
3.851 -32.2212
3.852 -32.133
3.853 -32.0443
3.854 -31.9551
3.855 -31.8655
3.856 -31.7755
3.857 -31.6851
3.858 -31.5944
3.859 -31.5033
3.86 -31.412
3.861 -31.3204
3.862 -31.2286
3.863 -31.1365
3.864 -31.0441
3.865 -30.9513
3.866 -30.8583
3.867 -30.765
3.868 -30.6713
3.869 -30.5773
3.87 -30.483
3.871 -30.3882
3.872 -30.2931
3.873 -30.1976
3.874 -30.1016
3.875 -30.0051
3.876 -29.9081
3.877 -29.8106
3.878 -29.7125
3.879 -29.6138
3.88 -29.5145
3.881 -29.4146
3.882 -29.314
3.883 -29.2127
3.884 -29.1106
3.885 -29.0079
3.886 -28.9043
3.887 -28.8
3.888 -28.6949
3.889 -28.5889
3.89 -28.482
3.891 -28.3743
3.892 -28.2657
3.893 -28.1561
3.894 -28.0456
3.895 -27.9342
3.896 -27.8217
3.897 -27.7083
3.898 -27.5939
3.899 -27.4784
3.9 -27.3619
3.901 -27.2443
3.902 -27.1256
3.903 -27.0058
3.904 -26.885
3.905 -26.763
3.906 -26.6398
3.907 -26.5156
3.908 -26.3901
3.909 -26.2636
3.91 -26.1358
3.911 -26.0068
3.912 -25.8766
3.913 -25.7452
3.914 -25.6126
3.915 -25.4787
3.916 -25.3436
3.917 -25.2072
3.918 -25.0696
3.919 -24.9307
3.92 -24.7906
3.921 -24.6491
3.922 -24.5064
3.923 -24.3623
3.924 -24.217
3.925 -24.0705
3.926 -23.9226
3.927 -23.7735
3.928 -23.6231
3.929 -23.4715
3.93 -23.3186
3.931 -23.1644
3.932 -23.0091
3.933 -22.8525
3.934 -22.6947
3.935 -22.5358
3.936 -22.3758
3.937 -22.2146
3.938 -22.0524
3.939 -21.8891
3.94 -21.7248
3.941 -21.5595
3.942 -21.3932
3.943 -21.226
3.944 -21.0579
3.945 -20.889
3.946 -20.7193
3.947 -20.5488
3.948 -20.3777
3.949 -20.2059
3.95 -20.0334
3.951 -19.8604
3.952 -19.6869
3.953 -19.5129
3.954 -19.3385
3.955 -19.1638
3.956 -18.9888
3.957 -18.8135
3.958 -18.6381
3.959 -18.4626
3.96 -18.287
3.961 -18.1113
3.962 -17.9358
3.963 -17.7604
3.964 -17.5852
3.965 -17.4103
3.966 -17.2358
3.967 -17.0617
3.968 -16.8881
3.969 -16.7151
3.97 -16.5427
3.971 -16.371
3.972 -16.2002
3.973 -16.0303
3.974 -15.8613
3.975 -15.6933
3.976 -15.5265
3.977 -15.361
3.978 -15.1967
3.979 -15.0338
3.98 -14.8723
3.981 -14.7124
3.982 -14.5541
3.983 -14.3975
3.984 -14.2427
3.985 -14.0897
3.986 -13.9386
3.987 -13.7895
3.988 -13.6425
3.989 -13.4976
3.99 -13.3549
3.991 -13.2145
3.992 -13.0764
3.993 -12.9407
3.994 -12.8074
3.995 -12.6765
3.996 -12.5482
3.997 -12.4224
3.998 -12.2992
3.999 -12.1786
4 -12.0606
4.001 -11.9453
4.002 -11.8328
4.003 -11.7229
4.004 -11.6156
4.005 -11.5111
4.006 -11.4092
4.007 -11.3099
4.008 -11.2132
4.009 -11.1192
4.01 -11.0277
4.011 -10.9388
4.012 -10.8525
4.013 -10.7685
4.014 -10.687
4.015 -10.6079
4.016 -10.531
4.017 -10.4564
4.018 -10.3839
4.019 -10.3135
4.02 -10.2452
4.021 -10.1788
4.022 -10.1143
4.023 -10.0517
4.024 -9.99081
4.025 -9.9316
4.026 -9.87399
4.027 -9.8179
4.028 -9.76326
4.029 -9.70999
4.03 -9.65801
4.031 -9.60725
4.032 -9.55765
4.033 -9.50914
4.034 -9.46168
4.035 -9.4152
4.036 -9.36964
4.037 -9.32494
4.038 -9.28105
4.039 -9.23791
4.04 -9.19546
4.041 -9.15365
4.042 -9.11243
4.043 -9.07179
4.044 -9.03167
4.045 -8.99206
4.046 -8.95291
4.047 -8.91421
4.048 -8.8759
4.049 -8.83796
4.05 -8.80037
4.051 -8.76308
4.052 -8.72608
4.053 -8.68935
4.054 -8.65287
4.055 -8.61662
4.056 -8.58059
4.057 -8.54475
4.058 -8.50909
4.059 -8.47359
4.06 -8.43823
4.061 -8.40299
4.062 -8.36785
4.063 -8.33279
4.064 -8.29779
4.065 -8.26282
4.066 -8.22786
4.067 -8.1929
4.068 -8.15791
4.069 -8.12286
4.07 -8.08775
4.071 -8.05253
4.072 -8.01719
4.073 -7.98169
4.074 -7.946
4.075 -7.91009
4.076 -7.87392
4.077 -7.83747
4.078 -7.8007
4.079 -7.76359
4.08 -7.7261
4.081 -7.6882
4.082 -7.64984
4.083 -7.61099
4.084 -7.57161
4.085 -7.53164
4.086 -7.49106
4.087 -7.44981
4.088 -7.40785
4.089 -7.36515
4.09 -7.32166
4.091 -7.27735
4.092 -7.23217
4.093 -7.1861
4.094 -7.13911
4.095 -7.09116
4.096 -7.04222
4.097 -6.99226
4.098 -6.94125
4.099 -6.88916
4.1 -6.83595
4.101 -6.78161
4.102 -6.72612
4.103 -6.66948
4.104 -6.6117
4.105 -6.55276
4.106 -6.49266
4.107 -6.43141
4.108 -6.369
4.109 -6.30544
4.11 -6.24071
4.111 -6.17482
4.112 -6.10778
4.113 -6.03961
4.114 -5.97033
4.115 -5.89994
4.116 -5.82846
4.117 -5.75591
4.118 -5.68231
4.119 -5.60766
4.12 -5.53198
4.121 -5.45529
4.122 -5.3776
4.123 -5.29892
4.124 -5.21926
4.125 -5.13864
4.126 -5.05706
4.127 -4.97455
4.128 -4.89111
4.129 -4.80675
4.13 -4.72149
4.131 -4.63533
4.132 -4.54826
4.133 -4.46028
4.134 -4.37136
4.135 -4.2815
4.136 -4.19068
4.137 -4.09889
4.138 -4.00611
4.139 -3.91234
4.14 -3.81756
4.141 -3.72175
4.142 -3.62486
4.143 -3.52685
4.144 -3.42768
4.145 -3.32728
4.146 -3.22561
4.147 -3.12263
4.148 -3.01828
4.149 -2.91251
4.15 -2.80529
4.151 -2.69654
4.152 -2.58622
4.153 -2.47426
4.154 -2.3606
4.155 -2.24516
4.156 -2.12788
4.157 -2.0087
4.158 -1.88756
4.159 -1.76438
4.16 -1.63911
4.161 -1.51168
4.162 -1.38204
4.163 -1.25013
4.164 -1.11591
4.165 -0.97931
4.166 -0.840287
4.167 -0.698785
4.168 -0.554752
4.169 -0.408134
4.17 -0.258881
4.171 -0.106946
4.172 0.047697
4.173 0.205069
4.174 0.36519
4.175 0.528079
4.176 0.693756
4.177 0.862241
4.178 1.03355
4.179 1.20771
4.18 1.38473
4.181 1.56463
4.182 1.7474
4.183 1.93301
4.184 2.12145
4.185 2.31269
4.186 2.50673
4.187 2.70353
4.188 2.90308
4.189 3.10536
4.19 3.31036
4.191 3.51803
4.192 3.72833
4.193 3.94121
4.194 4.1566
4.195 4.37445
4.196 4.5947
4.197 4.81729
4.198 5.04216
4.199 5.26926
4.2 5.49852
4.201 5.72988
4.202 5.96325
4.203 6.19854
4.204 6.43566
4.205 6.6745
4.206 6.91498
4.207 7.157
4.208 7.40046
4.209 7.64528
4.21 7.89136
4.211 8.1386
4.212 8.38688
4.213 8.63608
4.214 8.88609
4.215 9.13677
4.216 9.38801
4.217 9.63969
4.218 9.89169
4.219 10.1439
4.22 10.3962
4.221 10.6484
4.222 10.9005
4.223 11.1522
4.224 11.4035
4.225 11.6542
4.226 11.9043
4.227 12.1534
4.228 12.4016
4.229 12.6487
4.23 12.8946
4.231 13.1391
4.232 13.3821
4.233 13.6234
4.234 13.863
4.235 14.1008
4.236 14.3365
4.237 14.5701
4.238 14.8014
4.239 15.0303
4.24 15.2568
4.241 15.4805
4.242 15.7016
4.243 15.9198
4.244 16.135
4.245 16.3472
4.246 16.5562
4.247 16.7619
4.248 16.9643
4.249 17.1632
4.25 17.3585
4.251 17.5501
4.252 17.738
4.253 17.922
4.254 18.1021
4.255 18.2782
4.256 18.4502
4.257 18.6181
4.258 18.7818
4.259 18.9412
4.26 19.0962
4.261 19.2467
4.262 19.3928
4.263 19.5343
4.264 19.6713
4.265 19.8036
4.266 19.9313
4.267 20.0543
4.268 20.1725
4.269 20.2859
4.27 20.3945
4.271 20.4982
4.272 20.597
4.273 20.6909
4.274 20.7798
4.275 20.8637
4.276 20.9427
4.277 21.0167
4.278 21.0856
4.279 21.1494
4.28 21.2082
4.281 21.2619
4.282 21.3105
4.283 21.3539
4.284 21.3922
4.285 21.4253
4.286 21.4532
4.287 21.4759
4.288 21.4934
4.289 21.5057
4.29 21.5126
4.291 21.5141
4.292 21.5103
4.293 21.5011
4.294 21.4865
4.295 21.4666
4.296 21.4414
4.297 21.4107
4.298 21.3747
4.299 21.3332
4.3 21.2863
4.301 21.234
4.302 21.1763
4.303 21.113
4.304 21.0443
4.305 20.9701
4.306 20.8904
4.307 20.8052
4.308 20.7144
4.309 20.6181
4.31 20.5162
4.311 20.4088
4.312 20.2959
4.313 20.1773
4.314 20.0532
4.315 19.9236
4.316 19.7883
4.317 19.6475
4.318 19.5012
4.319 19.3492
4.32 19.1918
4.321 19.0288
4.322 18.8602
4.323 18.6862
4.324 18.5067
4.325 18.3217
4.326 18.1313
4.327 17.9354
4.328 17.7342
4.329 17.5276
4.33 17.3157
4.331 17.0985
4.332 16.876
4.333 16.6483
4.334 16.4155
4.335 16.1775
4.336 15.9344
4.337 15.6864
4.338 15.4333
4.339 15.1753
4.34 14.9124
4.341 14.6447
4.342 14.3722
4.343 14.095
4.344 13.8131
4.345 13.5267
4.346 13.2357
4.347 12.9403
4.348 12.6405
4.349 12.3363
4.35 12.0279
4.351 11.7153
4.352 11.3985
4.353 11.0777
4.354 10.7529
4.355 10.4242
4.356 10.0917
4.357 9.75539
4.358 9.41544
4.359 9.07187
4.36 8.72477
4.361 8.37421
4.362 8.02027
4.363 7.66305
4.364 7.30262
4.365 6.93908
4.366 6.57251
4.367 6.203
4.368 5.83063
4.369 5.45549
4.37 5.07765
4.371 4.69721
4.372 4.31425
4.373 3.92887
4.374 3.54115
4.375 3.15118
4.376 2.75906
4.377 2.36488
4.378 1.96871
4.379 1.57065
4.38 1.17079
4.381 0.769202
4.382 0.365975
4.383 -0.0388107
4.384 -0.445075
4.385 -0.852738
4.386 -1.26172
4.387 -1.67195
4.388 -2.08335
4.389 -2.49583
4.39 -2.90934
4.391 -3.32379
4.392 -3.73913
4.393 -4.15529
4.394 -4.5722
4.395 -4.98982
4.396 -5.40808
4.397 -5.82693
4.398 -6.24631
4.399 -6.66616
4.4 -7.08644
4.401 -7.50708
4.402 -7.92806
4.403 -8.34932
4.404 -8.77082
4.405 -9.19253
4.406 -9.61441
4.407 -10.0364
4.408 -10.4585
4.409 -10.8807
4.41 -11.3029
4.411 -11.7251
4.412 -12.1473
4.413 -12.5694
4.414 -12.9915
4.415 -13.4134
4.416 -13.8353
4.417 -14.257
4.418 -14.6785
4.419 -15.0999
4.42 -15.5211
4.421 -15.9421
4.422 -16.3629
4.423 -16.7834
4.424 -17.2037
4.425 -17.6237
4.426 -18.0435
4.427 -18.463
4.428 -18.8821
4.429 -19.301
4.43 -19.7195
4.431 -20.1377
4.432 -20.5556
4.433 -20.9731
4.434 -21.3902
4.435 -21.8069
4.436 -22.2232
4.437 -22.639
4.438 -23.0544
4.439 -23.4694
4.44 -23.8838
4.441 -24.2978
4.442 -24.7112
4.443 -25.1241
4.444 -25.5364
4.445 -25.9481
4.446 -26.3592
4.447 -26.7696
4.448 -27.1794
4.449 -27.5884
4.45 -27.9967
4.451 -28.4043
4.452 -28.811
4.453 -29.2169
4.454 -29.6219
4.455 -30.026
4.456 -30.429
4.457 -30.8311
4.458 -31.232
4.459 -31.6318
4.46 -32.0305
4.461 -32.4279
4.462 -32.824
4.463 -33.2187
4.464 -33.612
4.465 -34.0037
4.466 -34.3938
4.467 -34.7822
4.468 -35.1687
4.469 -35.5534
4.47 -35.9362
4.471 -36.3169
4.472 -36.6954
4.473 -37.0717
4.474 -37.4456
4.475 -37.817
4.476 -38.1858
4.477 -38.5518
4.478 -38.9149
4.479 -39.2751
4.48 -39.6322
4.481 -39.9861
4.482 -40.3366
4.483 -40.6836
4.484 -41.0271
4.485 -41.3668
4.486 -41.7026
4.487 -42.0345
4.488 -42.3622
4.489 -42.6857
4.49 -43.0047
4.491 -43.3193
4.492 -43.6292
4.493 -43.9344
4.494 -44.2347
4.495 -44.5301
4.496 -44.8203
4.497 -45.1054
4.498 -45.3852
4.499 -45.6597
4.5 -45.9285
4.501 -46.1918
4.502 -46.4494
4.503 -46.7013
4.504 -46.9473
4.505 -47.1875
4.506 -47.4217
4.507 -47.6499
4.508 -47.8721
4.509 -48.0882
4.51 -48.298
4.511 -48.5017
4.512 -48.699
4.513 -48.8902
4.514 -49.075
4.515 -49.2535
4.516 -49.4258
4.517 -49.5917
4.518 -49.7513
4.519 -49.9045
4.52 -50.0514
4.521 -50.192
4.522 -50.3262
4.523 -50.4542
4.524 -50.5758
4.525 -50.6912
4.526 -50.8004
4.527 -50.9033
4.528 -51.0001
4.529 -51.0908
4.53 -51.1753
4.531 -51.2537
4.532 -51.3261
4.533 -51.3925
4.534 -51.4529
4.535 -51.5074
4.536 -51.5561
4.537 -51.5988
4.538 -51.6358
4.539 -51.667
4.54 -51.6925
4.541 -51.7123
4.542 -51.7265
4.543 -51.735
4.544 -51.7378
4.545 -51.7351
4.546 -51.7269
4.547 -51.7134
4.548 -51.6947
4.549 -51.6707
4.55 -51.6417
4.551 -51.6075
4.552 -51.5683
4.553 -51.5241
4.554 -51.4751
4.555 -51.4211
4.556 -51.3623
4.557 -51.2987
4.558 -51.2305
4.559 -51.1576
4.56 -51.0801
4.561 -50.998
4.562 -50.9115
4.563 -50.8206
4.564 -50.7252
4.565 -50.6256
4.566 -50.5216
4.567 -50.4133
4.568 -50.3009
4.569 -50.1844
4.57 -50.0637
4.571 -49.939
4.572 -49.8103
4.573 -49.6777
4.574 -49.5412
4.575 -49.4008
4.576 -49.2565
4.577 -49.1085
4.578 -48.9568
4.579 -48.8014
4.58 -48.6424
4.581 -48.4798
4.582 -48.3137
4.583 -48.1441
4.584 -47.9711
4.585 -47.7946
4.586 -47.6148
4.587 -47.4316
4.588 -47.2452
4.589 -47.0556
4.59 -46.8627
4.591 -46.6668
4.592 -46.4677
4.593 -46.2656
4.594 -46.0604
4.595 -45.8522
4.596 -45.641
4.597 -45.4269
4.598 -45.2099
4.599 -44.99
4.6 -44.7673
4.601 -44.5418
4.602 -44.3135
4.603 -44.0824
4.604 -43.8485
4.605 -43.6119
4.606 -43.3726
4.607 -43.1305
4.608 -42.8858
4.609 -42.6383
4.61 -42.3882
4.611 -42.1354
4.612 -41.8799
4.613 -41.6218
4.614 -41.361
4.615 -41.0974
4.616 -40.8312
4.617 -40.5622
4.618 -40.2905
4.619 -40.0161
4.62 -39.7388
4.621 -39.4588
4.622 -39.176
4.623 -38.8904
4.624 -38.6019
4.625 -38.3105
4.626 -38.0161
4.627 -37.7188
4.628 -37.4186
4.629 -37.1153
4.63 -36.809
4.631 -36.4996
4.632 -36.1871
4.633 -35.8714
4.634 -35.5526
4.635 -35.2306
4.636 -34.9054
4.637 -34.5769
4.638 -34.2451
4.639 -33.91
4.64 -33.5716
4.641 -33.2297
4.642 -32.8845
4.643 -32.5358
4.644 -32.1837
4.645 -31.8281
4.646 -31.469
4.647 -31.1064
4.648 -30.7402
4.649 -30.3704
4.65 -29.9971
4.651 -29.6201
4.652 -29.2395
4.653 -28.8552
4.654 -28.4673
4.655 -28.0758
4.656 -27.6806
4.657 -27.2818
4.658 -26.8794
4.659 -26.4733
4.66 -26.0635
4.661 -25.6501
4.662 -25.2331
4.663 -24.8125
4.664 -24.3884
4.665 -23.9609
4.666 -23.5299
4.667 -23.0955
4.668 -22.6578
4.669 -22.2168
4.67 -21.7726
4.671 -21.3252
4.672 -20.8747
4.673 -20.4211
4.674 -19.9647
4.675 -19.5055
4.676 -19.0436
4.677 -18.5792
4.678 -18.1122
4.679 -17.6428
4.68 -17.1712
4.681 -16.6973
4.682 -16.2214
4.683 -15.7436
4.684 -15.2641
4.685 -14.7829
4.686 -14.3002
4.687 -13.8161
4.688 -13.3308
4.689 -12.8445
4.69 -12.3572
4.691 -11.8691
4.692 -11.3804
4.693 -10.8912
4.694 -10.4016
4.695 -9.91183
4.696 -9.422
4.697 -8.93228
4.698 -8.4428
4.699 -7.95373
4.7 -7.46519
4.701 -6.97734
4.702 -6.49032
4.703 -6.00427
4.704 -5.51932
4.705 -5.03562
4.706 -4.5533
4.707 -4.0725
4.708 -3.59335
4.709 -3.11599
4.71 -2.64055
4.711 -2.16716
4.712 -1.69594
4.713 -1.22702
4.714 -0.760512
4.715 -0.296534
4.716 0.164795
4.717 0.623357
4.718 1.07904
4.719 1.53172
4.72 1.98129
4.721 2.42764
4.722 2.87066
4.723 3.31024
4.724 3.74628
4.725 4.17867
4.726 4.60731
4.727 5.0321
4.728 5.45294
4.729 5.86972
4.73 6.28234
4.731 6.69071
4.732 7.09472
4.733 7.4943
4.734 7.88934
4.735 8.27975
4.736 8.66546
4.737 9.04635
4.738 9.42236
4.739 9.79337
4.74 10.1593
4.741 10.5201
4.742 10.8757
4.743 11.2259
4.744 11.5708
4.745 11.9102
4.746 12.244
4.747 12.5723
4.748 12.8948
4.749 13.2117
4.75 13.5227
4.751 13.8278
4.752 14.1269
4.753 14.42
4.754 14.707
4.755 14.9879
4.756 15.2626
4.757 15.5309
4.758 15.793
4.759 16.0486
4.76 16.2978
4.761 16.5405
4.762 16.7766
4.763 17.006
4.764 17.2287
4.765 17.4446
4.766 17.6537
4.767 17.8558
4.768 18.0509
4.769 18.2389
4.77 18.4198
4.771 18.5935
4.772 18.7598
4.773 18.9188
4.774 19.0704
4.775 19.2143
4.776 19.3506
4.777 19.4792
4.778 19.5999
4.779 19.7128
4.78 19.8176
4.781 19.9144
4.782 20.0029
4.783 20.0833
4.784 20.1552
4.785 20.2187
4.786 20.2737
4.787 20.3201
4.788 20.3577
4.789 20.3865
4.79 20.4064
4.791 20.4172
4.792 20.4187
4.793 20.4109
4.794 20.3939
4.795 20.3676
4.796 20.3321
4.797 20.2872
4.798 20.2329
4.799 20.1691
4.8 20.0958
4.801 20.013
4.802 19.9207
4.803 19.8188
4.804 19.7074
4.805 19.5864
4.806 19.4558
4.807 19.3157
4.808 19.1661
4.809 19.0069
4.81 18.8382
4.811 18.6601
4.812 18.4725
4.813 18.2755
4.814 18.0692
4.815 17.8536
4.816 17.6288
4.817 17.3948
4.818 17.1517
4.819 16.8996
4.82 16.6386
4.821 16.3686
4.822 16.0899
4.823 15.8024
4.824 15.5063
4.825 15.2017
4.826 14.8886
4.827 14.5672
4.828 14.2375
4.829 13.8996
4.83 13.5537
4.831 13.1998
4.832 12.838
4.833 12.4684
4.834 12.0911
4.835 11.7061
4.836 11.3137
4.837 10.9139
4.838 10.5067
4.839 10.0923
4.84 9.67079
4.841 9.24224
4.842 8.80676
4.843 8.36444
4.844 7.91536
4.845 7.45963
4.846 6.99733
4.847 6.52855
4.848 6.05338
4.849 5.57191
4.85 5.0842
4.851 4.59037
4.852 4.0905
4.853 3.5847
4.854 3.0731
4.855 2.55578
4.856 2.03285
4.857 1.50442
4.858 0.970588
4.859 0.431451
4.86 -0.112891
4.861 -0.662326
4.862 -1.21671
4.863 -1.7759
4.864 -2.33972
4.865 -2.90803
4.866 -3.48068
4.867 -4.05752
4.868 -4.6384
4.869 -5.22317
4.87 -5.8117
4.871 -6.40382
4.872 -6.99934
4.873 -7.59808
4.874 -8.19983
4.875 -8.80439
4.876 -9.41158
4.877 -10.0212
4.878 -10.6331
4.879 -11.247
4.88 -11.8627
4.881 -12.4802
4.882 -13.0991
4.883 -13.7193
4.884 -14.3405
4.885 -14.9626
4.886 -15.5853
4.887 -16.2083
4.888 -16.8316
4.889 -17.4549
4.89 -18.078
4.891 -18.7006
4.892 -19.3227
4.893 -19.944
4.894 -20.5643
4.895 -21.1834
4.896 -21.8012
4.897 -22.4174
4.898 -23.0319
4.899 -23.6444
4.9 -24.2549
4.901 -24.863
4.902 -25.4688
4.903 -26.0719
4.904 -26.6724
4.905 -27.27
4.906 -27.8646
4.907 -28.4561
4.908 -29.0443
4.909 -29.6292
4.91 -30.2105
4.911 -30.7881
4.912 -31.362
4.913 -31.9321
4.914 -32.4983
4.915 -33.0605
4.916 -33.6187
4.917 -34.1728
4.918 -34.7227
4.919 -35.2684
4.92 -35.8097
4.921 -36.3467
4.922 -36.8793
4.923 -37.4074
4.924 -37.9312
4.925 -38.4505
4.926 -38.9655
4.927 -39.476
4.928 -39.9821
4.929 -40.4837
4.93 -40.9809
4.931 -41.4737
4.932 -41.9621
4.933 -42.4461
4.934 -42.9257
4.935 -43.4011
4.936 -43.8721
4.937 -44.3389
4.938 -44.8016
4.939 -45.26
4.94 -45.7143
4.941 -46.1644
4.942 -46.6105
4.943 -47.0526
4.944 -47.4906
4.945 -47.9247
4.946 -48.3548
4.947 -48.7811
4.948 -49.2034
4.949 -49.622
4.95 -50.0367
4.951 -50.4477
4.952 -50.8549
4.953 -51.2584
4.954 -51.6581
4.955 -52.0542
4.956 -52.4466
4.957 -52.8354
4.958 -53.2204
4.959 -53.6019
4.96 -53.9797
4.961 -54.354
4.962 -54.7246
4.963 -55.0916
4.964 -55.4551
4.965 -55.8149
4.966 -56.1712
4.967 -56.5238
4.968 -56.8728
4.969 -57.2182
4.97 -57.56
4.971 -57.8982
4.972 -58.2328
4.973 -58.5637
4.974 -58.891
4.975 -59.2146
4.976 -59.5345
4.977 -59.8508
4.978 -60.1633
4.979 -60.472
4.98 -60.7771
4.981 -61.0784
4.982 -61.3759
4.983 -61.6696
4.984 -61.9595
4.985 -62.2456
4.986 -62.5278
4.987 -62.8062
4.988 -63.0807
4.989 -63.3512
4.99 -63.6179
4.991 -63.8807
4.992 -64.1395
4.993 -64.3943
4.994 -64.6452
4.995 -64.8921
4.996 -65.135
4.997 -65.374
4.998 -65.6089
4.999 -65.8399
5 -66.0668
5.001 -66.2897
5.002 -66.5086
5.003 -66.7234
5.004 -66.9343
5.005 -67.1412
5.006 -67.3441
5.007 -67.543
5.008 -67.7379
5.009 -67.9289
5.01 -68.1159
5.011 -68.299
5.012 -68.4781
5.013 -68.6534
5.014 -68.8247
5.015 -68.9922
5.016 -69.1559
5.017 -69.3157
5.018 -69.4716
5.019 -69.6238
5.02 -69.7722
5.021 -69.9169
5.022 -70.0578
5.023 -70.195
5.024 -70.3284
5.025 -70.4582
5.026 -70.5844
5.027 -70.7068
5.028 -70.8257
5.029 -70.9409
5.03 -71.0525
5.031 -71.1605
5.032 -71.265
5.033 -71.3659
5.034 -71.4632
5.035 -71.5571
5.036 -71.6474
5.037 -71.7341
5.038 -71.8174
5.039 -71.8972
5.04 -71.9735
5.041 -72.0463
5.042 -72.1157
5.043 -72.1816
5.044 -72.244
5.045 -72.303
5.046 -72.3585
5.047 -72.4105
5.048 -72.4591
5.049 -72.5042
5.05 -72.5458
5.051 -72.5839
5.052 -72.6186
5.053 -72.6498
5.054 -72.6775
5.055 -72.7017
5.056 -72.7223
5.057 -72.7394
5.058 -72.753
5.059 -72.7631
5.06 -72.7695
5.061 -72.7723
5.062 -72.7714
5.063 -72.7669
5.064 -72.7588
5.065 -72.7472
5.066 -72.732
5.067 -72.7132
5.068 -72.6909
5.069 -72.6649
5.07 -72.6353
5.071 -72.6022
5.072 -72.5655
5.073 -72.5251
5.074 -72.4811
5.075 -72.4335
5.076 -72.3823
5.077 -72.3274
5.078 -72.2689
5.079 -72.2068
5.08 -72.1411
5.081 -72.0717
5.082 -71.9987
5.083 -71.922
5.084 -71.8417
5.085 -71.7577
5.086 -71.6702
5.087 -71.5789
5.088 -71.4841
5.089 -71.3856
5.09 -71.2834
5.091 -71.1777
5.092 -71.0683
5.093 -70.9553
5.094 -70.8387
5.095 -70.7185
5.096 -70.5947
5.097 -70.4673
5.098 -70.3363
5.099 -70.2018
5.1 -70.0637
5.101 -69.922
5.102 -69.7768
5.103 -69.6281
5.104 -69.4759
5.105 -69.3202
5.106 -69.1611
5.107 -68.9985
5.108 -68.8325
5.109 -68.663
5.11 -68.4902
5.111 -68.3141
5.112 -68.1345
5.113 -67.9517
5.114 -67.7656
5.115 -67.5762
5.116 -67.3836
5.117 -67.1878
5.118 -66.9889
5.119 -66.7867
5.12 -66.5815
5.121 -66.3731
5.122 -66.1617
5.123 -65.9473
5.124 -65.7299
5.125 -65.5095
5.126 -65.2862
5.127 -65.06
5.128 -64.831
5.129 -64.5992
5.13 -64.3645
5.131 -64.1272
5.132 -63.8871
5.133 -63.6444
5.134 -63.399
5.135 -63.1511
5.136 -62.9005
5.137 -62.6475
5.138 -62.392
5.139 -62.1341
5.14 -61.8737
5.141 -61.611
5.142 -61.3459
5.143 -61.0785
5.144 -60.8089
5.145 -60.537
5.146 -60.2629
5.147 -59.9867
5.148 -59.7084
5.149 -59.4279
5.15 -59.1454
5.151 -58.8608
5.152 -58.5742
5.153 -58.2857
5.154 -57.9952
5.155 -57.7029
5.156 -57.4086
5.157 -57.1125
5.158 -56.8146
5.159 -56.5149
5.16 -56.2134
5.161 -55.9102
5.162 -55.6054
5.163 -55.2988
5.164 -54.9906
5.165 -54.6808
5.166 -54.3694
5.167 -54.0564
5.168 -53.7419
5.169 -53.426
5.17 -53.1085
5.171 -52.7896
5.172 -52.4693
5.173 -52.1476
5.174 -51.8246
5.175 -51.5002
5.176 -51.1745
5.177 -50.8475
5.178 -50.5194
5.179 -50.1899
5.18 -49.8593
5.181 -49.5276
5.182 -49.1947
5.183 -48.8607
5.184 -48.5256
5.185 -48.1895
5.186 -47.8524
5.187 -47.5143
5.188 -47.1753
5.189 -46.8354
5.19 -46.4946
5.191 -46.1529
5.192 -45.8104
5.193 -45.4671
5.194 -45.1231
5.195 -44.7784
5.196 -44.433
5.197 -44.0869
5.198 -43.7403
5.199 -43.3931
5.2 -43.0454
5.201 -42.6971
5.202 -42.3484
5.203 -41.9993
5.204 -41.6498
5.205 -41.2999
5.206 -40.9497
5.207 -40.5993
5.208 -40.2486
5.209 -39.8977
5.21 -39.5466
5.211 -39.1954
5.212 -38.8441
5.213 -38.4927
5.214 -38.1413
5.215 -37.79
5.216 -37.4386
5.217 -37.0874
5.218 -36.7363
5.219 -36.3853
5.22 -36.0345
5.221 -35.684
5.222 -35.3337
5.223 -34.9837
5.224 -34.634
5.225 -34.2846
5.226 -33.9357
5.227 -33.5871
5.228 -33.239
5.229 -32.8913
5.23 -32.5441
5.231 -32.1975
5.232 -31.8513
5.233 -31.5058
5.234 -31.1608
5.235 -30.8165
5.236 -30.4727
5.237 -30.1296
5.238 -29.7872
5.239 -29.4455
5.24 -29.1044
5.241 -28.7641
5.242 -28.4245
5.243 -28.0856
5.244 -27.7475
5.245 -27.4101
5.246 -27.0735
5.247 -26.7376
5.248 -26.4026
5.249 -26.0683
5.25 -25.7348
5.251 -25.402
5.252 -25.0701
5.253 -24.739
5.254 -24.4086
5.255 -24.0791
5.256 -23.7503
5.257 -23.4222
5.258 -23.095
5.259 -22.7685
5.26 -22.4427
5.261 -22.1177
5.262 -21.7934
5.263 -21.4699
5.264 -21.1471
5.265 -20.8249
5.266 -20.5035
5.267 -20.1828
5.268 -19.8627
5.269 -19.5433
5.27 -19.2245
5.271 -18.9064
5.272 -18.5889
5.273 -18.272
5.274 -17.9557
5.275 -17.64
5.276 -17.3249
5.277 -17.0104
5.278 -16.6964
5.279 -16.3829
5.28 -16.07
5.281 -15.7576
5.282 -15.4457
5.283 -15.1343
5.284 -14.8233
5.285 -14.5129
5.286 -14.2029
5.287 -13.8933
5.288 -13.5843
5.289 -13.2756
5.29 -12.9674
5.291 -12.6596
5.292 -12.3522
5.293 -12.0452
5.294 -11.7387
5.295 -11.4325
5.296 -11.1267
5.297 -10.8213
5.298 -10.5163
5.299 -10.2117
5.3 -9.90743
5.301 -9.60354
5.302 -9.30002
5.303 -8.99687
5.304 -8.69408
5.305 -8.39165
5.306 -8.08959
5.307 -7.78788
5.308 -7.48653
5.309 -7.18553
5.31 -6.88489
5.311 -6.5846
5.312 -6.28466
5.313 -5.98508
5.314 -5.68586
5.315 -5.38699
5.316 -5.08849
5.317 -4.79035
5.318 -4.49257
5.319 -4.19516
5.32 -3.89812
5.321 -3.60145
5.322 -3.30515
5.323 -3.00922
5.324 -2.71367
5.325 -2.4185
5.326 -2.12371
5.327 -1.82931
5.328 -1.53529
5.329 -1.24167
5.33 -0.948433
5.331 -0.655595
5.332 -0.363154
5.333 -0.071115
5.334 0.22052
5.335 0.511747
5.336 0.802563
5.337 1.09296
5.338 1.38295
5.339 1.67251
5.34 1.96164
5.341 2.25035
5.342 2.53863
5.343 2.82648
5.344 3.11391
5.345 3.40092
5.346 3.6875
5.347 3.97366
5.348 4.2594
5.349 4.54473
5.35 4.82963
5.351 5.11412
5.352 5.3982
5.353 5.68189
5.354 5.96518
5.355 6.2481
5.356 6.53065
5.357 6.81284
5.358 7.09467
5.359 7.37617
5.36 7.65734
5.361 7.93819
5.362 8.21874
5.363 8.49899
5.364 8.77898
5.365 9.05871
5.366 9.3382
5.367 9.61746
5.368 9.89652
5.369 10.1754
5.37 10.4541
5.371 10.7326
5.372 11.011
5.373 11.2893
5.374 11.5675
5.375 11.8456
5.376 12.1235
5.377 12.4015
5.378 12.6793
5.379 12.9572
5.38 13.235
5.381 13.5128
5.382 13.7906
5.383 14.0684
5.384 14.3462
5.385 14.6241
5.386 14.9019
5.387 15.1797
5.388 15.4576
5.389 15.7355
5.39 16.0134
5.391 16.2913
5.392 16.5692
5.393 16.8471
5.394 17.125
5.395 17.4028
5.396 17.6805
5.397 17.9581
5.398 18.2355
5.399 18.5128
5.4 18.79
5.401 19.0669
5.402 19.3435
5.403 19.6199
5.404 19.8958
5.405 20.1714
5.406 20.4464
5.407 20.7209
5.408 20.9947
5.409 21.2679
5.41 21.5404
5.411 21.8121
5.412 22.0829
5.413 22.3528
5.414 22.6216
5.415 22.8893
5.416 23.1558
5.417 23.421
5.418 23.6849
5.419 23.9473
5.42 24.2081
5.421 24.4674
5.422 24.7249
5.423 24.9806
5.424 25.2345
5.425 25.4863
5.426 25.7361
5.427 25.9837
5.428 26.229
5.429 26.472
5.43 26.7126
5.431 26.9506
5.432 27.1859
5.433 27.4186
5.434 27.6485
5.435 27.8755
5.436 28.0996
5.437 28.3206
5.438 28.5385
5.439 28.7531
5.44 28.9645
5.441 29.1726
5.442 29.3771
5.443 29.5782
5.444 29.7758
5.445 29.9697
5.446 30.16
5.447 30.3465
5.448 30.5292
5.449 30.708
5.45 30.883
5.451 31.0539
5.452 31.2209
5.453 31.3838
5.454 31.5427
5.455 31.6974
5.456 31.8481
5.457 31.9946
5.458 32.1369
5.459 32.275
5.46 32.4089
5.461 32.5386
5.462 32.664
5.463 32.7851
5.464 32.9021
5.465 33.0147
5.466 33.1232
5.467 33.2274
5.468 33.3275
5.469 33.4233
5.47 33.5149
5.471 33.6023
5.472 33.6855
5.473 33.7646
5.474 33.8397
5.475 33.9106
5.476 33.9775
5.477 34.0404
5.478 34.0993
5.479 34.1543
5.48 34.2054
5.481 34.2526
5.482 34.296
5.483 34.3356
5.484 34.3715
5.485 34.4037
5.486 34.4322
5.487 34.4571
5.488 34.4785
5.489 34.4963
5.49 34.5107
5.491 34.5216
5.492 34.5291
5.493 34.5333
5.494 34.5341
5.495 34.5316
5.496 34.526
5.497 34.5173
5.498 34.5055
5.499 34.4909
5.5 34.4733
5.501 34.4528
5.502 34.4296
5.503 34.4036
5.504 34.3749
5.505 34.3436
5.506 34.3097
5.507 34.2733
5.508 34.2344
5.509 34.1931
5.51 34.1494
5.511 34.1034
5.512 34.0552
5.513 34.0048
5.514 33.9523
5.515 33.8976
5.516 33.841
5.517 33.7824
5.518 33.7219
5.519 33.6595
5.52 33.5954
5.521 33.5295
5.522 33.462
5.523 33.3928
5.524 33.3221
5.525 33.2498
5.526 33.1762
5.527 33.1011
5.528 33.0247
5.529 32.947
5.53 32.8681
5.531 32.788
5.532 32.7069
5.533 32.6247
5.534 32.5415
5.535 32.4573
5.536 32.3723
5.537 32.2864
5.538 32.1998
5.539 32.1125
5.54 32.0245
5.541 31.9359
5.542 31.8468
5.543 31.7572
5.544 31.6671
5.545 31.5766
5.546 31.4858
5.547 31.3948
5.548 31.3034
5.549 31.2119
5.55 31.1203
5.551 31.0285
5.552 30.9368
5.553 30.845
5.554 30.7533
5.555 30.6617
5.556 30.5702
5.557 30.4789
5.558 30.3879
5.559 30.2972
5.56 30.2067
5.561 30.1167
5.562 30.0271
5.563 29.9379
5.564 29.8492
5.565 29.761
5.566 29.6734
5.567 29.5864
5.568 29.5
5.569 29.4143
5.57 29.3293
5.571 29.245
5.572 29.1614
5.573 29.0787
5.574 28.9967
5.575 28.9156
5.576 28.8353
5.577 28.7559
5.578 28.6774
5.579 28.5998
5.58 28.5231
5.581 28.4474
5.582 28.3726
5.583 28.2988
5.584 28.226
5.585 28.1542
5.586 28.0834
5.587 28.0137
5.588 27.945
5.589 27.8773
5.59 27.8107
5.591 27.7451
5.592 27.6807
5.593 27.6173
5.594 27.555
5.595 27.4937
5.596 27.4336
5.597 27.3746
5.598 27.3166
5.599 27.2597
5.6 27.204
5.601 27.1493
5.602 27.0957
5.603 27.0432
5.604 26.9919
5.605 26.9416
5.606 26.8924
5.607 26.8443
5.608 26.7973
5.609 26.7513
5.61 26.7065
5.611 26.6627
5.612 26.62
5.613 26.5784
5.614 26.5378
5.615 26.4984
5.616 26.46
5.617 26.4227
5.618 26.3865
5.619 26.3514
5.62 26.3173
5.621 26.2843
5.622 26.2524
5.623 26.2215
5.624 26.1917
5.625 26.163
5.626 26.1353
5.627 26.1087
5.628 26.0832
5.629 26.0586
5.63 26.0351
5.631 26.0127
5.632 25.9913
5.633 25.9709
5.634 25.9515
5.635 25.9331
5.636 25.9157
5.637 25.8993
5.638 25.8838
5.639 25.8694
5.64 25.8559
5.641 25.8433
5.642 25.8317
5.643 25.821
5.644 25.8113
5.645 25.8024
5.646 25.7945
5.647 25.7874
5.648 25.7812
5.649 25.7758
5.65 25.7713
5.651 25.7676
5.652 25.7647
5.653 25.7627
5.654 25.7614
5.655 25.7608
5.656 25.761
5.657 25.7619
5.658 25.7635
5.659 25.7658
5.66 25.7687
5.661 25.7723
5.662 25.7764
5.663 25.7812
5.664 25.7864
5.665 25.7923
5.666 25.7986
5.667 25.8053
5.668 25.8125
5.669 25.8201
5.67 25.8281
5.671 25.8364
5.672 25.845
5.673 25.8539
5.674 25.863
5.675 25.8723
5.676 25.8817
5.677 25.8913
5.678 25.9009
5.679 25.9106
5.68 25.9202
5.681 25.9298
5.682 25.9393
5.683 25.9487
5.684 25.9578
5.685 25.9667
5.686 25.9753
5.687 25.9836
5.688 25.9914
5.689 25.9988
5.69 26.0056
5.691 26.012
5.692 26.0176
5.693 26.0227
5.694 26.0269
5.695 26.0304
5.696 26.0331
5.697 26.0348
5.698 26.0355
5.699 26.0353
5.7 26.0339
5.701 26.0315
5.702 26.0278
5.703 26.0229
5.704 26.0166
5.705 26.009
5.706 26
5.707 25.9895
5.708 25.9774
5.709 25.9638
5.71 25.9485
5.711 25.9315
5.712 25.9128
5.713 25.8923
5.714 25.8699
5.715 25.8456
5.716 25.8194
5.717 25.7912
5.718 25.7609
5.719 25.7286
5.72 25.6942
5.721 25.6576
5.722 25.6188
5.723 25.5777
5.724 25.5345
5.725 25.4889
5.726 25.4411
5.727 25.3909
5.728 25.3385
5.729 25.2836
5.73 25.2264
5.731 25.1667
5.732 25.1047
5.733 25.0402
5.734 24.9734
5.735 24.9041
5.736 24.8325
5.737 24.7584
5.738 24.6819
5.739 24.603
5.74 24.5218
5.741 24.4381
5.742 24.3521
5.743 24.2637
5.744 24.173
5.745 24.0799
5.746 23.9846
5.747 23.8871
5.748 23.7873
5.749 23.6853
5.75 23.5811
5.751 23.4747
5.752 23.3663
5.753 23.2557
5.754 23.1431
5.755 23.0285
5.756 22.912
5.757 22.7934
5.758 22.673
5.759 22.5508
5.76 22.4267
5.761 22.3008
5.762 22.1732
5.763 22.0439
5.764 21.913
5.765 21.7805
5.766 21.6464
5.767 21.5109
5.768 21.3738
5.769 21.2354
5.77 21.0957
5.771 20.9546
5.772 20.8123
5.773 20.6687
5.774 20.524
5.775 20.3781
5.776 20.2312
5.777 20.0832
5.778 19.9343
5.779 19.7844
5.78 19.6336
5.781 19.4819
5.782 19.3294
5.783 19.1761
5.784 19.0221
5.785 18.8673
5.786 18.7119
5.787 18.5558
5.788 18.3991
5.789 18.2419
5.79 18.0841
5.791 17.9258
5.792 17.767
5.793 17.6077
5.794 17.4481
5.795 17.288
5.796 17.1275
5.797 16.9667
5.798 16.8055
5.799 16.644
5.8 16.4823
5.801 16.3202
5.802 16.1579
5.803 15.9954
5.804 15.8327
5.805 15.6697
5.806 15.5066
5.807 15.3433
5.808 15.1799
5.809 15.0163
5.81 14.8526
5.811 14.6889
5.812 14.525
5.813 14.361
5.814 14.197
5.815 14.033
5.816 13.869
5.817 13.7049
5.818 13.5409
5.819 13.3769
5.82 13.2129
5.821 13.0491
5.822 12.8853
5.823 12.7216
5.824 12.5581
5.825 12.3947
5.826 12.2315
5.827 12.0686
5.828 11.9059
5.829 11.7435
5.83 11.5814
5.831 11.4196
5.832 11.2582
5.833 11.0972
5.834 10.9366
5.835 10.7765
5.836 10.6169
5.837 10.4578
5.838 10.2993
5.839 10.1413
5.84 9.98405
5.841 9.82742
5.842 9.67149
5.843 9.5163
5.844 9.36186
5.845 9.20822
5.846 9.0554
5.847 8.90345
5.848 8.75238
5.849 8.60223
5.85 8.45303
5.851 8.30481
5.852 8.1576
5.853 8.01141
5.854 7.86626
5.855 7.72219
5.856 7.57921
5.857 7.43735
5.858 7.29662
5.859 7.15706
5.86 7.01867
5.861 6.88148
5.862 6.74551
5.863 6.61077
5.864 6.47728
5.865 6.34504
5.866 6.21409
5.867 6.08442
5.868 5.95605
5.869 5.829
5.87 5.70327
5.871 5.57889
5.872 5.45587
5.873 5.33422
5.874 5.21395
5.875 5.09509
5.876 4.97764
5.877 4.86161
5.878 4.74703
5.879 4.63389
5.88 4.52222
5.881 4.41203
5.882 4.30333
5.883 4.19614
5.884 4.09048
5.885 3.98636
5.886 3.8838
5.887 3.78281
5.888 3.68342
5.889 3.58563
5.89 3.48946
5.891 3.39492
5.892 3.30203
5.893 3.21081
5.894 3.12128
5.895 3.03345
5.896 2.94734
5.897 2.86298
5.898 2.78036
5.899 2.69951
5.9 2.62045
5.901 2.54319
5.902 2.46774
5.903 2.39412
5.904 2.32234
5.905 2.25242
5.906 2.18436
5.907 2.11817
5.908 2.05388
5.909 1.99149
5.91 1.93101
5.911 1.87246
5.912 1.81584
5.913 1.76116
5.914 1.70843
5.915 1.65765
5.916 1.60884
5.917 1.56199
5.918 1.51712
5.919 1.47422
5.92 1.43332
5.921 1.39441
5.922 1.35749
5.923 1.32258
5.924 1.28966
5.925 1.25876
5.926 1.22986
5.927 1.20298
5.928 1.17811
5.929 1.15525
5.93 1.13442
5.931 1.1156
5.932 1.09879
5.933 1.084
5.934 1.07122
5.935 1.06045
5.936 1.05168
5.937 1.0449
5.938 1.04012
5.939 1.03733
5.94 1.03656
5.941 1.03779
5.942 1.041
5.943 1.04614
5.944 1.05323
5.945 1.06222
5.946 1.07312
5.947 1.08589
5.948 1.10052
5.949 1.117
5.95 1.1353
5.951 1.15539
5.952 1.17724
5.953 1.20081
5.954 1.22606
5.955 1.25293
5.956 1.2814
5.957 1.31142
5.958 1.34294
5.959 1.37591
5.96 1.4103
5.961 1.44606
5.962 1.48313
5.963 1.52145
5.964 1.56096
5.965 1.60161
5.966 1.64333
5.967 1.68607
5.968 1.72976
5.969 1.77436
5.97 1.81979
5.971 1.866
5.972 1.91293
5.973 1.96052
5.974 2.00871
5.975 2.05743
5.976 2.10664
5.977 2.15627
5.978 2.20626
5.979 2.25655
5.98 2.30708
5.981 2.3578
5.982 2.40864
5.983 2.45956
5.984 2.51051
5.985 2.56142
5.986 2.61226
5.987 2.66295
5.988 2.71346
5.989 2.76373
5.99 2.81371
5.991 2.86335
5.992 2.91259
5.993 2.96141
5.994 3.00976
5.995 3.0576
5.996 3.10489
5.997 3.15158
5.998 3.19763
5.999 3.24301
6 3.28768
6.001 3.33159
6.002 3.37471
6.003 3.41702
6.004 3.45849
6.005 3.49909
6.006 3.53879
6.007 3.57758
6.008 3.61541
6.009 3.65227
6.01 3.68812
6.011 3.72296
6.012 3.75675
6.013 3.78948
6.014 3.82114
6.015 3.8517
6.016 3.88116
6.017 3.90951
6.018 3.93672
6.019 3.96278
6.02 3.98769
6.021 4.01143
6.022 4.03399
6.023 4.05537
6.024 4.07555
6.025 4.09453
6.026 4.11231
6.027 4.12888
6.028 4.14424
6.029 4.15837
6.03 4.17129
6.031 4.18297
6.032 4.19343
6.033 4.20264
6.034 4.21061
6.035 4.21733
6.036 4.22278
6.037 4.22697
6.038 4.22989
6.039 4.23153
6.04 4.23189
6.041 4.23097
6.042 4.22876
6.043 4.22526
6.044 4.22045
6.045 4.21433
6.046 4.20689
6.047 4.19813
6.048 4.18804
6.049 4.17663
6.05 4.16387
6.051 4.14978
6.052 4.13434
6.053 4.11754
6.054 4.09937
6.055 4.07984
6.056 4.05892
6.057 4.03662
6.058 4.01293
6.059 3.98784
6.06 3.96135
6.061 3.93345
6.062 3.90414
6.063 3.87341
6.064 3.84127
6.065 3.8077
6.066 3.7727
6.067 3.73628
6.068 3.69842
6.069 3.65914
6.07 3.61843
6.071 3.57629
6.072 3.53273
6.073 3.48774
6.074 3.44135
6.075 3.39354
6.076 3.34434
6.077 3.29374
6.078 3.24176
6.079 3.1884
6.08 3.13368
6.081 3.07761
6.082 3.0202
6.083 2.96148
6.084 2.90145
6.085 2.84015
6.086 2.77759
6.087 2.71379
6.088 2.64878
6.089 2.58257
6.09 2.51519
6.091 2.44666
6.092 2.37701
6.093 2.30627
6.094 2.23447
6.095 2.16165
6.096 2.08782
6.097 2.01303
6.098 1.93729
6.099 1.86065
6.1 1.78314
6.101 1.70478
6.102 1.62562
6.103 1.54569
6.104 1.46503
6.105 1.38368
6.106 1.30168
6.107 1.21907
6.108 1.13588
6.109 1.05215
6.11 0.967924
6.111 0.883233
6.112 0.798124
6.113 0.712622
6.114 0.626689
6.115 0.539958
6.116 0.453258
6.117 0.366699
6.118 0.27993
6.119 0.192979
6.12 0.105876
6.121 0.0186495
6.122 -0.0686744
6.123 -0.156069
6.124 -0.243507
6.125 -0.330963
6.126 -0.418411
6.127 -0.505826
6.128 -0.593181
6.129 -0.680453
6.13 -0.767617
6.131 -0.854649
6.132 -0.941533
6.133 -1.02825
6.134 -1.11479
6.135 -1.20113
6.136 -1.28726
6.137 -1.37316
6.138 -1.45882
6.139 -1.54423
6.14 -1.62936
6.141 -1.71421
6.142 -1.79878
6.143 -1.88305
6.144 -1.96703
6.145 -2.05072
6.146 -2.13411
6.147 -2.21721
6.148 -2.30002
6.149 -2.38252
6.15 -2.46473
6.151 -2.54664
6.152 -2.62827
6.153 -2.70963
6.154 -2.79074
6.155 -2.87161
6.156 -2.95226
6.157 -3.0327
6.158 -3.11295
6.159 -3.19302
6.16 -3.27294
6.161 -3.35273
6.162 -3.43239
6.163 -3.51198
6.164 -3.59151
6.165 -3.67101
6.166 -3.75052
6.167 -3.83005
6.168 -3.90965
6.169 -3.98933
6.17 -4.06914
6.171 -4.14909
6.172 -4.22923
6.173 -4.3096
6.174 -4.39023
6.175 -4.47116
6.176 -4.55244
6.177 -4.63409
6.178 -4.71616
6.179 -4.79869
6.18 -4.88171
6.181 -4.96526
6.182 -5.04939
6.183 -5.13411
6.184 -5.21948
6.185 -5.30552
6.186 -5.39228
6.187 -5.47977
6.188 -5.56805
6.189 -5.65715
6.19 -5.74709
6.191 -5.83792
6.192 -5.92965
6.193 -6.0223
6.194 -6.11589
6.195 -6.21044
6.196 -6.30597
6.197 -6.40249
6.198 -6.50003
6.199 -6.5986
6.2 -6.69821
6.201 -6.79889
6.202 -6.90063
6.203 -7.00343
6.204 -7.10729
6.205 -7.21222
6.206 -7.3182
6.207 -7.42524
6.208 -7.53333
6.209 -7.64248
6.21 -7.75268
6.211 -7.86393
6.212 -7.9762
6.213 -8.08949
6.214 -8.20377
6.215 -8.31902
6.216 -8.43522
6.217 -8.55235
6.218 -8.6704
6.219 -8.78934
6.22 -8.90915
6.221 -9.02982
6.222 -9.15131
6.223 -9.27361
6.224 -9.39667
6.225 -9.52047
6.226 -9.64498
6.227 -9.77018
6.228 -9.89603
6.229 -10.0225
6.23 -10.1496
6.231 -10.2772
6.232 -10.4054
6.233 -10.534
6.234 -10.6632
6.235 -10.7927
6.236 -10.9226
6.237 -11.0528
6.238 -11.1834
6.239 -11.3142
6.24 -11.4452
6.241 -11.5764
6.242 -11.7078
6.243 -11.8392
6.244 -11.9708
6.245 -12.1024
6.246 -12.2339
6.247 -12.3655
6.248 -12.497
6.249 -12.6284
6.25 -12.7596
6.251 -12.8907
6.252 -13.0216
6.253 -13.1522
6.254 -13.2825
6.255 -13.4126
6.256 -13.5423
6.257 -13.6717
6.258 -13.8007
6.259 -13.9293
6.26 -14.0574
6.261 -14.1851
6.262 -14.3122
6.263 -14.4388
6.264 -14.5649
6.265 -14.6904
6.266 -14.8153
6.267 -14.9396
6.268 -15.0633
6.269 -15.1863
6.27 -15.3086
6.271 -15.4302
6.272 -15.5511
6.273 -15.6713
6.274 -15.7907
6.275 -15.9094
6.276 -16.0272
6.277 -16.1443
6.278 -16.2605
6.279 -16.3759
6.28 -16.4905
6.281 -16.6041
6.282 -16.7169
6.283 -16.8288
6.284 -16.9397
6.285 -17.0498
6.286 -17.1588
6.287 -17.2669
6.288 -17.374
6.289 -17.48
6.29 -17.5851
6.291 -17.6891
6.292 -17.792
6.293 -17.8939
6.294 -17.9946
6.295 -18.0942
6.296 -18.1926
6.297 -18.2899
6.298 -18.3859
6.299 -18.4807
6.3 -18.5743
6.301 -18.6666
6.302 -18.7576
6.303 -18.8473
6.304 -18.9355
6.305 -19.0224
6.306 -19.1078
6.307 -19.1917
6.308 -19.2742
6.309 -19.3551
6.31 -19.4344
6.311 -19.5121
6.312 -19.5881
6.313 -19.6625
6.314 -19.7351
6.315 -19.8059
6.316 -19.8749
6.317 -19.9421
6.318 -20.0073
6.319 -20.0706
6.32 -20.132
6.321 -20.1912
6.322 -20.2485
6.323 -20.3036
6.324 -20.3565
6.325 -20.4073
6.326 -20.4558
6.327 -20.502
6.328 -20.5459
6.329 -20.5874
6.33 -20.6265
6.331 -20.6631
6.332 -20.6973
6.333 -20.729
6.334 -20.7581
6.335 -20.7846
6.336 -20.8085
6.337 -20.8297
6.338 -20.8482
6.339 -20.864
6.34 -20.8771
6.341 -20.8874
6.342 -20.8948
6.343 -20.8994
6.344 -20.901
6.345 -20.8997
6.346 -20.8955
6.347 -20.8883
6.348 -20.8782
6.349 -20.8651
6.35 -20.8491
6.351 -20.83
6.352 -20.808
6.353 -20.7829
6.354 -20.7549
6.355 -20.7238
6.356 -20.6896
6.357 -20.6525
6.358 -20.6123
6.359 -20.5691
6.36 -20.5228
6.361 -20.4735
6.362 -20.4212
6.363 -20.3658
6.364 -20.3074
6.365 -20.2461
6.366 -20.1817
6.367 -20.1144
6.368 -20.044
6.369 -19.9708
6.37 -19.8946
6.371 -19.8155
6.372 -19.7335
6.373 -19.6486
6.374 -19.5608
6.375 -19.4702
6.376 -19.3768
6.377 -19.2806
6.378 -19.1817
6.379 -19.08
6.38 -18.9756
6.381 -18.8686
6.382 -18.7589
6.383 -18.6466
6.384 -18.5317
6.385 -18.4143
6.386 -18.2944
6.387 -18.172
6.388 -18.0472
6.389 -17.92
6.39 -17.7904
6.391 -17.6586
6.392 -17.5244
6.393 -17.3881
6.394 -17.2495
6.395 -17.1088
6.396 -16.9659
6.397 -16.821
6.398 -16.6741
6.399 -16.5252
6.4 -16.3744
6.401 -16.2216
6.402 -16.067
6.403 -15.9106
6.404 -15.7525
6.405 -15.5926
6.406 -15.431
6.407 -15.2678
6.408 -15.1029
6.409 -14.9366
6.41 -14.7687
6.411 -14.5993
6.412 -14.4285
6.413 -14.2564
6.414 -14.0828
6.415 -13.908
6.416 -13.7318
6.417 -13.5545
6.418 -13.3759
6.419 -13.1962
6.42 -13.0153
6.421 -12.8333
6.422 -12.6503
6.423 -12.4663
6.424 -12.2813
6.425 -12.0953
6.426 -11.9084
6.427 -11.7207
6.428 -11.532
6.429 -11.3426
6.43 -11.1524
6.431 -10.9615
6.432 -10.7698
6.433 -10.5775
6.434 -10.3845
6.435 -10.1909
6.436 -9.99666
6.437 -9.80192
6.438 -9.60666
6.439 -9.41091
6.44 -9.21471
6.441 -9.01808
6.442 -8.82106
6.443 -8.62369
6.444 -8.42599
6.445 -8.22799
6.446 -8.02974
6.447 -7.83126
6.448 -7.63259
6.449 -7.43375
6.45 -7.23479
6.451 -7.03572
6.452 -6.83658
6.453 -6.63741
6.454 -6.43823
6.455 -6.23907
6.456 -6.03998
6.457 -5.84097
6.458 -5.64208
6.459 -5.44333
6.46 -5.24476
6.461 -5.04639
6.462 -4.84826
6.463 -4.65039
6.464 -4.4528
6.465 -4.25552
6.466 -4.05858
6.467 -3.86201
6.468 -3.66583
6.469 -3.47006
6.47 -3.27473
6.471 -3.07986
6.472 -2.88548
6.473 -2.6916
6.474 -2.49823
6.475 -2.30541
6.476 -2.11315
6.477 -1.92146
6.478 -1.73036
6.479 -1.53988
6.48 -1.35002
6.481 -1.16081
6.482 -0.972257
6.483 -0.784369
6.484 -0.59716
6.485 -0.41064
6.486 -0.224821
6.487 -0.0397113
6.488 0.144678
6.489 0.328337
6.49 0.511258
6.491 0.69343
6.492 0.874844
6.493 1.05549
6.494 1.23536
6.495 1.41445
6.496 1.59274
6.497 1.77024
6.498 1.94693
6.499 2.1228
6.5 2.29785
6.501 2.47208
6.502 2.64546
6.503 2.81801
6.504 2.9897
6.505 3.16054
6.506 3.33051
6.507 3.49962
6.508 3.66785
6.509 3.8352
6.51 4.00167
6.511 4.16725
6.512 4.33194
6.513 4.49571
6.514 4.65856
6.515 4.82048
6.516 4.98147
6.517 5.1415
6.518 5.30058
6.519 5.45869
6.52 5.61582
6.521 5.77197
6.522 5.92712
6.523 6.08127
6.524 6.23438
6.525 6.38646
6.526 6.53749
6.527 6.68745
6.528 6.83633
6.529 6.98413
6.53 7.13082
6.531 7.27639
6.532 7.42084
6.533 7.56414
6.534 7.70628
6.535 7.84724
6.536 7.987
6.537 8.12556
6.538 8.26289
6.539 8.39898
6.54 8.53382
6.541 8.66738
6.542 8.79967
6.543 8.93065
6.544 9.0603
6.545 9.18863
6.546 9.3156
6.547 9.4412
6.548 9.56541
6.549 9.68822
6.55 9.80962
6.551 9.92958
6.552 10.0481
6.553 10.1652
6.554 10.2807
6.555 10.3948
6.556 10.5075
6.557 10.6185
6.558 10.7281
6.559 10.8362
6.56 10.9427
6.561 11.0476
6.562 11.151
6.563 11.2528
6.564 11.353
6.565 11.4516
6.566 11.5487
6.567 11.6441
6.568 11.7378
6.569 11.83
6.57 11.9205
6.571 12.0094
6.572 12.0966
6.573 12.1821
6.574 12.266
6.575 12.3482
6.576 12.4287
6.577 12.5076
6.578 12.5848
6.579 12.6603
6.58 12.7341
6.581 12.8062
6.582 12.8766
6.583 12.9453
6.584 13.0123
6.585 13.0777
6.586 13.1413
6.587 13.2032
6.588 13.2634
6.589 13.322
6.59 13.3788
6.591 13.4339
6.592 13.4874
6.593 13.5391
6.594 13.5891
6.595 13.6374
6.596 13.684
6.597 13.7288
6.598 13.772
6.599 13.8134
6.6 13.853
6.601 13.8909
6.602 13.9271
6.603 13.9615
6.604 13.9941
6.605 14.025
6.606 14.054
6.607 14.0812
6.608 14.1065
6.609 14.13
6.61 14.1517
6.611 14.1715
6.612 14.1894
6.613 14.2053
6.614 14.2193
6.615 14.2314
6.616 14.2415
6.617 14.2496
6.618 14.2557
6.619 14.2598
6.62 14.2618
6.621 14.2617
6.622 14.2594
6.623 14.2551
6.624 14.2486
6.625 14.24
6.626 14.2293
6.627 14.2163
6.628 14.2011
6.629 14.1838
6.63 14.1642
6.631 14.1423
6.632 14.1182
6.633 14.0919
6.634 14.0634
6.635 14.0325
6.636 13.9995
6.637 13.9642
6.638 13.9267
6.639 13.887
6.64 13.8451
6.641 13.8009
6.642 13.7546
6.643 13.7061
6.644 13.6555
6.645 13.6028
6.646 13.548
6.647 13.4911
6.648 13.4323
6.649 13.3714
6.65 13.3086
6.651 13.2438
6.652 13.1772
6.653 13.1087
6.654 13.0385
6.655 12.9665
6.656 12.8928
6.657 12.8174
6.658 12.7404
6.659 12.6618
6.66 12.5818
6.661 12.5002
6.662 12.4172
6.663 12.3329
6.664 12.2472
6.665 12.1603
6.666 12.0722
6.667 11.9829
6.668 11.8925
6.669 11.801
6.67 11.7086
6.671 11.6151
6.672 11.5208
6.673 11.4257
6.674 11.3297
6.675 11.233
6.676 11.1356
6.677 11.0376
6.678 10.939
6.679 10.8399
6.68 10.7403
6.681 10.6402
6.682 10.5398
6.683 10.4391
6.684 10.338
6.685 10.2367
6.686 10.1353
6.687 10.0337
6.688 9.93196
6.689 9.83019
6.69 9.72842
6.691 9.62669
6.692 9.52505
6.693 9.42353
6.694 9.32218
6.695 9.22104
6.696 9.12016
6.697 9.01957
6.698 8.91932
6.699 8.81945
6.7 8.72
6.701 8.621
6.702 8.5225
6.703 8.42453
6.704 8.32712
6.705 8.23032
6.706 8.13415
6.707 8.03865
6.708 7.94384
6.709 7.84977
6.71 7.75647
6.711 7.66395
6.712 7.57226
6.713 7.48141
6.714 7.39143
6.715 7.30235
6.716 7.21418
6.717 7.12695
6.718 7.04069
6.719 6.95542
6.72 6.87115
6.721 6.7879
6.722 6.70569
6.723 6.62454
6.724 6.54445
6.725 6.46544
6.726 6.38752
6.727 6.31071
6.728 6.235
6.729 6.16042
6.73 6.08698
6.731 6.01468
6.732 5.94352
6.733 5.87352
6.734 5.80467
6.735 5.73697
6.736 5.67044
6.737 5.60508
6.738 5.54087
6.739 5.47783
6.74 5.41596
6.741 5.35526
6.742 5.29574
6.743 5.23739
6.744 5.18023
6.745 5.12425
6.746 5.06947
6.747 5.01588
6.748 4.96349
6.749 4.9123
6.75 4.86232
6.751 4.81354
6.752 4.76599
6.753 4.71967
6.754 4.67459
6.755 4.63078
6.756 4.58823
6.757 4.54697
6.758 4.50701
6.759 4.46836
6.76 4.43102
6.761 4.39501
6.762 4.36036
6.763 4.32709
6.764 4.29523
6.765 4.2648
6.766 4.23582
6.767 4.20833
6.768 4.18234
6.769 4.15788
6.77 4.13498
6.771 4.11365
6.772 4.09392
6.773 4.07582
6.774 4.05938
6.775 4.04464
6.776 4.0316
6.777 4.02031
6.778 4.01078
6.779 4.00305
6.78 3.99713
6.781 3.99306
6.782 3.99084
6.783 3.9905
6.784 3.99205
6.785 3.9955
6.786 4.00087
6.787 4.00817
6.788 4.01741
6.789 4.0286
6.79 4.04176
6.791 4.05688
6.792 4.07398
6.793 4.09305
6.794 4.11407
6.795 4.13705
6.796 4.16198
6.797 4.18884
6.798 4.21765
6.799 4.24837
6.8 4.28101
6.801 4.31556
6.802 4.35199
6.803 4.39029
6.804 4.43043
6.805 4.47239
6.806 4.51615
6.807 4.56167
6.808 4.60895
6.809 4.65794
6.81 4.70863
6.811 4.76099
6.812 4.81498
6.813 4.87058
6.814 4.92775
6.815 4.98645
6.816 5.04666
6.817 5.10834
6.818 5.17145
6.819 5.23595
6.82 5.30181
6.821 5.369
6.822 5.43747
6.823 5.50719
6.824 5.57813
6.825 5.65025
6.826 5.72351
6.827 5.79788
6.828 5.87332
6.829 5.94979
6.83 6.02726
6.831 6.10568
6.832 6.18503
6.833 6.26528
6.834 6.34639
6.835 6.42834
6.836 6.5111
6.837 6.59463
6.838 6.67891
6.839 6.7639
6.84 6.84958
6.841 6.93591
6.842 7.02287
6.843 7.11044
6.844 7.19859
6.845 7.2873
6.846 7.37655
6.847 7.46632
6.848 7.55659
6.849 7.64732
6.85 7.73851
6.851 7.83012
6.852 7.92214
6.853 8.01454
6.854 8.10731
6.855 8.20042
6.856 8.29385
6.857 8.38758
6.858 8.48159
6.859 8.57586
6.86 8.67037
6.861 8.7651
6.862 8.86002
6.863 8.95513
6.864 9.0504
6.865 9.1458
6.866 9.24133
6.867 9.33695
6.868 9.43265
6.869 9.52842
6.87 9.62422
6.871 9.72005
6.872 9.81589
6.873 9.91172
6.874 10.0075
6.875 10.1033
6.876 10.199
6.877 10.2946
6.878 10.3902
6.879 10.4856
6.88 10.5809
6.881 10.6761
6.882 10.7712
6.883 10.8661
6.884 10.9608
6.885 11.0554
6.886 11.1498
6.887 11.244
6.888 11.338
6.889 11.4319
6.89 11.5255
6.891 11.619
6.892 11.7122
6.893 11.8053
6.894 11.8981
6.895 11.9907
6.896 12.0832
6.897 12.1754
6.898 12.2675
6.899 12.3593
6.9 12.451
6.901 12.5424
6.902 12.6337
6.903 12.7249
6.904 12.8158
6.905 12.9066
6.906 12.9972
6.907 13.0876
6.908 13.1779
6.909 13.268
6.91 13.358
6.911 13.4479
6.912 13.5376
6.913 13.6272
6.914 13.7166
6.915 13.806
6.916 13.8952
6.917 13.9843
6.918 14.0733
6.919 14.1622
6.92 14.251
6.921 14.3397
6.922 14.4284
6.923 14.5169
6.924 14.6054
6.925 14.6938
6.926 14.7822
6.927 14.8705
6.928 14.9587
6.929 15.0469
6.93 15.135
6.931 15.2231
6.932 15.3112
6.933 15.3993
6.934 15.4873
6.935 15.5752
6.936 15.6632
6.937 15.7511
6.938 15.839
6.939 15.9268
6.94 16.0146
6.941 16.1024
6.942 16.1901
6.943 16.2778
6.944 16.3654
6.945 16.4529
6.946 16.5404
6.947 16.6278
6.948 16.7151
6.949 16.8022
6.95 16.8893
6.951 16.9763
6.952 17.0631
6.953 17.1498
6.954 17.2363
6.955 17.3226
6.956 17.4087
6.957 17.4945
6.958 17.5801
6.959 17.6654
6.96 17.7504
6.961 17.8351
6.962 17.9194
6.963 18.0034
6.964 18.087
6.965 18.1701
6.966 18.2527
6.967 18.3349
6.968 18.4165
6.969 18.4976
6.97 18.5781
6.971 18.6579
6.972 18.737
6.973 18.8155
6.974 18.8931
6.975 18.97
6.976 19.046
6.977 19.121
6.978 19.1951
6.979 19.2683
6.98 19.3403
6.981 19.4113
6.982 19.4811
6.983 19.5497
6.984 19.617
6.985 19.6829
6.986 19.7475
6.987 19.8106
6.988 19.8722
6.989 19.9322
6.99 19.9905
6.991 20.0472
6.992 20.1021
6.993 20.1551
6.994 20.2063
6.995 20.2554
6.996 20.3026
6.997 20.3476
6.998 20.3905
6.999 20.4311
7 20.4695
7.001 20.5055
7.002 20.539
7.003 20.5701
7.004 20.5986
7.005 20.6246
7.006 20.6478
7.007 20.6683
7.008 20.6859
7.009 20.7007
7.01 20.7126
7.011 20.7215
7.012 20.7273
7.013 20.73
7.014 20.7296
7.015 20.7259
7.016 20.7189
7.017 20.7087
7.018 20.6951
7.019 20.6781
7.02 20.6578
7.021 20.6339
7.022 20.6066
7.023 20.5758
7.024 20.5414
7.025 20.5036
7.026 20.4621
7.027 20.4172
7.028 20.3686
7.029 20.3165
7.03 20.2607
7.031 20.2014
7.032 20.1385
7.033 20.072
7.034 20.002
7.035 19.9285
7.036 19.8514
7.037 19.7709
7.038 19.6869
7.039 19.5995
7.04 19.5087
7.041 19.4145
7.042 19.3169
7.043 19.2161
7.044 19.112
7.045 19.0048
7.046 18.8944
7.047 18.7809
7.048 18.6644
7.049 18.5449
7.05 18.4225
7.051 18.2972
7.052 18.1691
7.053 18.0383
7.054 17.9048
7.055 17.7687
7.056 17.63
7.057 17.4889
7.058 17.3455
7.059 17.1997
7.06 17.0516
7.061 16.9014
7.062 16.7491
7.063 16.5947
7.064 16.4385
7.065 16.2803
7.066 16.1204
7.067 15.9587
7.068 15.7954
7.069 15.6305
7.07 15.4642
7.071 15.2964
7.072 15.1273
7.073 14.9569
7.074 14.7853
7.075 14.6125
7.076 14.4387
7.077 14.2638
7.078 14.0881
7.079 13.9114
7.08 13.7339
7.081 13.5556
7.082 13.3767
7.083 13.1971
7.084 13.0168
7.085 12.8361
7.086 12.6548
7.087 12.473
7.088 12.2908
7.089 12.1082
7.09 11.9253
7.091 11.742
7.092 11.5585
7.093 11.3747
7.094 11.1908
7.095 11.0066
7.096 10.8222
7.097 10.6377
7.098 10.453
7.099 10.2683
7.1 10.0834
7.101 9.89847
7.102 9.71348
7.103 9.52842
7.104 9.34332
7.105 9.15817
7.106 8.97298
7.107 8.78776
7.108 8.6025
7.109 8.41722
7.11 8.23192
7.111 8.0466
7.112 7.86125
7.113 7.67588
7.114 7.49048
7.115 7.30505
7.116 7.11958
7.117 6.93408
7.118 6.74853
7.119 6.56293
7.12 6.37727
7.121 6.19156
7.122 6.00579
7.123 5.81995
7.124 5.63404
7.125 5.44805
7.126 5.26198
7.127 5.07583
7.128 4.88958
7.129 4.70324
7.13 4.51679
7.131 4.33023
7.132 4.14356
7.133 3.95677
7.134 3.76986
7.135 3.58282
7.136 3.39564
7.137 3.20833
7.138 3.02086
7.139 2.83325
7.14 2.64547
7.141 2.45753
7.142 2.26941
7.143 2.0811
7.144 1.8926
7.145 1.7039
7.146 1.51498
7.147 1.32584
7.148 1.13646
7.149 0.946838
7.15 0.756957
7.151 0.566806
7.152 0.376365
7.153 0.185614
7.154 -0.0054683
7.155 -0.196902
7.156 -0.38871
7.157 -0.580911
7.158 -0.773529
7.159 -0.966584
7.16 -1.1601
7.161 -1.3541
7.162 -1.54861
7.163 -1.74367
7.164 -1.93932
7.165 -2.13558
7.166 -2.33248
7.167 -2.53007
7.168 -2.72838
7.169 -2.92743
7.17 -3.12727
7.171 -3.32792
7.172 -3.52944
7.173 -3.73187
7.174 -3.93525
7.175 -4.13964
7.176 -4.34507
7.177 -4.5516
7.178 -4.75928
7.179 -4.96814
7.18 -5.17824
7.181 -5.38962
7.182 -5.60234
7.183 -5.81645
7.184 -6.032
7.185 -6.24906
7.186 -6.46768
7.187 -6.6879
7.188 -6.9098
7.189 -7.13341
7.19 -7.35881
7.191 -7.58603
7.192 -7.81514
7.193 -8.04619
7.194 -8.27923
7.195 -8.5143
7.196 -8.75147
7.197 -8.99079
7.198 -9.2323
7.199 -9.47606
7.2 -9.72213
7.201 -9.97055
7.202 -10.2214
7.203 -10.4746
7.204 -10.7303
7.205 -10.9884
7.206 -11.2491
7.207 -11.5123
7.208 -11.7781
7.209 -12.0465
7.21 -12.3176
7.211 -12.5913
7.212 -12.8678
7.213 -13.1468
7.214 -13.4286
7.215 -13.713
7.216 -14.0001
7.217 -14.2898
7.218 -14.5823
7.219 -14.8773
7.22 -15.1751
7.221 -15.4754
7.222 -15.7784
7.223 -16.084
7.224 -16.392
7.225 -16.7026
7.226 -17.0155
7.227 -17.3308
7.228 -17.6485
7.229 -17.9684
7.23 -18.2905
7.231 -18.6148
7.232 -18.9412
7.233 -19.2696
7.234 -19.5999
7.235 -19.932
7.236 -20.2658
7.237 -20.6012
7.238 -20.9381
7.239 -21.2765
7.24 -21.6162
7.241 -21.9571
7.242 -22.2991
7.243 -22.6422
7.244 -22.986
7.245 -23.3306
7.246 -23.6758
7.247 -24.0214
7.248 -24.3674
7.249 -24.7136
7.25 -25.0599
7.251 -25.4061
7.252 -25.7522
7.253 -26.0979
7.254 -26.4432
7.255 -26.7878
7.256 -27.1318
7.257 -27.4749
7.258 -27.8169
7.259 -28.1579
7.26 -28.4975
7.261 -28.8357
7.262 -29.1724
7.263 -29.5075
7.264 -29.8407
7.265 -30.172
7.266 -30.5012
7.267 -30.8282
7.268 -31.1529
7.269 -31.4752
7.27 -31.7949
7.271 -32.1119
7.272 -32.4261
7.273 -32.7374
7.274 -33.0457
7.275 -33.3508
7.276 -33.6527
7.277 -33.9513
7.278 -34.2464
7.279 -34.538
7.28 -34.8259
7.281 -35.11
7.282 -35.3903
7.283 -35.6667
7.284 -35.9391
7.285 -36.2074
7.286 -36.4716
7.287 -36.7315
7.288 -36.9872
7.289 -37.2384
7.29 -37.4853
7.291 -37.7276
7.292 -37.9653
7.293 -38.1984
7.294 -38.4269
7.295 -38.6507
7.296 -38.8698
7.297 -39.0841
7.298 -39.2935
7.299 -39.4982
7.3 -39.6979
7.301 -39.8927
7.302 -40.0825
7.303 -40.2674
7.304 -40.4473
7.305 -40.6221
7.306 -40.7919
7.307 -40.9567
7.308 -41.1164
7.309 -41.2711
7.31 -41.4206
7.311 -41.565
7.312 -41.7043
7.313 -41.8385
7.314 -41.9675
7.315 -42.0914
7.316 -42.2102
7.317 -42.3238
7.318 -42.4323
7.319 -42.5356
7.32 -42.6337
7.321 -42.7267
7.322 -42.8145
7.323 -42.8971
7.324 -42.9746
7.325 -43.0468
7.326 -43.1139
7.327 -43.1758
7.328 -43.2325
7.329 -43.284
7.33 -43.3303
7.331 -43.3714
7.332 -43.4072
7.333 -43.4378
7.334 -43.4631
7.335 -43.4832
7.336 -43.498
7.337 -43.5075
7.338 -43.5115
7.339 -43.5101
7.34 -43.5031
7.341 -43.4913
7.342 -43.4739
7.343 -43.4513
7.344 -43.4232
7.345 -43.3899
7.346 -43.3512
7.347 -43.3072
7.348 -43.2578
7.349 -43.2031
7.35 -43.1431
7.351 -43.0777
7.352 -43.0071
7.353 -42.9311
7.354 -42.8497
7.355 -42.7631
7.356 -42.6711
7.357 -42.5739
7.358 -42.4713
7.359 -42.3635
7.36 -42.2504
7.361 -42.1321
7.362 -42.0085
7.363 -41.8797
7.364 -41.7458
7.365 -41.6066
7.366 -41.4624
7.367 -41.3129
7.368 -41.1584
7.369 -40.9989
7.37 -40.8343
7.371 -40.6647
7.372 -40.4901
7.373 -40.3106
7.374 -40.1263
7.375 -39.9372
7.376 -39.7433
7.377 -39.5447
7.378 -39.3414
7.379 -39.1336
7.38 -38.9212
7.381 -38.7044
7.382 -38.4831
7.383 -38.2575
7.384 -38.0276
7.385 -37.7935
7.386 -37.5553
7.387 -37.313
7.388 -37.0668
7.389 -36.8166
7.39 -36.5626
7.391 -36.3049
7.392 -36.0435
7.393 -35.7784
7.394 -35.5099
7.395 -35.2379
7.396 -34.9625
7.397 -34.6839
7.398 -34.4021
7.399 -34.1172
7.4 -33.8292
7.401 -33.5383
7.402 -33.2445
7.403 -32.9479
7.404 -32.6486
7.405 -32.3467
7.406 -32.0422
7.407 -31.7353
7.408 -31.426
7.409 -31.1144
7.41 -30.8005
7.411 -30.4845
7.412 -30.1665
7.413 -29.8464
7.414 -29.5244
7.415 -29.2006
7.416 -28.875
7.417 -28.5477
7.418 -28.2188
7.419 -27.8884
7.42 -27.5565
7.421 -27.2232
7.422 -26.8886
7.423 -26.5528
7.424 -26.2158
7.425 -25.8777
7.426 -25.5386
7.427 -25.1985
7.428 -24.8576
7.429 -24.516
7.43 -24.1736
7.431 -23.8305
7.432 -23.4869
7.433 -23.1428
7.434 -22.7984
7.435 -22.4536
7.436 -22.1085
7.437 -21.7633
7.438 -21.4181
7.439 -21.0728
7.44 -20.7276
7.441 -20.3826
7.442 -20.0378
7.443 -19.6933
7.444 -19.3492
7.445 -19.0057
7.446 -18.6627
7.447 -18.3204
7.448 -17.9789
7.449 -17.6382
7.45 -17.2985
7.451 -16.9598
7.452 -16.6221
7.453 -16.2857
7.454 -15.9506
7.455 -15.6169
7.456 -15.2846
7.457 -14.9539
7.458 -14.6249
7.459 -14.2977
7.46 -13.9723
7.461 -13.6489
7.462 -13.3274
7.463 -13.0082
7.464 -12.6911
7.465 -12.3764
7.466 -12.064
7.467 -11.7543
7.468 -11.4471
7.469 -11.1426
7.47 -10.8409
7.471 -10.5421
7.472 -10.2462
7.473 -9.95346
7.474 -9.66385
7.475 -9.37749
7.476 -9.09446
7.477 -8.81485
7.478 -8.53876
7.479 -8.26626
7.48 -7.99745
7.481 -7.7324
7.482 -7.4712
7.483 -7.21392
7.484 -6.96064
7.485 -6.71144
7.486 -6.46639
7.487 -6.22556
7.488 -5.98904
7.489 -5.75689
7.49 -5.52919
7.491 -5.306
7.492 -5.08738
7.493 -4.8734
7.494 -4.6641
7.495 -4.45953
7.496 -4.25977
7.497 -4.06484
7.498 -3.87481
7.499 -3.68974
7.5 -3.50966
7.501 -3.33463
7.502 -3.16468
7.503 -2.99984
7.504 -2.84015
7.505 -2.68564
7.506 -2.53633
7.507 -2.39225
7.508 -2.25344
7.509 -2.11993
7.51 -1.99173
7.511 -1.86888
7.512 -1.75138
7.513 -1.63926
7.514 -1.53252
7.515 -1.43118
7.516 -1.33525
7.517 -1.24473
7.518 -1.15964
7.519 -1.07999
7.52 -1.00578
7.521 -0.937026
7.522 -0.87373
7.523 -0.815896
7.524 -0.763525
7.525 -0.716621
7.526 -0.675184
7.527 -0.639216
7.528 -0.608718
7.529 -0.583688
7.53 -0.56413
7.531 -0.550045
7.532 -0.541449
7.533 -0.538409
7.534 -0.540986
7.535 -0.549057
7.536 -0.562619
7.537 -0.58167
7.538 -0.606208
7.539 -0.636226
7.54 -0.671718
7.541 -0.71268
7.542 -0.759114
7.543 -0.811024
7.544 -0.868415
7.545 -0.931285
7.546 -0.999636
7.547 -1.07346
7.548 -1.15276
7.549 -1.23753
7.55 -1.32775
7.551 -1.42343
7.552 -1.52455
7.553 -1.63113
7.554 -1.74317
7.555 -1.86065
7.556 -1.98359
7.557 -2.11197
7.558 -2.24579
7.559 -2.38504
7.56 -2.5297
7.561 -2.67977
7.562 -2.83521
7.563 -2.99602
7.564 -3.16216
7.565 -3.33363
7.566 -3.51037
7.567 -3.69238
7.568 -3.87963
7.569 -4.07206
7.57 -4.26967
7.571 -4.4724
7.572 -4.6802
7.573 -4.893
7.574 -5.11073
7.575 -5.33333
7.576 -5.56072
7.577 -5.79285
7.578 -6.02963
7.579 -6.27101
7.58 -6.5169
7.581 -6.76723
7.582 -7.02189
7.583 -7.28079
7.584 -7.5438
7.585 -7.81082
7.586 -8.08174
7.587 -8.35644
7.588 -8.63482
7.589 -8.91677
7.59 -9.20218
7.591 -9.49092
7.592 -9.78286
7.593 -10.0779
7.594 -10.3758
7.595 -10.6765
7.596 -10.9798
7.597 -11.2856
7.598 -11.5937
7.599 -11.9041
7.6 -12.2165
7.601 -12.5309
7.602 -12.847
7.603 -13.1648
7.604 -13.484
7.605 -13.8046
7.606 -14.1263
7.607 -14.4491
7.608 -14.7728
7.609 -15.0973
7.61 -15.4223
7.611 -15.7478
7.612 -16.0736
7.613 -16.3996
7.614 -16.7256
7.615 -17.0516
7.616 -17.3773
7.617 -17.7027
7.618 -18.0275
7.619 -18.3518
7.62 -18.6753
7.621 -18.9979
7.622 -19.3195
7.623 -19.6399
7.624 -19.9592
7.625 -20.2771
7.626 -20.5935
7.627 -20.9083
7.628 -21.2215
7.629 -21.5329
7.63 -21.8423
7.631 -22.1498
7.632 -22.4552
7.633 -22.7584
7.634 -23.0593
7.635 -23.3579
7.636 -23.654
7.637 -23.9476
7.638 -24.2386
7.639 -24.5269
7.64 -24.8124
7.641 -25.0951
7.642 -25.3749
7.643 -25.6517
7.644 -25.9255
7.645 -26.1962
7.646 -26.4637
7.647 -26.7281
7.648 -26.9891
7.649 -27.2469
7.65 -27.5012
7.651 -27.7521
7.652 -27.9996
7.653 -28.2435
7.654 -28.4839
7.655 -28.7207
7.656 -28.9539
7.657 -29.1834
7.658 -29.4092
7.659 -29.6313
7.66 -29.8496
7.661 -30.0642
7.662 -30.2749
7.663 -30.4818
7.664 -30.6848
7.665 -30.8839
7.666 -31.079
7.667 -31.2703
7.668 -31.4576
7.669 -31.6409
7.67 -31.8202
7.671 -31.9955
7.672 -32.1667
7.673 -32.3339
7.674 -32.497
7.675 -32.6559
7.676 -32.8108
7.677 -32.9615
7.678 -33.1081
7.679 -33.2504
7.68 -33.3886
7.681 -33.5225
7.682 -33.6523
7.683 -33.7777
7.684 -33.8989
7.685 -34.0158
7.686 -34.1283
7.687 -34.2365
7.688 -34.3404
7.689 -34.4398
7.69 -34.5349
7.691 -34.6255
7.692 -34.7118
7.693 -34.7935
7.694 -34.8708
7.695 -34.9436
7.696 -35.0119
7.697 -35.0757
7.698 -35.1349
7.699 -35.1896
7.7 -35.2398
7.701 -35.2854
7.702 -35.3264
7.703 -35.3628
7.704 -35.3946
7.705 -35.4218
7.706 -35.4444
7.707 -35.4624
7.708 -35.4757
7.709 -35.4845
7.71 -35.4886
7.711 -35.4879
7.712 -35.4826
7.713 -35.4726
7.714 -35.4581
7.715 -35.4389
7.716 -35.4151
7.717 -35.3868
7.718 -35.3539
7.719 -35.3165
7.72 -35.2745
7.721 -35.228
7.722 -35.177
7.723 -35.1216
7.724 -35.0618
7.725 -34.9975
7.726 -34.929
7.727 -34.856
7.728 -34.7788
7.729 -34.6974
7.73 -34.6117
7.731 -34.5219
7.732 -34.4279
7.733 -34.3299
7.734 -34.2279
7.735 -34.1219
7.736 -34.012
7.737 -33.8983
7.738 -33.7808
7.739 -33.6595
7.74 -33.5346
7.741 -33.4061
7.742 -33.2741
7.743 -33.1386
7.744 -32.9997
7.745 -32.8576
7.746 -32.7122
7.747 -32.5637
7.748 -32.4121
7.749 -32.2575
7.75 -32.1
7.751 -31.9396
7.752 -31.7765
7.753 -31.6108
7.754 -31.4424
7.755 -31.2716
7.756 -31.0983
7.757 -30.9227
7.758 -30.7449
7.759 -30.5648
7.76 -30.3827
7.761 -30.1986
7.762 -30.0125
7.763 -29.8246
7.764 -29.6349
7.765 -29.4435
7.766 -29.2505
7.767 -29.0559
7.768 -28.8598
7.769 -28.6622
7.77 -28.4634
7.771 -28.2632
7.772 -28.0618
7.773 -27.8592
7.774 -27.6555
7.775 -27.4508
7.776 -27.245
7.777 -27.0383
7.778 -26.8307
7.779 -26.6222
7.78 -26.4129
7.781 -26.2029
7.782 -25.9922
7.783 -25.7808
7.784 -25.5688
7.785 -25.3562
7.786 -25.143
7.787 -24.9294
7.788 -24.7152
7.789 -24.5007
7.79 -24.2858
7.791 -24.0705
7.792 -23.8548
7.793 -23.6389
7.794 -23.4228
7.795 -23.2064
7.796 -22.9898
7.797 -22.7731
7.798 -22.5562
7.799 -22.3392
7.8 -22.1221
7.801 -21.905
7.802 -21.6879
7.803 -21.4708
7.804 -21.2538
7.805 -21.0368
7.806 -20.8198
7.807 -20.6031
7.808 -20.3864
7.809 -20.17
7.81 -19.9537
7.811 -19.7377
7.812 -19.5219
7.813 -19.3064
7.814 -19.0912
7.815 -18.8764
7.816 -18.6619
7.817 -18.4479
7.818 -18.2343
7.819 -18.0212
7.82 -17.8086
7.821 -17.5965
7.822 -17.3849
7.823 -17.174
7.824 -16.9637
7.825 -16.7541
7.826 -16.5452
7.827 -16.3371
7.828 -16.1297
7.829 -15.9232
7.83 -15.7175
7.831 -15.5128
7.832 -15.3089
7.833 -15.106
7.834 -14.9041
7.835 -14.7033
7.836 -14.5035
7.837 -14.3048
7.838 -14.1072
7.839 -13.9107
7.84 -13.7155
7.841 -13.5215
7.842 -13.3287
7.843 -13.1372
7.844 -12.947
7.845 -12.7581
7.846 -12.5705
7.847 -12.3843
7.848 -12.1994
7.849 -12.016
7.85 -11.834
7.851 -11.6534
7.852 -11.4743
7.853 -11.2966
7.854 -11.1204
7.855 -10.9457
7.856 -10.7724
7.857 -10.6005
7.858 -10.4302
7.859 -10.2613
7.86 -10.0939
7.861 -9.92802
7.862 -9.76358
7.863 -9.60059
7.864 -9.43907
7.865 -9.27898
7.866 -9.12032
7.867 -8.96309
7.868 -8.80726
7.869 -8.65283
7.87 -8.49979
7.871 -8.34812
7.872 -8.1978
7.873 -8.04883
7.874 -7.90117
7.875 -7.75482
7.876 -7.60976
7.877 -7.46597
7.878 -7.32343
7.879 -7.18213
7.88 -7.04203
7.881 -6.90314
7.882 -6.76542
7.883 -6.62887
7.884 -6.49346
7.885 -6.35919
7.886 -6.22604
7.887 -6.09399
7.888 -5.96303
7.889 -5.83313
7.89 -5.70429
7.891 -5.57649
7.892 -5.44971
7.893 -5.32395
7.894 -5.19921
7.895 -5.07547
7.896 -4.95273
7.897 -4.83097
7.898 -4.7102
7.899 -4.5904
7.9 -4.47156
7.901 -4.35367
7.902 -4.23674
7.903 -4.12077
7.904 -4.00575
7.905 -3.89169
7.906 -3.77858
7.907 -3.66642
7.908 -3.55522
7.909 -3.44497
7.91 -3.33567
7.911 -3.22733
7.912 -3.11995
7.913 -3.01354
7.914 -2.9081
7.915 -2.80364
7.916 -2.70016
7.917 -2.59768
7.918 -2.4962
7.919 -2.39573
7.92 -2.29627
7.921 -2.19782
7.922 -2.10041
7.923 -2.00405
7.924 -1.90876
7.925 -1.81454
7.926 -1.72142
7.927 -1.6294
7.928 -1.5385
7.929 -1.44875
7.93 -1.36014
7.931 -1.27269
7.932 -1.18644
7.933 -1.10141
7.934 -1.01761
7.935 -0.935085
7.936 -0.85385
7.937 -0.773933
7.938 -0.695358
7.939 -0.61815
7.94 -0.542334
7.941 -0.467938
7.942 -0.395002
7.943 -0.32357
7.944 -0.253686
7.945 -0.185394
7.946 -0.118738
7.947 -0.0537611
7.948 0.00949343
7.949 0.070983
7.95 0.130665
7.951 0.188491
7.952 0.244404
7.953 0.298341
7.954 0.350238
7.955 0.400032
7.956 0.447661
7.957 0.493063
7.958 0.536176
7.959 0.576938
7.96 0.615287
7.961 0.651158
7.962 0.684474
7.963 0.715154
7.964 0.743116
7.965 0.768279
7.966 0.790564
7.967 0.809891
7.968 0.826179
7.969 0.83935
7.97 0.849325
7.971 0.85602
7.972 0.85934
7.973 0.859132
7.974 0.855359
7.975 0.847965
7.976 0.836869
7.977 0.821989
7.978 0.803247
7.979 0.780565
7.98 0.753865
7.981 0.723074
7.982 0.688128
7.983 0.648964
7.984 0.605522
7.985 0.557743
7.986 0.50557
7.987 0.448949
7.988 0.387825
7.989 0.322146
7.99 0.251862
7.991 0.17693
7.992 0.0973204
7.993 0.0130106
7.994 -0.07602
7.995 -0.16979
7.996 -0.268317
7.997 -0.371615
7.998 -0.479699
7.999 -0.592579
8 -0.710264
8.001 -0.832756
8.002 -0.960038
8.003 -1.09209
8.004 -1.22887
8.005 -1.37037
8.006 -1.51655
8.007 -1.66738
8.008 -1.82283
8.009 -1.98285
8.01 -2.14742
8.011 -2.31649
8.012 -2.49
8.013 -2.66787
8.014 -2.85002
8.015 -3.0364
8.016 -3.22691
8.017 -3.42149
8.018 -3.62005
8.019 -3.82252
8.02 -4.02883
8.021 -4.23887
8.022 -4.45257
8.023 -4.66981
8.024 -4.89048
8.025 -5.1145
8.026 -5.34174
8.027 -5.5721
8.028 -5.80548
8.029 -6.04178
8.03 -6.28089
8.031 -6.52269
8.032 -6.76708
8.033 -7.01391
8.034 -7.26308
8.035 -7.51444
8.036 -7.76787
8.037 -8.02326
8.038 -8.28047
8.039 -8.53938
8.04 -8.79987
8.041 -9.06182
8.042 -9.3251
8.043 -9.58957
8.044 -9.85511
8.045 -10.1216
8.046 -10.3889
8.047 -10.6568
8.048 -10.9253
8.049 -11.1942
8.05 -11.4635
8.051 -11.7329
8.052 -12.0023
8.053 -12.2718
8.054 -12.541
8.055 -12.8099
8.056 -13.0785
8.057 -13.3465
8.058 -13.6138
8.059 -13.8805
8.06 -14.1463
8.061 -14.4111
8.062 -14.6748
8.063 -14.9374
8.064 -15.1987
8.065 -15.4587
8.066 -15.7172
8.067 -15.9742
8.068 -16.2296
8.069 -16.4832
8.07 -16.7351
8.071 -16.985
8.072 -17.2329
8.073 -17.4789
8.074 -17.7227
8.075 -17.9643
8.076 -18.2037
8.077 -18.4407
8.078 -18.6754
8.079 -18.9076
8.08 -19.1374
8.081 -19.3645
8.082 -19.5891
8.083 -19.8109
8.084 -20.0301
8.085 -20.2465
8.086 -20.4601
8.087 -20.6708
8.088 -20.8787
8.089 -21.0837
8.09 -21.2857
8.091 -21.4847
8.092 -21.6806
8.093 -21.8735
8.094 -22.0634
8.095 -22.2501
8.096 -22.4337
8.097 -22.6141
8.098 -22.7914
8.099 -22.9654
8.1 -23.1363
8.101 -23.3039
8.102 -23.4682
8.103 -23.6293
8.104 -23.7871
8.105 -23.9417
8.106 -24.0929
8.107 -24.2408
8.108 -24.3854
8.109 -24.5267
8.11 -24.6647
8.111 -24.7993
8.112 -24.9306
8.113 -25.0585
8.114 -25.1832
8.115 -25.3044
8.116 -25.4224
8.117 -25.537
8.118 -25.6483
8.119 -25.7562
8.12 -25.8609
8.121 -25.9622
8.122 -26.0602
8.123 -26.1549
8.124 -26.2463
8.125 -26.3344
8.126 -26.4193
8.127 -26.5008
8.128 -26.5791
8.129 -26.6541
8.13 -26.7258
8.131 -26.7944
8.132 -26.8596
8.133 -26.9217
8.134 -26.9805
8.135 -27.0361
8.136 -27.0885
8.137 -27.1377
8.138 -27.1838
8.139 -27.2267
8.14 -27.2664
8.141 -27.303
8.142 -27.3365
8.143 -27.3668
8.144 -27.394
8.145 -27.4182
8.146 -27.4392
8.147 -27.4572
8.148 -27.4721
8.149 -27.484
8.15 -27.4928
8.151 -27.4986
8.152 -27.5014
8.153 -27.5011
8.154 -27.4979
8.155 -27.4916
8.156 -27.4825
8.157 -27.4703
8.158 -27.4553
8.159 -27.4374
8.16 -27.4166
8.161 -27.3929
8.162 -27.3664
8.163 -27.337
8.164 -27.3049
8.165 -27.27
8.166 -27.2323
8.167 -27.1919
8.168 -27.1488
8.169 -27.103
8.17 -27.0545
8.171 -27.0035
8.172 -26.9498
8.173 -26.8935
8.174 -26.8347
8.175 -26.7734
8.176 -26.7096
8.177 -26.6433
8.178 -26.5746
8.179 -26.5035
8.18 -26.4301
8.181 -26.3543
8.182 -26.2762
8.183 -26.1958
8.184 -26.1132
8.185 -26.0284
8.186 -25.9414
8.187 -25.8522
8.188 -25.7608
8.189 -25.6674
8.19 -25.5719
8.191 -25.4743
8.192 -25.3748
8.193 -25.2732
8.194 -25.1697
8.195 -25.0643
8.196 -24.957
8.197 -24.8479
8.198 -24.7369
8.199 -24.6242
8.2 -24.5097
8.201 -24.3935
8.202 -24.2756
8.203 -24.1561
8.204 -24.0351
8.205 -23.9125
8.206 -23.7884
8.207 -23.6629
8.208 -23.536
8.209 -23.4078
8.21 -23.2783
8.211 -23.1475
8.212 -23.0156
8.213 -22.8825
8.214 -22.7484
8.215 -22.6132
8.216 -22.4771
8.217 -22.3401
8.218 -22.2022
8.219 -22.0635
8.22 -21.9242
8.221 -21.7841
8.222 -21.6434
8.223 -21.5022
8.224 -21.3605
8.225 -21.2183
8.226 -21.0757
8.227 -20.9328
8.228 -20.7896
8.229 -20.6463
8.23 -20.5027
8.231 -20.359
8.232 -20.2153
8.233 -20.0716
8.234 -19.9279
8.235 -19.7843
8.236 -19.6409
8.237 -19.4976
8.238 -19.3546
8.239 -19.2119
8.24 -19.0696
8.241 -18.9276
8.242 -18.7861
8.243 -18.6451
8.244 -18.5045
8.245 -18.3646
8.246 -18.2252
8.247 -18.0866
8.248 -17.9486
8.249 -17.8113
8.25 -17.6749
8.251 -17.5392
8.252 -17.4044
8.253 -17.2706
8.254 -17.1376
8.255 -17.0057
8.256 -16.8748
8.257 -16.7449
8.258 -16.6162
8.259 -16.4886
8.26 -16.3622
8.261 -16.237
8.262 -16.1131
8.263 -15.9905
8.264 -15.8692
8.265 -15.7493
8.266 -15.6308
8.267 -15.5138
8.268 -15.3982
8.269 -15.2842
8.27 -15.1717
8.271 -15.0608
8.272 -14.9515
8.273 -14.8438
8.274 -14.7378
8.275 -14.6335
8.276 -14.5309
8.277 -14.4301
8.278 -14.331
8.279 -14.2337
8.28 -14.1382
8.281 -14.0445
8.282 -13.9527
8.283 -13.8628
8.284 -13.7747
8.285 -13.6885
8.286 -13.6042
8.287 -13.5218
8.288 -13.4414
8.289 -13.3629
8.29 -13.2863
8.291 -13.2116
8.292 -13.139
8.293 -13.0682
8.294 -12.9994
8.295 -12.9326
8.296 -12.8678
8.297 -12.8048
8.298 -12.7439
8.299 -12.6849
8.3 -12.6278
8.301 -12.5727
8.302 -12.5196
8.303 -12.4683
8.304 -12.4191
8.305 -12.3718
8.306 -12.3264
8.307 -12.283
8.308 -12.2415
8.309 -12.2019
8.31 -12.1643
8.311 -12.1286
8.312 -12.0949
8.313 -12.0631
8.314 -12.0332
8.315 -12.0052
8.316 -11.9792
8.317 -11.955
8.318 -11.9328
8.319 -11.9125
8.32 -11.8942
8.321 -11.8777
8.322 -11.8632
8.323 -11.8505
8.324 -11.8398
8.325 -11.8309
8.326 -11.824
8.327 -11.819
8.328 -11.8158
8.329 -11.8146
8.33 -11.8153
8.331 -11.8178
8.332 -11.8223
8.333 -11.8286
8.334 -11.8368
8.335 -11.8469
8.336 -11.8588
8.337 -11.8727
8.338 -11.8884
8.339 -11.9059
8.34 -11.9253
8.341 -11.9465
8.342 -11.9696
8.343 -11.9945
8.344 -12.0212
8.345 -12.0498
8.346 -12.0801
8.347 -12.1123
8.348 -12.1462
8.349 -12.182
8.35 -12.2195
8.351 -12.2588
8.352 -12.2998
8.353 -12.3426
8.354 -12.3872
8.355 -12.4334
8.356 -12.4814
8.357 -12.5311
8.358 -12.5825
8.359 -12.6355
8.36 -12.6902
8.361 -12.7466
8.362 -12.8046
8.363 -12.8642
8.364 -12.9255
8.365 -12.9883
8.366 -13.0527
8.367 -13.1186
8.368 -13.1861
8.369 -13.2551
8.37 -13.3256
8.371 -13.3975
8.372 -13.4709
8.373 -13.5458
8.374 -13.622
8.375 -13.6996
8.376 -13.7786
8.377 -13.8589
8.378 -13.9405
8.379 -14.0233
8.38 -14.1074
8.381 -14.1927
8.382 -14.2791
8.383 -14.3667
8.384 -14.4554
8.385 -14.5452
8.386 -14.6361
8.387 -14.7279
8.388 -14.8207
8.389 -14.9145
8.39 -15.0091
8.391 -15.1047
8.392 -15.2011
8.393 -15.2982
8.394 -15.3962
8.395 -15.4948
8.396 -15.5942
8.397 -15.6943
8.398 -15.7949
8.399 -15.8962
8.4 -15.998
8.401 -16.1004
8.402 -16.2033
8.403 -16.3066
8.404 -16.4103
8.405 -16.5144
8.406 -16.6189
8.407 -16.7237
8.408 -16.8287
8.409 -16.934
8.41 -17.0396
8.411 -17.1453
8.412 -17.2511
8.413 -17.3571
8.414 -17.4631
8.415 -17.5693
8.416 -17.6754
8.417 -17.7815
8.418 -17.8876
8.419 -17.9937
8.42 -18.0996
8.421 -18.2054
8.422 -18.3111
8.423 -18.4166
8.424 -18.5218
8.425 -18.6269
8.426 -18.7316
8.427 -18.8361
8.428 -18.9402
8.429 -19.0439
8.43 -19.1473
8.431 -19.2503
8.432 -19.3528
8.433 -19.4549
8.434 -19.5564
8.435 -19.6575
8.436 -19.758
8.437 -19.8579
8.438 -19.9572
8.439 -20.0559
8.44 -20.154
8.441 -20.2514
8.442 -20.3481
8.443 -20.4441
8.444 -20.5394
8.445 -20.6338
8.446 -20.7274
8.447 -20.8203
8.448 -20.9122
8.449 -21.0033
8.45 -21.0934
8.451 -21.1826
8.452 -21.2709
8.453 -21.3581
8.454 -21.4443
8.455 -21.5295
8.456 -21.6135
8.457 -21.6965
8.458 -21.7783
8.459 -21.859
8.46 -21.9384
8.461 -22.0167
8.462 -22.0937
8.463 -22.1694
8.464 -22.2438
8.465 -22.3169
8.466 -22.3886
8.467 -22.459
8.468 -22.5279
8.469 -22.5954
8.47 -22.6614
8.471 -22.726
8.472 -22.789
8.473 -22.8505
8.474 -22.9105
8.475 -22.9688
8.476 -23.0255
8.477 -23.0806
8.478 -23.134
8.479 -23.1857
8.48 -23.2357
8.481 -23.284
8.482 -23.3305
8.483 -23.3752
8.484 -23.418
8.485 -23.459
8.486 -23.4982
8.487 -23.5354
8.488 -23.5708
8.489 -23.6041
8.49 -23.6355
8.491 -23.6649
8.492 -23.6923
8.493 -23.7177
8.494 -23.7409
8.495 -23.7621
8.496 -23.7812
8.497 -23.7981
8.498 -23.8129
8.499 -23.8255
8.5 -23.8359
8.501 -23.8441
8.502 -23.85
8.503 -23.8537
8.504 -23.8551
8.505 -23.8542
8.506 -23.851
8.507 -23.8455
8.508 -23.8376
8.509 -23.8274
8.51 -23.8148
8.511 -23.7999
8.512 -23.7825
8.513 -23.7628
8.514 -23.7407
8.515 -23.7162
8.516 -23.6893
8.517 -23.66
8.518 -23.6282
8.519 -23.5941
8.52 -23.5575
8.521 -23.5186
8.522 -23.4772
8.523 -23.4334
8.524 -23.3873
8.525 -23.3387
8.526 -23.2878
8.527 -23.2344
8.528 -23.1787
8.529 -23.1207
8.53 -23.0603
8.531 -22.9975
8.532 -22.9324
8.533 -22.865
8.534 -22.7953
8.535 -22.7233
8.536 -22.649
8.537 -22.5725
8.538 -22.4937
8.539 -22.4127
8.54 -22.3295
8.541 -22.2441
8.542 -22.1566
8.543 -22.0669
8.544 -21.975
8.545 -21.881
8.546 -21.785
8.547 -21.6868
8.548 -21.5867
8.549 -21.4844
8.55 -21.3802
8.551 -21.274
8.552 -21.1659
8.553 -21.0558
8.554 -20.9438
8.555 -20.83
8.556 -20.7142
8.557 -20.5967
8.558 -20.4774
8.559 -20.3563
8.56 -20.2335
8.561 -20.109
8.562 -19.9828
8.563 -19.8549
8.564 -19.7255
8.565 -19.5944
8.566 -19.4618
8.567 -19.3277
8.568 -19.1922
8.569 -19.0551
8.57 -18.9167
8.571 -18.7768
8.572 -18.6356
8.573 -18.493
8.574 -18.3492
8.575 -18.204
8.576 -18.0576
8.577 -17.91
8.578 -17.7612
8.579 -17.6112
8.58 -17.4601
8.581 -17.3079
8.582 -17.1545
8.583 -17.0001
8.584 -16.8446
8.585 -16.688
8.586 -16.5304
8.587 -16.3718
8.588 -16.2121
8.589 -16.0515
8.59 -15.8899
8.591 -15.7273
8.592 -15.5637
8.593 -15.3992
8.594 -15.2338
8.595 -15.0673
8.596 -14.9
8.597 -14.7317
8.598 -14.5625
8.599 -14.3923
8.6 -14.2213
8.601 -14.0493
8.602 -13.8764
8.603 -13.7025
8.604 -13.5278
8.605 -13.3522
8.606 -13.1756
8.607 -12.9982
8.608 -12.8198
8.609 -12.6405
8.61 -12.4604
8.611 -12.2793
8.612 -12.0973
8.613 -11.9145
8.614 -11.7307
8.615 -11.5461
8.616 -11.3606
8.617 -11.1742
8.618 -10.987
8.619 -10.7989
8.62 -10.61
8.621 -10.4201
8.622 -10.2295
8.623 -10.038
8.624 -9.84567
8.625 -9.65253
8.626 -9.45858
8.627 -9.26382
8.628 -9.06827
8.629 -8.87192
8.63 -8.6748
8.631 -8.4769
8.632 -8.27824
8.633 -8.07882
8.634 -7.87866
8.635 -7.67776
8.636 -7.47613
8.637 -7.27377
8.638 -7.07071
8.639 -6.86694
8.64 -6.66247
8.641 -6.45731
8.642 -6.25146
8.643 -6.04493
8.644 -5.83772
8.645 -5.62983
8.646 -5.42127
8.647 -5.21204
8.648 -5.00215
8.649 -4.79158
8.65 -4.58035
8.651 -4.36846
8.652 -4.15591
8.653 -3.94269
8.654 -3.72882
8.655 -3.51428
8.656 -3.29908
8.657 -3.08322
8.658 -2.8667
8.659 -2.64952
8.66 -2.43167
8.661 -2.21316
8.662 -1.99398
8.663 -1.77415
8.664 -1.55367
8.665 -1.33253
8.666 -1.11075
8.667 -0.888326
8.668 -0.665262
8.669 -0.44156
8.67 -0.217223
8.671 0.0077449
8.672 0.233334
8.673 0.459533
8.674 0.686329
8.675 0.913713
8.676 1.14167
8.677 1.3702
8.678 1.59928
8.679 1.8289
8.68 2.05906
8.681 2.28974
8.682 2.52093
8.683 2.7526
8.684 2.98475
8.685 3.21735
8.686 3.45038
8.687 3.68384
8.688 3.91769
8.689 4.15194
8.69 4.38655
8.691 4.62151
8.692 4.85681
8.693 5.0924
8.694 5.32828
8.695 5.56441
8.696 5.80078
8.697 6.03733
8.698 6.2741
8.699 6.51104
8.7 6.74814
8.701 6.98543
8.702 7.22285
8.703 7.46039
8.704 7.69803
8.705 7.93573
8.706 8.17349
8.707 8.41128
8.708 8.64907
8.709 8.88686
8.71 9.12462
8.711 9.36233
8.712 9.59997
8.713 9.83752
8.714 10.0749
8.715 10.3122
8.716 10.5494
8.717 10.7863
8.718 11.0231
8.719 11.2597
8.72 11.496
8.721 11.732
8.722 11.9678
8.723 12.2033
8.724 12.4384
8.725 12.6732
8.726 12.9077
8.727 13.1418
8.728 13.3756
8.729 13.6089
8.73 13.8418
8.731 14.0743
8.732 14.3063
8.733 14.5378
8.734 14.7689
8.735 14.9995
8.736 15.2295
8.737 15.4591
8.738 15.6881
8.739 15.9165
8.74 16.1444
8.741 16.3717
8.742 16.5984
8.743 16.8245
8.744 17.05
8.745 17.2748
8.746 17.499
8.747 17.7226
8.748 17.9455
8.749 18.1678
8.75 18.3893
8.751 18.6102
8.752 18.8304
8.753 19.0499
8.754 19.2686
8.755 19.4867
8.756 19.704
8.757 19.9206
8.758 20.1364
8.759 20.3515
8.76 20.5658
8.761 20.7793
8.762 20.9921
8.763 21.2041
8.764 21.4152
8.765 21.6256
8.766 21.8352
8.767 22.0439
8.768 22.2518
8.769 22.4589
8.77 22.6651
8.771 22.8705
8.772 23.075
8.773 23.2787
8.774 23.4814
8.775 23.6833
8.776 23.8843
8.777 24.0844
8.778 24.2836
8.779 24.4818
8.78 24.6791
8.781 24.8755
8.782 25.071
8.783 25.2655
8.784 25.459
8.785 25.6516
8.786 25.8432
8.787 26.0339
8.788 26.2235
8.789 26.4121
8.79 26.5997
8.791 26.7864
8.792 26.9719
8.793 27.1565
8.794 27.34
8.795 27.5224
8.796 27.7038
8.797 27.8841
8.798 28.0634
8.799 28.2415
8.8 28.4186
8.801 28.5945
8.802 28.7693
8.803 28.943
8.804 29.1156
8.805 29.287
8.806 29.4572
8.807 29.6262
8.808 29.7941
8.809 29.9608
8.81 30.1262
8.811 30.2905
8.812 30.4535
8.813 30.6152
8.814 30.7757
8.815 30.935
8.816 31.0929
8.817 31.2495
8.818 31.4048
8.819 31.5587
8.82 31.7114
8.821 31.8626
8.822 32.0124
8.823 32.1609
8.824 32.3079
8.825 32.4535
8.826 32.5976
8.827 32.7402
8.828 32.8813
8.829 33.0209
8.83 33.1589
8.831 33.2953
8.832 33.4302
8.833 33.5634
8.834 33.6949
8.835 33.8248
8.836 33.953
8.837 34.0794
8.838 34.2041
8.839 34.3269
8.84 34.448
8.841 34.5672
8.842 34.6845
8.843 34.7999
8.844 34.9133
8.845 35.0248
8.846 35.1342
8.847 35.2416
8.848 35.3468
8.849 35.45
8.85 35.5509
8.851 35.6497
8.852 35.7463
8.853 35.8405
8.854 35.9325
8.855 36.0221
8.856 36.1092
8.857 36.194
8.858 36.2763
8.859 36.356
8.86 36.4332
8.861 36.5078
8.862 36.5798
8.863 36.649
8.864 36.7156
8.865 36.7793
8.866 36.8403
8.867 36.8983
8.868 36.9535
8.869 37.0056
8.87 37.0548
8.871 37.101
8.872 37.144
8.873 37.1839
8.874 37.2206
8.875 37.2541
8.876 37.2843
8.877 37.3111
8.878 37.3346
8.879 37.3546
8.88 37.3711
8.881 37.3841
8.882 37.3934
8.883 37.3992
8.884 37.4011
8.885 37.3992
8.886 37.3936
8.887 37.3842
8.888 37.371
8.889 37.354
8.89 37.333
8.891 37.3082
8.892 37.2794
8.893 37.2466
8.894 37.2099
8.895 37.1692
8.896 37.1244
8.897 37.0756
8.898 37.0227
8.899 36.9658
8.9 36.9047
8.901 36.8396
8.902 36.7704
8.903 36.6971
8.904 36.6197
8.905 36.5382
8.906 36.4527
8.907 36.3631
8.908 36.2694
8.909 36.1717
8.91 36.0699
8.911 35.9641
8.912 35.8543
8.913 35.7406
8.914 35.6229
8.915 35.5014
8.916 35.3759
8.917 35.2467
8.918 35.1136
8.919 34.9769
8.92 34.8364
8.921 34.6922
8.922 34.5444
8.923 34.3931
8.924 34.2383
8.925 34.08
8.926 33.9183
8.927 33.7533
8.928 33.585
8.929 33.4136
8.93 33.2389
8.931 33.0612
8.932 32.8805
8.933 32.6968
8.934 32.5102
8.935 32.3209
8.936 32.1288
8.937 31.9341
8.938 31.7368
8.939 31.537
8.94 31.3348
8.941 31.1302
8.942 30.9234
8.943 30.7144
8.944 30.5033
8.945 30.2902
8.946 30.0752
8.947 29.8583
8.948 29.6397
8.949 29.4194
8.95 29.1975
8.951 28.9741
8.952 28.7493
8.953 28.5231
8.954 28.2957
8.955 28.0671
8.956 27.8374
8.957 27.6066
8.958 27.3749
8.959 27.1424
8.96 26.909
8.961 26.6749
8.962 26.4402
8.963 26.2048
8.964 25.9689
8.965 25.7325
8.966 25.4957
8.967 25.2586
8.968 25.0211
8.969 24.7833
8.97 24.5454
8.971 24.3072
8.972 24.069
8.973 23.8307
8.974 23.5924
8.975 23.354
8.976 23.1157
8.977 22.8774
8.978 22.6393
8.979 22.4013
8.98 22.1634
8.981 21.9258
8.982 21.6883
8.983 21.4512
8.984 21.2143
8.985 20.9777
8.986 20.7415
8.987 20.5056
8.988 20.27
8.989 20.0349
8.99 19.8002
8.991 19.566
8.992 19.3322
8.993 19.0989
8.994 18.8662
8.995 18.634
8.996 18.4023
8.997 18.1713
8.998 17.9409
8.999 17.7111
9 17.482
9.001 17.2536
9.002 17.0258
9.003 16.7989
9.004 16.5727
9.005 16.3472
9.006 16.1226
9.007 15.8988
9.008 15.6759
9.009 15.4539
9.01 15.2328
9.011 15.0126
9.012 14.7934
9.013 14.5751
9.014 14.3579
9.015 14.1417
9.016 13.9265
9.017 13.7124
9.018 13.4995
9.019 13.2876
9.02 13.0769
9.021 12.8674
9.022 12.659
9.023 12.4519
9.024 12.246
9.025 12.0414
9.026 11.8381
9.027 11.6361
9.028 11.4355
9.029 11.2362
9.03 11.0384
9.031 10.8419
9.032 10.647
9.033 10.4535
9.034 10.2615
9.035 10.0711
9.036 9.88224
9.037 9.69501
9.038 9.50941
9.039 9.32548
9.04 9.14324
9.041 8.96274
9.042 8.78399
9.043 8.60704
9.044 8.43191
9.045 8.25866
9.046 8.0873
9.047 7.91787
9.048 7.75041
9.049 7.58494
9.05 7.42151
9.051 7.26013
9.052 7.10085
9.053 6.94369
9.054 6.78868
9.055 6.63586
9.056 6.48524
9.057 6.33687
9.058 6.19077
9.059 6.04696
9.06 5.90548
9.061 5.76635
9.062 5.62959
9.063 5.49522
9.064 5.36326
9.065 5.23371
9.066 5.10661
9.067 4.98197
9.068 4.8598
9.069 4.74011
9.07 4.62294
9.071 4.50827
9.072 4.39614
9.073 4.28654
9.074 4.17948
9.075 4.07496
9.076 3.973
9.077 3.8736
9.078 3.77676
9.079 3.6825
9.08 3.59081
9.081 3.50169
9.082 3.41515
9.083 3.33119
9.084 3.2498
9.085 3.17097
9.086 3.0947
9.087 3.02099
9.088 2.94983
9.089 2.88123
9.09 2.81516
9.091 2.75163
9.092 2.69062
9.093 2.63212
9.094 2.57612
9.095 2.52259
9.096 2.47153
9.097 2.42292
9.098 2.37674
9.099 2.33297
9.1 2.29161
9.101 2.25262
9.102 2.21601
9.103 2.18174
9.104 2.14981
9.105 2.12019
9.106 2.09287
9.107 2.06783
9.108 2.04505
9.109 2.02451
9.11 2.00619
9.111 1.99008
9.112 1.97616
9.113 1.96442
9.114 1.95486
9.115 1.94746
9.116 1.94221
9.117 1.93912
9.118 1.93818
9.119 1.93941
9.12 1.94275
9.121 1.94819
9.122 1.95572
9.123 1.96534
9.124 1.97706
9.125 1.99086
9.126 2.00674
9.127 2.0247
9.128 2.04474
9.129 2.06685
9.13 2.09102
9.131 2.11725
9.132 2.14553
9.133 2.17588
9.134 2.20828
9.135 2.24274
9.136 2.27925
9.137 2.31782
9.138 2.35843
9.139 2.40109
9.14 2.4458
9.141 2.49254
9.142 2.5413
9.143 2.59209
9.144 2.64488
9.145 2.69966
9.146 2.75643
9.147 2.81517
9.148 2.87586
9.149 2.93849
9.15 3.00304
9.151 3.06951
9.152 3.13785
9.153 3.20805
9.154 3.28007
9.155 3.35388
9.156 3.42945
9.157 3.50675
9.158 3.58574
9.159 3.6664
9.16 3.74869
9.161 3.83256
9.162 3.91799
9.163 4.00491
9.164 4.09329
9.165 4.18306
9.166 4.27419
9.167 4.36663
9.168 4.46031
9.169 4.5552
9.17 4.65124
9.171 4.74838
9.172 4.84655
9.173 4.9457
9.174 5.04577
9.175 5.14669
9.176 5.2484
9.177 5.35083
9.178 5.45394
9.179 5.55764
9.18 5.66189
9.181 5.76661
9.182 5.87175
9.183 5.97723
9.184 6.08298
9.185 6.18895
9.186 6.29506
9.187 6.40125
9.188 6.50745
9.189 6.61361
9.19 6.71964
9.191 6.8255
9.192 6.93111
9.193 7.03642
9.194 7.14136
9.195 7.24589
9.196 7.34992
9.197 7.45342
9.198 7.55631
9.199 7.65855
9.2 7.76007
9.201 7.86082
9.202 7.96075
9.203 8.05981
9.204 8.15796
9.205 8.25515
9.206 8.35133
9.207 8.44646
9.208 8.54049
9.209 8.63338
9.21 8.72509
9.211 8.81558
9.212 8.90481
9.213 8.99275
9.214 9.07938
9.215 9.16466
9.216 9.24857
9.217 9.33108
9.218 9.41216
9.219 9.49179
9.22 9.56993
9.221 9.64658
9.222 9.7217
9.223 9.7953
9.224 9.86736
9.225 9.93786
9.226 10.0068
9.227 10.0742
9.228 10.14
9.229 10.2042
9.23 10.2668
9.231 10.3278
9.232 10.3872
9.233 10.445
9.234 10.5012
9.235 10.5558
9.236 10.6087
9.237 10.6601
9.238 10.7099
9.239 10.758
9.24 10.8046
9.241 10.8495
9.242 10.8929
9.243 10.9346
9.244 10.9748
9.245 11.0134
9.246 11.0504
9.247 11.0859
9.248 11.1198
9.249 11.1521
9.25 11.1829
9.251 11.2121
9.252 11.2398
9.253 11.266
9.254 11.2906
9.255 11.3137
9.256 11.3352
9.257 11.3553
9.258 11.3738
9.259 11.3908
9.26 11.4063
9.261 11.4203
9.262 11.4328
9.263 11.4438
9.264 11.4534
9.265 11.4614
9.266 11.468
9.267 11.473
9.268 11.4766
9.269 11.4787
9.27 11.4794
9.271 11.4786
9.272 11.4763
9.273 11.4725
9.274 11.4673
9.275 11.4607
9.276 11.4525
9.277 11.443
9.278 11.432
9.279 11.4195
9.28 11.4056
9.281 11.3903
9.282 11.3736
9.283 11.3554
9.284 11.3358
9.285 11.3148
9.286 11.2924
9.287 11.2686
9.288 11.2435
9.289 11.2169
9.29 11.189
9.291 11.1597
9.292 11.129
9.293 11.097
9.294 11.0637
9.295 11.029
9.296 10.9931
9.297 10.9558
9.298 10.9173
9.299 10.8775
9.3 10.8365
9.301 10.7942
9.302 10.7507
9.303 10.7061
9.304 10.6602
9.305 10.6132
9.306 10.5651
9.307 10.5158
9.308 10.4655
9.309 10.414
9.31 10.3615
9.311 10.308
9.312 10.2535
9.313 10.198
9.314 10.1416
9.315 10.0842
9.316 10.026
9.317 9.96686
9.318 9.90692
9.319 9.84617
9.32 9.78465
9.321 9.72239
9.322 9.65942
9.323 9.59578
9.324 9.53149
9.325 9.4666
9.326 9.40113
9.327 9.33512
9.328 9.26861
9.329 9.20163
9.33 9.13421
9.331 9.06639
9.332 8.9982
9.333 8.9297
9.334 8.86092
9.335 8.7919
9.336 8.72268
9.337 8.6533
9.338 8.5838
9.339 8.51423
9.34 8.44461
9.341 8.37501
9.342 8.30545
9.343 8.236
9.344 8.1667
9.345 8.09759
9.346 8.02874
9.347 7.96019
9.348 7.89198
9.349 7.82417
9.35 7.7568
9.351 7.68992
9.352 7.62358
9.353 7.55783
9.354 7.49273
9.355 7.42831
9.356 7.36464
9.357 7.30176
9.358 7.23972
9.359 7.17857
9.36 7.11835
9.361 7.05911
9.362 7.00089
9.363 6.94372
9.364 6.88764
9.365 6.83269
9.366 6.7789
9.367 6.72631
9.368 6.67494
9.369 6.62483
9.37 6.57601
9.371 6.52851
9.372 6.48235
9.373 6.43755
9.374 6.39413
9.375 6.3521
9.376 6.31148
9.377 6.27229
9.378 6.23453
9.379 6.19822
9.38 6.16338
9.381 6.13002
9.382 6.09813
9.383 6.06771
9.384 6.03878
9.385 6.01131
9.386 5.98532
9.387 5.96079
9.388 5.93773
9.389 5.91612
9.39 5.89597
9.391 5.87727
9.392 5.85999
9.393 5.84414
9.394 5.82969
9.395 5.81663
9.396 5.80494
9.397 5.7946
9.398 5.78561
9.399 5.77793
9.4 5.77155
9.401 5.76646
9.402 5.76263
9.403 5.76003
9.404 5.75865
9.405 5.75846
9.406 5.75943
9.407 5.76155
9.408 5.76477
9.409 5.76909
9.41 5.77447
9.411 5.78088
9.412 5.78831
9.413 5.79672
9.414 5.80609
9.415 5.8164
9.416 5.8276
9.417 5.83969
9.418 5.85263
9.419 5.86639
9.42 5.88095
9.421 5.89628
9.422 5.91236
9.423 5.92916
9.424 5.94665
9.425 5.96483
9.426 5.98366
9.427 6.00312
9.428 6.02318
9.429 6.04383
9.43 6.06503
9.431 6.08677
9.432 6.10902
9.433 6.13176
9.434 6.15499
9.435 6.17866
9.436 6.20278
9.437 6.22731
9.438 6.25224
9.439 6.27755
9.44 6.30321
9.441 6.32921
9.442 6.35554
9.443 6.38218
9.444 6.40912
9.445 6.43635
9.446 6.46386
9.447 6.49163
9.448 6.51966
9.449 6.54792
9.45 6.57641
9.451 6.60512
9.452 6.63403
9.453 6.66314
9.454 6.69244
9.455 6.72192
9.456 6.75157
9.457 6.78138
9.458 6.81135
9.459 6.84146
9.46 6.8717
9.461 6.90208
9.462 6.93257
9.463 6.96316
9.464 6.99386
9.465 7.02464
9.466 7.05549
9.467 7.08641
9.468 7.11738
9.469 7.1484
9.47 7.17945
9.471 7.21053
9.472 7.24161
9.473 7.27268
9.474 7.30373
9.475 7.33475
9.476 7.3657
9.477 7.39659
9.478 7.42739
9.479 7.45809
9.48 7.48867
9.481 7.51911
9.482 7.54941
9.483 7.57953
9.484 7.60946
9.485 7.63918
9.486 7.66867
9.487 7.69792
9.488 7.7269
9.489 7.75559
9.49 7.78398
9.491 7.81204
9.492 7.83976
9.493 7.8671
9.494 7.89404
9.495 7.92055
9.496 7.94661
9.497 7.97219
9.498 7.99727
9.499 8.02182
9.5 8.04581
9.501 8.06923
9.502 8.09205
9.503 8.11424
9.504 8.13578
9.505 8.15665
9.506 8.17682
9.507 8.19627
9.508 8.21498
9.509 8.23293
9.51 8.25009
9.511 8.26644
9.512 8.28196
9.513 8.29664
9.514 8.31043
9.515 8.32334
9.516 8.33532
9.517 8.34637
9.518 8.35647
9.519 8.36558
9.52 8.37371
9.521 8.38081
9.522 8.38689
9.523 8.39191
9.524 8.39586
9.525 8.39873
9.526 8.4005
9.527 8.40114
9.528 8.40065
9.529 8.39902
9.53 8.39621
9.531 8.39223
9.532 8.38706
9.533 8.38067
9.534 8.37308
9.535 8.36425
9.536 8.35417
9.537 8.34285
9.538 8.33026
9.539 8.31639
9.54 8.30124
9.541 8.2848
9.542 8.26706
9.543 8.24801
9.544 8.22765
9.545 8.20597
9.546 8.18296
9.547 8.15863
9.548 8.13297
9.549 8.10597
9.55 8.07764
9.551 8.04796
9.552 8.01695
9.553 7.98461
9.554 7.95093
9.555 7.91593
9.556 7.8796
9.557 7.84196
9.558 7.803
9.559 7.76275
9.56 7.72119
9.561 7.67835
9.562 7.63423
9.563 7.58884
9.564 7.54222
9.565 7.49436
9.566 7.44529
9.567 7.39503
9.568 7.34359
9.569 7.29098
9.57 7.23724
9.571 7.18238
9.572 7.12641
9.573 7.06938
9.574 7.0113
9.575 6.95219
9.576 6.8921
9.577 6.83103
9.578 6.76902
9.579 6.7061
9.58 6.64228
9.581 6.57762
9.582 6.51212
9.583 6.44582
9.584 6.37876
9.585 6.31096
9.586 6.24246
9.587 6.17329
9.588 6.10347
9.589 6.03305
9.59 5.96204
9.591 5.8905
9.592 5.81843
9.593 5.74589
9.594 5.67288
9.595 5.59946
9.596 5.52564
9.597 5.45146
9.598 5.37695
9.599 5.30213
9.6 5.22704
9.601 5.15171
9.602 5.07616
9.603 5.00041
9.604 4.92449
9.605 4.84843
9.606 4.77224
9.607 4.69595
9.608 4.61959
9.609 4.54317
9.61 4.46671
9.611 4.39025
9.612 4.31379
9.613 4.23735
9.614 4.16095
9.615 4.0846
9.616 4.00832
9.617 3.93212
9.618 3.85602
9.619 3.78004
9.62 3.70417
9.621 3.62845
9.622 3.55288
9.623 3.47747
9.624 3.40223
9.625 3.32718
9.626 3.25232
9.627 3.17766
9.628 3.10323
9.629 3.02901
9.63 2.95503
9.631 2.88129
9.632 2.80781
9.633 2.73459
9.634 2.66165
9.635 2.589
9.636 2.51664
9.637 2.44459
9.638 2.37285
9.639 2.30144
9.64 2.23036
9.641 2.15962
9.642 2.08925
9.643 2.01927
9.644 1.94969
9.645 1.88053
9.646 1.81181
9.647 1.74357
9.648 1.67581
9.649 1.60855
9.65 1.54181
9.651 1.47561
9.652 1.40999
9.653 1.34496
9.654 1.28056
9.655 1.21683
9.656 1.15379
9.657 1.09149
9.658 1.02994
9.659 0.969179
9.66 0.909236
9.661 0.850144
9.662 0.791944
9.663 0.734676
9.664 0.678391
9.665 0.623129
9.666 0.568931
9.667 0.515842
9.668 0.463781
9.669 0.413024
9.67 0.363442
9.671 0.314953
9.672 0.26802
9.673 0.222431
9.674 0.178227
9.675 0.135445
9.676 0.0941235
9.677 0.0542997
9.678 0.0160112
9.679 -0.0207046
9.68 -0.0558111
9.681 -0.0892735
9.682 -0.121062
9.683 -0.151149
9.684 -0.179507
9.685 -0.206108
9.686 -0.230927
9.687 -0.253936
9.688 -0.275109
9.689 -0.294421
9.69 -0.311844
9.691 -0.32736
9.692 -0.340954
9.693 -0.352622
9.694 -0.362355
9.695 -0.370147
9.696 -0.375992
9.697 -0.379884
9.698 -0.381812
9.699 -0.381735
9.7 -0.379669
9.701 -0.375629
9.702 -0.369626
9.703 -0.361672
9.704 -0.351781
9.705 -0.339967
9.706 -0.326246
9.707 -0.310633
9.708 -0.293145
9.709 -0.273799
9.71 -0.252612
9.711 -0.229605
9.712 -0.204805
9.713 -0.178241
9.714 -0.149945
9.715 -0.119947
9.716 -0.0882781
9.717 -0.0549712
9.718 -0.0200587
9.719 0.0164264
9.72 0.0544504
9.721 0.0939794
9.722 0.13498
9.723 0.177418
9.724 0.221261
9.725 0.266472
9.726 0.313018
9.727 0.360863
9.728 0.409972
9.729 0.460308
9.73 0.511835
9.731 0.564519
9.732 0.618335
9.733 0.67326
9.734 0.72927
9.735 0.786342
9.736 0.844452
9.737 0.903576
9.738 0.96369
9.739 1.02477
9.74 1.08678
9.741 1.14972
9.742 1.21356
9.743 1.27829
9.744 1.34391
9.745 1.4104
9.746 1.47776
9.747 1.54596
9.748 1.61501
9.749 1.68488
9.75 1.75557
9.751 1.82706
9.752 1.89936
9.753 1.97245
9.754 2.04634
9.755 2.12103
9.756 2.1965
9.757 2.27276
9.758 2.34981
9.759 2.42763
9.76 2.50623
9.761 2.5856
9.762 2.66573
9.763 2.74662
9.764 2.82826
9.765 2.91064
9.766 2.99377
9.767 3.07762
9.768 3.16219
9.769 3.24749
9.77 3.33348
9.771 3.42018
9.772 3.50755
9.773 3.59559
9.774 3.68426
9.775 3.77355
9.776 3.86344
9.777 3.9539
9.778 4.04493
9.779 4.13649
9.78 4.22857
9.781 4.32114
9.782 4.41417
9.783 4.50763
9.784 4.60148
9.785 4.69569
9.786 4.79022
9.787 4.88504
9.788 4.98011
9.789 5.07541
9.79 5.17089
9.791 5.26652
9.792 5.36227
9.793 5.45808
9.794 5.55392
9.795 5.64974
9.796 5.7455
9.797 5.84116
9.798 5.93667
9.799 6.03199
9.8 6.1271
9.801 6.22193
9.802 6.31646
9.803 6.41063
9.804 6.50442
9.805 6.59777
9.806 6.69065
9.807 6.78302
9.808 6.87483
9.809 6.96605
9.81 7.05665
9.811 7.14657
9.812 7.23579
9.813 7.32428
9.814 7.41201
9.815 7.49895
9.816 7.58506
9.817 7.67031
9.818 7.75469
9.819 7.83815
9.82 7.92068
9.821 8.00224
9.822 8.08282
9.823 8.16241
9.824 8.241
9.825 8.31857
9.826 8.39513
9.827 8.47065
9.828 8.54512
9.829 8.61855
9.83 8.69092
9.831 8.76222
9.832 8.83245
9.833 8.90164
9.834 8.96977
9.835 9.03685
9.836 9.10291
9.837 9.16793
9.838 9.23194
9.839 9.29493
9.84 9.35692
9.841 9.41792
9.842 9.47794
9.843 9.537
9.844 9.59512
9.845 9.65232
9.846 9.70862
9.847 9.76403
9.848 9.81857
9.849 9.87227
9.85 9.92514
9.851 9.9772
9.852 10.0285
9.853 10.079
9.854 10.1287
9.855 10.1778
9.856 10.2261
9.857 10.2737
9.858 10.3207
9.859 10.367
9.86 10.4128
9.861 10.4579
9.862 10.5024
9.863 10.5463
9.864 10.5897
9.865 10.6325
9.866 10.6748
9.867 10.7166
9.868 10.7579
9.869 10.7987
9.87 10.839
9.871 10.8789
9.872 10.9182
9.873 10.9572
9.874 10.9956
9.875 11.0336
9.876 11.0712
9.877 11.1083
9.878 11.1449
9.879 11.1811
9.88 11.2168
9.881 11.2521
9.882 11.2869
9.883 11.3212
9.884 11.3551
9.885 11.3885
9.886 11.4215
9.887 11.4539
9.888 11.4858
9.889 11.5173
9.89 11.5482
9.891 11.5786
9.892 11.6085
9.893 11.6379
9.894 11.6667
9.895 11.695
9.896 11.7227
9.897 11.7499
9.898 11.7764
9.899 11.8024
9.9 11.8278
9.901 11.8525
9.902 11.8766
9.903 11.9001
9.904 11.923
9.905 11.9452
9.906 11.9667
9.907 11.9876
9.908 12.0078
9.909 12.0274
9.91 12.0462
9.911 12.0644
9.912 12.0818
9.913 12.0985
9.914 12.1146
9.915 12.1299
9.916 12.1445
9.917 12.1583
9.918 12.1715
9.919 12.1839
9.92 12.1956
9.921 12.2065
9.922 12.2167
9.923 12.2262
9.924 12.2349
9.925 12.2429
9.926 12.2501
9.927 12.2567
9.928 12.2625
9.929 12.2675
9.93 12.2718
9.931 12.2754
9.932 12.2783
9.933 12.2805
9.934 12.2819
9.935 12.2827
9.936 12.2827
9.937 12.282
9.938 12.2807
9.939 12.2787
9.94 12.276
9.941 12.2727
9.942 12.2687
9.943 12.264
9.944 12.2588
9.945 12.2529
9.946 12.2464
9.947 12.2393
9.948 12.2316
9.949 12.2233
9.95 12.2145
9.951 12.2052
9.952 12.1953
9.953 12.1848
9.954 12.1738
9.955 12.1623
9.956 12.1502
9.957 12.1377
9.958 12.1246
9.959 12.111
9.96 12.0968
9.961 12.0822
9.962 12.0671
9.963 12.0514
9.964 12.0353
9.965 12.0185
9.966 12.0013
9.967 11.9835
9.968 11.9651
9.969 11.9462
9.97 11.9267
9.971 11.9066
9.972 11.886
9.973 11.8647
9.974 11.8428
9.975 11.8202
9.976 11.7969
9.977 11.773
9.978 11.7483
9.979 11.723
9.98 11.6968
9.981 11.67
9.982 11.6423
9.983 11.6138
9.984 11.5844
9.985 11.5542
9.986 11.5231
9.987 11.4911
9.988 11.4582
9.989 11.4243
9.99 11.3894
9.991 11.3535
9.992 11.3166
9.993 11.2786
9.994 11.2396
9.995 11.1995
9.996 11.1583
9.997 11.1159
9.998 11.0724
9.999 11.0277
10 10.9818
10.001 10.9348
10.002 10.8865
10.003 10.837
10.004 10.7862
10.005 10.7341
10.006 10.6808
10.007 10.6263
10.008 10.5704
10.009 10.5132
10.01 10.4547
10.011 10.3948
10.012 10.3336
10.013 10.2711
10.014 10.2073
10.015 10.1421
10.016 10.0755
10.017 10.0076
10.018 9.93841
10.019 9.86784
10.02 9.79591
10.021 9.72264
10.022 9.64803
10.023 9.5721
10.024 9.49486
10.025 9.41633
10.026 9.33651
10.027 9.25542
10.028 9.17308
10.029 9.08949
10.03 9.00468
10.031 8.91866
10.032 8.83146
10.033 8.74311
10.034 8.65363
10.035 8.56305
10.036 8.4714
10.037 8.37871
10.038 8.28501
10.039 8.19033
10.04 8.09469
10.041 7.99813
10.042 7.90068
10.043 7.80237
10.044 7.70324
10.045 7.60331
10.046 7.50263
10.047 7.40122
10.048 7.29911
10.049 7.19635
10.05 7.09296
10.051 6.98897
10.052 6.88441
10.053 6.7793
10.054 6.67368
10.055 6.56757
10.056 6.46099
10.057 6.35397
10.058 6.24653
10.059 6.13871
10.06 6.03051
10.061 5.92197
10.062 5.81311
10.063 5.70393
10.064 5.59446
10.065 5.48472
10.066 5.37471
10.067 5.26445
10.068 5.15396
10.069 5.04325
10.07 4.93234
10.071 4.82123
10.072 4.70995
10.073 4.5985
10.074 4.48689
10.075 4.37514
10.076 4.26325
10.077 4.15124
10.078 4.03912
10.079 3.92689
10.08 3.81457
10.081 3.70216
10.082 3.58968
10.083 3.47714
10.084 3.36453
10.085 3.25188
10.086 3.1392
10.087 3.02649
10.088 2.91375
10.089 2.80101
10.09 2.68826
10.091 2.57552
10.092 2.4628
10.093 2.3501
10.094 2.23746
10.095 2.12486
10.096 2.01234
10.097 1.89989
10.098 1.78754
10.099 1.67528
10.1 1.56315
10.101 1.45113
10.102 1.33926
10.103 1.22754
10.104 1.11598
10.105 1.0046
10.106 0.893405
10.107 0.782415
10.108 0.671639
10.109 0.561089
10.11 0.450776
10.111 0.340712
10.112 0.230907
10.113 0.121369
10.114 0.0121092
10.115 -0.0968643
10.116 -0.205543
10.117 -0.313917
10.118 -0.421978
10.119 -0.529718
10.12 -0.63713
10.121 -0.744205
10.122 -0.850939
10.123 -0.957326
10.124 -1.06336
10.125 -1.16903
10.126 -1.27433
10.127 -1.37927
10.128 -1.48384
10.129 -1.58803
10.13 -1.69186
10.131 -1.79531
10.132 -1.89839
10.133 -2.00109
10.134 -2.10342
10.135 -2.20539
10.136 -2.307
10.137 -2.40825
10.138 -2.50915
10.139 -2.6097
10.14 -2.70991
10.141 -2.80977
10.142 -2.9093
10.143 -3.00849
10.144 -3.10736
10.145 -3.2059
10.146 -3.30413
10.147 -3.40204
10.148 -3.49965
10.149 -3.59696
10.15 -3.69397
10.151 -3.79069
10.152 -3.88712
10.153 -3.98326
10.154 -4.0791
10.155 -4.17465
10.156 -4.26989
10.157 -4.36484
10.158 -4.45948
10.159 -4.55382
10.16 -4.64786
10.161 -4.74161
10.162 -4.83509
10.163 -4.92817
10.164 -5.02089
10.165 -5.11328
10.166 -5.20536
10.167 -5.29701
10.168 -5.38822
10.169 -5.47902
10.17 -5.5694
10.171 -5.65935
10.172 -5.74885
10.173 -5.83788
10.174 -5.92641
10.175 -6.01442
10.176 -6.10189
10.177 -6.18881
10.178 -6.27515
10.179 -6.36088
10.18 -6.44599
10.181 -6.53046
10.182 -6.61425
10.183 -6.69734
10.184 -6.77969
10.185 -6.86127
10.186 -6.94205
10.187 -7.022
10.188 -7.10109
10.189 -7.17929
10.19 -7.25656
10.191 -7.33288
10.192 -7.40821
10.193 -7.4825
10.194 -7.55572
10.195 -7.62782
10.196 -7.69877
10.197 -7.76852
10.198 -7.83703
10.199 -7.90426
10.2 -7.97019
10.201 -8.03475
10.202 -8.09791
10.203 -8.15962
10.204 -8.21984
10.205 -8.27851
10.206 -8.33559
10.207 -8.39103
10.208 -8.4448
10.209 -8.49683
10.21 -8.54709
10.211 -8.59553
10.212 -8.64211
10.213 -8.68678
10.214 -8.7295
10.215 -8.77022
10.216 -8.8089
10.217 -8.8455
10.218 -8.87996
10.219 -8.91225
10.22 -8.94233
10.221 -8.97015
10.222 -8.99568
10.223 -9.01886
10.224 -9.03966
10.225 -9.05803
10.226 -9.07394
10.227 -9.08735
10.228 -9.09821
10.229 -9.10648
10.23 -9.11212
10.231 -9.11508
10.232 -9.11528
10.233 -9.11271
10.234 -9.10737
10.235 -9.09925
10.236 -9.0883
10.237 -9.07451
10.238 -9.05785
10.239 -9.0383
10.24 -9.01582
10.241 -8.99041
10.242 -8.96204
10.243 -8.93073
10.244 -8.89645
10.245 -8.85922
10.246 -8.81903
10.247 -8.77587
10.248 -8.72975
10.249 -8.68068
10.25 -8.62864
10.251 -8.57366
10.252 -8.51574
10.253 -8.45492
10.254 -8.39121
10.255 -8.32463
10.256 -8.25523
10.257 -8.18302
10.258 -8.10802
10.259 -8.03028
10.26 -7.94982
10.261 -7.86668
10.262 -7.78088
10.263 -7.69249
10.264 -7.60154
10.265 -7.50807
10.266 -7.41215
10.267 -7.3138
10.268 -7.21309
10.269 -7.11006
10.27 -7.00476
10.271 -6.89724
10.272 -6.78755
10.273 -6.67574
10.274 -6.56185
10.275 -6.44595
10.276 -6.32807
10.277 -6.20828
10.278 -6.08662
10.279 -5.96314
10.28 -5.83791
10.281 -5.71096
10.282 -5.58234
10.283 -5.45211
10.284 -5.32029
10.285 -5.18693
10.286 -5.05208
10.287 -4.91578
10.288 -4.77807
10.289 -4.639
10.29 -4.49862
10.291 -4.35695
10.292 -4.21404
10.293 -4.06991
10.294 -3.92461
10.295 -3.77814
10.296 -3.63056
10.297 -3.48189
10.298 -3.33215
10.299 -3.18138
10.3 -3.02961
10.301 -2.87686
10.302 -2.72316
10.303 -2.56853
10.304 -2.41299
10.305 -2.25657
10.306 -2.09928
10.307 -1.94114
10.308 -1.78217
10.309 -1.6224
10.31 -1.46184
10.311 -1.30051
10.312 -1.13843
10.313 -0.975631
10.314 -0.812124
10.315 -0.647932
10.316 -0.483076
10.317 -0.317576
10.318 -0.151451
10.319 0.0152811
10.32 0.1826
10.321 0.350486
10.322 0.518908
10.323 0.687835
10.324 0.857236
10.325 1.02708
10.326 1.19733
10.327 1.36797
10.328 1.53895
10.329 1.71026
10.33 1.88186
10.331 2.05371
10.332 2.22578
10.333 2.39801
10.334 2.57035
10.335 2.74275
10.336 2.91516
10.337 3.08755
10.338 3.25984
10.339 3.43201
10.34 3.604
10.341 3.77576
10.342 3.94723
10.343 4.11835
10.344 4.28906
10.345 4.45931
10.346 4.62902
10.347 4.79814
10.348 4.96661
10.349 5.13437
10.35 5.30137
10.351 5.46754
10.352 5.63283
10.353 5.79718
10.354 5.96054
10.355 6.12285
10.356 6.28405
10.357 6.44409
10.358 6.60291
10.359 6.76046
10.36 6.91669
10.361 7.07155
10.362 7.22499
10.363 7.37697
10.364 7.52746
10.365 7.67641
10.366 7.82378
10.367 7.96953
10.368 8.11364
10.369 8.25605
10.37 8.39673
10.371 8.53566
10.372 8.67279
10.373 8.80813
10.374 8.94164
10.375 9.0733
10.376 9.2031
10.377 9.33102
10.378 9.45704
10.379 9.58115
10.38 9.70333
10.381 9.82356
10.382 9.94184
10.383 10.0582
10.384 10.1726
10.385 10.285
10.386 10.3955
10.387 10.504
10.388 10.6106
10.389 10.7153
10.39 10.8181
10.391 10.9189
10.392 11.0177
10.393 11.1147
10.394 11.2098
10.395 11.3031
10.396 11.3944
10.397 11.4839
10.398 11.5716
10.399 11.6575
10.4 11.7416
10.401 11.8239
10.402 11.9045
10.403 11.9833
10.404 12.0604
10.405 12.1357
10.406 12.2094
10.407 12.2814
10.408 12.3517
10.409 12.4204
10.41 12.4874
10.411 12.5529
10.412 12.6167
10.413 12.6789
10.414 12.7396
10.415 12.7987
10.416 12.8562
10.417 12.9121
10.418 12.9665
10.419 13.0194
10.42 13.0708
10.421 13.1206
10.422 13.1689
10.423 13.2158
10.424 13.2611
10.425 13.3048
10.426 13.3471
10.427 13.3879
10.428 13.4272
10.429 13.465
10.43 13.5012
10.431 13.536
10.432 13.5693
10.433 13.6011
10.434 13.6314
10.435 13.6602
10.436 13.6875
10.437 13.7133
10.438 13.7376
10.439 13.7604
10.44 13.7817
10.441 13.8016
10.442 13.8199
10.443 13.8367
10.444 13.8521
10.445 13.866
10.446 13.8785
10.447 13.8894
10.448 13.899
10.449 13.907
10.45 13.9137
10.451 13.9189
10.452 13.9227
10.453 13.925
10.454 13.926
10.455 13.9255
10.456 13.9237
10.457 13.9204
10.458 13.9159
10.459 13.9099
10.46 13.9027
10.461 13.8941
10.462 13.8842
10.463 13.873
10.464 13.8606
10.465 13.8469
10.466 13.832
10.467 13.8159
10.468 13.7986
10.469 13.7801
10.47 13.7605
10.471 13.7398
10.472 13.7179
10.473 13.695
10.474 13.6711
10.475 13.6462
10.476 13.6203
10.477 13.5934
10.478 13.5656
10.479 13.537
10.48 13.5074
10.481 13.477
10.482 13.4459
10.483 13.4139
10.484 13.3812
10.485 13.3478
10.486 13.3137
10.487 13.279
10.488 13.2436
10.489 13.2077
10.49 13.1712
10.491 13.1342
10.492 13.0966
10.493 13.0586
10.494 13.0202
10.495 12.9814
10.496 12.9421
10.497 12.9025
10.498 12.8626
10.499 12.8224
10.5 12.7819
10.501 12.7411
10.502 12.7002
10.503 12.659
10.504 12.6176
10.505 12.576
10.506 12.5343
10.507 12.4924
10.508 12.4503
10.509 12.4082
10.51 12.3659
10.511 12.3235
10.512 12.2811
10.513 12.2385
10.514 12.1959
10.515 12.1532
10.516 12.1104
10.517 12.0675
10.518 12.0245
10.519 11.9814
10.52 11.9383
10.521 11.8951
10.522 11.8517
10.523 11.8083
10.524 11.7648
10.525 11.7211
10.526 11.6773
10.527 11.6333
10.528 11.5891
10.529 11.5448
10.53 11.5002
10.531 11.4554
10.532 11.4104
10.533 11.3651
10.534 11.3195
10.535 11.2736
10.536 11.2274
10.537 11.1808
10.538 11.1338
10.539 11.0864
10.54 11.0385
10.541 10.9902
10.542 10.9414
10.543 10.8921
10.544 10.8422
10.545 10.7918
10.546 10.7407
10.547 10.6891
10.548 10.6367
10.549 10.5837
10.55 10.53
10.551 10.4755
10.552 10.4203
10.553 10.3643
10.554 10.3076
10.555 10.25
10.556 10.1916
10.557 10.1323
10.558 10.0722
10.559 10.0113
10.56 9.94944
10.561 9.8867
10.562 9.82307
10.563 9.75855
10.564 9.69316
10.565 9.6269
10.566 9.55977
10.567 9.49179
10.568 9.42297
10.569 9.3533
10.57 9.2828
10.571 9.21149
10.572 9.13939
10.573 9.06652
10.574 8.99292
10.575 8.91862
10.576 8.84365
10.577 8.76803
10.578 8.69181
10.579 8.61501
10.58 8.53765
10.581 8.45978
10.582 8.38143
10.583 8.30266
10.584 8.22349
10.585 8.14399
10.586 8.06419
10.587 7.98413
10.588 7.90387
10.589 7.82345
10.59 7.7429
10.591 7.66228
10.592 7.58162
10.593 7.50098
10.594 7.42041
10.595 7.33994
10.596 7.25963
10.597 7.17952
10.598 7.09966
10.599 7.02009
10.6 6.94085
10.601 6.862
10.602 6.78356
10.603 6.70559
10.604 6.62812
10.605 6.5512
10.606 6.47485
10.607 6.39913
10.608 6.32407
10.609 6.24971
10.61 6.17608
10.611 6.10323
10.612 6.03118
10.613 5.95996
10.614 5.8896
10.615 5.82013
10.616 5.75158
10.617 5.68396
10.618 5.61732
10.619 5.55167
10.62 5.48704
10.621 5.42345
10.622 5.36093
10.623 5.29947
10.624 5.2391
10.625 5.17983
10.626 5.12167
10.627 5.06463
10.628 5.00873
10.629 4.95397
10.63 4.90036
10.631 4.84792
10.632 4.79665
10.633 4.74655
10.634 4.69762
10.635 4.64987
10.636 4.6033
10.637 4.5579
10.638 4.51369
10.639 4.47065
10.64 4.42879
10.641 4.38812
10.642 4.34862
10.643 4.31029
10.644 4.27313
10.645 4.23714
10.646 4.20231
10.647 4.16863
10.648 4.1361
10.649 4.10472
10.65 4.07448
10.651 4.04537
10.652 4.01739
10.653 3.99055
10.654 3.96482
10.655 3.94022
10.656 3.91674
10.657 3.89437
10.658 3.87311
10.659 3.85296
10.66 3.83392
10.661 3.81597
10.662 3.79912
10.663 3.78336
10.664 3.76871
10.665 3.75515
10.666 3.74269
10.667 3.73132
10.668 3.72105
10.669 3.71187
10.67 3.70378
10.671 3.69677
10.672 3.69086
10.673 3.68604
10.674 3.68232
10.675 3.67968
10.676 3.67814
10.677 3.6777
10.678 3.67836
10.679 3.68011
10.68 3.68295
10.681 3.68689
10.682 3.69192
10.683 3.69805
10.684 3.70528
10.685 3.71361
10.686 3.72305
10.687 3.73359
10.688 3.74523
10.689 3.75798
10.69 3.77184
10.691 3.7868
10.692 3.80288
10.693 3.82006
10.694 3.83837
10.695 3.8578
10.696 3.87836
10.697 3.90005
10.698 3.92286
10.699 3.94682
10.7 3.97191
10.701 3.99814
10.702 4.0255
10.703 4.054
10.704 4.08364
10.705 4.11442
10.706 4.14633
10.707 4.17937
10.708 4.21354
10.709 4.24884
10.71 4.28526
10.711 4.3228
10.712 4.36145
10.713 4.40121
10.714 4.44207
10.715 4.48402
10.716 4.52705
10.717 4.57116
10.718 4.61634
10.719 4.66256
10.72 4.70984
10.721 4.75815
10.722 4.80748
10.723 4.85781
10.724 4.90913
10.725 4.96141
10.726 5.01463
10.727 5.06879
10.728 5.12385
10.729 5.1798
10.73 5.23662
10.731 5.29428
10.732 5.35277
10.733 5.41205
10.734 5.47209
10.735 5.53287
10.736 5.59436
10.737 5.65653
10.738 5.71935
10.739 5.78279
10.74 5.84682
10.741 5.91141
10.742 5.97652
10.743 6.04213
10.744 6.1082
10.745 6.1747
10.746 6.24158
10.747 6.30882
10.748 6.37638
10.749 6.44423
10.75 6.51233
10.751 6.58065
10.752 6.64914
10.753 6.71779
10.754 6.78654
10.755 6.85537
10.756 6.92425
10.757 6.99313
10.758 7.06199
10.759 7.13078
10.76 7.19948
10.761 7.26805
10.762 7.33647
10.763 7.40469
10.764 7.4727
10.765 7.54046
10.766 7.60794
10.767 7.67512
10.768 7.74197
10.769 7.80846
10.77 7.87456
10.771 7.94025
10.772 8.0055
10.773 8.07031
10.774 8.13466
10.775 8.19853
10.776 8.26191
10.777 8.32479
10.778 8.38714
10.779 8.44896
10.78 8.51023
10.781 8.57095
10.782 8.6311
10.783 8.69069
10.784 8.74971
10.785 8.80815
10.786 8.86602
10.787 8.92331
10.788 8.98002
10.789 9.03616
10.79 9.09171
10.791 9.14668
10.792 9.20107
10.793 9.25488
10.794 9.30811
10.795 9.36077
10.796 9.41286
10.797 9.46438
10.798 9.51533
10.799 9.56572
10.8 9.61556
10.801 9.66484
10.802 9.71357
10.803 9.76174
10.804 9.80937
10.805 9.85644
10.806 9.90297
10.807 9.94896
10.808 9.9944
10.809 10.0393
10.81 10.0837
10.811 10.1275
10.812 10.1708
10.813 10.2135
10.814 10.2557
10.815 10.2973
10.816 10.3384
10.817 10.3789
10.818 10.4188
10.819 10.4581
10.82 10.4968
10.821 10.535
10.822 10.5725
10.823 10.6094
10.824 10.6457
10.825 10.6813
10.826 10.7163
10.827 10.7506
10.828 10.7843
10.829 10.8173
10.83 10.8496
10.831 10.8813
10.832 10.9122
10.833 10.9425
10.834 10.972
10.835 11.0008
10.836 11.0289
10.837 11.0562
10.838 11.0828
10.839 11.1087
10.84 11.1338
10.841 11.1581
10.842 11.1817
10.843 11.2046
10.844 11.2267
10.845 11.248
10.846 11.2686
10.847 11.2884
10.848 11.3074
10.849 11.3258
10.85 11.3433
10.851 11.3601
10.852 11.3762
10.853 11.3916
10.854 11.4062
10.855 11.4201
10.856 11.4334
10.857 11.446
10.858 11.4579
10.859 11.4692
10.86 11.4798
10.861 11.4898
10.862 11.4992
10.863 11.508
10.864 11.5163
10.865 11.524
10.866 11.5312
10.867 11.538
10.868 11.5442
10.869 11.55
10.87 11.5554
10.871 11.5604
10.872 11.565
10.873 11.5692
10.874 11.5732
10.875 11.5768
10.876 11.5802
10.877 11.5833
10.878 11.5862
10.879 11.5889
10.88 11.5915
10.881 11.5939
10.882 11.5962
10.883 11.5984
10.884 11.6006
10.885 11.6027
10.886 11.6049
10.887 11.607
10.888 11.6092
10.889 11.6114
10.89 11.6138
10.891 11.6162
10.892 11.6188
10.893 11.6216
10.894 11.6245
10.895 11.6276
10.896 11.6309
10.897 11.6345
10.898 11.6382
10.899 11.6423
10.9 11.6466
10.901 11.6512
10.902 11.6561
10.903 11.6613
10.904 11.6668
10.905 11.6726
10.906 11.6788
10.907 11.6853
10.908 11.6922
10.909 11.6994
10.91 11.707
10.911 11.7149
10.912 11.7233
10.913 11.732
10.914 11.7411
10.915 11.7505
10.916 11.7604
10.917 11.7707
10.918 11.7814
10.919 11.7925
10.92 11.804
10.921 11.8159
10.922 11.8283
10.923 11.841
10.924 11.8542
10.925 11.8679
10.926 11.882
10.927 11.8965
10.928 11.9115
10.929 11.927
10.93 11.9429
10.931 11.9593
10.932 11.9761
10.933 11.9934
10.934 12.0112
10.935 12.0296
10.936 12.0484
10.937 12.0677
10.938 12.0875
10.939 12.1079
10.94 12.1287
10.941 12.1501
10.942 12.1721
10.943 12.1946
10.944 12.2176
10.945 12.2413
10.946 12.2654
10.947 12.2902
10.948 12.3155
10.949 12.3414
10.95 12.368
10.951 12.3951
10.952 12.4228
10.953 12.4511
10.954 12.48
10.955 12.5096
10.956 12.5397
10.957 12.5704
10.958 12.6018
10.959 12.6338
10.96 12.6664
10.961 12.6996
10.962 12.7334
10.963 12.7678
10.964 12.8028
10.965 12.8384
10.966 12.8746
10.967 12.9113
10.968 12.9486
10.969 12.9864
10.97 13.0248
10.971 13.0636
10.972 13.103
10.973 13.1429
10.974 13.1833
10.975 13.224
10.976 13.2653
10.977 13.3069
10.978 13.3489
10.979 13.3913
10.98 13.434
10.981 13.4771
10.982 13.5205
10.983 13.5641
10.984 13.608
10.985 13.6521
10.986 13.6965
10.987 13.741
10.988 13.7856
10.989 13.8304
10.99 13.8753
10.991 13.9203
10.992 13.9653
10.993 14.0103
10.994 14.0553
10.995 14.1003
10.996 14.1453
10.997 14.1901
10.998 14.2349
10.999 14.2795
11 14.3239
11.001 14.3682
11.002 14.4122
11.003 14.456
11.004 14.4995
11.005 14.5427
11.006 14.5856
11.007 14.6282
11.008 14.6705
11.009 14.7123
11.01 14.7538
11.011 14.7948
11.012 14.8354
11.013 14.8755
11.014 14.9152
11.015 14.9544
11.016 14.993
11.017 15.0312
11.018 15.0688
11.019 15.1059
11.02 15.1425
11.021 15.1785
11.022 15.2139
11.023 15.2488
11.024 15.283
11.025 15.3167
11.026 15.3498
11.027 15.3822
11.028 15.4141
11.029 15.4453
11.03 15.4759
11.031 15.5058
11.032 15.5351
11.033 15.5638
11.034 15.5919
11.035 15.6193
11.036 15.646
11.037 15.6721
11.038 15.6976
11.039 15.7224
11.04 15.7466
11.041 15.7702
11.042 15.7931
11.043 15.8153
11.044 15.837
11.045 15.858
11.046 15.8783
11.047 15.8981
11.048 15.9172
11.049 15.9356
11.05 15.9535
11.051 15.9707
11.052 15.9873
11.053 16.0032
11.054 16.0186
11.055 16.0333
11.056 16.0474
11.057 16.0609
11.058 16.0738
11.059 16.086
11.06 16.0977
11.061 16.1087
11.062 16.1192
11.063 16.129
11.064 16.1382
11.065 16.1468
11.066 16.1548
11.067 16.1623
11.068 16.1691
11.069 16.1753
11.07 16.1809
11.071 16.186
11.072 16.1904
11.073 16.1943
11.074 16.1975
11.075 16.2001
11.076 16.2022
11.077 16.2036
11.078 16.2044
11.079 16.2046
11.08 16.2042
11.081 16.2032
11.082 16.2015
11.083 16.1993
11.084 16.1964
11.085 16.1928
11.086 16.1887
11.087 16.1839
11.088 16.1784
11.089 16.1723
11.09 16.1656
11.091 16.1582
11.092 16.1502
11.093 16.1415
11.094 16.1322
11.095 16.1222
11.096 16.1115
11.097 16.1002
11.098 16.0883
11.099 16.0756
11.1 16.0623
11.101 16.0484
11.102 16.0338
11.103 16.0185
11.104 16.0026
11.105 15.986
11.106 15.9688
11.107 15.951
11.108 15.9325
11.109 15.9133
11.11 15.8936
11.111 15.8732
11.112 15.8522
11.113 15.8306
11.114 15.8084
11.115 15.7856
11.116 15.7621
11.117 15.7381
11.118 15.7136
11.119 15.6884
11.12 15.6627
11.121 15.6364
11.122 15.6096
11.123 15.5822
11.124 15.5543
11.125 15.5259
11.126 15.4969
11.127 15.4674
11.128 15.4373
11.129 15.4067
11.13 15.3757
11.131 15.3441
11.132 15.312
11.133 15.2794
11.134 15.2462
11.135 15.2126
11.136 15.1785
11.137 15.1438
11.138 15.1086
11.139 15.073
11.14 15.0368
11.141 15.0001
11.142 14.9629
11.143 14.9251
11.144 14.8868
11.145 14.848
11.146 14.8087
11.147 14.7688
11.148 14.7284
11.149 14.6874
11.15 14.6459
11.151 14.6038
11.152 14.5611
11.153 14.5179
11.154 14.474
11.155 14.4296
11.156 14.3846
11.157 14.3389
11.158 14.2927
11.159 14.2458
11.16 14.1983
11.161 14.1501
11.162 14.1013
11.163 14.0518
11.164 14.0017
11.165 13.9509
11.166 13.8994
11.167 13.8472
11.168 13.7943
11.169 13.7407
11.17 13.6864
11.171 13.6314
11.172 13.5756
11.173 13.5191
11.174 13.4619
11.175 13.4039
11.176 13.3452
11.177 13.2858
11.178 13.2256
11.179 13.1646
11.18 13.103
11.181 13.0405
11.182 12.9773
11.183 12.9134
11.184 12.8487
11.185 12.7833
11.186 12.7172
11.187 12.6504
11.188 12.5828
11.189 12.5146
11.19 12.4456
11.191 12.376
11.192 12.3057
11.193 12.2347
11.194 12.163
11.195 12.0907
11.196 12.0178
11.197 11.9442
11.198 11.8701
11.199 11.7953
11.2 11.72
11.201 11.6441
11.202 11.5676
11.203 11.4906
11.204 11.4131
11.205 11.3351
11.206 11.2565
11.207 11.1775
11.208 11.098
11.209 11.0181
11.21 10.9377
11.211 10.8569
11.212 10.7757
11.213 10.6941
11.214 10.6122
11.215 10.5299
11.216 10.4472
11.217 10.3642
11.218 10.2809
11.219 10.1974
11.22 10.1135
11.221 10.0294
11.222 9.94504
11.223 9.86046
11.224 9.77568
11.225 9.6907
11.226 9.60556
11.227 9.52026
11.228 9.43482
11.229 9.34927
11.23 9.2636
11.231 9.17786
11.232 9.09204
11.233 9.00617
11.234 8.92026
11.235 8.83434
11.236 8.74842
11.237 8.66251
11.238 8.57663
11.239 8.4908
11.24 8.40503
11.241 8.31934
11.242 8.23375
11.243 8.14827
11.244 8.06292
11.245 7.97772
11.246 7.89268
11.247 7.80781
11.248 7.72314
11.249 7.63868
11.25 7.55444
11.251 7.47044
11.252 7.38669
11.253 7.30321
11.254 7.22001
11.255 7.1371
11.256 7.05449
11.257 6.97221
11.258 6.89025
11.259 6.80863
11.26 6.72737
11.261 6.64647
11.262 6.56595
11.263 6.48583
11.264 6.4061
11.265 6.3268
11.266 6.24792
11.267 6.16948
11.268 6.09149
11.269 6.01397
11.27 5.93692
11.271 5.86036
11.272 5.78429
11.273 5.70874
11.274 5.63372
11.275 5.55923
11.276 5.4853
11.277 5.41194
11.278 5.33914
11.279 5.26694
11.28 5.19534
11.281 5.12436
11.282 5.054
11.283 4.98429
11.284 4.91523
11.285 4.84686
11.286 4.77917
11.287 4.71218
11.288 4.64591
11.289 4.58038
11.29 4.51559
11.291 4.45156
11.292 4.38831
11.293 4.32584
11.294 4.26418
11.295 4.20333
11.296 4.14332
11.297 4.08415
11.298 4.02584
11.299 3.9684
11.3 3.91184
11.301 3.85618
11.302 3.80144
11.303 3.74761
11.304 3.69473
11.305 3.64281
11.306 3.59185
11.307 3.54187
11.308 3.49289
11.309 3.44492
11.31 3.39797
11.311 3.35206
11.312 3.3072
11.313 3.2634
11.314 3.22067
11.315 3.17905
11.316 3.13852
11.317 3.09912
11.318 3.06085
11.319 3.02373
11.32 2.98777
11.321 2.95298
11.322 2.91938
11.323 2.88699
11.324 2.85581
11.325 2.82587
11.326 2.79717
11.327 2.76974
11.328 2.74359
11.329 2.71873
11.33 2.69518
11.331 2.67295
11.332 2.65205
11.333 2.6325
11.334 2.61431
11.335 2.59749
11.336 2.58206
11.337 2.56803
11.338 2.55541
11.339 2.54422
11.34 2.53446
11.341 2.52615
11.342 2.51929
11.343 2.51389
11.344 2.50997
11.345 2.50752
11.346 2.50655
11.347 2.50708
11.348 2.50911
11.349 2.51264
11.35 2.51768
11.351 2.52422
11.352 2.53228
11.353 2.54184
11.354 2.55291
11.355 2.56548
11.356 2.57956
11.357 2.59514
11.358 2.61222
11.359 2.63079
11.36 2.65086
11.361 2.6724
11.362 2.69543
11.363 2.71991
11.364 2.74584
11.365 2.77321
11.366 2.802
11.367 2.83221
11.368 2.8638
11.369 2.89678
11.37 2.93111
11.371 2.9668
11.372 3.00381
11.373 3.04212
11.374 3.08171
11.375 3.12255
11.376 3.16463
11.377 3.2079
11.378 3.25236
11.379 3.29796
11.38 3.34469
11.381 3.39253
11.382 3.44142
11.383 3.49136
11.384 3.54229
11.385 3.59419
11.386 3.64703
11.387 3.70077
11.388 3.75537
11.389 3.8108
11.39 3.86703
11.391 3.92402
11.392 3.98174
11.393 4.04014
11.394 4.09919
11.395 4.15886
11.396 4.2191
11.397 4.27988
11.398 4.34116
11.399 4.40289
11.4 4.46506
11.401 4.5276
11.402 4.5905
11.403 4.65373
11.404 4.71725
11.405 4.78103
11.406 4.84504
11.407 4.90925
11.408 4.97363
11.409 5.03815
11.41 5.10278
11.411 5.16748
11.412 5.23225
11.413 5.29704
11.414 5.36185
11.415 5.42666
11.416 5.49143
11.417 5.55615
11.418 5.6208
11.419 5.68536
11.42 5.7498
11.421 5.81412
11.422 5.87829
11.423 5.9423
11.424 6.00616
11.425 6.06984
11.426 6.13334
11.427 6.19665
11.428 6.25977
11.429 6.32267
11.43 6.38537
11.431 6.44784
11.432 6.51008
11.433 6.5721
11.434 6.63389
11.435 6.69545
11.436 6.75677
11.437 6.81786
11.438 6.87872
11.439 6.93934
11.44 6.99972
11.441 7.05987
11.442 7.11978
11.443 7.17944
11.444 7.23886
11.445 7.29802
11.446 7.35693
11.447 7.41559
11.448 7.47398
11.449 7.53212
11.45 7.58999
11.451 7.6476
11.452 7.70492
11.453 7.76197
11.454 7.81871
11.455 7.87514
11.456 7.93124
11.457 7.98702
11.458 8.04245
11.459 8.09753
11.46 8.15225
11.461 8.20659
11.462 8.26053
11.463 8.31406
11.464 8.36716
11.465 8.4198
11.466 8.47196
11.467 8.52362
11.468 8.57477
11.469 8.62538
11.47 8.67544
11.471 8.72493
11.472 8.77382
11.473 8.82208
11.474 8.86969
11.475 8.91662
11.476 8.96285
11.477 9.00836
11.478 9.05311
11.479 9.09709
11.48 9.14028
11.481 9.18264
11.482 9.22416
11.483 9.2648
11.484 9.30455
11.485 9.34338
11.486 9.38126
11.487 9.41817
11.488 9.45409
11.489 9.489
11.49 9.52286
11.491 9.55567
11.492 9.5874
11.493 9.61804
11.494 9.64756
11.495 9.67594
11.496 9.70318
11.497 9.72925
11.498 9.75413
11.499 9.77781
11.5 9.80028
11.501 9.82152
11.502 9.84152
11.503 9.86028
11.504 9.8778
11.505 9.89406
11.506 9.90907
11.507 9.92283
11.508 9.93532
11.509 9.94655
11.51 9.95651
11.511 9.96521
11.512 9.97265
11.513 9.97884
11.514 9.98379
11.515 9.98751
11.516 9.99
11.517 9.99128
11.518 9.99135
11.519 9.99023
11.52 9.98793
11.521 9.98446
11.522 9.97985
11.523 9.9741
11.524 9.96724
11.525 9.95929
11.526 9.95028
11.527 9.94022
11.528 9.92913
11.529 9.91705
11.53 9.90398
11.531 9.88996
11.532 9.87501
11.533 9.85916
11.534 9.84242
11.535 9.82484
11.536 9.80642
11.537 9.78721
11.538 9.76723
11.539 9.7465
11.54 9.72506
11.541 9.70293
11.542 9.68013
11.543 9.6567
11.544 9.63265
11.545 9.60802
11.546 9.58283
11.547 9.5571
11.548 9.53086
11.549 9.50414
11.55 9.47696
11.551 9.44935
11.552 9.42133
11.553 9.39291
11.554 9.36412
11.555 9.33498
11.556 9.3055
11.557 9.2757
11.558 9.2456
11.559 9.21522
11.56 9.18457
11.561 9.15369
11.562 9.12257
11.563 9.09122
11.564 9.05967
11.565 9.02791
11.566 8.99595
11.567 8.96382
11.568 8.9315
11.569 8.89903
11.57 8.8664
11.571 8.83362
11.572 8.80071
11.573 8.76766
11.574 8.7345
11.575 8.70122
11.576 8.66783
11.577 8.63434
11.578 8.60075
11.579 8.56708
11.58 8.53334
11.581 8.49952
11.582 8.46564
11.583 8.43171
11.584 8.39774
11.585 8.36375
11.586 8.32973
11.587 8.2957
11.588 8.26167
11.589 8.22765
11.59 8.19365
11.591 8.15968
11.592 8.12577
11.593 8.09191
11.594 8.05814
11.595 8.02446
11.596 7.9909
11.597 7.95747
11.598 7.92419
11.599 7.89107
11.6 7.85813
11.601 7.82538
11.602 7.79286
11.603 7.76058
11.604 7.72855
11.605 7.69681
11.606 7.66537
11.607 7.63426
11.608 7.60349
11.609 7.57308
11.61 7.54306
11.611 7.51345
11.612 7.48426
11.613 7.45551
11.614 7.42723
11.615 7.39942
11.616 7.37211
11.617 7.34532
11.618 7.31906
11.619 7.29335
11.62 7.26821
11.621 7.24365
11.622 7.21968
11.623 7.19631
11.624 7.17354
11.625 7.15139
11.626 7.12987
11.627 7.10897
11.628 7.08871
11.629 7.06909
11.63 7.05012
11.631 7.0318
11.632 7.01413
11.633 6.9971
11.634 6.9807
11.635 6.96493
11.636 6.94977
11.637 6.93523
11.638 6.92129
11.639 6.90794
11.64 6.89518
11.641 6.88299
11.642 6.87136
11.643 6.86026
11.644 6.84969
11.645 6.83961
11.646 6.83002
11.647 6.82088
11.648 6.81219
11.649 6.80391
11.65 6.79604
11.651 6.78854
11.652 6.7814
11.653 6.7746
11.654 6.7681
11.655 6.76189
11.656 6.75594
11.657 6.75023
11.658 6.74473
11.659 6.73943
11.66 6.73429
11.661 6.72929
11.662 6.72441
11.663 6.71963
11.664 6.71492
11.665 6.71028
11.666 6.70566
11.667 6.70106
11.668 6.69645
11.669 6.69181
11.67 6.68711
11.671 6.68234
11.672 6.67748
11.673 6.67251
11.674 6.6674
11.675 6.66215
11.676 6.65673
11.677 6.65112
11.678 6.64531
11.679 6.63927
11.68 6.63299
11.681 6.62646
11.682 6.61966
11.683 6.61257
11.684 6.60519
11.685 6.59751
11.686 6.58951
11.687 6.58119
11.688 6.57253
11.689 6.56353
11.69 6.55417
11.691 6.54444
11.692 6.53435
11.693 6.52388
11.694 6.51304
11.695 6.50182
11.696 6.49022
11.697 6.47824
11.698 6.46587
11.699 6.45312
11.7 6.43997
11.701 6.42644
11.702 6.41251
11.703 6.39819
11.704 6.38348
11.705 6.36837
11.706 6.35288
11.707 6.33699
11.708 6.32071
11.709 6.30405
11.71 6.28699
11.711 6.26954
11.712 6.2517
11.713 6.23347
11.714 6.21484
11.715 6.19581
11.716 6.17638
11.717 6.15654
11.718 6.1363
11.719 6.11564
11.72 6.09458
11.721 6.0731
11.722 6.05121
11.723 6.02888
11.724 6.00613
11.725 5.98293
11.726 5.95929
11.727 5.93519
11.728 5.91064
11.729 5.88562
11.73 5.86013
11.731 5.83416
11.732 5.80771
11.733 5.78077
11.734 5.75333
11.735 5.72539
11.736 5.69693
11.737 5.66797
11.738 5.63848
11.739 5.60846
11.74 5.57791
11.741 5.54682
11.742 5.51519
11.743 5.48302
11.744 5.45031
11.745 5.41705
11.746 5.38325
11.747 5.3489
11.748 5.31401
11.749 5.27857
11.75 5.24259
11.751 5.20607
11.752 5.16901
11.753 5.13143
11.754 5.09333
11.755 5.05474
11.756 5.01565
11.757 4.97609
11.758 4.93606
11.759 4.89557
11.76 4.85465
11.761 4.81329
11.762 4.77152
11.763 4.72937
11.764 4.68684
11.765 4.64396
11.766 4.60075
11.767 4.55724
11.768 4.51343
11.769 4.46935
11.77 4.42503
11.771 4.38048
11.772 4.33572
11.773 4.29077
11.774 4.24567
11.775 4.20043
11.776 4.15508
11.777 4.10963
11.778 4.06412
11.779 4.01856
11.78 3.97297
11.781 3.92739
11.782 3.88181
11.783 3.83628
11.784 3.7908
11.785 3.7454
11.786 3.70009
11.787 3.6549
11.788 3.60984
11.789 3.56492
11.79 3.52018
11.791 3.47563
11.792 3.43127
11.793 3.38711
11.794 3.34318
11.795 3.29947
11.796 3.256
11.797 3.21277
11.798 3.1698
11.799 3.12709
11.8 3.08466
11.801 3.0425
11.802 3.00062
11.803 2.95903
11.804 2.91773
11.805 2.87671
11.806 2.83598
11.807 2.79554
11.808 2.75538
11.809 2.71552
11.81 2.67595
11.811 2.63666
11.812 2.59767
11.813 2.55896
11.814 2.52054
11.815 2.4824
11.816 2.44453
11.817 2.40694
11.818 2.36962
11.819 2.33256
11.82 2.29577
11.821 2.25925
11.822 2.22298
11.823 2.18698
11.824 2.15125
11.825 2.11578
11.826 2.08059
11.827 2.04566
11.828 2.011
11.829 1.97662
11.83 1.94251
11.831 1.90867
11.832 1.87512
11.833 1.84187
11.834 1.80891
11.835 1.77626
11.836 1.74393
11.837 1.71193
11.838 1.68026
11.839 1.64893
11.84 1.61796
11.841 1.58734
11.842 1.5571
11.843 1.52726
11.844 1.49781
11.845 1.46879
11.846 1.44021
11.847 1.41208
11.848 1.38442
11.849 1.35724
11.85 1.33056
11.851 1.30439
11.852 1.27875
11.853 1.25365
11.854 1.22911
11.855 1.20513
11.856 1.18174
11.857 1.15894
11.858 1.13676
11.859 1.1152
11.86 1.09427
11.861 1.074
11.862 1.05438
11.863 1.03543
11.864 1.01717
11.865 0.999585
11.866 0.982702
11.867 0.966525
11.868 0.951063
11.869 0.936324
11.87 0.922317
11.871 0.909048
11.872 0.896518
11.873 0.884728
11.874 0.873676
11.875 0.863362
11.876 0.853784
11.877 0.844941
11.878 0.836832
11.879 0.829455
11.88 0.822808
11.881 0.816888
11.882 0.81169
11.883 0.807207
11.884 0.803432
11.885 0.800359
11.886 0.79798
11.887 0.796289
11.888 0.795277
11.889 0.79494
11.89 0.795269
11.891 0.796255
11.892 0.797887
11.893 0.800153
11.894 0.803042
11.895 0.806543
11.896 0.810644
11.897 0.815334
11.898 0.8206
11.899 0.82643
11.9 0.832812
11.901 0.839734
11.902 0.847185
11.903 0.855152
11.904 0.863625
11.905 0.872591
11.906 0.882039
11.907 0.891958
11.908 0.902334
11.909 0.913157
11.91 0.924414
11.911 0.936093
11.912 0.948187
11.913 0.960688
11.914 0.973589
11.915 0.986882
11.916 1.00056
11.917 1.01462
11.918 1.02904
11.919 1.04383
11.92 1.05897
11.921 1.07446
11.922 1.09029
11.923 1.10646
11.924 1.12297
11.925 1.1398
11.926 1.15696
11.927 1.17444
11.928 1.19223
11.929 1.21034
11.93 1.22876
11.931 1.24748
11.932 1.2665
11.933 1.28581
11.934 1.30541
11.935 1.32531
11.936 1.34549
11.937 1.36594
11.938 1.38668
11.939 1.40768
11.94 1.42896
11.941 1.4505
11.942 1.47229
11.943 1.49434
11.944 1.51664
11.945 1.53918
11.946 1.56195
11.947 1.58495
11.948 1.60817
11.949 1.63161
11.95 1.65526
11.951 1.67912
11.952 1.70317
11.953 1.72741
11.954 1.75183
11.955 1.77643
11.956 1.80119
11.957 1.8261
11.958 1.85117
11.959 1.87638
11.96 1.90172
11.961 1.92719
11.962 1.95277
11.963 1.97845
11.964 2.00422
11.965 2.03008
11.966 2.05601
11.967 2.082
11.968 2.10803
11.969 2.13411
11.97 2.16021
11.971 2.18632
11.972 2.21244
11.973 2.23854
11.974 2.26461
11.975 2.29064
11.976 2.31661
11.977 2.3425
11.978 2.36831
11.979 2.39401
11.98 2.4196
11.981 2.44505
11.982 2.47035
11.983 2.49548
11.984 2.52042
11.985 2.54517
11.986 2.5697
11.987 2.59399
11.988 2.61802
11.989 2.64179
11.99 2.66528
11.991 2.68846
11.992 2.71132
11.993 2.73385
11.994 2.75604
11.995 2.77787
11.996 2.79932
11.997 2.82038
11.998 2.84104
11.999 2.86128
12 2.88109
12.001 2.90046
12.002 2.91937
12.003 2.93781
12.004 2.95578
12.005 2.97325
12.006 2.99023
12.007 3.00669
12.008 3.02263
12.009 3.03804
12.01 3.0529
12.011 3.06722
12.012 3.08097
12.013 3.09416
12.014 3.10678
12.015 3.11883
12.016 3.1303
12.017 3.14119
12.018 3.15149
12.019 3.1612
12.02 3.17032
12.021 3.17884
12.022 3.18676
12.023 3.19408
12.024 3.20081
12.025 3.20693
12.026 3.21246
12.027 3.2174
12.028 3.22174
12.029 3.22548
12.03 3.22863
12.031 3.23119
12.032 3.23317
12.033 3.23456
12.034 3.23536
12.035 3.23558
12.036 3.23523
12.037 3.2343
12.038 3.2328
12.039 3.23074
12.04 3.22811
12.041 3.22492
12.042 3.22117
12.043 3.21688
12.044 3.21203
12.045 3.20664
12.046 3.20071
12.047 3.19424
12.048 3.18724
12.049 3.17971
12.05 3.17166
12.051 3.16309
12.052 3.15401
12.053 3.14441
12.054 3.13431
12.055 3.12369
12.056 3.11258
12.057 3.10097
12.058 3.08886
12.059 3.07626
12.06 3.06317
12.061 3.04961
12.062 3.03556
12.063 3.02104
12.064 3.00604
12.065 2.99058
12.066 2.97465
12.067 2.95827
12.068 2.94143
12.069 2.92414
12.07 2.9064
12.071 2.88822
12.072 2.86961
12.073 2.85057
12.074 2.8311
12.075 2.81122
12.076 2.79092
12.077 2.77021
12.078 2.74911
12.079 2.72761
12.08 2.70572
12.081 2.68345
12.082 2.66081
12.083 2.63781
12.084 2.61447
12.085 2.59079
12.086 2.56678
12.087 2.54246
12.088 2.51783
12.089 2.49292
12.09 2.46773
12.091 2.44227
12.092 2.41657
12.093 2.39063
12.094 2.36447
12.095 2.33811
12.096 2.31157
12.097 2.28486
12.098 2.258
12.099 2.231
12.1 2.20389
12.101 2.17667
12.102 2.14938
12.103 2.12203
12.104 2.09463
12.105 2.06722
12.106 2.03982
12.107 2.01244
12.108 1.9851
12.109 1.95782
12.11 1.93064
12.111 1.90356
12.112 1.87661
12.113 1.8498
12.114 1.82316
12.115 1.79671
12.116 1.77047
12.117 1.74446
12.118 1.71869
12.119 1.6932
12.12 1.66799
12.121 1.64309
12.122 1.6185
12.123 1.59426
12.124 1.57036
12.125 1.54682
12.126 1.52366
12.127 1.50088
12.128 1.47851
12.129 1.45655
12.13 1.43502
12.131 1.41392
12.132 1.39327
12.133 1.37307
12.134 1.35333
12.135 1.33405
12.136 1.31524
12.137 1.2969
12.138 1.27905
12.139 1.26168
12.14 1.2448
12.141 1.22841
12.142 1.21253
12.143 1.19714
12.144 1.18226
12.145 1.16788
12.146 1.15401
12.147 1.14066
12.148 1.12781
12.149 1.11548
12.15 1.10366
12.151 1.09235
12.152 1.08157
12.153 1.0713
12.154 1.06155
12.155 1.05231
12.156 1.04359
12.157 1.0354
12.158 1.02771
12.159 1.02055
12.16 1.0139
12.161 1.00776
12.162 1.00214
12.163 0.99703
12.164 0.992435
12.165 0.988353
12.166 0.984783
12.167 0.981724
12.168 0.979175
12.169 0.977134
12.17 0.9756
12.171 0.974572
12.172 0.974051
12.173 0.974042
12.174 0.974547
12.175 0.975568
12.176 0.977109
12.177 0.979172
12.178 0.981759
12.179 0.984871
12.18 0.988511
12.181 0.992681
12.182 0.997388
12.183 1.00264
12.184 1.00844
12.185 1.01481
12.186 1.02174
12.187 1.02924
12.188 1.03732
12.189 1.04599
12.19 1.05526
12.191 1.06512
12.192 1.07559
12.193 1.08669
12.194 1.09841
12.195 1.11078
12.196 1.1238
12.197 1.13748
12.198 1.15184
12.199 1.16687
12.2 1.1826
12.201 1.19902
12.202 1.21615
12.203 1.23401
12.204 1.25259
12.205 1.2719
12.206 1.29196
12.207 1.31278
12.208 1.33436
12.209 1.3567
12.21 1.37983
12.211 1.40374
12.212 1.42844
12.213 1.45393
12.214 1.48022
12.215 1.50732
12.216 1.53523
12.217 1.56395
12.218 1.59349
12.219 1.62384
12.22 1.65502
12.221 1.68703
12.222 1.71986
12.223 1.75352
12.224 1.78801
12.225 1.82333
12.226 1.85949
12.227 1.89648
12.228 1.9343
12.229 1.97296
12.23 2.01245
12.231 2.05277
12.232 2.09392
12.233 2.13589
12.234 2.17868
12.235 2.22227
12.236 2.26667
12.237 2.31186
12.238 2.35785
12.239 2.40461
12.24 2.45215
12.241 2.50045
12.242 2.54951
12.243 2.59932
12.244 2.64986
12.245 2.70114
12.246 2.75314
12.247 2.80584
12.248 2.85925
12.249 2.91335
12.25 2.96812
12.251 3.02357
12.252 3.07966
12.253 3.1364
12.254 3.19376
12.255 3.25172
12.256 3.31028
12.257 3.36941
12.258 3.4291
12.259 3.48933
12.26 3.55008
12.261 3.61134
12.262 3.6731
12.263 3.73532
12.264 3.79799
12.265 3.86109
12.266 3.9246
12.267 3.98851
12.268 4.05278
12.269 4.1174
12.27 4.18236
12.271 4.24762
12.272 4.31317
12.273 4.37898
12.274 4.44501
12.275 4.51124
12.276 4.57764
12.277 4.64419
12.278 4.71086
12.279 4.77761
12.28 4.84443
12.281 4.91129
12.282 4.97815
12.283 5.04497
12.284 5.11173
12.285 5.17839
12.286 5.24491
12.287 5.31126
12.288 5.37742
12.289 5.44334
12.29 5.50899
12.291 5.57434
12.292 5.63936
12.293 5.70401
12.294 5.76825
12.295 5.83205
12.296 5.89537
12.297 5.95819
12.298 6.02046
12.299 6.08215
12.3 6.14324
12.301 6.20368
12.302 6.26345
12.303 6.32251
12.304 6.38084
12.305 6.4384
12.306 6.49515
12.307 6.55109
12.308 6.60616
12.309 6.66034
12.31 6.71361
12.311 6.76594
12.312 6.8173
12.313 6.86768
12.314 6.91705
12.315 6.96538
12.316 7.01267
12.317 7.05889
12.318 7.10402
12.319 7.14804
12.32 7.19093
12.321 7.23268
12.322 7.27328
12.323 7.31271
12.324 7.35096
12.325 7.38803
12.326 7.4239
12.327 7.45857
12.328 7.49204
12.329 7.52428
12.33 7.55529
12.331 7.58508
12.332 7.61363
12.333 7.64095
12.334 7.66703
12.335 7.69188
12.336 7.71549
12.337 7.73787
12.338 7.75902
12.339 7.77894
12.34 7.79763
12.341 7.8151
12.342 7.83135
12.343 7.84638
12.344 7.86019
12.345 7.87279
12.346 7.88419
12.347 7.89438
12.348 7.90338
12.349 7.91119
12.35 7.91781
12.351 7.92326
12.352 7.92752
12.353 7.93062
12.354 7.93254
12.355 7.9333
12.356 7.93289
12.357 7.93132
12.358 7.9286
12.359 7.92473
12.36 7.91971
12.361 7.91355
12.362 7.90626
12.363 7.89783
12.364 7.88827
12.365 7.87759
12.366 7.86577
12.367 7.85283
12.368 7.83878
12.369 7.82361
12.37 7.80733
12.371 7.78995
12.372 7.77146
12.373 7.75186
12.374 7.73117
12.375 7.70937
12.376 7.68647
12.377 7.66247
12.378 7.63737
12.379 7.61118
12.38 7.58389
12.381 7.55551
12.382 7.52605
12.383 7.49548
12.384 7.46383
12.385 7.43108
12.386 7.39723
12.387 7.36229
12.388 7.32625
12.389 7.28912
12.39 7.2509
12.391 7.21158
12.392 7.17117
12.393 7.12967
12.394 7.08709
12.395 7.04342
12.396 6.99867
12.397 6.95285
12.398 6.90595
12.399 6.85799
12.4 6.80896
12.401 6.75888
12.402 6.70775
12.403 6.65557
12.404 6.60235
12.405 6.54809
12.406 6.49282
12.407 6.43652
12.408 6.37922
12.409 6.32091
12.41 6.26161
12.411 6.20133
12.412 6.14008
12.413 6.07787
12.414 6.01472
12.415 5.95063
12.416 5.88562
12.417 5.81971
12.418 5.75291
12.419 5.68524
12.42 5.6167
12.421 5.54732
12.422 5.47712
12.423 5.4061
12.424 5.33431
12.425 5.26175
12.426 5.18844
12.427 5.11441
12.428 5.03968
12.429 4.96427
12.43 4.8882
12.431 4.81149
12.432 4.73417
12.433 4.65628
12.434 4.57783
12.435 4.49885
12.436 4.41939
12.437 4.33946
12.438 4.25909
12.439 4.17831
12.44 4.09716
12.441 4.01566
12.442 3.93384
12.443 3.85175
12.444 3.76942
12.445 3.68689
12.446 3.60419
12.447 3.52135
12.448 3.43843
12.449 3.35544
12.45 3.27243
12.451 3.18943
12.452 3.10648
12.453 3.02363
12.454 2.9409
12.455 2.85834
12.456 2.77599
12.457 2.69389
12.458 2.61207
12.459 2.53057
12.46 2.44943
12.461 2.36868
12.462 2.28837
12.463 2.20854
12.464 2.12921
12.465 2.05043
12.466 1.97224
12.467 1.89466
12.468 1.81774
12.469 1.74152
12.47 1.66602
12.471 1.59128
12.472 1.51733
12.473 1.4442
12.474 1.37191
12.475 1.30051
12.476 1.23001
12.477 1.16043
12.478 1.09182
12.479 1.02418
12.48 0.957558
12.481 0.891964
12.482 0.827423
12.483 0.763954
12.484 0.701577
12.485 0.640311
12.486 0.580174
12.487 0.521183
12.488 0.463355
12.489 0.406708
12.49 0.351257
12.491 0.297017
12.492 0.244
12.493 0.192217
12.494 0.141678
12.495 0.0923936
12.496 0.0443725
12.497 -0.0023762
12.498 -0.0478441
12.499 -0.0920229
12.5 -0.134905
12.501 -0.176485
12.502 -0.216755
12.503 -0.255711
12.504 -0.293349
12.505 -0.329664
12.506 -0.364653
12.507 -0.398311
12.508 -0.430637
12.509 -0.461627
12.51 -0.49128
12.511 -0.519592
12.512 -0.546561
12.513 -0.572182
12.514 -0.596452
12.515 -0.619369
12.516 -0.640929
12.517 -0.66113
12.518 -0.679971
12.519 -0.69745
12.52 -0.713565
12.521 -0.728314
12.522 -0.741694
12.523 -0.753697
12.524 -0.76432
12.525 -0.773557
12.526 -0.781404
12.527 -0.787858
12.528 -0.792913
12.529 -0.796568
12.53 -0.798819
12.531 -0.79966
12.532 -0.799082
12.533 -0.797083
12.534 -0.793659
12.535 -0.788805
12.536 -0.782517
12.537 -0.774791
12.538 -0.765623
12.539 -0.755011
12.54 -0.74295
12.541 -0.729438
12.542 -0.714469
12.543 -0.698036
12.544 -0.680133
12.545 -0.660753
12.546 -0.639892
12.547 -0.617545
12.548 -0.593707
12.549 -0.568374
12.55 -0.541544
12.551 -0.513213
12.552 -0.483382
12.553 -0.452051
12.554 -0.419222
12.555 -0.384897
12.556 -0.349077
12.557 -0.311766
12.558 -0.272966
12.559 -0.232682
12.56 -0.190919
12.561 -0.147681
12.562 -0.102977
12.563 -0.0568186
12.564 -0.0092147
12.565 0.0398232
12.566 0.0902836
12.567 0.142155
12.568 0.195424
12.569 0.250078
12.57 0.306104
12.571 0.363485
12.572 0.422202
12.573 0.48223
12.574 0.543546
12.575 0.606127
12.576 0.669946
12.577 0.734981
12.578 0.801204
12.579 0.86859
12.58 0.937112
12.581 1.00674
12.582 1.07745
12.583 1.14921
12.584 1.22197
12.585 1.29571
12.586 1.3704
12.587 1.44599
12.588 1.52246
12.589 1.59976
12.59 1.67787
12.591 1.75675
12.592 1.83635
12.593 1.91666
12.594 1.99762
12.595 2.07921
12.596 2.16138
12.597 2.2441
12.598 2.32734
12.599 2.41105
12.6 2.4952
12.601 2.57975
12.602 2.66467
12.603 2.74992
12.604 2.83546
12.605 2.92126
12.606 3.00729
12.607 3.0935
12.608 3.17987
12.609 3.26635
12.61 3.35291
12.611 3.43953
12.612 3.52616
12.613 3.61277
12.614 3.69935
12.615 3.78585
12.616 3.87224
12.617 3.95851
12.618 4.04462
12.619 4.13053
12.62 4.21623
12.621 4.30169
12.622 4.38688
12.623 4.47178
12.624 4.55637
12.625 4.64062
12.626 4.72452
12.627 4.80804
12.628 4.89116
12.629 4.97387
12.63 5.05613
12.631 5.13795
12.632 5.21929
12.633 5.30015
12.634 5.38052
12.635 5.46037
12.636 5.53971
12.637 5.61853
12.638 5.6968
12.639 5.77452
12.64 5.85168
12.641 5.92828
12.642 6.0043
12.643 6.07974
12.644 6.1546
12.645 6.22886
12.646 6.30253
12.647 6.37561
12.648 6.44808
12.649 6.51995
12.65 6.59121
12.651 6.66186
12.652 6.73189
12.653 6.80131
12.654 6.87011
12.655 6.93829
12.656 7.00584
12.657 7.07277
12.658 7.13907
12.659 7.20474
12.66 7.26978
12.661 7.33419
12.662 7.39797
12.663 7.46112
12.664 7.52362
12.665 7.58548
12.666 7.64671
12.667 7.70729
12.668 7.76722
12.669 7.8265
12.67 7.88514
12.671 7.94313
12.672 8.00047
12.673 8.05714
12.674 8.11315
12.675 8.16849
12.676 8.22315
12.677 8.27714
12.678 8.33044
12.679 8.38305
12.68 8.43496
12.681 8.48619
12.682 8.5367
12.683 8.58652
12.684 8.63562
12.685 8.684
12.686 8.73167
12.687 8.77861
12.688 8.82483
12.689 8.87031
12.69 8.91507
12.691 8.95908
12.692 9.00236
12.693 9.0449
12.694 9.08669
12.695 9.12775
12.696 9.16807
12.697 9.20764
12.698 9.24647
12.699 9.28456
12.7 9.3219
12.701 9.3585
12.702 9.39437
12.703 9.4295
12.704 9.46389
12.705 9.49756
12.706 9.53051
12.707 9.56274
12.708 9.59425
12.709 9.62505
12.71 9.65514
12.711 9.68454
12.712 9.71325
12.713 9.74128
12.714 9.76864
12.715 9.79535
12.716 9.82143
12.717 9.84687
12.718 9.8717
12.719 9.89593
12.72 9.91957
12.721 9.94264
12.722 9.96515
12.723 9.98713
12.724 10.0086
12.725 10.0296
12.726 10.0501
12.727 10.0702
12.728 10.0899
12.729 10.1092
12.73 10.1281
12.731 10.1467
12.732 10.165
12.733 10.1829
12.734 10.2007
12.735 10.2182
12.736 10.2355
12.737 10.2527
12.738 10.2697
12.739 10.2867
12.74 10.3036
12.741 10.3205
12.742 10.3374
12.743 10.3543
12.744 10.3713
12.745 10.3885
12.746 10.4058
12.747 10.4233
12.748 10.4411
12.749 10.4591
12.75 10.4775
12.751 10.4962
12.752 10.5153
12.753 10.5349
12.754 10.5549
12.755 10.5755
12.756 10.5966
12.757 10.6182
12.758 10.6405
12.759 10.6635
12.76 10.6871
12.761 10.7115
12.762 10.7366
12.763 10.7626
12.764 10.7893
12.765 10.8169
12.766 10.8453
12.767 10.8746
12.768 10.9049
12.769 10.9361
12.77 10.9683
12.771 11.0015
12.772 11.0357
12.773 11.0709
12.774 11.1072
12.775 11.1445
12.776 11.1829
12.777 11.2223
12.778 11.2628
12.779 11.3044
12.78 11.3471
12.781 11.3909
12.782 11.4358
12.783 11.4818
12.784 11.5289
12.785 11.5771
12.786 11.6263
12.787 11.6767
12.788 11.728
12.789 11.7805
12.79 11.834
12.791 11.8885
12.792 11.9441
12.793 12.0006
12.794 12.0582
12.795 12.1167
12.796 12.1762
12.797 12.2365
12.798 12.2978
12.799 12.36
12.8 12.4231
12.801 12.487
12.802 12.5517
12.803 12.6172
12.804 12.6835
12.805 12.7505
12.806 12.8182
12.807 12.8866
12.808 12.9557
12.809 13.0254
12.81 13.0957
12.811 13.1665
12.812 13.2379
12.813 13.3098
12.814 13.3822
12.815 13.455
12.816 13.5282
12.817 13.6018
12.818 13.6757
12.819 13.7499
12.82 13.8244
12.821 13.8991
12.822 13.974
12.823 14.049
12.824 14.1242
12.825 14.1994
12.826 14.2747
12.827 14.3499
12.828 14.4252
12.829 14.5003
12.83 14.5753
12.831 14.6502
12.832 14.7249
12.833 14.7993
12.834 14.8734
12.835 14.9473
12.836 15.0207
12.837 15.0937
12.838 15.1663
12.839 15.2384
12.84 15.31
12.841 15.381
12.842 15.4513
12.843 15.521
12.844 15.59
12.845 15.6582
12.846 15.7256
12.847 15.7923
12.848 15.858
12.849 15.9228
12.85 15.9867
12.851 16.0496
12.852 16.1115
12.853 16.1723
12.854 16.232
12.855 16.2906
12.856 16.348
12.857 16.4041
12.858 16.459
12.859 16.5127
12.86 16.5649
12.861 16.6158
12.862 16.6653
12.863 16.7134
12.864 16.76
12.865 16.8051
12.866 16.8487
12.867 16.8906
12.868 16.931
12.869 16.9697
12.87 17.0068
12.871 17.0421
12.872 17.0757
12.873 17.1075
12.874 17.1376
12.875 17.1658
12.876 17.1921
12.877 17.2166
12.878 17.2391
12.879 17.2598
12.88 17.2784
12.881 17.2951
12.882 17.3097
12.883 17.3223
12.884 17.3329
12.885 17.3414
12.886 17.3478
12.887 17.352
12.888 17.3542
12.889 17.3541
12.89 17.3519
12.891 17.3475
12.892 17.3409
12.893 17.332
12.894 17.321
12.895 17.3077
12.896 17.2922
12.897 17.2744
12.898 17.2543
12.899 17.232
12.9 17.2075
12.901 17.1806
12.902 17.1515
12.903 17.1201
12.904 17.0865
12.905 17.0506
12.906 17.0125
12.907 16.972
12.908 16.9294
12.909 16.8845
12.91 16.8374
12.911 16.788
12.912 16.7365
12.913 16.6827
12.914 16.6268
12.915 16.5687
12.916 16.5084
12.917 16.446
12.918 16.3815
12.919 16.3149
12.92 16.2462
12.921 16.1754
12.922 16.1026
12.923 16.0277
12.924 15.9509
12.925 15.872
12.926 15.7913
12.927 15.7086
12.928 15.624
12.929 15.5375
12.93 15.4492
12.931 15.3591
12.932 15.2672
12.933 15.1735
12.934 15.0781
12.935 14.981
12.936 14.8823
12.937 14.782
12.938 14.6801
12.939 14.5766
12.94 14.4716
12.941 14.3651
12.942 14.2572
12.943 14.1479
12.944 14.0373
12.945 13.9253
12.946 13.812
12.947 13.6976
12.948 13.5819
12.949 13.4651
12.95 13.3472
12.951 13.2282
12.952 13.1082
12.953 12.9873
12.954 12.8654
12.955 12.7426
12.956 12.619
12.957 12.4946
12.958 12.3695
12.959 12.2436
12.96 12.1171
12.961 11.99
12.962 11.8623
12.963 11.734
12.964 11.6053
12.965 11.4761
12.966 11.3465
12.967 11.2165
12.968 11.0861
12.969 10.9555
12.97 10.8245
12.971 10.6934
12.972 10.562
12.973 10.4305
12.974 10.2988
12.975 10.1671
12.976 10.0352
12.977 9.90335
12.978 9.77145
12.979 9.63955
12.98 9.5077
12.981 9.37591
12.982 9.2442
12.983 9.11261
12.984 8.98115
12.985 8.84986
12.986 8.71874
12.987 8.58782
12.988 8.45712
12.989 8.32667
12.99 8.19648
12.991 8.06656
12.992 7.93695
12.993 7.80765
12.994 7.6787
12.995 7.55009
12.996 7.42185
12.997 7.29401
12.998 7.16656
12.999 7.03954
13 6.91295
13.001 6.78681
13.002 6.66114
13.003 6.53596
13.004 6.4113
13.005 6.28716
13.006 6.16357
13.007 6.04054
13.008 5.9181
13.009 5.79626
13.01 5.67504
13.011 5.55446
13.012 5.43454
13.013 5.3153
13.014 5.19676
13.015 5.07894
13.016 4.96187
13.017 4.84556
13.018 4.73004
13.019 4.61532
13.02 4.50143
13.021 4.38838
13.022 4.27619
13.023 4.1649
13.024 4.05452
13.025 3.94507
13.026 3.83658
13.027 3.72907
13.028 3.62255
13.029 3.51705
13.03 3.41259
13.031 3.30919
13.032 3.20686
13.033 3.10563
13.034 3.00552
13.035 2.90654
13.036 2.80872
13.037 2.71207
13.038 2.6166
13.039 2.52234
13.04 2.42931
13.041 2.33751
13.042 2.24696
13.043 2.15769
13.044 2.0697
13.045 1.98302
13.046 1.89765
13.047 1.81361
13.048 1.73091
13.049 1.64957
13.05 1.56961
13.051 1.49103
13.052 1.41383
13.053 1.33804
13.054 1.26365
13.055 1.19067
13.056 1.11911
13.057 1.04897
13.058 0.98026
13.059 0.912981
13.06 0.847138
13.061 0.782736
13.062 0.719777
13.063 0.658264
13.064 0.598199
13.065 0.539582
13.066 0.482415
13.067 0.426699
13.068 0.372434
13.069 0.319622
13.07 0.26826
13.071 0.218351
13.072 0.169893
13.073 0.122889
13.074 0.0773362
13.075 0.0332363
13.076 -0.00941196
13.077 -0.0506092
13.078 -0.0903567
13.079 -0.128656
13.08 -0.165508
13.081 -0.200916
13.082 -0.234879
13.083 -0.2674
13.084 -0.29848
13.085 -0.32812
13.086 -0.356323
13.087 -0.383091
13.088 -0.408427
13.089 -0.432333
13.09 -0.454813
13.091 -0.47587
13.092 -0.495509
13.093 -0.513732
13.094 -0.530545
13.095 -0.545952
13.096 -0.559958
13.097 -0.572567
13.098 -0.583786
13.099 -0.593619
13.1 -0.602074
13.101 -0.609156
13.102 -0.614871
13.103 -0.619227
13.104 -0.622231
13.105 -0.623888
13.106 -0.624196
13.107 -0.623163
13.108 -0.620808
13.109 -0.617138
13.11 -0.612163
13.111 -0.605892
13.112 -0.598336
13.113 -0.589503
13.114 -0.579405
13.115 -0.568052
13.116 -0.555456
13.117 -0.541628
13.118 -0.526579
13.119 -0.510322
13.12 -0.49287
13.121 -0.474234
13.122 -0.454427
13.123 -0.433461
13.124 -0.411349
13.125 -0.388104
13.126 -0.363738
13.127 -0.338266
13.128 -0.311701
13.129 -0.284058
13.13 -0.25535
13.131 -0.225593
13.132 -0.194798
13.133 -0.16298
13.134 -0.13015
13.135 -0.0963219
13.136 -0.0615097
13.137 -0.0257273
13.138 0.011011
13.139 0.0486906
13.14 0.0872966
13.141 0.126814
13.142 0.167227
13.143 0.20852
13.144 0.250678
13.145 0.293683
13.146 0.33752
13.147 0.382172
13.148 0.42762
13.149 0.473849
13.15 0.520841
13.151 0.568577
13.152 0.61704
13.153 0.666214
13.154 0.716082
13.155 0.766625
13.156 0.817826
13.157 0.869668
13.158 0.922131
13.159 0.975198
13.16 1.02885
13.161 1.08307
13.162 1.13783
13.163 1.19312
13.164 1.24891
13.165 1.30518
13.166 1.36192
13.167 1.4191
13.168 1.4767
13.169 1.53469
13.17 1.59306
13.171 1.65179
13.172 1.71084
13.173 1.7702
13.174 1.82985
13.175 1.88976
13.176 1.9499
13.177 2.01026
13.178 2.0708
13.179 2.13151
13.18 2.19236
13.181 2.25333
13.182 2.31439
13.183 2.37551
13.184 2.43666
13.185 2.49783
13.186 2.55896
13.187 2.62006
13.188 2.68107
13.189 2.74198
13.19 2.80276
13.191 2.86338
13.192 2.92382
13.193 2.98403
13.194 3.044
13.195 3.1037
13.196 3.16309
13.197 3.22215
13.198 3.28085
13.199 3.33916
13.2 3.39705
13.201 3.4545
13.202 3.51148
13.203 3.56796
13.204 3.62391
13.205 3.67932
13.206 3.73415
13.207 3.78838
13.208 3.84198
13.209 3.89493
13.21 3.94721
13.211 3.99879
13.212 4.04965
13.213 4.09976
13.214 4.14909
13.215 4.19764
13.216 4.24537
13.217 4.29225
13.218 4.33828
13.219 4.38343
13.22 4.42767
13.221 4.47099
13.222 4.51336
13.223 4.55477
13.224 4.5952
13.225 4.63463
13.226 4.67304
13.227 4.71041
13.228 4.74673
13.229 4.78199
13.23 4.81615
13.231 4.84922
13.232 4.88117
13.233 4.91199
13.234 4.94167
13.235 4.9702
13.236 4.99757
13.237 5.02376
13.238 5.04876
13.239 5.07257
13.24 5.09517
13.241 5.11655
13.242 5.13672
13.243 5.15565
13.244 5.17335
13.245 5.18981
13.246 5.20502
13.247 5.21898
13.248 5.23168
13.249 5.24312
13.25 5.2533
13.251 5.26221
13.252 5.26984
13.253 5.2762
13.254 5.28129
13.255 5.28509
13.256 5.28761
13.257 5.28884
13.258 5.28879
13.259 5.28744
13.26 5.28481
13.261 5.2809
13.262 5.27569
13.263 5.2692
13.264 5.26142
13.265 5.25236
13.266 5.24201
13.267 5.23039
13.268 5.21749
13.269 5.20332
13.27 5.18789
13.271 5.17118
13.272 5.15322
13.273 5.134
13.274 5.11353
13.275 5.09181
13.276 5.06885
13.277 5.04465
13.278 5.01922
13.279 4.99257
13.28 4.9647
13.281 4.93562
13.282 4.90533
13.283 4.87385
13.284 4.84118
13.285 4.80733
13.286 4.7723
13.287 4.73611
13.288 4.69875
13.289 4.66026
13.29 4.62062
13.291 4.57985
13.292 4.53797
13.293 4.49497
13.294 4.45086
13.295 4.40566
13.296 4.35938
13.297 4.31202
13.298 4.26359
13.299 4.21411
13.3 4.16358
13.301 4.11202
13.302 4.05944
13.303 4.00584
13.304 3.95124
13.305 3.89565
13.306 3.83908
13.307 3.78155
13.308 3.72306
13.309 3.66363
13.31 3.60327
13.311 3.542
13.312 3.47983
13.313 3.41677
13.314 3.35284
13.315 3.28805
13.316 3.22242
13.317 3.15596
13.318 3.0887
13.319 3.02064
13.32 2.9518
13.321 2.8822
13.322 2.81185
13.323 2.74078
13.324 2.669
13.325 2.59652
13.326 2.52337
13.327 2.44957
13.328 2.37512
13.329 2.30005
13.33 2.22438
13.331 2.14813
13.332 2.07131
13.333 1.99393
13.334 1.91602
13.335 1.83759
13.336 1.75866
13.337 1.67924
13.338 1.59934
13.339 1.51899
13.34 1.43821
13.341 1.357
13.342 1.27538
13.343 1.19336
13.344 1.11097
13.345 1.02821
13.346 0.945102
13.347 0.861657
13.348 0.777888
13.349 0.693811
13.35 0.609438
13.351 0.524782
13.352 0.439853
13.353 0.354661
13.354 0.269213
13.355 0.183519
13.356 0.0975859
13.357 0.0114228
13.358 -0.0749631
13.359 -0.161564
13.36 -0.248373
13.361 -0.335385
13.362 -0.422593
13.363 -0.509995
13.364 -0.597586
13.365 -0.685365
13.366 -0.773328
13.367 -0.861471
13.368 -0.949794
13.369 -1.03829
13.37 -1.12697
13.371 -1.21582
13.372 -1.30485
13.373 -1.39408
13.374 -1.4835
13.375 -1.57313
13.376 -1.66298
13.377 -1.75305
13.378 -1.84336
13.379 -1.93392
13.38 -2.02473
13.381 -2.11581
13.382 -2.20719
13.383 -2.29888
13.384 -2.39091
13.385 -2.48331
13.386 -2.57611
13.387 -2.66932
13.388 -2.76298
13.389 -2.85712
13.39 -2.95175
13.391 -3.0469
13.392 -3.14263
13.393 -3.23895
13.394 -3.33592
13.395 -3.43358
13.396 -3.53195
13.397 -3.63109
13.398 -3.73104
13.399 -3.83182
13.4 -3.93349
13.401 -4.03608
13.402 -4.13964
13.403 -4.24419
13.404 -4.3498
13.405 -4.45648
13.406 -4.56429
13.407 -4.67327
13.408 -4.78345
13.409 -4.89488
13.41 -5.0076
13.411 -5.12163
13.412 -5.23702
13.413 -5.35376
13.414 -5.47189
13.415 -5.59142
13.416 -5.71237
13.417 -5.83476
13.418 -5.95861
13.419 -6.08394
13.42 -6.21076
13.421 -6.33909
13.422 -6.46892
13.423 -6.60024
13.424 -6.73303
13.425 -6.86728
13.426 -7.00299
13.427 -7.14012
13.428 -7.27868
13.429 -7.41865
13.43 -7.56002
13.431 -7.70276
13.432 -7.84685
13.433 -7.99224
13.434 -8.13889
13.435 -8.28677
13.436 -8.43583
13.437 -8.58604
13.438 -8.73735
13.439 -8.88974
13.44 -9.04315
13.441 -9.19754
13.442 -9.35289
13.443 -9.50912
13.444 -9.66622
13.445 -9.82411
13.446 -9.98277
13.447 -10.1421
13.448 -10.3022
13.449 -10.4629
13.45 -10.6241
13.451 -10.7859
13.452 -10.9482
13.453 -11.111
13.454 -11.2741
13.455 -11.4377
13.456 -11.6016
13.457 -11.7659
13.458 -11.9304
13.459 -12.0952
13.46 -12.2601
13.461 -12.4251
13.462 -12.5902
13.463 -12.7553
13.464 -12.9206
13.465 -13.0857
13.466 -13.2514
13.467 -13.4174
13.468 -13.5833
13.469 -13.7492
13.47 -13.9151
13.471 -14.081
13.472 -14.2468
13.473 -14.4125
13.474 -14.5781
13.475 -14.7436
13.476 -14.909
13.477 -15.0742
13.478 -15.2393
13.479 -15.4042
13.48 -15.5689
13.481 -15.7334
13.482 -15.8977
13.483 -16.0618
13.484 -16.2256
13.485 -16.3892
13.486 -16.5524
13.487 -16.7154
13.488 -16.878
13.489 -17.0403
13.49 -17.2023
13.491 -17.3639
13.492 -17.525
13.493 -17.6858
13.494 -17.8462
13.495 -18.0061
13.496 -18.1656
13.497 -18.3245
13.498 -18.483
13.499 -18.6409
13.5 -18.7983
13.501 -18.9551
13.502 -19.1113
13.503 -19.267
13.504 -19.422
13.505 -19.5763
13.506 -19.73
13.507 -19.883
13.508 -20.0354
13.509 -20.1869
13.51 -20.3378
13.511 -20.4879
13.512 -20.6372
13.513 -20.7857
13.514 -20.9334
13.515 -21.0802
13.516 -21.2262
13.517 -21.3714
13.518 -21.5156
13.519 -21.659
13.52 -21.8014
13.521 -21.9429
13.522 -22.0834
13.523 -22.223
13.524 -22.3616
13.525 -22.4991
13.526 -22.6357
13.527 -22.7712
13.528 -22.9056
13.529 -23.0389
13.53 -23.1712
13.531 -23.3023
13.532 -23.4323
13.533 -23.5612
13.534 -23.6889
13.535 -23.8154
13.536 -23.9406
13.537 -24.0647
13.538 -24.1875
13.539 -24.309
13.54 -24.4292
13.541 -24.5481
13.542 -24.6657
13.543 -24.7819
13.544 -24.8968
13.545 -25.0103
13.546 -25.1223
13.547 -25.2329
13.548 -25.342
13.549 -25.4496
13.55 -25.5558
13.551 -25.6603
13.552 -25.7634
13.553 -25.8648
13.554 -25.9647
13.555 -26.0628
13.556 -26.1594
13.557 -26.2542
13.558 -26.3473
13.559 -26.4387
13.56 -26.5282
13.561 -26.616
13.562 -26.702
13.563 -26.7861
13.564 -26.8683
13.565 -26.9485
13.566 -27.0268
13.567 -27.1032
13.568 -27.1775
13.569 -27.2497
13.57 -27.3198
13.571 -27.3879
13.572 -27.4537
13.573 -27.5174
13.574 -27.5789
13.575 -27.6381
13.576 -27.6951
13.577 -27.7497
13.578 -27.802
13.579 -27.8518
13.58 -27.8993
13.581 -27.9443
13.582 -27.9869
13.583 -28.0269
13.584 -28.0644
13.585 -28.0993
13.586 -28.1316
13.587 -28.1612
13.588 -28.1882
13.589 -28.2125
13.59 -28.234
13.591 -28.2527
13.592 -28.2687
13.593 -28.2818
13.594 -28.2921
13.595 -28.2994
13.596 -28.3039
13.597 -28.3053
13.598 -28.3037
13.599 -28.2991
13.6 -28.2915
13.601 -28.2808
13.602 -28.2672
13.603 -28.2505
13.604 -28.2307
13.605 -28.2079
13.606 -28.1819
13.607 -28.1529
13.608 -28.1207
13.609 -28.0854
13.61 -28.047
13.611 -28.0055
13.612 -27.9608
13.613 -27.9129
13.614 -27.862
13.615 -27.8079
13.616 -27.7506
13.617 -27.6903
13.618 -27.6268
13.619 -27.5601
13.62 -27.4904
13.621 -27.4176
13.622 -27.3417
13.623 -27.2627
13.624 -27.1807
13.625 -27.0957
13.626 -27.0076
13.627 -26.9165
13.628 -26.8225
13.629 -26.7255
13.63 -26.6256
13.631 -26.5229
13.632 -26.4172
13.633 -26.3087
13.634 -26.1974
13.635 -26.0834
13.636 -25.9666
13.637 -25.8471
13.638 -25.725
13.639 -25.6003
13.64 -25.473
13.641 -25.3431
13.642 -25.2108
13.643 -25.076
13.644 -24.9388
13.645 -24.7993
13.646 -24.6574
13.647 -24.5133
13.648 -24.3669
13.649 -24.2184
13.65 -24.0677
13.651 -23.915
13.652 -23.7602
13.653 -23.6034
13.654 -23.4447
13.655 -23.284
13.656 -23.1216
13.657 -22.9573
13.658 -22.7913
13.659 -22.6236
13.66 -22.4542
13.661 -22.2832
13.662 -22.1107
13.663 -21.9366
13.664 -21.7611
13.665 -21.5842
13.666 -21.4059
13.667 -21.2263
13.668 -21.0454
13.669 -20.8633
13.67 -20.6799
13.671 -20.4955
13.672 -20.3099
13.673 -20.1234
13.674 -19.9358
13.675 -19.7472
13.676 -19.5578
13.677 -19.3674
13.678 -19.1763
13.679 -18.9843
13.68 -18.7917
13.681 -18.5983
13.682 -18.4043
13.683 -18.2096
13.684 -18.0144
13.685 -17.8187
13.686 -17.6224
13.687 -17.4258
13.688 -17.2287
13.689 -17.0312
13.69 -16.8334
13.691 -16.6353
13.692 -16.4369
13.693 -16.2384
13.694 -16.0396
13.695 -15.8407
13.696 -15.6417
13.697 -15.4426
13.698 -15.2436
13.699 -15.0445
13.7 -14.8454
13.701 -14.6465
13.702 -14.4476
13.703 -14.249
13.704 -14.0505
13.705 -13.8522
13.706 -13.6542
13.707 -13.4565
13.708 -13.2591
13.709 -13.0621
13.71 -12.8655
13.711 -12.6693
13.712 -12.4736
13.713 -12.2784
13.714 -12.0838
13.715 -11.8897
13.716 -11.6962
13.717 -11.5033
13.718 -11.3111
13.719 -11.1196
13.72 -10.9288
13.721 -10.7388
13.722 -10.5496
13.723 -10.3611
13.724 -10.1736
13.725 -9.98689
13.726 -9.8011
13.727 -9.61624
13.728 -9.43235
13.729 -9.24943
13.73 -9.06754
13.731 -8.88668
13.732 -8.70689
13.733 -8.52819
13.734 -8.35061
13.735 -8.17417
13.736 -7.99891
13.737 -7.82484
13.738 -7.65199
13.739 -7.48038
13.74 -7.31004
13.741 -7.14099
13.742 -6.97325
13.743 -6.80686
13.744 -6.64182
13.745 -6.47818
13.746 -6.31594
13.747 -6.15514
13.748 -5.9958
13.749 -5.83793
13.75 -5.68157
13.751 -5.52672
13.752 -5.37342
13.753 -5.2217
13.754 -5.07157
13.755 -4.92307
13.756 -4.77621
13.757 -4.63103
13.758 -4.48754
13.759 -4.34576
13.76 -4.20573
13.761 -4.06745
13.762 -3.93096
13.763 -3.79627
13.764 -3.66341
13.765 -3.53239
13.766 -3.40324
13.767 -3.27597
13.768 -3.1506
13.769 -3.02716
13.77 -2.90565
13.771 -2.7861
13.772 -2.66852
13.773 -2.55293
13.774 -2.43935
13.775 -2.32778
13.776 -2.21824
13.777 -2.11075
13.778 -2.00531
13.779 -1.90195
13.78 -1.80067
13.781 -1.70148
13.782 -1.6044
13.783 -1.50942
13.784 -1.41656
13.785 -1.32581
13.786 -1.23719
13.787 -1.15069
13.788 -1.06633
13.789 -0.984095
13.79 -0.904
13.791 -0.826045
13.792 -0.750231
13.793 -0.676558
13.794 -0.605028
13.795 -0.535639
13.796 -0.468392
13.797 -0.403286
13.798 -0.340319
13.799 -0.27949
13.8 -0.220797
13.801 -0.164237
13.802 -0.109804
13.803 -0.0574911
13.804 -0.00729189
13.805 0.0408013
13.806 0.0867963
13.807 0.130701
13.808 0.172525
13.809 0.212276
13.81 0.249963
13.811 0.285598
13.812 0.319193
13.813 0.350761
13.814 0.380319
13.815 0.407879
13.816 0.433457
13.817 0.457068
13.818 0.478728
13.819 0.498452
13.82 0.516256
13.821 0.532157
13.822 0.546172
13.823 0.558317
13.824 0.568609
13.825 0.577067
13.826 0.583708
13.827 0.58855
13.828 0.591609
13.829 0.592891
13.83 0.592402
13.831 0.590177
13.832 0.58624
13.833 0.580609
13.834 0.573299
13.835 0.564328
13.836 0.553713
13.837 0.541472
13.838 0.527623
13.839 0.512185
13.84 0.495177
13.841 0.476616
13.842 0.456521
13.843 0.434907
13.844 0.41179
13.845 0.387189
13.846 0.361121
13.847 0.333605
13.848 0.304657
13.849 0.274299
13.85 0.242548
13.851 0.209423
13.852 0.174944
13.853 0.139127
13.854 0.10199
13.855 0.0635522
13.856 0.0238322
13.857 -0.0171505
13.858 -0.0593762
13.859 -0.102825
13.86 -0.147475
13.861 -0.193308
13.862 -0.240303
13.863 -0.288442
13.864 -0.337706
13.865 -0.388075
13.866 -0.439529
13.867 -0.492048
13.868 -0.545612
13.869 -0.600198
13.87 -0.655787
13.871 -0.712356
13.872 -0.769884
13.873 -0.828351
13.874 -0.887734
13.875 -0.948013
13.876 -1.00916
13.877 -1.07117
13.878 -1.134
13.879 -1.19764
13.88 -1.26205
13.881 -1.32723
13.882 -1.39315
13.883 -1.45977
13.884 -1.52707
13.885 -1.59503
13.886 -1.66363
13.887 -1.73282
13.888 -1.8026
13.889 -1.87293
13.89 -1.94378
13.891 -2.01513
13.892 -2.08694
13.893 -2.15918
13.894 -2.23182
13.895 -2.30482
13.896 -2.37815
13.897 -2.45177
13.898 -2.52565
13.899 -2.59976
13.9 -2.67405
13.901 -2.7485
13.902 -2.82306
13.903 -2.8977
13.904 -2.97238
13.905 -3.04705
13.906 -3.12168
13.907 -3.19623
13.908 -3.27066
13.909 -3.34493
13.91 -3.419
13.911 -3.49283
13.912 -3.56639
13.913 -3.63964
13.914 -3.71253
13.915 -3.78503
13.916 -3.8571
13.917 -3.9287
13.918 -3.99979
13.919 -4.07035
13.92 -4.14033
13.921 -4.20969
13.922 -4.27841
13.923 -4.34643
13.924 -4.41373
13.925 -4.48028
13.926 -4.54603
13.927 -4.61095
13.928 -4.67501
13.929 -4.73818
13.93 -4.80042
13.931 -4.8617
13.932 -4.92199
13.933 -4.98126
13.934 -5.0395
13.935 -5.09666
13.936 -5.15272
13.937 -5.20766
13.938 -5.26145
13.939 -5.31407
13.94 -5.36549
13.941 -5.41569
13.942 -5.46465
13.943 -5.51234
13.944 -5.55876
13.945 -5.60387
13.946 -5.64765
13.947 -5.6901
13.948 -5.73119
13.949 -5.7709
13.95 -5.80923
13.951 -5.84614
13.952 -5.88164
13.953 -5.9157
13.954 -5.94833
13.955 -5.9795
13.956 -6.00921
13.957 -6.03746
13.958 -6.06423
13.959 -6.08952
13.96 -6.11332
13.961 -6.13562
13.962 -6.15642
13.963 -6.17571
13.964 -6.19349
13.965 -6.20977
13.966 -6.22453
13.967 -6.23777
13.968 -6.2495
13.969 -6.2597
13.97 -6.26839
13.971 -6.27556
13.972 -6.28121
13.973 -6.28534
13.974 -6.28795
13.975 -6.28903
13.976 -6.28858
13.977 -6.28661
13.978 -6.28312
13.979 -6.2781
13.98 -6.27157
13.981 -6.26352
13.982 -6.25395
13.983 -6.24286
13.984 -6.23026
13.985 -6.21615
13.986 -6.20052
13.987 -6.18339
13.988 -6.16475
13.989 -6.14461
13.99 -6.12297
13.991 -6.09984
13.992 -6.07521
13.993 -6.04909
13.994 -6.02148
13.995 -5.99238
13.996 -5.96179
13.997 -5.92971
13.998 -5.89615
13.999 -5.86111
14 -5.82459
14.001 -5.7866
14.002 -5.74713
14.003 -5.7062
14.004 -5.6638
14.005 -5.61993
14.006 -5.57459
14.007 -5.5278
14.008 -5.47955
14.009 -5.42984
14.01 -5.37869
14.011 -5.3261
14.012 -5.27206
14.013 -5.2166
14.014 -5.15971
14.015 -5.1014
14.016 -5.04167
14.017 -4.98054
14.018 -4.91801
14.019 -4.85409
14.02 -4.78879
14.021 -4.72212
14.022 -4.65408
14.023 -4.5847
14.024 -4.51397
14.025 -4.44193
14.026 -4.36857
14.027 -4.29391
14.028 -4.21797
14.029 -4.14077
14.03 -4.06231
14.031 -3.98261
14.032 -3.90169
14.033 -3.81957
14.034 -3.73626
14.035 -3.65179
14.036 -3.56617
14.037 -3.47943
14.038 -3.39158
14.039 -3.30264
14.04 -3.21263
14.041 -3.12158
14.042 -3.0295
14.043 -2.93642
14.044 -2.84236
14.045 -2.74735
14.046 -2.6514
14.047 -2.55454
14.048 -2.4568
14.049 -2.35819
14.05 -2.25874
14.051 -2.15848
14.052 -2.05742
14.053 -1.9556
14.054 -1.85303
14.055 -1.74975
14.056 -1.64577
14.057 -1.54112
14.058 -1.43583
14.059 -1.32992
14.06 -1.22341
14.061 -1.11632
14.062 -1.00869
14.063 -0.900524
14.064 -0.791858
14.065 -0.682709
14.066 -0.5731
14.067 -0.463053
14.068 -0.352589
14.069 -0.241728
14.07 -0.130492
14.071 -0.0189012
14.072 0.0930267
14.073 0.205273
14.074 0.31782
14.075 0.43065
14.076 0.543747
14.077 0.657094
14.078 0.770675
14.079 0.884474
14.08 0.998478
14.081 1.11267
14.082 1.22703
14.083 1.34156
14.084 1.45623
14.085 1.57104
14.086 1.68584
14.087 1.80078
14.088 1.91591
14.089 2.03116
14.09 2.14651
14.091 2.26196
14.092 2.37751
14.093 2.49316
14.094 2.6089
14.095 2.72474
14.096 2.84068
14.097 2.95671
14.098 3.07284
14.099 3.18906
14.1 3.30537
14.101 3.42178
14.102 3.53828
14.103 3.65487
14.104 3.77155
14.105 3.88831
14.106 4.00516
14.107 4.12209
14.108 4.23911
14.109 4.35621
14.11 4.47339
14.111 4.59064
14.112 4.70798
14.113 4.82538
14.114 4.94285
14.115 5.06039
14.116 5.17798
14.117 5.29563
14.118 5.41333
14.119 5.53108
14.12 5.64887
14.121 5.7667
14.122 5.88456
14.123 6.00244
14.124 6.12033
14.125 6.23823
14.126 6.35611
14.127 6.47398
14.128 6.59182
14.129 6.70962
14.13 6.82737
14.131 6.94507
14.132 7.06271
14.133 7.18026
14.134 7.29772
14.135 7.41507
14.136 7.53231
14.137 7.64941
14.138 7.76637
14.139 7.88318
14.14 7.99982
14.141 8.11628
14.142 8.23255
14.143 8.34861
14.144 8.46447
14.145 8.58009
14.146 8.69548
14.147 8.81062
14.148 8.92551
14.149 9.04012
14.15 9.15445
14.151 9.26849
14.152 9.38222
14.153 9.49564
14.154 9.60873
14.155 9.72149
14.156 9.83389
14.157 9.94593
14.158 10.0576
14.159 10.1689
14.16 10.2798
14.161 10.3903
14.162 10.5003
14.163 10.61
14.164 10.7192
14.165 10.8279
14.166 10.9362
14.167 11.044
14.168 11.1514
14.169 11.2582
14.17 11.3646
14.171 11.4704
14.172 11.5757
14.173 11.6805
14.174 11.7848
14.175 11.8885
14.176 11.9916
14.177 12.0941
14.178 12.1961
14.179 12.2974
14.18 12.3981
14.181 12.4982
14.182 12.5977
14.183 12.6965
14.184 12.7946
14.185 12.892
14.186 12.9888
14.187 13.0849
14.188 13.1802
14.189 13.2749
14.19 13.3687
14.191 13.4619
14.192 13.5543
14.193 13.6459
14.194 13.7367
14.195 13.8266
14.196 13.9158
14.197 14.0041
14.198 14.0916
14.199 14.1782
14.2 14.2639
14.201 14.3487
14.202 14.4326
14.203 14.5156
14.204 14.5976
14.205 14.6786
14.206 14.7585
14.207 14.8375
14.208 14.9154
14.209 14.9922
14.21 15.0679
14.211 15.1425
14.212 15.216
14.213 15.2883
14.214 15.3593
14.215 15.4292
14.216 15.4978
14.217 15.5651
14.218 15.631
14.219 15.6957
14.22 15.7589
14.221 15.8208
14.222 15.8812
14.223 15.9402
14.224 15.9976
14.225 16.0535
14.226 16.1079
14.227 16.1607
14.228 16.2118
14.229 16.2614
14.23 16.3092
14.231 16.3553
14.232 16.3997
14.233 16.4423
14.234 16.4831
14.235 16.522
14.236 16.5591
14.237 16.5943
14.238 16.6276
14.239 16.6589
14.24 16.6883
14.241 16.7156
14.242 16.7409
14.243 16.7641
14.244 16.7853
14.245 16.8043
14.246 16.8212
14.247 16.836
14.248 16.8485
14.249 16.8589
14.25 16.867
14.251 16.8729
14.252 16.8765
14.253 16.8778
14.254 16.8767
14.255 16.8733
14.256 16.8676
14.257 16.8595
14.258 16.849
14.259 16.8362
14.26 16.821
14.261 16.8034
14.262 16.7834
14.263 16.761
14.264 16.7362
14.265 16.709
14.266 16.6794
14.267 16.6473
14.268 16.6129
14.269 16.5761
14.27 16.537
14.271 16.4954
14.272 16.4514
14.273 16.4051
14.274 16.3565
14.275 16.3055
14.276 16.2522
14.277 16.1965
14.278 16.1386
14.279 16.0784
14.28 16.016
14.281 15.9513
14.282 15.8844
14.283 15.8153
14.284 15.7441
14.285 15.6707
14.286 15.5952
14.287 15.5177
14.288 15.4381
14.289 15.3565
14.29 15.2729
14.291 15.1873
14.292 15.0999
14.293 15.0106
14.294 14.9194
14.295 14.8265
14.296 14.7318
14.297 14.6354
14.298 14.5373
14.299 14.4376
14.3 14.3363
14.301 14.2334
14.302 14.1291
14.303 14.0233
14.304 13.9161
14.305 13.8075
14.306 13.6976
14.307 13.5863
14.308 13.4739
14.309 13.3603
14.31 13.2455
14.311 13.1296
14.312 13.0126
14.313 12.8947
14.314 12.7757
14.315 12.6558
14.316 12.535
14.317 12.4134
14.318 12.291
14.319 12.1677
14.32 12.0438
14.321 11.9192
14.322 11.7939
14.323 11.668
14.324 11.5415
14.325 11.4145
14.326 11.287
14.327 11.1589
14.328 11.0305
14.329 10.9016
14.33 10.7723
14.331 10.6427
14.332 10.5128
14.333 10.3825
14.334 10.252
14.335 10.1212
14.336 9.99025
14.337 9.85905
14.338 9.72768
14.339 9.59614
14.34 9.46448
14.341 9.33269
14.342 9.20082
14.343 9.06888
14.344 8.93688
14.345 8.80485
14.346 8.6728
14.347 8.54077
14.348 8.40875
14.349 8.27677
14.35 8.14486
14.351 8.01302
14.352 7.88127
14.353 7.74963
14.354 7.61812
14.355 7.48676
14.356 7.35557
14.357 7.22456
14.358 7.09374
14.359 6.96314
14.36 6.83277
14.361 6.70265
14.362 6.57279
14.363 6.44322
14.364 6.31395
14.365 6.18501
14.366 6.05642
14.367 5.92818
14.368 5.80033
14.369 5.67288
14.37 5.54585
14.371 5.41925
14.372 5.29312
14.373 5.16746
14.374 5.04231
14.375 4.91768
14.376 4.7936
14.377 4.67008
14.378 4.54715
14.379 4.42484
14.38 4.30315
14.381 4.18211
14.382 4.06175
14.383 3.94208
14.384 3.82314
14.385 3.70493
14.386 3.58749
14.387 3.47084
14.388 3.355
14.389 3.23999
14.39 3.12584
14.391 3.01256
14.392 2.90017
14.393 2.78871
14.394 2.67818
14.395 2.56861
14.396 2.46002
14.397 2.35244
14.398 2.24587
14.399 2.14035
14.4 2.03589
14.401 1.93251
14.402 1.83022
14.403 1.72906
14.404 1.62902
14.405 1.53013
14.406 1.4324
14.407 1.33585
14.408 1.2405
14.409 1.14636
14.41 1.05344
14.411 0.96176
14.412 0.871334
14.413 0.782175
14.414 0.694295
14.415 0.607709
14.416 0.522428
14.417 0.438465
14.418 0.355832
14.419 0.27454
14.42 0.1946
14.421 0.116023
14.422 0.0388177
14.423 -0.0370091
14.424 -0.11145
14.425 -0.184498
14.426 -0.256146
14.427 -0.326388
14.428 -0.39522
14.429 -0.462634
14.43 -0.528627
14.431 -0.593193
14.432 -0.656328
14.433 -0.718028
14.434 -0.778289
14.435 -0.837108
14.436 -0.89448
14.437 -0.950404
14.438 -1.00488
14.439 -1.0579
14.44 -1.10946
14.441 -1.15957
14.442 -1.20822
14.443 -1.25541
14.444 -1.30115
14.445 -1.34544
14.446 -1.38827
14.447 -1.42965
14.448 -1.46958
14.449 -1.50807
14.45 -1.54511
14.451 -1.58071
14.452 -1.61487
14.453 -1.64759
14.454 -1.67888
14.455 -1.70873
14.456 -1.73716
14.457 -1.76416
14.458 -1.78974
14.459 -1.8139
14.46 -1.83665
14.461 -1.85798
14.462 -1.87791
14.463 -1.89644
14.464 -1.91356
14.465 -1.92928
14.466 -1.94361
14.467 -1.95654
14.468 -1.96809
14.469 -1.97825
14.47 -1.98703
14.471 -1.99444
14.472 -2.00047
14.473 -2.00514
14.474 -2.00844
14.475 -2.01039
14.476 -2.01097
14.477 -2.01019
14.478 -2.00807
14.479 -2.00461
14.48 -1.99981
14.481 -1.99369
14.482 -1.98625
14.483 -1.9775
14.484 -1.96745
14.485 -1.9561
14.486 -1.94346
14.487 -1.92954
14.488 -1.91435
14.489 -1.89791
14.49 -1.88021
14.491 -1.86127
14.492 -1.84111
14.493 -1.81973
14.494 -1.79714
14.495 -1.77336
14.496 -1.74839
14.497 -1.72225
14.498 -1.69496
14.499 -1.66652
14.5 -1.63695
14.501 -1.60627
14.502 -1.57448
14.503 -1.54161
14.504 -1.50767
14.505 -1.47267
14.506 -1.43665
14.507 -1.3996
14.508 -1.36155
14.509 -1.32252
14.51 -1.28252
14.511 -1.24158
14.512 -1.19971
14.513 -1.15693
14.514 -1.11327
14.515 -1.06874
14.516 -1.02337
14.517 -0.977181
14.518 -0.930191
14.519 -0.882422
14.52 -0.833898
14.521 -0.784641
14.522 -0.734676
14.523 -0.684026
14.524 -0.632716
14.525 -0.58077
14.526 -0.528215
14.527 -0.475075
14.528 -0.421377
14.529 -0.367144
14.53 -0.312404
14.531 -0.257184
14.532 -0.201512
14.533 -0.145419
14.534 -0.0889348
14.535 -0.0320907
14.536 0.0250828
14.537 0.082555
14.538 0.140295
14.539 0.198271
14.54 0.256453
14.541 0.314809
14.542 0.373307
14.543 0.431914
14.544 0.490598
14.545 0.549326
14.546 0.608067
14.547 0.666787
14.548 0.725455
14.549 0.784039
14.55 0.842505
14.551 0.900821
14.552 0.958952
14.553 1.01686
14.554 1.07451
14.555 1.13188
14.556 1.18891
14.557 1.24558
14.558 1.30185
14.559 1.35769
14.56 1.41307
14.561 1.46794
14.562 1.52228
14.563 1.57606
14.564 1.62923
14.565 1.68179
14.566 1.73368
14.567 1.78488
14.568 1.83536
14.569 1.88509
14.57 1.93404
14.571 1.98218
14.572 2.02949
14.573 2.07594
14.574 2.12151
14.575 2.16617
14.576 2.20991
14.577 2.2527
14.578 2.29452
14.579 2.33534
14.58 2.37515
14.581 2.41393
14.582 2.45166
14.583 2.48833
14.584 2.52391
14.585 2.55841
14.586 2.5918
14.587 2.62406
14.588 2.6552
14.589 2.68519
14.59 2.71403
14.591 2.7417
14.592 2.76819
14.593 2.7935
14.594 2.81762
14.595 2.84054
14.596 2.86225
14.597 2.88275
14.598 2.90203
14.599 2.92009
14.6 2.93692
14.601 2.95251
14.602 2.96687
14.603 2.97999
14.604 2.99188
14.605 3.00253
14.606 3.01195
14.607 3.02013
14.608 3.02708
14.609 3.03281
14.61 3.0373
14.611 3.04057
14.612 3.04262
14.613 3.04346
14.614 3.04307
14.615 3.04147
14.616 3.03867
14.617 3.03466
14.618 3.02945
14.619 3.02304
14.62 3.01545
14.621 3.00668
14.622 2.99673
14.623 2.9856
14.624 2.97329
14.625 2.95981
14.626 2.94515
14.627 2.92933
14.628 2.91235
14.629 2.89421
14.63 2.87491
14.631 2.85446
14.632 2.83286
14.633 2.81012
14.634 2.78623
14.635 2.7612
14.636 2.73503
14.637 2.70772
14.638 2.67929
14.639 2.64972
14.64 2.61904
14.641 2.58723
14.642 2.55431
14.643 2.52028
14.644 2.48515
14.645 2.44892
14.646 2.4116
14.647 2.37319
14.648 2.3337
14.649 2.29314
14.65 2.25151
14.651 2.20882
14.652 2.16508
14.653 2.12031
14.654 2.07451
14.655 2.0277
14.656 1.97989
14.657 1.93109
14.658 1.88131
14.659 1.83058
14.66 1.7789
14.661 1.72628
14.662 1.67275
14.663 1.61832
14.664 1.563
14.665 1.50683
14.666 1.44981
14.667 1.39197
14.668 1.33332
14.669 1.27388
14.67 1.21368
14.671 1.15273
14.672 1.09107
14.673 1.0287
14.674 0.965661
14.675 0.901975
14.676 0.837667
14.677 0.772762
14.678 0.707287
14.679 0.641267
14.68 0.574728
14.681 0.507697
14.682 0.440203
14.683 0.372275
14.684 0.303941
14.685 0.235233
14.686 0.166178
14.687 0.0968055
14.688 0.0271458
14.689 -0.0427721
14.69 -0.112919
14.691 -0.183265
14.692 -0.253779
14.693 -0.324431
14.694 -0.395191
14.695 -0.466028
14.696 -0.536912
14.697 -0.607813
14.698 -0.678701
14.699 -0.749546
14.7 -0.82032
14.701 -0.890992
14.702 -0.961536
14.703 -1.03192
14.704 -1.10213
14.705 -1.17212
14.706 -1.24188
14.707 -1.31137
14.708 -1.38057
14.709 -1.44946
14.71 -1.51801
14.711 -1.5862
14.712 -1.654
14.713 -1.7214
14.714 -1.78837
14.715 -1.8549
14.716 -1.92097
14.717 -1.98655
14.718 -2.05164
14.719 -2.11621
14.72 -2.18025
14.721 -2.24374
14.722 -2.30666
14.723 -2.36901
14.724 -2.43076
14.725 -2.49192
14.726 -2.55246
14.727 -2.61237
14.728 -2.67165
14.729 -2.73028
14.73 -2.78825
14.731 -2.84556
14.732 -2.90219
14.733 -2.95813
14.734 -3.01339
14.735 -3.06794
14.736 -3.1218
14.737 -3.17494
14.738 -3.22737
14.739 -3.27907
14.74 -3.33005
14.741 -3.3803
14.742 -3.42981
14.743 -3.47858
14.744 -3.52662
14.745 -3.57391
14.746 -3.62046
14.747 -3.66627
14.748 -3.71133
14.749 -3.75564
14.75 -3.7992
14.751 -3.84202
14.752 -3.88409
14.753 -3.92541
14.754 -3.96598
14.755 -4.0058
14.756 -4.04487
14.757 -4.08319
14.758 -4.12075
14.759 -4.15757
14.76 -4.19364
14.761 -4.22896
14.762 -4.26354
14.763 -4.29737
14.764 -4.33047
14.765 -4.36283
14.766 -4.39447
14.767 -4.42537
14.768 -4.45555
14.769 -4.48501
14.77 -4.51375
14.771 -4.54179
14.772 -4.56912
14.773 -4.59575
14.774 -4.62169
14.775 -4.64694
14.776 -4.6715
14.777 -4.69539
14.778 -4.71861
14.779 -4.74116
14.78 -4.76305
14.781 -4.78429
14.782 -4.80488
14.783 -4.82483
14.784 -4.84414
14.785 -4.86281
14.786 -4.88086
14.787 -4.89827
14.788 -4.91507
14.789 -4.93125
14.79 -4.94683
14.791 -4.9618
14.792 -4.97616
14.793 -4.98994
14.794 -5.00313
14.795 -5.01573
14.796 -5.02776
14.797 -5.03922
14.798 -5.05012
14.799 -5.06047
14.8 -5.07026
14.801 -5.07951
14.802 -5.08822
14.803 -5.0964
14.804 -5.10405
14.805 -5.11119
14.806 -5.11781
14.807 -5.12392
14.808 -5.12953
14.809 -5.13464
14.81 -5.13927
14.811 -5.14341
14.812 -5.14707
14.813 -5.15028
14.814 -5.15302
14.815 -5.15531
14.816 -5.15716
14.817 -5.15858
14.818 -5.15957
14.819 -5.16014
14.82 -5.16031
14.821 -5.16007
14.822 -5.15945
14.823 -5.15844
14.824 -5.15706
14.825 -5.15532
14.826 -5.15322
14.827 -5.15078
14.828 -5.148
14.829 -5.1449
14.83 -5.14148
14.831 -5.13776
14.832 -5.13374
14.833 -5.12944
14.834 -5.12486
14.835 -5.12002
14.836 -5.11493
14.837 -5.1096
14.838 -5.10405
14.839 -5.09827
14.84 -5.09229
14.841 -5.08612
14.842 -5.07976
14.843 -5.07323
14.844 -5.06653
14.845 -5.05968
14.846 -5.05268
14.847 -5.04556
14.848 -5.03831
14.849 -5.03094
14.85 -5.02348
14.851 -5.01592
14.852 -5.00827
14.853 -5.00055
14.854 -4.99275
14.855 -4.98489
14.856 -4.97698
14.857 -4.96902
14.858 -4.96102
14.859 -4.95298
14.86 -4.94492
14.861 -4.93683
14.862 -4.92873
14.863 -4.92061
14.864 -4.91248
14.865 -4.90432
14.866 -4.89615
14.867 -4.88796
14.868 -4.87976
14.869 -4.87154
14.87 -4.86331
14.871 -4.85506
14.872 -4.84678
14.873 -4.83848
14.874 -4.83014
14.875 -4.82175
14.876 -4.81331
14.877 -4.8048
14.878 -4.79623
14.879 -4.78758
14.88 -4.77884
14.881 -4.77001
14.882 -4.76107
14.883 -4.752
14.884 -4.74279
14.885 -4.73343
14.886 -4.7239
14.887 -4.71417
14.888 -4.70425
14.889 -4.69411
14.89 -4.68373
14.891 -4.6731
14.892 -4.6622
14.893 -4.65102
14.894 -4.63954
14.895 -4.62774
14.896 -4.6156
14.897 -4.6031
14.898 -4.59023
14.899 -4.57698
14.9 -4.56331
14.901 -4.54923
14.902 -4.53471
14.903 -4.51973
14.904 -4.50429
14.905 -4.48836
14.906 -4.47194
14.907 -4.45501
14.908 -4.43755
14.909 -4.41955
14.91 -4.401
14.911 -4.38189
14.912 -4.36221
14.913 -4.34195
14.914 -4.3211
14.915 -4.29967
14.916 -4.27764
14.917 -4.25501
14.918 -4.23177
14.919 -4.20793
14.92 -4.18347
14.921 -4.15839
14.922 -4.1327
14.923 -4.10639
14.924 -4.07946
14.925 -4.05192
14.926 -4.02376
14.927 -3.99498
14.928 -3.9656
14.929 -3.9356
14.93 -3.905
14.931 -3.87379
14.932 -3.84199
14.933 -3.80959
14.934 -3.77661
14.935 -3.74304
14.936 -3.70891
14.937 -3.67422
14.938 -3.63898
14.939 -3.60319
14.94 -3.56686
14.941 -3.53
14.942 -3.49262
14.943 -3.45474
14.944 -3.41635
14.945 -3.37747
14.946 -3.33811
14.947 -3.29828
14.948 -3.25798
14.949 -3.21724
14.95 -3.17606
14.951 -3.13444
14.952 -3.09241
14.953 -3.04997
14.954 -3.00714
14.955 -2.96392
14.956 -2.92034
14.957 -2.87641
14.958 -2.83213
14.959 -2.78752
14.96 -2.7426
14.961 -2.69737
14.962 -2.65185
14.963 -2.60605
14.964 -2.55998
14.965 -2.51365
14.966 -2.46707
14.967 -2.42025
14.968 -2.3732
14.969 -2.32594
14.97 -2.27847
14.971 -2.23081
14.972 -2.18297
14.973 -2.13494
14.974 -2.08675
14.975 -2.03839
14.976 -1.98989
14.977 -1.94124
14.978 -1.89245
14.979 -1.84354
14.98 -1.7945
14.981 -1.74536
14.982 -1.69612
14.983 -1.64678
14.984 -1.59736
14.985 -1.54786
14.986 -1.4983
14.987 -1.44869
14.988 -1.39903
14.989 -1.34933
14.99 -1.2996
14.991 -1.24985
14.992 -1.2001
14.993 -1.15034
14.994 -1.1006
14.995 -1.05088
14.996 -1.0012
14.997 -0.951564
14.998 -0.901982
14.999 -0.852466
15 -0.803025
15.001 -0.753671
15.002 -0.704413
15.003 -0.655263
15.004 -0.606231
15.005 -0.557329
15.006 -0.508567
15.007 -0.459954
15.008 -0.411502
15.009 -0.363219
15.01 -0.315116
15.011 -0.267202
15.012 -0.219487
15.013 -0.171981
15.014 -0.124696
15.015 -0.0776408
15.016 -0.0308253
15.017 0.0157407
15.018 0.0620477
15.019 0.108086
15.02 0.153848
15.021 0.199324
15.022 0.244506
15.023 0.289389
15.024 0.333965
15.025 0.378227
15.026 0.422169
15.027 0.465785
15.028 0.509069
15.029 0.552015
15.03 0.594617
15.031 0.63687
15.032 0.678767
15.033 0.720301
15.034 0.761468
15.035 0.80226
15.036 0.842672
15.037 0.882698
15.038 0.922333
15.039 0.961573
15.04 1.00041
15.041 1.03884
15.042 1.07686
15.043 1.11447
15.044 1.15165
15.045 1.18841
15.046 1.22475
15.047 1.26065
15.048 1.29612
15.049 1.33114
15.05 1.36573
15.051 1.39987
15.052 1.43356
15.053 1.4668
15.054 1.49958
15.055 1.5319
15.056 1.56376
15.057 1.59515
15.058 1.62606
15.059 1.6565
15.06 1.68647
15.061 1.71595
15.062 1.74496
15.063 1.77348
15.064 1.80151
15.065 1.82905
15.066 1.8561
15.067 1.88266
15.068 1.90872
15.069 1.93429
15.07 1.95936
15.071 1.98393
15.072 2.00801
15.073 2.03158
15.074 2.05465
15.075 2.07722
15.076 2.09929
15.077 2.12086
15.078 2.14193
15.079 2.16249
15.08 2.18255
15.081 2.20212
15.082 2.22117
15.083 2.23972
15.084 2.25777
15.085 2.2753
15.086 2.29233
15.087 2.30884
15.088 2.32484
15.089 2.34033
15.09 2.3553
15.091 2.36976
15.092 2.38369
15.093 2.39711
15.094 2.41001
15.095 2.4224
15.096 2.43426
15.097 2.44561
15.098 2.45644
15.099 2.46675
15.1 2.47654
15.101 2.48582
15.102 2.49459
15.103 2.50285
15.104 2.51062
15.105 2.51789
15.106 2.52468
15.107 2.531
15.108 2.53684
15.109 2.54221
15.11 2.54713
15.111 2.55161
15.112 2.55564
15.113 2.55925
15.114 2.56244
15.115 2.56523
15.116 2.56763
15.117 2.56966
15.118 2.57131
15.119 2.57261
15.12 2.57356
15.121 2.57419
15.122 2.5745
15.123 2.57452
15.124 2.57425
15.125 2.57372
15.126 2.57294
15.127 2.57193
15.128 2.5707
15.129 2.56928
15.13 2.56768
15.131 2.56591
15.132 2.56399
15.133 2.56195
15.134 2.55979
15.135 2.55753
15.136 2.55519
15.137 2.55279
15.138 2.55034
15.139 2.54786
15.14 2.54537
15.141 2.54288
15.142 2.54041
15.143 2.53797
15.144 2.53558
15.145 2.53325
15.146 2.531
15.147 2.52884
15.148 2.5268
15.149 2.52487
15.15 2.52308
15.151 2.52145
15.152 2.51998
15.153 2.51869
15.154 2.51759
15.155 2.5167
15.156 2.51604
15.157 2.51561
15.158 2.51543
15.159 2.51552
15.16 2.51588
15.161 2.51654
15.162 2.51749
15.163 2.51876
15.164 2.52036
15.165 2.52229
15.166 2.52457
15.167 2.52721
15.168 2.53021
15.169 2.5336
15.17 2.53738
15.171 2.54156
15.172 2.54615
15.173 2.55116
15.174 2.5566
15.175 2.56247
15.176 2.56878
15.177 2.57555
15.178 2.58278
15.179 2.59047
15.18 2.59863
15.181 2.60728
15.182 2.61641
15.183 2.62604
15.184 2.63618
15.185 2.64682
15.186 2.65799
15.187 2.66968
15.188 2.68191
15.189 2.69468
15.19 2.708
15.191 2.72186
15.192 2.73629
15.193 2.75128
15.194 2.76685
15.195 2.78298
15.196 2.7997
15.197 2.81701
15.198 2.83491
15.199 2.8534
15.2 2.8725
15.201 2.89219
15.202 2.9125
15.203 2.93341
15.204 2.95494
15.205 2.97709
15.206 2.99986
15.207 3.02325
15.208 3.04727
15.209 3.07192
15.21 3.09719
15.211 3.1231
15.212 3.14964
15.213 3.1768
15.214 3.20459
15.215 3.233
15.216 3.26202
15.217 3.29166
15.218 3.32191
15.219 3.35277
15.22 3.38423
15.221 3.41628
15.222 3.44892
15.223 3.48215
15.224 3.51593
15.225 3.55028
15.226 3.58517
15.227 3.6206
15.228 3.65656
15.229 3.69302
15.23 3.72999
15.231 3.76746
15.232 3.80539
15.233 3.84377
15.234 3.88259
15.235 3.92183
15.236 3.96145
15.237 4.00145
15.238 4.04181
15.239 4.08249
15.24 4.12349
15.241 4.16479
15.242 4.20635
15.243 4.24815
15.244 4.29017
15.245 4.33238
15.246 4.37476
15.247 4.41727
15.248 4.4599
15.249 4.50263
15.25 4.54541
15.251 4.58824
15.252 4.63108
15.253 4.6739
15.254 4.71668
15.255 4.7594
15.256 4.80202
15.257 4.84453
15.258 4.88689
15.259 4.92909
15.26 4.97108
15.261 5.01286
15.262 5.0544
15.263 5.09567
15.264 5.13666
15.265 5.17735
15.266 5.21771
15.267 5.25773
15.268 5.29738
15.269 5.33665
15.27 5.37552
15.271 5.41397
15.272 5.45198
15.273 5.48955
15.274 5.52666
15.275 5.5633
15.276 5.59948
15.277 5.63516
15.278 5.67035
15.279 5.70504
15.28 5.73921
15.281 5.77286
15.282 5.80598
15.283 5.83858
15.284 5.87063
15.285 5.90215
15.286 5.93312
15.287 5.96354
15.288 5.99342
15.289 6.02274
15.29 6.0515
15.291 6.0797
15.292 6.10734
15.293 6.13441
15.294 6.16092
15.295 6.18686
15.296 6.21223
15.297 6.23703
15.298 6.26125
15.299 6.2849
15.3 6.30798
15.301 6.33047
15.302 6.35239
15.303 6.37372
15.304 6.39446
15.305 6.41461
15.306 6.43416
15.307 6.45311
15.308 6.47145
15.309 6.48919
15.31 6.50632
15.311 6.52283
15.312 6.53871
15.313 6.55396
15.314 6.56857
15.315 6.58252
15.316 6.5958
15.317 6.60841
15.318 6.62034
15.319 6.63157
15.32 6.64209
15.321 6.6519
15.322 6.66099
15.323 6.66934
15.324 6.67694
15.325 6.68378
15.326 6.68985
15.327 6.69512
15.328 6.69961
15.329 6.70328
15.33 6.70614
15.331 6.70817
15.332 6.70935
15.333 6.70968
15.334 6.70913
15.335 6.7077
15.336 6.70537
15.337 6.70213
15.338 6.69797
15.339 6.69287
15.34 6.68683
15.341 6.67983
15.342 6.67185
15.343 6.6629
15.344 6.65295
15.345 6.642
15.346 6.63004
15.347 6.61706
15.348 6.60305
15.349 6.588
15.35 6.5719
15.351 6.55474
15.352 6.53653
15.353 6.51726
15.354 6.49692
15.355 6.47552
15.356 6.45306
15.357 6.42953
15.358 6.40494
15.359 6.37928
15.36 6.35256
15.361 6.32477
15.362 6.29593
15.363 6.26604
15.364 6.23509
15.365 6.20312
15.366 6.1701
15.367 6.13607
15.368 6.10101
15.369 6.06495
15.37 6.02788
15.371 5.98982
15.372 5.95079
15.373 5.91078
15.374 5.86983
15.375 5.82794
15.376 5.78512
15.377 5.74139
15.378 5.69677
15.379 5.65127
15.38 5.60491
15.381 5.55771
15.382 5.50967
15.383 5.46082
15.384 5.41118
15.385 5.36075
15.386 5.30957
15.387 5.25764
15.388 5.20498
15.389 5.15162
15.39 5.09757
15.391 5.04285
15.392 4.98748
15.393 4.93149
15.394 4.87488
15.395 4.81768
15.396 4.75991
15.397 4.70159
15.398 4.64274
15.399 4.58338
15.4 4.52353
15.401 4.46321
15.402 4.40244
15.403 4.34123
15.404 4.2796
15.405 4.21756
15.406 4.15513
15.407 4.09231
15.408 4.02914
15.409 3.96561
15.41 3.90175
15.411 3.83758
15.412 3.77309
15.413 3.70832
15.414 3.64325
15.415 3.57792
15.416 3.51233
15.417 3.44648
15.418 3.3804
15.419 3.3141
15.42 3.24758
15.421 3.18085
15.422 3.11393
15.423 3.04683
15.424 2.97956
15.425 2.91212
15.426 2.84452
15.427 2.77679
15.428 2.70891
15.429 2.64091
15.43 2.5728
15.431 2.50458
15.432 2.43626
15.433 2.36785
15.434 2.29938
15.435 2.23084
15.436 2.16225
15.437 2.09361
15.438 2.02495
15.439 1.95627
15.44 1.88758
15.441 1.81888
15.442 1.7502
15.443 1.68155
15.444 1.61293
15.445 1.54436
15.446 1.47584
15.447 1.4074
15.448 1.33904
15.449 1.27077
15.45 1.2026
15.451 1.13454
15.452 1.06662
15.453 0.998839
15.454 0.931227
15.455 0.863797
15.456 0.796566
15.457 0.729551
15.458 0.662768
15.459 0.596233
15.46 0.529961
15.461 0.46397
15.462 0.398278
15.463 0.332907
15.464 0.267876
15.465 0.203204
15.466 0.138912
15.467 0.0750191
15.468 0.0115432
15.469 -0.0514967
15.47 -0.114082
15.471 -0.176195
15.472 -0.237814
15.473 -0.298918
15.474 -0.359485
15.475 -0.419495
15.476 -0.478927
15.477 -0.537761
15.478 -0.595977
15.479 -0.653555
15.48 -0.710476
15.481 -0.766721
15.482 -0.82227
15.483 -0.877103
15.484 -0.9312
15.485 -0.984544
15.486 -1.03711
15.487 -1.08889
15.488 -1.13986
15.489 -1.19
15.49 -1.2393
15.491 -1.28773
15.492 -1.33529
15.493 -1.38196
15.494 -1.42772
15.495 -1.47257
15.496 -1.51648
15.497 -1.55945
15.498 -1.60147
15.499 -1.64252
15.5 -1.68259
15.501 -1.72167
15.502 -1.75976
15.503 -1.79684
15.504 -1.83291
15.505 -1.86797
15.506 -1.902
15.507 -1.935
15.508 -1.96698
15.509 -1.99791
15.51 -2.02781
15.511 -2.05666
15.512 -2.08446
15.513 -2.11122
15.514 -2.13692
15.515 -2.16158
15.516 -2.18519
15.517 -2.20775
15.518 -2.22926
15.519 -2.24973
15.52 -2.26915
15.521 -2.28753
15.522 -2.30486
15.523 -2.32116
15.524 -2.33644
15.525 -2.35068
15.526 -2.36391
15.527 -2.37612
15.528 -2.38733
15.529 -2.39753
15.53 -2.40674
15.531 -2.41496
15.532 -2.4222
15.533 -2.42846
15.534 -2.43375
15.535 -2.43808
15.536 -2.44145
15.537 -2.44387
15.538 -2.44535
15.539 -2.44589
15.54 -2.4455
15.541 -2.44419
15.542 -2.44196
15.543 -2.43883
15.544 -2.4348
15.545 -2.42989
15.546 -2.4241
15.547 -2.41745
15.548 -2.40993
15.549 -2.40157
15.55 -2.39237
15.551 -2.38234
15.552 -2.37149
15.553 -2.35984
15.554 -2.34738
15.555 -2.33414
15.556 -2.32011
15.557 -2.30532
15.558 -2.28977
15.559 -2.27347
15.56 -2.25643
15.561 -2.23867
15.562 -2.22019
15.563 -2.20101
15.564 -2.18113
15.565 -2.16057
15.566 -2.13934
15.567 -2.11745
15.568 -2.0949
15.569 -2.07171
15.57 -2.0479
15.571 -2.02348
15.572 -1.99844
15.573 -1.97282
15.574 -1.94662
15.575 -1.91985
15.576 -1.89253
15.577 -1.86466
15.578 -1.83627
15.579 -1.80736
15.58 -1.77795
15.581 -1.74805
15.582 -1.71768
15.583 -1.68685
15.584 -1.65558
15.585 -1.62388
15.586 -1.59177
15.587 -1.55926
15.588 -1.52637
15.589 -1.49311
15.59 -1.45951
15.591 -1.42557
15.592 -1.39132
15.593 -1.35676
15.594 -1.32193
15.595 -1.28684
15.596 -1.25149
15.597 -1.21593
15.598 -1.18015
15.599 -1.14418
15.6 -1.10804
15.601 -1.07174
15.602 -1.0353
15.603 -0.998754
15.604 -0.962107
15.605 -0.925382
15.606 -0.888599
15.607 -0.851778
15.608 -0.814938
15.609 -0.778099
15.61 -0.74128
15.611 -0.7045
15.612 -0.667779
15.613 -0.631137
15.614 -0.594591
15.615 -0.558162
15.616 -0.52187
15.617 -0.485732
15.618 -0.449768
15.619 -0.413998
15.62 -0.378439
15.621 -0.343111
15.622 -0.308031
15.623 -0.273215
15.624 -0.238682
15.625 -0.204447
15.626 -0.170528
15.627 -0.136941
15.628 -0.103702
15.629 -0.0708284
15.63 -0.0383357
15.631 -0.00623926
15.632 0.0254471
15.633 0.0567106
15.634 0.0875386
15.635 0.117919
15.636 0.147839
15.637 0.177287
15.638 0.206251
15.639 0.23472
15.64 0.262681
15.641 0.290125
15.642 0.31704
15.643 0.343415
15.644 0.369239
15.645 0.394504
15.646 0.419198
15.647 0.443312
15.648 0.466837
15.649 0.489763
15.65 0.512083
15.651 0.533786
15.652 0.554864
15.653 0.575307
15.654 0.595106
15.655 0.614252
15.656 0.632736
15.657 0.650551
15.658 0.667688
15.659 0.68414
15.66 0.6999
15.661 0.714959
15.662 0.72931
15.663 0.742942
15.664 0.755848
15.665 0.768018
15.666 0.779445
15.667 0.79012
15.668 0.800036
15.669 0.809186
15.67 0.817563
15.671 0.82516
15.672 0.831968
15.673 0.837979
15.674 0.843186
15.675 0.847579
15.676 0.851151
15.677 0.853896
15.678 0.855805
15.679 0.856874
15.68 0.857095
15.681 0.856461
15.682 0.854966
15.683 0.852602
15.684 0.849361
15.685 0.845235
15.686 0.84022
15.687 0.834307
15.688 0.827492
15.689 0.819769
15.69 0.811131
15.691 0.801575
15.692 0.791094
15.693 0.779683
15.694 0.767338
15.695 0.754052
15.696 0.739823
15.697 0.724646
15.698 0.708517
15.699 0.691434
15.7 0.673394
15.701 0.654395
15.702 0.634436
15.703 0.613515
15.704 0.591635
15.705 0.568794
15.706 0.544994
15.707 0.520237
15.708 0.494523
15.709 0.467856
15.71 0.440237
15.711 0.41167
15.712 0.382161
15.713 0.351715
15.714 0.32034
15.715 0.288042
15.716 0.254828
15.717 0.220707
15.718 0.185686
15.719 0.149774
15.72 0.112981
15.721 0.0753148
15.722 0.0367884
15.723 -0.00258583
15.724 -0.0427949
15.725 -0.0838256
15.726 -0.125664
15.727 -0.168297
15.728 -0.21171
15.729 -0.255889
15.73 -0.300818
15.731 -0.346482
15.732 -0.392867
15.733 -0.439956
15.734 -0.487733
15.735 -0.536182
15.736 -0.585287
15.737 -0.635031
15.738 -0.685396
15.739 -0.736366
15.74 -0.787924
15.741 -0.840051
15.742 -0.892731
15.743 -0.945944
15.744 -0.999674
15.745 -1.0539
15.746 -1.10861
15.747 -1.16377
15.748 -1.21938
15.749 -1.27541
15.75 -1.33185
15.751 -1.38866
15.752 -1.44585
15.753 -1.50337
15.754 -1.56123
15.755 -1.61938
15.756 -1.67781
15.757 -1.73651
15.758 -1.79545
15.759 -1.85461
15.76 -1.91396
15.761 -1.9735
15.762 -2.0332
15.763 -2.09304
15.764 -2.153
15.765 -2.21308
15.766 -2.27325
15.767 -2.33349
15.768 -2.39378
15.769 -2.45412
15.77 -2.51448
15.771 -2.57484
15.772 -2.6352
15.773 -2.69552
15.774 -2.75581
15.775 -2.81603
15.776 -2.87618
15.777 -2.93624
15.778 -2.99619
15.779 -3.05603
15.78 -3.11572
15.781 -3.17527
15.782 -3.23465
15.783 -3.29386
15.784 -3.35288
15.785 -3.4117
15.786 -3.4703
15.787 -3.52868
15.788 -3.58683
15.789 -3.64473
15.79 -3.70237
15.791 -3.75974
15.792 -3.81683
15.793 -3.87364
15.794 -3.93016
15.795 -3.98637
15.796 -4.04227
15.797 -4.09785
15.798 -4.15311
15.799 -4.20803
15.8 -4.26261
15.801 -4.31685
15.802 -4.37073
15.803 -4.42425
15.804 -4.4774
15.805 -4.53017
15.806 -4.58254
15.807 -4.63453
15.808 -4.68611
15.809 -4.73727
15.81 -4.78803
15.811 -4.83835
15.812 -4.88825
15.813 -4.9377
15.814 -4.98671
15.815 -5.03526
15.816 -5.08336
15.817 -5.13099
15.818 -5.17814
15.819 -5.22481
15.82 -5.271
15.821 -5.3167
15.822 -5.3619
15.823 -5.40659
15.824 -5.45077
15.825 -5.49444
15.826 -5.53758
15.827 -5.58019
15.828 -5.62227
15.829 -5.66381
15.83 -5.7048
15.831 -5.74524
15.832 -5.78513
15.833 -5.82445
15.834 -5.8632
15.835 -5.90138
15.836 -5.93896
15.837 -5.97596
15.838 -6.01236
15.839 -6.04816
15.84 -6.08334
15.841 -6.11792
15.842 -6.15187
15.843 -6.1852
15.844 -6.21791
15.845 -6.24999
15.846 -6.28143
15.847 -6.31224
15.848 -6.34241
15.849 -6.37194
15.85 -6.40083
15.851 -6.42907
15.852 -6.45667
15.853 -6.48363
15.854 -6.50996
15.855 -6.53566
15.856 -6.56072
15.857 -6.58517
15.858 -6.60899
15.859 -6.63221
15.86 -6.65481
15.861 -6.67681
15.862 -6.69821
15.863 -6.71902
15.864 -6.73925
15.865 -6.75891
15.866 -6.77801
15.867 -6.79655
15.868 -6.81454
15.869 -6.83199
15.87 -6.84892
15.871 -6.86532
15.872 -6.88121
15.873 -6.8966
15.874 -6.91149
15.875 -6.9259
15.876 -6.93984
15.877 -6.95331
15.878 -6.96633
15.879 -6.9789
15.88 -6.99103
15.881 -7.00274
15.882 -7.01402
15.883 -7.02489
15.884 -7.03533
15.885 -7.04535
15.886 -7.05497
15.887 -7.06416
15.888 -7.07295
15.889 -7.08133
15.89 -7.0893
15.891 -7.09687
15.892 -7.10403
15.893 -7.11077
15.894 -7.11709
15.895 -7.12297
15.896 -7.12841
15.897 -7.13339
15.898 -7.13792
15.899 -7.14199
15.9 -7.14559
15.901 -7.1487
15.902 -7.15132
15.903 -7.15342
15.904 -7.15498
15.905 -7.15599
15.906 -7.15642
15.907 -7.15626
15.908 -7.15549
15.909 -7.15409
15.91 -7.15204
15.911 -7.14933
15.912 -7.14593
15.913 -7.14182
15.914 -7.13697
15.915 -7.13137
15.916 -7.12498
15.917 -7.11779
15.918 -7.10977
15.919 -7.10089
15.92 -7.09115
15.921 -7.08051
15.922 -7.06896
15.923 -7.05647
15.924 -7.04303
15.925 -7.0286
15.926 -7.01318
15.927 -6.99674
15.928 -6.97927
15.929 -6.96074
15.93 -6.94114
15.931 -6.92045
15.932 -6.89865
15.933 -6.87575
15.934 -6.85173
15.935 -6.82657
15.936 -6.80029
15.937 -6.77286
15.938 -6.74428
15.939 -6.71454
15.94 -6.68364
15.941 -6.65158
15.942 -6.61834
15.943 -6.58395
15.944 -6.54839
15.945 -6.51168
15.946 -6.47382
15.947 -6.43482
15.948 -6.39467
15.949 -6.35339
15.95 -6.31098
15.951 -6.26745
15.952 -6.22281
15.953 -6.17708
15.954 -6.13027
15.955 -6.0824
15.956 -6.03348
15.957 -5.98352
15.958 -5.93255
15.959 -5.88058
15.96 -5.82763
15.961 -5.77372
15.962 -5.71886
15.963 -5.66307
15.964 -5.60639
15.965 -5.54882
15.966 -5.4904
15.967 -5.43114
15.968 -5.37106
15.969 -5.3102
15.97 -5.24856
15.971 -5.18618
15.972 -5.12308
15.973 -5.05928
15.974 -4.9948
15.975 -4.92966
15.976 -4.86388
15.977 -4.79749
15.978 -4.7305
15.979 -4.66295
15.98 -4.59485
15.981 -4.52622
15.982 -4.45709
15.983 -4.38747
15.984 -4.31739
15.985 -4.24685
15.986 -4.17587
15.987 -4.10448
15.988 -4.03269
15.989 -3.96053
15.99 -3.888
15.991 -3.81513
15.992 -3.74194
15.993 -3.66844
15.994 -3.59465
15.995 -3.5206
15.996 -3.44629
15.997 -3.37175
15.998 -3.29699
15.999 -3.22204
16 -3.14691
16.001 -3.07162
16.002 -2.99618
16.003 -2.92062
16.004 -2.84494
16.005 -2.76916
16.006 -2.6933
16.007 -2.61737
16.008 -2.54139
16.009 -2.46537
16.01 -2.38933
16.011 -2.31328
16.012 -2.23724
16.013 -2.16123
16.014 -2.08526
16.015 -2.00936
16.016 -1.93354
16.017 -1.85781
16.018 -1.78219
16.019 -1.7067
16.02 -1.63136
16.021 -1.55617
16.022 -1.48117
16.023 -1.40637
16.024 -1.3318
16.025 -1.25747
16.026 -1.18341
16.027 -1.10964
16.028 -1.03617
16.029 -0.963026
16.03 -0.890229
16.031 -0.8178
16.032 -0.745763
16.033 -0.674147
16.034 -0.602978
16.035 -0.532285
16.036 -0.462093
16.037 -0.39243
16.038 -0.32332
16.039 -0.254791
16.04 -0.186866
16.041 -0.119571
16.042 -0.0529305
16.043 0.0130316
16.044 0.0782912
16.045 0.142825
16.046 0.20661
16.047 0.269622
16.048 0.331841
16.049 0.393244
16.05 0.453809
16.051 0.513515
16.052 0.572341
16.053 0.630268
16.054 0.687274
16.055 0.74334
16.056 0.798447
16.057 0.852576
16.058 0.905708
16.059 0.957824
16.06 1.00891
16.061 1.05894
16.062 1.10791
16.063 1.15581
16.064 1.20262
16.065 1.24834
16.066 1.29296
16.067 1.33645
16.068 1.37883
16.069 1.42007
16.07 1.46017
16.071 1.49911
16.072 1.5369
16.073 1.57353
16.074 1.60899
16.075 1.64327
16.076 1.67637
16.077 1.70828
16.078 1.73901
16.079 1.76854
16.08 1.79687
16.081 1.824
16.082 1.84993
16.083 1.87465
16.084 1.89817
16.085 1.92048
16.086 1.94159
16.087 1.96149
16.088 1.98018
16.089 1.99766
16.09 2.01394
16.091 2.02902
16.092 2.04289
16.093 2.05556
16.094 2.06704
16.095 2.07732
16.096 2.0864
16.097 2.0943
16.098 2.10101
16.099 2.10654
16.1 2.11089
16.101 2.11407
16.102 2.11608
16.103 2.11692
16.104 2.11661
16.105 2.11514
16.106 2.11252
16.107 2.10877
16.108 2.10388
16.109 2.09786
16.11 2.09073
16.111 2.08248
16.112 2.07313
16.113 2.06269
16.114 2.05115
16.115 2.03853
16.116 2.02484
16.117 2.01009
16.118 1.99427
16.119 1.97741
16.12 1.95951
16.121 1.94058
16.122 1.92063
16.123 1.89966
16.124 1.87769
16.125 1.85472
16.126 1.83075
16.127 1.80581
16.128 1.7799
16.129 1.75302
16.13 1.72519
16.131 1.69641
16.132 1.66671
16.133 1.63609
16.134 1.60456
16.135 1.57215
16.136 1.53886
16.137 1.5047
16.138 1.4697
16.139 1.43387
16.14 1.39722
16.141 1.35977
16.142 1.32154
16.143 1.28253
16.144 1.24277
16.145 1.20227
16.146 1.16105
16.147 1.11913
16.148 1.07652
16.149 1.03324
16.15 0.989308
16.151 0.944743
16.152 0.899567
16.153 0.8538
16.154 0.807466
16.155 0.760588
16.156 0.713187
16.157 0.665287
16.158 0.616911
16.159 0.568082
16.16 0.518824
16.161 0.469161
16.162 0.419119
16.163 0.368724
16.164 0.318003
16.165 0.266983
16.166 0.215691
16.167 0.164153
16.168 0.112396
16.169 0.0604483
16.17 0.00833571
16.171 -0.043913
16.172 -0.0962665
16.173 -0.148692
16.174 -0.201158
16.175 -0.25363
16.176 -0.306078
16.177 -0.358467
16.178 -0.410766
16.179 -0.462944
16.18 -0.514966
16.181 -0.566802
16.182 -0.618418
16.183 -0.669782
16.184 -0.720859
16.185 -0.771619
16.186 -0.822026
16.187 -0.87205
16.188 -0.921659
16.189 -0.970819
16.19 -1.0195
16.191 -1.06767
16.192 -1.1153
16.193 -1.16235
16.194 -1.20879
16.195 -1.25459
16.196 -1.29973
16.197 -1.34416
16.198 -1.38786
16.199 -1.4308
16.2 -1.47295
16.201 -1.51428
16.202 -1.55477
16.203 -1.59439
16.204 -1.63311
16.205 -1.67093
16.206 -1.70781
16.207 -1.74374
16.208 -1.77869
16.209 -1.81265
16.21 -1.84559
16.211 -1.87749
16.212 -1.90835
16.213 -1.93814
16.214 -1.96685
16.215 -1.99446
16.216 -2.02098
16.217 -2.04638
16.218 -2.07064
16.219 -2.09377
16.22 -2.11575
16.221 -2.13657
16.222 -2.15622
16.223 -2.1747
16.224 -2.192
16.225 -2.20813
16.226 -2.22309
16.227 -2.23686
16.228 -2.24945
16.229 -2.26085
16.23 -2.27107
16.231 -2.28011
16.232 -2.28797
16.233 -2.29465
16.234 -2.30015
16.235 -2.30448
16.236 -2.30764
16.237 -2.30963
16.238 -2.31046
16.239 -2.31013
16.24 -2.30865
16.241 -2.30603
16.242 -2.30227
16.243 -2.29738
16.244 -2.29136
16.245 -2.28422
16.246 -2.27598
16.247 -2.26663
16.248 -2.2562
16.249 -2.24468
16.25 -2.23208
16.251 -2.21843
16.252 -2.20372
16.253 -2.18797
16.254 -2.17118
16.255 -2.15337
16.256 -2.13455
16.257 -2.11472
16.258 -2.09391
16.259 -2.07212
16.26 -2.04936
16.261 -2.02564
16.262 -2.00098
16.263 -1.97538
16.264 -1.94886
16.265 -1.92142
16.266 -1.89307
16.267 -1.86382
16.268 -1.83369
16.269 -1.80269
16.27 -1.77082
16.271 -1.7381
16.272 -1.70454
16.273 -1.67014
16.274 -1.63492
16.275 -1.59889
16.276 -1.56206
16.277 -1.52443
16.278 -1.48603
16.279 -1.44686
16.28 -1.40693
16.281 -1.36625
16.282 -1.32484
16.283 -1.28271
16.284 -1.23987
16.285 -1.19633
16.286 -1.1521
16.287 -1.10719
16.288 -1.06162
16.289 -1.0154
16.29 -0.968547
16.291 -0.921067
16.292 -0.872977
16.293 -0.82429
16.294 -0.775021
16.295 -0.725183
16.296 -0.674792
16.297 -0.62386
16.298 -0.572405
16.299 -0.520439
16.3 -0.467979
16.301 -0.41504
16.302 -0.361643
16.303 -0.307805
16.304 -0.253548
16.305 -0.198891
16.306 -0.143855
16.307 -0.0884596
16.308 -0.0327252
16.309 0.0233275
16.31 0.0796781
16.311 0.136306
16.312 0.193188
16.313 0.250304
16.314 0.30763
16.315 0.365145
16.316 0.422826
16.317 0.480652
16.318 0.538599
16.319 0.596647
16.32 0.654772
16.321 0.712953
16.322 0.771167
16.323 0.82939
16.324 0.8876
16.325 0.945774
16.326 1.00389
16.327 1.06192
16.328 1.11985
16.329 1.17765
16.33 1.2353
16.331 1.29278
16.332 1.35006
16.333 1.40713
16.334 1.46396
16.335 1.52053
16.336 1.57681
16.337 1.63278
16.338 1.68843
16.339 1.74373
16.34 1.79866
16.341 1.8532
16.342 1.90733
16.343 1.96103
16.344 2.01429
16.345 2.06709
16.346 2.11942
16.347 2.17125
16.348 2.22258
16.349 2.27338
16.35 2.32364
16.351 2.37335
16.352 2.42249
16.353 2.47105
16.354 2.51901
16.355 2.56636
16.356 2.61308
16.357 2.65915
16.358 2.70458
16.359 2.74933
16.36 2.79341
16.361 2.83679
16.362 2.87947
16.363 2.92144
16.364 2.96269
16.365 3.0032
16.366 3.04297
16.367 3.08199
16.368 3.12025
16.369 3.15774
16.37 3.19446
16.371 3.2304
16.372 3.26555
16.373 3.29989
16.374 3.33344
16.375 3.36617
16.376 3.39808
16.377 3.42917
16.378 3.45942
16.379 3.48883
16.38 3.5174
16.381 3.54512
16.382 3.57199
16.383 3.598
16.384 3.62316
16.385 3.64747
16.386 3.67091
16.387 3.6935
16.388 3.71523
16.389 3.7361
16.39 3.75612
16.391 3.77527
16.392 3.79357
16.393 3.81102
16.394 3.82762
16.395 3.84337
16.396 3.85828
16.397 3.87235
16.398 3.88558
16.399 3.89798
16.4 3.90955
16.401 3.9203
16.402 3.93024
16.403 3.93936
16.404 3.94769
16.405 3.95523
16.406 3.96198
16.407 3.96796
16.408 3.97318
16.409 3.97764
16.41 3.98136
16.411 3.98434
16.412 3.98659
16.413 3.98813
16.414 3.98897
16.415 3.98912
16.416 3.98859
16.417 3.98739
16.418 3.98554
16.419 3.98305
16.42 3.97993
16.421 3.97619
16.422 3.97185
16.423 3.96692
16.424 3.9614
16.425 3.95531
16.426 3.94866
16.427 3.94146
16.428 3.93372
16.429 3.92546
16.43 3.91667
16.431 3.90739
16.432 3.89761
16.433 3.88735
16.434 3.87662
16.435 3.86542
16.436 3.85378
16.437 3.8417
16.438 3.82919
16.439 3.81627
16.44 3.80295
16.441 3.78923
16.442 3.77512
16.443 3.76065
16.444 3.74582
16.445 3.73063
16.446 3.71511
16.447 3.69926
16.448 3.68309
16.449 3.66661
16.45 3.64984
16.451 3.63278
16.452 3.61545
16.453 3.59785
16.454 3.58001
16.455 3.56192
16.456 3.54361
16.457 3.52508
16.458 3.50635
16.459 3.48742
16.46 3.46831
16.461 3.44902
16.462 3.42958
16.463 3.40999
16.464 3.39025
16.465 3.37039
16.466 3.35041
16.467 3.33032
16.468 3.31013
16.469 3.28985
16.47 3.2695
16.471 3.24908
16.472 3.2286
16.473 3.20808
16.474 3.18754
16.475 3.16698
16.476 3.14641
16.477 3.12586
16.478 3.10533
16.479 3.08484
16.48 3.0644
16.481 3.04402
16.482 3.02372
16.483 3.00351
16.484 2.9834
16.485 2.96341
16.486 2.94356
16.487 2.92385
16.488 2.9043
16.489 2.88492
16.49 2.86573
16.491 2.84675
16.492 2.82797
16.493 2.80944
16.494 2.79114
16.495 2.77312
16.496 2.75537
16.497 2.73792
16.498 2.72078
16.499 2.70396
16.5 2.68749
16.501 2.67137
16.502 2.65561
16.503 2.64024
16.504 2.62527
16.505 2.6107
16.506 2.59655
16.507 2.58284
16.508 2.56957
16.509 2.55675
16.51 2.54441
16.511 2.53254
16.512 2.52117
16.513 2.5103
16.514 2.49993
16.515 2.49009
16.516 2.48077
16.517 2.47199
16.518 2.46376
16.519 2.45608
16.52 2.44897
16.521 2.44242
16.522 2.43646
16.523 2.43108
16.524 2.42629
16.525 2.42209
16.526 2.41849
16.527 2.4155
16.528 2.41312
16.529 2.41136
16.53 2.41022
16.531 2.4097
16.532 2.40981
16.533 2.41055
16.534 2.41191
16.535 2.41392
16.536 2.41655
16.537 2.41982
16.538 2.42373
16.539 2.42828
16.54 2.43346
16.541 2.43928
16.542 2.44574
16.543 2.45283
16.544 2.46056
16.545 2.46893
16.546 2.47793
16.547 2.48757
16.548 2.49784
16.549 2.50873
16.55 2.52026
16.551 2.53241
16.552 2.54518
16.553 2.55857
16.554 2.57259
16.555 2.58722
16.556 2.60247
16.557 2.61832
16.558 2.63479
16.559 2.65187
16.56 2.66955
16.561 2.68783
16.562 2.7067
16.563 2.72616
16.564 2.7462
16.565 2.76682
16.566 2.78801
16.567 2.80977
16.568 2.83208
16.569 2.85494
16.57 2.87835
16.571 2.90229
16.572 2.92677
16.573 2.95176
16.574 2.97727
16.575 3.00328
16.576 3.02979
16.577 3.05679
16.578 3.08427
16.579 3.11222
16.58 3.14063
16.581 3.16949
16.582 3.1988
16.583 3.22853
16.584 3.25869
16.585 3.28926
16.586 3.32022
16.587 3.35158
16.588 3.3833
16.589 3.41539
16.59 3.44783
16.591 3.48062
16.592 3.51372
16.593 3.54715
16.594 3.58087
16.595 3.61488
16.596 3.64916
16.597 3.6837
16.598 3.71849
16.599 3.75351
16.6 3.78874
16.601 3.82418
16.602 3.85981
16.603 3.89562
16.604 3.93158
16.605 3.96769
16.606 4.00393
16.607 4.04028
16.608 4.07673
16.609 4.11326
16.61 4.14986
16.611 4.18652
16.612 4.22321
16.613 4.25992
16.614 4.29663
16.615 4.33333
16.616 4.36999
16.617 4.4066
16.618 4.44314
16.619 4.4796
16.62 4.51596
16.621 4.5522
16.622 4.5883
16.623 4.62425
16.624 4.66003
16.625 4.69562
16.626 4.731
16.627 4.76616
16.628 4.80108
16.629 4.83575
16.63 4.87014
16.631 4.90424
16.632 4.93803
16.633 4.9715
16.634 5.00462
16.635 5.03739
16.636 5.06978
16.637 5.10178
16.638 5.13338
16.639 5.16454
16.64 5.19527
16.641 5.22554
16.642 5.25535
16.643 5.28467
16.644 5.3135
16.645 5.34183
16.646 5.36964
16.647 5.39693
16.648 5.42367
16.649 5.44987
16.65 5.4755
16.651 5.50057
16.652 5.52505
16.653 5.54894
16.654 5.57224
16.655 5.59492
16.656 5.61699
16.657 5.63843
16.658 5.65924
16.659 5.6794
16.66 5.69891
16.661 5.71776
16.662 5.73594
16.663 5.75345
16.664 5.77029
16.665 5.78644
16.666 5.80191
16.667 5.81669
16.668 5.83076
16.669 5.84414
16.67 5.85681
16.671 5.86878
16.672 5.88003
16.673 5.89056
16.674 5.90038
16.675 5.90947
16.676 5.91784
16.677 5.92549
16.678 5.93241
16.679 5.9386
16.68 5.94405
16.681 5.94878
16.682 5.95277
16.683 5.95602
16.684 5.95852
16.685 5.96028
16.686 5.9613
16.687 5.96156
16.688 5.96107
16.689 5.95982
16.69 5.95782
16.691 5.95505
16.692 5.95153
16.693 5.94725
16.694 5.9422
16.695 5.93638
16.696 5.9298
16.697 5.92245
16.698 5.91433
16.699 5.90544
16.7 5.89577
16.701 5.88534
16.702 5.87413
16.703 5.86214
16.704 5.84938
16.705 5.83584
16.706 5.82151
16.707 5.80641
16.708 5.79052
16.709 5.77384
16.71 5.75638
16.711 5.73813
16.712 5.7191
16.713 5.69929
16.714 5.67869
16.715 5.6573
16.716 5.63514
16.717 5.61219
16.718 5.58847
16.719 5.56397
16.72 5.53869
16.721 5.51264
16.722 5.48582
16.723 5.45823
16.724 5.42987
16.725 5.40075
16.726 5.37086
16.727 5.34021
16.728 5.30881
16.729 5.27666
16.73 5.24375
16.731 5.2101
16.732 5.17571
16.733 5.14059
16.734 5.10474
16.735 5.06818
16.736 5.03091
16.737 4.99294
16.738 4.95427
16.739 4.91492
16.74 4.8749
16.741 4.83421
16.742 4.79286
16.743 4.75088
16.744 4.70826
16.745 4.66502
16.746 4.62117
16.747 4.57672
16.748 4.53169
16.749 4.48608
16.75 4.43992
16.751 4.39321
16.752 4.34597
16.753 4.29821
16.754 4.24995
16.755 4.20121
16.756 4.15201
16.757 4.10236
16.758 4.05227
16.759 4.00177
16.76 3.95087
16.761 3.89959
16.762 3.84795
16.763 3.79597
16.764 3.74366
16.765 3.69106
16.766 3.63818
16.767 3.58504
16.768 3.53167
16.769 3.47807
16.77 3.42428
16.771 3.37032
16.772 3.3162
16.773 3.26195
16.774 3.20759
16.775 3.15314
16.776 3.09863
16.777 3.04408
16.778 2.9895
16.779 2.93493
16.78 2.88038
16.781 2.82588
16.782 2.77144
16.783 2.71707
16.784 2.66281
16.785 2.60866
16.786 2.55464
16.787 2.50077
16.788 2.44707
16.789 2.39354
16.79 2.34022
16.791 2.28711
16.792 2.23423
16.793 2.1816
16.794 2.12923
16.795 2.07713
16.796 2.02533
16.797 1.97383
16.798 1.92266
16.799 1.87182
16.8 1.82133
16.801 1.7712
16.802 1.72145
16.803 1.67208
16.804 1.6231
16.805 1.57453
16.806 1.52638
16.807 1.47864
16.808 1.43134
16.809 1.38448
16.81 1.33807
16.811 1.29211
16.812 1.24662
16.813 1.2016
16.814 1.15704
16.815 1.11296
16.816 1.06936
16.817 1.02625
16.818 0.983618
16.819 0.941478
16.82 0.899829
16.821 0.858675
16.822 0.818019
16.823 0.777864
16.824 0.738213
16.825 0.699068
16.826 0.660433
16.827 0.622308
16.828 0.584697
16.829 0.5476
16.83 0.511018
16.831 0.474953
16.832 0.439408
16.833 0.404382
16.834 0.36988
16.835 0.335901
16.836 0.302447
16.837 0.26952
16.838 0.237119
16.839 0.205245
16.84 0.173899
16.841 0.14308
16.842 0.11279
16.843 0.083029
16.844 0.0537982
16.845 0.0250981
16.846 -0.00307111
16.847 -0.0307092
16.848 -0.0578162
16.849 -0.0843925
16.85 -0.110439
16.851 -0.135955
16.852 -0.160941
16.853 -0.185397
16.854 -0.209323
16.855 -0.232719
16.856 -0.255585
16.857 -0.277922
16.858 -0.29973
16.859 -0.32101
16.86 -0.341764
16.861 -0.361991
16.862 -0.381692
16.863 -0.400868
16.864 -0.419519
16.865 -0.437644
16.866 -0.455246
16.867 -0.472325
16.868 -0.488882
16.869 -0.504917
16.87 -0.520433
16.871 -0.535431
16.872 -0.549914
16.873 -0.563884
16.874 -0.577345
16.875 -0.590301
16.876 -0.602755
16.877 -0.614711
16.878 -0.626172
16.879 -0.637144
16.88 -0.647629
16.881 -0.657632
16.882 -0.66716
16.883 -0.676217
16.884 -0.68481
16.885 -0.692945
16.886 -0.700628
16.887 -0.707866
16.888 -0.714664
16.889 -0.72103
16.89 -0.726971
16.891 -0.732493
16.892 -0.737605
16.893 -0.742315
16.894 -0.746632
16.895 -0.750563
16.896 -0.754118
16.897 -0.757306
16.898 -0.760135
16.899 -0.762614
16.9 -0.764752
16.901 -0.76656
16.902 -0.768047
16.903 -0.769227
16.904 -0.770112
16.905 -0.770712
16.906 -0.771041
16.907 -0.771109
16.908 -0.77093
16.909 -0.770516
16.91 -0.769878
16.911 -0.76903
16.912 -0.767983
16.913 -0.766748
16.914 -0.765335
16.915 -0.763756
16.916 -0.762023
16.917 -0.760146
16.918 -0.758137
16.919 -0.756006
16.92 -0.753765
16.921 -0.751424
16.922 -0.748992
16.923 -0.746479
16.924 -0.743891
16.925 -0.741238
16.926 -0.738528
16.927 -0.73577
16.928 -0.732972
16.929 -0.730142
16.93 -0.727289
16.931 -0.724419
16.932 -0.721539
16.933 -0.718652
16.934 -0.715762
16.935 -0.712874
16.936 -0.709991
16.937 -0.707118
16.938 -0.704258
16.939 -0.701417
16.94 -0.698597
16.941 -0.695802
16.942 -0.693033
16.943 -0.690293
16.944 -0.687582
16.945 -0.684901
16.946 -0.682251
16.947 -0.679632
16.948 -0.677047
16.949 -0.674496
16.95 -0.671979
16.951 -0.669498
16.952 -0.667054
16.953 -0.664647
16.954 -0.662278
16.955 -0.659948
16.956 -0.657658
16.957 -0.655407
16.958 -0.653198
16.959 -0.651029
16.96 -0.648902
16.961 -0.646818
16.962 -0.644779
16.963 -0.642785
16.964 -0.640839
16.965 -0.638942
16.966 -0.637098
16.967 -0.635306
16.968 -0.633568
16.969 -0.631887
16.97 -0.630263
16.971 -0.6287
16.972 -0.627201
16.973 -0.625773
16.974 -0.62442
16.975 -0.623148
16.976 -0.621963
16.977 -0.62087
16.978 -0.619874
16.979 -0.61898
16.98 -0.618194
16.981 -0.617522
16.982 -0.616969
16.983 -0.616545
16.984 -0.616256
16.985 -0.616111
16.986 -0.616116
16.987 -0.616279
16.988 -0.616608
16.989 -0.61711
16.99 -0.617791
16.991 -0.61866
16.992 -0.619723
16.993 -0.620987
16.994 -0.622458
16.995 -0.624144
16.996 -0.626052
16.997 -0.628186
16.998 -0.630555
16.999 -0.633164
17 -0.63602
17.001 -0.639128
17.002 -0.642494
17.003 -0.646121
17.004 -0.650016
17.005 -0.654181
17.006 -0.65862
17.007 -0.663339
17.008 -0.66834
17.009 -0.673628
17.01 -0.679207
17.011 -0.685079
17.012 -0.691247
17.013 -0.697714
17.014 -0.70448
17.015 -0.711549
17.016 -0.718921
17.017 -0.726598
17.018 -0.734582
17.019 -0.742873
17.02 -0.751472
17.021 -0.760381
17.022 -0.769598
17.023 -0.77912
17.024 -0.788947
17.025 -0.799075
17.026 -0.809503
17.027 -0.820228
17.028 -0.831248
17.029 -0.84256
17.03 -0.854161
17.031 -0.866049
17.032 -0.87822
17.033 -0.890672
17.034 -0.9034
17.035 -0.916403
17.036 -0.929676
17.037 -0.943217
17.038 -0.957021
17.039 -0.971086
17.04 -0.985407
17.041 -0.999981
17.042 -1.0148
17.043 -1.02987
17.044 -1.04518
17.045 -1.06072
17.046 -1.0765
17.047 -1.0925
17.048 -1.10873
17.049 -1.12518
17.05 -1.14184
17.051 -1.15871
17.052 -1.17579
17.053 -1.19306
17.054 -1.21054
17.055 -1.2282
17.056 -1.24605
17.057 -1.26409
17.058 -1.2823
17.059 -1.30068
17.06 -1.31922
17.061 -1.33793
17.062 -1.3568
17.063 -1.37583
17.064 -1.395
17.065 -1.41433
17.066 -1.43381
17.067 -1.45344
17.068 -1.47321
17.069 -1.49311
17.07 -1.51316
17.071 -1.53335
17.072 -1.55366
17.073 -1.57411
17.074 -1.59468
17.075 -1.61538
17.076 -1.6362
17.077 -1.65713
17.078 -1.67819
17.079 -1.69936
17.08 -1.72063
17.081 -1.74202
17.082 -1.76351
17.083 -1.7851
17.084 -1.8068
17.085 -1.8286
17.086 -1.85049
17.087 -1.87249
17.088 -1.89458
17.089 -1.91676
17.09 -1.93904
17.091 -1.96141
17.092 -1.98386
17.093 -2.0064
17.094 -2.02902
17.095 -2.05171
17.096 -2.07447
17.097 -2.09729
17.098 -2.12017
17.099 -2.14311
17.1 -2.16611
17.101 -2.18915
17.102 -2.21223
17.103 -2.23534
17.104 -2.25848
17.105 -2.28165
17.106 -2.30482
17.107 -2.328
17.108 -2.35118
17.109 -2.37435
17.11 -2.39751
17.111 -2.42065
17.112 -2.44376
17.113 -2.46684
17.114 -2.48988
17.115 -2.51288
17.116 -2.53584
17.117 -2.55874
17.118 -2.58158
17.119 -2.60437
17.12 -2.62708
17.121 -2.64972
17.122 -2.67229
17.123 -2.69478
17.124 -2.71719
17.125 -2.73953
17.126 -2.76178
17.127 -2.78394
17.128 -2.80602
17.129 -2.82802
17.13 -2.84992
17.131 -2.87173
17.132 -2.89345
17.133 -2.91506
17.134 -2.93658
17.135 -2.958
17.136 -2.97931
17.137 -3.00052
17.138 -3.02161
17.139 -3.04259
17.14 -3.06346
17.141 -3.0842
17.142 -3.10483
17.143 -3.12533
17.144 -3.14571
17.145 -3.16596
17.146 -3.18609
17.147 -3.20608
17.148 -3.22594
17.149 -3.24566
17.15 -3.26525
17.151 -3.28469
17.152 -3.30399
17.153 -3.32313
17.154 -3.34211
17.155 -3.36092
17.156 -3.37954
17.157 -3.39798
17.158 -3.41622
17.159 -3.43425
17.16 -3.45207
17.161 -3.46967
17.162 -3.48704
17.163 -3.50417
17.164 -3.52105
17.165 -3.53766
17.166 -3.55401
17.167 -3.57007
17.168 -3.58584
17.169 -3.6013
17.17 -3.61646
17.171 -3.6313
17.172 -3.64581
17.173 -3.65997
17.174 -3.67378
17.175 -3.68723
17.176 -3.70031
17.177 -3.71301
17.178 -3.72531
17.179 -3.73722
17.18 -3.74871
17.181 -3.75978
17.182 -3.77042
17.183 -3.78063
17.184 -3.79039
17.185 -3.79972
17.186 -3.80859
17.187 -3.817
17.188 -3.82495
17.189 -3.83243
17.19 -3.83943
17.191 -3.84596
17.192 -3.852
17.193 -3.85756
17.194 -3.86263
17.195 -3.86722
17.196 -3.87131
17.197 -3.87492
17.198 -3.87803
17.199 -3.88066
17.2 -3.88278
17.201 -3.88442
17.202 -3.88556
17.203 -3.8862
17.204 -3.88637
17.205 -3.88604
17.206 -3.88523
17.207 -3.88394
17.208 -3.88218
17.209 -3.87994
17.21 -3.87723
17.211 -3.87405
17.212 -3.87041
17.213 -3.86631
17.214 -3.86175
17.215 -3.85673
17.216 -3.85125
17.217 -3.84533
17.218 -3.83896
17.219 -3.83214
17.22 -3.82488
17.221 -3.81718
17.222 -3.80905
17.223 -3.80048
17.224 -3.79147
17.225 -3.78202
17.226 -3.77214
17.227 -3.76182
17.228 -3.75106
17.229 -3.73987
17.23 -3.72824
17.231 -3.71617
17.232 -3.70367
17.233 -3.69074
17.234 -3.67736
17.235 -3.66355
17.236 -3.64929
17.237 -3.6346
17.238 -3.61946
17.239 -3.60388
17.24 -3.58785
17.241 -3.57139
17.242 -3.55447
17.243 -3.53712
17.244 -3.51932
17.245 -3.50108
17.246 -3.4824
17.247 -3.46327
17.248 -3.4437
17.249 -3.4237
17.25 -3.40325
17.251 -3.38237
17.252 -3.36105
17.253 -3.33931
17.254 -3.31713
17.255 -3.29454
17.256 -3.27154
17.257 -3.24812
17.258 -3.2243
17.259 -3.20007
17.26 -3.17545
17.261 -3.15044
17.262 -3.12506
17.263 -3.0993
17.264 -3.07319
17.265 -3.04674
17.266 -3.01995
17.267 -2.99283
17.268 -2.96541
17.269 -2.93769
17.27 -2.90968
17.271 -2.8814
17.272 -2.85286
17.273 -2.82408
17.274 -2.79507
17.275 -2.76585
17.276 -2.73644
17.277 -2.70686
17.278 -2.67711
17.279 -2.64722
17.28 -2.6172
17.281 -2.58708
17.282 -2.55686
17.283 -2.52658
17.284 -2.49624
17.285 -2.46587
17.286 -2.43549
17.287 -2.40512
17.288 -2.37477
17.289 -2.34447
17.29 -2.31423
17.291 -2.28408
17.292 -2.25403
17.293 -2.2241
17.294 -2.19431
17.295 -2.16468
17.296 -2.13522
17.297 -2.10595
17.298 -2.07689
17.299 -2.04806
17.3 -2.01947
17.301 -1.99114
17.302 -1.96308
17.303 -1.93531
17.304 -1.90784
17.305 -1.88068
17.306 -1.85385
17.307 -1.82735
17.308 -1.80121
17.309 -1.77542
17.31 -1.75
17.311 -1.72497
17.312 -1.70033
17.313 -1.67609
17.314 -1.65226
17.315 -1.62884
17.316 -1.60583
17.317 -1.58326
17.318 -1.56111
17.319 -1.53941
17.32 -1.51814
17.321 -1.49733
17.322 -1.47698
17.323 -1.45708
17.324 -1.43764
17.325 -1.41867
17.326 -1.40017
17.327 -1.38214
17.328 -1.36459
17.329 -1.34751
17.33 -1.33091
17.331 -1.3148
17.332 -1.29918
17.333 -1.28405
17.334 -1.26944
17.335 -1.25533
17.336 -1.24174
17.337 -1.22867
17.338 -1.21614
17.339 -1.20414
17.34 -1.19268
17.341 -1.18178
17.342 -1.17143
17.343 -1.16164
17.344 -1.15244
17.345 -1.14381
17.346 -1.13578
17.347 -1.12834
17.348 -1.12152
17.349 -1.11531
17.35 -1.10972
17.351 -1.10476
17.352 -1.10044
17.353 -1.09678
17.354 -1.09377
17.355 -1.09144
17.356 -1.08978
17.357 -1.08882
17.358 -1.08855
17.359 -1.08899
17.36 -1.09015
17.361 -1.09203
17.362 -1.09465
17.363 -1.09801
17.364 -1.10211
17.365 -1.10696
17.366 -1.11258
17.367 -1.11897
17.368 -1.12612
17.369 -1.13406
17.37 -1.14278
17.371 -1.15229
17.372 -1.16259
17.373 -1.17367
17.374 -1.18554
17.375 -1.1982
17.376 -1.21164
17.377 -1.22586
17.378 -1.24085
17.379 -1.25662
17.38 -1.27317
17.381 -1.29047
17.382 -1.30854
17.383 -1.32737
17.384 -1.34693
17.385 -1.36723
17.386 -1.38825
17.387 -1.40999
17.388 -1.43244
17.389 -1.45558
17.39 -1.47941
17.391 -1.50392
17.392 -1.52908
17.393 -1.5549
17.394 -1.58135
17.395 -1.60841
17.396 -1.63609
17.397 -1.66436
17.398 -1.6932
17.399 -1.7226
17.4 -1.75255
17.401 -1.78303
17.402 -1.81402
17.403 -1.8455
17.404 -1.87747
17.405 -1.90989
17.406 -1.94276
17.407 -1.97605
17.408 -2.00974
17.409 -2.04383
17.41 -2.07828
17.411 -2.11308
17.412 -2.14822
17.413 -2.18366
17.414 -2.21939
17.415 -2.25539
17.416 -2.29164
17.417 -2.32812
17.418 -2.36481
17.419 -2.40168
17.42 -2.43872
17.421 -2.4759
17.422 -2.51321
17.423 -2.55061
17.424 -2.58811
17.425 -2.62566
17.426 -2.66325
17.427 -2.70086
17.428 -2.73847
17.429 -2.77605
17.43 -2.8136
17.431 -2.85107
17.432 -2.88846
17.433 -2.92574
17.434 -2.96288
17.435 -2.99987
17.436 -3.03668
17.437 -3.07328
17.438 -3.10965
17.439 -3.14578
17.44 -3.18163
17.441 -3.21719
17.442 -3.25244
17.443 -3.28734
17.444 -3.32189
17.445 -3.35605
17.446 -3.38981
17.447 -3.42315
17.448 -3.45604
17.449 -3.48847
17.45 -3.52041
17.451 -3.55184
17.452 -3.58274
17.453 -3.61309
17.454 -3.64287
17.455 -3.67205
17.456 -3.70061
17.457 -3.72854
17.458 -3.7558
17.459 -3.78239
17.46 -3.80828
17.461 -3.83344
17.462 -3.85787
17.463 -3.88154
17.464 -3.90443
17.465 -3.92652
17.466 -3.9478
17.467 -3.96825
17.468 -3.98785
17.469 -4.00658
17.47 -4.02443
17.471 -4.04138
17.472 -4.05742
17.473 -4.07253
17.474 -4.0867
17.475 -4.09992
17.476 -4.11216
17.477 -4.12343
17.478 -4.13371
17.479 -4.14298
17.48 -4.15124
17.481 -4.15848
17.482 -4.16468
17.483 -4.16984
17.484 -4.17396
17.485 -4.17702
17.486 -4.17902
17.487 -4.17996
17.488 -4.17983
17.489 -4.17863
17.49 -4.17635
17.491 -4.17298
17.492 -4.16854
17.493 -4.16301
17.494 -4.15639
17.495 -4.1487
17.496 -4.13992
17.497 -4.13007
17.498 -4.11913
17.499 -4.10712
17.5 -4.09404
17.501 -4.07989
17.502 -4.06468
17.503 -4.0484
17.504 -4.03107
17.505 -4.0127
17.506 -3.99328
17.507 -3.97283
17.508 -3.95136
17.509 -3.92886
17.51 -3.90536
17.511 -3.88085
17.512 -3.85535
17.513 -3.82886
17.514 -3.8014
17.515 -3.77298
17.516 -3.7436
17.517 -3.71327
17.518 -3.68202
17.519 -3.64984
17.52 -3.61676
17.521 -3.58277
17.522 -3.5479
17.523 -3.51216
17.524 -3.47555
17.525 -3.43809
17.526 -3.39979
17.527 -3.36067
17.528 -3.32073
17.529 -3.28
17.53 -3.23847
17.531 -3.19618
17.532 -3.15312
17.533 -3.10932
17.534 -3.06479
17.535 -3.01954
17.536 -2.97358
17.537 -2.92693
17.538 -2.87961
17.539 -2.83163
17.54 -2.783
17.541 -2.73373
17.542 -2.68386
17.543 -2.63338
17.544 -2.58232
17.545 -2.5307
17.546 -2.47852
17.547 -2.42581
17.548 -2.37258
17.549 -2.31885
17.55 -2.26464
17.551 -2.20996
17.552 -2.15484
17.553 -2.09928
17.554 -2.0433
17.555 -1.98693
17.556 -1.93017
17.557 -1.87305
17.558 -1.81557
17.559 -1.75777
17.56 -1.69965
17.561 -1.64123
17.562 -1.58254
17.563 -1.52358
17.564 -1.46439
17.565 -1.40499
17.566 -1.34538
17.567 -1.2856
17.568 -1.22566
17.569 -1.16558
17.57 -1.10538
17.571 -1.04509
17.572 -0.984716
17.573 -0.924293
17.574 -0.863839
17.575 -0.803377
17.576 -0.742928
17.577 -0.682514
17.578 -0.622157
17.579 -0.561879
17.58 -0.5017
17.581 -0.441642
17.582 -0.381728
17.583 -0.321978
17.584 -0.262416
17.585 -0.203061
17.586 -0.143937
17.587 -0.0850637
17.588 -0.026462
17.589 0.0318474
17.59 0.0898443
17.591 0.147508
17.592 0.204819
17.593 0.261756
17.594 0.318299
17.595 0.374428
17.596 0.430123
17.597 0.485365
17.598 0.540135
17.599 0.594415
17.6 0.648185
17.601 0.701428
17.602 0.754126
17.603 0.806259
17.604 0.857809
17.605 0.908759
17.606 0.959092
17.607 1.00879
17.608 1.05784
17.609 1.10622
17.61 1.15391
17.611 1.20091
17.612 1.2472
17.613 1.29276
17.614 1.3376
17.615 1.38169
17.616 1.42503
17.617 1.46761
17.618 1.50943
17.619 1.55046
17.62 1.59071
17.621 1.63017
17.622 1.66882
17.623 1.70668
17.624 1.74372
17.625 1.77996
17.626 1.81538
17.627 1.84999
17.628 1.88377
17.629 1.91673
17.63 1.94887
17.631 1.98018
17.632 2.01066
17.633 2.04032
17.634 2.06916
17.635 2.09718
17.636 2.12438
17.637 2.15077
17.638 2.17634
17.639 2.2011
17.64 2.22506
17.641 2.24822
17.642 2.27058
17.643 2.29215
17.644 2.31292
17.645 2.33292
17.646 2.35213
17.647 2.37057
17.648 2.38824
17.649 2.40515
17.65 2.4213
17.651 2.43671
17.652 2.45136
17.653 2.46527
17.654 2.47843
17.655 2.49085
17.656 2.50254
17.657 2.5135
17.658 2.52372
17.659 2.53322
17.66 2.542
17.661 2.55006
17.662 2.55741
17.663 2.56405
17.664 2.56997
17.665 2.5752
17.666 2.57972
17.667 2.58355
17.668 2.58669
17.669 2.58914
17.67 2.59091
17.671 2.592
17.672 2.59241
17.673 2.59216
17.674 2.59124
17.675 2.58965
17.676 2.58741
17.677 2.58452
17.678 2.58098
17.679 2.57679
17.68 2.57197
17.681 2.56651
17.682 2.56043
17.683 2.55372
17.684 2.5464
17.685 2.53846
17.686 2.52991
17.687 2.52075
17.688 2.511
17.689 2.50065
17.69 2.48972
17.691 2.4782
17.692 2.46611
17.693 2.45345
17.694 2.44023
17.695 2.42646
17.696 2.41215
17.697 2.3973
17.698 2.38192
17.699 2.36602
17.7 2.34962
17.701 2.33271
17.702 2.31531
17.703 2.29742
17.704 2.27907
17.705 2.26026
17.706 2.241
17.707 2.2213
17.708 2.20117
17.709 2.18063
17.71 2.15968
17.711 2.13834
17.712 2.11661
17.713 2.09452
17.714 2.07206
17.715 2.04926
17.716 2.02613
17.717 2.00267
17.718 1.9789
17.719 1.95483
17.72 1.93047
17.721 1.90584
17.722 1.88095
17.723 1.8558
17.724 1.83042
17.725 1.8048
17.726 1.77896
17.727 1.75292
17.728 1.72668
17.729 1.70026
17.73 1.67366
17.731 1.6469
17.732 1.62
17.733 1.59295
17.734 1.56579
17.735 1.53852
17.736 1.51114
17.737 1.48369
17.738 1.45616
17.739 1.42858
17.74 1.40095
17.741 1.37329
17.742 1.34561
17.743 1.31792
17.744 1.29023
17.745 1.26254
17.746 1.23488
17.747 1.20725
17.748 1.17965
17.749 1.15211
17.75 1.12463
17.751 1.09722
17.752 1.06989
17.753 1.04266
17.754 1.01553
17.755 0.988533
17.756 0.961666
17.757 0.934944
17.758 0.908382
17.759 0.881991
17.76 0.855782
17.761 0.829769
17.762 0.803962
17.763 0.778371
17.764 0.753007
17.765 0.727881
17.766 0.703003
17.767 0.678383
17.768 0.654031
17.769 0.629957
17.77 0.606171
17.771 0.582683
17.772 0.559505
17.773 0.536649
17.774 0.514126
17.775 0.491949
17.776 0.470129
17.777 0.448678
17.778 0.427607
17.779 0.406928
17.78 0.386651
17.781 0.366787
17.782 0.347345
17.783 0.328335
17.784 0.309766
17.785 0.291645
17.786 0.273983
17.787 0.256786
17.788 0.240064
17.789 0.223824
17.79 0.208073
17.791 0.192821
17.792 0.178073
17.793 0.163836
17.794 0.150119
17.795 0.136926
17.796 0.124266
17.797 0.112143
17.798 0.100564
17.799 0.0895337
17.8 0.0790588
17.801 0.0691434
17.802 0.0597905
17.803 0.0510023
17.804 0.0427806
17.805 0.0351269
17.806 0.0280426
17.807 0.0215287
17.808 0.0155861
17.809 0.0102154
17.81 0.00541699
17.811 0.0011906
17.812 -0.00246479
17.813 -0.00555083
17.814 -0.00806938
17.815 -0.0100225
17.816 -0.0114127
17.817 -0.0122424
17.818 -0.0125146
17.819 -0.0122323
17.82 -0.0113987
17.821 -0.0100186
17.822 -0.00809861
17.823 -0.00564688
17.824 -0.00267161
17.825 0.000818773
17.826 0.00481565
17.827 0.00931018
17.828 0.0142933
17.829 0.0197558
17.83 0.0256881
17.831 0.0320807
17.832 0.0389235
17.833 0.0462065
17.834 0.0539196
17.835 0.0620524
17.836 0.0705943
17.837 0.0795347
17.838 0.0888627
17.839 0.0985675
17.84 0.108638
17.841 0.119063
17.842 0.129834
17.843 0.140942
17.844 0.152377
17.845 0.164131
17.846 0.176194
17.847 0.188557
17.848 0.201211
17.849 0.214145
17.85 0.22735
17.851 0.240818
17.852 0.254542
17.853 0.268515
17.854 0.282732
17.855 0.297186
17.856 0.311872
17.857 0.326782
17.858 0.341911
17.859 0.357252
17.86 0.372798
17.861 0.388543
17.862 0.404485
17.863 0.42062
17.864 0.436946
17.865 0.45346
17.866 0.470158
17.867 0.487038
17.868 0.504096
17.869 0.52133
17.87 0.538735
17.871 0.556309
17.872 0.574047
17.873 0.591943
17.874 0.609994
17.875 0.628195
17.876 0.646539
17.877 0.665023
17.878 0.683641
17.879 0.702388
17.88 0.721259
17.881 0.740247
17.882 0.759345
17.883 0.778542
17.884 0.797829
17.885 0.817197
17.886 0.836636
17.887 0.856137
17.888 0.87569
17.889 0.895287
17.89 0.914916
17.891 0.934568
17.892 0.95423
17.893 0.973888
17.894 0.993529
17.895 1.01314
17.896 1.0327
17.897 1.05221
17.898 1.07165
17.899 1.091
17.9 1.11025
17.901 1.12939
17.902 1.14841
17.903 1.16728
17.904 1.18601
17.905 1.20457
17.906 1.22296
17.907 1.24115
17.908 1.25914
17.909 1.27691
17.91 1.29446
17.911 1.31176
17.912 1.32881
17.913 1.34559
17.914 1.36209
17.915 1.37829
17.916 1.39418
17.917 1.40976
17.918 1.42499
17.919 1.43988
17.92 1.45441
17.921 1.46857
17.922 1.48234
17.923 1.49573
17.924 1.50872
17.925 1.5213
17.926 1.53347
17.927 1.54523
17.928 1.55655
17.929 1.56745
17.93 1.5779
17.931 1.5879
17.932 1.59746
17.933 1.60655
17.934 1.6152
17.935 1.62338
17.936 1.63109
17.937 1.63834
17.938 1.64512
17.939 1.65143
17.94 1.65727
17.941 1.66263
17.942 1.66752
17.943 1.67193
17.944 1.67586
17.945 1.67932
17.946 1.6823
17.947 1.68481
17.948 1.68684
17.949 1.6884
17.95 1.68949
17.951 1.69011
17.952 1.69026
17.953 1.68995
17.954 1.68917
17.955 1.68793
17.956 1.68622
17.957 1.68406
17.958 1.68145
17.959 1.67838
17.96 1.67487
17.961 1.67091
17.962 1.6665
17.963 1.66165
17.964 1.65636
17.965 1.65063
17.966 1.64446
17.967 1.63785
17.968 1.6308
17.969 1.62332
17.97 1.61541
17.971 1.60707
17.972 1.5983
17.973 1.5891
17.974 1.57947
17.975 1.56942
17.976 1.55893
17.977 1.54802
17.978 1.53668
17.979 1.52491
17.98 1.51273
17.981 1.50011
17.982 1.48708
17.983 1.47363
17.984 1.45976
17.985 1.44547
17.986 1.43078
17.987 1.41567
17.988 1.40015
17.989 1.38423
17.99 1.36791
17.991 1.35118
17.992 1.33407
17.993 1.31656
17.994 1.29867
17.995 1.28039
17.996 1.26175
17.997 1.24273
17.998 1.22335
17.999 1.20361
18 1.18352
18.001 1.16308
18.002 1.14231
18.003 1.12121
18.004 1.0998
18.005 1.07808
18.006 1.05607
18.007 1.03377
18.008 1.0112
18.009 0.988367
18.01 0.965284
18.011 0.941962
18.012 0.918413
18.013 0.89465
18.014 0.870685
18.015 0.846532
18.016 0.822202
18.017 0.79771
18.018 0.773068
18.019 0.74829
18.02 0.723387
18.021 0.698374
18.022 0.673264
18.023 0.648071
18.024 0.622806
18.025 0.597484
18.026 0.572118
18.027 0.546722
18.028 0.521307
18.029 0.495889
18.03 0.470479
18.031 0.445092
18.032 0.419742
18.033 0.394443
18.034 0.369211
18.035 0.344059
18.036 0.319001
18.037 0.294054
18.038 0.26923
18.039 0.244543
18.04 0.220009
18.041 0.195641
18.042 0.171451
18.043 0.147453
18.044 0.123658
18.045 0.10008
18.046 0.0767297
18.047 0.0536203
18.048 0.0307635
18.049 0.00817124
18.05 -0.0141447
18.051 -0.0361733
18.052 -0.0579053
18.053 -0.0793321
18.054 -0.100445
18.055 -0.121236
18.056 -0.141697
18.057 -0.161819
18.058 -0.181595
18.059 -0.201018
18.06 -0.220078
18.061 -0.23877
18.062 -0.257088
18.063 -0.275024
18.064 -0.292575
18.065 -0.309735
18.066 -0.326498
18.067 -0.342861
18.068 -0.358817
18.069 -0.374362
18.07 -0.389493
18.071 -0.404204
18.072 -0.41849
18.073 -0.432346
18.074 -0.445767
18.075 -0.458748
18.076 -0.471286
18.077 -0.483374
18.078 -0.49501
18.079 -0.506189
18.08 -0.516908
18.081 -0.527162
18.082 -0.536947
18.083 -0.546258
18.084 -0.555092
18.085 -0.563443
18.086 -0.571308
18.087 -0.578684
18.088 -0.585567
18.089 -0.591953
18.09 -0.59784
18.091 -0.603224
18.092 -0.608102
18.093 -0.61247
18.094 -0.616324
18.095 -0.619661
18.096 -0.622478
18.097 -0.624772
18.098 -0.626539
18.099 -0.627779
18.1 -0.628487
18.101 -0.628663
18.102 -0.628304
18.103 -0.627409
18.104 -0.625977
18.105 -0.624006
18.106 -0.621495
18.107 -0.618444
18.108 -0.614851
18.109 -0.610717
18.11 -0.606042
18.111 -0.600825
18.112 -0.595067
18.113 -0.588769
18.114 -0.581931
18.115 -0.574555
18.116 -0.566642
18.117 -0.558192
18.118 -0.549208
18.119 -0.539692
18.12 -0.529645
18.121 -0.519071
18.122 -0.507972
18.123 -0.496352
18.124 -0.484216
18.125 -0.471569
18.126 -0.458414
18.127 -0.444758
18.128 -0.430604
18.129 -0.415958
18.13 -0.400826
18.131 -0.385213
18.132 -0.369128
18.133 -0.352578
18.134 -0.335574
18.135 -0.318123
18.136 -0.300236
18.137 -0.28192
18.138 -0.263187
18.139 -0.244045
18.14 -0.224505
18.141 -0.204577
18.142 -0.184271
18.143 -0.1636
18.144 -0.142575
18.145 -0.121207
18.146 -0.0995098
18.147 -0.0774944
18.148 -0.0551732
18.149 -0.0325585
18.15 -0.00966281
18.151 0.0135012
18.152 0.036921
18.153 0.0605837
18.154 0.0844766
18.155 0.108587
18.156 0.132901
18.157 0.157407
18.158 0.182091
18.159 0.206941
18.16 0.231942
18.161 0.257082
18.162 0.282351
18.163 0.307736
18.164 0.333228
18.165 0.358816
18.166 0.384488
18.167 0.410235
18.168 0.436046
18.169 0.461909
18.17 0.487813
18.171 0.51375
18.172 0.539707
18.173 0.565677
18.174 0.591649
18.175 0.617614
18.176 0.643562
18.177 0.669484
18.178 0.695371
18.179 0.721213
18.18 0.747
18.181 0.772724
18.182 0.798373
18.183 0.823937
18.184 0.849406
18.185 0.874769
18.186 0.900016
18.187 0.925135
18.188 0.950117
18.189 0.974952
18.19 0.999628
18.191 1.02414
18.192 1.04847
18.193 1.07262
18.194 1.09657
18.195 1.12032
18.196 1.14386
18.197 1.16718
18.198 1.19027
18.199 1.21313
18.2 1.23575
18.201 1.25812
18.202 1.28022
18.203 1.30206
18.204 1.32363
18.205 1.34492
18.206 1.36592
18.207 1.38662
18.208 1.40702
18.209 1.42712
18.21 1.44689
18.211 1.46635
18.212 1.48548
18.213 1.50428
18.214 1.52275
18.215 1.54087
18.216 1.55865
18.217 1.57607
18.218 1.59315
18.219 1.60987
18.22 1.62623
18.221 1.64222
18.222 1.65785
18.223 1.6731
18.224 1.68799
18.225 1.70249
18.226 1.71662
18.227 1.73036
18.228 1.74372
18.229 1.7567
18.23 1.76928
18.231 1.78148
18.232 1.79329
18.233 1.8047
18.234 1.81573
18.235 1.82636
18.236 1.83661
18.237 1.84646
18.238 1.85593
18.239 1.86501
18.24 1.8737
18.241 1.88201
18.242 1.88993
18.243 1.89745
18.244 1.90458
18.245 1.9113
18.246 1.91763
18.247 1.92354
18.248 1.92905
18.249 1.93414
18.25 1.93882
18.251 1.94308
18.252 1.94692
18.253 1.95034
18.254 1.95332
18.255 1.95588
18.256 1.958
18.257 1.95968
18.258 1.96093
18.259 1.96173
18.26 1.96209
18.261 1.96201
18.262 1.96147
18.263 1.96048
18.264 1.95904
18.265 1.95714
18.266 1.95478
18.267 1.95196
18.268 1.94867
18.269 1.94492
18.27 1.9407
18.271 1.93601
18.272 1.93085
18.273 1.92522
18.274 1.91911
18.275 1.91254
18.276 1.90548
18.277 1.89796
18.278 1.88996
18.279 1.88148
18.28 1.87253
18.281 1.86311
18.282 1.85322
18.283 1.84286
18.284 1.83205
18.285 1.82078
18.286 1.80906
18.287 1.7969
18.288 1.7843
18.289 1.77127
18.29 1.75782
18.291 1.74394
18.292 1.72966
18.293 1.71498
18.294 1.69992
18.295 1.68448
18.296 1.66869
18.297 1.65255
18.298 1.63608
18.299 1.61928
18.3 1.60218
18.301 1.58478
18.302 1.5671
18.303 1.54916
18.304 1.53097
18.305 1.51255
18.306 1.49391
18.307 1.47507
18.308 1.45605
18.309 1.43686
18.31 1.41752
18.311 1.39804
18.312 1.37844
18.313 1.35874
18.314 1.33894
18.315 1.31907
18.316 1.29913
18.317 1.27913
18.318 1.2591
18.319 1.23905
18.32 1.21898
18.321 1.19892
18.322 1.17887
18.323 1.15884
18.324 1.13884
18.325 1.11887
18.326 1.09896
18.327 1.07909
18.328 1.05929
18.329 1.03956
18.33 1.0199
18.331 1.00034
18.332 0.98086
18.333 0.961483
18.334 0.942208
18.335 0.923042
18.336 0.903989
18.337 0.885054
18.338 0.866243
18.339 0.847561
18.34 0.829013
18.341 0.810602
18.342 0.792332
18.343 0.774206
18.344 0.756225
18.345 0.73839
18.346 0.720705
18.347 0.70317
18.348 0.685788
18.349 0.66856
18.35 0.651488
18.351 0.634575
18.352 0.617823
18.353 0.601237
18.354 0.584821
18.355 0.56858
18.356 0.552516
18.357 0.536634
18.358 0.520939
18.359 0.505432
18.36 0.490118
18.361 0.475002
18.362 0.460092
18.363 0.445395
18.364 0.430921
18.365 0.416679
18.366 0.402677
18.367 0.388922
18.368 0.375425
18.369 0.362192
18.37 0.349231
18.371 0.336552
18.372 0.324165
18.373 0.312082
18.374 0.300315
18.375 0.288874
18.376 0.277772
18.377 0.267019
18.378 0.256626
18.379 0.246605
18.38 0.236966
18.381 0.227719
18.382 0.218874
18.383 0.210442
18.384 0.202433
18.385 0.194856
18.386 0.187721
18.387 0.181038
18.388 0.174815
18.389 0.169062
18.39 0.163787
18.391 0.158998
18.392 0.154702
18.393 0.150904
18.394 0.14761
18.395 0.144824
18.396 0.142551
18.397 0.140796
18.398 0.139563
18.399 0.138856
18.4 0.13868
18.401 0.139037
18.402 0.139927
18.403 0.14135
18.404 0.143304
18.405 0.14579
18.406 0.148804
18.407 0.152346
18.408 0.156413
18.409 0.161003
18.41 0.166115
18.411 0.171744
18.412 0.177888
18.413 0.184542
18.414 0.191702
18.415 0.199363
18.416 0.207519
18.417 0.216166
18.418 0.225299
18.419 0.234912
18.42 0.244999
18.421 0.255554
18.422 0.266573
18.423 0.278051
18.424 0.289981
18.425 0.30236
18.426 0.315181
18.427 0.32844
18.428 0.342129
18.429 0.356244
18.43 0.370777
18.431 0.385723
18.432 0.401073
18.433 0.41682
18.434 0.432955
18.435 0.449469
18.436 0.466355
18.437 0.483604
18.438 0.501207
18.439 0.519155
18.44 0.537438
18.441 0.556049
18.442 0.574979
18.443 0.594219
18.444 0.613761
18.445 0.633597
18.446 0.653719
18.447 0.674118
18.448 0.694784
18.449 0.71571
18.45 0.736886
18.451 0.758303
18.452 0.779949
18.453 0.801814
18.454 0.823884
18.455 0.846147
18.456 0.868592
18.457 0.891207
18.458 0.913978
18.459 0.936894
18.46 0.959942
18.461 0.98311
18.462 1.00639
18.463 1.02976
18.464 1.05321
18.465 1.07673
18.466 1.10031
18.467 1.12394
18.468 1.1476
18.469 1.17127
18.47 1.19496
18.471 1.21863
18.472 1.24229
18.473 1.26592
18.474 1.2895
18.475 1.31301
18.476 1.33646
18.477 1.35981
18.478 1.38306
18.479 1.4062
18.48 1.42921
18.481 1.45207
18.482 1.47478
18.483 1.49731
18.484 1.51966
18.485 1.5418
18.486 1.56373
18.487 1.58543
18.488 1.60689
18.489 1.62809
18.49 1.64901
18.491 1.66965
18.492 1.69
18.493 1.71003
18.494 1.72974
18.495 1.74911
18.496 1.76814
18.497 1.78682
18.498 1.80512
18.499 1.82305
18.5 1.84058
18.501 1.85772
18.502 1.87444
18.503 1.89075
18.504 1.90662
18.505 1.92206
18.506 1.93705
18.507 1.95159
18.508 1.96567
18.509 1.97927
18.51 1.9924
18.511 2.00505
18.512 2.0172
18.513 2.02887
18.514 2.04003
18.515 2.05069
18.516 2.06085
18.517 2.0705
18.518 2.07964
18.519 2.08826
18.52 2.09637
18.521 2.10395
18.522 2.11101
18.523 2.11755
18.524 2.12355
18.525 2.12902
18.526 2.13396
18.527 2.13836
18.528 2.14221
18.529 2.14553
18.53 2.14829
18.531 2.15052
18.532 2.15219
18.533 2.15331
18.534 2.15388
18.535 2.15389
18.536 2.15335
18.537 2.15225
18.538 2.15058
18.539 2.14836
18.54 2.14557
18.541 2.14222
18.542 2.1383
18.543 2.13382
18.544 2.12877
18.545 2.12315
18.546 2.11696
18.547 2.1102
18.548 2.10286
18.549 2.09496
18.55 2.08649
18.551 2.07745
18.552 2.06783
18.553 2.05766
18.554 2.04691
18.555 2.03561
18.556 2.02374
18.557 2.01132
18.558 1.99835
18.559 1.98483
18.56 1.97076
18.561 1.95615
18.562 1.941
18.563 1.92532
18.564 1.90911
18.565 1.89239
18.566 1.87515
18.567 1.85741
18.568 1.83917
18.569 1.82043
18.57 1.80121
18.571 1.78151
18.572 1.76134
18.573 1.74071
18.574 1.71963
18.575 1.69812
18.576 1.67617
18.577 1.65382
18.578 1.63105
18.579 1.6079
18.58 1.58436
18.581 1.56045
18.582 1.53618
18.583 1.51158
18.584 1.48665
18.585 1.46142
18.586 1.43589
18.587 1.41009
18.588 1.38403
18.589 1.35774
18.59 1.33121
18.591 1.30448
18.592 1.27755
18.593 1.25045
18.594 1.22319
18.595 1.19579
18.596 1.16827
18.597 1.14064
18.598 1.11292
18.599 1.08512
18.6 1.05727
18.601 1.02938
18.602 1.00147
18.603 0.973554
18.604 0.94565
18.605 0.917775
18.606 0.889945
18.607 0.862179
18.608 0.834494
18.609 0.806905
18.61 0.779429
18.611 0.752085
18.612 0.724886
18.613 0.697848
18.614 0.670987
18.615 0.644318
18.616 0.617855
18.617 0.591613
18.618 0.565608
18.619 0.539853
18.62 0.514364
18.621 0.489153
18.622 0.464231
18.623 0.439607
18.624 0.415289
18.625 0.391286
18.626 0.367606
18.627 0.344257
18.628 0.321248
18.629 0.298585
18.63 0.276277
18.631 0.254331
18.632 0.232752
18.633 0.211545
18.634 0.190713
18.635 0.170262
18.636 0.150195
18.637 0.130515
18.638 0.111228
18.639 0.0923357
18.64 0.0738419
18.641 0.0557488
18.642 0.0380575
18.643 0.020768
18.644 0.00388018
18.645 -0.0126063
18.646 -0.0286917
18.647 -0.0443769
18.648 -0.0596625
18.649 -0.0745496
18.65 -0.0890394
18.651 -0.103133
18.652 -0.116831
18.653 -0.130133
18.654 -0.143041
18.655 -0.155554
18.656 -0.167675
18.657 -0.179403
18.658 -0.19074
18.659 -0.201688
18.66 -0.212248
18.661 -0.22242
18.662 -0.232205
18.663 -0.241603
18.664 -0.250613
18.665 -0.259234
18.666 -0.267466
18.667 -0.27531
18.668 -0.282765
18.669 -0.289833
18.67 -0.296513
18.671 -0.302805
18.672 -0.308709
18.673 -0.314222
18.674 -0.319344
18.675 -0.324072
18.676 -0.328406
18.677 -0.332344
18.678 -0.335887
18.679 -0.339032
18.68 -0.34178
18.681 -0.344129
18.682 -0.346078
18.683 -0.347623
18.684 -0.348762
18.685 -0.349493
18.686 -0.349813
18.687 -0.34972
18.688 -0.349212
18.689 -0.348288
18.69 -0.346946
18.691 -0.345185
18.692 -0.343003
18.693 -0.340399
18.694 -0.337373
18.695 -0.333924
18.696 -0.330051
18.697 -0.325754
18.698 -0.321033
18.699 -0.315887
18.7 -0.310317
18.701 -0.304325
18.702 -0.297911
18.703 -0.29108
18.704 -0.283836
18.705 -0.276182
18.706 -0.268121
18.707 -0.259659
18.708 -0.250798
18.709 -0.241544
18.71 -0.2319
18.711 -0.221873
18.712 -0.211468
18.713 -0.200693
18.714 -0.189557
18.715 -0.178068
18.716 -0.166232
18.717 -0.154059
18.718 -0.141556
18.719 -0.128733
18.72 -0.115597
18.721 -0.102158
18.722 -0.0884262
18.723 -0.0744138
18.724 -0.0601321
18.725 -0.0455931
18.726 -0.0308086
18.727 -0.0157905
18.728 -0.000550932
18.729 0.014898
18.73 0.0305443
18.731 0.0463755
18.732 0.0623796
18.733 0.0785442
18.734 0.0948568
18.735 0.111305
18.736 0.127877
18.737 0.144559
18.738 0.161339
18.739 0.178204
18.74 0.195142
18.741 0.212141
18.742 0.22919
18.743 0.24628
18.744 0.263399
18.745 0.28054
18.746 0.297691
18.747 0.314842
18.748 0.331984
18.749 0.349107
18.75 0.366201
18.751 0.383256
18.752 0.400266
18.753 0.417221
18.754 0.434117
18.755 0.450945
18.756 0.467698
18.757 0.48437
18.758 0.500954
18.759 0.517443
18.76 0.53383
18.761 0.550109
18.762 0.566276
18.763 0.582329
18.764 0.598265
18.765 0.614082
18.766 0.629777
18.767 0.645348
18.768 0.660793
18.769 0.676108
18.77 0.691293
18.771 0.706344
18.772 0.72126
18.773 0.736038
18.774 0.750676
18.775 0.765173
18.776 0.779527
18.777 0.793735
18.778 0.807796
18.779 0.821708
18.78 0.83547
18.781 0.849079
18.782 0.862535
18.783 0.875836
18.784 0.888981
18.785 0.901968
18.786 0.914796
18.787 0.927464
18.788 0.939971
18.789 0.952315
18.79 0.964495
18.791 0.97651
18.792 0.988355
18.793 1.00002
18.794 1.01151
18.795 1.0228
18.796 1.0339
18.797 1.04481
18.798 1.0555
18.799 1.06598
18.8 1.07625
18.801 1.08629
18.802 1.0961
18.803 1.10567
18.804 1.11499
18.805 1.12406
18.806 1.13286
18.807 1.1414
18.808 1.14966
18.809 1.15763
18.81 1.16531
18.811 1.17269
18.812 1.17976
18.813 1.18652
18.814 1.19296
18.815 1.19906
18.816 1.20482
18.817 1.21024
18.818 1.2153
18.819 1.22001
18.82 1.22434
18.821 1.2283
18.822 1.23187
18.823 1.23506
18.824 1.23786
18.825 1.24027
18.826 1.24227
18.827 1.24386
18.828 1.24505
18.829 1.24582
18.83 1.24617
18.831 1.2461
18.832 1.24561
18.833 1.24469
18.834 1.24335
18.835 1.24158
18.836 1.23939
18.837 1.23677
18.838 1.23372
18.839 1.23025
18.84 1.22635
18.841 1.22203
18.842 1.21728
18.843 1.21212
18.844 1.20654
18.845 1.20054
18.846 1.19413
18.847 1.18731
18.848 1.18008
18.849 1.17245
18.85 1.16442
18.851 1.156
18.852 1.14718
18.853 1.13798
18.854 1.12841
18.855 1.11847
18.856 1.10816
18.857 1.0975
18.858 1.0865
18.859 1.07515
18.86 1.06347
18.861 1.05147
18.862 1.03915
18.863 1.02652
18.864 1.01359
18.865 1.00037
18.866 0.986865
18.867 0.973087
18.868 0.959042
18.869 0.94474
18.87 0.930189
18.871 0.915398
18.872 0.900374
18.873 0.885123
18.874 0.869651
18.875 0.853966
18.876 0.838073
18.877 0.821981
18.878 0.805694
18.879 0.789222
18.88 0.772569
18.881 0.755744
18.882 0.738751
18.883 0.721595
18.884 0.704279
18.885 0.686809
18.886 0.66919
18.887 0.651426
18.888 0.633521
18.889 0.615482
18.89 0.597312
18.891 0.579017
18.892 0.560601
18.893 0.54207
18.894 0.52343
18.895 0.504684
18.896 0.485838
18.897 0.466898
18.898 0.447869
18.899 0.428755
18.9 0.409562
18.901 0.390296
18.902 0.370961
18.903 0.351564
18.904 0.332109
18.905 0.312603
18.906 0.29305
18.907 0.273456
18.908 0.253826
18.909 0.234167
18.91 0.214482
18.911 0.194779
18.912 0.175064
18.913 0.155346
18.914 0.135633
18.915 0.115934
18.916 0.0962559
18.917 0.0766072
18.918 0.0569961
18.919 0.0374304
18.92 0.0179183
18.921 -0.00153174
18.922 -0.0209098
18.923 -0.0402053
18.924 -0.0594078
18.925 -0.0785068
18.926 -0.0974919
18.927 -0.116353
18.928 -0.135079
18.929 -0.15366
18.93 -0.172087
18.931 -0.190348
18.932 -0.208435
18.933 -0.226337
18.934 -0.244045
18.935 -0.261549
18.936 -0.278839
18.937 -0.295906
18.938 -0.312741
18.939 -0.329335
18.94 -0.345678
18.941 -0.36176
18.942 -0.377574
18.943 -0.393107
18.944 -0.40835
18.945 -0.423294
18.946 -0.437929
18.947 -0.452245
18.948 -0.466233
18.949 -0.479885
18.95 -0.49319
18.951 -0.506141
18.952 -0.518731
18.953 -0.530954
18.954 -0.542804
18.955 -0.554277
18.956 -0.565366
18.957 -0.576067
18.958 -0.586374
18.959 -0.596283
18.96 -0.60579
18.961 -0.61489
18.962 -0.623578
18.963 -0.63185
18.964 -0.639703
18.965 -0.647133
18.966 -0.654137
18.967 -0.66071
18.968 -0.66685
18.969 -0.672554
18.97 -0.677819
18.971 -0.682643
18.972 -0.687024
18.973 -0.690962
18.974 -0.694456
18.975 -0.697505
18.976 -0.700109
18.977 -0.702268
18.978 -0.703982
18.979 -0.705251
18.98 -0.706075
18.981 -0.706456
18.982 -0.706391
18.983 -0.705882
18.984 -0.704928
18.985 -0.703528
18.986 -0.701684
18.987 -0.699395
18.988 -0.696662
18.989 -0.693485
18.99 -0.689866
18.991 -0.685804
18.992 -0.6813
18.993 -0.676355
18.994 -0.670968
18.995 -0.66514
18.996 -0.658871
18.997 -0.652162
18.998 -0.645014
18.999 -0.637429
19 -0.629406
19.001 -0.620948
19.002 -0.612054
19.003 -0.602726
19.004 -0.592964
19.005 -0.582767
19.006 -0.572139
19.007 -0.561078
19.008 -0.549588
19.009 -0.537669
19.01 -0.525322
19.011 -0.512549
19.012 -0.499352
19.013 -0.48573
19.014 -0.471684
19.015 -0.457217
19.016 -0.442327
19.017 -0.427018
19.018 -0.41129
19.019 -0.395146
19.02 -0.378586
19.021 -0.361615
19.022 -0.344233
19.023 -0.326447
19.024 -0.308258
19.025 -0.289672
19.026 -0.270691
19.027 -0.251322
19.028 -0.231567
19.029 -0.211432
19.03 -0.190921
19.031 -0.170039
19.032 -0.148793
19.033 -0.127189
19.034 -0.105234
19.035 -0.0829344
19.036 -0.0602973
19.037 -0.0373297
19.038 -0.0140387
19.039 0.00956849
19.04 0.0334844
19.041 0.0577011
19.042 0.08221
19.043 0.107002
19.044 0.132068
19.045 0.157398
19.046 0.182983
19.047 0.208813
19.048 0.23488
19.049 0.261172
19.05 0.287681
19.051 0.314396
19.052 0.341307
19.053 0.368401
19.054 0.395668
19.055 0.423095
19.056 0.450672
19.057 0.478387
19.058 0.506228
19.059 0.534183
19.06 0.562241
19.061 0.590389
19.062 0.618619
19.063 0.646918
19.064 0.675276
19.065 0.703684
19.066 0.73213
19.067 0.760604
19.068 0.789096
19.069 0.817594
19.07 0.846089
19.071 0.87457
19.072 0.903028
19.073 0.931453
19.074 0.959837
19.075 0.98817
19.076 1.01644
19.077 1.04465
19.078 1.07278
19.079 1.10082
19.08 1.12877
19.081 1.15661
19.082 1.18435
19.083 1.21196
19.084 1.23945
19.085 1.2668
19.086 1.29402
19.087 1.32109
19.088 1.34801
19.089 1.37476
19.09 1.40135
19.091 1.42776
19.092 1.45399
19.093 1.48004
19.094 1.50588
19.095 1.53152
19.096 1.55695
19.097 1.58216
19.098 1.60714
19.099 1.63189
19.1 1.65639
19.101 1.68065
19.102 1.70466
19.103 1.7284
19.104 1.75189
19.105 1.7751
19.106 1.79804
19.107 1.8207
19.108 1.84308
19.109 1.86518
19.11 1.88698
19.111 1.90848
19.112 1.92969
19.113 1.95059
19.114 1.97117
19.115 1.99145
19.116 2.0114
19.117 2.03103
19.118 2.05032
19.119 2.06929
19.12 2.08791
19.121 2.1062
19.122 2.12414
19.123 2.14173
19.124 2.15896
19.125 2.17583
19.126 2.19233
19.127 2.20847
19.128 2.22423
19.129 2.23962
19.13 2.25463
19.131 2.26925
19.132 2.28348
19.133 2.29732
19.134 2.31075
19.135 2.32378
19.136 2.33639
19.137 2.34859
19.138 2.36037
19.139 2.37172
19.14 2.38263
19.141 2.39311
19.142 2.40315
19.143 2.41275
19.144 2.42189
19.145 2.43057
19.146 2.4388
19.147 2.44655
19.148 2.45384
19.149 2.46065
19.15 2.46699
19.151 2.47284
19.152 2.47821
19.153 2.48308
19.154 2.48747
19.155 2.49136
19.156 2.49476
19.157 2.49765
19.158 2.50004
19.159 2.50192
19.16 2.5033
19.161 2.50417
19.162 2.50454
19.163 2.50439
19.164 2.50373
19.165 2.50257
19.166 2.5009
19.167 2.49872
19.168 2.49604
19.169 2.49285
19.17 2.48916
19.171 2.48497
19.172 2.48028
19.173 2.4751
19.174 2.46943
19.175 2.46328
19.176 2.45665
19.177 2.44955
19.178 2.44198
19.179 2.43396
19.18 2.42547
19.181 2.41654
19.182 2.40717
19.183 2.39737
19.184 2.38714
19.185 2.37649
19.186 2.36543
19.187 2.35397
19.188 2.34212
19.189 2.32988
19.19 2.31727
19.191 2.3043
19.192 2.29096
19.193 2.27728
19.194 2.26326
19.195 2.24891
19.196 2.23424
19.197 2.21925
19.198 2.20397
19.199 2.1884
19.2 2.17254
19.201 2.15642
19.202 2.14002
19.203 2.12338
19.204 2.10648
19.205 2.08934
19.206 2.07197
19.207 2.05437
19.208 2.03655
19.209 2.01853
19.21 2.0003
19.211 1.98187
19.212 1.96326
19.213 1.94447
19.214 1.9255
19.215 1.90637
19.216 1.88707
19.217 1.86762
19.218 1.84803
19.219 1.8283
19.22 1.80843
19.221 1.78844
19.222 1.76833
19.223 1.74811
19.224 1.72778
19.225 1.70735
19.226 1.68683
19.227 1.66621
19.228 1.64551
19.229 1.62474
19.23 1.60389
19.231 1.58298
19.232 1.56201
19.233 1.54099
19.234 1.51992
19.235 1.49881
19.236 1.47767
19.237 1.4565
19.238 1.43531
19.239 1.4141
19.24 1.39288
19.241 1.37166
19.242 1.35044
19.243 1.32923
19.244 1.30804
19.245 1.28687
19.246 1.26572
19.247 1.24461
19.248 1.22354
19.249 1.20251
19.25 1.18154
19.251 1.16062
19.252 1.13977
19.253 1.119
19.254 1.09831
19.255 1.07771
19.256 1.05721
19.257 1.03682
19.258 1.01655
19.259 0.996401
19.26 0.976389
19.261 0.956521
19.262 0.936806
19.263 0.917255
19.264 0.897879
19.265 0.878689
19.266 0.859694
19.267 0.840907
19.268 0.822336
19.269 0.803992
19.27 0.785886
19.271 0.768027
19.272 0.750426
19.273 0.733092
19.274 0.716035
19.275 0.699265
19.276 0.682791
19.277 0.666622
19.278 0.650768
19.279 0.635238
19.28 0.62004
19.281 0.605183
19.282 0.590674
19.283 0.576522
19.284 0.562732
19.285 0.549312
19.286 0.536267
19.287 0.523606
19.288 0.511333
19.289 0.499456
19.29 0.487979
19.291 0.476909
19.292 0.466248
19.293 0.456
19.294 0.446166
19.295 0.43675
19.296 0.427754
19.297 0.419179
19.298 0.411028
19.299 0.403302
19.3 0.396003
19.301 0.389132
19.302 0.38269
19.303 0.376677
19.304 0.371096
19.305 0.365946
19.306 0.361227
19.307 0.356941
19.308 0.353086
19.309 0.349664
19.31 0.346673
19.311 0.344113
19.312 0.341982
19.313 0.340277
19.314 0.338998
19.315 0.33814
19.316 0.337701
19.317 0.337678
19.318 0.338068
19.319 0.338869
19.32 0.340076
19.321 0.341686
19.322 0.343697
19.323 0.346106
19.324 0.34891
19.325 0.352107
19.326 0.355693
19.327 0.359665
19.328 0.36402
19.329 0.368754
19.33 0.373863
19.331 0.379344
19.332 0.385193
19.333 0.391406
19.334 0.397978
19.335 0.404905
19.336 0.412183
19.337 0.419806
19.338 0.42777
19.339 0.436069
19.34 0.4447
19.341 0.453656
19.342 0.462935
19.343 0.472534
19.344 0.482451
19.345 0.492681
19.346 0.503222
19.347 0.514071
19.348 0.525224
19.349 0.536677
19.35 0.548427
19.351 0.56047
19.352 0.572803
19.353 0.58542
19.354 0.598318
19.355 0.611493
19.356 0.62494
19.357 0.638656
19.358 0.652634
19.359 0.666871
19.36 0.681362
19.361 0.696102
19.362 0.711084
19.363 0.726302
19.364 0.74175
19.365 0.757421
19.366 0.773308
19.367 0.789404
19.368 0.805703
19.369 0.822198
19.37 0.838881
19.371 0.855745
19.372 0.872781
19.373 0.889979
19.374 0.907328
19.375 0.924819
19.376 0.942441
19.377 0.960184
19.378 0.978039
19.379 0.995994
19.38 1.01404
19.381 1.03217
19.382 1.05036
19.383 1.06861
19.384 1.08689
19.385 1.10521
19.386 1.12354
19.387 1.14187
19.388 1.1602
19.389 1.17849
19.39 1.19675
19.391 1.21496
19.392 1.23311
19.393 1.25119
19.394 1.26918
19.395 1.28707
19.396 1.30485
19.397 1.32252
19.398 1.34005
19.399 1.35744
19.4 1.37468
19.401 1.39176
19.402 1.40866
19.403 1.42537
19.404 1.44189
19.405 1.45821
19.406 1.47432
19.407 1.49021
19.408 1.50586
19.409 1.52128
19.41 1.53644
19.411 1.55135
19.412 1.566
19.413 1.58037
19.414 1.59447
19.415 1.60829
19.416 1.62183
19.417 1.63507
19.418 1.64801
19.419 1.66066
19.42 1.67299
19.421 1.68501
19.422 1.69672
19.423 1.7081
19.424 1.71916
19.425 1.72989
19.426 1.74028
19.427 1.75033
19.428 1.76005
19.429 1.76941
19.43 1.77843
19.431 1.78709
19.432 1.7954
19.433 1.80334
19.434 1.81093
19.435 1.81815
19.436 1.825
19.437 1.83148
19.438 1.83759
19.439 1.84332
19.44 1.84867
19.441 1.85365
19.442 1.85825
19.443 1.86246
19.444 1.86629
19.445 1.86974
19.446 1.8728
19.447 1.87547
19.448 1.87776
19.449 1.87965
19.45 1.88116
19.451 1.88228
19.452 1.88302
19.453 1.88336
19.454 1.88332
19.455 1.88288
19.456 1.88206
19.457 1.88086
19.458 1.87927
19.459 1.87729
19.46 1.87493
19.461 1.87219
19.462 1.86907
19.463 1.86556
19.464 1.86167
19.465 1.85741
19.466 1.85276
19.467 1.84773
19.468 1.84233
19.469 1.83655
19.47 1.8304
19.471 1.82387
19.472 1.81698
19.473 1.80971
19.474 1.80209
19.475 1.7941
19.476 1.78576
19.477 1.77706
19.478 1.76802
19.479 1.75863
19.48 1.7489
19.481 1.73883
19.482 1.72844
19.483 1.71771
19.484 1.70666
19.485 1.69528
19.486 1.68359
19.487 1.67158
19.488 1.65926
19.489 1.64663
19.49 1.6337
19.491 1.62047
19.492 1.60695
19.493 1.59314
19.494 1.57904
19.495 1.56466
19.496 1.55001
19.497 1.53509
19.498 1.5199
19.499 1.50445
19.5 1.48875
19.501 1.4728
19.502 1.4566
19.503 1.44017
19.504 1.42352
19.505 1.40664
19.506 1.38954
19.507 1.37224
19.508 1.35475
19.509 1.33705
19.51 1.31918
19.511 1.30113
19.512 1.28291
19.513 1.26453
19.514 1.246
19.515 1.22733
19.516 1.20853
19.517 1.18961
19.518 1.17057
19.519 1.15143
19.52 1.1322
19.521 1.11289
19.522 1.09349
19.523 1.07403
19.524 1.0545
19.525 1.03491
19.526 1.01528
19.527 0.995596
19.528 0.97588
19.529 0.956134
19.53 0.936366
19.531 0.916581
19.532 0.896787
19.533 0.876988
19.534 0.857189
19.535 0.837397
19.536 0.817617
19.537 0.797854
19.538 0.778115
19.539 0.758403
19.54 0.738726
19.541 0.719088
19.542 0.699495
19.543 0.679952
19.544 0.660465
19.545 0.641038
19.546 0.621678
19.547 0.60239
19.548 0.583177
19.549 0.564047
19.55 0.545004
19.551 0.526053
19.552 0.507197
19.553 0.488441
19.554 0.469788
19.555 0.451242
19.556 0.432806
19.557 0.414484
19.558 0.396278
19.559 0.378193
19.56 0.360231
19.561 0.342396
19.562 0.324691
19.563 0.307119
19.564 0.289682
19.565 0.272385
19.566 0.255229
19.567 0.238217
19.568 0.221354
19.569 0.204639
19.57 0.188078
19.571 0.171671
19.572 0.15542
19.573 0.139325
19.574 0.123389
19.575 0.107611
19.576 0.0919929
19.577 0.0765348
19.578 0.0612374
19.579 0.0461013
19.58 0.031127
19.581 0.0163154
19.582 0.00166879
19.583 -0.0128099
19.584 -0.027118
19.585 -0.0412527
19.586 -0.0552114
19.587 -0.0689914
19.588 -0.0825904
19.589 -0.0960058
19.59 -0.109235
19.591 -0.122277
19.592 -0.135129
19.593 -0.147788
19.594 -0.160253
19.595 -0.172523
19.596 -0.184595
19.597 -0.196468
19.598 -0.20814
19.599 -0.21961
19.6 -0.230876
19.601 -0.241937
19.602 -0.252789
19.603 -0.263429
19.604 -0.273853
19.605 -0.284056
19.606 -0.294037
19.607 -0.303791
19.608 -0.313316
19.609 -0.322607
19.61 -0.331663
19.611 -0.34048
19.612 -0.349055
19.613 -0.357386
19.614 -0.365469
19.615 -0.373303
19.616 -0.380885
19.617 -0.388213
19.618 -0.395284
19.619 -0.402097
19.62 -0.408649
19.621 -0.414939
19.622 -0.420966
19.623 -0.426727
19.624 -0.432221
19.625 -0.437446
19.626 -0.442402
19.627 -0.447087
19.628 -0.4515
19.629 -0.45564
19.63 -0.459507
19.631 -0.463099
19.632 -0.466417
19.633 -0.469459
19.634 -0.472226
19.635 -0.474717
19.636 -0.476932
19.637 -0.478871
19.638 -0.480534
19.639 -0.481921
19.64 -0.483033
19.641 -0.48387
19.642 -0.484433
19.643 -0.484726
19.644 -0.48475
19.645 -0.484506
19.646 -0.483999
19.647 -0.483229
19.648 -0.482199
19.649 -0.480913
19.65 -0.479372
19.651 -0.47758
19.652 -0.475539
19.653 -0.473253
19.654 -0.470724
19.655 -0.467956
19.656 -0.464952
19.657 -0.461715
19.658 -0.458249
19.659 -0.454558
19.66 -0.450644
19.661 -0.446513
19.662 -0.442168
19.663 -0.437616
19.664 -0.432861
19.665 -0.427908
19.666 -0.422764
19.667 -0.417433
19.668 -0.411921
19.669 -0.406235
19.67 -0.400378
19.671 -0.394359
19.672 -0.388183
19.673 -0.381857
19.674 -0.37539
19.675 -0.368787
19.676 -0.362057
19.677 -0.355207
19.678 -0.348244
19.679 -0.341176
19.68 -0.33401
19.681 -0.326754
19.682 -0.319414
19.683 -0.311995
19.684 -0.304505
19.685 -0.29695
19.686 -0.289336
19.687 -0.281669
19.688 -0.273955
19.689 -0.2662
19.69 -0.258412
19.691 -0.250595
19.692 -0.242756
19.693 -0.234899
19.694 -0.227028
19.695 -0.21915
19.696 -0.211269
19.697 -0.20339
19.698 -0.195517
19.699 -0.187656
19.7 -0.179811
19.701 -0.171987
19.702 -0.164188
19.703 -0.156417
19.704 -0.148678
19.705 -0.140974
19.706 -0.133309
19.707 -0.125685
19.708 -0.118107
19.709 -0.110578
19.71 -0.1031
19.711 -0.0956769
19.712 -0.088311
19.713 -0.0810039
19.714 -0.0737574
19.715 -0.0665734
19.716 -0.0594536
19.717 -0.0523998
19.718 -0.0454137
19.719 -0.038497
19.72 -0.0316513
19.721 -0.0248786
19.722 -0.0181813
19.723 -0.0115624
19.724 -0.00502467
19.725 0.00142914
19.726 0.00779627
19.727 0.014074
19.728 0.0202596
19.729 0.0263505
19.73 0.032344
19.731 0.0382369
19.732 0.0440246
19.733 0.049702
19.734 0.0552641
19.735 0.0607057
19.736 0.066022
19.737 0.0712079
19.738 0.0762588
19.739 0.0811696
19.74 0.0859358
19.741 0.0905522
19.742 0.0950131
19.743 0.0993127
19.744 0.103445
19.745 0.107404
19.746 0.111185
19.747 0.114782
19.748 0.118189
19.749 0.121401
19.75 0.124412
19.751 0.127218
19.752 0.129813
19.753 0.132192
19.754 0.13435
19.755 0.136282
19.756 0.137983
19.757 0.139449
19.758 0.140676
19.759 0.141658
19.76 0.142391
19.761 0.14287
19.762 0.143092
19.763 0.143049
19.764 0.142738
19.765 0.142152
19.766 0.141286
19.767 0.140136
19.768 0.138697
19.769 0.136964
19.77 0.134933
19.771 0.132599
19.772 0.129959
19.773 0.127011
19.774 0.123751
19.775 0.120178
19.776 0.116288
19.777 0.11208
19.778 0.10755
19.779 0.102698
19.78 0.0975218
19.781 0.0920185
19.782 0.0861872
19.783 0.0800262
19.784 0.0735343
19.785 0.0667103
19.786 0.0595531
19.787 0.0520618
19.788 0.0442357
19.789 0.0360739
19.79 0.0275761
19.791 0.018742
19.792 0.00957251
19.793 6.87665e-05
19.794 -0.00976784
19.795 -0.0199358
19.796 -0.0304334
19.797 -0.0412588
19.798 -0.0524102
19.799 -0.0638855
19.8 -0.0756824
19.801 -0.0877981
19.802 -0.100228
19.803 -0.112967
19.804 -0.12601
19.805 -0.139351
19.806 -0.152985
19.807 -0.166906
19.808 -0.181108
19.809 -0.195585
19.81 -0.210332
19.811 -0.225341
19.812 -0.240607
19.813 -0.256124
19.814 -0.271884
19.815 -0.287883
19.816 -0.304112
19.817 -0.320566
19.818 -0.337237
19.819 -0.35412
19.82 -0.371206
19.821 -0.388489
19.822 -0.405961
19.823 -0.423613
19.824 -0.441436
19.825 -0.459423
19.826 -0.477564
19.827 -0.495852
19.828 -0.514277
19.829 -0.53283
19.83 -0.551504
19.831 -0.570289
19.832 -0.589176
19.833 -0.608157
19.834 -0.627224
19.835 -0.646366
19.836 -0.665575
19.837 -0.684843
19.838 -0.70416
19.839 -0.723519
19.84 -0.742909
19.841 -0.762323
19.842 -0.781753
19.843 -0.801192
19.844 -0.820632
19.845 -0.840065
19.846 -0.859485
19.847 -0.878885
19.848 -0.898256
19.849 -0.917593
19.85 -0.936886
19.851 -0.956131
19.852 -0.975317
19.853 -0.994438
19.854 -1.01348
19.855 -1.03245
19.856 -1.05132
19.857 -1.07009
19.858 -1.08876
19.859 -1.10731
19.86 -1.12574
19.861 -1.14404
19.862 -1.1622
19.863 -1.18021
19.864 -1.19805
19.865 -1.21572
19.866 -1.23322
19.867 -1.25052
19.868 -1.26762
19.869 -1.2845
19.87 -1.30117
19.871 -1.31761
19.872 -1.3338
19.873 -1.34975
19.874 -1.36542
19.875 -1.38082
19.876 -1.39593
19.877 -1.41074
19.878 -1.42523
19.879 -1.43941
19.88 -1.45325
19.881 -1.46674
19.882 -1.47988
19.883 -1.49265
19.884 -1.50505
19.885 -1.51705
19.886 -1.52865
19.887 -1.53983
19.888 -1.55059
19.889 -1.56092
19.89 -1.5708
19.891 -1.58022
19.892 -1.58918
19.893 -1.59766
19.894 -1.60567
19.895 -1.61318
19.896 -1.6202
19.897 -1.62671
19.898 -1.63271
19.899 -1.63818
19.9 -1.64313
19.901 -1.64755
19.902 -1.65142
19.903 -1.65475
19.904 -1.65753
19.905 -1.65976
19.906 -1.66142
19.907 -1.66252
19.908 -1.66306
19.909 -1.66302
19.91 -1.66241
19.911 -1.66122
19.912 -1.65945
19.913 -1.6571
19.914 -1.65418
19.915 -1.65067
19.916 -1.64659
19.917 -1.64192
19.918 -1.63669
19.919 -1.63087
19.92 -1.62448
19.921 -1.61752
19.922 -1.60999
19.923 -1.60189
19.924 -1.59323
19.925 -1.58401
19.926 -1.57423
19.927 -1.5639
19.928 -1.55303
19.929 -1.54161
19.93 -1.52965
19.931 -1.51716
19.932 -1.50415
19.933 -1.49061
19.934 -1.47655
19.935 -1.46198
19.936 -1.44691
19.937 -1.43133
19.938 -1.41527
19.939 -1.39871
19.94 -1.38168
19.941 -1.36417
19.942 -1.34619
19.943 -1.32776
19.944 -1.30888
19.945 -1.28956
19.946 -1.26981
19.947 -1.24963
19.948 -1.22904
19.949 -1.20805
19.95 -1.18667
19.951 -1.1649
19.952 -1.14275
19.953 -1.12024
19.954 -1.09738
19.955 -1.07417
19.956 -1.05062
19.957 -1.02675
19.958 -1.00257
19.959 -0.978078
19.96 -0.953297
19.961 -0.928233
19.962 -0.902894
19.963 -0.87729
19.964 -0.851428
19.965 -0.825318
19.966 -0.798966
19.967 -0.772382
19.968 -0.745575
19.969 -0.718553
19.97 -0.691326
19.971 -0.663901
19.972 -0.636288
19.973 -0.608496
19.974 -0.580533
19.975 -0.55241
19.976 -0.524135
19.977 -0.495718
19.978 -0.467168
19.979 -0.438494
19.98 -0.409705
19.981 -0.380812
19.982 -0.351824
19.983 -0.322753
19.984 -0.293609
19.985 -0.264404
19.986 -0.235147
19.987 -0.20585
19.988 -0.176525
19.989 -0.147181
19.99 -0.11783
19.991 -0.0884836
19.992 -0.0591542
19.993 -0.0298555
19.994 -0.000601127
19.995 0.0285955
19.996 0.057721
19.997 0.0867617
19.998 0.115704
19.999 0.144536
20 0.173242
20.001 0.201811
20.002 0.230227
20.003 0.258476
20.004 0.286544
20.005 0.314416
20.006 0.342079
20.007 0.369519
20.008 0.396721
20.009 0.423673
20.01 0.450359
20.011 0.476767
20.012 0.502881
20.013 0.528688
20.014 0.554172
20.015 0.579319
20.016 0.604116
20.017 0.628548
20.018 0.652601
20.019 0.676262
20.02 0.699518
20.021 0.722355
20.022 0.744761
20.023 0.766726
20.024 0.788236
20.025 0.809282
20.026 0.829853
20.027 0.849937
20.028 0.869525
20.029 0.888606
20.03 0.90717
20.031 0.925207
20.032 0.942707
20.033 0.959659
20.034 0.976053
20.035 0.991878
20.036 1.00712
20.037 1.02178
20.038 1.03584
20.039 1.0493
20.04 1.06214
20.041 1.07436
20.042 1.08594
20.043 1.09688
20.044 1.10718
20.045 1.11682
20.046 1.1258
20.047 1.13411
20.048 1.14175
20.049 1.1487
20.05 1.15496
20.051 1.16053
20.052 1.16541
20.053 1.16958
20.054 1.17306
20.055 1.17583
20.056 1.1779
20.057 1.17926
20.058 1.17992
20.059 1.17987
20.06 1.17911
20.061 1.17765
20.062 1.17548
20.063 1.1726
20.064 1.16901
20.065 1.16472
20.066 1.15973
20.067 1.15403
20.068 1.14764
20.069 1.14054
20.07 1.13275
20.071 1.12427
20.072 1.11511
20.073 1.10527
20.074 1.09475
20.075 1.08358
20.076 1.07175
20.077 1.05928
20.078 1.04616
20.079 1.03242
20.08 1.01807
20.081 1.0031
20.082 0.987532
20.083 0.971375
20.084 0.954639
20.085 0.937333
20.086 0.919469
20.087 0.901056
20.088 0.882107
20.089 0.862632
20.09 0.842643
20.091 0.822151
20.092 0.801169
20.093 0.779712
20.094 0.757791
20.095 0.735422
20.096 0.712617
20.097 0.689391
20.098 0.665757
20.099 0.641731
20.1 0.617327
20.101 0.592558
20.102 0.567437
20.103 0.541977
20.104 0.516189
20.105 0.490086
20.106 0.463681
20.107 0.436987
20.108 0.410015
20.109 0.382779
20.11 0.355292
20.111 0.327566
20.112 0.299615
20.113 0.271453
20.114 0.243091
20.115 0.214544
20.116 0.185825
20.117 0.156948
20.118 0.127926
20.119 0.0987718
20.12 0.0695002
20.121 0.040124
20.122 0.0106559
20.123 -0.0188918
20.124 -0.0485067
20.125 -0.0781766
20.126 -0.107889
20.127 -0.137631
20.128 -0.167391
20.129 -0.197157
20.13 -0.226915
20.131 -0.256654
20.132 -0.286363
20.133 -0.31603
20.134 -0.345645
20.135 -0.375196
20.136 -0.404674
20.137 -0.434067
20.138 -0.463364
20.139 -0.492555
20.14 -0.521629
20.141 -0.550576
20.142 -0.579386
20.143 -0.60805
20.144 -0.636559
20.145 -0.664905
20.146 -0.693078
20.147 -0.721071
20.148 -0.748873
20.149 -0.776477
20.15 -0.803874
20.151 -0.831056
20.152 -0.858011
20.153 -0.88473
20.154 -0.911201
20.155 -0.937414
20.156 -0.963358
20.157 -0.989024
20.158 -1.0144
20.159 -1.03948
20.16 -1.06425
20.161 -1.0887
20.162 -1.11282
20.163 -1.1366
20.164 -1.16003
20.165 -1.1831
20.166 -1.2058
20.167 -1.22812
20.168 -1.25005
20.169 -1.27158
20.17 -1.29269
20.171 -1.31339
20.172 -1.33366
20.173 -1.35349
20.174 -1.37287
20.175 -1.39179
20.176 -1.41024
20.177 -1.42821
20.178 -1.4457
20.179 -1.46269
20.18 -1.47917
20.181 -1.49514
20.182 -1.51059
20.183 -1.52552
20.184 -1.5399
20.185 -1.55374
20.186 -1.56703
20.187 -1.57976
20.188 -1.59192
20.189 -1.60352
20.19 -1.61453
20.191 -1.62497
20.192 -1.63481
20.193 -1.64407
20.194 -1.65273
20.195 -1.6608
20.196 -1.66828
20.197 -1.67515
20.198 -1.68143
20.199 -1.68711
20.2 -1.69218
20.201 -1.69665
20.202 -1.70053
20.203 -1.7038
20.204 -1.70647
20.205 -1.70854
20.206 -1.71002
20.207 -1.7109
20.208 -1.7112
20.209 -1.7109
20.21 -1.71002
20.211 -1.70856
20.212 -1.70651
20.213 -1.7039
20.214 -1.70071
20.215 -1.69696
20.216 -1.69266
20.217 -1.6878
20.218 -1.6824
20.219 -1.67645
20.22 -1.66997
20.221 -1.66297
20.222 -1.65544
20.223 -1.64741
20.224 -1.63887
20.225 -1.62984
20.226 -1.62032
20.227 -1.61033
20.228 -1.59987
20.229 -1.58896
20.23 -1.57759
20.231 -1.56579
20.232 -1.55356
20.233 -1.54091
20.234 -1.52786
20.235 -1.51441
20.236 -1.50056
20.237 -1.48635
20.238 -1.47176
20.239 -1.45683
20.24 -1.44154
20.241 -1.42593
20.242 -1.40999
20.243 -1.39374
20.244 -1.37718
20.245 -1.36033
20.246 -1.3432
20.247 -1.3258
20.248 -1.30813
20.249 -1.29022
20.25 -1.27206
20.251 -1.25368
20.252 -1.23507
20.253 -1.21625
20.254 -1.19723
20.255 -1.17802
20.256 -1.15862
20.257 -1.13906
20.258 -1.11933
20.259 -1.09945
20.26 -1.07943
20.261 -1.05927
20.262 -1.03899
20.263 -1.01859
20.264 -0.99809
20.265 -0.97749
20.266 -0.9568
20.267 -0.936029
20.268 -0.915187
20.269 -0.894282
20.27 -0.873324
20.271 -0.852321
20.272 -0.831284
20.273 -0.810226
20.274 -0.789157
20.275 -0.76809
20.276 -0.747035
20.277 -0.726005
20.278 -0.70501
20.279 -0.684063
20.28 -0.663174
20.281 -0.642356
20.282 -0.621619
20.283 -0.600975
20.284 -0.580435
20.285 -0.56001
20.286 -0.539712
20.287 -0.519552
20.288 -0.499541
20.289 -0.479689
20.29 -0.460008
20.291 -0.440508
20.292 -0.421202
20.293 -0.402101
20.294 -0.383218
20.295 -0.364565
20.296 -0.346152
20.297 -0.327992
20.298 -0.310095
20.299 -0.292475
20.3 -0.27514
20.301 -0.258104
20.302 -0.241378
20.303 -0.224974
20.304 -0.208905
20.305 -0.193181
20.306 -0.177816
20.307 -0.16282
20.308 -0.148206
20.309 -0.133983
20.31 -0.120164
20.311 -0.106759
20.312 -0.0937779
20.313 -0.0812294
20.314 -0.0691228
20.315 -0.0574668
20.316 -0.0462701
20.317 -0.0355412
20.318 -0.0252883
20.319 -0.0155195
20.32 -0.00624262
20.321 0.0025348
20.322 0.0108053
20.323 0.0185619
20.324 0.0257974
20.325 0.0325053
20.326 0.0386791
20.327 0.0443124
20.328 0.0493992
20.329 0.0539336
20.33 0.05791
20.331 0.0613239
20.332 0.0641719
20.333 0.0664521
20.334 0.0681624
20.335 0.0693013
20.336 0.0698672
20.337 0.069859
20.338 0.0692757
20.339 0.0681167
20.34 0.0663813
20.341 0.0640693
20.342 0.0611807
20.343 0.0577157
20.344 0.0536748
20.345 0.0490587
20.346 0.0438684
20.347 0.038105
20.348 0.0317701
20.349 0.0248652
20.35 0.0173925
20.351 0.00935424
20.352 0.000753932
20.353 -0.0084045
20.354 -0.0181169
20.355 -0.0283788
20.356 -0.0391857
20.357 -0.0505326
20.358 -0.0624145
20.359 -0.0748259
20.36 -0.0877615
20.361 -0.101216
20.362 -0.115183
20.363 -0.12966
20.364 -0.14464
20.365 -0.16012
20.366 -0.176092
20.367 -0.192552
20.368 -0.209493
20.369 -0.22691
20.37 -0.244797
20.371 -0.263147
20.372 -0.281953
20.373 -0.301208
20.374 -0.320907
20.375 -0.34104
20.376 -0.361602
20.377 -0.382584
20.378 -0.403979
20.379 -0.42578
20.38 -0.447977
20.381 -0.470563
20.382 -0.49353
20.383 -0.516869
20.384 -0.540571
20.385 -0.564629
20.386 -0.589031
20.387 -0.613771
20.388 -0.638838
20.389 -0.664224
20.39 -0.689918
20.391 -0.715911
20.392 -0.742192
20.393 -0.768751
20.394 -0.795576
20.395 -0.822655
20.396 -0.849978
20.397 -0.877532
20.398 -0.905307
20.399 -0.93329
20.4 -0.961469
20.401 -0.989834
20.402 -1.01837
20.403 -1.04707
20.404 -1.07591
20.405 -1.10488
20.406 -1.13397
20.407 -1.16316
20.408 -1.19245
20.409 -1.22182
20.41 -1.25125
20.411 -1.28073
20.412 -1.31025
20.413 -1.3398
20.414 -1.36935
20.415 -1.39889
20.416 -1.42841
20.417 -1.45789
20.418 -1.48733
20.419 -1.5167
20.42 -1.54598
20.421 -1.57518
20.422 -1.60426
20.423 -1.63321
20.424 -1.66202
20.425 -1.69067
20.426 -1.71914
20.427 -1.74742
20.428 -1.77548
20.429 -1.80332
20.43 -1.83092
20.431 -1.85825
20.432 -1.88531
20.433 -1.91208
20.434 -1.93854
20.435 -1.96467
20.436 -1.99046
20.437 -2.01589
20.438 -2.04094
20.439 -2.06561
20.44 -2.08987
20.441 -2.1137
20.442 -2.1371
20.443 -2.16006
20.444 -2.18255
20.445 -2.20456
20.446 -2.22609
20.447 -2.24711
20.448 -2.26762
20.449 -2.28761
20.45 -2.30706
20.451 -2.32596
20.452 -2.34429
20.453 -2.36206
20.454 -2.37923
20.455 -2.39581
20.456 -2.41178
20.457 -2.42712
20.458 -2.44183
20.459 -2.4559
20.46 -2.46932
20.461 -2.48207
20.462 -2.49414
20.463 -2.50554
20.464 -2.51625
20.465 -2.52626
20.466 -2.53556
20.467 -2.54416
20.468 -2.55203
20.469 -2.55918
20.47 -2.5656
20.471 -2.57128
20.472 -2.57622
20.473 -2.58041
20.474 -2.58385
20.475 -2.58652
20.476 -2.58844
20.477 -2.58959
20.478 -2.58996
20.479 -2.58957
20.48 -2.58839
20.481 -2.58644
20.482 -2.5837
20.483 -2.58018
20.484 -2.57586
20.485 -2.57076
20.486 -2.56487
20.487 -2.55819
20.488 -2.55071
20.489 -2.54244
20.49 -2.53338
20.491 -2.52352
20.492 -2.51288
20.493 -2.50144
20.494 -2.48921
20.495 -2.4762
20.496 -2.46241
20.497 -2.44784
20.498 -2.4325
20.499 -2.41638
20.5 -2.3995
20.501 -2.38186
20.502 -2.36345
20.503 -2.34429
20.504 -2.32438
20.505 -2.30371
20.506 -2.28231
20.507 -2.26017
20.508 -2.23729
20.509 -2.21368
20.51 -2.18935
20.511 -2.1643
20.512 -2.13854
20.513 -2.11208
20.514 -2.08492
20.515 -2.05706
20.516 -2.02852
20.517 -1.99931
20.518 -1.96942
20.519 -1.93887
20.52 -1.90767
20.521 -1.87582
20.522 -1.84334
20.523 -1.81023
20.524 -1.77651
20.525 -1.7422
20.526 -1.70729
20.527 -1.67182
20.528 -1.63578
20.529 -1.59919
20.53 -1.56206
20.531 -1.52441
20.532 -1.48625
20.533 -1.4476
20.534 -1.40846
20.535 -1.36886
20.536 -1.3288
20.537 -1.28831
20.538 -1.24738
20.539 -1.20605
20.54 -1.16432
20.541 -1.12221
20.542 -1.07974
20.543 -1.03691
20.544 -0.993754
20.545 -0.950276
20.546 -0.906493
20.547 -0.862423
20.548 -0.81808
20.549 -0.773482
20.55 -0.728643
20.551 -0.68358
20.552 -0.638311
20.553 -0.592852
20.554 -0.547222
20.555 -0.501439
20.556 -0.455519
20.557 -0.409481
20.558 -0.363342
20.559 -0.317119
20.56 -0.270832
20.561 -0.224496
20.562 -0.178128
20.563 -0.131742
20.564 -0.0853535
20.565 -0.038977
20.566 0.00737251
20.567 0.0536804
20.568 0.099932
20.569 0.146113
20.57 0.192208
20.571 0.238203
20.572 0.284084
20.573 0.329833
20.574 0.375436
20.575 0.420877
20.576 0.466142
20.577 0.511215
20.578 0.556082
20.579 0.600727
20.58 0.645138
20.581 0.689299
20.582 0.733199
20.583 0.776827
20.584 0.820172
20.585 0.863223
20.586 0.90597
20.587 0.948402
20.588 0.990508
20.589 1.03228
20.59 1.07371
20.591 1.11478
20.592 1.15549
20.593 1.19582
20.594 1.23577
20.595 1.27533
20.596 1.31448
20.597 1.35322
20.598 1.39154
20.599 1.42942
20.6 1.46687
20.601 1.50386
20.602 1.54041
20.603 1.57649
20.604 1.61209
20.605 1.64722
20.606 1.68187
20.607 1.71602
20.608 1.74968
20.609 1.78283
20.61 1.81548
20.611 1.84761
20.612 1.87921
20.613 1.91029
20.614 1.94084
20.615 1.97084
20.616 2.00031
20.617 2.02922
20.618 2.05757
20.619 2.08536
20.62 2.11259
20.621 2.13925
20.622 2.16534
20.623 2.19085
20.624 2.21577
20.625 2.24011
20.626 2.26385
20.627 2.287
20.628 2.30954
20.629 2.33149
20.63 2.35282
20.631 2.37355
20.632 2.39366
20.633 2.41315
20.634 2.43202
20.635 2.45027
20.636 2.46788
20.637 2.48487
20.638 2.50122
20.639 2.51694
20.64 2.53202
20.641 2.54646
20.642 2.56026
20.643 2.57341
20.644 2.58592
20.645 2.59779
20.646 2.60901
20.647 2.61958
20.648 2.6295
20.649 2.63878
20.65 2.64741
20.651 2.6554
20.652 2.66273
20.653 2.66943
20.654 2.67549
20.655 2.68091
20.656 2.68569
20.657 2.68985
20.658 2.69337
20.659 2.69627
20.66 2.69855
20.661 2.7002
20.662 2.70125
20.663 2.70168
20.664 2.7015
20.665 2.70071
20.666 2.69932
20.667 2.69733
20.668 2.69475
20.669 2.69157
20.67 2.68781
20.671 2.68346
20.672 2.67854
20.673 2.67305
20.674 2.66699
20.675 2.66037
20.676 2.6532
20.677 2.64549
20.678 2.63724
20.679 2.62845
20.68 2.61915
20.681 2.60933
20.682 2.59899
20.683 2.58816
20.684 2.57684
20.685 2.56503
20.686 2.55274
20.687 2.53999
20.688 2.52678
20.689 2.51311
20.69 2.499
20.691 2.48446
20.692 2.46949
20.693 2.45411
20.694 2.43831
20.695 2.42212
20.696 2.40553
20.697 2.38855
20.698 2.3712
20.699 2.35347
20.7 2.33539
20.701 2.31696
20.702 2.29818
20.703 2.27907
20.704 2.25965
20.705 2.23991
20.706 2.21987
20.707 2.19955
20.708 2.17894
20.709 2.15807
20.71 2.13694
20.711 2.11557
20.712 2.09395
20.713 2.07211
20.714 2.05005
20.715 2.02777
20.716 2.00529
20.717 1.98262
20.718 1.95976
20.719 1.93672
20.72 1.91351
20.721 1.89014
20.722 1.86662
20.723 1.84295
20.724 1.81915
20.725 1.79521
20.726 1.77115
20.727 1.74698
20.728 1.7227
20.729 1.69831
20.73 1.67384
20.731 1.64928
20.732 1.62465
20.733 1.59994
20.734 1.57519
20.735 1.55038
20.736 1.52554
20.737 1.50066
20.738 1.47576
20.739 1.45086
20.74 1.42595
20.741 1.40104
20.742 1.37615
20.743 1.35129
20.744 1.32646
20.745 1.30167
20.746 1.27693
20.747 1.25226
20.748 1.22765
20.749 1.20312
20.75 1.17868
20.751 1.15434
20.752 1.1301
20.753 1.10597
20.754 1.08198
20.755 1.05811
20.756 1.0344
20.757 1.01084
20.758 0.987444
20.759 0.964223
20.76 0.941187
20.761 0.918345
20.762 0.895704
20.763 0.873272
20.764 0.851059
20.765 0.82907
20.766 0.807315
20.767 0.7858
20.768 0.764532
20.769 0.74352
20.77 0.722771
20.771 0.702291
20.772 0.682088
20.773 0.662172
20.774 0.64255
20.775 0.623229
20.776 0.604218
20.777 0.585525
20.778 0.567157
20.779 0.549121
20.78 0.531424
20.781 0.514073
20.782 0.497074
20.783 0.480429
20.784 0.464143
20.785 0.448219
20.786 0.432662
20.787 0.417474
20.788 0.402659
20.789 0.388221
20.79 0.374161
20.791 0.360484
20.792 0.347192
20.793 0.334291
20.794 0.321782
20.795 0.309671
20.796 0.297959
20.797 0.286651
20.798 0.275749
20.799 0.265256
20.8 0.255174
20.801 0.245507
20.802 0.236256
20.803 0.227424
20.804 0.219012
20.805 0.211022
20.806 0.203456
20.807 0.196315
20.808 0.189601
20.809 0.183313
20.81 0.177454
20.811 0.172024
20.812 0.167024
20.813 0.162457
20.814 0.158324
20.815 0.154625
20.816 0.151363
20.817 0.148538
20.818 0.14615
20.819 0.144202
20.82 0.142691
20.821 0.141621
20.822 0.140992
20.823 0.140807
20.824 0.141069
20.825 0.141779
20.826 0.14294
20.827 0.144554
20.828 0.146622
20.829 0.149146
20.83 0.152126
20.831 0.155564
20.832 0.15946
20.833 0.163811
20.834 0.168619
20.835 0.173881
20.836 0.179596
20.837 0.185763
20.838 0.19238
20.839 0.199446
20.84 0.206958
20.841 0.214915
20.842 0.223314
20.843 0.232151
20.844 0.241426
20.845 0.251134
20.846 0.261273
20.847 0.271839
20.848 0.282828
20.849 0.294239
20.85 0.306065
20.851 0.318304
20.852 0.330949
20.853 0.343992
20.854 0.357428
20.855 0.371247
20.856 0.385444
20.857 0.40001
20.858 0.414938
20.859 0.430219
20.86 0.445847
20.861 0.461812
20.862 0.478106
20.863 0.494721
20.864 0.511649
20.865 0.52888
20.866 0.546406
20.867 0.564219
20.868 0.582308
20.869 0.600666
20.87 0.619282
20.871 0.638146
20.872 0.657248
20.873 0.676575
20.874 0.696115
20.875 0.715855
20.876 0.735783
20.877 0.755887
20.878 0.776153
20.879 0.79657
20.88 0.817124
20.881 0.837803
20.882 0.858595
20.883 0.879489
20.884 0.900474
20.885 0.921537
20.886 0.942667
20.887 0.963853
20.888 0.985083
20.889 1.00635
20.89 1.02763
20.891 1.04892
20.892 1.07022
20.893 1.0915
20.894 1.11277
20.895 1.13401
20.896 1.15522
20.897 1.17638
20.898 1.19749
20.899 1.21853
20.9 1.23951
20.901 1.26041
20.902 1.28122
20.903 1.30193
20.904 1.32254
20.905 1.34304
20.906 1.36341
20.907 1.38366
20.908 1.40376
20.909 1.42372
20.91 1.44353
20.911 1.46317
20.912 1.48264
20.913 1.50194
20.914 1.52106
20.915 1.54
20.916 1.55875
20.917 1.5773
20.918 1.59566
20.919 1.61381
20.92 1.63176
20.921 1.64949
20.922 1.667
20.923 1.68429
20.924 1.70135
20.925 1.71818
20.926 1.73476
20.927 1.7511
20.928 1.76719
20.929 1.78302
20.93 1.7986
20.931 1.8139
20.932 1.82894
20.933 1.8437
20.934 1.85819
20.935 1.87239
20.936 1.8863
20.937 1.89993
20.938 1.91325
20.939 1.92628
20.94 1.93901
20.941 1.95143
20.942 1.96353
20.943 1.97532
20.944 1.98679
20.945 1.99793
20.946 2.00873
20.947 2.01919
20.948 2.02931
20.949 2.03907
20.95 2.04848
20.951 2.05754
20.952 2.06622
20.953 2.07454
20.954 2.08249
20.955 2.09006
20.956 2.09725
20.957 2.10405
20.958 2.11047
20.959 2.11649
20.96 2.12213
20.961 2.12736
20.962 2.13219
20.963 2.13662
20.964 2.14063
20.965 2.14424
20.966 2.14742
20.967 2.15019
20.968 2.15253
20.969 2.15445
20.97 2.15594
20.971 2.15699
20.972 2.15762
20.973 2.1578
20.974 2.15756
20.975 2.15688
20.976 2.15576
20.977 2.15421
20.978 2.15223
20.979 2.1498
20.98 2.14694
20.981 2.14365
20.982 2.13993
20.983 2.13577
20.984 2.13119
20.985 2.12618
20.986 2.12075
20.987 2.1149
20.988 2.10863
20.989 2.10195
20.99 2.09486
20.991 2.08736
20.992 2.07946
20.993 2.07116
20.994 2.06247
20.995 2.0534
20.996 2.04395
20.997 2.03412
20.998 2.02393
20.999 2.01337
21 2.00246
21.001 1.9912
21.002 1.9796
21.003 1.96767
21.004 1.95541
21.005 1.94283
21.006 1.92995
21.007 1.91676
21.008 1.90329
21.009 1.88953
21.01 1.8755
21.011 1.8612
21.012 1.84664
21.013 1.83184
21.014 1.81681
21.015 1.80154
21.016 1.78605
21.017 1.77036
21.018 1.75446
21.019 1.73838
21.02 1.72211
21.021 1.70567
21.022 1.68907
21.023 1.67232
21.024 1.65542
21.025 1.63838
21.026 1.62121
21.027 1.60393
21.028 1.58653
21.029 1.56903
21.03 1.55144
21.031 1.53376
21.032 1.51601
21.033 1.49818
21.034 1.4803
21.035 1.46236
21.036 1.44437
21.037 1.42634
21.038 1.40828
21.039 1.39019
21.04 1.37209
21.041 1.35398
21.042 1.33587
21.043 1.31776
21.044 1.29966
21.045 1.28157
21.046 1.26351
21.047 1.24547
21.048 1.22747
21.049 1.20951
21.05 1.19159
21.051 1.17373
21.052 1.15593
21.053 1.1382
21.054 1.12054
21.055 1.10296
21.056 1.08547
21.057 1.06808
21.058 1.05079
21.059 1.03361
21.06 1.01656
21.061 0.999622
21.062 0.98282
21.063 0.966157
21.064 0.94964
21.065 0.933276
21.066 0.917071
21.067 0.901032
21.068 0.885165
21.069 0.869477
21.07 0.853975
21.071 0.838664
21.072 0.82355
21.073 0.808638
21.074 0.793931
21.075 0.779436
21.076 0.765156
21.077 0.751096
21.078 0.737259
21.079 0.723652
21.08 0.710276
21.081 0.697138
21.082 0.684244
21.083 0.671599
21.084 0.65921
21.085 0.647084
21.086 0.635227
21.087 0.623644
21.088 0.612343
21.089 0.601328
21.09 0.590605
21.091 0.58018
21.092 0.570057
21.093 0.560239
21.094 0.550732
21.095 0.541538
21.096 0.532662
21.097 0.524106
21.098 0.515874
21.099 0.507969
21.1 0.500394
21.101 0.493152
21.102 0.486248
21.103 0.479684
21.104 0.473465
21.105 0.467595
21.106 0.462076
21.107 0.456913
21.108 0.452108
21.109 0.447664
21.11 0.443585
21.111 0.439874
21.112 0.436532
21.113 0.433562
21.114 0.430967
21.115 0.428748
21.116 0.426907
21.117 0.425447
21.118 0.424369
21.119 0.423674
21.12 0.423364
21.121 0.42344
21.122 0.423901
21.123 0.424747
21.124 0.425978
21.125 0.427592
21.126 0.429588
21.127 0.431966
21.128 0.434724
21.129 0.437861
21.13 0.441374
21.131 0.445262
21.132 0.449524
21.133 0.454157
21.134 0.459159
21.135 0.464527
21.136 0.470259
21.137 0.476353
21.138 0.482805
21.139 0.489612
21.14 0.496772
21.141 0.50428
21.142 0.512132
21.143 0.520324
21.144 0.528849
21.145 0.537704
21.146 0.546883
21.147 0.55638
21.148 0.56619
21.149 0.576307
21.15 0.586725
21.151 0.597438
21.152 0.60844
21.153 0.619726
21.154 0.631288
21.155 0.64312
21.156 0.655217
21.157 0.66757
21.158 0.680174
21.159 0.693022
21.16 0.706107
21.161 0.719421
21.162 0.732959
21.163 0.746711
21.164 0.760672
21.165 0.774834
21.166 0.78919
21.167 0.803731
21.168 0.818451
21.169 0.833342
21.17 0.848396
21.171 0.863605
21.172 0.87896
21.173 0.894452
21.174 0.910072
21.175 0.92581
21.176 0.941658
21.177 0.957604
21.178 0.973641
21.179 0.989759
21.18 1.00595
21.181 1.0222
21.182 1.0385
21.183 1.05485
21.184 1.07122
21.185 1.08763
21.186 1.10404
21.187 1.12046
21.188 1.13687
21.189 1.15327
21.19 1.16965
21.191 1.18599
21.192 1.20229
21.193 1.21853
21.194 1.23471
21.195 1.25082
21.196 1.26685
21.197 1.28279
21.198 1.29863
21.199 1.31436
21.2 1.32997
21.201 1.34545
21.202 1.3608
21.203 1.376
21.204 1.39104
21.205 1.40593
21.206 1.42064
21.207 1.43517
21.208 1.44951
21.209 1.46365
21.21 1.47758
21.211 1.4913
21.212 1.5048
21.213 1.51806
21.214 1.53107
21.215 1.54384
21.216 1.55634
21.217 1.56857
21.218 1.58052
21.219 1.59218
21.22 1.60355
21.221 1.6146
21.222 1.62535
21.223 1.63576
21.224 1.64584
21.225 1.65558
21.226 1.66496
21.227 1.67398
21.228 1.68262
21.229 1.69089
21.23 1.69877
21.231 1.70625
21.232 1.71333
21.233 1.71999
21.234 1.72623
21.235 1.73204
21.236 1.73741
21.237 1.74234
21.238 1.74682
21.239 1.75084
21.24 1.7544
21.241 1.75749
21.242 1.76009
21.243 1.76222
21.244 1.76385
21.245 1.76499
21.246 1.76563
21.247 1.76576
21.248 1.76539
21.249 1.76449
21.25 1.76308
21.251 1.76114
21.252 1.75867
21.253 1.75567
21.254 1.75213
21.255 1.74805
21.256 1.74343
21.257 1.73826
21.258 1.73254
21.259 1.72627
21.26 1.71944
21.261 1.71206
21.262 1.70412
21.263 1.69563
21.264 1.68657
21.265 1.67696
21.266 1.66679
21.267 1.65607
21.268 1.64478
21.269 1.63295
21.27 1.62056
21.271 1.60762
21.272 1.59413
21.273 1.5801
21.274 1.56554
21.275 1.55044
21.276 1.53481
21.277 1.51866
21.278 1.50199
21.279 1.48482
21.28 1.46714
21.281 1.44896
21.282 1.4303
21.283 1.41115
21.284 1.39153
21.285 1.37144
21.286 1.3509
21.287 1.32991
21.288 1.30849
21.289 1.28663
21.29 1.26436
21.291 1.24168
21.292 1.21859
21.293 1.19512
21.294 1.17127
21.295 1.14704
21.296 1.12246
21.297 1.09753
21.298 1.07226
21.299 1.04666
21.3 1.02075
21.301 0.99453
21.302 0.968014
21.303 0.941213
21.304 0.914136
21.305 0.886793
21.306 0.859194
21.307 0.83135
21.308 0.803272
21.309 0.774969
21.31 0.746452
21.311 0.717732
21.312 0.688817
21.313 0.659719
21.314 0.630445
21.315 0.601007
21.316 0.571412
21.317 0.541671
21.318 0.511795
21.319 0.481791
21.32 0.451671
21.321 0.421443
21.322 0.391118
21.323 0.360706
21.324 0.330216
21.325 0.299658
21.326 0.269043
21.327 0.238379
21.328 0.207677
21.329 0.176947
21.33 0.146198
21.331 0.115441
21.332 0.0846865
21.333 0.0539453
21.334 0.0232286
21.335 -0.00745262
21.336 -0.0380874
21.337 -0.0686649
21.338 -0.0991743
21.339 -0.129605
21.34 -0.159946
21.341 -0.190186
21.342 -0.220316
21.343 -0.250325
21.344 -0.280202
21.345 -0.309938
21.346 -0.339521
21.347 -0.368943
21.348 -0.398193
21.349 -0.427262
21.35 -0.45614
21.351 -0.484816
21.352 -0.513279
21.353 -0.541517
21.354 -0.569519
21.355 -0.597272
21.356 -0.624766
21.357 -0.651988
21.358 -0.678928
21.359 -0.705574
21.36 -0.731916
21.361 -0.757943
21.362 -0.783645
21.363 -0.809011
21.364 -0.83403
21.365 -0.858694
21.366 -0.882992
21.367 -0.906915
21.368 -0.930453
21.369 -0.953597
21.37 -0.976339
21.371 -0.998669
21.372 -1.02058
21.373 -1.04205
21.374 -1.06309
21.375 -1.08368
21.376 -1.10381
21.377 -1.12347
21.378 -1.14265
21.379 -1.16135
21.38 -1.17956
21.381 -1.19726
21.382 -1.21446
21.383 -1.23115
21.384 -1.24732
21.385 -1.26296
21.386 -1.27808
21.387 -1.29266
21.388 -1.30669
21.389 -1.32019
21.39 -1.33313
21.391 -1.34553
21.392 -1.35736
21.393 -1.36864
21.394 -1.37936
21.395 -1.38951
21.396 -1.3991
21.397 -1.40813
21.398 -1.41658
21.399 -1.42447
21.4 -1.43179
21.401 -1.43855
21.402 -1.44473
21.403 -1.45034
21.404 -1.45538
21.405 -1.45985
21.406 -1.46376
21.407 -1.46709
21.408 -1.46986
21.409 -1.47206
21.41 -1.4737
21.411 -1.47477
21.412 -1.47528
21.413 -1.47524
21.414 -1.47464
21.415 -1.47349
21.416 -1.4718
21.417 -1.46956
21.418 -1.46679
21.419 -1.46348
21.42 -1.45964
21.421 -1.45529
21.422 -1.45041
21.423 -1.44501
21.424 -1.43911
21.425 -1.43269
21.426 -1.42578
21.427 -1.41836
21.428 -1.41046
21.429 -1.40206
21.43 -1.39318
21.431 -1.38382
21.432 -1.37398
21.433 -1.36368
21.434 -1.35291
21.435 -1.34168
21.436 -1.33
21.437 -1.31786
21.438 -1.30528
21.439 -1.29225
21.44 -1.27879
21.441 -1.2649
21.442 -1.25058
21.443 -1.23584
21.444 -1.22067
21.445 -1.20509
21.446 -1.18909
21.447 -1.17269
21.448 -1.15587
21.449 -1.13866
21.45 -1.12104
21.451 -1.10303
21.452 -1.08463
21.453 -1.06584
21.454 -1.04668
21.455 -1.02713
21.456 -1.00722
21.457 -0.986934
21.458 -0.96629
21.459 -0.94529
21.46 -0.923938
21.461 -0.90224
21.462 -0.880203
21.463 -0.857831
21.464 -0.835131
21.465 -0.812108
21.466 -0.788769
21.467 -0.765119
21.468 -0.741165
21.469 -0.716914
21.47 -0.692371
21.471 -0.667544
21.472 -0.64244
21.473 -0.617067
21.474 -0.591435
21.475 -0.56555
21.476 -0.539422
21.477 -0.513058
21.478 -0.486468
21.479 -0.45966
21.48 -0.432643
21.481 -0.405425
21.482 -0.37802
21.483 -0.350436
21.484 -0.322688
21.485 -0.294785
21.486 -0.266741
21.487 -0.238566
21.488 -0.210273
21.489 -0.181873
21.49 -0.15338
21.491 -0.124803
21.492 -0.0961583
21.493 -0.0674573
21.494 -0.038714
21.495 -0.00994165
21.496 0.0188462
21.497 0.0476363
21.498 0.0764153
21.499 0.10517
21.5 0.133886
21.501 0.162552
21.502 0.191151
21.503 0.21967
21.504 0.248095
21.505 0.27641
21.506 0.304601
21.507 0.332654
21.508 0.360555
21.509 0.388289
21.51 0.415843
21.511 0.443201
21.512 0.470353
21.513 0.497285
21.514 0.523984
21.515 0.550439
21.516 0.576637
21.517 0.602567
21.518 0.628216
21.519 0.653572
21.52 0.678624
21.521 0.703362
21.522 0.727775
21.523 0.751855
21.524 0.775595
21.525 0.798985
21.526 0.822018
21.527 0.844686
21.528 0.866981
21.529 0.888896
21.53 0.910423
21.531 0.931555
21.532 0.952287
21.533 0.972613
21.534 0.992528
21.535 1.01203
21.536 1.0311
21.537 1.04976
21.538 1.06798
21.539 1.08576
21.54 1.10311
21.541 1.12002
21.542 1.13647
21.543 1.15248
21.544 1.16804
21.545 1.18313
21.546 1.19777
21.547 1.21195
21.548 1.22566
21.549 1.23891
21.55 1.25168
21.551 1.26399
21.552 1.27582
21.553 1.28718
21.554 1.29805
21.555 1.30844
21.556 1.31835
21.557 1.32778
21.558 1.33671
21.559 1.34516
21.56 1.35311
21.561 1.36058
21.562 1.36755
21.563 1.37402
21.564 1.37999
21.565 1.38547
21.566 1.39044
21.567 1.39491
21.568 1.39888
21.569 1.40234
21.57 1.4053
21.571 1.40776
21.572 1.4097
21.573 1.41113
21.574 1.41205
21.575 1.41246
21.576 1.41234
21.577 1.41171
21.578 1.41056
21.579 1.40888
21.58 1.40668
21.581 1.40395
21.582 1.40071
21.583 1.39694
21.584 1.39265
21.585 1.38785
21.586 1.38254
21.587 1.37671
21.588 1.37038
21.589 1.36354
21.59 1.35621
21.591 1.34838
21.592 1.34006
21.593 1.33125
21.594 1.32196
21.595 1.3122
21.596 1.30198
21.597 1.29129
21.598 1.28015
21.599 1.26856
21.6 1.25652
21.601 1.24406
21.602 1.23117
21.603 1.21787
21.604 1.20417
21.605 1.19008
21.606 1.17562
21.607 1.16079
21.608 1.1456
21.609 1.13008
21.61 1.11423
21.611 1.09806
21.612 1.08159
21.613 1.06482
21.614 1.04778
21.615 1.03046
21.616 1.01288
21.617 0.995059
21.618 0.977
21.619 0.958719
21.62 0.940226
21.621 0.921533
21.622 0.902654
21.623 0.8836
21.624 0.864383
21.625 0.845015
21.626 0.82551
21.627 0.805878
21.628 0.786133
21.629 0.766288
21.63 0.746353
21.631 0.726342
21.632 0.706263
21.633 0.686125
21.634 0.665937
21.635 0.645706
21.636 0.625442
21.637 0.605153
21.638 0.584847
21.639 0.564534
21.64 0.54422
21.641 0.523916
21.642 0.503629
21.643 0.483368
21.644 0.463141
21.645 0.442957
21.646 0.422825
21.647 0.402751
21.648 0.382746
21.649 0.362817
21.65 0.342972
21.651 0.32322
21.652 0.303567
21.653 0.284021
21.654 0.264588
21.655 0.245274
21.656 0.226086
21.657 0.207032
21.658 0.188117
21.659 0.169347
21.66 0.15073
21.661 0.132272
21.662 0.113978
21.663 0.095855
21.664 0.077909
21.665 0.060146
21.666 0.0425718
21.667 0.0251924
21.668 0.00801339
21.669 -0.00895949
21.67 -0.0257207
21.671 -0.042264
21.672 -0.0585821
21.673 -0.0746669
21.674 -0.0905105
21.675 -0.106105
21.676 -0.121444
21.677 -0.136518
21.678 -0.15132
21.679 -0.165844
21.68 -0.180082
21.681 -0.194027
21.682 -0.207672
21.683 -0.22101
21.684 -0.234035
21.685 -0.246739
21.686 -0.259118
21.687 -0.271163
21.688 -0.28287
21.689 -0.294233
21.69 -0.305245
21.691 -0.315901
21.692 -0.326195
21.693 -0.336123
21.694 -0.345678
21.695 -0.354857
21.696 -0.363653
21.697 -0.372063
21.698 -0.380082
21.699 -0.387706
21.7 -0.394929
21.701 -0.40175
21.702 -0.408164
21.703 -0.41417
21.704 -0.419765
21.705 -0.424948
21.706 -0.429716
21.707 -0.434069
21.708 -0.438004
21.709 -0.441521
21.71 -0.444617
21.711 -0.447293
21.712 -0.449548
21.713 -0.451381
21.714 -0.452791
21.715 -0.453779
21.716 -0.454344
21.717 -0.454487
21.718 -0.454208
21.719 -0.453507
21.72 -0.452385
21.721 -0.450843
21.722 -0.448882
21.723 -0.446503
21.724 -0.443707
21.725 -0.440497
21.726 -0.436873
21.727 -0.432837
21.728 -0.428392
21.729 -0.42354
21.73 -0.418284
21.731 -0.412624
21.732 -0.406564
21.733 -0.400105
21.734 -0.393247
21.735 -0.385994
21.736 -0.378347
21.737 -0.370309
21.738 -0.361881
21.739 -0.353067
21.74 -0.343868
21.741 -0.334288
21.742 -0.32433
21.743 -0.313996
21.744 -0.30329
21.745 -0.292216
21.746 -0.280777
21.747 -0.268976
21.748 -0.256818
21.749 -0.244307
21.75 -0.231446
21.751 -0.21824
21.752 -0.204694
21.753 -0.190812
21.754 -0.176598
21.755 -0.162058
21.756 -0.147197
21.757 -0.132019
21.758 -0.11653
21.759 -0.100735
21.76 -0.0846394
21.761 -0.0682492
21.762 -0.0515699
21.763 -0.0346073
21.764 -0.0173674
21.765 0.000143703
21.766 0.01792
21.767 0.0359551
21.768 0.0542428
21.769 0.0727765
21.77 0.0915497
21.771 0.110555
21.772 0.129784
21.773 0.149227
21.774 0.168874
21.775 0.188715
21.776 0.208741
21.777 0.228942
21.778 0.249308
21.779 0.26983
21.78 0.290496
21.781 0.311297
21.782 0.332222
21.783 0.353263
21.784 0.374408
21.785 0.395647
21.786 0.416969
21.787 0.438366
21.788 0.459825
21.789 0.481338
21.79 0.502892
21.791 0.524479
21.792 0.546088
21.793 0.567708
21.794 0.589329
21.795 0.610941
21.796 0.632533
21.797 0.654095
21.798 0.675616
21.799 0.697087
21.8 0.718497
21.801 0.739836
21.802 0.761096
21.803 0.782266
21.804 0.80334
21.805 0.824307
21.806 0.845159
21.807 0.865889
21.808 0.886486
21.809 0.906944
21.81 0.927253
21.811 0.947405
21.812 0.967392
21.813 0.987206
21.814 1.00684
21.815 1.02628
21.816 1.04553
21.817 1.06457
21.818 1.0834
21.819 1.10201
21.82 1.1204
21.821 1.13855
21.822 1.15645
21.823 1.17411
21.824 1.1915
21.825 1.20863
21.826 1.22548
21.827 1.24204
21.828 1.25832
21.829 1.27429
21.83 1.28996
21.831 1.30531
21.832 1.32034
21.833 1.33505
21.834 1.34943
21.835 1.36346
21.836 1.37716
21.837 1.39051
21.838 1.40351
21.839 1.41615
21.84 1.42842
21.841 1.44033
21.842 1.45187
21.843 1.46304
21.844 1.47381
21.845 1.48421
21.846 1.4942
21.847 1.50381
21.848 1.513
21.849 1.5218
21.85 1.53018
21.851 1.53814
21.852 1.54569
21.853 1.55282
21.854 1.55951
21.855 1.56578
21.856 1.57162
21.857 1.57702
21.858 1.58198
21.859 1.5865
21.86 1.59058
21.861 1.59421
21.862 1.5974
21.863 1.60013
21.864 1.60241
21.865 1.60424
21.866 1.60562
21.867 1.60654
21.868 1.60701
21.869 1.60702
21.87 1.60657
21.871 1.60566
21.872 1.60429
21.873 1.60247
21.874 1.60019
21.875 1.59745
21.876 1.59426
21.877 1.59061
21.878 1.5865
21.879 1.58194
21.88 1.57693
21.881 1.57147
21.882 1.56555
21.883 1.55919
21.884 1.55239
21.885 1.54514
21.886 1.53745
21.887 1.52932
21.888 1.52075
21.889 1.51175
21.89 1.50233
21.891 1.49247
21.892 1.48219
21.893 1.47149
21.894 1.46037
21.895 1.44883
21.896 1.43688
21.897 1.42451
21.898 1.41174
21.899 1.39856
21.9 1.38497
21.901 1.37099
21.902 1.35662
21.903 1.34185
21.904 1.32671
21.905 1.31118
21.906 1.29528
21.907 1.27902
21.908 1.26239
21.909 1.24541
21.91 1.22808
21.911 1.21041
21.912 1.1924
21.913 1.17407
21.914 1.15541
21.915 1.13643
21.916 1.11715
21.917 1.09756
21.918 1.07767
21.919 1.0575
21.92 1.03705
21.921 1.01633
21.922 0.995342
21.923 0.974103
21.924 0.952622
21.925 0.930909
21.926 0.908976
21.927 0.886832
21.928 0.864489
21.929 0.841957
21.93 0.819247
21.931 0.796371
21.932 0.77334
21.933 0.750163
21.934 0.726854
21.935 0.703422
21.936 0.679879
21.937 0.656236
21.938 0.632505
21.939 0.608697
21.94 0.584823
21.941 0.560894
21.942 0.536921
21.943 0.512913
21.944 0.488881
21.945 0.464835
21.946 0.440784
21.947 0.41674
21.948 0.392711
21.949 0.368707
21.95 0.34474
21.951 0.320818
21.952 0.29695
21.953 0.273145
21.954 0.249411
21.955 0.225757
21.956 0.202192
21.957 0.178723
21.958 0.155359
21.959 0.132108
21.96 0.108979
21.961 0.0859789
21.962 0.0631152
21.963 0.0403945
21.964 0.0178236
21.965 -0.00459119
21.966 -0.0268433
21.967 -0.0489263
21.968 -0.0708339
21.969 -0.09256
21.97 -0.114098
21.971 -0.135443
21.972 -0.15659
21.973 -0.177534
21.974 -0.19827
21.975 -0.218795
21.976 -0.239105
21.977 -0.259194
21.978 -0.279059
21.979 -0.298697
21.98 -0.318103
21.981 -0.337273
21.982 -0.356203
21.983 -0.374889
21.984 -0.393324
21.985 -0.411505
21.986 -0.429428
21.987 -0.447087
21.988 -0.46448
21.989 -0.4816
21.99 -0.498446
21.991 -0.515012
21.992 -0.531294
21.993 -0.547286
21.994 -0.562985
21.995 -0.578385
21.996 -0.593482
21.997 -0.608272
21.998 -0.62275
21.999 -0.636912
22 -0.650754
22.001 -0.664273
22.002 -0.677463
22.003 -0.69032
22.004 -0.702839
22.005 -0.715015
22.006 -0.726844
22.007 -0.738322
22.008 -0.749444
22.009 -0.760208
22.01 -0.770609
22.011 -0.780643
22.012 -0.790307
22.013 -0.799598
22.014 -0.808512
22.015 -0.817047
22.016 -0.8252
22.017 -0.832969
22.018 -0.84035
22.019 -0.847342
22.02 -0.853942
22.021 -0.86015
22.022 -0.865965
22.023 -0.871389
22.024 -0.876423
22.025 -0.881068
22.026 -0.885326
22.027 -0.889199
22.028 -0.892688
22.029 -0.895796
22.03 -0.898524
22.031 -0.900876
22.032 -0.902853
22.033 -0.904459
22.034 -0.905697
22.035 -0.906568
22.036 -0.907077
22.037 -0.907227
22.038 -0.90702
22.039 -0.906461
22.04 -0.905553
22.041 -0.904301
22.042 -0.902709
22.043 -0.900784
22.044 -0.898529
22.045 -0.895952
22.046 -0.893058
22.047 -0.889853
22.048 -0.886344
22.049 -0.882535
22.05 -0.878435
22.051 -0.874048
22.052 -0.869381
22.053 -0.864438
22.054 -0.859225
22.055 -0.853747
22.056 -0.848011
22.057 -0.842022
22.058 -0.835785
22.059 -0.829307
22.06 -0.822593
22.061 -0.815649
22.062 -0.808479
22.063 -0.801087
22.064 -0.793475
22.065 -0.785648
22.066 -0.77761
22.067 -0.769364
22.068 -0.760915
22.069 -0.752266
22.07 -0.743421
22.071 -0.734385
22.072 -0.725163
22.073 -0.71576
22.074 -0.706183
22.075 -0.696437
22.076 -0.686527
22.077 -0.676461
22.078 -0.666243
22.079 -0.655879
22.08 -0.645376
22.081 -0.634739
22.082 -0.623972
22.083 -0.613079
22.084 -0.602062
22.085 -0.590926
22.086 -0.579674
22.087 -0.56831
22.088 -0.556837
22.089 -0.545259
22.09 -0.533579
22.091 -0.521802
22.092 -0.509933
22.093 -0.497976
22.094 -0.485938
22.095 -0.473822
22.096 -0.461635
22.097 -0.449381
22.098 -0.437066
22.099 -0.424696
22.1 -0.412274
22.101 -0.399808
22.102 -0.387304
22.103 -0.374767
22.104 -0.362205
22.105 -0.349625
22.106 -0.337033
22.107 -0.324436
22.108 -0.311841
22.109 -0.299253
22.11 -0.286681
22.111 -0.274131
22.112 -0.26161
22.113 -0.249127
22.114 -0.23669
22.115 -0.224306
22.116 -0.211983
22.117 -0.199729
22.118 -0.187552
22.119 -0.17546
22.12 -0.163461
22.121 -0.151562
22.122 -0.13977
22.123 -0.128095
22.124 -0.116542
22.125 -0.105119
22.126 -0.0938344
22.127 -0.0826949
22.128 -0.0717079
22.129 -0.0608807
22.13 -0.0502203
22.131 -0.0397339
22.132 -0.0294284
22.133 -0.0193108
22.134 -0.00938785
22.135 0.000333675
22.136 0.00984715
22.137 0.019146
22.138 0.0282238
22.139 0.0370742
22.14 0.0456909
22.141 0.054068
22.142 0.0622005
22.143 0.0700838
22.144 0.0777134
22.145 0.0850849
22.146 0.092194
22.147 0.0990366
22.148 0.105609
22.149 0.111906
22.15 0.117925
22.151 0.123663
22.152 0.129116
22.153 0.134283
22.154 0.139162
22.155 0.143751
22.156 0.148047
22.157 0.15205
22.158 0.155758
22.159 0.15917
22.16 0.162284
22.161 0.1651
22.162 0.167617
22.163 0.169836
22.164 0.171758
22.165 0.173384
22.166 0.174713
22.167 0.175749
22.168 0.17649
22.169 0.176939
22.17 0.177097
22.171 0.176966
22.172 0.176546
22.173 0.17584
22.174 0.17485
22.175 0.173577
22.176 0.172024
22.177 0.170193
22.178 0.168085
22.179 0.165704
22.18 0.163052
22.181 0.160132
22.182 0.156944
22.183 0.15349
22.184 0.149773
22.185 0.145794
22.186 0.141554
22.187 0.137055
22.188 0.132301
22.189 0.127292
22.19 0.122031
22.191 0.11652
22.192 0.110763
22.193 0.10476
22.194 0.0985161
22.195 0.0920326
22.196 0.0853128
22.197 0.0783596
22.198 0.0711761
22.199 0.0637654
22.2 0.0561309
22.201 0.0482754
22.202 0.0402014
22.203 0.031911
22.204 0.0234065
22.205 0.0146902
22.206 0.00576447
22.207 -0.00336812
22.208 -0.012705
22.209 -0.0222434
22.21 -0.0319807
22.211 -0.0419137
22.212 -0.0520383
22.213 -0.0623503
22.214 -0.0728453
22.215 -0.0835188
22.216 -0.0943661
22.217 -0.105383
22.218 -0.116564
22.219 -0.127905
22.22 -0.139401
22.221 -0.151047
22.222 -0.162837
22.223 -0.174764
22.224 -0.186822
22.225 -0.199004
22.226 -0.211305
22.227 -0.223717
22.228 -0.236235
22.229 -0.24885
22.23 -0.261558
22.231 -0.27435
22.232 -0.287221
22.233 -0.300163
22.234 -0.31317
22.235 -0.326235
22.236 -0.339351
22.237 -0.352512
22.238 -0.36571
22.239 -0.378939
22.24 -0.392192
22.241 -0.405462
22.242 -0.418744
22.243 -0.432032
22.244 -0.445321
22.245 -0.458605
22.246 -0.471879
22.247 -0.485137
22.248 -0.498374
22.249 -0.511585
22.25 -0.524763
22.251 -0.537904
22.252 -0.551002
22.253 -0.564048
22.254 -0.577038
22.255 -0.589963
22.256 -0.602819
22.257 -0.615597
22.258 -0.628292
22.259 -0.640898
22.26 -0.653407
22.261 -0.665815
22.262 -0.678118
22.263 -0.690315
22.264 -0.702402
22.265 -0.714378
22.266 -0.726242
22.267 -0.737991
22.268 -0.749623
22.269 -0.761136
22.27 -0.772529
22.271 -0.783799
22.272 -0.794947
22.273 -0.805968
22.274 -0.816863
22.275 -0.82763
22.276 -0.838267
22.277 -0.848772
22.278 -0.859146
22.279 -0.869386
22.28 -0.879491
22.281 -0.889461
22.282 -0.899294
22.283 -0.908989
22.284 -0.918546
22.285 -0.927963
22.286 -0.93724
22.287 -0.946376
22.288 -0.955371
22.289 -0.964224
22.29 -0.972934
22.291 -0.981501
22.292 -0.989925
22.293 -0.998205
22.294 -1.00634
22.295 -1.01433
22.296 -1.02218
22.297 -1.02989
22.298 -1.03745
22.299 -1.04486
22.3 -1.05214
22.301 -1.05927
22.302 -1.06625
22.303 -1.07309
22.304 -1.07978
22.305 -1.08633
22.306 -1.09272
22.307 -1.09897
22.308 -1.10507
22.309 -1.11102
22.31 -1.11682
22.311 -1.12247
22.312 -1.12796
22.313 -1.13331
22.314 -1.1385
22.315 -1.14354
22.316 -1.14843
22.317 -1.15316
22.318 -1.15774
22.319 -1.16218
22.32 -1.16645
22.321 -1.17058
22.322 -1.17456
22.323 -1.17839
22.324 -1.18207
22.325 -1.18561
22.326 -1.189
22.327 -1.19225
22.328 -1.19537
22.329 -1.19834
22.33 -1.20118
22.331 -1.20389
22.332 -1.20647
22.333 -1.20892
22.334 -1.21124
22.335 -1.21344
22.336 -1.21552
22.337 -1.21748
22.338 -1.21932
22.339 -1.22105
22.34 -1.22267
22.341 -1.22418
22.342 -1.22559
22.343 -1.2269
22.344 -1.22811
22.345 -1.22924
22.346 -1.23029
22.347 -1.23127
22.348 -1.23217
22.349 -1.23301
22.35 -1.23379
22.351 -1.23452
22.352 -1.23519
22.353 -1.23583
22.354 -1.23642
22.355 -1.23698
22.356 -1.2375
22.357 -1.238
22.358 -1.23848
22.359 -1.23894
22.36 -1.23938
22.361 -1.23981
22.362 -1.24024
22.363 -1.24068
22.364 -1.24111
22.365 -1.24157
22.366 -1.24204
22.367 -1.24254
22.368 -1.24306
22.369 -1.24363
22.37 -1.24423
22.371 -1.24488
22.372 -1.24558
22.373 -1.24634
22.374 -1.24715
22.375 -1.24801
22.376 -1.24894
22.377 -1.24994
22.378 -1.251
22.379 -1.25213
22.38 -1.25333
22.381 -1.25461
22.382 -1.25596
22.383 -1.2574
22.384 -1.25893
22.385 -1.26054
22.386 -1.26225
22.387 -1.26406
22.388 -1.26597
22.389 -1.26798
22.39 -1.2701
22.391 -1.27234
22.392 -1.27469
22.393 -1.27715
22.394 -1.27974
22.395 -1.28244
22.396 -1.28527
22.397 -1.28822
22.398 -1.2913
22.399 -1.29451
22.4 -1.29784
22.401 -1.30131
22.402 -1.30491
22.403 -1.30865
22.404 -1.31253
22.405 -1.31656
22.406 -1.32073
22.407 -1.32504
22.408 -1.32951
22.409 -1.33414
22.41 -1.33892
22.411 -1.34385
22.412 -1.34895
22.413 -1.35422
22.414 -1.35964
22.415 -1.36524
22.416 -1.37101
22.417 -1.37695
22.418 -1.38306
22.419 -1.38935
22.42 -1.39581
22.421 -1.40246
22.422 -1.40929
22.423 -1.4163
22.424 -1.42351
22.425 -1.4309
22.426 -1.43849
22.427 -1.44627
22.428 -1.45426
22.429 -1.46245
22.43 -1.47084
22.431 -1.47943
22.432 -1.48824
22.433 -1.49725
22.434 -1.50647
22.435 -1.51591
22.436 -1.52555
22.437 -1.5354
22.438 -1.54547
22.439 -1.55575
22.44 -1.56624
22.441 -1.57694
22.442 -1.58785
22.443 -1.59897
22.444 -1.61029
22.445 -1.62182
22.446 -1.63354
22.447 -1.64546
22.448 -1.65758
22.449 -1.66988
22.45 -1.68237
22.451 -1.69505
22.452 -1.7079
22.453 -1.72093
22.454 -1.73414
22.455 -1.74751
22.456 -1.76106
22.457 -1.77476
22.458 -1.78863
22.459 -1.80265
22.46 -1.81683
22.461 -1.83115
22.462 -1.84562
22.463 -1.86022
22.464 -1.87495
22.465 -1.88981
22.466 -1.90478
22.467 -1.91986
22.468 -1.93504
22.469 -1.95032
22.47 -1.96569
22.471 -1.98114
22.472 -1.99667
22.473 -2.01227
22.474 -2.02793
22.475 -2.04365
22.476 -2.05942
22.477 -2.07523
22.478 -2.09107
22.479 -2.10695
22.48 -2.12285
22.481 -2.13876
22.482 -2.15469
22.483 -2.17061
22.484 -2.18652
22.485 -2.20242
22.486 -2.2183
22.487 -2.23414
22.488 -2.24995
22.489 -2.26571
22.49 -2.28141
22.491 -2.29705
22.492 -2.31262
22.493 -2.32812
22.494 -2.34353
22.495 -2.35886
22.496 -2.37409
22.497 -2.38923
22.498 -2.40426
22.499 -2.41918
22.5 -2.43398
22.501 -2.44865
22.502 -2.4632
22.503 -2.47761
22.504 -2.49188
22.505 -2.506
22.506 -2.51995
22.507 -2.53375
22.508 -2.54737
22.509 -2.56082
22.51 -2.57408
22.511 -2.58716
22.512 -2.60003
22.513 -2.61271
22.514 -2.62518
22.515 -2.63743
22.516 -2.64946
22.517 -2.66127
22.518 -2.67285
22.519 -2.68418
22.52 -2.69528
22.521 -2.70613
22.522 -2.71673
22.523 -2.72706
22.524 -2.73714
22.525 -2.74695
22.526 -2.75648
22.527 -2.76574
22.528 -2.77471
22.529 -2.7834
22.53 -2.7918
22.531 -2.79991
22.532 -2.80771
22.533 -2.8152
22.534 -2.82238
22.535 -2.82924
22.536 -2.83577
22.537 -2.84197
22.538 -2.84782
22.539 -2.85334
22.54 -2.8585
22.541 -2.8633
22.542 -2.86774
22.543 -2.87181
22.544 -2.87549
22.545 -2.87879
22.546 -2.88169
22.547 -2.88418
22.548 -2.88627
22.549 -2.88793
22.55 -2.88918
22.551 -2.88999
22.552 -2.89036
22.553 -2.89028
22.554 -2.88976
22.555 -2.88878
22.556 -2.88733
22.557 -2.88541
22.558 -2.88302
22.559 -2.88015
22.56 -2.87679
22.561 -2.87294
22.562 -2.8686
22.563 -2.86375
22.564 -2.85839
22.565 -2.85252
22.566 -2.84613
22.567 -2.83921
22.568 -2.83176
22.569 -2.82378
22.57 -2.81525
22.571 -2.80618
22.572 -2.79657
22.573 -2.7864
22.574 -2.77569
22.575 -2.76443
22.576 -2.75262
22.577 -2.74025
22.578 -2.72734
22.579 -2.71387
22.58 -2.69985
22.581 -2.68528
22.582 -2.67016
22.583 -2.65448
22.584 -2.63825
22.585 -2.62147
22.586 -2.60413
22.587 -2.58624
22.588 -2.56779
22.589 -2.54879
22.59 -2.52924
22.591 -2.50914
22.592 -2.48848
22.593 -2.46728
22.594 -2.44553
22.595 -2.42323
22.596 -2.40039
22.597 -2.37701
22.598 -2.35309
22.599 -2.32863
22.6 -2.30363
22.601 -2.27811
22.602 -2.25206
22.603 -2.22548
22.604 -2.19838
22.605 -2.17076
22.606 -2.14263
22.607 -2.114
22.608 -2.08485
22.609 -2.05521
22.61 -2.02507
22.611 -1.99444
22.612 -1.96332
22.613 -1.93173
22.614 -1.89967
22.615 -1.86714
22.616 -1.83415
22.617 -1.80072
22.618 -1.76684
22.619 -1.73253
22.62 -1.6978
22.621 -1.66264
22.622 -1.62708
22.623 -1.59113
22.624 -1.55478
22.625 -1.51807
22.626 -1.48099
22.627 -1.44356
22.628 -1.40579
22.629 -1.3677
22.63 -1.32929
22.631 -1.29058
22.632 -1.25158
22.633 -1.21231
22.634 -1.17277
22.635 -1.13299
22.636 -1.09297
22.637 -1.05273
22.638 -1.01229
22.639 -0.971658
22.64 -0.930848
22.641 -0.889877
22.642 -0.84876
22.643 -0.807515
22.644 -0.766158
22.645 -0.724708
22.646 -0.683181
22.647 -0.641594
22.648 -0.599965
22.649 -0.55831
22.65 -0.516647
22.651 -0.474992
22.652 -0.433361
22.653 -0.391771
22.654 -0.350236
22.655 -0.308771
22.656 -0.267393
22.657 -0.226117
22.658 -0.184958
22.659 -0.14393
22.66 -0.10305
22.661 -0.0623309
22.662 -0.0217886
22.663 0.0185628
22.664 0.0587086
22.665 0.0986346
22.666 0.138327
22.667 0.177771
22.668 0.216954
22.669 0.255861
22.67 0.294479
22.671 0.332796
22.672 0.370799
22.673 0.408477
22.674 0.445818
22.675 0.482812
22.676 0.519447
22.677 0.555714
22.678 0.591601
22.679 0.627099
22.68 0.662198
22.681 0.696887
22.682 0.731157
22.683 0.765
22.684 0.798406
22.685 0.831367
22.686 0.863874
22.687 0.895919
22.688 0.927494
22.689 0.958591
22.69 0.989203
22.691 1.01932
22.692 1.04894
22.693 1.07805
22.694 1.10665
22.695 1.13472
22.696 1.16226
22.697 1.18926
22.698 1.21572
22.699 1.24163
22.7 1.26698
22.701 1.29177
22.702 1.31599
22.703 1.33964
22.704 1.36272
22.705 1.38522
22.706 1.40713
22.707 1.42847
22.708 1.44921
22.709 1.46937
22.71 1.48894
22.711 1.50791
22.712 1.52629
22.713 1.54407
22.714 1.56124
22.715 1.5778
22.716 1.59375
22.717 1.60908
22.718 1.6238
22.719 1.6379
22.72 1.65137
22.721 1.66422
22.722 1.67644
22.723 1.68804
22.724 1.69902
22.725 1.70937
22.726 1.71909
22.727 1.72819
22.728 1.73667
22.729 1.74452
22.73 1.75176
22.731 1.75837
22.732 1.76437
22.733 1.76975
22.734 1.77453
22.735 1.77869
22.736 1.78224
22.737 1.78519
22.738 1.78753
22.739 1.78928
22.74 1.79044
22.741 1.791
22.742 1.79098
22.743 1.79037
22.744 1.78918
22.745 1.78742
22.746 1.78509
22.747 1.7822
22.748 1.77875
22.749 1.77474
22.75 1.77018
22.751 1.76508
22.752 1.75945
22.753 1.75328
22.754 1.7466
22.755 1.7394
22.756 1.7317
22.757 1.7235
22.758 1.7148
22.759 1.70563
22.76 1.69599
22.761 1.68588
22.762 1.67531
22.763 1.6643
22.764 1.65284
22.765 1.64096
22.766 1.62864
22.767 1.61591
22.768 1.60277
22.769 1.58922
22.77 1.57529
22.771 1.56097
22.772 1.54628
22.773 1.53122
22.774 1.5158
22.775 1.50003
22.776 1.48393
22.777 1.46749
22.778 1.45074
22.779 1.43367
22.78 1.4163
22.781 1.39864
22.782 1.38069
22.783 1.36247
22.784 1.34398
22.785 1.32523
22.786 1.30624
22.787 1.287
22.788 1.26753
22.789 1.24783
22.79 1.22792
22.791 1.20781
22.792 1.18749
22.793 1.16699
22.794 1.14632
22.795 1.12547
22.796 1.10446
22.797 1.0833
22.798 1.062
22.799 1.04056
22.8 1.019
22.801 0.997334
22.802 0.975559
22.803 0.953693
22.804 0.931744
22.805 0.909725
22.806 0.887645
22.807 0.865517
22.808 0.843349
22.809 0.821154
22.81 0.798942
22.811 0.776724
22.812 0.754511
22.813 0.732317
22.814 0.710153
22.815 0.688031
22.816 0.665962
22.817 0.64396
22.818 0.622036
22.819 0.600201
22.82 0.578468
22.821 0.556848
22.822 0.535353
22.823 0.513995
22.824 0.492785
22.825 0.471734
22.826 0.450855
22.827 0.430158
22.828 0.409654
22.829 0.389355
22.83 0.369273
22.831 0.349416
22.832 0.329798
22.833 0.310427
22.834 0.291316
22.835 0.272474
22.836 0.253912
22.837 0.23564
22.838 0.217668
22.839 0.200006
22.84 0.182665
22.841 0.165653
22.842 0.148979
22.843 0.132651
22.844 0.116677
22.845 0.101064
22.846 0.0858214
22.847 0.0709554
22.848 0.0564735
22.849 0.0423829
22.85 0.0286906
22.851 0.015403
22.852 0.00252563
22.853 -0.00993634
22.854 -0.0219781
22.855 -0.0335948
22.856 -0.0447819
22.857 -0.0555352
22.858 -0.0658502
22.859 -0.0757232
22.86 -0.0851501
22.861 -0.0941275
22.862 -0.102652
22.863 -0.11072
22.864 -0.118328
22.865 -0.125475
22.866 -0.132156
22.867 -0.138371
22.868 -0.144115
22.869 -0.149388
22.87 -0.154187
22.871 -0.158511
22.872 -0.162359
22.873 -0.165728
22.874 -0.168617
22.875 -0.171027
22.876 -0.172956
22.877 -0.174404
22.878 -0.17537
22.879 -0.175855
22.88 -0.175858
22.881 -0.17538
22.882 -0.174421
22.883 -0.172982
22.884 -0.171063
22.885 -0.168667
22.886 -0.165794
22.887 -0.162446
22.888 -0.158624
22.889 -0.15433
22.89 -0.149567
22.891 -0.144337
22.892 -0.13864
22.893 -0.132479
22.894 -0.125854
22.895 -0.118768
22.896 -0.111222
22.897 -0.103218
22.898 -0.0947593
22.899 -0.0858476
22.9 -0.0764858
22.901 -0.0666766
22.902 -0.0564233
22.903 -0.0457289
22.904 -0.0345968
22.905 -0.0230307
22.906 -0.0110344
22.907 0.0013884
22.908 0.0142334
22.909 0.0274965
22.91 0.041173
22.911 0.0552589
22.912 0.0697502
22.913 0.0846433
22.914 0.0999345
22.915 0.11562
22.916 0.131695
22.917 0.148156
22.918 0.164999
22.919 0.182218
22.92 0.199809
22.921 0.217767
22.922 0.236088
22.923 0.254765
22.924 0.273794
22.925 0.29317
22.926 0.312885
22.927 0.332936
22.928 0.353316
22.929 0.374018
22.93 0.395037
22.931 0.416367
22.932 0.437999
22.933 0.459926
22.934 0.48214
22.935 0.504633
22.936 0.527396
22.937 0.550422
22.938 0.573702
22.939 0.597227
22.94 0.62099
22.941 0.64498
22.942 0.66919
22.943 0.69361
22.944 0.718233
22.945 0.743048
22.946 0.768046
22.947 0.79322
22.948 0.818559
22.949 0.844054
22.95 0.869696
22.951 0.895476
22.952 0.921383
22.953 0.947406
22.954 0.973534
22.955 0.999758
22.956 1.02607
22.957 1.05245
22.958 1.07889
22.959 1.10538
22.96 1.13192
22.961 1.15849
22.962 1.18507
22.963 1.21167
22.964 1.23827
22.965 1.26486
22.966 1.29144
22.967 1.31799
22.968 1.34451
22.969 1.37098
22.97 1.39739
22.971 1.42375
22.972 1.45003
22.973 1.47623
22.974 1.50234
22.975 1.52834
22.976 1.55423
22.977 1.57999
22.978 1.60563
22.979 1.63112
22.98 1.65645
22.981 1.68163
22.982 1.70663
22.983 1.73146
22.984 1.75611
22.985 1.78057
22.986 1.80484
22.987 1.8289
22.988 1.85276
22.989 1.87641
22.99 1.89983
22.991 1.92303
22.992 1.94601
22.993 1.96874
22.994 1.99124
22.995 2.01349
22.996 2.03549
22.997 2.05723
22.998 2.07871
22.999 2.09993
23 2.12088
23.001 2.14156
23.002 2.16196
23.003 2.18208
23.004 2.20191
23.005 2.22145
23.006 2.2407
23.007 2.25966
23.008 2.27831
23.009 2.29666
23.01 2.31471
23.011 2.33245
23.012 2.34988
23.013 2.367
23.014 2.38381
23.015 2.40031
23.016 2.41649
23.017 2.43237
23.018 2.44792
23.019 2.46317
23.02 2.4781
23.021 2.49271
23.022 2.50701
23.023 2.52099
23.024 2.53466
23.025 2.54801
23.026 2.56104
23.027 2.57375
23.028 2.58614
23.029 2.59822
23.03 2.60997
23.031 2.6214
23.032 2.63252
23.033 2.6433
23.034 2.65377
23.035 2.6639
23.036 2.6737
23.037 2.68317
23.038 2.69231
23.039 2.70111
23.04 2.70957
23.041 2.7177
23.042 2.72548
23.043 2.73293
23.044 2.74003
23.045 2.74679
23.046 2.75321
23.047 2.75929
23.048 2.76502
23.049 2.77041
23.05 2.77546
23.051 2.78016
23.052 2.78451
23.053 2.78852
23.054 2.79217
23.055 2.79547
23.056 2.79842
23.057 2.80101
23.058 2.80324
23.059 2.80511
23.06 2.80661
23.061 2.80775
23.062 2.80853
23.063 2.80895
23.064 2.809
23.065 2.80869
23.066 2.80802
23.067 2.80698
23.068 2.80559
23.069 2.80383
23.07 2.80172
23.071 2.79925
23.072 2.79643
23.073 2.79325
23.074 2.78973
23.075 2.78586
23.076 2.78165
23.077 2.7771
23.078 2.77221
23.079 2.76699
23.08 2.76144
23.081 2.75557
23.082 2.74938
23.083 2.74287
23.084 2.73606
23.085 2.72894
23.086 2.72152
23.087 2.71382
23.088 2.70582
23.089 2.69755
23.09 2.689
23.091 2.68018
23.092 2.6711
23.093 2.66178
23.094 2.65221
23.095 2.64241
23.096 2.63239
23.097 2.62215
23.098 2.61171
23.099 2.60107
23.1 2.59025
23.101 2.57925
23.102 2.56808
23.103 2.55675
23.104 2.54528
23.105 2.53367
23.106 2.52193
23.107 2.51007
23.108 2.4981
23.109 2.48603
23.11 2.47388
23.111 2.46164
23.112 2.44932
23.113 2.43695
23.114 2.42451
23.115 2.41202
23.116 2.39948
23.117 2.38691
23.118 2.37431
23.119 2.36168
23.12 2.34904
23.121 2.33638
23.122 2.32373
23.123 2.31107
23.124 2.29842
23.125 2.28578
23.126 2.27316
23.127 2.26057
23.128 2.248
23.129 2.23547
23.13 2.22298
23.131 2.21053
23.132 2.19814
23.133 2.1858
23.134 2.17351
23.135 2.16129
23.136 2.14914
23.137 2.13705
23.138 2.12504
23.139 2.1131
23.14 2.10124
23.141 2.08947
23.142 2.07779
23.143 2.06619
23.144 2.05468
23.145 2.04325
23.146 2.03192
23.147 2.02067
23.148 2.00952
23.149 1.99846
23.15 1.98748
23.151 1.9766
23.152 1.96582
23.153 1.95514
23.154 1.94455
23.155 1.93408
23.156 1.92371
23.157 1.91345
23.158 1.9033
23.159 1.89327
23.16 1.88336
23.161 1.87358
23.162 1.86391
23.163 1.85438
23.164 1.84498
23.165 1.8357
23.166 1.82657
23.167 1.81757
23.168 1.80871
23.169 1.79999
23.17 1.79142
23.171 1.783
23.172 1.77473
23.173 1.76661
23.174 1.75865
23.175 1.75086
23.176 1.74324
23.177 1.7358
23.178 1.72853
23.179 1.72145
23.18 1.71455
23.181 1.70785
23.182 1.70134
23.183 1.69504
23.184 1.68894
23.185 1.68306
23.186 1.67739
23.187 1.67195
23.188 1.66673
23.189 1.66174
23.19 1.657
23.191 1.65249
23.192 1.64823
23.193 1.64422
23.194 1.64047
23.195 1.63697
23.196 1.63373
23.197 1.63077
23.198 1.62807
23.199 1.62565
23.2 1.6235
23.201 1.62163
23.202 1.62005
23.203 1.61875
23.204 1.61774
23.205 1.61702
23.206 1.61659
23.207 1.61645
23.208 1.6166
23.209 1.61704
23.21 1.61778
23.211 1.61881
23.212 1.62014
23.213 1.62176
23.214 1.62369
23.215 1.62591
23.216 1.62842
23.217 1.63124
23.218 1.63435
23.219 1.63776
23.22 1.64147
23.221 1.64548
23.222 1.64978
23.223 1.65437
23.224 1.65924
23.225 1.6644
23.226 1.66984
23.227 1.67556
23.228 1.68155
23.229 1.6878
23.23 1.69432
23.231 1.7011
23.232 1.70814
23.233 1.71543
23.234 1.72296
23.235 1.73073
23.236 1.73875
23.237 1.74699
23.238 1.75546
23.239 1.76416
23.24 1.77307
23.241 1.78219
23.242 1.79153
23.243 1.80106
23.244 1.8108
23.245 1.82073
23.246 1.83085
23.247 1.84116
23.248 1.85166
23.249 1.86233
23.25 1.87318
23.251 1.88419
23.252 1.89537
23.253 1.90671
23.254 1.91821
23.255 1.92986
23.256 1.94165
23.257 1.95358
23.258 1.96565
23.259 1.97785
23.26 1.99017
23.261 2.00261
23.262 2.01517
23.263 2.02784
23.264 2.04061
23.265 2.05349
23.266 2.06645
23.267 2.07951
23.268 2.09264
23.269 2.10586
23.27 2.11915
23.271 2.1325
23.272 2.14592
23.273 2.1594
23.274 2.17293
23.275 2.18651
23.276 2.20013
23.277 2.2138
23.278 2.22751
23.279 2.24125
23.28 2.25502
23.281 2.26881
23.282 2.28262
23.283 2.29645
23.284 2.31029
23.285 2.32412
23.286 2.33796
23.287 2.35179
23.288 2.3656
23.289 2.3794
23.29 2.39317
23.291 2.40691
23.292 2.42061
23.293 2.43427
23.294 2.44788
23.295 2.46143
23.296 2.47492
23.297 2.48834
23.298 2.50168
23.299 2.51494
23.3 2.52811
23.301 2.54119
23.302 2.55416
23.303 2.56702
23.304 2.57976
23.305 2.59237
23.306 2.60486
23.307 2.6172
23.308 2.62939
23.309 2.64143
23.31 2.6533
23.311 2.665
23.312 2.67653
23.313 2.68788
23.314 2.69903
23.315 2.70999
23.316 2.72074
23.317 2.73129
23.318 2.74162
23.319 2.75172
23.32 2.7616
23.321 2.77124
23.322 2.78064
23.323 2.78979
23.324 2.79869
23.325 2.80732
23.326 2.81568
23.327 2.82377
23.328 2.83157
23.329 2.83908
23.33 2.84629
23.331 2.85321
23.332 2.85981
23.333 2.86611
23.334 2.87209
23.335 2.87774
23.336 2.88308
23.337 2.88808
23.338 2.89275
23.339 2.89709
23.34 2.90109
23.341 2.90474
23.342 2.90804
23.343 2.911
23.344 2.91359
23.345 2.91583
23.346 2.9177
23.347 2.9192
23.348 2.92033
23.349 2.92108
23.35 2.92145
23.351 2.92144
23.352 2.92104
23.353 2.92026
23.354 2.91909
23.355 2.91753
23.356 2.91558
23.357 2.91324
23.358 2.91051
23.359 2.90738
23.36 2.90387
23.361 2.89995
23.362 2.89564
23.363 2.89094
23.364 2.88583
23.365 2.88033
23.366 2.87443
23.367 2.86812
23.368 2.86142
23.369 2.85431
23.37 2.8468
23.371 2.83889
23.372 2.83057
23.373 2.82185
23.374 2.81273
23.375 2.80321
23.376 2.79329
23.377 2.78297
23.378 2.77225
23.379 2.76113
23.38 2.74961
23.381 2.7377
23.382 2.72539
23.383 2.71268
23.384 2.69959
23.385 2.6861
23.386 2.67221
23.387 2.65793
23.388 2.64326
23.389 2.62821
23.39 2.61276
23.391 2.59693
23.392 2.58071
23.393 2.56411
23.394 2.54714
23.395 2.52979
23.396 2.51207
23.397 2.49398
23.398 2.47554
23.399 2.45673
23.4 2.43757
23.401 2.41806
23.402 2.3982
23.403 2.37801
23.404 2.35748
23.405 2.33663
23.406 2.31546
23.407 2.29397
23.408 2.27218
23.409 2.25009
23.41 2.22771
23.411 2.20503
23.412 2.18208
23.413 2.15886
23.414 2.13537
23.415 2.11163
23.416 2.08763
23.417 2.06339
23.418 2.03892
23.419 2.01421
23.42 1.98929
23.421 1.96416
23.422 1.93882
23.423 1.91329
23.424 1.88758
23.425 1.86169
23.426 1.83564
23.427 1.80943
23.428 1.78308
23.429 1.75659
23.43 1.72998
23.431 1.70325
23.432 1.67641
23.433 1.64947
23.434 1.62245
23.435 1.59536
23.436 1.56819
23.437 1.54097
23.438 1.51371
23.439 1.48641
23.44 1.45908
23.441 1.43173
23.442 1.40438
23.443 1.37702
23.444 1.34968
23.445 1.32236
23.446 1.29506
23.447 1.26779
23.448 1.24058
23.449 1.21341
23.45 1.1863
23.451 1.15927
23.452 1.13231
23.453 1.10543
23.454 1.07864
23.455 1.05195
23.456 1.02537
23.457 0.998895
23.458 0.972538
23.459 0.946306
23.46 0.920205
23.461 0.894241
23.462 0.868422
23.463 0.842752
23.464 0.817239
23.465 0.791889
23.466 0.766707
23.467 0.7417
23.468 0.716874
23.469 0.692234
23.47 0.667787
23.471 0.643537
23.472 0.619491
23.473 0.595653
23.474 0.57203
23.475 0.548625
23.476 0.525445
23.477 0.502493
23.478 0.479776
23.479 0.457297
23.48 0.435061
23.481 0.413074
23.482 0.391339
23.483 0.369863
23.484 0.348651
23.485 0.327708
23.486 0.30704
23.487 0.286651
23.488 0.266547
23.489 0.246731
23.49 0.227209
23.491 0.207985
23.492 0.189066
23.493 0.170458
23.494 0.152169
23.495 0.134204
23.496 0.11657
23.497 0.0992727
23.498 0.0823187
23.499 0.0657136
23.5 0.0494628
23.501 0.0335721
23.502 0.0180465
23.503 0.00289127
23.504 -0.0118886
23.505 -0.0262885
23.506 -0.0403036
23.507 -0.0539297
23.508 -0.0671623
23.509 -0.0799975
23.51 -0.0924313
23.511 -0.10446
23.512 -0.11608
23.513 -0.127288
23.514 -0.138082
23.515 -0.148457
23.516 -0.158411
23.517 -0.167942
23.518 -0.177046
23.519 -0.185723
23.52 -0.193969
23.521 -0.201784
23.522 -0.209166
23.523 -0.216115
23.524 -0.222632
23.525 -0.228716
23.526 -0.234368
23.527 -0.239588
23.528 -0.244377
23.529 -0.248737
23.53 -0.252667
23.531 -0.25617
23.532 -0.259248
23.533 -0.261904
23.534 -0.26414
23.535 -0.265961
23.536 -0.267369
23.537 -0.268369
23.538 -0.268963
23.539 -0.269156
23.54 -0.268952
23.541 -0.268354
23.542 -0.267369
23.543 -0.266003
23.544 -0.26426
23.545 -0.262148
23.546 -0.259673
23.547 -0.25684
23.548 -0.253657
23.549 -0.25013
23.55 -0.246266
23.551 -0.24207
23.552 -0.237549
23.553 -0.232706
23.554 -0.227546
23.555 -0.222073
23.556 -0.216292
23.557 -0.210209
23.558 -0.203827
23.559 -0.197153
23.56 -0.19019
23.561 -0.182946
23.562 -0.175425
23.563 -0.167636
23.564 -0.159584
23.565 -0.151277
23.566 -0.142722
23.567 -0.133925
23.568 -0.124895
23.569 -0.115639
23.57 -0.106163
23.571 -0.0964753
23.572 -0.0865818
23.573 -0.076489
23.574 -0.0662032
23.575 -0.0557305
23.576 -0.0450775
23.577 -0.0342506
23.578 -0.0232563
23.579 -0.0121012
23.58 -0.000791799
23.581 0.0106649
23.582 0.0222612
23.583 0.033989
23.584 0.0458402
23.585 0.0578066
23.586 0.0698801
23.587 0.0820525
23.588 0.0943156
23.589 0.106661
23.59 0.119081
23.591 0.131566
23.592 0.144111
23.593 0.156708
23.594 0.169349
23.595 0.182029
23.596 0.19474
23.597 0.207476
23.598 0.220228
23.599 0.232991
23.6 0.245758
23.601 0.258521
23.602 0.271273
23.603 0.284008
23.604 0.296719
23.605 0.3094
23.606 0.322042
23.607 0.33464
23.608 0.347187
23.609 0.359676
23.61 0.3721
23.611 0.384452
23.612 0.396727
23.613 0.408917
23.614 0.421017
23.615 0.433019
23.616 0.444917
23.617 0.456704
23.618 0.468376
23.619 0.479924
23.62 0.491344
23.621 0.502628
23.622 0.513771
23.623 0.524767
23.624 0.53561
23.625 0.546294
23.626 0.556813
23.627 0.567162
23.628 0.577335
23.629 0.587326
23.63 0.59713
23.631 0.606742
23.632 0.616156
23.633 0.625367
23.634 0.634369
23.635 0.643159
23.636 0.651731
23.637 0.66008
23.638 0.668201
23.639 0.67609
23.64 0.683742
23.641 0.691153
23.642 0.698319
23.643 0.705235
23.644 0.711897
23.645 0.718301
23.646 0.724443
23.647 0.73032
23.648 0.735928
23.649 0.741263
23.65 0.746322
23.651 0.751101
23.652 0.755596
23.653 0.759802
23.654 0.763716
23.655 0.767333
23.656 0.770649
23.657 0.77366
23.658 0.776363
23.659 0.778753
23.66 0.780827
23.661 0.782582
23.662 0.784015
23.663 0.785122
23.664 0.7859
23.665 0.786347
23.666 0.78646
23.667 0.786236
23.668 0.785673
23.669 0.784769
23.67 0.783521
23.671 0.781927
23.672 0.779987
23.673 0.777697
23.674 0.775057
23.675 0.772065
23.676 0.768719
23.677 0.765019
23.678 0.760964
23.679 0.756553
23.68 0.751785
23.681 0.746661
23.682 0.74118
23.683 0.735344
23.684 0.729154
23.685 0.722612
23.686 0.715719
23.687 0.708477
23.688 0.700888
23.689 0.692954
23.69 0.684676
23.691 0.676059
23.692 0.667104
23.693 0.657816
23.694 0.6482
23.695 0.638259
23.696 0.627997
23.697 0.61742
23.698 0.606531
23.699 0.595336
23.7 0.583838
23.701 0.572044
23.702 0.559958
23.703 0.547586
23.704 0.534932
23.705 0.522002
23.706 0.508802
23.707 0.495337
23.708 0.481613
23.709 0.467636
23.71 0.453412
23.711 0.438946
23.712 0.424245
23.713 0.409316
23.714 0.394163
23.715 0.378794
23.716 0.363216
23.717 0.347434
23.718 0.331455
23.719 0.315287
23.72 0.298934
23.721 0.282406
23.722 0.265708
23.723 0.248846
23.724 0.231829
23.725 0.214664
23.726 0.197356
23.727 0.179914
23.728 0.162344
23.729 0.144654
23.73 0.126851
23.731 0.108942
23.732 0.0909331
23.733 0.0728301
23.734 0.0546391
23.735 0.036366
23.736 0.0180169
23.737 -0.000402222
23.738 -0.0188853
23.739 -0.0374264
23.74 -0.0560194
23.741 -0.0746587
23.742 -0.0933391
23.743 -0.112056
23.744 -0.130805
23.745 -0.149581
23.746 -0.168379
23.747 -0.187196
23.748 -0.206026
23.749 -0.224864
23.75 -0.243707
23.751 -0.26255
23.752 -0.281389
23.753 -0.300221
23.754 -0.319043
23.755 -0.337853
23.756 -0.356646
23.757 -0.37542
23.758 -0.394172
23.759 -0.412899
23.76 -0.431598
23.761 -0.450265
23.762 -0.468898
23.763 -0.487491
23.764 -0.50604
23.765 -0.524542
23.766 -0.542993
23.767 -0.561388
23.768 -0.579723
23.769 -0.597995
23.77 -0.6162
23.771 -0.634333
23.772 -0.652392
23.773 -0.670373
23.774 -0.688271
23.775 -0.706084
23.776 -0.723808
23.777 -0.741439
23.778 -0.758974
23.779 -0.77641
23.78 -0.793744
23.781 -0.810971
23.782 -0.828088
23.783 -0.845087
23.784 -0.861963
23.785 -0.878711
23.786 -0.895325
23.787 -0.9118
23.788 -0.92813
23.789 -0.944311
23.79 -0.960336
23.791 -0.976202
23.792 -0.991904
23.793 -1.00744
23.794 -1.0228
23.795 -1.03799
23.796 -1.053
23.797 -1.06784
23.798 -1.08248
23.799 -1.09695
23.8 -1.11122
23.801 -1.1253
23.802 -1.13918
23.803 -1.15286
23.804 -1.16634
23.805 -1.17961
23.806 -1.19267
23.807 -1.20551
23.808 -1.21813
23.809 -1.23054
23.81 -1.24271
23.811 -1.25466
23.812 -1.26638
23.813 -1.27786
23.814 -1.28911
23.815 -1.30013
23.816 -1.31091
23.817 -1.32145
23.818 -1.33176
23.819 -1.34182
23.82 -1.35165
23.821 -1.36123
23.822 -1.37057
23.823 -1.37968
23.824 -1.38854
23.825 -1.39717
23.826 -1.40556
23.827 -1.41371
23.828 -1.42163
23.829 -1.42932
23.83 -1.43677
23.831 -1.44399
23.832 -1.45099
23.833 -1.45777
23.834 -1.46433
23.835 -1.47067
23.836 -1.47681
23.837 -1.48274
23.838 -1.48848
23.839 -1.49402
23.84 -1.49938
23.841 -1.50455
23.842 -1.50954
23.843 -1.51435
23.844 -1.519
23.845 -1.52349
23.846 -1.52782
23.847 -1.53199
23.848 -1.53602
23.849 -1.5399
23.85 -1.54365
23.851 -1.54727
23.852 -1.55076
23.853 -1.55413
23.854 -1.55738
23.855 -1.56051
23.856 -1.56354
23.857 -1.56646
23.858 -1.56928
23.859 -1.57201
23.86 -1.57464
23.861 -1.57718
23.862 -1.57964
23.863 -1.58201
23.864 -1.5843
23.865 -1.58651
23.866 -1.58864
23.867 -1.5907
23.868 -1.59268
23.869 -1.59459
23.87 -1.59642
23.871 -1.59819
23.872 -1.59989
23.873 -1.60152
23.874 -1.60309
23.875 -1.60459
23.876 -1.60602
23.877 -1.60739
23.878 -1.60869
23.879 -1.60993
23.88 -1.6111
23.881 -1.61222
23.882 -1.61327
23.883 -1.61426
23.884 -1.61518
23.885 -1.61604
23.886 -1.61683
23.887 -1.61756
23.888 -1.61823
23.889 -1.61882
23.89 -1.61935
23.891 -1.61981
23.892 -1.62021
23.893 -1.62053
23.894 -1.62079
23.895 -1.62098
23.896 -1.6211
23.897 -1.62114
23.898 -1.62112
23.899 -1.62103
23.9 -1.62087
23.901 -1.62063
23.902 -1.62033
23.903 -1.61995
23.904 -1.61949
23.905 -1.61896
23.906 -1.61834
23.907 -1.61765
23.908 -1.61688
23.909 -1.61602
23.91 -1.61508
23.911 -1.61405
23.912 -1.61293
23.913 -1.61172
23.914 -1.61042
23.915 -1.60902
23.916 -1.60752
23.917 -1.60592
23.918 -1.60422
23.919 -1.60241
23.92 -1.60049
23.921 -1.59845
23.922 -1.5963
23.923 -1.59404
23.924 -1.59165
23.925 -1.58913
23.926 -1.58648
23.927 -1.5837
23.928 -1.58079
23.929 -1.57773
23.93 -1.57453
23.931 -1.57118
23.932 -1.56768
23.933 -1.56402
23.934 -1.56021
23.935 -1.55623
23.936 -1.55207
23.937 -1.54775
23.938 -1.54324
23.939 -1.53856
23.94 -1.53369
23.941 -1.52862
23.942 -1.52336
23.943 -1.5179
23.944 -1.51224
23.945 -1.50636
23.946 -1.50027
23.947 -1.49395
23.948 -1.48741
23.949 -1.48064
23.95 -1.47363
23.951 -1.46638
23.952 -1.45889
23.953 -1.45116
23.954 -1.44318
23.955 -1.43496
23.956 -1.42648
23.957 -1.41776
23.958 -1.40879
23.959 -1.39956
23.96 -1.39008
23.961 -1.38035
23.962 -1.37037
23.963 -1.36013
23.964 -1.34963
23.965 -1.33887
23.966 -1.32786
23.967 -1.31659
23.968 -1.30507
23.969 -1.29328
23.97 -1.28124
23.971 -1.26894
23.972 -1.25638
23.973 -1.24357
23.974 -1.23051
23.975 -1.21719
23.976 -1.20363
23.977 -1.18982
23.978 -1.17576
23.979 -1.16146
23.98 -1.14691
23.981 -1.13213
23.982 -1.11711
23.983 -1.10185
23.984 -1.08635
23.985 -1.07061
23.986 -1.05464
23.987 -1.03842
23.988 -1.02196
23.989 -1.00527
23.99 -0.988336
23.991 -0.971167
23.992 -0.953762
23.993 -0.936124
23.994 -0.918254
23.995 -0.900156
23.996 -0.881831
23.997 -0.863282
23.998 -0.844511
23.999 -0.825521
24 -0.806315
24.001 -0.786896
24.002 -0.767266
24.003 -0.747428
24.004 -0.727385
24.005 -0.707141
24.006 -0.686699
24.007 -0.666062
24.008 -0.645232
24.009 -0.624215
24.01 -0.603013
24.011 -0.58163
24.012 -0.560072
24.013 -0.538346
24.014 -0.516458
24.015 -0.494414
24.016 -0.472222
24.017 -0.449887
24.018 -0.427417
24.019 -0.404818
24.02 -0.382097
24.021 -0.359262
24.022 -0.33632
24.023 -0.313279
24.024 -0.290148
24.025 -0.266935
24.026 -0.243649
24.027 -0.220298
24.028 -0.19689
24.029 -0.173434
24.03 -0.149938
24.031 -0.126412
24.032 -0.102865
24.033 -0.0793096
24.034 -0.0557564
24.035 -0.0322166
24.036 -0.0087012
24.037 0.0147786
24.038 0.0382116
24.039 0.0615869
24.04 0.0848935
24.041 0.108121
24.042 0.131258
24.043 0.154297
24.044 0.177228
24.045 0.200041
24.046 0.222726
24.047 0.245276
24.048 0.26768
24.049 0.289929
24.05 0.312014
24.051 0.333927
24.052 0.355656
24.053 0.377192
24.054 0.398525
24.055 0.419645
24.056 0.440542
24.057 0.461206
24.058 0.481628
24.059 0.501798
24.06 0.521707
24.061 0.541347
24.062 0.560709
24.063 0.579789
24.064 0.598579
24.065 0.617074
24.066 0.635268
24.067 0.653155
24.068 0.670729
24.069 0.687986
24.07 0.70492
24.071 0.721525
24.072 0.737796
24.073 0.753726
24.074 0.76931
24.075 0.784541
24.076 0.799413
24.077 0.813922
24.078 0.828062
24.079 0.841828
24.08 0.855214
24.081 0.868217
24.082 0.880833
24.083 0.893062
24.084 0.904902
24.085 0.91635
24.086 0.927407
24.087 0.93807
24.088 0.948339
24.089 0.958213
24.09 0.967692
24.091 0.976774
24.092 0.985459
24.093 0.993745
24.094 1.00163
24.095 1.00912
24.096 1.0162
24.097 1.02288
24.098 1.02916
24.099 1.03503
24.1 1.0405
24.101 1.04556
24.102 1.05023
24.103 1.05448
24.104 1.05834
24.105 1.06179
24.106 1.06484
24.107 1.0675
24.108 1.06975
24.109 1.0716
24.11 1.07306
24.111 1.07412
24.112 1.07479
24.113 1.07506
24.114 1.07494
24.115 1.07443
24.116 1.07353
24.117 1.07223
24.118 1.07055
24.119 1.06848
24.12 1.06603
24.121 1.06319
24.122 1.05997
24.123 1.05638
24.124 1.05241
24.125 1.04807
24.126 1.04337
24.127 1.03831
24.128 1.03289
24.129 1.02712
24.13 1.021
24.131 1.01453
24.132 1.00773
24.133 1.00059
24.134 0.993112
24.135 0.985309
24.136 0.977181
24.137 0.968732
24.138 0.959966
24.139 0.950887
24.14 0.9415
24.141 0.931809
24.142 0.921817
24.143 0.911528
24.144 0.900945
24.145 0.890073
24.146 0.878914
24.147 0.867472
24.148 0.855752
24.149 0.843757
24.15 0.831492
24.151 0.818962
24.152 0.806172
24.153 0.79313
24.154 0.779843
24.155 0.766318
24.156 0.752563
24.157 0.738586
24.158 0.724393
24.159 0.709993
24.16 0.695393
24.161 0.680601
24.162 0.665625
24.163 0.650472
24.164 0.635151
24.165 0.61967
24.166 0.604036
24.167 0.588257
24.168 0.572343
24.169 0.556301
24.17 0.540139
24.171 0.523867
24.172 0.507492
24.173 0.491026
24.174 0.474477
24.175 0.457856
24.176 0.441173
24.177 0.424436
24.178 0.407656
24.179 0.390843
24.18 0.374006
24.181 0.357155
24.182 0.340299
24.183 0.323446
24.184 0.306605
24.185 0.289784
24.186 0.272991
24.187 0.256235
24.188 0.239524
24.189 0.222866
24.19 0.20627
24.191 0.189745
24.192 0.173299
24.193 0.156942
24.194 0.140684
24.195 0.124534
24.196 0.108501
24.197 0.092595
24.198 0.0768251
24.199 0.0612004
24.2 0.0457301
24.201 0.0304229
24.202 0.0152868
24.203 0.000329278
24.204 -0.0144421
24.205 -0.0290199
24.206 -0.0433968
24.207 -0.0575657
24.208 -0.0715193
24.209 -0.0852508
24.21 -0.098753
24.211 -0.112019
24.212 -0.125043
24.213 -0.137817
24.214 -0.150335
24.215 -0.162591
24.216 -0.174578
24.217 -0.186291
24.218 -0.197722
24.219 -0.208867
24.22 -0.21972
24.221 -0.230274
24.222 -0.240524
24.223 -0.250465
24.224 -0.260091
24.225 -0.269397
24.226 -0.278379
24.227 -0.287031
24.228 -0.295349
24.229 -0.303328
24.23 -0.310963
24.231 -0.318251
24.232 -0.325188
24.233 -0.331772
24.234 -0.338
24.235 -0.34387
24.236 -0.34938
24.237 -0.354527
24.238 -0.35931
24.239 -0.363727
24.24 -0.367776
24.241 -0.371456
24.242 -0.374764
24.243 -0.377697
24.244 -0.380254
24.245 -0.382433
24.246 -0.38423
24.247 -0.385645
24.248 -0.386675
24.249 -0.387319
24.25 -0.387576
24.251 -0.387445
24.252 -0.386924
24.253 -0.386013
24.254 -0.38471
24.255 -0.383016
24.256 -0.380929
24.257 -0.378451
24.258 -0.375579
24.259 -0.372316
24.26 -0.36866
24.261 -0.364613
24.262 -0.360174
24.263 -0.355346
24.264 -0.350128
24.265 -0.344521
24.266 -0.338528
24.267 -0.332149
24.268 -0.325386
24.269 -0.31824
24.27 -0.310714
24.271 -0.30281
24.272 -0.294531
24.273 -0.28588
24.274 -0.276862
24.275 -0.267481
24.276 -0.257741
24.277 -0.247646
24.278 -0.2372
24.279 -0.226408
24.28 -0.215275
24.281 -0.203806
24.282 -0.192006
24.283 -0.17988
24.284 -0.167432
24.285 -0.15467
24.286 -0.141597
24.287 -0.12822
24.288 -0.114545
24.289 -0.100577
24.29 -0.0863229
24.291 -0.0717883
24.292 -0.0569796
24.293 -0.0419031
24.294 -0.0265653
24.295 -0.0109728
24.296 0.00486765
24.297 0.0209493
24.298 0.0372654
24.299 0.0538088
24.3 0.0705725
24.301 0.087549
24.302 0.10473
24.303 0.122107
24.304 0.139672
24.305 0.157414
24.306 0.175326
24.307 0.193399
24.308 0.211624
24.309 0.229991
24.31 0.248491
24.311 0.267116
24.312 0.285855
24.313 0.304701
24.314 0.323643
24.315 0.342672
24.316 0.36178
24.317 0.380956
24.318 0.400191
24.319 0.419476
24.32 0.438801
24.321 0.458158
24.322 0.477536
24.323 0.496927
24.324 0.51632
24.325 0.535707
24.326 0.555078
24.327 0.574424
24.328 0.593736
24.329 0.613003
24.33 0.632218
24.331 0.65137
24.332 0.670448
24.333 0.689439
24.334 0.708333
24.335 0.727118
24.336 0.745781
24.337 0.764312
24.338 0.782698
24.339 0.800929
24.34 0.818993
24.341 0.836878
24.342 0.854576
24.343 0.872076
24.344 0.889368
24.345 0.906444
24.346 0.923293
24.347 0.939906
24.348 0.956275
24.349 0.97239
24.35 0.988241
24.351 1.00382
24.352 1.01912
24.353 1.03413
24.354 1.04883
24.355 1.06323
24.356 1.0773
24.357 1.09104
24.358 1.10445
24.359 1.11751
24.36 1.13021
24.361 1.14254
24.362 1.15451
24.363 1.16609
24.364 1.17729
24.365 1.18809
24.366 1.1985
24.367 1.2085
24.368 1.21809
24.369 1.22726
24.37 1.23601
24.371 1.24433
24.372 1.25221
24.373 1.25965
24.374 1.26666
24.375 1.27321
24.376 1.27931
24.377 1.28495
24.378 1.29012
24.379 1.29484
24.38 1.29908
24.381 1.30285
24.382 1.30614
24.383 1.30895
24.384 1.31128
24.385 1.31312
24.386 1.31447
24.387 1.31533
24.388 1.3157
24.389 1.31558
24.39 1.31496
24.391 1.31384
24.392 1.31222
24.393 1.31011
24.394 1.3075
24.395 1.3044
24.396 1.30082
24.397 1.29674
24.398 1.29218
24.399 1.28714
24.4 1.28162
24.401 1.27562
24.402 1.26915
24.403 1.26221
24.404 1.2548
24.405 1.24692
24.406 1.23858
24.407 1.22977
24.408 1.22051
24.409 1.21079
24.41 1.20062
24.411 1.19
24.412 1.17894
24.413 1.16743
24.414 1.15549
24.415 1.14312
24.416 1.13032
24.417 1.11709
24.418 1.10345
24.419 1.0894
24.42 1.07493
24.421 1.06007
24.422 1.0448
24.423 1.02914
24.424 1.0131
24.425 0.996673
24.426 0.979873
24.427 0.962705
24.428 0.945173
24.429 0.927286
24.43 0.909049
24.431 0.890469
24.432 0.871552
24.433 0.852302
24.434 0.832726
24.435 0.81283
24.436 0.792619
24.437 0.772099
24.438 0.751277
24.439 0.73016
24.44 0.708752
24.441 0.687061
24.442 0.665094
24.443 0.642857
24.444 0.620357
24.445 0.597601
24.446 0.574595
24.447 0.551348
24.448 0.527866
24.449 0.504156
24.45 0.480226
24.451 0.456083
24.452 0.431737
24.453 0.407196
24.454 0.382468
24.455 0.357565
24.456 0.332493
24.457 0.307263
24.458 0.281884
24.459 0.256365
24.46 0.230716
24.461 0.204946
24.462 0.179064
24.463 0.15308
24.464 0.127004
24.465 0.100845
24.466 0.0746131
24.467 0.0483172
24.468 0.0219672
24.469 -0.00442711
24.47 -0.0308562
24.471 -0.0573104
24.472 -0.08378
24.473 -0.110255
24.474 -0.136727
24.475 -0.163185
24.476 -0.189619
24.477 -0.216021
24.478 -0.242381
24.479 -0.268689
24.48 -0.294935
24.481 -0.321111
24.482 -0.347206
24.483 -0.373211
24.484 -0.399118
24.485 -0.424917
24.486 -0.450598
24.487 -0.476152
24.488 -0.501571
24.489 -0.526845
24.49 -0.551965
24.491 -0.576923
24.492 -0.601711
24.493 -0.626323
24.494 -0.650749
24.495 -0.674985
24.496 -0.699021
24.497 -0.722853
24.498 -0.746472
24.499 -0.769871
24.5 -0.793046
24.501 -0.815988
24.502 -0.838692
24.503 -0.86115
24.504 -0.883358
24.505 -0.90531
24.506 -0.926998
24.507 -0.948418
24.508 -0.969564
24.509 -0.99043
24.51 -1.01101
24.511 -1.0313
24.512 -1.0513
24.513 -1.071
24.514 -1.09039
24.515 -1.10947
24.516 -1.12824
24.517 -1.14669
24.518 -1.16482
24.519 -1.18262
24.52 -1.20009
24.521 -1.21723
24.522 -1.23402
24.523 -1.25048
24.524 -1.26659
24.525 -1.28234
24.526 -1.29774
24.527 -1.31278
24.528 -1.32745
24.529 -1.34176
24.53 -1.35569
24.531 -1.36925
24.532 -1.38243
24.533 -1.39523
24.534 -1.40764
24.535 -1.41967
24.536 -1.43131
24.537 -1.44255
24.538 -1.45341
24.539 -1.46386
24.54 -1.47392
24.541 -1.48358
24.542 -1.49284
24.543 -1.50168
24.544 -1.51012
24.545 -1.51814
24.546 -1.52574
24.547 -1.53293
24.548 -1.53968
24.549 -1.54601
24.55 -1.55191
24.551 -1.55737
24.552 -1.5624
24.553 -1.56699
24.554 -1.57113
24.555 -1.57483
24.556 -1.57808
24.557 -1.58087
24.558 -1.58321
24.559 -1.58509
24.56 -1.58651
24.561 -1.58747
24.562 -1.58796
24.563 -1.58799
24.564 -1.58755
24.565 -1.58664
24.566 -1.58526
24.567 -1.58341
24.568 -1.58109
24.569 -1.5783
24.57 -1.57503
24.571 -1.57129
24.572 -1.56708
24.573 -1.5624
24.574 -1.55725
24.575 -1.55163
24.576 -1.54555
24.577 -1.53901
24.578 -1.532
24.579 -1.52454
24.58 -1.51662
24.581 -1.50826
24.582 -1.49944
24.583 -1.49018
24.584 -1.48047
24.585 -1.47033
24.586 -1.45975
24.587 -1.44875
24.588 -1.43731
24.589 -1.42545
24.59 -1.41318
24.591 -1.40049
24.592 -1.38739
24.593 -1.3739
24.594 -1.36
24.595 -1.34572
24.596 -1.33106
24.597 -1.31602
24.598 -1.30062
24.599 -1.28485
24.6 -1.26873
24.601 -1.25226
24.602 -1.23546
24.603 -1.21832
24.604 -1.20086
24.605 -1.18308
24.606 -1.16499
24.607 -1.14661
24.608 -1.12793
24.609 -1.10897
24.61 -1.08973
24.611 -1.07022
24.612 -1.05046
24.613 -1.03045
24.614 -1.01021
24.615 -0.989732
24.616 -0.969041
24.617 -0.948143
24.618 -0.927049
24.619 -0.90577
24.62 -0.884314
24.621 -0.862694
24.622 -0.840919
24.623 -0.819001
24.624 -0.796949
24.625 -0.774775
24.626 -0.75249
24.627 -0.730104
24.628 -0.707628
24.629 -0.685073
24.63 -0.662449
24.631 -0.639768
24.632 -0.617041
24.633 -0.594279
24.634 -0.571491
24.635 -0.54869
24.636 -0.525886
24.637 -0.503091
24.638 -0.480314
24.639 -0.457567
24.64 -0.434861
24.641 -0.412206
24.642 -0.389614
24.643 -0.367095
24.644 -0.344659
24.645 -0.322318
24.646 -0.300082
24.647 -0.277962
24.648 -0.255968
24.649 -0.234111
24.65 -0.2124
24.651 -0.190847
24.652 -0.169459
24.653 -0.148247
24.654 -0.127219
24.655 -0.106383
24.656 -0.085748
24.657 -0.0653226
24.658 -0.0451149
24.659 -0.0251335
24.66 -0.00538627
24.661 0.0141185
24.662 0.033373
24.663 0.0523693
24.664 0.0710996
24.665 0.0895563
24.666 0.107732
24.667 0.125619
24.668 0.143211
24.669 0.160499
24.67 0.177478
24.671 0.194141
24.672 0.21048
24.673 0.226489
24.674 0.242161
24.675 0.257492
24.676 0.272473
24.677 0.2871
24.678 0.301366
24.679 0.315267
24.68 0.328795
24.681 0.341947
24.682 0.354717
24.683 0.367099
24.684 0.37909
24.685 0.390683
24.686 0.401876
24.687 0.412664
24.688 0.423042
24.689 0.433006
24.69 0.442553
24.691 0.45168
24.692 0.460382
24.693 0.468656
24.694 0.4765
24.695 0.48391
24.696 0.490884
24.697 0.49742
24.698 0.503515
24.699 0.509166
24.7 0.514373
24.701 0.519132
24.702 0.523444
24.703 0.527305
24.704 0.530716
24.705 0.533675
24.706 0.536181
24.707 0.538234
24.708 0.539833
24.709 0.540978
24.71 0.541669
24.711 0.541906
24.712 0.54169
24.713 0.541021
24.714 0.539899
24.715 0.538326
24.716 0.536303
24.717 0.53383
24.718 0.53091
24.719 0.527544
24.72 0.523733
24.721 0.519481
24.722 0.514786
24.723 0.509652
24.724 0.504079
24.725 0.498067
24.726 0.49162
24.727 0.484738
24.728 0.477424
24.729 0.469679
24.73 0.461506
24.731 0.452908
24.732 0.44389
24.733 0.434457
24.734 0.424615
24.735 0.414369
24.736 0.403726
24.737 0.392691
24.738 0.381272
24.739 0.369474
24.74 0.357304
24.741 0.344768
24.742 0.331873
24.743 0.318624
24.744 0.305027
24.745 0.291087
24.746 0.276812
24.747 0.262206
24.748 0.247278
24.749 0.232032
24.75 0.216476
24.751 0.200616
24.752 0.184461
24.753 0.168019
24.754 0.151298
24.755 0.134307
24.756 0.117055
24.757 0.0995501
24.758 0.0818012
24.759 0.0638174
24.76 0.0456077
24.761 0.0271809
24.762 0.00854524
24.763 -0.0102914
24.764 -0.0293211
24.765 -0.0485357
24.766 -0.067927
24.767 -0.0874868
24.768 -0.107207
24.769 -0.127079
24.77 -0.147094
24.771 -0.167245
24.772 -0.187521
24.773 -0.207916
24.774 -0.228421
24.775 -0.249026
24.776 -0.269723
24.777 -0.290503
24.778 -0.311359
24.779 -0.33228
24.78 -0.353258
24.781 -0.374286
24.782 -0.395355
24.783 -0.416461
24.784 -0.437597
24.785 -0.458756
24.786 -0.479934
24.787 -0.501123
24.788 -0.522318
24.789 -0.543512
24.79 -0.5647
24.791 -0.585874
24.792 -0.607027
24.793 -0.62815
24.794 -0.649233
24.795 -0.670269
24.796 -0.691248
24.797 -0.712162
24.798 -0.733002
24.799 -0.75376
24.8 -0.774427
24.801 -0.794995
24.802 -0.815456
24.803 -0.835805
24.804 -0.856032
24.805 -0.876133
24.806 -0.896099
24.807 -0.915925
24.808 -0.935603
24.809 -0.955127
24.81 -0.97449
24.811 -0.993685
24.812 -1.01271
24.813 -1.03154
24.814 -1.05019
24.815 -1.06864
24.816 -1.08689
24.817 -1.10492
24.818 -1.12274
24.819 -1.14032
24.82 -1.15768
24.821 -1.17479
24.822 -1.19166
24.823 -1.20827
24.824 -1.22461
24.825 -1.24069
24.826 -1.25648
24.827 -1.27199
24.828 -1.2872
24.829 -1.30212
24.83 -1.31672
24.831 -1.33101
24.832 -1.34498
24.833 -1.35863
24.834 -1.37194
24.835 -1.38492
24.836 -1.39756
24.837 -1.40986
24.838 -1.4218
24.839 -1.43339
24.84 -1.44462
24.841 -1.4555
24.842 -1.466
24.843 -1.47614
24.844 -1.48592
24.845 -1.49532
24.846 -1.50435
24.847 -1.513
24.848 -1.52128
24.849 -1.52919
24.85 -1.53671
24.851 -1.54386
24.852 -1.55062
24.853 -1.55701
24.854 -1.56301
24.855 -1.56864
24.856 -1.57388
24.857 -1.57874
24.858 -1.58322
24.859 -1.58731
24.86 -1.59103
24.861 -1.59437
24.862 -1.59732
24.863 -1.59991
24.864 -1.60212
24.865 -1.60396
24.866 -1.60543
24.867 -1.60653
24.868 -1.60728
24.869 -1.60766
24.87 -1.60769
24.871 -1.60737
24.872 -1.6067
24.873 -1.60568
24.874 -1.60432
24.875 -1.60263
24.876 -1.6006
24.877 -1.59825
24.878 -1.59557
24.879 -1.59257
24.88 -1.58925
24.881 -1.58563
24.882 -1.5817
24.883 -1.57747
24.884 -1.57295
24.885 -1.56813
24.886 -1.56303
24.887 -1.55766
24.888 -1.552
24.889 -1.54609
24.89 -1.53991
24.891 -1.53347
24.892 -1.52678
24.893 -1.51984
24.894 -1.51267
24.895 -1.50525
24.896 -1.49761
24.897 -1.48973
24.898 -1.48164
24.899 -1.47333
24.9 -1.4648
24.901 -1.45607
24.902 -1.44714
24.903 -1.43801
24.904 -1.42869
24.905 -1.41918
24.906 -1.40948
24.907 -1.3996
24.908 -1.38955
24.909 -1.37932
24.91 -1.36893
24.911 -1.35838
24.912 -1.34767
24.913 -1.33681
24.914 -1.3258
24.915 -1.31465
24.916 -1.30335
24.917 -1.29193
24.918 -1.28038
24.919 -1.26871
24.92 -1.25692
24.921 -1.24501
24.922 -1.233
24.923 -1.22089
24.924 -1.20868
24.925 -1.19638
24.926 -1.184
24.927 -1.17153
24.928 -1.15899
24.929 -1.14638
24.93 -1.13371
24.931 -1.12097
24.932 -1.10818
24.933 -1.09535
24.934 -1.08247
24.935 -1.06956
24.936 -1.05661
24.937 -1.04364
24.938 -1.03064
24.939 -1.01764
24.94 -1.00462
24.941 -0.991596
24.942 -0.978577
24.943 -0.965564
24.944 -0.952563
24.945 -0.939581
24.946 -0.926622
24.947 -0.913693
24.948 -0.900797
24.949 -0.887941
24.95 -0.87513
24.951 -0.862369
24.952 -0.849662
24.953 -0.837009
24.954 -0.824415
24.955 -0.811882
24.956 -0.799412
24.957 -0.787008
24.958 -0.774672
24.959 -0.762407
24.96 -0.750214
24.961 -0.738097
24.962 -0.726058
24.963 -0.714099
24.964 -0.702222
24.965 -0.69043
24.966 -0.678724
24.967 -0.667107
24.968 -0.65558
24.969 -0.644147
24.97 -0.632809
24.971 -0.621566
24.972 -0.61042
24.973 -0.599369
24.974 -0.588413
24.975 -0.57755
24.976 -0.56678
24.977 -0.556102
24.978 -0.545514
24.979 -0.535016
24.98 -0.524606
24.981 -0.514284
24.982 -0.50405
24.983 -0.493903
24.984 -0.483844
24.985 -0.473873
24.986 -0.463991
24.987 -0.454196
24.988 -0.444489
24.989 -0.43487
24.99 -0.425339
24.991 -0.415896
24.992 -0.406542
24.993 -0.397278
24.994 -0.388105
24.995 -0.379024
24.996 -0.370037
24.997 -0.361143
24.998 -0.352345
24.999 -0.343643
25 -0.335037
25.001 -0.32653
25.002 -0.318121
25.003 -0.309811
25.004 -0.301601
25.005 -0.293492
25.006 -0.285484
25.007 -0.277577
25.008 -0.269773
25.009 -0.262072
25.01 -0.254474
25.011 -0.24698
25.012 -0.239588
25.013 -0.232297
25.014 -0.225107
25.015 -0.218017
25.016 -0.211024
25.017 -0.204129
25.018 -0.197329
25.019 -0.190623
25.02 -0.184011
25.021 -0.177491
25.022 -0.171062
25.023 -0.164725
25.024 -0.15848
25.025 -0.152325
25.026 -0.146262
25.027 -0.14029
25.028 -0.134408
25.029 -0.128616
25.03 -0.122914
25.031 -0.117301
25.032 -0.111776
25.033 -0.106336
25.034 -0.100981
25.035 -0.0957073
25.036 -0.0905139
25.037 -0.0853987
25.038 -0.0803595
25.039 -0.0753945
25.04 -0.0705014
25.041 -0.0656787
25.042 -0.0609251
25.043 -0.0562399
25.044 -0.0516223
25.045 -0.0470714
25.046 -0.0425864
25.047 -0.0381663
25.048 -0.0338102
25.049 -0.0295171
25.05 -0.0252861
25.051 -0.0211157
25.052 -0.0170039
25.053 -0.0129483
25.054 -0.00894641
25.055 -0.00499588
25.056 -0.00109418
25.057 0.00276118
25.058 0.00657273
25.059 0.010343
25.06 0.0140746
25.061 0.0177694
25.062 0.0214279
25.063 0.0250501
25.064 0.0286359
25.065 0.0321851
25.066 0.0356978
25.067 0.0391739
25.068 0.0426133
25.069 0.0460161
25.07 0.0493822
25.071 0.0527117
25.072 0.0560045
25.073 0.0592609
25.074 0.0624808
25.075 0.0656644
25.076 0.0688117
25.077 0.0719229
25.078 0.0749981
25.079 0.0780374
25.08 0.081041
25.081 0.0840091
25.082 0.0869419
25.083 0.0898396
25.084 0.0927024
25.085 0.0955305
25.086 0.0983243
25.087 0.101084
25.088 0.10381
25.089 0.106502
25.09 0.109162
25.091 0.111789
25.092 0.114386
25.093 0.116957
25.094 0.119504
25.095 0.12203
25.096 0.124539
25.097 0.127033
25.098 0.129516
25.099 0.131991
25.1 0.134461
25.101 0.136928
25.102 0.139396
25.103 0.141865
25.104 0.144337
25.105 0.146814
25.106 0.149298
25.107 0.151791
25.108 0.154294
25.109 0.156809
25.11 0.159337
25.111 0.161881
25.112 0.164443
25.113 0.167023
25.114 0.169624
25.115 0.172247
25.116 0.174894
25.117 0.177567
25.118 0.180267
25.119 0.182996
25.12 0.185756
25.121 0.188548
25.122 0.191374
25.123 0.194235
25.124 0.197134
25.125 0.200071
25.126 0.203048
25.127 0.206067
25.128 0.20913
25.129 0.212237
25.13 0.21539
25.131 0.218591
25.132 0.221841
25.133 0.225141
25.134 0.228494
25.135 0.2319
25.136 0.235361
25.137 0.238877
25.138 0.242451
25.139 0.246084
25.14 0.249777
25.141 0.25353
25.142 0.257343
25.143 0.261214
25.144 0.265142
25.145 0.269125
25.146 0.273161
25.147 0.277249
25.148 0.281388
25.149 0.285575
25.15 0.289809
25.151 0.294089
25.152 0.298414
25.153 0.302784
25.154 0.307198
25.155 0.311657
25.156 0.316158
25.157 0.320703
25.158 0.325291
25.159 0.32992
25.16 0.334592
25.161 0.339305
25.162 0.344057
25.163 0.348847
25.164 0.353673
25.165 0.358533
25.166 0.363425
25.167 0.368347
25.168 0.373297
25.169 0.378274
25.17 0.383275
25.171 0.388299
25.172 0.393343
25.173 0.398406
25.174 0.403485
25.175 0.40858
25.176 0.413687
25.177 0.418805
25.178 0.423931
25.179 0.429065
25.18 0.434204
25.181 0.439346
25.182 0.444489
25.183 0.449631
25.184 0.45477
25.185 0.459905
25.186 0.465033
25.187 0.470152
25.188 0.475262
25.189 0.480358
25.19 0.485441
25.191 0.490507
25.192 0.495555
25.193 0.500584
25.194 0.505591
25.195 0.510574
25.196 0.515531
25.197 0.520462
25.198 0.525364
25.199 0.530235
25.2 0.535073
25.201 0.539877
25.202 0.544645
25.203 0.549376
25.204 0.554067
25.205 0.558716
25.206 0.563324
25.207 0.567887
25.208 0.572403
25.209 0.576873
25.21 0.581293
25.211 0.585663
25.212 0.589978
25.213 0.594238
25.214 0.598439
25.215 0.602577
25.216 0.606651
25.217 0.610657
25.218 0.614594
25.219 0.618457
25.22 0.622246
25.221 0.625956
25.222 0.629588
25.223 0.633139
25.224 0.636609
25.225 0.639996
25.226 0.6433
25.227 0.646519
25.228 0.649652
25.229 0.652699
25.23 0.655658
25.231 0.658529
25.232 0.661309
25.233 0.663997
25.234 0.666589
25.235 0.669085
25.236 0.671482
25.237 0.673779
25.238 0.675972
25.239 0.678061
25.24 0.680044
25.241 0.681918
25.242 0.683684
25.243 0.685341
25.244 0.686888
25.245 0.688326
25.246 0.689654
25.247 0.690872
25.248 0.69198
25.249 0.692977
25.25 0.693865
25.251 0.694641
25.252 0.695307
25.253 0.695859
25.254 0.696298
25.255 0.696621
25.256 0.696828
25.257 0.696918
25.258 0.696889
25.259 0.696741
25.26 0.696473
25.261 0.696083
25.262 0.695572
25.263 0.694938
25.264 0.694181
25.265 0.693299
25.266 0.692293
25.267 0.691161
25.268 0.689904
25.269 0.68852
25.27 0.68701
25.271 0.685373
25.272 0.68361
25.273 0.681722
25.274 0.67971
25.275 0.677576
25.276 0.67532
25.277 0.672945
25.278 0.67045
25.279 0.667838
25.28 0.66511
25.281 0.662267
25.282 0.65931
25.283 0.656239
25.284 0.653053
25.285 0.649755
25.286 0.646342
25.287 0.642817
25.288 0.63918
25.289 0.63543
25.29 0.631569
25.291 0.627596
25.292 0.623514
25.293 0.619321
25.294 0.61502
25.295 0.61061
25.296 0.606092
25.297 0.601468
25.298 0.596738
25.299 0.591902
25.3 0.586962
25.301 0.581919
25.302 0.576772
25.303 0.571522
25.304 0.566167
25.305 0.560707
25.306 0.555143
25.307 0.549475
25.308 0.543701
25.309 0.537822
25.31 0.531839
25.311 0.52575
25.312 0.519557
25.313 0.513259
25.314 0.506856
25.315 0.500348
25.316 0.493736
25.317 0.48702
25.318 0.4802
25.319 0.473276
25.32 0.46625
25.321 0.459121
25.322 0.451891
25.323 0.444562
25.324 0.437136
25.325 0.429615
25.326 0.422
25.327 0.414294
25.328 0.406498
25.329 0.398615
25.33 0.390647
25.331 0.382596
25.332 0.374462
25.333 0.366246
25.334 0.35795
25.335 0.349574
25.336 0.34112
25.337 0.332587
25.338 0.323977
25.339 0.315292
25.34 0.306531
25.341 0.297697
25.342 0.288791
25.343 0.279817
25.344 0.270776
25.345 0.261671
25.346 0.252504
25.347 0.243279
25.348 0.233997
25.349 0.224661
25.35 0.215275
25.351 0.205839
25.352 0.196358
25.353 0.186834
25.354 0.17727
25.355 0.167667
25.356 0.15803
25.357 0.14836
25.358 0.13866
25.359 0.128934
25.36 0.119183
25.361 0.109411
25.362 0.0996202
25.363 0.0898136
25.364 0.0799939
25.365 0.0701638
25.366 0.0603261
25.367 0.0504836
25.368 0.0406391
25.369 0.0307953
25.37 0.020955
25.371 0.011121
25.372 0.00129602
25.373 -0.00851721
25.374 -0.0183159
25.375 -0.0280975
25.376 -0.037859
25.377 -0.0475979
25.378 -0.0573114
25.379 -0.0669969
25.38 -0.0766515
25.381 -0.0862731
25.382 -0.09586
25.383 -0.105411
25.384 -0.114925
25.385 -0.1244
25.386 -0.133835
25.387 -0.14323
25.388 -0.152582
25.389 -0.161892
25.39 -0.171156
25.391 -0.180375
25.392 -0.189546
25.393 -0.198667
25.394 -0.207734
25.395 -0.216746
25.396 -0.225701
25.397 -0.234596
25.398 -0.243428
25.399 -0.252195
25.4 -0.260896
25.401 -0.269528
25.402 -0.278088
25.403 -0.286575
25.404 -0.294986
25.405 -0.30332
25.406 -0.311574
25.407 -0.319746
25.408 -0.327833
25.409 -0.335836
25.41 -0.34375
25.411 -0.351575
25.412 -0.359308
25.413 -0.366948
25.414 -0.374493
25.415 -0.381941
25.416 -0.389291
25.417 -0.396541
25.418 -0.403688
25.419 -0.410733
25.42 -0.417673
25.421 -0.424506
25.422 -0.431234
25.423 -0.437855
25.424 -0.444369
25.425 -0.450778
25.426 -0.45708
25.427 -0.463276
25.428 -0.469366
25.429 -0.475351
25.43 -0.48123
25.431 -0.487005
25.432 -0.492675
25.433 -0.49824
25.434 -0.503702
25.435 -0.509061
25.436 -0.514317
25.437 -0.519471
25.438 -0.524523
25.439 -0.529475
25.44 -0.534327
25.441 -0.539079
25.442 -0.543731
25.443 -0.548283
25.444 -0.552734
25.445 -0.557084
25.446 -0.561332
25.447 -0.565478
25.448 -0.569522
25.449 -0.573464
25.45 -0.577303
25.451 -0.581039
25.452 -0.584674
25.453 -0.588208
25.454 -0.591643
25.455 -0.594981
25.456 -0.598222
25.457 -0.601368
25.458 -0.604421
25.459 -0.607383
25.46 -0.610253
25.461 -0.613035
25.462 -0.615729
25.463 -0.618334
25.464 -0.620851
25.465 -0.623281
25.466 -0.625624
25.467 -0.627881
25.468 -0.630051
25.469 -0.632136
25.47 -0.634136
25.471 -0.636052
25.472 -0.637886
25.473 -0.639639
25.474 -0.641314
25.475 -0.642913
25.476 -0.644438
25.477 -0.64589
25.478 -0.647273
25.479 -0.648589
25.48 -0.649839
25.481 -0.651025
25.482 -0.652148
25.483 -0.653207
25.484 -0.654201
25.485 -0.655131
25.486 -0.655996
25.487 -0.656796
25.488 -0.657531
25.489 -0.658199
25.49 -0.658802
25.491 -0.659338
25.492 -0.659808
25.493 -0.660212
25.494 -0.66055
25.495 -0.66082
25.496 -0.661024
25.497 -0.661162
25.498 -0.661233
25.499 -0.661237
25.5 -0.661175
25.501 -0.661046
25.502 -0.660849
25.503 -0.660584
25.504 -0.660248
25.505 -0.659841
25.506 -0.659362
25.507 -0.65881
25.508 -0.658183
25.509 -0.657481
25.51 -0.656703
25.511 -0.655846
25.512 -0.654909
25.513 -0.653887
25.514 -0.652776
25.515 -0.651575
25.516 -0.650278
25.517 -0.648882
25.518 -0.647384
25.519 -0.645782
25.52 -0.64407
25.521 -0.642247
25.522 -0.640311
25.523 -0.638259
25.524 -0.63609
25.525 -0.633802
25.526 -0.631393
25.527 -0.628862
25.528 -0.626207
25.529 -0.623427
25.53 -0.62052
25.531 -0.617485
25.532 -0.614321
25.533 -0.611026
25.534 -0.607599
25.535 -0.604039
25.536 -0.600345
25.537 -0.596516
25.538 -0.59255
25.539 -0.588447
25.54 -0.584206
25.541 -0.579826
25.542 -0.575306
25.543 -0.570646
25.544 -0.565845
25.545 -0.560902
25.546 -0.555817
25.547 -0.550589
25.548 -0.545218
25.549 -0.539703
25.55 -0.534045
25.551 -0.528244
25.552 -0.5223
25.553 -0.516218
25.554 -0.51
25.555 -0.503648
25.556 -0.497166
25.557 -0.490555
25.558 -0.483819
25.559 -0.476961
25.56 -0.469984
25.561 -0.46289
25.562 -0.455681
25.563 -0.44836
25.564 -0.440927
25.565 -0.433385
25.566 -0.425736
25.567 -0.417981
25.568 -0.410123
25.569 -0.402163
25.57 -0.394104
25.571 -0.385947
25.572 -0.377694
25.573 -0.369344
25.574 -0.3609
25.575 -0.352362
25.576 -0.343731
25.577 -0.335007
25.578 -0.326192
25.579 -0.317287
25.58 -0.308293
25.581 -0.299212
25.582 -0.290044
25.583 -0.280795
25.584 -0.271464
25.585 -0.262056
25.586 -0.252573
25.587 -0.243018
25.588 -0.233392
25.589 -0.2237
25.59 -0.213943
25.591 -0.204125
25.592 -0.194246
25.593 -0.184309
25.594 -0.174314
25.595 -0.164264
25.596 -0.15416
25.597 -0.144003
25.598 -0.133795
25.599 -0.123538
25.6 -0.113233
25.601 -0.102883
25.602 -0.0924888
25.603 -0.0820548
25.604 -0.0715837
25.605 -0.0610785
25.606 -0.0505424
25.607 -0.0399783
25.608 -0.0293895
25.609 -0.0187789
25.61 -0.0081496
25.611 0.00249523
25.612 0.0131525
25.613 0.0238192
25.614 0.0344922
25.615 0.0451683
25.616 0.0558445
25.617 0.0665177
25.618 0.0771847
25.619 0.0878424
25.62 0.0984878
25.621 0.109118
25.622 0.119729
25.623 0.130319
25.624 0.140885
25.625 0.151423
25.626 0.16193
25.627 0.172404
25.628 0.182841
25.629 0.193239
25.63 0.203594
25.631 0.213903
25.632 0.224161
25.633 0.234363
25.634 0.244502
25.635 0.254574
25.636 0.264572
25.637 0.274492
25.638 0.284329
25.639 0.294075
25.64 0.303728
25.641 0.31328
25.642 0.322729
25.643 0.33207
25.644 0.3413
25.645 0.350414
25.646 0.35941
25.647 0.368283
25.648 0.377031
25.649 0.385648
25.65 0.394133
25.651 0.402482
25.652 0.410693
25.653 0.418763
25.654 0.426691
25.655 0.434476
25.656 0.442115
25.657 0.449606
25.658 0.456949
25.659 0.464142
25.66 0.471182
25.661 0.47807
25.662 0.484805
25.663 0.491387
25.664 0.497816
25.665 0.504092
25.666 0.510216
25.667 0.516188
25.668 0.522008
25.669 0.527678
25.67 0.533196
25.671 0.538566
25.672 0.543787
25.673 0.548863
25.674 0.553795
25.675 0.558586
25.676 0.563238
25.677 0.567753
25.678 0.572134
25.679 0.576383
25.68 0.580502
25.681 0.584495
25.682 0.58836
25.683 0.592099
25.684 0.59571
25.685 0.599195
25.686 0.602554
25.687 0.605786
25.688 0.608892
25.689 0.611872
25.69 0.614726
25.691 0.617456
25.692 0.620062
25.693 0.622547
25.694 0.624913
25.695 0.62716
25.696 0.629292
25.697 0.631311
25.698 0.633218
25.699 0.635017
25.7 0.636708
25.701 0.638293
25.702 0.639773
25.703 0.641148
25.704 0.642417
25.705 0.643579
25.706 0.644635
25.707 0.645585
25.708 0.646427
25.709 0.647163
25.71 0.647791
25.711 0.648312
25.712 0.648727
25.713 0.649034
25.714 0.649235
25.715 0.649329
25.716 0.649316
25.717 0.649197
25.718 0.648972
25.719 0.648642
25.72 0.648206
25.721 0.647665
25.722 0.64702
25.723 0.646271
25.724 0.645419
25.725 0.644464
25.726 0.643407
25.727 0.642248
25.728 0.640988
25.729 0.639629
25.73 0.63817
25.731 0.636613
25.732 0.634958
25.733 0.633207
25.734 0.63136
25.735 0.629418
25.736 0.627383
25.737 0.625255
25.738 0.623035
25.739 0.620726
25.74 0.618327
25.741 0.615839
25.742 0.613266
25.743 0.610606
25.744 0.607863
25.745 0.605036
25.746 0.602128
25.747 0.59914
25.748 0.596073
25.749 0.592929
25.75 0.58971
25.751 0.586416
25.752 0.583051
25.753 0.579618
25.754 0.57612
25.755 0.572559
25.756 0.568938
25.757 0.565261
25.758 0.561531
25.759 0.55775
25.76 0.553922
25.761 0.55005
25.762 0.546137
25.763 0.542186
25.764 0.5382
25.765 0.534183
25.766 0.530137
25.767 0.526065
25.768 0.521972
25.769 0.517859
25.77 0.513731
25.771 0.50959
25.772 0.505437
25.773 0.501276
25.774 0.497108
25.775 0.492934
25.776 0.488757
25.777 0.484578
25.778 0.480399
25.779 0.476223
25.78 0.47205
25.781 0.467882
25.782 0.463722
25.783 0.459572
25.784 0.455432
25.785 0.451305
25.786 0.447193
25.787 0.443097
25.788 0.439019
25.789 0.434961
25.79 0.430925
25.791 0.426912
25.792 0.422924
25.793 0.418963
25.794 0.41503
25.795 0.411128
25.796 0.407257
25.797 0.40342
25.798 0.399618
25.799 0.395853
25.8 0.392126
25.801 0.388439
25.802 0.384792
25.803 0.381185
25.804 0.377619
25.805 0.374093
25.806 0.370608
25.807 0.367164
25.808 0.363761
25.809 0.360399
25.81 0.357078
25.811 0.353799
25.812 0.35056
25.813 0.347363
25.814 0.344208
25.815 0.341093
25.816 0.338019
25.817 0.334987
25.818 0.331996
25.819 0.329045
25.82 0.326135
25.821 0.323266
25.822 0.320438
25.823 0.31765
25.824 0.314902
25.825 0.312194
25.826 0.309526
25.827 0.306898
25.828 0.304308
25.829 0.301758
25.83 0.299246
25.831 0.296773
25.832 0.294338
25.833 0.291941
25.834 0.289581
25.835 0.287258
25.836 0.284972
25.837 0.282722
25.838 0.280508
25.839 0.278329
25.84 0.276185
25.841 0.274076
25.842 0.272003
25.843 0.269966
25.844 0.267966
25.845 0.266003
25.846 0.26408
25.847 0.262196
25.848 0.260353
25.849 0.258551
25.85 0.25679
25.851 0.255072
25.852 0.253398
25.853 0.251767
25.854 0.250181
25.855 0.248641
25.856 0.247146
25.857 0.245698
25.858 0.244297
25.859 0.242943
25.86 0.241638
25.861 0.240382
25.862 0.239175
25.863 0.238018
25.864 0.236912
25.865 0.235856
25.866 0.234851
25.867 0.233897
25.868 0.232996
25.869 0.232146
25.87 0.23135
25.871 0.230606
25.872 0.229914
25.873 0.229273
25.874 0.228681
25.875 0.228138
25.876 0.227643
25.877 0.227193
25.878 0.226789
25.879 0.226429
25.88 0.226111
25.881 0.225835
25.882 0.225597
25.883 0.225395
25.884 0.225227
25.885 0.22509
25.886 0.224982
25.887 0.224899
25.888 0.224838
25.889 0.224799
25.89 0.224776
25.891 0.224769
25.892 0.224775
25.893 0.224794
25.894 0.224823
25.895 0.224862
25.896 0.224909
25.897 0.224962
25.898 0.225021
25.899 0.225084
25.9 0.22515
25.901 0.225217
25.902 0.225285
25.903 0.225355
25.904 0.225426
25.905 0.225498
25.906 0.225571
25.907 0.225645
25.908 0.22572
25.909 0.225797
25.91 0.225874
25.911 0.225953
25.912 0.226033
25.913 0.226114
25.914 0.226195
25.915 0.226278
25.916 0.226361
25.917 0.226446
25.918 0.226531
25.919 0.226618
25.92 0.226705
25.921 0.226794
25.922 0.226884
25.923 0.226978
25.924 0.227077
25.925 0.227182
25.926 0.227295
25.927 0.227416
25.928 0.227547
25.929 0.22769
25.93 0.227846
25.931 0.228015
25.932 0.2282
25.933 0.228401
25.934 0.22862
25.935 0.228859
25.936 0.229117
25.937 0.229398
25.938 0.229701
25.939 0.230028
25.94 0.23038
25.941 0.230758
25.942 0.231163
25.943 0.231594
25.944 0.232051
25.945 0.232534
25.946 0.233042
25.947 0.233575
25.948 0.234134
25.949 0.234718
25.95 0.235326
25.951 0.235958
25.952 0.236613
25.953 0.237289
25.954 0.237985
25.955 0.238699
25.956 0.239428
25.957 0.240173
25.958 0.24093
25.959 0.241698
25.96 0.242476
25.961 0.243262
25.962 0.244052
25.963 0.244845
25.964 0.245636
25.965 0.246422
25.966 0.247202
25.967 0.247971
25.968 0.248727
25.969 0.249467
25.97 0.250188
25.971 0.250886
25.972 0.251561
25.973 0.252211
25.974 0.252833
25.975 0.253427
25.976 0.25399
25.977 0.254522
25.978 0.25502
25.979 0.255484
25.98 0.255911
25.981 0.256301
25.982 0.256653
25.983 0.256967
25.984 0.257242
25.985 0.25748
25.986 0.257679
25.987 0.25784
25.988 0.257962
25.989 0.258046
25.99 0.258092
25.991 0.2581
25.992 0.25807
25.993 0.258005
25.994 0.257906
25.995 0.257775
25.996 0.257612
25.997 0.257419
25.998 0.257198
25.999 0.25695
26 0.256677
26.001 0.25638
26.002 0.256062
26.003 0.255727
26.004 0.255375
26.005 0.255012
26.006 0.254639
26.007 0.254259
26.008 0.253876
26.009 0.253492
26.01 0.25311
26.011 0.252732
26.012 0.252361
26.013 0.251998
26.014 0.251644
26.015 0.251302
26.016 0.250972
26.017 0.250655
26.018 0.250355
26.019 0.250071
26.02 0.249806
26.021 0.249561
26.022 0.249335
26.023 0.24913
26.024 0.248945
26.025 0.24878
26.026 0.248635
26.027 0.248511
26.028 0.248408
26.029 0.248325
26.03 0.248262
26.031 0.24822
26.032 0.248197
26.033 0.248192
26.034 0.248204
26.035 0.248231
26.036 0.248271
26.037 0.248325
26.038 0.248389
26.039 0.248463
26.04 0.248545
26.041 0.248635
26.042 0.248732
26.043 0.248835
26.044 0.248946
26.045 0.249063
26.046 0.249188
26.047 0.249319
26.048 0.249456
26.049 0.249601
26.05 0.249752
26.051 0.249909
26.052 0.250072
26.053 0.250238
26.054 0.250407
26.055 0.250577
26.056 0.250746
26.057 0.250913
26.058 0.251077
26.059 0.251237
26.06 0.25139
26.061 0.251537
26.062 0.251677
26.063 0.251812
26.064 0.251944
26.065 0.252074
26.066 0.252202
26.067 0.252332
26.068 0.252462
26.069 0.252596
26.07 0.252735
26.071 0.252878
26.072 0.253029
26.073 0.253188
26.074 0.253357
26.075 0.253536
26.076 0.253728
26.077 0.253933
26.078 0.254152
26.079 0.254388
26.08 0.254641
26.081 0.254912
26.082 0.255203
26.083 0.255515
26.084 0.255849
26.085 0.256207
26.086 0.256589
26.087 0.256996
26.088 0.257431
26.089 0.257894
26.09 0.258386
26.091 0.258909
26.092 0.259463
26.093 0.26005
26.094 0.260671
26.095 0.261326
26.096 0.262018
26.097 0.262746
26.098 0.263513
26.099 0.264318
26.1 0.265164
26.101 0.266051
26.102 0.266979
26.103 0.267951
26.104 0.268967
26.105 0.270027
26.106 0.271134
26.107 0.272287
26.108 0.273487
26.109 0.274736
26.11 0.276034
26.111 0.277381
26.112 0.278776
26.113 0.280218
26.114 0.281703
26.115 0.283231
26.116 0.284798
26.117 0.286404
26.118 0.288046
26.119 0.289722
26.12 0.291429
26.121 0.293167
26.122 0.294931
26.123 0.296717
26.124 0.298524
26.125 0.300346
26.126 0.302181
26.127 0.304025
26.128 0.305875
26.129 0.307728
26.13 0.309579
26.131 0.311425
26.132 0.313264
26.133 0.315091
26.134 0.316902
26.135 0.318696
26.136 0.320467
26.137 0.322213
26.138 0.32393
26.139 0.325616
26.14 0.327266
26.141 0.328877
26.142 0.330448
26.143 0.331976
26.144 0.333459
26.145 0.334896
26.146 0.336284
26.147 0.337622
26.148 0.338908
26.149 0.340139
26.15 0.341315
26.151 0.342433
26.152 0.343494
26.153 0.344495
26.154 0.345439
26.155 0.346322
26.156 0.347147
26.157 0.347912
26.158 0.348617
26.159 0.349261
26.16 0.349845
26.161 0.350369
26.162 0.350835
26.163 0.351246
26.164 0.351604
26.165 0.351911
26.166 0.352171
26.167 0.352386
26.168 0.352559
26.169 0.352692
26.17 0.352789
26.171 0.352851
26.172 0.352881
26.173 0.352883
26.174 0.352859
26.175 0.352812
26.176 0.352744
26.177 0.352659
26.178 0.352559
26.179 0.352447
26.18 0.352325
26.181 0.352197
26.182 0.352062
26.183 0.35192
26.184 0.351773
26.185 0.351619
26.186 0.351459
26.187 0.351293
26.188 0.351122
26.189 0.350945
26.19 0.350762
26.191 0.350573
26.192 0.350377
26.193 0.350174
26.194 0.349961
26.195 0.349738
26.196 0.349503
26.197 0.349255
26.198 0.348993
26.199 0.348716
26.2 0.348422
26.201 0.348111
26.202 0.347782
26.203 0.347435
26.204 0.347072
26.205 0.346692
26.206 0.346294
26.207 0.34588
26.208 0.34545
26.209 0.345003
26.21 0.344541
26.211 0.344062
26.212 0.343568
26.213 0.343059
26.214 0.342535
26.215 0.341996
26.216 0.341442
26.217 0.340875
26.218 0.340293
26.219 0.339698
26.22 0.339089
26.221 0.338467
26.222 0.337834
26.223 0.337191
26.224 0.33654
26.225 0.335882
26.226 0.33522
26.227 0.334554
26.228 0.333887
26.229 0.333219
26.23 0.332554
26.231 0.331892
26.232 0.331235
26.233 0.330585
26.234 0.329943
26.235 0.329311
26.236 0.328691
26.237 0.328084
26.238 0.327491
26.239 0.326916
26.24 0.326358
26.241 0.325821
26.242 0.325304
26.243 0.324811
26.244 0.324341
26.245 0.323898
26.246 0.323482
26.247 0.323096
26.248 0.32274
26.249 0.322416
26.25 0.322125
26.251 0.321869
26.252 0.321647
26.253 0.321458
26.254 0.3213
26.255 0.321171
26.256 0.321072
26.257 0.321
26.258 0.320953
26.259 0.320932
26.26 0.320934
26.261 0.320958
26.262 0.321003
26.263 0.321067
26.264 0.321149
26.265 0.321248
26.266 0.321362
26.267 0.321489
26.268 0.321629
26.269 0.32178
26.27 0.321941
26.271 0.322109
26.272 0.322281
26.273 0.322454
26.274 0.322622
26.275 0.322782
26.276 0.322929
26.277 0.32306
26.278 0.323171
26.279 0.323257
26.28 0.323314
26.281 0.323339
26.282 0.32333
26.283 0.323286
26.284 0.323205
26.285 0.323086
26.286 0.322929
26.287 0.32273
26.288 0.32249
26.289 0.322207
26.29 0.321881
26.291 0.321509
26.292 0.321092
26.293 0.32063
26.294 0.320124
26.295 0.319574
26.296 0.318979
26.297 0.318341
26.298 0.31766
26.299 0.316935
26.3 0.316168
26.301 0.315358
26.302 0.314506
26.303 0.313613
26.304 0.312679
26.305 0.311704
26.306 0.310688
26.307 0.309633
26.308 0.308539
26.309 0.307405
26.31 0.306234
26.311 0.305025
26.312 0.30378
26.313 0.302501
26.314 0.30119
26.315 0.299849
26.316 0.29848
26.317 0.297085
26.318 0.295666
26.319 0.294224
26.32 0.292762
26.321 0.291282
26.322 0.289782
26.323 0.288262
26.324 0.286723
26.325 0.285162
26.326 0.28358
26.327 0.281975
26.328 0.280347
26.329 0.278696
26.33 0.27702
26.331 0.275319
26.332 0.273593
26.333 0.271841
26.334 0.270062
26.335 0.268256
26.336 0.266422
26.337 0.264559
26.338 0.262668
26.339 0.260747
26.34 0.258796
26.341 0.256814
26.342 0.254802
26.343 0.252758
26.344 0.250682
26.345 0.248573
26.346 0.246432
26.347 0.244257
26.348 0.242049
26.349 0.239807
26.35 0.23753
26.351 0.235218
26.352 0.232871
26.353 0.230489
26.354 0.228071
26.355 0.225616
26.356 0.223125
26.357 0.220598
26.358 0.218033
26.359 0.215431
26.36 0.212791
26.361 0.210114
26.362 0.207401
26.363 0.204652
26.364 0.201869
26.365 0.199053
26.366 0.196205
26.367 0.193326
26.368 0.190418
26.369 0.187482
26.37 0.184519
26.371 0.181531
26.372 0.178518
26.373 0.175482
26.374 0.172424
26.375 0.169345
26.376 0.166248
26.377 0.163133
26.378 0.160001
26.379 0.156854
26.38 0.153693
26.381 0.150519
26.382 0.147336
26.383 0.144146
26.384 0.140951
26.385 0.137755
26.386 0.134559
26.387 0.131367
26.388 0.128181
26.389 0.125005
26.39 0.12184
26.391 0.118689
26.392 0.115553
26.393 0.112435
26.394 0.109335
26.395 0.106254
26.396 0.103194
26.397 0.100156
26.398 0.0971421
26.399 0.0941524
26.4 0.0911885
26.401 0.0882514
26.402 0.0853412
26.403 0.0824577
26.404 0.0796009
26.405 0.0767704
26.406 0.0739662
26.407 0.071188
26.408 0.0684357
26.409 0.0657091
26.41 0.0630078
26.411 0.0603318
26.412 0.0576806
26.413 0.0550542
26.414 0.0524521
26.415 0.0498741
26.416 0.04732
26.417 0.0447893
26.418 0.0422818
26.419 0.0397972
26.42 0.0373351
26.421 0.0348953
26.422 0.0324774
26.423 0.030081
26.424 0.0277059
26.425 0.0253515
26.426 0.0230175
26.427 0.0207035
26.428 0.0184091
26.429 0.0161339
26.43 0.0138775
26.431 0.0116391
26.432 0.00941732
26.433 0.00721034
26.434 0.00501639
26.435 0.00283368
26.436 0.000660393
26.437 -0.00150527
26.438 -0.00366513
26.439 -0.005821
26.44 -0.00797471
26.441 -0.0101281
26.442 -0.0122829
26.443 -0.0144409
26.444 -0.016604
26.445 -0.0187739
26.446 -0.0209524
26.447 -0.0231414
26.448 -0.0253425
26.449 -0.0275576
26.45 -0.0297884
26.451 -0.0320361
26.452 -0.0343004
26.453 -0.0365804
26.454 -0.038875
26.455 -0.0411833
26.456 -0.0435043
26.457 -0.0458371
26.458 -0.0481805
26.459 -0.0505338
26.46 -0.0528958
26.461 -0.0552655
26.462 -0.057642
26.463 -0.0600244
26.464 -0.0624115
26.465 -0.0648024
26.466 -0.0671961
26.467 -0.0695917
26.468 -0.071988
26.469 -0.074384
26.47 -0.0767789
26.471 -0.0791714
26.472 -0.0815608
26.473 -0.0839459
26.474 -0.0863257
26.475 -0.0886994
26.476 -0.0910659
26.477 -0.0934242
26.478 -0.0957733
26.479 -0.0981124
26.48 -0.10044
26.481 -0.102756
26.482 -0.105057
26.483 -0.107341
26.484 -0.109607
26.485 -0.111851
26.486 -0.114071
26.487 -0.116266
26.488 -0.118432
26.489 -0.120568
26.49 -0.122672
26.491 -0.124741
26.492 -0.126775
26.493 -0.128772
26.494 -0.130732
26.495 -0.132654
26.496 -0.134537
26.497 -0.13638
26.498 -0.138183
26.499 -0.139945
26.5 -0.141665
26.501 -0.143344
26.502 -0.14498
26.503 -0.146575
26.504 -0.14813
26.505 -0.149645
26.506 -0.151121
26.507 -0.152559
26.508 -0.15396
26.509 -0.155324
26.51 -0.156652
26.511 -0.157946
26.512 -0.159206
26.513 -0.160437
26.514 -0.161639
26.515 -0.162815
26.516 -0.163966
26.517 -0.165097
26.518 -0.166208
26.519 -0.167301
26.52 -0.16838
26.521 -0.169446
26.522 -0.1705
26.523 -0.171543
26.524 -0.172577
26.525 -0.173601
26.526 -0.174618
26.527 -0.175627
26.528 -0.176631
26.529 -0.177629
26.53 -0.178623
26.531 -0.179613
26.532 -0.180599
26.533 -0.181582
26.534 -0.182559
26.535 -0.183532
26.536 -0.1845
26.537 -0.185461
26.538 -0.186417
26.539 -0.187366
26.54 -0.188308
26.541 -0.189243
26.542 -0.19017
26.543 -0.19109
26.544 -0.192
26.545 -0.192902
26.546 -0.193794
26.547 -0.194677
26.548 -0.19555
26.549 -0.196413
26.55 -0.197265
26.551 -0.198106
26.552 -0.198936
26.553 -0.199754
26.554 -0.20056
26.555 -0.201354
26.556 -0.202135
26.557 -0.202903
26.558 -0.203657
26.559 -0.204398
26.56 -0.205126
26.561 -0.205839
26.562 -0.206537
26.563 -0.207221
26.564 -0.20789
26.565 -0.208543
26.566 -0.209181
26.567 -0.209803
26.568 -0.210409
26.569 -0.210999
26.57 -0.211572
26.571 -0.212128
26.572 -0.212669
26.573 -0.213196
26.574 -0.213709
26.575 -0.21421
26.576 -0.2147
26.577 -0.21518
26.578 -0.215651
26.579 -0.216115
26.58 -0.216572
26.581 -0.217024
26.582 -0.217474
26.583 -0.217923
26.584 -0.218375
26.585 -0.218831
26.586 -0.219295
26.587 -0.219769
26.588 -0.220255
26.589 -0.220756
26.59 -0.221274
26.591 -0.221813
26.592 -0.222373
26.593 -0.222958
26.594 -0.223571
26.595 -0.224213
26.596 -0.224887
26.597 -0.225596
26.598 -0.226342
26.599 -0.227127
26.6 -0.227953
26.601 -0.228824
26.602 -0.229743
26.603 -0.230712
26.604 -0.231737
26.605 -0.23282
26.606 -0.233966
26.607 -0.235176
26.608 -0.236456
26.609 -0.237809
26.61 -0.239238
26.611 -0.240745
26.612 -0.242333
26.613 -0.244002
26.614 -0.245752
26.615 -0.247584
26.616 -0.249498
26.617 -0.251496
26.618 -0.253577
26.619 -0.255742
26.62 -0.257992
26.621 -0.260326
26.622 -0.262745
26.623 -0.26525
26.624 -0.26784
26.625 -0.270516
26.626 -0.273278
26.627 -0.276126
26.628 -0.279061
26.629 -0.282082
26.63 -0.285189
26.631 -0.288382
26.632 -0.291661
26.633 -0.295023
26.634 -0.298467
26.635 -0.301991
26.636 -0.305595
26.637 -0.309277
26.638 -0.313035
26.639 -0.316867
26.64 -0.320771
26.641 -0.324747
26.642 -0.328793
26.643 -0.332906
26.644 -0.337084
26.645 -0.341327
26.646 -0.345633
26.647 -0.349999
26.648 -0.354423
26.649 -0.358905
26.65 -0.363441
26.651 -0.36803
26.652 -0.372673
26.653 -0.377366
26.654 -0.382111
26.655 -0.386907
26.656 -0.391752
26.657 -0.396646
26.658 -0.401589
26.659 -0.40658
26.66 -0.411617
26.661 -0.416702
26.662 -0.421832
26.663 -0.427011
26.664 -0.432237
26.665 -0.437512
26.666 -0.442835
26.667 -0.448208
26.668 -0.45363
26.669 -0.459103
26.67 -0.464627
26.671 -0.470201
26.672 -0.475825
26.673 -0.481499
26.674 -0.48722
26.675 -0.492989
26.676 -0.498803
26.677 -0.504663
26.678 -0.510566
26.679 -0.516512
26.68 -0.522499
26.681 -0.528527
26.682 -0.534594
26.683 -0.540699
26.684 -0.546842
26.685 -0.55302
26.686 -0.559232
26.687 -0.565478
26.688 -0.571756
26.689 -0.578065
26.69 -0.584403
26.691 -0.59077
26.692 -0.597162
26.693 -0.603577
26.694 -0.610013
26.695 -0.616467
26.696 -0.622935
26.697 -0.629416
26.698 -0.635907
26.699 -0.642406
26.7 -0.648908
26.701 -0.655413
26.702 -0.661913
26.703 -0.668405
26.704 -0.674883
26.705 -0.681341
26.706 -0.687774
26.707 -0.694178
26.708 -0.700546
26.709 -0.706873
26.71 -0.713155
26.711 -0.719385
26.712 -0.725557
26.713 -0.731666
26.714 -0.737704
26.715 -0.743665
26.716 -0.749542
26.717 -0.75533
26.718 -0.761021
26.719 -0.766611
26.72 -0.772091
26.721 -0.777457
26.722 -0.782702
26.723 -0.78782
26.724 -0.792805
26.725 -0.797651
26.726 -0.802352
26.727 -0.806903
26.728 -0.811298
26.729 -0.81553
26.73 -0.819595
26.731 -0.823487
26.732 -0.827202
26.733 -0.830735
26.734 -0.834084
26.735 -0.837243
26.736 -0.840209
26.737 -0.84298
26.738 -0.845549
26.739 -0.847916
26.74 -0.850075
26.741 -0.852024
26.742 -0.853761
26.743 -0.855283
26.744 -0.85659
26.745 -0.857679
26.746 -0.85855
26.747 -0.8592
26.748 -0.859628
26.749 -0.859833
26.75 -0.859813
26.751 -0.859569
26.752 -0.8591
26.753 -0.858407
26.754 -0.857489
26.755 -0.856348
26.756 -0.854985
26.757 -0.8534
26.758 -0.851595
26.759 -0.84957
26.76 -0.847326
26.761 -0.844865
26.762 -0.842187
26.763 -0.839295
26.764 -0.83619
26.765 -0.832873
26.766 -0.829346
26.767 -0.825611
26.768 -0.821669
26.769 -0.817523
26.77 -0.813174
26.771 -0.808624
26.772 -0.803874
26.773 -0.798925
26.774 -0.793779
26.775 -0.788435
26.776 -0.782895
26.777 -0.777161
26.778 -0.771233
26.779 -0.765114
26.78 -0.758803
26.781 -0.752303
26.782 -0.745616
26.783 -0.738743
26.784 -0.731685
26.785 -0.724445
26.786 -0.717025
26.787 -0.709425
26.788 -0.70165
26.789 -0.693699
26.79 -0.685576
26.791 -0.677283
26.792 -0.66882
26.793 -0.660189
26.794 -0.65139
26.795 -0.642426
26.796 -0.633296
26.797 -0.624003
26.798 -0.614548
26.799 -0.604932
26.8 -0.595156
26.801 -0.585223
26.802 -0.575136
26.803 -0.5649
26.804 -0.55452
26.805 -0.543998
26.806 -0.533341
26.807 -0.522552
26.808 -0.511637
26.809 -0.5006
26.81 -0.489445
26.811 -0.478178
26.812 -0.466803
26.813 -0.455325
26.814 -0.443749
26.815 -0.43208
26.816 -0.420322
26.817 -0.408482
26.818 -0.396563
26.819 -0.384571
26.82 -0.372512
26.821 -0.360389
26.822 -0.348212
26.823 -0.335988
26.824 -0.323724
26.825 -0.311428
26.826 -0.299109
26.827 -0.286774
26.828 -0.274431
26.829 -0.262088
26.83 -0.249752
26.831 -0.237432
26.832 -0.225135
26.833 -0.212866
26.834 -0.200632
26.835 -0.18844
26.836 -0.176295
26.837 -0.164205
26.838 -0.152176
26.839 -0.140214
26.84 -0.128326
26.841 -0.116517
26.842 -0.104796
26.843 -0.0931701
26.844 -0.0816463
26.845 -0.0702323
26.846 -0.0589357
26.847 -0.0477637
26.848 -0.0367236
26.849 -0.0258226
26.85 -0.015068
26.851 -0.00446613
26.852 0.00597796
26.853 0.01626
26.854 0.0263758
26.855 0.0363213
26.856 0.0460923
26.857 0.0556849
26.858 0.0650952
26.859 0.0743194
26.86 0.0833538
26.861 0.0921946
26.862 0.100838
26.863 0.109282
26.864 0.117521
26.865 0.125553
26.866 0.133375
26.867 0.140983
26.868 0.148374
26.869 0.155546
26.87 0.162496
26.871 0.169221
26.872 0.17572
26.873 0.181995
26.874 0.188045
26.875 0.19387
26.876 0.199472
26.877 0.20485
26.878 0.210005
26.879 0.214938
26.88 0.21965
26.881 0.224141
26.882 0.228412
26.883 0.232465
26.884 0.236301
26.885 0.239921
26.886 0.243326
26.887 0.246518
26.888 0.249498
26.889 0.252269
26.89 0.254831
26.891 0.257185
26.892 0.259334
26.893 0.261278
26.894 0.263016
26.895 0.26455
26.896 0.265882
26.897 0.267011
26.898 0.267939
26.899 0.268666
26.9 0.269195
26.901 0.269527
26.902 0.269662
26.903 0.269602
26.904 0.269349
26.905 0.268904
26.906 0.268269
26.907 0.267446
26.908 0.266437
26.909 0.265243
26.91 0.263866
26.911 0.262309
26.912 0.260574
26.913 0.258663
26.914 0.256577
26.915 0.254321
26.916 0.251895
26.917 0.249303
26.918 0.246546
26.919 0.243628
26.92 0.240552
26.921 0.23732
26.922 0.233938
26.923 0.230411
26.924 0.226745
26.925 0.222945
26.926 0.219018
26.927 0.214969
26.928 0.210804
26.929 0.206528
26.93 0.202148
26.931 0.19767
26.932 0.1931
26.933 0.188443
26.934 0.183706
26.935 0.178896
26.936 0.174017
26.937 0.169076
26.938 0.16408
26.939 0.159035
26.94 0.153946
26.941 0.148821
26.942 0.143666
26.943 0.13849
26.944 0.133299
26.945 0.128102
26.946 0.122906
26.947 0.117718
26.948 0.112547
26.949 0.107399
26.95 0.102283
26.951 0.0972056
26.952 0.0921732
26.953 0.0871919
26.954 0.0822679
26.955 0.0774073
26.956 0.0726162
26.957 0.0679006
26.958 0.0632664
26.959 0.0587198
26.96 0.0542665
26.961 0.0499124
26.962 0.0456634
26.963 0.0415253
26.964 0.0375038
26.965 0.0336044
26.966 0.0298329
26.967 0.0261948
26.968 0.0226956
26.969 0.0193407
26.97 0.0161356
26.971 0.0130855
26.972 0.0101957
26.973 0.0074714
26.974 0.00491769
26.975 0.00253958
26.976 0.000342007
26.977 -0.00167016
26.978 -0.00349215
26.979 -0.00511925
26.98 -0.00654686
26.981 -0.00777109
26.982 -0.00878954
26.983 -0.00960052
26.984 -0.0102025
26.985 -0.0105939
26.986 -0.0107734
26.987 -0.0107398
26.988 -0.0104917
26.989 -0.0100281
26.99 -0.00934798
26.991 -0.00845108
26.992 -0.0073386
26.993 -0.00601247
26.994 -0.00447474
26.995 -0.00272752
26.996 -0.000773011
26.997 0.00138649
26.998 0.00374861
26.999 0.00631087
27 0.00907073
27.001 0.0120255
27.002 0.0151726
27.003 0.0185091
27.004 0.0220321
27.005 0.0257388
27.006 0.029626
27.007 0.0336908
27.008 0.03793
27.009 0.0423403
27.01 0.0469185
27.011 0.0516614
27.012 0.0565668
27.013 0.0616324
27.014 0.066856
27.015 0.0722353
27.016 0.077768
27.017 0.0834516
27.018 0.0892837
27.019 0.0952618
27.02 0.101383
27.021 0.107646
27.022 0.114048
27.023 0.120588
27.024 0.127264
27.025 0.134076
27.026 0.141021
27.027 0.148098
27.028 0.155304
27.029 0.16264
27.03 0.170101
27.031 0.177688
27.032 0.185395
27.033 0.193221
27.034 0.201162
27.035 0.209215
27.036 0.217375
27.037 0.22564
27.038 0.234007
27.039 0.24247
27.04 0.251028
27.041 0.259676
27.042 0.268411
27.043 0.277229
27.044 0.286126
27.045 0.295099
27.046 0.304143
27.047 0.313256
27.048 0.322433
27.049 0.33167
27.05 0.340963
27.051 0.350309
27.052 0.359702
27.053 0.369136
27.054 0.378608
27.055 0.388111
27.056 0.39764
27.057 0.40719
27.058 0.416756
27.059 0.426332
27.06 0.435912
27.061 0.445492
27.062 0.455067
27.063 0.46463
27.064 0.474178
27.065 0.483703
27.066 0.493202
27.067 0.502669
27.068 0.512098
27.069 0.521485
27.07 0.530824
27.071 0.54011
27.072 0.549337
27.073 0.558499
27.074 0.567588
27.075 0.576599
27.076 0.585524
27.077 0.594359
27.078 0.603097
27.079 0.611731
27.08 0.620256
27.081 0.628665
27.082 0.636955
27.083 0.645124
27.084 0.653166
27.085 0.661081
27.086 0.668863
27.087 0.676511
27.088 0.684021
27.089 0.69139
27.09 0.698616
27.091 0.705695
27.092 0.712626
27.093 0.719405
27.094 0.726029
27.095 0.732498
27.096 0.738807
27.097 0.744954
27.098 0.750938
27.099 0.756756
27.1 0.762406
27.101 0.767886
27.102 0.773197
27.103 0.778339
27.104 0.783314
27.105 0.788121
27.106 0.792763
27.107 0.797239
27.108 0.801552
27.109 0.805703
27.11 0.809693
27.111 0.813522
27.112 0.817192
27.113 0.820702
27.114 0.824052
27.115 0.827244
27.116 0.830276
27.117 0.833151
27.118 0.835867
27.119 0.838426
27.12 0.840828
27.121 0.843074
27.122 0.845165
27.123 0.847102
27.124 0.848884
27.125 0.850514
27.126 0.851992
27.127 0.85332
27.128 0.854497
27.129 0.855527
27.13 0.856409
27.131 0.857146
27.132 0.85774
27.133 0.858193
27.134 0.858509
27.135 0.858691
27.136 0.85874
27.137 0.858661
27.138 0.858457
27.139 0.858129
27.14 0.857683
27.141 0.857119
27.142 0.85644
27.143 0.855646
27.144 0.854737
27.145 0.853715
27.146 0.852579
27.147 0.851331
27.148 0.849972
27.149 0.848502
27.15 0.846922
27.151 0.845234
27.152 0.843437
27.153 0.841534
27.154 0.839524
27.155 0.837411
27.156 0.835193
27.157 0.832874
27.158 0.830453
27.159 0.827932
27.16 0.825313
27.161 0.822597
27.162 0.819783
27.163 0.816872
27.164 0.813864
27.165 0.81076
27.166 0.807558
27.167 0.80426
27.168 0.800866
27.169 0.797377
27.17 0.793791
27.171 0.790111
27.172 0.786339
27.173 0.782479
27.174 0.778532
27.175 0.774503
27.176 0.770394
27.177 0.76621
27.178 0.761953
27.179 0.757626
27.18 0.753233
27.181 0.748778
27.182 0.744265
27.183 0.739699
27.184 0.735085
27.185 0.730427
27.186 0.72573
27.187 0.720999
27.188 0.716239
27.189 0.711455
27.19 0.706651
27.191 0.701832
27.192 0.697002
27.193 0.692165
27.194 0.687323
27.195 0.682481
27.196 0.677641
27.197 0.672808
27.198 0.667985
27.199 0.663175
27.2 0.658381
27.201 0.653608
27.202 0.64886
27.203 0.644141
27.204 0.639457
27.205 0.634812
27.206 0.630211
27.207 0.625658
27.208 0.621158
27.209 0.616717
27.21 0.612338
27.211 0.608025
27.212 0.60378
27.213 0.599607
27.214 0.595506
27.215 0.591479
27.216 0.587528
27.217 0.583654
27.218 0.579859
27.219 0.576146
27.22 0.572514
27.221 0.568966
27.222 0.565504
27.223 0.562129
27.224 0.558841
27.225 0.555643
27.226 0.552537
27.227 0.549522
27.228 0.5466
27.229 0.543774
27.23 0.541043
27.231 0.538408
27.232 0.535869
27.233 0.533424
27.234 0.53107
27.235 0.528807
27.236 0.526632
27.237 0.524544
27.238 0.52254
27.239 0.52062
27.24 0.518781
27.241 0.517021
27.242 0.515339
27.243 0.513735
27.244 0.512209
27.245 0.510759
27.246 0.509384
27.247 0.508084
27.248 0.506859
27.249 0.505706
27.25 0.504626
27.251 0.503617
27.252 0.502681
27.253 0.501816
27.254 0.501024
27.255 0.500305
27.256 0.499659
27.257 0.499086
27.258 0.498587
27.259 0.498162
27.26 0.497811
27.261 0.497535
27.262 0.497334
27.263 0.49721
27.264 0.497164
27.265 0.497198
27.266 0.497314
27.267 0.497511
27.268 0.497793
27.269 0.498159
27.27 0.498612
27.271 0.499151
27.272 0.499779
27.273 0.500496
27.274 0.501304
27.275 0.502203
27.276 0.503194
27.277 0.504279
27.278 0.505458
27.279 0.506732
27.28 0.508102
27.281 0.509568
27.282 0.511129
27.283 0.512787
27.284 0.514538
27.285 0.516384
27.286 0.518322
27.287 0.520353
27.288 0.522474
27.289 0.524687
27.29 0.526988
27.291 0.529378
27.292 0.531854
27.293 0.534414
27.294 0.537054
27.295 0.539774
27.296 0.54257
27.297 0.54544
27.298 0.548381
27.299 0.55139
27.3 0.554466
27.301 0.557605
27.302 0.560804
27.303 0.564062
27.304 0.567375
27.305 0.570741
27.306 0.574156
27.307 0.577619
27.308 0.581126
27.309 0.584675
27.31 0.588262
27.311 0.591885
27.312 0.595541
27.313 0.599227
27.314 0.602941
27.315 0.606679
27.316 0.610439
27.317 0.614217
27.318 0.618012
27.319 0.621819
27.32 0.625636
27.321 0.629461
27.322 0.63329
27.323 0.63712
27.324 0.640948
27.325 0.644773
27.326 0.64859
27.327 0.652396
27.328 0.65619
27.329 0.659968
27.33 0.663727
27.331 0.667465
27.332 0.67118
27.333 0.674871
27.334 0.678535
27.335 0.682172
27.336 0.68578
27.337 0.689358
27.338 0.692905
27.339 0.696418
27.34 0.699897
27.341 0.703341
27.342 0.706748
27.343 0.710121
27.344 0.713457
27.345 0.716759
27.346 0.720024
27.347 0.723255
27.348 0.72645
27.349 0.72961
27.35 0.732735
27.351 0.735825
27.352 0.738881
27.353 0.741902
27.354 0.74489
27.355 0.747843
27.356 0.750763
27.357 0.753649
27.358 0.756502
27.359 0.759322
27.36 0.762109
27.361 0.764864
27.362 0.767585
27.363 0.770273
27.364 0.772925
27.365 0.77554
27.366 0.778119
27.367 0.780659
27.368 0.78316
27.369 0.785621
27.37 0.788042
27.371 0.79042
27.372 0.792754
27.373 0.795042
27.374 0.797282
27.375 0.799471
27.376 0.801608
27.377 0.80369
27.378 0.805715
27.379 0.807682
27.38 0.809588
27.381 0.811431
27.382 0.813209
27.383 0.814921
27.384 0.816564
27.385 0.818136
27.386 0.819636
27.387 0.821062
27.388 0.822413
27.389 0.823685
27.39 0.824878
27.391 0.82599
27.392 0.827018
27.393 0.827959
27.394 0.82881
27.395 0.829569
27.396 0.830232
27.397 0.830796
27.398 0.831259
27.399 0.831618
27.4 0.831871
27.401 0.832015
27.402 0.832051
27.403 0.831977
27.404 0.831795
27.405 0.831504
27.406 0.831106
27.407 0.8306
27.408 0.829986
27.409 0.829266
27.41 0.828439
27.411 0.827507
27.412 0.826469
27.413 0.825327
27.414 0.824081
27.415 0.822732
27.416 0.82128
27.417 0.819727
27.418 0.818072
27.419 0.816318
27.42 0.814465
27.421 0.812513
27.422 0.810464
27.423 0.80832
27.424 0.80608
27.425 0.803746
27.426 0.80132
27.427 0.798802
27.428 0.796193
27.429 0.793496
27.43 0.79071
27.431 0.787838
27.432 0.784879
27.433 0.781834
27.434 0.778702
27.435 0.775484
27.436 0.77218
27.437 0.768789
27.438 0.765313
27.439 0.761752
27.44 0.758105
27.441 0.754373
27.442 0.750555
27.443 0.74665
27.444 0.742657
27.445 0.738575
27.446 0.734404
27.447 0.730142
27.448 0.725789
27.449 0.721344
27.45 0.716806
27.451 0.712174
27.452 0.707446
27.453 0.702617
27.454 0.697685
27.455 0.692646
27.456 0.687498
27.457 0.682237
27.458 0.67686
27.459 0.671363
27.46 0.665745
27.461 0.660002
27.462 0.654133
27.463 0.648136
27.464 0.642009
27.465 0.635752
27.466 0.629363
27.467 0.622841
27.468 0.616184
27.469 0.609391
27.47 0.602461
27.471 0.595394
27.472 0.588188
27.473 0.580842
27.474 0.573356
27.475 0.565728
27.476 0.557959
27.477 0.550046
27.478 0.54199
27.479 0.53379
27.48 0.525445
27.481 0.516956
27.482 0.508321
27.483 0.49954
27.484 0.490613
27.485 0.48154
27.486 0.47232
27.487 0.462954
27.488 0.453442
27.489 0.443783
27.49 0.433978
27.491 0.424026
27.492 0.41393
27.493 0.403691
27.494 0.39331
27.495 0.38279
27.496 0.372132
27.497 0.361337
27.498 0.350408
27.499 0.339348
27.5 0.328157
27.501 0.316837
27.502 0.305392
27.503 0.293823
27.504 0.282132
27.505 0.270322
27.506 0.258394
27.507 0.246352
27.508 0.234197
27.509 0.221933
27.51 0.209561
27.511 0.197083
27.512 0.184502
27.513 0.171819
27.514 0.159034
27.515 0.14615
27.516 0.133167
27.517 0.120087
27.518 0.106912
27.519 0.0936425
27.52 0.0802806
27.521 0.0668282
27.522 0.0532877
27.523 0.0396624
27.524 0.0259551
27.525 0.012169
27.526 -0.00169277
27.527 -0.0156272
27.528 -0.0296311
27.529 -0.0437013
27.53 -0.0578347
27.531 -0.0720283
27.532 -0.0862799
27.533 -0.100588
27.534 -0.114949
27.535 -0.129363
27.536 -0.143828
27.537 -0.15834
27.538 -0.172898
27.539 -0.187501
27.54 -0.202146
27.541 -0.216831
27.542 -0.231552
27.543 -0.246306
27.544 -0.261091
27.545 -0.275901
27.546 -0.290735
27.547 -0.305588
27.548 -0.320457
27.549 -0.335338
27.55 -0.350229
27.551 -0.365125
27.552 -0.380023
27.553 -0.39492
27.554 -0.409812
27.555 -0.424695
27.556 -0.439568
27.557 -0.454425
27.558 -0.469264
27.559 -0.484081
27.56 -0.498873
27.561 -0.513635
27.562 -0.528365
27.563 -0.543057
27.564 -0.557706
27.565 -0.572308
27.566 -0.586858
27.567 -0.601353
27.568 -0.615786
27.569 -0.630154
27.57 -0.644453
27.571 -0.658677
27.572 -0.672823
27.573 -0.686886
27.574 -0.700862
27.575 -0.714747
27.576 -0.728537
27.577 -0.742226
27.578 -0.755813
27.579 -0.769291
27.58 -0.782658
27.581 -0.79591
27.582 -0.809043
27.583 -0.822056
27.584 -0.834947
27.585 -0.847712
27.586 -0.86035
27.587 -0.872858
27.588 -0.885234
27.589 -0.897477
27.59 -0.909583
27.591 -0.921552
27.592 -0.93338
27.593 -0.945064
27.594 -0.956601
27.595 -0.967987
27.596 -0.979221
27.597 -0.990299
27.598 -1.00122
27.599 -1.01198
27.6 -1.02257
27.601 -1.033
27.602 -1.04326
27.603 -1.05335
27.604 -1.06327
27.605 -1.07302
27.606 -1.0826
27.607 -1.09201
27.608 -1.10124
27.609 -1.1103
27.61 -1.11919
27.611 -1.12791
27.612 -1.13644
27.613 -1.1448
27.614 -1.15299
27.615 -1.16099
27.616 -1.16881
27.617 -1.17644
27.618 -1.1839
27.619 -1.19117
27.62 -1.19825
27.621 -1.20514
27.622 -1.21185
27.623 -1.21836
27.624 -1.22468
27.625 -1.23081
27.626 -1.23673
27.627 -1.24246
27.628 -1.24799
27.629 -1.25332
27.63 -1.25844
27.631 -1.26335
27.632 -1.26807
27.633 -1.27257
27.634 -1.27688
27.635 -1.28097
27.636 -1.28487
27.637 -1.28855
27.638 -1.29204
27.639 -1.29532
27.64 -1.2984
27.641 -1.30128
27.642 -1.30396
27.643 -1.30644
27.644 -1.30873
27.645 -1.31081
27.646 -1.3127
27.647 -1.31439
27.648 -1.31589
27.649 -1.3172
27.65 -1.31832
27.651 -1.31925
27.652 -1.31999
27.653 -1.32055
27.654 -1.32092
27.655 -1.32111
27.656 -1.32112
27.657 -1.32095
27.658 -1.32061
27.659 -1.3201
27.66 -1.31941
27.661 -1.31855
27.662 -1.31753
27.663 -1.31634
27.664 -1.31499
27.665 -1.31348
27.666 -1.31181
27.667 -1.30999
27.668 -1.30801
27.669 -1.30589
27.67 -1.30363
27.671 -1.30122
27.672 -1.29867
27.673 -1.29598
27.674 -1.29316
27.675 -1.2902
27.676 -1.28712
27.677 -1.28392
27.678 -1.28059
27.679 -1.27715
27.68 -1.27359
27.681 -1.26991
27.682 -1.26613
27.683 -1.26224
27.684 -1.25825
27.685 -1.25415
27.686 -1.24995
27.687 -1.24566
27.688 -1.24126
27.689 -1.23677
27.69 -1.23219
27.691 -1.22752
27.692 -1.22276
27.693 -1.21791
27.694 -1.21298
27.695 -1.20796
27.696 -1.20286
27.697 -1.19767
27.698 -1.1924
27.699 -1.18705
27.7 -1.18162
27.701 -1.17611
27.702 -1.17053
27.703 -1.16487
27.704 -1.15913
27.705 -1.15332
27.706 -1.14744
27.707 -1.14149
27.708 -1.13547
27.709 -1.12939
27.71 -1.12323
27.711 -1.11702
27.712 -1.11074
27.713 -1.1044
27.714 -1.098
27.715 -1.09154
27.716 -1.08502
27.717 -1.07845
27.718 -1.07183
27.719 -1.06516
27.72 -1.05843
27.721 -1.05166
27.722 -1.04484
27.723 -1.03797
27.724 -1.03107
27.725 -1.02412
27.726 -1.01713
27.727 -1.0101
27.728 -1.00304
27.729 -0.995941
27.73 -0.988811
27.731 -0.981651
27.732 -0.974463
27.733 -0.96725
27.734 -0.960016
27.735 -0.952764
27.736 -0.945497
27.737 -0.938218
27.738 -0.930931
27.739 -0.923638
27.74 -0.916342
27.741 -0.909047
27.742 -0.901755
27.743 -0.894468
27.744 -0.887186
27.745 -0.879912
27.746 -0.872649
27.747 -0.865396
27.748 -0.858157
27.749 -0.850933
27.75 -0.843726
27.751 -0.836538
27.752 -0.829369
27.753 -0.822223
27.754 -0.8151
27.755 -0.808003
27.756 -0.800932
27.757 -0.79389
27.758 -0.786878
27.759 -0.779898
27.76 -0.772952
27.761 -0.76604
27.762 -0.759163
27.763 -0.752322
27.764 -0.745517
27.765 -0.738747
27.766 -0.732013
27.767 -0.725316
27.768 -0.718654
27.769 -0.712029
27.77 -0.70544
27.771 -0.698888
27.772 -0.692372
27.773 -0.685892
27.774 -0.679449
27.775 -0.673042
27.776 -0.666672
27.777 -0.660338
27.778 -0.654041
27.779 -0.64778
27.78 -0.641555
27.781 -0.635366
27.782 -0.629213
27.783 -0.623096
27.784 -0.617015
27.785 -0.610969
27.786 -0.604958
27.787 -0.598983
27.788 -0.593042
27.789 -0.587137
27.79 -0.581266
27.791 -0.575428
27.792 -0.569623
27.793 -0.563849
27.794 -0.558105
27.795 -0.552387
27.796 -0.546696
27.797 -0.541029
27.798 -0.535385
27.799 -0.529761
27.8 -0.524157
27.801 -0.51857
27.802 -0.513
27.803 -0.507447
27.804 -0.50191
27.805 -0.496389
27.806 -0.490884
27.807 -0.485393
27.808 -0.479917
27.809 -0.474456
27.81 -0.469008
27.811 -0.463573
27.812 -0.458151
27.813 -0.452742
27.814 -0.447345
27.815 -0.441959
27.816 -0.436584
27.817 -0.43122
27.818 -0.425867
27.819 -0.420522
27.82 -0.415187
27.821 -0.409861
27.822 -0.404541
27.823 -0.399226
27.824 -0.393914
27.825 -0.388604
27.826 -0.383294
27.827 -0.377981
27.828 -0.372663
27.829 -0.36734
27.83 -0.362009
27.831 -0.356669
27.832 -0.351318
27.833 -0.345957
27.834 -0.340585
27.835 -0.335201
27.836 -0.329805
27.837 -0.324397
27.838 -0.318977
27.839 -0.313542
27.84 -0.308094
27.841 -0.302632
27.842 -0.297156
27.843 -0.291664
27.844 -0.286157
27.845 -0.280634
27.846 -0.275095
27.847 -0.26954
27.848 -0.263968
27.849 -0.258378
27.85 -0.252771
27.851 -0.247146
27.852 -0.241504
27.853 -0.235846
27.854 -0.230173
27.855 -0.224486
27.856 -0.218786
27.857 -0.213075
27.858 -0.207352
27.859 -0.20162
27.86 -0.195879
27.861 -0.19013
27.862 -0.184375
27.863 -0.178614
27.864 -0.172848
27.865 -0.167079
27.866 -0.161308
27.867 -0.155535
27.868 -0.149762
27.869 -0.14399
27.87 -0.138219
27.871 -0.132452
27.872 -0.126688
27.873 -0.120929
27.874 -0.115176
27.875 -0.10943
27.876 -0.103693
27.877 -0.0979642
27.878 -0.0922458
27.879 -0.0865386
27.88 -0.0808435
27.881 -0.0751617
27.882 -0.069494
27.883 -0.0638415
27.884 -0.0582053
27.885 -0.0525863
27.886 -0.0469855
27.887 -0.0414038
27.888 -0.0358423
27.889 -0.0303018
27.89 -0.0247833
27.891 -0.019288
27.892 -0.013818
27.893 -0.00837536
27.894 -0.00296243
27.895 0.00241856
27.896 0.00776538
27.897 0.0130758
27.898 0.0183477
27.899 0.0235788
27.9 0.028767
27.901 0.0339102
27.902 0.0390063
27.903 0.0440533
27.904 0.0490489
27.905 0.0539913
27.906 0.0588784
27.907 0.0637082
27.908 0.0684786
27.909 0.0731879
27.91 0.0778339
27.911 0.0824153
27.912 0.0869311
27.913 0.0913808
27.914 0.0957642
27.915 0.100081
27.916 0.10433
27.917 0.108511
27.918 0.112625
27.919 0.11667
27.92 0.120647
27.921 0.124555
27.922 0.128392
27.923 0.132158
27.924 0.13585
27.925 0.139467
27.926 0.143008
27.927 0.146471
27.928 0.149855
27.929 0.153159
27.93 0.15638
27.931 0.15952
27.932 0.162576
27.933 0.16555
27.934 0.168441
27.935 0.171249
27.936 0.173976
27.937 0.176621
27.938 0.179184
27.939 0.181666
27.94 0.184068
27.941 0.186389
27.942 0.188631
27.943 0.190793
27.944 0.192877
27.945 0.194882
27.946 0.19681
27.947 0.19866
27.948 0.200435
27.949 0.202134
27.95 0.203757
27.951 0.205307
27.952 0.206783
27.953 0.208187
27.954 0.209519
27.955 0.21078
27.956 0.211972
27.957 0.213094
27.958 0.214148
27.959 0.215135
27.96 0.216056
27.961 0.216912
27.962 0.217703
27.963 0.218428
27.964 0.219087
27.965 0.21968
27.966 0.220208
27.967 0.220668
27.968 0.221063
27.969 0.221391
27.97 0.221653
27.971 0.221848
27.972 0.221976
27.973 0.222038
27.974 0.222033
27.975 0.221962
27.976 0.221824
27.977 0.22162
27.978 0.221351
27.979 0.221015
27.98 0.220614
27.981 0.220147
27.982 0.219615
27.983 0.219019
27.984 0.218358
27.985 0.217632
27.986 0.216843
27.987 0.215991
27.988 0.215075
27.989 0.214098
27.99 0.213058
27.991 0.211956
27.992 0.210794
27.993 0.209571
27.994 0.208289
27.995 0.206947
27.996 0.205546
27.997 0.204088
27.998 0.202572
27.999 0.200999
28 0.199371
28.001 0.197688
28.002 0.195952
28.003 0.194165
28.004 0.19233
28.005 0.190448
28.006 0.188521
28.007 0.186553
28.008 0.184545
28.009 0.182499
28.01 0.180417
28.011 0.178303
28.012 0.176156
28.013 0.173977
28.014 0.171769
28.015 0.169531
28.016 0.167265
28.017 0.164972
28.018 0.162652
28.019 0.160307
28.02 0.157938
28.021 0.155546
28.022 0.153134
28.023 0.150707
28.024 0.148268
28.025 0.14582
28.026 0.143368
28.027 0.140915
28.028 0.138465
28.029 0.136022
28.03 0.13359
28.031 0.131171
28.032 0.128769
28.033 0.126386
28.034 0.124024
28.035 0.121686
28.036 0.119374
28.037 0.11709
28.038 0.114837
28.039 0.112616
28.04 0.110431
28.041 0.108284
28.042 0.106178
28.043 0.104116
28.044 0.102103
28.045 0.100142
28.046 0.0982352
28.047 0.0963875
28.048 0.0946021
28.049 0.0928822
28.05 0.0912314
28.051 0.089653
28.052 0.0881503
28.053 0.0867267
28.054 0.0853854
28.055 0.0841295
28.056 0.0829624
28.057 0.0818872
28.058 0.0809069
28.059 0.0800246
28.06 0.0792434
28.061 0.0785659
28.062 0.0779941
28.063 0.0775295
28.064 0.0771736
28.065 0.0769278
28.066 0.0767935
28.067 0.0767721
28.068 0.0768649
28.069 0.0770731
28.07 0.077398
28.071 0.0778406
28.072 0.0784021
28.073 0.0790836
28.074 0.079886
28.075 0.0808104
28.076 0.0818576
28.077 0.0830285
28.078 0.0843239
28.079 0.0857446
28.08 0.0872911
28.081 0.0889645
28.082 0.0907664
28.083 0.0926987
28.084 0.0947631
28.085 0.0969616
28.086 0.0992957
28.087 0.101767
28.088 0.104378
28.089 0.107129
28.09 0.110022
28.091 0.113058
28.092 0.116238
28.093 0.11956
28.094 0.123027
28.095 0.126636
28.096 0.130388
28.097 0.134283
28.098 0.13832
28.099 0.142498
28.1 0.146818
28.101 0.151279
28.102 0.155881
28.103 0.160622
28.104 0.165501
28.105 0.170519
28.106 0.175675
28.107 0.180967
28.108 0.186394
28.109 0.191956
28.11 0.197652
28.111 0.20348
28.112 0.209439
28.113 0.215529
28.114 0.221747
28.115 0.228094
28.116 0.234566
28.117 0.241163
28.118 0.247884
28.119 0.254727
28.12 0.26169
28.121 0.268771
28.122 0.27597
28.123 0.283285
28.124 0.290713
28.125 0.298253
28.126 0.305903
28.127 0.313662
28.128 0.321527
28.129 0.329496
28.13 0.337568
28.131 0.34574
28.132 0.35401
28.133 0.362377
28.134 0.370838
28.135 0.37939
28.136 0.388033
28.137 0.396763
28.138 0.405578
28.139 0.414476
28.14 0.423454
28.141 0.432511
28.142 0.441643
28.143 0.450849
28.144 0.460126
28.145 0.469471
28.146 0.478882
28.147 0.488357
28.148 0.497893
28.149 0.507487
28.15 0.517137
28.151 0.526839
28.152 0.536591
28.153 0.546389
28.154 0.556227
28.155 0.566103
28.156 0.576012
28.157 0.58595
28.158 0.595914
28.159 0.605899
28.16 0.615901
28.161 0.625917
28.162 0.635943
28.163 0.645977
28.164 0.656016
28.165 0.666058
28.166 0.6761
28.167 0.686139
28.168 0.696173
28.169 0.706199
28.17 0.716214
28.171 0.726217
28.172 0.736205
28.173 0.746178
28.174 0.756134
28.175 0.766071
28.176 0.77599
28.177 0.785889
28.178 0.795766
28.179 0.805621
28.18 0.815451
28.181 0.825258
28.182 0.83504
28.183 0.844798
28.184 0.854532
28.185 0.864243
28.186 0.87393
28.187 0.883595
28.188 0.893237
28.189 0.902858
28.19 0.912457
28.191 0.922034
28.192 0.931589
28.193 0.941122
28.194 0.95063
28.195 0.960115
28.196 0.969573
28.197 0.979006
28.198 0.988411
28.199 0.997789
28.2 1.00714
28.201 1.01646
28.202 1.02575
28.203 1.035
28.204 1.04422
28.205 1.0534
28.206 1.06254
28.207 1.07164
28.208 1.0807
28.209 1.08971
28.21 1.09868
28.211 1.1076
28.212 1.11646
28.213 1.12528
28.214 1.13404
28.215 1.14274
28.216 1.15139
28.217 1.15997
28.218 1.1685
28.219 1.17696
28.22 1.18536
28.221 1.19369
28.222 1.20196
28.223 1.21015
28.224 1.21827
28.225 1.22632
28.226 1.23428
28.227 1.24216
28.228 1.24996
28.229 1.25767
28.23 1.26529
28.231 1.27282
28.232 1.28025
28.233 1.28759
28.234 1.29483
28.235 1.30196
28.236 1.309
28.237 1.31592
28.238 1.32274
28.239 1.32945
28.24 1.33604
28.241 1.34253
28.242 1.34889
28.243 1.35515
28.244 1.36128
28.245 1.3673
28.246 1.37321
28.247 1.37899
28.248 1.38466
28.249 1.39022
28.25 1.39565
28.251 1.40097
28.252 1.40617
28.253 1.41126
28.254 1.41623
28.255 1.42109
28.256 1.42584
28.257 1.43048
28.258 1.43501
28.259 1.43944
28.26 1.44377
28.261 1.44799
28.262 1.45211
28.263 1.45612
28.264 1.46004
28.265 1.46385
28.266 1.46757
28.267 1.47119
28.268 1.4747
28.269 1.47812
28.27 1.48144
28.271 1.48467
28.272 1.4878
28.273 1.49083
28.274 1.49376
28.275 1.49659
28.276 1.49933
28.277 1.50196
28.278 1.5045
28.279 1.50694
28.28 1.50927
28.281 1.51151
28.282 1.51364
28.283 1.51567
28.284 1.5176
28.285 1.51942
28.286 1.52113
28.287 1.52273
28.288 1.52423
28.289 1.52561
28.29 1.52688
28.291 1.52804
28.292 1.52908
28.293 1.53001
28.294 1.53082
28.295 1.53151
28.296 1.53209
28.297 1.53254
28.298 1.53288
28.299 1.5331
28.3 1.53319
28.301 1.53316
28.302 1.53301
28.303 1.53273
28.304 1.53234
28.305 1.53181
28.306 1.53116
28.307 1.53039
28.308 1.52949
28.309 1.52847
28.31 1.52732
28.311 1.52604
28.312 1.52464
28.313 1.52311
28.314 1.52145
28.315 1.51967
28.316 1.51776
28.317 1.51572
28.318 1.51356
28.319 1.51127
28.32 1.50885
28.321 1.50631
28.322 1.50365
28.323 1.50085
28.324 1.49793
28.325 1.49487
28.326 1.49169
28.327 1.48837
28.328 1.48492
28.329 1.48134
28.33 1.47763
28.331 1.47378
28.332 1.4698
28.333 1.46567
28.334 1.46141
28.335 1.45701
28.336 1.45246
28.337 1.44777
28.338 1.44293
28.339 1.43795
28.34 1.43281
28.341 1.42753
28.342 1.42209
28.343 1.41649
28.344 1.41074
28.345 1.40482
28.346 1.39874
28.347 1.3925
28.348 1.38608
28.349 1.3795
28.35 1.37274
28.351 1.36581
28.352 1.3587
28.353 1.35141
28.354 1.34393
28.355 1.33628
28.356 1.32844
28.357 1.32041
28.358 1.31219
28.359 1.30379
28.36 1.29519
28.361 1.2864
28.362 1.27741
28.363 1.26824
28.364 1.25887
28.365 1.2493
28.366 1.23955
28.367 1.2296
28.368 1.21946
28.369 1.20913
28.37 1.19861
28.371 1.18789
28.372 1.17699
28.373 1.1659
28.374 1.15462
28.375 1.14316
28.376 1.13151
28.377 1.11967
28.378 1.10765
28.379 1.09545
28.38 1.08307
28.381 1.0705
28.382 1.05776
28.383 1.04484
28.384 1.03175
28.385 1.01848
28.386 1.00504
28.387 0.991424
28.388 0.977644
28.389 0.963697
28.39 0.949585
28.391 0.935311
28.392 0.920875
28.393 0.906281
28.394 0.89153
28.395 0.876625
28.396 0.861568
28.397 0.846362
28.398 0.831008
28.399 0.81551
28.4 0.799869
28.401 0.784089
28.402 0.768174
28.403 0.752127
28.404 0.735953
28.405 0.719655
28.406 0.703239
28.407 0.686707
28.408 0.670065
28.409 0.653317
28.41 0.636466
28.411 0.619518
28.412 0.602476
28.413 0.585342
28.414 0.56812
28.415 0.550813
28.416 0.533425
28.417 0.515958
28.418 0.498415
28.419 0.480801
28.42 0.463118
28.421 0.445371
28.422 0.427565
28.423 0.409705
28.424 0.391799
28.425 0.373852
28.426 0.35587
28.427 0.33786
28.428 0.319827
28.429 0.301779
28.43 0.28372
28.431 0.265658
28.432 0.247596
28.433 0.229541
28.434 0.211496
28.435 0.193466
28.436 0.175457
28.437 0.157473
28.438 0.139518
28.439 0.121598
28.44 0.103718
28.441 0.0858808
28.442 0.0680925
28.443 0.0503575
28.444 0.0326804
28.445 0.0150656
28.446 -0.00248215
28.447 -0.0199584
28.448 -0.0373588
28.449 -0.0546787
28.45 -0.0719138
28.451 -0.0890595
28.452 -0.10611
28.453 -0.123061
28.454 -0.139905
28.455 -0.156637
28.456 -0.173253
28.457 -0.189746
28.458 -0.206112
28.459 -0.222344
28.46 -0.238438
28.461 -0.254389
28.462 -0.270192
28.463 -0.28584
28.464 -0.301331
28.465 -0.316658
28.466 -0.331817
28.467 -0.346803
28.468 -0.361612
28.469 -0.376239
28.47 -0.390679
28.471 -0.404929
28.472 -0.418984
28.473 -0.432839
28.474 -0.446492
28.475 -0.459937
28.476 -0.473171
28.477 -0.486189
28.478 -0.49899
28.479 -0.511568
28.48 -0.52392
28.481 -0.536043
28.482 -0.547933
28.483 -0.559589
28.484 -0.571005
28.485 -0.58218
28.486 -0.59311
28.487 -0.603793
28.488 -0.614226
28.489 -0.624407
28.49 -0.634333
28.491 -0.644001
28.492 -0.653409
28.493 -0.662553
28.494 -0.671429
28.495 -0.680035
28.496 -0.688368
28.497 -0.696424
28.498 -0.704201
28.499 -0.711695
28.5 -0.718906
28.501 -0.725829
28.502 -0.732463
28.503 -0.738805
28.504 -0.744854
28.505 -0.750607
28.506 -0.756063
28.507 -0.76122
28.508 -0.766076
28.509 -0.770631
28.51 -0.774882
28.511 -0.778829
28.512 -0.782472
28.513 -0.785811
28.514 -0.788848
28.515 -0.791581
28.516 -0.794013
28.517 -0.796144
28.518 -0.797976
28.519 -0.799509
28.52 -0.800745
28.521 -0.801685
28.522 -0.80233
28.523 -0.802679
28.524 -0.802734
28.525 -0.802494
28.526 -0.801961
28.527 -0.801135
28.528 -0.800018
28.529 -0.798609
28.53 -0.796911
28.531 -0.794924
28.532 -0.792652
28.533 -0.790098
28.534 -0.787263
28.535 -0.784152
28.536 -0.780767
28.537 -0.777112
28.538 -0.773191
28.539 -0.769005
28.54 -0.764561
28.541 -0.759859
28.542 -0.754904
28.543 -0.749698
28.544 -0.744244
28.545 -0.738544
28.546 -0.732601
28.547 -0.726419
28.548 -0.72
28.549 -0.713347
28.55 -0.706463
28.551 -0.699353
28.552 -0.69202
28.553 -0.684469
28.554 -0.676706
28.555 -0.668735
28.556 -0.660561
28.557 -0.65219
28.558 -0.643626
28.559 -0.634876
28.56 -0.625943
28.561 -0.616834
28.562 -0.607553
28.563 -0.598104
28.564 -0.588491
28.565 -0.578718
28.566 -0.568791
28.567 -0.558712
28.568 -0.548488
28.569 -0.538122
28.57 -0.527618
28.571 -0.516983
28.572 -0.506221
28.573 -0.495339
28.574 -0.484343
28.575 -0.473238
28.576 -0.462032
28.577 -0.450729
28.578 -0.439338
28.579 -0.427863
28.58 -0.416311
28.581 -0.404689
28.582 -0.393004
28.583 -0.381264
28.584 -0.369476
28.585 -0.357649
28.586 -0.34579
28.587 -0.333907
28.588 -0.322008
28.589 -0.3101
28.59 -0.298191
28.591 -0.286288
28.592 -0.274401
28.593 -0.262536
28.594 -0.2507
28.595 -0.238903
28.596 -0.227151
28.597 -0.215451
28.598 -0.203813
28.599 -0.192242
28.6 -0.180747
28.601 -0.169336
28.602 -0.158017
28.603 -0.146798
28.604 -0.135689
28.605 -0.124698
28.606 -0.113834
28.607 -0.103105
28.608 -0.0925198
28.609 -0.0820867
28.61 -0.0718142
28.611 -0.0617105
28.612 -0.0517837
28.613 -0.0420419
28.614 -0.0324933
28.615 -0.0231457
28.616 -0.0140069
28.617 -0.00508488
28.618 0.00361284
28.619 0.0120787
28.62 0.0203051
28.621 0.0282852
28.622 0.0360127
28.623 0.0434818
28.624 0.0506868
28.625 0.0576223
28.626 0.0642827
28.627 0.0706627
28.628 0.0767572
28.629 0.082561
28.63 0.0880692
28.631 0.0932772
28.632 0.0981815
28.633 0.102779
28.634 0.107066
28.635 0.11104
28.636 0.114698
28.637 0.118038
28.638 0.121056
28.639 0.123751
28.64 0.126121
28.641 0.128162
28.642 0.129873
28.643 0.131253
28.644 0.132299
28.645 0.13301
28.646 0.133384
28.647 0.13342
28.648 0.133118
28.649 0.132475
28.65 0.131491
28.651 0.130167
28.652 0.128503
28.653 0.126501
28.654 0.124165
28.655 0.121496
28.656 0.118498
28.657 0.115173
28.658 0.111524
28.659 0.107554
28.66 0.103266
28.661 0.0986636
28.662 0.0937475
28.663 0.0885189
28.664 0.0829787
28.665 0.0771281
28.666 0.0709683
28.667 0.0645009
28.668 0.0577272
28.669 0.050649
28.67 0.043268
28.671 0.0355866
28.672 0.0276078
28.673 0.0193351
28.674 0.0107722
28.675 0.00192279
28.676 -0.0072092
28.677 -0.0166198
28.678 -0.0263049
28.679 -0.0362603
28.68 -0.0464817
28.681 -0.0569653
28.682 -0.0677087
28.683 -0.0787098
28.684 -0.0899666
28.685 -0.101477
28.686 -0.113239
28.687 -0.125249
28.688 -0.137507
28.689 -0.150008
28.69 -0.16275
28.691 -0.175731
28.692 -0.188948
28.693 -0.202397
28.694 -0.216077
28.695 -0.229983
28.696 -0.244112
28.697 -0.258461
28.698 -0.273028
28.699 -0.287807
28.7 -0.302796
28.701 -0.317991
28.702 -0.333386
28.703 -0.348978
28.704 -0.36476
28.705 -0.380727
28.706 -0.396875
28.707 -0.413197
28.708 -0.429688
28.709 -0.446343
28.71 -0.463155
28.711 -0.48012
28.712 -0.497231
28.713 -0.514483
28.714 -0.53187
28.715 -0.549386
28.716 -0.567025
28.717 -0.584781
28.718 -0.602649
28.719 -0.620622
28.72 -0.638695
28.721 -0.65686
28.722 -0.675115
28.723 -0.693453
28.724 -0.71187
28.725 -0.730361
28.726 -0.748922
28.727 -0.767547
28.728 -0.786232
28.729 -0.804971
28.73 -0.823761
28.731 -0.842596
28.732 -0.861472
28.733 -0.880383
28.734 -0.899325
28.735 -0.918293
28.736 -0.937282
28.737 -0.956287
28.738 -0.975304
28.739 -0.994328
28.74 -1.01335
28.741 -1.03238
28.742 -1.05139
28.743 -1.0704
28.744 -1.0894
28.745 -1.10838
28.746 -1.12734
28.747 -1.14627
28.748 -1.16519
28.749 -1.18407
28.75 -1.20292
28.751 -1.22174
28.752 -1.24052
28.753 -1.25926
28.754 -1.27797
28.755 -1.29663
28.756 -1.31525
28.757 -1.33382
28.758 -1.35235
28.759 -1.37083
28.76 -1.38926
28.761 -1.40765
28.762 -1.42598
28.763 -1.44426
28.764 -1.46249
28.765 -1.48066
28.766 -1.49878
28.767 -1.51684
28.768 -1.53485
28.769 -1.55279
28.77 -1.57068
28.771 -1.5885
28.772 -1.60627
28.773 -1.62397
28.774 -1.6416
28.775 -1.65917
28.776 -1.67666
28.777 -1.69409
28.778 -1.71144
28.779 -1.72871
28.78 -1.74591
28.781 -1.76303
28.782 -1.78007
28.783 -1.79702
28.784 -1.81389
28.785 -1.83066
28.786 -1.84735
28.787 -1.86393
28.788 -1.88042
28.789 -1.89681
28.79 -1.9131
28.791 -1.92928
28.792 -1.94535
28.793 -1.9613
28.794 -1.97712
28.795 -1.99282
28.796 -2.00838
28.797 -2.0238
28.798 -2.03906
28.799 -2.05418
28.8 -2.06913
28.801 -2.08392
28.802 -2.09854
28.803 -2.11299
28.804 -2.12726
28.805 -2.14134
28.806 -2.15524
28.807 -2.16895
28.808 -2.18247
28.809 -2.19578
28.81 -2.2089
28.811 -2.22182
28.812 -2.23453
28.813 -2.24703
28.814 -2.25932
28.815 -2.2714
28.816 -2.28326
28.817 -2.29492
28.818 -2.30635
28.819 -2.31757
28.82 -2.32857
28.821 -2.33935
28.822 -2.34991
28.823 -2.36025
28.824 -2.37036
28.825 -2.38026
28.826 -2.38992
28.827 -2.39937
28.828 -2.40858
28.829 -2.41758
28.83 -2.42634
28.831 -2.43489
28.832 -2.4432
28.833 -2.45128
28.834 -2.45914
28.835 -2.46676
28.836 -2.47415
28.837 -2.4813
28.838 -2.48822
28.839 -2.49491
28.84 -2.50136
28.841 -2.50757
28.842 -2.51354
28.843 -2.51928
28.844 -2.52477
28.845 -2.53001
28.846 -2.53501
28.847 -2.53976
28.848 -2.54426
28.849 -2.54852
28.85 -2.55252
28.851 -2.55626
28.852 -2.55975
28.853 -2.56298
28.854 -2.56594
28.855 -2.56862
28.856 -2.57103
28.857 -2.57316
28.858 -2.575
28.859 -2.57655
28.86 -2.5778
28.861 -2.57876
28.862 -2.57941
28.863 -2.57975
28.864 -2.57977
28.865 -2.57947
28.866 -2.57885
28.867 -2.5779
28.868 -2.57661
28.869 -2.57498
28.87 -2.573
28.871 -2.57068
28.872 -2.568
28.873 -2.56496
28.874 -2.56156
28.875 -2.55779
28.876 -2.55364
28.877 -2.5491
28.878 -2.54419
28.879 -2.53888
28.88 -2.53318
28.881 -2.52708
28.882 -2.52058
28.883 -2.51366
28.884 -2.50634
28.885 -2.4986
28.886 -2.49044
28.887 -2.48186
28.888 -2.47286
28.889 -2.46342
28.89 -2.45356
28.891 -2.44326
28.892 -2.43252
28.893 -2.42135
28.894 -2.40973
28.895 -2.39768
28.896 -2.38519
28.897 -2.37226
28.898 -2.35888
28.899 -2.34507
28.9 -2.33081
28.901 -2.31612
28.902 -2.30098
28.903 -2.28541
28.904 -2.2694
28.905 -2.25296
28.906 -2.23608
28.907 -2.21878
28.908 -2.20105
28.909 -2.18289
28.91 -2.16432
28.911 -2.14533
28.912 -2.12592
28.913 -2.1061
28.914 -2.08589
28.915 -2.06527
28.916 -2.04426
28.917 -2.02286
28.918 -2.00107
28.919 -1.97891
28.92 -1.95638
28.921 -1.93348
28.922 -1.91022
28.923 -1.8866
28.924 -1.86263
28.925 -1.83832
28.926 -1.81366
28.927 -1.78866
28.928 -1.76334
28.929 -1.73769
28.93 -1.71172
28.931 -1.68543
28.932 -1.65884
28.933 -1.63194
28.934 -1.60476
28.935 -1.57729
28.936 -1.54954
28.937 -1.52153
28.938 -1.49325
28.939 -1.46472
28.94 -1.43594
28.941 -1.40693
28.942 -1.37768
28.943 -1.34822
28.944 -1.31854
28.945 -1.28866
28.946 -1.25859
28.947 -1.22832
28.948 -1.19788
28.949 -1.16727
28.95 -1.1365
28.951 -1.10558
28.952 -1.07451
28.953 -1.04332
28.954 -1.01199
28.955 -0.980554
28.956 -0.949008
28.957 -0.917366
28.958 -0.885635
28.959 -0.853826
28.96 -0.821946
28.961 -0.790007
28.962 -0.75802
28.963 -0.725996
28.964 -0.693947
28.965 -0.661886
28.966 -0.629824
28.967 -0.597773
28.968 -0.565746
28.969 -0.533754
28.97 -0.501808
28.971 -0.469921
28.972 -0.438105
28.973 -0.406371
28.974 -0.374731
28.975 -0.343196
28.976 -0.311778
28.977 -0.280488
28.978 -0.249338
28.979 -0.218339
28.98 -0.187503
28.981 -0.15684
28.982 -0.126362
28.983 -0.0960823
28.984 -0.0660125
28.985 -0.0361647
28.986 -0.00655069
28.987 0.0228178
28.988 0.0519291
28.989 0.0807718
28.99 0.109335
28.991 0.137607
28.992 0.165576
28.993 0.193233
28.994 0.220567
28.995 0.247567
28.996 0.274222
28.997 0.300523
28.998 0.326459
28.999 0.352021
29 0.3772
29.001 0.401986
29.002 0.426371
29.003 0.450348
29.004 0.473909
29.005 0.497047
29.006 0.519755
29.007 0.542026
29.008 0.563855
29.009 0.585233
29.01 0.606156
29.011 0.626617
29.012 0.646613
29.013 0.666139
29.014 0.685191
29.015 0.703765
29.016 0.721859
29.017 0.739469
29.018 0.756592
29.019 0.773225
29.02 0.789366
29.021 0.805012
29.022 0.82016
29.023 0.834807
29.024 0.848949
29.025 0.862586
29.026 0.875712
29.027 0.888327
29.028 0.900429
29.029 0.912015
29.03 0.923084
29.031 0.933635
29.032 0.943667
29.033 0.953182
29.034 0.962179
29.035 0.97066
29.036 0.978625
29.037 0.986076
29.038 0.993014
29.039 0.999441
29.04 1.00536
29.041 1.01077
29.042 1.01568
29.043 1.02008
29.044 1.02398
29.045 1.02739
29.046 1.03031
29.047 1.03273
29.048 1.03466
29.049 1.03612
29.05 1.03709
29.051 1.03759
29.052 1.03761
29.053 1.03717
29.054 1.03625
29.055 1.03488
29.056 1.03304
29.057 1.03075
29.058 1.02801
29.059 1.02482
29.06 1.02118
29.061 1.01711
29.062 1.0126
29.063 1.00766
29.064 1.00229
29.065 0.996506
29.066 0.990304
29.067 0.983692
29.068 0.976676
29.069 0.96926
29.07 0.961451
29.071 0.953254
29.072 0.944674
29.073 0.935715
29.074 0.926384
29.075 0.916684
29.076 0.906621
29.077 0.896201
29.078 0.885427
29.079 0.874308
29.08 0.862846
29.081 0.85105
29.082 0.838925
29.083 0.82648
29.084 0.813721
29.085 0.800655
29.086 0.787292
29.087 0.773638
29.088 0.759701
29.089 0.745489
29.09 0.731011
29.091 0.716274
29.092 0.701286
29.093 0.686056
29.094 0.670592
29.095 0.654903
29.096 0.638996
29.097 0.622881
29.098 0.606566
29.099 0.59006
29.1 0.573372
29.101 0.556509
29.102 0.539481
29.103 0.522293
29.104 0.504955
29.105 0.487473
29.106 0.469855
29.107 0.452109
29.108 0.434243
29.109 0.416264
29.11 0.39818
29.111 0.38
29.112 0.361732
29.113 0.343385
29.114 0.324968
29.115 0.306492
29.116 0.287965
29.117 0.269396
29.118 0.250794
29.119 0.23217
29.12 0.213532
29.121 0.194889
29.122 0.17625
29.123 0.157626
29.124 0.139024
29.125 0.120455
29.126 0.101927
29.127 0.0834498
29.128 0.0650319
29.129 0.0466826
29.13 0.028411
29.131 0.0102256
29.132 -0.00786561
29.133 -0.0258552
29.134 -0.0437356
29.135 -0.0614995
29.136 -0.0791395
29.137 -0.0966483
29.138 -0.114019
29.139 -0.131243
29.14 -0.148315
29.141 -0.165227
29.142 -0.181973
29.143 -0.198544
29.144 -0.214936
29.145 -0.23114
29.146 -0.247151
29.147 -0.262961
29.148 -0.278564
29.149 -0.293955
29.15 -0.309126
29.151 -0.324071
29.152 -0.338784
29.153 -0.35326
29.154 -0.367492
29.155 -0.381475
29.156 -0.395203
29.157 -0.408671
29.158 -0.421872
29.159 -0.434802
29.16 -0.447456
29.161 -0.459828
29.162 -0.471915
29.163 -0.483714
29.164 -0.49522
29.165 -0.506431
29.166 -0.517343
29.167 -0.527954
29.168 -0.538261
29.169 -0.54826
29.17 -0.55795
29.171 -0.567328
29.172 -0.576389
29.173 -0.585132
29.174 -0.593551
29.175 -0.601644
29.176 -0.609408
29.177 -0.616839
29.178 -0.623936
29.179 -0.630694
29.18 -0.637112
29.181 -0.643187
29.182 -0.648914
29.183 -0.654292
29.184 -0.659317
29.185 -0.663984
29.186 -0.668292
29.187 -0.672237
29.188 -0.675816
29.189 -0.679028
29.19 -0.681869
29.191 -0.684337
29.192 -0.68643
29.193 -0.688146
29.194 -0.689484
29.195 -0.690441
29.196 -0.691016
29.197 -0.691207
29.198 -0.691015
29.199 -0.690436
29.2 -0.689472
29.201 -0.68812
29.202 -0.686378
29.203 -0.684246
29.204 -0.681722
29.205 -0.678804
29.206 -0.675491
29.207 -0.671782
29.208 -0.667676
29.209 -0.663173
29.21 -0.658271
29.211 -0.652971
29.212 -0.647274
29.213 -0.64118
29.214 -0.634691
29.215 -0.627809
29.216 -0.620536
29.217 -0.612874
29.218 -0.604824
29.219 -0.596388
29.22 -0.587571
29.221 -0.578373
29.222 -0.5688
29.223 -0.558854
29.224 -0.548541
29.225 -0.537866
29.226 -0.526832
29.227 -0.515445
29.228 -0.503709
29.229 -0.491631
29.23 -0.479214
29.231 -0.466465
29.232 -0.453389
29.233 -0.439992
29.234 -0.426279
29.235 -0.412257
29.236 -0.397931
29.237 -0.383308
29.238 -0.368394
29.239 -0.353195
29.24 -0.337718
29.241 -0.32197
29.242 -0.305959
29.243 -0.289693
29.244 -0.27318
29.245 -0.256429
29.246 -0.239448
29.247 -0.222245
29.248 -0.20483
29.249 -0.187211
29.25 -0.169398
29.251 -0.151397
29.252 -0.133217
29.253 -0.114863
29.254 -0.0963423
29.255 -0.0776611
29.256 -0.0588259
29.257 -0.0398433
29.258 -0.0207199
29.259 -0.00146256
29.26 0.0179221
29.261 0.0374276
29.262 0.0570481
29.263 0.0767782
29.264 0.0966122
29.265 0.116544
29.266 0.13657
29.267 0.156682
29.268 0.176875
29.269 0.197144
29.27 0.217483
29.271 0.237886
29.272 0.258346
29.273 0.278856
29.274 0.299409
29.275 0.319997
29.276 0.340615
29.277 0.361253
29.278 0.381906
29.279 0.402566
29.28 0.423226
29.281 0.44388
29.282 0.464523
29.283 0.485149
29.284 0.505756
29.285 0.526339
29.286 0.546892
29.287 0.567414
29.288 0.587898
29.289 0.608341
29.29 0.628739
29.291 0.649086
29.292 0.669378
29.293 0.689606
29.294 0.709766
29.295 0.729849
29.296 0.749849
29.297 0.76976
29.298 0.789575
29.299 0.809289
29.3 0.828894
29.301 0.848384
29.302 0.867752
29.303 0.886991
29.304 0.906092
29.305 0.92505
29.306 0.943856
29.307 0.962503
29.308 0.980985
29.309 0.999294
29.31 1.01742
29.311 1.03537
29.312 1.05312
29.313 1.07067
29.314 1.08802
29.315 1.10515
29.316 1.12207
29.317 1.13876
29.318 1.15522
29.319 1.17145
29.32 1.18743
29.321 1.20317
29.322 1.21866
29.323 1.23388
29.324 1.24884
29.325 1.26354
29.326 1.27796
29.327 1.2921
29.328 1.30596
29.329 1.31953
29.33 1.33281
29.331 1.3458
29.332 1.35848
29.333 1.37086
29.334 1.38293
29.335 1.39469
29.336 1.40614
29.337 1.41726
29.338 1.42807
29.339 1.43855
29.34 1.4487
29.341 1.45852
29.342 1.468
29.343 1.47716
29.344 1.48599
29.345 1.49449
29.346 1.50265
29.347 1.51049
29.348 1.518
29.349 1.52519
29.35 1.53204
29.351 1.53858
29.352 1.54479
29.353 1.55067
29.354 1.55623
29.355 1.56147
29.356 1.56638
29.357 1.57097
29.358 1.57524
29.359 1.57919
29.36 1.58282
29.361 1.58613
29.362 1.58913
29.363 1.59181
29.364 1.59419
29.365 1.59625
29.366 1.59802
29.367 1.59948
29.368 1.60065
29.369 1.60152
29.37 1.60211
29.371 1.60241
29.372 1.60242
29.373 1.60215
29.374 1.6016
29.375 1.60077
29.376 1.59966
29.377 1.59827
29.378 1.5966
29.379 1.59467
29.38 1.59246
29.381 1.58998
29.382 1.58723
29.383 1.58422
29.384 1.58094
29.385 1.57741
29.386 1.57361
29.387 1.56957
29.388 1.56526
29.389 1.56071
29.39 1.55592
29.391 1.55087
29.392 1.54559
29.393 1.54007
29.394 1.53432
29.395 1.52833
29.396 1.52212
29.397 1.51568
29.398 1.50902
29.399 1.50215
29.4 1.49506
29.401 1.48776
29.402 1.48026
29.403 1.47256
29.404 1.46465
29.405 1.45656
29.406 1.44827
29.407 1.4398
29.408 1.43115
29.409 1.42232
29.41 1.41332
29.411 1.40415
29.412 1.39481
29.413 1.38533
29.414 1.37569
29.415 1.3659
29.416 1.35598
29.417 1.34592
29.418 1.33574
29.419 1.32544
29.42 1.31502
29.421 1.3045
29.422 1.29387
29.423 1.28316
29.424 1.27235
29.425 1.26147
29.426 1.25052
29.427 1.23951
29.428 1.22844
29.429 1.21732
29.43 1.20617
29.431 1.19498
29.432 1.18377
29.433 1.17255
29.434 1.16132
29.435 1.15009
29.436 1.13888
29.437 1.12769
29.438 1.11654
29.439 1.10542
29.44 1.09435
29.441 1.08334
29.442 1.0724
29.443 1.06152
29.444 1.05073
29.445 1.04002
29.446 1.02941
29.447 1.0189
29.448 1.0085
29.449 0.99822
29.45 0.988059
29.451 0.978028
29.452 0.968132
29.453 0.958374
29.454 0.948758
29.455 0.93929
29.456 0.929972
29.457 0.920809
29.458 0.911805
29.459 0.902962
29.46 0.894286
29.461 0.885779
29.462 0.877445
29.463 0.869288
29.464 0.86131
29.465 0.853516
29.466 0.845908
29.467 0.838489
29.468 0.831263
29.469 0.824232
29.47 0.8174
29.471 0.810768
29.472 0.804338
29.473 0.798108
29.474 0.792079
29.475 0.786251
29.476 0.780623
29.477 0.775195
29.478 0.769966
29.479 0.764936
29.48 0.760103
29.481 0.755469
29.482 0.751032
29.483 0.746793
29.484 0.742752
29.485 0.73891
29.486 0.735267
29.487 0.731823
29.488 0.728578
29.489 0.725532
29.49 0.722684
29.491 0.720035
29.492 0.717585
29.493 0.715336
29.494 0.713287
29.495 0.711441
29.496 0.709798
29.497 0.708357
29.498 0.70712
29.499 0.706088
29.5 0.705259
29.501 0.704636
29.502 0.704217
29.503 0.704003
29.504 0.703994
29.505 0.70419
29.506 0.70459
29.507 0.705195
29.508 0.706004
29.509 0.707016
29.51 0.708231
29.511 0.709649
29.512 0.711269
29.513 0.713089
29.514 0.71511
29.515 0.717329
29.516 0.719747
29.517 0.722362
29.518 0.725173
29.519 0.728178
29.52 0.731376
29.521 0.734766
29.522 0.738343
29.523 0.742103
29.524 0.746043
29.525 0.750156
29.526 0.75444
29.527 0.758889
29.528 0.763499
29.529 0.768265
29.53 0.773182
29.531 0.778246
29.532 0.783449
29.533 0.788787
29.534 0.794252
29.535 0.799839
29.536 0.80554
29.537 0.81135
29.538 0.817261
29.539 0.823268
29.54 0.829363
29.541 0.835541
29.542 0.841793
29.543 0.848115
29.544 0.854499
29.545 0.860938
29.546 0.867425
29.547 0.873955
29.548 0.88052
29.549 0.887113
29.55 0.893727
29.551 0.900356
29.552 0.906993
29.553 0.913632
29.554 0.920265
29.555 0.926886
29.556 0.933487
29.557 0.940063
29.558 0.946607
29.559 0.953111
29.56 0.95957
29.561 0.965976
29.562 0.972325
29.563 0.97861
29.564 0.984828
29.565 0.990972
29.566 0.997037
29.567 1.00302
29.568 1.00891
29.569 1.01471
29.57 1.02041
29.571 1.02601
29.572 1.0315
29.573 1.03688
29.574 1.04213
29.575 1.04727
29.576 1.05228
29.577 1.05715
29.578 1.06189
29.579 1.06649
29.58 1.07094
29.581 1.07525
29.582 1.0794
29.583 1.08339
29.584 1.08723
29.585 1.09091
29.586 1.09442
29.587 1.09777
29.588 1.10094
29.589 1.10395
29.59 1.10678
29.591 1.10944
29.592 1.11191
29.593 1.11421
29.594 1.11632
29.595 1.11823
29.596 1.11996
29.597 1.12149
29.598 1.12282
29.599 1.12394
29.6 1.12487
29.601 1.12558
29.602 1.12609
29.603 1.12638
29.604 1.12645
29.605 1.12631
29.606 1.12595
29.607 1.12536
29.608 1.12455
29.609 1.12351
29.61 1.12224
29.611 1.12074
29.612 1.11901
29.613 1.11705
29.614 1.11484
29.615 1.1124
29.616 1.10973
29.617 1.10681
29.618 1.10365
29.619 1.10024
29.62 1.0966
29.621 1.09271
29.622 1.08857
29.623 1.08419
29.624 1.07956
29.625 1.07469
29.626 1.06956
29.627 1.06419
29.628 1.05857
29.629 1.05271
29.63 1.04659
29.631 1.04023
29.632 1.03362
29.633 1.02677
29.634 1.01967
29.635 1.01233
29.636 1.00476
29.637 0.996942
29.638 0.988894
29.639 0.980612
29.64 0.972101
29.641 0.963361
29.642 0.954398
29.643 0.945215
29.644 0.935815
29.645 0.926204
29.646 0.916385
29.647 0.906363
29.648 0.896141
29.649 0.885725
29.65 0.875119
29.651 0.864328
29.652 0.853355
29.653 0.842207
29.654 0.830888
29.655 0.819402
29.656 0.807755
29.657 0.795951
29.658 0.783996
29.659 0.771895
29.66 0.759653
29.661 0.747276
29.662 0.734769
29.663 0.72214
29.664 0.709395
29.665 0.696542
29.666 0.683586
29.667 0.670535
29.668 0.657395
29.669 0.644174
29.67 0.630879
29.671 0.617516
29.672 0.60409
29.673 0.590609
29.674 0.577077
29.675 0.563499
29.676 0.549883
29.677 0.536234
29.678 0.522556
29.679 0.508857
29.68 0.495141
29.681 0.481415
29.682 0.467682
29.683 0.453948
29.684 0.440216
29.685 0.426491
29.686 0.412778
29.687 0.399081
29.688 0.385403
29.689 0.37175
29.69 0.358126
29.691 0.344535
29.692 0.330978
29.693 0.317458
29.694 0.303975
29.695 0.290532
29.696 0.27713
29.697 0.26377
29.698 0.250455
29.699 0.237184
29.7 0.223961
29.701 0.210785
29.702 0.19766
29.703 0.184585
29.704 0.171563
29.705 0.158595
29.706 0.145682
29.707 0.132825
29.708 0.120026
29.709 0.107285
29.71 0.0946051
29.711 0.081986
29.712 0.0694292
29.713 0.056936
29.714 0.0445074
29.715 0.0321445
29.716 0.0198483
29.717 0.0076198
29.718 -0.00453999
29.719 -0.0166301
29.72 -0.0286498
29.721 -0.0405977
29.722 -0.0524719
29.723 -0.0642704
29.724 -0.075991
29.725 -0.0876316
29.726 -0.0991901
29.727 -0.110664
29.728 -0.122053
29.729 -0.133353
29.73 -0.144563
29.731 -0.155682
29.732 -0.166707
29.733 -0.177636
29.734 -0.188469
29.735 -0.199203
29.736 -0.209836
29.737 -0.220368
29.738 -0.230796
29.739 -0.241118
29.74 -0.251335
29.741 -0.261443
29.742 -0.27144
29.743 -0.281324
29.744 -0.291093
29.745 -0.300742
29.746 -0.310272
29.747 -0.319677
29.748 -0.328957
29.749 -0.338109
29.75 -0.347131
29.751 -0.356021
29.752 -0.364777
29.753 -0.373399
29.754 -0.381886
29.755 -0.390238
29.756 -0.398455
29.757 -0.406535
29.758 -0.414478
29.759 -0.422284
29.76 -0.429953
29.761 -0.437484
29.762 -0.444877
29.763 -0.452132
29.764 -0.459249
29.765 -0.466228
29.766 -0.473069
29.767 -0.479772
29.768 -0.486337
29.769 -0.492765
29.77 -0.499056
29.771 -0.50521
29.772 -0.511229
29.773 -0.517115
29.774 -0.52287
29.775 -0.528496
29.776 -0.533994
29.777 -0.539367
29.778 -0.544616
29.779 -0.549745
29.78 -0.554755
29.781 -0.559648
29.782 -0.564426
29.783 -0.569089
29.784 -0.573638
29.785 -0.578076
29.786 -0.582402
29.787 -0.586618
29.788 -0.590725
29.789 -0.594725
29.79 -0.598619
29.791 -0.602409
29.792 -0.606096
29.793 -0.609685
29.794 -0.613177
29.795 -0.616576
29.796 -0.619885
29.797 -0.623107
29.798 -0.626244
29.799 -0.6293
29.8 -0.632278
29.801 -0.635181
29.802 -0.63801
29.803 -0.640768
29.804 -0.643456
29.805 -0.646077
29.806 -0.648632
29.807 -0.651124
29.808 -0.653553
29.809 -0.655923
29.81 -0.658235
29.811 -0.660492
29.812 -0.662693
29.813 -0.66484
29.814 -0.666933
29.815 -0.668974
29.816 -0.670962
29.817 -0.6729
29.818 -0.674787
29.819 -0.676626
29.82 -0.678415
29.821 -0.680157
29.822 -0.681849
29.823 -0.68349
29.824 -0.685078
29.825 -0.686612
29.826 -0.688089
29.827 -0.689509
29.828 -0.690869
29.829 -0.692167
29.83 -0.693404
29.831 -0.694576
29.832 -0.695686
29.833 -0.696733
29.834 -0.69772
29.835 -0.698647
29.836 -0.699517
29.837 -0.700329
29.838 -0.701086
29.839 -0.701788
29.84 -0.702438
29.841 -0.703035
29.842 -0.70358
29.843 -0.704071
29.844 -0.704506
29.845 -0.704885
29.846 -0.705206
29.847 -0.705468
29.848 -0.70567
29.849 -0.705811
29.85 -0.705889
29.851 -0.705904
29.852 -0.705856
29.853 -0.705744
29.854 -0.705571
29.855 -0.705335
29.856 -0.705037
29.857 -0.704678
29.858 -0.704258
29.859 -0.703777
29.86 -0.703237
29.861 -0.702637
29.862 -0.70198
29.863 -0.701266
29.864 -0.700499
29.865 -0.69968
29.866 -0.698812
29.867 -0.697895
29.868 -0.696932
29.869 -0.695926
29.87 -0.694877
29.871 -0.693789
29.872 -0.692663
29.873 -0.691502
29.874 -0.690306
29.875 -0.68908
29.876 -0.687823
29.877 -0.68654
29.878 -0.685231
29.879 -0.6839
29.88 -0.682547
29.881 -0.681176
29.882 -0.679786
29.883 -0.678379
29.884 -0.676956
29.885 -0.675518
29.886 -0.674064
29.887 -0.672597
29.888 -0.671117
29.889 -0.669624
29.89 -0.66812
29.891 -0.666606
29.892 -0.665081
29.893 -0.663548
29.894 -0.662007
29.895 -0.660458
29.896 -0.658903
29.897 -0.657342
29.898 -0.655777
29.899 -0.654208
29.9 -0.652636
29.901 -0.651061
29.902 -0.649485
29.903 -0.647909
29.904 -0.646333
29.905 -0.644758
29.906 -0.643185
29.907 -0.641614
29.908 -0.640048
29.909 -0.638486
29.91 -0.636929
29.911 -0.635377
29.912 -0.633831
29.913 -0.632291
29.914 -0.630754
29.915 -0.629221
29.916 -0.627692
29.917 -0.626166
29.918 -0.624641
29.919 -0.623118
29.92 -0.621597
29.921 -0.620075
29.922 -0.618554
29.923 -0.617032
29.924 -0.615508
29.925 -0.613983
29.926 -0.612455
29.927 -0.610925
29.928 -0.609391
29.929 -0.607853
29.93 -0.60631
29.931 -0.604762
29.932 -0.603208
29.933 -0.601648
29.934 -0.600081
29.935 -0.598506
29.936 -0.596923
29.937 -0.595332
29.938 -0.593731
29.939 -0.592121
29.94 -0.590501
29.941 -0.588869
29.942 -0.587225
29.943 -0.585566
29.944 -0.58389
29.945 -0.582197
29.946 -0.580483
29.947 -0.578747
29.948 -0.576987
29.949 -0.575201
29.95 -0.573388
29.951 -0.571545
29.952 -0.569671
29.953 -0.567764
29.954 -0.565822
29.955 -0.563844
29.956 -0.561828
29.957 -0.559771
29.958 -0.557673
29.959 -0.555531
29.96 -0.553344
29.961 -0.55111
29.962 -0.548828
29.963 -0.546496
29.964 -0.544112
29.965 -0.541675
29.966 -0.539183
29.967 -0.536635
29.968 -0.534029
29.969 -0.531363
29.97 -0.528637
29.971 -0.525848
29.972 -0.522995
29.973 -0.520073
29.974 -0.517081
29.975 -0.514016
29.976 -0.510875
29.977 -0.507655
29.978 -0.504355
29.979 -0.500971
29.98 -0.497501
29.981 -0.493943
29.982 -0.490293
29.983 -0.486551
29.984 -0.482712
29.985 -0.478775
29.986 -0.474738
29.987 -0.470599
29.988 -0.466354
29.989 -0.462003
29.99 -0.457542
29.991 -0.452971
29.992 -0.448286
29.993 -0.443486
29.994 -0.438569
29.995 -0.433533
29.996 -0.428377
29.997 -0.423098
29.998 -0.417694
29.999 -0.412165
30 -0.406508
30.001 -0.400723
30.002 -0.394808
30.003 -0.388763
30.004 -0.38259
30.005 -0.376287
30.006 -0.369854
30.007 -0.363292
30.008 -0.356602
30.009 -0.349782
30.01 -0.342833
30.011 -0.335756
30.012 -0.328549
30.013 -0.321213
30.014 -0.313745
30.015 -0.306145
30.016 -0.298412
30.017 -0.290546
30.018 -0.282545
30.019 -0.27441
30.02 -0.26614
30.021 -0.257734
30.022 -0.249195
30.023 -0.240525
30.024 -0.231726
30.025 -0.2228
30.026 -0.213751
30.027 -0.20458
30.028 -0.19529
30.029 -0.185884
30.03 -0.176365
30.031 -0.166734
30.032 -0.156993
30.033 -0.147145
30.034 -0.13719
30.035 -0.12713
30.036 -0.116967
30.037 -0.106702
30.038 -0.0963366
30.039 -0.0858728
30.04 -0.0753123
30.041 -0.0646576
30.042 -0.0539124
30.043 -0.0430812
30.044 -0.0321688
30.045 -0.0211796
30.046 -0.0101184
30.047 0.0010102
30.048 0.0122015
30.049 0.0234508
30.05 0.0347532
30.051 0.0461042
30.052 0.0574987
30.053 0.0689322
30.054 0.0803998
30.055 0.0918966
30.056 0.103418
30.057 0.114959
30.058 0.126515
30.059 0.13808
30.06 0.149651
30.061 0.161222
30.062 0.172791
30.063 0.184352
30.064 0.195903
30.065 0.207441
30.066 0.218962
30.067 0.230462
30.068 0.241938
30.069 0.253386
30.07 0.264804
30.071 0.276188
30.072 0.287534
30.073 0.298839
30.074 0.3101
30.075 0.321313
30.076 0.332475
30.077 0.343583
30.078 0.354634
30.079 0.365624
30.08 0.37655
30.081 0.38741
30.082 0.398199
30.083 0.408915
30.084 0.419555
30.085 0.430115
30.086 0.440593
30.087 0.450986
30.088 0.461291
30.089 0.471504
30.09 0.481624
30.091 0.491647
30.092 0.501571
30.093 0.511392
30.094 0.521109
30.095 0.530718
30.096 0.540218
30.097 0.549605
30.098 0.558877
30.099 0.568032
30.1 0.577067
30.101 0.585979
30.102 0.594768
30.103 0.60343
30.104 0.611964
30.105 0.620367
30.106 0.628637
30.107 0.636773
30.108 0.644772
30.109 0.652632
30.11 0.660352
30.111 0.66793
30.112 0.675363
30.113 0.682649
30.114 0.689783
30.115 0.696764
30.116 0.703588
30.117 0.710253
30.118 0.716757
30.119 0.723096
30.12 0.729269
30.121 0.735272
30.122 0.741101
30.123 0.746751
30.124 0.752217
30.125 0.757494
30.126 0.762578
30.127 0.767463
30.128 0.772147
30.129 0.776623
30.13 0.780888
30.131 0.784937
30.132 0.788768
30.133 0.792378
30.134 0.795764
30.135 0.798924
30.136 0.801855
30.137 0.804554
30.138 0.807021
30.139 0.809252
30.14 0.811245
30.141 0.812999
30.142 0.814512
30.143 0.815782
30.144 0.816807
30.145 0.817586
30.146 0.818117
30.147 0.8184
30.148 0.818432
30.149 0.818213
30.15 0.817742
30.151 0.817017
30.152 0.816041
30.153 0.814812
30.154 0.813332
30.155 0.811602
30.156 0.809623
30.157 0.807395
30.158 0.804921
30.159 0.8022
30.16 0.799236
30.161 0.796028
30.162 0.792581
30.163 0.788897
30.164 0.784979
30.165 0.780831
30.166 0.776455
30.167 0.771855
30.168 0.767035
30.169 0.761999
30.17 0.756749
30.171 0.75129
30.172 0.745626
30.173 0.73976
30.174 0.733696
30.175 0.727439
30.176 0.720993
30.177 0.714362
30.178 0.70755
30.179 0.700561
30.18 0.693401
30.181 0.686074
30.182 0.678585
30.183 0.670941
30.184 0.663147
30.185 0.65521
30.186 0.647136
30.187 0.638931
30.188 0.630601
30.189 0.622153
30.19 0.613593
30.191 0.604926
30.192 0.596156
30.193 0.587285
30.194 0.578316
30.195 0.569251
30.196 0.560093
30.197 0.550844
30.198 0.541507
30.199 0.532084
30.2 0.522578
30.201 0.512992
30.202 0.503329
30.203 0.493591
30.204 0.483781
30.205 0.473902
30.206 0.463956
30.207 0.453948
30.208 0.443878
30.209 0.433752
30.21 0.42357
30.211 0.413336
30.212 0.403052
30.213 0.39272
30.214 0.382341
30.215 0.371917
30.216 0.361449
30.217 0.350939
30.218 0.34039
30.219 0.329802
30.22 0.319177
30.221 0.308518
30.222 0.297829
30.223 0.287114
30.224 0.276378
30.225 0.265625
30.226 0.254859
30.227 0.244086
30.228 0.233309
30.229 0.222534
30.23 0.211764
30.231 0.201004
30.232 0.190257
30.233 0.179527
30.234 0.168816
30.235 0.158128
30.236 0.147466
30.237 0.136833
30.238 0.126231
30.239 0.115665
30.24 0.105136
30.241 0.0946497
30.242 0.0842098
30.243 0.0738223
30.244 0.0634929
30.245 0.0532272
30.246 0.0430308
30.247 0.0329093
30.248 0.0228682
30.249 0.012913
30.25 0.00304925
30.251 -0.0067181
30.252 -0.0163846
30.253 -0.0259464
30.254 -0.0353994
30.255 -0.0447399
30.256 -0.053964
30.257 -0.0630679
30.258 -0.0720479
30.259 -0.0809003
30.26 -0.0896216
30.261 -0.0982082
30.262 -0.106657
30.263 -0.114963
30.264 -0.123125
30.265 -0.131138
30.266 -0.139
30.267 -0.146707
30.268 -0.154256
30.269 -0.161645
30.27 -0.168869
30.271 -0.175927
30.272 -0.182815
30.273 -0.189531
30.274 -0.196071
30.275 -0.202435
30.276 -0.208617
30.277 -0.214618
30.278 -0.220433
30.279 -0.226061
30.28 -0.2315
30.281 -0.236746
30.282 -0.2418
30.283 -0.246657
30.284 -0.251317
30.285 -0.255778
30.286 -0.260038
30.287 -0.264095
30.288 -0.267948
30.289 -0.271595
30.29 -0.275035
30.291 -0.278266
30.292 -0.281287
30.293 -0.284094
30.294 -0.286686
30.295 -0.289059
30.296 -0.291213
30.297 -0.293144
30.298 -0.294851
30.299 -0.296332
30.3 -0.297585
30.301 -0.298608
30.302 -0.299399
30.303 -0.299953
30.304 -0.30027
30.305 -0.300346
30.306 -0.300178
30.307 -0.299765
30.308 -0.299103
30.309 -0.298191
30.31 -0.297026
30.311 -0.295606
30.312 -0.29393
30.313 -0.291995
30.314 -0.2898
30.315 -0.287343
30.316 -0.284623
30.317 -0.281639
30.318 -0.278388
30.319 -0.274871
30.32 -0.271085
30.321 -0.267031
30.322 -0.262708
30.323 -0.258117
30.324 -0.253259
30.325 -0.248135
30.326 -0.242746
30.327 -0.237092
30.328 -0.231176
30.329 -0.224998
30.33 -0.218559
30.331 -0.211862
30.332 -0.20491
30.333 -0.197704
30.334 -0.190249
30.335 -0.182548
30.336 -0.174605
30.337 -0.166421
30.338 -0.158002
30.339 -0.149351
30.34 -0.140472
30.341 -0.131368
30.342 -0.122044
30.343 -0.112503
30.344 -0.102751
30.345 -0.0927895
30.346 -0.0826248
30.347 -0.0722607
30.348 -0.0617016
30.349 -0.0509522
30.35 -0.0400171
30.351 -0.0289009
30.352 -0.0176084
30.353 -0.00614443
30.354 0.00548608
30.355 0.0172782
30.356 0.0292267
30.357 0.0413268
30.358 0.053573
30.359 0.0659603
30.36 0.0784834
30.361 0.091137
30.362 0.103916
30.363 0.116814
30.364 0.129826
30.365 0.142948
30.366 0.156172
30.367 0.169494
30.368 0.182907
30.369 0.196407
30.37 0.209988
30.371 0.223643
30.372 0.237369
30.373 0.251161
30.374 0.265014
30.375 0.278925
30.376 0.292888
30.377 0.306898
30.378 0.320953
30.379 0.335046
30.38 0.349174
30.381 0.363331
30.382 0.377514
30.383 0.391718
30.384 0.405937
30.385 0.420168
30.386 0.434406
30.387 0.448646
30.388 0.462883
30.389 0.477114
30.39 0.491334
30.391 0.505537
30.392 0.51972
30.393 0.533877
30.394 0.548005
30.395 0.562099
30.396 0.576155
30.397 0.590167
30.398 0.604131
30.399 0.618044
30.4 0.6319
30.401 0.645696
30.402 0.659427
30.403 0.673088
30.404 0.686676
30.405 0.700186
30.406 0.713614
30.407 0.726956
30.408 0.740208
30.409 0.753365
30.41 0.766424
30.411 0.779381
30.412 0.792228
30.413 0.80496
30.414 0.81757
30.415 0.830052
30.416 0.8424
30.417 0.854606
30.418 0.866665
30.419 0.87857
30.42 0.890316
30.421 0.901896
30.422 0.913303
30.423 0.92453
30.424 0.935569
30.425 0.946415
30.426 0.957059
30.427 0.967495
30.428 0.977716
30.429 0.987715
30.43 0.997487
30.431 1.00702
30.432 1.01632
30.433 1.02537
30.434 1.03416
30.435 1.0427
30.436 1.05097
30.437 1.05897
30.438 1.06669
30.439 1.07413
30.44 1.08129
30.441 1.08815
30.442 1.09471
30.443 1.10097
30.444 1.10692
30.445 1.11256
30.446 1.11788
30.447 1.12288
30.448 1.12755
30.449 1.13189
30.45 1.1359
30.451 1.13957
30.452 1.1429
30.453 1.14589
30.454 1.14854
30.455 1.15085
30.456 1.15282
30.457 1.15444
30.458 1.15572
30.459 1.15666
30.46 1.15725
30.461 1.1575
30.462 1.15741
30.463 1.15698
30.464 1.15621
30.465 1.1551
30.466 1.15364
30.467 1.15185
30.468 1.14972
30.469 1.14726
30.47 1.14446
30.471 1.14133
30.472 1.13787
30.473 1.13408
30.474 1.12995
30.475 1.12549
30.476 1.12071
30.477 1.1156
30.478 1.11016
30.479 1.10439
30.48 1.0983
30.481 1.09189
30.482 1.08516
30.483 1.07811
30.484 1.07074
30.485 1.06305
30.486 1.05506
30.487 1.04675
30.488 1.03814
30.489 1.02922
30.49 1.02
30.491 1.01048
30.492 1.00066
30.493 0.990536
30.494 0.980118
30.495 0.969402
30.496 0.958389
30.497 0.94708
30.498 0.935475
30.499 0.923577
30.5 0.911385
30.501 0.898902
30.502 0.886131
30.503 0.873073
30.504 0.859733
30.505 0.846113
30.506 0.832216
30.507 0.818046
30.508 0.803607
30.509 0.788901
30.51 0.773933
30.511 0.758706
30.512 0.743224
30.513 0.727492
30.514 0.711513
30.515 0.695291
30.516 0.678831
30.517 0.662136
30.518 0.645213
30.519 0.628064
30.52 0.610695
30.521 0.593111
30.522 0.575317
30.523 0.55732
30.524 0.539126
30.525 0.520741
30.526 0.502172
30.527 0.483426
30.528 0.464509
30.529 0.445427
30.53 0.426188
30.531 0.406799
30.532 0.387267
30.533 0.3676
30.534 0.347808
30.535 0.327897
30.536 0.307878
30.537 0.287758
30.538 0.267545
30.539 0.247249
30.54 0.226877
30.541 0.206438
30.542 0.185941
30.543 0.165394
30.544 0.144806
30.545 0.124186
30.546 0.103542
30.547 0.0828823
30.548 0.0622163
30.549 0.0415523
30.55 0.020899
30.551 0.000264828
30.552 -0.0203416
30.553 -0.0409116
30.554 -0.0614368
30.555 -0.0819087
30.556 -0.102319
30.557 -0.122658
30.558 -0.14292
30.559 -0.163094
30.56 -0.183172
30.561 -0.203148
30.562 -0.223014
30.563 -0.242766
30.564 -0.262399
30.565 -0.281905
30.566 -0.301282
30.567 -0.320522
30.568 -0.339622
30.569 -0.358575
30.57 -0.377378
30.571 -0.396025
30.572 -0.414512
30.573 -0.432837
30.574 -0.450996
30.575 -0.468985
30.576 -0.486801
30.577 -0.504442
30.578 -0.521904
30.579 -0.539184
30.58 -0.55628
30.581 -0.573188
30.582 -0.589907
30.583 -0.606433
30.584 -0.622763
30.585 -0.638897
30.586 -0.654831
30.587 -0.670562
30.588 -0.68609
30.589 -0.701412
30.59 -0.716525
30.591 -0.731429
30.592 -0.74612
30.593 -0.760595
30.594 -0.774851
30.595 -0.788885
30.596 -0.802696
30.597 -0.81628
30.598 -0.829634
30.599 -0.842758
30.6 -0.855647
30.601 -0.8683
30.602 -0.880714
30.603 -0.892886
30.604 -0.904812
30.605 -0.916489
30.606 -0.927915
30.607 -0.939087
30.608 -0.950001
30.609 -0.960656
30.61 -0.971048
30.611 -0.981177
30.612 -0.991038
30.613 -1.00063
30.614 -1.00995
30.615 -1.019
30.616 -1.02778
30.617 -1.03628
30.618 -1.0445
30.619 -1.05244
30.62 -1.06011
30.621 -1.06749
30.622 -1.07459
30.623 -1.08141
30.624 -1.08794
30.625 -1.09419
30.626 -1.10016
30.627 -1.10584
30.628 -1.11123
30.629 -1.11634
30.63 -1.12117
30.631 -1.1257
30.632 -1.12996
30.633 -1.13392
30.634 -1.13761
30.635 -1.14101
30.636 -1.14412
30.637 -1.14696
30.638 -1.14951
30.639 -1.15178
30.64 -1.15377
30.641 -1.15549
30.642 -1.15693
30.643 -1.15809
30.644 -1.15898
30.645 -1.1596
30.646 -1.15995
30.647 -1.16003
30.648 -1.15984
30.649 -1.15939
30.65 -1.15868
30.651 -1.15771
30.652 -1.15648
30.653 -1.155
30.654 -1.15327
30.655 -1.15129
30.656 -1.14906
30.657 -1.14659
30.658 -1.14388
30.659 -1.14093
30.66 -1.13775
30.661 -1.13433
30.662 -1.1307
30.663 -1.12683
30.664 -1.12275
30.665 -1.11845
30.666 -1.11394
30.667 -1.10922
30.668 -1.1043
30.669 -1.09918
30.67 -1.09385
30.671 -1.08834
30.672 -1.08264
30.673 -1.07675
30.674 -1.07068
30.675 -1.06444
30.676 -1.05803
30.677 -1.05145
30.678 -1.04471
30.679 -1.03781
30.68 -1.03076
30.681 -1.02356
30.682 -1.01621
30.683 -1.00873
30.684 -1.00112
30.685 -0.993377
30.686 -0.98551
30.687 -0.977525
30.688 -0.969427
30.689 -0.96122
30.69 -0.95291
30.691 -0.944501
30.692 -0.936
30.693 -0.927411
30.694 -0.91874
30.695 -0.909991
30.696 -0.90117
30.697 -0.892283
30.698 -0.883334
30.699 -0.874329
30.7 -0.865274
30.701 -0.856173
30.702 -0.847033
30.703 -0.837858
30.704 -0.828653
30.705 -0.819425
30.706 -0.810179
30.707 -0.80092
30.708 -0.791653
30.709 -0.782383
30.71 -0.773117
30.711 -0.763859
30.712 -0.754612
30.713 -0.745379
30.714 -0.736162
30.715 -0.726964
30.716 -0.717787
30.717 -0.708635
30.718 -0.69951
30.719 -0.690413
30.72 -0.681349
30.721 -0.672319
30.722 -0.663326
30.723 -0.654371
30.724 -0.645459
30.725 -0.636591
30.726 -0.627769
30.727 -0.618996
30.728 -0.610275
30.729 -0.601607
30.73 -0.592995
30.731 -0.584441
30.732 -0.575945
30.733 -0.56751
30.734 -0.559135
30.735 -0.550822
30.736 -0.542571
30.737 -0.534384
30.738 -0.52626
30.739 -0.5182
30.74 -0.510206
30.741 -0.502278
30.742 -0.494417
30.743 -0.486626
30.744 -0.478907
30.745 -0.471261
30.746 -0.46369
30.747 -0.456196
30.748 -0.448781
30.749 -0.441447
30.75 -0.434194
30.751 -0.427027
30.752 -0.419947
30.753 -0.41296
30.754 -0.406069
30.755 -0.399279
30.756 -0.392594
30.757 -0.386019
30.758 -0.379556
30.759 -0.373211
30.76 -0.366986
30.761 -0.360887
30.762 -0.354916
30.763 -0.349078
30.764 -0.343377
30.765 -0.337815
30.766 -0.332397
30.767 -0.327126
30.768 -0.322005
30.769 -0.317039
30.77 -0.31223
30.771 -0.307581
30.772 -0.303095
30.773 -0.298773
30.774 -0.294617
30.775 -0.290628
30.776 -0.286809
30.777 -0.283161
30.778 -0.279684
30.779 -0.276381
30.78 -0.273253
30.781 -0.2703
30.782 -0.267523
30.783 -0.264921
30.784 -0.262494
30.785 -0.260242
30.786 -0.258164
30.787 -0.25626
30.788 -0.254528
30.789 -0.252968
30.79 -0.25158
30.791 -0.250362
30.792 -0.249312
30.793 -0.248427
30.794 -0.247706
30.795 -0.247146
30.796 -0.246743
30.797 -0.246497
30.798 -0.246403
30.799 -0.24646
30.8 -0.246663
30.801 -0.247012
30.802 -0.247503
30.803 -0.248136
30.804 -0.248908
30.805 -0.249817
30.806 -0.250863
30.807 -0.252043
30.808 -0.253355
30.809 -0.254797
30.81 -0.256367
30.811 -0.258063
30.812 -0.259885
30.813 -0.261831
30.814 -0.2639
30.815 -0.266092
30.816 -0.268406
30.817 -0.27084
30.818 -0.273393
30.819 -0.276065
30.82 -0.278854
30.821 -0.281759
30.822 -0.284779
30.823 -0.287911
30.824 -0.291156
30.825 -0.294511
30.826 -0.297975
30.827 -0.301547
30.828 -0.305224
30.829 -0.309006
30.83 -0.31289
30.831 -0.316876
30.832 -0.320961
30.833 -0.325143
30.834 -0.329421
30.835 -0.333793
30.836 -0.338257
30.837 -0.342811
30.838 -0.347453
30.839 -0.352181
30.84 -0.356993
30.841 -0.361888
30.842 -0.366862
30.843 -0.371914
30.844 -0.377042
30.845 -0.382244
30.846 -0.387516
30.847 -0.392858
30.848 -0.398266
30.849 -0.40374
30.85 -0.409275
30.851 -0.41487
30.852 -0.420522
30.853 -0.42623
30.854 -0.431991
30.855 -0.437801
30.856 -0.44366
30.857 -0.449564
30.858 -0.455511
30.859 -0.461498
30.86 -0.467523
30.861 -0.473583
30.862 -0.479675
30.863 -0.485794
30.864 -0.491937
30.865 -0.498099
30.866 -0.504278
30.867 -0.510468
30.868 -0.516667
30.869 -0.522869
30.87 -0.529072
30.871 -0.535272
30.872 -0.541467
30.873 -0.547655
30.874 -0.553837
30.875 -0.56001
30.876 -0.566173
30.877 -0.572325
30.878 -0.578465
30.879 -0.584593
30.88 -0.590705
30.881 -0.596802
30.882 -0.602881
30.883 -0.60894
30.884 -0.614975
30.885 -0.620985
30.886 -0.626967
30.887 -0.632919
30.888 -0.638839
30.889 -0.644723
30.89 -0.65057
30.891 -0.656378
30.892 -0.662144
30.893 -0.667869
30.894 -0.673551
30.895 -0.67919
30.896 -0.684784
30.897 -0.690333
30.898 -0.695835
30.899 -0.701291
30.9 -0.706698
30.901 -0.712056
30.902 -0.717364
30.903 -0.722619
30.904 -0.727818
30.905 -0.732961
30.906 -0.738044
30.907 -0.743067
30.908 -0.748026
30.909 -0.75292
30.91 -0.757748
30.911 -0.762507
30.912 -0.767195
30.913 -0.77181
30.914 -0.776352
30.915 -0.780818
30.916 -0.785205
30.917 -0.789514
30.918 -0.793742
30.919 -0.797886
30.92 -0.801947
30.921 -0.805922
30.922 -0.809806
30.923 -0.813597
30.924 -0.81729
30.925 -0.82088
30.926 -0.824364
30.927 -0.827738
30.928 -0.830997
30.929 -0.834139
30.93 -0.837159
30.931 -0.840054
30.932 -0.842821
30.933 -0.845457
30.934 -0.847961
30.935 -0.850331
30.936 -0.852563
30.937 -0.854657
30.938 -0.85661
30.939 -0.85842
30.94 -0.860086
30.941 -0.861605
30.942 -0.862975
30.943 -0.864196
30.944 -0.865265
30.945 -0.866181
30.946 -0.866943
30.947 -0.867548
30.948 -0.867995
30.949 -0.868284
30.95 -0.868413
30.951 -0.868381
30.952 -0.868189
30.953 -0.867835
30.954 -0.867321
30.955 -0.866648
30.956 -0.865815
30.957 -0.864824
30.958 -0.863674
30.959 -0.862367
30.96 -0.860904
30.961 -0.859284
30.962 -0.857509
30.963 -0.855576
30.964 -0.853487
30.965 -0.851241
30.966 -0.848838
30.967 -0.846277
30.968 -0.843558
30.969 -0.840682
30.97 -0.837649
30.971 -0.834458
30.972 -0.831112
30.973 -0.827612
30.974 -0.823959
30.975 -0.820156
30.976 -0.816203
30.977 -0.812104
30.978 -0.807859
30.979 -0.803471
30.98 -0.798942
30.981 -0.794273
30.982 -0.789464
30.983 -0.784515
30.984 -0.779426
30.985 -0.774195
30.986 -0.768823
30.987 -0.763309
30.988 -0.757654
30.989 -0.751856
30.99 -0.745916
30.991 -0.739834
30.992 -0.733608
30.993 -0.727237
30.994 -0.72072
30.995 -0.714055
30.996 -0.707242
30.997 -0.70028
30.998 -0.693167
30.999 -0.685903
31 -0.678487
31.001 -0.670917
31.002 -0.663194
31.003 -0.655316
31.004 -0.647283
31.005 -0.639094
31.006 -0.630749
31.007 -0.622247
31.008 -0.613589
31.009 -0.604773
31.01 -0.5958
31.011 -0.586669
31.012 -0.577382
31.013 -0.56794
31.014 -0.558344
31.015 -0.548595
31.016 -0.538696
31.017 -0.528648
31.018 -0.518452
31.019 -0.508109
31.02 -0.497623
31.021 -0.486994
31.022 -0.476226
31.023 -0.465322
31.024 -0.454286
31.025 -0.44312
31.026 -0.431828
31.027 -0.420413
31.028 -0.40888
31.029 -0.397231
31.03 -0.38547
31.031 -0.373601
31.032 -0.36163
31.033 -0.34956
31.034 -0.337397
31.035 -0.325147
31.036 -0.312813
31.037 -0.300403
31.038 -0.28792
31.039 -0.27537
31.04 -0.262759
31.041 -0.250091
31.042 -0.237371
31.043 -0.224603
31.044 -0.21179
31.045 -0.198937
31.046 -0.186048
31.047 -0.173126
31.048 -0.160177
31.049 -0.147204
31.05 -0.13421
31.051 -0.121201
31.052 -0.10818
31.053 -0.0951519
31.054 -0.0821199
31.055 -0.0690885
31.056 -0.0560617
31.057 -0.0430436
31.058 -0.0300384
31.059 -0.0170501
31.06 -0.00408273
31.061 0.00885995
31.062 0.0217749
31.063 0.0346595
31.064 0.0475111
31.065 0.0603271
31.066 0.0731047
31.067 0.0858415
31.068 0.0985348
31.069 0.111182
31.07 0.123781
31.071 0.136329
31.072 0.148825
31.073 0.161267
31.074 0.173655
31.075 0.185988
31.076 0.198264
31.077 0.210482
31.078 0.222642
31.079 0.234742
31.08 0.246782
31.081 0.258761
31.082 0.270675
31.083 0.282524
31.084 0.294305
31.085 0.306016
31.086 0.317655
31.087 0.32922
31.088 0.340708
31.089 0.352118
31.09 0.363447
31.091 0.374695
31.092 0.385856
31.093 0.396929
31.094 0.407911
31.095 0.418797
31.096 0.429585
31.097 0.440273
31.098 0.450856
31.099 0.461333
31.1 0.471699
31.101 0.481953
31.102 0.49209
31.103 0.502106
31.104 0.511998
31.105 0.52176
31.106 0.53139
31.107 0.540883
31.108 0.550236
31.109 0.559445
31.11 0.568506
31.111 0.577416
31.112 0.586172
31.113 0.594769
31.114 0.603204
31.115 0.611474
31.116 0.619577
31.117 0.627508
31.118 0.635265
31.119 0.642845
31.12 0.650244
31.121 0.65746
31.122 0.664491
31.123 0.671333
31.124 0.677984
31.125 0.684442
31.126 0.690703
31.127 0.696767
31.128 0.70263
31.129 0.70829
31.13 0.713746
31.131 0.718995
31.132 0.724039
31.133 0.728878
31.134 0.733512
31.135 0.737944
31.136 0.742174
31.137 0.746204
31.138 0.750035
31.139 0.753668
31.14 0.757105
31.141 0.760348
31.142 0.763399
31.143 0.766261
31.144 0.768939
31.145 0.771434
31.146 0.773751
31.147 0.775893
31.148 0.777863
31.149 0.779664
31.15 0.781301
31.151 0.782777
31.152 0.784094
31.153 0.785256
31.154 0.786263
31.155 0.78712
31.156 0.787829
31.157 0.788391
31.158 0.788812
31.159 0.789092
31.16 0.789235
31.161 0.789243
31.162 0.789119
31.163 0.788865
31.164 0.788481
31.165 0.78797
31.166 0.787333
31.167 0.786573
31.168 0.785691
31.169 0.784689
31.17 0.78357
31.171 0.782336
31.172 0.780986
31.173 0.779523
31.174 0.777946
31.175 0.776258
31.176 0.774458
31.177 0.772549
31.178 0.77053
31.179 0.768403
31.18 0.766169
31.181 0.76383
31.182 0.761388
31.183 0.758846
31.184 0.756206
31.185 0.75347
31.186 0.750642
31.187 0.747725
31.188 0.744721
31.189 0.741632
31.19 0.738463
31.191 0.735215
31.192 0.731892
31.193 0.728496
31.194 0.725031
31.195 0.721499
31.196 0.717905
31.197 0.714249
31.198 0.710536
31.199 0.70677
31.2 0.702951
31.201 0.699085
31.202 0.695174
31.203 0.691221
31.204 0.68723
31.205 0.683203
31.206 0.679144
31.207 0.675056
31.208 0.670942
31.209 0.666806
31.21 0.66265
31.211 0.658478
31.212 0.654294
31.213 0.650104
31.214 0.645911
31.215 0.64172
31.216 0.637535
31.217 0.633362
31.218 0.629205
31.219 0.625068
31.22 0.620956
31.221 0.616872
31.222 0.612822
31.223 0.608806
31.224 0.60483
31.225 0.600895
31.226 0.597005
31.227 0.593162
31.228 0.589371
31.229 0.585633
31.23 0.581952
31.231 0.578331
31.232 0.574773
31.233 0.57128
31.234 0.567856
31.235 0.564502
31.236 0.561223
31.237 0.55802
31.238 0.554897
31.239 0.551856
31.24 0.548899
31.241 0.54603
31.242 0.543251
31.243 0.540564
31.244 0.537972
31.245 0.535478
31.246 0.533083
31.247 0.53079
31.248 0.528602
31.249 0.52652
31.25 0.524548
31.251 0.522685
31.252 0.520934
31.253 0.519291
31.254 0.517759
31.255 0.516334
31.256 0.515017
31.257 0.513807
31.258 0.512703
31.259 0.511704
31.26 0.510809
31.261 0.510018
31.262 0.50933
31.263 0.508745
31.264 0.508265
31.265 0.507889
31.266 0.507617
31.267 0.507449
31.268 0.507386
31.269 0.507427
31.27 0.507573
31.271 0.507823
31.272 0.508177
31.273 0.508635
31.274 0.509197
31.275 0.509863
31.276 0.510631
31.277 0.511503
31.278 0.512478
31.279 0.513554
31.28 0.514732
31.281 0.516012
31.282 0.517391
31.283 0.518871
31.284 0.520451
31.285 0.522129
31.286 0.523905
31.287 0.525779
31.288 0.527748
31.289 0.529814
31.29 0.531974
31.291 0.534229
31.292 0.536577
31.293 0.539021
31.294 0.541559
31.295 0.544193
31.296 0.546922
31.297 0.549747
31.298 0.552667
31.299 0.555684
31.3 0.558797
31.301 0.562006
31.302 0.565311
31.303 0.568712
31.304 0.572209
31.305 0.575803
31.306 0.579492
31.307 0.583277
31.308 0.587157
31.309 0.591132
31.31 0.595202
31.311 0.599367
31.312 0.603624
31.313 0.607972
31.314 0.612409
31.315 0.616934
31.316 0.621544
31.317 0.626238
31.318 0.631014
31.319 0.635869
31.32 0.640802
31.321 0.645811
31.322 0.650893
31.323 0.656047
31.324 0.661271
31.325 0.666561
31.326 0.671917
31.327 0.677336
31.328 0.682815
31.329 0.688353
31.33 0.693948
31.331 0.699595
31.332 0.705294
31.333 0.711039
31.334 0.716827
31.335 0.722654
31.336 0.728517
31.337 0.734412
31.338 0.740335
31.339 0.746282
31.34 0.752251
31.341 0.758236
31.342 0.764234
31.343 0.770243
31.344 0.776256
31.345 0.782272
31.346 0.788287
31.347 0.794295
31.348 0.800295
31.349 0.806282
31.35 0.812252
31.351 0.818203
31.352 0.824131
31.353 0.830034
31.354 0.83591
31.355 0.841756
31.356 0.847571
31.357 0.853352
31.358 0.859097
31.359 0.864804
31.36 0.87047
31.361 0.876093
31.362 0.881672
31.363 0.887203
31.364 0.892686
31.365 0.898117
31.366 0.903496
31.367 0.908819
31.368 0.914085
31.369 0.919292
31.37 0.924438
31.371 0.929521
31.372 0.934539
31.373 0.939491
31.374 0.944374
31.375 0.949187
31.376 0.953927
31.377 0.958594
31.378 0.963186
31.379 0.967701
31.38 0.972137
31.381 0.976493
31.382 0.980769
31.383 0.984965
31.384 0.989079
31.385 0.993113
31.386 0.997067
31.387 1.00094
31.388 1.00473
31.389 1.00844
31.39 1.01207
31.391 1.01562
31.392 1.01909
31.393 1.02248
31.394 1.02578
31.395 1.029
31.396 1.03213
31.397 1.03517
31.398 1.03813
31.399 1.04099
31.4 1.04377
31.401 1.04646
31.402 1.04906
31.403 1.05157
31.404 1.05399
31.405 1.05632
31.406 1.05856
31.407 1.06072
31.408 1.06279
31.409 1.06478
31.41 1.06668
31.411 1.0685
31.412 1.07024
31.413 1.07189
31.414 1.07346
31.415 1.07494
31.416 1.07634
31.417 1.07765
31.418 1.07888
31.419 1.08002
31.42 1.08107
31.421 1.08204
31.422 1.08292
31.423 1.08372
31.424 1.08443
31.425 1.08506
31.426 1.0856
31.427 1.08605
31.428 1.08642
31.429 1.0867
31.43 1.08689
31.431 1.087
31.432 1.08703
31.433 1.08698
31.434 1.08684
31.435 1.08663
31.436 1.08634
31.437 1.08598
31.438 1.08554
31.439 1.08503
31.44 1.08445
31.441 1.08381
31.442 1.0831
31.443 1.08232
31.444 1.08149
31.445 1.08059
31.446 1.07964
31.447 1.07863
31.448 1.07757
31.449 1.07645
31.45 1.07529
31.451 1.07408
31.452 1.07282
31.453 1.07152
31.454 1.07017
31.455 1.06878
31.456 1.06734
31.457 1.06586
31.458 1.06434
31.459 1.06278
31.46 1.06118
31.461 1.05955
31.462 1.05787
31.463 1.05616
31.464 1.05441
31.465 1.05262
31.466 1.0508
31.467 1.04895
31.468 1.04707
31.469 1.04516
31.47 1.04321
31.471 1.04124
31.472 1.03923
31.473 1.0372
31.474 1.03514
31.475 1.03305
31.476 1.03092
31.477 1.02877
31.478 1.02659
31.479 1.02437
31.48 1.02212
31.481 1.01984
31.482 1.01754
31.483 1.0152
31.484 1.01283
31.485 1.01044
31.486 1.00802
31.487 1.00558
31.488 1.00311
31.489 1.00062
31.49 0.99811
31.491 0.99558
31.492 0.993031
31.493 0.990461
31.494 0.987872
31.495 0.985262
31.496 0.982632
31.497 0.979981
31.498 0.977311
31.499 0.974619
31.5 0.971908
31.501 0.969176
31.502 0.966426
31.503 0.963661
31.504 0.960883
31.505 0.958096
31.506 0.955301
31.507 0.952501
31.508 0.949699
31.509 0.946898
31.51 0.9441
31.511 0.941308
31.512 0.938524
31.513 0.935752
31.514 0.932994
31.515 0.930252
31.516 0.927529
31.517 0.924828
31.518 0.922151
31.519 0.9195
31.52 0.91688
31.521 0.91429
31.522 0.911734
31.523 0.909212
31.524 0.906725
31.525 0.904275
31.526 0.901863
31.527 0.899489
31.528 0.897155
31.529 0.894861
31.53 0.89261
31.531 0.890401
31.532 0.888234
31.533 0.88611
31.534 0.884027
31.535 0.881986
31.536 0.879985
31.537 0.878025
31.538 0.876105
31.539 0.874224
31.54 0.872382
31.541 0.870579
31.542 0.868813
31.543 0.867085
31.544 0.865394
31.545 0.863738
31.546 0.862119
31.547 0.860534
31.548 0.858983
31.549 0.857467
31.55 0.855983
31.551 0.854531
31.552 0.85311
31.553 0.851716
31.554 0.850349
31.555 0.849006
31.556 0.847685
31.557 0.846384
31.558 0.845101
31.559 0.843834
31.56 0.84258
31.561 0.841337
31.562 0.840104
31.563 0.838878
31.564 0.837657
31.565 0.836439
31.566 0.835222
31.567 0.834004
31.568 0.832782
31.569 0.831555
31.57 0.83032
31.571 0.829075
31.572 0.82782
31.573 0.826554
31.574 0.825275
31.575 0.823984
31.576 0.822679
31.577 0.82136
31.578 0.820025
31.579 0.818675
31.58 0.817309
31.581 0.815925
31.582 0.814521
31.583 0.813097
31.584 0.811649
31.585 0.810175
31.586 0.808675
31.587 0.807145
31.588 0.805583
31.589 0.803988
31.59 0.802358
31.591 0.800691
31.592 0.798984
31.593 0.797236
31.594 0.795446
31.595 0.79361
31.596 0.791727
31.597 0.789796
31.598 0.787815
31.599 0.785781
31.6 0.783693
31.601 0.78155
31.602 0.779351
31.603 0.777095
31.604 0.774783
31.605 0.772413
31.606 0.769986
31.607 0.767502
31.608 0.764959
31.609 0.762359
31.61 0.7597
31.611 0.756982
31.612 0.754202
31.613 0.751359
31.614 0.748449
31.615 0.745469
31.616 0.742417
31.617 0.739289
31.618 0.736084
31.619 0.732799
31.62 0.72943
31.621 0.725976
31.622 0.722436
31.623 0.718807
31.624 0.71509
31.625 0.711282
31.626 0.707384
31.627 0.703393
31.628 0.69931
31.629 0.695132
31.63 0.69086
31.631 0.686492
31.632 0.682025
31.633 0.677459
31.634 0.672791
31.635 0.668019
31.636 0.663141
31.637 0.658156
31.638 0.65306
31.639 0.647853
31.64 0.642532
31.641 0.637097
31.642 0.631546
31.643 0.625879
31.644 0.620096
31.645 0.614197
31.646 0.608181
31.647 0.602049
31.648 0.595801
31.649 0.589435
31.65 0.582954
31.651 0.576356
31.652 0.569643
31.653 0.562817
31.654 0.555878
31.655 0.54883
31.656 0.541673
31.657 0.534409
31.658 0.527041
31.659 0.519568
31.66 0.511995
31.661 0.504321
31.662 0.496549
31.663 0.488678
31.664 0.480709
31.665 0.472644
31.666 0.464482
31.667 0.456224
31.668 0.447872
31.669 0.439425
31.67 0.430886
31.671 0.422255
31.672 0.413532
31.673 0.40472
31.674 0.395818
31.675 0.386828
31.676 0.377751
31.677 0.368588
31.678 0.359341
31.679 0.350011
31.68 0.340598
31.681 0.331104
31.682 0.321533
31.683 0.311885
31.684 0.302165
31.685 0.292375
31.686 0.282518
31.687 0.272596
31.688 0.262612
31.689 0.25257
31.69 0.242472
31.691 0.23232
31.692 0.222119
31.693 0.21187
31.694 0.201577
31.695 0.191243
31.696 0.18087
31.697 0.170462
31.698 0.160022
31.699 0.149553
31.7 0.139057
31.701 0.128538
31.702 0.117998
31.703 0.107438
31.704 0.0968591
31.705 0.0862643
31.706 0.0756548
31.707 0.0650324
31.708 0.0543988
31.709 0.0437558
31.71 0.033105
31.711 0.0224485
31.712 0.0117891
31.713 0.00112989
31.714 -0.00952608
31.715 -0.0201757
31.716 -0.030816
31.717 -0.0414438
31.718 -0.0520561
31.719 -0.0626498
31.72 -0.073222
31.721 -0.0837698
31.722 -0.0942914
31.723 -0.104785
31.724 -0.115249
31.725 -0.125682
31.726 -0.136082
31.727 -0.146448
31.728 -0.156778
31.729 -0.167071
31.73 -0.177324
31.731 -0.187537
31.732 -0.197709
31.733 -0.207836
31.734 -0.217919
31.735 -0.227956
31.736 -0.237945
31.737 -0.247884
31.738 -0.257774
31.739 -0.267611
31.74 -0.277396
31.741 -0.287126
31.742 -0.296798
31.743 -0.306412
31.744 -0.315963
31.745 -0.32545
31.746 -0.33487
31.747 -0.34422
31.748 -0.353498
31.749 -0.362702
31.75 -0.371829
31.751 -0.380877
31.752 -0.389842
31.753 -0.398721
31.754 -0.40751
31.755 -0.416206
31.756 -0.424805
31.757 -0.433305
31.758 -0.4417
31.759 -0.449989
31.76 -0.458168
31.761 -0.466234
31.762 -0.474186
31.763 -0.482025
31.764 -0.489748
31.765 -0.497357
31.766 -0.504851
31.767 -0.512229
31.768 -0.519493
31.769 -0.52664
31.77 -0.533672
31.771 -0.540588
31.772 -0.547386
31.773 -0.554062
31.774 -0.560616
31.775 -0.567044
31.776 -0.573343
31.777 -0.579512
31.778 -0.585547
31.779 -0.591448
31.78 -0.597211
31.781 -0.602836
31.782 -0.608321
31.783 -0.613669
31.784 -0.618879
31.785 -0.623952
31.786 -0.62889
31.787 -0.633693
31.788 -0.638362
31.789 -0.642899
31.79 -0.647304
31.791 -0.651578
31.792 -0.655723
31.793 -0.659741
31.794 -0.663631
31.795 -0.667397
31.796 -0.671039
31.797 -0.674558
31.798 -0.677956
31.799 -0.681236
31.8 -0.684398
31.801 -0.687444
31.802 -0.690376
31.803 -0.693195
31.804 -0.695905
31.805 -0.698505
31.806 -0.700999
31.807 -0.703388
31.808 -0.705675
31.809 -0.707861
31.81 -0.709948
31.811 -0.711939
31.812 -0.713836
31.813 -0.71564
31.814 -0.717355
31.815 -0.718982
31.816 -0.720525
31.817 -0.721984
31.818 -0.723363
31.819 -0.724664
31.82 -0.72589
31.821 -0.727042
31.822 -0.728124
31.823 -0.729138
31.824 -0.730086
31.825 -0.730972
31.826 -0.731797
31.827 -0.732564
31.828 -0.733277
31.829 -0.733938
31.83 -0.734549
31.831 -0.735112
31.832 -0.735631
31.833 -0.736105
31.834 -0.736536
31.835 -0.736926
31.836 -0.737277
31.837 -0.737589
31.838 -0.737865
31.839 -0.738105
31.84 -0.738311
31.841 -0.738484
31.842 -0.738626
31.843 -0.738735
31.844 -0.738813
31.845 -0.738859
31.846 -0.738874
31.847 -0.738858
31.848 -0.738811
31.849 -0.738733
31.85 -0.738625
31.851 -0.738488
31.852 -0.738322
31.853 -0.738129
31.854 -0.737911
31.855 -0.73767
31.856 -0.737407
31.857 -0.737124
31.858 -0.736823
31.859 -0.736506
31.86 -0.736173
31.861 -0.735827
31.862 -0.735468
31.863 -0.735097
31.864 -0.734713
31.865 -0.734318
31.866 -0.733912
31.867 -0.733494
31.868 -0.733066
31.869 -0.732628
31.87 -0.73218
31.871 -0.731723
31.872 -0.731257
31.873 -0.730782
31.874 -0.730299
31.875 -0.729808
31.876 -0.72931
31.877 -0.728805
31.878 -0.728293
31.879 -0.727775
31.88 -0.727251
31.881 -0.726722
31.882 -0.726188
31.883 -0.72565
31.884 -0.725107
31.885 -0.724561
31.886 -0.724012
31.887 -0.723459
31.888 -0.722905
31.889 -0.722348
31.89 -0.72179
31.891 -0.72123
31.892 -0.720672
31.893 -0.720115
31.894 -0.719563
31.895 -0.719017
31.896 -0.718478
31.897 -0.717949
31.898 -0.717431
31.899 -0.716926
31.9 -0.716435
31.901 -0.71596
31.902 -0.715502
31.903 -0.715061
31.904 -0.714637
31.905 -0.714231
31.906 -0.713843
31.907 -0.713473
31.908 -0.713122
31.909 -0.71279
31.91 -0.712477
31.911 -0.712184
31.912 -0.71191
31.913 -0.711657
31.914 -0.711423
31.915 -0.711211
31.916 -0.711019
31.917 -0.710848
31.918 -0.710698
31.919 -0.71057
31.92 -0.710463
31.921 -0.710379
31.922 -0.710316
31.923 -0.710275
31.924 -0.710257
31.925 -0.710261
31.926 -0.710288
31.927 -0.710338
31.928 -0.71041
31.929 -0.710506
31.93 -0.710624
31.931 -0.710766
31.932 -0.710931
31.933 -0.711119
31.934 -0.71133
31.935 -0.711565
31.936 -0.711824
31.937 -0.712106
31.938 -0.712411
31.939 -0.71274
31.94 -0.713092
31.941 -0.713468
31.942 -0.713864
31.943 -0.714278
31.944 -0.714707
31.945 -0.715149
31.946 -0.7156
31.947 -0.716059
31.948 -0.716521
31.949 -0.716986
31.95 -0.717449
31.951 -0.717908
31.952 -0.718362
31.953 -0.718809
31.954 -0.719248
31.955 -0.719678
31.956 -0.720096
31.957 -0.720502
31.958 -0.720895
31.959 -0.721272
31.96 -0.721633
31.961 -0.721976
31.962 -0.722302
31.963 -0.722609
31.964 -0.7229
31.965 -0.723172
31.966 -0.723427
31.967 -0.723664
31.968 -0.723884
31.969 -0.724086
31.97 -0.72427
31.971 -0.724437
31.972 -0.724586
31.973 -0.724714
31.974 -0.724821
31.975 -0.724906
31.976 -0.724967
31.977 -0.725004
31.978 -0.725014
31.979 -0.724997
31.98 -0.724952
31.981 -0.724877
31.982 -0.724771
31.983 -0.724633
31.984 -0.724462
31.985 -0.724257
31.986 -0.724016
31.987 -0.723739
31.988 -0.723424
31.989 -0.723071
31.99 -0.722678
31.991 -0.722245
31.992 -0.72177
31.993 -0.721252
31.994 -0.720691
31.995 -0.720084
31.996 -0.719433
31.997 -0.718734
31.998 -0.717989
31.999 -0.717195
32 -0.716352
32.001 -0.715458
32.002 -0.714513
32.003 -0.713513
32.004 -0.712456
32.005 -0.711342
32.006 -0.710166
32.007 -0.708928
32.008 -0.707624
32.009 -0.706255
32.01 -0.704816
32.011 -0.703307
32.012 -0.701725
32.013 -0.700069
32.014 -0.698336
32.015 -0.696525
32.016 -0.694634
32.017 -0.692662
32.018 -0.690606
32.019 -0.688465
32.02 -0.686237
32.021 -0.683922
32.022 -0.681517
32.023 -0.679024
32.024 -0.676442
32.025 -0.673771
32.026 -0.67101
32.027 -0.668161
32.028 -0.665222
32.029 -0.662194
32.03 -0.659077
32.031 -0.655871
32.032 -0.652574
32.033 -0.649186
32.034 -0.645705
32.035 -0.642131
32.036 -0.638462
32.037 -0.634697
32.038 -0.630836
32.039 -0.626877
32.04 -0.622819
32.041 -0.618661
32.042 -0.614404
32.043 -0.610045
32.044 -0.605584
32.045 -0.601021
32.046 -0.596354
32.047 -0.591584
32.048 -0.586709
32.049 -0.581729
32.05 -0.576644
32.051 -0.571453
32.052 -0.566158
32.053 -0.560758
32.054 -0.555255
32.055 -0.54965
32.056 -0.543945
32.057 -0.53814
32.058 -0.532236
32.059 -0.526235
32.06 -0.520138
32.061 -0.513947
32.062 -0.50766
32.063 -0.501279
32.064 -0.494803
32.065 -0.488233
32.066 -0.481568
32.067 -0.47481
32.068 -0.467957
32.069 -0.46101
32.07 -0.45397
32.071 -0.446837
32.072 -0.439612
32.073 -0.432294
32.074 -0.424884
32.075 -0.417382
32.076 -0.40979
32.077 -0.402107
32.078 -0.394335
32.079 -0.386473
32.08 -0.378523
32.081 -0.370486
32.082 -0.362362
32.083 -0.354155
32.084 -0.345867
32.085 -0.337499
32.086 -0.329055
32.087 -0.320535
32.088 -0.311943
32.089 -0.303281
32.09 -0.29455
32.091 -0.285754
32.092 -0.276893
32.093 -0.267969
32.094 -0.258982
32.095 -0.249934
32.096 -0.240826
32.097 -0.231658
32.098 -0.222433
32.099 -0.213151
32.1 -0.203813
32.101 -0.194422
32.102 -0.18498
32.103 -0.175493
32.104 -0.165963
32.105 -0.156394
32.106 -0.146791
32.107 -0.137158
32.108 -0.127499
32.109 -0.117818
32.11 -0.108119
32.111 -0.0984052
32.112 -0.0886819
32.113 -0.0789528
32.114 -0.0692219
32.115 -0.0594932
32.116 -0.049771
32.117 -0.0400591
32.118 -0.0303617
32.119 -0.0206829
32.12 -0.0110266
32.121 -0.00139685
32.122 0.00820228
32.123 0.0177668
32.124 0.0272928
32.125 0.0367762
32.126 0.0462132
32.127 0.0555999
32.128 0.0649322
32.129 0.0742065
32.13 0.0834187
32.131 0.0925652
32.132 0.101642
32.133 0.110646
32.134 0.119572
32.135 0.128418
32.136 0.13718
32.137 0.145853
32.138 0.154435
32.139 0.162922
32.14 0.17131
32.141 0.179597
32.142 0.18778
32.143 0.195856
32.144 0.203825
32.145 0.211684
32.146 0.219431
32.147 0.227065
32.148 0.234583
32.149 0.241984
32.15 0.249267
32.151 0.256429
32.152 0.263471
32.153 0.270393
32.154 0.277193
32.155 0.283873
32.156 0.290433
32.157 0.296871
32.158 0.303189
32.159 0.309386
32.16 0.315463
32.161 0.32142
32.162 0.327258
32.163 0.332976
32.164 0.338575
32.165 0.344055
32.166 0.349418
32.167 0.354663
32.168 0.359792
32.169 0.364804
32.17 0.369701
32.171 0.374483
32.172 0.379151
32.173 0.383707
32.174 0.38815
32.175 0.392482
32.176 0.396703
32.177 0.400816
32.178 0.404821
32.179 0.408718
32.18 0.41251
32.181 0.416197
32.182 0.419779
32.183 0.423257
32.184 0.42663
32.185 0.429898
32.186 0.433061
32.187 0.43612
32.188 0.439075
32.189 0.441926
32.19 0.444673
32.191 0.447316
32.192 0.449855
32.193 0.452288
32.194 0.454615
32.195 0.456834
32.196 0.458945
32.197 0.460948
32.198 0.462841
32.199 0.464623
32.2 0.466295
32.201 0.467855
32.202 0.469301
32.203 0.470633
32.204 0.471847
32.205 0.472942
32.206 0.473917
32.207 0.474769
32.208 0.475498
32.209 0.476102
32.21 0.476578
32.211 0.476928
32.212 0.47715
32.213 0.477247
32.214 0.477219
32.215 0.477069
32.216 0.476798
32.217 0.476408
32.218 0.475899
32.219 0.475275
32.22 0.474535
32.221 0.473683
32.222 0.472719
32.223 0.471643
32.224 0.470455
32.225 0.469157
32.226 0.467749
32.227 0.466232
32.228 0.464607
32.229 0.462873
32.23 0.461033
32.231 0.459087
32.232 0.457038
32.233 0.454887
32.234 0.452637
32.235 0.45029
32.236 0.447849
32.237 0.445316
32.238 0.442694
32.239 0.439985
32.24 0.437192
32.241 0.434317
32.242 0.431363
32.243 0.428333
32.244 0.42523
32.245 0.422055
32.246 0.418813
32.247 0.415505
32.248 0.412135
32.249 0.408705
32.25 0.405218
32.251 0.401677
32.252 0.398085
32.253 0.394445
32.254 0.390759
32.255 0.387032
32.256 0.383265
32.257 0.379462
32.258 0.375625
32.259 0.371758
32.26 0.367864
32.261 0.363945
32.262 0.360003
32.263 0.35604
32.264 0.352058
32.265 0.348059
32.266 0.344043
32.267 0.340014
32.268 0.335971
32.269 0.331919
32.27 0.327857
32.271 0.323787
32.272 0.319712
32.273 0.315634
32.274 0.311553
32.275 0.307471
32.276 0.303391
32.277 0.299314
32.278 0.295242
32.279 0.291176
32.28 0.287118
32.281 0.28307
32.282 0.279033
32.283 0.27501
32.284 0.271002
32.285 0.26701
32.286 0.263036
32.287 0.259082
32.288 0.25515
32.289 0.251241
32.29 0.247357
32.291 0.2435
32.292 0.239672
32.293 0.235876
32.294 0.232116
32.295 0.228394
32.296 0.224713
32.297 0.221075
32.298 0.217485
32.299 0.213944
32.3 0.210456
32.301 0.207023
32.302 0.203648
32.303 0.200333
32.304 0.197082
32.305 0.193897
32.306 0.190781
32.307 0.187736
32.308 0.184765
32.309 0.181871
32.31 0.179055
32.311 0.176321
32.312 0.173671
32.313 0.171108
32.314 0.168633
32.315 0.166249
32.316 0.163959
32.317 0.161764
32.318 0.159667
32.319 0.15767
32.32 0.155776
32.321 0.153985
32.322 0.152301
32.323 0.150725
32.324 0.149259
32.325 0.147905
32.326 0.146666
32.327 0.145542
32.328 0.144536
32.329 0.143648
32.33 0.142882
32.331 0.142238
32.332 0.141718
32.333 0.141324
32.334 0.141057
32.335 0.140918
32.336 0.140909
32.337 0.14103
32.338 0.141284
32.339 0.141672
32.34 0.142193
32.341 0.14285
32.342 0.143642
32.343 0.144569
32.344 0.14563
32.345 0.146825
32.346 0.148153
32.347 0.149614
32.348 0.151206
32.349 0.15293
32.35 0.154784
32.351 0.156767
32.352 0.158881
32.353 0.161124
32.354 0.163499
32.355 0.166004
32.356 0.168641
32.357 0.171408
32.358 0.174307
32.359 0.177338
32.36 0.1805
32.361 0.183793
32.362 0.187216
32.363 0.190768
32.364 0.194446
32.365 0.19825
32.366 0.202177
32.367 0.206226
32.368 0.210396
32.369 0.214683
32.37 0.219087
32.371 0.223606
32.372 0.228237
32.373 0.232979
32.374 0.23783
32.375 0.242786
32.376 0.247848
32.377 0.253011
32.378 0.258274
32.379 0.263635
32.38 0.269091
32.381 0.27464
32.382 0.280282
32.383 0.286014
32.384 0.291837
32.385 0.297748
32.386 0.303746
32.387 0.309831
32.388 0.316001
32.389 0.322255
32.39 0.328592
32.391 0.335009
32.392 0.341507
32.393 0.348083
32.394 0.354736
32.395 0.361464
32.396 0.368267
32.397 0.375142
32.398 0.382088
32.399 0.389104
32.4 0.396187
32.401 0.403337
32.402 0.410551
32.403 0.417828
32.404 0.425166
32.405 0.432564
32.406 0.440019
32.407 0.44753
32.408 0.455095
32.409 0.462712
32.41 0.47038
32.411 0.478097
32.412 0.48586
32.413 0.493668
32.414 0.501519
32.415 0.509411
32.416 0.517343
32.417 0.525311
32.418 0.533315
32.419 0.541351
32.42 0.54942
32.421 0.557517
32.422 0.565642
32.423 0.573792
32.424 0.581965
32.425 0.590159
32.426 0.598373
32.427 0.606604
32.428 0.61485
32.429 0.62311
32.43 0.63138
32.431 0.63966
32.432 0.647946
32.433 0.656238
32.434 0.664532
32.435 0.672828
32.436 0.681122
32.437 0.689414
32.438 0.6977
32.439 0.70598
32.44 0.71425
32.441 0.722509
32.442 0.730753
32.443 0.73898
32.444 0.747185
32.445 0.755367
32.446 0.76352
32.447 0.771643
32.448 0.779732
32.449 0.787783
32.45 0.795794
32.451 0.803762
32.452 0.811684
32.453 0.819558
32.454 0.827384
32.455 0.835159
32.456 0.842882
32.457 0.85055
32.458 0.858162
32.459 0.865718
32.46 0.873214
32.461 0.880649
32.462 0.888023
32.463 0.895333
32.464 0.902578
32.465 0.909757
32.466 0.916867
32.467 0.923909
32.468 0.93088
32.469 0.937779
32.47 0.944605
32.471 0.951356
32.472 0.958032
32.473 0.964631
32.474 0.971153
32.475 0.977596
32.476 0.983958
32.477 0.99024
32.478 0.99644
32.479 1.00256
32.48 1.00859
32.481 1.01454
32.482 1.0204
32.483 1.02618
32.484 1.03187
32.485 1.03747
32.486 1.04299
32.487 1.04841
32.488 1.05375
32.489 1.05899
32.49 1.06415
32.491 1.06921
32.492 1.07419
32.493 1.07907
32.494 1.08386
32.495 1.08856
32.496 1.09316
32.497 1.09767
32.498 1.10209
32.499 1.10642
32.5 1.11065
32.501 1.11479
32.502 1.11884
32.503 1.12278
32.504 1.12664
32.505 1.13039
32.506 1.13405
32.507 1.1376
32.508 1.14105
32.509 1.1444
32.51 1.14765
32.511 1.15079
32.512 1.15383
32.513 1.15676
32.514 1.15959
32.515 1.16232
32.516 1.16495
32.517 1.16747
32.518 1.1699
32.519 1.17222
32.52 1.17445
32.521 1.17657
32.522 1.1786
32.523 1.18053
32.524 1.18236
32.525 1.18409
32.526 1.18572
32.527 1.18725
32.528 1.18867
32.529 1.19
32.53 1.19123
32.531 1.19235
32.532 1.19338
32.533 1.1943
32.534 1.19513
32.535 1.19587
32.536 1.19651
32.537 1.19706
32.538 1.19751
32.539 1.19788
32.54 1.19815
32.541 1.19834
32.542 1.19845
32.543 1.19847
32.544 1.1984
32.545 1.19825
32.546 1.19801
32.547 1.19769
32.548 1.19729
32.549 1.1968
32.55 1.19623
32.551 1.19558
32.552 1.19484
32.553 1.19403
32.554 1.19314
32.555 1.19216
32.556 1.19111
32.557 1.18998
32.558 1.18878
32.559 1.1875
32.56 1.18614
32.561 1.18471
32.562 1.1832
32.563 1.18162
32.564 1.17996
32.565 1.17823
32.566 1.17642
32.567 1.17454
32.568 1.17258
32.569 1.17054
32.57 1.16843
32.571 1.16623
32.572 1.16397
32.573 1.16163
32.574 1.15921
32.575 1.15672
32.576 1.15417
32.577 1.15154
32.578 1.14885
32.579 1.14609
32.58 1.14326
32.581 1.14037
32.582 1.13742
32.583 1.1344
32.584 1.13132
32.585 1.12818
32.586 1.12497
32.587 1.1217
32.588 1.11837
32.589 1.11498
32.59 1.11153
32.591 1.10802
32.592 1.10444
32.593 1.1008
32.594 1.09711
32.595 1.09335
32.596 1.08954
32.597 1.08567
32.598 1.08173
32.599 1.07774
32.6 1.0737
32.601 1.06959
32.602 1.06543
32.603 1.06121
32.604 1.05694
32.605 1.0526
32.606 1.0482
32.607 1.04374
32.608 1.03922
32.609 1.03464
32.61 1.02999
32.611 1.02528
32.612 1.02051
32.613 1.01567
32.614 1.01077
32.615 1.0058
32.616 1.00076
32.617 0.995663
32.618 0.990495
32.619 0.98526
32.62 0.979958
32.621 0.974587
32.622 0.96915
32.623 0.963648
32.624 0.95808
32.625 0.952449
32.626 0.946756
32.627 0.941001
32.628 0.935186
32.629 0.929313
32.63 0.923382
32.631 0.917394
32.632 0.911352
32.633 0.905255
32.634 0.899107
32.635 0.892907
32.636 0.886657
32.637 0.880359
32.638 0.874014
32.639 0.867623
32.64 0.861188
32.641 0.85471
32.642 0.848189
32.643 0.841626
32.644 0.83502
32.645 0.828372
32.646 0.821682
32.647 0.81495
32.648 0.808176
32.649 0.801361
32.65 0.794504
32.651 0.787607
32.652 0.780671
32.653 0.7737
32.654 0.766698
32.655 0.759665
32.656 0.752607
32.657 0.745526
32.658 0.738424
32.659 0.731305
32.66 0.724171
32.661 0.717026
32.662 0.709871
32.663 0.702704
32.664 0.695528
32.665 0.688341
32.666 0.681145
32.667 0.67394
32.668 0.666726
32.669 0.659503
32.67 0.652272
32.671 0.645034
32.672 0.637789
32.673 0.63054
32.674 0.623288
32.675 0.616035
32.676 0.608783
32.677 0.601533
32.678 0.594287
32.679 0.587046
32.68 0.579813
32.681 0.572589
32.682 0.565374
32.683 0.558168
32.684 0.550973
32.685 0.543788
32.686 0.536613
32.687 0.529449
32.688 0.522296
32.689 0.515155
32.69 0.508026
32.691 0.500908
32.692 0.493805
32.693 0.486716
32.694 0.479644
32.695 0.472591
32.696 0.465557
32.697 0.458545
32.698 0.451557
32.699 0.444592
32.7 0.437654
32.701 0.430744
32.702 0.423861
32.703 0.417006
32.704 0.41018
32.705 0.403382
32.706 0.396612
32.707 0.38987
32.708 0.383158
32.709 0.376474
32.71 0.369819
32.711 0.363193
32.712 0.356597
32.713 0.350032
32.714 0.343501
32.715 0.337004
32.716 0.330543
32.717 0.324118
32.718 0.317732
32.719 0.311385
32.72 0.30508
32.721 0.298816
32.722 0.292595
32.723 0.28642
32.724 0.280289
32.725 0.274206
32.726 0.268171
32.727 0.262185
32.728 0.256249
32.729 0.250365
32.73 0.244533
32.731 0.238755
32.732 0.233031
32.733 0.227363
32.734 0.221751
32.735 0.216197
32.736 0.210701
32.737 0.205265
32.738 0.199888
32.739 0.194573
32.74 0.18932
32.741 0.184128
32.742 0.178999
32.743 0.173932
32.744 0.168925
32.745 0.163978
32.746 0.159091
32.747 0.154263
32.748 0.149492
32.749 0.144779
32.75 0.140123
32.751 0.135522
32.752 0.130976
32.753 0.126484
32.754 0.122046
32.755 0.117659
32.756 0.113324
32.757 0.10904
32.758 0.104804
32.759 0.100618
32.76 0.0964786
32.761 0.0923859
32.762 0.0883387
32.763 0.0843359
32.764 0.0803765
32.765 0.0764593
32.766 0.0725832
32.767 0.0687472
32.768 0.0649501
32.769 0.0611907
32.77 0.0574678
32.771 0.053781
32.772 0.0501311
32.773 0.0465196
32.774 0.042948
32.775 0.0394177
32.776 0.0359301
32.777 0.0324868
32.778 0.029089
32.779 0.0257382
32.78 0.0224357
32.781 0.0191825
32.782 0.015979
32.783 0.012825
32.784 0.00972051
32.785 0.00666542
32.786 0.0036596
32.787 0.000702927
32.788 -0.00220477
32.789 -0.00506366
32.79 -0.00787396
32.791 -0.0106359
32.792 -0.0133497
32.793 -0.0160156
32.794 -0.018634
32.795 -0.0212051
32.796 -0.0237292
32.797 -0.0262067
32.798 -0.028638
32.799 -0.0310233
32.8 -0.0333633
32.801 -0.0356584
32.802 -0.0379103
32.803 -0.0401208
32.804 -0.0422916
32.805 -0.0444247
32.806 -0.0465218
32.807 -0.0485848
32.808 -0.0506157
32.809 -0.0526163
32.81 -0.0545885
32.811 -0.0565342
32.812 -0.0584554
32.813 -0.060354
32.814 -0.0622319
32.815 -0.0640911
32.816 -0.0659336
32.817 -0.0677613
32.818 -0.0695762
32.819 -0.0713803
32.82 -0.0731755
32.821 -0.0749639
32.822 -0.0767474
32.823 -0.078528
32.824 -0.0803076
32.825 -0.0820883
32.826 -0.0838721
32.827 -0.0856609
32.828 -0.0874567
32.829 -0.0892615
32.83 -0.0910772
32.831 -0.0929062
32.832 -0.0947515
32.833 -0.0966162
32.834 -0.0985038
32.835 -0.100417
32.836 -0.102361
32.837 -0.104336
32.838 -0.106348
32.839 -0.108398
32.84 -0.110491
32.841 -0.112629
32.842 -0.114814
32.843 -0.117049
32.844 -0.119334
32.845 -0.121672
32.846 -0.124064
32.847 -0.126512
32.848 -0.129018
32.849 -0.131583
32.85 -0.134209
32.851 -0.136898
32.852 -0.139651
32.853 -0.14247
32.854 -0.145355
32.855 -0.14831
32.856 -0.151335
32.857 -0.154431
32.858 -0.1576
32.859 -0.160844
32.86 -0.164163
32.861 -0.16756
32.862 -0.171033
32.863 -0.174583
32.864 -0.178209
32.865 -0.181912
32.866 -0.185692
32.867 -0.189548
32.868 -0.193479
32.869 -0.197486
32.87 -0.201568
32.871 -0.205726
32.872 -0.209959
32.873 -0.214269
32.874 -0.218657
32.875 -0.223124
32.876 -0.22767
32.877 -0.232296
32.878 -0.237003
32.879 -0.241791
32.88 -0.246663
32.881 -0.251617
32.882 -0.256655
32.883 -0.261778
32.884 -0.266986
32.885 -0.272279
32.886 -0.277658
32.887 -0.283123
32.888 -0.288676
32.889 -0.294316
32.89 -0.300043
32.891 -0.30586
32.892 -0.311767
32.893 -0.317768
32.894 -0.323867
32.895 -0.330065
32.896 -0.336366
32.897 -0.342772
32.898 -0.349287
32.899 -0.355913
32.9 -0.362652
32.901 -0.369508
32.902 -0.376482
32.903 -0.383578
32.904 -0.390797
32.905 -0.398143
32.906 -0.405618
32.907 -0.413224
32.908 -0.420963
32.909 -0.428838
32.91 -0.43685
32.911 -0.445002
32.912 -0.453296
32.913 -0.461734
32.914 -0.470317
32.915 -0.479048
32.916 -0.487929
32.917 -0.496961
32.918 -0.506147
32.919 -0.515486
32.92 -0.524982
32.921 -0.534636
32.922 -0.544447
32.923 -0.554417
32.924 -0.564544
32.925 -0.574829
32.926 -0.585272
32.927 -0.595873
32.928 -0.606631
32.929 -0.617546
32.93 -0.628617
32.931 -0.639845
32.932 -0.651229
32.933 -0.662768
32.934 -0.674462
32.935 -0.686309
32.936 -0.69831
32.937 -0.710464
32.938 -0.722769
32.939 -0.735226
32.94 -0.747832
32.941 -0.760588
32.942 -0.773491
32.943 -0.786542
32.944 -0.799738
32.945 -0.813079
32.946 -0.826564
32.947 -0.840191
32.948 -0.853959
32.949 -0.867866
32.95 -0.881912
32.951 -0.896094
32.952 -0.910412
32.953 -0.924863
32.954 -0.939447
32.955 -0.954161
32.956 -0.969005
32.957 -0.983975
32.958 -0.999071
32.959 -1.01429
32.96 -1.02963
32.961 -1.0451
32.962 -1.06068
32.963 -1.07638
32.964 -1.0922
32.965 -1.10814
32.966 -1.12419
32.967 -1.14037
32.968 -1.15666
32.969 -1.17306
32.97 -1.18958
32.971 -1.20621
32.972 -1.22296
32.973 -1.23981
32.974 -1.25677
32.975 -1.27384
32.976 -1.29101
32.977 -1.30828
32.978 -1.32565
32.979 -1.34311
32.98 -1.36067
32.981 -1.37832
32.982 -1.39606
32.983 -1.41389
32.984 -1.4318
32.985 -1.44979
32.986 -1.46786
32.987 -1.48601
32.988 -1.50424
32.989 -1.52254
32.99 -1.54091
32.991 -1.55934
32.992 -1.57784
32.993 -1.59641
32.994 -1.61502
32.995 -1.63369
32.996 -1.65241
32.997 -1.67118
32.998 -1.68999
32.999 -1.70883
33 -1.72771
33.001 -1.74662
33.002 -1.76556
33.003 -1.78452
33.004 -1.80349
33.005 -1.82247
33.006 -1.84146
33.007 -1.86045
33.008 -1.87944
33.009 -1.89842
33.01 -1.91738
33.011 -1.93633
33.012 -1.95525
33.013 -1.97415
33.014 -1.993
33.015 -2.01182
33.016 -2.03058
33.017 -2.0493
33.018 -2.06795
33.019 -2.08654
33.02 -2.10505
33.021 -2.12349
33.022 -2.14184
33.023 -2.1601
33.024 -2.17826
33.025 -2.19631
33.026 -2.21424
33.027 -2.23205
33.028 -2.24972
33.029 -2.26726
33.03 -2.28464
33.031 -2.30187
33.032 -2.31893
33.033 -2.33582
33.034 -2.35253
33.035 -2.36906
33.036 -2.38539
33.037 -2.40153
33.038 -2.41745
33.039 -2.43316
33.04 -2.44865
33.041 -2.46392
33.042 -2.47894
33.043 -2.49373
33.044 -2.50826
33.045 -2.52254
33.046 -2.53655
33.047 -2.55028
33.048 -2.56374
33.049 -2.5769
33.05 -2.58977
33.051 -2.60235
33.052 -2.61461
33.053 -2.62656
33.054 -2.63818
33.055 -2.64948
33.056 -2.66045
33.057 -2.67107
33.058 -2.68135
33.059 -2.69128
33.06 -2.70085
33.061 -2.71006
33.062 -2.7189
33.063 -2.72737
33.064 -2.73547
33.065 -2.74319
33.066 -2.75053
33.067 -2.75748
33.068 -2.76405
33.069 -2.77022
33.07 -2.776
33.071 -2.78139
33.072 -2.78637
33.073 -2.79096
33.074 -2.79514
33.075 -2.79891
33.076 -2.80228
33.077 -2.80523
33.078 -2.80778
33.079 -2.80991
33.08 -2.81163
33.081 -2.81293
33.082 -2.81382
33.083 -2.81429
33.084 -2.81434
33.085 -2.81397
33.086 -2.81318
33.087 -2.81197
33.088 -2.81033
33.089 -2.80828
33.09 -2.80581
33.091 -2.80292
33.092 -2.7996
33.093 -2.79587
33.094 -2.79172
33.095 -2.78715
33.096 -2.78216
33.097 -2.77676
33.098 -2.77094
33.099 -2.76471
33.1 -2.75806
33.101 -2.75101
33.102 -2.74355
33.103 -2.73567
33.104 -2.72739
33.105 -2.7187
33.106 -2.7096
33.107 -2.7001
33.108 -2.69019
33.109 -2.67988
33.11 -2.66917
33.111 -2.65805
33.112 -2.64654
33.113 -2.63464
33.114 -2.62233
33.115 -2.60964
33.116 -2.59656
33.117 -2.58309
33.118 -2.56924
33.119 -2.555
33.12 -2.54039
33.121 -2.5254
33.122 -2.51004
33.123 -2.49431
33.124 -2.47822
33.125 -2.46178
33.126 -2.44498
33.127 -2.42784
33.128 -2.41035
33.129 -2.39253
33.13 -2.37437
33.131 -2.35589
33.132 -2.33709
33.133 -2.31798
33.134 -2.29855
33.135 -2.27881
33.136 -2.25877
33.137 -2.23843
33.138 -2.2178
33.139 -2.19689
33.14 -2.17569
33.141 -2.15421
33.142 -2.13246
33.143 -2.11045
33.144 -2.08818
33.145 -2.06566
33.146 -2.0429
33.147 -2.0199
33.148 -1.99667
33.149 -1.97322
33.15 -1.94956
33.151 -1.92569
33.152 -1.90162
33.153 -1.87736
33.154 -1.85291
33.155 -1.82827
33.156 -1.80347
33.157 -1.77849
33.158 -1.75335
33.159 -1.72806
33.16 -1.70261
33.161 -1.67703
33.162 -1.65131
33.163 -1.62546
33.164 -1.59949
33.165 -1.57341
33.166 -1.54721
33.167 -1.52092
33.168 -1.49453
33.169 -1.46806
33.17 -1.4415
33.171 -1.41488
33.172 -1.38818
33.173 -1.36143
33.174 -1.33462
33.175 -1.30776
33.176 -1.28085
33.177 -1.25391
33.178 -1.22694
33.179 -1.19994
33.18 -1.17292
33.181 -1.14589
33.182 -1.11884
33.183 -1.0918
33.184 -1.06476
33.185 -1.03772
33.186 -1.0107
33.187 -0.983705
33.188 -0.956733
33.189 -0.929793
33.19 -0.902892
33.191 -0.876034
33.192 -0.849227
33.193 -0.822478
33.194 -0.795793
33.195 -0.769181
33.196 -0.742647
33.197 -0.716198
33.198 -0.689841
33.199 -0.663584
33.2 -0.637432
33.201 -0.611393
33.202 -0.585473
33.203 -0.559678
33.204 -0.534016
33.205 -0.508491
33.206 -0.483112
33.207 -0.457883
33.208 -0.432811
33.209 -0.407902
33.21 -0.383162
33.211 -0.358598
33.212 -0.334218
33.213 -0.310029
33.214 -0.28604
33.215 -0.262259
33.216 -0.238695
33.217 -0.215356
33.218 -0.192248
33.219 -0.16938
33.22 -0.14676
33.221 -0.124395
33.222 -0.10229
33.223 -0.0804523
33.224 -0.0588871
33.225 -0.0375999
33.226 -0.0165963
33.227 0.00411844
33.228 0.0245393
33.229 0.0446611
33.23 0.0644791
33.231 0.0839879
33.232 0.103181
33.233 0.122051
33.234 0.140592
33.235 0.158795
33.236 0.176656
33.237 0.194167
33.238 0.211322
33.239 0.228115
33.24 0.24454
33.241 0.260591
33.242 0.276265
33.243 0.291557
33.244 0.306463
33.245 0.320979
33.246 0.335102
33.247 0.348829
33.248 0.362157
33.249 0.375082
33.25 0.387601
33.251 0.399713
33.252 0.411415
33.253 0.422704
33.254 0.433578
33.255 0.444036
33.256 0.454076
33.257 0.463697
33.258 0.472896
33.259 0.481673
33.26 0.490027
33.261 0.497958
33.262 0.505464
33.263 0.512545
33.264 0.519201
33.265 0.525432
33.266 0.531238
33.267 0.536619
33.268 0.541576
33.269 0.546109
33.27 0.550219
33.271 0.553908
33.272 0.557176
33.273 0.560024
33.274 0.562455
33.275 0.564469
33.276 0.566069
33.277 0.567256
33.278 0.568034
33.279 0.568403
33.28 0.568366
33.281 0.567927
33.282 0.567087
33.283 0.56585
33.284 0.564219
33.285 0.562197
33.286 0.559787
33.287 0.556994
33.288 0.55382
33.289 0.550269
33.29 0.546346
33.291 0.542054
33.292 0.537398
33.293 0.532382
33.294 0.527011
33.295 0.521289
33.296 0.515221
33.297 0.508812
33.298 0.502067
33.299 0.494991
33.3 0.48759
33.301 0.479867
33.302 0.471829
33.303 0.463478
33.304 0.45482
33.305 0.445859
33.306 0.436599
33.307 0.427045
33.308 0.417203
33.309 0.407075
33.31 0.396669
33.311 0.385989
33.312 0.375039
33.313 0.363826
33.314 0.352354
33.315 0.34063
33.316 0.328658
33.317 0.316444
33.318 0.303995
33.319 0.291314
33.32 0.27841
33.321 0.265287
33.322 0.251951
33.323 0.238409
33.324 0.224666
33.325 0.21073
33.326 0.196605
33.327 0.1823
33.328 0.167818
33.329 0.153169
33.33 0.138357
33.331 0.12339
33.332 0.108275
33.333 0.0930203
33.334 0.0776341
33.335 0.0621244
33.336 0.0464992
33.337 0.0307667
33.338 0.0149351
33.339 -0.000987433
33.34 -0.0169926
33.341 -0.0330723
33.342 -0.0492181
33.343 -0.0654218
33.344 -0.0816752
33.345 -0.0979699
33.346 -0.114298
33.347 -0.13065
33.348 -0.147019
33.349 -0.163396
33.35 -0.179773
33.351 -0.196141
33.352 -0.212493
33.353 -0.22882
33.354 -0.245113
33.355 -0.261366
33.356 -0.277569
33.357 -0.293714
33.358 -0.309793
33.359 -0.325799
33.36 -0.341723
33.361 -0.357557
33.362 -0.373293
33.363 -0.388924
33.364 -0.404441
33.365 -0.419837
33.366 -0.435104
33.367 -0.450235
33.368 -0.465221
33.369 -0.480055
33.37 -0.494731
33.371 -0.509239
33.372 -0.523572
33.373 -0.537721
33.374 -0.551678
33.375 -0.565434
33.376 -0.578981
33.377 -0.592311
33.378 -0.605415
33.379 -0.618286
33.38 -0.630915
33.381 -0.643296
33.382 -0.65542
33.383 -0.667284
33.384 -0.678879
33.385 -0.6902
33.386 -0.701241
33.387 -0.711997
33.388 -0.722461
33.389 -0.732629
33.39 -0.742494
33.391 -0.752051
33.392 -0.761295
33.393 -0.770218
33.394 -0.778814
33.395 -0.787078
33.396 -0.795003
33.397 -0.802584
33.398 -0.809814
33.399 -0.81669
33.4 -0.823204
33.401 -0.829352
33.402 -0.835133
33.403 -0.840543
33.404 -0.84558
33.405 -0.850242
33.406 -0.854529
33.407 -0.858437
33.408 -0.861967
33.409 -0.865116
33.41 -0.867884
33.411 -0.870269
33.412 -0.872269
33.413 -0.873884
33.414 -0.87511
33.415 -0.875946
33.416 -0.87639
33.417 -0.876443
33.418 -0.876101
33.419 -0.875365
33.42 -0.874233
33.421 -0.872706
33.422 -0.870781
33.423 -0.86846
33.424 -0.865742
33.425 -0.862626
33.426 -0.859114
33.427 -0.855205
33.428 -0.850901
33.429 -0.846201
33.43 -0.841107
33.431 -0.835619
33.432 -0.82974
33.433 -0.823469
33.434 -0.816809
33.435 -0.809762
33.436 -0.802329
33.437 -0.794512
33.438 -0.786313
33.439 -0.777735
33.44 -0.76878
33.441 -0.759451
33.442 -0.749752
33.443 -0.739688
33.444 -0.729262
33.445 -0.718479
33.446 -0.707344
33.447 -0.695862
33.448 -0.684038
33.449 -0.671877
33.45 -0.659384
33.451 -0.646565
33.452 -0.633424
33.453 -0.619965
33.454 -0.606192
33.455 -0.592111
33.456 -0.577727
33.457 -0.563043
33.458 -0.548065
33.459 -0.532798
33.46 -0.517247
33.461 -0.501418
33.462 -0.485316
33.463 -0.468946
33.464 -0.452314
33.465 -0.435427
33.466 -0.418289
33.467 -0.400907
33.468 -0.383286
33.469 -0.365434
33.47 -0.347355
33.471 -0.329057
33.472 -0.310546
33.473 -0.291829
33.474 -0.272911
33.475 -0.253799
33.476 -0.234501
33.477 -0.215023
33.478 -0.195372
33.479 -0.175554
33.48 -0.155577
33.481 -0.135448
33.482 -0.115174
33.483 -0.0947611
33.484 -0.0742177
33.485 -0.0535505
33.486 -0.0327668
33.487 -0.0118738
33.488 0.00912105
33.489 0.0302105
33.49 0.0513873
33.491 0.0726443
33.492 0.0939751
33.493 0.115374
33.494 0.136834
33.495 0.15835
33.496 0.179916
33.497 0.201525
33.498 0.223171
33.499 0.244849
33.5 0.266552
33.501 0.288275
33.502 0.310011
33.503 0.331754
33.504 0.353498
33.505 0.375238
33.506 0.396966
33.507 0.418678
33.508 0.440368
33.509 0.462029
33.51 0.483656
33.511 0.505243
33.512 0.526783
33.513 0.548269
33.514 0.569693
33.515 0.59105
33.516 0.612332
33.517 0.633532
33.518 0.654643
33.519 0.67566
33.52 0.696574
33.521 0.717381
33.522 0.738073
33.523 0.758643
33.524 0.779086
33.525 0.799396
33.526 0.819565
33.527 0.839589
33.528 0.859461
33.529 0.879175
33.53 0.898726
33.531 0.918108
33.532 0.937315
33.533 0.956341
33.534 0.975182
33.535 0.993833
33.536 1.01229
33.537 1.03054
33.538 1.04859
33.539 1.06642
33.54 1.08405
33.541 1.10145
33.542 1.11862
33.543 1.13557
33.544 1.15229
33.545 1.16876
33.546 1.185
33.547 1.20099
33.548 1.21673
33.549 1.23222
33.55 1.24746
33.551 1.26243
33.552 1.27714
33.553 1.29159
33.554 1.30576
33.555 1.31967
33.556 1.3333
33.557 1.34666
33.558 1.35973
33.559 1.37252
33.56 1.38503
33.561 1.39726
33.562 1.4092
33.563 1.42085
33.564 1.43221
33.565 1.44328
33.566 1.45407
33.567 1.46457
33.568 1.47478
33.569 1.48471
33.57 1.49435
33.571 1.5037
33.572 1.51276
33.573 1.52154
33.574 1.53004
33.575 1.53825
33.576 1.54618
33.577 1.55384
33.578 1.56121
33.579 1.5683
33.58 1.57512
33.581 1.58166
33.582 1.58792
33.583 1.59392
33.584 1.59964
33.585 1.60508
33.586 1.61026
33.587 1.61517
33.588 1.6198
33.589 1.62417
33.59 1.62827
33.591 1.6321
33.592 1.63567
33.593 1.63898
33.594 1.64204
33.595 1.64484
33.596 1.64738
33.597 1.64969
33.598 1.65174
33.599 1.65356
33.6 1.65514
33.601 1.65648
33.602 1.65759
33.603 1.65847
33.604 1.65912
33.605 1.65954
33.606 1.65973
33.607 1.65969
33.608 1.65943
33.609 1.65895
33.61 1.65824
33.611 1.65731
33.612 1.65617
33.613 1.6548
33.614 1.65323
33.615 1.65144
33.616 1.64944
33.617 1.64723
33.618 1.64481
33.619 1.64219
33.62 1.63936
33.621 1.63634
33.622 1.63312
33.623 1.62971
33.624 1.6261
33.625 1.62231
33.626 1.61832
33.627 1.61416
33.628 1.60981
33.629 1.60528
33.63 1.60058
33.631 1.59571
33.632 1.59067
33.633 1.58546
33.634 1.5801
33.635 1.57458
33.636 1.56891
33.637 1.5631
33.638 1.55715
33.639 1.55106
33.64 1.54484
33.641 1.53849
33.642 1.53202
33.643 1.52543
33.644 1.51872
33.645 1.51191
33.646 1.50498
33.647 1.49795
33.648 1.49082
33.649 1.48359
33.65 1.47626
33.651 1.46885
33.652 1.46135
33.653 1.45377
33.654 1.44611
33.655 1.43839
33.656 1.4306
33.657 1.42275
33.658 1.41485
33.659 1.4069
33.66 1.3989
33.661 1.39087
33.662 1.3828
33.663 1.3747
33.664 1.36657
33.665 1.35842
33.666 1.35024
33.667 1.34206
33.668 1.33386
33.669 1.32565
33.67 1.31744
33.671 1.30923
33.672 1.30102
33.673 1.29282
33.674 1.28463
33.675 1.27645
33.676 1.2683
33.677 1.26016
33.678 1.25205
33.679 1.24397
33.68 1.23592
33.681 1.22791
33.682 1.21994
33.683 1.21201
33.684 1.20413
33.685 1.1963
33.686 1.18853
33.687 1.18081
33.688 1.17316
33.689 1.16557
33.69 1.15804
33.691 1.15059
33.692 1.14321
33.693 1.1359
33.694 1.12868
33.695 1.12153
33.696 1.11446
33.697 1.10747
33.698 1.10057
33.699 1.09375
33.7 1.08702
33.701 1.08038
33.702 1.07383
33.703 1.06736
33.704 1.06098
33.705 1.0547
33.706 1.0485
33.707 1.04239
33.708 1.03637
33.709 1.03044
33.71 1.0246
33.711 1.01884
33.712 1.01318
33.713 1.00761
33.714 1.00212
33.715 0.996733
33.716 0.991437
33.717 0.986235
33.718 0.981128
33.719 0.976117
33.72 0.971204
33.721 0.966388
33.722 0.96167
33.723 0.957051
33.724 0.952531
33.725 0.948112
33.726 0.943793
33.727 0.939575
33.728 0.935459
33.729 0.931445
33.73 0.927532
33.731 0.923723
33.732 0.920016
33.733 0.916412
33.734 0.912911
33.735 0.909513
33.736 0.906218
33.737 0.903027
33.738 0.899939
33.739 0.896954
33.74 0.894072
33.741 0.891293
33.742 0.888615
33.743 0.886037
33.744 0.883557
33.745 0.881174
33.746 0.878885
33.747 0.87669
33.748 0.874585
33.749 0.87257
33.75 0.870643
33.751 0.868801
33.752 0.867042
33.753 0.865366
33.754 0.863769
33.755 0.86225
33.756 0.860806
33.757 0.859436
33.758 0.858137
33.759 0.856907
33.76 0.855744
33.761 0.854646
33.762 0.853611
33.763 0.852636
33.764 0.851718
33.765 0.850857
33.766 0.850049
33.767 0.849291
33.768 0.848582
33.769 0.84792
33.77 0.847301
33.771 0.846723
33.772 0.846183
33.773 0.845676
33.774 0.8452
33.775 0.844749
33.776 0.84432
33.777 0.84391
33.778 0.843515
33.779 0.84313
33.78 0.842751
33.781 0.842376
33.782 0.842002
33.783 0.841625
33.784 0.841243
33.785 0.840855
33.786 0.840457
33.787 0.840046
33.788 0.839621
33.789 0.839179
33.79 0.838718
33.791 0.838233
33.792 0.837724
33.793 0.837184
33.794 0.836611
33.795 0.836001
33.796 0.83535
33.797 0.834654
33.798 0.83391
33.799 0.833114
33.8 0.832262
33.801 0.831351
33.802 0.830377
33.803 0.829337
33.804 0.828226
33.805 0.827042
33.806 0.825781
33.807 0.824439
33.808 0.823013
33.809 0.8215
33.81 0.819896
33.811 0.818199
33.812 0.816406
33.813 0.814515
33.814 0.812524
33.815 0.810433
33.816 0.808238
33.817 0.805938
33.818 0.803532
33.819 0.801018
33.82 0.798395
33.821 0.79566
33.822 0.792813
33.823 0.789851
33.824 0.786775
33.825 0.783581
33.826 0.78027
33.827 0.776839
33.828 0.773289
33.829 0.769616
33.83 0.765821
33.831 0.761903
33.832 0.75786
33.833 0.753691
33.834 0.749397
33.835 0.744975
33.836 0.740425
33.837 0.735746
33.838 0.730938
33.839 0.726001
33.84 0.720932
33.841 0.715734
33.842 0.710405
33.843 0.704947
33.844 0.699361
33.845 0.693648
33.846 0.68781
33.847 0.681846
33.848 0.67576
33.849 0.669551
33.85 0.663221
33.851 0.656771
33.852 0.650202
33.853 0.643514
33.854 0.636707
33.855 0.629781
33.856 0.622736
33.857 0.615572
33.858 0.608291
33.859 0.600893
33.86 0.593377
33.861 0.585745
33.862 0.577998
33.863 0.570138
33.864 0.562168
33.865 0.554089
33.866 0.545904
33.867 0.537614
33.868 0.529221
33.869 0.520729
33.87 0.512139
33.871 0.503453
33.872 0.494674
33.873 0.485804
33.874 0.476846
33.875 0.467802
33.876 0.458674
33.877 0.449465
33.878 0.440177
33.879 0.430814
33.88 0.421377
33.881 0.41187
33.882 0.402296
33.883 0.39266
33.884 0.382965
33.885 0.373215
33.886 0.363415
33.887 0.353568
33.888 0.34368
33.889 0.333753
33.89 0.323792
33.891 0.313801
33.892 0.303782
33.893 0.293736
33.894 0.283664
33.895 0.273569
33.896 0.263451
33.897 0.253313
33.898 0.243155
33.899 0.23298
33.9 0.222788
33.901 0.212583
33.902 0.202367
33.903 0.192145
33.904 0.181921
33.905 0.1717
33.906 0.161485
33.907 0.151281
33.908 0.141092
33.909 0.130922
33.91 0.120776
33.911 0.110657
33.912 0.100569
33.913 0.0905144
33.914 0.0804958
33.915 0.0705161
33.916 0.0605782
33.917 0.0506847
33.918 0.0408384
33.919 0.031042
33.92 0.0212981
33.921 0.0116094
33.922 0.00197846
33.923 -0.00759203
33.924 -0.0170996
33.925 -0.0265416
33.926 -0.0359155
33.927 -0.045219
33.928 -0.0544496
33.929 -0.0636047
33.93 -0.0726822
33.931 -0.0816793
33.932 -0.0905926
33.933 -0.0994186
33.934 -0.108154
33.935 -0.116794
33.936 -0.125337
33.937 -0.133778
33.938 -0.142115
33.939 -0.150343
33.94 -0.15846
33.941 -0.166463
33.942 -0.174348
33.943 -0.182116
33.944 -0.189764
33.945 -0.197289
33.946 -0.204692
33.947 -0.211969
33.948 -0.21912
33.949 -0.226142
33.95 -0.233036
33.951 -0.239798
33.952 -0.246426
33.953 -0.252919
33.954 -0.259273
33.955 -0.265486
33.956 -0.271556
33.957 -0.277479
33.958 -0.283255
33.959 -0.28888
33.96 -0.294353
33.961 -0.299671
33.962 -0.304835
33.963 -0.309842
33.964 -0.314693
33.965 -0.319387
33.966 -0.323924
33.967 -0.328303
33.968 -0.332525
33.969 -0.336588
33.97 -0.340493
33.971 -0.34424
33.972 -0.347827
33.973 -0.351253
33.974 -0.354517
33.975 -0.357617
33.976 -0.360553
33.977 -0.363324
33.978 -0.365929
33.979 -0.368366
33.98 -0.370636
33.981 -0.372737
33.982 -0.37467
33.983 -0.376436
33.984 -0.378036
33.985 -0.37947
33.986 -0.38074
33.987 -0.381846
33.988 -0.38279
33.989 -0.383572
33.99 -0.384195
33.991 -0.384659
33.992 -0.384966
33.993 -0.385118
33.994 -0.385114
33.995 -0.384959
33.996 -0.384652
33.997 -0.384195
33.998 -0.383591
33.999 -0.382841
34 -0.381947
34.001 -0.380911
34.002 -0.379735
34.003 -0.378421
34.004 -0.376971
34.005 -0.375387
34.006 -0.373672
34.007 -0.371827
34.008 -0.369855
34.009 -0.367759
34.01 -0.36554
34.011 -0.363202
34.012 -0.360746
34.013 -0.358176
34.014 -0.355493
34.015 -0.352702
34.016 -0.349803
34.017 -0.3468
34.018 -0.343696
34.019 -0.340494
34.02 -0.337196
34.021 -0.333805
34.022 -0.330324
34.023 -0.326757
34.024 -0.323105
34.025 -0.319373
34.026 -0.315563
34.027 -0.311678
34.028 -0.307722
34.029 -0.303697
34.03 -0.299607
34.031 -0.295454
34.032 -0.291243
34.033 -0.286976
34.034 -0.282656
34.035 -0.278287
34.036 -0.273873
34.037 -0.269415
34.038 -0.264918
34.039 -0.260386
34.04 -0.25582
34.041 -0.251225
34.042 -0.246604
34.043 -0.241961
34.044 -0.237298
34.045 -0.23262
34.046 -0.227929
34.047 -0.223229
34.048 -0.218523
34.049 -0.213814
34.05 -0.209107
34.051 -0.204405
34.052 -0.199711
34.053 -0.195031
34.054 -0.19037
34.055 -0.185732
34.056 -0.181122
34.057 -0.176544
34.058 -0.172004
34.059 -0.167505
34.06 -0.163053
34.061 -0.158651
34.062 -0.154303
34.063 -0.150013
34.064 -0.145783
34.065 -0.141617
34.066 -0.137518
34.067 -0.133488
34.068 -0.129531
34.069 -0.12565
34.07 -0.121847
34.071 -0.118127
34.072 -0.11449
34.073 -0.110941
34.074 -0.107483
34.075 -0.104117
34.076 -0.100847
34.077 -0.0976752
34.078 -0.0946046
34.079 -0.0916375
34.08 -0.0887767
34.081 -0.0860245
34.082 -0.0833835
34.083 -0.080856
34.084 -0.0784444
34.085 -0.0761511
34.086 -0.0739782
34.087 -0.0719279
34.088 -0.0700026
34.089 -0.0682041
34.09 -0.0665347
34.091 -0.0649962
34.092 -0.0635907
34.093 -0.0623199
34.094 -0.0611858
34.095 -0.06019
34.096 -0.0593343
34.097 -0.0586203
34.098 -0.0580496
34.099 -0.0576237
34.1 -0.0573441
34.101 -0.0572117
34.102 -0.0572271
34.103 -0.05739
34.104 -0.0577003
34.105 -0.0581579
34.106 -0.0587624
34.107 -0.0595135
34.108 -0.0604109
34.109 -0.061454
34.11 -0.0626425
34.111 -0.0639759
34.112 -0.0654548
34.113 -0.0670798
34.114 -0.0688515
34.115 -0.0707704
34.116 -0.072837
34.117 -0.0750517
34.118 -0.0774149
34.119 -0.0799269
34.12 -0.0825879
34.121 -0.085398
34.122 -0.0883574
34.123 -0.0914661
34.124 -0.0947241
34.125 -0.0981313
34.126 -0.101688
34.127 -0.105393
34.128 -0.109246
34.129 -0.113248
34.13 -0.117398
34.131 -0.121695
34.132 -0.126138
34.133 -0.130724
34.134 -0.135452
34.135 -0.140319
34.136 -0.145324
34.137 -0.150465
34.138 -0.155738
34.139 -0.161143
34.14 -0.166676
34.141 -0.172335
34.142 -0.17812
34.143 -0.184029
34.144 -0.190061
34.145 -0.196214
34.146 -0.202488
34.147 -0.208882
34.148 -0.215392
34.149 -0.22202
34.15 -0.228762
34.151 -0.235617
34.152 -0.242583
34.153 -0.249657
34.154 -0.256835
34.155 -0.264115
34.156 -0.271494
34.157 -0.278968
34.158 -0.286534
34.159 -0.29419
34.16 -0.301932
34.161 -0.309756
34.162 -0.31766
34.163 -0.32564
34.164 -0.333694
34.165 -0.341817
34.166 -0.350006
34.167 -0.358258
34.168 -0.366569
34.169 -0.374937
34.17 -0.383357
34.171 -0.391827
34.172 -0.400342
34.173 -0.408899
34.174 -0.417495
34.175 -0.426126
34.176 -0.434789
34.177 -0.44348
34.178 -0.452196
34.179 -0.460932
34.18 -0.469687
34.181 -0.478455
34.182 -0.487234
34.183 -0.496019
34.184 -0.504808
34.185 -0.513597
34.186 -0.522383
34.187 -0.531161
34.188 -0.539928
34.189 -0.548681
34.19 -0.557417
34.191 -0.566131
34.192 -0.574821
34.193 -0.583483
34.194 -0.592114
34.195 -0.60071
34.196 -0.609267
34.197 -0.617783
34.198 -0.626255
34.199 -0.634678
34.2 -0.643049
34.201 -0.651366
34.202 -0.659625
34.203 -0.667824
34.204 -0.675958
34.205 -0.684024
34.206 -0.69202
34.207 -0.699943
34.208 -0.707789
34.209 -0.715556
34.21 -0.723241
34.211 -0.73084
34.212 -0.738352
34.213 -0.745772
34.214 -0.753099
34.215 -0.760329
34.216 -0.767461
34.217 -0.774491
34.218 -0.781416
34.219 -0.788235
34.22 -0.794945
34.221 -0.801543
34.222 -0.808027
34.223 -0.814395
34.224 -0.820645
34.225 -0.826774
34.226 -0.83278
34.227 -0.838661
34.228 -0.844415
34.229 -0.85004
34.23 -0.855534
34.231 -0.860895
34.232 -0.866122
34.233 -0.871213
34.234 -0.876166
34.235 -0.880979
34.236 -0.885651
34.237 -0.890181
34.238 -0.894567
34.239 -0.898807
34.24 -0.9029
34.241 -0.906846
34.242 -0.910643
34.243 -0.914289
34.244 -0.917784
34.245 -0.921127
34.246 -0.924317
34.247 -0.927353
34.248 -0.930235
34.249 -0.93296
34.25 -0.93553
34.251 -0.937943
34.252 -0.940199
34.253 -0.942297
34.254 -0.944238
34.255 -0.94602
34.256 -0.947643
34.257 -0.949108
34.258 -0.950413
34.259 -0.95156
34.26 -0.952548
34.261 -0.953377
34.262 -0.954047
34.263 -0.954559
34.264 -0.954913
34.265 -0.955108
34.266 -0.955147
34.267 -0.955028
34.268 -0.954752
34.269 -0.954321
34.27 -0.953735
34.271 -0.952993
34.272 -0.952096
34.273 -0.951044
34.274 -0.949836
34.275 -0.948471
34.276 -0.946949
34.277 -0.94527
34.278 -0.943434
34.279 -0.941441
34.28 -0.93929
34.281 -0.936981
34.282 -0.934513
34.283 -0.931885
34.284 -0.929096
34.285 -0.926145
34.286 -0.92303
34.287 -0.91975
34.288 -0.916306
34.289 -0.912695
34.29 -0.908917
34.291 -0.904971
34.292 -0.900857
34.293 -0.896574
34.294 -0.892122
34.295 -0.887499
34.296 -0.882707
34.297 -0.877743
34.298 -0.872609
34.299 -0.867303
34.3 -0.861827
34.301 -0.856179
34.302 -0.850361
34.303 -0.844375
34.304 -0.838222
34.305 -0.831903
34.306 -0.82542
34.307 -0.818776
34.308 -0.81197
34.309 -0.805006
34.31 -0.797886
34.311 -0.79061
34.312 -0.78318
34.313 -0.775596
34.314 -0.767859
34.315 -0.759971
34.316 -0.751931
34.317 -0.743741
34.318 -0.735402
34.319 -0.726915
34.32 -0.71828
34.321 -0.7095
34.322 -0.700576
34.323 -0.691511
34.324 -0.682309
34.325 -0.67297
34.326 -0.663499
34.327 -0.653899
34.328 -0.644171
34.329 -0.634319
34.33 -0.624345
34.331 -0.614254
34.332 -0.604049
34.333 -0.593735
34.334 -0.583316
34.335 -0.572796
34.336 -0.56218
34.337 -0.551474
34.338 -0.54068
34.339 -0.529805
34.34 -0.518852
34.341 -0.507826
34.342 -0.496731
34.343 -0.48557
34.344 -0.474346
34.345 -0.463063
34.346 -0.451725
34.347 -0.440334
34.348 -0.428895
34.349 -0.417411
34.35 -0.405885
34.351 -0.39432
34.352 -0.38272
34.353 -0.371085
34.354 -0.35942
34.355 -0.347724
34.356 -0.336002
34.357 -0.324255
34.358 -0.312485
34.359 -0.300695
34.36 -0.288887
34.361 -0.277063
34.362 -0.265227
34.363 -0.253382
34.364 -0.241532
34.365 -0.229681
34.366 -0.217832
34.367 -0.205989
34.368 -0.194155
34.369 -0.182334
34.37 -0.170529
34.371 -0.158745
34.372 -0.146983
34.373 -0.135245
34.374 -0.123535
34.375 -0.111853
34.376 -0.100202
34.377 -0.0885846
34.378 -0.0770024
34.379 -0.0654578
34.38 -0.0539527
34.381 -0.0424896
34.382 -0.0310716
34.383 -0.019702
34.384 -0.00838421
34.385 0.00287838
34.386 0.0140825
34.387 0.0252248
34.388 0.0363021
34.389 0.0473111
34.39 0.0582486
34.391 0.0691115
34.392 0.0798966
34.393 0.0906008
34.394 0.101221
34.395 0.111754
34.396 0.122198
34.397 0.132548
34.398 0.142803
34.399 0.152958
34.4 0.163013
34.401 0.172962
34.402 0.182804
34.403 0.192532
34.404 0.202145
34.405 0.211637
34.406 0.221005
34.407 0.230244
34.408 0.239352
34.409 0.248324
34.41 0.257157
34.411 0.265848
34.412 0.274392
34.413 0.282786
34.414 0.291026
34.415 0.299111
34.416 0.307035
34.417 0.314796
34.418 0.322391
34.419 0.329817
34.42 0.337071
34.421 0.34415
34.422 0.35105
34.423 0.35777
34.424 0.364307
34.425 0.370657
34.426 0.376819
34.427 0.382791
34.428 0.388568
34.429 0.394151
34.43 0.399535
34.431 0.404719
34.432 0.4097
34.433 0.414475
34.434 0.419039
34.435 0.423391
34.436 0.427527
34.437 0.431444
34.438 0.43514
34.439 0.438611
34.44 0.441855
34.441 0.444869
34.442 0.447652
34.443 0.4502
34.444 0.452512
34.445 0.454585
34.446 0.456417
34.447 0.458007
34.448 0.459351
34.449 0.46045
34.45 0.461301
34.451 0.461902
34.452 0.462254
34.453 0.462357
34.454 0.46221
34.455 0.461814
34.456 0.461169
34.457 0.460276
34.458 0.459135
34.459 0.457746
34.46 0.456112
34.461 0.454232
34.462 0.452105
34.463 0.449733
34.464 0.447114
34.465 0.444249
34.466 0.441137
34.467 0.437779
34.468 0.434175
34.469 0.430325
34.47 0.42623
34.471 0.421891
34.472 0.41731
34.473 0.412491
34.474 0.407438
34.475 0.402154
34.476 0.396643
34.477 0.390909
34.478 0.384955
34.479 0.378785
34.48 0.372405
34.481 0.365817
34.482 0.359025
34.483 0.352031
34.484 0.344839
34.485 0.337453
34.486 0.329874
34.487 0.322107
34.488 0.314154
34.489 0.30602
34.49 0.297708
34.491 0.289222
34.492 0.280564
34.493 0.271739
34.494 0.262751
34.495 0.253603
34.496 0.2443
34.497 0.234845
34.498 0.225243
34.499 0.215497
34.5 0.205612
34.501 0.195592
34.502 0.185443
34.503 0.17517
34.504 0.16478
34.505 0.154277
34.506 0.143667
34.507 0.132958
34.508 0.122153
34.509 0.11126
34.51 0.100284
34.511 0.0892314
34.512 0.0781065
34.513 0.0669142
34.514 0.0556593
34.515 0.0443466
34.516 0.0329807
34.517 0.0215665
34.518 0.0101087
34.519 -0.0013877
34.52 -0.012918
34.521 -0.0244774
34.522 -0.0360609
34.523 -0.0476638
34.524 -0.0592811
34.525 -0.070908
34.526 -0.0825397
34.527 -0.0941712
34.528 -0.105798
34.529 -0.117414
34.53 -0.129016
34.531 -0.140599
34.532 -0.152155
34.533 -0.16368
34.534 -0.175166
34.535 -0.186609
34.536 -0.198001
34.537 -0.209337
34.538 -0.22061
34.539 -0.231815
34.54 -0.242946
34.541 -0.253997
34.542 -0.264961
34.543 -0.275833
34.544 -0.286607
34.545 -0.297278
34.546 -0.307839
34.547 -0.318285
34.548 -0.328611
34.549 -0.33881
34.55 -0.348877
34.551 -0.358807
34.552 -0.368594
34.553 -0.378234
34.554 -0.38772
34.555 -0.397048
34.556 -0.406212
34.557 -0.415207
34.558 -0.424029
34.559 -0.432673
34.56 -0.441133
34.561 -0.449405
34.562 -0.457483
34.563 -0.46536
34.564 -0.473033
34.565 -0.480493
34.566 -0.487737
34.567 -0.494757
34.568 -0.50155
34.569 -0.508109
34.57 -0.51443
34.571 -0.520506
34.572 -0.526336
34.573 -0.531914
34.574 -0.537237
34.575 -0.542303
34.576 -0.547107
34.577 -0.551647
34.578 -0.55592
34.579 -0.559922
34.58 -0.563651
34.581 -0.567105
34.582 -0.570282
34.583 -0.573181
34.584 -0.575801
34.585 -0.578141
34.586 -0.5802
34.587 -0.581978
34.588 -0.583475
34.589 -0.584689
34.59 -0.585621
34.591 -0.58627
34.592 -0.586636
34.593 -0.586716
34.594 -0.58651
34.595 -0.586017
34.596 -0.585235
34.597 -0.584165
34.598 -0.582805
34.599 -0.581155
34.6 -0.579214
34.601 -0.576983
34.602 -0.574462
34.603 -0.571652
34.604 -0.568556
34.605 -0.565174
34.606 -0.561509
34.607 -0.557561
34.608 -0.553334
34.609 -0.548828
34.61 -0.544046
34.611 -0.538991
34.612 -0.533662
34.613 -0.528062
34.614 -0.522191
34.615 -0.516052
34.616 -0.509644
34.617 -0.50297
34.618 -0.496032
34.619 -0.488832
34.62 -0.48137
34.621 -0.473649
34.622 -0.465672
34.623 -0.45744
34.624 -0.448955
34.625 -0.440221
34.626 -0.431239
34.627 -0.422012
34.628 -0.412543
34.629 -0.402835
34.63 -0.39289
34.631 -0.382712
34.632 -0.372303
34.633 -0.361667
34.634 -0.350807
34.635 -0.339726
34.636 -0.328428
34.637 -0.316916
34.638 -0.305194
34.639 -0.293265
34.64 -0.281134
34.641 -0.268805
34.642 -0.256282
34.643 -0.243571
34.644 -0.230677
34.645 -0.217606
34.646 -0.204364
34.647 -0.190956
34.648 -0.177387
34.649 -0.163664
34.65 -0.149793
34.651 -0.135779
34.652 -0.121628
34.653 -0.107346
34.654 -0.0929399
34.655 -0.0784152
34.656 -0.0637781
34.657 -0.0490348
34.658 -0.0341916
34.659 -0.0192547
34.66 -0.00423037
34.661 0.010875
34.662 0.026055
34.663 0.0413033
34.664 0.0566134
34.665 0.071979
34.666 0.0873935
34.667 0.102851
34.668 0.118343
34.669 0.133866
34.67 0.149411
34.671 0.164973
34.672 0.180543
34.673 0.196114
34.674 0.211678
34.675 0.227227
34.676 0.242753
34.677 0.258248
34.678 0.273706
34.679 0.289116
34.68 0.304473
34.681 0.319769
34.682 0.334996
34.683 0.35015
34.684 0.365222
34.685 0.380208
34.686 0.395101
34.687 0.409895
34.688 0.424583
34.689 0.43916
34.69 0.45362
34.691 0.467957
34.692 0.482164
34.693 0.496237
34.694 0.510169
34.695 0.523955
34.696 0.537589
34.697 0.551065
34.698 0.564378
34.699 0.577523
34.7 0.590494
34.701 0.603287
34.702 0.615897
34.703 0.628321
34.704 0.640554
34.705 0.652594
34.706 0.664436
34.707 0.676078
34.708 0.687516
34.709 0.698748
34.71 0.709769
34.711 0.720577
34.712 0.731167
34.713 0.741536
34.714 0.751679
34.715 0.761593
34.716 0.771273
34.717 0.780716
34.718 0.789918
34.719 0.798876
34.72 0.807586
34.721 0.816044
34.722 0.824248
34.723 0.832195
34.724 0.839881
34.725 0.847304
34.726 0.854461
34.727 0.861349
34.728 0.867965
34.729 0.874308
34.73 0.880375
34.731 0.886163
34.732 0.891671
34.733 0.896897
34.734 0.901839
34.735 0.906495
34.736 0.910864
34.737 0.914944
34.738 0.918734
34.739 0.922233
34.74 0.925439
34.741 0.928352
34.742 0.930971
34.743 0.933296
34.744 0.935324
34.745 0.937057
34.746 0.938494
34.747 0.939634
34.748 0.940478
34.749 0.941026
34.75 0.941277
34.751 0.941232
34.752 0.940892
34.753 0.940256
34.754 0.939326
34.755 0.938103
34.756 0.936586
34.757 0.934778
34.758 0.93268
34.759 0.930292
34.76 0.927616
34.761 0.924653
34.762 0.921404
34.763 0.91787
34.764 0.914049
34.765 0.909945
34.766 0.905556
34.767 0.900884
34.768 0.895929
34.769 0.890694
34.77 0.885179
34.771 0.879384
34.772 0.873313
34.773 0.866966
34.774 0.860344
34.775 0.853451
34.776 0.846286
34.777 0.838853
34.778 0.831154
34.779 0.82319
34.78 0.814964
34.781 0.806477
34.782 0.797733
34.783 0.78873
34.784 0.779472
34.785 0.769959
34.786 0.760193
34.787 0.750176
34.788 0.739909
34.789 0.729394
34.79 0.718633
34.791 0.707628
34.792 0.696381
34.793 0.684895
34.794 0.673171
34.795 0.661213
34.796 0.649022
34.797 0.636602
34.798 0.623954
34.799 0.611083
34.8 0.597989
34.801 0.584678
34.802 0.571153
34.803 0.557418
34.804 0.543478
34.805 0.529338
34.806 0.515002
34.807 0.500475
34.808 0.485763
34.809 0.470869
34.81 0.455799
34.811 0.440558
34.812 0.425152
34.813 0.409585
34.814 0.393862
34.815 0.37799
34.816 0.361973
34.817 0.345816
34.818 0.329526
34.819 0.313108
34.82 0.296567
34.821 0.279911
34.822 0.263145
34.823 0.24628
34.824 0.229323
34.825 0.212283
34.826 0.195168
34.827 0.177987
34.828 0.160749
34.829 0.143462
34.83 0.126135
34.831 0.108776
34.832 0.0913935
34.833 0.0739971
34.834 0.056595
34.835 0.0391956
34.836 0.0218078
34.837 0.00443998
34.838 -0.0128992
34.839 -0.0302011
34.84 -0.0474573
34.841 -0.0646592
34.842 -0.0817984
34.843 -0.0988663
34.844 -0.115855
34.845 -0.132755
34.846 -0.149559
34.847 -0.166258
34.848 -0.182844
34.849 -0.199309
34.85 -0.215645
34.851 -0.231845
34.852 -0.247902
34.853 -0.263811
34.854 -0.279567
34.855 -0.295165
34.856 -0.3106
34.857 -0.325867
34.858 -0.340961
34.859 -0.355877
34.86 -0.370611
34.861 -0.385158
34.862 -0.399514
34.863 -0.413673
34.864 -0.427632
34.865 -0.441386
34.866 -0.454932
34.867 -0.468264
34.868 -0.48138
34.869 -0.494275
34.87 -0.506945
34.871 -0.519387
34.872 -0.531602
34.873 -0.54359
34.874 -0.55535
34.875 -0.566885
34.876 -0.578195
34.877 -0.589281
34.878 -0.600143
34.879 -0.610784
34.88 -0.621204
34.881 -0.631404
34.882 -0.641384
34.883 -0.651146
34.884 -0.660689
34.885 -0.670013
34.886 -0.67912
34.887 -0.688009
34.888 -0.696681
34.889 -0.705137
34.89 -0.713377
34.891 -0.721403
34.892 -0.729213
34.893 -0.736805
34.894 -0.744178
34.895 -0.75133
34.896 -0.758261
34.897 -0.764968
34.898 -0.771452
34.899 -0.77771
34.9 -0.783742
34.901 -0.789547
34.902 -0.795119
34.903 -0.800456
34.904 -0.805551
34.905 -0.810401
34.906 -0.815002
34.907 -0.819348
34.908 -0.823436
34.909 -0.827262
34.91 -0.830822
34.911 -0.834111
34.912 -0.837124
34.913 -0.839855
34.914 -0.842297
34.915 -0.844444
34.916 -0.84629
34.917 -0.84783
34.918 -0.849057
34.919 -0.849967
34.92 -0.850555
34.921 -0.850814
34.922 -0.850743
34.923 -0.850339
34.924 -0.8496
34.925 -0.848524
34.926 -0.84711
34.927 -0.845354
34.928 -0.843257
34.929 -0.840816
34.93 -0.838031
34.931 -0.8349
34.932 -0.831427
34.933 -0.827614
34.934 -0.823465
34.935 -0.818983
34.936 -0.814173
34.937 -0.809037
34.938 -0.803579
34.939 -0.797804
34.94 -0.791716
34.941 -0.785319
34.942 -0.778618
34.943 -0.771621
34.944 -0.764331
34.945 -0.756757
34.946 -0.748903
34.947 -0.740777
34.948 -0.732384
34.949 -0.723731
34.95 -0.714825
34.951 -0.705673
34.952 -0.696283
34.953 -0.686662
34.954 -0.676819
34.955 -0.666764
34.956 -0.656503
34.957 -0.646046
34.958 -0.635402
34.959 -0.624578
34.96 -0.613585
34.961 -0.60243
34.962 -0.591122
34.963 -0.579667
34.964 -0.568074
34.965 -0.556351
34.966 -0.544504
34.967 -0.532543
34.968 -0.520474
34.969 -0.508306
34.97 -0.496046
34.971 -0.483703
34.972 -0.471282
34.973 -0.458792
34.974 -0.446237
34.975 -0.433626
34.976 -0.420965
34.977 -0.40826
34.978 -0.395519
34.979 -0.382747
34.98 -0.369953
34.981 -0.35714
34.982 -0.344312
34.983 -0.33147
34.984 -0.318616
34.985 -0.305751
34.986 -0.292875
34.987 -0.279992
34.988 -0.267101
34.989 -0.254204
34.99 -0.241303
34.991 -0.228398
34.992 -0.21549
34.993 -0.202579
34.994 -0.189665
34.995 -0.176748
34.996 -0.163828
34.997 -0.150904
34.998 -0.137978
34.999 -0.125048
35 -0.112115
35.001 -0.099179
35.002 -0.0862414
35.003 -0.0733032
35.004 -0.060366
35.005 -0.0474309
35.006 -0.0344995
35.007 -0.0215729
35.008 -0.00865265
35.009 0.00426004
35.01 0.0171638
35.011 0.0300563
35.012 0.0429332
35.013 0.0557891
35.014 0.0686186
35.015 0.0814165
35.016 0.0941773
35.017 0.106896
35.018 0.119567
35.019 0.132185
35.02 0.144744
35.021 0.15724
35.022 0.169663
35.023 0.182004
35.024 0.194254
35.025 0.206404
35.026 0.218445
35.027 0.230368
35.028 0.242164
35.029 0.253824
35.03 0.265339
35.031 0.2767
35.032 0.287899
35.033 0.298928
35.034 0.309776
35.035 0.320437
35.036 0.330901
35.037 0.341161
35.038 0.351208
35.039 0.361033
35.04 0.37063
35.041 0.379991
35.042 0.38911
35.043 0.397982
35.044 0.406602
35.045 0.414965
35.046 0.423067
35.047 0.430903
35.048 0.438469
35.049 0.445761
35.05 0.452773
35.051 0.459504
35.052 0.465952
35.053 0.472118
35.054 0.478001
35.055 0.483603
35.056 0.488924
35.057 0.493964
35.058 0.498724
35.059 0.503206
35.06 0.50741
35.061 0.511338
35.062 0.514992
35.063 0.518375
35.064 0.52149
35.065 0.52434
35.066 0.526927
35.067 0.529255
35.068 0.531328
35.069 0.533148
35.07 0.53472
35.071 0.536046
35.072 0.537131
35.073 0.537978
35.074 0.538592
35.075 0.538975
35.076 0.539133
35.077 0.53907
35.078 0.538789
35.079 0.538295
35.08 0.537593
35.081 0.536686
35.082 0.535575
35.083 0.534262
35.084 0.532747
35.085 0.53103
35.086 0.529114
35.087 0.526998
35.088 0.524683
35.089 0.522172
35.09 0.519464
35.091 0.516562
35.092 0.513463
35.093 0.510167
35.094 0.506673
35.095 0.502979
35.096 0.499084
35.097 0.494989
35.098 0.490691
35.099 0.48619
35.1 0.481485
35.101 0.476577
35.102 0.471463
35.103 0.466145
35.104 0.460621
35.105 0.454891
35.106 0.448956
35.107 0.442814
35.108 0.436467
35.109 0.429914
35.11 0.423155
35.111 0.416191
35.112 0.409022
35.113 0.401649
35.114 0.394071
35.115 0.386291
35.116 0.378307
35.117 0.370122
35.118 0.361735
35.119 0.353149
35.12 0.344363
35.121 0.33538
35.122 0.326203
35.123 0.316835
35.124 0.307282
35.125 0.297547
35.126 0.287634
35.127 0.277547
35.128 0.267291
35.129 0.256871
35.13 0.24629
35.131 0.235554
35.132 0.224668
35.133 0.213638
35.134 0.202471
35.135 0.191172
35.136 0.179747
35.137 0.168203
35.138 0.156547
35.139 0.144783
35.14 0.132919
35.141 0.120962
35.142 0.108916
35.143 0.09679
35.144 0.084589
35.145 0.0723198
35.146 0.0599891
35.147 0.0476033
35.148 0.035169
35.149 0.0226928
35.15 0.0101814
35.151 -0.00235875
35.152 -0.0149209
35.153 -0.0274986
35.154 -0.040085
35.155 -0.0526737
35.156 -0.0652581
35.157 -0.0778314
35.158 -0.0903871
35.159 -0.102919
35.16 -0.11542
35.161 -0.127884
35.162 -0.140307
35.163 -0.152685
35.164 -0.165014
35.165 -0.177291
35.166 -0.189511
35.167 -0.201672
35.168 -0.213769
35.169 -0.225799
35.17 -0.237757
35.171 -0.249642
35.172 -0.261448
35.173 -0.273173
35.174 -0.284812
35.175 -0.296364
35.176 -0.307823
35.177 -0.319187
35.178 -0.330452
35.179 -0.341616
35.18 -0.352675
35.181 -0.363625
35.182 -0.374462
35.183 -0.385183
35.184 -0.395782
35.185 -0.406254
35.186 -0.416597
35.187 -0.426806
35.188 -0.436876
35.189 -0.446804
35.19 -0.456585
35.191 -0.466215
35.192 -0.475692
35.193 -0.48501
35.194 -0.494166
35.195 -0.503157
35.196 -0.511978
35.197 -0.520627
35.198 -0.529099
35.199 -0.537392
35.2 -0.545502
35.201 -0.553426
35.202 -0.561157
35.203 -0.568691
35.204 -0.576022
35.205 -0.583144
35.206 -0.590051
35.207 -0.596739
35.208 -0.603202
35.209 -0.609435
35.21 -0.615432
35.211 -0.62119
35.212 -0.626703
35.213 -0.63197
35.214 -0.636986
35.215 -0.641748
35.216 -0.646254
35.217 -0.6505
35.218 -0.654483
35.219 -0.658201
35.22 -0.66165
35.221 -0.66483
35.222 -0.667736
35.223 -0.670367
35.224 -0.67272
35.225 -0.674794
35.226 -0.676586
35.227 -0.678095
35.228 -0.679319
35.229 -0.680257
35.23 -0.680906
35.231 -0.681267
35.232 -0.681339
35.233 -0.681126
35.234 -0.680627
35.235 -0.679846
35.236 -0.678784
35.237 -0.677444
35.238 -0.675826
35.239 -0.673935
35.24 -0.671771
35.241 -0.669338
35.242 -0.666639
35.243 -0.663675
35.244 -0.66045
35.245 -0.656968
35.246 -0.65323
35.247 -0.64924
35.248 -0.645001
35.249 -0.640517
35.25 -0.635791
35.251 -0.630827
35.252 -0.625627
35.253 -0.620193
35.254 -0.614527
35.255 -0.608634
35.256 -0.602514
35.257 -0.596172
35.258 -0.589609
35.259 -0.582829
35.26 -0.575835
35.261 -0.56863
35.262 -0.561215
35.263 -0.553593
35.264 -0.545765
35.265 -0.537735
35.266 -0.529503
35.267 -0.521073
35.268 -0.512446
35.269 -0.503625
35.27 -0.494613
35.271 -0.485412
35.272 -0.476025
35.273 -0.466454
35.274 -0.456702
35.275 -0.446773
35.276 -0.436669
35.277 -0.426392
35.278 -0.415947
35.279 -0.405337
35.28 -0.394564
35.281 -0.383631
35.282 -0.372543
35.283 -0.361303
35.284 -0.349913
35.285 -0.338379
35.286 -0.326702
35.287 -0.314887
35.288 -0.302937
35.289 -0.290857
35.29 -0.27865
35.291 -0.266319
35.292 -0.253871
35.293 -0.241311
35.294 -0.228643
35.295 -0.215873
35.296 -0.203006
35.297 -0.190049
35.298 -0.177006
35.299 -0.163882
35.3 -0.150685
35.301 -0.137418
35.302 -0.124088
35.303 -0.1107
35.304 -0.0972604
35.305 -0.0837741
35.306 -0.070247
35.307 -0.0566848
35.308 -0.0430932
35.309 -0.0294779
35.31 -0.0158446
35.311 -0.00219905
35.312 0.0114531
35.313 0.0251061
35.314 0.0387543
35.315 0.0523919
35.316 0.0660132
35.317 0.0796126
35.318 0.0931844
35.319 0.106723
35.32 0.120222
35.321 0.133678
35.322 0.147083
35.323 0.160432
35.324 0.17372
35.325 0.186941
35.326 0.200091
35.327 0.213162
35.328 0.226151
35.329 0.239051
35.33 0.251857
35.331 0.264564
35.332 0.277169
35.333 0.289667
35.334 0.302054
35.335 0.314327
35.336 0.326482
35.337 0.338516
35.338 0.350424
35.339 0.362204
35.34 0.373851
35.341 0.385363
35.342 0.396736
35.343 0.407966
35.344 0.419052
35.345 0.429988
35.346 0.440773
35.347 0.451403
35.348 0.461876
35.349 0.472188
35.35 0.482337
35.351 0.49232
35.352 0.502135
35.353 0.511782
35.354 0.521259
35.355 0.530565
35.356 0.5397
35.357 0.548661
35.358 0.557449
35.359 0.566062
35.36 0.5745
35.361 0.582761
35.362 0.590845
35.363 0.59875
35.364 0.606472
35.365 0.614012
35.366 0.621367
35.367 0.628536
35.368 0.635517
35.369 0.64231
35.37 0.648912
35.371 0.655322
35.372 0.661538
35.373 0.667558
35.374 0.67338
35.375 0.679
35.376 0.684418
35.377 0.68963
35.378 0.694636
35.379 0.699433
35.38 0.70402
35.381 0.708394
35.382 0.712552
35.383 0.716493
35.384 0.720213
35.385 0.72371
35.386 0.726981
35.387 0.730023
35.388 0.732835
35.389 0.735413
35.39 0.737757
35.391 0.739864
35.392 0.741734
35.393 0.743369
35.394 0.744769
35.395 0.745935
35.396 0.746869
35.397 0.747571
35.398 0.748044
35.399 0.748287
35.4 0.748304
35.401 0.748095
35.402 0.747661
35.403 0.747003
35.404 0.74612
35.405 0.745013
35.406 0.743684
35.407 0.742133
35.408 0.740361
35.409 0.738369
35.41 0.736158
35.411 0.73373
35.412 0.731084
35.413 0.728224
35.414 0.72515
35.415 0.721863
35.416 0.718366
35.417 0.714661
35.418 0.710748
35.419 0.70663
35.42 0.702308
35.421 0.697786
35.422 0.693064
35.423 0.688145
35.424 0.683032
35.425 0.677727
35.426 0.672231
35.427 0.666549
35.428 0.660681
35.429 0.654632
35.43 0.648402
35.431 0.641997
35.432 0.635418
35.433 0.628667
35.434 0.621749
35.435 0.614667
35.436 0.607423
35.437 0.60002
35.438 0.592462
35.439 0.584753
35.44 0.576895
35.441 0.568891
35.442 0.560745
35.443 0.552458
35.444 0.544033
35.445 0.535471
35.446 0.526776
35.447 0.517949
35.448 0.508994
35.449 0.499912
35.45 0.490706
35.451 0.48138
35.452 0.471936
35.453 0.462379
35.454 0.452714
35.455 0.442943
35.456 0.433071
35.457 0.423103
35.458 0.413043
35.459 0.402895
35.46 0.392663
35.461 0.382352
35.462 0.371966
35.463 0.361509
35.464 0.350987
35.465 0.340402
35.466 0.329761
35.467 0.319067
35.468 0.308325
35.469 0.297539
35.47 0.286714
35.471 0.275855
35.472 0.264968
35.473 0.254058
35.474 0.243131
35.475 0.232193
35.476 0.221251
35.477 0.210309
35.478 0.199375
35.479 0.188454
35.48 0.177551
35.481 0.166673
35.482 0.155824
35.483 0.14501
35.484 0.134233
35.485 0.123499
35.486 0.112813
35.487 0.102178
35.488 0.0915995
35.489 0.0810814
35.49 0.0706281
35.491 0.0602437
35.492 0.0499315
35.493 0.0396942
35.494 0.029535
35.495 0.0194564
35.496 0.00946149
35.497 -0.000447123
35.498 -0.0102667
35.499 -0.0199945
35.5 -0.0296278
35.501 -0.0391639
35.502 -0.048599
35.503 -0.0579292
35.504 -0.0671509
35.505 -0.0762601
35.506 -0.0852531
35.507 -0.0941262
35.508 -0.102876
35.509 -0.111499
35.51 -0.119991
35.511 -0.128348
35.512 -0.136567
35.513 -0.144643
35.514 -0.15257
35.515 -0.160345
35.516 -0.167962
35.517 -0.175418
35.518 -0.182708
35.519 -0.189828
35.52 -0.196773
35.521 -0.20354
35.522 -0.210124
35.523 -0.216521
35.524 -0.222728
35.525 -0.22874
35.526 -0.234554
35.527 -0.240167
35.528 -0.245574
35.529 -0.250772
35.53 -0.255759
35.531 -0.26053
35.532 -0.265084
35.533 -0.269418
35.534 -0.273532
35.535 -0.277424
35.536 -0.281092
35.537 -0.284535
35.538 -0.287751
35.539 -0.29074
35.54 -0.2935
35.541 -0.29603
35.542 -0.298329
35.543 -0.300398
35.544 -0.302234
35.545 -0.303837
35.546 -0.305207
35.547 -0.306344
35.548 -0.307246
35.549 -0.307914
35.55 -0.308348
35.551 -0.308548
35.552 -0.308513
35.553 -0.308244
35.554 -0.307742
35.555 -0.307006
35.556 -0.306037
35.557 -0.304835
35.558 -0.303402
35.559 -0.301738
35.56 -0.299843
35.561 -0.29772
35.562 -0.295368
35.563 -0.292789
35.564 -0.289984
35.565 -0.286955
35.566 -0.283703
35.567 -0.280229
35.568 -0.276536
35.569 -0.272624
35.57 -0.268495
35.571 -0.264153
35.572 -0.259597
35.573 -0.254831
35.574 -0.249856
35.575 -0.244675
35.576 -0.239291
35.577 -0.233704
35.578 -0.227919
35.579 -0.221937
35.58 -0.215761
35.581 -0.209394
35.582 -0.202837
35.583 -0.196092
35.584 -0.18916
35.585 -0.182043
35.586 -0.174743
35.587 -0.167262
35.588 -0.159601
35.589 -0.151762
35.59 -0.143748
35.591 -0.135561
35.592 -0.127204
35.593 -0.118681
35.594 -0.109996
35.595 -0.101151
35.596 -0.0921516
35.597 -0.0830009
35.598 -0.073703
35.599 -0.0642618
35.6 -0.0546814
35.601 -0.0449659
35.602 -0.0351194
35.603 -0.0251461
35.604 -0.0150503
35.605 -0.00483626
35.606 0.00549162
35.607 0.015929
35.608 0.0264713
35.609 0.0371143
35.61 0.0478532
35.611 0.0586833
35.612 0.069599
35.613 0.0805942
35.614 0.091663
35.615 0.102799
35.616 0.113997
35.617 0.12525
35.618 0.136553
35.619 0.147899
35.62 0.159282
35.621 0.170695
35.622 0.182134
35.623 0.193591
35.624 0.205061
35.625 0.216537
35.626 0.228013
35.627 0.239483
35.628 0.250942
35.629 0.262381
35.63 0.273797
35.631 0.285182
35.632 0.296531
35.633 0.307836
35.634 0.319093
35.635 0.330296
35.636 0.341438
35.637 0.352513
35.638 0.363515
35.639 0.374439
35.64 0.385279
35.641 0.396029
35.642 0.406684
35.643 0.41724
35.644 0.427693
35.645 0.438039
35.646 0.448273
35.647 0.45839
35.648 0.468388
35.649 0.478261
35.65 0.488006
35.651 0.497619
35.652 0.507094
35.653 0.516427
35.654 0.525612
35.655 0.534644
35.656 0.543518
35.657 0.552229
35.658 0.560773
35.659 0.569145
35.66 0.577339
35.661 0.585352
35.662 0.593179
35.663 0.600815
35.664 0.608256
35.665 0.615497
35.666 0.622536
35.667 0.629366
35.668 0.635985
35.669 0.642389
35.67 0.648573
35.671 0.654534
35.672 0.66027
35.673 0.665778
35.674 0.671057
35.675 0.676104
35.676 0.680918
35.677 0.685496
35.678 0.689837
35.679 0.69394
35.68 0.697803
35.681 0.701424
35.682 0.704801
35.683 0.707931
35.684 0.710813
35.685 0.713443
35.686 0.715819
35.687 0.71794
35.688 0.719803
35.689 0.721407
35.69 0.72275
35.691 0.72383
35.692 0.724645
35.693 0.725194
35.694 0.725476
35.695 0.72549
35.696 0.725234
35.697 0.724708
35.698 0.72391
35.699 0.72284
35.7 0.721498
35.701 0.719882
35.702 0.717992
35.703 0.715828
35.704 0.71339
35.705 0.710678
35.706 0.707691
35.707 0.70443
35.708 0.700896
35.709 0.697088
35.71 0.693007
35.711 0.688654
35.712 0.68403
35.713 0.679139
35.714 0.673981
35.715 0.668561
35.716 0.662879
35.717 0.656939
35.718 0.650743
35.719 0.644295
35.72 0.637596
35.721 0.630651
35.722 0.623462
35.723 0.616033
35.724 0.608366
35.725 0.600465
35.726 0.592335
35.727 0.583977
35.728 0.575397
35.729 0.566597
35.73 0.557582
35.731 0.548355
35.732 0.538921
35.733 0.529284
35.734 0.519448
35.735 0.509416
35.736 0.499195
35.737 0.488787
35.738 0.478198
35.739 0.467432
35.74 0.456493
35.741 0.445387
35.742 0.434116
35.743 0.422685
35.744 0.411096
35.745 0.399354
35.746 0.387462
35.747 0.375424
35.748 0.363244
35.749 0.350925
35.75 0.338471
35.751 0.325886
35.752 0.313175
35.753 0.300342
35.754 0.287389
35.755 0.274323
35.756 0.261146
35.757 0.247863
35.758 0.234478
35.759 0.220996
35.76 0.207421
35.761 0.193757
35.762 0.180007
35.763 0.166175
35.764 0.152263
35.765 0.138275
35.766 0.124214
35.767 0.110084
35.768 0.0958861
35.769 0.0816254
35.77 0.0673047
35.771 0.0529273
35.772 0.0384964
35.773 0.0240156
35.774 0.00948805
35.775 -0.00508272
35.776 -0.0196934
35.777 -0.0343405
35.778 -0.0490206
35.779 -0.0637303
35.78 -0.0784661
35.781 -0.0932236
35.782 -0.107996
35.783 -0.122777
35.784 -0.137557
35.785 -0.15233
35.786 -0.167088
35.787 -0.181823
35.788 -0.196529
35.789 -0.211197
35.79 -0.225821
35.791 -0.240392
35.792 -0.254902
35.793 -0.269342
35.794 -0.283704
35.795 -0.297979
35.796 -0.312159
35.797 -0.326234
35.798 -0.340197
35.799 -0.354039
35.8 -0.367751
35.801 -0.381326
35.802 -0.394757
35.803 -0.408036
35.804 -0.421157
35.805 -0.434113
35.806 -0.446897
35.807 -0.459504
35.808 -0.471926
35.809 -0.484158
35.81 -0.496192
35.811 -0.508024
35.812 -0.519647
35.813 -0.531058
35.814 -0.542252
35.815 -0.553224
35.816 -0.56397
35.817 -0.574486
35.818 -0.584768
35.819 -0.594811
35.82 -0.604612
35.821 -0.614167
35.822 -0.623477
35.823 -0.632541
35.824 -0.641361
35.825 -0.649936
35.826 -0.658268
35.827 -0.666357
35.828 -0.674204
35.829 -0.681811
35.83 -0.689179
35.831 -0.696308
35.832 -0.703201
35.833 -0.709858
35.834 -0.716282
35.835 -0.722474
35.836 -0.728435
35.837 -0.734168
35.838 -0.739675
35.839 -0.744957
35.84 -0.750017
35.841 -0.754857
35.842 -0.759476
35.843 -0.763875
35.844 -0.768053
35.845 -0.77201
35.846 -0.775746
35.847 -0.779262
35.848 -0.782557
35.849 -0.785632
35.85 -0.788487
35.851 -0.791122
35.852 -0.793533
35.853 -0.795719
35.854 -0.797675
35.855 -0.799399
35.856 -0.800886
35.857 -0.802135
35.858 -0.803142
35.859 -0.803904
35.86 -0.804419
35.861 -0.804684
35.862 -0.804693
35.863 -0.804443
35.864 -0.803927
35.865 -0.803142
35.866 -0.802082
35.867 -0.800742
35.868 -0.799119
35.869 -0.797207
35.87 -0.795003
35.871 -0.792503
35.872 -0.789703
35.873 -0.786601
35.874 -0.783195
35.875 -0.779483
35.876 -0.775462
35.877 -0.77113
35.878 -0.766486
35.879 -0.761527
35.88 -0.756252
35.881 -0.75066
35.882 -0.744752
35.883 -0.738529
35.884 -0.731993
35.885 -0.725145
35.886 -0.717987
35.887 -0.710522
35.888 -0.702751
35.889 -0.694677
35.89 -0.686302
35.891 -0.677628
35.892 -0.668661
35.893 -0.659406
35.894 -0.649869
35.895 -0.640054
35.896 -0.629969
35.897 -0.619618
35.898 -0.609007
35.899 -0.598144
35.9 -0.587033
35.901 -0.575681
35.902 -0.564094
35.903 -0.552279
35.904 -0.540242
35.905 -0.52799
35.906 -0.515529
35.907 -0.502866
35.908 -0.490009
35.909 -0.476963
35.91 -0.463737
35.911 -0.450336
35.912 -0.436766
35.913 -0.423035
35.914 -0.409146
35.915 -0.395107
35.916 -0.380923
35.917 -0.366601
35.918 -0.352146
35.919 -0.337564
35.92 -0.322863
35.921 -0.308047
35.922 -0.293122
35.923 -0.278093
35.924 -0.262966
35.925 -0.247744
35.926 -0.232433
35.927 -0.217038
35.928 -0.201565
35.929 -0.186018
35.93 -0.170403
35.931 -0.154725
35.932 -0.13899
35.933 -0.123201
35.934 -0.107366
35.935 -0.0914882
35.936 -0.075574
35.937 -0.0596286
35.938 -0.0436571
35.939 -0.0276651
35.94 -0.0116577
35.941 0.00436028
35.942 0.0203856
35.943 0.0364156
35.944 0.0524476
35.945 0.0684789
35.946 0.084507
35.947 0.100529
35.948 0.116543
35.949 0.132545
35.95 0.148534
35.951 0.164506
35.952 0.180458
35.953 0.196386
35.954 0.212285
35.955 0.228152
35.956 0.243983
35.957 0.259775
35.958 0.275523
35.959 0.291223
35.96 0.306872
35.961 0.322465
35.962 0.338
35.963 0.353472
35.964 0.368878
35.965 0.384214
35.966 0.399477
35.967 0.414662
35.968 0.429766
35.969 0.444787
35.97 0.459719
35.971 0.47456
35.972 0.489304
35.973 0.503944
35.974 0.518475
35.975 0.53289
35.976 0.547185
35.977 0.561353
35.978 0.575388
35.979 0.589284
35.98 0.603037
35.981 0.616639
35.982 0.630085
35.983 0.643368
35.984 0.656481
35.985 0.669417
35.986 0.68217
35.987 0.694733
35.988 0.707101
35.989 0.719266
35.99 0.731223
35.991 0.742965
35.992 0.754487
35.993 0.765783
35.994 0.776846
35.995 0.787672
35.996 0.798254
35.997 0.808587
35.998 0.818666
35.999 0.828486
36 0.838041
36.001 0.847326
36.002 0.856337
36.003 0.865069
36.004 0.873517
36.005 0.881677
36.006 0.889544
36.007 0.897114
36.008 0.904383
36.009 0.911347
36.01 0.918001
36.011 0.924345
36.012 0.930376
36.013 0.936095
36.014 0.941504
36.015 0.946603
36.016 0.951393
36.017 0.955875
36.018 0.96005
36.019 0.963921
36.02 0.967488
36.021 0.970752
36.022 0.973717
36.023 0.976383
36.024 0.978753
36.025 0.980829
36.026 0.982614
36.027 0.984108
36.028 0.985316
36.029 0.98624
36.03 0.986882
36.031 0.987245
36.032 0.987331
36.033 0.987141
36.034 0.986678
36.035 0.985943
36.036 0.984939
36.037 0.983668
36.038 0.982132
36.039 0.980333
36.04 0.978274
36.041 0.975957
36.042 0.973386
36.043 0.970563
36.044 0.967491
36.045 0.964173
36.046 0.960611
36.047 0.95681
36.048 0.952773
36.049 0.948503
36.05 0.944003
36.051 0.939277
36.052 0.934325
36.053 0.92915
36.054 0.923752
36.055 0.918133
36.056 0.912293
36.057 0.906234
36.058 0.899959
36.059 0.893467
36.06 0.886761
36.061 0.879843
36.062 0.872715
36.063 0.865378
36.064 0.857834
36.065 0.850086
36.066 0.842136
36.067 0.833985
36.068 0.825637
36.069 0.817093
36.07 0.808357
36.071 0.79943
36.072 0.790315
36.073 0.781015
36.074 0.771532
36.075 0.761871
36.076 0.752032
36.077 0.742021
36.078 0.731838
36.079 0.721488
36.08 0.710974
36.081 0.700299
36.082 0.689467
36.083 0.678484
36.084 0.667353
36.085 0.656081
36.086 0.644671
36.087 0.633128
36.088 0.621459
36.089 0.609667
36.09 0.597757
36.091 0.585736
36.092 0.573609
36.093 0.561382
36.094 0.549063
36.095 0.536658
36.096 0.524173
36.097 0.511616
36.098 0.498992
36.099 0.486309
36.1 0.473574
36.101 0.460792
36.102 0.447971
36.103 0.435118
36.104 0.422239
36.105 0.409341
36.106 0.396431
36.107 0.383516
36.108 0.370601
36.109 0.357696
36.11 0.344804
36.111 0.331935
36.112 0.319094
36.113 0.306288
36.114 0.293524
36.115 0.280808
36.116 0.268147
36.117 0.255548
36.118 0.243018
36.119 0.230562
36.12 0.218187
36.121 0.2059
36.122 0.193707
36.123 0.181615
36.124 0.16963
36.125 0.157758
36.126 0.146006
36.127 0.13438
36.128 0.122885
36.129 0.111528
36.13 0.100315
36.131 0.0892511
36.132 0.0783418
36.133 0.0675914
36.134 0.0570041
36.135 0.0465844
36.136 0.0363364
36.137 0.0262644
36.138 0.0163724
36.139 0.00666451
36.14 -0.00285545
36.141 -0.0121839
36.142 -0.0213182
36.143 -0.0302559
36.144 -0.0389948
36.145 -0.0475327
36.146 -0.0558675
36.147 -0.0639972
36.148 -0.07192
36.149 -0.0796339
36.15 -0.0871374
36.151 -0.0944289
36.152 -0.101508
36.153 -0.108375
36.154 -0.115029
36.155 -0.121471
36.156 -0.127701
36.157 -0.133718
36.158 -0.139524
36.159 -0.145119
36.16 -0.150503
36.161 -0.155676
36.162 -0.160637
36.163 -0.165384
36.164 -0.169914
36.165 -0.174228
36.166 -0.178321
36.167 -0.182194
36.168 -0.185845
36.169 -0.189272
36.17 -0.192474
36.171 -0.19545
36.172 -0.198198
36.173 -0.200718
36.174 -0.203009
36.175 -0.20507
36.176 -0.2069
36.177 -0.208499
36.178 -0.209866
36.179 -0.211
36.18 -0.211903
36.181 -0.212572
36.182 -0.213007
36.183 -0.213206
36.184 -0.213168
36.185 -0.212893
36.186 -0.212378
36.187 -0.211623
36.188 -0.210626
36.189 -0.209388
36.19 -0.207908
36.191 -0.206184
36.192 -0.204217
36.193 -0.202006
36.194 -0.199551
36.195 -0.196851
36.196 -0.193907
36.197 -0.190719
36.198 -0.187287
36.199 -0.18361
36.2 -0.17969
36.201 -0.175526
36.202 -0.17112
36.203 -0.166472
36.204 -0.161583
36.205 -0.156453
36.206 -0.151084
36.207 -0.145477
36.208 -0.139632
36.209 -0.133551
36.21 -0.127236
36.211 -0.120688
36.212 -0.113911
36.213 -0.106909
36.214 -0.0996871
36.215 -0.0922495
36.216 -0.0846008
36.217 -0.0767457
36.218 -0.068689
36.219 -0.0604355
36.22 -0.0519901
36.221 -0.0433579
36.222 -0.0345439
36.223 -0.0255533
36.224 -0.0163913
36.225 -0.00706326
36.226 0.00242553
36.227 0.0120696
36.228 0.0218634
36.229 0.0318015
36.23 0.0418783
36.231 0.0520883
36.232 0.062427
36.233 0.07289
36.234 0.0834727
36.235 0.0941707
36.236 0.104979
36.237 0.115894
36.238 0.126911
36.239 0.138024
36.24 0.149229
36.241 0.160522
36.242 0.171899
36.243 0.183357
36.244 0.194891
36.245 0.206499
36.246 0.218177
36.247 0.229921
36.248 0.241728
36.249 0.253594
36.25 0.265516
36.251 0.27749
36.252 0.289511
36.253 0.301577
36.254 0.313684
36.255 0.325828
36.256 0.338005
36.257 0.350211
36.258 0.362444
36.259 0.374698
36.26 0.38697
36.261 0.399257
36.262 0.411555
36.263 0.423859
36.264 0.436167
36.265 0.448474
36.266 0.460776
36.267 0.47307
36.268 0.485352
36.269 0.497618
36.27 0.509865
36.271 0.522088
36.272 0.534283
36.273 0.546444
36.274 0.558568
36.275 0.570647
36.276 0.582679
36.277 0.594657
36.278 0.606577
36.279 0.618433
36.28 0.630222
36.281 0.641937
36.282 0.653574
36.283 0.665125
36.284 0.676585
36.285 0.687948
36.286 0.699208
36.287 0.710358
36.288 0.721394
36.289 0.732308
36.29 0.743097
36.291 0.753752
36.292 0.764268
36.293 0.774638
36.294 0.784855
36.295 0.794913
36.296 0.804803
36.297 0.814521
36.298 0.824059
36.299 0.833411
36.3 0.84257
36.301 0.851531
36.302 0.86029
36.303 0.868843
36.304 0.877186
36.305 0.885318
36.306 0.893234
36.307 0.900932
36.308 0.908409
36.309 0.915661
36.31 0.922686
36.311 0.929482
36.312 0.936048
36.313 0.942381
36.314 0.948482
36.315 0.954349
36.316 0.959982
36.317 0.96538
36.318 0.970541
36.319 0.975467
36.32 0.980156
36.321 0.984608
36.322 0.988824
36.323 0.992802
36.324 0.996543
36.325 1.00005
36.326 1.00331
36.327 1.00635
36.328 1.00914
36.329 1.0117
36.33 1.01403
36.331 1.01612
36.332 1.01797
36.333 1.0196
36.334 1.02098
36.335 1.02213
36.336 1.02305
36.337 1.02373
36.338 1.02417
36.339 1.02438
36.34 1.02435
36.341 1.02409
36.342 1.02359
36.343 1.02286
36.344 1.02188
36.345 1.02067
36.346 1.01923
36.347 1.01754
36.348 1.01561
36.349 1.01345
36.35 1.01104
36.351 1.0084
36.352 1.00551
36.353 1.00239
36.354 0.999031
36.355 0.995431
36.356 0.991593
36.357 0.987517
36.358 0.983205
36.359 0.978657
36.36 0.973874
36.361 0.968856
36.362 0.963605
36.363 0.958123
36.364 0.952409
36.365 0.946466
36.366 0.940295
36.367 0.933898
36.368 0.927275
36.369 0.92043
36.37 0.913362
36.371 0.906076
36.372 0.898574
36.373 0.890858
36.374 0.882933
36.375 0.874802
36.376 0.866469
36.377 0.857938
36.378 0.849212
36.379 0.840294
36.38 0.831191
36.381 0.821904
36.382 0.812438
36.383 0.802798
36.384 0.792987
36.385 0.783011
36.386 0.772872
36.387 0.762576
36.388 0.752127
36.389 0.74153
36.39 0.730789
36.391 0.719909
36.392 0.708896
36.393 0.697757
36.394 0.686496
36.395 0.675121
36.396 0.663637
36.397 0.652051
36.398 0.640369
36.399 0.628597
36.4 0.616743
36.401 0.604811
36.402 0.592805
36.403 0.580731
36.404 0.568591
36.405 0.556389
36.406 0.544129
36.407 0.531815
36.408 0.51945
36.409 0.50704
36.41 0.494586
36.411 0.482094
36.412 0.469565
36.413 0.457003
36.414 0.44441
36.415 0.431789
36.416 0.419141
36.417 0.406471
36.418 0.39378
36.419 0.381071
36.42 0.368346
36.421 0.355609
36.422 0.342862
36.423 0.330107
36.424 0.317348
36.425 0.304586
36.426 0.291824
36.427 0.279066
36.428 0.266313
36.429 0.253568
36.43 0.240835
36.431 0.228115
36.432 0.215412
36.433 0.202731
36.434 0.190075
36.435 0.177449
36.436 0.164855
36.437 0.152299
36.438 0.139783
36.439 0.127312
36.44 0.11489
36.441 0.10252
36.442 0.0902097
36.443 0.0779643
36.444 0.0657906
36.445 0.0536949
36.446 0.0416837
36.447 0.0297632
36.448 0.0179397
36.449 0.00621932
36.45 -0.00539166
36.451 -0.0168871
36.452 -0.0282611
36.453 -0.0395074
36.454 -0.0506201
36.455 -0.0615934
36.456 -0.0724214
36.457 -0.0830984
36.458 -0.0936186
36.459 -0.103976
36.46 -0.114166
36.461 -0.124183
36.462 -0.13402
36.463 -0.143674
36.464 -0.153138
36.465 -0.162407
36.466 -0.171477
36.467 -0.180342
36.468 -0.188998
36.469 -0.197439
36.47 -0.205661
36.471 -0.21366
36.472 -0.221432
36.473 -0.228974
36.474 -0.236283
36.475 -0.243356
36.476 -0.250191
36.477 -0.256785
36.478 -0.263135
36.479 -0.269238
36.48 -0.275093
36.481 -0.280698
36.482 -0.286052
36.483 -0.291157
36.484 -0.296013
36.485 -0.300621
36.486 -0.304982
36.487 -0.309097
36.488 -0.312967
36.489 -0.316594
36.49 -0.319979
36.491 -0.323123
36.492 -0.326029
36.493 -0.328697
36.494 -0.33113
36.495 -0.333329
36.496 -0.335296
36.497 -0.337034
36.498 -0.338545
36.499 -0.33983
36.5 -0.340893
36.501 -0.341735
36.502 -0.34236
36.503 -0.34277
36.504 -0.342967
36.505 -0.342955
36.506 -0.342736
36.507 -0.342313
36.508 -0.34169
36.509 -0.340869
36.51 -0.339854
36.511 -0.338647
36.512 -0.33725
36.513 -0.335663
36.514 -0.333887
36.515 -0.331924
36.516 -0.329774
36.517 -0.327438
36.518 -0.324917
36.519 -0.322213
36.52 -0.319326
36.521 -0.316259
36.522 -0.313011
36.523 -0.309582
36.524 -0.305973
36.525 -0.302184
36.526 -0.298215
36.527 -0.294067
36.528 -0.289741
36.529 -0.285236
36.53 -0.280554
36.531 -0.275696
36.532 -0.270661
36.533 -0.265452
36.534 -0.260069
36.535 -0.254513
36.536 -0.248785
36.537 -0.242887
36.538 -0.236819
36.539 -0.230583
36.54 -0.22418
36.541 -0.217613
36.542 -0.210881
36.543 -0.203988
36.544 -0.196934
36.545 -0.189721
36.546 -0.182351
36.547 -0.174826
36.548 -0.167148
36.549 -0.159319
36.55 -0.151341
36.551 -0.143216
36.552 -0.134949
36.553 -0.126545
36.554 -0.118008
36.555 -0.109344
36.556 -0.100558
36.557 -0.0916542
36.558 -0.0826387
36.559 -0.0735165
36.56 -0.0642928
36.561 -0.0549734
36.562 -0.0455659
36.563 -0.0360781
36.564 -0.0265183
36.565 -0.0168945
36.566 -0.00721485
36.567 0.00251249
36.568 0.0122794
36.569 0.0220776
36.57 0.0318989
36.571 0.0417353
36.572 0.0515784
36.573 0.06142
36.574 0.0712522
36.575 0.0810665
36.576 0.090855
36.577 0.100609
36.578 0.110322
36.579 0.119984
36.58 0.129587
36.581 0.139125
36.582 0.148589
36.583 0.157974
36.584 0.167273
36.585 0.176479
36.586 0.185585
36.587 0.194586
36.588 0.203474
36.589 0.212245
36.59 0.22089
36.591 0.229404
36.592 0.237783
36.593 0.246021
36.594 0.254113
36.595 0.262056
36.596 0.269844
36.597 0.277473
36.598 0.284938
36.599 0.292235
36.6 0.29936
36.601 0.306309
36.602 0.313078
36.603 0.319666
36.604 0.326069
36.605 0.332285
36.606 0.338311
36.607 0.344145
36.608 0.349785
36.609 0.355228
36.61 0.360472
36.611 0.365515
36.612 0.370354
36.613 0.374985
36.614 0.379406
36.615 0.383613
36.616 0.387604
36.617 0.391375
36.618 0.394924
36.619 0.398247
36.62 0.401343
36.621 0.404209
36.622 0.406843
36.623 0.409241
36.624 0.411403
36.625 0.413326
36.626 0.415007
36.627 0.416445
36.628 0.417639
36.629 0.418586
36.63 0.419284
36.631 0.419733
36.632 0.419932
36.633 0.419877
36.634 0.41957
36.635 0.419008
36.636 0.41819
36.637 0.417116
36.638 0.415785
36.639 0.414197
36.64 0.41235
36.641 0.410244
36.642 0.40788
36.643 0.405256
36.644 0.402373
36.645 0.399231
36.646 0.39583
36.647 0.39217
36.648 0.388251
36.649 0.384074
36.65 0.37964
36.651 0.374949
36.652 0.370002
36.653 0.3648
36.654 0.359343
36.655 0.353634
36.656 0.347672
36.657 0.34146
36.658 0.334999
36.659 0.328289
36.66 0.321334
36.661 0.314134
36.662 0.30669
36.663 0.299003
36.664 0.291073
36.665 0.282901
36.666 0.274488
36.667 0.265835
36.668 0.256942
36.669 0.247812
36.67 0.238445
36.671 0.228843
36.672 0.219009
36.673 0.208945
36.674 0.198655
36.675 0.188141
36.676 0.177407
36.677 0.166456
36.678 0.155291
36.679 0.143916
36.68 0.132334
36.681 0.12055
36.682 0.108566
36.683 0.0963859
36.684 0.0840145
36.685 0.0714554
36.686 0.0587125
36.687 0.04579
36.688 0.032692
36.689 0.0194227
36.69 0.00598641
36.691 -0.00761213
36.692 -0.0213675
36.693 -0.0352739
36.694 -0.0493253
36.695 -0.0635159
36.696 -0.0778396
36.697 -0.0922903
36.698 -0.106862
36.699 -0.121548
36.7 -0.136344
36.701 -0.151241
36.702 -0.166234
36.703 -0.181318
36.704 -0.196484
36.705 -0.211728
36.706 -0.227043
36.707 -0.242421
36.708 -0.257858
36.709 -0.273346
36.71 -0.288879
36.711 -0.30445
36.712 -0.320054
36.713 -0.335682
36.714 -0.35133
36.715 -0.36699
36.716 -0.382657
36.717 -0.398322
36.718 -0.413981
36.719 -0.429627
36.72 -0.445252
36.721 -0.460852
36.722 -0.476418
36.723 -0.491946
36.724 -0.507428
36.725 -0.522859
36.726 -0.538231
36.727 -0.553539
36.728 -0.568777
36.729 -0.583938
36.73 -0.599016
36.731 -0.614006
36.732 -0.628902
36.733 -0.6437
36.734 -0.658395
36.735 -0.672982
36.736 -0.687458
36.737 -0.701818
36.738 -0.716057
36.739 -0.730171
36.74 -0.744156
36.741 -0.758008
36.742 -0.771723
36.743 -0.785296
36.744 -0.798724
36.745 -0.812002
36.746 -0.825128
36.747 -0.838097
36.748 -0.850905
36.749 -0.863549
36.75 -0.876026
36.751 -0.888332
36.752 -0.900462
36.753 -0.912412
36.754 -0.924177
36.755 -0.935753
36.756 -0.947135
36.757 -0.95832
36.758 -0.969303
36.759 -0.98008
36.76 -0.990647
36.761 -1.001
36.762 -1.01114
36.763 -1.02106
36.764 -1.03076
36.765 -1.04023
36.766 -1.04948
36.767 -1.05851
36.768 -1.0673
36.769 -1.07587
36.77 -1.0842
36.771 -1.09231
36.772 -1.10017
36.773 -1.1078
36.774 -1.1152
36.775 -1.12235
36.776 -1.12927
36.777 -1.13594
36.778 -1.14238
36.779 -1.14857
36.78 -1.15453
36.781 -1.16024
36.782 -1.16571
36.783 -1.17093
36.784 -1.17591
36.785 -1.18065
36.786 -1.18515
36.787 -1.1894
36.788 -1.19341
36.789 -1.19718
36.79 -1.20071
36.791 -1.204
36.792 -1.20704
36.793 -1.20985
36.794 -1.21242
36.795 -1.21475
36.796 -1.21684
36.797 -1.2187
36.798 -1.22033
36.799 -1.22172
36.8 -1.22288
36.801 -1.22382
36.802 -1.22452
36.803 -1.225
36.804 -1.22526
36.805 -1.22531
36.806 -1.22514
36.807 -1.22476
36.808 -1.22417
36.809 -1.22338
36.81 -1.2224
36.811 -1.22121
36.812 -1.21983
36.813 -1.21826
36.814 -1.21651
36.815 -1.21456
36.816 -1.21244
36.817 -1.21014
36.818 -1.20765
36.819 -1.205
36.82 -1.20217
36.821 -1.19918
36.822 -1.19602
36.823 -1.1927
36.824 -1.18922
36.825 -1.18559
36.826 -1.18181
36.827 -1.17788
36.828 -1.1738
36.829 -1.16958
36.83 -1.16523
36.831 -1.16074
36.832 -1.15612
36.833 -1.15138
36.834 -1.14652
36.835 -1.14153
36.836 -1.13643
36.837 -1.13122
36.838 -1.12591
36.839 -1.12049
36.84 -1.11497
36.841 -1.10936
36.842 -1.10366
36.843 -1.09786
36.844 -1.09198
36.845 -1.08602
36.846 -1.07998
36.847 -1.07386
36.848 -1.06766
36.849 -1.06139
36.85 -1.05505
36.851 -1.04865
36.852 -1.04219
36.853 -1.03567
36.854 -1.02909
36.855 -1.02247
36.856 -1.0158
36.857 -1.00909
36.858 -1.00235
36.859 -0.995573
36.86 -0.988773
36.861 -0.98195
36.862 -0.975111
36.863 -0.968261
36.864 -0.961407
36.865 -0.954554
36.866 -0.947707
36.867 -0.940873
36.868 -0.934057
36.869 -0.927264
36.87 -0.920502
36.871 -0.913774
36.872 -0.907086
36.873 -0.900442
36.874 -0.893846
36.875 -0.887303
36.876 -0.880816
36.877 -0.874389
36.878 -0.868028
36.879 -0.861736
36.88 -0.855516
36.881 -0.849374
36.882 -0.843313
36.883 -0.837337
36.884 -0.83145
36.885 -0.825655
36.886 -0.819958
36.887 -0.81436
36.888 -0.808867
36.889 -0.803482
36.89 -0.798208
36.891 -0.793049
36.892 -0.788004
36.893 -0.783073
36.894 -0.778255
36.895 -0.77355
36.896 -0.768957
36.897 -0.764475
36.898 -0.760103
36.899 -0.755841
36.9 -0.751688
36.901 -0.747642
36.902 -0.743703
36.903 -0.739869
36.904 -0.73614
36.905 -0.732514
36.906 -0.72899
36.907 -0.725567
36.908 -0.722244
36.909 -0.719019
36.91 -0.715891
36.911 -0.712858
36.912 -0.709916
36.913 -0.707062
36.914 -0.70429
36.915 -0.701597
36.916 -0.698979
36.917 -0.696431
36.918 -0.693949
36.919 -0.691528
36.92 -0.689164
36.921 -0.686853
36.922 -0.684592
36.923 -0.682377
36.924 -0.680206
36.925 -0.678075
36.926 -0.675981
36.927 -0.673921
36.928 -0.671891
36.929 -0.66989
36.93 -0.667912
36.931 -0.665956
36.932 -0.664016
36.933 -0.662088
36.934 -0.660167
36.935 -0.65825
36.936 -0.656331
36.937 -0.654405
36.938 -0.652469
36.939 -0.650517
36.94 -0.648546
36.941 -0.64655
36.942 -0.644529
36.943 -0.642479
36.944 -0.640399
36.945 -0.638288
36.946 -0.636143
36.947 -0.633963
36.948 -0.631747
36.949 -0.629491
36.95 -0.627195
36.951 -0.624857
36.952 -0.622476
36.953 -0.620049
36.954 -0.617575
36.955 -0.615052
36.956 -0.61248
36.957 -0.609855
36.958 -0.607177
36.959 -0.604444
36.96 -0.601655
36.961 -0.598809
36.962 -0.595904
36.963 -0.592942
36.964 -0.589922
36.965 -0.586843
36.966 -0.583706
36.967 -0.580512
36.968 -0.577259
36.969 -0.573948
36.97 -0.57058
36.971 -0.567153
36.972 -0.56367
36.973 -0.560128
36.974 -0.55653
36.975 -0.552874
36.976 -0.549161
36.977 -0.545392
36.978 -0.541567
36.979 -0.537686
36.98 -0.533749
36.981 -0.529756
36.982 -0.525709
36.983 -0.521607
36.984 -0.517451
36.985 -0.513241
36.986 -0.508978
36.987 -0.504662
36.988 -0.500294
36.989 -0.495874
36.99 -0.491403
36.991 -0.486881
36.992 -0.482309
36.993 -0.477688
36.994 -0.473018
36.995 -0.468299
36.996 -0.463533
36.997 -0.45872
36.998 -0.45386
36.999 -0.448956
37 -0.444006
37.001 -0.439013
37.002 -0.433976
37.003 -0.428897
37.004 -0.423776
37.005 -0.418614
37.006 -0.413412
37.007 -0.408171
37.008 -0.402892
37.009 -0.397576
37.01 -0.392223
37.011 -0.386834
37.012 -0.381411
37.013 -0.375954
37.014 -0.370464
37.015 -0.364943
37.016 -0.35939
37.017 -0.353808
37.018 -0.348197
37.019 -0.342558
37.02 -0.336892
37.021 -0.331201
37.022 -0.325485
37.023 -0.319745
37.024 -0.313982
37.025 -0.308198
37.026 -0.302394
37.027 -0.29657
37.028 -0.290728
37.029 -0.284869
37.03 -0.278993
37.031 -0.273103
37.032 -0.2672
37.033 -0.261288
37.034 -0.255368
37.035 -0.249443
37.036 -0.243515
37.037 -0.237587
37.038 -0.231661
37.039 -0.225741
37.04 -0.219827
37.041 -0.213924
37.042 -0.208034
37.043 -0.202162
37.044 -0.196311
37.045 -0.190485
37.046 -0.184688
37.047 -0.178923
37.048 -0.173194
37.049 -0.167506
37.05 -0.161861
37.051 -0.156263
37.052 -0.150713
37.053 -0.145212
37.054 -0.139762
37.055 -0.134363
37.056 -0.129015
37.057 -0.12372
37.058 -0.118479
37.059 -0.113293
37.06 -0.108161
37.061 -0.103086
37.062 -0.0980668
37.063 -0.0931054
37.064 -0.088202
37.065 -0.0833573
37.066 -0.0785719
37.067 -0.0738465
37.068 -0.0691816
37.069 -0.0645778
37.07 -0.0600357
37.071 -0.0555553
37.072 -0.0511362
37.073 -0.0467775
37.074 -0.0424782
37.075 -0.0382374
37.076 -0.034054
37.077 -0.0299272
37.078 -0.0258558
37.079 -0.0218389
37.08 -0.0178753
37.081 -0.0139644
37.082 -0.010106
37.083 -0.00630033
37.084 -0.00254765
37.085 0.00115189
37.086 0.00479814
37.087 0.00839096
37.088 0.0119303
37.089 0.0154159
37.09 0.018848
37.091 0.0222263
37.092 0.0255508
37.093 0.0288216
37.094 0.0320387
37.095 0.0352021
37.096 0.0383119
37.097 0.0413682
37.098 0.0443711
37.099 0.0473207
37.1 0.0502172
37.101 0.0530608
37.102 0.0558517
37.103 0.0585901
37.104 0.0612763
37.105 0.0639105
37.106 0.0664931
37.107 0.0690242
37.108 0.0715044
37.109 0.0739338
37.11 0.0763129
37.111 0.0786422
37.112 0.0809219
37.113 0.0831526
37.114 0.0853348
37.115 0.0874688
37.116 0.0895552
37.117 0.0915946
37.118 0.0935874
37.119 0.0955342
37.12 0.0974356
37.121 0.0992925
37.122 0.101107
37.123 0.10288
37.124 0.104614
37.125 0.106311
37.126 0.107974
37.127 0.109604
37.128 0.111203
37.129 0.112774
37.13 0.114318
37.131 0.115837
37.132 0.117332
37.133 0.118804
37.134 0.120255
37.135 0.121683
37.136 0.123091
37.137 0.124479
37.138 0.125848
37.139 0.127199
37.14 0.128532
37.141 0.129849
37.142 0.131149
37.143 0.132435
37.144 0.133707
37.145 0.134965
37.146 0.136211
37.147 0.137445
37.148 0.138668
37.149 0.139881
37.15 0.141086
37.151 0.142282
37.152 0.143469
37.153 0.144647
37.154 0.145815
37.155 0.146974
37.156 0.148122
37.157 0.149258
37.158 0.150384
37.159 0.151497
37.16 0.152598
37.161 0.153686
37.162 0.154759
37.163 0.155816
37.164 0.156855
37.165 0.157874
37.166 0.158871
37.167 0.159845
37.168 0.160793
37.169 0.161715
37.17 0.162608
37.171 0.163472
37.172 0.164304
37.173 0.165106
37.174 0.165877
37.175 0.166616
37.176 0.167323
37.177 0.167998
37.178 0.168641
37.179 0.169251
37.18 0.169829
37.181 0.170374
37.182 0.170883
37.183 0.171357
37.184 0.171793
37.185 0.172191
37.186 0.172547
37.187 0.172862
37.188 0.173133
37.189 0.17336
37.19 0.17354
37.191 0.173673
37.192 0.173758
37.193 0.173795
37.194 0.173785
37.195 0.173728
37.196 0.173622
37.197 0.17347
37.198 0.17327
37.199 0.173022
37.2 0.172728
37.201 0.172387
37.202 0.171999
37.203 0.171565
37.204 0.171084
37.205 0.170558
37.206 0.169985
37.207 0.169367
37.208 0.168704
37.209 0.167996
37.21 0.167244
37.211 0.166447
37.212 0.165604
37.213 0.164716
37.214 0.163781
37.215 0.162798
37.216 0.161765
37.217 0.160683
37.218 0.159551
37.219 0.158367
37.22 0.157131
37.221 0.155841
37.222 0.154498
37.223 0.1531
37.224 0.151647
37.225 0.150138
37.226 0.148573
37.227 0.14695
37.228 0.145269
37.229 0.143529
37.23 0.14173
37.231 0.139872
37.232 0.137955
37.233 0.13598
37.234 0.133948
37.235 0.13186
37.236 0.129716
37.237 0.127518
37.238 0.125267
37.239 0.122963
37.24 0.120608
37.241 0.118202
37.242 0.115747
37.243 0.113243
37.244 0.110693
37.245 0.108096
37.246 0.105454
37.247 0.102768
37.248 0.10004
37.249 0.0972703
37.25 0.0944601
37.251 0.0916113
37.252 0.0887258
37.253 0.0858064
37.254 0.0828557
37.255 0.0798762
37.256 0.0768706
37.257 0.0738415
37.258 0.0707916
37.259 0.0677236
37.26 0.0646399
37.261 0.0615435
37.262 0.0584368
37.263 0.0553226
37.264 0.0522035
37.265 0.0490822
37.266 0.0459613
37.267 0.0428436
37.268 0.0397316
37.269 0.036628
37.27 0.0335355
37.271 0.0304574
37.272 0.0273985
37.273 0.0243639
37.274 0.021359
37.275 0.0183892
37.276 0.0154597
37.277 0.0125758
37.278 0.00974271
37.279 0.00696563
37.28 0.00424976
37.281 0.00159994
37.282 -0.000979714
37.283 -0.00348546
37.284 -0.00591357
37.285 -0.00826036
37.286 -0.0105222
37.287 -0.0126955
37.288 -0.0147767
37.289 -0.0167622
37.29 -0.0186486
37.291 -0.0204325
37.292 -0.0221104
37.293 -0.0236791
37.294 -0.0251352
37.295 -0.0264754
37.296 -0.0276966
37.297 -0.0287957
37.298 -0.0297694
37.299 -0.0306148
37.3 -0.0313289
37.301 -0.0319091
37.302 -0.0323536
37.303 -0.0326609
37.304 -0.0328297
37.305 -0.0328585
37.306 -0.0327461
37.307 -0.0324913
37.308 -0.0320929
37.309 -0.0315497
37.31 -0.0308609
37.311 -0.0300253
37.312 -0.0290421
37.313 -0.0279104
37.314 -0.0266295
37.315 -0.0251985
37.316 -0.023617
37.317 -0.0218842
37.318 -0.0199996
37.319 -0.0179628
37.32 -0.0157733
37.321 -0.0134311
37.322 -0.010937
37.323 -0.00829202
37.324 -0.00549746
37.325 -0.00255456
37.326 0.000535362
37.327 0.00377091
37.328 0.00715065
37.329 0.0106731
37.33 0.0143366
37.331 0.0181397
37.332 0.0220806
37.333 0.0261576
37.334 0.0303689
37.335 0.0347127
37.336 0.0391872
37.337 0.0437902
37.338 0.0485199
37.339 0.0533741
37.34 0.0583508
37.341 0.0634478
37.342 0.0686629
37.343 0.0739939
37.344 0.0794384
37.345 0.0849941
37.346 0.0906587
37.347 0.0964297
37.348 0.102305
37.349 0.108281
37.35 0.114356
37.351 0.120527
37.352 0.126791
37.353 0.133142
37.354 0.139578
37.355 0.146094
37.356 0.152686
37.357 0.159349
37.358 0.166081
37.359 0.172876
37.36 0.17973
37.361 0.186639
37.362 0.193601
37.363 0.200611
37.364 0.207668
37.365 0.214768
37.366 0.221908
37.367 0.229086
37.368 0.236298
37.369 0.243541
37.37 0.250812
37.371 0.258109
37.372 0.265428
37.373 0.272765
37.374 0.280119
37.375 0.287486
37.376 0.294863
37.377 0.302246
37.378 0.309634
37.379 0.317022
37.38 0.324408
37.381 0.331788
37.382 0.33916
37.383 0.346521
37.384 0.353867
37.385 0.361195
37.386 0.368504
37.387 0.375788
37.388 0.383047
37.389 0.390275
37.39 0.397472
37.391 0.404632
37.392 0.411753
37.393 0.418831
37.394 0.42586
37.395 0.432837
37.396 0.439757
37.397 0.446617
37.398 0.453412
37.399 0.460139
37.4 0.466792
37.401 0.473369
37.402 0.479867
37.403 0.486282
37.404 0.492613
37.405 0.498857
37.406 0.505011
37.407 0.511073
37.408 0.517041
37.409 0.522912
37.41 0.528683
37.411 0.534354
37.412 0.539921
37.413 0.545382
37.414 0.550736
37.415 0.55598
37.416 0.561112
37.417 0.56613
37.418 0.571032
37.419 0.575816
37.42 0.580482
37.421 0.585026
37.422 0.589447
37.423 0.593743
37.424 0.597914
37.425 0.601956
37.426 0.60587
37.427 0.609653
37.428 0.613304
37.429 0.616821
37.43 0.620204
37.431 0.623452
37.432 0.626562
37.433 0.629535
37.434 0.632368
37.435 0.635062
37.436 0.637615
37.437 0.640026
37.438 0.642294
37.439 0.64442
37.44 0.646401
37.441 0.648238
37.442 0.649929
37.443 0.651471
37.444 0.652863
37.445 0.654104
37.446 0.655192
37.447 0.656124
37.448 0.656901
37.449 0.65752
37.45 0.657979
37.451 0.658278
37.452 0.658416
37.453 0.658391
37.454 0.658201
37.455 0.657847
37.456 0.657327
37.457 0.65664
37.458 0.655786
37.459 0.654763
37.46 0.653571
37.461 0.652209
37.462 0.650679
37.463 0.648981
37.464 0.647116
37.465 0.645085
37.466 0.642889
37.467 0.640529
37.468 0.638006
37.469 0.635323
37.47 0.632479
37.471 0.629477
37.472 0.626316
37.473 0.622997
37.474 0.61952
37.475 0.615886
37.476 0.612094
37.477 0.608145
37.478 0.60404
37.479 0.59978
37.48 0.595364
37.481 0.590794
37.482 0.586071
37.483 0.581194
37.484 0.576166
37.485 0.570987
37.486 0.565658
37.487 0.56018
37.488 0.554554
37.489 0.548781
37.49 0.542863
37.491 0.536801
37.492 0.530597
37.493 0.524251
37.494 0.517765
37.495 0.511141
37.496 0.50438
37.497 0.497484
37.498 0.490455
37.499 0.483294
37.5 0.476003
37.501 0.468583
37.502 0.461037
37.503 0.453363
37.504 0.445563
37.505 0.437637
37.506 0.429586
37.507 0.421412
37.508 0.413114
37.509 0.404693
37.51 0.396152
37.511 0.38749
37.512 0.37871
37.513 0.369814
37.514 0.360805
37.515 0.351686
37.516 0.342458
37.517 0.333125
37.518 0.32369
37.519 0.314154
37.52 0.30452
37.521 0.294792
37.522 0.284972
37.523 0.275063
37.524 0.265068
37.525 0.254989
37.526 0.24483
37.527 0.234594
37.528 0.224283
37.529 0.213901
37.53 0.20345
37.531 0.192934
37.532 0.182354
37.533 0.171713
37.534 0.161012
37.535 0.150252
37.536 0.139436
37.537 0.128565
37.538 0.117642
37.539 0.106669
37.54 0.0956459
37.541 0.0845764
37.542 0.073462
37.543 0.0623046
37.544 0.0511063
37.545 0.039869
37.546 0.0285948
37.547 0.0172856
37.548 0.00594355
37.549 -0.00542935
37.55 -0.016831
37.551 -0.028259
37.552 -0.0397103
37.553 -0.0511814
37.554 -0.0626688
37.555 -0.0741691
37.556 -0.0856789
37.557 -0.0971946
37.558 -0.108713
37.559 -0.12023
37.56 -0.131743
37.561 -0.143248
37.562 -0.154742
37.563 -0.166221
37.564 -0.177682
37.565 -0.189122
37.566 -0.200536
37.567 -0.211922
37.568 -0.223277
37.569 -0.234596
37.57 -0.245877
37.571 -0.257115
37.572 -0.268307
37.573 -0.279449
37.574 -0.290534
37.575 -0.301559
37.576 -0.31252
37.577 -0.323411
37.578 -0.334228
37.579 -0.344967
37.58 -0.355623
37.581 -0.366192
37.582 -0.376669
37.583 -0.387051
37.584 -0.397333
37.585 -0.40751
37.586 -0.417579
37.587 -0.427536
37.588 -0.437376
37.589 -0.447096
37.59 -0.456691
37.591 -0.466157
37.592 -0.475491
37.593 -0.484689
37.594 -0.493748
37.595 -0.502662
37.596 -0.51143
37.597 -0.520047
37.598 -0.528511
37.599 -0.536816
37.6 -0.544961
37.601 -0.552942
37.602 -0.560755
37.603 -0.568399
37.604 -0.575868
37.605 -0.583162
37.606 -0.590276
37.607 -0.597208
37.608 -0.603955
37.609 -0.610515
37.61 -0.616885
37.611 -0.623063
37.612 -0.629047
37.613 -0.634837
37.614 -0.640431
37.615 -0.645829
37.616 -0.65103
37.617 -0.656034
37.618 -0.66084
37.619 -0.665447
37.62 -0.669855
37.621 -0.674064
37.622 -0.678071
37.623 -0.681877
37.624 -0.685479
37.625 -0.688876
37.626 -0.692067
37.627 -0.69505
37.628 -0.697825
37.629 -0.700391
37.63 -0.702747
37.631 -0.704892
37.632 -0.706829
37.633 -0.708558
37.634 -0.710083
37.635 -0.711406
37.636 -0.712529
37.637 -0.713454
37.638 -0.714184
37.639 -0.714721
37.64 -0.715069
37.641 -0.71523
37.642 -0.715205
37.643 -0.714996
37.644 -0.714604
37.645 -0.714032
37.646 -0.713281
37.647 -0.712353
37.648 -0.71125
37.649 -0.709974
37.65 -0.708527
37.651 -0.706911
37.652 -0.705128
37.653 -0.703181
37.654 -0.701072
37.655 -0.698803
37.656 -0.696377
37.657 -0.693797
37.658 -0.691064
37.659 -0.688182
37.66 -0.685153
37.661 -0.681981
37.662 -0.678667
37.663 -0.675215
37.664 -0.671628
37.665 -0.667909
37.666 -0.66406
37.667 -0.660085
37.668 -0.655988
37.669 -0.651771
37.67 -0.647437
37.671 -0.64299
37.672 -0.638435
37.673 -0.633777
37.674 -0.629019
37.675 -0.624167
37.676 -0.619226
37.677 -0.6142
37.678 -0.609095
37.679 -0.603915
37.68 -0.598665
37.681 -0.593351
37.682 -0.587975
37.683 -0.582542
37.684 -0.577056
37.685 -0.571519
37.686 -0.565937
37.687 -0.560312
37.688 -0.554648
37.689 -0.54895
37.69 -0.54322
37.691 -0.537464
37.692 -0.531685
37.693 -0.52589
37.694 -0.520083
37.695 -0.514269
37.696 -0.508453
37.697 -0.502642
37.698 -0.496839
37.699 -0.491051
37.7 -0.485281
37.701 -0.479536
37.702 -0.473818
37.703 -0.468133
37.704 -0.462483
37.705 -0.456872
37.706 -0.451304
37.707 -0.445783
37.708 -0.440312
37.709 -0.434895
37.71 -0.429536
37.711 -0.424238
37.712 -0.419004
37.713 -0.413838
37.714 -0.408745
37.715 -0.403726
37.716 -0.398785
37.717 -0.393927
37.718 -0.389154
37.719 -0.384469
37.72 -0.379876
37.721 -0.375378
37.722 -0.370979
37.723 -0.366681
37.724 -0.362487
37.725 -0.358401
37.726 -0.354425
37.727 -0.350562
37.728 -0.346816
37.729 -0.34319
37.73 -0.339685
37.731 -0.336305
37.732 -0.333053
37.733 -0.32993
37.734 -0.326941
37.735 -0.324086
37.736 -0.321369
37.737 -0.318793
37.738 -0.316359
37.739 -0.314069
37.74 -0.311927
37.741 -0.309933
37.742 -0.308089
37.743 -0.306396
37.744 -0.304854
37.745 -0.303463
37.746 -0.302225
37.747 -0.301139
37.748 -0.300207
37.749 -0.299428
37.75 -0.298802
37.751 -0.29833
37.752 -0.298012
37.753 -0.297847
37.754 -0.297837
37.755 -0.29798
37.756 -0.298277
37.757 -0.298727
37.758 -0.29933
37.759 -0.300086
37.76 -0.300995
37.761 -0.302055
37.762 -0.303266
37.763 -0.304629
37.764 -0.306141
37.765 -0.307803
37.766 -0.309613
37.767 -0.311571
37.768 -0.313676
37.769 -0.315926
37.77 -0.318322
37.771 -0.320861
37.772 -0.323541
37.773 -0.326359
37.774 -0.329314
37.775 -0.332402
37.776 -0.335621
37.777 -0.338968
37.778 -0.342439
37.779 -0.346033
37.78 -0.349746
37.781 -0.353576
37.782 -0.357518
37.783 -0.361571
37.784 -0.365731
37.785 -0.369994
37.786 -0.374359
37.787 -0.378821
37.788 -0.383377
37.789 -0.388024
37.79 -0.392758
37.791 -0.397576
37.792 -0.402474
37.793 -0.407446
37.794 -0.412488
37.795 -0.417595
37.796 -0.422762
37.797 -0.427984
37.798 -0.433257
37.799 -0.438574
37.8 -0.443932
37.801 -0.449326
37.802 -0.454749
37.803 -0.460199
37.804 -0.465668
37.805 -0.471153
37.806 -0.476649
37.807 -0.48215
37.808 -0.487651
37.809 -0.493148
37.81 -0.498635
37.811 -0.504108
37.812 -0.509559
37.813 -0.514984
37.814 -0.520375
37.815 -0.525726
37.816 -0.531032
37.817 -0.536285
37.818 -0.54148
37.819 -0.54661
37.82 -0.55167
37.821 -0.556653
37.822 -0.561555
37.823 -0.566371
37.824 -0.571095
37.825 -0.575724
37.826 -0.580254
37.827 -0.584678
37.828 -0.588994
37.829 -0.593197
37.83 -0.597281
37.831 -0.601244
37.832 -0.60508
37.833 -0.608786
37.834 -0.612357
37.835 -0.61579
37.836 -0.61908
37.837 -0.622223
37.838 -0.625216
37.839 -0.628054
37.84 -0.630734
37.841 -0.633252
37.842 -0.635603
37.843 -0.637782
37.844 -0.639785
37.845 -0.641607
37.846 -0.643243
37.847 -0.644688
37.848 -0.645938
37.849 -0.646989
37.85 -0.647835
37.851 -0.648475
37.852 -0.648903
37.853 -0.649118
37.854 -0.649117
37.855 -0.648897
37.856 -0.648456
37.857 -0.647791
37.858 -0.646901
37.859 -0.645783
37.86 -0.644435
37.861 -0.642856
37.862 -0.641044
37.863 -0.638999
37.864 -0.636722
37.865 -0.634211
37.866 -0.631466
37.867 -0.628489
37.868 -0.625277
37.869 -0.621833
37.87 -0.618156
37.871 -0.614247
37.872 -0.610106
37.873 -0.605737
37.874 -0.601142
37.875 -0.596321
37.876 -0.591278
37.877 -0.586015
37.878 -0.580534
37.879 -0.574838
37.88 -0.568929
37.881 -0.562809
37.882 -0.55648
37.883 -0.549944
37.884 -0.543202
37.885 -0.536256
37.886 -0.529107
37.887 -0.521758
37.888 -0.514209
37.889 -0.506464
37.89 -0.498524
37.891 -0.490391
37.892 -0.48207
37.893 -0.473562
37.894 -0.464873
37.895 -0.456005
37.896 -0.446963
37.897 -0.437751
37.898 -0.428372
37.899 -0.41883
37.9 -0.409131
37.901 -0.399277
37.902 -0.389271
37.903 -0.379117
37.904 -0.368818
37.905 -0.358377
37.906 -0.347796
37.907 -0.33708
37.908 -0.32623
37.909 -0.315251
37.91 -0.304146
37.911 -0.292918
37.912 -0.281571
37.913 -0.270107
37.914 -0.258532
37.915 -0.246847
37.916 -0.235057
37.917 -0.223166
37.918 -0.211176
37.919 -0.199093
37.92 -0.186919
37.921 -0.174658
37.922 -0.162315
37.923 -0.149892
37.924 -0.137395
37.925 -0.124826
37.926 -0.11219
37.927 -0.0994915
37.928 -0.0867333
37.929 -0.0739199
37.93 -0.0610554
37.931 -0.0481441
37.932 -0.0351911
37.933 -0.0222019
37.934 -0.00918189
37.935 0.00386342
37.936 0.0169286
37.937 0.0300081
37.938 0.0430965
37.939 0.0561884
37.94 0.0692782
37.941 0.0823608
37.942 0.0954318
37.943 0.108487
37.944 0.121523
37.945 0.134534
37.946 0.147518
37.947 0.16047
37.948 0.173385
37.949 0.186261
37.95 0.199093
37.951 0.211876
37.952 0.224608
37.953 0.237284
37.954 0.2499
37.955 0.262453
37.956 0.274938
37.957 0.287352
37.958 0.299691
37.959 0.311952
37.96 0.32413
37.961 0.336222
37.962 0.348222
37.963 0.360127
37.964 0.371931
37.965 0.383629
37.966 0.395218
37.967 0.406691
37.968 0.418044
37.969 0.429273
37.97 0.440373
37.971 0.451339
37.972 0.46217
37.973 0.472861
37.974 0.483409
37.975 0.493812
37.976 0.504067
37.977 0.514171
37.978 0.524122
37.979 0.533916
37.98 0.543551
37.981 0.553026
37.982 0.562336
37.983 0.571481
37.984 0.580457
37.985 0.589264
37.986 0.597897
37.987 0.606356
37.988 0.614639
37.989 0.622743
37.99 0.630667
37.991 0.638409
37.992 0.645968
37.993 0.653342
37.994 0.66053
37.995 0.667529
37.996 0.674339
37.997 0.680959
37.998 0.687388
37.999 0.693624
38 0.699666
38.001 0.705514
38.002 0.711165
38.003 0.716618
38.004 0.721869
38.005 0.726919
38.006 0.731764
38.007 0.736403
38.008 0.740834
38.009 0.745057
38.01 0.749068
38.011 0.752868
38.012 0.756456
38.013 0.759833
38.014 0.762997
38.015 0.765951
38.016 0.768695
38.017 0.771228
38.018 0.773551
38.019 0.775666
38.02 0.777573
38.021 0.779273
38.022 0.780765
38.023 0.782049
38.024 0.783125
38.025 0.783994
38.026 0.784654
38.027 0.785106
38.028 0.78535
38.029 0.785387
38.03 0.785216
38.031 0.784838
38.032 0.784254
38.033 0.783464
38.034 0.782468
38.035 0.781268
38.036 0.779864
38.037 0.778258
38.038 0.776449
38.039 0.77444
38.04 0.772231
38.041 0.769824
38.042 0.76722
38.043 0.76442
38.044 0.761426
38.045 0.758239
38.046 0.754861
38.047 0.751294
38.048 0.74754
38.049 0.743599
38.05 0.739475
38.051 0.73517
38.052 0.730686
38.053 0.726027
38.054 0.721197
38.055 0.7162
38.056 0.711038
38.057 0.705716
38.058 0.700238
38.059 0.694608
38.06 0.688829
38.061 0.682905
38.062 0.676841
38.063 0.67064
38.064 0.664308
38.065 0.657847
38.066 0.651262
38.067 0.644558
38.068 0.637739
38.069 0.630809
38.07 0.623772
38.071 0.616634
38.072 0.609398
38.073 0.60207
38.074 0.594653
38.075 0.587153
38.076 0.579573
38.077 0.57192
38.078 0.564196
38.079 0.556407
38.08 0.548559
38.081 0.540654
38.082 0.532699
38.083 0.524698
38.084 0.516656
38.085 0.508577
38.086 0.500467
38.087 0.49233
38.088 0.484172
38.089 0.475996
38.09 0.467807
38.091 0.459612
38.092 0.451414
38.093 0.443218
38.094 0.435029
38.095 0.426852
38.096 0.418692
38.097 0.410553
38.098 0.40244
38.099 0.394359
38.1 0.386313
38.101 0.378307
38.102 0.370345
38.103 0.362431
38.104 0.354566
38.105 0.346756
38.106 0.339002
38.107 0.331309
38.108 0.32368
38.109 0.316116
38.11 0.308623
38.111 0.301202
38.112 0.293858
38.113 0.286592
38.114 0.279408
38.115 0.272309
38.116 0.265298
38.117 0.258378
38.118 0.251552
38.119 0.244821
38.12 0.23819
38.121 0.231661
38.122 0.225234
38.123 0.218913
38.124 0.212696
38.125 0.206587
38.126 0.200586
38.127 0.194694
38.128 0.188912
38.129 0.183241
38.13 0.177682
38.131 0.172237
38.132 0.166907
38.133 0.161694
38.134 0.156601
38.135 0.15163
38.136 0.146782
38.137 0.142059
38.138 0.137464
38.139 0.132998
38.14 0.128664
38.141 0.124461
38.142 0.120392
38.143 0.116456
38.144 0.112654
38.145 0.108985
38.146 0.105451
38.147 0.10205
38.148 0.0987828
38.149 0.0956496
38.15 0.09265
38.151 0.0897846
38.152 0.0870552
38.153 0.0844641
38.154 0.0820138
38.155 0.0797064
38.156 0.0775443
38.157 0.0755295
38.158 0.0736643
38.159 0.0719506
38.16 0.0703904
38.161 0.0689853
38.162 0.0677361
38.163 0.0666433
38.164 0.0657071
38.165 0.064928
38.166 0.0643061
38.167 0.0638417
38.168 0.0635347
38.169 0.0633852
38.17 0.0633932
38.171 0.0635589
38.172 0.0638832
38.173 0.0643672
38.174 0.065012
38.175 0.0658184
38.176 0.0667876
38.177 0.0679202
38.178 0.0692171
38.179 0.0706791
38.18 0.0723066
38.181 0.0740997
38.182 0.0760567
38.183 0.0781755
38.184 0.0804537
38.185 0.0828888
38.186 0.0854784
38.187 0.08822
38.188 0.0911109
38.189 0.0941486
38.19 0.0973303
38.191 0.100653
38.192 0.104115
38.193 0.107711
38.194 0.111441
38.195 0.1153
38.196 0.119285
38.197 0.123394
38.198 0.127624
38.199 0.13197
38.2 0.13643
38.201 0.141001
38.202 0.145681
38.203 0.150467
38.204 0.155358
38.205 0.160351
38.206 0.165444
38.207 0.170635
38.208 0.175922
38.209 0.181303
38.21 0.186775
38.211 0.192336
38.212 0.197985
38.213 0.203721
38.214 0.209542
38.215 0.215448
38.216 0.221438
38.217 0.227509
38.218 0.233662
38.219 0.239894
38.22 0.246205
38.221 0.252593
38.222 0.259055
38.223 0.265588
38.224 0.272191
38.225 0.278859
38.226 0.285591
38.227 0.292383
38.228 0.299233
38.229 0.306137
38.23 0.313094
38.231 0.320099
38.232 0.327152
38.233 0.33425
38.234 0.341392
38.235 0.348577
38.236 0.355802
38.237 0.363066
38.238 0.370368
38.239 0.377705
38.24 0.385076
38.241 0.392479
38.242 0.399913
38.243 0.407376
38.244 0.414865
38.245 0.42238
38.246 0.429918
38.247 0.437478
38.248 0.445057
38.249 0.452655
38.25 0.460269
38.251 0.467896
38.252 0.475534
38.253 0.483177
38.254 0.490821
38.255 0.498461
38.256 0.506093
38.257 0.513713
38.258 0.521316
38.259 0.528897
38.26 0.536452
38.261 0.543977
38.262 0.551467
38.263 0.558917
38.264 0.566324
38.265 0.573683
38.266 0.58099
38.267 0.58824
38.268 0.59543
38.269 0.602554
38.27 0.609609
38.271 0.61659
38.272 0.623496
38.273 0.630322
38.274 0.637066
38.275 0.643726
38.276 0.650299
38.277 0.656782
38.278 0.663173
38.279 0.669469
38.28 0.675668
38.281 0.681767
38.282 0.687762
38.283 0.693651
38.284 0.699428
38.285 0.705092
38.286 0.710637
38.287 0.716061
38.288 0.721361
38.289 0.726532
38.29 0.731572
38.291 0.736477
38.292 0.741248
38.293 0.745883
38.294 0.750382
38.295 0.754745
38.296 0.758971
38.297 0.763061
38.298 0.767013
38.299 0.770829
38.3 0.774508
38.301 0.77805
38.302 0.781453
38.303 0.784718
38.304 0.787841
38.305 0.790824
38.306 0.793663
38.307 0.79636
38.308 0.798912
38.309 0.801318
38.31 0.803579
38.311 0.805693
38.312 0.807658
38.313 0.809473
38.314 0.811135
38.315 0.812643
38.316 0.813996
38.317 0.81519
38.318 0.816226
38.319 0.8171
38.32 0.817813
38.321 0.818362
38.322 0.818746
38.323 0.818964
38.324 0.819015
38.325 0.818897
38.326 0.81861
38.327 0.818152
38.328 0.817523
38.329 0.816722
38.33 0.815748
38.331 0.8146
38.332 0.813276
38.333 0.811775
38.334 0.810095
38.335 0.808233
38.336 0.806189
38.337 0.803961
38.338 0.801546
38.339 0.798945
38.34 0.796155
38.341 0.793175
38.342 0.790006
38.343 0.786647
38.344 0.783099
38.345 0.779362
38.346 0.775437
38.347 0.771323
38.348 0.767023
38.349 0.762536
38.35 0.757864
38.351 0.753006
38.352 0.747964
38.353 0.742739
38.354 0.737333
38.355 0.731745
38.356 0.725978
38.357 0.720032
38.358 0.71391
38.359 0.707611
38.36 0.701139
38.361 0.694494
38.362 0.68768
38.363 0.680699
38.364 0.673555
38.365 0.66625
38.366 0.658788
38.367 0.651173
38.368 0.643407
38.369 0.635495
38.37 0.627438
38.371 0.619242
38.372 0.610907
38.373 0.602438
38.374 0.593835
38.375 0.585101
38.376 0.576239
38.377 0.567251
38.378 0.55814
38.379 0.548908
38.38 0.539559
38.381 0.530094
38.382 0.520517
38.383 0.510834
38.384 0.501047
38.385 0.491162
38.386 0.481181
38.387 0.471111
38.388 0.460954
38.389 0.450716
38.39 0.4404
38.391 0.430011
38.392 0.41955
38.393 0.409019
38.394 0.398421
38.395 0.387757
38.396 0.377028
38.397 0.366237
38.398 0.355386
38.399 0.344476
38.4 0.333509
38.401 0.322487
38.402 0.311413
38.403 0.300287
38.404 0.289113
38.405 0.277892
38.406 0.266625
38.407 0.255316
38.408 0.243966
38.409 0.232577
38.41 0.221152
38.411 0.209692
38.412 0.198201
38.413 0.186683
38.414 0.17514
38.415 0.163577
38.416 0.151996
38.417 0.140402
38.418 0.128797
38.419 0.117186
38.42 0.105572
38.421 0.0939576
38.422 0.0823473
38.423 0.0707442
38.424 0.059152
38.425 0.047574
38.426 0.0360137
38.427 0.0244746
38.428 0.0129602
38.429 0.00147382
38.43 -0.00998104
38.431 -0.0214007
38.432 -0.0327806
38.433 -0.0441162
38.434 -0.0554027
38.435 -0.0666354
38.436 -0.0778096
38.437 -0.0889209
38.438 -0.0999645
38.439 -0.110936
38.44 -0.121831
38.441 -0.132644
38.442 -0.14337
38.443 -0.154003
38.444 -0.164538
38.445 -0.174968
38.446 -0.185289
38.447 -0.195494
38.448 -0.205578
38.449 -0.215536
38.45 -0.225362
38.451 -0.235051
38.452 -0.244599
38.453 -0.254002
38.454 -0.263256
38.455 -0.272357
38.456 -0.281302
38.457 -0.290087
38.458 -0.298709
38.459 -0.307163
38.46 -0.315448
38.461 -0.323559
38.462 -0.331494
38.463 -0.339252
38.464 -0.346831
38.465 -0.354229
38.466 -0.361444
38.467 -0.368476
38.468 -0.375322
38.469 -0.381982
38.47 -0.388453
38.471 -0.394735
38.472 -0.400827
38.473 -0.406728
38.474 -0.412436
38.475 -0.417951
38.476 -0.423272
38.477 -0.428399
38.478 -0.43333
38.479 -0.438066
38.48 -0.442605
38.481 -0.446947
38.482 -0.451092
38.483 -0.455041
38.484 -0.458792
38.485 -0.462345
38.486 -0.465702
38.487 -0.468861
38.488 -0.471823
38.489 -0.474588
38.49 -0.477157
38.491 -0.47953
38.492 -0.481707
38.493 -0.483685
38.494 -0.485466
38.495 -0.487048
38.496 -0.488431
38.497 -0.489615
38.498 -0.490598
38.499 -0.491382
38.5 -0.491965
38.501 -0.492348
38.502 -0.492531
38.503 -0.492513
38.504 -0.492296
38.505 -0.491879
38.506 -0.491262
38.507 -0.490446
38.508 -0.489432
38.509 -0.48822
38.51 -0.486811
38.511 -0.485205
38.512 -0.483404
38.513 -0.481408
38.514 -0.479219
38.515 -0.476837
38.516 -0.474263
38.517 -0.4715
38.518 -0.468547
38.519 -0.465407
38.52 -0.462081
38.521 -0.458571
38.522 -0.45488
38.523 -0.45101
38.524 -0.446965
38.525 -0.442748
38.526 -0.438361
38.527 -0.43381
38.528 -0.429096
38.529 -0.424224
38.53 -0.419197
38.531 -0.414018
38.532 -0.408691
38.533 -0.40322
38.534 -0.397609
38.535 -0.391861
38.536 -0.385981
38.537 -0.379971
38.538 -0.373837
38.539 -0.367582
38.54 -0.361211
38.541 -0.354726
38.542 -0.348134
38.543 -0.341437
38.544 -0.33464
38.545 -0.327747
38.546 -0.320763
38.547 -0.313692
38.548 -0.306539
38.549 -0.299307
38.55 -0.292001
38.551 -0.284626
38.552 -0.277188
38.553 -0.269692
38.554 -0.262145
38.555 -0.254551
38.556 -0.246918
38.557 -0.239251
38.558 -0.231556
38.559 -0.223839
38.56 -0.216106
38.561 -0.208362
38.562 -0.200611
38.563 -0.192856
38.564 -0.185101
38.565 -0.177349
38.566 -0.169603
38.567 -0.161867
38.568 -0.154143
38.569 -0.146435
38.57 -0.138746
38.571 -0.131079
38.572 -0.123438
38.573 -0.115826
38.574 -0.108245
38.575 -0.100699
38.576 -0.0931915
38.577 -0.0857251
38.578 -0.078303
38.579 -0.0709284
38.58 -0.0636042
38.581 -0.0563332
38.582 -0.0491173
38.583 -0.0419582
38.584 -0.0348576
38.585 -0.0278169
38.586 -0.0208377
38.587 -0.0139216
38.588 -0.00707009
38.589 -0.000284616
38.59 0.00643337
38.591 0.0130825
38.592 0.0196613
38.593 0.0261685
38.594 0.0326027
38.595 0.0389627
38.596 0.0452472
38.597 0.0514549
38.598 0.0575847
38.599 0.0636354
38.6 0.0696059
38.601 0.0754947
38.602 0.0812997
38.603 0.0870187
38.604 0.0926492
38.605 0.098189
38.606 0.103636
38.607 0.108987
38.608 0.114241
38.609 0.119396
38.61 0.124449
38.611 0.129398
38.612 0.134242
38.613 0.138978
38.614 0.143604
38.615 0.148119
38.616 0.152521
38.617 0.156807
38.618 0.160977
38.619 0.165029
38.62 0.16896
38.621 0.17277
38.622 0.176457
38.623 0.180019
38.624 0.183455
38.625 0.186764
38.626 0.189944
38.627 0.192995
38.628 0.195914
38.629 0.198701
38.63 0.201354
38.631 0.203873
38.632 0.206256
38.633 0.208499
38.634 0.210601
38.635 0.21256
38.636 0.214374
38.637 0.21604
38.638 0.217557
38.639 0.218923
38.64 0.220135
38.641 0.221194
38.642 0.222097
38.643 0.222844
38.644 0.223436
38.645 0.223872
38.646 0.224152
38.647 0.224277
38.648 0.224245
38.649 0.224058
38.65 0.223715
38.651 0.223217
38.652 0.222563
38.653 0.221755
38.654 0.220793
38.655 0.219678
38.656 0.218409
38.657 0.216987
38.658 0.215414
38.659 0.213689
38.66 0.211815
38.661 0.209791
38.662 0.207618
38.663 0.205298
38.664 0.202832
38.665 0.200221
38.666 0.197465
38.667 0.194567
38.668 0.191527
38.669 0.188347
38.67 0.185028
38.671 0.181571
38.672 0.177978
38.673 0.174248
38.674 0.170381
38.675 0.166378
38.676 0.162239
38.677 0.157965
38.678 0.153556
38.679 0.149013
38.68 0.144336
38.681 0.139526
38.682 0.134586
38.683 0.129517
38.684 0.124322
38.685 0.119003
38.686 0.113561
38.687 0.108
38.688 0.102322
38.689 0.0965292
38.69 0.0906241
38.691 0.0846094
38.692 0.0784876
38.693 0.0722614
38.694 0.0659334
38.695 0.0595063
38.696 0.0529829
38.697 0.0463659
38.698 0.0396583
38.699 0.0328628
38.7 0.0259823
38.701 0.0190199
38.702 0.0119784
38.703 0.00486082
38.704 -0.00232973
38.705 -0.00959025
38.706 -0.0169177
38.707 -0.0243088
38.708 -0.0317607
38.709 -0.03927
38.71 -0.0468337
38.711 -0.0544481
38.712 -0.0621091
38.713 -0.0698121
38.714 -0.0775525
38.715 -0.0853255
38.716 -0.0931267
38.717 -0.100951
38.718 -0.108795
38.719 -0.116653
38.72 -0.12452
38.721 -0.132392
38.722 -0.140267
38.723 -0.148139
38.724 -0.156007
38.725 -0.163866
38.726 -0.171714
38.727 -0.179547
38.728 -0.187362
38.729 -0.195155
38.73 -0.202924
38.731 -0.210665
38.732 -0.218376
38.733 -0.226052
38.734 -0.23369
38.735 -0.241289
38.736 -0.248843
38.737 -0.256351
38.738 -0.263809
38.739 -0.271213
38.74 -0.278562
38.741 -0.285852
38.742 -0.293079
38.743 -0.300242
38.744 -0.307337
38.745 -0.314361
38.746 -0.321311
38.747 -0.328184
38.748 -0.334978
38.749 -0.34169
38.75 -0.348317
38.751 -0.354857
38.752 -0.361308
38.753 -0.367668
38.754 -0.373938
38.755 -0.380114
38.756 -0.386197
38.757 -0.392185
38.758 -0.398077
38.759 -0.403873
38.76 -0.40957
38.761 -0.415169
38.762 -0.420668
38.763 -0.426066
38.764 -0.431363
38.765 -0.436558
38.766 -0.441649
38.767 -0.446638
38.768 -0.451522
38.769 -0.456301
38.77 -0.460975
38.771 -0.465543
38.772 -0.470002
38.773 -0.474349
38.774 -0.47858
38.775 -0.482694
38.776 -0.486686
38.777 -0.490554
38.778 -0.494296
38.779 -0.497908
38.78 -0.501388
38.781 -0.504733
38.782 -0.507942
38.783 -0.511013
38.784 -0.513946
38.785 -0.516738
38.786 -0.519391
38.787 -0.521901
38.788 -0.524269
38.789 -0.526493
38.79 -0.528574
38.791 -0.530509
38.792 -0.5323
38.793 -0.533948
38.794 -0.535453
38.795 -0.536816
38.796 -0.538039
38.797 -0.539121
38.798 -0.540064
38.799 -0.54087
38.8 -0.541539
38.801 -0.542072
38.802 -0.54247
38.803 -0.542732
38.804 -0.542859
38.805 -0.542851
38.806 -0.542707
38.807 -0.542428
38.808 -0.542015
38.809 -0.541467
38.81 -0.540784
38.811 -0.539969
38.812 -0.539024
38.813 -0.537951
38.814 -0.536754
38.815 -0.535437
38.816 -0.534002
38.817 -0.532454
38.818 -0.530795
38.819 -0.52903
38.82 -0.527161
38.821 -0.525192
38.822 -0.523127
38.823 -0.520966
38.824 -0.518712
38.825 -0.516369
38.826 -0.513937
38.827 -0.51142
38.828 -0.508821
38.829 -0.506141
38.83 -0.503384
38.831 -0.500551
38.832 -0.497646
38.833 -0.494672
38.834 -0.49163
38.835 -0.488524
38.836 -0.485356
38.837 -0.48213
38.838 -0.478847
38.839 -0.475511
38.84 -0.472125
38.841 -0.46869
38.842 -0.46521
38.843 -0.461685
38.844 -0.458116
38.845 -0.454507
38.846 -0.450857
38.847 -0.447169
38.848 -0.443445
38.849 -0.439685
38.85 -0.435892
38.851 -0.432066
38.852 -0.428209
38.853 -0.424321
38.854 -0.420402
38.855 -0.416452
38.856 -0.412472
38.857 -0.408462
38.858 -0.404423
38.859 -0.400354
38.86 -0.396257
38.861 -0.392131
38.862 -0.387979
38.863 -0.383803
38.864 -0.379603
38.865 -0.375382
38.866 -0.371141
38.867 -0.366883
38.868 -0.362609
38.869 -0.358322
38.87 -0.354022
38.871 -0.349711
38.872 -0.345393
38.873 -0.341067
38.874 -0.336737
38.875 -0.332403
38.876 -0.328069
38.877 -0.323735
38.878 -0.319403
38.879 -0.315076
38.88 -0.310755
38.881 -0.306442
38.882 -0.30214
38.883 -0.297853
38.884 -0.293582
38.885 -0.289333
38.886 -0.285107
38.887 -0.280908
38.888 -0.276739
38.889 -0.272602
38.89 -0.268502
38.891 -0.264441
38.892 -0.26042
38.893 -0.256442
38.894 -0.252508
38.895 -0.248619
38.896 -0.244778
38.897 -0.240986
38.898 -0.237244
38.899 -0.233555
38.9 -0.229919
38.901 -0.226338
38.902 -0.222813
38.903 -0.219346
38.904 -0.215939
38.905 -0.212593
38.906 -0.209308
38.907 -0.206087
38.908 -0.202931
38.909 -0.199841
38.91 -0.196818
38.911 -0.193864
38.912 -0.19098
38.913 -0.188166
38.914 -0.185425
38.915 -0.182756
38.916 -0.180162
38.917 -0.177643
38.918 -0.175201
38.919 -0.172836
38.92 -0.170548
38.921 -0.16834
38.922 -0.16621
38.923 -0.164159
38.924 -0.162185
38.925 -0.160288
38.926 -0.158467
38.927 -0.156722
38.928 -0.155053
38.929 -0.153457
38.93 -0.151936
38.931 -0.150487
38.932 -0.149108
38.933 -0.147798
38.934 -0.146555
38.935 -0.145376
38.936 -0.144259
38.937 -0.143201
38.938 -0.142201
38.939 -0.141255
38.94 -0.140363
38.941 -0.13952
38.942 -0.138726
38.943 -0.137977
38.944 -0.137271
38.945 -0.136606
38.946 -0.135979
38.947 -0.135387
38.948 -0.134829
38.949 -0.134302
38.95 -0.133803
38.951 -0.13333
38.952 -0.132882
38.953 -0.132456
38.954 -0.132054
38.955 -0.131672
38.956 -0.13131
38.957 -0.130966
38.958 -0.13064
38.959 -0.13033
38.96 -0.130035
38.961 -0.129753
38.962 -0.129484
38.963 -0.129226
38.964 -0.128978
38.965 -0.128739
38.966 -0.128507
38.967 -0.128281
38.968 -0.128061
38.969 -0.127843
38.97 -0.127628
38.971 -0.127414
38.972 -0.1272
38.973 -0.126985
38.974 -0.126767
38.975 -0.126544
38.976 -0.126317
38.977 -0.126083
38.978 -0.125841
38.979 -0.125591
38.98 -0.12533
38.981 -0.125058
38.982 -0.124773
38.983 -0.124474
38.984 -0.12416
38.985 -0.12383
38.986 -0.123482
38.987 -0.123115
38.988 -0.122729
38.989 -0.122321
38.99 -0.121891
38.991 -0.121437
38.992 -0.120957
38.993 -0.120449
38.994 -0.11991
38.995 -0.119338
38.996 -0.11873
38.997 -0.118083
38.998 -0.117396
38.999 -0.116666
39 -0.11589
39.001 -0.115067
39.002 -0.114195
39.003 -0.113273
39.004 -0.112301
39.005 -0.111277
39.006 -0.110201
39.007 -0.109071
39.008 -0.107887
39.009 -0.106649
39.01 -0.105354
39.011 -0.104002
39.012 -0.102592
39.013 -0.101121
39.014 -0.099587
39.015 -0.0979882
39.016 -0.0963226
39.017 -0.0945881
39.018 -0.0927829
39.019 -0.0909051
39.02 -0.0889526
39.021 -0.0869245
39.022 -0.0848208
39.023 -0.0826426
39.024 -0.0803907
39.025 -0.0780662
39.026 -0.0756702
39.027 -0.0732035
39.028 -0.0706674
39.029 -0.0680629
39.03 -0.0653912
39.031 -0.062653
39.032 -0.0598486
39.033 -0.0569778
39.034 -0.0540404
39.035 -0.0510365
39.036 -0.0479659
39.037 -0.0448286
39.038 -0.0416247
39.039 -0.0383541
39.04 -0.0350169
39.041 -0.0316136
39.042 -0.0281452
39.043 -0.0246133
39.044 -0.0210194
39.045 -0.0173649
39.046 -0.0136515
39.047 -0.00988078
39.048 -0.00605431
39.049 -0.00217375
39.05 0.00175924
39.051 0.00574331
39.052 0.00977778
39.053 0.0138623
39.054 0.0179965
39.055 0.0221799
39.056 0.0264121
39.057 0.0306928
39.058 0.0350214
39.059 0.0393974
39.06 0.0438203
39.061 0.0482897
39.062 0.0528048
39.063 0.0573653
39.064 0.0619705
39.065 0.0666197
39.066 0.0713125
39.067 0.0760481
39.068 0.0808259
39.069 0.0856453
39.07 0.0905055
39.071 0.0954062
39.072 0.100348
39.073 0.105331
39.074 0.110355
39.075 0.115423
39.076 0.120534
39.077 0.125688
39.078 0.130886
39.079 0.136129
39.08 0.141418
39.081 0.146751
39.082 0.152128
39.083 0.157546
39.084 0.163003
39.085 0.168496
39.086 0.174024
39.087 0.179583
39.088 0.185172
39.089 0.190788
39.09 0.196429
39.091 0.202093
39.092 0.207779
39.093 0.213484
39.094 0.21921
39.095 0.224953
39.096 0.230714
39.097 0.236491
39.098 0.242283
39.099 0.248089
39.1 0.253909
39.101 0.259739
39.102 0.265578
39.103 0.27142
39.104 0.277264
39.105 0.283104
39.106 0.288937
39.107 0.29476
39.108 0.300568
39.109 0.306357
39.11 0.312125
39.111 0.317866
39.112 0.32358
39.113 0.329263
39.114 0.334914
39.115 0.340529
39.116 0.346106
39.117 0.351644
39.118 0.357139
39.119 0.36259
39.12 0.367995
39.121 0.37335
39.122 0.378654
39.123 0.383901
39.124 0.389089
39.125 0.394214
39.126 0.399272
39.127 0.404261
39.128 0.409177
39.129 0.414017
39.13 0.418777
39.131 0.423454
39.132 0.428047
39.133 0.432552
39.134 0.43697
39.135 0.441297
39.136 0.445532
39.137 0.449673
39.138 0.45372
39.139 0.457669
39.14 0.46152
39.141 0.46527
39.142 0.46892
39.143 0.472466
39.144 0.475909
39.145 0.479245
39.146 0.482475
39.147 0.485597
39.148 0.488609
39.149 0.491511
39.15 0.494301
39.151 0.496979
39.152 0.499543
39.153 0.501992
39.154 0.504326
39.155 0.506543
39.156 0.508643
39.157 0.510625
39.158 0.512488
39.159 0.514233
39.16 0.515857
39.161 0.517359
39.162 0.518739
39.163 0.519991
39.164 0.521113
39.165 0.522102
39.166 0.522955
39.167 0.523669
39.168 0.524241
39.169 0.524668
39.17 0.524948
39.171 0.525079
39.172 0.525057
39.173 0.524883
39.174 0.524556
39.175 0.524073
39.176 0.523435
39.177 0.52264
39.178 0.521687
39.179 0.520575
39.18 0.519305
39.181 0.517874
39.182 0.516283
39.183 0.514531
39.184 0.512617
39.185 0.510541
39.186 0.508303
39.187 0.505902
39.188 0.503339
39.189 0.500612
39.19 0.497722
39.191 0.494669
39.192 0.491452
39.193 0.488069
39.194 0.48452
39.195 0.480802
39.196 0.476916
39.197 0.47286
39.198 0.468634
39.199 0.464235
39.2 0.459665
39.201 0.454923
39.202 0.450008
39.203 0.444922
39.204 0.439665
39.205 0.43424
39.206 0.428646
39.207 0.422885
39.208 0.416958
39.209 0.410866
39.21 0.404611
39.211 0.398193
39.212 0.391615
39.213 0.384878
39.214 0.377984
39.215 0.370934
39.216 0.363729
39.217 0.356372
39.218 0.348865
39.219 0.341209
39.22 0.333407
39.221 0.32546
39.222 0.317371
39.223 0.309146
39.224 0.300785
39.225 0.292295
39.226 0.283677
39.227 0.274936
39.228 0.266075
39.229 0.257099
39.23 0.248011
39.231 0.238814
39.232 0.229514
39.233 0.220113
39.234 0.210617
39.235 0.201028
39.236 0.191351
39.237 0.18159
39.238 0.171749
39.239 0.161833
39.24 0.151845
39.241 0.14179
39.242 0.131672
39.243 0.121495
39.244 0.111264
39.245 0.100982
39.246 0.0906553
39.247 0.0802868
39.248 0.0698813
39.249 0.0594431
39.25 0.0489765
39.251 0.0384861
39.252 0.0279762
39.253 0.0174512
39.254 0.00691545
39.255 -0.00362652
39.256 -0.0141704
39.257 -0.0247116
39.258 -0.035246
39.259 -0.045769
39.26 -0.0562763
39.261 -0.0667638
39.262 -0.0772281
39.263 -0.0876664
39.264 -0.0980755
39.265 -0.108453
39.266 -0.118794
39.267 -0.129098
39.268 -0.139361
39.269 -0.149581
39.27 -0.159753
39.271 -0.169876
39.272 -0.179946
39.273 -0.189961
39.274 -0.199919
39.275 -0.209815
39.276 -0.219648
39.277 -0.229414
39.278 -0.239112
39.279 -0.248738
39.28 -0.25829
39.281 -0.267765
39.282 -0.277159
39.283 -0.286469
39.284 -0.29569
39.285 -0.304819
39.286 -0.313853
39.287 -0.322786
39.288 -0.331617
39.289 -0.340341
39.29 -0.348954
39.291 -0.357454
39.292 -0.365838
39.293 -0.374104
39.294 -0.38225
39.295 -0.390274
39.296 -0.398174
39.297 -0.405948
39.298 -0.413595
39.299 -0.421112
39.3 -0.428499
39.301 -0.435753
39.302 -0.442873
39.303 -0.449858
39.304 -0.456706
39.305 -0.463415
39.306 -0.469984
39.307 -0.476413
39.308 -0.482699
39.309 -0.488842
39.31 -0.49484
39.311 -0.500694
39.312 -0.506401
39.313 -0.51196
39.314 -0.517372
39.315 -0.522634
39.316 -0.527748
39.317 -0.532711
39.318 -0.537523
39.319 -0.542184
39.32 -0.546694
39.321 -0.551051
39.322 -0.555256
39.323 -0.559309
39.324 -0.563209
39.325 -0.566956
39.326 -0.57055
39.327 -0.573991
39.328 -0.577279
39.329 -0.580414
39.33 -0.583397
39.331 -0.586228
39.332 -0.588907
39.333 -0.591435
39.334 -0.593811
39.335 -0.596037
39.336 -0.598113
39.337 -0.60004
39.338 -0.601819
39.339 -0.603449
39.34 -0.604933
39.341 -0.60627
39.342 -0.607461
39.343 -0.608506
39.344 -0.609403
39.345 -0.610153
39.346 -0.610756
39.347 -0.611211
39.348 -0.611519
39.349 -0.61168
39.35 -0.611693
39.351 -0.611558
39.352 -0.611276
39.353 -0.610844
39.354 -0.610261
39.355 -0.609528
39.356 -0.608642
39.357 -0.607603
39.358 -0.60641
39.359 -0.605063
39.36 -0.603561
39.361 -0.601904
39.362 -0.600092
39.363 -0.598126
39.364 -0.596007
39.365 -0.593737
39.366 -0.591315
39.367 -0.588744
39.368 -0.586025
39.369 -0.583159
39.37 -0.580148
39.371 -0.576992
39.372 -0.573693
39.373 -0.570253
39.374 -0.566674
39.375 -0.562957
39.376 -0.559103
39.377 -0.555115
39.378 -0.550994
39.379 -0.546742
39.38 -0.542361
39.381 -0.537854
39.382 -0.533223
39.383 -0.528472
39.384 -0.523604
39.385 -0.518623
39.386 -0.513532
39.387 -0.508335
39.388 -0.503036
39.389 -0.497638
39.39 -0.492145
39.391 -0.486561
39.392 -0.480889
39.393 -0.475134
39.394 -0.469299
39.395 -0.463388
39.396 -0.457404
39.397 -0.451353
39.398 -0.445238
39.399 -0.439062
39.4 -0.43283
39.401 -0.426546
39.402 -0.420213
39.403 -0.413832
39.404 -0.407408
39.405 -0.400942
39.406 -0.394438
39.407 -0.387898
39.408 -0.381325
39.409 -0.374722
39.41 -0.368092
39.411 -0.361437
39.412 -0.35476
39.413 -0.348064
39.414 -0.341353
39.415 -0.334628
39.416 -0.327892
39.417 -0.321149
39.418 -0.314402
39.419 -0.307652
39.42 -0.300903
39.421 -0.294158
39.422 -0.287418
39.423 -0.280684
39.424 -0.273959
39.425 -0.267244
39.426 -0.260539
39.427 -0.253847
39.428 -0.247169
39.429 -0.240507
39.43 -0.233861
39.431 -0.227234
39.432 -0.220626
39.433 -0.214039
39.434 -0.207475
39.435 -0.200935
39.436 -0.19442
39.437 -0.187932
39.438 -0.181471
39.439 -0.17504
39.44 -0.16864
39.441 -0.162271
39.442 -0.155938
39.443 -0.149641
39.444 -0.143384
39.445 -0.13717
39.446 -0.131001
39.447 -0.124879
39.448 -0.118807
39.449 -0.112788
39.45 -0.106824
39.451 -0.100918
39.452 -0.0950726
39.453 -0.0892927
39.454 -0.0835816
39.455 -0.077943
39.456 -0.0723805
39.457 -0.0668979
39.458 -0.0614987
39.459 -0.0561864
39.46 -0.0509646
39.461 -0.0458368
39.462 -0.0408064
39.463 -0.0358768
39.464 -0.0310513
39.465 -0.0263333
39.466 -0.021726
39.467 -0.0172326
39.468 -0.0128564
39.469 -0.00860037
39.47 -0.00446763
39.471 -0.000460819
39.472 0.00341811
39.473 0.00716763
39.474 0.0107862
39.475 0.0142725
39.476 0.0176251
39.477 0.0208427
39.478 0.0239239
39.479 0.0268677
39.48 0.0296728
39.481 0.0323382
39.482 0.0348628
39.483 0.0372456
39.484 0.0394858
39.485 0.0415826
39.486 0.0435351
39.487 0.0453425
39.488 0.0470044
39.489 0.0485199
39.49 0.0498887
39.491 0.0511108
39.492 0.0521879
39.493 0.0531223
39.494 0.0539165
39.495 0.0545729
39.496 0.055094
39.497 0.0554824
39.498 0.0557407
39.499 0.0558717
39.5 0.055878
39.501 0.0557621
39.502 0.0555257
39.503 0.0551705
39.504 0.054698
39.505 0.0541098
39.506 0.0534076
39.507 0.0525931
39.508 0.0516681
39.509 0.0506344
39.51 0.0494938
39.511 0.0482483
39.512 0.0468998
39.513 0.0454502
39.514 0.0439017
39.515 0.0422561
39.516 0.0405157
39.517 0.0386827
39.518 0.036759
39.519 0.0347471
39.52 0.0326491
39.521 0.030467
39.522 0.028202
39.523 0.0258553
39.524 0.0234278
39.525 0.0209206
39.526 0.0183347
39.527 0.0156714
39.528 0.0129318
39.529 0.010117
39.53 0.00722838
39.531 0.00426706
39.532 0.00123438
39.533 -0.00186835
39.534 -0.00503978
39.535 -0.00827854
39.536 -0.0115832
39.537 -0.0149524
39.538 -0.0183847
39.539 -0.0218786
39.54 -0.0254325
39.541 -0.0290454
39.542 -0.0327166
39.543 -0.036446
39.544 -0.0402333
39.545 -0.0440782
39.546 -0.0479805
39.547 -0.0519398
39.548 -0.0559558
39.549 -0.0600281
39.55 -0.0641564
39.551 -0.0683399
39.552 -0.0725771
39.553 -0.0768663
39.554 -0.0812056
39.555 -0.0855931
39.556 -0.0900271
39.557 -0.0945057
39.558 -0.0990268
39.559 -0.103589
39.56 -0.108189
39.561 -0.112826
39.562 -0.117497
39.563 -0.122198
39.564 -0.126925
39.565 -0.131676
39.566 -0.136448
39.567 -0.141236
39.568 -0.146037
39.569 -0.150848
39.57 -0.155667
39.571 -0.160488
39.572 -0.165309
39.573 -0.170127
39.574 -0.174938
39.575 -0.179739
39.576 -0.184526
39.577 -0.189297
39.578 -0.194047
39.579 -0.198774
39.58 -0.203474
39.581 -0.208144
39.582 -0.212782
39.583 -0.217386
39.584 -0.221954
39.585 -0.226484
39.586 -0.230975
39.587 -0.235424
39.588 -0.239829
39.589 -0.24419
39.59 -0.248503
39.591 -0.252768
39.592 -0.256983
39.593 -0.261145
39.594 -0.265253
39.595 -0.269306
39.596 -0.273302
39.597 -0.277238
39.598 -0.281115
39.599 -0.284929
39.6 -0.28868
39.601 -0.292365
39.602 -0.295986
39.603 -0.299541
39.604 -0.303031
39.605 -0.306455
39.606 -0.309814
39.607 -0.313107
39.608 -0.316335
39.609 -0.319497
39.61 -0.322594
39.611 -0.325625
39.612 -0.32859
39.613 -0.331487
39.614 -0.334316
39.615 -0.337074
39.616 -0.339761
39.617 -0.342376
39.618 -0.344919
39.619 -0.347386
39.62 -0.349779
39.621 -0.352096
39.622 -0.354334
39.623 -0.356491
39.624 -0.358566
39.625 -0.360556
39.626 -0.362458
39.627 -0.364272
39.628 -0.365994
39.629 -0.367624
39.63 -0.369158
39.631 -0.370595
39.632 -0.371931
39.633 -0.373164
39.634 -0.374291
39.635 -0.375308
39.636 -0.376212
39.637 -0.377
39.638 -0.37767
39.639 -0.378218
39.64 -0.378641
39.641 -0.378938
39.642 -0.379106
39.643 -0.379144
39.644 -0.379051
39.645 -0.378825
39.646 -0.378466
39.647 -0.377972
39.648 -0.377343
39.649 -0.376576
39.65 -0.375672
39.651 -0.37463
39.652 -0.373448
39.653 -0.372126
39.654 -0.370663
39.655 -0.369058
39.656 -0.367312
39.657 -0.365423
39.658 -0.363391
39.659 -0.361216
39.66 -0.358896
39.661 -0.356433
39.662 -0.353828
39.663 -0.35108
39.664 -0.348192
39.665 -0.345165
39.666 -0.342
39.667 -0.338699
39.668 -0.335263
39.669 -0.331693
39.67 -0.327992
39.671 -0.324161
39.672 -0.320201
39.673 -0.316114
39.674 -0.311903
39.675 -0.307568
39.676 -0.303113
39.677 -0.298538
39.678 -0.293846
39.679 -0.289039
39.68 -0.284118
39.681 -0.279087
39.682 -0.273947
39.683 -0.268701
39.684 -0.263351
39.685 -0.257898
39.686 -0.252346
39.687 -0.246696
39.688 -0.240952
39.689 -0.235116
39.69 -0.22919
39.691 -0.223176
39.692 -0.217076
39.693 -0.210891
39.694 -0.204623
39.695 -0.198273
39.696 -0.191842
39.697 -0.185332
39.698 -0.178743
39.699 -0.172078
39.7 -0.165338
39.701 -0.158525
39.702 -0.151639
39.703 -0.144683
39.704 -0.137658
39.705 -0.130566
39.706 -0.123409
39.707 -0.116187
39.708 -0.108904
39.709 -0.10156
39.71 -0.0941574
39.711 -0.086698
39.712 -0.0791835
39.713 -0.0716158
39.714 -0.0639967
39.715 -0.0563281
39.716 -0.0486118
39.717 -0.0408499
39.718 -0.0330441
39.719 -0.0251964
39.72 -0.0173089
39.721 -0.00938335
39.722 -0.00142186
39.723 0.00657359
39.724 0.014601
39.725 0.0226583
39.726 0.0307435
39.727 0.0388545
39.728 0.0469893
39.729 0.0551458
39.73 0.063322
39.731 0.071515
39.732 0.0797208
39.733 0.0879346
39.734 0.0961516
39.735 0.104367
39.736 0.112576
39.737 0.120774
39.738 0.128956
39.739 0.137117
39.74 0.145253
39.741 0.153359
39.742 0.161431
39.743 0.169466
39.744 0.177461
39.745 0.185413
39.746 0.193317
39.747 0.201172
39.748 0.208973
39.749 0.216717
39.75 0.224402
39.751 0.232024
39.752 0.239579
39.753 0.247066
39.754 0.25448
39.755 0.261818
39.756 0.269078
39.757 0.276257
39.758 0.283352
39.759 0.290359
39.76 0.297277
39.761 0.304101
39.762 0.31083
39.763 0.31746
39.764 0.323989
39.765 0.330415
39.766 0.336734
39.767 0.342944
39.768 0.349042
39.769 0.355027
39.77 0.360895
39.771 0.366646
39.772 0.372276
39.773 0.377786
39.774 0.383174
39.775 0.388441
39.776 0.393584
39.777 0.398604
39.778 0.403499
39.779 0.408269
39.78 0.412914
39.781 0.417434
39.782 0.421826
39.783 0.426092
39.784 0.430232
39.785 0.434243
39.786 0.438128
39.787 0.441884
39.788 0.445513
39.789 0.449014
39.79 0.452387
39.791 0.455632
39.792 0.458748
39.793 0.461734
39.794 0.464589
39.795 0.467311
39.796 0.4699
39.797 0.472354
39.798 0.474673
39.799 0.476856
39.8 0.478902
39.801 0.48081
39.802 0.48258
39.803 0.484211
39.804 0.485703
39.805 0.487054
39.806 0.488266
39.807 0.489336
39.808 0.490265
39.809 0.491053
39.81 0.491699
39.811 0.492203
39.812 0.492564
39.813 0.492781
39.814 0.492852
39.815 0.492775
39.816 0.49255
39.817 0.492176
39.818 0.491651
39.819 0.490975
39.82 0.490147
39.821 0.489165
39.822 0.488031
39.823 0.486745
39.824 0.485307
39.825 0.483718
39.826 0.48198
39.827 0.480092
39.828 0.478056
39.829 0.475874
39.83 0.473545
39.831 0.471071
39.832 0.468455
39.833 0.465699
39.834 0.462805
39.835 0.459777
39.836 0.456617
39.837 0.453328
39.838 0.449913
39.839 0.446375
39.84 0.442716
39.841 0.438939
39.842 0.435047
39.843 0.43104
39.844 0.426921
39.845 0.422692
39.846 0.418355
39.847 0.413911
39.848 0.409362
39.849 0.40471
39.85 0.399958
39.851 0.395107
39.852 0.39016
39.853 0.385118
39.854 0.379984
39.855 0.374761
39.856 0.36945
39.857 0.364053
39.858 0.358574
39.859 0.353013
39.86 0.347375
39.861 0.34166
39.862 0.335871
39.863 0.330008
39.864 0.324073
39.865 0.318066
39.866 0.31199
39.867 0.305844
39.868 0.299631
39.869 0.293352
39.87 0.287008
39.871 0.2806
39.872 0.274129
39.873 0.267594
39.874 0.260996
39.875 0.254334
39.876 0.247609
39.877 0.240822
39.878 0.233971
39.879 0.227058
39.88 0.220082
39.881 0.213045
39.882 0.205947
39.883 0.19879
39.884 0.191576
39.885 0.184307
39.886 0.176984
39.887 0.169608
39.888 0.162183
39.889 0.154709
39.89 0.147188
39.891 0.139623
39.892 0.132015
39.893 0.124365
39.894 0.116676
39.895 0.10895
39.896 0.101189
39.897 0.0933938
39.898 0.0855671
39.899 0.0777107
39.9 0.0698265
39.901 0.0619169
39.902 0.0539849
39.903 0.0460338
39.904 0.0380668
39.905 0.0300875
39.906 0.0220991
39.907 0.0141049
39.908 0.00610836
39.909 -0.00188725
39.91 -0.00987858
39.911 -0.0178626
39.912 -0.0258371
39.913 -0.0338
39.914 -0.0417493
39.915 -0.0496831
39.916 -0.0575995
39.917 -0.0654965
39.918 -0.0733721
39.919 -0.0812244
39.92 -0.0890516
39.921 -0.0968513
39.922 -0.104621
39.923 -0.112357
39.924 -0.120056
39.925 -0.127715
39.926 -0.135331
39.927 -0.142901
39.928 -0.150421
39.929 -0.157889
39.93 -0.165301
39.931 -0.172655
39.932 -0.179949
39.933 -0.18718
39.934 -0.194348
39.935 -0.201451
39.936 -0.208487
39.937 -0.215454
39.938 -0.222352
39.939 -0.229178
39.94 -0.235932
39.941 -0.242612
39.942 -0.249215
39.943 -0.255742
39.944 -0.262191
39.945 -0.26856
39.946 -0.274849
39.947 -0.281055
39.948 -0.287178
39.949 -0.293217
39.95 -0.299171
39.951 -0.305038
39.952 -0.310816
39.953 -0.316502
39.954 -0.322095
39.955 -0.327593
39.956 -0.332992
39.957 -0.338291
39.958 -0.343488
39.959 -0.34858
39.96 -0.353566
39.961 -0.358444
39.962 -0.363212
39.963 -0.367872
39.964 -0.372421
39.965 -0.376859
39.966 -0.381186
39.967 -0.385402
39.968 -0.389507
39.969 -0.393499
39.97 -0.397379
39.971 -0.401147
39.972 -0.404803
39.973 -0.408345
39.974 -0.411776
39.975 -0.415093
39.976 -0.418299
39.977 -0.421392
39.978 -0.424372
39.979 -0.427241
39.98 -0.429997
39.981 -0.432643
39.982 -0.435177
39.983 -0.4376
39.984 -0.439913
39.985 -0.442117
39.986 -0.44421
39.987 -0.446196
39.988 -0.448073
39.989 -0.449843
39.99 -0.451506
39.991 -0.453062
39.992 -0.454513
39.993 -0.455856
39.994 -0.457092
39.995 -0.458219
39.996 -0.459239
39.997 -0.46015
39.998 -0.460952
39.999 -0.461645
40 -0.462228
40.001 -0.462703
40.002 -0.463069
40.003 -0.463328
40.004 -0.463482
40.005 -0.463532
40.006 -0.463479
40.007 -0.463324
40.008 -0.46307
40.009 -0.462718
40.01 -0.462269
40.011 -0.461725
40.012 -0.461088
40.013 -0.460359
40.014 -0.45954
40.015 -0.458633
40.016 -0.45764
40.017 -0.456563
40.018 -0.455403
40.019 -0.454162
40.02 -0.452843
40.021 -0.451448
40.022 -0.449979
40.023 -0.44844
40.024 -0.446835
40.025 -0.445167
40.026 -0.443439
40.027 -0.441656
40.028 -0.439819
40.029 -0.437934
40.03 -0.436003
40.031 -0.43403
40.032 -0.432018
40.033 -0.429968
40.034 -0.427883
40.035 -0.425765
40.036 -0.423616
40.037 -0.42144
40.038 -0.419237
40.039 -0.41701
40.04 -0.414763
40.041 -0.412496
40.042 -0.41021
40.043 -0.407908
40.044 -0.40559
40.045 -0.403257
40.046 -0.40091
40.047 -0.398549
40.048 -0.396177
40.049 -0.393794
40.05 -0.391401
40.051 -0.388999
40.052 -0.386589
40.053 -0.384172
40.054 -0.381749
40.055 -0.379322
40.056 -0.37689
40.057 -0.374456
40.058 -0.372021
40.059 -0.369584
40.06 -0.367148
40.061 -0.364714
40.062 -0.36228
40.063 -0.359847
40.064 -0.357414
40.065 -0.354982
40.066 -0.35255
40.067 -0.350117
40.068 -0.347683
40.069 -0.345248
40.07 -0.342811
40.071 -0.340373
40.072 -0.337935
40.073 -0.335496
40.074 -0.333059
40.075 -0.330625
40.076 -0.328193
40.077 -0.325766
40.078 -0.323345
40.079 -0.32093
40.08 -0.318522
40.081 -0.316123
40.082 -0.313733
40.083 -0.311354
40.084 -0.308986
40.085 -0.306631
40.086 -0.30429
40.087 -0.301962
40.088 -0.29965
40.089 -0.297355
40.09 -0.295077
40.091 -0.292817
40.092 -0.290576
40.093 -0.288356
40.094 -0.286157
40.095 -0.283979
40.096 -0.281825
40.097 -0.279694
40.098 -0.277589
40.099 -0.275508
40.1 -0.273454
40.101 -0.271428
40.102 -0.269431
40.103 -0.267466
40.104 -0.265535
40.105 -0.26364
40.106 -0.261782
40.107 -0.259965
40.108 -0.25819
40.109 -0.25646
40.11 -0.254776
40.111 -0.25314
40.112 -0.251554
40.113 -0.250017
40.114 -0.24853
40.115 -0.247095
40.116 -0.24571
40.117 -0.244379
40.118 -0.243099
40.119 -0.241873
40.12 -0.2407
40.121 -0.239582
40.122 -0.238516
40.123 -0.237503
40.124 -0.236541
40.125 -0.235629
40.126 -0.234766
40.127 -0.233952
40.128 -0.233185
40.129 -0.232464
40.13 -0.231788
40.131 -0.231157
40.132 -0.230568
40.133 -0.230021
40.134 -0.229515
40.135 -0.229048
40.136 -0.228619
40.137 -0.228227
40.138 -0.227872
40.139 -0.227551
40.14 -0.227263
40.141 -0.227007
40.142 -0.226781
40.143 -0.226581
40.144 -0.226406
40.145 -0.226253
40.146 -0.226118
40.147 -0.226
40.148 -0.225895
40.149 -0.225802
40.15 -0.225717
40.151 -0.225638
40.152 -0.225563
40.153 -0.225491
40.154 -0.22542
40.155 -0.22535
40.156 -0.22528
40.157 -0.225206
40.158 -0.22513
40.159 -0.225048
40.16 -0.22496
40.161 -0.224865
40.162 -0.224762
40.163 -0.224652
40.164 -0.224535
40.165 -0.22441
40.166 -0.224278
40.167 -0.224139
40.168 -0.223992
40.169 -0.223839
40.17 -0.223678
40.171 -0.223511
40.172 -0.223336
40.173 -0.223155
40.174 -0.222968
40.175 -0.222773
40.176 -0.222572
40.177 -0.222365
40.178 -0.222151
40.179 -0.221931
40.18 -0.221705
40.181 -0.221473
40.182 -0.221235
40.183 -0.220992
40.184 -0.220742
40.185 -0.220487
40.186 -0.220226
40.187 -0.21996
40.188 -0.219689
40.189 -0.219413
40.19 -0.219131
40.191 -0.218845
40.192 -0.218552
40.193 -0.218252
40.194 -0.217943
40.195 -0.217625
40.196 -0.217295
40.197 -0.216954
40.198 -0.216599
40.199 -0.216229
40.2 -0.215843
40.201 -0.215441
40.202 -0.215021
40.203 -0.214581
40.204 -0.214121
40.205 -0.213639
40.206 -0.213134
40.207 -0.212606
40.208 -0.212052
40.209 -0.211473
40.21 -0.210866
40.211 -0.210231
40.212 -0.209567
40.213 -0.208872
40.214 -0.208146
40.215 -0.207388
40.216 -0.206596
40.217 -0.20577
40.218 -0.204908
40.219 -0.20401
40.22 -0.203074
40.221 -0.2021
40.222 -0.201089
40.223 -0.20004
40.224 -0.198954
40.225 -0.197832
40.226 -0.196674
40.227 -0.19548
40.228 -0.194251
40.229 -0.192988
40.23 -0.191691
40.231 -0.190361
40.232 -0.188996
40.233 -0.187597
40.234 -0.186162
40.235 -0.18469
40.236 -0.183182
40.237 -0.181636
40.238 -0.180052
40.239 -0.178428
40.24 -0.176765
40.241 -0.175062
40.242 -0.173319
40.243 -0.171537
40.244 -0.169718
40.245 -0.167861
40.246 -0.165967
40.247 -0.164038
40.248 -0.162074
40.249 -0.160076
40.25 -0.158045
40.251 -0.155981
40.252 -0.153886
40.253 -0.151761
40.254 -0.149606
40.255 -0.147423
40.256 -0.145212
40.257 -0.142974
40.258 -0.14071
40.259 -0.138421
40.26 -0.136109
40.261 -0.133773
40.262 -0.131414
40.263 -0.129031
40.264 -0.126624
40.265 -0.124193
40.266 -0.121738
40.267 -0.119257
40.268 -0.116752
40.269 -0.11422
40.27 -0.111664
40.271 -0.109081
40.272 -0.106473
40.273 -0.103842
40.274 -0.101187
40.275 -0.0985116
40.276 -0.0958152
40.277 -0.0930995
40.278 -0.0903657
40.279 -0.0876148
40.28 -0.084848
40.281 -0.0820666
40.282 -0.0792716
40.283 -0.0764643
40.284 -0.0736458
40.285 -0.0708173
40.286 -0.06798
40.287 -0.0651351
40.288 -0.0622838
40.289 -0.0594273
40.29 -0.0565668
40.291 -0.0537038
40.292 -0.0508405
40.293 -0.0479796
40.294 -0.0451235
40.295 -0.0422748
40.296 -0.039436
40.297 -0.0366097
40.298 -0.0337984
40.299 -0.0310046
40.3 -0.0282308
40.301 -0.0254796
40.302 -0.0227534
40.303 -0.0200546
40.304 -0.0173859
40.305 -0.0147496
40.306 -0.0121481
40.307 -0.0095839
40.308 -0.00705938
40.309 -0.00457693
40.31 -0.0021389
40.311 0.000252355
40.312 0.00259451
40.313 0.00488527
40.314 0.00712234
40.315 0.00930347
40.316 0.0114264
40.317 0.013489
40.318 0.015489
40.319 0.0174243
40.32 0.0192927
40.321 0.0210926
40.322 0.0228228
40.323 0.0244827
40.324 0.0260717
40.325 0.027589
40.326 0.0290342
40.327 0.0304066
40.328 0.0317058
40.329 0.0329312
40.33 0.0340823
40.331 0.0351588
40.332 0.0361602
40.333 0.0370862
40.334 0.0379363
40.335 0.0387104
40.336 0.0394081
40.337 0.0400292
40.338 0.0405735
40.339 0.0410407
40.34 0.0414308
40.341 0.0417436
40.342 0.0419791
40.343 0.0421371
40.344 0.0422178
40.345 0.042221
40.346 0.0421468
40.347 0.0419954
40.348 0.0417668
40.349 0.0414612
40.35 0.0410787
40.351 0.0406192
40.352 0.040082
40.353 0.0394659
40.354 0.0387699
40.355 0.0379931
40.356 0.0371343
40.357 0.0361927
40.358 0.0351674
40.359 0.0340575
40.36 0.0328621
40.361 0.0315806
40.362 0.030212
40.363 0.0287557
40.364 0.0272109
40.365 0.0255771
40.366 0.0238536
40.367 0.0220398
40.368 0.0201352
40.369 0.0181392
40.37 0.0160516
40.371 0.013872
40.372 0.0116013
40.373 0.00924035
40.374 0.00679024
40.375 0.00425205
40.376 0.00162687
40.377 -0.00108412
40.378 -0.00387977
40.379 -0.00675883
40.38 -0.00972005
40.381 -0.0127621
40.382 -0.0158838
40.383 -0.0190836
40.384 -0.0223602
40.385 -0.0257121
40.386 -0.029138
40.387 -0.0326363
40.388 -0.0362056
40.389 -0.0398442
40.39 -0.0435507
40.391 -0.0473232
40.392 -0.0511589
40.393 -0.0550548
40.394 -0.0590081
40.395 -0.0630155
40.396 -0.067074
40.397 -0.0711806
40.398 -0.0753321
40.399 -0.0795255
40.4 -0.0837576
40.401 -0.0880252
40.402 -0.0923252
40.403 -0.0966545
40.404 -0.10101
40.405 -0.105388
40.406 -0.109786
40.407 -0.1142
40.408 -0.118627
40.409 -0.123065
40.41 -0.127509
40.411 -0.131957
40.412 -0.136405
40.413 -0.14085
40.414 -0.145289
40.415 -0.149719
40.416 -0.154137
40.417 -0.158538
40.418 -0.162921
40.419 -0.167282
40.42 -0.171618
40.421 -0.175926
40.422 -0.180203
40.423 -0.184449
40.424 -0.188661
40.425 -0.192838
40.426 -0.196977
40.427 -0.201078
40.428 -0.205138
40.429 -0.209156
40.43 -0.21313
40.431 -0.217059
40.432 -0.220939
40.433 -0.224767
40.434 -0.228542
40.435 -0.232259
40.436 -0.235916
40.437 -0.23951
40.438 -0.243038
40.439 -0.246498
40.44 -0.249887
40.441 -0.253201
40.442 -0.256439
40.443 -0.259598
40.444 -0.262674
40.445 -0.265667
40.446 -0.268572
40.447 -0.271387
40.448 -0.27411
40.449 -0.276739
40.45 -0.279271
40.451 -0.281704
40.452 -0.284033
40.453 -0.286256
40.454 -0.288369
40.455 -0.290369
40.456 -0.292251
40.457 -0.294013
40.458 -0.295651
40.459 -0.297162
40.46 -0.298542
40.461 -0.299789
40.462 -0.3009
40.463 -0.30187
40.464 -0.302698
40.465 -0.303379
40.466 -0.303913
40.467 -0.304294
40.468 -0.304522
40.469 -0.304592
40.47 -0.304503
40.471 -0.304252
40.472 -0.303837
40.473 -0.303258
40.474 -0.302514
40.475 -0.301604
40.476 -0.300526
40.477 -0.29928
40.478 -0.297866
40.479 -0.296282
40.48 -0.294529
40.481 -0.292605
40.482 -0.290512
40.483 -0.28825
40.484 -0.285821
40.485 -0.283225
40.486 -0.280465
40.487 -0.27754
40.488 -0.274453
40.489 -0.271205
40.49 -0.267797
40.491 -0.264231
40.492 -0.260508
40.493 -0.25663
40.494 -0.2526
40.495 -0.248418
40.496 -0.244086
40.497 -0.239607
40.498 -0.234982
40.499 -0.230213
40.5 -0.225303
40.501 -0.220253
40.502 -0.215067
40.503 -0.209745
40.504 -0.204291
40.505 -0.198706
40.506 -0.192994
40.507 -0.187156
40.508 -0.181196
40.509 -0.175115
40.51 -0.168916
40.511 -0.162603
40.512 -0.156177
40.513 -0.149642
40.514 -0.143
40.515 -0.136254
40.516 -0.129408
40.517 -0.122463
40.518 -0.115423
40.519 -0.108291
40.52 -0.101071
40.521 -0.0937634
40.522 -0.0863721
40.523 -0.0788985
40.524 -0.0713442
40.525 -0.0637113
40.526 -0.0560016
40.527 -0.048217
40.528 -0.0403595
40.529 -0.032431
40.53 -0.0244335
40.531 -0.0163691
40.532 -0.00823987
40.533 -4.7851e-05
40.534 0.00820481
40.535 0.016516
40.536 0.0248835
40.537 0.0333052
40.538 0.0417788
40.539 0.0503022
40.54 0.0588731
40.541 0.0674896
40.542 0.0761503
40.543 0.0848545
40.544 0.0936011
40.545 0.102389
40.546 0.111218
40.547 0.120086
40.548 0.128992
40.549 0.137936
40.55 0.146916
40.551 0.15593
40.552 0.164978
40.553 0.174056
40.554 0.183162
40.555 0.192293
40.556 0.201448
40.557 0.210623
40.558 0.219815
40.559 0.229024
40.56 0.238245
40.561 0.247477
40.562 0.256717
40.563 0.265962
40.564 0.27521
40.565 0.284459
40.566 0.293705
40.567 0.302947
40.568 0.312182
40.569 0.321408
40.57 0.330621
40.571 0.33982
40.572 0.349002
40.573 0.358165
40.574 0.367306
40.575 0.376422
40.576 0.385512
40.577 0.394573
40.578 0.403602
40.579 0.412597
40.58 0.421556
40.581 0.430477
40.582 0.439356
40.583 0.448193
40.584 0.456984
40.585 0.465727
40.586 0.474421
40.587 0.483062
40.588 0.491649
40.589 0.500179
40.59 0.508651
40.591 0.517062
40.592 0.525412
40.593 0.5337
40.594 0.541925
40.595 0.550086
40.596 0.558184
40.597 0.566217
40.598 0.574185
40.599 0.582087
40.6 0.589923
40.601 0.597692
40.602 0.605393
40.603 0.613024
40.604 0.620582
40.605 0.628068
40.606 0.635478
40.607 0.642812
40.608 0.650067
40.609 0.657242
40.61 0.664336
40.611 0.671347
40.612 0.678274
40.613 0.685116
40.614 0.69187
40.615 0.698536
40.616 0.705113
40.617 0.711599
40.618 0.717993
40.619 0.724294
40.62 0.7305
40.621 0.736612
40.622 0.742625
40.623 0.748539
40.624 0.75435
40.625 0.760058
40.626 0.765658
40.627 0.77115
40.628 0.776531
40.629 0.781799
40.63 0.786953
40.631 0.79199
40.632 0.79691
40.633 0.801712
40.634 0.806396
40.635 0.810961
40.636 0.815408
40.637 0.819735
40.638 0.823943
40.639 0.828032
40.64 0.832001
40.641 0.835851
40.642 0.83958
40.643 0.843191
40.644 0.846681
40.645 0.850053
40.646 0.853305
40.647 0.856438
40.648 0.859453
40.649 0.862349
40.65 0.865128
40.651 0.867789
40.652 0.870331
40.653 0.872755
40.654 0.875058
40.655 0.877242
40.656 0.879304
40.657 0.881244
40.658 0.883062
40.659 0.884757
40.66 0.886329
40.661 0.887778
40.662 0.889102
40.663 0.890303
40.664 0.891378
40.665 0.89233
40.666 0.893156
40.667 0.893858
40.668 0.894435
40.669 0.894887
40.67 0.895214
40.671 0.895416
40.672 0.895495
40.673 0.895449
40.674 0.895279
40.675 0.894985
40.676 0.894569
40.677 0.894029
40.678 0.893368
40.679 0.892584
40.68 0.89168
40.681 0.890655
40.682 0.88951
40.683 0.888246
40.684 0.886864
40.685 0.885364
40.686 0.883748
40.687 0.882016
40.688 0.88017
40.689 0.87821
40.69 0.876137
40.691 0.873953
40.692 0.87166
40.693 0.869261
40.694 0.866758
40.695 0.864153
40.696 0.86145
40.697 0.858651
40.698 0.855759
40.699 0.852777
40.7 0.849707
40.701 0.846552
40.702 0.843314
40.703 0.839994
40.704 0.836595
40.705 0.833116
40.706 0.829561
40.707 0.825931
40.708 0.822228
40.709 0.818453
40.71 0.814608
40.711 0.810695
40.712 0.806715
40.713 0.802671
40.714 0.798564
40.715 0.794397
40.716 0.790171
40.717 0.785888
40.718 0.781549
40.719 0.777158
40.72 0.772716
40.721 0.768224
40.722 0.763686
40.723 0.759102
40.724 0.754476
40.725 0.749808
40.726 0.745102
40.727 0.740359
40.728 0.735581
40.729 0.730771
40.73 0.72593
40.731 0.721061
40.732 0.716164
40.733 0.711241
40.734 0.706291
40.735 0.701317
40.736 0.696318
40.737 0.691295
40.738 0.686251
40.739 0.681184
40.74 0.676096
40.741 0.670989
40.742 0.665864
40.743 0.660723
40.744 0.655568
40.745 0.650403
40.746 0.645228
40.747 0.640047
40.748 0.634861
40.749 0.629673
40.75 0.624485
40.751 0.619299
40.752 0.614118
40.753 0.608943
40.754 0.603777
40.755 0.598621
40.756 0.593479
40.757 0.588353
40.758 0.583244
40.759 0.578154
40.76 0.573087
40.761 0.568043
40.762 0.563024
40.763 0.558031
40.764 0.553063
40.765 0.548123
40.766 0.543211
40.767 0.538327
40.768 0.533473
40.769 0.528648
40.77 0.523854
40.771 0.519091
40.772 0.514362
40.773 0.509667
40.774 0.50501
40.775 0.500392
40.776 0.495816
40.777 0.491282
40.778 0.486793
40.779 0.48235
40.78 0.477957
40.781 0.473613
40.782 0.469322
40.783 0.465085
40.784 0.460903
40.785 0.456779
40.786 0.452715
40.787 0.448711
40.788 0.444769
40.789 0.440892
40.79 0.43708
40.791 0.433336
40.792 0.429661
40.793 0.426056
40.794 0.422522
40.795 0.419062
40.796 0.415677
40.797 0.412367
40.798 0.409136
40.799 0.405982
40.8 0.402909
40.801 0.399917
40.802 0.397006
40.803 0.394175
40.804 0.391426
40.805 0.388757
40.806 0.386168
40.807 0.383659
40.808 0.381229
40.809 0.378879
40.81 0.376607
40.811 0.374414
40.812 0.372298
40.813 0.37026
40.814 0.368299
40.815 0.366413
40.816 0.364604
40.817 0.362869
40.818 0.361208
40.819 0.359621
40.82 0.358107
40.821 0.356666
40.822 0.355297
40.823 0.354001
40.824 0.352779
40.825 0.351631
40.826 0.350557
40.827 0.349559
40.828 0.348636
40.829 0.347789
40.83 0.347018
40.831 0.346322
40.832 0.345702
40.833 0.345156
40.834 0.344683
40.835 0.344282
40.836 0.343951
40.837 0.34369
40.838 0.343496
40.839 0.343369
40.84 0.343307
40.841 0.34331
40.842 0.343376
40.843 0.343507
40.844 0.343701
40.845 0.343959
40.846 0.34428
40.847 0.344664
40.848 0.345112
40.849 0.345623
40.85 0.346196
40.851 0.346832
40.852 0.347532
40.853 0.348296
40.854 0.349125
40.855 0.350021
40.856 0.350984
40.857 0.352016
40.858 0.353117
40.859 0.354287
40.86 0.355529
40.861 0.356842
40.862 0.358226
40.863 0.359681
40.864 0.361205
40.865 0.362799
40.866 0.364461
40.867 0.36619
40.868 0.367987
40.869 0.36985
40.87 0.371778
40.871 0.37377
40.872 0.375825
40.873 0.377939
40.874 0.380112
40.875 0.38234
40.876 0.384621
40.877 0.386953
40.878 0.389333
40.879 0.391759
40.88 0.39423
40.881 0.396741
40.882 0.399291
40.883 0.401878
40.884 0.404499
40.885 0.407151
40.886 0.409833
40.887 0.412541
40.888 0.415273
40.889 0.418027
40.89 0.4208
40.891 0.423589
40.892 0.426394
40.893 0.429214
40.894 0.432046
40.895 0.43489
40.896 0.437745
40.897 0.44061
40.898 0.443483
40.899 0.446362
40.9 0.449248
40.901 0.452138
40.902 0.455029
40.903 0.457916
40.904 0.460797
40.905 0.463666
40.906 0.466521
40.907 0.469357
40.908 0.472171
40.909 0.474958
40.91 0.477715
40.911 0.480439
40.912 0.483126
40.913 0.485774
40.914 0.48838
40.915 0.490943
40.916 0.49346
40.917 0.495928
40.918 0.498345
40.919 0.50071
40.92 0.503018
40.921 0.50527
40.922 0.507461
40.923 0.50959
40.924 0.511655
40.925 0.513653
40.926 0.515582
40.927 0.517441
40.928 0.519227
40.929 0.520939
40.93 0.522573
40.931 0.524129
40.932 0.525606
40.933 0.527003
40.934 0.528319
40.935 0.529554
40.936 0.530709
40.937 0.531781
40.938 0.532771
40.939 0.533679
40.94 0.534504
40.941 0.535246
40.942 0.535903
40.943 0.536474
40.944 0.536957
40.945 0.537351
40.946 0.537654
40.947 0.537866
40.948 0.537984
40.949 0.538007
40.95 0.537935
40.951 0.537738
40.952 0.537364
40.953 0.536784
40.954 0.535999
40.955 0.535011
40.956 0.533819
40.957 0.532424
40.958 0.530826
40.959 0.529028
40.96 0.527029
